"id","component_file","source_line","source_column","interaction_kind","http_method","endpoint_pattern","source_signals","test_evidence","confidence","route_patterns","route_count"
"1ac0b55f6eddaa2d","src/app/account/update-password/UpdatePasswordView.tsx","26","30","http_request","POST","/api/auth/update-password","fetch(""/api/auth/update-password"", { method: ""POST"", headers: { ""Content-Type"": ""application/json"" }, body: JSON.stringify({ password }), })","source_only","high","/account/update-password","1"
"27f64564b8a98620","src/app/account/update-password/UpdatePasswordView.tsx","55","9","form_submit","POST","handler","<form onSubmit={submit} className=""mt-6 space-y-4"">","source_only","medium","/account/update-password","1"
"a3f23f849ad43adc","src/app/admin/page.tsx","186","15","ui_change","","","onChange={(event) => setPeriod(event.target.value as AnalyticsPeriod)}","source_only","medium","/admin","1"
"54dc9d8ecd322da6","src/app/profile/bookings/page.tsx","226","9","data_mutation","DELETE","supabase_or_repository","next.delete(requestId)","source_only","medium","/profile/bookings","1"
"5a2a6a2f2163b2e0","src/app/profile/bookings/page.tsx","263","11","ui_click","","","onClick={() => setTab(""bookings"")}","source_only","medium","/profile/bookings","1"
"9a731015bca00b52","src/app/profile/bookings/page.tsx","274","11","ui_click","","","onClick={() => setTab(""waitlist"")}","source_only","medium","/profile/bookings","1"
"86772e21c5a06fab","src/app/profile/bookings/page.tsx","366","29","ui_click","","","onClick={() => handleCancel(booking.id)}","source_only","medium","/profile/bookings","1"
"33d8d3a4562ea933","src/app/profile/bookings/page.tsx","461","17","ui_click","","","onClick={() => void refreshAllYouTravelRequests()}","source_only","medium","/profile/bookings","1"
"1a46758bd4757283","src/app/profile/bookings/page.tsx","551","23","ui_click","","","onClick={() => void refreshYouTravelRequest(request.id)}","source_only","medium","/profile/bookings","1"
"1d28565433359d9f","src/app/profile/reviews/page.tsx","64","29","http_request","GET","/api/reviews","fetch(""/api/reviews"")","source_only","high","/profile/reviews","1"
"633452316c9bb0cd","src/app/profile/reviews/page.tsx","93","27","http_request","GET","/api/reviews","fetch(""/api/reviews"")","source_only","high","/profile/reviews","1"
"c726fed765dfe481","src/app/profile/reviews/page.tsx","172","21","ui_click","","","onClick={() => void handleSubmit(review.id)}","source_only","medium","/profile/reviews","1"
"f8465fc46c7d96fb","src/app/profile/settings/page.tsx","84","7","ui_click","","","onClick={onClick}","source_only","medium","/profile/settings","1"
"23989903939f22e3","src/app/profile/settings/page.tsx","243","7","form_submit","POST","handler","<form onSubmit={handleSubmit} className={cabinetPanelClass} >","source_only","medium","/profile/settings","1"
"a6e720bf3732e4d6","src/app/profile/settings/page.tsx","263","21","ui_change","","","onChange={(event) => handleAvatarSelect(event.target.files?.[0] ?? null)}","source_only","medium","/profile/settings","1"
"1edd2859f244fc8f","src/app/profile/settings/page.tsx","268","23","ui_click","","","onClick={() => fileInputRef.current?.click()}","source_only","medium","/profile/settings","1"
"a0b01f884296ace9","src/app/profile/settings/page.tsx","277","25","ui_click","","","onClick={handleAvatarRemove}","source_only","medium","/profile/settings","1"
"9ded9f88d20146b8","src/app/profile/settings/page.tsx","293","25","ui_change","","","onChange={(event) => { setFirstName(event.target.value); setSaved(false); }}","source_only","medium","/profile/settings","1"
"76b9db34c4a3e7b2","src/app/profile/settings/page.tsx","305","25","ui_change","","","onChange={(event) => { setLastName(event.target.value); setSaved(false); }}","source_only","medium","/profile/settings","1"
"730a8f0cadc72260","src/app/profile/settings/page.tsx","319","23","ui_change","","","onChange={(nextDate) => { setDateOfBirth(nextDate); setSaved(false); }}","source_only","medium","/profile/settings","1"
"cb05faed07777007","src/app/profile/settings/page.tsx","348","21","ui_change","","","onChange={(event) => { setPhone(formatPhoneInput(event.target.value)); setSaved(false); }}","source_only","medium","/profile/settings","1"
"8c445f156726eeb0","src/app/profile/settings/page.tsx","364","19","ui_change","","","onChange={(event) => { setEmail(event.target.value); setSaved(false); }}","source_only","medium","/profile/settings","1"
"38725e8a9273faac","src/app/profile/settings/page.tsx","389","21","ui_change","","","onChange={(event) => { setCountry(event.target.value); setSaved(false); }}","source_only","medium","/profile/settings","1"
"76e147e68b081f8a","src/app/profile/settings/page.tsx","440","15","ui_click","","","onClick={() => { logout(); router.push(""/""); }}","source_only","medium","/profile/settings","1"
"011aec4ae974e70e","src/app/profile/settings/page.tsx","442","17","client_navigation","","/","router.push(""/"")","source_only","high","/profile/settings","1"
"daaa90ca60e4f114","src/components/admin/AdminCommandPalette.tsx","72","15","client_navigation","","dynamic","router.push(href)","source_only","medium","/admin|/admin/analytics|/admin/analytics/funnels|/admin/content-freshness|/admin/content/documents|/admin/content/documents/[id]|/admin/content/documents/[id]/preview|/admin/content/forum|/admin/content/knowledge|/admin/content/map|/admin/content/shop|/admin/content/social-feed|…","51"
"0d2e896c7d7c5dd3","src/components/admin/AdminCommandPalette.tsx","160","15","ui_change","","","onChange={(event) => setQuery(event.target.value)}","source_only","medium","/admin|/admin/analytics|/admin/analytics/funnels|/admin/content-freshness|/admin/content/documents|/admin/content/documents/[id]|/admin/content/documents/[id]/preview|/admin/content/forum|/admin/content/knowledge|/admin/content/map|/admin/content/shop|/admin/content/social-feed|…","51"
"25d25135feb857c1","src/components/admin/AdminCommandPalette.tsx","161","15","ui_keydown","","","onKeyDown={onInputKeyDown}","source_only","medium","/admin|/admin/analytics|/admin/analytics/funnels|/admin/content-freshness|/admin/content/documents|/admin/content/documents/[id]|/admin/content/documents/[id]/preview|/admin/content/forum|/admin/content/knowledge|/admin/content/map|/admin/content/shop|/admin/content/social-feed|…","51"
"bd955e4c09689afe","src/components/admin/AdminCommandPalette.tsx","187","17","ui_click","","","onClick={() => navigate(item.href)}","source_only","medium","/admin|/admin/analytics|/admin/analytics/funnels|/admin/content-freshness|/admin/content/documents|/admin/content/documents/[id]|/admin/content/documents/[id]/preview|/admin/content/forum|/admin/content/knowledge|/admin/content/map|/admin/content/shop|/admin/content/social-feed|…","51"
"3e05c394028daa3f","src/components/admin/AdminLayoutControls.tsx","25","7","ui_click","","","onClick={onClick}","source_only","medium","/admin|/admin/analytics|/admin/analytics/funnels|/admin/content-freshness|/admin/content/documents|/admin/content/documents/[id]|/admin/content/documents/[id]/preview|/admin/content/forum|/admin/content/knowledge|/admin/content/map|/admin/content/shop|/admin/content/social-feed|…","51"
"d2c4993119e0f146","src/components/admin/AdminLayoutControls.tsx","47","7","ui_click","","","onClick={toggleDenseTables}","source_only","medium","/admin|/admin/analytics|/admin/analytics/funnels|/admin/content-freshness|/admin/content/documents|/admin/content/documents/[id]|/admin/content/documents/[id]/preview|/admin/content/forum|/admin/content/knowledge|/admin/content/map|/admin/content/shop|/admin/content/social-feed|…","51"
"213ea0a67d47b828","src/components/admin/AdminLayoutControls.tsx","61","7","ui_click","","","onClick={toggleDarkSidebar}","source_only","medium","/admin|/admin/analytics|/admin/analytics/funnels|/admin/content-freshness|/admin/content/documents|/admin/content/documents/[id]|/admin/content/documents/[id]/preview|/admin/content/forum|/admin/content/knowledge|/admin/content/map|/admin/content/shop|/admin/content/social-feed|…","51"
"a0c3f9ac2708ba9b","src/components/admin/AdminLayoutControls.tsx","75","7","ui_click","","","onClick={toggleSimpleNavigation}","source_only","medium","/admin|/admin/analytics|/admin/analytics/funnels|/admin/content-freshness|/admin/content/documents|/admin/content/documents/[id]|/admin/content/documents/[id]/preview|/admin/content/forum|/admin/content/knowledge|/admin/content/map|/admin/content/shop|/admin/content/social-feed|…","51"
"8c85e64d46f76f22","src/components/admin/AdminLayoutControls.tsx","91","7","ui_click","","","onClick={() => openAdminCommandPalette()}","source_only","medium","/admin|/admin/analytics|/admin/analytics/funnels|/admin/content-freshness|/admin/content/documents|/admin/content/documents/[id]|/admin/content/documents/[id]/preview|/admin/content/forum|/admin/content/knowledge|/admin/content/map|/admin/content/shop|/admin/content/social-feed|…","51"
"535daa04bf84784f","src/components/admin/AdminNotificationsMenu.tsx","54","23","http_request","PATCH","/api/admin/notifications/[id]/read","fetch(`/api/admin/notifications/${item.id}/read`, { method: ""PATCH"" })","source_only","high","/admin|/admin/analytics|/admin/analytics/funnels|/admin/content-freshness|/admin/content/documents|/admin/content/documents/[id]|/admin/content/documents/[id]/preview|/admin/content/forum|/admin/content/knowledge|/admin/content/map|/admin/content/shop|/admin/content/social-feed|…","51"
"066e659d4c188e53","src/components/admin/AdminNotificationsMenu.tsx","74","25","http_request","POST","/api/admin/notifications/mark-all-read","fetch(""/api/admin/notifications/mark-all-read"", { method: ""POST"" })","source_only","high","/admin|/admin/analytics|/admin/analytics/funnels|/admin/content-freshness|/admin/content/documents|/admin/content/documents/[id]|/admin/content/documents/[id]/preview|/admin/content/forum|/admin/content/knowledge|/admin/content/map|/admin/content/shop|/admin/content/social-feed|…","51"
"e144617a31430b3c","src/components/admin/AdminNotificationsMenu.tsx","111","15","ui_click","","","onClick={() => void markAllAsRead()}","source_only","medium","/admin|/admin/analytics|/admin/analytics/funnels|/admin/content-freshness|/admin/content/documents|/admin/content/documents/[id]|/admin/content/documents/[id]/preview|/admin/content/forum|/admin/content/knowledge|/admin/content/map|/admin/content/shop|/admin/content/social-feed|…","51"
"82fbac07bd1ad9e6","src/components/admin/AdminNotificationsMenu.tsx","142","23","ui_click","","","onClick={() => { void markOneRead(item); setOpen(false); }}","source_only","medium","/admin|/admin/analytics|/admin/analytics/funnels|/admin/content-freshness|/admin/content/documents|/admin/content/documents/[id]|/admin/content/documents/[id]/preview|/admin/content/forum|/admin/content/knowledge|/admin/content/map|/admin/content/shop|/admin/content/social-feed|…","51"
"5823ca9634b8f3bf","src/components/admin/AdminNotificationsMenu.tsx","158","21","ui_click","","","onClick={() => void markOneRead(item)}","source_only","medium","/admin|/admin/analytics|/admin/analytics/funnels|/admin/content-freshness|/admin/content/documents|/admin/content/documents/[id]|/admin/content/documents/[id]/preview|/admin/content/forum|/admin/content/knowledge|/admin/content/map|/admin/content/shop|/admin/content/social-feed|…","51"
"07be9e49f2e7ca16","src/components/admin/AdminShell.tsx","39","50","ui_click","","","onClick={() => openAuth(""default"")}","source_only","medium","/admin|/admin/analytics|/admin/analytics/funnels|/admin/content-freshness|/admin/content/documents|/admin/content/documents/[id]|/admin/content/documents/[id]/preview|/admin/content/forum|/admin/content/knowledge|/admin/content/map|/admin/content/shop|/admin/content/social-feed|…","51"
"1f1459ac1155b0a7","src/components/admin/AdminSidebar.tsx","138","7","ui_click","","","onClick={onNavigate}","source_only","medium","/admin|/admin/analytics|/admin/analytics/funnels|/admin/content-freshness|/admin/content/documents|/admin/content/documents/[id]|/admin/content/documents/[id]/preview|/admin/content/forum|/admin/content/knowledge|/admin/content/map|/admin/content/shop|/admin/content/social-feed|…","51"
"77be5c81287bb4db","src/components/admin/AdminSidebar.tsx","205","11","ui_click","","","onClick={() => setMoreOpen(true)}","source_only","medium","/admin|/admin/analytics|/admin/analytics/funnels|/admin/content-freshness|/admin/content/documents|/admin/content/documents/[id]|/admin/content/documents/[id]/preview|/admin/content/forum|/admin/content/knowledge|/admin/content/map|/admin/content/shop|/admin/content/social-feed|…","51"
"1e7dfafc331b9c11","src/components/admin/cms/BlogInternalLinksPreview.tsx","32","30","http_request","POST","/api/cms/blog/link-suggestions","fetch(""/api/cms/blog/link-suggestions"", { method: ""POST"", headers: { ""Content-Type"": ""application/json"" }, body: JSON.stringify({ excerpt, sections, content","source_only","high","/admin/content/documents/[id]","1"
"2779bfda83c26f67","src/components/admin/cms/CmsOpsPanel.tsx","35","25","http_request","POST","/api/admin/search/reindex","fetch(""/api/admin/search/reindex"", { method: ""POST"" })","source_only","high","/admin/system/settings","1"
"f001f3a9d46046b2","src/components/admin/cms/CmsOpsPanel.tsx","62","25","http_request","PUT","/api/admin/media","fetch(""/api/admin/media"", { method: ""PUT"" })","source_only","high","/admin/system/settings","1"
"0355019efcd18063","src/components/admin/cms/CmsOpsPanel.tsx","174","11","ui_click","","","onClick={() => void runSearchReindex()}","source_only","medium","/admin/system/settings","1"
"fb85a4d31018d6fc","src/components/admin/cms/CmsOpsPanel.tsx","184","11","ui_click","","","onClick={() => void runManifestSync()}","source_only","medium","/admin/system/settings","1"
"c9841a9bb3afe115","src/components/admin/cms/CmsSectionEditor.tsx","50","57","ui_click","","","onClick={onRemove}","source_only","medium","/admin/content/documents/[id]","1"
"872f5cc7c27de918","src/components/admin/cms/CmsSectionEditor.tsx","57","9","ui_change","","","onChange={(e) => patch({ heading: e.target.value })}","source_only","medium","/admin/content/documents/[id]","1"
"491e66f8acd0f00a","src/components/admin/cms/CmsSectionEditor.tsx","65","11","ui_change","","","onChange={handleBodyChange}","source_only","medium","/admin/content/documents/[id]","1"
"cd0f3120c7c36e6b","src/components/admin/cms/CmsSectionEditor.tsx","78","11","ui_change","","","onChange={(e) => patch({ list: linesToList(e.target.value) })}","source_only","medium","/admin/content/documents/[id]","1"
"fdd508e13f625f49","src/components/admin/cms/IntegrationReadinessPanel.tsx","37","10","http_request","UNRESOLVED","/api/admin/integrations/verify","fetch(""/api/admin/integrations/verify"", { cache: ""no-store"", signal: controller.signal })","source_only","high","/admin/system/settings","1"
"e10c0758075ef903","src/components/admin/cms/IntegrationReadinessPanel.tsx","54","30","http_request","POST","/api/admin/integrations/verify","fetch(""/api/admin/integrations/verify"", { method: ""POST"", headers: { ""Content-Type"": ""application/json"" }, body: JSON.stringify({ id }), })","source_only","high","/admin/system/settings","1"
"0d737db9c23c231e","src/components/admin/cms/IntegrationReadinessPanel.tsx","139","27","ui_click","","","onClick={() => void verify(entry.id)}","source_only","medium","/admin/system/settings","1"
"df5007c8087c52ae","src/components/admin/cms/PartnerFeedHealthPanel.tsx","59","10","http_request","UNRESOLVED","/api/health/partners","fetch(""/api/health/partners"", { cache: ""no-store"", signal: controller.signal })","source_only","high","/admin/operations|/admin/system/settings","2"
"034d2e4f1ab340c9","src/components/admin/cms/PreviewDeviceFrame.tsx","35","9","ui_change","","","onChange={(e) => onThemeChange(e.target.value as PreviewTheme)}","source_only","medium","/admin/content/documents/[id]/preview|/admin/editorial-components","2"
"c6be1bc92795227d","src/components/admin/cms/PreviewDeviceFrame.tsx","43","9","ui_change","","","onChange={(e) => onViewportChange(e.target.value as PreviewViewport)}","source_only","medium","/admin/content/documents/[id]/preview|/admin/editorial-components","2"
"07774a36e848e26c","src/components/admin/CmsBulkImportPanel.tsx","49","25","http_request","GET","/api/admin/content/documents/bulk-import[queryquery]","fetch( `/api/admin/content/documents/bulk-import${query ? `?${query}` : """"}` )","source_only","high","/admin/content/documents","1"
"7d04c89926c6fac4","src/components/admin/CmsBulkImportPanel.tsx","69","30","data_mutation","DELETE","supabase_or_repository","next.delete(docType)","source_only","medium","/admin/content/documents","1"
"eeb1ff42489b17d0","src/components/admin/CmsBulkImportPanel.tsx","91","25","http_request","POST","/api/admin/content/documents/bulk-import","fetch(""/api/admin/content/documents/bulk-import"", { method: ""POST"", headers: { ""Content-Type"": ""application/json"" }, body: JSON.stringify({ docTyp","source_only","high","/admin/content/documents","1"
"f5b164fa5fb4294a","src/components/admin/CmsBulkImportPanel.tsx","133","15","ui_change","","","onChange={() => toggleType(docType)}","source_only","medium","/admin/content/documents","1"
"d8e6ff040d99466e","src/components/admin/CmsBulkImportPanel.tsx","142","52","ui_change","","","onChange={(e) => setPublish(e.target.checked)}","source_only","medium","/admin/content/documents","1"
"2e69ab098379ccbb","src/components/admin/CmsBulkImportPanel.tsx","149","13","ui_change","","","onChange={(e) => setSkipExisting(e.target.checked)}","source_only","medium","/admin/content/documents","1"
"169183c66b48f771","src/components/admin/CmsBulkImportPanel.tsx","157","13","ui_change","","","onChange={(e) => setIncludeRichHtml(e.target.checked)}","source_only","medium","/admin/content/documents","1"
"711255123095198b","src/components/admin/CmsBulkImportPanel.tsx","165","13","ui_change","","","onChange={(e) => setIncludeI18nStubs(e.target.checked)}","source_only","medium","/admin/content/documents","1"
"4e3415a24f7e9112","src/components/admin/CmsBulkImportPanel.tsx","215","84","ui_click","","","onClick={() => void runImport()}","source_only","medium","/admin/content/documents","1"
"2cf6d2e2629a04a9","src/components/admin/CmsBulkImportPanel.tsx","218","61","ui_click","","","onClick={() => void loadPreview()}","source_only","medium","/admin/content/documents","1"
"6dc81f00cfe39e94","src/components/admin/CmsCutoverPanel.tsx","70","9","ui_click","","","onClick={() => onToggle(lane, false)}","source_only","medium","/admin/system/settings","1"
"d42fc53aec6a2e89","src/components/admin/CmsCutoverPanel.tsx","82","7","ui_click","","","onClick={() => onToggle(lane, true)}","source_only","medium","/admin/system/settings","1"
"84cab9a1ac1c81a8","src/components/admin/CmsCutoverPanel.tsx","98","25","http_request","GET","/api/admin/cms/cutover-status","fetch(""/api/admin/cms/cutover-status"")","source_only","high","/admin/system/settings","1"
"1fefe3086e44c132","src/components/admin/CmsCutoverPanel.tsx","122","25","http_request","POST","/api/admin/cms/cutover-enable","fetch(""/api/admin/cms/cutover-enable"", { method: ""POST"", headers: { ""Content-Type"": ""application/json"" }, body: JSON.stringify({ [lane]: enable }), })","source_only","high","/admin/system/settings","1"
"ebcb410954e0817e","src/components/admin/CmsCutoverPanel.tsx","158","80","ui_click","","","onClick={() => void loadStatus()}","source_only","medium","/admin/system/settings","1"
"78f4c11c401c0502","src/components/admin/CmsGovernancePanel.tsx","121","30","http_request","GET","dynamic","fetch(endpoint)","source_only","medium","/admin/content/documents/[id]","1"
"0bdef7559f7ebcb7","src/components/admin/CmsGovernancePanel.tsx","143","30","http_request","UNRESOLVED","[endpoint][query]","fetch(`${endpoint}${query}`, { method, headers: body ? { ""Content-Type"": ""application/json"" } : undefined, body: body ? JSON.stringify(body) : undefined, ","source_only","high","/admin/content/documents/[id]","1"
"2056643caf1e7b2e","src/components/admin/CmsGovernancePanel.tsx","163","30","http_request","PATCH","/api/admin/content/documents/[id]","fetch( `/api/admin/content/documents/${encodeURIComponent(document.id)}`, { method: ""PATCH"", headers: { ""Content-Type"": ""application/json"" }, ","source_only","high","/admin/content/documents/[id]","1"
"1ecd13bf1758f62c","src/components/admin/CmsGovernancePanel.tsx","229","15","ui_change","","","onChange={(event) => setWorkflowStage(event.target.value as CmsWorkflowStage)}","source_only","medium","/admin/content/documents/[id]","1"
"99bfbfafe5782ed9","src/components/admin/CmsGovernancePanel.tsx","242","15","ui_change","","","onChange={(event) => setRiskLevel(event.target.value as CmsRiskLevel)}","source_only","medium","/admin/content/documents/[id]","1"
"43cf5cce9d8e967b","src/components/admin/CmsGovernancePanel.tsx","254","44","ui_change","","","onChange={(event) => setReviewerId(event.target.value)}","source_only","medium","/admin/content/documents/[id]","1"
"9df9fd98ba4ed2c1","src/components/admin/CmsGovernancePanel.tsx","266","54","ui_change","","","onChange={(event) => setFactCheckedAt(event.target.value)}","source_only","medium","/admin/content/documents/[id]","1"
"f965a615a1f30aaf","src/components/admin/CmsGovernancePanel.tsx","270","53","ui_change","","","onChange={(event) => setNextReviewAt(event.target.value)}","source_only","medium","/admin/content/documents/[id]","1"
"4c6ee7e87645946f","src/components/admin/CmsGovernancePanel.tsx","273","82","ui_click","","","onClick={() => void saveMetadata()}","source_only","medium","/admin/content/documents/[id]","1"
"86bbe81b56197820","src/components/admin/CmsGovernancePanel.tsx","295","17","ui_click","","","onClick={() => void mutate(""DELETE"", undefined, `?kind=source&itemId=${encodeURIComponent(item.source_id)}`)}","source_only","medium","/admin/content/documents/[id]","1"
"781a9e3547ec1ff8","src/components/admin/CmsGovernancePanel.tsx","303","71","ui_change","","","onChange={(event) => setSourceTitle(event.target.value)}","source_only","medium","/admin/content/documents/[id]","1"
"f644dc03c9815eb3","src/components/admin/CmsGovernancePanel.tsx","304","80","ui_change","","","onChange={(event) => setSourceAuthority(event.target.value)}","source_only","medium","/admin/content/documents/[id]","1"
"953af7af95c64cac","src/components/admin/CmsGovernancePanel.tsx","305","71","ui_change","","","onChange={(event) => setSourceUrl(event.target.value)}","source_only","medium","/admin/content/documents/[id]","1"
"f3c8245c4068fd32","src/components/admin/CmsGovernancePanel.tsx","307","60","ui_change","","","onChange={(event) => setSourcePrimary(event.target.checked)}","source_only","medium","/admin/content/documents/[id]","1"
"7c9f686bc4f5bae2","src/components/admin/CmsGovernancePanel.tsx","315","13","ui_click","","","onClick={() => { void mutate(""POST"", { action: ""add_source"", title: sourceTitle, authority: sourceAuthority, ","source_only","medium","/admin/content/documents/[id]","1"
"df18758f7d90f295","src/components/admin/CmsGovernancePanel.tsx","349","17","ui_click","","","onClick={() => void mutate(""DELETE"", undefined, `?kind=claim&itemId=${encodeURIComponent(claim.id)}`)}","source_only","medium","/admin/content/documents/[id]","1"
"986064c66c8daf21","src/components/admin/CmsGovernancePanel.tsx","361","13","ui_change","","","onChange={(event) => setClaimStatement(event.target.value)}","source_only","medium","/admin/content/documents/[id]","1"
"d21dca43e8cb892f","src/components/admin/CmsGovernancePanel.tsx","363","78","ui_change","","","onChange={(event) => setClaimTopic(event.target.value)}","source_only","medium","/admin/content/documents/[id]","1"
"42ee2952088c606e","src/components/admin/CmsGovernancePanel.tsx","364","47","ui_change","","","onChange={(event) => setClaimSourceId(event.target.value)}","source_only","medium","/admin/content/documents/[id]","1"
"252ac3a921567ee3","src/components/admin/CmsGovernancePanel.tsx","372","43","ui_change","","","onChange={(event) => setClaimRisk(event.target.value as CmsRiskLevel)}","source_only","medium","/admin/content/documents/[id]","1"
"b1b19fb8e9f16492","src/components/admin/CmsGovernancePanel.tsx","382","58","ui_change","","","onChange={(event) => setClaimVerifiedAt(event.target.value)}","source_only","medium","/admin/content/documents/[id]","1"
"1792727ebaa1e538","src/components/admin/CmsGovernancePanel.tsx","386","56","ui_change","","","onChange={(event) => setClaimReviewAt(event.target.value)}","source_only","medium","/admin/content/documents/[id]","1"
"ab9bac366d52fe97","src/components/admin/CmsGovernancePanel.tsx","394","13","ui_click","","","onClick={() => { void mutate(""POST"", { action: ""add_claim"", statement: claimStatement, topic: claimTopic, ","source_only","medium","/admin/content/documents/[id]","1"
"e1db798dda6c4f41","src/components/admin/CmsLocaleTabs.tsx","53","13","ui_click","","","onClick={() => onCreateLocale?.(locale)}","source_only","medium","/admin/content/documents/[id]","1"
"6ece02a2cbda4c8c","src/components/admin/CmsMediaPathField.tsx","50","13","ui_change","","","onChange={(e) => onChange(e.target.value)}","source_only","medium","/admin/content/documents/[id]|/admin/content/shop|/admin/marketplace/apartments|/admin/system/settings|/organizer/apartments|/organizer/articles/[id]/edit","6"
"e2ff1082480c5e04","src/components/admin/CmsMediaPathField.tsx","54","61","ui_click","","","onClick={() => setPickerOpen(true)}","source_only","medium","/admin/content/documents/[id]|/admin/content/shop|/admin/marketplace/apartments|/admin/system/settings|/organizer/apartments|/organizer/articles/[id]/edit","6"
"c3be83e67822655a","src/components/admin/CmsMediaPickerDialog.tsx","29","10","http_request","GET","/api/admin/media","fetch(""/api/admin/media"")","source_only","high","/admin/content/documents/[id]|/admin/content/shop|/admin/marketplace/apartments|/admin/system/settings|/organizer/apartments|/organizer/articles/[id]/edit","6"
"0e751a900796ddd0","src/components/admin/CmsMediaPickerDialog.tsx","53","17","ui_click","","","onClick={() => { onSelect(asset.localPath); onClose(); }}","source_only","medium","/admin/content/documents/[id]|/admin/content/shop|/admin/marketplace/apartments|/admin/system/settings|/organizer/apartments|/organizer/articles/[id]/edit","6"
"8946eb24cc3653cc","src/components/admin/CmsSeoPanel.tsx","102","59","ui_click","","","onClick={autoGenerate}","source_only","medium","/admin/content/documents/[id]|/organizer/articles/[id]/edit","2"
"aa01d0fe91f26cd0","src/components/admin/CmsSeoPanel.tsx","119","13","ui_change","","","onChange={(e) => onChange({ ...seo, title: e.target.value })}","source_only","medium","/admin/content/documents/[id]|/organizer/articles/[id]/edit","2"
"c56203ad30512997","src/components/admin/CmsSeoPanel.tsx","135","13","ui_change","","","onChange={(e) => onChange({ ...seo, description: e.target.value })}","source_only","medium","/admin/content/documents/[id]|/organizer/articles/[id]/edit","2"
"7b5ae6d69ea30f50","src/components/admin/CmsSeoPanel.tsx","144","11","ui_change","","","onChange={(next) => onChange({ ...seo, image: next })}","source_only","medium","/admin/content/documents/[id]|/organizer/articles/[id]/edit","2"
"97c16515ee7b19c4","src/components/admin/CmsSeoPanel.tsx","152","13","ui_change","","","onChange={(event) => onChange({ ...seo, canonical: event.target.value })}","source_only","medium","/admin/content/documents/[id]|/organizer/articles/[id]/edit","2"
"81a4c58ea96e7719","src/components/admin/ingestion/IngestionModerationView.tsx","100","30","http_request","POST","/api/admin/ingestion/candidates/[id]","fetch(`/api/admin/ingestion/candidates/${selected.id}`, { method: ""POST"", headers: { ""content-type"": ""application/json"" }, body: JSON.stringify({ action, co","source_only","high","/admin/ingestion/moderation","1"
"52733d71995097ee","src/components/admin/ingestion/IngestionModerationView.tsx","133","89","ui_click","","","onClick={() => switchMode(""candidates"")}","source_only","medium","/admin/ingestion/moderation","1"
"e131f74bc034677b","src/components/admin/ingestion/IngestionModerationView.tsx","136","88","ui_click","","","onClick={() => switchMode(""proposals"")}","source_only","medium","/admin/ingestion/moderation","1"
"841d74a7e9a39ee6","src/components/admin/ingestion/IngestionModerationView.tsx","144","19","ui_change","","","onChange={(event) => { setSelected(null); setStatus(event.target.value); }}","source_only","medium","/admin/ingestion/moderation","1"
"71b1cf7746304d3e","src/components/admin/ingestion/IngestionModerationView.tsx","154","70","ui_click","","","onClick={() => void refresh()}","source_only","medium","/admin/ingestion/moderation","1"
"c8798255ca29dcd7","src/components/admin/ingestion/IngestionModerationView.tsx","170","21","ui_click","","","onClick={() => choose(candidate)}","source_only","medium","/admin/ingestion/moderation","1"
"c849c71daa85e132","src/components/admin/ingestion/IngestionModerationView.tsx","187","21","ui_click","","","onClick={() => chooseProposal(proposal)}","source_only","medium","/admin/ingestion/moderation","1"
"947e001de611c7e4","src/components/admin/ingestion/IngestionModerationView.tsx","244","43","ui_change","","","onChange={(event) => setContent(event.target.value)}","source_only","medium","/admin/ingestion/moderation","1"
"cb85ef1e92fa36cd","src/components/admin/ingestion/IngestionModerationView.tsx","247","43","ui_change","","","onChange={(event) => setNotes(event.target.value)}","source_only","medium","/admin/ingestion/moderation","1"
"192070520b117b50","src/components/admin/ingestion/IngestionModerationView.tsx","255","47","ui_click","","","onClick={() => void act(""duplicate_keep_primary"")}","source_only","medium","/admin/ingestion/moderation","1"
"18ea3178e9134033","src/components/admin/ingestion/IngestionModerationView.tsx","256","65","ui_click","","","onClick={() => void act(""duplicate_keep_both"")}","source_only","medium","/admin/ingestion/moderation","1"
"636c433ba1e8428d","src/components/admin/ingestion/IngestionModerationView.tsx","257","65","ui_click","","","onClick={() => void act(""duplicate_as_update"")}","source_only","medium","/admin/ingestion/moderation","1"
"91d93c65850c7a8f","src/components/admin/ingestion/IngestionModerationView.tsx","258","63","ui_click","","","onClick={() => void act(""duplicate_related"")}","source_only","medium","/admin/ingestion/moderation","1"
"6f707356bbbea8bf","src/components/admin/ingestion/IngestionModerationView.tsx","263","47","ui_click","","","onClick={() => void act(""approve"")}","source_only","medium","/admin/ingestion/moderation","1"
"4f956c912fcd6532","src/components/admin/ingestion/IngestionModerationView.tsx","264","65","ui_click","","","onClick={() => void act(""reject"")}","source_only","medium","/admin/ingestion/moderation","1"
"e3a70b5bfefd5f18","src/components/admin/ingestion/IngestionModerationView.tsx","268","63","ui_click","","","onClick={() => void act(""publish"")}","source_only","medium","/admin/ingestion/moderation","1"
"3a6589113dd2ac1a","src/components/admin/ingestion/IngestionOverviewView.tsx","19","240","ui_click","","","onClick={() => void refresh()}","source_only","medium","/admin/ingestion","1"
"f791215732c28ac9","src/components/admin/ingestion/IngestionPromptsView.tsx","13","449","http_request","POST","/api/admin/ingestion/prompts","fetch(""/api/admin/ingestion/prompts"", { method: ""POST"", headers: { ""content-type"": ""application/json"" }, body: JSON.stringify({ task, model, systemPrompt: prompt, activate: true })","source_only","high","/admin/ingestion/prompts","1"
"146046887d363e25","src/components/admin/ingestion/IngestionPromptsView.tsx","13","1317","ui_change","","","onChange={(e) => setTask(e.target.value)}","source_only","medium","/admin/ingestion/prompts","1"
"7296853d6719cb13","src/components/admin/ingestion/IngestionPromptsView.tsx","13","1445","ui_change","","","onChange={(e) => setModel(e.target.value)}","source_only","medium","/admin/ingestion/prompts","1"
"173a6697181ef0d9","src/components/admin/ingestion/IngestionPromptsView.tsx","13","1615","ui_change","","","onChange={(e) => setPrompt(e.target.value)}","source_only","medium","/admin/ingestion/prompts","1"
"cebe8963e8b3ac3d","src/components/admin/ingestion/IngestionPromptsView.tsx","13","957","ui_click","","","onClick={() => setOpen((value) => !value)}","source_only","medium","/admin/ingestion/prompts","1"
"3ab2f9a2d420ecfd","src/components/admin/ingestion/IngestionPromptsView.tsx","13","1711","ui_click","","","onClick={() => void save()}","source_only","medium","/admin/ingestion/prompts","1"
"76fa8f6f07ea03ca","src/components/admin/ingestion/IngestionProposalReview.tsx","81","30","http_request","POST","/api/admin/ingestion/proposals/[id]","fetch(`/api/admin/ingestion/proposals/${proposal.id}`, { method: ""POST"", headers: { ""content-type"": ""application/json"" }, body: JSON.stringify({ action }), ","source_only","high","/admin/ingestion/moderation","1"
"824170038063a153","src/components/admin/ingestion/IngestionProposalReview.tsx","146","84","ui_click","","","onClick={() => void act(""accept"")}","source_only","medium","/admin/ingestion/moderation","1"
"40ab7b6cf11b846f","src/components/admin/ingestion/IngestionProposalReview.tsx","151","96","ui_click","","","onClick={() => void act(""apply"")}","source_only","medium","/admin/ingestion/moderation","1"
"91fde3b70ae0d2f4","src/components/admin/ingestion/IngestionProposalReview.tsx","156","102","ui_click","","","onClick={() => void act(""reject"")}","source_only","medium","/admin/ingestion/moderation","1"
"0fd1682bc2de3d77","src/components/admin/ingestion/IngestionRunsView.tsx","12","215","http_request","POST","/api/admin/ingestion/runs/[id]","fetch(`/api/admin/ingestion/runs/${id}`, { method: ""POST"", headers: { ""content-type"": ""application/json"" }, body: JSON.stringify({ action }) })","source_only","high","/admin/ingestion/runs","1"
"77a17b2dc2851755","src/components/admin/ingestion/IngestionRunsView.tsx","12","615","ui_click","","","onClick={() => void refresh()}","source_only","medium","/admin/ingestion/runs","1"
"3210cfc5be220984","src/components/admin/ingestion/IngestionRunsView.tsx","12","2438","ui_click","","","onClick={() => void act(run.id, ""cancel"")}","source_only","medium","/admin/ingestion/runs","1"
"b113e15768d9d665","src/components/admin/ingestion/IngestionRunsView.tsx","12","2620","ui_click","","","onClick={() => void act(run.id, ""retry"")}","source_only","medium","/admin/ingestion/runs","1"
"d4f22c95e0a93975","src/components/admin/ingestion/IngestionSourceDetailView.tsx","56","30","http_request","POST","dynamic","fetch(url, { method: ""POST"", headers: { ""content-type"": ""application/json"" }, body: JSON.stringify(body ?? {}) })","source_only","medium","/admin/ingestion/sources/[id]","1"
"18194b7d8a3d4e7e","src/components/admin/ingestion/IngestionSourceDetailView.tsx","67","30","http_request","PATCH","/api/admin/ingestion/sources/[sourceId]","fetch(`/api/admin/ingestion/sources/${sourceId}`, { method: ""PATCH"", headers: { ""content-type"": ""application/json"" }, body: JSON.stringify(patch) })","source_only","high","/admin/ingestion/sources/[id]","1"
"206b029334b27764","src/components/admin/ingestion/IngestionSourceDetailView.tsx","78","30","http_request","POST","/api/admin/ingestion/sources/[sourceId]/upload","fetch(`/api/admin/ingestion/sources/${sourceId}/upload`, { method: ""POST"", headers: { ""content-type"": ""application/json"" }, body: JSON.stringify({ title: manualTitle, content: manu","source_only","high","/admin/ingestion/sources/[id]","1"
"fd9ca2d658c85293","src/components/admin/ingestion/IngestionSourceDetailView.tsx","89","237","ui_click","","","onClick={() => void request(`/api/admin/ingestion/sources/${sourceId}/test`)}","source_only","medium","/admin/ingestion/sources/[id]","1"
"0b945a3ae1296cca","src/components/admin/ingestion/IngestionSourceDetailView.tsx","89","423","ui_click","","","onClick={() => void request(`/api/admin/ingestion/sources/${sourceId}/run`)}","source_only","medium","/admin/ingestion/sources/[id]","1"
"1c64365975d2058a","src/components/admin/ingestion/IngestionSourceDetailView.tsx","99","115","ui_change","","","onChange={(event) => setPatch((current) => ({ ...current, name: event.target.value }))}","source_only","medium","/admin/ingestion/sources/[id]","1"
"3e3253f09bc12b7d","src/components/admin/ingestion/IngestionSourceDetailView.tsx","100","117","ui_change","","","onChange={(event) => setPatch((current) => ({ ...current, language: event.target.value }))}","source_only","medium","/admin/ingestion/sources/[id]","1"
"416a49fed08d820d","src/components/admin/ingestion/IngestionSourceDetailView.tsx","101","115","ui_change","","","onChange={(event) => setPatch((current) => ({ ...current, region: event.target.value }))}","source_only","medium","/admin/ingestion/sources/[id]","1"
"bf047a68085f01e8","src/components/admin/ingestion/IngestionSourceDetailView.tsx","102","127","ui_change","","","onChange={(event) => setPatch((current) => ({ ...current, categories: event.target.value.split("","").map((item) => item.trim()).filter(Boolean) }))}","source_only","medium","/admin/ingestion/sources/[id]","1"
"84207076dee333a2","src/components/admin/ingestion/IngestionSourceDetailView.tsx","103","139","ui_change","","","onChange={(event) => setPatch((current) => ({ ...current, description: event.target.value }))}","source_only","medium","/admin/ingestion/sources/[id]","1"
"c4132b7e1b0da28c","src/components/admin/ingestion/IngestionSourceDetailView.tsx","108","114","ui_change","","","onChange={(event) => updateAddress(event.target.value)}","source_only","medium","/admin/ingestion/sources/[id]","1"
"e44fd6ededd951f2","src/components/admin/ingestion/IngestionSourceDetailView.tsx","109","193","ui_change","","","onChange={(event) => setPatch((current) => ({ ...current, credentialRef: event.target.value.toUpperCase() }))}","source_only","medium","/admin/ingestion/sources/[id]","1"
"1897c8c1b311c462","src/components/admin/ingestion/IngestionSourceDetailView.tsx","110","154","ui_change","","","onChange={(event) => setPatch((current) => ({ ...current, connectionConfig: { ...(current.connectionConfig ?? source.connectionConfig), allowedPaths: event.target.value.split("","").","source_only","medium","/admin/ingestion/sources/[id]","1"
"e632d5aee83584a4","src/components/admin/ingestion/IngestionSourceDetailView.tsx","111","154","ui_change","","","onChange={(event) => setPatch((current) => ({ ...current, connectionConfig: { ...(current.connectionConfig ?? source.connectionConfig), blockedPaths: event.target.value.split("","").","source_only","medium","/admin/ingestion/sources/[id]","1"
"56de3cad5a766159","src/components/admin/ingestion/IngestionSourceDetailView.tsx","112","149","ui_change","","","onChange={(event) => setPatch((current) => ({ ...current, legalNotes: event.target.value }))}","source_only","medium","/admin/ingestion/sources/[id]","1"
"8dee9e3d1a1ae76a","src/components/admin/ingestion/IngestionSourceDetailView.tsx","117","133","ui_change","","","onChange={(event) => setPatch((current) => ({ ...current, scheduleKind: event.target.value as IngestionSourceRecord[""scheduleKind""] }))}","source_only","medium","/admin/ingestion/sources/[id]","1"
"972e5542a4e679e4","src/components/admin/ingestion/IngestionSourceDetailView.tsx","118","130","ui_change","","","onChange={(event) => setPatch((current) => ({ ...current, scheduleExpression: event.target.value }))}","source_only","medium","/admin/ingestion/sources/[id]","1"
"5759d937bc4619dc","src/components/admin/ingestion/IngestionSourceDetailView.tsx","119","152","ui_change","","","onChange={(event) => setPatch((current) => ({ ...current, priority: Number(event.target.value) }))}","source_only","medium","/admin/ingestion/sources/[id]","1"
"08d339e1e27c0955","src/components/admin/ingestion/IngestionSourceDetailView.tsx","120","152","ui_change","","","onChange={(event) => setPatch((current) => ({ ...current, trustLevel: Number(event.target.value) }))}","source_only","medium","/admin/ingestion/sources/[id]","1"
"130a10f531685fd9","src/components/admin/ingestion/IngestionSourceDetailView.tsx","121","170","ui_change","","","onChange={(event) => setPatch((current) => ({ ...current, rateLimitPerMinute: Number(event.target.value) }))}","source_only","medium","/admin/ingestion/sources/[id]","1"
"ece0ba4425f381ed","src/components/admin/ingestion/IngestionSourceDetailView.tsx","122","163","ui_change","","","onChange={(event) => setPatch((current) => ({ ...current, timeoutSeconds: Number(event.target.value) }))}","source_only","medium","/admin/ingestion/sources/[id]","1"
"ccb9eef5721b7a42","src/components/admin/ingestion/IngestionSourceDetailView.tsx","124","122","ui_click","","","onClick={() => void save()}","source_only","medium","/admin/ingestion/sources/[id]","1"
"e19a882996c3b1ef","src/components/admin/ingestion/IngestionSourceDetailView.tsx","131","141","ui_change","","","onChange={(event) => setManualTitle(event.target.value)}","source_only","medium","/admin/ingestion/sources/[id]","1"
"d8dab755c142c935","src/components/admin/ingestion/IngestionSourceDetailView.tsx","131","322","ui_change","","","onChange={(event) => setManualSourceUrl(event.target.value)}","source_only","medium","/admin/ingestion/sources/[id]","1"
"00e420bf70785810","src/components/admin/ingestion/IngestionSourceDetailView.tsx","132","126","ui_change","","","onChange={(event) => setManualContent(event.target.value)}","source_only","medium","/admin/ingestion/sources/[id]","1"
"ba83ca44981de219","src/components/admin/ingestion/IngestionSourceDetailView.tsx","133","73","ui_click","","","onClick={() => void uploadManual()}","source_only","medium","/admin/ingestion/sources/[id]","1"
"c64aa7f6200705f4","src/components/admin/ingestion/IngestionSourcesView.tsx","54","30","http_request","UNRESOLVED","dynamic","fetch(url, { ...init, headers: { ""content-type"": ""application/json"", ...init.headers } })","source_only","medium","/admin/ingestion/sources|/admin/ingestion/sources/[id]","2"
"9b5c60e3564dfaca","src/components/admin/ingestion/IngestionSourcesView.tsx","72","188","ui_click","","","onClick={() => void refresh()}","source_only","medium","/admin/ingestion/sources|/admin/ingestion/sources/[id]","2"
"0323be4b0c6fa1dd","src/components/admin/ingestion/IngestionSourcesView.tsx","72","318","ui_click","","","onClick={() => setOpen((value) => !value)}","source_only","medium","/admin/ingestion/sources|/admin/ingestion/sources/[id]","2"
"6b2a03ae7d932a57","src/components/admin/ingestion/IngestionSourcesView.tsx","81","92","ui_change","","","onChange={(event) => setName(event.target.value)}","source_only","medium","/admin/ingestion/sources|/admin/ingestion/sources/[id]","2"
"8aa20f77b57e3668","src/components/admin/ingestion/IngestionSourcesView.tsx","82","94","ui_change","","","onChange={(event) => setType(event.target.value as IngestionSourceType)}","source_only","medium","/admin/ingestion/sources|/admin/ingestion/sources/[id]","2"
"73afb41bc7beb977","src/components/admin/ingestion/IngestionSourcesView.tsx","83","200","ui_change","","","onChange={(event) => setAddress(event.target.value)}","source_only","medium","/admin/ingestion/sources|/admin/ingestion/sources/[id]","2"
"642e6a5379327f54","src/components/admin/ingestion/IngestionSourcesView.tsx","84","115","ui_change","","","onChange={(event) => setCredentialRef(event.target.value.toUpperCase())}","source_only","medium","/admin/ingestion/sources|/admin/ingestion/sources/[id]","2"
"0de971c29563efd8","src/components/admin/ingestion/IngestionSourcesView.tsx","85","98","ui_change","","","onChange={(event) => setSchedule(event.target.value)}","source_only","medium","/admin/ingestion/sources|/admin/ingestion/sources/[id]","2"
"24f6c9b6fea467c6","src/components/admin/ingestion/IngestionSourcesView.tsx","87","136","ui_click","","","onClick={() => void create()}","source_only","medium","/admin/ingestion/sources|/admin/ingestion/sources/[id]","2"
"c8e1ee8fb27392a1","src/components/admin/ingestion/IngestionSourcesView.tsx","87","222","ui_click","","","onClick={() => setOpen(false)}","source_only","medium","/admin/ingestion/sources|/admin/ingestion/sources/[id]","2"
"af699948989f4aab","src/components/admin/ingestion/IngestionSourcesView.tsx","92","245","ui_change","","","onChange={(event) => setSearch(event.target.value)}","source_only","medium","/admin/ingestion/sources|/admin/ingestion/sources/[id]","2"
"ff5fced563f1948a","src/components/admin/ingestion/IngestionSourcesView.tsx","93","98","ui_change","","","onChange={(event) => setTypeFilter(event.target.value as IngestionSourceType | ""all"")}","source_only","medium","/admin/ingestion/sources|/admin/ingestion/sources/[id]","2"
"9f6d5c3d33d35ed9","src/components/admin/ingestion/IngestionSourcesView.tsx","109","174","ui_click","","","onClick={() => void action(`/api/admin/ingestion/sources/${source.id}/test`, { method: ""POST"" }, source.id)}","source_only","medium","/admin/ingestion/sources|/admin/ingestion/sources/[id]","2"
"1e9fb0fefc191e16","src/components/admin/ingestion/IngestionSourcesView.tsx","109","444","ui_click","","","onClick={() => void action(`/api/admin/ingestion/sources/${source.id}`, { method: ""PATCH"", body: JSON.stringify({ enabled: !source.enabled }) }, source.id)}","source_only","medium","/admin/ingestion/sources|/admin/ingestion/sources/[id]","2"
"84b2281a090415e2","src/components/admin/ingestion/IngestionSourcesView.tsx","109","786","ui_click","","","onClick={() => void action(`/api/admin/ingestion/sources/${source.id}/run`, { method: ""POST"", body: ""{}"" }, source.id)}","source_only","medium","/admin/ingestion/sources|/admin/ingestion/sources/[id]","2"
"c14d934bf339d450","src/components/admin/MediaLightbox.tsx","74","30","http_request","PATCH","/api/admin/media/[4]","fetch(`/api/admin/media/${encodeURIComponent(asset.id.slice(4))}`, { method: ""PATCH"", headers: { ""Content-Type"": ""application/json"" }, body: JSON.stringify(","source_only","high","/admin/media","1"
"97035586f8bbd988","src/components/admin/MediaLightbox.tsx","114","9","ui_click","","","onClick={onClose}","source_only","medium","/admin/media","1"
"e269741ca415399e","src/components/admin/MediaLightbox.tsx","126","11","ui_click","","","onClick={() => onNavigate(index - 1)}","source_only","medium","/admin/media","1"
"9b45bb2434bc2155","src/components/admin/MediaLightbox.tsx","139","11","ui_click","","","onClick={() => onNavigate(index + 1)}","source_only","medium","/admin/media","1"
"55ecf7553beb36ae","src/components/admin/MediaLightbox.tsx","172","17","ui_change","","","onChange={(event) => setRightsStatus(event.target.value as NonNullable<MediaAsset[""rightsStatus""]>) }","source_only","medium","/admin/media","1"
"59e9d99705b2b908","src/components/admin/MediaLightbox.tsx","187","36","ui_change","","","onChange={(event) => setAlt(event.target.value)}","source_only","medium","/admin/media","1"
"d52d987a4fac9f95","src/components/admin/MediaLightbox.tsx","191","40","ui_change","","","onChange={(event) => setCreator(event.target.value)}","source_only","medium","/admin/media","1"
"005bf538ca2942e3","src/components/admin/MediaLightbox.tsx","195","40","ui_change","","","onChange={(event) => setLicense(event.target.value)}","source_only","medium","/admin/media","1"
"a17bddb90e23802d","src/components/admin/MediaLightbox.tsx","199","54","ui_change","","","onChange={(event) => setLicenseUrl(event.target.value)}","source_only","medium","/admin/media","1"
"6b64bd87c87c86e1","src/components/admin/MediaLightbox.tsx","204","55","ui_change","","","onChange={(event) => setSourcePageUrl(event.target.value)}","source_only","medium","/admin/media","1"
"4fa942af73b6e4b2","src/components/admin/MediaLightbox.tsx","208","38","ui_change","","","onChange={(event) => setCaption(event.target.value)}","source_only","medium","/admin/media","1"
"3111495263967e92","src/components/admin/MediaLightbox.tsx","212","42","ui_change","","","onChange={(event) => setAttribution(event.target.value)}","source_only","medium","/admin/media","1"
"49ff563b68851938","src/components/admin/MediaLightbox.tsx","217","81","ui_change","","","onChange={(event) => setFocalX(event.target.value)}","source_only","medium","/admin/media","1"
"daddfb046cfbc2f4","src/components/admin/MediaLightbox.tsx","221","81","ui_change","","","onChange={(event) => setFocalY(event.target.value)}","source_only","medium","/admin/media","1"
"8a1bc7cea28fcb05","src/components/admin/MediaLightbox.tsx","224","58","ui_click","","","onClick={() => void saveRights()}","source_only","medium","/admin/media","1"
"ef9be97ee473131b","src/components/admin/MediaUploadDropzone.tsx","35","29","http_request","POST","/api/admin/media","fetch(""/api/admin/media"", { method: ""POST"", body: form })","source_only","high","/admin/media","1"
"f1fc52233d1ae7e0","src/components/admin/MediaUploadDropzone.tsx","64","7","ui_drop","","","onDrop={(e) => { e.preventDefault(); if (disabled || uploading) return; void uploadFiles(e.dataTransfer.files); }}","source_only","medium","/admin/media","1"
"62d9bc8d86b4be91","src/components/admin/MediaUploadDropzone.tsx","77","9","ui_change","","","onChange={(e) => { if (e.target.files?.length) void uploadFiles(e.target.files); e.target.value = """"; }}","source_only","medium","/admin/media","1"
"115bef3cfdbda49d","src/components/admin/MediaUploadDropzone.tsx","90","13","ui_click","","","onClick={() => inputRef.current?.click()}","source_only","medium","/admin/media","1"
"2dc4a1149fe7d0ac","src/components/admin/MediaUploadDropzone.tsx","105","11","ui_click","","","onClick={() => inputRef.current?.click()}","source_only","medium","/admin/media","1"
"da0ea04b387b71f6","src/components/admin/page-builder/BlogSectionPageBuilder.tsx","57","7","ui_change","","","onChange={(next) => { idMapRef.current = new Map( next.map((section, index) => [`${index}:${section.title}`, section.id]), ); onChange(fromVisual(","source_only","medium","/admin/content/documents/[id]|/organizer/articles/[id]/edit","2"
"9d6d6e6231dc8656","src/components/admin/page-builder/DesignLibraryPatternCard.tsx","29","7","ui_click","","","onClick={onSelect}","source_only","medium","/admin/content/documents/[id]|/organizer/articles/[id]/edit","2"
"e0f88846d1921fbe","src/components/admin/page-builder/fields/DensitySelect.tsx","28","9","ui_change","","","onChange={(e) => onChange(e.target.value as BlogEditorialDensity)}","source_only","medium","/admin/content/documents/[id]|/organizer/articles/[id]/edit","2"
"1f1e3cd6cff59b71","src/components/admin/page-builder/fields/LinkItemsEditor.tsx","37","15","ui_click","","","onClick={() => onChange(items.filter((_, i) => i !== index))}","source_only","medium","/admin/content/documents/[id]|/organizer/articles/[id]/edit","2"
"167923ff5e6cadb1","src/components/admin/page-builder/fields/LinkItemsEditor.tsx","44","13","ui_change","","","onChange={(e) => { const next = [...items]; next[index] = { ...item, label: e.target.value }; onChange(next); }}","source_only","medium","/admin/content/documents/[id]|/organizer/articles/[id]/edit","2"
"a8374f622f99724a","src/components/admin/page-builder/fields/LinkItemsEditor.tsx","53","13","ui_change","","","onChange={(e) => { const next = [...items]; next[index] = { ...item, href: e.target.value }; onChange(next); }}","source_only","medium","/admin/content/documents/[id]|/organizer/articles/[id]/edit","2"
"bfd62bede223c605","src/components/admin/page-builder/fields/LinkItemsEditor.tsx","63","13","ui_change","","","onChange={(e) => { const next = [...items]; next[index] = { ...item, description: e.target.value.trim() ? e.target.value","source_only","medium","/admin/content/documents/[id]|/organizer/articles/[id]/edit","2"
"016055362ae246a5","src/components/admin/page-builder/fields/LinkItemsEditor.tsx","80","9","ui_click","","","onClick={() => onChange([...items, { label: """", href: """" }])}","source_only","medium","/admin/content/documents/[id]|/organizer/articles/[id]/edit","2"
"972addab22703bae","src/components/admin/page-builder/GuideSectionPageBuilder.tsx","69","7","ui_change","","","onChange={(next) => { idMapRef.current = new Map( next.map((section, index) => [`${index}:${section.title}`, section.id]), ); onChange(fromVisual(","source_only","medium","/admin/content/documents/[id]","1"
"4b72bb78a8af31b7","src/components/admin/page-builder/PageBuilderBlockCard.tsx","62","11","ui_click","","","onClick={() => setExpanded((v) => !v)}","source_only","medium","/admin/content/documents/[id]|/organizer/articles/[id]/edit","2"
"49106f95a6c7ab15","src/components/admin/page-builder/PageBuilderBlockCard.tsx","85","17","ui_click","","","onClick={onMoveUp}","source_only","medium","/admin/content/documents/[id]|/organizer/articles/[id]/edit","2"
"05b8f73b9b65d4df","src/components/admin/page-builder/PageBuilderBlockCard.tsx","96","17","ui_click","","","onClick={onMoveDown}","source_only","medium","/admin/content/documents/[id]|/organizer/articles/[id]/edit","2"
"d964d4d02363548e","src/components/admin/page-builder/PageBuilderBlockCard.tsx","108","13","ui_click","","","onClick={() => setPreview((p) => !p)}","source_only","medium","/admin/content/documents/[id]|/organizer/articles/[id]/edit","2"
"2e71a1449040421d","src/components/admin/page-builder/PageBuilderBlockCard.tsx","117","13","ui_click","","","onClick={onRemove}","source_only","medium","/admin/content/documents/[id]|/organizer/articles/[id]/edit","2"
"90ce1c0280b44e2b","src/components/admin/page-builder/PageBuilderBlockCard.tsx","134","15","ui_change","","","onChange={onChange}","source_only","medium","/admin/content/documents/[id]|/organizer/articles/[id]/edit","2"
"d383a0e6cd155b6e","src/components/admin/page-builder/PageBuilderBlockFields.tsx","85","11","ui_change","","","onChange={(e) => onChange({ ...block, text: e.target.value })}","source_only","medium","/admin/content/documents/[id]|/organizer/articles/[id]/edit","2"
"c4202efe9eb5f861","src/components/admin/page-builder/PageBuilderBlockFields.tsx","98","13","ui_change","","","onChange={(e) => onChange({ ...block, items: linesToList(e.target.value) })}","source_only","medium","/admin/content/documents/[id]|/organizer/articles/[id]/edit","2"
"290b864520206ea5","src/components/admin/page-builder/PageBuilderBlockFields.tsx","111","13","ui_change","","","onChange={(e) => onChange({ ...block, variant: e.target.value as typeof block.variant }) }","source_only","medium","/admin/content/documents/[id]|/organizer/articles/[id]/edit","2"
"770625356ee32c4c","src/components/admin/page-builder/PageBuilderBlockFields.tsx","123","13","ui_change","","","onChange={(e) => onChange({ ...block, title: e.target.value })}","source_only","medium","/admin/content/documents/[id]|/organizer/articles/[id]/edit","2"
"6ca45777af47e46e","src/components/admin/page-builder/PageBuilderBlockFields.tsx","129","13","ui_change","","","onChange={(e) => onChange({ ...block, body: e.target.value })}","source_only","medium","/admin/content/documents/[id]|/organizer/articles/[id]/edit","2"
"e68d1d20991a9cfc","src/components/admin/page-builder/PageBuilderBlockFields.tsx","142","17","ui_change","","","onChange={(e) => { const items = [...block.items]; items[index] = { ...items[index], text: e.target.value }; onChange({ ...blo","source_only","medium","/admin/content/documents/[id]|/organizer/articles/[id]/edit","2"
"7b0d66c233c205e7","src/components/admin/page-builder/PageBuilderBlockFields.tsx","153","19","ui_change","","","onChange={(e) => { const items = [...block.items]; items[index] = { ...items[index], negative: e.target.checked }; onCha","source_only","medium","/admin/content/documents/[id]|/organizer/articles/[id]/edit","2"
"80ef5fc590794959","src/components/admin/page-builder/PageBuilderBlockFields.tsx","167","13","ui_click","","","onClick={() => onChange({ ...block, items: [...block.items, { text: """" }] })}","source_only","medium","/admin/content/documents/[id]|/organizer/articles/[id]/edit","2"
"32bee2b8f87270d0","src/components/admin/page-builder/PageBuilderBlockFields.tsx","181","17","ui_change","","","onChange={(e) => { const items = [...block.items]; items[index] = { ...items[index], question: e.target.value }; onChange({ ..","source_only","medium","/admin/content/documents/[id]|/organizer/articles/[id]/edit","2"
"8067f4c521357cce","src/components/admin/page-builder/PageBuilderBlockFields.tsx","191","17","ui_change","","","onChange={(e) => { const items = [...block.items]; items[index] = { ...items[index], answer: e.target.value }; onChange({ ...b","source_only","medium","/admin/content/documents/[id]|/organizer/articles/[id]/edit","2"
"77ce49a31fbe1d84","src/components/admin/page-builder/PageBuilderBlockFields.tsx","204","13","ui_click","","","onClick={() => onChange({ ...block, items: [...block.items, { question: """", answer: """" }] }) }","source_only","medium","/admin/content/documents/[id]|/organizer/articles/[id]/edit","2"
"85d1a0f79715d56e","src/components/admin/page-builder/PageBuilderBlockFields.tsx","218","13","ui_change","","","onChange={(e) => onChange({ ...block, headers: e.target.value.split(""|"").map((h) => h.trim()), }) }","source_only","medium","/admin/content/documents/[id]|/organizer/articles/[id]/edit","2"
"8be88ad117717415","src/components/admin/page-builder/PageBuilderBlockFields.tsx","229","13","ui_change","","","onChange={(e) => onChange({ ...block, rows: e.target.value .split(""\n"") .map((line) => line.split(","source_only","medium","/admin/content/documents/[id]|/organizer/articles/[id]/edit","2"
"3cfdffff8789933f","src/components/admin/page-builder/PageBuilderBlockFields.tsx","241","13","ui_change","","","onChange={(e) => onChange({ ...block, caption: e.target.value || undefined })}","source_only","medium","/admin/content/documents/[id]|/organizer/articles/[id]/edit","2"
"a798899487cac124","src/components/admin/page-builder/PageBuilderBlockFields.tsx","254","13","ui_change","","","onChange={(e) => onChange({ ...block, lat: Number(e.target.value) })}","source_only","medium","/admin/content/documents/[id]|/organizer/articles/[id]/edit","2"
"f15f761cf0430f60","src/components/admin/page-builder/PageBuilderBlockFields.tsx","261","13","ui_change","","","onChange={(e) => onChange({ ...block, lng: Number(e.target.value) })}","source_only","medium","/admin/content/documents/[id]|/organizer/articles/[id]/edit","2"
"97ccdb451e3f5eed","src/components/admin/page-builder/PageBuilderBlockFields.tsx","266","13","ui_change","","","onChange={(e) => onChange({ ...block, label: e.target.value })}","source_only","medium","/admin/content/documents/[id]|/organizer/articles/[id]/edit","2"
"d19093502105a5a0","src/components/admin/page-builder/PageBuilderBlockFields.tsx","277","13","ui_change","","","onChange={(e) => onChange({ ...block, url: e.target.value })}","source_only","medium","/admin/content/documents/[id]|/organizer/articles/[id]/edit","2"
"d8979f50b11f33a2","src/components/admin/page-builder/PageBuilderBlockFields.tsx","282","13","ui_change","","","onChange={(e) => onChange({ ...block, label: e.target.value })}","source_only","medium","/admin/content/documents/[id]|/organizer/articles/[id]/edit","2"
"b9f2cd8c7705763f","src/components/admin/page-builder/PageBuilderBlockFields.tsx","295","17","ui_change","","","onChange={(e) => { const items = [...block.items]; items[index] = { ...items[index], name: e.target.value }; onChange({ ...blo","source_only","medium","/admin/content/documents/[id]|/organizer/articles/[id]/edit","2"
"0e1904851292a107","src/components/admin/page-builder/PageBuilderBlockFields.tsx","305","17","ui_change","","","onChange={(e) => { const items = [...block.items]; items[index] = { ...items[index], pros: linesToList(e.target.value) }; onCh","source_only","medium","/admin/content/documents/[id]|/organizer/articles/[id]/edit","2"
"32b22c7fb1600d2c","src/components/admin/page-builder/PageBuilderBlockFields.tsx","315","17","ui_change","","","onChange={(e) => { const items = [...block.items]; items[index] = { ...items[index], cons: linesToList(e.target.value) }; onCh","source_only","medium","/admin/content/documents/[id]|/organizer/articles/[id]/edit","2"
"e405b678ee0e3967","src/components/admin/page-builder/PageBuilderBlockFields.tsx","328","13","ui_click","","","onClick={() => onChange({ ...block, items: [...block.items, { name: ""Сезон"", pros: [], cons: [] }], }) }","source_only","medium","/admin/content/documents/[id]|/organizer/articles/[id]/edit","2"
"02aae5bb72ac632e","src/components/admin/page-builder/PageBuilderBlockFields.tsx","340","13","ui_change","","","onChange={(e) => onChange({ ...block, conclusion: e.target.value || undefined })}","source_only","medium","/admin/content/documents/[id]|/organizer/articles/[id]/edit","2"
"c81bad89c445d2ea","src/components/admin/page-builder/PageBuilderBlockFields.tsx","353","17","ui_change","","","onChange={(e) => { const items = [...block.items]; items[index] = { ...items[index], label: e.target.value }; onChange({ ...bl","source_only","medium","/admin/content/documents/[id]|/organizer/articles/[id]/edit","2"
"722a32a4c16dbb00","src/components/admin/page-builder/PageBuilderBlockFields.tsx","362","17","ui_change","","","onChange={(e) => { const items = [...block.items]; items[index] = { ...items[index], value: e.target.value }; onChange({ ...bl","source_only","medium","/admin/content/documents/[id]|/organizer/articles/[id]/edit","2"
"6e9041d3c794b05f","src/components/admin/page-builder/PageBuilderBlockFields.tsx","375","13","ui_click","","","onClick={() => onChange({ ...block, items: [...block.items, { label: """", value: """" }] }) }","source_only","medium","/admin/content/documents/[id]|/organizer/articles/[id]/edit","2"
"8ff4a291b72997c6","src/components/admin/page-builder/PageBuilderBlockFields.tsx","383","13","ui_change","","","onChange={(e) => onChange({ ...block, note: e.target.value || undefined })}","source_only","medium","/admin/content/documents/[id]|/organizer/articles/[id]/edit","2"
"66fa20fea2098616","src/components/admin/page-builder/PageBuilderBlockFields.tsx","395","15","ui_change","","","onChange={(e) => onChange({ ...block, src: e.target.value })}","source_only","medium","/admin/content/documents/[id]|/organizer/articles/[id]/edit","2"
"8e866b6b9edc0162","src/components/admin/page-builder/PageBuilderBlockFields.tsx","400","65","ui_click","","","onClick={onPickMedia}","source_only","medium","/admin/content/documents/[id]|/organizer/articles/[id]/edit","2"
"152b5cbb2f21695c","src/components/admin/page-builder/PageBuilderBlockFields.tsx","407","13","ui_change","","","onChange={(e) => onChange({ ...block, alt: e.target.value })}","source_only","medium","/admin/content/documents/[id]|/organizer/articles/[id]/edit","2"
"126e84faf9829c97","src/components/admin/page-builder/PageBuilderBlockFields.tsx","412","13","ui_change","","","onChange={(e) => onChange({ ...block, caption: e.target.value || undefined })}","source_only","medium","/admin/content/documents/[id]|/organizer/articles/[id]/edit","2"
"f79c5b595d395c5c","src/components/admin/page-builder/PageBuilderBlockFields.tsx","424","15","ui_change","","","onChange={(e) => onChange({ ...block, src: e.target.value })}","source_only","medium","/admin/content/documents/[id]|/organizer/articles/[id]/edit","2"
"94085fccd0b49b5b","src/components/admin/page-builder/PageBuilderBlockFields.tsx","430","65","ui_click","","","onClick={onPickMedia}","source_only","medium","/admin/content/documents/[id]|/organizer/articles/[id]/edit","2"
"8dae2de842039b4f","src/components/admin/page-builder/PageBuilderBlockFields.tsx","437","13","ui_change","","","onChange={(e) => onChange({ ...block, alt: e.target.value })}","source_only","medium","/admin/content/documents/[id]|/organizer/articles/[id]/edit","2"
"f37ef7ad80409097","src/components/admin/page-builder/PageBuilderBlockFields.tsx","443","13","ui_change","","","onChange={(e) => onChange({ ...block, title: e.target.value })}","source_only","medium","/admin/content/documents/[id]|/organizer/articles/[id]/edit","2"
"15773831a77ddb2a","src/components/admin/page-builder/PageBuilderBlockFields.tsx","449","13","ui_change","","","onChange={(e) => onChange({ ...block, body: e.target.value })}","source_only","medium","/admin/content/documents/[id]|/organizer/articles/[id]/edit","2"
"7a9b3783f4471b21","src/components/admin/page-builder/PageBuilderBlockFields.tsx","456","15","ui_change","","","onChange={(e) => onChange({ ...block, imagePosition: e.target.value as typeof block.imagePosition, }) ","source_only","medium","/admin/content/documents/[id]|/organizer/articles/[id]/edit","2"
"99cdbecbbea5c82a","src/components/admin/page-builder/PageBuilderBlockFields.tsx","469","15","ui_change","","","onChange={(e) => onChange({ ...block, caption: e.target.value || undefined })}","source_only","medium","/admin/content/documents/[id]|/organizer/articles/[id]/edit","2"
"7b408411c2f8e022","src/components/admin/page-builder/PageBuilderBlockFields.tsx","483","15","ui_change","","","onChange={(e) => onChange({ ...block, name: e.target.value })}","source_only","medium","/admin/content/documents/[id]|/organizer/articles/[id]/edit","2"
"02b400eac38392fa","src/components/admin/page-builder/PageBuilderBlockFields.tsx","489","15","ui_change","","","onChange={(e) => onChange({ ...block, role: e.target.value || undefined })}","source_only","medium","/admin/content/documents/[id]|/organizer/articles/[id]/edit","2"
"893b3852fe369f29","src/components/admin/page-builder/PageBuilderBlockFields.tsx","496","13","ui_change","","","onChange={(e) => onChange({ ...block, bio: e.target.value })}","source_only","medium","/admin/content/documents/[id]|/organizer/articles/[id]/edit","2"
"10345bc99e15fb93","src/components/admin/page-builder/PageBuilderBlockFields.tsx","503","15","ui_change","","","onChange={(e) => onChange({ ...block, avatarSrc: e.target.value || undefined })}","source_only","medium","/admin/content/documents/[id]|/organizer/articles/[id]/edit","2"
"19f064d0c89afba3","src/components/admin/page-builder/PageBuilderBlockFields.tsx","509","65","ui_click","","","onClick={onPickMedia}","source_only","medium","/admin/content/documents/[id]|/organizer/articles/[id]/edit","2"
"9407c2d3f0312036","src/components/admin/page-builder/PageBuilderBlockFields.tsx","516","13","ui_change","","","onChange={(e) => onChange({ ...block, avatarAlt: e.target.value || undefined })}","source_only","medium","/admin/content/documents/[id]|/organizer/articles/[id]/edit","2"
"7e6ad98e89b8f29f","src/components/admin/page-builder/PageBuilderBlockFields.tsx","523","15","ui_change","","","onChange={(e) => onChange({ ...block, href: e.target.value || undefined })}","source_only","medium","/admin/content/documents/[id]|/organizer/articles/[id]/edit","2"
"100df640951526e1","src/components/admin/page-builder/PageBuilderBlockFields.tsx","529","15","ui_change","","","onChange={(e) => onChange({ ...block, linkLabel: e.target.value || undefined })}","source_only","medium","/admin/content/documents/[id]|/organizer/articles/[id]/edit","2"
"b34cbfe19f975b6b","src/components/admin/page-builder/PageBuilderBlockFields.tsx","543","15","ui_change","","","onChange={(e) => onChange({ ...block, title: e.target.value || undefined })}","source_only","medium","/admin/content/documents/[id]|/organizer/articles/[id]/edit","2"
"b9bc155cbe73fc97","src/components/admin/page-builder/PageBuilderBlockFields.tsx","549","15","ui_change","","","onChange={(e) => onChange({ ...block, columns: Number(e.target.value) as typeof block.columns, }) ","source_only","medium","/admin/content/documents/[id]|/organizer/articles/[id]/edit","2"
"e23cce163a347f07","src/components/admin/page-builder/PageBuilderBlockFields.tsx","568","19","ui_change","","","onChange={(e) => { const items = [...block.items]; items[index] = { ...items[index], label: e.target.value }; onChange({","source_only","medium","/admin/content/documents/[id]|/organizer/articles/[id]/edit","2"
"463f981c0a3376dc","src/components/admin/page-builder/PageBuilderBlockFields.tsx","578","19","ui_change","","","onChange={(e) => { const items = [...block.items]; items[index] = { ...items[index], value: e.target.value }; onChange({","source_only","medium","/admin/content/documents/[id]|/organizer/articles/[id]/edit","2"
"0f5b32ea74a2ef65","src/components/admin/page-builder/PageBuilderBlockFields.tsx","590","19","ui_change","","","onChange={(e) => { const items = [...block.items]; items[index] = { ...items[index], description","source_only","medium","/admin/content/documents/[id]|/organizer/articles/[id]/edit","2"
"53fdf692a98aa5d5","src/components/admin/page-builder/PageBuilderBlockFields.tsx","607","21","ui_click","","","onClick={() => onChange({ ...block, items: block.items.filter((_, itemIndex) => itemIndex !== index), ","source_only","medium","/admin/content/documents/[id]|/organizer/articles/[id]/edit","2"
"a2048c74df37bfa8","src/components/admin/page-builder/PageBuilderBlockFields.tsx","625","13","ui_click","","","onClick={() => onChange({ ...block, items: [...block.items, { label: """", value: """" }], }) }","source_only","medium","/admin/content/documents/[id]|/organizer/articles/[id]/edit","2"
"57af62918ea9639d","src/components/admin/page-builder/PageBuilderBlockFields.tsx","642","13","ui_change","","","onChange={(e) => onChange({ ...block, text: e.target.value })}","source_only","medium","/admin/content/documents/[id]|/organizer/articles/[id]/edit","2"
"d8dd73a8defec6e2","src/components/admin/page-builder/PageBuilderBlockFields.tsx","649","15","ui_change","","","onChange={(e) => onChange({ ...block, author: e.target.value || undefined })}","source_only","medium","/admin/content/documents/[id]|/organizer/articles/[id]/edit","2"
"5f556fa4b5c3b36d","src/components/admin/page-builder/PageBuilderBlockFields.tsx","655","15","ui_change","","","onChange={(e) => onChange({ ...block, context: e.target.value || undefined })}","source_only","medium","/admin/content/documents/[id]|/organizer/articles/[id]/edit","2"
"97b0227643b6c526","src/components/admin/page-builder/PageBuilderBlockFields.tsx","668","13","ui_change","","","onChange={(e) => onChange({ ...block, variant: e.target.value as typeof block.variant }) }","source_only","medium","/admin/content/documents/[id]|/organizer/articles/[id]/edit","2"
"f193e764739cf5c8","src/components/admin/page-builder/PageBuilderBlockFields.tsx","678","13","ui_change","","","onChange={(e) => onChange({ ...block, title: e.target.value })}","source_only","medium","/admin/content/documents/[id]|/organizer/articles/[id]/edit","2"
"3ff207d14823481c","src/components/admin/page-builder/PageBuilderBlockFields.tsx","684","13","ui_change","","","onChange={(e) => onChange({ ...block, body: e.target.value })}","source_only","medium","/admin/content/documents/[id]|/organizer/articles/[id]/edit","2"
"0b2411fed4531d15","src/components/admin/page-builder/PageBuilderBlockFields.tsx","697","17","ui_change","","","onChange={(e) => { const items = [...block.items]; items[index] = { ...items[index], title: e.target.value }; onChange({ ...bl","source_only","medium","/admin/content/documents/[id]|/organizer/articles/[id]/edit","2"
"289e24574aef478a","src/components/admin/page-builder/PageBuilderBlockFields.tsx","707","17","ui_change","","","onChange={(e) => { const items = [...block.items]; items[index] = { ...items[index], body: e.target.value }; onChange({ ...blo","source_only","medium","/admin/content/documents/[id]|/organizer/articles/[id]/edit","2"
"3bd0e884feb12014","src/components/admin/page-builder/PageBuilderBlockFields.tsx","720","13","ui_click","","","onClick={() => onChange({ ...block, items: [...block.items, { title: """", body: """" }] }) }","source_only","medium","/admin/content/documents/[id]|/organizer/articles/[id]/edit","2"
"b41bbc6b1a764388","src/components/admin/page-builder/PageBuilderBlockFields.tsx","734","13","ui_change","","","onChange={(e) => onChange({ ...block, headers: e.target.value.split(""|"").map((h) => h.trim()), }) }","source_only","medium","/admin/content/documents/[id]|/organizer/articles/[id]/edit","2"
"a74e03f9373ca86a","src/components/admin/page-builder/PageBuilderBlockFields.tsx","745","13","ui_change","","","onChange={(e) => onChange({ ...block, rows: e.target.value .split(""\n"") .filter(Boolean) ","source_only","medium","/admin/content/documents/[id]|/organizer/articles/[id]/edit","2"
"2133bb0f3b0a178a","src/components/admin/page-builder/PageBuilderBlockFields.tsx","760","13","ui_change","","","onChange={(e) => onChange({ ...block, highlightColumn: Number(e.target.value), }) }","source_only","medium","/admin/content/documents/[id]|/organizer/articles/[id]/edit","2"
"d661e2e690c32294","src/components/admin/page-builder/PageBuilderBlockFields.tsx","770","13","ui_change","","","onChange={(e) => onChange({ ...block, mobileLayout: e.target.value as NonNullable<typeof block.mobileLayout>, }) ","source_only","medium","/admin/content/documents/[id]|/organizer/articles/[id]/edit","2"
"57963e163d26409e","src/components/admin/page-builder/PageBuilderBlockFields.tsx","790","13","ui_change","","","onChange={(e) => onChange({ ...block, label: e.target.value })}","source_only","medium","/admin/content/documents/[id]|/organizer/articles/[id]/edit","2"
"3cccab2ad1f4eea4","src/components/admin/page-builder/PageBuilderBlockFields.tsx","795","13","ui_change","","","onChange={(e) => onChange({ ...block, href: e.target.value })}","source_only","medium","/admin/content/documents/[id]|/organizer/articles/[id]/edit","2"
"fb6044a78de56611","src/components/admin/page-builder/PageBuilderBlockFields.tsx","800","13","ui_change","","","onChange={(e) => onChange({ ...block, variant: e.target.value as typeof block.variant }) }","source_only","medium","/admin/content/documents/[id]|/organizer/articles/[id]/edit","2"
"30a16d78d928ed0b","src/components/admin/page-builder/PageBuilderBlockFields.tsx","816","13","ui_change","","","onChange={(e) => onChange({ ...block, tourSlug: e.target.value })}","source_only","medium","/admin/content/documents/[id]|/organizer/articles/[id]/edit","2"
"4aa8f537ac75e4ac","src/components/admin/page-builder/PageBuilderBlockFields.tsx","821","13","ui_change","","","onChange={(e) => onChange({ ...block, label: e.target.value || undefined })}","source_only","medium","/admin/content/documents/[id]|/organizer/articles/[id]/edit","2"
"bd59058330136945","src/components/admin/page-builder/PageBuilderBlockFields.tsx","828","15","ui_change","","","onChange={(e) => onChange({ ...block, showPrice: e.target.checked })}","source_only","medium","/admin/content/documents/[id]|/organizer/articles/[id]/edit","2"
"f3ab05f9a3784c2e","src/components/admin/page-builder/PageBuilderBlockFields.tsx","842","17","ui_change","","","onChange={(e) => { const points = [...block.points]; points[index] = { ...points[index], label: e.target.value }; onChange({ .","source_only","medium","/admin/content/documents/[id]|/organizer/articles/[id]/edit","2"
"43210249933ab4da","src/components/admin/page-builder/PageBuilderBlockFields.tsx","853","17","ui_change","","","onChange={(e) => { const points = [...block.points]; points[index] = { ...points[index], lat: Number(e.target.value) }; onChan","source_only","medium","/admin/content/documents/[id]|/organizer/articles/[id]/edit","2"
"9add1f310ee2f7b5","src/components/admin/page-builder/PageBuilderBlockFields.tsx","864","17","ui_change","","","onChange={(e) => { const points = [...block.points]; points[index] = { ...points[index], lng: Number(e.target.value) }; onChan","source_only","medium","/admin/content/documents/[id]|/organizer/articles/[id]/edit","2"
"7c803bf321f013ab","src/components/admin/page-builder/PageBuilderBlockFields.tsx","877","13","ui_click","","","onClick={() => onChange({ ...block, points: [...block.points, { lat: -34.6, lng: -58.38, label: ""Точка"" }], }) ","source_only","medium","/admin/content/documents/[id]|/organizer/articles/[id]/edit","2"
"0f2b48ed7aa6c920","src/components/admin/page-builder/PageBuilderBlockFields.tsx","897","17","ui_change","","","onChange={(e) => onChange({ ...block, variant: e.target.value as BlogGalleryVariant, }) ","source_only","medium","/admin/content/documents/[id]|/organizer/articles/[id]/edit","2"
"0a56297d31902196","src/components/admin/page-builder/PageBuilderBlockFields.tsx","915","17","ui_change","","","onChange={(e) => onChange({ ...block, columns: Number(e.target.value) as 2 | 3 | 4, }) }","source_only","medium","/admin/content/documents/[id]|/organizer/articles/[id]/edit","2"
"a60786e5b16f2c76","src/components/admin/page-builder/PageBuilderBlockFields.tsx","939","19","ui_click","","","onClick={() => onChange({ ...block, items: block.items.filter((_, i) => i !== index), }) ","source_only","medium","/admin/content/documents/[id]|/organizer/articles/[id]/edit","2"
"ec87310dd98654d9","src/components/admin/page-builder/PageBuilderBlockFields.tsx","952","19","ui_change","","","onChange={(e) => { const items = [...block.items]; items[index] = { ...items[index], src: e.target.value }; onChange({ .","source_only","medium","/admin/content/documents/[id]|/organizer/articles/[id]/edit","2"
"db64b68a883f478d","src/components/admin/page-builder/PageBuilderBlockFields.tsx","961","69","ui_click","","","onClick={onPickMedia}","source_only","medium","/admin/content/documents/[id]|/organizer/articles/[id]/edit","2"
"f63d9368ed96a73c","src/components/admin/page-builder/PageBuilderBlockFields.tsx","968","17","ui_change","","","onChange={(e) => { const items = [...block.items]; items[index] = { ...items[index], alt: e.target.value }; onChange({ ...bloc","source_only","medium","/admin/content/documents/[id]|/organizer/articles/[id]/edit","2"
"33b05baac6c24723","src/components/admin/page-builder/PageBuilderBlockFields.tsx","977","17","ui_change","","","onChange={(e) => { const items = [...block.items]; items[index] = { ...items[index], caption: e.target.v","source_only","medium","/admin/content/documents/[id]|/organizer/articles/[id]/edit","2"
"bc81cecd96686d54","src/components/admin/page-builder/PageBuilderBlockFields.tsx","993","13","ui_click","","","onClick={() => onChange({ ...block, items: [...block.items, { src: """", alt: """" }] }) }","source_only","medium","/admin/content/documents/[id]|/organizer/articles/[id]/edit","2"
"cd446435ac6b22db","src/components/admin/page-builder/PageBuilderBlockFields.tsx","1007","13","ui_change","","","onChange={(e) => onChange({ ...block, provider: e.target.value as typeof block.provider }) }","source_only","medium","/admin/content/documents/[id]|/organizer/articles/[id]/edit","2"
"3025bf0dfa69de8f","src/components/admin/page-builder/PageBuilderBlockFields.tsx","1016","13","ui_change","","","onChange={(e) => onChange({ ...block, videoId: e.target.value })}","source_only","medium","/admin/content/documents/[id]|/organizer/articles/[id]/edit","2"
"a76e1727300b8f8d","src/components/admin/page-builder/PageBuilderBlockFields.tsx","1021","13","ui_change","","","onChange={(e) => onChange({ ...block, title: e.target.value || undefined })}","source_only","medium","/admin/content/documents/[id]|/organizer/articles/[id]/edit","2"
"c03bc89a6a19b0c0","src/components/admin/page-builder/PageBuilderBlockFields.tsx","1026","13","ui_change","","","onChange={(e) => onChange({ ...block, caption: e.target.value || undefined })}","source_only","medium","/admin/content/documents/[id]|/organizer/articles/[id]/edit","2"
"ca530a98868fba01","src/components/admin/page-builder/PageBuilderBlockFields.tsx","1037","13","ui_change","","","onChange={(e) => onChange({ ...block, embedKind: e.target.value as typeof block.embedKind }) }","source_only","medium","/admin/content/documents/[id]|/organizer/articles/[id]/edit","2"
"bf1c94574d2df5c9","src/components/admin/page-builder/PageBuilderBlockFields.tsx","1048","13","ui_change","","","onChange={(e) => onChange({ ...block, slug: e.target.value })}","source_only","medium","/admin/content/documents/[id]|/organizer/articles/[id]/edit","2"
"f67379f6bf7f616a","src/components/admin/page-builder/PageBuilderBlockFields.tsx","1053","13","ui_change","","","onChange={(e) => onChange({ ...block, title: e.target.value || undefined })}","source_only","medium","/admin/content/documents/[id]|/organizer/articles/[id]/edit","2"
"b2ac0ed8a3fade8c","src/components/admin/page-builder/PageBuilderBlockFields.tsx","1064","13","ui_change","","","onChange={(e) => onChange({ ...block, widgetKey: e.target.value })}","source_only","medium","/admin/content/documents/[id]|/organizer/articles/[id]/edit","2"
"a7533e77aab65114","src/components/admin/page-builder/PageBuilderBlockFields.tsx","1069","13","ui_change","","","onChange={(e) => onChange({ ...block, title: e.target.value || undefined })}","source_only","medium","/admin/content/documents/[id]|/organizer/articles/[id]/edit","2"
"c589c25edd6e5b65","src/components/admin/page-builder/PageBuilderBlockFields.tsx","1083","17","ui_change","","","onChange={(e) => onChange({ ...block, variant: e.target.value as NonNullable<typeof block.variant>, }) ","source_only","medium","/admin/content/documents/[id]|/organizer/articles/[id]/edit","2"
"abbc839370bb4ebf","src/components/admin/page-builder/PageBuilderBlockFields.tsx","1099","15","ui_change","","","onChange={(density) => onChange({ ...block, density })}","source_only","medium","/admin/content/documents/[id]|/organizer/articles/[id]/edit","2"
"4d7d63a850885e24","src/components/admin/page-builder/PageBuilderBlockFields.tsx","1105","13","ui_change","","","onChange={(e) => onChange({ ...block, text: e.target.value })}","source_only","medium","/admin/content/documents/[id]|/organizer/articles/[id]/edit","2"
"6fed0d396b96038f","src/components/admin/page-builder/PageBuilderBlockFields.tsx","1119","17","ui_change","","","onChange={(e) => onChange({ ...block, variant: e.target.value as BlogPhotoVariant, }) }","source_only","medium","/admin/content/documents/[id]|/organizer/articles/[id]/edit","2"
"d4a67752aee6d322","src/components/admin/page-builder/PageBuilderBlockFields.tsx","1135","15","ui_change","","","onChange={(density) => onChange({ ...block, density })}","source_only","medium","/admin/content/documents/[id]|/organizer/articles/[id]/edit","2"
"eab805744fa7d08b","src/components/admin/page-builder/PageBuilderBlockFields.tsx","1140","13","ui_change","","","onChange={(e) => onChange({ ...block, src: e.target.value })}","source_only","medium","/admin/content/documents/[id]|/organizer/articles/[id]/edit","2"
"08819208241c2679","src/components/admin/page-builder/PageBuilderBlockFields.tsx","1145","13","ui_change","","","onChange={(e) => onChange({ ...block, alt: e.target.value })}","source_only","medium","/admin/content/documents/[id]|/organizer/articles/[id]/edit","2"
"2fd244f5fe9e0f13","src/components/admin/page-builder/PageBuilderBlockFields.tsx","1150","13","ui_change","","","onChange={(e) => onChange({ ...block, caption: e.target.value || undefined })}","source_only","medium","/admin/content/documents/[id]|/organizer/articles/[id]/edit","2"
"29047461fbcb19ec","src/components/admin/page-builder/PageBuilderBlockFields.tsx","1156","15","ui_change","","","onChange={(e) => onChange({ ...block, author: e.target.value || undefined })}","source_only","medium","/admin/content/documents/[id]|/organizer/articles/[id]/edit","2"
"6daa37011c8afe18","src/components/admin/page-builder/PageBuilderBlockFields.tsx","1161","15","ui_change","","","onChange={(e) => onChange({ ...block, license: e.target.value || undefined })}","source_only","medium","/admin/content/documents/[id]|/organizer/articles/[id]/edit","2"
"e8df05e255e9afdc","src/components/admin/page-builder/PageBuilderBlockFields.tsx","1167","13","ui_change","","","onChange={(e) => onChange({ ...block, sourceUrl: e.target.value || undefined })}","source_only","medium","/admin/content/documents/[id]|/organizer/articles/[id]/edit","2"
"3fd5af05cb44fd48","src/components/admin/page-builder/PageBuilderBlockFields.tsx","1172","65","ui_click","","","onClick={onPickMedia}","source_only","medium","/admin/content/documents/[id]|/organizer/articles/[id]/edit","2"
"5e848960afe53a50","src/components/admin/page-builder/PageBuilderBlockFields.tsx","1187","17","ui_change","","","onChange={(e) => onChange({ ...block, variant: e.target.value as BlogArticleSummaryVariant, }) ","source_only","medium","/admin/content/documents/[id]|/organizer/articles/[id]/edit","2"
"2250b27e2b969057","src/components/admin/page-builder/PageBuilderBlockFields.tsx","1203","15","ui_change","","","onChange={(density) => onChange({ ...block, density })}","source_only","medium","/admin/content/documents/[id]|/organizer/articles/[id]/edit","2"
"e09207461ace736a","src/components/admin/page-builder/PageBuilderBlockFields.tsx","1208","13","ui_change","","","onChange={(e) => onChange({ ...block, title: e.target.value || undefined })}","source_only","medium","/admin/content/documents/[id]|/organizer/articles/[id]/edit","2"
"b75fe605cf0f3954","src/components/admin/page-builder/PageBuilderBlockFields.tsx","1222","19","ui_click","","","onClick={() => onChange({ ...block, items: block.items.filter((_, i) => i !== index), }) ","source_only","medium","/admin/content/documents/[id]|/organizer/articles/[id]/edit","2"
"79f62a7a8e92201c","src/components/admin/page-builder/PageBuilderBlockFields.tsx","1234","17","ui_change","","","onChange={(e) => { const items = [...block.items]; items[index] = { ...item, title: e.target.value }; onChange({ ...block, ite","source_only","medium","/admin/content/documents/[id]|/organizer/articles/[id]/edit","2"
"62b04fe010364e46","src/components/admin/page-builder/PageBuilderBlockFields.tsx","1243","17","ui_change","","","onChange={(e) => { const items = [...block.items]; items[index] = { ...item, body: e.target.value }; onChange({ ...block, item","source_only","medium","/admin/content/documents/[id]|/organizer/articles/[id]/edit","2"
"1f9e2c2ba9621c12","src/components/admin/page-builder/PageBuilderBlockFields.tsx","1253","17","ui_change","","","onChange={(e) => { const items = [...block.items]; items[index] = { ...item, href: e.target.value.trim()","source_only","medium","/admin/content/documents/[id]|/organizer/articles/[id]/edit","2"
"3bd741fa5b9f2762","src/components/admin/page-builder/PageBuilderBlockFields.tsx","1270","13","ui_click","","","onClick={() => onChange({ ...block, items: [...block.items, { title: """", body: """" }], }) }","source_only","medium","/admin/content/documents/[id]|/organizer/articles/[id]/edit","2"
"1766b74262fd77b7","src/components/admin/page-builder/PageBuilderBlockFields.tsx","1290","17","ui_change","","","onChange={(e) => onChange({ ...block, variant: e.target.value as NonNullable<typeof block.variant>, }) ","source_only","medium","/admin/content/documents/[id]|/organizer/articles/[id]/edit","2"
"105e38cadaa961fe","src/components/admin/page-builder/PageBuilderBlockFields.tsx","1304","15","ui_change","","","onChange={(density) => onChange({ ...block, density })}","source_only","medium","/admin/content/documents/[id]|/organizer/articles/[id]/edit","2"
"2d0adea06b4879a5","src/components/admin/page-builder/PageBuilderBlockFields.tsx","1309","13","ui_change","","","onChange={(e) => onChange({ ...block, title: e.target.value || undefined })}","source_only","medium","/admin/content/documents/[id]|/organizer/articles/[id]/edit","2"
"cd47a1cc98d318df","src/components/admin/page-builder/PageBuilderBlockFields.tsx","1323","19","ui_click","","","onClick={() => onChange({ ...block, items: block.items.filter((_, i) => i !== index), }) ","source_only","medium","/admin/content/documents/[id]|/organizer/articles/[id]/edit","2"
"03036b3e37200fd7","src/components/admin/page-builder/PageBuilderBlockFields.tsx","1335","17","ui_change","","","onChange={(e) => { const items = [...block.items]; items[index] = { ...item, title: e.target.value }; onChange({ ...block, ite","source_only","medium","/admin/content/documents/[id]|/organizer/articles/[id]/edit","2"
"bbbc77ed7f135a1b","src/components/admin/page-builder/PageBuilderBlockFields.tsx","1344","17","ui_change","","","onChange={(e) => { const items = [...block.items]; items[index] = { ...item, url: e.target.value }; onChange({ ...block, items","source_only","medium","/admin/content/documents/[id]|/organizer/articles/[id]/edit","2"
"c82ab1f035fc6b82","src/components/admin/page-builder/PageBuilderBlockFields.tsx","1355","19","ui_change","","","onChange={(e) => { const items = [...block.items]; items[index] = { ...item, type: e.target.valu","source_only","medium","/admin/content/documents/[id]|/organizer/articles/[id]/edit","2"
"175d0befb6783238","src/components/admin/page-builder/PageBuilderBlockFields.tsx","1372","19","ui_change","","","onChange={(e) => { const items = [...block.items]; items[index] = { ...item, publisher: e.target","source_only","medium","/admin/content/documents/[id]|/organizer/articles/[id]/edit","2"
"3cdca10032509135","src/components/admin/page-builder/PageBuilderBlockFields.tsx","1389","13","ui_click","","","onClick={() => onChange({ ...block, items: [...block.items, { title: """", url: """", type: ""official"" }], }) }","source_only","medium","/admin/content/documents/[id]|/organizer/articles/[id]/edit","2"
"c2a0f6985e681e45","src/components/admin/page-builder/PageBuilderBlockFields.tsx","1409","17","ui_change","","","onChange={(e) => onChange({ ...block, variant: e.target.value as NonNullable<typeof block.variant>, }) ","source_only","medium","/admin/content/documents/[id]|/organizer/articles/[id]/edit","2"
"cfc0564ea0d0a440","src/components/admin/page-builder/PageBuilderBlockFields.tsx","1424","15","ui_change","","","onChange={(density) => onChange({ ...block, density })}","source_only","medium","/admin/content/documents/[id]|/organizer/articles/[id]/edit","2"
"8571b008ac64d1fe","src/components/admin/page-builder/PageBuilderBlockFields.tsx","1429","13","ui_change","","","onChange={(e) => onChange({ ...block, title: e.target.value || undefined })}","source_only","medium","/admin/content/documents/[id]|/organizer/articles/[id]/edit","2"
"31658562d27c0bef","src/components/admin/page-builder/PageBuilderBlockFields.tsx","1435","13","ui_change","","","onChange={(e) => onChange({ ...block, body: e.target.value })}","source_only","medium","/admin/content/documents/[id]|/organizer/articles/[id]/edit","2"
"cbc10c40cd349bca","src/components/admin/page-builder/PageBuilderBlockFields.tsx","1446","13","ui_change","","","onChange={(density) => onChange({ ...block, density })}","source_only","medium","/admin/content/documents/[id]|/organizer/articles/[id]/edit","2"
"89e997f306e9d8cb","src/components/admin/page-builder/PageBuilderBlockFields.tsx","1450","13","ui_change","","","onChange={(e) => onChange({ ...block, title: e.target.value || undefined })}","source_only","medium","/admin/content/documents/[id]|/organizer/articles/[id]/edit","2"
"5ff6ccc21bde17c6","src/components/admin/page-builder/PageBuilderBlockFields.tsx","1455","13","ui_change","","","onChange={(e) => onChange({ ...block, category: e.target.value || undefined })}","source_only","medium","/admin/content/documents/[id]|/organizer/articles/[id]/edit","2"
"4191d57544f04898","src/components/admin/page-builder/PageBuilderBlockFields.tsx","1469","19","ui_click","","","onClick={() => onChange({ ...block, items: block.items.filter((_, i) => i !== index), }) ","source_only","medium","/admin/content/documents/[id]|/organizer/articles/[id]/edit","2"
"d79a542ae65ee11f","src/components/admin/page-builder/PageBuilderBlockFields.tsx","1481","17","ui_change","","","onChange={(e) => { const items = [...block.items]; items[index] = { ...item, original: e.target.value }; onChange({ ...block, ","source_only","medium","/admin/content/documents/[id]|/organizer/articles/[id]/edit","2"
"5d5b4a6199c5c650","src/components/admin/page-builder/PageBuilderBlockFields.tsx","1490","17","ui_change","","","onChange={(e) => { const items = [...block.items]; items[index] = { ...item, translation: e.target.value }; onChange({ ...bloc","source_only","medium","/admin/content/documents/[id]|/organizer/articles/[id]/edit","2"
"451da4048665184d","src/components/admin/page-builder/PageBuilderBlockFields.tsx","1499","17","ui_change","","","onChange={(e) => { const items = [...block.items]; items[index] = { ...item, pronunciation: e.target.val","source_only","medium","/admin/content/documents/[id]|/organizer/articles/[id]/edit","2"
"e6ecaf89ed7c3f6c","src/components/admin/page-builder/PageBuilderBlockFields.tsx","1515","13","ui_click","","","onClick={() => onChange({ ...block, items: [...block.items, { original: """", translation: """" }], }) }","source_only","medium","/admin/content/documents/[id]|/organizer/articles/[id]/edit","2"
"11cbef4bbea86108","src/components/admin/page-builder/PageBuilderBlockFields.tsx","1532","13","ui_change","","","onChange={(density) => onChange({ ...block, density })}","source_only","medium","/admin/content/documents/[id]|/organizer/articles/[id]/edit","2"
"3363ba7412116c90","src/components/admin/page-builder/PageBuilderBlockFields.tsx","1536","13","ui_change","","","onChange={(e) => onChange({ ...block, title: e.target.value || undefined })}","source_only","medium","/admin/content/documents/[id]|/organizer/articles/[id]/edit","2"
"e0584f67323aeb7c","src/components/admin/page-builder/PageBuilderBlockFields.tsx","1541","13","ui_change","","","onChange={(e) => onChange({ ...block, description: e.target.value.trim() ? e.target.value : undefined, }) }","source_only","medium","/admin/content/documents/[id]|/organizer/articles/[id]/edit","2"
"47ee362559a41a15","src/components/admin/page-builder/PageBuilderBlockFields.tsx","1561","19","ui_click","","","onClick={() => onChange({ ...block, options: block.options.filter((_, i) => i !== index), }) ","source_only","medium","/admin/content/documents/[id]|/organizer/articles/[id]/edit","2"
"a44db32b3e970d3a","src/components/admin/page-builder/PageBuilderBlockFields.tsx","1574","19","ui_change","","","onChange={(e) => { const options = [...block.options]; options[index] = { ...item, id: e.target.value }; onChange({ ...b","source_only","medium","/admin/content/documents/[id]|/organizer/articles/[id]/edit","2"
"593b5dd71468aa04","src/components/admin/page-builder/PageBuilderBlockFields.tsx","1584","19","ui_change","","","onChange={(e) => { const options = [...block.options]; options[index] = { ...item, meta: e.targe","source_only","medium","/admin/content/documents/[id]|/organizer/articles/[id]/edit","2"
"7ba381bbb96ae97f","src/components/admin/page-builder/PageBuilderBlockFields.tsx","1597","17","ui_change","","","onChange={(e) => { const options = [...block.options]; options[index] = { ...item, title: e.target.value }; onChange({ ...bloc","source_only","medium","/admin/content/documents/[id]|/organizer/articles/[id]/edit","2"
"cc3bbd2ebfe85933","src/components/admin/page-builder/PageBuilderBlockFields.tsx","1606","17","ui_change","","","onChange={(e) => { const options = [...block.options]; options[index] = { ...item, summary: e.target.value }; onChange({ ...bl","source_only","medium","/admin/content/documents/[id]|/organizer/articles/[id]/edit","2"
"c1ba2be2f0da5613","src/components/admin/page-builder/PageBuilderBlockFields.tsx","1616","17","ui_change","","","onChange={(e) => { const options = [...block.options]; options[index] = { ...item, details: e.target.val","source_only","medium","/admin/content/documents/[id]|/organizer/articles/[id]/edit","2"
"4b9aa8b6585fe34d","src/components/admin/page-builder/PageBuilderBlockFields.tsx","1633","13","ui_click","","","onClick={() => onChange({ ...block, options: [ ...block.options, { id: `option-${block.options.len","source_only","medium","/admin/content/documents/[id]|/organizer/articles/[id]/edit","2"
"b057ba8877164529","src/components/admin/page-builder/PageBuilderBlockFields.tsx","1653","13","ui_change","","","onChange={(density) => onChange({ ...block, density })}","source_only","medium","/admin/content/documents/[id]|/organizer/articles/[id]/edit","2"
"03a3d8b140b9c570","src/components/admin/page-builder/PageBuilderBlockFields.tsx","1657","13","ui_change","","","onChange={(e) => onChange({ ...block, title: e.target.value || undefined })}","source_only","medium","/admin/content/documents/[id]|/organizer/articles/[id]/edit","2"
"228e67db5b1b5e78","src/components/admin/page-builder/PageBuilderBlockFields.tsx","1665","15","ui_change","","","onChange={(e) => onChange({ ...block, pros: { ...block.pros, items: linesToList(e.target.value) }, }) ","source_only","medium","/admin/content/documents/[id]|/organizer/articles/[id]/edit","2"
"0b55c78a3692abc8","src/components/admin/page-builder/PageBuilderBlockFields.tsx","1678","15","ui_change","","","onChange={(e) => onChange({ ...block, cons: { ...block.cons, items: linesToList(e.target.value) }, }) ","source_only","medium","/admin/content/documents/[id]|/organizer/articles/[id]/edit","2"
"d0f270fb81b74a04","src/components/admin/page-builder/PageBuilderBlockFields.tsx","1688","13","ui_change","","","onChange={(e) => onChange({ ...block, recommendation: e.target.value || undefined }) }","source_only","medium","/admin/content/documents/[id]|/organizer/articles/[id]/edit","2"
"069531276fbe4b7c","src/components/admin/page-builder/PageBuilderBlockFields.tsx","1707","15","ui_change","","","onChange={(e) => onChange({ ...block, highlightCurrentMonth: e.target.checked }) }","source_only","medium","/admin/content/documents/[id]|/organizer/articles/[id]/edit","2"
"8545014d3553e593","src/components/admin/page-builder/PageBuilderBlockFields.tsx","1726","15","ui_change","","","onChange={(e) => onChange({ ...block, compact: e.target.checked })}","source_only","medium","/admin/content/documents/[id]|/organizer/articles/[id]/edit","2"
"ba6ea6d7a8cfa171","src/components/admin/page-builder/PageBuilderBlockFields.tsx","1746","13","ui_change","","","onChange={(density) => onChange({ ...block, density })}","source_only","medium","/admin/content/documents/[id]|/organizer/articles/[id]/edit","2"
"dda394b29f37ba61","src/components/admin/page-builder/PageBuilderBlockFields.tsx","1750","13","ui_change","","","onChange={(e) => onChange({ ...block, eyebrow: e.target.value || undefined })}","source_only","medium","/admin/content/documents/[id]|/organizer/articles/[id]/edit","2"
"2ad37183cc6c6a87","src/components/admin/page-builder/PageBuilderBlockFields.tsx","1755","13","ui_change","","","onChange={(e) => onChange({ ...block, title: e.target.value })}","source_only","medium","/admin/content/documents/[id]|/organizer/articles/[id]/edit","2"
"fc526d1539952d80","src/components/admin/page-builder/PageBuilderBlockFields.tsx","1761","13","ui_change","","","onChange={(e) => onChange({ ...block, lede: e.target.value || undefined })}","source_only","medium","/admin/content/documents/[id]|/organizer/articles/[id]/edit","2"
"a29420719c8a6930","src/components/admin/page-builder/PageBuilderBlockFields.tsx","1766","13","ui_change","","","onChange={(e) => onChange({ ...block, imageSrc: e.target.value || undefined })}","source_only","medium","/admin/content/documents/[id]|/organizer/articles/[id]/edit","2"
"2587ff845907b229","src/components/admin/page-builder/PageBuilderBlockFields.tsx","1771","13","ui_change","","","onChange={(e) => onChange({ ...block, imageAlt: e.target.value || undefined })}","source_only","medium","/admin/content/documents/[id]|/organizer/articles/[id]/edit","2"
"edbb84e9d6fbc509","src/components/admin/page-builder/PageBuilderBlockFields.tsx","1777","15","ui_change","","","onChange={(e) => onChange({ ...block, primaryCta: e.target.value.trim() ? { label: e","source_only","medium","/admin/content/documents/[id]|/organizer/articles/[id]/edit","2"
"6b021f67113fc748","src/components/admin/page-builder/PageBuilderBlockFields.tsx","1792","15","ui_change","","","onChange={(e) => onChange({ ...block, primaryCta: block.primaryCta?.label || e.target.value.trim() ","source_only","medium","/admin/content/documents/[id]|/organizer/articles/[id]/edit","2"
"77551d0954b8940e","src/components/admin/page-builder/PageBuilderBlockFields.tsx","1811","15","ui_change","","","onChange={(e) => onChange({ ...block, secondaryCta: e.target.value.trim() ? { label:","source_only","medium","/admin/content/documents/[id]|/organizer/articles/[id]/edit","2"
"643b8c8f1d9706b9","src/components/admin/page-builder/PageBuilderBlockFields.tsx","1826","15","ui_change","","","onChange={(e) => onChange({ ...block, secondaryCta: block.secondaryCta?.label || e.target.value.trim() ","source_only","medium","/admin/content/documents/[id]|/organizer/articles/[id]/edit","2"
"ed6858ac2554cc4f","src/components/admin/page-builder/PageBuilderBlockFields.tsx","1843","65","ui_click","","","onClick={onPickMedia}","source_only","medium","/admin/content/documents/[id]|/organizer/articles/[id]/edit","2"
"f8e7d2ce0e43c88a","src/components/admin/page-builder/PageBuilderBlockFields.tsx","1856","13","ui_change","","","onChange={(density) => onChange({ ...block, density })}","source_only","medium","/admin/content/documents/[id]|/organizer/articles/[id]/edit","2"
"356b062112f4bcbd","src/components/admin/page-builder/PageBuilderBlockFields.tsx","1860","13","ui_change","","","onChange={(e) => onChange({ ...block, title: e.target.value || undefined })}","source_only","medium","/admin/content/documents/[id]|/organizer/articles/[id]/edit","2"
"bd6f3cbf77bee080","src/components/admin/page-builder/PageBuilderBlockFields.tsx","1865","13","ui_change","","","onChange={(items) => onChange({ ...block, items })}","source_only","medium","/admin/content/documents/[id]|/organizer/articles/[id]/edit","2"
"62d3f3cf2baaa54c","src/components/admin/page-builder/PageBuilderBlockPicker.tsx","95","15","ui_change","","","onChange={(event) => setQuery(event.target.value)}","source_only","medium","/admin/content/documents/[id]|/organizer/articles/[id]/edit","2"
"5a062cda905f0be1","src/components/admin/page-builder/PageBuilderBlockPicker.tsx","138","27","ui_click","","","onClick={() => setPatternTab(tab.id)}","source_only","medium","/admin/content/documents/[id]|/organizer/articles/[id]/edit","2"
"a5a32343de2241dc","src/components/admin/page-builder/PageBuilderBlockPicker.tsx","193","35","ui_click","","","onClick={() => { onSelect(block.slug); onClose(); }}","source_only","medium","/admin/content/documents/[id]|/organizer/articles/[id]/edit","2"
"b8c1faa7f2536fd3","src/components/admin/page-builder/SortableBlockList.tsx","63","9","ui_change","","","onChange={onChange}","source_only","medium","/admin/content/documents/[id]|/organizer/articles/[id]/edit","2"
"b1d2524d77f383bf","src/components/admin/page-builder/SortableBlockList.tsx","105","15","ui_change","","","onChange={(next) => { const copy = [...blocks]; copy[index] = next; onChange(copy); }}","source_only","medium","/admin/content/documents/[id]|/organizer/articles/[id]/edit","2"
"8cd36a930f65a493","src/components/admin/page-builder/VisualPageBuilder.tsx","150","59","ui_click","","","onClick={() => onChange([...sections, newSection()])}","source_only","medium","/admin/content/documents/[id]|/organizer/articles/[id]/edit","2"
"ca8578596735dab7","src/components/admin/page-builder/VisualPageBuilder.tsx","182","25","ui_click","","","onClick={() => startFromPageTemplate(slug)}","source_only","medium","/admin/content/documents/[id]|/organizer/articles/[id]/edit","2"
"28f7c6d0c00fb21e","src/components/admin/page-builder/VisualPageBuilder.tsx","232","63","ui_click","","","onClick={() => onChange([newSection(""Основной раздел"")])}","source_only","medium","/admin/content/documents/[id]|/organizer/articles/[id]/edit","2"
"ed507984be89ba96","src/components/admin/page-builder/VisualPageBuilder.tsx","247","15","ui_change","","","onChange={(e) => updateSection(sectionIndex, { title: e.target.value })}","source_only","medium","/admin/content/documents/[id]|/organizer/articles/[id]/edit","2"
"9a51e2311e9c2358","src/components/admin/page-builder/VisualPageBuilder.tsx","253","15","ui_change","","","onChange={(e) => updateSection(sectionIndex, { blockType: e.target.value as BlogSectionKind, }) }","source_only","medium","/admin/content/documents/[id]|/organizer/articles/[id]/edit","2"
"89e6597e8db1bfaf","src/components/admin/page-builder/VisualPageBuilder.tsx","273","15","ui_click","","","onClick={() => moveSection(sectionIndex, -1)}","source_only","medium","/admin/content/documents/[id]|/organizer/articles/[id]/edit","2"
"d474cd682c0662a3","src/components/admin/page-builder/VisualPageBuilder.tsx","283","15","ui_click","","","onClick={() => moveSection(sectionIndex, 1)}","source_only","medium","/admin/content/documents/[id]|/organizer/articles/[id]/edit","2"
"72803575a6b17ac4","src/components/admin/page-builder/VisualPageBuilder.tsx","291","15","ui_click","","","onClick={() => onChange(sections.filter((_, i) => i !== sectionIndex))}","source_only","medium","/admin/content/documents/[id]|/organizer/articles/[id]/edit","2"
"97789946391b5d11","src/components/admin/page-builder/VisualPageBuilder.tsx","302","15","ui_change","","","onChange={(blocks) => updateSection(sectionIndex, { blocks })}","source_only","medium","/admin/content/documents/[id]|/organizer/articles/[id]/edit","2"
"992957a0f978ad18","src/components/admin/page-builder/VisualPageBuilder.tsx","318","13","ui_click","","","onClick={() => setPickerSectionIndex(sectionIndex)}","source_only","medium","/admin/content/documents/[id]|/organizer/articles/[id]/edit","2"
"ee4696bdefa71f31","src/components/admin/page-builder/VisualPageBuilder.tsx","330","17","ui_change","","","onChange={(e) => updateSection(sectionIndex, { legacyBody: e.target.value })}","source_only","medium","/admin/content/documents/[id]|/organizer/articles/[id]/edit","2"
"80e46c1b6a1f610b","src/components/admin/site-globals/SiteGlobalForm.tsx","105","13","ui_change","","","onChange={(e) => updateField(field, e.target.checked)}","source_only","medium","/admin/system/settings","1"
"d765b0530b8585bf","src/components/admin/site-globals/SiteGlobalForm.tsx","134","13","ui_change","","","onChange={(event) => updateField(field, event.target.value)}","source_only","medium","/admin/system/settings","1"
"d27169cefc0d4fcd","src/components/admin/site-globals/SiteGlobalForm.tsx","154","13","ui_change","","","onChange={(e) => updateField(field, e.target.value)}","source_only","medium","/admin/system/settings","1"
"52912f6ec1c01b5f","src/components/admin/site-globals/SiteGlobalForm.tsx","170","11","ui_change","","","onChange={(next) => updateField(field, next)}","source_only","medium","/admin/system/settings","1"
"0c409cd88dc5ae4f","src/components/admin/site-globals/SiteGlobalForm.tsx","183","11","ui_change","","","onChange={(e) => updateField(field, e.target.value)}","source_only","medium","/admin/system/settings","1"
"167b4231c56e5d43","src/components/admin/site-globals/SiteGlobalForm.tsx","206","15","ui_click","","","onClick={() => setLocaleTab(tab)}","source_only","medium","/admin/system/settings","1"
"8df35dabf007ce1e","src/components/admin/site-globals/SiteGlobalForm.tsx","222","31","ui_click","","","onClick={onSave}","source_only","medium","/admin/system/settings","1"
"9915253334193072","src/components/admin/site-globals/SiteGlobalForm.tsx","226","51","ui_click","","","onClick={onReset}","source_only","medium","/admin/system/settings","1"
"0c95822e4e251aa3","src/components/admin/views/AdminApiKeysView.tsx","54","25","http_request","POST","/api/admin/api-keys","fetch(""/api/admin/api-keys"", { method: ""POST"", headers: { ""Content-Type"": ""application/json"" }, body: JSON.stringify({ label: label.trim(), ","source_only","high","/admin/system/api-keys","1"
"4231598b730532df","src/components/admin/views/AdminApiKeysView.tsx","83","25","http_request","DELETE","/api/admin/api-keys/[id]","fetch(`/api/admin/api-keys/${encodeURIComponent(id)}`, { method: ""DELETE"", })","source_only","high","/admin/system/api-keys","1"
"71d1482f1ddf23d1","src/components/admin/views/AdminApiKeysView.tsx","115","53","ui_change","","","onChange={(e) => setLabel(e.target.value)}","source_only","medium","/admin/system/api-keys","1"
"a320fffd784c30b0","src/components/admin/views/AdminApiKeysView.tsx","122","17","ui_change","","","onChange={(e) => setPartnerName(e.target.value)}","source_only","medium","/admin/system/api-keys","1"
"58e84bb18b855688","src/components/admin/views/AdminApiKeysView.tsx","131","17","ui_change","","","onChange={(e) => setOrganizerId(e.target.value)}","source_only","medium","/admin/system/api-keys","1"
"7c3612617c20b40a","src/components/admin/views/AdminApiKeysView.tsx","143","17","ui_change","","","onChange={(e) => setRateLimitPerMinute(e.target.value)}","source_only","medium","/admin/system/api-keys","1"
"9d2def54440ec88a","src/components/admin/views/AdminApiKeysView.tsx","155","21","ui_change","","","onChange={() => toggleScope(option.value)}","source_only","medium","/admin/system/api-keys","1"
"ea823a16bcc2a585","src/components/admin/views/AdminApiKeysView.tsx","162","19","ui_click","","","onClick={() => void createKey()}","source_only","medium","/admin/system/api-keys","1"
"87b00a3bed70fc29","src/components/admin/views/AdminApiKeysView.tsx","214","21","ui_click","","","onClick={() => void revokeKey(key.id)}","source_only","medium","/admin/system/api-keys","1"
"25c33addc8aa2224","src/components/admin/views/AdminEmailQueueView.tsx","52","30","http_request","POST","/api/admin/ops/email-outbox","fetch(""/api/admin/ops/email-outbox"", { method: ""POST"", headers: { ""Content-Type"": ""application/json"" }, body: JSON.stringify({ action, ids: selected, confir","source_only","high","/admin/operations/email","1"
"b4dfdcad63b86e99","src/components/admin/views/AdminEmailQueueView.tsx","79","42","ui_change","","","onChange={(event) => { setStatus(event.target.value); setSelected([]); }}","source_only","medium","/admin/operations/email","1"
"96a3afe15623a047","src/components/admin/views/AdminEmailQueueView.tsx","89","19","ui_click","","","onClick={() => void runAction(""retry_due"")}","source_only","medium","/admin/operations/email","1"
"5be9fab87e94ec02","src/components/admin/views/AdminEmailQueueView.tsx","90","37","ui_click","","","onClick={() => void runAction(""retry_selected"")}","source_only","medium","/admin/operations/email","1"
"86a5d883979a6060","src/components/admin/views/AdminEmailQueueView.tsx","91","37","ui_click","","","onClick={() => void runAction(""requeue_dead"")}","source_only","medium","/admin/operations/email","1"
"4686580dc2648aba","src/components/admin/views/AdminEmailQueueView.tsx","105","21","ui_change","","","onChange={(event) => setSelected((current) => event.target.checked ? [...current, item.id] : current.filter((id) => id !== item.id))}","source_only","medium","/admin/operations/email","1"
"6786bf5a4a46ba73","src/components/admin/views/AdminEmailTemplatesView.tsx","70","30","http_request","POST","/api/admin/email-templates","fetch(""/api/admin/email-templates"", { method: ""POST"", headers: { ""Content-Type"": ""application/json"" }, body: JSON.stringify(body), })","source_only","high","/admin/marketing/email-templates","1"
"1c69b8c21a678282","src/components/admin/views/AdminEmailTemplatesView.tsx","128","46","ui_click","","","onClick={() => void refresh()}","source_only","medium","/admin/marketing/email-templates","1"
"a765ea88742ffbdc","src/components/admin/views/AdminEmailTemplatesView.tsx","137","44","ui_change","","","onChange={(event) => setEventKey(event.target.value)}","source_only","medium","/admin/marketing/email-templates","1"
"001fa6c057dfdab0","src/components/admin/views/AdminEmailTemplatesView.tsx","143","42","ui_change","","","onChange={(event) => setLocale(event.target.value)}","source_only","medium","/admin/marketing/email-templates","1"
"36b0786d1f07c34d","src/components/admin/views/AdminEmailTemplatesView.tsx","163","25","ui_click","","","onClick={() => void mutate({ action: ""create_draft"", ...editorPayload(), expectedActiveId: active?.id ?? null }, ""Черновик создан."")}","source_only","medium","/admin/marketing/email-templates","1"
"b89d2ef586cf63d1","src/components/admin/views/AdminEmailTemplatesView.tsx","171","54","ui_change","","","onChange={(event) => setSubject(event.target.value)}","source_only","medium","/admin/marketing/email-templates","1"
"0bbfd6b0b2d14ea0","src/components/admin/views/AdminEmailTemplatesView.tsx","179","97","ui_click","","","onClick={() => removeBlock(index)}","source_only","medium","/admin/marketing/email-templates","1"
"e3627fc664c77d89","src/components/admin/views/AdminEmailTemplatesView.tsx","182","227","ui_change","","","onChange={(event) => updateBlock(index, { text: event.target.value })}","source_only","medium","/admin/marketing/email-templates","1"
"ab23a76731b86931","src/components/admin/views/AdminEmailTemplatesView.tsx","185","123","ui_change","","","onChange={(event) => updateBlock(index, { label: event.target.value })}","source_only","medium","/admin/marketing/email-templates","1"
"56e190ea5bbe44c0","src/components/admin/views/AdminEmailTemplatesView.tsx","186","121","ui_change","","","onChange={(event) => updateBlock(index, { urlVariable: event.target.value })}","source_only","medium","/admin/marketing/email-templates","1"
"e5bc7d8a68721e47","src/components/admin/views/AdminEmailTemplatesView.tsx","197","43","ui_click","","","onClick={() => setBlocks((current) => [...current, { type: ""paragraph"", text: ""Новый текст"" }])}","source_only","medium","/admin/marketing/email-templates","1"
"61542199f2454ece","src/components/admin/views/AdminEmailTemplatesView.tsx","198","43","ui_click","","","onClick={() => setBlocks((current) => [...current, { type: ""divider"" }])}","source_only","medium","/admin/marketing/email-templates","1"
"dfc4c1ce0950b450","src/components/admin/views/AdminEmailTemplatesView.tsx","199","109","ui_click","","","onClick={() => setBlocks((current) => [...current, { type: ""button"", label: ""Открыть"", urlVariable: entry.variables.find((variable) => variable.kind === ""url"")!.key }])}","source_only","medium","/admin/marketing/email-templates","1"
"a2d5008ca8844f61","src/components/admin/views/AdminEmailTemplatesView.tsx","207","56","ui_change","","","onChange={(event) => setSelectedVariable(event.target.value)}","source_only","medium","/admin/marketing/email-templates","1"
"b973c2e83a2fc56f","src/components/admin/views/AdminEmailTemplatesView.tsx","210","43","ui_click","","","onClick={() => insertVariable(""subject"")}","source_only","medium","/admin/marketing/email-templates","1"
"fbf97a2ddd30fb9b","src/components/admin/views/AdminEmailTemplatesView.tsx","211","43","ui_click","","","onClick={() => insertVariable(""paragraph"")}","source_only","medium","/admin/marketing/email-templates","1"
"826df703aeadee17","src/components/admin/views/AdminEmailTemplatesView.tsx","216","44","ui_click","","","onClick={() => void mutate({ action: ""update_draft"", ...editorPayload(), templateId: draft.id, expectedVersion: draft.row_version }, ""Черновик сохранён."")}","source_only","medium","/admin/marketing/email-templates","1"
"3e56774d14f5db41","src/components/admin/views/AdminEmailTemplatesView.tsx","217","41","ui_click","","","onClick={() => void mutate({ action: ""preview"", ...editorPayload() }, """")}","source_only","medium","/admin/marketing/email-templates","1"
"37bcdacf74523b17","src/components/admin/views/AdminEmailTemplatesView.tsx","218","62","ui_click","","","onClick={() => { if (!window.confirm(""Активировать этот шаблон для всех новых писем выбранного типа и языка?"")) return; void mutate({ action: ""activ","source_only","medium","/admin/marketing/email-templates","1"
"10837954366e746a","src/components/admin/views/AdminEmailTemplatesView.tsx","256","106","ui_click","","","onClick={() => { if (!active || !window.confirm(`Восстановить версию ${item.version} для всех новых писем этого типа?`)) return; void mu","source_only","medium","/admin/marketing/email-templates","1"
"64cd953f302e4c6a","src/components/admin/views/AdminPaymentLedgerView.tsx","139","30","http_request","GET","/api/admin/payments/transactions/[transactionId]?live=1","fetch( `/api/admin/payments/transactions/${encodeURIComponent(transactionId)}?live=1` )","source_only","high","/admin/operations/payments|/admin/operations/reconciliation","2"
"a464c182d76a2568","src/components/admin/views/AdminPaymentLedgerView.tsx","175","32","http_request","POST","/api/admin/payments/refunds/[transactionId]/[action]","fetch(`/api/admin/payments/refunds/${transactionId}/${action}`, { method: ""POST"", headers: { ""Content-Type"": ""application/json"" }, body: JSON.stringif","source_only","high","/admin/operations/payments|/admin/operations/reconciliation","2"
"91049857f5afd89e","src/components/admin/views/AdminPaymentLedgerView.tsx","206","32","http_request","POST","/api/admin/payments/refund","fetch(""/api/admin/payments/refund"", { method: ""POST"", headers: { ""Content-Type"": ""application/json"" }, body: JSON.stringify({ bookingId: r","source_only","high","/admin/operations/payments|/admin/operations/reconciliation","2"
"0079541aed7cf096","src/components/admin/views/AdminPaymentLedgerView.tsx","247","11","ui_click","","","onClick={() => setSelectedId(row.id)}","source_only","medium","/admin/operations/payments|/admin/operations/reconciliation","2"
"022faf905f190f06","src/components/admin/views/AdminPaymentLedgerView.tsx","263","15","ui_click","","","onClick={() => void handleRefundAction(row.id, ""approve"")}","source_only","medium","/admin/operations/payments|/admin/operations/reconciliation","2"
"314023003d2692a5","src/components/admin/views/AdminPaymentLedgerView.tsx","271","15","ui_click","","","onClick={() => void handleRefundAction(row.id, ""reject"")}","source_only","medium","/admin/operations/payments|/admin/operations/reconciliation","2"
"45bcb9c4e40e5f48","src/components/admin/views/AdminPaymentLedgerView.tsx","287","11","ui_change","","","onChange={(event) => setPeriod(event.target.value as AdminPaymentPeriodFilter)}","source_only","medium","/admin/operations/payments|/admin/operations/reconciliation","2"
"6643ce38d1e87ad2","src/components/admin/views/AdminPaymentLedgerView.tsx","298","11","ui_change","","","onChange={(event) => setType(event.target.value as PaymentTransactionType | ""all"")}","source_only","medium","/admin/operations/payments|/admin/operations/reconciliation","2"
"72d79d3fc46911dd","src/components/admin/views/AdminPaymentLedgerView.tsx","309","11","ui_change","","","onChange={(event) => setStatus(event.target.value as PaymentTransactionStatus | ""all"")}","source_only","medium","/admin/operations/payments|/admin/operations/reconciliation","2"
"26e5a47da57969ea","src/components/admin/views/AdminPaymentLedgerView.tsx","322","11","ui_change","","","onChange={(event) => setProvider(event.target.value as PaymentProviderId | ""all"")}","source_only","medium","/admin/operations/payments|/admin/operations/reconciliation","2"
"bb8f78c94bc52c9f","src/components/admin/views/AdminPaymentLedgerView.tsx","333","11","ui_click","","","onClick={() => void refresh()}","source_only","medium","/admin/operations/payments|/admin/operations/reconciliation","2"
"5ace189b9cba71ad","src/components/admin/views/AdminPaymentLedgerView.tsx","641","21","ui_click","","","onClick={() => void handleCreateRefund(selected)}","source_only","medium","/admin/operations/payments|/admin/operations/reconciliation","2"
"46a8059db9fd8feb","src/components/admin/views/AdminPaymentLedgerView.tsx","654","21","ui_click","","","onClick={() => void handleRefundAction(selected.id, ""approve"")}","source_only","medium","/admin/operations/payments|/admin/operations/reconciliation","2"
"7073c5910453cc7f","src/components/admin/views/AdminPaymentLedgerView.tsx","662","21","ui_click","","","onClick={() => void handleRefundAction(selected.id, ""reject"")}","source_only","medium","/admin/operations/payments|/admin/operations/reconciliation","2"
"6155a9590edf9f5d","src/components/admin/views/AdminPaymentLedgerView.tsx","679","19","ui_click","","","onClick={() => selectedId && void loadDetail(selectedId)}","source_only","medium","/admin/operations/payments|/admin/operations/reconciliation","2"
"a1596f420330061b","src/components/admin/views/AdminPaymentsView.tsx","81","19","ui_change","","","onChange={(event) => setPeriod(event.target.value as AdminPaymentPeriodFilter)}","source_only","medium","/admin/operations/payments|/admin/operations/reconciliation","2"
"ec67945b2f718eb2","src/components/admin/views/AdminPaymentsView.tsx","92","19","ui_change","","","onChange={(event) => setStatus(event.target.value as AdminPaymentStatusFilter)}","source_only","medium","/admin/operations/payments|/admin/operations/reconciliation","2"
"8a18549ffbf17403","src/components/admin/views/AdminPaymentsView.tsx","105","19","ui_click","","","onClick={() => void refresh()}","source_only","medium","/admin/operations/payments|/admin/operations/reconciliation","2"
"3543ed1046043bbb","src/components/admin/views/AdminPaymentsView.tsx","121","15","ui_click","","","onClick={() => setTab(value)}","source_only","medium","/admin/operations/payments|/admin/operations/reconciliation","2"
"4822422e5c7a6841","src/components/admin/views/AdminPayoutsView.tsx","67","30","http_request","POST","/api/admin/payments/payouts","fetch(""/api/admin/payments/payouts"", { method: ""POST"", headers: { ""Content-Type"": ""application/json"" }, body: JSON.stringify(body), })","source_only","high","/admin/operations/payments|/admin/operations/reconciliation","2"
"818d11fafd4786ef","src/components/admin/views/AdminPayoutsView.tsx","99","30","http_request","UNRESOLVED","/api/admin/payments/payouts/[payoutId]/export","fetch(`/api/admin/payments/payouts/${payoutId}/export`, { method: currentStatus === ""approved"" ? ""POST"" : ""GET"", cache: ""no-store"", })","source_only","high","/admin/operations/payments|/admin/operations/reconciliation","2"
"a1c463ef38aff799","src/components/admin/views/AdminPayoutsView.tsx","136","11","ui_change","","","onChange={(event) => setPeriod(event.target.value as AdminPaymentPeriodFilter)}","source_only","medium","/admin/operations/payments|/admin/operations/reconciliation","2"
"c1c9dee100d40cd5","src/components/admin/views/AdminPayoutsView.tsx","147","11","ui_change","","","onChange={(event) => setStatusFilter(event.target.value)}","source_only","medium","/admin/operations/payments|/admin/operations/reconciliation","2"
"4d7e72db4f08e0c8","src/components/admin/views/AdminPayoutsView.tsx","159","11","ui_click","","","onClick={() => void refresh()}","source_only","medium","/admin/operations/payments|/admin/operations/reconciliation","2"
"8997e6b448424698","src/components/admin/views/AdminPayoutsView.tsx","238","13","ui_change","","","onChange={(event) => setOrganizerUserId(event.target.value)}","source_only","medium","/admin/operations/payments|/admin/operations/reconciliation","2"
"c03757ab0e7281dc","src/components/admin/views/AdminPayoutsView.tsx","244","13","ui_change","","","onChange={(event) => setPayoutCurrency(event.target.value as ""RUB"" | ""ARS"" | ""USD"" | ""EUR"") }","source_only","medium","/admin/operations/payments|/admin/operations/reconciliation","2"
"634c8e89c9a647e9","src/components/admin/views/AdminPayoutsView.tsx","258","13","ui_click","","","onClick={() => void runAction(""create_batch"")}","source_only","medium","/admin/operations/payments|/admin/operations/reconciliation","2"
"7ec9910ffe362a40","src/components/admin/views/AdminPayoutsView.tsx","368","11","ui_click","","","onClick={onApprove}","source_only","medium","/admin/operations/payments|/admin/operations/reconciliation","2"
"07c086875050d607","src/components/admin/views/AdminPayoutsView.tsx","378","11","ui_click","","","onClick={onExport}","source_only","medium","/admin/operations/payments|/admin/operations/reconciliation","2"
"a1ed5eba5b98afb7","src/components/admin/views/AdminPayoutsView.tsx","389","11","ui_click","","","onClick={onComplete}","source_only","medium","/admin/operations/payments|/admin/operations/reconciliation","2"
"a697ced91e0a06f8","src/components/admin/views/AdminPayoutsView.tsx","399","11","ui_click","","","onClick={onCancel}","source_only","medium","/admin/operations/payments|/admin/operations/reconciliation","2"
"08b8fd2c30a7dc7d","src/components/admin/views/AdminReconciliationView.tsx","46","30","http_request","POST","/api/admin/payments/reconciliation?period=[period]","fetch(`/api/admin/payments/reconciliation?period=${period}`, { method: ""POST"", headers: { ""Content-Type"": ""application/json"" }, body: JSON.stringify({ actio","source_only","high","/admin/operations/payments|/admin/operations/reconciliation","2"
"8c35c8379b233435","src/components/admin/views/AdminReconciliationView.tsx","70","11","ui_change","","","onChange={(event) => setPeriod(event.target.value as AdminPaymentPeriodFilter)}","source_only","medium","/admin/operations/payments|/admin/operations/reconciliation","2"
"f405efbea2a35bdf","src/components/admin/views/AdminReconciliationView.tsx","81","11","ui_click","","","onClick={() => void refresh()}","source_only","medium","/admin/operations/payments|/admin/operations/reconciliation","2"
"2bda0afe06992f1b","src/components/admin/views/AdminReconciliationView.tsx","89","11","ui_click","","","onClick={() => void handleCreateSnapshot()}","source_only","medium","/admin/operations/payments|/admin/operations/reconciliation","2"
"f0caa5eb22392782","src/components/admin/views/AdminWaitlistView.tsx","51","30","http_request","PATCH","/api/admin/ops/waitlist/[id]","fetch(`/api/admin/ops/waitlist/${item.id}`, { method: ""PATCH"", headers: { ""Content-Type"": ""application/json"" }, body: JSON.stringify({ status: nextStatus, v","source_only","high","/admin/operations/waitlist","1"
"f40df6077f7816b5","src/components/admin/views/AdminWaitlistView.tsx","74","42","ui_change","","","onChange={(event) => setStatus(event.target.value as WaitlistStatus)}","source_only","medium","/admin/operations/waitlist","1"
"d8177065245b2431","src/components/admin/views/AdminWaitlistView.tsx","98","68","ui_click","","","onClick={() => void transition(item, ""contacted"")}","source_only","medium","/admin/operations/waitlist","1"
"e0d21b9801ee61bc","src/components/admin/views/AdminWaitlistView.tsx","99","70","ui_click","","","onClick={() => void transition(item, ""offered"")}","source_only","medium","/admin/operations/waitlist","1"
"a84474e12d7f1a5b","src/components/admin/views/AdminWaitlistView.tsx","100","142","ui_click","","","onClick={() => void transition(item, ""closed"")}","source_only","medium","/admin/operations/waitlist","1"
"b63f90a5dee918c1","src/components/admin/views/AnalyticsView.tsx","46","15","ui_change","","","onChange={(e) => setPeriod(e.target.value as AnalyticsPeriod)}","source_only","medium","/admin/analytics","1"
"068fbb4f537598d9","src/components/admin/views/AuditLogView.tsx","34","39","ui_click","","","onClick={() => void refresh()}","source_only","medium","/admin/system/audit","1"
"5647d296f920fa87","src/components/admin/views/BookingsView.tsx","69","23","http_request","GET","/api/admin/bookings/[bookingId]","fetch(`/api/admin/bookings/${bookingId}`)","source_only","high","/admin/operations/bookings","1"
"11f588113bcf278c","src/components/admin/views/BookingsView.tsx","88","25","http_request","PATCH","/api/admin/bookings/[id]","fetch(`/api/admin/bookings/${booking.id}`, { method: ""PATCH"", headers: { ""Content-Type"": ""application/json"" }, body: JSON.stringify({ status, expectedVersio","source_only","high","/admin/operations/bookings","1"
"485f6fa6f1c99265","src/components/admin/views/BookingsView.tsx","121","17","ui_click","","","onClick={() => { window.location.href = ""/api/admin/bookings/export""; }}","source_only","medium","/admin/operations/bookings","1"
"62c01d7dd5122547","src/components/admin/views/BookingsView.tsx","127","43","ui_click","","","onClick={() => void refresh()}","source_only","medium","/admin/operations/bookings","1"
"c6c895c97a4ce954","src/components/admin/views/BookingsView.tsx","158","15","ui_change","","","onChange={(e) => setSearch(e.target.value)}","source_only","medium","/admin/operations/bookings","1"
"65453d11ef71a0ff","src/components/admin/views/BookingsView.tsx","164","15","ui_change","","","onChange={(e) => setStatusFilter(e.target.value as StatusFilter)}","source_only","medium","/admin/operations/bookings","1"
"716cae4eb41537a3","src/components/admin/views/BookingsView.tsx","245","31","ui_change","","","onChange={(e) => void updateStatus(booking, e.target.value as BookingStatus) }","source_only","medium","/admin/operations/bookings","1"
"211333a1ed451ef0","src/components/admin/views/BookingsView.tsx","266","61","ui_click","","","onClick={() => void openDetail(booking.id)}","source_only","medium","/admin/operations/bookings","1"
"7f725f563001fd49","src/components/admin/views/BookingsView.tsx","283","49","ui_click","","","onClick={() => setDetailId(null)}","source_only","medium","/admin/operations/bookings","1"
"2f7cfdd08e876d25","src/components/admin/views/CommercialPlansView.tsx","124","30","http_request","UNRESOLVED","/api/admin/commercial/plans","fetch(""/api/admin/commercial/plans"", { cache: ""no-store"" })","source_only","high","/admin/system/commercial-plans","1"
"8450d4e68068077c","src/components/admin/views/CommercialPlansView.tsx","144","32","http_request","UNRESOLVED","/api/admin/users?role=organizer&status=active","fetch(""/api/admin/users?role=organizer&status=active"", { cache: ""no-store"", })","source_only","high","/admin/system/commercial-plans","1"
"252b8e06ba61866a","src/components/admin/views/CommercialPlansView.tsx","164","30","http_request","POST","/api/admin/commercial/plans","fetch(""/api/admin/commercial/plans"", { method: ""POST"", headers: { ""Content-Type"": ""application/json"" }, body: JSON.stringify({ code: newCode, ","source_only","high","/admin/system/commercial-plans","1"
"5d26035adadded3f","src/components/admin/views/CommercialPlansView.tsx","194","30","http_request","PATCH","/api/admin/commercial/plans/[id]","fetch(`/api/admin/commercial/plans/${plan.id}`, { method: ""PATCH"", headers: { ""Content-Type"": ""application/json"" }, body: JSON.stringify({ ...body, expected","source_only","high","/admin/system/commercial-plans","1"
"3197ec29d25b33cb","src/components/admin/views/CommercialPlansView.tsx","227","9","http_request","UNRESOLVED","/api/admin/commercial/preview?organizerUserId=[id]","fetch(`/api/admin/commercial/preview?organizerUserId=${encodeURIComponent(id)}`, { cache: ""no-store"" })","source_only","high","/admin/system/commercial-plans","1"
"376458e15079d87e","src/components/admin/views/CommercialPlansView.tsx","228","9","http_request","UNRESOLVED","/api/admin/commercial/subscriptions?organizerUserId=[id]","fetch(`/api/admin/commercial/subscriptions?organizerUserId=${encodeURIComponent(id)}`, { cache: ""no-store"" })","source_only","high","/admin/system/commercial-plans","1"
"9b71e245d0de31ec","src/components/admin/views/CommercialPlansView.tsx","252","30","http_request","POST","/api/admin/commercial/subscriptions","fetch(""/api/admin/commercial/subscriptions"", { method: ""POST"", headers: { ""Content-Type"": ""application/json"" }, body: JSON.stringify({ action: ""as","source_only","high","/admin/system/commercial-plans","1"
"6688691669f71310","src/components/admin/views/CommercialPlansView.tsx","280","30","http_request","POST","/api/admin/commercial/subscriptions","fetch(""/api/admin/commercial/subscriptions"", { method: ""POST"", headers: { ""Content-Type"": ""application/json"" }, body: JSON.stringify({ action: ""se","source_only","high","/admin/system/commercial-plans","1"
"1b9edb7098d8d994","src/components/admin/views/CommercialPlansView.tsx","317","30","http_request","POST","/api/admin/commercial/subscriptions","fetch(""/api/admin/commercial/subscriptions"", { method: ""POST"", headers: { ""Content-Type"": ""application/json"" }, body: JSON.stringify({ action: ""de","source_only","high","/admin/system/commercial-plans","1"
"78a4bf439c30d32d","src/components/admin/views/CommercialPlansView.tsx","386","39","ui_click","","","onClick={() => void loadPlans()}","source_only","medium","/admin/system/commercial-plans","1"
"850a89aef45e68c2","src/components/admin/views/CommercialPlansView.tsx","404","36","ui_change","","","onChange={(event) => setNewCode(event.target.value)}","source_only","medium","/admin/system/commercial-plans","1"
"55f84651009b5b29","src/components/admin/views/CommercialPlansView.tsx","405","36","ui_change","","","onChange={(event) => setNewName(event.target.value)}","source_only","medium","/admin/system/commercial-plans","1"
"3bbbad06a6fb044f","src/components/admin/views/CommercialPlansView.tsx","406","51","ui_change","","","onChange={(event) => setCloneFromPlanId(event.target.value)}","source_only","medium","/admin/system/commercial-plans","1"
"4a69bde3287fd6d8","src/components/admin/views/CommercialPlansView.tsx","410","21","ui_click","","","onClick={() => void createPlan()}","source_only","medium","/admin/system/commercial-plans","1"
"222e642200693402","src/components/admin/views/CommercialPlansView.tsx","431","43","ui_click","","","onClick={() => confirmPlanChange(plan, { action: ""activate"", makeDefault: false }, ""Версия активирована."", `Активировать тариф «${plan.name}»? После активации эту версию нельзя буд","source_only","medium","/admin/system/commercial-plans","1"
"d4ebe6c797d5ed69","src/components/admin/views/CommercialPlansView.tsx","432","61","ui_click","","","onClick={() => confirmPlanChange(plan, { action: ""activate"", makeDefault: true }, ""Версия активирована как тариф по умолчанию."", `Сделать тариф «${plan.name}» основным для организа","source_only","medium","/admin/system/commercial-plans","1"
"1c9bc888322e8a53","src/components/admin/views/CommercialPlansView.tsx","435","106","ui_click","","","onClick={() => confirmPlanChange(plan, { action: ""retire"" }, ""Версия перемещена в архив."", `Переместить тариф «${plan.name}» в архив?`)}","source_only","medium","/admin/system/commercial-plans","1"
"9463c2d0b7228b18","src/components/admin/views/CommercialPlansView.tsx","443","23","ui_change","","","onChange={(event) => updateDraftEdit(plan, { name: event.target.value })}","source_only","medium","/admin/system/commercial-plans","1"
"018b662413d78cd7","src/components/admin/views/CommercialPlansView.tsx","448","23","ui_change","","","onChange={(event) => updateDraftEdit(plan, { description: event.target.value }) }","source_only","medium","/admin/system/commercial-plans","1"
"161e4bdf67401977","src/components/admin/views/CommercialPlansView.tsx","458","23","ui_change","","","onChange={(event) => updateDraftEdit(plan, { priceMajor: event.target.value }) }","source_only","medium","/admin/system/commercial-plans","1"
"6cd07fe78a187f07","src/components/admin/views/CommercialPlansView.tsx","465","23","ui_change","","","onChange={(event) => updateDraftEdit(plan, { currency: event.target.value }) }","source_only","medium","/admin/system/commercial-plans","1"
"3d11d80ef3d06e85","src/components/admin/views/CommercialPlansView.tsx","476","25","ui_change","","","onChange={(event) => updateDraftEdit(plan, { billingPeriod: event.target.value }) }","source_only","medium","/admin/system/commercial-plans","1"
"273f5917cfd5d189","src/components/admin/views/CommercialPlansView.tsx","486","25","ui_click","","","onClick={() => { const edit = draftEditFor(plan); void patchPlan( plan, ","source_only","medium","/admin/system/commercial-plans","1"
"ad634d8739259a6c","src/components/admin/views/CommercialPlansView.tsx","536","33","ui_change","","","onChange={(event) => setDraftLimits((current) => ({ ...current, [draftLimi","source_only","medium","/admin/system/commercial-plans","1"
"c6342e71c550c1cf","src/components/admin/views/CommercialPlansView.tsx","550","31","ui_click","","","onClick={() => void patchPlan( plan, { actio","source_only","medium","/admin/system/commercial-plans","1"
"981c79e68ba10e95","src/components/admin/views/CommercialPlansView.tsx","599","15","ui_change","","","onChange={(event) => { setOrganizerUserId(event.target.value); setContract(null); setOverrides([]); }}","source_only","medium","/admin/system/commercial-plans","1"
"72c8a6bcf09c5b4c","src/components/admin/views/CommercialPlansView.tsx","613","39","ui_click","","","onClick={() => void previewOrganizer()}","source_only","medium","/admin/system/commercial-plans","1"
"0be0d77627db064c","src/components/admin/views/CommercialPlansView.tsx","629","54","ui_change","","","onChange={(event) => setSelectedPlanId(event.target.value)}","source_only","medium","/admin/system/commercial-plans","1"
"d634e06270a73c66","src/components/admin/views/CommercialPlansView.tsx","632","25","ui_click","","","onClick={() => void assignPlan()}","source_only","medium","/admin/system/commercial-plans","1"
"d3f38b0a03798dff","src/components/admin/views/CommercialPlansView.tsx","674","27","ui_click","","","onClick={() => void deleteOverride(override)}","source_only","medium","/admin/system/commercial-plans","1"
"0649aa7e1fe0ba84","src/components/admin/views/CommercialPlansView.tsx","685","21","ui_change","","","onChange={(event) => { const nextKey = event.target.value; setOverrideKey(nextKey); if ( d","source_only","medium","/admin/system/commercial-plans","1"
"5b109f59ef995e4d","src/components/admin/views/CommercialPlansView.tsx","712","57","ui_change","","","onChange={(event) => setOverrideEnabled(event.target.value)}","source_only","medium","/admin/system/commercial-plans","1"
"c6257d3dce35775b","src/components/admin/views/CommercialPlansView.tsx","717","21","ui_change","","","onChange={(event) => setOverrideLimit(event.target.value)}","source_only","medium","/admin/system/commercial-plans","1"
"ed172216d1b8c94e","src/components/admin/views/CommercialPlansView.tsx","725","49","ui_change","","","onChange={(event) => setOverrideReason(event.target.value)}","source_only","medium","/admin/system/commercial-plans","1"
"4b7c7736d467a5f6","src/components/admin/views/CommercialPlansView.tsx","731","19","ui_click","","","onClick={() => void saveOverride()}","source_only","medium","/admin/system/commercial-plans","1"
"9a830ba4952c9701","src/components/admin/views/ContentDocumentEditorView.tsx","229","25","http_request","GET","/api/admin/content/documents?grouped=true&docType=[docType]","fetch( `/api/admin/content/documents?grouped=true&docType=${encodeURIComponent(docType)}` )","source_only","high","/admin/content/documents/[id]","1"
"9009025fec7047db","src/components/admin/views/ContentDocumentEditorView.tsx","245","9","http_request","GET","/api/admin/content/documents/[encodedId]","fetch(`/api/admin/content/documents/${encodedId}`)","source_only","high","/admin/content/documents/[id]","1"
"1c289868b9cb0d6b","src/components/admin/views/ContentDocumentEditorView.tsx","246","9","http_request","GET","/api/admin/content/documents/[encodedId]/revisions","fetch(`/api/admin/content/documents/${encodedId}/revisions`)","source_only","high","/admin/content/documents/[id]","1"
"01342e488e6c07c5","src/components/admin/views/ContentDocumentEditorView.tsx","290","25","http_request","POST","/api/admin/content/documents","fetch(""/api/admin/content/documents"", { method: ""POST"", headers: { ""Content-Type"": ""application/json"" }, body: JSON.stringify({ docType: doc.docTy","source_only","high","/admin/content/documents/[id]","1"
"bc2bcf7b3844bb3a","src/components/admin/views/ContentDocumentEditorView.tsx","303","9","client_navigation","","/admin/content/documents/[id]","router.push(`/admin/content/documents/${encodeURIComponent(json.document.id)}`)","source_only","high","/admin/content/documents/[id]","1"
"faeceb6d3c4eb5c1","src/components/admin/views/ContentDocumentEditorView.tsx","535","25","http_request","GET","/api/admin/content/documents/[encodedId]/revisions/[revisionId]","fetch(`/api/admin/content/documents/${encodedId}/revisions/${revisionId}`)","source_only","high","/admin/content/documents/[id]","1"
"728a0acbdbfd398b","src/components/admin/views/ContentDocumentEditorView.tsx","561","25","http_request","POST","/api/admin/content/documents/[encodedId]/revisions/[revisionId]/restore","fetch( `/api/admin/content/documents/${encodedId}/revisions/${revisionId}/restore`, { method: ""POST"", headers: { ""Content-Type"": ""application/js","source_only","high","/admin/content/documents/[id]","1"
"d2712d7679c556b4","src/components/admin/views/ContentDocumentEditorView.tsx","586","23","http_request","PATCH","/api/admin/content/documents/[encodedId]","fetch(`/api/admin/content/documents/${encodedId}`, { method: ""PATCH"", headers: { ""Content-Type"": ""application/json"" }, body: JSON.stringify({ title: nextT","source_only","high","/admin/content/documents/[id]","1"
"7eb263dd267f5db6","src/components/admin/views/ContentDocumentEditorView.tsx","670","25","http_request","PATCH","/api/admin/content/documents/[encodedId]","fetch(`/api/admin/content/documents/${encodedId}`, { method: ""PATCH"", headers: { ""Content-Type"": ""application/json"" }, body: JSON.stringify({ titl","source_only","high","/admin/content/documents/[id]","1"
"19289682e50ec81e","src/components/admin/views/ContentDocumentEditorView.tsx","700","25","http_request","POST","/api/admin/content/documents/[encodedId]/unpublish","fetch(`/api/admin/content/documents/${encodedId}/unpublish`, { method: ""POST"", headers: { ""Content-Type"": ""application/json"" }, body: JSON.stringify({ expec","source_only","high","/admin/content/documents/[id]","1"
"b5337bb8a6e7fc9f","src/components/admin/views/ContentDocumentEditorView.tsx","722","25","http_request","POST","/api/admin/content/documents/[encodedId]/publish","fetch(`/api/admin/content/documents/${encodedId}/publish`, { method: ""POST"", headers: { ""Content-Type"": ""application/json"" }, body: JSON.stringify({ expecte","source_only","high","/admin/content/documents/[id]","1"
"ec60c69d45243e17","src/components/admin/views/ContentDocumentEditorView.tsx","743","5","browser_capability","","window.open","window.open( `/admin/content/documents/${encodedId}/preview?live=1`, ""_blank"", ""noopener,noreferrer"" )","source_only","high","/admin/content/documents/[id]","1"
"5dfcea6eeef1112e","src/components/admin/views/ContentDocumentEditorView.tsx","761","25","http_request","POST","/api/admin/content/documents/[encodedId]/schedule","fetch(`/api/admin/content/documents/${encodedId}/schedule`, { method: ""POST"", headers: { ""Content-Type"": ""application/json"" }, body: JSON.stringify({ ","source_only","high","/admin/content/documents/[id]","1"
"f9fb713bb7ca877c","src/components/admin/views/ContentDocumentEditorView.tsx","789","25","http_request","DELETE","/api/admin/content/documents/[encodedId]/schedule","fetch(`/api/admin/content/documents/${encodedId}/schedule`, { method: ""DELETE"", headers: { ""Content-Type"": ""application/json"" }, body: JSON.stringify({ expe","source_only","high","/admin/content/documents/[id]","1"
"60f350efbb5bdb24","src/components/admin/views/ContentDocumentEditorView.tsx","810","25","http_request","DELETE","/api/admin/content/documents/[encodedId]","fetch(`/api/admin/content/documents/${encodedId}`, { method: ""DELETE"" })","source_only","high","/admin/content/documents/[id]","1"
"963e750c635c651e","src/components/admin/views/ContentDocumentEditorView.tsx","813","7","client_navigation","","/admin/content/documents","router.push(""/admin/content/documents"")","source_only","high","/admin/content/documents/[id]","1"
"9d68bdbd23058f72","src/components/admin/views/ContentDocumentEditorView.tsx","898","59","ui_click","","","onClick={() => void saveDraft()}","source_only","medium","/admin/content/documents/[id]","1"
"79db158b057db942","src/components/admin/views/ContentDocumentEditorView.tsx","902","58","ui_click","","","onClick={() => void publish()}","source_only","medium","/admin/content/documents/[id]","1"
"8fac4583b65ce1b5","src/components/admin/views/ContentDocumentEditorView.tsx","910","19","ui_click","","","onClick={() => void unpublish()}","source_only","medium","/admin/content/documents/[id]","1"
"7ba5ef1a4fd4a7f7","src/components/admin/views/ContentDocumentEditorView.tsx","915","73","ui_click","","","onClick={openLivePreview}","source_only","medium","/admin/content/documents/[id]","1"
"a43208d7033c4101","src/components/admin/views/ContentDocumentEditorView.tsx","961","33","ui_click","","","onClick={restoreLocalDraft}","source_only","medium","/admin/content/documents/[id]","1"
"8174c724f2e60309","src/components/admin/views/ContentDocumentEditorView.tsx","964","51","ui_click","","","onClick={dismissLocalDraft}","source_only","medium","/admin/content/documents/[id]","1"
"1ac6949d2dad9422","src/components/admin/views/ContentDocumentEditorView.tsx","990","36","ui_change","","","onChange={(e) => setTitle(e.target.value)}","source_only","medium","/admin/content/documents/[id]","1"
"f8f2878d3058d2b3","src/components/admin/views/ContentDocumentEditorView.tsx","998","44","ui_change","","","onChange={(e) => setDescription(e.target.value)}","source_only","medium","/admin/content/documents/[id]","1"
"a65ff60322696490","src/components/admin/views/ContentDocumentEditorView.tsx","1005","46","ui_change","","","onChange={(e) => setGuideCategory(e.target.value)}","source_only","medium","/admin/content/documents/[id]","1"
"c248b0875f66c2cb","src/components/admin/views/ContentDocumentEditorView.tsx","1016","21","ui_change","","","onChange={(e) => setDestinationIntro(e.target.value)}","source_only","medium","/admin/content/documents/[id]","1"
"af3cdc75d734ffba","src/components/admin/views/ContentDocumentEditorView.tsx","1024","23","ui_change","","","onChange={(e) => setDestinationRegionGroup(e.target.value)}","source_only","medium","/admin/content/documents/[id]","1"
"be09b368b0995b8b","src/components/admin/views/ContentDocumentEditorView.tsx","1031","23","ui_change","","","onChange={(e) => setDestinationIdealDuration(e.target.value)}","source_only","medium","/admin/content/documents/[id]","1"
"de12f65ec3da9d86","src/components/admin/views/ContentDocumentEditorView.tsx","1039","21","ui_change","","","onChange={(e) => setDestinationBestSeason(e.target.value)}","source_only","medium","/admin/content/documents/[id]","1"
"7be0c99db3e89fda","src/components/admin/views/ContentDocumentEditorView.tsx","1047","21","ui_change","","","onChange={(e) => setDestinationHowToGetThere(e.target.value)}","source_only","medium","/admin/content/documents/[id]","1"
"661fd372413f0ce2","src/components/admin/views/ContentDocumentEditorView.tsx","1055","21","ui_change","","","onChange={(e) => setDestinationHighlights(linesToList(e.target.value))}","source_only","medium","/admin/content/documents/[id]","1"
"7d710f334d73bc6b","src/components/admin/views/ContentDocumentEditorView.tsx","1063","21","ui_change","","","onChange={(e) => setDestinationTravelTips(linesToList(e.target.value))}","source_only","medium","/admin/content/documents/[id]","1"
"d8f49f1c70a00594","src/components/admin/views/ContentDocumentEditorView.tsx","1075","21","ui_change","","","onChange={(e) => setPlaceShortDescription(e.target.value)}","source_only","medium","/admin/content/documents/[id]","1"
"0059df594033cd3f","src/components/admin/views/ContentDocumentEditorView.tsx","1083","21","ui_change","","","onChange={(e) => setPlaceFullDescription(e.target.value)}","source_only","medium","/admin/content/documents/[id]","1"
"bbee7b9286b7293b","src/components/admin/views/ContentDocumentEditorView.tsx","1091","21","ui_change","","","onChange={(e) => setPlaceHowToGetThere(e.target.value)}","source_only","medium","/admin/content/documents/[id]","1"
"2125cab0262b2150","src/components/admin/views/ContentDocumentEditorView.tsx","1099","21","ui_change","","","onChange={(e) => setPlaceInterestingFacts(linesToList(e.target.value))}","source_only","medium","/admin/content/documents/[id]","1"
"0d4f31a87264b74c","src/components/admin/views/ContentDocumentEditorView.tsx","1106","21","ui_change","","","onChange={(e) => setPlaceRelatedTourSlugs(e.target.value)}","source_only","medium","/admin/content/documents/[id]","1"
"3844297087565d75","src/components/admin/views/ContentDocumentEditorView.tsx","1119","40","ui_change","","","onChange={(e) => setExcerpt(e.target.value)}","source_only","medium","/admin/content/documents/[id]","1"
"3ed8d37b341d827c","src/components/admin/views/ContentDocumentEditorView.tsx","1128","19","ui_change","","","onChange={(e) => setBlogRelatedDestinations(e.target.value)}","source_only","medium","/admin/content/documents/[id]","1"
"c4749f2db3e087b2","src/components/admin/views/ContentDocumentEditorView.tsx","1142","19","ui_change","","","onChange={(e) => setBlogFeatured(e.target.checked)}","source_only","medium","/admin/content/documents/[id]","1"
"c52d2cc3ad26ffc7","src/components/admin/views/ContentDocumentEditorView.tsx","1162","23","ui_change","","","onChange={(event) => setKnowledgeAuthorName(event.target.value)}","source_only","medium","/admin/content/documents/[id]","1"
"c916e6dd1c55010e","src/components/admin/views/ContentDocumentEditorView.tsx","1169","23","ui_change","","","onChange={(event) => setKnowledgeAuthorSlug(event.target.value)}","source_only","medium","/admin/content/documents/[id]","1"
"5f454387fe3e6f81","src/components/admin/views/ContentDocumentEditorView.tsx","1179","21","ui_change","","","onChange={(event) => setKnowledgeAuthorBio(event.target.value)}","source_only","medium","/admin/content/documents/[id]","1"
"da82fb2cce995df4","src/components/admin/views/ContentDocumentEditorView.tsx","1186","21","ui_change","","","onChange={(event) => setKnowledgeAuthorAvatar(event.target.value)}","source_only","medium","/admin/content/documents/[id]","1"
"422fdcf7fe9b2c04","src/components/admin/views/ContentDocumentEditorView.tsx","1193","21","ui_change","","","onChange={(event) => { setKnowledgePersonalExperience(event.target.checked); if (!event.target.checked) setKnowledgeVerifiedByAuthor(fal","source_only","medium","/admin/content/documents/[id]","1"
"7f934334627b541e","src/components/admin/views/ContentDocumentEditorView.tsx","1205","21","ui_change","","","onChange={(event) => setKnowledgeVerifiedByAuthor(event.target.checked)}","source_only","medium","/admin/content/documents/[id]","1"
"8205d2047d596a59","src/components/admin/views/ContentDocumentEditorView.tsx","1216","17","ui_change","","","onChange={(e) => setStatus(e.target.value as CmsDocument[""status""])}","source_only","medium","/admin/content/documents/[id]","1"
"50d457903184688c","src/components/admin/views/ContentDocumentEditorView.tsx","1229","53","ui_click","","","onClick={addSection}","source_only","medium","/admin/content/documents/[id]","1"
"c97207d988f4780b","src/components/admin/views/ContentDocumentEditorView.tsx","1239","19","ui_change","","","onChange={(next) => updateSection(index, next)}","source_only","medium","/admin/content/documents/[id]","1"
"1bdabf0cbb7dabe2","src/components/admin/views/ContentDocumentEditorView.tsx","1249","17","ui_change","","","onChange={setSections}","source_only","medium","/admin/content/documents/[id]","1"
"fad5e2b53e9b6f97","src/components/admin/views/ContentDocumentEditorView.tsx","1263","17","ui_change","","","onChange={setSections}","source_only","medium","/admin/content/documents/[id]","1"
"c84012f9c68d44c6","src/components/admin/views/ContentDocumentEditorView.tsx","1279","17","ui_change","","","onChange={setSections}","source_only","medium","/admin/content/documents/[id]","1"
"f3be7c1c767638af","src/components/admin/views/ContentDocumentEditorView.tsx","1290","17","ui_change","","","onChange={setSections}","source_only","medium","/admin/content/documents/[id]","1"
"5d765e34a5da597c","src/components/admin/views/ContentDocumentEditorView.tsx","1301","17","ui_change","","","onChange={setBlogSections}","source_only","medium","/admin/content/documents/[id]","1"
"c60db37fa6f402c3","src/components/admin/views/ContentDocumentEditorView.tsx","1386","21","ui_change","","","onChange={(e) => setScheduleAtLocal(e.target.value)}","source_only","medium","/admin/content/documents/[id]","1"
"e8807f1e98c1a515","src/components/admin/views/ContentDocumentEditorView.tsx","1394","21","ui_click","","","onClick={() => void schedulePublication()}","source_only","medium","/admin/content/documents/[id]","1"
"99ae665bf9fd5116","src/components/admin/views/ContentDocumentEditorView.tsx","1404","23","ui_click","","","onClick={() => void cancelSchedule()}","source_only","medium","/admin/content/documents/[id]","1"
"b3d30370d707afa6","src/components/admin/views/ContentDocumentEditorView.tsx","1417","19","ui_click","","","onClick={() => void removeOverride()}","source_only","medium","/admin/content/documents/[id]","1"
"c9f9c79f39e85298","src/components/admin/views/ContentDocumentEditorView.tsx","1428","15","ui_change","","","onChange={setSeo}","source_only","medium","/admin/content/documents/[id]","1"
"804876e80205ec1a","src/components/admin/views/ContentDocumentEditorView.tsx","1450","25","ui_click","","","onClick={() => void openRevision(rev)}","source_only","medium","/admin/content/documents/[id]","1"
"dd17589898b6d057","src/components/admin/views/ContentDocumentEditorView.tsx","1506","23","ui_click","","","onClick={() => void restoreRevision(selectedRevisionMeta)}","source_only","medium","/admin/content/documents/[id]","1"
"29dd7a06bd84584e","src/components/admin/views/ContentDocumentEditorView.tsx","1514","25","ui_click","","","onClick={() => void restoreRevision(selectedRevisionMeta, true)}","source_only","medium","/admin/content/documents/[id]","1"
"09fe91aa718557cd","src/components/admin/views/ContentDocumentPreviewView.tsx","40","25","http_request","GET","/api/admin/content/documents/[encodedId]","fetch(`/api/admin/content/documents/${encodedId}`)","source_only","high","/admin/content/documents/[id]/preview","1"
"0cbb6731aaa9e763","src/components/admin/views/ContentDocumentsView.tsx","86","25","http_request","POST","/api/admin/content/documents","fetch(""/api/admin/content/documents"", { method: ""POST"", headers: { ""Content-Type"": ""application/json"" }, body: JSON.stringify({ docType: ""legal"", slug, impo","source_only","high","/admin/content/documents","1"
"c6aa49892e42276a","src/components/admin/views/ContentDocumentsView.tsx","94","9","client_navigation","","/admin/content/documents/[id]","router.push(`/admin/content/documents/${encodeURIComponent(json.document.id)}`)","source_only","high","/admin/content/documents","1"
"f7ff205c1cd9d91b","src/components/admin/views/ContentDocumentsView.tsx","108","25","http_request","POST","/api/admin/content/documents","fetch(""/api/admin/content/documents"", { method: ""POST"", headers: { ""Content-Type"": ""application/json"" }, body: JSON.stringify({ docType: ""blog"", slug, impor","source_only","high","/admin/content/documents","1"
"8b538c5ac357b965","src/components/admin/views/ContentDocumentsView.tsx","116","9","client_navigation","","/admin/content/documents/[id]","router.push(`/admin/content/documents/${encodeURIComponent(json.document.id)}`)","source_only","high","/admin/content/documents","1"
"a83d9c357162f783","src/components/admin/views/ContentDocumentsView.tsx","130","25","http_request","POST","/api/admin/content/documents","fetch(""/api/admin/content/documents"", { method: ""POST"", headers: { ""Content-Type"": ""application/json"" }, body: JSON.stringify({ docType: ""guide"", slug, impo","source_only","high","/admin/content/documents","1"
"c3349d05dd1beeca","src/components/admin/views/ContentDocumentsView.tsx","138","9","client_navigation","","/admin/content/documents/[id]","router.push(`/admin/content/documents/${encodeURIComponent(json.document.id)}`)","source_only","high","/admin/content/documents","1"
"993a44fb1ec1e42f","src/components/admin/views/ContentDocumentsView.tsx","152","25","http_request","POST","/api/admin/content/documents","fetch(""/api/admin/content/documents"", { method: ""POST"", headers: { ""Content-Type"": ""application/json"" }, body: JSON.stringify({ docType: ""destination"", slug","source_only","high","/admin/content/documents","1"
"033031ff93068633","src/components/admin/views/ContentDocumentsView.tsx","160","9","client_navigation","","/admin/content/documents/[id]","router.push(`/admin/content/documents/${encodeURIComponent(json.document.id)}`)","source_only","high","/admin/content/documents","1"
"ed7155a239ce684b","src/components/admin/views/ContentDocumentsView.tsx","174","25","http_request","POST","/api/admin/content/documents","fetch(""/api/admin/content/documents"", { method: ""POST"", headers: { ""Content-Type"": ""application/json"" }, body: JSON.stringify({ docType: ""place"", slug, impo","source_only","high","/admin/content/documents","1"
"43fc0cfb5798859d","src/components/admin/views/ContentDocumentsView.tsx","182","9","client_navigation","","/admin/content/documents/[id]","router.push(`/admin/content/documents/${encodeURIComponent(json.document.id)}`)","source_only","high","/admin/content/documents","1"
"fd91e8a290e99103","src/components/admin/views/ContentDocumentsView.tsx","204","25","http_request","POST","/api/admin/content/documents","fetch(""/api/admin/content/documents"", { method: ""POST"", headers: { ""Content-Type"": ""application/json"" }, body: JSON.stringify({ docType: ""landing"", slug, ti","source_only","high","/admin/content/documents","1"
"f6c4a9896c240ba5","src/components/admin/views/ContentDocumentsView.tsx","212","9","client_navigation","","/admin/content/documents/[id]","router.push(`/admin/content/documents/${encodeURIComponent(json.document.id)}`)","source_only","high","/admin/content/documents","1"
"a7bf5b30fd8821fc","src/components/admin/views/ContentDocumentsView.tsx","255","15","ui_click","","","onClick={() => void createOverride(row.slug)}","source_only","medium","/admin/content/documents","1"
"5a2c16a6ee0adb5a","src/components/admin/views/ContentDocumentsView.tsx","272","39","ui_click","","","onClick={() => void refresh()}","source_only","medium","/admin/content/documents","1"
"b86ca59f0329ae1c","src/components/admin/views/ContentDocumentsView.tsx","405","15","ui_click","","","onClick={() => void createLandingDocument()}","source_only","medium","/admin/content/documents","1"
"66615c910db2bca1","src/components/admin/views/ContentDocumentsView.tsx","427","15","ui_change","","","onChange={(e) => setSearch(e.target.value)}","source_only","medium","/admin/content/documents","1"
"950274bca4bb4c98","src/components/admin/views/ContentDocumentsView.tsx","433","15","ui_change","","","onChange={(e) => setTypeFilter(e.target.value as ContentDocumentItem[""type""] | ""all"")}","source_only","medium","/admin/content/documents","1"
"9436c5280706079a","src/components/admin/views/ContentFactoryView.tsx","155","32","ui_change","","","onChange={(event) => setLabel(event.target.value)}","source_only","medium","/admin/marketing/content-factory","1"
"70d5d80e208818b1","src/components/admin/views/ContentFactoryView.tsx","161","37","ui_change","","","onChange={(event) => setChatId(event.target.value)}","source_only","medium","/admin/marketing/content-factory","1"
"bf7ccc482963ae98","src/components/admin/views/ContentFactoryView.tsx","165","37","ui_change","","","onChange={(event) => setHandle(event.target.value)}","source_only","medium","/admin/marketing/content-factory","1"
"09699ba9c0d4f81e","src/components/admin/views/ContentFactoryView.tsx","172","40","ui_change","","","onChange={(event) => setAccountId(event.target.value)}","source_only","medium","/admin/marketing/content-factory","1"
"969f8d2cdb9c352a","src/components/admin/views/ContentFactoryView.tsx","177","46","ui_change","","","onChange={(event) => setPhoneNumberId(event.target.value)}","source_only","medium","/admin/marketing/content-factory","1"
"c242ac47e5a23ff7","src/components/admin/views/ContentFactoryView.tsx","182","41","ui_change","","","onChange={(event) => setApiVersion(event.target.value)}","source_only","medium","/admin/marketing/content-factory","1"
"e584633d069c1238","src/components/admin/views/ContentFactoryView.tsx","192","13","ui_change","","","onChange={(event) => setMainToken(event.target.value)}","source_only","medium","/admin/marketing/content-factory","1"
"bf1985524ada87d2","src/components/admin/views/ContentFactoryView.tsx","200","84","ui_change","","","onChange={(event) => setAppSecret(event.target.value)}","source_only","medium","/admin/marketing/content-factory","1"
"5877911f244b35a0","src/components/admin/views/ContentFactoryView.tsx","204","86","ui_change","","","onChange={(event) => setVerifyToken(event.target.value)}","source_only","medium","/admin/marketing/content-factory","1"
"3c7f54f1322affd6","src/components/admin/views/ContentFactoryView.tsx","227","98","ui_click","","","onClick={() => void save()}","source_only","medium","/admin/marketing/content-factory","1"
"a81f9aac615df99b","src/components/admin/views/ContentFactoryView.tsx","231","53","ui_click","","","onClick={() => void onVerify(provider)}","source_only","medium","/admin/marketing/content-factory","1"
"fc7130fe1308e95f","src/components/admin/views/ContentFactoryView.tsx","272","30","http_request","POST","/api/admin/content-factory","fetch(""/api/admin/content-factory"", { method: ""POST"", headers: { ""Content-Type"": ""application/json"" }, body: JSON.stringify(payload), })","source_only","high","/admin/marketing/content-factory","1"
"589e81863c572162","src/components/admin/views/ContentFactoryView.tsx","331","30","http_request","POST","/api/admin/content-factory","fetch(""/api/admin/content-factory"", { method: ""POST"", headers: { ""Content-Type"": ""application/json"" }, body: JSON.stringify({ action: ""generate_va","source_only","high","/admin/marketing/content-factory","1"
"9b3297cf6a955ef2","src/components/admin/views/ContentFactoryView.tsx","389","21","ui_click","","","onClick={() => setMode(""create"")}","source_only","medium","/admin/marketing/content-factory","1"
"3d060687de7973e7","src/components/admin/views/ContentFactoryView.tsx","403","86","ui_click","","","onClick={() => setMode(id)}","source_only","medium","/admin/marketing/content-factory","1"
"24c0079f0ae936b4","src/components/admin/views/ContentFactoryView.tsx","449","53","ui_click","","","onClick={() => setMode(""create"")}","source_only","medium","/admin/marketing/content-factory","1"
"03402f4070815192","src/components/admin/views/ContentFactoryView.tsx","481","33","ui_change","","","onChange={(event) => setScheduleValues((current) => ({ ...current, [item.id]: event.target.value }))}","source_only","medium","/admin/marketing/content-factory","1"
"5e35121958f70356","src/components/admin/views/ContentFactoryView.tsx","487","35","ui_click","","","onClick={() => void runAction({ action: ""publish_now"", itemId: item.id })}","source_only","medium","/admin/marketing/content-factory","1"
"01e58d187b9eb761","src/components/admin/views/ContentFactoryView.tsx","496","35","ui_click","","","onClick={() => void runAction({ action: ""schedule_item"", itemId: item.id, ","source_only","medium","/admin/marketing/content-factory","1"
"f713d4073eb9646e","src/components/admin/views/ContentFactoryView.tsx","545","38","ui_change","","","onChange={(event) => setTitle(event.target.value)}","source_only","medium","/admin/marketing/content-factory","1"
"fd293f11a15cb4a2","src/components/admin/views/ContentFactoryView.tsx","549","39","ui_change","","","onChange={(event) => setPillar(event.target.value)}","source_only","medium","/admin/marketing/content-factory","1"
"d63649721b6a4c2e","src/components/admin/views/ContentFactoryView.tsx","553","41","ui_change","","","onChange={(event) => setAudience(event.target.value)}","source_only","medium","/admin/marketing/content-factory","1"
"1b938d8f569f650c","src/components/admin/views/ContentFactoryView.tsx","557","37","ui_change","","","onChange={(event) => setGoal(event.target.value)}","source_only","medium","/admin/marketing/content-factory","1"
"9f8db490f94e2baa","src/components/admin/views/ContentFactoryView.tsx","561","49","ui_change","","","onChange={(event) => setSourceRef(event.target.value)}","source_only","medium","/admin/marketing/content-factory","1"
"45d167ee94246820","src/components/admin/views/ContentFactoryView.tsx","572","50","ui_change","","","onChange={(event) => setCampaignId(event.target.value)}","source_only","medium","/admin/marketing/content-factory","1"
"2256d5076c64cd5a","src/components/admin/views/ContentFactoryView.tsx","581","60","ui_change","","","onChange={(event) => setDueAt(event.target.value)}","source_only","medium","/admin/marketing/content-factory","1"
"1be7246176e1ceff","src/components/admin/views/ContentFactoryView.tsx","586","48","ui_change","","","onChange={(event) => setBrief(event.target.value)}","source_only","medium","/admin/marketing/content-factory","1"
"0d429b85d08dfb23","src/components/admin/views/ContentFactoryView.tsx","592","120","ui_click","","","onClick={() => toggleChannel(channel)}","source_only","medium","/admin/marketing/content-factory","1"
"3c9b6364fbbf31f8","src/components/admin/views/ContentFactoryView.tsx","606","23","ui_change","","","onChange={(event) => setChannelFormats((current) => ({ ...current, [channel]: event.target.value as ContentFactoryFormat }))}","source_only","medium","/admin/marketing/content-factory","1"
"d4f6b971ce678476","src/components/admin/views/ContentFactoryView.tsx","616","71","ui_change","","","onChange={(event) => setChannelBodies((current) => ({ ...current, [channel]: event.target.value }))}","source_only","medium","/admin/marketing/content-factory","1"
"4bd2e32e401e5a59","src/components/admin/views/ContentFactoryView.tsx","621","86","ui_change","","","onChange={(event) => setMediaUrls((current) => ({ ...current, [channel]: event.target.value }))}","source_only","medium","/admin/marketing/content-factory","1"
"cdf81e084fc56b13","src/components/admin/views/ContentFactoryView.tsx","627","55","ui_change","","","onChange={(event) => setWhatsappTarget(event.target.value)}","source_only","medium","/admin/marketing/content-factory","1"
"3ba107302de20dda","src/components/admin/views/ContentFactoryView.tsx","633","65","ui_change","","","onChange={(event) => setWhatsappTemplateName(event.target.value)}","source_only","medium","/admin/marketing/content-factory","1"
"c1a17e12aa324608","src/components/admin/views/ContentFactoryView.tsx","637","69","ui_change","","","onChange={(event) => setWhatsappTemplateLanguage(event.target.value)}","source_only","medium","/admin/marketing/content-factory","1"
"f3f31935e3d7c5ab","src/components/admin/views/ContentFactoryView.tsx","652","142","ui_click","","","onClick={() => void generateDrafts()}","source_only","medium","/admin/marketing/content-factory","1"
"553210d1b3a5ff51","src/components/admin/views/ContentFactoryView.tsx","656","159","ui_click","","","onClick={() => void createDraft()}","source_only","medium","/admin/marketing/content-factory","1"
"c308a8e9fe1d3dd1","src/components/admin/views/ContentFactoryView.tsx","659","41","ui_click","","","onClick={() => setMode(""overview"")}","source_only","medium","/admin/marketing/content-factory","1"
"73f6d6c0cd7f8bf3","src/components/admin/views/ContentFreshnessView.tsx","87","39","ui_click","","","onClick={() => void refresh()}","source_only","medium","/admin/content-freshness","1"
"21ce2202dd11756e","src/components/admin/views/ContentFreshnessView.tsx","176","15","ui_change","","","onChange={(event) => setDocType(event.target.value as ContentFreshnessDocType | ""all"")}","source_only","medium","/admin/content-freshness","1"
"f29ffa52500fa49b","src/components/admin/views/ContentTranslationsView.tsx","101","39","ui_click","","","onClick={() => void refresh()}","source_only","medium","/admin/content/translations","1"
"f41f9d37f446f547","src/components/admin/views/EditorialComponentsPreviewView.tsx","58","15","ui_change","","","onChange={(e) => setDensity(e.target.value as BlogEditorialDensity)}","source_only","medium","/admin/editorial-components","1"
"577e92eee9f7b440","src/components/admin/views/ExcursionsView.tsx","140","15","ui_click","","","onClick={() => { void refresh(); void refreshAffise(); }}","source_only","medium","/admin/marketplace/excursions","1"
"0bfd76a21ef85f60","src/components/admin/views/ExcursionsView.tsx","208","25","ui_change","","","onChange={(event) => setAffisePeriod(event.target.value as AffiseChartPeriod)}","source_only","medium","/admin/marketplace/excursions","1"
"2e6a6ae9463390bc","src/components/admin/views/FeatureFlagsView.tsx","179","30","http_request","POST","/api/admin/feature-flags","fetch(""/api/admin/feature-flags"", { method: ""POST"", headers: { ""Content-Type"": ""application/json"" }, body: JSON.stringify({ key, enabled","source_only","high","/admin/feature-flags","1"
"ce6f4a66d098a44b","src/components/admin/views/FeatureFlagsView.tsx","229","30","http_request","PATCH","/api/admin/feature-flags","fetch(""/api/admin/feature-flags"", { method: ""PATCH"", headers: { ""Content-Type"": ""application/json"" }, body: JSON.stringify({ key, enable","source_only","high","/admin/feature-flags","1"
"80bc5b056c190251","src/components/admin/views/FeatureFlagsView.tsx","269","30","http_request","DELETE","/api/admin/feature-flags","fetch(""/api/admin/feature-flags"", { method: ""DELETE"", headers: { ""Content-Type"": ""application/json"" }, body: JSON.stringify({ key }), })","source_only","high","/admin/feature-flags","1"
"bb978093ed9e21e1","src/components/admin/views/FeatureFlagsView.tsx","302","49","ui_click","","","onClick={() => void refresh()}","source_only","medium","/admin/feature-flags","1"
"d758a447c8b0ab9c","src/components/admin/views/FeatureFlagsView.tsx","324","11","form_submit","POST","handler","<form onSubmit={(event) => { event.preventDefault(); void createFlag(); }} noValidate className=""space-y","source_only","medium","/admin/feature-flags","1"
"187ae4f415d31cca","src/components/admin/views/FeatureFlagsView.tsx","342","19","ui_change","","","onChange={(event) => { setNewKey(event.target.value); setFeedback(null); }}","source_only","medium","/admin/feature-flags","1"
"a2f0a499eab834ce","src/components/admin/views/FeatureFlagsView.tsx","364","19","ui_change","","","onChange={(event) => { setNewRolloutPercent(event.target.value); setRolloutTouched(true); setFeedback(null); ","source_only","medium","/admin/feature-flags","1"
"5c8fb7212404f0f3","src/components/admin/views/FeatureFlagsView.tsx","377","17","ui_change","","","onChange={(event) => setNewEnabled(event.target.checked)}","source_only","medium","/admin/feature-flags","1"
"9750099cd938e6a5","src/components/admin/views/FeatureFlagsView.tsx","391","17","ui_change","","","onChange={(event) => { setNewMetadataText(event.target.value); setMetadataTouched(true); setFeedback(null); }}","source_only","medium","/admin/feature-flags","1"
"59e6f9531c925fe2","src/components/admin/views/FeatureFlagsView.tsx","435","27","ui_click","","","onClick={() => void saveFlag(item.key)}","source_only","medium","/admin/feature-flags","1"
"84767e4f20a9004e","src/components/admin/views/FeatureFlagsView.tsx","445","27","ui_click","","","onClick={() => void deleteFlag(item.key)}","source_only","medium","/admin/feature-flags","1"
"cc9444f2392d9605","src/components/admin/views/FeatureFlagsView.tsx","467","27","ui_change","","","onChange={(event) => updateDraft(item.key, { rolloutPercent: event.target.value }) }","source_only","medium","/admin/feature-flags","1"
"87138929e891472d","src/components/admin/views/FeatureFlagsView.tsx","477","27","ui_change","","","onChange={(event) => updateDraft(item.key, { enabled: event.target.checked }) }","source_only","medium","/admin/feature-flags","1"
"6261a26c577ac84f","src/components/admin/views/FeatureFlagsView.tsx","495","25","ui_change","","","onChange={(event) => updateDraft(item.key, { metadataText: event.target.value }) }","source_only","medium","/admin/feature-flags","1"
"6e29ead603b1c6b5","src/components/admin/views/ForumAdminView.tsx","61","26","http_request","UNRESOLVED","dynamic","fetch(url, { method, headers: { ""Content-Type"": ""application/json"" }, body: JSON.stringify(body), })","source_only","medium","/admin/content/forum","1"
"ebbd02637eb82895","src/components/admin/views/ForumAdminView.tsx","266","17","ui_change","","","onChange={(event) => setNewDraft({ ...newDraft, title: event.target.value })}","source_only","medium","/admin/content/forum","1"
"cab7addec635f295","src/components/admin/views/ForumAdminView.tsx","278","17","ui_change","","","onChange={(event) => setNewDraft({ ...newDraft, sortOrder: event.target.value })}","source_only","medium","/admin/content/forum","1"
"c14b8349c90b6eb3","src/components/admin/views/ForumAdminView.tsx","287","17","ui_change","","","onChange={(event) => setNewDraft({ ...newDraft, description: event.target.value })}","source_only","medium","/admin/content/forum","1"
"e268b73cbfb9b0be","src/components/admin/views/ForumAdminView.tsx","296","17","ui_change","","","onChange={(event) => setNewDraft({ ...newDraft, publicRead: event.target.value === ""public"" })}","source_only","medium","/admin/content/forum","1"
"1940a17c09f76e5b","src/components/admin/views/ForumAdminView.tsx","306","17","ui_change","","","onChange={(event) => setNewDraft({ ...newDraft, isActive: event.target.checked })}","source_only","medium","/admin/content/forum","1"
"86e05a80e36e1a74","src/components/admin/views/ForumAdminView.tsx","313","13","ui_click","","","onClick={() => void createCategory()}","source_only","medium","/admin/content/forum","1"
"19d11f3997e88367","src/components/admin/views/ForumAdminView.tsx","358","83","ui_change","","","onChange={(event) => patchDraft(category.id, { title: event.target.value })}","source_only","medium","/admin/content/forum","1"
"9369cc7d0c810885","src/components/admin/views/ForumAdminView.tsx","362","105","ui_change","","","onChange={(event) => patchDraft(category.id, { sortOrder: event.target.value })}","source_only","medium","/admin/content/forum","1"
"6570028b4bbf1c56","src/components/admin/views/ForumAdminView.tsx","366","102","ui_change","","","onChange={(event) => patchDraft(category.id, { description: event.target.value })}","source_only","medium","/admin/content/forum","1"
"8aeb31ad3ea56188","src/components/admin/views/ForumAdminView.tsx","370","102","ui_change","","","onChange={(event) => patchDraft(category.id, { publicRead: event.target.value === ""public"" })}","source_only","medium","/admin/content/forum","1"
"4e564015b0aa6821","src/components/admin/views/ForumAdminView.tsx","376","71","ui_change","","","onChange={(event) => patchDraft(category.id, { isActive: event.target.checked })}","source_only","medium","/admin/content/forum","1"
"8e43b88460884a8a","src/components/admin/views/ForumAdminView.tsx","382","39","ui_click","","","onClick={() => void saveCategory(category)}","source_only","medium","/admin/content/forum","1"
"cac65e579db75908","src/components/admin/views/ForumAdminView.tsx","386","57","ui_click","","","onClick={() => setDeleteConfirmId(category.id)}","source_only","medium","/admin/content/forum","1"
"58c27d4e6da194da","src/components/admin/views/ForumAdminView.tsx","391","65","ui_click","","","onClick={() => void deleteCategory(category)}","source_only","medium","/admin/content/forum","1"
"027171adfdf5a3c4","src/components/admin/views/ForumAdminView.tsx","394","59","ui_click","","","onClick={() => setDeleteConfirmId(null)}","source_only","medium","/admin/content/forum","1"
"4ddcf49324dd4695","src/components/admin/views/ForumAdminView.tsx","416","34","ui_change","","","onChange={(event) => setQuery(event.target.value)}","source_only","medium","/admin/content/forum","1"
"bcfca758f50ba045","src/components/admin/views/ForumAdminView.tsx","417","50","ui_change","","","onChange={(event) => setCategoryFilter(event.target.value)}","source_only","medium","/admin/content/forum","1"
"2074cc2591adecbe","src/components/admin/views/ForumAdminView.tsx","436","102","ui_click","","","onClick={() => void changeThread(thread, { pinned: !thread.pinned, locked: thread.locked })}","source_only","medium","/admin/content/forum","1"
"6b299972c4357246","src/components/admin/views/ForumAdminView.tsx","440","102","ui_click","","","onClick={() => void changeThread(thread, { pinned: thread.pinned, locked: !thread.locked })}","source_only","medium","/admin/content/forum","1"
"b9086b41983cb6a9","src/components/admin/views/FunnelsView.tsx","85","15","ui_change","","","onChange={(e) => setPeriod(e.target.value as AnalyticsPeriod)}","source_only","medium","/admin/analytics/funnels","1"
"cfff7493c7b80ec4","src/components/admin/views/KnowledgeImportView.tsx","67","32","http_request","GET","/api/admin/content/knowledge-import","fetch(""/api/admin/content/knowledge-import"")","source_only","high","/admin/content/knowledge","1"
"9744f34b9881050f","src/components/admin/views/KnowledgeImportView.tsx","94","30","http_request","POST","/api/admin/content/knowledge-import","fetch(""/api/admin/content/knowledge-import"", { method: ""POST"", headers: { ""Content-Type"": ""application/json"" }, body: JSON.stringify({ action: ""preview"", pa","source_only","high","/admin/content/knowledge","1"
"edb3dd2fe65e280f","src/components/admin/views/KnowledgeImportView.tsx","128","25","data_mutation","DELETE","supabase_or_repository","next.delete(id)","source_only","medium","/admin/content/knowledge","1"
"adec2046d47e5c3c","src/components/admin/views/KnowledgeImportView.tsx","153","30","http_request","POST","/api/admin/content/knowledge-import","fetch(""/api/admin/content/knowledge-import"", { method: ""POST"", headers: { ""Content-Type"": ""application/json"" }, body: JSON.stringify( rawPackage ","source_only","high","/admin/content/knowledge","1"
"d22696ceeb38d0ae","src/components/admin/views/KnowledgeImportView.tsx","212","17","ui_change","","","onChange={(event) => { const file = event.target.files?.[0]; if (file) void readPackage(file); }}","source_only","medium","/admin/content/knowledge","1"
"9d58bfd3827d15f6","src/components/admin/views/KnowledgeImportView.tsx","217","57","ui_click","","","onClick={() => inputRef.current?.click()}","source_only","medium","/admin/content/knowledge","1"
"b0a12e1ab4d5a2cd","src/components/admin/views/KnowledgeImportView.tsx","221","62","ui_click","","","onClick={() => void importSelected()}","source_only","medium","/admin/content/knowledge","1"
"5e85f264d3ffd437","src/components/admin/views/KnowledgeImportView.tsx","277","17","ui_click","","","onClick={selectAvailable}","source_only","medium","/admin/content/knowledge","1"
"f977e4ff57de6305","src/components/admin/views/KnowledgeImportView.tsx","302","27","ui_change","","","onChange={() => toggle(item.id)}","source_only","medium","/admin/content/knowledge","1"
"234d82cb1723086a","src/components/admin/views/LeadsView.tsx","67","30","http_request","PATCH","/api/admin/leads","fetch(""/api/admin/leads"", { method: ""PATCH"", headers: { ""Content-Type"": ""application/json"" }, body: JSON.stringify({ id, status: nextStatus }), })","source_only","high","/admin/operations/leads","1"
"d88c7a407011ff2f","src/components/admin/views/LeadsView.tsx","94","17","ui_click","","","onClick={() => { window.location.href = ""/api/admin/leads/export""; }}","source_only","medium","/admin/operations/leads","1"
"09d5ec81264c20fb","src/components/admin/views/LeadsView.tsx","100","41","ui_click","","","onClick={() => void refresh()}","source_only","medium","/admin/operations/leads","1"
"f06536e3047bcb9a","src/components/admin/views/LeadsView.tsx","141","17","ui_change","","","onChange={(event) => { setSearch(event.target.value); setPage(1); }}","source_only","medium","/admin/operations/leads","1"
"8531fc8c0cca1182","src/components/admin/views/LeadsView.tsx","147","17","ui_change","","","onChange={(event) => { setStatus(event.target.value as typeof status); setPage(1); }}","source_only","medium","/admin/operations/leads","1"
"8b7c464b400896ec","src/components/admin/views/LeadsView.tsx","178","23","ui_change","","","onChange={(event) => void changeStatus(row.id, event.target.value as ContactSubmissionStatus)}","source_only","medium","/admin/operations/leads","1"
"8b58ed5a4457b0b1","src/components/admin/views/LeadsView.tsx","197","83","ui_click","","","onClick={() => setPage((value) => Math.max(1, value - 1))}","source_only","medium","/admin/operations/leads","1"
"16063957abc45f49","src/components/admin/views/LeadsView.tsx","201","92","ui_click","","","onClick={() => setPage((value) => value + 1)}","source_only","medium","/admin/operations/leads","1"
"96f9a37b3de279c9","src/components/admin/views/MapEditorView.tsx","44","30","http_request","PATCH","/api/admin/content/map","fetch(""/api/admin/content/map"", { method: ""PATCH"", headers: { ""Content-Type"": ""application/json"" }, body: JSON.stringify({ objectId: draft.id, ","source_only","high","/admin/content/map","1"
"991e6b358111c897","src/components/admin/views/MapEditorView.tsx","87","34","ui_change","","","onChange={(event) => setQuery(event.target.value)}","source_only","medium","/admin/content/map","1"
"319d57ef7c119c02","src/components/admin/views/MapEditorView.tsx","92","41","ui_click","","","onClick={() => setSelectedId(item.id)}","source_only","medium","/admin/content/map","1"
"026cebb946bae9e7","src/components/admin/views/MapEditorView.tsx","121","167","ui_change","","","onChange={(event) => setDraft({ ...draft, [key]: Number(event.target.value) })}","source_only","medium","/admin/content/map","1"
"aa80419d3f9f6543","src/components/admin/views/MapEditorView.tsx","123","138","ui_change","","","onChange={(event) => setDraft({ ...draft, status: event.target.value as MapObject[""status""] })}","source_only","medium","/admin/content/map","1"
"b7ffb69bd84207bc","src/components/admin/views/MapEditorView.tsx","124","153","ui_change","","","onChange={(event) => setDraft({ ...draft, featured: event.target.checked })}","source_only","medium","/admin/content/map","1"
"82a3c15a9117935f","src/components/admin/views/MapEditorView.tsx","125","138","ui_change","","","onChange={(event) => setDraft({ ...draft, source: event.target.value })}","source_only","medium","/admin/content/map","1"
"62275f6ed99d8938","src/components/admin/views/MapEditorView.tsx","126","137","ui_change","","","onChange={(event) => setDraft({ ...draft, sourceUrl: event.target.value })}","source_only","medium","/admin/content/map","1"
"cda7c07dc7eb0aa5","src/components/admin/views/MapEditorView.tsx","127","151","ui_change","","","onChange={(event) => setDraft({ ...draft, sourceVerifiedAt: event.target.value })}","source_only","medium","/admin/content/map","1"
"2a32fe1c31262505","src/components/admin/views/MapEditorView.tsx","128","154","ui_change","","","onChange={(event) => setDraft({ ...draft, curatorNote: event.target.value })}","source_only","medium","/admin/content/map","1"
"ce77d52976391a97","src/components/admin/views/MapEditorView.tsx","131","39","ui_click","","","onClick={() => void save()}","source_only","medium","/admin/content/map","1"
"96e299f7fec501a0","src/components/admin/views/MarketplaceExpertsView.tsx","39","25","http_request","PATCH","/api/admin/experts","fetch(""/api/admin/experts"", { method: ""PATCH"", headers: { ""Content-Type"": ""application/json"" }, body: JSON.stringify({ id, action }), })","source_only","high","/admin/marketplace/experts","1"
"e74927bb42b0af88","src/components/admin/views/MarketplaceExpertsView.tsx","57","25","http_request","PATCH","/api/admin/experts","fetch(""/api/admin/experts"", { method: ""PATCH"", headers: { ""Content-Type"": ""application/json"" }, body: JSON.stringify({ inquiryId: id, inquiryStatus }), ","source_only","high","/admin/marketplace/experts","1"
"94a8c47d1dbce137","src/components/admin/views/MarketplaceExpertsView.tsx","82","17","ui_click","","","onClick={() => setTab(""experts"")}","source_only","medium","/admin/marketplace/experts","1"
"b48a12945b081721","src/components/admin/views/MarketplaceExpertsView.tsx","88","17","ui_click","","","onClick={() => setTab(""inquiries"")}","source_only","medium","/admin/marketplace/experts","1"
"7093a067fe637daa","src/components/admin/views/MarketplaceExpertsView.tsx","94","17","ui_click","","","onClick={() => void (tab === ""experts"" ? expertsApi.refresh() : inquiriesApi.refresh()) }","source_only","medium","/admin/marketplace/experts","1"
"4306dff716738dd5","src/components/admin/views/MarketplaceExpertsView.tsx","162","27","ui_click","","","onClick={() => void patchExpert(expert.id, ""publish"")}","source_only","medium","/admin/marketplace/experts","1"
"93054a9ef674aee5","src/components/admin/views/MarketplaceExpertsView.tsx","171","27","ui_click","","","onClick={() => void patchExpert(expert.id, ""reject"")}","source_only","medium","/admin/marketplace/experts","1"
"d10b3663149c9806","src/components/admin/views/MarketplaceExpertsView.tsx","182","25","ui_click","","","onClick={() => void patchExpert(expert.id, ""archive"")}","source_only","medium","/admin/marketplace/experts","1"
"dcb441c8984ee597","src/components/admin/views/MarketplaceExpertsView.tsx","242","25","ui_click","","","onClick={() => void patchInquiry(inquiry.id, ""replied"")}","source_only","medium","/admin/marketplace/experts","1"
"595014babbb20565","src/components/admin/views/MarketplaceExpertsView.tsx","250","25","ui_click","","","onClick={() => void patchInquiry(inquiry.id, ""closed"")}","source_only","medium","/admin/marketplace/experts","1"
"2020f3df4b8e3d17","src/components/admin/views/MarketplaceOrganizersView.tsx","44","25","http_request","PATCH","/api/admin/organizer-applications/[id]","fetch(`/api/admin/organizer-applications/${id}`, { method: ""PATCH"", headers: { ""Content-Type"": ""application/json"" }, body: JSON.stringify({ action, note }),","source_only","high","/admin/marketplace/organizers","1"
"4dcea952f8943800","src/components/admin/views/MarketplaceOrganizersView.tsx","66","39","ui_click","","","onClick={() => void refresh()}","source_only","medium","/admin/marketplace/organizers","1"
"c2784c59d2fd5137","src/components/admin/views/MarketplaceOrganizersView.tsx","116","23","ui_click","","","onClick={() => void resolveApplication(application.id, ""approve"")}","source_only","medium","/admin/marketplace/organizers","1"
"6493c27fc5f17c06","src/components/admin/views/MarketplaceOrganizersView.tsx","125","23","ui_click","","","onClick={() => void resolveApplication(application.id, ""reject"")}","source_only","medium","/admin/marketplace/organizers","1"
"ab01216c145a2d56","src/components/admin/views/MediaLibraryView.tsx","149","25","http_request","PUT","/api/admin/media","fetch(""/api/admin/media"", { method: ""PUT"" })","source_only","high","/admin/media","1"
"e2be2f127b77fe09","src/components/admin/views/MediaLibraryView.tsx","172","17","ui_click","","","onClick={() => void syncManifest()}","source_only","medium","/admin/media","1"
"56946885acf674de","src/components/admin/views/MediaLibraryView.tsx","183","17","ui_click","","","onClick={() => setViewMode((m) => (m === ""grid"" ? ""table"" : ""grid""))}","source_only","medium","/admin/media","1"
"7308ee82036011aa","src/components/admin/views/MediaLibraryView.tsx","245","13","ui_change","","","onChange={(e) => setQuery(e.target.value)}","source_only","medium","/admin/media","1"
"842567f7b91324f8","src/components/admin/views/MediaLibraryView.tsx","251","13","ui_change","","","onChange={(e) => setSource(e.target.value as MediaSource | ""all"")}","source_only","medium","/admin/media","1"
"9e3cacd3bd85b6ad","src/components/admin/views/MediaLibraryView.tsx","262","13","ui_change","","","onChange={(e) => setCategory(e.target.value as MediaCategory | ""all"")}","source_only","medium","/admin/media","1"
"1844e3d681baa865","src/components/admin/views/MediaLibraryView.tsx","288","17","ui_click","","","onClick={() => setLightboxIndex(index)}","source_only","medium","/admin/media","1"
"50d67e566ae672c6","src/components/admin/views/ModerationView.tsx","44","25","http_request","PATCH","/api/admin/moderation/[id]","fetch(`/api/admin/moderation/${item.id}`, { method: ""PATCH"", headers: { ""Content-Type"": ""application/json"" }, body: JSON.stringify({ action, ","source_only","high","/admin/marketplace/moderation","1"
"5ab80705b80b0e50","src/components/admin/views/ModerationView.tsx","99","39","ui_click","","","onClick={() => void refresh()}","source_only","medium","/admin/marketplace/moderation","1"
"39f1568e1d10df8f","src/components/admin/views/ModerationView.tsx","291","27","ui_click","","","onClick={() => void resolveItem(item, ""hide_comment"")}","source_only","medium","/admin/marketplace/moderation","1"
"c5f4098a39082ac7","src/components/admin/views/ModerationView.tsx","299","27","ui_click","","","onClick={() => { if (window.confirm(""Восстановить комментарий на публичной странице?"")) { void resolveItem(item, ""restore_","source_only","medium","/admin/marketplace/moderation","1"
"44b91a0f4c55b3aa","src/components/admin/views/ModerationView.tsx","313","27","ui_click","","","onClick={() => { if (window.confirm(""Отклонить жалобу без изменения комментария?"")) { void resolveItem(item, ""dismiss_repo","source_only","medium","/admin/marketplace/moderation","1"
"6284eff9da0e30e7","src/components/admin/views/ModerationView.tsx","332","25","ui_click","","","onClick={() => void resolveItem(item, ""approve"")}","source_only","medium","/admin/marketplace/moderation","1"
"22bec2c8c0ce2293","src/components/admin/views/ModerationView.tsx","348","25","ui_click","","","onClick={() => { setRejectingId(item.id); setRejectNote(""""); }}","source_only","medium","/admin/marketplace/moderation","1"
"4e22eaa1846042f4","src/components/admin/views/ModerationView.tsx","367","25","ui_change","","","onChange={(event) => setRejectNote(event.target.value)}","source_only","medium","/admin/marketplace/moderation","1"
"feb97281e2dd2444","src/components/admin/views/ModerationView.tsx","381","27","ui_click","","","onClick={() => void resolveItem(item, ""reject"", rejectNote.trim())}","source_only","medium","/admin/marketplace/moderation","1"
"c5dd234f246533a1","src/components/admin/views/ModerationView.tsx","385","59","ui_click","","","onClick={() => setRejectingId(null)}","source_only","medium","/admin/marketplace/moderation","1"
"4335f4a688c89e47","src/components/admin/views/ModulesView.tsx","168","5","http_request","PATCH","/api/admin/settings","fetch(""/api/admin/settings"", { method: ""PATCH"", headers: { ""Content-Type"": ""application/json"" }, body: JSON.stringify({ ...payload, confirmationToken }), })","source_only","high","/admin/modules","1"
"329bff87df9727c6","src/components/admin/views/ModulesView.tsx","299","15","ui_click","","","onClick={() => { if (!data) return; setNavigation(data.settings.navigation); setModules(data.settings.modules); setF","source_only","medium","/admin/modules","1"
"98de04dfe237029d","src/components/admin/views/ModulesView.tsx","308","60","ui_click","","","onClick={() => void save()}","source_only","medium","/admin/modules","1"
"faf99e75a316e564","src/components/admin/views/ModulesView.tsx","321","15","ui_click","","","onClick={() => setFilter(key)}","source_only","medium","/admin/modules","1"
"ec9fe0d0b77c28c4","src/components/admin/views/ModulesView.tsx","395","27","ui_change","","","onChange={(checked) => updatePublicModule(module.publicModuleId!, { activated: checked })}","source_only","medium","/admin/modules","1"
"5197af0ec777cafd","src/components/admin/views/ModulesView.tsx","402","27","ui_change","","","onChange={(checked) => updatePublicModule(module.publicModuleId!, { published: checked })}","source_only","medium","/admin/modules","1"
"7062a79185cefbe4","src/components/admin/views/ModulesView.tsx","410","29","ui_change","","","onChange={(checked) => setNavigation((current) => current ? { ...current, [module.navigationKey!]: checked } : current)}","source_only","medium","/admin/modules","1"
"23722a7f6adf86f5","src/components/admin/views/ModulesView.tsx","418","27","ui_change","","","onChange={(checked) => updatePublicModule(module.publicModuleId!, { includeInSearch: checked })}","source_only","medium","/admin/modules","1"
"e3cada40f484a6e6","src/components/admin/views/ModulesView.tsx","425","27","ui_change","","","onChange={(checked) => updatePublicModule(module.publicModuleId!, { includeInSitemap: checked })}","source_only","medium","/admin/modules","1"
"4a67e9e44dc1a729","src/components/admin/views/OperationsCommandView.tsx","53","41","ui_click","","","onClick={() => void refresh()}","source_only","medium","/admin/operations","1"
"59295cb54a63284c","src/components/admin/views/PrivacyRequestsView.tsx","60","28","http_request","PATCH","/api/admin/privacy-requests","fetch(""/api/admin/privacy-requests"", { method: ""PATCH"", headers: { ""Content-Type"": ""application/json"" }, body: JSON.stringify({ id, action, notes: notes ?? undefi","source_only","high","/admin/operations/privacy-requests","1"
"4caad8c2e20599f7","src/components/admin/views/PrivacyRequestsView.tsx","82","39","ui_click","","","onClick={() => void refresh()}","source_only","medium","/admin/operations/privacy-requests","1"
"a6eac253a8330004","src/components/admin/views/PrivacyRequestsView.tsx","138","25","ui_click","","","onClick={() => void updateAction(item.id, ""approve"")}","source_only","medium","/admin/operations/privacy-requests","1"
"542ae4b5a4d5c3f7","src/components/admin/views/PrivacyRequestsView.tsx","145","25","ui_click","","","onClick={() => void updateAction(item.id, ""reject"")}","source_only","medium","/admin/operations/privacy-requests","1"
"967d49f7f5efa9bd","src/components/admin/views/RedirectsView.tsx","35","25","http_request","POST","/api/admin/redirects","fetch(""/api/admin/redirects"", { method: ""POST"", headers: { ""Content-Type"": ""application/json"" }, body: JSON.stringify(form), })","source_only","high","/admin/system/redirects","1"
"7fb44643083ab5cd","src/components/admin/views/RedirectsView.tsx","52","23","http_request","PATCH","/api/admin/redirects/[id]","fetch(`/api/admin/redirects/${redirect.id}`, { method: ""PATCH"", headers: { ""Content-Type"": ""application/json"" }, body: JSON.stringify({ enabled: !redirect.enabled","source_only","high","/admin/system/redirects","1"
"f44150ffa6e3d224","src/components/admin/views/RedirectsView.tsx","67","23","http_request","DELETE","/api/admin/redirects/[id]","fetch(`/api/admin/redirects/${id}`, { method: ""DELETE"" })","source_only","high","/admin/system/redirects","1"
"99b683fc83c38a7a","src/components/admin/views/RedirectsView.tsx","96","17","ui_change","","","onChange={(e) => setForm((prev) => ({ ...prev, fromPath: e.target.value }))}","source_only","medium","/admin/system/redirects","1"
"151e80b6b6d3fd9f","src/components/admin/views/RedirectsView.tsx","105","17","ui_change","","","onChange={(e) => setForm((prev) => ({ ...prev, toPath: e.target.value }))}","source_only","medium","/admin/system/redirects","1"
"77449161fca6d17b","src/components/admin/views/RedirectsView.tsx","113","17","ui_change","","","onChange={(e) => setForm((prev) => ({ ...prev, statusCode: Number(e.target.value) as UrlRedirectStatusCode, ","source_only","medium","/admin/system/redirects","1"
"19d07d3de2bde8bc","src/components/admin/views/RedirectsView.tsx","132","17","ui_change","","","onChange={(e) => setForm((prev) => ({ ...prev, note: e.target.value }))}","source_only","medium","/admin/system/redirects","1"
"405ec08382d9b5c7","src/components/admin/views/RedirectsView.tsx","136","33","ui_click","","","onClick={() => void createRedirect()}","source_only","medium","/admin/system/redirects","1"
"758cb75cbe8d1eb2","src/components/admin/views/RedirectsView.tsx","169","23","ui_click","","","onClick={() => void toggleEnabled(redirect)}","source_only","medium","/admin/system/redirects","1"
"e25fa26f7fc9443f","src/components/admin/views/RedirectsView.tsx","180","23","ui_click","","","onClick={() => void removeRedirect(redirect.id)}","source_only","medium","/admin/system/redirects","1"
"b222a46061a1c66d","src/components/admin/views/SearchVisibilityView.tsx","106","40","ui_change","","","onChange={(event) => setPropertyUrl(event.target.value)}","source_only","medium","/admin/marketing/search-visibility","1"
"9fed23d2cadc509c","src/components/admin/views/SearchVisibilityView.tsx","114","17","ui_change","","","onChange={(event) => setCredential(event.target.value)}","source_only","medium","/admin/marketing/search-visibility","1"
"56991077459d0222","src/components/admin/views/SearchVisibilityView.tsx","122","17","ui_change","","","onChange={(event) => setCredential(event.target.value)}","source_only","medium","/admin/marketing/search-visibility","1"
"354b66a616a1fd5c","src/components/admin/views/SearchVisibilityView.tsx","135","15","ui_click","","","onClick={() => onAction({ action: ""save"", provider, propertyUrl, credential })}","source_only","medium","/admin/marketing/search-visibility","1"
"317f5b42d4704cb3","src/components/admin/views/SearchVisibilityView.tsx","141","59","ui_click","","","onClick={() => onAction({ action: ""sync"", provider })}","source_only","medium","/admin/marketing/search-visibility","1"
"4b48a17598061435","src/components/admin/views/SearchVisibilityView.tsx","147","19","ui_click","","","onClick={() => { if (window.confirm(`Удалить подключение ${PROVIDER_LABELS[provider]} и его метрики?`)) { void onAction({ action: ""delete""","source_only","medium","/admin/marketing/search-visibility","1"
"71213835953469d2","src/components/admin/views/SearchVisibilityView.tsx","191","30","http_request","POST","/api/admin/seo/search-visibility","fetch(""/api/admin/seo/search-visibility"", { method: ""POST"", headers: { ""Content-Type"": ""application/json"" }, body: JSON.stringify(input), })","source_only","high","/admin/marketing/search-visibility","1"
"f3243f80abf017db","src/components/admin/views/SearchVisibilityView.tsx","220","15","ui_change","","","onChange={(event) => setDays(Number(event.target.value))}","source_only","medium","/admin/marketing/search-visibility","1"
"ef30a69255357289","src/components/admin/views/SettingsView.tsx","138","28","http_request","PATCH","/api/admin/settings","fetch(""/api/admin/settings"", { method: ""PATCH"", headers: { ""Content-Type"": ""application/json"" }, body: JSON.stringify({ ...payload, confirmationToken }), })","source_only","high","/admin/system/settings","1"
"75a77b3ddf083684","src/components/admin/views/SettingsView.tsx","348","5","client_navigation","","[pathname]?[nextSearchParamstoString]","router.push(`${pathname}?${nextSearchParams.toString()}`, { scroll: false })","source_only","high","/admin/system/settings","1"
"87373ea8b8a81c70","src/components/admin/views/SettingsView.tsx","572","15","ui_click","","","onClick={exportSettings}","source_only","medium","/admin/system/settings","1"
"4d746c76b6b418ee","src/components/admin/views/SettingsView.tsx","579","15","ui_click","","","onClick={() => importInputRef.current?.click()}","source_only","medium","/admin/system/settings","1"
"9cc3a562a518bba6","src/components/admin/views/SettingsView.tsx","586","15","ui_click","","","onClick={resetAll}","source_only","medium","/admin/system/settings","1"
"d9d09922433361c1","src/components/admin/views/SettingsView.tsx","594","15","ui_click","","","onClick={() => void saveAll()}","source_only","medium","/admin/system/settings","1"
"8c88c3a416327780","src/components/admin/views/SettingsView.tsx","610","17","ui_click","","","onClick={exportSettings}","source_only","medium","/admin/system/settings","1"
"637fed90b6623540","src/components/admin/views/SettingsView.tsx","617","17","ui_click","","","onClick={() => importInputRef.current?.click()}","source_only","medium","/admin/system/settings","1"
"3749e853707ea377","src/components/admin/views/SettingsView.tsx","624","17","ui_click","","","onClick={resetAll}","source_only","medium","/admin/system/settings","1"
"a1d0ca32d4200a52","src/components/admin/views/SettingsView.tsx","637","13","ui_change","","","onChange={(event) => { const file = event.currentTarget.files?.[0]; if (file) void importSettings(file); event.currentTarget.value = """"; ","source_only","medium","/admin/system/settings","1"
"ca7a8f3e53906946","src/components/admin/views/SettingsView.tsx","652","13","ui_change","","","onChange={(event) => selectTab(event.target.value as SettingsTab)}","source_only","medium","/admin/system/settings","1"
"96f42627cf6c748e","src/components/admin/views/SettingsView.tsx","671","15","ui_click","","","onClick={() => selectTab(tabKey)}","source_only","medium","/admin/system/settings","1"
"7e0e1d7cb5024293","src/components/admin/views/SettingsView.tsx","697","15","ui_change","","","onChange={(values) => setGlobals((prev) => ({ ...prev, [definition.key]: values })) }","source_only","medium","/admin/system/settings","1"
"a93c737051ee79d8","src/components/admin/views/SettingsView.tsx","799","19","ui_click","","","onClick={exportSettings}","source_only","medium","/admin/system/settings","1"
"dfd227f82c26a1ea","src/components/admin/views/SettingsView.tsx","806","19","ui_click","","","onClick={() => importInputRef.current?.click()}","source_only","medium","/admin/system/settings","1"
"c8c7959163424410","src/components/admin/views/SettingsView.tsx","902","17","ui_click","","","onClick={() => void saveAll()}","source_only","medium","/admin/system/settings","1"
"5dc0d342025e064f","src/components/admin/views/ShopCatalogView.tsx","89","26","http_request","UNRESOLVED","dynamic","fetch(url, { method, headers: { ""Content-Type"": ""application/json"" }, body: JSON.stringify(body), })","source_only","medium","/admin/content/shop","1"
"873b1aabace8d462","src/components/admin/views/ShopCatalogView.tsx","242","28","ui_click","","","onClick={startNew}","source_only","medium","/admin/content/shop","1"
"4254b9b7bed364ad","src/components/admin/views/ShopCatalogView.tsx","256","36","ui_change","","","onChange={(event) => setQuery(event.target.value)}","source_only","medium","/admin/content/shop","1"
"b3d1236aca5ea4ad","src/components/admin/views/ShopCatalogView.tsx","257","50","ui_change","","","onChange={(event) => setStatusFilter(event.target.value)}","source_only","medium","/admin/content/shop","1"
"049cbb555e0adb65","src/components/admin/views/ShopCatalogView.tsx","261","52","ui_change","","","onChange={(event) => setCategoryFilter(event.target.value)}","source_only","medium","/admin/content/shop","1"
"c36a04c0b4cca8d3","src/components/admin/views/ShopCatalogView.tsx","272","43","ui_click","","","onClick={() => editProduct(product)}","source_only","medium","/admin/content/shop","1"
"6dee8a14b0f94882","src/components/admin/views/ShopCatalogView.tsx","292","108","ui_change","","","onChange={(event) => setDraft((current) => current ? { ...current, title: event.target.value, slug: current.slug || slugifyShopValue(event.target.value) } : current)}","source_only","medium","/admin/content/shop","1"
"e365f79dc6cb2bb8","src/components/admin/views/ShopCatalogView.tsx","293","113","ui_change","","","onChange={(event) => setDraft((current) => current ? { ...current, slug: slugifyShopValue(event.target.value) } : current)}","source_only","medium","/admin/content/shop","1"
"9e749ac644a40124","src/components/admin/views/ShopCatalogView.tsx","294","127","ui_change","","","onChange={(event) => setDraft((current) => current ? { ...current, categoryId: event.target.value } : current)}","source_only","medium","/admin/content/shop","1"
"664b871460649b93","src/components/admin/views/ShopCatalogView.tsx","295","126","ui_change","","","onChange={(event) => setDraft((current) => current ? { ...current, description: event.target.value } : current)}","source_only","medium","/admin/content/shop","1"
"84e403b74b684840","src/components/admin/views/ShopCatalogView.tsx","297","125","ui_change","","","onChange={(event) => setPriceInput(event.target.value)}","source_only","medium","/admin/content/shop","1"
"44a72904a0c7afe5","src/components/admin/views/ShopCatalogView.tsx","298","125","ui_change","","","onChange={(event) => setDraft((current) => current ? { ...current, currency: event.target.value.toUpperCase() } : current)}","source_only","medium","/admin/content/shop","1"
"e6655d6c811a6aeb","src/components/admin/views/ShopCatalogView.tsx","300","107","ui_change","","","onChange={(event) => setDraft((current) => current ? { ...current, format: event.target.value } : current)}","source_only","medium","/admin/content/shop","1"
"a403d962a937867a","src/components/admin/views/ShopCatalogView.tsx","302","127","ui_change","","","onChange={(event) => { const availability = event.target.value as ShopProductDraft[""availability""]; setDraft((current) => current ? { ...current, availability, stockQuantity: avail","source_only","medium","/admin/content/shop","1"
"e1d7a8add5f98671","src/components/admin/views/ShopCatalogView.tsx","303","182","ui_change","","","onChange={(event) => setDraft((current) => current ? { ...current, stockQuantity: Number(event.target.value) } : current)}","source_only","medium","/admin/content/shop","1"
"9a6e21cac19c3255","src/components/admin/views/ShopCatalogView.tsx","305","114","ui_change","","","onChange={(event) => setDraft((current) => current ? { ...current, status: event.target.value as ""draft"" | ""published"" } : current)}","source_only","medium","/admin/content/shop","1"
"9792436bb9a1772c","src/components/admin/views/ShopCatalogView.tsx","306","137","ui_change","","","onChange={(event) => setDraft((current) => current ? { ...current, seoTitle: event.target.value || null } : current)}","source_only","medium","/admin/content/shop","1"
"37e9139ef329f430","src/components/admin/views/ShopCatalogView.tsx","307","155","ui_change","","","onChange={(event) => setDraft((current) => current ? { ...current, seoDescription: event.target.value || null } : current)}","source_only","medium","/admin/content/shop","1"
"594dbdea94adf373","src/components/admin/views/ShopCatalogView.tsx","310","186","ui_click","","","onClick={() => setDraft((current) => current ? { ...current, images: [...current.images, { url: """", alt: """" }] } : current)}","source_only","medium","/admin/content/shop","1"
"da75ab66bb06e2ff","src/components/admin/views/ShopCatalogView.tsx","313","60","ui_change","","","onChange={(value) => setDraft((current) => current ? { ...current, images: current.images.map((item, itemIndex) => itemIndex === index ? { ...item, url: value } : item) } : current","source_only","medium","/admin/content/shop","1"
"1f7912c2f1e9a486","src/components/admin/views/ShopCatalogView.tsx","314","105","ui_change","","","onChange={(event) => setDraft((current) => current ? { ...current, images: current.images.map((item, itemIndex) => itemIndex === index ? { ...item, alt: event.target.value } : item","source_only","medium","/admin/content/shop","1"
"a78539f8a4628eae","src/components/admin/views/ShopCatalogView.tsx","314","341","ui_click","","","onClick={() => setDraft((current) => current ? { ...current, images: current.images.filter((_, itemIndex) => itemIndex !== index) } : current)}","source_only","medium","/admin/content/shop","1"
"a36c6d830ef91a4f","src/components/admin/views/ShopCatalogView.tsx","319","63","ui_click","","","onClick={() => void saveProduct()}","source_only","medium","/admin/content/shop","1"
"02bbec4ca258459a","src/components/admin/views/ShopCatalogView.tsx","319","237","ui_click","","","onClick={() => void archiveProduct()}","source_only","medium","/admin/content/shop","1"
"89e14962b306702f","src/components/admin/views/ShopCatalogView.tsx","319","375","ui_click","","","onClick={() => { setSelectedId(null); setDraft(null); }}","source_only","medium","/admin/content/shop","1"
"dad079715829872f","src/components/admin/views/ShopCatalogView.tsx","327","214","ui_click","","","onClick={() => { setSelectedCategoryId(category.id); setCategoryDraft({ slug: category.slug, name: category.name, description: category.description ?? """", sortOrder: category.sortO","source_only","medium","/admin/content/shop","1"
"321e502060d6762f","src/components/admin/views/ShopCatalogView.tsx","328","121","ui_change","","","onChange={(event) => setCategoryDraft((current) => ({ ...current, name: event.target.value, slug: current.slug || slugifyShopValue(event.target.value) }))}","source_only","medium","/admin/content/shop","1"
"64e496bd407f6ab8","src/components/admin/views/ShopCatalogView.tsx","328","333","ui_change","","","onChange={(event) => setCategoryDraft((current) => ({ ...current, slug: slugifyShopValue(event.target.value) }))}","source_only","medium","/admin/content/shop","1"
"9f1550ef592abea1","src/components/admin/views/ShopCatalogView.tsx","328","522","ui_change","","","onChange={(event) => setCategoryDraft((current) => ({ ...current, description: event.target.value }))}","source_only","medium","/admin/content/shop","1"
"99ac141f43e743ec","src/components/admin/views/ShopCatalogView.tsx","328","784","ui_change","","","onChange={(event) => setCategoryDraft((current) => ({ ...current, sortOrder: Number(event.target.value) }))}","source_only","medium","/admin/content/shop","1"
"74b297717344ed0d","src/components/admin/views/ShopCatalogView.tsx","328","911","ui_click","","","onClick={() => void saveCategory()}","source_only","medium","/admin/content/shop","1"
"e080071b0b5293f4","src/components/admin/views/ShopCatalogView.tsx","329","87","ui_click","","","onClick={() => void archiveCategory()}","source_only","medium","/admin/content/shop","1"
"bf0f7b10c9e4d375","src/components/admin/views/ShopCatalogView.tsx","329","182","ui_click","","","onClick={() => { setSelectedCategoryId(null); setCategoryDraft({ slug: """", name: """", description: """", sortOrder: 10 }); }}","source_only","medium","/admin/content/shop","1"
"240b2e549f948b03","src/components/admin/views/ShopOrdersView.tsx","70","25","http_request","PATCH","/api/admin/shop/orders/[selectedId]","fetch(`/api/admin/shop/orders/${selectedId}`, { method: ""PATCH"", headers: { ""Content-Type"": ""application/json"" }, body: JSON.stringify({ status: d","source_only","high","/admin/operations/shop-orders","1"
"cadf59dc552582fb","src/components/admin/views/ShopOrdersView.tsx","103","17","ui_click","","","onClick={() => { window.location.href = ""/api/admin/shop/orders/export""; }}","source_only","medium","/admin/operations/shop-orders","1"
"5b886b9867056c99","src/components/admin/views/ShopOrdersView.tsx","109","41","ui_click","","","onClick={() => void refresh()}","source_only","medium","/admin/operations/shop-orders","1"
"4a703b6293a4d297","src/components/admin/views/ShopOrdersView.tsx","139","23","ui_click","","","onClick={() => openOrder(row)}","source_only","medium","/admin/operations/shop-orders","1"
"1ae3dcb3eb70df41","src/components/admin/views/ShopOrdersView.tsx","182","21","ui_change","","","onChange={(e) => setDraft((prev) => ({ ...prev, status: e.target.value as ShopOrderStatus })) }","source_only","medium","/admin/operations/shop-orders","1"
"5f0cb43996b6eb74","src/components/admin/views/ShopOrdersView.tsx","209","21","ui_change","","","onChange={(e) => setDraft((prev) => ({ ...prev, deliveryUrl: e.target.value }))}","source_only","medium","/admin/operations/shop-orders","1"
"0b1c03b21e902c15","src/components/admin/views/ShopOrdersView.tsx","218","21","ui_change","","","onChange={(e) => setDraft((prev) => ({ ...prev, notes: e.target.value }))}","source_only","medium","/admin/operations/shop-orders","1"
"0d80cdf70669e5d3","src/components/admin/views/ShopOrdersView.tsx","223","43","ui_click","","","onClick={() => void saveOrder()}","source_only","medium","/admin/operations/shop-orders","1"
"788823de76f7274a","src/components/admin/views/ShopOrdersView.tsx","226","43","ui_click","","","onClick={() => setSelectedId(null)}","source_only","medium","/admin/operations/shop-orders","1"
"88e7d69732f10f06","src/components/admin/views/SocialFeedAdminView.tsx","63","25","http_request","PUT","/api/admin/social-feed","fetch(""/api/admin/social-feed"", { method: ""PUT"", headers: { ""Content-Type"": ""application/json"" }, body: JSON.stringify({ config }), })","source_only","high","/admin/content/social-feed","1"
"ef8f1da8a420a8fa","src/components/admin/views/SocialFeedAdminView.tsx","214","41","ui_click","","","onClick={() => void refresh()}","source_only","medium","/admin/content/social-feed","1"
"8a4c370cea4bac4d","src/components/admin/views/SocialFeedAdminView.tsx","217","23","ui_click","","","onClick={() => void saveConfig()}","source_only","medium","/admin/content/social-feed","1"
"5d6c02a2dce3025f","src/components/admin/views/SocialFeedAdminView.tsx","241","19","ui_click","","","onClick={() => setTab(key)}","source_only","medium","/admin/content/social-feed","1"
"481c2f3066fff675","src/components/admin/views/SocialFeedAdminView.tsx","254","69","ui_click","","","onClick={addSource}","source_only","medium","/admin/content/social-feed","1"
"f9da34cad00447a2","src/components/admin/views/SocialFeedAdminView.tsx","268","29","ui_change","","","onChange={(e) => updateSource(index, { id: slugifyId(e.target.value) })}","source_only","medium","/admin/content/social-feed","1"
"a486910ae43bd45a","src/components/admin/views/SocialFeedAdminView.tsx","276","29","ui_change","","","onChange={(e) => updateSource(index, { handle: e.target.value.replace(/^@/, """") })}","source_only","medium","/admin/content/social-feed","1"
"46728bbd5d1e01c5","src/components/admin/views/SocialFeedAdminView.tsx","284","29","ui_change","","","onChange={(e) => updateSource(index, { label: e.target.value })}","source_only","medium","/admin/content/social-feed","1"
"a9eb3821c2c5a9a6","src/components/admin/views/SocialFeedAdminView.tsx","292","29","ui_change","","","onChange={(e) => updateSource(index, { profileUrl: e.target.value })}","source_only","medium","/admin/content/social-feed","1"
"978f0f88e40cdc88","src/components/admin/views/SocialFeedAdminView.tsx","299","29","ui_change","","","onChange={(e) => updateSource(index, { enabled: e.target.checked })}","source_only","medium","/admin/content/social-feed","1"
"9cf22c9bf9d65b6e","src/components/admin/views/SocialFeedAdminView.tsx","309","25","ui_click","","","onClick={() => removeSource(index)}","source_only","medium","/admin/content/social-feed","1"
"711cc4cb2bd48ff0","src/components/admin/views/SocialFeedAdminView.tsx","326","69","ui_click","","","onClick={addPost}","source_only","medium","/admin/content/social-feed","1"
"7bbd80e0c838aa90","src/components/admin/views/SocialFeedAdminView.tsx","343","29","ui_change","","","onChange={(e) => updatePost(index, { id: slugifyId(e.target.value) })}","source_only","medium","/admin/content/social-feed","1"
"a2089d68cc1d0202","src/components/admin/views/SocialFeedAdminView.tsx","351","29","ui_change","","","onChange={(e) => updatePost(index, { sourceId: e.target.value })}","source_only","medium","/admin/content/social-feed","1"
"f45f57c495692b77","src/components/admin/views/SocialFeedAdminView.tsx","366","29","ui_change","","","onChange={(e) => updatePost(index, { mediaAssetId: e.target.value || undefined, }) ","source_only","medium","/admin/content/social-feed","1"
"16dbba4e3c0fd72c","src/components/admin/views/SocialFeedAdminView.tsx","378","29","ui_change","","","onChange={(e) => updatePost(index, { imageUrl: e.target.value || undefined })}","source_only","medium","/admin/content/social-feed","1"
"4e78baf4f4ce875e","src/components/admin/views/SocialFeedAdminView.tsx","386","29","ui_change","","","onChange={(e) => updatePost(index, { caption: e.target.value })}","source_only","medium","/admin/content/social-feed","1"
"eed9de795c4ac74d","src/components/admin/views/SocialFeedAdminView.tsx","394","29","ui_change","","","onChange={(e) => updatePost(index, { permalink: e.target.value })}","source_only","medium","/admin/content/social-feed","1"
"6dcd5bc7a9e32cf4","src/components/admin/views/SocialFeedAdminView.tsx","401","29","ui_change","","","onChange={(e) => updatePost(index, { enabled: e.target.checked })}","source_only","medium","/admin/content/social-feed","1"
"3cce61beddeddd89","src/components/admin/views/SocialFeedAdminView.tsx","411","25","ui_click","","","onClick={() => removePost(index)}","source_only","medium","/admin/content/social-feed","1"
"0c02ef36939291c3","src/components/admin/views/SocialFeedAdminView.tsx","428","69","ui_click","","","onClick={addPlacement}","source_only","medium","/admin/content/social-feed","1"
"3df8154b8cace05d","src/components/admin/views/SocialFeedAdminView.tsx","448","29","ui_change","","","onChange={(e) => updatePlacement(index, { id: e.target.value.trim() })}","source_only","medium","/admin/content/social-feed","1"
"5973febe8de1a538","src/components/admin/views/SocialFeedAdminView.tsx","456","29","ui_change","","","onChange={(e) => updatePlacement(index, { label: e.target.value })}","source_only","medium","/admin/content/social-feed","1"
"f685b0071846886a","src/components/admin/views/SocialFeedAdminView.tsx","464","29","ui_change","","","onChange={(e) => updatePlacement(index, { layout: e.target.value as SocialFeedPlacementConfig[""layout""], ","source_only","medium","/admin/content/social-feed","1"
"1240bdf1d9b580d9","src/components/admin/views/SocialFeedAdminView.tsx","482","31","ui_change","","","onChange={(e) => updatePlacement(index, { limit: e.target.value ? Number(e.target.value) : undefined, ","source_only","medium","/admin/content/social-feed","1"
"476d1ff08964f8e7","src/components/admin/views/SocialFeedAdminView.tsx","492","31","ui_change","","","onChange={(e) => updatePlacement(index, { minItems: e.target.value ? Number(e.target.value) : undefined, ","source_only","medium","/admin/content/social-feed","1"
"a78e24cb820526bb","src/components/admin/views/SocialFeedAdminView.tsx","505","29","ui_change","","","onChange={(e) => updatePlacement(index, { title: e.target.value || undefined })}","source_only","medium","/admin/content/social-feed","1"
"703105b60dfb27f6","src/components/admin/views/SocialFeedAdminView.tsx","513","29","ui_change","","","onChange={(e) => updatePlacement(index, { subtitle: e.target.value || undefined }) }","source_only","medium","/admin/content/social-feed","1"
"b4537e3988ac6f27","src/components/admin/views/SocialFeedAdminView.tsx","529","35","ui_change","","","onChange={() => togglePlacementSource(index, option.id)}","source_only","medium","/admin/content/social-feed","1"
"adde49d61c2b0feb","src/components/admin/views/SocialFeedAdminView.tsx","540","29","ui_change","","","onChange={(e) => updatePlacement(index, { enabled: e.target.checked })}","source_only","medium","/admin/content/social-feed","1"
"c871196bb05d63d2","src/components/admin/views/SocialFeedAdminView.tsx","550","25","ui_click","","","onClick={() => removePlacement(index)}","source_only","medium","/admin/content/social-feed","1"
"530353e6e9b1e1df","src/components/admin/views/StaffView.tsx","78","25","http_request","POST","/api/admin/staff","fetch(""/api/admin/staff"", { method: ""POST"", headers: { ""Content-Type"": ""application/json"" }, body: JSON.stringify({ email: email.trim(), preset }), })","source_only","high","/admin/system/staff","1"
"a2f7620202f07af7","src/components/admin/views/StaffView.tsx","118","25","http_request","PATCH","/api/admin/staff/[userId]","fetch(`/api/admin/staff/${userId}`, { method: ""PATCH"", headers: { ""Content-Type"": ""application/json"" }, body: JSON.stringify({ isActive: !isActive","source_only","high","/admin/system/staff","1"
"20bd7b705dd5b89e","src/components/admin/views/StaffView.tsx","154","25","http_request","PATCH","/api/admin/staff/[userId]","fetch(`/api/admin/staff/${row.userId}`, { method: ""PATCH"", headers: { ""Content-Type"": ""application/json"" }, // The owner-facing role selector represents the","source_only","high","/admin/system/staff","1"
"68d51e2cd76c41ba","src/components/admin/views/StaffView.tsx","195","39","ui_click","","","onClick={() => void refresh()}","source_only","medium","/admin/system/staff","1"
"27983333b06b01b2","src/components/admin/views/StaffView.tsx","214","11","form_submit","POST","handler","<form onSubmit={(e) => void assignStaff(e)} noValidate className=""mt-4 grid gap-3 sm:grid-cols-[minmax(0,1fr)_minmax(0,1fr)_auto] sm:items-start","source_only","medium","/admin/system/staff","1"
"79d5347170d226cc","src/components/admin/views/StaffView.tsx","230","17","ui_change","","","onChange={(event) => { setEmail(event.target.value); setEmailTouched(true); setFeedback(null); }}","source_only","medium","/admin/system/staff","1"
"a83e063187fc5f1c","src/components/admin/views/StaffView.tsx","247","17","ui_change","","","onChange={(event) => setPreset(event.target.value as AdminPresetId)}","source_only","medium","/admin/system/staff","1"
"ebafb04b54a68788","src/components/admin/views/StaffView.tsx","302","27","ui_change","","","onChange={(event) => setSelectedPresets((current) => ({ ...current, [row.userId]: event.targ","source_only","medium","/admin/system/staff","1"
"8609378173ac8ed1","src/components/admin/views/StaffView.tsx","321","25","ui_click","","","onClick={() => void changePreset(row)}","source_only","medium","/admin/system/staff","1"
"4cf2163bc710d639","src/components/admin/views/StaffView.tsx","331","25","ui_click","","","onClick={() => void toggleActive(row)}","source_only","medium","/admin/system/staff","1"
"a48e7607a564d860","src/components/admin/views/ToursView.tsx","68","30","http_request","PATCH","/api/admin/tours/[id]","fetch(`/api/admin/tours/${encodeURIComponent(row.id)}`, { method: ""PATCH"", headers: { ""Content-Type"": ""application/json"" }, body: JSON.stringify({ action, e","source_only","high","/admin/marketplace/tours","1"
"8e4501ecf564b26b","src/components/admin/views/ToursView.tsx","92","39","ui_click","","","onClick={() => void refresh()}","source_only","medium","/admin/marketplace/tours","1"
"d0fe19add2e9557c","src/components/admin/views/ToursView.tsx","111","19","ui_change","","","onChange={(event) => { setProductType(event.target.value); setPage(0); }}","source_only","medium","/admin/marketplace/tours","1"
"a458129224bff0f7","src/components/admin/views/ToursView.tsx","123","19","ui_change","","","onChange={(event) => { setStatus(event.target.value); setPage(0); }}","source_only","medium","/admin/marketplace/tours","1"
"b081d6822e2036b5","src/components/admin/views/ToursView.tsx","175","25","ui_click","","","onClick={() => void changePublication(row, ""unpublish"")}","source_only","medium","/admin/marketplace/tours","1"
"a9f6095c83abe1e9","src/components/admin/views/ToursView.tsx","185","25","ui_click","","","onClick={() => void changePublication(row, ""archive"")}","source_only","medium","/admin/marketplace/tours","1"
"6b729206066c2c88","src/components/admin/views/ToursView.tsx","201","90","ui_click","","","onClick={() => setPage((value) => Math.max(0, value - 1))}","source_only","medium","/admin/marketplace/tours","1"
"947e1350f191c39f","src/components/admin/views/ToursView.tsx","204","107","ui_click","","","onClick={() => setPage((value) => value + 1)}","source_only","medium","/admin/marketplace/tours","1"
"e38a1fb545ed7569","src/components/admin/views/UsersView.tsx","60","25","http_request","PATCH","/api/admin/users/[userId]","fetch(`/api/admin/users/${userId}`, { method: ""PATCH"", headers: { ""Content-Type"": ""application/json"" }, body: JSON.stringify({ isBlocked: !isBlocked }), ","source_only","high","/admin/users","1"
"6ba0c38aa474c865","src/components/admin/views/UsersView.tsx","78","57","ui_click","","","onClick={() => void toggle()}","source_only","medium","/admin/users","1"
"ac67538063882924","src/components/admin/views/UsersView.tsx","126","25","http_request","PATCH","/api/admin/users/[id]","fetch(`/api/admin/users/${user.id}`, { method: ""PATCH"", headers: { ""Content-Type"": ""application/json"" }, body: JSON.stringify({ roles: safeRoles, ","source_only","high","/admin/users","1"
"b64aa781b7e69a7f","src/components/admin/views/UsersView.tsx","160","15","ui_change","","","onChange={() => toggleRole(role)}","source_only","medium","/admin/users","1"
"77d9bf51a2e4ea2f","src/components/admin/views/UsersView.tsx","170","11","ui_change","","","onChange={(e) => setActiveRole(e.target.value as AccountRoleDb)}","source_only","medium","/admin/users","1"
"685be6f1217e095c","src/components/admin/views/UsersView.tsx","181","35","ui_change","","","onChange={(e) => setAdminNotes(e.target.value)}","source_only","medium","/admin/users","1"
"1763f80220497b93","src/components/admin/views/UsersView.tsx","183","41","ui_click","","","onClick={() => void save()}","source_only","medium","/admin/users","1"
"5254144a28d13c59","src/components/admin/views/UsersView.tsx","255","47","ui_click","","","onClick={onToggle}","source_only","medium","/admin/users","1"
"3f2996d5c4b4a768","src/components/admin/views/UsersView.tsx","303","39","ui_click","","","onClick={() => void refresh()}","source_only","medium","/admin/users","1"
"c2fffc7defd33951","src/components/admin/views/UsersView.tsx","315","15","ui_change","","","onChange={(e) => { setSearch(e.target.value); setPage(0); setManageId(null); }}","source_only","medium","/admin/users","1"
"6c1ca7b86b4871d1","src/components/admin/views/UsersView.tsx","323","17","ui_change","","","onChange={(e) => { setRoleFilter(e.target.value as AccountRoleDb | """"); setPage(0); setManageId(null); }}","source_only","medium","/admin/users","1"
"4d739ec0ef777596","src/components/admin/views/UsersView.tsx","337","17","ui_change","","","onChange={(e) => { setStatusFilter(e.target.value as """" | ""active"" | ""blocked""); setPage(0); setManageId(null); }}","source_only","medium","/admin/users","1"
"266f435e67632da4","src/components/admin/views/UsersView.tsx","412","35","ui_click","","","onClick={() => setManageId(user.id === manageId ? null : user.id)}","source_only","medium","/admin/users","1"
"115942daf0d74d8f","src/components/admin/views/UsersView.tsx","439","86","ui_click","","","onClick={() => { setPage((value) => Math.max(0, value - 1)); setManageId(null); }}","source_only","medium","/admin/users","1"
"9de390bfc4f9ffff","src/components/admin/views/UsersView.tsx","442","100","ui_click","","","onClick={() => { setPage((value) => value + 1); setManageId(null); }}","source_only","medium","/admin/users","1"
"49d9669f2599c253","src/components/apartments/ApartmentInquiryForm.tsx","24","30","http_request","POST","/api/apartments/[slug]/inquiries","fetch(`/api/apartments/${encodeURIComponent(slug)}/inquiries`, { method: ""POST"", headers: { ""Content-Type"": ""application/json"", ""Idempotency-Key","source_only","high","/apartments/[slug]","1"
"b307b864800d383a","src/components/apartments/ApartmentInquiryForm.tsx","53","5","form_submit","POST","handler","<form onSubmit={submit} onChange={() => { if (status !== ""sending"") idempotencyKey.current = null; }} className=""space-y-4 rounded-3xl border border","source_only","medium","/apartments/[slug]","1"
"613a5b4eca24a0f7","src/components/apartments/ApartmentInquiryForm.tsx","55","7","ui_change","","","onChange={() => { if (status !== ""sending"") idempotencyKey.current = null; }}","source_only","medium","/apartments/[slug]","1"
"3de5b9983770d34d","src/components/apartments/ApartmentInquiryForm.tsx","62","160","ui_change","","","onChange={(event) => setStartDate(event.target.value)}","source_only","medium","/apartments/[slug]","1"
"f157c7308f6e4ca1","src/components/apartments/ApartmentInquiryInbox.tsx","106","30","http_request","UNRESOLVED","dynamic","fetch(base, { cache: ""no-store"", signal })","source_only","medium","/admin/marketplace/apartments|/organizer/apartments","2"
"c2f8c08abea0d17d","src/components/apartments/ApartmentInquiryInbox.tsx","135","30","http_request","PATCH","[base]/[id]","fetch(`${base}/${item.id}`, { method: ""PATCH"", headers: { ""Content-Type"": ""application/json"" }, body: JSON.stringify({ expectedVersion: item.rowVe","source_only","high","/admin/marketplace/apartments|/organizer/apartments","2"
"4cc332b8db30cd57","src/components/apartments/ApartmentInquiryInbox.tsx","190","13","ui_change","","","onChange={(event) => setFilter(event.target.value as Filter)}","source_only","medium","/admin/marketplace/apartments|/organizer/apartments","2"
"6896367c0db999cb","src/components/apartments/ApartmentInquiryInbox.tsx","203","49","ui_click","","","onClick={() => void load()}","source_only","medium","/admin/marketplace/apartments|/organizer/apartments","2"
"0b855c92f0797407","src/components/apartments/ApartmentInquiryInbox.tsx","275","27","ui_change","","","onChange={(event) => setNotes((current) => ({ ...current, [item.id]: event.target.value }))}","source_only","medium","/admin/marketplace/apartments|/organizer/apartments","2"
"c4e8791a2748be4f","src/components/apartments/ApartmentInquiryInbox.tsx","288","43","ui_click","","","onClick={() => void transition(item, ""in_review"")}","source_only","medium","/admin/marketplace/apartments|/organizer/apartments","2"
"cd06664e24862066","src/components/apartments/ApartmentInquiryInbox.tsx","291","59","ui_click","","","onClick={() => void transition(item, ""cancelled"")}","source_only","medium","/admin/marketplace/apartments|/organizer/apartments","2"
"fc3a5a8ed0cc6fe3","src/components/apartments/ApartmentInquiryInbox.tsx","298","43","ui_click","","","onClick={() => void transition(item, ""confirmed"")}","source_only","medium","/admin/marketplace/apartments|/organizer/apartments","2"
"169fde7f0bd95a8d","src/components/apartments/ApartmentInquiryInbox.tsx","301","61","ui_click","","","onClick={() => void transition(item, ""rejected"")}","source_only","medium","/admin/marketplace/apartments|/organizer/apartments","2"
"be381bcbcb65696c","src/components/apartments/ApartmentInquiryInbox.tsx","304","59","ui_click","","","onClick={() => void transition(item, ""cancelled"")}","source_only","medium","/admin/marketplace/apartments|/organizer/apartments","2"
"a4d29f0e5dd18600","src/components/apartments/ApartmentInquiryInbox.tsx","310","59","ui_click","","","onClick={() => void transition(item, ""cancelled"")}","source_only","medium","/admin/marketplace/apartments|/organizer/apartments","2"
"721946bff43c8c4b","src/components/apartments/ApartmentManagerView.tsx","279","30","http_request","UNRESOLVED","dynamic","fetch(base, { cache: ""no-store"", signal })","source_only","medium","/admin/marketplace/apartments|/organizer/apartments","2"
"563f64aeb3c610ec","src/components/apartments/ApartmentManagerView.tsx","313","30","http_request","UNRESOLVED","/api/organizer/apartments/[id]/availability","fetch(`/api/organizer/apartments/${item.id}/availability`, { cache: ""no-store"" })","source_only","high","/admin/marketplace/apartments|/organizer/apartments","2"
"7f1a4e243d7e47fe","src/components/apartments/ApartmentManagerView.tsx","400","11","ui_change","","","onChange={(event) => updateDraft(name, event.target.value)}","source_only","medium","/admin/marketplace/apartments|/organizer/apartments","2"
"8a4f2e04f13c13c5","src/components/apartments/ApartmentManagerView.tsx","423","11","ui_change","","","onChange={(event) => updateDraft(name, event.target.value)}","source_only","medium","/admin/marketplace/apartments|/organizer/apartments","2"
"db4da0df4e84d4fc","src/components/apartments/ApartmentManagerView.tsx","486","30","http_request","UNRESOLVED","dynamic","fetch(selected ? `${base}/${selected.id}` : base, { method: selected ? ""PUT"" : ""POST"", headers: { ""Content-Type"": ""application/json"" }, body: JSON.stringify","source_only","medium","/admin/marketplace/apartments|/organizer/apartments","2"
"ebac239a2091da93","src/components/apartments/ApartmentManagerView.tsx","517","30","http_request","POST","dynamic","fetch(url, { method: ""POST"", headers: { ""Content-Type"": ""application/json"" }, body: JSON.stringify(role === ""admin"" ? { action: actionName, expect","source_only","medium","/admin/marketplace/apartments|/organizer/apartments","2"
"b35c9480ebc33744","src/components/apartments/ApartmentManagerView.tsx","580","30","http_request","PUT","/api/organizer/apartments/[id]/availability","fetch(`/api/organizer/apartments/${selected.id}/availability`, { method: ""PUT"", headers: { ""Content-Type"": ""application/json"" }, body: JSON.stringify({ ","source_only","high","/admin/marketplace/apartments|/organizer/apartments","2"
"d4d135193415e4ff","src/components/apartments/ApartmentManagerView.tsx","628","51","ui_click","","","onClick={startNew}","source_only","medium","/admin/marketplace/apartments|/organizer/apartments","2"
"ee4a5cd3bde3429b","src/components/apartments/ApartmentManagerView.tsx","656","9","form_submit","POST","handler","<form onSubmit={(event) => void save(event)} className={cn(cabinetCardClass, ""overflow-hidden"")}>","source_only","medium","/admin/marketplace/apartments|/organizer/apartments","2"
"bce37b51a4079202","src/components/apartments/ApartmentManagerView.tsx","682","85","ui_change","","","onChange={(event) => setOwnerUserId(event.target.value)}","source_only","medium","/admin/marketplace/apartments|/organizer/apartments","2"
"3b4cc5ae9e7bef34","src/components/apartments/ApartmentManagerView.tsx","706","82","ui_change","","","onChange={(event) => updateDraft(""countryCode"", event.target.value)}","source_only","medium","/admin/marketplace/apartments|/organizer/apartments","2"
"1eb15354fd6b53b4","src/components/apartments/ApartmentManagerView.tsx","711","78","ui_change","","","onChange={(event) => updateDraft(""marketId"", event.target.value)}","source_only","medium","/admin/marketplace/apartments|/organizer/apartments","2"
"b4b2e79032c588bf","src/components/apartments/ApartmentManagerView.tsx","716","88","ui_change","","","onChange={(event) => updateDraft(""propertyTimezone"", event.target.value)}","source_only","medium","/admin/marketplace/apartments|/organizer/apartments","2"
"4d044a62c590be7f","src/components/apartments/ApartmentManagerView.tsx","745","80","ui_change","","","onChange={(event) => updateDraft(""currency"", event.target.value)}","source_only","medium","/admin/marketplace/apartments|/organizer/apartments","2"
"9bd8118a7bafc65c","src/components/apartments/ApartmentManagerView.tsx","773","67","ui_click","","","onClick={() => setImages((current) => [...current, createEditableImage()])}","source_only","medium","/admin/marketplace/apartments|/organizer/apartments","2"
"e202e30f7fed97b7","src/components/apartments/ApartmentManagerView.tsx","782","71","ui_click","","","onClick={() => removeImage(image.clientKey)}","source_only","medium","/admin/marketplace/apartments|/organizer/apartments","2"
"dcf4b6b15b9018d5","src/components/apartments/ApartmentManagerView.tsx","791","29","ui_change","","","onChange={(value) => updateImage(image.clientKey, { mediaRef: value })}","source_only","medium","/admin/marketplace/apartments|/organizer/apartments","2"
"06ce0e05bb8a9bf8","src/components/apartments/ApartmentManagerView.tsx","797","105","ui_change","","","onChange={(event) => updateImage(image.clientKey, { mediaRef: event.target.value })}","source_only","medium","/admin/marketplace/apartments|/organizer/apartments","2"
"2d31929a04f555fe","src/components/apartments/ApartmentManagerView.tsx","802","100","ui_change","","","onChange={(event) => updateImage(image.clientKey, { altText: event.target.value })}","source_only","medium","/admin/marketplace/apartments|/organizer/apartments","2"
"ff2c4eded5d8b233","src/components/apartments/ApartmentManagerView.tsx","805","108","ui_change","","","onChange={(event) => updateImage(image.clientKey, { rightsHolder: event.target.value })}","source_only","medium","/admin/marketplace/apartments|/organizer/apartments","2"
"2b0f5c6365ba2855","src/components/apartments/ApartmentManagerView.tsx","808","115","ui_change","","","onChange={(event) => updateImage(image.clientKey, { licenseCode: event.target.value })}","source_only","medium","/admin/marketplace/apartments|/organizer/apartments","2"
"99d67afe54fc5f36","src/components/apartments/ApartmentManagerView.tsx","813","128","ui_change","","","onChange={(event) => updateImage(image.clientKey, { rightsSourceUrl: event.target.value })}","source_only","medium","/admin/marketplace/apartments|/organizer/apartments","2"
"b23a4a1442434343","src/components/apartments/ApartmentManagerView.tsx","855","65","ui_click","","","onClick={startNew}","source_only","medium","/admin/marketplace/apartments|/organizer/apartments","2"
"46889a77b0f79553","src/components/apartments/ApartmentManagerView.tsx","876","90","ui_change","","","onChange={(event) => setBlockStart(event.target.value)}","source_only","medium","/admin/marketplace/apartments|/organizer/apartments","2"
"5e84a82807bc2617","src/components/apartments/ApartmentManagerView.tsx","879","86","ui_change","","","onChange={(event) => setBlockEnd(event.target.value)}","source_only","medium","/admin/marketplace/apartments|/organizer/apartments","2"
"00b717b099f90174","src/components/apartments/ApartmentManagerView.tsx","883","78","ui_change","","","onChange={(event) => setBlockNote(event.target.value)}","source_only","medium","/admin/marketplace/apartments|/organizer/apartments","2"
"0aca39640d15aa28","src/components/apartments/ApartmentManagerView.tsx","886","94","ui_click","","","onClick={addBlock}","source_only","medium","/admin/marketplace/apartments|/organizer/apartments","2"
"1e56a20cab027925","src/components/apartments/ApartmentManagerView.tsx","897","77","ui_click","","","onClick={() => removeBlock(block.clientKey)}","source_only","medium","/admin/marketplace/apartments|/organizer/apartments","2"
"7320a1c01f02897a","src/components/apartments/ApartmentManagerView.tsx","904","45","ui_click","","","onClick={() => void saveBlocks()}","source_only","medium","/admin/marketplace/apartments|/organizer/apartments","2"
"c783daff81215049","src/components/apartments/ApartmentManagerView.tsx","944","71","ui_click","","","onClick={() => edit(item)}","source_only","medium","/admin/marketplace/apartments|/organizer/apartments","2"
"c119e6afcd26c322","src/components/apartments/ApartmentManagerView.tsx","946","55","ui_click","","","onClick={() => void action(item, ""submit"")}","source_only","medium","/admin/marketplace/apartments|/organizer/apartments","2"
"e5a1690177adb0fe","src/components/apartments/ApartmentManagerView.tsx","950","57","ui_click","","","onClick={() => void action(item, ""publish"")}","source_only","medium","/admin/marketplace/apartments|/organizer/apartments","2"
"962d660ca3e12985","src/components/apartments/ApartmentManagerView.tsx","951","75","ui_click","","","onClick={() => void action(item, ""return_to_draft"")}","source_only","medium","/admin/marketplace/apartments|/organizer/apartments","2"
"5ac8eeef9786a5ac","src/components/apartments/ApartmentManagerView.tsx","955","71","ui_click","","","onClick={() => void action(item, ""archive"")}","source_only","medium","/admin/marketplace/apartments|/organizer/apartments","2"
"af3100756f478544","src/components/audio-guides/AudioGuideDetailView.tsx","32","32","http_request","GET","/api/audio-guides/products/[productId]?[params]","fetch(`/api/audio-guides/products/${productId}?${params}`)","source_only","high","/audio-guides/[id]","1"
"5e127ccdee34928b","src/components/audio-guides/AudioGuidesCatalogView.tsx","47","30","http_request","GET","/api/audio-guides/products?[params]","fetch(`/api/audio-guides/products?${params}`)","source_only","high","/audio-guides","1"
"54eef9b4ce269d4b","src/components/audio-guides/AudioGuidesCatalogView.tsx","85","30","http_request","GET","/api/audio-guides/search?[params]","fetch(`/api/audio-guides/search?${params}`)","source_only","high","/audio-guides","1"
"cd4efbd815d86dba","src/components/audio-guides/AudioGuidesCatalogView.tsx","131","11","form_submit","POST","handler","<form className=""flex w-full max-w-md gap-2"" onSubmit={(event) => { event.preventDefault(); void runSearch(); }} ","source_only","medium","/audio-guides","1"
"57f4f8c8ab43ef88","src/components/audio-guides/AudioGuidesCatalogView.tsx","144","15","ui_change","","","onChange={(event) => setQuery(event.target.value)}","source_only","medium","/audio-guides","1"
"a1d77d0b2d35abe3","src/components/audio-guides/AudioGuidesCatalogView.tsx","163","15","ui_click","","","onClick={() => { setQuery(""""); setCityId(city.wegoCityId); }}","source_only","medium","/audio-guides","1"
"024e3b21370d59d6","src/components/auth/AuthQueryHandler.tsx","38","7","data_mutation","DELETE","supabase_or_repository","cleaned.delete(""error"")","source_only","medium","/|/about|/account/update-password|/admin|/admin/analytics|/admin/analytics/funnels|/admin/content-freshness|/admin/content/documents|/admin/content/documents/[id]|/admin/content/documents/[id]/preview|/admin/content/forum|/admin/content/knowledge|…","159"
"c2e9e9c8fddca259","src/components/auth/AuthQueryHandler.tsx","40","7","client_navigation","","dynamic","router.replace(query ? `/?${query}` : ""/"", { scroll: false })","source_only","medium","/|/about|/account/update-password|/admin|/admin/analytics|/admin/analytics/funnels|/admin/content-freshness|/admin/content/documents|/admin/content/documents/[id]|/admin/content/documents/[id]/preview|/admin/content/forum|/admin/content/knowledge|…","159"
"53102d0fc9ee0848","src/components/auth/AuthQueryHandler.tsx","45","7","client_navigation","","/auth/error?reason=expired-link","router.replace(""/auth/error?reason=expired-link"", { scroll: false })","source_only","high","/|/about|/account/update-password|/admin|/admin/analytics|/admin/analytics/funnels|/admin/content-freshness|/admin/content/documents|/admin/content/documents/[id]|/admin/content/documents/[id]/preview|/admin/content/forum|/admin/content/knowledge|…","159"
"d1f2980002748594","src/components/auth/PhoneCountryInput.tsx","330","11","ui_click","","","onClick={() => { if (dialEditMode) finishDialEdit(); setDropdownOpen((open) => !open); nationalInputRef.current?.focus(); }}","source_only","medium","/booking/travelers/[token]","1"
"05155b62a12ea93b","src/components/auth/PhoneCountryInput.tsx","357","15","ui_change","","","onChange={(event) => applyDialEdit(event.target.value)}","source_only","medium","/booking/travelers/[token]","1"
"e98a7e820d678700","src/components/auth/PhoneCountryInput.tsx","359","15","ui_keydown","","","onKeyDown={handleDialKeyDown}","source_only","medium","/booking/travelers/[token]","1"
"b8b5c939c41dcd40","src/components/auth/PhoneCountryInput.tsx","362","15","ui_click","","","onClick={() => dialInputRef.current && clampDialSelection(dialInputRef.current)}","source_only","medium","/booking/travelers/[token]","1"
"595c19fe6c762c56","src/components/auth/PhoneCountryInput.tsx","369","15","ui_click","","","onClick={() => openDialEdit(country.dialCode)}","source_only","medium","/booking/travelers/[token]","1"
"7b77785029c56eed","src/components/auth/PhoneCountryInput.tsx","389","13","ui_change","","","onChange={(event) => handleNationalChange(event.target.value)}","source_only","medium","/booking/travelers/[token]","1"
"2f721ffeea0de48d","src/components/auth/PhoneCountryInput.tsx","393","13","ui_keydown","","","onKeyDown={handleNationalKeyDown}","source_only","medium","/booking/travelers/[token]","1"
"7cfb5a664e59b097","src/components/auth/PhoneCountryInput.tsx","416","19","ui_click","","","onClick={() => handleCountrySelect(option.iso)}","source_only","medium","/booking/travelers/[token]","1"
"b0c3f93d5f917b9c","src/components/auth/ProfileMenu.tsx","66","41","ui_click","","","onClick={onClick}","source_only","medium","/|/about|/account/update-password|/admin|/admin/analytics|/admin/analytics/funnels|/admin/content-freshness|/admin/content/documents|/admin/content/documents/[id]|/admin/content/documents/[id]/preview|/admin/content/forum|/admin/content/knowledge|…","159"
"550528ab1fe1739e","src/components/auth/ProfileMenu.tsx","73","43","ui_click","","","onClick={onClick}","source_only","medium","/|/about|/account/update-password|/admin|/admin/analytics|/admin/analytics/funnels|/admin/content-freshness|/admin/content/documents|/admin/content/documents/[id]|/admin/content/documents/[id]/preview|/admin/content/forum|/admin/content/knowledge|…","159"
"143519e528a151e9","src/components/auth/ProfileMenu.tsx","115","9","ui_click","","","onClick={() => openAuth()}","source_only","medium","/|/about|/account/update-password|/admin|/admin/analytics|/admin/analytics/funnels|/admin/content-freshness|/admin/content/documents|/admin/content/documents/[id]|/admin/content/documents/[id]/preview|/admin/content/forum|/admin/content/knowledge|…","159"
"bad7378450fb14d8","src/components/auth/ProfileMenu.tsx","151","9","ui_click","","","onClick={() => setOpen((value) => !value)}","source_only","medium","/|/about|/account/update-password|/admin|/admin/analytics|/admin/analytics/funnels|/admin/content-freshness|/admin/content/documents|/admin/content/documents/[id]|/admin/content/documents/[id]/preview|/admin/content/forum|/admin/content/knowledge|…","159"
"3594568e145f342c","src/components/auth/ProfileMenu.tsx","226","23","ui_click","","","onClick={() => void handleWorkspaceChange(workspace)}","source_only","medium","/|/about|/account/update-password|/admin|/admin/analytics|/admin/analytics/funnels|/admin/content-freshness|/admin/content/documents|/admin/content/documents/[id]|/admin/content/documents/[id]/preview|/admin/content/forum|/admin/content/knowledge|…","159"
"e94819c9c66bd205","src/components/auth/ProfileMenu.tsx","251","15","ui_click","","","onClick={() => setOpen(false)}","source_only","medium","/|/about|/account/update-password|/admin|/admin/analytics|/admin/analytics/funnels|/admin/content-freshness|/admin/content/documents|/admin/content/documents/[id]|/admin/content/documents/[id]/preview|/admin/content/forum|/admin/content/knowledge|…","159"
"d1a1c42e6deb28c6","src/components/auth/ProfileMenu.tsx","257","15","ui_click","","","onClick={() => setOpen(false)}","source_only","medium","/|/about|/account/update-password|/admin|/admin/analytics|/admin/analytics/funnels|/admin/content-freshness|/admin/content/documents|/admin/content/documents/[id]|/admin/content/documents/[id]/preview|/admin/content/forum|/admin/content/knowledge|…","159"
"b7fcbabbce1e2def","src/components/auth/ProfileMenu.tsx","264","17","ui_click","","","onClick={() => setOpen(false)}","source_only","medium","/|/about|/account/update-password|/admin|/admin/analytics|/admin/analytics/funnels|/admin/content-freshness|/admin/content/documents|/admin/content/documents/[id]|/admin/content/documents/[id]/preview|/admin/content/forum|/admin/content/knowledge|…","159"
"6c6fef27a2c68115","src/components/auth/ProfileMenu.tsx","272","17","ui_click","","","onClick={() => setOpen(false)}","source_only","medium","/|/about|/account/update-password|/admin|/admin/analytics|/admin/analytics/funnels|/admin/content-freshness|/admin/content/documents|/admin/content/documents/[id]|/admin/content/documents/[id]/preview|/admin/content/forum|/admin/content/knowledge|…","159"
"056f2d5c3d9dd6c8","src/components/auth/ProfileMenu.tsx","279","15","ui_click","","","onClick={() => setOpen(false)}","source_only","medium","/|/about|/account/update-password|/admin|/admin/analytics|/admin/analytics/funnels|/admin/content-freshness|/admin/content/documents|/admin/content/documents/[id]|/admin/content/documents/[id]/preview|/admin/content/forum|/admin/content/knowledge|…","159"
"f6beec56ff22dde6","src/components/auth/ProfileMenu.tsx","288","15","ui_click","","","onClick={() => { setOpen(false); logout(); }}","source_only","medium","/|/about|/account/update-password|/admin|/admin/analytics|/admin/analytics/funnels|/admin/content-freshness|/admin/content/documents|/admin/content/documents/[id]|/admin/content/documents/[id]/preview|/admin/content/forum|/admin/content/knowledge|…","159"
"07ac25005f993ee6","src/components/blog/ArticleStoryDeck.tsx","148","9","ui_keydown","","","onKeyDown={handleKeyDown}","source_only","medium","/admin/content/documents/[id]|/admin/content/documents/[id]/preview|/admin/editorial-components|/blog/[slug]|/blog/author/[slug]|/destinations/[slug]|/guide/[slug]|/immigration/[slug]|/landing/[slug]|/legal/[slug]|/organizer/articles/[id]/edit|/organizer/articles/[id]/preview|…","13"
"1c29ffcfa8cd6729","src/components/blog/ArticleStoryDeck.tsx","250","13","ui_click","","","onClick={goPrev}","source_only","medium","/admin/content/documents/[id]|/admin/content/documents/[id]/preview|/admin/editorial-components|/blog/[slug]|/blog/author/[slug]|/destinations/[slug]|/guide/[slug]|/immigration/[slug]|/landing/[slug]|/legal/[slug]|/organizer/articles/[id]/edit|/organizer/articles/[id]/preview|…","13"
"418a5577a9a9fcb1","src/components/blog/ArticleStoryDeck.tsx","266","17","ui_click","","","onClick={() => goTo(index)}","source_only","medium","/admin/content/documents/[id]|/admin/content/documents/[id]/preview|/admin/editorial-components|/blog/[slug]|/blog/author/[slug]|/destinations/[slug]|/guide/[slug]|/immigration/[slug]|/landing/[slug]|/legal/[slug]|/organizer/articles/[id]/edit|/organizer/articles/[id]/preview|…","13"
"b1aeb948cb8b1065","src/components/blog/ArticleStoryDeck.tsx","277","13","ui_click","","","onClick={goNext}","source_only","medium","/admin/content/documents/[id]|/admin/content/documents/[id]/preview|/admin/editorial-components|/blog/[slug]|/blog/author/[slug]|/destinations/[slug]|/guide/[slug]|/immigration/[slug]|/landing/[slug]|/legal/[slug]|/organizer/articles/[id]/edit|/organizer/articles/[id]/preview|…","13"
"f2378278ae19dbdc","src/components/blog/BlogAffiliateZone.tsx","58","17","ui_click","","","onClick={() => trackBlogAffiliateClick({ slug: post.slug, service: card.service, href: card.href, ","source_only","medium","/admin/content/documents/[id]/preview|/blog/[slug]|/blog/author/[slug]|/organizer/articles/[id]/preview","4"
"be3824bcce513a68","src/components/blog/BlogArticleFeedback.tsx","53","11","ui_click","","","onClick={() => submit(""helpful"")}","source_only","medium","/admin/content/documents/[id]/preview|/blog/[slug]|/blog/author/[slug]|/organizer/articles/[id]/preview","4"
"068c8a51740dcfbe","src/components/blog/BlogArticleFeedback.tsx","67","11","ui_click","","","onClick={() => submit(""not_helpful"")}","source_only","medium","/admin/content/documents/[id]/preview|/blog/[slug]|/blog/author/[slug]|/organizer/articles/[id]/preview","4"
"aece77a85f60fab9","src/components/blog/BlogCommentsSection.tsx","53","30","http_request","UNRESOLVED","/api/blog/comments?slug=[slug]","fetch(`/api/blog/comments?slug=${encodeURIComponent(slug)}`, { credentials: ""same-origin"", })","source_only","high","/admin/content/documents/[id]/preview|/blog/[slug]|/blog/author/[slug]|/organizer/articles/[id]/preview","4"
"77c0ed2bae3ec0fb","src/components/blog/BlogCommentsSection.tsx","90","30","http_request","POST","/api/blog/comments","fetch(""/api/blog/comments"", { method: ""POST"", credentials: ""same-origin"", headers: { ""Content-Type"": ""application/json"" }, body: JSON.stringify({ sl","source_only","high","/admin/content/documents/[id]/preview|/blog/[slug]|/blog/author/[slug]|/organizer/articles/[id]/preview","4"
"09e8e339d4d5e8c5","src/components/blog/BlogCommentsSection.tsx","120","13","http_request","POST","/api/blog/comments/report","fetch(""/api/blog/comments/report"", { method: ""POST"", credentials: ""same-origin"", headers: { ""Content-Type"": ""application/json"" }, body: JSON.stringi","source_only","high","/admin/content/documents/[id]/preview|/blog/[slug]|/blog/author/[slug]|/organizer/articles/[id]/preview","4"
"79a4c0d3d33b7898","src/components/blog/BlogCommentsSection.tsx","165","13","ui_click","","","onClick={() => void loadComments()}","source_only","medium","/admin/content/documents/[id]/preview|/blog/[slug]|/blog/author/[slug]|/organizer/articles/[id]/preview","4"
"a5aea317d11c2647","src/components/blog/BlogCommentsSection.tsx","195","25","ui_click","","","onClick={() => reportComment(comment.id, reason)}","source_only","medium","/admin/content/documents/[id]/preview|/blog/[slug]|/blog/author/[slug]|/organizer/articles/[id]/preview","4"
"4d722604215f3c96","src/components/blog/BlogCommentsSection.tsx","210","7","form_submit","POST","handler","<form onSubmit={submitComment} className=""mt-4 space-y-2"">","source_only","medium","/admin/content/documents/[id]/preview|/blog/[slug]|/blog/author/[slug]|/organizer/articles/[id]/preview","4"
"203dc1d84189d7e3","src/components/blog/BlogCommentsSection.tsx","217","11","ui_change","","","onChange={(event) => setBody(event.target.value)}","source_only","medium","/admin/content/documents/[id]/preview|/blog/[slug]|/blog/author/[slug]|/organizer/articles/[id]/preview","4"
"8dd54011c8221429","src/components/blog/BlogEmptyCatalogState.tsx","32","13","ui_click","","","onClick={onReset}","source_only","medium","/blog|/blog/hub/[hubId]","2"
"e2bc70d6e70dc35c","src/components/blog/BlogHubCatalog.tsx","59","19","ui_click","","","onClick={() => setActiveCategory(null)}","source_only","medium","/blog/hub/[hubId]","1"
"f931f79d82b4cb2c","src/components/blog/BlogHubCatalog.tsx","67","21","ui_click","","","onClick={() => setActiveCategory(activeCategory === category ? null : category)}","source_only","medium","/blog/hub/[hubId]","1"
"ff88d32819d5b8ec","src/components/blog/BlogHubCatalog.tsx","84","23","ui_click","","","onClick={() => setActiveTag(active ? null : tag)}","source_only","medium","/blog/hub/[hubId]","1"
"761034fc52fbc45d","src/components/blog/BlogHubCatalog.tsx","105","17","ui_click","","","onClick={resetFilters}","source_only","medium","/blog/hub/[hubId]","1"
"f68684acd4606edb","src/components/blog/BlogHubCatalog.tsx","154","7","ui_click","","","onClick={onClick}","source_only","medium","/blog/hub/[hubId]","1"
"36a0672ebe184dbc","src/components/blog/BlogIndexDiscoverySidebar.tsx","48","19","ui_click","","","onClick={() => onCategorySelect(category)}","source_only","medium","/blog","1"
"b1f06771d2aeb6f8","src/components/blog/BlogIndexView.tsx","127","10","data_mutation","DELETE","supabase_or_repository","params.delete(""tag"")","source_only","medium","/blog","1"
"cd408e6353dff2be","src/components/blog/BlogIndexView.tsx","129","5","client_navigation","","dynamic","router.replace(qs ? `/blog?${qs}` : ""/blog"", { scroll: false })","source_only","medium","/blog","1"
"b5c68470685b1178","src/components/blog/BlogIndexView.tsx","135","10","data_mutation","DELETE","supabase_or_repository","params.delete(""category"")","source_only","medium","/blog","1"
"8892dfe5925f4a30","src/components/blog/BlogIndexView.tsx","136","5","data_mutation","DELETE","supabase_or_repository","params.delete(""tag"")","source_only","medium","/blog","1"
"36f215b7970a2cf5","src/components/blog/BlogIndexView.tsx","138","5","client_navigation","","dynamic","router.replace(qs ? `/blog?${qs}` : ""/blog"", { scroll: false })","source_only","medium","/blog","1"
"8f046c2530fbd0ac","src/components/blog/BlogIndexView.tsx","234","15","ui_click","","","onClick={() => setVisibleCount((n) => n + PAGE_SIZE)}","source_only","medium","/blog","1"
"3399385df9b434c9","src/components/blog/BlogInlineRelatedPosts.tsx","37","13","ui_click","","","onClick={() => { if (!sourceSlug) return; trackBlogInlineRelatedClick({ sourceSlug, targetSlug: post.slug, ","source_only","medium","/admin/content/documents/[id]/preview|/blog/[slug]|/blog/author/[slug]|/organizer/articles/[id]/preview","4"
"51937ca079db7bcb","src/components/blog/BlogNewsletterBlock.tsx","50","30","http_request","POST","/api/newsletter","fetch(""/api/newsletter"", { method: ""POST"", headers: { ""Content-Type"": ""application/json"" }, body: JSON.stringify({ email: value, source, captchaToken, honey","source_only","high","/admin/content/documents/[id]/preview|/blog/[slug]|/blog/author/[slug]|/organizer/articles/[id]/preview","4"
"abd1365b1c99847c","src/components/blog/BlogNewsletterBlock.tsx","125","9","form_submit","POST","handler","<form onSubmit={handleSubmit} className=""mt-4 space-y-3"">","source_only","medium","/admin/content/documents/[id]/preview|/blog/[slug]|/blog/author/[slug]|/organizer/articles/[id]/preview","4"
"2f507810c0254bfe","src/components/blog/BlogPersonalizedPosts.tsx","39","10","http_request","POST","/api/blog/recommendations","fetch(""/api/blog/recommendations"", { method: ""POST"", headers: { ""Content-Type"": ""application/json"" }, body: JSON.stringify({ history, limit: 4 }), })","source_only","high","/blog","1"
"06ba0434f1d5bdf3","src/components/blog/BlogRichGalleryCarousel.tsx","149","11","ui_keydown","","","onKeyDown={handleKeyDown}","source_only","medium","/admin/content/documents/[id]|/admin/content/documents/[id]/preview|/admin/editorial-components|/blog/[slug]|/blog/author/[slug]|/destinations/[slug]|/guide/[slug]|/immigration/[slug]|/landing/[slug]|/legal/[slug]|/organizer/articles/[id]/edit|/organizer/articles/[id]/preview|…","13"
"beb6d0b6ee99c124","src/components/blog/BlogRichGalleryCarousel.tsx","165","19","ui_click","","","onClick={(event) => { returnFocusRef.current = event.currentTarget; setLightboxOpen(true); }}","source_only","medium","/admin/content/documents/[id]|/admin/content/documents/[id]/preview|/admin/editorial-components|/blog/[slug]|/blog/author/[slug]|/destinations/[slug]|/guide/[slug]|/immigration/[slug]|/landing/[slug]|/legal/[slug]|/organizer/articles/[id]/edit|/organizer/articles/[id]/preview|…","13"
"6ba4ebf9f5f37c02","src/components/blog/BlogRichGalleryCarousel.tsx","211","19","ui_click","","","onClick={() => scrollToIndex(activeIndex - 1)}","source_only","medium","/admin/content/documents/[id]|/admin/content/documents/[id]/preview|/admin/editorial-components|/blog/[slug]|/blog/author/[slug]|/destinations/[slug]|/guide/[slug]|/immigration/[slug]|/landing/[slug]|/legal/[slug]|/organizer/articles/[id]/edit|/organizer/articles/[id]/preview|…","13"
"b2ff797ee094b428","src/components/blog/BlogRichGalleryCarousel.tsx","219","19","ui_click","","","onClick={() => scrollToIndex(activeIndex + 1)}","source_only","medium","/admin/content/documents/[id]|/admin/content/documents/[id]/preview|/admin/editorial-components|/blog/[slug]|/blog/author/[slug]|/destinations/[slug]|/guide/[slug]|/immigration/[slug]|/landing/[slug]|/legal/[slug]|/organizer/articles/[id]/edit|/organizer/articles/[id]/preview|…","13"
"4d39aabe2353ab3d","src/components/blog/BlogRichGalleryCarousel.tsx","250","19","ui_click","","","onClick={() => scrollToIndex(index)}","source_only","medium","/admin/content/documents/[id]|/admin/content/documents/[id]/preview|/admin/editorial-components|/blog/[slug]|/blog/author/[slug]|/destinations/[slug]|/guide/[slug]|/immigration/[slug]|/landing/[slug]|/legal/[slug]|/organizer/articles/[id]/edit|/organizer/articles/[id]/preview|…","13"
"266f497a34345842","src/components/blog/BlogRichGalleryCarousel.tsx","310","15","ui_click","","","onClick={() => { setLightboxOpen(false); returnFocusRef.current?.focus(); }}","source_only","medium","/admin/content/documents/[id]|/admin/content/documents/[id]/preview|/admin/editorial-components|/blog/[slug]|/blog/author/[slug]|/destinations/[slug]|/guide/[slug]|/immigration/[slug]|/landing/[slug]|/legal/[slug]|/organizer/articles/[id]/edit|/organizer/articles/[id]/preview|…","13"
"57bd6500c45ad56a","src/components/blog/BlogRichGalleryCarousel.tsx","325","19","ui_click","","","onClick={() => scrollToIndex(activeIndex - 1)}","source_only","medium","/admin/content/documents/[id]|/admin/content/documents/[id]/preview|/admin/editorial-components|/blog/[slug]|/blog/author/[slug]|/destinations/[slug]|/guide/[slug]|/immigration/[slug]|/landing/[slug]|/legal/[slug]|/organizer/articles/[id]/edit|/organizer/articles/[id]/preview|…","13"
"8cb8a0f900033bcf","src/components/blog/BlogRichGalleryCarousel.tsx","333","19","ui_click","","","onClick={() => scrollToIndex(activeIndex + 1)}","source_only","medium","/admin/content/documents/[id]|/admin/content/documents/[id]/preview|/admin/editorial-components|/blog/[slug]|/blog/author/[slug]|/destinations/[slug]|/guide/[slug]|/immigration/[slug]|/landing/[slug]|/legal/[slug]|/organizer/articles/[id]/edit|/organizer/articles/[id]/preview|…","13"
"8502beb3f35009be","src/components/blog/BlogSaveArticleButton.tsx","28","9","ui_click","","","onClick={() => { const next = toggle(post); trackBlogArticleSave({ slug: post.slug, title: post.title, action: next ? ""add"" ","source_only","medium","/admin/content/documents/[id]/preview|/blog/[slug]|/blog/author/[slug]|/organizer/articles/[id]/preview","4"
"18f86ca46fe208c5","src/components/blog/BlogSearchFilters.tsx","86","15","ui_click","","","onClick={onReset}","source_only","medium","/blog","1"
"716f035213cd4646","src/components/blog/BlogSearchFilters.tsx","100","15","ui_click","","","onClick={onReset}","source_only","medium","/blog","1"
"b7651ce1927b31f5","src/components/blog/BlogSearchFilters.tsx","122","11","ui_change","","","onChange={(event) => onQueryChange(event.target.value)}","source_only","medium","/blog","1"
"3b0c73e3c7dfd301","src/components/blog/BlogSearchFilters.tsx","130","13","ui_click","","","onClick={() => onQueryChange("""")}","source_only","medium","/blog","1"
"383446db6539fbe2","src/components/blog/BlogSearchFilters.tsx","169","15","ui_change","","","onChange={(event) => onShowDraftsChange(event.target.checked)}","source_only","medium","/blog","1"
"69f799b163045b06","src/components/blog/BlogSearchFilters.tsx","187","13","ui_click","","","onClick={() => { onCategoryChange(""Все""); onTagChange(null); }}","source_only","medium","/blog","1"
"018e26ed19edebb5","src/components/blog/BlogSearchFilters.tsx","198","15","ui_click","","","onClick={() => { onCategoryChange(category); onTagChange(null); }}","source_only","medium","/blog","1"
"f24a8fac33918725","src/components/blog/BlogSearchFilters.tsx","220","19","ui_click","","","onClick={() => { onTagChange(active ? null : tag); if (!active) onCategoryChange(""Все""); }}","source_only","medium","/blog","1"
"cc76de8b9b2cfe97","src/components/blog/BlogSearchFilters.tsx","257","7","ui_click","","","onClick={onClick}","source_only","medium","/blog","1"
"b81dd8f7ee7ac51b","src/components/blog/BlogShareBar.tsx","25","15","browser_capability","","navigator.share","navigator.share({ title: post.title, url })","source_only","high","/admin/content/documents/[id]/preview|/blog/[slug]|/blog/author/[slug]|/organizer/articles/[id]/preview","4"
"3b7756e0f15e7fec","src/components/blog/BlogShareBar.tsx","28","13","browser_capability","","navigator.clipboard.writeText","navigator.clipboard.writeText(url)","source_only","high","/admin/content/documents/[id]/preview|/blog/[slug]|/blog/author/[slug]|/organizer/articles/[id]/preview","4"
"3679a86c8b1b6c65","src/components/blog/BlogShareBar.tsx","41","5","browser_capability","","window.open","window.open(href, ""_blank"", ""noopener,noreferrer"")","source_only","high","/admin/content/documents/[id]/preview|/blog/[slug]|/blog/author/[slug]|/organizer/articles/[id]/preview","4"
"d66984c848fb77d5","src/components/blog/BlogShareBar.tsx","58","9","ui_click","","","onClick={handleCopyLink}","source_only","medium","/admin/content/documents/[id]/preview|/blog/[slug]|/blog/author/[slug]|/organizer/articles/[id]/preview","4"
"153a72ad272d715a","src/components/blog/BlogShareBar.tsx","75","9","ui_click","","","onClick={handleWhatsAppShare}","source_only","medium","/admin/content/documents/[id]/preview|/blog/[slug]|/blog/author/[slug]|/organizer/articles/[id]/preview","4"
"2533172cd44d98f6","src/components/blog/BlogSidebar.tsx","78","19","ui_change","","","onChange={(event) => setHubScope(event.target.checked)}","source_only","medium","/admin/content/documents/[id]/preview|/blog|/blog/[slug]|/blog/author/[slug]|/organizer/articles/[id]/preview","5"
"9f5cad606088332c","src/components/booking/BookingGuestLoginHint.tsx","31","11","ui_click","","","onClick={() => openAuth()}","source_only","medium","/excursions/[slug]","1"
"07c10d89d1e26189","src/components/booking/BookingLookupView.tsx","103","11","form_submit","POST","handler","<form onSubmit={requestCode} className=""mt-6 space-y-4"">","source_only","medium","/booking/find","1"
"4cb9d7b6bdf3d9fc","src/components/booking/BookingLookupView.tsx","113","11","form_submit","POST","handler","<form onSubmit={verifyCode} className=""mt-6 space-y-4"">","source_only","medium","/booking/find","1"
"4f06ca6baf9b75c9","src/components/booking/BookingLookupView.tsx","123","55","ui_click","","","onClick={restart}","source_only","medium","/booking/find","1"
"ee74fde2ffefdb93","src/components/booking/BookingLookupView.tsx","124","94","ui_click","","","onClick={() => void sendCode()}","source_only","medium","/booking/find","1"
"09575379445a37fd","src/components/booking/BookingLookupView.tsx","135","65","ui_click","","","onClick={restart}","source_only","medium","/booking/find","1"
"1f652d2d71e6c9f9","src/components/booking/BookingOrganizerCommentsEditor.tsx","97","9","form_submit","POST","handler","<form onSubmit={handleSubmit}>","source_only","medium","/organizer/bookings/[id]","1"
"7d4170a918d0809c","src/components/booking/BookingOrganizerCommentsEditor.tsx","101","13","ui_change","","","onChange={(event) => setText(event.target.value)}","source_only","medium","/organizer/bookings/[id]","1"
"f0a6aaa530c71748","src/components/booking/BookingOrganizerCommentsEditor.tsx","131","7","form_submit","POST","handler","<form onSubmit={handleSubmit} className=""rounded-xl border border-gray-200 bg-gray-50 p-4"">","source_only","medium","/organizer/bookings/[id]","1"
"c10466b1e537cbcb","src/components/booking/BookingOrganizerCommentsEditor.tsx","138","11","ui_change","","","onChange={(event) => setText(event.target.value)}","source_only","medium","/organizer/bookings/[id]","1"
"488dbbb19de92695","src/components/booking/BookingOrganizerDataPanel.tsx","89","13","browser_capability","","navigator.clipboard.writeText","navigator.clipboard.writeText(formUrl)","source_only","high","/organizer/bookings/[id]","1"
"480939356b136b91","src/components/booking/BookingOrganizerDataPanel.tsx","111","15","ui_click","","","onClick={() => setEditOpen(true)}","source_only","medium","/organizer/bookings/[id]","1"
"daa2c1eb5805acf3","src/components/booking/BookingOrganizerDataPanel.tsx","120","13","ui_click","","","onClick={() => setCollapsed((open) => !open)}","source_only","medium","/organizer/bookings/[id]","1"
"8ba15d01c5d76379","src/components/booking/BookingOrganizerDataPanel.tsx","242","71","ui_click","","","onClick={handleCopyLink}","source_only","medium","/organizer/bookings/[id]","1"
"e80639e3ba340be7","src/components/booking/BookingOrganizerEditModal.tsx","74","9","ui_change","","","onChange={(event) => onChange(event.target.value)}","source_only","medium","/organizer/bookings/[id]","1"
"e63ccee2f30c3d3d","src/components/booking/BookingOrganizerEditModal.tsx","111","9","ui_change","","","onChange={ onChange ? (event) => onChange(Number(event.target.value) || 0) : undefined }","source_only","medium","/organizer/bookings/[id]","1"
"aa2233ca3fb6a5be","src/components/booking/BookingOrganizerEditModal.tsx","277","13","ui_click","","","onClick={onClose}","source_only","medium","/organizer/bookings/[id]","1"
"dc16d1bf748a0eb5","src/components/booking/BookingOrganizerEditModal.tsx","291","17","ui_change","","","onChange={(event) => patchForm({ paymentStatus: event.target.value as BookingOrganizerEditForm[""paymentStatus""], }) ","source_only","medium","/organizer/bookings/[id]","1"
"d53dc0e87fd6a0fd","src/components/booking/BookingOrganizerEditModal.tsx","315","19","ui_change","","","onChange={(event) => patchForm({ contactName: event.target.value })}","source_only","medium","/organizer/bookings/[id]","1"
"17af36424481e265","src/components/booking/BookingOrganizerEditModal.tsx","330","21","ui_change","","","onChange={(event) => handleGuestsChange(Number(event.target.value) || 1)}","source_only","medium","/organizer/bookings/[id]","1"
"cebf88f222291481","src/components/booking/BookingOrganizerEditModal.tsx","357","21","ui_change","","","onChange={(event) => handleTourChange(event.target.value)}","source_only","medium","/organizer/bookings/[id]","1"
"09a9b0750612d42b","src/components/booking/BookingOrganizerEditModal.tsx","384","21","ui_change","","","onChange={handleStartDateChange}","source_only","medium","/organizer/bookings/[id]","1"
"ece3f37c6b4244ee","src/components/booking/BookingOrganizerEditModal.tsx","390","21","ui_change","","","onChange={(value) => patchForm({ endDate: value })}","source_only","medium","/organizer/bookings/[id]","1"
"7b3b3a4edc76af96","src/components/booking/BookingOrganizerEditModal.tsx","400","21","ui_change","","","onChange={handlePricePerGuestChange}","source_only","medium","/organizer/bookings/[id]","1"
"9fcf5ea74366aa47","src/components/booking/BookingOrganizerEditModal.tsx","406","23","ui_change","","","onChange={(event) => patchParams({ currency: event.target.value as CurrencyCode }) }","source_only","medium","/organizer/bookings/[id]","1"
"96cf98be5a48ffe6","src/components/booking/BookingOrganizerEditModal.tsx","433","19","ui_change","","","onChange={(event) => patchParams({ paymentProcedure: event.target .value as BookingOrganizerEditForm[""organizerPar","source_only","medium","/organizer/bookings/[id]","1"
"7aa8da7bb12c75aa","src/components/booking/BookingOrganizerEditModal.tsx","459","21","ui_change","","","onChange={(event) => patchParams({ prepaymentAmount: Number(event.target.value) || 0 }) }","source_only","medium","/organizer/bookings/[id]","1"
"a4a849d9a304827f","src/components/booking/BookingOrganizerEditModal.tsx","468","21","ui_change","","","onChange={(event) => patchParams({ prepaymentType: event.target.value as ""percent"" | ""fixed"", }) ","source_only","medium","/organizer/bookings/[id]","1"
"f4780850d6b8e8e4","src/components/booking/BookingOrganizerEditModal.tsx","498","21","ui_change","","","onChange={(event) => patchParams({ prepaymentDeadlineDays: Number(event.target.value) || 0, }) ","source_only","medium","/organizer/bookings/[id]","1"
"79f0a7df3b4cbfc7","src/components/booking/BookingOrganizerEditModal.tsx","515","21","ui_change","","","onChange={(event) => patchParams({ fullPaymentDaysBefore: Number(event.target.value) || 0, }) ","source_only","medium","/organizer/bookings/[id]","1"
"f125e7b18d9526c9","src/components/booking/BookingOrganizerEditModal.tsx","533","19","ui_change","","","onChange={(event) => patchParams({ accommodationTerms: event.target.value })}","source_only","medium","/organizer/bookings/[id]","1"
"40521e62d017e3ed","src/components/booking/BookingOrganizerEditModal.tsx","551","15","ui_click","","","onClick={onClose}","source_only","medium","/organizer/bookings/[id]","1"
"9fd87a5fb33e6ea6","src/components/booking/BookingOrganizerEditModal.tsx","560","15","ui_click","","","onClick={handleSubmit}","source_only","medium","/organizer/bookings/[id]","1"
"c356662a36cbc0fc","src/components/booking/BookingOrganizerInvoicesSection.tsx","176","13","browser_capability","","navigator.clipboard.writeText","navigator.clipboard.writeText(paymentLinkUrl)","source_only","high","/organizer/bookings/[id]","1"
"aa1bcee3dab0823b","src/components/booking/BookingOrganizerInvoicesSection.tsx","210","23","ui_click","","","onClick={handleCopyLink}","source_only","medium","/organizer/bookings/[id]","1"
"7fc4eaeb0127fd0b","src/components/booking/BookingOrganizerInvoicesSection.tsx","221","23","ui_click","","","onClick={handleGenerateLink}","source_only","medium","/organizer/bookings/[id]","1"
"435de381e22ef9a3","src/components/booking/BookingOrganizerInvoicesSection.tsx","237","21","ui_click","","","onClick={handleGenerateLink}","source_only","medium","/organizer/bookings/[id]","1"
"b2949c87dc404c2c","src/components/booking/BookingPaymentErrorRecovery.tsx","75","15","ui_click","","","onClick={onRetry}","source_only","medium","/booking/pay/[token]|/booking/pay/[token]/result","2"
"508756aa68da3e16","src/components/booking/BookingPaymentLinkView.tsx","321","60","ui_change","","","onChange={setCheckoutCurrency}","source_only","medium","/booking/pay/[token]","1"
"a0c5d127e7d46409","src/components/booking/BookingPaymentLinkView.tsx","400","23","ui_change","","","onChange={() => setSelectedGateway(provider)}","source_only","medium","/booking/pay/[token]","1"
"062550ac23a1a3ec","src/components/booking/BookingPaymentLinkView.tsx","420","13","ui_click","","","onClick={handleCheckout}","source_only","medium","/booking/pay/[token]","1"
"58c34ef0167fec75","src/components/booking/BookingPreviewCard.tsx","96","7","ui_click","","","onClick={onClick}","source_only","medium","/excursions/[slug]","1"
"aa5a8da4a0cf183b","src/components/booking/BookingPreviewCard.tsx","140","11","ui_click","","","onClick={field.onEdit}","source_only","medium","/excursions/[slug]","1"
"52512380c280fcbb","src/components/booking/BookingRefundRequestSection.tsx","67","30","http_request","GET","/api/bookings/[bookingId]/payment/refund","fetch(`/api/bookings/${encodeURIComponent(bookingId)}/payment/refund`)","source_only","high","/organizer/bookings/[id]|/profile/bookings/[id]","2"
"3fafd896bb9d07da","src/components/booking/BookingRefundRequestSection.tsx","102","30","http_request","POST","dynamic","fetch(endpoint, { method: ""POST"", headers: { ""Content-Type"": ""application/json"" }, body: JSON.stringify({ bookingId, reason: reason.trim","source_only","medium","/organizer/bookings/[id]|/profile/bookings/[id]","2"
"c4450aba4411e8dc","src/components/booking/BookingRefundRequestSection.tsx","191","13","form_submit","POST","handler","<form onSubmit={(event) => void handleSubmit(event)} className=""mt-3 space-y-3"">","source_only","medium","/organizer/bookings/[id]|/profile/bookings/[id]","2"
"696bc4b03d57823f","src/components/booking/BookingRefundRequestSection.tsx","196","19","ui_change","","","onChange={(event) => setReason(event.target.value)}","source_only","medium","/organizer/bookings/[id]|/profile/bookings/[id]","2"
"6d01e1dba2c704e2","src/components/booking/BookingSandboxPaymentButton.tsx","102","15","ui_click","","","onClick={() => void handleSimulate(false)}","source_only","medium","/profile/bookings/[id]","1"
"a693ab68189642bf","src/components/booking/BookingSandboxPaymentButton.tsx","111","15","ui_click","","","onClick={() => void handleSimulate(true)}","source_only","medium","/profile/bookings/[id]","1"
"812d712848c042dd","src/components/booking/BookingTouristDetailView.tsx","378","15","ui_click","","","onClick={handleCancel}","source_only","medium","/profile/bookings/[id]","1"
"8fb85748700f73ff","src/components/booking/BookingTravelersFormView.tsx","203","7","form_submit","POST","handler","<form onSubmit={handleSubmit} className=""mt-8 space-y-4"">","source_only","medium","/booking/travelers/[token]","1"
"f4c90b83280e2f98","src/components/booking/BookingTravelersFormView.tsx","219","19","ui_change","","","onChange={(event) => updateTraveler(index, { fullName: event.target.value })}","source_only","medium","/booking/travelers/[token]","1"
"c5b43266e9c4c7af","src/components/booking/BookingTravelersFormView.tsx","238","21","ui_change","","","onChange={(date) => { updateTraveler(index, { dateOfBirth: formatBookingTravelerDate(date) }); if (date) { setDa","source_only","medium","/booking/travelers/[token]","1"
"660ca267f168257a","src/components/booking/BookingTravelersFormView.tsx","280","23","ui_change","","","onChange={(event) => updateTraveler(index, { passportNumber: event.target.value }) }","source_only","medium","/booking/travelers/[token]","1"
"e4a4dee4a7f7a590","src/components/booking/BookingTravelersFormView.tsx","304","19","ui_change","","","onChange={(event) => updateTraveler(index, { dietaryRestrictions: event.target.value }) }","source_only","medium","/booking/travelers/[token]","1"
"2f6e75d18cb4a118","src/components/booking/BookingTravelersFormView.tsx","323","21","ui_change","","","onChange={(event) => updateTraveler(index, { email: event.target.value })}","source_only","medium","/booking/travelers/[token]","1"
"862bb6acb6b93540","src/components/booking/BookingTravelersFormView.tsx","335","21","ui_change","","","onChange={(phone) => updateTraveler(index, { phone })}","source_only","medium","/booking/travelers/[token]","1"
"551f94766f96e4c3","src/components/booking/BookingTravelersFormView.tsx","358","13","ui_change","","","onChange={(event) => setConsent(event.target.checked)}","source_only","medium","/booking/travelers/[token]","1"
"9b0c05fb0c65e53d","src/components/booking/BookingTravelersOrganizerSection.tsx","61","13","browser_capability","","navigator.clipboard.writeText","navigator.clipboard.writeText(formUrl)","source_only","high","/organizer/bookings/[id]","1"
"09dc46fbf9b4b4c8","src/components/booking/BookingTravelersOrganizerSection.tsx","159","67","ui_click","","","onClick={handleCopyLink}","source_only","medium","/organizer/bookings/[id]","1"
"38e47e6d893864b9","src/components/booking/CheckoutCurrencySelector.tsx","38","13","ui_click","","","onClick={() => onChange(option.code)}","source_only","medium","/booking/pay/[token]","1"
"b4592591021ddce2","src/components/booking/PartnerBookingSuccessPanel.tsx","102","17","ui_click","","","onClick={onClose}","source_only","medium","/excursions/[slug]","1"
"e42540fafb561359","src/components/booking/PartnerBookingSuccessPanel.tsx","114","86","ui_click","","","onClick={onClose}","source_only","medium","/excursions/[slug]","1"
"b2c983568e38945d","src/components/car-rental/CarRentalFaqSection.tsx","61","17","ui_click","","","onClick={() => setOpenIndex(isOpen ? null : index)}","source_only","medium","/car-rental","1"
"d25f441c362da691","src/components/contacts/ContactOfficeMap.tsx","38","13","ui_click","","","onClick={() => setOpen(true)}","source_only","medium","/contacts","1"
"780a03424da1b3e5","src/components/contacts/ContactsPageClient.tsx","90","30","http_request","POST","/api/contact","fetch(""/api/contact"", { method: ""POST"", headers: { ""Content-Type"": ""application/json"" }, body: JSON.stringify({ name, email, m","source_only","high","/contacts","1"
"606701682947c3a2","src/components/contacts/ContactsPageClient.tsx","175","9","form_submit","POST","handler","<form onSubmit={handleSubmit} className=""mt-8 space-y-5"">","source_only","medium","/contacts","1"
"959c3738772a87c7","src/components/content/CollapsibleAsidePanel.tsx","89","9","ui_click","","","onClick={toggle}","source_only","medium","/admin/content/documents/[id]/preview|/blog|/blog/[slug]|/blog/author/[slug]|/destinations/[slug]|/guide/[slug]|/immigration/[slug]|/landing/[slug]|/organizer/articles/[id]/preview","9"
"42e74a0845cf93ef","src/components/content/ContentCard.tsx","73","7","ui_click","","","onClick={onClick}","source_only","medium","/admin/content/documents/[id]/preview|/baza-znaniy/[slug]|/blog|/blog/[slug]|/blog/author/[slug]|/blog/authors/[slug]|/blog/hub/[hubId]|/destinations/[slug]|/dev/design-system|/embed/tours|/excursions|/excursions/[slug]|…","25"
"ab39ef5110955281","src/components/content/SharePageLinkButton.tsx","26","15","browser_capability","","navigator.share","navigator.share({ title: shareTitle, url })","source_only","high","/admin/content/documents/[id]/preview|/blog/[slug]|/blog/author/[slug]|/destinations/[slug]|/guide/[slug]|/immigration/[slug]|/landing/[slug]|/organizer/articles/[id]/preview","8"
"8ccb032c52474f5f","src/components/content/SharePageLinkButton.tsx","29","13","browser_capability","","navigator.clipboard.writeText","navigator.clipboard.writeText(url)","source_only","high","/admin/content/documents/[id]/preview|/blog/[slug]|/blog/author/[slug]|/destinations/[slug]|/guide/[slug]|/immigration/[slug]|/landing/[slug]|/organizer/articles/[id]/preview","8"
"97bbde862199a8da","src/components/content/SharePageLinkButton.tsx","40","7","ui_click","","","onClick={handleShare}","source_only","medium","/admin/content/documents/[id]/preview|/blog/[slug]|/blog/author/[slug]|/destinations/[slug]|/guide/[slug]|/immigration/[slug]|/landing/[slug]|/organizer/articles/[id]/preview","8"
"905df2ae176a6a23","src/components/content/TableOfContents.tsx","42","15","ui_click","","","onClick={handleAnchorClick(item.id)}","source_only","medium","/admin/content/documents/[id]/preview|/blog/[slug]|/blog/author/[slug]|/destinations/[slug]|/guide/[slug]|/immigration/[slug]|/landing/[slug]|/organizer/articles/[id]/preview","8"
"7cc83e33ad4cc9fd","src/components/content/TableOfContents.tsx","161","17","ui_click","","","onClick={() => setExpanded((open) => !open)}","source_only","medium","/admin/content/documents/[id]/preview|/blog/[slug]|/blog/author/[slug]|/destinations/[slug]|/guide/[slug]|/immigration/[slug]|/landing/[slug]|/organizer/articles/[id]/preview","8"
"f3a6349f92fca119","src/components/content/TableOfContents.tsx","174","21","ui_click","","","onClick={goToSection(item.id)}","source_only","medium","/admin/content/documents/[id]/preview|/blog/[slug]|/blog/author/[slug]|/destinations/[slug]|/guide/[slug]|/immigration/[slug]|/landing/[slug]|/organizer/articles/[id]/preview","8"
"45714cd44dfb7eb6","src/components/content/TableOfContents.tsx","189","11","ui_click","","","onClick={() => setExpanded((open) => !open)}","source_only","medium","/admin/content/documents/[id]/preview|/blog/[slug]|/blog/author/[slug]|/destinations/[slug]|/guide/[slug]|/immigration/[slug]|/landing/[slug]|/organizer/articles/[id]/preview","8"
"a1486ccaf74eba2e","src/components/content/TableOfContents.tsx","215","21","ui_click","","","onClick={goToSection(item.id)}","source_only","medium","/admin/content/documents/[id]/preview|/blog/[slug]|/blog/author/[slug]|/destinations/[slug]|/guide/[slug]|/immigration/[slug]|/landing/[slug]|/organizer/articles/[id]/preview","8"
"d025c3a6cf124b90","src/components/CookieConsentBanner.tsx","126","66","ui_change","","","onChange={(event) => setDraft({ ...draft, analytics: event.target.checked })}","source_only","medium","/|/about|/account/update-password|/admin|/admin/analytics|/admin/analytics/funnels|/admin/content-freshness|/admin/content/documents|/admin/content/documents/[id]|/admin/content/documents/[id]/preview|/admin/content/forum|/admin/content/knowledge|…","159"
"3f347ca46f7c7f2a","src/components/CookieConsentBanner.tsx","130","72","ui_change","","","onChange={(event) => setDraft({ ...draft, personalization: event.target.checked })}","source_only","medium","/|/about|/account/update-password|/admin|/admin/analytics|/admin/analytics/funnels|/admin/content-freshness|/admin/content/documents|/admin/content/documents/[id]|/admin/content/documents/[id]/preview|/admin/content/forum|/admin/content/knowledge|…","159"
"75444e0235d069b3","src/components/CookieConsentBanner.tsx","137","132","ui_click","","","onClick={acceptAll}","source_only","medium","/|/about|/account/update-password|/admin|/admin/analytics|/admin/analytics/funnels|/admin/content-freshness|/admin/content/documents|/admin/content/documents/[id]|/admin/content/documents/[id]/preview|/admin/content/forum|/admin/content/knowledge|…","159"
"eaac29ba1a981937","src/components/CookieConsentBanner.tsx","140","139","ui_click","","","onClick={acceptNecessary}","source_only","medium","/|/about|/account/update-password|/admin|/admin/analytics|/admin/analytics/funnels|/admin/content-freshness|/admin/content/documents|/admin/content/documents/[id]|/admin/content/documents/[id]/preview|/admin/content/forum|/admin/content/knowledge|…","159"
"6eb84da821502793","src/components/CookieConsentBanner.tsx","142","107","ui_click","","","onClick={saveCustom}","source_only","medium","/|/about|/account/update-password|/admin|/admin/analytics|/admin/analytics/funnels|/admin/content-freshness|/admin/content/documents|/admin/content/documents/[id]|/admin/content/documents/[id]/preview|/admin/content/forum|/admin/content/knowledge|…","159"
"d48a59d022e65584","src/components/CookieConsentBanner.tsx","144","130","ui_click","","","onClick={() => setCustomizing(true)}","source_only","medium","/|/about|/account/update-password|/admin|/admin/analytics|/admin/analytics/funnels|/admin/content-freshness|/admin/content/documents|/admin/content/documents/[id]|/admin/content/documents/[id]/preview|/admin/content/forum|/admin/content/knowledge|…","159"
"a7e6cf0a83d767ce","src/components/editor/RichTextEditor.tsx","125","55","ui_click","","","onClick={() => runCommand(""bold"")}","source_only","medium","/admin/content/documents/[id]|/organizer/tours/[id]/edit","2"
"b818fa3aa4ca6016","src/components/editor/RichTextEditor.tsx","128","55","ui_click","","","onClick={() => runCommand(""italic"")}","source_only","medium","/admin/content/documents/[id]|/organizer/tours/[id]/edit","2"
"15eca19317574e36","src/components/editor/RichTextEditor.tsx","131","55","ui_click","","","onClick={() => runCommand(""underline"")}","source_only","medium","/admin/content/documents/[id]|/organizer/tours/[id]/edit","2"
"7fef5188daec8f8e","src/components/editor/RichTextEditor.tsx","137","59","ui_click","","","onClick={insertLink}","source_only","medium","/admin/content/documents/[id]|/organizer/tours/[id]/edit","2"
"8b91e5595b5ce952","src/components/editor/RichTextEditor.tsx","143","15","ui_click","","","onClick={() => runCommand(""insertUnorderedList"")}","source_only","medium","/admin/content/documents/[id]|/organizer/tours/[id]/edit","2"
"606f06bedfdf18f5","src/components/editor/RichTextEditor.tsx","151","15","ui_click","","","onClick={() => runCommand(""insertOrderedList"")}","source_only","medium","/admin/content/documents/[id]|/organizer/tours/[id]/edit","2"
"4acae8e9a0d7f1f7","src/components/editor/RichTextEditor.tsx","162","11","ui_click","","","onClick={() => runCommand(""removeFormat"")}","source_only","medium","/admin/content/documents/[id]|/organizer/tours/[id]/edit","2"
"49fa602520ec8d17","src/components/editor/RichTextEditor.tsx","173","15","ui_click","","","onClick={() => runCommand(""formatBlock"", ""blockquote"")}","source_only","medium","/admin/content/documents/[id]|/organizer/tours/[id]/edit","2"
"bc75da1d028d1e28","src/components/editor/RichTextEditor.tsx","179","59","ui_click","","","onClick={() => runCommand(""justifyLeft"")}","source_only","medium","/admin/content/documents/[id]|/organizer/tours/[id]/edit","2"
"34f025062faf1720","src/components/editor/RichTextEditor.tsx","182","59","ui_click","","","onClick={() => runCommand(""justifyCenter"")}","source_only","medium","/admin/content/documents/[id]|/organizer/tours/[id]/edit","2"
"2a7e8e5f9fb3b684","src/components/editor/RichTextEditor.tsx","189","55","ui_click","","","onClick={() => runCommand(""undo"")}","source_only","medium","/admin/content/documents/[id]|/organizer/tours/[id]/edit","2"
"9d557c4c3ef5160c","src/components/editor/RichTextEditor.tsx","192","55","ui_click","","","onClick={() => runCommand(""redo"")}","source_only","medium","/admin/content/documents/[id]|/organizer/tours/[id]/edit","2"
"081c3aec5641bbd8","src/components/editor/RichTextEditor.tsx","209","11","ui_input","","","onInput={emitChange}","source_only","medium","/admin/content/documents/[id]|/organizer/tours/[id]/edit","2"
"369724a2e805cfb1","src/components/esim/EsimCatalogFilters.tsx","45","7","ui_click","","","onClick={onClick}","source_only","medium","/esim","1"
"f7bc715173eb33a1","src/components/esim/EsimCatalogFilters.tsx","91","13","ui_click","","","onClick={() => onChange({ dataType: ""all"" })}","source_only","medium","/esim","1"
"948625dbdb6ebe47","src/components/esim/EsimCatalogFilters.tsx","100","49","ui_click","","","onClick={() => setDataType(""all"")}","source_only","medium","/esim","1"
"44f9d94fbc0b9bca","src/components/esim/EsimCatalogFilters.tsx","104","55","ui_click","","","onClick={() => setDataType(""limited"")}","source_only","medium","/esim","1"
"86291a8a8092492e","src/components/esim/EsimCatalogFilters.tsx","109","57","ui_click","","","onClick={() => setDataType(""unlimited"")}","source_only","medium","/esim","1"
"be607aba617b868c","src/components/esim/EsimCatalogFilters.tsx","123","17","ui_click","","","onClick={() => onChange({ ...filters, dataGb: filters.dataGb === gb ? undefined : gb, dataType: filter","source_only","medium","/esim","1"
"2820b6582eaac62a","src/components/esim/EsimCatalogFilters.tsx","146","17","ui_click","","","onClick={() => onChange({ ...filters, validityDays: filters.validityDays === days ? undefined : days, })","source_only","medium","/esim","1"
"c2dba6549f1c52cf","src/components/esim/EsimCatalogFilters.tsx","168","17","ui_click","","","onClick={() => onChange({ ...filters, planType: filters.planType === planType ? undefined : planType, })","source_only","medium","/esim","1"
"7827fbea8bc1151e","src/components/esim/EsimCatalogView.tsx","54","30","http_request","GET","/api/esim/offers?[params]","fetch(`/api/esim/offers?${params}`)","source_only","high","/esim","1"
"136fb22846d714dc","src/components/esim/EsimCatalogView.tsx","173","46","ui_change","","","onChange={setCountryId}","source_only","medium","/esim","1"
"ae295d880041a7d7","src/components/esim/EsimCatalogView.tsx","188","13","ui_change","","","onChange={setFilters}","source_only","medium","/esim","1"
"3f2d832a7e2218b5","src/components/esim/EsimCatalogView.tsx","214","21","ui_change","","","onChange={(event) => setSort(event.target.value as EsimSortOption)}","source_only","medium","/esim","1"
"ba30b25253d62468","src/components/esim/EsimCatalogView.tsx","272","17","ui_click","","","onClick={() => setFilters({ dataType: ""all"" })}","source_only","medium","/esim","1"
"cd3b1059bec20b4e","src/components/esim/EsimCountryPicker.tsx","24","13","ui_click","","","onClick={() => onChange(country.id)}","source_only","medium","/esim","1"
"043045124fcc8c33","src/components/esim/EsimFaqSection.tsx","90","17","ui_click","","","onClick={() => setOpenIndex(isOpen ? null : index)}","source_only","medium","/esim","1"
"0ea1c2a8b7e9d76b","src/components/excursions/ExcursionBookingConditionsSection.tsx","105","32","http_request","GET","/api/excursions/[slug]/booking-conditions","fetch(`/api/excursions/${excursion.slug}/booking-conditions`)","source_only","high","/excursions/[slug]","1"
"909b717a03c5c287","src/components/excursions/ExcursionBookingContactSection.tsx","299","32","http_request","POST","/api/bookings","fetch(""/api/bookings"", { method: ""POST"", credentials: ""same-origin"", headers: { ""Content-Type"": ""application/json"" }, body: JSON.stringify({","source_only","high","/excursions/[slug]","1"
"986c855c1d914191","src/components/excursions/ExcursionBookingContactSection.tsx","371","30","http_request","POST","dynamic","fetch(endpoint, { method: ""POST"", credentials: ""same-origin"", headers: { ""Content-Type"": ""application/json"", ""Idempotency-Key"": bookingO","source_only","medium","/excursions/[slug]","1"
"763288b753534515","src/components/excursions/ExcursionBookingContactSection.tsx","481","70","ui_click","","","onClick={handleClosePreview}","source_only","medium","/excursions/[slug]","1"
"22b364448a6988c3","src/components/excursions/ExcursionBookingContactSection.tsx","541","15","ui_change","","","onChange={(event) => setForm((prev) => ({ ...prev, name: event.target.value }))}","source_only","medium","/excursions/[slug]","1"
"45d81fe2b6dbd577","src/components/excursions/ExcursionBookingContactSection.tsx","555","15","ui_change","","","onChange={(event) => setForm((prev) => ({ ...prev, email: event.target.value }))}","source_only","medium","/excursions/[slug]","1"
"3656fdce8da71afa","src/components/excursions/ExcursionBookingContactSection.tsx","570","15","ui_change","","","onChange={(event) => setForm((prev) => ({ ...prev, phone: event.target.value }))}","source_only","medium","/excursions/[slug]","1"
"29a2c73ed4dc589b","src/components/excursions/ExcursionBookingContactSection.tsx","582","15","ui_change","","","onChange={(event) => setForm((prev) => ({ ...prev, message: event.target.value }))}","source_only","medium","/excursions/[slug]","1"
"f966d1544593fab5","src/components/excursions/ExcursionBookingContactSection.tsx","593","9","ui_change","","","onChange={(event) => setCompany(event.target.value)}","source_only","medium","/excursions/[slug]","1"
"8b72de394f212d4a","src/components/excursions/ExcursionBookingContactSection.tsx","613","11","ui_click","","","onClick={() => void handleConfirmBooking()}","source_only","medium","/excursions/[slug]","1"
"16f732257f31f40f","src/components/excursions/ExcursionBookingContactSection.tsx","637","11","ui_click","","","onClick={handleClosePreview}","source_only","medium","/excursions/[slug]","1"
"044cd3263a05f873","src/components/excursions/ExcursionBookingContext.tsx","118","32","http_request","GET","/api/excursions/[slug]/schedule","fetch(`/api/excursions/${excursion.slug}/schedule`)","source_only","high","/excursions/[slug]","1"
"b20bfb4f71c66f8d","src/components/excursions/ExcursionBookingPanel.tsx","163","25","ui_click","","","onClick={() => setSelectedTime(slot.time)}","source_only","medium","/excursions/[slug]","1"
"9791d060054c13f1","src/components/excursions/ExcursionBookingPanel.tsx","179","70","ui_change","","","onChange={setPersons}","source_only","medium","/excursions/[slug]","1"
"b79da4a4403f02ae","src/components/excursions/ExcursionBookingPanel.tsx","197","13","ui_click","","","onClick={handleOpenPreview}","source_only","medium","/excursions/[slug]","1"
"2eb7c7e7e1ac041a","src/components/excursions/ExcursionCatalogFiltersSheet.tsx","41","9","ui_click","","","onClick={() => setOpen(true)}","source_only","medium","/excursions|/excursions/city/[citySlug]","2"
"d8b3fb47e79c7209","src/components/excursions/ExcursionCatalogFiltersSheet.tsx","65","15","ui_change","","","onChange={onChange}","source_only","medium","/excursions|/excursions/city/[citySlug]","2"
"c4480ca19e9b39e4","src/components/excursions/ExcursionCatalogFiltersSheet.tsx","70","64","ui_click","","","onClick={() => setOpen(false)}","source_only","medium","/excursions|/excursions/city/[citySlug]","2"
"1848b40f83222ab7","src/components/excursions/ExcursionDepartureCalendar.tsx","91","19","ui_click","","","onClick={() => onSelect(key)}","source_only","medium","/excursions/[slug]","1"
"1e8d7173cb48cdc9","src/components/excursions/ExcursionDepartureCalendar.tsx","190","13","ui_click","","","onClick={() => setViewMonth((current) => subMonths(current, 1))}","source_only","medium","/excursions/[slug]","1"
"fa0954557981a2de","src/components/excursions/ExcursionDepartureCalendar.tsx","199","13","ui_click","","","onClick={() => setViewMonth((current) => addMonths(current, 1))}","source_only","medium","/excursions/[slug]","1"
"d6482a6a1cb3acfd","src/components/excursions/ExcursionDetailView.tsx","77","15","browser_capability","","navigator.share","navigator.share({ title: excursion.title, url })","source_only","high","/excursions/[slug]","1"
"e2b43db4965cd400","src/components/excursions/ExcursionDetailView.tsx","79","15","browser_capability","","navigator.clipboard.writeText","navigator.clipboard.writeText(url)","source_only","high","/excursions/[slug]","1"
"61f849ee5d983e71","src/components/excursions/ExcursionDetailView.tsx","132","17","ui_click","","","onClick={handleShare}","source_only","medium","/excursions/[slug]","1"
"fab3c76cc6024368","src/components/excursions/ExcursionFavoriteButton.tsx","36","7","ui_click","","","onClick={(event) => { event.preventDefault(); event.stopPropagation(); toggle(); }}","source_only","medium","/admin/content/documents/[id]/preview|/baza-znaniy/[slug]|/blog/[slug]|/blog/author/[slug]|/excursions|/excursions/[slug]|/excursions/city/[citySlug]|/excursions/guide/[guideId]|/organizer/articles/[id]/preview|/profile|/profile/favorites","11"
"beb7cb3e86e684b0","src/components/excursions/ExcursionFilterBar.tsx","114","19","ui_change","","","onChange={() => setDraft((current) => ({ ...current, formats: toggle(current.formats, option.id), ","source_only","medium","/excursions|/excursions/city/[citySlug]","2"
"beac721afca6c4bc","src/components/excursions/ExcursionFilterBar.tsx","154","21","ui_change","","","onChange={() => setDraft((current) => ({ ...current, durationBuckets: toggle(current.durationBuckets, option.i","source_only","medium","/excursions|/excursions/city/[citySlug]","2"
"7edc9bd8ba03615c","src/components/excursions/ExcursionFilterBar.tsx","193","19","ui_change","","","onChange={() => setDraft((current) => ({ ...current, minRating: rating }))}","source_only","medium","/excursions|/excursions/city/[citySlug]","2"
"5f922f8c403c3e82","src/components/excursions/ExcursionFilterBar.tsx","260","19","ui_change","","","onChange={() => setDraft((current) => ({ ...current, partners: toggle(current.partners, option.id), ","source_only","medium","/excursions|/excursions/city/[citySlug]","2"
"aa49b3778e8c989a","src/components/excursions/ExcursionMobileBookingBar.tsx","90","91","ui_click","","","onClick={handleMobileBookClick}","source_only","medium","/excursions/[slug]","1"
"1c69b231042ebb2a","src/components/excursions/ExcursionPrepaymentNotice.tsx","46","32","http_request","GET","/api/excursions/[excursionSlug]/booking-conditions","fetch(`/api/excursions/${excursionSlug}/booking-conditions`)","source_only","high","/excursions/[slug]","1"
"49f51b71913d94c1","src/components/excursions/ExcursionReviewsSection.tsx","100","13","ui_click","","","onClick={() => { setFilter(value); setPage(1); }}","source_only","medium","/excursions/[slug]","1"
"bb72762e5a6bceba","src/components/excursions/ExcursionReviewsSection.tsx","180","13","ui_click","","","onClick={() => setPage(page - 1)}","source_only","medium","/excursions/[slug]","1"
"20de7b8947f195c5","src/components/excursions/ExcursionReviewsSection.tsx","191","13","ui_click","","","onClick={() => setPage(page + 1)}","source_only","medium","/excursions/[slug]","1"
"80e287cbcdce13be","src/components/excursions/ExcursionReviewsSummary.tsx","84","11","ui_click","","","onClick={onPhotosClick}","source_only","medium","/excursions/[slug]","1"
"6a3f6ae9738b8bc7","src/components/excursions/ExcursionsCatalog.tsx","147","7","client_navigation","","dynamic","router.replace(qs ? `${basePath}?${qs}` : basePath, { scroll: false })","source_only","medium","/excursions|/excursions/city/[citySlug]","2"
"60362c8e6de37033","src/components/excursions/ExcursionsCatalog.tsx","157","5","client_navigation","","dynamic","router.replace(qs ? `${basePath}?${qs}` : basePath, { scroll: false })","source_only","medium","/excursions|/excursions/city/[citySlug]","2"
"a4597448a8f516a5","src/components/excursions/ExcursionsCatalog.tsx","239","13","ui_change","","","onChange={applyFilters}","source_only","medium","/excursions|/excursions/city/[citySlug]","2"
"5efce0dc908fa8a8","src/components/excursions/ExcursionsCatalog.tsx","255","19","ui_change","","","onChange={applyFilters}","source_only","medium","/excursions|/excursions/city/[citySlug]","2"
"093b271f333658a8","src/components/excursions/ExcursionsCatalog.tsx","263","21","ui_change","","","onChange={applyFilters}","source_only","medium","/excursions|/excursions/city/[citySlug]","2"
"53214041005746d7","src/components/excursions/ExcursionScheduleDatePicker.tsx","129","17","ui_click","","","onClick={() => setViewMonth(months[resolvedIndex - 1]!)}","source_only","medium","/excursions/[slug]","1"
"9e7f94ebbcbdf4b7","src/components/excursions/ExcursionScheduleDatePicker.tsx","143","17","ui_click","","","onClick={() => setViewMonth(months[resolvedIndex + 1]!)}","source_only","medium","/excursions/[slug]","1"
"3611be7bc2f56262","src/components/excursions/ExcursionSearchPanel.tsx","29","7","ui_click","","","onClick={onClick}","source_only","medium","/excursions|/excursions/city/[citySlug]","2"
"12952266e7fbd5b3","src/components/excursions/ExcursionSearchPanel.tsx","81","19","ui_change","","","onChange={(event) => setQueryInput(event.target.value)}","source_only","medium","/excursions|/excursions/city/[citySlug]","2"
"3767c39bc9a7fc33","src/components/excursions/ExcursionSearchPanel.tsx","88","19","ui_click","","","onClick={() => { setQueryInput(""""); patch({ query: """" }); }}","source_only","medium","/excursions|/excursions/city/[citySlug]","2"
"c8ca4bde95d77c1d","src/components/excursions/ExcursionSearchPanel.tsx","128","19","ui_click","","","onClick={() => { patch({ citySlug: """" }); setCityOpen(false); }}","source_only","medium","/excursions|/excursions/city/[citySlug]","2"
"60930e7330e6cddc","src/components/excursions/ExcursionSearchPanel.tsx","140","19","ui_change","","","onChange={(event) => setCityQuery(event.target.value)}","source_only","medium","/excursions|/excursions/city/[citySlug]","2"
"806355d197f96083","src/components/excursions/ExcursionSearchPanel.tsx","149","21","ui_click","","","onClick={() => { patch({ citySlug: """" }); setCityOpen(false); }}","source_only","medium","/excursions|/excursions/city/[citySlug]","2"
"aa0d78e5e6abca2e","src/components/excursions/ExcursionSearchPanel.tsx","165","23","ui_click","","","onClick={() => { patch({ citySlug: city.slug }); setCityOpen(false); }}","source_only","medium","/excursions|/excursions/city/[citySlug]","2"
"0d432e378ed584cb","src/components/excursions/ExcursionSearchSuggestions.tsx","38","10","http_request","GET","/api/excursions/search-index","fetch(""/api/excursions/search-index"")","source_only","high","/excursions|/excursions/city/[citySlug]","2"
"d2128e882b4056ee","src/components/excursions/ExcursionSearchSuggestions.tsx","75","13","ui_click","","","onClick={() => onSelect(item.title)}","source_only","medium","/excursions|/excursions/city/[citySlug]","2"
"870cc35511dbc912","src/components/experts/ExpertDetailView.tsx","35","7","client_navigation","","/?auth=sign-in&next=/experts/[slug]","router.push(`/?auth=sign-in&next=/experts/${expert.slug}`)","source_only","high","/experts/[slug]","1"
"cfa2812efd319340","src/components/experts/ExpertDetailView.tsx","41","25","http_request","POST","/api/experts/[slug]/inquiry","fetch(`/api/experts/${expert.slug}/inquiry`, { method: ""POST"", headers: { ""Content-Type"": ""application/json"" }, body: JSON.stringify({ message }), })","source_only","high","/experts/[slug]","1"
"6b8b828f2aae353f","src/components/experts/ExpertDetailView.tsx","59","33","client_navigation","","dynamic","router.push(json.messageHref!)","source_only","medium","/experts/[slug]","1"
"4ce05265b0951f3b","src/components/experts/ExpertDetailView.tsx","83","9","form_submit","POST","handler","<form onSubmit={(event) => void handleSubmit(event)} className=""mt-4 space-y-3"">","source_only","medium","/experts/[slug]","1"
"879ee38bd1d2b86b","src/components/experts/ExpertDetailView.tsx","86","13","ui_change","","","onChange={(event) => setMessage(event.target.value)}","source_only","medium","/experts/[slug]","1"
"b132c04fd8db093b","src/components/experts/ExpertsCatalog.tsx","90","5","client_navigation","","dynamic","router.replace(qs ? `/experts?${qs}` : ""/experts"", { scroll: false })","source_only","medium","/experts","1"
"d166b33c0c342685","src/components/experts/ExpertsCatalog.tsx","98","5","client_navigation","","/experts","router.replace(""/experts"", { scroll: false })","source_only","high","/experts","1"
"7a63f686e8435b28","src/components/experts/ExpertsCatalog.tsx","127","15","ui_change","","","onChange={(event) => setCity(event.target.value)}","source_only","medium","/experts","1"
"3c86b5e8418c5133","src/components/experts/ExpertsCatalog.tsx","143","15","ui_change","","","onChange={(event) => setCategory(event.target.value)}","source_only","medium","/experts","1"
"79b4afe337454577","src/components/experts/ExpertsCatalog.tsx","159","15","ui_change","","","onChange={(event) => setLanguage(event.target.value)}","source_only","medium","/experts","1"
"7aaa46f9aee97dff","src/components/experts/ExpertsCatalog.tsx","175","15","ui_change","","","onChange={(event) => setQ(event.target.value)}","source_only","medium","/experts","1"
"4ad53beff9322b76","src/components/experts/ExpertsCatalog.tsx","182","21","ui_click","","","onClick={applyFilters}","source_only","medium","/experts","1"
"baef52766e1f230d","src/components/experts/ExpertsCatalog.tsx","183","39","ui_click","","","onClick={resetFilters}","source_only","medium","/experts","1"
"333e8a7ecbf9d600","src/components/faq/FaqAccordionSection.tsx","38","11","ui_change","","","onChange={(event) => setQuery(event.target.value)}","source_only","medium","/faq","1"
"d29128dba5c85c5e","src/components/feedback/InlineFeedback.tsx","47","27","ui_click","","","onClick={action.onClick}","source_only","medium","/|/about|/account/update-password|/admin|/admin/analytics|/admin/analytics/funnels|/admin/content-freshness|/admin/content/documents|/admin/content/documents/[id]|/admin/content/documents/[id]/preview|/admin/content/forum|/admin/content/knowledge|…","159"
"8f061bbf085de810","src/components/feedback/SiteToastHost.tsx","69","23","ui_click","","","onClick={() => dismiss(toast.id)}","source_only","medium","/|/about|/account/update-password|/admin|/admin/analytics|/admin/analytics/funnels|/admin/content-freshness|/admin/content/documents|/admin/content/documents/[id]|/admin/content/documents/[id]/preview|/admin/content/forum|/admin/content/knowledge|…","159"
"f3ca7376bec88dd3","src/components/feedback/SiteToastHost.tsx","77","23","ui_click","","","onClick={() => { toast.action?.onClick?.(); dismiss(toast.id); }}","source_only","medium","/|/about|/account/update-password|/admin|/admin/analytics|/admin/analytics/funnels|/admin/content-freshness|/admin/content/documents|/admin/content/documents/[id]|/admin/content/documents/[id]/preview|/admin/content/forum|/admin/content/knowledge|…","159"
"c1325eee1640a845","src/components/feedback/SiteToastHost.tsx","91","19","ui_click","","","onClick={() => dismiss(toast.id)}","source_only","medium","/|/about|/account/update-password|/admin|/admin/analytics|/admin/analytics/funnels|/admin/content-freshness|/admin/content/documents|/admin/content/documents/[id]|/admin/content/documents/[id]/preview|/admin/content/forum|/admin/content/knowledge|…","159"
"309008648432bb56","src/components/flights/flight-hub-picker.tsx","31","9","ui_click","","","onClick={() => onSelect(hub.code)}","source_only","medium","/excursions/[slug]|/organizer/tours/[id]/preview|/tours/[slug]","3"
"8b2afebb3c143c35","src/components/flights/flight-hub-picker.tsx","211","15","ui_change","","","onChange={(event) => setQuery(event.target.value)}","source_only","medium","/excursions/[slug]|/organizer/tours/[id]/preview|/tours/[slug]","3"
"ed12bd06c1f0d461","src/components/flights/flight-hub-picker.tsx","222","15","ui_click","","","onClick={enableSearch}","source_only","medium","/excursions/[slug]|/organizer/tours/[id]/preview|/tours/[slug]","3"
"717aeda4ca81ccc1","src/components/flights/flight-hub-picker.tsx","280","9","ui_change","","","onChange={onOriginChange}","source_only","medium","/excursions/[slug]|/organizer/tours/[id]/preview|/tours/[slug]","3"
"b3b061e1f3d3be07","src/components/flights/flight-hub-picker.tsx","290","11","ui_click","","","onClick={swapEndpoints}","source_only","medium","/excursions/[slug]|/organizer/tours/[id]/preview|/tours/[slug]","3"
"52aa447c10bcffaa","src/components/flights/flight-hub-picker.tsx","300","9","ui_change","","","onChange={onDestinationChange}","source_only","medium","/excursions/[slug]|/organizer/tours/[id]/preview|/tours/[slug]","3"
"227ac17cd7e857fa","src/components/flights/flight-hub-picker.tsx","308","9","ui_click","","","onClick={swapEndpoints}","source_only","medium","/excursions/[slug]|/organizer/tours/[id]/preview|/tours/[slug]","3"
"3558694fd164f691","src/components/flights/FlightsWhitelabelWidgetCore.tsx","269","17","ui_click","","","onClick={retryWidget}","source_only","medium","/embed/flights/wl|/flights","2"
"c1ba2539ca11204c","src/components/flights/FlightsWhitelabelWidgetCore.tsx","279","17","ui_click","","","onClick={() => trackProductEvent(""flights_results_opened"", { source: ""aviasales_fallback"", outcome: ""external"" })}","source_only","medium","/embed/flights/wl|/flights","2"
"cc400c0fbd737dfa","src/components/Footer.tsx","260","15","ui_click","","","onClick={() => window.dispatchEvent(new Event(COOKIE_CONSENT_OPEN_EVENT))}","source_only","medium","/|/about|/account/update-password|/admin|/admin/analytics|/admin/analytics/funnels|/admin/content-freshness|/admin/content/documents|/admin/content/documents/[id]|/admin/content/documents/[id]/preview|/admin/content/forum|/admin/content/knowledge|…","159"
"f9dbd2d6c01c84ec","src/components/FooterNewsletter.tsx","45","30","http_request","POST","/api/newsletter","fetch(""/api/newsletter"", { method: ""POST"", headers: { ""Content-Type"": ""application/json"" }, body: JSON.stringify({ email: value, source: ""footer"", captchaTo","source_only","high","/|/about|/account/update-password|/admin|/admin/analytics|/admin/analytics/funnels|/admin/content-freshness|/admin/content/documents|/admin/content/documents/[id]|/admin/content/documents/[id]/preview|/admin/content/forum|/admin/content/knowledge|…","159"
"5346031e2832ef43","src/components/FooterNewsletter.tsx","94","5","form_submit","POST","handler","<form onSubmit={handleSubmit} className={cn( ""relative mt-6 overflow-hidden p-4 sm:p-5"", tokenCardSurfaceClass, ""border-sky/15 bg-gradient-to-br","source_only","medium","/|/about|/account/update-password|/admin|/admin/analytics|/admin/analytics/funnels|/admin/content-freshness|/admin/content/documents|/admin/content/documents/[id]|/admin/content/documents/[id]/preview|/admin/content/forum|/admin/content/knowledge|…","159"
"a0a2b274f8f420bb","src/components/forum/ForumCategoryView.tsx","52","25","http_request","POST","/api/forum/categories/[slug]/threads","fetch(`/api/forum/categories/${category.slug}/threads`, { method: ""POST"", headers: { ""Content-Type"": ""application/json"" }, body: JSON.stringify({ title, bod","source_only","high","/forum/[category]","1"
"2892be43b493a078","src/components/forum/ForumCategoryView.tsx","65","9","client_navigation","","/forum/[categorySlug]/[id]","router.push(`/forum/${json.thread.categorySlug}/${json.thread.id}`)","source_only","high","/forum/[category]","1"
"5b26a7e28d268084","src/components/forum/ForumCategoryView.tsx","118","17","ui_click","","","onClick={() => setShowForm((value) => !value)}","source_only","medium","/forum/[category]","1"
"0d9471f05311c52b","src/components/forum/ForumCategoryView.tsx","141","13","form_submit","POST","handler","<form id=""forum-new-thread-form"" onSubmit={(event) => void handleCreateThread(event)} className=""mt-4 space-y-4 rounded-2xl border border-","source_only","medium","/forum/[category]","1"
"11acc1a78c3f3c5d","src/components/forum/ForumReportButton.tsx","55","25","http_request","POST","/api/forum/posts/[postId]/report","fetch(`/api/forum/posts/${postId}/report`, { method: ""POST"", headers: { ""Content-Type"": ""application/json"" }, body: JSON.stringify({ reason, details }), ","source_only","high","/forum/[category]/[threadId]","1"
"310964e26a8788d2","src/components/forum/ForumReportButton.tsx","80","9","ui_click","","","onClick={() => { setError(null); setOpen(true); }}","source_only","medium","/forum/[category]/[threadId]","1"
"00ee1167697567da","src/components/forum/ForumReportButton.tsx","99","11","form_submit","POST","handler","<form onSubmit={(event) => void handleSubmit(event)} className=""flex min-h-0 flex-1 flex-col"">","source_only","medium","/forum/[category]/[threadId]","1"
"f97a390d1c2cc78e","src/components/forum/ForumReportButton.tsx","111","19","ui_change","","","onChange={(event) => setReason(event.target.value as ForumReportReason)}","source_only","medium","/forum/[category]/[threadId]","1"
"a4c2be114ac7278c","src/components/forum/ForumReportButton.tsx","140","57","ui_click","","","onClick={() => setOpen(false)}","source_only","medium","/forum/[category]/[threadId]","1"
"a9bf74289b18ccdb","src/components/forum/ForumThreadView.tsx","42","25","http_request","POST","/api/forum/threads/[id]/posts","fetch(`/api/forum/threads/${thread.id}/posts`, { method: ""POST"", headers: { ""Content-Type"": ""application/json"" }, body: JSON.stringify({ body }), })","source_only","high","/forum/[category]/[threadId]","1"
"1ca2ac090054409d","src/components/forum/ForumThreadView.tsx","123","15","form_submit","POST","handler","<form onSubmit={(event) => void handleReply(event)} className=""mt-4 space-y-4"">","source_only","medium","/forum/[category]/[threadId]","1"
"46cf979d131b207c","src/components/gallery/GalleryPageView.tsx","119","13","ui_click","","","onClick={() => selectRegion(null)}","source_only","medium","/gallery","1"
"0c827c9ad71674fb","src/components/gallery/GalleryPageView.tsx","134","15","ui_click","","","onClick={() => selectRegion(region.slug)}","source_only","medium","/gallery","1"
"f145afe45d67eb8e","src/components/gallery/GalleryPageView.tsx","156","17","ui_click","","","onClick={(event) => openLightbox(item, event.currentTarget)}","source_only","medium","/gallery","1"
"a3cc40fd9435d6c7","src/components/gallery/GalleryPageView.tsx","193","11","ui_click","","","onClick={closeLightbox}","source_only","medium","/gallery","1"
"736001532ca3e160","src/components/gallery/GalleryPageView.tsx","198","13","ui_click","","","onClick={closeLightbox}","source_only","medium","/gallery","1"
"af5f88ef36c44a29","src/components/gallery/GalleryPageView.tsx","207","13","ui_click","","","onClick={(event) => event.stopPropagation()}","source_only","medium","/gallery","1"
"492fa41f29185b48","src/components/group-trips/GroupTripCard.tsx","114","59","ui_click","","","onClick={() => void onJoin(listing.id)}","source_only","medium","/excursions/[slug]|/organizer/group-trips|/organizer/tours/[id]/preview|/profile/group-trips|/tours/[slug]","5"
"7c83404b503efc17","src/components/group-trips/GroupTripCard.tsx","124","13","ui_click","","","onClick={() => void onLeave(listing.id)}","source_only","medium","/excursions/[slug]|/organizer/group-trips|/organizer/tours/[id]/preview|/profile/group-trips|/tours/[slug]","5"
"abc82ed97e2042d8","src/components/group-trips/GroupTripCard.tsx","136","17","ui_click","","","onClick={() => void onConfirm(listing.id)}","source_only","medium","/excursions/[slug]|/organizer/group-trips|/organizer/tours/[id]/preview|/profile/group-trips|/tours/[slug]","5"
"fec0d551d499f4e2","src/components/group-trips/GroupTripCard.tsx","147","17","ui_click","","","onClick={() => void onCancel(listing.id)}","source_only","medium","/excursions/[slug]|/organizer/group-trips|/organizer/tours/[id]/preview|/profile/group-trips|/tours/[slug]","5"
"914ca00d4a8d11a4","src/components/group-trips/GroupTripsSection.tsx","163","15","ui_change","","","onChange={(event) => setSelectedDate(event.target.value)}","source_only","medium","/excursions/[slug]|/organizer/tours/[id]/preview|/tours/[slug]","3"
"2e5186464c197bfb","src/components/group-trips/GroupTripsSection.tsx","180","15","ui_change","","","onChange={(event) => setMinParticipants(Number(event.target.value))}","source_only","medium","/excursions/[slug]|/organizer/tours/[id]/preview|/tours/[slug]","3"
"f6ef9b7af9a23f6e","src/components/group-trips/GroupTripsSection.tsx","191","15","ui_change","","","onChange={(event) => setMaxParticipants(Number(event.target.value))}","source_only","medium","/excursions/[slug]|/organizer/tours/[id]/preview|/tours/[slug]","3"
"753e421624e28a61","src/components/group-trips/GroupTripsSection.tsx","200","15","ui_change","","","onChange={(event) => setDescription(event.target.value)}","source_only","medium","/excursions/[slug]|/organizer/tours/[id]/preview|/tours/[slug]","3"
"c8603ee074ed8986","src/components/group-trips/GroupTripsSection.tsx","208","53","ui_click","","","onClick={() => void handleCreate()}","source_only","medium","/excursions/[slug]|/organizer/tours/[id]/preview|/tours/[slug]","3"
"60835a366d803417","src/components/guide/GuidePillarFaq.tsx","34","17","ui_click","","","onClick={() => setOpenIndex(isOpen ? null : index)}","source_only","medium","/admin/content/documents/[id]/preview|/flights/[route]|/guide|/guide/[slug]|/guide/ob-argentine|/immigration|/immigration/[slug]|/organizer/articles/[id]/preview|/places/[slug]","9"
"480febee4c00b0a0","src/components/guide/hub/DomesticAirlinesSection.tsx","47","15","ui_click","","","onClick={() => setSelectedName(active ? null : airline.name)}","source_only","medium","/guide/[slug]","1"
"e4f540f47baa61fc","src/components/guide/hub/HubToc.tsx","238","19","ui_click","","","onClick={(event) => { event.preventDefault(); scrollToSiteAnchor(item.id); }}","source_only","medium","/guide|/guide/[slug]|/guide/ob-argentine|/immigration|/immigration/[slug]","5"
"bdcfa6135a528084","src/components/guide/hub/HubToc.tsx","268","11","ui_click","","","onClick={toggleCollapsed}","source_only","medium","/guide|/guide/[slug]|/guide/ob-argentine|/immigration|/immigration/[slug]","5"
"1b0d41421c40db9c","src/components/guide/hub/HubToc.tsx","310","19","ui_click","","","onClick={(event) => { event.preventDefault(); scrollToSiteAnchor(item.id); }}","source_only","medium","/guide|/guide/[slug]|/guide/ob-argentine|/immigration|/immigration/[slug]","5"
"7e122efe3cde7c03","src/components/guide/hub/HubToc.tsx","325","15","ui_click","","","onClick={(event) => { event.preventDefault(); scrollToSiteAnchor(""cta""); }}","source_only","medium","/guide|/guide/[slug]|/guide/ob-argentine|/immigration|/immigration/[slug]","5"
"d1e0fc7c91e34bd5","src/components/guide/weather/ArgentinaWeatherPanel.tsx","389","11","ui_click","","","onClick={onRefresh}","source_only","medium","/guide/[slug]|/immigration/[slug]","2"
"f87b5b9342ecd63e","src/components/guide/weather/ArgentinaWeatherPanel.tsx","481","15","ui_click","","","onClick={() => setRegionId(r.id)}","source_only","medium","/guide/[slug]|/immigration/[slug]","2"
"ec76f5e8d9b69dc6","src/components/guide/weather/ArgentinaWeatherPanel.tsx","525","19","ui_click","","","onClick={() => setViewMode(""cards"")}","source_only","medium","/guide/[slug]|/immigration/[slug]","2"
"c943c881e393f14b","src/components/guide/weather/ArgentinaWeatherPanel.tsx","540","19","ui_click","","","onClick={() => setViewMode(""schedule"")}","source_only","medium","/guide/[slug]|/immigration/[slug]","2"
"0b6182faf39a5c26","src/components/Header.tsx","83","7","ui_click","","","onClick={onClick}","source_only","medium","/|/about|/account/update-password|/admin|/admin/analytics|/admin/analytics/funnels|/admin/content-freshness|/admin/content/documents|/admin/content/documents/[id]|/admin/content/documents/[id]/preview|/admin/content/forum|/admin/content/knowledge|…","159"
"8f2a26d131350531","src/components/Header.tsx","177","11","ui_click","","","onClick={() => { setMobileMenuOpen(false); openSiteMap(); }}","source_only","medium","/|/about|/account/update-password|/admin|/admin/analytics|/admin/analytics/funnels|/admin/content-freshness|/admin/content/documents|/admin/content/documents/[id]|/admin/content/documents/[id]/preview|/admin/content/forum|/admin/content/knowledge|…","159"
"4abbf567786100e2","src/components/Header.tsx","192","11","ui_click","","","onClick={() => { setMobileMenuOpen(false); openSiteSearch(); }}","source_only","medium","/|/about|/account/update-password|/admin|/admin/analytics|/admin/analytics/funnels|/admin/content-freshness|/admin/content/documents|/admin/content/documents/[id]|/admin/content/documents/[id]/preview|/admin/content/forum|/admin/content/knowledge|…","159"
"9b96bbdba0392ded","src/components/Header.tsx","205","11","ui_click","","","onClick={() => setMobileMenuOpen(false)}","source_only","medium","/|/about|/account/update-password|/admin|/admin/analytics|/admin/analytics/funnels|/admin/content-freshness|/admin/content/documents|/admin/content/documents/[id]|/admin/content/documents/[id]/preview|/admin/content/forum|/admin/content/knowledge|…","159"
"a1e5b147da877276","src/components/Header.tsx","213","11","ui_click","","","onClick={() => { setMobileMenuOpen(false); openAuth(); }}","source_only","medium","/|/about|/account/update-password|/admin|/admin/analytics|/admin/analytics/funnels|/admin/content-freshness|/admin/content/documents|/admin/content/documents/[id]|/admin/content/documents/[id]/preview|/admin/content/forum|/admin/content/knowledge|…","159"
"168ea5814d069cf6","src/components/Header.tsx","299","15","ui_click","","","onClick={() => router.back()}","source_only","medium","/|/about|/account/update-password|/admin|/admin/analytics|/admin/analytics/funnels|/admin/content-freshness|/admin/content/documents|/admin/content/documents/[id]|/admin/content/documents/[id]/preview|/admin/content/forum|/admin/content/knowledge|…","159"
"cf86d0ede9df2c78","src/components/Header.tsx","311","13","ui_click","","","onClick={() => { setMobileMenuMounted(true); setMobileMenuOpen((open) => !open); }}","source_only","medium","/|/about|/account/update-password|/admin|/admin/analytics|/admin/analytics/funnels|/admin/content-freshness|/admin/content/documents|/admin/content/documents/[id]|/admin/content/documents/[id]/preview|/admin/content/forum|/admin/content/knowledge|…","159"
"78184c7ed6a7fa03","src/components/Header.tsx","341","17","ui_click","","","onClick={() => openSiteMap()}","source_only","medium","/|/about|/account/update-password|/admin|/admin/analytics|/admin/analytics/funnels|/admin/content-freshness|/admin/content/documents|/admin/content/documents/[id]|/admin/content/documents/[id]/preview|/admin/content/forum|/admin/content/knowledge|…","159"
"552992e102876e06","src/components/Header.tsx","353","17","ui_click","","","onClick={() => openSiteSearch()}","source_only","medium","/|/about|/account/update-password|/admin|/admin/analytics|/admin/analytics/funnels|/admin/content-freshness|/admin/content/documents|/admin/content/documents/[id]|/admin/content/documents/[id]/preview|/admin/content/forum|/admin/content/knowledge|…","159"
"41cccdfedb4f8a89","src/components/immigration/ArgentinaPassportPowerWidget.tsx","103","13","ui_click","","","onClick={() => onSelect(code)}","source_only","medium","/immigration/[slug]","1"
"3940a1221126d59f","src/components/immigration/ArgentinaPassportPowerWidget.tsx","255","13","ui_click","","","onClick={() => setRegion(key)}","source_only","medium","/immigration/[slug]","1"
"bb349e153d3831b0","src/components/immigration/ArgentinaPassportPowerWidget.tsx","334","9","ui_click","","","onClick={() => onSelect?.(item.code)}","source_only","medium","/immigration/[slug]","1"
"7899079edb2de865","src/components/immigration/ArgentinaPassportPowerWidget.tsx","434","9","ui_click","","","onClick={onShowPrimary}","source_only","medium","/immigration/[slug]","1"
"e4d614356d254ec5","src/components/immigration/ArgentinaPassportPowerWidget.tsx","566","15","ui_click","","","onClick={() => setTab(item.id)}","source_only","medium","/immigration/[slug]","1"
"8f9088ec853fc600","src/components/insurance/InsuranceWhitelabelWidget.tsx","215","17","ui_click","","","onClick={retryWidget}","source_only","medium","/insurance","1"
"4126e2b8099f225d","src/components/join/JoinPageView.tsx","162","30","http_request","POST","/api/organizer-applications","fetch(""/api/organizer-applications"", { method: ""POST"", headers: { ""Content-Type"": ""application/json"" }, body: JSON.stringify({ companyName, ","source_only","high","/join","1"
"f2d4acda02813c1b","src/components/join/JoinPageView.tsx","240","19","ui_click","","","onClick={handleStartApplication}","source_only","medium","/join","1"
"ce33e6f124e204b4","src/components/join/JoinPageView.tsx","397","17","ui_click","","","onClick={handleStartApplication}","source_only","medium","/join","1"
"bb00d7a75190a416","src/components/join/JoinPageView.tsx","464","60","ui_click","","","onClick={handleStartApplication}","source_only","medium","/join","1"
"1ed366b76a3c4e68","src/components/join/JoinPageView.tsx","485","21","ui_click","","","onClick={() => setOpenFaqId(isOpen ? null : item.id)}","source_only","medium","/join","1"
"c4a4d29b4875028b","src/components/join/JoinPageView.tsx","592","19","form_submit","POST","handler","<form onSubmit={handleApplicationSubmit} className=""mt-6 space-y-5"">","source_only","medium","/join","1"
"6af3020e45e68711","src/components/knowledge-base/KbSearch.tsx","63","11","ui_change","","","onChange={(e) => setQuery(e.target.value)}","source_only","medium","/baza-znaniy/poisk","1"
"caa3f6a777cd4a06","src/components/knowledge-base/KbSearchBox.tsx","20","5","client_navigation","","dynamic","router.push(q ? `/baza-znaniy/poisk?q=${encodeURIComponent(q)}` : ""/baza-znaniy/poisk"")","source_only","medium","/baza-znaniy|/baza-znaniy/razdel/[slug]","2"
"87c8e3720436a520","src/components/knowledge-base/KbSearchBox.tsx","24","5","form_submit","POST","handler","<form onSubmit={onSubmit} role=""search"" className=""relative w-full"">","source_only","medium","/baza-znaniy|/baza-znaniy/razdel/[slug]","2"
"09faa02837e60a84","src/components/knowledge-base/KbSearchBox.tsx","35","9","ui_change","","","onChange={(e) => setValue(e.target.value)}","source_only","medium","/baza-znaniy|/baza-znaniy/razdel/[slug]","2"
"38352bd5570882c9","src/components/LocaleCurrencySwitcher.tsx","68","5","client_navigation","","dynamic","router.push(addLocalePrefix(pathname, code))","source_only","medium","/|/about|/account/update-password|/admin|/admin/analytics|/admin/analytics/funnels|/admin/content-freshness|/admin/content/documents|/admin/content/documents/[id]|/admin/content/documents/[id]/preview|/admin/content/forum|/admin/content/knowledge|…","159"
"982828fa1c030de2","src/components/LocaleCurrencySwitcher.tsx","85","11","ui_click","","","onClick={() => { setTab(""language""); setSearch(""""); }}","source_only","medium","/|/about|/account/update-password|/admin|/admin/analytics|/admin/analytics/funnels|/admin/content-freshness|/admin/content/documents|/admin/content/documents/[id]|/admin/content/documents/[id]/preview|/admin/content/forum|/admin/content/knowledge|…","159"
"745f45b2976dabda","src/components/LocaleCurrencySwitcher.tsx","99","11","ui_click","","","onClick={() => { setTab(""currency""); setSearch(""""); }}","source_only","medium","/|/about|/account/update-password|/admin|/admin/analytics|/admin/analytics/funnels|/admin/content-freshness|/admin/content/documents|/admin/content/documents/[id]|/admin/content/documents/[id]/preview|/admin/content/forum|/admin/content/knowledge|…","159"
"b64dada4bce1900a","src/components/LocaleCurrencySwitcher.tsx","123","13","ui_change","","","onChange={(e) => setSearch(e.target.value)}","source_only","medium","/|/about|/account/update-password|/admin|/admin/analytics|/admin/analytics/funnels|/admin/content-freshness|/admin/content/documents|/admin/content/documents/[id]|/admin/content/documents/[id]/preview|/admin/content/forum|/admin/content/knowledge|…","159"
"dcdddc94cace912e","src/components/LocaleCurrencySwitcher.tsx","135","15","ui_click","","","onClick={() => selectLanguage(lang.code)}","source_only","medium","/|/about|/account/update-password|/admin|/admin/analytics|/admin/analytics/funnels|/admin/content-freshness|/admin/content/documents|/admin/content/documents/[id]|/admin/content/documents/[id]/preview|/admin/content/forum|/admin/content/knowledge|…","159"
"9cefdc49b1d4540a","src/components/LocaleCurrencySwitcher.tsx","205","7","ui_click","","","onClick={onSelect}","source_only","medium","/|/about|/account/update-password|/admin|/admin/analytics|/admin/analytics/funnels|/admin/content-freshness|/admin/content/documents|/admin/content/documents/[id]|/admin/content/documents/[id]/preview|/admin/content/forum|/admin/content/knowledge|…","159"
"4ab2557513a90b83","src/components/LocaleCurrencySwitcher.tsx","368","11","ui_click","","","onClick={() => setMobileOpen(true)}","source_only","medium","/|/about|/account/update-password|/admin|/admin/analytics|/admin/analytics/funnels|/admin/content-freshness|/admin/content/documents|/admin/content/documents/[id]|/admin/content/documents/[id]/preview|/admin/content/forum|/admin/content/knowledge|…","159"
"4c8cc5c1795e7d79","src/components/LocaleCurrencySwitcher.tsx","386","15","ui_click","","","onClick={() => setMobileOpen(false)}","source_only","medium","/|/about|/account/update-password|/admin|/admin/analytics|/admin/analytics/funnels|/admin/content-freshness|/admin/content/documents|/admin/content/documents/[id]|/admin/content/documents/[id]/preview|/admin/content/forum|/admin/content/knowledge|…","159"
"e7374f2ba0b0538c","src/components/LocaleCurrencySwitcher.tsx","404","19","ui_click","","","onClick={() => { setMobileOpen(false); window.setTimeout(() => mobileTriggerRef.current?.focus(), 0); }}","source_only","medium","/|/about|/account/update-password|/admin|/admin/analytics|/admin/analytics/funnels|/admin/content-freshness|/admin/content/documents|/admin/content/documents/[id]|/admin/content/documents/[id]/preview|/admin/content/forum|/admin/content/knowledge|…","159"
"d571a34540bd3288","src/components/map/ArgentinaMapFullscreenHub.tsx","114","7","client_navigation","","dynamic","router.replace(buildMapArgentinaPath(nextState), { scroll: false })","source_only","medium","/mapa-argentina","1"
"4f9e16802149896d","src/components/map/ArgentinaMapFullscreenHub.tsx","155","30","http_request","UNRESOLVED","/api/map/objects?[paramstoString]","fetch(`/api/map/objects?${params.toString()}`, { signal: controller.signal, })","source_only","high","/mapa-argentina","1"
"304506778ce98110","src/components/map/ArgentinaMapFullscreenHub.tsx","207","12","http_request","UNRESOLVED","/api/map/objects?[paramstoString]","fetch(`/api/map/objects?${params.toString()}`, { signal: controller.signal })","source_only","high","/mapa-argentina","1"
"e1756cd6a3ddc227","src/components/map/ArgentinaMapFullscreenHub.tsx","432","12","client_navigation","","dynamic","router.push(href)","source_only","medium","/mapa-argentina","1"
"5797c82714473d4c","src/components/map/ArgentinaMapFullscreenHub.tsx","588","11","ui_click","","","onClick={() => { setListOpen(false); setLocationStatus(""idle""); setLocationPanelOpen((open) => !open); }}","source_only","medium","/mapa-argentina","1"
"7509e3a9afe95868","src/components/map/ArgentinaMapFullscreenHub.tsx","604","11","ui_click","","","onClick={() => { setLocationPanelOpen(false); setListOpen((open) => !open); }}","source_only","medium","/mapa-argentina","1"
"6d053d187ae7bd09","src/components/map/ArgentinaMapFullscreenHub.tsx","635","15","ui_click","","","onClick={() => setLocationPanelOpen(false)}","source_only","medium","/mapa-argentina","1"
"144376d93b0c0b64","src/components/map/ArgentinaMapFullscreenHub.tsx","650","15","ui_click","","","onClick={requestCurrentLocation}","source_only","medium","/mapa-argentina","1"
"49465c0fef044885","src/components/map/ArgentinaMapFullscreenHub.tsx","663","15","ui_click","","","onClick={() => setLocationPanelOpen(false)}","source_only","medium","/mapa-argentina","1"
"d6f3ba6c872bf817","src/components/map/ArgentinaMapFullscreenHub.tsx","685","15","ui_click","","","onClick={() => setListOpen(false)}","source_only","medium","/mapa-argentina","1"
"adb65ade64b9e5bc","src/components/map/ArgentinaMapFullscreenHub.tsx","698","21","ui_click","","","onClick={() => { setListOpen(false); handleSelectObject(object); }}","source_only","medium","/mapa-argentina","1"
"1526180554f78b0d","src/components/map/ArgentinaMapLibreCanvas.tsx","61","13","ui_click","","","onClick={() => setInteractive(true)}","source_only","medium","/mapa-argentina","1"
"c801980d2b1b2464","src/components/map/MapCategoryFilters.tsx","42","11","ui_click","","","onClick={onSelectAll}","source_only","medium","/mapa-argentina","1"
"27ed41b15b711fde","src/components/map/MapCategoryFilters.tsx","50","11","ui_click","","","onClick={onClearAll}","source_only","medium","/mapa-argentina","1"
"ff09861f566a4e2d","src/components/map/MapCategoryFilters.tsx","58","11","ui_click","","","onClick={onReset}","source_only","medium","/mapa-argentina","1"
"b4c39175f7469288","src/components/map/MapCategoryFilters.tsx","73","15","ui_click","","","onClick={() => onToggle(kind)}","source_only","medium","/mapa-argentina","1"
"88701741be2f34bc","src/components/map/MapCategoryFilters.tsx","97","11","ui_click","","","onClick={() => onToggle(""route"")}","source_only","medium","/mapa-argentina","1"
"940b07b76473114d","src/components/map/MapControlsPanel.tsx","83","13","browser_capability","","navigator.clipboard.writeText","navigator.clipboard.writeText(window.location.href)","source_only","high","/mapa-argentina","1"
"b0f152c901ed4da5","src/components/map/MapControlsPanel.tsx","115","13","ui_click","","","onClick={handleShare}","source_only","medium","/mapa-argentina","1"
"9dd88d1cbce3403d","src/components/map/MapControlsPanel.tsx","128","13","ui_click","","","onClick={() => setMobileSheetOpen(true)}","source_only","medium","/mapa-argentina","1"
"067f475a359be97f","src/components/map/MapControlsPanel.tsx","162","11","ui_click","","","onClick={handleShare}","source_only","medium","/mapa-argentina","1"
"4fc686f0616c4dd7","src/components/map/MapControlsPanel.tsx","181","11","ui_click","","","onClick={() => setDesktopPanelOpen((open) => !open)}","source_only","medium","/mapa-argentina","1"
"48b79f722fed00ff","src/components/map/MapControlsPanel.tsx","203","13","ui_change","","","onChange={onSearchChange}","source_only","medium","/mapa-argentina","1"
"72366305c711d6a5","src/components/map/MapControlsPanel.tsx","215","17","ui_click","","","onClick={onSearchClear}","source_only","medium","/mapa-argentina","1"
"e7ca7a7ff6fdbfa9","src/components/map/MapControlsPanel.tsx","245","11","ui_change","","","onChange={onDiscoveryModeChange}","source_only","medium","/mapa-argentina","1"
"5a0253a12f86dc55","src/components/map/MapControlsPanel.tsx","253","11","ui_click","","","onClick={() => setLegendOpen((open) => !open)}","source_only","medium","/mapa-argentina","1"
"3a2fe0206b0752e2","src/components/map/MapControlsPanel.tsx","287","15","form_submit","POST","handler","<form onSubmit={(event) => { event.preventDefault(); onSearchSubmit(); }} className=""flex items-","source_only","medium","/mapa-argentina","1"
"03342721e53acd9f","src/components/map/MapControlsPanel.tsx","298","19","ui_change","","","onChange={(event) => onSearchChange(event.target.value)}","source_only","medium","/mapa-argentina","1"
"c290a3d09cf98975","src/components/map/MapControlsPanel.tsx","317","25","ui_click","","","onClick={() => onSelectSuggestion(item.id)}","source_only","medium","/mapa-argentina","1"
"a615b212e9bba3c4","src/components/map/MapControlsPanel.tsx","334","21","ui_click","","","onClick={onSearchClear}","source_only","medium","/mapa-argentina","1"
"579c54a25a26e503","src/components/map/MapControlsPanel.tsx","350","17","ui_change","","","onChange={onDiscoveryModeChange}","source_only","medium","/mapa-argentina","1"
"391a60987ecd2209","src/components/map/MapDiscoveryPresets.tsx","57","13","ui_click","","","onClick={() => onChange(mode)}","source_only","medium","/mapa-argentina","1"
"957a988da3914223","src/components/map/MapObjectCard.tsx","169","13","ui_click","","","onClick={(event) => { event.stopPropagation(); onClose(); }}","source_only","medium","/mapa-argentina","1"
"63a1d55ab004870c","src/components/map/MapObjectCard.tsx","226","19","ui_click","","","onClick={() => onSelectObjectId?.(nearby.id)}","source_only","medium","/mapa-argentina","1"
"2ffb588c1f82e977","src/components/map/MapObjectCard.tsx","262","19","ui_click","","","onClick={() => { selectFlightDestination(dest.iata); trackProductEvent(""airport_route_selected"", { entityType: ""airpor","source_only","medium","/mapa-argentina","1"
"d01bdd0fbafd5aa8","src/components/map/MapObjectCard.tsx","325","21","ui_click","","","onClick={() => onSelectObjectId?.(selectedDestination.mapObjectId)}","source_only","medium","/mapa-argentina","1"
"80da9755be61a1dd","src/components/map/MapObjectCard.tsx","332","21","ui_click","","","onClick={(event) => handleNavigation( event, buildFlightsSearchHref(object.airportDetails!.iata, selectedDesti","source_only","medium","/mapa-argentina","1"
"c9ba6a0c147ae244","src/components/map/MapObjectCard.tsx","378","17","ui_click","","","onClick={(event) => handleNavigation(event, tourCta.href)}","source_only","medium","/mapa-argentina","1"
"118f3375747161ab","src/components/map/MapObjectCard.tsx","389","19","ui_click","","","onClick={(event) => handleNavigation(event, primaryCta.href)}","source_only","medium","/mapa-argentina","1"
"2e770a50bec88ed2","src/components/map/MapObjectCard.tsx","402","19","ui_click","","","onClick={(event) => handleNavigation(event, articleCta.href)}","source_only","medium","/mapa-argentina","1"
"550aae80d49d6a15","src/components/map/MapSearchPanel.tsx","28","7","form_submit","POST","handler","<form onSubmit={(event) => { event.preventDefault(); onSubmit(); }} className={cn( ""flex min-h-11 items-center gap-2 rounded-x","source_only","medium","/mapa-argentina","1"
"81b3f83e6566c810","src/components/map/MapSearchPanel.tsx","42","11","ui_change","","","onChange={(event) => onChange(event.target.value)}","source_only","medium","/mapa-argentina","1"
"acd2661c6dc10624","src/components/map/MapSearchPanel.tsx","61","17","ui_click","","","onClick={() => { onChange(item.label); if (onSelectSuggestion) { onSelectSuggestion(item.id); } else { ","source_only","medium","/mapa-argentina","1"
"d6bb48e7134e74d9","src/components/map/MapStyleLayersControl.tsx","95","9","ui_click","","","onClick={() => setOpen((value) => !value)}","source_only","medium","/mapa-argentina","1"
"cdfb6d1a15fa21f7","src/components/map/MapStyleLayersControl.tsx","122","15","ui_click","","","onClick={() => setOpen(false)}","source_only","medium","/mapa-argentina","1"
"43a0f77373c6b0d4","src/components/map/MapStyleLayersControl.tsx","132","13","ui_click","","","onClick={onActivateTerrainPreset}","source_only","medium","/mapa-argentina","1"
"1123c7beac74bc7f","src/components/map/MapStyleLayersControl.tsx","162","19","ui_click","","","onClick={() => onThemeChange(themeId)}","source_only","medium","/mapa-argentina","1"
"41b9ccc0d46cd1d6","src/components/map/MapStyleLayersControl.tsx","189","19","ui_click","","","onClick={() => onToggleOverlay(layerId)}","source_only","medium","/mapa-argentina","1"
"e7dde462cab942fd","src/components/map/MapThematicLayersControl.tsx","71","9","ui_click","","","onClick={() => setOpen((value) => !value)}","source_only","medium","/mapa-argentina","1"
"7a293d230dffb01d","src/components/map/MapThematicLayersControl.tsx","100","19","ui_click","","","onClick={onClearThematic}","source_only","medium","/mapa-argentina","1"
"d73b697d9b7495e2","src/components/map/MapThematicLayersControl.tsx","108","17","ui_click","","","onClick={() => setOpen(false)}","source_only","medium","/mapa-argentina","1"
"94b74999d5ad5d05","src/components/map/MapThematicLayersControl.tsx","144","27","ui_click","","","onClick={() => available && onToggleThematic(layer.id)}","source_only","medium","/mapa-argentina","1"
"599af245b41331a9","src/components/marketplace/CatalogActiveFilterChips.tsx","33","11","ui_click","","","onClick={chip.onRemove}","source_only","medium","/excursions|/excursions/city/[citySlug]|/places|/tours|/tours/region/iguazu|/tours/region/patagonia","6"
"b4fd5f393dab8fad","src/components/marketplace/CatalogActiveFilterChips.tsx","44","11","ui_click","","","onClick={onClearAll}","source_only","medium","/excursions|/excursions/city/[citySlug]|/places|/tours|/tours/region/iguazu|/tours/region/patagonia","6"
"1bf1799c874507b3","src/components/marketplace/CatalogDepartureCalendarButton.tsx","36","9","ui_click","","","onClick={() => setOpen(true)}","source_only","medium","/tours|/tours/region/iguazu|/tours/region/patagonia","3"
"00fc2f07121bfe34","src/components/marketplace/CatalogEmptyResults.tsx","39","27","ui_click","","","onClick={suggestion.onClick}","source_only","medium","/excursions|/excursions/city/[citySlug]|/tours|/tours/region/iguazu|/tours/region/patagonia","5"
"554f3e06265640ff","src/components/marketplace/CatalogLazyLoadFooter.tsx","36","9","ui_click","","","onClick={onLoadMore}","source_only","medium","/excursions|/excursions/city/[citySlug]|/tours|/tours/region/iguazu|/tours/region/patagonia","5"
"b8f62519ab7822c0","src/components/marketplace/CatalogToolbar.tsx","55","9","ui_click","","","onClick={() => onViewModeChange(""list"")}","source_only","medium","/excursions|/excursions/city/[citySlug]|/tours|/tours/region/iguazu|/tours/region/patagonia","5"
"27e16ece93e2d476","src/components/marketplace/CatalogToolbar.tsx","69","9","ui_click","","","onClick={() => onViewModeChange(""grid"")}","source_only","medium","/excursions|/excursions/city/[citySlug]|/tours|/tours/region/iguazu|/tours/region/patagonia","5"
"c07099cba5bbdd86","src/components/marketplace/CatalogToolbar.tsx","84","9","ui_click","","","onClick={() => onViewModeChange(""map"")}","source_only","medium","/excursions|/excursions/city/[citySlug]|/tours|/tours/region/iguazu|/tours/region/patagonia","5"
"2cd5917a08177e44","src/components/marketplace/CatalogToolbar.tsx","137","13","ui_click","","","onClick={() => onSortChange(option.value)}","source_only","medium","/excursions|/excursions/city/[citySlug]|/tours|/tours/region/iguazu|/tours/region/patagonia","5"
"e3b58d55a3711fea","src/components/marketplace/CatalogToolbar.tsx","173","23","ui_click","","","onClick={() => onSortChange(option.value)}","source_only","medium","/excursions|/excursions/city/[citySlug]|/tours|/tours/region/iguazu|/tours/region/patagonia","5"
"8d16de289bb77528","src/components/marketplace/CatalogToolbar.tsx","196","13","ui_click","","","onClick={onResetFilters}","source_only","medium","/excursions|/excursions/city/[citySlug]|/tours|/tours/region/iguazu|/tours/region/patagonia","5"
"4d537958beef7711","src/components/marketplace/DateRangePicker.tsx","92","11","ui_click","","","onClick={() => setMonth(subMonths(month, 1))}","source_only","medium","/","1"
"ed251b7959f8adae","src/components/marketplace/DateRangePicker.tsx","122","11","ui_click","","","onClick={() => setMonth(addMonths(month, 1))}","source_only","medium","/","1"
"976025bfb6d7341a","src/components/marketplace/DateRangePicker.tsx","135","13","ui_click","","","onClick={() => { const range = getPresetRange(p.id); if (range) { onChange(range.from, range.to); setMonth(range.from); ","source_only","medium","/","1"
"7c700ba76cb538d9","src/components/marketplace/DateRangePicker.tsx","150","67","ui_click","","","onClick={onClear}","source_only","medium","/","1"
"15d70ef3db507c47","src/components/marketplace/DateRangePicker.tsx","153","47","ui_click","","","onClick={onApply}","source_only","medium","/","1"
"5f63e4645c65d009","src/components/marketplace/FilterPopover.tsx","129","9","ui_click","","","onClick={handleClear}","source_only","medium","/excursions|/excursions/city/[citySlug]","2"
"d71a883ae7b2e6b0","src/components/marketplace/FilterPopover.tsx","133","59","ui_click","","","onClick={handleApply}","source_only","medium","/excursions|/excursions/city/[citySlug]","2"
"5095ea49924e7784","src/components/marketplace/FilterPopover.tsx","172","21","ui_change","","","onChange={() => onToggle(item.level)}","source_only","medium","/excursions|/excursions/city/[citySlug]","2"
"aebd1943dc448785","src/components/marketplace/FilterPopover.tsx","206","21","ui_change","","","onChange={() => onToggle(label)}","source_only","medium","/excursions|/excursions/city/[citySlug]","2"
"6712d51c22c1b40d","src/components/marketplace/FilterScrollRow.tsx","99","13","ui_click","","","onClick={() => scrollBy(-220)}","source_only","medium","/excursions|/excursions/city/[citySlug]","2"
"1345d9c179f5c606","src/components/marketplace/FilterScrollRow.tsx","131","13","ui_click","","","onClick={() => scrollBy(220)}","source_only","medium","/excursions|/excursions/city/[citySlug]","2"
"71fefc2cb8e8bd56","src/components/marketplace/HomeMultiSearch.tsx","128","13","ui_click","","","onClick={() => selectTab(tab)}","source_only","medium","/","1"
"54e58afd4419f6a6","src/components/marketplace/HomeMultiSearch.tsx","129","13","ui_keydown","","","onKeyDown={(event) => handleTabKeyDown(event, tab)}","source_only","medium","/","1"
"50720ee6f59f74ff","src/components/marketplace/MarketplaceHome.tsx","288","23","ui_click","","","onClick={() => setFilters(getDefaultFilters(currency, tours))}","source_only","medium","/","1"
"b60d1345fe1911fc","src/components/marketplace/MarketplaceHome.tsx","610","11","client_navigation","","dynamic","router.push( hasCriteria ? buildCatalogFilterHref(filters, ""recommended"", currency, tours) : ""/tours"", )","source_only","medium","/","1"
"77e343b4642cbc81","src/components/marketplace/MarketplaceHome.tsx","635","52","ui_change","","","onChange={setFilters}","source_only","medium","/","1"
"b6a7f0096293a966","src/components/marketplace/MarketplaceTourCard.tsx","179","32","client_navigation","","dynamic","router.push(organizerHref)","source_only","medium","/admin/content/documents/[id]/preview|/blog|/blog/[slug]|/blog/author/[slug]|/blog/hub/[hubId]|/destinations/[slug]|/embed/tours|/guide/[slug]|/immigration/[slug]|/organizer/articles/[id]/preview|/organizers/[slug]|/places/[slug]|…","16"
"3ea9c7a25719e759","src/components/marketplace/MarketplaceTourCard.tsx","179","17","ui_click","","","onClick={() => router.push(organizerHref)}","source_only","medium","/admin/content/documents/[id]/preview|/blog|/blog/[slug]|/blog/author/[slug]|/blog/hub/[hubId]|/destinations/[slug]|/embed/tours|/guide/[slug]|/immigration/[slug]|/organizer/articles/[id]/preview|/organizers/[slug]|/places/[slug]|…","16"
"818953c39e4796a3","src/components/marketplace/MarketplaceTourCard.tsx","299","9","ui_click","","","onClick={() => trackTourCardClick({ slug: tour.slug, title: tour.title })}","source_only","medium","/admin/content/documents/[id]/preview|/blog|/blog/[slug]|/blog/author/[slug]|/blog/hub/[hubId]|/destinations/[slug]|/embed/tours|/guide/[slug]|/immigration/[slug]|/organizer/articles/[id]/preview|/organizers/[slug]|/places/[slug]|…","16"
"49bacf77c9bfdf8b","src/components/marketplace/SearchBlock.tsx","44","7","ui_click","","","onClick={onClick}","source_only","medium","/","1"
"2798a5ddd6efbb2b","src/components/marketplace/SearchBlock.tsx","65","9","ui_click","","","onClick={() => onSelect(destination.label)}","source_only","medium","/","1"
"bc5e3feed7edf0ac","src/components/marketplace/SearchBlock.tsx","223","19","ui_click","","","onClick={clearDestination}","source_only","medium","/","1"
"b7e5ae199ab6415d","src/components/marketplace/SearchBlock.tsx","246","19","ui_change","","","onChange={(e) => { destInteractedRef.current = true; onQueryChange(e.target.value); }}","source_only","medium","/","1"
"3d993f9fa7002164","src/components/marketplace/SearchBlock.tsx","258","21","ui_click","","","onClick={() => onQueryChange("""")}","source_only","medium","/","1"
"f1b19ddf85c13684","src/components/marketplace/SearchBlock.tsx","271","17","ui_click","","","onClick={handleNearMe}","source_only","medium","/","1"
"ed8aade2e68843ec","src/components/marketplace/SearchBlock.tsx","369","30","ui_click","","","onClick={clearDates}","source_only","medium","/","1"
"7cb702bb5eb45bc3","src/components/marketplace/SearchBlock.tsx","386","15","ui_change","","","onChange={(f, t) => { setDraftFrom(f); setDraftTo(t); }}","source_only","medium","/","1"
"e10fd57b1732b7de","src/components/marketplace/SearchBlock.tsx","408","11","ui_click","","","onClick={(e) => { e.preventDefault(); onSearch(); }}","source_only","medium","/","1"
"954163ab55ec625d","src/components/marketplace/sidebar-filter-ui.tsx","177","7","ui_click","","","onClick={onClick}","source_only","medium","/excursions/[slug]|/organizer/tours/[id]/edit|/organizer/tours/[id]/preview|/tours/[slug]","4"
"c4a70c32048ac7e9","src/components/marketplace/TourCardDepartureSchedule.tsx","51","13","ui_click","","","onClick={(event) => { event.preventDefault(); event.stopPropagation(); onMoreDatesClick(); }}","source_only","medium","/admin/content/documents/[id]/preview|/blog|/blog/[slug]|/blog/author/[slug]|/blog/hub/[hubId]|/destinations/[slug]|/embed/tours|/guide/[slug]|/immigration/[slug]|/organizer/articles/[id]/preview|/organizers/[slug]|/places/[slug]|…","16"
"4b19adfa04166ca2","src/components/marketplace/TourCardGallery.tsx","107","13","ui_click","","","onClick={(e) => goTo(index - 1, e)}","source_only","medium","/admin/content/documents/[id]/preview|/baza-znaniy/[slug]|/blog|/blog/[slug]|/blog/author/[slug]|/blog/hub/[hubId]|/destinations/[slug]|/embed/tours|/excursions|/excursions/[slug]|/excursions/city/[citySlug]|/excursions/guide/[guideId]|…","21"
"b8f305380813af18","src/components/marketplace/TourCardGallery.tsx","115","13","ui_click","","","onClick={(e) => goTo(index + 1, e)}","source_only","medium","/admin/content/documents/[id]/preview|/baza-znaniy/[slug]|/blog|/blog/[slug]|/blog/author/[slug]|/blog/hub/[hubId]|/destinations/[slug]|/embed/tours|/excursions|/excursions/[slug]|/excursions/city/[citySlug]|/excursions/guide/[guideId]|…","21"
"1e95df28282d6d47","src/components/marketplace/ToursCatalog.tsx","166","5","client_navigation","","dynamic","router.replace(qs ? `${catalogBasePath}?${qs}` : catalogBasePath, { scroll: false })","source_only","medium","/tours|/tours/region/iguazu|/tours/region/patagonia","3"
"f555984272f3ef29","src/components/marketplace/ToursCatalog.tsx","306","19","ui_change","","","onChange={handleFiltersChange}","source_only","medium","/tours|/tours/region/iguazu|/tours/region/patagonia","3"
"8be91b1218e336b1","src/components/marketplace/ToursCatalog.tsx","311","62","ui_change","","","onChange={handleFiltersChange}","source_only","medium","/tours|/tours/region/iguazu|/tours/region/patagonia","3"
"6fa6c79b37ebe74b","src/components/marketplace/ToursCatalog.tsx","335","15","ui_click","","","onClick={() => setFilters((current) => ({ ...current, organizerSlug: """" })) }","source_only","medium","/tours|/tours/region/iguazu|/tours/region/patagonia","3"
"55b2a3e7ff789bd1","src/components/marketplace/ToursCatalog.tsx","351","15","ui_click","","","onClick={() => setFilters((current) => ({ ...current, organizerSlug: """" })) }","source_only","medium","/tours|/tours/region/iguazu|/tours/region/patagonia","3"
"59a1a620ff6b3cab","src/components/messages/ConversationPanel.tsx","380","13","ui_change","","","onChange={(event) => setDraft(event.target.value)}","source_only","medium","/organizer/bookings/[id]|/profile/bookings/[id]","2"
"b0c672273bc8e689","src/components/messages/ConversationPanel.tsx","385","13","ui_keydown","","","onKeyDown={(event) => { if (event.key === ""Enter"" && !event.shiftKey) { event.preventDefault(); if (canSend) void handleSend(); ","source_only","medium","/organizer/bookings/[id]|/profile/bookings/[id]","2"
"c078fff30062fa7c","src/components/messages/ConversationPanel.tsx","400","13","ui_click","","","onClick={() => void handleSend()}","source_only","medium","/organizer/bookings/[id]|/profile/bookings/[id]","2"
"995483e5cd12b591","src/components/messages/MessagesInboxView.tsx","81","7","ui_click","","","onClick={onSelect}","source_only","medium","/organizer/messages|/profile/messages","2"
"695adba79615c767","src/components/messages/MessagesInboxView.tsx","402","9","client_navigation","","[basePath]?thread=[id]","router.replace(`${basePath}?thread=${thread.id}`)","source_only","high","/organizer/messages|/profile/messages","2"
"b79f7eb1dbdf7b41","src/components/messages/MessagesInboxView.tsx","424","5","client_navigation","","[basePath]?thread=[id]","router.replace(`${basePath}?thread=${thread.id}`)","source_only","high","/organizer/messages|/profile/messages","2"
"102c0d2a64f6c5b7","src/components/messages/MessagesInboxView.tsx","455","17","ui_change","","","onChange={(event) => setSelectedBookingId(event.target.value)}","source_only","medium","/organizer/messages|/profile/messages","2"
"69bf7bab8696b9d5","src/components/messages/MessagesInboxView.tsx","496","15","ui_change","","","onChange={(event) => setNewMessage(event.target.value)}","source_only","medium","/organizer/messages|/profile/messages","2"
"c96cba38ffadd5e0","src/components/messages/MessagesInboxView.tsx","505","50","ui_click","","","onClick={handleStartThread}","source_only","medium","/organizer/messages|/profile/messages","2"
"a5b1ce66ef3c6286","src/components/messages/MessagesInboxView.tsx","534","19","client_navigation","","[basePath]?thread=[id]","router.replace(`${basePath}?thread=${thread.id}`, { scroll: false })","source_only","high","/organizer/messages|/profile/messages","2"
"c04fdd5d8a9d5531","src/components/messages/MessagesInboxView.tsx","558","21","ui_click","","","onClick={() => { setActiveThreadId(null); router.replace(basePath, { scroll: false }); }}","source_only","medium","/organizer/messages|/profile/messages","2"
"48e882d74a553b2c","src/components/messages/MessagesInboxView.tsx","560","23","client_navigation","","dynamic","router.replace(basePath, { scroll: false })","source_only","medium","/organizer/messages|/profile/messages","2"
"2050670c08b7480b","src/components/messages/MessagesInboxView.tsx","620","21","ui_change","","","onChange={(event) => setDraft(event.target.value)}","source_only","medium","/organizer/messages|/profile/messages","2"
"0ffde77a636fa476","src/components/messages/MessagesInboxView.tsx","628","21","ui_click","","","onClick={handleSend}","source_only","medium","/organizer/messages|/profile/messages","2"
"56cf23797b41bec7","src/components/mobility/MobilityCatalogClient.tsx","60","5","http_request","UNRESOLVED","/api/mobility/catalog?vertical=[vertical]&marketId=[marketId]","fetch(`/api/mobility/catalog?vertical=${encodeURIComponent(vertical)}&marketId=${encodeURIComponent(marketId)}`, { signal: controller.signal })","source_only","high","/car-rental|/mobility|/transfers","3"
"6e571737a988d6a4","src/components/mobility/MobilityCatalogClient.tsx","103","11","http_request","POST","/api/mobility/handoff","fetch(""/api/mobility/handoff"", { method: ""POST"", headers: { ""Content-Type"": ""application/json"" }, body: JSON.stringify({ providerId, vertical, marketId, operation","source_only","high","/car-rental|/mobility|/transfers","3"
"32600b76a0216d13","src/components/mobility/MobilityCatalogClient.tsx","124","30","http_request","POST","/api/mobility/requests","fetch(""/api/mobility/requests"", { method: ""POST"", headers: { ""Content-Type"": ""application/json"", ""Idempotency-Key"": idempotencyKeyRef.current, ","source_only","high","/car-rental|/mobility|/transfers","3"
"b60748e2dcc5d63b","src/components/mobility/MobilityCatalogClient.tsx","215","23","ui_click","","","onClick={() => void handoff(provider.providerId, action.href)}","source_only","medium","/car-rental|/mobility|/transfers","3"
"60f2e410e93504b6","src/components/mobility/MobilityCatalogClient.tsx","245","42","ui_click","","","onClick={() => selectOffer(offer)}","source_only","medium","/car-rental|/mobility|/transfers","3"
"b54d7f54c012dde1","src/components/mobility/MobilityCatalogClient.tsx","253","9","form_submit","POST","handler","<form onSubmit={submitRequest} onChange={() => { if (sendingRef.current) return; idempotencyKeyRef.current = null; operation","source_only","medium","/car-rental|/mobility|/transfers","3"
"60da544f2ac447db","src/components/mobility/MobilityCatalogClient.tsx","255","11","ui_change","","","onChange={() => { if (sendingRef.current) return; idempotencyKeyRef.current = null; operationIdRef.current = null; }}","source_only","medium","/car-rental|/mobility|/transfers","3"
"4bbd1b40247a0892","src/components/mobility/MobilityCatalogClient.tsx","284","74","ui_click","","","onClick={closeRequest}","source_only","medium","/car-rental|/mobility|/transfers","3"
"fab900a62f8e32f0","src/components/mobility/MobilityInventoryWorkspace.tsx","180","13","ui_click","","","onClick={() => void confirmTransition( ""review"", `Отправить «${title}» на проверку? До решения команды запись нельзя будет редактировать.`, ","source_only","medium","/admin/marketplace/mobility|/organizer/mobility","2"
"9c4814c285a96af5","src/components/mobility/MobilityInventoryWorkspace.tsx","203","17","ui_change","","","onChange={(event) => setDocumentsValidUntil(event.target.value)}","source_only","medium","/admin/marketplace/mobility|/organizer/mobility","2"
"2fe908f25a677655","src/components/mobility/MobilityInventoryWorkspace.tsx","211","17","ui_click","","","onClick={() => { if (!window.confirm(`Подтвердить проверку транспорта «${title}» до ${formatDate(documentsValidUntil)}?`)) return; void mutate({","source_only","medium","/admin/marketplace/mobility|/organizer/mobility","2"
"c937634d533cbe31","src/components/mobility/MobilityInventoryWorkspace.tsx","228","17","ui_click","","","onClick={() => { if (!window.confirm(`Отклонить проверку транспорта «${title}»? Организатор увидит, что данные нужно исправить.`)) return; void ","source_only","medium","/admin/marketplace/mobility|/organizer/mobility","2"
"1d6e8cc50aedc248","src/components/mobility/MobilityInventoryWorkspace.tsx","249","15","ui_click","","","onClick={() => void confirmTransition( ""published"", `Опубликовать «${title}»? Запись станет доступна в соответствующем разделе сайта.`, ","source_only","medium","/admin/marketplace/mobility|/organizer/mobility","2"
"cf1746510cd5a16a","src/components/mobility/MobilityInventoryWorkspace.tsx","261","15","ui_click","","","onClick={() => void confirmTransition( ""draft"", `Вернуть «${title}» на доработку? Запись не будет опубликована.`, ""Возвращаем на дор","source_only","medium","/admin/marketplace/mobility|/organizer/mobility","2"
"9dbff36be7182509","src/components/mobility/MobilityInventoryWorkspace.tsx","277","13","ui_click","","","onClick={() => void confirmTransition( ""archived"", `Перенести «${title}» в архив? ${item.status === ""published"" ? ""Запись исчезнет из публичного каталог","source_only","medium","/admin/marketplace/mobility|/organizer/mobility","2"
"b66654b2bb452c5c","src/components/mobility/MobilityInventoryWorkspace.tsx","293","13","ui_click","","","onClick={() => void confirmTransition( ""draft"", `Восстановить «${title}» как черновик? Для публикации потребуется новая проверка.`, ""Восст","source_only","medium","/admin/marketplace/mobility|/organizer/mobility","2"
"894557e92ecd0a42","src/components/mobility/MobilityInventoryWorkspace.tsx","338","13","ui_click","","","onClick={() => { if (!window.confirm(`Разрешить каналу «${provider.displayName}» принимать предложения в выбранном разделе?`)) return; void mutate({ ","source_only","medium","/admin/marketplace/mobility|/organizer/mobility","2"
"d0199d1514e60112","src/components/mobility/MobilityInventoryWorkspace.tsx","356","13","ui_click","","","onClick={() => { if (!window.confirm(`Отклонить проверку канала «${provider.displayName}»? Новые предложения не станут публичными.`)) return; void mutat","source_only","medium","/admin/marketplace/mobility|/organizer/mobility","2"
"417dda1ffa9740c4","src/components/mobility/MobilityInventoryWorkspace.tsx","403","30","http_request","UNRESOLVED","[endpoint]?vertical=[vertical]&marketId=[marketId]","fetch( `${endpoint}?vertical=${vertical}&marketId=${encodeURIComponent(marketId)}`, { cache: ""no-store"" }, )","source_only","high","/admin/marketplace/mobility|/organizer/mobility","2"
"a3e4ce8e0d9dbd46","src/components/mobility/MobilityInventoryWorkspace.tsx","468","30","http_request","POST","dynamic","fetch(endpoint, { method: ""POST"", headers: { ""Content-Type"": ""application/json"" }, body: JSON.stringify(payload), })","source_only","medium","/admin/marketplace/mobility|/organizer/mobility","2"
"c482c5bb3402a334","src/components/mobility/MobilityInventoryWorkspace.tsx","582","30","http_request","POST","/api/organizer/mobility/documents","fetch(""/api/organizer/mobility/documents"", { method: ""POST"", body })","source_only","high","/admin/marketplace/mobility|/organizer/mobility","2"
"0c368431415d7d98","src/components/mobility/MobilityInventoryWorkspace.tsx","610","30","http_request","UNRESOLVED","/api/admin/mobility/documents/[documentId]","fetch(`/api/admin/mobility/documents/${encodeURIComponent(documentId)}`, { cache: ""no-store"" })","source_only","high","/admin/marketplace/mobility|/organizer/mobility","2"
"f155958c98653f83","src/components/mobility/MobilityInventoryWorkspace.tsx","616","19","browser_capability","","window.open","window.open(payload.url, ""_blank"", ""noopener,noreferrer"")","source_only","high","/admin/marketplace/mobility|/organizer/mobility","2"
"8fa727fc9ebb7355","src/components/mobility/MobilityInventoryWorkspace.tsx","640","15","ui_change","","","onChange={(event) => setVertical(event.target.value as MobilityVertical)}","source_only","medium","/admin/marketplace/mobility|/organizer/mobility","2"
"4980a0810b57eeea","src/components/mobility/MobilityInventoryWorkspace.tsx","650","15","ui_change","","","onChange={(event) => applyPreset(event.target.value as MarketPreset)}","source_only","medium","/admin/marketplace/mobility|/organizer/mobility","2"
"f54049f2197ce461","src/components/mobility/MobilityInventoryWorkspace.tsx","661","15","ui_change","","","onChange={(event) => { if (event.target.value !== ""custom"") { setTimezone(event.target.value); if (marketPreset === ""custom"") up","source_only","medium","/admin/marketplace/mobility|/organizer/mobility","2"
"39abe48fee08ba1a","src/components/mobility/MobilityInventoryWorkspace.tsx","677","15","ui_change","","","onChange={(event) => { setSourceCurrency(event.target.value); if (marketPreset === ""custom"") updateCustomField(""sourceCurrency"", event.target.value)","source_only","medium","/admin/marketplace/mobility|/organizer/mobility","2"
"994bc98b3dad2b18","src/components/mobility/MobilityInventoryWorkspace.tsx","692","15","ui_change","","","onChange={(event) => { setDisplayCurrency(event.target.value); if (marketPreset === ""custom"") updateCustomField(""displayCurrency"", event.target.valu","source_only","medium","/admin/marketplace/mobility|/organizer/mobility","2"
"6d94740b33bf3aac","src/components/mobility/MobilityInventoryWorkspace.tsx","714","17","ui_change","","","onChange={(event) => updateCustomField(""marketId"", event.target.value.toLowerCase())}","source_only","medium","/admin/marketplace/mobility|/organizer/mobility","2"
"c768a941ac4f2058","src/components/mobility/MobilityInventoryWorkspace.tsx","724","17","ui_change","","","onChange={(event) => updateCustomField(""countryCode"", event.target.value.toUpperCase())}","source_only","medium","/admin/marketplace/mobility|/organizer/mobility","2"
"0f4da456be59a997","src/components/mobility/MobilityInventoryWorkspace.tsx","732","17","ui_change","","","onChange={(event) => updateCustomField(""timezone"", event.target.value)}","source_only","medium","/admin/marketplace/mobility|/organizer/mobility","2"
"ccef55d7442bf99d","src/components/mobility/MobilityInventoryWorkspace.tsx","784","11","form_submit","POST","handler","<form onSubmit={createVehicle} className={cn(cabinetPanelClass, ""space-y-4"")}>","source_only","medium","/admin/marketplace/mobility|/organizer/mobility","2"
"853bfcbbf9caf3e3","src/components/mobility/MobilityInventoryWorkspace.tsx","816","11","form_submit","POST","handler","<form onSubmit={createOffer} className={cn(cabinetPanelClass, ""space-y-4"")}>","source_only","medium","/admin/marketplace/mobility|/organizer/mobility","2"
"fdcb19daa3844d41","src/components/mobility/MobilityInventoryWorkspace.tsx","873","13","form_submit","POST","handler","<form onSubmit={uploadDocument} className={cn(cabinetPanelClass, ""mt-4 grid gap-4 md:grid-cols-2"")}>","source_only","medium","/admin/marketplace/mobility|/organizer/mobility","2"
"6e34985f00a415bd","src/components/mobility/MobilityInventoryWorkspace.tsx","927","77","ui_click","","","onClick={() => void openDocument(document.id)}","source_only","medium","/admin/marketplace/mobility|/organizer/mobility","2"
"4e6027d493288bc8","src/components/mobility/MobilityInventoryWorkspace.tsx","933","25","ui_click","","","onClick={() => { if (!window.confirm(""Подтвердить документ? Убедитесь, что срок и принадлежность транспорта проверены."")) return; ","source_only","medium","/admin/marketplace/mobility|/organizer/mobility","2"
"3f086299a00f879b","src/components/mobility/MobilityInventoryWorkspace.tsx","944","25","ui_click","","","onClick={() => { if (!window.confirm(""Отклонить документ? Организатору потребуется передать исправленный документ."")) return; vo","source_only","medium","/admin/marketplace/mobility|/organizer/mobility","2"
"bc6ea782d6a3dadd","src/components/mobility/MobilityInventoryWorkspace.tsx","993","43","ui_click","","","onClick={() => void load()}","source_only","medium","/admin/marketplace/mobility|/organizer/mobility","2"
"193f27ba9a763897","src/components/mobility/MobilityRequestInbox.tsx","79","30","http_request","UNRESOLVED","[endpoint]?vertical=[vertical]","fetch(`${endpoint}?vertical=${vertical}`, { cache: ""no-store"", signal: controller.signal })","source_only","high","/admin/marketplace/mobility|/organizer/mobility","2"
"16912da35a29f3e0","src/components/mobility/MobilityRequestInbox.tsx","109","30","http_request","POST","dynamic","fetch(endpoint, { method: ""POST"", headers: { ""Content-Type"": ""application/json"" }, body: JSON.stringify({ requestId: item.id, vertical, ","source_only","medium","/admin/marketplace/mobility|/organizer/mobility","2"
"df564f711488475c","src/components/mobility/MobilityRequestInbox.tsx","144","43","ui_click","","","onClick={() => void load()}","source_only","medium","/admin/marketplace/mobility|/organizer/mobility","2"
"50127bd06dec3537","src/components/mobility/MobilityRequestInbox.tsx","193","54","ui_click","","","onClick={() => void transition(item, ""in_review"")}","source_only","medium","/admin/marketplace/mobility|/organizer/mobility","2"
"e759194d2e759a68","src/components/mobility/MobilityRequestInbox.tsx","194","77","ui_click","","","onClick={() => { if (window.confirm(""Отклонить эту заявку? Клиенту потребуется оформить новый запрос."")) void transition(item, ""rejected""); ","source_only","medium","/admin/marketplace/mobility|/organizer/mobility","2"
"6849c3a24ce9da05","src/components/mobility/MobilityRequestInbox.tsx","201","19","form_submit","POST","handler","<form className=""mt-4 space-y-3 rounded-2xl bg-surface-muted p-4"" onSubmit={(event) => { event.preventDefault(); const data = new FormData(e","source_only","medium","/admin/marketplace/mobility|/organizer/mobility","2"
"37d192ec2d3ad99b","src/components/mobility/MobilityRequestInbox.tsx","228","93","ui_click","","","onClick={() => { if (window.confirm(""Отклонить заявку после проверки?"")) void transition(item, ""rejected""); }}","source_only","medium","/admin/marketplace/mobility|/organizer/mobility","2"
"9a6e4f293f0c001e","src/components/mobility/MobilityRequestInbox.tsx","238","55","ui_click","","","onClick={() => { if (window.confirm(""Отметить поездку завершённой?"")) void transition(item, ""completed""); }}","source_only","medium","/admin/marketplace/mobility|/organizer/mobility","2"
"100289b1df691c2b","src/components/mobility/MobilityRequestInbox.tsx","241","75","ui_click","","","onClick={() => { if (window.confirm(""Отметить, что клиент не приехал?"")) void transition(item, ""no_show""); }}","source_only","medium","/admin/marketplace/mobility|/organizer/mobility","2"
"6de0ad67e460cd73","src/components/mobility/MobilityRequestInbox.tsx","244","77","ui_click","","","onClick={() => { if (window.confirm(""Отменить подтверждённую заявку и освободить транспорт?"")) void transition(item, ""cancelled""); }}","source_only","medium","/admin/marketplace/mobility|/organizer/mobility","2"
"96e957b345b5bfeb","src/components/navigation/ExcursionsMegaMenuPanel.tsx","25","9","ui_click","","","onClick={onNavigate}","source_only","medium","/|/about|/account/update-password|/admin|/admin/analytics|/admin/analytics/funnels|/admin/content-freshness|/admin/content/documents|/admin/content/documents/[id]|/admin/content/documents/[id]/preview|/admin/content/forum|/admin/content/knowledge|…","159"
"d581827c468e4f32","src/components/navigation/GeographyMegaMenuPanel.tsx","33","9","ui_click","","","onClick={onNavigate}","source_only","medium","/|/about|/account/update-password|/admin|/admin/analytics|/admin/analytics/funnels|/admin/content-freshness|/admin/content/documents|/admin/content/documents/[id]|/admin/content/documents/[id]/preview|/admin/content/forum|/admin/content/knowledge|…","159"
"5e33642fef80192d","src/components/navigation/GeographyMegaMenuPanel.tsx","41","9","ui_click","","","onClick={onNavigate}","source_only","medium","/|/about|/account/update-password|/admin|/admin/analytics|/admin/analytics/funnels|/admin/content-freshness|/admin/content/documents|/admin/content/documents/[id]|/admin/content/documents/[id]/preview|/admin/content/forum|/admin/content/knowledge|…","159"
"b8f05248515bb385","src/components/navigation/GeographyMegaMenuPanel.tsx","49","9","ui_click","","","onClick={onNavigate}","source_only","medium","/|/about|/account/update-password|/admin|/admin/analytics|/admin/analytics/funnels|/admin/content-freshness|/admin/content/documents|/admin/content/documents/[id]|/admin/content/documents/[id]/preview|/admin/content/forum|/admin/content/knowledge|…","159"
"ae711ad2de8fd297","src/components/navigation/GeographyMegaMenuPanel.tsx","97","29","ui_click","","","onClick={onNavigate}","source_only","medium","/|/about|/account/update-password|/admin|/admin/analytics|/admin/analytics/funnels|/admin/content-freshness|/admin/content/documents|/admin/content/documents/[id]|/admin/content/documents/[id]/preview|/admin/content/forum|/admin/content/knowledge|…","159"
"3f3b4171a8492102","src/components/navigation/GeographyMegaMenuPanel.tsx","101","35","ui_click","","","onClick={onNavigate}","source_only","medium","/|/about|/account/update-password|/admin|/admin/analytics|/admin/analytics/funnels|/admin/content-freshness|/admin/content/documents|/admin/content/documents/[id]|/admin/content/documents/[id]/preview|/admin/content/forum|/admin/content/knowledge|…","159"
"3ef14a01c0dfac3e","src/components/navigation/GeographyMegaMenuPanel.tsx","105","35","ui_click","","","onClick={onNavigate}","source_only","medium","/|/about|/account/update-password|/admin|/admin/analytics|/admin/analytics/funnels|/admin/content-freshness|/admin/content/documents|/admin/content/documents/[id]|/admin/content/documents/[id]/preview|/admin/content/forum|/admin/content/knowledge|…","159"
"2799af1baecb7f5e","src/components/navigation/GuideMegaMenuPanel.tsx","35","7","ui_click","","","onClick={onNavigate}","source_only","medium","/|/about|/account/update-password|/admin|/admin/analytics|/admin/analytics/funnels|/admin/content-freshness|/admin/content/documents|/admin/content/documents/[id]|/admin/content/documents/[id]/preview|/admin/content/forum|/admin/content/knowledge|…","159"
"6e774542acf0ae8d","src/components/navigation/GuideMegaMenuPanel.tsx","60","9","ui_click","","","onClick={onNavigate}","source_only","medium","/|/about|/account/update-password|/admin|/admin/analytics|/admin/analytics/funnels|/admin/content-freshness|/admin/content/documents|/admin/content/documents/[id]|/admin/content/documents/[id]/preview|/admin/content/forum|/admin/content/knowledge|…","159"
"24a1b87071dd3bce","src/components/navigation/GuideMegaMenuPanel.tsx","68","9","ui_click","","","onClick={onNavigate}","source_only","medium","/|/about|/account/update-password|/admin|/admin/analytics|/admin/analytics/funnels|/admin/content-freshness|/admin/content/documents|/admin/content/documents/[id]|/admin/content/documents/[id]/preview|/admin/content/forum|/admin/content/knowledge|…","159"
"ff2b227d7cf81c23","src/components/navigation/GuideMegaMenuPanel.tsx","76","9","ui_click","","","onClick={onNavigate}","source_only","medium","/|/about|/account/update-password|/admin|/admin/analytics|/admin/analytics/funnels|/admin/content-freshness|/admin/content/documents|/admin/content/documents/[id]|/admin/content/documents/[id]/preview|/admin/content/forum|/admin/content/knowledge|…","159"
"49498a8a5fccdbca","src/components/navigation/GuideMegaMenuPanel.tsx","91","9","ui_click","","","onClick={onNavigate}","source_only","medium","/|/about|/account/update-password|/admin|/admin/analytics|/admin/analytics/funnels|/admin/content-freshness|/admin/content/documents|/admin/content/documents/[id]|/admin/content/documents/[id]/preview|/admin/content/forum|/admin/content/knowledge|…","159"
"1281146d30337e45","src/components/navigation/GuideMegaMenuPanel.tsx","99","9","ui_click","","","onClick={onNavigate}","source_only","medium","/|/about|/account/update-password|/admin|/admin/analytics|/admin/analytics/funnels|/admin/content-freshness|/admin/content/documents|/admin/content/documents/[id]|/admin/content/documents/[id]/preview|/admin/content/forum|/admin/content/knowledge|…","159"
"8709186ed191c0af","src/components/navigation/GuideNavExchangeHint.tsx","24","5","http_request","GET","/api/exchange-rates/argentina","fetch(""/api/exchange-rates/argentina"")","source_only","high","/|/about|/account/update-password|/admin|/admin/analytics|/admin/analytics/funnels|/admin/content-freshness|/admin/content/documents|/admin/content/documents/[id]|/admin/content/documents/[id]/preview|/admin/content/forum|/admin/content/knowledge|…","159"
"4a6c90a29200ab8c","src/components/navigation/ImmigrationMegaMenuPanel.tsx","32","7","ui_click","","","onClick={onNavigate}","source_only","medium","/|/about|/account/update-password|/admin|/admin/analytics|/admin/analytics/funnels|/admin/content-freshness|/admin/content/documents|/admin/content/documents/[id]|/admin/content/documents/[id]/preview|/admin/content/forum|/admin/content/knowledge|…","159"
"6e740a76f190ea31","src/components/navigation/ImmigrationMegaMenuPanel.tsx","60","9","ui_click","","","onClick={onNavigate}","source_only","medium","/|/about|/account/update-password|/admin|/admin/analytics|/admin/analytics/funnels|/admin/content-freshness|/admin/content/documents|/admin/content/documents/[id]|/admin/content/documents/[id]/preview|/admin/content/forum|/admin/content/knowledge|…","159"
"f6d40ed6cb06753c","src/components/navigation/ImmigrationMegaMenuPanel.tsx","75","9","ui_click","","","onClick={onNavigate}","source_only","medium","/|/about|/account/update-password|/admin|/admin/analytics|/admin/analytics/funnels|/admin/content-freshness|/admin/content/documents|/admin/content/documents/[id]|/admin/content/documents/[id]/preview|/admin/content/forum|/admin/content/knowledge|…","159"
"523c7b9629b9a763","src/components/navigation/ImmigrationMegaMenuPanel.tsx","83","9","ui_click","","","onClick={onNavigate}","source_only","medium","/|/about|/account/update-password|/admin|/admin/analytics|/admin/analytics/funnels|/admin/content-freshness|/admin/content/documents|/admin/content/documents/[id]|/admin/content/documents/[id]/preview|/admin/content/forum|/admin/content/knowledge|…","159"
"9e6c2b244fe80ffa","src/components/navigation/ImmigrationMegaMenuPanel.tsx","91","9","ui_click","","","onClick={onNavigate}","source_only","medium","/|/about|/account/update-password|/admin|/admin/analytics|/admin/analytics/funnels|/admin/content-freshness|/admin/content/documents|/admin/content/documents/[id]|/admin/content/documents/[id]/preview|/admin/content/forum|/admin/content/knowledge|…","159"
"c200cf85c283c0a8","src/components/navigation/mega-menu-section-content.tsx","57","15","ui_click","","","onClick={onNavigate}","source_only","medium","/|/about|/account/update-password|/admin|/admin/analytics|/admin/analytics/funnels|/admin/content-freshness|/admin/content/documents|/admin/content/documents/[id]|/admin/content/documents/[id]/preview|/admin/content/forum|/admin/content/knowledge|…","159"
"8c1fc68de6a735e1","src/components/navigation/MegaMenuPanel.tsx","69","9","ui_click","","","onClick={onNavigate}","source_only","medium","/|/about|/account/update-password|/admin|/admin/analytics|/admin/analytics/funnels|/admin/content-freshness|/admin/content/documents|/admin/content/documents/[id]|/admin/content/documents/[id]/preview|/admin/content/forum|/admin/content/knowledge|…","159"
"e89e0cc704885bdf","src/components/navigation/MegaMenuPanel.tsx","78","28","ui_click","","","onClick={onNavigate}","source_only","medium","/|/about|/account/update-password|/admin|/admin/analytics|/admin/analytics/funnels|/admin/content-freshness|/admin/content/documents|/admin/content/documents/[id]|/admin/content/documents/[id]/preview|/admin/content/forum|/admin/content/knowledge|…","159"
"942f86d79fc527b7","src/components/navigation/MegaMenuServicesFooter.tsx","28","34","ui_click","","","onClick={onNavigate}","source_only","medium","/|/about|/account/update-password|/admin|/admin/analytics|/admin/analytics/funnels|/admin/content-freshness|/admin/content/documents|/admin/content/documents/[id]|/admin/content/documents/[id]/preview|/admin/content/forum|/admin/content/knowledge|…","159"
"ecfc38144e22a757","src/components/navigation/MegaMenuTrigger.tsx","164","13","ui_click","","","onClick={() => (open ? closeMenu() : openFromControl())}","source_only","medium","/|/about|/account/update-password|/admin|/admin/analytics|/admin/analytics/funnels|/admin/content-freshness|/admin/content/documents|/admin/content/documents/[id]|/admin/content/documents/[id]/preview|/admin/content/forum|/admin/content/knowledge|…","159"
"8df7ecc319aaa040","src/components/navigation/MegaMenuTrigger.tsx","177","11","ui_click","","","onClick={() => (open ? closeMenu() : openFromControl())}","source_only","medium","/|/about|/account/update-password|/admin|/admin/analytics|/admin/analytics/funnels|/admin/content-freshness|/admin/content/documents|/admin/content/documents/[id]|/admin/content/documents/[id]/preview|/admin/content/forum|/admin/content/knowledge|…","159"
"1c94cc8898519087","src/components/navigation/NavOverflowMegaMenuTrigger.tsx","72","11","ui_keydown","","","onKeyDown={(event) => { if (![""ArrowDown"", ""ArrowUp"", ""ArrowLeft"", ""ArrowRight"", ""Home"", ""End""].includes(event.key)) return; const tabs = Array.from( ","source_only","medium","/|/about|/account/update-password|/admin|/admin/analytics|/admin/analytics/funnels|/admin/content-freshness|/admin/content/documents|/admin/content/documents/[id]|/admin/content/documents/[id]/preview|/admin/content/forum|/admin/content/knowledge|…","159"
"9fc4c483d0b54381","src/components/navigation/NavOverflowMegaMenuTrigger.tsx","104","17","ui_click","","","onClick={() => onActiveSectionChange(section.id)}","source_only","medium","/|/about|/account/update-password|/admin|/admin/analytics|/admin/analytics/funnels|/admin/content-freshness|/admin/content/documents|/admin/content/documents/[id]|/admin/content/documents/[id]/preview|/admin/content/forum|/admin/content/knowledge|…","159"
"f739f08115eebe5c","src/components/navigation/NavOverflowMegaMenuTrigger.tsx","264","9","ui_click","","","onClick={() => (open ? closeMenu() : openFromControl())}","source_only","medium","/|/about|/account/update-password|/admin|/admin/analytics|/admin/analytics/funnels|/admin/content-freshness|/admin/content/documents|/admin/content/documents/[id]|/admin/content/documents/[id]/preview|/admin/content/forum|/admin/content/knowledge|…","159"
"eac9ffcf7fcb528a","src/components/navigation/ToursMegaMenuPanel.tsx","25","9","ui_click","","","onClick={onNavigate}","source_only","medium","/|/about|/account/update-password|/admin|/admin/analytics|/admin/analytics/funnels|/admin/content-freshness|/admin/content/documents|/admin/content/documents/[id]|/admin/content/documents/[id]/preview|/admin/content/forum|/admin/content/knowledge|…","159"
"d23996831d7ea885","src/components/notifications/NotificationPreferencesSection.tsx","71","27","http_request","UNRESOLVED","/api/notifications/preferences?scope=[scope]","fetch(`/api/notifications/preferences?scope=${scope}`, { credentials: ""same-origin"", })","source_only","high","/organizer/settings|/profile/settings","2"
"f1e114909a572eb4","src/components/notifications/NotificationPreferencesSection.tsx","171","25","ui_change","","","onChange={() => handleToggle(channel, category)}","source_only","medium","/organizer/settings|/profile/settings","2"
"1ceded0e37cd107a","src/components/notifications/NotificationPreferencesSection.tsx","194","11","ui_click","","","onClick={() => void handleSave()}","source_only","medium","/organizer/settings|/profile/settings","2"
"252b2564390f3b77","src/components/notifications/NotificationsBell.tsx","211","15","ui_click","","","onClick={() => void markAllAsRead()}","source_only","medium","/organizer|/organizer/analytics|/organizer/apartments|/organizer/articles|/organizer/articles/[id]/edit|/organizer/bookings|/organizer/bookings/[id]|/organizer/finance|/organizer/group-trips|/organizer/integrations|/organizer/messages|/organizer/payments|…","27"
"d54e40e1856b6315","src/components/notifications/NotificationsBell.tsx","244","23","ui_click","","","onClick={() => { void markOneRead(item); setOpen(false); }}","source_only","medium","/organizer|/organizer/analytics|/organizer/apartments|/organizer/articles|/organizer/articles/[id]/edit|/organizer/bookings|/organizer/bookings/[id]|/organizer/finance|/organizer/group-trips|/organizer/integrations|/organizer/messages|/organizer/payments|…","27"
"05aee86f64a5f47b","src/components/notifications/NotificationsBell.tsx","260","21","ui_click","","","onClick={() => void markOneRead(item)}","source_only","medium","/organizer|/organizer/analytics|/organizer/apartments|/organizer/articles|/organizer/articles/[id]/edit|/organizer/bookings|/organizer/bookings/[id]|/organizer/finance|/organizer/group-trips|/organizer/integrations|/organizer/messages|/organizer/payments|…","27"
"39166703288cc1ca","src/components/notifications/NotificationsBell.tsx","292","13","ui_click","","","onClick={() => setOpen(false)}","source_only","medium","/organizer|/organizer/analytics|/organizer/apartments|/organizer/articles|/organizer/articles/[id]/edit|/organizer/bookings|/organizer/bookings/[id]|/organizer/finance|/organizer/group-trips|/organizer/integrations|/organizer/messages|/organizer/payments|…","27"
"6d0d8e8ea431f352","src/components/onboarding/OnboardingProgress.tsx","78","17","ui_click","","","onClick={() => onAction(step)}","source_only","medium","/organizer/tours","1"
"9c1f7a236f92c57f","src/components/onboarding/OrganizerOnboardingWizard.tsx","106","7","client_navigation","","/organizer/tours/[id]/edit","router.push(`/organizer/tours/${result.draft.id}/edit`)","source_only","high","/organizer/tours","1"
"1acbee102f3db1ab","src/components/onboarding/OrganizerOnboardingWizard.tsx","124","7","client_navigation","","dynamic","router.push(step.href)","source_only","medium","/organizer/tours","1"
"e54a6c01a1799f6c","src/components/onboarding/OrganizerOnboardingWizard.tsx","140","9","ui_click","","","onClick={handleDismiss}","source_only","medium","/organizer/tours","1"
"4282faf0310fabae","src/components/onboarding/OrganizerOnboardingWizard.tsx","169","17","ui_click","","","onClick={() => void createFirstTour()}","source_only","medium","/organizer/tours","1"
"aa85d5fb85b3560d","src/components/onboarding/OrganizerOnboardingWizard.tsx","175","55","ui_click","","","onClick={handleDismiss}","source_only","medium","/organizer/tours","1"
"8b6fd661772375c5","src/components/organizer/GroupDateEditor.tsx","71","13","ui_click","","","onClick={() => setExpanded((value) => !value)}","source_only","medium","/organizer/tours/[id]/edit","1"
"f502da28d92fa2c0","src/components/organizer/GroupDateEditor.tsx","88","13","ui_click","","","onClick={onRemove}","source_only","medium","/organizer/tours/[id]/edit","1"
"d600e9695f1edb83","src/components/organizer/GroupDateEditor.tsx","107","17","ui_change","","","onChange={(event) => onChange({ ...date, priceUsd: Math.max(0, Number(event.target.value) || 0), }) ","source_only","medium","/organizer/tours/[id]/edit","1"
"8613610089b819e5","src/components/organizer/GroupDateEditor.tsx","125","19","ui_change","","","onChange={(event) => onChange({ ...date, totalSeats: Math.max(0, Number(event.target.value) || 0), ","source_only","medium","/organizer/tours/[id]/edit","1"
"0c0e56a828f862a2","src/components/organizer/GroupDateEditor.tsx","139","19","ui_change","","","onChange={(event) => onChange({ ...date, spotsLeft: Math.max(0, Number(event.target.value) || 0), ","source_only","medium","/organizer/tours/[id]/edit","1"
"3c8c8ce26d3ff380","src/components/organizer/GroupDateEditor.tsx","159","17","ui_change","","","onChange={(event) => onChange({ ...date, fullPaymentDaysBefore: Math.max(0, Number(event.target.value) || 0), ","source_only","medium","/organizer/tours/[id]/edit","1"
"4ed214c8a69d5ccf","src/components/organizer/GroupDateEditor.tsx","174","19","ui_change","","","onChange={(event) => onChange({ ...date, prepaymentAmount: Math.max(0, Number(event.target.value) || 0), ","source_only","medium","/organizer/tours/[id]/edit","1"
"392be22d23e83715","src/components/organizer/GroupDateEditor.tsx","183","19","ui_change","","","onChange={(event) => onChange({ ...date, prepaymentType: event.target.value as OrganizerGroupTourDate[""prepaymentTyp","source_only","medium","/organizer/tours/[id]/edit","1"
"fe04bf9aa3b818a3","src/components/organizer/GroupDateEditor.tsx","203","17","ui_change","","","onChange={(event) => onChange({ ...date, notGuaranteed: event.target.checked }) }","source_only","medium","/organizer/tours/[id]/edit","1"
"39fd14feee4281d7","src/components/organizer/GroupDateEditor.tsx","214","17","ui_change","","","onChange={(event) => onChange({ ...date, flightIncluded: event.target.checked }) }","source_only","medium","/organizer/tours/[id]/edit","1"
"7aadddc621703e17","src/components/organizer/GroupDateEditor.tsx","225","17","ui_change","","","onChange={(event) => onChange({ ...date, applyDiscount: event.target.checked }) }","source_only","medium","/organizer/tours/[id]/edit","1"
"d8580adbfaae5b57","src/components/organizer/OrganizerAnalyticsRemoteView.tsx","71","30","http_request","GET","/api/organizer/analytics?period=[period]","fetch(`/api/organizer/analytics?period=${period}`)","source_only","high","/organizer/analytics","1"
"4d6882004fa3362e","src/components/organizer/OrganizerAnalyticsRemoteView.tsx","91","30","http_request","GET","/api/organizer/analytics?period=[period]&format=csv","fetch(`/api/organizer/analytics?period=${period}&format=csv`)","source_only","high","/organizer/analytics","1"
"69da40bb41a4fba7","src/components/organizer/OrganizerAnalyticsRemoteView.tsx","147","17","ui_change","","","onChange={(event) => setPeriod(event.target.value as AnalyticsPeriod)}","source_only","medium","/organizer/analytics","1"
"2a74f930b121adfd","src/components/organizer/OrganizerAnalyticsRemoteView.tsx","161","15","ui_click","","","onClick={() => void loadAnalytics()}","source_only","medium","/organizer/analytics","1"
"08f8194320bbd6b9","src/components/organizer/OrganizerAnalyticsRemoteView.tsx","171","15","ui_click","","","onClick={() => void downloadCsv()}","source_only","medium","/organizer/analytics","1"
"4ee3ece50bb6d350","src/components/organizer/OrganizerAnalyticsView.tsx","225","17","ui_change","","","onChange={(event) => setPeriod(event.target.value as AnalyticsPeriod)}","source_only","medium","/organizer/analytics","1"
"7056cc9a8cb03119","src/components/organizer/OrganizerAnalyticsView.tsx","564","17","ui_click","","","onClick={() => setOrganizerPlanTierDemo(user.id, tier)}","source_only","medium","/organizer/analytics","1"
"e90a2ce0a93483d9","src/components/organizer/OrganizerArticleEditorView.tsx","52","27","http_request","GET","/api/organizer/articles/[documentId]","fetch(`/api/organizer/articles/${encodeURIComponent(documentId)}`)","source_only","high","/organizer/articles/[id]/edit","1"
"8e5e614824280787","src/components/organizer/OrganizerArticleEditorView.tsx","98","25","http_request","PATCH","/api/organizer/articles/[documentId]","fetch(`/api/organizer/articles/${encodeURIComponent(documentId)}`, { method: ""PATCH"", headers: { ""Content-Type"": ""application/json"" }, body: JSON.stringify(","source_only","high","/organizer/articles/[id]/edit","1"
"2ce8fb54f1622f7b","src/components/organizer/OrganizerArticleEditorView.tsx","137","5","browser_capability","","window.open","window.open( `/organizer/articles/${encodeURIComponent(documentId)}/preview?live=1`, ""_blank"", ""noopener,noreferrer"" )","source_only","high","/organizer/articles/[id]/edit","1"
"82a2c8c606500942","src/components/organizer/OrganizerArticleEditorView.tsx","149","34","http_request","PATCH","/api/organizer/articles/[documentId]","fetch(`/api/organizer/articles/${encodeURIComponent(documentId)}`, { method: ""PATCH"", headers: { ""Content-Type"": ""application/json"" }, body: JSON.stringify(","source_only","high","/organizer/articles/[id]/edit","1"
"939dcb4e10482f2d","src/components/organizer/OrganizerArticleEditorView.tsx","168","30","http_request","POST","/api/organizer/articles/[documentId]/submit","fetch( `/api/organizer/articles/${encodeURIComponent(documentId)}/submit`, { method: ""POST"" }, )","source_only","high","/organizer/articles/[id]/edit","1"
"9ed20a041faba874","src/components/organizer/OrganizerArticleEditorView.tsx","230","33","ui_click","","","onClick={() => void persist()}","source_only","medium","/organizer/articles/[id]/edit","1"
"dacb15a1559acd44","src/components/organizer/OrganizerArticleEditorView.tsx","233","51","ui_click","","","onClick={openLivePreview}","source_only","medium","/organizer/articles/[id]/edit","1"
"7a26f4c54d102c9f","src/components/organizer/OrganizerArticleEditorView.tsx","237","53","ui_click","","","onClick={() => void submitForReview()}","source_only","medium","/organizer/articles/[id]/edit","1"
"31424c8467b39188","src/components/organizer/OrganizerArticleEditorView.tsx","259","13","ui_change","","","onChange={(event) => setArticleType(event.target.value as CmsAuthorArticleType)}","source_only","medium","/organizer/articles/[id]/edit","1"
"6726934c869794cf","src/components/organizer/OrganizerArticleEditorView.tsx","269","11","ui_change","","","onChange={(e) => setTitle(e.target.value)}","source_only","medium","/organizer/articles/[id]/edit","1"
"6b2bab9bc31b5827","src/components/organizer/OrganizerArticleEditorView.tsx","276","11","ui_change","","","onChange={(e) => setExcerpt(e.target.value)}","source_only","medium","/organizer/articles/[id]/edit","1"
"dce8865f2170540c","src/components/organizer/OrganizerArticleEditorView.tsx","285","48","ui_change","","","onChange={(event) => setRelations({ ...relations, place: event.target.value })}","source_only","medium","/organizer/articles/[id]/edit","1"
"ffdbf680c8e605da","src/components/organizer/OrganizerArticleEditorView.tsx","286","54","ui_change","","","onChange={(event) => setRelations({ ...relations, destination: event.target.value })}","source_only","medium","/organizer/articles/[id]/edit","1"
"ad99f1d018c5a577","src/components/organizer/OrganizerArticleEditorView.tsx","287","47","ui_change","","","onChange={(event) => setRelations({ ...relations, tour: event.target.value })}","source_only","medium","/organizer/articles/[id]/edit","1"
"8822bd1c83b5ce57","src/components/organizer/OrganizerArticleEditorView.tsx","288","52","ui_change","","","onChange={(event) => setRelations({ ...relations, mapObject: event.target.value })}","source_only","medium","/organizer/articles/[id]/edit","1"
"0ee8de4f57c98041","src/components/organizer/OrganizerArticleEditorView.tsx","293","53","ui_change","","","onChange={setSections}","source_only","medium","/organizer/articles/[id]/edit","1"
"4caea9f9ff35b3eb","src/components/organizer/OrganizerArticleEditorView.tsx","297","32","ui_change","","","onChange={setSeo}","source_only","medium","/organizer/articles/[id]/edit","1"
"5b146539c997f74b","src/components/organizer/OrganizerArticlePreviewView.tsx","32","25","http_request","GET","/api/organizer/articles/[encodedId]","fetch(`/api/organizer/articles/${encodedId}`)","source_only","high","/organizer/articles/[id]/preview","1"
"14f96648a4122577","src/components/organizer/OrganizerArticlesListClient.tsx","49","25","http_request","GET","/api/organizer/articles","fetch(""/api/organizer/articles"")","source_only","high","/organizer/articles","1"
"2f58757b19d26629","src/components/organizer/OrganizerArticlesListClient.tsx","73","25","http_request","POST","/api/organizer/articles","fetch(""/api/organizer/articles"", { method: ""POST"", headers: { ""Content-Type"": ""application/json"" }, body: JSON.stringify({ title: newTitle, excerpt: newExce","source_only","high","/organizer/articles","1"
"0c5a9176a6c98bd5","src/components/organizer/OrganizerArticlesListClient.tsx","85","7","client_navigation","","/organizer/articles/[id]/edit","router.push(`/organizer/articles/${encodeURIComponent(data.document.id)}/edit`)","source_only","high","/organizer/articles","1"
"c67950f1c39d5622","src/components/organizer/OrganizerArticlesListClient.tsx","101","31","ui_click","","","onClick={() => setCreateOpen(true)}","source_only","medium","/organizer/articles","1"
"d106841de18f01a4","src/components/organizer/OrganizerArticlesListClient.tsx","111","63","ui_click","","","onClick={() => void loadArticles()}","source_only","medium","/organizer/articles","1"
"f178497bbfad2244","src/components/organizer/OrganizerArticlesListClient.tsx","169","17","ui_change","","","onChange={(event) => setNewType(event.target.value as CmsAuthorArticleType)}","source_only","medium","/organizer/articles","1"
"68b9d95275fd3c5b","src/components/organizer/OrganizerArticlesListClient.tsx","177","37","ui_change","","","onChange={(event) => setNewTitle(event.target.value)}","source_only","medium","/organizer/articles","1"
"6d7fa9c7497aa68f","src/components/organizer/OrganizerArticlesListClient.tsx","178","42","ui_change","","","onChange={(event) => setNewExcerpt(event.target.value)}","source_only","medium","/organizer/articles","1"
"115510b63e3e72ed","src/components/organizer/OrganizerArticlesListClient.tsx","181","53","ui_click","","","onClick={() => setCreateOpen(false)}","source_only","medium","/organizer/articles","1"
"e7c8f8bac4748b5c","src/components/organizer/OrganizerArticlesListClient.tsx","184","15","ui_click","","","onClick={() => void createArticle()}","source_only","medium","/organizer/articles","1"
"49ed8ea699472ad0","src/components/organizer/OrganizerBioExampleModal.tsx","54","13","ui_click","","","onClick={onClose}","source_only","medium","/organizer/settings","1"
"372fa13eafb0c0ff","src/components/organizer/OrganizerBookingCard.tsx","164","15","ui_click","","","onClick={(event) => void handleStatusUpdate(archiveTarget, ""archive"", event)}","source_only","medium","/organizer|/organizer/bookings","2"
"0a0f7b6a1b15c7f0","src/components/organizer/OrganizerBookingCard.tsx","179","15","ui_click","","","onClick={(event) => void handleStatusUpdate(confirmTarget, ""confirm"", event)}","source_only","medium","/organizer|/organizer/bookings","2"
"76d4ba71694cbb4d","src/components/organizer/OrganizerBookingCard.tsx","202","63","ui_click","","","onClick={() => setSwipeOffset(0)}","source_only","medium","/organizer|/organizer/bookings","2"
"1a4e237d25b1a6e2","src/components/organizer/OrganizerBookingCard.tsx","257","15","ui_click","","","onClick={(event) => void handleStatusUpdate(confirmTarget, ""confirm"", event)}","source_only","medium","/organizer|/organizer/bookings","2"
"c1b925374ba120f1","src/components/organizer/OrganizerBookingCard.tsx","274","15","ui_click","","","onClick={(event) => void handleStatusUpdate(archiveTarget, ""archive"", event)}","source_only","medium","/organizer|/organizer/bookings","2"
"ae9872f32d883267","src/components/organizer/OrganizerBookingDetailView.tsx","424","15","ui_click","","","onClick={() => setHistoryOpen((open) => !open)}","source_only","medium","/organizer/bookings/[id]","1"
"23bf0e441caf85b7","src/components/organizer/OrganizerBookingDetailView.tsx","465","21","ui_click","","","onClick={() => handleStatusChange(""pending"")}","source_only","medium","/organizer/bookings/[id]","1"
"bf8663412f943d02","src/components/organizer/OrganizerBookingDetailView.tsx","477","21","ui_click","","","onClick={() => handleStatusChange(""confirmed"")}","source_only","medium","/organizer/bookings/[id]","1"
"4dd95f51f7786845","src/components/organizer/OrganizerBookingDetailView.tsx","490","21","ui_click","","","onClick={() => handleStatusChange(""confirmed"")}","source_only","medium","/organizer/bookings/[id]","1"
"06c6589c9e503697","src/components/organizer/OrganizerBookingDetailView.tsx","502","21","ui_click","","","onClick={() => handleStatusChange(""completed"")}","source_only","medium","/organizer/bookings/[id]","1"
"a8c339ab4dee6955","src/components/organizer/OrganizerBookingDetailView.tsx","515","21","ui_click","","","onClick={() => handleStatusChange(""cancelled"")}","source_only","medium","/organizer/bookings/[id]","1"
"6fcaddb8257b17d4","src/components/organizer/OrganizerBookingsView.tsx","222","13","ui_click","","","onClick={() => setInboxTab(""bookings"")}","source_only","medium","/organizer/bookings","1"
"5e2882071f892970","src/components/organizer/OrganizerBookingsView.tsx","235","13","ui_click","","","onClick={() => setInboxTab(""waitlist"")}","source_only","medium","/organizer/bookings","1"
"12356058efbac4a8","src/components/organizer/OrganizerBookingsView.tsx","262","15","ui_change","","","onChange={(event) => setSearch(event.target.value)}","source_only","medium","/organizer/bookings","1"
"abb8f8a20c124141","src/components/organizer/OrganizerBookingsView.tsx","275","15","ui_change","","","onChange={(event) => setStatusFilter(event.target.value as StatusFilter)}","source_only","medium","/organizer/bookings","1"
"5c13299d9c5d1b54","src/components/organizer/OrganizerBookingsView.tsx","293","15","ui_change","","","onChange={(event) => setPaymentStatusFilter(event.target.value as PaymentStatusFilter) }","source_only","medium","/organizer/bookings","1"
"5da5d716853c511f","src/components/organizer/OrganizerBookingsView.tsx","315","15","ui_change","","","onChange={(event) => setSort(event.target.value as SortOption)}","source_only","medium","/organizer/bookings","1"
"783720c89a88aa67","src/components/organizer/OrganizerBookingsView.tsx","330","15","ui_click","","","onClick={() => setSourceFilter(""all"")}","source_only","medium","/organizer/bookings","1"
"0cf4d6e085bbfa86","src/components/organizer/OrganizerBookingsView.tsx","344","17","ui_click","","","onClick={() => setSourceFilter(row.key)}","source_only","medium","/organizer/bookings","1"
"50094a6f72c60558","src/components/organizer/OrganizerBookingsView.tsx","362","15","ui_click","","","onClick={() => setViewMode(""kanban"")}","source_only","medium","/organizer/bookings","1"
"6155b6fae03a0c52","src/components/organizer/OrganizerBookingsView.tsx","375","15","ui_click","","","onClick={() => setViewMode(""table"")}","source_only","medium","/organizer/bookings","1"
"f554c4e4f59dc81c","src/components/organizer/OrganizerCancellationTab.tsx","75","7","ui_click","","","onClick={onSelect}","source_only","medium","/organizer/settings","1"
"2f7af8efe5bedd58","src/components/organizer/OrganizerCancellationTab.tsx","123","11","ui_click","","","onClick={() => onAction(id)}","source_only","medium","/organizer/settings","1"
"e7b573d620a35523","src/components/organizer/OrganizerCancellationTab.tsx","315","5","form_submit","POST","handler","<form onSubmit={handleSubmit} className=""p-4 sm:p-6"">","source_only","medium","/organizer/settings","1"
"5c55385f92f21008","src/components/organizer/OrganizerCancellationTab.tsx","370","25","ui_change","","","onChange={(event) => updatePenalty(index, { amount: event.target.value }) }","source_only","medium","/organizer/settings","1"
"0bcdd67613cb4ce4","src/components/organizer/OrganizerCancellationTab.tsx","394","25","ui_change","","","onChange={(event) => updatePenalty(index, { period: event.target.value }) }","source_only","medium","/organizer/settings","1"
"9205b8bcfe0572c9","src/components/organizer/OrganizerCancellationTab.tsx","406","25","ui_click","","","onClick={() => removePenalty(index)}","source_only","medium","/organizer/settings","1"
"ad63eceb096f2f26","src/components/organizer/OrganizerCancellationTab.tsx","421","17","ui_click","","","onClick={addPenalty}","source_only","medium","/organizer/settings","1"
"ba9cd88b4efc0080","src/components/organizer/OrganizerCancellationTab.tsx","445","17","ui_change","","","onChange={(event) => { updateSettings({ additionalConditions: event.target.value }); pushHistory(event.target.value); }}","source_only","medium","/organizer/settings","1"
"dc441ab9bf2b4914","src/components/organizer/OrganizerContactsTab.tsx","83","9","ui_change","","","onChange={onChange ? (event) => onChange(event.target.value) : undefined}","source_only","medium","/organizer/settings","1"
"cae87a16648fd165","src/components/organizer/OrganizerContactsTab.tsx","142","11","ui_change","","","onChange={(event) => onChange(event.target.value)}","source_only","medium","/organizer/settings","1"
"b348c0008990580e","src/components/organizer/OrganizerContactsTab.tsx","257","5","form_submit","POST","handler","<form onSubmit={handleSubmit} className=""p-4 sm:p-6"">","source_only","medium","/organizer/settings","1"
"3721c4e770c305f1","src/components/organizer/OrganizerContactsTab.tsx","290","19","ui_change","","","onChange={(value) => updateContacts({ website: value })}","source_only","medium","/organizer/settings","1"
"69e9ffe091de33b1","src/components/organizer/OrganizerContactsTab.tsx","306","19","ui_change","","","onChange={(value) => updateContacts({ contactEmail: value })}","source_only","medium","/organizer/settings","1"
"5d885b554bf00f27","src/components/organizer/OrganizerContactsTab.tsx","322","19","ui_change","","","onChange={(value) => updateContacts({ documentsEmail: value })}","source_only","medium","/organizer/settings","1"
"83a7000a7752a2f8","src/components/organizer/OrganizerContactsTab.tsx","335","17","ui_change","","","onChange={(event) => updateContacts({ additionalContacts: event.target.value })}","source_only","medium","/organizer/settings","1"
"85a93726f1a09ece","src/components/organizer/OrganizerContactsTab.tsx","351","17","ui_change","","","onChange={(value) => updateContacts({ vkUrl: value })}","source_only","medium","/organizer/settings","1"
"b4ad70294b5bbad0","src/components/organizer/OrganizerContactsTab.tsx","359","17","ui_change","","","onChange={(value) => updateContacts({ telegramUrl: value })}","source_only","medium","/organizer/settings","1"
"834651a0f2ddf9f2","src/components/organizer/OrganizerContactsTab.tsx","368","19","ui_change","","","onChange={(value) => updateContacts({ otherSocialUrl: value })}","source_only","medium","/organizer/settings","1"
"6f8e6ac33b2ef96c","src/components/organizer/OrganizerContactsTab.tsx","392","23","ui_change","","","onChange={(value) => updateReviewUrl(index, value)}","source_only","medium","/organizer/settings","1"
"bf19e73694eb6a9f","src/components/organizer/OrganizerContactsTab.tsx","398","23","ui_click","","","onClick={() => removeReviewUrl(index)}","source_only","medium","/organizer/settings","1"
"2b251792cb2257f8","src/components/organizer/OrganizerContactsTab.tsx","411","15","ui_click","","","onClick={addReviewUrl}","source_only","medium","/organizer/settings","1"
"22046044df8e006d","src/components/organizer/OrganizerContactsTab.tsx","431","19","ui_change","","","onChange={(event) => updateContacts({ timezone: event.target.value })}","source_only","medium","/organizer/settings","1"
"39e09056933e36b6","src/components/organizer/OrganizerContactsTab.tsx","460","19","ui_change","","","onChange={(value) => updateContacts({ weekdayStart: value })}","source_only","medium","/organizer/settings","1"
"35dafe0426f16fa5","src/components/organizer/OrganizerContactsTab.tsx","470","19","ui_change","","","onChange={(value) => updateContacts({ weekdayEnd: value })}","source_only","medium","/organizer/settings","1"
"41f5f33f4abc08c6","src/components/organizer/OrganizerContactsTab.tsx","480","19","ui_change","","","onChange={(value) => updateContacts({ weekendStart: value })}","source_only","medium","/organizer/settings","1"
"184e6316800d3325","src/components/organizer/OrganizerContactsTab.tsx","490","19","ui_change","","","onChange={(value) => updateContacts({ weekendEnd: value })}","source_only","medium","/organizer/settings","1"
"3399203d14657129","src/components/organizer/OrganizerCreateExternalBookingDialog.tsx","120","9","form_submit","POST","handler","<form onSubmit={handleSubmit} className=""mt-5 space-y-4"">","source_only","medium","/organizer/bookings","1"
"99d499bf2e688b97","src/components/organizer/OrganizerCreateExternalBookingDialog.tsx","128","15","ui_change","","","onChange={(event) => setListingId(event.target.value)}","source_only","medium","/organizer/bookings","1"
"29643ad8b58592e9","src/components/organizer/OrganizerCreateExternalBookingDialog.tsx","161","17","ui_change","","","onChange={(event) => setBookingSource(event.target.value as BookingSource)}","source_only","medium","/organizer/bookings","1"
"253c941fe83027b0","src/components/organizer/OrganizerCreateExternalBookingDialog.tsx","178","17","ui_change","","","onChange={(event) => setExternalReference(event.target.value)}","source_only","medium","/organizer/bookings","1"
"b63cc81b64c89be6","src/components/organizer/OrganizerCreateExternalBookingDialog.tsx","193","15","ui_change","","","onChange={(event) => setContactName(event.target.value)}","source_only","medium","/organizer/bookings","1"
"69c330ed9e5387a7","src/components/organizer/OrganizerCreateExternalBookingDialog.tsx","208","17","ui_change","","","onChange={(event) => setContactEmail(event.target.value)}","source_only","medium","/organizer/bookings","1"
"64330271a1e1bf44","src/components/organizer/OrganizerCreateExternalBookingDialog.tsx","219","17","ui_change","","","onChange={(event) => setContactPhone(event.target.value)}","source_only","medium","/organizer/bookings","1"
"e8416bae2bcc44b3","src/components/organizer/OrganizerCreateExternalBookingDialog.tsx","235","17","ui_change","","","onChange={(event) => setGuests(event.target.value)}","source_only","medium","/organizer/bookings","1"
"48acf11a508fea0a","src/components/organizer/OrganizerCreateExternalBookingDialog.tsx","247","17","ui_change","","","onChange={(event) => setStartDate(event.target.value)}","source_only","medium","/organizer/bookings","1"
"f4b72b6070d483d0","src/components/organizer/OrganizerCreateExternalBookingDialog.tsx","259","17","ui_change","","","onChange={(event) => setEndDate(event.target.value)}","source_only","medium","/organizer/bookings","1"
"80abc96eb6936968","src/components/organizer/OrganizerCreateExternalBookingDialog.tsx","275","15","ui_change","","","onChange={(event) => setTotalPriceUsd(event.target.value)}","source_only","medium","/organizer/bookings","1"
"df4e56dc8deef7af","src/components/organizer/OrganizerCreateExternalBookingDialog.tsx","288","15","ui_change","","","onChange={(event) => setTouristComment(event.target.value)}","source_only","medium","/organizer/bookings","1"
"8f44c3fa874ae6fc","src/components/organizer/OrganizerCreateExternalBookingDialog.tsx","300","53","ui_click","","","onClick={() => onOpenChange(false)}","source_only","medium","/organizer/bookings","1"
"2432a615cf505981","src/components/organizer/OrganizerCreateExternalBookingDialog.tsx","326","9","ui_click","","","onClick={() => setOpen(true)}","source_only","medium","/organizer/bookings","1"
"03eeef7d39f3c413","src/components/organizer/OrganizerFinanceView.tsx","52","25","http_request","GET","/api/organizer/finance/statement?period=[period]","fetch(`/api/organizer/finance/statement?period=${period}`)","source_only","high","/organizer/finance","1"
"488108dae8b28c46","src/components/organizer/OrganizerFinanceView.tsx","84","25","http_request","GET","/api/organizer/finance/summary?period=[period]","fetch(`/api/organizer/finance/summary?period=${period}`)","source_only","high","/organizer/finance","1"
"2ac7992f1063f099","src/components/organizer/OrganizerFinanceView.tsx","126","15","ui_change","","","onChange={(event) => setPeriod(event.target.value as AnalyticsPeriod)}","source_only","medium","/organizer/finance","1"
"fe512d831acebb63","src/components/organizer/OrganizerFinanceView.tsx","139","15","ui_click","","","onClick={() => void loadFinance()}","source_only","medium","/organizer/finance","1"
"c401aa29366b1e96","src/components/organizer/OrganizerFinanceView.tsx","148","15","ui_click","","","onClick={() => void downloadStatement()}","source_only","medium","/organizer/finance","1"
"cfea463c81e1c5fb","src/components/organizer/OrganizerGuidesTab.tsx","45","11","ui_click","","","onClick={onEdit}","source_only","medium","/organizer/settings","1"
"0a5fd2758874b586","src/components/organizer/OrganizerGuidesTab.tsx","53","11","ui_click","","","onClick={onDelete}","source_only","medium","/organizer/settings","1"
"68e083cb00167466","src/components/organizer/OrganizerGuidesTab.tsx","173","35","ui_click","","","onClick={openCreateModal}","source_only","medium","/organizer/settings","1"
"163bc3312f3d475d","src/components/organizer/OrganizerInboxView.tsx","159","15","http_request","PATCH","/api/organizer/inbox","fetch(""/api/organizer/inbox"", { method: ""PATCH"", headers: { ""Content-Type"": ""application/json"" }, body: JSON.stringify({ markAll: true }), })","source_only","high","/organizer","1"
"6199b70421a99800","src/components/organizer/OrganizerInboxView.tsx","204","13","ui_click","","","onClick={() => void handleMarkAllRead()}","source_only","medium","/organizer","1"
"4d4987bcbd8a4e9f","src/components/organizer/OrganizerInboxView.tsx","224","13","ui_click","","","onClick={() => setFilter(entry.id)}","source_only","medium","/organizer","1"
"305633f1795743e0","src/components/organizer/OrganizerInboxView.tsx","257","21","ui_click","","","onClick={() => void handleMarkRead(item)}","source_only","medium","/organizer","1"
"078a2b24b4b515f8","src/components/organizer/OrganizerIntegrationsView.tsx","66","13","browser_capability","","navigator.clipboard.writeText","navigator.clipboard.writeText(value)","source_only","high","/organizer/integrations","1"
"a6aa88689c955fac","src/components/organizer/OrganizerIntegrationsView.tsx","78","59","ui_click","","","onClick={() => void copy()}","source_only","medium","/organizer/integrations","1"
"ee50c784fbcf5386","src/components/organizer/OrganizerIntegrationsView.tsx","122","25","http_request","GET","/api/organizer/api-keys","fetch(""/api/organizer/api-keys"")","source_only","high","/organizer/integrations","1"
"74fa4fb5c540554c","src/components/organizer/OrganizerIntegrationsView.tsx","143","25","http_request","GET","/api/organizer/webhooks","fetch(""/api/organizer/webhooks"")","source_only","high","/organizer/integrations","1"
"7f2d478243238766","src/components/organizer/OrganizerIntegrationsView.tsx","175","25","http_request","POST","/api/organizer/api-keys","fetch(""/api/organizer/api-keys"", { method: ""POST"", headers: { ""Content-Type"": ""application/json"" }, body: JSON.stringify({ label: label.trim() }), })","source_only","high","/organizer/integrations","1"
"210ae3501bd52d56","src/components/organizer/OrganizerIntegrationsView.tsx","196","25","http_request","DELETE","/api/organizer/api-keys/[id]","fetch(`/api/organizer/api-keys/${encodeURIComponent(id)}`, { method: ""DELETE"", })","source_only","high","/organizer/integrations","1"
"8d92a97f47288ac0","src/components/organizer/OrganizerIntegrationsView.tsx","223","25","http_request","POST","/api/organizer/webhooks","fetch(""/api/organizer/webhooks"", { method: ""POST"", headers: { ""Content-Type"": ""application/json"" }, body: JSON.stringify({ url: webhookUrl.trim(),","source_only","high","/organizer/integrations","1"
"23145876efeda8cb","src/components/organizer/OrganizerIntegrationsView.tsx","251","25","http_request","POST","/api/organizer/webhooks/[webhookId]/test","fetch(`/api/organizer/webhooks/${encodeURIComponent(webhookId)}/test`, { method: ""POST"", })","source_only","high","/organizer/integrations","1"
"adc81e0b05afeace","src/components/organizer/OrganizerIntegrationsView.tsx","272","25","http_request","PATCH","/api/organizer/webhooks/[id]","fetch(`/api/organizer/webhooks/${encodeURIComponent(webhook.id)}`, { method: ""PATCH"", headers: { ""Content-Type"": ""application/json"" }, body: JSON.stringify(","source_only","high","/organizer/integrations","1"
"110357c1da4a2167","src/components/organizer/OrganizerIntegrationsView.tsx","292","25","http_request","DELETE","/api/organizer/webhooks/[webhookId]","fetch(`/api/organizer/webhooks/${encodeURIComponent(webhookId)}`, { method: ""DELETE"", })","source_only","high","/organizer/integrations","1"
"3b0973886b8d1e63","src/components/organizer/OrganizerIntegrationsView.tsx","369","13","ui_change","","","onChange={(event) => setLabel(event.target.value)}","source_only","medium","/organizer/integrations","1"
"3cb1659b46d2a252","src/components/organizer/OrganizerIntegrationsView.tsx","373","17","ui_click","","","onClick={() => void createKey()}","source_only","medium","/organizer/integrations","1"
"edffaf7c6d98202f","src/components/organizer/OrganizerIntegrationsView.tsx","398","13","ui_change","","","onChange={(event) => setWebhookUrl(event.target.value)}","source_only","medium","/organizer/integrations","1"
"53c26425128c45fe","src/components/organizer/OrganizerIntegrationsView.tsx","407","13","ui_change","","","onChange={(event) => setWebhookSecret(event.target.value)}","source_only","medium","/organizer/integrations","1"
"9e2db2a6b483a0d3","src/components/organizer/OrganizerIntegrationsView.tsx","425","21","ui_change","","","onChange={() => toggleWebhookEvent(eventName)}","source_only","medium","/organizer/integrations","1"
"fbe2c1802fadb155","src/components/organizer/OrganizerIntegrationsView.tsx","434","11","ui_click","","","onClick={() => void createWebhook()}","source_only","medium","/organizer/integrations","1"
"db62f38390b6524e","src/components/organizer/OrganizerIntegrationsView.tsx","468","21","ui_click","","","onClick={() => void testWebhook(webhook.id)}","source_only","medium","/organizer/integrations","1"
"02fb8f4ab90b0464","src/components/organizer/OrganizerIntegrationsView.tsx","478","21","ui_click","","","onClick={() => void toggleWebhookActive(webhook)}","source_only","medium","/organizer/integrations","1"
"e82c4009c446f56f","src/components/organizer/OrganizerIntegrationsView.tsx","487","21","ui_click","","","onClick={() => void deleteWebhook(webhook.id)}","source_only","medium","/organizer/integrations","1"
"2852ccc73e921fa7","src/components/organizer/OrganizerIntegrationsView.tsx","525","19","ui_click","","","onClick={() => void revokeKey(key.id)}","source_only","medium","/organizer/integrations","1"
"2faa2df5dc56a73d","src/components/organizer/OrganizerPhotoUpload.tsx","64","17","ui_click","","","onClick={() => onChange(images.filter((_, itemIndex) => itemIndex !== index))}","source_only","medium","/organizer/tours/[id]/edit","1"
"369d6d32353820ef","src/components/organizer/OrganizerPhotoUpload.tsx","81","9","ui_change","","","onChange={(event) => { const file = event.target.files?.[0]; if (file) void handleFileSelect(file); event.target.value = """"; }}","source_only","medium","/organizer/tours/[id]/edit","1"
"b5ee920a49f36bc9","src/components/organizer/OrganizerPhotoUpload.tsx","90","9","ui_click","","","onClick={() => fileInputRef.current?.click()}","source_only","medium","/organizer/tours/[id]/edit","1"
"028ec15980427e59","src/components/organizer/OrganizerReviewsView.tsx","67","29","http_request","GET","/api/organizer/reviews","fetch(""/api/organizer/reviews"")","source_only","high","/organizer/reviews","1"
"0b4e7affc92c543c","src/components/organizer/OrganizerReviewsView.tsx","143","30","http_request","PATCH","/api/organizer/reviews/[reviewId]","fetch(`/api/organizer/reviews/${encodeURIComponent(reviewId)}`, { method: ""PATCH"", headers: { ""Content-Type"": ""application/json"" }, body: JSON.stringify({ r","source_only","high","/organizer/reviews","1"
"1b44a0d6998ad22b","src/components/organizer/OrganizerReviewsView.tsx","236","21","ui_change","","","onChange={(event) => updateReplyDraft(review.id, event.target.value)}","source_only","medium","/organizer/reviews","1"
"1f7ec2937c1c4994","src/components/organizer/OrganizerReviewsView.tsx","250","23","ui_click","","","onClick={() => void saveOrganizerReply(review.id)}","source_only","medium","/organizer/reviews","1"
"e3f7252bc3e800d6","src/components/organizer/OrganizerRichTextField.tsx","26","7","ui_change","","","onChange={onChange}","source_only","medium","/organizer/tours/[id]/edit","1"
"634087b9d156d5ea","src/components/organizer/OrganizerSelectFieldParts.tsx","43","9","ui_click","","","onClick={(event) => { event.stopPropagation(); onRemove(); }}","source_only","medium","/organizer/tours/[id]/edit","1"
"8fe315396846e8dc","src/components/organizer/OrganizerSelectFieldParts.tsx","66","7","ui_click","","","onClick={(event) => { event.stopPropagation(); onClear(); }}","source_only","medium","/organizer/tours/[id]/edit","1"
"af56e80481ddb261","src/components/organizer/OrganizerSettingsView.tsx","65","7","ui_click","","","onClick={onClick}","source_only","medium","/organizer/settings","1"
"b6ec152863cbf426","src/components/organizer/OrganizerSettingsView.tsx","316","15","ui_click","","","onClick={() => setActiveTab(tab.id)}","source_only","medium","/organizer/settings","1"
"800ca4967e747674","src/components/organizer/OrganizerSettingsView.tsx","330","11","form_submit","POST","handler","<form onSubmit={handleSubmit} className=""p-4 sm:p-6"">","source_only","medium","/organizer/settings","1"
"da1180afe3e46741","src/components/organizer/OrganizerSettingsView.tsx","344","25","ui_click","","","onClick={() => setBioExampleOpen(true)}","source_only","medium","/organizer/settings","1"
"dda9267faa405714","src/components/organizer/OrganizerSettingsView.tsx","364","23","ui_change","","","onChange={(event) => handleAvatarSelect(event.target.files?.[0] ?? null)}","source_only","medium","/organizer/settings","1"
"594fba7f7bf314f5","src/components/organizer/OrganizerSettingsView.tsx","369","25","ui_click","","","onClick={() => fileInputRef.current?.click()}","source_only","medium","/organizer/settings","1"
"0a7a197da9b312b8","src/components/organizer/OrganizerSettingsView.tsx","378","27","ui_click","","","onClick={handleAvatarRemove}","source_only","medium","/organizer/settings","1"
"30352d6186659a0f","src/components/organizer/OrganizerSettingsView.tsx","394","27","ui_change","","","onChange={(event) => { setFirstName(event.target.value); markDirty(); }}","source_only","medium","/organizer/settings","1"
"de11308067b31da7","src/components/organizer/OrganizerSettingsView.tsx","406","27","ui_change","","","onChange={(event) => { setLastName(event.target.value); markDirty(); }}","source_only","medium","/organizer/settings","1"
"2de4206373a96813","src/components/organizer/OrganizerSettingsView.tsx","422","25","ui_change","","","onChange={(event) => { setMiddleName(event.target.value); markDirty(); }}","source_only","medium","/organizer/settings","1"
"4fe416c70f9cd23f","src/components/organizer/OrganizerSettingsView.tsx","443","21","ui_change","","","onChange={(event) => { setShortDescription(event.target.value); markDirty(); }}","source_only","medium","/organizer/settings","1"
"68476f09afe0990d","src/components/organizer/OrganizerSettingsView.tsx","462","21","ui_change","","","onChange={(event) => { setExtendedDescription(event.target.value); markDirty(); }}","source_only","medium","/organizer/settings","1"
"67bbba58ba0bb49a","src/components/organizer/OrganizerSettingsView.tsx","497","23","ui_change","","","onChange={(event) => { setExperienceEnabled(event.target.checked); markDirty(); }}","source_only","medium","/organizer/settings","1"
"424b1113faccf3d5","src/components/organizer/OrganizerSettingsView.tsx","518","27","ui_change","","","onChange={(event) => { setExperienceValue(event.target.value); markDirty(); }}","source_only","medium","/organizer/settings","1"
"4ec667889f2cf736","src/components/organizer/OrganizerSettingsView.tsx","530","27","ui_change","","","onChange={(event) => { setExperienceUnit(event.target.value as OrganizerExperienceUnit); markDirty(); ","source_only","medium","/organizer/settings","1"
"0bdb351c147213f3","src/components/organizer/OrganizerSettingsView.tsx","563","23","ui_change","","","onChange={(event) => { setStatusText(event.target.value); markDirty(); }}","source_only","medium","/organizer/settings","1"
"0fb22df462ab4a91","src/components/organizer/OrganizerShell.tsx","34","48","ui_click","","","onClick={() => openAuth(""organizer"")}","source_only","medium","/organizer|/organizer/analytics|/organizer/apartments|/organizer/articles|/organizer/articles/[id]/edit|/organizer/bookings|/organizer/bookings/[id]|/organizer/finance|/organizer/group-trips|/organizer/integrations|/organizer/messages|/organizer/payments|…","17"
"d482d94a31da007c","src/components/organizer/OrganizerShell.tsx","64","48","client_navigation","","/join","router.push(""/join"")","source_only","high","/organizer|/organizer/analytics|/organizer/apartments|/organizer/articles|/organizer/articles/[id]/edit|/organizer/bookings|/organizer/bookings/[id]|/organizer/finance|/organizer/group-trips|/organizer/integrations|/organizer/messages|/organizer/payments|…","17"
"716bdd48c08fa214","src/components/organizer/OrganizerShell.tsx","64","33","ui_click","","","onClick={() => router.push(""/join"")}","source_only","medium","/organizer|/organizer/analytics|/organizer/apartments|/organizer/articles|/organizer/articles/[id]/edit|/organizer/bookings|/organizer/bookings/[id]|/organizer/finance|/organizer/group-trips|/organizer/integrations|/organizer/messages|/organizer/payments|…","17"
"ed30aa0a66547312","src/components/organizer/OrganizerSidebar.tsx","126","25","http_request","GET","/api/notifications?scope=organizer&limit=1","fetch(""/api/notifications?scope=organizer&limit=1"")","source_only","high","/organizer|/organizer/analytics|/organizer/apartments|/organizer/articles|/organizer/articles/[id]/edit|/organizer/bookings|/organizer/bookings/[id]|/organizer/finance|/organizer/group-trips|/organizer/integrations|/organizer/messages|/organizer/payments|…","17"
"6cf81a4a0b2a1d3a","src/components/organizer/OrganizerSidebar.tsx","354","13","ui_click","","","onClick={toggleCollapsed}","source_only","medium","/organizer|/organizer/analytics|/organizer/apartments|/organizer/articles|/organizer/articles/[id]/edit|/organizer/bookings|/organizer/bookings/[id]|/organizer/finance|/organizer/group-trips|/organizer/integrations|/organizer/messages|/organizer/payments|…","17"
"df1e566cea964c11","src/components/organizer/OrganizerSidebar.tsx","462","11","ui_click","","","onClick={() => setMoreOpen((prev) => !prev)}","source_only","medium","/organizer|/organizer/analytics|/organizer/apartments|/organizer/articles|/organizer/articles/[id]/edit|/organizer/bookings|/organizer/bookings/[id]|/organizer/finance|/organizer/group-trips|/organizer/integrations|/organizer/messages|/organizer/payments|…","17"
"cb2a68346f06c631","src/components/organizer/OrganizerSidebar.tsx","490","13","ui_click","","","onClick={() => setMoreOpen(false)}","source_only","medium","/organizer|/organizer/analytics|/organizer/apartments|/organizer/articles|/organizer/articles/[id]/edit|/organizer/bookings|/organizer/bookings/[id]|/organizer/finance|/organizer/group-trips|/organizer/integrations|/organizer/messages|/organizer/payments|…","17"
"1bf4ce5a7cdddde4","src/components/organizer/OrganizerSidebar.tsx","503","21","ui_click","","","onClick={() => setMoreOpen(false)}","source_only","medium","/organizer|/organizer/analytics|/organizer/apartments|/organizer/articles|/organizer/articles/[id]/edit|/organizer/bookings|/organizer/bookings/[id]|/organizer/finance|/organizer/group-trips|/organizer/integrations|/organizer/messages|/organizer/payments|…","17"
"06d0dcc265d8e15b","src/components/organizer/OrganizerSidebar.tsx","525","17","ui_click","","","onClick={() => setMoreOpen(false)}","source_only","medium","/organizer|/organizer/analytics|/organizer/apartments|/organizer/articles|/organizer/articles/[id]/edit|/organizer/bookings|/organizer/bookings/[id]|/organizer/finance|/organizer/group-trips|/organizer/integrations|/organizer/messages|/organizer/payments|…","17"
"06ff5b5223ca55e8","src/components/organizer/OrganizerTourEditorView.tsx","264","9","ui_change","","","onChange={(event) => onMinChange(Number(event.target.value) || 0)}","source_only","medium","/organizer/tours/[id]/edit","1"
"d3ea79b3cee87f8e","src/components/organizer/OrganizerTourEditorView.tsx","280","9","ui_change","","","onChange={(event) => onMaxChange(Number(event.target.value) || 0)}","source_only","medium","/organizer/tours/[id]/edit","1"
"8fef1050bc049244","src/components/organizer/OrganizerTourEditorView.tsx","294","29","ui_click","","","onClick={onApply}","source_only","medium","/organizer/tours/[id]/edit","1"
"25ad6fbcd0b1f6cf","src/components/organizer/OrganizerTourEditorView.tsx","339","17","ui_click","","","onClick={() => onToggle(language)}","source_only","medium","/organizer/tours/[id]/edit","1"
"6bb7bd2fe975741d","src/components/organizer/OrganizerTourEditorView.tsx","350","15","ui_change","","","onChange={(event) => { const value = event.target.value as TourLanguage; if (value) onToggle(value); }}","source_only","medium","/organizer/tours/[id]/edit","1"
"5a0de24b19ab3805","src/components/organizer/OrganizerTourEditorView.tsx","461","51","ui_click","","","onClick={() => onOpenChange(false)}","source_only","medium","/organizer/tours/[id]/edit","1"
"079398cddebdd118","src/components/organizer/OrganizerTourEditorView.tsx","464","51","ui_click","","","onClick={onUseServer}","source_only","medium","/organizer/tours/[id]/edit","1"
"df13837d3b48ccea","src/components/organizer/OrganizerTourEditorView.tsx","467","33","ui_click","","","onClick={onReplaceServer}","source_only","medium","/organizer/tours/[id]/edit","1"
"ecd8ed171111f18e","src/components/organizer/OrganizerTourEditorView.tsx","557","17","ui_click","","","onClick={item.onClick}","source_only","medium","/organizer/tours/[id]/edit","1"
"d06079c50c9f8760","src/components/organizer/OrganizerTourEditorView.tsx","645","13","ui_click","","","onClick={onOpenPublishChecklist}","source_only","medium","/organizer/tours/[id]/edit","1"
"20929bf81c60d308","src/components/organizer/OrganizerTourEditorView.tsx","702","15","ui_click","","","onClick={onClone}","source_only","medium","/organizer/tours/[id]/edit","1"
"b5bdf8ae10bd1eca","src/components/organizer/OrganizerTourEditorView.tsx","827","9","client_navigation","","/organizer/tours","router.replace(""/organizer/tours"")","source_only","high","/organizer/tours/[id]/edit","1"
"7c12eb96cf1fef21","src/components/organizer/OrganizerTourEditorView.tsx","1280","5","browser_capability","","window.open","window.open(`/organizer/tours/${draft.id}/preview`, ""_blank"", ""noopener,noreferrer"")","source_only","high","/organizer/tours/[id]/edit","1"
"77b036a62917039d","src/components/organizer/OrganizerTourEditorView.tsx","1302","5","client_navigation","","/organizer/tours/[id]/edit","router.push(`/organizer/tours/${result.draft.id}/edit`)","source_only","high","/organizer/tours/[id]/edit","1"
"af65b716cc0b25c2","src/components/organizer/OrganizerTourEditorView.tsx","1327","5","client_navigation","","/organizer/tours","router.replace(""/organizer/tours"")","source_only","high","/organizer/tours/[id]/edit","1"
"5efcebfd417a9a97","src/components/organizer/OrganizerTourEditorView.tsx","1342","5","form_submit","POST","handler","<form onSubmit={handleSubmit} className=""space-y-4 pb-24 xl:pb-0"">","source_only","medium","/organizer/tours/[id]/edit","1"
"4deb87aad348f30f","src/components/organizer/OrganizerTourEditorView.tsx","1368","13","ui_click","","","onClick={handlePreview}","source_only","medium","/organizer/tours/[id]/edit","1"
"60fa175c68f5cbc6","src/components/organizer/OrganizerTourEditorView.tsx","1413","17","ui_click","","","onClick={() => setActiveTab(tab.id)}","source_only","medium","/organizer/tours/[id]/edit","1"
"03b7edf4cda671e7","src/components/organizer/OrganizerTourEditorView.tsx","1436","15","ui_click","","","onClick={() => setPublishChecklistOpen(true)}","source_only","medium","/organizer/tours/[id]/edit","1"
"37d69b3d54971781","src/components/organizer/OrganizerTourEditorView.tsx","1477","21","ui_change","","","onChange={(event) => updateDraft({ title: event.target.value.slice(0, ORGANIZER_TOUR_TITLE_MAX), }) ","source_only","medium","/organizer/tours/[id]/edit","1"
"7ead03ac5cc6d080","src/components/organizer/OrganizerTourEditorView.tsx","1508","21","ui_change","","","onChange={(event) => updateDraft({ durationDays: Number(event.target.value) || 1 }) }","source_only","medium","/organizer/tours/[id]/edit","1"
"022074e326c7d0e9","src/components/organizer/OrganizerTourEditorView.tsx","1585","25","ui_change","","","onChange={(event) => updateDraft({ maxWeightKg: event.target.value ? Number(event.target.value) : null, ","source_only","medium","/organizer/tours/[id]/edit","1"
"6821f5b782c1a0c5","src/components/organizer/OrganizerTourEditorView.tsx","1624","17","ui_change","","","onChange={(travelRisks) => updateDraft({ travelRisks })}","source_only","medium","/organizer/tours/[id]/edit","1"
"f9f9c9554ae05211","src/components/organizer/OrganizerTourEditorView.tsx","1637","17","ui_change","","","onChange={(patch) => updateDraft(patch)}","source_only","medium","/organizer/tours/[id]/edit","1"
"4ed8e9e6591d1299","src/components/organizer/OrganizerTourEditorView.tsx","1652","21","ui_change","","","onChange={(event) => updateDraft({ relatedPlaceSlugs: event.target.value .split(/[,\n]+/) ","source_only","medium","/organizer/tours/[id]/edit","1"
"8145a47ed9be153c","src/components/organizer/OrganizerTourEditorView.tsx","1673","17","ui_change","","","onChange={(ticketRecommendationsText) => updateDraft({ ticketRecommendationsText }) }","source_only","medium","/organizer/tours/[id]/edit","1"
"4070dc4812d3686f","src/components/organizer/OrganizerTourEditorView.tsx","1687","17","ui_change","","","onChange={(patch) => updateDraft(patch)}","source_only","medium","/organizer/tours/[id]/edit","1"
"0e79a065cbec2f70","src/components/organizer/OrganizerTourEditorView.tsx","1699","19","ui_change","","","onChange={(arrivalDepartureCities) => updateDraft({ arrivalDepartureCities })}","source_only","medium","/organizer/tours/[id]/edit","1"
"63759d4cb1b536c3","src/components/organizer/OrganizerTourEditorView.tsx","1705","19","ui_change","","","onChange={updateSectionOrganizerComments}","source_only","medium","/organizer/tours/[id]/edit","1"
"93008a036d77165f","src/components/organizer/OrganizerTourEditorView.tsx","1714","19","ui_change","","","onChange={(shortDescription) => updateDraft({ shortDescription })}","source_only","medium","/organizer/tours/[id]/edit","1"
"88e1b2b6c06795bf","src/components/organizer/OrganizerTourEditorView.tsx","1723","19","ui_change","","","onChange={updateSectionOrganizerComments}","source_only","medium","/organizer/tours/[id]/edit","1"
"02fcbbea5c205c46","src/components/organizer/OrganizerTourEditorView.tsx","1744","19","ui_change","","","onChange={(places) => updateDraft({ places })}","source_only","medium","/organizer/tours/[id]/edit","1"
"430238f7b187e093","src/components/organizer/OrganizerTourEditorView.tsx","1750","19","ui_change","","","onChange={updateSectionOrganizerComments}","source_only","medium","/organizer/tours/[id]/edit","1"
"cefa8cc709da425f","src/components/organizer/OrganizerTourEditorView.tsx","1760","17","ui_change","","","onChange={(guides) => updateDraft({ guides })}","source_only","medium","/organizer/tours/[id]/edit","1"
"9876a9fc190cf115","src/components/organizer/OrganizerTourEditorView.tsx","1767","17","ui_change","","","onChange={(participantRecommendations) => updateDraft({ participantRecommendations })}","source_only","medium","/organizer/tours/[id]/edit","1"
"ad1871ae55cb98a9","src/components/organizer/OrganizerTourEditorView.tsx","1774","17","ui_change","","","onChange={(routeFeaturesText) => updateDraft({ routeFeaturesText })}","source_only","medium","/organizer/tours/[id]/edit","1"
"5081fac0380fb882","src/components/organizer/OrganizerTourEditorView.tsx","1782","19","ui_change","","","onChange={(comfortLevels) => { const comfortLevel = primaryComfortLevel(comfortLevels); updateDraft({ comfortLevels, ","source_only","medium","/organizer/tours/[id]/edit","1"
"ee119c8ce1f1810b","src/components/organizer/OrganizerTourEditorView.tsx","1823","19","ui_change","","","onChange={(accommodationUpgradesEnabled) => updateDraft({ accommodationUpgradesEnabled }) }","source_only","medium","/organizer/tours/[id]/edit","1"
"2661d9f608605a92","src/components/organizer/OrganizerTourEditorView.tsx","1831","19","ui_change","","","onChange={(accommodationPlaces) => updateDraft({ accommodationPlaces })}","source_only","medium","/organizer/tours/[id]/edit","1"
"db63784a5573f8a3","src/components/organizer/OrganizerTourEditorView.tsx","1872","21","ui_change","","","onChange={(enabledDiscounts) => updateDraft({ enabledDiscounts })}","source_only","medium","/organizer/tours/[id]/edit","1"
"a217bbdb6f5790d2","src/components/organizer/OrganizerTourEditorView.tsx","1877","21","ui_change","","","onChange={(groupDiscount) => updateDraft({ groupDiscount })}","source_only","medium","/organizer/tours/[id]/edit","1"
"98864378a7c9fcf0","src/components/organizer/OrganizerTourEditorView.tsx","1897","25","ui_change","","","onChange={(event) => updateDraft({ excursionStartTime: event.target.value })}","source_only","medium","/organizer/tours/[id]/edit","1"
"0258dcb842d7d588","src/components/organizer/OrganizerTourEditorView.tsx","1906","25","ui_change","","","onChange={(event) => updateDraft({ excursionEndTime: event.target.value })}","source_only","medium","/organizer/tours/[id]/edit","1"
"9c701875df05ae13","src/components/organizer/OrganizerTourEditorView.tsx","1959","17","ui_change","","","onChange={(customBookingLink) => updateDraft({ customBookingLink })}","source_only","medium","/organizer/tours/[id]/edit","1"
"5492e1252c0063a1","src/components/organizer/OrganizerTourEditorView.tsx","1965","19","ui_change","","","onChange={(waitlistEnabled) => updateDraft({ waitlistEnabled })}","source_only","medium","/organizer/tours/[id]/edit","1"
"9dd970afdf81b3f2","src/components/organizer/OrganizerTourEditorView.tsx","1971","17","ui_change","","","onChange={(checkoutPaymentOptions) => updateDraft({ checkoutPaymentOptions })}","source_only","medium","/organizer/tours/[id]/edit","1"
"fbf88dbe16f5de83","src/components/organizer/OrganizerTourEditorView.tsx","1978","17","ui_change","","","onChange={updateSectionOrganizerComments}","source_only","medium","/organizer/tours/[id]/edit","1"
"078b90a171b18e83","src/components/organizer/OrganizerTourEditorView.tsx","2014","19","ui_change","","","onChange={updateSectionOrganizerComments}","source_only","medium","/organizer/tours/[id]/edit","1"
"dcc1176798a6ae1a","src/components/organizer/OrganizerTourEditorView.tsx","2032","19","ui_change","","","onChange={updateSectionOrganizerComments}","source_only","medium","/organizer/tours/[id]/edit","1"
"dc9d87b44953ee83","src/components/organizer/OrganizerTourEditorView.tsx","2059","19","ui_change","","","onChange={updateSectionOrganizerComments}","source_only","medium","/organizer/tours/[id]/edit","1"
"61036d15c5b1a588","src/components/organizer/OrganizerTourEditorView.tsx","2066","19","ui_change","","","onChange={(importantInfo) => updateDraft({ importantInfo })}","source_only","medium","/organizer/tours/[id]/edit","1"
"db19ac8300deb0ef","src/components/organizer/OrganizerTourEditorView.tsx","2074","19","ui_change","","","onChange={updateSectionOrganizerComments}","source_only","medium","/organizer/tours/[id]/edit","1"
"ed8b7061bb16e0f6","src/components/organizer/OrganizerTourEditorView.tsx","2081","19","ui_change","","","onChange={(packingListText) => updateDraft({ packingListText })}","source_only","medium","/organizer/tours/[id]/edit","1"
"e62c0a129827803d","src/components/organizer/OrganizerTourEditorView.tsx","2088","19","ui_change","","","onChange={updateSectionOrganizerComments}","source_only","medium","/organizer/tours/[id]/edit","1"
"ac8ab8b16e8ccc56","src/components/organizer/OrganizerTourEditorView.tsx","2093","19","ui_change","","","onChange={(faq) => updateDraft({ faq })}","source_only","medium","/organizer/tours/[id]/edit","1"
"4e52c2f299b037ab","src/components/organizer/OrganizerTourEditorView.tsx","2100","19","ui_change","","","onChange={updateSectionOrganizerComments}","source_only","medium","/organizer/tours/[id]/edit","1"
"b397b8f6b7cb33c5","src/components/organizer/OrganizerTourEditorView.tsx","2112","19","ui_change","","","onChange={(detailLayoutOrder) => updateDraft({ detailLayoutOrder })}","source_only","medium","/organizer/tours/[id]/edit","1"
"3a9c0be2d68e9d54","src/components/organizer/OrganizerTourEditorView.tsx","2117","19","ui_click","","","onClick={() => setPublishChecklistOpen(true)}","source_only","medium","/organizer/tours/[id]/edit","1"
"5a53129b53cad31c","src/components/organizer/OrganizerTourEditorView.tsx","2129","23","ui_change","","","onChange={(event) => handleStatusChange(event.target.value as OrganizerTourStatus) }","source_only","medium","/organizer/tours/[id]/edit","1"
"d2353a16a8735a77","src/components/organizer/OrganizerTourEditorView.tsx","2150","21","ui_change","","","onChange={(event) => updateDraft({ isPreliminaryProgram: event.target.checked }) }","source_only","medium","/organizer/tours/[id]/edit","1"
"35bb46e645bcb3b3","src/components/organizer/OrganizerTourEditorView.tsx","2162","21","ui_change","","","onChange={(event) => updateDraft({ archived: event.target.checked })}","source_only","medium","/organizer/tours/[id]/edit","1"
"e021d35549a29fe4","src/components/organizer/OrganizerTourEditorView.tsx","2173","19","ui_change","","","onChange={({ isPrivate, privateAccessToken }) => updateDraft({ isPrivate, privateAccessToken }) }","source_only","medium","/organizer/tours/[id]/edit","1"
"58d45a12ef10b6c7","src/components/organizer/OrganizerTourEditorView.tsx","2265","9","ui_change","","","onChange={setMobilePanel}","source_only","medium","/organizer/tours/[id]/edit","1"
"7ffff0d5f09efa28","src/components/organizer/OrganizerTourPreviewView.tsx","35","7","client_navigation","","/organizer/tours","router.replace(""/organizer/tours"")","source_only","high","/organizer/tours/[id]/preview","1"
"75c7d667dd7d5b46","src/components/organizer/OrganizerToursView.tsx","216","5","client_navigation","","/organizer/tours","router.replace(""/organizer/tours"", { scroll: false })","source_only","high","/organizer/tours","1"
"c668d27b0aab84e2","src/components/organizer/OrganizerToursView.tsx","258","5","client_navigation","","/organizer/tours/[id]/edit","router.push(`/organizer/tours/${result.draft.id}/edit`)","source_only","high","/organizer/tours","1"
"ae14fb00d52dd788","src/components/organizer/OrganizerToursView.tsx","285","13","ui_click","","","onClick={() => setArchiveTab(tab.id)}","source_only","medium","/organizer/tours","1"
"d320baaef27c0398","src/components/organizer/OrganizerToursView.tsx","310","71","ui_click","","","onClick={() => setCreateDialogOpen(true)}","source_only","medium","/organizer/tours","1"
"05b9f2b2b5c28c91","src/components/organizer/OrganizerToursView.tsx","327","15","ui_change","","","onChange={(event) => setSearch(event.target.value)}","source_only","medium","/organizer/tours","1"
"1b5ccc788a26932c","src/components/organizer/OrganizerToursView.tsx","340","15","ui_change","","","onChange={(event) => setTypeFilter(event.target.value as TypeFilter)}","source_only","medium","/organizer/tours","1"
"30eebe22c6c26748","src/components/organizer/OrganizerToursView.tsx","356","15","ui_change","","","onChange={(event) => setStatusFilter(event.target.value as StatusFilter)}","source_only","medium","/organizer/tours","1"
"4e568b79e35ddf71","src/components/organizer/OrganizerToursView.tsx","400","15","ui_click","","","onClick={() => void handleCreateTour(""tour"")}","source_only","medium","/organizer/tours","1"
"6b4a06da2d580294","src/components/organizer/OrganizerToursView.tsx","412","15","ui_click","","","onClick={() => void handleCreateTour(""excursion"")}","source_only","medium","/organizer/tours","1"
"3b82dbf2c9df873b","src/components/organizer/OrganizerTripOperationsPanel.tsx","179","13","browser_capability","","navigator.clipboard.writeText","navigator.clipboard.writeText(portalUrl)","source_only","high","/organizer/bookings/[id]","1"
"16c50a2e99f90a07","src/components/organizer/OrganizerTripOperationsPanel.tsx","230","19","ui_change","","","onChange={(event) => setSelectedTemplateId(event.target.value)}","source_only","medium","/organizer/bookings/[id]","1"
"fc8b967700a5de98","src/components/organizer/OrganizerTripOperationsPanel.tsx","245","15","ui_click","","","onClick={() => void handleInitWithTemplate()}","source_only","medium","/organizer/bookings/[id]","1"
"fc8f10a616be80a5","src/components/organizer/OrganizerTripOperationsPanel.tsx","299","83","ui_click","","","onClick={() => void copyPortalLink()}","source_only","medium","/organizer/bookings/[id]","1"
"3b59d416102f286b","src/components/organizer/OrganizerTripOperationsPanel.tsx","331","15","ui_change","","","onChange={(event) => setClientMessageDraft(event.target.value)}","source_only","medium","/organizer/bookings/[id]","1"
"6979f6afce8373cd","src/components/organizer/OrganizerTripOperationsPanel.tsx","340","15","ui_click","","","onClick={() => { const text = clientMessageDraft.trim(); if (!text) return; const base = ensureTripOperations(operations, booking.to","source_only","medium","/organizer/bookings/[id]","1"
"b364ceb5dbb50021","src/components/organizer/OrganizerTripOperationsPanel.tsx","361","13","ui_click","","","onClick={() => setShowClientMessageForm(true)}","source_only","medium","/organizer/bookings/[id]","1"
"a3f911bad1722aea","src/components/organizer/OrganizerTripOperationsPanel.tsx","380","15","ui_change","","","onChange={(event) => applyTemplate(event.target.value)}","source_only","medium","/organizer/bookings/[id]","1"
"4406ba2332bf182b","src/components/organizer/OrganizerTripOperationsPanel.tsx","421","21","ui_change","","","onChange={(event) => updateTask(task.id, { status: event.target.value as TripTaskStatus }) }","source_only","medium","/organizer/bookings/[id]","1"
"63cfa318858fd508","src/components/organizer/OrganizerTripOperationsPanel.tsx","437","23","ui_change","","","onChange={(event) => updateTask(task.id, { clientVisible: event.target.checked }) }","source_only","medium","/organizer/bookings/[id]","1"
"68613a432682e73a","src/components/organizer/OrganizerTripOperationsPanel.tsx","446","21","ui_click","","","onClick={() => removeTask(task.id)}","source_only","medium","/organizer/bookings/[id]","1"
"7c405dc29e58d4ff","src/components/organizer/OrganizerTripOperationsPanel.tsx","460","13","ui_change","","","onChange={(event) => setNewTaskTitle(event.target.value)}","source_only","medium","/organizer/bookings/[id]","1"
"7a92fedaeba06503","src/components/organizer/OrganizerTripOperationsPanel.tsx","462","13","ui_keydown","","","onKeyDown={(event) => { if (event.key === ""Enter"") addTask(); }}","source_only","medium","/organizer/bookings/[id]","1"
"c02ab8b718f90263","src/components/organizer/OrganizerTripOperationsPanel.tsx","466","83","ui_click","","","onClick={addTask}","source_only","medium","/organizer/bookings/[id]","1"
"125f5063157f4bc1","src/components/organizer/OrganizerTripOperationsPanel.tsx","497","19","ui_click","","","onClick={() => removeLink(link.id)}","source_only","medium","/organizer/bookings/[id]","1"
"d73f98cb942c2beb","src/components/organizer/OrganizerTripOperationsPanel.tsx","512","13","ui_change","","","onChange={(event) => setNewLinkTitle(event.target.value)}","source_only","medium","/organizer/bookings/[id]","1"
"2b2327b1cdf957d4","src/components/organizer/OrganizerTripOperationsPanel.tsx","517","13","ui_change","","","onChange={(event) => setNewLinkUrl(event.target.value)}","source_only","medium","/organizer/bookings/[id]","1"
"38baf53bc0b2658c","src/components/organizer/OrganizerTripOperationsPanel.tsx","520","74","ui_click","","","onClick={addLink}","source_only","medium","/organizer/bookings/[id]","1"
"b4a7573f18b081f3","src/components/organizer/OrganizerWaitlistDetailView.tsx","263","17","ui_change","","","onChange={(event) => setComment(event.target.value)}","source_only","medium","/organizer/waitlist/[id]","1"
"ae5edd54e9aa26bf","src/components/organizer/OrganizerWaitlistDetailView.tsx","274","17","ui_click","","","onClick={handleComment}","source_only","medium","/organizer/waitlist/[id]","1"
"97159ef5b4e66fcc","src/components/organizer/OrganizerWaitlistDetailView.tsx","297","23","ui_click","","","onClick={() => handleStatus(status)}","source_only","medium","/organizer/waitlist/[id]","1"
"d1ad6a8f0dc4e752","src/components/organizer/OrganizerWaitlistDetailView.tsx","308","23","ui_click","","","onClick={handleConvert}","source_only","medium","/organizer/waitlist/[id]","1"
"17ed5f2af4fa39b5","src/components/organizer/OrganizerWaitlistView.tsx","94","15","ui_change","","","onChange={(event) => setSearch(event.target.value)}","source_only","medium","/organizer/bookings","1"
"7a92ccf87c11bcd7","src/components/organizer/OrganizerWaitlistView.tsx","101","13","ui_change","","","onChange={(event) => setStatusFilter(event.target.value as WaitlistFilter)}","source_only","medium","/organizer/bookings","1"
"f4df590d5a29e0c9","src/components/organizer/PublishChecklistModal.tsx","77","29","ui_click","","","onClick={() => handleGoToTab(issue.tabId as OrganizerTourEditorTabId)}","source_only","medium","/organizer/tours/[id]/edit","1"
"d2d993186dfe6b2d","src/components/organizer/PublishChecklistModal.tsx","115","29","ui_click","","","onClick={() => handleGoToTab(issue.tabId as OrganizerTourEditorTabId)}","source_only","medium","/organizer/tours/[id]/edit","1"
"84434cc706db06a5","src/components/organizer/PublishChecklistModal.tsx","131","51","ui_click","","","onClick={() => onOpenChange(false)}","source_only","medium","/organizer/tours/[id]/edit","1"
"1f5835f4959dbd22","src/components/organizer/PublishChecklistModal.tsx","135","35","ui_click","","","onClick={onPublishAnyway}","source_only","medium","/organizer/tours/[id]/edit","1"
"88036e59d67c8ebc","src/components/organizer/PublishReadinessPanel.tsx","89","23","ui_click","","","onClick={() => onTabSelect(issue.tabId as OrganizerTourEditorTabId)}","source_only","medium","/organizer/tours/[id]/edit","1"
"d958d7979c76d4f3","src/components/organizer/TourAccommodationDescriptionBlock.tsx","31","9","ui_click","","","onClick={onRemove}","source_only","medium","/organizer/tours/[id]/edit","1"
"f2030f57246aec53","src/components/organizer/TourAccommodationDescriptionBlock.tsx","122","9","ui_change","","","onChange={onDescriptionChange}","source_only","medium","/organizer/tours/[id]/edit","1"
"db9e01e53b5a517e","src/components/organizer/TourAccommodationDescriptionBlock.tsx","137","37","ui_click","","","onClick={onApplySync}","source_only","medium","/organizer/tours/[id]/edit","1"
"0bec96dcb60e74ca","src/components/organizer/TourAccommodationDescriptionBlock.tsx","153","19","ui_click","","","onClick={() => setExpandedDiff((prev) => !prev)}","source_only","medium","/organizer/tours/[id]/edit","1"
"a364bec9ec435db2","src/components/organizer/TourAccommodationDescriptionBlock.tsx","180","11","ui_change","","","onChange={(event) => { const file = event.target.files?.[0]; if (file) void handleFileSelect(file); event.target.value = """"; }}","source_only","medium","/organizer/tours/[id]/edit","1"
"2c584d95539a7d2d","src/components/organizer/TourAccommodationDescriptionBlock.tsx","189","11","ui_click","","","onClick={() => fileInputRef.current?.click()}","source_only","medium","/organizer/tours/[id]/edit","1"
"69cadf9c9fab0840","src/components/organizer/TourAccommodationFooterBlock.tsx","44","13","ui_click","","","onClick={onOpenComfortTab}","source_only","medium","/organizer/tours/[id]/edit","1"
"ca1df36facbbbf08","src/components/organizer/TourAccommodationFooterBlock.tsx","68","11","ui_change","","","onChange={(event) => onCommentChange( event.target.value.slice(0, TOUR_ACCOMMODATION_ORGANIZER_COMMENT_MAX) ) }","source_only","medium","/organizer/tours/[id]/edit","1"
"177a9e7596d3a5b0","src/components/organizer/TourAccommodationPlaceEditor.tsx","67","9","ui_change","","","onChange={async (event) => { const file = event.target.files?.[0]; if (!file) return; setUploading(true); setError(null); try { ","source_only","medium","/organizer/tours/[id]/edit","1"
"7319f6c1d1f1fab0","src/components/organizer/TourAccommodationPlaceEditor.tsx","87","9","ui_click","","","onClick={() => fileInputRef.current?.click()}","source_only","medium","/organizer/tours/[id]/edit","1"
"132b39abb58d9c2d","src/components/organizer/TourAccommodationPlaceEditor.tsx","101","17","ui_click","","","onClick={() => onChange(images.filter((_, itemIndex) => itemIndex !== index))}","source_only","medium","/organizer/tours/[id]/edit","1"
"1aecd13aa005a58f","src/components/organizer/TourAccommodationPlaceEditor.tsx","161","13","ui_change","","","onChange={(event) => onChange({ ...place, nights: Math.max(1, Number(event.target.value) || 1) }) }","source_only","medium","/organizer/tours/[id]/edit","1"
"29d255b0e8f283a0","src/components/organizer/TourAccommodationPlaceEditor.tsx","170","13","ui_change","","","onChange={(event) => onChange({ ...place, fullPeriod: event.target.checked })}","source_only","medium","/organizer/tours/[id]/edit","1"
"a52e86ddbef3c429","src/components/organizer/TourAccommodationPlaceEditor.tsx","189","13","ui_change","","","onChange={(event) => onChange({ ...place, name: event.target.value })}","source_only","medium","/organizer/tours/[id]/edit","1"
"2da970f34ddb02c5","src/components/organizer/TourAccommodationPlaceEditor.tsx","202","13","ui_change","","","onChange={(event) => onChange({ ...place, accommodationType: event.target.value as OrganizerTourAccommodationPlace[""accommodationType""","source_only","medium","/organizer/tours/[id]/edit","1"
"3524ed2233bd2fc1","src/components/organizer/TourAccommodationPlaceEditor.tsx","229","13","ui_click","","","onClick={() => onChange({ ...place, displayMode: ""manual"", bookingUrl: undefined, }) }","source_only","medium","/organizer/tours/[id]/edit","1"
"8434d1ff3b41cc0e","src/components/organizer/TourAccommodationPlaceEditor.tsx","246","13","ui_click","","","onClick={() => onChange({ ...place, displayMode: ""booking_link"", roomTypes: [], }) }","source_only","medium","/organizer/tours/[id]/edit","1"
"fcd409b6fdab4a96","src/components/organizer/TourAccommodationPlaceEditor.tsx","271","17","ui_change","","","onChange={(event) => { const bookingUrl = event.target.value; onChange({ ...place, bookingUrl }); if (bookingUrl.trim() && !is","source_only","medium","/organizer/tours/[id]/edit","1"
"100535be0e273330","src/components/organizer/TourAccommodationPlaceEditor.tsx","296","17","ui_change","","","onChange={(event) => onChange({ ...place, bookingLabel: event.target.value })}","source_only","medium","/organizer/tours/[id]/edit","1"
"964dfa8c909ad2fc","src/components/organizer/TourAccommodationPlaceEditor.tsx","308","13","ui_change","","","onChange={(description) => onChange({ ...place, description })}","source_only","medium","/organizer/tours/[id]/edit","1"
"945c77d1ab9772ff","src/components/organizer/TourAccommodationPlaceEditor.tsx","329","21","ui_click","","","onClick={() => { const amenities = selected ? place.amenities.filter((item) => item !== amenity) : [...place.a","source_only","medium","/organizer/tours/[id]/edit","1"
"247806bb64be52e1","src/components/organizer/TourAccommodationPlaceEditor.tsx","350","13","ui_change","","","onChange={(roomTypes) => onChange({ ...place, roomTypes })}","source_only","medium","/organizer/tours/[id]/edit","1"
"43105190319a1af7","src/components/organizer/TourAccommodationPlaceEditor.tsx","357","11","ui_change","","","onChange={(description) => onChange({ ...place, description })}","source_only","medium","/organizer/tours/[id]/edit","1"
"8282d59346204ab6","src/components/organizer/TourAccommodationPlaceEditor.tsx","368","9","ui_change","","","onChange={(images) => onChange({ ...place, images })}","source_only","medium","/organizer/tours/[id]/edit","1"
"6d676005de266fcc","src/components/organizer/TourAccommodationPlaceEditor.tsx","374","11","ui_click","","","onClick={onRemove}","source_only","medium","/organizer/tours/[id]/edit","1"
"a3b3069053039d46","src/components/organizer/TourAccommodationPlaceEditor.tsx","384","13","ui_click","","","onClick={onMoveUp}","source_only","medium","/organizer/tours/[id]/edit","1"
"5a6fee84ae440603","src/components/organizer/TourAccommodationPlaceEditor.tsx","392","13","ui_click","","","onClick={onMoveDown}","source_only","medium","/organizer/tours/[id]/edit","1"
"02449d74901a4c90","src/components/organizer/TourAccommodationPlaceEditor.tsx","417","17","ui_click","","","onClick={() => onChange({ ...place, alternatives: place.alternatives.filter((item) => item.id !== alternative.id), ","source_only","medium","/organizer/tours/[id]/edit","1"
"a6980bfd38843756","src/components/organizer/TourAccommodationPlaceEditor.tsx","431","17","ui_change","","","onChange={(event) => onChange({ ...place, alternatives: place.alternatives.map((item) => item.id ===","source_only","medium","/organizer/tours/[id]/edit","1"
"82920ba3d9069e9a","src/components/organizer/TourAccommodationPlaceEditor.tsx","443","17","ui_change","","","onChange={(event) => onChange({ ...place, alternatives: place.alternatives.map((item) => item.id ===","source_only","medium","/organizer/tours/[id]/edit","1"
"68e5774d61f0d02a","src/components/organizer/TourAccommodationPlaceEditor.tsx","469","15","ui_change","","","onChange={(event) => onChange({ ...place, alternatives: place.alternatives.map((item) => item.id === alterna","source_only","medium","/organizer/tours/[id]/edit","1"
"5a5121dfc7754768","src/components/organizer/TourAccommodationPlaceEditor.tsx","488","13","ui_click","","","onClick={addAlternative}","source_only","medium","/organizer/tours/[id]/edit","1"
"ec861193d3fec060","src/components/organizer/TourAccommodationPlacesBlock.tsx","65","15","ui_change","","","onChange={(next) => updateAt(index, next)}","source_only","medium","/organizer/tours/[id]/edit","1"
"296963543e7d3f2c","src/components/organizer/TourAccommodationPlacesBlock.tsx","77","11","ui_click","","","onClick={addPlace}","source_only","medium","/organizer/tours/[id]/edit","1"
"e8ea68efa77e2088","src/components/organizer/TourAccommodationRoomTypesEditor.tsx","46","15","ui_click","","","onClick={() => onChange(roomTypes.filter((item) => item.id !== room.id))}","source_only","medium","/organizer/tours/[id]/edit","1"
"57c3b2a384b40e55","src/components/organizer/TourAccommodationRoomTypesEditor.tsx","60","17","ui_change","","","onChange={(event) => updateAt(index, { ...room, name: event.target.value })}","source_only","medium","/organizer/tours/[id]/edit","1"
"ba71562834faefd2","src/components/organizer/TourAccommodationRoomTypesEditor.tsx","77","17","ui_change","","","onChange={(event) => updateAt(index, { ...room, capacity: Math.max(1, Number(event.target.value) || 1), ","source_only","medium","/organizer/tours/[id]/edit","1"
"763ec597ea95726d","src/components/organizer/TourAccommodationRoomTypesEditor.tsx","92","15","ui_change","","","onChange={(event) => updateAt(index, { ...room, description: event.target.value })}","source_only","medium","/organizer/tours/[id]/edit","1"
"3b77591d4fb1df9c","src/components/organizer/TourAccommodationRoomTypesEditor.tsx","106","15","ui_change","","","onChange={(event) => updateAt(index, { ...room, priceUsdPerPerson: Math.max(0, Number(event.target.value) || 0), ","source_only","medium","/organizer/tours/[id]/edit","1"
"052f6e4900a710d7","src/components/organizer/TourAccommodationRoomTypesEditor.tsx","120","11","ui_click","","","onClick={addRoomType}","source_only","medium","/organizer/tours/[id]/edit","1"
"2a291cb7e1ae31ce","src/components/organizer/TourAccommodationSettingsBlock.tsx","25","11","ui_change","","","onChange={(event) => onChange(event.target.checked)}","source_only","medium","/organizer/tours/[id]/edit","1"
"76721ede9788e746","src/components/organizer/TourAccommodationVariantsBlock.tsx","41","13","ui_click","","","onClick={onClose}","source_only","medium","/organizer/tours/[id]/edit","1"
"bfcf95fbeb02313f","src/components/organizer/TourAccommodationVariantsBlock.tsx","109","35","ui_click","","","onClick={onReplaceAll}","source_only","medium","/organizer/tours/[id]/edit","1"
"ee53342a736a362d","src/components/organizer/TourAccommodationVariantsBlock.tsx","122","13","ui_click","","","onClick={() => setModalOpen(true)}","source_only","medium","/organizer/tours/[id]/edit","1"
"f5041e43cc32c9d0","src/components/organizer/TourArrivalDepartureBlock.tsx","41","9","ui_change","","","onChange={(event) => onChange(event.target.value)}","source_only","medium","/organizer/tours/[id]/edit","1"
"4042a1054e439498","src/components/organizer/TourArrivalDepartureBlock.tsx","69","9","ui_change","","","onChange={(event) => onChange(event.target.value)}","source_only","medium","/organizer/tours/[id]/edit","1"
"7ec59c72a781e607","src/components/organizer/TourArrivalDepartureBlock.tsx","114","11","ui_change","","","onChange={(event) => onChange({ ...city, city: event.target.value })}","source_only","medium","/organizer/tours/[id]/edit","1"
"9d914351d8b9f3a9","src/components/organizer/TourArrivalDepartureBlock.tsx","170","19","ui_change","","","onChange={(arrivalDay) => onChange({ ...city, plane: { ...city.plane, ","source_only","medium","/organizer/tours/[id]/edit","1"
"365fdd0894d478ba","src/components/organizer/TourArrivalDepartureBlock.tsx","183","19","ui_change","","","onChange={(latestArrivalTime) => onChange({ ...city, plane: { ...city.plane, latestArrivalTime }, ","source_only","medium","/organizer/tours/[id]/edit","1"
"02f1af884357321f","src/components/organizer/TourArrivalDepartureBlock.tsx","197","19","ui_change","","","onChange={(departureDay) => onChange({ ...city, plane: { ...city.plane, ","source_only","medium","/organizer/tours/[id]/edit","1"
"d02066e141daec01","src/components/organizer/TourArrivalDepartureBlock.tsx","210","19","ui_change","","","onChange={(earliestDepartureTime) => onChange({ ...city, plane: { ...city.plane, earliestDepartureTime }, ","source_only","medium","/organizer/tours/[id]/edit","1"
"2ac4bdce03503387","src/components/organizer/TourArrivalDepartureBlock.tsx","256","13","ui_change","","","onChange={(event) => onChange({ ...city, comment: event.target.value })}","source_only","medium","/organizer/tours/[id]/edit","1"
"928a296b9a98eb25","src/components/organizer/TourArrivalDepartureBlock.tsx","266","11","ui_click","","","onClick={onRemove}","source_only","medium","/organizer/tours/[id]/edit","1"
"6b97efbf6b496a01","src/components/organizer/TourArrivalDepartureBlock.tsx","307","15","ui_change","","","onChange={(next) => onChange(updateCity(cities, city.id, next))}","source_only","medium","/organizer/tours/[id]/edit","1"
"a30854ae529156d0","src/components/organizer/TourArrivalDepartureBlock.tsx","315","15","ui_click","","","onClick={() => onChange([...cities, createEmptyArrivalDepartureCity()])}","source_only","medium","/organizer/tours/[id]/edit","1"
"7b9df05fb6765fb3","src/components/organizer/TourArrivalDetailsBlock.tsx","50","9","ui_change","","","onChange={(event) => onChange(event.target.value)}","source_only","medium","/organizer/tours/[id]/edit","1"
"bb9c1c1bdc91eb8e","src/components/organizer/TourArrivalDetailsBlock.tsx","87","13","ui_change","","","onChange={(arrivalAirportsText) => onChange({ arrivalAirportsText })}","source_only","medium","/organizer/tours/[id]/edit","1"
"db1fa2a6bb1eebb4","src/components/organizer/TourArrivalDetailsBlock.tsx","96","13","ui_change","","","onChange={(arrivalTransfersText) => onChange({ arrivalTransfersText })}","source_only","medium","/organizer/tours/[id]/edit","1"
"fd742d2b518d8d93","src/components/organizer/TourArrivalDetailsBlock.tsx","107","15","ui_change","","","onChange={(event) => onChange({ arrivalMeetingPoint: event.target.value })}","source_only","medium","/organizer/tours/[id]/edit","1"
"3a614743a62b705c","src/components/organizer/TourCancellationBlock.tsx","70","13","ui_change","","","onChange={(event) => onCustomTextChange(event.target.value)}","source_only","medium","/organizer/tours/[id]/edit","1"
"83373c4eb15faadc","src/components/organizer/TourCheckoutPaymentOptionsBlock.tsx","88","17","ui_change","","","onChange={(event) => toggleOption(id, event.target.checked)}","source_only","medium","/organizer/tours/[id]/edit","1"
"639318eadff9fac4","src/components/organizer/TourCheckoutPaymentOptionsBlock.tsx","111","13","ui_change","","","onChange={(event) => { const value = Math.min(100, Math.max(1, Number(event.target.value) || 10)); onChange({ ...options, depositPercent: value }); ","source_only","medium","/organizer/tours/[id]/edit","1"
"b72c267422bd2756","src/components/organizer/TourComfortBlock.tsx","91","17","ui_change","","","onChange={() => toggleLevel(level)}","source_only","medium","/organizer/tours/[id]/edit","1"
"86495d4526e73b45","src/components/organizer/TourCurrencyBlock.tsx","59","11","ui_change","","","onChange={(event) => onCurrencyChange(event.target.value as CurrencyCode)}","source_only","medium","/organizer/tours/[id]/edit","1"
"ae61b8f495599aa0","src/components/organizer/TourCurrencyBlock.tsx","83","15","ui_change","","","onChange={(event) => onReferencePriceChange(Math.max(0, Number(event.target.value) || 0)) }","source_only","medium","/organizer/tours/[id]/edit","1"
"ccf6962695ff214a","src/components/organizer/TourCustomBookingLinkBlock.tsx","61","15","ui_change","","","onChange={(event) => onChange({ ...settings, url: event.target.value.slice(0, ORGANIZER_CUSTOM_BOOKING_URL_MAX) }) }","source_only","medium","/organizer/tours/[id]/edit","1"
"853b7a3a6ddb8c90","src/components/organizer/TourCustomBookingLinkBlock.tsx","79","15","ui_change","","","onChange={(event) => onChange({ ...settings, label: event.target.value.slice(0, ORGANIZER_CUSTOM_BOOKING_LABEL_MAX), ","source_only","medium","/organizer/tours/[id]/edit","1"
"c69a0e3f2490b79d","src/components/organizer/TourCustomBookingLinkBlock.tsx","96","15","ui_change","","","onChange={(event) => onChange({ ...settings, hint: event.target.value.slice(0, ORGANIZER_CUSTOM_BOOKING_HINT_MAX), ","source_only","medium","/organizer/tours/[id]/edit","1"
"cd9f9141eab6fd7a","src/components/organizer/TourDetailLayoutOrderPanel.tsx","57","11","ui_click","","","onClick={() => onChange(undefined)}","source_only","medium","/organizer/tours/[id]/edit","1"
"c1b16b4254552b0c","src/components/organizer/TourDetailLayoutOrderPanel.tsx","82","17","ui_click","","","onClick={() => move(index, -1)}","source_only","medium","/organizer/tours/[id]/edit","1"
"c44119f5b8f78220","src/components/organizer/TourDetailLayoutOrderPanel.tsx","93","17","ui_click","","","onClick={() => move(index, 1)}","source_only","medium","/organizer/tours/[id]/edit","1"
"235a681b128c2093","src/components/organizer/TourDifficultyBlock.tsx","57","17","ui_change","","","onChange={() => onDifficultyLevelChange(level)}","source_only","medium","/organizer/tours/[id]/edit","1"
"3e1d76630ad64b23","src/components/organizer/TourDifficultyBlock.tsx","96","11","ui_change","","","onChange={onDifficultyDescriptionChange}","source_only","medium","/organizer/tours/[id]/edit","1"
"7d2010579884011e","src/components/organizer/TourDiscountBlock.tsx","49","17","ui_change","","","onChange={() => toggleDiscount(id)}","source_only","medium","/organizer/tours/[id]/edit","1"
"bde3f246246b7263","src/components/organizer/TourEditorLivePreview.tsx","114","13","ui_click","","","onClick={onOpenFullPreview}","source_only","medium","/organizer/tours/[id]/edit","1"
"4f89fcf0eef02cf6","src/components/organizer/TourEditorMobileBar.tsx","43","15","ui_click","","","onClick={() => onChange(panel.id)}","source_only","medium","/organizer/tours/[id]/edit","1"
"abcdbac909a30efc","src/components/organizer/TourFAQBlock.tsx","118","15","ui_drop","","","onDrop={(event) => handleDrop(index, event)}","source_only","medium","/organizer/tours/[id]/edit","1"
"b6644359f45f668d","src/components/organizer/TourFAQBlock.tsx","147","19","ui_click","","","onClick={() => removeAt(index)}","source_only","medium","/organizer/tours/[id]/edit","1"
"ac355d2b24d03a55","src/components/organizer/TourFAQBlock.tsx","178","23","ui_change","","","onChange={(event) => updateAt(index, { ...item, question: event.target.value })}","source_only","medium","/organizer/tours/[id]/edit","1"
"c88630466c9aa107","src/components/organizer/TourFAQBlock.tsx","190","21","ui_change","","","onChange={(answer) => updateAt(index, { ...item, answer })}","source_only","medium","/organizer/tours/[id]/edit","1"
"cde02bc38b5fd167","src/components/organizer/TourFAQBlock.tsx","205","11","ui_click","","","onClick={addItem}","source_only","medium","/organizer/tours/[id]/edit","1"
"d4856cba08e480a7","src/components/organizer/TourGeneralDescriptionBlock.tsx","47","9","ui_change","","","onChange={onChange}","source_only","medium","/organizer/tours/[id]/edit","1"
"9f0de643e95f70e9","src/components/organizer/TourGeneralDescriptionBlock.tsx","62","37","ui_click","","","onClick={onApplySync}","source_only","medium","/organizer/tours/[id]/edit","1"
"5016ac365f00499f","src/components/organizer/TourGeneralDescriptionBlock.tsx","78","19","ui_click","","","onClick={() => setExpandedDiff((prev) => !prev)}","source_only","medium","/organizer/tours/[id]/edit","1"
"fbada8b59514b5f6","src/components/organizer/TourGeographyBlock.tsx","76","19","ui_click","","","onClick={() => onChange(toggleItem(selected, option))}","source_only","medium","/organizer/tours/[id]/edit","1"
"36b8aedeea669293","src/components/organizer/TourGeographyBlock.tsx","92","15","ui_click","","","onClick={() => setOpen(false)}","source_only","medium","/organizer/tours/[id]/edit","1"
"992315f1b1cb0d36","src/components/organizer/TourGeographyBlock.tsx","146","19","ui_click","","","onClick={() => { onChange(option); setOpen(false); }}","source_only","medium","/organizer/tours/[id]/edit","1"
"932af5f88e15ccf4","src/components/organizer/TourGeographyBlock.tsx","188","11","ui_change","","","onChange={(event) => onChange(event.target.value)}","source_only","medium","/organizer/tours/[id]/edit","1"
"0201f9108681c22d","src/components/organizer/TourGeographyBlock.tsx","194","13","ui_click","","","onClick={() => onChange("""")}","source_only","medium","/organizer/tours/[id]/edit","1"
"2db672a64f4a6321","src/components/organizer/TourGeographyBlock.tsx","252","13","ui_change","","","onChange={(next) => onChange({ countries: next })}","source_only","medium","/organizer/tours/[id]/edit","1"
"a27dcfb25e82afdf","src/components/organizer/TourGeographyBlock.tsx","259","13","ui_change","","","onChange={(next) => onChange({ cities: next })}","source_only","medium","/organizer/tours/[id]/edit","1"
"033c9d25f35151cb","src/components/organizer/TourGeographyBlock.tsx","267","13","ui_change","","","onChange={(next) => onChange({ mainLocation: next })}","source_only","medium","/organizer/tours/[id]/edit","1"
"31c245998fd03ed1","src/components/organizer/TourGeographyBlock.tsx","278","13","ui_change","","","onChange={(next) => onChange({ touristRegions: next })}","source_only","medium","/organizer/tours/[id]/edit","1"
"aff5669aadd52d1a","src/components/organizer/TourGeographyBlock.tsx","285","13","ui_change","","","onChange={(next) => onChange({ landmarks: next })}","source_only","medium","/organizer/tours/[id]/edit","1"
"200cf73535b0b8fd","src/components/organizer/TourGeographyBlock.tsx","295","11","ui_change","","","onChange={(next) => onChange({ mapStartPoint: next })}","source_only","medium","/organizer/tours/[id]/edit","1"
"1e785968a59f5a2a","src/components/organizer/TourGroupDatesAddModal.tsx","89","9","ui_change","","","onChange={onChange ? (event) => onChange(event.target.value) : undefined}","source_only","medium","/organizer/tours/[id]/edit","1"
"f62fc2aeb09b9a14","src/components/organizer/TourGroupDatesAddModal.tsx","244","13","ui_click","","","onClick={onClose}","source_only","medium","/organizer/tours/[id]/edit","1"
"0fb0b53363165d3a","src/components/organizer/TourGroupDatesAddModal.tsx","274","25","ui_change","","","onChange={(value) => updateTrip(trip.id, { startDate: value })}","source_only","medium","/organizer/tours/[id]/edit","1"
"c8fe53f5b8d66033","src/components/organizer/TourGroupDatesAddModal.tsx","288","27","ui_change","","","onChange={(event) => updateTrip(trip.id, { priceUsd: Math.max(0, Number(event.target.value) || 0), ","source_only","medium","/organizer/tours/[id]/edit","1"
"f8a065ec61fa9b68","src/components/organizer/TourGroupDatesAddModal.tsx","297","25","ui_click","","","onClick={() => removeTrip(trip.id)}","source_only","medium","/organizer/tours/[id]/edit","1"
"0790101a82d69475","src/components/organizer/TourGroupDatesAddModal.tsx","313","19","ui_change","","","onChange={(event) => setForm((current) => ({ ...current, repeatDepartures: event.target.checked })) }","source_only","medium","/organizer/tours/[id]/edit","1"
"5f209a95e6d827ee","src/components/organizer/TourGroupDatesAddModal.tsx","323","17","ui_click","","","onClick={addTrip}","source_only","medium","/organizer/tours/[id]/edit","1"
"105478cc318838d7","src/components/organizer/TourGroupDatesAddModal.tsx","350","23","ui_change","","","onChange={(event) => { const priceUsd = Math.max(0, Number(event.target.value) || 0); setForm((current) => ({ ","source_only","medium","/organizer/tours/[id]/edit","1"
"2e4e75839420c7d3","src/components/organizer/TourGroupDatesAddModal.tsx","378","21","ui_change","","","onChange={(event) => setForm((current) => ({ ...current, fullPaymentDaysBefore: Number(event.target.value) || ","source_only","medium","/organizer/tours/[id]/edit","1"
"aa4df409f1fb7b7d","src/components/organizer/TourGroupDatesAddModal.tsx","399","21","ui_change","","","onChange={(event) => setForm((current) => ({ ...current, prepaymentAmount: Number(event.target.value) || 0, ","source_only","medium","/organizer/tours/[id]/edit","1"
"4ad51fafb0beb6e2","src/components/organizer/TourGroupDatesAddModal.tsx","411","21","ui_change","","","onChange={(event) => setForm((current) => ({ ...current, prepaymentType: event.target.value as OrganizerPrepay","source_only","medium","/organizer/tours/[id]/edit","1"
"cbf261cf95684d1f","src/components/organizer/TourGroupDatesAddModal.tsx","428","17","ui_change","","","onChange={(applyDiscount) => setForm((current) => ({ ...current, applyDiscount }))}","source_only","medium","/organizer/tours/[id]/edit","1"
"6c6d5d1f904eca26","src/components/organizer/TourGroupDatesAddModal.tsx","443","21","ui_change","","","onChange={(event) => setForm((current) => ({ ...current, totalSeats: Number(event.target.value) || 0, ","source_only","medium","/organizer/tours/[id]/edit","1"
"bb7a7c07431b619d","src/components/organizer/TourGroupDatesAddModal.tsx","457","21","ui_change","","","onChange={(event) => setForm((current) => ({ ...current, spotsLeft: Number(event.target.value) || 0, ","source_only","medium","/organizer/tours/[id]/edit","1"
"9c5ebe2702ae66fd","src/components/organizer/TourGroupDatesAddModal.tsx","471","19","ui_change","","","onChange={(notGuaranteed) => setForm((current) => ({ ...current, notGuaranteed })) }","source_only","medium","/organizer/tours/[id]/edit","1"
"77672f071adaffa5","src/components/organizer/TourGroupDatesAddModal.tsx","480","19","ui_change","","","onChange={(flightIncluded) => setForm((current) => ({ ...current, flightIncluded })) }","source_only","medium","/organizer/tours/[id]/edit","1"
"1346970cc6c7590f","src/components/organizer/TourGroupDatesAddModal.tsx","502","53","ui_click","","","onClick={onClose}","source_only","medium","/organizer/tours/[id]/edit","1"
"bd75731734abe68b","src/components/organizer/TourGroupDatesAddModal.tsx","506","35","ui_click","","","onClick={handleSubmit}","source_only","medium","/organizer/tours/[id]/edit","1"
"30a87a0dc529a11a","src/components/organizer/TourGroupDatesBlock.tsx","69","30","http_request","GET","/api/organizer/tours/[tourId]/availability","fetch(`/api/organizer/tours/${encodeURIComponent(tourId)}/availability`, { method: ""GET"", credentials: ""same-origin"", })","source_only","high","/organizer/tours/[id]/edit","1"
"ea4ed1712e767499","src/components/organizer/TourGroupDatesBlock.tsx","108","30","http_request","PUT","/api/organizer/tours/[tourId]/availability","fetch(`/api/organizer/tours/${encodeURIComponent(tourId)}/availability`, { method: ""PUT"", headers: { ""Content-Type"": ""application/json"" }, credentials: ""sam","source_only","high","/organizer/tours/[id]/edit","1"
"ce93beb2b2f7221f","src/components/organizer/TourGroupDatesBlock.tsx","175","17","ui_drop","","","onDrop={(event) => reorder.onDrop(index, event)}","source_only","medium","/organizer/tours/[id]/edit","1"
"d1e750d20d23103b","src/components/organizer/TourGroupDatesBlock.tsx","182","19","ui_change","","","onChange={(next) => updateAt(index, next)}","source_only","medium","/organizer/tours/[id]/edit","1"
"352982a55dcc597d","src/components/organizer/TourGroupDatesBlock.tsx","213","19","ui_click","","","onClick={() => void refreshInventory()}","source_only","medium","/organizer/tours/[id]/edit","1"
"760ae89104698dcc","src/components/organizer/TourGroupDatesBlock.tsx","222","19","ui_click","","","onClick={() => void syncInventoryToDb()}","source_only","medium","/organizer/tours/[id]/edit","1"
"ffb04ca9957c358a","src/components/organizer/TourGroupDatesBlock.tsx","236","33","ui_click","","","onClick={() => setModalOpen(true)}","source_only","medium","/organizer/tours/[id]/edit","1"
"0b062da0a7603acf","src/components/organizer/TourGroupDiscountBlock.tsx","91","23","ui_click","","","onClick={() => patchSettings({ tiers: settings.tiers.filter((item) => item.id !== tier.id) }) }","source_only","medium","/organizer/tours/[id]/edit","1"
"7580fb83083ff4a7","src/components/organizer/TourGroupDiscountBlock.tsx","110","25","ui_change","","","onChange={(event) => patchSettings({ tiers: updateTier(settings.tiers, tier.id, { minGuests: Mat","source_only","medium","/organizer/tours/[id]/edit","1"
"490bacbeab3d3720","src/components/organizer/TourGroupDiscountBlock.tsx","128","25","ui_change","","","onChange={(event) => { const raw = event.target.value.trim(); patchSettings({ tiers: updateTier(sett","source_only","medium","/organizer/tours/[id]/edit","1"
"e3795bdb96888729","src/components/organizer/TourGroupDiscountBlock.tsx","147","25","ui_change","","","onChange={(event) => patchSettings({ tiers: updateTier(settings.tiers, tier.id, { discountType: ","source_only","medium","/organizer/tours/[id]/edit","1"
"d2ddbbb1de97407f","src/components/organizer/TourGroupDiscountBlock.tsx","172","25","ui_change","","","onChange={(event) => patchSettings({ tiers: updateTier(settings.tiers, tier.id, { value: Math.ma","source_only","medium","/organizer/tours/[id]/edit","1"
"3f1c423e48ebbd5d","src/components/organizer/TourGroupDiscountBlock.tsx","198","51","ui_click","","","onClick={addTier}","source_only","medium","/organizer/tours/[id]/edit","1"
"88d731575543b7ce","src/components/organizer/TourGuideCreateModal.tsx","166","7","form_submit","POST","handler","<form className=""flex flex-col overflow-hidden"" onSubmit={handleSubmit} >","source_only","medium","/organizer/settings|/organizer/tours/[id]/edit","2"
"c7e4472bbae2d8d9","src/components/organizer/TourGuideCreateModal.tsx","183","13","ui_click","","","onClick={onClose}","source_only","medium","/organizer/settings|/organizer/tours/[id]/edit","2"
"2dab97db6bcfa2a1","src/components/organizer/TourGuideCreateModal.tsx","198","19","ui_click","","","onClick={() => setAvatar("""")}","source_only","medium","/organizer/settings|/organizer/tours/[id]/edit","2"
"d2a41d89dd2005a0","src/components/organizer/TourGuideCreateModal.tsx","215","17","ui_change","","","onChange={(event) => { const file = event.target.files?.[0]; if (file) void handleFileSelect(file); event.target.value = """"; ","source_only","medium","/organizer/settings|/organizer/tours/[id]/edit","2"
"e26bd0be0c1c1687","src/components/organizer/TourGuideCreateModal.tsx","224","17","ui_click","","","onClick={() => fileInputRef.current?.click()}","source_only","medium","/organizer/settings|/organizer/tours/[id]/edit","2"
"c470f446d470d511","src/components/organizer/TourGuideCreateModal.tsx","234","19","ui_change","","","onChange={(event) => setUrlInput(event.target.value)}","source_only","medium","/organizer/settings|/organizer/tours/[id]/edit","2"
"57dbe2058af78ecd","src/components/organizer/TourGuideCreateModal.tsx","237","19","ui_keydown","","","onKeyDown={(event) => { if (event.key === ""Enter"") { event.preventDefault(); void handleUrlUpload(); ","source_only","medium","/organizer/settings|/organizer/tours/[id]/edit","2"
"88e728f9615c39f0","src/components/organizer/TourGuideCreateModal.tsx","247","19","ui_click","","","onClick={() => void handleUrlUpload()}","source_only","medium","/organizer/settings|/organizer/tours/[id]/edit","2"
"f7e2da66718d9813","src/components/organizer/TourGuideCreateModal.tsx","265","17","ui_change","","","onChange={(event) => setLastName(event.target.value)}","source_only","medium","/organizer/settings|/organizer/tours/[id]/edit","2"
"9873f54e1e7df9d8","src/components/organizer/TourGuideCreateModal.tsx","276","17","ui_change","","","onChange={(event) => setFirstName(event.target.value)}","source_only","medium","/organizer/settings|/organizer/tours/[id]/edit","2"
"594cfb7503b3f571","src/components/organizer/TourGuideCreateModal.tsx","291","15","ui_change","","","onChange={(event) => setBio(event.target.value.slice(0, ORGANIZER_TOUR_GUIDE_BIO_MAX)) }","source_only","medium","/organizer/settings|/organizer/tours/[id]/edit","2"
"ed5bcd7bd2779c5b","src/components/organizer/TourGuideCreateModal.tsx","310","51","ui_click","","","onClick={onClose}","source_only","medium","/organizer/settings|/organizer/tours/[id]/edit","2"
"2586505a33a6479e","src/components/organizer/TourGuidesBlock.tsx","81","9","ui_click","","","onClick={onRemove}","source_only","medium","/organizer/tours/[id]/edit","1"
"478c0b673d5e81cf","src/components/organizer/TourGuidesBlock.tsx","273","19","ui_click","","","onClick={addTourAuthor}","source_only","medium","/organizer/tours/[id]/edit","1"
"f54c2081154aef1f","src/components/organizer/TourGuidesBlock.tsx","292","19","ui_click","","","onClick={() => addGuide(guide)}","source_only","medium","/organizer/tours/[id]/edit","1"
"9e03a9bf09273609","src/components/organizer/TourGuidesBlock.tsx","317","17","ui_click","","","onClick={openCreateModal}","source_only","medium","/organizer/tours/[id]/edit","1"
"0d0b5c3ddf50e88a","src/components/organizer/TourImpressionsBlock.tsx","78","15","ui_click","","","onClick={() => onChange("""")}","source_only","medium","/organizer/tours/[id]/edit","1"
"837756175b8991e0","src/components/organizer/TourImpressionsBlock.tsx","98","11","ui_change","","","onChange={(event) => { const file = event.target.files?.[0]; if (file) void handleFile(file); event.target.value = """"; }}","source_only","medium","/organizer/tours/[id]/edit","1"
"06105de8e996781a","src/components/organizer/TourImpressionsBlock.tsx","107","11","ui_click","","","onClick={() => fileInputRef.current?.click()}","source_only","medium","/organizer/tours/[id]/edit","1"
"7342dbcc984f1abd","src/components/organizer/TourImpressionsBlock.tsx","152","7","ui_drop","","","onDrop={(event) => onDrop(index, event)}","source_only","medium","/organizer/tours/[id]/edit","1"
"fee6e954f9e25dff","src/components/organizer/TourImpressionsBlock.tsx","181","11","ui_click","","","onClick={onRemove}","source_only","medium","/organizer/tours/[id]/edit","1"
"478f4e9b4ffcacbd","src/components/organizer/TourImpressionsBlock.tsx","211","13","ui_change","","","onChange={(event) => onChange({ ...impression, title: event.target.value.slice(0, ORGANIZER_TOUR_IMPRESSION_TITLE_MAX), ","source_only","medium","/organizer/tours/[id]/edit","1"
"d890c0a67301e5e4","src/components/organizer/TourImpressionsBlock.tsx","236","13","ui_change","","","onChange={(event) => onChange({ ...impression, description: event.target.value.slice(0, ORGANIZER_TOUR_IMPRESSION_DESCRIPTION_MAX), ","source_only","medium","/organizer/tours/[id]/edit","1"
"09941bcf4e88f625","src/components/organizer/TourImpressionsBlock.tsx","254","11","ui_change","","","onChange={(image) => onChange({ ...impression, image })}","source_only","medium","/organizer/tours/[id]/edit","1"
"b82de11abf8d10ed","src/components/organizer/TourImpressionsBlock.tsx","274","15","ui_change","","","onChange={(extendedSchedule) => onChange({ ...impression, extendedSchedule })}","source_only","medium","/organizer/tours/[id]/edit","1"
"193434b04ca3e6cc","src/components/organizer/TourImpressionsBlock.tsx","400","13","ui_change","","","onChange={(next) => updateAt(index, next)}","source_only","medium","/organizer/tours/[id]/edit","1"
"907a29e3ef8404fa","src/components/organizer/TourImpressionsBlock.tsx","405","13","ui_drop","","","onDrop={handleDrop}","source_only","medium","/organizer/tours/[id]/edit","1"
"202a13a77e5dd98c","src/components/organizer/TourImpressionsBlock.tsx","413","11","ui_click","","","onClick={addImpression}","source_only","medium","/organizer/tours/[id]/edit","1"
"3373e8414f707edc","src/components/organizer/TourIndividualBlock.tsx","78","17","ui_change","","","onChange={(event) => onPeriodFromChange(event.target.value)}","source_only","medium","/organizer/tours/[id]/edit","1"
"f710baebef9af538","src/components/organizer/TourIndividualBlock.tsx","92","17","ui_change","","","onChange={(event) => onPeriodToChange(event.target.value)}","source_only","medium","/organizer/tours/[id]/edit","1"
"0dee973d266b6ab5","src/components/organizer/TourIndividualBlock.tsx","106","17","ui_change","","","onChange={(event) => onPriceChange(Number(event.target.value) || 0)}","source_only","medium","/organizer/tours/[id]/edit","1"
"663ba0d4c7e9350e","src/components/organizer/TourInsuranceBlock.tsx","39","11","ui_change","","","onChange={(event) => onInsuranceTypeChange(event.target.value as OrganizerTourInsuranceType) }","source_only","medium","/organizer/tours/[id]/edit","1"
"a8ffe9c70399aed7","src/components/organizer/TourInsuranceBlock.tsx","68","13","ui_change","","","onChange={(event) => onInsuranceDescriptionChange(event.target.value)}","source_only","medium","/organizer/tours/[id]/edit","1"
"6f0f80621b633cf9","src/components/organizer/TourItineraryFooterBlock.tsx","42","13","ui_click","","","onClick={onOpenMainTab}","source_only","medium","/organizer/tours/[id]/edit","1"
"220ebb5e99625b27","src/components/organizer/TourItineraryFooterBlock.tsx","66","11","ui_change","","","onChange={(event) => onCommentChange(event.target.value.slice(0, TOUR_ITINERARY_ORGANIZER_COMMENT_MAX)) }","source_only","medium","/organizer/tours/[id]/edit","1"
"a2d38f889d57004d","src/components/organizer/TourLeisureTypesBlock.tsx","38","15","ui_click","","","onClick={() => onToggle(type)}","source_only","medium","/organizer/tours/[id]/edit","1"
"df1d05b9b0c6d64d","src/components/organizer/TourLeisureTypesBlock.tsx","53","11","ui_click","","","onClick={onClose}","source_only","medium","/organizer/tours/[id]/edit","1"
"e50efc71c2861fac","src/components/organizer/TourLeisureTypesBlock.tsx","80","15","ui_click","","","onClick={() => onToggle(label)}","source_only","medium","/organizer/tours/[id]/edit","1"
"1c65e6fd76f4b078","src/components/organizer/TourLeisureTypesBlock.tsx","94","11","ui_click","","","onClick={onClose}","source_only","medium","/organizer/tours/[id]/edit","1"
"0476fece1469f4c9","src/components/organizer/TourLeisureTypesBlock.tsx","151","21","ui_click","","","onClick={() => { onActivityTypeChange(type); setMainOpen(false); }}","source_only","medium","/organizer/tours/[id]/edit","1"
"6fffc5bdff41d3d0","src/components/organizer/TourPackingListBlock.tsx","34","11","ui_change","","","onChange={onChange}","source_only","medium","/organizer/tours/[id]/edit","1"
"6137caabd3533429","src/components/organizer/TourParticipantRecommendationsBlock.tsx","20","7","ui_change","","","onChange={onChange}","source_only","medium","/organizer/tours/[id]/edit","1"
"afc15b6a2b7423b4","src/components/organizer/TourPhotosBlock.tsx","56","9","ui_click","","","onClick={onRemove}","source_only","medium","/organizer/tours/[id]/edit","1"
"3dde9708e22b28c5","src/components/organizer/TourPhotosBlock.tsx","91","9","ui_change","","","onChange={(event) => { const file = event.target.files?.[0]; if (file) onUploadFile(file); event.target.value = """"; }}","source_only","medium","/organizer/tours/[id]/edit","1"
"4dac403ba3fa01b9","src/components/organizer/TourPhotosBlock.tsx","100","9","ui_click","","","onClick={() => fileInputRef.current?.click()}","source_only","medium","/organizer/tours/[id]/edit","1"
"fd4628b73b1953d8","src/components/organizer/TourPhotosBlock.tsx","306","17","ui_change","","","onChange={(event) => { const file = event.target.files?.[0]; if (file) void handleGalleryFile(file); event.target.value = """"; ","source_only","medium","/organizer/tours/[id]/edit","1"
"fe1eafa52309ebc7","src/components/organizer/TourPhotosBlock.tsx","315","17","ui_click","","","onClick={() => galleryInputRef.current?.click()}","source_only","medium","/organizer/tours/[id]/edit","1"
"9ae5368c4229f9c4","src/components/organizer/TourPrivateTripsBlock.tsx","54","13","browser_capability","","navigator.clipboard.writeText","navigator.clipboard.writeText(privateLink)","source_only","high","/organizer/tours/[id]/edit","1"
"18033b1cbd98e110","src/components/organizer/TourPrivateTripsBlock.tsx","107","63","ui_click","","","onClick={copyLink}","source_only","medium","/organizer/tours/[id]/edit","1"
"6c78175de6d1ab41","src/components/organizer/TourPrivateTripsBlock.tsx","115","15","ui_click","","","onClick={() => onChange({ isPrivate: true, privateAccessToken: generatePrivateAccessToken(), }) }","source_only","medium","/organizer/tours/[id]/edit","1"
"dbe5516a6f668b75","src/components/organizer/TourProgramBlock.tsx","145","17","ui_click","","","onClick={() => onRouteMapChange("""")}","source_only","medium","/organizer/tours/[id]/edit","1"
"72023eb75fb9a45e","src/components/organizer/TourProgramBlock.tsx","160","13","ui_change","","","onChange={(event) => { const file = event.target.files?.[0]; if (file) void handleMapFile(file); event.target.value = """"; }}","source_only","medium","/organizer/tours/[id]/edit","1"
"066fdc0cc62fef19","src/components/organizer/TourProgramBlock.tsx","169","13","ui_click","","","onClick={() => fileInputRef.current?.click()}","source_only","medium","/organizer/tours/[id]/edit","1"
"21385f604e523130","src/components/organizer/TourProgramBlock.tsx","183","9","ui_change","","","onChange={onRoutePointsChange}","source_only","medium","/organizer/tours/[id]/edit","1"
"b79909ce3ed8029c","src/components/organizer/TourProgramBlock.tsx","217","13","ui_drop","","","onDrop={(event) => reorder.onDrop(index, event)}","source_only","medium","/organizer/tours/[id]/edit","1"
"e138a89b4aded8ee","src/components/organizer/TourProgramBlock.tsx","231","15","ui_change","","","onChange={(next) => updateAt(index, next)}","source_only","medium","/organizer/tours/[id]/edit","1"
"c28c87cd364ee594","src/components/organizer/TourProgramDayActivitiesEditor.tsx","87","13","ui_change","","","onChange={(event) => setQuery(event.target.value)}","source_only","medium","/organizer/tours/[id]/edit","1"
"9ab7aaaf4af1f1a1","src/components/organizer/TourProgramDayActivitiesEditor.tsx","107","25","ui_click","","","onClick={() => { onChange(kind); setOpen(false); setQuery(""""); }}","source_only","medium","/organizer/tours/[id]/edit","1"
"d9e021c5c52c4683","src/components/organizer/TourProgramDayActivitiesEditor.tsx","171","13","ui_click","","","onClick={onMoveUp}","source_only","medium","/organizer/tours/[id]/edit","1"
"948c0feeb48b3493","src/components/organizer/TourProgramDayActivitiesEditor.tsx","180","13","ui_click","","","onClick={onMoveDown}","source_only","medium","/organizer/tours/[id]/edit","1"
"be0dbe273e425df2","src/components/organizer/TourProgramDayActivitiesEditor.tsx","189","13","ui_click","","","onClick={onRemove}","source_only","medium","/organizer/tours/[id]/edit","1"
"ef49b5df58fe7637","src/components/organizer/TourProgramDayActivitiesEditor.tsx","206","13","ui_change","","","onChange={(kind) => onChange({ ...activity, kind })}","source_only","medium","/organizer/tours/[id]/edit","1"
"f6d984fae1aaa1c3","src/components/organizer/TourProgramDayActivitiesEditor.tsx","217","13","ui_change","","","onChange={(event) => onChange({ ...activity, title: event.target.value })}","source_only","medium","/organizer/tours/[id]/edit","1"
"f4a942bbf8bff6e2","src/components/organizer/TourProgramDayActivitiesEditor.tsx","237","13","ui_change","","","onChange={(event) => onChange({ ...activity, durationLabel: event.target.value })}","source_only","medium","/organizer/tours/[id]/edit","1"
"ff79e30dbe8d42c2","src/components/organizer/TourProgramDayActivitiesEditor.tsx","254","13","ui_change","","","onChange={(event) => onChange({ ...activity, durationMinutes: event.target.value ? Number(event.target.value) : undefined, ","source_only","medium","/organizer/tours/[id]/edit","1"
"89d1a3bf92a4d568","src/components/organizer/TourProgramDayActivitiesEditor.tsx","277","13","ui_change","","","onChange={(event) => onChange({ ...activity, distanceKm: event.target.value ? Number(event.target.value) : undefined, })","source_only","medium","/organizer/tours/[id]/edit","1"
"de6946f4e609fee5","src/components/organizer/TourProgramDayActivitiesEditor.tsx","296","13","ui_change","","","onChange={(event) => onChange({ ...activity, elevationGainM: event.target.value ? Number(event.target.value) : undefined, ","source_only","medium","/organizer/tours/[id]/edit","1"
"aaef903f48968af1","src/components/organizer/TourProgramDayActivitiesEditor.tsx","315","13","ui_change","","","onChange={(event) => onChange({ ...activity, elevationLossM: event.target.value ? Number(event.target.value) : undefined, ","source_only","medium","/organizer/tours/[id]/edit","1"
"34167b14109d03e3","src/components/organizer/TourProgramDayActivitiesEditor.tsx","338","13","ui_change","","","onChange={(event) => onChange({ ...activity, description: event.target.value })}","source_only","medium","/organizer/tours/[id]/edit","1"
"b09935bf9f5e5054","src/components/organizer/TourProgramDayActivitiesEditor.tsx","402","19","ui_click","","","onClick={() => addActivity(kind)}","source_only","medium","/organizer/tours/[id]/edit","1"
"b9770517363eeed1","src/components/organizer/TourProgramDayActivitiesEditor.tsx","422","17","ui_change","","","onChange={(next) => updateActivityAt(index, next)}","source_only","medium","/organizer/tours/[id]/edit","1"
"0055025ead55cb66","src/components/organizer/TourProgramDayActivitiesEditor.tsx","437","11","ui_click","","","onClick={() => addActivity()}","source_only","medium","/organizer/tours/[id]/edit","1"
"c7b8405ade67f1dc","src/components/organizer/TourProgramDayActivitiesEditor.tsx","450","9","ui_change","","","onChange={onMealsChange}","source_only","medium","/organizer/tours/[id]/edit","1"
"31bd596a175971ae","src/components/organizer/TourProgramDayActivitiesEditor.tsx","465","11","ui_change","","","onChange={(event) => onAccommodationChange(event.target.value)}","source_only","medium","/organizer/tours/[id]/edit","1"
"bcfc637372bf3867","src/components/organizer/TourProgramDayEditor.tsx","92","11","ui_change","","","onChange={(event) => onChange({ ...day, title: event.target.value })}","source_only","medium","/organizer/tours/[id]/edit","1"
"51730e0ea19c45e0","src/components/organizer/TourProgramDayEditor.tsx","103","11","ui_change","","","onChange={(description) => onChange({ ...day, description })}","source_only","medium","/organizer/tours/[id]/edit","1"
"97ceadf5bcb9c435","src/components/organizer/TourProgramDayEditor.tsx","113","9","ui_change","","","onChange={(images) => onChange({ ...day, images })}","source_only","medium","/organizer/tours/[id]/edit","1"
"843184db8bca448b","src/components/organizer/TourProgramDayEditor.tsx","130","11","ui_click","","","onClick={onAddAfter}","source_only","medium","/organizer/tours/[id]/edit","1"
"c8cbc090d4b29dc2","src/components/organizer/TourProgramDayEditor.tsx","142","13","ui_click","","","onClick={onMoveUp}","source_only","medium","/organizer/tours/[id]/edit","1"
"0e603348cba8b352","src/components/organizer/TourProgramDayEditor.tsx","151","13","ui_click","","","onClick={onMoveDown}","source_only","medium","/organizer/tours/[id]/edit","1"
"444d41b0989729a2","src/components/organizer/TourProgramDayEditor.tsx","160","13","ui_click","","","onClick={onRemove}","source_only","medium","/organizer/tours/[id]/edit","1"
"d5d9e9075f3968cc","src/components/organizer/TourRouteFeaturesBlock.tsx","27","11","ui_change","","","onChange={(event) => onChange(event.target.value.slice(0, TOUR_ROUTE_FEATURES_MAX))}","source_only","medium","/organizer/tours/[id]/edit","1"
"398d957e6ea87aa6","src/components/organizer/TourRoutePointsEditor.tsx","84","13","ui_click","","","onClick={onMoveUp}","source_only","medium","/organizer/tours/[id]/edit","1"
"5f5cac3a94c38be3","src/components/organizer/TourRoutePointsEditor.tsx","93","13","ui_click","","","onClick={onMoveDown}","source_only","medium","/organizer/tours/[id]/edit","1"
"d816bd296c003a4a","src/components/organizer/TourRoutePointsEditor.tsx","102","15","ui_click","","","onClick={onRemove}","source_only","medium","/organizer/tours/[id]/edit","1"
"3ad0b5191203f953","src/components/organizer/TourRoutePointsEditor.tsx","116","11","ui_change","","","onChange={(event) => { const value = event.target.value; if (value) applyLocation(value); }}","source_only","medium","/organizer/tours/[id]/edit","1"
"659a72815c7c5960","src/components/organizer/TourRoutePointsEditor.tsx","137","11","ui_change","","","onChange={(event) => onChange({ ...point, name: event.target.value })}","source_only","medium","/organizer/tours/[id]/edit","1"
"7ba98e2383677bbb","src/components/organizer/TourRoutePointsEditor.tsx","147","13","ui_change","","","onChange={(event) => onChange({ ...point, lat: parseCoord(event.target.value) })}","source_only","medium","/organizer/tours/[id]/edit","1"
"d487521aff71f4a8","src/components/organizer/TourRoutePointsEditor.tsx","156","13","ui_change","","","onChange={(event) => onChange({ ...point, lng: parseCoord(event.target.value) })}","source_only","medium","/organizer/tours/[id]/edit","1"
"c1f8bda2f12fada7","src/components/organizer/TourRoutePointsEditor.tsx","173","11","ui_change","","","onChange={(event) => { const value = event.target.value; onChange({ ...point, dayNumber: value ? Number(value) : undefined, ","source_only","medium","/organizer/tours/[id]/edit","1"
"a49c5e812b0400f0","src/components/organizer/TourRoutePointsEditor.tsx","271","13","ui_change","","","onChange={(next) => updateAt(index, next)}","source_only","medium","/organizer/tours/[id]/edit","1"
"89e65ff50ba40cf5","src/components/organizer/TourRoutePointsEditor.tsx","284","9","ui_click","","","onClick={addPoint}","source_only","medium","/organizer/tours/[id]/edit","1"
"ca3979dff093864b","src/components/organizer/TourSectionCommentEditor.tsx","30","7","ui_change","","","onChange={(next) => { const patch: TourSectionOrganizerComments = { ...comments, [sectionId]: next }; if (sectionId === ""itinerary"") { onChange(patch, { i","source_only","medium","/organizer/tours/[id]/edit","1"
"891a65530d74542c","src/components/organizer/TourSectionCommentField.tsx","37","9","ui_change","","","onChange={(event) => onChange(event.target.value.slice(0, TOUR_SECTION_ORGANIZER_COMMENT_MAX)) }","source_only","medium","/organizer/tours/[id]/edit","1"
"4f83542d3b4eda67","src/components/organizer/TourTermsConditionsBlock.tsx","30","13","ui_change","","","onChange={(items) => onIncludedChange(listItemsToText(items))}","source_only","medium","/organizer/tours/[id]/edit","1"
"bf7a2a864207121b","src/components/organizer/TourTermsConditionsBlock.tsx","41","13","ui_change","","","onChange={(items) => onExcludedChange(listItemsToText(items))}","source_only","medium","/organizer/tours/[id]/edit","1"
"3c3bac49853a76c6","src/components/organizer/TourTermsListBlock.tsx","166","15","ui_drop","","","onDrop={(event) => handleDrop(index, event)}","source_only","medium","/organizer/tours/[id]/edit","1"
"1c858a9ee945a11a","src/components/organizer/TourTermsListBlock.tsx","195","21","ui_change","","","onChange={(event) => updateAt(index, { title: event.target.value })}","source_only","medium","/organizer/tours/[id]/edit","1"
"75f3177f4f897862","src/components/organizer/TourTermsListBlock.tsx","204","23","ui_change","","","onChange={(event) => updateAt(index, { detail: event.target.value })}","source_only","medium","/organizer/tours/[id]/edit","1"
"0110aab00deceab5","src/components/organizer/TourTermsListBlock.tsx","210","23","ui_click","","","onClick={() => toggleDetail(index)}","source_only","medium","/organizer/tours/[id]/edit","1"
"e738dbc17c196c34","src/components/organizer/TourTermsListBlock.tsx","220","19","ui_click","","","onClick={() => removeAt(index)}","source_only","medium","/organizer/tours/[id]/edit","1"
"14634f8270ce2609","src/components/organizer/TourTermsListBlock.tsx","236","11","ui_click","","","onClick={addItem}","source_only","medium","/organizer/tours/[id]/edit","1"
"685534212f2c7b15","src/components/organizer/TourTicketRecommendationsBlock.tsx","38","13","ui_change","","","onChange={(event) => onChange(event.target.value)}","source_only","medium","/organizer/tours/[id]/edit","1"
"50c3f9c525b3ac9d","src/components/organizer/TourTravelRisksBlock.tsx","59","21","ui_click","","","onClick={() => toggleKind(kind)}","source_only","medium","/organizer/tours/[id]/edit","1"
"bde60a622adf057c","src/components/organizer/TourTravelRisksBlock.tsx","91","21","ui_click","","","onClick={() => toggleKind(risk.kind)}","source_only","medium","/organizer/tours/[id]/edit","1"
"3681eb0056352512","src/components/organizer/TourTravelRisksBlock.tsx","108","21","ui_change","","","onChange={(event) => onChange(updateTravelRiskAt(risks, risk.id, { title: event.target.value })) }","source_only","medium","/organizer/tours/[id]/edit","1"
"2f9fd36c52538d2d","src/components/organizer/TourTravelRisksBlock.tsx","126","21","ui_change","","","onChange={(event) => onChange( updateTravelRiskAt(risks, risk.id, { description: event.target.value }) ) ","source_only","medium","/organizer/tours/[id]/edit","1"
"b7327e207aafa961","src/components/page-builder/blocks/BlogComparisonTableBlock.tsx","55","19","ui_click","","","onClick={() => setActiveTab(index)}","source_only","medium","/admin/content/documents/[id]|/admin/content/documents/[id]/preview|/admin/editorial-components|/blog/[slug]|/blog/author/[slug]|/destinations/[slug]|/guide/[slug]|/immigration/[slug]|/landing/[slug]|/legal/[slug]|/organizer/articles/[id]/edit|/organizer/articles/[id]/preview|…","13"
"5b64871613ec67b9","src/components/personalization/PersonalizedRecommendationsSection.tsx","50","10","http_request","GET","/api/recommendations?type=all&limit=6","fetch(""/api/recommendations?type=all&limit=6"")","source_only","high","/profile","1"
"1796492b4f6b4b2a","src/components/places/PlaceFavoriteButton.tsx","33","7","ui_click","","","onClick={(event) => { event.preventDefault(); event.stopPropagation(); toggle(); }}","source_only","medium","/admin/content/documents/[id]/preview|/collections/[slug]|/destinations|/excursions/[slug]|/organizer/articles/[id]/preview|/organizer/tours/[id]/preview|/places|/places/[slug]|/profile/favorites|/tours/[slug]","10"
"da8efb01f70b826a","src/components/places/PlacesCatalog.tsx","88","5","client_navigation","","dynamic","router.replace(qs ? `/places?${qs}` : ""/places"", { scroll: false })","source_only","medium","/places","1"
"d03e77fd7159710a","src/components/places/PlacesCatalog.tsx","151","13","ui_change","","","onChange={applyFilters}","source_only","medium","/places","1"
"0129bfd70fcaf5e3","src/components/places/PlacesCatalog.tsx","191","17","ui_click","","","onClick={() => switchView(""grid"")}","source_only","medium","/places","1"
"67e90a377ba901bf","src/components/places/PlacesCatalog.tsx","203","17","ui_click","","","onClick={() => switchView(""map"")}","source_only","medium","/places","1"
"ceb5946963102562","src/components/places/PlacesCatalog.tsx","267","19","ui_click","","","onClick={() => setVisibleCount((count) => count + PLACES_PAGE_SIZE)}","source_only","medium","/places","1"
"d67df5cf5a34ec7d","src/components/places/PlaceSearchPanel.tsx","53","13","ui_change","","","onChange={(e) => onChange({ ...filters, query: e.target.value })}","source_only","medium","/places","1"
"d548aef639363a5d","src/components/places/PlaceSearchPanel.tsx","60","11","ui_click","","","onClick={() => setShowFilters((v) => !v)}","source_only","medium","/places","1"
"cdc00e01e4daafe5","src/components/places/PlaceSearchPanel.tsx","85","17","ui_change","","","onChange={(e) => onChange({ ...filters, category: e.target.value as PlaceCatalogFilters[""category""] }) }","source_only","medium","/places","1"
"4459cbdd0a0bbd64","src/components/places/PlaceSearchPanel.tsx","103","17","ui_change","","","onChange={(e) => onChange({ ...filters, region: e.target.value })}","source_only","medium","/places","1"
"905830f898fb6d86","src/components/places/PlaceSearchPanel.tsx","119","17","ui_change","","","onChange={(e) => onChange({ ...filters, province: e.target.value })}","source_only","medium","/places","1"
"90907ebb7414b840","src/components/places/PlaceSearchPanel.tsx","135","17","ui_change","","","onChange={(e) => onChange({ ...filters, sort: e.target.value as PlaceSortOption })}","source_only","medium","/places","1"
"008b0b32930799b0","src/components/places/PlaceSearchPanel.tsx","148","15","ui_click","","","onClick={onReset}","source_only","medium","/places","1"
"90192ce0def1dcd5","src/components/places/PlacesRegionExplorer.tsx","34","13","ui_click","","","onClick={() => onSelect("""")}","source_only","medium","/places","1"
"7654b229295dcfa1","src/components/places/PlacesRegionExplorer.tsx","45","11","ui_click","","","onClick={() => onSelect("""")}","source_only","medium","/places","1"
"07541996cd9ed7a0","src/components/places/PlacesRegionExplorer.tsx","68","15","ui_click","","","onClick={() => onSelect(item.region)}","source_only","medium","/places","1"
"0e9681ed3d3dc9f1","src/components/profile/BookingReviewCta.tsx","27","10","http_request","UNRESOLVED","/api/reviews","fetch(""/api/reviews"", { cache: ""no-store"" })","source_only","high","/profile|/profile/bookings","2"
"3bce6c820c18d10a","src/components/profile/FavoriteButton.tsx","27","7","ui_click","","","onClick={(event) => { onClick?.(event); toggle(); }}","source_only","medium","/admin/content/documents/[id]/preview|/blog|/blog/[slug]|/blog/author/[slug]|/blog/hub/[hubId]|/destinations/[slug]|/embed/tours|/excursions/[slug]|/guide/[slug]|/immigration/[slug]|/organizer/articles/[id]/preview|/organizer/tours/[id]/preview|…","20"
"adf69fa681b10e7f","src/components/profile/ProfileDashboardWidgets.tsx","81","27","http_request","UNRESOLVED","/api/reviews","fetch(""/api/reviews"", { cache: ""no-store"" })","source_only","high","/profile","1"
"06bddd91246a1ccb","src/components/profile/ProfileNotifications.tsx","52","9","ui_click","","","onClick={() => onRead(item.id)}","source_only","medium","/profile","1"
"bdc5b686b4cc2550","src/components/profile/ProfileNotifications.tsx","181","33","ui_click","","","onClick={() => void handleReadAll()}","source_only","medium","/profile","1"
"09fda8c5d2ac7066","src/components/profile/ProfileSavedArticlesPanel.tsx","72","21","ui_click","","","onClick={() => toggle({ slug: article.slug, title: article.title, category: article.ca","source_only","medium","/profile/favorites","1"
"f50ff892dd3c2c58","src/components/profile/ProfileShell.tsx","30","48","ui_click","","","onClick={() => openAuth()}","source_only","medium","/profile|/profile/bookings|/profile/bookings/[id]|/profile/favorites|/profile/group-trips|/profile/messages|/profile/orders|/profile/reviews|/profile/settings|/profile/trip-prep","10"
"92fd9a4c2cb235fb","src/components/profile/ProfileSidebar.tsx","295","13","ui_click","","","onClick={toggleCollapsed}","source_only","medium","/profile|/profile/bookings|/profile/bookings/[id]|/profile/favorites|/profile/group-trips|/profile/messages|/profile/orders|/profile/reviews|/profile/settings|/profile/trip-prep","10"
"511a5dd9d38dd854","src/components/profile/ProfileSidebar.tsx","419","9","ui_click","","","onClick={() => setMoreOpen((open) => !open)}","source_only","medium","/profile|/profile/bookings|/profile/bookings/[id]|/profile/favorites|/profile/group-trips|/profile/messages|/profile/orders|/profile/reviews|/profile/settings|/profile/trip-prep","10"
"7eb721a3ada487f1","src/components/profile/ProfileSidebar.tsx","435","75","ui_click","","","onClick={() => setMoreOpen(false)}","source_only","medium","/profile|/profile/bookings|/profile/bookings/[id]|/profile/favorites|/profile/group-trips|/profile/messages|/profile/orders|/profile/reviews|/profile/settings|/profile/trip-prep","10"
"bb06c253cda2df89","src/components/profile/ProfileSidebar.tsx","442","97","ui_click","","","onClick={() => setMoreOpen(false)}","source_only","medium","/profile|/profile/bookings|/profile/bookings/[id]|/profile/favorites|/profile/group-trips|/profile/messages|/profile/orders|/profile/reviews|/profile/settings|/profile/trip-prep","10"
"9b2041b782b72856","src/components/profile/ProfileSidebar.tsx","448","127","ui_click","","","onClick={() => setMoreOpen(false)}","source_only","medium","/profile|/profile/bookings|/profile/bookings/[id]|/profile/favorites|/profile/group-trips|/profile/messages|/profile/orders|/profile/reviews|/profile/settings|/profile/trip-prep","10"
"cc5f457285e72d94","src/components/profile/ProfileWaitlistSection.tsx","112","23","ui_click","","","onClick={() => handleCancel(entry.id)}","source_only","medium","/profile/bookings","1"
"3d6a6c1ea4a2d0fa","src/components/settings/PrivacySettingsSection.tsx","30","30","http_request","POST","/api/privacy/export","fetch(""/api/privacy/export"", { method: ""POST"" })","source_only","high","/profile/settings","1"
"d96af3595e45682b","src/components/settings/PrivacySettingsSection.tsx","65","30","http_request","POST","/api/privacy/delete-request","fetch(""/api/privacy/delete-request"", { method: ""POST"", headers: { ""Content-Type"": ""application/json"" }, body: JSON.stringify({ reason: reason.trim() || unde","source_only","high","/profile/settings","1"
"9a388b7e381ea92b","src/components/settings/PrivacySettingsSection.tsx","108","13","ui_click","","","onClick={() => void handleExport()}","source_only","medium","/profile/settings","1"
"b243197c139c6be4","src/components/settings/PrivacySettingsSection.tsx","122","13","ui_change","","","onChange={(event) => setReason(event.target.value)}","source_only","medium","/profile/settings","1"
"b5bac41c0863f6f9","src/components/settings/PrivacySettingsSection.tsx","133","13","ui_click","","","onClick={() => void handleDeleteRequest()}","source_only","medium","/profile/settings","1"
"21533dd61154e205","src/components/settings/ProfilePasswordSection.tsx","53","5","form_submit","POST","handler","<form onSubmit={(event) => void handleSubmit(event)} className={cabinetPanelClass}>","source_only","medium","/profile/settings","1"
"4b412b9ca21afbce","src/components/settings/ProfilePasswordSection.tsx","67","13","ui_change","","","onChange={() => { setSaved(false); setError(null); }}","source_only","medium","/profile/settings","1"
"1840a1f764ceaae8","src/components/settings/ProfilePasswordSection.tsx","83","13","ui_change","","","onChange={() => { setSaved(false); setError(null); }}","source_only","medium","/profile/settings","1"
"34d4993976808a96","src/components/settings/ProfilePasswordSection.tsx","101","13","ui_change","","","onChange={() => { setSaved(false); setError(null); }}","source_only","medium","/profile/settings","1"
"192a348fdd706508","src/components/settings/PushNotificationsSection.tsx","135","30","http_request","DELETE","/api/notifications/push/subscribe","fetch(""/api/notifications/push/subscribe"", { method: ""DELETE"", credentials: ""same-origin"", headers: { ""Content-Type"": ""application/json"" }, body: JS","source_only","high","/profile/settings","1"
"ec13db479ee2015d","src/components/settings/PushNotificationsSection.tsx","207","30","http_request","POST","/api/notifications/push/subscribe","fetch(""/api/notifications/push/subscribe"", { method: ""POST"", credentials: ""same-origin"", headers: { ""Content-Type"": ""application/json"" }, body: JSON","source_only","high","/profile/settings","1"
"5d23fa5195f70f9b","src/components/settings/PushNotificationsSection.tsx","256","13","ui_change","","","onChange={() => void handleToggle()}","source_only","medium","/profile/settings","1"
"be7dcaeaa5f804e7","src/components/shared/DetailPhotoGallery.tsx","56","13","ui_click","","","onClick={() => setActiveIndex(index)}","source_only","medium","/admin/content/documents/[id]/preview|/destinations/[slug]|/organizer/articles/[id]/preview|/places/[slug]","4"
"2ff010aa23268862","src/components/shared/GalleryMosaicDesktop.tsx","58","13","ui_click","","","onClick={() => onOpenLightbox(imageIndex)}","source_only","medium","/excursions/[slug]|/organizer/tours/[id]/preview|/tours/[slug]","3"
"8a1156f15d789906","src/components/shared/PartnerInfoAutoplayGallery.tsx","47","7","ui_click","","","onClick={() => onOpen(index)}","source_only","medium","/excursions/[slug]|/organizer/tours/[id]/preview|/tours/[slug]","3"
"117d64a882e3ba2b","src/components/shop/ShopCheckoutModal.tsx","104","11","form_submit","POST","handler","<form onSubmit={handleSubmit} className=""flex flex-col"">","source_only","medium","/shop|/shop/[slug]","2"
"5081e85950d05524","src/components/shop/ShopCheckoutModal.tsx","149","19","ui_change","","","onChange={(event) => setCustomerName(event.target.value)}","source_only","medium","/shop|/shop/[slug]","2"
"d67377a6c6c397a1","src/components/shop/ShopCheckoutModal.tsx","164","19","ui_change","","","onChange={(event) => setCustomerEmail(event.target.value)}","source_only","medium","/shop|/shop/[slug]","2"
"fbb30a760523a6ed","src/components/shop/ShopCheckoutModal.tsx","179","19","ui_change","","","onChange={(event) => setCustomerPhone(event.target.value)}","source_only","medium","/shop|/shop/[slug]","2"
"4c083b5fb3282389","src/components/shop/ShopCheckoutModal.tsx","192","19","ui_change","","","onChange={(event) => setNotes(event.target.value)}","source_only","medium","/shop|/shop/[slug]","2"
"18e5d21c5bcc4458","src/components/shop/ShopCheckoutModal.tsx","206","55","ui_click","","","onClick={() => onOpenChange(false)}","source_only","medium","/shop|/shop/[slug]","2"
"4b17cb42ad52504d","src/components/shop/ShopCheckoutModal.tsx","245","23","ui_click","","","onClick={() => onOpenChange(false)}","source_only","medium","/shop|/shop/[slug]","2"
"c1fea74f5b8c9ab8","src/components/shop/ShopPageView.tsx","73","17","ui_click","","","onClick={() => setVisibleCount((count) => Math.min(count + pageSize, catalog.length)) }","source_only","medium","/shop","1"
"740e7616b37a5470","src/components/shop/ShopProductCard.tsx","70","19","ui_click","","","onClick={() => setCheckoutOpen(true)}","source_only","medium","/shop|/shop/[slug]","2"
"9211e1c105cac426","src/components/shop/ShopProductDetailView.tsx","74","19","ui_click","","","onClick={() => setCheckoutOpen(true)}","source_only","medium","/shop/[slug]","1"
"5acef5d4fbac9836","src/components/social-feed/SocialFeedCarousel.tsx","53","13","ui_click","","","onClick={() => scrollByDir(-1)}","source_only","medium","/about|/destinations/[slug]|/itineraries/[slug]|/places/[slug]","4"
"7b89492d178f5c9e","src/components/social-feed/SocialFeedCarousel.tsx","64","13","ui_click","","","onClick={() => scrollByDir(1)}","source_only","medium","/about|/destinations/[slug]|/itineraries/[slug]|/places/[slug]","4"
"f2a72a4521683b6e","src/components/social-feed/SocialFeedTile.tsx","98","11","ui_click","","","onClick={onClick}","source_only","medium","/about|/destinations/[slug]|/itineraries/[slug]|/places/[slug]","4"
"5e89d07b998499f8","src/components/ThemeToggle.tsx","30","13","ui_click","","","onClick={toggleTheme}","source_only","medium","/|/about|/account/update-password|/admin|/admin/analytics|/admin/analytics/funnels|/admin/content-freshness|/admin/content/documents|/admin/content/documents/[id]|/admin/content/documents/[id]/preview|/admin/content/forum|/admin/content/knowledge|…","159"
"610fadea7269796b","src/components/ThemeToggle.tsx","54","9","ui_click","","","onClick={() => setTheme(""light"")}","source_only","medium","/|/about|/account/update-password|/admin|/admin/analytics|/admin/analytics/funnels|/admin/content-freshness|/admin/content/documents|/admin/content/documents/[id]|/admin/content/documents/[id]/preview|/admin/content/forum|/admin/content/knowledge|…","159"
"38f01dabdb38033a","src/components/ThemeToggle.tsx","69","9","ui_click","","","onClick={() => setTheme(""dark"")}","source_only","medium","/|/about|/account/update-password|/admin|/admin/analytics|/admin/analytics/funnels|/admin/content-freshness|/admin/content/documents|/admin/content/documents/[id]|/admin/content/documents/[id]/preview|/admin/content/forum|/admin/content/knowledge|…","159"
"6a008bf64abce4ff","src/components/tour-detail/AccommodationsComfortFooter.tsx","118","13","ui_click","","","onClick={() => setExpanded((value) => !value)}","source_only","medium","/excursions/[slug]|/organizer/tours/[id]/preview|/tours/[slug]","3"
"94385b4458e9345b","src/components/tour-detail/BookingDateSelector.tsx","162","15","ui_click","","","onClick={() => setExpanded(true)}","source_only","medium","/excursions/[slug]|/organizer/tours/[id]/preview|/tours/[slug]","3"
"11722c8b6b760c3a","src/components/tour-detail/BookingDateSelector.tsx","181","17","ui_click","","","onClick={() => setDateMode(""scheduled"")}","source_only","medium","/excursions/[slug]|/organizer/tours/[id]/preview|/tours/[slug]","3"
"99fa2c3984acc679","src/components/tour-detail/BookingDateSelector.tsx","193","17","ui_click","","","onClick={() => setDateMode(""custom"")}","source_only","medium","/excursions/[slug]|/organizer/tours/[id]/preview|/tours/[slug]","3"
"24f3f6c5a7abb025","src/components/tour-detail/BookingDateSelector.tsx","237","25","ui_change","","","onChange={(e) => setSelectedDateId(e.target.value)}","source_only","medium","/excursions/[slug]|/organizer/tours/[id]/preview|/tours/[slug]","3"
"8f693b9763d385e7","src/components/tour-detail/BookingDateSelector.tsx","278","27","ui_click","","","onClick={() => setSelectedDateId(d.id)}","source_only","medium","/excursions/[slug]|/organizer/tours/[id]/preview|/tours/[slug]","3"
"606cdf89329d2d8f","src/components/tour-detail/BookingDateSelector.tsx","324","19","ui_change","","","onChange={setCustomDate}","source_only","medium","/excursions/[slug]|/organizer/tours/[id]/preview|/tours/[slug]","3"
"ec925373e216b66c","src/components/tour-detail/BookingDateSelector.tsx","337","15","ui_click","","","onClick={() => setExpanded(false)}","source_only","medium","/excursions/[slug]|/organizer/tours/[id]/preview|/tours/[slug]","3"
"cf57f75caffd4dc0","src/components/tour-detail/BookingWaitlistPrompt.tsx","36","13","ui_click","","","onClick={openWaitlist}","source_only","medium","/excursions/[slug]|/organizer/tours/[id]/preview|/tours/[slug]","3"
"189c0d7e0a06f78e","src/components/tour-detail/DatesSection.tsx","110","15","ui_click","","","onClick={openWaitlist}","source_only","medium","/excursions/[slug]|/organizer/tours/[id]/preview|/tours/[slug]","3"
"4a80606b529a21f3","src/components/tour-detail/DatesSection.tsx","135","17","ui_click","","","onClick={() => setCalendarOpen((open) => !open)}","source_only","medium","/excursions/[slug]|/organizer/tours/[id]/preview|/tours/[slug]","3"
"4ec57d74b5354817","src/components/tour-detail/DatesSection.tsx","220","25","ui_click","","","onClick={() => handleSelect(date)}","source_only","medium","/excursions/[slug]|/organizer/tours/[id]/preview|/tours/[slug]","3"
"1889af06402f0b50","src/components/tour-detail/DescriptionSection.tsx","177","17","ui_click","","","onClick={() => setActiveTab(tab.id)}","source_only","medium","/excursions/[slug]|/organizer/tours/[id]/preview|/tours/[slug]","3"
"63f2af96ccd060f8","src/components/tour-detail/ExternalBookingButton.tsx","32","7","ui_click","","","onClick={onClick}","source_only","medium","/excursions/[slug]|/organizer/tours/[id]/preview|/tours/[slug]","3"
"9f8ea89b71e10888","src/components/tour-detail/FAQSection.tsx","29","17","ui_click","","","onClick={() => setOpenId(isOpen ? null : item.id)}","source_only","medium","/excursions/[slug]|/organizer/tours/[id]/preview|/tours/[slug]","3"
"ce5378ac5d448a19","src/components/tour-detail/GuestCounter.tsx","47","11","ui_click","","","onClick={() => onChange(Math.max(min, value - 1))}","source_only","medium","/excursions/[slug]|/organizer/tours/[id]/preview|/tours/[slug]","3"
"fc0ff90de07bcfc5","src/components/tour-detail/GuestCounter.tsx","59","11","ui_click","","","onClick={() => onChange(Math.min(max, value + 1))}","source_only","medium","/excursions/[slug]|/organizer/tours/[id]/preview|/tours/[slug]","3"
"e607029f599ab13d","src/components/tour-detail/InfoModal.tsx","179","13","ui_click","","","onClick={onClose}","source_only","medium","/excursions/[slug]|/organizer/tours/[id]/preview|/tours/[slug]","3"
"0b5c2b1910782e7a","src/components/tour-detail/InfoModal.tsx","280","7","ui_click","","","onClick={onClick}","source_only","medium","/excursions/[slug]|/organizer/tours/[id]/preview|/tours/[slug]","3"
"e647e5b79ae9800c","src/components/tour-detail/ItinerarySection.tsx","63","9","ui_click","","","onClick={onToggle}","source_only","medium","/excursions/[slug]|/organizer/tours/[id]/preview|/tours/[slug]","3"
"e0e3627c66482a99","src/components/tour-detail/ItinerarySection.tsx","213","9","data_mutation","DELETE","supabase_or_repository","next.delete(id)","source_only","medium","/excursions/[slug]|/organizer/tours/[id]/preview|/tours/[slug]","3"
"9e5e9ccd7c7ef860","src/components/tour-detail/ItinerarySection.tsx","269","11","ui_click","","","onClick={() => setShowAllDays(true)}","source_only","medium","/excursions/[slug]|/organizer/tours/[id]/preview|/tours/[slug]","3"
"d216c13c4d3b11de","src/components/tour-detail/MobileBookingBar.tsx","244","11","ui_click","","","onClick={() => setExpanded(false)}","source_only","medium","/excursions/[slug]|/organizer/tours/[id]/preview|/tours/[slug]","3"
"6f1b85cd01ca9723","src/components/tour-detail/MobileBookingBar.tsx","255","17","ui_click","","","onClick={() => setExpanded(false)}","source_only","medium","/excursions/[slug]|/organizer/tours/[id]/preview|/tours/[slug]","3"
"1a4306565aa38330","src/components/tour-detail/MobileBookingBar.tsx","276","17","ui_change","","","onChange={setGuests}","source_only","medium","/excursions/[slug]|/organizer/tours/[id]/preview|/tours/[slug]","3"
"b9fdb67ac5f2cce0","src/components/tour-detail/MobileBookingBar.tsx","282","17","ui_click","","","onClick={() => setExpanded(false)}","source_only","medium","/excursions/[slug]|/organizer/tours/[id]/preview|/tours/[slug]","3"
"74ace6cf38905b6b","src/components/tour-detail/MobileBookingBar.tsx","331","15","ui_click","","","onClick={() => setExpanded((current) => !current)}","source_only","medium","/excursions/[slug]|/organizer/tours/[id]/preview|/tours/[slug]","3"
"3dd82dfedfb2dc40","src/components/tour-detail/MobileBookingBar.tsx","350","17","ui_click","","","onClick={handleExternalBookingClick}","source_only","medium","/excursions/[slug]|/organizer/tours/[id]/preview|/tours/[slug]","3"
"05861ae99ac37e94","src/components/tour-detail/MobileBookingBar.tsx","355","17","ui_click","","","onClick={handlePrimaryAction}","source_only","medium","/excursions/[slug]|/organizer/tours/[id]/preview|/tours/[slug]","3"
"c0de367fa5c83a8a","src/components/tour-detail/PartnerTourAccommodationSection.tsx","38","15","ui_click","","","onClick={() => setOpenIndex(isOpen ? null : index)}","source_only","medium","/excursions/[slug]|/organizer/tours/[id]/preview|/tours/[slug]","3"
"736be4fdabb4ac3a","src/components/tour-detail/PartnerTourArrivalInfoSection.tsx","167","15","ui_click","","","onClick={() => handleSelect(date)}","source_only","medium","/excursions/[slug]|/organizer/tours/[id]/preview|/tours/[slug]","3"
"98524589e3d84295","src/components/tour-detail/PartnerTourDatesSection.tsx","137","19","ui_click","","","onClick={() => handleSelect(date)}","source_only","medium","/excursions/[slug]|/organizer/tours/[id]/preview|/tours/[slug]","3"
"7fff73a6124b4c85","src/components/tour-detail/PartnerTourDatesSection.tsx","211","11","ui_click","","","onClick={() => setVisibleCount((count) => count + 6)}","source_only","medium","/excursions/[slug]|/organizer/tours/[id]/preview|/tours/[slug]","3"
"3c97e2f6151eba35","src/components/tour-detail/PartnerTourImportantSection.tsx","49","28","data_mutation","DELETE","supabase_or_repository","next.delete(index)","source_only","medium","/excursions/[slug]|/organizer/tours/[id]/preview|/tours/[slug]","3"
"ca87ec5de4d7c8e4","src/components/tour-detail/PartnerTourImportantSection.tsx","94","17","ui_click","","","onClick={() => toggleIndex(index)}","source_only","medium","/excursions/[slug]|/organizer/tours/[id]/preview|/tours/[slug]","3"
"2800e0f50fc3864d","src/components/tour-detail/PartnerTourOrgDetailsSection.tsx","42","19","ui_click","","","onClick={() => setOpenIndex(isOpen ? null : index)}","source_only","medium","/excursions/[slug]|/organizer/tours/[id]/preview|/tours/[slug]","3"
"a18f2b4ea21b993c","src/components/tour-detail/PartnerTourScheduleDatePicker.tsx","85","15","ui_click","","","onClick={() => onSelect(date.id)}","source_only","medium","/excursions/[slug]|/organizer/tours/[id]/preview|/tours/[slug]","3"
"fed6b5751faa5a18","src/components/tour-detail/PriceOnRequestInfoButton.tsx","20","11","ui_click","","","onClick={(event) => event.stopPropagation()}","source_only","medium","/admin/content/documents/[id]/preview|/blog|/blog/[slug]|/blog/author/[slug]|/blog/hub/[hubId]|/destinations/[slug]|/embed/tours|/excursions/[slug]|/guide/[slug]|/immigration/[slug]|/organizer/articles/[id]/preview|/organizer/tours/[id]/preview|…","19"
"c628daf01c5ac85c","src/components/tour-detail/ReviewReportButton.tsx","41","25","http_request","POST","/api/reviews/[reviewId]/report","fetch(`/api/reviews/${encodeURIComponent(reviewId)}/report`, { method: ""POST"", headers: { ""Content-Type"": ""application/json"" }, body: JSON.stringify({ reaso","source_only","high","/excursions/[slug]|/organizer/tours/[id]/preview|/tours/[slug]","3"
"3b7c4bcd923caf8f","src/components/tour-detail/ReviewReportButton.tsx","65","11","ui_click","","","onClick={() => setOpen(true)}","source_only","medium","/excursions/[slug]|/organizer/tours/[id]/preview|/tours/[slug]","3"
"0c55550eaca2a75c","src/components/tour-detail/ReviewReportButton.tsx","82","19","ui_change","","","onChange={() => setReason(option.value)}","source_only","medium","/excursions/[slug]|/organizer/tours/[id]/preview|/tours/[slug]","3"
"6c8fba72c2c1edbb","src/components/tour-detail/ReviewReportButton.tsx","91","13","ui_change","","","onChange={(event) => setDetails(event.target.value)}","source_only","medium","/excursions/[slug]|/organizer/tours/[id]/preview|/tours/[slug]","3"
"a57987b0e17f9b84","src/components/tour-detail/ReviewReportButton.tsx","102","15","ui_click","","","onClick={() => void handleSubmit()}","source_only","medium","/excursions/[slug]|/organizer/tours/[id]/preview|/tours/[slug]","3"
"f62d10fb5beba20b","src/components/tour-detail/ReviewReportButton.tsx","110","15","ui_click","","","onClick={() => { setOpen(false); setError(null); }}","source_only","medium","/excursions/[slug]|/organizer/tours/[id]/preview|/tours/[slug]","3"
"2e173607a3f68410","src/components/tour-detail/ReviewsSection.tsx","116","17","ui_click","","","onClick={() => { setFilter(value); setPage(1); }}","source_only","medium","/excursions/[slug]|/organizer/tours/[id]/preview|/tours/[slug]","3"
"e8fed7fdb7087afd","src/components/tour-detail/ReviewsSection.tsx","149","13","ui_click","","","onClick={() => setPage(page - 1)}","source_only","medium","/excursions/[slug]|/organizer/tours/[id]/preview|/tours/[slug]","3"
"33edc4566531fdcf","src/components/tour-detail/ReviewsSection.tsx","160","13","ui_click","","","onClick={() => setPage(page + 1)}","source_only","medium","/excursions/[slug]|/organizer/tours/[id]/preview|/tours/[slug]","3"
"48c0fe9727c8c2bf","src/components/tour-detail/RouteMapSection.tsx","225","13","ui_click","","","onClick={isMapFullscreen ? closeMapFullscreen : openMapFullscreen}","source_only","medium","/excursions/[slug]|/organizer/tours/[id]/preview|/tours/[slug]","3"
"1bb8e0ba9dae7b82","src/components/tour-detail/RouteMapSection.tsx","249","19","ui_click","","","onClick={() => handleSelect(point.id)}","source_only","medium","/excursions/[slug]|/organizer/tours/[id]/preview|/tours/[slug]","3"
"430060c57fe8a52f","src/components/tour-detail/RouteMapSection.tsx","312","15","ui_click","","","onClick={() => stepBy(-1)}","source_only","medium","/excursions/[slug]|/organizer/tours/[id]/preview|/tours/[slug]","3"
"d4217a6884e0d9ba","src/components/tour-detail/RouteMapSection.tsx","321","15","ui_click","","","onClick={() => setIsPlaying((value) => !value)}","source_only","medium","/excursions/[slug]|/organizer/tours/[id]/preview|/tours/[slug]","3"
"189bf378faac9e2a","src/components/tour-detail/RouteMapSection.tsx","330","15","ui_click","","","onClick={() => stepBy(1)}","source_only","medium","/excursions/[slug]|/organizer/tours/[id]/preview|/tours/[slug]","3"
"3d19daa0e8372a0f","src/components/tour-detail/RouteMapSection.tsx","339","15","ui_click","","","onClick={() => { setFitToken((value) => value + 1); setIsPlaying(false); }}","source_only","medium","/excursions/[slug]|/organizer/tours/[id]/preview|/tours/[slug]","3"
"c4736bfe27a184f5","src/components/tour-detail/RouteMapSection.tsx","362","13","ui_change","","","onChange={(event) => handleProgressChange(Number(event.target.value))}","source_only","medium","/excursions/[slug]|/organizer/tours/[id]/preview|/tours/[slug]","3"
"0bc27fc2370268a4","src/components/tour-detail/RouteMapSection.tsx","470","19","ui_click","","","onClick={closeMapFullscreen}","source_only","medium","/excursions/[slug]|/organizer/tours/[id]/preview|/tours/[slug]","3"
"5df56f07503cec9a","src/components/tour-detail/TourBookingPanel.tsx","311","13","ui_change","","","onChange={setGuests}","source_only","medium","/excursions/[slug]|/organizer/tours/[id]/preview|/tours/[slug]","3"
"741770bb2758ddde","src/components/tour-detail/TourBookingPanel.tsx","360","17","ui_click","","","onClick={handleExternalBookingClick}","source_only","medium","/excursions/[slug]|/organizer/tours/[id]/preview|/tours/[slug]","3"
"6bdc58d430392e06","src/components/tour-detail/TourBookingPanel.tsx","367","15","ui_click","","","onClick={handlePrimaryAction}","source_only","medium","/excursions/[slug]|/organizer/tours/[id]/preview|/tours/[slug]","3"
"7d3a662797e2b322","src/components/tour-detail/TourDepartureCalendar.tsx","160","15","ui_click","","","onClick={() => setViewMonth((current) => subMonths(current, 1))}","source_only","medium","/excursions/[slug]|/organizer/tours/[id]/preview|/tours/[slug]","3"
"2ddcd052f0f00b47","src/components/tour-detail/TourDepartureCalendar.tsx","171","15","ui_click","","","onClick={() => setViewMonth((current) => addMonths(current, 1))}","source_only","medium","/excursions/[slug]|/organizer/tours/[id]/preview|/tours/[slug]","3"
"3d789a5f0e64c940","src/components/tour-detail/TourDepartureCalendar.tsx","229","23","ui_click","","","onClick={() => onSelect(entry.date)}","source_only","medium","/excursions/[slug]|/organizer/tours/[id]/preview|/tours/[slug]","3"
"498a2568272b5025","src/components/tour-detail/TourDepartureCountdown.tsx","183","11","ui_click","","","onClick={handleAction}","source_only","medium","/excursions/[slug]|/organizer/tours/[id]/preview|/tours/[slug]","3"
"bdb7b8352a2f83bf","src/components/tour-detail/TourDetailGallery.tsx","83","7","ui_keydown","","","onKeyDown={ hasMultiple ? (event) => { if (event.key === ""ArrowLeft"") { event.preventDefault(); goPrev(); ","source_only","medium","/excursions/[slug]|/organizer/tours/[id]/preview|/tours/[slug]","3"
"dcfaf7091237d043","src/components/tour-detail/TourDetailGallery.tsx","106","13","ui_click","","","onClick={() => onOpenLightbox(index)}","source_only","medium","/excursions/[slug]|/organizer/tours/[id]/preview|/tours/[slug]","3"
"4194f4150e29fef4","src/components/tour-detail/TourDetailGallery.tsx","126","13","ui_click","","","onClick={goPrev}","source_only","medium","/excursions/[slug]|/organizer/tours/[id]/preview|/tours/[slug]","3"
"0f69dadedecafabb","src/components/tour-detail/TourDetailGallery.tsx","134","13","ui_click","","","onClick={goNext}","source_only","medium","/excursions/[slug]|/organizer/tours/[id]/preview|/tours/[slug]","3"
"c741df70d0717a5b","src/components/tour-detail/TourDetailGallery.tsx","159","9","ui_click","","","onClick={() => onOpenLightbox(activeIndex)}","source_only","medium","/excursions/[slug]|/organizer/tours/[id]/preview|/tours/[slug]","3"
"01a6ec8307eb49f4","src/components/tour-detail/TourDetailHeader.tsx","65","15","browser_capability","","navigator.share","navigator.share({ title: tour.title, url })","source_only","high","/excursions/[slug]|/organizer/tours/[id]/preview|/tours/[slug]","3"
"f28cd48a5990bd63","src/components/tour-detail/TourDetailHeader.tsx","67","15","browser_capability","","navigator.clipboard.writeText","navigator.clipboard.writeText(url)","source_only","high","/excursions/[slug]|/organizer/tours/[id]/preview|/tours/[slug]","3"
"eb6184427116362d","src/components/tour-detail/TourDetailHeader.tsx","141","19","ui_click","","","onClick={handleShare}","source_only","medium","/excursions/[slug]|/organizer/tours/[id]/preview|/tours/[slug]","3"
"652060ad6ea9c1b5","src/components/tour-detail/TourDetailHeader.tsx","181","19","ui_click","","","onClick={scrollToReviews}","source_only","medium","/excursions/[slug]|/organizer/tours/[id]/preview|/tours/[slug]","3"
"a1f300a838d0e496","src/components/tour-detail/TourDetailHeader.tsx","188","19","ui_click","","","onClick={scrollToReviews}","source_only","medium","/excursions/[slug]|/organizer/tours/[id]/preview|/tours/[slug]","3"
"0937eab89801ac8e","src/components/tour-detail/TourFlightComplexSearchForm.tsx","104","7","ui_click","","","onClick={onClick}","source_only","medium","/excursions/[slug]|/organizer/tours/[id]/preview|/tours/[slug]","3"
"8bcb762ccd3835de","src/components/tour-detail/TourFlightComplexSearchForm.tsx","142","11","ui_click","","","onClick={() => onChange(Math.max(min, value - 1))}","source_only","medium","/excursions/[slug]|/organizer/tours/[id]/preview|/tours/[slug]","3"
"50ce2e1f3a56eb6c","src/components/tour-detail/TourFlightComplexSearchForm.tsx","154","11","ui_click","","","onClick={() => onChange(Math.min(max, value + 1))}","source_only","medium","/excursions/[slug]|/organizer/tours/[id]/preview|/tours/[slug]","3"
"e4d51bb8462e0636","src/components/tour-detail/TourFlightComplexSearchForm.tsx","189","9","ui_change","","","onChange={onSelect}","source_only","medium","/excursions/[slug]|/organizer/tours/[id]/preview|/tours/[slug]","3"
"7f473ece8d3a16b8","src/components/tour-detail/TourFlightComplexSearchForm.tsx","247","11","ui_click","","","onClick={() => setMonth(subMonths(month, 1))}","source_only","medium","/excursions/[slug]|/organizer/tours/[id]/preview|/tours/[slug]","3"
"83e58c85ae15efdf","src/components/tour-detail/TourFlightComplexSearchForm.tsx","280","11","ui_click","","","onClick={() => setMonth(addMonths(month, 1))}","source_only","medium","/excursions/[slug]|/organizer/tours/[id]/preview|/tours/[slug]","3"
"a0b18d0828ca4f40","src/components/tour-detail/TourFlightComplexSearchForm.tsx","289","67","ui_click","","","onClick={onClear}","source_only","medium","/excursions/[slug]|/organizer/tours/[id]/preview|/tours/[slug]","3"
"70f963eadcf8d13f","src/components/tour-detail/TourFlightComplexSearchForm.tsx","292","47","ui_click","","","onClick={onApply}","source_only","medium","/excursions/[slug]|/organizer/tours/[id]/preview|/tours/[slug]","3"
"1752d52907b8e8a9","src/components/tour-detail/TourFlightComplexSearchForm.tsx","612","23","ui_click","","","onClick={(e) => { e.stopPropagation(); updateSegment(index, { departDate: null, returnDate: null }); }}","source_only","medium","/excursions/[slug]|/organizer/tours/[id]/preview|/tours/[slug]","3"
"c8f7b2b4e37793bd","src/components/tour-detail/TourFlightComplexSearchForm.tsx","630","19","ui_change","","","onChange={(from, to) => setDraftDates({ depart: from, return: to })}","source_only","medium","/excursions/[slug]|/organizer/tours/[id]/preview|/tours/[slug]","3"
"027c7585146c72db","src/components/tour-detail/TourFlightComplexSearchForm.tsx","653","19","ui_click","","","onClick={() => removeSegment(index)}","source_only","medium","/excursions/[slug]|/organizer/tours/[id]/preview|/tours/[slug]","3"
"bfdae07f866fc213","src/components/tour-detail/TourFlightComplexSearchForm.tsx","696","17","ui_change","","","onChange={(next) => { const clamped = Math.min(maxAdults, Math.max(1, next)); setAdults(clamped); if (infants > clamped) setIn","source_only","medium","/excursions/[slug]|/organizer/tours/[id]/preview|/tours/[slug]","3"
"603b4a6a5b55a312","src/components/tour-detail/TourFlightComplexSearchForm.tsx","710","17","ui_change","","","onChange={(next) => setChildren(Math.min(maxChildren, Math.max(0, next)))}","source_only","medium","/excursions/[slug]|/organizer/tours/[id]/preview|/tours/[slug]","3"
"f1bde88d5340d374","src/components/tour-detail/TourFlightComplexSearchForm.tsx","720","17","ui_change","","","onChange={(next) => setInfants(Math.min(maxInfants, Math.max(0, next)))}","source_only","medium","/excursions/[slug]|/organizer/tours/[id]/preview|/tours/[slug]","3"
"232a58ede188b231","src/components/tour-detail/TourFlightComplexSearchForm.tsx","746","15","ui_click","","","onClick={() => restoreSegment(removedSegments[0]!)}","source_only","medium","/excursions/[slug]|/organizer/tours/[id]/preview|/tours/[slug]","3"
"b9c989865f939887","src/components/tour-detail/TourFlightComplexSearchForm.tsx","758","11","ui_click","","","onClick={handleSearch}","source_only","medium","/excursions/[slug]|/organizer/tours/[id]/preview|/tours/[slug]","3"
"7c0edf21d0a0ae22","src/components/tour-detail/TourFlightResultsModal.tsx","185","11","ui_click","","","onClick={() => onOpenChange(false)}","source_only","medium","/excursions/[slug]|/organizer/tours/[id]/preview|/tours/[slug]","3"
"ba544eea6a80ee27","src/components/tour-detail/TourFlightResultsModal.tsx","236","23","ui_click","","","onClick={() => setActiveId(entry.id)}","source_only","medium","/excursions/[slug]|/organizer/tours/[id]/preview|/tours/[slug]","3"
"4501e5fe9bddfe73","src/components/tour-detail/TourReviewsSummary.tsx","99","13","ui_click","","","onClick={onPhotosClick}","source_only","medium","/excursions/[slug]|/organizer/tours/[id]/preview|/tours/[slug]","3"
"6ccdcae5a26cd012","src/components/tour-detail/TourSection.tsx","77","15","ui_click","","","onClick={onToggleMobile}","source_only","medium","/excursions/[slug]|/organizer/tours/[id]/preview|/tours/[slug]","3"
"36f853c327f6bd31","src/components/tour-detail/TourSectionExpandToggle.tsx","35","9","ui_click","","","onClick={onToggle}","source_only","medium","/excursions/[slug]|/organizer/tours/[id]/preview|/tours/[slug]","3"
"a8a23b47f0c378ae","src/components/tour-detail/TourSectionNav.tsx","167","21","ui_click","","","onClick={(event) => { event.preventDefault(); scrollToSection(item.id); }}","source_only","medium","/excursions/[slug]|/organizer/tours/[id]/preview|/tours/[slug]","3"
"15bf34e97f80a6eb","src/components/tour-detail/TourSectionOrganizerNote.tsx","96","11","ui_click","","","onClick={() => setExpanded((value) => !value)}","source_only","medium","/excursions/[slug]|/organizer/tours/[id]/preview|/tours/[slug]","3"
"57452c1b019a9ca1","src/components/tour-detail/TourStatsSection.tsx","81","7","ui_click","","","onClick={() => scrollToSection(id)}","source_only","medium","/excursions/[slug]|/organizer/tours/[id]/preview|/tours/[slug]","3"
"5f392db4d28ab36f","src/components/tour-detail/TourStatsSection.tsx","115","39","ui_click","","","onClick={helpOnClick}","source_only","medium","/excursions/[slug]|/organizer/tours/[id]/preview|/tours/[slug]","3"
"ce0b1f93ea11a108","src/components/tour-detail/TourTermsAccordion.tsx","83","9","ui_click","","","onClick={onToggle}","source_only","medium","/excursions/[slug]|/organizer/tours/[id]/preview|/tours/[slug]","3"
"6c638319a61480a4","src/components/tour-detail/TourTermsAccordion.tsx","137","13","ui_click","","","onClick={toggleAll}","source_only","medium","/excursions/[slug]|/organizer/tours/[id]/preview|/tours/[slug]","3"
"c4fa7d7497616882","src/components/tour-detail/TourTravelRisksPanel.tsx","50","9","ui_click","","","onClick={() => setExpanded((value) => !value)}","source_only","medium","/excursions/[slug]|/organizer/tours/[id]/preview|/tours/[slug]","3"
"a2ddc0b616279c6c","src/components/tour-detail/TourTravelRisksPanel.tsx","109","11","ui_click","","","onClick={() => setExpanded((value) => !value)}","source_only","medium","/excursions/[slug]|/organizer/tours/[id]/preview|/tours/[slug]","3"
"001040fdb24ec7c9","src/components/tour-detail/TripsterTourDetailsSection.tsx","72","13","ui_click","","","onClick={() => onSelect(date.id)}","source_only","medium","/excursions/[slug]|/organizer/tours/[id]/preview|/tours/[slug]","3"
"5cc30ca639834629","src/components/tour-detail/YouTravelAccommodationSection.tsx","41","13","ui_click","","","onClick={onOpenGallery}","source_only","medium","/excursions/[slug]|/organizer/tours/[id]/preview|/tours/[slug]","3"
"be57ee04b6b0c4cc","src/components/tour-detail/YouTravelTourDetailsSection.tsx","86","13","ui_click","","","onClick={() => onSelect(date.id)}","source_only","medium","/excursions/[slug]|/organizer/tours/[id]/preview|/tours/[slug]","3"
"89c2836f4ecf8485","src/components/transfers/TransferLocationCombobox.tsx","51","32","http_request","GET","/api/transfers/autocomplete?[params]","fetch(`/api/transfers/autocomplete?${params}`)","source_only","high","/transfers","1"
"243d129289b0ca88","src/components/transfers/TransferLocationCombobox.tsx","147","11","ui_change","","","onChange={(event) => { setQuery(event.target.value); setOpen(true); if (value && event.target.value !== formatTransferLocationLabel(value)) { ","source_only","medium","/transfers","1"
"9ed5a924c0704b57","src/components/transfers/TransferLocationCombobox.tsx","154","11","ui_keydown","","","onKeyDown={handleKeyDown}","source_only","medium","/transfers","1"
"f525d9c97a2ab26b","src/components/transfers/TransferLocationCombobox.tsx","162","13","ui_click","","","onClick={handleClear}","source_only","medium","/transfers","1"
"6989910c5c3fb510","src/components/transfers/TransferLocationCombobox.tsx","209","17","ui_click","","","onClick={() => handleSelect(location)}","source_only","medium","/transfers","1"
"22914d004b9a00d8","src/components/transfers/TransferPopularRoutes.tsx","28","13","ui_click","","","onClick={() => { const origin = getTransferLocationById(route.originId); const destination = getTransferLocationById(route.destinationId); ","source_only","medium","/transfers","1"
"a001e0566ce171e7","src/components/transfers/TransferSearchForm.tsx","60","11","ui_click","","","onClick={() => onChange(Math.max(min, value - 1))}","source_only","medium","/transfers","1"
"f55c351fa670749b","src/components/transfers/TransferSearchForm.tsx","70","11","ui_click","","","onClick={() => onChange(Math.min(9, value + 1))}","source_only","medium","/transfers","1"
"9fccc4f5b999c7b0","src/components/transfers/TransferSearchForm.tsx","100","5","form_submit","POST","handler","<form className=""rounded-2xl border border-gray-100 bg-white p-4 shadow-elevated ring-1 ring-gray-100/80 sm:p-6"" onSubmit={(event) => { event.preventDefault(); ","source_only","medium","/transfers","1"
"13bc9c6008aa476b","src/components/transfers/TransferSearchForm.tsx","112","11","ui_change","","","onChange={(origin) => onChange({ ...state, origin })}","source_only","medium","/transfers","1"
"864ae3b2da4e53d1","src/components/transfers/TransferSearchForm.tsx","119","11","ui_click","","","onClick={swapEndpoints}","source_only","medium","/transfers","1"
"0b69ee52e7d5a8c4","src/components/transfers/TransferSearchForm.tsx","130","11","ui_change","","","onChange={(destination) => onChange({ ...state, destination })}","source_only","medium","/transfers","1"
"3df4f263db8da2ed","src/components/transfers/TransferSearchForm.tsx","143","13","ui_change","","","onChange={(event) => onChange({ ...state, date: event.target.value })}","source_only","medium","/transfers","1"
"fdbe0c6bfaab393e","src/components/transfers/TransferSearchForm.tsx","154","13","ui_change","","","onChange={(event) => onChange({ ...state, time: event.target.value })}","source_only","medium","/transfers","1"
"7f9a6ae908aab078","src/components/transfers/TransferSearchForm.tsx","166","11","ui_change","","","onChange={(adults) => onChange({ ...state, adults })}","source_only","medium","/transfers","1"
"64089037144990ae","src/components/transfers/TransferSearchForm.tsx","172","11","ui_change","","","onChange={(children) => onChange({ ...state, children })}","source_only","medium","/transfers","1"
"e6bc34b75723d004","src/components/transfers/TransferSearchForm.tsx","178","11","ui_change","","","onChange={(infants) => onChange({ ...state, infants })}","source_only","medium","/transfers","1"
"211e7419a76d7f4d","src/components/transfers/TransfersSearchView.tsx","128","30","http_request","GET","/api/transfers/search?[params]","fetch(`/api/transfers/search?${params}`)","source_only","high","/transfers","1"
"8ef10a22a43075f8","src/components/transfers/TransfersSearchView.tsx","221","11","ui_change","","","onChange={setFormState}","source_only","medium","/transfers","1"
"d7112b9ecbc5e660","src/components/travel/ArgentinaSeasonMatrix.tsx","148","7","ui_click","","","onClick={onSelect}","source_only","medium","/admin/content/documents/[id]|/admin/content/documents/[id]/preview|/admin/editorial-components|/blog/[slug]|/blog/author/[slug]|/destinations|/destinations/[slug]|/guide/[slug]|/immigration/[slug]|/landing/[slug]|/legal/[slug]|/organizer/articles/[id]/edit|…","14"
"633e657e0d8067e2","src/components/travel/ArgentinaSeasonMatrix.tsx","149","7","ui_keydown","","","onKeyDown={onKeyDown}","source_only","medium","/admin/content/documents/[id]|/admin/content/documents/[id]/preview|/admin/editorial-components|/blog/[slug]|/blog/author/[slug]|/destinations|/destinations/[slug]|/guide/[slug]|/immigration/[slug]|/landing/[slug]|/legal/[slug]|/organizer/articles/[id]/edit|…","14"
"093374c34a0a19a4","src/components/travel/ArgentinaSeasonMatrix.tsx","374","17","ui_click","","","onClick={() => setActiveMonth((prev) => (prev === monthIndex ? null : monthIndex)) }","source_only","medium","/admin/content/documents/[id]|/admin/content/documents/[id]/preview|/admin/editorial-components|/blog/[slug]|/blog/author/[slug]|/destinations|/destinations/[slug]|/guide/[slug]|/immigration/[slug]|/landing/[slug]|/legal/[slug]|/organizer/articles/[id]/edit|…","14"
"ebe46c94b0d7de04","src/components/travel/ArgentinaSeasonMatrix.tsx","404","21","ui_click","","","onClick={() => setActiveMonth(scenario.monthIndex)}","source_only","medium","/admin/content/documents/[id]|/admin/content/documents/[id]/preview|/admin/editorial-components|/blog/[slug]|/blog/author/[slug]|/destinations|/destinations/[slug]|/guide/[slug]|/immigration/[slug]|/landing/[slug]|/legal/[slug]|/organizer/articles/[id]/edit|…","14"
"ba34c8dcb4182ee3","src/components/travel/ArgentinaSeasonMatrix.tsx","462","17","ui_click","","","onClick={() => setShowAllMobile((prev) => !prev)}","source_only","medium","/admin/content/documents/[id]|/admin/content/documents/[id]/preview|/admin/editorial-components|/blog/[slug]|/blog/author/[slug]|/destinations|/destinations/[slug]|/guide/[slug]|/immigration/[slug]|/landing/[slug]|/legal/[slug]|/organizer/articles/[id]/edit|…","14"
"c6b5faad83bd259e","src/components/travel/ArgentinaSeasonMatrix.tsx","491","23","ui_click","","","onClick={() => setActiveMonth((prev) => (prev === monthIndex ? null : monthIndex)) }","source_only","medium","/admin/content/documents/[id]|/admin/content/documents/[id]/preview|/admin/editorial-components|/blog/[slug]|/blog/author/[slug]|/destinations|/destinations/[slug]|/guide/[slug]|/immigration/[slug]|/landing/[slug]|/legal/[slug]|/organizer/articles/[id]/edit|…","14"
"a4086403c419918d","src/components/travel/ArgentinaSeasonMatrix.tsx","551","29","ui_keydown","","","onKeyDown={(event) => handleCellKeyDown(event, rowIndex, monthIndex)}","source_only","medium","/admin/content/documents/[id]|/admin/content/documents/[id]/preview|/admin/editorial-components|/blog/[slug]|/blog/author/[slug]|/destinations|/destinations/[slug]|/guide/[slug]|/immigration/[slug]|/landing/[slug]|/legal/[slug]|/organizer/articles/[id]/edit|…","14"
"7318efbdb2790300","src/components/travel/ArgentinaSeasonMatrix.tsx","557","33","data_mutation","DELETE","supabase_or_repository","cellRefs.current.delete(key)","source_only","medium","/admin/content/documents/[id]|/admin/content/documents/[id]/preview|/admin/editorial-components|/blog/[slug]|/blog/author/[slug]|/destinations|/destinations/[slug]|/guide/[slug]|/immigration/[slug]|/landing/[slug]|/legal/[slug]|/organizer/articles/[id]/edit|…","14"
"a27221735450e108","src/components/travel/ArgentinaTourismInfographic.tsx","150","17","ui_click","","","onClick={() => onCityClick(city.id)}","source_only","medium","/admin/content/documents/[id]|/admin/content/documents/[id]/preview|/admin/editorial-components|/blog/[slug]|/blog/author/[slug]|/destinations/[slug]|/guide|/guide/[slug]|/guide/ob-argentine|/immigration/[slug]|/landing/[slug]|/legal/[slug]|…","15"
"393a180b83750d7d","src/components/travel/ArgentinaTourismTimeline.tsx","300","17","ui_click","","","onClick={() => setActiveStreamId((prev) => (prev === stream.id ? null : stream.id)) }","source_only","medium","/admin/content/documents/[id]|/admin/content/documents/[id]/preview|/admin/editorial-components|/blog/[slug]|/blog/author/[slug]|/destinations/[slug]|/guide|/guide/[slug]|/guide/ob-argentine|/immigration/[slug]|/landing/[slug]|/legal/[slug]|…","15"
"27bd4f1db5263f75","src/components/travel/ArgentinaTourismTimeline.tsx","337","17","ui_click","","","onClick={() => setActiveEraId(era.id)}","source_only","medium","/admin/content/documents/[id]|/admin/content/documents/[id]/preview|/admin/editorial-components|/blog/[slug]|/blog/author/[slug]|/destinations/[slug]|/guide|/guide/[slug]|/guide/ob-argentine|/immigration/[slug]|/landing/[slug]|/legal/[slug]|…","15"
"ab421e3ac0b112e2","src/components/travel/ArgentinaTourismTimeline.tsx","370","7","ui_click","","","onClick={onClick}","source_only","medium","/admin/content/documents/[id]|/admin/content/documents/[id]/preview|/admin/editorial-components|/blog/[slug]|/blog/author/[slug]|/destinations/[slug]|/guide|/guide/[slug]|/guide/ob-argentine|/immigration/[slug]|/landing/[slug]|/legal/[slug]|…","15"
"67f49d83a6c89352","src/components/travel/PackingList.tsx","137","25","data_mutation","DELETE","supabase_or_repository","next.delete(id)","source_only","medium","/admin/content/documents/[id]|/admin/content/documents/[id]/preview|/admin/editorial-components|/blog/[slug]|/blog/author/[slug]|/destinations/[slug]|/guide/[slug]|/immigration/[slug]|/landing/[slug]|/legal/[slug]|/organizer/articles/[id]/edit|/organizer/articles/[id]/preview|…","13"
"ce2e51bfc455453c","src/components/travel/PackingList.tsx","152","13","browser_capability","","navigator.clipboard.writeText","navigator.clipboard.writeText(markdown)","source_only","high","/admin/content/documents/[id]|/admin/content/documents/[id]/preview|/admin/editorial-components|/blog/[slug]|/blog/author/[slug]|/destinations/[slug]|/guide/[slug]|/immigration/[slug]|/landing/[slug]|/legal/[slug]|/organizer/articles/[id]/edit|/organizer/articles/[id]/preview|…","13"
"b676f4763dac1bb3","src/components/travel/PackingList.tsx","189","15","ui_change","","","onChange={(event) => setQuery(event.target.value)}","source_only","medium","/admin/content/documents/[id]|/admin/content/documents/[id]/preview|/admin/editorial-components|/blog/[slug]|/blog/author/[slug]|/destinations/[slug]|/guide/[slug]|/immigration/[slug]|/landing/[slug]|/legal/[slug]|/organizer/articles/[id]/edit|/organizer/articles/[id]/preview|…","13"
"b0504c441f6eb4f4","src/components/travel/PackingList.tsx","208","23","ui_click","","","onClick={() => setScenario(option.id)}","source_only","medium","/admin/content/documents/[id]|/admin/content/documents/[id]/preview|/admin/editorial-components|/blog/[slug]|/blog/author/[slug]|/destinations/[slug]|/guide/[slug]|/immigration/[slug]|/landing/[slug]|/legal/[slug]|/organizer/articles/[id]/edit|/organizer/articles/[id]/preview|…","13"
"230106d5e8609e24","src/components/travel/PackingList.tsx","234","15","ui_change","","","onChange={(event) => setSeason(event.target.value as PackingSeason)}","source_only","medium","/admin/content/documents/[id]|/admin/content/documents/[id]/preview|/admin/editorial-components|/blog/[slug]|/blog/author/[slug]|/destinations/[slug]|/guide/[slug]|/immigration/[slug]|/landing/[slug]|/legal/[slug]|/organizer/articles/[id]/edit|/organizer/articles/[id]/preview|…","13"
"e9acd03e2b7b258f","src/components/travel/PackingList.tsx","252","17","ui_click","","","onClick={reset}","source_only","medium","/admin/content/documents/[id]|/admin/content/documents/[id]/preview|/admin/editorial-components|/blog/[slug]|/blog/author/[slug]|/destinations/[slug]|/guide/[slug]|/immigration/[slug]|/landing/[slug]|/legal/[slug]|/organizer/articles/[id]/edit|/organizer/articles/[id]/preview|…","13"
"7d7fe1f705b2e6f3","src/components/travel/PackingList.tsx","259","17","ui_click","","","onClick={print}","source_only","medium","/admin/content/documents/[id]|/admin/content/documents/[id]/preview|/admin/editorial-components|/blog/[slug]|/blog/author/[slug]|/destinations/[slug]|/guide/[slug]|/immigration/[slug]|/landing/[slug]|/legal/[slug]|/organizer/articles/[id]/edit|/organizer/articles/[id]/preview|…","13"
"5d8728b1039744b6","src/components/travel/PackingList.tsx","266","17","ui_click","","","onClick={() => void copyList()}","source_only","medium","/admin/content/documents/[id]|/admin/content/documents/[id]/preview|/admin/editorial-components|/blog/[slug]|/blog/author/[slug]|/destinations/[slug]|/guide/[slug]|/immigration/[slug]|/landing/[slug]|/legal/[slug]|/organizer/articles/[id]/edit|/organizer/articles/[id]/preview|…","13"
"eec7e6b3a60500d2","src/components/travel/PackingList.tsx","299","27","ui_change","","","onChange={() => toggle(item.id)}","source_only","medium","/admin/content/documents/[id]|/admin/content/documents/[id]/preview|/admin/editorial-components|/blog/[slug]|/blog/author/[slug]|/destinations/[slug]|/guide/[slug]|/immigration/[slug]|/landing/[slug]|/legal/[slug]|/organizer/articles/[id]/edit|/organizer/articles/[id]/preview|…","13"
"97aa71bf2455ada9","src/components/travel/SteakCutDiagram.tsx","190","20","data_mutation","DELETE","supabase_or_repository","markerRefs.current.delete(zone.id)","source_only","medium","/admin/content/documents/[id]|/admin/content/documents/[id]/preview|/admin/editorial-components|/blog/[slug]|/blog/author/[slug]|/destinations/[slug]|/guide/[slug]|/immigration/[slug]|/landing/[slug]|/legal/[slug]|/organizer/articles/[id]/edit|/organizer/articles/[id]/preview|…","13"
"36c7f8e2701c89ca","src/components/travel/SteakCutDiagram.tsx","247","22","data_mutation","DELETE","supabase_or_repository","cardRefs.current.delete(zone.id)","source_only","medium","/admin/content/documents/[id]|/admin/content/documents/[id]/preview|/admin/editorial-components|/blog/[slug]|/blog/author/[slug]|/destinations/[slug]|/guide/[slug]|/immigration/[slug]|/landing/[slug]|/legal/[slug]|/organizer/articles/[id]/edit|/organizer/articles/[id]/preview|…","13"
"00e5639b3df610b8","src/components/travel/SteakCutDiagram.tsx","260","22","data_mutation","DELETE","supabase_or_repository","cardRefs.current.delete(zone.id)","source_only","medium","/admin/content/documents/[id]|/admin/content/documents/[id]/preview|/admin/editorial-components|/blog/[slug]|/blog/author/[slug]|/destinations/[slug]|/guide/[slug]|/immigration/[slug]|/landing/[slug]|/legal/[slug]|/organizer/articles/[id]/edit|/organizer/articles/[id]/preview|…","13"
"53bdfb5dfad0f629","src/components/travel/SteakCutSelector.tsx","62","17","ui_click","","","onClick={() => toggle(pref.id)}","source_only","medium","/admin/content/documents/[id]|/admin/content/documents/[id]/preview|/admin/editorial-components|/blog/[slug]|/blog/author/[slug]|/destinations/[slug]|/guide/[slug]|/immigration/[slug]|/landing/[slug]|/legal/[slug]|/organizer/articles/[id]/edit|/organizer/articles/[id]/preview|…","13"
"2cee3000abb92e1f","src/components/travel/SteakDonenessPhrases.tsx","31","13","browser_capability","","navigator.clipboard.writeText","navigator.clipboard.writeText(phrase)","source_only","high","/admin/content/documents/[id]|/admin/content/documents/[id]/preview|/admin/editorial-components|/blog/[slug]|/blog/author/[slug]|/destinations/[slug]|/guide/[slug]|/immigration/[slug]|/landing/[slug]|/legal/[slug]|/organizer/articles/[id]/edit|/organizer/articles/[id]/preview|…","13"
"ad37d5a27f7a05f6","src/components/travel/SteakDonenessPhrases.tsx","100","15","ui_click","","","onClick={() => void copyPhrase(item.id, item.phrase)}","source_only","medium","/admin/content/documents/[id]|/admin/content/documents/[id]/preview|/admin/editorial-components|/blog/[slug]|/blog/author/[slug]|/destinations/[slug]|/guide/[slug]|/immigration/[slug]|/landing/[slug]|/legal/[slug]|/organizer/articles/[id]/edit|/organizer/articles/[id]/preview|…","13"
"82149fbb2f41c0d2","src/components/travel/TangoPhrasebook.tsx","35","13","browser_capability","","navigator.clipboard.writeText","navigator.clipboard.writeText(phrase)","source_only","high","/admin/content/documents/[id]|/admin/content/documents/[id]/preview|/admin/editorial-components|/blog/[slug]|/blog/author/[slug]|/destinations/[slug]|/guide/[slug]|/immigration/[slug]|/landing/[slug]|/legal/[slug]|/organizer/articles/[id]/edit|/organizer/articles/[id]/preview|…","13"
"18d20d815c1ede79","src/components/travel/TangoPhrasebook.tsx","74","21","ui_click","","","onClick={() => void copyPhrase(item.id, item.phrase)}","source_only","medium","/admin/content/documents/[id]|/admin/content/documents/[id]/preview|/admin/editorial-components|/blog/[slug]|/blog/author/[slug]|/destinations/[slug]|/guide/[slug]|/immigration/[slug]|/landing/[slug]|/legal/[slug]|/organizer/articles/[id]/edit|/organizer/articles/[id]/preview|…","13"
"79bcc8f53b1d08e1","src/components/travel/TripTypeSelector.tsx","49","17","ui_click","","","onClick={() => setSelected(trip.scenario)}","source_only","medium","/admin/content/documents/[id]|/admin/content/documents/[id]/preview|/admin/editorial-components|/blog/[slug]|/blog/author/[slug]|/destinations/[slug]|/guide/[slug]|/immigration/[slug]|/landing/[slug]|/legal/[slug]|/organizer/articles/[id]/edit|/organizer/articles/[id]/preview|…","13"
"7f5f1c06dd3df5db","src/components/trip-prep/TripPrepChecklist.tsx","71","21","ui_change","","","onChange={(event) => onToggle(item.id, event.target.checked)}","source_only","medium","/profile/bookings/[id]|/profile/trip-prep","2"
"6976e25bc4e4ad90","src/components/trip/TripClientPortalView.tsx","254","13","form_submit","POST","handler","<form onSubmit={(event) => void handleSubmit(event)} className=""mt-4 space-y-3"">","source_only","medium","/trip/[token]","1"
"f1df322afa08d314","src/components/trip/TripClientPortalView.tsx","263","21","ui_change","","","onChange={(event) => setRequirements((prev) => ({ ...prev, flightArrival: event.target.value })) }","source_only","medium","/trip/[token]","1"
"814a00c68392a682","src/components/trip/TripClientPortalView.tsx","276","21","ui_change","","","onChange={(event) => setRequirements((prev) => ({ ...prev, flightDeparture: event.target.value })) }","source_only","medium","/trip/[token]","1"
"3542be72ff9d0402","src/components/trip/TripClientPortalView.tsx","292","21","ui_change","","","onChange={(event) => setRequirements((prev) => ({ ...prev, hotelName: event.target.value })) }","source_only","medium","/trip/[token]","1"
"27022e4862c46ac7","src/components/trip/TripClientPortalView.tsx","305","21","ui_change","","","onChange={(event) => setRequirements((prev) => ({ ...prev, hotelAddress: event.target.value })) }","source_only","medium","/trip/[token]","1"
"cc487335397bf303","src/components/trip/TripClientPortalView.tsx","322","21","ui_change","","","onChange={(event) => setRequirements((prev) => ({ ...prev, hotelCheckIn: event.target.value })) }","source_only","medium","/trip/[token]","1"
"d5dd2e8752dbacc7","src/components/trip/TripClientPortalView.tsx","336","21","ui_change","","","onChange={(event) => setRequirements((prev) => ({ ...prev, hotelCheckOut: event.target.value })) }","source_only","medium","/trip/[token]","1"
"95c32306fab487f0","src/components/trip/TripClientPortalView.tsx","351","19","ui_change","","","onChange={(event) => setRequirements((prev) => ({ ...prev, dietaryRestrictions: event.target.value, ","source_only","medium","/trip/[token]","1"
"1d2e72a745c3a0c9","src/components/trip/TripClientPortalView.tsx","369","19","ui_change","","","onChange={(event) => setRequirements((prev) => ({ ...prev, specialRequests: event.target.value })) }","source_only","medium","/trip/[token]","1"
"aac866a376a0aaa0","src/components/ui/calendar-month-grid.tsx","110","15","ui_click","","","onClick={() => onDayClick(day)}","source_only","medium","/|/booking/travelers/[token]|/excursions/[slug]|/organizer/tours/[id]/preview|/profile/settings|/tours/[slug]","6"
"539895612e78823a","src/components/ui/dialog-panel-header.tsx","47","9","ui_click","","","onClick={onClose}","source_only","medium","/excursions/[slug]","1"
"e9a190e46068c26e","src/components/ui/empty-state.tsx","72","55","ui_click","","","onClick={action.onClick}","source_only","medium","/|/admin/content/documents|/admin/content/shop|/admin/marketplace/apartments|/admin/marketplace/experts|/admin/marketplace/mobility|/admin/marketplace/moderation|/admin/marketplace/organizers|/admin/marketplace/tours|/admin/operations/bookings|/admin/operations/payments|/admin/operations/reconciliation|…","57"
"d2e0daa2274b1882","src/components/ui/expandable-text.tsx","77","11","ui_click","","","onClick={() => setExpanded((value) => !value)}","source_only","medium","/excursions/[slug]|/organizer/tours/[id]/preview|/tours/[slug]","3"
"efb3718af581c1b7","src/components/ui/expandable-text.tsx","131","11","ui_click","","","onClick={() => setExpanded((value) => !value)}","source_only","medium","/excursions/[slug]|/organizer/tours/[id]/preview|/tours/[slug]","3"
"40fee45ae70f9147","src/components/ui/review-rating-badge.tsx","118","29","ui_click","","","onClick={onClick}","source_only","medium","/admin/content/documents/[id]/preview|/baza-znaniy/[slug]|/blog|/blog/[slug]|/blog/author/[slug]|/blog/hub/[hubId]|/destinations/[slug]|/dev/design-system|/embed/tours|/excursions|/excursions/[slug]|/excursions/city/[citySlug]|…","24"
"0108b9d7b75d14c9","src/components/ui/single-date-picker.tsx","174","11","ui_change","","","onChange={(e) => updateMonthYear(Number(e.target.value), currentYear)}","source_only","medium","/booking/travelers/[token]|/excursions/[slug]|/organizer/tours/[id]/preview|/profile/settings|/tours/[slug]","5"
"a1d0428baf8502a4","src/components/ui/single-date-picker.tsx","199","11","ui_change","","","onChange={(e) => updateMonthYear(currentMonth, Number(e.target.value))}","source_only","medium","/booking/travelers/[token]|/excursions/[slug]|/organizer/tours/[id]/preview|/profile/settings|/tours/[slug]","5"
"b7fb336e36e4cef2","src/components/ui/single-date-picker.tsx","328","15","ui_click","","","onClick={() => syncMonth(subMonths(month, 1))}","source_only","medium","/booking/travelers/[token]|/excursions/[slug]|/organizer/tours/[id]/preview|/profile/settings|/tours/[slug]","5"
"9856c270222f5637","src/components/ui/single-date-picker.tsx","346","15","ui_click","","","onClick={() => syncMonth(addMonths(month, 1))}","source_only","medium","/booking/travelers/[token]|/excursions/[slug]|/organizer/tours/[id]/preview|/profile/settings|/tours/[slug]","5"
"a5710bfc05df454a","src/components/ui/single-date-picker.tsx","358","15","ui_click","","","onClick={() => { onChange(null); setOpen(false); }}","source_only","medium","/booking/travelers/[token]|/excursions/[slug]|/organizer/tours/[id]/preview|/profile/settings|/tours/[slug]","5"
"12d813ac8fb98026","src/components/ui/smart-input.tsx","104","11","ui_change","","","onChange={(event) => { setDraft(event.target.value); onValueChange?.(event.target.value); onChange?.(event); }}","source_only","medium","/|/about|/account/update-password|/admin|/admin/analytics|/admin/analytics/funnels|/admin/content-freshness|/admin/content/documents|/admin/content/documents/[id]|/admin/content/documents/[id]/preview|/admin/content/forum|/admin/content/knowledge|…","159"
"ccd8de1281e37f41","src/components/ui/smart-input.tsx","122","13","ui_click","","","onClick={() => setPasswordVisible((visible) => !visible)}","source_only","medium","/|/about|/account/update-password|/admin|/admin/analytics|/admin/analytics/funnels|/admin/content-freshness|/admin/content/documents|/admin/content/documents/[id]|/admin/content/documents/[id]/preview|/admin/content/forum|/admin/content/knowledge|…","159"
"10285b98482083b8","src/components/ui/smart-input.tsx","131","13","ui_click","","","onClick={() => { setDraft(""""); setTouched(false); onValueChange?.(""""); }}","source_only","medium","/|/about|/account/update-password|/admin|/admin/analytics|/admin/analytics/funnels|/admin/content-freshness|/admin/content/documents|/admin/content/documents/[id]|/admin/content/documents/[id]/preview|/admin/content/forum|/admin/content/knowledge|…","159"
"f5ab025478262d1d","src/components/ui/smart-textarea.tsx","44","9","ui_change","","","onChange={(event) => { setDraft(event.target.value); onValueChange?.(event.target.value); onChange?.(event); }}","source_only","medium","/contacts|/forum/[category]|/forum/[category]/[threadId]","3"
"805b5d5f1e3718d0","src/components/ui/switch.tsx","24","7","ui_click","","","onClick={() => onCheckedChange?.(!checked)}","source_only","medium","/admin/modules|/dev/design-system|/excursions/[slug]|/organizer/tours/[id]/edit|/organizer/tours/[id]/preview|/tours/[slug]","6"
"f8aa713d79043094","src/context/AdminContext.tsx","38","25","http_request","GET","/api/admin/session","fetch(""/api/admin/session"")","source_only","high","/admin|/admin/analytics|/admin/analytics/funnels|/admin/content-freshness|/admin/content/documents|/admin/content/documents/[id]|/admin/content/documents/[id]/preview|/admin/content/forum|/admin/content/knowledge|/admin/content/map|/admin/content/shop|/admin/content/social-feed|…","51"
"7ba26b1cfbf41a15","src/context/LocaleCurrencyContext.tsx","81","5","http_request","GET","/api/exchange-rates","fetch(""/api/exchange-rates"")","source_only","high","/|/about|/account/update-password|/admin|/admin/analytics|/admin/analytics/funnels|/admin/content-freshness|/admin/content/documents|/admin/content/documents/[id]|/admin/content/documents/[id]/preview|/admin/content/forum|/admin/content/knowledge|…","159"
"4c87b162f7c513da","src/context/SiteFeedbackContext.tsx","53","7","data_mutation","DELETE","supabase_or_repository","timersRef.current.delete(id)","source_only","medium","/|/about|/account/update-password|/admin|/admin/analytics|/admin/analytics/funnels|/admin/content-freshness|/admin/content/documents|/admin/content/documents/[id]|/admin/content/documents/[id]/preview|/admin/content/forum|/admin/content/knowledge|…","159"
"52f2f1311f396909","src/context/UserExperienceContext.tsx","47","5","http_request","UNRESOLVED","/api/auth/experience","fetch(""/api/auth/experience"", { signal: controller.signal, credentials: ""same-origin"" })","source_only","high","/|/about|/account/update-password|/admin|/admin/analytics|/admin/analytics/funnels|/admin/content-freshness|/admin/content/documents|/admin/content/documents/[id]|/admin/content/documents/[id]/preview|/admin/content/forum|/admin/content/knowledge|…","159"
"230b83b5395c9c18","src/context/UserExperienceContext.tsx","59","30","http_request","POST","/api/auth/workspace","fetch(""/api/auth/workspace"", { method: ""POST"", credentials: ""same-origin"", headers: { ""Content-Type"": ""application/json"" }, body: JSON.stringify({ w","source_only","high","/|/about|/account/update-password|/admin|/admin/analytics|/admin/analytics/funnels|/admin/content-freshness|/admin/content/documents|/admin/content/documents/[id]|/admin/content/documents/[id]/preview|/admin/content/forum|/admin/content/knowledge|…","159"
"d24f2b4c587a0bec","src/context/UserExperienceContext.tsx","72","7","client_navigation","","dynamic","router.push(payload.href)","source_only","medium","/|/about|/account/update-password|/admin|/admin/analytics|/admin/analytics/funnels|/admin/content-freshness|/admin/content/documents|/admin/content/documents/[id]|/admin/content/documents/[id]/preview|/admin/content/forum|/admin/content/knowledge|…","159"
"8617b3fa12b84218","src/editorial/blocks/ArticleSummary.tsx","93","17","ui_click","","","onClick={() => setActive(index)}","source_only","medium","/admin/content/documents/[id]|/admin/content/documents/[id]/preview|/admin/editorial-components|/blog/[slug]|/blog/author/[slug]|/destinations/[slug]|/guide/[slug]|/immigration/[slug]|/landing/[slug]|/legal/[slug]|/organizer/articles/[id]/edit|/organizer/articles/[id]/preview|…","13"
"8ddeb4459a109866","src/editorial/blocks/OptionSelector.tsx","64","15","ui_click","","","onClick={() => setActiveId(item.id)}","source_only","medium","/admin/content/documents/[id]|/admin/content/documents/[id]/preview|/admin/editorial-components|/blog/[slug]|/blog/author/[slug]|/destinations/[slug]|/guide/[slug]|/immigration/[slug]|/landing/[slug]|/legal/[slug]|/organizer/articles/[id]/edit|/organizer/articles/[id]/preview|…","13"
"8884ca44fc3b9bb2","src/editorial/blocks/Phrasebook.tsx","27","13","browser_capability","","navigator.clipboard.writeText","navigator.clipboard.writeText(text)","source_only","high","/admin/content/documents/[id]|/admin/content/documents/[id]/preview|/admin/editorial-components|/blog/[slug]|/blog/author/[slug]|/destinations/[slug]|/guide/[slug]|/immigration/[slug]|/landing/[slug]|/legal/[slug]|/organizer/articles/[id]/edit|/organizer/articles/[id]/preview|…","13"
"609d2448a081c2a9","src/editorial/blocks/Phrasebook.tsx","72","17","ui_click","","","onClick={() => void copyPhrase(item.original, id)}","source_only","medium","/admin/content/documents/[id]|/admin/content/documents/[id]/preview|/admin/editorial-components|/blog/[slug]|/blog/author/[slug]|/destinations/[slug]|/guide/[slug]|/immigration/[slug]|/landing/[slug]|/legal/[slug]|/organizer/articles/[id]/edit|/organizer/articles/[id]/preview|…","13"
"a4522bb35f7d8fbb","src/hooks/useAdminApi.ts","15","25","http_request","GET","dynamic","fetch(url)","source_only","medium","/admin|/admin/analytics|/admin/analytics/funnels|/admin/content-freshness|/admin/content/documents|/admin/content/documents/[id]|/admin/content/documents/[id]/preview|/admin/content/forum|/admin/content/knowledge|/admin/content/map|/admin/content/shop|/admin/content/social-feed|…","51"
"9505fb76c70c2f79","src/hooks/useCheckoutCurrencyRates.ts","16","5","http_request","GET","/api/exchange-rates","fetch(""/api/exchange-rates"")","source_only","high","/booking/pay/[token]","1"
"5f8f09af4240a050","src/hooks/useExcursionPriceQuote.ts","69","32","http_request","GET","/api/excursions/[slug]/price?[params]","fetch(`/api/excursions/${slug}/price?${params}`)","source_only","high","/excursions/[slug]","1"
"c63a5ce90a58eaca","src/hooks/useMessageReadOnView.ts","45","10","data_mutation","DELETE","supabase_or_repository","elementMapRef.current.delete(messageId)","source_only","medium","/organizer/bookings/[id]|/profile/bookings/[id]","2"
"374d6c820cfb9506","src/hooks/usePartnerTourPriceQuote.ts","59","32","http_request","GET","/api/partner-tours/[slug]/price?[params]","fetch(`/api/partner-tours/${tour.slug}/price?${params}`)","source_only","high","/excursions/[slug]|/organizer/tours/[id]/preview|/tours/[slug]","3"
"c506aa68f2538c8c","src/hooks/usePartnerTourSchedule.ts","42","32","http_request","GET","/api/partner-tours/[slug]/schedule","fetch(`/api/partner-tours/${tour.slug}/schedule`)","source_only","high","/excursions/[slug]|/organizer/tours/[id]/preview|/tours/[slug]","3"
"59a69ca5b48983b2","src/hooks/useSiteBrandName.ts","12","10","http_request","GET","/api/site/globals","fetch(""/api/site/globals"")","source_only","high","/admin/content/documents/[id]|/organizer/articles/[id]/edit","2"
"0ffcc5a350801d60","src/hooks/useSiteNavLayout.ts","71","9","data_mutation","DELETE","supabase_or_repository","itemWidthsRef.current.delete(sectionId)","source_only","medium","/|/about|/account/update-password|/admin|/admin/analytics|/admin/analytics/funnels|/admin/content-freshness|/admin/content/documents|/admin/content/documents/[id]|/admin/content/documents/[id]/preview|/admin/content/forum|/admin/content/knowledge|…","159"
"f6876c2500975a22","src/lib/admin/moderation-server.ts","95","13","data_mutation","UPDATE","supabase_or_repository","supabase .from(""moderation_queue"") .update({ status: ""cancelled"", resolved_at: new Date().toISOString() })","source_only","medium","/admin/marketplace/moderation","1"
"b8028475f928cc00","src/lib/admin/moderation-server.ts","112","42","data_mutation","UPSERT","supabase_or_repository","supabase.from(""moderation_queue"").upsert( { entity_type: ""tour"", entity_id: tour.id, status: ""pending"", reason: tour.product_type ==","source_only","medium","/admin/marketplace/moderation","1"
"b8d63ddee2d67e3c","src/lib/admin/moderation-server.ts","615","27","data_mutation","UPSERT","supabase_or_repository","supabase.from(""moderation_queue"").upsert( { entity_type: ""tour"", entity_id: tourId, status: ""pending"", assigned_to: null, resolved_at: null, ","source_only","medium","/admin/marketplace/moderation","1"
"a9975288cb61c882","src/lib/analytics/gtm-events.ts","110","8","http_request","POST","/api/analytics/events","fetch(""/api/analytics/events"", { method: ""POST"", headers: { ""Content-Type"": ""application/json"" }, keepalive: true, body: JSON.stringify({ eventType: input.eve","source_only","high","/|/about|/account/update-password|/admin|/admin/analytics|/admin/analytics/funnels|/admin/content-freshness|/admin/content/documents|/admin/content/documents/[id]|/admin/content/documents/[id]/preview|/admin/content/forum|/admin/content/knowledge|…","159"
"2e3a3c02e179dff6","src/lib/apartments/apartment-repository-server.ts","102","56","data_mutation","UPDATE","supabase_or_repository","createHash(""sha256"").update(value)","source_only","medium","/apartments|/apartments/[slug]","2"
"0aa417db4c3686f0","src/lib/argentina-exchange-rates.ts","83","26","http_request","UNRESOLVED","dynamic","fetch(url, { next: { revalidate: REVALIDATE_SECONDS }, signal: AbortSignal.timeout(10_000), })","source_only","medium","/|/about|/account/update-password|/admin|/admin/analytics|/admin/analytics/funnels|/admin/content-freshness|/admin/content/documents|/admin/content/documents/[id]|/admin/content/documents/[id]/preview|/admin/content/forum|/admin/content/knowledge|…","159"
"928780ef7453d5d8","src/lib/argentina-weather-api.ts","46","26","http_request","GET","dynamic","fetch(url.toString())","source_only","medium","/guide/[slug]|/immigration/[slug]","2"
"9753ae33013f96b6","src/lib/auth-flow.ts","28","44","data_mutation","DELETE","supabase_or_repository","cleaned.delete(key)","source_only","medium","/|/about|/account/update-password|/admin|/admin/analytics|/admin/analytics/funnels|/admin/content-freshness|/admin/content/documents|/admin/content/documents/[id]|/admin/content/documents/[id]/preview|/admin/content/forum|/admin/content/knowledge|…","159"
"e87a603802a47a74","src/lib/blog-ai-link-suggestions.ts","127","28","http_request","POST","https://api.openai.com/v1/chat/completions","fetch(""https://api.openai.com/v1/chat/completions"", { method: ""POST"", headers: { Authorization: `Bearer ${apiKey}`, ""Content-Type"": ""application/json"", ","source_only","high","/admin/content/documents/[id]","1"
"0ea324591a8efc22","src/lib/blog-comments-server.ts","275","33","data_mutation","INSERT","supabase_or_repository","supabase .from(""blog_article_comments"") .insert({ article_slug: input.articleSlug, user_id: input.userId, body, status: ""published"", parent_id","source_only","medium","/admin/marketplace/moderation","1"
"74e87bcfc01719b0","src/lib/blog-comments-server.ts","324","27","data_mutation","INSERT","supabase_or_repository","supabase.from(""blog_comment_reports"").insert({ comment_id: input.commentId, reporter_user_id: input.reporterUserId, reason: input.reason, details: input.details?.tr","source_only","medium","/admin/marketplace/moderation","1"
"947a3871707f97d8","src/lib/blog-reading-history-sync.ts","14","26","http_request","UNRESOLVED","/api/blog/reading-history","fetch(""/api/blog/reading-history"", { credentials: ""same-origin"" })","source_only","high","/|/about|/account/update-password|/admin|/admin/analytics|/admin/analytics/funnels|/admin/content-freshness|/admin/content/documents|/admin/content/documents/[id]|/admin/content/documents/[id]/preview|/admin/content/forum|/admin/content/knowledge|…","159"
"f6331b7f4e0e34d1","src/lib/blog-reading-history-sync.ts","21","9","http_request","POST","/api/blog/reading-history","fetch(""/api/blog/reading-history"", { method: ""POST"", credentials: ""same-origin"", headers: { ""Content-Type"": ""application/json"" }, body: JSON.stringify({ slug:","source_only","high","/|/about|/account/update-password|/admin|/admin/analytics|/admin/analytics/funnels|/admin/content-freshness|/admin/content/documents|/admin/content/documents/[id]|/admin/content/documents/[id]/preview|/admin/content/forum|/admin/content/knowledge|…","159"
"b1ae526632a0aabf","src/lib/booking-travelers-api.ts","13","26","http_request","UNRESOLVED","/api/bookings/travelers/[token]","fetch(`/api/bookings/travelers/${encodeURIComponent(token)}`, { cache: ""no-store"" })","source_only","high","/booking/travelers/[token]","1"
"2b2b7907057319b3","src/lib/booking-travelers-api.ts","24","11","http_request","PUT","/api/bookings/travelers/[token]","fetch(`/api/bookings/travelers/${encodeURIComponent(token)}`, { method: ""PUT"", headers: { ""Content-Type"": ""application/json"" }, body: JSON.stringify({ travelers }","source_only","high","/booking/travelers/[token]","1"
"94658f76af0497d7","src/lib/booking-travelers-server.ts","125","33","data_mutation","UPDATE","supabase_or_repository","input.admin .from(""bookings"") .update({ payload: { ...payload, travelers, fillTravelersLater: false, travelersCompletedAt: completedAt","source_only","medium","/booking/travelers/[token]","1"
"d24c50d7a5dcbe97","src/lib/bookings-api.ts","25","11","http_request","POST","/api/bookings","fetch(""/api/bookings"", { method: ""POST"", headers: { ""Content-Type"": ""application/json"" }, body: JSON.stringify({ command, captchaToken: protection","source_only","high","/|/about|/account/update-password|/admin|/admin/analytics|/admin/analytics/funnels|/admin/content-freshness|/admin/content/documents|/admin/content/documents/[id]|/admin/content/documents/[id]/preview|/admin/content/forum|/admin/content/knowledge|…","159"
"f4c1705b16d7078c","src/lib/bookings-api.ts","39","63","http_request","GET","/api/bookings","fetch(""/api/bookings"")","source_only","high","/|/about|/account/update-password|/admin|/admin/analytics|/admin/analytics/funnels|/admin/content-freshness|/admin/content/documents|/admin/content/documents/[id]|/admin/content/documents/[id]/preview|/admin/content/forum|/admin/content/knowledge|…","159"
"525e202db895453e","src/lib/bookings-api.ts","44","26","http_request","GET","/api/bookings/[bookingId]","fetch(`/api/bookings/${encodeURIComponent(bookingId)}`)","source_only","high","/|/about|/account/update-password|/admin|/admin/analytics|/admin/analytics/funnels|/admin/content-freshness|/admin/content/documents|/admin/content/documents/[id]|/admin/content/documents/[id]/preview|/admin/content/forum|/admin/content/knowledge|…","159"
"9e83dcaae149d6b2","src/lib/bookings-api.ts","52","11","http_request","GET","/api/organizer/bookings","fetch(""/api/organizer/bookings"")","source_only","high","/|/about|/account/update-password|/admin|/admin/analytics|/admin/analytics/funnels|/admin/content-freshness|/admin/content/documents|/admin/content/documents/[id]|/admin/content/documents/[id]/preview|/admin/content/forum|/admin/content/knowledge|…","159"
"fad3ffee15636be0","src/lib/bookings-api.ts","59","11","http_request","POST","/api/bookings/attach-guest","fetch(""/api/bookings/attach-guest"", { method: ""POST"" })","source_only","high","/|/about|/account/update-password|/admin|/admin/analytics|/admin/analytics/funnels|/admin/content-freshness|/admin/content/documents|/admin/content/documents/[id]|/admin/content/documents/[id]/preview|/admin/content/forum|/admin/content/knowledge|…","159"
"497ebd1aa2c10875","src/lib/bookings-api.ts","70","11","http_request","PATCH","/api/bookings/[bookingId]","fetch(`/api/bookings/${encodeURIComponent(input.bookingId)}`, { method: ""PATCH"", headers: { ""Content-Type"": ""application/json"" }, body: JSON.stringify({ a","source_only","high","/|/about|/account/update-password|/admin|/admin/analytics|/admin/analytics/funnels|/admin/content-freshness|/admin/content/documents|/admin/content/documents/[id]|/admin/content/documents/[id]/preview|/admin/content/forum|/admin/content/knowledge|…","159"
"085ede28284e7477","src/lib/bookings-api.ts","85","11","http_request","PATCH","/api/bookings/[bookingId]","fetch(`/api/bookings/${encodeURIComponent(bookingId)}`, { method: ""PATCH"", headers: { ""Content-Type"": ""application/json"" }, body: JSON.stringify({ action: ""cancel","source_only","high","/|/about|/account/update-password|/admin|/admin/analytics|/admin/analytics/funnels|/admin/content-freshness|/admin/content/documents|/admin/content/documents/[id]|/admin/content/documents/[id]/preview|/admin/content/forum|/admin/content/knowledge|…","159"
"11ad051c2606ae2b","src/lib/bookings-api.ts","100","11","http_request","PATCH","/api/bookings/[bookingId]","fetch(`/api/bookings/${encodeURIComponent(input.bookingId)}`, { method: ""PATCH"", headers: { ""Content-Type"": ""application/json"" }, body: JSON.stringify({ a","source_only","high","/|/about|/account/update-password|/admin|/admin/analytics|/admin/analytics/funnels|/admin/content-freshness|/admin/content/documents|/admin/content/documents/[id]|/admin/content/documents/[id]/preview|/admin/content/forum|/admin/content/knowledge|…","159"
"279178a9f77288fe","src/lib/bookings-api.ts","117","11","http_request","POST","/api/bookings/[bookingId]/payment/preference","fetch(`/api/bookings/${encodeURIComponent(input.bookingId)}/payment/preference`, { method: ""POST"", headers: { ""Content-Type"": ""application/json"" }, body: JSON.str","source_only","high","/|/about|/account/update-password|/admin|/admin/analytics|/admin/analytics/funnels|/admin/content-freshness|/admin/content/documents|/admin/content/documents/[id]|/admin/content/documents/[id]/preview|/admin/content/forum|/admin/content/knowledge|…","159"
"c3eba03a4ca2675c","src/lib/bookings-api.ts","132","11","http_request","POST","/api/bookings/[bookingId]/payment/stripe/session","fetch(`/api/bookings/${encodeURIComponent(input.bookingId)}/payment/stripe/session`, { method: ""POST"", headers: { ""Content-Type"": ""application/json"" }, body: JSON","source_only","high","/|/about|/account/update-password|/admin|/admin/analytics|/admin/analytics/funnels|/admin/content-freshness|/admin/content/documents|/admin/content/documents/[id]|/admin/content/documents/[id]/preview|/admin/content/forum|/admin/content/knowledge|…","159"
"e8627e32975c1abc","src/lib/bookings-api.ts","146","11","http_request","PATCH","/api/bookings/[bookingId]","fetch(`/api/bookings/${encodeURIComponent(input.bookingId)}`, { method: ""PATCH"", headers: { ""Content-Type"": ""application/json"" }, body: JSON.stringify({ action: ""","source_only","high","/|/about|/account/update-password|/admin|/admin/analytics|/admin/analytics/funnels|/admin/content-freshness|/admin/content/documents|/admin/content/documents/[id]|/admin/content/documents/[id]/preview|/admin/content/forum|/admin/content/knowledge|…","159"
"d055b5d6781915de","src/lib/bookings-api.ts","177","11","http_request","GET","/api/bookings/payment-link/[token]","fetch(`/api/bookings/payment-link/${encodeURIComponent(token)}`, { method: ""GET"", cache: ""no-store"", })","source_only","high","/|/about|/account/update-password|/admin|/admin/analytics|/admin/analytics/funnels|/admin/content-freshness|/admin/content/documents|/admin/content/documents/[id]|/admin/content/documents/[id]/preview|/admin/content/forum|/admin/content/knowledge|…","159"
"2ac4d836f6ad81a2","src/lib/bookings-api.ts","191","12","http_request","UNRESOLVED","/api/bookings/[bookingId]/payment/receipt","fetch(`/api/bookings/${encodeURIComponent(bookingId)}/payment/receipt`, { cache: ""no-store"" })","source_only","high","/|/about|/account/update-password|/admin|/admin/analytics|/admin/analytics/funnels|/admin/content-freshness|/admin/content/documents|/admin/content/documents/[id]|/admin/content/documents/[id]/preview|/admin/content/forum|/admin/content/knowledge|…","159"
"0c8b48ecfb194de8","src/lib/bookings-api.ts","196","11","http_request","UNRESOLVED","/api/payments/sandbox-mode","fetch(""/api/payments/sandbox-mode"", { cache: ""no-store"" })","source_only","high","/|/about|/account/update-password|/admin|/admin/analytics|/admin/analytics/funnels|/admin/content-freshness|/admin/content/documents|/admin/content/documents/[id]|/admin/content/documents/[id]/preview|/admin/content/forum|/admin/content/knowledge|…","159"
"6879a81f754bf677","src/lib/bookings-api.ts","218","11","http_request","POST","/api/bookings/[bookingId]/payment/sandbox","fetch(`/api/bookings/${encodeURIComponent(input.bookingId)}/payment/sandbox`, { method: ""POST"", headers: { ""Content-Type"": ""application/json"" }, body: JSON.string","source_only","high","/|/about|/account/update-password|/admin|/admin/analytics|/admin/analytics/funnels|/admin/content-freshness|/admin/content/documents|/admin/content/documents/[id]|/admin/content/documents/[id]/preview|/admin/content/forum|/admin/content/knowledge|…","159"
"f2026c2cb5a6a477","src/lib/bookings-api.ts","234","11","http_request","UNRESOLVED","/api/organizer/bookings/[bookingId]/commission","fetch(`/api/organizer/bookings/${encodeURIComponent(bookingId)}/commission`, { cache: ""no-store"", })","source_only","high","/|/about|/account/update-password|/admin|/admin/analytics|/admin/analytics/funnels|/admin/content-freshness|/admin/content/documents|/admin/content/documents/[id]|/admin/content/documents/[id]/preview|/admin/content/forum|/admin/content/knowledge|…","159"
"ee2824ecd2db9b8b","src/lib/bookings-api.ts","260","11","http_request","POST","/api/bookings/lookup","fetch(""/api/bookings/lookup"", { method: ""POST"", headers: { ""Content-Type"": ""application/json"" }, body: JSON.stringify({ email }), })","source_only","high","/|/about|/account/update-password|/admin|/admin/analytics|/admin/analytics/funnels|/admin/content-freshness|/admin/content/documents|/admin/content/documents/[id]|/admin/content/documents/[id]/preview|/admin/content/forum|/admin/content/knowledge|…","159"
"ba96e288e246876d","src/lib/bookings-api.ts","270","11","http_request","POST","/api/bookings/lookup/verify","fetch(""/api/bookings/lookup/verify"", { method: ""POST"", headers: { ""Content-Type"": ""application/json"" }, body: JSON.stringify({ requestId, code }), })","source_only","high","/|/about|/account/update-password|/admin|/admin/analytics|/admin/analytics/funnels|/admin/content-freshness|/admin/content/documents|/admin/content/documents/[id]|/admin/content/documents/[id]/preview|/admin/content/forum|/admin/content/knowledge|…","159"
"ca60ab3e28073772","src/lib/bookings-api.ts","280","11","http_request","UNRESOLVED","/api/bookings/lookup/results","fetch(""/api/bookings/lookup/results"", { cache: ""no-store"" })","source_only","high","/|/about|/account/update-password|/admin|/admin/analytics|/admin/analytics/funnels|/admin/content-freshness|/admin/content/documents|/admin/content/documents/[id]|/admin/content/documents/[id]/preview|/admin/content/forum|/admin/content/knowledge|…","159"
"eba46fdb6f8440de","src/lib/bookings-api.ts","287","11","http_request","UNRESOLVED","/api/tripster/booking-request","fetch(""/api/tripster/booking-request"", { cache: ""no-store"" })","source_only","high","/|/about|/account/update-password|/admin|/admin/analytics|/admin/analytics/funnels|/admin/content-freshness|/admin/content/documents|/admin/content/documents/[id]|/admin/content/documents/[id]/preview|/admin/content/forum|/admin/content/knowledge|…","159"
"7aa286b9ad4eae0b","src/lib/bookings-api.ts","294","11","http_request","UNRESOLVED","/api/youtravel/booking-request","fetch(""/api/youtravel/booking-request"", { cache: ""no-store"" })","source_only","high","/|/about|/account/update-password|/admin|/admin/analytics|/admin/analytics/funnels|/admin/content-freshness|/admin/content/documents|/admin/content/documents/[id]|/admin/content/documents/[id]/preview|/admin/content/forum|/admin/content/knowledge|…","159"
"4b862c6487a207ff","src/lib/bookings-api.ts","303","11","http_request","POST","/api/youtravel/booking-request/[id]/refresh","fetch(`/api/youtravel/booking-request/${encodeURIComponent(id)}/refresh`, { method: ""POST"", })","source_only","high","/|/about|/account/update-password|/admin|/admin/analytics|/admin/analytics/funnels|/admin/content-freshness|/admin/content/documents|/admin/content/documents/[id]|/admin/content/documents/[id]/preview|/admin/content/forum|/admin/content/knowledge|…","159"
"bfd8904b7db788a5","src/lib/cms/cms-cutover.ts","255","27","data_mutation","UPSERT","supabase_or_repository","supabase.from(""site_settings"").upsert( { key: ""site.features"", value: value as unknown as Json, updated_by: actorId, }, { onConflict: ""key"" } )","source_only","medium","/admin/system/settings|/blog|/blog/[slug]|/blog/authors|/blog/authors/[slug]|/blog/hub/[hubId]|/destinations|/destinations/[slug]|/guide/[slug]|/places|/places/[slug]","11"
"59ea524be7ae98ee","src/lib/cms/cms-ts-seed.ts","159","9","data_mutation","INSERT","supabase_or_repository","supabase.from(""content_revisions"").insert({ document_id: documentId, revision_number: (data?.revision_number ?? 0) + 1, title, body: body as Json, seo: seo as J","source_only","medium","/admin/content/documents","1"
"0754c33b4f22923e","src/lib/cms/cms-ts-seed.ts","212","31","data_mutation","UPDATE","supabase_or_repository","supabase .from(""content_documents"") .update({ title: entry.title, body: entry.body as Json, seo: entry.seo as Json, status, ","source_only","medium","/admin/content/documents","1"
"295d3524d459fdbd","src/lib/cms/cms-ts-seed.ts","249","29","data_mutation","INSERT","supabase_or_repository","supabase.from(""content_documents"").insert(row)","source_only","medium","/admin/content/documents","1"
"dfefedbb3c03faa1","src/lib/cms/cms-ts-seed.ts","299","31","data_mutation","UPDATE","supabase_or_repository","supabase .from(""content_documents"") .update({ title: entry.title, body: entry.body as Json, seo: entry.seo as Json, status, ","source_only","medium","/admin/content/documents","1"
"b4693c370cea23f4","src/lib/cms/cms-ts-seed.ts","336","29","data_mutation","INSERT","supabase_or_repository","supabase.from(""content_documents"").insert(row)","source_only","medium","/admin/content/documents","1"
"60b8cc0c49a94c60","src/lib/cms/cms-ts-seed.ts","440","31","data_mutation","UPDATE","supabase_or_repository","supabase .from(""content_documents"") .update({ title: entry.title, body: entry.body as Json, seo: entry.seo as Json, status, ","source_only","medium","/admin/content/documents","1"
"661292a2dcf5d073","src/lib/cms/cms-ts-seed.ts","477","29","data_mutation","INSERT","supabase_or_repository","supabase.from(""content_documents"").insert(row)","source_only","medium","/admin/content/documents","1"
"3b16678c7bad6936","src/lib/cms/cms-ts-seed.ts","526","31","data_mutation","UPDATE","supabase_or_repository","supabase .from(""content_documents"") .update({ title: entry.title, body: entry.body as Json, seo: entry.seo as Json, status, ","source_only","medium","/admin/content/documents","1"
"ce4f5f27b34a8050","src/lib/cms/cms-ts-seed.ts","563","29","data_mutation","INSERT","supabase_or_repository","supabase.from(""content_documents"").insert(row)","source_only","medium","/admin/content/documents","1"
"6928682f2cf94f16","src/lib/cms/knowledge-resolver.ts","252","7","data_mutation","DELETE","supabase_or_repository","byId.delete(document.slug)","source_only","medium","/baza-znaniy|/baza-znaniy/[slug]|/baza-znaniy/avtory|/baza-znaniy/avtory/[slug]|/baza-znaniy/poisk|/baza-znaniy/razdel/[slug]","6"
"71e6c4f296538232","src/lib/cms/knowledge-resolver.ts","257","7","data_mutation","DELETE","supabase_or_repository","byId.delete(document.slug)","source_only","medium","/baza-znaniy|/baza-znaniy/[slug]|/baza-znaniy/avtory|/baza-znaniy/avtory/[slug]|/baza-znaniy/poisk|/baza-znaniy/razdel/[slug]","6"
"fb64d78a669b5111","src/lib/conversations-api.ts","25","11","http_request","GET","/api/conversations/by-booking/[bookingId]","fetch(`/api/conversations/by-booking/${encodeURIComponent(bookingId)}`)","source_only","high","/organizer|/organizer/analytics|/organizer/apartments|/organizer/articles|/organizer/articles/[id]/edit|/organizer/bookings|/organizer/bookings/[id]|/organizer/finance|/organizer/group-trips|/organizer/integrations|/organizer/messages|/organizer/payments|…","27"
"830e22fe4a015f88","src/lib/conversations-api.ts","34","11","http_request","GET","/api/conversations/[threadId]/messages","fetch(`/api/conversations/${encodeURIComponent(threadId)}/messages`)","source_only","high","/organizer|/organizer/analytics|/organizer/apartments|/organizer/articles|/organizer/articles/[id]/edit|/organizer/bookings|/organizer/bookings/[id]|/organizer/finance|/organizer/group-trips|/organizer/integrations|/organizer/messages|/organizer/payments|…","27"
"088cd8e785a707eb","src/lib/conversations-api.ts","44","11","http_request","POST","/api/conversations/[threadId]/messages","fetch(`/api/conversations/${encodeURIComponent(threadId)}/messages`, { method: ""POST"", headers: { ""Content-Type"": ""application/json"" }, body: JSON.stringify({ bod","source_only","high","/organizer|/organizer/analytics|/organizer/apartments|/organizer/articles|/organizer/articles/[id]/edit|/organizer/bookings|/organizer/bookings/[id]|/organizer/finance|/organizer/group-trips|/organizer/integrations|/organizer/messages|/organizer/payments|…","27"
"a112d432ac3c230a","src/lib/conversations-api.ts","58","11","http_request","POST","/api/conversations/[threadId]/read","fetch(`/api/conversations/${encodeURIComponent(threadId)}/read`, { method: ""POST"", headers: { ""Content-Type"": ""application/json"" }, body: JSON.stringify({ message","source_only","high","/organizer|/organizer/analytics|/organizer/apartments|/organizer/articles|/organizer/articles/[id]/edit|/organizer/bookings|/organizer/bookings/[id]|/organizer/finance|/organizer/group-trips|/organizer/integrations|/organizer/messages|/organizer/payments|…","27"
"be93134e228762ea","src/lib/conversations-api.ts","72","11","http_request","POST","/api/conversations/[threadId]/typing","fetch(`/api/conversations/${encodeURIComponent(threadId)}/typing`, { method: ""POST"", headers: { ""Content-Type"": ""application/json"" }, body: JSON.stringify({ typin","source_only","high","/organizer|/organizer/analytics|/organizer/apartments|/organizer/articles|/organizer/articles/[id]/edit|/organizer/bookings|/organizer/bookings/[id]|/organizer/finance|/organizer/group-trips|/organizer/integrations|/organizer/messages|/organizer/payments|…","27"
"a8f7536e72625473","src/lib/conversations-api.ts","85","12","http_request","GET","/api/conversations/[threadId]/typing","fetch(`/api/conversations/${encodeURIComponent(threadId)}/typing`)","source_only","high","/organizer|/organizer/analytics|/organizer/apartments|/organizer/articles|/organizer/articles/[id]/edit|/organizer/bookings|/organizer/bookings/[id]|/organizer/finance|/organizer/group-trips|/organizer/integrations|/organizer/messages|/organizer/payments|…","27"
"1b94e9e954707070","src/lib/conversations-api.ts","98","11","http_request","GET","/api/conversations/inbox?[paramstoString]","fetch(`/api/conversations/inbox?${params.toString()}`)","source_only","high","/organizer|/organizer/analytics|/organizer/apartments|/organizer/articles|/organizer/articles/[id]/edit|/organizer/bookings|/organizer/bookings/[id]|/organizer/finance|/organizer/group-trips|/organizer/integrations|/organizer/messages|/organizer/payments|…","27"
"ce583baad3e493f0","src/lib/conversations-api.ts","110","11","http_request","GET","/api/conversations/inbox?[paramstoString]","fetch(`/api/conversations/inbox?${params.toString()}`)","source_only","high","/organizer|/organizer/analytics|/organizer/apartments|/organizer/articles|/organizer/articles/[id]/edit|/organizer/bookings|/organizer/bookings/[id]|/organizer/finance|/organizer/group-trips|/organizer/integrations|/organizer/messages|/organizer/payments|…","27"
"619e39496e98ad61","src/lib/currency.ts","123","23","http_request","GET","/api/exchange-rates","fetch(""/api/exchange-rates"")","source_only","high","/|/about|/account/update-password|/admin|/admin/analytics|/admin/analytics/funnels|/admin/content-freshness|/admin/content/documents|/admin/content/documents/[id]|/admin/content/documents/[id]/preview|/admin/content/forum|/admin/content/knowledge|…","159"
"6eb6cb01e2d1b86c","src/lib/exchange-rates.ts","44","28","http_request","UNRESOLVED","dynamic","fetch(FRANKFURTER_URL, { next: { revalidate: REVALIDATE_SECONDS }, signal: AbortSignal.timeout(10_000), })","source_only","medium","/|/about|/account/update-password|/admin|/admin/analytics|/admin/analytics/funnels|/admin/content-freshness|/admin/content/documents|/admin/content/documents/[id]|/admin/content/documents/[id]/preview|/admin/content/forum|/admin/content/knowledge|…","159"
"f1fba633d991e549","src/lib/favorites-store.ts","206","26","http_request","GET","/api/favorites","fetch(""/api/favorites"", { method: ""GET"", credentials: ""same-origin"", cache: ""no-store"", })","source_only","high","/|/about|/account/update-password|/admin|/admin/analytics|/admin/analytics/funnels|/admin/content-freshness|/admin/content/documents|/admin/content/documents/[id]|/admin/content/documents/[id]/preview|/admin/content/forum|/admin/content/knowledge|…","159"
"38ecc493b7c2d1fd","src/lib/favorites-store.ts","232","26","http_request","POST","/api/favorites","fetch(""/api/favorites"", { method: ""POST"", credentials: ""same-origin"", headers: { ""Content-Type"": ""application/json"" }, body: JSON.stringify({ items }), })","source_only","high","/|/about|/account/update-password|/admin|/admin/analytics|/admin/analytics/funnels|/admin/content-freshness|/admin/content/documents|/admin/content/documents/[id]|/admin/content/documents/[id]/preview|/admin/content/forum|/admin/content/knowledge|…","159"
"c48dcb9c7ac830c7","src/lib/favorites-store.ts","248","26","http_request","DELETE","/api/favorites","fetch(""/api/favorites"", { method: ""DELETE"", credentials: ""same-origin"", headers: { ""Content-Type"": ""application/json"" }, body: JSON.stringify(item), })","source_only","high","/|/about|/account/update-password|/admin|/admin/analytics|/admin/analytics/funnels|/admin/content-freshness|/admin/content/documents|/admin/content/documents/[id]|/admin/content/documents/[id]/preview|/admin/content/forum|/admin/content/knowledge|…","159"
"f3c304cb4494fd47","src/lib/feature-flags/server.ts","64","7","data_mutation","DELETE","supabase_or_repository","flagRetryAfter.delete(flagKey)","source_only","medium","/","1"
"e29acb51fa27a1ad","src/lib/feature-flags/server.ts","74","48","data_mutation","DELETE","supabase_or_repository","flagInFlight.delete(flagKey)","source_only","medium","/","1"
"1daea7614ccbbfc7","src/lib/feature-flags/server.ts","89","18","data_mutation","UPDATE","supabase_or_repository","createHash(""sha256"") .update(`${flagKey}:${userId}`, ""utf8"")","source_only","medium","/","1"
"3817463953291416","src/lib/feature-flags/server.ts","120","3","data_mutation","DELETE","supabase_or_repository","flagCache.delete(normalizedKey)","source_only","medium","/","1"
"95d3f18c41d9ea21","src/lib/feature-flags/server.ts","121","3","data_mutation","DELETE","supabase_or_repository","flagInFlight.delete(normalizedKey)","source_only","medium","/","1"
"5c74fd322b04688e","src/lib/feature-flags/server.ts","122","3","data_mutation","DELETE","supabase_or_repository","flagRetryAfter.delete(normalizedKey)","source_only","medium","/","1"
"21623179c78b4019","src/lib/flights/wl-search-params.ts","328","33","data_mutation","DELETE","supabase_or_repository","searchParams.delete(key)","source_only","medium","/destinations/[slug]|/embed/flights/wl|/excursions/[slug]|/excursions/city/[citySlug]|/flights|/flights/[route]|/guide/[slug]|/mapa-argentina|/organizer/tours/[id]/preview|/tours/[slug]","10"
"ac41bdc3d3747395","src/lib/forum/forum-server.ts","278","54","data_mutation","INSERT","supabase_or_repository","supabase .from(""forum_threads"") .insert({ category_id: category.id, author_id: input.authorId, title: titleResult.title, })","source_only","medium","/admin/marketplace/moderation|/forum|/forum/[category]|/forum/[category]/[threadId]","4"
"f28e52557b66a85d","src/lib/forum/forum-server.ts","292","50","data_mutation","INSERT","supabase_or_repository","supabase .from(""forum_posts"") .insert({ thread_id: thread.id, author_id: input.authorId, body: bodyResult.body, })","source_only","medium","/admin/marketplace/moderation|/forum|/forum/[category]|/forum/[category]/[threadId]","4"
"36b4c1d4a6d2ff99","src/lib/forum/forum-server.ts","361","50","data_mutation","INSERT","supabase_or_repository","supabase .from(""forum_posts"") .insert({ thread_id: thread.id, author_id: input.authorId, body: bodyResult.body, })","source_only","medium","/admin/marketplace/moderation|/forum|/forum/[category]|/forum/[category]/[threadId]","4"
"a973eb7acff27fb9","src/lib/forum/forum-server.ts","485","54","data_mutation","INSERT","supabase_or_repository","supabase .from(""forum_post_reports"") .insert({ post_id: input.postId, reporter_user_id: input.reporterUserId, reason: input.reason, details: input.d","source_only","medium","/admin/marketplace/moderation|/forum|/forum/[category]|/forum/[category]/[threadId]","4"
"96035f0b408c4034","src/lib/group-trips-api.ts","25","21","http_request","GET","/api/group-trips[qsqs]","fetch(`/api/group-trips${qs ? `?${qs}` : """"}`)","source_only","high","/excursions/[slug]|/organizer/group-trips|/organizer/tours/[id]/preview|/profile/group-trips|/tours/[slug]","5"
"99ff059c3d6de931","src/lib/group-trips-api.ts","36","21","http_request","POST","/api/group-trips","fetch(""/api/group-trips"", { method: ""POST"", headers: { ""Content-Type"": ""application/json"" }, body: JSON.stringify(input), })","source_only","high","/excursions/[slug]|/organizer/group-trips|/organizer/tours/[id]/preview|/profile/group-trips|/tours/[slug]","5"
"6380296d941aaf3d","src/lib/group-trips-api.ts","49","21","http_request","POST","/api/group-trips/[listingId]/join","fetch(`/api/group-trips/${encodeURIComponent(listingId)}/join`, { method: ""POST"", })","source_only","high","/excursions/[slug]|/organizer/group-trips|/organizer/tours/[id]/preview|/profile/group-trips|/tours/[slug]","5"
"92226664367a7330","src/lib/group-trips-api.ts","60","21","http_request","POST","/api/group-trips/[listingId]/leave","fetch(`/api/group-trips/${encodeURIComponent(listingId)}/leave`, { method: ""POST"", })","source_only","high","/excursions/[slug]|/organizer/group-trips|/organizer/tours/[id]/preview|/profile/group-trips|/tours/[slug]","5"
"452d4f69b33c9def","src/lib/group-trips-api.ts","74","21","http_request","PATCH","/api/organizer/group-trips/[listingId]","fetch(`/api/organizer/group-trips/${encodeURIComponent(listingId)}`, { method: ""PATCH"", headers: { ""Content-Type"": ""application/json"" }, body: JSON.stringify({ action }","source_only","high","/excursions/[slug]|/organizer/group-trips|/organizer/tours/[id]/preview|/profile/group-trips|/tours/[slug]","5"
"cf76740ada93fc0d","src/lib/map-thematic-loader.ts","82","23","http_request","UNRESOLVED","dynamic","fetch(url, { cache: ""force-cache"" })","source_only","medium","/mapa-argentina","1"
"ea49e29eb8fe4c02","src/lib/map-thematic-loader.ts","94","23","http_request","HEAD","dynamic","fetch(url, { method: ""HEAD"", cache: ""force-cache"" })","source_only","medium","/mapa-argentina","1"
"49e1a3a75ab03166","src/lib/map-thematic-loader.ts","201","3","data_mutation","DELETE","supabase_or_repository","loading.delete(layerId)","source_only","medium","/mapa-argentina","1"
"83a3213e1eb52ccb","src/lib/media/partner-image-proxy.ts","47","28","http_request","UNRESOLVED","dynamic","fetch(current, { ...init, redirect: ""manual"", cache: ""no-store"", })","source_only","medium","/|/about|/account/update-password|/admin|/admin/analytics|/admin/analytics/funnels|/admin/content-freshness|/admin/content/documents|/admin/content/documents/[id]|/admin/content/documents/[id]/preview|/admin/content/forum|/admin/content/knowledge|…","159"
"7f4a42eaab5726aa","src/lib/notifications/email-delivery.ts","142","54","data_mutation","UPDATE","supabase_or_repository","table .update({ status: ""sending"", attempts: row.attempts + 1, last_attempt_at: new Date().toISOString() })","source_only","medium","/admin/marketplace/moderation|/blog|/blog/[slug]|/blog/author/[slug]|/blog/hub/[hubId]|/destinations/[slug]|/excursions/[slug]|/organizer/tours/[id]/preview|/places/[slug]|/tours/[slug]|/tours/region/iguazu","11"
"f7b2d37a4ca5c9eb","src/lib/notifications/email-delivery.ts","151","28","http_request","POST","dynamic","fetch(RESEND_ENDPOINT, { method: ""POST"", headers: { Authorization: `Bearer ${config.apiKey}`, ""Content-Type"": ""application/json"", ""Idempotency-K","source_only","medium","/admin/marketplace/moderation|/blog|/blog/[slug]|/blog/author/[slug]|/blog/hub/[hubId]|/destinations/[slug]|/excursions/[slug]|/organizer/tours/[id]/preview|/places/[slug]|/tours/[slug]|/tours/region/iguazu","11"
"5ee160e5fa38455a","src/lib/notifications/email-delivery.ts","171","13","data_mutation","UPDATE","supabase_or_repository","table .update({ status: ""delivered"", delivered_at: new Date().toISOString(), provider_message_id: responseBody?.id ?? null, last_err","source_only","medium","/admin/marketplace/moderation|/blog|/blog/[slug]|/blog/author/[slug]|/blog/hub/[hubId]|/destinations/[slug]|/excursions/[slug]|/organizer/tours/[id]/preview|/places/[slug]|/tours/[slug]|/tours/region/iguazu","11"
"3fe244eb2f6d90c2","src/lib/notifications/email-delivery.ts","187","11","data_mutation","UPDATE","supabase_or_repository","table .update({ status: attempts >= EMAIL_MAX_ATTEMPTS ? ""dead"" : ""failed"", last_error: `Resend HTTP ${response.status}`, next_attempt_at: attempts >=","source_only","medium","/admin/marketplace/moderation|/blog|/blog/[slug]|/blog/author/[slug]|/blog/hub/[hubId]|/destinations/[slug]|/excursions/[slug]|/organizer/tours/[id]/preview|/places/[slug]|/tours/[slug]|/tours/region/iguazu","11"
"4e2e659cd5a3afd9","src/lib/notifications/email-delivery.ts","197","11","data_mutation","UPDATE","supabase_or_repository","table .update({ status: attempts >= EMAIL_MAX_ATTEMPTS ? ""dead"" : ""failed"", last_error: error instanceof Error ? error.message.slice(0, 1000) : ""Email deliver","source_only","medium","/admin/marketplace/moderation|/blog|/blog/[slug]|/blog/author/[slug]|/blog/hub/[hubId]|/destinations/[slug]|/excursions/[slug]|/organizer/tours/[id]/preview|/places/[slug]|/tours/[slug]|/tours/region/iguazu","11"
"69bce2097747a070","src/lib/notifications/email-delivery.ts","229","35","data_mutation","INSERT","supabase_or_repository","(supabase as any) .from(""email_delivery_outbox"") .insert({ from_email: from, recipients: input.to, subject: input.subject, html_body: ht","source_only","medium","/admin/marketplace/moderation|/blog|/blog/[slug]|/blog/author/[slug]|/blog/hub/[hubId]|/destinations/[slug]|/excursions/[slug]|/organizer/tours/[id]/preview|/places/[slug]|/tours/[slug]|/tours/region/iguazu","11"
"914a85b7b301ac32","src/lib/notifications/email-delivery.ts","331","9","data_mutation","UPDATE","supabase_or_repository","table .update({ status: ""failed"", next_attempt_at: new Date().toISOString(), last_error: ""Stale sending lease"" })","source_only","medium","/admin/marketplace/moderation|/blog|/blog/[slug]|/blog/author/[slug]|/blog/hub/[hubId]|/destinations/[slug]|/excursions/[slug]|/organizer/tours/[id]/preview|/places/[slug]|/tours/[slug]|/tours/region/iguazu","11"
"4acd3f3456afc8f4","src/lib/notifications/email-delivery.ts","338","9","data_mutation","DELETE","supabase_or_repository","table.delete()","source_only","medium","/admin/marketplace/moderation|/blog|/blog/[slug]|/blog/author/[slug]|/blog/hub/[hubId]|/destinations/[slug]|/excursions/[slug]|/organizer/tours/[id]/preview|/places/[slug]|/tours/[slug]|/tours/region/iguazu","11"
"c690a96dbf0e0c85","src/lib/notifications/email-delivery.ts","339","9","data_mutation","DELETE","supabase_or_repository","table.delete()","source_only","medium","/admin/marketplace/moderation|/blog|/blog/[slug]|/blog/author/[slug]|/blog/hub/[hubId]|/destinations/[slug]|/excursions/[slug]|/organizer/tours/[id]/preview|/places/[slug]|/tours/[slug]|/tours/region/iguazu","11"
"78eb21394abf6450","src/lib/notifications/notifications-api.ts","19","21","http_request","UNRESOLVED","/api/notifications?[paramstoString]","fetch(`/api/notifications?${params.toString()}`, { credentials: ""same-origin"", })","source_only","high","/admin/operations/bookings|/booking/pay/[token]|/booking/pay/[token]/result|/booking/travelers/[token]|/organizer|/organizer/analytics|/organizer/apartments|/organizer/articles|/organizer/articles/[id]/edit|/organizer/bookings|/organizer/bookings/[id]|/organizer/finance|…","32"
"3fccd91400691aa2","src/lib/notifications/notifications-api.ts","36","21","http_request","PATCH","/api/notifications","fetch(""/api/notifications"", { method: ""PATCH"", credentials: ""same-origin"", headers: { ""Content-Type"": ""application/json"" }, body: JSON.stringify(input), })","source_only","high","/admin/operations/bookings|/booking/pay/[token]|/booking/pay/[token]/result|/booking/travelers/[token]|/organizer|/organizer/analytics|/organizer/apartments|/organizer/articles|/organizer/articles/[id]/edit|/organizer/bookings|/organizer/bookings/[id]|/organizer/finance|…","32"
"5b5e43a481bb6862","src/lib/notifications/notifications-api.ts","54","21","http_request","PATCH","/api/notifications/preferences","fetch(""/api/notifications/preferences"", { method: ""PATCH"", credentials: ""same-origin"", headers: { ""Content-Type"": ""application/json"" }, body: JSON.stringify(input),","source_only","high","/admin/operations/bookings|/booking/pay/[token]|/booking/pay/[token]/result|/booking/travelers/[token]|/organizer|/organizer/analytics|/organizer/apartments|/organizer/articles|/organizer/articles/[id]/edit|/organizer/bookings|/organizer/bookings/[id]|/organizer/finance|…","32"
"4042dc50d6d672f2","src/lib/notifications/notifications-server.ts","102","11","data_mutation","UPSERT","supabase_or_repository","supabase.from(""notification_preferences"").upsert(rows, { onConflict: ""user_id,channel,category"", })","source_only","medium","/admin/marketplace/moderation|/blog|/blog/[slug]|/blog/author/[slug]|/blog/hub/[hubId]|/destinations/[slug]|/excursions/[slug]|/organizer/tours/[id]/preview|/places/[slug]|/tours/[slug]|/tours/region/iguazu","11"
"17684e7fafe65b0b","src/lib/notifications/notifications-server.ts","141","9","data_mutation","UPSERT","supabase_or_repository","supabase.from(""notification_preferences"").upsert( { user_id: userId, channel: ""email"", category, enabled: false, updated_at: new Date().toISOStrin","source_only","medium","/admin/marketplace/moderation|/blog|/blog/[slug]|/blog/author/[slug]|/blog/hub/[hubId]|/destinations/[slug]|/excursions/[slug]|/organizer/tours/[id]/preview|/places/[slug]|/tours/[slug]|/tours/region/iguazu","11"
"5ac7ae75a04d6f57","src/lib/notifications/notifications-server.ts","247","27","data_mutation","UPDATE","supabase_or_repository","supabase .from(""notification_events"") .update({ read_at: now })","source_only","medium","/admin/marketplace/moderation|/blog|/blog/[slug]|/blog/author/[slug]|/blog/hub/[hubId]|/destinations/[slug]|/excursions/[slug]|/organizer/tours/[id]/preview|/places/[slug]|/tours/[slug]|/tours/region/iguazu","11"
"615c855ed1b38bea","src/lib/notifications/notifications-server.ts","263","33","data_mutation","UPDATE","supabase_or_repository","supabase .from(""notification_events"") .update({ read_at: now })","source_only","medium","/admin/marketplace/moderation|/blog|/blog/[slug]|/blog/author/[slug]|/blog/hub/[hubId]|/destinations/[slug]|/excursions/[slug]|/organizer/tours/[id]/preview|/places/[slug]|/tours/[slug]|/tours/region/iguazu","11"
"e0644636b029563e","src/lib/notifications/notifications-server.ts","300","29","data_mutation","INSERT","supabase_or_repository","supabase.from(""notification_events"").insert({ user_id: input.userId, dedupe_key: input.dedupeKey, event_type: input.eventType, category: input.category, ","source_only","medium","/admin/marketplace/moderation|/blog|/blog/[slug]|/blog/author/[slug]|/blog/hub/[hubId]|/destinations/[slug]|/excursions/[slug]|/organizer/tours/[id]/preview|/places/[slug]|/tours/[slug]|/tours/region/iguazu","11"
"03890d9f07c05480","src/lib/notifications/unsubscribe-token.ts","30","10","data_mutation","UPDATE","supabase_or_repository","createHmac(""sha256"", secret).update(encodedPayload)","source_only","medium","/admin/marketplace/moderation|/blog|/blog/[slug]|/blog/author/[slug]|/blog/hub/[hubId]|/destinations/[slug]|/excursions/[slug]|/organizer/tours/[id]/preview|/places/[slug]|/tours/[slug]|/tours/region/iguazu","11"
"5899be70296d0d7f","src/lib/ops/ops-status.ts","163","3","client_navigation","","dynamic","cronRouteRingBuffer.push(...entries.slice(-CRON_ROUTE_RING_LIMIT))","source_only","medium","/admin|/admin/system/settings","2"
"58e51f9300226a49","src/lib/ops/ops-status.ts","191","3","client_navigation","","dynamic","cronRouteRingBuffer.push({ ...entry, route, })","source_only","medium","/admin|/admin/system/settings","2"
"7be730844963ffc6","src/lib/ops/ops-status.ts","229","9","data_mutation","UPDATE","supabase_or_repository","createHash(""sha256"").update(`${entry.route}:${message}`)","source_only","medium","/admin|/admin/system/settings","2"
"f52de21223699bba","src/lib/ops/ops-status.ts","232","29","data_mutation","INSERT","supabase_or_repository","(supabase as any).from(""ops_cron_runs"").insert({ route: entry.route, started_at: startedAt, finished_at: finishedAt.toISOString(), status: entry.ok ? ""succe","source_only","medium","/admin|/admin/system/settings","2"
"81c4d6b1357c4681","src/lib/organizer-inbox.ts","215","26","http_request","GET","/api/organizer/inbox?filter=[filter]","fetch(`/api/organizer/inbox?filter=${encodeURIComponent(filter)}`)","source_only","high","/organizer|/organizer/analytics|/organizer/apartments|/organizer/articles|/organizer/articles/[id]/edit|/organizer/bookings|/organizer/bookings/[id]|/organizer/finance|/organizer/group-trips|/organizer/integrations|/organizer/messages|/organizer/payments|…","17"
"b2568b343fe08c43","src/lib/organizer-inbox.ts","231","26","http_request","PATCH","/api/organizer/inbox","fetch(""/api/organizer/inbox"", { method: ""PATCH"", headers: { ""Content-Type"": ""application/json"" }, body: JSON.stringify({ itemKey }), })","source_only","high","/organizer|/organizer/analytics|/organizer/apartments|/organizer/articles|/organizer/articles/[id]/edit|/organizer/bookings|/organizer/bookings/[id]|/organizer/finance|/organizer/group-trips|/organizer/integrations|/organizer/messages|/organizer/payments|…","17"
"26a7b036a35b2537","src/lib/organizer-inbox.ts","243","26","http_request","PATCH","/api/organizer/inbox","fetch(""/api/organizer/inbox"", { method: ""PATCH"", headers: { ""Content-Type"": ""application/json"" }, body: JSON.stringify({ itemKeys }), })","source_only","high","/organizer|/organizer/analytics|/organizer/apartments|/organizer/articles|/organizer/articles/[id]/edit|/organizer/bookings|/organizer/bookings/[id]|/organizer/finance|/organizer/group-trips|/organizer/integrations|/organizer/messages|/organizer/payments|…","17"
"9b5909235924b3a9","src/lib/organizer-product-media-client.ts","24","26","http_request","POST","/api/organizer/tours/[productId]/media","fetch( `/api/organizer/tours/${encodeURIComponent(productId)}/media`, { method: ""POST"", body: form, credentials: ""same-origin"" } )","source_only","high","/organizer/settings|/organizer/tours/[id]/edit","2"
"252d17bc9219835e","src/lib/organizer-tour-draft-api.ts","52","11","http_request","GET","/api/organizer/tours/[tourId]/draft","fetch(`/api/organizer/tours/${encodeURIComponent(tourId)}/draft`, { method: ""GET"", credentials: ""same-origin"", })","source_only","high","/organizer/tours|/organizer/tours/[id]/edit","2"
"f87fa7606906f28f","src/lib/organizer-tour-draft-api.ts","64","26","http_request","PATCH","/api/organizer/tours/[tourId]/draft","fetch(`/api/organizer/tours/${encodeURIComponent(input.tourId)}/draft`, { method: ""PATCH"", headers: { ""Content-Type"": ""application/json"" }, credentials: ""same-origin"", ","source_only","high","/organizer/tours|/organizer/tours/[id]/edit","2"
"d898ba30d305e1f6","src/lib/organizer-tour-draft-api.ts","84","11","http_request","GET","/api/organizer/tours","fetch(""/api/organizer/tours"", { method: ""GET"", credentials: ""same-origin"", cache: ""no-store"", })","source_only","high","/organizer/tours|/organizer/tours/[id]/edit","2"
"283c40319ee305fa","src/lib/organizer-tour-draft-api.ts","95","11","http_request","DELETE","/api/organizer/tours/[tourId]/draft","fetch(`/api/organizer/tours/${encodeURIComponent(tourId)}/draft`, { method: ""DELETE"", credentials: ""same-origin"", })","source_only","high","/organizer/tours|/organizer/tours/[id]/edit","2"
"31016927ff4c93f9","src/lib/personalization/interactions-client.ts","85","28","http_request","POST","/api/interactions","fetch(""/api/interactions"", { method: ""POST"", headers: { ""Content-Type"": ""application/json"" }, body: JSON.stringify({ anonymousId, interactions: bu","source_only","high","/|/about|/account/update-password|/admin|/admin/analytics|/admin/analytics/funnels|/admin/content-freshness|/admin/content/documents|/admin/content/documents/[id]|/admin/content/documents/[id]/preview|/admin/content/forum|/admin/content/knowledge|…","159"
"3a1b1d26a3165ca3","src/lib/personalization/interactions-server.ts","49","27","data_mutation","INSERT","supabase_or_repository","supabase.from(""user_interactions"").insert(rows)","source_only","medium","/","1"
"4028b3118affe6eb","src/lib/public-tour-resolver.ts","217","7","data_mutation","DELETE","supabase_or_repository","catalogDetailInFlight.delete(slug)","source_only","medium","/blog|/blog/[slug]|/blog/author/[slug]|/blog/hub/[hubId]|/destinations/[slug]|/excursions/[slug]|/organizer/tours/[id]/preview|/places/[slug]|/tours/[slug]|/tours/region/iguazu","10"
"690f3deab21b5de3","src/lib/quick-explore/client-cache.ts","51","16","data_mutation","DELETE","supabase_or_repository","listeners.delete(listener)","source_only","medium","/|/about|/account/update-password|/admin|/admin/analytics|/admin/analytics/funnels|/admin/content-freshness|/admin/content/documents|/admin/content/documents/[id]|/admin/content/documents/[id]/preview|/admin/content/forum|/admin/content/knowledge|…","159"
"d7e5be9036166ee1","src/lib/quick-explore/client-cache.ts","71","26","http_request","GET","dynamic","fetch(QUICK_EXPLORE_API)","source_only","medium","/|/about|/account/update-password|/admin|/admin/analytics|/admin/analytics/funnels|/admin/content-freshness|/admin/content/documents|/admin/content/documents/[id]|/admin/content/documents/[id]/preview|/admin/content/forum|/admin/content/knowledge|…","159"
"8bc73a02e0b04c79","src/lib/reviews-server.ts","242","33","data_mutation","UPDATE","supabase_or_repository","supabase .from(""tourist_reviews"") .update({ organizer_reply: reply, organizer_replied_at: now, organizer_replied_by: input.organizerUserId, updated_","source_only","medium","/admin/marketplace/moderation|/blog|/blog/[slug]|/blog/author/[slug]|/blog/hub/[hubId]|/destinations/[slug]|/excursions/[slug]|/organizer/tours/[id]/preview|/places/[slug]|/tours/[slug]|/tours/region/iguazu","11"
"3c2f753cb169c932","src/lib/reviews-server.ts","274","33","data_mutation","UPSERT","supabase_or_repository","supabase .from(""tourist_reviews"") .upsert(row, { onConflict: ""id"" })","source_only","medium","/admin/marketplace/moderation|/blog|/blog/[slug]|/blog/author/[slug]|/blog/hub/[hubId]|/destinations/[slug]|/excursions/[slug]|/organizer/tours/[id]/preview|/places/[slug]|/tours/[slug]|/tours/region/iguazu","11"
"1aa7759577f95e0c","src/lib/reviews-server.ts","316","33","data_mutation","UPDATE","supabase_or_repository","supabase .from(""tourist_reviews"") .update(updatePayload)","source_only","medium","/admin/marketplace/moderation|/blog|/blog/[slug]|/blog/author/[slug]|/blog/hub/[hubId]|/destinations/[slug]|/excursions/[slug]|/organizer/tours/[id]/preview|/places/[slug]|/tours/[slug]|/tours/region/iguazu","11"
"72c5f358d5e73f09","src/lib/reviews-server.ts","344","9","data_mutation","UPSERT","supabase_or_repository","supabase.from(""moderation_queue"").upsert( { entity_type: ""review"", entity_id: review.id, status: ""pending"", reason: ""Публикация отзыва туристом"", ","source_only","medium","/admin/marketplace/moderation|/blog|/blog/[slug]|/blog/author/[slug]|/blog/hub/[hubId]|/destinations/[slug]|/excursions/[slug]|/organizer/tours/[id]/preview|/places/[slug]|/tours/[slug]|/tours/region/iguazu","11"
"f4d530bf66bcd5a3","src/lib/reviews-server.ts","453","38","data_mutation","UPDATE","supabase_or_repository","supabase .from(""tourist_reviews"") .update({ status: nextStatus, moderation_notes: note?.trim() || null, moderated_by: actorUserId, moderated_at: now","source_only","medium","/admin/marketplace/moderation|/blog|/blog/[slug]|/blog/author/[slug]|/blog/hub/[hubId]|/destinations/[slug]|/excursions/[slug]|/organizer/tours/[id]/preview|/places/[slug]|/tours/[slug]|/tours/region/iguazu","11"
"dbb2567ceb922963","src/lib/reviews-server.ts","556","54","data_mutation","INSERT","supabase_or_repository","supabase .from(""review_reports"") .insert({ review_id: input.reviewId, reporter_user_id: input.reporterUserId, reason: input.reason, details: input.d","source_only","medium","/admin/marketplace/moderation|/blog|/blog/[slug]|/blog/author/[slug]|/blog/hub/[hubId]|/destinations/[slug]|/excursions/[slug]|/organizer/tours/[id]/preview|/places/[slug]|/tours/[slug]|/tours/region/iguazu","11"
"883e9f6c673e86f0","src/lib/reviews-server.ts","653","41","data_mutation","UPDATE","supabase_or_repository","supabase .from(""review_reports"") .update({ status: nextStatus, resolved_by: actorUserId, resolved_at: now, })","source_only","medium","/admin/marketplace/moderation|/blog|/blog/[slug]|/blog/author/[slug]|/blog/hub/[hubId]|/destinations/[slug]|/excursions/[slug]|/organizer/tours/[id]/preview|/places/[slug]|/tours/[slug]|/tours/region/iguazu","11"
"43385d82600afbe7","src/lib/reviews-server.ts","667","11","data_mutation","UPDATE","supabase_or_repository","supabase .from(""tourist_reviews"") .update({ status: ""rejected"", moderation_notes: ""Скрыт по жалобе пользователя"", moderated_by: actorUserId, ","source_only","medium","/admin/marketplace/moderation|/blog|/blog/[slug]|/blog/author/[slug]|/blog/hub/[hubId]|/destinations/[slug]|/excursions/[slug]|/organizer/tours/[id]/preview|/places/[slug]|/tours/[slug]|/tours/region/iguazu","11"
"27842b2eb428fee2","src/lib/reviews-store.ts","159","27","http_request","PATCH","/api/reviews/[reviewId]","fetch(`/api/reviews/${encodeURIComponent(reviewId)}`, { method: ""PATCH"", headers: { ""Content-Type"": ""application/json"" }, body: JSON.stringify({ actio","source_only","high","/organizer|/organizer/analytics|/organizer/apartments|/organizer/articles|/organizer/articles/[id]/edit|/organizer/bookings|/organizer/bookings/[id]|/organizer/finance|/organizer/group-trips|/organizer/integrations|/organizer/messages|/organizer/payments|…","20"
"d7fe5e8c08342715","src/lib/reviews-store.ts","183","11","http_request","POST","/api/reviews","fetch(""/api/reviews"", { method: ""POST"", headers: { ""Content-Type"": ""application/json"" }, body: JSON.stringify({ review, organizerTourId }), })","source_only","high","/organizer|/organizer/analytics|/organizer/apartments|/organizer/articles|/organizer/articles/[id]/edit|/organizer/bookings|/organizer/bookings/[id]|/organizer/finance|/organizer/group-trips|/organizer/integrations|/organizer/messages|/organizer/payments|…","20"
"25a6b8a4c2223aea","src/lib/saved-articles-sync.ts","8","26","http_request","UNRESOLVED","/api/saved-articles","fetch(""/api/saved-articles"", { credentials: ""same-origin"" })","source_only","high","/admin/content/documents/[id]/preview|/blog/[slug]|/blog/author/[slug]|/organizer/articles/[id]/preview|/profile/favorites","5"
"b583e8bfad9003a2","src/lib/saved-articles-sync.ts","15","9","http_request","POST","/api/saved-articles","fetch(""/api/saved-articles"", { method: ""POST"", credentials: ""same-origin"", headers: { ""Content-Type"": ""application/json"" }, body: JSON.stringify({ slug: artic","source_only","high","/admin/content/documents/[id]/preview|/blog/[slug]|/blog/author/[slug]|/organizer/articles/[id]/preview|/profile/favorites","5"
"093fc0d884929653","src/lib/saved-articles-sync.ts","28","9","http_request","DELETE","/api/saved-articles","fetch(""/api/saved-articles"", { method: ""DELETE"", credentials: ""same-origin"", headers: { ""Content-Type"": ""application/json"" }, body: JSON.stringify({ slug }), })","source_only","high","/admin/content/documents/[id]/preview|/blog/[slug]|/blog/author/[slug]|/organizer/articles/[id]/preview|/profile/favorites","5"
"f9770bc303d8ae89","src/lib/search/search-readiness.ts","38","28","http_request","UNRESOLVED","[host]/health","fetch(`${host}/health`, { headers: { Authorization: `Bearer ${apiKey}` }, signal: AbortSignal.timeout(8000), })","source_only","high","/admin/system/settings","1"
"85acd873774796c8","src/lib/search/search-readiness.ts","61","28","http_request","UNRESOLVED","[host]/indexes/site/stats","fetch(`${host}/indexes/site/stats`, { headers: { Authorization: `Bearer ${apiKey}` }, signal: AbortSignal.timeout(8000), })","source_only","high","/admin/system/settings","1"
"99179182a691c4b1","src/lib/shop-order-api.ts","25","11","http_request","POST","/api/shop/orders","fetch(""/api/shop/orders"", { method: ""POST"", headers: { ""Content-Type"": ""application/json"", ""Idempotency-Key"": input.idempotencyKey ?? crypto.randomUUID(","source_only","high","/profile/orders|/shop|/shop/[slug]","3"
"f079b287d75c4e1f","src/lib/shop-order-api.ts","38","63","http_request","GET","/api/shop/orders","fetch(""/api/shop/orders"")","source_only","high","/profile/orders|/shop|/shop/[slug]","3"
"ab6c22720c6a3fe4","src/lib/shop-order-api.ts","43","26","http_request","GET","/api/shop/orders/[orderId]","fetch(`/api/shop/orders/${encodeURIComponent(orderId)}`)","source_only","high","/profile/orders|/shop|/shop/[slug]","3"
"0c3ab26ce6eda35c","src/lib/site-settings-edge.ts","102","26","http_request","UNRESOLVED","dynamic","fetch(url, { headers: { apikey: anonKey, Authorization: `Bearer ${anonKey}` }, cache: ""no-store"", signal: AbortSignal.timeout(QUERY_TIMEOUT_MS), })","source_only","medium","/|/about|/account/update-password|/admin|/admin/analytics|/admin/analytics/funnels|/admin/content-freshness|/admin/content/documents|/admin/content/documents/[id]|/admin/content/documents/[id]/preview|/admin/content/forum|/admin/content/knowledge|…","159"
"4253fb28956e02b9","src/lib/social-feed/config-server.ts","71","29","data_mutation","UPSERT","supabase_or_repository","supabase.from(""site_settings"").upsert( { key: SOCIAL_FEED_SETTINGS_KEY, value: payload as unknown as Json, updated_by: actorUserId ?? null, }, ","source_only","medium","/about|/destinations/[slug]|/itineraries/[slug]|/places/[slug]","4"
"f9c788af0618eb86","src/lib/sputnik8/argentina-resolver.ts","42","11","http_request","GET","/cities?limit=500","fetch<Sputnik8City[] | Paginated<Sputnik8City>>(""/cities?limit=500"")","source_only","high","/|/baza-znaniy/[slug]|/blog/[slug]|/excursions|/excursions/[slug]|/excursions/city/[citySlug]|/mapa-argentina","7"
"40c7463527c49f18","src/lib/sputnik8/argentina-resolver.ts","58","20","http_request","GET","/countries/[country_id]","fetch<Sputnik8Country>(`/countries/${city.country_id}`)","source_only","high","/|/baza-znaniy/[slug]|/blog/[slug]|/excursions|/excursions/[slug]|/excursions/city/[citySlug]|/mapa-argentina","7"
"8fee1266806e814e","src/lib/sputnik8/argentina-resolver.ts","73","22","http_request","GET","/countries","fetch<Sputnik8Country[] | Paginated<Sputnik8Country>>(""/countries"")","source_only","high","/|/baza-znaniy/[slug]|/blog/[slug]|/excursions|/excursions/[slug]|/excursions/city/[citySlug]|/mapa-argentina","7"
"344956fcf3fd142f","src/lib/sputnik8/argentina-resolver.ts","81","20","http_request","GET","/countries/[overrideId]","fetch<Sputnik8Country>(`/countries/${overrideId}`)","source_only","high","/|/baza-znaniy/[slug]|/blog/[slug]|/excursions|/excursions/[slug]|/excursions/city/[citySlug]|/mapa-argentina","7"
"54a6efee7b99539e","src/lib/sputnik8/argentina-resolver.ts","118","11","http_request","GET","/cities?country_id=[id]&limit=500","fetch<Sputnik8City[] | Paginated<Sputnik8City>>(`/cities?country_id=${country.id}&limit=500`)","source_only","high","/|/baza-znaniy/[slug]|/blog/[slug]|/excursions|/excursions/[slug]|/excursions/city/[citySlug]|/mapa-argentina","7"
"0f005f30af1e0a4c","src/lib/sputnik8/argentina-resolver.ts","125","41","http_request","GET","/cities?limit=500","fetch<Sputnik8City[] | Paginated<Sputnik8City>>(""/cities?limit=500"")","source_only","high","/|/baza-znaniy/[slug]|/blog/[slug]|/excursions|/excursions/[slug]|/excursions/city/[citySlug]|/mapa-argentina","7"
"8678f1b8a5780069","src/lib/sputnik8/client.ts","74","26","http_request","UNRESOLVED","dynamic","fetch(url, { ...init, headers, cache: ""no-store"", })","source_only","medium","/|/baza-znaniy/[slug]|/blog/[slug]|/excursions|/excursions/[slug]|/excursions/city/[citySlug]|/mapa-argentina","7"
"2dc0c658acd90854","src/lib/sputnik8/repository.ts","280","9","data_mutation","UPDATE","supabase_or_repository","supabase .from(""sputnik8_products"") .update({ partner_url: partnerUrl })","source_only","medium","/|/baza-znaniy/[slug]|/blog/[slug]|/excursions|/excursions/[slug]|/excursions/city/[citySlug]|/mapa-argentina","7"
"c9ff2c3403f9d25b","src/lib/sputnik8/repository.ts","296","9","data_mutation","INSERT","supabase_or_repository","supabase.from(""affiliate_link_clicks"").insert({ // This column references tripster_experiences and must never receive a Sputnik8 id. experience_id: null, experience_slu","source_only","medium","/|/baza-znaniy/[slug]|/blog/[slug]|/excursions|/excursions/[slug]|/excursions/city/[citySlug]|/mapa-argentina","7"
"308d2cd6344497c8","src/lib/supabase-auth-provider.ts","48","26","http_request","POST","/api/auth/ensure-profile","fetch(""/api/auth/ensure-profile"", { method: ""POST"", credentials: ""same-origin"", })","source_only","high","/blog","1"
"ab5a93a0f0abacc7","src/lib/supabase-auth-provider.ts","105","29","data_mutation","UPDATE","supabase_or_repository","getClient() .from(""profiles"") .update({ active_role: role })","source_only","medium","/blog","1"
"1e6b70069389e5e5","src/lib/supabase-auth-provider.ts","163","26","http_request","POST","/api/auth/register","fetch(""/api/auth/register"", { method: ""POST"", headers: { ""Content-Type"": ""application/json"" }, credentials: ""same-origin"", body: JSON.stringify({ role: input.","source_only","high","/blog","1"
"f2f39ab0b7d1010a","src/lib/supabase-auth-provider.ts","212","34","http_request","POST","/api/auth/sign-in-phone","fetch(""/api/auth/sign-in-phone"", { method: ""POST"", headers: { ""Content-Type"": ""application/json"" }, credentials: ""same-origin"", body: JSON.stringify({ phone","source_only","high","/blog","1"
"a2664327489b1056","src/lib/supabase-auth-provider.ts","311","29","data_mutation","UPDATE","supabase_or_repository","getClient().from(""profiles"").update(patch)","source_only","medium","/blog","1"
"bdacdb806517bd29","src/lib/supabase-auth-provider.ts","326","29","data_mutation","UPDATE","supabase_or_repository","getClient() .from(""profiles"") .update({ avatar_url: avatarUrl })","source_only","medium","/blog","1"
"8b63664f43a069ef","src/lib/supabase-auth-provider.ts","348","28","http_request","POST","/api/auth/request-password-reset","fetch(""/api/auth/request-password-reset"", { method: ""POST"", headers: { ""Content-Type"": ""application/json"" }, credentials: ""same-origin"", body: JSON.stringif","source_only","high","/blog","1"
"85ae1ededc67fb25","src/lib/tour-content-api.ts","14","11","http_request","POST","/api/organizer/tours/sync","fetch(""/api/organizer/tours/sync"", { method: ""POST"", headers: { ""Content-Type"": ""application/json"" }, body: JSON.stringify({ tour }), })","source_only","high","/|/about|/admin/marketplace/moderation|/admin/operations/bookings|/baza-znaniy/[slug]|/blog|/blog/[slug]|/blog/author/[slug]|/blog/hub/[hubId]|/booking/pay/[token]|/booking/pay/[token]/result|/booking/travelers/[token]|…","52"
"fd71e62a46ea3fa3","src/lib/tour-content-api.ts","26","11","http_request","GET","/api/tours","fetch(""/api/tours"")","source_only","high","/|/about|/admin/marketplace/moderation|/admin/operations/bookings|/baza-znaniy/[slug]|/blog|/blog/[slug]|/blog/author/[slug]|/blog/hub/[hubId]|/booking/pay/[token]|/booking/pay/[token]/result|/booking/travelers/[token]|…","52"
"dad7787eaf02f390","src/lib/tour-content-api.ts","32","26","http_request","GET","/api/tours/[slug]","fetch(`/api/tours/${encodeURIComponent(slug)}`)","source_only","high","/|/about|/admin/marketplace/moderation|/admin/operations/bookings|/baza-znaniy/[slug]|/blog|/blog/[slug]|/blog/author/[slug]|/blog/hub/[hubId]|/booking/pay/[token]|/booking/pay/[token]/result|/booking/travelers/[token]|…","52"
"b8edc8a398c38e98","src/lib/tour-content-server.ts","199","27","data_mutation","UPSERT","supabase_or_repository","supabase.from(""tours"").upsert(row, { onConflict: ""id"" })","source_only","medium","/|/baza-znaniy/[slug]|/blog/[slug]|/excursions|/excursions/[slug]|/excursions/city/[citySlug]|/mapa-argentina","7"
"d71c4afbafb18e08","src/lib/tour-content-server.ts","222","27","data_mutation","DELETE","supabase_or_repository","supabase .from(""tours"") .delete()","source_only","medium","/|/baza-znaniy/[slug]|/blog/[slug]|/excursions|/excursions/[slug]|/excursions/city/[citySlug]|/mapa-argentina","7"
"c15d5b84aad8d954","src/lib/travelpayouts/aviasales/autocomplete.ts","64","26","http_request","UNRESOLVED","dynamic","fetch(url, { next: { revalidate: 86400 } })","source_only","medium","/|/destinations/[slug]|/excursions/city/[citySlug]|/flights/[route]|/guide/[slug]|/immigration|/services|/tours/[slug]","8"
"6710456221a8fe73","src/lib/travelpayouts/aviasales/data-api.ts","70","22","http_request","UNRESOLVED","dynamic","fetch(url, { cache: ""no-store"", signal: AbortSignal.timeout(12_000), })","source_only","medium","/|/destinations/[slug]|/excursions/city/[citySlug]|/flights/[route]|/guide/[slug]|/immigration|/services|/tours/[slug]","8"
"3c1d0681d2016acb","src/lib/travelpayouts/aviasales/data-api.ts","133","24","http_request","UNRESOLVED","dynamic","fetch(url, { cache: ""no-store"", signal: AbortSignal.timeout(12_000), })","source_only","medium","/|/destinations/[slug]|/excursions/city/[citySlug]|/flights/[route]|/guide/[slug]|/immigration|/services|/tours/[slug]","8"
"7cf792b62aa0d8f6","src/lib/travelpayouts/aviasales/data-api.ts","192","22","http_request","UNRESOLVED","dynamic","fetch(url, { cache: ""no-store"", signal: AbortSignal.timeout(12_000), })","source_only","medium","/|/destinations/[slug]|/excursions/city/[citySlug]|/flights/[route]|/guide/[slug]|/immigration|/services|/tours/[slug]","8"
"cb8c1bb444c746e7","src/lib/travelpayouts/client.ts","101","22","http_request","POST","dynamic","fetch(LINKS_API_URL, { method: ""POST"", headers: { ""Content-Type"": ""application/json"", ""X-Access-Token"": config.apiKey, }, body: JSON.stringi","source_only","medium","/|/destinations/[slug]|/excursions/city/[citySlug]|/flights/[route]|/guide/[slug]|/immigration|/services|/tours/[slug]","8"
"4aa980d6662d3b54","src/lib/trip-prep-api.ts","24","11","http_request","GET","/api/trip-prep?bookingId=[bookingId]","fetch(`/api/trip-prep?bookingId=${encodeURIComponent(bookingId)}`)","source_only","high","/organizer/bookings/[id]|/profile/bookings/[id]|/profile/trip-prep","3"
"99321c800483f537","src/lib/trip-prep-api.ts","35","11","http_request","PATCH","/api/trip-prep/progress","fetch(""/api/trip-prep/progress"", { method: ""PATCH"", headers: { ""Content-Type"": ""application/json"" }, body: JSON.stringify(input), })","source_only","high","/organizer/bookings/[id]|/profile/bookings/[id]|/profile/trip-prep","3"
"005152fb6645c833","src/lib/trip-prep-api.ts","48","11","http_request","GET","/api/organizer/bookings/[bookingId]/trip-prep-summary","fetch(`/api/organizer/bookings/${encodeURIComponent(bookingId)}/trip-prep-summary`)","source_only","high","/organizer/bookings/[id]|/profile/bookings/[id]|/profile/trip-prep","3"
"d2f726652bf04ddd","src/lib/trip-prep-api.ts","55","11","http_request","GET","/api/admin/trip-prep/templates","fetch(""/api/admin/trip-prep/templates"")","source_only","high","/organizer/bookings/[id]|/profile/bookings/[id]|/profile/trip-prep","3"
"1e600af3bcddd9d1","src/lib/trip-prep-api.ts","68","11","http_request","PUT","/api/admin/trip-prep/templates","fetch(""/api/admin/trip-prep/templates"", { method: ""PUT"", headers: { ""Content-Type"": ""application/json"" }, body: JSON.stringify(template), })","source_only","high","/organizer/bookings/[id]|/profile/bookings/[id]|/profile/trip-prep","3"
"65375514dbd46d52","src/lib/trip-prep-api.ts","79","11","http_request","DELETE","/api/admin/trip-prep/templates","fetch(""/api/admin/trip-prep/templates"", { method: ""DELETE"", headers: { ""Content-Type"": ""application/json"" }, body: JSON.stringify({ id: templateId }), })","source_only","high","/organizer/bookings/[id]|/profile/bookings/[id]|/profile/trip-prep","3"
"9bf88600b75d224e","src/lib/tripster/argentina-resolver.ts","40","25","http_request","GET","/countries/?page=[page]&page_size=100","fetch<Paginated<TripsterCountry>>(`/countries/?page=${page}&page_size=100`)","source_only","high","/|/about|/admin/content/documents/[id]/preview|/admin/marketplace/moderation|/admin/operations/bookings|/admin/system/settings|/baza-znaniy/[slug]|/blog|/blog/[slug]|/blog/author/[slug]|/blog/hub/[hubId]|/booking/pay/[token]|…","59"
"8b03feba9297f40d","src/lib/tripster/argentina-resolver.ts","61","24","http_request","GET","/countries/?name_en=[nameEn]","fetch<Paginated<TripsterCountry>>(`/countries/?name_en=${encodeURIComponent(nameEn)}`)","source_only","high","/|/about|/admin/content/documents/[id]/preview|/admin/marketplace/moderation|/admin/operations/bookings|/admin/system/settings|/baza-znaniy/[slug]|/blog|/blog/[slug]|/blog/author/[slug]|/blog/hub/[hubId]|/booking/pay/[token]|…","59"
"5c3246d8ba539af6","src/lib/tripster/argentina-resolver.ts","67","24","http_request","GET","/countries/?name_ru=[nameRu]","fetch<Paginated<TripsterCountry>>(`/countries/?name_ru=${encodeURIComponent(nameRu)}`)","source_only","high","/|/about|/admin/content/documents/[id]/preview|/admin/marketplace/moderation|/admin/operations/bookings|/admin/system/settings|/baza-znaniy/[slug]|/blog|/blog/[slug]|/blog/author/[slug]|/blog/hub/[hubId]|/booking/pay/[token]|…","59"
"f89fd6f35db188e0","src/lib/tripster/argentina-resolver.ts","87","24","http_request","GET","/search/site/?query=[query]&types=country","fetch<SiteSearchItem[] | Paginated<SiteSearchItem>>( `/search/site/?query=${encodeURIComponent(query)}&types=country` )","source_only","high","/|/about|/admin/content/documents/[id]/preview|/admin/marketplace/moderation|/admin/operations/bookings|/admin/system/settings|/baza-znaniy/[slug]|/blog|/blog/[slug]|/blog/author/[slug]|/blog/hub/[hubId]|/booking/pay/[token]|…","59"
"07a7fc54bef707f8","src/lib/tripster/argentina-resolver.ts","111","20","http_request","GET","/countries/[overrideId]/","fetch<TripsterCountry>(`/countries/${overrideId}/`)","source_only","high","/|/about|/admin/content/documents/[id]/preview|/admin/marketplace/moderation|/admin/operations/bookings|/admin/system/settings|/baza-znaniy/[slug]|/blog|/blog/[slug]|/blog/author/[slug]|/blog/hub/[hubId]|/booking/pay/[token]|…","59"
"7633fceaa853b66d","src/lib/tripster/argentina-resolver.ts","134","11","http_request","GET","/cities/?country=[id]&page_size=100","fetch<TripsterCity[] | Paginated<TripsterCity>>(`/cities/?country=${country.id}&page_size=100`)","source_only","high","/|/about|/admin/content/documents/[id]/preview|/admin/marketplace/moderation|/admin/operations/bookings|/admin/system/settings|/baza-znaniy/[slug]|/blog|/blog/[slug]|/blog/author/[slug]|/blog/hub/[hubId]|/booking/pay/[token]|…","59"
"5064c7578d079c86","src/lib/tripster/argentina-resolver.ts","178","24","http_request","GET","/search/site/?query=[query]&types=city","fetch<SiteSearchItem[] | Paginated<SiteSearchItem>>( `/search/site/?query=${encodeURIComponent(query)}&types=city` )","source_only","high","/|/about|/admin/content/documents/[id]/preview|/admin/marketplace/moderation|/admin/operations/bookings|/admin/system/settings|/baza-znaniy/[slug]|/blog|/blog/[slug]|/blog/author/[slug]|/blog/hub/[hubId]|/booking/pay/[token]|…","59"
"0f1b79313620934a","src/lib/tripster/auth.ts","43","26","http_request","POST","[apiBase]/auth/obtain_token/partner/","fetch(`${apiBase}/auth/obtain_token/partner/`, { method: ""POST"", headers: { ""Content-Type"": ""application/json"" }, cache: ""no-store"", body: JSON.stringify({ partner,","source_only","high","/|/about|/admin/content/documents/[id]/preview|/admin/marketplace/moderation|/admin/operations/bookings|/admin/system/settings|/baza-znaniy/[slug]|/blog|/blog/[slug]|/blog/author/[slug]|/blog/hub/[hubId]|/booking/pay/[token]|…","59"
"79874c7a67f8cc17","src/lib/tripster/booking-api.ts","65","26","http_request","UNRESOLVED","[partnerBasePath][path]","fetch(`${partnerBasePath()}${path}`, { ...init, headers: { Authorization: `${authScheme} ${token}`, ""Content-Type"": ""application/json"", ...(init?.headers ","source_only","high","/|/about|/admin/content/documents/[id]/preview|/admin/marketplace/moderation|/admin/operations/bookings|/admin/system/settings|/baza-znaniy/[slug]|/blog|/blog/[slug]|/blog/author/[slug]|/blog/hub/[hubId]|/booking/pay/[token]|…","59"
"ef13505a84e3e940","src/lib/tripster/client.ts","53","26","http_request","UNRESOLVED","[partnerBasePath][path]","fetch(`${partnerBasePath()}${path}`, { headers: { Authorization: `Bearer ${token}`, ""Content-Type"": ""application/json"", }, cache: ""no-store"", signal: Ab","source_only","high","/|/about|/admin/content/documents/[id]/preview|/admin/marketplace/moderation|/admin/operations/bookings|/admin/system/settings|/baza-znaniy/[slug]|/blog|/blog/[slug]|/blog/author/[slug]|/blog/hub/[hubId]|/booking/pay/[token]|…","59"
"b95de53cc94a5cd0","src/lib/tripster/client.ts","165","26","http_request","UNRESOLVED","[apiBase]/web/v2/experiences/[experienceId]/","fetch(`${apiBase}/web/v2/experiences/${experienceId}/`, { headers: { Authorization: `Bearer ${token}`, Accept: ""application/json"", }, cache: ""no-store"", ","source_only","high","/|/about|/admin/content/documents/[id]/preview|/admin/marketplace/moderation|/admin/operations/bookings|/admin/system/settings|/baza-znaniy/[slug]|/blog|/blog/[slug]|/blog/author/[slug]|/blog/hub/[hubId]|/booking/pay/[token]|…","59"
"1d009ab2aa3e9cd4","src/lib/tripster/open-partner-booking-url.ts","52","18","browser_capability","","window.open","window.open(absolute, ""_blank"", ""noopener,noreferrer"")","source_only","high","/excursions/[slug]","1"
"25cf16563f81f771","src/lib/tripster/repository.ts","386","9","data_mutation","UPDATE","supabase_or_repository","supabase .from(""tripster_experiences"") .update({ partner_url: partnerUrl })","source_only","medium","/|/baza-znaniy/[slug]|/blog/[slug]|/excursions|/excursions/[slug]|/excursions/city/[citySlug]|/excursions/guide/[guideId]|/mapa-argentina","8"
"a5d8d34dd4ea628d","src/lib/tripster/repository.ts","402","9","data_mutation","INSERT","supabase_or_repository","supabase.from(""affiliate_link_clicks"").insert({ experience_id: input.experienceId ?? null, experience_slug: input.experienceSlug, partner_url: input.partnerUrl, ref","source_only","medium","/|/baza-znaniy/[slug]|/blog/[slug]|/excursions|/excursions/[slug]|/excursions/city/[citySlug]|/excursions/guide/[guideId]|/mapa-argentina","8"
"421e1197aa9785ac","src/lib/waitlist-api.ts","11","11","http_request","UNRESOLVED","/api/organizer/waitlist","fetch(""/api/organizer/waitlist"", { cache: ""no-store"" })","source_only","high","/organizer/bookings|/organizer/waitlist/[id]","2"
"ac8c10dfb2d69531","src/lib/waitlist-api.ts","17","26","http_request","UNRESOLVED","/api/organizer/waitlist/[id]","fetch(`/api/organizer/waitlist/${encodeURIComponent(id)}`, { cache: ""no-store"" })","source_only","high","/organizer/bookings|/organizer/waitlist/[id]","2"
"13162125a12d262b","src/lib/waitlist-api.ts","28","11","http_request","PATCH","/api/organizer/waitlist/[id]","fetch(`/api/organizer/waitlist/${encodeURIComponent(id)}`, { method: ""PATCH"", headers: { ""Content-Type"": ""application/json"" }, body: JSON.stringify({ action: ""upd","source_only","high","/organizer/bookings|/organizer/waitlist/[id]","2"
"2eabc64dbbc51159","src/lib/waitlist-api.ts","42","11","http_request","PATCH","/api/organizer/waitlist/[id]","fetch(`/api/organizer/waitlist/${encodeURIComponent(id)}`, { method: ""PATCH"", headers: { ""Content-Type"": ""application/json"" }, body: JSON.stringify({ action: ""add","source_only","high","/organizer/bookings|/organizer/waitlist/[id]","2"
"e7439ea9c7293e01","src/lib/wegottrip/client.ts","71","28","http_request","UNRESOLVED","dynamic","fetch(url, { headers: { Accept: ""application/json"", ""Accept-Language"": locale, }, next: { revalidate: 3600 }, })","source_only","medium","/audio-guides/[id]","1"
"1071c36b74c5e263","src/lib/youtravel/client.ts","85","26","http_request","UNRESOLVED","[apiBase][path]","fetch(`${config.apiBase}${path}`, { headers: { ...authHeaders, Accept: ""application/json"", }, cache: ""no-store"", signal: AbortSignal.timeout(PARTNER_REA","source_only","high","/admin/system/settings|/blog|/blog/[slug]|/blog/author/[slug]|/blog/hub/[hubId]|/destinations/[slug]|/excursions/[slug]|/organizer/tours/[id]/preview|/places/[slug]|/tours/[slug]|/tours/region/iguazu","11"
"c5c7b97e4d4068a1","src/lib/youtravel/client.ts","187","28","http_request","UNRESOLVED","dynamic","fetch(buildYouTravelPublicReviewsUrl(tourId, config.apiLang), { headers: { Accept: ""application/json"", ""User-Agent"": ""goargentina-youtravel-sync/1.0"", }","source_only","medium","/admin/system/settings|/blog|/blog/[slug]|/blog/author/[slug]|/blog/hub/[hubId]|/destinations/[slug]|/excursions/[slug]|/organizer/tours/[id]/preview|/places/[slug]|/tours/[slug]|/tours/region/iguazu","11"
"3c64dbeafc7cd3c3","src/lib/youtravel/public-description.ts","328","30","http_request","UNRESOLVED","dynamic","fetch(url, { headers: { Accept: ""application/json"", ""User-Agent"": ""goargentina-youtravel-sync/1.0"", }, next: { revalidate: 60 * 60 * 6 }","source_only","medium","/admin/system/settings|/blog|/blog/[slug]|/blog/author/[slug]|/blog/hub/[hubId]|/destinations/[slug]|/excursions/[slug]|/organizer/tours/[id]/preview|/places/[slug]|/tours/[slug]|/tours/region/iguazu","11"
"739640621a562b65","src/lib/youtravel/public-description.ts","394","28","http_request","UNRESOLVED","dynamic","fetch(url, { headers, next: { revalidate: 60 * 60 * 24 }, signal: AbortSignal.timeout(PUBLIC_PAGE_READ_TIMEOUT_MS), })","source_only","medium","/admin/system/settings|/blog|/blog/[slug]|/blog/author/[slug]|/blog/hub/[hubId]|/destinations/[slug]|/excursions/[slug]|/organizer/tours/[id]/preview|/places/[slug]|/tours/[slug]|/tours/region/iguazu","11"
