"id","route_pattern","kind","http_methods","source_file","route_groups","parallel_segments","intercepting_segments","access_signals","indexability_signals","locale_signals","source_sha256","evidence_level","runtime_status"
"b6d09fd0ba325718","/","page","GET","src/app/page.tsx","","","","organizer","metadata","i18n_import","64671297b31c24dd8ea606e0bcd94e868a20c49e4ff974fa221d084bbcd69d04","static_source","unverified"
"a7e2c3541e0e0740","/((?!_next/static|_next/image|favicon.ico|robots.txt|sitemap.xml|.*\\.(?:svg|png|jpg|jpeg|gif|webp|ico)$).*)","middleware","ALL","src/middleware.ts","","","","admin|organizer|authenticated|rate_limit","x_robots_tag|canonical_host","locale_rewrite","9d896e3dfbe6801666b36aaec875802c66924139de4768c5c146c2a5e153f525","static_source","unverified"
"35bdf4a3e7ebda0b","/about","page","GET","src/app/about/page.tsx","","","","organizer","metadata","i18n_import","c0f76dc6fa4780ad6e062a5d30b8951b7c5c498f0ccfa02dac85d36d329cb789","static_source","unverified"
"f41585aae1a52470","/account/update-password","page","GET","src/app/account/update-password/page.tsx","","","","none_detected","none_detected","none_detected","2bee4049f6d1ab881ae90822e803681bfc0e3b83e6c7cd402e51d5fdca656dc4","static_source","unverified"
"7a424970a7be2e29","/admin","page","GET","src/app/admin/page.tsx","","","","admin|organizer","none_detected","none_detected","ba0a6884fd26c540bb982fe4c5c1cc223aef6bca8719d766a8ab711f120e674c","static_source","unverified"
"4edd7acf36b28261","/admin/analytics","page","GET","src/app/admin/analytics/page.tsx","","","","admin","none_detected","none_detected","646902f0f8b458e4734851497f1f78e31f4cb25a6bfccf06272f99b6092c05f0","static_source","unverified"
"2c65734f547a6015","/admin/analytics/funnels","page","GET","src/app/admin/analytics/funnels/page.tsx","","","","admin","none_detected","none_detected","cba54b3b394cc642ec7c1f22245017d1e096b008e25dbe0860fee2a279f554fa","static_source","unverified"
"8adcec160897ec8b","/admin/content-freshness","page","GET","src/app/admin/content-freshness/page.tsx","","","","admin","none_detected","none_detected","5caab2739c86081c2c61320c20b84502fdd4956c92608799d3df4f45ef0dc710","static_source","unverified"
"34488df779b458de","/admin/content/documents","page","GET","src/app/admin/content/documents/page.tsx","","","","admin","none_detected","none_detected","6bb06a8f05f144b5d6812b67b6a0e2ec738ff6205f464ca6cdaa33171621039a","static_source","unverified"
"7c2e36c7ed971dfc","/admin/content/documents/[id]","page","GET","src/app/admin/content/documents/[id]/page.tsx","","","","admin","none_detected","none_detected","294af5626bb0c72ba3828a4d97742cf50e83767705a27ffec042ec75a5314207","static_source","unverified"
"f7b80a945b4379b2","/admin/content/documents/[id]/preview","page","GET","src/app/admin/content/documents/[id]/preview/page.tsx","","","","admin","none_detected","none_detected","652571b0e369319efc0eeb0d4adf69761fc6290ab97b427e01c06c52e2401a88","static_source","unverified"
"066f8c8482a0ceb1","/admin/content/forum","page","GET","src/app/admin/content/forum/page.tsx","","","","admin","none_detected","none_detected","76f4cd633fbdb577db9c528e62a0f47455dc58480059d4ce836c0f972fe1c3e0","static_source","unverified"
"6fbcb25908367f3b","/admin/content/knowledge","page","GET","src/app/admin/content/knowledge/page.tsx","","","","admin","none_detected","none_detected","c6bf7f57f845dd14f445a09a76fbc9bfe4c3e92e7c22c5e11dcbf387abce0c9d","static_source","unverified"
"a6b5ebc392c1a692","/admin/content/map","page","GET","src/app/admin/content/map/page.tsx","","","","admin","none_detected","none_detected","bdb6becf0e09907a0dcd6ebd15777d1421884adb93117b77b10264a6f27f29ed","static_source","unverified"
"439707cff482da46","/admin/content/shop","page","GET","src/app/admin/content/shop/page.tsx","","","","admin","none_detected","none_detected","994a97768fed457286ab81fd60f9f60a13f77cc623b0393ed557df9b802ce461","static_source","unverified"
"0e3a399c6791f78c","/admin/content/social-feed","page","GET","src/app/admin/content/social-feed/page.tsx","","","","admin","none_detected","none_detected","0b55f71359ee1ece5af51d36594d1564760dffad358dda75b67d78d9849e0500","static_source","unverified"
"605a14d16ac679fd","/admin/content/translations","page","GET","src/app/admin/content/translations/page.tsx","","","","admin","none_detected","none_detected","1b00dfa459ad9d36125342f40ef0ef20d0c9a921133220fe42b7ca1c76fd5cdd","static_source","unverified"
"5028f2a5d9f1140d","/admin/editorial-components","page","GET","src/app/admin/editorial-components/page.tsx","","","","admin","none_detected","none_detected","bb8575e3e76d72b22e7bbb23d70d0d14100c027668f0f94aa8e61d5ee099a4f5","static_source","unverified"
"5b78270d2eead762","/admin/feature-flags","page","GET","src/app/admin/feature-flags/page.tsx","","","","admin","none_detected","none_detected","2ff2ab587bae1930b81c1254c0f4aa4cba2b3d1b2c560e5d227723e42551de51","static_source","unverified"
"6d04cc3542cd18d0","/admin/ingestion","page","GET","src/app/admin/ingestion/page.tsx","","","","admin","none_detected","none_detected","af0cd1c19e61722b6ca717479de0d39991d61cbb9b334e12fdbfda8403366d82","static_source","unverified"
"fd5ad30475058de0","/admin/ingestion/moderation","page","GET","src/app/admin/ingestion/moderation/page.tsx","","","","admin","none_detected","none_detected","12f348184e3b137386c8dd5a276ed0502ada467483a97065a3897b047aac1315","static_source","unverified"
"1dbdc7091d65d537","/admin/ingestion/prompts","page","GET","src/app/admin/ingestion/prompts/page.tsx","","","","admin","none_detected","none_detected","bbed10d63610bc0ebe3d1f207e86c8c17b7e689c66b9131591891b554cc82a0a","static_source","unverified"
"4eee45a3c2d2d550","/admin/ingestion/runs","page","GET","src/app/admin/ingestion/runs/page.tsx","","","","admin","none_detected","none_detected","4c144fba489bdcd031ece48c480b13da4bca2df912c4f67a313d2ad0580d616c","static_source","unverified"
"37ca452c8da0444a","/admin/ingestion/sources","page","GET","src/app/admin/ingestion/sources/page.tsx","","","","admin","none_detected","none_detected","ee815558286d63b869032f89c284f89755cc8fd93c413d84e4e6e3ae1f811ae1","static_source","unverified"
"5897d29172219436","/admin/ingestion/sources/[id]","page","GET","src/app/admin/ingestion/sources/[id]/page.tsx","","","","admin","none_detected","none_detected","91997e3cf8bf2d1b7c04f51de8c0c9ee62597cb06ba23bb9a47efaa0f6b0d5f7","static_source","unverified"
"97cc6c1a39d31146","/admin/leads","page","GET","src/app/admin/leads/page.tsx","","","","admin","none_detected","none_detected","b06d30fd32cea697d8ab2f0ebffc54742e9608270d2441f6c6017cf899097052","static_source","unverified"
"ff6b2ff5d40e4f7e","/admin/marketing/content-factory","page","GET","src/app/admin/marketing/content-factory/page.tsx","","","","admin","none_detected","none_detected","01ba073ecb717a477b2353ba825e613547e4fda98813440a256a1acab4afba24","static_source","unverified"
"015d00c3e38e4c74","/admin/marketing/email-templates","page","GET","src/app/admin/marketing/email-templates/page.tsx","","","","admin","none_detected","none_detected","2410585c4e5b3885e0129d74702e8a64b5db75d486d7a6d34bb5cc112bc1117f","static_source","unverified"
"53962f5adef11df1","/admin/marketing/search-visibility","page","GET","src/app/admin/marketing/search-visibility/page.tsx","","","","admin","none_detected","none_detected","388164c4b051c14c31d0f399a2836bdb0b65ffe3207d868a1b7ff52366f4c837","static_source","unverified"
"305887a350929b88","/admin/marketplace/apartments","page","GET","src/app/admin/marketplace/apartments/page.tsx","","","","none_detected","none_detected","none_detected","1cea0cb662e97ed1408691709ea3cb46eb8af6733641423af40b133dccddbe94","static_source","unverified"
"4a29f92399ceb043","/admin/marketplace/excursions","page","GET","src/app/admin/marketplace/excursions/page.tsx","","","","admin","none_detected","none_detected","5e9ae856291d3cec889dc7b73294855af324a925ed19d27d6e0aa3469a501b74","static_source","unverified"
"77eca3960b6cb8c0","/admin/marketplace/experts","page","GET","src/app/admin/marketplace/experts/page.tsx","","","","admin","none_detected","none_detected","f1c3ddfa4bf675b70f01086a9d8e250e422f4177167c0eab13d796f72ad3eaa7","static_source","unverified"
"3d2df11917bf533a","/admin/marketplace/mobility","page","GET","src/app/admin/marketplace/mobility/page.tsx","","","","none_detected","none_detected","none_detected","ee63dae491efbf957ba365e95f44bec8e2056b3b090ee01d1ac20ffa4313d515","static_source","unverified"
"74d75b33f91a05c4","/admin/marketplace/moderation","page","GET","src/app/admin/marketplace/moderation/page.tsx","","","","admin","none_detected","none_detected","fa181659b40aa61904655db7fd5df42a420578ee553910522579e49fb1173aef","static_source","unverified"
"25c396518a2e1cf4","/admin/marketplace/organizers","page","GET","src/app/admin/marketplace/organizers/page.tsx","","","","admin","none_detected","none_detected","eef25ff6e70bc0dc3218c1547cd5a18303abdbfb4aa4c86f8308aeb0910df53c","static_source","unverified"
"df6513ab9c5af81a","/admin/marketplace/tours","page","GET","src/app/admin/marketplace/tours/page.tsx","","","","admin","none_detected","none_detected","68c13172d4f16dca4231781cd9c9ca11c35eb711cea2af7a170ff6094b20bb9d","static_source","unverified"
"7136c1df3cbe511d","/admin/media","page","GET","src/app/admin/media/page.tsx","","","","admin","none_detected","none_detected","c447e53619f57467b8da971ac957feefadd7d4bde41e65e84dda6e697a124d44","static_source","unverified"
"90d5a67fcdbc906d","/admin/modules","page","GET","src/app/admin/modules/page.tsx","","","","admin","none_detected","none_detected","933aa36b1f6de002554189608a00997f635265401d74831db058d9dade6e5a5e","static_source","unverified"
"f37f1b099d802a74","/admin/operations","page","GET","src/app/admin/operations/page.tsx","","","","admin","none_detected","none_detected","104127f78f5eac8dce2502e19cc11fb0b123b88888d933596c300f03d4d9385a","static_source","unverified"
"82e1e4109801dfaa","/admin/operations/bookings","page","GET","src/app/admin/operations/bookings/page.tsx","","","","admin","none_detected","none_detected","c981fc1ba2d1776456b0b70f951eba7cc962964cfdceeb1f5216fbfe833fcbb5","static_source","unverified"
"19bb60bb9f6071d9","/admin/operations/communications-commerce","page","GET","src/app/admin/operations/communications-commerce/page.tsx","","","","admin","none_detected","none_detected","4ddbb8133803d38176e8e085ff1e9665c25682eb10a966f9da94b89a4ea713ee","static_source","unverified"
"109623dda1a66cae","/admin/operations/email","page","GET","src/app/admin/operations/email/page.tsx","","","","admin","none_detected","none_detected","baede8a284bd559f8acfbe68df5862b5fff3e20e7a46b53cc2808970b64595f5","static_source","unverified"
"9a1946917cc159f2","/admin/operations/leads","page","GET","src/app/admin/operations/leads/page.tsx","","","","admin","none_detected","none_detected","30a3590c2a8bc42ff238b3cad752080ad2d220bc2ef83d08db316f735ab9886d","static_source","unverified"
"67fe7ad2e550be11","/admin/operations/payments","page","GET","src/app/admin/operations/payments/page.tsx","","","","admin","none_detected","none_detected","7dd61cac52bd1429f25162a4eeb2f746a096a6928f8c063767b48dbfdef11f31","static_source","unverified"
"e4d2755dfb5fe8c5","/admin/operations/privacy-requests","page","GET","src/app/admin/operations/privacy-requests/page.tsx","","","","admin","none_detected","none_detected","0e69f78776645d84873a5da9393f10b53b65c380cbf6358f00e5f5a031bfb9f4","static_source","unverified"
"46c7c97e66d4cd01","/admin/operations/reconciliation","page","GET","src/app/admin/operations/reconciliation/page.tsx","","","","admin","none_detected","none_detected","71297a3bad689174ed2a6597f606440e7852b34a4aca73d6a05df23a827ae4da","static_source","unverified"
"cd2c5eda484f2589","/admin/operations/shop-orders","page","GET","src/app/admin/operations/shop-orders/page.tsx","","","","admin","none_detected","none_detected","7f5ca267d43f35255aaefac23ab28c07b04db01af2d41019045f52f215fcd185","static_source","unverified"
"c895c9f1bf310a0a","/admin/operations/waitlist","page","GET","src/app/admin/operations/waitlist/page.tsx","","","","admin","none_detected","none_detected","6bb017bd2face2dfeab9ee7c1decb46c00a8349cea286eb064fdb7b129f41313","static_source","unverified"
"f9665efe13d2c776","/admin/system/api-keys","page","GET","src/app/admin/system/api-keys/page.tsx","","","","admin","none_detected","none_detected","5359c64dae9d4749bc3ec3260722777406d16d8239f6ea34eecbefa802054b07","static_source","unverified"
"e9e007ec86e559d2","/admin/system/audit","page","GET","src/app/admin/system/audit/page.tsx","","","","admin","none_detected","none_detected","b6429006aaaf59055c21bd51acb90124059bfc9c45d24c3f37add111e4e2a4d6","static_source","unverified"
"a795f67141e6bab6","/admin/system/commercial-plans","page","GET","src/app/admin/system/commercial-plans/page.tsx","","","","admin","none_detected","none_detected","fcaad264ea914e4b1626409a0cbdb2324a0e63ce5ab7eb15bce8a3e7c74e8da9","static_source","unverified"
"2dcddda736c74db8","/admin/system/redirects","page","GET","src/app/admin/system/redirects/page.tsx","","","","admin","none_detected","none_detected","e0598354812e802f5eed55c2bb04d12de0027e26d616152203741e0f1f2d0597","static_source","unverified"
"945b7746410d5860","/admin/system/settings","page","GET","src/app/admin/system/settings/page.tsx","","","","admin","none_detected","none_detected","95190991437f526c335b0ca2f852de6c0ee5a6d07300436e987e2f035aacd64e","static_source","unverified"
"0bad501eab070e05","/admin/system/staff","page","GET","src/app/admin/system/staff/page.tsx","","","","admin","none_detected","none_detected","1535597239c1f4aebc04a5881f838e6b9d003a1406b4ec0dbf5e28b5456b400b","static_source","unverified"
"a181c5f78259bda8","/admin/users","page","GET","src/app/admin/users/page.tsx","","","","admin","none_detected","none_detected","c0c695a1b5d14899a386dfa32c4373ef021e94d59f3a4605a23c03736f16e726","static_source","unverified"
"6891166886eb5153","/apartments","page","GET","src/app/apartments/page.tsx","","","","none_detected","metadata","none_detected","f220913124fcf17bbecf9902fbfd6847bf4c4a9855669b7dca86bbbdc16c4000","static_source","unverified"
"d5ffc93e031df517","/apartments/[slug]","page","GET","src/app/apartments/[slug]/page.tsx","","","","none_detected","metadata","none_detected","b36c0c969bdd632b2adf3c8d4216ce25019b29e138ecb4d207c630f62b596f0e","static_source","unverified"
"053cccaa95e364da","/api/acceptance/environment","route_handler","GET","src/app/api/acceptance/environment/route.ts","","","","none_detected","none_detected","none_detected","97056eefee9edcee561d5c2a9cf2e06e8ca862dece0b0f1923d0382fe1a8636b","static_source","unverified"
"8ddf0eaf9a8ab5aa","/api/admin/analytics","route_handler","GET","src/app/api/admin/analytics/route.ts","","","","admin","none_detected","none_detected","8a5dc4b8848930a3ffecbe9dd49c6c379b1179e5ec9b7f9b75d002f6432bf2a6","static_source","unverified"
"c97ac96e5f7e1a8f","/api/admin/analytics/export","route_handler","GET","src/app/api/admin/analytics/export/route.ts","","","","admin","none_detected","none_detected","bdfb9076d306b746831516c3213796289bb779864ad375d8022eeaa83cd78265","static_source","unverified"
"ccd97c6a9b8662b9","/api/admin/analytics/funnels","route_handler","GET","src/app/api/admin/analytics/funnels/route.ts","","","","admin","none_detected","none_detected","91657367661cf71b3834ccf030e120c78822ccf30a4bcbabe9a37343a45ba2ea","static_source","unverified"
"bc9ee0817c67e3cf","/api/admin/apartments","route_handler","GET|POST","src/app/api/admin/apartments/route.ts","","","","admin","none_detected","none_detected","bc86e1b1dc7a2e36b73eb8d85c90062829446cd9b4d00ae3cacba6e15cf62798","static_source","unverified"
"0b8e07104cb79dbe","/api/admin/apartments/[id]","route_handler","PUT","src/app/api/admin/apartments/[id]/route.ts","","","","admin","none_detected","none_detected","47ad198d5d11d9ae9321d46a287e45fee90fa27b06ad484acf237486714ae5da","static_source","unverified"
"0945ceb296c643cf","/api/admin/apartments/[id]/moderate","route_handler","POST","src/app/api/admin/apartments/[id]/moderate/route.ts","","","","admin","none_detected","none_detected","e8a01c3c074069b1e72d28de156987be11a8a573d1463afec7f3802b1f639b5e","static_source","unverified"
"a1cbe976d500caaf","/api/admin/apartments/inquiries","route_handler","GET","src/app/api/admin/apartments/inquiries/route.ts","","","","admin","none_detected","none_detected","adc91986d9fb2d7a0e440131e65b21662f01e53a72c80f394705be044a82db17","static_source","unverified"
"c155ff5c95fe6573","/api/admin/apartments/inquiries/[id]","route_handler","PATCH","src/app/api/admin/apartments/inquiries/[id]/route.ts","","","","admin","none_detected","none_detected","794c464597a7b63de4425b93a624ecf2589166b68e71b17a674b7e6b66dd83ae","static_source","unverified"
"287bea9214a4ca86","/api/admin/api-keys","route_handler","GET|POST","src/app/api/admin/api-keys/route.ts","","","","admin|rate_limit","none_detected","none_detected","476d28625ad58a14410b066a90370f9b6612d3423cc7352e046cec6e4fcf38bc","static_source","unverified"
"cae4b8a0a16681c3","/api/admin/api-keys/[id]","route_handler","DELETE","src/app/api/admin/api-keys/[id]/route.ts","","","","admin","none_detected","none_detected","588dab0523e488b0dc150bf443e14be3c727442c4df9d65918d77b3bee66a09e","static_source","unverified"
"1738a84a8da75613","/api/admin/audit","route_handler","GET","src/app/api/admin/audit/route.ts","","","","admin","none_detected","none_detected","975f78d6c70f565352dcf09b5042f604190743cc63d7978e747b87e652654b2f","static_source","unverified"
"330c7d2586d1a8e0","/api/admin/bookings","route_handler","GET","src/app/api/admin/bookings/route.ts","","","","admin","none_detected","none_detected","f52f4c10134c1dfe96dec822e4428ba575918c9df3f84478e6757ae233a434a5","static_source","unverified"
"fad5b27de384d5ad","/api/admin/bookings/[id]","route_handler","GET|PATCH","src/app/api/admin/bookings/[id]/route.ts","","","","admin","none_detected","none_detected","23be16ca8786b3e9b685cd956e2c97a719dba12cc093042c28bc1f4f7cd33f54","static_source","unverified"
"530e87be72f6b930","/api/admin/bookings/export","route_handler","GET","src/app/api/admin/bookings/export/route.ts","","","","admin","none_detected","none_detected","c0582faa06669f3204211b5694b8c2dc5ca7de3ea4c948ba087722fd1d53bdf9","static_source","unverified"
"0ab62137cd641c3a","/api/admin/cms/cutover-enable","route_handler","POST","src/app/api/admin/cms/cutover-enable/route.ts","","","","admin","none_detected","none_detected","f520d7e2518a886b9408317afba719afc34b26f2097865b82882401751b775a6","static_source","unverified"
"272557a61cad5276","/api/admin/cms/cutover-status","route_handler","GET","src/app/api/admin/cms/cutover-status/route.ts","","","","admin","none_detected","none_detected","894ba84baab1ae53a8626d0a8a1550a7ed537aef7c6f66ada5e2cfda9e42cdaf","static_source","unverified"
"9c346e2479bc1b3a","/api/admin/commercial/plans","route_handler","GET|POST","src/app/api/admin/commercial/plans/route.ts","","","","admin","none_detected","none_detected","8f872665d1d75091cc7184e790d0277ee6445a62e2e1f6c5aaeb1f80c5387343","static_source","unverified"
"e9cd29a46304a560","/api/admin/commercial/plans/[id]","route_handler","PATCH","src/app/api/admin/commercial/plans/[id]/route.ts","","","","admin","none_detected","none_detected","a293744d971482d4c012a2399c46ba3098a70ab7b6dba9b64646b319374c7037","static_source","unverified"
"8dd5ed765fcea9ae","/api/admin/commercial/preview","route_handler","GET","src/app/api/admin/commercial/preview/route.ts","","","","admin","none_detected","none_detected","0323263ef9d5960018131947fa7faa1f576466bbe875cb2ffe6a51384170f989","static_source","unverified"
"0f3700218fd12cc7","/api/admin/commercial/subscriptions","route_handler","GET|POST","src/app/api/admin/commercial/subscriptions/route.ts","","","","admin","none_detected","none_detected","6ffddef11e98cc719cbadef699ccb120c448b770c7b030a54a01ca5bb536cbe8","static_source","unverified"
"627a6d63f0d74638","/api/admin/content","route_handler","GET","src/app/api/admin/content/route.ts","","","","admin","none_detected","none_detected","b2eb1d756117b940935f90b03baee4dd5050dad611ceafe4b2ccac575f8d04fc","static_source","unverified"
"7a37e7bcf574adee","/api/admin/content-factory","route_handler","GET|POST","src/app/api/admin/content-factory/route.ts","","","","admin","none_detected","none_detected","836b72dc5e7c08200e9eeee5c054a2fe8dbb96f030e4847172fc2be3cbb1480f","static_source","unverified"
"75f66d4b82906a4c","/api/admin/content-freshness","route_handler","GET","src/app/api/admin/content-freshness/route.ts","","","","admin","none_detected","none_detected","57e3d38f9fe6d6f5a54cbf8088a4b23037d6312ed3129d97f4222ecf3ee422fc","static_source","unverified"
"ad634492d48db6a1","/api/admin/content/documents","route_handler","GET|POST","src/app/api/admin/content/documents/route.ts","","","","admin","none_detected","none_detected","ade057bf04e79e119ce8cbb9f8b38dc8f9cd66bb5a5727da384a8dc697ce7137","static_source","unverified"
"72460ef713ee2d6c","/api/admin/content/documents/[id]","route_handler","GET|PATCH|DELETE","src/app/api/admin/content/documents/[id]/route.ts","","","","admin","none_detected","none_detected","51cbfa6997303c72eda2efcdbdaa2d30ed91c6dadb2d9fa222aabfb550cce128","static_source","unverified"
"2346925fc2dd6961","/api/admin/content/documents/[id]/governance","route_handler","GET|POST|DELETE","src/app/api/admin/content/documents/[id]/governance/route.ts","","","","admin","none_detected","none_detected","be61a0f5d14e2104944ce7cf826b8cd7563a7bced692f56642b1c3607c133ba0","static_source","unverified"
"b700a4e9d2d3fab6","/api/admin/content/documents/[id]/publish","route_handler","POST","src/app/api/admin/content/documents/[id]/publish/route.ts","","","","admin","none_detected","none_detected","cadb500fcce36791750bc64a0fbdeaf3763e8aa571f026497def4b96e2996922","static_source","unverified"
"668f2c5128eb5d40","/api/admin/content/documents/[id]/revisions","route_handler","GET","src/app/api/admin/content/documents/[id]/revisions/route.ts","","","","admin","none_detected","none_detected","9129a076e2f4e6a276a6e47d563e0deee7d9c6e64dc1611309dac8382c4415dc","static_source","unverified"
"a0f7cf96a9085bdb","/api/admin/content/documents/[id]/revisions/[revisionId]","route_handler","GET","src/app/api/admin/content/documents/[id]/revisions/[revisionId]/route.ts","","","","admin","none_detected","none_detected","480000b4437fc435b57509ac664b38444db6650d6e0d0ab1ee0aa262c08fe8e0","static_source","unverified"
"e92bb7d44d56d18b","/api/admin/content/documents/[id]/revisions/[revisionId]/restore","route_handler","POST","src/app/api/admin/content/documents/[id]/revisions/[revisionId]/restore/route.ts","","","","admin","none_detected","none_detected","0b18fde75a4633a9e3065b646189c88bf617e3572528b6f8e1e1e7ecc216dde2","static_source","unverified"
"a027111c888aef92","/api/admin/content/documents/[id]/schedule","route_handler","POST|DELETE","src/app/api/admin/content/documents/[id]/schedule/route.ts","","","","admin","none_detected","none_detected","e9fde43b8576a0e3f26b1fb11f96abffcfbc0903d97b3531f4d6eb35769ba00a","static_source","unverified"
"8505cb516cc71788","/api/admin/content/documents/bulk-import","route_handler","GET|POST","src/app/api/admin/content/documents/bulk-import/route.ts","","","","admin","none_detected","none_detected","ef79d6bd4645c42a5498c71fd79734706d61e5b88700546e891f924707094761","static_source","unverified"
"a9d0399327e3cb6d","/api/admin/content/knowledge-import","route_handler","GET|POST","src/app/api/admin/content/knowledge-import/route.ts","","","","admin","none_detected","none_detected","6801b94e5dc50504cb56d476df2ee7f6440504ffd2617641153e4556a2fbd635","static_source","unverified"
"b8b2d7b176c07080","/api/admin/content/map","route_handler","GET|PATCH","src/app/api/admin/content/map/route.ts","","","","admin","none_detected","none_detected","c42bdd5698effb03f08fb2c8327d0d34ae3368a12c5e0d763e7936328cd74904","static_source","unverified"
"f55eb3f9a06f31b4","/api/admin/content/translations","route_handler","GET","src/app/api/admin/content/translations/route.ts","","","","admin","none_detected","none_detected","1a511ca0a9fbd7df71b5c71dad13032e61169354e3a7b6974a66909fba9136e2","static_source","unverified"
"6e5ae50ad74bfbff","/api/admin/dashboard","route_handler","GET","src/app/api/admin/dashboard/route.ts","","","","admin","none_detected","none_detected","28df644e604259bbdac9bb520cbecb3846d6f5f2320feebbf95e51ea70fbbe6b","static_source","unverified"
"4197f3ea0ebae3d7","/api/admin/email-templates","route_handler","GET|POST","src/app/api/admin/email-templates/route.ts","","","","admin","none_detected","none_detected","de329ff4f2c370fa53e36b7a99575982da2bff1f1c2c8afb082699cb96cc8d88","static_source","unverified"
"88e1625619c4c0e0","/api/admin/excursions","route_handler","GET","src/app/api/admin/excursions/route.ts","","","","admin","none_detected","none_detected","ac1dee9d41cc7ac8a6649b76d5dbaade321f0f438e9f86dfd641450f599ce3d3","static_source","unverified"
"2748af6d5874b89e","/api/admin/experts","route_handler","GET|PATCH","src/app/api/admin/experts/route.ts","","","","admin","none_detected","none_detected","47c2aa5870894292fa5fbcebdce15338453184b97a075603cea4af801c646681","static_source","unverified"
"83e050b7215415ce","/api/admin/experts/[id]","route_handler","PATCH","src/app/api/admin/experts/[id]/route.ts","","","","admin","none_detected","none_detected","0bf98035e4f53aac049d5c6e50399644885cf7ccb12147b9f632d4f747207b36","static_source","unverified"
"fee5dbeafb5daa4d","/api/admin/feature-flags","route_handler","GET|POST|PATCH|DELETE","src/app/api/admin/feature-flags/route.ts","","","","admin","none_detected","none_detected","0f37fe946d0630ca2fc25914b3f0ac75378fb5cdef62daf99b975afa24f62742","static_source","unverified"
"a9c49134dc2262bd","/api/admin/forum","route_handler","GET|POST|PATCH|DELETE","src/app/api/admin/forum/route.ts","","","","admin","none_detected","none_detected","76801b5e5561f4f6a79dbdeb71dcaebf6051d0e01153897ad16c70539660dbc4","static_source","unverified"
"55ecff6176edd194","/api/admin/forum/threads/[id]","route_handler","PATCH","src/app/api/admin/forum/threads/[id]/route.ts","","","","admin","none_detected","none_detected","057b4cfab130a42c53411d40a3eee2283cb53a7e21f28ea2d7a4a8d97cc34b82","static_source","unverified"
"70fd468a41ead8ac","/api/admin/health","route_handler","GET","src/app/api/admin/health/route.ts","","","","admin","none_detected","none_detected","a8497f48a3c46bf162268c95214b4eabbcd5d418cb174fc40cd6f9b76371dfea","static_source","unverified"
"84ec5b78313e611c","/api/admin/ingestion/candidates","route_handler","GET","src/app/api/admin/ingestion/candidates/route.ts","","","","admin","canonical","none_detected","869399f048cf66117fb5f4f7504d6992f68d42b36e923cf2fff3a13b63bd1886","static_source","unverified"
"21a37a5450036d52","/api/admin/ingestion/candidates/[id]","route_handler","POST","src/app/api/admin/ingestion/candidates/[id]/route.ts","","","","admin","none_detected","none_detected","1a5d92234c5fd424b69ef16f97abaeba91dbd449ea6fd9b04baae84e1a73f51a","static_source","unverified"
"0b84cab68f41e160","/api/admin/ingestion/overview","route_handler","GET","src/app/api/admin/ingestion/overview/route.ts","","","","admin","none_detected","none_detected","0b3a8a219b165fca770f51c95f030a4741312f6f9a6b987313ac052d10b7b3ef","static_source","unverified"
"69ea2011162ec526","/api/admin/ingestion/prompts","route_handler","GET|POST","src/app/api/admin/ingestion/prompts/route.ts","","","","admin","none_detected","none_detected","c33bb32fd53eb706e8a974acac7a39a808a0bfe6bc27b47f423e5f80c99c42b4","static_source","unverified"
"4d75d4068076b40d","/api/admin/ingestion/proposals/[id]","route_handler","POST","src/app/api/admin/ingestion/proposals/[id]/route.ts","","","","admin","none_detected","none_detected","1295da2de9f3a46749a5262aa0307376b78b3a3d5a0289e94d2cdda3b5ff0f12","static_source","unverified"
"23330a13e07106d1","/api/admin/ingestion/runs","route_handler","GET","src/app/api/admin/ingestion/runs/route.ts","","","","admin","none_detected","none_detected","548edfb8ae09a537fde93bf4b75bc088e1eec20c16f6e9a5bf037af1ed51fd46","static_source","unverified"
"be83dc2dba4b0640","/api/admin/ingestion/runs/[id]","route_handler","POST","src/app/api/admin/ingestion/runs/[id]/route.ts","","","","admin","none_detected","none_detected","79afaee4dffcb745dfc7544fdf9f9e332f14a5b10c6f36888d00f639006aa8a8","static_source","unverified"
"526ac470d5701154","/api/admin/ingestion/sources","route_handler","GET|POST","src/app/api/admin/ingestion/sources/route.ts","","","","admin","none_detected","none_detected","7883e21dc09c796bf8eb733b685faf4d9a32e0dcaa415f1c56b7f369bf1a9040","static_source","unverified"
"6c9292ef9deb402e","/api/admin/ingestion/sources/[id]","route_handler","GET|PATCH|DELETE","src/app/api/admin/ingestion/sources/[id]/route.ts","","","","admin","none_detected","none_detected","31e178b9ac78cc79b832ab2c8fb72c99892dc869ab7d46ccf9c3ffa6b6a341f6","static_source","unverified"
"1267de05e0c589fa","/api/admin/ingestion/sources/[id]/run","route_handler","POST","src/app/api/admin/ingestion/sources/[id]/run/route.ts","","","","admin","none_detected","none_detected","af124deb7f4c57367587437156df51f021e2aacd5824affe56df098400b8959d","static_source","unverified"
"0da66078102945ef","/api/admin/ingestion/sources/[id]/test","route_handler","POST","src/app/api/admin/ingestion/sources/[id]/test/route.ts","","","","admin","canonical","none_detected","f8fdc0564fa4aed6c830d205665e127d47bbc4afdc5521e6eec7cdd69fdf049d","static_source","unverified"
"0e12acb4d96c94d2","/api/admin/ingestion/sources/[id]/upload","route_handler","POST","src/app/api/admin/ingestion/sources/[id]/upload/route.ts","","","","admin","none_detected","none_detected","a4423d4d47f92a4f88de79c4a67e5ae1a9f9e694fb9dc34d555f4250c476aceb","static_source","unverified"
"9dc6cf0e86ef1b71","/api/admin/integrations/verify","route_handler","GET|POST","src/app/api/admin/integrations/verify/route.ts","","","","admin","none_detected","none_detected","bf82a1ccd4b1707f0bfe00f7a7dff2e1d5dd82b854bea70f9b2a31bee98faa93","static_source","unverified"
"b20506737a635cab","/api/admin/leads","route_handler","GET|PATCH","src/app/api/admin/leads/route.ts","","","","admin","none_detected","none_detected","1054254b3601759ad60734f74bfe63793eb847536a926bbc44e8c05149eb4c4b","static_source","unverified"
"ef0496878a6ff0d1","/api/admin/leads/export","route_handler","GET","src/app/api/admin/leads/export/route.ts","","","","admin","none_detected","none_detected","0df36a6cb096247c46165a5b05940f86eded58cb05c6bc295c4eca34adbe8ce6","static_source","unverified"
"2cd69f6741cb4208","/api/admin/media","route_handler","GET|POST|PUT","src/app/api/admin/media/route.ts","","","","admin","none_detected","none_detected","aabfebbbccc967a9341de0ac6314823993a709d70eef63e0b312d5ee931c3a73","static_source","unverified"
"25b705da9a684d8f","/api/admin/media/[id]","route_handler","PATCH|DELETE","src/app/api/admin/media/[id]/route.ts","","","","admin","none_detected","none_detected","aa901a0093a6f836f77100e4bd53fa60d7360d27b1b756b588c3d8a3c587f5c2","static_source","unverified"
"8913a33ed9ddddd1","/api/admin/mobility","route_handler","GET|POST","src/app/api/admin/mobility/route.ts","","","","admin","none_detected","none_detected","dd169fb0d92d344aca332b14e9d0d1fa4b3087c93b7086152522b9a31a1324b3","static_source","unverified"
"617abcbecd12742e","/api/admin/mobility/documents/[id]","route_handler","GET","src/app/api/admin/mobility/documents/[id]/route.ts","","","","admin","none_detected","none_detected","6e539b6b685d83c0c17323ddfcc1d7f7d0abe5607f23aea7f424be5bd9fd92ab","static_source","unverified"
"2cee0e52ce81024d","/api/admin/mobility/requests","route_handler","GET|POST","src/app/api/admin/mobility/requests/route.ts","","","","admin","none_detected","none_detected","071f2aade9a7ccbffe898c91cf9cabdf025edb66c8fda09269bf839197bfceb6","static_source","unverified"
"45b7dc1dd70c478c","/api/admin/moderation","route_handler","GET","src/app/api/admin/moderation/route.ts","","","","admin","none_detected","none_detected","6282ef40a86a68ef9db47c6ac8f73f2e542053a8e9b816fd0fe4d817a24dcb02","static_source","unverified"
"2a342cf07861becf","/api/admin/moderation/[id]","route_handler","PATCH","src/app/api/admin/moderation/[id]/route.ts","","","","admin","none_detected","none_detected","03772d9880e61b9a3246527019cdd1da696888c1affc0d6bf670cc4c264169a6","static_source","unverified"
"c1809108bfd141fa","/api/admin/modules","route_handler","GET","src/app/api/admin/modules/route.ts","","","","admin","none_detected","none_detected","a34f52ea91eb06c0443f5ff8e42c980aec44cef881c0ee9a2d39e12b85b4c028","static_source","unverified"
"cd49dceb445ec638","/api/admin/notifications","route_handler","GET","src/app/api/admin/notifications/route.ts","","","","admin","none_detected","none_detected","b5b0f1389b85da305aac57a33be6df33b7fcaa2886c91e44b2fa0fdd2b2b2932","static_source","unverified"
"e0270feaf33e1085","/api/admin/notifications/[id]/read","route_handler","PATCH","src/app/api/admin/notifications/[id]/read/route.ts","","","","admin","none_detected","none_detected","d7ee3fa53957a63d3dfe521a7857cabe8289e5a25ad209dc8f8ccd8817f97da1","static_source","unverified"
"5dba2cc6936648f5","/api/admin/notifications/digest","route_handler","POST","src/app/api/admin/notifications/digest/route.ts","","","","admin","none_detected","none_detected","424ecf00b8f85012a60a5acf51dc7314a8005c622a4381c62ee72a1dd0b1ae38","static_source","unverified"
"89984762a15777df","/api/admin/notifications/mark-all-read","route_handler","POST","src/app/api/admin/notifications/mark-all-read/route.ts","","","","admin","none_detected","none_detected","2fa13baf09db2a50d4e16fae7998c51ff06e55deb666dbaa4f5526aa5577a144","static_source","unverified"
"5e76b88342a20dcd","/api/admin/operations/summary","route_handler","GET","src/app/api/admin/operations/summary/route.ts","","","","admin","none_detected","none_detected","e6f4936978ef01c3ca5a4b9cd21056b87cbbde1ed8e3abfcd4dedd46ec59a70a","static_source","unverified"
"04ead01dce357abf","/api/admin/ops/email-outbox","route_handler","GET|POST","src/app/api/admin/ops/email-outbox/route.ts","","","","admin","none_detected","none_detected","48b5b4e0c675144abd858472ef5bf48441ea259a9909d22359587701c00ba7bd","static_source","unverified"
"defe7a54de2fff2d","/api/admin/ops/sentry-test","route_handler","POST","src/app/api/admin/ops/sentry-test/route.ts","","","","admin","none_detected","none_detected","73b43836d5e108fca26a1d6a4b78e33cc323190b2e461238cb24c89e80aa8aed","static_source","unverified"
"c6c7df7247a933b7","/api/admin/ops/waitlist","route_handler","GET","src/app/api/admin/ops/waitlist/route.ts","","","","admin","none_detected","none_detected","baf178f7d526eed7447d1d279928ec57c98d22eec6283a9c8aca2f9d4c705c14","static_source","unverified"
"5fec3b1bde7b6db7","/api/admin/ops/waitlist/[id]","route_handler","PATCH","src/app/api/admin/ops/waitlist/[id]/route.ts","","","","admin","none_detected","none_detected","76fcf6c685102828cb8bbf154dfbf46a569b14f8ea225f4a04b2f7833cae5671","static_source","unverified"
"623f0044256846b4","/api/admin/organizer-applications","route_handler","GET","src/app/api/admin/organizer-applications/route.ts","","","","admin|organizer","none_detected","none_detected","c1c99adf9c5e5f038460a61c79303b3eea9a6efdae55e052b2e640ac07b67f25","static_source","unverified"
"4a181e98fef21569","/api/admin/organizer-applications/[id]","route_handler","PATCH","src/app/api/admin/organizer-applications/[id]/route.ts","","","","admin|organizer","none_detected","none_detected","9937a30cce9ca9c1879f5a29940f70feb20029e47167d19caded33d225d7572c","static_source","unverified"
"934f6dbbe91bc430","/api/admin/owner-onboarding","route_handler","GET","src/app/api/admin/owner-onboarding/route.ts","","","","admin","none_detected","none_detected","6fcf5dfb896fd6fdd789cb394b80d64e56f3cb90fec042e0853e53cb1a4fb5d5","static_source","unverified"
"29b5db22240c63c8","/api/admin/payments","route_handler","GET","src/app/api/admin/payments/route.ts","","","","admin","none_detected","none_detected","77253b94feb2570474826ffc3986a3c51f443756b3826a99ccf173c13a1883b2","static_source","unverified"
"d0fb5f5f77323e73","/api/admin/payments/payouts","route_handler","GET|POST","src/app/api/admin/payments/payouts/route.ts","","","","admin","none_detected","none_detected","b9945de052d293930ec8242d61ae945b8450cb51f4289d1cdb6511fe1108ed10","static_source","unverified"
"23a217f29d0e87dc","/api/admin/payments/payouts/[id]/export","route_handler","GET|POST","src/app/api/admin/payments/payouts/[id]/export/route.ts","","","","admin","none_detected","none_detected","9093ee52094b3aa31d6cf889c8a2d9918026ffaf133badf4335cb661376ed134","static_source","unverified"
"c4b580403717062a","/api/admin/payments/reconciliation","route_handler","GET|POST","src/app/api/admin/payments/reconciliation/route.ts","","","","admin","none_detected","none_detected","b2159d23ab15bcbeb08e74bf0943e063eada14e13457e55588d4681a717408f9","static_source","unverified"
"8531177c6ad83d0c","/api/admin/payments/refund","route_handler","POST","src/app/api/admin/payments/refund/route.ts","","","","admin","none_detected","none_detected","6cf23ab9f7f6ab00a43f774f3a057e9fa200d2beacb70b799a9ab07c8e6e4f4b","static_source","unverified"
"d4b20535aa56e5e3","/api/admin/payments/refunds/[id]/approve","route_handler","POST","src/app/api/admin/payments/refunds/[id]/approve/route.ts","","","","admin","none_detected","none_detected","d4691c0b207402c2784ee993049a86c84d4cfa3b6ab366b6ab7d90deb802147f","static_source","unverified"
"a402cc2a0bb20ab9","/api/admin/payments/refunds/[id]/reject","route_handler","POST","src/app/api/admin/payments/refunds/[id]/reject/route.ts","","","","admin","none_detected","none_detected","0134cb5dbe1680f102475704fb5a6dc1b19578f3b42460ecbad99d18b657d5ff","static_source","unverified"
"88d5d9fb4f0428d3","/api/admin/payments/transactions","route_handler","GET","src/app/api/admin/payments/transactions/route.ts","","","","admin","none_detected","none_detected","510cd4f8c81d2cd0f3e8bd99ba827010af16267949bc21d538a294576f6a7695","static_source","unverified"
"847cf22943122499","/api/admin/payments/transactions/[id]","route_handler","GET","src/app/api/admin/payments/transactions/[id]/route.ts","","","","admin|cron_secret","none_detected","none_detected","772c59675fdcd168579416a674d439790e898db7e3c37c457c43e617c54af8a2","static_source","unverified"
"52e4e27697062db8","/api/admin/privacy-requests","route_handler","GET|PATCH","src/app/api/admin/privacy-requests/route.ts","","","","admin","none_detected","none_detected","7b6d5c222d29e3cdf7efeae16153c7507d7c266f7a22bee0682e2bca24b87af5","static_source","unverified"
"41394aea38e50be1","/api/admin/redirects","route_handler","GET|POST","src/app/api/admin/redirects/route.ts","","","","admin","none_detected","none_detected","b033d4ff0ff70b5a7aa46ce4710e24e05481ab222dc80712f697084f21a93db7","static_source","unverified"
"941b84695e11bba9","/api/admin/redirects/[id]","route_handler","PATCH|DELETE","src/app/api/admin/redirects/[id]/route.ts","","","","admin","none_detected","none_detected","cbaff31134778459b3850d25977372f055524d9133e51578d33ef846df7ec1fc","static_source","unverified"
"69e028685cdb4d0b","/api/admin/search/reindex","route_handler","POST","src/app/api/admin/search/reindex/route.ts","","","","admin","none_detected","none_detected","0fbab073de449fdf7212ada0f8dd07cea3c66a28d585dfb24b57fe7382ef6717","static_source","unverified"
"6438873a69ad6de2","/api/admin/seo/search-visibility","route_handler","GET|POST","src/app/api/admin/seo/search-visibility/route.ts","","","","admin","none_detected","none_detected","f3f325b30062800f95294a040e57aa06f84a10856abc31e0fe41ea40af26937b","static_source","unverified"
"cd0ebc6e7154a7f1","/api/admin/session","route_handler","GET","src/app/api/admin/session/route.ts","","","","admin","none_detected","none_detected","7a0bf7310c4b3b0d528da07410d0a2cddcbf86d4ed28fcb04c3e98224c119e96","static_source","unverified"
"2619852091617b95","/api/admin/settings","route_handler","GET|PATCH","src/app/api/admin/settings/route.ts","","","","admin","none_detected","none_detected","8cb6c03003f21c0f10e93e19096a6899983b333ab0cdcbc248b1cf5972ea2dfd","static_source","unverified"
"5ac9489ce33895ef","/api/admin/shop/catalog","route_handler","GET|POST","src/app/api/admin/shop/catalog/route.ts","","","","admin","none_detected","none_detected","48b9de188dbe838a0e677c787a643bfb0f364684d44e5310edfb5896d4122fda","static_source","unverified"
"0f790e6e1540e2f2","/api/admin/shop/catalog/[id]","route_handler","PATCH|DELETE","src/app/api/admin/shop/catalog/[id]/route.ts","","","","admin","none_detected","none_detected","9ab13d2b90ad1dcb9f4ced01c2e35e9c6a495da02f7383531f96a8d88f4481ed","static_source","unverified"
"ecc0b7b808adc500","/api/admin/shop/categories","route_handler","POST|PATCH|DELETE","src/app/api/admin/shop/categories/route.ts","","","","admin","none_detected","none_detected","40c8c6feb438cf8096923ebdf6f6037da14d281f51c4a9963feb8864fb1a6288","static_source","unverified"
"4043270beb4864da","/api/admin/shop/orders","route_handler","GET","src/app/api/admin/shop/orders/route.ts","","","","admin","none_detected","none_detected","9c80558749bf13c7c0188e5750d622fdaf469b3745cf397c61894f9583c7e416","static_source","unverified"
"4b4511dfee9fb6de","/api/admin/shop/orders/[id]","route_handler","GET|PATCH","src/app/api/admin/shop/orders/[id]/route.ts","","","","admin","none_detected","none_detected","41317ab04dc9f9cc4faa4d99116fdf99769fcbbb015c408f04f205338f4e59bc","static_source","unverified"
"c208db244068fda1","/api/admin/shop/orders/export","route_handler","GET","src/app/api/admin/shop/orders/export/route.ts","","","","admin","none_detected","none_detected","50795c8d63118827dfd5ad6876b004e1c5799b2388f9be8e005062a48b1ff30f","static_source","unverified"
"2114e794e0779d90","/api/admin/social-feed","route_handler","GET|PUT","src/app/api/admin/social-feed/route.ts","","","","admin","none_detected","none_detected","0d3cbfc7e3f5626bbc7d2d2205da180669ec2bf0747ee4d918c861e788085c9d","static_source","unverified"
"f31ee497563cca34","/api/admin/staff","route_handler","GET|POST","src/app/api/admin/staff/route.ts","","","","admin","none_detected","none_detected","4448743c418d482d4d54dfd4c0a23c3a88d0dd4416aea0774e29a515f40a4807","static_source","unverified"
"80cfc03801fba793","/api/admin/staff/[userId]","route_handler","PATCH|DELETE","src/app/api/admin/staff/[userId]/route.ts","","","","admin","none_detected","none_detected","673983ba350d3f766c414c7bd8b378ef7632945a24ded52511da57c1b7e1e384","static_source","unverified"
"45e4b5d67efa634e","/api/admin/summary","route_handler","GET","src/app/api/admin/summary/route.ts","","","","admin","none_detected","none_detected","f91ca9a2f5fbe8c671e80a9ada3c22ef36bcb2eaccc59c1d4310427d6342f1f7","static_source","unverified"
"ba1e2c34a3a3dfb9","/api/admin/tours","route_handler","GET","src/app/api/admin/tours/route.ts","","","","admin","none_detected","none_detected","c122eaf592c678fde074ea8a9705e76a0a656a34be3d79a21cabdec3f99ac372","static_source","unverified"
"4157f02f2d5ff8a1","/api/admin/tours/[id]","route_handler","PATCH","src/app/api/admin/tours/[id]/route.ts","","","","admin","none_detected","none_detected","65beea750b99e994ae29032ac9f9b40229f46aa259f150ac13c0cae9a450fb88","static_source","unverified"
"f1e90a8c7e942696","/api/admin/tours/seed","route_handler","POST","src/app/api/admin/tours/seed/route.ts","","","","admin","none_detected","none_detected","8d390d9712517293799a02ed5e0cb26f128a6d81c0c1aa3b418ec60c15ac6a64","static_source","unverified"
"d794eea6700dee85","/api/admin/trip-prep/templates","route_handler","GET|PUT|DELETE","src/app/api/admin/trip-prep/templates/route.ts","","","","admin","none_detected","none_detected","8891755c1af9a1dfb32d2092523c5e7501da0dd011884dced1955e6426224d6a","static_source","unverified"
"5102b8839ee2bd9a","/api/admin/users","route_handler","GET","src/app/api/admin/users/route.ts","","","","admin","none_detected","none_detected","7bf4460cfd360fcd281cb078d9ffe657683453f3156e9754388261970c3c2af6","static_source","unverified"
"c91e4720cffb5fde","/api/admin/users/[id]","route_handler","PATCH","src/app/api/admin/users/[id]/route.ts","","","","admin|organizer","none_detected","none_detected","0077ee4ca87f4fe2c30801010045de0bb2b4438c648b82e4cd62f11d25456510","static_source","unverified"
"44ce597a694294f7","/api/admin/youtravel/affise","route_handler","GET","src/app/api/admin/youtravel/affise/route.ts","","","","admin","none_detected","none_detected","761979788a12dd0242203e8e16aafa720d132946af0a57ac01d6b498bac8b814","static_source","unverified"
"f4105279a8fc372f","/api/affiliate/audio-guides/book","route_handler","GET","src/app/api/affiliate/audio-guides/book/route.ts","","","","none_detected","none_detected","none_detected","c891a212b3ea2ea146d9693b1f556731a485f8634eb79e90a036d4256cee3cd5","static_source","unverified"
"0a72588aba53cbad","/api/affiliate/esim/book","route_handler","GET","src/app/api/affiliate/esim/book/route.ts","","","","none_detected","none_detected","none_detected","d70f4c96a6c1739f99597e8efc16c04fc0be7e5ee2ef40435aef4100ab2b5659","static_source","unverified"
"9780b2d3a0e3a33f","/api/affiliate/flights/book","route_handler","GET","src/app/api/affiliate/flights/book/route.ts","","","","none_detected","none_detected","none_detected","39ca3453efa93668e9a08a810a5c25785b9210223c1b681e36beceb682ede97c","static_source","unverified"
"01c266467d3746c1","/api/affiliate/go/[slug]","route_handler","GET","src/app/api/affiliate/go/[slug]/route.ts","","","","admin","none_detected","none_detected","4e9cfc040b144d448c321a05399742b89f546ac1deab3dc2e6e7c37690a379f0","static_source","unverified"
"de2cd0dc552ead00","/api/affiliate/transfers/book","route_handler","GET","src/app/api/affiliate/transfers/book/route.ts","","","","none_detected","none_detected","none_detected","be73bb7c73e47cc6a6a2b2f3b2960d698dc2872dc133b82c640bf6dbea519aea","static_source","unverified"
"1b8ddfe379a7c4de","/api/affiliate/transfers/search","route_handler","GET","src/app/api/affiliate/transfers/search/route.ts","","","","none_detected","none_detected","none_detected","df804922b6df4b5620c72b9d06c58af4efeb48e8580a0ed36575f7c48b39bea5","static_source","unverified"
"781912204d19bcab","/api/ai/tour-match","route_handler","GET|POST","src/app/api/ai/tour-match/route.ts","","","","admin|authenticated|cron_secret","none_detected","none_detected","e88c4a13184a589743b465a2d49516d49c0b0e15e3cd78362ef45eb950d9060e","static_source","unverified"
"de5c308d56befaa7","/api/analytics/events","route_handler","POST","src/app/api/analytics/events/route.ts","","","","rate_limit","none_detected","none_detected","a2dfea2d10df136b0814638dd9a2ef422d61aebf0d52a57021b60f23cd106514","static_source","unverified"
"20d6729eb8e0bd5c","/api/apartments/[slug]/inquiries","route_handler","POST","src/app/api/apartments/[slug]/inquiries/route.ts","","","","admin|rate_limit","none_detected","none_detected","34c22bd02d02c70ca6d46321c0becc7d51c8de297ea2b8fb84a5a1111ac0afc2","static_source","unverified"
"4a9c51bdba6b33ff","/api/assistant/ask","route_handler","GET|POST","src/app/api/assistant/ask/route.ts","","","","admin|authenticated|cron_secret|rate_limit","none_detected","none_detected","b4f00df69a690af6346d06caa5e6c120e702ace410960f7863639fc13e938f79","static_source","unverified"
"7b9e93d50691e3bc","/api/audio-guides/products","route_handler","GET","src/app/api/audio-guides/products/route.ts","","","","none_detected","none_detected","none_detected","87a3f7a3b198ea41b0a482228c8fa52e5613bc8d60572d5580411345b4d6095c","static_source","unverified"
"6192546ab2e13375","/api/audio-guides/products/[id]","route_handler","GET","src/app/api/audio-guides/products/[id]/route.ts","","","","none_detected","none_detected","locale_param","baddbe510978949c835c32a0c128f7fe8f4b87fe0c07a37bba3468bc00175bc4","static_source","unverified"
"fc7cb9c956ced0aa","/api/audio-guides/search","route_handler","GET","src/app/api/audio-guides/search/route.ts","","","","none_detected","none_detected","none_detected","2409c791e934fc640e0a8267200b8f5a93cbad36d1eaccb6ee641da1395d5eaf","static_source","unverified"
"a1f5e9af174e02dd","/api/auth/ensure-profile","route_handler","POST","src/app/api/auth/ensure-profile/route.ts","","","","admin|authenticated","none_detected","none_detected","c1ba3ee0c8c631ea4997a3e1eff4c48e172299027055ea3f869cfdbff65c6a9e","static_source","unverified"
"8a375ae4f0ae9301","/api/auth/experience","route_handler","GET","src/app/api/auth/experience/route.ts","","","","none_detected","none_detected","none_detected","813a7305667d0abc344d00fdef16655df9c740ebc65e5c5459289126488880e9","static_source","unverified"
"fe6e23f3fe71a9d4","/api/auth/login-by-phone","route_handler","POST","src/app/api/auth/login-by-phone/route.ts","","","","none_detected","none_detected","none_detected","5d65bd8b817684be04e1c51e3bdcf333436a35d9eb4cb283334324bce5a3c860","static_source","unverified"
"5873af601146d4c0","/api/auth/login-email","route_handler","POST","src/app/api/auth/login-email/route.ts","","","","none_detected","none_detected","none_detected","79ee4529b5051de4f4d51e4f21242e8b3ca106375024ba03a5ca6b3b69cb020c","static_source","unverified"
"c95b6395e188a2e9","/api/auth/lookup-email","route_handler","POST","src/app/api/auth/lookup-email/route.ts","","","","none_detected","none_detected","none_detected","31309fe32272f955e6b0e93413b0688a6ba7a4babb164e0a8405bae00f3806ce","static_source","unverified"
"657ca11d1252a757","/api/auth/lookup-phone","route_handler","POST","src/app/api/auth/lookup-phone/route.ts","","","","none_detected","none_detected","none_detected","d43c5b19d0b2a8074e8e33b937ab2c0858c572ef126310873595c8dd01bb98cd","static_source","unverified"
"5466f7d288664187","/api/auth/register","route_handler","POST","src/app/api/auth/register/route.ts","","","","none_detected","none_detected","none_detected","3d4d54401aa3900db124eb755aaf9ce519742a6b369a977cceee5842656281b1","static_source","unverified"
"368290f5e4668a2b","/api/auth/request-password-reset","route_handler","POST","src/app/api/auth/request-password-reset/route.ts","","","","rate_limit","none_detected","none_detected","6f82ed4e72c504fff935da093a09d392327d26b33c03d65144ffb35c3c594a0b","static_source","unverified"
"a80fe0832d2c3f67","/api/auth/sign-in-phone","route_handler","POST","src/app/api/auth/sign-in-phone/route.ts","","","","admin","none_detected","none_detected","2b8af680d27bfa588e89f5323839c206efca63996569e60a350e9c6031b9dc8b","static_source","unverified"
"3b8c83448c6fcc8b","/api/auth/update-password","route_handler","POST","src/app/api/auth/update-password/route.ts","","","","authenticated","none_detected","none_detected","a53a2c0a64ed650f6873155aea198d13c8c441593931b8bdce1ba1f05838dd2c","static_source","unverified"
"5bee8f93ffe8c9dc","/api/auth/workspace","route_handler","POST","src/app/api/auth/workspace/route.ts","","","","none_detected","none_detected","none_detected","0953edb8daa5df9cf2c16546a9d656af94d4f7ee14dde3a5e701b8d042ac15f1","static_source","unverified"
"a46db9dd8f0ab128","/api/blog/comments","route_handler","GET|POST","src/app/api/blog/comments/route.ts","","","","authenticated|rate_limit","none_detected","none_detected","b6c37d14b025076484858b52cdb8b91951ec8108c51d11e8e68726a111649ff4","static_source","unverified"
"0bffa317df059dfc","/api/blog/comments/report","route_handler","POST","src/app/api/blog/comments/report/route.ts","","","","authenticated|rate_limit","none_detected","none_detected","c8226ef13534268ef65ea5cc4fc56061023a50c19718e08b5216216959cfecfa","static_source","unverified"
"0eb7dd015afddf04","/api/blog/reading-history","route_handler","GET|POST","src/app/api/blog/reading-history/route.ts","","","","none_detected","none_detected","none_detected","301871e04a31d535d4f3df76282fbdd628ed7b474966369fc95f85d47c83b42b","static_source","unverified"
"e2d8bb47c8474ec4","/api/blog/recommendations","route_handler","POST","src/app/api/blog/recommendations/route.ts","","","","none_detected","none_detected","i18n_import","9970ea8fb5712923675cb0a9671f1fabf68688327af14cf721b555afecd055c9","static_source","unverified"
"d75a9bf56d1be054","/api/bookings","route_handler","GET|POST","src/app/api/bookings/route.ts","","","","admin|authenticated","canonical","none_detected","77a878f3a643d632b073701764e32c00d834ef9199f46d84eb5d44b5d87d57b5","static_source","unverified"
"70978ef000ca2bb8","/api/bookings/[id]","route_handler","GET|PATCH","src/app/api/bookings/[id]/route.ts","","","","admin","none_detected","none_detected","599026271e9a331e69f173535e83563324f8e81e69894373cf0d90fc659194ca","static_source","unverified"
"3d016404667cbf1c","/api/bookings/[id]/payment/preference","route_handler","POST","src/app/api/bookings/[id]/payment/preference/route.ts","","","","admin","none_detected","none_detected","a784fa992157dedba9bf2d394349305fbe6bb6cec35b4a1c36f6eeb21c753630","static_source","unverified"
"8e2cc9077de73fd6","/api/bookings/[id]/payment/receipt","route_handler","GET","src/app/api/bookings/[id]/payment/receipt/route.ts","","","","admin","none_detected","none_detected","ef902ebcfb486364b7098fec0483a81ba0a4fda5b292c6d97f7a8923f5c09749","static_source","unverified"
"45fe6212370c2335","/api/bookings/[id]/payment/refund","route_handler","GET|POST","src/app/api/bookings/[id]/payment/refund/route.ts","","","","admin|organizer","none_detected","none_detected","46c8245a5e9f0edcb42b117e68f8a6ca03df1bd481b369335f8e9fa00b505e88","static_source","unverified"
"94cccbf664a0edc1","/api/bookings/[id]/payment/sandbox","route_handler","POST","src/app/api/bookings/[id]/payment/sandbox/route.ts","","","","admin","none_detected","none_detected","74c463529ba8a5c54afe0a21dd05440d3b5d0080fde595ce63d1a332bc30c189","static_source","unverified"
"aeba5a0a09461bd4","/api/bookings/[id]/payment/stripe/session","route_handler","POST","src/app/api/bookings/[id]/payment/stripe/session/route.ts","","","","admin","none_detected","none_detected","1bdd64c8db46bac479e72e0dea5a21aeaada3977ed44bd9254111528f73a0797","static_source","unverified"
"9cb93e3f14eb3bbb","/api/bookings/attach-guest","route_handler","POST","src/app/api/bookings/attach-guest/route.ts","","","","authenticated","none_detected","none_detected","1433d451882e1bc45f89a715ce2c0ee2ea00987a5da9295cc1518b3bea00cbb1","static_source","unverified"
"e850ce5e990ea90e","/api/bookings/lookup","route_handler","POST","src/app/api/bookings/lookup/route.ts","","","","admin|rate_limit","none_detected","none_detected","3da8fa216408cacc22b2f6cffcb9b0e2151a71b28ecd4278c2f52924c420d4da","static_source","unverified"
"7d47bb89a766f54c","/api/bookings/lookup/results","route_handler","GET","src/app/api/bookings/lookup/results/route.ts","","","","admin","none_detected","none_detected","808614d35eb00e6bfb10b244322125d8289ce8ff5c7018dda5a4302fe3ece2f0","static_source","unverified"
"01a1571ee9f96439","/api/bookings/lookup/verify","route_handler","POST","src/app/api/bookings/lookup/verify/route.ts","","","","admin|rate_limit","none_detected","none_detected","941dc61ee3a4c95cdabce2f22debc16d1ace8111e509dfdc29ba494862feab92","static_source","unverified"
"66357775307afc15","/api/bookings/notify","route_handler","POST","src/app/api/bookings/notify/route.ts","","","","none_detected","none_detected","none_detected","d129408b3597c8b9a127f9e31eb02cfe3305ecabf1d0db992e2f62b41239ff05","static_source","unverified"
"69b08f39535532e0","/api/bookings/payment-link/[token]","route_handler","GET","src/app/api/bookings/payment-link/[token]/route.ts","","","","admin","none_detected","none_detected","0b7060c42b2dc9cb35a81d4978493f3848c0cba57a580c5a3590a0ab090566c7","static_source","unverified"
"b145d5c4d5b5ad0d","/api/bookings/travelers/[token]","route_handler","GET|PUT","src/app/api/bookings/travelers/[token]/route.ts","","","","admin","none_detected","none_detected","8eb460318072c3acd76fece5ae38e635dee7519fa2f46917f7f6b5793a84d5f5","static_source","unverified"
"b092e8cb5461dab7","/api/cms/blog/link-suggestions","route_handler","POST","src/app/api/cms/blog/link-suggestions/route.ts","","","","admin|rate_limit","none_detected","i18n_import","c4c9c9e2a73be8d2d8cd71a9b6248e463fe13db472e3da560e30c6057f4d8e8a","static_source","unverified"
"75710fe767d0a11c","/api/contact","route_handler","POST","src/app/api/contact/route.ts","","","","rate_limit","none_detected","none_detected","e0c2ca450861379129de87226aae4a7a24005a456e19263f31b8dd3c8c982b52","static_source","unverified"
"6ae84a8d8c86add3","/api/conversations/[threadId]/messages","route_handler","GET|POST","src/app/api/conversations/[threadId]/messages/route.ts","","","","rate_limit","none_detected","none_detected","4759889e72e26360a9384e7acd01c275a288970eb7a97cf416469e5666efc90c","static_source","unverified"
"52478c24f87a0396","/api/conversations/[threadId]/read","route_handler","POST","src/app/api/conversations/[threadId]/read/route.ts","","","","none_detected","none_detected","none_detected","39cce1f8e5ffd035c76a40600967caa04cc4eabd47853c82b047508a3c649240","static_source","unverified"
"2bf04ebdad80ceb5","/api/conversations/[threadId]/typing","route_handler","GET|POST","src/app/api/conversations/[threadId]/typing/route.ts","","","","rate_limit","none_detected","none_detected","fbbfd900663cbf1704ea9a166e98461db2def9ecd61e649f3e65340c6de0ad59","static_source","unverified"
"08086f93d8f987b8","/api/conversations/by-booking/[bookingId]","route_handler","GET","src/app/api/conversations/by-booking/[bookingId]/route.ts","","","","none_detected","none_detected","none_detected","65d5b16b68e264bc21c0def738215cdb475ebd41a87838832148efb579377c3b","static_source","unverified"
"03047a7f6b9d18ab","/api/conversations/inbox","route_handler","GET","src/app/api/conversations/inbox/route.ts","","","","none_detected","none_detected","none_detected","14077432b8412db728f04a6317a608ee0106f82b4c38605ed7b93fb026bea619","static_source","unverified"
"cb22207806b82238","/api/cron/affiliate-sync","route_handler","GET","src/app/api/cron/affiliate-sync/route.ts","","","","cron_secret","none_detected","none_detected","0c15b767ebedc3af3f6b783a3bb36f43d3287e41156f05a18a768bc77e305d1b","static_source","unverified"
"49bf5c3e8aca6109","/api/cron/bookings/expire-unpaid","route_handler","GET","src/app/api/cron/bookings/expire-unpaid/route.ts","","","","admin","none_detected","none_detected","cb0d2f9a48ce8f9e8e314e5713dc68f1ba5a8b325895a0ec00911056ecf437e2","static_source","unverified"
"419d320f02e27c2c","/api/cron/cms/publish-scheduled","route_handler","GET|POST","src/app/api/cron/cms/publish-scheduled/route.ts","","","","admin","none_detected","none_detected","b85189da482db63c3b76bd8aeea2926a2a97374a43d35545d083de9708d8234e","static_source","unverified"
"e0cc7f6e75ca10da","/api/cron/content-factory-publish","route_handler","GET|POST","src/app/api/cron/content-factory-publish/route.ts","","","","none_detected","none_detected","none_detected","50606b885af31c33570b40422f3131bcf6305bece995170b97d39039a705f1f6","static_source","unverified"
"302ece90b918e449","/api/cron/content-freshness","route_handler","GET|POST","src/app/api/cron/content-freshness/route.ts","","","","admin","none_detected","none_detected","2e0d806450af9bad6707d67c82a60a0cb53b492356f0de5f00700298607b2df8","static_source","unverified"
"afeadccec62c16be","/api/cron/ingestion","route_handler","GET|POST","src/app/api/cron/ingestion/route.ts","","","","admin","none_detected","none_detected","ba7174f2da049790921d9db635e29a5c31cab65e825563ae20818c3cb6407e81","static_source","unverified"
"5bffa35862966178","/api/cron/messaging/booking-reminder-24h","route_handler","GET|POST","src/app/api/cron/messaging/booking-reminder-24h/route.ts","","","","admin","none_detected","none_detected","3624a228fee564860459b7cfc5a0739e7455c1838649806e56f8a53160071a12","static_source","unverified"
"5ee03d716e1e30c1","/api/cron/messaging/cleanup-typing","route_handler","GET|POST","src/app/api/cron/messaging/cleanup-typing/route.ts","","","","admin","none_detected","none_detected","387959de18a18103cbad38e1b220e9bb9f992b2cd65b3f6257715e1a8d3695ef","static_source","unverified"
"1887fe1e994c7485","/api/cron/notifications/digest","route_handler","GET|POST","src/app/api/cron/notifications/digest/route.ts","","","","admin","none_detected","none_detected","4c80b4057756fc3d022c481cca2dac17f2084e3c595b48b50836804b28ac91ed","static_source","unverified"
"4bab5efb1b72356d","/api/cron/notifications/email-retry","route_handler","GET","src/app/api/cron/notifications/email-retry/route.ts","","","","none_detected","none_detected","none_detected","fd1b8e843ba17da592aad353b7b47ac45e9746847ad2f32b6a5bf2521661a7fb","static_source","unverified"
"2b0d205dbdbfc8a2","/api/cron/ops/backup-hint","route_handler","GET|POST","src/app/api/cron/ops/backup-hint/route.ts","","","","none_detected","none_detected","none_detected","5f000dd77d51a6aca7749506ec978fe990bc4e8b9d88c8c017b9aad9b5fe1716","static_source","unverified"
"403a164e00d4cbbc","/api/cron/ops/health-report","route_handler","GET","src/app/api/cron/ops/health-report/route.ts","","","","admin","none_detected","none_detected","dcb83503034097e39edd71aad7f2b96d4d77e617dceae1e07443b1a4614641f5","static_source","unverified"
"756ea6bb97515e78","/api/cron/platform-maintenance","route_handler","GET","src/app/api/cron/platform-maintenance/route.ts","","","","cron_secret","none_detected","none_detected","37a5d8d44867ac05c34a512477c4ba99728abc296d97a68856f049934eacea2f","static_source","unverified"
"bef6ffffe721431a","/api/cron/privacy/process","route_handler","GET|POST","src/app/api/cron/privacy/process/route.ts","","","","none_detected","none_detected","none_detected","a8204a2c9ca8a83c830d1c1c04e617a13a007c4983360f0e3bbdd3921d76709a","static_source","unverified"
"2729f40692fc382f","/api/cron/search/reindex","route_handler","GET","src/app/api/cron/search/reindex/route.ts","","","","admin","none_detected","none_detected","bfc86b3caa828bb8328d6c27a558009e6f40c705d843b2c8a4877f5ad83d3af9","static_source","unverified"
"a3886f18d9838a3c","/api/cron/seo-search-sync","route_handler","GET|POST","src/app/api/cron/seo-search-sync/route.ts","","","","admin","none_detected","none_detected","57b5252079a61738adeeabaab3e54ad2845422c2aaaba7c51ed7eec23b011d14","static_source","unverified"
"64872b7da82f0860","/api/cron/sputnik8-sync","route_handler","GET","src/app/api/cron/sputnik8-sync/route.ts","","","","none_detected","none_detected","none_detected","3eb84515c781eb519b4f99d6cf6f1eca6de83dd97b6502e16800938f58b2ac8c","static_source","unverified"
"8bdd7f241971a4b3","/api/cron/trip-prep/reminders","route_handler","GET|POST","src/app/api/cron/trip-prep/reminders/route.ts","","","","none_detected","none_detected","none_detected","14a1e7fcbdefac28003cdd2b83d2a2b40df4d567602e6efdbb1ca76ab0a5577e","static_source","unverified"
"e4eabd1270f420ea","/api/cron/tripster-sync","route_handler","GET","src/app/api/cron/tripster-sync/route.ts","","","","none_detected","none_detected","none_detected","77615aa9e4f926f69e8dc8a2cf17fac2a7ffed38ad8fa05cf137626a8cab2fae","static_source","unverified"
"7d706c0385aae419","/api/cron/youtravel-affise-snapshot","route_handler","GET","src/app/api/cron/youtravel-affise-snapshot/route.ts","","","","admin","none_detected","none_detected","2ad2cf1b8ff9bfb61f04a275701153f897c28cf4588c6df17fc201127dfffb82","static_source","unverified"
"f3b638445839cd2b","/api/cron/youtravel-booking-status","route_handler","GET","src/app/api/cron/youtravel-booking-status/route.ts","","","","admin","none_detected","none_detected","32c9ed9a4502f619aa69927542781f73ce8418aeeb807624b506728afd0ca591","static_source","unverified"
"b6c1f9d38692954c","/api/cron/youtravel-sync","route_handler","GET","src/app/api/cron/youtravel-sync/route.ts","","","","none_detected","none_detected","none_detected","1e1cc13a4345f8d417c5c1c83fc304a0671630799ab91458636b2ea72040aa38","static_source","unverified"
"67bd45c94cca0cec","/api/esim/offers","route_handler","GET","src/app/api/esim/offers/route.ts","","","","none_detected","none_detected","none_detected","f2b918e8a55c85326c116a873beedc083b32998313643e790764a4c9d5790807","static_source","unverified"
"6b12a525ff9311bd","/api/exchange-rates","route_handler","GET","src/app/api/exchange-rates/route.ts","","","","none_detected","none_detected","none_detected","16774f8818bc3b46151d3fe50ba31c349078c4f966739e59ed0784a5013c1cd4","static_source","unverified"
"cb2f5dbe95b6231a","/api/exchange-rates/argentina","route_handler","GET","src/app/api/exchange-rates/argentina/route.ts","","","","none_detected","none_detected","none_detected","21b78124265eac9ef46ed8dd3373598432e3b3c451547a037361451412150f6c","static_source","unverified"
"d8016f6d38ffa2bf","/api/excursions","route_handler","GET","src/app/api/excursions/route.ts","","","","none_detected","none_detected","none_detected","a2f4087150a1cd7ba425b98ac4eb5a4b7180d645ee7f2d6ba49c2c05bdcf9c65","static_source","unverified"
"b5a3322ae049e9ff","/api/excursions/[slug]","route_handler","GET","src/app/api/excursions/[slug]/route.ts","","","","none_detected","none_detected","none_detected","e4c3e4aee594062e12b49a475d84a54d4a2a7bbc577af0ccec14e5cdbb08f8fb","static_source","unverified"
"91a3e648026dc472","/api/excursions/[slug]/book","route_handler","POST","src/app/api/excursions/[slug]/book/route.ts","","","","admin|authenticated|rate_limit","none_detected","none_detected","ff8fbc1a3d9c44320c993f5c49bfc647e8614ae7601584517a0a2a71fa239b6a","static_source","unverified"
"031f68a1cc77b856","/api/excursions/[slug]/booking-conditions","route_handler","GET","src/app/api/excursions/[slug]/booking-conditions/route.ts","","","","none_detected","none_detected","none_detected","3e20c4837e0c6efcc0e738fabaf7da5dc652822f4bab2bd35c9b780d2839316b","static_source","unverified"
"d462cbee67247473","/api/excursions/[slug]/price","route_handler","GET","src/app/api/excursions/[slug]/price/route.ts","","","","none_detected","none_detected","none_detected","87f15935ad17fe44d569169641174aa71fd6aaaeb6a3b6da8e0cfcd4e36efaa3","static_source","unverified"
"25533e07ac659402","/api/excursions/[slug]/schedule","route_handler","GET","src/app/api/excursions/[slug]/schedule/route.ts","","","","none_detected","none_detected","none_detected","f50c42203e6d7e8c09b1b4dcc09847f88a6657fd39801ce2146d36eb30ea59e8","static_source","unverified"
"b64d347199cca99e","/api/excursions/search-index","route_handler","GET","src/app/api/excursions/search-index/route.ts","","","","none_detected","none_detected","none_detected","9576de552c6f185c9321bbe88c651701a2d39e8a33ec7f12748b01f9e4ab1f1a","static_source","unverified"
"38c3b0b970f199bd","/api/experts","route_handler","GET","src/app/api/experts/route.ts","","","","none_detected","none_detected","none_detected","e91c96cd9c033019feecee8ea0c0cbb4a685d73029d7986f40bab793b0add40e","static_source","unverified"
"8f04b8fd01760189","/api/experts/[slug]","route_handler","GET","src/app/api/experts/[slug]/route.ts","","","","none_detected","none_detected","none_detected","4a319f5df707c10573bcce5e35a74d9b0ec4a8f00cd0e25c7fbd0d8217583707","static_source","unverified"
"ebbdadbb9518e3a7","/api/experts/[slug]/inquiry","route_handler","POST","src/app/api/experts/[slug]/inquiry/route.ts","","","","none_detected","none_detected","none_detected","9a9138ab74dd797383f43acf09d99df4b5166cba1520a910ce737ae26b492329","static_source","unverified"
"0aa5809ded712a3c","/api/experts/apply","route_handler","POST","src/app/api/experts/apply/route.ts","","","","none_detected","none_detected","none_detected","c613bf0271c380df9dd9af3bb340151ddaa5cef178113531e85db3f3abdb6799","static_source","unverified"
"3e288bff6293d9c7","/api/favorites","route_handler","GET|POST|DELETE","src/app/api/favorites/route.ts","","","","none_detected","none_detected","none_detected","175bc88ab47ea93c80d662fcb320c1a25c98d6dd5e7387a52c0944a6aeb21e5d","static_source","unverified"
"cd21a720efbc027a","/api/feature-flags","route_handler","GET","src/app/api/feature-flags/route.ts","","","","none_detected","none_detected","none_detected","b8ba084c2796f23c2c81d3408f9c495558b42c558172964f2f5b7c0e0b049371","static_source","unverified"
"e2525b40963c08b3","/api/flights/prices","route_handler","GET","src/app/api/flights/prices/route.ts","","","","none_detected","none_detected","none_detected","adb80e9a71ccecdc038fcb9aefcbae85277f09b7573ca2b04db1ff8d11a1bf44","static_source","unverified"
"f45722d350a11b34","/api/forum/categories","route_handler","GET","src/app/api/forum/categories/route.ts","","","","none_detected","none_detected","none_detected","3ce12f531cd5b9358b4457f2869e8b80e8731268e8b410b83658fd023a82dc64","static_source","unverified"
"a4da3e4af8f26952","/api/forum/categories/[slug]/threads","route_handler","GET|POST","src/app/api/forum/categories/[slug]/threads/route.ts","","","","authenticated|rate_limit","none_detected","none_detected","e816797ec69ca9a263f6a8d49119bab33821d12fccb5047a66a95d3d3336cfde","static_source","unverified"
"e6e265476d24d2e1","/api/forum/posts/[postId]/report","route_handler","POST","src/app/api/forum/posts/[postId]/report/route.ts","","","","authenticated|rate_limit","none_detected","none_detected","67dc5b0cfd0c0bd7de1e87bb79f6aff6efac16bec1de552ec9c33e960fd86add","static_source","unverified"
"dc2e5794f5b9dd7d","/api/forum/threads/[threadId]","route_handler","GET","src/app/api/forum/threads/[threadId]/route.ts","","","","none_detected","none_detected","none_detected","ac533289c72ca7617b5097209e0bd77d1c666ea1c15a2baf7a9278ce9f95334e","static_source","unverified"
"08265f59c3372217","/api/forum/threads/[threadId]/posts","route_handler","POST","src/app/api/forum/threads/[threadId]/posts/route.ts","","","","authenticated|rate_limit","none_detected","none_detected","d492e2f178dfd6e1a5e18c85923a4bb6f7c1d3137567362fc8ad34eb2ecdaf3b","static_source","unverified"
"9e42c85ed6bc40f1","/api/group-trips","route_handler","GET|POST","src/app/api/group-trips/route.ts","","","","admin|authenticated","none_detected","none_detected","537a6feed2bb55ca10f23e11913b2677c41ccb776884ccd2ade24bc3a14c893e","static_source","unverified"
"d6569dc124735873","/api/group-trips/[id]/join","route_handler","POST","src/app/api/group-trips/[id]/join/route.ts","","","","admin|authenticated","none_detected","none_detected","f18f3842d7b637e8f69ffcf853709c894344db6ec12d98a65754e85d2aab3ade","static_source","unverified"
"02b23a3aeb37a32f","/api/group-trips/[id]/leave","route_handler","POST","src/app/api/group-trips/[id]/leave/route.ts","","","","admin|authenticated","none_detected","none_detected","13a15660e8b0b5caa4f060a8e9291f696e1a2fd90431f5f3f1d8044f0002ad42","static_source","unverified"
"c64d9dc083d43a8f","/api/health","route_handler","GET","src/app/api/health/route.ts","","","","none_detected","none_detected","none_detected","3612c66401523361450a9833fda03c66282f8bdd6b255a6964bb400ff4bb83f7","static_source","unverified"
"adc842f6a648ee68","/api/health/database","route_handler","GET","src/app/api/health/database/route.ts","","","","none_detected","none_detected","none_detected","4149f64f9c5292f4fa5558ac476c5726708aeaf1ab4d8d7c9773cb3ee8b795e2","static_source","unverified"
"ef790b01df85a2b1","/api/health/partners","route_handler","GET","src/app/api/health/partners/route.ts","","","","admin","none_detected","none_detected","aecce848ae0dab37b83de618ad509a4bc54d1e5297cd5c45521a6270efd02ac5","static_source","unverified"
"b392ba4cfdca8491","/api/health/public","route_handler","GET","src/app/api/health/public/route.ts","","","","none_detected","none_detected","none_detected","887558d0a7ebc14a174c3513a6425e1b588f75bf2b674ddc6c3d802543c613aa","static_source","unverified"
"1be67741d833d4f1","/api/interactions","route_handler","POST","src/app/api/interactions/route.ts","","","","authenticated","none_detected","none_detected","625b46c584b7238dfdc0fc12d70628ed53ab9e066328eb1bb119b87f3e8fb44e","static_source","unverified"
"c82fa983a2b646fd","/api/map/layers","route_handler","GET","src/app/api/map/layers/route.ts","","","","none_detected","none_detected","none_detected","7c17b64f44587fabbbf12a2a1630576ce47ca9ebbb954c7d8847e39d959e46aa","static_source","unverified"
"c76131cf9c69c273","/api/map/objects","route_handler","GET","src/app/api/map/objects/route.ts","","","","none_detected","none_detected","none_detected","f48c25703f70eea6ee88685fba3b5ef96d4905329d4fde6ad7f8f1dfb27e98e7","static_source","unverified"
"00a2eecfa66a336c","/api/media/partner-image","route_handler","GET","src/app/api/media/partner-image/route.ts","","","","none_detected","none_detected","none_detected","b877897e988536636c81156c2d138dc2e800ee3aa53fafd2ae0028a2c7a280d3","static_source","unverified"
"c9a6d10e6918453a","/api/mobility/catalog","route_handler","GET","src/app/api/mobility/catalog/route.ts","","","","none_detected","none_detected","none_detected","0db27ba3eaef3292082edf09a2c31de52b161df8c8deaec9e681e5675534023e","static_source","unverified"
"c34cb5a7ad5133f0","/api/mobility/handoff","route_handler","POST","src/app/api/mobility/handoff/route.ts","","","","admin","none_detected","none_detected","d73231d5f73e5b46e10923721e4916d9fbb8650e1a61987fc5686dac74cc78e9","static_source","unverified"
"ef05fd1007073b30","/api/mobility/requests","route_handler","POST","src/app/api/mobility/requests/route.ts","","","","admin|rate_limit","none_detected","none_detected","be9936b6bce6cf89ffd5e82ae1f5ba81face1a3a995231c08fee932c5680498b","static_source","unverified"
"9c83f73b96aa62a3","/api/newsletter","route_handler","POST","src/app/api/newsletter/route.ts","","","","rate_limit","none_detected","none_detected","b4d089887e09295c60f051083f2ddc8e8134e77b321517e015dd61a952f5ab1e","static_source","unverified"
"8f4498d158cf7d26","/api/notifications","route_handler","GET|PATCH","src/app/api/notifications/route.ts","","","","organizer","none_detected","none_detected","668dd8b13171a05b24b5d39d55a9e670cd67a84f182b3949d74bc5d163cae56f","static_source","unverified"
"658f7b875cb9e413","/api/notifications/preferences","route_handler","GET|PATCH","src/app/api/notifications/preferences/route.ts","","","","none_detected","none_detected","none_detected","833689316a35203f5c5b9786f00e476f3801c40a04d2166c3870917aa0f18d58","static_source","unverified"
"affbbee58f64cfd4","/api/notifications/push/subscribe","route_handler","POST|DELETE","src/app/api/notifications/push/subscribe/route.ts","","","","admin","none_detected","none_detected","6bc418cc26867e02ad3d174464b75c45aaa01da3390fbb203bed35a43bd40fbe","static_source","unverified"
"09ecb715933207cd","/api/notifications/unsubscribe","route_handler","GET|POST","src/app/api/notifications/unsubscribe/route.ts","","","","admin","none_detected","none_detected","72ec8c8cbcb327009a9346627a312c626fcdd69ce5f7773208ddf123534d72ba","static_source","unverified"
"ed1d37b23b8050b9","/api/organizer-applications","route_handler","POST","src/app/api/organizer-applications/route.ts","","","","admin|authenticated|rate_limit","none_detected","none_detected","d49107ec8a441024367e51bdbe2035da661bf1e440b6497a435595dda0680571","static_source","unverified"
"d218e94b25b166ed","/api/organizer/analytics","route_handler","GET","src/app/api/organizer/analytics/route.ts","","","","admin|organizer","none_detected","none_detected","02e9a983ef498dbc5b5435820a478da593a35d17cab124d57a143177df8fe192","static_source","unverified"
"b4396e2c09db9746","/api/organizer/apartments","route_handler","GET|POST","src/app/api/organizer/apartments/route.ts","","","","none_detected","none_detected","none_detected","45c66485d5322c6a76c5d1bef86e8c5e2adf808c348fa7fa31700b0e38fdb9c1","static_source","unverified"
"d341b689b362fc50","/api/organizer/apartments/[id]","route_handler","PUT","src/app/api/organizer/apartments/[id]/route.ts","","","","none_detected","none_detected","none_detected","ed04a813cb377c39c7fc6b2e608950657aa3bf86a029d4783adb5303158c1837","static_source","unverified"
"5c1f6ce2b2dc3ca2","/api/organizer/apartments/[id]/availability","route_handler","GET|PUT","src/app/api/organizer/apartments/[id]/availability/route.ts","","","","none_detected","none_detected","none_detected","47fe90830eb57f96abb1b2b6f5be6118c53ddaca68798aad09ca8ffea1a88ce4","static_source","unverified"
"8a68fc7e0e211c70","/api/organizer/apartments/[id]/submit","route_handler","POST","src/app/api/organizer/apartments/[id]/submit/route.ts","","","","none_detected","none_detected","none_detected","136d4b53e98ce92fa60a01e60d6ebb253bc7203c9421561fee9e1844fe643510","static_source","unverified"
"cb07a276d5c40c62","/api/organizer/apartments/inquiries","route_handler","GET","src/app/api/organizer/apartments/inquiries/route.ts","","","","none_detected","none_detected","none_detected","0c868f553a4f269871447539b334ae28515e95274abe6152786d412d4bf403a0","static_source","unverified"
"232162589e7864b6","/api/organizer/apartments/inquiries/[id]","route_handler","PATCH","src/app/api/organizer/apartments/inquiries/[id]/route.ts","","","","none_detected","none_detected","none_detected","2af9deed2228805fb74264b3d5a4b2c81d3be8ed89e7ed23ebcd6bbf5e50d5e9","static_source","unverified"
"64608f38ab8932cb","/api/organizer/api-keys","route_handler","GET|POST","src/app/api/organizer/api-keys/route.ts","","","","admin|organizer","none_detected","none_detected","c08b7dab8681376ce1f821983bef0bc58e937d4698881f34dab4d68167a0b7ec","static_source","unverified"
"7a73ff19d22b7cfb","/api/organizer/api-keys/[id]","route_handler","DELETE","src/app/api/organizer/api-keys/[id]/route.ts","","","","admin","none_detected","none_detected","2c130cc7e26f12d0893af52e1142e1e563e3f91a77ce62dca22438bb70ed0ec8","static_source","unverified"
"f6013c964c0ade5b","/api/organizer/articles","route_handler","GET|POST","src/app/api/organizer/articles/route.ts","","","","admin|organizer","none_detected","none_detected","8a64197e384871b373f520d7997838deef284a9c8fd93937d7321ce4497bc41f","static_source","unverified"
"1e1e6b9f3d1e4c03","/api/organizer/articles/[id]","route_handler","GET|PATCH","src/app/api/organizer/articles/[id]/route.ts","","","","admin|organizer","none_detected","none_detected","c836114d662cff28c2fba503bff29fa17a694194e9e6e27eac0e3ff647a01df2","static_source","unverified"
"23695ac39acf7d10","/api/organizer/articles/[id]/submit","route_handler","POST","src/app/api/organizer/articles/[id]/submit/route.ts","","","","admin","none_detected","none_detected","d2be709743f0fd1abf56836d8d82a68d583bb8a266fc34763885d81e5dc0803b","static_source","unverified"
"39545e509ee85b91","/api/organizer/bookings","route_handler","GET","src/app/api/organizer/bookings/route.ts","","","","organizer","none_detected","none_detected","ab68ba9d02e3de2d16057ee77c859bfe116d024ebb75d0b64d67a1ce5e474484","static_source","unverified"
"be40cc85acea8f6f","/api/organizer/bookings/[id]/commission","route_handler","GET","src/app/api/organizer/bookings/[id]/commission/route.ts","","","","none_detected","none_detected","none_detected","6630e1e1b970c609bf13db90167fde7bde03264d101e50cbbf1f7f8bb9978fd3","static_source","unverified"
"e9a3429c39df9b43","/api/organizer/bookings/[id]/trip-prep-summary","route_handler","GET","src/app/api/organizer/bookings/[id]/trip-prep-summary/route.ts","","","","organizer","none_detected","none_detected","e6834385b8acd9391d0becbfbf1a042f76a6aa903d6b1cf759decf19aaadeabb","static_source","unverified"
"fb39125fad1144ac","/api/organizer/finance/statement","route_handler","GET","src/app/api/organizer/finance/statement/route.ts","","","","admin","none_detected","none_detected","507b92bbf73edb76a545d0116d5968c984eca99e80ad2b34c46478e0c8a87fab","static_source","unverified"
"e307ab2444c8d3f5","/api/organizer/finance/summary","route_handler","GET","src/app/api/organizer/finance/summary/route.ts","","","","admin","none_detected","none_detected","4f5588aee2ab65cd27a1734cf1f4fc886f87b2d5535115a4c46ac1bdcfe5c980","static_source","unverified"
"fa12eece5be61867","/api/organizer/group-trips/[id]","route_handler","PATCH","src/app/api/organizer/group-trips/[id]/route.ts","","","","admin","none_detected","none_detected","ea31fda6342f8da1fc1494353c8df9e5c381540b4810b439ec44fc6685cc09fb","static_source","unverified"
"2f1d4b5bfb69f8ff","/api/organizer/inbox","route_handler","GET|PATCH","src/app/api/organizer/inbox/route.ts","","","","organizer","none_detected","none_detected","a17324b988097a8c59ea4c9aeb3ab6e971897e2b73116103042d5dfcc0223e44","static_source","unverified"
"b1192f75424c00ab","/api/organizer/mobility","route_handler","GET|POST","src/app/api/organizer/mobility/route.ts","","","","organizer","none_detected","none_detected","cc4d8c6bf7807ecfac72c6e696a269559834fa4700c1aa23dd67c5f3c29bbe04","static_source","unverified"
"5fd3286166dd227b","/api/organizer/mobility/documents","route_handler","POST","src/app/api/organizer/mobility/documents/route.ts","","","","admin|organizer","none_detected","none_detected","8bf1f36ebb34b7a0eda93f4aebc3dce3acdcbe67ba6dd65be8f6c6ba0eaa07fe","static_source","unverified"
"5db21a6957eaa1fa","/api/organizer/mobility/requests","route_handler","GET|POST","src/app/api/organizer/mobility/requests/route.ts","","","","admin|organizer","none_detected","none_detected","6eb4ff385c3a4798f9d11a845ce58081988139b5eb270b178d263ae89c100457","static_source","unverified"
"2dbb220ba61e1d2b","/api/organizer/payments/refund-request","route_handler","POST","src/app/api/organizer/payments/refund-request/route.ts","","","","admin","none_detected","none_detected","28849ee75743a862cbc741b82232d2263a0bcde1c299318120f8d2687601617b","static_source","unverified"
"adfb6da155707123","/api/organizer/reviews","route_handler","GET","src/app/api/organizer/reviews/route.ts","","","","organizer|authenticated","none_detected","none_detected","eaa9ceff525ee2189bc410f09ee1e84c2548d57475f52dde239f6fbf6dbbdd8b","static_source","unverified"
"81fcdb86cd71d95e","/api/organizer/reviews/[id]","route_handler","PATCH","src/app/api/organizer/reviews/[id]/route.ts","","","","organizer","none_detected","none_detected","f110197cee55f4652eee6344e117f2fd72ed66d65da56cbcd724fe2e309b803b","static_source","unverified"
"1b81c1f53f023320","/api/organizer/tours","route_handler","GET","src/app/api/organizer/tours/route.ts","","","","organizer","none_detected","none_detected","8462685f0266980bfa57b85c76ea37e531d990268460736b6d759829c51a0a56","static_source","unverified"
"d8b6b92524b4c461","/api/organizer/tours/[id]/availability","route_handler","GET|PUT","src/app/api/organizer/tours/[id]/availability/route.ts","","","","admin|organizer","none_detected","none_detected","21ef06fe0f69054355c664b4f4b9ab9e6b35fa403efa16de6428f9287dd92611","static_source","unverified"
"68177d88414c75cf","/api/organizer/tours/[id]/draft","route_handler","GET|PATCH|DELETE","src/app/api/organizer/tours/[id]/draft/route.ts","","","","admin|organizer","canonical","none_detected","b4b5515cac80118020022acc0b3f1b04939ac239a87e84617c7665caaaf69797","static_source","unverified"
"0337b8a9195c4e16","/api/organizer/tours/[id]/media","route_handler","POST","src/app/api/organizer/tours/[id]/media/route.ts","","","","admin","none_detected","none_detected","b60ea4554fb69f2a5d2ea3c124606166bd9e0d4c0ece6aeda801700e7ef9f63c","static_source","unverified"
"07fd36aa61782861","/api/organizer/tours/sync","route_handler","POST","src/app/api/organizer/tours/sync/route.ts","","","","none_detected","none_detected","none_detected","450af25977dc544f5331fa18da589b3e62b4a6e95ca68d1b7a71795946698029","static_source","unverified"
"e0508526ee2ac17e","/api/organizer/waitlist","route_handler","GET","src/app/api/organizer/waitlist/route.ts","","","","admin|organizer","none_detected","none_detected","194a6b6e676a00a33177232c643edc6ccb729d79b7de8089f512a0dbe3771c85","static_source","unverified"
"b2660de872a15472","/api/organizer/waitlist/[id]","route_handler","GET|PATCH","src/app/api/organizer/waitlist/[id]/route.ts","","","","admin|organizer","none_detected","none_detected","ea590a1346e3217f4367dfbe8c0ef16d79e57bc7347a2f687cfd6e218360481d","static_source","unverified"
"fd75c99d4939fa3c","/api/organizer/webhooks","route_handler","GET|POST","src/app/api/organizer/webhooks/route.ts","","","","admin|organizer","none_detected","none_detected","4b5c7bbfe636154aa5519dcbb31e82131205a82f626cbc7809f3980a7d06038a","static_source","unverified"
"f28c0c47a430a734","/api/organizer/webhooks/[id]","route_handler","PATCH|DELETE","src/app/api/organizer/webhooks/[id]/route.ts","","","","admin|organizer","none_detected","none_detected","af1e60d28cb9cfcbf8c6aa3a1aa17e64a4a2ed2abd23461a98a1430cad0bd2db","static_source","unverified"
"375b0f44931038d8","/api/organizer/webhooks/[id]/test","route_handler","POST","src/app/api/organizer/webhooks/[id]/test/route.ts","","","","organizer","none_detected","none_detected","4a5a91c26b9b79d4b6c83fb909435d04072ef7b74e978e8273413f20b09d48d7","static_source","unverified"
"f050d35a7325d893","/api/partner-tours/[slug]/price","route_handler","GET","src/app/api/partner-tours/[slug]/price/route.ts","","","","none_detected","none_detected","none_detected","d68853bbfba2fdfff330a5add4c82a3cee44ddf83a9765b6e20c65ca1e356621","static_source","unverified"
"0b8b1e69a530747c","/api/partner-tours/[slug]/schedule","route_handler","GET","src/app/api/partner-tours/[slug]/schedule/route.ts","","","","none_detected","none_detected","none_detected","77d8ab76fc686bcddf74e86d5bbcb9e4e3e514117079c71465aa8d71fa89714b","static_source","unverified"
"fd73f46fe7b0d72b","/api/payments/sandbox-mode","route_handler","GET","src/app/api/payments/sandbox-mode/route.ts","","","","none_detected","none_detected","none_detected","5aa4cec33a7887aa4d0d250d15f5587f28edfc3e2f15f84b7b9a38ddf22119a2","static_source","unverified"
"51043b47368b4276","/api/places","route_handler","GET","src/app/api/places/route.ts","","","","none_detected","none_detected","none_detected","ea3d1a594e4ff86a4813f2f5b24d567050037c0efec9895bc5dae1afea02b336","static_source","unverified"
"c54feab2cec11559","/api/places/ai/itinerary-suggest","route_handler","GET|POST","src/app/api/places/ai/itinerary-suggest/route.ts","","","","none_detected","none_detected","none_detected","e9965d8b86c38dcb6bbb478a786750daf14a4aa494f2d232b6f8f1cf542aeb21","static_source","unverified"
"d32cdf0965756682","/api/podbor/narrative","route_handler","POST","src/app/api/podbor/narrative/route.ts","","","","none_detected","none_detected","none_detected","d001562481427fbf85a3768b4f080aa24bab51c34feefeaea82b08d2f95cad49","static_source","unverified"
"029affe34722c932","/api/privacy/delete-request","route_handler","POST","src/app/api/privacy/delete-request/route.ts","","","","none_detected","none_detected","none_detected","9f636b22b7f29c4a199185c00c88b7c45be2b87efb17a117da3aef386c23d173","static_source","unverified"
"6b4836c61f982ddc","/api/privacy/export","route_handler","POST","src/app/api/privacy/export/route.ts","","","","none_detected","none_detected","none_detected","238f9725837bec95237eb9c35914eb118e7657d803b630fb156eeb4a810f193b","static_source","unverified"
"fee4af3f9b71945e","/api/public-detail-exists/[kind]/[slug]","route_handler","HEAD","src/app/api/public-detail-exists/[kind]/[slug]/route.ts","","","","none_detected","noindex","none_detected","d3cfc4632e5808e2c145eedee62e4fc20562af96c97a27056b472aacef6bce62","static_source","unverified"
"1e980963602a34b1","/api/quick-explore","route_handler","GET","src/app/api/quick-explore/route.ts","","","","none_detected","none_detected","none_detected","8e495953b7e72fa6f3ea406b2cf8141b1a7c38112acdbaa45d75c06e136bd51c","static_source","unverified"
"e3a0ade39e2e40fb","/api/recommendations","route_handler","GET","src/app/api/recommendations/route.ts","","","","authenticated","none_detected","none_detected","34802062a5bb66dcf2e773e7124ea5751a3ed248d711e808036ad693df43783a","static_source","unverified"
"a70c6800cb61098c","/api/reviews","route_handler","GET|POST","src/app/api/reviews/route.ts","","","","authenticated|rate_limit","none_detected","none_detected","81825de1011b1e3cdedbdfed6b28458211eb7f6d17bb627399fb7871ce5d5544","static_source","unverified"
"cb6d0d15160262a5","/api/reviews/[id]","route_handler","PATCH","src/app/api/reviews/[id]/route.ts","","","","authenticated","none_detected","none_detected","d8241d0b7512be7c6fa161d70988cbf25f861c5299e24be5920f23603831c3ac","static_source","unverified"
"8d08ed19ac9f9b94","/api/reviews/[id]/report","route_handler","POST","src/app/api/reviews/[id]/report/route.ts","","","","authenticated|rate_limit","none_detected","none_detected","eda00f7628a5d6a99166642b05ab27c388b50e245dfa0fd3784a8e324323503a","static_source","unverified"
"657fa069ab5abf72","/api/reviews/eligibility","route_handler","GET","src/app/api/reviews/eligibility/route.ts","","","","authenticated","none_detected","none_detected","638fcc5e1b5724df3f2c28305ebf59312c480e49fb1757791b02f684e7a711c3","static_source","unverified"
"1168bdb03ff96335","/api/saved-articles","route_handler","GET|POST|DELETE","src/app/api/saved-articles/route.ts","","","","none_detected","none_detected","none_detected","b01d262cff6f27b3cbb5bc558bb68449fd7fca0960bc0b666c6720fdcadcaaec","static_source","unverified"
"d4f1c468416c8b8c","/api/search","route_handler","GET","src/app/api/search/route.ts","","","","none_detected","none_detected","none_detected","7b81d3b72397c0007fe3470489ee61ad9693dd29a91a617843d7c1949258eb9b","static_source","unverified"
"25108d104e9da82c","/api/shop/orders","route_handler","GET|POST","src/app/api/shop/orders/route.ts","","","","admin|authenticated","none_detected","none_detected","2ae7d76408519c098b05aa5ebd9499cccd5359a11fa510101d45a451b223d188","static_source","unverified"
"b8737345b5eda342","/api/shop/orders/[id]","route_handler","GET","src/app/api/shop/orders/[id]/route.ts","","","","authenticated","none_detected","none_detected","197a56a32c75dcc467940c3a969997ca2d7cd202c2f6d7d792d0b91640b47cbc","static_source","unverified"
"45b834abe19471fc","/api/site/globals","route_handler","GET","src/app/api/site/globals/route.ts","","","","none_detected","none_detected","none_detected","77436e4287c4b6973e0f3bfb49eea4fd5d180583aeaacfead5d95d69a75ccc37","static_source","unverified"
"f3c55de1729e6973","/api/site/legal","route_handler","GET","src/app/api/site/legal/route.ts","","","","none_detected","none_detected","none_detected","5310dfc673d8b913a5bf5f160ba4f2d519ad1f2b046cb4c2f017794f49525b94","static_source","unverified"
"7d190718b3856e3e","/api/site/search-index","route_handler","GET","src/app/api/site/search-index/route.ts","","","","none_detected","none_detected","none_detected","9bd77f02e1e0e5373674f36527f41e21ce5d6b7bcb548e64a4c3671ef4e29eea","static_source","unverified"
"b91fc7097337b630","/api/social-feed","route_handler","GET","src/app/api/social-feed/route.ts","","","","none_detected","none_detected","none_detected","f242067ab00773ea182cb40e37810e624b0acb17f68cb725434246804eda6eee","static_source","unverified"
"3772fe68ba6154d4","/api/tours","route_handler","GET","src/app/api/tours/route.ts","","","","none_detected","none_detected","none_detected","7ffafe1712cc1dfa40c752979dd2a7144a9c8ee1e32f7957625b968f5b5bf5b0","static_source","unverified"
"1923a47138b5f3f5","/api/tours/[slug]","route_handler","GET","src/app/api/tours/[slug]/route.ts","","","","none_detected","none_detected","none_detected","8651c0d47e65758cdab9fe134c6dfaf4c0f16626456196bcd906e4c04edf6840","static_source","unverified"
"b7c97a8bb979c3e9","/api/tours/[slug]/availability","route_handler","GET","src/app/api/tours/[slug]/availability/route.ts","","","","admin","none_detected","none_detected","09c2322bfa35510d7a476eb7ceb0115a5166c5084f223b3d954165203b763956","static_source","unverified"
"7e74d0f34fb52189","/api/tours/[slug]/program.pdf","route_handler","GET","src/app/api/tours/[slug]/program.pdf/route.tsx","","","","none_detected","none_detected","none_detected","86ffb6de4f13ef4fc5acc48ba941f6b479a22c3a86a695a47dc03e1978d143ce","static_source","unverified"
"1bfd8005c4148c87","/api/tours/[slug]/waitlist","route_handler","POST","src/app/api/tours/[slug]/waitlist/route.ts","","","","admin|authenticated|rate_limit","none_detected","none_detected","feebe40879b51399c27bc7dd8d15d9db3d8fadd20e20edc26de68268de777f27","static_source","unverified"
"ba8956acdba11596","/api/transfers/autocomplete","route_handler","GET","src/app/api/transfers/autocomplete/route.ts","","","","none_detected","none_detected","none_detected","cef742ea974d23aeac2ff7e102bee3c52623ef922072eacfc64a39bd162851d4","static_source","unverified"
"062f23bf87b68bb6","/api/transfers/search","route_handler","GET","src/app/api/transfers/search/route.ts","","","","none_detected","none_detected","none_detected","cb6bfa838d66fe48216a27b8e0fa95cb3039efc1038284fd1ffa48cfb6aa6cb3","static_source","unverified"
"2de491c280694cf6","/api/travelpayouts/links","route_handler","POST","src/app/api/travelpayouts/links/route.ts","","","","admin","none_detected","none_detected","1486025ab45fe03de1d530e598c9860d47c417b16ff21f3e49716708b9ca66b7","static_source","unverified"
"8b4e40d51eaeecd7","/api/trip-prep","route_handler","GET","src/app/api/trip-prep/route.ts","","","","none_detected","none_detected","none_detected","cc207e73ffee97dd93c03559c430a1c3c8aae3a5946380f139b9de60189cb4c4","static_source","unverified"
"49449a37cc41856a","/api/trip-prep/progress","route_handler","PATCH","src/app/api/trip-prep/progress/route.ts","","","","none_detected","none_detected","none_detected","ec84eaae508fa313d32b5f0ea298189afe1027abc0f1c8ac03a66ee55c43316b","static_source","unverified"
"25de31f8f5088e64","/api/tripster/booking-request","route_handler","GET|POST","src/app/api/tripster/booking-request/route.ts","","","","admin|authenticated","none_detected","none_detected","bf3344cf9f86ed396db5bdc7728a7c51db1d797300fcfc6f8829581bd081d62c","static_source","unverified"
"4978f0a298fb5c71","/api/v1/content/knowledge","route_handler","POST|OPTIONS","src/app/api/v1/content/knowledge/route.ts","","","","admin","none_detected","none_detected","cb9ae50d61fad0ac1df63bc65797e32fa02b987067e9f8a34a7104e929718e93","static_source","unverified"
"473d2e2dc5c2483c","/api/v1/content/knowledge/status","route_handler","POST|OPTIONS","src/app/api/v1/content/knowledge/status/route.ts","","","","admin","none_detected","none_detected","db86959eaf2af73d10d78b76b2f09b7fafd915c912fd218b2a35808def3fd210","static_source","unverified"
"a2f47092e240cb7e","/api/v1/excursions","route_handler","GET|OPTIONS","src/app/api/v1/excursions/route.ts","","","","none_detected","none_detected","none_detected","0592d1470547971cde1cb728fe7c35be3b72a4ec82a7c24097e1d6d899a0c08a","static_source","unverified"
"9d5b501c0349d999","/api/v1/tours","route_handler","GET|OPTIONS","src/app/api/v1/tours/route.ts","","","","none_detected","none_detected","none_detected","58d8213d01eddf05f3555e58ae8ed225aa54b63ce6be22090e534b6c9ad7ed7c","static_source","unverified"
"fd14fdf358ee2e24","/api/v1/tours/[slug]","route_handler","GET|OPTIONS","src/app/api/v1/tours/[slug]/route.ts","","","","none_detected","none_detected","none_detected","6a6a930cc0b6f41a842e165041ddbbdda08ac680d8bbac6a5d3b00d47ca3feec","static_source","unverified"
"865509afe24503b8","/api/webhooks/meta/instagram","route_handler","GET|POST","src/app/api/webhooks/meta/instagram/route.ts","","","","webhook_signature","none_detected","none_detected","d7c67a3dc1d1f9e313f44d52af590802d50ea3dccfedc8984d67dac5da3968f6","static_source","unverified"
"997e75ccced6f8f8","/api/webhooks/meta/whatsapp","route_handler","GET|POST","src/app/api/webhooks/meta/whatsapp/route.ts","","","","webhook_signature","none_detected","none_detected","057afc83644fa8c0c4772f33805b3f93811255bc4a7e37ddfb605c44cd7a1e78","static_source","unverified"
"9413796191626c4c","/api/webhooks/payments/mercadopago","route_handler","POST","src/app/api/webhooks/payments/mercadopago/route.ts","","","","admin|webhook_signature","none_detected","none_detected","c9d866f63669f85e4d0594515d208f4697b29464e3e3555bd4c80c70dd49cc32","static_source","unverified"
"2b3a065c9bf4b9d7","/api/webhooks/payments/stripe","route_handler","POST","src/app/api/webhooks/payments/stripe/route.ts","","","","admin|webhook_signature","none_detected","none_detected","757657f977b18c6b257da442d7fdfc2f4d539d0f30490be9c54fcbd4dccdada4","static_source","unverified"
"11e9a78cee27ffc4","/api/webhooks/youtravel/booking","route_handler","POST","src/app/api/webhooks/youtravel/booking/route.ts","","","","admin|webhook_signature","none_detected","none_detected","a9e5114084d5ab35b7f4addf57ab083f91ba24fca8c8346312e974cde36ada59","static_source","unverified"
"495b48e275e33e56","/api/youtravel/booking-request","route_handler","GET|POST","src/app/api/youtravel/booking-request/route.ts","","","","admin|authenticated","none_detected","none_detected","4e94c980448a8ca914dbbd3d8a2993490dfcdfcb7125bd079ec9e2e176851bb8","static_source","unverified"
"8fff4df9b94fc53a","/api/youtravel/booking-request/[id]/refresh","route_handler","POST","src/app/api/youtravel/booking-request/[id]/refresh/route.ts","","","","admin|authenticated","none_detected","none_detected","388739b8d63e0325f2423337c514c653380f6af61c0affc8efd14dd190549590","static_source","unverified"
"2d323e46777d04a0","/api/youtravel/tours/[slug]/offers","route_handler","GET","src/app/api/youtravel/tours/[slug]/offers/route.ts","","","","none_detected","none_detected","none_detected","ff25dd738da91b52a5021d4f808a67759ae005ee82a7308a28be942b176c20d4","static_source","unverified"
"02fb8090a46f3ccd","/audio-guides","page","GET","src/app/audio-guides/page.tsx","","","","none_detected","metadata","none_detected","b4b696007f0a0b4be9bfa261f232da66f3b0b79be085ee2be8be4965d9191e8c","static_source","unverified"
"f5774acc46bce629","/audio-guides/[id]","page","GET","src/app/audio-guides/[id]/page.tsx","","","","none_detected","metadata","locale_param","90e8ba1f6227afcea03a6a44787ded72fd48701edec73244b3a703c75a5db4e7","static_source","unverified"
"e7ef709f7059fc07","/auth/callback","route_handler","GET","src/app/auth/callback/route.ts","","","","organizer","none_detected","none_detected","e3a8ba45ebfd5a46ef9f406c33f32d964ec497093548b1abc92104987ed3a8d1","static_source","unverified"
"27f3fa33e70fc049","/auth/confirm","route_handler","GET","src/app/auth/confirm/route.ts","","","","none_detected","none_detected","none_detected","8f494b2fddb8f0b6dedafc523251c81267d68d7574b8eb7476b492c7e7b0819f","static_source","unverified"
"d2cc9e1eddb5fcb9","/auth/error","page","GET","src/app/auth/error/page.tsx","","","","none_detected","none_detected","none_detected","ce3274628556cf923ec71059fd236a1e98a64594bf0dd458b6be086cd8ecd648","static_source","unverified"
"8667fa952cefee53","/auth/reset-password","page","GET","src/app/auth/reset-password/page.tsx","","","","none_detected","none_detected","none_detected","a511203ab5ec9ceaa4e63524cf475bc1b6c03ec1373b88c01c11b2c52ba54c27","static_source","unverified"
"972bb5ca7f21c41f","/baza-znaniy","page","GET","src/app/baza-znaniy/page.tsx","","","","none_detected","metadata","i18n_import","fb8adc4d6ef0cb512e048125c30fa594dcae9f1299821f3837b009ab314855fc","static_source","unverified"
"4ec0165c544a6134","/baza-znaniy/[slug]","page","GET","src/app/baza-znaniy/[slug]/page.tsx","","","","none_detected","metadata","none_detected","a05c125d8d46dbd2f86c4dc3ecd606f0f848943c4e7264cb24b01d630d062f38","static_source","unverified"
"b03637fe3996ab71","/baza-znaniy/avtory","page","GET","src/app/baza-znaniy/avtory/page.tsx","","","","none_detected","metadata","none_detected","b2867436845752521dda87ca84086b3573bf51083feafb75d8090c21f6b1c104","static_source","unverified"
"618942069bc3d97f","/baza-znaniy/avtory/[slug]","page","GET","src/app/baza-znaniy/avtory/[slug]/page.tsx","","","","none_detected","metadata","none_detected","f77dd305ed02fb1be53621c2be3cb5c05dbdb143305a008de5c4fb70e1c94b0e","static_source","unverified"
"2787affeedac90e1","/baza-znaniy/poisk","page","GET","src/app/baza-znaniy/poisk/page.tsx","","","","none_detected","metadata|noindex|canonical","i18n_import","af80c58c1cb634710049701da5780926bac407dd2c29379bc3386ba56e01bc63","static_source","unverified"
"9bb19a8d952e9476","/baza-znaniy/razdel/[slug]","page","GET","src/app/baza-znaniy/razdel/[slug]/page.tsx","","","","none_detected","metadata","locale_param|i18n_import","336a915515e32cbbec48a7b309ff57b8de2ebfc8e1988091a76e0b6d49adde7e","static_source","unverified"
"983acd3dbd437659","/blog","page","GET","src/app/blog/page.tsx","","","","none_detected","metadata","locale_param|i18n_import","9ad36ef538f7b4e10aa068b715f15b43c27a39d4e68d330859861fbeed8aa213","static_source","unverified"
"6c08f65f30a84bb7","/blog/[slug]","page","GET","src/app/blog/[slug]/page.tsx","","","","none_detected","metadata|noindex|canonical","locale_param|i18n_import","6cc8de68e66fa3cb5ce008ba3b7180e6471747e23f06a9649169c294ec23b288","static_source","unverified"
"45198ef93e455318","/blog/author/[slug]","page","GET","src/app/blog/author/[slug]/page.tsx","","","","none_detected","metadata","locale_param|i18n_import","815eb9d71169de060dc4a0fa4ea1ae7b0991ab99803745b360aeb2b20399e7ed","static_source","unverified"
"06f74e15c76171a0","/blog/authors","page","GET","src/app/blog/authors/page.tsx","","","","none_detected","metadata","i18n_import","2230bf76287777be88b466118d2fa86ef15e911816d27e35ef965b1bd3a3fc01","static_source","unverified"
"327c7af2fb29eccc","/blog/authors/[slug]","page","GET","src/app/blog/authors/[slug]/page.tsx","","","","none_detected","metadata","locale_param|i18n_import","9d5db43c5604c733e7194a8a26b1dfe8081028b4fd197d61d77123f34cd8ee6e","static_source","unverified"
"dbadaf579bd08b61","/blog/feed.xml","route_handler","GET","src/app/blog/feed.xml/route.ts","","","","none_detected","none_detected","i18n_import","6a928467d769de23ff960401880eced308e8e7423579c5e417e7b67f7fa9b191","static_source","unverified"
"73d9e5cf7f4239d9","/blog/hub/[hubId]","page","GET","src/app/blog/hub/[hubId]/page.tsx","","","","none_detected","metadata","locale_param|i18n_import","be5e68326ab095ec9fc3be2f671680c9f9fd9152027c53fda631b7cc9a824f63","static_source","unverified"
"2ac6c1f4239c4f37","/booking/find","page","GET","src/app/booking/find/page.tsx","","","","none_detected","metadata","none_detected","632fa1b84c478bbb16ca44b3bb9ce853cdf26b119610b020468e0fc6c12e3d95","static_source","unverified"
"098364b0d0fa999d","/booking/pay/[token]","page","GET","src/app/booking/pay/[token]/page.tsx","","","","none_detected","metadata","none_detected","b79e85ba5c19ede40dcfd8c2d0936aa3f8bfceb97412cfd762f98307aa9fbe7b","static_source","unverified"
"fc5ea9b2718ec53f","/booking/pay/[token]/result","page","GET","src/app/booking/pay/[token]/result/page.tsx","","","","none_detected","metadata","none_detected","42ffde4bb35fd33aafc68e8123cca5da46fffdb5b7b56fb536dab6cb5c6bd850","static_source","unverified"
"7a480790817c0876","/booking/travelers/[token]","page","GET","src/app/booking/travelers/[token]/page.tsx","","","","none_detected","metadata","none_detected","e8ef4620c00a2103d3e4fbf351c62bd60aec3328acad679aff43258a2f0d6f5e","static_source","unverified"
"64fdbf6d0fd574b2","/car-rental","page","GET","src/app/car-rental/page.tsx","","","","none_detected","metadata","none_detected","8f8fd98b678dc8a937d04af39211a38eeb4c511e09189da011eb8edd5d1c145c","static_source","unverified"
"8dd2daf0deae01c2","/collections","page","GET","src/app/collections/page.tsx","","","","none_detected","metadata","i18n_import","9c298e005f3d8f0e8411e7fea4e9ca65d60acd05b652eca05c3fd4e14f1414bc","static_source","unverified"
"4254d6e954255753","/collections/[slug]","page","GET","src/app/collections/[slug]/page.tsx","","","","none_detected","metadata","none_detected","a59c0e29f893b0938a189d44155057389dbc8f500215700f4eeb11348948873c","static_source","unverified"
"f1257778b9392fd5","/contacts","page","GET","src/app/contacts/page.tsx","","","","none_detected","metadata","locale_param|i18n_import","4b5f2dfbe918c699e4766b906bdd8837d3057009325e6e7e4d927d090cf12dcf","static_source","unverified"
"967f9018bd30b0b8","/destinations","page","GET","src/app/destinations/page.tsx","","","","none_detected","metadata","i18n_import","58043fed096b60db7f24e7c81300a0b12a6f8b8e12e6f9a4a1a5b5063b2c1800","static_source","unverified"
"0b9511cac89e0c3c","/destinations/[slug]","page","GET","src/app/destinations/[slug]/page.tsx","","","","none_detected","metadata","locale_param|i18n_import","625f737d78dfb4de8e56dd47fdbf1b18443ea43566e2cd9f4f3fde5e496c6a6f","static_source","unverified"
"4eca1a86d6de6bbe","/dev/design-system","page","GET","src/app/dev/design-system/page.tsx","","","","none_detected","metadata","none_detected","36423e8e25745022eeadc27c3900023bb6c5a4a89e6d0aa5f5f3c442069e6370","static_source","unverified"
"321a6b7e682960a2","/embed/flights/wl","page","GET","src/app/embed/flights/wl/page.tsx","","","","none_detected","none_detected","none_detected","75b8a99405286303c66379e9cda157295f8315d8cabfe16056c2b91a53a429ff","static_source","unverified"
"ab91e8fcefd9a091","/embed/tours","page","GET","src/app/embed/tours/page.tsx","","","","none_detected","metadata|noindex","none_detected","8aaf2c0957ce1d0c314e3ce9d59efeac1b6853ea069b13d9f0d7546dfb9b3dda","static_source","unverified"
"3760600b26a26d07","/esim","page","GET","src/app/esim/page.tsx","","","","none_detected","metadata","none_detected","f714d099114885b0e95703e621610d37374adfd049b1d6103c0dad136be2073a","static_source","unverified"
"97a665ccebc94442","/excursions","page","GET","src/app/excursions/page.tsx","","","","none_detected","metadata|noindex","locale_param|i18n_import","64f13b4d8bf19244ee98147526de14887313e71de278d456a7051a3217f92ab2","static_source","unverified"
"3f627cbbac291fd8","/excursions/[slug]","page","GET","src/app/excursions/[slug]/page.tsx","","","","none_detected","metadata|canonical","locale_param|i18n_import","7412ef0d0b4c1ffc0906f3f769635fab85599f6631a3a967b3bfbee7780a09f0","static_source","unverified"
"1b7599a9ceb12ad5","/excursions/city/[citySlug]","page","GET","src/app/excursions/city/[citySlug]/page.tsx","","","","none_detected","metadata|noindex","none_detected","2aa1e331d1975bb6b80c8f87f0720ee97e8570ee93eb3dce7bf49136a69628b7","static_source","unverified"
"212fd0d8d4168113","/excursions/guide/[guideId]","page","GET","src/app/excursions/guide/[guideId]/page.tsx","","","","none_detected","metadata","none_detected","301756d4c04f45d257cc9626f58aabd7933c223d5cf6338c14d7dd1f3ab8dfae","static_source","unverified"
"14894487687ce4fe","/experts","page","GET","src/app/experts/page.tsx","","","","none_detected","metadata|noindex","i18n_import","0fd4a762cf6fbd0a2ff9998e9876a5e52b7c84d9589702eccb199ff8f64a654c","static_source","unverified"
"fb14bc557838bb85","/experts/[slug]","page","GET","src/app/experts/[slug]/page.tsx","","","","none_detected","metadata","i18n_import","9c835d8836c492626a217e1dc92ef09e04ddecc2081cff9abb96769d4daa9ef2","static_source","unverified"
"b6b920ba638b48c1","/faq","page","GET","src/app/faq/page.tsx","","","","none_detected","metadata","i18n_import","5d24fbb619ffe5ec2534221e57f085c208f3ac919c59a404dfe1392c1da3bca1","static_source","unverified"
"0b6c47568c18f592","/flights","page","GET","src/app/flights/page.tsx","","","","none_detected","metadata","i18n_import","664d50bf54f8f37b79d0e9050ec83d66a6849be1e85d07154b714902fb57d05f","static_source","unverified"
"683d03a77a1c7e5f","/flights/[route]","page","GET","src/app/flights/[route]/page.tsx","","","","none_detected","metadata","locale_param","7bf7ac468e0441fcf524c157b6ecb096d7c584ec34748b31c68e08b7fb53fe8d","static_source","unverified"
"c53ec555b5e2943b","/forum","page","GET","src/app/forum/page.tsx","","","","none_detected","metadata","i18n_import","ca3313104f9dbe5e236c3dd4a27a89a8e191dd0b6144f8c031faa6dd3a11d3b1","static_source","unverified"
"db9989d59bdf0e82","/forum/[category]","page","GET","src/app/forum/[category]/page.tsx","","","","none_detected","metadata","locale_param|i18n_import","63438ebb2229c142f384140330075233cc44b4c3cf872c9d86d50f3763ccef2b","static_source","unverified"
"81dfac4ee8dc6b85","/forum/[category]/[threadId]","page","GET","src/app/forum/[category]/[threadId]/page.tsx","","","","none_detected","metadata","locale_param|i18n_import","aac498cdee1702dc98a64d23a3ad39c7fa02bf4b01e133bc163e9c9b1fca0ad7","static_source","unverified"
"31a0eccb2d3e52f6","/gallery","page","GET","src/app/gallery/page.tsx","","","","none_detected","metadata","none_detected","7a37dc55c83cf854cf25e9a516c80055a6e29fdd3fa75adc6a0e32f538677b0a","static_source","unverified"
"3f94d26179e04719","/guide","page","GET","src/app/guide/page.tsx","","","","none_detected","metadata","i18n_import","7d9c42c61fd4d121b8655e7501848af8c192996a3fb4a04cdfff2a32cdc58ddb","static_source","unverified"
"1e6a2c9efb456be0","/guide/[slug]","page","GET","src/app/guide/[slug]/page.tsx","","","","none_detected","metadata","locale_param|i18n_import","d75a3a1ab0d7ed9a516a95a1dd486ba2390d70c526b4497cd822a9d3a2fb4e64","static_source","unverified"
"a50abec68cf34cb2","/guide/ob-argentine","page","GET","src/app/guide/ob-argentine/page.tsx","","","","none_detected","metadata|canonical","none_detected","241ab6b30b44cb9e14bd4729fc2fa2383df9ffe6fcd60a5698bdeb883f676eb4","static_source","unverified"
"74a987baaa008908","/immigration","page","GET","src/app/immigration/page.tsx","","","","none_detected","metadata","i18n_import","f366f23bc9fe6f4bed8db29d870b77f63aac55b0a7b501849e07ac7f04e77982","static_source","unverified"
"aff446a551ebf794","/immigration/[slug]","page","GET","src/app/immigration/[slug]/page.tsx","","","","none_detected","metadata|noindex","i18n_import","da94b59f54f1c21195139bd064eb0ec616aec7764cf37a7954ecd26b53ee5ed0","static_source","unverified"
"42ece7b8f4b3a47a","/insurance","page","GET","src/app/insurance/page.tsx","","","","none_detected","metadata","none_detected","84f6a3108bb55d922f8266a0efd0fc0d0ee2adcc34f508cf36b667908e644ee7","static_source","unverified"
"bfad741b8b50e45e","/itineraries","page","GET","src/app/itineraries/page.tsx","","","","none_detected","metadata|canonical","none_detected","2a7bb8fd1895ecff1f15430f4c7b9fbe72bfe4ab99ab5dbc8f133cfb6a25c4cb","static_source","unverified"
"78137383d807c986","/itineraries/[slug]","page","GET","src/app/itineraries/[slug]/page.tsx","","","","none_detected","metadata|canonical","none_detected","9566996f5610f34e6eba79766cff8842ac63078323f69e0c40fd10b069efcd4e","static_source","unverified"
"348d405cf5abd7ba","/join","page","GET","src/app/join/page.tsx","","","","none_detected","metadata","none_detected","edf991c1d3e35cc60d3d5211590dad7a7ffd070e6044a97c403fdc2e9f09ac4d","static_source","unverified"
"89f78bb3640dedc0","/landing/[slug]","page","GET","src/app/landing/[slug]/page.tsx","","","","none_detected","metadata|noindex","locale_param|i18n_import","5c4fcc05d82c8b655c90d28b6509da10b30964d9e43feb15e10be12819188c4d","static_source","unverified"
"d4e795e003a4213a","/legal/[slug]","page","GET","src/app/legal/[slug]/page.tsx","","","","none_detected","metadata","locale_param|i18n_import","fd9c96c4762102991f5f3bec7f2cbee5a9e509573118c036d790166685a6a235","static_source","unverified"
"30282ebd785b5430","/maintenance","page","GET","src/app/maintenance/page.tsx","","","","none_detected","metadata|noindex","i18n_import","5307f8569294fcbb75714740c787a2565f7b5c3c15e3f812ccc6b87a74969a11","static_source","unverified"
"f2c9859c72e37e6d","/map","page","GET","src/app/map/page.tsx","","","","none_detected","none_detected","none_detected","e152da597cf9b3ae461e11cd52bc335ca73aa5de33707609cc2ade5019ef6e8f","static_source","unverified"
"fe0bfd22097d60d9","/mapa-argentina","page","GET","src/app/mapa-argentina/page.tsx","","","","none_detected","metadata","i18n_import","9aa472e27d5eb727795dff81a6dcdbdaed6a0c8b1e885cefca2abec1f0ff942e","static_source","unverified"
"f13baf74aabbc826","/mobility","page","GET","src/app/mobility/page.tsx","","","","none_detected","metadata|noindex","none_detected","974a496013fef6b23255c11c8a4c9d94397ce38037cb74d002cd425eddd65fad","static_source","unverified"
"90d35e32a7fa7fd5","/organizer","page","GET","src/app/organizer/page.tsx","","","","none_detected","metadata","none_detected","13218ce8b7d6eb077b2fc4aa1d682193e70d10117fac9a51508cdc7ed73b874f","static_source","unverified"
"d8ac84429a1a0460","/organizer/analytics","page","GET","src/app/organizer/analytics/page.tsx","","","","none_detected","metadata","none_detected","4ed253005184323b3e238a53513f6adf544cd73948e7e778d3f0e46d36be4876","static_source","unverified"
"770559c799ef96a7","/organizer/apartments","page","GET","src/app/organizer/apartments/page.tsx","","","","organizer","metadata","none_detected","665ffffe1f09f801f464d481c3abf26253b04080185726fbbec0cad40a6a212f","static_source","unverified"
"29162e0e768a8b2a","/organizer/articles","page","GET","src/app/organizer/articles/page.tsx","","","","none_detected","none_detected","none_detected","645602eed4c2cdeaf973ad6ea15d07fba28b4b97cf3f189a4ce4a9bb09e1f083","static_source","unverified"
"862f343b5bca2027","/organizer/articles/[id]/edit","page","GET","src/app/organizer/articles/[id]/edit/page.tsx","","","","none_detected","none_detected","none_detected","a8f11898dd2009b71c9e6f47c82b18e0dd1ec812b1e7e41e65826f27d416988a","static_source","unverified"
"a02ecd973f531f8f","/organizer/articles/[id]/preview","page","GET","src/app/organizer/articles/[id]/preview/page.tsx","","","","organizer","none_detected","none_detected","99e3cb33b99e9cb563981df1e2aaa078ff240fe6926394b26cadb56609dfadd4","static_source","unverified"
"8265dc78324d522a","/organizer/bookings","page","GET","src/app/organizer/bookings/page.tsx","","","","none_detected","metadata","none_detected","c308acafcde16cbb9c0180722b68ab4a5c2aed33b33aecc1f6131afb06242846","static_source","unverified"
"455def53d42e8f37","/organizer/bookings/[id]","page","GET","src/app/organizer/bookings/[id]/page.tsx","","","","none_detected","metadata","none_detected","adf49e071e38cd3916b3f37e635a31695414f73e59ea715d65f5d7b9ddc5b417","static_source","unverified"
"be45c793b0789d9c","/organizer/finance","page","GET","src/app/organizer/finance/page.tsx","","","","none_detected","none_detected","none_detected","91fc6efe0268aa2141fd06d6825613a4763b737027cdbd1e8451c9cc5ef64d63","static_source","unverified"
"a6d24df5265a33d9","/organizer/group-trips","page","GET","src/app/organizer/group-trips/page.tsx","","","","none_detected","metadata","none_detected","0a2ba005f6b391f6810d769907443ffb1124d09b2e367bd447cc6933ba61e33e","static_source","unverified"
"2b361a5896fa795a","/organizer/integrations","page","GET","src/app/organizer/integrations/page.tsx","","","","none_detected","metadata","none_detected","7c00c50b2a0cea2ed33d21b0ee14ca278ade7be9597153c2ca1bf3d41957ea0e","static_source","unverified"
"b0e63cebde6d17ce","/organizer/messages","page","GET","src/app/organizer/messages/page.tsx","","","","organizer","none_detected","none_detected","4f5df562c47bc0dc742c53d4d6fbde8efb03462acc6b99a1767b32ad85ac63b6","static_source","unverified"
"85bf3fa12cac80d0","/organizer/mobility","page","GET","src/app/organizer/mobility/page.tsx","","","","none_detected","metadata","none_detected","873d1251dd3bfab01f44cdded0fbf89dd430b257d0ef3dfc6be32290f4acbb37","static_source","unverified"
"4cdd8cb510d19ed1","/organizer/payments","page","GET","src/app/organizer/payments/page.tsx","","","","none_detected","metadata","none_detected","bf47c67082e8b5f34fba952dc8a945cc0f740f49a40708cc36a0567d983d3653","static_source","unverified"
"141015a6e9816778","/organizer/reviews","page","GET","src/app/organizer/reviews/page.tsx","","","","none_detected","metadata","none_detected","ec9a5855bb352ab1bc2c3018cef7b2dd809f11ca843295a7d6a9092cf1aefc4d","static_source","unverified"
"b22a4ce15863c03b","/organizer/settings","page","GET","src/app/organizer/settings/page.tsx","","","","none_detected","metadata","none_detected","3624aec58483c7d415ede9f60efe79edc7a1d3c3385ff6547f45634932ae57f3","static_source","unverified"
"f976f688b1cbc570","/organizer/tours","page","GET","src/app/organizer/tours/page.tsx","","","","none_detected","metadata","none_detected","932e95c0ef3b111c5f1d3689e5d07f7c9889830e97745fc4623933601fa2128a","static_source","unverified"
"e1e574e56d32bb7f","/organizer/tours/[id]/edit","page","GET","src/app/organizer/tours/[id]/edit/page.tsx","","","","organizer","metadata","none_detected","ca951213e058d1390e47caf086c240ffbb0ff4bf677141f5707954ef74af507a","static_source","unverified"
"467226d88b8e0572","/organizer/tours/[id]/preview","page","GET","src/app/organizer/tours/[id]/preview/page.tsx","","","","organizer","metadata|noindex","none_detected","384750dc5ebe51ee3f624826342c7fe6ba5dad6d286c6a55d4cbac047eefa686","static_source","unverified"
"9becd6dcd18506ce","/organizer/waitlist/[id]","page","GET","src/app/organizer/waitlist/[id]/page.tsx","","","","none_detected","none_detected","none_detected","5d478ca794de5597ae375b185024bea55b4de8251ea54ed244c80f81a45339ca","static_source","unverified"
"38125cdfb45ca72c","/organizers/[slug]","page","GET","src/app/organizers/[slug]/page.tsx","","","","organizer","metadata","none_detected","ddb216e5842678a862946e83319b3cceb671eaddb4e6d9c4aa1dc4538cd24434","static_source","unverified"
"d9c4bcafd8263fdb","/places","page","GET","src/app/places/page.tsx","","","","none_detected","metadata","i18n_import","edb15f54aa2536b5e57afdc17ec717e7353995bc1a8645ab7da9ba0e297e555f","static_source","unverified"
"6346a1fe31cbd99f","/places/[slug]","page","GET","src/app/places/[slug]/page.tsx","","","","none_detected","metadata","locale_param|i18n_import","77ce7b719270324ac596e078cc62271afc30235a247e0cbcedaa23bfde8dd8c3","static_source","unverified"
"3ab4869428d71c44","/podbor","page","GET","src/app/podbor/page.tsx","","","","none_detected","metadata","none_detected","5887369d367b745cbfd1b1ab1c12a268a3ae60410fc521a0ac4eceffb45738b9","static_source","unverified"
"b6e7a21c616b66dd","/profile","page","GET","src/app/profile/page.tsx","","","","none_detected","none_detected","none_detected","53ae8c2c33847c34f5b73e3bdd74ff2fbeea07e5830efce8f926f429f973b48c","static_source","unverified"
"2423be08f6c879ff","/profile/bookings","page","GET","src/app/profile/bookings/page.tsx","","","","none_detected","none_detected","none_detected","e90cf829a2b4fdad9ccbc46170409d9a87233ac262e9d0ba11602755585a25f6","static_source","unverified"
"8a0957b22b9dd29f","/profile/bookings/[id]","page","GET","src/app/profile/bookings/[id]/page.tsx","","","","none_detected","none_detected","none_detected","d2442ca0d58f1ed8c75cc92173e0ffab6421a5d3ba113cd352ff71bdcdffaacf","static_source","unverified"
"47002c37742ac554","/profile/favorites","page","GET","src/app/profile/favorites/page.tsx","","","","none_detected","none_detected","none_detected","8a693e59ebf087efca597cb6c90c34aa0026bd5e9d74c4347be5eab44ee8585e","static_source","unverified"
"aa37d1dbdbab7c2a","/profile/group-trips","page","GET","src/app/profile/group-trips/page.tsx","","","","none_detected","metadata","none_detected","563ec9c58c78795dab6bb8ee91ea413c612df6adb0c25d16c3553a86e1c2c286","static_source","unverified"
"531c0e2853595f46","/profile/messages","page","GET","src/app/profile/messages/page.tsx","","","","none_detected","none_detected","none_detected","1efd2b497eda60954b23e9ee48e1011cec99b2e272f906cc60ac5c21dc75e338","static_source","unverified"
"ca1313839d96e5db","/profile/orders","page","GET","src/app/profile/orders/page.tsx","","","","none_detected","none_detected","none_detected","db2d1f5cc6ef70f9250ffd3c03d52ced651295afc754ba9d547f5b728e87f0a4","static_source","unverified"
"dd2c96f060f9d3ea","/profile/reviews","page","GET","src/app/profile/reviews/page.tsx","","","","none_detected","none_detected","none_detected","008609e67032439585c57f1e3a8da3b604404907ede2a034ad5171d2dee23dc2","static_source","unverified"
"660fe0f76f50822b","/profile/settings","page","GET","src/app/profile/settings/page.tsx","","","","none_detected","none_detected","none_detected","007c9e5b64642c479a472aa67f4fc3c828492ee2a19722bb71e4b9b6174d482a","static_source","unverified"
"d5d59da2893ce1f4","/profile/trip-prep","page","GET","src/app/profile/trip-prep/page.tsx","","","","none_detected","none_detected","none_detected","7633ef758efdb83e83f813fe49799423f7b0b8c97649c93ec2c89a7351140665","static_source","unverified"
"c5bba5b25b7fed74","/robots.txt","route_handler","GET","src/app/robots.txt/route.ts","","","","none_detected","none_detected","none_detected","bf05c099c28990d37da6deb074ef47608e160876d5be7da7d05a3e9ee1bd59fd","static_source","unverified"
"fb4429705587dea0","/services","page","GET","src/app/services/page.tsx","","","","none_detected","metadata","none_detected","206fcfda07515a91dc9d89dafa9a80b324129ed14ff2e2db0e8f04abcf8603b9","static_source","unverified"
"3dd6600881760431","/shop","page","GET","src/app/shop/page.tsx","","","","none_detected","metadata","none_detected","0caf0b35449c0ee4fea0eb66658c85d147e2f95308a6ccf5bea9597485537585","static_source","unverified"
"62562f6ead5a2a04","/shop/[slug]","page","GET","src/app/shop/[slug]/page.tsx","","","","none_detected","metadata","none_detected","716738eca9994887d34bc65d8c475f6031c228e7509a6f4774b5ef97e80d32c3","static_source","unverified"
"c5fddfe54d22bc8b","/sitemap.xml","metadata","GET","src/app/sitemap.ts","","","","none_detected","none_detected","none_detected","43ecf1d83208d56ee53bcd6d10b8f5257b95b94ea70ac5c5d80559928f8bb194","static_source","unverified"
"faf95cb68018cd4d","/tours","page","GET","src/app/tours/page.tsx","","","","organizer","metadata","locale_param|i18n_import","851be69cb2b0040987487443a79f0088f5356c4273047048888810d7ddff4e22","static_source","unverified"
"dcbe039ae1426a39","/tours/[slug]","page","GET","src/app/tours/[slug]/page.tsx","","","","none_detected","metadata|noindex|canonical","locale_param|i18n_import","5b7ea3dbee326e22c7d3261140b945fefc18749d83faf3a4555829ff5cfc6c03","static_source","unverified"
"f91fa992c9b57cc2","/tours/region/iguazu","page","GET","src/app/tours/region/iguazu/page.tsx","","","","organizer","metadata|noindex","i18n_import","7be8fa26b04b484b190046c11765443e48d0ba7e99f93b7abdc425264da2ade2","static_source","unverified"
"a55e197cbcc10d5f","/tours/region/patagonia","page","GET","src/app/tours/region/patagonia/page.tsx","","","","organizer","metadata|noindex","i18n_import","8bc14c1972485e1ff9e10c4adadb1bb88750410d93e5704c1e19439e56307d5c","static_source","unverified"
"49779d0b1c9bdb59","/transfers","page","GET","src/app/transfers/page.tsx","","","","none_detected","metadata","none_detected","9332c395662714a2c873629ba10ac0e6cc1ec5d8a715ed9d78277d3443dc7438","static_source","unverified"
"831f51e638e04501","/trip-prep","page","GET","src/app/trip-prep/page.tsx","","","","none_detected","metadata","none_detected","72d21e21983aa5ad8a2b9eda8a59069f174adf4c09c42596639e24be79c1d9f3","static_source","unverified"
"7accfdf75f3b0f8e","/trip/[token]","page","GET","src/app/trip/[token]/page.tsx","","","","none_detected","metadata|noindex","none_detected","eec5d4da7c718c02f1017a279f8a48689bfd168d4c389770978e4fcb13a5bb4f","static_source","unverified"
"cbfab138008b4643","/yandex-verification","page","GET","src/app/yandex-verification/page.tsx","","","","none_detected","metadata|noindex","none_detected","484f1ee01404e47da2c85791954089b7075581e448e2dccbc063ccb5311bcff4","static_source","unverified"
