"route_id","route_pattern","route_kind","source_file","direct_local_imports","transitive_local_imports_depth_2","data_source_classes","supabase_table_candidates","supabase_rpc_candidates","storage_bucket_candidates","external_endpoint_candidates","access_signals","dependency_depth","evidence_level","runtime_status"
"b6d09fd0ba325718","/","page","src/app/page.tsx","src/components/flights/TravelPrepStrip.tsx|src/components/marketplace/HomeHeroCollage.tsx|src/components/marketplace/MarketplaceHome.tsx|src/components/seo/HomePrimarySectionsItemListJsonLd.tsx|src/components/seo/WebPageJsonLd.tsx|src/data/blog.ts|src/data/marketplace-tours-server.ts|src/lib/blog-index-payload.ts|src/lib/feature-flags/server.ts|src/lib/homepage-reviews.ts|src/lib/homepage-tours.ts|src/lib/i18n/hreflang.ts|src/lib/media-resolver.ts|src/lib/organizer-public.ts|src/lib/page-metadata.ts|src/lib/personalization/interaction-context-server.ts|src/lib/personalization/interactions-server.ts|src/lib/personalization/recommendations-server.ts|src/lib/site-settings-edge.ts|src/lib/tour-listing-ranking.ts|src/lib/tripster/excursion-server.ts|src/types/index.ts","src/components/guide/hub/HubQuickFactsGrid.tsx|src/components/layout/SectionShell.tsx|src/components/marketplace/HomeMultiSearch.tsx|src/components/marketplace/MarketplaceHomeHero.tsx|src/components/seo/JsonLdScript.tsx|src/components/ui/button.tsx|src/components/ui/empty-state.tsx|src/components/ui/safe-image.tsx|src/context/LocaleCurrencyContext.tsx|src/data/blog-argentina-tourist-visa-2026.ts|src/data/blog-argentinian-steak-guide.ts|src/data/blog-author.ts|src/data/blog-best-time-to-visit-argentina.ts|src/data/blog-canonical-map.ts|src/data/blog-el-chalten-i-fitts-roy.ts|src/data/blog-iguazu-garganta-del-diablo.ts|src/data/blog-iguazu-za-3-dnya.ts|src/data/blog-itinerary-chek-list.ts|src/data/blog-itinerary-oshibki.ts|src/data/blog-itinerary-za-10-dney.ts|src/data/blog-itinerary-za-14-dney.ts|src/data/blog-manual-from-md/index.ts|src/data/blog-patagonia-aviabilety.ts|src/data/blog-patagonia-packing-list.ts|src/data/blog-patagonia-penguins.ts|src/data/blog-patagonia-whale-watching.ts|src/data/blog-patagoniya-marshrut-14-dney.ts|src/data/blog-salta-i-severo-zapad-marshrut.ts|src/data/blog-tango-beginners-guide.ts|src/data/blog-tour-embeds.ts|src/data/blog-uco-valley-vino-i-gory.ts|src/data/blog-wildlife-s-gidom.ts|src/data/filters.ts|src/data/media-library/maps.ts|src/data/organizer-canonical-stats.ts|src/data/public-organizers.ts|src/hooks/useRepositoryTourListings.ts|src/hooks/useSyncPriceFilters.ts|src/lib/auth-mode.ts|src/lib/blog-from-plan.ts|src/lib/blog-media-path.ts|src/lib/blog-post-image-bindings.ts|src/lib/blog-utils.ts|src/lib/catalog-country-relevance.ts|src/lib/catalog-filter-url.ts|src/lib/catalog-stats.ts|src/lib/cms/site-globals/normalize.ts|src/lib/cms/site-globals/public-launch-guards.ts|src/lib/cn.ts|src/lib/destinations.ts|src/lib/excursion-server.ts|src/lib/filter-tours.ts|src/lib/flights/hub-price-teasers.ts|src/lib/flights/teaser-format.ts|src/lib/flights/teaser-labels.ts|src/lib/full-name.ts|src/lib/homepage/homepage-module-registry.ts|src/lib/i18n/locale-path.ts|src/lib/image-provider/image-provider.ts|src/lib/image-provider/local-fallback.ts|src/lib/image-provider/slot-ids.ts|src/lib/image-provider/types.ts|src/lib/media-library/feed-query.ts|src/lib/media/media-cdn.ts|src/lib/organizer-experience-enrich.ts|src/lib/organizer-experience.ts|src/lib/organizer-profile-store.ts|src/lib/organizer-public-routing.ts|src/lib/organizer-tour-store.ts|src/lib/partner-tours/offer-quality.ts|src/lib/pluralize.ts|src/lib/public-module-policy-server.ts|src/lib/schema-json-ld.ts|src/lib/site-brand.ts|src/lib/site-container.ts|src/lib/site-sections-json-ld.ts|src/lib/site-settings-server.ts|src/lib/site-url.ts|src/lib/supabase/admin.ts|src/lib/supabase/env.ts|src/lib/supabase/server.ts|src/lib/tour-format.ts|src/lib/tour-public-display.ts|src/lib/tour-recommendations.ts|src/lib/tour-repository.ts|src/lib/tour-review-stats.ts|src/lib/tripster/partner-tour-utils.ts|src/types/database.ts|src/types/excursion.ts|src/types/group-discount.ts|src/types/locale.ts|src/types/media-asset.ts|src/types/organizer-profile.ts|src/types/site-globals.ts|src/types/tour-accommodation.ts|src/types/tour-custom-booking-link.ts|src/types/tour-embed.ts|src/types/tour-itinerary-activity.ts|src/types/tour-section-comments.ts|src/types/tour-travel-risk.ts|src/types/tour.ts|src/types/user-interactions.ts|src/types/user.ts","supabase|cms|tripster|sputnik8|travelpayouts|static_data|external_http","feature_flags|profiles|site_settings|tourist_reviews|user_interactions","","","/api/exchange-rates","admin|authenticated|cron_secret|organizer","2","static_source","unknown_db_down"
"35bdf4a3e7ebda0b","/about","page","src/app/about/page.tsx","src/components/about/AboutPageView.tsx|src/components/seo/BreadcrumbListJsonLd.tsx|src/components/seo/WebPageJsonLd.tsx|src/components/social-feed/SocialFeed.tsx|src/data/marketplace-tours-server.ts|src/lib/i18n/hreflang.ts|src/lib/i18n/server-locale.ts|src/lib/locale-breadcrumbs.ts|src/lib/media-resolver.ts|src/lib/organizer-public.ts|src/lib/page-metadata.ts|src/lib/static-page-copy.ts","src/components/marketplace/PlatformStatsBlock.tsx|src/components/seo/JsonLdScript.tsx|src/components/social-feed/SocialFeedBlock.tsx|src/components/ui/button.tsx|src/components/ui/safe-image.tsx|src/context/LocaleCurrencyContext.tsx|src/data/media-library/maps.ts|src/data/organizer-canonical-stats.ts|src/data/public-organizers.ts|src/lib/blog-media-path.ts|src/lib/blog-post-image-bindings.ts|src/lib/breadcrumb-json-ld.ts|src/lib/catalog-stats.ts|src/lib/cn.ts|src/lib/full-name.ts|src/lib/i18n.ts|src/lib/i18n/config.ts|src/lib/i18n/locale-path.ts|src/lib/i18n/sync-messages.ts|src/lib/image-provider/image-provider.ts|src/lib/image-provider/local-fallback.ts|src/lib/image-provider/slot-ids.ts|src/lib/image-provider/types.ts|src/lib/media-library/feed-query.ts|src/lib/media/media-cdn.ts|src/lib/organizer-experience-enrich.ts|src/lib/organizer-experience.ts|src/lib/organizer-profile-store.ts|src/lib/organizer-public-routing.ts|src/lib/organizer-tour-store.ts|src/lib/partner-tours/offer-quality.ts|src/lib/pluralize.ts|src/lib/schema-json-ld.ts|src/lib/site-brand.ts|src/lib/site-container.ts|src/lib/site-url.ts|src/lib/social-feed/get-feed.ts|src/lib/social-feed/types.ts|src/lib/tour-public-display.ts|src/lib/tour-repository.ts|src/lib/tripster/partner-tour-utils.ts|src/types/index.ts|src/types/media-asset.ts|src/types/organizer-profile.ts|src/types/tour.ts|src/types/user.ts","cms|tripster|static_data|external_http","","","","/api/exchange-rates","admin|organizer","2","static_source","unknown_db_down"
"f41585aae1a52470","/account/update-password","page","src/app/account/update-password/page.tsx","src/app/account/update-password/UpdatePasswordView.tsx|src/lib/auth-flow.ts","src/components/feedback/InlineFeedback.tsx|src/components/ui/button.tsx|src/components/ui/smart-input.tsx|src/lib/form-validation.ts","supabase|external_http","","","","/api/auth/update-password","organizer","2","static_source","unknown_db_down"
"7a424970a7be2e29","/admin","page","src/app/admin/page.tsx","src/components/admin/AdminOwnerOnboardingChecklist.tsx|src/components/admin/AdminSidebar.tsx|src/components/admin/AdminTrendChart.tsx|src/components/admin/CapabilityGate.tsx|src/components/ui/native-select.tsx|src/components/workspace/ActionQueue.tsx|src/hooks/useAdminApi.ts|src/lib/admin/format.ts|src/lib/cabinet-ui.ts|src/types/admin-analytics.ts|src/types/admin.ts","src/components/ArgentinaLogo.tsx|src/components/admin/AdminBreadcrumbs.tsx|src/components/admin/AdminCronHealthBanner.tsx|src/components/admin/AdminLayoutControls.tsx|src/components/admin/AdminNotificationsMenu.tsx|src/components/auth/UserAvatar.tsx|src/components/ui/dialog.tsx|src/components/ui/tooltip.tsx|src/context/AdminContext.tsx|src/context/AdminLayoutPrefsContext.tsx|src/context/AuthContext.tsx|src/lib/admin/admin-navigation-mode.ts|src/lib/admin/nav-config.ts|src/lib/admin/owner-onboarding-server.ts|src/lib/cn.ts|src/lib/site-container.ts","supabase|external_http","admin_audit_log|admin_staff|content_documents|profiles|site_settings|tours","","","/api/admin/notifications/mark-all-read|/api/admin/session","admin|admin|cron_secret|admin|organizer|authenticated","2","static_source","unknown_db_down"
"4edd7acf36b28261","/admin/analytics","page","src/app/admin/analytics/page.tsx","src/components/admin/views/AnalyticsView.tsx","src/components/admin/AdminSidebar.tsx|src/components/admin/AdminTrendChart.tsx|src/components/admin/CapabilityGate.tsx|src/components/feedback/InlineFeedback.tsx|src/components/ui/native-select.tsx|src/data/booking-statuses.ts|src/hooks/useAdminApi.ts|src/lib/cabinet-ui.ts|src/types/admin-analytics.ts","static_data|external_http","","","","","admin","2","static_source","unknown_db_down"
"2c65734f547a6015","/admin/analytics/funnels","page","src/app/admin/analytics/funnels/page.tsx","src/components/admin/views/FunnelsView.tsx","src/components/admin/AdminFunnelChart.tsx|src/components/admin/AdminSidebar.tsx|src/components/admin/CapabilityGate.tsx|src/components/ui/native-select.tsx|src/components/ui/skeleton.tsx|src/hooks/useAdminApi.ts|src/lib/admin/format.ts|src/lib/cabinet-ui.ts|src/types/admin-analytics.ts","external_http","","","","","admin","2","static_source","unknown_db_down"
"8adcec160897ec8b","/admin/content-freshness","page","src/app/admin/content-freshness/page.tsx","src/components/admin/views/ContentFreshnessView.tsx","src/components/admin/AdminSidebar.tsx|src/components/admin/CapabilityGate.tsx|src/components/ui/button.tsx|src/components/ui/native-select.tsx|src/hooks/useAdminApi.ts|src/lib/cabinet-ui.ts|src/types/content-freshness.ts","cms|external_http","","","","","admin","2","static_source","unknown_db_down"
"34488df779b458de","/admin/content/documents","page","src/app/admin/content/documents/page.tsx","src/components/admin/views/ContentDocumentsView.tsx","src/components/admin/AdminSidebar.tsx|src/components/admin/CapabilityGate.tsx|src/components/admin/CmsBulkImportPanel.tsx|src/components/admin/CmsLocaleBadges.tsx|src/components/ui/button.tsx|src/components/ui/empty-state.tsx|src/components/ui/input.tsx|src/components/ui/native-select.tsx|src/components/ui/skeleton.tsx|src/hooks/useAdminApi.ts|src/lib/admin/content-inventory.ts|src/lib/cabinet-ui.ts|src/lib/cms/cms-locale.ts","cms|static_data|external_http","","","","/api/admin/content/documents|/api/admin/content/documents/bulk-import","admin","2","static_source","unknown_db_down"
"7c2e36c7ed971dfc","/admin/content/documents/[id]","page","src/app/admin/content/documents/[id]/page.tsx","src/components/admin/views/ContentDocumentEditorView.tsx","src/components/admin/AdminSidebar.tsx|src/components/admin/CapabilityGate.tsx|src/components/admin/CmsLocaleTabs.tsx|src/components/admin/CmsSeoPanel.tsx|src/components/admin/cms/BlogInternalLinksPreview.tsx|src/components/admin/cms/CmsSectionEditor.tsx|src/components/admin/page-builder/BlogSectionPageBuilder.tsx|src/components/admin/page-builder/GuideSectionPageBuilder.tsx|src/components/ui/button.tsx|src/components/ui/input.tsx|src/components/ui/native-select.tsx|src/context/AdminContext.tsx|src/hooks/usePageBuilderAutosave.ts|src/hooks/useUnsavedChangesGuard.ts|src/lib/admin/format.ts|src/lib/admin/local-draft-recovery.ts|src/lib/cabinet-ui.ts|src/lib/cms-content-cross-links.ts|src/lib/cms/cms-locale.ts|src/lib/cms/cms-preview.ts|src/lib/cms/cms-scheduled-publish.ts|src/lib/cms/revision-diff.ts|src/lib/content-section-body.ts|src/lib/i18n/config.ts|src/lib/i18n/locale-path.ts|src/types/cms-content.ts|src/types/content-page.ts|src/types/index.ts","cms|static_data|external_http","","","","/api/admin/content/documents|/api/admin/session|/api/cms/blog/link-suggestions","admin|cron_secret|organizer","2","static_source","unknown_db_down"
"f7b80a945b4379b2","/admin/content/documents/[id]/preview","page","src/app/admin/content/documents/[id]/preview/page.tsx","src/components/admin/views/ContentDocumentPreviewView.tsx","src/components/admin/AdminSidebar.tsx|src/components/admin/CapabilityGate.tsx|src/components/admin/cms/CmsDocumentPreviewContent.tsx|src/components/admin/cms/CmsPreviewBanner.tsx|src/components/admin/cms/PreviewDeviceFrame.tsx|src/lib/cms/cms-preview.ts|src/types/cms-content.ts","cms|static_data|external_http","","","","","admin","2","static_source","unknown_db_down"
"066f8c8482a0ceb1","/admin/content/forum","page","src/app/admin/content/forum/page.tsx","src/components/admin/views/ForumAdminView.tsx","src/components/admin/AdminSidebar.tsx|src/components/admin/CapabilityGate.tsx|src/components/feedback/InlineFeedback.tsx|src/components/ui/button.tsx|src/components/ui/input.tsx|src/components/ui/native-select.tsx|src/components/ui/textarea.tsx|src/hooks/useAdminApi.ts|src/lib/admin/forum-admin-contract.ts|src/lib/cabinet-ui.ts","external_http","","","","","admin","2","static_source","unknown_db_down"
"6fbcb25908367f3b","/admin/content/knowledge","page","src/app/admin/content/knowledge/page.tsx","src/components/admin/views/KnowledgeImportView.tsx","src/components/admin/AdminSidebar.tsx|src/components/admin/CapabilityGate.tsx|src/components/ui/button.tsx|src/lib/cabinet-ui.ts","external_http","","","","/api/admin/content/knowledge-import","admin","2","static_source","unknown_db_down"
"a6b5ebc392c1a692","/admin/content/map","page","src/app/admin/content/map/page.tsx","src/components/admin/views/MapEditorView.tsx","src/components/admin/AdminSidebar.tsx|src/components/admin/CapabilityGate.tsx|src/components/ui/button.tsx|src/components/ui/input.tsx|src/components/ui/native-select.tsx|src/components/ui/textarea.tsx|src/hooks/useAdminApi.ts|src/lib/cabinet-ui.ts|src/lib/map-types.ts","external_http","","","","/api/admin/content/map","admin","2","static_source","unknown_db_down"
"439707cff482da46","/admin/content/shop","page","src/app/admin/content/shop/page.tsx","src/components/admin/views/ShopCatalogView.tsx","src/components/admin/AdminSidebar.tsx|src/components/admin/CapabilityGate.tsx|src/components/admin/CmsMediaPathField.tsx|src/components/ui/button.tsx|src/components/ui/empty-state.tsx|src/components/ui/input.tsx|src/components/ui/native-select.tsx|src/components/ui/skeleton.tsx|src/components/ui/textarea.tsx|src/hooks/useAdminApi.ts|src/lib/admin/shop-catalog-contract.ts|src/lib/cabinet-ui.ts|src/types/shop-product.ts","external_http","","","","","admin","2","static_source","unknown_db_down"
"0e3a399c6791f78c","/admin/content/social-feed","page","src/app/admin/content/social-feed/page.tsx","src/components/admin/views/SocialFeedAdminView.tsx","src/components/admin/AdminSidebar.tsx|src/components/admin/CapabilityGate.tsx|src/components/ui/button.tsx|src/components/ui/input.tsx|src/components/ui/native-select.tsx|src/hooks/useAdminApi.ts|src/lib/cabinet-ui.ts|src/types/social-feed-config.ts","external_http","","","","/api/admin/social-feed","admin","2","static_source","unknown_db_down"
"605a14d16ac679fd","/admin/content/translations","page","src/app/admin/content/translations/page.tsx","src/components/admin/views/ContentTranslationsView.tsx","src/components/admin/AdminSidebar.tsx|src/components/admin/CapabilityGate.tsx|src/components/ui/button.tsx|src/hooks/useAdminApi.ts|src/lib/cabinet-ui.ts","external_http","","","","","admin","2","static_source","unknown_db_down"
"5028f2a5d9f1140d","/admin/editorial-components","page","src/app/admin/editorial-components/page.tsx","src/components/admin/views/EditorialComponentsPreviewView.tsx","src/components/admin/AdminSidebar.tsx|src/components/admin/cms/PreviewDeviceFrame.tsx|src/components/blog/BlogSectionBody.tsx|src/components/ui/native-select.tsx|src/editorial/preview/samples.ts|src/editorial/registry/definitions.ts|src/types/blog-content-blocks.ts","cms","","","","","admin","2","static_source","unknown_db_down"
"5b78270d2eead762","/admin/feature-flags","page","src/app/admin/feature-flags/page.tsx","src/components/admin/views/FeatureFlagsView.tsx","src/components/admin/AdminSidebar.tsx|src/components/admin/CapabilityGate.tsx|src/components/feedback/InlineFeedback.tsx|src/components/ui/button.tsx|src/components/ui/form-field.tsx|src/components/ui/input.tsx|src/components/ui/textarea.tsx|src/hooks/useAdminApi.ts|src/lib/admin/draft-preservation.ts|src/lib/cabinet-ui.ts|src/types/database.ts","external_http","","","","/api/admin/feature-flags","admin","2","static_source","unknown_db_down"
"6d04cc3542cd18d0","/admin/ingestion","page","src/app/admin/ingestion/page.tsx","src/components/admin/ingestion/IngestionOverviewView.tsx","src/components/admin/AdminSidebar.tsx|src/components/admin/CapabilityGate.tsx|src/components/admin/ingestion/IngestionTabs.tsx|src/components/ui/button.tsx|src/hooks/useAdminApi.ts|src/lib/cabinet-ui.ts|src/types/ingestion.ts","external_http","","","","","admin|rate_limit","2","static_source","unknown_db_down"
"fd5ad30475058de0","/admin/ingestion/moderation","page","src/app/admin/ingestion/moderation/page.tsx","src/components/admin/ingestion/IngestionModerationView.tsx","src/components/admin/AdminSidebar.tsx|src/components/admin/CapabilityGate.tsx|src/components/admin/ingestion/IngestionProposalReview.tsx|src/components/admin/ingestion/IngestionProvenance.tsx|src/components/admin/ingestion/IngestionTabs.tsx|src/components/ui/button.tsx|src/components/ui/native-select.tsx|src/components/ui/textarea.tsx|src/hooks/useAdminApi.ts|src/lib/cabinet-ui.ts","external_http","","","","","admin","2","static_source","unknown_db_down"
"1dbdc7091d65d537","/admin/ingestion/prompts","page","src/app/admin/ingestion/prompts/page.tsx","src/components/admin/ingestion/IngestionPromptsView.tsx","src/components/admin/AdminSidebar.tsx|src/components/admin/CapabilityGate.tsx|src/components/admin/ingestion/IngestionTabs.tsx|src/components/ui/button.tsx|src/components/ui/input.tsx|src/components/ui/textarea.tsx|src/hooks/useAdminApi.ts|src/lib/cabinet-ui.ts","external_http","","","","/api/admin/ingestion/prompts","admin","2","static_source","unknown_db_down"
"4eee45a3c2d2d550","/admin/ingestion/runs","page","src/app/admin/ingestion/runs/page.tsx","src/components/admin/ingestion/IngestionRunsView.tsx","src/components/admin/AdminSidebar.tsx|src/components/admin/CapabilityGate.tsx|src/components/admin/ingestion/IngestionTabs.tsx|src/components/ui/button.tsx|src/hooks/useAdminApi.ts|src/lib/cabinet-ui.ts|src/types/database.ts","external_http","","","","","admin","2","static_source","unknown_db_down"
"37ca452c8da0444a","/admin/ingestion/sources","page","src/app/admin/ingestion/sources/page.tsx","src/components/admin/ingestion/IngestionSourcesView.tsx","src/components/admin/AdminSidebar.tsx|src/components/admin/CapabilityGate.tsx|src/components/admin/ingestion/IngestionTabs.tsx|src/components/ui/button.tsx|src/components/ui/input.tsx|src/components/ui/native-select.tsx|src/hooks/useAdminApi.ts|src/lib/cabinet-ui.ts|src/types/ingestion.ts","external_http","","","","","admin|rate_limit","2","static_source","unknown_db_down"
"5897d29172219436","/admin/ingestion/sources/[id]","page","src/app/admin/ingestion/sources/[id]/page.tsx","src/components/admin/ingestion/IngestionSourceDetailView.tsx","src/components/admin/AdminSidebar.tsx|src/components/admin/CapabilityGate.tsx|src/components/admin/ingestion/IngestionSourcesView.tsx|src/components/admin/ingestion/IngestionTabs.tsx|src/components/ui/button.tsx|src/components/ui/input.tsx|src/components/ui/native-select.tsx|src/components/ui/textarea.tsx|src/context/AdminContext.tsx|src/hooks/useAdminApi.ts|src/lib/cabinet-ui.ts|src/types/ingestion.ts","external_http","","","","/api/admin/session","admin|admin|rate_limit|rate_limit","2","static_source","unknown_db_down"
"97cc6c1a39d31146","/admin/leads","page","src/app/admin/leads/page.tsx","","","none_detected","","","","","admin","2","static_source","unknown_db_down"
"ff6b2ff5d40e4f7e","/admin/marketing/content-factory","page","src/app/admin/marketing/content-factory/page.tsx","src/components/admin/views/ContentFactoryView.tsx","src/components/admin/AdminSidebar.tsx|src/components/admin/CapabilityGate.tsx|src/components/feedback/InlineFeedback.tsx|src/components/ui/button.tsx|src/components/ui/input.tsx|src/components/ui/native-select.tsx|src/components/ui/textarea.tsx|src/hooks/useAdminApi.ts|src/lib/cabinet-ui.ts|src/lib/content-factory/types.ts","external_http","","","","/api/admin/content-factory","admin","2","static_source","unknown_db_down"
"015d00c3e38e4c74","/admin/marketing/email-templates","page","src/app/admin/marketing/email-templates/page.tsx","src/components/admin/views/AdminEmailTemplatesView.tsx","src/components/admin/AdminSidebar.tsx|src/components/admin/CapabilityGate.tsx|src/components/feedback/InlineFeedback.tsx|src/components/ui/button.tsx|src/components/ui/input.tsx|src/components/ui/native-select.tsx|src/components/ui/textarea.tsx|src/hooks/useAdminApi.ts|src/lib/cabinet-ui.ts|src/lib/notifications/email-template-contract.ts","external_http","","","","/api/admin/email-templates","admin|admin|organizer","2","static_source","unknown_db_down"
"53962f5adef11df1","/admin/marketing/search-visibility","page","src/app/admin/marketing/search-visibility/page.tsx","src/components/admin/views/SearchVisibilityView.tsx","src/components/admin/AdminSidebar.tsx|src/components/admin/CapabilityGate.tsx|src/components/feedback/InlineFeedback.tsx|src/components/ui/button.tsx|src/components/ui/input.tsx|src/components/ui/textarea.tsx|src/data/seo-query-clusters.ts|src/hooks/useAdminApi.ts|src/lib/cabinet-ui.ts|src/lib/seo/cluster-coverage.ts|src/lib/seo/search-visibility-types.ts","static_data|external_http","","","","/api/admin/seo/search-visibility","admin","2","static_source","unknown_db_down"
"305887a350929b88","/admin/marketplace/apartments","page","src/app/admin/marketplace/apartments/page.tsx","src/components/apartments/ApartmentManagerView.tsx","src/components/admin/CmsMediaPathField.tsx|src/components/apartments/ApartmentInquiryInbox.tsx|src/components/feedback/InlineFeedback.tsx|src/components/ui/button.tsx|src/components/ui/empty-state.tsx|src/components/ui/form-field.tsx|src/components/ui/input.tsx|src/components/ui/native-select.tsx|src/components/ui/textarea.tsx|src/lib/cabinet-ui.ts|src/lib/cn.ts|src/types/apartments.ts","external_http","","","","","admin|admin|organizer","2","static_source","unknown_db_down"
"4a29f92399ceb043","/admin/marketplace/excursions","page","src/app/admin/marketplace/excursions/page.tsx","src/components/admin/views/ExcursionsView.tsx","src/components/admin/AdminSidebar.tsx|src/components/admin/AdminTrendChart.tsx|src/components/admin/CapabilityGate.tsx|src/components/ui/button.tsx|src/components/ui/native-select.tsx|src/hooks/useAdminApi.ts|src/lib/admin/format.ts|src/lib/cabinet-ui.ts|src/lib/youtravel/affise-snapshots.ts","youtravel|external_http","","","","","admin","2","static_source","unknown_db_down"
"77eca3960b6cb8c0","/admin/marketplace/experts","page","src/app/admin/marketplace/experts/page.tsx","src/components/admin/views/MarketplaceExpertsView.tsx","src/components/admin/AdminSidebar.tsx|src/components/admin/CapabilityGate.tsx|src/components/ui/button.tsx|src/components/ui/empty-state.tsx|src/components/ui/skeleton.tsx|src/hooks/useAdminApi.ts|src/lib/admin/format.ts|src/lib/cabinet-ui.ts|src/types/local-experts.ts","external_http","","","","/api/admin/experts","admin","2","static_source","unknown_db_down"
"3d2df11917bf533a","/admin/marketplace/mobility","page","src/app/admin/marketplace/mobility/page.tsx","src/components/mobility/MobilityInventoryWorkspace.tsx","src/components/feedback/InlineFeedback.tsx|src/components/mobility/MobilityRequestInbox.tsx|src/components/ui/button.tsx|src/components/ui/empty-state.tsx|src/components/ui/form-field.tsx|src/components/ui/input.tsx|src/components/ui/native-select.tsx|src/components/ui/textarea.tsx|src/lib/cabinet-ui.ts|src/lib/cn.ts|src/types/mobility.ts","external_http","","","","/api/organizer/mobility/documents","admin|organizer","2","static_source","unknown_db_down"
"74d75b33f91a05c4","/admin/marketplace/moderation","page","src/app/admin/marketplace/moderation/page.tsx","src/components/admin/views/ModerationView.tsx","src/components/admin/AdminSidebar.tsx|src/components/admin/AdminStatusChip.tsx|src/components/admin/CapabilityGate.tsx|src/components/feedback/InlineFeedback.tsx|src/components/ui/button.tsx|src/components/ui/empty-state.tsx|src/components/ui/skeleton.tsx|src/hooks/useAdminApi.ts|src/lib/admin/format.ts|src/lib/admin/moderation-server.ts|src/lib/cabinet-ui.ts","supabase|external_http","content_documents|forum_post_reports|forum_posts|moderation_queue|profiles|review_reports|tourist_reviews|tours","admin_resolve_moderation_item_atomic","","","admin","2","static_source","unknown_db_down"
"25c396518a2e1cf4","/admin/marketplace/organizers","page","src/app/admin/marketplace/organizers/page.tsx","src/components/admin/views/MarketplaceOrganizersView.tsx","src/components/admin/AdminSidebar.tsx|src/components/admin/CapabilityGate.tsx|src/components/ui/button.tsx|src/components/ui/empty-state.tsx|src/components/ui/skeleton.tsx|src/hooks/useAdminApi.ts|src/lib/admin/format.ts|src/lib/cabinet-ui.ts","external_http","","","","","admin|admin|organizer","2","static_source","unknown_db_down"
"df6513ab9c5af81a","/admin/marketplace/tours","page","src/app/admin/marketplace/tours/page.tsx","src/components/admin/views/ToursView.tsx","src/components/admin/AdminSidebar.tsx|src/components/admin/CapabilityGate.tsx|src/components/ui/button.tsx|src/components/ui/empty-state.tsx|src/components/ui/skeleton.tsx|src/context/AdminContext.tsx|src/hooks/useAdminApi.ts|src/lib/admin/format.ts|src/lib/cabinet-ui.ts","external_http","","","","/api/admin/session","admin","2","static_source","unknown_db_down"
"7136c1df3cbe511d","/admin/media","page","src/app/admin/media/page.tsx","src/components/admin/views/MediaLibraryView.tsx","src/components/admin/AdminSidebar.tsx|src/components/admin/CapabilityGate.tsx|src/components/admin/MediaLightbox.tsx|src/components/admin/MediaUploadDropzone.tsx|src/components/ui/button.tsx|src/components/ui/native-select.tsx|src/components/ui/safe-image.tsx|src/hooks/useAdminApi.ts|src/lib/cabinet-ui.ts|src/lib/media-resolver.ts|src/types/media-asset.ts","static_data|external_http","","","","/api/admin/media","admin","2","static_source","unknown_db_down"
"90d5a67fcdbc906d","/admin/modules","page","src/app/admin/modules/page.tsx","src/components/admin/views/ModulesView.tsx","src/components/admin/AdminSidebar.tsx|src/components/admin/CapabilityGate.tsx|src/components/feedback/InlineFeedback.tsx|src/components/ui/button.tsx|src/components/ui/switch.tsx|src/hooks/useAdminApi.ts|src/hooks/useUnsavedChangesGuard.ts|src/lib/cabinet-ui.ts|src/lib/cn.ts|src/lib/modules/registry.ts|src/types/site-globals.ts","external_http","","","","/api/admin/settings","admin","2","static_source","unknown_db_down"
"f37f1b099d802a74","/admin/operations","page","src/app/admin/operations/page.tsx","src/components/admin/views/OperationsCommandView.tsx","src/components/admin/AdminSidebar.tsx|src/components/admin/CapabilityGate.tsx|src/components/ui/button.tsx|src/hooks/useAdminApi.ts|src/lib/admin/format.ts|src/lib/cabinet-ui.ts|src/types/admin.ts","external_http","","","","","admin|admin|organizer","2","static_source","unknown_db_down"
"82e1e4109801dfaa","/admin/operations/bookings","page","src/app/admin/operations/bookings/page.tsx","src/components/admin/views/BookingsView.tsx","src/components/FormattedPrice.tsx|src/components/admin/AdminSidebar.tsx|src/components/admin/AdminTableState.tsx|src/components/admin/CapabilityGate.tsx|src/components/booking/BookingLedgerAmount.tsx|src/components/booking/BookingPaymentStatusBadge.tsx|src/components/booking/BookingStatusBadge.tsx|src/components/ui/button.tsx|src/components/ui/input.tsx|src/components/ui/native-select.tsx|src/components/ui/table.tsx|src/data/booking-statuses.ts|src/hooks/useAdminApi.ts|src/lib/admin/bookings-server.ts|src/lib/admin/format.ts|src/lib/booking-params.ts|src/lib/cabinet-ui.ts|src/types/booking-params.ts|src/types/tourist.ts","supabase|static_data|external_http","bookings","admin_transition_booking_atomic","","","admin|cron_secret","2","static_source","unknown_db_down"
"19bb60bb9f6071d9","/admin/operations/communications-commerce","page","src/app/admin/operations/communications-commerce/page.tsx","src/components/admin/views/AdminCommunicationsCommerceView.tsx|src/lib/admin/communications-commerce-readiness.ts","src/components/admin/AdminSidebar.tsx|src/components/admin/CapabilityGate.tsx|src/lib/cabinet-ui.ts","none_detected","","","","","admin","2","static_source","unknown_db_down"
"109623dda1a66cae","/admin/operations/email","page","src/app/admin/operations/email/page.tsx","src/components/admin/views/AdminEmailQueueView.tsx","src/components/admin/AdminSidebar.tsx|src/components/admin/CapabilityGate.tsx|src/components/feedback/InlineFeedback.tsx|src/components/ui/button.tsx|src/components/ui/native-select.tsx|src/hooks/useAdminApi.ts|src/lib/admin/format.ts|src/lib/cabinet-ui.ts","external_http","","","","/api/admin/ops/email-outbox","admin","2","static_source","unknown_db_down"
"9a1946917cc159f2","/admin/operations/leads","page","src/app/admin/operations/leads/page.tsx","src/components/admin/views/LeadsView.tsx","src/components/admin/AdminSidebar.tsx|src/components/admin/CapabilityGate.tsx|src/components/ui/button.tsx|src/components/ui/input.tsx|src/components/ui/native-select.tsx|src/hooks/useAdminApi.ts|src/lib/admin/format.ts|src/lib/admin/lead-crm.ts|src/lib/cabinet-ui.ts|src/types/database.ts","external_http","","","","/api/admin/leads","admin","2","static_source","unknown_db_down"
"67fe7ad2e550be11","/admin/operations/payments","page","src/app/admin/operations/payments/page.tsx","src/components/admin/views/AdminPaymentsView.tsx","src/components/FormattedPrice.tsx|src/components/admin/AdminSidebar.tsx|src/components/admin/AdminTableState.tsx|src/components/admin/CapabilityGate.tsx|src/components/admin/views/AdminPaymentLedgerView.tsx|src/components/admin/views/AdminPayoutsView.tsx|src/components/admin/views/AdminReconciliationView.tsx|src/components/booking/BookingPaymentStatusBadge.tsx|src/components/ui/native-select.tsx|src/hooks/useAdminApi.ts|src/lib/cabinet-ui.ts|src/lib/cn.ts|src/types/admin-analytics.ts|src/types/admin-payments.ts|src/types/booking-params.ts","static_data|external_http","","","","/api/admin/payments/payouts|/api/admin/payments/refund","admin","2","static_source","unknown_db_down"
"e4d2755dfb5fe8c5","/admin/operations/privacy-requests","page","src/app/admin/operations/privacy-requests/page.tsx","src/components/admin/views/PrivacyRequestsView.tsx","src/components/admin/AdminSidebar.tsx|src/components/admin/CapabilityGate.tsx|src/components/ui/button.tsx|src/hooks/useAdminApi.ts|src/lib/admin/format.ts|src/lib/cabinet-ui.ts|src/types/privacy.ts","external_http","","","","/api/admin/privacy-requests","admin","2","static_source","unknown_db_down"
"46c7c97e66d4cd01","/admin/operations/reconciliation","page","src/app/admin/operations/reconciliation/page.tsx","src/components/admin/views/AdminPaymentsView.tsx","src/components/FormattedPrice.tsx|src/components/admin/AdminSidebar.tsx|src/components/admin/AdminTableState.tsx|src/components/admin/CapabilityGate.tsx|src/components/admin/views/AdminPaymentLedgerView.tsx|src/components/admin/views/AdminPayoutsView.tsx|src/components/admin/views/AdminReconciliationView.tsx|src/components/booking/BookingPaymentStatusBadge.tsx|src/components/ui/native-select.tsx|src/hooks/useAdminApi.ts|src/lib/cabinet-ui.ts|src/lib/cn.ts|src/types/admin-analytics.ts|src/types/admin-payments.ts|src/types/booking-params.ts","static_data|external_http","","","","/api/admin/payments/payouts|/api/admin/payments/refund","admin","2","static_source","unknown_db_down"
"cd2c5eda484f2589","/admin/operations/shop-orders","page","src/app/admin/operations/shop-orders/page.tsx","src/components/admin/views/ShopOrdersView.tsx","src/components/admin/AdminSidebar.tsx|src/components/admin/CapabilityGate.tsx|src/components/ui/button.tsx|src/components/ui/empty-state.tsx|src/components/ui/input.tsx|src/components/ui/native-select.tsx|src/components/ui/skeleton.tsx|src/hooks/useAdminApi.ts|src/lib/admin/format.ts|src/lib/cabinet-ui.ts|src/types/shop-order.ts","external_http","","","","","admin","2","static_source","unknown_db_down"
"c895c9f1bf310a0a","/admin/operations/waitlist","page","src/app/admin/operations/waitlist/page.tsx","src/components/admin/views/AdminWaitlistView.tsx","src/components/admin/AdminSidebar.tsx|src/components/admin/CapabilityGate.tsx|src/components/feedback/InlineFeedback.tsx|src/components/ui/button.tsx|src/components/ui/native-select.tsx|src/hooks/useAdminApi.ts|src/lib/admin/format.ts|src/lib/cabinet-ui.ts","external_http","","","","","admin","2","static_source","unknown_db_down"
"f9665efe13d2c776","/admin/system/api-keys","page","src/app/admin/system/api-keys/page.tsx","src/components/admin/views/AdminApiKeysView.tsx","src/components/admin/AdminSidebar.tsx|src/components/admin/CapabilityGate.tsx|src/components/ui/button.tsx|src/components/ui/input.tsx|src/hooks/useAdminApi.ts|src/lib/cabinet-ui.ts|src/types/public-api.ts","external_http","","","","/api/admin/api-keys","admin|admin|rate_limit|rate_limit","2","static_source","unknown_db_down"
"e9e007ec86e559d2","/admin/system/audit","page","src/app/admin/system/audit/page.tsx","src/components/admin/views/AuditLogView.tsx","src/components/admin/AdminSidebar.tsx|src/components/admin/CapabilityGate.tsx|src/components/ui/button.tsx|src/hooks/useAdminApi.ts|src/lib/admin/format.ts|src/lib/cabinet-ui.ts","external_http","","","","","admin","2","static_source","unknown_db_down"
"a795f67141e6bab6","/admin/system/commercial-plans","page","src/app/admin/system/commercial-plans/page.tsx","src/components/admin/views/CommercialPlansView.tsx","src/components/admin/AdminSidebar.tsx|src/components/admin/CapabilityGate.tsx|src/components/ui/button.tsx|src/components/ui/input.tsx|src/components/ui/native-select.tsx|src/lib/cabinet-ui.ts|src/types/commercial-entitlements.ts","external_http","","","","/api/admin/commercial/plans|/api/admin/commercial/subscriptions|/api/admin/users?role=organizer&status=active","admin","2","static_source","unknown_db_down"
"2dcddda736c74db8","/admin/system/redirects","page","src/app/admin/system/redirects/page.tsx","src/components/admin/views/RedirectsView.tsx","src/components/admin/AdminSidebar.tsx|src/components/admin/CapabilityGate.tsx|src/components/ui/button.tsx|src/components/ui/input.tsx|src/components/ui/native-select.tsx|src/hooks/useAdminApi.ts|src/lib/cabinet-ui.ts|src/types/url-redirect.ts","external_http","","","","/api/admin/redirects","admin","2","static_source","unknown_db_down"
"945b7746410d5860","/admin/system/settings","page","src/app/admin/system/settings/page.tsx","src/components/admin/views/SettingsView.tsx","src/components/admin/AdminSidebar.tsx|src/components/admin/AnalyticsReadinessPanel.tsx|src/components/admin/CapabilityGate.tsx|src/components/admin/CmsCutoverPanel.tsx|src/components/admin/CutoverChecklistPanel.tsx|src/components/admin/ProductionReadinessPanel.tsx|src/components/admin/cms/CmsOpsPanel.tsx|src/components/admin/cms/CommunicationsSettingsPreview.tsx|src/components/admin/cms/IntegrationReadinessPanel.tsx|src/components/admin/cms/MaintenancePreviewPanel.tsx|src/components/admin/cms/PartnerFeedHealthPanel.tsx|src/components/admin/cms/SiteCompositionPreview.tsx|src/components/admin/cms/SiteDesignPreview.tsx|src/components/admin/cms/SiteGlobalsSeoPreview.tsx|src/components/admin/cms/SiteNavigationPreview.tsx|src/components/admin/cms/TravelModulesPreview.tsx|src/components/admin/site-globals/SiteGlobalForm.tsx|src/components/feedback/InlineFeedback.tsx|src/components/settings/ThemeSettingsSection.tsx|src/components/ui/button.tsx|src/components/ui/native-select.tsx|src/hooks/useAdminApi.ts|src/hooks/useUnsavedChangesGuard.ts|src/lib/admin/draft-preservation.ts|src/lib/cabinet-ui.ts|src/lib/cms/cms-ops.ts|src/lib/cms/site-globals/registry.ts|src/lib/integrations/admin-readiness.ts|src/lib/ops/analytics-readiness-types.ts|src/lib/ops/ops-status.ts|src/lib/ops/production-readiness-types.ts|src/lib/search/search-ops-types.ts|src/types/site-globals.ts","supabase|cms|external_http|filesystem","cms_media_assets|content_documents|ops_cron_runs","","","/api/admin/cms/cutover-enable|/api/admin/cms/cutover-status|/api/admin/integrations/verify|/api/admin/media|/api/admin/search/reindex|/api/admin/settings|/api/health/partners","admin|admin|organizer|admin|rate_limit","2","static_source","unknown_db_down"
"0bad501eab070e05","/admin/system/staff","page","src/app/admin/system/staff/page.tsx","src/components/admin/views/StaffView.tsx","src/components/admin/AdminSidebar.tsx|src/components/admin/CapabilityGate.tsx|src/components/feedback/InlineFeedback.tsx|src/components/ui/button.tsx|src/components/ui/form-field.tsx|src/components/ui/input.tsx|src/components/ui/native-select.tsx|src/hooks/useAdminApi.ts|src/lib/admin/format.ts|src/lib/cabinet-ui.ts|src/types/admin.ts","external_http","","","","/api/admin/staff","admin","2","static_source","unknown_db_down"
"a181c5f78259bda8","/admin/users","page","src/app/admin/users/page.tsx","src/components/admin/views/UsersView.tsx","src/components/admin/AdminSidebar.tsx|src/components/admin/CapabilityGate.tsx|src/components/ui/button.tsx|src/components/ui/input.tsx|src/components/ui/native-select.tsx|src/context/AdminContext.tsx|src/hooks/useAdminApi.ts|src/lib/admin/format.ts|src/lib/admin/user-identity-management.ts|src/lib/cabinet-ui.ts|src/lib/cn.ts|src/types/database.ts","external_http","","","","/api/admin/session","admin","2","static_source","unknown_db_down"
"6891166886eb5153","/apartments","page","src/app/apartments/page.tsx","src/components/seo/JsonLdScript.tsx|src/components/ui/safe-image.tsx|src/lib/apartments/apartment-repository-server.ts|src/lib/market-context.ts|src/lib/page-metadata.ts|src/lib/schema-json-ld.ts|src/lib/site-settings-server.ts|src/lib/site-url.ts","src/components/ui/image-placeholder.tsx|src/lib/cms/site-globals/locale-resolve.ts|src/lib/cms/site-globals/normalize.ts|src/lib/cn.ts|src/lib/i18n/config.ts|src/lib/media-blur.ts|src/lib/media/partner-image-proxy.ts|src/lib/site-brand.ts|src/lib/site-settings-edge.ts|src/lib/supabase/admin.ts|src/types/apartments.ts|src/types/database.ts|src/types/site-globals.ts","supabase|cms|static_data|external_http","apartment_listings|site_settings","apartment_save_draft","","","admin|cron_secret","2","static_source","unknown_db_down"
"d5ffc93e031df517","/apartments/[slug]","page","src/app/apartments/[slug]/page.tsx","src/components/apartments/ApartmentInquiryForm.tsx|src/components/seo/JsonLdScript.tsx|src/components/ui/safe-image.tsx|src/lib/apartments/apartment-repository-server.ts|src/lib/market-context.ts|src/lib/page-metadata.ts|src/lib/schema-json-ld.ts|src/lib/site-settings-server.ts|src/lib/site-url.ts","src/components/forms/TurnstileField.tsx|src/components/ui/image-placeholder.tsx|src/lib/cms/site-globals/locale-resolve.ts|src/lib/cms/site-globals/normalize.ts|src/lib/cn.ts|src/lib/i18n/config.ts|src/lib/media-blur.ts|src/lib/media/partner-image-proxy.ts|src/lib/site-brand.ts|src/lib/site-settings-edge.ts|src/lib/supabase/admin.ts|src/types/apartments.ts|src/types/database.ts|src/types/site-globals.ts","supabase|cms|static_data|external_http","apartment_listings|site_settings","apartment_save_draft","","","admin|cron_secret","2","static_source","unknown_db_down"
"053cccaa95e364da","/api/acceptance/environment","route_handler","src/app/api/acceptance/environment/route.ts","src/lib/staging-acceptance/remote-environment.ts","src/lib/staging-acceptance/environment.ts","supabase|filesystem","","","","","none_detected","2","static_source","unknown_db_down"
"8ddf0eaf9a8ab5aa","/api/admin/analytics","route_handler","src/app/api/admin/analytics/route.ts","src/lib/admin/analytics-period.ts|src/lib/admin/analytics-server.ts|src/lib/admin/authorize-request.ts|src/lib/supabase/admin.ts","src/lib/admin/capabilities.ts|src/lib/admin/content-inventory.ts|src/lib/admin/staff.ts|src/lib/attribution/attribution-server.ts|src/lib/monitoring/sentry.ts|src/lib/security/browser-mutation-origin.ts|src/lib/supabase-auth-provider.ts|src/lib/supabase/env.ts|src/lib/supabase/server.ts|src/types/admin-analytics.ts|src/types/admin.ts|src/types/database.ts","supabase|static_data|external_http","admin_role_presets|admin_staff|booking_attribution|bookings|contact_submissions|moderation_queue|profiles|shop_orders|tripster_experiences","","","/api/auth/ensure-profile|/api/auth/register|/api/auth/request-password-reset|/api/auth/sign-in-phone","admin|admin|cron_secret|organizer|authenticated","2","static_source","unknown_db_down"
"c97ac96e5f7e1a8f","/api/admin/analytics/export","route_handler","src/app/api/admin/analytics/export/route.ts","src/lib/admin/analytics-export-server.ts|src/lib/admin/analytics-period.ts|src/lib/admin/authorize-request.ts|src/lib/supabase/admin.ts","src/lib/admin/capabilities.ts|src/lib/admin/staff.ts|src/lib/monitoring/sentry.ts|src/lib/security/browser-mutation-origin.ts|src/lib/supabase-auth-provider.ts|src/lib/supabase/env.ts|src/lib/supabase/server.ts|src/types/admin-analytics.ts|src/types/admin.ts|src/types/database.ts","supabase|external_http","admin_role_presets|admin_staff|bookings|payment_transactions|profiles|tourist_reviews","","","/api/auth/ensure-profile|/api/auth/register|/api/auth/request-password-reset|/api/auth/sign-in-phone","admin|admin|cron_secret|organizer|authenticated","2","static_source","unknown_db_down"
"ccd97c6a9b8662b9","/api/admin/analytics/funnels","route_handler","src/app/api/admin/analytics/funnels/route.ts","src/lib/admin/analytics-period.ts|src/lib/admin/authorize-request.ts|src/lib/admin/funnels-server.ts|src/lib/supabase/admin.ts","src/lib/admin/capabilities.ts|src/lib/admin/staff.ts|src/lib/analytics/funnel-data-status.ts|src/lib/monitoring/sentry.ts|src/lib/security/browser-mutation-origin.ts|src/lib/supabase-auth-provider.ts|src/lib/supabase/env.ts|src/lib/supabase/server.ts|src/types/admin-analytics.ts|src/types/admin.ts|src/types/database.ts","supabase|external_http","admin_role_presets|admin_staff|analytics_events|profiles","admin_analytics_booking_cohorts|admin_analytics_funnel_counts","","/api/auth/ensure-profile|/api/auth/register|/api/auth/request-password-reset|/api/auth/sign-in-phone","admin|admin|cron_secret|organizer|authenticated","2","static_source","unknown_db_down"
"bc9ee0817c67e3cf","/api/admin/apartments","route_handler","src/app/api/admin/apartments/route.ts","src/lib/admin/authorize-request.ts|src/lib/apartments/apartment-auth-server.ts|src/lib/apartments/apartment-repository-server.ts|src/lib/apartments/apartment-validation.ts|src/lib/supabase/admin.ts","src/lib/admin/capabilities.ts|src/lib/admin/staff.ts|src/lib/commercial/entitlement-resolver-server.ts|src/lib/monitoring/sentry.ts|src/lib/security/browser-mutation-origin.ts|src/lib/supabase-auth-provider.ts|src/lib/supabase/env.ts|src/lib/supabase/server.ts|src/types/admin.ts|src/types/apartments.ts|src/types/database.ts|src/types/user.ts","supabase|external_http","admin_role_presets|admin_staff|apartment_listings|commercial_adapters|commercial_entitlement_definitions|commercial_plan_entitlements|commercial_plans|organizer_commercial_subscriptions|organizer_entitlement_overrides|profiles","apartment_save_draft","","/api/auth/ensure-profile|/api/auth/register|/api/auth/request-password-reset|/api/auth/sign-in-phone","admin|admin|cron_secret|organizer|authenticated","2","static_source","unknown_db_down"
"0b8e07104cb79dbe","/api/admin/apartments/[id]","route_handler","src/app/api/admin/apartments/[id]/route.ts","src/lib/admin/authorize-request.ts|src/lib/apartments/apartment-auth-server.ts|src/lib/apartments/apartment-repository-server.ts|src/lib/apartments/apartment-validation.ts","src/lib/admin/capabilities.ts|src/lib/admin/staff.ts|src/lib/commercial/entitlement-resolver-server.ts|src/lib/monitoring/sentry.ts|src/lib/security/browser-mutation-origin.ts|src/lib/supabase-auth-provider.ts|src/lib/supabase/admin.ts|src/lib/supabase/env.ts|src/lib/supabase/server.ts|src/types/admin.ts|src/types/apartments.ts|src/types/user.ts","supabase|external_http","admin_role_presets|admin_staff|apartment_listings|commercial_adapters|commercial_entitlement_definitions|commercial_plan_entitlements|commercial_plans|organizer_commercial_subscriptions|organizer_entitlement_overrides|profiles","apartment_save_draft","","/api/auth/ensure-profile|/api/auth/register|/api/auth/request-password-reset|/api/auth/sign-in-phone","admin|admin|cron_secret|organizer|authenticated","2","static_source","unknown_db_down"
"0945ceb296c643cf","/api/admin/apartments/[id]/moderate","route_handler","src/app/api/admin/apartments/[id]/moderate/route.ts","src/lib/admin/authorize-request.ts|src/lib/apartments/apartment-validation.ts|src/lib/supabase/admin.ts","src/lib/admin/capabilities.ts|src/lib/admin/staff.ts|src/lib/monitoring/sentry.ts|src/lib/security/browser-mutation-origin.ts|src/lib/supabase-auth-provider.ts|src/lib/supabase/env.ts|src/lib/supabase/server.ts|src/types/admin.ts|src/types/apartments.ts|src/types/database.ts","supabase|external_http","admin_role_presets|admin_staff|profiles","apartment_moderate","","/api/auth/ensure-profile|/api/auth/register|/api/auth/request-password-reset|/api/auth/sign-in-phone","admin|admin|cron_secret|organizer|authenticated","2","static_source","unknown_db_down"
"a1cbe976d500caaf","/api/admin/apartments/inquiries","route_handler","src/app/api/admin/apartments/inquiries/route.ts","src/lib/admin/authorize-request.ts|src/lib/apartments/apartment-inquiry-operations-server.ts","src/lib/admin/capabilities.ts|src/lib/admin/staff.ts|src/lib/monitoring/sentry.ts|src/lib/security/browser-mutation-origin.ts|src/lib/supabase-auth-provider.ts|src/lib/supabase/admin.ts|src/lib/supabase/env.ts|src/lib/supabase/server.ts|src/types/admin.ts|src/types/apartments.ts","supabase|external_http","admin_role_presets|admin_staff|apartment_inquiries|profiles","apartment_transition_inquiry","","/api/auth/ensure-profile|/api/auth/register|/api/auth/request-password-reset|/api/auth/sign-in-phone","admin|admin|cron_secret|organizer|authenticated","2","static_source","unknown_db_down"
"c155ff5c95fe6573","/api/admin/apartments/inquiries/[id]","route_handler","src/app/api/admin/apartments/inquiries/[id]/route.ts","src/lib/admin/authorize-request.ts|src/lib/apartments/apartment-inquiry-operations-server.ts|src/lib/apartments/apartment-validation.ts","src/lib/admin/capabilities.ts|src/lib/admin/staff.ts|src/lib/monitoring/sentry.ts|src/lib/security/browser-mutation-origin.ts|src/lib/supabase-auth-provider.ts|src/lib/supabase/admin.ts|src/lib/supabase/env.ts|src/lib/supabase/server.ts|src/types/admin.ts|src/types/apartments.ts","supabase|external_http","admin_role_presets|admin_staff|apartment_inquiries|profiles","apartment_transition_inquiry","","/api/auth/ensure-profile|/api/auth/register|/api/auth/request-password-reset|/api/auth/sign-in-phone","admin|admin|cron_secret|organizer|authenticated","2","static_source","unknown_db_down"
"287bea9214a4ca86","/api/admin/api-keys","route_handler","src/app/api/admin/api-keys/route.ts","src/lib/admin/audit.ts|src/lib/admin/authorize-request.ts|src/lib/public-api/api-key-mapper.ts|src/lib/public-api/keys.ts|src/lib/public-api/usage-log.ts|src/lib/supabase/admin.ts","src/lib/admin/capabilities.ts|src/lib/admin/staff.ts|src/lib/monitoring/sentry.ts|src/lib/security/browser-mutation-origin.ts|src/lib/supabase-auth-provider.ts|src/lib/supabase/env.ts|src/lib/supabase/server.ts|src/types/admin.ts|src/types/database.ts|src/types/public-api.ts","supabase|external_http","admin_audit_log|admin_role_presets|admin_staff|api_key_usage_log|api_keys|profiles","","","/api/auth/ensure-profile|/api/auth/register|/api/auth/request-password-reset|/api/auth/sign-in-phone","admin|admin|cron_secret|admin|rate_limit|organizer|authenticated|rate_limit","2","static_source","unknown_db_down"
"cae4b8a0a16681c3","/api/admin/api-keys/[id]","route_handler","src/app/api/admin/api-keys/[id]/route.ts","src/lib/admin/audit.ts|src/lib/admin/authorize-request.ts|src/lib/supabase/admin.ts","src/lib/admin/capabilities.ts|src/lib/admin/staff.ts|src/lib/monitoring/sentry.ts|src/lib/security/browser-mutation-origin.ts|src/lib/supabase-auth-provider.ts|src/lib/supabase/env.ts|src/lib/supabase/server.ts|src/types/admin.ts|src/types/database.ts","supabase|external_http","admin_audit_log|admin_role_presets|admin_staff|api_keys|profiles","","","/api/auth/ensure-profile|/api/auth/register|/api/auth/request-password-reset|/api/auth/sign-in-phone","admin|admin|cron_secret|organizer|authenticated","2","static_source","unknown_db_down"
"1738a84a8da75613","/api/admin/audit","route_handler","src/app/api/admin/audit/route.ts","src/lib/admin/authorize-request.ts|src/lib/supabase/admin.ts","src/lib/admin/capabilities.ts|src/lib/admin/staff.ts|src/lib/monitoring/sentry.ts|src/lib/security/browser-mutation-origin.ts|src/lib/supabase-auth-provider.ts|src/lib/supabase/env.ts|src/lib/supabase/server.ts|src/types/admin.ts|src/types/database.ts","supabase|external_http","admin_audit_log|admin_role_presets|admin_staff|profiles","","","/api/auth/ensure-profile|/api/auth/register|/api/auth/request-password-reset|/api/auth/sign-in-phone","admin|admin|cron_secret|organizer|authenticated","2","static_source","unknown_db_down"
"330c7d2586d1a8e0","/api/admin/bookings","route_handler","src/app/api/admin/bookings/route.ts","src/lib/admin/authorize-request.ts|src/lib/admin/bookings-server.ts|src/lib/supabase/admin.ts","src/lib/admin/capabilities.ts|src/lib/admin/staff.ts|src/lib/bookings-db-mapper.ts|src/lib/bookings-store.ts|src/lib/monitoring/sentry.ts|src/lib/security/browser-mutation-origin.ts|src/lib/supabase-auth-provider.ts|src/lib/supabase/env.ts|src/lib/supabase/server.ts|src/types/admin.ts|src/types/booking-attribution.ts|src/types/database.ts|src/types/tourist.ts","supabase|external_http","admin_role_presets|admin_staff|bookings|profiles","admin_transition_booking_atomic","","/api/auth/ensure-profile|/api/auth/register|/api/auth/request-password-reset|/api/auth/sign-in-phone","admin|admin|cron_secret|cron_secret|organizer|organizer|authenticated","2","static_source","unknown_db_down"
"fad5b27de384d5ad","/api/admin/bookings/[id]","route_handler","src/app/api/admin/bookings/[id]/route.ts","src/data/booking-statuses.ts|src/lib/admin/audit.ts|src/lib/admin/authorize-request.ts|src/lib/admin/bookings-server.ts|src/lib/bookings-db-mapper.ts|src/lib/bookings-notify.ts|src/lib/bookings-server.ts|src/lib/partner-webhooks.ts|src/lib/supabase/admin.ts|src/types/tourist.ts","src/lib/admin/capabilities.ts|src/lib/admin/staff.ts|src/lib/attribution/attribution-server.ts|src/lib/booking-state-machine.ts|src/lib/bookings-store.ts|src/lib/guest-booking.ts|src/lib/monitoring/sentry.ts|src/lib/notifications/email-delivery.ts|src/lib/notifications/event-emitters.ts|src/lib/notifications/push-server.ts|src/lib/organizer-bookings.ts|src/lib/organizer-tour-store.ts|src/lib/payments/checkout-currency.ts|src/lib/permissions.ts|src/lib/security/browser-mutation-origin.ts|src/lib/supabase-auth-provider.ts|src/lib/supabase/env.ts|src/lib/supabase/server.ts|src/types/admin.ts|src/types/booking-attribution.ts|src/types/booking-params.ts|src/types/booking-payment.ts|src/types/database.ts|src/types/partner-webhook.ts|src/types/payment-webhook.ts|src/types/trip-operations.ts|src/types/user.ts","supabase|static_data|external_http","admin_audit_log|admin_role_presets|admin_staff|booking_attribution|bookings|email_delivery_outbox|partner_webhook_deliveries|partner_webhooks|profiles|push_subscriptions","admin_transition_booking_atomic|attach_guest_bookings_to_current_user|cancel_booking_with_reservation_release|create_booking_with_reservation","","/api/auth/ensure-profile|/api/auth/register|/api/auth/request-password-reset|/api/auth/sign-in-phone","admin|admin|cron_secret|admin|organizer|admin|organizer|cron_secret|admin|webhook_signature|cron_secret|organizer|organizer|authenticated","2","static_source","unknown_db_down"
"530e87be72f6b930","/api/admin/bookings/export","route_handler","src/app/api/admin/bookings/export/route.ts","src/lib/admin/authorize-request.ts|src/lib/admin/csv.ts|src/lib/admin/export-pagination.ts|src/lib/attribution/attribution-server.ts|src/lib/bookings-db-mapper.ts|src/lib/bookings-store.ts|src/lib/supabase/admin.ts","src/components/tour-detail/checkout/types.ts|src/lib/admin/capabilities.ts|src/lib/admin/staff.ts|src/lib/booking-create-command.ts|src/lib/booking-display.ts|src/lib/booking-params.ts|src/lib/booking-payment-display.ts|src/lib/booking-payment-link.ts|src/lib/booking-payment.ts|src/lib/booking-state-machine.ts|src/lib/booking-travelers.ts|src/lib/bookings-api.ts|src/lib/bookings-demo-seeds-active.ts|src/lib/bookings-notify-client.ts|src/lib/guest-booking.ts|src/lib/monitoring/sentry.ts|src/lib/notifications/index.ts|src/lib/organizer-tour-store.ts|src/lib/payments/checkout-currency.ts|src/lib/permissions.ts|src/lib/security/browser-mutation-origin.ts|src/lib/supabase-auth-provider.ts|src/lib/supabase/env.ts|src/lib/supabase/server.ts|src/lib/tour-repository.ts|src/lib/tour-slug.ts|src/lib/trip-operations.ts|src/types/admin-analytics.ts|src/types/admin.ts|src/types/booking-attribution.ts|src/types/booking-params.ts|src/types/booking-payment.ts|src/types/database.ts|src/types/index.ts|src/types/locale.ts|src/types/tourist.ts|src/types/trip-operations.ts|src/types/user.ts","supabase|tripster|youtravel|static_data|external_http","admin_role_presets|admin_staff|booking_attribution|bookings|profiles","","","/api/auth/ensure-profile|/api/auth/register|/api/auth/request-password-reset|/api/auth/sign-in-phone|/api/bookings|/api/bookings/attach-guest|/api/bookings/lookup|/api/bookings/lookup/results|/api/bookings/lookup/verify|/api/organizer/bookings|/api/payments/sandbox-mode|/api/tripster/booking-request|/api/youtravel/booking-request","admin|admin|cron_secret|admin|organizer|cron_secret|organizer|organizer|authenticated","2","static_source","unknown_db_down"
"0ab62137cd641c3a","/api/admin/cms/cutover-enable","route_handler","src/app/api/admin/cms/cutover-enable/route.ts","src/lib/admin/audit.ts|src/lib/admin/authorize-request.ts|src/lib/cms/cms-cutover.ts","src/data/blog.ts|src/data/destination-pages.ts|src/lib/admin/capabilities.ts|src/lib/admin/staff.ts|src/lib/blog-utils.ts|src/lib/cms/content-resolver.ts|src/lib/cms/place-listing-from-cms.ts|src/lib/cms/public-read-result.ts|src/lib/cms/site-globals/normalize.ts|src/lib/cms/translation-status.ts|src/lib/content-pages.ts|src/lib/destinations.ts|src/lib/monitoring/sentry.ts|src/lib/places-repository.ts|src/lib/security/browser-mutation-origin.ts|src/lib/site-settings-server.ts|src/lib/supabase-auth-provider.ts|src/lib/supabase/admin.ts|src/lib/supabase/env.ts|src/lib/supabase/server.ts|src/types/admin.ts|src/types/cms-content.ts|src/types/content-page.ts|src/types/database.ts|src/types/index.ts|src/types/place.ts","supabase|cms|static_data|external_http","admin_audit_log|admin_role_presets|admin_staff|content_documents|profiles|site_settings","","","/api/auth/ensure-profile|/api/auth/register|/api/auth/request-password-reset|/api/auth/sign-in-phone","admin|admin|cron_secret|organizer|organizer|authenticated","2","static_source","unknown_db_down"
"272557a61cad5276","/api/admin/cms/cutover-status","route_handler","src/app/api/admin/cms/cutover-status/route.ts","src/lib/admin/authorize-request.ts|src/lib/cms/cms-cutover.ts","src/data/blog.ts|src/data/destination-pages.ts|src/lib/admin/capabilities.ts|src/lib/admin/staff.ts|src/lib/blog-utils.ts|src/lib/cms/content-resolver.ts|src/lib/cms/place-listing-from-cms.ts|src/lib/cms/public-read-result.ts|src/lib/cms/site-globals/normalize.ts|src/lib/cms/translation-status.ts|src/lib/content-pages.ts|src/lib/destinations.ts|src/lib/monitoring/sentry.ts|src/lib/places-repository.ts|src/lib/security/browser-mutation-origin.ts|src/lib/site-settings-server.ts|src/lib/supabase-auth-provider.ts|src/lib/supabase/admin.ts|src/lib/supabase/env.ts|src/lib/supabase/server.ts|src/types/admin.ts|src/types/cms-content.ts|src/types/content-page.ts|src/types/database.ts|src/types/index.ts|src/types/place.ts","supabase|cms|static_data|external_http","admin_role_presets|admin_staff|content_documents|profiles|site_settings","","","/api/auth/ensure-profile|/api/auth/register|/api/auth/request-password-reset|/api/auth/sign-in-phone","admin|admin|cron_secret|organizer|organizer|authenticated","2","static_source","unknown_db_down"
"9c346e2479bc1b3a","/api/admin/commercial/plans","route_handler","src/app/api/admin/commercial/plans/route.ts","src/lib/admin/authorize-request.ts|src/lib/admin/user-identity-management.ts|src/lib/supabase/admin.ts","src/lib/admin/capabilities.ts|src/lib/admin/staff.ts|src/lib/monitoring/sentry.ts|src/lib/security/browser-mutation-origin.ts|src/lib/supabase-auth-provider.ts|src/lib/supabase/env.ts|src/lib/supabase/server.ts|src/types/admin.ts|src/types/database.ts","supabase|external_http","admin_role_presets|admin_staff|commercial_adapters|commercial_entitlement_definitions|commercial_plan_entitlements|commercial_plans|profiles","commercial_create_plan_version","","/api/auth/ensure-profile|/api/auth/register|/api/auth/request-password-reset|/api/auth/sign-in-phone","admin|admin|cron_secret|organizer|authenticated","2","static_source","unknown_db_down"
"e9cd29a46304a560","/api/admin/commercial/plans/[id]","route_handler","src/app/api/admin/commercial/plans/[id]/route.ts","src/lib/admin/authorize-request.ts|src/lib/admin/user-identity-management.ts|src/lib/commercial/entitlement-catalog.ts|src/lib/supabase/admin.ts","src/lib/admin/capabilities.ts|src/lib/admin/staff.ts|src/lib/monitoring/sentry.ts|src/lib/security/browser-mutation-origin.ts|src/lib/supabase-auth-provider.ts|src/lib/supabase/env.ts|src/lib/supabase/server.ts|src/types/admin.ts|src/types/commercial-entitlements.ts|src/types/database.ts","supabase|external_http","admin_role_presets|admin_staff|profiles","commercial_activate_plan|commercial_retire_plan|commercial_set_plan_entitlement|commercial_update_draft_plan","","/api/auth/ensure-profile|/api/auth/register|/api/auth/request-password-reset|/api/auth/sign-in-phone","admin|admin|cron_secret|organizer|authenticated","2","static_source","unknown_db_down"
"8dd5ed765fcea9ae","/api/admin/commercial/preview","route_handler","src/app/api/admin/commercial/preview/route.ts","src/lib/admin/authorize-request.ts|src/lib/admin/user-identity-management.ts|src/lib/commercial/entitlement-resolver-server.ts|src/lib/supabase/admin.ts","src/lib/admin/capabilities.ts|src/lib/admin/staff.ts|src/lib/commercial/entitlement-catalog.ts|src/lib/monitoring/sentry.ts|src/lib/security/browser-mutation-origin.ts|src/lib/supabase-auth-provider.ts|src/lib/supabase/env.ts|src/lib/supabase/server.ts|src/types/admin.ts|src/types/commercial-entitlements.ts|src/types/database.ts","supabase|external_http","admin_role_presets|admin_staff|commercial_adapters|commercial_entitlement_definitions|commercial_plan_entitlements|commercial_plans|organizer_commercial_subscriptions|organizer_entitlement_overrides|profiles","","","/api/auth/ensure-profile|/api/auth/register|/api/auth/request-password-reset|/api/auth/sign-in-phone","admin|admin|cron_secret|organizer|authenticated","2","static_source","unknown_db_down"
"0f3700218fd12cc7","/api/admin/commercial/subscriptions","route_handler","src/app/api/admin/commercial/subscriptions/route.ts","src/lib/admin/authorize-request.ts|src/lib/admin/user-identity-management.ts|src/lib/commercial/entitlement-catalog.ts|src/lib/supabase/admin.ts","src/lib/admin/capabilities.ts|src/lib/admin/staff.ts|src/lib/monitoring/sentry.ts|src/lib/security/browser-mutation-origin.ts|src/lib/supabase-auth-provider.ts|src/lib/supabase/env.ts|src/lib/supabase/server.ts|src/types/admin.ts|src/types/commercial-entitlements.ts|src/types/database.ts","supabase|external_http","admin_role_presets|admin_staff|organizer_commercial_subscriptions|organizer_entitlement_overrides|profiles","commercial_assign_organizer_plan|commercial_delete_organizer_override|commercial_upsert_organizer_override","","/api/auth/ensure-profile|/api/auth/register|/api/auth/request-password-reset|/api/auth/sign-in-phone","admin|admin|cron_secret|organizer|authenticated","2","static_source","unknown_db_down"
"627a6d63f0d74638","/api/admin/content","route_handler","src/app/api/admin/content/route.ts","src/data/blog.ts|src/data/legal-content.ts|src/lib/admin/authorize-request.ts|src/lib/admin/content-inventory.ts|src/lib/cms/blog-resolver.ts|src/lib/cms/cms-locale.ts|src/lib/cms/content-resolver.ts|src/lib/cms/destination-resolver.ts|src/lib/cms/guide-resolver.ts|src/lib/cms/guide-topic-source.ts|src/lib/cms/landing-resolver.ts|src/lib/cms/legal-resolver.ts|src/lib/cms/place-resolver.ts|src/lib/destinations.ts|src/lib/places-repository.ts|src/lib/supabase/admin.ts","src/data/blog-argentina-tourist-visa-2026.ts|src/data/blog-argentinian-steak-guide.ts|src/data/blog-author.ts|src/data/blog-best-time-to-visit-argentina.ts|src/data/blog-canonical-map.ts|src/data/blog-content-plan.ts|src/data/blog-el-chalten-i-fitts-roy.ts|src/data/blog-iguazu-garganta-del-diablo.ts|src/data/blog-iguazu-za-3-dnya.ts|src/data/blog-itinerary-chek-list.ts|src/data/blog-itinerary-oshibki.ts|src/data/blog-itinerary-za-10-dney.ts|src/data/blog-itinerary-za-14-dney.ts|src/data/blog-manual-from-md/index.ts|src/data/blog-patagonia-aviabilety.ts|src/data/blog-patagonia-packing-list.ts|src/data/blog-patagonia-penguins.ts|src/data/blog-patagonia-whale-watching.ts|src/data/blog-patagoniya-marshrut-14-dney.ts|src/data/blog-salta-i-severo-zapad-marshrut.ts|src/data/blog-tango-beginners-guide.ts|src/data/blog-tour-embeds.ts|src/data/blog-uco-valley-vino-i-gory.ts|src/data/blog-wildlife-s-gidom.ts|src/data/destination-pages.ts|src/data/guide-topics.ts|src/data/places-enrichment.ts|src/data/places-planning.ts|src/data/places-seed.ts|src/lib/admin/capabilities.ts|src/lib/admin/staff.ts|src/lib/blog-from-plan.ts|src/lib/blog-slug-resolve.ts|src/lib/blog-utils.ts|src/lib/cms/cms-cutover.ts|src/lib/cms/content-mapper.ts|src/lib/cms/place-listing-from-cms.ts|src/lib/cms/public-read-result.ts|src/lib/cms/translation-status.ts|src/lib/content-pages.ts|src/lib/guide-topics.ts|src/lib/homepage-tours.ts|src/lib/i18n/config.ts|src/lib/media-resolver.ts|src/lib/monitoring/sentry.ts|src/lib/places-mapper.ts|src/lib/places-relations.ts|src/lib/places-urls.ts|src/lib/prisma.ts|src/lib/security/browser-mutation-origin.ts|src/lib/site-nav.ts|src/lib/supabase-auth-provider.ts|src/lib/supabase/env.ts|src/lib/supabase/server.ts|src/types/admin.ts|src/types/blog-content-blocks.ts|src/types/cms-content.ts|src/types/content-page.ts|src/types/database.ts|src/types/guide-pillar.ts|src/types/guide-topic.ts|src/types/index.ts|src/types/place.ts","supabase|prisma|cms|static_data|external_http","admin_role_presets|admin_staff|content_documents|profiles|site_settings","","","/api/auth/ensure-profile|/api/auth/register|/api/auth/request-password-reset|/api/auth/sign-in-phone","admin|admin|cron_secret|organizer|organizer|authenticated","2","static_source","unknown_db_down"
"7a37e7bcf574adee","/api/admin/content-factory","route_handler","src/app/api/admin/content-factory/route.ts","src/lib/admin/audit.ts|src/lib/admin/authorize-request.ts|src/lib/content-factory/ai-generator.ts|src/lib/content-factory/provider-clients.ts|src/lib/content-factory/server.ts|src/lib/content-factory/types.ts|src/types/database.ts","src/lib/admin/capabilities.ts|src/lib/admin/staff.ts|src/lib/monitoring/sentry.ts|src/lib/security/browser-mutation-origin.ts|src/lib/supabase-auth-provider.ts|src/lib/supabase/admin.ts|src/lib/supabase/env.ts|src/lib/supabase/server.ts|src/types/admin.ts","supabase|external_http","admin_audit_log|admin_role_presets|admin_staff|cms_media_assets|content_documents|content_factory_campaigns|content_factory_generation_runs|content_factory_items|content_factory_metric_snapshots|content_factory_templates|content_factory_variants|content_publication_jobs|ingestion_candidates|profiles|social_channel_connections|social_channel_secrets|social_inbox_threads","content_factory_get_connection_credentials|content_factory_upsert_connection","","/api/auth/ensure-profile|/api/auth/register|/api/auth/request-password-reset|/api/auth/sign-in-phone|https://api.openai.com/v1/responses","admin|admin|cron_secret|cron_secret|organizer|authenticated","2","static_source","unknown_db_down"
"75f66d4b82906a4c","/api/admin/content-freshness","route_handler","src/app/api/admin/content-freshness/route.ts","src/lib/admin/authorize-request.ts|src/lib/content-freshness-server.ts|src/types/content-freshness.ts","src/lib/admin/capabilities.ts|src/lib/admin/staff.ts|src/lib/content-pages.ts|src/lib/monitoring/sentry.ts|src/lib/security/browser-mutation-origin.ts|src/lib/supabase-auth-provider.ts|src/lib/supabase/admin.ts|src/lib/supabase/env.ts|src/lib/supabase/server.ts|src/types/admin.ts|src/types/cms-content.ts|src/types/database.ts","supabase|cms|static_data|external_http|filesystem","admin_role_presets|admin_staff|content_freshness|profiles","","","/api/auth/ensure-profile|/api/auth/register|/api/auth/request-password-reset|/api/auth/sign-in-phone","admin|admin|cron_secret|organizer|authenticated","2","static_source","unknown_db_down"
"ad634492d48db6a1","/api/admin/content/documents","route_handler","src/app/api/admin/content/documents/route.ts","src/data/blog.ts|src/data/legal-content.ts|src/lib/admin/audit.ts|src/lib/admin/authorize-request.ts|src/lib/cms/cms-locale.ts|src/lib/cms/content-server.ts|src/lib/content-pages.ts|src/lib/destinations.ts|src/lib/places-repository.ts|src/lib/supabase/admin.ts|src/types/cms-content.ts","src/data/blog-argentina-tourist-visa-2026.ts|src/data/blog-argentinian-steak-guide.ts|src/data/blog-author.ts|src/data/blog-best-time-to-visit-argentina.ts|src/data/blog-canonical-map.ts|src/data/blog-el-chalten-i-fitts-roy.ts|src/data/blog-iguazu-garganta-del-diablo.ts|src/data/blog-iguazu-za-3-dnya.ts|src/data/blog-itinerary-chek-list.ts|src/data/blog-itinerary-oshibki.ts|src/data/blog-itinerary-za-10-dney.ts|src/data/blog-itinerary-za-14-dney.ts|src/data/blog-manual-from-md/index.ts|src/data/blog-patagonia-aviabilety.ts|src/data/blog-patagonia-packing-list.ts|src/data/blog-patagonia-penguins.ts|src/data/blog-patagonia-whale-watching.ts|src/data/blog-patagoniya-marshrut-14-dney.ts|src/data/blog-salta-i-severo-zapad-marshrut.ts|src/data/blog-tango-beginners-guide.ts|src/data/blog-tour-embeds.ts|src/data/blog-uco-valley-vino-i-gory.ts|src/data/blog-wildlife-s-gidom.ts|src/data/destination-pages.ts|src/data/guide-content.ts|src/data/immigration-content.ts|src/data/places-enrichment.ts|src/data/places-planning.ts|src/data/places-seed.ts|src/lib/admin/capabilities.ts|src/lib/admin/staff.ts|src/lib/blog-from-plan.ts|src/lib/blog-utils.ts|src/lib/cms/cms-scheduled-publish.ts|src/lib/cms/content-mapper.ts|src/lib/cms/knowledge-resolver.ts|src/lib/homepage-tours.ts|src/lib/i18n/config.ts|src/lib/media-resolver.ts|src/lib/monitoring/sentry.ts|src/lib/places-mapper.ts|src/lib/places-relations.ts|src/lib/places-urls.ts|src/lib/prisma.ts|src/lib/search/cms-search-sync.ts|src/lib/security/browser-mutation-origin.ts|src/lib/site-nav.ts|src/lib/site-search-index.ts|src/lib/supabase-auth-provider.ts|src/lib/supabase/env.ts|src/lib/supabase/server.ts|src/types/admin.ts|src/types/blog-content-blocks.ts|src/types/content-page.ts|src/types/database.ts|src/types/index.ts|src/types/place.ts","supabase|prisma|cms|static_data|external_http","admin_audit_log|admin_role_presets|admin_staff|cms_search_outbox|content_documents|content_revisions|profiles|search_documents","cms_create_document_atomic|cms_import_documents_atomic|cms_mutate_document_atomic","","/api/auth/ensure-profile|/api/auth/register|/api/auth/request-password-reset|/api/auth/sign-in-phone","admin|admin|cron_secret|organizer|organizer|authenticated","2","static_source","unknown_db_down"
"72460ef713ee2d6c","/api/admin/content/documents/[id]","route_handler","src/app/api/admin/content/documents/[id]/route.ts","src/lib/admin/audit.ts|src/lib/admin/authorize-request.ts|src/lib/cms/content-server.ts|src/lib/cms/seo-utils.ts|src/lib/supabase/admin.ts|src/types/cms-content.ts","src/data/destination-pages.ts|src/data/legal-content.ts|src/lib/admin/capabilities.ts|src/lib/admin/staff.ts|src/lib/blog-utils.ts|src/lib/cms/cms-scheduled-publish.ts|src/lib/cms/content-mapper.ts|src/lib/cms/knowledge-resolver.ts|src/lib/media-resolver.ts|src/lib/monitoring/sentry.ts|src/lib/search/cms-search-sync.ts|src/lib/security/browser-mutation-origin.ts|src/lib/supabase-auth-provider.ts|src/lib/supabase/env.ts|src/lib/supabase/server.ts|src/types/admin.ts|src/types/blog-content-blocks.ts|src/types/content-page.ts|src/types/database.ts|src/types/index.ts|src/types/place.ts","supabase|cms|static_data|external_http","admin_audit_log|admin_role_presets|admin_staff|cms_search_outbox|content_documents|content_revisions|profiles|search_documents","cms_create_document_atomic|cms_import_documents_atomic|cms_mutate_document_atomic","","/api/auth/ensure-profile|/api/auth/register|/api/auth/request-password-reset|/api/auth/sign-in-phone","admin|admin|cron_secret|organizer|organizer|authenticated","2","static_source","unknown_db_down"
"2346925fc2dd6961","/api/admin/content/documents/[id]/governance","route_handler","src/app/api/admin/content/documents/[id]/governance/route.ts","src/lib/admin/audit.ts|src/lib/admin/authorize-request.ts|src/lib/cms/publication-gate.ts|src/lib/supabase/admin.ts|src/types/database.ts","src/lib/admin/capabilities.ts|src/lib/admin/staff.ts|src/lib/monitoring/sentry.ts|src/lib/security/browser-mutation-origin.ts|src/lib/supabase-auth-provider.ts|src/lib/supabase/env.ts|src/lib/supabase/server.ts|src/types/admin.ts","supabase|cms|external_http","admin_audit_log|admin_role_presets|admin_staff|cms_media_assets|content_media_usages|content_source_links|content_sources|content_widget_usages|knowledge_claims|profiles","content_publication_gate","","/api/auth/ensure-profile|/api/auth/register|/api/auth/request-password-reset|/api/auth/sign-in-phone","admin|admin|cron_secret|organizer|authenticated","2","static_source","unknown_db_down"
"b700a4e9d2d3fab6","/api/admin/content/documents/[id]/publish","route_handler","src/app/api/admin/content/documents/[id]/publish/route.ts","src/lib/admin/audit.ts|src/lib/admin/authorize-request.ts|src/lib/cms/content-server.ts|src/lib/supabase/admin.ts","src/lib/admin/capabilities.ts|src/lib/admin/staff.ts|src/lib/cms/cms-scheduled-publish.ts|src/lib/cms/content-mapper.ts|src/lib/cms/knowledge-resolver.ts|src/lib/monitoring/sentry.ts|src/lib/search/cms-search-sync.ts|src/lib/security/browser-mutation-origin.ts|src/lib/supabase-auth-provider.ts|src/lib/supabase/env.ts|src/lib/supabase/server.ts|src/types/admin.ts|src/types/cms-content.ts|src/types/database.ts","supabase|cms|static_data|external_http","admin_audit_log|admin_role_presets|admin_staff|cms_search_outbox|content_documents|content_revisions|profiles|search_documents","cms_create_document_atomic|cms_import_documents_atomic|cms_mutate_document_atomic","","/api/auth/ensure-profile|/api/auth/register|/api/auth/request-password-reset|/api/auth/sign-in-phone","admin|admin|cron_secret|organizer|authenticated","2","static_source","unknown_db_down"
"668f2c5128eb5d40","/api/admin/content/documents/[id]/revisions","route_handler","src/app/api/admin/content/documents/[id]/revisions/route.ts","src/lib/admin/authorize-request.ts|src/lib/cms/content-server.ts|src/lib/supabase/admin.ts|src/types/cms-content.ts","src/data/destination-pages.ts|src/data/legal-content.ts|src/lib/admin/capabilities.ts|src/lib/admin/staff.ts|src/lib/blog-utils.ts|src/lib/cms/cms-scheduled-publish.ts|src/lib/cms/content-mapper.ts|src/lib/cms/knowledge-resolver.ts|src/lib/media-resolver.ts|src/lib/monitoring/sentry.ts|src/lib/search/cms-search-sync.ts|src/lib/security/browser-mutation-origin.ts|src/lib/supabase-auth-provider.ts|src/lib/supabase/env.ts|src/lib/supabase/server.ts|src/types/admin.ts|src/types/blog-content-blocks.ts|src/types/content-page.ts|src/types/database.ts|src/types/index.ts|src/types/place.ts","supabase|cms|static_data|external_http","admin_role_presets|admin_staff|cms_search_outbox|content_documents|content_revisions|profiles|search_documents","cms_create_document_atomic|cms_import_documents_atomic|cms_mutate_document_atomic","","/api/auth/ensure-profile|/api/auth/register|/api/auth/request-password-reset|/api/auth/sign-in-phone","admin|admin|cron_secret|organizer|organizer|authenticated","2","static_source","unknown_db_down"
"a0f7cf96a9085bdb","/api/admin/content/documents/[id]/revisions/[revisionId]","route_handler","src/app/api/admin/content/documents/[id]/revisions/[revisionId]/route.ts","src/lib/admin/authorize-request.ts|src/lib/cms/content-server.ts|src/lib/supabase/admin.ts","src/lib/admin/capabilities.ts|src/lib/admin/staff.ts|src/lib/cms/cms-scheduled-publish.ts|src/lib/cms/content-mapper.ts|src/lib/cms/knowledge-resolver.ts|src/lib/monitoring/sentry.ts|src/lib/search/cms-search-sync.ts|src/lib/security/browser-mutation-origin.ts|src/lib/supabase-auth-provider.ts|src/lib/supabase/env.ts|src/lib/supabase/server.ts|src/types/admin.ts|src/types/cms-content.ts|src/types/database.ts","supabase|cms|static_data|external_http","admin_role_presets|admin_staff|cms_search_outbox|content_documents|content_revisions|profiles|search_documents","cms_create_document_atomic|cms_import_documents_atomic|cms_mutate_document_atomic","","/api/auth/ensure-profile|/api/auth/register|/api/auth/request-password-reset|/api/auth/sign-in-phone","admin|admin|cron_secret|organizer|authenticated","2","static_source","unknown_db_down"
"e92bb7d44d56d18b","/api/admin/content/documents/[id]/revisions/[revisionId]/restore","route_handler","src/app/api/admin/content/documents/[id]/revisions/[revisionId]/restore/route.ts","src/lib/admin/audit.ts|src/lib/admin/authorize-request.ts|src/lib/cms/content-server.ts|src/lib/supabase/admin.ts","src/lib/admin/capabilities.ts|src/lib/admin/staff.ts|src/lib/cms/cms-scheduled-publish.ts|src/lib/cms/content-mapper.ts|src/lib/cms/knowledge-resolver.ts|src/lib/monitoring/sentry.ts|src/lib/search/cms-search-sync.ts|src/lib/security/browser-mutation-origin.ts|src/lib/supabase-auth-provider.ts|src/lib/supabase/env.ts|src/lib/supabase/server.ts|src/types/admin.ts|src/types/cms-content.ts|src/types/database.ts","supabase|cms|static_data|external_http","admin_audit_log|admin_role_presets|admin_staff|cms_search_outbox|content_documents|content_revisions|profiles|search_documents","cms_create_document_atomic|cms_import_documents_atomic|cms_mutate_document_atomic","","/api/auth/ensure-profile|/api/auth/register|/api/auth/request-password-reset|/api/auth/sign-in-phone","admin|admin|cron_secret|organizer|authenticated","2","static_source","unknown_db_down"
"a027111c888aef92","/api/admin/content/documents/[id]/schedule","route_handler","src/app/api/admin/content/documents/[id]/schedule/route.ts","src/lib/admin/audit.ts|src/lib/admin/authorize-request.ts|src/lib/cms/cms-scheduled-publish.ts|src/lib/cms/content-server.ts|src/lib/cms/seo-utils.ts|src/lib/supabase/admin.ts|src/types/cms-content.ts","src/data/destination-pages.ts|src/data/legal-content.ts|src/lib/admin/capabilities.ts|src/lib/admin/staff.ts|src/lib/blog-utils.ts|src/lib/cms/content-mapper.ts|src/lib/cms/knowledge-resolver.ts|src/lib/media-resolver.ts|src/lib/monitoring/sentry.ts|src/lib/search/cms-search-sync.ts|src/lib/security/browser-mutation-origin.ts|src/lib/supabase-auth-provider.ts|src/lib/supabase/env.ts|src/lib/supabase/server.ts|src/types/admin.ts|src/types/blog-content-blocks.ts|src/types/content-page.ts|src/types/database.ts|src/types/index.ts|src/types/place.ts","supabase|cms|static_data|external_http","admin_audit_log|admin_role_presets|admin_staff|cms_search_outbox|content_documents|content_revisions|profiles|search_documents","cms_create_document_atomic|cms_import_documents_atomic|cms_mutate_document_atomic","","/api/auth/ensure-profile|/api/auth/register|/api/auth/request-password-reset|/api/auth/sign-in-phone","admin|admin|cron_secret|organizer|organizer|authenticated","2","static_source","unknown_db_down"
"8505cb516cc71788","/api/admin/content/documents/bulk-import","route_handler","src/app/api/admin/content/documents/bulk-import/route.ts","src/lib/admin/audit.ts|src/lib/admin/authorize-request.ts|src/lib/cms/cms-import-preview.ts|src/lib/cms/cms-ts-seed.ts|src/lib/supabase/admin.ts|src/types/cms-content.ts","src/data/blog.ts|src/data/destination-pages.ts|src/data/legal-content.ts|src/data/places-seed.ts|src/lib/admin/capabilities.ts|src/lib/admin/staff.ts|src/lib/blog-utils.ts|src/lib/cms/cms-i18n-pilot.ts|src/lib/cms/cms-i18n-rollout.ts|src/lib/cms/content-mapper.ts|src/lib/cms/guide-topic-source.ts|src/lib/content-section-body.ts|src/lib/destinations.ts|src/lib/media-resolver.ts|src/lib/monitoring/sentry.ts|src/lib/security/browser-mutation-origin.ts|src/lib/supabase-auth-provider.ts|src/lib/supabase/env.ts|src/lib/supabase/server.ts|src/types/admin.ts|src/types/blog-content-blocks.ts|src/types/content-page.ts|src/types/database.ts|src/types/index.ts|src/types/place.ts","supabase|cms|static_data|external_http","admin_audit_log|admin_role_presets|admin_staff|content_documents|content_revisions|profiles","","","/api/auth/ensure-profile|/api/auth/register|/api/auth/request-password-reset|/api/auth/sign-in-phone","admin|admin|cron_secret|organizer|organizer|authenticated","2","static_source","unknown_db_down"
"a9d0399327e3cb6d","/api/admin/content/knowledge-import","route_handler","src/app/api/admin/content/knowledge-import/route.ts","src/lib/admin/audit.ts|src/lib/admin/authorize-request.ts|src/lib/cms/content-server.ts|src/lib/cms/knowledge-import.ts|src/lib/knowledge-base/content.ts|src/lib/knowledge-base/types.ts|src/lib/supabase/admin.ts","src/lib/admin/capabilities.ts|src/lib/admin/staff.ts|src/lib/cms/cms-scheduled-publish.ts|src/lib/cms/content-mapper.ts|src/lib/cms/knowledge-resolver.ts|src/lib/knowledge-base/publication-quality.ts|src/lib/knowledge-base/urls.ts|src/lib/monitoring/sentry.ts|src/lib/search/cms-search-sync.ts|src/lib/security/browser-mutation-origin.ts|src/lib/supabase-auth-provider.ts|src/lib/supabase/env.ts|src/lib/supabase/server.ts|src/types/admin.ts|src/types/cms-content.ts|src/types/database.ts","supabase|cms|static_data|external_http|filesystem","admin_audit_log|admin_role_presets|admin_staff|cms_search_outbox|content_documents|content_revisions|profiles|search_documents","cms_create_document_atomic|cms_import_documents_atomic|cms_mutate_document_atomic","","/api/auth/ensure-profile|/api/auth/register|/api/auth/request-password-reset|/api/auth/sign-in-phone","admin|admin|cron_secret|organizer|authenticated","2","static_source","unknown_db_down"
"b8b2d7b176c07080","/api/admin/content/map","route_handler","src/app/api/admin/content/map/route.ts","src/lib/admin/audit.ts|src/lib/admin/authorize-request.ts|src/lib/map-objects-server.ts|src/lib/supabase/admin.ts","src/data/argentina-airports.ts|src/data/argentina-flight-routes.ts|src/data/argentina-national-parks.ts|src/data/argentina-transport-hubs.ts|src/data/marketplace-tours-server.ts|src/data/media-library/maps.ts|src/data/places-seed.ts|src/data/tour-routes.ts|src/lib/admin/capabilities.ts|src/lib/admin/staff.ts|src/lib/argentina-cities.ts|src/lib/excursion-server.ts|src/lib/map-kb-attractions.ts|src/lib/map-search.ts|src/lib/map-supplementary-cities.ts|src/lib/map-types.ts|src/lib/media-resolver.ts|src/lib/monitoring/sentry.ts|src/lib/places-readiness.ts|src/lib/places-repository.ts|src/lib/security/browser-mutation-origin.ts|src/lib/supabase-auth-provider.ts|src/lib/supabase/env.ts|src/lib/supabase/server.ts|src/lib/tour-map.ts|src/types/admin.ts|src/types/database.ts|src/types/excursion.ts|src/types/index.ts|src/types/place.ts","supabase|tripster|sputnik8|static_data|external_http","admin_audit_log|admin_role_presets|admin_staff|map_object_curation|profiles","","","/api/auth/ensure-profile|/api/auth/register|/api/auth/request-password-reset|/api/auth/sign-in-phone","admin|admin|cron_secret|organizer|organizer|authenticated","2","static_source","unknown_db_down"
"f55eb3f9a06f31b4","/api/admin/content/translations","route_handler","src/app/api/admin/content/translations/route.ts","src/data/blog.ts|src/data/legal-content.ts|src/data/places-seed.ts|src/lib/admin/authorize-request.ts|src/lib/cms/content-resolver.ts|src/lib/cms/translation-status.ts|src/lib/content-pages.ts|src/lib/destinations.ts|src/lib/supabase/admin.ts|src/types/cms-content.ts","src/data/blog-argentina-tourist-visa-2026.ts|src/data/blog-argentinian-steak-guide.ts|src/data/blog-author.ts|src/data/blog-best-time-to-visit-argentina.ts|src/data/blog-canonical-map.ts|src/data/blog-el-chalten-i-fitts-roy.ts|src/data/blog-iguazu-garganta-del-diablo.ts|src/data/blog-iguazu-za-3-dnya.ts|src/data/blog-itinerary-chek-list.ts|src/data/blog-itinerary-oshibki.ts|src/data/blog-itinerary-za-10-dney.ts|src/data/blog-itinerary-za-14-dney.ts|src/data/blog-manual-from-md/index.ts|src/data/blog-patagonia-aviabilety.ts|src/data/blog-patagonia-packing-list.ts|src/data/blog-patagonia-penguins.ts|src/data/blog-patagonia-whale-watching.ts|src/data/blog-patagoniya-marshrut-14-dney.ts|src/data/blog-salta-i-severo-zapad-marshrut.ts|src/data/blog-tango-beginners-guide.ts|src/data/blog-tour-embeds.ts|src/data/blog-uco-valley-vino-i-gory.ts|src/data/blog-wildlife-s-gidom.ts|src/data/destination-pages.ts|src/data/guide-content.ts|src/data/immigration-content.ts|src/data/places-kb-import.generated.ts|src/data/places-planning.ts|src/lib/admin/capabilities.ts|src/lib/admin/staff.ts|src/lib/blog-from-plan.ts|src/lib/blog-utils.ts|src/lib/cms/content-mapper.ts|src/lib/cms/public-read-result.ts|src/lib/homepage-tours.ts|src/lib/i18n/config.ts|src/lib/media-resolver.ts|src/lib/monitoring/sentry.ts|src/lib/security/browser-mutation-origin.ts|src/lib/site-nav.ts|src/lib/site-search-index.ts|src/lib/supabase-auth-provider.ts|src/lib/supabase/env.ts|src/lib/supabase/server.ts|src/types/admin.ts|src/types/blog-content-blocks.ts|src/types/content-page.ts|src/types/database.ts|src/types/index.ts|src/types/place.ts","supabase|cms|static_data|external_http","admin_role_presets|admin_staff|content_documents|profiles","","","/api/auth/ensure-profile|/api/auth/register|/api/auth/request-password-reset|/api/auth/sign-in-phone","admin|admin|cron_secret|organizer|organizer|authenticated","2","static_source","unknown_db_down"
"6e5ae50ad74bfbff","/api/admin/dashboard","route_handler","src/app/api/admin/dashboard/route.ts","src/lib/admin/analytics-period.ts|src/lib/admin/authorize-request.ts|src/lib/admin/dashboard-server.ts|src/lib/modules/registry.ts|src/lib/site-settings-server.ts|src/lib/supabase/admin.ts","src/lib/admin/capabilities.ts|src/lib/admin/staff.ts|src/lib/cms/site-globals/locale-resolve.ts|src/lib/cms/site-globals/normalize.ts|src/lib/i18n/config.ts|src/lib/monitoring/sentry.ts|src/lib/security/browser-mutation-origin.ts|src/lib/site-settings-edge.ts|src/lib/supabase-auth-provider.ts|src/lib/supabase/env.ts|src/lib/supabase/server.ts|src/types/admin-analytics.ts|src/types/admin.ts|src/types/database.ts|src/types/site-globals.ts","supabase|cms|static_data|external_http","admin_role_presets|admin_staff|bookings|moderation_queue|profiles|site_settings","","","/api/auth/ensure-profile|/api/auth/register|/api/auth/request-password-reset|/api/auth/sign-in-phone","admin|admin|cron_secret|cron_secret|organizer|authenticated","2","static_source","unknown_db_down"
"4197f3ea0ebae3d7","/api/admin/email-templates","route_handler","src/app/api/admin/email-templates/route.ts","src/lib/admin/authorize-request.ts|src/lib/admin/user-identity-management.ts|src/lib/notifications/email-template-contract.ts|src/lib/supabase/admin.ts","src/lib/admin/capabilities.ts|src/lib/admin/staff.ts|src/lib/monitoring/sentry.ts|src/lib/notifications/email-templates/layout.ts|src/lib/notifications/email-templates/types.ts|src/lib/notifications/email-templates/utils.ts|src/lib/security/browser-mutation-origin.ts|src/lib/site-url.ts|src/lib/supabase-auth-provider.ts|src/lib/supabase/env.ts|src/lib/supabase/server.ts|src/types/admin.ts|src/types/database.ts","supabase|external_http","admin_role_presets|admin_staff|email_template_versions|profiles","","","/api/auth/ensure-profile|/api/auth/register|/api/auth/request-password-reset|/api/auth/sign-in-phone","admin|admin|cron_secret|admin|organizer|organizer|authenticated","2","static_source","unknown_db_down"
"88e1625619c4c0e0","/api/admin/excursions","route_handler","src/app/api/admin/excursions/route.ts","src/lib/admin/authorize-request.ts|src/lib/supabase/admin.ts|src/lib/tripster/admin-stats.ts|src/lib/youtravel/admin-stats.ts","src/lib/admin/capabilities.ts|src/lib/admin/staff.ts|src/lib/monitoring/sentry.ts|src/lib/security/browser-mutation-origin.ts|src/lib/supabase-auth-provider.ts|src/lib/supabase/env.ts|src/lib/supabase/server.ts|src/lib/tripster/booking-requests-server.ts|src/lib/youtravel/booking-requests-server.ts|src/types/admin.ts|src/types/database.ts|src/types/tripster-booking.ts|src/types/youtravel-booking.ts","supabase|tripster|youtravel|external_http","admin_role_presets|admin_staff|affiliate_link_clicks|profiles|tripster_booking_requests|tripster_cities|tripster_experiences|tripster_reviews|tripster_sync_runs|youtravel_booking_requests|youtravel_tours","","","/api/auth/ensure-profile|/api/auth/register|/api/auth/request-password-reset|/api/auth/sign-in-phone","admin|admin|cron_secret|organizer|authenticated","2","static_source","unknown_db_down"
"2748af6d5874b89e","/api/admin/experts","route_handler","src/app/api/admin/experts/route.ts","src/lib/admin/audit.ts|src/lib/admin/authorize-request.ts|src/lib/expert-inquiries-server.ts|src/lib/local-experts-server.ts|src/lib/supabase/admin.ts|src/types/local-experts.ts","src/data/local-experts-seed.ts|src/lib/admin/capabilities.ts|src/lib/admin/staff.ts|src/lib/auth-mode.ts|src/lib/messaging/conversation-server.ts|src/lib/monitoring/sentry.ts|src/lib/notifications/messaging-notify.ts|src/lib/runtime-mode.ts|src/lib/security/browser-mutation-origin.ts|src/lib/supabase-auth-provider.ts|src/lib/supabase/env.ts|src/lib/supabase/server.ts|src/types/admin.ts|src/types/database.ts","supabase|static_data|external_http","admin_audit_log|admin_role_presets|admin_staff|bookings|conversation_messages|conversation_threads|expert_inquiries|local_experts|message_reads|notification_events|profiles|typing_presence","","","/api/auth/ensure-profile|/api/auth/register|/api/auth/request-password-reset|/api/auth/sign-in-phone","admin|admin|cron_secret|admin|organizer|organizer|authenticated","2","static_source","unknown_db_down"
"83e050b7215415ce","/api/admin/experts/[id]","route_handler","src/app/api/admin/experts/[id]/route.ts","src/lib/admin/audit.ts|src/lib/admin/authorize-request.ts|src/lib/local-experts-server.ts|src/lib/supabase/admin.ts|src/types/database.ts|src/types/local-experts.ts","src/data/local-experts-seed.ts|src/lib/admin/capabilities.ts|src/lib/admin/staff.ts|src/lib/auth-mode.ts|src/lib/monitoring/sentry.ts|src/lib/runtime-mode.ts|src/lib/security/browser-mutation-origin.ts|src/lib/supabase-auth-provider.ts|src/lib/supabase/env.ts|src/lib/supabase/server.ts|src/types/admin.ts","supabase|static_data|external_http","admin_audit_log|admin_role_presets|admin_staff|local_experts|profiles","","","/api/auth/ensure-profile|/api/auth/register|/api/auth/request-password-reset|/api/auth/sign-in-phone","admin|admin|cron_secret|organizer|authenticated","2","static_source","unknown_db_down"
"fee5dbeafb5daa4d","/api/admin/feature-flags","route_handler","src/app/api/admin/feature-flags/route.ts","src/lib/admin/audit.ts|src/lib/admin/authorize-request.ts|src/lib/feature-flags/server.ts|src/lib/supabase/admin.ts|src/types/database.ts","src/lib/admin/capabilities.ts|src/lib/admin/staff.ts|src/lib/monitoring/sentry.ts|src/lib/security/browser-mutation-origin.ts|src/lib/supabase-auth-provider.ts|src/lib/supabase/env.ts|src/lib/supabase/server.ts|src/types/admin.ts","supabase|external_http","admin_audit_log|admin_role_presets|admin_staff|feature_flags|profiles","","","/api/auth/ensure-profile|/api/auth/register|/api/auth/request-password-reset|/api/auth/sign-in-phone","admin|admin|cron_secret|organizer|authenticated","2","static_source","unknown_db_down"
"a9c49134dc2262bd","/api/admin/forum","route_handler","src/app/api/admin/forum/route.ts","src/lib/admin/audit.ts|src/lib/admin/authorize-request.ts|src/lib/admin/forum-admin-contract.ts|src/lib/admin/forum-admin-server.ts","src/lib/admin/capabilities.ts|src/lib/admin/staff.ts|src/lib/monitoring/sentry.ts|src/lib/security/browser-mutation-origin.ts|src/lib/supabase-auth-provider.ts|src/lib/supabase/admin.ts|src/lib/supabase/env.ts|src/lib/supabase/server.ts|src/lib/tour-slug.ts|src/types/admin.ts|src/types/database.ts","supabase|external_http","admin_audit_log|admin_role_presets|admin_staff|forum_categories|forum_posts|forum_threads|profiles","admin_manage_forum_category|admin_set_forum_thread_state","","/api/auth/ensure-profile|/api/auth/register|/api/auth/request-password-reset|/api/auth/sign-in-phone","admin|admin|cron_secret|organizer|organizer|authenticated","2","static_source","unknown_db_down"
"55ecff6176edd194","/api/admin/forum/threads/[id]","route_handler","src/app/api/admin/forum/threads/[id]/route.ts","src/lib/admin/audit.ts|src/lib/admin/authorize-request.ts|src/lib/admin/forum-admin-server.ts","src/lib/admin/capabilities.ts|src/lib/admin/forum-admin-contract.ts|src/lib/admin/staff.ts|src/lib/monitoring/sentry.ts|src/lib/security/browser-mutation-origin.ts|src/lib/supabase-auth-provider.ts|src/lib/supabase/admin.ts|src/lib/supabase/env.ts|src/lib/supabase/server.ts|src/types/admin.ts|src/types/database.ts","supabase|external_http","admin_audit_log|admin_role_presets|admin_staff|forum_categories|forum_posts|forum_threads|profiles","admin_manage_forum_category|admin_set_forum_thread_state","","/api/auth/ensure-profile|/api/auth/register|/api/auth/request-password-reset|/api/auth/sign-in-phone","admin|admin|cron_secret|organizer|authenticated","2","static_source","unknown_db_down"
"70fd468a41ead8ac","/api/admin/health","route_handler","src/app/api/admin/health/route.ts","src/lib/admin/authorize-request.ts|src/lib/admin/health-server.ts|src/lib/supabase/admin.ts","src/lib/admin/capabilities.ts|src/lib/admin/staff.ts|src/lib/monitoring/sentry.ts|src/lib/security/browser-mutation-origin.ts|src/lib/supabase-auth-provider.ts|src/lib/supabase/env.ts|src/lib/supabase/rls-audit.ts|src/lib/supabase/server.ts|src/types/admin.ts|src/types/database.ts","supabase|external_http","admin_role_presets|admin_staff|pg_class|pg_tables|profiles","","","/api/auth/ensure-profile|/api/auth/register|/api/auth/request-password-reset|/api/auth/sign-in-phone","admin|admin|cron_secret|organizer|authenticated","2","static_source","unknown_db_down"
"84ec5b78313e611c","/api/admin/ingestion/candidates","route_handler","src/app/api/admin/ingestion/candidates/route.ts","src/lib/admin/authorize-request.ts|src/lib/supabase/admin.ts|src/types/database.ts","src/lib/admin/capabilities.ts|src/lib/admin/staff.ts|src/lib/monitoring/sentry.ts|src/lib/security/browser-mutation-origin.ts|src/lib/supabase-auth-provider.ts|src/lib/supabase/env.ts|src/lib/supabase/server.ts|src/types/admin.ts","supabase|external_http","admin_role_presets|admin_staff|content_documents|ingestion_candidates|ingestion_duplicate_links|ingestion_normalized_documents|ingestion_raw_documents|ingestion_update_proposals|profiles","","ingestion-raw","/api/auth/ensure-profile|/api/auth/register|/api/auth/request-password-reset|/api/auth/sign-in-phone","admin|admin|cron_secret|organizer|authenticated","2","static_source","unknown_db_down"
"21a37a5450036d52","/api/admin/ingestion/candidates/[id]","route_handler","src/app/api/admin/ingestion/candidates/[id]/route.ts","src/lib/admin/audit.ts|src/lib/admin/authorize-request.ts|src/lib/ingestion/pipeline-server.ts|src/lib/supabase/admin.ts|src/types/admin.ts","src/lib/admin/capabilities.ts|src/lib/admin/staff.ts|src/lib/cms/content-server.ts|src/lib/ingestion/adapters/index.ts|src/lib/ingestion/ai-analysis.ts|src/lib/ingestion/content-intelligence.ts|src/lib/ingestion/policy.ts|src/lib/ingestion/repository-server.ts|src/lib/ingestion/schedule.ts|src/lib/media/cms-media-server.ts|src/lib/monitoring/sentry.ts|src/lib/security/browser-mutation-origin.ts|src/lib/supabase-auth-provider.ts|src/lib/supabase/env.ts|src/lib/supabase/server.ts|src/types/admin-analytics.ts|src/types/cms-content.ts|src/types/database.ts|src/types/ingestion.ts","supabase|cms|static_data|external_http|filesystem","admin_audit_log|admin_role_presets|admin_staff|cms_media_assets|cms_search_outbox|content_documents|content_revisions|content_source_links|content_sources|ingestion_candidates|ingestion_duplicate_links|ingestion_normalized_documents|ingestion_processing_steps|ingestion_prompt_versions|ingestion_raw_documents|ingestion_source_runs|ingestion_sources|ingestion_update_proposals|profiles","cms_create_document_atomic|cms_import_documents_atomic|cms_mutate_document_atomic","ingestion-raw","/api/auth/ensure-profile|/api/auth/register|/api/auth/request-password-reset|/api/auth/sign-in-phone","admin|admin|cron_secret|cron_secret|organizer|authenticated|rate_limit","2","static_source","unknown_db_down"
"0b84cab68f41e160","/api/admin/ingestion/overview","route_handler","src/app/api/admin/ingestion/overview/route.ts","src/lib/admin/authorize-request.ts|src/lib/ingestion/repository-server.ts|src/lib/supabase/admin.ts","src/lib/admin/capabilities.ts|src/lib/admin/staff.ts|src/lib/ingestion/schedule.ts|src/lib/ingestion/source-mapper.ts|src/lib/monitoring/sentry.ts|src/lib/security/browser-mutation-origin.ts|src/lib/supabase-auth-provider.ts|src/lib/supabase/env.ts|src/lib/supabase/server.ts|src/types/admin.ts|src/types/database.ts|src/types/ingestion.ts","supabase|external_http","admin_role_presets|admin_staff|ingestion_candidates|ingestion_source_runs|ingestion_sources|profiles","","","/api/auth/ensure-profile|/api/auth/register|/api/auth/request-password-reset|/api/auth/sign-in-phone","admin|admin|cron_secret|organizer|authenticated|rate_limit","2","static_source","unknown_db_down"
"69ea2011162ec526","/api/admin/ingestion/prompts","route_handler","src/app/api/admin/ingestion/prompts/route.ts","src/lib/admin/audit.ts|src/lib/admin/authorize-request.ts|src/lib/supabase/admin.ts|src/types/database.ts","src/lib/admin/capabilities.ts|src/lib/admin/staff.ts|src/lib/monitoring/sentry.ts|src/lib/security/browser-mutation-origin.ts|src/lib/supabase-auth-provider.ts|src/lib/supabase/env.ts|src/lib/supabase/server.ts|src/types/admin.ts","supabase|external_http","admin_audit_log|admin_role_presets|admin_staff|ingestion_prompt_versions|profiles","","","/api/auth/ensure-profile|/api/auth/register|/api/auth/request-password-reset|/api/auth/sign-in-phone","admin|admin|cron_secret|organizer|authenticated","2","static_source","unknown_db_down"
"4d75d4068076b40d","/api/admin/ingestion/proposals/[id]","route_handler","src/app/api/admin/ingestion/proposals/[id]/route.ts","src/lib/admin/audit.ts|src/lib/admin/authorize-request.ts|src/lib/supabase/admin.ts|src/types/admin.ts|src/types/cms-content.ts|src/types/database.ts","src/data/destination-pages.ts|src/data/legal-content.ts|src/lib/admin/capabilities.ts|src/lib/admin/staff.ts|src/lib/blog-utils.ts|src/lib/media-resolver.ts|src/lib/monitoring/sentry.ts|src/lib/security/browser-mutation-origin.ts|src/lib/supabase-auth-provider.ts|src/lib/supabase/env.ts|src/lib/supabase/server.ts|src/types/admin-analytics.ts|src/types/blog-content-blocks.ts|src/types/content-page.ts|src/types/index.ts|src/types/place.ts","supabase|cms|static_data|external_http","admin_audit_log|admin_role_presets|admin_staff|ingestion_update_proposals|profiles","apply_ingestion_update_proposal_atomic","","/api/auth/ensure-profile|/api/auth/register|/api/auth/request-password-reset|/api/auth/sign-in-phone","admin|admin|cron_secret|organizer|organizer|authenticated","2","static_source","unknown_db_down"
"23330a13e07106d1","/api/admin/ingestion/runs","route_handler","src/app/api/admin/ingestion/runs/route.ts","src/lib/admin/authorize-request.ts|src/lib/supabase/admin.ts","src/lib/admin/capabilities.ts|src/lib/admin/staff.ts|src/lib/monitoring/sentry.ts|src/lib/security/browser-mutation-origin.ts|src/lib/supabase-auth-provider.ts|src/lib/supabase/env.ts|src/lib/supabase/server.ts|src/types/admin.ts|src/types/database.ts","supabase|external_http","admin_role_presets|admin_staff|ingestion_source_runs|profiles","","","/api/auth/ensure-profile|/api/auth/register|/api/auth/request-password-reset|/api/auth/sign-in-phone","admin|admin|cron_secret|organizer|authenticated","2","static_source","unknown_db_down"
"be83dc2dba4b0640","/api/admin/ingestion/runs/[id]","route_handler","src/app/api/admin/ingestion/runs/[id]/route.ts","src/lib/admin/audit.ts|src/lib/admin/authorize-request.ts|src/lib/ingestion/pipeline-server.ts|src/lib/supabase/admin.ts","src/lib/admin/capabilities.ts|src/lib/admin/staff.ts|src/lib/cms/content-server.ts|src/lib/ingestion/adapters/index.ts|src/lib/ingestion/ai-analysis.ts|src/lib/ingestion/content-intelligence.ts|src/lib/ingestion/policy.ts|src/lib/ingestion/repository-server.ts|src/lib/ingestion/schedule.ts|src/lib/media/cms-media-server.ts|src/lib/monitoring/sentry.ts|src/lib/security/browser-mutation-origin.ts|src/lib/supabase-auth-provider.ts|src/lib/supabase/env.ts|src/lib/supabase/server.ts|src/types/admin.ts|src/types/cms-content.ts|src/types/database.ts|src/types/ingestion.ts","supabase|cms|static_data|external_http|filesystem","admin_audit_log|admin_role_presets|admin_staff|cms_media_assets|cms_search_outbox|content_documents|content_revisions|content_source_links|content_sources|ingestion_candidates|ingestion_duplicate_links|ingestion_normalized_documents|ingestion_processing_steps|ingestion_prompt_versions|ingestion_raw_documents|ingestion_source_runs|ingestion_sources|ingestion_update_proposals|profiles","cms_create_document_atomic|cms_import_documents_atomic|cms_mutate_document_atomic","ingestion-raw","/api/auth/ensure-profile|/api/auth/register|/api/auth/request-password-reset|/api/auth/sign-in-phone","admin|admin|cron_secret|cron_secret|organizer|authenticated|rate_limit","2","static_source","unknown_db_down"
"526ac470d5701154","/api/admin/ingestion/sources","route_handler","src/app/api/admin/ingestion/sources/route.ts","src/lib/admin/audit.ts|src/lib/admin/authorize-request.ts|src/lib/admin/capabilities.ts|src/lib/ingestion/adapters/index.ts|src/lib/ingestion/api-validation.ts|src/lib/ingestion/repository-server.ts|src/lib/supabase/admin.ts|src/types/ingestion.ts","src/lib/admin/staff.ts|src/lib/ingestion/adapters/telegram.ts|src/lib/ingestion/adapters/web.ts|src/lib/ingestion/adapters/youtube.ts|src/lib/ingestion/schedule.ts|src/lib/ingestion/source-mapper.ts|src/lib/monitoring/sentry.ts|src/lib/security/browser-mutation-origin.ts|src/lib/supabase-auth-provider.ts|src/lib/supabase/env.ts|src/lib/supabase/server.ts|src/types/admin.ts|src/types/database.ts","supabase|external_http","admin_audit_log|admin_role_presets|admin_staff|ingestion_candidates|ingestion_source_runs|ingestion_sources|profiles","","","/api/auth/ensure-profile|/api/auth/register|/api/auth/request-password-reset|/api/auth/sign-in-phone","admin|admin|cron_secret|cron_secret|rate_limit|organizer|authenticated|rate_limit","2","static_source","unknown_db_down"
"6c9292ef9deb402e","/api/admin/ingestion/sources/[id]","route_handler","src/app/api/admin/ingestion/sources/[id]/route.ts","src/lib/admin/audit.ts|src/lib/admin/authorize-request.ts|src/lib/admin/capabilities.ts|src/lib/ingestion/api-validation.ts|src/lib/ingestion/repository-server.ts|src/lib/supabase/admin.ts","src/lib/admin/staff.ts|src/lib/ingestion/schedule.ts|src/lib/ingestion/source-mapper.ts|src/lib/monitoring/sentry.ts|src/lib/security/browser-mutation-origin.ts|src/lib/supabase-auth-provider.ts|src/lib/supabase/env.ts|src/lib/supabase/server.ts|src/types/admin.ts|src/types/database.ts|src/types/ingestion.ts","supabase|external_http","admin_audit_log|admin_role_presets|admin_staff|ingestion_candidates|ingestion_source_runs|ingestion_sources|profiles","","","/api/auth/ensure-profile|/api/auth/register|/api/auth/request-password-reset|/api/auth/sign-in-phone","admin|admin|cron_secret|cron_secret|rate_limit|organizer|authenticated|rate_limit","2","static_source","unknown_db_down"
"1267de05e0c589fa","/api/admin/ingestion/sources/[id]/run","route_handler","src/app/api/admin/ingestion/sources/[id]/run/route.ts","src/lib/admin/audit.ts|src/lib/admin/authorize-request.ts|src/lib/ingestion/pipeline-server.ts|src/lib/supabase/admin.ts","src/lib/admin/capabilities.ts|src/lib/admin/staff.ts|src/lib/cms/content-server.ts|src/lib/ingestion/adapters/index.ts|src/lib/ingestion/ai-analysis.ts|src/lib/ingestion/content-intelligence.ts|src/lib/ingestion/policy.ts|src/lib/ingestion/repository-server.ts|src/lib/ingestion/schedule.ts|src/lib/media/cms-media-server.ts|src/lib/monitoring/sentry.ts|src/lib/security/browser-mutation-origin.ts|src/lib/supabase-auth-provider.ts|src/lib/supabase/env.ts|src/lib/supabase/server.ts|src/types/admin.ts|src/types/cms-content.ts|src/types/database.ts|src/types/ingestion.ts","supabase|cms|static_data|external_http|filesystem","admin_audit_log|admin_role_presets|admin_staff|cms_media_assets|cms_search_outbox|content_documents|content_revisions|content_source_links|content_sources|ingestion_candidates|ingestion_duplicate_links|ingestion_normalized_documents|ingestion_processing_steps|ingestion_prompt_versions|ingestion_raw_documents|ingestion_source_runs|ingestion_sources|ingestion_update_proposals|profiles","cms_create_document_atomic|cms_import_documents_atomic|cms_mutate_document_atomic","ingestion-raw","/api/auth/ensure-profile|/api/auth/register|/api/auth/request-password-reset|/api/auth/sign-in-phone","admin|admin|cron_secret|cron_secret|organizer|authenticated|rate_limit","2","static_source","unknown_db_down"
"0da66078102945ef","/api/admin/ingestion/sources/[id]/test","route_handler","src/app/api/admin/ingestion/sources/[id]/test/route.ts","src/lib/admin/authorize-request.ts|src/lib/ingestion/adapters/index.ts|src/lib/ingestion/repository-server.ts|src/lib/supabase/admin.ts","src/lib/admin/capabilities.ts|src/lib/admin/staff.ts|src/lib/ingestion/adapters/telegram.ts|src/lib/ingestion/adapters/web.ts|src/lib/ingestion/adapters/youtube.ts|src/lib/ingestion/schedule.ts|src/lib/ingestion/source-mapper.ts|src/lib/monitoring/sentry.ts|src/lib/security/browser-mutation-origin.ts|src/lib/supabase-auth-provider.ts|src/lib/supabase/env.ts|src/lib/supabase/server.ts|src/types/admin.ts|src/types/database.ts|src/types/ingestion.ts","supabase|external_http","admin_role_presets|admin_staff|ingestion_candidates|ingestion_source_runs|ingestion_sources|profiles","","","/api/auth/ensure-profile|/api/auth/register|/api/auth/request-password-reset|/api/auth/sign-in-phone","admin|admin|cron_secret|organizer|authenticated|rate_limit","2","static_source","unknown_db_down"
"0e12acb4d96c94d2","/api/admin/ingestion/sources/[id]/upload","route_handler","src/app/api/admin/ingestion/sources/[id]/upload/route.ts","src/lib/admin/audit.ts|src/lib/admin/authorize-request.ts|src/lib/ingestion/pipeline-server.ts|src/lib/ingestion/repository-server.ts|src/lib/supabase/admin.ts","src/lib/admin/capabilities.ts|src/lib/admin/staff.ts|src/lib/cms/content-server.ts|src/lib/ingestion/adapters/index.ts|src/lib/ingestion/ai-analysis.ts|src/lib/ingestion/content-intelligence.ts|src/lib/ingestion/policy.ts|src/lib/ingestion/schedule.ts|src/lib/ingestion/source-mapper.ts|src/lib/media/cms-media-server.ts|src/lib/monitoring/sentry.ts|src/lib/security/browser-mutation-origin.ts|src/lib/supabase-auth-provider.ts|src/lib/supabase/env.ts|src/lib/supabase/server.ts|src/types/admin.ts|src/types/cms-content.ts|src/types/database.ts|src/types/ingestion.ts","supabase|cms|static_data|external_http|filesystem","admin_audit_log|admin_role_presets|admin_staff|cms_media_assets|cms_search_outbox|content_documents|content_revisions|content_source_links|content_sources|ingestion_candidates|ingestion_duplicate_links|ingestion_normalized_documents|ingestion_processing_steps|ingestion_prompt_versions|ingestion_raw_documents|ingestion_source_runs|ingestion_sources|ingestion_update_proposals|profiles","cms_create_document_atomic|cms_import_documents_atomic|cms_mutate_document_atomic","ingestion-raw","/api/auth/ensure-profile|/api/auth/register|/api/auth/request-password-reset|/api/auth/sign-in-phone","admin|admin|cron_secret|cron_secret|organizer|authenticated|rate_limit","2","static_source","unknown_db_down"
"9dc6cf0e86ef1b71","/api/admin/integrations/verify","route_handler","src/app/api/admin/integrations/verify/route.ts","src/lib/admin/audit.ts|src/lib/admin/authorize-request.ts|src/lib/integrations/verification-server.ts|src/lib/supabase/admin.ts","src/lib/admin/capabilities.ts|src/lib/admin/staff.ts|src/lib/integrations/admin-readiness.ts|src/lib/monitoring/sentry.ts|src/lib/security/browser-mutation-origin.ts|src/lib/supabase-auth-provider.ts|src/lib/supabase/env.ts|src/lib/supabase/server.ts|src/lib/tripster/auth.ts|src/lib/youtravel/client.ts|src/types/admin.ts|src/types/database.ts","supabase|tripster|youtravel|external_http","admin_audit_log|admin_role_presets|admin_staff|profiles|site_settings","","","/api/auth/ensure-profile|/api/auth/register|/api/auth/request-password-reset|/api/auth/sign-in-phone","admin|admin|cron_secret|organizer|authenticated","2","static_source","unknown_db_down"
"b20506737a635cab","/api/admin/leads","route_handler","src/app/api/admin/leads/route.ts","src/lib/admin/authorize-request.ts|src/lib/supabase/admin.ts|src/types/database.ts","src/lib/admin/capabilities.ts|src/lib/admin/staff.ts|src/lib/monitoring/sentry.ts|src/lib/security/browser-mutation-origin.ts|src/lib/supabase-auth-provider.ts|src/lib/supabase/env.ts|src/lib/supabase/server.ts|src/types/admin.ts","supabase|external_http","admin_role_presets|admin_staff|contact_submissions|newsletter_subscribers|profiles","","","/api/auth/ensure-profile|/api/auth/register|/api/auth/request-password-reset|/api/auth/sign-in-phone","admin|admin|cron_secret|organizer|authenticated","2","static_source","unknown_db_down"
"ef0496878a6ff0d1","/api/admin/leads/export","route_handler","src/app/api/admin/leads/export/route.ts","src/lib/admin/authorize-request.ts|src/lib/admin/csv.ts|src/lib/admin/export-pagination.ts|src/lib/supabase/admin.ts|src/types/database.ts","src/lib/admin/capabilities.ts|src/lib/admin/staff.ts|src/lib/monitoring/sentry.ts|src/lib/security/browser-mutation-origin.ts|src/lib/supabase-auth-provider.ts|src/lib/supabase/env.ts|src/lib/supabase/server.ts|src/types/admin.ts","supabase|external_http","admin_role_presets|admin_staff|contact_submissions|newsletter_subscribers|profiles","","","/api/auth/ensure-profile|/api/auth/register|/api/auth/request-password-reset|/api/auth/sign-in-phone","admin|admin|cron_secret|organizer|authenticated","2","static_source","unknown_db_down"
"2cd69f6741cb4208","/api/admin/media","route_handler","src/app/api/admin/media/route.ts","src/lib/admin/audit.ts|src/lib/admin/authorize-request.ts|src/lib/media/cms-media-server.ts|src/lib/supabase/admin.ts|src/types/media-asset.ts","src/lib/admin/capabilities.ts|src/lib/admin/staff.ts|src/lib/media/cms-media-image.ts|src/lib/media/static-media-storage.ts|src/lib/monitoring/sentry.ts|src/lib/security/browser-mutation-origin.ts|src/lib/supabase-auth-provider.ts|src/lib/supabase/env.ts|src/lib/supabase/server.ts|src/types/admin.ts|src/types/database.ts","supabase|cms|external_http|filesystem","admin_audit_log|admin_role_presets|admin_staff|cms_media_assets|profiles","","","/api/auth/ensure-profile|/api/auth/register|/api/auth/request-password-reset|/api/auth/sign-in-phone","admin|admin|cron_secret|organizer|authenticated","2","static_source","unknown_db_down"
"25b705da9a684d8f","/api/admin/media/[id]","route_handler","src/app/api/admin/media/[id]/route.ts","src/lib/admin/audit.ts|src/lib/admin/authorize-request.ts|src/lib/media/cms-media-server.ts|src/lib/supabase/admin.ts","src/lib/admin/capabilities.ts|src/lib/admin/staff.ts|src/lib/media/cms-media-image.ts|src/lib/media/static-media-storage.ts|src/lib/monitoring/sentry.ts|src/lib/security/browser-mutation-origin.ts|src/lib/supabase-auth-provider.ts|src/lib/supabase/env.ts|src/lib/supabase/server.ts|src/types/admin.ts|src/types/database.ts|src/types/media-asset.ts","supabase|cms|external_http|filesystem","admin_audit_log|admin_role_presets|admin_staff|cms_media_assets|profiles","","","/api/auth/ensure-profile|/api/auth/register|/api/auth/request-password-reset|/api/auth/sign-in-phone","admin|admin|cron_secret|organizer|authenticated","2","static_source","unknown_db_down"
"8913a33ed9ddddd1","/api/admin/mobility","route_handler","src/app/api/admin/mobility/route.ts","src/lib/admin/authorize-request.ts|src/lib/admin/user-identity-management.ts|src/lib/mobility/rpc-server.ts|src/types/mobility.ts","src/lib/admin/capabilities.ts|src/lib/admin/staff.ts|src/lib/monitoring/sentry.ts|src/lib/security/browser-mutation-origin.ts|src/lib/supabase-auth-provider.ts|src/lib/supabase/admin.ts|src/lib/supabase/env.ts|src/lib/supabase/server.ts|src/types/admin.ts|src/types/database.ts","supabase|external_http","admin_role_presets|admin_staff|profiles","","","/api/auth/ensure-profile|/api/auth/register|/api/auth/request-password-reset|/api/auth/sign-in-phone","admin|admin|cron_secret|organizer|authenticated","2","static_source","unknown_db_down"
"617abcbecd12742e","/api/admin/mobility/documents/[id]","route_handler","src/app/api/admin/mobility/documents/[id]/route.ts","src/lib/admin/authorize-request.ts|src/lib/admin/user-identity-management.ts|src/lib/mobility/rpc-server.ts|src/lib/supabase/admin.ts","src/lib/admin/capabilities.ts|src/lib/admin/staff.ts|src/lib/monitoring/sentry.ts|src/lib/security/browser-mutation-origin.ts|src/lib/supabase-auth-provider.ts|src/lib/supabase/env.ts|src/lib/supabase/server.ts|src/types/admin.ts|src/types/database.ts","supabase|external_http","admin_role_presets|admin_staff|profiles","","","/api/auth/ensure-profile|/api/auth/register|/api/auth/request-password-reset|/api/auth/sign-in-phone","admin|admin|cron_secret|organizer|authenticated","2","static_source","unknown_db_down"
"2cee0e52ce81024d","/api/admin/mobility/requests","route_handler","src/app/api/admin/mobility/requests/route.ts","src/lib/admin/authorize-request.ts|src/lib/admin/user-identity-management.ts|src/lib/mobility/rpc-server.ts|src/types/mobility.ts","src/lib/admin/capabilities.ts|src/lib/admin/staff.ts|src/lib/monitoring/sentry.ts|src/lib/security/browser-mutation-origin.ts|src/lib/supabase-auth-provider.ts|src/lib/supabase/admin.ts|src/lib/supabase/env.ts|src/lib/supabase/server.ts|src/types/admin.ts|src/types/database.ts","supabase|external_http","admin_role_presets|admin_staff|profiles","","","/api/auth/ensure-profile|/api/auth/register|/api/auth/request-password-reset|/api/auth/sign-in-phone","admin|admin|cron_secret|organizer|authenticated","2","static_source","unknown_db_down"
"45b7dc1dd70c478c","/api/admin/moderation","route_handler","src/app/api/admin/moderation/route.ts","src/lib/admin/authorize-request.ts|src/lib/admin/moderation-server.ts|src/lib/supabase/admin.ts","src/lib/admin/capabilities.ts|src/lib/admin/staff.ts|src/lib/blog-comments-server.ts|src/lib/forum/forum-server.ts|src/lib/monitoring/sentry.ts|src/lib/notifications/email-delivery.ts|src/lib/notifications/event-emitters.ts|src/lib/reviews-db-mapper.ts|src/lib/reviews-server.ts|src/lib/security/browser-mutation-origin.ts|src/lib/supabase-auth-provider.ts|src/lib/supabase/env.ts|src/lib/supabase/server.ts|src/types/admin.ts|src/types/database.ts|src/types/tour-content.ts","supabase|cms|static_data|external_http","admin_role_presets|admin_staff|blog_article_comments|blog_comment_reports|content_documents|email_delivery_outbox|forum_categories|forum_post_reports|forum_posts|forum_threads|moderation_queue|profiles|review_reports|tourist_reviews|tours","admin_resolve_blog_comment_report|admin_resolve_moderation_item_atomic","","/api/auth/ensure-profile|/api/auth/register|/api/auth/request-password-reset|/api/auth/sign-in-phone","admin|admin|cron_secret|admin|organizer|admin|organizer|cron_secret|organizer|authenticated","2","static_source","unknown_db_down"
"2a342cf07861becf","/api/admin/moderation/[id]","route_handler","src/app/api/admin/moderation/[id]/route.ts","src/lib/admin/audit.ts|src/lib/admin/authorize-request.ts|src/lib/admin/moderation-server.ts|src/lib/supabase/admin.ts","src/lib/admin/capabilities.ts|src/lib/admin/staff.ts|src/lib/blog-comments-server.ts|src/lib/forum/forum-server.ts|src/lib/monitoring/sentry.ts|src/lib/notifications/email-delivery.ts|src/lib/notifications/event-emitters.ts|src/lib/reviews-db-mapper.ts|src/lib/reviews-server.ts|src/lib/security/browser-mutation-origin.ts|src/lib/supabase-auth-provider.ts|src/lib/supabase/env.ts|src/lib/supabase/server.ts|src/types/admin.ts|src/types/database.ts|src/types/tour-content.ts","supabase|cms|static_data|external_http","admin_audit_log|admin_role_presets|admin_staff|blog_article_comments|blog_comment_reports|content_documents|email_delivery_outbox|forum_categories|forum_post_reports|forum_posts|forum_threads|moderation_queue|profiles|review_reports|tourist_reviews|tours","admin_resolve_blog_comment_report|admin_resolve_moderation_item_atomic","","/api/auth/ensure-profile|/api/auth/register|/api/auth/request-password-reset|/api/auth/sign-in-phone","admin|admin|cron_secret|admin|organizer|admin|organizer|cron_secret|organizer|authenticated","2","static_source","unknown_db_down"
"c1809108bfd141fa","/api/admin/modules","route_handler","src/app/api/admin/modules/route.ts","src/lib/admin/authorize-request.ts|src/lib/cms/site-globals/normalize.ts|src/lib/modules/registry.ts|src/lib/supabase/admin.ts","src/data/site-contacts.ts|src/lib/admin/capabilities.ts|src/lib/admin/staff.ts|src/lib/monitoring/sentry.ts|src/lib/security/browser-mutation-origin.ts|src/lib/supabase-auth-provider.ts|src/lib/supabase/env.ts|src/lib/supabase/server.ts|src/types/admin.ts|src/types/database.ts|src/types/site-globals.ts","supabase|cms|static_data|external_http","admin_role_presets|admin_staff|profiles|site_settings","","","/api/auth/ensure-profile|/api/auth/register|/api/auth/request-password-reset|/api/auth/sign-in-phone","admin|admin|cron_secret|organizer|authenticated","2","static_source","unknown_db_down"
"cd49dceb445ec638","/api/admin/notifications","route_handler","src/app/api/admin/notifications/route.ts","src/lib/admin/authorize-request.ts|src/lib/admin/notifications-server.ts|src/lib/supabase/admin.ts","src/lib/admin/capabilities.ts|src/lib/admin/staff.ts|src/lib/monitoring/sentry.ts|src/lib/security/browser-mutation-origin.ts|src/lib/supabase-auth-provider.ts|src/lib/supabase/env.ts|src/lib/supabase/server.ts|src/types/admin-notifications.ts|src/types/admin.ts|src/types/database.ts","supabase|external_http","admin_notifications|admin_role_presets|admin_staff|bookings|contact_submissions|moderation_queue|newsletter_subscribers|profiles","","","/api/auth/ensure-profile|/api/auth/register|/api/auth/request-password-reset|/api/auth/sign-in-phone","admin|admin|cron_secret|organizer|authenticated","2","static_source","unknown_db_down"
"e0270feaf33e1085","/api/admin/notifications/[id]/read","route_handler","src/app/api/admin/notifications/[id]/read/route.ts","src/lib/admin/authorize-request.ts|src/lib/admin/notifications-server.ts|src/lib/supabase/admin.ts","src/lib/admin/capabilities.ts|src/lib/admin/staff.ts|src/lib/monitoring/sentry.ts|src/lib/security/browser-mutation-origin.ts|src/lib/supabase-auth-provider.ts|src/lib/supabase/env.ts|src/lib/supabase/server.ts|src/types/admin-notifications.ts|src/types/admin.ts|src/types/database.ts","supabase|external_http","admin_notifications|admin_role_presets|admin_staff|bookings|contact_submissions|moderation_queue|newsletter_subscribers|profiles","","","/api/auth/ensure-profile|/api/auth/register|/api/auth/request-password-reset|/api/auth/sign-in-phone","admin|admin|cron_secret|organizer|authenticated","2","static_source","unknown_db_down"
"5dba2cc6936648f5","/api/admin/notifications/digest","route_handler","src/app/api/admin/notifications/digest/route.ts","src/lib/admin/authorize-request.ts|src/lib/notifications/email-delivery.ts|src/lib/notifications/notifications-server.ts|src/lib/supabase/admin.ts","src/data/booking-statuses.ts|src/lib/admin/capabilities.ts|src/lib/admin/staff.ts|src/lib/booking-display.ts|src/lib/guest-booking.ts|src/lib/monitoring/sentry.ts|src/lib/notifications/email-template-contract.ts|src/lib/notifications/email-template-resolver-server.ts|src/lib/notifications/email-templates/index.ts|src/lib/notifications/unsubscribe-token.ts|src/lib/organizer-bookings.ts|src/lib/security/browser-mutation-origin.ts|src/lib/site-settings-server.ts|src/lib/site-url.ts|src/lib/supabase-auth-provider.ts|src/lib/supabase/env.ts|src/lib/supabase/server.ts|src/types/admin.ts|src/types/database.ts|src/types/notifications-hub.ts|src/types/tourist.ts","supabase|cms|static_data|external_http","admin_role_presets|admin_staff|email_delivery_outbox|email_template_versions|notification_events|notification_preferences|profiles|site_settings","","","/api/auth/ensure-profile|/api/auth/register|/api/auth/request-password-reset|/api/auth/sign-in-phone","admin|admin|cron_secret|admin|organizer|admin|organizer|cron_secret|cron_secret|organizer|organizer|authenticated|webhook_signature","2","static_source","unknown_db_down"
"89984762a15777df","/api/admin/notifications/mark-all-read","route_handler","src/app/api/admin/notifications/mark-all-read/route.ts","src/lib/admin/authorize-request.ts|src/lib/admin/notifications-server.ts|src/lib/supabase/admin.ts","src/lib/admin/capabilities.ts|src/lib/admin/staff.ts|src/lib/monitoring/sentry.ts|src/lib/security/browser-mutation-origin.ts|src/lib/supabase-auth-provider.ts|src/lib/supabase/env.ts|src/lib/supabase/server.ts|src/types/admin-notifications.ts|src/types/admin.ts|src/types/database.ts","supabase|external_http","admin_notifications|admin_role_presets|admin_staff|bookings|contact_submissions|moderation_queue|newsletter_subscribers|profiles","","","/api/auth/ensure-profile|/api/auth/register|/api/auth/request-password-reset|/api/auth/sign-in-phone","admin|admin|cron_secret|organizer|authenticated","2","static_source","unknown_db_down"
"5e76b88342a20dcd","/api/admin/operations/summary","route_handler","src/app/api/admin/operations/summary/route.ts","src/lib/admin/authorize-request.ts|src/lib/admin/operations-server.ts|src/lib/supabase/admin.ts","src/lib/admin/capabilities.ts|src/lib/admin/health-server.ts|src/lib/admin/notifications-server.ts|src/lib/admin/organizer-applications-server.ts|src/lib/admin/payments-server.ts|src/lib/admin/staff.ts|src/lib/monitoring/sentry.ts|src/lib/security/browser-mutation-origin.ts|src/lib/supabase-auth-provider.ts|src/lib/supabase/env.ts|src/lib/supabase/server.ts|src/types/admin.ts|src/types/database.ts","supabase|external_http","admin_notifications|admin_role_presets|admin_staff|bookings|contact_submissions|moderation_queue|newsletter_subscribers|organizer_applications|profiles","","","/api/auth/ensure-profile|/api/auth/register|/api/auth/request-password-reset|/api/auth/sign-in-phone","admin|admin|cron_secret|admin|organizer|organizer|authenticated","2","static_source","unknown_db_down"
"04ead01dce357abf","/api/admin/ops/email-outbox","route_handler","src/app/api/admin/ops/email-outbox/route.ts","src/lib/admin/audit.ts|src/lib/admin/authorize-request.ts|src/lib/notifications/email-delivery.ts|src/lib/supabase/admin.ts","src/data/booking-statuses.ts|src/lib/admin/capabilities.ts|src/lib/admin/staff.ts|src/lib/booking-display.ts|src/lib/monitoring/sentry.ts|src/lib/notifications/email-template-contract.ts|src/lib/notifications/email-template-resolver-server.ts|src/lib/notifications/email-templates/index.ts|src/lib/notifications/notifications-server.ts|src/lib/notifications/unsubscribe-token.ts|src/lib/security/browser-mutation-origin.ts|src/lib/site-settings-server.ts|src/lib/site-url.ts|src/lib/supabase-auth-provider.ts|src/lib/supabase/env.ts|src/lib/supabase/server.ts|src/types/admin.ts|src/types/database.ts|src/types/notifications-hub.ts|src/types/tourist.ts","supabase|cms|static_data|external_http","admin_audit_log|admin_role_presets|admin_staff|email_delivery_outbox|email_template_versions|notification_events|notification_preferences|profiles|site_settings","","","/api/auth/ensure-profile|/api/auth/register|/api/auth/request-password-reset|/api/auth/sign-in-phone","admin|admin|cron_secret|admin|organizer|admin|organizer|cron_secret|cron_secret|organizer|organizer|authenticated|webhook_signature","2","static_source","unknown_db_down"
"defe7a54de2fff2d","/api/admin/ops/sentry-test","route_handler","src/app/api/admin/ops/sentry-test/route.ts","src/lib/admin/authorize-request.ts|src/lib/monitoring/sentry.ts","src/lib/admin/capabilities.ts|src/lib/admin/staff.ts|src/lib/security/browser-mutation-origin.ts|src/lib/security/monitoring-scrub.ts|src/lib/supabase-auth-provider.ts|src/lib/supabase/env.ts|src/lib/supabase/server.ts|src/types/admin.ts","supabase|external_http","admin_role_presets|admin_staff|profiles","","","/api/auth/ensure-profile|/api/auth/register|/api/auth/request-password-reset|/api/auth/sign-in-phone","admin|admin|cron_secret|cron_secret|organizer|authenticated","2","static_source","unknown_db_down"
"c6c7df7247a933b7","/api/admin/ops/waitlist","route_handler","src/app/api/admin/ops/waitlist/route.ts","src/lib/admin/authorize-request.ts|src/lib/supabase/admin.ts","src/lib/admin/capabilities.ts|src/lib/admin/staff.ts|src/lib/monitoring/sentry.ts|src/lib/security/browser-mutation-origin.ts|src/lib/supabase-auth-provider.ts|src/lib/supabase/env.ts|src/lib/supabase/server.ts|src/types/admin.ts|src/types/database.ts","supabase|external_http","admin_role_presets|admin_staff|profiles|tour_waitlist_entries","","","/api/auth/ensure-profile|/api/auth/register|/api/auth/request-password-reset|/api/auth/sign-in-phone","admin|admin|cron_secret|organizer|authenticated","2","static_source","unknown_db_down"
"5fec3b1bde7b6db7","/api/admin/ops/waitlist/[id]","route_handler","src/app/api/admin/ops/waitlist/[id]/route.ts","src/lib/admin/audit.ts|src/lib/admin/authorize-request.ts|src/lib/supabase/admin.ts","src/lib/admin/capabilities.ts|src/lib/admin/staff.ts|src/lib/monitoring/sentry.ts|src/lib/security/browser-mutation-origin.ts|src/lib/supabase-auth-provider.ts|src/lib/supabase/env.ts|src/lib/supabase/server.ts|src/types/admin.ts|src/types/database.ts","supabase|external_http","admin_audit_log|admin_role_presets|admin_staff|profiles","admin_transition_waitlist_entry","","/api/auth/ensure-profile|/api/auth/register|/api/auth/request-password-reset|/api/auth/sign-in-phone","admin|admin|cron_secret|organizer|authenticated","2","static_source","unknown_db_down"
"623f0044256846b4","/api/admin/organizer-applications","route_handler","src/app/api/admin/organizer-applications/route.ts","src/lib/admin/authorize-request.ts|src/lib/admin/organizer-applications-server.ts|src/lib/supabase/admin.ts","src/lib/admin/capabilities.ts|src/lib/admin/staff.ts|src/lib/monitoring/sentry.ts|src/lib/security/browser-mutation-origin.ts|src/lib/supabase-auth-provider.ts|src/lib/supabase/env.ts|src/lib/supabase/server.ts|src/types/admin.ts|src/types/database.ts","supabase|external_http","admin_role_presets|admin_staff|organizer_applications|profiles","","","/api/auth/ensure-profile|/api/auth/register|/api/auth/request-password-reset|/api/auth/sign-in-phone","admin|admin|cron_secret|admin|organizer|organizer|authenticated","2","static_source","unknown_db_down"
"4a181e98fef21569","/api/admin/organizer-applications/[id]","route_handler","src/app/api/admin/organizer-applications/[id]/route.ts","src/lib/admin/audit.ts|src/lib/admin/authorize-request.ts|src/lib/admin/moderation-notify.ts|src/lib/admin/organizer-applications-server.ts|src/lib/admin/user-identity-management.ts|src/lib/notifications/notifications-server.ts|src/lib/supabase/admin.ts|src/types/database.ts","src/data/booking-statuses.ts|src/lib/admin/capabilities.ts|src/lib/admin/staff.ts|src/lib/guest-booking.ts|src/lib/monitoring/sentry.ts|src/lib/notifications/email-delivery.ts|src/lib/notifications/email-templates/index.ts|src/lib/organizer-bookings.ts|src/lib/security/browser-mutation-origin.ts|src/lib/site-url.ts|src/lib/supabase-auth-provider.ts|src/lib/supabase/env.ts|src/lib/supabase/server.ts|src/types/admin.ts|src/types/notifications-hub.ts","supabase|static_data|external_http","admin_audit_log|admin_role_presets|admin_staff|email_delivery_outbox|notification_events|notification_preferences|organizer_applications|profiles","admin_decide_organizer_application","","/api/auth/ensure-profile|/api/auth/register|/api/auth/request-password-reset|/api/auth/sign-in-phone","admin|admin|cron_secret|admin|organizer|admin|organizer|cron_secret|organizer|organizer|authenticated","2","static_source","unknown_db_down"
"934f6dbbe91bc430","/api/admin/owner-onboarding","route_handler","src/app/api/admin/owner-onboarding/route.ts","src/lib/admin/authorize-request.ts|src/lib/admin/owner-onboarding-server.ts|src/lib/supabase/admin.ts","src/lib/admin/capabilities.ts|src/lib/admin/staff.ts|src/lib/integrations/admin-readiness.ts|src/lib/monitoring/sentry.ts|src/lib/ops/ops-status.ts|src/lib/security/browser-mutation-origin.ts|src/lib/supabase-auth-provider.ts|src/lib/supabase/env.ts|src/lib/supabase/server.ts|src/types/admin.ts|src/types/database.ts","supabase|external_http|filesystem","admin_audit_log|admin_role_presets|admin_staff|content_documents|ops_cron_runs|profiles|site_settings|tours","","","/api/auth/ensure-profile|/api/auth/register|/api/auth/request-password-reset|/api/auth/sign-in-phone","admin|admin|cron_secret|organizer|authenticated","2","static_source","unknown_db_down"
"29b5db22240c63c8","/api/admin/payments","route_handler","src/app/api/admin/payments/route.ts","src/lib/admin/analytics-period.ts|src/lib/admin/authorize-request.ts|src/lib/admin/payments-server.ts|src/lib/supabase/admin.ts|src/types/admin-payments.ts","src/lib/admin/capabilities.ts|src/lib/admin/staff.ts|src/lib/booking-params.ts|src/lib/booking-payment-link.ts|src/lib/booking-payment.ts|src/lib/bookings-db-mapper.ts|src/lib/bookings-store.ts|src/lib/monitoring/sentry.ts|src/lib/security/browser-mutation-origin.ts|src/lib/supabase-auth-provider.ts|src/lib/supabase/env.ts|src/lib/supabase/server.ts|src/types/admin-analytics.ts|src/types/admin.ts|src/types/booking-params.ts|src/types/booking-payment.ts|src/types/database.ts|src/types/locale.ts","supabase|static_data|external_http","admin_role_presets|admin_staff|bookings|profiles","","","/api/auth/ensure-profile|/api/auth/register|/api/auth/request-password-reset|/api/auth/sign-in-phone","admin|admin|cron_secret|organizer|organizer|authenticated","2","static_source","unknown_db_down"
"d0fb5f5f77323e73","/api/admin/payments/payouts","route_handler","src/app/api/admin/payments/payouts/route.ts","src/lib/admin/analytics-period.ts|src/lib/admin/authorize-request.ts|src/lib/payments/commission-server.ts|src/lib/payments/money.ts|src/lib/payments/payout-server.ts|src/lib/supabase/admin.ts|src/types/payment-platform.ts","src/lib/admin/capabilities.ts|src/lib/admin/staff.ts|src/lib/monitoring/sentry.ts|src/lib/payments/ledger-aggregation.ts|src/lib/payments/payout-export.ts|src/lib/security/browser-mutation-origin.ts|src/lib/supabase-auth-provider.ts|src/lib/supabase/env.ts|src/lib/supabase/server.ts|src/types/admin-analytics.ts|src/types/admin.ts|src/types/booking-params.ts|src/types/database.ts|src/types/payment-webhook.ts|src/types/platform-commission.ts","supabase|static_data|external_http","admin_role_presets|admin_staff|booking_attribution|booking_commission_snapshots|payout_records|platform_commission_rules|profiles","approve_payout_batch_atomic|cancel_payout_batch_atomic|complete_payout_batch_atomic|create_payout_batch_atomic|mark_payout_exported_atomic","","/api/auth/ensure-profile|/api/auth/register|/api/auth/request-password-reset|/api/auth/sign-in-phone","admin|admin|cron_secret|organizer|authenticated","2","static_source","unknown_db_down"
"23a217f29d0e87dc","/api/admin/payments/payouts/[id]/export","route_handler","src/app/api/admin/payments/payouts/[id]/export/route.ts","src/lib/admin/authorize-request.ts|src/lib/payments/payout-export.ts|src/lib/payments/payout-server.ts|src/lib/supabase/admin.ts","src/lib/admin/analytics-period.ts|src/lib/admin/capabilities.ts|src/lib/admin/staff.ts|src/lib/monitoring/sentry.ts|src/lib/payments/commission-server.ts|src/lib/payments/ledger-aggregation.ts|src/lib/payments/money.ts|src/lib/security/browser-mutation-origin.ts|src/lib/supabase-auth-provider.ts|src/lib/supabase/env.ts|src/lib/supabase/server.ts|src/types/admin-analytics.ts|src/types/admin.ts|src/types/database.ts|src/types/payment-platform.ts|src/types/platform-commission.ts","supabase|external_http","admin_role_presets|admin_staff|booking_attribution|booking_commission_snapshots|payout_records|platform_commission_rules|profiles","approve_payout_batch_atomic|cancel_payout_batch_atomic|complete_payout_batch_atomic|create_payout_batch_atomic|mark_payout_exported_atomic","","/api/auth/ensure-profile|/api/auth/register|/api/auth/request-password-reset|/api/auth/sign-in-phone","admin|admin|cron_secret|organizer|authenticated","2","static_source","unknown_db_down"
"c4b580403717062a","/api/admin/payments/reconciliation","route_handler","src/app/api/admin/payments/reconciliation/route.ts","src/lib/admin/analytics-period.ts|src/lib/admin/audit.ts|src/lib/admin/authorize-request.ts|src/lib/payments/payout-server.ts|src/lib/payments/reconciliation-server.ts|src/lib/supabase/admin.ts","src/lib/admin/capabilities.ts|src/lib/admin/staff.ts|src/lib/monitoring/sentry.ts|src/lib/payments/commission-server.ts|src/lib/payments/ledger-aggregation.ts|src/lib/payments/money.ts|src/lib/payments/payout-export.ts|src/lib/payments/transaction-server.ts|src/lib/security/browser-mutation-origin.ts|src/lib/supabase-auth-provider.ts|src/lib/supabase/env.ts|src/lib/supabase/server.ts|src/types/admin-analytics.ts|src/types/admin.ts|src/types/database.ts|src/types/payment-platform.ts|src/types/platform-commission.ts","supabase|external_http","admin_audit_log|admin_role_presets|admin_staff|booking_attribution|booking_commission_snapshots|payment_audit_log|payment_transactions|payout_records|platform_commission_rules|profiles","approve_payout_batch_atomic|cancel_payout_batch_atomic|claim_refund_for_execution|complete_payout_batch_atomic|create_payout_batch_atomic|finalize_refund_attempt|mark_payout_exported_atomic|prepare_refund_request_atomic|reject_refund_request_atomic","","/api/auth/ensure-profile|/api/auth/register|/api/auth/request-password-reset|/api/auth/sign-in-phone","admin|admin|cron_secret|organizer|authenticated","2","static_source","unknown_db_down"
"8531177c6ad83d0c","/api/admin/payments/refund","route_handler","src/app/api/admin/payments/refund/route.ts","src/lib/admin/audit.ts|src/lib/admin/authorize-request.ts|src/lib/admin/user-identity-management.ts|src/lib/booking-params.ts|src/lib/bookings-server.ts|src/lib/payments/transaction-server.ts|src/lib/security/request-body-limit.ts|src/lib/supabase/admin.ts","src/data/tour-booking-defaults.ts|src/lib/admin/analytics-period.ts|src/lib/admin/capabilities.ts|src/lib/admin/staff.ts|src/lib/attribution/attribution-server.ts|src/lib/booking-payment.ts|src/lib/booking-travelers.ts|src/lib/bookings-db-mapper.ts|src/lib/bookings-store.ts|src/lib/monitoring/sentry.ts|src/lib/organizer-bookings.ts|src/lib/organizer-tour-store.ts|src/lib/payments/money.ts|src/lib/payments/payment-idempotency.ts|src/lib/permissions.ts|src/lib/security/browser-mutation-origin.ts|src/lib/supabase-auth-provider.ts|src/lib/supabase/env.ts|src/lib/supabase/server.ts|src/types/admin.ts|src/types/booking-attribution.ts|src/types/booking-params.ts|src/types/database.ts|src/types/locale.ts|src/types/payment-platform.ts|src/types/payment-webhook.ts|src/types/tourist.ts|src/types/user.ts","supabase|static_data|external_http","admin_audit_log|admin_role_presets|admin_staff|booking_attribution|bookings|payment_transactions|profiles","attach_guest_bookings_to_current_user|cancel_booking_with_reservation_release|claim_refund_for_execution|create_booking_with_reservation|finalize_refund_attempt|prepare_refund_request_atomic|reject_refund_request_atomic","","/api/auth/ensure-profile|/api/auth/register|/api/auth/request-password-reset|/api/auth/sign-in-phone","admin|admin|cron_secret|admin|organizer|cron_secret|organizer|organizer|authenticated","2","static_source","unknown_db_down"
"d4b20535aa56e5e3","/api/admin/payments/refunds/[id]/approve","route_handler","src/app/api/admin/payments/refunds/[id]/approve/route.ts","src/lib/admin/audit.ts|src/lib/admin/authorize-request.ts|src/lib/payments/transaction-server.ts|src/lib/supabase/admin.ts","src/lib/admin/analytics-period.ts|src/lib/admin/capabilities.ts|src/lib/admin/staff.ts|src/lib/monitoring/sentry.ts|src/lib/payments/money.ts|src/lib/payments/payment-idempotency.ts|src/lib/security/browser-mutation-origin.ts|src/lib/supabase-auth-provider.ts|src/lib/supabase/env.ts|src/lib/supabase/server.ts|src/types/admin.ts|src/types/database.ts|src/types/payment-platform.ts|src/types/payment-webhook.ts","supabase|external_http","admin_audit_log|admin_role_presets|admin_staff|payment_transactions|profiles","claim_refund_for_execution|finalize_refund_attempt|prepare_refund_request_atomic|reject_refund_request_atomic","","/api/auth/ensure-profile|/api/auth/register|/api/auth/request-password-reset|/api/auth/sign-in-phone","admin|admin|cron_secret|organizer|authenticated","2","static_source","unknown_db_down"
"a402cc2a0bb20ab9","/api/admin/payments/refunds/[id]/reject","route_handler","src/app/api/admin/payments/refunds/[id]/reject/route.ts","src/lib/admin/audit.ts|src/lib/admin/authorize-request.ts|src/lib/payments/transaction-server.ts|src/lib/supabase/admin.ts","src/lib/admin/analytics-period.ts|src/lib/admin/capabilities.ts|src/lib/admin/staff.ts|src/lib/monitoring/sentry.ts|src/lib/payments/money.ts|src/lib/payments/payment-idempotency.ts|src/lib/security/browser-mutation-origin.ts|src/lib/supabase-auth-provider.ts|src/lib/supabase/env.ts|src/lib/supabase/server.ts|src/types/admin.ts|src/types/database.ts|src/types/payment-platform.ts|src/types/payment-webhook.ts","supabase|external_http","admin_audit_log|admin_role_presets|admin_staff|payment_transactions|profiles","claim_refund_for_execution|finalize_refund_attempt|prepare_refund_request_atomic|reject_refund_request_atomic","","/api/auth/ensure-profile|/api/auth/register|/api/auth/request-password-reset|/api/auth/sign-in-phone","admin|admin|cron_secret|organizer|authenticated","2","static_source","unknown_db_down"
"88d5d9fb4f0428d3","/api/admin/payments/transactions","route_handler","src/app/api/admin/payments/transactions/route.ts","src/lib/admin/analytics-period.ts|src/lib/admin/authorize-request.ts|src/lib/payments/transaction-server.ts|src/lib/supabase/admin.ts|src/types/payment-platform.ts|src/types/payment-webhook.ts","src/lib/admin/capabilities.ts|src/lib/admin/staff.ts|src/lib/monitoring/sentry.ts|src/lib/payments/money.ts|src/lib/payments/payment-idempotency.ts|src/lib/security/browser-mutation-origin.ts|src/lib/supabase-auth-provider.ts|src/lib/supabase/env.ts|src/lib/supabase/server.ts|src/types/admin-analytics.ts|src/types/admin.ts|src/types/booking-params.ts|src/types/booking-payment.ts|src/types/database.ts","supabase|static_data|external_http","admin_role_presets|admin_staff|payment_transactions|profiles","claim_refund_for_execution|finalize_refund_attempt|prepare_refund_request_atomic|reject_refund_request_atomic","","/api/auth/ensure-profile|/api/auth/register|/api/auth/request-password-reset|/api/auth/sign-in-phone","admin|admin|cron_secret|organizer|authenticated","2","static_source","unknown_db_down"
"847cf22943122499","/api/admin/payments/transactions/[id]","route_handler","src/app/api/admin/payments/transactions/[id]/route.ts","src/lib/admin/authorize-request.ts|src/lib/payments/mercadopago-client.ts|src/lib/payments/refund-reconciliation.ts|src/lib/payments/stripe-client.ts|src/lib/payments/transaction-server.ts|src/lib/supabase/admin.ts","src/lib/admin/analytics-period.ts|src/lib/admin/capabilities.ts|src/lib/admin/staff.ts|src/lib/exchange-rates.ts|src/lib/monitoring/sentry.ts|src/lib/payments/checkout-currency.ts|src/lib/payments/money.ts|src/lib/payments/payment-idempotency.ts|src/lib/security/browser-mutation-origin.ts|src/lib/site-url.ts|src/lib/supabase-auth-provider.ts|src/lib/supabase/env.ts|src/lib/supabase/server.ts|src/types/admin.ts|src/types/booking-params.ts|src/types/database.ts|src/types/payment-platform.ts|src/types/payment-webhook.ts|src/types/tourist.ts","supabase|static_data|external_http","admin_role_presets|admin_staff|payment_transactions|profiles","claim_refund_for_execution|finalize_refund_attempt|prepare_refund_request_atomic|reject_refund_request_atomic","","/api/auth/ensure-profile|/api/auth/register|/api/auth/request-password-reset|/api/auth/sign-in-phone","admin|admin|cron_secret|cron_secret|cron_secret|webhook_signature|organizer|authenticated","2","static_source","unknown_db_down"
"52e4e27697062db8","/api/admin/privacy-requests","route_handler","src/app/api/admin/privacy-requests/route.ts","src/lib/admin/audit.ts|src/lib/admin/authorize-request.ts|src/lib/supabase/admin.ts|src/types/database.ts|src/types/privacy.ts","src/lib/admin/capabilities.ts|src/lib/admin/staff.ts|src/lib/monitoring/sentry.ts|src/lib/security/browser-mutation-origin.ts|src/lib/supabase-auth-provider.ts|src/lib/supabase/env.ts|src/lib/supabase/server.ts|src/types/admin.ts","supabase|external_http","admin_audit_log|admin_role_presets|admin_staff|privacy_requests|profiles","","","/api/auth/ensure-profile|/api/auth/register|/api/auth/request-password-reset|/api/auth/sign-in-phone","admin|admin|cron_secret|organizer|authenticated","2","static_source","unknown_db_down"
"41394aea38e50be1","/api/admin/redirects","route_handler","src/app/api/admin/redirects/route.ts","src/lib/admin/audit.ts|src/lib/admin/authorize-request.ts|src/lib/redirects/url-redirect-server.ts|src/types/url-redirect.ts","src/data/content-plan-url-redirects.ts|src/lib/admin/capabilities.ts|src/lib/admin/staff.ts|src/lib/monitoring/sentry.ts|src/lib/redirects/url-redirect-normalize.ts|src/lib/security/browser-mutation-origin.ts|src/lib/supabase-auth-provider.ts|src/lib/supabase/admin.ts|src/lib/supabase/env.ts|src/lib/supabase/server.ts|src/types/admin.ts|src/types/database.ts","supabase|static_data|external_http","admin_audit_log|admin_role_presets|admin_staff|profiles|url_redirects","","","/api/auth/ensure-profile|/api/auth/register|/api/auth/request-password-reset|/api/auth/sign-in-phone","admin|admin|cron_secret|organizer|authenticated","2","static_source","unknown_db_down"
"941b84695e11bba9","/api/admin/redirects/[id]","route_handler","src/app/api/admin/redirects/[id]/route.ts","src/lib/admin/audit.ts|src/lib/admin/authorize-request.ts|src/lib/redirects/url-redirect-server.ts|src/types/url-redirect.ts","src/data/content-plan-url-redirects.ts|src/lib/admin/capabilities.ts|src/lib/admin/staff.ts|src/lib/monitoring/sentry.ts|src/lib/redirects/url-redirect-normalize.ts|src/lib/security/browser-mutation-origin.ts|src/lib/supabase-auth-provider.ts|src/lib/supabase/admin.ts|src/lib/supabase/env.ts|src/lib/supabase/server.ts|src/types/admin.ts|src/types/database.ts","supabase|static_data|external_http","admin_audit_log|admin_role_presets|admin_staff|profiles|url_redirects","","","/api/auth/ensure-profile|/api/auth/register|/api/auth/request-password-reset|/api/auth/sign-in-phone","admin|admin|cron_secret|organizer|authenticated","2","static_source","unknown_db_down"
"69e028685cdb4d0b","/api/admin/search/reindex","route_handler","src/app/api/admin/search/reindex/route.ts","src/lib/admin/audit.ts|src/lib/admin/authorize-request.ts|src/lib/search/search-indexer.ts|src/lib/search/search-reindex-status.ts|src/lib/supabase/admin.ts","src/data/marketplace-tours-server.ts|src/lib/admin/capabilities.ts|src/lib/admin/staff.ts|src/lib/excursion-search-index.ts|src/lib/monitoring/sentry.ts|src/lib/search/meilisearch-client.ts|src/lib/search/types.ts|src/lib/security/browser-mutation-origin.ts|src/lib/site-search-index-server.ts|src/lib/site-search-index.ts|src/lib/supabase-auth-provider.ts|src/lib/supabase/env.ts|src/lib/supabase/server.ts|src/lib/tripster/excursion-server.ts|src/types/admin.ts|src/types/database.ts","supabase|tripster|static_data|external_http|filesystem","admin_audit_log|admin_role_presets|admin_staff|profiles|search_documents","","","/api/auth/ensure-profile|/api/auth/register|/api/auth/request-password-reset|/api/auth/sign-in-phone","admin|admin|cron_secret|organizer|authenticated","2","static_source","unknown_db_down"
"6438873a69ad6de2","/api/admin/seo/search-visibility","route_handler","src/app/api/admin/seo/search-visibility/route.ts","src/lib/admin/audit.ts|src/lib/admin/authorize-request.ts|src/lib/seo/search-provider-clients.ts|src/lib/seo/search-visibility-server.ts|src/lib/seo/search-visibility-types.ts","src/lib/admin/capabilities.ts|src/lib/admin/staff.ts|src/lib/monitoring/sentry.ts|src/lib/security/browser-mutation-origin.ts|src/lib/supabase-auth-provider.ts|src/lib/supabase/admin.ts|src/lib/supabase/env.ts|src/lib/supabase/server.ts|src/types/admin.ts|src/types/database.ts","supabase|external_http","admin_audit_log|admin_role_presets|admin_staff|profiles|seo_provider_connections|seo_search_performance_daily|seo_search_sync_runs","seo_delete_provider_connection|seo_get_provider_secret|seo_search_performance_summary|seo_upsert_provider_connection","","/api/auth/ensure-profile|/api/auth/register|/api/auth/request-password-reset|/api/auth/sign-in-phone","admin|admin|cron_secret|cron_secret|organizer|authenticated","2","static_source","unknown_db_down"
"cd0ebc6e7154a7f1","/api/admin/session","route_handler","src/app/api/admin/session/route.ts","src/lib/admin/staff.ts|src/lib/supabase-auth-provider.ts|src/lib/supabase/env.ts|src/lib/supabase/server.ts|src/types/admin.ts","src/lib/admin/capabilities.ts|src/lib/auth-flow.ts|src/lib/auth-input.ts|src/lib/auth-provider.ts|src/lib/monitoring/sentry.ts|src/lib/profile-mapper.ts|src/lib/supabase/admin.ts|src/lib/supabase/client.ts|src/types/admin-analytics.ts|src/types/database.ts|src/types/user.ts","supabase|static_data|external_http","admin_role_presets|admin_staff|profiles","","","/api/auth/ensure-profile|/api/auth/register|/api/auth/request-password-reset|/api/auth/sign-in-phone","admin|organizer|organizer|authenticated","2","static_source","unknown_db_down"
"2619852091617b95","/api/admin/settings","route_handler","src/app/api/admin/settings/route.ts","src/lib/admin/audit.ts|src/lib/admin/authorize-request.ts|src/lib/admin/settings-control.ts|src/lib/cms/cms-cutover.ts|src/lib/cms/cms-ops.ts|src/lib/cms/site-globals/normalize.ts|src/lib/cms/site-globals/registry.ts|src/lib/integrations/admin-readiness.ts|src/lib/monitoring/health-public.ts|src/lib/ops/analytics-readiness-server.ts|src/lib/ops/ops-status.ts|src/lib/ops/production-readiness-server.ts|src/lib/search/search-ops-server.ts|src/lib/site-settings-server.ts|src/lib/supabase/admin.ts|src/types/database.ts|src/types/site-globals.ts","src/data/blog.ts|src/data/destination-pages.ts|src/data/site-contacts.ts|src/lib/admin/capabilities.ts|src/lib/admin/staff.ts|src/lib/blog-utils.ts|src/lib/cms/content-resolver.ts|src/lib/cms/place-listing-from-cms.ts|src/lib/cms/public-read-result.ts|src/lib/cms/site-globals/locale-resolve.ts|src/lib/cms/translation-status.ts|src/lib/content-pages.ts|src/lib/database-url.ts|src/lib/destinations.ts|src/lib/i18n/config.ts|src/lib/monitoring/build-info.ts|src/lib/monitoring/sentry.ts|src/lib/ops/analytics-readiness-types.ts|src/lib/ops/deploy-env.ts|src/lib/ops/migrations-version.ts|src/lib/ops/production-readiness-config.ts|src/lib/ops/production-readiness-types.ts|src/lib/places-repository.ts|src/lib/search/meilisearch-client.ts|src/lib/search/search-ops-types.ts|src/lib/search/search-readiness.ts|src/lib/search/search-reindex-status.ts|src/lib/security/browser-mutation-origin.ts|src/lib/site-settings-edge.ts|src/lib/supabase-auth-provider.ts|src/lib/supabase/env.ts|src/lib/supabase/server.ts|src/types/admin.ts|src/types/cms-content.ts|src/types/content-page.ts|src/types/index.ts|src/types/place.ts","supabase|cms|static_data|external_http|filesystem","admin_audit_log|admin_role_presets|admin_staff|cms_media_assets|content_documents|ops_cron_runs|profiles|search_documents|site_settings","admin_update_site_settings_atomic","","/api/auth/ensure-profile|/api/auth/register|/api/auth/request-password-reset|/api/auth/sign-in-phone","admin|admin|cron_secret|cron_secret|organizer|organizer|authenticated","2","static_source","unknown_db_down"
"5ac9489ce33895ef","/api/admin/shop/catalog","route_handler","src/app/api/admin/shop/catalog/route.ts","src/lib/admin/audit.ts|src/lib/admin/shop-catalog-auth.ts|src/lib/admin/shop-catalog-contract.ts|src/lib/admin/shop-catalog-server.ts|src/lib/site-settings-server.ts","src/lib/admin/authorize-request.ts|src/lib/cms/site-globals/locale-resolve.ts|src/lib/cms/site-globals/normalize.ts|src/lib/i18n/config.ts|src/lib/shop-products-server.ts|src/lib/site-settings-edge.ts|src/lib/supabase/admin.ts|src/types/database.ts|src/types/shop-product.ts|src/types/site-globals.ts","supabase|cms|static_data|external_http","admin_audit_log|shop_product_categories|shop_products|site_settings","admin_manage_shop_category|admin_manage_shop_product","","","admin|admin|cron_secret|cron_secret","2","static_source","unknown_db_down"
"0f790e6e1540e2f2","/api/admin/shop/catalog/[id]","route_handler","src/app/api/admin/shop/catalog/[id]/route.ts","src/lib/admin/audit.ts|src/lib/admin/shop-catalog-auth.ts|src/lib/admin/shop-catalog-contract.ts|src/lib/admin/shop-catalog-server.ts","src/lib/admin/authorize-request.ts|src/lib/shop-products-server.ts|src/lib/supabase/admin.ts|src/types/database.ts|src/types/shop-product.ts","supabase|static_data","admin_audit_log|shop_product_categories|shop_products","admin_manage_shop_category|admin_manage_shop_product","","","admin|admin|cron_secret","2","static_source","unknown_db_down"
"ecc0b7b808adc500","/api/admin/shop/categories","route_handler","src/app/api/admin/shop/categories/route.ts","src/lib/admin/audit.ts|src/lib/admin/shop-catalog-auth.ts|src/lib/admin/shop-catalog-contract.ts|src/lib/admin/shop-catalog-server.ts","src/lib/admin/authorize-request.ts|src/lib/shop-products-server.ts|src/lib/supabase/admin.ts|src/types/database.ts|src/types/shop-product.ts","supabase|static_data","admin_audit_log|shop_product_categories|shop_products","admin_manage_shop_category|admin_manage_shop_product","","","admin|admin|cron_secret","2","static_source","unknown_db_down"
"4043270beb4864da","/api/admin/shop/orders","route_handler","src/app/api/admin/shop/orders/route.ts","src/lib/admin/authorize-request.ts|src/lib/shop-order-server.ts|src/lib/supabase/admin.ts","src/lib/admin/capabilities.ts|src/lib/admin/staff.ts|src/lib/guest-booking.ts|src/lib/monitoring/sentry.ts|src/lib/security/browser-mutation-origin.ts|src/lib/shop-order-mapper.ts|src/lib/supabase-auth-provider.ts|src/lib/supabase/env.ts|src/lib/supabase/server.ts|src/types/admin.ts|src/types/database.ts|src/types/shop-order.ts|src/types/shop-product.ts|src/types/user.ts","supabase|external_http","admin_role_presets|admin_staff|profiles|shop_orders","admin_transition_shop_order_atomic","","/api/auth/ensure-profile|/api/auth/register|/api/auth/request-password-reset|/api/auth/sign-in-phone","admin|admin|cron_secret|organizer|authenticated","2","static_source","unknown_db_down"
"4b4511dfee9fb6de","/api/admin/shop/orders/[id]","route_handler","src/app/api/admin/shop/orders/[id]/route.ts","src/lib/admin/audit.ts|src/lib/admin/authorize-request.ts|src/lib/shop-order-server.ts|src/lib/supabase/admin.ts|src/types/shop-order.ts","src/lib/admin/capabilities.ts|src/lib/admin/staff.ts|src/lib/guest-booking.ts|src/lib/monitoring/sentry.ts|src/lib/security/browser-mutation-origin.ts|src/lib/shop-order-mapper.ts|src/lib/supabase-auth-provider.ts|src/lib/supabase/env.ts|src/lib/supabase/server.ts|src/types/admin.ts|src/types/database.ts|src/types/shop-product.ts|src/types/user.ts","supabase|external_http","admin_audit_log|admin_role_presets|admin_staff|profiles|shop_orders","admin_transition_shop_order_atomic","","/api/auth/ensure-profile|/api/auth/register|/api/auth/request-password-reset|/api/auth/sign-in-phone","admin|admin|cron_secret|organizer|authenticated","2","static_source","unknown_db_down"
"c208db244068fda1","/api/admin/shop/orders/export","route_handler","src/app/api/admin/shop/orders/export/route.ts","src/lib/admin/authorize-request.ts|src/lib/admin/csv.ts|src/lib/admin/export-pagination.ts|src/lib/shop-order-mapper.ts|src/lib/supabase/admin.ts|src/types/database.ts","src/lib/admin/capabilities.ts|src/lib/admin/staff.ts|src/lib/guest-booking.ts|src/lib/monitoring/sentry.ts|src/lib/security/browser-mutation-origin.ts|src/lib/supabase-auth-provider.ts|src/lib/supabase/env.ts|src/lib/supabase/server.ts|src/types/admin.ts|src/types/shop-order.ts","supabase|external_http","admin_role_presets|admin_staff|profiles|shop_orders","","","/api/auth/ensure-profile|/api/auth/register|/api/auth/request-password-reset|/api/auth/sign-in-phone","admin|admin|cron_secret|organizer|authenticated","2","static_source","unknown_db_down"
"2114e794e0779d90","/api/admin/social-feed","route_handler","src/app/api/admin/social-feed/route.ts","src/lib/admin/audit.ts|src/lib/admin/authorize-request.ts|src/lib/social-feed/config-normalize.ts|src/lib/social-feed/config-seed.ts|src/lib/social-feed/config-server.ts|src/types/social-feed-config.ts","src/lib/admin/capabilities.ts|src/lib/admin/staff.ts|src/lib/monitoring/sentry.ts|src/lib/security/browser-mutation-origin.ts|src/lib/social-feed/types.ts|src/lib/supabase-auth-provider.ts|src/lib/supabase/admin.ts|src/lib/supabase/env.ts|src/lib/supabase/server.ts|src/types/admin.ts|src/types/database.ts","supabase|static_data|external_http","admin_audit_log|admin_role_presets|admin_staff|profiles|site_settings","","","/api/auth/ensure-profile|/api/auth/register|/api/auth/request-password-reset|/api/auth/sign-in-phone","admin|admin|cron_secret|organizer|authenticated","2","static_source","unknown_db_down"
"f31ee497563cca34","/api/admin/staff","route_handler","src/app/api/admin/staff/route.ts","src/lib/admin/audit.ts|src/lib/admin/authorize-request.ts|src/lib/admin/staff-management.ts|src/lib/supabase/admin.ts","src/lib/admin/capabilities.ts|src/lib/admin/staff.ts|src/lib/monitoring/sentry.ts|src/lib/security/browser-mutation-origin.ts|src/lib/supabase-auth-provider.ts|src/lib/supabase/env.ts|src/lib/supabase/server.ts|src/types/admin.ts|src/types/database.ts","supabase|external_http","admin_audit_log|admin_role_presets|admin_staff|profiles","admin_assign_staff_atomic","","/api/auth/ensure-profile|/api/auth/register|/api/auth/request-password-reset|/api/auth/sign-in-phone","admin|admin|cron_secret|organizer|authenticated","2","static_source","unknown_db_down"
"80cfc03801fba793","/api/admin/staff/[userId]","route_handler","src/app/api/admin/staff/[userId]/route.ts","src/lib/admin/audit.ts|src/lib/admin/staff-management.ts","src/lib/admin/authorize-request.ts|src/lib/supabase/admin.ts|src/types/admin.ts|src/types/database.ts","supabase","admin_audit_log|admin_staff","admin_remove_staff_atomic|admin_update_staff_atomic","","","admin|admin|cron_secret","2","static_source","unknown_db_down"
"45e4b5d67efa634e","/api/admin/summary","route_handler","src/app/api/admin/summary/route.ts","src/lib/admin/authorize-request.ts|src/lib/admin/bookings-server.ts|src/lib/supabase/admin.ts|src/types/admin.ts","src/lib/admin/capabilities.ts|src/lib/admin/staff.ts|src/lib/bookings-db-mapper.ts|src/lib/bookings-store.ts|src/lib/monitoring/sentry.ts|src/lib/security/browser-mutation-origin.ts|src/lib/supabase-auth-provider.ts|src/lib/supabase/env.ts|src/lib/supabase/server.ts|src/types/admin-analytics.ts|src/types/booking-attribution.ts|src/types/database.ts|src/types/tourist.ts","supabase|external_http","admin_role_presets|admin_staff|bookings|contact_submissions|moderation_queue|newsletter_subscribers|profiles|shop_orders|tours|tripster_experiences","admin_transition_booking_atomic","","/api/auth/ensure-profile|/api/auth/register|/api/auth/request-password-reset|/api/auth/sign-in-phone","admin|admin|cron_secret|cron_secret|organizer|organizer|authenticated","2","static_source","unknown_db_down"
"ba1e2c34a3a3dfb9","/api/admin/tours","route_handler","src/app/api/admin/tours/route.ts","src/lib/admin/authorize-request.ts|src/lib/supabase/admin.ts|src/lib/tour-content-server.ts","src/lib/admin/capabilities.ts|src/lib/admin/staff.ts|src/lib/catalog-rest-circuit.ts|src/lib/monitoring/sentry.ts|src/lib/partner-source-result.ts|src/lib/security/browser-mutation-origin.ts|src/lib/supabase-auth-provider.ts|src/lib/supabase/env.ts|src/lib/supabase/server.ts|src/lib/tour-content-mapper.ts|src/lib/tour-content-visibility.ts|src/types/admin.ts|src/types/database.ts|src/types/index.ts|src/types/tour-content.ts|src/types/tour.ts","supabase|static_data|external_http","admin_role_presets|admin_staff|profiles|tours","","","/api/auth/ensure-profile|/api/auth/register|/api/auth/request-password-reset|/api/auth/sign-in-phone","admin|admin|cron_secret|admin|organizer|organizer|organizer|authenticated","2","static_source","unknown_db_down"
"4157f02f2d5ff8a1","/api/admin/tours/[id]","route_handler","src/app/api/admin/tours/[id]/route.ts","src/lib/admin/audit.ts|src/lib/admin/authorize-request.ts|src/lib/supabase/admin.ts","src/lib/admin/capabilities.ts|src/lib/admin/staff.ts|src/lib/monitoring/sentry.ts|src/lib/security/browser-mutation-origin.ts|src/lib/supabase-auth-provider.ts|src/lib/supabase/env.ts|src/lib/supabase/server.ts|src/types/admin.ts|src/types/database.ts","supabase|external_http","admin_audit_log|admin_role_presets|admin_staff|profiles","admin_unpublish_tour_atomic","","/api/auth/ensure-profile|/api/auth/register|/api/auth/request-password-reset|/api/auth/sign-in-phone","admin|admin|cron_secret|organizer|authenticated","2","static_source","unknown_db_down"
"f1e90a8c7e942696","/api/admin/tours/seed","route_handler","src/app/api/admin/tours/seed/route.ts","src/lib/admin/audit.ts|src/lib/admin/authorize-request.ts|src/lib/supabase/admin.ts|src/lib/tour-content-seed.ts|src/lib/tour-content-server.ts","src/data/marketplace-tours.ts|src/lib/admin/capabilities.ts|src/lib/admin/staff.ts|src/lib/catalog-rest-circuit.ts|src/lib/monitoring/sentry.ts|src/lib/organizer-public-routing.ts|src/lib/partner-source-result.ts|src/lib/security/browser-mutation-origin.ts|src/lib/supabase-auth-provider.ts|src/lib/supabase/env.ts|src/lib/supabase/server.ts|src/lib/tour-content-mapper.ts|src/lib/tour-content-visibility.ts|src/lib/tour-mapper.ts|src/types/admin.ts|src/types/database.ts|src/types/index.ts|src/types/tour-content.ts|src/types/tour.ts","supabase|static_data|external_http","admin_audit_log|admin_role_presets|admin_staff|profiles|tours","","","/api/auth/ensure-profile|/api/auth/register|/api/auth/request-password-reset|/api/auth/sign-in-phone","admin|admin|cron_secret|admin|organizer|organizer|organizer|authenticated","2","static_source","unknown_db_down"
"d794eea6700dee85","/api/admin/trip-prep/templates","route_handler","src/app/api/admin/trip-prep/templates/route.ts","src/lib/admin/audit.ts|src/lib/admin/authorize-request.ts|src/lib/supabase/admin.ts|src/lib/trip-prep-server.ts|src/types/trip-prep.ts","src/lib/admin/capabilities.ts|src/lib/admin/staff.ts|src/lib/monitoring/sentry.ts|src/lib/security/browser-mutation-origin.ts|src/lib/supabase-auth-provider.ts|src/lib/supabase/env.ts|src/lib/supabase/server.ts|src/lib/trip-prep-summary.ts|src/types/admin.ts|src/types/database.ts|src/types/tourist.ts","supabase|external_http","admin_audit_log|admin_role_presets|admin_staff|profiles|trip_prep_items|trip_prep_progress|trip_prep_templates","","","/api/auth/ensure-profile|/api/auth/register|/api/auth/request-password-reset|/api/auth/sign-in-phone","admin|admin|cron_secret|cron_secret|organizer|authenticated","2","static_source","unknown_db_down"
"5102b8839ee2bd9a","/api/admin/users","route_handler","src/app/api/admin/users/route.ts","src/lib/admin/authorize-request.ts|src/lib/admin/user-identity-management.ts|src/lib/supabase/admin.ts|src/types/database.ts","src/lib/admin/capabilities.ts|src/lib/admin/staff.ts|src/lib/monitoring/sentry.ts|src/lib/security/browser-mutation-origin.ts|src/lib/supabase-auth-provider.ts|src/lib/supabase/env.ts|src/lib/supabase/server.ts|src/types/admin.ts","supabase|external_http","admin_role_presets|admin_staff|profiles","admin_search_profiles","","/api/auth/ensure-profile|/api/auth/register|/api/auth/request-password-reset|/api/auth/sign-in-phone","admin|admin|cron_secret|organizer|authenticated","2","static_source","unknown_db_down"
"c91e4720cffb5fde","/api/admin/users/[id]","route_handler","src/app/api/admin/users/[id]/route.ts","src/lib/admin/audit.ts|src/lib/admin/authorize-request.ts|src/lib/admin/user-identity-management.ts|src/lib/auth-sessions.ts|src/lib/supabase/admin.ts","src/lib/admin/capabilities.ts|src/lib/admin/staff.ts|src/lib/database-url.ts|src/lib/monitoring/sentry.ts|src/lib/security/browser-mutation-origin.ts|src/lib/supabase-auth-provider.ts|src/lib/supabase/env.ts|src/lib/supabase/server.ts|src/types/admin.ts|src/types/database.ts","supabase|external_http","admin_audit_log|admin_role_presets|admin_staff|organizer_applications|profiles","admin_update_user_profile_atomic","","/api/auth/ensure-profile|/api/auth/register|/api/auth/request-password-reset|/api/auth/sign-in-phone","admin|admin|cron_secret|admin|organizer|organizer|authenticated","2","static_source","unknown_db_down"
"44ce597a694294f7","/api/admin/youtravel/affise","route_handler","src/app/api/admin/youtravel/affise/route.ts","src/lib/admin/authorize-request.ts|src/lib/supabase/admin.ts|src/lib/supabase/env.ts|src/lib/youtravel/affise-client.ts|src/lib/youtravel/affise-snapshots-server.ts|src/lib/youtravel/env.ts","src/lib/admin/capabilities.ts|src/lib/admin/staff.ts|src/lib/monitoring/sentry.ts|src/lib/security/browser-mutation-origin.ts|src/lib/supabase-auth-provider.ts|src/lib/supabase/server.ts|src/lib/youtravel/affise-snapshots.ts|src/lib/youtravel/auth.ts|src/types/admin.ts|src/types/database.ts","supabase|youtravel|external_http","admin_role_presets|admin_staff|profiles|youtravel_affise_snapshots","","","/api/auth/ensure-profile|/api/auth/register|/api/auth/request-password-reset|/api/auth/sign-in-phone","admin|admin|cron_secret|cron_secret|organizer|authenticated","2","static_source","unknown_db_down"
"f4105279a8fc372f","/api/affiliate/audio-guides/book","route_handler","src/app/api/affiliate/audio-guides/book/route.ts","src/lib/travelpayouts/index.ts|src/lib/wegottrip/affiliate.ts|src/lib/wegottrip/client.ts|src/types/locale.ts","src/lib/travelpayouts/client.ts|src/lib/travelpayouts/env.ts|src/lib/travelpayouts/types.ts|src/lib/wegottrip/constants.ts|src/lib/wegottrip/types.ts","travelpayouts|external_http","","","","","none_detected","2","static_source","unknown_db_down"
"0a72588aba53cbad","/api/affiliate/esim/book","route_handler","src/app/api/affiliate/esim/book/route.ts","src/data/esim-countries.ts|src/lib/airalo/affiliate.ts|src/lib/airalo/booking-url.ts|src/lib/airalo/catalog.ts|src/lib/airalo/locale-url.ts|src/lib/travelpayouts/index.ts","src/lib/airalo/env.ts|src/lib/airalo/feed-parser.ts|src/lib/airalo/offer-meta.ts|src/lib/airalo/types.ts|src/lib/supabase/admin.ts|src/lib/travelpayouts/client.ts|src/lib/travelpayouts/env.ts|src/lib/travelpayouts/types.ts|src/types/locale.ts","supabase|travelpayouts|airalo|static_data|external_http|filesystem","affiliate_link_clicks","","","","admin","2","static_source","unknown_db_down"
"9780b2d3a0e3a33f","/api/affiliate/flights/book","route_handler","src/app/api/affiliate/flights/book/route.ts","src/lib/travelpayouts/aviasales/index.ts|src/lib/travelpayouts/flights-affiliate.ts|src/lib/travelpayouts/index.ts|src/types/locale.ts","src/lib/supabase/admin.ts|src/lib/travelpayouts/aviasales/autocomplete.ts|src/lib/travelpayouts/aviasales/data-api.ts|src/lib/travelpayouts/aviasales/deep-link.ts|src/lib/travelpayouts/aviasales/market.ts|src/lib/travelpayouts/aviasales/types.ts|src/lib/travelpayouts/client.ts|src/lib/travelpayouts/env.ts|src/lib/travelpayouts/types.ts","supabase|travelpayouts|external_http","affiliate_link_clicks","","","","admin","2","static_source","unknown_db_down"
"01c266467d3746c1","/api/affiliate/go/[slug]","route_handler","src/app/api/affiliate/go/[slug]/route.ts","src/lib/attribution/affiliate-click-server.ts|src/lib/excursion-server.ts|src/lib/excursion-slug.ts|src/lib/sputnik8/repository.ts|src/lib/supabase/admin.ts|src/lib/travelpayouts/index.ts|src/lib/tripster/checkout-url-server.ts|src/lib/tripster/repository.ts|src/lib/youtravel/partner-tour-utils.ts","src/data/excursion-city-links.ts|src/lib/catalog-rest-circuit.ts|src/lib/monitoring/sentry.ts|src/lib/native-excursion-mapper.ts|src/lib/partner-source-result.ts|src/lib/sputnik8/detail-enrichment.ts|src/lib/sputnik8/mapper.ts|src/lib/sputnik8/pg-repository.ts|src/lib/supabase/env.ts|src/lib/tour-content-server.ts|src/lib/travelpayouts/client.ts|src/lib/travelpayouts/env.ts|src/lib/travelpayouts/types.ts|src/lib/tripster/checkout-url.ts|src/lib/tripster/env.ts|src/lib/tripster/guide-server.ts|src/lib/tripster/mapper.ts|src/lib/tripster/partner-tour-utils.ts|src/lib/tripster/pg-repository.ts|src/lib/tripster/review-mapper.ts|src/lib/youtravel/types.ts|src/types/database.ts|src/types/excursion.ts|src/types/index.ts","supabase|tripster|youtravel|sputnik8|travelpayouts|static_data|external_http","affiliate_link_clicks|sputnik8_cities|sputnik8_products|sputnik8_reviews|tours|tripster_cities|tripster_experiences|tripster_reviews|youtravel_tours","","","","admin|admin|organizer|organizer","2","static_source","unknown_db_down"
"de2cd0dc552ead00","/api/affiliate/transfers/book","route_handler","src/app/api/affiliate/transfers/book/route.ts","src/lib/intui/transfers-affiliate.ts|src/lib/public-module-policy-server.ts|src/lib/travelpayouts/index.ts|src/types/locale.ts","src/lib/intui/deep-link.ts|src/lib/intui/types.ts|src/lib/site-settings-server.ts|src/lib/supabase/admin.ts|src/lib/travelpayouts/client.ts|src/lib/travelpayouts/env.ts|src/lib/travelpayouts/types.ts","supabase|cms|travelpayouts|external_http","affiliate_link_clicks|site_settings","","","","admin|cron_secret","2","static_source","unknown_db_down"
"1b8ddfe379a7c4de","/api/affiliate/transfers/search","route_handler","src/app/api/affiliate/transfers/search/route.ts","src/data/transfer-locations.ts|src/lib/intui/transfers-affiliate.ts|src/lib/intui/types.ts|src/lib/public-module-policy-server.ts|src/lib/travelpayouts/index.ts|src/types/locale.ts","src/lib/intui/deep-link.ts|src/lib/site-settings-server.ts|src/lib/supabase/admin.ts|src/lib/travelpayouts/client.ts|src/lib/travelpayouts/env.ts|src/lib/travelpayouts/types.ts","supabase|cms|travelpayouts|static_data|external_http","affiliate_link_clicks|site_settings","","","","admin|cron_secret","2","static_source","unknown_db_down"
"781912204d19bcab","/api/ai/tour-match","route_handler","src/app/api/ai/tour-match/route.ts","src/data/marketplace-tours-server.ts|src/lib/ai/tour-match-sessions-server.ts|src/lib/ai/tour-matcher.ts|src/lib/public-module-policy-server.ts|src/lib/supabase/admin.ts|src/lib/supabase/env.ts|src/types/database.ts|src/types/tour-match.ts","src/data/podbor/regions.ts|src/lib/ai/guide-assistant.ts|src/lib/partner-tours/offer-quality.ts|src/lib/site-settings-server.ts|src/lib/tripster/partner-tour-utils.ts|src/types/index.ts","supabase|cms|tripster|static_data|external_http","ai_match_events|ai_match_sessions|search_documents|site_settings","","","https://api.anthropic.com/v1/messages|https://api.openai.com/v1/chat/completions","admin|admin|authenticated|cron_secret|admin|cron_secret|cron_secret|organizer","2","static_source","unknown_db_down"
"de5c308d56befaa7","/api/analytics/events","route_handler","src/app/api/analytics/events/route.ts","src/lib/analytics/event-contract.ts|src/lib/analytics/events-server.ts|src/lib/rate-limit/index.ts","src/lib/analytics/operational-event-contract.ts|src/lib/supabase/admin.ts|src/lib/supabase/env.ts|src/types/database.ts","supabase|external_http","analytics_events","","","","admin|cron_secret|rate_limit|rate_limit","2","static_source","unknown_db_down"
"20d6729eb8e0bd5c","/api/apartments/[slug]/inquiries","route_handler","src/app/api/apartments/[slug]/inquiries/route.ts","src/lib/apartments/apartment-repository-server.ts|src/lib/forms/captcha-server.ts|src/lib/market-context.ts|src/lib/partner-booking/idempotency.ts|src/lib/public-module-policy-server.ts|src/lib/rate-limit/index.ts|src/lib/supabase/admin.ts","src/lib/forms/captcha-policy.ts|src/lib/site-settings-server.ts|src/lib/supabase/env.ts|src/types/apartments.ts|src/types/database.ts","supabase|cms|external_http","apartment_listings|partner_booking_operations|site_settings","apartment_create_inquiry|apartment_save_draft","","https://challenges.cloudflare.com/turnstile/v0/siteverify","admin|admin|rate_limit|cron_secret|rate_limit","2","static_source","unknown_db_down"
"4a9c51bdba6b33ff","/api/assistant/ask","route_handler","src/app/api/assistant/ask/route.ts","src/lib/ai/guide-assistant.ts|src/lib/analytics/events-server.ts|src/lib/rate-limit/index.ts|src/lib/supabase/admin.ts|src/lib/supabase/env.ts|src/types/guide-assistant.ts","src/lib/analytics/event-contract.ts|src/lib/analytics/operational-event-contract.ts|src/lib/search/search-query.ts|src/types/database.ts","supabase|external_http","analytics_events|search_documents","search_site_documents","","https://api.anthropic.com/v1/messages|https://api.openai.com/v1/chat/completions","admin|admin|authenticated|cron_secret|rate_limit|admin|cron_secret|cron_secret|rate_limit","2","static_source","unknown_db_down"
"7b9e93d50691e3bc","/api/audio-guides/products","route_handler","src/app/api/audio-guides/products/route.ts","src/lib/wegottrip/client.ts|src/lib/wegottrip/constants.ts|src/types/locale.ts","src/lib/wegottrip/types.ts","external_http","","","","","none_detected","2","static_source","unknown_db_down"
"6192546ab2e13375","/api/audio-guides/products/[id]","route_handler","src/app/api/audio-guides/products/[id]/route.ts","src/lib/wegottrip/client.ts|src/types/locale.ts","src/lib/wegottrip/constants.ts|src/lib/wegottrip/types.ts","external_http","","","","","none_detected","2","static_source","unknown_db_down"
"fc7cb9c956ced0aa","/api/audio-guides/search","route_handler","src/app/api/audio-guides/search/route.ts","src/lib/wegottrip/client.ts|src/types/locale.ts","src/lib/wegottrip/constants.ts|src/lib/wegottrip/types.ts","external_http","","","","","none_detected","2","static_source","unknown_db_down"
"a1f5e9af174e02dd","/api/auth/ensure-profile","route_handler","src/app/api/auth/ensure-profile/route.ts","src/lib/auth-mode.ts|src/lib/profile-mapper.ts|src/lib/rate-limit/index.ts|src/lib/supabase/admin.ts|src/lib/supabase/server.ts","src/data/profile-countries.ts|src/lib/auth-session.ts|src/lib/supabase/env.ts|src/types/database.ts|src/types/user.ts","supabase|static_data|external_http","profiles","","","","admin|authenticated|cron_secret|rate_limit","2","static_source","unknown_db_down"
"8a375ae4f0ae9301","/api/auth/experience","route_handler","src/app/api/auth/experience/route.ts","src/lib/user-experience/server.ts","src/lib/supabase/server.ts|src/lib/user-experience/workspaces.ts|src/types/user-experience.ts|src/types/user.ts","supabase","bookings|profiles","","","","admin|organizer|organizer|authenticated","2","static_source","unknown_db_down"
"fe6e23f3fe71a9d4","/api/auth/login-by-phone","route_handler","src/app/api/auth/login-by-phone/route.ts","src/lib/rate-limit/index.ts","","external_http","","","","","cron_secret|rate_limit","2","static_source","unknown_db_down"
"5873af601146d4c0","/api/auth/login-email","route_handler","src/app/api/auth/login-email/route.ts","src/lib/rate-limit/index.ts","","external_http","","","","","cron_secret|rate_limit","2","static_source","unknown_db_down"
"c95b6395e188a2e9","/api/auth/lookup-email","route_handler","src/app/api/auth/lookup-email/route.ts","src/lib/rate-limit/index.ts","","external_http","","","","","cron_secret|rate_limit","2","static_source","unknown_db_down"
"657ca11d1252a757","/api/auth/lookup-phone","route_handler","src/app/api/auth/lookup-phone/route.ts","src/lib/auth-input.ts|src/lib/auth-mode.ts|src/lib/rate-limit/index.ts","src/data/profile-countries.ts|src/lib/phone-countries.ts|src/lib/supabase/env.ts","supabase|static_data|external_http","","","","","cron_secret|rate_limit","2","static_source","unknown_db_down"
"5466f7d288664187","/api/auth/register","route_handler","src/app/api/auth/register/route.ts","src/lib/auth-flow.ts|src/lib/auth-mode.ts|src/lib/auth-register-server.ts|src/lib/rate-limit/index.ts|src/lib/site-url.ts|src/types/user.ts","src/lib/auth-input.ts|src/lib/profile-mapper.ts|src/lib/supabase/admin.ts|src/lib/supabase/env.ts|src/lib/supabase/server.ts","supabase|static_data|external_http","profiles","","","","admin|cron_secret|rate_limit|organizer","2","static_source","unknown_db_down"
"368290f5e4668a2b","/api/auth/request-password-reset","route_handler","src/app/api/auth/request-password-reset/route.ts","src/lib/auth-flow.ts|src/lib/auth-mode.ts|src/lib/rate-limit-identifier.ts|src/lib/rate-limit/index.ts|src/lib/site-url.ts|src/lib/supabase/server.ts","src/lib/supabase/env.ts|src/types/database.ts","supabase|external_http","","","","","cron_secret|rate_limit|organizer|rate_limit","2","static_source","unknown_db_down"
"a80fe0832d2c3f67","/api/auth/sign-in-phone","route_handler","src/app/api/auth/sign-in-phone/route.ts","src/lib/auth-input.ts|src/lib/profile-mapper.ts|src/lib/rate-limit/index.ts|src/lib/supabase/admin.ts|src/lib/supabase/server.ts|src/types/user.ts","src/data/profile-countries.ts|src/lib/auth-session.ts|src/lib/phone-countries.ts|src/lib/supabase/env.ts|src/types/database.ts","supabase|static_data|external_http","profiles","","","","admin|cron_secret|rate_limit","2","static_source","unknown_db_down"
"3b8c83448c6fcc8b","/api/auth/update-password","route_handler","src/app/api/auth/update-password/route.ts","src/lib/auth-flow.ts|src/lib/supabase/server.ts","src/lib/supabase/env.ts|src/types/database.ts","supabase","","","","","authenticated|organizer","2","static_source","unknown_db_down"
"5bee8f93ffe8c9dc","/api/auth/workspace","route_handler","src/app/api/auth/workspace/route.ts","src/lib/user-experience/server.ts|src/lib/user-experience/workspaces.ts|src/types/user-experience.ts","src/lib/supabase/server.ts|src/types/user.ts","supabase","bookings|profiles","","","","admin|organizer|organizer|authenticated","2","static_source","unknown_db_down"
"a46db9dd8f0ab128","/api/blog/comments","route_handler","src/app/api/blog/comments/route.ts","src/lib/auth-mode.ts|src/lib/blog-comments-parsers.ts|src/lib/blog-comments-server.ts|src/lib/cms/public-read-result.ts|src/lib/public-module-visibility.ts|src/lib/rate-limit/index.ts|src/lib/site-settings-server.ts|src/lib/supabase/server.ts","src/lib/blog-comments-types.ts|src/lib/cms/site-globals/locale-resolve.ts|src/lib/cms/site-globals/normalize.ts|src/lib/i18n/config.ts|src/lib/partner-source-result.ts|src/lib/site-settings-edge.ts|src/lib/supabase/admin.ts|src/lib/supabase/env.ts|src/types/database.ts|src/types/site-globals.ts|src/types/site-nav.ts","supabase|cms|static_data|external_http","blog_article_comments|blog_comment_reports|profiles|site_settings","admin_resolve_blog_comment_report","","","admin|authenticated|rate_limit|cron_secret|cron_secret|rate_limit","2","static_source","unknown_db_down"
"0bffa317df059dfc","/api/blog/comments/report","route_handler","src/app/api/blog/comments/report/route.ts","src/lib/auth-mode.ts|src/lib/blog-comments-server.ts|src/lib/blog-comments-types.ts|src/lib/public-module-visibility.ts|src/lib/rate-limit/index.ts|src/lib/site-settings-server.ts|src/lib/supabase/server.ts","src/lib/blog-comments-parsers.ts|src/lib/cms/public-read-result.ts|src/lib/cms/site-globals/locale-resolve.ts|src/lib/cms/site-globals/normalize.ts|src/lib/i18n/config.ts|src/lib/site-settings-edge.ts|src/lib/supabase/admin.ts|src/lib/supabase/env.ts|src/types/database.ts|src/types/site-globals.ts|src/types/site-nav.ts","supabase|cms|static_data|external_http","blog_article_comments|blog_comment_reports|profiles|site_settings","admin_resolve_blog_comment_report","","","admin|authenticated|rate_limit|cron_secret|cron_secret|rate_limit","2","static_source","unknown_db_down"
"0eb7dd015afddf04","/api/blog/reading-history","route_handler","src/app/api/blog/reading-history/route.ts","src/lib/auth-mode.ts|src/lib/blog-reading-history-server.ts|src/lib/supabase-auth-provider.ts|src/lib/supabase/server.ts","src/lib/auth-flow.ts|src/lib/auth-input.ts|src/lib/auth-provider.ts|src/lib/blog-reading-history-parsers.ts|src/lib/blog-reading-history.ts|src/lib/monitoring/sentry.ts|src/lib/profile-mapper.ts|src/lib/supabase/client.ts|src/lib/supabase/env.ts|src/types/database.ts|src/types/user.ts","supabase|static_data|external_http","blog_reading_history|profiles|user_interactions","","","/api/auth/ensure-profile|/api/auth/register|/api/auth/request-password-reset|/api/auth/sign-in-phone","organizer|organizer|authenticated","2","static_source","unknown_db_down"
"e2d8bb47c8474ec4","/api/blog/recommendations","route_handler","src/app/api/blog/recommendations/route.ts","src/lib/auth-mode.ts|src/lib/blog-analytics-signals.ts|src/lib/blog-reading-history.ts|src/lib/blog-utils.ts|src/lib/cms/blog-resolver.ts|src/lib/i18n/server-locale.ts|src/lib/supabase-auth-provider.ts|src/lib/supabase/server.ts","src/components/guide/hub/HubQuickFactsGrid.tsx|src/data/blog-category-meta.ts|src/data/blog.ts|src/lib/auth-flow.ts|src/lib/auth-input.ts|src/lib/auth-provider.ts|src/lib/blog-analytics-signals-core.ts|src/lib/blog-personalized.ts|src/lib/blog-reading-history-cookie.ts|src/lib/blog-slug-resolve.ts|src/lib/cms/cms-cutover.ts|src/lib/cms/content-resolver.ts|src/lib/cms/public-read-result.ts|src/lib/cms/translation-status.ts|src/lib/i18n/config.ts|src/lib/monitoring/sentry.ts|src/lib/profile-mapper.ts|src/lib/supabase/client.ts|src/lib/supabase/env.ts|src/types/cms-content.ts|src/types/database.ts|src/types/index.ts|src/types/user.ts","supabase|cms|static_data|external_http","blog_reading_history|content_documents|profiles|site_settings|user_interactions","","","/api/auth/ensure-profile|/api/auth/register|/api/auth/request-password-reset|/api/auth/sign-in-phone","admin|organizer|organizer|authenticated","2","static_source","unknown_db_down"
"d75a9bf56d1be054","/api/bookings","route_handler","src/app/api/bookings/route.ts","src/lib/auth-mode.ts|src/lib/booking-create-server.ts|src/lib/bookings-notify.ts|src/lib/bookings-server.ts|src/lib/forms/captcha-server.ts|src/lib/monitoring/sentry.ts|src/lib/partner-booking/public-errors.ts|src/lib/rate-limit/index.ts|src/lib/security/request-body-limit.ts|src/lib/site-settings-server.ts|src/lib/supabase-auth-provider.ts|src/lib/supabase/admin.ts|src/lib/supabase/server.ts|src/lib/tour-availability-server.ts","src/data/booking-statuses.ts|src/lib/attribution/attribution-server.ts|src/lib/auth-flow.ts|src/lib/auth-input.ts|src/lib/auth-provider.ts|src/lib/booking-create-command.ts|src/lib/booking-create-pricing.ts|src/lib/booking-params.ts|src/lib/bookings-db-mapper.ts|src/lib/bookings-store.ts|src/lib/cms/site-globals/locale-resolve.ts|src/lib/cms/site-globals/normalize.ts|src/lib/forms/captcha-policy.ts|src/lib/guest-booking.ts|src/lib/i18n/config.ts|src/lib/notifications/email-delivery.ts|src/lib/notifications/event-emitters.ts|src/lib/notifications/push-server.ts|src/lib/organizer-bookings.ts|src/lib/organizer-public.ts|src/lib/organizer-tour-store.ts|src/lib/permissions.ts|src/lib/profile-mapper.ts|src/lib/security/monitoring-scrub.ts|src/lib/site-settings-edge.ts|src/lib/supabase/client.ts|src/lib/supabase/env.ts|src/lib/tour-checkout-accommodation.ts|src/lib/tour-content-server.ts|src/lib/tour-content-visibility.ts|src/lib/tour-mapper.ts|src/lib/tour-repository.ts|src/types/booking-attribution.ts|src/types/booking-params.ts|src/types/database.ts|src/types/payment-webhook.ts|src/types/site-globals.ts|src/types/tourist.ts|src/types/user.ts","supabase|cms|tripster|static_data|external_http","booking_attribution|bookings|email_delivery_outbox|profiles|push_subscriptions|site_settings|tour_availability_slots|tours","attach_guest_bookings_to_current_user|cancel_booking_with_reservation_release|create_booking_with_reservation","","/api/auth/ensure-profile|/api/auth/register|/api/auth/request-password-reset|/api/auth/sign-in-phone|https://challenges.cloudflare.com/turnstile/v0/siteverify","admin|admin|authenticated|admin|organizer|admin|organizer|cron_secret|cron_secret|cron_secret|rate_limit|organizer|organizer|authenticated","2","static_source","unknown_db_down"
"70978ef000ca2bb8","/api/bookings/[id]","route_handler","src/app/api/bookings/[id]/route.ts","src/lib/auth-mode.ts|src/lib/booking-payment-link.ts|src/lib/booking-state-machine.ts|src/lib/bookings-db-mapper.ts|src/lib/bookings-notify.ts|src/lib/bookings-server.ts|src/lib/bookings-store.ts|src/lib/monitoring/sentry.ts|src/lib/partner-webhooks.ts|src/lib/payments/payment-integrity.ts|src/lib/supabase-auth-provider.ts|src/lib/supabase/admin.ts|src/lib/supabase/server.ts|src/types/tourist.ts","src/components/tour-detail/checkout/types.ts|src/data/booking-statuses.ts|src/lib/attribution/attribution-server.ts|src/lib/auth-flow.ts|src/lib/auth-input.ts|src/lib/auth-provider.ts|src/lib/booking-create-command.ts|src/lib/booking-display.ts|src/lib/booking-params.ts|src/lib/booking-payment-display.ts|src/lib/booking-payment.ts|src/lib/booking-travelers.ts|src/lib/bookings-api.ts|src/lib/bookings-demo-seeds-active.ts|src/lib/bookings-notify-client.ts|src/lib/guest-booking.ts|src/lib/notifications/email-delivery.ts|src/lib/notifications/event-emitters.ts|src/lib/notifications/index.ts|src/lib/notifications/push-server.ts|src/lib/organizer-bookings.ts|src/lib/organizer-tour-store.ts|src/lib/payments/checkout-currency.ts|src/lib/permissions.ts|src/lib/profile-mapper.ts|src/lib/security/monitoring-scrub.ts|src/lib/supabase/client.ts|src/lib/supabase/env.ts|src/lib/tour-checkout-payment.ts|src/lib/tour-repository.ts|src/lib/tour-slug.ts|src/lib/trip-operations.ts|src/types/booking-attribution.ts|src/types/booking-params.ts|src/types/booking-payment.ts|src/types/database.ts|src/types/index.ts|src/types/locale.ts|src/types/partner-webhook.ts|src/types/payment-webhook.ts|src/types/trip-operations.ts|src/types/user.ts","supabase|tripster|youtravel|static_data|external_http","booking_attribution|bookings|email_delivery_outbox|partner_webhook_deliveries|partner_webhooks|profiles|push_subscriptions","attach_guest_bookings_to_current_user|cancel_booking_with_reservation_release|create_booking_with_reservation","","/api/auth/ensure-profile|/api/auth/register|/api/auth/request-password-reset|/api/auth/sign-in-phone|/api/bookings|/api/bookings/attach-guest|/api/bookings/lookup|/api/bookings/lookup/results|/api/bookings/lookup/verify|/api/organizer/bookings|/api/payments/sandbox-mode|/api/tripster/booking-request|/api/youtravel/booking-request","admin|admin|organizer|admin|organizer|cron_secret|admin|webhook_signature|cron_secret|organizer|organizer|authenticated","2","static_source","unknown_db_down"
"3d016404667cbf1c","/api/bookings/[id]/payment/preference","route_handler","src/app/api/bookings/[id]/payment/preference/route.ts","src/lib/auth-mode.ts|src/lib/booking-payment-link.ts|src/lib/bookings-server.ts|src/lib/bookings-store.ts|src/lib/monitoring/sentry.ts|src/lib/payments/mercadopago-client.ts|src/lib/payments/payment-integrity.ts|src/lib/public-api/safe-error.ts|src/lib/supabase/admin.ts","src/components/tour-detail/checkout/types.ts|src/lib/attribution/attribution-server.ts|src/lib/booking-create-command.ts|src/lib/booking-display.ts|src/lib/booking-params.ts|src/lib/booking-payment-display.ts|src/lib/booking-payment.ts|src/lib/booking-state-machine.ts|src/lib/booking-travelers.ts|src/lib/bookings-api.ts|src/lib/bookings-db-mapper.ts|src/lib/bookings-demo-seeds-active.ts|src/lib/bookings-notify-client.ts|src/lib/exchange-rates.ts|src/lib/guest-booking.ts|src/lib/notifications/index.ts|src/lib/organizer-bookings.ts|src/lib/organizer-tour-store.ts|src/lib/payments/checkout-currency.ts|src/lib/permissions.ts|src/lib/security/monitoring-scrub.ts|src/lib/site-url.ts|src/lib/supabase/env.ts|src/lib/tour-checkout-payment.ts|src/lib/tour-repository.ts|src/lib/tour-slug.ts|src/lib/trip-operations.ts|src/types/booking-attribution.ts|src/types/booking-params.ts|src/types/booking-payment.ts|src/types/database.ts|src/types/index.ts|src/types/locale.ts|src/types/payment-platform.ts|src/types/payment-webhook.ts|src/types/tourist.ts|src/types/trip-operations.ts|src/types/user.ts","supabase|tripster|youtravel|static_data|external_http","booking_attribution|bookings","attach_guest_bookings_to_current_user|cancel_booking_with_reservation_release|create_booking_with_reservation","","/api/bookings|/api/bookings/attach-guest|/api/bookings/lookup|/api/bookings/lookup/results|/api/bookings/lookup/verify|/api/organizer/bookings|/api/payments/sandbox-mode|/api/tripster/booking-request|/api/youtravel/booking-request","admin|admin|cron_secret|admin|organizer|cron_secret|cron_secret|webhook_signature|organizer","2","static_source","unknown_db_down"
"8e2cc9077de73fd6","/api/bookings/[id]/payment/receipt","route_handler","src/app/api/bookings/[id]/payment/receipt/route.ts","src/lib/auth-mode.ts|src/lib/booking-params.ts|src/lib/bookings-server.ts|src/lib/payments/transaction-server.ts|src/lib/supabase-auth-provider.ts|src/lib/supabase/admin.ts|src/lib/supabase/server.ts","src/data/tour-booking-defaults.ts|src/lib/admin/analytics-period.ts|src/lib/attribution/attribution-server.ts|src/lib/auth-flow.ts|src/lib/auth-input.ts|src/lib/auth-provider.ts|src/lib/booking-payment.ts|src/lib/booking-travelers.ts|src/lib/bookings-db-mapper.ts|src/lib/bookings-store.ts|src/lib/monitoring/sentry.ts|src/lib/organizer-bookings.ts|src/lib/organizer-tour-store.ts|src/lib/payments/money.ts|src/lib/payments/payment-idempotency.ts|src/lib/permissions.ts|src/lib/profile-mapper.ts|src/lib/supabase/client.ts|src/lib/supabase/env.ts|src/types/booking-attribution.ts|src/types/booking-params.ts|src/types/database.ts|src/types/locale.ts|src/types/payment-platform.ts|src/types/payment-webhook.ts|src/types/tourist.ts|src/types/user.ts","supabase|static_data|external_http","booking_attribution|bookings|payment_transactions|profiles","attach_guest_bookings_to_current_user|cancel_booking_with_reservation_release|claim_refund_for_execution|create_booking_with_reservation|finalize_refund_attempt|prepare_refund_request_atomic|reject_refund_request_atomic","","/api/auth/ensure-profile|/api/auth/register|/api/auth/request-password-reset|/api/auth/sign-in-phone","admin|admin|cron_secret|admin|organizer|cron_secret|organizer|organizer|authenticated","2","static_source","unknown_db_down"
"45fe6212370c2335","/api/bookings/[id]/payment/refund","route_handler","src/app/api/bookings/[id]/payment/refund/route.ts","src/lib/admin/user-identity-management.ts|src/lib/auth-mode.ts|src/lib/booking-params.ts|src/lib/bookings-server.ts|src/lib/payments/transaction-server.ts|src/lib/supabase-auth-provider.ts|src/lib/supabase/admin.ts|src/lib/supabase/server.ts","src/data/tour-booking-defaults.ts|src/lib/admin/analytics-period.ts|src/lib/attribution/attribution-server.ts|src/lib/auth-flow.ts|src/lib/auth-input.ts|src/lib/auth-provider.ts|src/lib/booking-payment.ts|src/lib/booking-travelers.ts|src/lib/bookings-db-mapper.ts|src/lib/bookings-store.ts|src/lib/monitoring/sentry.ts|src/lib/organizer-bookings.ts|src/lib/organizer-tour-store.ts|src/lib/payments/money.ts|src/lib/payments/payment-idempotency.ts|src/lib/permissions.ts|src/lib/profile-mapper.ts|src/lib/supabase/client.ts|src/lib/supabase/env.ts|src/types/booking-attribution.ts|src/types/booking-params.ts|src/types/database.ts|src/types/locale.ts|src/types/payment-platform.ts|src/types/payment-webhook.ts|src/types/tourist.ts|src/types/user.ts","supabase|static_data|external_http","booking_attribution|bookings|payment_transactions|profiles","attach_guest_bookings_to_current_user|cancel_booking_with_reservation_release|claim_refund_for_execution|create_booking_with_reservation|finalize_refund_attempt|prepare_refund_request_atomic|reject_refund_request_atomic","","/api/auth/ensure-profile|/api/auth/register|/api/auth/request-password-reset|/api/auth/sign-in-phone","admin|admin|cron_secret|admin|organizer|cron_secret|organizer|organizer|authenticated","2","static_source","unknown_db_down"
"94cccbf664a0edc1","/api/bookings/[id]/payment/sandbox","route_handler","src/app/api/bookings/[id]/payment/sandbox/route.ts","src/lib/admin/capabilities.ts|src/lib/admin/staff.ts|src/lib/auth-mode.ts|src/lib/bookings-server.ts|src/lib/guest-booking.ts|src/lib/payments/sandbox-mode.ts|src/lib/payments/sandbox-payment-server.ts|src/lib/supabase-auth-provider.ts|src/lib/supabase/admin.ts|src/lib/supabase/server.ts","src/lib/attribution/attribution-server.ts|src/lib/auth-flow.ts|src/lib/auth-input.ts|src/lib/auth-provider.ts|src/lib/booking-params.ts|src/lib/booking-payment-display.ts|src/lib/bookings-db-mapper.ts|src/lib/bookings-store.ts|src/lib/monitoring/sentry.ts|src/lib/ops/deploy-env.ts|src/lib/organizer-bookings.ts|src/lib/organizer-tour-store.ts|src/lib/payments/mercadopago-client.ts|src/lib/payments/webhook-handler.ts|src/lib/permissions.ts|src/lib/profile-mapper.ts|src/lib/supabase/client.ts|src/lib/supabase/env.ts|src/types/admin.ts|src/types/booking-attribution.ts|src/types/booking-params.ts|src/types/database.ts|src/types/payment-webhook.ts|src/types/tourist.ts|src/types/user.ts","supabase|static_data|external_http","admin_role_presets|admin_staff|booking_attribution|bookings|profiles","attach_guest_bookings_to_current_user|cancel_booking_with_reservation_release|create_booking_with_reservation","","/api/auth/ensure-profile|/api/auth/register|/api/auth/request-password-reset|/api/auth/sign-in-phone","admin|admin|organizer|cron_secret|cron_secret|webhook_signature|organizer|organizer|authenticated|webhook_signature","2","static_source","unknown_db_down"
"aeba5a0a09461bd4","/api/bookings/[id]/payment/stripe/session","route_handler","src/app/api/bookings/[id]/payment/stripe/session/route.ts","src/lib/auth-mode.ts|src/lib/booking-payment-link.ts|src/lib/bookings-server.ts|src/lib/bookings-store.ts|src/lib/monitoring/sentry.ts|src/lib/payments/payment-integrity.ts|src/lib/payments/stripe-client.ts|src/lib/public-api/safe-error.ts|src/lib/supabase/admin.ts","src/components/tour-detail/checkout/types.ts|src/lib/attribution/attribution-server.ts|src/lib/booking-create-command.ts|src/lib/booking-display.ts|src/lib/booking-params.ts|src/lib/booking-payment-display.ts|src/lib/booking-payment.ts|src/lib/booking-state-machine.ts|src/lib/booking-travelers.ts|src/lib/bookings-api.ts|src/lib/bookings-db-mapper.ts|src/lib/bookings-demo-seeds-active.ts|src/lib/bookings-notify-client.ts|src/lib/exchange-rates.ts|src/lib/guest-booking.ts|src/lib/notifications/index.ts|src/lib/organizer-bookings.ts|src/lib/organizer-tour-store.ts|src/lib/payments/checkout-currency.ts|src/lib/permissions.ts|src/lib/security/monitoring-scrub.ts|src/lib/site-url.ts|src/lib/supabase/env.ts|src/lib/tour-checkout-payment.ts|src/lib/tour-repository.ts|src/lib/tour-slug.ts|src/lib/trip-operations.ts|src/types/booking-attribution.ts|src/types/booking-params.ts|src/types/booking-payment.ts|src/types/database.ts|src/types/index.ts|src/types/locale.ts|src/types/payment-platform.ts|src/types/payment-webhook.ts|src/types/tourist.ts|src/types/trip-operations.ts|src/types/user.ts","supabase|tripster|youtravel|static_data|external_http","booking_attribution|bookings","attach_guest_bookings_to_current_user|cancel_booking_with_reservation_release|create_booking_with_reservation","","/api/bookings|/api/bookings/attach-guest|/api/bookings/lookup|/api/bookings/lookup/results|/api/bookings/lookup/verify|/api/organizer/bookings|/api/payments/sandbox-mode|/api/tripster/booking-request|/api/youtravel/booking-request","admin|admin|cron_secret|admin|organizer|cron_secret|cron_secret|webhook_signature|organizer","2","static_source","unknown_db_down"
"9cb93e3f14eb3bbb","/api/bookings/attach-guest","route_handler","src/app/api/bookings/attach-guest/route.ts","src/lib/auth-mode.ts|src/lib/bookings-server.ts|src/lib/shop-order-server.ts|src/lib/supabase-auth-provider.ts|src/lib/supabase/server.ts","src/lib/attribution/attribution-server.ts|src/lib/auth-flow.ts|src/lib/auth-input.ts|src/lib/auth-provider.ts|src/lib/bookings-db-mapper.ts|src/lib/bookings-store.ts|src/lib/guest-booking.ts|src/lib/monitoring/sentry.ts|src/lib/organizer-bookings.ts|src/lib/organizer-tour-store.ts|src/lib/permissions.ts|src/lib/profile-mapper.ts|src/lib/shop-order-mapper.ts|src/lib/supabase/client.ts|src/lib/supabase/env.ts|src/types/booking-attribution.ts|src/types/database.ts|src/types/shop-order.ts|src/types/shop-product.ts|src/types/tourist.ts|src/types/user.ts","supabase|static_data|external_http","booking_attribution|bookings|profiles|shop_orders","admin_transition_shop_order_atomic|attach_guest_bookings_to_current_user|cancel_booking_with_reservation_release|create_booking_with_reservation","","/api/auth/ensure-profile|/api/auth/register|/api/auth/request-password-reset|/api/auth/sign-in-phone","admin|admin|organizer|authenticated|cron_secret|organizer|organizer|authenticated","2","static_source","unknown_db_down"
"e850ce5e990ea90e","/api/bookings/lookup","route_handler","src/app/api/bookings/lookup/route.ts","src/lib/booking-lookup-security.ts|src/lib/notifications/email-delivery.ts|src/lib/rate-limit/index.ts|src/lib/supabase/admin.ts","src/data/booking-statuses.ts|src/lib/booking-display.ts|src/lib/notifications/email-template-contract.ts|src/lib/notifications/email-template-resolver-server.ts|src/lib/notifications/email-templates/index.ts|src/lib/notifications/notifications-server.ts|src/lib/notifications/unsubscribe-token.ts|src/lib/site-settings-server.ts|src/lib/site-url.ts|src/lib/supabase/env.ts|src/types/database.ts|src/types/notifications-hub.ts|src/types/tourist.ts","supabase|cms|static_data|external_http","booking_lookup_audit_log|booking_lookup_challenges|bookings|email_delivery_outbox|email_template_versions|notification_events|notification_preferences|site_settings","","","","admin|admin|organizer|admin|organizer|cron_secret|admin|rate_limit|cron_secret|cron_secret|rate_limit|organizer|webhook_signature","2","static_source","unknown_db_down"
"7d47bb89a766f54c","/api/bookings/lookup/results","route_handler","src/app/api/bookings/lookup/results/route.ts","src/lib/booking-lookup-security.ts|src/lib/supabase/admin.ts","src/lib/supabase/env.ts|src/types/database.ts","supabase","booking_lookup_challenges|bookings","","","","admin","2","static_source","unknown_db_down"
"01a1571ee9f96439","/api/bookings/lookup/verify","route_handler","src/app/api/bookings/lookup/verify/route.ts","src/lib/booking-lookup-security.ts|src/lib/rate-limit/index.ts|src/lib/supabase/admin.ts","src/lib/supabase/env.ts|src/types/database.ts","supabase|external_http","booking_lookup_audit_log","consume_booking_lookup_challenge","","","admin|rate_limit|cron_secret|rate_limit","2","static_source","unknown_db_down"
"66357775307afc15","/api/bookings/notify","route_handler","src/app/api/bookings/notify/route.ts","","","none_detected","","","","","none_detected","2","static_source","unknown_db_down"
"69b08f39535532e0","/api/bookings/payment-link/[token]","route_handler","src/app/api/bookings/payment-link/[token]/route.ts","src/lib/auth-mode.ts|src/lib/booking-params.ts|src/lib/booking-payment-link.ts|src/lib/bookings-server.ts|src/lib/payments/transaction-server.ts|src/lib/public-api/safe-error.ts|src/lib/supabase/admin.ts","src/data/tour-booking-defaults.ts|src/lib/admin/analytics-period.ts|src/lib/attribution/attribution-server.ts|src/lib/booking-payment.ts|src/lib/booking-travelers.ts|src/lib/bookings-db-mapper.ts|src/lib/bookings-store.ts|src/lib/organizer-bookings.ts|src/lib/organizer-tour-store.ts|src/lib/payments/money.ts|src/lib/payments/payment-idempotency.ts|src/lib/permissions.ts|src/lib/supabase/env.ts|src/lib/tour-checkout-payment.ts|src/lib/tour-repository.ts|src/types/booking-attribution.ts|src/types/booking-params.ts|src/types/booking-payment.ts|src/types/database.ts|src/types/locale.ts|src/types/payment-platform.ts|src/types/payment-webhook.ts|src/types/tourist.ts|src/types/user.ts","supabase|tripster|static_data","booking_attribution|bookings|payment_transactions","attach_guest_bookings_to_current_user|cancel_booking_with_reservation_release|claim_refund_for_execution|create_booking_with_reservation|finalize_refund_attempt|prepare_refund_request_atomic|reject_refund_request_atomic","","","admin|admin|cron_secret|admin|organizer|cron_secret|organizer","2","static_source","unknown_db_down"
"b145d5c4d5b5ad0d","/api/bookings/travelers/[token]","route_handler","src/app/api/bookings/travelers/[token]/route.ts","src/lib/auth-mode.ts|src/lib/booking-travelers-server.ts|src/lib/supabase/admin.ts","src/lib/supabase/env.ts|src/types/database.ts|src/types/tourist.ts","supabase","bookings","","","","admin|cron_secret","2","static_source","unknown_db_down"
"b092e8cb5461dab7","/api/cms/blog/link-suggestions","route_handler","src/app/api/cms/blog/link-suggestions/route.ts","src/data/blog.ts|src/lib/admin/authorize-request.ts|src/lib/blog-ai-link-suggestions.ts|src/lib/blog-internal-link-suggestions.ts|src/lib/blog-utils.ts|src/lib/cms/blog-resolver.ts|src/lib/i18n/server-locale.ts|src/lib/rate-limit/index.ts","src/components/guide/hub/HubQuickFactsGrid.tsx|src/data/blog-argentina-tourist-visa-2026.ts|src/data/blog-argentinian-steak-guide.ts|src/data/blog-author.ts|src/data/blog-best-time-to-visit-argentina.ts|src/data/blog-canonical-map.ts|src/data/blog-category-meta.ts|src/data/blog-el-chalten-i-fitts-roy.ts|src/data/blog-iguazu-garganta-del-diablo.ts|src/data/blog-iguazu-za-3-dnya.ts|src/data/blog-itinerary-chek-list.ts|src/data/blog-itinerary-oshibki.ts|src/data/blog-itinerary-za-10-dney.ts|src/data/blog-itinerary-za-14-dney.ts|src/data/blog-manual-from-md/index.ts|src/data/blog-patagonia-aviabilety.ts|src/data/blog-patagonia-packing-list.ts|src/data/blog-patagonia-penguins.ts|src/data/blog-patagonia-whale-watching.ts|src/data/blog-patagoniya-marshrut-14-dney.ts|src/data/blog-salta-i-severo-zapad-marshrut.ts|src/data/blog-tango-beginners-guide.ts|src/data/blog-tour-embeds.ts|src/data/blog-uco-valley-vino-i-gory.ts|src/data/blog-wildlife-s-gidom.ts|src/lib/admin/capabilities.ts|src/lib/admin/staff.ts|src/lib/blog-from-plan.ts|src/lib/blog-internal-links.ts|src/lib/blog-slug-resolve.ts|src/lib/cms/cms-cutover.ts|src/lib/cms/content-resolver.ts|src/lib/cms/public-read-result.ts|src/lib/cms/translation-status.ts|src/lib/i18n/config.ts|src/lib/media-resolver.ts|src/lib/monitoring/sentry.ts|src/lib/security/browser-mutation-origin.ts|src/lib/supabase-auth-provider.ts|src/lib/supabase/env.ts|src/lib/supabase/server.ts|src/types/admin.ts|src/types/cms-content.ts|src/types/index.ts","supabase|cms|static_data|external_http","admin_role_presets|admin_staff|content_documents|profiles|site_settings","","","/api/auth/ensure-profile|/api/auth/register|/api/auth/request-password-reset|/api/auth/sign-in-phone|https://api.openai.com/v1/chat/completions","admin|admin|cron_secret|admin|rate_limit|cron_secret|cron_secret|rate_limit|organizer|organizer|authenticated","2","static_source","unknown_db_down"
"75710fe767d0a11c","/api/contact","route_handler","src/app/api/contact/route.ts","src/lib/forms/captcha-server.ts|src/lib/lead-capture-validation.ts|src/lib/lead-capture.ts|src/lib/rate-limit/index.ts|src/lib/site-settings-server.ts|src/types/database.ts","src/lib/cms/site-globals/locale-resolve.ts|src/lib/cms/site-globals/normalize.ts|src/lib/forms/captcha-policy.ts|src/lib/i18n/config.ts|src/lib/leads-notify.ts|src/lib/notifications/email-templates/utils.ts|src/lib/site-settings-edge.ts|src/lib/supabase/admin.ts|src/lib/supabase/env.ts|src/types/site-globals.ts","supabase|cms|static_data|external_http","contact_submissions|newsletter_subscribers|site_settings","","","https://challenges.cloudflare.com/turnstile/v0/siteverify","admin|cron_secret|cron_secret|rate_limit","2","static_source","unknown_db_down"
"6ae84a8d8c86add3","/api/conversations/[threadId]/messages","route_handler","src/app/api/conversations/[threadId]/messages/route.ts","src/lib/auth-mode.ts|src/lib/messaging/conversation-server.ts|src/lib/notifications/messaging-notify.ts|src/lib/rate-limit/index.ts|src/lib/supabase-auth-provider.ts|src/lib/supabase/server.ts","src/lib/auth-flow.ts|src/lib/auth-input.ts|src/lib/auth-provider.ts|src/lib/bookings-server.ts|src/lib/guest-booking.ts|src/lib/messaging/constants.ts|src/lib/monitoring/sentry.ts|src/lib/notifications/email-delivery.ts|src/lib/notifications/email-templates/index.ts|src/lib/notifications/notifications-server.ts|src/lib/notifications/push-server.ts|src/lib/organizer-bookings.ts|src/lib/organizer-tour-store.ts|src/lib/profile-mapper.ts|src/lib/supabase/admin.ts|src/lib/supabase/client.ts|src/lib/supabase/env.ts|src/types/conversations.ts|src/types/database.ts|src/types/messages.ts|src/types/tourist.ts|src/types/user.ts","supabase|static_data|external_http","bookings|conversation_messages|conversation_threads|email_delivery_outbox|expert_inquiries|message_reads|notification_events|notification_preferences|profiles|push_subscriptions|typing_presence","attach_guest_bookings_to_current_user|cancel_booking_with_reservation_release|create_booking_with_reservation","","/api/auth/ensure-profile|/api/auth/register|/api/auth/request-password-reset|/api/auth/sign-in-phone","admin|admin|organizer|admin|organizer|cron_secret|cron_secret|cron_secret|rate_limit|organizer|organizer|authenticated|rate_limit","2","static_source","unknown_db_down"
"52478c24f87a0396","/api/conversations/[threadId]/read","route_handler","src/app/api/conversations/[threadId]/read/route.ts","src/lib/auth-mode.ts|src/lib/messaging/conversation-server.ts|src/lib/supabase-auth-provider.ts|src/lib/supabase/server.ts","src/lib/auth-flow.ts|src/lib/auth-input.ts|src/lib/auth-provider.ts|src/lib/bookings-server.ts|src/lib/guest-booking.ts|src/lib/messaging/constants.ts|src/lib/monitoring/sentry.ts|src/lib/organizer-bookings.ts|src/lib/organizer-tour-store.ts|src/lib/profile-mapper.ts|src/lib/supabase/admin.ts|src/lib/supabase/client.ts|src/lib/supabase/env.ts|src/types/conversations.ts|src/types/database.ts|src/types/messages.ts|src/types/tourist.ts|src/types/user.ts","supabase|static_data|external_http","bookings|conversation_messages|conversation_threads|expert_inquiries|message_reads|profiles|typing_presence","attach_guest_bookings_to_current_user|cancel_booking_with_reservation_release|create_booking_with_reservation","","/api/auth/ensure-profile|/api/auth/register|/api/auth/request-password-reset|/api/auth/sign-in-phone","admin|organizer|cron_secret|organizer|organizer|authenticated","2","static_source","unknown_db_down"
"2bf04ebdad80ceb5","/api/conversations/[threadId]/typing","route_handler","src/app/api/conversations/[threadId]/typing/route.ts","src/lib/auth-mode.ts|src/lib/messaging/conversation-server.ts|src/lib/rate-limit/index.ts|src/lib/supabase-auth-provider.ts|src/lib/supabase/server.ts","src/lib/auth-flow.ts|src/lib/auth-input.ts|src/lib/auth-provider.ts|src/lib/bookings-server.ts|src/lib/guest-booking.ts|src/lib/messaging/constants.ts|src/lib/monitoring/sentry.ts|src/lib/organizer-bookings.ts|src/lib/organizer-tour-store.ts|src/lib/profile-mapper.ts|src/lib/supabase/admin.ts|src/lib/supabase/client.ts|src/lib/supabase/env.ts|src/types/conversations.ts|src/types/database.ts|src/types/messages.ts|src/types/tourist.ts|src/types/user.ts","supabase|static_data|external_http","bookings|conversation_messages|conversation_threads|expert_inquiries|message_reads|profiles|typing_presence","attach_guest_bookings_to_current_user|cancel_booking_with_reservation_release|create_booking_with_reservation","","/api/auth/ensure-profile|/api/auth/register|/api/auth/request-password-reset|/api/auth/sign-in-phone","admin|organizer|cron_secret|cron_secret|rate_limit|organizer|organizer|authenticated|rate_limit","2","static_source","unknown_db_down"
"08086f93d8f987b8","/api/conversations/by-booking/[bookingId]","route_handler","src/app/api/conversations/by-booking/[bookingId]/route.ts","src/lib/auth-mode.ts|src/lib/messaging/conversation-server.ts|src/lib/supabase-auth-provider.ts|src/lib/supabase/server.ts","src/lib/auth-flow.ts|src/lib/auth-input.ts|src/lib/auth-provider.ts|src/lib/bookings-server.ts|src/lib/guest-booking.ts|src/lib/messaging/constants.ts|src/lib/monitoring/sentry.ts|src/lib/organizer-bookings.ts|src/lib/organizer-tour-store.ts|src/lib/profile-mapper.ts|src/lib/supabase/admin.ts|src/lib/supabase/client.ts|src/lib/supabase/env.ts|src/types/conversations.ts|src/types/database.ts|src/types/messages.ts|src/types/tourist.ts|src/types/user.ts","supabase|static_data|external_http","bookings|conversation_messages|conversation_threads|expert_inquiries|message_reads|profiles|typing_presence","attach_guest_bookings_to_current_user|cancel_booking_with_reservation_release|create_booking_with_reservation","","/api/auth/ensure-profile|/api/auth/register|/api/auth/request-password-reset|/api/auth/sign-in-phone","admin|organizer|cron_secret|organizer|organizer|authenticated","2","static_source","unknown_db_down"
"03047a7f6b9d18ab","/api/conversations/inbox","route_handler","src/app/api/conversations/inbox/route.ts","src/lib/auth-mode.ts|src/lib/messaging/conversation-server.ts|src/lib/supabase-auth-provider.ts|src/lib/supabase/server.ts|src/types/messages.ts|src/types/user.ts","src/lib/auth-flow.ts|src/lib/auth-input.ts|src/lib/auth-provider.ts|src/lib/bookings-server.ts|src/lib/guest-booking.ts|src/lib/messaging/constants.ts|src/lib/monitoring/sentry.ts|src/lib/organizer-bookings.ts|src/lib/organizer-tour-store.ts|src/lib/profile-mapper.ts|src/lib/supabase/admin.ts|src/lib/supabase/client.ts|src/lib/supabase/env.ts|src/types/conversations.ts|src/types/database.ts|src/types/tourist.ts","supabase|static_data|external_http","bookings|conversation_messages|conversation_threads|expert_inquiries|message_reads|profiles|typing_presence","attach_guest_bookings_to_current_user|cancel_booking_with_reservation_release|create_booking_with_reservation","","/api/auth/ensure-profile|/api/auth/register|/api/auth/request-password-reset|/api/auth/sign-in-phone","admin|organizer|cron_secret|organizer|organizer|authenticated","2","static_source","unknown_db_down"
"cb22207806b82238","/api/cron/affiliate-sync","route_handler","src/app/api/cron/affiliate-sync/route.ts","src/lib/cron/authorize-cron.ts|src/lib/cron/log-cron-result.ts","src/lib/monitoring/sentry.ts|src/lib/ops/ops-status.ts","supabase|external_http|filesystem","ops_cron_runs","","","","admin|cron_secret","2","static_source","unknown_db_down"
"49bf5c3e8aca6109","/api/cron/bookings/expire-unpaid","route_handler","src/app/api/cron/bookings/expire-unpaid/route.ts","src/lib/bookings-db-mapper.ts|src/lib/bookings-notify.ts|src/lib/bookings-server.ts|src/lib/bookings-store.ts|src/lib/cron/authorize-cron.ts|src/lib/cron/log-cron-result.ts|src/lib/supabase/admin.ts","src/components/tour-detail/checkout/types.ts|src/data/booking-statuses.ts|src/lib/attribution/attribution-server.ts|src/lib/booking-create-command.ts|src/lib/booking-display.ts|src/lib/booking-params.ts|src/lib/booking-payment-display.ts|src/lib/booking-payment-link.ts|src/lib/booking-payment.ts|src/lib/booking-state-machine.ts|src/lib/booking-travelers.ts|src/lib/bookings-api.ts|src/lib/bookings-demo-seeds-active.ts|src/lib/bookings-notify-client.ts|src/lib/guest-booking.ts|src/lib/monitoring/sentry.ts|src/lib/notifications/email-delivery.ts|src/lib/notifications/event-emitters.ts|src/lib/notifications/index.ts|src/lib/notifications/push-server.ts|src/lib/ops/ops-status.ts|src/lib/organizer-bookings.ts|src/lib/organizer-tour-store.ts|src/lib/payments/checkout-currency.ts|src/lib/permissions.ts|src/lib/supabase/env.ts|src/lib/tour-repository.ts|src/lib/tour-slug.ts|src/lib/trip-operations.ts|src/types/booking-attribution.ts|src/types/booking-params.ts|src/types/booking-payment.ts|src/types/database.ts|src/types/index.ts|src/types/locale.ts|src/types/payment-webhook.ts|src/types/tourist.ts|src/types/trip-operations.ts|src/types/user.ts","supabase|tripster|youtravel|static_data|external_http|filesystem","booking_attribution|bookings|email_delivery_outbox|ops_cron_runs|push_subscriptions","attach_guest_bookings_to_current_user|cancel_booking_with_reservation_release|create_booking_with_reservation","","/api/bookings|/api/bookings/attach-guest|/api/bookings/lookup|/api/bookings/lookup/results|/api/bookings/lookup/verify|/api/organizer/bookings|/api/payments/sandbox-mode|/api/tripster/booking-request|/api/youtravel/booking-request","admin|admin|organizer|admin|organizer|cron_secret|cron_secret|organizer","2","static_source","unknown_db_down"
"419d320f02e27c2c","/api/cron/cms/publish-scheduled","route_handler","src/app/api/cron/cms/publish-scheduled/route.ts","src/lib/cms/content-server.ts|src/lib/cron/authorize-cron.ts|src/lib/cron/log-cron-result.ts|src/lib/supabase/admin.ts","src/lib/cms/cms-scheduled-publish.ts|src/lib/cms/content-mapper.ts|src/lib/cms/knowledge-resolver.ts|src/lib/monitoring/sentry.ts|src/lib/ops/ops-status.ts|src/lib/search/cms-search-sync.ts|src/lib/supabase/env.ts|src/types/cms-content.ts|src/types/database.ts","supabase|cms|static_data|external_http|filesystem","cms_search_outbox|content_documents|content_revisions|ops_cron_runs|search_documents","cms_create_document_atomic|cms_import_documents_atomic|cms_mutate_document_atomic","","","admin|cron_secret","2","static_source","unknown_db_down"
"e0cc7f6e75ca10da","/api/cron/content-factory-publish","route_handler","src/app/api/cron/content-factory-publish/route.ts","src/lib/content-factory/server.ts|src/lib/cron/authorize-cron.ts|src/lib/cron/log-cron-result.ts","src/lib/content-factory/provider-clients.ts|src/lib/content-factory/types.ts|src/lib/monitoring/sentry.ts|src/lib/ops/ops-status.ts|src/lib/supabase/admin.ts|src/types/database.ts","supabase|external_http|filesystem","cms_media_assets|content_documents|content_factory_campaigns|content_factory_items|content_factory_metric_snapshots|content_factory_templates|content_factory_variants|content_publication_jobs|ingestion_candidates|ops_cron_runs|social_channel_connections|social_channel_secrets|social_inbox_threads","content_factory_get_connection_credentials|content_factory_upsert_connection","","","admin|cron_secret","2","static_source","unknown_db_down"
"302ece90b918e449","/api/cron/content-freshness","route_handler","src/app/api/cron/content-freshness/route.ts","src/lib/content-freshness-server.ts|src/lib/cron/authorize-cron.ts|src/lib/cron/log-cron-result.ts|src/lib/notifications/email-delivery.ts|src/lib/ops/ops-status.ts","src/data/booking-statuses.ts|src/lib/booking-display.ts|src/lib/content-pages.ts|src/lib/monitoring/sentry.ts|src/lib/notifications/email-template-contract.ts|src/lib/notifications/email-template-resolver-server.ts|src/lib/notifications/email-templates/index.ts|src/lib/notifications/notifications-server.ts|src/lib/notifications/unsubscribe-token.ts|src/lib/site-settings-server.ts|src/lib/site-url.ts|src/lib/supabase/admin.ts|src/types/content-freshness.ts|src/types/database.ts|src/types/notifications-hub.ts|src/types/tourist.ts","supabase|cms|static_data|external_http|filesystem","content_freshness|email_delivery_outbox|email_template_versions|notification_events|notification_preferences|ops_cron_runs|site_settings","","","","admin|admin|organizer|admin|organizer|cron_secret|cron_secret|organizer|webhook_signature","2","static_source","unknown_db_down"
"afeadccec62c16be","/api/cron/ingestion","route_handler","src/app/api/cron/ingestion/route.ts","src/lib/cron/authorize-cron.ts|src/lib/cron/log-cron-result.ts|src/lib/ingestion/pipeline-server.ts|src/lib/supabase/admin.ts","src/lib/cms/content-server.ts|src/lib/ingestion/adapters/index.ts|src/lib/ingestion/ai-analysis.ts|src/lib/ingestion/content-intelligence.ts|src/lib/ingestion/policy.ts|src/lib/ingestion/repository-server.ts|src/lib/ingestion/schedule.ts|src/lib/media/cms-media-server.ts|src/lib/monitoring/sentry.ts|src/lib/ops/ops-status.ts|src/lib/supabase/env.ts|src/types/cms-content.ts|src/types/database.ts|src/types/ingestion.ts","supabase|cms|static_data|external_http|filesystem","cms_media_assets|cms_search_outbox|content_documents|content_revisions|content_source_links|content_sources|ingestion_candidates|ingestion_duplicate_links|ingestion_normalized_documents|ingestion_processing_steps|ingestion_prompt_versions|ingestion_raw_documents|ingestion_source_runs|ingestion_sources|ingestion_update_proposals|ops_cron_runs","cms_create_document_atomic|cms_import_documents_atomic|cms_mutate_document_atomic","ingestion-raw","","admin|cron_secret|rate_limit","2","static_source","unknown_db_down"
"5bffa35862966178","/api/cron/messaging/booking-reminder-24h","route_handler","src/app/api/cron/messaging/booking-reminder-24h/route.ts","src/lib/cron/authorize-cron.ts|src/lib/cron/log-cron-result.ts|src/lib/notifications/messaging-notify.ts|src/lib/supabase/admin.ts|src/types/database.ts","src/lib/monitoring/sentry.ts|src/lib/notifications/email-delivery.ts|src/lib/notifications/email-templates/index.ts|src/lib/notifications/notifications-server.ts|src/lib/notifications/push-server.ts|src/lib/ops/ops-status.ts|src/lib/supabase/env.ts|src/types/conversations.ts","supabase|static_data|external_http|filesystem","bookings|email_delivery_outbox|expert_inquiries|notification_events|notification_preferences|ops_cron_runs|profiles|push_subscriptions","","","","admin|admin|organizer|admin|organizer|cron_secret|cron_secret|organizer","2","static_source","unknown_db_down"
"5ee03d716e1e30c1","/api/cron/messaging/cleanup-typing","route_handler","src/app/api/cron/messaging/cleanup-typing/route.ts","src/lib/cron/authorize-cron.ts|src/lib/cron/log-cron-result.ts|src/lib/ops/ops-status.ts|src/lib/supabase/admin.ts","src/lib/monitoring/sentry.ts|src/lib/supabase/env.ts|src/types/database.ts","supabase|external_http|filesystem","ops_cron_runs|typing_presence","","","","admin|cron_secret","2","static_source","unknown_db_down"
"1887fe1e994c7485","/api/cron/notifications/digest","route_handler","src/app/api/cron/notifications/digest/route.ts","src/lib/cron/authorize-cron.ts|src/lib/cron/log-cron-result.ts|src/lib/notifications/email-delivery.ts|src/lib/notifications/notifications-server.ts|src/lib/ops/ops-status.ts|src/lib/supabase/admin.ts","src/data/booking-statuses.ts|src/lib/booking-display.ts|src/lib/guest-booking.ts|src/lib/monitoring/sentry.ts|src/lib/notifications/email-template-contract.ts|src/lib/notifications/email-template-resolver-server.ts|src/lib/notifications/email-templates/index.ts|src/lib/notifications/unsubscribe-token.ts|src/lib/organizer-bookings.ts|src/lib/site-settings-server.ts|src/lib/site-url.ts|src/lib/supabase/env.ts|src/types/database.ts|src/types/notifications-hub.ts|src/types/tourist.ts","supabase|cms|static_data|external_http|filesystem","email_delivery_outbox|email_template_versions|notification_events|notification_preferences|ops_cron_runs|site_settings","","","","admin|admin|organizer|admin|organizer|cron_secret|cron_secret|organizer|webhook_signature","2","static_source","unknown_db_down"
"4bab5efb1b72356d","/api/cron/notifications/email-retry","route_handler","src/app/api/cron/notifications/email-retry/route.ts","src/lib/cron/authorize-cron.ts|src/lib/cron/log-cron-result.ts|src/lib/notifications/email-delivery.ts|src/lib/ops/outbox-health-server.ts","src/data/booking-statuses.ts|src/lib/booking-display.ts|src/lib/monitoring/sentry.ts|src/lib/notifications/email-template-contract.ts|src/lib/notifications/email-template-resolver-server.ts|src/lib/notifications/email-templates/index.ts|src/lib/notifications/notifications-server.ts|src/lib/notifications/unsubscribe-token.ts|src/lib/ops/ops-status.ts|src/lib/site-settings-server.ts|src/lib/site-url.ts|src/lib/supabase/admin.ts|src/types/notifications-hub.ts|src/types/tourist.ts","supabase|cms|static_data|external_http|filesystem","email_delivery_outbox|email_template_versions|notification_events|notification_preferences|ops_cron_runs|site_settings","","","","admin|admin|organizer|admin|organizer|cron_secret|cron_secret|organizer|webhook_signature","2","static_source","unknown_db_down"
"2b0d205dbdbfc8a2","/api/cron/ops/backup-hint","route_handler","src/app/api/cron/ops/backup-hint/route.ts","src/lib/cron/authorize-cron.ts|src/lib/cron/log-cron-result.ts|src/lib/ops/ops-status.ts","src/lib/monitoring/sentry.ts|src/lib/supabase/admin.ts","supabase|external_http|filesystem","ops_cron_runs","","","","admin|cron_secret","2","static_source","unknown_db_down"
"403a164e00d4cbbc","/api/cron/ops/health-report","route_handler","src/app/api/cron/ops/health-report/route.ts","src/lib/admin/authorize-request.ts|src/lib/cron/authorize-cron.ts|src/lib/ops/ops-status.ts|src/lib/ops/outbox-health-server.ts","src/lib/admin/capabilities.ts|src/lib/admin/staff.ts|src/lib/monitoring/sentry.ts|src/lib/security/browser-mutation-origin.ts|src/lib/supabase-auth-provider.ts|src/lib/supabase/admin.ts|src/lib/supabase/env.ts|src/lib/supabase/server.ts|src/types/admin.ts","supabase|external_http|filesystem","admin_role_presets|admin_staff|email_delivery_outbox|ops_cron_runs|profiles","","","/api/auth/ensure-profile|/api/auth/register|/api/auth/request-password-reset|/api/auth/sign-in-phone","admin|admin|cron_secret|cron_secret|organizer|authenticated","2","static_source","unknown_db_down"
"756ea6bb97515e78","/api/cron/platform-maintenance","route_handler","src/app/api/cron/platform-maintenance/route.ts","src/lib/cron/authorize-cron.ts|src/lib/cron/log-cron-result.ts","src/lib/monitoring/sentry.ts|src/lib/ops/ops-status.ts","supabase|external_http|filesystem","ops_cron_runs","","","","admin|cron_secret","2","static_source","unknown_db_down"
"bef6ffffe721431a","/api/cron/privacy/process","route_handler","src/app/api/cron/privacy/process/route.ts","src/lib/cron/authorize-cron.ts|src/lib/cron/log-cron-result.ts|src/lib/ops/ops-status.ts|src/lib/privacy/delete-automation.ts","src/lib/auth-sessions.ts|src/lib/monitoring/sentry.ts|src/lib/notifications/email-delivery.ts|src/lib/supabase/admin.ts|src/types/database.ts","supabase|static_data|external_http|filesystem","bookings|conversation_threads|email_delivery_outbox|ops_cron_runs|privacy_requests|profiles|shop_orders|tour_waitlist_entries","","","","admin|admin|organizer|cron_secret|cron_secret","2","static_source","unknown_db_down"
"2729f40692fc382f","/api/cron/search/reindex","route_handler","src/app/api/cron/search/reindex/route.ts","src/lib/cron/authorize-cron.ts|src/lib/cron/log-cron-result.ts|src/lib/search/search-indexer.ts|src/lib/search/search-reindex-status.ts|src/lib/supabase/admin.ts","src/data/marketplace-tours-server.ts|src/lib/excursion-search-index.ts|src/lib/monitoring/sentry.ts|src/lib/ops/ops-status.ts|src/lib/search/meilisearch-client.ts|src/lib/search/types.ts|src/lib/site-search-index-server.ts|src/lib/site-search-index.ts|src/lib/supabase/env.ts|src/lib/tripster/excursion-server.ts|src/types/database.ts","supabase|tripster|static_data|external_http|filesystem","ops_cron_runs|search_documents","","","","admin|cron_secret","2","static_source","unknown_db_down"
"a3886f18d9838a3c","/api/cron/seo-search-sync","route_handler","src/app/api/cron/seo-search-sync/route.ts","src/lib/cron/authorize-cron.ts|src/lib/seo/search-visibility-server.ts|src/lib/seo/search-visibility-types.ts|src/lib/supabase/admin.ts","src/lib/seo/search-provider-clients.ts|src/lib/supabase/env.ts|src/types/database.ts","supabase","seo_provider_connections|seo_search_performance_daily|seo_search_sync_runs","seo_delete_provider_connection|seo_get_provider_secret|seo_search_performance_summary|seo_upsert_provider_connection","","","admin|cron_secret","2","static_source","unknown_db_down"
"64872b7da82f0860","/api/cron/sputnik8-sync","route_handler","src/app/api/cron/sputnik8-sync/route.ts","src/lib/cron/authorize-cron.ts|src/lib/cron/log-cron-result.ts","src/lib/monitoring/sentry.ts|src/lib/ops/ops-status.ts","supabase|sputnik8|external_http|filesystem","ops_cron_runs","","","","admin|cron_secret","2","static_source","unknown_db_down"
"8bdd7f241971a4b3","/api/cron/trip-prep/reminders","route_handler","src/app/api/cron/trip-prep/reminders/route.ts","src/lib/cron/authorize-cron.ts|src/lib/cron/log-cron-result.ts|src/lib/notifications/trip-prep-notify.ts","src/lib/monitoring/sentry.ts|src/lib/notifications/email-delivery.ts|src/lib/notifications/notifications-server.ts|src/lib/ops/ops-status.ts|src/lib/site-url.ts|src/lib/supabase/admin.ts|src/types/database.ts|src/types/trip-prep.ts","supabase|static_data|external_http|filesystem","bookings|email_delivery_outbox|notification_events|notification_preferences|ops_cron_runs|profiles|trip_prep_reminders_sent","","","","admin|admin|organizer|cron_secret|cron_secret|organizer","2","static_source","unknown_db_down"
"e4eabd1270f420ea","/api/cron/tripster-sync","route_handler","src/app/api/cron/tripster-sync/route.ts","src/lib/cron/authorize-cron.ts|src/lib/cron/log-cron-result.ts","src/lib/monitoring/sentry.ts|src/lib/ops/ops-status.ts","supabase|tripster|external_http|filesystem","ops_cron_runs","","","","admin|cron_secret","2","static_source","unknown_db_down"
"7d706c0385aae419","/api/cron/youtravel-affise-snapshot","route_handler","src/app/api/cron/youtravel-affise-snapshot/route.ts","src/lib/cron/authorize-cron.ts|src/lib/cron/log-cron-result.ts|src/lib/supabase/admin.ts|src/lib/supabase/env.ts|src/lib/youtravel/affise-client.ts|src/lib/youtravel/affise-snapshots-server.ts|src/lib/youtravel/env.ts","src/lib/monitoring/sentry.ts|src/lib/ops/ops-status.ts|src/lib/youtravel/affise-snapshots.ts|src/lib/youtravel/auth.ts|src/types/database.ts","supabase|youtravel|external_http|filesystem","ops_cron_runs|youtravel_affise_snapshots","","","","admin|cron_secret","2","static_source","unknown_db_down"
"f3b638445839cd2b","/api/cron/youtravel-booking-status","route_handler","src/app/api/cron/youtravel-booking-status/route.ts","src/lib/cron/authorize-cron.ts|src/lib/cron/log-cron-result.ts|src/lib/supabase/admin.ts|src/lib/supabase/env.ts|src/lib/youtravel/booking-requests-server.ts|src/lib/youtravel/booking-status-sync.ts|src/lib/youtravel/booking-status.ts|src/lib/youtravel/env.ts","src/lib/monitoring/sentry.ts|src/lib/ops/ops-status.ts|src/lib/youtravel/booking-api.ts|src/types/database.ts|src/types/youtravel-booking.ts","supabase|youtravel|external_http|filesystem","ops_cron_runs|youtravel_booking_requests|youtravel_tours","","","","admin|cron_secret","2","static_source","unknown_db_down"
"b6c1f9d38692954c","/api/cron/youtravel-sync","route_handler","src/app/api/cron/youtravel-sync/route.ts","src/lib/cron/authorize-cron.ts|src/lib/cron/log-cron-result.ts","src/lib/monitoring/sentry.ts|src/lib/ops/ops-status.ts","supabase|youtravel|external_http|filesystem","ops_cron_runs","","","","admin|cron_secret","2","static_source","unknown_db_down"
"67bd45c94cca0cec","/api/esim/offers","route_handler","src/app/api/esim/offers/route.ts","src/data/esim-countries.ts|src/lib/airalo/affiliate.ts|src/lib/airalo/catalog.ts|src/lib/airalo/env.ts|src/lib/airalo/locale-url.ts","src/lib/airalo/feed-parser.ts|src/lib/airalo/offer-meta.ts|src/lib/airalo/types.ts|src/lib/supabase/admin.ts|src/lib/travelpayouts/client.ts|src/lib/travelpayouts/env.ts|src/types/locale.ts","supabase|travelpayouts|airalo|static_data|external_http|filesystem","affiliate_link_clicks","","","","admin","2","static_source","unknown_db_down"
"6b12a525ff9311bd","/api/exchange-rates","route_handler","src/app/api/exchange-rates/route.ts","src/lib/exchange-rates.ts","src/data/locale-config.ts|src/types/locale.ts","static_data|external_http","","","","","none_detected","2","static_source","unknown_db_down"
"cb2f5dbe95b6231a","/api/exchange-rates/argentina","route_handler","src/app/api/exchange-rates/argentina/route.ts","src/lib/argentina-exchange-rates.ts","","external_http","","","","","none_detected","2","static_source","unknown_db_down"
"d8016f6d38ffa2bf","/api/excursions","route_handler","src/app/api/excursions/route.ts","src/lib/tripster/excursion-server.ts|src/types/excursion.ts","src/lib/excursion-server.ts","supabase|tripster|sputnik8|static_data","","","","","admin","2","static_source","unknown_db_down"
"b5a3322ae049e9ff","/api/excursions/[slug]","route_handler","src/app/api/excursions/[slug]/route.ts","src/lib/tripster/excursion-server.ts","src/lib/excursion-server.ts","supabase|tripster|sputnik8|static_data","","","","","admin","2","static_source","unknown_db_down"
"91a3e648026dc472","/api/excursions/[slug]/book","route_handler","src/app/api/excursions/[slug]/book/route.ts","src/lib/booking/partner-contact-form-flag.ts|src/lib/excursion-schedule.ts|src/lib/excursion-server.ts|src/lib/excursion-slug.ts|src/lib/forms/captcha-server.ts|src/lib/partner-booking/idempotency.ts|src/lib/partner-booking/public-errors.ts|src/lib/rate-limit/index.ts|src/lib/site-settings-server.ts|src/lib/supabase/admin.ts|src/lib/supabase/env.ts|src/lib/supabase/server.ts|src/lib/tripster/booking-api.ts|src/lib/tripster/env.ts","src/data/excursion-city-links.ts|src/lib/catalog-rest-circuit.ts|src/lib/cms/site-globals/locale-resolve.ts|src/lib/cms/site-globals/normalize.ts|src/lib/forms/captcha-policy.ts|src/lib/i18n/config.ts|src/lib/native-excursion-mapper.ts|src/lib/partner-source-result.ts|src/lib/site-settings-edge.ts|src/lib/sputnik8/pg-repository.ts|src/lib/sputnik8/repository.ts|src/lib/tour-content-server.ts|src/lib/tripster/auth.ts|src/lib/tripster/guide-server.ts|src/lib/tripster/pg-repository.ts|src/lib/tripster/repository.ts|src/lib/tripster/types.ts|src/types/database.ts|src/types/excursion.ts|src/types/site-globals.ts","supabase|cms|tripster|sputnik8|static_data|external_http","affiliate_link_clicks|partner_booking_operations|site_settings|sputnik8_cities|sputnik8_products|sputnik8_reviews|tours|tripster_booking_requests|tripster_cities|tripster_experiences|tripster_reviews","","","https://challenges.cloudflare.com/turnstile/v0/siteverify","admin|admin|authenticated|rate_limit|admin|organizer|cron_secret|cron_secret|rate_limit","2","static_source","unknown_db_down"
"031f68a1cc77b856","/api/excursions/[slug]/booking-conditions","route_handler","src/app/api/excursions/[slug]/booking-conditions/route.ts","src/lib/excursion-schedule.ts|src/lib/excursion-server.ts|src/lib/excursion-slug.ts|src/lib/public-api/safe-error.ts|src/lib/sputnik8/booking-api.ts|src/lib/sputnik8/booking-conditions.ts|src/lib/sputnik8/env.ts|src/lib/tripster/booking-api.ts|src/lib/tripster/booking-conditions.ts|src/lib/tripster/env.ts","src/data/excursion-city-links.ts|src/lib/catalog-rest-circuit.ts|src/lib/native-excursion-mapper.ts|src/lib/partner-source-result.ts|src/lib/sputnik8/client.ts|src/lib/sputnik8/pg-repository.ts|src/lib/sputnik8/repository.ts|src/lib/sputnik8/types.ts|src/lib/supabase/admin.ts|src/lib/tour-content-server.ts|src/lib/tripster/auth.ts|src/lib/tripster/guide-server.ts|src/lib/tripster/pg-repository.ts|src/lib/tripster/repository.ts|src/lib/tripster/types.ts|src/types/excursion.ts","supabase|tripster|sputnik8|static_data|external_http","affiliate_link_clicks|sputnik8_cities|sputnik8_products|sputnik8_reviews|tours|tripster_cities|tripster_experiences|tripster_reviews","","","","admin|admin|organizer|cron_secret","2","static_source","unknown_db_down"
"d462cbee67247473","/api/excursions/[slug]/price","route_handler","src/app/api/excursions/[slug]/price/route.ts","src/lib/excursion-price-display.ts|src/lib/excursion-schedule.ts|src/lib/excursion-server.ts|src/lib/excursion-slug.ts|src/lib/sputnik8/client.ts|src/lib/sputnik8/env.ts|src/lib/tripster/booking-api.ts|src/lib/tripster/env.ts","src/data/excursion-city-links.ts|src/lib/catalog-rest-circuit.ts|src/lib/native-excursion-mapper.ts|src/lib/partner-source-result.ts|src/lib/sputnik8/argentina-resolver.ts|src/lib/sputnik8/pg-repository.ts|src/lib/sputnik8/repository.ts|src/lib/sputnik8/types.ts|src/lib/supabase/admin.ts|src/lib/tour-content-server.ts|src/lib/tripster/auth.ts|src/lib/tripster/booking-conditions.ts|src/lib/tripster/guide-server.ts|src/lib/tripster/partner-tour-price.ts|src/lib/tripster/pg-repository.ts|src/lib/tripster/repository.ts|src/lib/tripster/types.ts|src/types/excursion.ts|src/types/locale.ts","supabase|tripster|sputnik8|static_data|external_http","affiliate_link_clicks|sputnik8_cities|sputnik8_products|sputnik8_reviews|tours|tripster_cities|tripster_experiences|tripster_reviews","","","/cities?limit=500|/countries","admin|admin|organizer|cron_secret","2","static_source","unknown_db_down"
"25533e07ac659402","/api/excursions/[slug]/schedule","route_handler","src/app/api/excursions/[slug]/schedule/route.ts","src/lib/excursion-schedule.ts|src/lib/excursion-server.ts|src/lib/excursion-slug.ts|src/lib/public-api/safe-error.ts|src/lib/sputnik8/booking-api.ts|src/lib/sputnik8/env.ts|src/lib/tripster/booking-api.ts|src/lib/tripster/env.ts","src/data/excursion-city-links.ts|src/lib/catalog-rest-circuit.ts|src/lib/native-excursion-mapper.ts|src/lib/partner-source-result.ts|src/lib/sputnik8/client.ts|src/lib/sputnik8/pg-repository.ts|src/lib/sputnik8/repository.ts|src/lib/sputnik8/types.ts|src/lib/supabase/admin.ts|src/lib/tour-content-server.ts|src/lib/tripster/auth.ts|src/lib/tripster/guide-server.ts|src/lib/tripster/pg-repository.ts|src/lib/tripster/repository.ts|src/lib/tripster/types.ts|src/types/excursion.ts","supabase|tripster|sputnik8|static_data|external_http","affiliate_link_clicks|sputnik8_cities|sputnik8_products|sputnik8_reviews|tours|tripster_cities|tripster_experiences|tripster_reviews","","","","admin|admin|organizer|cron_secret","2","static_source","unknown_db_down"
"b64d347199cca99e","/api/excursions/search-index","route_handler","src/app/api/excursions/search-index/route.ts","src/lib/excursion-search-index.ts|src/lib/tripster/excursion-server.ts","src/lib/excursion-server.ts|src/lib/site-search-index.ts|src/types/excursion.ts","supabase|tripster|sputnik8|static_data","","","","","admin","2","static_source","unknown_db_down"
"38c3b0b970f199bd","/api/experts","route_handler","src/app/api/experts/route.ts","src/lib/local-experts-server.ts|src/lib/supabase/server.ts","src/data/local-experts-seed.ts|src/lib/auth-mode.ts|src/lib/runtime-mode.ts|src/lib/supabase/env.ts|src/types/database.ts|src/types/local-experts.ts","supabase|static_data","local_experts","","","","none_detected","2","static_source","unknown_db_down"
"8f04b8fd01760189","/api/experts/[slug]","route_handler","src/app/api/experts/[slug]/route.ts","src/lib/local-experts-server.ts|src/lib/supabase/server.ts","src/data/local-experts-seed.ts|src/lib/auth-mode.ts|src/lib/runtime-mode.ts|src/lib/supabase/env.ts|src/types/database.ts|src/types/local-experts.ts","supabase|static_data","local_experts","","","","none_detected","2","static_source","unknown_db_down"
"ebbdadbb9518e3a7","/api/experts/[slug]/inquiry","route_handler","src/app/api/experts/[slug]/inquiry/route.ts","src/lib/auth-mode.ts|src/lib/expert-inquiries-server.ts|src/lib/local-experts-server.ts|src/lib/public-api/safe-error.ts|src/lib/supabase-auth-provider.ts|src/lib/supabase/server.ts","src/data/local-experts-seed.ts|src/lib/auth-flow.ts|src/lib/auth-input.ts|src/lib/auth-provider.ts|src/lib/messaging/conversation-server.ts|src/lib/monitoring/sentry.ts|src/lib/notifications/messaging-notify.ts|src/lib/profile-mapper.ts|src/lib/runtime-mode.ts|src/lib/supabase/admin.ts|src/lib/supabase/client.ts|src/lib/supabase/env.ts|src/types/database.ts|src/types/local-experts.ts|src/types/user.ts","supabase|static_data|external_http","bookings|conversation_messages|conversation_threads|expert_inquiries|local_experts|message_reads|notification_events|profiles|typing_presence","","","/api/auth/ensure-profile|/api/auth/register|/api/auth/request-password-reset|/api/auth/sign-in-phone","admin|admin|organizer|organizer|organizer|authenticated","2","static_source","unknown_db_down"
"0aa5809ded712a3c","/api/experts/apply","route_handler","src/app/api/experts/apply/route.ts","src/lib/auth-mode.ts|src/lib/supabase-auth-provider.ts|src/lib/supabase/server.ts|src/types/local-experts.ts","src/lib/auth-flow.ts|src/lib/auth-input.ts|src/lib/auth-provider.ts|src/lib/monitoring/sentry.ts|src/lib/profile-mapper.ts|src/lib/supabase/client.ts|src/lib/supabase/env.ts|src/types/database.ts|src/types/user.ts","supabase|static_data|external_http","local_experts|profiles","","","/api/auth/ensure-profile|/api/auth/register|/api/auth/request-password-reset|/api/auth/sign-in-phone","organizer|organizer|authenticated","2","static_source","unknown_db_down"
"3e288bff6293d9c7","/api/favorites","route_handler","src/app/api/favorites/route.ts","src/lib/auth-mode.ts|src/lib/favorites-server.ts|src/lib/supabase-auth-provider.ts|src/lib/supabase/server.ts","src/lib/auth-flow.ts|src/lib/auth-input.ts|src/lib/auth-provider.ts|src/lib/cms/place-resolver.ts|src/lib/excursion-server.ts|src/lib/monitoring/sentry.ts|src/lib/profile-mapper.ts|src/lib/supabase/client.ts|src/lib/supabase/env.ts|src/lib/tours-server.ts|src/types/database.ts|src/types/tourist.ts|src/types/user.ts","supabase|cms|tripster|sputnik8|static_data|external_http","profiles|user_favorites","","","/api/auth/ensure-profile|/api/auth/register|/api/auth/request-password-reset|/api/auth/sign-in-phone","admin|cron_secret|organizer|organizer|authenticated","2","static_source","unknown_db_down"
"cd21a720efbc027a","/api/feature-flags","route_handler","src/app/api/feature-flags/route.ts","src/lib/feature-flags/server.ts|src/lib/personalization/interaction-context-server.ts","src/lib/personalization/interactions-server.ts|src/lib/supabase/admin.ts|src/lib/supabase/env.ts|src/lib/supabase/server.ts|src/types/database.ts","supabase","feature_flags|user_interactions","","","","admin|authenticated","2","static_source","unknown_db_down"
"e2525b40963c08b3","/api/flights/prices","route_handler","src/app/api/flights/prices/route.ts","src/lib/travelpayouts/aviasales/index.ts|src/lib/travelpayouts/index.ts|src/types/locale.ts","src/lib/travelpayouts/aviasales/autocomplete.ts|src/lib/travelpayouts/aviasales/data-api.ts|src/lib/travelpayouts/aviasales/deep-link.ts|src/lib/travelpayouts/aviasales/market.ts|src/lib/travelpayouts/aviasales/types.ts|src/lib/travelpayouts/client.ts|src/lib/travelpayouts/env.ts|src/lib/travelpayouts/types.ts","travelpayouts|external_http","","","","","none_detected","2","static_source","unknown_db_down"
"f45722d350a11b34","/api/forum/categories","route_handler","src/app/api/forum/categories/route.ts","src/lib/auth-mode.ts|src/lib/forum/forum-server.ts|src/lib/supabase/server.ts","src/lib/forum/forum-body.ts|src/lib/forum/forum-types.ts|src/lib/supabase/env.ts|src/types/database.ts","supabase","forum_categories|forum_post_reports|forum_posts|forum_threads|profiles","","","","none_detected","2","static_source","unknown_db_down"
"a4da3e4af8f26952","/api/forum/categories/[slug]/threads","route_handler","src/app/api/forum/categories/[slug]/threads/route.ts","src/lib/auth-mode.ts|src/lib/forum/forum-server.ts|src/lib/public-module-visibility.ts|src/lib/rate-limit/index.ts|src/lib/site-settings-server.ts|src/lib/supabase/server.ts","src/lib/cms/site-globals/locale-resolve.ts|src/lib/cms/site-globals/normalize.ts|src/lib/forum/forum-body.ts|src/lib/forum/forum-types.ts|src/lib/i18n/config.ts|src/lib/site-settings-edge.ts|src/lib/supabase/admin.ts|src/lib/supabase/env.ts|src/types/database.ts|src/types/site-globals.ts|src/types/site-nav.ts","supabase|cms|static_data|external_http","forum_categories|forum_post_reports|forum_posts|forum_threads|profiles|site_settings","","","","admin|authenticated|rate_limit|cron_secret|cron_secret|rate_limit","2","static_source","unknown_db_down"
"e6e265476d24d2e1","/api/forum/posts/[postId]/report","route_handler","src/app/api/forum/posts/[postId]/report/route.ts","src/lib/auth-mode.ts|src/lib/forum/forum-server.ts|src/lib/forum/forum-types.ts|src/lib/public-module-visibility.ts|src/lib/rate-limit/index.ts|src/lib/site-settings-server.ts|src/lib/supabase/server.ts","src/lib/cms/site-globals/locale-resolve.ts|src/lib/cms/site-globals/normalize.ts|src/lib/forum/forum-body.ts|src/lib/i18n/config.ts|src/lib/site-settings-edge.ts|src/lib/supabase/admin.ts|src/lib/supabase/env.ts|src/types/database.ts|src/types/site-globals.ts|src/types/site-nav.ts","supabase|cms|static_data|external_http","forum_categories|forum_post_reports|forum_posts|forum_threads|profiles|site_settings","","","","admin|authenticated|rate_limit|cron_secret|cron_secret|rate_limit","2","static_source","unknown_db_down"
"dc2e5794f5b9dd7d","/api/forum/threads/[threadId]","route_handler","src/app/api/forum/threads/[threadId]/route.ts","src/lib/auth-mode.ts|src/lib/forum/forum-server.ts|src/lib/supabase/server.ts","src/lib/forum/forum-body.ts|src/lib/forum/forum-types.ts|src/lib/supabase/env.ts|src/types/database.ts","supabase","forum_categories|forum_post_reports|forum_posts|forum_threads|profiles","","","","none_detected","2","static_source","unknown_db_down"
"08265f59c3372217","/api/forum/threads/[threadId]/posts","route_handler","src/app/api/forum/threads/[threadId]/posts/route.ts","src/lib/auth-mode.ts|src/lib/forum/forum-server.ts|src/lib/public-module-visibility.ts|src/lib/rate-limit/index.ts|src/lib/site-settings-server.ts|src/lib/supabase/server.ts","src/lib/cms/site-globals/locale-resolve.ts|src/lib/cms/site-globals/normalize.ts|src/lib/forum/forum-body.ts|src/lib/forum/forum-types.ts|src/lib/i18n/config.ts|src/lib/site-settings-edge.ts|src/lib/supabase/admin.ts|src/lib/supabase/env.ts|src/types/database.ts|src/types/site-globals.ts|src/types/site-nav.ts","supabase|cms|static_data|external_http","forum_categories|forum_post_reports|forum_posts|forum_threads|profiles|site_settings","","","","admin|authenticated|rate_limit|cron_secret|cron_secret|rate_limit","2","static_source","unknown_db_down"
"9e42c85ed6bc40f1","/api/group-trips","route_handler","src/app/api/group-trips/route.ts","src/lib/auth-mode.ts|src/lib/group-trips-server.ts|src/lib/public-module-policy-server.ts|src/lib/supabase/admin.ts|src/lib/supabase/server.ts|src/types/group-trips.ts","src/lib/notifications/notifications-server.ts|src/lib/site-settings-server.ts|src/lib/supabase/env.ts|src/lib/tour-availability-server.ts|src/types/database.ts","supabase|cms|static_data","group_trip_listings|group_trip_members|notification_events|notification_preferences|profiles|site_settings|tour_availability_slots|tours","","","","admin|admin|authenticated|organizer","2","static_source","unknown_db_down"
"d6569dc124735873","/api/group-trips/[id]/join","route_handler","src/app/api/group-trips/[id]/join/route.ts","src/lib/auth-mode.ts|src/lib/group-trips-server.ts|src/lib/public-module-policy-server.ts|src/lib/supabase/admin.ts|src/lib/supabase/server.ts","src/lib/notifications/notifications-server.ts|src/lib/site-settings-server.ts|src/lib/supabase/env.ts|src/lib/tour-availability-server.ts|src/types/database.ts|src/types/group-trips.ts","supabase|cms|static_data","group_trip_listings|group_trip_members|notification_events|notification_preferences|profiles|site_settings|tour_availability_slots|tours","","","","admin|admin|authenticated|organizer","2","static_source","unknown_db_down"
"02b23a3aeb37a32f","/api/group-trips/[id]/leave","route_handler","src/app/api/group-trips/[id]/leave/route.ts","src/lib/auth-mode.ts|src/lib/group-trips-server.ts|src/lib/supabase/admin.ts|src/lib/supabase/server.ts","src/lib/notifications/notifications-server.ts|src/lib/supabase/env.ts|src/lib/tour-availability-server.ts|src/types/database.ts|src/types/group-trips.ts","supabase|static_data","group_trip_listings|group_trip_members|notification_events|notification_preferences|profiles|tour_availability_slots|tours","","","","admin|authenticated|organizer","2","static_source","unknown_db_down"
"c64d9dc083d43a8f","/api/health","route_handler","src/app/api/health/route.ts","src/lib/monitoring/health-public.ts","src/lib/database-url.ts|src/lib/monitoring/build-info.ts|src/lib/ops/deploy-env.ts|src/lib/ops/migrations-version.ts|src/lib/supabase/admin.ts|src/lib/supabase/env.ts","supabase|filesystem","profiles|search_documents","","","","admin","2","static_source","unknown_db_down"
"adc842f6a648ee68","/api/health/database","route_handler","src/app/api/health/database/route.ts","src/lib/monitoring/health-public.ts","src/lib/database-url.ts|src/lib/monitoring/build-info.ts|src/lib/ops/deploy-env.ts|src/lib/ops/migrations-version.ts|src/lib/supabase/admin.ts|src/lib/supabase/env.ts","supabase|filesystem","profiles|search_documents","","","","admin","2","static_source","unknown_db_down"
"ef790b01df85a2b1","/api/health/partners","route_handler","src/app/api/health/partners/route.ts","src/lib/database-url.ts|src/lib/partner-tours/freshness.ts|src/lib/supabase/admin.ts","src/lib/supabase/env.ts|src/lib/supabase/project-ref.ts|src/types/database.ts","supabase","sputnik8_products|sputnik8_sync_runs|tripster_experiences|tripster_sync_runs|youtravel_sync_runs|youtravel_tours","","","","admin","2","static_source","unknown_db_down"
"b392ba4cfdca8491","/api/health/public","route_handler","src/app/api/health/public/route.ts","src/lib/monitoring/health-public.ts","src/lib/database-url.ts|src/lib/monitoring/build-info.ts|src/lib/ops/deploy-env.ts|src/lib/ops/migrations-version.ts|src/lib/supabase/admin.ts|src/lib/supabase/env.ts","supabase|filesystem","profiles|search_documents","","","","admin","2","static_source","unknown_db_down"
"1be67741d833d4f1","/api/interactions","route_handler","src/app/api/interactions/route.ts","src/lib/personalization/interactions-server.ts|src/lib/supabase/env.ts|src/lib/supabase/server.ts|src/types/user-interactions.ts","src/lib/supabase/admin.ts|src/types/database.ts","supabase","user_interactions","","","","admin|authenticated","2","static_source","unknown_db_down"
"c82fa983a2b646fd","/api/map/layers","route_handler","src/app/api/map/layers/route.ts","src/lib/cdn-cache.ts|src/lib/map-layers-server.ts|src/lib/map-url-state.ts|src/lib/monitoring/sentry.ts","src/data/marketplace-tours-server.ts|src/data/tour-routes.ts|src/lib/argentina-cities.ts|src/lib/map-types.ts|src/lib/places-repository.ts|src/lib/security/monitoring-scrub.ts|src/lib/tour-map.ts|src/types/index.ts|src/types/place.ts","tripster|static_data","","","","","admin|cron_secret|organizer","2","static_source","unknown_db_down"
"c76131cf9c69c273","/api/map/objects","route_handler","src/app/api/map/objects/route.ts","src/lib/map-argentina-url-state.ts|src/lib/map-layers-server.ts|src/lib/map-objects-server.ts|src/lib/map-types.ts|src/lib/monitoring/sentry.ts","src/data/argentina-airports.ts|src/data/argentina-flight-routes.ts|src/data/argentina-national-parks.ts|src/data/argentina-transport-hubs.ts|src/data/marketplace-tours-server.ts|src/data/media-library/maps.ts|src/data/places-seed.ts|src/data/tour-routes.ts|src/lib/argentina-cities.ts|src/lib/excursion-server.ts|src/lib/map-basemap-themes.ts|src/lib/map-discovery.ts|src/lib/map-kb-attractions.ts|src/lib/map-overlay-layers.ts|src/lib/map-search.ts|src/lib/map-supplementary-cities.ts|src/lib/map-thematic-layers.ts|src/lib/media-resolver.ts|src/lib/places-readiness.ts|src/lib/places-repository.ts|src/lib/security/monitoring-scrub.ts|src/lib/supabase/admin.ts|src/lib/supabase/env.ts|src/lib/tour-map.ts|src/types/excursion.ts|src/types/index.ts|src/types/place.ts","supabase|tripster|sputnik8|static_data","map_object_curation","","","","admin|cron_secret|organizer","2","static_source","unknown_db_down"
"00a2eecfa66a336c","/api/media/partner-image","route_handler","src/app/api/media/partner-image/route.ts","src/lib/media/partner-image-proxy.ts","","external_http","","","","","none_detected","2","static_source","unknown_db_down"
"c9a6d10e6918453a","/api/mobility/catalog","route_handler","src/app/api/mobility/catalog/route.ts","src/lib/mobility/module-policy-server.ts|src/lib/mobility/rpc-server.ts|src/types/mobility.ts","src/lib/site-settings-server.ts|src/lib/supabase/admin.ts","supabase|cms","site_settings","","","","admin","2","static_source","unknown_db_down"
"c34cb5a7ad5133f0","/api/mobility/handoff","route_handler","src/app/api/mobility/handoff/route.ts","src/lib/admin/user-identity-management.ts|src/lib/mobility/module-policy-server.ts|src/lib/mobility/rpc-server.ts|src/types/mobility.ts","src/lib/site-settings-server.ts|src/lib/supabase/admin.ts|src/types/database.ts","supabase|cms","site_settings","","","","admin","2","static_source","unknown_db_down"
"ef05fd1007073b30","/api/mobility/requests","route_handler","src/app/api/mobility/requests/route.ts","src/lib/admin/user-identity-management.ts|src/lib/forms/captcha-server.ts|src/lib/mobility/module-policy-server.ts|src/lib/mobility/rpc-server.ts|src/lib/rate-limit/index.ts|src/types/mobility.ts","src/lib/forms/captcha-policy.ts|src/lib/site-settings-server.ts|src/lib/supabase/admin.ts|src/types/database.ts","supabase|cms|external_http","site_settings","","","https://challenges.cloudflare.com/turnstile/v0/siteverify","admin|admin|rate_limit|cron_secret|rate_limit","2","static_source","unknown_db_down"
"9c83f73b96aa62a3","/api/newsletter","route_handler","src/app/api/newsletter/route.ts","src/lib/forms/captcha-server.ts|src/lib/lead-capture-validation.ts|src/lib/lead-capture.ts|src/lib/rate-limit/index.ts|src/lib/site-settings-server.ts","src/lib/cms/site-globals/locale-resolve.ts|src/lib/cms/site-globals/normalize.ts|src/lib/forms/captcha-policy.ts|src/lib/i18n/config.ts|src/lib/leads-notify.ts|src/lib/notifications/email-templates/utils.ts|src/lib/site-settings-edge.ts|src/lib/supabase/admin.ts|src/lib/supabase/env.ts|src/types/database.ts|src/types/site-globals.ts","supabase|cms|static_data|external_http","contact_submissions|newsletter_subscribers|site_settings","","","https://challenges.cloudflare.com/turnstile/v0/siteverify","admin|cron_secret|cron_secret|rate_limit","2","static_source","unknown_db_down"
"8f4498d158cf7d26","/api/notifications","route_handler","src/app/api/notifications/route.ts","src/lib/auth-mode.ts|src/lib/notifications/notifications-server.ts|src/lib/organizer-bookings.ts|src/lib/organizer/inbox-server.ts|src/lib/supabase-auth-provider.ts|src/lib/supabase/server.ts|src/types/notifications-hub.ts|src/types/user.ts","src/data/booking-statuses.ts|src/data/organizer-dashboard.ts|src/lib/auth-flow.ts|src/lib/auth-input.ts|src/lib/auth-provider.ts|src/lib/booking-params.ts|src/lib/bookings-store.ts|src/lib/guest-booking.ts|src/lib/messages-store.ts|src/lib/monitoring/sentry.ts|src/lib/organizer-inbox.ts|src/lib/organizer-tour-store.ts|src/lib/organizer-waitlist.ts|src/lib/profile-mapper.ts|src/lib/reviews-server.ts|src/lib/supabase/client.ts|src/lib/supabase/env.ts|src/lib/tour-slug.ts|src/types/booking-params.ts|src/types/database.ts|src/types/organizer-inbox.ts|src/types/tourist.ts","supabase|static_data|external_http","moderation_queue|notification_events|notification_preferences|organizer_inbox_reads|profiles|review_reports|tourist_reviews","","","/api/auth/ensure-profile|/api/auth/register|/api/auth/request-password-reset|/api/auth/sign-in-phone|/api/organizer/inbox","admin|organizer|cron_secret|organizer|organizer|authenticated","2","static_source","unknown_db_down"
"658f7b875cb9e413","/api/notifications/preferences","route_handler","src/app/api/notifications/preferences/route.ts","src/lib/auth-mode.ts|src/lib/notifications/notifications-server.ts|src/lib/supabase-auth-provider.ts|src/lib/supabase/server.ts|src/types/notifications-hub.ts|src/types/user.ts","src/data/booking-statuses.ts|src/lib/auth-flow.ts|src/lib/auth-input.ts|src/lib/auth-provider.ts|src/lib/guest-booking.ts|src/lib/monitoring/sentry.ts|src/lib/organizer-bookings.ts|src/lib/profile-mapper.ts|src/lib/supabase/client.ts|src/lib/supabase/env.ts|src/types/database.ts","supabase|static_data|external_http","notification_events|notification_preferences|profiles","","","/api/auth/ensure-profile|/api/auth/register|/api/auth/request-password-reset|/api/auth/sign-in-phone","organizer|organizer|authenticated","2","static_source","unknown_db_down"
"affbbee58f64cfd4","/api/notifications/push/subscribe","route_handler","src/app/api/notifications/push/subscribe/route.ts","src/lib/auth-mode.ts|src/lib/cookie-consent.ts|src/lib/supabase-auth-provider.ts|src/lib/supabase/admin.ts|src/lib/supabase/server.ts","src/lib/analytics/gtm-consent.ts|src/lib/auth-flow.ts|src/lib/auth-input.ts|src/lib/auth-provider.ts|src/lib/monitoring/sentry.ts|src/lib/profile-mapper.ts|src/lib/supabase/client.ts|src/lib/supabase/env.ts|src/types/database.ts|src/types/user.ts","supabase|static_data|external_http","profiles|push_subscriptions","","","/api/auth/ensure-profile|/api/auth/register|/api/auth/request-password-reset|/api/auth/sign-in-phone","admin|organizer|organizer|authenticated","2","static_source","unknown_db_down"
"09ecb715933207cd","/api/notifications/unsubscribe","route_handler","src/app/api/notifications/unsubscribe/route.ts","src/lib/notifications/notifications-server.ts|src/lib/notifications/unsubscribe-token.ts|src/lib/supabase/admin.ts|src/types/notifications-hub.ts","src/data/booking-statuses.ts|src/lib/guest-booking.ts|src/lib/organizer-bookings.ts|src/lib/site-url.ts|src/lib/supabase/env.ts|src/types/database.ts","supabase|static_data","notification_events|notification_preferences","","","","admin|organizer|webhook_signature","2","static_source","unknown_db_down"
"ed1d37b23b8050b9","/api/organizer-applications","route_handler","src/app/api/organizer-applications/route.ts","src/lib/leads-notify.ts|src/lib/notifications/email-templates/index.ts|src/lib/rate-limit/index.ts|src/lib/site-settings-server.ts|src/lib/supabase/admin.ts|src/lib/supabase/server.ts","src/lib/cms/site-globals/locale-resolve.ts|src/lib/cms/site-globals/normalize.ts|src/lib/i18n/config.ts|src/lib/notifications/email-delivery.ts|src/lib/notifications/email-templates/booking-confirmed.ts|src/lib/notifications/email-templates/booking-lookup-code.ts|src/lib/notifications/email-templates/booking-reminder-24h.ts|src/lib/notifications/email-templates/booking-status-changed.ts|src/lib/notifications/email-templates/content-freshness-report.ts|src/lib/notifications/email-templates/digest-daily.ts|src/lib/notifications/email-templates/layout.ts|src/lib/notifications/email-templates/new-message.ts|src/lib/notifications/email-templates/payment-received.ts|src/lib/notifications/email-templates/privacy-delete-completed.ts|src/lib/notifications/email-templates/review-approved.ts|src/lib/notifications/email-templates/trip-prep-reminder.ts|src/lib/notifications/email-templates/types.ts|src/lib/notifications/email-templates/utils.ts|src/lib/site-settings-edge.ts|src/lib/supabase/env.ts|src/types/database.ts|src/types/site-globals.ts","supabase|cms|static_data|external_http","email_delivery_outbox|organizer_applications|profiles|site_settings","","","","admin|admin|authenticated|rate_limit|admin|organizer|cron_secret|cron_secret|cron_secret|rate_limit|organizer","2","static_source","unknown_db_down"
"d218e94b25b166ed","/api/organizer/analytics","route_handler","src/app/api/organizer/analytics/route.ts","src/lib/auth-mode.ts|src/lib/commercial/entitlement-resolver-server.ts|src/lib/organizer/analytics-server.ts|src/lib/supabase-auth-provider.ts|src/lib/supabase/admin.ts|src/lib/supabase/server.ts|src/types/user.ts","src/lib/auth-flow.ts|src/lib/auth-input.ts|src/lib/auth-provider.ts|src/lib/commercial/entitlement-catalog.ts|src/lib/monitoring/sentry.ts|src/lib/profile-mapper.ts|src/lib/supabase/client.ts|src/lib/supabase/env.ts|src/types/commercial-entitlements.ts|src/types/database.ts|src/types/organizer-analytics.ts","supabase|static_data|external_http","analytics_events|bookings|commercial_adapters|commercial_entitlement_definitions|commercial_plan_entitlements|commercial_plans|organizer_commercial_subscriptions|organizer_entitlement_overrides|payment_transactions|profiles|tours","","","/api/auth/ensure-profile|/api/auth/register|/api/auth/request-password-reset|/api/auth/sign-in-phone","admin|organizer|organizer|organizer|authenticated","2","static_source","unknown_db_down"
"b4396e2c09db9746","/api/organizer/apartments","route_handler","src/app/api/organizer/apartments/route.ts","src/lib/apartments/apartment-auth-server.ts|src/lib/apartments/apartment-repository-server.ts|src/lib/apartments/apartment-validation.ts","src/lib/commercial/entitlement-resolver-server.ts|src/lib/supabase-auth-provider.ts|src/lib/supabase/admin.ts|src/lib/supabase/server.ts|src/types/apartments.ts|src/types/user.ts","supabase|external_http","apartment_listings|commercial_adapters|commercial_entitlement_definitions|commercial_plan_entitlements|commercial_plans|organizer_commercial_subscriptions|organizer_entitlement_overrides|profiles","apartment_save_draft","","/api/auth/ensure-profile|/api/auth/register|/api/auth/request-password-reset|/api/auth/sign-in-phone","admin|organizer|authenticated","2","static_source","unknown_db_down"
"d341b689b362fc50","/api/organizer/apartments/[id]","route_handler","src/app/api/organizer/apartments/[id]/route.ts","src/lib/apartments/apartment-auth-server.ts|src/lib/apartments/apartment-repository-server.ts|src/lib/apartments/apartment-validation.ts","src/lib/commercial/entitlement-resolver-server.ts|src/lib/supabase-auth-provider.ts|src/lib/supabase/admin.ts|src/lib/supabase/server.ts|src/types/apartments.ts|src/types/user.ts","supabase|external_http","apartment_listings|commercial_adapters|commercial_entitlement_definitions|commercial_plan_entitlements|commercial_plans|organizer_commercial_subscriptions|organizer_entitlement_overrides|profiles","apartment_save_draft","","/api/auth/ensure-profile|/api/auth/register|/api/auth/request-password-reset|/api/auth/sign-in-phone","admin|organizer|authenticated","2","static_source","unknown_db_down"
"5c1f6ce2b2dc3ca2","/api/organizer/apartments/[id]/availability","route_handler","src/app/api/organizer/apartments/[id]/availability/route.ts","src/lib/apartments/apartment-auth-server.ts|src/lib/apartments/apartment-validation.ts","src/lib/commercial/entitlement-resolver-server.ts|src/lib/supabase-auth-provider.ts|src/lib/supabase/admin.ts|src/lib/supabase/server.ts|src/types/apartments.ts|src/types/user.ts","supabase|external_http","apartment_availability_blocks|apartment_listings|commercial_adapters|commercial_entitlement_definitions|commercial_plan_entitlements|commercial_plans|organizer_commercial_subscriptions|organizer_entitlement_overrides|profiles","apartment_replace_availability","","/api/auth/ensure-profile|/api/auth/register|/api/auth/request-password-reset|/api/auth/sign-in-phone","admin|organizer|authenticated","2","static_source","unknown_db_down"
"8a68fc7e0e211c70","/api/organizer/apartments/[id]/submit","route_handler","src/app/api/organizer/apartments/[id]/submit/route.ts","src/lib/apartments/apartment-auth-server.ts|src/lib/apartments/apartment-validation.ts","src/lib/commercial/entitlement-resolver-server.ts|src/lib/supabase-auth-provider.ts|src/lib/supabase/admin.ts|src/lib/supabase/server.ts|src/types/apartments.ts|src/types/user.ts","supabase|external_http","commercial_adapters|commercial_entitlement_definitions|commercial_plan_entitlements|commercial_plans|organizer_commercial_subscriptions|organizer_entitlement_overrides|profiles","apartment_submit_for_review","","/api/auth/ensure-profile|/api/auth/register|/api/auth/request-password-reset|/api/auth/sign-in-phone","admin|organizer|authenticated","2","static_source","unknown_db_down"
"cb07a276d5c40c62","/api/organizer/apartments/inquiries","route_handler","src/app/api/organizer/apartments/inquiries/route.ts","src/lib/apartments/apartment-auth-server.ts|src/lib/apartments/apartment-inquiry-operations-server.ts","src/lib/commercial/entitlement-resolver-server.ts|src/lib/supabase-auth-provider.ts|src/lib/supabase/admin.ts|src/lib/supabase/server.ts|src/types/apartments.ts|src/types/user.ts","supabase|external_http","apartment_inquiries|commercial_adapters|commercial_entitlement_definitions|commercial_plan_entitlements|commercial_plans|organizer_commercial_subscriptions|organizer_entitlement_overrides|profiles","apartment_transition_inquiry","","/api/auth/ensure-profile|/api/auth/register|/api/auth/request-password-reset|/api/auth/sign-in-phone","admin|organizer|authenticated","2","static_source","unknown_db_down"
"232162589e7864b6","/api/organizer/apartments/inquiries/[id]","route_handler","src/app/api/organizer/apartments/inquiries/[id]/route.ts","src/lib/apartments/apartment-auth-server.ts|src/lib/apartments/apartment-inquiry-operations-server.ts|src/lib/apartments/apartment-validation.ts","src/lib/commercial/entitlement-resolver-server.ts|src/lib/supabase-auth-provider.ts|src/lib/supabase/admin.ts|src/lib/supabase/server.ts|src/types/apartments.ts|src/types/user.ts","supabase|external_http","apartment_inquiries|commercial_adapters|commercial_entitlement_definitions|commercial_plan_entitlements|commercial_plans|organizer_commercial_subscriptions|organizer_entitlement_overrides|profiles","apartment_transition_inquiry","","/api/auth/ensure-profile|/api/auth/register|/api/auth/request-password-reset|/api/auth/sign-in-phone","admin|organizer|authenticated","2","static_source","unknown_db_down"
"64608f38ab8932cb","/api/organizer/api-keys","route_handler","src/app/api/organizer/api-keys/route.ts","src/lib/public-api/api-key-mapper.ts|src/lib/public-api/keys.ts|src/lib/public-api/usage-log.ts|src/lib/supabase-auth-provider.ts|src/lib/supabase/admin.ts|src/lib/supabase/env.ts|src/lib/supabase/server.ts|src/types/user.ts","src/lib/auth-flow.ts|src/lib/auth-input.ts|src/lib/auth-provider.ts|src/lib/monitoring/sentry.ts|src/lib/profile-mapper.ts|src/lib/supabase/client.ts|src/types/database.ts|src/types/public-api.ts","supabase|static_data|external_http","api_key_usage_log|api_keys|profiles","","","/api/auth/ensure-profile|/api/auth/register|/api/auth/request-password-reset|/api/auth/sign-in-phone","admin|admin|organizer|organizer|organizer|authenticated|rate_limit","2","static_source","unknown_db_down"
"7a73ff19d22b7cfb","/api/organizer/api-keys/[id]","route_handler","src/app/api/organizer/api-keys/[id]/route.ts","src/lib/supabase-auth-provider.ts|src/lib/supabase/admin.ts|src/lib/supabase/env.ts|src/lib/supabase/server.ts|src/types/user.ts","src/lib/auth-flow.ts|src/lib/auth-input.ts|src/lib/auth-provider.ts|src/lib/monitoring/sentry.ts|src/lib/profile-mapper.ts|src/lib/supabase/client.ts|src/types/database.ts","supabase|static_data|external_http","api_keys|profiles","","","/api/auth/ensure-profile|/api/auth/register|/api/auth/request-password-reset|/api/auth/sign-in-phone","admin|organizer|organizer|authenticated","2","static_source","unknown_db_down"
"f6013c964c0ade5b","/api/organizer/articles","route_handler","src/app/api/organizer/articles/route.ts","src/lib/cms/author-article-workflow.ts|src/lib/cms/content-server.ts|src/lib/supabase-auth-provider.ts|src/lib/supabase/admin.ts|src/lib/supabase/server.ts|src/types/cms-content.ts|src/types/user.ts","src/data/destination-pages.ts|src/data/legal-content.ts|src/lib/auth-flow.ts|src/lib/auth-input.ts|src/lib/auth-provider.ts|src/lib/blog-utils.ts|src/lib/cms/cms-scheduled-publish.ts|src/lib/cms/content-mapper.ts|src/lib/cms/knowledge-resolver.ts|src/lib/media-resolver.ts|src/lib/monitoring/sentry.ts|src/lib/profile-mapper.ts|src/lib/search/cms-search-sync.ts|src/lib/supabase/client.ts|src/lib/supabase/env.ts|src/types/blog-content-blocks.ts|src/types/content-page.ts|src/types/database.ts|src/types/index.ts|src/types/place.ts","supabase|cms|static_data|external_http","cms_search_outbox|content_documents|content_revisions|moderation_queue|profiles|search_documents","cms_create_document_atomic|cms_import_documents_atomic|cms_mutate_document_atomic","","/api/auth/ensure-profile|/api/auth/register|/api/auth/request-password-reset|/api/auth/sign-in-phone","admin|organizer|organizer|organizer|authenticated","2","static_source","unknown_db_down"
"1e1e6b9f3d1e4c03","/api/organizer/articles/[id]","route_handler","src/app/api/organizer/articles/[id]/route.ts","src/lib/cms/author-article-workflow.ts|src/lib/cms/content-server.ts|src/lib/supabase-auth-provider.ts|src/lib/supabase/admin.ts|src/lib/supabase/server.ts|src/types/cms-content.ts|src/types/user.ts","src/data/destination-pages.ts|src/data/legal-content.ts|src/lib/auth-flow.ts|src/lib/auth-input.ts|src/lib/auth-provider.ts|src/lib/blog-utils.ts|src/lib/cms/cms-scheduled-publish.ts|src/lib/cms/content-mapper.ts|src/lib/cms/knowledge-resolver.ts|src/lib/media-resolver.ts|src/lib/monitoring/sentry.ts|src/lib/profile-mapper.ts|src/lib/search/cms-search-sync.ts|src/lib/supabase/client.ts|src/lib/supabase/env.ts|src/types/blog-content-blocks.ts|src/types/content-page.ts|src/types/database.ts|src/types/index.ts|src/types/place.ts","supabase|cms|static_data|external_http","cms_search_outbox|content_documents|content_revisions|moderation_queue|profiles|search_documents","cms_create_document_atomic|cms_import_documents_atomic|cms_mutate_document_atomic","","/api/auth/ensure-profile|/api/auth/register|/api/auth/request-password-reset|/api/auth/sign-in-phone","admin|organizer|organizer|organizer|authenticated","2","static_source","unknown_db_down"
"23695ac39acf7d10","/api/organizer/articles/[id]/submit","route_handler","src/app/api/organizer/articles/[id]/submit/route.ts","src/lib/cms/content-server.ts|src/lib/supabase-auth-provider.ts|src/lib/supabase/admin.ts|src/lib/supabase/server.ts|src/types/database.ts|src/types/user.ts","src/lib/auth-flow.ts|src/lib/auth-input.ts|src/lib/auth-provider.ts|src/lib/cms/cms-scheduled-publish.ts|src/lib/cms/content-mapper.ts|src/lib/cms/knowledge-resolver.ts|src/lib/monitoring/sentry.ts|src/lib/profile-mapper.ts|src/lib/search/cms-search-sync.ts|src/lib/supabase/client.ts|src/lib/supabase/env.ts|src/types/cms-content.ts","supabase|cms|static_data|external_http","cms_search_outbox|content_documents|content_revisions|moderation_queue|profiles|search_documents","cms_create_document_atomic|cms_import_documents_atomic|cms_mutate_document_atomic","","/api/auth/ensure-profile|/api/auth/register|/api/auth/request-password-reset|/api/auth/sign-in-phone","admin|organizer|organizer|authenticated","2","static_source","unknown_db_down"
"39545e509ee85b91","/api/organizer/bookings","route_handler","src/app/api/organizer/bookings/route.ts","src/lib/auth-mode.ts|src/lib/bookings-server.ts|src/lib/organizer-bookings.ts|src/lib/supabase-auth-provider.ts|src/lib/supabase/server.ts|src/types/user.ts","src/data/organizer-dashboard.ts|src/lib/attribution/attribution-server.ts|src/lib/auth-flow.ts|src/lib/auth-input.ts|src/lib/auth-provider.ts|src/lib/bookings-db-mapper.ts|src/lib/bookings-store.ts|src/lib/messages-store.ts|src/lib/monitoring/sentry.ts|src/lib/organizer-inbox.ts|src/lib/organizer-tour-store.ts|src/lib/organizer-waitlist.ts|src/lib/permissions.ts|src/lib/profile-mapper.ts|src/lib/supabase/client.ts|src/lib/supabase/env.ts|src/lib/tour-slug.ts|src/types/booking-attribution.ts|src/types/database.ts|src/types/tourist.ts","supabase|static_data|external_http","booking_attribution|bookings|profiles","attach_guest_bookings_to_current_user|cancel_booking_with_reservation_release|create_booking_with_reservation","","/api/auth/ensure-profile|/api/auth/register|/api/auth/request-password-reset|/api/auth/sign-in-phone|/api/organizer/inbox","admin|admin|organizer|cron_secret|organizer|organizer|authenticated","2","static_source","unknown_db_down"
"be40cc85acea8f6f","/api/organizer/bookings/[id]/commission","route_handler","src/app/api/organizer/bookings/[id]/commission/route.ts","src/lib/auth-mode.ts|src/lib/bookings-server.ts|src/lib/payments/commission-server.ts|src/lib/supabase-auth-provider.ts|src/lib/supabase/server.ts|src/types/user.ts","src/lib/admin/analytics-period.ts|src/lib/attribution/attribution-server.ts|src/lib/auth-flow.ts|src/lib/auth-input.ts|src/lib/auth-provider.ts|src/lib/bookings-db-mapper.ts|src/lib/bookings-store.ts|src/lib/monitoring/sentry.ts|src/lib/organizer-bookings.ts|src/lib/organizer-tour-store.ts|src/lib/payments/ledger-aggregation.ts|src/lib/payments/money.ts|src/lib/permissions.ts|src/lib/profile-mapper.ts|src/lib/supabase/client.ts|src/lib/supabase/env.ts|src/types/admin-analytics.ts|src/types/booking-attribution.ts|src/types/database.ts|src/types/platform-commission.ts|src/types/tourist.ts","supabase|static_data|external_http","booking_attribution|booking_commission_snapshots|bookings|platform_commission_rules|profiles","attach_guest_bookings_to_current_user|cancel_booking_with_reservation_release|create_booking_with_reservation","","/api/auth/ensure-profile|/api/auth/register|/api/auth/request-password-reset|/api/auth/sign-in-phone","admin|admin|organizer|cron_secret|organizer|organizer|authenticated","2","static_source","unknown_db_down"
"e9a3429c39df9b43","/api/organizer/bookings/[id]/trip-prep-summary","route_handler","src/app/api/organizer/bookings/[id]/trip-prep-summary/route.ts","src/lib/auth-mode.ts|src/lib/bookings-server.ts|src/lib/organizer-bookings.ts|src/lib/supabase-auth-provider.ts|src/lib/supabase/server.ts|src/lib/trip-prep-server.ts|src/types/user.ts","src/data/organizer-dashboard.ts|src/lib/attribution/attribution-server.ts|src/lib/auth-flow.ts|src/lib/auth-input.ts|src/lib/auth-provider.ts|src/lib/bookings-db-mapper.ts|src/lib/bookings-store.ts|src/lib/messages-store.ts|src/lib/monitoring/sentry.ts|src/lib/organizer-inbox.ts|src/lib/organizer-tour-store.ts|src/lib/organizer-waitlist.ts|src/lib/permissions.ts|src/lib/profile-mapper.ts|src/lib/supabase/client.ts|src/lib/supabase/env.ts|src/lib/tour-slug.ts|src/lib/trip-prep-summary.ts|src/types/booking-attribution.ts|src/types/database.ts|src/types/tourist.ts|src/types/trip-prep.ts","supabase|static_data|external_http","booking_attribution|bookings|profiles|trip_prep_items|trip_prep_progress|trip_prep_templates","attach_guest_bookings_to_current_user|cancel_booking_with_reservation_release|create_booking_with_reservation","","/api/auth/ensure-profile|/api/auth/register|/api/auth/request-password-reset|/api/auth/sign-in-phone|/api/organizer/inbox","admin|admin|organizer|cron_secret|organizer|organizer|authenticated","2","static_source","unknown_db_down"
"fb39125fad1144ac","/api/organizer/finance/statement","route_handler","src/app/api/organizer/finance/statement/route.ts","src/lib/admin/analytics-period.ts|src/lib/auth-mode.ts|src/lib/payments/payout-export.ts|src/lib/payments/payout-server.ts|src/lib/supabase-auth-provider.ts|src/lib/supabase/server.ts|src/types/user.ts","src/lib/auth-flow.ts|src/lib/auth-input.ts|src/lib/auth-provider.ts|src/lib/monitoring/sentry.ts|src/lib/payments/commission-server.ts|src/lib/payments/ledger-aggregation.ts|src/lib/payments/money.ts|src/lib/profile-mapper.ts|src/lib/supabase/client.ts|src/lib/supabase/env.ts|src/types/admin-analytics.ts|src/types/database.ts|src/types/payment-platform.ts|src/types/platform-commission.ts","supabase|static_data|external_http","booking_attribution|booking_commission_snapshots|payout_records|platform_commission_rules|profiles","approve_payout_batch_atomic|cancel_payout_batch_atomic|complete_payout_batch_atomic|create_payout_batch_atomic|mark_payout_exported_atomic","","/api/auth/ensure-profile|/api/auth/register|/api/auth/request-password-reset|/api/auth/sign-in-phone","admin|admin|cron_secret|organizer|organizer|authenticated","2","static_source","unknown_db_down"
"e307ab2444c8d3f5","/api/organizer/finance/summary","route_handler","src/app/api/organizer/finance/summary/route.ts","src/lib/admin/analytics-period.ts|src/lib/auth-mode.ts|src/lib/payments/payout-server.ts|src/lib/supabase-auth-provider.ts|src/lib/supabase/server.ts|src/types/user.ts","src/lib/auth-flow.ts|src/lib/auth-input.ts|src/lib/auth-provider.ts|src/lib/monitoring/sentry.ts|src/lib/payments/commission-server.ts|src/lib/payments/ledger-aggregation.ts|src/lib/payments/money.ts|src/lib/payments/payout-export.ts|src/lib/profile-mapper.ts|src/lib/supabase/client.ts|src/lib/supabase/env.ts|src/types/admin-analytics.ts|src/types/database.ts|src/types/payment-platform.ts|src/types/platform-commission.ts","supabase|static_data|external_http","booking_attribution|booking_commission_snapshots|payout_records|platform_commission_rules|profiles","approve_payout_batch_atomic|cancel_payout_batch_atomic|complete_payout_batch_atomic|create_payout_batch_atomic|mark_payout_exported_atomic","","/api/auth/ensure-profile|/api/auth/register|/api/auth/request-password-reset|/api/auth/sign-in-phone","admin|admin|cron_secret|organizer|organizer|authenticated","2","static_source","unknown_db_down"
"fa12eece5be61867","/api/organizer/group-trips/[id]","route_handler","src/app/api/organizer/group-trips/[id]/route.ts","src/lib/auth-mode.ts|src/lib/group-trips-server.ts|src/lib/public-module-policy-server.ts|src/lib/supabase-auth-provider.ts|src/lib/supabase/admin.ts|src/lib/supabase/server.ts|src/types/group-trips.ts|src/types/user.ts","src/lib/auth-flow.ts|src/lib/auth-input.ts|src/lib/auth-provider.ts|src/lib/monitoring/sentry.ts|src/lib/notifications/notifications-server.ts|src/lib/profile-mapper.ts|src/lib/site-settings-server.ts|src/lib/supabase/client.ts|src/lib/supabase/env.ts|src/lib/tour-availability-server.ts|src/types/database.ts","supabase|cms|static_data|external_http","group_trip_listings|group_trip_members|notification_events|notification_preferences|profiles|site_settings|tour_availability_slots|tours","","","/api/auth/ensure-profile|/api/auth/register|/api/auth/request-password-reset|/api/auth/sign-in-phone","admin|organizer|organizer|authenticated","2","static_source","unknown_db_down"
"2f1d4b5bfb69f8ff","/api/organizer/inbox","route_handler","src/app/api/organizer/inbox/route.ts","src/lib/auth-mode.ts|src/lib/organizer-bookings.ts|src/lib/organizer/inbox-server.ts|src/lib/supabase-auth-provider.ts|src/lib/supabase/server.ts|src/types/organizer-inbox.ts|src/types/user.ts","src/data/booking-statuses.ts|src/data/organizer-dashboard.ts|src/lib/auth-flow.ts|src/lib/auth-input.ts|src/lib/auth-provider.ts|src/lib/booking-params.ts|src/lib/bookings-store.ts|src/lib/messages-store.ts|src/lib/monitoring/sentry.ts|src/lib/organizer-inbox.ts|src/lib/organizer-tour-store.ts|src/lib/organizer-waitlist.ts|src/lib/profile-mapper.ts|src/lib/reviews-server.ts|src/lib/supabase/client.ts|src/lib/supabase/env.ts|src/lib/tour-slug.ts|src/types/booking-params.ts|src/types/database.ts|src/types/tourist.ts","supabase|static_data|external_http","moderation_queue|organizer_inbox_reads|profiles|review_reports|tourist_reviews","","","/api/auth/ensure-profile|/api/auth/register|/api/auth/request-password-reset|/api/auth/sign-in-phone|/api/organizer/inbox","admin|organizer|cron_secret|organizer|organizer|authenticated","2","static_source","unknown_db_down"
"b1192f75424c00ab","/api/organizer/mobility","route_handler","src/app/api/organizer/mobility/route.ts","src/lib/mobility/organizer-auth-server.ts|src/lib/mobility/rpc-server.ts|src/types/mobility.ts","src/lib/commercial/entitlement-resolver-server.ts|src/lib/supabase-auth-provider.ts|src/lib/supabase/admin.ts|src/lib/supabase/server.ts|src/types/user.ts","supabase|external_http","commercial_adapters|commercial_entitlement_definitions|commercial_plan_entitlements|commercial_plans|organizer_commercial_subscriptions|organizer_entitlement_overrides|profiles","","","/api/auth/ensure-profile|/api/auth/register|/api/auth/request-password-reset|/api/auth/sign-in-phone","admin|organizer|organizer|authenticated","2","static_source","unknown_db_down"
"5fd3286166dd227b","/api/organizer/mobility/documents","route_handler","src/app/api/organizer/mobility/documents/route.ts","src/lib/admin/user-identity-management.ts|src/lib/mobility/organizer-auth-server.ts|src/lib/mobility/rpc-server.ts|src/lib/supabase/admin.ts|src/types/mobility.ts","src/lib/commercial/entitlement-resolver-server.ts|src/lib/supabase-auth-provider.ts|src/lib/supabase/env.ts|src/lib/supabase/server.ts|src/types/database.ts|src/types/user.ts","supabase|external_http","commercial_adapters|commercial_entitlement_definitions|commercial_plan_entitlements|commercial_plans|organizer_commercial_subscriptions|organizer_entitlement_overrides|profiles","","","/api/auth/ensure-profile|/api/auth/register|/api/auth/request-password-reset|/api/auth/sign-in-phone","admin|admin|organizer|organizer|authenticated","2","static_source","unknown_db_down"
"5db21a6957eaa1fa","/api/organizer/mobility/requests","route_handler","src/app/api/organizer/mobility/requests/route.ts","src/lib/admin/user-identity-management.ts|src/lib/mobility/organizer-auth-server.ts|src/lib/mobility/rpc-server.ts|src/types/mobility.ts","src/lib/commercial/entitlement-resolver-server.ts|src/lib/supabase-auth-provider.ts|src/lib/supabase/admin.ts|src/lib/supabase/server.ts|src/types/database.ts|src/types/user.ts","supabase|external_http","commercial_adapters|commercial_entitlement_definitions|commercial_plan_entitlements|commercial_plans|organizer_commercial_subscriptions|organizer_entitlement_overrides|profiles","","","/api/auth/ensure-profile|/api/auth/register|/api/auth/request-password-reset|/api/auth/sign-in-phone","admin|admin|organizer|organizer|authenticated","2","static_source","unknown_db_down"
"2dbb220ba61e1d2b","/api/organizer/payments/refund-request","route_handler","src/app/api/organizer/payments/refund-request/route.ts","src/lib/admin/user-identity-management.ts|src/lib/auth-mode.ts|src/lib/booking-params.ts|src/lib/bookings-server.ts|src/lib/payments/transaction-server.ts|src/lib/supabase-auth-provider.ts|src/lib/supabase/admin.ts|src/lib/supabase/server.ts|src/types/user.ts","src/data/tour-booking-defaults.ts|src/lib/admin/analytics-period.ts|src/lib/attribution/attribution-server.ts|src/lib/auth-flow.ts|src/lib/auth-input.ts|src/lib/auth-provider.ts|src/lib/booking-payment.ts|src/lib/booking-travelers.ts|src/lib/bookings-db-mapper.ts|src/lib/bookings-store.ts|src/lib/monitoring/sentry.ts|src/lib/organizer-bookings.ts|src/lib/organizer-tour-store.ts|src/lib/payments/money.ts|src/lib/payments/payment-idempotency.ts|src/lib/permissions.ts|src/lib/profile-mapper.ts|src/lib/supabase/client.ts|src/lib/supabase/env.ts|src/types/booking-attribution.ts|src/types/booking-params.ts|src/types/database.ts|src/types/locale.ts|src/types/payment-platform.ts|src/types/payment-webhook.ts|src/types/tourist.ts","supabase|static_data|external_http","booking_attribution|bookings|payment_transactions|profiles","attach_guest_bookings_to_current_user|cancel_booking_with_reservation_release|claim_refund_for_execution|create_booking_with_reservation|finalize_refund_attempt|prepare_refund_request_atomic|reject_refund_request_atomic","","/api/auth/ensure-profile|/api/auth/register|/api/auth/request-password-reset|/api/auth/sign-in-phone","admin|admin|cron_secret|admin|organizer|cron_secret|organizer|organizer|authenticated","2","static_source","unknown_db_down"
"adfb6da155707123","/api/organizer/reviews","route_handler","src/app/api/organizer/reviews/route.ts","src/lib/auth-mode.ts|src/lib/organizer-bookings.ts|src/lib/reviews-server.ts|src/lib/supabase-auth-provider.ts|src/lib/supabase/server.ts|src/types/user.ts","src/data/organizer-dashboard.ts|src/lib/auth-flow.ts|src/lib/auth-input.ts|src/lib/auth-provider.ts|src/lib/bookings-store.ts|src/lib/messages-store.ts|src/lib/monitoring/sentry.ts|src/lib/notifications/email-delivery.ts|src/lib/organizer-inbox.ts|src/lib/organizer-tour-store.ts|src/lib/organizer-waitlist.ts|src/lib/profile-mapper.ts|src/lib/reviews-db-mapper.ts|src/lib/supabase/admin.ts|src/lib/supabase/client.ts|src/lib/supabase/env.ts|src/lib/tour-slug.ts|src/types/database.ts|src/types/index.ts|src/types/tourist.ts","supabase|static_data|external_http","email_delivery_outbox|moderation_queue|profiles|review_reports|tourist_reviews","","","/api/auth/ensure-profile|/api/auth/register|/api/auth/request-password-reset|/api/auth/sign-in-phone|/api/organizer/inbox","admin|organizer|admin|organizer|cron_secret|cron_secret|organizer|organizer|authenticated","2","static_source","unknown_db_down"
"81fcdb86cd71d95e","/api/organizer/reviews/[id]","route_handler","src/app/api/organizer/reviews/[id]/route.ts","src/lib/auth-mode.ts|src/lib/organizer-bookings.ts|src/lib/reviews-server.ts|src/lib/supabase-auth-provider.ts|src/lib/supabase/server.ts|src/types/user.ts","src/data/organizer-dashboard.ts|src/lib/auth-flow.ts|src/lib/auth-input.ts|src/lib/auth-provider.ts|src/lib/bookings-store.ts|src/lib/messages-store.ts|src/lib/monitoring/sentry.ts|src/lib/notifications/email-delivery.ts|src/lib/organizer-inbox.ts|src/lib/organizer-tour-store.ts|src/lib/organizer-waitlist.ts|src/lib/profile-mapper.ts|src/lib/reviews-db-mapper.ts|src/lib/supabase/admin.ts|src/lib/supabase/client.ts|src/lib/supabase/env.ts|src/lib/tour-slug.ts|src/types/database.ts|src/types/index.ts|src/types/tourist.ts","supabase|static_data|external_http","email_delivery_outbox|moderation_queue|profiles|review_reports|tourist_reviews","","","/api/auth/ensure-profile|/api/auth/register|/api/auth/request-password-reset|/api/auth/sign-in-phone|/api/organizer/inbox","admin|organizer|admin|organizer|cron_secret|cron_secret|organizer|organizer|authenticated","2","static_source","unknown_db_down"
"1b81c1f53f023320","/api/organizer/tours","route_handler","src/app/api/organizer/tours/route.ts","src/lib/auth-mode.ts|src/lib/supabase-auth-provider.ts|src/lib/supabase/server.ts|src/types/organizer-tour.ts|src/types/user.ts","src/data/tour-accommodation-defaults.ts|src/data/tour-booking-defaults.ts|src/data/tour-collections.ts|src/data/tour-discount-defaults.ts|src/data/tour-logistics-defaults.ts|src/data/tour-program-defaults.ts|src/data/tour-terms-defaults.ts|src/lib/auth-flow.ts|src/lib/auth-input.ts|src/lib/auth-provider.ts|src/lib/monitoring/sentry.ts|src/lib/profile-mapper.ts|src/lib/supabase/client.ts|src/lib/supabase/env.ts|src/types/database.ts|src/types/group-discount.ts|src/types/index.ts|src/types/locale.ts|src/types/tour-checkout-payment.ts|src/types/tour-custom-booking-link.ts|src/types/tour-section-comments.ts|src/types/tour-travel-risk.ts","supabase|static_data|external_http","profiles|tours","","","/api/auth/ensure-profile|/api/auth/register|/api/auth/request-password-reset|/api/auth/sign-in-phone","organizer|organizer|authenticated","2","static_source","unknown_db_down"
"d8b6b92524b4c461","/api/organizer/tours/[id]/availability","route_handler","src/app/api/organizer/tours/[id]/availability/route.ts","src/lib/auth-mode.ts|src/lib/organizer/tour-ownership.ts|src/lib/supabase-auth-provider.ts|src/lib/supabase/admin.ts|src/lib/supabase/server.ts|src/lib/tour-availability-server.ts|src/types/user.ts","src/lib/auth-flow.ts|src/lib/auth-input.ts|src/lib/auth-provider.ts|src/lib/monitoring/sentry.ts|src/lib/profile-mapper.ts|src/lib/supabase/client.ts|src/lib/supabase/env.ts|src/lib/tour-content-visibility.ts|src/types/database.ts","supabase|static_data|external_http","profiles|tour_availability_slots|tours","","","/api/auth/ensure-profile|/api/auth/register|/api/auth/request-password-reset|/api/auth/sign-in-phone","admin|organizer|organizer|organizer|authenticated","2","static_source","unknown_db_down"
"68177d88414c75cf","/api/organizer/tours/[id]/draft","route_handler","src/app/api/organizer/tours/[id]/draft/route.ts","src/lib/admin/audit.ts|src/lib/auth-mode.ts|src/lib/market-context.ts|src/lib/publish-readiness.ts|src/lib/supabase-auth-provider.ts|src/lib/supabase/admin.ts|src/lib/supabase/server.ts|src/lib/tour-content-mapper.ts|src/lib/tour-mapper.ts|src/lib/tour-slug.ts|src/types/database.ts|src/types/organizer-tour.ts|src/types/tour.ts|src/types/user.ts","src/data/tour-accommodation-defaults.ts|src/data/tour-accommodation-seeds.ts|src/data/tour-booking-defaults.ts|src/data/tour-collections.ts|src/data/tour-custom-booking-seeds.ts|src/data/tour-date-price-seeds.ts|src/data/tour-discount-defaults.ts|src/data/tour-group-discount-seeds.ts|src/data/tour-levels.ts|src/data/tour-logistics-defaults.ts|src/data/tour-logistics-seeds.ts|src/data/tour-organizer-display-defaults.ts|src/data/tour-photos-defaults.ts|src/data/tour-price-on-request-seeds.ts|src/data/tour-private-seeds.ts|src/data/tour-program-defaults.ts|src/data/tour-routes.ts|src/data/tour-terms-defaults.ts|src/data/tour-waitlist-seeds.ts|src/lib/auth-flow.ts|src/lib/auth-input.ts|src/lib/auth-provider.ts|src/lib/group-discount.ts|src/lib/monitoring/sentry.ts|src/lib/organizer-experience-enrich.ts|src/lib/organizer-public.ts|src/lib/organizer-tour-store.ts|src/lib/profile-mapper.ts|src/lib/runtime-mode.ts|src/lib/supabase/client.ts|src/lib/supabase/env.ts|src/lib/tour-accommodation-public.ts|src/lib/tour-custom-booking-link.ts|src/lib/tour-date-pricing.ts|src/lib/tour-duration.ts|src/lib/tour-private-access.ts|src/lib/tour-review-stats.ts|src/lib/tour-section-comments.ts|src/lib/tour-travel-risk.ts|src/lib/tours-legacy.ts|src/types/group-discount.ts|src/types/index.ts|src/types/locale.ts|src/types/tour-checkout-payment.ts|src/types/tour-content.ts|src/types/tour-custom-booking-link.ts|src/types/tour-section-comments.ts|src/types/tour-travel-risk.ts","supabase|tripster|static_data|external_http","admin_audit_log|moderation_queue|profiles|tours","organizer_mutate_tour_atomic","","/api/auth/ensure-profile|/api/auth/register|/api/auth/request-password-reset|/api/auth/sign-in-phone","admin|cron_secret|admin|organizer|organizer|organizer|authenticated","2","static_source","unknown_db_down"
"0337b8a9195c4e16","/api/organizer/tours/[id]/media","route_handler","src/app/api/organizer/tours/[id]/media/route.ts","src/lib/media/cms-media-image.ts|src/lib/supabase-auth-provider.ts|src/lib/supabase/admin.ts|src/lib/supabase/server.ts|src/types/user.ts","src/lib/auth-flow.ts|src/lib/auth-input.ts|src/lib/auth-provider.ts|src/lib/monitoring/sentry.ts|src/lib/profile-mapper.ts|src/lib/supabase/client.ts|src/lib/supabase/env.ts|src/types/database.ts","supabase|cms|static_data|external_http","profiles|tours","","","/api/auth/ensure-profile|/api/auth/register|/api/auth/request-password-reset|/api/auth/sign-in-phone","admin|organizer|organizer|authenticated","2","static_source","unknown_db_down"
"07fd36aa61782861","/api/organizer/tours/sync","route_handler","src/app/api/organizer/tours/sync/route.ts","src/lib/auth-mode.ts|src/lib/supabase-auth-provider.ts|src/lib/supabase/server.ts|src/types/user.ts","src/lib/auth-flow.ts|src/lib/auth-input.ts|src/lib/auth-provider.ts|src/lib/monitoring/sentry.ts|src/lib/profile-mapper.ts|src/lib/supabase/client.ts|src/lib/supabase/env.ts|src/types/database.ts","supabase|static_data|external_http","profiles","","","/api/auth/ensure-profile|/api/auth/register|/api/auth/request-password-reset|/api/auth/sign-in-phone","organizer|organizer|authenticated","2","static_source","unknown_db_down"
"e0508526ee2ac17e","/api/organizer/waitlist","route_handler","src/app/api/organizer/waitlist/route.ts","src/lib/auth-mode.ts|src/lib/organizer-waitlist-server.ts|src/lib/supabase-auth-provider.ts|src/lib/supabase/admin.ts|src/lib/supabase/server.ts|src/types/user.ts","src/data/waitlist-statuses.ts|src/lib/auth-flow.ts|src/lib/auth-input.ts|src/lib/auth-provider.ts|src/lib/monitoring/sentry.ts|src/lib/profile-mapper.ts|src/lib/supabase/client.ts|src/lib/supabase/env.ts|src/types/database.ts|src/types/waitlist.ts","supabase|static_data|external_http","profiles|tour_waitlist_entries|tours","","","/api/auth/ensure-profile|/api/auth/register|/api/auth/request-password-reset|/api/auth/sign-in-phone","admin|organizer|organizer|organizer|authenticated","2","static_source","unknown_db_down"
"b2660de872a15472","/api/organizer/waitlist/[id]","route_handler","src/app/api/organizer/waitlist/[id]/route.ts","src/lib/auth-mode.ts|src/lib/organizer-waitlist-server.ts|src/lib/supabase-auth-provider.ts|src/lib/supabase/admin.ts|src/lib/supabase/server.ts|src/types/user.ts|src/types/waitlist.ts","src/data/waitlist-statuses.ts|src/lib/auth-flow.ts|src/lib/auth-input.ts|src/lib/auth-provider.ts|src/lib/monitoring/sentry.ts|src/lib/profile-mapper.ts|src/lib/supabase/client.ts|src/lib/supabase/env.ts|src/types/database.ts","supabase|static_data|external_http","profiles|tour_waitlist_entries|tours","","","/api/auth/ensure-profile|/api/auth/register|/api/auth/request-password-reset|/api/auth/sign-in-phone","admin|organizer|organizer|organizer|authenticated","2","static_source","unknown_db_down"
"fd75c99d4939fa3c","/api/organizer/webhooks","route_handler","src/app/api/organizer/webhooks/route.ts","src/lib/partner-webhooks.ts|src/lib/supabase-auth-provider.ts|src/lib/supabase/admin.ts|src/lib/supabase/env.ts|src/lib/supabase/server.ts|src/types/partner-webhook.ts|src/types/user.ts","src/lib/auth-flow.ts|src/lib/auth-input.ts|src/lib/auth-provider.ts|src/lib/monitoring/sentry.ts|src/lib/profile-mapper.ts|src/lib/supabase/client.ts|src/types/database.ts|src/types/tourist.ts","supabase|static_data|external_http","partner_webhook_deliveries|partner_webhooks|profiles","","","/api/auth/ensure-profile|/api/auth/register|/api/auth/request-password-reset|/api/auth/sign-in-phone","admin|organizer|admin|webhook_signature|cron_secret|organizer|organizer|authenticated","2","static_source","unknown_db_down"
"f28c0c47a430a734","/api/organizer/webhooks/[id]","route_handler","src/app/api/organizer/webhooks/[id]/route.ts","src/lib/partner-webhooks.ts|src/lib/supabase-auth-provider.ts|src/lib/supabase/admin.ts|src/lib/supabase/env.ts|src/lib/supabase/server.ts|src/types/partner-webhook.ts|src/types/user.ts","src/lib/auth-flow.ts|src/lib/auth-input.ts|src/lib/auth-provider.ts|src/lib/monitoring/sentry.ts|src/lib/profile-mapper.ts|src/lib/supabase/client.ts|src/types/database.ts|src/types/tourist.ts","supabase|static_data|external_http","partner_webhook_deliveries|partner_webhooks|profiles","","","/api/auth/ensure-profile|/api/auth/register|/api/auth/request-password-reset|/api/auth/sign-in-phone","admin|organizer|admin|webhook_signature|cron_secret|organizer|organizer|authenticated","2","static_source","unknown_db_down"
"375b0f44931038d8","/api/organizer/webhooks/[id]/test","route_handler","src/app/api/organizer/webhooks/[id]/test/route.ts","src/lib/partner-webhooks.ts|src/lib/supabase-auth-provider.ts|src/lib/supabase/env.ts|src/lib/supabase/server.ts|src/types/user.ts","src/lib/auth-flow.ts|src/lib/auth-input.ts|src/lib/auth-provider.ts|src/lib/monitoring/sentry.ts|src/lib/profile-mapper.ts|src/lib/supabase/admin.ts|src/lib/supabase/client.ts|src/types/database.ts|src/types/partner-webhook.ts|src/types/tourist.ts","supabase|static_data|external_http","partner_webhook_deliveries|partner_webhooks|profiles","","","/api/auth/ensure-profile|/api/auth/register|/api/auth/request-password-reset|/api/auth/sign-in-phone","admin|webhook_signature|cron_secret|organizer|organizer|authenticated","2","static_source","unknown_db_down"
"f050d35a7325d893","/api/partner-tours/[slug]/price","route_handler","src/app/api/partner-tours/[slug]/price/route.ts","src/lib/tripster/booking-api.ts|src/lib/tripster/env.ts|src/lib/tripster/partner-tour-price.ts|src/lib/tripster/partner-tour-server.ts","src/data/locale-config.ts|src/lib/catalog-rest-circuit.ts|src/lib/currency.ts|src/lib/discount.ts|src/lib/excursion-listing-meta.ts|src/lib/partner-source-result.ts|src/lib/supabase/admin.ts|src/lib/tour-recommendations.ts|src/lib/tripster/auth.ts|src/lib/tripster/client.ts|src/lib/tripster/partner-tour-accommodation.ts|src/lib/tripster/partner-tour-booking.ts|src/lib/tripster/partner-tour-content.ts|src/lib/tripster/partner-tour-guide-server.ts|src/lib/tripster/partner-tour-listing-schedule.ts|src/lib/tripster/partner-tour-mapper.ts|src/lib/tripster/partner-tour-repository.ts|src/lib/tripster/partner-tour-reviews.ts|src/lib/tripster/types.ts|src/types/index.ts|src/types/locale.ts","supabase|tripster|static_data|external_http","tripster_cities|tripster_experiences|tripster_reviews","","","/api/exchange-rates","admin|cron_secret|organizer","2","static_source","unknown_db_down"
"0b8b1e69a530747c","/api/partner-tours/[slug]/schedule","route_handler","src/app/api/partner-tours/[slug]/schedule/route.ts","src/lib/tripster/booking-api.ts|src/lib/tripster/env.ts|src/lib/tripster/partner-tour-content.ts|src/lib/tripster/partner-tour-server.ts|src/lib/tripster/partner-tour-utils.ts|src/lib/youtravel/env.ts|src/lib/youtravel/offers-server.ts|src/lib/youtravel/partner-tour-server.ts|src/lib/youtravel/partner-tour-utils.ts","src/lib/catalog-rest-circuit.ts|src/lib/gallery-images.ts|src/lib/partner-source-result.ts|src/lib/partner-tours/offer-quality.ts|src/lib/rich-text.ts|src/lib/supabase/admin.ts|src/lib/tour-recommendations.ts|src/lib/tripster/auth.ts|src/lib/tripster/client.ts|src/lib/tripster/excursion-payload.ts|src/lib/tripster/mapper.ts|src/lib/tripster/partner-tour-accommodation.ts|src/lib/tripster/partner-tour-booking.ts|src/lib/tripster/partner-tour-guide-server.ts|src/lib/tripster/partner-tour-listing-schedule.ts|src/lib/tripster/partner-tour-mapper.ts|src/lib/tripster/partner-tour-repository.ts|src/lib/tripster/partner-tour-reviews.ts|src/lib/tripster/types.ts|src/lib/youtravel/client.ts|src/lib/youtravel/offers-mapper.ts|src/lib/youtravel/partner-tour-repository.ts|src/lib/youtravel/types.ts|src/types/index.ts","supabase|tripster|youtravel|static_data|external_http","tripster_cities|tripster_experiences|tripster_reviews|youtravel_offers|youtravel_tours","","","","admin|cron_secret|organizer","2","static_source","unknown_db_down"
"fd73f46fe7b0d72b","/api/payments/sandbox-mode","route_handler","src/app/api/payments/sandbox-mode/route.ts","src/lib/payments/sandbox-mode.ts","src/lib/ops/deploy-env.ts|src/lib/payments/mercadopago-client.ts","external_http","","","","","cron_secret|webhook_signature","2","static_source","unknown_db_down"
"51043b47368b4276","/api/places","route_handler","src/app/api/places/route.ts","src/lib/places-repository.ts","src/data/places-enrichment.ts|src/data/places-planning.ts|src/data/places-seed.ts|src/lib/places-mapper.ts|src/lib/places-relations.ts|src/lib/places-urls.ts|src/lib/prisma.ts|src/types/place.ts","prisma|static_data","","","","","none_detected","2","static_source","unknown_db_down"
"c54feab2cec11559","/api/places/ai/itinerary-suggest","route_handler","src/app/api/places/ai/itinerary-suggest/route.ts","src/lib/places-catalog-filters.ts|src/lib/places-relations.ts|src/lib/places-repository.ts|src/types/place.ts","src/data/places-enrichment.ts|src/data/places-planning.ts|src/data/places-seed.ts|src/lib/places-mapper.ts|src/lib/places-urls.ts|src/lib/prisma.ts|src/types/content-page.ts","prisma|static_data","","","","","none_detected","2","static_source","unknown_db_down"
"d32cdf0965756682","/api/podbor/narrative","route_handler","src/app/api/podbor/narrative/route.ts","src/data/marketplace-tours-server.ts|src/lib/podbor/matching.ts|src/lib/podbor/narrative.ts|src/lib/public-module-policy-server.ts|src/types/podbor.ts","src/data/podbor/questions.ts|src/data/podbor/regions.ts|src/lib/partner-tours/offer-quality.ts|src/lib/podbor/budget.ts|src/lib/podbor/scoring.ts|src/lib/site-settings-server.ts|src/lib/tripster/partner-tour-utils.ts|src/types/excursion.ts|src/types/index.ts","supabase|cms|tripster|static_data","site_settings","","","","admin|organizer","2","static_source","unknown_db_down"
"029affe34722c932","/api/privacy/delete-request","route_handler","src/app/api/privacy/delete-request/route.ts","src/lib/auth-mode.ts|src/lib/supabase-auth-provider.ts|src/lib/supabase/server.ts|src/types/user.ts","src/lib/auth-flow.ts|src/lib/auth-input.ts|src/lib/auth-provider.ts|src/lib/monitoring/sentry.ts|src/lib/profile-mapper.ts|src/lib/supabase/client.ts|src/lib/supabase/env.ts|src/types/database.ts","supabase|static_data|external_http","privacy_requests|profiles","","","/api/auth/ensure-profile|/api/auth/register|/api/auth/request-password-reset|/api/auth/sign-in-phone","organizer|organizer|authenticated","2","static_source","unknown_db_down"
"6b4836c61f982ddc","/api/privacy/export","route_handler","src/app/api/privacy/export/route.ts","src/lib/admin/audit.ts|src/lib/auth-mode.ts|src/lib/privacy/export-user-data.ts|src/lib/supabase-auth-provider.ts|src/lib/supabase/server.ts","src/lib/auth-flow.ts|src/lib/auth-input.ts|src/lib/auth-provider.ts|src/lib/bookings-server.ts|src/lib/messaging/conversation-server.ts|src/lib/monitoring/sentry.ts|src/lib/profile-mapper.ts|src/lib/reviews-server.ts|src/lib/supabase/admin.ts|src/lib/supabase/client.ts|src/lib/supabase/env.ts|src/types/conversations.ts|src/types/database.ts|src/types/privacy.ts|src/types/user.ts","supabase|static_data|external_http","admin_audit_log|bookings|conversation_messages|conversation_threads|expert_inquiries|message_reads|moderation_queue|profiles|review_reports|tourist_reviews|typing_presence","attach_guest_bookings_to_current_user|cancel_booking_with_reservation_release|create_booking_with_reservation","","/api/auth/ensure-profile|/api/auth/register|/api/auth/request-password-reset|/api/auth/sign-in-phone","admin|admin|cron_secret|admin|organizer|organizer|organizer|authenticated","2","static_source","unknown_db_down"
"fee4af3f9b71945e","/api/public-detail-exists/[kind]/[slug]","route_handler","src/app/api/public-detail-exists/[kind]/[slug]/route.ts","src/lib/public-detail-existence.ts","src/data/blog.ts|src/data/places-seed.ts|src/lib/blog-utils.ts|src/lib/catalog-rest-circuit.ts|src/lib/cms/author-article-resolver.ts|src/lib/cms/blog-resolver.ts|src/lib/cms/place-resolver.ts|src/lib/excursion-server.ts|src/lib/partner-source-result.ts|src/lib/tours-server-cutover.ts|src/lib/tripster/partner-tour-server.ts|src/lib/youtravel/partner-tour-server.ts","supabase|cms|tripster|youtravel|sputnik8|static_data","content_documents","","","","admin","2","static_source","unknown_db_down"
"1e980963602a34b1","/api/quick-explore","route_handler","src/app/api/quick-explore/route.ts","src/lib/quick-explore/build-payload.ts","src/data/kb-place-id-map.ts|src/data/quick-explore/province-registry.ts|src/lib/knowledge-base/content.ts|src/lib/knowledge-base/types.ts|src/lib/knowledge-base/urls.ts|src/lib/map-objects-server.ts|src/lib/map-types.ts|src/lib/places-repository.ts|src/lib/places-urls.ts|src/lib/quick-explore/resolve-province.ts|src/lib/quick-explore/types.ts","supabase|static_data|filesystem","map_object_curation","","","","admin","2","static_source","unknown_db_down"
"e3a0ade39e2e40fb","/api/recommendations","route_handler","src/app/api/recommendations/route.ts","src/lib/personalization/recommendations-server.ts|src/lib/supabase/server.ts","src/data/marketplace-tours-server.ts|src/lib/excursion-server.ts|src/lib/personalization/interactions-server.ts|src/lib/supabase/env.ts|src/lib/tour-recommendations.ts|src/types/database.ts|src/types/excursion.ts|src/types/index.ts","supabase|tripster|sputnik8|static_data","user_interactions","","","","admin|authenticated|organizer","2","static_source","unknown_db_down"
"a70c6800cb61098c","/api/reviews","route_handler","src/app/api/reviews/route.ts","src/lib/auth-mode.ts|src/lib/partner-tour-slug-server.ts|src/lib/rate-limit/index.ts|src/lib/review-eligibility-server.ts|src/lib/reviews-server.ts|src/lib/supabase/server.ts|src/types/tourist.ts","src/lib/bookings-server.ts|src/lib/notifications/email-delivery.ts|src/lib/organizer-tour-store.ts|src/lib/payments/checkout-currency.ts|src/lib/review-eligibility.ts|src/lib/reviews-db-mapper.ts|src/lib/supabase/admin.ts|src/lib/supabase/env.ts|src/lib/tripster/partner-tour-utils.ts|src/types/booking-attribution.ts|src/types/booking-params.ts|src/types/booking-payment.ts|src/types/database.ts|src/types/index.ts|src/types/trip-operations.ts|src/types/user.ts","supabase|tripster|static_data|external_http","bookings|email_delivery_outbox|moderation_queue|profiles|review_reports|tourist_reviews|tripster_experiences","attach_guest_bookings_to_current_user|cancel_booking_with_reservation_release|create_booking_with_reservation","","","admin|organizer|admin|organizer|cron_secret|authenticated|rate_limit|cron_secret|cron_secret|rate_limit|organizer","2","static_source","unknown_db_down"
"cb6d0d15160262a5","/api/reviews/[id]","route_handler","src/app/api/reviews/[id]/route.ts","src/lib/auth-mode.ts|src/lib/reviews-server.ts|src/lib/supabase/server.ts|src/types/tourist.ts","src/lib/notifications/email-delivery.ts|src/lib/organizer-tour-store.ts|src/lib/payments/checkout-currency.ts|src/lib/reviews-db-mapper.ts|src/lib/supabase/admin.ts|src/lib/supabase/env.ts|src/types/booking-attribution.ts|src/types/booking-params.ts|src/types/booking-payment.ts|src/types/database.ts|src/types/index.ts|src/types/trip-operations.ts|src/types/user.ts","supabase|static_data|external_http","email_delivery_outbox|moderation_queue|profiles|review_reports|tourist_reviews","","","","admin|organizer|admin|organizer|cron_secret|authenticated|cron_secret|organizer","2","static_source","unknown_db_down"
"8d08ed19ac9f9b94","/api/reviews/[id]/report","route_handler","src/app/api/reviews/[id]/report/route.ts","src/lib/auth-mode.ts|src/lib/rate-limit/index.ts|src/lib/reviews-server.ts|src/lib/supabase/server.ts","src/lib/notifications/email-delivery.ts|src/lib/organizer-tour-store.ts|src/lib/reviews-db-mapper.ts|src/lib/supabase/admin.ts|src/lib/supabase/env.ts|src/types/database.ts|src/types/index.ts|src/types/tourist.ts|src/types/user.ts","supabase|static_data|external_http","email_delivery_outbox|moderation_queue|profiles|review_reports|tourist_reviews","","","","admin|organizer|admin|organizer|cron_secret|authenticated|rate_limit|cron_secret|cron_secret|rate_limit|organizer","2","static_source","unknown_db_down"
"657fa069ab5abf72","/api/reviews/eligibility","route_handler","src/app/api/reviews/eligibility/route.ts","src/lib/auth-mode.ts|src/lib/review-eligibility-server.ts|src/lib/supabase/server.ts","src/lib/bookings-server.ts|src/lib/review-eligibility.ts|src/lib/reviews-server.ts|src/lib/supabase/env.ts|src/types/database.ts","supabase","bookings|moderation_queue|profiles|review_reports|tourist_reviews","attach_guest_bookings_to_current_user|cancel_booking_with_reservation_release|create_booking_with_reservation","","","admin|organizer|authenticated|organizer","2","static_source","unknown_db_down"
"1168bdb03ff96335","/api/saved-articles","route_handler","src/app/api/saved-articles/route.ts","src/lib/auth-mode.ts|src/lib/saved-articles-server.ts|src/lib/supabase-auth-provider.ts|src/lib/supabase/server.ts","src/lib/auth-flow.ts|src/lib/auth-input.ts|src/lib/auth-provider.ts|src/lib/monitoring/sentry.ts|src/lib/profile-mapper.ts|src/lib/saved-articles-store.ts|src/lib/supabase/client.ts|src/lib/supabase/env.ts|src/types/database.ts|src/types/user.ts","supabase|static_data|external_http","profiles|user_favorites","","","/api/auth/ensure-profile|/api/auth/register|/api/auth/request-password-reset|/api/auth/sign-in-phone","organizer|organizer|authenticated","2","static_source","unknown_db_down"
"d4f1c468416c8b8c","/api/search","route_handler","src/app/api/search/route.ts","src/data/marketplace-tours-server.ts|src/lib/public-module-visibility.ts|src/lib/search/public-catalog-results.ts|src/lib/search/search-query.ts|src/lib/site-search-index.ts|src/lib/site-settings-edge.ts|src/lib/tripster/excursion-server.ts","src/data/blog.ts|src/data/destination-pages.ts|src/data/faq.ts|src/data/filters.ts|src/data/legal-content.ts|src/data/places-seed.ts|src/data/services-hub.ts|src/data/shop-products.ts|src/data/site-links.ts|src/data/site-nav.ts|src/lib/blog-utils.ts|src/lib/cms/site-globals/normalize.ts|src/lib/cms/site-globals/public-launch-guards.ts|src/lib/content-pages.ts|src/lib/excursion-server.ts|src/lib/geography-links.ts|src/lib/guide-topics.ts|src/lib/immigration-topics.ts|src/lib/partner-tours/offer-quality.ts|src/lib/places-urls.ts|src/lib/search/meilisearch-client.ts|src/lib/search/search-indexer.ts|src/lib/search/types.ts|src/lib/site-nav.ts|src/lib/site-search-schema.ts|src/lib/site-search.ts|src/lib/supabase/admin.ts|src/lib/supabase/env.ts|src/lib/tripster/partner-tour-utils.ts|src/types/content-page.ts|src/types/database.ts|src/types/index.ts|src/types/place.ts|src/types/site-globals.ts|src/types/site-nav.ts","supabase|cms|tripster|sputnik8|static_data|external_http","search_documents","search_site_documents","","","admin|cron_secret|organizer","2","static_source","unknown_db_down"
"25108d104e9da82c","/api/shop/orders","route_handler","src/app/api/shop/orders/route.ts","src/lib/auth-mode.ts|src/lib/forms/captcha-server.ts|src/lib/partner-booking/idempotency.ts|src/lib/public-module-visibility.ts|src/lib/rate-limit/index.ts|src/lib/shop-order-notify.ts|src/lib/shop-order-server.ts|src/lib/shop-products-server.ts|src/lib/site-settings-server.ts|src/lib/supabase-auth-provider.ts|src/lib/supabase/admin.ts|src/lib/supabase/server.ts|src/types/shop-order.ts","src/data/shop-products.ts|src/lib/auth-flow.ts|src/lib/auth-input.ts|src/lib/auth-provider.ts|src/lib/cms/site-globals/locale-resolve.ts|src/lib/cms/site-globals/normalize.ts|src/lib/forms/captcha-policy.ts|src/lib/guest-booking.ts|src/lib/i18n/config.ts|src/lib/leads-notify.ts|src/lib/monitoring/sentry.ts|src/lib/notifications/email-templates/index.ts|src/lib/profile-mapper.ts|src/lib/shop-order-mapper.ts|src/lib/site-settings-edge.ts|src/lib/supabase/client.ts|src/lib/supabase/env.ts|src/types/database.ts|src/types/shop-product.ts|src/types/site-globals.ts|src/types/site-nav.ts|src/types/user.ts","supabase|cms|static_data|external_http","partner_booking_operations|profiles|shop_orders|shop_products|site_settings","admin_transition_shop_order_atomic","","/api/auth/ensure-profile|/api/auth/register|/api/auth/request-password-reset|/api/auth/sign-in-phone|https://challenges.cloudflare.com/turnstile/v0/siteverify","admin|admin|authenticated|cron_secret|cron_secret|rate_limit|organizer|organizer|authenticated","2","static_source","unknown_db_down"
"b8737345b5eda342","/api/shop/orders/[id]","route_handler","src/app/api/shop/orders/[id]/route.ts","src/lib/auth-mode.ts|src/lib/shop-order-server.ts|src/lib/supabase-auth-provider.ts|src/lib/supabase/server.ts","src/lib/auth-flow.ts|src/lib/auth-input.ts|src/lib/auth-provider.ts|src/lib/guest-booking.ts|src/lib/monitoring/sentry.ts|src/lib/profile-mapper.ts|src/lib/shop-order-mapper.ts|src/lib/supabase/client.ts|src/lib/supabase/env.ts|src/types/database.ts|src/types/shop-order.ts|src/types/shop-product.ts|src/types/user.ts","supabase|static_data|external_http","profiles|shop_orders","admin_transition_shop_order_atomic","","/api/auth/ensure-profile|/api/auth/register|/api/auth/request-password-reset|/api/auth/sign-in-phone","authenticated|organizer|organizer|authenticated","2","static_source","unknown_db_down"
"45b834abe19471fc","/api/site/globals","route_handler","src/app/api/site/globals/route.ts","src/lib/site-legal-display.ts|src/lib/site-settings-server.ts","src/data/site-support-email.ts|src/lib/cms/site-globals/locale-resolve.ts|src/lib/cms/site-globals/normalize.ts|src/lib/i18n/config.ts|src/lib/site-footer-info.ts|src/lib/site-settings-edge.ts|src/lib/supabase/admin.ts|src/types/database.ts|src/types/site-globals.ts","supabase|cms|static_data|external_http","site_settings","","","","admin|cron_secret","2","static_source","unknown_db_down"
"f3c55de1729e6973","/api/site/legal","route_handler","src/app/api/site/legal/route.ts","src/lib/site-legal-display.ts|src/lib/site-settings-server.ts","src/data/site-support-email.ts|src/lib/cms/site-globals/locale-resolve.ts|src/lib/cms/site-globals/normalize.ts|src/lib/i18n/config.ts|src/lib/site-footer-info.ts|src/lib/site-settings-edge.ts|src/lib/supabase/admin.ts|src/types/database.ts|src/types/site-globals.ts","supabase|cms|static_data|external_http","site_settings","","","","admin|cron_secret","2","static_source","unknown_db_down"
"7d190718b3856e3e","/api/site/search-index","route_handler","src/app/api/site/search-index/route.ts","src/lib/public-module-visibility.ts|src/lib/site-search-index-server.ts|src/lib/site-settings-edge.ts","src/data/blog.ts|src/data/destination-pages.ts|src/data/places-seed.ts|src/lib/cms/site-globals/normalize.ts|src/lib/cms/site-globals/public-launch-guards.ts|src/lib/knowledge-base/content.ts|src/lib/knowledge-base/urls.ts|src/lib/site-search-index.ts|src/types/site-globals.ts|src/types/site-nav.ts","cms|static_data|external_http|filesystem","","","","","cron_secret","2","static_source","unknown_db_down"
"b91fc7097337b630","/api/social-feed","route_handler","src/app/api/social-feed/route.ts","src/lib/social-feed/get-feed.ts","src/lib/social-feed/config-normalize.ts|src/lib/social-feed/config-seed.ts|src/lib/social-feed/config-server.ts|src/lib/social-feed/providers/manual-curated.ts|src/lib/social-feed/types.ts|src/types/social-feed-config.ts","supabase|static_data","site_settings","","","","admin","2","static_source","unknown_db_down"
"3772fe68ba6154d4","/api/tours","route_handler","src/app/api/tours/route.ts","src/lib/auth-mode.ts|src/lib/tour-content-server.ts","src/lib/catalog-rest-circuit.ts|src/lib/partner-source-result.ts|src/lib/supabase/env.ts|src/lib/tour-content-mapper.ts|src/lib/tour-content-visibility.ts|src/types/database.ts|src/types/index.ts|src/types/tour-content.ts|src/types/tour.ts","supabase|static_data","tours","","","","admin|organizer|organizer","2","static_source","unknown_db_down"
"1923a47138b5f3f5","/api/tours/[slug]","route_handler","src/app/api/tours/[slug]/route.ts","src/lib/auth-mode.ts|src/lib/tour-content-server.ts","src/lib/catalog-rest-circuit.ts|src/lib/partner-source-result.ts|src/lib/supabase/env.ts|src/lib/tour-content-mapper.ts|src/lib/tour-content-visibility.ts|src/types/database.ts|src/types/index.ts|src/types/tour-content.ts|src/types/tour.ts","supabase|static_data","tours","","","","admin|organizer|organizer","2","static_source","unknown_db_down"
"b7c97a8bb979c3e9","/api/tours/[slug]/availability","route_handler","src/app/api/tours/[slug]/availability/route.ts","src/lib/auth-mode.ts|src/lib/supabase/admin.ts|src/lib/tour-availability-server.ts","src/lib/supabase/env.ts|src/lib/tour-content-visibility.ts|src/types/database.ts","supabase","tour_availability_slots|tours","","","","admin","2","static_source","unknown_db_down"
"7e74d0f34fb52189","/api/tours/[slug]/program.pdf","route_handler","src/app/api/tours/[slug]/program.pdf/route.tsx","src/lib/tour-itinerary-pdf/TourItineraryPdfDocument.tsx|src/lib/tour-itinerary-pdf/pdf-meta.ts|src/lib/tour-itinerary-pdf/register-pdf-fonts.ts|src/lib/tour-itinerary-pdf/types.ts|src/lib/tours-server.ts","src/data/marketplace-tours-server.ts|src/lib/pluralize.ts|src/lib/public-tour-resolver.ts|src/lib/site-brand.ts|src/lib/site-url.ts|src/lib/tour-itinerary-activity.ts|src/lib/tour-itinerary-pdf/pdf-styles.ts|src/lib/tour-pricing.ts|src/lib/tour-recommendations.ts|src/lib/tour-terms-items.ts|src/lib/tours.ts|src/lib/tripster/partner-tour-utils.ts|src/types/index.ts","tripster|youtravel|static_data","","","","","admin|organizer","2","static_source","unknown_db_down"
"1bfd8005c4148c87","/api/tours/[slug]/waitlist","route_handler","src/app/api/tours/[slug]/waitlist/route.ts","src/lib/auth-mode.ts|src/lib/forms/captcha-server.ts|src/lib/public-module-policy-server.ts|src/lib/rate-limit-identifier.ts|src/lib/rate-limit/index.ts|src/lib/supabase/admin.ts|src/lib/supabase/server.ts|src/lib/tour-availability-server.ts","src/lib/forms/captcha-policy.ts|src/lib/site-settings-server.ts|src/lib/supabase/env.ts|src/lib/tour-content-visibility.ts|src/types/database.ts","supabase|cms|external_http","site_settings|tour_availability_slots|tour_waitlist_entries|tours","","","https://challenges.cloudflare.com/turnstile/v0/siteverify","admin|admin|authenticated|rate_limit|cron_secret|rate_limit","2","static_source","unknown_db_down"
"ba8956acdba11596","/api/transfers/autocomplete","route_handler","src/app/api/transfers/autocomplete/route.ts","src/data/transfer-locations.ts|src/lib/intui/search.ts|src/lib/intui/types.ts|src/lib/public-module-policy-server.ts|src/lib/travelpayouts/aviasales/autocomplete.ts|src/types/locale.ts","src/lib/geo/index.ts|src/lib/intui/client.ts|src/lib/intui/env.ts|src/lib/intui/mapper.ts|src/lib/site-settings-server.ts|src/lib/travelpayouts/aviasales/types.ts","supabase|cms|travelpayouts|static_data|external_http","site_settings","","","","admin|cron_secret","2","static_source","unknown_db_down"
"062f23bf87b68bb6","/api/transfers/search","route_handler","src/app/api/transfers/search/route.ts","src/data/transfer-locations.ts|src/lib/intui/search.ts|src/lib/intui/transfers-affiliate.ts|src/lib/intui/types.ts|src/lib/public-api/safe-error.ts|src/lib/public-module-policy-server.ts|src/lib/travelpayouts/index.ts|src/types/locale.ts","src/lib/intui/client.ts|src/lib/intui/deep-link.ts|src/lib/intui/env.ts|src/lib/intui/mapper.ts|src/lib/site-settings-server.ts|src/lib/supabase/admin.ts|src/lib/travelpayouts/client.ts|src/lib/travelpayouts/env.ts|src/lib/travelpayouts/types.ts","supabase|cms|travelpayouts|static_data|external_http","affiliate_link_clicks|site_settings","","","","admin|cron_secret","2","static_source","unknown_db_down"
"2de491c280694cf6","/api/travelpayouts/links","route_handler","src/app/api/travelpayouts/links/route.ts","src/lib/admin/authorize-request.ts|src/lib/public-api/safe-error.ts|src/lib/rate-limit/index.ts|src/lib/travelpayouts/index.ts|src/lib/travelpayouts/target-url.ts","src/lib/admin/capabilities.ts|src/lib/admin/staff.ts|src/lib/monitoring/sentry.ts|src/lib/security/browser-mutation-origin.ts|src/lib/supabase-auth-provider.ts|src/lib/supabase/env.ts|src/lib/supabase/server.ts|src/lib/travelpayouts/client.ts|src/lib/travelpayouts/env.ts|src/lib/travelpayouts/types.ts|src/types/admin.ts","supabase|travelpayouts|external_http","admin_role_presets|admin_staff|profiles","","","/api/auth/ensure-profile|/api/auth/register|/api/auth/request-password-reset|/api/auth/sign-in-phone","admin|admin|cron_secret|cron_secret|rate_limit|organizer|authenticated","2","static_source","unknown_db_down"
"8b4e40d51eaeecd7","/api/trip-prep","route_handler","src/app/api/trip-prep/route.ts","src/lib/auth-mode.ts|src/lib/bookings-server.ts|src/lib/supabase-auth-provider.ts|src/lib/supabase/server.ts|src/lib/trip-prep-server.ts","src/lib/attribution/attribution-server.ts|src/lib/auth-flow.ts|src/lib/auth-input.ts|src/lib/auth-provider.ts|src/lib/bookings-db-mapper.ts|src/lib/bookings-store.ts|src/lib/monitoring/sentry.ts|src/lib/organizer-bookings.ts|src/lib/organizer-tour-store.ts|src/lib/permissions.ts|src/lib/profile-mapper.ts|src/lib/supabase/client.ts|src/lib/supabase/env.ts|src/lib/trip-prep-summary.ts|src/types/booking-attribution.ts|src/types/database.ts|src/types/tourist.ts|src/types/trip-prep.ts|src/types/user.ts","supabase|static_data|external_http","booking_attribution|bookings|profiles|trip_prep_items|trip_prep_progress|trip_prep_templates","attach_guest_bookings_to_current_user|cancel_booking_with_reservation_release|create_booking_with_reservation","","/api/auth/ensure-profile|/api/auth/register|/api/auth/request-password-reset|/api/auth/sign-in-phone","admin|admin|organizer|cron_secret|organizer|organizer|authenticated","2","static_source","unknown_db_down"
"49449a37cc41856a","/api/trip-prep/progress","route_handler","src/app/api/trip-prep/progress/route.ts","src/lib/auth-mode.ts|src/lib/bookings-server.ts|src/lib/supabase-auth-provider.ts|src/lib/supabase/server.ts|src/lib/trip-prep-server.ts","src/lib/attribution/attribution-server.ts|src/lib/auth-flow.ts|src/lib/auth-input.ts|src/lib/auth-provider.ts|src/lib/bookings-db-mapper.ts|src/lib/bookings-store.ts|src/lib/monitoring/sentry.ts|src/lib/organizer-bookings.ts|src/lib/organizer-tour-store.ts|src/lib/permissions.ts|src/lib/profile-mapper.ts|src/lib/supabase/client.ts|src/lib/supabase/env.ts|src/lib/trip-prep-summary.ts|src/types/booking-attribution.ts|src/types/database.ts|src/types/tourist.ts|src/types/trip-prep.ts|src/types/user.ts","supabase|static_data|external_http","booking_attribution|bookings|profiles|trip_prep_items|trip_prep_progress|trip_prep_templates","attach_guest_bookings_to_current_user|cancel_booking_with_reservation_release|create_booking_with_reservation","","/api/auth/ensure-profile|/api/auth/register|/api/auth/request-password-reset|/api/auth/sign-in-phone","admin|admin|organizer|cron_secret|organizer|organizer|authenticated","2","static_source","unknown_db_down"
"25de31f8f5088e64","/api/tripster/booking-request","route_handler","src/app/api/tripster/booking-request/route.ts","src/lib/excursion-schedule.ts|src/lib/excursion-server.ts|src/lib/forms/captcha-server.ts|src/lib/partner-booking/idempotency.ts|src/lib/partner-booking/public-errors.ts|src/lib/partner-source-result.ts|src/lib/rate-limit/index.ts|src/lib/site-settings-server.ts|src/lib/supabase/admin.ts|src/lib/supabase/env.ts|src/lib/supabase/server.ts|src/lib/tripster/booking-api.ts|src/lib/tripster/booking-contact.ts|src/lib/tripster/booking-requests-server.ts|src/lib/tripster/checkout-url-server.ts|src/lib/tripster/checkout-url.ts|src/lib/tripster/client.ts|src/lib/tripster/env.ts|src/lib/tripster/excursion-payload.ts|src/lib/tripster/partner-tour-server.ts|src/lib/tripster/partner-tour-utils.ts","src/data/excursion-city-links.ts|src/data/profile-countries.ts|src/lib/auth-input.ts|src/lib/catalog-rest-circuit.ts|src/lib/cms/site-globals/locale-resolve.ts|src/lib/cms/site-globals/normalize.ts|src/lib/excursion-slug.ts|src/lib/forms/captcha-policy.ts|src/lib/i18n/config.ts|src/lib/native-excursion-mapper.ts|src/lib/rich-text.ts|src/lib/site-settings-edge.ts|src/lib/sputnik8/pg-repository.ts|src/lib/sputnik8/repository.ts|src/lib/tour-content-server.ts|src/lib/tour-recommendations.ts|src/lib/travelpayouts/index.ts|src/lib/tripster/argentina-resolver.ts|src/lib/tripster/auth.ts|src/lib/tripster/guide-server.ts|src/lib/tripster/partner-tour-accommodation.ts|src/lib/tripster/partner-tour-booking.ts|src/lib/tripster/partner-tour-content.ts|src/lib/tripster/partner-tour-guide-server.ts|src/lib/tripster/partner-tour-listing-schedule.ts|src/lib/tripster/partner-tour-mapper.ts|src/lib/tripster/partner-tour-repository.ts|src/lib/tripster/partner-tour-reviews.ts|src/lib/tripster/pg-repository.ts|src/lib/tripster/repository.ts|src/lib/tripster/types.ts|src/types/database.ts|src/types/excursion.ts|src/types/index.ts|src/types/site-globals.ts|src/types/tripster-booking.ts","supabase|cms|tripster|sputnik8|travelpayouts|static_data|external_http","affiliate_link_clicks|partner_booking_operations|profiles|site_settings|sputnik8_cities|sputnik8_products|sputnik8_reviews|tours|tripster_booking_requests|tripster_cities|tripster_experiences|tripster_reviews","","","https://challenges.cloudflare.com/turnstile/v0/siteverify","admin|admin|authenticated|admin|organizer|cron_secret|cron_secret|rate_limit|organizer","2","static_source","unknown_db_down"
"4978f0a298fb5c71","/api/v1/content/knowledge","route_handler","src/app/api/v1/content/knowledge/route.ts","src/lib/admin/audit.ts|src/lib/cms/content-server.ts|src/lib/cms/knowledge-import.ts|src/lib/public-api/handlers.ts|src/lib/supabase/admin.ts","src/lib/cms/cms-scheduled-publish.ts|src/lib/cms/content-mapper.ts|src/lib/cms/knowledge-resolver.ts|src/lib/public-api/auth.ts|src/lib/public-api/cors.ts|src/lib/public-api/usage-log.ts|src/lib/rate-limit/index.ts|src/lib/search/cms-search-sync.ts|src/lib/supabase/env.ts|src/types/cms-content.ts|src/types/database.ts|src/types/public-api.ts","supabase|cms|static_data|external_http","admin_audit_log|api_key_usage_log|api_keys|cms_search_outbox|content_documents|content_revisions|search_documents","cms_create_document_atomic|cms_import_documents_atomic|cms_mutate_document_atomic","","","admin|admin|cron_secret|admin|cron_secret|rate_limit|cron_secret|cron_secret|rate_limit|rate_limit","2","static_source","unknown_db_down"
"473d2e2dc5c2483c","/api/v1/content/knowledge/status","route_handler","src/app/api/v1/content/knowledge/status/route.ts","src/lib/public-api/handlers.ts|src/lib/supabase/admin.ts","src/lib/public-api/auth.ts|src/lib/public-api/cors.ts|src/lib/public-api/usage-log.ts|src/lib/rate-limit/index.ts|src/lib/supabase/env.ts|src/types/database.ts|src/types/public-api.ts","supabase|external_http","api_key_usage_log|api_keys|content_documents","","","","admin|admin|cron_secret|rate_limit|cron_secret|cron_secret|rate_limit|rate_limit","2","static_source","unknown_db_down"
"a2f47092e240cb7e","/api/v1/excursions","route_handler","src/app/api/v1/excursions/route.ts","src/lib/excursion-server.ts|src/lib/public-api/handlers.ts|src/lib/public-api/serializers.ts|src/types/excursion.ts","src/data/excursion-city-links.ts|src/lib/catalog-rest-circuit.ts|src/lib/excursion-slug.ts|src/lib/native-excursion-mapper.ts|src/lib/organizer-public-routing.ts|src/lib/partner-source-result.ts|src/lib/public-api/auth.ts|src/lib/public-api/cors.ts|src/lib/public-api/usage-log.ts|src/lib/rate-limit/index.ts|src/lib/sputnik8/pg-repository.ts|src/lib/sputnik8/repository.ts|src/lib/supabase/admin.ts|src/lib/tour-content-server.ts|src/lib/tripster/env.ts|src/lib/tripster/guide-server.ts|src/lib/tripster/pg-repository.ts|src/lib/tripster/repository.ts|src/types/index.ts|src/types/public-api.ts","supabase|tripster|sputnik8|static_data|external_http","affiliate_link_clicks|api_key_usage_log|api_keys|sputnik8_cities|sputnik8_products|sputnik8_reviews|tours|tripster_cities|tripster_experiences|tripster_reviews","","","","admin|admin|cron_secret|rate_limit|admin|organizer|cron_secret|cron_secret|rate_limit|organizer|rate_limit","2","static_source","unknown_db_down"
"9d5b501c0349d999","/api/v1/tours","route_handler","src/app/api/v1/tours/route.ts","src/lib/auth-mode.ts|src/lib/public-api/handlers.ts|src/lib/public-api/serializers.ts|src/lib/tour-content-server.ts","src/lib/catalog-rest-circuit.ts|src/lib/organizer-public-routing.ts|src/lib/partner-source-result.ts|src/lib/public-api/auth.ts|src/lib/public-api/cors.ts|src/lib/public-api/usage-log.ts|src/lib/rate-limit/index.ts|src/lib/supabase/env.ts|src/lib/tour-content-mapper.ts|src/lib/tour-content-visibility.ts|src/types/database.ts|src/types/excursion.ts|src/types/index.ts|src/types/public-api.ts|src/types/tour-content.ts|src/types/tour.ts","supabase|static_data|external_http","api_key_usage_log|api_keys|tours","","","","admin|admin|cron_secret|rate_limit|admin|organizer|cron_secret|cron_secret|rate_limit|organizer|rate_limit","2","static_source","unknown_db_down"
"fd14fdf358ee2e24","/api/v1/tours/[slug]","route_handler","src/app/api/v1/tours/[slug]/route.ts","src/lib/auth-mode.ts|src/lib/public-api/handlers.ts|src/lib/public-api/serializers.ts|src/lib/tour-content-server.ts","src/lib/catalog-rest-circuit.ts|src/lib/organizer-public-routing.ts|src/lib/partner-source-result.ts|src/lib/public-api/auth.ts|src/lib/public-api/cors.ts|src/lib/public-api/usage-log.ts|src/lib/rate-limit/index.ts|src/lib/supabase/env.ts|src/lib/tour-content-mapper.ts|src/lib/tour-content-visibility.ts|src/types/database.ts|src/types/excursion.ts|src/types/index.ts|src/types/public-api.ts|src/types/tour-content.ts|src/types/tour.ts","supabase|static_data|external_http","api_key_usage_log|api_keys|tours","","","","admin|admin|cron_secret|rate_limit|admin|organizer|cron_secret|cron_secret|rate_limit|organizer|rate_limit","2","static_source","unknown_db_down"
"865509afe24503b8","/api/webhooks/meta/instagram","route_handler","src/app/api/webhooks/meta/instagram/route.ts","src/lib/content-factory/webhooks.ts","src/lib/content-factory/server.ts|src/lib/content-factory/types.ts|src/lib/supabase/admin.ts|src/types/database.ts","supabase","cms_media_assets|content_documents|content_factory_campaigns|content_factory_items|content_factory_metric_snapshots|content_factory_templates|content_factory_variants|content_publication_jobs|ingestion_candidates|social_channel_connections|social_channel_secrets|social_inbox_messages|social_inbox_threads","content_factory_get_connection_credentials|content_factory_upsert_connection","","","admin|admin|webhook_signature|webhook_signature","2","static_source","unknown_db_down"
"997e75ccced6f8f8","/api/webhooks/meta/whatsapp","route_handler","src/app/api/webhooks/meta/whatsapp/route.ts","src/lib/content-factory/webhooks.ts","src/lib/content-factory/server.ts|src/lib/content-factory/types.ts|src/lib/supabase/admin.ts|src/types/database.ts","supabase","cms_media_assets|content_documents|content_factory_campaigns|content_factory_items|content_factory_metric_snapshots|content_factory_templates|content_factory_variants|content_publication_jobs|ingestion_candidates|social_channel_connections|social_channel_secrets|social_inbox_messages|social_inbox_threads","content_factory_get_connection_credentials|content_factory_upsert_connection","","","admin|admin|webhook_signature|webhook_signature","2","static_source","unknown_db_down"
"9413796191626c4c","/api/webhooks/payments/mercadopago","route_handler","src/app/api/webhooks/payments/mercadopago/route.ts","src/lib/bookings-notify.ts|src/lib/monitoring/sentry.ts|src/lib/payments/mercadopago-client.ts|src/lib/payments/payment-integrity.ts|src/lib/payments/webhook-handler.ts|src/lib/supabase/admin.ts|src/types/payment-webhook.ts","src/data/booking-statuses.ts|src/lib/exchange-rates.ts|src/lib/notifications/email-delivery.ts|src/lib/notifications/event-emitters.ts|src/lib/notifications/push-server.ts|src/lib/payments/checkout-currency.ts|src/lib/security/monitoring-scrub.ts|src/lib/site-url.ts|src/lib/supabase/env.ts|src/types/booking-params.ts|src/types/booking-payment.ts|src/types/database.ts|src/types/payment-platform.ts|src/types/tourist.ts","supabase|static_data|external_http","bookings|email_delivery_outbox|push_subscriptions","","","","admin|admin|cron_secret|admin|organizer|cron_secret|admin|webhook_signature|cron_secret|cron_secret|webhook_signature|webhook_signature","2","static_source","unknown_db_down"
"2b3a065c9bf4b9d7","/api/webhooks/payments/stripe","route_handler","src/app/api/webhooks/payments/stripe/route.ts","src/lib/bookings-notify.ts|src/lib/monitoring/sentry.ts|src/lib/payments/payment-integrity.ts|src/lib/payments/stripe-client.ts|src/lib/payments/webhook-handler.ts|src/lib/supabase/admin.ts|src/types/payment-webhook.ts","src/data/booking-statuses.ts|src/lib/exchange-rates.ts|src/lib/notifications/email-delivery.ts|src/lib/notifications/event-emitters.ts|src/lib/notifications/push-server.ts|src/lib/payments/checkout-currency.ts|src/lib/security/monitoring-scrub.ts|src/lib/site-url.ts|src/lib/supabase/env.ts|src/types/booking-params.ts|src/types/booking-payment.ts|src/types/database.ts|src/types/payment-platform.ts|src/types/tourist.ts","supabase|static_data|external_http","bookings|email_delivery_outbox|push_subscriptions","","","","admin|admin|cron_secret|admin|organizer|cron_secret|admin|webhook_signature|cron_secret|cron_secret|webhook_signature|webhook_signature","2","static_source","unknown_db_down"
"11e9a78cee27ffc4","/api/webhooks/youtravel/booking","route_handler","src/app/api/webhooks/youtravel/booking/route.ts","src/lib/supabase/admin.ts|src/lib/supabase/env.ts|src/lib/youtravel/booking-requests-server.ts","src/types/database.ts|src/types/youtravel-booking.ts","supabase|youtravel","youtravel_booking_requests|youtravel_tours","","","","admin|webhook_signature","2","static_source","unknown_db_down"
"495b48e275e33e56","/api/youtravel/booking-request","route_handler","src/app/api/youtravel/booking-request/route.ts","src/lib/forms/captcha-server.ts|src/lib/partner-booking/idempotency.ts|src/lib/partner-booking/public-errors.ts|src/lib/rate-limit/index.ts|src/lib/site-settings-server.ts|src/lib/supabase/admin.ts|src/lib/supabase/env.ts|src/lib/supabase/server.ts|src/lib/tripster/booking-contact.ts|src/lib/youtravel/booking-api.ts|src/lib/youtravel/booking-requests-server.ts|src/lib/youtravel/checkout-url.ts|src/lib/youtravel/env.ts|src/lib/youtravel/partner-tour-mapper.ts|src/lib/youtravel/partner-tour-server.ts|src/lib/youtravel/partner-tour-utils.ts","src/data/profile-countries.ts|src/lib/auth-input.ts|src/lib/catalog-rest-circuit.ts|src/lib/cms/site-globals/locale-resolve.ts|src/lib/cms/site-globals/normalize.ts|src/lib/forms/captcha-policy.ts|src/lib/i18n/config.ts|src/lib/partner-source-result.ts|src/lib/rich-text.ts|src/lib/site-settings-edge.ts|src/lib/tripster/partner-tour-content.ts|src/lib/youtravel/activity-levels.ts|src/lib/youtravel/auth.ts|src/lib/youtravel/offers-mapper.ts|src/lib/youtravel/offers-server.ts|src/lib/youtravel/partner-levels.ts|src/lib/youtravel/partner-tour-accommodation.ts|src/lib/youtravel/partner-tour-content.ts|src/lib/youtravel/partner-tour-details.ts|src/lib/youtravel/partner-tour-guide.ts|src/lib/youtravel/partner-tour-repository.ts|src/lib/youtravel/partner-tour-route.ts|src/lib/youtravel/types.ts|src/types/database.ts|src/types/index.ts|src/types/site-globals.ts|src/types/youtravel-booking.ts","supabase|cms|tripster|youtravel|static_data|external_http","partner_booking_operations|profiles|site_settings|youtravel_booking_requests|youtravel_offers|youtravel_tours","","","https://challenges.cloudflare.com/turnstile/v0/siteverify","admin|admin|authenticated|cron_secret|cron_secret|rate_limit|organizer","2","static_source","unknown_db_down"
"8fff4df9b94fc53a","/api/youtravel/booking-request/[id]/refresh","route_handler","src/app/api/youtravel/booking-request/[id]/refresh/route.ts","src/lib/public-api/safe-error.ts|src/lib/supabase/admin.ts|src/lib/supabase/env.ts|src/lib/supabase/server.ts|src/lib/youtravel/booking-requests-server.ts|src/lib/youtravel/booking-status-sync.ts","src/lib/youtravel/booking-api.ts|src/types/database.ts|src/types/youtravel-booking.ts","supabase|youtravel|external_http","youtravel_booking_requests|youtravel_tours","","","","admin|authenticated","2","static_source","unknown_db_down"
"2d323e46777d04a0","/api/youtravel/tours/[slug]/offers","route_handler","src/app/api/youtravel/tours/[slug]/offers/route.ts","src/lib/youtravel/offers-server.ts|src/lib/youtravel/partner-tour-server.ts|src/lib/youtravel/partner-tour-utils.ts","src/lib/catalog-rest-circuit.ts|src/lib/partner-source-result.ts|src/lib/supabase/admin.ts|src/lib/youtravel/client.ts|src/lib/youtravel/env.ts|src/lib/youtravel/offers-mapper.ts|src/lib/youtravel/partner-tour-repository.ts|src/lib/youtravel/types.ts|src/types/index.ts","supabase|tripster|youtravel|static_data|external_http","youtravel_offers|youtravel_tours","","","","admin|organizer","2","static_source","unknown_db_down"
"02fb8090a46f3ccd","/audio-guides","page","src/app/audio-guides/page.tsx","src/components/audio-guides/AudioGuidesCatalogView.tsx|src/components/seo/WebPageJsonLd.tsx|src/lib/media-resolver.ts|src/lib/page-metadata.ts","src/components/Hero.tsx|src/components/audio-guides/AudioGuideBenefits.tsx|src/components/audio-guides/AudioGuideCard.tsx|src/components/seo/JsonLdScript.tsx|src/context/LocaleCurrencyContext.tsx|src/data/media-library/maps.ts|src/lib/blog-media-path.ts|src/lib/blog-post-image-bindings.ts|src/lib/image-provider/image-provider.ts|src/lib/image-provider/local-fallback.ts|src/lib/image-provider/slot-ids.ts|src/lib/image-provider/types.ts|src/lib/media-library/feed-query.ts|src/lib/media/media-cdn.ts|src/lib/schema-json-ld.ts|src/lib/site-brand.ts|src/lib/site-container.ts|src/lib/site-url.ts|src/lib/utils.ts|src/lib/wegottrip/constants.ts|src/lib/wegottrip/types.ts|src/types/media-asset.ts","cms|static_data|external_http","","","","/api/exchange-rates","none_detected","2","static_source","unknown_db_down"
"f5774acc46bce629","/audio-guides/[id]","page","src/app/audio-guides/[id]/page.tsx","src/components/audio-guides/AudioGuideDetailView.tsx|src/lib/page-metadata.ts|src/lib/wegottrip/client.ts","src/context/LocaleCurrencyContext.tsx|src/lib/site-brand.ts|src/lib/site-container.ts|src/lib/site-url.ts|src/lib/wegottrip/constants.ts|src/lib/wegottrip/types.ts|src/types/locale.ts","static_data|external_http","","","","/api/exchange-rates","none_detected","2","static_source","unknown_db_down"
"e7ef709f7059fc07","/auth/callback","route_handler","src/app/auth/callback/route.ts","src/lib/auth-flow.ts|src/lib/site-url.ts|src/lib/supabase/server.ts","src/lib/supabase/env.ts|src/types/database.ts","supabase","","","","","organizer","2","static_source","unknown_db_down"
"27f3fa33e70fc049","/auth/confirm","route_handler","src/app/auth/confirm/route.ts","src/lib/auth-flow.ts|src/lib/site-url.ts|src/lib/supabase/server.ts","src/lib/supabase/env.ts|src/types/database.ts","supabase","","","","","organizer","2","static_source","unknown_db_down"
"d2cc9e1eddb5fcb9","/auth/error","page","src/app/auth/error/page.tsx","","","none_detected","","","","","none_detected","2","static_source","unknown_db_down"
"8667fa952cefee53","/auth/reset-password","page","src/app/auth/reset-password/page.tsx","","","none_detected","","","","","none_detected","2","static_source","unknown_db_down"
"972bb5ca7f21c41f","/baza-znaniy","page","src/app/baza-znaniy/page.tsx","src/components/knowledge-base/KbHubCard.tsx|src/components/knowledge-base/KbSearchBox.tsx|src/components/seo/BreadcrumbListJsonLd.tsx|src/components/seo/WebPageJsonLd.tsx|src/lib/cms/knowledge-resolver.ts|src/lib/detail-breadcrumbs.ts|src/lib/i18n/server-locale.ts|src/lib/knowledge-base/content.ts|src/lib/page-metadata.ts|src/lib/pluralize.ts","src/components/seo/JsonLdScript.tsx|src/lib/breadcrumb-json-ld.ts|src/lib/cms/content-resolver.ts|src/lib/cms/page-builder/block-normalize.ts|src/lib/cms/public-read-result.ts|src/lib/cms/translation-status.ts|src/lib/content-pages.ts|src/lib/i18n/config.ts|src/lib/knowledge-base/publication-quality.ts|src/lib/knowledge-base/types.ts|src/lib/knowledge-base/urls.ts|src/lib/locale-breadcrumbs.ts|src/lib/schema-json-ld.ts|src/lib/site-brand.ts|src/lib/site-url.ts|src/types/cms-content.ts|src/types/content-page.ts","supabase|cms|static_data|filesystem","content_documents","","","","admin","2","static_source","unknown_db_down"
"4ec0165c544a6134","/baza-znaniy/[slug]","page","src/app/baza-znaniy/[slug]/page.tsx","src/components/content/ContentExcursionSection.tsx|src/components/knowledge-base/KbBreadcrumbs.tsx|src/components/knowledge-base/KbCallout.tsx|src/components/knowledge-base/KbEditorialNotice.tsx|src/components/knowledge-base/KbFactPanel.tsx|src/components/knowledge-base/KbProvenance.tsx|src/components/knowledge-base/KbRelated.tsx|src/components/knowledge-base/KbSideNav.tsx|src/components/knowledge-base/KbSources.tsx|src/components/knowledge-base/KbToc.tsx|src/components/seo/BreadcrumbListJsonLd.tsx|src/components/seo/ContentArticleJsonLd.tsx|src/components/seo/WebPageJsonLd.tsx|src/lib/build-static-limits.ts|src/lib/cms/cms-hreflang.ts|src/lib/cms/content-resolver.ts|src/lib/cms/knowledge-resolver.ts|src/lib/content-excursion-match.ts|src/lib/content-excursions-server.ts|src/lib/content-json-ld.ts|src/lib/knowledge-base/authors.ts|src/lib/knowledge-base/content.ts|src/lib/knowledge-base/kb-breadcrumbs-json-ld.ts|src/lib/knowledge-base/labels.ts|src/lib/knowledge-base/markdown.tsx|src/lib/knowledge-base/types.ts|src/lib/knowledge-base/urls.ts|src/lib/page-metadata.ts","src/components/excursions/ExcursionCard.tsx|src/components/knowledge-base/KbClaimSourceMarkers.tsx|src/components/knowledge-base/KbEntryCard.tsx|src/components/seo/JsonLdScript.tsx|src/data/blog-author.ts|src/data/destination-pages.ts|src/lib/article-plain-text.ts|src/lib/blog-utils.ts|src/lib/breadcrumb-json-ld.ts|src/lib/cms/content-mapper.ts|src/lib/cms/page-builder/block-normalize.ts|src/lib/cms/public-read-result.ts|src/lib/cms/translation-status.ts|src/lib/cn.ts|src/lib/content-pages.ts|src/lib/destinations.ts|src/lib/excursion-server.ts|src/lib/guide-topics.ts|src/lib/i18n/config.ts|src/lib/i18n/locale-path.ts|src/lib/knowledge-base/editorial.ts|src/lib/knowledge-base/publication-quality.ts|src/lib/places-urls.ts|src/lib/schema-json-ld.ts|src/lib/site-brand.ts|src/lib/site-url.ts|src/lib/supabase/admin.ts|src/types/cms-content.ts|src/types/content-page.ts|src/types/database.ts|src/types/excursion.ts|src/types/guide-pillar.ts|src/types/guide-topic.ts|src/types/index.ts|src/types/place.ts","supabase|cms|tripster|sputnik8|static_data|filesystem","content_documents","","","","admin|organizer","2","static_source","unknown_db_down"
"b03637fe3996ab71","/baza-znaniy/avtory","page","src/app/baza-znaniy/avtory/page.tsx","src/components/navigation/PageBreadcrumbs.tsx|src/components/ui/safe-image.tsx|src/lib/cms/knowledge-resolver.ts|src/lib/cn.ts|src/lib/knowledge-base/authors.ts|src/lib/page-metadata.ts|src/lib/pluralize.ts|src/lib/site-container.ts","src/components/ui/image-placeholder.tsx|src/lib/cms/content-resolver.ts|src/lib/cms/page-builder/block-normalize.ts|src/lib/cms/public-read-result.ts|src/lib/cms/translation-status.ts|src/lib/floating-chrome-button.ts|src/lib/knowledge-base/content.ts|src/lib/knowledge-base/publication-quality.ts|src/lib/knowledge-base/types.ts|src/lib/media-blur.ts|src/lib/media/partner-image-proxy.ts|src/lib/scroll-anchor.ts|src/lib/site-brand.ts|src/lib/site-url.ts|src/types/cms-content.ts","supabase|cms|static_data|external_http|filesystem","content_documents","","","","admin","2","static_source","unknown_db_down"
"618942069bc3d97f","/baza-znaniy/avtory/[slug]","page","src/app/baza-znaniy/avtory/[slug]/page.tsx","src/components/navigation/PageBreadcrumbs.tsx|src/components/ui/safe-image.tsx|src/lib/cms/knowledge-resolver.ts|src/lib/cn.ts|src/lib/knowledge-base/authors.ts|src/lib/knowledge-base/content.ts|src/lib/knowledge-base/urls.ts|src/lib/page-metadata.ts|src/lib/site-container.ts","src/components/ui/image-placeholder.tsx|src/lib/cms/content-resolver.ts|src/lib/cms/page-builder/block-normalize.ts|src/lib/cms/public-read-result.ts|src/lib/cms/translation-status.ts|src/lib/floating-chrome-button.ts|src/lib/knowledge-base/publication-quality.ts|src/lib/knowledge-base/types.ts|src/lib/media-blur.ts|src/lib/media/partner-image-proxy.ts|src/lib/scroll-anchor.ts|src/lib/site-brand.ts|src/lib/site-url.ts|src/types/cms-content.ts","supabase|cms|static_data|external_http|filesystem","content_documents","","","","admin","2","static_source","unknown_db_down"
"2787affeedac90e1","/baza-znaniy/poisk","page","src/app/baza-znaniy/poisk/page.tsx","src/components/knowledge-base/KbBreadcrumbs.tsx|src/components/knowledge-base/KbSearch.tsx|src/lib/cms/knowledge-resolver.ts|src/lib/i18n/server-locale.ts|src/lib/knowledge-base/content.ts","src/lib/cms/content-resolver.ts|src/lib/cms/page-builder/block-normalize.ts|src/lib/cms/public-read-result.ts|src/lib/cms/translation-status.ts|src/lib/i18n/config.ts|src/lib/knowledge-base/labels.ts|src/lib/knowledge-base/publication-quality.ts|src/lib/knowledge-base/types.ts|src/lib/knowledge-base/urls.ts|src/lib/search/normalize.ts|src/types/cms-content.ts","supabase|cms|static_data|filesystem","content_documents","","","","admin","2","static_source","unknown_db_down"
"9bb19a8d952e9476","/baza-znaniy/razdel/[slug]","page","src/app/baza-znaniy/razdel/[slug]/page.tsx","src/components/knowledge-base/KbBreadcrumbs.tsx|src/components/knowledge-base/KbEntryCard.tsx|src/components/knowledge-base/KbSearchBox.tsx|src/components/knowledge-base/KbSideNav.tsx|src/components/seo/BreadcrumbListJsonLd.tsx|src/components/seo/WebPageJsonLd.tsx|src/lib/cms/knowledge-resolver.ts|src/lib/detail-breadcrumbs.ts|src/lib/i18n/server-locale.ts|src/lib/knowledge-base/content.ts|src/lib/page-metadata.ts","src/components/seo/JsonLdScript.tsx|src/components/ui/safe-image.tsx|src/lib/breadcrumb-json-ld.ts|src/lib/cms/content-resolver.ts|src/lib/cms/page-builder/block-normalize.ts|src/lib/cms/public-read-result.ts|src/lib/cms/translation-status.ts|src/lib/content-pages.ts|src/lib/i18n/config.ts|src/lib/knowledge-base/editorial.ts|src/lib/knowledge-base/labels.ts|src/lib/knowledge-base/publication-quality.ts|src/lib/knowledge-base/types.ts|src/lib/knowledge-base/urls.ts|src/lib/locale-breadcrumbs.ts|src/lib/schema-json-ld.ts|src/lib/site-brand.ts|src/lib/site-url.ts|src/types/cms-content.ts|src/types/content-page.ts","supabase|cms|static_data|filesystem","content_documents","","","","admin","2","static_source","unknown_db_down"
"983acd3dbd437659","/blog","page","src/app/blog/page.tsx","src/components/blog/BlogIndexHero.tsx|src/components/blog/BlogIndexView.tsx|src/components/seo/BreadcrumbListJsonLd.tsx|src/data/marketplace-tours-server.ts|src/lib/auth-mode.ts|src/lib/blog-analytics-signals.ts|src/lib/blog-hero-variant-cookie.ts|src/lib/blog-index-payload.ts|src/lib/blog-index-tours.ts|src/lib/blog-optional-tour-catalog.ts|src/lib/blog-reading-history-cookie.ts|src/lib/blog-utils.ts|src/lib/cms/blog-resolver.ts|src/lib/detail-breadcrumbs.ts|src/lib/i18n/hreflang.ts|src/lib/i18n/server-locale.ts|src/lib/page-metadata.ts|src/lib/public-tour-resolver.ts|src/lib/supabase-auth-provider.ts|src/lib/supabase/server.ts","src/components/blog/BlogCard.tsx|src/components/blog/BlogEmptyCatalogState.tsx|src/components/blog/BlogIndexDiscoverySidebar.tsx|src/components/blog/BlogIndexUrlSync.tsx|src/components/blog/BlogSearchFilters.tsx|src/components/guide/hub/HubHero.tsx|src/components/guide/hub/HubQuickFactsGrid.tsx|src/components/navigation/PageBreadcrumbs.tsx|src/components/seo/JsonLdScript.tsx|src/components/ui/button.tsx|src/data/blog-canonical-map.ts|src/data/blog-category-meta.ts|src/data/blog-category-tours.ts|src/data/blog.ts|src/hooks/useSyncSiteSectionNavHeight.ts|src/lib/auth-flow.ts|src/lib/auth-input.ts|src/lib/auth-provider.ts|src/lib/blog-analytics-signals-core.ts|src/lib/blog-hero-variant.ts|src/lib/blog-personalized.ts|src/lib/blog-reading-history.ts|src/lib/blog-slug-resolve.ts|src/lib/breadcrumb-json-ld.ts|src/lib/catalog-country-relevance.ts|src/lib/catalog-rest-circuit.ts|src/lib/cms/cms-cutover.ts|src/lib/cms/content-resolver.ts|src/lib/cms/public-read-result.ts|src/lib/cms/translation-status.ts|src/lib/cn.ts|src/lib/content-pages.ts|src/lib/homepage-tours.ts|src/lib/i18n/config.ts|src/lib/i18n/locale-path.ts|src/lib/locale-breadcrumbs.ts|src/lib/monitoring/sentry.ts|src/lib/partner-source-result.ts|src/lib/partner-tours/offer-quality.ts|src/lib/profile-mapper.ts|src/lib/reviews-server.ts|src/lib/schema-json-ld.ts|src/lib/site-brand.ts|src/lib/site-container.ts|src/lib/site-url.ts|src/lib/supabase/client.ts|src/lib/supabase/env.ts|src/lib/tour-embed.ts|src/lib/tour-review-stats.ts|src/lib/tours-server-cutover.ts|src/lib/tripster/partner-tour-server.ts|src/lib/tripster/partner-tour-utils.ts|src/lib/youtravel/partner-tour-mapper.ts|src/lib/youtravel/partner-tour-server.ts|src/types/cms-content.ts|src/types/content-page.ts|src/types/database.ts|src/types/index.ts|src/types/tour-embed.ts|src/types/user.ts","supabase|cms|tripster|youtravel|static_data|external_http","blog_reading_history|content_documents|moderation_queue|profiles|review_reports|site_settings|tourist_reviews|user_interactions","","","/api/auth/ensure-profile|/api/auth/register|/api/auth/request-password-reset|/api/auth/sign-in-phone","admin|admin|organizer|organizer|organizer|authenticated","2","static_source","unknown_db_down"
"6c08f65f30a84bb7","/blog/[slug]","page","src/app/blog/[slug]/page.tsx","src/components/blog/BlogPostView.tsx|src/components/i18n/TranslationPreparingBanner.tsx|src/components/seo/ArticleJsonLd.tsx|src/components/seo/BlogFaqJsonLd.tsx|src/data/blog.ts|src/data/marketplace-tours-server.ts|src/lib/blog-optional-tour-catalog.ts|src/lib/blog-slug-resolve.ts|src/lib/blog-utils.ts|src/lib/cms/blog-resolver.ts|src/lib/cms/cms-cutover.ts|src/lib/cms/cms-hreflang.ts|src/lib/cms/cms-page-metadata.ts|src/lib/cms/content-resolver.ts|src/lib/content-excursion-match.ts|src/lib/content-excursions-server.ts|src/lib/i18n/server-locale.ts|src/lib/public-tour-resolver.ts|src/lib/site-settings-server.ts","src/components/blog/ArticlePlacesMiniMap.tsx|src/components/blog/BlogAffiliateZone.tsx|src/components/blog/BlogArticleEngagePanel.tsx|src/components/blog/BlogAuthorCard.tsx|src/components/blog/BlogCommentsSection.tsx|src/components/blog/BlogDestinationGallery.tsx|src/components/blog/BlogEngagementCta.tsx|src/components/blog/BlogNewsletterBlock.tsx|src/components/blog/BlogPostFooterLinks.tsx|src/components/blog/BlogPostHeader.tsx|src/components/blog/BlogPostNav.tsx|src/components/blog/BlogPostSectionView.tsx|src/components/blog/BlogQuickFacts.tsx|src/components/blog/BlogReadingHistoryRecorder.tsx|src/components/blog/BlogRelatedPosts.tsx|src/components/blog/BlogRichArticleClientBlocks.tsx|src/components/blog/BlogSectionBody.tsx|src/components/blog/BlogSidebar.tsx|src/components/blog/BlogTopicClusterJsonLd.tsx|src/components/blog/BlogTopicClusterNav.tsx|src/components/content/ArticleReadingProgress.tsx|src/components/content/CollapsibleAsidePanel.tsx|src/components/content/ContentExcursionSection.tsx|src/components/content/ContentReadingLayout.tsx|src/components/embed/TourEmbedSection.tsx|src/components/guide/hub/HubQuickFactsGrid.tsx|src/components/seo/BreadcrumbListJsonLd.tsx|src/components/seo/ContentArticleJsonLd.tsx|src/data/blog-argentina-tourist-visa-2026.ts|src/data/blog-argentinian-steak-guide.ts|src/data/blog-articles/index.ts|src/data/blog-author.ts|src/data/blog-best-time-to-visit-argentina.ts|src/data/blog-canonical-map.ts|src/data/blog-category-meta.ts|src/data/blog-el-chalten-i-fitts-roy.ts|src/data/blog-hubs.ts|src/data/blog-iguazu-garganta-del-diablo.ts|src/data/blog-iguazu-za-3-dnya.ts|src/data/blog-itinerary-chek-list.ts|src/data/blog-itinerary-oshibki.ts|src/data/blog-itinerary-za-10-dney.ts|src/data/blog-itinerary-za-14-dney.ts|src/data/blog-kb-links.ts|src/data/blog-manual-from-md/index.ts|src/data/blog-patagonia-aviabilety.ts|src/data/blog-patagonia-packing-list.ts|src/data/blog-patagonia-penguins.ts|src/data/blog-patagonia-whale-watching.ts|src/data/blog-patagoniya-marshrut-14-dney.ts|src/data/blog-salta-i-severo-zapad-marshrut.ts|src/data/blog-tango-beginners-guide.ts|src/data/blog-tour-embeds.ts|src/data/blog-uco-valley-vino-i-gory.ts|src/data/blog-wildlife-s-gidom.ts|src/data/destination-pages.ts|src/editorial/adapters/blog-body.ts|src/lib/article-map-points.ts|src/lib/blog-adjacent-posts.ts|src/lib/blog-breadcrumbs.ts|src/lib/blog-destinations.ts|src/lib/blog-faq.ts|src/lib/blog-from-plan.ts|src/lib/blog-inline-related.ts|src/lib/blog-media-path.ts|src/lib/blog-related-footer-links.ts|src/lib/blog-related-posts.ts|src/lib/blog-section-body.ts|src/lib/catalog-country-relevance.ts|src/lib/catalog-rest-circuit.ts|src/lib/cms/content-mapper.ts|src/lib/cms/place-listing-from-cms.ts|src/lib/cms/public-read-result.ts|src/lib/cms/site-globals/locale-resolve.ts|src/lib/cms/site-globals/normalize.ts|src/lib/cms/translation-status.ts|src/lib/cn.ts|src/lib/content-heading-id.ts|src/lib/content-json-ld.ts|src/lib/content-pages.ts|src/lib/content-related-links.ts|src/lib/destinations.ts|src/lib/excursion-server.ts|src/lib/i18n/config.ts|src/lib/i18n/locale-path.ts|src/lib/knowledge-base/types.ts|src/lib/media-resolver.ts|src/lib/page-metadata.ts|src/lib/partner-source-result.ts|src/lib/partner-tours/offer-quality.ts|src/lib/places-repository.ts|src/lib/reviews-server.ts|src/lib/schema-json-ld.ts|src/lib/site-container.ts|src/lib/site-settings-edge.ts|src/lib/site-url.ts|src/lib/supabase/admin.ts|src/lib/tour-embed.ts|src/lib/tour-review-stats.ts|src/lib/tours-server-cutover.ts|src/lib/tripster/partner-tour-server.ts|src/lib/tripster/partner-tour-utils.ts|src/lib/youtravel/partner-tour-mapper.ts|src/lib/youtravel/partner-tour-server.ts|src/types/cms-content.ts|src/types/content-page.ts|src/types/database.ts|src/types/excursion.ts|src/types/index.ts|src/types/place.ts|src/types/site-globals.ts|src/types/tour-embed.ts","supabase|cms|tripster|youtravel|sputnik8|static_data|external_http","content_documents|moderation_queue|profiles|review_reports|site_settings|tourist_reviews","","","/api/blog/comments|/api/blog/comments/report|/api/newsletter","admin|admin|organizer|cron_secret|organizer","2","static_source","unknown_db_down"
"45198ef93e455318","/blog/author/[slug]","page","src/app/blog/author/[slug]/page.tsx","src/components/blog/BlogPostView.tsx|src/components/i18n/TranslationPreparingBanner.tsx|src/components/seo/ArticleJsonLd.tsx|src/components/seo/BlogFaqJsonLd.tsx|src/data/marketplace-tours-server.ts|src/lib/blog-optional-tour-catalog.ts|src/lib/cms/author-article-resolver.ts|src/lib/cms/cms-hreflang.ts|src/lib/cms/cms-page-metadata.ts|src/lib/cms/content-resolver.ts|src/lib/i18n/server-locale.ts|src/lib/public-tour-resolver.ts|src/lib/site-settings-server.ts","src/components/blog/ArticlePlacesMiniMap.tsx|src/components/blog/BlogAffiliateZone.tsx|src/components/blog/BlogArticleEngagePanel.tsx|src/components/blog/BlogAuthorCard.tsx|src/components/blog/BlogCommentsSection.tsx|src/components/blog/BlogDestinationGallery.tsx|src/components/blog/BlogEngagementCta.tsx|src/components/blog/BlogNewsletterBlock.tsx|src/components/blog/BlogPostFooterLinks.tsx|src/components/blog/BlogPostHeader.tsx|src/components/blog/BlogPostNav.tsx|src/components/blog/BlogPostSectionView.tsx|src/components/blog/BlogQuickFacts.tsx|src/components/blog/BlogReadingHistoryRecorder.tsx|src/components/blog/BlogRelatedPosts.tsx|src/components/blog/BlogRichArticleClientBlocks.tsx|src/components/blog/BlogSectionBody.tsx|src/components/blog/BlogSidebar.tsx|src/components/blog/BlogTopicClusterJsonLd.tsx|src/components/blog/BlogTopicClusterNav.tsx|src/components/content/ArticleReadingProgress.tsx|src/components/content/CollapsibleAsidePanel.tsx|src/components/content/ContentExcursionSection.tsx|src/components/content/ContentReadingLayout.tsx|src/components/embed/TourEmbedSection.tsx|src/components/seo/BreadcrumbListJsonLd.tsx|src/components/seo/ContentArticleJsonLd.tsx|src/data/blog-articles/index.ts|src/data/blog-hubs.ts|src/data/blog-kb-links.ts|src/data/blog.ts|src/editorial/adapters/blog-body.ts|src/lib/article-map-points.ts|src/lib/blog-adjacent-posts.ts|src/lib/blog-breadcrumbs.ts|src/lib/blog-destinations.ts|src/lib/blog-faq.ts|src/lib/blog-inline-related.ts|src/lib/blog-related-footer-links.ts|src/lib/blog-related-posts.ts|src/lib/blog-section-body.ts|src/lib/blog-slug-resolve.ts|src/lib/blog-utils.ts|src/lib/catalog-country-relevance.ts|src/lib/catalog-rest-circuit.ts|src/lib/cms/content-mapper.ts|src/lib/cms/public-read-result.ts|src/lib/cms/site-globals/locale-resolve.ts|src/lib/cms/site-globals/normalize.ts|src/lib/cms/translation-status.ts|src/lib/cn.ts|src/lib/content-excursion-match.ts|src/lib/content-heading-id.ts|src/lib/content-json-ld.ts|src/lib/content-related-links.ts|src/lib/i18n/config.ts|src/lib/i18n/locale-path.ts|src/lib/media-resolver.ts|src/lib/page-metadata.ts|src/lib/partner-source-result.ts|src/lib/partner-tours/offer-quality.ts|src/lib/reviews-server.ts|src/lib/schema-json-ld.ts|src/lib/site-container.ts|src/lib/site-settings-edge.ts|src/lib/site-url.ts|src/lib/supabase/admin.ts|src/lib/tour-embed.ts|src/lib/tour-review-stats.ts|src/lib/tours-server-cutover.ts|src/lib/tripster/partner-tour-server.ts|src/lib/tripster/partner-tour-utils.ts|src/lib/youtravel/partner-tour-mapper.ts|src/lib/youtravel/partner-tour-server.ts|src/types/cms-content.ts|src/types/database.ts|src/types/index.ts|src/types/site-globals.ts|src/types/tour-embed.ts","supabase|cms|tripster|youtravel|static_data|external_http","content_documents|moderation_queue|profiles|review_reports|site_settings|tourist_reviews","","","/api/blog/comments|/api/blog/comments/report|/api/newsletter","admin|admin|organizer|cron_secret|organizer","2","static_source","unknown_db_down"
"06f74e15c76171a0","/blog/authors","page","src/app/blog/authors/page.tsx","src/components/blog/BlogAuthorsGrid.tsx|src/components/navigation/PageBreadcrumbs.tsx|src/lib/blog-authors.ts|src/lib/blog-utils.ts|src/lib/cms/blog-resolver.ts|src/lib/cn.ts|src/lib/i18n/hreflang.ts|src/lib/i18n/server-locale.ts|src/lib/page-metadata.ts|src/lib/site-container.ts","src/components/guide/hub/HubQuickFactsGrid.tsx|src/data/blog-author.ts|src/data/blog-category-meta.ts|src/data/blog.ts|src/lib/blog-slug-resolve.ts|src/lib/cabinet-ui.ts|src/lib/cms/cms-cutover.ts|src/lib/cms/content-resolver.ts|src/lib/cms/public-read-result.ts|src/lib/cms/translation-status.ts|src/lib/floating-chrome-button.ts|src/lib/i18n/config.ts|src/lib/i18n/locale-path.ts|src/lib/media-resolver.ts|src/lib/scroll-anchor.ts|src/lib/site-brand.ts|src/lib/site-url.ts|src/types/cms-content.ts|src/types/index.ts","supabase|cms|static_data","content_documents|site_settings","","","","admin|organizer","2","static_source","unknown_db_down"
"327c7af2fb29eccc","/blog/authors/[slug]","page","src/app/blog/authors/[slug]/page.tsx","src/components/blog/BlogCard.tsx|src/components/navigation/PageBreadcrumbs.tsx|src/data/blog.ts|src/lib/blog-authors.ts|src/lib/blog-utils.ts|src/lib/cms/blog-resolver.ts|src/lib/cn.ts|src/lib/i18n/hreflang.ts|src/lib/i18n/server-locale.ts|src/lib/page-metadata.ts|src/lib/site-container.ts","src/components/blog/BlogCardAuthorOverlay.tsx|src/components/blog/blog-card-image-delivery.ts|src/components/content/ContentCard.tsx|src/components/guide/hub/HubQuickFactsGrid.tsx|src/components/ui/safe-image.tsx|src/data/blog-argentina-tourist-visa-2026.ts|src/data/blog-argentinian-steak-guide.ts|src/data/blog-author.ts|src/data/blog-best-time-to-visit-argentina.ts|src/data/blog-canonical-map.ts|src/data/blog-category-meta.ts|src/data/blog-el-chalten-i-fitts-roy.ts|src/data/blog-iguazu-garganta-del-diablo.ts|src/data/blog-iguazu-za-3-dnya.ts|src/data/blog-itinerary-chek-list.ts|src/data/blog-itinerary-oshibki.ts|src/data/blog-itinerary-za-10-dney.ts|src/data/blog-itinerary-za-14-dney.ts|src/data/blog-manual-from-md/index.ts|src/data/blog-patagonia-aviabilety.ts|src/data/blog-patagonia-packing-list.ts|src/data/blog-patagonia-penguins.ts|src/data/blog-patagonia-whale-watching.ts|src/data/blog-patagoniya-marshrut-14-dney.ts|src/data/blog-salta-i-severo-zapad-marshrut.ts|src/data/blog-tango-beginners-guide.ts|src/data/blog-tour-embeds.ts|src/data/blog-uco-valley-vino-i-gory.ts|src/data/blog-wildlife-s-gidom.ts|src/lib/blog-from-plan.ts|src/lib/blog-slug-resolve.ts|src/lib/cms/cms-cutover.ts|src/lib/cms/content-resolver.ts|src/lib/cms/public-read-result.ts|src/lib/cms/translation-status.ts|src/lib/floating-chrome-button.ts|src/lib/i18n/config.ts|src/lib/i18n/locale-path.ts|src/lib/media-resolver.ts|src/lib/scroll-anchor.ts|src/lib/site-brand.ts|src/lib/site-url.ts|src/types/cms-content.ts|src/types/index.ts","supabase|cms|static_data","content_documents|site_settings","","","","admin|organizer","2","static_source","unknown_db_down"
"dbadaf579bd08b61","/blog/feed.xml","route_handler","src/app/blog/feed.xml/route.ts","src/lib/blog-rss.ts|src/lib/blog-utils.ts|src/lib/cms/blog-resolver.ts|src/lib/i18n/server-locale.ts","src/components/guide/hub/HubQuickFactsGrid.tsx|src/data/blog-category-meta.ts|src/data/blog.ts|src/lib/blog-slug-resolve.ts|src/lib/cms/cms-cutover.ts|src/lib/cms/content-resolver.ts|src/lib/cms/public-read-result.ts|src/lib/cms/translation-status.ts|src/lib/i18n/config.ts|src/lib/site-url.ts|src/types/cms-content.ts|src/types/index.ts","supabase|cms|static_data","content_documents|site_settings","","","","admin|organizer","2","static_source","unknown_db_down"
"73d9e5cf7f4239d9","/blog/hub/[hubId]","page","src/app/blog/hub/[hubId]/page.tsx","src/components/blog/BlogHubView.tsx|src/data/blog-hubs.ts|src/data/marketplace-tours-server.ts|src/lib/blog-index-tours.ts|src/lib/blog-optional-tour-catalog.ts|src/lib/cms/blog-resolver.ts|src/lib/i18n/hreflang.ts|src/lib/i18n/server-locale.ts|src/lib/page-metadata.ts|src/lib/public-tour-resolver.ts","src/components/blog/BlogHubCatalog.tsx|src/components/blog/BlogHubPinnedNav.tsx|src/components/blog/BlogRecommendedTours.tsx|src/components/blog/BlogTrendingDestinations.tsx|src/components/blog/blog-card-image-delivery.ts|src/components/guide/hub/HubHero.tsx|src/components/seo/BreadcrumbListJsonLd.tsx|src/components/seo/WebPageJsonLd.tsx|src/components/ui/button.tsx|src/data/blog-canonical-map.ts|src/data/blog-category-meta.ts|src/data/blog-category-tours.ts|src/data/blog.ts|src/lib/blog-breadcrumbs.ts|src/lib/blog-slug-resolve.ts|src/lib/blog-utils.ts|src/lib/catalog-country-relevance.ts|src/lib/catalog-rest-circuit.ts|src/lib/cms/cms-cutover.ts|src/lib/cms/content-resolver.ts|src/lib/cms/public-read-result.ts|src/lib/cms/translation-status.ts|src/lib/cn.ts|src/lib/homepage-tours.ts|src/lib/i18n/config.ts|src/lib/i18n/locale-path.ts|src/lib/partner-source-result.ts|src/lib/partner-tours/offer-quality.ts|src/lib/reviews-server.ts|src/lib/site-brand.ts|src/lib/site-container.ts|src/lib/site-url.ts|src/lib/tour-embed.ts|src/lib/tour-review-stats.ts|src/lib/tours-server-cutover.ts|src/lib/tripster/partner-tour-server.ts|src/lib/tripster/partner-tour-utils.ts|src/lib/youtravel/partner-tour-mapper.ts|src/lib/youtravel/partner-tour-server.ts|src/types/cms-content.ts|src/types/index.ts|src/types/tour-embed.ts","supabase|cms|tripster|youtravel|static_data","content_documents|moderation_queue|profiles|review_reports|site_settings|tourist_reviews","","","","admin|admin|organizer|organizer","2","static_source","unknown_db_down"
"2ac6c1f4239c4f37","/booking/find","page","src/app/booking/find/page.tsx","src/components/booking/BookingLookupView.tsx","src/components/FormattedPrice.tsx|src/components/booking/BookingPaymentStatusBadge.tsx|src/components/booking/BookingStatusBadge.tsx|src/components/ui/button.tsx|src/components/ui/smart-input.tsx|src/lib/booking-display.ts|src/lib/bookings-api.ts|src/lib/form-validation.ts","tripster|youtravel|static_data|external_http","","","","/api/bookings|/api/bookings/attach-guest|/api/bookings/lookup|/api/bookings/lookup/results|/api/bookings/lookup/verify|/api/organizer/bookings|/api/payments/sandbox-mode|/api/tripster/booking-request|/api/youtravel/booking-request","organizer","2","static_source","unknown_db_down"
"098364b0d0fa999d","/booking/pay/[token]","page","src/app/booking/pay/[token]/page.tsx","src/components/booking/BookingPaymentLinkView.tsx","src/components/booking/BookingCheckoutShell.tsx|src/components/booking/BookingPaymentErrorRecovery.tsx|src/components/booking/CheckoutCurrencySelector.tsx|src/components/booking/CheckoutPriceDisplay.tsx|src/components/ui/button.tsx|src/context/LocaleCurrencyContext.tsx|src/hooks/useCheckoutCurrencyRates.ts|src/lib/booking-display.ts|src/lib/booking-payment-link.ts|src/lib/bookings-api.ts|src/lib/bookings-store.ts|src/lib/payments/checkout-currency.ts|src/lib/payments/payment-providers-client.ts|src/lib/site-feedback/normalize-error.ts|src/types/site-feedback.ts|src/types/tourist.ts","tripster|youtravel|static_data|external_http","","","","/api/bookings|/api/bookings/attach-guest|/api/bookings/lookup|/api/bookings/lookup/results|/api/bookings/lookup/verify|/api/exchange-rates|/api/organizer/bookings|/api/payments/sandbox-mode|/api/tripster/booking-request|/api/youtravel/booking-request","cron_secret|organizer","2","static_source","unknown_db_down"
"fc5ea9b2718ec53f","/booking/pay/[token]/result","page","src/app/booking/pay/[token]/result/page.tsx","src/components/booking/BookingPaymentResultView.tsx","src/components/FormattedPrice.tsx|src/components/booking/BookingCheckoutShell.tsx|src/components/booking/BookingPaymentErrorRecovery.tsx|src/components/booking/BookingPaymentReceiptSection.tsx|src/components/booking/BookingPaymentSuccessCelebration.tsx|src/lib/booking-params.ts|src/lib/booking-payment-link.ts|src/lib/bookings-api.ts|src/lib/bookings-store.ts|src/types/tourist.ts","tripster|youtravel|static_data|external_http","","","","/api/bookings|/api/bookings/attach-guest|/api/bookings/lookup|/api/bookings/lookup/results|/api/bookings/lookup/verify|/api/organizer/bookings|/api/payments/sandbox-mode|/api/tripster/booking-request|/api/youtravel/booking-request","cron_secret|organizer","2","static_source","unknown_db_down"
"7a480790817c0876","/booking/travelers/[token]","page","src/app/booking/travelers/[token]/page.tsx","src/components/booking/BookingTravelersFormView.tsx","src/components/auth/PhoneCountryInput.tsx|src/components/feedback/InlineFeedback.tsx|src/components/ui/button.tsx|src/components/ui/input.tsx|src/components/ui/single-date-picker.tsx|src/context/SiteFeedbackContext.tsx|src/lib/booking-display.ts|src/lib/booking-travelers-api.ts|src/lib/booking-travelers-server.ts|src/lib/booking-travelers.ts|src/lib/bookings-api.ts|src/lib/bookings-store.ts|src/lib/cn.ts|src/lib/participant-age.ts|src/lib/site-feedback/normalize-error.ts|src/types/site-feedback.ts|src/types/tourist.ts","supabase|tripster|youtravel|external_http","bookings","","","/api/bookings|/api/bookings/attach-guest|/api/bookings/lookup|/api/bookings/lookup/results|/api/bookings/lookup/verify|/api/organizer/bookings|/api/payments/sandbox-mode|/api/tripster/booking-request|/api/youtravel/booking-request","cron_secret|organizer","2","static_source","unknown_db_down"
"64fdbf6d0fd574b2","/car-rental","page","src/app/car-rental/page.tsx","src/components/car-rental/CarRentalView.tsx|src/components/mobility/MobilityCatalogClient.tsx|src/components/seo/WebPageJsonLd.tsx|src/lib/market-context.ts|src/lib/mobility/module-policy-server.ts|src/lib/page-metadata.ts","src/components/car-rental/CarRentalBenefits.tsx|src/components/car-rental/CarRentalFaqSection.tsx|src/components/car-rental/LocalRentWidget.tsx|src/components/feedback/InlineFeedback.tsx|src/components/forms/TurnstileField.tsx|src/components/seo/JsonLdScript.tsx|src/components/ui/button.tsx|src/components/ui/empty-state.tsx|src/components/ui/form-field.tsx|src/components/ui/input.tsx|src/components/ui/textarea.tsx|src/context/LocaleCurrencyContext.tsx|src/lib/mobility/provider-registry.ts|src/lib/schema-json-ld.ts|src/lib/site-brand.ts|src/lib/site-container.ts|src/lib/site-settings-server.ts|src/lib/site-url.ts|src/lib/utils.ts|src/types/mobility.ts","supabase|cms|static_data|external_http","site_settings","","","/api/exchange-rates|/api/mobility/handoff|/api/mobility/requests","admin","2","static_source","unknown_db_down"
"8dd2daf0deae01c2","/collections","page","src/app/collections/page.tsx","src/components/collections/CollectionsIndexView.tsx|src/lib/i18n/hreflang.ts|src/lib/media-resolver.ts|src/lib/page-metadata.ts|src/lib/places-repository.ts","src/components/Hero.tsx|src/components/layout/SectionShell.tsx|src/components/ui/safe-image.tsx|src/data/media-library/maps.ts|src/data/places-enrichment.ts|src/data/places-planning.ts|src/data/places-seed.ts|src/lib/blog-media-path.ts|src/lib/blog-post-image-bindings.ts|src/lib/cn.ts|src/lib/i18n/locale-path.ts|src/lib/image-provider/image-provider.ts|src/lib/image-provider/local-fallback.ts|src/lib/image-provider/slot-ids.ts|src/lib/image-provider/types.ts|src/lib/media-library/feed-query.ts|src/lib/media/media-cdn.ts|src/lib/places-mapper.ts|src/lib/places-relations.ts|src/lib/places-urls.ts|src/lib/pluralize.ts|src/lib/prisma.ts|src/lib/site-brand.ts|src/lib/site-container.ts|src/lib/site-url.ts|src/types/media-asset.ts|src/types/place.ts","prisma|static_data","","","","","none_detected","2","static_source","unknown_db_down"
"4254d6e954255753","/collections/[slug]","page","src/app/collections/[slug]/page.tsx","src/components/collections/CollectionDetailView.tsx|src/components/seo/CollectionItemListJsonLd.tsx|src/lib/page-metadata.ts|src/lib/places-repository.ts","src/components/places/PlaceCard.tsx|src/data/places-enrichment.ts|src/data/places-planning.ts|src/data/places-seed.ts|src/lib/cn.ts|src/lib/content-json-ld.ts|src/lib/places-mapper.ts|src/lib/places-relations.ts|src/lib/places-urls.ts|src/lib/prisma.ts|src/lib/schema-json-ld.ts|src/lib/site-brand.ts|src/lib/site-container.ts|src/lib/site-url.ts|src/types/place.ts","prisma|cms|static_data","","","","","none_detected","2","static_source","unknown_db_down"
"f1257778b9392fd5","/contacts","page","src/app/contacts/page.tsx","src/components/contacts/ContactsPageClient.tsx|src/components/seo/BreadcrumbListJsonLd.tsx|src/components/seo/WebPageJsonLd.tsx|src/data/services-hub.ts|src/data/shop-products.ts|src/data/tours.ts|src/lib/i18n/hreflang.ts|src/lib/i18n/server-locale.ts|src/lib/locale-breadcrumbs.ts|src/lib/media-resolver.ts|src/lib/page-metadata.ts|src/lib/site-settings-server.ts|src/lib/static-page-copy.ts|src/types/shop-product.ts","src/components/contacts/ContactOfficeMap.tsx|src/components/contacts/ContactTeamBlock.tsx|src/components/feedback/InlineFeedback.tsx|src/components/forms/TurnstileField.tsx|src/components/seo/JsonLdScript.tsx|src/components/ui/button.tsx|src/components/ui/smart-input.tsx|src/components/ui/smart-textarea.tsx|src/context/LocaleCurrencyContext.tsx|src/context/SiteFeedbackContext.tsx|src/data/media-library/maps.ts|src/data/site-contacts.ts|src/data/tour-extra.ts|src/lib/analytics/gtm-events.ts|src/lib/attribution/conversion-context.ts|src/lib/attribution/first-touch.ts|src/lib/blog-media-path.ts|src/lib/blog-post-image-bindings.ts|src/lib/breadcrumb-json-ld.ts|src/lib/cms/site-globals/locale-resolve.ts|src/lib/cms/site-globals/normalize.ts|src/lib/cn.ts|src/lib/form-validation.ts|src/lib/i18n.ts|src/lib/i18n/config.ts|src/lib/i18n/locale-path.ts|src/lib/i18n/sync-messages.ts|src/lib/image-provider/image-provider.ts|src/lib/image-provider/local-fallback.ts|src/lib/image-provider/slot-ids.ts|src/lib/image-provider/types.ts|src/lib/media-library/feed-query.ts|src/lib/media/media-cdn.ts|src/lib/page-band.ts|src/lib/schema-json-ld.ts|src/lib/site-brand.ts|src/lib/site-container.ts|src/lib/site-feedback/normalize-error.ts|src/lib/site-settings-edge.ts|src/lib/site-url.ts|src/lib/supabase/admin.ts|src/types/database.ts|src/types/index.ts|src/types/media-asset.ts|src/types/site-feedback.ts|src/types/site-globals.ts","supabase|cms|static_data|external_http","site_settings","","","/api/analytics/events|/api/contact|/api/exchange-rates","admin|cron_secret|organizer","2","static_source","unknown_db_down"
"967f9018bd30b0b8","/destinations","page","src/app/destinations/page.tsx","src/components/destinations/GeographyHubView.tsx|src/components/seo/BreadcrumbListJsonLd.tsx|src/components/seo/CatalogItemListJsonLd.tsx|src/components/seo/DestinationsCatalogSeoLinks.tsx|src/components/seo/WebPageJsonLd.tsx|src/lib/catalog-json-ld.ts|src/lib/cms/destination-resolver.ts|src/lib/cms/place-resolver.ts|src/lib/destinations-catalog-seo.ts|src/lib/i18n/server-locale.ts|src/lib/locale-breadcrumbs.ts|src/lib/places-repository.ts","src/components/Hero.tsx|src/components/content/ContentCardOverlay.tsx|src/components/places/PlaceCard.tsx|src/components/places/PlacesFeaturedCollections.tsx|src/components/seo/JsonLdScript.tsx|src/components/travel/ArgentinaSeasonMatrix.tsx|src/components/ui/safe-image.tsx|src/data/destination-pages.ts|src/data/places-enrichment.ts|src/data/places-planning.ts|src/data/places-seed.ts|src/lib/breadcrumb-json-ld.ts|src/lib/cms/cms-cutover.ts|src/lib/cms/content-resolver.ts|src/lib/cms/place-listing-from-cms.ts|src/lib/cms/public-read-result.ts|src/lib/cms/translation-status.ts|src/lib/destination-taxonomy.ts|src/lib/destinations.ts|src/lib/i18n.ts|src/lib/i18n/config.ts|src/lib/i18n/hreflang.ts|src/lib/i18n/sync-messages.ts|src/lib/media-alt-text.ts|src/lib/media-resolver.ts|src/lib/page-metadata.ts|src/lib/places-mapper.ts|src/lib/places-relations.ts|src/lib/places-urls.ts|src/lib/prisma.ts|src/lib/schema-json-ld.ts|src/lib/site-container.ts|src/lib/site-url.ts|src/lib/utils.ts|src/types/cms-content.ts|src/types/excursion.ts|src/types/index.ts|src/types/place.ts","supabase|prisma|cms|static_data","content_documents|site_settings","","","","admin|organizer","2","static_source","unknown_db_down"
"0b9511cac89e0c3c","/destinations/[slug]","page","src/app/destinations/[slug]/page.tsx","src/components/content/CmsContentSections.tsx|src/components/destinations/DestinationDetailView.tsx|src/components/flights/DestinationFlightSidebar.tsx|src/components/i18n/TranslationPreparingBanner.tsx|src/components/seo/BreadcrumbListJsonLd.tsx|src/components/seo/FlightOffersJsonLd.tsx|src/components/seo/TouristDestinationJsonLd.tsx|src/components/social-feed/SocialFeed.tsx|src/data/marketplace-tours-server.ts|src/lib/cms/cms-hreflang.ts|src/lib/cms/cms-page-metadata.ts|src/lib/cms/content-resolver.ts|src/lib/cms/destination-resolver.ts|src/lib/destinations.ts|src/lib/detail-breadcrumbs.ts|src/lib/flights/hub-price-teasers.ts|src/lib/i18n/server-locale.ts|src/lib/knowledge-internal-links.ts|src/lib/public-tour-resolver.ts","src/components/content/ContentReadingLayout.tsx|src/components/content/ContentSectionBody.tsx|src/components/content/RelatedContentCards.tsx|src/components/content/SharePageLinkButton.tsx|src/components/destinations/DestinationInsuranceTeaser.tsx|src/components/embed/TourEmbedSection.tsx|src/components/flights/FlightPriceTeaserCard.tsx|src/components/guide/hub/HubQuickFactsGrid.tsx|src/components/media/ContentSectionImage.tsx|src/components/navigation/PageBreadcrumbs.tsx|src/components/seo/JsonLdScript.tsx|src/components/shared/DetailPhotoGallery.tsx|src/components/social-feed/SocialFeedBlock.tsx|src/components/ui/button.tsx|src/components/ui/safe-image.tsx|src/data/blog.ts|src/data/destination-pages.ts|src/data/excursion-city-links.ts|src/data/flight-popular-routes.ts|src/data/guide-about-argentina.ts|src/data/knowledge-graph/entities.ts|src/data/knowledge-graph/relations.ts|src/data/places-enrichment.ts|src/data/places-seed.ts|src/hooks/useRepositoryTourListings.ts|src/lib/breadcrumb-json-ld.ts|src/lib/catalog-country-relevance.ts|src/lib/catalog-rest-circuit.ts|src/lib/cms/cms-cutover.ts|src/lib/cms/content-mapper.ts|src/lib/cms/public-read-result.ts|src/lib/cms/translation-status.ts|src/lib/cn.ts|src/lib/content-json-ld.ts|src/lib/content-pages.ts|src/lib/content-related-links.ts|src/lib/destination-taxonomy.ts|src/lib/editorial-theme.ts|src/lib/flights/destination-airports.ts|src/lib/flights/search-href.ts|src/lib/flights/teaser-labels.ts|src/lib/geography-links.ts|src/lib/guide-topics.ts|src/lib/homepage-tours.ts|src/lib/i18n/config.ts|src/lib/i18n/locale-path.ts|src/lib/locale-breadcrumbs.ts|src/lib/media-alt-text.ts|src/lib/page-metadata.ts|src/lib/partner-source-result.ts|src/lib/partner-tours/offer-quality.ts|src/lib/places-urls.ts|src/lib/reviews-server.ts|src/lib/schema-json-ld.ts|src/lib/site-container.ts|src/lib/site-nav.ts|src/lib/site-url.ts|src/lib/social-feed/get-feed.ts|src/lib/social-feed/types.ts|src/lib/supabase/admin.ts|src/lib/tour-review-stats.ts|src/lib/tours-server-cutover.ts|src/lib/travelpayouts/aviasales/index.ts|src/lib/travelpayouts/index.ts|src/lib/tripster/partner-tour-server.ts|src/lib/tripster/partner-tour-utils.ts|src/lib/utils.ts|src/lib/youtravel/partner-tour-mapper.ts|src/lib/youtravel/partner-tour-server.ts|src/types/cms-content.ts|src/types/content-page.ts|src/types/content-reading.ts|src/types/database.ts|src/types/index.ts|src/types/locale.ts","supabase|cms|tripster|youtravel|travelpayouts|static_data","content_documents|moderation_queue|profiles|review_reports|site_settings|tourist_reviews","","","","admin|admin|organizer|organizer","2","static_source","unknown_db_down"
"4eca1a86d6de6bbe","/dev/design-system","page","src/app/dev/design-system/page.tsx","src/components/about/DesignSystemShowcase.tsx|src/lib/private-page-metadata.ts","src/components/booking/BookingPaymentStatusBadge.tsx|src/components/ui/badge.tsx|src/components/ui/button.tsx|src/components/ui/card.tsx|src/components/ui/checkbox.tsx|src/components/ui/dialog.tsx|src/components/ui/empty-state.tsx|src/components/ui/form-field.tsx|src/components/ui/input.tsx|src/components/ui/native-select.tsx|src/components/ui/review-rating-badge.tsx|src/components/ui/star-rating.tsx|src/components/ui/switch.tsx|src/components/ui/table.tsx|src/components/ui/textarea.tsx|src/lib/cn.ts|src/lib/site-container.ts|src/lib/tour-card-shell.ts|src/styles/design-tokens.ts","none_detected","","","","","none_detected","2","static_source","unknown_db_down"
"321a6b7e682960a2","/embed/flights/wl","page","src/app/embed/flights/wl/page.tsx","src/app/embed/flights/wl/FlightsWlEmbedPageClient.tsx","src/components/flights/FlightsWhitelabelWidget.tsx|src/context/LocaleCurrencyContext.tsx|src/lib/flights/wl-search-params.ts|src/lib/travelpayouts/whitelabel/config.ts","travelpayouts|static_data|external_http","","","","/api/exchange-rates","none_detected","2","static_source","unknown_db_down"
"ab91e8fcefd9a091","/embed/tours","page","src/app/embed/tours/page.tsx","src/app/embed/tours/EmbedToursPageClient.tsx|src/data/marketplace-tours-server.ts|src/lib/tour-embed.ts","src/components/embed/TourEmbedSection.tsx|src/lib/catalog-country-relevance.ts|src/lib/destinations.ts|src/lib/organizer-public-routing.ts|src/lib/partner-tours/offer-quality.ts|src/lib/tour-listing-ranking.ts|src/lib/tripster/partner-tour-utils.ts|src/types/index.ts|src/types/tour-embed.ts","tripster|static_data","","","","","admin|organizer","2","static_source","unknown_db_down"
"3760600b26a26d07","/esim","page","src/app/esim/page.tsx","src/components/esim/EsimCatalogView.tsx|src/components/seo/WebPageJsonLd.tsx|src/lib/media-resolver.ts|src/lib/page-metadata.ts","src/components/Hero.tsx|src/components/esim/EsimCatalogFilters.tsx|src/components/esim/EsimCatalogStats.tsx|src/components/esim/EsimCountryPicker.tsx|src/components/esim/EsimFaqSection.tsx|src/components/esim/EsimHowItWorks.tsx|src/components/esim/EsimOfferCard.tsx|src/components/esim/EsimWhyAiralo.tsx|src/components/seo/JsonLdScript.tsx|src/components/ui/button.tsx|src/context/LocaleCurrencyContext.tsx|src/data/esim-countries.ts|src/data/media-library/maps.ts|src/lib/airalo/locale-url.ts|src/lib/airalo/offer-meta.ts|src/lib/airalo/types.ts|src/lib/blog-media-path.ts|src/lib/blog-post-image-bindings.ts|src/lib/image-provider/image-provider.ts|src/lib/image-provider/local-fallback.ts|src/lib/image-provider/slot-ids.ts|src/lib/image-provider/types.ts|src/lib/media-library/feed-query.ts|src/lib/media/media-cdn.ts|src/lib/schema-json-ld.ts|src/lib/site-brand.ts|src/lib/site-container.ts|src/lib/site-url.ts|src/lib/utils.ts|src/types/media-asset.ts","cms|airalo|static_data|external_http","","","","/api/exchange-rates","none_detected","2","static_source","unknown_db_down"
"97a665ccebc94442","/excursions","page","src/app/excursions/page.tsx","src/components/excursions/ExcursionsCatalog.tsx|src/components/seo/BreadcrumbListJsonLd.tsx|src/components/seo/CatalogItemListJsonLd.tsx|src/components/seo/CommercialSeoSection.tsx|src/components/ui/skeleton.tsx|src/lib/catalog-json-ld.ts|src/lib/commercial-catalog-seo.ts|src/lib/i18n/hreflang.ts|src/lib/i18n/server-locale.ts|src/lib/locale-breadcrumbs.ts|src/lib/page-metadata.ts|src/lib/static-page-copy.ts|src/lib/tripster/excursion-server.ts","src/components/excursions/ExcursionCard.tsx|src/components/excursions/ExcursionCatalogFiltersSheet.tsx|src/components/excursions/ExcursionFilterBar.tsx|src/components/excursions/ExcursionSearchPanel.tsx|src/components/marketplace/CatalogActiveFilterChips.tsx|src/components/marketplace/CatalogEmptyResults.tsx|src/components/marketplace/CatalogLazyLoadFooter.tsx|src/components/marketplace/CatalogStickyBar.tsx|src/components/marketplace/CatalogToolbar.tsx|src/components/seo/JsonLdScript.tsx|src/context/LocaleCurrencyContext.tsx|src/data/destination-pages.ts|src/hooks/useCatalogLazySlice.ts|src/lib/breadcrumb-json-ld.ts|src/lib/cabinet-ui.ts|src/lib/catalog-filter-chips.ts|src/lib/cn.ts|src/lib/destinations.ts|src/lib/excursion-catalog-filters.ts|src/lib/excursion-server.ts|src/lib/i18n.ts|src/lib/i18n/config.ts|src/lib/i18n/locale-path.ts|src/lib/i18n/sync-messages.ts|src/lib/places-urls.ts|src/lib/pluralize.ts|src/lib/schema-json-ld.ts|src/lib/site-brand.ts|src/lib/site-container.ts|src/lib/site-url.ts|src/types/excursion.ts|src/types/index.ts|src/types/place.ts","supabase|cms|tripster|youtravel|sputnik8|static_data|external_http","","","","/api/exchange-rates","admin|organizer","2","static_source","unknown_db_down"
"3f627cbbac291fd8","/excursions/[slug]","page","src/app/excursions/[slug]/page.tsx","src/components/excursions/ExcursionDetailView.tsx|src/components/seo/BreadcrumbListJsonLd.tsx|src/components/seo/ExcursionJsonLd.tsx|src/components/seo/TourJsonLd.tsx|src/components/tour-detail/TourDetailView.tsx|src/lib/build-static-limits.ts|src/lib/detail-breadcrumbs.ts|src/lib/i18n/server-locale.ts|src/lib/page-metadata.ts|src/lib/places-repository.ts|src/lib/tour-content-server.ts|src/lib/tour-private-access.ts|src/lib/tripster/excursion-server.ts","src/components/excursions/ExcursionAvailableDatesSection.tsx|src/components/excursions/ExcursionBookingConditionsSection.tsx|src/components/excursions/ExcursionBookingContext.tsx|src/components/excursions/ExcursionBookingModal.tsx|src/components/excursions/ExcursionBookingPanel.tsx|src/components/excursions/ExcursionContentBlocks.tsx|src/components/excursions/ExcursionFavoriteButton.tsx|src/components/excursions/ExcursionGuideSection.tsx|src/components/excursions/ExcursionIncludedSection.tsx|src/components/excursions/ExcursionMeetingSection.tsx|src/components/excursions/ExcursionMetaBadges.tsx|src/components/excursions/ExcursionMobileBookingBar.tsx|src/components/excursions/ExcursionReviewsSection.tsx|src/components/excursions/ExcursionSectionNav.tsx|src/components/excursions/ExcursionSimilarSection.tsx|src/components/excursions/ExcursionStatsSection.tsx|src/components/navigation/PageBreadcrumbs.tsx|src/components/seo/JsonLdScript.tsx|src/components/shared/PartnerInfoAutoplayGallery.tsx|src/components/tour-detail/ArrivalSection.tsx|src/components/tour-detail/ItinerarySection.tsx|src/components/tour-detail/MobileBookingBar.tsx|src/components/tour-detail/OnDemandReviewPromptBanner.tsx|src/components/tour-detail/OnDemandTourBookingDialogs.tsx|src/components/tour-detail/OrganizerSection.tsx|src/components/tour-detail/PartnerTourAccommodationSection.tsx|src/components/tour-detail/PartnerTourArrivalInfoSection.tsx|src/components/tour-detail/PartnerTourBookingConditionsSection.tsx|src/components/tour-detail/PartnerTourComfortSection.tsx|src/components/tour-detail/PartnerTourDatesSection.tsx|src/components/tour-detail/PartnerTourDescriptionSection.tsx|src/components/tour-detail/PartnerTourImportantSection.tsx|src/components/tour-detail/PartnerTourIncludedSection.tsx|src/components/tour-detail/PartnerTourMeetingSection.tsx|src/components/tour-detail/PartnerTourOrgDetailsSection.tsx|src/components/tour-detail/PartnerTourOrganizerSection.tsx|src/components/tour-detail/PartnerTourProgramNotice.tsx|src/components/tour-detail/PartnerTourStatsSection.tsx|src/components/tour-detail/PrivateTourBanner.tsx|src/components/tour-detail/ReviewsSection.tsx|src/components/tour-detail/RouteMapSection.tsx|src/components/tour-detail/SimilarToursSection.tsx|src/components/tour-detail/TourBookingContext.tsx|src/components/tour-detail/TourDetailGallery.tsx|src/components/tour-detail/TourDetailHeader.tsx|src/components/tour-detail/TourPreviewBanner.tsx|src/components/tour-detail/TourSection.tsx|src/components/tour-detail/TourSectionNav.tsx|src/components/tour-detail/TourSidebar.tsx|src/components/tour-detail/tour-section-links.ts|src/context/LocaleCurrencyContext.tsx|src/data/places-enrichment.ts|src/data/places-planning.ts|src/data/places-seed.ts|src/hooks/useCanonicalTour.ts|src/hooks/useInteractionTracking.ts|src/hooks/useRepositoryTourDetail.ts|src/lib/breadcrumb-json-ld.ts|src/lib/catalog-rest-circuit.ts|src/lib/cms-content-cross-links.ts|src/lib/cn.ts|src/lib/content-pages.ts|src/lib/excursion-format.ts|src/lib/excursion-json-ld.ts|src/lib/excursion-labels.ts|src/lib/excursion-server.ts|src/lib/favorite-button-styles.ts|src/lib/i18n/config.ts|src/lib/locale-breadcrumbs.ts|src/lib/partner-source-result.ts|src/lib/places-mapper.ts|src/lib/places-relations.ts|src/lib/places-urls.ts|src/lib/prisma.ts|src/lib/schema-json-ld.ts|src/lib/site-brand.ts|src/lib/site-container.ts|src/lib/site-url.ts|src/lib/tour-content-mapper.ts|src/lib/tour-content-visibility.ts|src/lib/tour-detail-section-comments.ts|src/lib/tour-detail-ui.ts|src/lib/tour-detail/compose-native-tour-main-column.tsx|src/lib/tour-json-ld.ts|src/lib/tours-server.ts|src/lib/tripster/partner-tour-utils.ts|src/lib/tripster/partner-tour-visibility.ts|src/lib/youtravel/partner-tour-utils.ts|src/types/content-page.ts|src/types/database.ts|src/types/excursion.ts|src/types/index.ts|src/types/place.ts|src/types/tour-content.ts|src/types/tour.ts","supabase|prisma|cms|tripster|youtravel|sputnik8|static_data|external_http","tours","","","/api/exchange-rates","admin|admin|organizer|organizer","2","static_source","unknown_db_down"
"1b7599a9ceb12ad5","/excursions/city/[citySlug]","page","src/app/excursions/city/[citySlug]/page.tsx","src/components/excursions/ExcursionsCatalog.tsx|src/components/flights/ExcursionCityFlightSidebar.tsx|src/components/seo/BreadcrumbListJsonLd.tsx|src/components/seo/CatalogItemListJsonLd.tsx|src/components/seo/CommercialSeoSection.tsx|src/components/ui/skeleton.tsx|src/lib/catalog-json-ld.ts|src/lib/commercial-catalog-seo.ts|src/lib/flights/destination-airports.ts|src/lib/page-metadata.ts|src/lib/tripster/excursion-server.ts","src/components/excursions/ExcursionCard.tsx|src/components/excursions/ExcursionCatalogFiltersSheet.tsx|src/components/excursions/ExcursionFilterBar.tsx|src/components/excursions/ExcursionSearchPanel.tsx|src/components/flights/FlightPriceTeaserCard.tsx|src/components/marketplace/CatalogActiveFilterChips.tsx|src/components/marketplace/CatalogEmptyResults.tsx|src/components/marketplace/CatalogLazyLoadFooter.tsx|src/components/marketplace/CatalogStickyBar.tsx|src/components/marketplace/CatalogToolbar.tsx|src/components/seo/JsonLdScript.tsx|src/context/LocaleCurrencyContext.tsx|src/data/argentina-domestic-routes.ts|src/data/destination-pages.ts|src/data/flight-popular-routes.ts|src/hooks/useCatalogLazySlice.ts|src/lib/breadcrumb-json-ld.ts|src/lib/cabinet-ui.ts|src/lib/catalog-filter-chips.ts|src/lib/cn.ts|src/lib/destinations.ts|src/lib/excursion-catalog-filters.ts|src/lib/excursion-server.ts|src/lib/flights/hub-price-teasers.ts|src/lib/flights/search-href.ts|src/lib/flights/teaser-labels.ts|src/lib/i18n/config.ts|src/lib/i18n/sync-messages.ts|src/lib/places-urls.ts|src/lib/pluralize.ts|src/lib/schema-json-ld.ts|src/lib/site-brand.ts|src/lib/site-container.ts|src/lib/site-url.ts|src/lib/utils.ts|src/types/excursion.ts|src/types/index.ts|src/types/locale.ts|src/types/place.ts","supabase|cms|tripster|youtravel|sputnik8|travelpayouts|static_data|external_http","","","","/api/exchange-rates","admin|organizer","2","static_source","unknown_db_down"
"212fd0d8d4168113","/excursions/guide/[guideId]","page","src/app/excursions/guide/[guideId]/page.tsx","src/components/excursions/ExcursionGuideProfileView.tsx|src/components/seo/BreadcrumbListJsonLd.tsx|src/lib/page-metadata.ts|src/lib/site-brand.ts|src/lib/tripster/guide-server.ts","src/components/excursions/ExcursionCard.tsx|src/components/seo/JsonLdScript.tsx|src/components/ui/empty-state.tsx|src/components/ui/review-rating-badge.tsx|src/context/LocaleCurrencyContext.tsx|src/lib/breadcrumb-json-ld.ts|src/lib/excursion-format.ts|src/lib/pluralize.ts|src/lib/schema-json-ld.ts|src/lib/site-container.ts|src/lib/site-url.ts|src/lib/supabase/admin.ts|src/lib/tripster/client.ts|src/lib/tripster/guide-mapper.ts|src/lib/tripster/pg-repository.ts|src/lib/tripster/repository.ts|src/types/excursion.ts","supabase|cms|tripster|static_data|external_http","affiliate_link_clicks|tripster_cities|tripster_experiences|tripster_reviews","","","/api/exchange-rates","admin|cron_secret","2","static_source","unknown_db_down"
"14894487687ce4fe","/experts","page","src/app/experts/page.tsx","src/components/experts/ExpertsCatalog.tsx|src/components/seo/BreadcrumbListJsonLd.tsx|src/components/seo/CommercialSeoSection.tsx|src/components/seo/WebPageJsonLd.tsx|src/lib/commercial-catalog-seo.ts|src/lib/i18n/hreflang.ts|src/lib/local-experts-server.ts|src/lib/page-metadata.ts|src/lib/site-container.ts|src/lib/supabase/server.ts","src/components/experts/ExpertCard.tsx|src/components/seo/JsonLdScript.tsx|src/components/ui/button.tsx|src/components/ui/empty-state.tsx|src/data/local-experts-seed.ts|src/lib/auth-mode.ts|src/lib/breadcrumb-json-ld.ts|src/lib/cn.ts|src/lib/floating-chrome-button.ts|src/lib/i18n/locale-path.ts|src/lib/runtime-mode.ts|src/lib/schema-json-ld.ts|src/lib/scroll-anchor.ts|src/lib/site-brand.ts|src/lib/site-url.ts|src/lib/supabase/env.ts|src/types/database.ts|src/types/local-experts.ts","supabase|cms|static_data","local_experts","","","","none_detected","2","static_source","unknown_db_down"
"fb14bc557838bb85","/experts/[slug]","page","src/app/experts/[slug]/page.tsx","src/components/experts/ExpertDetailView.tsx|src/components/seo/BreadcrumbListJsonLd.tsx|src/components/seo/WebPageJsonLd.tsx|src/lib/i18n/hreflang.ts|src/lib/local-experts-server.ts|src/lib/page-metadata.ts|src/lib/supabase/server.ts","src/components/navigation/PageBreadcrumbs.tsx|src/components/seo/JsonLdScript.tsx|src/components/ui/button.tsx|src/context/AuthContext.tsx|src/data/local-experts-seed.ts|src/lib/auth-mode.ts|src/lib/breadcrumb-json-ld.ts|src/lib/cn.ts|src/lib/i18n/locale-path.ts|src/lib/runtime-mode.ts|src/lib/schema-json-ld.ts|src/lib/site-brand.ts|src/lib/site-container.ts|src/lib/site-url.ts|src/lib/supabase/env.ts|src/types/database.ts|src/types/local-experts.ts","supabase|cms|static_data|external_http","local_experts|profiles","","","","authenticated","2","static_source","unknown_db_down"
"b6b920ba638b48c1","/faq","page","src/app/faq/page.tsx","src/components/faq/FaqAccordionSection.tsx|src/components/navigation/PageBreadcrumbs.tsx|src/components/seo/BreadcrumbListJsonLd.tsx|src/components/seo/FAQPageJsonLd.tsx|src/data/faq.ts|src/lib/cn.ts|src/lib/detail-breadcrumbs.ts|src/lib/i18n/server-locale.ts|src/lib/page-metadata.ts|src/lib/site-container.ts","src/components/seo/JsonLdScript.tsx|src/lib/breadcrumb-json-ld.ts|src/lib/content-pages.ts|src/lib/floating-chrome-button.ts|src/lib/i18n/config.ts|src/lib/locale-breadcrumbs.ts|src/lib/schema-json-ld.ts|src/lib/scroll-anchor.ts|src/lib/site-brand.ts|src/lib/site-url.ts|src/types/content-page.ts","cms|static_data","","","","","none_detected","2","static_source","unknown_db_down"
"0b6c47568c18f592","/flights","page","src/app/flights/page.tsx","src/components/flights/FlightsPageSkeleton.tsx|src/components/flights/FlightsWhitelabelView.tsx|src/components/seo/BreadcrumbListJsonLd.tsx|src/components/seo/WebPageJsonLd.tsx|src/lib/detail-breadcrumbs.ts|src/lib/i18n/server-locale.ts|src/lib/page-metadata.ts|src/lib/travelpayouts/whitelabel/config.ts","src/components/flights/FlightPopularRoutes.tsx|src/components/flights/FlightsHeroPopularRoutes.tsx|src/components/flights/FlightsWhitelabelWidget.tsx|src/components/seo/JsonLdScript.tsx|src/components/ui/skeleton.tsx|src/context/LocaleCurrencyContext.tsx|src/lib/breadcrumb-json-ld.ts|src/lib/cn.ts|src/lib/content-pages.ts|src/lib/i18n/config.ts|src/lib/locale-breadcrumbs.ts|src/lib/schema-json-ld.ts|src/lib/site-brand.ts|src/lib/site-container.ts|src/lib/site-url.ts|src/lib/utils.ts|src/types/content-page.ts","cms|travelpayouts|static_data|external_http","","","","/api/exchange-rates","none_detected","2","static_source","unknown_db_down"
"683d03a77a1c7e5f","/flights/[route]","page","src/app/flights/[route]/page.tsx","src/components/flights/FlightRouteLandingView.tsx|src/components/seo/BreadcrumbListJsonLd.tsx|src/components/seo/FlightOffersJsonLd.tsx|src/data/flight-popular-routes.ts|src/lib/detail-breadcrumbs.ts|src/lib/flights/hub-price-teasers.ts|src/lib/flights/route-labels.ts|src/lib/page-metadata.ts|src/lib/travelpayouts/price-widget-config.ts","src/components/flights/FlightPriceTeaserCard.tsx|src/components/flights/FlightRoutePriceWidget.tsx|src/components/guide/GuidePillarFaq.tsx|src/components/guide/hub/HubHero.tsx|src/components/seo/JsonLdScript.tsx|src/components/seo/WebPageJsonLd.tsx|src/components/ui/button.tsx|src/lib/breadcrumb-json-ld.ts|src/lib/content-pages.ts|src/lib/flights/destination-airports.ts|src/lib/flights/search-href.ts|src/lib/flights/teaser-labels.ts|src/lib/flights/wl-search-params.ts|src/lib/i18n.ts|src/lib/i18n/config.ts|src/lib/locale-breadcrumbs.ts|src/lib/media-resolver.ts|src/lib/schema-json-ld.ts|src/lib/site-brand.ts|src/lib/site-container.ts|src/lib/site-url.ts|src/lib/travelpayouts/aviasales/index.ts|src/lib/travelpayouts/aviasales/market.ts|src/lib/travelpayouts/env.ts|src/lib/travelpayouts/index.ts|src/lib/utils.ts|src/types/content-page.ts|src/types/locale.ts","cms|travelpayouts|static_data","","","","","none_detected","2","static_source","unknown_db_down"
"c53ec555b5e2943b","/forum","page","src/app/forum/page.tsx","src/components/forum/ForumIndexView.tsx|src/components/seo/BreadcrumbListJsonLd.tsx|src/lib/auth-mode.ts|src/lib/detail-breadcrumbs.ts|src/lib/forum/forum-server.ts|src/lib/i18n/server-locale.ts|src/lib/page-metadata.ts|src/lib/supabase/server.ts","src/components/seo/JsonLdScript.tsx|src/lib/breadcrumb-json-ld.ts|src/lib/cn.ts|src/lib/content-pages.ts|src/lib/forum/forum-body.ts|src/lib/forum/forum-types.ts|src/lib/i18n/config.ts|src/lib/locale-breadcrumbs.ts|src/lib/schema-json-ld.ts|src/lib/site-brand.ts|src/lib/site-container.ts|src/lib/site-url.ts|src/lib/supabase/env.ts|src/types/content-page.ts|src/types/database.ts","supabase|cms|static_data","forum_categories|forum_post_reports|forum_posts|forum_threads|profiles","","","","none_detected","2","static_source","unknown_db_down"
"db9989d59bdf0e82","/forum/[category]","page","src/app/forum/[category]/page.tsx","src/components/forum/ForumCategoryView.tsx|src/components/seo/BreadcrumbListJsonLd.tsx|src/lib/auth-mode.ts|src/lib/detail-breadcrumbs.ts|src/lib/forum/forum-server.ts|src/lib/i18n/server-locale.ts|src/lib/page-metadata.ts|src/lib/supabase/server.ts","src/components/feedback/InlineFeedback.tsx|src/components/seo/JsonLdScript.tsx|src/components/ui/button.tsx|src/components/ui/smart-input.tsx|src/components/ui/smart-textarea.tsx|src/context/AuthContext.tsx|src/lib/breadcrumb-json-ld.ts|src/lib/cn.ts|src/lib/content-pages.ts|src/lib/forum/forum-body.ts|src/lib/forum/forum-types.ts|src/lib/i18n/config.ts|src/lib/locale-breadcrumbs.ts|src/lib/schema-json-ld.ts|src/lib/site-brand.ts|src/lib/site-container.ts|src/lib/site-url.ts|src/lib/supabase/env.ts|src/lib/utils.ts|src/types/content-page.ts|src/types/database.ts","supabase|cms|static_data|external_http","forum_categories|forum_post_reports|forum_posts|forum_threads|profiles","","","","authenticated","2","static_source","unknown_db_down"
"81dfac4ee8dc6b85","/forum/[category]/[threadId]","page","src/app/forum/[category]/[threadId]/page.tsx","src/components/forum/ForumThreadView.tsx|src/components/seo/BreadcrumbListJsonLd.tsx|src/lib/auth-mode.ts|src/lib/detail-breadcrumbs.ts|src/lib/forum/forum-server.ts|src/lib/i18n/server-locale.ts|src/lib/page-metadata.ts|src/lib/supabase/server.ts","src/components/feedback/InlineFeedback.tsx|src/components/forum/ForumPostBody.tsx|src/components/forum/ForumReportButton.tsx|src/components/seo/JsonLdScript.tsx|src/components/ui/button.tsx|src/components/ui/smart-textarea.tsx|src/context/AuthContext.tsx|src/lib/breadcrumb-json-ld.ts|src/lib/cn.ts|src/lib/content-pages.ts|src/lib/forum/forum-body.ts|src/lib/forum/forum-types.ts|src/lib/i18n/config.ts|src/lib/locale-breadcrumbs.ts|src/lib/schema-json-ld.ts|src/lib/site-brand.ts|src/lib/site-container.ts|src/lib/site-url.ts|src/lib/supabase/env.ts|src/lib/utils.ts|src/types/content-page.ts|src/types/database.ts","supabase|cms|static_data|external_http","forum_categories|forum_post_reports|forum_posts|forum_threads|profiles","","","","authenticated","2","static_source","unknown_db_down"
"31a0eccb2d3e52f6","/gallery","page","src/app/gallery/page.tsx","src/components/gallery/GalleryPageView.tsx|src/components/seo/WebPageJsonLd.tsx|src/data/gallery-items.ts|src/lib/media-resolver.ts|src/lib/page-metadata.ts","src/components/Hero.tsx|src/components/seo/JsonLdScript.tsx|src/data/marketplace-tours.ts|src/data/media-library/maps.ts|src/hooks/useSiteHeaderOverlayLock.ts|src/lib/blog-media-path.ts|src/lib/blog-post-image-bindings.ts|src/lib/cn.ts|src/lib/image-provider/image-provider.ts|src/lib/image-provider/local-fallback.ts|src/lib/image-provider/slot-ids.ts|src/lib/image-provider/types.ts|src/lib/media-library/feed-query.ts|src/lib/media/media-cdn.ts|src/lib/schema-json-ld.ts|src/lib/site-brand.ts|src/lib/site-container.ts|src/lib/site-url.ts|src/types/media-asset.ts","cms|static_data","","","","","none_detected","2","static_source","unknown_db_down"
"3f94d26179e04719","/guide","page","src/app/guide/page.tsx","src/components/guide/GuideHubView.tsx|src/components/seo/BreadcrumbListJsonLd.tsx|src/lib/i18n/hreflang.ts|src/lib/i18n/server-locale.ts|src/lib/locale-breadcrumbs.ts|src/lib/media-resolver.ts|src/lib/page-metadata.ts|src/lib/static-page-copy.ts","src/components/content/RelatedContentCards.tsx|src/components/guide/GuidePillarCta.tsx|src/components/guide/GuidePillarFaq.tsx|src/components/guide/GuideSectionNav.tsx|src/components/guide/hub/HubHero.tsx|src/components/guide/hub/HubQuickFactsGrid.tsx|src/components/guide/hub/HubSection.tsx|src/components/guide/hub/HubToc.tsx|src/components/seo/FAQPageJsonLd.tsx|src/components/seo/JsonLdScript.tsx|src/components/seo/WebPageJsonLd.tsx|src/components/travel/ArgentinaTourismInfographic.tsx|src/components/travel/ArgentinaTourismTimeline.tsx|src/context/LocaleCurrencyContext.tsx|src/data/guide-hub-index-content.ts|src/data/media-library/maps.ts|src/lib/blog-media-path.ts|src/lib/blog-post-image-bindings.ts|src/lib/breadcrumb-json-ld.ts|src/lib/cn.ts|src/lib/design-tokens.ts|src/lib/guide-nav-icons.ts|src/lib/i18n.ts|src/lib/i18n/config.ts|src/lib/i18n/locale-path.ts|src/lib/i18n/sync-messages.ts|src/lib/image-provider/image-provider.ts|src/lib/image-provider/local-fallback.ts|src/lib/image-provider/slot-ids.ts|src/lib/image-provider/types.ts|src/lib/media-library/feed-query.ts|src/lib/media/media-cdn.ts|src/lib/schema-json-ld.ts|src/lib/site-brand.ts|src/lib/site-container.ts|src/lib/site-url.ts|src/types/content-reading.ts|src/types/media-asset.ts","cms|static_data|external_http","","","","/api/exchange-rates","none_detected","2","static_source","unknown_db_down"
"1e6a2c9efb456be0","/guide/[slug]","page","src/app/guide/[slug]/page.tsx","src/components/content/ContentPageView.tsx|src/components/guide/GuidePillarView.tsx|src/components/guide/GuideTopicView.tsx|src/components/guide/hub/KakDobratsyaHubView.tsx|src/components/i18n/TranslationPreparingBanner.tsx|src/lib/cms/content-resolver.ts|src/lib/cms/guide-resolver.ts|src/lib/cms/guide-slug-metadata.ts|src/lib/cms/public-read-result.ts|src/lib/guide-pillar-tour-data.ts|src/lib/guide-topics.ts|src/lib/i18n/server-locale.ts","src/components/Hero.tsx|src/components/content/ContentReadingLayout.tsx|src/components/content/ContentSectionBody.tsx|src/components/content/SharePageLinkButton.tsx|src/components/flights/FlightHubAviasalesSection.tsx|src/components/guide/ArgentinaExchangeRates.tsx|src/components/guide/GuideNextTopic.tsx|src/components/guide/GuidePillarCta.tsx|src/components/guide/GuidePillarFaq.tsx|src/components/guide/GuidePillarRecommend.tsx|src/components/guide/GuidePillarSection.tsx|src/components/guide/GuidePracticalTips.tsx|src/components/guide/GuideQuickFacts.tsx|src/components/guide/GuideRelatedArticlesGrid.tsx|src/components/guide/GuideSectionNav.tsx|src/components/guide/GuideWidgetSlot.tsx|src/components/guide/hub/AirlineRouteCard.tsx|src/components/guide/hub/DomesticAirlinesSection.tsx|src/components/guide/hub/DomesticRoutesMapSection.tsx|src/components/guide/hub/GuideGuidedTransferBlock.tsx|src/components/guide/hub/HubDataTable.tsx|src/components/guide/hub/HubHero.tsx|src/components/guide/hub/HubQuickFactsGrid.tsx|src/components/guide/hub/HubSection.tsx|src/components/guide/hub/HubToc.tsx|src/components/immigration/ImmigrationSectionNav.tsx|src/components/media/ContentSectionImage.tsx|src/components/navigation/PageBreadcrumbs.tsx|src/components/seo/BreadcrumbListJsonLd.tsx|src/components/seo/ContentArticleJsonLd.tsx|src/components/seo/FAQPageJsonLd.tsx|src/components/seo/WebPageJsonLd.tsx|src/components/ui/button.tsx|src/data/guide-hub-kak-dobratsya.ts|src/data/guide-pillar-practical-tips.ts|src/data/guide-pillars/index.ts|src/data/guide-topics.ts|src/lib/article-plain-text.ts|src/lib/build-guide-pillar-toc.ts|src/lib/cms/cms-cutover.ts|src/lib/cms/cms-hreflang.ts|src/lib/cms/cms-page-metadata.ts|src/lib/cms/content-mapper.ts|src/lib/cms/translation-status.ts|src/lib/cn.ts|src/lib/content-heading-id.ts|src/lib/content-json-ld.ts|src/lib/content-pages.ts|src/lib/content-related-links.ts|src/lib/detail-breadcrumbs.ts|src/lib/flights/search-href.ts|src/lib/i18n/config.ts|src/lib/i18n/hreflang.ts|src/lib/media-resolver.ts|src/lib/page-metadata.ts|src/lib/partner-source-result.ts|src/lib/site-container.ts|src/lib/site-search-index.ts|src/lib/supabase/admin.ts|src/types/cms-content.ts|src/types/content-freshness.ts|src/types/content-page.ts|src/types/database.ts|src/types/guide-pillar.ts|src/types/guide-topic.ts|src/types/index.ts","supabase|cms|static_data","content_documents|site_settings","","","","admin|organizer","2","static_source","unknown_db_down"
"a50abec68cf34cb2","/guide/ob-argentine","page","src/app/guide/ob-argentine/page.tsx","src/components/guide/AboutArgentinaView.tsx","src/components/guide/GuidePillarFaq.tsx|src/components/guide/GuideSectionNav.tsx|src/components/guide/hub/HubHero.tsx|src/components/guide/hub/HubSection.tsx|src/components/guide/hub/HubToc.tsx|src/components/knowledge/RelatedKnowledgeSection.tsx|src/components/seo/BreadcrumbListJsonLd.tsx|src/components/seo/ContentArticleJsonLd.tsx|src/components/seo/FAQPageJsonLd.tsx|src/components/seo/WebPageJsonLd.tsx|src/components/travel/ArgentinaTourismInfographic.tsx|src/components/travel/ArgentinaTourismTimeline.tsx|src/data/guide-about-argentina.ts|src/lib/article-plain-text.ts|src/lib/cn.ts|src/lib/content-json-ld.ts|src/lib/detail-breadcrumbs.ts|src/lib/knowledge-internal-links.ts|src/lib/site-container.ts","cms|static_data","","","","","none_detected","2","static_source","unknown_db_down"
"74a987baaa008908","/immigration","page","src/app/immigration/page.tsx","src/components/flights/ImmigrationFlightHint.tsx|src/components/immigration/ImmigrationHubView.tsx|src/components/seo/BreadcrumbListJsonLd.tsx|src/lib/i18n/hreflang.ts|src/lib/i18n/server-locale.ts|src/lib/locale-breadcrumbs.ts|src/lib/media-resolver.ts|src/lib/page-metadata.ts|src/lib/static-page-copy.ts","src/components/flights/FlightPriceTeaserCard.tsx|src/components/guide/GuidePillarCta.tsx|src/components/guide/GuidePillarFaq.tsx|src/components/guide/hub/HubHero.tsx|src/components/guide/hub/HubQuickFactsGrid.tsx|src/components/guide/hub/HubSection.tsx|src/components/guide/hub/HubToc.tsx|src/components/immigration/ImmigrationSectionNav.tsx|src/components/seo/FAQPageJsonLd.tsx|src/components/seo/JsonLdScript.tsx|src/components/seo/WebPageJsonLd.tsx|src/context/LocaleCurrencyContext.tsx|src/data/flight-popular-routes.ts|src/data/immigration-hub-content.ts|src/data/media-library/maps.ts|src/lib/blog-media-path.ts|src/lib/blog-post-image-bindings.ts|src/lib/breadcrumb-json-ld.ts|src/lib/cn.ts|src/lib/flights/hub-price-teasers.ts|src/lib/flights/route-labels.ts|src/lib/flights/teaser-labels.ts|src/lib/i18n.ts|src/lib/i18n/config.ts|src/lib/i18n/locale-path.ts|src/lib/i18n/sync-messages.ts|src/lib/image-provider/image-provider.ts|src/lib/image-provider/local-fallback.ts|src/lib/image-provider/slot-ids.ts|src/lib/image-provider/types.ts|src/lib/immigration-nav-icons.ts|src/lib/media-library/feed-query.ts|src/lib/media/media-cdn.ts|src/lib/schema-json-ld.ts|src/lib/site-brand.ts|src/lib/site-container.ts|src/lib/site-url.ts|src/lib/utils.ts|src/types/locale.ts|src/types/media-asset.ts","cms|travelpayouts|static_data|external_http","","","","/api/exchange-rates","none_detected","2","static_source","unknown_db_down"
"aff446a551ebf794","/immigration/[slug]","page","src/app/immigration/[slug]/page.tsx","src/components/content/ContentPageView.tsx|src/components/immigration/ImmigrationPillarView.tsx|src/lib/content-pages.ts|src/lib/i18n/hreflang.ts|src/lib/immigration-topics.ts|src/lib/media-resolver.ts|src/lib/page-metadata.ts","src/components/content/ContentReadingLayout.tsx|src/components/content/ContentSectionBody.tsx|src/components/content/SharePageLinkButton.tsx|src/components/guide/GuidePillarCta.tsx|src/components/guide/GuidePillarFaq.tsx|src/components/guide/GuidePillarRecommend.tsx|src/components/guide/GuidePillarSection.tsx|src/components/guide/GuideQuickFacts.tsx|src/components/guide/GuideRelatedArticlesGrid.tsx|src/components/guide/hub/HubHero.tsx|src/components/guide/hub/HubSection.tsx|src/components/guide/hub/HubToc.tsx|src/components/immigration/ArgentinaPassportPowerWidget.tsx|src/components/immigration/ImmigrationNextTopic.tsx|src/components/immigration/ImmigrationSectionNav.tsx|src/components/immigration/ImmigrationTopicRichSections.tsx|src/components/media/ContentSectionImage.tsx|src/components/seo/BreadcrumbListJsonLd.tsx|src/components/seo/ContentArticleJsonLd.tsx|src/components/seo/FAQPageJsonLd.tsx|src/components/seo/WebPageJsonLd.tsx|src/components/ui/button.tsx|src/data/guide-content.ts|src/data/immigration-content.ts|src/data/immigration-topics.ts|src/data/media-library/maps.ts|src/lib/blog-media-path.ts|src/lib/blog-post-image-bindings.ts|src/lib/build-guide-pillar-toc.ts|src/lib/cn.ts|src/lib/content-heading-id.ts|src/lib/content-json-ld.ts|src/lib/content-related-links.ts|src/lib/detail-breadcrumbs.ts|src/lib/i18n/locale-path.ts|src/lib/image-provider/image-provider.ts|src/lib/image-provider/local-fallback.ts|src/lib/image-provider/slot-ids.ts|src/lib/image-provider/types.ts|src/lib/media-library/feed-query.ts|src/lib/media/media-cdn.ts|src/lib/site-brand.ts|src/lib/site-container.ts|src/lib/site-search-index.ts|src/lib/site-url.ts|src/types/content-freshness.ts|src/types/content-page.ts|src/types/immigration-topic.ts|src/types/media-asset.ts","cms|static_data","","","","","none_detected","2","static_source","unknown_db_down"
"42ece7b8f4b3a47a","/insurance","page","src/app/insurance/page.tsx","src/components/insurance/InsuranceView.tsx|src/components/seo/WebPageJsonLd.tsx|src/lib/page-metadata.ts|src/lib/travelpayouts/whitelabel/insurance-config.ts","src/components/insurance/InsuranceBenefits.tsx|src/components/insurance/InsuranceWhitelabelWidget.tsx|src/components/seo/JsonLdScript.tsx|src/context/LocaleCurrencyContext.tsx|src/lib/pluralize.ts|src/lib/schema-json-ld.ts|src/lib/site-brand.ts|src/lib/site-container.ts|src/lib/site-url.ts|src/lib/travelpayouts/env.ts|src/lib/utils.ts","cms|travelpayouts|static_data|external_http","","","","/api/exchange-rates","none_detected","2","static_source","unknown_db_down"
"bfad741b8b50e45e","/itineraries","page","src/app/itineraries/page.tsx","src/components/itineraries/ItinerariesIndexView.tsx|src/lib/places-repository.ts","src/data/places-enrichment.ts|src/data/places-planning.ts|src/data/places-seed.ts|src/lib/cn.ts|src/lib/places-mapper.ts|src/lib/places-relations.ts|src/lib/places-urls.ts|src/lib/prisma.ts|src/lib/site-container.ts|src/types/place.ts","prisma|static_data","","","","","none_detected","2","static_source","unknown_db_down"
"78137383d807c986","/itineraries/[slug]","page","src/app/itineraries/[slug]/page.tsx","src/components/itineraries/ItineraryDetailView.tsx|src/components/seo/ItineraryTripJsonLd.tsx|src/components/social-feed/SocialFeed.tsx|src/lib/places-repository.ts","src/components/social-feed/SocialFeedBlock.tsx|src/data/places-enrichment.ts|src/data/places-planning.ts|src/data/places-seed.ts|src/lib/cn.ts|src/lib/content-json-ld.ts|src/lib/places-mapper.ts|src/lib/places-relations.ts|src/lib/places-urls.ts|src/lib/prisma.ts|src/lib/schema-json-ld.ts|src/lib/site-container.ts|src/lib/social-feed/get-feed.ts|src/lib/social-feed/types.ts|src/types/place.ts","prisma|cms|static_data","","","","","none_detected","2","static_source","unknown_db_down"
"348d405cf5abd7ba","/join","page","src/app/join/page.tsx","src/components/join/JoinPageView.tsx|src/lib/media-resolver.ts|src/lib/page-metadata.ts","src/components/contacts/ContactTeamStatus.tsx|src/components/feedback/InlineFeedback.tsx|src/components/ui/button.tsx|src/components/ui/card.tsx|src/components/ui/form-field.tsx|src/components/ui/input.tsx|src/components/ui/textarea.tsx|src/context/AuthContext.tsx|src/context/SiteFeedbackContext.tsx|src/data/join-page.ts|src/data/media-library/maps.ts|src/data/site-contacts.ts|src/lib/auth-redirect.ts|src/lib/blog-media-path.ts|src/lib/blog-post-image-bindings.ts|src/lib/cn.ts|src/lib/image-provider/image-provider.ts|src/lib/image-provider/local-fallback.ts|src/lib/image-provider/slot-ids.ts|src/lib/image-provider/types.ts|src/lib/media-library/feed-query.ts|src/lib/media/media-cdn.ts|src/lib/site-brand.ts|src/lib/site-container.ts|src/lib/site-feedback/normalize-error.ts|src/lib/site-url.ts|src/styles/design-tokens.ts|src/types/media-asset.ts|src/types/site-feedback.ts|src/types/user.ts","supabase|static_data|external_http","profiles","","","/api/organizer-applications","authenticated|organizer","2","static_source","unknown_db_down"
"89f78bb3640dedc0","/landing/[slug]","page","src/app/landing/[slug]/page.tsx","src/components/content/ContentPageView.tsx|src/components/i18n/TranslationPreparingBanner.tsx|src/lib/cms/cms-hreflang.ts|src/lib/cms/cms-page-metadata.ts|src/lib/cms/content-resolver.ts|src/lib/cms/landing-resolver.ts|src/lib/cms/public-read-result.ts|src/lib/i18n/server-locale.ts","src/components/content/ContentReadingLayout.tsx|src/components/content/ContentSectionBody.tsx|src/components/content/SharePageLinkButton.tsx|src/components/immigration/ImmigrationSectionNav.tsx|src/components/seo/BreadcrumbListJsonLd.tsx|src/components/seo/ContentArticleJsonLd.tsx|src/components/ui/button.tsx|src/lib/cms/content-mapper.ts|src/lib/cms/translation-status.ts|src/lib/cn.ts|src/lib/content-heading-id.ts|src/lib/content-json-ld.ts|src/lib/content-pages.ts|src/lib/content-related-links.ts|src/lib/detail-breadcrumbs.ts|src/lib/i18n/config.ts|src/lib/i18n/locale-path.ts|src/lib/page-metadata.ts|src/lib/partner-source-result.ts|src/lib/site-container.ts|src/lib/site-url.ts|src/lib/supabase/admin.ts|src/types/cms-content.ts|src/types/content-freshness.ts|src/types/content-page.ts|src/types/database.ts","supabase|cms|static_data","content_documents","","","","admin","2","static_source","unknown_db_down"
"d4e795e003a4213a","/legal/[slug]","page","src/app/legal/[slug]/page.tsx","src/components/i18n/TranslationPreparingBanner.tsx|src/components/legal/LegalPageView.tsx|src/components/seo/BreadcrumbListJsonLd.tsx|src/lib/cms/cms-hreflang.ts|src/lib/cms/cms-page-metadata.ts|src/lib/cms/content-resolver.ts|src/lib/cms/legal-resolver.ts|src/lib/i18n/server-locale.ts","src/components/content/ContentSectionBody.tsx|src/components/seo/JsonLdScript.tsx|src/data/legal-content.ts|src/lib/breadcrumb-json-ld.ts|src/lib/cms/content-mapper.ts|src/lib/cms/public-read-result.ts|src/lib/cms/translation-status.ts|src/lib/cn.ts|src/lib/i18n/config.ts|src/lib/i18n/locale-path.ts|src/lib/page-metadata.ts|src/lib/schema-json-ld.ts|src/lib/site-container.ts|src/lib/site-url.ts|src/lib/supabase/admin.ts|src/types/cms-content.ts|src/types/database.ts","supabase|cms|static_data","content_documents","","","","admin","2","static_source","unknown_db_down"
"30282ebd785b5430","/maintenance","page","src/app/maintenance/page.tsx","src/components/maintenance/MaintenanceComingSoonView.tsx|src/lib/i18n/server-locale.ts|src/lib/maintenance-page.ts|src/lib/site-settings-server.ts","src/components/maintenance/MaintenanceCountdown.tsx|src/data/site-contacts.ts|src/lib/cms/site-globals/locale-resolve.ts|src/lib/cms/site-globals/normalize.ts|src/lib/cn.ts|src/lib/i18n/config.ts|src/lib/maintenance-countdown.ts|src/lib/media-resolver.ts|src/lib/site-settings-edge.ts|src/lib/supabase/admin.ts|src/types/database.ts|src/types/site-globals.ts","supabase|cms|static_data|external_http","site_settings","","","","admin|cron_secret","2","static_source","unknown_db_down"
"f2c9859c72e37e6d","/map","page","src/app/map/page.tsx","","","none_detected","","","","","none_detected","2","static_source","unknown_db_down"
"fe0bfd22097d60d9","/mapa-argentina","page","src/app/mapa-argentina/page.tsx","src/components/map/MapaArgentinaClient.tsx|src/components/seo/BreadcrumbListJsonLd.tsx|src/components/seo/WebPageJsonLd.tsx|src/lib/i18n/hreflang.ts|src/lib/map-argentina-url-state.ts|src/lib/map-objects-server.ts|src/lib/page-metadata.ts","src/components/map/ArgentinaMapFullscreenHub.tsx|src/components/seo/JsonLdScript.tsx|src/data/argentina-airports.ts|src/data/argentina-flight-routes.ts|src/data/argentina-national-parks.ts|src/data/argentina-transport-hubs.ts|src/data/marketplace-tours-server.ts|src/data/media-library/maps.ts|src/data/places-seed.ts|src/data/tour-routes.ts|src/lib/argentina-cities.ts|src/lib/breadcrumb-json-ld.ts|src/lib/excursion-server.ts|src/lib/i18n/locale-path.ts|src/lib/map-basemap-themes.ts|src/lib/map-discovery.ts|src/lib/map-kb-attractions.ts|src/lib/map-overlay-layers.ts|src/lib/map-search.ts|src/lib/map-supplementary-cities.ts|src/lib/map-thematic-layers.ts|src/lib/map-types.ts|src/lib/media-resolver.ts|src/lib/places-readiness.ts|src/lib/places-repository.ts|src/lib/schema-json-ld.ts|src/lib/site-brand.ts|src/lib/site-url.ts|src/lib/supabase/admin.ts|src/lib/supabase/env.ts|src/lib/tour-map.ts|src/types/excursion.ts|src/types/index.ts|src/types/place.ts","supabase|cms|tripster|sputnik8|static_data|external_http","map_object_curation","","","","admin|organizer","2","static_source","unknown_db_down"
"f13baf74aabbc826","/mobility","page","src/app/mobility/page.tsx","src/components/mobility/MobilityCatalogClient.tsx|src/lib/mobility/module-policy-server.ts|src/types/mobility.ts","src/components/feedback/InlineFeedback.tsx|src/components/forms/TurnstileField.tsx|src/components/ui/button.tsx|src/components/ui/empty-state.tsx|src/components/ui/form-field.tsx|src/components/ui/input.tsx|src/components/ui/textarea.tsx|src/lib/mobility/provider-registry.ts|src/lib/site-settings-server.ts","supabase|cms|external_http","site_settings","","","/api/mobility/handoff|/api/mobility/requests","admin","2","static_source","unknown_db_down"
"90d35e32a7fa7fd5","/organizer","page","src/app/organizer/page.tsx","src/app/organizer/OrganizerDashboardPageClient.tsx","src/components/organizer/OrganizerDashboardView.tsx|src/components/organizer/OrganizerShell.tsx","none_detected","","","","","organizer","2","static_source","unknown_db_down"
"d8ac84429a1a0460","/organizer/analytics","page","src/app/organizer/analytics/page.tsx","src/app/organizer/analytics/OrganizerAnalyticsPageClient.tsx","src/components/organizer/OrganizerAnalyticsView.tsx|src/components/organizer/OrganizerShell.tsx","none_detected","","","","","organizer","2","static_source","unknown_db_down"
"770559c799ef96a7","/organizer/apartments","page","src/app/organizer/apartments/page.tsx","src/components/apartments/ApartmentManagerView.tsx|src/components/organizer/OrganizerShell.tsx|src/lib/private-page-metadata.ts","src/components/admin/CmsMediaPathField.tsx|src/components/apartments/ApartmentInquiryInbox.tsx|src/components/auth/AccessGate.tsx|src/components/feedback/InlineFeedback.tsx|src/components/organizer/OrganizerSidebar.tsx|src/components/ui/button.tsx|src/components/ui/empty-state.tsx|src/components/ui/form-field.tsx|src/components/ui/input.tsx|src/components/ui/native-select.tsx|src/components/ui/textarea.tsx|src/context/AuthContext.tsx|src/lib/cabinet-ui.ts|src/lib/cn.ts|src/lib/permissions.ts|src/lib/site-container.ts|src/types/apartments.ts|src/types/user.ts","supabase|static_data|external_http","profiles","","","/api/notifications?scope=organizer&limit=1","admin|admin|organizer|authenticated|organizer","2","static_source","unknown_db_down"
"29162e0e768a8b2a","/organizer/articles","page","src/app/organizer/articles/page.tsx","src/app/organizer/articles/OrganizerArticlesPageClient.tsx","src/components/organizer/OrganizerArticlesListClient.tsx|src/components/organizer/OrganizerShell.tsx|src/components/ui/skeleton.tsx|src/lib/cabinet-ui.ts|src/lib/cn.ts","cms|external_http","","","","/api/organizer/articles","organizer","2","static_source","unknown_db_down"
"862f343b5bca2027","/organizer/articles/[id]/edit","page","src/app/organizer/articles/[id]/edit/page.tsx","src/app/organizer/articles/[id]/edit/OrganizerArticleEditPageClient.tsx","src/components/organizer/OrganizerArticleEditorView.tsx|src/components/organizer/OrganizerShell.tsx","cms|external_http","","","","","admin|organizer|organizer","2","static_source","unknown_db_down"
"a02ecd973f531f8f","/organizer/articles/[id]/preview","page","src/app/organizer/articles/[id]/preview/page.tsx","src/components/organizer/OrganizerArticlePreviewView.tsx","src/components/admin/cms/CmsDocumentPreviewContent.tsx|src/components/admin/cms/CmsPreviewBanner.tsx|src/lib/cms/cms-preview.ts|src/types/cms-content.ts","cms|static_data|external_http","","","","","admin|organizer|organizer","2","static_source","unknown_db_down"
"8265dc78324d522a","/organizer/bookings","page","src/app/organizer/bookings/page.tsx","src/app/organizer/bookings/OrganizerBookingsPageClient.tsx","src/components/organizer/OrganizerBookingsView.tsx|src/components/organizer/OrganizerShell.tsx","static_data","","","","","organizer","2","static_source","unknown_db_down"
"455def53d42e8f37","/organizer/bookings/[id]","page","src/app/organizer/bookings/[id]/page.tsx","src/app/organizer/bookings/[id]/OrganizerBookingDetailPageClient.tsx","src/components/organizer/OrganizerBookingDetailView.tsx|src/components/organizer/OrganizerShell.tsx","static_data","","","","","organizer","2","static_source","unknown_db_down"
"be45c793b0789d9c","/organizer/finance","page","src/app/organizer/finance/page.tsx","src/app/organizer/finance/OrganizerFinancePageClient.tsx","src/components/organizer/OrganizerFinanceView.tsx|src/components/organizer/OrganizerShell.tsx","external_http","","","","","admin|organizer|organizer","2","static_source","unknown_db_down"
"a6d24df5265a33d9","/organizer/group-trips","page","src/app/organizer/group-trips/page.tsx","src/app/organizer/group-trips/OrganizerGroupTripsPageClient.tsx","src/components/organizer/OrganizerGroupTripsView.tsx|src/components/organizer/OrganizerShell.tsx","none_detected","","","","","organizer","2","static_source","unknown_db_down"
"2b361a5896fa795a","/organizer/integrations","page","src/app/organizer/integrations/page.tsx","src/app/organizer/integrations/OrganizerIntegrationsPageClient.tsx","src/components/organizer/OrganizerIntegrationsView.tsx|src/components/organizer/OrganizerShell.tsx","supabase|external_http","","","","/api/organizer/api-keys|/api/organizer/webhooks","organizer|organizer|webhook_signature|rate_limit","2","static_source","unknown_db_down"
"b0e63cebde6d17ce","/organizer/messages","page","src/app/organizer/messages/page.tsx","src/components/messages/MessagesInboxView.tsx|src/components/organizer/OrganizerShell.tsx","src/components/auth/AccessGate.tsx|src/components/organizer/OrganizerSidebar.tsx|src/components/ui/button.tsx|src/components/ui/empty-state.tsx|src/components/ui/textarea.tsx|src/context/AuthContext.tsx|src/hooks/useConversationInboxRealtime.ts|src/hooks/useConversationRealtime.ts|src/lib/booking-display.ts|src/lib/bookings-api.ts|src/lib/bookings-store.ts|src/lib/cabinet-ui.ts|src/lib/cn.ts|src/lib/conversations-api.ts|src/lib/messages-store.ts|src/lib/permissions.ts|src/lib/site-container.ts|src/lib/tours.ts|src/types/conversations.ts|src/types/messages.ts|src/types/tourist.ts|src/types/user.ts","supabase|tripster|youtravel|static_data|external_http","profiles","","","/api/bookings|/api/bookings/attach-guest|/api/bookings/lookup|/api/bookings/lookup/results|/api/bookings/lookup/verify|/api/notifications?scope=organizer&limit=1|/api/organizer/bookings|/api/payments/sandbox-mode|/api/tripster/booking-request|/api/youtravel/booking-request","admin|organizer|authenticated|cron_secret|organizer","2","static_source","unknown_db_down"
"85bf3fa12cac80d0","/organizer/mobility","page","src/app/organizer/mobility/page.tsx","src/components/mobility/MobilityInventoryWorkspace.tsx","src/components/feedback/InlineFeedback.tsx|src/components/mobility/MobilityRequestInbox.tsx|src/components/ui/button.tsx|src/components/ui/empty-state.tsx|src/components/ui/form-field.tsx|src/components/ui/input.tsx|src/components/ui/native-select.tsx|src/components/ui/textarea.tsx|src/lib/cabinet-ui.ts|src/lib/cn.ts|src/types/mobility.ts","external_http","","","","/api/organizer/mobility/documents","admin|organizer","2","static_source","unknown_db_down"
"4cdd8cb510d19ed1","/organizer/payments","page","src/app/organizer/payments/page.tsx","src/app/organizer/payments/OrganizerPaymentsPageClient.tsx","src/components/organizer/OrganizerPaymentsView.tsx|src/components/organizer/OrganizerShell.tsx","none_detected","","","","","organizer","2","static_source","unknown_db_down"
"141015a6e9816778","/organizer/reviews","page","src/app/organizer/reviews/page.tsx","src/app/organizer/reviews/OrganizerReviewsPageClient.tsx","src/components/organizer/OrganizerReviewsView.tsx|src/components/organizer/OrganizerShell.tsx","external_http","","","","/api/organizer/reviews","organizer","2","static_source","unknown_db_down"
"b22a4ce15863c03b","/organizer/settings","page","src/app/organizer/settings/page.tsx","src/app/organizer/settings/OrganizerSettingsPageClient.tsx","src/components/organizer/OrganizerSettingsView.tsx|src/components/organizer/OrganizerShell.tsx","none_detected","","","","","organizer","2","static_source","unknown_db_down"
"f976f688b1cbc570","/organizer/tours","page","src/app/organizer/tours/page.tsx","src/app/organizer/tours/OrganizerToursPageClient.tsx","src/components/organizer/OrganizerShell.tsx|src/components/organizer/OrganizerToursView.tsx|src/components/ui/skeleton.tsx|src/lib/cabinet-ui.ts|src/lib/cn.ts","static_data","","","","","organizer","2","static_source","unknown_db_down"
"e1e574e56d32bb7f","/organizer/tours/[id]/edit","page","src/app/organizer/tours/[id]/edit/page.tsx","src/app/organizer/tours/[id]/edit/OrganizerTourEditorPageClient.tsx|src/data/organizer-tours.ts","src/components/organizer/OrganizerShell.tsx|src/components/organizer/OrganizerTourEditorView.tsx|src/lib/media-resolver.ts|src/types/organizer-tour.ts|src/types/user.ts","static_data","","","","","organizer|organizer|authenticated","2","static_source","unknown_db_down"
"467226d88b8e0572","/organizer/tours/[id]/preview","page","src/app/organizer/tours/[id]/preview/page.tsx","src/app/organizer/tours/[id]/preview/OrganizerTourPreviewPageClient.tsx|src/data/organizer-tours.ts","src/components/auth/AccessGate.tsx|src/components/organizer/OrganizerTourPreviewView.tsx|src/context/AuthContext.tsx|src/lib/media-resolver.ts|src/lib/permissions.ts|src/lib/site-container.ts|src/types/organizer-tour.ts|src/types/user.ts","supabase|static_data","profiles","","","","admin|organizer|authenticated|organizer","2","static_source","unknown_db_down"
"9becd6dcd18506ce","/organizer/waitlist/[id]","page","src/app/organizer/waitlist/[id]/page.tsx","src/app/organizer/waitlist/[id]/OrganizerWaitlistDetailPageClient.tsx","src/components/organizer/OrganizerShell.tsx|src/components/organizer/OrganizerWaitlistDetailView.tsx","static_data","","","","","organizer","2","static_source","unknown_db_down"
"38125cdfb45ca72c","/organizers/[slug]","page","src/app/organizers/[slug]/page.tsx","src/components/organizer-public/OrganizerPublicView.tsx|src/data/marketplace-tours-server.ts|src/data/public-organizers.ts|src/lib/organizer-public-routing.ts|src/lib/organizer-public.ts|src/lib/page-metadata.ts","src/components/auth/UserAvatar.tsx|src/components/marketplace/MarketplaceTourCard.tsx|src/components/ui/button.tsx|src/components/ui/empty-state.tsx|src/data/organizer-canonical-stats.ts|src/hooks/useRepositoryTourListings.ts|src/lib/catalog-stats.ts|src/lib/full-name.ts|src/lib/organizer-experience-enrich.ts|src/lib/organizer-experience.ts|src/lib/organizer-profile-store.ts|src/lib/organizer-tour-store.ts|src/lib/partner-tours/offer-quality.ts|src/lib/pluralize.ts|src/lib/site-brand.ts|src/lib/site-container.ts|src/lib/site-url.ts|src/lib/tour-contact.ts|src/lib/tour-public-display.ts|src/lib/tour-repository.ts|src/lib/tripster/partner-tour-utils.ts|src/types/index.ts|src/types/organizer-profile.ts|src/types/tour.ts|src/types/user.ts","tripster|youtravel|static_data","","","","","admin|organizer","2","static_source","unknown_db_down"
"d9c4bcafd8263fdb","/places","page","src/app/places/page.tsx","src/components/places/PlacesCatalog.tsx|src/components/seo/BreadcrumbListJsonLd.tsx|src/components/seo/CatalogItemListJsonLd.tsx|src/components/seo/PlacesCatalogSeoLinks.tsx|src/components/seo/WebPageJsonLd.tsx|src/lib/catalog-json-ld.ts|src/lib/cms/place-resolver.ts|src/lib/i18n/server-locale.ts|src/lib/locale-breadcrumbs.ts|src/lib/places-catalog-filters.ts|src/lib/places-catalog-seo.ts|src/lib/places-repository.ts","src/components/marketplace/CatalogActiveFilterChips.tsx|src/components/places/PlaceCard.tsx|src/components/places/PlaceSearchPanel.tsx|src/components/places/PlacesFeaturedCollections.tsx|src/components/places/PlacesRegionExplorer.tsx|src/components/seo/JsonLdScript.tsx|src/components/ui/empty-state.tsx|src/context/LocaleCurrencyContext.tsx|src/data/destination-pages.ts|src/data/places-enrichment.ts|src/data/places-planning.ts|src/data/places-seed.ts|src/lib/breadcrumb-json-ld.ts|src/lib/cms/cms-cutover.ts|src/lib/cms/content-resolver.ts|src/lib/cms/place-listing-from-cms.ts|src/lib/cms/public-read-result.ts|src/lib/cms/translation-status.ts|src/lib/cn.ts|src/lib/destinations.ts|src/lib/i18n.ts|src/lib/i18n/config.ts|src/lib/i18n/hreflang.ts|src/lib/i18n/sync-messages.ts|src/lib/media-resolver.ts|src/lib/places-filter-chips.ts|src/lib/places-mapper.ts|src/lib/places-region-stats.ts|src/lib/places-relations.ts|src/lib/places-urls.ts|src/lib/prisma.ts|src/lib/schema-json-ld.ts|src/lib/site-container.ts|src/lib/site-url.ts|src/types/cms-content.ts|src/types/excursion.ts|src/types/index.ts|src/types/place.ts","supabase|prisma|cms|static_data|external_http","content_documents|site_settings","","","/api/exchange-rates","admin|organizer","2","static_source","unknown_db_down"
"6346a1fe31cbd99f","/places/[slug]","page","src/app/places/[slug]/page.tsx","src/components/content/CmsContentSections.tsx|src/components/i18n/TranslationPreparingBanner.tsx|src/components/places/PlaceDetailView.tsx|src/components/seo/BreadcrumbListJsonLd.tsx|src/components/seo/FAQPageJsonLd.tsx|src/components/seo/PlaceJsonLd.tsx|src/components/social-feed/SocialFeed.tsx|src/data/marketplace-tours-server.ts|src/lib/cms-content-cross-links.ts|src/lib/cms/cms-hreflang.ts|src/lib/cms/cms-page-metadata.ts|src/lib/cms/content-resolver.ts|src/lib/cms/place-resolver.ts|src/lib/detail-breadcrumbs.ts|src/lib/i18n/server-locale.ts|src/lib/knowledge-internal-links.ts|src/lib/media-resolver.ts|src/lib/places-urls.ts|src/lib/public-tour-resolver.ts","src/components/content/ContentSectionBody.tsx|src/components/embed/TourEmbedSection.tsx|src/components/knowledge/RelatedKnowledgeSection.tsx|src/components/navigation/PageBreadcrumbs.tsx|src/components/places/PlaceDetailContentSections.tsx|src/components/places/PlaceFavoriteButton.tsx|src/components/places/PlaceTransportMapSection.tsx|src/components/places/RelatedPlacesSection.tsx|src/components/seo/JsonLdScript.tsx|src/components/shared/DetailPhotoGallery.tsx|src/components/social-feed/SocialFeedBlock.tsx|src/data/blog.ts|src/data/destination-pages.ts|src/data/guide-about-argentina.ts|src/data/knowledge-graph/entities.ts|src/data/knowledge-graph/relations.ts|src/data/media-library/maps.ts|src/data/places-enrichment.ts|src/data/places-seed.ts|src/lib/blog-media-path.ts|src/lib/blog-post-image-bindings.ts|src/lib/breadcrumb-json-ld.ts|src/lib/catalog-country-relevance.ts|src/lib/catalog-rest-circuit.ts|src/lib/cms/cms-cutover.ts|src/lib/cms/content-mapper.ts|src/lib/cms/place-listing-from-cms.ts|src/lib/cms/public-read-result.ts|src/lib/cms/translation-status.ts|src/lib/cn.ts|src/lib/content-pages.ts|src/lib/destinations.ts|src/lib/favorite-button-styles.ts|src/lib/guide-topics.ts|src/lib/i18n/config.ts|src/lib/i18n/locale-path.ts|src/lib/image-provider/image-provider.ts|src/lib/image-provider/local-fallback.ts|src/lib/image-provider/slot-ids.ts|src/lib/image-provider/types.ts|src/lib/locale-breadcrumbs.ts|src/lib/media-library/feed-query.ts|src/lib/media/media-cdn.ts|src/lib/page-metadata.ts|src/lib/partner-source-result.ts|src/lib/partner-tours/offer-quality.ts|src/lib/places-catalog-filters.ts|src/lib/places-repository.ts|src/lib/places-seo.ts|src/lib/places-tour-match.ts|src/lib/reviews-server.ts|src/lib/schema-json-ld.ts|src/lib/site-container.ts|src/lib/site-url.ts|src/lib/social-feed/get-feed.ts|src/lib/social-feed/types.ts|src/lib/supabase/admin.ts|src/lib/tour-place-match.ts|src/lib/tour-review-stats.ts|src/lib/tours-server-cutover.ts|src/lib/tripster/partner-tour-server.ts|src/lib/tripster/partner-tour-utils.ts|src/lib/youtravel/partner-tour-mapper.ts|src/lib/youtravel/partner-tour-server.ts|src/types/cms-content.ts|src/types/content-page.ts|src/types/database.ts|src/types/index.ts|src/types/media-asset.ts|src/types/place.ts","supabase|cms|tripster|youtravel|static_data","content_documents|moderation_queue|profiles|review_reports|site_settings|tourist_reviews","","","","admin|admin|organizer|organizer","2","static_source","unknown_db_down"
"3ab4869428d71c44","/podbor","page","src/app/podbor/page.tsx","src/data/marketplace-tours-server.ts|src/lib/page-metadata.ts","src/lib/partner-tours/offer-quality.ts|src/lib/site-brand.ts|src/lib/site-url.ts|src/lib/tripster/partner-tour-utils.ts|src/types/index.ts","tripster|static_data","","","","","admin|organizer","2","static_source","unknown_db_down"
"b6e7a21c616b66dd","/profile","page","src/app/profile/page.tsx","src/components/FormattedPrice.tsx|src/components/booking/BookingStatusBadge.tsx|src/components/personalization/PersonalizedRecommendationsSection.tsx|src/components/profile/BookingReviewCta.tsx|src/components/profile/ProfileDashboardWidgets.tsx|src/components/profile/ProfileNextBestAction.tsx|src/components/profile/ProfileNotifications.tsx|src/components/profile/ProfileQuickActions.tsx|src/components/ui/empty-state.tsx|src/context/AuthContext.tsx|src/lib/blog-reading-history-sync.ts|src/lib/booking-display.ts|src/lib/cabinet-ui.ts|src/lib/cn.ts|src/lib/messages-store.ts|src/lib/tourist-dashboard.ts|src/types/tourist.ts","src/components/auth/AuthQueryHandler.tsx|src/components/auth/FavoriteAuthSuccessListener.tsx|src/components/excursions/ExcursionCard.tsx|src/components/marketplace/MarketplaceTourCard.tsx|src/components/ui/button.tsx|src/components/workspace/ActionQueue.tsx|src/context/LocaleCurrencyContext.tsx|src/context/UserExperienceContext.tsx|src/data/booking-statuses.ts|src/hooks/useFavoriteTour.ts|src/lib/auth-mode.ts|src/lib/auth-provider.ts|src/lib/blog-reading-history-cookie.ts|src/lib/blog-reading-history.ts|src/lib/booking-attach-client.ts|src/lib/bookings-store.ts|src/lib/currency.ts|src/lib/exchange-rates.ts|src/lib/favorites-store.ts|src/lib/full-name.ts|src/lib/monitoring/sentry.ts|src/lib/notifications/index.ts|src/lib/notifications/notifications-api.ts|src/lib/organizer-tour-store.ts|src/lib/payments/checkout-currency.ts|src/lib/permissions.ts|src/lib/profile-mapper.ts|src/lib/reviews-store.ts|src/lib/site-container.ts|src/lib/tour-public-display.ts|src/lib/tourist-review-cta.ts|src/lib/tours.ts|src/lib/utils.ts|src/types/auth.ts|src/types/booking-attribution.ts|src/types/booking-params.ts|src/types/booking-payment.ts|src/types/excursion.ts|src/types/index.ts|src/types/locale.ts|src/types/messages.ts|src/types/notifications-hub.ts|src/types/trip-operations.ts|src/types/user-experience.ts|src/types/user.ts","supabase|tripster|youtravel|static_data|external_http","profiles","","","/api/auth/experience|/api/auth/workspace|/api/blog/reading-history|/api/exchange-rates|/api/favorites|/api/notifications|/api/notifications/preferences|/api/recommendations?type=all&limit=6|/api/reviews","admin|organizer|authenticated|cron_secret|organizer","2","static_source","unknown_db_down"
"2423be08f6c879ff","/profile/bookings","page","src/app/profile/bookings/page.tsx","src/components/FormattedPrice.tsx|src/components/booking/BookingStatusBadge.tsx|src/components/feedback/InlineFeedback.tsx|src/components/profile/BookingListSkeleton.tsx|src/components/profile/BookingReviewCta.tsx|src/components/profile/ProfileWaitlistSection.tsx|src/components/ui/empty-state.tsx|src/context/AuthContext.tsx|src/lib/booking-datetime.ts|src/lib/booking-display.ts|src/lib/bookings-api.ts|src/lib/bookings-store.ts|src/lib/cabinet-ui.ts|src/lib/cn.ts|src/lib/messages-store.ts|src/lib/youtravel/booking-status.ts|src/types/tourist.ts|src/types/tripster-booking.ts|src/types/youtravel-booking.ts","src/components/auth/AuthQueryHandler.tsx|src/components/auth/FavoriteAuthSuccessListener.tsx|src/components/tour-detail/checkout/types.ts|src/components/ui/button.tsx|src/components/ui/skeleton.tsx|src/components/waitlist/WaitlistStatusBadge.tsx|src/context/LocaleCurrencyContext.tsx|src/data/booking-statuses.ts|src/data/waitlist-statuses.ts|src/hooks/useFavoriteTour.ts|src/lib/auth-mode.ts|src/lib/auth-provider.ts|src/lib/blog-reading-history-sync.ts|src/lib/booking-attach-client.ts|src/lib/booking-create-command.ts|src/lib/booking-params.ts|src/lib/booking-payment-display.ts|src/lib/booking-payment-link.ts|src/lib/booking-payment.ts|src/lib/booking-state-machine.ts|src/lib/booking-travelers.ts|src/lib/bookings-demo-seeds-active.ts|src/lib/bookings-notify-client.ts|src/lib/currency.ts|src/lib/exchange-rates.ts|src/lib/favorites-store.ts|src/lib/full-name.ts|src/lib/guest-booking.ts|src/lib/monitoring/sentry.ts|src/lib/notifications/index.ts|src/lib/organizer-tour-store.ts|src/lib/payments/checkout-currency.ts|src/lib/permissions.ts|src/lib/profile-mapper.ts|src/lib/tour-repository.ts|src/lib/tour-slug.ts|src/lib/tourist-review-cta.ts|src/lib/tours.ts|src/lib/trip-operations.ts|src/lib/utils.ts|src/lib/waitlist-store.ts|src/types/auth.ts|src/types/booking-attribution.ts|src/types/booking-params.ts|src/types/booking-payment.ts|src/types/index.ts|src/types/locale.ts|src/types/messages.ts|src/types/payment-platform.ts|src/types/platform-commission.ts|src/types/site-feedback.ts|src/types/trip-operations.ts|src/types/user.ts|src/types/waitlist.ts","supabase|tripster|youtravel|static_data|external_http","profiles","","","/api/blog/reading-history|/api/bookings|/api/bookings/attach-guest|/api/bookings/lookup|/api/bookings/lookup/results|/api/bookings/lookup/verify|/api/exchange-rates|/api/favorites|/api/organizer/bookings|/api/payments/sandbox-mode|/api/reviews|/api/tripster/booking-request|/api/youtravel/booking-request","admin|cron_secret|admin|organizer|authenticated|cron_secret|organizer","2","static_source","unknown_db_down"
"8a0957b22b9dd29f","/profile/bookings/[id]","page","src/app/profile/bookings/[id]/page.tsx","src/components/booking/BookingTouristDetailView.tsx","src/components/FormattedPrice.tsx|src/components/booking/BookingOrganizerCommentsJournal.tsx|src/components/booking/BookingPaymentReceiptSection.tsx|src/components/booking/BookingPaymentStatusBadge.tsx|src/components/booking/BookingPaymentStatusTimeline.tsx|src/components/booking/BookingProgressSteps.tsx|src/components/booking/BookingRefundRequestSection.tsx|src/components/booking/BookingSandboxPaymentButton.tsx|src/components/booking/BookingStatusBadge.tsx|src/components/booking/BookingStatusTimeline.tsx|src/components/feedback/InlineFeedback.tsx|src/components/messages/ConversationPanel.tsx|src/components/trip-prep/TripPrepHub.tsx|src/components/ui/button.tsx|src/context/AuthContext.tsx|src/context/SiteFeedbackContext.tsx|src/lib/booking-datetime.ts|src/lib/booking-display.ts|src/lib/booking-params.ts|src/lib/booking-payment-display.ts|src/lib/bookings-api.ts|src/lib/bookings-store.ts|src/lib/cn.ts|src/lib/site-feedback/normalize-error.ts|src/types/payment-platform.ts|src/types/site-feedback.ts|src/types/tourist.ts","supabase|tripster|youtravel|static_data|external_http","profiles","","","/api/bookings|/api/bookings/attach-guest|/api/bookings/lookup|/api/bookings/lookup/results|/api/bookings/lookup/verify|/api/organizer/bookings|/api/payments/sandbox-mode|/api/tripster/booking-request|/api/youtravel/booking-request","admin|cron_secret|authenticated|cron_secret|organizer","2","static_source","unknown_db_down"
"47002c37742ac554","/profile/favorites","page","src/app/profile/favorites/page.tsx","src/components/FormattedPrice.tsx|src/components/excursions/ExcursionFavoriteButton.tsx|src/components/places/PlaceFavoriteButton.tsx|src/components/profile/FavoriteButton.tsx|src/components/profile/ProfileSavedArticlesPanel.tsx|src/context/AuthContext.tsx|src/context/LocaleCurrencyContext.tsx|src/hooks/useSavedArticles.ts|src/lib/cabinet-ui.ts|src/lib/cn.ts|src/lib/favorite-button-styles.ts|src/lib/favorite-href.ts|src/lib/favorites-store.ts|src/types/tourist.ts","src/components/auth/AuthQueryHandler.tsx|src/components/auth/FavoriteAuthSuccessListener.tsx|src/components/ui/FavoriteHeartIcon.tsx|src/data/locale-config.ts|src/hooks/useFavoriteTour.ts|src/lib/auth-mode.ts|src/lib/auth-provider.ts|src/lib/blog-reading-history-sync.ts|src/lib/booking-attach-client.ts|src/lib/currency.ts|src/lib/exchange-rates.ts|src/lib/full-name.ts|src/lib/i18n.ts|src/lib/i18n/locale-path.ts|src/lib/i18n/sync-messages.ts|src/lib/media/media-cdn.ts|src/lib/monitoring/sentry.ts|src/lib/payments/checkout-currency.ts|src/lib/permissions.ts|src/lib/profile-mapper.ts|src/lib/saved-articles-store.ts|src/lib/saved-articles-sync.ts|src/types/auth.ts|src/types/booking-attribution.ts|src/types/booking-params.ts|src/types/booking-payment.ts|src/types/excursion.ts|src/types/index.ts|src/types/locale.ts|src/types/place.ts|src/types/trip-operations.ts|src/types/user.ts","supabase|static_data|external_http","profiles","","","/api/blog/reading-history|/api/exchange-rates|/api/favorites|/api/saved-articles","admin|organizer|authenticated|cron_secret|organizer","2","static_source","unknown_db_down"
"aa37d1dbdbab7c2a","/profile/group-trips","page","src/app/profile/group-trips/page.tsx","src/components/group-trips/ProfileGroupTripsView.tsx","src/components/group-trips/GroupTripCard.tsx|src/context/AuthContext.tsx|src/lib/cabinet-ui.ts|src/lib/group-trips-api.ts|src/types/group-trips.ts","supabase|external_http","profiles","","","/api/group-trips","authenticated|organizer","2","static_source","unknown_db_down"
"531c0e2853595f46","/profile/messages","page","src/app/profile/messages/page.tsx","src/components/messages/MessagesInboxView.tsx","src/components/ui/button.tsx|src/components/ui/empty-state.tsx|src/components/ui/textarea.tsx|src/context/AuthContext.tsx|src/hooks/useConversationInboxRealtime.ts|src/hooks/useConversationRealtime.ts|src/lib/booking-display.ts|src/lib/bookings-api.ts|src/lib/bookings-store.ts|src/lib/cabinet-ui.ts|src/lib/cn.ts|src/lib/conversations-api.ts|src/lib/messages-store.ts|src/lib/tours.ts|src/types/conversations.ts|src/types/messages.ts|src/types/tourist.ts","supabase|tripster|youtravel|external_http","profiles","","","/api/bookings|/api/bookings/attach-guest|/api/bookings/lookup|/api/bookings/lookup/results|/api/bookings/lookup/verify|/api/organizer/bookings|/api/payments/sandbox-mode|/api/tripster/booking-request|/api/youtravel/booking-request","authenticated|cron_secret|organizer","2","static_source","unknown_db_down"
"ca1313839d96e5db","/profile/orders","page","src/app/profile/orders/page.tsx","src/components/FormattedPrice.tsx|src/components/shop/ShopOrderStatusBadge.tsx|src/components/ui/empty-state.tsx|src/context/AuthContext.tsx|src/lib/booking-datetime.ts|src/lib/cabinet-ui.ts|src/lib/shop-order-api.ts|src/types/shop-order.ts","src/components/auth/AuthQueryHandler.tsx|src/components/auth/FavoriteAuthSuccessListener.tsx|src/components/ui/button.tsx|src/context/LocaleCurrencyContext.tsx|src/hooks/useFavoriteTour.ts|src/lib/auth-mode.ts|src/lib/auth-provider.ts|src/lib/blog-reading-history-sync.ts|src/lib/booking-attach-client.ts|src/lib/cn.ts|src/lib/currency.ts|src/lib/exchange-rates.ts|src/lib/favorites-store.ts|src/lib/full-name.ts|src/lib/monitoring/sentry.ts|src/lib/permissions.ts|src/lib/profile-mapper.ts|src/types/auth.ts|src/types/locale.ts|src/types/user.ts","supabase|static_data|external_http","profiles","","","/api/blog/reading-history|/api/exchange-rates|/api/favorites|/api/shop/orders","admin|organizer|authenticated","2","static_source","unknown_db_down"
"dd2c96f060f9d3ea","/profile/reviews","page","src/app/profile/reviews/page.tsx","src/components/ui/empty-state.tsx|src/components/ui/safe-image.tsx|src/context/AuthContext.tsx|src/data/tourist-dashboard.ts|src/lib/auth-mode.ts|src/lib/cabinet-ui.ts|src/lib/cn.ts|src/lib/review-listing-link.ts|src/lib/reviews-store.ts|src/lib/utils.ts|src/types/tourist.ts","src/components/auth/AuthQueryHandler.tsx|src/components/auth/FavoriteAuthSuccessListener.tsx|src/components/ui/button.tsx|src/components/ui/image-placeholder.tsx|src/data/booking-statuses.ts|src/hooks/useFavoriteTour.ts|src/lib/auth-provider.ts|src/lib/blog-reading-history-sync.ts|src/lib/booking-attach-client.ts|src/lib/favorites-store.ts|src/lib/full-name.ts|src/lib/media-blur.ts|src/lib/media/partner-image-proxy.ts|src/lib/monitoring/sentry.ts|src/lib/payments/checkout-currency.ts|src/lib/permissions.ts|src/lib/profile-mapper.ts|src/lib/reviews-demo-seeds-active.ts|src/lib/supabase/env.ts|src/types/auth.ts|src/types/booking-attribution.ts|src/types/booking-params.ts|src/types/booking-payment.ts|src/types/trip-operations.ts|src/types/user.ts","supabase|static_data|external_http","profiles","","","/api/blog/reading-history|/api/favorites|/api/reviews","admin|organizer|authenticated|cron_secret","2","static_source","unknown_db_down"
"660fe0f76f50822b","/profile/settings","page","src/app/profile/settings/page.tsx","src/components/auth/UserAvatar.tsx|src/components/feedback/InlineFeedback.tsx|src/components/notifications/NotificationPreferencesSection.tsx|src/components/settings/PrivacySettingsSection.tsx|src/components/settings/ProfilePasswordSection.tsx|src/components/settings/PushNotificationsSection.tsx|src/components/settings/ThemeSettingsSection.tsx|src/components/ui/button.tsx|src/components/ui/input.tsx|src/components/ui/single-date-picker.tsx|src/context/AuthContext.tsx|src/context/SiteFeedbackContext.tsx|src/data/profile-countries.ts|src/lib/auth-input.ts|src/lib/cabinet-ui.ts|src/lib/cn.ts|src/lib/participant-age.ts|src/lib/site-feedback/normalize-error.ts|src/types/site-feedback.ts","src/components/ThemeToggle.tsx|src/components/auth/AuthQueryHandler.tsx|src/components/auth/FavoriteAuthSuccessListener.tsx|src/components/feedback/LoadingSpinner.tsx|src/components/ui/calendar-month-grid.tsx|src/components/ui/popover.tsx|src/components/ui/safe-image.tsx|src/components/ui/smart-input.tsx|src/components/ui/textarea.tsx|src/hooks/useFavoriteTour.ts|src/lib/auth-mode.ts|src/lib/auth-password-change.ts|src/lib/auth-provider.ts|src/lib/blog-reading-history-sync.ts|src/lib/booking-attach-client.ts|src/lib/cookie-consent.ts|src/lib/design-tokens.ts|src/lib/favorites-store.ts|src/lib/form-validation.ts|src/lib/full-name.ts|src/lib/media-alt-text.ts|src/lib/monitoring/sentry.ts|src/lib/motion.ts|src/lib/notifications/notifications-api.ts|src/lib/permissions.ts|src/lib/phone-countries.ts|src/lib/pluralize.ts|src/lib/profile-mapper.ts|src/lib/supabase/client.ts|src/types/auth.ts|src/types/notifications-hub.ts|src/types/theme.ts|src/types/user.ts","supabase|static_data|external_http","profiles","","","/api/blog/reading-history|/api/favorites|/api/notifications|/api/notifications/preferences|/api/notifications/push/subscribe|/api/privacy/delete-request|/api/privacy/export","admin|organizer|authenticated","2","static_source","unknown_db_down"
"d5d59da2893ce1f4","/profile/trip-prep","page","src/app/profile/trip-prep/page.tsx","src/components/trip-prep/TripPrepBookingPicker.tsx|src/components/trip-prep/TripPrepHub.tsx","src/components/booking/BookingStatusBadge.tsx|src/components/feedback/InlineFeedback.tsx|src/components/trip-prep/TripPrepChecklist.tsx|src/context/AuthContext.tsx|src/lib/booking-display.ts|src/lib/booking-payment-display.ts|src/lib/bookings-api.ts|src/lib/bookings-store.ts|src/lib/cn.ts|src/lib/trip-prep-api.ts|src/lib/trip-prep-local.ts|src/types/tourist.ts|src/types/trip-prep.ts","supabase|tripster|youtravel|static_data|external_http","profiles","","","/api/admin/trip-prep/templates|/api/bookings|/api/bookings/attach-guest|/api/bookings/lookup|/api/bookings/lookup/results|/api/bookings/lookup/verify|/api/organizer/bookings|/api/payments/sandbox-mode|/api/trip-prep/progress|/api/tripster/booking-request|/api/youtravel/booking-request","admin|organizer|authenticated|cron_secret|organizer","2","static_source","unknown_db_down"
"c5bba5b25b7fed74","/robots.txt","route_handler","src/app/robots.txt/route.ts","src/lib/robots-txt.ts|src/lib/site-settings-server.ts","src/lib/cms/site-globals/locale-resolve.ts|src/lib/cms/site-globals/normalize.ts|src/lib/i18n/config.ts|src/lib/site-settings-edge.ts|src/lib/site-url.ts|src/lib/supabase/admin.ts|src/types/database.ts|src/types/site-globals.ts","supabase|cms|static_data|external_http","site_settings","","","","admin|admin|organizer|cron_secret","2","static_source","unknown_db_down"
"fb4429705587dea0","/services","page","src/app/services/page.tsx","src/components/flights/FlightPriceTeaserGrid.tsx|src/components/seo/WebPageJsonLd.tsx|src/components/services/ServicesPageView.tsx|src/data/services-hub.ts|src/lib/page-metadata.ts|src/lib/site-settings-edge.ts","src/components/Hero.tsx|src/components/flights/FlightPriceTeaserCard.tsx|src/components/media/PageImage.tsx|src/components/seo/JsonLdScript.tsx|src/lib/cms/site-globals/normalize.ts|src/lib/cms/site-globals/public-launch-guards.ts|src/lib/flights/hub-price-teasers.ts|src/lib/flights/teaser-labels.ts|src/lib/media-resolver.ts|src/lib/schema-json-ld.ts|src/lib/site-brand.ts|src/lib/site-container.ts|src/lib/site-url.ts|src/lib/utils.ts|src/types/locale.ts|src/types/site-globals.ts","cms|travelpayouts|static_data|external_http","","","","","cron_secret","2","static_source","unknown_db_down"
"3dd6600881760431","/shop","page","src/app/shop/page.tsx","src/components/seo/WebPageJsonLd.tsx|src/components/shop/ShopPageView.tsx|src/lib/media-resolver.ts|src/lib/page-metadata.ts|src/lib/public-module-visibility.ts|src/lib/shop-products-server.ts|src/lib/site-settings-server.ts","src/components/Hero.tsx|src/components/seo/JsonLdScript.tsx|src/components/shop/ShopProductCard.tsx|src/components/ui/button.tsx|src/data/media-library/maps.ts|src/data/shop-products.ts|src/lib/auth-mode.ts|src/lib/blog-media-path.ts|src/lib/blog-post-image-bindings.ts|src/lib/cms/site-globals/locale-resolve.ts|src/lib/cms/site-globals/normalize.ts|src/lib/i18n/config.ts|src/lib/image-provider/image-provider.ts|src/lib/image-provider/local-fallback.ts|src/lib/image-provider/slot-ids.ts|src/lib/image-provider/types.ts|src/lib/media-library/feed-query.ts|src/lib/media/media-cdn.ts|src/lib/schema-json-ld.ts|src/lib/site-brand.ts|src/lib/site-container.ts|src/lib/site-settings-edge.ts|src/lib/site-url.ts|src/lib/supabase/admin.ts|src/lib/supabase/env.ts|src/types/database.ts|src/types/media-asset.ts|src/types/shop-product.ts|src/types/site-globals.ts|src/types/site-nav.ts","supabase|cms|static_data|external_http","shop_products|site_settings","","","","admin|cron_secret","2","static_source","unknown_db_down"
"62562f6ead5a2a04","/shop/[slug]","page","src/app/shop/[slug]/page.tsx","src/components/seo/WebPageJsonLd.tsx|src/components/shop/ShopProductDetailView.tsx|src/lib/page-metadata.ts|src/lib/public-module-visibility.ts|src/lib/shop-products-server.ts|src/lib/site-settings-server.ts","src/components/seo/JsonLdScript.tsx|src/components/shop/ShopCheckoutModal.tsx|src/components/shop/ShopProductCard.tsx|src/data/shop-products.ts|src/lib/auth-mode.ts|src/lib/cms/site-globals/locale-resolve.ts|src/lib/cms/site-globals/normalize.ts|src/lib/i18n/config.ts|src/lib/schema-json-ld.ts|src/lib/site-brand.ts|src/lib/site-container.ts|src/lib/site-settings-edge.ts|src/lib/site-url.ts|src/lib/supabase/admin.ts|src/lib/supabase/env.ts|src/types/database.ts|src/types/shop-product.ts|src/types/site-globals.ts|src/types/site-nav.ts","supabase|cms|static_data|external_http","shop_products|site_settings","","","","admin|cron_secret","2","static_source","unknown_db_down"
"c5fddfe54d22bc8b","/sitemap.xml","metadata","src/app/sitemap.ts","src/lib/sitemap-urls.ts","src/data/blog-hubs.ts|src/data/blog.ts|src/data/excursion-city-links.ts|src/data/flight-popular-routes.ts|src/data/guide-about-argentina.ts|src/data/legal-content.ts|src/data/marketplace-tours.ts|src/data/public-organizers.ts|src/data/site-links.ts|src/data/site-nav.ts|src/lib/blog-authors.ts|src/lib/blog-sitemap-priority.ts|src/lib/blog-utils.ts|src/lib/cms/blog-resolver.ts|src/lib/cms/cms-cutover.ts|src/lib/cms/destination-resolver.ts|src/lib/cms/guide-resolver.ts|src/lib/cms/knowledge-resolver.ts|src/lib/cms/landing-resolver.ts|src/lib/cms/legal-resolver.ts|src/lib/cms/place-resolver.ts|src/lib/content-pages.ts|src/lib/guide-topics.ts|src/lib/i18n/sitemap-locales.ts|src/lib/knowledge-base/authors.ts|src/lib/knowledge-base/content.ts|src/lib/knowledge-base/urls.ts|src/lib/public-module-visibility.ts|src/lib/seo/publication-registry.ts|src/lib/seo/sitemap-indexability.ts|src/lib/site-nav.ts|src/lib/site-sections-json-ld.ts|src/lib/site-settings-edge.ts|src/lib/site-url.ts|src/types/index.ts|src/types/site-globals.ts","supabase|cms|static_data|external_http|filesystem","site_settings","","","","admin|cron_secret|organizer","2","static_source","unknown_db_down"
"faf95cb68018cd4d","/tours","page","src/app/tours/page.tsx","src/components/marketplace/ToursCatalog.tsx|src/components/seo/BreadcrumbListJsonLd.tsx|src/components/seo/CatalogItemListJsonLd.tsx|src/components/seo/CatalogSeoLinks.tsx|src/components/seo/CommercialSeoSection.tsx|src/components/ui/skeleton.tsx|src/data/marketplace-tours-server.ts|src/lib/catalog-json-ld.ts|src/lib/catalog-seo.ts|src/lib/commercial-catalog-seo.ts|src/lib/i18n/server-locale.ts|src/lib/locale-breadcrumbs.ts|src/lib/organizer-public.ts|src/types/index.ts","src/components/marketplace/CatalogActiveFilterChips.tsx|src/components/marketplace/CatalogDepartureCalendarButton.tsx|src/components/marketplace/CatalogEmptyResults.tsx|src/components/marketplace/CatalogLazyLoadFooter.tsx|src/components/marketplace/CatalogStickyBar.tsx|src/components/marketplace/CatalogToolbar.tsx|src/components/marketplace/MarketplaceTourCard.tsx|src/components/marketplace/PartnerTourDateFilterNotice.tsx|src/components/seo/JsonLdScript.tsx|src/context/LocaleCurrencyContext.tsx|src/data/destination-pages.ts|src/data/organizer-canonical-stats.ts|src/data/public-organizers.ts|src/hooks/useCatalogLazySlice.ts|src/hooks/useRepositoryTourListings.ts|src/hooks/useSyncPriceFilters.ts|src/lib/breadcrumb-json-ld.ts|src/lib/cabinet-ui.ts|src/lib/catalog-filter-chips.ts|src/lib/catalog-filter-url.ts|src/lib/catalog-stats.ts|src/lib/cn.ts|src/lib/destinations.ts|src/lib/filter-tours.ts|src/lib/full-name.ts|src/lib/i18n.ts|src/lib/i18n/config.ts|src/lib/i18n/hreflang.ts|src/lib/i18n/sync-messages.ts|src/lib/organizer-experience-enrich.ts|src/lib/organizer-experience.ts|src/lib/organizer-profile-store.ts|src/lib/organizer-public-routing.ts|src/lib/organizer-tour-store.ts|src/lib/page-metadata.ts|src/lib/partner-tours/offer-quality.ts|src/lib/places-urls.ts|src/lib/pluralize.ts|src/lib/schema-json-ld.ts|src/lib/site-container.ts|src/lib/site-url.ts|src/lib/sort-tours.ts|src/lib/tour-price-public.ts|src/lib/tour-public-display.ts|src/lib/tour-repository.ts|src/lib/tripster/partner-tour-utils.ts|src/lib/youtravel/partner-tour-guide.ts|src/types/excursion.ts|src/types/group-discount.ts|src/types/organizer-profile.ts|src/types/place.ts|src/types/tour-accommodation.ts|src/types/tour-custom-booking-link.ts|src/types/tour-itinerary-activity.ts|src/types/tour-section-comments.ts|src/types/tour-travel-risk.ts|src/types/tour.ts|src/types/user.ts","cms|tripster|youtravel|static_data|external_http","","","","/api/exchange-rates","admin|organizer","2","static_source","unknown_db_down"
"dcbe039ae1426a39","/tours/[slug]","page","src/app/tours/[slug]/page.tsx","src/components/flights/TourFlightLogisticsSection.tsx|src/components/seo/BreadcrumbListJsonLd.tsx|src/components/seo/FlightOffersJsonLd.tsx|src/components/seo/TourJsonLd.tsx|src/components/tour-detail/TourDetailView.tsx|src/components/tour-detail/TourUnavailableView.tsx|src/lib/detail-breadcrumbs.ts|src/lib/flights/destination-airports.ts|src/lib/flights/hub-price-teasers.ts|src/lib/flights/teaser-labels.ts|src/lib/i18n/server-locale.ts|src/lib/places-repository.ts|src/lib/public-tour-resolver.ts|src/lib/site-url.ts|src/lib/tour-metadata.ts|src/lib/tour-private-access.ts|src/lib/tour-seo.ts|src/lib/tours-server-cutover.ts|src/lib/tours-server.ts","src/components/analytics/PublicStatusAnalytics.tsx|src/components/flights/FlightPriceTeaserCard.tsx|src/components/seo/JsonLdScript.tsx|src/components/shared/PartnerInfoAutoplayGallery.tsx|src/components/tour-detail/ArrivalSection.tsx|src/components/tour-detail/ItinerarySection.tsx|src/components/tour-detail/MobileBookingBar.tsx|src/components/tour-detail/OnDemandReviewPromptBanner.tsx|src/components/tour-detail/OnDemandTourBookingDialogs.tsx|src/components/tour-detail/OrganizerSection.tsx|src/components/tour-detail/PartnerTourAccommodationSection.tsx|src/components/tour-detail/PartnerTourArrivalInfoSection.tsx|src/components/tour-detail/PartnerTourBookingConditionsSection.tsx|src/components/tour-detail/PartnerTourComfortSection.tsx|src/components/tour-detail/PartnerTourDatesSection.tsx|src/components/tour-detail/PartnerTourDescriptionSection.tsx|src/components/tour-detail/PartnerTourImportantSection.tsx|src/components/tour-detail/PartnerTourIncludedSection.tsx|src/components/tour-detail/PartnerTourMeetingSection.tsx|src/components/tour-detail/PartnerTourOrgDetailsSection.tsx|src/components/tour-detail/PartnerTourOrganizerSection.tsx|src/components/tour-detail/PartnerTourProgramNotice.tsx|src/components/tour-detail/PartnerTourStatsSection.tsx|src/components/tour-detail/PrivateTourBanner.tsx|src/components/tour-detail/ReviewsSection.tsx|src/components/tour-detail/RouteMapSection.tsx|src/components/tour-detail/SimilarToursSection.tsx|src/components/tour-detail/TourBookingContext.tsx|src/components/tour-detail/TourDetailGallery.tsx|src/components/tour-detail/TourDetailHeader.tsx|src/components/tour-detail/TourPreviewBanner.tsx|src/components/tour-detail/TourSection.tsx|src/components/tour-detail/TourSectionNav.tsx|src/components/tour-detail/TourSidebar.tsx|src/components/tour-detail/tour-section-links.ts|src/data/argentina-domestic-routes.ts|src/data/flight-popular-routes.ts|src/data/marketplace-tours-server.ts|src/data/places-enrichment.ts|src/data/places-planning.ts|src/data/places-seed.ts|src/hooks/useCanonicalTour.ts|src/hooks/useInteractionTracking.ts|src/hooks/useRepositoryTourDetail.ts|src/lib/auth-mode.ts|src/lib/breadcrumb-json-ld.ts|src/lib/catalog-country-relevance.ts|src/lib/catalog-rest-circuit.ts|src/lib/cms-content-cross-links.ts|src/lib/cn.ts|src/lib/content-pages.ts|src/lib/flights/search-href.ts|src/lib/i18n.ts|src/lib/i18n/config.ts|src/lib/locale-breadcrumbs.ts|src/lib/partner-source-result.ts|src/lib/places-mapper.ts|src/lib/places-relations.ts|src/lib/places-urls.ts|src/lib/prisma.ts|src/lib/reviews-server.ts|src/lib/schema-json-ld.ts|src/lib/site-container.ts|src/lib/tour-detail-section-comments.ts|src/lib/tour-detail-ui.ts|src/lib/tour-detail/compose-native-tour-main-column.tsx|src/lib/tour-json-ld.ts|src/lib/tour-recommendations.ts|src/lib/tour-repository.ts|src/lib/tour-review-stats.ts|src/lib/tours-legacy.ts|src/lib/tours.ts|src/lib/travelpayouts/aviasales/index.ts|src/lib/travelpayouts/index.ts|src/lib/tripster/partner-tour-server.ts|src/lib/tripster/partner-tour-utils.ts|src/lib/tripster/partner-tour-visibility.ts|src/lib/youtravel/partner-tour-mapper.ts|src/lib/youtravel/partner-tour-server.ts|src/lib/youtravel/partner-tour-utils.ts|src/types/content-page.ts|src/types/index.ts|src/types/locale.ts|src/types/place.ts|src/types/tour.ts","supabase|prisma|cms|tripster|youtravel|travelpayouts|static_data","moderation_queue|profiles|review_reports|tourist_reviews","","","","admin|admin|organizer|organizer","2","static_source","unknown_db_down"
"f91fa992c9b57cc2","/tours/region/iguazu","page","src/app/tours/region/iguazu/page.tsx","src/components/marketplace/ToursCatalog.tsx|src/components/seo/BreadcrumbListJsonLd.tsx|src/components/seo/CatalogItemListJsonLd.tsx|src/components/seo/CatalogSeoLinks.tsx|src/components/seo/CommercialSeoSection.tsx|src/components/ui/skeleton.tsx|src/data/marketplace-tours-server.ts|src/lib/catalog-json-ld.ts|src/lib/commercial-catalog-seo.ts|src/lib/destinations.ts|src/lib/i18n/hreflang.ts|src/lib/i18n/server-locale.ts|src/lib/organizer-public.ts|src/lib/page-metadata.ts|src/lib/public-tour-resolver.ts","src/components/marketplace/CatalogActiveFilterChips.tsx|src/components/marketplace/CatalogDepartureCalendarButton.tsx|src/components/marketplace/CatalogEmptyResults.tsx|src/components/marketplace/CatalogLazyLoadFooter.tsx|src/components/marketplace/CatalogStickyBar.tsx|src/components/marketplace/CatalogToolbar.tsx|src/components/marketplace/MarketplaceTourCard.tsx|src/components/marketplace/PartnerTourDateFilterNotice.tsx|src/components/seo/JsonLdScript.tsx|src/context/LocaleCurrencyContext.tsx|src/data/destination-pages.ts|src/data/organizer-canonical-stats.ts|src/data/public-organizers.ts|src/hooks/useCatalogLazySlice.ts|src/hooks/useRepositoryTourListings.ts|src/hooks/useSyncPriceFilters.ts|src/lib/breadcrumb-json-ld.ts|src/lib/cabinet-ui.ts|src/lib/catalog-country-relevance.ts|src/lib/catalog-filter-chips.ts|src/lib/catalog-filter-url.ts|src/lib/catalog-rest-circuit.ts|src/lib/catalog-stats.ts|src/lib/cn.ts|src/lib/filter-tours.ts|src/lib/full-name.ts|src/lib/homepage-tours.ts|src/lib/i18n/config.ts|src/lib/i18n/locale-path.ts|src/lib/i18n/sync-messages.ts|src/lib/organizer-experience-enrich.ts|src/lib/organizer-experience.ts|src/lib/organizer-profile-store.ts|src/lib/organizer-public-routing.ts|src/lib/organizer-tour-store.ts|src/lib/partner-source-result.ts|src/lib/partner-tours/offer-quality.ts|src/lib/places-urls.ts|src/lib/pluralize.ts|src/lib/reviews-server.ts|src/lib/schema-json-ld.ts|src/lib/site-brand.ts|src/lib/site-container.ts|src/lib/site-nav.ts|src/lib/site-url.ts|src/lib/sort-tours.ts|src/lib/tour-price-public.ts|src/lib/tour-public-display.ts|src/lib/tour-repository.ts|src/lib/tour-review-stats.ts|src/lib/tours-server-cutover.ts|src/lib/tripster/partner-tour-server.ts|src/lib/tripster/partner-tour-utils.ts|src/lib/youtravel/partner-tour-guide.ts|src/lib/youtravel/partner-tour-mapper.ts|src/lib/youtravel/partner-tour-server.ts|src/types/excursion.ts|src/types/index.ts|src/types/organizer-profile.ts|src/types/place.ts|src/types/tour.ts|src/types/user.ts","supabase|cms|tripster|youtravel|static_data|external_http","moderation_queue|profiles|review_reports|tourist_reviews","","","/api/exchange-rates","admin|admin|organizer|organizer","2","static_source","unknown_db_down"
"a55e197cbcc10d5f","/tours/region/patagonia","page","src/app/tours/region/patagonia/page.tsx","src/components/marketplace/ToursCatalog.tsx|src/components/seo/BreadcrumbListJsonLd.tsx|src/components/seo/CatalogItemListJsonLd.tsx|src/components/seo/CatalogSeoLinks.tsx|src/components/seo/CommercialSeoSection.tsx|src/components/ui/skeleton.tsx|src/data/marketplace-tours-server.ts|src/lib/catalog-json-ld.ts|src/lib/commercial-catalog-seo.ts|src/lib/destinations.ts|src/lib/i18n/hreflang.ts|src/lib/i18n/server-locale.ts|src/lib/organizer-public.ts|src/lib/page-metadata.ts","src/components/marketplace/CatalogActiveFilterChips.tsx|src/components/marketplace/CatalogDepartureCalendarButton.tsx|src/components/marketplace/CatalogEmptyResults.tsx|src/components/marketplace/CatalogLazyLoadFooter.tsx|src/components/marketplace/CatalogStickyBar.tsx|src/components/marketplace/CatalogToolbar.tsx|src/components/marketplace/MarketplaceTourCard.tsx|src/components/marketplace/PartnerTourDateFilterNotice.tsx|src/components/seo/JsonLdScript.tsx|src/context/LocaleCurrencyContext.tsx|src/data/destination-pages.ts|src/data/organizer-canonical-stats.ts|src/data/public-organizers.ts|src/hooks/useCatalogLazySlice.ts|src/hooks/useRepositoryTourListings.ts|src/hooks/useSyncPriceFilters.ts|src/lib/breadcrumb-json-ld.ts|src/lib/cabinet-ui.ts|src/lib/catalog-filter-chips.ts|src/lib/catalog-filter-url.ts|src/lib/catalog-stats.ts|src/lib/cn.ts|src/lib/filter-tours.ts|src/lib/full-name.ts|src/lib/homepage-tours.ts|src/lib/i18n/config.ts|src/lib/i18n/locale-path.ts|src/lib/i18n/sync-messages.ts|src/lib/organizer-experience-enrich.ts|src/lib/organizer-experience.ts|src/lib/organizer-profile-store.ts|src/lib/organizer-public-routing.ts|src/lib/organizer-tour-store.ts|src/lib/partner-tours/offer-quality.ts|src/lib/places-urls.ts|src/lib/pluralize.ts|src/lib/schema-json-ld.ts|src/lib/site-brand.ts|src/lib/site-container.ts|src/lib/site-nav.ts|src/lib/site-url.ts|src/lib/sort-tours.ts|src/lib/tour-price-public.ts|src/lib/tour-public-display.ts|src/lib/tour-repository.ts|src/lib/tripster/partner-tour-utils.ts|src/lib/youtravel/partner-tour-guide.ts|src/types/excursion.ts|src/types/index.ts|src/types/organizer-profile.ts|src/types/place.ts|src/types/tour.ts|src/types/user.ts","cms|tripster|youtravel|static_data|external_http","","","","/api/exchange-rates","admin|organizer","2","static_source","unknown_db_down"
"49779d0b1c9bdb59","/transfers","page","src/app/transfers/page.tsx","src/components/mobility/MobilityCatalogClient.tsx|src/components/seo/WebPageJsonLd.tsx|src/components/transfers/TransfersSearchView.tsx|src/lib/market-context.ts|src/lib/media-resolver.ts|src/lib/mobility/module-policy-server.ts|src/lib/page-metadata.ts","src/components/Hero.tsx|src/components/feedback/InlineFeedback.tsx|src/components/forms/TurnstileField.tsx|src/components/seo/JsonLdScript.tsx|src/components/transfers/TransferOfferCard.tsx|src/components/transfers/TransferPopularRoutes.tsx|src/components/transfers/TransferSearchForm.tsx|src/components/ui/button.tsx|src/components/ui/empty-state.tsx|src/components/ui/form-field.tsx|src/components/ui/input.tsx|src/components/ui/textarea.tsx|src/context/LocaleCurrencyContext.tsx|src/data/media-library/maps.ts|src/data/transfer-locations.ts|src/lib/blog-media-path.ts|src/lib/blog-post-image-bindings.ts|src/lib/image-provider/image-provider.ts|src/lib/image-provider/local-fallback.ts|src/lib/image-provider/slot-ids.ts|src/lib/image-provider/types.ts|src/lib/intui/types.ts|src/lib/media-library/feed-query.ts|src/lib/media/media-cdn.ts|src/lib/mobility/provider-registry.ts|src/lib/public-api/safe-error.ts|src/lib/schema-json-ld.ts|src/lib/site-brand.ts|src/lib/site-container.ts|src/lib/site-feedback/normalize-error.ts|src/lib/site-settings-server.ts|src/lib/site-url.ts|src/lib/utils.ts|src/types/media-asset.ts|src/types/mobility.ts|src/types/site-feedback.ts","supabase|cms|static_data|external_http","site_settings","","","/api/exchange-rates|/api/mobility/handoff|/api/mobility/requests","admin|cron_secret","2","static_source","unknown_db_down"
"831f51e638e04501","/trip-prep","page","src/app/trip-prep/page.tsx","src/data/trip-prep-defaults.ts|src/lib/page-metadata.ts|src/types/trip-prep.ts","src/lib/site-brand.ts|src/lib/site-url.ts","static_data","","","","","none_detected","2","static_source","unknown_db_down"
"7accfdf75f3b0f8e","/trip/[token]","page","src/app/trip/[token]/page.tsx","src/components/trip/TripClientPortalView.tsx","src/components/ui/button.tsx|src/components/ui/input.tsx|src/lib/booking-display.ts|src/lib/bookings-store.ts|src/lib/cn.ts|src/lib/trip-operations.ts|src/types/tourist.ts|src/types/trip-operations.ts","static_data","","","","","cron_secret|organizer","2","static_source","unknown_db_down"
"cbfab138008b4643","/yandex-verification","page","src/app/yandex-verification/page.tsx","src/lib/site-settings-server.ts|src/lib/site-url.ts|src/lib/yandex-distribution-verify.ts","src/lib/analytics/gtm-config.ts|src/lib/cms/site-globals/locale-resolve.ts|src/lib/cms/site-globals/normalize.ts|src/lib/i18n/config.ts|src/lib/site-settings-edge.ts|src/lib/supabase/admin.ts|src/types/database.ts|src/types/site-globals.ts","supabase|cms|static_data|external_http","site_settings","","","","admin|cron_secret","2","static_source","unknown_db_down"
