{"type":"FeatureCollection","features":[{"type":"Feature","properties":{"name":"Ruta 9 — Panamericana (север)","nameEs":"Ruta 9 (Panamericana)","description":"Северный участок Panamericana: от Буэнос-Айреса к границе с Боливией","routeKey":"panamericana_rn9","ref":"RN 9","route":"panamericana","source":"OSRM / OpenStreetMap road graph"},"geometry":{"coordinates":[[-58.381612,-34.603592],[-58.381595,-34.603591],[-58.381541,-34.60359],[-58.381482,-34.60359],[-58.381421,-34.603592],[-58.381371,-34.603598],[-58.381296,-34.603607],[-58.381245,-34.603616],[-58.381184,-34.603628],[-58.381122,-34.603642],[-58.38107,-34.603655],[-58.381075,-34.6035],[-58.381077,-34.603392],[-58.381129,-34.603295],[-58.381157,-34.603221],[-58.381186,-34.603156],[-58.381216,-34.603093],[-58.381256,-34.603017],[-58.381292,-34.602956],[-58.381342,-34.602879],[-58.3814,-34.602774],[-58.381431,-34.60268],[-58.381446,-34.602636],[-58.381464,-34.602543],[-58.381468,-34.602461],[-58.381504,-34.601638],[-58.381512,-34.601477],[-58.381516,-34.601371],[-58.381524,-34.601259],[-58.381582,-34.600356],[-58.38159,-34.600242],[-58.381594,-34.600126],[-58.381633,-34.599232],[-58.381637,-34.599159],[-58.381645,-34.599037],[-58.381652,-34.598897],[-58.381695,-34.598133],[-58.381703,-34.597975],[-58.381708,-34.597863],[-58.381716,-34.597768],[-58.381729,-34.597496],[-58.381743,-34.597344],[-58.381823,-34.596827],[-58.381828,-34.596804],[-58.381844,-34.596718],[-58.381857,-34.596622],[-58.381957,-34.595611],[-58.381961,-34.595559],[-58.38197,-34.595392],[-58.381968,-34.595244],[-58.382002,-34.594822],[-58.382046,-34.594335],[-58.382042,-34.594224],[-58.382037,-34.594123],[-58.382036,-34.594098],[-58.382026,-34.593802],[-58.381996,-34.593026],[-58.38198,-34.592836],[-58.381972,-34.592738],[-58.381851,-34.591664],[-58.38185,-34.591583],[-58.38185,-34.591509],[-58.381836,-34.590802],[-58.381825,-34.59065],[-58.381807,-34.590512],[-58.381757,-34.590181],[-58.381717,-34.589947],[-58.381675,-34.589751],[-58.381623,-34.58953],[-58.381576,-34.589352],[-58.381525,-34.589157],[-58.381429,-34.588858],[-58.381304,-34.588501],[-58.381154,-34.588123],[-58.381053,-34.587878],[-58.380932,-34.587605],[-58.38084,-34.587404],[-58.380732,-34.587199],[-58.380496,-34.586729],[-58.379977,-34.585764],[-58.379893,-34.585591],[-58.379834,-34.585441],[-58.379806,-34.585346],[-58.379772,-34.5852],[-58.379749,-34.585061],[-58.379735,-34.584933],[-58.379725,-34.584741],[-58.379736,-34.584569],[-58.37977,-34.584387],[-58.379811,-34.58421],[-58.379871,-34.58405],[-58.37994,-34.583902],[-58.380022,-34.583757],[-58.380168,-34.583547],[-58.380278,-34.58342],[-58.380454,-34.583245],[-58.380616,-34.583092],[-58.380826,-34.582925],[-58.381048,-34.582793],[-58.381208,-34.582686],[-58.381434,-34.582555],[-58.381778,-34.582374],[-58.382346,-34.582075],[-58.382755,-34.581863],[-58.383998,-34.581209],[-58.384278,-34.581068],[-58.384594,-34.580913],[-58.38501,-34.580716],[-58.385823,-34.580323],[-58.386617,-34.579913],[-58.387047,-34.579697],[-58.387536,-34.579422],[-58.387786,-34.579278],[-58.388153,-34.579058],[-58.38874,-34.578656],[-58.389064,-34.578434],[-58.389491,-34.578114],[-58.39016,-34.577577],[-58.390348,-34.577427],[-58.390548,-34.577248],[-58.391359,-34.57664],[-58.392,-34.576179],[-58.392226,-34.576009],[-58.392451,-34.575855],[-58.392977,-34.575533],[-58.393205,-34.575401],[-58.393533,-34.575198],[-58.394081,-34.574889],[-58.39544,-34.574173],[-58.395732,-34.574045],[-58.396236,-34.573804],[-58.396675,-34.573574],[-58.39721,-34.573292],[-58.397736,-34.57301],[-58.397923,-34.572911],[-58.398648,-34.57253],[-58.400219,-34.571713],[-58.400712,-34.571451],[-58.401352,-34.571109],[-58.402089,-34.570691],[-58.402608,-34.570377],[-58.403309,-34.569936],[-58.403791,-34.569622],[-58.40528,-34.568626],[-58.405407,-34.56854],[-58.406428,-34.567862],[-58.406813,-34.567608],[-58.407536,-34.567119],[-58.40755,-34.56711],[-58.407836,-34.566919],[-58.408578,-34.566434],[-58.409118,-34.566121],[-58.410052,-34.565641],[-58.411017,-34.565165],[-58.413701,-34.56383],[-58.414308,-34.563526],[-58.415013,-34.563122],[-58.415541,-34.562784],[-58.416389,-34.562196],[-58.416617,-34.562024],[-58.416775,-34.5619],[-58.417158,-34.561578],[-58.418502,-34.560298],[-58.418816,-34.560022],[-58.4191,-34.559788],[-58.419355,-34.559597],[-58.419857,-34.559251],[-58.422192,-34.557672],[-58.424061,-34.556411],[-58.424396,-34.556184],[-58.425073,-34.555728],[-58.426225,-34.554949],[-58.426774,-34.554582],[-58.427391,-34.554199],[-58.42835,-34.553651],[-58.43155,-34.55186],[-58.432096,-34.551542],[-58.433263,-34.550849],[-58.433678,-34.550602],[-58.434098,-34.550366],[-58.436529,-34.549021],[-58.438541,-34.547909],[-58.438873,-34.547722],[-58.440677,-34.546738],[-58.441116,-34.546477],[-58.44222,-34.545877],[-58.442687,-34.545623],[-58.446016,-34.543775],[-58.446418,-34.543551],[-58.44693,-34.543233],[-58.447761,-34.5427],[-58.448476,-34.542287],[-58.448934,-34.542038],[-58.449169,-34.541906],[-58.451124,-34.540825],[-58.451485,-34.540659],[-58.451762,-34.540546],[-58.452136,-34.540414],[-58.45247,-34.540307],[-58.453065,-34.540146],[-58.453661,-34.539988],[-58.453905,-34.539923],[-58.454135,-34.539861],[-58.454323,-34.539803],[-58.454487,-34.539749],[-58.454733,-34.539664],[-58.45498,-34.539571],[-58.455228,-34.539475],[-58.455469,-34.53937],[-58.455924,-34.539155],[-58.456516,-34.538873],[-58.456964,-34.538656],[-58.45716,-34.538558],[-58.45735,-34.538455],[-58.45768,-34.53826],[-58.457842,-34.538157],[-58.458,-34.538047],[-58.458181,-34.537914],[-58.458357,-34.53778],[-58.458721,-34.537476],[-58.459046,-34.537197],[-58.459187,-34.537075],[-58.459614,-34.536688],[-58.459996,-34.536296],[-58.460008,-34.536285],[-58.460563,-34.535703],[-58.460854,-34.535424],[-58.460977,-34.535304],[-58.461109,-34.535187],[-58.461334,-34.535009],[-58.461543,-34.534872],[-58.461783,-34.534738],[-58.461948,-34.534661],[-58.462247,-34.534576],[-58.462494,-34.534485],[-58.462743,-34.534422],[-58.46297,-34.534377],[-58.463188,-34.534346],[-58.463368,-34.534325],[-58.463545,-34.53432],[-58.463713,-34.534324],[-58.463948,-34.534336],[-58.464447,-34.534383],[-58.464669,-34.534409],[-58.4649,-34.534445],[-58.465204,-34.534502],[-58.4655,-34.534575],[-58.466015,-34.534737],[-58.466481,-34.534897],[-58.467063,-34.535107],[-58.467403,-34.535233],[-58.467714,-34.535355],[-58.468084,-34.535506],[-58.468688,-34.535778],[-58.469495,-34.536139],[-58.469908,-34.53633],[-58.470249,-34.536477],[-58.470881,-34.536752],[-58.471728,-34.537112],[-58.472564,-34.537469],[-58.473613,-34.537885],[-58.474037,-34.538043],[-58.474449,-34.538199],[-58.474999,-34.538415],[-58.475525,-34.538637],[-58.475653,-34.538693],[-58.475908,-34.538806],[-58.476107,-34.538898],[-58.476309,-34.53899],[-58.477293,-34.539472],[-58.477712,-34.539691],[-58.478865,-34.540297],[-58.479348,-34.540529],[-58.480378,-34.540995],[-58.483194,-34.542208],[-58.485307,-34.543121],[-58.487233,-34.54397],[-58.487949,-34.544293],[-58.488456,-34.544524],[-58.489135,-34.544853],[-58.490499,-34.545477],[-58.491083,-34.545732],[-58.491427,-34.545836],[-58.491573,-34.545889],[-58.491869,-34.545991],[-58.492181,-34.546088],[-58.492356,-34.54612],[-58.492506,-34.546153],[-58.492658,-34.546177],[-58.492837,-34.546188],[-58.492976,-34.546187],[-58.493088,-34.546183],[-58.493181,-34.546173],[-58.493367,-34.546147],[-58.493555,-34.546097],[-58.493769,-34.546021],[-58.49395,-34.545935],[-58.494134,-34.545826],[-58.4943,-34.545707],[-58.494477,-34.545562],[-58.494638,-34.545399],[-58.494754,-34.545264],[-58.494849,-34.545149],[-58.494931,-34.54504],[-58.495172,-34.544749],[-58.495292,-34.544578],[-58.49569,-34.543929],[-58.495778,-34.543794],[-58.496218,-34.543087],[-58.49639,-34.542809],[-58.496503,-34.542585],[-58.497147,-34.54178],[-58.497549,-34.541358],[-58.49843,-34.540402],[-58.498572,-34.540333],[-58.498814,-34.540148],[-58.499345,-34.539532],[-58.499645,-34.539172],[-58.500014,-34.5387],[-58.50027,-34.538346],[-58.502314,-34.535384],[-58.503382,-34.533837],[-58.504895,-34.531631],[-58.505262,-34.531109],[-58.505758,-34.530404],[-58.507102,-34.528558],[-58.507243,-34.528364],[-58.507837,-34.527548],[-58.508812,-34.52621],[-58.508892,-34.526098],[-58.510487,-34.523892],[-58.510611,-34.52372],[-58.510744,-34.523531],[-58.511349,-34.52271],[-58.511994,-34.521906],[-58.5123,-34.521547],[-58.512612,-34.521207],[-58.512989,-34.520792],[-58.513262,-34.520512],[-58.513571,-34.520201],[-58.514382,-34.51941],[-58.514586,-34.519212],[-58.515029,-34.518783],[-58.515207,-34.518611],[-58.51654,-34.517321],[-58.517533,-34.516361],[-58.518331,-34.515617],[-58.519008,-34.515045],[-58.521676,-34.512955],[-58.522301,-34.512486],[-58.522804,-34.512109],[-58.523575,-34.51158],[-58.52415,-34.511204],[-58.524745,-34.510839],[-58.525264,-34.51053],[-58.525384,-34.510462],[-58.525595,-34.510346],[-58.526403,-34.509926],[-58.529465,-34.508435],[-58.531071,-34.507661],[-58.531368,-34.507518],[-58.534009,-34.506242],[-58.53622,-34.505171],[-58.536414,-34.50508],[-58.536766,-34.504907],[-58.540522,-34.503092],[-58.542747,-34.502019],[-58.544938,-34.500954],[-58.546733,-34.500104],[-58.547931,-34.499579],[-58.550131,-34.498615],[-58.550536,-34.498403],[-58.551214,-34.498055],[-58.551869,-34.497676],[-58.552434,-34.497312],[-58.554315,-34.495962],[-58.555092,-34.495479],[-58.555393,-34.495293],[-58.555828,-34.495042],[-58.556296,-34.494778],[-58.556599,-34.494619],[-58.557401,-34.494257],[-58.558126,-34.493958],[-58.558782,-34.493711],[-58.559508,-34.493445],[-58.560974,-34.492903],[-58.561965,-34.492541],[-58.564189,-34.49171],[-58.56641,-34.490866],[-58.567778,-34.490393],[-58.56887,-34.490051],[-58.56999,-34.489736],[-58.570913,-34.489511],[-58.571535,-34.489367],[-58.572024,-34.489263],[-58.572588,-34.489151],[-58.573383,-34.488995],[-58.574844,-34.4888],[-58.575484,-34.488726],[-58.576862,-34.488602],[-58.579393,-34.488388],[-58.583373,-34.488106],[-58.585363,-34.48797],[-58.585613,-34.487953],[-58.588476,-34.48772],[-58.58923,-34.487653],[-58.589951,-34.487582],[-58.591987,-34.487298],[-58.593031,-34.48718],[-58.593346,-34.487155],[-58.594533,-34.487082],[-58.600232,-34.486668],[-58.601205,-34.486603],[-58.602047,-34.486552],[-58.60299,-34.486546],[-58.603983,-34.486492],[-58.605006,-34.486473],[-58.606096,-34.486389],[-58.608405,-34.486126],[-58.610643,-34.485834],[-58.614367,-34.485309],[-58.614944,-34.485226],[-58.617405,-34.484862],[-58.618718,-34.484669],[-58.620941,-34.484366],[-58.623469,-34.484021],[-58.626162,-34.483614],[-58.627473,-34.483404],[-58.628683,-34.483209],[-58.631329,-34.482783],[-58.633843,-34.482291],[-58.638625,-34.48133],[-58.63912,-34.481233],[-58.6423,-34.480596],[-58.643866,-34.480255],[-58.645452,-34.479901],[-58.649691,-34.478845],[-58.652401,-34.478161],[-58.656576,-34.477101],[-58.659485,-34.476364],[-58.662399,-34.475548],[-58.662845,-34.475421],[-58.667195,-34.474171],[-58.67191,-34.472866],[-58.67542,-34.471873],[-58.676015,-34.471692],[-58.676354,-34.471584],[-58.677299,-34.471244],[-58.677855,-34.471025],[-58.678474,-34.470761],[-58.67874,-34.470644],[-58.679335,-34.470364],[-58.680118,-34.469958],[-58.680703,-34.469628],[-58.68127,-34.469302],[-58.682216,-34.46869],[-58.682651,-34.468386],[-58.682927,-34.468181],[-58.683453,-34.467753],[-58.683828,-34.467442],[-58.684174,-34.467122],[-58.684516,-34.466791],[-58.684891,-34.466388],[-58.685378,-34.465875],[-58.685993,-34.465176],[-58.68649,-34.464577],[-58.687199,-34.463699],[-58.68829,-34.462291],[-58.688753,-34.461694],[-58.689124,-34.461197],[-58.689339,-34.460906],[-58.6906,-34.459133],[-58.69175,-34.457809],[-58.69284,-34.456466],[-58.693842,-34.455164],[-58.69437,-34.45445],[-58.696271,-34.452072],[-58.696629,-34.451606],[-58.698167,-34.449654],[-58.699553,-34.447893],[-58.699854,-34.447511],[-58.700919,-34.446109],[-58.702948,-34.443546],[-58.704471,-34.44159],[-58.704971,-34.44097],[-58.705207,-34.440666],[-58.705424,-34.440385],[-58.705721,-34.44001],[-58.706056,-34.439613],[-58.706457,-34.439171],[-58.707409,-34.438183],[-58.708607,-34.437099],[-58.70966,-34.436195],[-58.711502,-34.434607],[-58.711726,-34.43442],[-58.7119,-34.434263],[-58.712087,-34.434081],[-58.712242,-34.433925],[-58.712456,-34.433679],[-58.712616,-34.43345],[-58.712709,-34.433311],[-58.712805,-34.433147],[-58.71296,-34.432847],[-58.713074,-34.432586],[-58.713186,-34.432282],[-58.713269,-34.431995],[-58.713333,-34.43173],[-58.713386,-34.431431],[-58.713508,-34.430693],[-58.713593,-34.430209],[-58.713682,-34.429811],[-58.713794,-34.429435],[-58.713951,-34.429001],[-58.714176,-34.428475],[-58.714328,-34.42819],[-58.714542,-34.427822],[-58.714676,-34.427597],[-58.714784,-34.427438],[-58.715112,-34.426998],[-58.716992,-34.42455],[-58.71788,-34.423396],[-58.719788,-34.420928],[-58.721185,-34.419147],[-58.723117,-34.416663],[-58.724925,-34.414323],[-58.725926,-34.41308],[-58.727103,-34.411676],[-58.727811,-34.410835],[-58.728697,-34.409823],[-58.729231,-34.409187],[-58.729819,-34.40849],[-58.730049,-34.408203],[-58.731694,-34.406052],[-58.732351,-34.405172],[-58.73427,-34.402529],[-58.737266,-34.398755],[-58.738629,-34.397053],[-58.739877,-34.395487],[-58.740197,-34.395095],[-58.741734,-34.393092],[-58.742702,-34.391821],[-58.743662,-34.390523],[-58.744771,-34.389003],[-58.745267,-34.388313],[-58.745875,-34.387496],[-58.746404,-34.386795],[-58.747037,-34.385996],[-58.747302,-34.385661],[-58.747707,-34.385125],[-58.74969,-34.382584],[-58.751036,-34.380875],[-58.751244,-34.380611],[-58.752589,-34.378863],[-58.753876,-34.377216],[-58.754061,-34.377019],[-58.754161,-34.376912],[-58.754446,-34.376622],[-58.754857,-34.376253],[-58.755143,-34.37603],[-58.755535,-34.375747],[-58.755767,-34.375586],[-58.756042,-34.375417],[-58.756438,-34.375196],[-58.756899,-34.374973],[-58.757358,-34.374775],[-58.759671,-34.373869],[-58.761694,-34.373076],[-58.762122,-34.372907],[-58.763063,-34.372544],[-58.764432,-34.372053],[-58.765948,-34.371629],[-58.768189,-34.371081],[-58.7703,-34.370564],[-58.772124,-34.370122],[-58.773874,-34.369679],[-58.7745,-34.369485],[-58.774979,-34.369328],[-58.77573,-34.369039],[-58.776424,-34.368748],[-58.777212,-34.368376],[-58.778533,-34.367706],[-58.781369,-34.3663],[-58.783217,-34.365374],[-58.783398,-34.365284],[-58.787417,-34.363276],[-58.790732,-34.361616],[-58.790773,-34.361595],[-58.794019,-34.359969],[-58.794642,-34.359635],[-58.79488,-34.359495],[-58.795294,-34.359242],[-58.795619,-34.35902],[-58.796229,-34.358591],[-58.796985,-34.357984],[-58.797467,-34.357542],[-58.797827,-34.357173],[-58.798139,-34.356836],[-58.798324,-34.356624],[-58.798564,-34.356362],[-58.798783,-34.356115],[-58.799237,-34.355606],[-58.799581,-34.355233],[-58.799976,-34.354797],[-58.800372,-34.354411],[-58.800668,-34.35415],[-58.801274,-34.353634],[-58.802581,-34.352571],[-58.80453,-34.350985],[-58.805303,-34.350358],[-58.805988,-34.349797],[-58.806895,-34.349007],[-58.807675,-34.348293],[-58.807798,-34.34818],[-58.808574,-34.347469],[-58.809942,-34.346076],[-58.810959,-34.345022],[-58.813148,-34.342737],[-58.814339,-34.341468],[-58.815113,-34.340668],[-58.816053,-34.339776],[-58.81678,-34.339185],[-58.81727,-34.338818],[-58.817738,-34.338497],[-58.81805,-34.3383],[-58.818303,-34.338142],[-58.819023,-34.337733],[-58.819695,-34.337377],[-58.821058,-34.336652],[-58.822456,-34.335967],[-58.823158,-34.335644],[-58.82392,-34.335296],[-58.828251,-34.333318],[-58.828373,-34.333266],[-58.831209,-34.331974],[-58.83229,-34.331475],[-58.835555,-34.329975],[-58.837064,-34.329419],[-58.837293,-34.329331],[-58.840325,-34.328237],[-58.842011,-34.327603],[-58.844605,-34.326564],[-58.846989,-34.325622],[-58.850466,-34.324369],[-58.85187,-34.323863],[-58.856612,-34.322142],[-58.861069,-34.320553],[-58.861679,-34.320326],[-58.863568,-34.319652],[-58.863989,-34.319489],[-58.864351,-34.319342],[-58.864762,-34.319148],[-58.865124,-34.31897],[-58.865708,-34.318644],[-58.866348,-34.318244],[-58.86677,-34.317954],[-58.867271,-34.317567],[-58.867546,-34.317337],[-58.8678,-34.317128],[-58.868163,-34.316776],[-58.86836,-34.316572],[-58.868547,-34.316364],[-58.868705,-34.316182],[-58.868827,-34.316035],[-58.869697,-34.314931],[-58.870343,-34.31408],[-58.8712,-34.31295],[-58.872528,-34.3112],[-58.875587,-34.307113],[-58.879195,-34.302416],[-58.880541,-34.300632],[-58.881315,-34.299609],[-58.881526,-34.299307],[-58.881692,-34.299068],[-58.881951,-34.298653],[-58.882435,-34.297877],[-58.882658,-34.297506],[-58.882937,-34.297103],[-58.885951,-34.29287],[-58.887896,-34.290166],[-58.890447,-34.286613],[-58.890577,-34.286419],[-58.890724,-34.286193],[-58.891024,-34.285665],[-58.891588,-34.284602],[-58.892021,-34.283666],[-58.892853,-34.281885],[-58.893012,-34.281542],[-58.894779,-34.277679],[-58.89748,-34.27185],[-58.900315,-34.265715],[-58.900456,-34.265412],[-58.905796,-34.253794],[-58.906324,-34.252652],[-58.906718,-34.251797],[-58.90707,-34.251012],[-58.90722,-34.250659],[-58.907331,-34.250366],[-58.90741,-34.250119],[-58.907484,-34.24986],[-58.907578,-34.249449],[-58.907649,-34.249137],[-58.907727,-34.248735],[-58.907766,-34.248439],[-58.907804,-34.248102],[-58.907854,-34.247278],[-58.907857,-34.247167],[-58.9079,-34.245167],[-58.907959,-34.243103],[-58.908008,-34.242595],[-58.908054,-34.242308],[-58.90811,-34.241963],[-58.908216,-34.241482],[-58.908381,-34.240913],[-58.908526,-34.240506],[-58.908707,-34.240059],[-58.908917,-34.239605],[-58.90916,-34.239146],[-58.909272,-34.238938],[-58.909385,-34.238752],[-58.909669,-34.238314],[-58.910328,-34.237399],[-58.915452,-34.230321],[-58.916981,-34.22822],[-58.918407,-34.226253],[-58.919102,-34.225265],[-58.919712,-34.224302],[-58.921163,-34.222294],[-58.923024,-34.219699],[-58.926758,-34.214552],[-58.93727,-34.20001],[-58.939314,-34.197213],[-58.941481,-34.194217],[-58.942776,-34.192389],[-58.944215,-34.190446],[-58.944419,-34.190159],[-58.945889,-34.188107],[-58.946826,-34.186816],[-58.947374,-34.18608],[-58.947909,-34.185341],[-58.94821,-34.184931],[-58.94852,-34.18457],[-58.948875,-34.184211],[-58.949076,-34.184016],[-58.949384,-34.18376],[-58.949696,-34.183526],[-58.950093,-34.183253],[-58.950525,-34.182988],[-58.950979,-34.182745],[-58.951491,-34.182513],[-58.952075,-34.182271],[-58.95272,-34.182054],[-58.953231,-34.181936],[-58.953721,-34.181843],[-58.954238,-34.181779],[-58.954734,-34.181733],[-58.955437,-34.181686],[-58.958824,-34.181506],[-58.960536,-34.181402],[-58.961038,-34.181331],[-58.961436,-34.181231],[-58.961565,-34.181198],[-58.961979,-34.181058],[-58.963957,-34.180151],[-58.964052,-34.180105],[-58.965557,-34.179377],[-58.968585,-34.177907],[-58.968876,-34.177699],[-58.969373,-34.177462],[-58.969581,-34.177326],[-58.969777,-34.177184],[-58.969877,-34.177095],[-58.969969,-34.177003],[-58.970096,-34.176849],[-58.97064,-34.176136],[-58.970744,-34.176008],[-58.970819,-34.175934],[-58.970912,-34.175843],[-58.97101,-34.17575],[-58.97107,-34.175685],[-58.971128,-34.175618],[-58.97119,-34.175534],[-58.971248,-34.175445],[-58.971376,-34.175209],[-58.971475,-34.174801],[-58.971508,-34.174669],[-58.971551,-34.174471],[-58.971596,-34.174172],[-58.971598,-34.173872],[-58.971534,-34.172926],[-58.971483,-34.172059],[-58.971481,-34.171892],[-58.971481,-34.171813],[-58.971482,-34.171768],[-58.971487,-34.171643],[-58.97151,-34.171452],[-58.971545,-34.171234],[-58.971592,-34.171022],[-58.971644,-34.170857],[-58.97171,-34.170687],[-58.971882,-34.170319],[-58.971968,-34.170187],[-58.972144,-34.169936],[-58.9723,-34.169734],[-58.972608,-34.169379],[-58.97316,-34.168802],[-58.974863,-34.167007],[-58.976028,-34.16578],[-58.977101,-34.164638],[-58.977475,-34.164186],[-58.97799,-34.163625],[-58.97837,-34.163239],[-58.978699,-34.162967],[-58.979113,-34.162655],[-58.979491,-34.162391],[-58.979939,-34.162123],[-58.98041,-34.161874],[-58.980894,-34.161636],[-58.982062,-34.161139],[-58.984665,-34.159823],[-58.985642,-34.159338],[-58.986472,-34.158926],[-58.987294,-34.158492],[-58.991767,-34.156038],[-58.993752,-34.154949],[-58.994632,-34.154466],[-58.994871,-34.154304],[-58.995127,-34.154131],[-58.995747,-34.153712],[-58.996812,-34.152991],[-58.997805,-34.152319],[-58.99788,-34.152269],[-58.998261,-34.15201],[-58.999247,-34.151246],[-59.000246,-34.150213],[-59.00046,-34.150012],[-59.000599,-34.149889],[-59.000713,-34.149808],[-59.000809,-34.149739],[-59.000914,-34.149664],[-59.001773,-34.149062],[-59.001879,-34.148974],[-59.00196,-34.148885],[-59.002018,-34.148804],[-59.002057,-34.148737],[-59.002384,-34.148214],[-59.002631,-34.147794],[-59.003857,-34.145655],[-59.004515,-34.144506],[-59.004953,-34.143746],[-59.005282,-34.143174],[-59.006026,-34.141885],[-59.006128,-34.141661],[-59.006194,-34.141456],[-59.006305,-34.141092],[-59.006355,-34.14095],[-59.006415,-34.140759],[-59.006501,-34.140574],[-59.00661,-34.140398],[-59.006675,-34.140312],[-59.007246,-34.139698],[-59.007375,-34.139525],[-59.009422,-34.135976],[-59.009724,-34.135454],[-59.009736,-34.135433],[-59.009747,-34.135414],[-59.009856,-34.135222],[-59.010742,-34.133664],[-59.010969,-34.133265],[-59.011243,-34.132809],[-59.011581,-34.132232],[-59.012622,-34.130449],[-59.012669,-34.130367],[-59.013512,-34.128936],[-59.01374,-34.128536],[-59.01396,-34.128154],[-59.015109,-34.12611],[-59.016167,-34.124394],[-59.016495,-34.123917],[-59.016645,-34.123692],[-59.017133,-34.122855],[-59.017202,-34.122688],[-59.017244,-34.122551],[-59.017263,-34.12243],[-59.01726,-34.122355],[-59.017238,-34.122259],[-59.017148,-34.121978],[-59.017089,-34.121913],[-59.017025,-34.121846],[-59.016977,-34.121781],[-59.016949,-34.121719],[-59.016931,-34.121668],[-59.016923,-34.121614],[-59.016868,-34.121493],[-59.016817,-34.121412],[-59.016758,-34.121344],[-59.01669,-34.12129],[-59.016426,-34.121126],[-59.015276,-34.120541],[-59.014347,-34.120053],[-59.012882,-34.11929],[-59.012524,-34.119104],[-59.012147,-34.118857],[-59.012012,-34.118768],[-59.011255,-34.118124],[-59.010353,-34.117247],[-59.009493,-34.116476],[-59.008602,-34.115666],[-59.008078,-34.115191],[-59.007585,-34.114706],[-59.007237,-34.114313],[-59.007032,-34.114083],[-59.006828,-34.113837],[-59.006421,-34.113314],[-59.00606,-34.1128],[-59.005724,-34.112288],[-59.005391,-34.111763],[-59.005091,-34.111214],[-59.004817,-34.110646],[-59.004585,-34.11013],[-59.004444,-34.109799],[-59.004351,-34.109563],[-59.004151,-34.108996],[-59.003231,-34.10572],[-59.002939,-34.104709],[-59.002099,-34.101812],[-59.001832,-34.100827],[-58.999311,-34.091878],[-58.997563,-34.08566],[-58.996645,-34.082887],[-58.996168,-34.081266],[-58.995199,-34.07791],[-58.992605,-34.068646],[-58.99182,-34.065827],[-58.991574,-34.064944],[-58.989877,-34.058793],[-58.989448,-34.057238],[-58.987995,-34.051971],[-58.985239,-34.041926],[-58.982716,-34.032727],[-58.980739,-34.025522],[-58.980419,-34.024357],[-58.979785,-34.022045],[-58.977902,-34.01518],[-58.977773,-34.014708],[-58.977341,-34.013168],[-58.974368,-34.002312],[-58.971506,-33.991896],[-58.968625,-33.981434],[-58.968306,-33.98028],[-58.96573,-33.970971],[-58.965548,-33.970458],[-58.965429,-33.970138],[-58.965302,-33.96984],[-58.965166,-33.969553],[-58.965027,-33.969273],[-58.964883,-33.968991],[-58.964705,-33.968668],[-58.964561,-33.968421],[-58.964399,-33.968163],[-58.963007,-33.966119],[-58.961553,-33.964008],[-58.960805,-33.962915],[-58.95995,-33.961678],[-58.959212,-33.960599],[-58.958409,-33.95945],[-58.954867,-33.95425],[-58.954581,-33.953849],[-58.954386,-33.953535],[-58.953465,-33.952197],[-58.949303,-33.94617],[-58.946756,-33.942439],[-58.944488,-33.939147],[-58.944187,-33.938752],[-58.943887,-33.938387],[-58.943581,-33.938047],[-58.943364,-33.937805],[-58.943111,-33.937556],[-58.942373,-33.936863],[-58.942161,-33.936682],[-58.941789,-33.936381],[-58.94132,-33.936037],[-58.940839,-33.93571],[-58.940338,-33.935392],[-58.939956,-33.935159],[-58.939608,-33.934965],[-58.939302,-33.934801],[-58.938865,-33.934584],[-58.938521,-33.934422],[-58.935303,-33.93298],[-58.925617,-33.928654],[-58.916653,-33.92465],[-58.914231,-33.923557],[-58.911692,-33.922424],[-58.908878,-33.921168],[-58.906908,-33.920292],[-58.903995,-33.918896],[-58.889914,-33.912431],[-58.889331,-33.912143],[-58.888689,-33.911833],[-58.888143,-33.911583],[-58.887618,-33.91135],[-58.887586,-33.911336],[-58.886521,-33.910864],[-58.883369,-33.909468],[-58.88229,-33.908976],[-58.87956,-33.907812],[-58.879314,-33.907702],[-58.878736,-33.907418],[-58.878168,-33.907101],[-58.87758,-33.906763],[-58.877098,-33.906458],[-58.876493,-33.906058],[-58.876036,-33.905688],[-58.875499,-33.905236],[-58.874856,-33.90465],[-58.874563,-33.904348],[-58.874155,-33.903887],[-58.873493,-33.903102],[-58.873198,-33.902708],[-58.872866,-33.902221],[-58.872512,-33.901659],[-58.872186,-33.901073],[-58.871831,-33.900326],[-58.87149,-33.89948],[-58.87133,-33.899014],[-58.871173,-33.898497],[-58.870941,-33.897495],[-58.87089,-33.897168],[-58.870821,-33.896746],[-58.870783,-33.896396],[-58.870762,-33.895935],[-58.870749,-33.895448],[-58.870749,-33.894987],[-58.870769,-33.894531],[-58.870847,-33.893626],[-58.870945,-33.892672],[-58.871146,-33.890451],[-58.871484,-33.887249],[-58.872185,-33.880874],[-58.873559,-33.868182],[-58.873954,-33.864597],[-58.874054,-33.863591],[-58.874145,-33.862917],[-58.874214,-33.862256],[-58.874342,-33.861044],[-58.874435,-33.860159],[-58.874517,-33.85942],[-58.874536,-33.859232],[-58.874733,-33.857483],[-58.87649,-33.841406],[-58.877135,-33.835478],[-58.877175,-33.835138],[-58.877217,-33.834735],[-58.877724,-33.830251],[-58.878874,-33.819563],[-58.879666,-33.81253],[-58.879836,-33.810807],[-58.879861,-33.810554],[-58.879879,-33.810377],[-58.880177,-33.807366],[-58.880199,-33.806949],[-58.8802,-33.806699],[-58.880201,-33.806631],[-58.880202,-33.806108],[-58.880175,-33.805704],[-58.880125,-33.80522],[-58.88006,-33.804736],[-58.879921,-33.804012],[-58.879797,-33.803514],[-58.879574,-33.802856],[-58.879057,-33.801459],[-58.874913,-33.790792],[-58.874796,-33.790493],[-58.87336,-33.786812],[-58.873009,-33.785911],[-58.871043,-33.78096],[-58.870385,-33.779265],[-58.865933,-33.767805],[-58.861914,-33.757458],[-58.8617,-33.756909],[-58.859038,-33.750074],[-58.855963,-33.74218],[-58.85582,-33.741784],[-58.855634,-33.741163],[-58.855505,-33.740634],[-58.854509,-33.736082],[-58.854296,-33.735108],[-58.853856,-33.733296],[-58.853774,-33.73292],[-58.853524,-33.731726],[-58.853362,-33.731081],[-58.85302,-33.729433],[-58.85259,-33.727631],[-58.852486,-33.727189],[-58.852407,-33.726835],[-58.852208,-33.725934],[-58.848061,-33.707234],[-58.847926,-33.706629],[-58.847556,-33.705091],[-58.846674,-33.70113],[-58.846488,-33.700293],[-58.846373,-33.699778],[-58.845744,-33.696952],[-58.845635,-33.696462],[-58.842567,-33.682678],[-58.842498,-33.682387],[-58.842021,-33.680671],[-58.841878,-33.68017],[-58.841702,-33.679623],[-58.839731,-33.673429],[-58.839546,-33.672866],[-58.839131,-33.671602],[-58.837786,-33.667443],[-58.837632,-33.667007],[-58.837475,-33.666609],[-58.835995,-33.66292],[-58.834595,-33.659529],[-58.834382,-33.658996],[-58.832771,-33.654989],[-58.83228,-33.653718],[-58.831787,-33.65244],[-58.831326,-33.651246],[-58.830265,-33.648497],[-58.830068,-33.647986],[-58.829714,-33.647067],[-58.82913,-33.645527],[-58.828534,-33.643958],[-58.827785,-33.641973],[-58.827136,-33.640325],[-58.82707,-33.640164],[-58.826473,-33.638717],[-58.826238,-33.63813],[-58.824912,-33.634841],[-58.82448,-33.633831],[-58.824289,-33.633407],[-58.823993,-33.632752],[-58.823723,-33.632284],[-58.823411,-33.631815],[-58.823287,-33.631645],[-58.823142,-33.631466],[-58.822853,-33.631091],[-58.821956,-33.630072],[-58.821163,-33.629112],[-58.82074,-33.628592],[-58.819685,-33.627219],[-58.819426,-33.626859],[-58.817434,-33.624174],[-58.815751,-33.621852],[-58.815531,-33.621553],[-58.813214,-33.618382],[-58.812093,-33.61686],[-58.811837,-33.616519],[-58.811614,-33.616178],[-58.810026,-33.613635],[-58.809551,-33.612863],[-58.808757,-33.611677],[-58.808381,-33.611129],[-58.807942,-33.6105],[-58.80654,-33.608638],[-58.803432,-33.604511],[-58.803134,-33.604081],[-58.802953,-33.603799],[-58.802794,-33.603526],[-58.8026,-33.603167],[-58.802414,-33.602792],[-58.802177,-33.602274],[-58.802014,-33.601872],[-58.801818,-33.601344],[-58.801621,-33.600677],[-58.801414,-33.59985],[-58.801198,-33.598887],[-58.800797,-33.597094],[-58.800105,-33.593944],[-58.800016,-33.593538],[-58.79989,-33.592981],[-58.799686,-33.59208],[-58.799535,-33.59141],[-58.798335,-33.586146],[-58.798025,-33.584336],[-58.79797,-33.583964],[-58.797839,-33.583232],[-58.797632,-33.582288],[-58.796964,-33.579313],[-58.796719,-33.578388],[-58.79618,-33.576463],[-58.795945,-33.575559],[-58.795797,-33.574859],[-58.795724,-33.574506],[-58.795626,-33.573981],[-58.79556,-33.573429],[-58.795453,-33.57236],[-58.795289,-33.570163],[-58.795009,-33.566145],[-58.794858,-33.564277],[-58.7948,-33.563781],[-58.794721,-33.563258],[-58.794551,-33.562328],[-58.794203,-33.560477],[-58.793619,-33.557329],[-58.793562,-33.556955],[-58.793526,-33.556582],[-58.793486,-33.555924],[-58.792668,-33.53551],[-58.792554,-33.534378],[-58.792443,-33.533776],[-58.79229,-33.533228],[-58.792094,-33.532624],[-58.791849,-33.532039],[-58.791442,-33.531269],[-58.78984,-33.528246],[-58.789513,-33.527629],[-58.789151,-33.526851],[-58.788992,-33.52645],[-58.788845,-33.52605],[-58.788689,-33.525419],[-58.788589,-33.524822],[-58.788546,-33.524102],[-58.788545,-33.523388],[-58.788594,-33.522916],[-58.788658,-33.522468],[-58.789863,-33.517449],[-58.790922,-33.513039],[-58.791159,-33.51231],[-58.791466,-33.511619],[-58.791975,-33.510824],[-58.792547,-33.510035],[-58.793626,-33.508675],[-58.794886,-33.507087],[-58.79529,-33.506609],[-58.796,-33.505765],[-58.796448,-33.505272],[-58.797325,-33.504391],[-58.797589,-33.504122],[-58.797911,-33.503768],[-58.798157,-33.50348],[-58.798558,-33.503004],[-58.800144,-33.500919],[-58.80025,-33.500756],[-58.800376,-33.500571],[-58.80054,-33.500269],[-58.800643,-33.500062],[-58.800761,-33.499798],[-58.800848,-33.499526],[-58.800918,-33.499172],[-58.800964,-33.498921],[-58.800988,-33.498671],[-58.800995,-33.498488],[-58.801011,-33.49748],[-58.801013,-33.496735],[-58.801005,-33.495718],[-58.801039,-33.494393],[-58.801069,-33.493601],[-58.801126,-33.492799],[-58.801199,-33.49198],[-58.801238,-33.491406],[-58.801246,-33.491289],[-58.801283,-33.490658],[-58.801659,-33.481775],[-58.802049,-33.472521],[-58.802319,-33.467221],[-58.802446,-33.463023],[-58.802497,-33.461505],[-58.802681,-33.457373],[-58.802723,-33.456715],[-58.802742,-33.456001],[-58.8028,-33.454984],[-58.802853,-33.454018],[-58.802852,-33.453684],[-58.802847,-33.453507],[-58.802817,-33.453039],[-58.802777,-33.452666],[-58.802731,-33.452344],[-58.802674,-33.452026],[-58.802588,-33.451634],[-58.802453,-33.451129],[-58.802297,-33.450662],[-58.802129,-33.45024],[-58.801962,-33.449877],[-58.801828,-33.449581],[-58.801586,-33.449147],[-58.800857,-33.447957],[-58.800275,-33.447033],[-58.799818,-33.446314],[-58.799516,-33.445887],[-58.799324,-33.445643],[-58.79894,-33.445183],[-58.798645,-33.444864],[-58.798322,-33.444559],[-58.793327,-33.439928],[-58.789317,-33.43623],[-58.785709,-33.432894],[-58.784798,-33.432113],[-58.784123,-33.431566],[-58.778098,-33.426708],[-58.776812,-33.425742],[-58.776191,-33.425334],[-58.772071,-33.422704],[-58.768187,-33.420271],[-58.764518,-33.418186],[-58.760448,-33.416029],[-58.756234,-33.413781],[-58.754357,-33.412768],[-58.753787,-33.412406],[-58.75341,-33.412135],[-58.753065,-33.411884],[-58.752534,-33.411426],[-58.752097,-33.41099],[-58.751743,-33.410592],[-58.751452,-33.410224],[-58.751145,-33.409791],[-58.750785,-33.409256],[-58.750537,-33.408764],[-58.750378,-33.408435],[-58.750225,-33.408117],[-58.74971,-33.406786],[-58.748799,-33.404123],[-58.748745,-33.403967],[-58.747915,-33.40156],[-58.747484,-33.400165],[-58.747302,-33.399465],[-58.747058,-33.398491],[-58.746956,-33.398121],[-58.746738,-33.397305],[-58.746691,-33.397107],[-58.746518,-33.396508],[-58.74638,-33.395965],[-58.746147,-33.395295],[-58.745966,-33.394829],[-58.74568,-33.394164],[-58.744793,-33.392104],[-58.743832,-33.389747],[-58.743764,-33.389584],[-58.743631,-33.389266],[-58.743254,-33.388282],[-58.742959,-33.387545],[-58.742268,-33.38584],[-58.741665,-33.384286],[-58.741443,-33.383752],[-58.740897,-33.382466],[-58.740502,-33.381607],[-58.738137,-33.376766],[-58.736704,-33.373919],[-58.734894,-33.370251],[-58.728542,-33.357215],[-58.727214,-33.354521],[-58.725858,-33.351748],[-58.722652,-33.345308],[-58.719393,-33.338545],[-58.718094,-33.335998],[-58.71761,-33.334989],[-58.717109,-33.333938],[-58.716731,-33.33313],[-58.716605,-33.332907],[-58.712267,-33.324114],[-58.712127,-33.323781],[-58.711871,-33.323075],[-58.711552,-33.322133],[-58.711396,-33.321493],[-58.71126,-33.320715],[-58.711157,-33.319863],[-58.711139,-33.319162],[-58.711281,-33.304122],[-58.711384,-33.296581],[-58.711383,-33.29584],[-58.711372,-33.291324],[-58.711363,-33.28737],[-58.711329,-33.283691],[-58.711177,-33.280069],[-58.711115,-33.276975],[-58.711132,-33.275745],[-58.711137,-33.275421],[-58.711203,-33.270788],[-58.711361,-33.252739],[-58.711367,-33.251773],[-58.711352,-33.251081],[-58.711281,-33.25064],[-58.71123,-33.250332],[-58.711157,-33.250007],[-58.71108,-33.249721],[-58.710852,-33.249034],[-58.710614,-33.248498],[-58.710076,-33.247491],[-58.709779,-33.24699],[-58.709426,-33.246474],[-58.707135,-33.243598],[-58.705099,-33.241138],[-58.699433,-33.234323],[-58.696132,-33.230323],[-58.693371,-33.227],[-58.686874,-33.219169],[-58.684964,-33.216882],[-58.684071,-33.215812],[-58.683389,-33.214875],[-58.682924,-33.214211],[-58.682629,-33.213728],[-58.682402,-33.213316],[-58.681998,-33.212499],[-58.68161,-33.211629],[-58.681235,-33.21054],[-58.681054,-33.209926],[-58.68087,-33.209071],[-58.679703,-33.203582],[-58.677677,-33.194049],[-58.676258,-33.187376],[-58.675169,-33.18225],[-58.674611,-33.179577],[-58.674342,-33.178427],[-58.673546,-33.17458],[-58.673394,-33.173866],[-58.673367,-33.17374],[-58.673104,-33.172501],[-58.672794,-33.171195],[-58.672493,-33.170049],[-58.672302,-33.169441],[-58.672045,-33.168778],[-58.669724,-33.163143],[-58.664857,-33.151402],[-58.664671,-33.150951],[-58.663856,-33.148977],[-58.663646,-33.148471],[-58.662579,-33.145998],[-58.661814,-33.144116],[-58.661411,-33.143278],[-58.660837,-33.142189],[-58.66043,-33.141368],[-58.660109,-33.140618],[-58.656062,-33.130804],[-58.655367,-33.129165],[-58.654886,-33.127952],[-58.654854,-33.127875],[-58.651109,-33.118792],[-58.64927,-33.114365],[-58.64509,-33.104295],[-58.644166,-33.102058],[-58.643905,-33.101426],[-58.642756,-33.098647],[-58.642343,-33.097648],[-58.64178,-33.096382],[-58.641298,-33.095255],[-58.634841,-33.079606],[-58.630894,-33.070037],[-58.630841,-33.069914],[-58.630381,-33.068863],[-58.630254,-33.068585],[-58.629805,-33.067565],[-58.628747,-33.065017],[-58.628618,-33.064707],[-58.628155,-33.063592],[-58.627769,-33.062608],[-58.627423,-33.061804],[-58.627202,-33.061283],[-58.626857,-33.060468],[-58.626393,-33.059331],[-58.624441,-33.054584],[-58.624071,-33.053686],[-58.623853,-33.053157],[-58.623072,-33.05133],[-58.622419,-33.049835],[-58.62086,-33.045975],[-58.620456,-33.04504],[-58.620015,-33.043991],[-58.619461,-33.042692],[-58.619146,-33.041896],[-58.618933,-33.041358],[-58.618737,-33.040863],[-58.618478,-33.04053],[-58.61843,-33.040468],[-58.618373,-33.040412],[-58.618316,-33.04036],[-58.618254,-33.040314],[-58.618189,-33.040273],[-58.618132,-33.040244],[-58.618067,-33.040213],[-58.617996,-33.040185],[-58.61792,-33.040162],[-58.617835,-33.040143],[-58.617758,-33.040127],[-58.617303,-33.040031],[-58.616391,-33.039841],[-58.616276,-33.039793],[-58.616236,-33.039768],[-58.616204,-33.039736],[-58.616177,-33.039701],[-58.616155,-33.039661],[-58.616141,-33.039618],[-58.616137,-33.03957],[-58.616142,-33.039523],[-58.616148,-33.03949],[-58.616161,-33.039454],[-58.616171,-33.039428],[-58.6162,-33.039387],[-58.616232,-33.03936],[-58.616268,-33.039341],[-58.616301,-33.03933],[-58.616338,-33.03932],[-58.618037,-33.039454],[-58.618465,-33.039487],[-58.618517,-33.039491],[-58.619268,-33.039552],[-58.620038,-33.039619],[-58.620275,-33.039638],[-58.620382,-33.039647],[-58.620607,-33.039665],[-58.621736,-33.039746],[-58.627822,-33.040165],[-58.628768,-33.040272],[-58.630091,-33.040372],[-58.631125,-33.04045],[-58.645147,-33.04154],[-58.649305,-33.041866],[-58.649796,-33.041905],[-58.651424,-33.042053],[-58.652337,-33.04217],[-58.653284,-33.042369],[-58.68045,-33.049336],[-58.683111,-33.049995],[-58.683223,-33.050023],[-58.694637,-33.052949],[-58.696905,-33.05355],[-58.69694,-33.053559],[-58.703726,-33.055386],[-58.7128,-33.057802],[-58.712943,-33.057841],[-58.717281,-33.059016],[-58.729198,-33.062228],[-58.730503,-33.06258],[-58.731762,-33.062919],[-58.736629,-33.064231],[-58.752681,-33.068557],[-58.753182,-33.068692],[-58.753767,-33.068861],[-58.754915,-33.069171],[-58.755344,-33.069284],[-58.759479,-33.070424],[-58.759535,-33.070439],[-58.759726,-33.070489],[-58.759825,-33.070514],[-58.763775,-33.071546],[-58.765292,-33.072055],[-58.765403,-33.072098],[-58.765935,-33.072302],[-58.768117,-33.073197],[-58.774385,-33.076109],[-58.78488,-33.080984],[-58.785292,-33.081151],[-58.785698,-33.081305],[-58.786127,-33.08144],[-58.786555,-33.081547],[-58.786991,-33.081629],[-58.787822,-33.08173],[-58.788169,-33.081767],[-58.793733,-33.082432],[-58.793817,-33.082442],[-58.805332,-33.083807],[-58.805672,-33.083847],[-58.806461,-33.083943],[-58.806757,-33.083975],[-58.807089,-33.083995],[-58.807714,-33.084015],[-58.808568,-33.08401],[-58.80899,-33.083981],[-58.809414,-33.08394],[-58.810253,-33.083809],[-58.811287,-33.083582],[-58.81685,-33.082089],[-58.834451,-33.077349],[-58.835267,-33.077137],[-58.838062,-33.076353],[-58.839756,-33.075923],[-58.841467,-33.075489],[-58.844866,-33.074574],[-58.847119,-33.073957],[-58.849214,-33.073397],[-58.850491,-33.07305],[-58.851893,-33.072667],[-58.853136,-33.07233],[-58.853714,-33.072163],[-58.854209,-33.072012],[-58.854696,-33.071861],[-58.855176,-33.071704],[-58.855955,-33.071446],[-58.860811,-33.069827],[-58.861762,-33.069508],[-58.861913,-33.069456],[-58.864688,-33.068534],[-58.868208,-33.067352],[-58.868328,-33.067313],[-58.873168,-33.065696],[-58.87443,-33.065274],[-58.879571,-33.063515],[-58.882867,-33.062467],[-58.884549,-33.061954],[-58.885325,-33.061748],[-58.88623,-33.061543],[-58.908862,-33.057384],[-58.914953,-33.056269],[-58.923557,-33.054689],[-58.924334,-33.054546],[-58.926047,-33.054227],[-58.926174,-33.054204],[-58.926832,-33.054082],[-58.951473,-33.049508],[-58.958801,-33.048148],[-58.959431,-33.048031],[-58.960033,-33.047929],[-58.960531,-33.047843],[-58.965322,-33.04695],[-58.968898,-33.046291],[-58.969419,-33.046194],[-58.976623,-33.044855],[-58.981129,-33.044025],[-58.981194,-33.044013],[-58.98286,-33.04372],[-58.983069,-33.043701],[-58.983465,-33.043665],[-58.984241,-33.043614],[-58.985126,-33.043589],[-58.990226,-33.043516],[-58.990643,-33.043513],[-58.990762,-33.0435],[-58.990928,-33.043462],[-58.991151,-33.043352],[-58.991282,-33.043262],[-58.99144,-33.043128],[-58.991513,-33.043069],[-58.991675,-33.042921],[-58.991895,-33.042713],[-58.992088,-33.042531],[-58.992143,-33.04247],[-58.992321,-33.042232],[-58.992949,-33.041622],[-58.993792,-33.040792],[-58.994628,-33.040008],[-58.995434,-33.039215],[-58.996317,-33.038368],[-58.997158,-33.037553],[-58.997992,-33.036739],[-58.998876,-33.035925],[-58.99971,-33.035116],[-59.000488,-33.034354],[-59.000559,-33.034292],[-59.001297,-33.033572],[-59.001433,-33.033546],[-59.001724,-33.033236],[-59.001914,-33.033085],[-59.00196,-33.033026],[-59.001981,-33.032957],[-59.001987,-33.032859],[-59.001972,-33.032824],[-59.001968,-33.032786],[-59.001977,-33.032749],[-59.002001,-33.032708],[-59.002039,-33.032677],[-59.002086,-33.032656],[-59.002153,-33.032613],[-59.002958,-33.031832],[-59.003056,-33.031736],[-59.003918,-33.030901],[-59.004068,-33.030739],[-59.004474,-33.030716],[-59.005053,-33.030712],[-59.005432,-33.030699],[-59.006303,-33.030639],[-59.007218,-33.030602],[-59.007343,-33.030595],[-59.007648,-33.030574],[-59.009308,-33.030514],[-59.009464,-33.030496],[-59.009581,-33.030459],[-59.009668,-33.030394],[-59.009728,-33.030319],[-59.009791,-33.030192],[-59.009887,-33.029833],[-59.009951,-33.029388],[-59.00995,-33.028534],[-59.010011,-33.016728],[-59.010059,-33.016295],[-59.011359,-33.010369],[-59.011355,-33.01022],[-59.011319,-33.010102],[-59.011266,-33.009992],[-59.011171,-33.009919],[-59.006624,-33.007186],[-59.006161,-33.00686],[-58.99923,-33.000599],[-58.999058,-33.000444],[-58.998709,-33.000158],[-58.996825,-32.998782],[-58.99546,-32.997714],[-58.995188,-32.997589],[-58.994917,-32.997528],[-58.985199,-32.996973],[-58.984682,-32.996929],[-58.984544,-32.996939],[-58.984258,-32.997003],[-58.983869,-32.997081],[-58.983831,-32.997007],[-58.97424,-32.978382],[-58.973318,-32.976535],[-58.970567,-32.971024],[-58.970044,-32.970137],[-58.969522,-32.969375],[-58.967929,-32.967266],[-58.967496,-32.966723],[-58.96678,-32.965946],[-58.965925,-32.965103],[-58.965098,-32.964349],[-58.960578,-32.960644],[-58.959914,-32.960002],[-58.959374,-32.959381],[-58.958852,-32.958679],[-58.958454,-32.957978],[-58.958171,-32.957376],[-58.957863,-32.95666],[-58.9577,-32.956071],[-58.957585,-32.955525],[-58.95753,-32.954731],[-58.95755,-32.953822],[-58.957657,-32.95309],[-58.959265,-32.94297],[-58.95929,-32.942108],[-58.959287,-32.941343],[-58.959206,-32.940647],[-58.959083,-32.940109],[-58.958919,-32.939623],[-58.958737,-32.939307],[-58.958481,-32.938907],[-58.95357,-32.932173],[-58.951591,-32.92933],[-58.947526,-32.923692],[-58.946482,-32.922261],[-58.946275,-32.921971],[-58.945827,-32.92132],[-58.945746,-32.921171],[-58.945672,-32.920978],[-58.945583,-32.920484],[-58.945528,-32.920325],[-58.94545,-32.920153],[-58.945324,-32.919958],[-58.945035,-32.91957],[-58.937658,-32.90928],[-58.936698,-32.907953],[-58.932467,-32.902014],[-58.932415,-32.901941],[-58.932287,-32.901769],[-58.927851,-32.895606],[-58.925257,-32.891972],[-58.92503,-32.891603],[-58.924816,-32.891201],[-58.924598,-32.890701],[-58.923977,-32.888969],[-58.921448,-32.881738],[-58.919024,-32.874715],[-58.918922,-32.874313],[-58.918857,-32.873819],[-58.918802,-32.872948],[-58.918733,-32.872015],[-58.918394,-32.866622],[-58.918244,-32.864166],[-58.918186,-32.863707],[-58.918103,-32.863295],[-58.917974,-32.862888],[-58.917809,-32.862477],[-58.917517,-32.861932],[-58.917112,-32.861226],[-58.916897,-32.860885],[-58.916656,-32.860559],[-58.916385,-32.860242],[-58.915844,-32.859701],[-58.91431,-32.8582],[-58.913846,-32.857743],[-58.913015,-32.856979],[-58.911702,-32.855821],[-58.909827,-32.854165],[-58.909029,-32.853471],[-58.8972,-32.84302],[-58.896948,-32.842792],[-58.893536,-32.839867],[-58.891371,-32.837896],[-58.891044,-32.837578],[-58.890735,-32.837259],[-58.890424,-32.836888],[-58.890237,-32.836625],[-58.889968,-32.836239],[-58.88968,-32.835734],[-58.889379,-32.835126],[-58.887971,-32.831375],[-58.885952,-32.826347],[-58.880677,-32.813423],[-58.880607,-32.813255],[-58.880515,-32.813103],[-58.880422,-32.813002],[-58.880285,-32.812893],[-58.880107,-32.812792],[-58.879886,-32.812722],[-58.879371,-32.812603],[-58.879152,-32.812558],[-58.880992,-32.80718],[-58.881405,-32.806],[-58.881759,-32.805029],[-58.88211,-32.803999],[-58.88246,-32.802972],[-58.882805,-32.802005],[-58.88327,-32.800826],[-58.883287,-32.800783],[-58.885591,-32.794304],[-58.886708,-32.791204],[-58.887148,-32.789964],[-58.887267,-32.789616],[-58.888178,-32.787199],[-58.889653,-32.783007],[-58.889759,-32.78269],[-58.889831,-32.7824],[-58.889884,-32.782058],[-58.889928,-32.78158],[-58.889946,-32.781227],[-58.889942,-32.781057],[-58.889945,-32.780576],[-58.88992,-32.78021],[-58.889891,-32.779987],[-58.889845,-32.779724],[-58.889786,-32.779485],[-58.889697,-32.779219],[-58.888339,-32.77529],[-58.88635,-32.769599],[-58.886318,-32.769506],[-58.885069,-32.765878],[-58.884992,-32.765597],[-58.884806,-32.764929],[-58.884613,-32.763735],[-58.884557,-32.763358],[-58.884536,-32.762976],[-58.884572,-32.762521],[-58.884654,-32.761962],[-58.884698,-32.761727],[-58.885288,-32.758982],[-58.885428,-32.758404],[-58.885597,-32.757971],[-58.8858,-32.75758],[-58.886254,-32.756725],[-58.887137,-32.754953],[-58.887583,-32.754061],[-58.887814,-32.753625],[-58.888022,-32.75329],[-58.888253,-32.752956],[-58.889017,-32.75194],[-58.889211,-32.751655],[-58.889406,-32.751301],[-58.894671,-32.741104],[-58.895965,-32.738614],[-58.897918,-32.734843],[-58.900168,-32.730493],[-58.902761,-32.725485],[-58.905082,-32.72097],[-58.905362,-32.720341],[-58.905465,-32.720061],[-58.905545,-32.719768],[-58.905649,-32.719262],[-58.905722,-32.718835],[-58.905821,-32.718282],[-58.905839,-32.718134],[-58.905891,-32.717769],[-58.905901,-32.717441],[-58.905899,-32.716983],[-58.905864,-32.716543],[-58.905811,-32.716192],[-58.905753,-32.715926],[-58.905647,-32.715548],[-58.905497,-32.715092],[-58.904623,-32.712469],[-58.903472,-32.709085],[-58.902315,-32.70573],[-58.902067,-32.704975],[-58.9019,-32.704432],[-58.901789,-32.704017],[-58.901774,-32.703952],[-58.901713,-32.70368],[-58.901661,-32.703395],[-58.901609,-32.70289],[-58.901545,-32.700593],[-58.901474,-32.700221],[-58.901395,-32.700013],[-58.901183,-32.699709],[-58.899138,-32.697313],[-58.896011,-32.693616],[-58.895209,-32.694286],[-58.894291,-32.695057],[-58.893358,-32.695841],[-58.893266,-32.695922],[-58.893177,-32.695996],[-58.892608,-32.695528],[-58.892172,-32.695169],[-58.891268,-32.694418],[-58.89036,-32.693669],[-58.88945,-32.692895],[-58.888537,-32.692145],[-58.888312,-32.691941],[-58.887401,-32.691193],[-58.886495,-32.690429],[-58.885577,-32.689669],[-58.884654,-32.688899],[-58.883726,-32.688111],[-58.883607,-32.68801],[-58.883712,-32.687923],[-58.883831,-32.687824],[-58.884729,-32.687053],[-58.885651,-32.68629],[-58.886525,-32.685525],[-58.887445,-32.684746],[-58.888347,-32.68398],[-58.889262,-32.683223],[-58.888317,-32.682447],[-58.889206,-32.681664],[-58.888317,-32.680915],[-58.887394,-32.680148],[-58.886486,-32.67939],[-58.885705,-32.678725],[-58.885405,-32.678444],[-58.885156,-32.678117],[-58.884986,-32.677861],[-58.884871,-32.677642],[-58.884747,-32.677381],[-58.884662,-32.677111],[-58.884502,-32.676384],[-58.884295,-32.675376],[-58.884229,-32.675221],[-58.884129,-32.675026],[-58.883998,-32.67485],[-58.883865,-32.674707],[-58.883812,-32.674656],[-58.883654,-32.674503],[-58.883433,-32.674298],[-58.883356,-32.674286],[-58.883231,-32.674239],[-58.883127,-32.674164],[-58.883053,-32.674068],[-58.883015,-32.673957],[-58.88302,-32.673826],[-58.883075,-32.673704],[-58.883174,-32.673603],[-58.883348,-32.673447],[-58.883416,-32.673347],[-58.883458,-32.673228],[-58.883499,-32.673075],[-58.883528,-32.6729],[-58.883557,-32.672679],[-58.883559,-32.672433],[-58.88354,-32.672165],[-58.883516,-32.671866],[-58.882526,-32.667533],[-58.882419,-32.666978],[-58.882364,-32.666614],[-58.882331,-32.666279],[-58.882323,-32.665938],[-58.882334,-32.665637],[-58.88236,-32.665369],[-58.882406,-32.66509],[-58.882417,-32.665022],[-58.882508,-32.664615],[-58.882622,-32.664209],[-58.882758,-32.663812],[-58.883374,-32.66221],[-58.883447,-32.662023],[-58.886509,-32.654138],[-58.888032,-32.650158],[-58.888229,-32.649641],[-58.88845,-32.649121],[-58.888858,-32.64837],[-58.889385,-32.647486],[-58.88946,-32.647348],[-58.88951,-32.647262],[-58.889761,-32.646827],[-58.890022,-32.646335],[-58.890236,-32.645789],[-58.890376,-32.645367],[-58.890406,-32.645277],[-58.891706,-32.640678],[-58.892591,-32.637516],[-58.893311,-32.634958],[-58.895167,-32.628443],[-58.89613,-32.625015],[-58.896159,-32.62491],[-58.898894,-32.615109],[-58.899242,-32.613863],[-58.900453,-32.609555],[-58.90082,-32.608252],[-58.90117,-32.607007],[-58.902374,-32.602725],[-58.902498,-32.602008],[-58.902561,-32.601321],[-58.902572,-32.600916],[-58.902541,-32.600555],[-58.902059,-32.596154],[-58.902024,-32.59572],[-58.902021,-32.595164],[-58.902038,-32.59487],[-58.902071,-32.59454],[-58.902137,-32.594165],[-58.902228,-32.593763],[-58.90224,-32.593699],[-58.902324,-32.593347],[-58.902386,-32.593111],[-58.90249,-32.592771],[-58.902595,-32.592491],[-58.902725,-32.592205],[-58.902795,-32.592051],[-58.90294,-32.59175],[-58.903246,-32.591189],[-58.903269,-32.591147],[-58.903374,-32.590958],[-58.904437,-32.589065],[-58.904782,-32.588342],[-58.904944,-32.587911],[-58.905067,-32.587529],[-58.905301,-32.586672],[-58.906212,-32.58333],[-58.906894,-32.580739],[-58.906899,-32.58072],[-58.908976,-32.57319],[-58.912021,-32.562042],[-58.914236,-32.554274],[-58.91956,-32.535605],[-58.921905,-32.527478],[-58.922473,-32.525708],[-58.922777,-32.524795],[-58.923261,-32.523429],[-58.923911,-32.521615],[-58.923969,-32.52144],[-58.924094,-32.521152],[-58.924215,-32.520874],[-58.926109,-32.515996],[-58.92621,-32.515705],[-58.926304,-32.515286],[-58.926354,-32.515027],[-58.926421,-32.514566],[-58.926454,-32.514233],[-58.926467,-32.51404],[-58.926459,-32.513735],[-58.926424,-32.513355],[-58.926353,-32.512785],[-58.926238,-32.512235],[-58.926056,-32.511492],[-58.926022,-32.511342],[-58.925979,-32.511144],[-58.925606,-32.50959],[-58.924799,-32.506217],[-58.923189,-32.499361],[-58.923077,-32.498884],[-58.922803,-32.497716],[-58.920566,-32.488187],[-58.920518,-32.487981],[-58.919447,-32.483504],[-58.919026,-32.481747],[-58.918971,-32.481516],[-58.918225,-32.478302],[-58.917695,-32.476209],[-58.917404,-32.474875],[-58.916947,-32.472928],[-58.916867,-32.472587],[-58.916172,-32.469629],[-58.91564,-32.467364],[-58.913029,-32.456248],[-58.912789,-32.45521],[-58.91264,-32.454564],[-58.912597,-32.454139],[-58.91259,-32.454074],[-58.912526,-32.453073],[-58.912226,-32.441896],[-58.912134,-32.440107],[-58.912058,-32.439442],[-58.911958,-32.438815],[-58.911824,-32.438336],[-58.90946,-32.431017],[-58.909394,-32.430818],[-58.909085,-32.429857],[-58.908599,-32.428359],[-58.903457,-32.41251],[-58.901337,-32.405976],[-58.900862,-32.404482],[-58.899509,-32.400337],[-58.899448,-32.400151],[-58.898672,-32.39778],[-58.897505,-32.394212],[-58.897149,-32.393236],[-58.896973,-32.392673],[-58.896962,-32.392639],[-58.896766,-32.392013],[-58.896336,-32.390601],[-58.89579,-32.388922],[-58.895552,-32.388271],[-58.895515,-32.388187],[-58.895372,-32.387862],[-58.895329,-32.387754],[-58.895286,-32.387627],[-58.89526,-32.387529],[-58.895064,-32.386882],[-58.894922,-32.38644],[-58.894819,-32.386154],[-58.894787,-32.386078],[-58.894723,-32.385844],[-58.894516,-32.385152],[-58.893278,-32.381266],[-58.892815,-32.379809],[-58.892575,-32.379072],[-58.892316,-32.37828],[-58.892255,-32.378076],[-58.892049,-32.377483],[-58.891884,-32.376923],[-58.891391,-32.37532],[-58.890269,-32.371873],[-58.890167,-32.371517],[-58.889985,-32.371014],[-58.88987,-32.370662],[-58.889785,-32.370356],[-58.889699,-32.370005],[-58.889662,-32.369777],[-58.889656,-32.369718],[-58.889706,-32.369456],[-58.88975,-32.369319],[-58.889821,-32.369132],[-58.889924,-32.368931],[-58.890021,-32.368806],[-58.890149,-32.368697],[-58.890351,-32.368562],[-58.890478,-32.368492],[-58.890692,-32.368395],[-58.893228,-32.367531],[-58.908189,-32.362493],[-58.908431,-32.36241],[-58.914919,-32.360181],[-58.919774,-32.358563],[-58.91995,-32.358404],[-58.920008,-32.358247],[-58.919931,-32.358038],[-58.918791,-32.354561],[-58.918661,-32.35416],[-58.917361,-32.350169],[-58.916845,-32.348585],[-58.91278,-32.335974],[-58.909202,-32.325217],[-58.909039,-32.324687],[-58.90448,-32.310597],[-58.904019,-32.309156],[-58.903957,-32.308901],[-58.903912,-32.308629],[-58.903892,-32.308368],[-58.903897,-32.308003],[-58.903932,-32.307585],[-58.904041,-32.307081],[-58.907486,-32.294325],[-58.914188,-32.269557],[-58.915981,-32.262897],[-58.918415,-32.253682],[-58.922748,-32.237724],[-58.924271,-32.231927],[-58.924699,-32.230443],[-58.925087,-32.228547],[-58.92744,-32.217339],[-58.927521,-32.216947],[-58.928011,-32.214576],[-58.929142,-32.209072],[-58.931127,-32.199921],[-58.931251,-32.19926],[-58.931288,-32.198669],[-58.931256,-32.198097],[-58.9312,-32.197784],[-58.931127,-32.197416],[-58.92985,-32.191865],[-58.929813,-32.191674],[-58.929795,-32.191522],[-58.929793,-32.191354],[-58.929809,-32.191228],[-58.929843,-32.19107],[-58.929903,-32.190913],[-58.929977,-32.190777],[-58.930052,-32.190666],[-58.930218,-32.190465],[-58.931159,-32.189462],[-58.931427,-32.18918],[-58.932638,-32.187905],[-58.932965,-32.187483],[-58.933296,-32.186987],[-58.933607,-32.186483],[-58.933797,-32.186086],[-58.933989,-32.185724],[-58.934199,-32.185232],[-58.934311,-32.184881],[-58.934404,-32.184534],[-58.93453,-32.184018],[-58.934799,-32.182808],[-58.935017,-32.181702],[-58.9355,-32.179449],[-58.935998,-32.176994],[-58.936148,-32.176293],[-58.936246,-32.175878],[-58.936488,-32.174699],[-58.936601,-32.174146],[-58.936996,-32.172028],[-58.938449,-32.165185],[-58.940601,-32.154871],[-58.940679,-32.154665],[-58.940815,-32.154308],[-58.941094,-32.153845],[-58.950322,-32.139865],[-58.950537,-32.139539],[-58.972186,-32.105972],[-58.972605,-32.105254],[-58.973002,-32.104445],[-58.973096,-32.104242],[-58.974718,-32.100739],[-58.974949,-32.100193],[-58.979428,-32.089458],[-58.980182,-32.08771],[-58.98956,-32.066194],[-58.990078,-32.064971],[-58.990184,-32.064623],[-58.990231,-32.064328],[-58.990254,-32.06402],[-58.990249,-32.063756],[-58.990098,-32.06079],[-58.989893,-32.056386],[-58.989133,-32.038855],[-58.989151,-32.038121],[-58.989154,-32.037466],[-58.989202,-32.031938],[-58.989181,-32.031311],[-58.989149,-32.030592],[-58.988687,-32.025526],[-58.988612,-32.024744],[-58.988612,-32.024152],[-58.988389,-32.018165],[-58.987808,-32.002528],[-58.987775,-32.00211],[-58.987722,-32.001691],[-58.987153,-31.999044],[-58.987078,-31.998543],[-58.987057,-31.998015],[-58.987057,-31.997151],[-58.98722,-31.98572],[-58.987246,-31.985366],[-58.987287,-31.985069],[-58.987337,-31.984866],[-58.987362,-31.984801],[-58.987429,-31.984632],[-58.987829,-31.983884],[-58.987899,-31.983743],[-58.989626,-31.980412],[-58.989785,-31.980098],[-58.991007,-31.977717],[-58.992783,-31.974203],[-59.000435,-31.959055],[-59.005011,-31.950203],[-59.005253,-31.949661],[-59.005502,-31.948914],[-59.008796,-31.935624],[-59.009718,-31.931901],[-59.009979,-31.930835],[-59.01007,-31.93046],[-59.010046,-31.930045],[-59.00993,-31.92962],[-59.009144,-31.926556],[-59.005976,-31.913417],[-59.005608,-31.911937],[-59.005542,-31.911555],[-59.005499,-31.910881],[-59.005296,-31.905753],[-59.005231,-31.905125],[-59.00506,-31.904451],[-58.999161,-31.889474],[-58.998796,-31.888558],[-58.998667,-31.888247],[-58.998628,-31.888177],[-58.998551,-31.888098],[-58.998506,-31.888075],[-58.998468,-31.888043],[-58.998435,-31.887991],[-58.998425,-31.887932],[-58.998437,-31.887874],[-58.998471,-31.887822],[-58.998524,-31.887782],[-58.998563,-31.887766],[-58.998606,-31.887757],[-58.999852,-31.887354],[-59.000131,-31.887283],[-59.000728,-31.887129],[-59.000812,-31.887106],[-59.014519,-31.883393],[-59.016567,-31.882847],[-59.017713,-31.882547],[-59.018853,-31.882238],[-59.019174,-31.882139],[-59.021283,-31.881452],[-59.021514,-31.881374],[-59.021709,-31.881308],[-59.023608,-31.880662],[-59.023992,-31.880529],[-59.024471,-31.88035],[-59.024821,-31.880153],[-59.025058,-31.87994],[-59.025272,-31.879681],[-59.025405,-31.879454],[-59.025503,-31.879227],[-59.025538,-31.878963],[-59.025541,-31.878564],[-59.025513,-31.876998],[-59.025508,-31.876699],[-59.025475,-31.876696],[-59.025444,-31.876685],[-59.025417,-31.876668],[-59.025393,-31.87664],[-59.025381,-31.876608],[-59.02538,-31.876574],[-59.025392,-31.876541],[-59.025416,-31.876514],[-59.025442,-31.876496],[-59.025473,-31.876485],[-59.025506,-31.876481],[-59.025502,-31.875567],[-59.025483,-31.874617],[-59.02548,-31.873674],[-59.025471,-31.872696],[-59.025449,-31.87174],[-59.02657,-31.871731],[-59.026557,-31.870787],[-59.026546,-31.869896],[-59.026529,-31.869],[-59.02652,-31.868093],[-59.026516,-31.867224],[-59.026491,-31.866345],[-59.026497,-31.865452],[-59.026492,-31.86453],[-59.026483,-31.863599],[-59.026498,-31.862691],[-59.026474,-31.861814],[-59.026449,-31.860878],[-59.026411,-31.859929],[-59.026373,-31.85897],[-59.026342,-31.858015],[-59.026322,-31.857062],[-59.026293,-31.856085],[-59.026278,-31.855127],[-59.026259,-31.854109],[-59.027152,-31.854104],[-59.027159,-31.854069],[-59.027182,-31.854039],[-59.027199,-31.854029],[-59.027182,-31.8531],[-59.027182,-31.853036],[-59.027174,-31.852166],[-59.027161,-31.851562],[-59.027145,-31.85025],[-59.027131,-31.849261],[-59.027117,-31.848303],[-59.027096,-31.847365],[-59.027039,-31.846437],[-59.027037,-31.846358],[-59.027031,-31.845315],[-59.027034,-31.844404],[-59.027042,-31.843537],[-59.027052,-31.842523],[-59.027019,-31.840594],[-59.026987,-31.838679],[-59.026936,-31.835575],[-59.026923,-31.834733],[-59.026909,-31.834049],[-59.026901,-31.833425],[-59.026887,-31.83288],[-59.026838,-31.830945],[-59.026789,-31.82708],[-59.026717,-31.823371],[-59.026714,-31.823228],[-59.026679,-31.821391],[-59.026641,-31.819394],[-59.026587,-31.815507],[-59.026552,-31.813627],[-59.026536,-31.811684],[-59.026526,-31.810433],[-59.026602,-31.809867],[-59.026593,-31.809777],[-59.026593,-31.809392],[-59.026605,-31.80904],[-59.026588,-31.808844],[-59.026562,-31.808701],[-59.026467,-31.808565],[-59.026351,-31.808431],[-59.026191,-31.808295],[-59.026017,-31.808208],[-59.025889,-31.808147],[-59.025834,-31.808058],[-59.025783,-31.80796],[-59.02577,-31.807876],[-59.025743,-31.807778],[-59.025781,-31.80762],[-59.025919,-31.807368],[-59.026014,-31.807327],[-59.026068,-31.807304],[-59.026262,-31.807243],[-59.026503,-31.807194],[-59.026731,-31.807199],[-59.02696,-31.807229],[-59.02721,-31.807311],[-59.02745,-31.807428],[-59.028143,-31.807609],[-59.028438,-31.807663],[-59.028914,-31.807696],[-59.028992,-31.807698],[-59.030399,-31.807691],[-59.030812,-31.807701],[-59.031928,-31.807705],[-59.034442,-31.807815],[-59.035333,-31.807823],[-59.036048,-31.807804],[-59.038538,-31.807692],[-59.04168,-31.80754],[-59.042753,-31.807522],[-59.043983,-31.8075],[-59.044425,-31.807488],[-59.045065,-31.807507],[-59.047686,-31.807711],[-59.049001,-31.807768],[-59.053375,-31.807729],[-59.057469,-31.807657],[-59.057887,-31.807653],[-59.05863,-31.807644],[-59.060718,-31.807558],[-59.061582,-31.807449],[-59.062713,-31.807356],[-59.063512,-31.80729],[-59.064383,-31.807246],[-59.065119,-31.807213],[-59.066884,-31.807213],[-59.067973,-31.807354],[-59.069528,-31.807449],[-59.07106,-31.807437],[-59.074681,-31.807424],[-59.083555,-31.807283],[-59.095132,-31.807101],[-59.101569,-31.807053],[-59.104326,-31.807032],[-59.105592,-31.806941],[-59.10688,-31.806699],[-59.107717,-31.806512],[-59.109197,-31.805956],[-59.109294,-31.805907],[-59.113469,-31.803773],[-59.114097,-31.803452],[-59.114911,-31.80314],[-59.115405,-31.802988],[-59.116926,-31.802657],[-59.119629,-31.802336],[-59.121312,-31.802135],[-59.122505,-31.801997],[-59.125935,-31.801599],[-59.129535,-31.801152],[-59.137718,-31.80034],[-59.139284,-31.800185],[-59.140218,-31.800091],[-59.146634,-31.799483],[-59.147491,-31.799446],[-59.148783,-31.799515],[-59.15004,-31.799693],[-59.151344,-31.800078],[-59.15246,-31.800521],[-59.152654,-31.800604],[-59.158552,-31.803062],[-59.159565,-31.803446],[-59.160403,-31.803675],[-59.162343,-31.804204],[-59.163016,-31.804386],[-59.16419,-31.804727],[-59.16558,-31.805071],[-59.1669,-31.805444],[-59.167345,-31.805566],[-59.169493,-31.806147],[-59.169788,-31.806234],[-59.171964,-31.80683],[-59.173684,-31.807304],[-59.174456,-31.807533],[-59.175224,-31.807737],[-59.177333,-31.808213],[-59.183356,-31.809876],[-59.183782,-31.810056],[-59.184501,-31.810366],[-59.188583,-31.812513],[-59.195737,-31.816303],[-59.212607,-31.825247],[-59.217624,-31.827818],[-59.218933,-31.828391],[-59.221407,-31.829116],[-59.227456,-31.830908],[-59.228895,-31.831335],[-59.230565,-31.831839],[-59.231533,-31.832217],[-59.232486,-31.832553],[-59.233183,-31.832821],[-59.233908,-31.833057],[-59.240902,-31.835112],[-59.262483,-31.841446],[-59.263871,-31.841853],[-59.268604,-31.843242],[-59.268901,-31.843322],[-59.269218,-31.843407],[-59.269831,-31.843519],[-59.270781,-31.843622],[-59.271737,-31.843643],[-59.277225,-31.84326],[-59.277867,-31.843179],[-59.278803,-31.843033],[-59.280076,-31.842803],[-59.280713,-31.842726],[-59.282326,-31.842581],[-59.285174,-31.842392],[-59.286761,-31.842287],[-59.288161,-31.84231],[-59.290062,-31.84228],[-59.290631,-31.842276],[-59.291399,-31.84223],[-59.294596,-31.842024],[-59.295052,-31.841983],[-59.302193,-31.841452],[-59.315817,-31.840437],[-59.31732,-31.840331],[-59.32739,-31.839616],[-59.328065,-31.839542],[-59.328878,-31.839401],[-59.330627,-31.839095],[-59.332249,-31.838964],[-59.335176,-31.838761],[-59.336544,-31.838636],[-59.337041,-31.838614],[-59.337728,-31.838622],[-59.339166,-31.838691],[-59.340273,-31.838663],[-59.341304,-31.838615],[-59.348774,-31.838082],[-59.352508,-31.837816],[-59.353533,-31.837766],[-59.354735,-31.837792],[-59.355931,-31.837849],[-59.358829,-31.837989],[-59.366742,-31.838369],[-59.367698,-31.838373],[-59.368856,-31.838316],[-59.370663,-31.838181],[-59.372117,-31.838041],[-59.376044,-31.837357],[-59.38539,-31.835492],[-59.386719,-31.835307],[-59.395657,-31.834696],[-59.396121,-31.834639],[-59.398693,-31.834149],[-59.399554,-31.83403],[-59.400004,-31.83398],[-59.405693,-31.833617],[-59.406385,-31.833584],[-59.409628,-31.833574],[-59.410601,-31.833549],[-59.41553,-31.833182],[-59.419194,-31.832942],[-59.419328,-31.832932],[-59.421277,-31.832754],[-59.422424,-31.832727],[-59.423119,-31.832768],[-59.424205,-31.83292],[-59.429095,-31.833948],[-59.429862,-31.834068],[-59.430804,-31.834195],[-59.433435,-31.834486],[-59.434319,-31.834637],[-59.437792,-31.835337],[-59.438552,-31.835504],[-59.439016,-31.835642],[-59.439224,-31.835703],[-59.440574,-31.836132],[-59.441409,-31.836344],[-59.445315,-31.837192],[-59.447262,-31.837581],[-59.447784,-31.837661],[-59.448507,-31.83774],[-59.449452,-31.837836],[-59.450642,-31.837935],[-59.451068,-31.837982],[-59.45428,-31.838543],[-59.454812,-31.838676],[-59.455343,-31.838833],[-59.455927,-31.839025],[-59.456635,-31.839284],[-59.458249,-31.83969],[-59.458866,-31.839841],[-59.459569,-31.840002],[-59.460531,-31.840212],[-59.461937,-31.840456],[-59.463684,-31.840814],[-59.46721,-31.841548],[-59.468949,-31.841913],[-59.469899,-31.842094],[-59.471098,-31.842213],[-59.47215,-31.842223],[-59.473297,-31.842134],[-59.479678,-31.841638],[-59.4798,-31.841628],[-59.483689,-31.841407],[-59.484562,-31.841402],[-59.487334,-31.841182],[-59.487815,-31.84114],[-59.489452,-31.841015],[-59.490327,-31.841012],[-59.491207,-31.841071],[-59.492015,-31.841186],[-59.505839,-31.843943],[-59.518064,-31.84639],[-59.52656,-31.848089],[-59.527235,-31.848203],[-59.528006,-31.848291],[-59.528737,-31.848332],[-59.529466,-31.84833],[-59.538815,-31.84807],[-59.539255,-31.848058],[-59.556311,-31.847583],[-59.567985,-31.847274],[-59.58022,-31.84695],[-59.592381,-31.846615],[-59.606559,-31.846225],[-59.6131,-31.846036],[-59.613597,-31.846019],[-59.617251,-31.845929],[-59.638977,-31.845298],[-59.640111,-31.845273],[-59.640988,-31.845282],[-59.641466,-31.845312],[-59.641892,-31.845357],[-59.642597,-31.845464],[-59.643163,-31.84558],[-59.64367,-31.845706],[-59.644142,-31.845849],[-59.644843,-31.846109],[-59.64543,-31.846364],[-59.646049,-31.846681],[-59.646578,-31.846986],[-59.647763,-31.847761],[-59.655038,-31.852502],[-59.655758,-31.852973],[-59.655911,-31.853074],[-59.658006,-31.854439],[-59.66143,-31.856673],[-59.670969,-31.862925],[-59.673376,-31.86448],[-59.675733,-31.866052],[-59.676381,-31.866431],[-59.67708,-31.866771],[-59.677651,-31.867017],[-59.678344,-31.867267],[-59.679116,-31.867486],[-59.680061,-31.867677],[-59.680912,-31.867798],[-59.681645,-31.867837],[-59.703663,-31.868186],[-59.728857,-31.868568],[-59.72901,-31.868571],[-59.730425,-31.868581],[-59.731483,-31.868601],[-59.73331,-31.868595],[-59.733556,-31.868579],[-59.735898,-31.868242],[-59.74003,-31.867647],[-59.751455,-31.866009],[-59.753425,-31.865708],[-59.758202,-31.865016],[-59.759168,-31.864878],[-59.759915,-31.864765],[-59.763609,-31.864207],[-59.765915,-31.863871],[-59.768019,-31.863566],[-59.770015,-31.863275],[-59.777378,-31.862169],[-59.787961,-31.860605],[-59.791693,-31.860054],[-59.797484,-31.859196],[-59.803696,-31.858288],[-59.805463,-31.858029],[-59.808351,-31.857605],[-59.824801,-31.855192],[-59.827526,-31.854792],[-59.83599,-31.85353],[-59.840432,-31.852866],[-59.85095,-31.851309],[-59.863976,-31.84937],[-59.867957,-31.8487],[-59.869022,-31.848547],[-59.869424,-31.848499],[-59.869508,-31.848489],[-59.870021,-31.848457],[-59.870623,-31.848449],[-59.871367,-31.848461],[-59.888263,-31.848659],[-59.893754,-31.848727],[-59.894528,-31.848736],[-59.90965,-31.848914],[-59.930881,-31.849164],[-59.942119,-31.849311],[-59.945634,-31.849313],[-59.94944,-31.849356],[-59.950366,-31.849337],[-59.950615,-31.849302],[-59.951187,-31.849287],[-59.951376,-31.849247],[-59.951576,-31.849157],[-59.951702,-31.849064],[-59.951895,-31.848888],[-59.95199,-31.848778],[-59.952028,-31.848701],[-59.952046,-31.848623],[-59.952043,-31.847974],[-59.952108,-31.847646],[-59.952187,-31.846889],[-59.952167,-31.844769],[-59.952313,-31.835998],[-59.952272,-31.835106],[-59.952186,-31.834444],[-59.952045,-31.833747],[-59.95191,-31.833273],[-59.95183,-31.832995],[-59.951611,-31.832309],[-59.951343,-31.831605],[-59.951163,-31.831179],[-59.950911,-31.830659],[-59.950705,-31.830249],[-59.950486,-31.829891],[-59.95019,-31.829452],[-59.949833,-31.828954],[-59.949502,-31.828516],[-59.94902,-31.827958],[-59.946527,-31.825298],[-59.944727,-31.823379],[-59.942129,-31.820743],[-59.941564,-31.820223],[-59.940787,-31.819556],[-59.938057,-31.81757],[-59.935667,-31.815829],[-59.935168,-31.815463],[-59.934783,-31.815193],[-59.931625,-31.812817],[-59.931121,-31.81239],[-59.930617,-31.811912],[-59.930038,-31.811287],[-59.929491,-31.810649],[-59.928895,-31.809892],[-59.928611,-31.809496],[-59.928393,-31.809106],[-59.927972,-31.808329],[-59.927543,-31.80744],[-59.927345,-31.806934],[-59.927179,-31.806501],[-59.926445,-31.804319],[-59.916312,-31.775495],[-59.914543,-31.770618],[-59.913925,-31.769061],[-59.913665,-31.768406],[-59.913155,-31.76708],[-59.913031,-31.766713],[-59.912912,-31.766317],[-59.91283,-31.766044],[-59.912707,-31.765555],[-59.911344,-31.759007],[-59.91127,-31.758678],[-59.911064,-31.758051],[-59.910932,-31.757641],[-59.910585,-31.756821],[-59.909675,-31.754781],[-59.903242,-31.740492],[-59.89788,-31.728258],[-59.897399,-31.727042],[-59.897031,-31.725994],[-59.896776,-31.724995],[-59.892656,-31.70822],[-59.892147,-31.705714],[-59.891916,-31.704461],[-59.891708,-31.703245],[-59.889893,-31.69229],[-59.888013,-31.680937],[-59.887928,-31.679937],[-59.887956,-31.678913],[-59.88814,-31.677708],[-59.889514,-31.67125],[-59.889698,-31.670057],[-59.889833,-31.668803],[-59.889889,-31.66758],[-59.889922,-31.667278],[-59.889927,-31.666708],[-59.889955,-31.666397],[-59.889945,-31.666097],[-59.889916,-31.665988],[-59.889868,-31.66587],[-59.889828,-31.665827],[-59.889792,-31.665755],[-59.889788,-31.665677],[-59.889809,-31.665612],[-59.889851,-31.665555],[-59.889911,-31.665511],[-59.889967,-31.665374],[-59.890002,-31.665251],[-59.890044,-31.664904],[-59.890066,-31.664598],[-59.890131,-31.664339],[-59.890218,-31.663059],[-59.890246,-31.662135],[-59.89018,-31.66133],[-59.890066,-31.660635],[-59.889893,-31.659853],[-59.889742,-31.659257],[-59.88954,-31.658666],[-59.889031,-31.657424],[-59.887507,-31.653538],[-59.885464,-31.64854],[-59.881674,-31.639055],[-59.881154,-31.637748],[-59.880998,-31.637255],[-59.880903,-31.636857],[-59.880864,-31.636472],[-59.880864,-31.636134],[-59.880892,-31.635809],[-59.880955,-31.635272],[-59.881061,-31.634747],[-59.881218,-31.634182],[-59.881389,-31.633653],[-59.881492,-31.63332],[-59.881685,-31.632686],[-59.884723,-31.623644],[-59.88654,-31.617801],[-59.890102,-31.60685],[-59.890172,-31.606622],[-59.891092,-31.603613],[-59.891207,-31.602966],[-59.89135,-31.601877],[-59.891388,-31.601251],[-59.891384,-31.600334],[-59.891333,-31.599541],[-59.89122,-31.598765],[-59.890987,-31.597865],[-59.890581,-31.596802],[-59.890208,-31.595943],[-59.889681,-31.595033],[-59.888874,-31.593835],[-59.887452,-31.592115],[-59.885165,-31.589352],[-59.884342,-31.588098],[-59.883817,-31.587178],[-59.883539,-31.586555],[-59.883357,-31.585989],[-59.88309,-31.585139],[-59.882951,-31.584512],[-59.88228,-31.580226],[-59.881955,-31.578345],[-59.884818,-31.577887],[-59.888746,-31.577209],[-59.890943,-31.57685],[-59.891223,-31.576802],[-59.891616,-31.576735],[-59.892783,-31.576549],[-59.903431,-31.574821],[-59.905212,-31.574532],[-59.907173,-31.574214],[-59.910613,-31.573656],[-59.923993,-31.571484],[-59.924088,-31.571469],[-59.945817,-31.567913],[-59.946129,-31.567862],[-59.949059,-31.567324],[-59.950974,-31.567006],[-59.954861,-31.566361],[-59.955733,-31.56629],[-59.956677,-31.566273],[-59.956846,-31.566246],[-59.956992,-31.566197],[-59.957162,-31.566127],[-59.957302,-31.566023],[-59.957366,-31.56592],[-59.957403,-31.565778],[-59.957381,-31.565632],[-59.957372,-31.565617],[-59.955111,-31.561452],[-59.952897,-31.557491],[-59.950096,-31.552467],[-59.948226,-31.549166],[-59.948193,-31.549105],[-59.974609,-31.545049],[-59.973335,-31.538928],[-59.970442,-31.525036],[-59.970445,-31.524823],[-59.970528,-31.524677],[-59.97065,-31.524539],[-59.97069,-31.524495],[-59.970922,-31.524312],[-59.971139,-31.52423],[-59.97687,-31.523366],[-59.980197,-31.52287],[-59.983321,-31.522427],[-59.983494,-31.522366],[-59.983579,-31.522298],[-59.983758,-31.52233],[-59.983885,-31.522349],[-59.984059,-31.522334],[-59.988645,-31.521614],[-59.991623,-31.521175],[-59.991993,-31.521098],[-59.996928,-31.52037],[-59.997454,-31.520398],[-59.997883,-31.520375],[-59.998559,-31.520261],[-59.998655,-31.520265],[-59.998784,-31.520224],[-59.999294,-31.520156],[-60.000662,-31.519931],[-60.003505,-31.51952],[-60.003719,-31.519547],[-60.003891,-31.519776],[-60.004245,-31.519808],[-60.006117,-31.519557],[-60.0077,-31.5193],[-60.008751,-31.519159],[-60.008901,-31.519104],[-60.008134,-31.515784],[-60.007641,-31.51368],[-60.007518,-31.513168],[-60.007426,-31.512697],[-60.0074,-31.512633],[-60.006665,-31.509391],[-60.006541,-31.508568],[-60.006504,-31.508129],[-60.006531,-31.507809],[-60.006638,-31.507521],[-60.006509,-31.507237],[-60.006391,-31.506026],[-60.006359,-31.505893],[-60.006284,-31.505765],[-60.00616,-31.505715],[-60.005667,-31.505646],[-60.00527,-31.505545],[-60.004583,-31.505294],[-60.004428,-31.505308],[-60.004363,-31.505344],[-60.004304,-31.505422],[-60.004299,-31.505536],[-60.004374,-31.505829],[-60.00438,-31.505957],[-60.004315,-31.506026],[-60.004245,-31.506053],[-60.00395,-31.50609],[-60.003741,-31.50609],[-60.003596,-31.506062],[-60.002717,-31.505797],[-60.002588,-31.505719],[-60.002475,-31.505619],[-60.00239,-31.505486],[-60.002261,-31.505216],[-60.00218,-31.505102],[-60.002078,-31.505001],[-60.002003,-31.504955],[-60.001606,-31.504827],[-60.001397,-31.504795],[-60.001333,-31.504795],[-60.001333,-31.504795],[-60.001145,-31.504832],[-59.99849,-31.5055],[-59.998061,-31.505559],[-59.99849,-31.5055],[-60.001145,-31.504832],[-60.001333,-31.504795],[-60.001397,-31.504795],[-60.001606,-31.504827],[-60.002003,-31.504955],[-60.002078,-31.505001],[-60.00218,-31.505102],[-60.002261,-31.505216],[-60.00239,-31.505486],[-60.002475,-31.505619],[-60.002588,-31.505719],[-60.002717,-31.505797],[-60.003596,-31.506062],[-60.003741,-31.50609],[-60.00395,-31.50609],[-60.004245,-31.506053],[-60.004315,-31.506026],[-60.00438,-31.505957],[-60.004374,-31.505829],[-60.004299,-31.505536],[-60.004304,-31.505422],[-60.004363,-31.505344],[-60.004428,-31.505308],[-60.004583,-31.505294],[-60.00527,-31.505545],[-60.005667,-31.505646],[-60.00616,-31.505715],[-60.006284,-31.505765],[-60.006359,-31.505893],[-60.006391,-31.506026],[-60.006509,-31.507237],[-60.006638,-31.507521],[-60.007629,-31.507342],[-60.008643,-31.507205],[-60.007909,-31.503248],[-60.007909,-31.503057],[-60.008011,-31.502945],[-60.010995,-31.502495],[-60.011949,-31.502374],[-60.012172,-31.502218],[-60.014527,-31.50182],[-60.014609,-31.501776],[-60.014659,-31.501621],[-60.014366,-31.499922],[-60.013886,-31.497255],[-60.013913,-31.497134],[-60.01402,-31.49705],[-60.016596,-31.496679],[-60.020835,-31.496058],[-60.021004,-31.496111],[-60.021084,-31.496202],[-60.02151,-31.498414],[-60.021599,-31.498528],[-60.02175,-31.498566],[-60.022647,-31.49852],[-60.027246,-31.497962],[-60.032354,-31.497212],[-60.032486,-31.497194],[-60.037726,-31.496458],[-60.043331,-31.495655],[-60.043962,-31.49887],[-60.044301,-31.500934],[-60.044562,-31.503074],[-60.044705,-31.504012],[-60.044927,-31.504901],[-60.045247,-31.505985],[-60.045676,-31.507152],[-60.045817,-31.507479],[-60.045996,-31.507915],[-60.046948,-31.510511],[-60.047149,-31.511258],[-60.04735,-31.512254],[-60.047559,-31.513585],[-60.047596,-31.514035],[-60.047716,-31.515326],[-60.04781,-31.518151],[-60.047888,-31.520289],[-60.047932,-31.520854],[-60.048007,-31.521531],[-60.048196,-31.522674],[-60.048992,-31.526536],[-60.049313,-31.528124],[-60.049525,-31.528672],[-60.049846,-31.529176],[-60.052163,-31.5317],[-60.059798,-31.539968],[-60.062245,-31.542606],[-60.062394,-31.542768],[-60.062716,-31.543212],[-60.06295,-31.543594],[-60.063138,-31.543993],[-60.063175,-31.544072],[-60.063309,-31.544478],[-60.063412,-31.545003],[-60.064487,-31.550536],[-60.065649,-31.556518],[-60.065893,-31.557876],[-60.066081,-31.558772],[-60.066382,-31.560201],[-60.067141,-31.563786],[-60.06723,-31.564143],[-60.06733,-31.564444],[-60.067435,-31.564706],[-60.067611,-31.565043],[-60.067934,-31.56553],[-60.068196,-31.565835],[-60.068394,-31.566026],[-60.068658,-31.566262],[-60.06896,-31.566482],[-60.069286,-31.56671],[-60.0699,-31.567049],[-60.072864,-31.568615],[-60.074909,-31.569696],[-60.078146,-31.57141],[-60.078436,-31.571583],[-60.078772,-31.571825],[-60.079174,-31.57218],[-60.079457,-31.572463],[-60.07953,-31.57255],[-60.079728,-31.572788],[-60.079949,-31.573134],[-60.080155,-31.573535],[-60.080256,-31.573784],[-60.080331,-31.574019],[-60.080395,-31.574268],[-60.080465,-31.574594],[-60.080506,-31.574801],[-60.081403,-31.579096],[-60.08142,-31.579189],[-60.082333,-31.583673],[-60.083089,-31.587361],[-60.083134,-31.587745],[-60.083133,-31.588031],[-60.083085,-31.588331],[-60.082972,-31.58867],[-60.082831,-31.588985],[-60.08269,-31.589205],[-60.082494,-31.589485],[-60.082312,-31.589765],[-60.082028,-31.590159],[-60.081701,-31.590585],[-60.082129,-31.590829],[-60.08273,-31.591163],[-60.083229,-31.591453],[-60.083422,-31.591557],[-60.083742,-31.591739],[-60.084071,-31.591941],[-60.084402,-31.592112],[-60.085835,-31.592913],[-60.087575,-31.593794],[-60.092686,-31.596474],[-60.096607,-31.598486],[-60.097752,-31.599103],[-60.100694,-31.600627],[-60.104596,-31.60262],[-60.108261,-31.604514],[-60.108488,-31.604625],[-60.111918,-31.60628],[-60.112503,-31.606551],[-60.113136,-31.606856],[-60.117503,-31.608948],[-60.121357,-31.610812],[-60.128406,-31.614171],[-60.129846,-31.614853],[-60.132712,-31.616238],[-60.138103,-31.618812],[-60.142752,-31.621015],[-60.144834,-31.622012],[-60.14889,-31.623944],[-60.150623,-31.624786],[-60.151044,-31.625002],[-60.151425,-31.625213],[-60.151822,-31.625442],[-60.152222,-31.625685],[-60.152914,-31.626149],[-60.163142,-31.633229],[-60.163523,-31.633493],[-60.169202,-31.637425],[-60.169419,-31.637598],[-60.179796,-31.644779],[-60.184492,-31.648018],[-60.185234,-31.64853],[-60.187167,-31.649863],[-60.191572,-31.652922],[-60.193139,-31.654],[-60.193729,-31.654391],[-60.196597,-31.656425],[-60.200101,-31.659128],[-60.201453,-31.660287],[-60.202557,-31.661106],[-60.203602,-31.66181],[-60.208083,-31.665226],[-60.211493,-31.667848],[-60.217722,-31.672588],[-60.218098,-31.672875],[-60.218809,-31.673419],[-60.219122,-31.673659],[-60.220743,-31.674921],[-60.227368,-31.680054],[-60.227484,-31.680145],[-60.228329,-31.680799],[-60.228401,-31.68085],[-60.231189,-31.682828],[-60.231994,-31.683356],[-60.232443,-31.683651],[-60.233419,-31.684257],[-60.236863,-31.686543],[-60.23923,-31.688111],[-60.242527,-31.690297],[-60.243023,-31.690641],[-60.244939,-31.691912],[-60.254464,-31.698233],[-60.254577,-31.698306],[-60.254883,-31.698505],[-60.260805,-31.7024],[-60.261612,-31.702969],[-60.262004,-31.703228],[-60.264478,-31.704857],[-60.264878,-31.705121],[-60.265781,-31.705688],[-60.272858,-31.710414],[-60.273046,-31.710538],[-60.280001,-31.715089],[-60.28113,-31.715825],[-60.286187,-31.719156],[-60.287052,-31.719725],[-60.288999,-31.720994],[-60.289464,-31.721267],[-60.289907,-31.721517],[-60.290356,-31.721748],[-60.290773,-31.721947],[-60.294532,-31.723475],[-60.295043,-31.723683],[-60.297034,-31.724493],[-60.297554,-31.724704],[-60.297891,-31.724837],[-60.298482,-31.725068],[-60.30098,-31.72604],[-60.302327,-31.726573],[-60.304951,-31.727627],[-60.307614,-31.728799],[-60.309839,-31.729794],[-60.31027,-31.729989],[-60.310467,-31.730108],[-60.310609,-31.730217],[-60.31075,-31.730368],[-60.31085,-31.730523],[-60.310906,-31.730655],[-60.31095,-31.730815],[-60.310963,-31.730995],[-60.310939,-31.731211],[-60.310804,-31.731767],[-60.310742,-31.731955],[-60.310698,-31.732157],[-60.310674,-31.732376],[-60.310689,-31.73252],[-60.31073,-31.732671],[-60.310803,-31.73283],[-60.310901,-31.732973],[-60.311068,-31.733137],[-60.311257,-31.73327],[-60.31144,-31.733365],[-60.312283,-31.733752],[-60.312974,-31.734052],[-60.321382,-31.737775],[-60.328316,-31.740944],[-60.329711,-31.741568],[-60.330246,-31.74181],[-60.330867,-31.742053],[-60.331389,-31.74222],[-60.331957,-31.742355],[-60.332531,-31.742461],[-60.333066,-31.742536],[-60.333694,-31.742593],[-60.341533,-31.743084],[-60.344425,-31.743293],[-60.345911,-31.743389],[-60.347521,-31.743493],[-60.348589,-31.743472],[-60.349664,-31.74346],[-60.350528,-31.74347],[-60.351768,-31.74351],[-60.352392,-31.74356],[-60.353122,-31.743668],[-60.353466,-31.743721],[-60.354394,-31.743943],[-60.354645,-31.744003],[-60.355192,-31.744184],[-60.355583,-31.74433],[-60.356447,-31.744699],[-60.356906,-31.74492],[-60.35732,-31.745131],[-60.357616,-31.745263],[-60.361034,-31.746917],[-60.362366,-31.747548],[-60.363558,-31.748108],[-60.364697,-31.748655],[-60.36478,-31.748695],[-60.366242,-31.749397],[-60.366558,-31.749555],[-60.36693,-31.74974],[-60.36755,-31.750033],[-60.368029,-31.750263],[-60.370982,-31.751647],[-60.371807,-31.752035],[-60.372922,-31.752584],[-60.376092,-31.754202],[-60.378067,-31.755334],[-60.37982,-31.756271],[-60.380383,-31.75657],[-60.381379,-31.757083],[-60.381831,-31.757328],[-60.382822,-31.757865],[-60.38396,-31.758469],[-60.385541,-31.759305],[-60.38664,-31.759886],[-60.387901,-31.760577],[-60.388469,-31.760893],[-60.389938,-31.761645],[-60.390359,-31.761822],[-60.390836,-31.76204],[-60.391183,-31.762175],[-60.391481,-31.762311],[-60.392612,-31.762906],[-60.392811,-31.762979],[-60.39295,-31.763007],[-60.393039,-31.76301],[-60.393137,-31.763016],[-60.393272,-31.763016],[-60.393386,-31.763007],[-60.393528,-31.762999],[-60.394723,-31.76228],[-60.395313,-31.761876],[-60.395456,-31.76178],[-60.396314,-31.761112],[-60.396764,-31.760739],[-60.397229,-31.760348],[-60.398399,-31.759273],[-60.398588,-31.759064],[-60.398798,-31.758794],[-60.398938,-31.758574],[-60.399128,-31.758285],[-60.399302,-31.757951],[-60.39954,-31.75735],[-60.399998,-31.755812],[-60.400129,-31.755365],[-60.400923,-31.752698],[-60.400945,-31.752623],[-60.40117,-31.751847],[-60.401211,-31.751708],[-60.40133,-31.751301],[-60.401445,-31.751013],[-60.401455,-31.750986],[-60.401623,-31.750623],[-60.401807,-31.750328],[-60.402024,-31.749986],[-60.402241,-31.749714],[-60.402442,-31.749497],[-60.402659,-31.74928],[-60.40293,-31.749041],[-60.40324,-31.748797],[-60.403476,-31.748619],[-60.403571,-31.748547],[-60.404119,-31.748221],[-60.404674,-31.747973],[-60.40515,-31.747802],[-60.406488,-31.74737],[-60.409443,-31.746545],[-60.410417,-31.74631],[-60.415874,-31.744733],[-60.422153,-31.742906],[-60.42305,-31.742668],[-60.42379,-31.742458],[-60.424419,-31.742306],[-60.425411,-31.742096],[-60.427134,-31.741776],[-60.427688,-31.74167],[-60.429674,-31.741314],[-60.431581,-31.741022],[-60.433509,-31.740716],[-60.434521,-31.740556],[-60.435049,-31.740483],[-60.435976,-31.740378],[-60.437809,-31.740159],[-60.440805,-31.739699],[-60.446064,-31.738896],[-60.446482,-31.738832],[-60.448868,-31.738416],[-60.449272,-31.73833],[-60.449613,-31.73823],[-60.450057,-31.738063],[-60.450513,-31.737865],[-60.450733,-31.737748],[-60.450963,-31.737616],[-60.451266,-31.737421],[-60.451533,-31.737227],[-60.451994,-31.736861],[-60.45236,-31.736563],[-60.452672,-31.736337],[-60.452759,-31.736274],[-60.452962,-31.736126],[-60.454284,-31.735159],[-60.456129,-31.73381],[-60.456985,-31.733183],[-60.457087,-31.733111],[-60.457334,-31.732934],[-60.4579,-31.732481],[-60.458292,-31.732251],[-60.458577,-31.732105],[-60.458918,-31.731953],[-60.459264,-31.7318],[-60.459592,-31.731687],[-60.45994,-31.731589],[-60.460346,-31.731498],[-60.460831,-31.731413],[-60.46141,-31.731322],[-60.462534,-31.731165],[-60.464399,-31.730869],[-60.46639,-31.730559],[-60.468854,-31.730186],[-60.470564,-31.729977],[-60.471179,-31.729894],[-60.471711,-31.729854],[-60.475827,-31.729257],[-60.476347,-31.729179],[-60.476696,-31.729118],[-60.477055,-31.729041],[-60.477417,-31.728959],[-60.478645,-31.728673],[-60.479312,-31.728519],[-60.479642,-31.728451],[-60.479998,-31.728405],[-60.480241,-31.728387],[-60.480471,-31.728377],[-60.480746,-31.728375],[-60.481014,-31.728383],[-60.481224,-31.728392],[-60.481296,-31.728398],[-60.48147,-31.728412],[-60.481774,-31.728448],[-60.482138,-31.728512],[-60.482428,-31.728575],[-60.482744,-31.728655],[-60.483072,-31.728766],[-60.48342,-31.728899],[-60.483781,-31.729066],[-60.484138,-31.729252],[-60.48443,-31.72942],[-60.484692,-31.729586],[-60.484915,-31.729752],[-60.485127,-31.729927],[-60.485375,-31.730166],[-60.48588,-31.730686],[-60.486186,-31.730946],[-60.486896,-31.731669],[-60.487023,-31.731762],[-60.487176,-31.731858],[-60.48733,-31.731926],[-60.487494,-31.73199],[-60.487654,-31.732036],[-60.48785,-31.732065],[-60.488054,-31.732079],[-60.488207,-31.732079],[-60.488428,-31.732047],[-60.488574,-31.732008],[-60.488724,-31.731937],[-60.488892,-31.731851],[-60.489159,-31.731662],[-60.489514,-31.731359],[-60.489643,-31.731259],[-60.489699,-31.731215],[-60.489898,-31.731056],[-60.490097,-31.730916],[-60.490256,-31.730817],[-60.491352,-31.730209],[-60.491775,-31.72999],[-60.493482,-31.729186],[-60.495971,-31.728015],[-60.49824,-31.726963],[-60.50007,-31.726114],[-60.500912,-31.725758],[-60.501779,-31.72544],[-60.502244,-31.725212],[-60.502418,-31.725122],[-60.502593,-31.725003],[-60.502745,-31.724877],[-60.502916,-31.724706],[-60.503041,-31.724555],[-60.50316,-31.724357],[-60.503252,-31.724187],[-60.50332,-31.723995],[-60.503397,-31.723778],[-60.503455,-31.723533],[-60.50342,-31.723238],[-60.50338,-31.722899],[-60.503311,-31.72243],[-60.503283,-31.722096],[-60.503261,-31.721725],[-60.503252,-31.721576],[-60.503251,-31.72141],[-60.503248,-31.721146],[-60.503246,-31.72083],[-60.503243,-31.720612],[-60.503226,-31.72045],[-60.503064,-31.719276],[-60.503042,-31.719107],[-60.503018,-31.718932],[-60.502984,-31.718741],[-60.502931,-31.718521],[-60.502867,-31.718309],[-60.502743,-31.71796],[-60.502543,-31.717543],[-60.502236,-31.716706],[-60.502205,-31.716622],[-60.502175,-31.716533],[-60.502016,-31.716023],[-60.501876,-31.715573],[-60.501795,-31.71522],[-60.501713,-31.714993],[-60.501661,-31.71483],[-60.501614,-31.714672],[-60.501572,-31.714505],[-60.501547,-31.714372],[-60.501532,-31.714254],[-60.501528,-31.714142],[-60.501535,-31.713961],[-60.50156,-31.71376],[-60.501591,-31.713608],[-60.501623,-31.713452],[-60.501775,-31.71261],[-60.505685,-31.691262],[-60.505867,-31.690348],[-60.505919,-31.690159],[-60.505991,-31.689941],[-60.506053,-31.689771],[-60.50613,-31.689598],[-60.506222,-31.689413],[-60.50634,-31.689227],[-60.506503,-31.688989],[-60.50669,-31.688754],[-60.506848,-31.688589],[-60.507023,-31.688437],[-60.507222,-31.688285],[-60.507536,-31.688085],[-60.50791,-31.687892],[-60.508268,-31.687731],[-60.508612,-31.687612],[-60.50898,-31.687523],[-60.509377,-31.687461],[-60.509764,-31.687441],[-60.511597,-31.687344],[-60.511956,-31.687341],[-60.512053,-31.687341],[-60.512142,-31.68734],[-60.518138,-31.687312],[-60.520224,-31.687334],[-60.520688,-31.687324],[-60.521298,-31.687298],[-60.521773,-31.687267],[-60.522308,-31.687223],[-60.524107,-31.687059],[-60.525377,-31.686946],[-60.533233,-31.686256],[-60.544258,-31.68528],[-60.544634,-31.685228],[-60.544973,-31.685172],[-60.545324,-31.685107],[-60.545731,-31.685011],[-60.546088,-31.684912],[-60.54645,-31.684809],[-60.546769,-31.684703],[-60.548501,-31.684034],[-60.551731,-31.682781],[-60.554275,-31.681792],[-60.555256,-31.681415],[-60.555788,-31.681234],[-60.556188,-31.681117],[-60.556716,-31.680976],[-60.557171,-31.680865],[-60.557666,-31.680765],[-60.558208,-31.68067],[-60.558659,-31.680606],[-60.559206,-31.680555],[-60.561514,-31.680439],[-60.562213,-31.680402],[-60.564491,-31.680293],[-60.56494,-31.680259],[-60.565252,-31.680222],[-60.565529,-31.680181],[-60.565917,-31.680111],[-60.566275,-31.680041],[-60.566705,-31.679931],[-60.567105,-31.679812],[-60.567553,-31.679659],[-60.569211,-31.678951],[-60.572008,-31.6777],[-60.572409,-31.677494],[-60.572749,-31.677305],[-60.573106,-31.677084],[-60.573476,-31.676836],[-60.573776,-31.676626],[-60.574096,-31.676373],[-60.574517,-31.676016],[-60.576752,-31.673787],[-60.579624,-31.670964],[-60.580409,-31.670218],[-60.580615,-31.67004],[-60.580972,-31.669762],[-60.581619,-31.669288],[-60.582668,-31.668556],[-60.585982,-31.666242],[-60.589275,-31.663944],[-60.5898,-31.663577],[-60.591601,-31.662185],[-60.591861,-31.662007],[-60.59214,-31.661841],[-60.592423,-31.661685],[-60.592773,-31.661525],[-60.593185,-31.661353],[-60.593551,-31.661224],[-60.593917,-31.661113],[-60.594328,-31.660995],[-60.599648,-31.65953],[-60.60047,-31.659301],[-60.601394,-31.659079],[-60.602383,-31.658901],[-60.605057,-31.65846],[-60.60603,-31.658289],[-60.606334,-31.658228],[-60.606608,-31.658169],[-60.606931,-31.658082],[-60.607166,-31.658002],[-60.607364,-31.657924],[-60.607695,-31.657774],[-60.607909,-31.657666],[-60.608101,-31.657556],[-60.608322,-31.65741],[-60.608569,-31.657209],[-60.609162,-31.656695],[-60.609389,-31.656498],[-60.611727,-31.6544],[-60.613823,-31.652518],[-60.618428,-31.648381],[-60.618819,-31.648034],[-60.621133,-31.645986],[-60.622103,-31.645138],[-60.623497,-31.643894],[-60.625136,-31.642441],[-60.625893,-31.641766],[-60.626434,-31.641289],[-60.626722,-31.641052],[-60.626964,-31.64088],[-60.627319,-31.640655],[-60.627777,-31.640389],[-60.628343,-31.640122],[-60.629176,-31.639804],[-60.62951,-31.6397],[-60.629846,-31.639614],[-60.630185,-31.639538],[-60.630538,-31.639483],[-60.63084,-31.63945],[-60.631131,-31.639427],[-60.631548,-31.639404],[-60.631941,-31.639399],[-60.632595,-31.639421],[-60.63405,-31.639506],[-60.634322,-31.639522],[-60.634469,-31.639536],[-60.636089,-31.639634],[-60.638461,-31.639771],[-60.638729,-31.639786],[-60.639188,-31.639813],[-60.639239,-31.639816],[-60.639691,-31.63987],[-60.640351,-31.63996],[-60.640893,-31.64002],[-60.641444,-31.640069],[-60.641753,-31.640089],[-60.642022,-31.640099],[-60.64245,-31.640092],[-60.642848,-31.64006],[-60.64322,-31.640031],[-60.644432,-31.639816],[-60.64549,-31.639631],[-60.645812,-31.639567],[-60.646229,-31.639511],[-60.646564,-31.639478],[-60.646939,-31.639462],[-60.647551,-31.63945],[-60.648296,-31.639462],[-60.651995,-31.639643],[-60.654328,-31.639757],[-60.654798,-31.639785],[-60.656187,-31.639871],[-60.658007,-31.639951],[-60.658388,-31.639967],[-60.661804,-31.640119],[-60.662295,-31.640142],[-60.662701,-31.640171],[-60.663055,-31.640208],[-60.663669,-31.640283],[-60.664346,-31.640376],[-60.664616,-31.640421],[-60.66505,-31.640495],[-60.665759,-31.640619],[-60.665909,-31.64064],[-60.66684,-31.640759],[-60.668055,-31.640957],[-60.670249,-31.641319],[-60.671583,-31.641531],[-60.67205,-31.64159],[-60.672541,-31.641638],[-60.672822,-31.64166],[-60.673145,-31.641667],[-60.673587,-31.64167],[-60.674193,-31.641657],[-60.674769,-31.641634],[-60.675655,-31.641567],[-60.676056,-31.641523],[-60.676428,-31.641479],[-60.677145,-31.641378],[-60.677503,-31.641327],[-60.677842,-31.641282],[-60.678193,-31.641255],[-60.678509,-31.641226],[-60.678734,-31.641192],[-60.682923,-31.640445],[-60.683234,-31.64038],[-60.683391,-31.640329],[-60.683529,-31.640283],[-60.683679,-31.640225],[-60.683815,-31.640161],[-60.683932,-31.640098],[-60.68407,-31.640011],[-60.684197,-31.639917],[-60.684349,-31.639784],[-60.684479,-31.639671],[-60.684584,-31.639591],[-60.68468,-31.63951],[-60.685297,-31.639341],[-60.685666,-31.639256],[-60.685789,-31.639233],[-60.686539,-31.639073],[-60.686945,-31.638993],[-60.688001,-31.638772],[-60.6889,-31.638589],[-60.689075,-31.638555],[-60.690153,-31.638329],[-60.690958,-31.638148],[-60.691054,-31.638127],[-60.691196,-31.638098],[-60.691977,-31.637921],[-60.692109,-31.637892],[-60.692252,-31.637861],[-60.69304,-31.6377],[-60.693331,-31.637637],[-60.694256,-31.637437],[-60.694387,-31.637409],[-60.695198,-31.637222],[-60.695456,-31.637168],[-60.696344,-31.63698],[-60.696528,-31.636941],[-60.697352,-31.636766],[-60.697573,-31.636721],[-60.698456,-31.636523],[-60.69865,-31.636479],[-60.699418,-31.636319],[-60.699531,-31.636296],[-60.699696,-31.636262],[-60.700318,-31.636123],[-60.700838,-31.636006],[-60.701061,-31.635958],[-60.701735,-31.63581],[-60.702137,-31.635722],[-60.702483,-31.635648],[-60.703048,-31.635534],[-60.703198,-31.635498],[-60.704356,-31.635244],[-60.704487,-31.635216],[-60.704648,-31.635181],[-60.704764,-31.635156],[-60.705807,-31.634926],[-60.705844,-31.634918],[-60.706885,-31.634721],[-60.706906,-31.634716],[-60.707021,-31.634686],[-60.708369,-31.634399],[-60.708529,-31.634371],[-60.709202,-31.634229],[-60.709643,-31.634132],[-60.709739,-31.634109],[-60.709844,-31.634083],[-60.710668,-31.633903],[-60.711127,-31.63381],[-60.711285,-31.633777],[-60.712151,-31.633584],[-60.712334,-31.633546],[-60.713593,-31.633281],[-60.713776,-31.633244],[-60.714681,-31.633036],[-60.714858,-31.632972],[-60.714987,-31.632948],[-60.71578,-31.632802],[-60.715935,-31.632769],[-60.716416,-31.632668],[-60.717377,-31.632465],[-60.717375,-31.632404],[-60.71738,-31.63235],[-60.717392,-31.632259],[-60.71764,-31.631085],[-60.717655,-31.631014],[-60.717675,-31.630744],[-60.717677,-31.630726],[-60.717698,-31.630557],[-60.717723,-31.630412],[-60.717852,-31.629948],[-60.718285,-31.628771],[-60.71858,-31.628012],[-60.718661,-31.627829],[-60.718729,-31.627657],[-60.718751,-31.627576],[-60.718768,-31.627501],[-60.718774,-31.627457],[-60.718775,-31.627379],[-60.718726,-31.626765],[-60.718683,-31.625893],[-60.718677,-31.625776],[-60.71867,-31.625674],[-60.718753,-31.625664],[-60.71885,-31.625652],[-60.719415,-31.625613],[-60.719753,-31.625601],[-60.72006,-31.625601],[-60.720432,-31.625619],[-60.720786,-31.625653],[-60.721187,-31.625698],[-60.721407,-31.625743],[-60.721735,-31.625821],[-60.721971,-31.625893],[-60.72222,-31.625979],[-60.722465,-31.626073],[-60.7226,-31.626126],[-60.722749,-31.626185],[-60.723086,-31.62634],[-60.723651,-31.626616],[-60.724715,-31.627146],[-60.725195,-31.627382],[-60.725522,-31.627534],[-60.725924,-31.627722],[-60.726204,-31.627834],[-60.726487,-31.627935],[-60.726781,-31.62802],[-60.727141,-31.628108],[-60.727502,-31.628176],[-60.727849,-31.628226],[-60.728104,-31.628252],[-60.728405,-31.628267],[-60.728688,-31.628273],[-60.728959,-31.628265],[-60.729221,-31.628249],[-60.729477,-31.628219],[-60.72973,-31.628186],[-60.730097,-31.628109],[-60.730621,-31.627998],[-60.730676,-31.627985],[-60.731322,-31.627807],[-60.731717,-31.627698],[-60.732187,-31.627541],[-60.733193,-31.627159],[-60.734064,-31.626833],[-60.735053,-31.626479],[-60.735327,-31.626374],[-60.740954,-31.624317],[-60.741927,-31.62395],[-60.742806,-31.623647],[-60.743489,-31.623417],[-60.744231,-31.623207],[-60.744997,-31.623004],[-60.74571,-31.622844],[-60.746314,-31.622726],[-60.746997,-31.622616],[-60.747674,-31.622521],[-60.748252,-31.622442],[-60.748703,-31.622397],[-60.749207,-31.622362],[-60.749729,-31.622331],[-60.750548,-31.622311],[-60.751182,-31.622318],[-60.751746,-31.622331],[-60.752228,-31.622354],[-60.752642,-31.622382],[-60.753474,-31.622455],[-60.754205,-31.622544],[-60.754684,-31.622617],[-60.755133,-31.62269],[-60.75554,-31.622767],[-60.755898,-31.622841],[-60.757049,-31.623098],[-60.758452,-31.623434],[-60.760546,-31.623968],[-60.761452,-31.624197],[-60.762318,-31.624449],[-60.763206,-31.624712],[-60.764054,-31.624992],[-60.764849,-31.625274],[-60.765631,-31.625565],[-60.766471,-31.625894],[-60.767266,-31.626243],[-60.76801,-31.626576],[-60.76873,-31.62692],[-60.770155,-31.627655],[-60.770514,-31.62786],[-60.771717,-31.628555],[-60.772807,-31.629245],[-60.774712,-31.630569],[-60.77478,-31.630615],[-60.775672,-31.63131],[-60.776116,-31.631666],[-60.776538,-31.632024],[-60.77737,-31.632756],[-60.778136,-31.633472],[-60.778866,-31.63419],[-60.780314,-31.635648],[-60.781696,-31.637141],[-60.783027,-31.638666],[-60.785509,-31.641591],[-60.785869,-31.642014],[-60.786805,-31.643185],[-60.787714,-31.644372],[-60.788094,-31.644898],[-60.788446,-31.645418],[-60.789128,-31.646482],[-60.789755,-31.64756],[-60.790337,-31.648622],[-60.791595,-31.651332],[-60.79332,-31.655321],[-60.793481,-31.655647],[-60.794107,-31.656986],[-60.794791,-31.6583],[-60.795906,-31.660299],[-60.796103,-31.660648],[-60.796375,-31.661077],[-60.796533,-31.661298],[-60.796659,-31.661487],[-60.796793,-31.661667],[-60.796884,-31.66178],[-60.797005,-31.661894],[-60.797195,-31.662045],[-60.797385,-31.662157],[-60.79756,-31.662237],[-60.797751,-31.662309],[-60.798066,-31.662405],[-60.798231,-31.662453],[-60.798352,-31.662497],[-60.79844,-31.662543],[-60.798528,-31.662609],[-60.798591,-31.662679],[-60.798646,-31.662773],[-60.798669,-31.662898],[-60.798669,-31.662967],[-60.79866,-31.663044],[-60.798642,-31.663118],[-60.798595,-31.6632],[-60.798528,-31.663272],[-60.798426,-31.663347],[-60.798276,-31.66344],[-60.798017,-31.663557],[-60.797387,-31.663821],[-60.796426,-31.664231],[-60.795618,-31.664566],[-60.795435,-31.664664],[-60.795367,-31.664716],[-60.79532,-31.664751],[-60.795289,-31.664785],[-60.795218,-31.664863],[-60.795146,-31.664965],[-60.795076,-31.665105],[-60.795022,-31.665276],[-60.795022,-31.665451],[-60.795029,-31.665531],[-60.795043,-31.665611],[-60.795065,-31.665687],[-60.795258,-31.666129],[-60.795422,-31.666556],[-60.795446,-31.666606],[-60.795465,-31.666657],[-60.795695,-31.667124],[-60.795764,-31.667205],[-60.795848,-31.667262],[-60.795918,-31.667296],[-60.796005,-31.667322],[-60.796091,-31.667342],[-60.796199,-31.66736],[-60.79635,-31.667368],[-60.796478,-31.667386],[-60.796647,-31.667416],[-60.796806,-31.667455],[-60.796964,-31.667509],[-60.797121,-31.667555],[-60.797261,-31.667578],[-60.797302,-31.667582],[-60.797406,-31.667592],[-60.797557,-31.667606],[-60.797712,-31.667601],[-60.797937,-31.667569],[-60.799356,-31.667352],[-60.79997,-31.667245],[-60.801123,-31.667035],[-60.802878,-31.666771],[-60.804993,-31.666423],[-60.806171,-31.666229],[-60.807701,-31.665976],[-60.811407,-31.665365],[-60.812376,-31.665205],[-60.817705,-31.664327],[-60.819293,-31.664063],[-60.82011,-31.663927],[-60.820222,-31.663908],[-60.825242,-31.66307],[-60.8269,-31.662808],[-60.827616,-31.662696],[-60.831026,-31.662136],[-60.831329,-31.662071],[-60.831429,-31.662044],[-60.831676,-31.661979],[-60.831886,-31.661916],[-60.832337,-31.661738],[-60.833201,-31.661422],[-60.834558,-31.660927],[-60.836989,-31.660041],[-60.837375,-31.659917],[-60.837748,-31.659815],[-60.838205,-31.659711],[-60.838992,-31.65958],[-60.840737,-31.659288],[-60.841164,-31.659205],[-60.841464,-31.659148],[-60.841824,-31.659053],[-60.842192,-31.658943],[-60.842606,-31.658807],[-60.843312,-31.658542],[-60.843882,-31.65838],[-60.844069,-31.658323],[-60.844885,-31.658165],[-60.845268,-31.658102],[-60.845775,-31.658057],[-60.845858,-31.65805],[-60.846385,-31.658041],[-60.847226,-31.658058],[-60.847953,-31.658041],[-60.848431,-31.658007],[-60.848783,-31.657969],[-60.856703,-31.65662],[-60.858982,-31.656284],[-60.862314,-31.655792],[-60.862765,-31.655712],[-60.863582,-31.655556],[-60.864183,-31.655423],[-60.86494,-31.655242],[-60.865278,-31.65516],[-60.867251,-31.654695],[-60.868104,-31.654513],[-60.869043,-31.65437],[-60.870623,-31.654105],[-60.872169,-31.653878],[-60.873482,-31.65366],[-60.876868,-31.653096],[-60.881047,-31.652399],[-60.888551,-31.651144],[-60.888664,-31.651127],[-60.88996,-31.650915],[-60.890987,-31.650763],[-60.895707,-31.650022],[-60.899176,-31.649517],[-60.903336,-31.648854],[-60.907226,-31.648202],[-60.908788,-31.64792],[-60.912339,-31.647119],[-60.916136,-31.646271],[-60.918028,-31.645907],[-60.92329,-31.644975],[-60.934974,-31.642963],[-60.93893,-31.642314],[-60.939319,-31.64225],[-60.939848,-31.642162],[-60.940305,-31.642082],[-60.942619,-31.64167],[-60.942862,-31.641629],[-60.950299,-31.640347],[-60.951035,-31.640195],[-60.951911,-31.639985],[-60.952382,-31.639861],[-60.952899,-31.639719],[-60.953374,-31.639569],[-60.954444,-31.639241],[-60.954604,-31.63919],[-60.95562,-31.638958],[-60.955937,-31.638897],[-60.956452,-31.638826],[-60.956769,-31.63879],[-60.958083,-31.638708],[-60.959064,-31.638629],[-60.960153,-31.638509],[-60.961212,-31.638353],[-60.962217,-31.63818],[-60.962313,-31.63816],[-60.964427,-31.637765],[-60.969615,-31.63683],[-60.971963,-31.636386],[-60.973538,-31.636098],[-60.973995,-31.636014],[-60.974089,-31.635997],[-60.974325,-31.635954],[-60.981913,-31.634566],[-60.988279,-31.633415],[-60.997572,-31.63156],[-60.998568,-31.631374],[-61.003465,-31.630524],[-61.004069,-31.630409],[-61.004643,-31.630283],[-61.005692,-31.630023],[-61.006644,-31.629729],[-61.007689,-31.629365],[-61.00841,-31.629124],[-61.009214,-31.628877],[-61.01025,-31.628611],[-61.012496,-31.628133],[-61.013936,-31.627898],[-61.015083,-31.627744],[-61.016116,-31.627649],[-61.017256,-31.62758],[-61.017915,-31.627553],[-61.018695,-31.627544],[-61.018988,-31.627544],[-61.019668,-31.627545],[-61.020702,-31.627596],[-61.026874,-31.627895],[-61.027423,-31.627913],[-61.028015,-31.627922],[-61.028533,-31.627903],[-61.028906,-31.627884],[-61.029452,-31.627826],[-61.030104,-31.62772],[-61.030615,-31.627613],[-61.033038,-31.626957],[-61.037255,-31.625811],[-61.04202,-31.624517],[-61.043787,-31.624034],[-61.044293,-31.623909],[-61.04482,-31.623792],[-61.045296,-31.623706],[-61.04574,-31.623644],[-61.04628,-31.623591],[-61.046698,-31.623561],[-61.047291,-31.623553],[-61.047678,-31.623555],[-61.048101,-31.623573],[-61.048487,-31.623612],[-61.048833,-31.623653],[-61.049171,-31.623702],[-61.053893,-31.624517],[-61.054622,-31.624648],[-61.055138,-31.624716],[-61.055556,-31.624754],[-61.056044,-31.624779],[-61.056489,-31.624781],[-61.057026,-31.624777],[-61.057613,-31.624735],[-61.058097,-31.624679],[-61.058789,-31.624553],[-61.060373,-31.624246],[-61.06119,-31.624079],[-61.061874,-31.623921],[-61.062889,-31.623652],[-61.063765,-31.623392],[-61.064858,-31.623027],[-61.065411,-31.622856],[-61.065851,-31.622744],[-61.066245,-31.622668],[-61.066661,-31.622582],[-61.067205,-31.622503],[-61.067588,-31.622467],[-61.068112,-31.622424],[-61.068718,-31.622412],[-61.069447,-31.622364],[-61.070108,-31.622312],[-61.070692,-31.622242],[-61.071102,-31.622193],[-61.071946,-31.622062],[-61.079908,-31.620674],[-61.080829,-31.620525],[-61.081485,-31.620434],[-61.082151,-31.620347],[-61.094499,-31.619078],[-61.095101,-31.619012],[-61.095472,-31.618948],[-61.095773,-31.618879],[-61.096292,-31.618723],[-61.096333,-31.618713],[-61.096706,-31.618616],[-61.096951,-31.618574],[-61.097232,-31.618541],[-61.097583,-31.618514],[-61.097654,-31.618518],[-61.098355,-31.618547],[-61.098729,-31.618542],[-61.099051,-31.618512],[-61.099853,-31.618405],[-61.101263,-31.61819],[-61.109546,-31.616865],[-61.114928,-31.615992],[-61.115048,-31.615973],[-61.115901,-31.615837],[-61.116091,-31.615811],[-61.1174,-31.615615],[-61.117902,-31.615554],[-61.118633,-31.615491],[-61.119541,-31.615439],[-61.120057,-31.615436],[-61.121408,-31.615523],[-61.122211,-31.615608],[-61.12263,-31.615667],[-61.123298,-31.615792],[-61.123896,-31.615918],[-61.134076,-31.61836],[-61.13679,-31.619021],[-61.137483,-31.619177],[-61.137928,-31.61926],[-61.138312,-31.619319],[-61.138798,-31.619384],[-61.13928,-31.619425],[-61.139814,-31.619459],[-61.140068,-31.619465],[-61.140406,-31.619471],[-61.140757,-31.619464],[-61.141093,-31.619453],[-61.141334,-31.619438],[-61.141596,-31.619416],[-61.141886,-31.619369],[-61.14222,-31.619289],[-61.142491,-31.619211],[-61.142723,-31.619133],[-61.143017,-31.619014],[-61.143555,-31.61877],[-61.143636,-31.61874],[-61.143854,-31.61865],[-61.144151,-31.618553],[-61.144443,-31.618478],[-61.14473,-31.618425],[-61.144826,-31.618412],[-61.145192,-31.618369],[-61.14548,-31.618325],[-61.145696,-31.618293],[-61.145924,-31.618239],[-61.146165,-31.618179],[-61.14647,-31.618077],[-61.146754,-31.61797],[-61.147052,-31.617831],[-61.148285,-31.61716],[-61.149191,-31.616645],[-61.150822,-31.615789],[-61.162302,-31.609528],[-61.162715,-31.609303],[-61.165225,-31.607978],[-61.16552,-31.60782],[-61.168003,-31.606461],[-61.168705,-31.606094],[-61.169347,-31.605795],[-61.170054,-31.605503],[-61.170693,-31.605291],[-61.171244,-31.60515],[-61.171814,-31.60501],[-61.172529,-31.604849],[-61.173495,-31.604642],[-61.173812,-31.604589],[-61.178255,-31.603653],[-61.178639,-31.60357],[-61.181471,-31.602994],[-61.187749,-31.601659],[-61.197293,-31.599693],[-61.19827,-31.599505],[-61.2026,-31.598596],[-61.216326,-31.595714],[-61.223309,-31.594249],[-61.22414,-31.594095],[-61.225148,-31.59392],[-61.225243,-31.593904],[-61.225475,-31.593889],[-61.225808,-31.593867],[-61.22602,-31.593866],[-61.226346,-31.593878],[-61.226942,-31.593919],[-61.227354,-31.593972],[-61.227863,-31.594072],[-61.228302,-31.594176],[-61.228712,-31.594295],[-61.229058,-31.594418],[-61.229482,-31.594584],[-61.229938,-31.594758],[-61.23054,-31.595004],[-61.234415,-31.596585],[-61.235348,-31.59695],[-61.235763,-31.597089],[-61.236159,-31.5972],[-61.236596,-31.597292],[-61.237106,-31.597373],[-61.23754,-31.597428],[-61.238058,-31.597473],[-61.238143,-31.597475],[-61.238514,-31.59748],[-61.238982,-31.597468],[-61.239473,-31.597425],[-61.24012,-31.597343],[-61.243674,-31.596712],[-61.249926,-31.595602],[-61.253299,-31.594999],[-61.256716,-31.594405],[-61.257049,-31.59434],[-61.269309,-31.592147],[-61.274533,-31.591362],[-61.276381,-31.591048],[-61.276728,-31.590965],[-61.27702,-31.590877],[-61.277374,-31.590743],[-61.2776,-31.590669],[-61.277709,-31.590644],[-61.278002,-31.590576],[-61.278252,-31.590538],[-61.278678,-31.590503],[-61.278883,-31.590505],[-61.279002,-31.590505],[-61.279681,-31.590513],[-61.280086,-31.590492],[-61.280452,-31.590446],[-61.280822,-31.590394],[-61.282353,-31.590146],[-61.284224,-31.589808],[-61.285502,-31.589578],[-61.29712,-31.587592],[-61.302228,-31.586719],[-61.307564,-31.585804],[-61.31915,-31.583808],[-61.323219,-31.583115],[-61.323352,-31.583088],[-61.324131,-31.582969],[-61.324256,-31.582952],[-61.329588,-31.582001],[-61.345955,-31.579197],[-61.346001,-31.57919],[-61.346649,-31.579079],[-61.346708,-31.579071],[-61.350451,-31.578421],[-61.356182,-31.577429],[-61.357002,-31.577311],[-61.357857,-31.577231],[-61.358517,-31.577179],[-61.359213,-31.577151],[-61.360061,-31.577134],[-61.361333,-31.577186],[-61.365534,-31.577518],[-61.36766,-31.577679],[-61.374895,-31.578237],[-61.375508,-31.578264],[-61.376069,-31.578261],[-61.376708,-31.578246],[-61.37727,-31.578214],[-61.377691,-31.578164],[-61.378036,-31.578114],[-61.378407,-31.578048],[-61.379027,-31.57793],[-61.379527,-31.577808],[-61.380073,-31.577656],[-61.380758,-31.577414],[-61.381104,-31.577284],[-61.381521,-31.577112],[-61.381933,-31.576925],[-61.38221,-31.576791],[-61.382669,-31.576551],[-61.383432,-31.57613],[-61.384818,-31.575337],[-61.388308,-31.573476],[-61.389106,-31.573048],[-61.391194,-31.571922],[-61.391451,-31.571774],[-61.392569,-31.571162],[-61.392911,-31.570982],[-61.398578,-31.567863],[-61.414969,-31.558922],[-61.423759,-31.554119],[-61.431385,-31.549951],[-61.431709,-31.549795],[-61.432066,-31.549622],[-61.432427,-31.549466],[-61.432722,-31.549348],[-61.433124,-31.549198],[-61.433532,-31.549058],[-61.433916,-31.54895],[-61.43438,-31.54884],[-61.435032,-31.548712],[-61.438901,-31.548003],[-61.446568,-31.54667],[-61.446771,-31.546631],[-61.447259,-31.546557],[-61.447498,-31.546515],[-61.450782,-31.545924],[-61.453354,-31.545474],[-61.460426,-31.544216],[-61.464198,-31.543564],[-61.473311,-31.54194],[-61.473406,-31.541925],[-61.474324,-31.541779],[-61.474394,-31.541768],[-61.48727,-31.539449],[-61.508041,-31.535786],[-61.522395,-31.533236],[-61.523587,-31.532973],[-61.523793,-31.532926],[-61.523934,-31.532887],[-61.524104,-31.532828],[-61.524246,-31.532776],[-61.52444,-31.532695],[-61.524634,-31.532586],[-61.524798,-31.532481],[-61.524961,-31.53235],[-61.525094,-31.53221],[-61.525214,-31.532069],[-61.525356,-31.5319],[-61.525698,-31.531446],[-61.52578,-31.531347],[-61.525841,-31.531253],[-61.525909,-31.531118],[-61.526017,-31.53091],[-61.526089,-31.530749],[-61.52613,-31.530609],[-61.526196,-31.530361],[-61.526239,-31.530085],[-61.526256,-31.529895],[-61.526234,-31.529574],[-61.525874,-31.528508],[-61.52565,-31.527583],[-61.525582,-31.527284],[-61.525546,-31.527069],[-61.525524,-31.526854],[-61.525504,-31.526577],[-61.525499,-31.526356],[-61.525511,-31.526112],[-61.525552,-31.525757],[-61.525648,-31.525404],[-61.525705,-31.525114],[-61.525769,-31.524883],[-61.525833,-31.524685],[-61.526039,-31.524116],[-61.526221,-31.523629],[-61.5297,-31.514626],[-61.532072,-31.508495],[-61.533941,-31.503707],[-61.534303,-31.502705],[-61.534382,-31.502424],[-61.534441,-31.502174],[-61.534494,-31.501859],[-61.534531,-31.501487],[-61.534534,-31.501221],[-61.534519,-31.50098],[-61.53449,-31.500726],[-61.534403,-31.500234],[-61.53429,-31.499741],[-61.532888,-31.493268],[-61.532267,-31.490513],[-61.532064,-31.489587],[-61.531916,-31.488983],[-61.531842,-31.488704],[-61.531752,-31.488416],[-61.531594,-31.487929],[-61.531278,-31.487071],[-61.531058,-31.486419],[-61.530984,-31.486192],[-61.53091,-31.485941],[-61.530725,-31.485206],[-61.530528,-31.484355],[-61.53047,-31.484102],[-61.530423,-31.483884],[-61.530211,-31.4829],[-61.530057,-31.482155],[-61.529996,-31.481836],[-61.529957,-31.48154],[-61.529927,-31.481286],[-61.529896,-31.480943],[-61.529717,-31.479483],[-61.529675,-31.479225],[-61.529612,-31.478853],[-61.529359,-31.477652],[-61.528764,-31.475127],[-61.528733,-31.474979],[-61.528627,-31.47452],[-61.526925,-31.467157],[-61.525764,-31.462134],[-61.525639,-31.461498],[-61.525591,-31.461198],[-61.525562,-31.460926],[-61.525562,-31.460563],[-61.525571,-31.460318],[-61.52561,-31.459988],[-61.525663,-31.459693],[-61.525748,-31.459351],[-61.525812,-31.459157],[-61.525893,-31.45894],[-61.526001,-31.458673],[-61.526101,-31.45845],[-61.526189,-31.458283],[-61.52629,-31.458105],[-61.527206,-31.456765],[-61.529035,-31.454133],[-61.531185,-31.450996],[-61.534433,-31.446308],[-61.534991,-31.445493],[-61.53554,-31.444699],[-61.535965,-31.444092],[-61.536598,-31.443157],[-61.537553,-31.44179],[-61.537757,-31.441493],[-61.538412,-31.440537],[-61.539094,-31.439549],[-61.540104,-31.43809],[-61.541099,-31.436641],[-61.54168,-31.435805],[-61.542801,-31.434177],[-61.543888,-31.432602],[-61.544072,-31.432312],[-61.545511,-31.430222],[-61.546215,-31.429203],[-61.546455,-31.428774],[-61.546649,-31.428345],[-61.546763,-31.427994],[-61.546831,-31.427649],[-61.546903,-31.427213],[-61.546923,-31.426759],[-61.546925,-31.426365],[-61.546874,-31.425983],[-61.546678,-31.425244],[-61.546453,-31.424392],[-61.545415,-31.420884],[-61.545404,-31.420847],[-61.544717,-31.418462],[-61.544317,-31.416906],[-61.543716,-31.414581],[-61.543481,-31.413672],[-61.543246,-31.412759],[-61.542833,-31.411148],[-61.542237,-31.408818],[-61.540452,-31.401864],[-61.539829,-31.399414],[-61.538714,-31.394994],[-61.538372,-31.393665],[-61.538199,-31.39297],[-61.537962,-31.392013],[-61.537803,-31.391147],[-61.537673,-31.390409],[-61.537498,-31.389464],[-61.537288,-31.388428],[-61.53708,-31.387409],[-61.536685,-31.385551],[-61.535652,-31.380691],[-61.535173,-31.378488],[-61.53359,-31.371637],[-61.533239,-31.370443],[-61.532825,-31.369094],[-61.532651,-31.368519],[-61.53252,-31.368017],[-61.531077,-31.361957],[-61.530707,-31.36051],[-61.530559,-31.359993],[-61.530423,-31.359545],[-61.530321,-31.359268],[-61.530205,-31.358986],[-61.529975,-31.358531],[-61.529694,-31.358019],[-61.529121,-31.356995],[-61.528896,-31.356548],[-61.528825,-31.356404],[-61.528723,-31.356158],[-61.52855,-31.355707],[-61.528435,-31.355341],[-61.528317,-31.354957],[-61.528182,-31.354433],[-61.528073,-31.353889],[-61.527989,-31.353211],[-61.527968,-31.352739],[-61.527965,-31.352312],[-61.527974,-31.351988],[-61.527998,-31.351626],[-61.528033,-31.351054],[-61.528052,-31.350554],[-61.52806,-31.350307],[-61.528053,-31.349941],[-61.528041,-31.349606],[-61.528016,-31.349281],[-61.527981,-31.348937],[-61.527933,-31.348619],[-61.527868,-31.348274],[-61.526699,-31.343352],[-61.524586,-31.334492],[-61.523377,-31.329425],[-61.522263,-31.324754],[-61.520818,-31.318592],[-61.52064,-31.317755],[-61.520468,-31.316949],[-61.520176,-31.315639],[-61.519875,-31.314261],[-61.519747,-31.313705],[-61.519569,-31.312902],[-61.519416,-31.312022],[-61.519314,-31.311437],[-61.519228,-31.310849],[-61.519187,-31.310489],[-61.518942,-31.309158],[-61.518675,-31.307914],[-61.518604,-31.307609],[-61.518516,-31.307093],[-61.518476,-31.306756],[-61.518422,-31.306229],[-61.518416,-31.305636],[-61.518427,-31.305316],[-61.518455,-31.304932],[-61.518487,-31.304605],[-61.51854,-31.304268],[-61.518602,-31.303908],[-61.518709,-31.303455],[-61.518816,-31.303019],[-61.518961,-31.302553],[-61.51917,-31.30204],[-61.519331,-31.301687],[-61.519524,-31.301304],[-61.519789,-31.300847],[-61.52,-31.300475],[-61.520214,-31.300097],[-61.520696,-31.29945],[-61.524452,-31.295209],[-61.527646,-31.291551],[-61.527933,-31.291222],[-61.530907,-31.287882],[-61.531999,-31.286629],[-61.533662,-31.284841],[-61.534563,-31.283736],[-61.53519,-31.28286],[-61.535625,-31.282186],[-61.536055,-31.281517],[-61.536659,-31.280351],[-61.536881,-31.279804],[-61.53704,-31.279428],[-61.537288,-31.278762],[-61.537445,-31.278313],[-61.537574,-31.277868],[-61.537697,-31.277386],[-61.537803,-31.2769],[-61.537947,-31.275996],[-61.538021,-31.275409],[-61.538082,-31.27447],[-61.538111,-31.273456],[-61.538095,-31.272858],[-61.538058,-31.272392],[-61.538011,-31.271846],[-61.537937,-31.271295],[-61.537758,-31.270227],[-61.53632,-31.2642],[-61.53522,-31.259645],[-61.53489,-31.258283],[-61.534147,-31.255192],[-61.534012,-31.254634],[-61.5335,-31.252113],[-61.533371,-31.25156],[-61.533029,-31.250098],[-61.532455,-31.247659],[-61.532224,-31.246695],[-61.532001,-31.24594],[-61.531704,-31.244976],[-61.531366,-31.243861],[-61.531223,-31.243342],[-61.531089,-31.242784],[-61.530299,-31.239412],[-61.529539,-31.236295],[-61.528499,-31.231931],[-61.527345,-31.22716],[-61.526476,-31.223502],[-61.525596,-31.219843],[-61.525102,-31.217746],[-61.524001,-31.213169],[-61.523674,-31.211808],[-61.52292,-31.208665],[-61.522314,-31.206241],[-61.522093,-31.205271],[-61.521278,-31.201854],[-61.520628,-31.199159],[-61.520106,-31.196832],[-61.519567,-31.194635],[-61.519493,-31.194304],[-61.519092,-31.192521],[-61.518749,-31.191137],[-61.51853,-31.190282],[-61.518376,-31.189738],[-61.518119,-31.188961],[-61.517722,-31.188003],[-61.517403,-31.187335],[-61.516942,-31.186512],[-61.516456,-31.185731],[-61.515934,-31.184981],[-61.51537,-31.184242],[-61.514757,-31.183503],[-61.513932,-31.18265],[-61.513176,-31.181947],[-61.512532,-31.181399],[-61.511824,-31.180841],[-61.510888,-31.180206],[-61.509973,-31.17962],[-61.509088,-31.179143],[-61.508133,-31.178661],[-61.50714,-31.178222],[-61.505686,-31.177683],[-61.504426,-31.177303],[-61.502748,-31.176881],[-61.499054,-31.176037],[-61.497723,-31.17572],[-61.493461,-31.174726],[-61.492181,-31.174406],[-61.491012,-31.174078],[-61.490496,-31.17389],[-61.489733,-31.173571],[-61.489068,-31.173259],[-61.48792,-31.172575],[-61.487153,-31.172057],[-61.486676,-31.171667],[-61.485897,-31.170941],[-61.485335,-31.170315],[-61.484954,-31.169839],[-61.484765,-31.169592],[-61.484492,-31.169151],[-61.484165,-31.16861],[-61.483746,-31.167816],[-61.483457,-31.167145],[-61.483247,-31.166471],[-61.482968,-31.165397],[-61.482538,-31.163331],[-61.482416,-31.16275],[-61.481885,-31.1602],[-61.481643,-31.158387],[-61.480741,-31.154417],[-61.479965,-31.151273],[-61.479887,-31.150953],[-61.479306,-31.148743],[-61.479166,-31.148211],[-61.478399,-31.14514],[-61.477528,-31.141701],[-61.476617,-31.138158],[-61.476095,-31.135818],[-61.475946,-31.135151],[-61.475649,-31.133398],[-61.474892,-31.128735],[-61.474661,-31.127459],[-61.474382,-31.12634],[-61.474159,-31.125445],[-61.471909,-31.117058],[-61.469696,-31.1087],[-61.469454,-31.107726],[-61.469191,-31.106664],[-61.467077,-31.098347],[-61.464843,-31.089216],[-61.464579,-31.088125],[-61.464534,-31.087958],[-61.463671,-31.084478],[-61.463235,-31.082662],[-61.462631,-31.079692],[-61.462199,-31.077493],[-61.461496,-31.073849],[-61.460875,-31.070629],[-61.460406,-31.068149],[-61.459976,-31.066064],[-61.459851,-31.065027],[-61.459838,-31.064428],[-61.459862,-31.063845],[-61.459924,-31.063414],[-61.459963,-31.063144],[-61.460484,-31.060051],[-61.460575,-31.0591],[-61.460588,-31.058257],[-61.460498,-31.057353],[-61.460186,-31.055822],[-61.457705,-31.044963],[-61.454965,-31.032704],[-61.454908,-31.032425],[-61.45413,-31.029149],[-61.454029,-31.0285],[-61.45401,-31.028234],[-61.454004,-31.027959],[-61.454013,-31.027768],[-61.454029,-31.027601],[-61.454076,-31.02739],[-61.454123,-31.027231],[-61.454184,-31.027057],[-61.454264,-31.026855],[-61.454393,-31.026553],[-61.454572,-31.026279],[-61.454862,-31.025897],[-61.455307,-31.025417],[-61.457047,-31.023625],[-61.457564,-31.023102],[-61.458169,-31.02249],[-61.45889,-31.021783],[-61.463937,-31.016611],[-61.464443,-31.01617],[-61.464801,-31.015902],[-61.46528,-31.015599],[-61.472019,-31.011767],[-61.473223,-31.011043],[-61.474564,-31.010155],[-61.475987,-31.009351],[-61.476664,-31.008956],[-61.477627,-31.008408],[-61.478233,-31.008004],[-61.478714,-31.007661],[-61.479603,-31.006987],[-61.48034,-31.006415],[-61.480942,-31.005898],[-61.483355,-31.00398],[-61.488218,-31.000217],[-61.492996,-30.996346],[-61.494475,-30.99518],[-61.497035,-30.993187],[-61.501042,-30.989987],[-61.502398,-30.988938],[-61.50332,-30.988209],[-61.504227,-30.987458],[-61.505052,-30.986735],[-61.511806,-30.979841],[-61.512069,-30.979571],[-61.512586,-30.979039],[-61.512805,-30.978815],[-61.513045,-30.97857],[-61.513389,-30.978178],[-61.51364,-30.977884],[-61.515327,-30.97617],[-61.517115,-30.974364],[-61.517877,-30.973596],[-61.519774,-30.971668],[-61.521114,-30.970302],[-61.523302,-30.968074],[-61.523571,-30.967801],[-61.524425,-30.966931],[-61.524924,-30.966423],[-61.524987,-30.966359],[-61.525287,-30.966055],[-61.526239,-30.965092],[-61.527401,-30.96392],[-61.528335,-30.962952],[-61.528537,-30.962746],[-61.528658,-30.962624],[-61.52999,-30.961276],[-61.530551,-30.960725],[-61.530861,-30.960415],[-61.531563,-30.959686],[-61.532577,-30.958656],[-61.53366,-30.957587],[-61.533921,-30.957296],[-61.534511,-30.956656],[-61.534962,-30.956066],[-61.535329,-30.955507],[-61.535587,-30.955006],[-61.535771,-30.95461],[-61.535889,-30.954351],[-61.536026,-30.954048],[-61.536383,-30.953262],[-61.536495,-30.953016],[-61.537111,-30.951584],[-61.537214,-30.951335],[-61.537933,-30.949718],[-61.538561,-30.948271],[-61.539017,-30.947237],[-61.539403,-30.946373],[-61.539823,-30.94543],[-61.540156,-30.94463],[-61.540385,-30.944103],[-61.540511,-30.943798],[-61.54077,-30.943101],[-61.540829,-30.942919],[-61.540982,-30.942444],[-61.541067,-30.942172],[-61.541143,-30.941926],[-61.541267,-30.941503],[-61.541304,-30.941313],[-61.541315,-30.94123],[-61.541315,-30.941132],[-61.541296,-30.941022],[-61.541255,-30.940884],[-61.541233,-30.940796],[-61.541237,-30.940713],[-61.541265,-30.940635],[-61.541328,-30.940549],[-61.541419,-30.940484],[-61.541565,-30.940375],[-61.541667,-30.940289],[-61.541729,-30.940217],[-61.541764,-30.940155],[-61.541839,-30.939994],[-61.543094,-30.937055],[-61.543514,-30.936103],[-61.543866,-30.93533],[-61.544134,-30.934812],[-61.544368,-30.934397],[-61.544638,-30.933939],[-61.54501,-30.933332],[-61.545552,-30.932379],[-61.54592,-30.931674],[-61.546193,-30.931092],[-61.546352,-30.93079],[-61.546701,-30.929989],[-61.546942,-30.929474],[-61.546976,-30.929402],[-61.547609,-30.928047],[-61.548436,-30.926202],[-61.549515,-30.923751],[-61.553988,-30.913617],[-61.55411,-30.913391],[-61.558725,-30.903002],[-61.562987,-30.893389],[-61.563337,-30.892572],[-61.565415,-30.887263],[-61.567316,-30.882283],[-61.571495,-30.871219],[-61.576836,-30.856966],[-61.577175,-30.856093],[-61.577515,-30.855187],[-61.581504,-30.846444],[-61.581759,-30.845913],[-61.582001,-30.845459],[-61.582191,-30.845105],[-61.582414,-30.84474],[-61.582565,-30.84452],[-61.582791,-30.844181],[-61.583188,-30.843613],[-61.58635,-30.838976],[-61.591469,-30.831471],[-61.591883,-30.83091],[-61.592551,-30.830083],[-61.603835,-30.818255],[-61.604222,-30.817784],[-61.604518,-30.81736],[-61.604894,-30.816689],[-61.605199,-30.815968],[-61.605444,-30.815352],[-61.608615,-30.804645],[-61.610522,-30.798209],[-61.612345,-30.792206],[-61.619741,-30.767387],[-61.620935,-30.763324],[-61.621148,-30.762494],[-61.621259,-30.761978],[-61.621341,-30.761475],[-61.621393,-30.760978],[-61.621425,-30.760557],[-61.621565,-30.757666],[-61.621571,-30.757544],[-61.621865,-30.751558],[-61.622262,-30.743496],[-61.623018,-30.72716],[-61.623045,-30.726481],[-61.623018,-30.725768],[-61.622926,-30.724997],[-61.622787,-30.724345],[-61.622617,-30.723714],[-61.62243,-30.723161],[-61.620322,-30.717857],[-61.61994,-30.716835],[-61.61973,-30.715934],[-61.619663,-30.715541],[-61.619618,-30.715207],[-61.619595,-30.714945],[-61.619575,-30.714612],[-61.619565,-30.714295],[-61.619566,-30.713899],[-61.619636,-30.711967],[-61.619683,-30.710901],[-61.619705,-30.709807],[-61.61974,-30.70869],[-61.619777,-30.70759],[-61.619829,-30.706476],[-61.619925,-30.70571],[-61.620004,-30.705265],[-61.620101,-30.704835],[-61.620287,-30.704208],[-61.620573,-30.703363],[-61.621299,-30.701696],[-61.621927,-30.700308],[-61.622646,-30.698697],[-61.623868,-30.695912],[-61.624204,-30.695046],[-61.624361,-30.694561],[-61.624492,-30.694011],[-61.624587,-30.693549],[-61.624645,-30.693082],[-61.624712,-30.692221],[-61.625237,-30.680947],[-61.625382,-30.678265],[-61.625714,-30.671265],[-61.625814,-30.669369],[-61.62617,-30.661984],[-61.626399,-30.657202],[-61.626626,-30.652458],[-61.626765,-30.650036],[-61.626807,-30.649035],[-61.626797,-30.64816],[-61.62675,-30.64751],[-61.62665,-30.646804],[-61.624617,-30.638292],[-61.623804,-30.634889],[-61.623521,-30.633717],[-61.623042,-30.631747],[-61.622956,-30.631261],[-61.622871,-30.630676],[-61.622849,-30.630125],[-61.622873,-30.629558],[-61.622874,-30.629368],[-61.622923,-30.629021],[-61.623,-30.628601],[-61.623114,-30.628069],[-61.623239,-30.627647],[-61.623355,-30.627288],[-61.623604,-30.626654],[-61.62378,-30.626206],[-61.627835,-30.616324],[-61.628065,-30.61568],[-61.62825,-30.615012],[-61.628454,-30.614142],[-61.628556,-30.613277],[-61.628923,-30.606125],[-61.628928,-30.606012],[-61.630296,-30.579787],[-61.630492,-30.576015],[-61.631763,-30.550226],[-61.632321,-30.538791],[-61.632893,-30.527942],[-61.633324,-30.519784],[-61.634205,-30.50193],[-61.634227,-30.501309],[-61.634204,-30.500647],[-61.634154,-30.500133],[-61.634028,-30.499414],[-61.633887,-30.498832],[-61.632312,-30.493001],[-61.632185,-30.492418],[-61.632124,-30.492008],[-61.632085,-30.491551],[-61.632036,-30.49082],[-61.632082,-30.489709],[-61.632146,-30.488623],[-61.632182,-30.487885],[-61.632221,-30.487172],[-61.632287,-30.486073],[-61.632343,-30.484961],[-61.632395,-30.484239],[-61.632421,-30.484075],[-61.632494,-30.483609],[-61.632567,-30.483228],[-61.632716,-30.48266],[-61.63293,-30.482027],[-61.633143,-30.481428],[-61.63412,-30.47895],[-61.635253,-30.475989],[-61.635419,-30.475424],[-61.635528,-30.47488],[-61.635598,-30.47438],[-61.63638,-30.458839],[-61.637272,-30.441138],[-61.637746,-30.432351],[-61.63786,-30.4298],[-61.637908,-30.429248],[-61.637996,-30.428588],[-61.63812,-30.427951],[-61.638326,-30.427281],[-61.638512,-30.426752],[-61.638737,-30.426284],[-61.644904,-30.413306],[-61.645094,-30.412848],[-61.645236,-30.412441],[-61.645365,-30.412044],[-61.645451,-30.411643],[-61.645475,-30.41149],[-61.645519,-30.411062],[-61.645537,-30.410893],[-61.645745,-30.406766],[-61.645896,-30.403765],[-61.645981,-30.403128],[-61.646127,-30.402546],[-61.646285,-30.402001],[-61.646518,-30.401391],[-61.648443,-30.397375],[-61.648905,-30.396378],[-61.64918,-30.395803],[-61.649491,-30.395153],[-61.649799,-30.394539],[-61.650091,-30.3939],[-61.650714,-30.392592],[-61.651513,-30.390888],[-61.652089,-30.389688],[-61.652528,-30.388883],[-61.653037,-30.388143],[-61.653332,-30.387784],[-61.653755,-30.387349],[-61.654163,-30.386935],[-61.659293,-30.382118],[-61.659794,-30.381631],[-61.660255,-30.381115],[-61.66072,-30.380504],[-61.661146,-30.379876],[-61.66152,-30.379179],[-61.665935,-30.369875],[-61.669073,-30.363307],[-61.669351,-30.362639],[-61.669555,-30.36188],[-61.669668,-30.361253],[-61.669881,-30.359881],[-61.670014,-30.359331],[-61.670247,-30.358658],[-61.670551,-30.358053],[-61.670908,-30.357496],[-61.673489,-30.353989],[-61.673894,-30.353327],[-61.674266,-30.352573],[-61.675048,-30.350929],[-61.675089,-30.350844],[-61.680073,-30.340362],[-61.690336,-30.318938],[-61.695695,-30.307726],[-61.706812,-30.284406],[-61.718153,-30.260601],[-61.71871,-30.259434],[-61.719005,-30.25872],[-61.719263,-30.257838],[-61.719288,-30.257728],[-61.719308,-30.257642],[-61.722589,-30.243316],[-61.723913,-30.237439],[-61.72394,-30.23732],[-61.72429,-30.235979],[-61.724439,-30.235392],[-61.724621,-30.234808],[-61.724894,-30.234108],[-61.725328,-30.233142],[-61.725787,-30.232119],[-61.725894,-30.231882],[-61.72666,-30.230083],[-61.727115,-30.229067],[-61.727449,-30.228411],[-61.72764,-30.228097],[-61.727722,-30.227954],[-61.728016,-30.227434],[-61.728299,-30.227006],[-61.728436,-30.226826],[-61.728524,-30.226711],[-61.728926,-30.226233],[-61.729384,-30.225754],[-61.729688,-30.225499],[-61.729859,-30.225357],[-61.730274,-30.225022],[-61.730533,-30.224823],[-61.730874,-30.224585],[-61.731674,-30.223995],[-61.736135,-30.220823],[-61.736708,-30.220362],[-61.737143,-30.219955],[-61.737623,-30.219392],[-61.738026,-30.218835],[-61.738235,-30.218492],[-61.738444,-30.218101],[-61.738717,-30.217531],[-61.750793,-30.192153],[-61.765789,-30.160736],[-61.767702,-30.156718],[-61.77519,-30.140934],[-61.777243,-30.136651],[-61.779711,-30.131442],[-61.782901,-30.124707],[-61.784631,-30.120558],[-61.785594,-30.118192],[-61.786519,-30.115904],[-61.78702,-30.114747],[-61.787768,-30.113145],[-61.789854,-30.108807],[-61.790816,-30.106807],[-61.791778,-30.10483],[-61.791896,-30.104613],[-61.792725,-30.103073],[-61.795178,-30.098848],[-61.806598,-30.074866],[-61.810398,-30.066878],[-61.811959,-30.063597],[-61.813028,-30.061349],[-61.819024,-30.04864],[-61.821022,-30.044515],[-61.822833,-30.040684],[-61.823708,-30.038877],[-61.825305,-30.035475],[-61.827183,-30.03155],[-61.827339,-30.031173],[-61.82745,-30.030877],[-61.827538,-30.030601],[-61.827621,-30.030337],[-61.827682,-30.030084],[-61.827739,-30.029825],[-61.829103,-30.021501],[-61.829547,-30.018783],[-61.829594,-30.018498],[-61.829989,-30.01606],[-61.830555,-30.012593],[-61.83086,-30.010727],[-61.830872,-30.010647],[-61.830965,-30.009938],[-61.831083,-30.009078],[-61.83119,-30.008373],[-61.831214,-30.00815],[-61.831229,-30.007911],[-61.831235,-30.007649],[-61.831234,-30.00739],[-61.831213,-30.006461],[-61.831058,-30.003178],[-61.831052,-30.003062],[-61.831032,-30.002706],[-61.831037,-30.00239],[-61.831051,-30.002222],[-61.831066,-30.001967],[-61.831096,-30.001729],[-61.831134,-30.001495],[-61.831213,-30.001128],[-61.831249,-30.000994],[-61.831297,-30.000795],[-61.831352,-30.000589],[-61.83147,-30.000236],[-61.831568,-29.999981],[-61.831615,-29.999857],[-61.831684,-29.999729],[-61.831823,-29.999486],[-61.831918,-29.999328],[-61.832067,-29.99907],[-61.832222,-29.998744],[-61.832402,-29.998364],[-61.832695,-29.997728],[-61.832818,-29.997485],[-61.832837,-29.997447],[-61.832994,-29.997164],[-61.833176,-29.996836],[-61.833404,-29.996477],[-61.8336,-29.996199],[-61.833773,-29.995978],[-61.833965,-29.995757],[-61.834315,-29.995378],[-61.834534,-29.995164],[-61.834773,-29.994939],[-61.835044,-29.994711],[-61.835289,-29.994515],[-61.835599,-29.994283],[-61.835863,-29.994095],[-61.836142,-29.993906],[-61.837064,-29.993323],[-61.838597,-29.992315],[-61.844816,-29.988262],[-61.847009,-29.986838],[-61.847224,-29.986698],[-61.848692,-29.985741],[-61.849896,-29.984949],[-61.849955,-29.984909],[-61.850352,-29.984637],[-61.850785,-29.984314],[-61.851122,-29.984044],[-61.851395,-29.983792],[-61.851808,-29.983387],[-61.852257,-29.982909],[-61.855882,-29.979027],[-61.874008,-29.959568],[-61.877651,-29.955661],[-61.882704,-29.950242],[-61.88492,-29.947866],[-61.88592,-29.946682],[-61.886301,-29.946184],[-61.886413,-29.946064],[-61.886454,-29.946023],[-61.886498,-29.945979],[-61.886605,-29.945863],[-61.887701,-29.944859],[-61.888021,-29.944538],[-61.889163,-29.943308],[-61.89041,-29.94197],[-61.891544,-29.94072],[-61.895154,-29.936871],[-61.897102,-29.934781],[-61.89947,-29.93224],[-61.901896,-29.929634],[-61.902426,-29.929064],[-61.908143,-29.922921],[-61.914826,-29.915739],[-61.924985,-29.90482],[-61.925192,-29.904597],[-61.926228,-29.903484],[-61.926414,-29.903275],[-61.926619,-29.903034],[-61.926827,-29.90277],[-61.927011,-29.90252],[-61.927198,-29.902245],[-61.927352,-29.901996],[-61.927497,-29.901738],[-61.927653,-29.901455],[-61.927753,-29.901262],[-61.927854,-29.901044],[-61.928,-29.900704],[-61.928124,-29.900387],[-61.928234,-29.900064],[-61.928323,-29.899754],[-61.928414,-29.899365],[-61.928525,-29.898837],[-61.928527,-29.898828],[-61.928658,-29.898192],[-61.929217,-29.895492],[-61.929235,-29.895408],[-61.929673,-29.89328],[-61.9297,-29.893153],[-61.930015,-29.891636],[-61.930421,-29.889664],[-61.930771,-29.887972],[-61.931046,-29.886617],[-61.931217,-29.88582],[-61.931462,-29.88476],[-61.931502,-29.88456],[-61.931586,-29.884235],[-61.93167,-29.8839],[-61.931738,-29.883655],[-61.931833,-29.883369],[-61.9321,-29.882684],[-61.932593,-29.881725],[-61.933136,-29.880909],[-61.933246,-29.880777],[-61.933728,-29.880204],[-61.93459,-29.879264],[-61.934905,-29.878921],[-61.935312,-29.878477],[-61.936094,-29.877579],[-61.936321,-29.877274],[-61.93659,-29.876961],[-61.937152,-29.876373],[-61.937239,-29.876265],[-61.937322,-29.876097],[-61.937367,-29.875982],[-61.937357,-29.875918],[-61.937379,-29.875823],[-61.937408,-29.875758],[-61.937465,-29.875691],[-61.937572,-29.875612],[-61.937661,-29.875597],[-61.937903,-29.875461],[-61.938113,-29.875281],[-61.939275,-29.874115],[-61.940048,-29.873271],[-61.940643,-29.872613],[-61.940801,-29.872438],[-61.941101,-29.872127],[-61.941555,-29.871634],[-61.941696,-29.87147],[-61.942062,-29.871083],[-61.942409,-29.870685],[-61.942502,-29.870577],[-61.942586,-29.870487],[-61.942736,-29.870326],[-61.943052,-29.86999],[-61.943299,-29.869711],[-61.943537,-29.869455],[-61.943959,-29.869038],[-61.944029,-29.868946],[-61.944142,-29.868855],[-61.944431,-29.868604],[-61.944579,-29.868475],[-61.945165,-29.868033],[-61.945228,-29.867989],[-61.945318,-29.867925],[-61.945521,-29.867782],[-61.945934,-29.867529],[-61.946438,-29.867252],[-61.946466,-29.867239],[-61.947064,-29.866961],[-61.947607,-29.86674],[-61.948197,-29.86655],[-61.948814,-29.866373],[-61.950358,-29.866008],[-61.951223,-29.865812],[-61.951925,-29.865659],[-61.953366,-29.865321],[-61.955215,-29.864902],[-61.959239,-29.863978],[-61.959643,-29.863886],[-61.959986,-29.863808],[-61.960561,-29.863678],[-61.960965,-29.863577],[-61.961341,-29.863471],[-61.961554,-29.863405],[-61.96168,-29.863365],[-61.961982,-29.86326],[-61.962314,-29.863132],[-61.96262,-29.863002],[-61.962878,-29.862885],[-61.963128,-29.862766],[-61.963421,-29.862617],[-61.963672,-29.862476],[-61.963971,-29.862303],[-61.964251,-29.862117],[-61.964485,-29.861958],[-61.964599,-29.86188],[-61.964842,-29.861696],[-61.965068,-29.861518],[-61.965307,-29.861315],[-61.965507,-29.861139],[-61.96576,-29.860898],[-61.966038,-29.860616],[-61.966458,-29.860173],[-61.967301,-29.859267],[-61.972365,-29.853821],[-61.973085,-29.853045],[-61.977647,-29.848132],[-61.980283,-29.845294],[-61.989785,-29.83506],[-61.990762,-29.834007],[-61.991467,-29.833258],[-61.995236,-29.829199],[-61.997606,-29.826652],[-61.999654,-29.824444],[-62.001785,-29.822149],[-62.004677,-29.819041],[-62.004848,-29.818916],[-62.005215,-29.818529],[-62.006219,-29.817445],[-62.010672,-29.812629],[-62.016117,-29.806734],[-62.016506,-29.806311],[-62.016849,-29.805921],[-62.017151,-29.805545],[-62.017381,-29.805257],[-62.017977,-29.80445],[-62.019049,-29.802969],[-62.019468,-29.802413],[-62.019642,-29.802184],[-62.019815,-29.801977],[-62.020468,-29.801177],[-62.024521,-29.796773],[-62.028082,-29.792891],[-62.028677,-29.792323],[-62.033804,-29.786771],[-62.036733,-29.783599],[-62.038266,-29.781954],[-62.038624,-29.781554],[-62.038853,-29.781273],[-62.039103,-29.780961],[-62.039378,-29.78058],[-62.039636,-29.7802],[-62.039872,-29.779822],[-62.040108,-29.779407],[-62.04025,-29.779144],[-62.040427,-29.778777],[-62.040708,-29.778193],[-62.041025,-29.777388],[-62.041124,-29.777073],[-62.041222,-29.776733],[-62.041324,-29.776385],[-62.04142,-29.775937],[-62.041646,-29.774715],[-62.041694,-29.774361],[-62.041938,-29.772921],[-62.042106,-29.771932],[-62.042339,-29.770397],[-62.042416,-29.769929],[-62.04254,-29.769259],[-62.042671,-29.76874],[-62.042837,-29.76823],[-62.042994,-29.767861],[-62.04322,-29.767391],[-62.043404,-29.767029],[-62.043578,-29.766707],[-62.043716,-29.766492],[-62.043892,-29.766235],[-62.044087,-29.765973],[-62.044305,-29.76571],[-62.044633,-29.765362],[-62.045236,-29.764785],[-62.045714,-29.76437],[-62.046074,-29.764086],[-62.046386,-29.763854],[-62.046694,-29.763655],[-62.047046,-29.763455],[-62.047693,-29.763105],[-62.047913,-29.762983],[-62.048815,-29.762634],[-62.049693,-29.762354],[-62.049728,-29.762343],[-62.051284,-29.761853],[-62.053912,-29.761014],[-62.054411,-29.760855],[-62.054906,-29.760695],[-62.056331,-29.760237],[-62.056748,-29.760101],[-62.057105,-29.759985],[-62.057751,-29.759753],[-62.058475,-29.759426],[-62.059243,-29.759062],[-62.059834,-29.758722],[-62.060624,-29.758185],[-62.061279,-29.757686],[-62.061872,-29.757192],[-62.062477,-29.756584],[-62.069305,-29.749224],[-62.070588,-29.747863],[-62.070926,-29.747499],[-62.085921,-29.731311],[-62.094164,-29.722411],[-62.102395,-29.713524],[-62.106064,-29.709562],[-62.119057,-29.695531],[-62.126149,-29.687871],[-62.12692,-29.686971],[-62.127409,-29.686282],[-62.127873,-29.685491],[-62.128286,-29.684701],[-62.128601,-29.683985],[-62.130415,-29.679213],[-62.13043,-29.679162],[-62.130868,-29.678154],[-62.131171,-29.677557],[-62.13153,-29.676911],[-62.131871,-29.676315],[-62.132292,-29.675687],[-62.132765,-29.675051],[-62.133496,-29.674154],[-62.133588,-29.674043],[-62.134028,-29.673546],[-62.134376,-29.673176],[-62.135186,-29.672413],[-62.135217,-29.672384],[-62.136141,-29.671611],[-62.137126,-29.670905],[-62.138189,-29.670207],[-62.13824,-29.670184],[-62.14472,-29.666255],[-62.14563,-29.665637],[-62.146675,-29.664825],[-62.147582,-29.664032],[-62.148189,-29.663433],[-62.148882,-29.662715],[-62.149574,-29.661965],[-62.150974,-29.660448],[-62.188367,-29.61997],[-62.188543,-29.619779],[-62.255853,-29.546703],[-62.256349,-29.546151],[-62.256723,-29.545688],[-62.257117,-29.545153],[-62.257878,-29.544078],[-62.258661,-29.543033],[-62.262137,-29.537899],[-62.262845,-29.536891],[-62.263789,-29.535752],[-62.264973,-29.534461],[-62.265796,-29.533518],[-62.265878,-29.533427],[-62.26748,-29.531981],[-62.26822,-29.531365],[-62.269046,-29.530749],[-62.273491,-29.52752],[-62.273912,-29.527168],[-62.274459,-29.526711],[-62.274832,-29.526375],[-62.274907,-29.526308],[-62.276042,-29.525091],[-62.284283,-29.516256],[-62.300329,-29.49874],[-62.319286,-29.478042],[-62.342758,-29.452415],[-62.379841,-29.411929],[-62.424807,-29.362833],[-62.425313,-29.362256],[-62.425827,-29.361593],[-62.42624,-29.360969],[-62.426669,-29.360231],[-62.427041,-29.359421],[-62.427373,-29.358602],[-62.427616,-29.357877],[-62.428851,-29.35353],[-62.429324,-29.351814],[-62.429582,-29.351151],[-62.429899,-29.350486],[-62.430314,-29.349744],[-62.430829,-29.348936],[-62.431484,-29.348123],[-62.432062,-29.347436],[-62.432905,-29.346526],[-62.433346,-29.346057],[-62.433728,-29.345652],[-62.434443,-29.344845],[-62.434507,-29.344773],[-62.435348,-29.343862],[-62.436152,-29.342961],[-62.436957,-29.342137],[-62.437578,-29.341533],[-62.438095,-29.341064],[-62.438599,-29.340674],[-62.439185,-29.340248],[-62.439796,-29.339836],[-62.440471,-29.339405],[-62.442011,-29.33855],[-62.445813,-29.336343],[-62.448668,-29.334743],[-62.449003,-29.334556],[-62.45058,-29.333637],[-62.451673,-29.332905],[-62.452749,-29.33203],[-62.453557,-29.331348],[-62.454205,-29.330692],[-62.458417,-29.32609],[-62.47847,-29.304186],[-62.479031,-29.303621],[-62.479722,-29.302959],[-62.502546,-29.282472],[-62.546175,-29.243286],[-62.564195,-29.227101],[-62.578568,-29.214187],[-62.579418,-29.213423],[-62.579541,-29.213313],[-62.598233,-29.196473],[-62.626576,-29.170932],[-62.631841,-29.166188],[-62.640857,-29.158062],[-62.641642,-29.157335],[-62.642352,-29.156573],[-62.642891,-29.155935],[-62.643423,-29.155193],[-62.643644,-29.154849],[-62.64382,-29.154591],[-62.644059,-29.154172],[-62.644468,-29.153341],[-62.644708,-29.152782],[-62.644791,-29.152604],[-62.644906,-29.152256],[-62.645164,-29.151468],[-62.64521,-29.151278],[-62.645478,-29.150398],[-62.645531,-29.15021],[-62.645592,-29.149997],[-62.645791,-29.149307],[-62.645826,-29.149184],[-62.646265,-29.147656],[-62.646279,-29.147607],[-62.646441,-29.147054],[-62.646551,-29.146674],[-62.646694,-29.146184],[-62.646704,-29.146149],[-62.646821,-29.14617],[-62.646897,-29.14621],[-62.647035,-29.146318],[-62.647096,-29.146376],[-62.647429,-29.146671],[-62.648262,-29.147387],[-62.648911,-29.147946],[-62.649247,-29.148244],[-62.649714,-29.148623],[-62.650534,-29.149331],[-62.651333,-29.148621],[-62.652116,-29.147908],[-62.65293,-29.147181],[-62.653749,-29.14642],[-62.653845,-29.146336],[-62.654548,-29.145683],[-62.654665,-29.145522],[-62.654931,-29.14529],[-62.655,-29.14523],[-62.655062,-29.145281],[-62.655391,-29.145561],[-62.655494,-29.145654],[-62.655542,-29.145687],[-62.655734,-29.145854],[-62.655807,-29.145915],[-62.65617,-29.146221],[-62.656238,-29.146274],[-62.657115,-29.147042],[-62.657994,-29.1478],[-62.658855,-29.148551],[-62.659731,-29.149327],[-62.659845,-29.149426],[-62.660297,-29.14979],[-62.660843,-29.150238],[-62.661334,-29.15062],[-62.661391,-29.150709],[-62.661494,-29.150781],[-62.661574,-29.150831],[-62.661654,-29.15087],[-62.66243,-29.15122],[-62.663246,-29.151596],[-62.66387,-29.151883],[-62.664713,-29.152287],[-62.664782,-29.152326],[-62.664968,-29.152428],[-62.667742,-29.153785],[-62.669059,-29.154414],[-62.669718,-29.15475],[-62.67184,-29.155846],[-62.672288,-29.156077],[-62.67439,-29.15717],[-62.676326,-29.158145],[-62.688142,-29.163954],[-62.697741,-29.168673],[-62.7027,-29.171099],[-62.709636,-29.174523],[-62.717113,-29.178173],[-62.72971,-29.184389],[-62.741039,-29.189945],[-62.749872,-29.194307],[-62.756454,-29.197551],[-62.764393,-29.201451],[-62.76481,-29.201644],[-62.765387,-29.201896],[-62.769853,-29.203657],[-62.770651,-29.203978],[-62.776479,-29.206824],[-62.776985,-29.20706],[-62.777596,-29.207308],[-62.778207,-29.207528],[-62.77887,-29.20775],[-62.77956,-29.207957],[-62.790108,-29.211138],[-62.801293,-29.214566],[-62.804481,-29.215574],[-62.820452,-29.22041],[-62.820969,-29.220581],[-62.821319,-29.220702],[-62.827314,-29.222727],[-62.828003,-29.222935],[-62.831299,-29.223894],[-62.85552,-29.231124],[-62.856053,-29.231281],[-62.856764,-29.231434],[-62.857366,-29.231536],[-62.858062,-29.231638],[-62.858656,-29.2317],[-62.859296,-29.231731],[-62.859983,-29.231749],[-62.860578,-29.231736],[-62.861051,-29.231715],[-62.861469,-29.231686],[-62.861966,-29.231628],[-62.862417,-29.231561],[-62.867933,-29.230541],[-62.86946,-29.230264],[-62.872807,-29.229729],[-62.883235,-29.228136],[-62.890179,-29.227088],[-62.890538,-29.227042],[-62.890935,-29.227023],[-62.89148,-29.227014],[-62.902842,-29.226987],[-62.908696,-29.226947],[-62.914157,-29.226957],[-62.918855,-29.22696],[-62.922779,-29.227011],[-62.933167,-29.22699],[-62.939955,-29.226974],[-62.95975,-29.226931],[-62.959916,-29.226926],[-62.98688,-29.226883],[-62.987968,-29.226866],[-62.98929,-29.226802],[-62.989476,-29.226786],[-62.989883,-29.22675],[-62.990477,-29.226674],[-62.991141,-29.226569],[-62.991778,-29.226447],[-62.992581,-29.226256],[-62.993274,-29.226064],[-62.993843,-29.225889],[-62.994244,-29.22575],[-62.994732,-29.225576],[-62.995184,-29.225401],[-63.001448,-29.22262],[-63.001889,-29.22246],[-63.002348,-29.222332],[-63.002651,-29.222265],[-63.003072,-29.222219],[-63.00347,-29.2222],[-63.015228,-29.22165],[-63.026421,-29.2212],[-63.038791,-29.220685],[-63.053069,-29.220047],[-63.054646,-29.219983],[-63.066205,-29.219548],[-63.067855,-29.219522],[-63.068415,-29.21953],[-63.068683,-29.219542],[-63.069044,-29.219557],[-63.070046,-29.219665],[-63.07078,-29.21976],[-63.071575,-29.219891],[-63.072287,-29.220026],[-63.073039,-29.220189],[-63.073695,-29.220358],[-63.074236,-29.220522],[-63.074762,-29.220691],[-63.075424,-29.220921],[-63.075929,-29.22111],[-63.076069,-29.221165],[-63.076481,-29.221325],[-63.077202,-29.221636],[-63.078425,-29.222285],[-63.081742,-29.224197],[-63.085781,-29.226493],[-63.093333,-29.230833],[-63.103334,-29.23658],[-63.104213,-29.237048],[-63.104669,-29.237257],[-63.105032,-29.237403],[-63.105569,-29.237585],[-63.106062,-29.237729],[-63.106814,-29.237899],[-63.107611,-29.23807],[-63.125658,-29.242143],[-63.12596,-29.242227],[-63.126382,-29.242347],[-63.127037,-29.242512],[-63.127555,-29.242628],[-63.128367,-29.242813],[-63.128699,-29.242878],[-63.130865,-29.243296],[-63.131382,-29.243414],[-63.13903,-29.245123],[-63.160961,-29.250041],[-63.190454,-29.256648],[-63.191588,-29.256917],[-63.191619,-29.256924],[-63.192419,-29.25714],[-63.192903,-29.257276],[-63.193393,-29.257428],[-63.193954,-29.257635],[-63.194506,-29.257841],[-63.19515,-29.258113],[-63.196267,-29.258638],[-63.199948,-29.260391],[-63.200944,-29.260863],[-63.2018,-29.261268],[-63.202646,-29.261665],[-63.207292,-29.26385],[-63.207854,-29.264109],[-63.210369,-29.265321],[-63.21087,-29.26559],[-63.211343,-29.265859],[-63.211922,-29.266179],[-63.233189,-29.278401],[-63.238123,-29.281237],[-63.235555,-29.284835],[-63.2321,-29.289476],[-63.226801,-29.296547],[-63.225189,-29.298663],[-63.225085,-29.298826],[-63.225012,-29.298989],[-63.224912,-29.299172],[-63.224748,-29.299402],[-63.22107,-29.304332],[-63.219722,-29.306127],[-63.215593,-29.311649],[-63.21374,-29.314094],[-63.213626,-29.314141],[-63.213549,-29.314141],[-63.213422,-29.314114],[-63.204831,-29.309211],[-63.204617,-29.309136],[-63.204349,-29.309088],[-63.203475,-29.30907],[-63.203246,-29.309117],[-63.203116,-29.309169],[-63.202942,-29.309278],[-63.202359,-29.309775],[-63.202,-29.31014],[-63.20052,-29.311716],[-63.200302,-29.311966],[-63.195741,-29.317359],[-63.195689,-29.3174],[-63.195608,-29.317418],[-63.195513,-29.317392],[-63.18857,-29.313387],[-63.188306,-29.313276],[-63.188147,-29.31324],[-63.187987,-29.313248],[-63.187846,-29.313284],[-63.184628,-29.315039],[-63.184529,-29.315114],[-63.184433,-29.315218],[-63.184372,-29.315318],[-63.184337,-29.315401],[-63.182998,-29.320659],[-63.182943,-29.320885],[-63.182902,-29.320957],[-63.182857,-29.321],[-63.18277,-29.321016],[-63.182666,-29.320996],[-63.182606,-29.320961],[-63.181259,-29.320189],[-63.181148,-29.320155],[-63.181027,-29.320143],[-63.180884,-29.320161],[-63.180765,-29.320204],[-63.180237,-29.32043],[-63.179704,-29.3207],[-63.179299,-29.320956],[-63.178883,-29.321264],[-63.178703,-29.321449],[-63.178518,-29.321675],[-63.177553,-29.323034],[-63.176317,-29.324872],[-63.176019,-29.325291],[-63.175316,-29.326217],[-63.175007,-29.326622],[-63.174788,-29.32698],[-63.17456,-29.327406],[-63.174378,-29.32768],[-63.174145,-29.327942],[-63.173395,-29.328611],[-63.173198,-29.328801],[-63.173056,-29.329017],[-63.17292,-29.329297],[-63.172813,-29.329659],[-63.172779,-29.329931],[-63.172779,-29.330169],[-63.173024,-29.331494],[-63.17316,-29.332971],[-63.173174,-29.333257],[-63.17316,-29.333415],[-63.172795,-29.334504],[-63.172745,-29.334655],[-63.172639,-29.334871],[-63.172598,-29.334986],[-63.172589,-29.335109],[-63.172479,-29.335999],[-63.17248,-29.336199],[-63.172521,-29.336354],[-63.172782,-29.337174],[-63.172758,-29.33732],[-63.172684,-29.337488],[-63.172577,-29.337622],[-63.17209,-29.337928],[-63.170274,-29.339166],[-63.170169,-29.339256],[-63.170068,-29.339416],[-63.170034,-29.33956],[-63.169788,-29.341155],[-63.169761,-29.341322],[-63.169693,-29.341496],[-63.169586,-29.341672],[-63.169195,-29.342286],[-63.168923,-29.342603],[-63.168785,-29.34269],[-63.168649,-29.342749],[-63.168467,-29.342769],[-63.168298,-29.342733],[-63.166391,-29.341592],[-63.166315,-29.341573],[-63.166245,-29.341586],[-63.166176,-29.341624],[-63.164783,-29.343529],[-63.163563,-29.34515],[-63.16293,-29.345987],[-63.162718,-29.346269],[-63.158142,-29.352427],[-63.160669,-29.35392],[-63.160867,-29.354072],[-63.160358,-29.354423],[-63.159054,-29.355405],[-63.15862,-29.35576],[-63.157917,-29.356634],[-63.157686,-29.35691],[-63.157434,-29.357373],[-63.156994,-29.358303],[-63.156377,-29.359753],[-63.155948,-29.360706],[-63.155739,-29.361221],[-63.155562,-29.361712],[-63.155374,-29.362315],[-63.155331,-29.362614],[-63.155101,-29.364297],[-63.154656,-29.366195],[-63.154264,-29.368047],[-63.154157,-29.368463],[-63.153878,-29.36965],[-63.153492,-29.370725],[-63.153009,-29.3721],[-63.152767,-29.372918],[-63.152387,-29.37404],[-63.151818,-29.376037],[-63.151695,-29.376326],[-63.151619,-29.376425],[-63.151249,-29.3767],[-63.150321,-29.377202],[-63.15016,-29.377492],[-63.149988,-29.377936],[-63.149473,-29.37951],[-63.148529,-29.382152],[-63.148133,-29.383722],[-63.14805,-29.383967],[-63.147953,-29.384158],[-63.147762,-29.384422],[-63.147497,-29.384673],[-63.145444,-29.386143],[-63.144833,-29.386507],[-63.144087,-29.386886],[-63.142996,-29.387399],[-63.141963,-29.388162],[-63.140773,-29.389779],[-63.140671,-29.389989],[-63.140565,-29.390151],[-63.140424,-29.39032],[-63.140261,-29.390472],[-63.140038,-29.390634],[-63.13957,-29.390882],[-63.139243,-29.391153],[-63.137687,-29.392928],[-63.137105,-29.393491],[-63.136759,-29.393812],[-63.136097,-29.394399],[-63.13588,-29.394621],[-63.134834,-29.396298],[-63.134345,-29.396803],[-63.132184,-29.398927],[-63.131913,-29.399207],[-63.131706,-29.399448],[-63.13154,-29.399759],[-63.13136,-29.400291],[-63.131181,-29.400937],[-63.131152,-29.401137],[-63.131162,-29.40135],[-63.131216,-29.401561],[-63.131577,-29.402743],[-63.131642,-29.402996],[-63.131695,-29.403343],[-63.131679,-29.403624],[-63.131527,-29.404529],[-63.131544,-29.404622],[-63.131592,-29.404749],[-63.131682,-29.404881],[-63.131813,-29.405029],[-63.13254,-29.405536],[-63.132602,-29.405593],[-63.132643,-29.40566],[-63.132661,-29.405751],[-63.132591,-29.407059],[-63.132559,-29.407185],[-63.132452,-29.407335],[-63.131019,-29.408756],[-63.13084,-29.408905],[-63.130258,-29.408535],[-63.128504,-29.407543],[-63.128412,-29.407535],[-63.128321,-29.407566],[-63.127956,-29.40802],[-63.127543,-29.408375],[-63.127313,-29.408496],[-63.126782,-29.40873],[-63.126197,-29.409071],[-63.125424,-29.409576],[-63.124818,-29.409917],[-63.123708,-29.410408],[-63.123,-29.410758],[-63.122667,-29.410945],[-63.122265,-29.41124],[-63.121852,-29.411497],[-63.120613,-29.412029],[-63.119636,-29.41267],[-63.118743,-29.413158],[-63.118556,-29.413296],[-63.118442,-29.413445],[-63.118413,-29.413503],[-63.118379,-29.413594],[-63.118356,-29.413723],[-63.118461,-29.41474],[-63.118826,-29.415556],[-63.118916,-29.415832],[-63.118948,-29.415971],[-63.118942,-29.416074],[-63.118917,-29.416163],[-63.118655,-29.416665],[-63.118495,-29.417433],[-63.118177,-29.419825],[-63.118113,-29.420021],[-63.11785,-29.420456],[-63.117533,-29.421021],[-63.116874,-29.4226],[-63.116632,-29.423142],[-63.116541,-29.423254],[-63.116369,-29.423357],[-63.116053,-29.423422],[-63.11594,-29.42346],[-63.115833,-29.42353],[-63.115747,-29.423614],[-63.115656,-29.42374],[-63.115259,-29.424464],[-63.115093,-29.42473],[-63.114921,-29.424941],[-63.114765,-29.425053],[-63.114653,-29.425095],[-63.114508,-29.425095],[-63.11278,-29.424609],[-63.112223,-29.424674],[-63.108768,-29.425571],[-63.108339,-29.425739],[-63.1077,-29.426048],[-63.10733,-29.426286],[-63.107046,-29.426552],[-63.106767,-29.42701],[-63.106526,-29.427622],[-63.10626,-29.428225],[-63.106147,-29.42837],[-63.106073,-29.428422],[-63.105961,-29.428458],[-63.10581,-29.428449],[-63.104763,-29.428337],[-63.104592,-29.428365],[-63.104377,-29.428491],[-63.10379,-29.429253],[-63.103162,-29.430336],[-63.102958,-29.43064],[-63.102808,-29.430771],[-63.102309,-29.431014],[-63.102111,-29.431163],[-63.101826,-29.431416],[-63.101547,-29.431691],[-63.100904,-29.432588],[-63.100496,-29.43321],[-63.100196,-29.433485],[-63.099868,-29.433752],[-63.099707,-29.43391],[-63.099568,-29.434088],[-63.099439,-29.434312],[-63.0993,-29.434513],[-63.098238,-29.435746],[-63.097996,-29.435919],[-63.09724,-29.4364],[-63.097111,-29.436503],[-63.097036,-29.436592],[-63.096988,-29.43669],[-63.096977,-29.43684],[-63.097025,-29.43705],[-63.097229,-29.437671],[-63.09731,-29.437993],[-63.09732,-29.43812],[-63.097283,-29.43826],[-63.097154,-29.438479],[-63.097084,-29.438554],[-63.096982,-29.438615],[-63.096172,-29.43882],[-63.095909,-29.439026],[-63.095722,-29.439259],[-63.095523,-29.439713],[-63.095368,-29.439965],[-63.094987,-29.440301],[-63.094815,-29.440376],[-63.094472,-29.440446],[-63.094182,-29.440409],[-63.093823,-29.44025],[-63.093361,-29.439979],[-63.092905,-29.439717],[-63.092766,-29.439699],[-63.092637,-29.43975],[-63.092476,-29.439899],[-63.092181,-29.440259],[-63.092031,-29.440493],[-63.091827,-29.440927],[-63.091763,-29.441201],[-63.091666,-29.441397],[-63.091505,-29.441602],[-63.09136,-29.441728],[-63.091146,-29.441831],[-63.090956,-29.441866],[-63.090727,-29.441882],[-63.090588,-29.441873],[-63.090422,-29.441841],[-63.089826,-29.441563],[-63.089596,-29.441493],[-63.089381,-29.441493],[-63.089204,-29.441572],[-63.088877,-29.441941],[-63.088764,-29.44202],[-63.088555,-29.442109],[-63.088153,-29.442245],[-63.087724,-29.442371],[-63.087332,-29.442464],[-63.085803,-29.442717],[-63.08561,-29.442721],[-63.085025,-29.442819],[-63.084816,-29.442824],[-63.084237,-29.442707],[-63.084108,-29.442693],[-63.083888,-29.442731],[-63.083684,-29.442829],[-63.083094,-29.443254],[-63.081973,-29.444305],[-63.081362,-29.444959],[-63.080868,-29.445375],[-63.079999,-29.446389],[-63.079881,-29.446477],[-63.07972,-29.44651],[-63.079109,-29.446482],[-63.078894,-29.446482],[-63.078776,-29.446505],[-63.078599,-29.446571],[-63.078084,-29.446804],[-63.076716,-29.447468],[-63.075649,-29.447687],[-63.075375,-29.447907],[-63.075311,-29.448126],[-63.075289,-29.448622],[-63.075311,-29.448963],[-63.075375,-29.449523],[-63.075461,-29.450014],[-63.075504,-29.450168],[-63.075525,-29.45035],[-63.075568,-29.450509],[-63.07559,-29.450691],[-63.075686,-29.451135],[-63.075767,-29.451369],[-63.076083,-29.452037],[-63.07619,-29.45234],[-63.076217,-29.452551],[-63.076169,-29.452864],[-63.075911,-29.453672],[-63.075525,-29.455027],[-63.075472,-29.455424],[-63.075472,-29.455713],[-63.075772,-29.456311],[-63.075906,-29.456923],[-63.075948,-29.458731],[-63.075906,-29.459217],[-63.075857,-29.459315],[-63.07575,-29.459413],[-63.075525,-29.459516],[-63.075342,-29.459535],[-63.07523,-29.459511],[-63.074682,-29.459306],[-63.074489,-29.459278],[-63.074253,-29.459329],[-63.074114,-29.459488],[-63.073803,-29.459623],[-63.073261,-29.459693],[-63.072231,-29.459773],[-63.071694,-29.459754],[-63.071099,-29.459665],[-63.070461,-29.459787],[-63.069672,-29.459969],[-63.069447,-29.460067],[-63.069275,-29.460263],[-63.069179,-29.460469],[-63.068862,-29.461291],[-63.067655,-29.462519],[-63.067113,-29.463],[-63.066271,-29.463654],[-63.066056,-29.463799],[-63.065348,-29.464242],[-63.064603,-29.464803],[-63.064485,-29.46491],[-63.064222,-29.465097],[-63.063964,-29.465312],[-63.063825,-29.465461],[-63.063755,-29.465564],[-63.063514,-29.46612],[-63.063374,-29.466274],[-63.062779,-29.466713],[-63.06191,-29.467278],[-63.061502,-29.467614],[-63.061025,-29.468081],[-63.060665,-29.468244],[-63.060402,-29.468393],[-63.05986,-29.468893],[-63.059292,-29.469748],[-63.059195,-29.469939],[-63.059206,-29.470079],[-63.059297,-29.470268],[-63.059694,-29.470705],[-63.059914,-29.470999],[-63.060434,-29.471933],[-63.060526,-29.472162],[-63.060563,-29.472344],[-63.060552,-29.472494],[-63.060493,-29.472751],[-63.06044,-29.472905],[-63.060397,-29.473138],[-63.060397,-29.473801],[-63.06029,-29.474077],[-63.060075,-29.474497],[-63.059979,-29.474773],[-63.059914,-29.475029],[-63.059882,-29.475263],[-63.059882,-29.475856],[-63.059844,-29.475996],[-63.059807,-29.476071],[-63.059641,-29.47623],[-63.058584,-29.476879],[-63.057704,-29.477196],[-63.056899,-29.477514],[-63.05661,-29.477645],[-63.055993,-29.478009],[-63.055301,-29.478509],[-63.055151,-29.478639],[-63.054914,-29.478938],[-63.054056,-29.480783],[-63.053965,-29.481138],[-63.053836,-29.481423],[-63.053654,-29.481679],[-63.053225,-29.482151],[-63.052592,-29.482889],[-63.051562,-29.484229],[-63.051122,-29.484762],[-63.049942,-29.485915],[-63.049421,-29.486462],[-63.04907,-29.486909],[-63.048834,-29.487083],[-63.048703,-29.487148],[-63.048198,-29.487405],[-63.047785,-29.487608],[-63.047506,-29.487685],[-63.046837,-29.487905],[-63.04672,-29.487905],[-63.046544,-29.487954],[-63.046421,-29.488025],[-63.046369,-29.488073],[-63.04624,-29.48833],[-63.04616,-29.48867],[-63.04609,-29.488829],[-63.045897,-29.489105],[-63.045591,-29.489474],[-63.045398,-29.489684],[-63.045216,-29.489805],[-63.044808,-29.490025],[-63.044371,-29.490394],[-63.043647,-29.490643],[-63.043102,-29.490973],[-63.042759,-29.49123],[-63.042582,-29.491323],[-63.042507,-29.491337],[-63.042335,-29.491332],[-63.041799,-29.491204],[-63.04167,-29.491209],[-63.041565,-29.49124],[-63.041441,-29.491306],[-63.041356,-29.491388],[-63.040023,-29.493859],[-63.039143,-29.495685],[-63.039047,-29.496035],[-63.039084,-29.496988],[-63.039175,-29.498458],[-63.039342,-29.499532],[-63.039331,-29.499728],[-63.03925,-29.50005],[-63.039068,-29.500732],[-63.0391,-29.502431],[-63.03909,-29.502524],[-63.039127,-29.503374],[-63.039154,-29.503645],[-63.039149,-29.503771],[-63.039106,-29.50385],[-63.038896,-29.503911],[-63.038424,-29.503925],[-63.037496,-29.504102],[-63.03637,-29.504373],[-63.036107,-29.504481],[-63.035994,-29.504546],[-63.035045,-29.505372],[-63.034342,-29.505932],[-63.034085,-29.50618],[-63.033468,-29.507132],[-63.033248,-29.50751],[-63.03313,-29.507664],[-63.032867,-29.508075],[-63.032749,-29.508211],[-63.032491,-29.508383],[-63.029761,-29.509172],[-63.028983,-29.509368],[-63.028114,-29.509499],[-63.027567,-29.509555],[-63.027191,-29.509574],[-63.026161,-29.509565],[-63.026027,-29.509574],[-63.025786,-29.509621],[-63.025609,-29.509677],[-63.025346,-29.509817],[-63.024976,-29.510059],[-63.024418,-29.510475],[-63.024305,-29.51054],[-63.02423,-29.510559],[-63.023994,-29.510564],[-63.021864,-29.510442],[-63.021505,-29.510461],[-63.02114,-29.510582],[-63.017584,-29.512002],[-63.016892,-29.512411],[-63.016199,-29.512897],[-63.016098,-29.512939],[-63.015958,-29.512934],[-63.015593,-29.512841],[-63.015277,-29.512785],[-63.015078,-29.51279],[-63.014928,-29.512841],[-63.014585,-29.513051],[-63.014445,-29.513182],[-63.014365,-29.513331],[-63.014338,-29.513466],[-63.014333,-29.513957],[-63.014311,-29.514045],[-63.014247,-29.514115],[-63.014107,-29.514143],[-63.013308,-29.514204],[-63.013099,-29.514241],[-63.0129,-29.514344],[-63.012734,-29.514475],[-63.012444,-29.514769],[-63.012326,-29.514946],[-63.012257,-29.515128],[-63.012214,-29.515567],[-63.012155,-29.515684],[-63.012069,-29.51574],[-63.011967,-29.515777],[-63.011704,-29.515847],[-63.011221,-29.516015],[-63.01098,-29.516118],[-63.010798,-29.516216],[-63.010712,-29.516291],[-63.01062,-29.516421],[-63.010336,-29.516954],[-63.010224,-29.517108],[-63.010116,-29.517182],[-63.009392,-29.51749],[-63.009167,-29.517631],[-63.009033,-29.517752],[-63.008941,-29.517878],[-63.008888,-29.518013],[-63.008888,-29.518139],[-63.008995,-29.518592],[-63.009014,-29.518706],[-63.008995,-29.518807],[-63.008818,-29.519232],[-63.008738,-29.519579],[-63.008649,-29.51964],[-63.008244,-29.519759],[-63.007783,-29.520268],[-63.007321,-29.520754],[-63.007182,-29.52094],[-63.006259,-29.522406],[-63.0059,-29.522994],[-63.005546,-29.523512],[-63.004875,-29.524553],[-63.004704,-29.524848],[-63.00451,-29.525151],[-63.003491,-29.526762],[-63.003427,-29.526841],[-63.00288,-29.527742],[-63.002526,-29.528265],[-63.002354,-29.528559],[-63.001662,-29.529539],[-63.000525,-29.531033],[-63.000254,-29.531612],[-63.000028,-29.531892],[-62.999787,-29.532107],[-62.999505,-29.532636],[-62.999457,-29.532828],[-62.999414,-29.533638],[-62.999428,-29.533811],[-62.999366,-29.53399],[-62.99935,-29.534154],[-62.999412,-29.534845],[-62.999677,-29.535654],[-62.999664,-29.535745],[-62.99954,-29.536123],[-62.999406,-29.536287],[-62.998813,-29.536623],[-62.998604,-29.536711],[-62.998199,-29.537029],[-62.997934,-29.537241],[-62.997515,-29.537703],[-62.99729,-29.537876],[-62.996914,-29.538569],[-62.996963,-29.538728],[-62.996888,-29.538975],[-62.99781,-29.539024],[-62.997947,-29.538994],[-62.998081,-29.538924],[-62.998148,-29.53887],[-62.998239,-29.538683],[-62.998226,-29.53838],[-62.998502,-29.537661],[-62.99854,-29.53754],[-62.998548,-29.537346],[-62.998588,-29.537223],[-62.99869,-29.537094],[-62.99883,-29.536961],[-62.999141,-29.536784],[-62.999725,-29.536396],[-62.999822,-29.536284],[-62.999969,-29.535729],[-62.999961,-29.535484],[-62.999913,-29.535304],[-62.999798,-29.534996],[-62.999733,-29.534756],[-62.999696,-29.534387],[-62.99961,-29.534184],[-62.999653,-29.533885],[-62.999428,-29.533811],[-62.999414,-29.533638],[-62.999457,-29.532828],[-62.999505,-29.532636],[-62.999787,-29.532107],[-63.000028,-29.531892],[-63.000254,-29.531612],[-63.000525,-29.531033],[-63.001662,-29.529539],[-63.002354,-29.528559],[-63.002526,-29.528265],[-63.00288,-29.527742],[-63.003427,-29.526841],[-63.003491,-29.526762],[-63.00451,-29.525151],[-63.004704,-29.524848],[-63.004875,-29.524553],[-63.005546,-29.523512],[-63.0059,-29.522994],[-63.006259,-29.522406],[-63.007182,-29.52094],[-63.007321,-29.520754],[-63.007783,-29.520268],[-63.008244,-29.519759],[-63.008649,-29.51964],[-63.008738,-29.519579],[-63.008818,-29.519232],[-63.008995,-29.518807],[-63.009014,-29.518706],[-63.008995,-29.518592],[-63.008888,-29.518139],[-63.008888,-29.518013],[-63.008941,-29.517878],[-63.009033,-29.517752],[-63.009167,-29.517631],[-63.009392,-29.51749],[-63.010116,-29.517182],[-63.010224,-29.517108],[-63.010336,-29.516954],[-63.01062,-29.516421],[-63.010712,-29.516291],[-63.010798,-29.516216],[-63.01098,-29.516118],[-63.011221,-29.516015],[-63.011704,-29.515847],[-63.011967,-29.515777],[-63.012069,-29.51574],[-63.012155,-29.515684],[-63.012214,-29.515567],[-63.012257,-29.515128],[-63.012326,-29.514946],[-63.012444,-29.514769],[-63.012734,-29.514475],[-63.0129,-29.514344],[-63.013099,-29.514241],[-63.013308,-29.514204],[-63.014107,-29.514143],[-63.014247,-29.514115],[-63.014311,-29.514045],[-63.014333,-29.513957],[-63.014338,-29.513466],[-63.014365,-29.513331],[-63.014445,-29.513182],[-63.014585,-29.513051],[-63.014585,-29.513051],[-63.014928,-29.512841],[-63.015078,-29.51279],[-63.015277,-29.512785],[-63.015593,-29.512841],[-63.015958,-29.512934],[-63.016098,-29.512939],[-63.016199,-29.512897],[-63.016892,-29.512411],[-63.017584,-29.512002],[-63.02114,-29.510582],[-63.021505,-29.510461],[-63.021864,-29.510442],[-63.023994,-29.510564],[-63.02423,-29.510559],[-63.024305,-29.51054],[-63.024418,-29.510475],[-63.024976,-29.510059],[-63.025346,-29.509817],[-63.025609,-29.509677],[-63.025786,-29.509621],[-63.026027,-29.509574],[-63.026161,-29.509565],[-63.027191,-29.509574],[-63.027567,-29.509555],[-63.028114,-29.509499],[-63.028983,-29.509368],[-63.029761,-29.509172],[-63.032491,-29.508383],[-63.032749,-29.508211],[-63.032867,-29.508075],[-63.03313,-29.507664],[-63.033248,-29.50751],[-63.033468,-29.507132],[-63.034085,-29.50618],[-63.034342,-29.505932],[-63.035045,-29.505372],[-63.035994,-29.504546],[-63.036107,-29.504481],[-63.03637,-29.504373],[-63.037496,-29.504102],[-63.038424,-29.503925],[-63.038896,-29.503911],[-63.039106,-29.50385],[-63.039149,-29.503771],[-63.039154,-29.503645],[-63.039127,-29.503374],[-63.03909,-29.502524],[-63.0391,-29.502431],[-63.039068,-29.500732],[-63.03925,-29.50005],[-63.039331,-29.499728],[-63.039342,-29.499532],[-63.039175,-29.498458],[-63.039084,-29.496988],[-63.039047,-29.496035],[-63.039143,-29.495685],[-63.040023,-29.493859],[-63.041356,-29.491388],[-63.041441,-29.491306],[-63.041565,-29.49124],[-63.04167,-29.491209],[-63.041799,-29.491204],[-63.042335,-29.491332],[-63.042507,-29.491337],[-63.042582,-29.491323],[-63.042759,-29.49123],[-63.043102,-29.490973],[-63.043647,-29.490643],[-63.044371,-29.490394],[-63.044808,-29.490025],[-63.045216,-29.489805],[-63.045398,-29.489684],[-63.045591,-29.489474],[-63.045897,-29.489105],[-63.04609,-29.488829],[-63.04616,-29.48867],[-63.04624,-29.48833],[-63.046369,-29.488073],[-63.046421,-29.488025],[-63.046544,-29.487954],[-63.04672,-29.487905],[-63.046837,-29.487905],[-63.047506,-29.487685],[-63.047785,-29.487608],[-63.048198,-29.487405],[-63.048703,-29.487148],[-63.048834,-29.487083],[-63.04907,-29.486909],[-63.049421,-29.486462],[-63.049942,-29.485915],[-63.051122,-29.484762],[-63.051562,-29.484229],[-63.052592,-29.482889],[-63.053225,-29.482151],[-63.053654,-29.481679],[-63.053836,-29.481423],[-63.053965,-29.481138],[-63.054056,-29.480783],[-63.054914,-29.478938],[-63.055151,-29.478639],[-63.055301,-29.478509],[-63.055993,-29.478009],[-63.05661,-29.477645],[-63.056899,-29.477514],[-63.057704,-29.477196],[-63.058584,-29.476879],[-63.059641,-29.47623],[-63.059807,-29.476071],[-63.059844,-29.475996],[-63.059882,-29.475856],[-63.059882,-29.475263],[-63.059914,-29.475029],[-63.059979,-29.474773],[-63.060075,-29.474497],[-63.06029,-29.474077],[-63.060397,-29.473801],[-63.060397,-29.473138],[-63.06044,-29.472905],[-63.060493,-29.472751],[-63.060552,-29.472494],[-63.060563,-29.472344],[-63.060526,-29.472162],[-63.060434,-29.471933],[-63.059914,-29.470999],[-63.059694,-29.470705],[-63.059297,-29.470268],[-63.059206,-29.470079],[-63.059195,-29.469939],[-63.059292,-29.469748],[-63.05986,-29.468893],[-63.060402,-29.468393],[-63.060665,-29.468244],[-63.061025,-29.468081],[-63.061502,-29.467614],[-63.06191,-29.467278],[-63.062779,-29.466713],[-63.063374,-29.466274],[-63.063514,-29.46612],[-63.063755,-29.465564],[-63.063825,-29.465461],[-63.063964,-29.465312],[-63.064222,-29.465097],[-63.064485,-29.46491],[-63.064603,-29.464803],[-63.065348,-29.464242],[-63.066056,-29.463799],[-63.066271,-29.463654],[-63.067113,-29.463],[-63.067655,-29.462519],[-63.068862,-29.461291],[-63.069179,-29.460469],[-63.069275,-29.460263],[-63.069447,-29.460067],[-63.069672,-29.459969],[-63.070461,-29.459787],[-63.071099,-29.459665],[-63.071694,-29.459754],[-63.072231,-29.459773],[-63.073261,-29.459693],[-63.073803,-29.459623],[-63.074114,-29.459488],[-63.074253,-29.459329],[-63.074489,-29.459278],[-63.074682,-29.459306],[-63.07523,-29.459511],[-63.075342,-29.459535],[-63.075525,-29.459516],[-63.07575,-29.459413],[-63.075857,-29.459315],[-63.075906,-29.459217],[-63.075948,-29.458731],[-63.075906,-29.456923],[-63.075772,-29.456311],[-63.075472,-29.455713],[-63.075472,-29.455424],[-63.075525,-29.455027],[-63.075911,-29.453672],[-63.076169,-29.452864],[-63.076217,-29.452551],[-63.07619,-29.45234],[-63.076083,-29.452037],[-63.075767,-29.451369],[-63.075686,-29.451135],[-63.07559,-29.450691],[-63.075568,-29.450509],[-63.075525,-29.45035],[-63.075504,-29.450168],[-63.075461,-29.450014],[-63.075375,-29.449523],[-63.075311,-29.448963],[-63.075289,-29.448622],[-63.075311,-29.448126],[-63.075375,-29.447907],[-63.075649,-29.447687],[-63.076716,-29.447468],[-63.078084,-29.446804],[-63.078599,-29.446571],[-63.078776,-29.446505],[-63.078894,-29.446482],[-63.079109,-29.446482],[-63.07972,-29.44651],[-63.079881,-29.446477],[-63.079999,-29.446389],[-63.080868,-29.445375],[-63.081362,-29.444959],[-63.081973,-29.444305],[-63.083094,-29.443254],[-63.083684,-29.442829],[-63.083888,-29.442731],[-63.084108,-29.442693],[-63.084237,-29.442707],[-63.084816,-29.442824],[-63.085025,-29.442819],[-63.08561,-29.442721],[-63.085803,-29.442717],[-63.087332,-29.442464],[-63.087724,-29.442371],[-63.088153,-29.442245],[-63.088555,-29.442109],[-63.088764,-29.44202],[-63.088877,-29.441941],[-63.089204,-29.441572],[-63.089381,-29.441493],[-63.089596,-29.441493],[-63.089826,-29.441563],[-63.090422,-29.441841],[-63.090588,-29.441873],[-63.090727,-29.441882],[-63.090956,-29.441866],[-63.091146,-29.441831],[-63.09136,-29.441728],[-63.091505,-29.441602],[-63.091666,-29.441397],[-63.091763,-29.441201],[-63.091827,-29.440927],[-63.092031,-29.440493],[-63.092181,-29.440259],[-63.092476,-29.439899],[-63.092637,-29.43975],[-63.092766,-29.439699],[-63.092905,-29.439717],[-63.093361,-29.439979],[-63.093823,-29.44025],[-63.094182,-29.440409],[-63.094472,-29.440446],[-63.094815,-29.440376],[-63.094987,-29.440301],[-63.095368,-29.439965],[-63.095523,-29.439713],[-63.095722,-29.439259],[-63.095909,-29.439026],[-63.096172,-29.43882],[-63.096982,-29.438615],[-63.097084,-29.438554],[-63.097154,-29.438479],[-63.097283,-29.43826],[-63.09732,-29.43812],[-63.09731,-29.437993],[-63.097229,-29.437671],[-63.097025,-29.43705],[-63.096977,-29.43684],[-63.096988,-29.43669],[-63.097036,-29.436592],[-63.097111,-29.436503],[-63.09724,-29.4364],[-63.097996,-29.435919],[-63.098238,-29.435746],[-63.0993,-29.434513],[-63.099439,-29.434312],[-63.099568,-29.434088],[-63.099707,-29.43391],[-63.099868,-29.433752],[-63.100196,-29.433485],[-63.100496,-29.43321],[-63.100904,-29.432588],[-63.101547,-29.431691],[-63.101826,-29.431416],[-63.102111,-29.431163],[-63.102309,-29.431014],[-63.102808,-29.430771],[-63.102958,-29.43064],[-63.103162,-29.430336],[-63.10379,-29.429253],[-63.104377,-29.428491],[-63.104592,-29.428365],[-63.104763,-29.428337],[-63.10581,-29.428449],[-63.105961,-29.428458],[-63.106073,-29.428422],[-63.106147,-29.42837],[-63.10626,-29.428225],[-63.106526,-29.427622],[-63.106767,-29.42701],[-63.107046,-29.426552],[-63.10733,-29.426286],[-63.1077,-29.426048],[-63.108339,-29.425739],[-63.108768,-29.425571],[-63.112223,-29.424674],[-63.11278,-29.424609],[-63.114508,-29.425095],[-63.114653,-29.425095],[-63.114765,-29.425053],[-63.114921,-29.424941],[-63.115093,-29.42473],[-63.115259,-29.424464],[-63.115656,-29.42374],[-63.115747,-29.423614],[-63.115833,-29.42353],[-63.11594,-29.42346],[-63.116053,-29.423422],[-63.116369,-29.423357],[-63.116541,-29.423254],[-63.116632,-29.423142],[-63.116874,-29.4226],[-63.117533,-29.421021],[-63.11785,-29.420456],[-63.118113,-29.420021],[-63.118177,-29.419825],[-63.118495,-29.417433],[-63.118655,-29.416665],[-63.118917,-29.416163],[-63.118942,-29.416074],[-63.118948,-29.415971],[-63.118916,-29.415832],[-63.118826,-29.415556],[-63.118461,-29.41474],[-63.118356,-29.413723],[-63.118379,-29.413594],[-63.118413,-29.413503],[-63.118442,-29.413445],[-63.118556,-29.413296],[-63.118743,-29.413158],[-63.119636,-29.41267],[-63.120613,-29.412029],[-63.121852,-29.411497],[-63.122265,-29.41124],[-63.122667,-29.410945],[-63.123,-29.410758],[-63.123708,-29.410408],[-63.124818,-29.409917],[-63.125424,-29.409576],[-63.126197,-29.409071],[-63.126782,-29.40873],[-63.127313,-29.408496],[-63.127543,-29.408375],[-63.127956,-29.40802],[-63.128321,-29.407566],[-63.128412,-29.407535],[-63.128504,-29.407543],[-63.130258,-29.408535],[-63.13084,-29.408905],[-63.131019,-29.408756],[-63.132452,-29.407335],[-63.132559,-29.407185],[-63.132591,-29.407059],[-63.132661,-29.405751],[-63.132643,-29.40566],[-63.132602,-29.405593],[-63.13254,-29.405536],[-63.131813,-29.405029],[-63.131682,-29.404881],[-63.131592,-29.404749],[-63.131544,-29.404622],[-63.131527,-29.404529],[-63.131679,-29.403624],[-63.131695,-29.403343],[-63.131642,-29.402996],[-63.131577,-29.402743],[-63.131216,-29.401561],[-63.131162,-29.40135],[-63.131152,-29.401137],[-63.131181,-29.400937],[-63.13136,-29.400291],[-63.13154,-29.399759],[-63.131706,-29.399448],[-63.131913,-29.399207],[-63.132184,-29.398927],[-63.134345,-29.396803],[-63.134834,-29.396298],[-63.13588,-29.394621],[-63.136097,-29.394399],[-63.136759,-29.393812],[-63.137105,-29.393491],[-63.137687,-29.392928],[-63.139243,-29.391153],[-63.13957,-29.390882],[-63.140038,-29.390634],[-63.140261,-29.390472],[-63.140424,-29.39032],[-63.140565,-29.390151],[-63.140671,-29.389989],[-63.140773,-29.389779],[-63.141963,-29.388162],[-63.142996,-29.387399],[-63.144087,-29.386886],[-63.144833,-29.386507],[-63.145444,-29.386143],[-63.147497,-29.384673],[-63.147762,-29.384422],[-63.147953,-29.384158],[-63.14805,-29.383967],[-63.148133,-29.383722],[-63.148529,-29.382152],[-63.149473,-29.37951],[-63.149988,-29.377936],[-63.15016,-29.377492],[-63.150321,-29.377202],[-63.151249,-29.3767],[-63.151619,-29.376425],[-63.151695,-29.376326],[-63.151818,-29.376037],[-63.152387,-29.37404],[-63.152767,-29.372918],[-63.153009,-29.3721],[-63.153492,-29.370725],[-63.153878,-29.36965],[-63.154157,-29.368463],[-63.154264,-29.368047],[-63.154656,-29.366195],[-63.155101,-29.364297],[-63.155331,-29.362614],[-63.155374,-29.362315],[-63.155562,-29.361712],[-63.155739,-29.361221],[-63.155948,-29.360706],[-63.156377,-29.359753],[-63.156994,-29.358303],[-63.157434,-29.357373],[-63.157686,-29.35691],[-63.157917,-29.356634],[-63.15862,-29.35576],[-63.159054,-29.355405],[-63.160358,-29.354423],[-63.160867,-29.354072],[-63.160669,-29.35392],[-63.158142,-29.352427],[-63.162718,-29.346269],[-63.16293,-29.345987],[-63.163563,-29.34515],[-63.164783,-29.343529],[-63.166176,-29.341624],[-63.166245,-29.341586],[-63.166315,-29.341573],[-63.166391,-29.341592],[-63.168298,-29.342733],[-63.168467,-29.342769],[-63.168649,-29.342749],[-63.168785,-29.34269],[-63.168923,-29.342603],[-63.169195,-29.342286],[-63.169586,-29.341672],[-63.169693,-29.341496],[-63.169761,-29.341322],[-63.169788,-29.341155],[-63.170034,-29.33956],[-63.170068,-29.339416],[-63.170169,-29.339256],[-63.170274,-29.339166],[-63.17209,-29.337928],[-63.172577,-29.337622],[-63.172684,-29.337488],[-63.172758,-29.33732],[-63.172782,-29.337174],[-63.172521,-29.336354],[-63.17248,-29.336199],[-63.172479,-29.335999],[-63.172589,-29.335109],[-63.172598,-29.334986],[-63.172639,-29.334871],[-63.172745,-29.334655],[-63.172795,-29.334504],[-63.17316,-29.333415],[-63.173174,-29.333257],[-63.17316,-29.332971],[-63.173024,-29.331494],[-63.172779,-29.330169],[-63.172779,-29.329931],[-63.172813,-29.329659],[-63.17292,-29.329297],[-63.173056,-29.329017],[-63.173198,-29.328801],[-63.173395,-29.328611],[-63.174145,-29.327942],[-63.174378,-29.32768],[-63.17456,-29.327406],[-63.174788,-29.32698],[-63.175007,-29.326622],[-63.175316,-29.326217],[-63.176019,-29.325291],[-63.176317,-29.324872],[-63.177553,-29.323034],[-63.178518,-29.321675],[-63.178703,-29.321449],[-63.178883,-29.321264],[-63.179299,-29.320956],[-63.179704,-29.3207],[-63.180237,-29.32043],[-63.180765,-29.320204],[-63.180884,-29.320161],[-63.181027,-29.320143],[-63.181148,-29.320155],[-63.181259,-29.320189],[-63.182606,-29.320961],[-63.182666,-29.320996],[-63.18277,-29.321016],[-63.182857,-29.321],[-63.182902,-29.320957],[-63.182943,-29.320885],[-63.182998,-29.320659],[-63.184337,-29.315401],[-63.184372,-29.315318],[-63.184433,-29.315218],[-63.184529,-29.315114],[-63.184628,-29.315039],[-63.187846,-29.313284],[-63.187987,-29.313248],[-63.188147,-29.31324],[-63.188306,-29.313276],[-63.18857,-29.313387],[-63.195513,-29.317392],[-63.195608,-29.317418],[-63.195689,-29.3174],[-63.195741,-29.317359],[-63.200302,-29.311966],[-63.20052,-29.311716],[-63.202,-29.31014],[-63.202359,-29.309775],[-63.202942,-29.309278],[-63.203116,-29.309169],[-63.203246,-29.309117],[-63.203475,-29.30907],[-63.204349,-29.309088],[-63.204617,-29.309136],[-63.204831,-29.309211],[-63.213422,-29.314114],[-63.213549,-29.314141],[-63.213626,-29.314141],[-63.21374,-29.314094],[-63.215593,-29.311649],[-63.219722,-29.306127],[-63.22107,-29.304332],[-63.224748,-29.299402],[-63.224912,-29.299172],[-63.225012,-29.298989],[-63.225085,-29.298826],[-63.225189,-29.298663],[-63.226801,-29.296547],[-63.2321,-29.289476],[-63.235555,-29.284835],[-63.238123,-29.281237],[-63.241001,-29.282934],[-63.245469,-29.285516],[-63.246849,-29.286269],[-63.247524,-29.28661],[-63.248254,-29.286967],[-63.2511,-29.288292],[-63.25144,-29.288477],[-63.251784,-29.288675],[-63.252747,-29.289246],[-63.253492,-29.28973],[-63.255833,-29.291353],[-63.256394,-29.291721],[-63.256918,-29.292041],[-63.257994,-29.29268],[-63.259967,-29.293805],[-63.27215,-29.300867],[-63.280158,-29.30547],[-63.283226,-29.307203],[-63.283611,-29.307421],[-63.293486,-29.313077],[-63.30909,-29.322164],[-63.324488,-29.330928],[-63.328446,-29.333235],[-63.328857,-29.333458],[-63.329541,-29.333809],[-63.330043,-29.33406],[-63.330865,-29.334349],[-63.331851,-29.334682],[-63.332811,-29.334935],[-63.333531,-29.335101],[-63.334156,-29.33522],[-63.334997,-29.335354],[-63.335783,-29.335424],[-63.336092,-29.335448],[-63.336733,-29.335498],[-63.337231,-29.335506],[-63.337588,-29.335491],[-63.338334,-29.335427],[-63.339107,-29.335335],[-63.366504,-29.331085],[-63.395102,-29.326673],[-63.418855,-29.322953],[-63.429441,-29.321318],[-63.436277,-29.32026],[-63.438557,-29.319925],[-63.43942,-29.319861],[-63.440471,-29.319851],[-63.44144,-29.319885],[-63.442203,-29.319959],[-63.443068,-29.320123],[-63.443104,-29.320132],[-63.443578,-29.320249],[-63.44428,-29.320422],[-63.444867,-29.3206],[-63.445391,-29.320791],[-63.446003,-29.321052],[-63.446544,-29.321306],[-63.447265,-29.321687],[-63.447886,-29.322071],[-63.449612,-29.323205],[-63.449986,-29.323487],[-63.45032,-29.323752],[-63.450621,-29.324017],[-63.451119,-29.324483],[-63.451364,-29.324738],[-63.452857,-29.326387],[-63.453102,-29.326654],[-63.453346,-29.326879],[-63.454033,-29.327472],[-63.454735,-29.328045],[-63.454982,-29.328227],[-63.45539,-29.328507],[-63.456,-29.328873],[-63.45657,-29.329191],[-63.457385,-29.329598],[-63.45812,-29.329952],[-63.458686,-29.330184],[-63.459268,-29.330384],[-63.460159,-29.330622],[-63.461006,-29.330814],[-63.461703,-29.330949],[-63.462385,-29.331056],[-63.463278,-29.331151],[-63.475412,-29.332222],[-63.476313,-29.332302],[-63.47623,-29.333015],[-63.476197,-29.333232],[-63.474301,-29.349821],[-63.473404,-29.357678],[-63.47321,-29.359301],[-63.47318,-29.359549],[-63.473138,-29.359732],[-63.473056,-29.359968],[-63.472919,-29.360237],[-63.472749,-29.360475],[-63.472534,-29.360701],[-63.472271,-29.360944],[-63.45928,-29.370704],[-63.458889,-29.371043],[-63.458566,-29.371377],[-63.458337,-29.371661],[-63.458107,-29.372013],[-63.457945,-29.37229],[-63.457794,-29.372665],[-63.457704,-29.372944],[-63.457599,-29.373282],[-63.457525,-29.373721],[-63.457525,-29.374116],[-63.457574,-29.374566],[-63.457825,-29.375874],[-63.458306,-29.378155],[-63.458593,-29.379521],[-63.458897,-29.380966],[-63.459125,-29.380914],[-63.45946,-29.380855],[-63.460055,-29.380756],[-63.460673,-29.38064],[-63.461235,-29.380548],[-63.461862,-29.380445],[-63.463026,-29.380263],[-63.46314,-29.38024],[-63.464395,-29.380031],[-63.465689,-29.379827],[-63.466944,-29.379622],[-63.467574,-29.379518],[-63.468158,-29.379418],[-63.469414,-29.379194],[-63.471345,-29.378874],[-63.471495,-29.378849],[-63.472095,-29.378737],[-63.472219,-29.378715],[-63.473428,-29.378528],[-63.474634,-29.37833],[-63.475841,-29.378132],[-63.475954,-29.378111],[-63.476582,-29.378025],[-63.477174,-29.377916],[-63.478418,-29.377723],[-63.47893,-29.37764],[-63.479634,-29.377521],[-63.480971,-29.377294],[-63.481189,-29.377273],[-63.481402,-29.377267],[-63.481574,-29.377278],[-63.481761,-29.377294],[-63.48191,-29.377309],[-63.482088,-29.377341],[-63.482288,-29.377393],[-63.4825,-29.377451],[-63.482687,-29.377524],[-63.48308,-29.377709],[-63.485119,-29.378852],[-63.486553,-29.379656],[-63.486866,-29.379808],[-63.487173,-29.379939],[-63.487458,-29.380035],[-63.487684,-29.380104],[-63.487823,-29.380142],[-63.488182,-29.380214],[-63.498413,-29.38183],[-63.501936,-29.382386],[-63.502284,-29.382453],[-63.502601,-29.382531],[-63.502956,-29.382649],[-63.503248,-29.382773],[-63.503606,-29.382964],[-63.503871,-29.383137],[-63.504114,-29.383334],[-63.505654,-29.384703],[-63.507317,-29.386273],[-63.513948,-29.392533],[-63.516005,-29.394479],[-63.51649,-29.394934],[-63.518733,-29.397039],[-63.520636,-29.398857],[-63.520863,-29.399049],[-63.521186,-29.399293],[-63.521595,-29.399574],[-63.524457,-29.401569],[-63.526595,-29.40306],[-63.532335,-29.407051],[-63.537144,-29.410302],[-63.5411,-29.412939],[-63.541881,-29.413457],[-63.542122,-29.413618],[-63.548205,-29.417657],[-63.549346,-29.418437],[-63.54966,-29.41867],[-63.54997,-29.418914],[-63.551722,-29.420309],[-63.552114,-29.420639],[-63.552487,-29.420962],[-63.55299,-29.421449],[-63.555423,-29.424041],[-63.559117,-29.428048],[-63.562647,-29.431824],[-63.562743,-29.431926],[-63.562903,-29.432098],[-63.563238,-29.432458],[-63.56714,-29.436707],[-63.567611,-29.437202],[-63.571055,-29.440865],[-63.573652,-29.443614],[-63.574858,-29.444936],[-63.577055,-29.447259],[-63.579281,-29.449664],[-63.579623,-29.449994],[-63.579982,-29.450279],[-63.580254,-29.450471],[-63.580541,-29.450639],[-63.580835,-29.450802],[-63.58113,-29.450923],[-63.581428,-29.451045],[-63.582026,-29.451233],[-63.584527,-29.452055],[-63.585349,-29.452323],[-63.588379,-29.453301],[-63.590739,-29.454084],[-63.59553,-29.455742],[-63.595864,-29.455892],[-63.59615,-29.456043],[-63.596399,-29.456206],[-63.596599,-29.45637],[-63.596828,-29.45662],[-63.597054,-29.456938],[-63.598478,-29.459125],[-63.598635,-29.459328],[-63.598824,-29.459516],[-63.599053,-29.459732],[-63.599281,-29.459892],[-63.599661,-29.460104],[-63.600098,-29.460302],[-63.602375,-29.461067],[-63.60381,-29.461569],[-63.604089,-29.461666],[-63.604817,-29.461921],[-63.605193,-29.462015],[-63.605561,-29.462045],[-63.605916,-29.462019],[-63.606218,-29.461946],[-63.606503,-29.461844],[-63.607885,-29.461026],[-63.608176,-29.460876],[-63.608534,-29.46074],[-63.610323,-29.460162],[-63.611282,-29.459837],[-63.612093,-29.459555],[-63.613877,-29.45903],[-63.614195,-29.458958],[-63.614443,-29.458948],[-63.615569,-29.459013],[-63.615819,-29.458981],[-63.616052,-29.458906],[-63.616287,-29.458771],[-63.616452,-29.458619],[-63.616977,-29.457853],[-63.617307,-29.457453],[-63.617814,-29.4569],[-63.618267,-29.456323],[-63.61842,-29.456073],[-63.618482,-29.455898],[-63.618544,-29.455555],[-63.61867,-29.45481],[-63.618765,-29.45452],[-63.618895,-29.45424],[-63.619764,-29.452838],[-63.619929,-29.452621],[-63.62158,-29.450547],[-63.621766,-29.450364],[-63.621962,-29.45026],[-63.6221,-29.450206],[-63.622295,-29.450157],[-63.622578,-29.450155],[-63.622917,-29.450204],[-63.623208,-29.450307],[-63.623661,-29.450566],[-63.623882,-29.450765],[-63.624037,-29.450949],[-63.624183,-29.451194],[-63.624238,-29.451418],[-63.624248,-29.451617],[-63.624223,-29.45197],[-63.624241,-29.45228],[-63.624262,-29.452484],[-63.624305,-29.452668],[-63.624357,-29.452848],[-63.625171,-29.454838],[-63.625567,-29.455828],[-63.625678,-29.456246],[-63.625796,-29.456826],[-63.625936,-29.457564],[-63.626039,-29.457883],[-63.626183,-29.458189],[-63.62677,-29.459191],[-63.627037,-29.459658],[-63.627156,-29.459919],[-63.627229,-29.460152],[-63.627317,-29.460598],[-63.627438,-29.461001],[-63.627552,-29.461237],[-63.627749,-29.461571],[-63.628005,-29.462005],[-63.628204,-29.462234],[-63.628464,-29.462457],[-63.62869,-29.462582],[-63.629796,-29.463124],[-63.630804,-29.463544],[-63.631247,-29.463654],[-63.631539,-29.463678],[-63.63188,-29.463673],[-63.633238,-29.463666],[-63.633524,-29.463677],[-63.633829,-29.463722],[-63.634613,-29.46389],[-63.63503,-29.463961],[-63.635463,-29.46399],[-63.636235,-29.463972],[-63.636844,-29.463927],[-63.637201,-29.463843],[-63.637606,-29.463675],[-63.638378,-29.463236],[-63.638559,-29.463161],[-63.638761,-29.46311],[-63.639043,-29.463096],[-63.639291,-29.463124],[-63.639934,-29.463348],[-63.640384,-29.463554],[-63.640759,-29.463778],[-63.64117,-29.464159],[-63.641754,-29.46485],[-63.642033,-29.46513],[-63.642361,-29.46541],[-63.642583,-29.465581],[-63.64308,-29.465933],[-63.643689,-29.466356],[-63.643976,-29.466518],[-63.644368,-29.466674],[-63.645359,-29.466981],[-63.645731,-29.467121],[-63.646037,-29.467261],[-63.649775,-29.469231],[-63.650588,-29.469662],[-63.650894,-29.46987],[-63.651103,-29.470064],[-63.651706,-29.470772],[-63.65202,-29.471207],[-63.652135,-29.471426],[-63.652218,-29.471718],[-63.652242,-29.471986],[-63.652167,-29.472995],[-63.651888,-29.475741],[-63.651858,-29.476126],[-63.651867,-29.476572],[-63.651912,-29.477312],[-63.651948,-29.478044],[-63.651974,-29.47828],[-63.652017,-29.478559],[-63.652103,-29.478905],[-63.65279,-29.481448],[-63.653401,-29.483675],[-63.653526,-29.484084],[-63.653626,-29.484352],[-63.653744,-29.484586],[-63.653927,-29.484819],[-63.654102,-29.485022],[-63.654335,-29.485212],[-63.654597,-29.48539],[-63.654837,-29.485522],[-63.655137,-29.485632],[-63.655462,-29.485692],[-63.655779,-29.485725],[-63.656201,-29.485744],[-63.661535,-29.485767],[-63.661885,-29.485783],[-63.66222,-29.485818],[-63.662626,-29.485898],[-63.662885,-29.485963],[-63.66343,-29.486166],[-63.664136,-29.486452],[-63.664463,-29.486584],[-63.665015,-29.486816],[-63.666027,-29.48724],[-63.666351,-29.487417],[-63.666619,-29.487593],[-63.667778,-29.48848],[-63.668133,-29.48876],[-63.668464,-29.489041],[-63.66943,-29.490003],[-63.670009,-29.490569],[-63.670174,-29.490765],[-63.671267,-29.492122],[-63.672108,-29.493177],[-63.672282,-29.493371],[-63.67252,-29.493523],[-63.67418,-29.494572],[-63.674596,-29.494863],[-63.675118,-29.495282],[-63.675639,-29.495725],[-63.676231,-29.496237],[-63.676587,-29.496579],[-63.676862,-29.496874],[-63.677064,-29.497127],[-63.677469,-29.497793],[-63.677857,-29.498457],[-63.678241,-29.499131],[-63.67837,-29.49934],[-63.67846,-29.499443],[-63.678569,-29.499552],[-63.6787,-29.499648],[-63.678827,-29.499718],[-63.678936,-29.499762],[-63.679073,-29.49981],[-63.680139,-29.500156],[-63.681228,-29.500503],[-63.681668,-29.500625],[-63.682038,-29.500731],[-63.682252,-29.500766],[-63.682449,-29.500785],[-63.682642,-29.500778],[-63.682941,-29.500732],[-63.683195,-29.500666],[-63.683388,-29.500594],[-63.683642,-29.500491],[-63.683772,-29.500422],[-63.683933,-29.500305],[-63.684209,-29.500051],[-63.684326,-29.499919],[-63.68467,-29.499568],[-63.684805,-29.499467],[-63.684905,-29.499392],[-63.685131,-29.499252],[-63.685326,-29.499163],[-63.685616,-29.499064],[-63.685771,-29.499019],[-63.685929,-29.498992],[-63.686184,-29.498985],[-63.686477,-29.498993],[-63.686874,-29.499011],[-63.687585,-29.49904],[-63.688788,-29.499103],[-63.689929,-29.49915],[-63.691106,-29.499212],[-63.692371,-29.499278],[-63.692948,-29.499299],[-63.693549,-29.499309],[-63.694142,-29.499319],[-63.694723,-29.49932],[-63.694766,-29.499322],[-63.695616,-29.499343],[-63.69581,-29.499352],[-63.695885,-29.499354],[-63.696998,-29.499397],[-63.697561,-29.49942],[-63.698112,-29.499436],[-63.698302,-29.499436],[-63.69797,-29.498115],[-63.697717,-29.497171],[-63.697692,-29.496885],[-63.697654,-29.496707],[-63.697572,-29.496397],[-63.697438,-29.495859],[-63.697403,-29.495727],[-63.697013,-29.494226],[-63.696775,-29.493286],[-63.696459,-29.492135],[-63.69629,-29.491482],[-63.696219,-29.491193],[-63.695731,-29.489293],[-63.695254,-29.487415],[-63.694954,-29.486262],[-63.694839,-29.485818],[-63.694765,-29.485526],[-63.694558,-29.484703],[-63.694488,-29.484429],[-63.694087,-29.482839],[-63.69405,-29.482691],[-63.693959,-29.48231],[-63.693898,-29.481928],[-63.693865,-29.481598],[-63.693845,-29.48129],[-63.693737,-29.476422],[-63.693751,-29.475332],[-63.693782,-29.474794],[-63.693839,-29.474063],[-63.694074,-29.471296],[-63.694098,-29.470874],[-63.69409,-29.470233],[-63.694043,-29.469679],[-63.69397,-29.469177],[-63.693678,-29.466969],[-63.693652,-29.466338],[-63.693696,-29.465798],[-63.693792,-29.465461],[-63.693874,-29.4652],[-63.693977,-29.464957],[-63.69416,-29.464597],[-63.694583,-29.463734],[-63.694762,-29.463305],[-63.694813,-29.463148],[-63.694902,-29.462822],[-63.695043,-29.462126],[-63.695493,-29.459912],[-63.695716,-29.458936],[-63.695839,-29.458557],[-63.696,-29.458156],[-63.696242,-29.457721],[-63.696708,-29.457082],[-63.697188,-29.456557],[-63.698368,-29.455404],[-63.698723,-29.454978],[-63.69904,-29.454515],[-63.699313,-29.453994],[-63.699543,-29.453389],[-63.699671,-29.453024],[-63.700528,-29.450476],[-63.700769,-29.449902],[-63.702218,-29.44637],[-63.704954,-29.439699],[-63.705084,-29.439406],[-63.706381,-29.43649],[-63.707444,-29.434126],[-63.707853,-29.433205],[-63.70802,-29.432656],[-63.708215,-29.431855],[-63.708365,-29.430717],[-63.708731,-29.423459],[-63.708851,-29.420097],[-63.708904,-29.419339],[-63.708925,-29.419033],[-63.70896,-29.418773],[-63.709506,-29.415117],[-63.709919,-29.41214],[-63.709974,-29.411798],[-63.710053,-29.411454],[-63.710117,-29.411199],[-63.710196,-29.410937],[-63.710326,-29.410618],[-63.710445,-29.410375],[-63.710613,-29.410084],[-63.710773,-29.409846],[-63.710996,-29.409556],[-63.711213,-29.409292],[-63.71143,-29.409068],[-63.711688,-29.408842],[-63.720177,-29.401886],[-63.720502,-29.401583],[-63.720643,-29.401451],[-63.721107,-29.400934],[-63.721534,-29.400398],[-63.730122,-29.389006],[-63.730452,-29.388576],[-63.730869,-29.388079],[-63.731404,-29.387483],[-63.731723,-29.387169],[-63.732058,-29.386848],[-63.732712,-29.386262],[-63.735542,-29.383936],[-63.736197,-29.383397],[-63.751355,-29.370939],[-63.764598,-29.36007],[-63.76557,-29.359288],[-63.766653,-29.358621],[-63.768278,-29.357774],[-63.769225,-29.35731],[-63.771306,-29.356291],[-63.775812,-29.354083],[-63.780918,-29.351596],[-63.781491,-29.351299],[-63.781842,-29.35104],[-63.782307,-29.350626],[-63.783727,-29.349226],[-63.784231,-29.348738],[-63.784773,-29.348266],[-63.785162,-29.347989],[-63.785613,-29.347734],[-63.78679,-29.347109],[-63.788359,-29.346377],[-63.789222,-29.346038],[-63.790217,-29.345648],[-63.791818,-29.345019],[-63.794932,-29.343796],[-63.797925,-29.342615],[-63.798527,-29.342328],[-63.799117,-29.341965],[-63.799699,-29.341489],[-63.800183,-29.341023],[-63.800556,-29.340542],[-63.800853,-29.34009],[-63.801128,-29.339587],[-63.801359,-29.338917],[-63.801487,-29.338297],[-63.801521,-29.337548],[-63.801551,-29.336154],[-63.801609,-29.33551],[-63.801728,-29.334926],[-63.801912,-29.3343],[-63.802116,-29.333825],[-63.802413,-29.333315],[-63.802802,-29.332821],[-63.803188,-29.332402],[-63.80363,-29.332028],[-63.804121,-29.331676],[-63.806618,-29.330195],[-63.81113,-29.327519],[-63.811846,-29.327117],[-63.815229,-29.325444],[-63.815862,-29.325094],[-63.816422,-29.324718],[-63.816881,-29.324344],[-63.817295,-29.323904],[-63.817711,-29.323344],[-63.818027,-29.322851],[-63.819136,-29.320748],[-63.819424,-29.320305],[-63.819694,-29.319925],[-63.819922,-29.319619],[-63.820209,-29.319279],[-63.826474,-29.312272],[-63.829799,-29.308825],[-63.830755,-29.307783],[-63.832704,-29.305728],[-63.833307,-29.305086],[-63.833954,-29.304429],[-63.834211,-29.304135],[-63.834572,-29.303675],[-63.834776,-29.303365],[-63.834961,-29.303072],[-63.835119,-29.302753],[-63.835297,-29.302383],[-63.835508,-29.301837],[-63.835633,-29.301394],[-63.837055,-29.295502],[-63.837189,-29.294959],[-63.83742,-29.294184],[-63.837542,-29.293859],[-63.837645,-29.293586],[-63.837797,-29.293224],[-63.849828,-29.271043],[-63.85006,-29.270602],[-63.850292,-29.270143],[-63.850449,-29.269778],[-63.850606,-29.269393],[-63.850861,-29.268619],[-63.855505,-29.254707],[-63.85851,-29.245709],[-63.858681,-29.245234],[-63.858871,-29.244812],[-63.8591,-29.244379],[-63.859399,-29.243971],[-63.859783,-29.243517],[-63.860296,-29.242912],[-63.871598,-29.230308],[-63.87892,-29.22177],[-63.901146,-29.196802],[-63.904006,-29.193716],[-63.910412,-29.186434],[-63.910982,-29.185697],[-63.911386,-29.185098],[-63.911768,-29.184431],[-63.911946,-29.18412],[-63.912327,-29.18341],[-63.912651,-29.18275],[-63.912942,-29.18206],[-63.913217,-29.181258],[-63.914278,-29.177844],[-63.923788,-29.146456],[-63.92661,-29.13714],[-63.938997,-29.095977],[-63.950987,-29.056392],[-63.952054,-29.052954],[-63.952949,-29.050073],[-63.952999,-29.049906],[-63.953313,-29.048867],[-63.953594,-29.047937],[-63.955913,-29.040281],[-63.956703,-29.037449],[-63.957938,-29.033192],[-63.958174,-29.032299],[-63.958324,-29.031653],[-63.959032,-29.028576],[-63.965513,-28.99921],[-63.974875,-28.957285],[-63.978774,-28.93908],[-63.979145,-28.937292],[-63.979228,-28.936649],[-63.979254,-28.936095],[-63.979238,-28.935504],[-63.978929,-28.928473],[-63.978829,-28.926904],[-63.978775,-28.926052],[-63.97873,-28.925286],[-63.978699,-28.924],[-63.978677,-28.922416],[-63.978611,-28.918124],[-63.978597,-28.917051],[-63.978524,-28.912189],[-63.978437,-28.906551],[-63.978376,-28.902593],[-63.978229,-28.892836],[-63.978187,-28.889598],[-63.978164,-28.888366],[-63.978155,-28.887838],[-63.978133,-28.886179],[-63.978098,-28.884052],[-63.978097,-28.883336],[-63.978134,-28.882624],[-63.978214,-28.882104],[-63.978318,-28.881587],[-63.978458,-28.881105],[-63.978723,-28.880375],[-63.979028,-28.879724],[-63.979536,-28.878874],[-63.980683,-28.87713],[-63.980897,-28.876806],[-63.981117,-28.876443],[-63.981992,-28.875082],[-63.9824,-28.874406],[-63.9827,-28.873786],[-63.983312,-28.872426],[-63.991011,-28.855324],[-63.998907,-28.837506],[-64.018047,-28.795243],[-64.028741,-28.771335],[-64.036587,-28.75379],[-64.039108,-28.748141],[-64.057944,-28.705909],[-64.077442,-28.662173],[-64.086488,-28.641812],[-64.092189,-28.628979],[-64.094454,-28.623879],[-64.098529,-28.614705],[-64.100069,-28.61124],[-64.100443,-28.610397],[-64.10076,-28.609647],[-64.103351,-28.603083],[-64.105975,-28.596512],[-64.106183,-28.596044],[-64.10701,-28.594332],[-64.107994,-28.592269],[-64.108171,-28.591906],[-64.111447,-28.585212],[-64.114553,-28.578639],[-64.114591,-28.578559],[-64.114958,-28.577729],[-64.119023,-28.568526],[-64.12385,-28.557631],[-64.124228,-28.556777],[-64.124509,-28.556144],[-64.129301,-28.545327],[-64.135162,-28.532093],[-64.139324,-28.52269],[-64.140649,-28.519696],[-64.142031,-28.516468],[-64.142206,-28.516068],[-64.142316,-28.515731],[-64.144847,-28.507107],[-64.149286,-28.491163],[-64.150107,-28.488217],[-64.151936,-28.481688],[-64.155758,-28.468052],[-64.157331,-28.462435],[-64.157421,-28.462117],[-64.157493,-28.461864],[-64.157558,-28.461626],[-64.158581,-28.458024],[-64.16666,-28.426501],[-64.1714,-28.408004],[-64.173544,-28.399875],[-64.174277,-28.397094],[-64.176385,-28.38912],[-64.177238,-28.385894],[-64.18021,-28.374448],[-64.180268,-28.374211],[-64.188698,-28.341678],[-64.189482,-28.33875],[-64.189802,-28.337555],[-64.190295,-28.335715],[-64.191277,-28.332049],[-64.191519,-28.331147],[-64.19195,-28.329472],[-64.192854,-28.325959],[-64.192988,-28.325377],[-64.193293,-28.324052],[-64.193489,-28.322909],[-64.193639,-28.321675],[-64.193686,-28.320705],[-64.193658,-28.319826],[-64.193632,-28.318936],[-64.19356,-28.318044],[-64.193546,-28.317968],[-64.193387,-28.317144],[-64.193193,-28.316355],[-64.19297,-28.31556],[-64.192816,-28.315127],[-64.192674,-28.314736],[-64.192489,-28.314283],[-64.191023,-28.311059],[-64.190749,-28.310455],[-64.19062,-28.310173],[-64.190183,-28.309212],[-64.189931,-28.308688],[-64.189604,-28.307948],[-64.189427,-28.307558],[-64.189247,-28.307159],[-64.188501,-28.305545],[-64.188219,-28.304916],[-64.188145,-28.30476],[-64.187686,-28.303761],[-64.187208,-28.302738],[-64.186842,-28.30193],[-64.186767,-28.301763],[-64.186319,-28.300774],[-64.185862,-28.299745],[-64.185416,-28.298787],[-64.184923,-28.297712],[-64.184485,-28.296726],[-64.183537,-28.29473],[-64.183438,-28.29454],[-64.182541,-28.292735],[-64.182097,-28.291854],[-64.181702,-28.290983],[-64.179466,-28.286116],[-64.179153,-28.285398],[-64.178959,-28.284848],[-64.178862,-28.284481],[-64.178812,-28.284299],[-64.178777,-28.284109],[-64.178691,-28.283562],[-64.178636,-28.283005],[-64.178609,-28.282506],[-64.178616,-28.282042],[-64.178622,-28.281914],[-64.178682,-28.281371],[-64.178793,-28.280705],[-64.179087,-28.279127],[-64.179397,-28.27764],[-64.179476,-28.277191],[-64.179771,-28.275647],[-64.180052,-28.274137],[-64.180597,-28.271541],[-64.180864,-28.270171],[-64.181129,-28.268728],[-64.18325,-28.257891],[-64.185359,-28.247093],[-64.18601,-28.243734],[-64.186667,-28.240432],[-64.187059,-28.238411],[-64.187677,-28.235205],[-64.187984,-28.233596],[-64.188494,-28.231077],[-64.18894,-28.228696],[-64.189154,-28.227596],[-64.189397,-28.226359],[-64.190122,-28.222775],[-64.190455,-28.220965],[-64.190795,-28.219172],[-64.191242,-28.216802],[-64.192097,-28.212383],[-64.193001,-28.207879],[-64.193115,-28.207266],[-64.193886,-28.2032],[-64.193914,-28.202947],[-64.193942,-28.202627],[-64.193956,-28.202159],[-64.19396,-28.20186],[-64.193938,-28.201418],[-64.193923,-28.201082],[-64.193787,-28.200278],[-64.193707,-28.19993],[-64.193627,-28.199659],[-64.193282,-28.198779],[-64.191985,-28.195332],[-64.191858,-28.194879],[-64.191755,-28.194392],[-64.191679,-28.193924],[-64.191627,-28.193316],[-64.191602,-28.192675],[-64.191621,-28.192393],[-64.191647,-28.192049],[-64.191699,-28.191709],[-64.191767,-28.19125],[-64.192739,-28.186798],[-64.193463,-28.183443],[-64.193935,-28.181258],[-64.194148,-28.180413],[-64.19423,-28.18017],[-64.194309,-28.179928],[-64.194433,-28.179599],[-64.194582,-28.179263],[-64.194756,-28.178923],[-64.194986,-28.178498],[-64.195268,-28.178046],[-64.195483,-28.177722],[-64.195667,-28.177471],[-64.19581,-28.177295],[-64.195973,-28.177093],[-64.196202,-28.176841],[-64.196538,-28.176495],[-64.197527,-28.175487],[-64.198378,-28.174538],[-64.198638,-28.174219],[-64.198874,-28.1739],[-64.199098,-28.173556],[-64.1993,-28.173219],[-64.199441,-28.172965],[-64.199689,-28.172438],[-64.199892,-28.171943],[-64.200073,-28.171338],[-64.200235,-28.170669],[-64.200339,-28.170187],[-64.200673,-28.168446],[-64.20092,-28.167162],[-64.201179,-28.165862],[-64.202067,-28.161394],[-64.202133,-28.161005],[-64.202927,-28.156861],[-64.203005,-28.156454],[-64.203042,-28.156268],[-64.203564,-28.153677],[-64.203589,-28.153553],[-64.203964,-28.151638],[-64.20452,-28.148787],[-64.204624,-28.148254],[-64.204891,-28.146913],[-64.205184,-28.14543],[-64.205454,-28.144062],[-64.205833,-28.142095],[-64.205902,-28.141764],[-64.20609,-28.140788],[-64.20624,-28.139976],[-64.206263,-28.139854],[-64.207733,-28.132289],[-64.209504,-28.123171],[-64.211252,-28.114172],[-64.211671,-28.111807],[-64.211885,-28.110639],[-64.211905,-28.110344],[-64.211898,-28.110067],[-64.211884,-28.109704],[-64.211844,-28.109299],[-64.211733,-28.108679],[-64.2116,-28.108208],[-64.210873,-28.106151],[-64.210359,-28.104663],[-64.210268,-28.104334],[-64.210174,-28.103887],[-64.21009,-28.103357],[-64.210069,-28.102913],[-64.210069,-28.102707],[-64.210088,-28.102299],[-64.210151,-28.101736],[-64.210183,-28.101573],[-64.210325,-28.100841],[-64.210372,-28.100612],[-64.210471,-28.100092],[-64.210553,-28.099582],[-64.210963,-28.097473],[-64.211245,-28.096022],[-64.211335,-28.095583],[-64.211468,-28.095079],[-64.211683,-28.094379],[-64.211875,-28.093875],[-64.212036,-28.093504],[-64.2122,-28.093183],[-64.21237,-28.092869],[-64.212522,-28.092624],[-64.212675,-28.09239],[-64.212843,-28.092162],[-64.213352,-28.091541],[-64.215099,-28.089376],[-64.215288,-28.089125],[-64.215478,-28.088848],[-64.215652,-28.088578],[-64.215833,-28.08828],[-64.216032,-28.087957],[-64.216083,-28.087855],[-64.216232,-28.087558],[-64.216346,-28.087315],[-64.216479,-28.086964],[-64.216616,-28.086484],[-64.216712,-28.086092],[-64.219179,-28.073873],[-64.219388,-28.072859],[-64.220534,-28.066951],[-64.220763,-28.065681],[-64.220906,-28.065063],[-64.220918,-28.065002],[-64.221249,-28.063334],[-64.221783,-28.060644],[-64.221844,-28.060192],[-64.221908,-28.059671],[-64.221947,-28.059086],[-64.221961,-28.0588],[-64.221942,-28.058482],[-64.221894,-28.058123],[-64.221814,-28.057792],[-64.221646,-28.057314],[-64.22098,-28.055255],[-64.22083,-28.054804],[-64.22073,-28.054383],[-64.220662,-28.054062],[-64.220608,-28.053686],[-64.220586,-28.053317],[-64.220571,-28.052958],[-64.220579,-28.052748],[-64.220607,-28.052265],[-64.220669,-28.051784],[-64.220746,-28.05126],[-64.220851,-28.050773],[-64.221088,-28.049625],[-64.221237,-28.0492],[-64.221427,-28.048747],[-64.221668,-28.04828],[-64.221775,-28.048084],[-64.221886,-28.047891],[-64.222063,-28.047647],[-64.222243,-28.047399],[-64.223776,-28.045544],[-64.22443,-28.04462],[-64.224598,-28.044349],[-64.224766,-28.044058],[-64.224965,-28.043651],[-64.225181,-28.043141],[-64.225279,-28.042852],[-64.225341,-28.042595],[-64.225854,-28.03992],[-64.226018,-28.039064],[-64.226416,-28.037061],[-64.227794,-28.030138],[-64.229198,-28.023084],[-64.229312,-28.022406],[-64.229368,-28.022071],[-64.229402,-28.021871],[-64.229432,-28.021483],[-64.229434,-28.021218],[-64.22941,-28.020881],[-64.229348,-28.02047],[-64.22922,-28.019579],[-64.227274,-28.010987],[-64.224453,-27.998526],[-64.22369,-27.995153],[-64.222583,-27.99026],[-64.222171,-27.988443],[-64.221496,-27.985523],[-64.221386,-27.98505],[-64.220085,-27.97945],[-64.220003,-27.979094],[-64.218586,-27.972996],[-64.216952,-27.96596],[-64.216705,-27.964796],[-64.216672,-27.964337],[-64.216683,-27.963906],[-64.216729,-27.963501],[-64.217083,-27.962187],[-64.217851,-27.959752],[-64.21861,-27.957898],[-64.219054,-27.956867],[-64.221238,-27.9526],[-64.221496,-27.95187],[-64.221584,-27.951558],[-64.221653,-27.951184],[-64.221721,-27.950753],[-64.221809,-27.950141],[-64.222018,-27.948739],[-64.222212,-27.947781],[-64.22239,-27.947109],[-64.222573,-27.946534],[-64.222705,-27.946145],[-64.222831,-27.94577],[-64.224043,-27.942095],[-64.22448,-27.940794],[-64.224825,-27.939659],[-64.225067,-27.938656],[-64.225656,-27.936084],[-64.225801,-27.934966],[-64.225816,-27.934499],[-64.225821,-27.934332],[-64.225817,-27.933849],[-64.225794,-27.932313],[-64.22579,-27.932032],[-64.22577,-27.930986],[-64.225807,-27.930214],[-64.225861,-27.92986],[-64.225938,-27.929504],[-64.226044,-27.929156],[-64.22615,-27.928883],[-64.227358,-27.926087],[-64.227433,-27.925908],[-64.227561,-27.925606],[-64.227646,-27.925405],[-64.227715,-27.925244],[-64.228039,-27.924364],[-64.228307,-27.92332],[-64.228312,-27.923292],[-64.228722,-27.921071],[-64.228813,-27.92055],[-64.228934,-27.919855],[-64.229216,-27.918216],[-64.229243,-27.917979],[-64.229361,-27.916943],[-64.229432,-27.916265],[-64.229593,-27.914724],[-64.229802,-27.912719],[-64.229968,-27.911126],[-64.230024,-27.91059],[-64.230132,-27.909968],[-64.230301,-27.909308],[-64.230378,-27.909074],[-64.230482,-27.908821],[-64.230591,-27.908564],[-64.2307,-27.908344],[-64.230842,-27.908087],[-64.23087,-27.908034],[-64.231102,-27.907675],[-64.231358,-27.907294],[-64.232612,-27.905596],[-64.234106,-27.903573],[-64.234243,-27.903387],[-64.234417,-27.903125],[-64.23491,-27.902381],[-64.234942,-27.902326],[-64.235381,-27.901573],[-64.235462,-27.901433],[-64.236079,-27.900322],[-64.236308,-27.899909],[-64.236368,-27.89977],[-64.236444,-27.899513],[-64.236767,-27.89848],[-64.237399,-27.896363],[-64.237546,-27.895887],[-64.237767,-27.895162],[-64.237871,-27.894815],[-64.237998,-27.894411],[-64.238461,-27.89282],[-64.238927,-27.891203],[-64.239011,-27.890961],[-64.239092,-27.890728],[-64.239167,-27.890458],[-64.239299,-27.890089],[-64.239412,-27.889801],[-64.239526,-27.889525],[-64.240094,-27.888381],[-64.24037,-27.887833],[-64.241398,-27.885787],[-64.241629,-27.885311],[-64.241815,-27.884877],[-64.241892,-27.884668],[-64.241947,-27.884456],[-64.242017,-27.884082],[-64.242307,-27.881895],[-64.242316,-27.881819],[-64.242542,-27.880121],[-64.24285,-27.877704],[-64.243033,-27.87624],[-64.243139,-27.875387],[-64.243135,-27.875195],[-64.243142,-27.875086],[-64.243205,-27.874551],[-64.243256,-27.874111],[-64.243382,-27.873077],[-64.243403,-27.872929],[-64.243425,-27.872823],[-64.243522,-27.872426],[-64.243555,-27.872139],[-64.243748,-27.870571],[-64.243854,-27.869707],[-64.243899,-27.869351],[-64.244137,-27.867351],[-64.244359,-27.865448],[-64.244406,-27.865018],[-64.244493,-27.863909],[-64.244506,-27.863321],[-64.244515,-27.862942],[-64.244521,-27.862498],[-64.244522,-27.862342],[-64.244524,-27.861698],[-64.244501,-27.861216],[-64.244425,-27.860762],[-64.244296,-27.860311],[-64.24414,-27.8599],[-64.243967,-27.859459],[-64.243912,-27.859328],[-64.24367,-27.858744],[-64.243443,-27.85818],[-64.242972,-27.857227],[-64.242664,-27.856691],[-64.242612,-27.8566],[-64.24221,-27.855899],[-64.241784,-27.855163],[-64.241531,-27.854644],[-64.241416,-27.854349],[-64.241307,-27.853993],[-64.241202,-27.853434],[-64.241181,-27.85306],[-64.241191,-27.852701],[-64.241252,-27.852242],[-64.24147,-27.851301],[-64.241928,-27.849527],[-64.242194,-27.848499],[-64.242282,-27.848151],[-64.242402,-27.847599],[-64.242419,-27.847529],[-64.24251,-27.847066],[-64.242613,-27.846476],[-64.24272,-27.845885],[-64.242791,-27.845498],[-64.242898,-27.844907],[-64.243011,-27.844235],[-64.24307,-27.843907],[-64.243116,-27.843648],[-64.243134,-27.843547],[-64.243176,-27.843327],[-64.243337,-27.842493],[-64.243457,-27.842076],[-64.243554,-27.841783],[-64.243647,-27.841532],[-64.244091,-27.840384],[-64.244174,-27.840077],[-64.244346,-27.839484],[-64.244414,-27.839191],[-64.24447,-27.838906],[-64.244499,-27.838563],[-64.244515,-27.838283],[-64.244545,-27.837702],[-64.244584,-27.836977],[-64.244647,-27.836313],[-64.244715,-27.83552],[-64.244796,-27.834576],[-64.244951,-27.833203],[-64.245041,-27.832479],[-64.245084,-27.832183],[-64.245707,-27.829001],[-64.246392,-27.825661],[-64.246416,-27.82552],[-64.246469,-27.825242],[-64.246598,-27.824576],[-64.246871,-27.823249],[-64.246899,-27.823107],[-64.247506,-27.820157],[-64.247603,-27.819682],[-64.247615,-27.819655],[-64.247798,-27.818778],[-64.247812,-27.818715],[-64.247833,-27.818616],[-64.247994,-27.817867],[-64.248005,-27.817816],[-64.248072,-27.817486],[-64.248193,-27.816881],[-64.248209,-27.816798],[-64.248232,-27.816677],[-64.248331,-27.81606],[-64.248346,-27.815987],[-64.248469,-27.815343],[-64.248485,-27.815257],[-64.248614,-27.814625],[-64.248742,-27.814063],[-64.248805,-27.813591],[-64.248821,-27.813387],[-64.248831,-27.813149],[-64.248829,-27.812954],[-64.248821,-27.812774],[-64.248721,-27.811687],[-64.248701,-27.811326],[-64.248632,-27.810545],[-64.248554,-27.809679],[-64.248524,-27.809239],[-64.248555,-27.809084],[-64.24867,-27.808775],[-64.248766,-27.808535],[-64.249051,-27.807781],[-64.249505,-27.806736],[-64.249655,-27.806391],[-64.249862,-27.805896],[-64.249896,-27.805818],[-64.249928,-27.80574],[-64.250152,-27.805202],[-64.250406,-27.804596],[-64.250417,-27.80457],[-64.250708,-27.803875],[-64.251579,-27.801832],[-64.251686,-27.801582],[-64.251697,-27.801558],[-64.251755,-27.801451],[-64.25192,-27.801222],[-64.252266,-27.800804],[-64.252523,-27.800438],[-64.253247,-27.79946],[-64.253642,-27.798924],[-64.25403,-27.798399],[-64.254437,-27.797849],[-64.254823,-27.797321],[-64.255255,-27.796741],[-64.255302,-27.796678],[-64.255343,-27.796623],[-64.255562,-27.796326],[-64.255639,-27.796208],[-64.256011,-27.795645],[-64.256082,-27.795545],[-64.255371,-27.795003],[-64.254508,-27.79437],[-64.253348,-27.793536],[-64.251733,-27.792333],[-64.25104,-27.791802],[-64.250966,-27.79175],[-64.250403,-27.791357],[-64.249374,-27.79059],[-64.249338,-27.79056],[-64.249326,-27.790516],[-64.249322,-27.790465],[-64.249293,-27.790475],[-64.249247,-27.790477],[-64.249203,-27.790467],[-64.249164,-27.790446],[-64.249134,-27.790416],[-64.249056,-27.790339],[-64.248692,-27.790057],[-64.248296,-27.789768],[-64.248182,-27.789625],[-64.2481,-27.789517],[-64.248039,-27.789417],[-64.247909,-27.789194],[-64.247772,-27.788927],[-64.247661,-27.788656],[-64.247589,-27.788403],[-64.247543,-27.788143],[-64.247511,-27.787883],[-64.247487,-27.787677],[-64.24748,-27.787447],[-64.247546,-27.787129],[-64.247707,-27.786306],[-64.248064,-27.784373],[-64.248101,-27.784184],[-64.248278,-27.783254],[-64.248399,-27.782741],[-64.248487,-27.78243],[-64.248594,-27.782124],[-64.248691,-27.781904],[-64.24882,-27.781673],[-64.24895,-27.781477],[-64.248987,-27.781422],[-64.249174,-27.781142],[-64.249415,-27.780824],[-64.249556,-27.780675],[-64.249869,-27.780355],[-64.250266,-27.779948],[-64.250481,-27.779728],[-64.250863,-27.779338],[-64.25138,-27.778808],[-64.251419,-27.778769],[-64.251712,-27.778482],[-64.251921,-27.778295],[-64.252758,-27.777548],[-64.25318,-27.777203],[-64.253203,-27.777184],[-64.253546,-27.776901],[-64.253706,-27.776791],[-64.253862,-27.776587],[-64.253952,-27.776443],[-64.254002,-27.776282],[-64.254028,-27.776169],[-64.254039,-27.776066],[-64.254025,-27.775922],[-64.254002,-27.775797],[-64.253957,-27.775661],[-64.253883,-27.775501],[-64.253667,-27.775047],[-64.253574,-27.77485],[-64.253551,-27.77482],[-64.251908,-27.772796],[-64.248328,-27.768478],[-64.246518,-27.766177],[-64.246249,-27.76583],[-64.244569,-27.763742],[-64.2431,-27.761911],[-64.242967,-27.761745],[-64.242603,-27.761248],[-64.242325,-27.760843],[-64.242058,-27.760403],[-64.24181,-27.759934],[-64.241667,-27.759629],[-64.241487,-27.759187],[-64.241314,-27.758647],[-64.241192,-27.758188],[-64.240844,-27.756616],[-64.240451,-27.754848],[-64.240186,-27.753691],[-64.240055,-27.753105],[-64.23982,-27.752124],[-64.239727,-27.751739],[-64.239621,-27.751163],[-64.239552,-27.750646],[-64.239523,-27.750256],[-64.239507,-27.749887],[-64.239515,-27.749549],[-64.239525,-27.749321],[-64.239554,-27.749009],[-64.239581,-27.748761],[-64.239634,-27.748385],[-64.239675,-27.74815],[-64.239782,-27.747735],[-64.239899,-27.747331],[-64.240027,-27.746973],[-64.240214,-27.746512],[-64.24035,-27.746219],[-64.24048,-27.745953],[-64.240549,-27.74582],[-64.240642,-27.745662],[-64.240762,-27.745472],[-64.241093,-27.744983],[-64.241269,-27.744757],[-64.242001,-27.743745],[-64.242375,-27.743251],[-64.242666,-27.742857],[-64.24328,-27.742029],[-64.243963,-27.741102],[-64.244631,-27.740195],[-64.245299,-27.739289],[-64.245968,-27.738381],[-64.246666,-27.737467],[-64.245637,-27.736863],[-64.244627,-27.736272],[-64.244278,-27.736065],[-64.244154,-27.735998],[-64.244112,-27.735986],[-64.244071,-27.73599],[-64.24399,-27.736038],[-64.243845,-27.736222],[-64.243806,-27.736253],[-64.24375,-27.736261],[-64.243697,-27.736246],[-64.243348,-27.736061],[-64.243003,-27.735865],[-64.242964,-27.735824],[-64.24295,-27.735774],[-64.24296,-27.735736],[-64.243121,-27.735483],[-64.243113,-27.735412],[-64.243096,-27.735377],[-64.243073,-27.73535],[-64.242878,-27.735246],[-64.242586,-27.73507],[-64.24158,-27.734473],[-64.240558,-27.73389],[-64.239871,-27.733489],[-64.239832,-27.733468],[-64.239744,-27.733447],[-64.239717,-27.733449],[-64.239691,-27.733445],[-64.239664,-27.733435],[-64.239641,-27.733418],[-64.239623,-27.733398],[-64.239612,-27.733373],[-64.239608,-27.733348],[-64.239609,-27.733335],[-64.239548,-27.733322],[-64.239489,-27.733319],[-64.239342,-27.733324],[-64.239285,-27.733321],[-64.239238,-27.733318],[-64.239127,-27.733309],[-64.239049,-27.733286],[-64.238984,-27.733263],[-64.238921,-27.733233],[-64.23887,-27.733188],[-64.238828,-27.733131],[-64.238805,-27.7331],[-64.238764,-27.733044],[-64.238735,-27.733003],[-64.238583,-27.732794],[-64.238498,-27.732706],[-64.238372,-27.732604],[-64.238187,-27.732479],[-64.238065,-27.732417],[-64.237288,-27.731952],[-64.23625,-27.731358],[-64.235246,-27.730754],[-64.234243,-27.730164],[-64.234136,-27.730098],[-64.233149,-27.72951],[-64.232105,-27.728906],[-64.231087,-27.728311],[-64.230084,-27.727722],[-64.229059,-27.727117],[-64.228055,-27.726537],[-64.228112,-27.726467],[-64.228803,-27.725549],[-64.22956,-27.72453],[-64.229951,-27.724011],[-64.229972,-27.723931],[-64.229978,-27.723864],[-64.22997,-27.723794],[-64.229931,-27.723482],[-64.229799,-27.722282],[-64.229775,-27.722095],[-64.229601,-27.720808],[-64.229492,-27.72002],[-64.229421,-27.719466],[-64.229401,-27.719259],[-64.229375,-27.719002],[-64.22935,-27.718732],[-64.229344,-27.718678],[-64.229334,-27.718592],[-64.228964,-27.715619],[-64.228819,-27.714452],[-64.228798,-27.714287],[-64.228786,-27.714188],[-64.22877,-27.714062],[-64.228612,-27.712898],[-64.228568,-27.71257],[-64.228341,-27.710904],[-64.228168,-27.709633],[-64.227633,-27.705698],[-64.227624,-27.705633],[-64.227612,-27.705536],[-64.226531,-27.696546],[-64.226434,-27.695738],[-64.226146,-27.693348],[-64.226035,-27.692427],[-64.225748,-27.690033],[-64.225718,-27.689882],[-64.225661,-27.689698],[-64.225515,-27.689417],[-64.225328,-27.689154],[-64.225293,-27.689115],[-64.223059,-27.686597],[-64.221524,-27.684876],[-64.21221,-27.674202],[-64.207588,-27.668976],[-64.207285,-27.668629],[-64.196332,-27.656095],[-64.196191,-27.655934],[-64.19608,-27.655808],[-64.195806,-27.655523],[-64.195728,-27.65545],[-64.195593,-27.655352],[-64.195389,-27.655225],[-64.19469,-27.654805],[-64.194529,-27.654691],[-64.194459,-27.654643],[-64.194307,-27.654495],[-64.194235,-27.654414],[-64.194097,-27.654257],[-64.193733,-27.653845],[-64.193462,-27.653537],[-64.193077,-27.653098],[-64.192759,-27.652737],[-64.192127,-27.652017],[-64.19129,-27.651064],[-64.190954,-27.650682],[-64.190561,-27.650237],[-64.189888,-27.649468],[-64.189846,-27.64942],[-64.189497,-27.649023],[-64.189359,-27.648844],[-64.189272,-27.648687],[-64.189173,-27.648434],[-64.189078,-27.648153],[-64.188947,-27.64772],[-64.188873,-27.64757],[-64.188763,-27.647431],[-64.180708,-27.638334],[-64.177921,-27.635174],[-64.172603,-27.629084],[-64.170187,-27.626328],[-64.169974,-27.626085],[-64.167618,-27.623398],[-64.163828,-27.619068],[-64.160882,-27.61559],[-64.158623,-27.613003],[-64.155723,-27.609682],[-64.155606,-27.609548],[-64.151674,-27.605065],[-64.151582,-27.604961],[-64.148935,-27.601932],[-64.146177,-27.598781],[-64.142052,-27.594066],[-64.139429,-27.591068],[-64.136583,-27.587815],[-64.135395,-27.58646],[-64.134794,-27.585775],[-64.134638,-27.585598],[-64.133793,-27.584634],[-64.13394,-27.584422],[-64.134101,-27.584278],[-64.134903,-27.583559],[-64.135021,-27.583453],[-64.135288,-27.583202],[-64.135668,-27.582843],[-64.136463,-27.582093],[-64.136906,-27.581675],[-64.137217,-27.581381],[-64.137266,-27.581334],[-64.138076,-27.580597],[-64.139057,-27.579699],[-64.139881,-27.578924],[-64.139993,-27.578794],[-64.140107,-27.578613],[-64.140224,-27.578398],[-64.140319,-27.578164],[-64.140376,-27.577989],[-64.140406,-27.577833],[-64.140566,-27.57689],[-64.140623,-27.576561],[-64.140658,-27.576393],[-64.140701,-27.576222],[-64.140742,-27.576109],[-64.140796,-27.575989],[-64.140865,-27.575862],[-64.140924,-27.575761],[-64.141405,-27.575007],[-64.143669,-27.57145],[-64.143748,-27.571312],[-64.1438,-27.571199],[-64.143822,-27.57107],[-64.143831,-27.570953],[-64.143816,-27.570823],[-64.143791,-27.570702],[-64.143754,-27.570594],[-64.143694,-27.570489],[-64.143628,-27.570392],[-64.143556,-27.570304],[-64.143446,-27.570203],[-64.143336,-27.570132],[-64.143194,-27.570064],[-64.142042,-27.569633],[-64.141922,-27.569571],[-64.141812,-27.569495],[-64.141723,-27.569428],[-64.141601,-27.569316],[-64.1415,-27.5692],[-64.141394,-27.569065],[-64.141312,-27.56894],[-64.14125,-27.568812],[-64.141208,-27.568681],[-64.141162,-27.568373],[-64.140995,-27.567143],[-64.140972,-27.566946],[-64.140967,-27.566752],[-64.140969,-27.566626],[-64.140982,-27.566505],[-64.141025,-27.566269],[-64.141093,-27.566],[-64.141116,-27.565936],[-64.141142,-27.565863],[-64.141194,-27.565737],[-64.141307,-27.565513],[-64.141439,-27.565288],[-64.142702,-27.563618],[-64.14329,-27.562838],[-64.143499,-27.562596],[-64.143726,-27.562358],[-64.144213,-27.561912],[-64.146748,-27.559667],[-64.149979,-27.556891],[-64.151271,-27.555778],[-64.151336,-27.555719],[-64.15154,-27.555534],[-64.151595,-27.555484],[-64.151681,-27.555406],[-64.157224,-27.550662],[-64.160464,-27.547821],[-64.164452,-27.544374],[-64.165124,-27.543794],[-64.171276,-27.538452],[-64.190105,-27.522152],[-64.198932,-27.514461],[-64.199378,-27.514101],[-64.199826,-27.513751],[-64.200275,-27.51341],[-64.200755,-27.513078],[-64.201225,-27.512785],[-64.201711,-27.512491],[-64.202698,-27.511925],[-64.20684,-27.509604],[-64.213644,-27.505792],[-64.222945,-27.500811],[-64.223021,-27.500767],[-64.223534,-27.500452],[-64.223798,-27.500295],[-64.223978,-27.500189],[-64.224036,-27.500155],[-64.224061,-27.50014],[-64.224203,-27.500056],[-64.224361,-27.499963],[-64.224442,-27.499924],[-64.224639,-27.499823],[-64.225107,-27.49958],[-64.227393,-27.498271],[-64.227632,-27.498133],[-64.227729,-27.498083],[-64.22777,-27.498061],[-64.227914,-27.497996],[-64.228066,-27.497944],[-64.228224,-27.497895],[-64.230107,-27.497417],[-64.23059,-27.497302],[-64.230833,-27.497237],[-64.231021,-27.497159],[-64.231566,-27.496824],[-64.232941,-27.496117],[-64.233944,-27.495592],[-64.234129,-27.495786],[-64.23464,-27.496493],[-64.234672,-27.496551],[-64.234688,-27.496608],[-64.234695,-27.496666],[-64.234695,-27.496732],[-64.234636,-27.497014],[-64.23464,-27.497078],[-64.234656,-27.497127],[-64.234688,-27.497167],[-64.234739,-27.4972],[-64.234876,-27.497233],[-64.23501,-27.497227],[-64.235312,-27.497213],[-64.23564,-27.497169],[-64.237677,-27.496813],[-64.242291,-27.49606],[-64.24329,-27.496008],[-64.253756,-27.49461],[-64.257873,-27.494044],[-64.258215,-27.493993],[-64.258547,-27.493971],[-64.258842,-27.493951],[-64.259035,-27.493927],[-64.25938,-27.493857],[-64.259806,-27.493804],[-64.259925,-27.493787],[-64.260045,-27.493765],[-64.260314,-27.493698],[-64.260433,-27.493675],[-64.260559,-27.493659],[-64.261713,-27.493563],[-64.263711,-27.493218],[-64.270754,-27.491626],[-64.276564,-27.490344],[-64.278087,-27.490026],[-64.278227,-27.490001],[-64.278365,-27.489979],[-64.278958,-27.489935],[-64.277989,-27.479737],[-64.277719,-27.476903],[-64.277541,-27.475027],[-64.276757,-27.466784],[-64.276679,-27.465961],[-64.276228,-27.461223],[-64.276175,-27.460123],[-64.276186,-27.459175],[-64.276281,-27.458471],[-64.276367,-27.457902],[-64.27655,-27.45716],[-64.27669,-27.456707],[-64.276895,-27.456023],[-64.277223,-27.455205],[-64.278923,-27.451807],[-64.280842,-27.448228],[-64.282686,-27.444667],[-64.283488,-27.443131],[-64.286977,-27.436448],[-64.289693,-27.431257],[-64.290311,-27.430074],[-64.291755,-27.427325],[-64.291793,-27.427253],[-64.293224,-27.42451],[-64.294883,-27.421347],[-64.299116,-27.413255],[-64.303131,-27.40558],[-64.308156,-27.395973],[-64.308178,-27.395931],[-64.308211,-27.395867],[-64.314314,-27.384122],[-64.315237,-27.382363],[-64.316257,-27.380447],[-64.323148,-27.367246],[-64.325709,-27.362359],[-64.33055,-27.353106],[-64.33291,-27.348597],[-64.334774,-27.345036],[-64.334801,-27.344985],[-64.336072,-27.342556],[-64.33812,-27.338642],[-64.338996,-27.33697],[-64.344543,-27.32637],[-64.34519,-27.325248],[-64.345607,-27.324604],[-64.345893,-27.324192],[-64.346114,-27.323905],[-64.346605,-27.32337],[-64.347273,-27.322703],[-64.348252,-27.321833],[-64.359258,-27.3133],[-64.374907,-27.301267],[-64.376632,-27.299905],[-64.377453,-27.299262],[-64.380272,-27.297109],[-64.382133,-27.295671],[-64.382838,-27.295126],[-64.384532,-27.293817],[-64.42217,-27.264827],[-64.429468,-27.259168],[-64.430837,-27.257998],[-64.431305,-27.257558],[-64.431872,-27.25692],[-64.441818,-27.245521],[-64.450212,-27.235957],[-64.4576,-27.227546],[-64.458762,-27.226223],[-64.477318,-27.205095],[-64.486168,-27.195017],[-64.486727,-27.194314],[-64.487187,-27.193612],[-64.487575,-27.192957],[-64.487988,-27.192148],[-64.488413,-27.19113],[-64.488672,-27.190342],[-64.488867,-27.189597],[-64.489013,-27.188721],[-64.489095,-27.187953],[-64.489139,-27.187199],[-64.489139,-27.186318],[-64.489084,-27.185799],[-64.489029,-27.185295],[-64.488965,-27.184853],[-64.488875,-27.184345],[-64.488727,-27.183743],[-64.488556,-27.183161],[-64.488331,-27.18251],[-64.488041,-27.181798],[-64.487593,-27.180873],[-64.487172,-27.180195],[-64.486978,-27.179883],[-64.48615,-27.178785],[-64.48534,-27.177908],[-64.484686,-27.177279],[-64.483784,-27.176507],[-64.482894,-27.175664],[-64.482393,-27.175166],[-64.481982,-27.174752],[-64.481448,-27.174235],[-64.481027,-27.173803],[-64.480888,-27.17367],[-64.480806,-27.173602],[-64.480596,-27.173401],[-64.480434,-27.173245],[-64.476878,-27.16991],[-64.4736,-27.166907],[-64.473213,-27.16648],[-64.472525,-27.165537],[-64.471992,-27.164523],[-64.471688,-27.16373],[-64.471353,-27.162347],[-64.47127,-27.161903],[-64.471117,-27.16109],[-64.469124,-27.150626],[-64.469056,-27.150268],[-64.468991,-27.14992],[-64.468661,-27.148084],[-64.467513,-27.14201],[-64.466401,-27.136063],[-64.464694,-27.127033],[-64.464643,-27.126759],[-64.464519,-27.126098],[-64.464319,-27.125034],[-64.464284,-27.124851],[-64.463641,-27.121424],[-64.462838,-27.117145],[-64.461652,-27.110852],[-64.460476,-27.104633],[-64.458571,-27.094495],[-64.458367,-27.093327],[-64.458244,-27.092516],[-64.458185,-27.091843],[-64.458165,-27.091388],[-64.458154,-27.091145],[-64.458155,-27.090169],[-64.458177,-27.089153],[-64.458229,-27.087272],[-64.458505,-27.077748],[-64.458696,-27.071234],[-64.458739,-27.069567],[-64.458915,-27.06353],[-64.459041,-27.058733],[-64.459051,-27.058275],[-64.459051,-27.057774],[-64.459055,-27.056777],[-64.459053,-27.049787],[-64.459038,-27.045558],[-64.459036,-27.045233],[-64.459036,-27.045195],[-64.459014,-27.04072],[-64.458986,-27.031692],[-64.458971,-27.028628],[-64.458959,-27.026272],[-64.458945,-27.019992],[-64.458909,-27.009138],[-64.458901,-27.004605],[-64.458907,-26.997708],[-64.458781,-26.994078],[-64.458591,-26.990403],[-64.45839,-26.98635],[-64.458358,-26.985318],[-64.458347,-26.983693],[-64.458339,-26.982951],[-64.45838,-26.97666],[-64.458404,-26.970325],[-64.458458,-26.963115],[-64.458484,-26.958353],[-64.458511,-26.955881],[-64.458567,-26.948482],[-64.458649,-26.937825],[-64.45871,-26.930615],[-64.458765,-26.922588],[-64.458768,-26.921415],[-64.458744,-26.920667],[-64.458734,-26.920097],[-64.458712,-26.919553],[-64.458432,-26.914304],[-64.458428,-26.914242],[-64.45837,-26.913233],[-64.458311,-26.911757],[-64.458292,-26.909024],[-64.458293,-26.908904],[-64.458301,-26.90748],[-64.458302,-26.907376],[-64.458346,-26.900846],[-64.45841,-26.889086],[-64.458425,-26.885933],[-64.458451,-26.881901],[-64.458476,-26.880029],[-64.458513,-26.87733],[-64.458514,-26.874072],[-64.458502,-26.872842],[-64.458516,-26.870956],[-64.458517,-26.870253],[-64.458517,-26.869569],[-64.45852,-26.869325],[-64.458522,-26.869175],[-64.458523,-26.869162],[-64.45853,-26.868637],[-64.458535,-26.868115],[-64.458525,-26.867561],[-64.458536,-26.866078],[-64.45854,-26.865651],[-64.458541,-26.865492],[-64.458547,-26.864707],[-64.458556,-26.863462],[-64.458559,-26.862993],[-64.458563,-26.862514],[-64.458581,-26.861433],[-64.458572,-26.859651],[-64.458576,-26.858854],[-64.458577,-26.858562],[-64.458586,-26.85667],[-64.458587,-26.856377],[-64.458588,-26.855449],[-64.458588,-26.8553],[-64.458603,-26.85311],[-64.45864,-26.845324],[-64.458645,-26.8431],[-64.458652,-26.841212],[-64.458653,-26.84098],[-64.458656,-26.839987],[-64.458657,-26.839669],[-64.45866,-26.838642],[-64.45866,-26.838583],[-64.458677,-26.833153],[-64.458687,-26.832439],[-64.458693,-26.830835],[-64.458695,-26.830378],[-64.458697,-26.829873],[-64.458699,-26.829279],[-64.458702,-26.828451],[-64.458704,-26.827829],[-64.458719,-26.824153],[-64.458761,-26.813332],[-64.458767,-26.811509],[-64.458792,-26.804286],[-64.458835,-26.795285],[-64.45885,-26.792412],[-64.458851,-26.791969],[-64.458882,-26.78369],[-64.458893,-26.781369],[-64.458911,-26.777256],[-64.458912,-26.777157],[-64.458947,-26.770058],[-64.458947,-26.769918],[-64.458962,-26.766135],[-64.458963,-26.765955],[-64.458982,-26.760798],[-64.458983,-26.760604],[-64.458995,-26.757641],[-64.458995,-26.757454],[-64.459027,-26.75109],[-64.459028,-26.75099],[-64.459032,-26.748178],[-64.459046,-26.744765],[-64.459046,-26.744661],[-64.459081,-26.737442],[-64.459096,-26.733796],[-64.45912,-26.727666],[-64.45912,-26.727542],[-64.459121,-26.727381],[-64.459122,-26.727185],[-64.459122,-26.727084],[-64.459132,-26.724841],[-64.459132,-26.724722],[-64.459132,-26.724685],[-64.459143,-26.722151],[-64.459144,-26.722053],[-64.459162,-26.717693],[-64.459163,-26.717597],[-64.459218,-26.709586],[-64.459218,-26.709486],[-64.459208,-26.706907],[-64.459243,-26.705287],[-64.459297,-26.704747],[-64.459401,-26.703983],[-64.459607,-26.703189],[-64.459813,-26.702587],[-64.460962,-26.699884],[-64.461006,-26.699781],[-64.466371,-26.687356],[-64.466997,-26.685903],[-64.467217,-26.685392],[-64.468005,-26.683555],[-64.469974,-26.678987],[-64.470239,-26.678367],[-64.472417,-26.673355],[-64.472992,-26.671785],[-64.473175,-26.671123],[-64.473315,-26.670423],[-64.481251,-26.613645],[-64.481268,-26.613492],[-64.48228,-26.606248],[-64.482391,-26.605394],[-64.483436,-26.597336],[-64.484585,-26.588558],[-64.484615,-26.588441],[-64.484641,-26.58836],[-64.484695,-26.588255],[-64.484781,-26.588106],[-64.484878,-26.587934],[-64.484969,-26.587784],[-64.485052,-26.587647],[-64.485127,-26.587522],[-64.485205,-26.587378],[-64.485323,-26.587111],[-64.485381,-26.586966],[-64.48542,-26.586827],[-64.485433,-26.586743],[-64.48543,-26.586685],[-64.485417,-26.586596],[-64.485385,-26.586517],[-64.485354,-26.586442],[-64.48531,-26.58627],[-64.48527,-26.586085],[-64.485237,-26.585898],[-64.485219,-26.585766],[-64.485213,-26.585551],[-64.4852,-26.585404],[-64.485202,-26.585248],[-64.485208,-26.58508],[-64.4852,-26.584958],[-64.485184,-26.584841],[-64.485165,-26.584706],[-64.485125,-26.584534],[-64.485111,-26.58444],[-64.485114,-26.584255],[-64.485255,-26.58332],[-64.488013,-26.561208],[-64.489223,-26.551855],[-64.490232,-26.543908],[-64.490581,-26.540931],[-64.494309,-26.511147],[-64.495164,-26.504314],[-64.495169,-26.504278],[-64.499112,-26.472245],[-64.499152,-26.471484],[-64.49915,-26.4708],[-64.497725,-26.426588],[-64.496993,-26.404705],[-64.496897,-26.402902],[-64.496913,-26.402187],[-64.496886,-26.401451],[-64.496817,-26.399605],[-64.496762,-26.398007],[-64.496709,-26.396487],[-64.496485,-26.390026],[-64.496437,-26.388628],[-64.496192,-26.381575],[-64.495433,-26.356752],[-64.495446,-26.355801],[-64.496508,-26.295471],[-64.496557,-26.293056],[-64.496564,-26.291631],[-64.496568,-26.290979],[-64.49657,-26.290445],[-64.496572,-26.290153],[-64.496578,-26.288871],[-64.49658,-26.288446],[-64.497397,-26.241097],[-64.497507,-26.239948],[-64.497626,-26.239193],[-64.49781,-26.238495],[-64.498058,-26.237785],[-64.498327,-26.237132],[-64.498577,-26.236601],[-64.498892,-26.23607],[-64.499538,-26.235122],[-64.501195,-26.232997],[-64.511028,-26.220628],[-64.512247,-26.219084],[-64.51267,-26.218533],[-64.51988,-26.209405],[-64.520658,-26.208367],[-64.522643,-26.205918],[-64.53047,-26.19601],[-64.563712,-26.154172],[-64.564182,-26.153525],[-64.564835,-26.152363],[-64.565045,-26.151872],[-64.565378,-26.15085],[-64.568837,-26.137552],[-64.569037,-26.136929],[-64.569302,-26.136276],[-64.569584,-26.135715],[-64.569831,-26.135342],[-64.570163,-26.13493],[-64.585592,-26.116311],[-64.593645,-26.106695],[-64.594195,-26.106033],[-64.629783,-26.06266],[-64.636007,-26.055125],[-64.636812,-26.05404],[-64.637146,-26.053508],[-64.63748,-26.052918],[-64.637915,-26.05202],[-64.638335,-26.050907],[-64.638638,-26.049825],[-64.639211,-26.047277],[-64.641442,-26.037348],[-64.641501,-26.037085],[-64.644573,-26.023416],[-64.645105,-26.021048],[-64.645342,-26.020193],[-64.645635,-26.019325],[-64.646037,-26.018397],[-64.646507,-26.017507],[-64.646761,-26.017025],[-64.64708,-26.016514],[-64.6474,-26.016063],[-64.647785,-26.015583],[-64.648299,-26.015001],[-64.648832,-26.014471],[-64.655782,-26.008314],[-64.658553,-26.005845],[-64.661534,-26.003227],[-64.661681,-26.003098],[-64.661957,-26.002855],[-64.662994,-26.001944],[-64.664258,-26.000834],[-64.664648,-26.000484],[-64.672952,-25.993197],[-64.67396,-25.992222],[-64.674577,-25.99152],[-64.67527,-25.990593],[-64.675767,-25.989823],[-64.676195,-25.989022],[-64.676767,-25.987705],[-64.676997,-25.987023],[-64.677283,-25.985867],[-64.681403,-25.963925],[-64.682207,-25.959718],[-64.6824,-25.958932],[-64.682608,-25.958255],[-64.682902,-25.957462],[-64.683235,-25.95672],[-64.683717,-25.955828],[-64.684196,-25.955116],[-64.684718,-25.954365],[-64.685453,-25.953526],[-64.68564,-25.953312],[-64.686567,-25.952435],[-64.700427,-25.94045],[-64.701213,-25.939832],[-64.701837,-25.939407],[-64.702938,-25.938777],[-64.7036,-25.93847],[-64.704913,-25.937992],[-64.705813,-25.937755],[-64.70671,-25.937583],[-64.708288,-25.93742],[-64.721938,-25.93668],[-64.72392,-25.936442],[-64.725057,-25.936198],[-64.72606,-25.935903],[-64.727272,-25.93545],[-64.728235,-25.93501],[-64.729945,-25.934018],[-64.730919,-25.933377],[-64.741449,-25.926446],[-64.742152,-25.926002],[-64.742839,-25.925486],[-64.743217,-25.925156],[-64.743631,-25.924754],[-64.74403,-25.924339],[-64.744386,-25.923903],[-64.744775,-25.92334],[-64.745055,-25.922863],[-64.747401,-25.91829],[-64.752058,-25.909207],[-64.752438,-25.908488],[-64.75286,-25.907768],[-64.753493,-25.906833],[-64.765022,-25.891609],[-64.765143,-25.89145],[-64.765862,-25.890499],[-64.767515,-25.888347],[-64.76834,-25.887227],[-64.769527,-25.885666],[-64.770817,-25.883978],[-64.772442,-25.881809],[-64.773318,-25.880651],[-64.773765,-25.88011],[-64.77406,-25.879763],[-64.775122,-25.87875],[-64.775771,-25.87823],[-64.776335,-25.877813],[-64.777058,-25.877329],[-64.777507,-25.877069],[-64.778073,-25.87675],[-64.778667,-25.876454],[-64.779332,-25.876152],[-64.782664,-25.874697],[-64.802255,-25.866142],[-64.811909,-25.861938],[-64.812334,-25.861752],[-64.824945,-25.856233],[-64.829923,-25.854063],[-64.838209,-25.850416],[-64.854582,-25.843268],[-64.85736,-25.842049],[-64.8589,-25.841371],[-64.867757,-25.83749],[-64.883171,-25.830743],[-64.894438,-25.82581],[-64.896345,-25.824956],[-64.89642,-25.824908],[-64.897263,-25.82454],[-64.897751,-25.82429],[-64.897908,-25.824221],[-64.898411,-25.823998],[-64.898695,-25.823874],[-64.89931,-25.823606],[-64.900599,-25.823093],[-64.900724,-25.823059],[-64.907092,-25.82023],[-64.90817,-25.819622],[-64.909153,-25.818905],[-64.909937,-25.818162],[-64.910467,-25.817555],[-64.925689,-25.797783],[-64.926374,-25.796894],[-64.927015,-25.79606],[-64.927763,-25.795088],[-64.928523,-25.794147],[-64.929113,-25.793512],[-64.93021,-25.792498],[-64.931117,-25.791803],[-64.932082,-25.791177],[-64.932887,-25.79073],[-64.933968,-25.790217],[-64.934863,-25.789872],[-64.943394,-25.786975],[-64.943616,-25.786899],[-64.945814,-25.786153],[-64.94783,-25.785468],[-64.94829,-25.785291],[-64.948364,-25.785247],[-64.948417,-25.785213],[-64.948467,-25.785171],[-64.948503,-25.785127],[-64.948545,-25.785063],[-64.948577,-25.784991],[-64.948594,-25.784928],[-64.948604,-25.784864],[-64.948606,-25.784789],[-64.948585,-25.784675],[-64.948299,-25.784058],[-64.947915,-25.783129],[-64.946907,-25.780928],[-64.946084,-25.779137],[-64.945869,-25.778638],[-64.945742,-25.778327],[-64.945616,-25.777973],[-64.945445,-25.777472],[-64.945282,-25.776878],[-64.945156,-25.776333],[-64.945071,-25.775886],[-64.94504,-25.775675],[-64.945008,-25.775463],[-64.944971,-25.775137],[-64.944938,-25.774821],[-64.944917,-25.774449],[-64.944901,-25.773805],[-64.944899,-25.77313],[-64.944894,-25.771765],[-64.944883,-25.768611],[-64.944874,-25.767188],[-64.944863,-25.763601],[-64.94484,-25.758033],[-64.944849,-25.756071],[-64.94485,-25.755845],[-64.944844,-25.754718],[-64.944842,-25.754128],[-64.944841,-25.753841],[-64.944838,-25.752263],[-64.944837,-25.751914],[-64.944842,-25.750767],[-64.94484,-25.750422],[-64.944825,-25.748457],[-64.944807,-25.74622],[-64.944804,-25.745693],[-64.944804,-25.745447],[-64.944761,-25.742581],[-64.944745,-25.742021],[-64.944702,-25.741431],[-64.944648,-25.740876],[-64.944557,-25.740146],[-64.943747,-25.734622],[-64.943694,-25.734166],[-64.943671,-25.733808],[-64.943672,-25.733378],[-64.943667,-25.731392],[-64.943683,-25.728845],[-64.943758,-25.725459],[-64.94376,-25.725196],[-64.943731,-25.723465],[-64.943737,-25.722996],[-64.943746,-25.72237],[-64.943682,-25.715736],[-64.943664,-25.713898],[-64.943658,-25.71296],[-64.943557,-25.703335],[-64.943548,-25.701995],[-64.943473,-25.691935],[-64.943463,-25.685703],[-64.943416,-25.683521],[-64.943393,-25.679653],[-64.943395,-25.677953],[-64.943353,-25.672891],[-64.943347,-25.671034],[-64.943323,-25.662724],[-64.943272,-25.66045],[-64.943267,-25.659626],[-64.943242,-25.655362],[-64.943248,-25.654413],[-64.943289,-25.653965],[-64.943338,-25.653592],[-64.943397,-25.653277],[-64.943488,-25.652837],[-64.943589,-25.652461],[-64.943715,-25.652094],[-64.946435,-25.644968],[-64.946533,-25.644701],[-64.948683,-25.638867],[-64.962206,-25.603015],[-64.963749,-25.598924],[-64.964915,-25.595832],[-64.965519,-25.594213],[-64.965656,-25.593846],[-64.968536,-25.586125],[-64.968701,-25.58546],[-64.968782,-25.584881],[-64.968809,-25.584413],[-64.969357,-25.573309],[-64.970332,-25.553559],[-64.9704,-25.552374],[-64.970471,-25.551138],[-64.970476,-25.551039],[-64.970485,-25.550902],[-64.970569,-25.547297],[-64.970598,-25.546359],[-64.970629,-25.545594],[-64.970708,-25.544788],[-64.970922,-25.543072],[-64.971221,-25.540786],[-64.971284,-25.540296],[-64.97136,-25.539708],[-64.971464,-25.53896],[-64.971535,-25.538504],[-64.972472,-25.534106],[-64.973046,-25.531385],[-64.973275,-25.530116],[-64.973445,-25.529513],[-64.973581,-25.529059],[-64.973721,-25.528626],[-64.974081,-25.527618],[-64.974256,-25.527138],[-64.974785,-25.52567],[-64.975266,-25.524336],[-64.975459,-25.523722],[-64.975624,-25.52312],[-64.975893,-25.521967],[-64.976236,-25.520492],[-64.976367,-25.519985],[-64.976529,-25.519454],[-64.976648,-25.519122],[-64.97675,-25.518833],[-64.97681,-25.518642],[-64.977361,-25.516873],[-64.97757,-25.516272],[-64.979389,-25.511053],[-64.979468,-25.510826],[-64.979544,-25.510598],[-64.980046,-25.509115],[-64.980331,-25.508264],[-64.980709,-25.507115],[-64.980933,-25.506431],[-64.981106,-25.505935],[-64.981309,-25.50532],[-64.98145,-25.504823],[-64.981475,-25.504696],[-64.981567,-25.504197],[-64.981645,-25.503675],[-64.981663,-25.503502],[-64.981634,-25.503235],[-64.98163,-25.503121],[-64.981622,-25.502864],[-64.981616,-25.502679],[-64.981555,-25.502029],[-64.98145,-25.501415],[-64.980993,-25.499366],[-64.980959,-25.499212],[-64.980416,-25.496775],[-64.980398,-25.496695],[-64.98038,-25.496614],[-64.979977,-25.494858],[-64.979829,-25.49421],[-64.979805,-25.494106],[-64.979786,-25.494034],[-64.979522,-25.492969],[-64.979108,-25.491136],[-64.978748,-25.489363],[-64.978162,-25.486893],[-64.977928,-25.48587],[-64.977894,-25.485722],[-64.977894,-25.485598],[-64.977835,-25.48527],[-64.977679,-25.484399],[-64.977618,-25.48413],[-64.977352,-25.483166],[-64.977317,-25.483],[-64.97719,-25.482215],[-64.977162,-25.482003],[-64.977127,-25.481703],[-64.977024,-25.480758],[-64.976959,-25.480209],[-64.976864,-25.479516],[-64.976826,-25.479281],[-64.976759,-25.478884],[-64.976727,-25.478723],[-64.97668,-25.478548],[-64.976531,-25.478095],[-64.976022,-25.476966],[-64.975361,-25.475569],[-64.975258,-25.475353],[-64.973562,-25.4718],[-64.973337,-25.471396],[-64.973116,-25.471017],[-64.972812,-25.470528],[-64.972594,-25.470247],[-64.972196,-25.469735],[-64.971923,-25.469426],[-64.971591,-25.469088],[-64.971041,-25.46859],[-64.969326,-25.46704],[-64.968679,-25.466425],[-64.967785,-25.465528],[-64.967324,-25.464975],[-64.967046,-25.464607],[-64.966844,-25.464281],[-64.966658,-25.463887],[-64.966531,-25.463561],[-64.96642,-25.463195],[-64.966214,-25.462298],[-64.965983,-25.461141],[-64.965859,-25.46052],[-64.965806,-25.460258],[-64.965686,-25.459657],[-64.9655,-25.458724],[-64.963971,-25.451496],[-64.963557,-25.449568],[-64.963369,-25.448799],[-64.963137,-25.447981],[-64.962771,-25.446992],[-64.962466,-25.446214],[-64.962112,-25.445511],[-64.961131,-25.443599],[-64.960356,-25.441968],[-64.959523,-25.440271],[-64.957695,-25.436672],[-64.955576,-25.432496],[-64.955264,-25.431851],[-64.955051,-25.431383],[-64.954887,-25.430948],[-64.954687,-25.430269],[-64.954556,-25.429631],[-64.954463,-25.428984],[-64.954421,-25.428292],[-64.954419,-25.427963],[-64.954428,-25.427686],[-64.954484,-25.427175],[-64.954532,-25.426876],[-64.954623,-25.426413],[-64.954763,-25.425898],[-64.955064,-25.424983],[-64.955382,-25.424207],[-64.955576,-25.423606],[-64.955676,-25.423196],[-64.955737,-25.42272],[-64.955729,-25.422354],[-64.955651,-25.421857],[-64.955476,-25.421346],[-64.955256,-25.420883],[-64.954907,-25.420305],[-64.954678,-25.420036],[-64.954333,-25.419732],[-64.953845,-25.41936],[-64.951026,-25.417568],[-64.949221,-25.416395],[-64.94879,-25.41608],[-64.948441,-25.415791],[-64.948102,-25.415472],[-64.947729,-25.415057],[-64.947444,-25.414649],[-64.947196,-25.414251],[-64.946995,-25.413816],[-64.946798,-25.413291],[-64.946654,-25.412725],[-64.946582,-25.41227],[-64.946558,-25.4119],[-64.946539,-25.411543],[-64.946587,-25.41102],[-64.946652,-25.410624],[-64.946752,-25.410269],[-64.94686,-25.40989],[-64.946989,-25.40958],[-64.947164,-25.409201],[-64.94728,-25.408972],[-64.947398,-25.408738],[-64.947491,-25.408549],[-64.947583,-25.408361],[-64.947736,-25.408015],[-64.947883,-25.40769],[-64.948076,-25.407168],[-64.948174,-25.406764],[-64.948243,-25.406415],[-64.948301,-25.405951],[-64.948311,-25.405487],[-64.948276,-25.404952],[-64.948179,-25.404319],[-64.948076,-25.403916],[-64.947974,-25.403581],[-64.94787,-25.403266],[-64.94775,-25.402968],[-64.947539,-25.402548],[-64.947287,-25.402132],[-64.944219,-25.39757],[-64.93689,-25.386853],[-64.936264,-25.385893],[-64.935949,-25.38534],[-64.935773,-25.3849],[-64.935596,-25.384411],[-64.935504,-25.384114],[-64.935429,-25.383765],[-64.935325,-25.383262],[-64.934851,-25.38045],[-64.934348,-25.377672],[-64.933852,-25.374829],[-64.933753,-25.374168],[-64.933702,-25.373615],[-64.933728,-25.372835],[-64.933752,-25.372449],[-64.933808,-25.372111],[-64.933862,-25.371855],[-64.934206,-25.370727],[-64.934339,-25.370284],[-64.935149,-25.367688],[-64.935479,-25.366512],[-64.935566,-25.366077],[-64.935626,-25.365714],[-64.935639,-25.365335],[-64.935586,-25.364824],[-64.935477,-25.364111],[-64.935322,-25.363586],[-64.935184,-25.363186],[-64.934785,-25.362201],[-64.934272,-25.361076],[-64.933788,-25.359875],[-64.933591,-25.35925],[-64.933443,-25.358565],[-64.933354,-25.357928],[-64.933326,-25.357066],[-64.93334,-25.356418],[-64.933429,-25.355556],[-64.933543,-25.354665],[-64.933685,-25.353565],[-64.933723,-25.353266],[-64.933741,-25.353121],[-64.933782,-25.352713],[-64.933852,-25.351977],[-64.933935,-25.351092],[-64.934026,-25.350211],[-64.934103,-25.349427],[-64.934838,-25.343289],[-64.93567,-25.336531],[-64.9358,-25.335325],[-64.935872,-25.33473],[-64.936111,-25.332966],[-64.936551,-25.329278],[-64.936571,-25.328847],[-64.936576,-25.328173],[-64.936542,-25.327701],[-64.936496,-25.327395],[-64.936408,-25.326987],[-64.936256,-25.326402],[-64.935978,-25.325525],[-64.935713,-25.324657],[-64.933985,-25.318919],[-64.933521,-25.317458],[-64.933175,-25.316216],[-64.932395,-25.313726],[-64.931624,-25.311102],[-64.931547,-25.310872],[-64.931534,-25.310833],[-64.931496,-25.3107],[-64.931398,-25.310429],[-64.931304,-25.310195],[-64.931148,-25.309832],[-64.931057,-25.30966],[-64.930784,-25.309165],[-64.930573,-25.308844],[-64.930417,-25.30862],[-64.930246,-25.308407],[-64.93005,-25.308175],[-64.929836,-25.307948],[-64.92931,-25.3074],[-64.926812,-25.304813],[-64.926527,-25.304463],[-64.926228,-25.304075],[-64.925925,-25.303562],[-64.925807,-25.303266],[-64.925689,-25.302918],[-64.925592,-25.302473],[-64.925524,-25.30203],[-64.925541,-25.301563],[-64.925599,-25.301233],[-64.925685,-25.300852],[-64.925833,-25.300386],[-64.926038,-25.299959],[-64.926514,-25.299178],[-64.927763,-25.297509],[-64.928225,-25.296883],[-64.928468,-25.296503],[-64.928647,-25.29619],[-64.928783,-25.295832],[-64.92892,-25.295436],[-64.928978,-25.295148],[-64.929035,-25.294821],[-64.929048,-25.294561],[-64.929047,-25.294238],[-64.929022,-25.293896],[-64.928953,-25.293528],[-64.928755,-25.292753],[-64.928611,-25.292243],[-64.927742,-25.289071],[-64.927146,-25.287052],[-64.927086,-25.286679],[-64.927026,-25.286216],[-64.927018,-25.285937],[-64.927012,-25.285719],[-64.927045,-25.285248],[-64.92711,-25.284845],[-64.927179,-25.284366],[-64.927205,-25.28402],[-64.927216,-25.283649],[-64.927208,-25.28336],[-64.927171,-25.283006],[-64.92712,-25.28268],[-64.927041,-25.282329],[-64.926809,-25.281562],[-64.926646,-25.281179],[-64.926441,-25.280796],[-64.926071,-25.280237],[-64.925723,-25.279813],[-64.925083,-25.279036],[-64.92263,-25.275953],[-64.922336,-25.275536],[-64.922013,-25.275068],[-64.921637,-25.274376],[-64.921418,-25.273822],[-64.921199,-25.273229],[-64.92109,-25.272814],[-64.920982,-25.272323],[-64.920917,-25.271822],[-64.920852,-25.271295],[-64.920826,-25.270767],[-64.920801,-25.269599],[-64.92074,-25.268396],[-64.920737,-25.267557],[-64.920762,-25.266878],[-64.920904,-25.26565],[-64.921682,-25.259718],[-64.921735,-25.259313],[-64.921824,-25.258629],[-64.922241,-25.255626],[-64.922269,-25.25519],[-64.922254,-25.254727],[-64.922208,-25.254335],[-64.922134,-25.253891],[-64.921961,-25.253217],[-64.921796,-25.252785],[-64.921592,-25.252325],[-64.921383,-25.251976],[-64.921008,-25.251428],[-64.92049,-25.250718],[-64.917808,-25.246905],[-64.917042,-25.245828],[-64.91657,-25.245212],[-64.916299,-25.244799],[-64.915949,-25.244201],[-64.915675,-25.243563],[-64.915436,-25.242788],[-64.91533,-25.242244],[-64.915274,-25.241545],[-64.915347,-25.240806],[-64.915522,-25.240029],[-64.915686,-25.239531],[-64.915936,-25.238913],[-64.916136,-25.238588],[-64.918207,-25.235293],[-64.919814,-25.232681],[-64.919968,-25.23243],[-64.920969,-25.230804],[-64.921481,-25.229971],[-64.921788,-25.229502],[-64.922271,-25.228837],[-64.922855,-25.228144],[-64.923446,-25.227501],[-64.92395,-25.22698],[-64.924609,-25.226364],[-64.92533,-25.225767],[-64.927302,-25.224187],[-64.92955,-25.222377],[-64.931785,-25.220571],[-64.933952,-25.218803],[-64.934541,-25.218322],[-64.934993,-25.217954],[-64.935715,-25.217364],[-64.935936,-25.21718],[-64.936768,-25.216532],[-64.936938,-25.216407],[-64.937078,-25.216304],[-64.937506,-25.215998],[-64.937935,-25.215708],[-64.939486,-25.214734],[-64.93989,-25.214438],[-64.940371,-25.214058],[-64.940754,-25.213712],[-64.94129,-25.213176],[-64.943043,-25.2114],[-64.946169,-25.208187],[-64.946366,-25.208011],[-64.94667,-25.207739],[-64.947154,-25.207376],[-64.947591,-25.207103],[-64.948154,-25.20682],[-64.948755,-25.206617],[-64.94933,-25.206472],[-64.950025,-25.206272],[-64.95063,-25.206006],[-64.951057,-25.205791],[-64.951613,-25.205451],[-64.952046,-25.205108],[-64.952398,-25.204796],[-64.952987,-25.204044],[-64.953351,-25.203401],[-64.953692,-25.202633],[-64.953972,-25.201929],[-64.954521,-25.20055],[-64.954926,-25.199751],[-64.955354,-25.199142],[-64.95599,-25.198452],[-64.95669,-25.197944],[-64.957577,-25.19741],[-64.958609,-25.196811],[-64.959799,-25.196122],[-64.960647,-25.195637],[-64.961539,-25.1951],[-64.962365,-25.19458],[-64.963163,-25.194016],[-64.966854,-25.191197],[-64.967369,-25.190775],[-64.967708,-25.190479],[-64.96803,-25.19018],[-64.968291,-25.189885],[-64.968592,-25.189478],[-64.968865,-25.188983],[-64.969082,-25.188475],[-64.969267,-25.188023],[-64.969448,-25.187565],[-64.9696,-25.187186],[-64.973798,-25.176488],[-64.97451,-25.174673],[-64.974762,-25.174031],[-64.974886,-25.173736],[-64.975018,-25.173425],[-64.975218,-25.173097],[-64.975461,-25.172765],[-64.97573,-25.172467],[-64.975897,-25.172301],[-64.976008,-25.172195],[-64.976354,-25.171913],[-64.977006,-25.171532],[-64.97751,-25.171306],[-64.977805,-25.171195],[-64.978112,-25.171099],[-64.978578,-25.170993],[-64.978961,-25.170942],[-64.97941,-25.170902],[-64.980788,-25.170823],[-64.981658,-25.17078],[-64.982206,-25.170746],[-64.982705,-25.170694],[-64.983059,-25.170651],[-64.983355,-25.1706],[-64.983662,-25.170528],[-64.984048,-25.170397],[-64.984756,-25.170115],[-64.985058,-25.169988],[-64.985361,-25.169824],[-64.985649,-25.16966],[-64.986118,-25.169375],[-64.986912,-25.168867],[-64.987855,-25.16828],[-64.990943,-25.166327],[-64.99154,-25.165913],[-64.992429,-25.165211],[-64.993199,-25.164539],[-64.993794,-25.163971],[-64.995169,-25.162475],[-64.998226,-25.159027],[-65.000283,-25.156708],[-65.001882,-25.154876],[-65.00389,-25.15263],[-65.006134,-25.15009],[-65.007107,-25.149001],[-65.007491,-25.148497],[-65.007838,-25.148019],[-65.00813,-25.147598],[-65.008667,-25.146794],[-65.013351,-25.139037],[-65.013737,-25.138411],[-65.01428,-25.137511],[-65.014666,-25.136868],[-65.014751,-25.136726],[-65.015048,-25.136147],[-65.01516,-25.13592],[-65.015255,-25.135689],[-65.015532,-25.134897],[-65.015612,-25.13461],[-65.015679,-25.134322],[-65.015731,-25.134011],[-65.015743,-25.133924],[-65.01578,-25.133668],[-65.015801,-25.133518],[-65.015934,-25.132537],[-65.016123,-25.132558],[-65.016117,-25.132395],[-65.016114,-25.132124],[-65.016127,-25.132021],[-65.016153,-25.131936],[-65.0162,-25.131872],[-65.016264,-25.131834],[-65.016339,-25.131814],[-65.016811,-25.131726],[-65.017241,-25.131634],[-65.017699,-25.131504],[-65.018076,-25.131346],[-65.018432,-25.131143],[-65.018845,-25.130977],[-65.019246,-25.130787],[-65.019645,-25.13053],[-65.020515,-25.129952],[-65.020781,-25.129842],[-65.021115,-25.129759],[-65.02151,-25.129686],[-65.021921,-25.129656],[-65.022442,-25.129659],[-65.022906,-25.129687],[-65.023747,-25.129732],[-65.024128,-25.129725],[-65.029988,-25.129144],[-65.030342,-25.129157],[-65.030597,-25.129202],[-65.030915,-25.129317],[-65.031145,-25.129473],[-65.03134,-25.129676],[-65.031574,-25.129842],[-65.031878,-25.129952],[-65.032182,-25.129952],[-65.032607,-25.129856],[-65.032964,-25.129721],[-65.033975,-25.129165],[-65.034187,-25.128983],[-65.036595,-25.126345],[-65.036886,-25.126074],[-65.037289,-25.125803],[-65.037599,-25.125622],[-65.037916,-25.125476],[-65.0382,-25.125389],[-65.04685,-25.123],[-65.048183,-25.122604],[-65.048787,-25.122384],[-65.049453,-25.122097],[-65.051919,-25.12093],[-65.052283,-25.120811],[-65.05256,-25.120784],[-65.052774,-25.120811],[-65.053068,-25.120913],[-65.053395,-25.121082],[-65.053862,-25.121277],[-65.054111,-25.121336],[-65.054324,-25.121361],[-65.054578,-25.121343],[-65.054819,-25.121268],[-65.054875,-25.12124],[-65.055286,-25.121036],[-65.055524,-25.120913],[-65.055812,-25.120793],[-65.056052,-25.120702],[-65.056332,-25.120659],[-65.05658,-25.120663],[-65.056874,-25.120697],[-65.05714,-25.120765],[-65.05756,-25.121002],[-65.058438,-25.121589],[-65.058905,-25.12183],[-65.059174,-25.121955],[-65.05941,-25.12205],[-65.067526,-25.124731],[-65.074545,-25.127016],[-65.079351,-25.128663],[-65.080443,-25.128976],[-65.08098,-25.129069],[-65.081527,-25.129116],[-65.090811,-25.128997],[-65.091203,-25.128989],[-65.091418,-25.128953],[-65.091595,-25.128896],[-65.091997,-25.12868],[-65.092347,-25.128435],[-65.093804,-25.127035],[-65.094579,-25.126388],[-65.095401,-25.125754],[-65.101384,-25.12134],[-65.104629,-25.118993],[-65.104986,-25.118772],[-65.105255,-25.118651],[-65.105528,-25.11858],[-65.105899,-25.11852],[-65.110149,-25.117907],[-65.11028,-25.117885],[-65.110439,-25.117907],[-65.110621,-25.118038],[-65.110864,-25.118249],[-65.111024,-25.118355],[-65.111233,-25.118461],[-65.111718,-25.118663],[-65.11233,-25.118845],[-65.112507,-25.118937],[-65.112867,-25.119268],[-65.113381,-25.119708],[-65.113869,-25.120219],[-65.114089,-25.120377],[-65.114399,-25.120473],[-65.114885,-25.120532],[-65.115352,-25.120562],[-65.115814,-25.120524],[-65.116276,-25.120435],[-65.116729,-25.120313],[-65.118471,-25.11953],[-65.118777,-25.119359],[-65.119022,-25.119188],[-65.119517,-25.118748],[-65.120021,-25.1183],[-65.120297,-25.118131],[-65.120671,-25.118029],[-65.123781,-25.117661],[-65.124033,-25.11767],[-65.124243,-25.117699],[-65.124449,-25.117792],[-65.124631,-25.117898],[-65.125537,-25.118528],[-65.125724,-25.118621],[-65.125985,-25.118714],[-65.126382,-25.118765],[-65.126952,-25.118786],[-65.127489,-25.118833],[-65.128054,-25.118964],[-65.128558,-25.119162],[-65.129842,-25.119733],[-65.131038,-25.120393],[-65.132145,-25.121141],[-65.132687,-25.121535],[-65.133177,-25.121953],[-65.133368,-25.122059],[-65.133551,-25.122084],[-65.133751,-25.122063],[-65.13391,-25.12197],[-65.134709,-25.120321],[-65.134793,-25.120236],[-65.134914,-25.120177],[-65.135078,-25.120198],[-65.135213,-25.120258],[-65.139336,-25.122196],[-65.139598,-25.122351],[-65.13986,-25.122515],[-65.140117,-25.122604],[-65.140411,-25.122604],[-65.140696,-25.122549],[-65.141251,-25.122384],[-65.143376,-25.121805],[-65.143846,-25.121703],[-65.144427,-25.121623],[-65.145501,-25.121501],[-65.145688,-25.121522],[-65.145828,-25.121632],[-65.146693,-25.122622],[-65.147346,-25.12337],[-65.149135,-25.125262],[-65.149205,-25.125417],[-65.149216,-25.125583],[-65.149146,-25.12584],[-65.148963,-25.126632],[-65.148898,-25.127281],[-65.148884,-25.127659],[-65.148933,-25.128024],[-65.149287,-25.129133],[-65.149365,-25.12946],[-65.1494,-25.129825],[-65.14945,-25.130094],[-65.149641,-25.13062],[-65.149677,-25.130813],[-65.149704,-25.131129],[-65.149677,-25.13142],[-65.149596,-25.131751],[-65.149484,-25.132057],[-65.148856,-25.133106],[-65.148709,-25.133303],[-65.1485,-25.133489],[-65.148298,-25.13362],[-65.147864,-25.133815],[-65.147773,-25.133903],[-65.147734,-25.134],[-65.147799,-25.134121],[-65.147886,-25.134202],[-65.147998,-25.134295],[-65.150525,-25.13568],[-65.150728,-25.135796],[-65.15098,-25.135869],[-65.151281,-25.13583],[-65.151425,-25.135817],[-65.151533,-25.135835],[-65.151619,-25.135942],[-65.151651,-25.136107],[-65.151726,-25.136418],[-65.151857,-25.136681],[-65.152037,-25.136967],[-65.153373,-25.138754],[-65.155821,-25.141751],[-65.155976,-25.141936],[-65.156104,-25.142173],[-65.157396,-25.145348],[-65.157472,-25.145656],[-65.157486,-25.145908],[-65.157455,-25.146226],[-65.157363,-25.146531],[-65.157214,-25.146839],[-65.15686,-25.147354],[-65.15672,-25.147611],[-65.156613,-25.147898],[-65.156538,-25.14815],[-65.156506,-25.148417],[-65.156474,-25.149083],[-65.156393,-25.150369],[-65.156307,-25.150622],[-65.156189,-25.15086],[-65.154886,-25.152919],[-65.154808,-25.153092],[-65.154752,-25.15337],[-65.154755,-25.153503],[-65.154789,-25.153647],[-65.154889,-25.153738],[-65.155017,-25.153808],[-65.155211,-25.153844],[-65.155281,-25.153899],[-65.155288,-25.153972],[-65.15526,-25.154054],[-65.155182,-25.154145],[-65.154954,-25.154291],[-65.154702,-25.154476],[-65.154536,-25.154634],[-65.154419,-25.154828],[-65.154257,-25.155088],[-65.154163,-25.155335],[-65.15415,-25.155571],[-65.154196,-25.155704],[-65.154319,-25.155809],[-65.154642,-25.155986],[-65.155205,-25.156319],[-65.155316,-25.156435],[-65.155394,-25.156566],[-65.155534,-25.156894],[-65.155887,-25.157647],[-65.15608,-25.157908],[-65.15642,-25.158236],[-65.156821,-25.158569],[-65.157278,-25.158856],[-65.157568,-25.158997],[-65.157874,-25.159108],[-65.158175,-25.159179],[-65.158476,-25.159224],[-65.159111,-25.15928],[-65.159435,-25.15934],[-65.159702,-25.159401],[-65.160176,-25.159668],[-65.160566,-25.159961],[-65.16095,-25.160304],[-65.161285,-25.160657],[-65.16158,-25.161141],[-65.161792,-25.161641],[-65.161873,-25.161893],[-65.161953,-25.162145],[-65.162076,-25.16268],[-65.162572,-25.164627],[-65.162623,-25.164746],[-65.162723,-25.164838],[-65.162979,-25.164939],[-65.163051,-25.164965],[-65.163093,-25.16501],[-65.163101,-25.165083],[-65.163051,-25.165235],[-65.162841,-25.165599],[-65.162815,-25.165646],[-65.162791,-25.165686],[-65.162755,-25.165817],[-65.162741,-25.166082],[-65.162819,-25.166437],[-65.163139,-25.167272],[-65.163489,-25.168435],[-65.163755,-25.169198],[-65.163969,-25.169766],[-65.164279,-25.170369],[-65.164638,-25.170995],[-65.165376,-25.172053],[-65.165478,-25.172242],[-65.165546,-25.172453],[-65.165599,-25.172945],[-65.165638,-25.173423],[-65.165681,-25.173638],[-65.165783,-25.173867],[-65.165928,-25.174074],[-65.166105,-25.174247],[-65.166361,-25.174437],[-65.166666,-25.174692],[-65.166734,-25.174841],[-65.166778,-25.175008],[-65.166817,-25.175149],[-65.166885,-25.175254],[-65.167011,-25.175348],[-65.167344,-25.175464],[-65.167457,-25.175557],[-65.167557,-25.175675],[-65.167787,-25.176123],[-65.167957,-25.176396],[-65.168066,-25.176514],[-65.168219,-25.17662],[-65.168549,-25.176778],[-65.168815,-25.176975],[-65.169388,-25.177559],[-65.170014,-25.178178],[-65.170378,-25.178609],[-65.170473,-25.178731],[-65.170579,-25.178974],[-65.170674,-25.179113],[-65.171081,-25.179473],[-65.171668,-25.179939],[-65.17198,-25.180134],[-65.172435,-25.180277],[-65.172773,-25.180351],[-65.173134,-25.18039],[-65.173978,-25.180409],[-65.174458,-25.180374],[-65.17489,-25.180312],[-65.175806,-25.180128],[-65.17634,-25.180084],[-65.176612,-25.180031],[-65.17685,-25.17993],[-65.177775,-25.179683],[-65.17804,-25.179648],[-65.178305,-25.179662],[-65.178756,-25.179706],[-65.179756,-25.179869],[-65.180682,-25.18011],[-65.181138,-25.180312],[-65.181274,-25.180374],[-65.181337,-25.180435],[-65.181381,-25.18054],[-65.181371,-25.180646],[-65.181339,-25.180849],[-65.181357,-25.180997],[-65.181449,-25.18126],[-65.181799,-25.182066],[-65.181963,-25.182369],[-65.18211,-25.182567],[-65.182297,-25.182754],[-65.182576,-25.183044],[-65.182683,-25.183157],[-65.183767,-25.184692],[-65.183894,-25.184821],[-65.184161,-25.184997],[-65.184428,-25.185128],[-65.184961,-25.1853],[-65.185058,-25.185414],[-65.185097,-25.185537],[-65.185117,-25.185818],[-65.185209,-25.186024],[-65.18533,-25.186221],[-65.185461,-25.186419],[-65.185631,-25.186621],[-65.185805,-25.186722],[-65.186033,-25.186801],[-65.186451,-25.186933],[-65.18679,-25.187143],[-65.187096,-25.187385],[-65.18729,-25.187613],[-65.187406,-25.187868],[-65.187518,-25.188153],[-65.187678,-25.188403],[-65.188105,-25.188838],[-65.188483,-25.189317],[-65.18891,-25.18983],[-65.189201,-25.19005],[-65.189512,-25.190225],[-65.18959,-25.190331],[-65.18959,-25.190432],[-65.189536,-25.190572],[-65.189362,-25.190748],[-65.18907,-25.190857],[-65.188857,-25.19102],[-65.188799,-25.191121],[-65.188789,-25.191217],[-65.188852,-25.191296],[-65.188969,-25.191292],[-65.189638,-25.19116],[-65.189832,-25.191164],[-65.189968,-25.191191],[-65.190115,-25.19126],[-65.19022,-25.19134],[-65.190536,-25.191819],[-65.190724,-25.19224],[-65.190793,-25.192368],[-65.191195,-25.192745],[-65.191443,-25.193145],[-65.191602,-25.193305],[-65.19182,-25.193401],[-65.191934,-25.193476],[-65.191998,-25.193553],[-65.192026,-25.193678],[-65.191948,-25.193865],[-65.191881,-25.194142],[-65.191885,-25.194321],[-65.191909,-25.194485],[-65.192037,-25.194777],[-65.193046,-25.19682],[-65.193112,-25.197015],[-65.193141,-25.197178],[-65.193152,-25.197364],[-65.193102,-25.197631],[-65.193009,-25.197837],[-65.192937,-25.198043],[-65.192857,-25.198261],[-65.192839,-25.198351],[-65.19284,-25.198502],[-65.192796,-25.198591],[-65.19272,-25.198609],[-65.192643,-25.198627],[-65.192613,-25.198652],[-65.192608,-25.198688],[-65.192694,-25.198801],[-65.192752,-25.198858],[-65.192758,-25.198934],[-65.192717,-25.198989],[-65.192643,-25.199047],[-65.192515,-25.199105],[-65.192494,-25.199137],[-65.192493,-25.199168],[-65.192543,-25.199229],[-65.192589,-25.199273],[-65.192652,-25.199385],[-65.192707,-25.199506],[-65.192707,-25.199639],[-65.192681,-25.199758],[-65.192636,-25.199876],[-65.192662,-25.200024],[-65.192656,-25.200163],[-65.192588,-25.20027],[-65.192521,-25.200316],[-65.192499,-25.20036],[-65.192521,-25.200406],[-65.192579,-25.200435],[-65.192672,-25.200453],[-65.192726,-25.200479],[-65.192786,-25.200556],[-65.192822,-25.200666],[-65.192883,-25.200957],[-65.19292,-25.201052],[-65.19296,-25.201104],[-65.193038,-25.20118],[-65.193177,-25.201248],[-65.193312,-25.20129],[-65.193418,-25.201344],[-65.193718,-25.201623],[-65.194022,-25.20194],[-65.194153,-25.202101],[-65.194258,-25.202273],[-65.195296,-25.203289],[-65.195508,-25.203469],[-65.196488,-25.20408],[-65.196668,-25.204237],[-65.196792,-25.204359],[-65.197117,-25.204756],[-65.198477,-25.206231],[-65.198558,-25.206341],[-65.198642,-25.206484],[-65.1987,-25.206626],[-65.198748,-25.206778],[-65.198781,-25.206939],[-65.198803,-25.207118],[-65.198824,-25.207481],[-65.198832,-25.208226],[-65.198813,-25.20856],[-65.198785,-25.2088],[-65.198744,-25.208994],[-65.198579,-25.209583],[-65.198516,-25.209908],[-65.198494,-25.210167],[-65.19852,-25.210408],[-65.198591,-25.210656],[-65.198798,-25.2111],[-65.199947,-25.213981],[-65.199943,-25.21413],[-65.199892,-25.214252],[-65.199812,-25.214309],[-65.199706,-25.214363],[-65.199343,-25.21442],[-65.19901,-25.21455],[-65.198545,-25.214791],[-65.198313,-25.214909],[-65.198199,-25.214978],[-65.198127,-25.215058],[-65.198051,-25.21528],[-65.198034,-25.215521],[-65.198059,-25.215998],[-65.198317,-25.216935],[-65.198697,-25.218463],[-65.199183,-25.219987],[-65.19966,-25.221539],[-65.199761,-25.222016],[-65.19985,-25.222238],[-65.199968,-25.222437],[-65.200272,-25.222811],[-65.200606,-25.223124],[-65.200771,-25.223311],[-65.200881,-25.223495],[-65.20099,-25.223934],[-65.201037,-25.224148],[-65.201041,-25.224377],[-65.20102,-25.224599],[-65.200948,-25.224824],[-65.200872,-25.224985],[-65.200826,-25.225168],[-65.200788,-25.22557],[-65.200813,-25.225967],[-65.200805,-25.226349],[-65.200775,-25.22646],[-65.200707,-25.226578],[-65.200598,-25.226639],[-65.200507,-25.226663],[-65.20045,-25.226682],[-65.200432,-25.226713],[-65.20044,-25.226778],[-65.200487,-25.226901],[-65.200583,-25.227113],[-65.200591,-25.227154],[-65.200577,-25.227204],[-65.20056,-25.227279],[-65.200555,-25.227315],[-65.200605,-25.227379],[-65.200624,-25.227405],[-65.20062,-25.227446],[-65.200585,-25.227488],[-65.200551,-25.22753],[-65.200522,-25.227564],[-65.200501,-25.227602],[-65.20052,-25.227645],[-65.200573,-25.227671],[-65.200699,-25.227726],[-65.200797,-25.227804],[-65.201001,-25.227979],[-65.201091,-25.228088],[-65.201138,-25.228204],[-65.201164,-25.228335],[-65.201174,-25.228455],[-65.201158,-25.22849],[-65.201115,-25.228496],[-65.201052,-25.228462],[-65.200925,-25.228366],[-65.200677,-25.228254],[-65.200557,-25.228233],[-65.200462,-25.22825],[-65.200379,-25.228304],[-65.200328,-25.228385],[-65.200297,-25.228442],[-65.200269,-25.228518],[-65.200276,-25.228563],[-65.200285,-25.228604],[-65.200356,-25.228647],[-65.200573,-25.228697],[-65.200668,-25.22873],[-65.200734,-25.228793],[-65.200819,-25.228988],[-65.200883,-25.229223],[-65.200942,-25.229348],[-65.200976,-25.229396],[-65.201032,-25.229414],[-65.201081,-25.229403],[-65.201127,-25.229337],[-65.201174,-25.229271],[-65.201239,-25.229235],[-65.201305,-25.229215],[-65.201415,-25.229211],[-65.201484,-25.229228],[-65.201542,-25.229254],[-65.201586,-25.229309],[-65.201603,-25.22937],[-65.201672,-25.229485],[-65.201774,-25.229577],[-65.201976,-25.229734],[-65.202158,-25.229922],[-65.202317,-25.230104],[-65.203403,-25.2311],[-65.20366,-25.231401],[-65.203843,-25.231692],[-65.203961,-25.231984],[-65.204067,-25.232356],[-65.204175,-25.233546],[-65.204224,-25.233789],[-65.204304,-25.234012],[-65.204404,-25.234195],[-65.204529,-25.23439],[-65.206482,-25.236933],[-65.207618,-25.238478],[-65.208206,-25.239137],[-65.208389,-25.239453],[-65.20841,-25.239517],[-65.208424,-25.239561],[-65.208663,-25.239902],[-65.208729,-25.240041],[-65.20887,-25.240599],[-65.208935,-25.240861],[-65.208985,-25.240958],[-65.209084,-25.241055],[-65.209261,-25.241174],[-65.209523,-25.241258],[-65.210046,-25.241309],[-65.211896,-25.241511],[-65.212442,-25.241611],[-65.212764,-25.241706],[-65.213113,-25.241848],[-65.213511,-25.242044],[-65.216085,-25.243401],[-65.216573,-25.243755],[-65.216862,-25.243988],[-65.217107,-25.244232],[-65.217705,-25.245085],[-65.218102,-25.245798],[-65.218166,-25.245924],[-65.218182,-25.24607],[-65.218156,-25.246196],[-65.217797,-25.246564],[-65.217493,-25.246917],[-65.217409,-25.24697],[-65.217209,-25.247012],[-65.21718,-25.247045],[-65.21719,-25.247103],[-65.217276,-25.247156],[-65.217397,-25.247202],[-65.217496,-25.247215],[-65.217619,-25.247218],[-65.217695,-25.247195],[-65.217899,-25.24705],[-65.218007,-25.247001],[-65.218097,-25.246967],[-65.218237,-25.246953],[-65.218294,-25.246967],[-65.218328,-25.247016],[-65.218334,-25.247079],[-65.21829,-25.247152],[-65.218027,-25.247312],[-65.217915,-25.247397],[-65.217862,-25.247505],[-65.217872,-25.247578],[-65.217909,-25.247773],[-65.217925,-25.247996],[-65.21792,-25.248224],[-65.217963,-25.248607],[-65.21799,-25.248704],[-65.21807,-25.248787],[-65.218124,-25.248874],[-65.218145,-25.248981],[-65.218124,-25.24918],[-65.218027,-25.249417],[-65.217976,-25.249548],[-65.217905,-25.249724],[-65.217845,-25.249815],[-65.217469,-25.250208],[-65.217464,-25.250276],[-65.217518,-25.250305],[-65.217679,-25.250291],[-65.217925,-25.250281],[-65.218032,-25.2503],[-65.218113,-25.250344],[-65.218155,-25.250412],[-65.218188,-25.25049],[-65.218247,-25.25082],[-65.218263,-25.251022],[-65.218247,-25.251106],[-65.217732,-25.251829],[-65.217684,-25.251928],[-65.217641,-25.252042],[-65.217603,-25.252212],[-65.217593,-25.252523],[-65.217551,-25.252758],[-65.217539,-25.252877],[-65.217534,-25.25325],[-65.217534,-25.253609],[-65.217507,-25.253789],[-65.217465,-25.253926],[-65.217427,-25.254007],[-65.217354,-25.254101],[-65.216767,-25.254638],[-65.216571,-25.254823],[-65.216429,-25.25489],[-65.216236,-25.254944],[-65.21615,-25.255002],[-65.216128,-25.255065],[-65.216193,-25.255278],[-65.216254,-25.255442],[-65.216309,-25.255525],[-65.21638,-25.255599],[-65.216509,-25.255696],[-65.216633,-25.255773],[-65.216761,-25.255831],[-65.216981,-25.255904],[-65.217072,-25.255938],[-65.217126,-25.256011],[-65.2172,-25.256161],[-65.217244,-25.256205],[-65.217443,-25.256273],[-65.21752,-25.256325],[-65.217607,-25.256464],[-65.217641,-25.256516],[-65.218043,-25.256778],[-65.218548,-25.257093],[-65.218751,-25.257238],[-65.218848,-25.257314],[-65.218934,-25.257423],[-65.219483,-25.258355],[-65.219749,-25.258713],[-65.2199,-25.258869],[-65.219991,-25.258917],[-65.220098,-25.258951],[-65.220188,-25.259],[-65.220447,-25.259194],[-65.22072,-25.259451],[-65.22094,-25.259625],[-65.22101,-25.259718],[-65.221047,-25.259834],[-65.221085,-25.260117],[-65.221117,-25.260203],[-65.221221,-25.260379],[-65.221326,-25.260508],[-65.221616,-25.260775],[-65.221772,-25.260877],[-65.221981,-25.260935],[-65.222163,-25.260911],[-65.222324,-25.260843],[-65.222807,-25.260474],[-65.223547,-25.260004],[-65.223682,-25.259959],[-65.223794,-25.259946],[-65.224078,-25.259965],[-65.224368,-25.260004],[-65.224462,-25.260045],[-65.22454,-25.260101],[-65.225096,-25.260723],[-65.226648,-25.262444],[-65.227817,-25.263701],[-65.227994,-25.263909],[-65.228096,-25.264142],[-65.228118,-25.264355],[-65.228102,-25.264598],[-65.228075,-25.265277],[-65.228129,-25.265413],[-65.228247,-25.265573],[-65.228375,-25.265675],[-65.22859,-25.265753],[-65.228944,-25.265816],[-65.229287,-25.265927],[-65.229518,-25.266087],[-65.230065,-25.266519],[-65.230687,-25.266868],[-65.231363,-25.267218],[-65.231637,-25.267397],[-65.231884,-25.267606],[-65.231996,-25.267805],[-65.232061,-25.267994],[-65.232114,-25.268193],[-65.232141,-25.268411],[-65.232152,-25.268595],[-65.232152,-25.26878],[-65.232012,-25.269212],[-65.231902,-25.269464],[-65.231868,-25.269614],[-65.231851,-25.269978],[-65.231814,-25.270386],[-65.23176,-25.27057],[-65.231685,-25.270749],[-65.231689,-25.27084],[-65.231712,-25.270909],[-65.231798,-25.271026],[-65.232002,-25.271215],[-65.232699,-25.271952],[-65.232855,-25.272171],[-65.232962,-25.272374],[-65.233036,-25.272508],[-65.233107,-25.272602],[-65.233224,-25.272723],[-65.233551,-25.273],[-65.2337,-25.273136],[-65.234743,-25.274286],[-65.234879,-25.274393],[-65.235065,-25.274489],[-65.236025,-25.274975],[-65.237023,-25.275416],[-65.237345,-25.275557],[-65.237472,-25.275644],[-65.237575,-25.275722],[-65.237709,-25.275891],[-65.237805,-25.276026],[-65.237876,-25.2761],[-65.238332,-25.276342],[-65.238545,-25.276471],[-65.2387,-25.276611],[-65.238797,-25.276747],[-65.238992,-25.277081],[-65.239187,-25.27735],[-65.239387,-25.27757],[-65.239556,-25.277728],[-65.239962,-25.278017],[-65.240071,-25.278101],[-65.24016,-25.278169],[-65.240479,-25.278373],[-65.240662,-25.278577],[-65.240967,-25.278921],[-65.241091,-25.279076],[-65.241187,-25.279154],[-65.241384,-25.279321],[-65.241493,-25.279435],[-65.241572,-25.279568],[-65.241722,-25.279835],[-65.241815,-25.279964],[-65.241904,-25.280053],[-65.242135,-25.280194],[-65.242725,-25.280534],[-65.243183,-25.280793],[-65.24395,-25.281264],[-65.244615,-25.281759],[-65.244975,-25.28205],[-65.245359,-25.282406],[-65.245802,-25.282843],[-65.246058,-25.283088],[-65.246279,-25.283236],[-65.246573,-25.283418],[-65.246789,-25.283518],[-65.247336,-25.283687],[-65.247647,-25.28377],[-65.247899,-25.283867],[-65.248334,-25.284124],[-65.249229,-25.284648],[-65.249931,-25.285047],[-65.250061,-25.285147],[-65.250442,-25.285497],[-65.250624,-25.285652],[-65.250847,-25.285735],[-65.25115,-25.285788],[-65.251466,-25.285788],[-65.2516,-25.285809],[-65.251708,-25.285861],[-65.252019,-25.286045],[-65.252496,-25.286282],[-65.252759,-25.286428],[-65.25299,-25.286583],[-65.253215,-25.286675],[-65.253499,-25.2867],[-65.253854,-25.286685],[-65.254143,-25.286709],[-65.254728,-25.286821],[-65.254996,-25.286879],[-65.255189,-25.286969],[-65.255468,-25.287219],[-65.255704,-25.287519],[-65.256069,-25.28798],[-65.256241,-25.288101],[-65.256477,-25.288198],[-65.25704,-25.288392],[-65.257914,-25.288766],[-65.259555,-25.289665],[-65.260108,-25.289893],[-65.261095,-25.290158],[-65.2616,-25.290269],[-65.262002,-25.290396],[-65.262496,-25.29059],[-65.262726,-25.290653],[-65.263,-25.290667],[-65.263976,-25.29076],[-65.264391,-25.290832],[-65.265004,-25.290913],[-65.265245,-25.290995],[-65.26535,-25.291058],[-65.265448,-25.291153],[-65.265526,-25.291211],[-65.265906,-25.291532],[-65.266079,-25.291661],[-65.266477,-25.291872],[-65.266631,-25.291974],[-65.266768,-25.292127],[-65.26734,-25.292973],[-65.267507,-25.293182],[-65.2677,-25.293313],[-65.267956,-25.29339],[-65.269367,-25.293603],[-65.269606,-25.293606],[-65.269771,-25.293564],[-65.270387,-25.293279],[-65.27116,-25.293036],[-65.271664,-25.29293],[-65.271891,-25.292909],[-65.272179,-25.29291],[-65.27271,-25.292944],[-65.273172,-25.292998],[-65.273686,-25.293056],[-65.27425,-25.293124],[-65.274738,-25.293245],[-65.275172,-25.29342],[-65.275375,-25.293482],[-65.275553,-25.293488],[-65.27594,-25.293497],[-65.276685,-25.293575],[-65.277082,-25.293585],[-65.277431,-25.293623],[-65.278146,-25.29383],[-65.27847,-25.293943],[-65.27876,-25.294156],[-65.278937,-25.294244],[-65.279114,-25.294258],[-65.280049,-25.294351],[-65.280272,-25.294423],[-65.280875,-25.294695],[-65.281315,-25.294875],[-65.281766,-25.294966],[-65.28213,-25.29501],[-65.282538,-25.295006],[-65.283289,-25.294899],[-65.284008,-25.294671],[-65.284378,-25.294593],[-65.284701,-25.294562],[-65.285172,-25.294545],[-65.285574,-25.294579],[-65.286384,-25.294652],[-65.286754,-25.294656],[-65.287146,-25.294642],[-65.287429,-25.294666],[-65.287811,-25.294778],[-65.288137,-25.294845],[-65.288442,-25.295],[-65.289576,-25.295772],[-65.290838,-25.296696],[-65.291368,-25.296989],[-65.291872,-25.29728],[-65.292848,-25.297929],[-65.293237,-25.298244],[-65.293634,-25.298627],[-65.294315,-25.299393],[-65.294675,-25.299834],[-65.294877,-25.300003],[-65.295152,-25.300193],[-65.295765,-25.300557],[-65.29599,-25.300731],[-65.296155,-25.300908],[-65.296246,-25.301012],[-65.296289,-25.301095],[-65.296313,-25.301252],[-65.296362,-25.301439],[-65.296405,-25.301492],[-65.296431,-25.301524],[-65.296534,-25.301551],[-65.29734,-25.301586],[-65.297735,-25.301605],[-65.297861,-25.301605],[-65.29797,-25.301586],[-65.298072,-25.301535],[-65.298133,-25.301487],[-65.298465,-25.30109],[-65.29875,-25.300895],[-65.298884,-25.300811],[-65.299071,-25.300756],[-65.299242,-25.300759],[-65.299372,-25.300785],[-65.29951,-25.300825],[-65.299689,-25.30084],[-65.299788,-25.300807],[-65.299839,-25.300752],[-65.299896,-25.300627],[-65.299982,-25.300502],[-65.300112,-25.300406],[-65.300405,-25.300248],[-65.300657,-25.300177],[-65.300766,-25.300109],[-65.300872,-25.299995],[-65.300998,-25.299906],[-65.301186,-25.299859],[-65.301292,-25.299844],[-65.3014,-25.299804],[-65.301633,-25.299623],[-65.301829,-25.299429],[-65.302003,-25.29919],[-65.302135,-25.298941],[-65.302148,-25.298837],[-65.302158,-25.29848],[-65.302213,-25.298158],[-65.302317,-25.297822],[-65.30265,-25.297158],[-65.302902,-25.296712],[-65.30306,-25.29654],[-65.303254,-25.296385],[-65.3035,-25.29627],[-65.303651,-25.296089],[-65.30372,-25.295837],[-65.303695,-25.295474],[-65.303743,-25.294948],[-65.303841,-25.29443],[-65.304158,-25.293515],[-65.304248,-25.293305],[-65.304374,-25.293088],[-65.304426,-25.292959],[-65.304455,-25.292835],[-65.304477,-25.292602],[-65.30452,-25.292287],[-65.304618,-25.291864],[-65.30474,-25.291434],[-65.304792,-25.291243],[-65.304902,-25.291055],[-65.305061,-25.290905],[-65.305175,-25.290732],[-65.305166,-25.290592],[-65.305105,-25.290489],[-65.304931,-25.290342],[-65.304772,-25.290199],[-65.304731,-25.290122],[-65.304727,-25.290052],[-65.304744,-25.289949],[-65.304784,-25.289857],[-65.305055,-25.289672],[-65.305149,-25.289477],[-65.305145,-25.28926],[-65.305072,-25.289065],[-65.304706,-25.288654],[-65.304462,-25.288455],[-65.304177,-25.288264],[-65.303974,-25.28815],[-65.303766,-25.288062],[-65.303478,-25.287959],[-65.30321,-25.287849],[-65.301731,-25.286519],[-65.300995,-25.285839],[-65.300654,-25.285483],[-65.300524,-25.285295],[-65.300471,-25.285185],[-65.300442,-25.285048],[-65.300426,-25.284902],[-65.300446,-25.284733],[-65.300516,-25.284431],[-65.300695,-25.283806],[-65.30076,-25.283497],[-65.300809,-25.283192],[-65.300833,-25.28288],[-65.300862,-25.282722],[-65.300914,-25.282564],[-65.302424,-25.27994],[-65.302542,-25.279782],[-65.302689,-25.279646],[-65.302904,-25.279532],[-65.30504,-25.278553],[-65.305539,-25.278358],[-65.306272,-25.27812],[-65.306565,-25.278042],[-65.306854,-25.277991],[-65.307561,-25.27791],[-65.310091,-25.277647],[-65.310291,-25.277606],[-65.310482,-25.277555],[-65.31064,-25.277478],[-65.310791,-25.277386],[-65.312939,-25.27591],[-65.313317,-25.275601],[-65.313447,-25.275513],[-65.313589,-25.275447],[-65.313731,-25.275403],[-65.313882,-25.275385],[-65.314156,-25.275341],[-65.314429,-25.275301],[-65.314592,-25.275249],[-65.314726,-25.275187],[-65.314953,-25.275047],[-65.315173,-25.274926],[-65.315441,-25.274852],[-65.316779,-25.274536],[-65.316986,-25.274503],[-65.317157,-25.27451],[-65.317437,-25.27458],[-65.318131,-25.274885],[-65.318505,-25.275021],[-65.318934,-25.275132],[-65.319095,-25.275168],[-65.319273,-25.275186],[-65.319448,-25.275182],[-65.319639,-25.27516],[-65.320022,-25.275138],[-65.320212,-25.275158],[-65.32049,-25.275173],[-65.320774,-25.275234],[-65.322937,-25.276035],[-65.323286,-25.276164],[-65.323628,-25.276256],[-65.324408,-25.276429],[-65.324673,-25.276506],[-65.325065,-25.27657],[-65.325342,-25.276596],[-65.325638,-25.276596],[-65.325919,-25.27664],[-65.326159,-25.276714],[-65.326427,-25.276791],[-65.326545,-25.276806],[-65.326674,-25.276803],[-65.326805,-25.276773],[-65.326891,-25.276728],[-65.326948,-25.276666],[-65.327025,-25.276618],[-65.327167,-25.276545],[-65.327387,-25.276524],[-65.330279,-25.276801],[-65.330439,-25.276784],[-65.330589,-25.276726],[-65.330718,-25.276626],[-65.330855,-25.276488],[-65.331481,-25.275523],[-65.331619,-25.275427],[-65.331791,-25.27539],[-65.332011,-25.275385],[-65.332401,-25.275467],[-65.332749,-25.275605],[-65.332846,-25.275588],[-65.332903,-25.27553],[-65.332913,-25.27549],[-65.332877,-25.27526],[-65.332916,-25.275198],[-65.332998,-25.275207],[-65.333093,-25.275265],[-65.333234,-25.275397],[-65.333289,-25.27543],[-65.333416,-25.275463],[-65.333547,-25.275465],[-65.333721,-25.275414],[-65.333811,-25.275362],[-65.333839,-25.275296],[-65.333807,-25.27523],[-65.333681,-25.275146],[-65.333542,-25.275059],[-65.333393,-25.274903],[-65.333234,-25.274715],[-65.333064,-25.274624],[-65.332852,-25.274555],[-65.332775,-25.274477],[-65.332748,-25.274383],[-65.332757,-25.274335],[-65.332787,-25.274297],[-65.332888,-25.274255],[-65.333003,-25.27425],[-65.333363,-25.274338],[-65.333518,-25.2743],[-65.333859,-25.274038],[-65.33407,-25.273929],[-65.334187,-25.273893],[-65.334764,-25.273781],[-65.334861,-25.273773],[-65.33496,-25.273776],[-65.335043,-25.273792],[-65.335109,-25.273835],[-65.335144,-25.273875],[-65.335169,-25.273915],[-65.335199,-25.274019],[-65.335215,-25.274098],[-65.33523,-25.274136],[-65.33527,-25.274226],[-65.335317,-25.274298],[-65.33535,-25.274352],[-65.335396,-25.274412],[-65.335462,-25.274479],[-65.335538,-25.27454],[-65.335628,-25.274607],[-65.335754,-25.274669],[-65.335853,-25.274703],[-65.335855,-25.274737],[-65.335877,-25.27481],[-65.335904,-25.274868],[-65.335934,-25.274921],[-65.33598,-25.274967],[-65.336032,-25.275009],[-65.33609,-25.275039],[-65.336178,-25.275068],[-65.336688,-25.275162],[-65.336883,-25.275217],[-65.336965,-25.275262],[-65.337162,-25.275445],[-65.337322,-25.275568],[-65.337898,-25.275966],[-65.337973,-25.276043],[-65.338008,-25.276135],[-65.338016,-25.276236],[-65.337996,-25.27633],[-65.337904,-25.276485],[-65.337565,-25.276871],[-65.337314,-25.277431],[-65.337271,-25.277534],[-65.337252,-25.277639],[-65.337269,-25.277726],[-65.337307,-25.277799],[-65.337374,-25.277854],[-65.337447,-25.277877],[-65.337537,-25.277871],[-65.337944,-25.277786],[-65.338112,-25.277799],[-65.338185,-25.277827],[-65.338322,-25.277924],[-65.338387,-25.277991],[-65.338494,-25.278152],[-65.338617,-25.278421],[-65.338759,-25.278605],[-65.33904,-25.278992],[-65.339445,-25.279527],[-65.339493,-25.279642],[-65.339684,-25.28032],[-65.339745,-25.280469],[-65.339827,-25.280582],[-65.340003,-25.280775],[-65.340071,-25.280841],[-65.340114,-25.280918],[-65.340158,-25.281091],[-65.34021,-25.281413],[-65.34023,-25.2815],[-65.34027,-25.281576],[-65.340401,-25.281719],[-65.340564,-25.281886],[-65.340635,-25.28205],[-65.340774,-25.282478],[-65.340891,-25.282649],[-65.341032,-25.282805],[-65.341601,-25.283186],[-65.341731,-25.28323],[-65.341882,-25.283225],[-65.34202,-25.28318],[-65.342232,-25.283031],[-65.342403,-25.2829],[-65.342596,-25.282844],[-65.342944,-25.282783],[-65.343051,-25.282783],[-65.343147,-25.282811],[-65.343232,-25.282858],[-65.343292,-25.282923],[-65.343343,-25.28297],[-65.343393,-25.283047],[-65.343452,-25.283164],[-65.343452,-25.283321],[-65.34338,-25.28354],[-65.343101,-25.284],[-65.343001,-25.284249],[-65.342912,-25.284647],[-65.342902,-25.284858],[-65.34292,-25.285042],[-65.342973,-25.285213],[-65.343101,-25.285424],[-65.343201,-25.285533],[-65.343382,-25.285635],[-65.343533,-25.285689],[-65.343731,-25.285725],[-65.343876,-25.285792],[-65.343962,-25.285847],[-65.344233,-25.286153],[-65.344271,-25.286243],[-65.344281,-25.286335],[-65.344269,-25.286423],[-65.344236,-25.286505],[-65.344194,-25.286592],[-65.344089,-25.286809],[-65.344058,-25.286912],[-65.344054,-25.287012],[-65.344074,-25.28711],[-65.344186,-25.287397],[-65.344314,-25.287506],[-65.344565,-25.287607],[-65.344691,-25.2877],[-65.344784,-25.287792],[-65.344865,-25.287949],[-65.344892,-25.288128],[-65.344893,-25.288431],[-65.344849,-25.288523],[-65.344772,-25.288618],[-65.344664,-25.288675],[-65.344142,-25.288877],[-65.344035,-25.288943],[-65.343965,-25.289028],[-65.343927,-25.289127],[-65.343947,-25.289222],[-65.344093,-25.289381],[-65.344249,-25.289518],[-65.344415,-25.289615],[-65.344862,-25.289781],[-65.345028,-25.289867],[-65.345469,-25.290147],[-65.345619,-25.290272],[-65.345693,-25.290393],[-65.345725,-25.290541],[-65.345656,-25.291415],[-65.345629,-25.291723],[-65.34565,-25.293145],[-65.345629,-25.293363],[-65.345548,-25.293601],[-65.345538,-25.293688],[-65.345537,-25.293802],[-65.345602,-25.293955],[-65.345672,-25.294038],[-65.345958,-25.294267],[-65.346103,-25.294389],[-65.346165,-25.294492],[-65.346181,-25.294618],[-65.346128,-25.294868],[-65.3461,-25.295121],[-65.346117,-25.295252],[-65.346174,-25.295372],[-65.346253,-25.295456],[-65.346375,-25.29551],[-65.346593,-25.295569],[-65.346779,-25.295645],[-65.346912,-25.295751],[-65.347012,-25.295885],[-65.347255,-25.296356],[-65.347341,-25.296514],[-65.347446,-25.296657],[-65.347553,-25.296738],[-65.34779,-25.296872],[-65.348123,-25.297047],[-65.348207,-25.297077],[-65.348308,-25.297095],[-65.348546,-25.297091],[-65.348646,-25.297127],[-65.348719,-25.297189],[-65.348776,-25.297286],[-65.34882,-25.29744],[-65.348803,-25.297603],[-65.348607,-25.29833],[-65.348531,-25.298638],[-65.34852,-25.298826],[-65.348553,-25.29902],[-65.3487,-25.299415],[-65.348764,-25.299613],[-65.348776,-25.299851],[-65.348687,-25.300211],[-65.348567,-25.300454],[-65.348541,-25.300572],[-65.348562,-25.300681],[-65.348589,-25.300789],[-65.348624,-25.300882],[-65.348729,-25.301056],[-65.348834,-25.301154],[-65.349199,-25.301405],[-65.349314,-25.30151],[-65.349398,-25.301632],[-65.349512,-25.301859],[-65.34956,-25.302052],[-65.349548,-25.30224],[-65.349358,-25.302809],[-65.349317,-25.303064],[-65.349309,-25.303329],[-65.349347,-25.303564],[-65.349661,-25.30464],[-65.349876,-25.305444],[-65.350008,-25.305671],[-65.350243,-25.305908],[-65.35045,-25.306063],[-65.350639,-25.306148],[-65.350835,-25.306197],[-65.351049,-25.306222],[-65.351283,-25.306232],[-65.351441,-25.306207],[-65.351624,-25.306141],[-65.3518,-25.306058],[-65.352002,-25.305928],[-65.352095,-25.305835],[-65.352212,-25.305708],[-65.35229,-25.305593],[-65.352382,-25.305466],[-65.352462,-25.305323],[-65.352508,-25.305178],[-65.352529,-25.305018],[-65.352531,-25.304846],[-65.352504,-25.304677],[-65.352141,-25.303026],[-65.352114,-25.302725],[-65.352073,-25.301433],[-65.352077,-25.300847],[-65.35203,-25.300703],[-65.351936,-25.300585],[-65.351622,-25.300307],[-65.35155,-25.300186],[-65.351508,-25.300013],[-65.351518,-25.29985],[-65.351577,-25.299687],[-65.351664,-25.299549],[-65.351757,-25.299441],[-65.352035,-25.299237],[-65.352122,-25.299134],[-65.352171,-25.299028],[-65.352189,-25.29887],[-65.352184,-25.298156],[-65.352142,-25.297997],[-65.351971,-25.29767],[-65.351929,-25.297545],[-65.351932,-25.297425],[-65.351968,-25.297254],[-65.351978,-25.297094],[-65.351939,-25.296895],[-65.35181,-25.296553],[-65.351802,-25.296416],[-65.351828,-25.2963],[-65.351898,-25.296168],[-65.352094,-25.295879],[-65.352181,-25.295744],[-65.352239,-25.295612],[-65.352276,-25.295475],[-65.352285,-25.295386],[-65.352274,-25.295281],[-65.352247,-25.295171],[-65.352189,-25.295072],[-65.352105,-25.294984],[-65.351991,-25.294922],[-65.351484,-25.294831],[-65.351376,-25.294779],[-65.351302,-25.294709],[-65.35124,-25.29463],[-65.351205,-25.294525],[-65.351224,-25.294432],[-65.351285,-25.294305],[-65.351739,-25.293643],[-65.352006,-25.293251],[-65.352378,-25.292633],[-65.352819,-25.292012],[-65.352926,-25.291913],[-65.353023,-25.291861],[-65.353128,-25.291832],[-65.35324,-25.291822],[-65.354045,-25.291862],[-65.354212,-25.291842],[-65.354368,-25.291802],[-65.354497,-25.291734],[-65.354575,-25.291659],[-65.35463,-25.291548],[-65.354656,-25.291408],[-65.354634,-25.291289],[-65.354583,-25.29118],[-65.354478,-25.291061],[-65.353792,-25.290512],[-65.353717,-25.290413],[-65.353662,-25.29031],[-65.353627,-25.290203],[-65.353613,-25.290097],[-65.353632,-25.28995],[-65.353671,-25.289813],[-65.353922,-25.28926],[-65.354108,-25.288848],[-65.354207,-25.288722],[-65.354393,-25.288569],[-65.354533,-25.288488],[-65.35467,-25.288443],[-65.354844,-25.288424],[-65.354999,-25.288432],[-65.355737,-25.288518],[-65.356466,-25.288616],[-65.356605,-25.288607],[-65.356703,-25.28857],[-65.356785,-25.288486],[-65.356821,-25.288391],[-65.356831,-25.288266],[-65.356808,-25.288133],[-65.356679,-25.28775],[-65.356612,-25.287596],[-65.356548,-25.287488],[-65.356469,-25.287403],[-65.356363,-25.287325],[-65.35625,-25.28727],[-65.355626,-25.286994],[-65.355508,-25.286921],[-65.355436,-25.286848],[-65.355381,-25.286757],[-65.355355,-25.286635],[-65.355344,-25.286382],[-65.355383,-25.286235],[-65.355437,-25.28613],[-65.355517,-25.286053],[-65.355631,-25.285994],[-65.356126,-25.285818],[-65.356252,-25.285745],[-65.356397,-25.285611],[-65.356782,-25.285163],[-65.357534,-25.284357],[-65.357639,-25.284247],[-65.357715,-25.284176],[-65.357804,-25.284121],[-65.357922,-25.28409],[-65.358076,-25.284082],[-65.358233,-25.284107],[-65.358383,-25.284172],[-65.358638,-25.284357],[-65.358931,-25.284541],[-65.359163,-25.284652],[-65.359288,-25.284694],[-65.359556,-25.284749],[-65.36057,-25.284871],[-65.360792,-25.284888],[-65.360969,-25.284862],[-65.361115,-25.284794],[-65.36122,-25.284686],[-65.361289,-25.284585],[-65.361353,-25.284433],[-65.36138,-25.284312],[-65.361388,-25.284206],[-65.36138,-25.284092],[-65.361341,-25.284004],[-65.361244,-25.283898],[-65.361074,-25.283822],[-65.360833,-25.283782],[-65.359703,-25.283745],[-65.359557,-25.283717],[-65.35943,-25.283671],[-65.359255,-25.283529],[-65.359127,-25.283351],[-65.359077,-25.283158],[-65.359084,-25.283058],[-65.359152,-25.282856],[-65.359208,-25.282761],[-65.359668,-25.282153],[-65.360087,-25.281623],[-65.360202,-25.281448],[-65.360278,-25.281275],[-65.360319,-25.281076],[-65.360326,-25.280906],[-65.360295,-25.280768],[-65.360177,-25.280402],[-65.360151,-25.280279],[-65.360169,-25.280153],[-65.360198,-25.280048],[-65.360576,-25.279027],[-65.360628,-25.278937],[-65.360698,-25.27887],[-65.360784,-25.278824],[-65.360879,-25.278799],[-65.360973,-25.278797],[-65.361061,-25.278814],[-65.361139,-25.278854],[-65.361208,-25.27891],[-65.361253,-25.278979],[-65.361499,-25.279552],[-65.361578,-25.279713],[-65.361765,-25.279987],[-65.36183,-25.280043],[-65.361918,-25.280093],[-65.36201,-25.28012],[-65.362101,-25.280118],[-65.36219,-25.280078],[-65.362245,-25.28002],[-65.362286,-25.279937],[-65.362301,-25.279827],[-65.362186,-25.279458],[-65.362184,-25.279355],[-65.362214,-25.279273],[-65.362267,-25.279203],[-65.362357,-25.279126],[-65.362814,-25.278775],[-65.362956,-25.278597],[-65.363051,-25.278402],[-65.363079,-25.278294],[-65.363081,-25.27806],[-65.362956,-25.277666],[-65.362942,-25.277511],[-65.362947,-25.277351],[-65.363019,-25.277184],[-65.363115,-25.277049],[-65.363243,-25.27692],[-65.363384,-25.276832],[-65.363533,-25.276768],[-65.363651,-25.276738],[-65.363783,-25.276726],[-65.364326,-25.276748],[-65.364449,-25.276735],[-65.364561,-25.276693],[-65.364654,-25.27661],[-65.364984,-25.276219],[-65.365142,-25.276098],[-65.365338,-25.276003],[-65.365544,-25.275938],[-65.365778,-25.275904],[-65.368003,-25.275767],[-65.368164,-25.275759],[-65.368328,-25.275795],[-65.368467,-25.275893],[-65.368554,-25.276047],[-65.368796,-25.276961],[-65.368878,-25.277219],[-65.368962,-25.277372],[-65.369114,-25.277497],[-65.369505,-25.277666],[-65.369667,-25.277711],[-65.36981,-25.277735],[-65.370047,-25.27772],[-65.370799,-25.277603],[-65.371026,-25.27761],[-65.371448,-25.277681],[-65.371554,-25.277676],[-65.371654,-25.277643],[-65.371733,-25.277586],[-65.371774,-25.277513],[-65.371779,-25.27743],[-65.371749,-25.277345],[-65.371646,-25.27718],[-65.371488,-25.277033],[-65.371222,-25.276859],[-65.370957,-25.27676],[-65.370679,-25.276654],[-65.370589,-25.2766],[-65.370521,-25.27653],[-65.370476,-25.27645],[-65.370463,-25.276359],[-65.370481,-25.276269],[-65.370523,-25.276195],[-65.370586,-25.27614],[-65.370674,-25.276107],[-65.370819,-25.276094],[-65.370955,-25.2761],[-65.371331,-25.276159],[-65.372204,-25.276336],[-65.373698,-25.27676],[-65.373875,-25.276805],[-65.373979,-25.276863],[-65.374072,-25.276942],[-65.374135,-25.277041],[-65.37425,-25.277469],[-65.374303,-25.277584],[-65.374381,-25.27767],[-65.374487,-25.277718],[-65.374608,-25.277732],[-65.374694,-25.277712],[-65.37479,-25.277667],[-65.374885,-25.277589],[-65.375109,-25.277201],[-65.375195,-25.277114],[-65.375296,-25.277054],[-65.37543,-25.277025],[-65.375645,-25.277029],[-65.37586,-25.277066],[-65.376046,-25.277134],[-65.37617,-25.277223],[-65.376261,-25.277331],[-65.376327,-25.277477],[-65.376391,-25.27768],[-65.376477,-25.27807],[-65.376505,-25.278162],[-65.376562,-25.278226],[-65.376656,-25.278282],[-65.376774,-25.278309],[-65.376888,-25.278308],[-65.377011,-25.278272],[-65.377093,-25.278195],[-65.377148,-25.278106],[-65.377368,-25.27749],[-65.377424,-25.277412],[-65.377493,-25.277357],[-65.377571,-25.277323],[-65.377666,-25.277302],[-65.377771,-25.277289],[-65.377889,-25.277299],[-65.378001,-25.277323],[-65.3781,-25.27738],[-65.378185,-25.277461],[-65.378281,-25.277598],[-65.378387,-25.277805],[-65.378488,-25.278111],[-65.378552,-25.278219],[-65.378634,-25.278291],[-65.378742,-25.27834],[-65.378855,-25.278351],[-65.378944,-25.278347],[-65.379022,-25.278309],[-65.379081,-25.278255],[-65.379111,-25.278188],[-65.379112,-25.278001],[-65.379117,-25.277884],[-65.37916,-25.277798],[-65.379245,-25.277668],[-65.379341,-25.277584],[-65.379422,-25.277521],[-65.37949,-25.27749],[-65.379609,-25.277477],[-65.38072,-25.277453],[-65.380813,-25.277463],[-65.3809,-25.277491],[-65.380976,-25.277536],[-65.381043,-25.277608],[-65.381088,-25.277728],[-65.38109,-25.277981],[-65.381134,-25.278151],[-65.381321,-25.278705],[-65.381416,-25.27882],[-65.381493,-25.278901],[-65.381581,-25.278942],[-65.381673,-25.27896],[-65.381772,-25.278953],[-65.381893,-25.278908],[-65.38219,-25.278723],[-65.382269,-25.278656],[-65.382357,-25.278558],[-65.382391,-25.278483],[-65.382403,-25.278402],[-65.382389,-25.278292],[-65.382325,-25.278118],[-65.382302,-25.278045],[-65.382308,-25.277954],[-65.382351,-25.277882],[-65.382405,-25.277823],[-65.38278,-25.277526],[-65.382899,-25.277471],[-65.383062,-25.277453],[-65.3832,-25.277455],[-65.383395,-25.277477],[-65.383539,-25.277514],[-65.383649,-25.277567],[-65.383726,-25.277626],[-65.383813,-25.277732],[-65.383869,-25.277841],[-65.383961,-25.27808],[-65.384026,-25.278179],[-65.384093,-25.278226],[-65.384166,-25.278254],[-65.384272,-25.278262],[-65.384381,-25.278236],[-65.384461,-25.278184],[-65.384529,-25.278092],[-65.384657,-25.277708],[-65.384726,-25.277625],[-65.384835,-25.277569],[-65.384973,-25.277549],[-65.385635,-25.277566],[-65.385796,-25.277575],[-65.3859,-25.277597],[-65.386003,-25.277642],[-65.386231,-25.277813],[-65.386338,-25.277879],[-65.386447,-25.277903],[-65.386559,-25.277908],[-65.386648,-25.277883],[-65.386745,-25.277836],[-65.386934,-25.277671],[-65.387015,-25.277633],[-65.387126,-25.277614],[-65.387271,-25.277618],[-65.387544,-25.277684],[-65.387674,-25.277685],[-65.387789,-25.277654],[-65.387895,-25.277577],[-65.387965,-25.277492],[-65.387986,-25.277453],[-65.388052,-25.277333],[-65.388325,-25.276561],[-65.388373,-25.27646],[-65.388452,-25.276351],[-65.388532,-25.27625],[-65.388657,-25.27612],[-65.388835,-25.275974],[-65.389025,-25.275859],[-65.389729,-25.275435],[-65.389871,-25.275383],[-65.39,-25.275372],[-65.390113,-25.275377],[-65.390232,-25.275414],[-65.390405,-25.275517],[-65.390473,-25.275592],[-65.390542,-25.275693],[-65.390587,-25.275831],[-65.390586,-25.276049],[-65.39056,-25.276568],[-65.390442,-25.277618],[-65.390346,-25.278388],[-65.390295,-25.2788],[-65.390201,-25.279415],[-65.390068,-25.28],[-65.390056,-25.280168],[-65.390114,-25.280468],[-65.390119,-25.280785],[-65.390122,-25.28115],[-65.390089,-25.281506],[-65.390034,-25.281791],[-65.389929,-25.282095],[-65.389917,-25.282188],[-65.389921,-25.282286],[-65.389934,-25.282345],[-65.390039,-25.282425],[-65.392663,-25.283666],[-65.393525,-25.284052],[-65.39357,-25.284075],[-65.393617,-25.284099],[-65.393656,-25.284155],[-65.393665,-25.284221],[-65.393642,-25.28435],[-65.393593,-25.284494],[-65.39356,-25.28461],[-65.393565,-25.284746],[-65.393657,-25.284892],[-65.393799,-25.285025],[-65.393952,-25.285136],[-65.394127,-25.285213],[-65.394475,-25.285258],[-65.394648,-25.285317],[-65.394967,-25.28551],[-65.395145,-25.285588],[-65.39547,-25.285694],[-65.395788,-25.285802],[-65.395982,-25.285842],[-65.396172,-25.28583],[-65.396353,-25.285773],[-65.396605,-25.285668],[-65.396772,-25.285668],[-65.39713,-25.28577],[-65.397227,-25.285778],[-65.397422,-25.28576],[-65.397862,-25.285667],[-65.398327,-25.285638],[-65.398543,-25.285585],[-65.398923,-25.285447],[-65.399017,-25.285437],[-65.399213,-25.285463],[-65.399605,-25.285603],[-65.399798,-25.285633],[-65.400234,-25.285579],[-65.400398,-25.285573],[-65.400991,-25.285635],[-65.401086,-25.285631],[-65.401263,-25.285571],[-65.401691,-25.285286],[-65.401784,-25.285258],[-65.401994,-25.285256],[-65.402339,-25.285316],[-65.402578,-25.285325],[-65.402762,-25.285303],[-65.403222,-25.285127],[-65.403463,-25.285057],[-65.403646,-25.285042],[-65.40422,-25.285003],[-65.404349,-25.284979],[-65.404465,-25.284947],[-65.404982,-25.284751],[-65.40514,-25.284707],[-65.405373,-25.284678],[-65.405652,-25.284663],[-65.405783,-25.28464],[-65.40591,-25.28461],[-65.4062,-25.284507],[-65.406318,-25.284479],[-65.406423,-25.284473],[-65.406968,-25.284493],[-65.407178,-25.284463],[-65.407464,-25.284392],[-65.407607,-25.284314],[-65.407878,-25.284074],[-65.408039,-25.284005],[-65.40813,-25.283997],[-65.4083,-25.28402],[-65.408609,-25.284124],[-65.408779,-25.284154],[-65.408948,-25.284134],[-65.409297,-25.284009],[-65.40949,-25.284002],[-65.409684,-25.284059],[-65.409847,-25.284167],[-65.410327,-25.284578],[-65.410409,-25.284652],[-65.410513,-25.284788],[-65.410545,-25.284894],[-65.410507,-25.285085],[-65.410513,-25.285197],[-65.410558,-25.285295],[-65.410666,-25.285393],[-65.411217,-25.285725],[-65.411362,-25.285776],[-65.411507,-25.28577],[-65.411633,-25.285705],[-65.411694,-25.285635],[-65.411756,-25.285525],[-65.411952,-25.285213],[-65.412036,-25.285153],[-65.412151,-25.285121],[-65.412249,-25.285129],[-65.412346,-25.285175],[-65.412539,-25.285445],[-65.412619,-25.285499],[-65.412747,-25.285523],[-65.412925,-25.285525],[-65.413319,-25.285432],[-65.413484,-25.285334],[-65.413679,-25.285159],[-65.413757,-25.285027],[-65.413801,-25.284885],[-65.413845,-25.28471],[-65.413955,-25.284523],[-65.414008,-25.28445],[-65.41418,-25.284268],[-65.41425,-25.284143],[-65.41429,-25.284005],[-65.414312,-25.283644],[-65.414336,-25.283555],[-65.414383,-25.283479],[-65.414449,-25.283419],[-65.414558,-25.283375],[-65.414897,-25.283346],[-65.414985,-25.283313],[-65.41521,-25.283154],[-65.415305,-25.283118],[-65.415405,-25.283103],[-65.415502,-25.283113],[-65.415597,-25.283143],[-65.415682,-25.283193],[-65.415938,-25.283427],[-65.4163,-25.283608],[-65.416371,-25.283671],[-65.416418,-25.283746],[-65.416433,-25.283831],[-65.416418,-25.283919],[-65.416345,-25.284052],[-65.416261,-25.284106],[-65.416123,-25.284139],[-65.415797,-25.284221],[-65.415719,-25.284269],[-65.415661,-25.284328],[-65.415599,-25.284463],[-65.415621,-25.284599],[-65.415716,-25.284711],[-65.415856,-25.284778],[-65.416134,-25.284826],[-65.416206,-25.284877],[-65.416268,-25.284952],[-65.416313,-25.285042],[-65.416361,-25.285249],[-65.416469,-25.286124],[-65.416491,-25.286209],[-65.416573,-25.286352],[-65.416701,-25.286484],[-65.416986,-25.286699],[-65.417129,-25.286834],[-65.417346,-25.287149],[-65.417471,-25.287277],[-65.417549,-25.287326],[-65.417732,-25.287391],[-65.418126,-25.287424],[-65.418296,-25.287504],[-65.418566,-25.287734],[-65.418629,-25.287766],[-65.418782,-25.287781],[-65.418867,-25.287764],[-65.419024,-25.287689],[-65.419332,-25.287474],[-65.419407,-25.287452],[-65.419484,-25.287457],[-65.419627,-25.287527],[-65.419749,-25.287657],[-65.419896,-25.287904],[-65.419934,-25.287967],[-65.41997,-25.287999],[-65.420001,-25.288026],[-65.420089,-25.288071],[-65.420194,-25.288102],[-65.420429,-25.288124],[-65.421353,-25.28808],[-65.421605,-25.28805],[-65.421723,-25.28802],[-65.421946,-25.287977],[-65.422495,-25.287718],[-65.422703,-25.287607],[-65.423065,-25.287362],[-65.42315,-25.287328],[-65.423243,-25.287318],[-65.423338,-25.287332],[-65.423501,-25.287408],[-65.423633,-25.287533],[-65.42378,-25.287815],[-65.423888,-25.287918],[-65.423963,-25.28795],[-65.424048,-25.287963],[-65.424226,-25.287952],[-65.424313,-25.287925],[-65.424468,-25.28784],[-65.424675,-25.287687],[-65.42476,-25.287652],[-65.424851,-25.287637],[-65.42495,-25.28764],[-65.425209,-25.287725],[-65.425381,-25.287722],[-65.425602,-25.287703],[-65.426349,-25.28758],[-65.427017,-25.287441],[-65.427175,-25.287356],[-65.427232,-25.287295],[-65.427324,-25.287151],[-65.427358,-25.286989],[-65.427402,-25.286813],[-65.427444,-25.286745],[-65.427517,-25.286695],[-65.427602,-25.286671],[-65.427692,-25.286676],[-65.42788,-25.286738],[-65.428069,-25.286855],[-65.429072,-25.287654],[-65.429219,-25.287705],[-65.429361,-25.287714],[-65.429546,-25.287665],[-65.429656,-25.287597],[-65.429879,-25.287375],[-65.429943,-25.287314],[-65.430135,-25.287131],[-65.43029,-25.287041],[-65.430615,-25.286901],[-65.430784,-25.286806],[-65.430942,-25.286672],[-65.431014,-25.286591],[-65.431175,-25.286329],[-65.43125,-25.286062],[-65.431297,-25.28557],[-65.431325,-25.285416],[-65.431359,-25.285348],[-65.431454,-25.285248],[-65.431594,-25.285178],[-65.431872,-25.285106],[-65.432055,-25.285031],[-65.432215,-25.284911],[-65.432345,-25.284753],[-65.432394,-25.284661],[-65.432515,-25.284375],[-65.432565,-25.284292],[-65.432633,-25.28422],[-65.432718,-25.284162],[-65.432813,-25.28412],[-65.433096,-25.284037],[-65.43317,-25.283997],[-65.433283,-25.28387],[-65.433316,-25.28379],[-65.43333,-25.283702],[-65.433317,-25.28333],[-65.433364,-25.28313],[-65.433504,-25.282856],[-65.433644,-25.28271],[-65.433727,-25.282653],[-65.433915,-25.28257],[-65.43411,-25.282516],[-65.434299,-25.282496],[-65.434475,-25.282505],[-65.435157,-25.28267],[-65.435394,-25.28275],[-65.435607,-25.282868],[-65.435896,-25.283114],[-65.435959,-25.283137],[-65.436031,-25.283144],[-65.436111,-25.283129],[-65.436324,-25.283054],[-65.438491,-25.282138],[-65.43894,-25.28201],[-65.439256,-25.281947],[-65.439585,-25.281893],[-65.439815,-25.281873],[-65.440172,-25.281864],[-65.440586,-25.281875],[-65.441936,-25.281971],[-65.442707,-25.282033],[-65.443615,-25.282107],[-65.446038,-25.282304],[-65.446336,-25.282314],[-65.446658,-25.282299],[-65.446903,-25.282264],[-65.447211,-25.28219],[-65.447505,-25.282069],[-65.448277,-25.281681],[-65.448537,-25.281585],[-65.448708,-25.281538],[-65.448824,-25.281505],[-65.449144,-25.28147],[-65.449196,-25.281465],[-65.450713,-25.281425],[-65.452612,-25.281303],[-65.452695,-25.281297],[-65.452925,-25.281279],[-65.4533,-25.281251],[-65.454598,-25.281152],[-65.454875,-25.281115],[-65.457193,-25.280687],[-65.457268,-25.28069],[-65.457338,-25.280713],[-65.457397,-25.280763],[-65.457462,-25.280902],[-65.45752,-25.281228],[-65.457543,-25.281272],[-65.45764,-25.281342],[-65.457795,-25.281373],[-65.458908,-25.281297],[-65.46095,-25.2811],[-65.461713,-25.281001],[-65.462426,-25.280831],[-65.462861,-25.280768],[-65.463834,-25.280673],[-65.464101,-25.28066],[-65.464366,-25.280628],[-65.465081,-25.280503],[-65.465303,-25.280481],[-65.466148,-25.280513],[-65.466404,-25.280495],[-65.467723,-25.280316],[-65.467826,-25.280333],[-65.467869,-25.280356],[-65.467929,-25.280438],[-65.468495,-25.282504],[-65.468524,-25.282598],[-65.468565,-25.282683],[-65.468615,-25.282694],[-65.468714,-25.282686],[-65.468902,-25.282654],[-65.469453,-25.282559],[-65.469545,-25.282579],[-65.469613,-25.282625],[-65.469653,-25.282684],[-65.469842,-25.283414],[-65.470087,-25.284509],[-65.47011,-25.284591],[-65.471068,-25.284223],[-65.47154,-25.284008],[-65.472886,-25.283393],[-65.473425,-25.283142],[-65.473595,-25.283062],[-65.473834,-25.282951],[-65.47431,-25.282737],[-65.475057,-25.282401],[-65.475146,-25.282362],[-65.476013,-25.281971],[-65.476705,-25.281645],[-65.47799,-25.281048],[-65.479254,-25.280407],[-65.480018,-25.281587],[-65.480704,-25.282815],[-65.480989,-25.283324],[-65.481262,-25.283822],[-65.481375,-25.284075],[-65.481421,-25.28425],[-65.481436,-25.284524],[-65.481409,-25.284732],[-65.481399,-25.284812],[-65.4814,-25.28513],[-65.481413,-25.285213],[-65.481433,-25.285343],[-65.481503,-25.285564],[-65.481541,-25.285684],[-65.48231,-25.287879],[-65.482504,-25.28843],[-65.483035,-25.290262],[-65.483128,-25.290654],[-65.48365,-25.292885],[-65.48402,-25.29447],[-65.484038,-25.294549],[-65.484266,-25.295479],[-65.48456,-25.296689],[-65.484679,-25.29706],[-65.484873,-25.29737],[-65.485161,-25.297724],[-65.486212,-25.298634],[-65.486508,-25.298925],[-65.48669,-25.299183],[-65.486858,-25.299519],[-65.487289,-25.30065],[-65.487542,-25.301286],[-65.490546,-25.307099],[-65.492132,-25.309862],[-65.492334,-25.310288],[-65.492568,-25.310871],[-65.492711,-25.311326],[-65.492744,-25.311403],[-65.492856,-25.31175],[-65.493026,-25.312204],[-65.493287,-25.312877],[-65.495055,-25.316767],[-65.495628,-25.318083],[-65.496347,-25.319728],[-65.496594,-25.320258],[-65.49668,-25.320431],[-65.498434,-25.32397],[-65.500429,-25.328106],[-65.500683,-25.328601],[-65.501002,-25.329146],[-65.502438,-25.331135],[-65.502677,-25.331524],[-65.502786,-25.331736],[-65.50282,-25.331931],[-65.50287,-25.332463],[-65.502907,-25.333409],[-65.502973,-25.333714],[-65.503064,-25.333998],[-65.503203,-25.3343],[-65.50592,-25.339021],[-65.50677,-25.340467],[-65.506974,-25.34073],[-65.507255,-25.340951],[-65.508564,-25.341818],[-65.50923,-25.342348],[-65.509707,-25.342642],[-65.51015,-25.342854],[-65.510722,-25.342987],[-65.511669,-25.343155],[-65.5129,-25.343359],[-65.513495,-25.343489],[-65.515222,-25.343973],[-65.517019,-25.344523],[-65.517598,-25.34472],[-65.517973,-25.344889],[-65.518385,-25.345161],[-65.518761,-25.345511],[-65.519339,-25.346152],[-65.519601,-25.346312],[-65.519981,-25.346451],[-65.521811,-25.346953],[-65.522228,-25.347042],[-65.522727,-25.347082],[-65.523648,-25.347029],[-65.523909,-25.347049],[-65.524134,-25.347105],[-65.524334,-25.347185],[-65.524823,-25.347461],[-65.525503,-25.347823],[-65.526017,-25.347991],[-65.526249,-25.348088],[-65.5264,-25.348189],[-65.526537,-25.348311],[-65.526646,-25.348433],[-65.526744,-25.348566],[-65.527083,-25.349062],[-65.527256,-25.349348],[-65.527321,-25.349535],[-65.527355,-25.349855],[-65.527394,-25.35047],[-65.527497,-25.351506],[-65.527565,-25.351902],[-65.527749,-25.352396],[-65.527982,-25.352974],[-65.52808,-25.353304],[-65.528146,-25.353639],[-65.528207,-25.353933],[-65.528282,-25.354477],[-65.52831,-25.355415],[-65.528432,-25.357596],[-65.528846,-25.358914],[-65.529009,-25.359276],[-65.529244,-25.359591],[-65.529616,-25.359936],[-65.530078,-25.360284],[-65.530364,-25.360517],[-65.530628,-25.360825],[-65.530968,-25.361358],[-65.531726,-25.362907],[-65.531924,-25.363276],[-65.532541,-25.364105],[-65.532771,-25.364366],[-65.533846,-25.365321],[-65.534191,-25.365708],[-65.534372,-25.366019],[-65.534779,-25.367037],[-65.534998,-25.367463],[-65.535201,-25.367716],[-65.535421,-25.367926],[-65.536567,-25.368863],[-65.536959,-25.369174],[-65.538418,-25.370541],[-65.53869,-25.370816],[-65.538836,-25.371069],[-65.53889,-25.371434],[-65.538854,-25.371899],[-65.53835,-25.375721],[-65.538192,-25.377137],[-65.538203,-25.377457],[-65.538262,-25.377746],[-65.5389,-25.379605],[-65.539767,-25.382206],[-65.539892,-25.382637],[-65.539945,-25.382954],[-65.539954,-25.383814],[-65.539991,-25.384133],[-65.540428,-25.385428],[-65.541025,-25.386853],[-65.541227,-25.387214],[-65.541788,-25.387808],[-65.542021,-25.388121],[-65.542143,-25.388391],[-65.542634,-25.389917],[-65.542716,-25.390286],[-65.542728,-25.390619],[-65.542728,-25.390877],[-65.542771,-25.39119],[-65.543506,-25.393261],[-65.544166,-25.395241],[-65.544729,-25.396714],[-65.545327,-25.39812],[-65.545627,-25.398836],[-65.545934,-25.39946],[-65.546142,-25.39999],[-65.546293,-25.400539],[-65.546592,-25.401966],[-65.546697,-25.402627],[-65.546807,-25.403023],[-65.548396,-25.407783],[-65.549568,-25.411303],[-65.551599,-25.417247],[-65.552453,-25.419735],[-65.552602,-25.420155],[-65.552657,-25.420406],[-65.552728,-25.420783],[-65.552942,-25.422217],[-65.552961,-25.422309],[-65.552979,-25.422395],[-65.553003,-25.422511],[-65.553268,-25.423749],[-65.553378,-25.424141],[-65.553873,-25.425941],[-65.554043,-25.426581],[-65.554291,-25.427421],[-65.55658,-25.433347],[-65.556693,-25.433662],[-65.556737,-25.433845],[-65.556771,-25.434175],[-65.556833,-25.435566],[-65.55688,-25.43582],[-65.556961,-25.436105],[-65.557521,-25.437969],[-65.557735,-25.438557],[-65.558173,-25.439831],[-65.559472,-25.443611],[-65.560386,-25.446307],[-65.561122,-25.448515],[-65.561276,-25.448892],[-65.561505,-25.449449],[-65.561572,-25.449646],[-65.56162,-25.449951],[-65.561714,-25.450927],[-65.561782,-25.451999],[-65.561841,-25.452454],[-65.562209,-25.455344],[-65.563104,-25.463321],[-65.563192,-25.464245],[-65.563137,-25.466222],[-65.563132,-25.466417],[-65.563102,-25.467516],[-65.562392,-25.467662],[-65.559661,-25.46818],[-65.552507,-25.469521],[-65.546088,-25.470715],[-65.538797,-25.47209],[-65.538499,-25.472168],[-65.538278,-25.472277],[-65.538029,-25.472442],[-65.537814,-25.472673],[-65.53769,-25.472845],[-65.537538,-25.473102],[-65.536707,-25.475824],[-65.535123,-25.48058],[-65.532733,-25.487763],[-65.530737,-25.49377],[-65.528999,-25.499042],[-65.527517,-25.503457],[-65.527149,-25.50457],[-65.527094,-25.504871],[-65.527089,-25.505173],[-65.527063,-25.505815],[-65.527008,-25.506155],[-65.526875,-25.506417],[-65.526515,-25.506789],[-65.526256,-25.507044],[-65.523866,-25.509029],[-65.523303,-25.509502],[-65.521727,-25.510816],[-65.520482,-25.511815],[-65.520301,-25.511941],[-65.520071,-25.512066],[-65.511663,-25.515853],[-65.509243,-25.517134],[-65.508473,-25.51753],[-65.507993,-25.517291],[-65.507011,-25.516705],[-65.506415,-25.516349],[-65.50635,-25.516311],[-65.505276,-25.515669],[-65.505231,-25.515643],[-65.504913,-25.515404],[-65.504812,-25.515204],[-65.504346,-25.513968],[-65.504243,-25.513791],[-65.502781,-25.511806],[-65.502703,-25.511679],[-65.502464,-25.511366],[-65.500215,-25.508478],[-65.499816,-25.508088],[-65.499172,-25.507559],[-65.49894,-25.507403],[-65.495737,-25.505628],[-65.495283,-25.50533],[-65.494686,-25.504859],[-65.494402,-25.504603],[-65.494158,-25.504321],[-65.493761,-25.503629],[-65.493351,-25.502987],[-65.493019,-25.50262],[-65.492791,-25.50236],[-65.492491,-25.502126],[-65.492068,-25.501842],[-65.491253,-25.502672],[-65.490892,-25.502396],[-65.490799,-25.502364],[-65.490728,-25.502396],[-65.489998,-25.503171],[-65.490437,-25.503503],[-65.491253,-25.502672],[-65.492068,-25.501842],[-65.492491,-25.502126],[-65.492791,-25.50236],[-65.493019,-25.50262],[-65.493351,-25.502987],[-65.493577,-25.503341],[-65.493761,-25.503629],[-65.494158,-25.504321],[-65.494402,-25.504603],[-65.494686,-25.504859],[-65.495283,-25.50533],[-65.495737,-25.505628],[-65.49894,-25.507403],[-65.499172,-25.507559],[-65.499816,-25.508088],[-65.500215,-25.508478],[-65.502464,-25.511366],[-65.502703,-25.511679],[-65.502781,-25.511806],[-65.504243,-25.513791],[-65.504346,-25.513968],[-65.504812,-25.515204],[-65.504913,-25.515404],[-65.505231,-25.515643],[-65.505276,-25.515669],[-65.50635,-25.516311],[-65.506415,-25.516349],[-65.507011,-25.516705],[-65.507993,-25.517291],[-65.508473,-25.51753],[-65.509243,-25.517134],[-65.511663,-25.515853],[-65.520071,-25.512066],[-65.520301,-25.511941],[-65.520482,-25.511815],[-65.521727,-25.510816],[-65.523303,-25.509502],[-65.523866,-25.509029],[-65.526256,-25.507044],[-65.526515,-25.506789],[-65.526875,-25.506417],[-65.527008,-25.506155],[-65.527063,-25.505815],[-65.527089,-25.505173],[-65.527094,-25.504871],[-65.527149,-25.50457],[-65.527517,-25.503457],[-65.528999,-25.499042],[-65.530737,-25.49377],[-65.532733,-25.487763],[-65.535123,-25.48058],[-65.536707,-25.475824],[-65.537538,-25.473102],[-65.53769,-25.472845],[-65.537814,-25.472673],[-65.538029,-25.472442],[-65.538278,-25.472277],[-65.538499,-25.472168],[-65.538797,-25.47209],[-65.546088,-25.470715],[-65.552507,-25.469521],[-65.559661,-25.46818],[-65.562392,-25.467662],[-65.563102,-25.467516],[-65.563132,-25.466417],[-65.563137,-25.466222],[-65.563192,-25.464245],[-65.563104,-25.463321],[-65.562209,-25.455344],[-65.561841,-25.452454],[-65.561782,-25.451999],[-65.561714,-25.450927],[-65.56162,-25.449951],[-65.561572,-25.449646],[-65.561505,-25.449449],[-65.561276,-25.448892],[-65.561122,-25.448515],[-65.560386,-25.446307],[-65.559472,-25.443611],[-65.558173,-25.439831],[-65.557735,-25.438557],[-65.557521,-25.437969],[-65.556961,-25.436105],[-65.55688,-25.43582],[-65.556833,-25.435566],[-65.556771,-25.434175],[-65.556737,-25.433845],[-65.556693,-25.433662],[-65.55658,-25.433347],[-65.554291,-25.427421],[-65.554043,-25.426581],[-65.553873,-25.425941],[-65.553378,-25.424141],[-65.553268,-25.423749],[-65.553003,-25.422511],[-65.552979,-25.422395],[-65.552961,-25.422309],[-65.552942,-25.422217],[-65.552728,-25.420783],[-65.552657,-25.420406],[-65.552602,-25.420155],[-65.552453,-25.419735],[-65.551599,-25.417247],[-65.549568,-25.411303],[-65.548396,-25.407783],[-65.546807,-25.403023],[-65.546697,-25.402627],[-65.546592,-25.401966],[-65.546293,-25.400539],[-65.546142,-25.39999],[-65.545934,-25.39946],[-65.545627,-25.398836],[-65.545327,-25.39812],[-65.544729,-25.396714],[-65.544166,-25.395241],[-65.543506,-25.393261],[-65.542771,-25.39119],[-65.542728,-25.390877],[-65.542728,-25.390619],[-65.542716,-25.390286],[-65.542634,-25.389917],[-65.542143,-25.388391],[-65.542021,-25.388121],[-65.541788,-25.387808],[-65.541227,-25.387214],[-65.541025,-25.386853],[-65.540428,-25.385428],[-65.539991,-25.384133],[-65.539954,-25.383814],[-65.539945,-25.382954],[-65.539892,-25.382637],[-65.539767,-25.382206],[-65.5389,-25.379605],[-65.538262,-25.377746],[-65.538203,-25.377457],[-65.538192,-25.377137],[-65.53835,-25.375721],[-65.538854,-25.371899],[-65.53889,-25.371434],[-65.538836,-25.371069],[-65.53869,-25.370816],[-65.538418,-25.370541],[-65.536959,-25.369174],[-65.536567,-25.368863],[-65.535421,-25.367926],[-65.535201,-25.367716],[-65.534998,-25.367463],[-65.534779,-25.367037],[-65.534372,-25.366019],[-65.534191,-25.365708],[-65.533846,-25.365321],[-65.532771,-25.364366],[-65.532541,-25.364105],[-65.531924,-25.363276],[-65.531726,-25.362907],[-65.530968,-25.361358],[-65.530628,-25.360825],[-65.530364,-25.360517],[-65.530078,-25.360284],[-65.529616,-25.359936],[-65.529244,-25.359591],[-65.529009,-25.359276],[-65.528846,-25.358914],[-65.528432,-25.357596],[-65.52831,-25.355415],[-65.528282,-25.354477],[-65.528207,-25.353933],[-65.528146,-25.353639],[-65.52808,-25.353304],[-65.527982,-25.352974],[-65.527749,-25.352396],[-65.527565,-25.351902],[-65.527497,-25.351506],[-65.527394,-25.35047],[-65.527355,-25.349855],[-65.527321,-25.349535],[-65.527256,-25.349348],[-65.527083,-25.349062],[-65.526744,-25.348566],[-65.526646,-25.348433],[-65.526537,-25.348311],[-65.5264,-25.348189],[-65.526249,-25.348088],[-65.526017,-25.347991],[-65.525503,-25.347823],[-65.524823,-25.347461],[-65.524334,-25.347185],[-65.524134,-25.347105],[-65.523909,-25.347049],[-65.523648,-25.347029],[-65.522727,-25.347082],[-65.522228,-25.347042],[-65.521811,-25.346953],[-65.519981,-25.346451],[-65.519601,-25.346312],[-65.519339,-25.346152],[-65.518761,-25.345511],[-65.518385,-25.345161],[-65.517973,-25.344889],[-65.517598,-25.34472],[-65.517019,-25.344523],[-65.515222,-25.343973],[-65.513495,-25.343489],[-65.5129,-25.343359],[-65.511669,-25.343155],[-65.510722,-25.342987],[-65.51015,-25.342854],[-65.509707,-25.342642],[-65.50923,-25.342348],[-65.508564,-25.341818],[-65.507255,-25.340951],[-65.506974,-25.34073],[-65.50677,-25.340467],[-65.50592,-25.339021],[-65.503203,-25.3343],[-65.503064,-25.333998],[-65.502973,-25.333714],[-65.502907,-25.333409],[-65.50287,-25.332463],[-65.50282,-25.331931],[-65.502786,-25.331736],[-65.502677,-25.331524],[-65.502438,-25.331135],[-65.501002,-25.329146],[-65.500683,-25.328601],[-65.500429,-25.328106],[-65.498434,-25.32397],[-65.49668,-25.320431],[-65.496594,-25.320258],[-65.496347,-25.319728],[-65.495628,-25.318083],[-65.495055,-25.316767],[-65.493287,-25.312877],[-65.493026,-25.312204],[-65.492856,-25.31175],[-65.492744,-25.311403],[-65.492711,-25.311326],[-65.492568,-25.310871],[-65.492334,-25.310288],[-65.492132,-25.309862],[-65.490546,-25.307099],[-65.487542,-25.301286],[-65.487289,-25.30065],[-65.486858,-25.299519],[-65.48669,-25.299183],[-65.486508,-25.298925],[-65.486212,-25.298634],[-65.485161,-25.297724],[-65.484873,-25.29737],[-65.484679,-25.29706],[-65.48456,-25.296689],[-65.484266,-25.295479],[-65.484038,-25.294549],[-65.48402,-25.29447],[-65.48365,-25.292885],[-65.483128,-25.290654],[-65.483035,-25.290262],[-65.482504,-25.28843],[-65.48231,-25.287879],[-65.481541,-25.285684],[-65.481503,-25.285564],[-65.481433,-25.285343],[-65.481413,-25.285213],[-65.4814,-25.28513],[-65.481399,-25.284812],[-65.481409,-25.284732],[-65.481436,-25.284524],[-65.481421,-25.28425],[-65.481375,-25.284075],[-65.481262,-25.283822],[-65.480989,-25.283324],[-65.480704,-25.282815],[-65.480018,-25.281587],[-65.479254,-25.280407],[-65.478688,-25.279566],[-65.478081,-25.278617],[-65.47749,-25.277692],[-65.477171,-25.277213],[-65.476167,-25.275649],[-65.475819,-25.275113],[-65.47553,-25.274669],[-65.475383,-25.274466],[-65.47521,-25.274229],[-65.475095,-25.274039],[-65.474997,-25.27379],[-65.474957,-25.273624],[-65.474885,-25.273024],[-65.474845,-25.272704],[-65.474789,-25.272503],[-65.474559,-25.27189],[-65.474342,-25.271373],[-65.47397,-25.270165],[-65.473807,-25.269747],[-65.47246,-25.267252],[-65.472097,-25.266388],[-65.471817,-25.265815],[-65.471572,-25.265378],[-65.469912,-25.262625],[-65.469738,-25.262388],[-65.469422,-25.262076],[-65.468613,-25.261326],[-65.46814,-25.260927],[-65.467742,-25.260528],[-65.467447,-25.260034],[-65.467197,-25.259507],[-65.467036,-25.259107],[-65.466867,-25.258501],[-65.466518,-25.256876],[-65.466093,-25.254986],[-65.465434,-25.251944],[-65.465102,-25.250138],[-65.464775,-25.248423],[-65.464695,-25.24811],[-65.464547,-25.24765],[-65.46443,-25.24735],[-65.462767,-25.243545],[-65.461797,-25.241217],[-65.461718,-25.240943],[-65.461652,-25.24054],[-65.461628,-25.240273],[-65.461613,-25.239723],[-65.46162,-25.239461],[-65.461646,-25.238531],[-65.461693,-25.236757],[-65.461738,-25.236417],[-65.461838,-25.236093],[-65.461917,-25.235942],[-65.462017,-25.235803],[-65.462142,-25.235682],[-65.462432,-25.235478],[-65.464438,-25.234458],[-65.465325,-25.233967],[-65.466042,-25.23354],[-65.468427,-25.232057],[-65.469615,-25.231387],[-65.469765,-25.231285],[-65.469898,-25.23117],[-65.470448,-25.230597],[-65.47085,-25.23024],[-65.471297,-25.22992],[-65.472935,-25.228865],[-65.47478,-25.227633],[-65.475816,-25.227013],[-65.476227,-25.22671],[-65.476619,-25.226377],[-65.477408,-25.225657],[-65.477744,-25.225399],[-65.478237,-25.225096],[-65.478459,-25.22491],[-65.478584,-25.224729],[-65.478647,-25.224571],[-65.478674,-25.224246],[-65.478677,-25.223735],[-65.478631,-25.223408],[-65.478511,-25.223081],[-65.478097,-25.222257],[-65.477875,-25.221792],[-65.477783,-25.221475],[-65.477732,-25.22114],[-65.477733,-25.220469],[-65.477858,-25.219946],[-65.478092,-25.219153],[-65.478309,-25.218639],[-65.479602,-25.216434],[-65.480302,-25.215249],[-65.480787,-25.214485],[-65.481943,-25.212832],[-65.482105,-25.21256],[-65.482281,-25.212125],[-65.482772,-25.210402],[-65.483313,-25.20849],[-65.483425,-25.208204],[-65.483605,-25.207977],[-65.483832,-25.20779],[-65.48412,-25.20759],[-65.48496,-25.207125],[-65.485252,-25.206935],[-65.485476,-25.206727],[-65.485923,-25.206216],[-65.486641,-25.205262],[-65.48675,-25.205046],[-65.486804,-25.204853],[-65.486837,-25.204692],[-65.486832,-25.204497],[-65.486658,-25.203588],[-65.486652,-25.203428],[-65.486693,-25.203187],[-65.48682,-25.202843],[-65.487064,-25.202225],[-65.487189,-25.201933],[-65.487737,-25.200645],[-65.487842,-25.200422],[-65.487982,-25.200203],[-65.488167,-25.199998],[-65.488403,-25.199818],[-65.488667,-25.19967],[-65.488948,-25.19956],[-65.489242,-25.199477],[-65.489987,-25.199323],[-65.490588,-25.199227],[-65.49087,-25.199167],[-65.491047,-25.199103],[-65.491227,-25.198982],[-65.491372,-25.198843],[-65.491655,-25.198277],[-65.491712,-25.198148],[-65.491907,-25.197618],[-65.491983,-25.19734],[-65.492145,-25.196413],[-65.492162,-25.196243],[-65.492193,-25.195932],[-65.492206,-25.195245],[-65.4922,-25.195012],[-65.492213,-25.194847],[-65.492242,-25.194548],[-65.49231,-25.194257],[-65.492433,-25.193968],[-65.492672,-25.193535],[-65.493365,-25.1924],[-65.493498,-25.192137],[-65.493588,-25.191912],[-65.493875,-25.190943],[-65.494484,-25.188654],[-65.49498,-25.187235],[-65.495949,-25.183938],[-65.496127,-25.183227],[-65.496217,-25.18278],[-65.496264,-25.181884],[-65.49631,-25.180306],[-65.496368,-25.179768],[-65.496505,-25.179067],[-65.496816,-25.177535],[-65.4969,-25.177048],[-65.496942,-25.176581],[-65.496962,-25.176202],[-65.496973,-25.175871],[-65.496926,-25.174733],[-65.49684,-25.1735],[-65.496662,-25.170179],[-65.496591,-25.168975],[-65.496607,-25.168514],[-65.496655,-25.168121],[-65.496891,-25.166859],[-65.496893,-25.166582],[-65.496841,-25.166359],[-65.496747,-25.166183],[-65.496034,-25.16523],[-65.49584,-25.164961],[-65.495704,-25.16478],[-65.495593,-25.164643],[-65.495347,-25.164326],[-65.495164,-25.164103],[-65.494974,-25.16394],[-65.494666,-25.163783],[-65.494381,-25.163701],[-65.493663,-25.163473],[-65.493216,-25.163295],[-65.49295,-25.163154],[-65.492503,-25.162855],[-65.492194,-25.162604],[-65.491914,-25.162348],[-65.491651,-25.162076],[-65.491443,-25.161796],[-65.491244,-25.161481],[-65.491081,-25.161179],[-65.490939,-25.160845],[-65.49083,-25.160467],[-65.490734,-25.160086],[-65.490546,-25.159062],[-65.490316,-25.157368],[-65.489849,-25.153896],[-65.48951,-25.151722],[-65.489377,-25.150838],[-65.489242,-25.149655],[-65.489058,-25.14809],[-65.488936,-25.14723],[-65.488747,-25.145653],[-65.488505,-25.144018],[-65.488453,-25.143686],[-65.488392,-25.143122],[-65.488384,-25.142756],[-65.488458,-25.139872],[-65.488443,-25.13911],[-65.488421,-25.138353],[-65.488375,-25.136731],[-65.488232,-25.134696],[-65.488232,-25.13427],[-65.488234,-25.133389],[-65.488198,-25.133057],[-65.488129,-25.132671],[-65.487984,-25.132317],[-65.487565,-25.131442],[-65.487407,-25.130953],[-65.487346,-25.130581],[-65.487331,-25.130434],[-65.487299,-25.129752],[-65.487168,-25.128234],[-65.487166,-25.127805],[-65.487179,-25.12743],[-65.487246,-25.126751],[-65.487258,-25.126059],[-65.487234,-25.125576],[-65.487148,-25.124967],[-65.486351,-25.120907],[-65.485516,-25.11702],[-65.485132,-25.115213],[-65.484776,-25.11351],[-65.484687,-25.112914],[-65.484674,-25.112602],[-65.484701,-25.11231],[-65.48472,-25.112113],[-65.484765,-25.111878],[-65.48487,-25.111619],[-65.485185,-25.110835],[-65.485766,-25.109515],[-65.486096,-25.108661],[-65.486143,-25.108446],[-65.486151,-25.108223],[-65.486088,-25.107749],[-65.48596,-25.107146],[-65.485691,-25.10597],[-65.485227,-25.103722],[-65.485165,-25.103062],[-65.485081,-25.102448],[-65.485115,-25.102148],[-65.485706,-25.099405],[-65.485823,-25.099082],[-65.485993,-25.098782],[-65.486598,-25.097908],[-65.48677,-25.097603],[-65.486895,-25.097277],[-65.486906,-25.097238],[-65.487088,-25.096595],[-65.487203,-25.0959],[-65.487685,-25.090908],[-65.487925,-25.088508],[-65.487937,-25.088386],[-65.487949,-25.087888],[-65.487936,-25.08749],[-65.487908,-25.087165],[-65.487891,-25.086981],[-65.487878,-25.086802],[-65.487869,-25.086679],[-65.487906,-25.086259],[-65.488145,-25.085045],[-65.488282,-25.084235],[-65.488368,-25.083326],[-65.488413,-25.08266],[-65.488297,-25.08127],[-65.488251,-25.080389],[-65.488229,-25.079559],[-65.488241,-25.079235],[-65.488274,-25.078889],[-65.488399,-25.078286],[-65.488569,-25.077519],[-65.488714,-25.076899],[-65.488828,-25.076387],[-65.48892,-25.07598],[-65.489918,-25.075932],[-65.490644,-25.075888],[-65.491963,-25.075832],[-65.493229,-25.075761],[-65.494473,-25.075713],[-65.495698,-25.075665],[-65.497162,-25.0756],[-65.497232,-25.074391],[-65.497249,-25.074043],[-65.49728,-25.073411],[-65.497333,-25.073197],[-65.497414,-25.072932],[-65.4976,-25.072516],[-65.497661,-25.072332],[-65.497696,-25.072147],[-65.497745,-25.071774],[-65.497811,-25.070705],[-65.497837,-25.069914],[-65.497837,-25.069494],[-65.497765,-25.067773],[-65.49772,-25.066753],[-65.49767,-25.064228],[-65.497606,-25.063903],[-65.497582,-25.063845],[-65.497522,-25.063671],[-65.497434,-25.063479],[-65.497049,-25.062845],[-65.496952,-25.062645],[-65.496895,-25.062425],[-65.496879,-25.062205],[-65.496843,-25.061569],[-65.49679,-25.060127],[-65.496763,-25.058892],[-65.496757,-25.058772],[-65.496551,-25.053966],[-65.49651,-25.052941],[-65.496436,-25.051644],[-65.496383,-25.049656],[-65.496045,-25.040351],[-65.496011,-25.039287],[-65.495962,-25.038052],[-65.495915,-25.037086],[-65.495854,-25.036667],[-65.495755,-25.036337],[-65.495615,-25.036106],[-65.495502,-25.035955],[-65.494843,-25.035235],[-65.492945,-25.033387],[-65.48875,-25.029212],[-65.488531,-25.028994],[-65.486773,-25.027249],[-65.486442,-25.026887],[-65.486357,-25.026762],[-65.486305,-25.026637],[-65.486294,-25.026598],[-65.486241,-25.026395],[-65.486234,-25.02617],[-65.486382,-25.025027],[-65.48648,-25.0243],[-65.487057,-25.021103],[-65.488018,-25.015693],[-65.48814,-25.014867],[-65.488332,-25.013948],[-65.488429,-25.013592],[-65.488928,-25.012176],[-65.489069,-25.011655],[-65.489121,-25.011273],[-65.489138,-25.01084],[-65.48909,-25.010306],[-65.488974,-25.0097],[-65.488908,-25.009097],[-65.488904,-25.007972],[-65.488979,-25.007325],[-65.489253,-25.006251],[-65.48939,-25.005906],[-65.489988,-25.004023],[-65.490098,-25.003663],[-65.490223,-25.003132],[-65.49042,-25.002102],[-65.4905,-25.00141],[-65.490515,-25.001065],[-65.49051,-25.00056],[-65.49053,-24.999687],[-65.49056,-24.999157],[-65.490682,-24.997895],[-65.490781,-24.997099],[-65.490927,-24.996052],[-65.491074,-24.995148],[-65.4912,-24.994605],[-65.491795,-24.992714],[-65.491909,-24.9921],[-65.491978,-24.991537],[-65.492008,-24.99097],[-65.492007,-24.990598],[-65.491904,-24.989383],[-65.491695,-24.987558],[-65.491444,-24.985158],[-65.491296,-24.984291],[-65.490949,-24.982375],[-65.49089,-24.982047],[-65.490825,-24.981782],[-65.490464,-24.980521],[-65.490302,-24.979802],[-65.490177,-24.979249],[-65.489566,-24.976667],[-65.489514,-24.976442],[-65.489481,-24.976207],[-65.489502,-24.975735],[-65.489582,-24.975021],[-65.489696,-24.974345],[-65.489834,-24.973374],[-65.489904,-24.971432],[-65.489982,-24.970357],[-65.490014,-24.969882],[-65.490052,-24.96926],[-65.490021,-24.969028],[-65.489906,-24.968357],[-65.489796,-24.967908],[-65.489645,-24.967294],[-65.489552,-24.966845],[-65.489448,-24.966376],[-65.489097,-24.965076],[-65.488808,-24.963887],[-65.488523,-24.962667],[-65.488253,-24.961411],[-65.48805,-24.960468],[-65.48793,-24.959914],[-65.487909,-24.95973],[-65.487898,-24.959545],[-65.487903,-24.959361],[-65.487918,-24.959099],[-65.488215,-24.956168],[-65.488213,-24.954932],[-65.488173,-24.953988],[-65.48814,-24.953617],[-65.488088,-24.953256],[-65.487619,-24.950518],[-65.487573,-24.950306],[-65.487509,-24.950069],[-65.487214,-24.949227],[-65.487159,-24.948986],[-65.487094,-24.948686],[-65.486503,-24.945696],[-65.486435,-24.945191],[-65.486324,-24.94418],[-65.486272,-24.943462],[-65.486067,-24.940602],[-65.486056,-24.94021],[-65.486067,-24.939892],[-65.486118,-24.939205],[-65.4863,-24.937516],[-65.486352,-24.937203],[-65.486406,-24.936883],[-65.486656,-24.936035],[-65.486707,-24.935842],[-65.486952,-24.933861],[-65.487262,-24.930642],[-65.487348,-24.929722],[-65.487398,-24.929023],[-65.487488,-24.928279],[-65.487604,-24.926943],[-65.487658,-24.926209],[-65.487656,-24.926052],[-65.487625,-24.925877],[-65.487569,-24.925655],[-65.487236,-24.924565],[-65.487192,-24.924247],[-65.487227,-24.923973],[-65.487294,-24.92371],[-65.487605,-24.922613],[-65.487652,-24.922466],[-65.487743,-24.922181],[-65.488063,-24.921178],[-65.488188,-24.920725],[-65.488235,-24.920539],[-65.488405,-24.920065],[-65.488649,-24.919437],[-65.489294,-24.918179],[-65.489457,-24.917772],[-65.489652,-24.917116],[-65.489661,-24.917085],[-65.489998,-24.91592],[-65.490191,-24.915253],[-65.490209,-24.915112],[-65.490216,-24.915007],[-65.490202,-24.91487],[-65.490008,-24.91386],[-65.489958,-24.913545],[-65.489883,-24.91327],[-65.489264,-24.91166],[-65.488815,-24.910238],[-65.488698,-24.909825],[-65.488192,-24.908481],[-65.487797,-24.907693],[-65.487561,-24.907112],[-65.487481,-24.906898],[-65.487232,-24.906028],[-65.487164,-24.90577],[-65.487032,-24.904937],[-65.486932,-24.904174],[-65.486887,-24.903903],[-65.486742,-24.902914],[-65.486564,-24.901666],[-65.486468,-24.900797],[-65.486451,-24.900675],[-65.486392,-24.900502],[-65.486127,-24.89999],[-65.485181,-24.898409],[-65.484432,-24.897176],[-65.484354,-24.897058],[-65.483645,-24.895832],[-65.482906,-24.894588],[-65.482263,-24.893439],[-65.481736,-24.892533],[-65.481409,-24.892116],[-65.481138,-24.89187],[-65.480712,-24.891541],[-65.480232,-24.891276],[-65.479738,-24.891129],[-65.479293,-24.891047],[-65.478803,-24.891056],[-65.477907,-24.891028],[-65.47482,-24.891208],[-65.474315,-24.891182],[-65.473955,-24.891142],[-65.473579,-24.891048],[-65.473225,-24.890885],[-65.47296,-24.89072],[-65.47267,-24.890501],[-65.47248,-24.890292],[-65.472349,-24.890115],[-65.471855,-24.889223],[-65.470023,-24.885932],[-65.469289,-24.884584],[-65.469181,-24.884385],[-65.469028,-24.884243],[-65.46889,-24.884148],[-65.468757,-24.884075],[-65.468716,-24.884062],[-65.46866,-24.884023],[-65.468626,-24.883977],[-65.468609,-24.883939],[-65.468587,-24.883904],[-65.468583,-24.883845],[-65.468584,-24.883799],[-65.46857,-24.883645],[-65.468547,-24.883552],[-65.468337,-24.883195],[-65.468264,-24.883117],[-65.468146,-24.882997],[-65.468063,-24.882945],[-65.468017,-24.882875],[-65.468011,-24.8828],[-65.468013,-24.882774],[-65.468015,-24.882764],[-65.468023,-24.882499],[-65.468004,-24.882343],[-65.467957,-24.882163],[-65.467521,-24.88134],[-65.467032,-24.880418],[-65.465508,-24.877693],[-65.463361,-24.873837],[-65.462793,-24.8728],[-65.462674,-24.872582],[-65.462448,-24.87217],[-65.462292,-24.871893],[-65.46206,-24.871482],[-65.461773,-24.870974],[-65.461183,-24.869928],[-65.461128,-24.86983],[-65.460613,-24.868918],[-65.460206,-24.868186],[-65.458402,-24.864968],[-65.457568,-24.863412],[-65.457485,-24.863274],[-65.457397,-24.863156],[-65.45728,-24.863028],[-65.456325,-24.862009],[-65.456154,-24.861819],[-65.456057,-24.861712],[-65.454931,-24.860457],[-65.454879,-24.860402],[-65.454804,-24.860331],[-65.454734,-24.860271],[-65.454648,-24.860208],[-65.454599,-24.860176],[-65.454528,-24.860132],[-65.454373,-24.860081],[-65.453932,-24.859865],[-65.453695,-24.859753],[-65.453287,-24.859582],[-65.453022,-24.859475],[-65.451554,-24.858756],[-65.451354,-24.858644],[-65.450285,-24.858018],[-65.449143,-24.857322],[-65.449001,-24.857235],[-65.448657,-24.857],[-65.448454,-24.856861],[-65.447197,-24.855907],[-65.444878,-24.854101],[-65.444599,-24.853835],[-65.444154,-24.853355],[-65.444089,-24.853289],[-65.442507,-24.851625],[-65.441334,-24.850412],[-65.441184,-24.850244],[-65.441049,-24.850085],[-65.440414,-24.849298],[-65.440389,-24.849271],[-65.439932,-24.848692],[-65.439059,-24.84759],[-65.438263,-24.846697],[-65.438029,-24.846446],[-65.437835,-24.846239],[-65.436531,-24.844865],[-65.433992,-24.842121],[-65.433831,-24.841918],[-65.433774,-24.841827],[-65.433703,-24.841692],[-65.433601,-24.841491],[-65.433457,-24.841183],[-65.432499,-24.839141],[-65.431736,-24.837477],[-65.431575,-24.837112],[-65.431511,-24.836961],[-65.431379,-24.836633],[-65.43133,-24.836486],[-65.431288,-24.836356],[-65.431215,-24.836032],[-65.431183,-24.835882],[-65.431162,-24.835757],[-65.431149,-24.835529],[-65.431112,-24.834329],[-65.431087,-24.833691],[-65.431087,-24.833562],[-65.431094,-24.833367],[-65.4311,-24.833227],[-65.431117,-24.83306],[-65.431108,-24.832997],[-65.431173,-24.832287],[-65.431208,-24.831727],[-65.43121,-24.831501],[-65.431204,-24.831282],[-65.431188,-24.831153],[-65.431152,-24.830999],[-65.431102,-24.830836],[-65.431003,-24.830604],[-65.430917,-24.830442],[-65.43073,-24.830192],[-65.430532,-24.829954],[-65.430432,-24.82984],[-65.430355,-24.829775],[-65.430222,-24.829683],[-65.429814,-24.829448],[-65.429211,-24.829128],[-65.428806,-24.828906],[-65.42801,-24.82848],[-65.427061,-24.827973],[-65.424218,-24.826463],[-65.423383,-24.826012],[-65.421448,-24.824988],[-65.420525,-24.8245],[-65.420452,-24.824463],[-65.419703,-24.824062],[-65.417171,-24.822723],[-65.414217,-24.821134],[-65.412344,-24.820143],[-65.410534,-24.819181],[-65.40983,-24.818812],[-65.409107,-24.818413],[-65.408822,-24.818272],[-65.408033,-24.817868],[-65.407425,-24.817534],[-65.40617,-24.816834],[-65.404918,-24.816166],[-65.403981,-24.815658],[-65.402675,-24.814974],[-65.401786,-24.814504],[-65.400912,-24.814057],[-65.400578,-24.813879],[-65.399611,-24.813387],[-65.399258,-24.813196],[-65.399146,-24.813155],[-65.398982,-24.813065],[-65.398492,-24.812799],[-65.398261,-24.812664],[-65.398105,-24.812564],[-65.397963,-24.812463],[-65.397833,-24.812362],[-65.397638,-24.812198],[-65.397373,-24.811912],[-65.397057,-24.811477],[-65.397008,-24.8114],[-65.396918,-24.81125],[-65.396869,-24.811159],[-65.396632,-24.810654],[-65.396503,-24.810362],[-65.396449,-24.810297],[-65.396296,-24.809962],[-65.396261,-24.809843],[-65.396319,-24.809462],[-65.396411,-24.80883],[-65.396478,-24.808372],[-65.396503,-24.80812],[-65.396613,-24.807371],[-65.396775,-24.806167],[-65.396885,-24.805388],[-65.396929,-24.805071],[-65.397059,-24.804075],[-65.397087,-24.803858],[-65.397443,-24.801358],[-65.397584,-24.800321],[-65.397871,-24.798107],[-65.397896,-24.797917],[-65.397933,-24.797419],[-65.397933,-24.797333],[-65.397916,-24.797224],[-65.397853,-24.797067],[-65.397741,-24.79685],[-65.397673,-24.796743],[-65.397604,-24.796655],[-65.397357,-24.796387],[-65.397331,-24.796355],[-65.397207,-24.796273],[-65.397079,-24.796188],[-65.396975,-24.796118],[-65.396782,-24.795999],[-65.396719,-24.79596],[-65.396639,-24.795917],[-65.39656,-24.795871],[-65.396464,-24.795821],[-65.396238,-24.795721],[-65.39594,-24.795596],[-65.395828,-24.79555],[-65.395648,-24.795488],[-65.395461,-24.795435],[-65.395326,-24.795409],[-65.395169,-24.795386],[-65.394956,-24.795372],[-65.394766,-24.795371],[-65.394608,-24.795337],[-65.394089,-24.795347],[-65.393738,-24.795364],[-65.393467,-24.795378],[-65.392849,-24.795457],[-65.392093,-24.795596],[-65.392,-24.795614],[-65.391558,-24.795701],[-65.391302,-24.795775],[-65.391142,-24.795858],[-65.391054,-24.795946],[-65.390995,-24.796057],[-65.390829,-24.79681],[-65.39076,-24.797052],[-65.390646,-24.797389],[-65.390526,-24.797718],[-65.390522,-24.797731],[-65.390406,-24.797954],[-65.390268,-24.798142],[-65.390218,-24.798197],[-65.390146,-24.798275],[-65.390068,-24.79835],[-65.390026,-24.79839],[-65.389904,-24.798495],[-65.389432,-24.798801],[-65.389204,-24.798941],[-65.38918,-24.798953],[-65.388982,-24.799048],[-65.388872,-24.799147],[-65.388783,-24.799195],[-65.388758,-24.799208],[-65.388661,-24.799259],[-65.388483,-24.799346],[-65.388286,-24.799433],[-65.38816,-24.799471],[-65.388006,-24.799508],[-65.387841,-24.799528],[-65.387695,-24.799531],[-65.387261,-24.799517],[-65.386816,-24.799505],[-65.386644,-24.799506],[-65.38646,-24.79951],[-65.386059,-24.799523],[-65.385626,-24.799554],[-65.384435,-24.799647],[-65.384005,-24.799681],[-65.38328,-24.799739],[-65.383106,-24.799754],[-65.382744,-24.799781],[-65.382446,-24.799792],[-65.382175,-24.799797],[-65.381841,-24.799796],[-65.381678,-24.799788],[-65.381505,-24.799774],[-65.381131,-24.799722],[-65.380718,-24.799639],[-65.380413,-24.799558],[-65.380264,-24.799515],[-65.380115,-24.799471],[-65.38003,-24.799447],[-65.379883,-24.799411],[-65.379778,-24.799391],[-65.379666,-24.799378],[-65.379256,-24.799351],[-65.379094,-24.799345],[-65.378964,-24.799327],[-65.378875,-24.799298],[-65.378787,-24.799235],[-65.378739,-24.799188],[-65.378708,-24.799142],[-65.378676,-24.799074],[-65.378678,-24.799051],[-65.378584,-24.798938],[-65.378557,-24.798908],[-65.378502,-24.79884],[-65.378456,-24.798797],[-65.378383,-24.798754],[-65.378287,-24.79871],[-65.378055,-24.798634],[-65.377966,-24.798601],[-65.377692,-24.79851],[-65.377524,-24.798457],[-65.377288,-24.798381],[-65.376098,-24.798102],[-65.375093,-24.797879],[-65.374494,-24.797732],[-65.374438,-24.797718],[-65.373903,-24.797589],[-65.373439,-24.797494],[-65.372946,-24.797376],[-65.372765,-24.797332],[-65.372681,-24.797314],[-65.372565,-24.797284],[-65.371875,-24.79713],[-65.370051,-24.796661],[-65.370005,-24.796654],[-65.369909,-24.796655],[-65.369777,-24.796678],[-65.369653,-24.796723],[-65.369517,-24.796791],[-65.36943,-24.796855],[-65.369331,-24.796946],[-65.369049,-24.797214],[-65.368964,-24.797276],[-65.368879,-24.79734],[-65.368768,-24.797399],[-65.368691,-24.797421],[-65.368622,-24.797432],[-65.368538,-24.797435],[-65.368451,-24.797424],[-65.368375,-24.797401],[-65.368295,-24.797363],[-65.368205,-24.797308],[-65.368129,-24.797243],[-65.368072,-24.797188],[-65.368029,-24.79712],[-65.367977,-24.79703],[-65.367937,-24.796931],[-65.367763,-24.796416],[-65.3677,-24.796258],[-65.367639,-24.796125],[-65.367541,-24.795958],[-65.367425,-24.795799],[-65.36731,-24.79566],[-65.367182,-24.795503],[-65.366961,-24.795245],[-65.366174,-24.794568],[-65.364804,-24.793386],[-65.364403,-24.79305],[-65.364064,-24.792802],[-65.363586,-24.792439],[-65.363203,-24.792184],[-65.362951,-24.792036],[-65.36237,-24.791715],[-65.361928,-24.791459],[-65.361626,-24.791309],[-65.360973,-24.790967],[-65.360318,-24.790652],[-65.359446,-24.790211],[-65.357702,-24.789353],[-65.356978,-24.789001],[-65.356401,-24.788765],[-65.356097,-24.788674],[-65.35588,-24.788617],[-65.355632,-24.788549],[-65.355391,-24.788517],[-65.355094,-24.788456],[-65.35471,-24.788439],[-65.354268,-24.78842],[-65.353767,-24.788398],[-65.35342,-24.788376],[-65.353079,-24.788327],[-65.35275,-24.788257],[-65.35246,-24.788189],[-65.351736,-24.78796],[-65.351223,-24.787787],[-65.350651,-24.787606],[-65.350186,-24.787457],[-65.349905,-24.787372],[-65.349657,-24.787322],[-65.349362,-24.787275],[-65.34863,-24.78721],[-65.348107,-24.787168],[-65.347578,-24.787139],[-65.347058,-24.787107],[-65.346615,-24.787073],[-65.34602,-24.787042],[-65.345674,-24.787015],[-65.345298,-24.786966],[-65.344893,-24.786891],[-65.344626,-24.786846],[-65.344035,-24.78674],[-65.343427,-24.786632],[-65.343019,-24.786542],[-65.342732,-24.786466],[-65.342354,-24.786348],[-65.341706,-24.786095],[-65.341061,-24.785773],[-65.340227,-24.785287],[-65.339404,-24.784735],[-65.338145,-24.783911],[-65.337848,-24.783714],[-65.337316,-24.78336],[-65.336607,-24.782889],[-65.336115,-24.782567],[-65.334745,-24.781665],[-65.334487,-24.781494],[-65.333871,-24.781088],[-65.332926,-24.780464],[-65.331875,-24.779773],[-65.331097,-24.779256],[-65.330179,-24.778653],[-65.328764,-24.77772],[-65.328357,-24.777477],[-65.327928,-24.777258],[-65.327643,-24.777139],[-65.327409,-24.777058],[-65.327129,-24.776977],[-65.326807,-24.776906],[-65.326479,-24.776853],[-65.32619,-24.776815],[-65.325839,-24.776799],[-65.325603,-24.776804],[-65.325342,-24.776821],[-65.325056,-24.776846],[-65.324513,-24.776922],[-65.324001,-24.777007],[-65.323768,-24.777045],[-65.323128,-24.777136],[-65.322703,-24.777196],[-65.321625,-24.777342],[-65.321535,-24.777354],[-65.320721,-24.77746],[-65.32052,-24.777486],[-65.320238,-24.777524],[-65.31949,-24.777627],[-65.31857,-24.777751],[-65.31791,-24.777839],[-65.315454,-24.778118],[-65.312999,-24.778455],[-65.31186,-24.77863],[-65.311072,-24.778781],[-65.310408,-24.778939],[-65.30915,-24.77932],[-65.305438,-24.780619],[-65.302811,-24.781543],[-65.301712,-24.781952],[-65.301,-24.782326],[-65.300711,-24.782515],[-65.300372,-24.782768],[-65.299952,-24.78314],[-65.299494,-24.783637],[-65.299231,-24.784003],[-65.298926,-24.784536],[-65.298804,-24.784842],[-65.298642,-24.7853],[-65.298506,-24.785802],[-65.298362,-24.786385],[-65.298099,-24.787365],[-65.2979,-24.788142],[-65.297762,-24.788629],[-65.297597,-24.789239],[-65.29746,-24.789621],[-65.2972,-24.790145],[-65.296932,-24.790587],[-65.296525,-24.791099],[-65.29624,-24.791417],[-65.295789,-24.791823],[-65.295272,-24.7922],[-65.294868,-24.79245],[-65.294297,-24.792726],[-65.293769,-24.79292],[-65.292649,-24.793245],[-65.291736,-24.793496],[-65.290789,-24.793751],[-65.290161,-24.793944],[-65.288374,-24.794446],[-65.286986,-24.794829],[-65.285962,-24.795121],[-65.285004,-24.795378],[-65.284121,-24.795639],[-65.283501,-24.795862],[-65.282837,-24.79615],[-65.282395,-24.796404],[-65.281719,-24.796815],[-65.28133,-24.797061],[-65.281017,-24.797286],[-65.280428,-24.797761],[-65.280196,-24.797931],[-65.279857,-24.798161],[-65.278876,-24.798733],[-65.278275,-24.799094],[-65.277002,-24.799836],[-65.275913,-24.800489],[-65.275068,-24.800967],[-65.274587,-24.801193],[-65.273851,-24.801463],[-65.273042,-24.801712],[-65.272538,-24.801833],[-65.271481,-24.802003],[-65.270676,-24.802105],[-65.269158,-24.802316],[-65.268676,-24.802419],[-65.268201,-24.80254],[-65.267772,-24.802685],[-65.267209,-24.802926],[-65.26659,-24.803263],[-65.266094,-24.803595],[-65.265641,-24.803954],[-65.264833,-24.804726],[-65.264619,-24.80493],[-65.264035,-24.805399],[-65.263379,-24.805794],[-65.262957,-24.80599],[-65.262527,-24.806164],[-65.26187,-24.806353],[-65.26114,-24.806488],[-65.260462,-24.806512],[-65.259763,-24.806477],[-65.258979,-24.806351],[-65.257879,-24.806136],[-65.257406,-24.806051],[-65.256877,-24.805948],[-65.256344,-24.805883],[-65.253757,-24.805648],[-65.252,-24.805499],[-65.25083,-24.80539],[-65.24937,-24.805265],[-65.247535,-24.805097],[-65.246222,-24.804978],[-65.2452,-24.804873],[-65.244252,-24.804797],[-65.243151,-24.804693],[-65.242702,-24.804653],[-65.241958,-24.804588],[-65.24051,-24.804459],[-65.239429,-24.804353],[-65.239321,-24.804344],[-65.23842,-24.804262],[-65.237646,-24.8042],[-65.237454,-24.804179],[-65.236576,-24.80411],[-65.235542,-24.804045],[-65.234246,-24.804014],[-65.231264,-24.803919],[-65.230609,-24.803864],[-65.229747,-24.803758],[-65.228491,-24.80352],[-65.226991,-24.803159],[-65.225269,-24.80274],[-65.224001,-24.802386],[-65.222942,-24.802115],[-65.221684,-24.801806],[-65.220379,-24.801478],[-65.218963,-24.801127],[-65.218182,-24.800931],[-65.217664,-24.8008],[-65.216059,-24.800401],[-65.21454,-24.800023],[-65.213849,-24.799853],[-65.213449,-24.799771],[-65.213079,-24.799715],[-65.212674,-24.799664],[-65.212277,-24.799632],[-65.211805,-24.799605],[-65.210177,-24.799541],[-65.208675,-24.79949],[-65.206364,-24.799397],[-65.20315,-24.7993],[-65.202202,-24.799257],[-65.202154,-24.799255],[-65.202082,-24.799256],[-65.199689,-24.799185],[-65.198326,-24.79916],[-65.197316,-24.799112],[-65.196659,-24.799063],[-65.196082,-24.798995],[-65.193423,-24.798605],[-65.192106,-24.798398],[-65.19057,-24.798186],[-65.188419,-24.797848],[-65.186176,-24.797485],[-65.185766,-24.79741],[-65.185324,-24.797317],[-65.184902,-24.797225],[-65.184457,-24.797105],[-65.184074,-24.796993],[-65.183672,-24.796874],[-65.183266,-24.796738],[-65.182864,-24.796594],[-65.182115,-24.796287],[-65.180583,-24.79553],[-65.178437,-24.794432],[-65.176161,-24.793275],[-65.173447,-24.79188],[-65.17125,-24.790773],[-65.170142,-24.790205],[-65.169545,-24.789915],[-65.16897,-24.789652],[-65.168096,-24.789307],[-65.167204,-24.789003],[-65.16607,-24.788679],[-65.164042,-24.788097],[-65.162214,-24.78758],[-65.160803,-24.787167],[-65.159304,-24.786734],[-65.158547,-24.78649],[-65.158113,-24.786306],[-65.157974,-24.786242],[-65.157473,-24.785979],[-65.156964,-24.785656],[-65.156481,-24.785313],[-65.154363,-24.783757],[-65.152534,-24.782414],[-65.1496,-24.780265],[-65.14344,-24.775743],[-65.137275,-24.771225],[-65.136605,-24.77071],[-65.135967,-24.770156],[-65.135293,-24.769441],[-65.134788,-24.76879],[-65.133696,-24.767269],[-65.129613,-24.761584],[-65.12651,-24.75724],[-65.126203,-24.756812],[-65.126144,-24.756726],[-65.125333,-24.755614],[-65.12473,-24.754816],[-65.124142,-24.754083],[-65.122672,-24.752313],[-65.122242,-24.751802],[-65.121727,-24.751244],[-65.121374,-24.750872],[-65.121036,-24.750568],[-65.120675,-24.750252],[-65.120282,-24.749951],[-65.119903,-24.749674],[-65.119484,-24.749404],[-65.119023,-24.749127],[-65.118481,-24.748837],[-65.117982,-24.748595],[-65.117427,-24.748369],[-65.116973,-24.748201],[-65.116492,-24.748044],[-65.112033,-24.746889],[-65.108352,-24.745948],[-65.107295,-24.745707],[-65.10681,-24.745618],[-65.10626,-24.745527],[-65.105901,-24.745482],[-65.099561,-24.744934],[-65.092908,-24.744369],[-65.091808,-24.744276],[-65.090441,-24.744164],[-65.088038,-24.744015],[-65.086801,-24.743955],[-65.085843,-24.743891],[-65.083214,-24.743676],[-65.082183,-24.743587],[-65.082126,-24.743582],[-65.082066,-24.743576],[-65.080071,-24.743402],[-65.078757,-24.743285],[-65.078022,-24.743207],[-65.075744,-24.742948],[-65.073725,-24.742737],[-65.072826,-24.742661],[-65.06607,-24.742079],[-65.065598,-24.742036],[-65.064253,-24.741925],[-65.063046,-24.741825],[-65.060394,-24.741604],[-65.058471,-24.741461],[-65.057388,-24.741398],[-65.055543,-24.741302],[-65.053546,-24.741143],[-65.051748,-24.740993],[-65.05167,-24.740986],[-65.051617,-24.740983],[-65.050066,-24.740845],[-65.048717,-24.740734],[-65.047444,-24.740604],[-65.044647,-24.740254],[-65.043386,-24.740116],[-65.042293,-24.740027],[-65.039709,-24.739828],[-65.036733,-24.739577],[-65.032308,-24.739199],[-65.031929,-24.739172],[-65.031755,-24.739173],[-65.031635,-24.739181],[-65.031544,-24.739191],[-65.031442,-24.739208],[-65.031325,-24.739226],[-65.03122,-24.739259],[-65.031086,-24.739303],[-65.030931,-24.739371],[-65.030846,-24.739409],[-65.030762,-24.739458],[-65.030667,-24.739514],[-65.030582,-24.739578],[-65.030384,-24.739738],[-65.030279,-24.739845],[-65.030044,-24.740145],[-65.02992,-24.740231],[-65.029849,-24.740268],[-65.029774,-24.740299],[-65.029693,-24.740316],[-65.029608,-24.740322],[-65.02952,-24.740311],[-65.029423,-24.740276],[-65.029346,-24.740232],[-65.029272,-24.740168],[-65.029215,-24.740095],[-65.029176,-24.740041],[-65.029088,-24.739895],[-65.028993,-24.739338],[-65.028886,-24.738638],[-65.028822,-24.73825],[-65.028816,-24.738211],[-65.028793,-24.738066],[-65.028681,-24.737329],[-65.02861,-24.736789],[-65.028596,-24.736683],[-65.028559,-24.7364],[-65.028539,-24.736253],[-65.028522,-24.736102],[-65.028518,-24.736033],[-65.028514,-24.735962],[-65.02851,-24.735817],[-65.028512,-24.73567],[-65.028503,-24.734828],[-65.028549,-24.733776],[-65.028684,-24.731114],[-65.028855,-24.728379],[-65.028894,-24.727758],[-65.028935,-24.727345],[-65.029002,-24.726853],[-65.029074,-24.726412],[-65.029167,-24.725987],[-65.02923,-24.725676],[-65.02927,-24.725524],[-65.029299,-24.725405],[-65.029406,-24.724963],[-65.029564,-24.724424],[-65.029741,-24.723932],[-65.029975,-24.723268],[-65.030229,-24.722594],[-65.03148,-24.719615],[-65.035814,-24.709289],[-65.036652,-24.707292],[-65.040322,-24.69854],[-65.041917,-24.694902],[-65.042757,-24.692889],[-65.042785,-24.692823],[-65.043187,-24.691869],[-65.044333,-24.68915],[-65.044563,-24.688604],[-65.044859,-24.687902],[-65.045296,-24.686864],[-65.046083,-24.684997],[-65.046269,-24.684557],[-65.047398,-24.681869],[-65.048218,-24.67991],[-65.049454,-24.676968],[-65.049651,-24.6765],[-65.050211,-24.675167],[-65.050754,-24.673882],[-65.051341,-24.672476],[-65.05207,-24.670782],[-65.052216,-24.67042],[-65.052344,-24.670084],[-65.052393,-24.669921],[-65.052431,-24.669791],[-65.052442,-24.669745],[-65.052467,-24.669631],[-65.052511,-24.669407],[-65.052535,-24.66919],[-65.052549,-24.668779],[-65.052523,-24.667852],[-65.052516,-24.667535],[-65.052515,-24.667417],[-65.052484,-24.666328],[-65.052465,-24.665853],[-65.05245,-24.665462],[-65.052447,-24.665261],[-65.052437,-24.665078],[-65.052401,-24.664101],[-65.052347,-24.662842],[-65.052313,-24.662063],[-65.05229,-24.661516],[-65.052244,-24.660201],[-65.052256,-24.659648],[-65.052323,-24.659237],[-65.052355,-24.659044],[-65.052456,-24.658697],[-65.05269,-24.658152],[-65.052737,-24.658066],[-65.052883,-24.657795],[-65.052907,-24.657748],[-65.053293,-24.657023],[-65.053605,-24.656514],[-65.058432,-24.64751],[-65.058553,-24.647287],[-65.058707,-24.647004],[-65.059551,-24.64545],[-65.061209,-24.642401],[-65.061436,-24.641981],[-65.064697,-24.635965],[-65.065775,-24.633977],[-65.067394,-24.630991],[-65.067906,-24.630046],[-65.067997,-24.629878],[-65.069876,-24.626411],[-65.072157,-24.622204],[-65.072515,-24.621543],[-65.074413,-24.618041],[-65.080114,-24.607536],[-65.080383,-24.606996],[-65.080639,-24.606465],[-65.080755,-24.606168],[-65.080863,-24.605874],[-65.080956,-24.605552],[-65.081048,-24.605231],[-65.081154,-24.604758],[-65.081219,-24.604364],[-65.081251,-24.604037],[-65.081273,-24.603715],[-65.081285,-24.602813],[-65.081265,-24.602489],[-65.081237,-24.602184],[-65.080378,-24.597496],[-65.080361,-24.597401],[-65.079941,-24.595434],[-65.079689,-24.59435],[-65.079604,-24.593924],[-65.079401,-24.592912],[-65.079372,-24.592693],[-65.079343,-24.592422],[-65.079316,-24.591933],[-65.079246,-24.587756],[-65.079161,-24.583012],[-65.079003,-24.573582],[-65.078917,-24.568175],[-65.078978,-24.567871],[-65.0791,-24.56695],[-65.079116,-24.566364],[-65.079092,-24.564186],[-65.079048,-24.562733],[-65.079024,-24.561534],[-65.079027,-24.560835],[-65.078966,-24.560649],[-65.078904,-24.55753],[-65.078843,-24.553326],[-65.078843,-24.553166],[-65.078855,-24.552746],[-65.078821,-24.550994],[-65.078815,-24.550454],[-65.078815,-24.550089],[-65.078824,-24.549694],[-65.078864,-24.549276],[-65.078911,-24.548909],[-65.07896,-24.548618],[-65.079021,-24.548298],[-65.079139,-24.547743],[-65.079345,-24.546821],[-65.079786,-24.544787],[-65.080842,-24.540053],[-65.080932,-24.539613],[-65.081015,-24.539145],[-65.08108,-24.538747],[-65.081132,-24.538318],[-65.081166,-24.537957],[-65.081181,-24.537699],[-65.081191,-24.537292],[-65.081197,-24.536819],[-65.081178,-24.536412],[-65.08111,-24.535566],[-65.08103,-24.534983],[-65.080966,-24.534607],[-65.080891,-24.534216],[-65.080778,-24.53375],[-65.080613,-24.533181],[-65.080412,-24.532613],[-65.080245,-24.53223],[-65.080078,-24.531855],[-65.079909,-24.531485],[-65.079647,-24.530989],[-65.079431,-24.530602],[-65.079148,-24.530131],[-65.078827,-24.529652],[-65.078448,-24.52913],[-65.078008,-24.528598],[-65.077492,-24.528037],[-65.07729,-24.527818],[-65.07684,-24.527367],[-65.076433,-24.527022],[-65.075971,-24.526647],[-65.075512,-24.526299],[-65.075189,-24.526061],[-65.074756,-24.525772],[-65.074284,-24.525487],[-65.073971,-24.525291],[-65.073607,-24.5251],[-65.073494,-24.525036],[-65.073471,-24.525025],[-65.073346,-24.524964],[-65.072881,-24.524753],[-65.072581,-24.52462],[-65.071812,-24.524315],[-65.071185,-24.524054],[-65.070262,-24.523666],[-65.070106,-24.523604],[-65.069864,-24.523506],[-65.069291,-24.52325],[-65.06878,-24.522986],[-65.068367,-24.522762],[-65.068139,-24.522633],[-65.067751,-24.522386],[-65.067196,-24.521977],[-65.066901,-24.521741],[-65.066494,-24.521399],[-65.066186,-24.521102],[-65.065915,-24.520828],[-65.065594,-24.52048],[-65.065237,-24.520065],[-65.06499,-24.51974],[-65.064614,-24.519191],[-65.064337,-24.518742],[-65.053455,-24.501612],[-65.053052,-24.50095],[-65.052711,-24.500494],[-65.052566,-24.500326],[-65.052366,-24.500121],[-65.052206,-24.499941],[-65.052056,-24.499775],[-65.051927,-24.499611],[-65.051802,-24.499441],[-65.051438,-24.498822],[-65.050879,-24.497918],[-65.04855,-24.494277],[-65.044859,-24.488518],[-65.044808,-24.488435],[-65.044773,-24.488349],[-65.044738,-24.488259],[-65.044585,-24.487645],[-65.044543,-24.487478],[-65.044529,-24.487349],[-65.044535,-24.487204],[-65.044578,-24.48699],[-65.044594,-24.486873],[-65.044586,-24.486743],[-65.044548,-24.486604],[-65.043998,-24.485418],[-65.043703,-24.484779],[-65.043341,-24.483997],[-65.043226,-24.483733],[-65.043043,-24.483286],[-65.042853,-24.482798],[-65.042727,-24.482415],[-65.042582,-24.481934],[-65.042528,-24.481717],[-65.04244,-24.481319],[-65.042021,-24.479498],[-65.041941,-24.479161],[-65.041873,-24.478844],[-65.041858,-24.478771],[-65.041796,-24.478431],[-65.041764,-24.478209],[-65.041737,-24.477911],[-65.041724,-24.477689],[-65.041713,-24.477421],[-65.041643,-24.475814],[-65.041624,-24.475646],[-65.041592,-24.475514],[-65.041354,-24.474831],[-65.041292,-24.474645],[-65.041187,-24.474316],[-65.041107,-24.474101],[-65.041051,-24.473974],[-65.040935,-24.473781],[-65.040844,-24.473652],[-65.040662,-24.473434],[-65.040071,-24.47277],[-65.03956,-24.472186],[-65.039471,-24.472077],[-65.039404,-24.472038],[-65.03932,-24.472021],[-65.039245,-24.471967],[-65.039213,-24.471916],[-65.039208,-24.471877],[-65.03921,-24.471839],[-65.039227,-24.471779],[-65.039272,-24.471709],[-65.039518,-24.471331],[-65.054828,-24.446932],[-65.056558,-24.44407],[-65.057181,-24.442978],[-65.057803,-24.441847],[-65.060943,-24.435904],[-65.062524,-24.432864],[-65.063128,-24.43174],[-65.067442,-24.423448],[-65.068323,-24.421869],[-65.068903,-24.420895],[-65.072581,-24.414961],[-65.07282,-24.414595],[-65.083826,-24.397018],[-65.0839,-24.396899],[-65.085,-24.395131],[-65.086823,-24.392227],[-65.089713,-24.387677],[-65.089987,-24.387146],[-65.090174,-24.386822],[-65.090349,-24.386421],[-65.090424,-24.386194],[-65.090479,-24.385991],[-65.090528,-24.385774],[-65.090573,-24.385527],[-65.090615,-24.385262],[-65.090666,-24.384762],[-65.090743,-24.384005],[-65.090866,-24.382819],[-65.091091,-24.380655],[-65.09116,-24.379994],[-65.091207,-24.379682],[-65.091252,-24.379432],[-65.091289,-24.379255],[-65.091331,-24.379093],[-65.091388,-24.378889],[-65.091851,-24.377405],[-65.092018,-24.376903],[-65.092085,-24.376711],[-65.092159,-24.376523],[-65.092226,-24.376382],[-65.092302,-24.376238],[-65.092387,-24.376091],[-65.092464,-24.375953],[-65.09255,-24.375826],[-65.092658,-24.375679],[-65.09275,-24.37556],[-65.09291,-24.375364],[-65.093071,-24.375176],[-65.093248,-24.375],[-65.093611,-24.374697],[-65.093953,-24.374426],[-65.094391,-24.374097],[-65.094534,-24.373995],[-65.094724,-24.373843],[-65.094938,-24.373672],[-65.095236,-24.373401],[-65.095494,-24.373134],[-65.09571,-24.372865],[-65.095893,-24.372587],[-65.096042,-24.372342],[-65.09619,-24.37207],[-65.096336,-24.371736],[-65.096427,-24.371511],[-65.096535,-24.371235],[-65.096759,-24.370638],[-65.096983,-24.370063],[-65.097241,-24.369404],[-65.097393,-24.369067],[-65.097555,-24.368746],[-65.097757,-24.368389],[-65.09797,-24.368044],[-65.098154,-24.367757],[-65.099899,-24.365056],[-65.100161,-24.364642],[-65.100436,-24.364229],[-65.100709,-24.363878],[-65.101006,-24.363542],[-65.101202,-24.363336],[-65.101415,-24.363134],[-65.101896,-24.362715],[-65.102727,-24.361996],[-65.103093,-24.361681],[-65.104486,-24.360468],[-65.104875,-24.360124],[-65.10499,-24.360031],[-65.105458,-24.359622],[-65.106077,-24.359081],[-65.107412,-24.357919],[-65.111701,-24.35418],[-65.121381,-24.345761],[-65.126915,-24.340938],[-65.133133,-24.335529],[-65.139214,-24.33023],[-65.139416,-24.330052],[-65.143653,-24.326436],[-65.153496,-24.318476],[-65.158269,-24.314628],[-65.159322,-24.313797],[-65.160604,-24.312732],[-65.161304,-24.312128],[-65.161782,-24.311693],[-65.162327,-24.311162],[-65.162892,-24.310625],[-65.163796,-24.309674],[-65.164587,-24.308811],[-65.167917,-24.304826],[-65.168428,-24.304235],[-65.168978,-24.303614],[-65.16945,-24.303113],[-65.16989,-24.302661],[-65.170539,-24.301993],[-65.171231,-24.301338],[-65.171998,-24.300651],[-65.172712,-24.300033],[-65.173559,-24.299368],[-65.174498,-24.298639],[-65.175613,-24.297804],[-65.178164,-24.295903],[-65.181651,-24.293273],[-65.183593,-24.291819],[-65.186085,-24.289936],[-65.188159,-24.288364],[-65.188985,-24.287726],[-65.189972,-24.286919],[-65.190858,-24.286153],[-65.191948,-24.285159],[-65.193123,-24.284012],[-65.194393,-24.282675],[-65.195326,-24.281613],[-65.196593,-24.280194],[-65.197809,-24.278949],[-65.198989,-24.277884],[-65.199694,-24.277273],[-65.205454,-24.272898],[-65.205828,-24.272624],[-65.205899,-24.272569],[-65.208013,-24.271025],[-65.210031,-24.2695],[-65.21038,-24.269236],[-65.21052,-24.269135],[-65.210756,-24.268966],[-65.210926,-24.268839],[-65.211562,-24.268341],[-65.212326,-24.267799],[-65.213366,-24.266976],[-65.213795,-24.266668],[-65.215181,-24.265647],[-65.215869,-24.265127],[-65.216679,-24.264524],[-65.220994,-24.261224],[-65.222018,-24.260335],[-65.223012,-24.259419],[-65.223617,-24.258844],[-65.224494,-24.258031],[-65.225364,-24.257161],[-65.225631,-24.256898],[-65.225876,-24.25665],[-65.226853,-24.2557],[-65.228038,-24.254555],[-65.228116,-24.254479],[-65.228551,-24.254062],[-65.230672,-24.252092],[-65.2316,-24.251175],[-65.232654,-24.250201],[-65.233461,-24.249573],[-65.23378,-24.249324],[-65.23389,-24.249238],[-65.234358,-24.248903],[-65.235071,-24.248408],[-65.235848,-24.247906],[-65.240631,-24.244703],[-65.241197,-24.244343],[-65.241607,-24.244035],[-65.242356,-24.24358],[-65.24323,-24.243009],[-65.244122,-24.242407],[-65.244707,-24.241991],[-65.245298,-24.241571],[-65.246137,-24.240926],[-65.24644,-24.240692],[-65.246782,-24.240423],[-65.247008,-24.240247],[-65.247656,-24.239668],[-65.248263,-24.239105],[-65.24847,-24.238908],[-65.248667,-24.238693],[-65.24971,-24.23762],[-65.250235,-24.237017],[-65.250642,-24.236553],[-65.251029,-24.236116],[-65.251603,-24.235489],[-65.252238,-24.234811],[-65.252689,-24.234333],[-65.253143,-24.233849],[-65.253593,-24.233346],[-65.254088,-24.232794],[-65.254487,-24.232343],[-65.254823,-24.231977],[-65.255384,-24.231386],[-65.256056,-24.230729],[-65.257077,-24.229797],[-65.25722,-24.229671],[-65.257754,-24.229253],[-65.258132,-24.228964],[-65.258435,-24.22873],[-65.258984,-24.228316],[-65.25947,-24.227946],[-65.260149,-24.227435],[-65.260922,-24.22686],[-65.261619,-24.226334],[-65.262215,-24.225891],[-65.262805,-24.225454],[-65.263381,-24.225015],[-65.263846,-24.22467],[-65.264343,-24.224299],[-65.264576,-24.224126],[-65.265008,-24.2238],[-65.2654,-24.223508],[-65.26552,-24.223417],[-65.265812,-24.223202],[-65.266143,-24.222961],[-65.266478,-24.222703],[-65.266673,-24.222555],[-65.266884,-24.22239],[-65.267197,-24.222157],[-65.267357,-24.222044],[-65.26773,-24.221778],[-65.267928,-24.22163],[-65.268102,-24.221501],[-65.26838,-24.221286],[-65.268424,-24.221252],[-65.268683,-24.221047],[-65.268853,-24.220922],[-65.268963,-24.220842],[-65.26927,-24.220611],[-65.269415,-24.220508],[-65.269546,-24.220411],[-65.26968,-24.220306],[-65.269696,-24.220291],[-65.26984,-24.220176],[-65.269999,-24.220029],[-65.270065,-24.219974],[-65.270183,-24.219866],[-65.270273,-24.219765],[-65.270361,-24.219669],[-65.270446,-24.21957],[-65.270509,-24.21949],[-65.270648,-24.21933],[-65.270868,-24.219066],[-65.271077,-24.218822],[-65.271277,-24.218576],[-65.27149,-24.218348],[-65.271581,-24.218252],[-65.271649,-24.218183],[-65.271721,-24.218115],[-65.271804,-24.218034],[-65.271908,-24.217938],[-65.272014,-24.217847],[-65.272132,-24.217754],[-65.272255,-24.217667],[-65.272401,-24.217569],[-65.272536,-24.217484],[-65.272675,-24.2174],[-65.272869,-24.217297],[-65.273037,-24.217212],[-65.273189,-24.217142],[-65.273381,-24.217062],[-65.273665,-24.216948],[-65.274198,-24.216808],[-65.27451,-24.216729],[-65.275358,-24.216507],[-65.275877,-24.216353],[-65.276187,-24.216279],[-65.276525,-24.21619],[-65.276802,-24.216108],[-65.277171,-24.215981],[-65.277551,-24.215843],[-65.277643,-24.215802],[-65.277974,-24.215624],[-65.278185,-24.215504],[-65.278425,-24.215362],[-65.278561,-24.215279],[-65.27879,-24.215136],[-65.279264,-24.214918],[-65.279311,-24.214896],[-65.279708,-24.214734],[-65.280044,-24.214628],[-65.280276,-24.214566],[-65.280739,-24.214451],[-65.28111,-24.214357],[-65.281315,-24.214304],[-65.281491,-24.214254],[-65.28169,-24.21419],[-65.281941,-24.21409],[-65.282203,-24.213968],[-65.282504,-24.213808],[-65.283382,-24.213326],[-65.283772,-24.213152],[-65.284283,-24.212923],[-65.286067,-24.212499],[-65.287019,-24.212287],[-65.287545,-24.212164],[-65.287803,-24.212095],[-65.28806,-24.212017],[-65.288338,-24.211924],[-65.288558,-24.21185],[-65.288774,-24.211764],[-65.2892,-24.211598],[-65.289556,-24.211458],[-65.289924,-24.211319],[-65.290241,-24.211193],[-65.29127,-24.210783],[-65.291557,-24.210666],[-65.292172,-24.210424],[-65.293107,-24.210034],[-65.293356,-24.209928],[-65.293548,-24.209846],[-65.294162,-24.209584],[-65.294567,-24.209403],[-65.295265,-24.209083],[-65.295762,-24.208854],[-65.295938,-24.208771],[-65.296536,-24.20848],[-65.297419,-24.208056],[-65.298017,-24.207769],[-65.29892,-24.207332],[-65.299548,-24.207026],[-65.300027,-24.206794],[-65.300271,-24.206676],[-65.301169,-24.206232],[-65.301713,-24.205954],[-65.302255,-24.205673],[-65.302907,-24.205328],[-65.303403,-24.205056],[-65.303761,-24.204863],[-65.30447,-24.20447],[-65.305139,-24.204106],[-65.305559,-24.203873],[-65.306008,-24.20363],[-65.306591,-24.203311],[-65.30676,-24.203215],[-65.306944,-24.203099],[-65.307204,-24.202908],[-65.307387,-24.202756],[-65.307599,-24.202566],[-65.307856,-24.202305],[-65.308243,-24.201901],[-65.308497,-24.201637],[-65.308689,-24.201456],[-65.30891,-24.201257],[-65.309088,-24.20111],[-65.309428,-24.200834],[-65.30961,-24.200708],[-65.309939,-24.200499],[-65.310209,-24.20034],[-65.310345,-24.200264],[-65.310437,-24.200215],[-65.310527,-24.200167],[-65.310727,-24.200071],[-65.311032,-24.199932],[-65.31144,-24.199753],[-65.311942,-24.19953],[-65.312327,-24.199357],[-65.313124,-24.199007],[-65.313624,-24.198783],[-65.314002,-24.198615],[-65.314483,-24.198404],[-65.314783,-24.198262],[-65.315,-24.198146],[-65.315119,-24.198078],[-65.315256,-24.197996],[-65.315394,-24.197902],[-65.315538,-24.197801],[-65.315658,-24.197715],[-65.315811,-24.197592],[-65.316059,-24.197388],[-65.316235,-24.197237],[-65.316476,-24.197041],[-65.316823,-24.196771],[-65.317227,-24.196454],[-65.31742,-24.196299],[-65.317733,-24.196056],[-65.317929,-24.195905],[-65.318146,-24.19573],[-65.318299,-24.195593],[-65.318442,-24.195455],[-65.318587,-24.195301],[-65.318695,-24.195169],[-65.318807,-24.195019],[-65.318902,-24.194878],[-65.319105,-24.194519],[-65.31917,-24.194392],[-65.319232,-24.194273],[-65.319351,-24.193954],[-65.319397,-24.193823],[-65.319446,-24.193669],[-65.319489,-24.193524],[-65.319528,-24.193297],[-65.319554,-24.192992],[-65.319564,-24.192795],[-65.319582,-24.192641],[-65.319603,-24.192261],[-65.319624,-24.191865],[-65.319663,-24.191362],[-65.319718,-24.190933],[-65.319748,-24.190708],[-65.319771,-24.190453],[-65.319781,-24.190334],[-65.319802,-24.190209],[-65.31988,-24.189993],[-65.319998,-24.189684],[-65.320097,-24.189458],[-65.320175,-24.189288],[-65.320258,-24.189121],[-65.320307,-24.189023],[-65.320368,-24.188922],[-65.320491,-24.188736],[-65.320549,-24.188643],[-65.320622,-24.188546],[-65.320764,-24.188378],[-65.320919,-24.188199],[-65.321034,-24.188082],[-65.32124,-24.187901],[-65.32154,-24.187659],[-65.32172,-24.187531],[-65.321897,-24.187412],[-65.322051,-24.187315],[-65.322205,-24.18723],[-65.322367,-24.187143],[-65.322526,-24.187061],[-65.322706,-24.186985],[-65.322894,-24.186921],[-65.323077,-24.186866],[-65.323369,-24.186786],[-65.323847,-24.186695],[-65.324374,-24.186617],[-65.324564,-24.186592],[-65.325718,-24.186436],[-65.326514,-24.186306],[-65.326812,-24.186252],[-65.327221,-24.186172],[-65.327899,-24.186034],[-65.328452,-24.185914],[-65.3287,-24.185865],[-65.3293,-24.18575],[-65.329783,-24.18567],[-65.330089,-24.185624],[-65.330446,-24.185583],[-65.330797,-24.185551],[-65.331083,-24.185534],[-65.331251,-24.18553],[-65.33139,-24.185527],[-65.33148,-24.185522],[-65.331639,-24.185515],[-65.332688,-24.185461],[-65.332913,-24.185446],[-65.33308,-24.185426],[-65.333365,-24.18537],[-65.333622,-24.185315],[-65.333988,-24.185202],[-65.334294,-24.185084],[-65.334799,-24.184842],[-65.33531,-24.184545],[-65.336333,-24.183927],[-65.336488,-24.183832],[-65.337015,-24.18355],[-65.337335,-24.183424],[-65.338125,-24.183163],[-65.339705,-24.182673],[-65.340781,-24.182307],[-65.34348,-24.181374],[-65.344195,-24.181111],[-65.345549,-24.180601],[-65.346573,-24.180221],[-65.347738,-24.17976],[-65.348771,-24.179345],[-65.349014,-24.179245],[-65.349287,-24.179125],[-65.349721,-24.178956],[-65.350096,-24.178824],[-65.3505,-24.178689],[-65.351156,-24.178524],[-65.351603,-24.17842],[-65.352268,-24.178274],[-65.352759,-24.178142],[-65.353272,-24.177984],[-65.353721,-24.177805],[-65.35418,-24.1776],[-65.354324,-24.177536],[-65.354633,-24.177398],[-65.355067,-24.177209],[-65.356489,-24.176442],[-65.35676,-24.176298],[-65.35702,-24.176168],[-65.357294,-24.176045],[-65.357687,-24.175891],[-65.358069,-24.175753],[-65.35917,-24.175374],[-65.361346,-24.174623],[-65.362581,-24.174166],[-65.364343,-24.173471],[-65.364927,-24.173215],[-65.365182,-24.173078],[-65.365474,-24.172901],[-65.365936,-24.172562],[-65.366095,-24.17242],[-65.366239,-24.172291],[-65.366421,-24.172091],[-65.366616,-24.171877],[-65.367841,-24.170312],[-65.368193,-24.169861],[-65.368675,-24.169249],[-65.368911,-24.168966],[-65.369129,-24.168716],[-65.369404,-24.168434],[-65.369671,-24.168158],[-65.370022,-24.167846],[-65.370292,-24.167642],[-65.370542,-24.167452],[-65.370793,-24.167265],[-65.371032,-24.167091],[-65.371273,-24.166941],[-65.371521,-24.166791],[-65.371858,-24.166594],[-65.372583,-24.166141],[-65.37289,-24.165953],[-65.373518,-24.16558],[-65.373988,-24.165299],[-65.374469,-24.165004],[-65.375309,-24.164492],[-65.376012,-24.164056],[-65.376541,-24.163725],[-65.377175,-24.163336],[-65.37827,-24.162642],[-65.378723,-24.162359],[-65.37921,-24.162061],[-65.379861,-24.161669],[-65.380373,-24.161339],[-65.380834,-24.161014],[-65.381185,-24.160715],[-65.381528,-24.16038],[-65.382413,-24.159457],[-65.383739,-24.158054],[-65.383976,-24.15781],[-65.384585,-24.157185],[-65.384906,-24.156829],[-65.385138,-24.156581],[-65.385317,-24.156388],[-65.385666,-24.156048],[-65.385952,-24.155748],[-65.386204,-24.155479],[-65.3872,-24.154461],[-65.388033,-24.153639],[-65.389098,-24.15259],[-65.389191,-24.152499],[-65.389332,-24.152362],[-65.389449,-24.152237],[-65.389575,-24.152077],[-65.38969,-24.151906],[-65.389853,-24.151627],[-65.389957,-24.151403],[-65.390024,-24.151259],[-65.390107,-24.151046],[-65.390369,-24.150368],[-65.390734,-24.149273],[-65.391236,-24.147849],[-65.391826,-24.146182],[-65.391885,-24.146],[-65.392004,-24.1457],[-65.39245,-24.144498],[-65.392783,-24.143528],[-65.392848,-24.143331],[-65.393909,-24.140466],[-65.394291,-24.139348],[-65.394417,-24.138999],[-65.394461,-24.138882],[-65.394663,-24.13836],[-65.394803,-24.138095],[-65.394991,-24.137786],[-65.395199,-24.137505],[-65.39548,-24.137189],[-65.395693,-24.136923],[-65.397079,-24.135311],[-65.398138,-24.134217],[-65.398337,-24.134002],[-65.400018,-24.13226],[-65.400329,-24.131924],[-65.400636,-24.131578],[-65.40103,-24.131156],[-65.402123,-24.129991],[-65.402463,-24.12958],[-65.402632,-24.129332],[-65.402857,-24.128981],[-65.402991,-24.128732],[-65.403093,-24.128505],[-65.403197,-24.128224],[-65.403285,-24.127907],[-65.40338,-24.127485],[-65.403443,-24.127122],[-65.403486,-24.126752],[-65.403556,-24.12608],[-65.403595,-24.125606],[-65.403636,-24.125268],[-65.403711,-24.124875],[-65.403861,-24.124202],[-65.403981,-24.123692],[-65.404037,-24.123461],[-65.404093,-24.12326],[-65.404149,-24.123093],[-65.404208,-24.122932],[-65.404261,-24.12281],[-65.404301,-24.122717],[-65.404353,-24.122621],[-65.404394,-24.122535],[-65.404439,-24.122451],[-65.404509,-24.122328],[-65.40455,-24.122226],[-65.404573,-24.122153],[-65.40459,-24.122062],[-65.404598,-24.12197],[-65.404592,-24.121871],[-65.404578,-24.121639],[-65.404531,-24.121243],[-65.404504,-24.121105],[-65.404484,-24.121001],[-65.404456,-24.120788],[-65.404445,-24.120642],[-65.404439,-24.120572],[-65.404436,-24.120506],[-65.404433,-24.12045],[-65.404434,-24.120391],[-65.404439,-24.120325],[-65.404446,-24.12027],[-65.404522,-24.120014],[-65.404565,-24.119891],[-65.404602,-24.119765],[-65.404618,-24.119712],[-65.404786,-24.119247],[-65.404869,-24.119022],[-65.404897,-24.118956],[-65.405047,-24.118538],[-65.405136,-24.118305],[-65.405162,-24.118222],[-65.405185,-24.118142],[-65.405201,-24.118076],[-65.40522,-24.117994],[-65.405236,-24.11792],[-65.40525,-24.117829],[-65.405256,-24.117722],[-65.405255,-24.117624],[-65.405253,-24.117545],[-65.405255,-24.117424],[-65.405246,-24.117254],[-65.405241,-24.11712],[-65.405237,-24.116984],[-65.405226,-24.116826],[-65.405208,-24.116682],[-65.405187,-24.116536],[-65.405173,-24.11645],[-65.405162,-24.116372],[-65.405146,-24.116221],[-65.405126,-24.116083],[-65.405112,-24.115936],[-65.405092,-24.115777],[-65.405076,-24.115625],[-65.405035,-24.115124],[-65.405034,-24.114832],[-65.405046,-24.114576],[-65.405069,-24.114347],[-65.405098,-24.114189],[-65.405173,-24.113818],[-65.405931,-24.110148],[-65.406126,-24.109201],[-65.406291,-24.108237],[-65.4066,-24.106468],[-65.406998,-24.103884],[-65.407077,-24.103315],[-65.40712,-24.102936],[-65.407231,-24.102087],[-65.407309,-24.101106],[-65.407396,-24.099143],[-65.407469,-24.097251],[-65.407513,-24.096317],[-65.407525,-24.095185],[-65.407506,-24.094161],[-65.407424,-24.092184],[-65.407408,-24.09115],[-65.407422,-24.090196],[-65.407441,-24.089445],[-65.407434,-24.08891],[-65.407446,-24.087942],[-65.407432,-24.086527],[-65.407411,-24.08431],[-65.40742,-24.082376],[-65.407445,-24.082075],[-65.407492,-24.081787],[-65.407543,-24.081554],[-65.407588,-24.081368],[-65.407654,-24.081157],[-65.40774,-24.080928],[-65.40784,-24.080705],[-65.407998,-24.080398],[-65.408258,-24.080029],[-65.408453,-24.079788],[-65.408593,-24.079638],[-65.409018,-24.079273],[-65.409433,-24.078939],[-65.409622,-24.078797],[-65.409926,-24.078557],[-65.410011,-24.078495],[-65.41035,-24.078245],[-65.410586,-24.078045],[-65.410597,-24.078037],[-65.410751,-24.077898],[-65.410827,-24.07783],[-65.411043,-24.077608],[-65.411302,-24.077307],[-65.411573,-24.076948],[-65.411744,-24.076683],[-65.41184,-24.076505],[-65.41223,-24.075781],[-65.412556,-24.075168],[-65.413098,-24.07412],[-65.413583,-24.073171],[-65.414809,-24.070771],[-65.418443,-24.063268],[-65.418578,-24.062917],[-65.418675,-24.062668],[-65.418727,-24.062479],[-65.4188,-24.062212],[-65.418842,-24.061924],[-65.41887,-24.061649],[-65.418876,-24.061437],[-65.418848,-24.059083],[-65.418848,-24.058726],[-65.418887,-24.05846],[-65.418943,-24.058217],[-65.41904,-24.057951],[-65.419133,-24.057753],[-65.419238,-24.05755],[-65.419439,-24.057272],[-65.419725,-24.056967],[-65.420123,-24.056545],[-65.42038,-24.056263],[-65.420818,-24.055765],[-65.421004,-24.055535],[-65.421209,-24.055251],[-65.421399,-24.054956],[-65.421538,-24.05472],[-65.421672,-24.054427],[-65.421806,-24.054107],[-65.421909,-24.0538],[-65.422013,-24.053437],[-65.422413,-24.05188],[-65.422786,-24.050642],[-65.422902,-24.050323],[-65.423028,-24.050042],[-65.423138,-24.049848],[-65.423266,-24.049654],[-65.423508,-24.049349],[-65.423723,-24.049135],[-65.423943,-24.048942],[-65.424144,-24.048796],[-65.424732,-24.048405],[-65.425315,-24.047995],[-65.425541,-24.047824],[-65.425763,-24.047638],[-65.426125,-24.047333],[-65.426438,-24.047026],[-65.426565,-24.046893],[-65.426663,-24.046765],[-65.42676,-24.046602],[-65.427173,-24.04585],[-65.428505,-24.043453],[-65.428663,-24.043131],[-65.428814,-24.042774],[-65.429512,-24.041036],[-65.429648,-24.040702],[-65.429777,-24.040413],[-65.430356,-24.039164],[-65.430607,-24.038622],[-65.430873,-24.038096],[-65.432052,-24.035553],[-65.432147,-24.035323],[-65.432517,-24.034511],[-65.432661,-24.03422],[-65.432828,-24.033945],[-65.433034,-24.033664],[-65.43331,-24.03336],[-65.433573,-24.033127],[-65.433842,-24.032913],[-65.434156,-24.032727],[-65.434507,-24.032556],[-65.434872,-24.032419],[-65.436616,-24.031833],[-65.437389,-24.031579],[-65.438079,-24.031357],[-65.438345,-24.031263],[-65.438527,-24.03118],[-65.43866,-24.031095],[-65.438772,-24.030983],[-65.438884,-24.030824],[-65.43897,-24.03068],[-65.439058,-24.030482],[-65.439705,-24.028846],[-65.440445,-24.02703],[-65.440699,-24.026314],[-65.440826,-24.025864],[-65.440968,-24.025364],[-65.441089,-24.024876],[-65.441322,-24.024053],[-65.441454,-24.023634],[-65.44159,-24.023237],[-65.441821,-24.022498],[-65.44202,-24.02202],[-65.442223,-24.021594],[-65.442526,-24.020958],[-65.442726,-24.020596],[-65.443285,-24.019676],[-65.443665,-24.018976],[-65.444174,-24.018094],[-65.444448,-24.017603],[-65.444517,-24.017409],[-65.444587,-24.017173],[-65.444837,-24.016063],[-65.444849,-24.01586],[-65.444839,-24.01567],[-65.444739,-24.015314],[-65.444606,-24.014979],[-65.44456,-24.014798],[-65.444539,-24.014609],[-65.444542,-24.014414],[-65.444601,-24.014133],[-65.444795,-24.012992],[-65.444891,-24.012653],[-65.445011,-24.012381],[-65.445297,-24.011902],[-65.445415,-24.011652],[-65.445478,-24.01145],[-65.445499,-24.011283],[-65.445511,-24.011023],[-65.445541,-24.010717],[-65.44564,-24.010401],[-65.445785,-24.010148],[-65.445958,-24.009937],[-65.446199,-24.009708],[-65.446847,-24.009208],[-65.44704,-24.009018],[-65.447137,-24.00881],[-65.447196,-24.008616],[-65.447196,-24.008375],[-65.44713,-24.00806],[-65.446785,-24.007139],[-65.446636,-24.006832],[-65.446467,-24.00652],[-65.446328,-24.006246],[-65.446243,-24.005955],[-65.44621,-24.005682],[-65.446207,-24.005494],[-65.44624,-24.00528],[-65.446356,-24.004866],[-65.446513,-24.004298],[-65.446626,-24.004029],[-65.446771,-24.003789],[-65.447412,-24.002839],[-65.447554,-24.002595],[-65.447636,-24.002392],[-65.447657,-24.002229],[-65.447677,-24.001963],[-65.447787,-24.000639],[-65.447845,-24.000267],[-65.447903,-24.000011],[-65.448043,-23.999672],[-65.448235,-23.999217],[-65.448313,-23.99898],[-65.44834,-23.998688],[-65.448342,-23.998135],[-65.448365,-23.997869],[-65.448429,-23.997615],[-65.448521,-23.997398],[-65.448691,-23.997068],[-65.449237,-23.99624],[-65.449374,-23.995957],[-65.449443,-23.99575],[-65.449509,-23.99535],[-65.449566,-23.994708],[-65.449619,-23.994342],[-65.449688,-23.994025],[-65.449753,-23.993766],[-65.449868,-23.993459],[-65.45003,-23.993174],[-65.450296,-23.992826],[-65.451727,-23.991582],[-65.452163,-23.991221],[-65.453516,-23.990102],[-65.453803,-23.989779],[-65.454045,-23.989433],[-65.454187,-23.989173],[-65.454302,-23.988916],[-65.454393,-23.988659],[-65.45445,-23.988458],[-65.454485,-23.988279],[-65.454514,-23.988093],[-65.454536,-23.987914],[-65.454546,-23.987632],[-65.454536,-23.987367],[-65.454498,-23.987078],[-65.454442,-23.986809],[-65.454243,-23.986252],[-65.452466,-23.982223],[-65.452084,-23.98139],[-65.45195,-23.981035],[-65.451848,-23.980658],[-65.451762,-23.980285],[-65.451577,-23.979023],[-65.451298,-23.976861],[-65.451016,-23.974512],[-65.450587,-23.970063],[-65.450577,-23.969524],[-65.450631,-23.969316],[-65.450737,-23.969103],[-65.450912,-23.968898],[-65.451135,-23.968719],[-65.451402,-23.968612],[-65.451657,-23.968565],[-65.451994,-23.968574],[-65.45322,-23.968749],[-65.453418,-23.968729],[-65.453647,-23.96867],[-65.453869,-23.968569],[-65.454008,-23.968479],[-65.454147,-23.968343],[-65.45427,-23.968166],[-65.454347,-23.967983],[-65.454496,-23.967243],[-65.454584,-23.967052],[-65.454745,-23.966878],[-65.454934,-23.966729],[-65.455144,-23.96665],[-65.455303,-23.966628],[-65.455391,-23.966616],[-65.455615,-23.96664],[-65.455781,-23.966692],[-65.455983,-23.966771],[-65.45684,-23.967189],[-65.45705,-23.967262],[-65.457265,-23.967283],[-65.457479,-23.967252],[-65.457703,-23.967155],[-65.457867,-23.967034],[-65.457986,-23.966891],[-65.458074,-23.966725],[-65.458118,-23.966556],[-65.45812,-23.966368],[-65.458121,-23.966339],[-65.458074,-23.966031],[-65.457756,-23.963673],[-65.457621,-23.962673],[-65.457617,-23.9624],[-65.457645,-23.962162],[-65.457682,-23.962033],[-65.457761,-23.961858],[-65.457831,-23.961726],[-65.457936,-23.961575],[-65.458043,-23.961471],[-65.458186,-23.961354],[-65.458325,-23.961262],[-65.458492,-23.961175],[-65.458748,-23.961079],[-65.459029,-23.961031],[-65.45932,-23.961021],[-65.459619,-23.961068],[-65.459912,-23.961166],[-65.460155,-23.961289],[-65.46063,-23.961611],[-65.461231,-23.962017],[-65.461347,-23.962096],[-65.461471,-23.962167],[-65.461602,-23.962227],[-65.461744,-23.962271],[-65.461891,-23.962288],[-65.462043,-23.962291],[-65.462186,-23.962266],[-65.462314,-23.962226],[-65.462461,-23.96216],[-65.462579,-23.962077],[-65.462675,-23.961981],[-65.46276,-23.961885],[-65.462828,-23.961781],[-65.462868,-23.961689],[-65.462902,-23.961586],[-65.462919,-23.96149],[-65.462923,-23.961364],[-65.462907,-23.96125],[-65.462882,-23.961145],[-65.462843,-23.961038],[-65.462795,-23.96094],[-65.462745,-23.960846],[-65.462347,-23.960217],[-65.46221,-23.959974],[-65.462163,-23.959854],[-65.462137,-23.959739],[-65.462127,-23.959604],[-65.462139,-23.959473],[-65.462171,-23.959337],[-65.46223,-23.95921],[-65.462322,-23.959068],[-65.462451,-23.958935],[-65.462592,-23.958835],[-65.46276,-23.958749],[-65.462919,-23.958712],[-65.463065,-23.958696],[-65.463225,-23.958697],[-65.463367,-23.958715],[-65.463481,-23.958748],[-65.46358,-23.958787],[-65.463682,-23.958843],[-65.463764,-23.958907],[-65.464059,-23.959189],[-65.464333,-23.959466],[-65.464417,-23.959532],[-65.464506,-23.959591],[-65.464594,-23.959639],[-65.464703,-23.959683],[-65.464892,-23.959728],[-65.465086,-23.959729],[-65.465276,-23.959708],[-65.465453,-23.959655],[-65.465603,-23.959572],[-65.465726,-23.959477],[-65.465833,-23.959356],[-65.465911,-23.959233],[-65.465972,-23.959103],[-65.466017,-23.958957],[-65.466267,-23.958137],[-65.466432,-23.957572],[-65.466514,-23.957345],[-65.466587,-23.957204],[-65.466666,-23.957089],[-65.466727,-23.957017],[-65.466819,-23.956949],[-65.467341,-23.956605],[-65.467434,-23.956524],[-65.467569,-23.956397],[-65.46764,-23.956309],[-65.467718,-23.956162],[-65.467787,-23.955982],[-65.467795,-23.95576],[-65.467749,-23.955517],[-65.467629,-23.955222],[-65.467371,-23.954576],[-65.467209,-23.954182],[-65.466834,-23.953288],[-65.466498,-23.952454],[-65.465819,-23.950749],[-65.464799,-23.948136],[-65.463868,-23.945522],[-65.462727,-23.942191],[-65.461516,-23.938801],[-65.461412,-23.938485],[-65.461365,-23.938233],[-65.461341,-23.937969],[-65.461348,-23.937711],[-65.461376,-23.93752],[-65.461462,-23.937192],[-65.461554,-23.93685],[-65.461694,-23.936416],[-65.461783,-23.936123],[-65.461894,-23.935715],[-65.461954,-23.93524],[-65.46198,-23.934766],[-65.462009,-23.933383],[-65.462001,-23.93318],[-65.462025,-23.931926],[-65.46205,-23.931105],[-65.462068,-23.930726],[-65.462092,-23.930346],[-65.462141,-23.930017],[-65.462205,-23.929696],[-65.462312,-23.929274],[-65.462446,-23.92887],[-65.462651,-23.928352],[-65.462803,-23.928006],[-65.463152,-23.927211],[-65.46333,-23.926806],[-65.463594,-23.926197],[-65.463847,-23.92562],[-65.463861,-23.925589],[-65.464003,-23.925286],[-65.464164,-23.924987],[-65.464536,-23.924396],[-65.464659,-23.92421],[-65.464847,-23.923986],[-65.465162,-23.923649],[-65.465466,-23.923319],[-65.466554,-23.922272],[-65.466779,-23.922023],[-65.466963,-23.921798],[-65.467149,-23.921543],[-65.467315,-23.921297],[-65.467464,-23.921014],[-65.467561,-23.920778],[-65.467672,-23.920453],[-65.467734,-23.920174],[-65.467789,-23.919892],[-65.467821,-23.919615],[-65.467843,-23.919227],[-65.467846,-23.91889],[-65.467819,-23.918609],[-65.467799,-23.918346],[-65.467768,-23.918138],[-65.467722,-23.917903],[-65.46761,-23.91745],[-65.467483,-23.917019],[-65.467047,-23.915878],[-65.467004,-23.915767],[-65.466859,-23.915405],[-65.466717,-23.915053],[-65.466341,-23.914067],[-65.466091,-23.91349],[-65.465824,-23.913006],[-65.465464,-23.912281],[-65.465031,-23.911378],[-65.464891,-23.911025],[-65.464676,-23.910465],[-65.46352,-23.907518],[-65.461477,-23.901975],[-65.461212,-23.901255],[-65.46077,-23.9001],[-65.460601,-23.899658],[-65.460289,-23.898811],[-65.459954,-23.897931],[-65.459573,-23.896972],[-65.459496,-23.896771],[-65.459374,-23.896453],[-65.45893,-23.8953],[-65.45879,-23.894907],[-65.458712,-23.894567],[-65.458657,-23.894255],[-65.458623,-23.893986],[-65.458603,-23.89365],[-65.458192,-23.888541],[-65.457519,-23.880495],[-65.457361,-23.878608],[-65.45736,-23.878394],[-65.457378,-23.878175],[-65.457429,-23.877969],[-65.457522,-23.877738],[-65.457697,-23.877442],[-65.457956,-23.877144],[-65.458186,-23.876942],[-65.458511,-23.876728],[-65.459143,-23.876414],[-65.459843,-23.876042],[-65.460128,-23.875876],[-65.460468,-23.875634],[-65.460787,-23.875381],[-65.461096,-23.875099],[-65.461376,-23.874794],[-65.4616,-23.874508],[-65.461712,-23.874355],[-65.4618,-23.874225],[-65.461893,-23.874071],[-65.462048,-23.873828],[-65.462183,-23.873547],[-65.463916,-23.869391],[-65.464223,-23.868657],[-65.464324,-23.868417],[-65.46447,-23.868121],[-65.465567,-23.865721],[-65.466326,-23.864088],[-65.466468,-23.863721],[-65.46648,-23.863677],[-65.466544,-23.863432],[-65.466571,-23.863206],[-65.466572,-23.862956],[-65.466544,-23.862603],[-65.46652,-23.862347],[-65.466355,-23.861202],[-65.466264,-23.860633],[-65.466202,-23.86024],[-65.466077,-23.859507],[-65.466013,-23.859111],[-65.466003,-23.859024],[-65.465996,-23.858891],[-65.465976,-23.858305],[-65.465955,-23.857783],[-65.465944,-23.857549],[-65.465925,-23.857132],[-65.465888,-23.856317],[-65.465879,-23.856216],[-65.465759,-23.854944],[-65.465621,-23.853671],[-65.465595,-23.85342],[-65.465431,-23.852239],[-65.465403,-23.851907],[-65.465374,-23.851769],[-65.465114,-23.849944],[-65.464776,-23.847754],[-65.464703,-23.847265],[-65.464693,-23.847021],[-65.46471,-23.846849],[-65.464754,-23.846577],[-65.464819,-23.846379],[-65.464878,-23.846216],[-65.464969,-23.846038],[-65.465108,-23.84584],[-65.465725,-23.845077],[-65.467402,-23.84318],[-65.467598,-23.842918],[-65.467775,-23.842648],[-65.467961,-23.842315],[-65.468086,-23.841999],[-65.468185,-23.841688],[-65.468271,-23.841365],[-65.468366,-23.840933],[-65.468402,-23.840556],[-65.468419,-23.84034],[-65.468427,-23.840057],[-65.468422,-23.83976],[-65.468408,-23.839366],[-65.468353,-23.837977],[-65.468361,-23.837473],[-65.4684,-23.837133],[-65.468472,-23.836769],[-65.468553,-23.836492],[-65.468638,-23.836265],[-65.468747,-23.836008],[-65.469033,-23.83531],[-65.470526,-23.83199],[-65.470829,-23.831321],[-65.470973,-23.831017],[-65.47113,-23.830713],[-65.471454,-23.830144],[-65.47169,-23.82972],[-65.47185,-23.829384],[-65.472017,-23.828966],[-65.472268,-23.828375],[-65.472692,-23.827357],[-65.47289,-23.826856],[-65.473061,-23.826303],[-65.473395,-23.825358],[-65.474487,-23.822552],[-65.474627,-23.822173],[-65.474799,-23.821771],[-65.474886,-23.821579],[-65.47503,-23.821347],[-65.475203,-23.821144],[-65.475802,-23.820397],[-65.476704,-23.819312],[-65.476927,-23.818986],[-65.477096,-23.818687],[-65.477292,-23.818325],[-65.477439,-23.817995],[-65.477564,-23.817698],[-65.477672,-23.817288],[-65.477708,-23.817071],[-65.477744,-23.81681],[-65.477782,-23.816197],[-65.477887,-23.814397],[-65.477939,-23.813217],[-65.477991,-23.812144],[-65.477997,-23.812038],[-65.478003,-23.811928],[-65.47804,-23.811236],[-65.478022,-23.810846],[-65.477977,-23.81056],[-65.477911,-23.810269],[-65.477852,-23.810033],[-65.477628,-23.809386],[-65.477297,-23.808496],[-65.477152,-23.808094],[-65.477062,-23.807771],[-65.477042,-23.807633],[-65.477023,-23.807414],[-65.477011,-23.807298],[-65.477011,-23.807292],[-65.477011,-23.807289],[-65.47701,-23.807285],[-65.476999,-23.807168],[-65.476854,-23.80613],[-65.476685,-23.804243],[-65.476623,-23.803365],[-65.476615,-23.803101],[-65.476594,-23.802505],[-65.476571,-23.802197],[-65.476482,-23.801491],[-65.47637,-23.80057],[-65.4763,-23.799908],[-65.476246,-23.79921],[-65.476236,-23.798887],[-65.476175,-23.797876],[-65.476098,-23.796714],[-65.476082,-23.796262],[-65.476106,-23.795919],[-65.476154,-23.795702],[-65.476542,-23.794509],[-65.476685,-23.793979],[-65.476747,-23.793732],[-65.4768,-23.793455],[-65.477319,-23.790445],[-65.477735,-23.787997],[-65.47779,-23.787696],[-65.477846,-23.787447],[-65.4779,-23.787301],[-65.477978,-23.787118],[-65.47807,-23.786946],[-65.478194,-23.786744],[-65.478358,-23.786468],[-65.478877,-23.785785],[-65.479092,-23.785455],[-65.4792,-23.785286],[-65.479308,-23.785064],[-65.479417,-23.784744],[-65.479461,-23.784568],[-65.479504,-23.784325],[-65.479547,-23.784037],[-65.479603,-23.783374],[-65.479637,-23.782708],[-65.479667,-23.78214],[-65.479693,-23.781833],[-65.479757,-23.780211],[-65.479768,-23.779918],[-65.479798,-23.7792],[-65.479882,-23.777191],[-65.479893,-23.776872],[-65.479888,-23.776557],[-65.479856,-23.776237],[-65.479795,-23.77589],[-65.479602,-23.774965],[-65.479415,-23.773818],[-65.478517,-23.769211],[-65.478418,-23.768706],[-65.478334,-23.76823],[-65.478255,-23.767963],[-65.478215,-23.767823],[-65.47773,-23.766306],[-65.477586,-23.76587],[-65.477385,-23.765292],[-65.476369,-23.762632],[-65.476298,-23.76245],[-65.475508,-23.760226],[-65.474835,-23.758438],[-65.473235,-23.754],[-65.473128,-23.753697],[-65.473003,-23.75339],[-65.472814,-23.752938],[-65.47259,-23.752472],[-65.471541,-23.750541],[-65.471373,-23.750245],[-65.470455,-23.748627],[-65.470023,-23.747773],[-65.469624,-23.746989],[-65.469431,-23.746653],[-65.469254,-23.746344],[-65.469216,-23.74629],[-65.46896,-23.745852],[-65.468922,-23.74577],[-65.468895,-23.745686],[-65.46887,-23.745586],[-65.468858,-23.745486],[-65.468851,-23.74534],[-65.468858,-23.745256],[-65.468863,-23.74518],[-65.468878,-23.745098],[-65.468921,-23.74493],[-65.468975,-23.744725],[-65.469056,-23.744533],[-65.469078,-23.744464],[-65.469115,-23.744355],[-65.469136,-23.744303],[-65.469163,-23.744276],[-65.469191,-23.744255],[-65.469246,-23.744223],[-65.469313,-23.744207],[-65.469348,-23.744202],[-65.469644,-23.744192],[-65.4697,-23.744188],[-65.469754,-23.744178],[-65.469818,-23.744168],[-65.469904,-23.744151],[-65.47009,-23.744097],[-65.470201,-23.744073],[-65.47027,-23.744068],[-65.47035,-23.744066],[-65.471349,-23.744065],[-65.471493,-23.744068],[-65.471591,-23.744078],[-65.471713,-23.744097],[-65.471932,-23.744132],[-65.472026,-23.744137],[-65.472135,-23.744138],[-65.472291,-23.744128],[-65.472478,-23.7441],[-65.472629,-23.744064],[-65.472763,-23.744019],[-65.472896,-23.743968],[-65.473005,-23.743915],[-65.473107,-23.743861],[-65.473223,-23.743786],[-65.473321,-23.743704],[-65.473446,-23.743596],[-65.473512,-23.74355],[-65.473575,-23.743512],[-65.473663,-23.743476],[-65.473744,-23.743459],[-65.473845,-23.743461],[-65.473921,-23.74348],[-65.473984,-23.743498],[-65.474253,-23.7436],[-65.474385,-23.743627],[-65.474472,-23.743633],[-65.474561,-23.743633],[-65.474688,-23.743622],[-65.474821,-23.743603],[-65.475292,-23.743521],[-65.475456,-23.743497],[-65.475598,-23.743485],[-65.475754,-23.743485],[-65.476208,-23.743507],[-65.47639,-23.743526],[-65.476512,-23.743553],[-65.476583,-23.74358],[-65.476658,-23.743609],[-65.476765,-23.743667],[-65.476884,-23.743744],[-65.477254,-23.744018],[-65.477415,-23.74416],[-65.477472,-23.744237],[-65.477514,-23.744299],[-65.477554,-23.744392],[-65.477573,-23.744473],[-65.477587,-23.744561],[-65.477587,-23.744627],[-65.477581,-23.744692],[-65.47752,-23.744928],[-65.477503,-23.74503],[-65.477503,-23.745139],[-65.477516,-23.745203],[-65.477535,-23.745265],[-65.477566,-23.745334],[-65.47761,-23.745413],[-65.477659,-23.745483],[-65.477727,-23.745554],[-65.477805,-23.745642],[-65.477903,-23.745729],[-65.477977,-23.745781],[-65.478058,-23.745836],[-65.478125,-23.745882],[-65.478201,-23.745929],[-65.478295,-23.745983],[-65.47838,-23.746027],[-65.478471,-23.746075],[-65.47856,-23.746119],[-65.478655,-23.746167],[-65.478785,-23.746224],[-65.478916,-23.746275],[-65.479005,-23.746305],[-65.47911,-23.746339],[-65.479195,-23.746362],[-65.479304,-23.746387],[-65.479384,-23.746401],[-65.479499,-23.746417],[-65.479791,-23.746455],[-65.480328,-23.746525],[-65.48056,-23.746546],[-65.480675,-23.74655],[-65.480788,-23.746548],[-65.480962,-23.746543],[-65.481175,-23.746529],[-65.481479,-23.746502],[-65.482571,-23.746405],[-65.482771,-23.74638],[-65.482936,-23.746354],[-65.484893,-23.74601],[-65.485119,-23.74597],[-65.485334,-23.745943],[-65.485518,-23.745933],[-65.485683,-23.745929],[-65.487466,-23.745964],[-65.487577,-23.745969],[-65.487686,-23.745984],[-65.487763,-23.746],[-65.487833,-23.746019],[-65.4879,-23.746045],[-65.487976,-23.746076],[-65.488452,-23.74628],[-65.488544,-23.746313],[-65.488623,-23.746335],[-65.488711,-23.746358],[-65.488823,-23.746378],[-65.489008,-23.746408],[-65.489143,-23.746435],[-65.489266,-23.746468],[-65.489356,-23.746498],[-65.489424,-23.746523],[-65.489487,-23.746552],[-65.489547,-23.746586],[-65.489617,-23.746628],[-65.48972,-23.746689],[-65.489906,-23.746798],[-65.490018,-23.746863],[-65.490145,-23.746924],[-65.490224,-23.746954],[-65.490288,-23.74698],[-65.490363,-23.747006],[-65.490442,-23.747026],[-65.49054,-23.747036],[-65.490727,-23.747037],[-65.492069,-23.747012],[-65.49225,-23.747009],[-65.492378,-23.747016],[-65.492483,-23.747028],[-65.492585,-23.747052],[-65.492811,-23.747121],[-65.492955,-23.747146],[-65.493106,-23.747144],[-65.493228,-23.747132],[-65.493369,-23.747112],[-65.493454,-23.747109],[-65.49353,-23.74711],[-65.493605,-23.747116],[-65.493736,-23.747145],[-65.493878,-23.747187],[-65.494088,-23.74727],[-65.494112,-23.747272],[-65.494285,-23.747312],[-65.494517,-23.747345],[-65.495603,-23.747409],[-65.495779,-23.747405],[-65.495901,-23.747381],[-65.496011,-23.747344],[-65.496127,-23.747299],[-65.49622,-23.74724],[-65.496302,-23.747174],[-65.496465,-23.747029],[-65.497094,-23.74643],[-65.497222,-23.74631],[-65.498834,-23.744808],[-65.498995,-23.744669],[-65.499203,-23.744514],[-65.499383,-23.744388],[-65.500734,-23.743487],[-65.501004,-23.743302],[-65.501403,-23.743052],[-65.501676,-23.742844],[-65.501962,-23.742598],[-65.502366,-23.742248],[-65.502482,-23.742132],[-65.502563,-23.74203],[-65.502852,-23.741615],[-65.503107,-23.741223],[-65.50323,-23.741013],[-65.50354,-23.740433],[-65.503625,-23.740275],[-65.503675,-23.740205],[-65.503737,-23.740129],[-65.503923,-23.739923],[-65.504195,-23.739648],[-65.50448,-23.739422],[-65.504589,-23.739323],[-65.504739,-23.739222],[-65.504884,-23.739147],[-65.505058,-23.739092],[-65.505231,-23.73905],[-65.505437,-23.739031],[-65.505699,-23.739029],[-65.506386,-23.739085],[-65.506571,-23.739074],[-65.506765,-23.739044],[-65.506917,-23.738999],[-65.507039,-23.738954],[-65.507167,-23.738891],[-65.50732,-23.738801],[-65.507476,-23.738674],[-65.508071,-23.738043],[-65.508312,-23.73775],[-65.508429,-23.737591],[-65.508534,-23.737425],[-65.50864,-23.737229],[-65.508774,-23.736949],[-65.508895,-23.736669],[-65.509036,-23.736301],[-65.509148,-23.736034],[-65.509276,-23.735778],[-65.509423,-23.735519],[-65.509585,-23.73526],[-65.509756,-23.735003],[-65.510351,-23.73416],[-65.51047,-23.733984],[-65.510584,-23.733801],[-65.511202,-23.732743],[-65.51128,-23.73263],[-65.511366,-23.732513],[-65.511495,-23.732372],[-65.511616,-23.732253],[-65.511792,-23.732107],[-65.511837,-23.732076],[-65.512,-23.731964],[-65.512157,-23.731871],[-65.512347,-23.731778],[-65.512529,-23.731707],[-65.512755,-23.731643],[-65.512936,-23.731613],[-65.513129,-23.73159],[-65.513333,-23.731585],[-65.513512,-23.731591],[-65.513991,-23.731631],[-65.514116,-23.731633],[-65.514258,-23.73162],[-65.514391,-23.731596],[-65.514682,-23.731512],[-65.51498,-23.731398],[-65.51631,-23.730778],[-65.516504,-23.730702],[-65.516673,-23.730648],[-65.516864,-23.730602],[-65.517383,-23.730478],[-65.517692,-23.730381],[-65.517888,-23.730313],[-65.518073,-23.73023],[-65.518324,-23.730105],[-65.518961,-23.72974],[-65.519156,-23.729649],[-65.519292,-23.72963],[-65.519437,-23.729641],[-65.519628,-23.729709],[-65.519983,-23.729863],[-65.520117,-23.7299],[-65.520259,-23.729892],[-65.5204,-23.729855],[-65.520523,-23.729793],[-65.520625,-23.729708],[-65.520699,-23.729644],[-65.521632,-23.7286],[-65.521833,-23.728353],[-65.521914,-23.728215],[-65.52199,-23.728063],[-65.522092,-23.727819],[-65.522146,-23.727653],[-65.522189,-23.727491],[-65.52222,-23.727284],[-65.522252,-23.727051],[-65.522378,-23.725955],[-65.522413,-23.725711],[-65.522461,-23.725468],[-65.522527,-23.725228],[-65.522626,-23.724995],[-65.522702,-23.72484],[-65.522797,-23.724687],[-65.522894,-23.724552],[-65.522996,-23.724433],[-65.523146,-23.724284],[-65.523317,-23.724142],[-65.524797,-23.723098],[-65.524989,-23.722917],[-65.525131,-23.72277],[-65.525554,-23.722207],[-65.525732,-23.722001],[-65.525748,-23.721982],[-65.526088,-23.721666],[-65.526201,-23.721564],[-65.526997,-23.720806],[-65.527169,-23.720624],[-65.527285,-23.720477],[-65.527372,-23.720349],[-65.527469,-23.720171],[-65.527545,-23.720013],[-65.527612,-23.719833],[-65.52767,-23.719625],[-65.527722,-23.719382],[-65.527772,-23.719096],[-65.527847,-23.718618],[-65.527869,-23.718386],[-65.527878,-23.718166],[-65.527866,-23.717939],[-65.527841,-23.717719],[-65.527768,-23.717339],[-65.527598,-23.716556],[-65.527566,-23.716391],[-65.52755,-23.71625],[-65.52755,-23.716145],[-65.527561,-23.716056],[-65.527591,-23.71594],[-65.527644,-23.71582],[-65.527729,-23.715648],[-65.527821,-23.715478],[-65.52796,-23.715304],[-65.5281,-23.71514],[-65.528805,-23.714349],[-65.528971,-23.71416],[-65.52906,-23.714044],[-65.529138,-23.713928],[-65.529599,-23.713086],[-65.529659,-23.712991],[-65.529736,-23.712897],[-65.5299,-23.712747],[-65.530034,-23.712612],[-65.530168,-23.712457],[-65.530243,-23.712344],[-65.530283,-23.712268],[-65.530329,-23.712167],[-65.530436,-23.711959],[-65.530546,-23.71173],[-65.530608,-23.711611],[-65.530685,-23.711487],[-65.530752,-23.711408],[-65.530841,-23.71132],[-65.531141,-23.711057],[-65.531243,-23.710948],[-65.531367,-23.710799],[-65.531801,-23.710291],[-65.531922,-23.710114],[-65.531984,-23.709947],[-65.532032,-23.709726],[-65.532094,-23.708962],[-65.53208,-23.708776],[-65.532045,-23.708641],[-65.532005,-23.70857],[-65.531849,-23.708376],[-65.531782,-23.708288],[-65.531737,-23.708211],[-65.53171,-23.7081],[-65.531707,-23.707985],[-65.53173,-23.707895],[-65.53178,-23.707801],[-65.53189,-23.707673],[-65.532034,-23.707548],[-65.532314,-23.707369],[-65.532402,-23.707283],[-65.532461,-23.70718],[-65.532504,-23.706988],[-65.53256,-23.706706],[-65.532595,-23.706597],[-65.532635,-23.706514],[-65.532748,-23.706367],[-65.53303,-23.706062],[-65.533172,-23.705979],[-65.533333,-23.705922],[-65.533514,-23.705901],[-65.534191,-23.705942],[-65.534462,-23.705934],[-65.534752,-23.705915],[-65.535178,-23.705863],[-65.535559,-23.705809],[-65.53602,-23.705728],[-65.536181,-23.705689],[-65.536369,-23.705627],[-65.53649,-23.705571],[-65.536584,-23.705507],[-65.53668,-23.705414],[-65.536763,-23.705276],[-65.536897,-23.704842],[-65.536946,-23.704623],[-65.536997,-23.704264],[-65.537029,-23.703967],[-65.537029,-23.703717],[-65.537013,-23.703466],[-65.536986,-23.703245],[-65.53697,-23.70311],[-65.53697,-23.702973],[-65.537005,-23.70285],[-65.537068,-23.702755],[-65.537158,-23.702656],[-65.537603,-23.702133],[-65.537758,-23.701971],[-65.537949,-23.701833],[-65.53823,-23.701634],[-65.538518,-23.701415],[-65.539091,-23.700875],[-65.539303,-23.700659],[-65.539467,-23.700525],[-65.539668,-23.700391],[-65.540626,-23.699772],[-65.540834,-23.699653],[-65.540982,-23.699593],[-65.541243,-23.699519],[-65.541535,-23.699456],[-65.54163,-23.699436],[-65.541752,-23.699431],[-65.5419,-23.699468],[-65.542039,-23.699512],[-65.542154,-23.699588],[-65.54227,-23.699709],[-65.542348,-23.699846],[-65.542557,-23.700546],[-65.542597,-23.700716],[-65.542639,-23.700791],[-65.542703,-23.700851],[-65.542825,-23.700905],[-65.542918,-23.700927],[-65.54301,-23.700939],[-65.54373,-23.700949],[-65.543925,-23.700927],[-65.54407,-23.70089],[-65.544225,-23.700836],[-65.544359,-23.700762],[-65.544493,-23.700639],[-65.544842,-23.700244],[-65.544984,-23.700104],[-65.545145,-23.699991],[-65.545349,-23.699898],[-65.545682,-23.699814],[-65.546411,-23.699662],[-65.548467,-23.699215],[-65.54877,-23.699166],[-65.548971,-23.699141],[-65.549224,-23.699134],[-65.549586,-23.699139],[-65.550967,-23.699219],[-65.55117,-23.699212],[-65.551335,-23.699175],[-65.551523,-23.699116],[-65.551679,-23.699043],[-65.551808,-23.698959],[-65.55225,-23.69851],[-65.552344,-23.698432],[-65.552465,-23.698354],[-65.552601,-23.698291],[-65.552751,-23.698254],[-65.553499,-23.698186],[-65.553692,-23.6982],[-65.553868,-23.698244],[-65.554352,-23.698422],[-65.55468,-23.698484],[-65.554858,-23.69849],[-65.555047,-23.698486],[-65.555444,-23.698437],[-65.555632,-23.6984],[-65.555787,-23.698358],[-65.555947,-23.698296],[-65.55608,-23.698224],[-65.556411,-23.698012],[-65.558206,-23.696714],[-65.558512,-23.696539],[-65.558751,-23.696431],[-65.558944,-23.69636],[-65.559584,-23.696157],[-65.559818,-23.696099],[-65.560107,-23.696047],[-65.560823,-23.695945],[-65.561081,-23.695889],[-65.561336,-23.695824],[-65.561532,-23.695763],[-65.56298,-23.695219],[-65.563163,-23.695135],[-65.563316,-23.695028],[-65.563417,-23.694938],[-65.563497,-23.694843],[-65.563567,-23.694719],[-65.563616,-23.694582],[-65.56376,-23.694053],[-65.563825,-23.693773],[-65.563858,-23.693577],[-65.563965,-23.692735],[-65.563988,-23.692585],[-65.564044,-23.692401],[-65.564207,-23.692059],[-65.564281,-23.691884],[-65.564362,-23.691658],[-65.564523,-23.690921],[-65.56459,-23.690716],[-65.564684,-23.690529],[-65.564824,-23.690355],[-65.564953,-23.69022],[-65.565069,-23.690122],[-65.565228,-23.690019],[-65.565661,-23.689795],[-65.565746,-23.689738],[-65.565827,-23.689662],[-65.56589,-23.689556],[-65.565914,-23.689454],[-65.565918,-23.689306],[-65.565931,-23.689087],[-65.565935,-23.689005],[-65.565968,-23.688864],[-65.566032,-23.688736],[-65.56612,-23.688599],[-65.566235,-23.688481],[-65.566434,-23.688348],[-65.567073,-23.687942],[-65.567223,-23.687822],[-65.567325,-23.687706],[-65.567398,-23.687564],[-65.56744,-23.687451],[-65.567455,-23.687301],[-65.567486,-23.685661],[-65.5675,-23.685503],[-65.567537,-23.685346],[-65.567617,-23.685122],[-65.567724,-23.684879],[-65.567813,-23.684712],[-65.567925,-23.684536],[-65.568071,-23.684373],[-65.568229,-23.684225],[-65.568427,-23.684063],[-65.568752,-23.683818],[-65.568948,-23.683656],[-65.569133,-23.683461],[-65.56935,-23.683177],[-65.569509,-23.683006],[-65.569868,-23.682663],[-65.569975,-23.682545],[-65.570034,-23.682452],[-65.570067,-23.682362],[-65.570128,-23.682165],[-65.570396,-23.681003],[-65.570546,-23.680408],[-65.570715,-23.679826],[-65.570755,-23.67966],[-65.570774,-23.679509],[-65.570801,-23.679227],[-65.570935,-23.677394],[-65.570962,-23.677144],[-65.570998,-23.676983],[-65.571067,-23.676812],[-65.571182,-23.676616],[-65.571552,-23.676161],[-65.571678,-23.675955],[-65.57178,-23.675709],[-65.571874,-23.675471],[-65.571903,-23.675338],[-65.571933,-23.675196],[-65.571949,-23.674933],[-65.571968,-23.674572],[-65.572013,-23.674395],[-65.572097,-23.67425],[-65.57216,-23.674168],[-65.572249,-23.6741],[-65.572445,-23.674002],[-65.572805,-23.67383],[-65.572932,-23.673756],[-65.573043,-23.673678],[-65.573156,-23.673565],[-65.573228,-23.673463],[-65.573274,-23.673351],[-65.57332,-23.673218],[-65.573365,-23.673037],[-65.573451,-23.672628],[-65.573505,-23.672344],[-65.573542,-23.672161],[-65.573623,-23.671904],[-65.57365,-23.671685],[-65.573655,-23.671545],[-65.573643,-23.671473],[-65.573617,-23.671381],[-65.5736,-23.671289],[-65.573604,-23.671221],[-65.573629,-23.671154],[-65.573666,-23.671101],[-65.573719,-23.671061],[-65.573794,-23.671042],[-65.573852,-23.671046],[-65.573904,-23.671064],[-65.573953,-23.671101],[-65.57399,-23.671157],[-65.574013,-23.671227],[-65.574025,-23.671297],[-65.574014,-23.671435],[-65.573926,-23.67212],[-65.573939,-23.672236],[-65.573983,-23.672313],[-65.574044,-23.672366],[-65.574106,-23.672389],[-65.574173,-23.672383],[-65.57424,-23.672351],[-65.574274,-23.672314],[-65.574304,-23.672247],[-65.574312,-23.672179],[-65.574335,-23.671238],[-65.574333,-23.671096],[-65.574315,-23.670993],[-65.574282,-23.670892],[-65.574245,-23.670749],[-65.574229,-23.670668],[-65.574237,-23.670585],[-65.574266,-23.670482],[-65.574304,-23.670419],[-65.574628,-23.670079],[-65.574833,-23.669843],[-65.575221,-23.669359],[-65.57535,-23.669217],[-65.575495,-23.669089],[-65.575683,-23.668971],[-65.575868,-23.668868],[-65.57608,-23.668728],[-65.576257,-23.668595],[-65.576439,-23.668411],[-65.576764,-23.668067],[-65.576874,-23.667969],[-65.576954,-23.667929],[-65.577056,-23.667905],[-65.577233,-23.667878],[-65.577453,-23.667814],[-65.577665,-23.667744],[-65.577882,-23.667659],[-65.578397,-23.667413],[-65.578952,-23.667126],[-65.579179,-23.666991],[-65.579379,-23.666856],[-65.580965,-23.665637],[-65.581121,-23.665531],[-65.581341,-23.665379],[-65.581423,-23.665313],[-65.581632,-23.665124],[-65.581802,-23.664991],[-65.581898,-23.664956],[-65.58201,-23.664935],[-65.582469,-23.664881],[-65.582662,-23.664846],[-65.582777,-23.664847],[-65.58293,-23.664895],[-65.583043,-23.664972],[-65.583132,-23.665054],[-65.583238,-23.665225],[-65.583517,-23.665664],[-65.583712,-23.665903],[-65.583906,-23.666087],[-65.584362,-23.666404],[-65.584496,-23.66648],[-65.584639,-23.666527],[-65.584755,-23.666543],[-65.584872,-23.666534],[-65.585089,-23.666477],[-65.585941,-23.666112],[-65.586288,-23.665952],[-65.586403,-23.665887],[-65.586492,-23.665822],[-65.58661,-23.665738],[-65.586684,-23.66571],[-65.586752,-23.665701],[-65.586825,-23.665704],[-65.586881,-23.665736],[-65.586932,-23.665788],[-65.586972,-23.665878],[-65.586969,-23.665979],[-65.586918,-23.66606],[-65.586798,-23.666158],[-65.586664,-23.666276],[-65.586543,-23.666406],[-65.586444,-23.666568],[-65.586371,-23.666745],[-65.586307,-23.666937],[-65.58621,-23.667087],[-65.586125,-23.667182],[-65.586039,-23.667217],[-65.585964,-23.667232],[-65.585795,-23.667239],[-65.585518,-23.667234],[-65.585422,-23.667235],[-65.585347,-23.667256],[-65.585247,-23.667315],[-65.58517,-23.667391],[-65.585152,-23.66745],[-65.585145,-23.667524],[-65.585151,-23.667579],[-65.585188,-23.667625],[-65.585237,-23.667663],[-65.585317,-23.667681],[-65.585418,-23.667681],[-65.585556,-23.667671],[-65.586283,-23.667499],[-65.58647,-23.667467],[-65.586639,-23.667485],[-65.58694,-23.667571],[-65.587039,-23.667571],[-65.587149,-23.667524],[-65.587219,-23.667458],[-65.587246,-23.667381],[-65.587248,-23.667205],[-65.587264,-23.667084],[-65.587326,-23.667],[-65.587415,-23.666944],[-65.587796,-23.666826],[-65.587871,-23.666792],[-65.58794,-23.666743],[-65.58801,-23.666644],[-65.58804,-23.666541],[-65.588015,-23.666426],[-65.587975,-23.666249],[-65.587973,-23.666153],[-65.587997,-23.666067],[-65.588048,-23.666001],[-65.588163,-23.665839],[-65.588199,-23.665766],[-65.588225,-23.665689],[-65.588251,-23.665522],[-65.588305,-23.665281],[-65.588367,-23.665124],[-65.588458,-23.664981],[-65.588517,-23.664933],[-65.588592,-23.664898],[-65.588674,-23.664897],[-65.58874,-23.664915],[-65.588807,-23.664959],[-65.588852,-23.665004],[-65.588941,-23.665124],[-65.58911,-23.665279],[-65.589204,-23.665335],[-65.589308,-23.665392],[-65.590027,-23.665605],[-65.590467,-23.665772],[-65.590742,-23.665899],[-65.590979,-23.666025],[-65.591207,-23.666173],[-65.591489,-23.666374],[-65.59169,-23.666521],[-65.591886,-23.666622],[-65.592202,-23.666765],[-65.592516,-23.666885],[-65.59283,-23.666988],[-65.593096,-23.667111],[-65.593281,-23.667232],[-65.593356,-23.667291],[-65.593399,-23.667335],[-65.593434,-23.667428],[-65.593431,-23.667512],[-65.593361,-23.667605],[-65.593259,-23.667664],[-65.593136,-23.667716],[-65.593038,-23.667707],[-65.592956,-23.667679],[-65.592843,-23.667576],[-65.59272,-23.667399],[-65.592626,-23.667276],[-65.592531,-23.667206],[-65.592404,-23.667126],[-65.591813,-23.666893],[-65.591307,-23.666686],[-65.591063,-23.666618],[-65.590003,-23.666392],[-65.589831,-23.666387],[-65.589692,-23.66645],[-65.589625,-23.666534],[-65.589603,-23.66661],[-65.589614,-23.666701],[-65.589676,-23.666821],[-65.589896,-23.667074],[-65.590019,-23.66716],[-65.590134,-23.66718],[-65.590258,-23.667163],[-65.590435,-23.667114],[-65.590511,-23.667094],[-65.590577,-23.667094],[-65.590649,-23.667114],[-65.590711,-23.667148],[-65.590755,-23.667206],[-65.590789,-23.667288],[-65.590842,-23.667531],[-65.590859,-23.667594],[-65.590902,-23.667657],[-65.590981,-23.667713],[-65.591076,-23.667745],[-65.591223,-23.667755],[-65.591411,-23.667718],[-65.59151,-23.66772],[-65.591612,-23.667743],[-65.591669,-23.667787],[-65.591725,-23.667851],[-65.59177,-23.667969],[-65.591768,-23.668069],[-65.591711,-23.668453],[-65.591636,-23.668622],[-65.591537,-23.668735],[-65.591416,-23.668808],[-65.591274,-23.66887],[-65.590258,-23.669182],[-65.590075,-23.669245],[-65.589904,-23.669312],[-65.589625,-23.669445],[-65.589378,-23.669585],[-65.589204,-23.669701],[-65.589,-23.669831],[-65.588957,-23.669882],[-65.588925,-23.669939],[-65.588919,-23.670025],[-65.588931,-23.670098],[-65.588986,-23.670167],[-65.589096,-23.670214],[-65.589225,-23.670184],[-65.589343,-23.670116],[-65.58967,-23.669774],[-65.589818,-23.669696],[-65.589955,-23.669654],[-65.590341,-23.669647],[-65.590628,-23.669649],[-65.590904,-23.669708],[-65.591242,-23.669806],[-65.591615,-23.669877],[-65.592251,-23.66996],[-65.59246,-23.66996],[-65.59262,-23.669945],[-65.592792,-23.669912],[-65.593109,-23.669791],[-65.593259,-23.669791],[-65.593332,-23.669825],[-65.593382,-23.669868],[-65.593425,-23.669949],[-65.593423,-23.670015],[-65.593393,-23.670081],[-65.593324,-23.670165],[-65.593141,-23.670221],[-65.59287,-23.670241],[-65.592092,-23.670258],[-65.591832,-23.670278],[-65.59161,-23.670332],[-65.591374,-23.670374],[-65.59117,-23.670371],[-65.590837,-23.670312],[-65.590679,-23.670332],[-65.590572,-23.670401],[-65.59051,-23.670514],[-65.590507,-23.670629],[-65.590555,-23.670747],[-65.590673,-23.670853],[-65.590851,-23.670929],[-65.591044,-23.670966],[-65.591251,-23.67098],[-65.591612,-23.670934],[-65.593224,-23.670752],[-65.593374,-23.670754],[-65.593448,-23.670796],[-65.593495,-23.670838],[-65.593527,-23.670909],[-65.59353,-23.670975],[-65.593517,-23.671042],[-65.593444,-23.671125],[-65.593305,-23.671199],[-65.593104,-23.671287],[-65.593048,-23.671348],[-65.59302,-23.671418],[-65.59302,-23.671526],[-65.593066,-23.671627],[-65.593113,-23.671679],[-65.593187,-23.671712],[-65.593301,-23.671695],[-65.593334,-23.67169],[-65.593541,-23.671577],[-65.593737,-23.671518],[-65.59394,-23.671531],[-65.594123,-23.671585],[-65.594541,-23.671813],[-65.594618,-23.671836],[-65.59471,-23.671835],[-65.594823,-23.671781],[-65.595032,-23.671597],[-65.595123,-23.671509],[-65.595226,-23.671461],[-65.595346,-23.671423],[-65.596585,-23.671228],[-65.596805,-23.671214],[-65.597057,-23.671204],[-65.598809,-23.671278],[-65.598964,-23.6713],[-65.599135,-23.671351],[-65.599251,-23.671408],[-65.599546,-23.671548],[-65.599718,-23.671604],[-65.600005,-23.671668],[-65.600177,-23.671714],[-65.600313,-23.671776],[-65.600418,-23.671855],[-65.600568,-23.672022],[-65.600718,-23.672194],[-65.60084,-23.672312],[-65.601258,-23.67267],[-65.601834,-23.673095],[-65.602325,-23.673373],[-65.602637,-23.673524],[-65.602982,-23.673675],[-65.603942,-23.67413],[-65.604066,-23.674167],[-65.604134,-23.674169],[-65.604203,-23.674157],[-65.604291,-23.674103],[-65.604342,-23.67399],[-65.604355,-23.673911],[-65.604342,-23.673823],[-65.603905,-23.67257],[-65.603859,-23.672344],[-65.603842,-23.672171],[-65.603852,-23.672018],[-65.6039,-23.671846],[-65.603976,-23.671688],[-65.60406,-23.671575],[-65.604157,-23.671466],[-65.604286,-23.671356],[-65.604508,-23.671241],[-65.60475,-23.671182],[-65.604999,-23.671174],[-65.605238,-23.671216],[-65.60549,-23.67131],[-65.605705,-23.671445],[-65.605879,-23.671602],[-65.60599,-23.671753],[-65.606101,-23.671938],[-65.606582,-23.672882],[-65.606651,-23.672985],[-65.606737,-23.673073],[-65.606893,-23.673167],[-65.607105,-23.67326],[-65.608435,-23.673764],[-65.608672,-23.673826],[-65.608937,-23.673874],[-65.609291,-23.673904],[-65.609629,-23.673904],[-65.609977,-23.67385],[-65.610318,-23.673776],[-65.610702,-23.673687],[-65.610954,-23.673633],[-65.61108,-23.673643],[-65.611166,-23.673687],[-65.611221,-23.673762],[-65.61123,-23.673842],[-65.6112,-23.673926],[-65.611107,-23.674004],[-65.610978,-23.674034],[-65.610821,-23.674028],[-65.610712,-23.674041],[-65.610554,-23.674078],[-65.609859,-23.674275],[-65.609728,-23.674316],[-65.609639,-23.674363],[-65.609587,-23.674416],[-65.609551,-23.674474],[-65.609547,-23.674529],[-65.609559,-23.674599],[-65.609606,-23.674646],[-65.609664,-23.674677],[-65.609753,-23.674674],[-65.609849,-23.674636],[-65.610106,-23.674515],[-65.610299,-23.674442],[-65.610525,-23.674415],[-65.610924,-23.674397],[-65.611203,-23.674368],[-65.611522,-23.674314],[-65.61167,-23.674321],[-65.611772,-23.674368],[-65.611831,-23.674439],[-65.611839,-23.674537],[-65.611804,-23.674631],[-65.611729,-23.67469],[-65.611627,-23.674719],[-65.611453,-23.674717],[-65.611171,-23.674677],[-65.610991,-23.67469],[-65.610774,-23.674731],[-65.609819,-23.675041],[-65.609631,-23.675142],[-65.60958,-23.675187],[-65.609545,-23.675257],[-65.609542,-23.675335],[-65.60957,-23.675407],[-65.609608,-23.675461],[-65.609674,-23.6755],[-65.609756,-23.675522],[-65.609859,-23.675505],[-65.610007,-23.675427],[-65.610388,-23.675161],[-65.610583,-23.675088],[-65.610743,-23.675041],[-65.611031,-23.675004],[-65.611501,-23.674994],[-65.611726,-23.675029],[-65.611941,-23.675078],[-65.612874,-23.675478],[-65.613038,-23.67552],[-65.613201,-23.675552],[-65.613534,-23.675591],[-65.613659,-23.675621],[-65.613773,-23.67565],[-65.613864,-23.675724],[-65.613891,-23.67582],[-65.613842,-23.675901],[-65.613751,-23.675935],[-65.613582,-23.67592],[-65.613374,-23.675887],[-65.613083,-23.675809],[-65.612926,-23.675778],[-65.612678,-23.675736],[-65.611909,-23.675692],[-65.611646,-23.67569],[-65.611369,-23.675721],[-65.611112,-23.675805],[-65.610892,-23.675925],[-65.610015,-23.676522],[-65.609752,-23.676667],[-65.609476,-23.676807],[-65.609283,-23.676878],[-65.609114,-23.676874],[-65.608939,-23.676849],[-65.608827,-23.676856],[-65.608753,-23.676899],[-65.608711,-23.676952],[-65.608693,-23.677028],[-65.608684,-23.677087],[-65.608719,-23.677171],[-65.608781,-23.67724],[-65.608894,-23.677294],[-65.609082,-23.677274],[-65.609511,-23.677186],[-65.609662,-23.677139],[-65.610793,-23.676687],[-65.611029,-23.676621],[-65.611292,-23.676589],[-65.611495,-23.676584],[-65.611753,-23.676608],[-65.612053,-23.676694],[-65.61259,-23.67691],[-65.613019,-23.677041],[-65.61395,-23.677298],[-65.61419,-23.677338],[-65.614339,-23.677338],[-65.614634,-23.677316],[-65.614843,-23.677325],[-65.61506,-23.67738],[-65.615267,-23.677505],[-65.615544,-23.677748],[-65.615679,-23.677836],[-65.615814,-23.677881],[-65.616004,-23.677893],[-65.61708,-23.677895],[-65.6173,-23.67793],[-65.617532,-23.677998],[-65.617952,-23.678205],[-65.618126,-23.67827],[-65.6183,-23.678315],[-65.618877,-23.678409],[-65.619977,-23.67856],[-65.620288,-23.678603],[-65.620679,-23.678678],[-65.621369,-23.678851],[-65.621516,-23.678882],[-65.621637,-23.678888],[-65.621838,-23.67889],[-65.622117,-23.6789],[-65.622238,-23.678925],[-65.622315,-23.678984],[-65.62235,-23.679052],[-65.622364,-23.679116],[-65.622337,-23.6792],[-65.622267,-23.679283],[-65.622157,-23.679335],[-65.622023,-23.679337],[-65.621688,-23.679239],[-65.62139,-23.679168],[-65.621095,-23.679116],[-65.620776,-23.679094],[-65.620454,-23.679092],[-65.618719,-23.679183],[-65.618405,-23.679195],[-65.618163,-23.679187],[-65.617981,-23.679175],[-65.617855,-23.679217],[-65.617777,-23.6793],[-65.617753,-23.679399],[-65.617772,-23.679497],[-65.617836,-23.679544],[-65.617978,-23.679549],[-65.6181,-23.679519],[-65.618346,-23.67945],[-65.618571,-23.679411],[-65.618697,-23.679411],[-65.618834,-23.679436],[-65.620151,-23.679701],[-65.620537,-23.679782],[-65.620883,-23.67991],[-65.621194,-23.680082],[-65.621342,-23.680184],[-65.621452,-23.680276],[-65.621798,-23.68061],[-65.621897,-23.680693],[-65.622012,-23.680777],[-65.622257,-23.680885],[-65.622514,-23.680995],[-65.622782,-23.68116],[-65.623112,-23.681325],[-65.623254,-23.68137],[-65.623407,-23.681386],[-65.62393,-23.681428],[-65.624362,-23.681484],[-65.624823,-23.681597],[-65.625569,-23.681789],[-65.626009,-23.681958],[-65.626205,-23.682061],[-65.626457,-23.682253],[-65.626607,-23.682332],[-65.626717,-23.682327],[-65.626814,-23.682275],[-65.626875,-23.682189],[-65.626924,-23.682075],[-65.627004,-23.681759],[-65.627052,-23.681504],[-65.62705,-23.681297],[-65.627021,-23.681156],[-65.626977,-23.681015],[-65.626717,-23.680462],[-65.626665,-23.680383],[-65.62665,-23.680303],[-65.626645,-23.680204],[-65.626702,-23.680125],[-65.626757,-23.680072],[-65.626854,-23.680032],[-65.626977,-23.680042],[-65.627042,-23.680088],[-65.62709,-23.680143],[-65.627119,-23.680276],[-65.627138,-23.680445],[-65.627169,-23.680569],[-65.627216,-23.680728],[-65.627331,-23.681084],[-65.627404,-23.681472],[-65.627433,-23.681865],[-65.627425,-23.682095],[-65.627396,-23.682324],[-65.627312,-23.682722],[-65.627291,-23.682894],[-65.62732,-23.683012],[-65.627367,-23.683077],[-65.627447,-23.683103],[-65.627554,-23.683081],[-65.627653,-23.682997],[-65.627696,-23.682887],[-65.627712,-23.68272],[-65.627715,-23.682253],[-65.627739,-23.681995],[-65.627822,-23.681472],[-65.62783,-23.681256],[-65.627814,-23.681],[-65.627776,-23.68072],[-65.627766,-23.680562],[-65.627803,-23.680438],[-65.627884,-23.680357],[-65.628007,-23.680332],[-65.62812,-23.680384],[-65.628173,-23.680459],[-65.62819,-23.680558],[-65.628232,-23.682609],[-65.628329,-23.684714],[-65.628334,-23.6851],[-65.628375,-23.685272],[-65.628469,-23.685363],[-65.628592,-23.685397],[-65.628714,-23.685344],[-65.628772,-23.685281],[-65.628788,-23.685188],[-65.628766,-23.684773],[-65.628742,-23.684331],[-65.628741,-23.684105],[-65.628761,-23.683909],[-65.629048,-23.682189],[-65.629081,-23.681969],[-65.629099,-23.681729],[-65.629102,-23.681528],[-65.629093,-23.681131],[-65.629097,-23.680976],[-65.629136,-23.680855],[-65.629193,-23.680799],[-65.629265,-23.680767],[-65.629359,-23.680762],[-65.629434,-23.680805],[-65.629477,-23.680868],[-65.62948,-23.680971],[-65.629362,-23.681612],[-65.629336,-23.681816],[-65.629343,-23.682015],[-65.629425,-23.683123],[-65.629458,-23.683531],[-65.629498,-23.683892],[-65.629603,-23.684329],[-65.629707,-23.684705],[-65.630171,-23.686297],[-65.630187,-23.686399],[-65.630193,-23.686515],[-65.630163,-23.686677],[-65.630096,-23.68681],[-65.629959,-23.686984],[-65.629611,-23.687277],[-65.629034,-23.687847],[-65.62891,-23.687953],[-65.628771,-23.68806],[-65.6285,-23.688244],[-65.628342,-23.688353],[-65.628288,-23.688426],[-65.628271,-23.688496],[-65.628275,-23.688586],[-65.628358,-23.688728],[-65.629179,-23.689554],[-65.629299,-23.689652],[-65.629458,-23.68976],[-65.629726,-23.689934],[-65.629922,-23.690013],[-65.630104,-23.690062],[-65.630321,-23.690109],[-65.63052,-23.690114],[-65.631724,-23.69005],[-65.631995,-23.690035],[-65.632132,-23.690045],[-65.632268,-23.690064],[-65.632505,-23.690131],[-65.632893,-23.690249],[-65.633202,-23.690317],[-65.63351,-23.690342],[-65.63372,-23.690352],[-65.633862,-23.690411],[-65.633926,-23.690509],[-65.63391,-23.690651],[-65.633768,-23.690873],[-65.633561,-23.691089],[-65.633419,-23.691192],[-65.633197,-23.691248],[-65.632947,-23.69128],[-65.632767,-23.691317],[-65.632631,-23.691401],[-65.632537,-23.691536],[-65.632494,-23.691663],[-65.63247,-23.691828],[-65.632494,-23.692017],[-65.63255,-23.692204],[-65.632633,-23.692405],[-65.632802,-23.692727],[-65.632934,-23.692938],[-65.633204,-23.693291],[-65.633455,-23.693592],[-65.634717,-23.694989],[-65.6349,-23.69521],[-65.635104,-23.69548],[-65.635291,-23.695731],[-65.635975,-23.696792],[-65.636142,-23.696981],[-65.636351,-23.697163],[-65.636557,-23.697293],[-65.636785,-23.697369],[-65.636981,-23.697398],[-65.637161,-23.697413],[-65.637376,-23.697393],[-65.638014,-23.697224],[-65.638228,-23.697168],[-65.638513,-23.697148],[-65.639639,-23.697055],[-65.639921,-23.697059],[-65.640235,-23.697104],[-65.640543,-23.697174],[-65.640777,-23.697204],[-65.641498,-23.697268],[-65.641777,-23.697305],[-65.641992,-23.697347],[-65.64222,-23.697435],[-65.642472,-23.69758],[-65.643263,-23.698145],[-65.643671,-23.698403],[-65.643928,-23.698577],[-65.644717,-23.699221],[-65.644856,-23.699304],[-65.644996,-23.699344],[-65.64517,-23.699329],[-65.645492,-23.699236],[-65.645863,-23.699135],[-65.645987,-23.699089],[-65.646145,-23.699021],[-65.646444,-23.698895],[-65.646806,-23.698742],[-65.64697,-23.698622],[-65.64708,-23.698515],[-65.647152,-23.698398],[-65.647665,-23.697347],[-65.647766,-23.697032],[-65.647807,-23.696846],[-65.647847,-23.696416],[-65.647844,-23.696165],[-65.647812,-23.695881],[-65.647753,-23.695434],[-65.647734,-23.695173],[-65.647742,-23.694713],[-65.647782,-23.694155],[-65.647833,-23.693976],[-65.647887,-23.69386],[-65.648,-23.693745],[-65.648168,-23.693662],[-65.648393,-23.693622],[-65.648605,-23.693668],[-65.648948,-23.693857],[-65.649166,-23.693959],[-65.649283,-23.693997],[-65.6496,-23.69411],[-65.649734,-23.694191],[-65.64983,-23.694287],[-65.650579,-23.695321],[-65.65075,-23.695471],[-65.650984,-23.695609],[-65.651311,-23.695805],[-65.651493,-23.695935],[-65.651764,-23.696164],[-65.652142,-23.696512],[-65.652341,-23.696714],[-65.652526,-23.696949],[-65.652781,-23.697333],[-65.653041,-23.697649],[-65.653323,-23.697934],[-65.653551,-23.698138],[-65.654162,-23.698558],[-65.654414,-23.69874],[-65.654629,-23.698902],[-65.65582,-23.699911],[-65.65597,-23.69999],[-65.65612,-23.699988],[-65.656268,-23.699919],[-65.65641,-23.699725],[-65.656552,-23.699494],[-65.65663,-23.69942],[-65.656791,-23.699329],[-65.657008,-23.699278],[-65.658448,-23.69901],[-65.658762,-23.698986],[-65.659022,-23.699003],[-65.659441,-23.699128],[-65.659583,-23.699204],[-65.659679,-23.699322],[-65.659701,-23.699442],[-65.65969,-23.699826],[-65.659688,-23.700056],[-65.659717,-23.700379],[-65.659768,-23.700761],[-65.659808,-23.701012],[-65.659846,-23.701136],[-65.659916,-23.701265],[-65.660417,-23.701928],[-65.66055,-23.702054],[-65.660709,-23.702181],[-65.661082,-23.702395],[-65.661447,-23.702544],[-65.661699,-23.702606],[-65.661943,-23.702647],[-65.662287,-23.702652],[-65.662783,-23.702613],[-65.663129,-23.702601],[-65.663502,-23.702616],[-65.663845,-23.702672],[-65.664215,-23.702758],[-65.666726,-23.703539],[-65.667182,-23.703716],[-65.667608,-23.70391],[-65.669287,-23.704792],[-65.669495,-23.704864],[-65.66966,-23.704866],[-65.669802,-23.704837],[-65.66994,-23.704721],[-65.66998,-23.704647],[-65.670016,-23.704465],[-65.669991,-23.703398],[-65.670008,-23.703275],[-65.67005,-23.703214],[-65.670107,-23.703173],[-65.67025,-23.703157],[-65.6704,-23.703224],[-65.670487,-23.70331],[-65.670652,-23.703785],[-65.670711,-23.703917],[-65.670802,-23.704073],[-65.6709,-23.70419],[-65.670998,-23.704283],[-65.671455,-23.704621],[-65.6716,-23.704765],[-65.671696,-23.704889],[-65.671843,-23.705122],[-65.671941,-23.705287],[-65.672141,-23.705694],[-65.672205,-23.705892],[-65.672247,-23.706066],[-65.672292,-23.706385],[-65.67233,-23.706541],[-65.672438,-23.706722],[-65.673082,-23.707376],[-65.673281,-23.707543],[-65.673522,-23.707677],[-65.6738,-23.707871],[-65.674132,-23.70813],[-65.674413,-23.708388],[-65.674708,-23.708728],[-65.674929,-23.709055],[-65.675016,-23.709218],[-65.675076,-23.709381],[-65.675155,-23.709669],[-65.675362,-23.710512],[-65.675396,-23.710827],[-65.675395,-23.711147],[-65.675355,-23.711479],[-65.675263,-23.711745],[-65.675086,-23.712025],[-65.674332,-23.713059],[-65.674272,-23.713191],[-65.674259,-23.713307],[-65.67432,-23.713402],[-65.67442,-23.713465],[-65.674553,-23.713498],[-65.674627,-23.71349],[-65.674701,-23.713452],[-65.674806,-23.713301],[-65.675066,-23.712899],[-65.675268,-23.712629],[-65.675544,-23.712296],[-65.67571,-23.712096],[-65.675936,-23.711884],[-65.676201,-23.711597],[-65.676317,-23.711441],[-65.676409,-23.711243],[-65.676469,-23.71104],[-65.676508,-23.710827],[-65.67652,-23.710618],[-65.676516,-23.710354],[-65.676484,-23.709873],[-65.676398,-23.708674],[-65.676376,-23.708485],[-65.676344,-23.708318],[-65.676178,-23.707602],[-65.676139,-23.707382],[-65.676136,-23.70723],[-65.676143,-23.707092],[-65.676188,-23.706834],[-65.676195,-23.706692],[-65.676165,-23.706518],[-65.676059,-23.705992],[-65.67601,-23.705863],[-65.675929,-23.705742],[-65.67575,-23.705555],[-65.674988,-23.704851],[-65.674834,-23.70466],[-65.67473,-23.704464],[-65.674691,-23.704352],[-65.674663,-23.70424],[-65.674612,-23.703885],[-65.674587,-23.703751],[-65.674561,-23.703657],[-65.674503,-23.703559],[-65.674391,-23.703438],[-65.674175,-23.703213],[-65.674123,-23.70313],[-65.674087,-23.703046],[-65.674046,-23.70289],[-65.674026,-23.702705],[-65.673972,-23.702463],[-65.673903,-23.702288],[-65.673615,-23.701643],[-65.673587,-23.701498],[-65.673576,-23.701377],[-65.673603,-23.701251],[-65.673677,-23.701118],[-65.673782,-23.700996],[-65.674048,-23.700805],[-65.674192,-23.700688],[-65.674245,-23.700605],[-65.674294,-23.700459],[-65.674455,-23.699739],[-65.674501,-23.699616],[-65.67463,-23.699482],[-65.674802,-23.699391],[-65.67521,-23.699255],[-65.675431,-23.699144],[-65.675662,-23.698969],[-65.675787,-23.698861],[-65.675865,-23.698773],[-65.675926,-23.69867],[-65.675976,-23.698548],[-65.676054,-23.698271],[-65.676112,-23.698156],[-65.676182,-23.698087],[-65.676268,-23.698053],[-65.67642,-23.698064],[-65.676489,-23.698088],[-65.676547,-23.698136],[-65.676614,-23.698223],[-65.676755,-23.698678],[-65.676787,-23.698816],[-65.676792,-23.698929],[-65.676762,-23.699347],[-65.676771,-23.699527],[-65.676801,-23.699626],[-65.676853,-23.699729],[-65.677136,-23.700056],[-65.677294,-23.70017],[-65.677449,-23.700206],[-65.677546,-23.700193],[-65.677644,-23.700146],[-65.677793,-23.700017],[-65.678597,-23.699193],[-65.678706,-23.699126],[-65.678798,-23.699108],[-65.67888,-23.699115],[-65.67899,-23.699182],[-65.679056,-23.699295],[-65.679184,-23.700764],[-65.679222,-23.700954],[-65.679256,-23.701049],[-65.679337,-23.701129],[-65.679431,-23.701188],[-65.679584,-23.701236],[-65.679763,-23.701234],[-65.679936,-23.701161],[-65.681253,-23.70015],[-65.681368,-23.70009],[-65.681466,-23.700066],[-65.68157,-23.700086],[-65.68164,-23.700126],[-65.681688,-23.70017],[-65.68173,-23.700245],[-65.68175,-23.700324],[-65.681779,-23.700586],[-65.681821,-23.700743],[-65.681868,-23.700855],[-65.681952,-23.700978],[-65.682561,-23.701769],[-65.682639,-23.701844],[-65.682765,-23.701909],[-65.682918,-23.701918],[-65.683037,-23.701875],[-65.683185,-23.701743],[-65.683838,-23.701115],[-65.684032,-23.700987],[-65.684228,-23.700921],[-65.684416,-23.7009],[-65.684565,-23.700896],[-65.684788,-23.700945],[-65.685067,-23.701068],[-65.686999,-23.702129],[-65.68713,-23.70217],[-65.687258,-23.702164],[-65.687417,-23.70213],[-65.687614,-23.702037],[-65.687825,-23.701959],[-65.687971,-23.701932],[-65.688122,-23.701914],[-65.688928,-23.701935],[-65.689167,-23.701929],[-65.689369,-23.701908],[-65.690968,-23.701719],[-65.691262,-23.701707],[-65.691528,-23.701729],[-65.691878,-23.701801],[-65.692438,-23.701946],[-65.692728,-23.702045],[-65.692959,-23.70213],[-65.694599,-23.702896],[-65.694758,-23.702956],[-65.69496,-23.703001],[-65.695162,-23.702981],[-65.695391,-23.702886],[-65.698097,-23.701272],[-65.699827,-23.700097],[-65.699998,-23.700005],[-65.70017,-23.699938],[-65.701134,-23.699742],[-65.701453,-23.699657],[-65.701717,-23.699557],[-65.702012,-23.699413],[-65.702527,-23.699113],[-65.702976,-23.698781],[-65.703413,-23.69835],[-65.703606,-23.698123],[-65.703932,-23.697677],[-65.704086,-23.697498],[-65.704261,-23.697343],[-65.704452,-23.697205],[-65.704702,-23.697042],[-65.704986,-23.696888],[-65.705395,-23.696742],[-65.706666,-23.696456],[-65.707316,-23.696309],[-65.707512,-23.696243],[-65.707638,-23.696157],[-65.707734,-23.696041],[-65.707802,-23.695902],[-65.707832,-23.695718],[-65.70787,-23.69472],[-65.7079,-23.694485],[-65.707967,-23.694279],[-65.708091,-23.694025],[-65.708268,-23.693784],[-65.708461,-23.693592],[-65.708757,-23.693355],[-65.708985,-23.693236],[-65.709299,-23.693108],[-65.709942,-23.692985],[-65.71021,-23.692946],[-65.710391,-23.692943],[-65.7106,-23.692951],[-65.711568,-23.693106],[-65.71191,-23.693192],[-65.713073,-23.693515],[-65.714323,-23.693799],[-65.714678,-23.693864],[-65.715001,-23.6939],[-65.717095,-23.694174],[-65.717314,-23.694191],[-65.717768,-23.694199],[-65.718002,-23.694235],[-65.718189,-23.694322],[-65.718304,-23.694405],[-65.71884,-23.69495],[-65.719073,-23.695113],[-65.719233,-23.695154],[-65.719393,-23.695185],[-65.719635,-23.695207],[-65.719805,-23.695231],[-65.720023,-23.695279],[-65.72079,-23.695517],[-65.72106,-23.695575],[-65.721293,-23.695594],[-65.721745,-23.695601],[-65.722333,-23.695578],[-65.724033,-23.695455],[-65.724263,-23.695446],[-65.724693,-23.695482],[-65.724891,-23.695514],[-65.725106,-23.695588],[-65.725277,-23.69571],[-65.727195,-23.697062],[-65.727429,-23.697206],[-65.727636,-23.697319],[-65.727859,-23.697402],[-65.728283,-23.697466],[-65.728734,-23.697502],[-65.728885,-23.697526],[-65.729354,-23.697657],[-65.729557,-23.697688],[-65.729706,-23.697694],[-65.729989,-23.697677],[-65.730214,-23.697693],[-65.730369,-23.697709],[-65.731034,-23.697826],[-65.731235,-23.697846],[-65.731405,-23.697813],[-65.731499,-23.69776],[-65.731862,-23.697448],[-65.73202,-23.697303],[-65.732159,-23.697221],[-65.732316,-23.697175],[-65.732666,-23.697109],[-65.732979,-23.696997],[-65.733763,-23.69664],[-65.73438,-23.696315],[-65.735185,-23.695882],[-65.735576,-23.695686],[-65.737925,-23.694748],[-65.738145,-23.694637],[-65.739906,-23.693582],[-65.741629,-23.692522],[-65.741928,-23.692347],[-65.742097,-23.69222],[-65.742223,-23.692074],[-65.744996,-23.688782],[-65.745131,-23.688613],[-65.745432,-23.688218],[-65.74562,-23.687943],[-65.746489,-23.68654],[-65.746704,-23.686237],[-65.747285,-23.685476],[-65.75183,-23.679802],[-65.752587,-23.678925],[-65.753825,-23.677649],[-65.7541,-23.677342],[-65.754316,-23.677074],[-65.754524,-23.67678],[-65.7547,-23.6765],[-65.755586,-23.675018],[-65.757147,-23.672432],[-65.757745,-23.671425],[-65.758761,-23.66975],[-65.758993,-23.669388],[-65.759243,-23.66905],[-65.759414,-23.668829],[-65.759597,-23.668617],[-65.762083,-23.666105],[-65.762548,-23.665691],[-65.762892,-23.665436],[-65.763198,-23.665239],[-65.763536,-23.665032],[-65.763902,-23.664842],[-65.764046,-23.664777],[-65.764877,-23.664407],[-65.765236,-23.664281],[-65.765622,-23.66416],[-65.768248,-23.663389],[-65.773843,-23.661787],[-65.777511,-23.66073],[-65.778034,-23.660601],[-65.778423,-23.660534],[-65.778895,-23.660489],[-65.782581,-23.660183],[-65.783009,-23.660136],[-65.783458,-23.66005],[-65.783935,-23.659935],[-65.784612,-23.659735],[-65.790728,-23.657338],[-65.798991,-23.654085],[-65.800185,-23.6536],[-65.800588,-23.653464],[-65.800954,-23.653363],[-65.801543,-23.653248],[-65.80206,-23.653196],[-65.808519,-23.653074],[-65.809622,-23.653038],[-65.810022,-23.653004],[-65.810379,-23.65296],[-65.810765,-23.652895],[-65.811172,-23.652811],[-65.819537,-23.65087],[-65.820628,-23.650594],[-65.824834,-23.649398],[-65.82583,-23.649068],[-65.82898,-23.647902],[-65.838704,-23.644313],[-65.839325,-23.644081],[-65.839558,-23.643979],[-65.839765,-23.643839],[-65.83993,-23.643704],[-65.840146,-23.643448],[-65.840948,-23.642271],[-65.84335,-23.638745],[-65.845524,-23.635576],[-65.848245,-23.631609],[-65.853146,-23.624473],[-65.857974,-23.617416],[-65.861112,-23.612859],[-65.863295,-23.60965],[-65.863614,-23.609239],[-65.863868,-23.60898],[-65.864353,-23.608542],[-65.864547,-23.608413],[-65.864708,-23.608282],[-65.86476,-23.608249],[-65.864907,-23.608155],[-65.868634,-23.605735],[-65.873522,-23.602642],[-65.878661,-23.599321],[-65.879373,-23.598862],[-65.879498,-23.598781],[-65.882452,-23.596911],[-65.88283,-23.596697],[-65.883473,-23.59624],[-65.884672,-23.595486],[-65.885055,-23.59525],[-65.885453,-23.594998],[-65.892408,-23.590577],[-65.894853,-23.589015],[-65.896416,-23.588016],[-65.9041,-23.583104],[-65.937893,-23.561501],[-65.948494,-23.554723],[-65.950039,-23.553735],[-65.956147,-23.54983],[-65.962278,-23.545909],[-65.967754,-23.542408],[-65.968076,-23.542202],[-65.968314,-23.54205],[-65.971562,-23.539973],[-65.987214,-23.529964],[-65.996896,-23.523773],[-65.997556,-23.52335],[-65.998458,-23.522774],[-66.001702,-23.520663],[-66.004959,-23.518589],[-66.005289,-23.5184],[-66.005767,-23.518137],[-66.00625,-23.517908],[-66.006726,-23.517699],[-66.007536,-23.51738],[-66.008323,-23.517082],[-66.009916,-23.516482],[-66.013084,-23.51528],[-66.015106,-23.51452],[-66.017127,-23.513754],[-66.019169,-23.512987],[-66.028428,-23.50948],[-66.03196,-23.508178],[-66.032817,-23.507827],[-66.035118,-23.506957],[-66.036565,-23.506438],[-66.039745,-23.505263],[-66.04228,-23.504308],[-66.044182,-23.503572],[-66.0447,-23.50334],[-66.045202,-23.503087],[-66.045687,-23.502817],[-66.04638,-23.502388],[-66.051771,-23.498909],[-66.059682,-23.493803],[-66.061515,-23.492605],[-66.069635,-23.487383],[-66.070058,-23.487102],[-66.070158,-23.487036],[-66.070585,-23.486752],[-66.074583,-23.484183],[-66.076483,-23.482907],[-66.081817,-23.47918],[-66.083382,-23.478122],[-66.083862,-23.4778],[-66.084578,-23.477352],[-66.086527,-23.476183],[-66.107762,-23.463612],[-66.108882,-23.462932],[-66.109318,-23.462643],[-66.10974,-23.462338],[-66.110143,-23.462015],[-66.110533,-23.461677],[-66.110907,-23.461323],[-66.111432,-23.460765],[-66.122835,-23.447882],[-66.123107,-23.447604],[-66.123387,-23.447317],[-66.123775,-23.446965],[-66.12418,-23.446637],[-66.124595,-23.446327],[-66.12502,-23.446035],[-66.125453,-23.445762],[-66.125898,-23.44551],[-66.12635,-23.445283],[-66.126807,-23.445075],[-66.12774,-23.444698],[-66.13416,-23.442262],[-66.13563,-23.441692],[-66.13649,-23.441342],[-66.138443,-23.4406],[-66.140277,-23.439933],[-66.140961,-23.439673],[-66.141318,-23.439537],[-66.149612,-23.436381],[-66.150866,-23.435903],[-66.151253,-23.435757],[-66.150273,-23.434156],[-66.149884,-23.43352],[-66.148794,-23.431547],[-66.147395,-23.429516],[-66.146747,-23.428394],[-66.146163,-23.427491],[-66.145657,-23.426629],[-66.145348,-23.426018],[-66.144286,-23.42376],[-66.144196,-23.423575],[-66.143913,-23.422124],[-66.143862,-23.421959],[-66.14379,-23.421837],[-66.143576,-23.421636],[-66.143207,-23.421156],[-66.14297,-23.420656],[-66.142502,-23.419561],[-66.142285,-23.419154],[-66.142141,-23.418942],[-66.141931,-23.418738],[-66.141537,-23.418458],[-66.139644,-23.417308],[-66.137305,-23.41593],[-66.136899,-23.415645],[-66.136554,-23.415359],[-66.133919,-23.413044],[-66.128014,-23.407719],[-66.118208,-23.398857],[-66.115075,-23.3961],[-66.114328,-23.395459],[-66.113962,-23.395245],[-66.113718,-23.395059],[-66.113518,-23.394885],[-66.113324,-23.394672],[-66.113085,-23.394391],[-66.112655,-23.393923],[-66.112429,-23.393688],[-66.110917,-23.392328],[-66.109281,-23.390822],[-66.108123,-23.389838],[-66.107871,-23.389587],[-66.107658,-23.389367],[-66.107475,-23.389166],[-66.103836,-23.384727],[-66.097537,-23.377271],[-66.097011,-23.376662],[-66.096788,-23.376416],[-66.094965,-23.374539],[-66.094823,-23.374367],[-66.091605,-23.370152],[-66.091383,-23.369832],[-66.089905,-23.367286],[-66.089779,-23.366967],[-66.089694,-23.366677],[-66.08903,-23.364163],[-66.088957,-23.363738],[-66.088926,-23.363351],[-66.088745,-23.359715],[-66.088729,-23.359475],[-66.087957,-23.353881],[-66.08796,-23.353638],[-66.088005,-23.353396],[-66.088134,-23.352893],[-66.088158,-23.352645],[-66.088171,-23.351967],[-66.088219,-23.35157],[-66.088858,-23.348089],[-66.088972,-23.347577],[-66.089114,-23.347291],[-66.089263,-23.347075],[-66.089484,-23.346827],[-66.090622,-23.345774],[-66.090693,-23.345684],[-66.090721,-23.345585],[-66.090721,-23.345469],[-66.090672,-23.344909],[-66.090621,-23.344314],[-66.090616,-23.344281],[-66.090607,-23.344227],[-66.090591,-23.343981],[-66.090581,-23.343853],[-66.090557,-23.343481],[-66.090532,-23.343084],[-66.090503,-23.342703],[-66.090483,-23.342437],[-66.09044,-23.341852],[-66.090398,-23.341296],[-66.090359,-23.340756],[-66.090291,-23.340198],[-66.090291,-23.339676],[-66.090315,-23.339419],[-66.090325,-23.339304],[-66.090388,-23.338888],[-66.090409,-23.338765],[-66.090658,-23.337279],[-66.090782,-23.336623],[-66.090946,-23.33549],[-66.090966,-23.335251],[-66.090957,-23.335007],[-66.090918,-23.334425],[-66.090914,-23.334172],[-66.09094,-23.333957],[-66.091014,-23.333664],[-66.091111,-23.333338],[-66.09144,-23.332232],[-66.091478,-23.331965],[-66.091387,-23.331197],[-66.091352,-23.330996],[-66.091161,-23.330347],[-66.090815,-23.329253],[-66.090551,-23.328249],[-66.090297,-23.327531],[-66.090232,-23.327294],[-66.090131,-23.32684],[-66.090077,-23.326533],[-66.09006,-23.326258],[-66.090055,-23.326005],[-66.090073,-23.325714],[-66.090088,-23.32539],[-66.090085,-23.325303],[-66.090044,-23.325056],[-66.090045,-23.32483],[-66.090028,-23.322701],[-66.090018,-23.322504],[-66.089985,-23.322307],[-66.089877,-23.321726],[-66.089845,-23.321253],[-66.089755,-23.320219],[-66.089732,-23.320055],[-66.089694,-23.319949],[-66.089626,-23.319815],[-66.089403,-23.319325],[-66.089347,-23.319145],[-66.089247,-23.318687],[-66.089122,-23.317894],[-66.08895,-23.317028],[-66.088814,-23.316168],[-66.088748,-23.315635],[-66.088701,-23.315166],[-66.088644,-23.314574],[-66.088493,-23.313732],[-66.088466,-23.313484],[-66.088448,-23.313243],[-66.088437,-23.312738],[-66.088438,-23.311524],[-66.088457,-23.311345],[-66.088544,-23.310779],[-66.088644,-23.309903],[-66.088636,-23.309685],[-66.088617,-23.309547],[-66.088558,-23.30937],[-66.088193,-23.307774],[-66.088169,-23.307635],[-66.088163,-23.307468],[-66.088157,-23.306979],[-66.088193,-23.306173],[-66.088274,-23.304593],[-66.088274,-23.304247],[-66.088253,-23.304113],[-66.088214,-23.30401],[-66.088119,-23.303832],[-66.088076,-23.303718],[-66.088021,-23.303502],[-66.087982,-23.303295],[-66.087935,-23.303159],[-66.087868,-23.302996],[-66.087836,-23.302867],[-66.087841,-23.302756],[-66.087874,-23.302581],[-66.08792,-23.30229],[-66.087914,-23.302138],[-66.087857,-23.301752],[-66.087807,-23.301567],[-66.087656,-23.301232],[-66.087601,-23.301083],[-66.087581,-23.30095],[-66.087592,-23.300463],[-66.087573,-23.300323],[-66.087454,-23.299999],[-66.08741,-23.299762],[-66.087402,-23.299573],[-66.087422,-23.29937],[-66.087463,-23.299064],[-66.087436,-23.298937],[-66.08735,-23.298821],[-66.087205,-23.298635],[-66.087142,-23.298509],[-66.087122,-23.298369],[-66.087065,-23.297875],[-66.087034,-23.297704],[-66.08697,-23.297512],[-66.086817,-23.297262],[-66.086755,-23.297172],[-66.086718,-23.297061],[-66.08671,-23.296923],[-66.086735,-23.296237],[-66.086746,-23.296074],[-66.086817,-23.295474],[-66.08686,-23.295212],[-66.086921,-23.294936],[-66.087032,-23.294383],[-66.087138,-23.293588],[-66.087192,-23.292929],[-66.087215,-23.29236],[-66.087212,-23.292007],[-66.08716,-23.291522],[-66.087132,-23.291329],[-66.087134,-23.291215],[-66.087144,-23.291126],[-66.087128,-23.291047],[-66.087079,-23.290937],[-66.087043,-23.290819],[-66.087005,-23.290425],[-66.086994,-23.29006],[-66.087012,-23.289876],[-66.087069,-23.289706],[-66.087216,-23.289347],[-66.087366,-23.289002],[-66.087591,-23.288568],[-66.087806,-23.288273],[-66.087838,-23.288115],[-66.087785,-23.287869],[-66.087752,-23.287642],[-66.087806,-23.287435],[-66.087881,-23.287277],[-66.087913,-23.28713],[-66.087871,-23.287036],[-66.087688,-23.286726],[-66.087615,-23.286538],[-66.087581,-23.28635],[-66.087562,-23.285901],[-66.087534,-23.285791],[-66.087459,-23.285695],[-66.086798,-23.285021],[-66.086358,-23.28441],[-66.086262,-23.284208],[-66.086251,-23.284006],[-66.086336,-23.283749],[-66.086325,-23.283483],[-66.086302,-23.283364],[-66.08624,-23.283266],[-66.085467,-23.282606],[-66.085156,-23.282251],[-66.08493,-23.281868],[-66.084759,-23.281493],[-66.084673,-23.281167],[-66.08463,-23.280901],[-66.084572,-23.280791],[-66.083841,-23.279893],[-66.08375,-23.279719],[-66.083573,-23.27932],[-66.083461,-23.278891],[-66.083384,-23.278435],[-66.083364,-23.278181],[-66.083375,-23.27755],[-66.083364,-23.277246],[-66.083321,-23.277107],[-66.083064,-23.276654],[-66.082688,-23.276062],[-66.082604,-23.275879],[-66.082472,-23.275232],[-66.082393,-23.275053],[-66.082202,-23.274577],[-66.082132,-23.274462],[-66.081898,-23.274227],[-66.081798,-23.274071],[-66.081705,-23.273885],[-66.081005,-23.271762],[-66.080969,-23.271663],[-66.080855,-23.271437],[-66.08065,-23.271016],[-66.080592,-23.270854],[-66.080199,-23.2694],[-66.080125,-23.269053],[-66.080092,-23.268946],[-66.079953,-23.2687],[-66.079856,-23.268453],[-66.079856,-23.268296],[-66.079889,-23.268168],[-66.079889,-23.268069],[-66.079823,-23.267998],[-66.079642,-23.267892],[-66.079524,-23.267823],[-66.079438,-23.267738],[-66.079417,-23.267616],[-66.079449,-23.267409],[-66.07946,-23.267143],[-66.079406,-23.266916],[-66.079427,-23.266669],[-66.079427,-23.266472],[-66.079384,-23.266265],[-66.079266,-23.266108],[-66.079138,-23.266048],[-66.078869,-23.26596],[-66.078709,-23.265851],[-66.078569,-23.265654],[-66.078494,-23.265536],[-66.078432,-23.265474],[-66.078183,-23.26528],[-66.07803,-23.265127],[-66.077925,-23.264974],[-66.077775,-23.264659],[-66.07767,-23.264362],[-66.077432,-23.263693],[-66.077367,-23.263427],[-66.077382,-23.263316],[-66.077421,-23.26319],[-66.077721,-23.262717],[-66.077921,-23.2624],[-66.078039,-23.262247],[-66.078333,-23.261919],[-66.078676,-23.261436],[-66.078767,-23.261279],[-66.079364,-23.259971],[-66.079505,-23.25967],[-66.079564,-23.259532],[-66.079744,-23.258954],[-66.079811,-23.258821],[-66.079927,-23.258695],[-66.080115,-23.25852],[-66.080199,-23.25841],[-66.080222,-23.25832],[-66.080221,-23.258222],[-66.08018,-23.257935],[-66.080196,-23.257796],[-66.080266,-23.257583],[-66.080432,-23.257256],[-66.081004,-23.256221],[-66.08104,-23.256091],[-66.081101,-23.255857],[-66.081337,-23.254555],[-66.081359,-23.254387],[-66.081358,-23.25421],[-66.081326,-23.254018],[-66.081261,-23.253796],[-66.080913,-23.252955],[-66.080822,-23.252769],[-66.080639,-23.252505],[-66.080543,-23.252382],[-66.08046,-23.252313],[-66.080328,-23.252252],[-66.079325,-23.25189],[-66.079181,-23.251825],[-66.079068,-23.251668],[-66.078955,-23.251391],[-66.07882,-23.251091],[-66.078767,-23.25087],[-66.078701,-23.25044],[-66.078701,-23.250234],[-66.078783,-23.249245],[-66.078785,-23.249092],[-66.07873,-23.248917],[-66.078386,-23.247898],[-66.078236,-23.247497],[-66.078188,-23.247341],[-66.078,-23.246423],[-66.077924,-23.246058],[-66.077936,-23.245999],[-66.077926,-23.245869],[-66.077872,-23.245743],[-66.077821,-23.245628],[-66.077657,-23.244826],[-66.077605,-23.244687],[-66.077546,-23.244578],[-66.077367,-23.244244],[-66.077292,-23.244067],[-66.077231,-23.244004],[-66.077153,-23.243949],[-66.076992,-23.243889],[-66.076914,-23.243838],[-66.076885,-23.243781],[-66.076842,-23.243337],[-66.076767,-23.243121],[-66.076659,-23.243052],[-66.076488,-23.242992],[-66.076356,-23.242915],[-66.076291,-23.242828],[-66.076284,-23.242726],[-66.076327,-23.242628],[-66.076445,-23.24249],[-66.07667,-23.242322],[-66.076767,-23.242154],[-66.07678,-23.242024],[-66.076737,-23.241927],[-66.076638,-23.2418],[-66.076391,-23.241602],[-66.076343,-23.24151],[-66.076295,-23.241366],[-66.076187,-23.240942],[-66.076091,-23.240015],[-66.076026,-23.239591],[-66.076026,-23.239445],[-66.076058,-23.239217],[-66.076101,-23.238951],[-66.07608,-23.238783],[-66.076005,-23.238576],[-66.075951,-23.23829],[-66.075876,-23.238142],[-66.075833,-23.237973],[-66.075782,-23.237863],[-66.075661,-23.23763],[-66.075645,-23.237531],[-66.075661,-23.237432],[-66.075726,-23.237225],[-66.07579,-23.236939],[-66.075822,-23.236713],[-66.075822,-23.236151],[-66.075822,-23.235806],[-66.075839,-23.235657],[-66.075822,-23.235599],[-66.075715,-23.235461],[-66.075565,-23.235165],[-66.075415,-23.234771],[-66.075326,-23.234517],[-66.075232,-23.234406],[-66.075061,-23.234297],[-66.074814,-23.234199],[-66.074713,-23.234135],[-66.074653,-23.234071],[-66.074567,-23.233893],[-66.074492,-23.233755],[-66.074417,-23.233708],[-66.07431,-23.233676],[-66.073848,-23.233666],[-66.073687,-23.233637],[-66.073494,-23.233507],[-66.07343,-23.23343],[-66.073333,-23.233252],[-66.073281,-23.233198],[-66.073205,-23.233144],[-66.072532,-23.2328],[-66.072444,-23.232725],[-66.072421,-23.232631],[-66.072417,-23.232505],[-66.072453,-23.232395],[-66.072883,-23.231527],[-66.072904,-23.231428],[-66.072904,-23.231281],[-66.072861,-23.231192],[-66.072743,-23.231054],[-66.072604,-23.230758],[-66.072314,-23.230314],[-66.072257,-23.230232],[-66.072224,-23.230068],[-66.072196,-23.229792],[-66.072166,-23.229702],[-66.072078,-23.229575],[-66.072025,-23.229402],[-66.072014,-23.229289],[-66.071992,-23.228954],[-66.072002,-23.228728],[-66.072035,-23.22854],[-66.072075,-23.228405],[-66.072164,-23.228195],[-66.072207,-23.227958],[-66.072223,-23.227829],[-66.072207,-23.227633],[-66.072192,-23.227368],[-66.072211,-23.227193],[-66.072296,-23.226838],[-66.072377,-23.226618],[-66.072435,-23.226388],[-66.072514,-23.226234],[-66.072593,-23.226095],[-66.072601,-23.226026],[-66.072593,-23.225875],[-66.072618,-23.225744],[-66.072675,-23.225581],[-66.072826,-23.225328],[-66.073399,-23.224649],[-66.073472,-23.224543],[-66.073549,-23.224357],[-66.073599,-23.224186],[-66.073676,-23.22403],[-66.073729,-23.223793],[-66.073802,-23.223482],[-66.073847,-23.223361],[-66.073902,-23.223255],[-66.073908,-23.223159],[-66.073881,-23.223048],[-66.073773,-23.222841],[-66.073694,-23.22264],[-66.073591,-23.22223],[-66.073547,-23.222028],[-66.073508,-23.221929],[-66.073444,-23.22183],[-66.073312,-23.221687],[-66.073225,-23.221586],[-66.073073,-23.22129],[-66.073005,-23.221215],[-66.072943,-23.221168],[-66.072777,-23.221007],[-66.072495,-23.220671],[-66.072449,-23.220586],[-66.072396,-23.220474],[-66.072355,-23.220378],[-66.072281,-23.220305],[-66.072214,-23.220264],[-66.072066,-23.220171],[-66.071953,-23.220068],[-66.071898,-23.219982],[-66.071854,-23.219882],[-66.071778,-23.219742],[-66.071689,-23.219586],[-66.071569,-23.219418],[-66.071488,-23.219319],[-66.071446,-23.219254],[-66.0714,-23.219153],[-66.071322,-23.218985],[-66.071061,-23.218474],[-66.070978,-23.218352],[-66.070936,-23.21824],[-66.070759,-23.217912],[-66.070686,-23.21784],[-66.070597,-23.217776],[-66.07057,-23.217721],[-66.070557,-23.217602],[-66.070545,-23.217494],[-66.070463,-23.217348],[-66.070299,-23.217091],[-66.070246,-23.217026],[-66.070191,-23.216982],[-66.070144,-23.216938],[-66.070121,-23.216814],[-66.070091,-23.216735],[-66.069835,-23.216318],[-66.069761,-23.21618],[-66.069741,-23.216105],[-66.069549,-23.215426],[-66.069515,-23.215346],[-66.069455,-23.215254],[-66.0694,-23.215118],[-66.069368,-23.215038],[-66.069314,-23.214978],[-66.069196,-23.214875],[-66.069106,-23.214723],[-66.069032,-23.214531],[-66.068989,-23.214387],[-66.068937,-23.214173],[-66.068896,-23.214117],[-66.068844,-23.214071],[-66.068732,-23.213988],[-66.068604,-23.213871],[-66.068515,-23.213755],[-66.068451,-23.213672],[-66.068195,-23.213411],[-66.067939,-23.213131],[-66.067803,-23.213013],[-66.067673,-23.21292],[-66.067537,-23.212748],[-66.067311,-23.212409],[-66.067065,-23.212006],[-66.066991,-23.211929],[-66.066933,-23.211861],[-66.066914,-23.211811],[-66.066885,-23.211711],[-66.066671,-23.21126],[-66.066632,-23.211204],[-66.066575,-23.211141],[-66.066552,-23.211082],[-66.066534,-23.21096],[-66.066509,-23.210872],[-66.066082,-23.210097],[-66.066011,-23.209951],[-66.065733,-23.209175],[-66.065694,-23.209099],[-66.065614,-23.209007],[-66.065558,-23.208938],[-66.065542,-23.208897],[-66.06553,-23.208834],[-66.065542,-23.208695],[-66.065527,-23.208613],[-66.065288,-23.207904],[-66.065195,-23.207692],[-66.065102,-23.207539],[-66.064086,-23.206054],[-66.063999,-23.205969],[-66.063966,-23.205907],[-66.063937,-23.205732],[-66.063901,-23.205548],[-66.063696,-23.204787],[-66.063634,-23.204664],[-66.063565,-23.204544],[-66.063489,-23.204437],[-66.063362,-23.204286],[-66.06321,-23.204101],[-66.063094,-23.203937],[-66.062786,-23.203497],[-66.062661,-23.203341],[-66.06258,-23.203273],[-66.062449,-23.203187],[-66.062211,-23.203041],[-66.061961,-23.202847],[-66.06179,-23.202709],[-66.061683,-23.202613],[-66.060781,-23.201787],[-66.060667,-23.201662],[-66.060445,-23.201433],[-66.06026,-23.201245],[-66.059956,-23.20099],[-66.058878,-23.200057],[-66.058784,-23.199991],[-66.058585,-23.199852],[-66.058478,-23.199782],[-66.058429,-23.199726],[-66.058348,-23.199617],[-66.058172,-23.199401],[-66.057961,-23.199098],[-66.057666,-23.198743],[-66.057285,-23.198343],[-66.057115,-23.198167],[-66.056817,-23.197927],[-66.056528,-23.197702],[-66.055583,-23.19709],[-66.055459,-23.196979],[-66.055345,-23.196869],[-66.054634,-23.196201],[-66.054571,-23.196125],[-66.054511,-23.196047],[-66.054447,-23.195905],[-66.054393,-23.195831],[-66.053909,-23.195374],[-66.053792,-23.195281],[-66.053709,-23.19523],[-66.053596,-23.195169],[-66.05334,-23.195051],[-66.052876,-23.19483],[-66.052677,-23.194724],[-66.052613,-23.194681],[-66.052522,-23.194594],[-66.052376,-23.194476],[-66.0521,-23.194311],[-66.051707,-23.194042],[-66.051282,-23.193668],[-66.051218,-23.193567],[-66.05116,-23.193377],[-66.051043,-23.192694],[-66.051003,-23.192561],[-66.050918,-23.192453],[-66.04912,-23.190317],[-66.048312,-23.189381],[-66.04644,-23.187189],[-66.045831,-23.186528],[-66.043546,-23.183758],[-66.043307,-23.183475],[-66.043044,-23.1832],[-66.041217,-23.181457],[-66.040922,-23.181158],[-66.040624,-23.180838],[-66.040366,-23.180527],[-66.039892,-23.179895],[-66.038957,-23.178601],[-66.037754,-23.177045],[-66.036073,-23.174964],[-66.035087,-23.173705],[-66.034151,-23.17261],[-66.033876,-23.172289],[-66.03311,-23.171431],[-66.033038,-23.171328],[-66.032981,-23.171208],[-66.032901,-23.171025],[-66.032797,-23.170719],[-66.032756,-23.170616],[-66.032699,-23.170544],[-66.032621,-23.170468],[-66.032413,-23.170274],[-66.032266,-23.170133],[-66.032113,-23.169944],[-66.031896,-23.169661],[-66.030624,-23.167974],[-66.029569,-23.166491],[-66.029118,-23.1658],[-66.028608,-23.164978],[-66.028339,-23.164555],[-66.026029,-23.160675],[-66.025916,-23.16043],[-66.025868,-23.160212],[-66.025841,-23.159968],[-66.025863,-23.159654],[-66.026142,-23.157637],[-66.026389,-23.156026],[-66.026522,-23.155153],[-66.026771,-23.153461],[-66.026799,-23.153038],[-66.026764,-23.152596],[-66.026657,-23.151639],[-66.026476,-23.150198],[-66.026436,-23.149779],[-66.026288,-23.147344],[-66.025203,-23.131101],[-66.025129,-23.130573],[-66.025016,-23.12987],[-66.023144,-23.120306],[-66.020987,-23.109376],[-66.020884,-23.108782],[-66.020811,-23.108245],[-66.020261,-23.10357],[-66.019372,-23.095864],[-66.019217,-23.094299],[-66.019166,-23.09362],[-66.019027,-23.0917],[-66.018889,-23.088767],[-66.018557,-23.082941],[-66.018479,-23.080815],[-66.018371,-23.079073],[-66.018365,-23.078977],[-66.018348,-23.078883],[-66.018312,-23.078749],[-66.018287,-23.078597],[-66.018285,-23.078461],[-66.018295,-23.078339],[-66.01832,-23.078155],[-66.018377,-23.077764],[-66.018407,-23.077472],[-66.018247,-23.069949],[-66.018234,-23.069684],[-66.018057,-23.067867],[-66.017962,-23.066995],[-66.017669,-23.064471],[-66.016611,-23.054679],[-66.015711,-23.046615],[-66.015035,-23.040705],[-66.014864,-23.039252],[-66.014826,-23.039018],[-66.014774,-23.038753],[-66.014671,-23.038145],[-66.014604,-23.037631],[-66.014239,-23.034592],[-66.013961,-23.032163],[-66.013862,-23.03147],[-66.013792,-23.031051],[-66.013684,-23.030565],[-66.01309,-23.027947],[-66.012767,-23.026699],[-66.0126,-23.025987],[-66.011944,-23.023281],[-66.011889,-23.023114],[-66.011786,-23.022804],[-66.011668,-23.022535],[-66.0114,-23.021986],[-66.011259,-23.021691],[-66.011028,-23.02116],[-66.010623,-23.020182],[-66.010287,-23.019304],[-66.010092,-23.018741],[-66.010082,-23.018704],[-66.010034,-23.018513],[-66.010007,-23.018319],[-66.010001,-23.017446],[-66.010014,-23.017241],[-66.010171,-23.015831],[-66.010172,-23.01555],[-66.010152,-23.015185],[-66.010103,-23.015051],[-66.010036,-23.014945],[-66.009937,-23.014849],[-66.00921,-23.014228],[-66.00874,-23.013798],[-66.008554,-23.013603],[-66.008437,-23.013443],[-66.008314,-23.013243],[-66.006118,-23.009833],[-66.005758,-23.009222],[-66.005417,-23.008611],[-66.005339,-23.00844],[-66.00525,-23.008207],[-66.005188,-23.008002],[-66.005128,-23.007736],[-66.00508,-23.007478],[-66.005062,-23.007246],[-66.005065,-23.00696],[-66.005132,-23.006544],[-66.00518,-23.006294],[-66.005256,-23.006077],[-66.005357,-23.005808],[-66.005829,-23.004646],[-66.006212,-23.003648],[-66.006323,-23.003336],[-66.006559,-23.002596],[-66.006642,-23.002307],[-66.006923,-23.001245],[-66.007001,-23.000978],[-66.007145,-23.000562],[-66.007166,-23.000477],[-66.007301,-23.000027],[-66.007509,-22.999216],[-66.007573,-22.998967],[-66.007696,-22.998473],[-66.007772,-22.998231],[-66.008523,-22.996789],[-66.008577,-22.996679],[-66.008607,-22.99654],[-66.008564,-22.996346],[-66.008478,-22.996182],[-66.00838,-22.996015],[-66.00836,-22.996001],[-66.008286,-22.995948],[-66.008192,-22.995914],[-66.008075,-22.995897],[-66.006529,-22.996142],[-66.006202,-22.996159],[-66.006082,-22.996156],[-66.006026,-22.996228],[-66.005955,-22.996253],[-66.005139,-22.996471],[-66.004886,-22.996557],[-66.004259,-22.996812],[-66.001973,-22.997809],[-65.999538,-22.998407],[-65.998135,-22.998752],[-65.99729,-22.998857],[-65.995908,-22.999276],[-65.994883,-22.99968],[-65.99272,-23.000788],[-65.991614,-23.001596],[-65.989777,-23.00203],[-65.98685,-23.002464],[-65.98415,-23.003063],[-65.983402,-23.003437],[-65.982865,-23.003632],[-65.974035,-23.005877],[-65.962733,-23.008826],[-65.959644,-23.00935],[-65.956651,-23.010083],[-65.955188,-23.010906],[-65.954814,-23.011071],[-65.953903,-23.011086],[-65.95309,-23.011236],[-65.952602,-23.01137],[-65.951106,-23.01134],[-65.950618,-23.011355],[-65.94922,-23.011086],[-65.94761,-23.011221],[-65.946666,-23.0111],[-65.945667,-23.010705],[-65.944639,-23.010137],[-65.942893,-23.009381],[-65.941772,-23.009088],[-65.938101,-23.008538],[-65.935225,-23.008899],[-65.934767,-23.009106],[-65.925548,-23.013705],[-65.924988,-23.01398],[-65.918075,-23.018169],[-65.917541,-23.011689],[-65.917154,-23.010346],[-65.91694,-23.007857],[-65.91694,-23.005052],[-65.917279,-23.002797],[-65.921442,-22.992684],[-65.926422,-22.980717],[-65.931143,-22.969022],[-65.931271,-22.96835],[-65.932428,-22.967477],[-65.932988,-22.966453],[-65.933288,-22.96424],[-65.933887,-22.962656],[-65.934318,-22.960763],[-65.934054,-22.960496],[-65.933916,-22.960316],[-65.933835,-22.960137],[-65.93377,-22.959841],[-65.933798,-22.95959],[-65.933887,-22.959297],[-65.934662,-22.957286],[-65.934694,-22.957109],[-65.934717,-22.956958],[-65.934706,-22.956155],[-65.934668,-22.955922],[-65.934558,-22.955674],[-65.931959,-22.951478],[-65.929874,-22.94758],[-65.929338,-22.946603],[-65.929116,-22.946135],[-65.928955,-22.945673],[-65.928547,-22.944325],[-65.928422,-22.943811],[-65.928297,-22.943208],[-65.927968,-22.941618],[-65.927815,-22.940842],[-65.927757,-22.940707],[-65.927692,-22.940587],[-65.926825,-22.939056],[-65.92659,-22.938565],[-65.926437,-22.938179],[-65.92363,-22.929697],[-65.923138,-22.928003],[-65.923102,-22.927831],[-65.923075,-22.927645],[-65.923375,-22.920965],[-65.923618,-22.9171],[-65.923821,-22.914857],[-65.924963,-22.905905],[-65.925521,-22.902545],[-65.925687,-22.901768],[-65.925773,-22.901431],[-65.925907,-22.901003],[-65.926317,-22.899761],[-65.927753,-22.895578],[-65.927949,-22.895057],[-65.929297,-22.892029],[-65.929623,-22.891278],[-65.929773,-22.891016],[-65.929939,-22.89076],[-65.930042,-22.890586],[-65.930257,-22.890361],[-65.931944,-22.88875],[-65.932444,-22.888256],[-65.932753,-22.887937],[-65.932895,-22.887746],[-65.933021,-22.88754],[-65.936464,-22.879693],[-65.936859,-22.87872],[-65.936961,-22.878447],[-65.937062,-22.878105],[-65.938847,-22.870718],[-65.939684,-22.867199],[-65.939819,-22.866643],[-65.93988,-22.866257],[-65.939889,-22.866061],[-65.939898,-22.865795],[-65.939448,-22.862849],[-65.939286,-22.861436],[-65.939234,-22.861159],[-65.939123,-22.860847],[-65.938449,-22.859618],[-65.936333,-22.856003],[-65.936156,-22.855723],[-65.935968,-22.855469],[-65.935775,-22.855285],[-65.935561,-22.855173],[-65.93462,-22.854723],[-65.91306,-22.844427],[-65.911691,-22.843754],[-65.908995,-22.842428],[-65.90657,-22.841345],[-65.905325,-22.840925],[-65.904945,-22.840723],[-65.904747,-22.840558],[-65.904598,-22.840392],[-65.904375,-22.840059],[-65.904025,-22.83951],[-65.903751,-22.839228],[-65.903539,-22.839092],[-65.903315,-22.838967],[-65.902803,-22.838789],[-65.902284,-22.838589],[-65.900403,-22.837642],[-65.890649,-22.832414],[-65.880742,-22.826776],[-65.859921,-22.814925],[-65.848155,-22.808197],[-65.847558,-22.807932],[-65.836679,-22.80442],[-65.8255,-22.800826],[-65.825274,-22.80074],[-65.825048,-22.800607],[-65.824945,-22.800538],[-65.824672,-22.800354],[-65.8131,-22.79054],[-65.808878,-22.786971],[-65.803671,-22.78257],[-65.803126,-22.78221],[-65.790188,-22.773641],[-65.780829,-22.767521],[-65.780504,-22.767295],[-65.780012,-22.766982],[-65.77476,-22.762202],[-65.773003,-22.760724],[-65.76493,-22.753522],[-65.763986,-22.752631],[-65.763077,-22.751872],[-65.762833,-22.751729],[-65.762383,-22.75162],[-65.760744,-22.751459],[-65.758988,-22.751223],[-65.758455,-22.751116],[-65.758183,-22.751032],[-65.757948,-22.750896],[-65.757115,-22.750132],[-65.74402,-22.738733],[-65.743628,-22.738349],[-65.743212,-22.737875],[-65.741564,-22.735606],[-65.741171,-22.735175],[-65.740783,-22.734829],[-65.733096,-22.729041],[-65.732233,-22.728421],[-65.731789,-22.728068],[-65.730668,-22.726983],[-65.724887,-22.721236],[-65.724523,-22.720823],[-65.724182,-22.720358],[-65.723344,-22.719108],[-65.721899,-22.716953],[-65.721763,-22.716722],[-65.721627,-22.716442],[-65.721553,-22.716196],[-65.721491,-22.715914],[-65.72133,-22.714697],[-65.72123,-22.714146],[-65.721137,-22.713796],[-65.720974,-22.713267],[-65.719989,-22.710194],[-65.719895,-22.709894],[-65.719764,-22.709649],[-65.719512,-22.70933],[-65.71914,-22.708916],[-65.719015,-22.708803],[-65.718846,-22.708696],[-65.718621,-22.708711],[-65.709958,-22.7098],[-65.709625,-22.709837],[-65.709372,-22.709871],[-65.701077,-22.710914],[-65.694788,-22.711763],[-65.694481,-22.709603],[-65.694014,-22.7062],[-65.69383,-22.704833],[-65.693803,-22.704447],[-65.693784,-22.704036],[-65.693779,-22.703574],[-65.693806,-22.703141],[-65.693849,-22.702703],[-65.693902,-22.702284],[-65.693967,-22.701918],[-65.694066,-22.701401],[-65.694187,-22.700948],[-65.694313,-22.700528],[-65.694442,-22.700176],[-65.694592,-22.699793],[-65.694772,-22.699429],[-65.694954,-22.69906],[-65.695144,-22.698704],[-65.695337,-22.698387],[-65.695536,-22.698088],[-65.695721,-22.697798],[-65.696078,-22.697313],[-65.697236,-22.695923],[-65.69747,-22.695628],[-65.703235,-22.688563],[-65.704544,-22.686945],[-65.704724,-22.686692],[-65.704901,-22.68644],[-65.705075,-22.686155],[-65.705247,-22.685853],[-65.705389,-22.685576],[-65.705534,-22.685309],[-65.705668,-22.685015],[-65.705794,-22.684661],[-65.705925,-22.684287],[-65.706033,-22.683926],[-65.706143,-22.6835],[-65.706202,-22.68316],[-65.706277,-22.682725],[-65.706314,-22.682384],[-65.70633,-22.681983],[-65.70634,-22.68159],[-65.706328,-22.681201],[-65.706301,-22.680815],[-65.706239,-22.680399],[-65.705733,-22.676202],[-65.704909,-22.669076],[-65.704875,-22.668792],[-65.704735,-22.667527],[-65.704714,-22.667355],[-65.704096,-22.661926],[-65.703941,-22.660827],[-65.703836,-22.660137],[-65.703737,-22.659577],[-65.7036,-22.65901],[-65.70202,-22.653966],[-65.70196,-22.653784],[-65.701476,-22.652285],[-65.701272,-22.651545],[-65.701006,-22.650451],[-65.700428,-22.647836],[-65.700043,-22.645948],[-65.699515,-22.643438],[-65.698839,-22.640272],[-65.698769,-22.639903],[-65.698713,-22.639428],[-65.698643,-22.63871],[-65.69836,-22.634964],[-65.698125,-22.631268],[-65.697771,-22.62354],[-65.697765,-22.623393],[-65.697335,-22.614097],[-65.696846,-22.602797],[-65.696791,-22.601499],[-65.696654,-22.598111],[-65.696167,-22.587282],[-65.696165,-22.587247],[-65.69596,-22.582688],[-65.695316,-22.568494],[-65.695308,-22.568358],[-65.695132,-22.564344],[-65.694885,-22.557585],[-65.694805,-22.555776],[-65.694671,-22.553998],[-65.694559,-22.551681],[-65.694486,-22.550176],[-65.694472,-22.549703],[-65.69448,-22.549254],[-65.694518,-22.548749],[-65.695068,-22.543173],[-65.695223,-22.541654],[-65.69532,-22.540693],[-65.695387,-22.540153],[-65.695394,-22.540041],[-65.695476,-22.539412],[-65.695556,-22.53877],[-65.695724,-22.53801],[-65.695999,-22.537038],[-65.696068,-22.53679],[-65.696251,-22.536075],[-65.696353,-22.535681],[-65.696513,-22.535097],[-65.696819,-22.534106],[-65.696977,-22.533737],[-65.697144,-22.533377],[-65.697385,-22.532867],[-65.697501,-22.532622],[-65.697821,-22.531946],[-65.699022,-22.529295],[-65.702747,-22.52136],[-65.707196,-22.511799],[-65.707792,-22.510491],[-65.707953,-22.510129],[-65.70809,-22.509809],[-65.708189,-22.509507],[-65.708283,-22.509165],[-65.708387,-22.508799],[-65.70846,-22.508452],[-65.708516,-22.507988],[-65.709076,-22.501869],[-65.709139,-22.501284],[-65.709189,-22.500734],[-65.710302,-22.488309],[-65.71053,-22.485612],[-65.710564,-22.485164],[-65.710573,-22.484762],[-65.710557,-22.484403],[-65.710522,-22.484026],[-65.710471,-22.483602],[-65.710399,-22.483117],[-65.709428,-22.476993],[-65.708473,-22.470834],[-65.707069,-22.461601],[-65.707057,-22.461518],[-65.706786,-22.459735],[-65.704184,-22.442075],[-65.703471,-22.437187],[-65.702919,-22.433474],[-65.702803,-22.432692],[-65.7022,-22.428458],[-65.701757,-22.425791],[-65.701606,-22.424701],[-65.701455,-22.423891],[-65.701328,-22.423061],[-65.701236,-22.422461],[-65.701191,-22.422172],[-65.701147,-22.421892],[-65.701077,-22.421443],[-65.701042,-22.421203],[-65.701027,-22.421104],[-65.70091,-22.420308],[-65.70083,-22.419794],[-65.700819,-22.419727],[-65.700546,-22.41807],[-65.70016,-22.415651],[-65.699926,-22.414154],[-65.699441,-22.411046],[-65.699309,-22.410205],[-65.698848,-22.407037],[-65.698837,-22.406961],[-65.697868,-22.400819],[-65.69758,-22.399047],[-65.697485,-22.398434],[-65.697124,-22.396143],[-65.695089,-22.383249],[-65.694485,-22.379316],[-65.692791,-22.36875],[-65.691486,-22.360571],[-65.691369,-22.359767],[-65.689731,-22.34935],[-65.688046,-22.338755],[-65.687428,-22.334838],[-65.687167,-22.333075],[-65.686463,-22.328718],[-65.684214,-22.31422],[-65.683338,-22.308735],[-65.682614,-22.30404],[-65.682585,-22.303875],[-65.682041,-22.300416],[-65.681604,-22.297667],[-65.680985,-22.293822],[-65.680974,-22.293755],[-65.680619,-22.291546],[-65.680473,-22.290728],[-65.680329,-22.289796],[-65.680314,-22.289666],[-65.680282,-22.289413],[-65.680191,-22.288763],[-65.680045,-22.287993],[-65.679966,-22.287367],[-65.679903,-22.286912],[-65.679878,-22.286732],[-65.679839,-22.286489],[-65.679562,-22.28473],[-65.67938,-22.283617],[-65.67933,-22.283276],[-65.679275,-22.282931],[-65.679233,-22.282597],[-65.679199,-22.282272],[-65.679167,-22.281942],[-65.67914,-22.281627],[-65.679148,-22.280979],[-65.679414,-22.272938],[-65.679408,-22.272253],[-65.67939,-22.271932],[-65.679363,-22.271612],[-65.679325,-22.27129],[-65.679274,-22.270967],[-65.67921,-22.270647],[-65.679119,-22.270282],[-65.679014,-22.269927],[-65.678893,-22.269567],[-65.678754,-22.269202],[-65.678601,-22.268864],[-65.678435,-22.268534],[-65.678086,-22.267874],[-65.670935,-22.254626],[-65.668769,-22.2507],[-65.666475,-22.246576],[-65.664785,-22.243504],[-65.663946,-22.242012],[-65.663457,-22.241203],[-65.662934,-22.240406],[-65.662127,-22.239211],[-65.659635,-22.235523],[-65.658957,-22.234525],[-65.658456,-22.233702],[-65.657849,-22.23269],[-65.657487,-22.232091],[-65.655928,-22.229374],[-65.654968,-22.227756],[-65.654822,-22.22751],[-65.652586,-22.223739],[-65.65227,-22.223188],[-65.651372,-22.221658],[-65.651081,-22.221149],[-65.64817,-22.21615],[-65.646464,-22.213238],[-65.646131,-22.212709],[-65.645906,-22.212359],[-65.645619,-22.211971],[-65.645402,-22.211725],[-65.645168,-22.21148],[-65.644868,-22.211209],[-65.644554,-22.210951],[-65.644157,-22.210658],[-65.638409,-22.206602],[-65.637816,-22.206175],[-65.637516,-22.205944],[-65.637267,-22.205733],[-65.636985,-22.205475],[-65.636736,-22.205229],[-65.636491,-22.204971],[-65.636263,-22.20471],[-65.631708,-22.199709],[-65.623296,-22.190372],[-65.622641,-22.189631],[-65.622359,-22.189291],[-65.622107,-22.188958],[-65.621857,-22.18858],[-65.621637,-22.188198],[-65.621442,-22.187786],[-65.621283,-22.187391],[-65.621171,-22.187075],[-65.621071,-22.186752],[-65.620964,-22.186347],[-65.620897,-22.185985],[-65.620846,-22.185585],[-65.620833,-22.18517],[-65.620833,-22.184713],[-65.620859,-22.184167],[-65.62105,-22.181455],[-65.621074,-22.181037],[-65.621066,-22.180643],[-65.621023,-22.180128],[-65.620665,-22.176192],[-65.62064,-22.175807],[-65.620481,-22.174193],[-65.620424,-22.173699],[-65.620374,-22.173402],[-65.620308,-22.173067],[-65.62022,-22.172753],[-65.62014,-22.172463],[-65.620032,-22.172148],[-65.619869,-22.171724],[-65.618299,-22.168065],[-65.618085,-22.167519],[-65.617947,-22.167108],[-65.617836,-22.166691],[-65.617741,-22.166255],[-65.616913,-22.162783],[-65.615774,-22.157954],[-65.615679,-22.157637],[-65.615571,-22.157332],[-65.61542,-22.157027],[-65.615248,-22.156741],[-65.615032,-22.15647],[-65.614804,-22.156216],[-65.614572,-22.156002],[-65.614211,-22.155697],[-65.612616,-22.154433],[-65.612337,-22.1542],[-65.612066,-22.153934],[-65.611857,-22.153678],[-65.611633,-22.153347],[-65.606181,-22.144405],[-65.605969,-22.144014],[-65.605811,-22.143652],[-65.605674,-22.143301],[-65.60557,-22.142954],[-65.605444,-22.142501],[-65.604947,-22.140509],[-65.604867,-22.140182],[-65.604593,-22.13917],[-65.604392,-22.138598],[-65.604186,-22.138034],[-65.601645,-22.131644],[-65.599728,-22.126747],[-65.599481,-22.126106],[-65.59936,-22.125731],[-65.599282,-22.125363],[-65.59921,-22.124988],[-65.599155,-22.124652],[-65.599021,-22.123662],[-65.598663,-22.121019],[-65.598587,-22.12059],[-65.598513,-22.120217],[-65.598323,-22.119481],[-65.598099,-22.118576],[-65.598067,-22.118379],[-65.598041,-22.11818],[-65.598033,-22.117993],[-65.598037,-22.117775],[-65.598046,-22.11767],[-65.598117,-22.117294],[-65.598202,-22.116617],[-65.598312,-22.115712],[-65.59833,-22.115587],[-65.59843,-22.114813],[-65.59846,-22.11461],[-65.598554,-22.113928],[-65.598666,-22.113049],[-65.598792,-22.112146],[-65.598853,-22.111612],[-65.598907,-22.111249],[-65.598952,-22.110913],[-65.598962,-22.110843],[-65.599031,-22.110336],[-65.599057,-22.11014],[-65.599084,-22.109928],[-65.599147,-22.109437],[-65.599337,-22.108009],[-65.598242,-22.107883],[-65.597169,-22.107766],[-65.596073,-22.107645],[-65.595948,-22.107628],[-65.595964,-22.107502],[-65.596103,-22.106473],[-65.596238,-22.105452],[-65.596311,-22.104918],[-65.596261,-22.10491],[-65.595906,-22.104516],[-65.595941,-22.104215],[-65.596317,-22.103966],[-65.596419,-22.103859],[-65.5965,-22.103394],[-65.596548,-22.103035],[-65.596636,-22.102375],[-65.596704,-22.10189],[-65.596742,-22.101792],[-65.596769,-22.101706],[-65.596762,-22.101624],[-65.595871,-22.101514],[-65.595584,-22.101482],[-65.595668,-22.100773],[-65.595739,-22.100242],[-65.595783,-22.099904],[-65.595867,-22.099277],[-65.596009,-22.098207],[-65.596039,-22.097975],[-65.596076,-22.0977],[-65.59617,-22.096992],[-65.596196,-22.096795],[-65.596205,-22.096729],[-65.596251,-22.096358],[-65.596261,-22.096278],[-65.596278,-22.096105],[-65.596449,-22.096114],[-65.596526,-22.096054],[-65.596716,-22.094449],[-65.596776,-22.094446],[-65.596856,-22.094443],[-65.596714,-22.093293],[-65.596523,-22.091419],[-65.596514,-22.091268],[-65.596536,-22.090383],[-65.596592,-22.089438],[-65.596498,-22.08944],[-65.596329,-22.089445],[-65.596251,-22.089412],[-65.596239,-22.089439],[-65.596217,-22.089461],[-65.596189,-22.089475],[-65.596157,-22.089478],[-65.596126,-22.089472],[-65.596102,-22.089458],[-65.596008,-22.089488],[-65.595021,-22.089562],[-65.593951,-22.089621],[-65.592888,-22.08968],[-65.5918,-22.08974],[-65.591737,-22.088663],[-65.591682,-22.087825],[-65.591597,-22.086802],[-65.591531,-22.0863],[-65.591504,-22.086066],[-65.59147,-22.085829],[-65.591393,-22.085704],[-65.591303,-22.084764],[-65.591212,-22.083943],[-65.591205,-22.083873],[-65.591099,-22.083024],[-65.590863,-22.081148],[-65.590703,-22.07965],[-65.590647,-22.079119],[-65.590599,-22.078668],[-65.590549,-22.0782],[-65.59051,-22.077835],[-65.589627,-22.077944],[-65.589624,-22.077893],[-65.58962,-22.07784],[-65.589578,-22.077389],[-65.589507,-22.076949],[-65.589489,-22.07684],[-65.588905,-22.076927],[-65.588681,-22.07697],[-65.58857,-22.076987],[-65.58837,-22.077018],[-65.58774,-22.077116],[-65.587731,-22.077118],[-65.587533,-22.077118],[-65.587403,-22.077101],[-65.58728,-22.077019],[-65.587092,-22.07603],[-65.586944,-22.075248],[-65.586799,-22.074478],[-65.586627,-22.073569],[-65.586615,-22.073508],[-65.586088,-22.073588],[-65.585595,-22.073663],[-65.584454,-22.073837],[-65.583419,-22.074016],[-65.583253,-22.074022],[-65.583102,-22.073977],[-65.581692,-22.073502],[-65.581591,-22.07348],[-65.581456,-22.073476],[-65.580568,-22.073586],[-65.580071,-22.073655],[-65.579192,-22.073778],[-65.578762,-22.073828],[-65.578319,-22.073872],[-65.577631,-22.073883],[-65.576915,-22.073867],[-65.576259,-22.073853],[-65.575596,-22.073832],[-65.574988,-22.073812],[-65.574405,-22.073763],[-65.573761,-22.07368],[-65.573584,-22.073621],[-65.573505,-22.073557],[-65.573483,-22.07346],[-65.573494,-22.073391],[-65.573531,-22.073331],[-65.57366,-22.073152],[-65.573735,-22.073021],[-65.573771,-22.072863],[-65.573804,-22.072644],[-65.57379,-22.072454],[-65.573745,-22.072303],[-65.5737,-22.072196],[-65.573595,-22.07194],[-65.573541,-22.071711],[-65.573488,-22.071342],[-65.573434,-22.071124],[-65.573252,-22.070906],[-65.57308,-22.070458],[-65.573069,-22.070309],[-65.573101,-22.070215],[-65.57308,-22.07016],[-65.573011,-22.070134],[-65.572947,-22.070154],[-65.572924,-22.07021],[-65.572925,-22.070338],[-65.572999,-22.070702],[-65.57308,-22.070886],[-65.573166,-22.070995],[-65.573192,-22.071075],[-65.573192,-22.071154],[-65.573166,-22.071249],[-65.573166,-22.071323],[-65.573285,-22.072228],[-65.573286,-22.072401],[-65.573232,-22.072556],[-65.573113,-22.072703],[-65.572948,-22.072854],[-65.572767,-22.072996],[-65.572673,-22.073086],[-65.572608,-22.073187],[-65.57257,-22.073277],[-65.572547,-22.073391],[-65.572576,-22.073544],[-65.572616,-22.073681],[-65.572709,-22.073792],[-65.572776,-22.073875],[-65.572905,-22.074088],[-65.573091,-22.074351],[-65.57315,-22.074412],[-65.573241,-22.074445],[-65.573342,-22.074479],[-65.57351,-22.074534],[-65.573579,-22.074588],[-65.573632,-22.074654],[-65.573762,-22.07516],[-65.573773,-22.07524],[-65.573756,-22.075335],[-65.573703,-22.075433],[-65.573563,-22.075628],[-65.573461,-22.075723],[-65.573408,-22.075836],[-65.573413,-22.075896],[-65.573402,-22.07596],[-65.573359,-22.07598],[-65.573294,-22.075961],[-65.573268,-22.075897],[-65.573278,-22.075797],[-65.573466,-22.075415],[-65.573585,-22.075215],[-65.573606,-22.075111],[-65.573581,-22.075],[-65.573505,-22.074887],[-65.57334,-22.074752],[-65.573161,-22.074626],[-65.573,-22.074544],[-65.57281,-22.074488],[-65.572611,-22.074491],[-65.572523,-22.074507],[-65.572485,-22.074544],[-65.572469,-22.074608],[-65.572474,-22.074688],[-65.57249,-22.074778],[-65.572485,-22.074887],[-65.572441,-22.074992],[-65.572179,-22.075226],[-65.571889,-22.075405],[-65.571782,-22.07542],[-65.571611,-22.075443],[-65.571481,-22.075494],[-65.571085,-22.075697],[-65.570961,-22.075718],[-65.570789,-22.075698],[-65.57058,-22.075673],[-65.570356,-22.075657],[-65.570227,-22.075637],[-65.569905,-22.075513],[-65.569712,-22.075453],[-65.569519,-22.075433],[-65.56925,-22.075474],[-65.567989,-22.075787],[-65.567576,-22.075941],[-65.565463,-22.07685],[-65.563945,-22.077566],[-65.563724,-22.077642],[-65.562792,-22.077904],[-65.562695,-22.077904],[-65.562544,-22.077905],[-65.56211,-22.077899],[-65.561562,-22.077945],[-65.56107,-22.078048],[-65.560693,-22.078183],[-65.560511,-22.078243],[-65.560307,-22.078288],[-65.558849,-22.078446],[-65.558676,-22.078442],[-65.558424,-22.078427],[-65.558076,-22.078356],[-65.557821,-22.078297],[-65.557137,-22.078039],[-65.556895,-22.077905],[-65.556729,-22.077691],[-65.556659,-22.077502],[-65.556633,-22.077314],[-65.556649,-22.077095],[-65.556756,-22.076801],[-65.557105,-22.076134],[-65.559235,-22.072535],[-65.559819,-22.071681],[-65.559927,-22.071456],[-65.559921,-22.071234],[-65.559867,-22.07098],[-65.559712,-22.070686],[-65.55947,-22.070428],[-65.559073,-22.07011],[-65.558108,-22.069449],[-65.557872,-22.069275],[-65.557711,-22.069101],[-65.557357,-22.068559],[-65.557159,-22.06831],[-65.556783,-22.067773],[-65.556643,-22.0675],[-65.556503,-22.067077],[-65.556474,-22.066976],[-65.556435,-22.066831],[-65.556399,-22.066736],[-65.556377,-22.066706],[-65.556342,-22.066685],[-65.556292,-22.066674],[-65.556027,-22.066684],[-65.555914,-22.066684],[-65.555771,-22.066661],[-65.555529,-22.066608],[-65.555437,-22.066587],[-65.555347,-22.06656],[-65.555258,-22.066528],[-65.555148,-22.066479],[-65.555043,-22.066422],[-65.554943,-22.066357],[-65.554712,-22.066138],[-65.553811,-22.06524],[-65.553756,-22.065187],[-65.553695,-22.06514],[-65.553626,-22.065097],[-65.553552,-22.065063],[-65.553473,-22.065037],[-65.553392,-22.06502],[-65.55331,-22.065012],[-65.552881,-22.064964],[-65.552248,-22.064897],[-65.552059,-22.064868],[-65.55183,-22.064827],[-65.551667,-22.064776],[-65.551417,-22.064683],[-65.55091,-22.064514],[-65.550845,-22.064491],[-65.550776,-22.064475],[-65.550706,-22.064467],[-65.550636,-22.064467],[-65.550567,-22.064474],[-65.5505,-22.06449],[-65.550435,-22.064513],[-65.550374,-22.064543],[-65.550317,-22.06458],[-65.550014,-22.064828],[-65.5489,-22.06575],[-65.548439,-22.066119],[-65.548194,-22.06629],[-65.548048,-22.066372],[-65.547899,-22.066447],[-65.54774,-22.066518],[-65.547577,-22.066581],[-65.54741,-22.066637],[-65.54724,-22.066684],[-65.547069,-22.066723],[-65.543322,-22.06744],[-65.54053,-22.067969],[-65.540088,-22.068053],[-65.539328,-22.06818],[-65.539267,-22.068195],[-65.53921,-22.068218],[-65.539165,-22.068243],[-65.539124,-22.068273],[-65.539088,-22.068309],[-65.539057,-22.068348],[-65.539032,-22.06839],[-65.538801,-22.068952],[-65.538662,-22.069237],[-65.538303,-22.069866],[-65.538274,-22.069926],[-65.538238,-22.069983],[-65.538196,-22.070036],[-65.538149,-22.070086],[-65.538099,-22.07013],[-65.538044,-22.070169],[-65.537985,-22.070203],[-65.537924,-22.070232],[-65.53774,-22.070307],[-65.532017,-22.072527],[-65.528252,-22.074017],[-65.5161,-22.078642],[-65.512466,-22.079911],[-65.510429,-22.080574],[-65.506822,-22.081747],[-65.504356,-22.082556],[-65.495312,-22.085532],[-65.495144,-22.085597],[-65.494977,-22.085665],[-65.494825,-22.08573],[-65.494674,-22.085798],[-65.48978,-22.088269],[-65.489222,-22.088443],[-65.488737,-22.088619],[-65.488612,-22.088678],[-65.488512,-22.088729],[-65.488384,-22.088825],[-65.488281,-22.088933],[-65.488204,-22.089074],[-65.488051,-22.089397],[-65.488,-22.089464],[-65.487955,-22.089508],[-65.487864,-22.089565],[-65.487509,-22.089673],[-65.487409,-22.089713],[-65.487332,-22.089753],[-65.487261,-22.089807],[-65.487106,-22.089944],[-65.48687,-22.090155],[-65.486805,-22.090216],[-65.486764,-22.090276],[-65.48674,-22.090329],[-65.486688,-22.090526],[-65.486662,-22.090575],[-65.486616,-22.090618],[-65.48656,-22.090638],[-65.486487,-22.090642],[-65.486424,-22.090628],[-65.486273,-22.090572],[-65.486204,-22.090559],[-65.486154,-22.090557],[-65.486104,-22.090564],[-65.486056,-22.090579],[-65.486012,-22.090603],[-65.485974,-22.090634],[-65.485942,-22.09067],[-65.485919,-22.090712],[-65.485904,-22.090757],[-65.485876,-22.091156],[-65.485883,-22.091243],[-65.48589,-22.091274],[-65.485903,-22.091304],[-65.485922,-22.09133],[-65.485937,-22.091345],[-65.485954,-22.091357],[-65.486126,-22.091469],[-65.486178,-22.091512],[-65.486227,-22.091566],[-65.486289,-22.091659],[-65.486331,-22.091749],[-65.486346,-22.091797],[-65.486352,-22.091821],[-65.486353,-22.091846],[-65.486347,-22.09187],[-65.486335,-22.091892],[-65.486315,-22.091914],[-65.48629,-22.091931],[-65.486261,-22.09194],[-65.48623,-22.091942],[-65.486199,-22.091936],[-65.486172,-22.091924],[-65.486149,-22.091904],[-65.486058,-22.091818],[-65.486041,-22.091802],[-65.486022,-22.091787],[-65.485991,-22.091769],[-65.485958,-22.091755],[-65.485922,-22.091746],[-65.485799,-22.091738],[-65.48577,-22.091744],[-65.485744,-22.091757],[-65.485726,-22.091775],[-65.485713,-22.091797],[-65.485696,-22.091851],[-65.485684,-22.091876],[-65.485669,-22.091895],[-65.485649,-22.091906],[-65.485619,-22.09191],[-65.485585,-22.091903],[-65.485558,-22.091891],[-65.485514,-22.091863],[-65.485463,-22.09183],[-65.485332,-22.091765],[-65.485294,-22.091755],[-65.485255,-22.091751],[-65.485217,-22.091754],[-65.485179,-22.091764],[-65.485149,-22.091778],[-65.485122,-22.091796],[-65.485098,-22.091818],[-65.485035,-22.091888],[-65.484998,-22.091922],[-65.484968,-22.091939],[-65.484934,-22.09195],[-65.484898,-22.091952],[-65.484863,-22.091947],[-65.484831,-22.091935],[-65.484803,-22.091915],[-65.48478,-22.091891],[-65.484764,-22.091862],[-65.484682,-22.09168],[-65.484657,-22.091626],[-65.484642,-22.091603],[-65.484622,-22.091584],[-65.4846,-22.091571],[-65.484575,-22.091563],[-65.484548,-22.091562],[-65.484523,-22.091565],[-65.484498,-22.091575],[-65.484435,-22.091607],[-65.484378,-22.091636],[-65.484348,-22.091647],[-65.484316,-22.091653],[-65.484273,-22.091644],[-65.484232,-22.091628],[-65.484195,-22.091607],[-65.484161,-22.091581],[-65.484132,-22.09155],[-65.484107,-22.091512],[-65.484089,-22.09147],[-65.484079,-22.091426],[-65.484077,-22.091381],[-65.484084,-22.091336],[-65.484107,-22.091235],[-65.484121,-22.091132],[-65.484124,-22.091028],[-65.484118,-22.090937],[-65.484105,-22.090846],[-65.484083,-22.090756],[-65.484054,-22.090668],[-65.484037,-22.090625],[-65.484017,-22.090583],[-65.483975,-22.090509],[-65.483925,-22.090438],[-65.483868,-22.090373],[-65.483805,-22.090312],[-65.483746,-22.090246],[-65.483695,-22.090175],[-65.48365,-22.0901],[-65.483612,-22.090022],[-65.483568,-22.089946],[-65.483518,-22.089875],[-65.483461,-22.089807],[-65.4834,-22.089743],[-65.483333,-22.089684],[-65.483194,-22.089554],[-65.483061,-22.089419],[-65.482934,-22.089279],[-65.482812,-22.089134],[-65.482509,-22.088766],[-65.482201,-22.088401],[-65.482037,-22.08821],[-65.482016,-22.088186],[-65.481989,-22.088167],[-65.481958,-22.088156],[-65.481925,-22.088153],[-65.481892,-22.088157],[-65.481861,-22.088169],[-65.481835,-22.088188],[-65.481815,-22.088213],[-65.481803,-22.088241],[-65.481799,-22.088272],[-65.481793,-22.088844],[-65.481785,-22.088879],[-65.481769,-22.088912],[-65.481745,-22.088942],[-65.481716,-22.088965],[-65.481681,-22.088983],[-65.481643,-22.088993],[-65.481603,-22.088995],[-65.481564,-22.088989],[-65.481527,-22.088975],[-65.481495,-22.088954],[-65.481467,-22.088928],[-65.481447,-22.088896],[-65.481234,-22.088482],[-65.481183,-22.088377],[-65.481138,-22.08827],[-65.481099,-22.08816],[-65.481066,-22.088049],[-65.481039,-22.087937],[-65.481019,-22.087824],[-65.481005,-22.08771],[-65.480973,-22.087501],[-65.480972,-22.087448],[-65.480965,-22.087395],[-65.480953,-22.087343],[-65.480935,-22.087293],[-65.480907,-22.087236],[-65.480873,-22.087183],[-65.480832,-22.087133],[-65.480786,-22.087089],[-65.480734,-22.087049],[-65.480649,-22.08699],[-65.480561,-22.086934],[-65.480517,-22.086907],[-65.480471,-22.086883],[-65.480397,-22.086851],[-65.48032,-22.086827],[-65.480241,-22.086811],[-65.4802,-22.086811],[-65.48016,-22.086803],[-65.480118,-22.086787],[-65.480081,-22.086763],[-65.48005,-22.086733],[-65.480026,-22.086697],[-65.480011,-22.086658],[-65.480004,-22.086617],[-65.479987,-22.086548],[-65.479963,-22.086482],[-65.47995,-22.086449],[-65.479932,-22.086418],[-65.479902,-22.086385],[-65.479865,-22.086358],[-65.479823,-22.086339],[-65.479778,-22.086328],[-65.479731,-22.086326],[-65.479685,-22.086333],[-65.479645,-22.086333],[-65.479605,-22.086326],[-65.479567,-22.086312],[-65.479532,-22.086294],[-65.479486,-22.086261],[-65.479444,-22.086223],[-65.479409,-22.08618],[-65.479396,-22.086155],[-65.479381,-22.086132],[-65.479353,-22.086099],[-65.47932,-22.08607],[-65.479283,-22.086046],[-65.479243,-22.086027],[-65.4792,-22.086013],[-65.479121,-22.085995],[-65.47904,-22.085986],[-65.478959,-22.085986],[-65.478918,-22.085993],[-65.478878,-22.085995],[-65.47882,-22.085991],[-65.478765,-22.085977],[-65.478712,-22.085955],[-65.478664,-22.085926],[-65.478623,-22.085888],[-65.478554,-22.085834],[-65.47852,-22.085806],[-65.478481,-22.085784],[-65.478438,-22.085769],[-65.478393,-22.085761],[-65.478347,-22.08576],[-65.478301,-22.085768],[-65.478258,-22.085782],[-65.478218,-22.085804],[-65.478202,-22.085819],[-65.478183,-22.085831],[-65.478157,-22.085844],[-65.478129,-22.085851],[-65.4781,-22.085854],[-65.47807,-22.085851],[-65.478026,-22.085841],[-65.477985,-22.085822],[-65.477948,-22.085797],[-65.477917,-22.085766],[-65.477893,-22.085729],[-65.477857,-22.085687],[-65.477815,-22.085651],[-65.477767,-22.08562],[-65.477715,-22.085597],[-65.47766,-22.08558],[-65.477603,-22.085571],[-65.477545,-22.08557],[-65.477433,-22.085573],[-65.477322,-22.08558],[-65.477212,-22.085594],[-65.477176,-22.085605],[-65.47714,-22.085612],[-65.477102,-22.085613],[-65.477054,-22.085605],[-65.477008,-22.085589],[-65.476967,-22.085565],[-65.476933,-22.085533],[-65.476906,-22.085496],[-65.476888,-22.085454],[-65.47686,-22.085411],[-65.476826,-22.085372],[-65.476786,-22.085339],[-65.476724,-22.085298],[-65.476657,-22.085263],[-65.476587,-22.085235],[-65.476449,-22.085174],[-65.476382,-22.085138],[-65.476314,-22.085106],[-65.476212,-22.085066],[-65.476107,-22.085034],[-65.475999,-22.08501],[-65.47589,-22.084994],[-65.475835,-22.084992],[-65.47578,-22.084986],[-65.475707,-22.084973],[-65.475637,-22.084953],[-65.475568,-22.084927],[-65.475503,-22.084895],[-65.475442,-22.084857],[-65.47534,-22.084803],[-65.475233,-22.084757],[-65.475123,-22.08472],[-65.474977,-22.084665],[-65.474834,-22.084604],[-65.474694,-22.084536],[-65.474539,-22.084455],[-65.474388,-22.084368],[-65.47424,-22.084275],[-65.47411,-22.084187],[-65.473983,-22.084094],[-65.473859,-22.083997],[-65.473642,-22.083829],[-65.473478,-22.083706],[-65.473401,-22.083638],[-65.473374,-22.083616],[-65.473344,-22.083598],[-65.47331,-22.083587],[-65.473275,-22.083581],[-65.47324,-22.083582],[-65.473204,-22.083589],[-65.47317,-22.083603],[-65.473139,-22.083622],[-65.473114,-22.083647],[-65.473094,-22.083676],[-65.47308,-22.083707],[-65.473073,-22.083741],[-65.473071,-22.08386],[-65.473076,-22.083978],[-65.47309,-22.084097],[-65.473114,-22.084225],[-65.473148,-22.084352],[-65.473191,-22.084477],[-65.473235,-22.084614],[-65.473284,-22.08475],[-65.473339,-22.084884],[-65.473405,-22.085028],[-65.473477,-22.085169],[-65.473521,-22.085236],[-65.473556,-22.085307],[-65.473581,-22.085377],[-65.473598,-22.085449],[-65.473607,-22.085522],[-65.473608,-22.085596],[-65.4736,-22.08567],[-65.473583,-22.085742],[-65.473552,-22.085815],[-65.473514,-22.085884],[-65.473469,-22.08595],[-65.473418,-22.086012],[-65.47336,-22.086068],[-65.473296,-22.08612],[-65.47322,-22.086169],[-65.473139,-22.086211],[-65.473053,-22.086245],[-65.472964,-22.08627],[-65.472919,-22.086281],[-65.472872,-22.086286],[-65.472812,-22.086286],[-65.472753,-22.086278],[-65.472695,-22.086261],[-65.472379,-22.0861],[-65.472344,-22.086087],[-65.472308,-22.086081],[-65.47227,-22.086081],[-65.472234,-22.086087],[-65.472199,-22.0861],[-65.472162,-22.086122],[-65.472132,-22.086151],[-65.472109,-22.086185],[-65.472094,-22.086224],[-65.472089,-22.086264],[-65.472073,-22.086335],[-65.472047,-22.086403],[-65.472013,-22.086468],[-65.47197,-22.086529],[-65.471947,-22.086558],[-65.47192,-22.086584],[-65.47187,-22.086624],[-65.471815,-22.086655],[-65.471755,-22.086679],[-65.471723,-22.086685],[-65.471692,-22.086694],[-65.47165,-22.086713],[-65.471613,-22.086738],[-65.47158,-22.086769],[-65.471554,-22.086805],[-65.471535,-22.086845],[-65.471524,-22.086887],[-65.47152,-22.08693],[-65.471505,-22.087048],[-65.471481,-22.087165],[-65.471467,-22.087223],[-65.471448,-22.08728],[-65.471423,-22.087337],[-65.471391,-22.087391],[-65.471355,-22.087441],[-65.471314,-22.087489],[-65.471256,-22.087564],[-65.471234,-22.087606],[-65.471204,-22.087643],[-65.471171,-22.087672],[-65.471134,-22.087696],[-65.471093,-22.087714],[-65.47105,-22.087726],[-65.471005,-22.087731],[-65.470938,-22.08774],[-65.470772,-22.08776],[-65.470739,-22.087776],[-65.470709,-22.087796],[-65.470683,-22.087821],[-65.470662,-22.087849],[-65.470644,-22.087887],[-65.470635,-22.087928],[-65.470634,-22.087969],[-65.470642,-22.08801],[-65.470659,-22.088048],[-65.470691,-22.088116],[-65.470718,-22.088186],[-65.47074,-22.088257],[-65.47076,-22.088338],[-65.470774,-22.088421],[-65.47079,-22.088571],[-65.470801,-22.088648],[-65.470837,-22.088819],[-65.470857,-22.088912],[-65.470877,-22.088994],[-65.470896,-22.089105],[-65.47089,-22.08914],[-65.470877,-22.089174],[-65.470856,-22.089205],[-65.470829,-22.089231],[-65.470796,-22.089251],[-65.470758,-22.089265],[-65.470718,-22.089271],[-65.470677,-22.089269],[-65.470638,-22.089259],[-65.470602,-22.089241],[-65.470571,-22.089216],[-65.470421,-22.089102],[-65.470401,-22.089084],[-65.470376,-22.089073],[-65.470349,-22.089069],[-65.470322,-22.089072],[-65.470297,-22.089083],[-65.470277,-22.0891],[-65.470263,-22.089122],[-65.470257,-22.089147],[-65.470272,-22.089201],[-65.470281,-22.089256],[-65.470284,-22.089295],[-65.470278,-22.089334],[-65.470264,-22.08937],[-65.470242,-22.089404],[-65.470213,-22.089432],[-65.470179,-22.089455],[-65.470142,-22.089471],[-65.470103,-22.089479],[-65.470062,-22.089481],[-65.470022,-22.089475],[-65.469984,-22.089462],[-65.469949,-22.089443],[-65.469656,-22.089318],[-65.469595,-22.089292],[-65.469538,-22.089261],[-65.469483,-22.089224],[-65.469433,-22.089183],[-65.469388,-22.089137],[-65.469343,-22.08908],[-65.469305,-22.089018],[-65.469224,-22.088898],[-65.469176,-22.088822],[-65.469121,-22.088749],[-65.469061,-22.08868],[-65.468997,-22.088615],[-65.468939,-22.088565],[-65.468879,-22.088518],[-65.468768,-22.088414],[-65.468664,-22.088304],[-65.468572,-22.088195],[-65.468487,-22.08808],[-65.468409,-22.087961],[-65.468337,-22.087862],[-65.46826,-22.087766],[-65.468178,-22.087673],[-65.468122,-22.087613],[-65.46807,-22.087549],[-65.468024,-22.087482],[-65.467983,-22.087412],[-65.467955,-22.087355],[-65.467933,-22.087296],[-65.467919,-22.087235],[-65.467912,-22.087173],[-65.467912,-22.08711],[-65.46792,-22.087048],[-65.467934,-22.086987],[-65.467946,-22.086951],[-65.467961,-22.086917],[-65.467981,-22.086844],[-65.467995,-22.086771],[-65.468001,-22.086696],[-65.468001,-22.086622],[-65.467995,-22.086548],[-65.467981,-22.086475],[-65.467969,-22.086328],[-65.467965,-22.086183],[-65.467969,-22.086038],[-65.467969,-22.085991],[-65.467964,-22.085944],[-65.467953,-22.085898],[-65.467943,-22.085867],[-65.46793,-22.085837],[-65.467902,-22.085777],[-65.46787,-22.085719],[-65.467833,-22.085664],[-65.467805,-22.085604],[-65.467785,-22.085541],[-65.467775,-22.085477],[-65.467773,-22.085411],[-65.46778,-22.085352],[-65.467793,-22.085294],[-65.467811,-22.085237],[-65.467832,-22.085187],[-65.467844,-22.085135],[-65.467848,-22.085082],[-65.467843,-22.085028],[-65.46783,-22.084976],[-65.467806,-22.084923],[-65.467773,-22.084874],[-65.467753,-22.084842],[-65.467739,-22.084806],[-65.467733,-22.084768],[-65.467736,-22.08473],[-65.467743,-22.084702],[-65.467755,-22.084676],[-65.467771,-22.084651],[-65.467934,-22.084482],[-65.467951,-22.084444],[-65.467961,-22.084404],[-65.467963,-22.084363],[-65.467958,-22.084322],[-65.467945,-22.084283],[-65.467934,-22.08426],[-65.467921,-22.084239],[-65.467889,-22.084198],[-65.467851,-22.084163],[-65.467808,-22.084134],[-65.46778,-22.084119],[-65.467756,-22.084098],[-65.467738,-22.084073],[-65.467728,-22.084045],[-65.467725,-22.084014],[-65.467731,-22.083985],[-65.467742,-22.083959],[-65.46776,-22.083937],[-65.467782,-22.083918],[-65.467808,-22.083905],[-65.46805,-22.083726],[-65.468068,-22.083699],[-65.468079,-22.083669],[-65.468082,-22.083638],[-65.468078,-22.083607],[-65.468066,-22.083577],[-65.46805,-22.083554],[-65.46803,-22.083534],[-65.467996,-22.08349],[-65.467973,-22.083456],[-65.467955,-22.08342],[-65.467944,-22.083381],[-65.467939,-22.083341],[-65.467942,-22.083301],[-65.46795,-22.083261],[-65.467964,-22.083227],[-65.467983,-22.083195],[-65.468006,-22.083166],[-65.468034,-22.08314],[-65.468147,-22.082991],[-65.468254,-22.082839],[-65.468319,-22.082738],[-65.468382,-22.082635],[-65.468388,-22.082606],[-65.468386,-22.082576],[-65.468377,-22.082548],[-65.468361,-22.082522],[-65.468339,-22.082501],[-65.468315,-22.082486],[-65.468288,-22.082476],[-65.468259,-22.082472],[-65.468231,-22.082474],[-65.468203,-22.082481],[-65.468073,-22.082544],[-65.46794,-22.082598],[-65.467834,-22.082634],[-65.467731,-22.082675],[-65.467631,-22.082723],[-65.467534,-22.082776],[-65.467441,-22.082834],[-65.467396,-22.082865],[-65.467349,-22.08289],[-65.467298,-22.082911],[-65.467245,-22.082926],[-65.467196,-22.082935],[-65.467146,-22.082939],[-65.467047,-22.082957],[-65.46695,-22.082981],[-65.466863,-22.083007],[-65.466778,-22.08304],[-65.466697,-22.083081],[-65.46662,-22.083127],[-65.466542,-22.083185],[-65.46647,-22.083249],[-65.466405,-22.083319],[-65.466378,-22.083341],[-65.466347,-22.083357],[-65.466312,-22.083365],[-65.466275,-22.083367],[-65.46624,-22.08336],[-65.466207,-22.083346],[-65.466178,-22.083324],[-65.466154,-22.083297],[-65.466139,-22.083266],[-65.466132,-22.083232],[-65.466146,-22.083172],[-65.466151,-22.083111],[-65.466145,-22.08305],[-65.466136,-22.08301],[-65.466135,-22.082968],[-65.466143,-22.082927],[-65.466159,-22.082889],[-65.466176,-22.082861],[-65.466198,-22.082835],[-65.466241,-22.082786],[-65.46629,-22.082741],[-65.466344,-22.0827],[-65.466398,-22.082665],[-65.466449,-22.082626],[-65.466494,-22.082581],[-65.466534,-22.082533],[-65.466569,-22.082481],[-65.466594,-22.082433],[-65.466615,-22.082383],[-65.46663,-22.082332],[-65.466698,-22.082185],[-65.466764,-22.082057],[-65.466837,-22.081932],[-65.466898,-22.081839],[-65.466964,-22.081748],[-65.467033,-22.081661],[-65.467181,-22.081464],[-65.467192,-22.081435],[-65.467197,-22.081405],[-65.467195,-22.081374],[-65.467187,-22.081344],[-65.467173,-22.081317],[-65.467151,-22.08129],[-65.467124,-22.081269],[-65.467092,-22.081253],[-65.466946,-22.081176],[-65.466887,-22.081144],[-65.466824,-22.081118],[-65.466759,-22.081098],[-65.466692,-22.081084],[-65.466614,-22.081077],[-65.466536,-22.081078],[-65.466458,-22.081088],[-65.466218,-22.081123],[-65.466032,-22.081156],[-65.465848,-22.081192],[-65.465748,-22.081213],[-65.465648,-22.081229],[-65.465547,-22.081239],[-65.465445,-22.081244],[-65.46533,-22.081244],[-65.465216,-22.081236],[-65.465178,-22.081233],[-65.465142,-22.081222],[-65.46511,-22.081203],[-65.465084,-22.081178],[-65.465064,-22.081148],[-65.465053,-22.081114],[-65.465051,-22.081079],[-65.465058,-22.081044],[-65.465074,-22.081012],[-65.465104,-22.080979],[-65.46514,-22.08095],[-65.46518,-22.080926],[-65.465212,-22.080912],[-65.465242,-22.080893],[-65.465266,-22.080869],[-65.465286,-22.08084],[-65.465299,-22.08081],[-65.465306,-22.080776],[-65.465306,-22.080741],[-65.465304,-22.080673],[-65.465301,-22.080639],[-65.465306,-22.080606],[-65.46532,-22.080575],[-65.465342,-22.080548],[-65.46537,-22.080527],[-65.465393,-22.080517],[-65.465418,-22.08051],[-65.46547,-22.0805],[-65.465515,-22.080484],[-65.465573,-22.080461],[-65.465629,-22.080436],[-65.465739,-22.080381],[-65.465779,-22.080358],[-65.465813,-22.080327],[-65.465831,-22.080303],[-65.465845,-22.080277],[-65.465854,-22.080249],[-65.465877,-22.080202],[-65.465904,-22.080162],[-65.465937,-22.080127],[-65.465975,-22.080096],[-65.466017,-22.08007],[-65.466062,-22.08005],[-65.46611,-22.080035],[-65.466213,-22.080001],[-65.466264,-22.079984],[-65.466313,-22.079962],[-65.466364,-22.079933],[-65.466412,-22.079899],[-65.466455,-22.07986],[-65.466494,-22.079818],[-65.466509,-22.0798],[-65.466519,-22.079779],[-65.466524,-22.079756],[-65.466522,-22.079733],[-65.466513,-22.079708],[-65.466497,-22.079687],[-65.466476,-22.07967],[-65.46645,-22.079659],[-65.466421,-22.079655],[-65.466393,-22.079659],[-65.466306,-22.079668],[-65.466263,-22.079672],[-65.466219,-22.079674],[-65.466155,-22.07967],[-65.466091,-22.079659],[-65.466029,-22.079642],[-65.466,-22.079628],[-65.46597,-22.079618],[-65.465913,-22.079605],[-65.465855,-22.0796],[-65.465798,-22.079604],[-65.465741,-22.079617],[-65.465688,-22.079638],[-65.465638,-22.079666],[-65.465578,-22.079696],[-65.465515,-22.079722],[-65.465483,-22.079734],[-65.465451,-22.079743],[-65.46539,-22.079754],[-65.465328,-22.079757],[-65.465266,-22.079752],[-65.465235,-22.079747],[-65.465205,-22.079738],[-65.465166,-22.079721],[-65.465131,-22.079698],[-65.465101,-22.079669],[-65.465076,-22.079636],[-65.465064,-22.079609],[-65.465045,-22.079585],[-65.465021,-22.079565],[-65.464993,-22.079551],[-65.464962,-22.079543],[-65.464932,-22.079541],[-65.464902,-22.079546],[-65.464874,-22.079555],[-65.464849,-22.079571],[-65.464827,-22.07959],[-65.464807,-22.079643],[-65.464781,-22.079694],[-65.464747,-22.079741],[-65.464708,-22.079783],[-65.464657,-22.079824],[-65.464602,-22.079858],[-65.464541,-22.079884],[-65.46451,-22.079895],[-65.464477,-22.079902],[-65.464431,-22.079907],[-65.464384,-22.079905],[-65.464338,-22.079895],[-65.464295,-22.07988],[-65.464253,-22.079859],[-65.464209,-22.079845],[-65.464163,-22.079836],[-65.464121,-22.079834],[-65.464079,-22.079837],[-65.464038,-22.079845],[-65.463988,-22.079862],[-65.46394,-22.079885],[-65.463897,-22.079914],[-65.463859,-22.079949],[-65.463826,-22.079988],[-65.46367,-22.080197],[-65.463631,-22.080238],[-65.463587,-22.080272],[-65.463537,-22.0803],[-65.463491,-22.080318],[-65.463442,-22.08033],[-65.463393,-22.080335],[-65.463342,-22.080335],[-65.463285,-22.080339],[-65.463229,-22.080348],[-65.463201,-22.080354],[-65.463173,-22.080362],[-65.463132,-22.080381],[-65.463095,-22.080405],[-65.463062,-22.080435],[-65.463025,-22.08046],[-65.462984,-22.080478],[-65.462941,-22.08049],[-65.462896,-22.080495],[-65.46285,-22.080494],[-65.462806,-22.080485],[-65.462753,-22.08048],[-65.4627,-22.08048],[-65.462648,-22.080485],[-65.462602,-22.080497],[-65.462558,-22.080515],[-65.462517,-22.080539],[-65.462481,-22.080568],[-65.462451,-22.080602],[-65.462422,-22.080648],[-65.462387,-22.080691],[-65.462347,-22.080729],[-65.462303,-22.080764],[-65.462245,-22.080798],[-65.462182,-22.080824],[-65.462115,-22.080842],[-65.462056,-22.080867],[-65.462,-22.080898],[-65.461949,-22.080937],[-65.461905,-22.080981],[-65.461867,-22.081031],[-65.46179,-22.081123],[-65.461706,-22.081211],[-65.461643,-22.081268],[-65.461585,-22.081328],[-65.46153,-22.081392],[-65.461494,-22.081442],[-65.461479,-22.081469],[-65.46146,-22.081493],[-65.461428,-22.081518],[-65.461391,-22.081535],[-65.461351,-22.081544],[-65.461309,-22.081544],[-65.461247,-22.081554],[-65.461184,-22.081558],[-65.461121,-22.081556],[-65.461058,-22.081549],[-65.460997,-22.081535],[-65.460944,-22.081519],[-65.460894,-22.081498],[-65.460868,-22.081487],[-65.460845,-22.081473],[-65.460819,-22.081449],[-65.460799,-22.081421],[-65.460786,-22.081389],[-65.460781,-22.081356],[-65.460783,-22.081322],[-65.460793,-22.081289],[-65.46081,-22.081259],[-65.460907,-22.081128],[-65.460917,-22.081096],[-65.460921,-22.081063],[-65.460919,-22.08103],[-65.460911,-22.080998],[-65.460894,-22.080964],[-65.460871,-22.080933],[-65.460841,-22.080908],[-65.460807,-22.080888],[-65.460769,-22.080875],[-65.460729,-22.080869],[-65.460501,-22.080839],[-65.460414,-22.080836],[-65.460364,-22.080831],[-65.460314,-22.080833],[-65.460264,-22.080842],[-65.460215,-22.080858],[-65.46017,-22.08088],[-65.460129,-22.080909],[-65.460073,-22.080974],[-65.460011,-22.081033],[-65.45995,-22.081081],[-65.459885,-22.081123],[-65.459815,-22.08116],[-65.459743,-22.081191],[-65.459598,-22.08126],[-65.459525,-22.081295],[-65.459457,-22.081336],[-65.459402,-22.081377],[-65.459351,-22.081422],[-65.45929,-22.081466],[-65.459225,-22.081504],[-65.459155,-22.081536],[-65.459083,-22.081561],[-65.458916,-22.081621],[-65.458835,-22.081656],[-65.45875,-22.081683],[-65.458669,-22.081701],[-65.458585,-22.081711],[-65.458501,-22.081713],[-65.458455,-22.081716],[-65.458409,-22.081711],[-65.458364,-22.081698],[-65.458327,-22.08168],[-65.458293,-22.081655],[-65.458265,-22.081626],[-65.458185,-22.081517],[-65.458112,-22.081404],[-65.458045,-22.081288],[-65.457982,-22.081161],[-65.457928,-22.081031],[-65.457882,-22.080899],[-65.457865,-22.080831],[-65.457844,-22.080764],[-65.457812,-22.080679],[-65.457773,-22.080597],[-65.457729,-22.080517],[-65.45769,-22.080432],[-65.457658,-22.080344],[-65.457634,-22.080254],[-65.457618,-22.080162],[-65.457611,-22.080061],[-65.457613,-22.079959],[-65.457626,-22.079859],[-65.457635,-22.079809],[-65.457648,-22.079759],[-65.457676,-22.079682],[-65.457712,-22.079608],[-65.457755,-22.079538],[-65.457803,-22.079448],[-65.457842,-22.079355],[-65.457859,-22.079308],[-65.457873,-22.07926],[-65.457891,-22.079177],[-65.4579,-22.079093],[-65.457897,-22.079051],[-65.4579,-22.079009],[-65.457911,-22.078964],[-65.457929,-22.078922],[-65.457955,-22.078882],[-65.457986,-22.078847],[-65.458023,-22.078816],[-65.458064,-22.078791],[-65.458109,-22.078773],[-65.458197,-22.078731],[-65.458281,-22.078685],[-65.458361,-22.078633],[-65.45843,-22.078581],[-65.458494,-22.078524],[-65.458552,-22.078463],[-65.458606,-22.078397],[-65.458631,-22.078352],[-65.458647,-22.078303],[-65.458654,-22.078253],[-65.45865,-22.078202],[-65.458636,-22.078152],[-65.458613,-22.078106],[-65.458581,-22.078064],[-65.458544,-22.07803],[-65.4585,-22.078002],[-65.458453,-22.077982],[-65.458401,-22.07797],[-65.458349,-22.077966],[-65.458296,-22.07797],[-65.458246,-22.077984],[-65.458198,-22.078005],[-65.458136,-22.07804],[-65.45808,-22.078083],[-65.458031,-22.078133],[-65.45799,-22.078188],[-65.457975,-22.078219],[-65.457956,-22.078248],[-65.457924,-22.078289],[-65.457886,-22.078326],[-65.457843,-22.078359],[-65.457797,-22.078385],[-65.457689,-22.078416],[-65.457574,-22.078432],[-65.457421,-22.078436],[-65.457305,-22.078425],[-65.457182,-22.0784],[-65.457081,-22.078368],[-65.456745,-22.078228],[-65.450339,-22.075396],[-65.448129,-22.074468],[-65.447926,-22.074377],[-65.447726,-22.07428],[-65.44753,-22.074176],[-65.447359,-22.074077],[-65.447191,-22.073974],[-65.447027,-22.073865],[-65.432485,-22.064525],[-65.431957,-22.064167],[-65.431433,-22.063804],[-65.430913,-22.063436],[-65.430334,-22.063016],[-65.429761,-22.06259],[-65.429193,-22.062157],[-65.428631,-22.061719],[-65.428074,-22.061274],[-65.425048,-22.058984],[-65.424967,-22.058937],[-65.424891,-22.058883],[-65.424821,-22.058822],[-65.424758,-22.058756],[-65.4247,-22.058685],[-65.424651,-22.058609],[-65.424612,-22.058538],[-65.424581,-22.058464],[-65.424556,-22.058388],[-65.424538,-22.05831],[-65.424527,-22.058231],[-65.424522,-22.058031],[-65.424563,-22.056805],[-65.424571,-22.056661],[-65.424584,-22.056517],[-65.4246,-22.056372],[-65.424621,-22.056227],[-65.425162,-22.053252],[-65.425824,-22.049681],[-65.425892,-22.049391],[-65.425963,-22.049103],[-65.426036,-22.048821],[-65.426113,-22.04854],[-65.427763,-22.043505],[-65.428371,-22.041604],[-65.430715,-22.033942],[-65.430759,-22.033816],[-65.43081,-22.033693],[-65.430872,-22.033564],[-65.430941,-22.033439],[-65.43119,-22.03298],[-65.431262,-22.03278],[-65.431291,-22.032643],[-65.431314,-22.032437],[-65.431324,-22.032002],[-65.431316,-22.031793],[-65.431279,-22.031596],[-65.430768,-22.029607],[-65.430754,-22.029524],[-65.430749,-22.02944],[-65.430751,-22.029356],[-65.430762,-22.029273],[-65.430778,-22.0292],[-65.4308,-22.029128],[-65.431017,-22.028547],[-65.431084,-22.02831],[-65.431147,-22.027965],[-65.431203,-22.027477],[-65.431217,-22.027358],[-65.431249,-22.027239],[-65.431328,-22.027043],[-65.431366,-22.026912],[-65.431389,-22.026762],[-65.431413,-22.026433],[-65.431435,-22.026204],[-65.431576,-22.025094],[-65.431581,-22.024941],[-65.431551,-22.024782],[-65.431489,-22.024656],[-65.429929,-22.021925],[-65.429861,-22.021804],[-65.429798,-22.021713],[-65.429703,-22.021634],[-65.429362,-22.021445],[-65.429339,-22.021424],[-65.429319,-22.021401],[-65.429298,-22.021369],[-65.429284,-22.021333],[-65.429275,-22.021296],[-65.429274,-22.021259],[-65.429279,-22.021221],[-65.429286,-22.021165],[-65.429298,-22.02111],[-65.429316,-22.021057],[-65.42934,-22.021005],[-65.429377,-22.020944],[-65.429422,-22.020887],[-65.429473,-22.020836],[-65.429531,-22.020791],[-65.429594,-22.020752],[-65.429662,-22.020721],[-65.4298,-22.020672],[-65.429935,-22.020616],[-65.430066,-22.020553],[-65.430193,-22.020483],[-65.430269,-22.020437],[-65.430297,-22.020425],[-65.430322,-22.020409],[-65.430343,-22.020388],[-65.430363,-22.02036],[-65.430375,-22.020329],[-65.43038,-22.020296],[-65.430377,-22.020262],[-65.430366,-22.020231],[-65.430348,-22.020202],[-65.430323,-22.020177],[-65.430294,-22.020158],[-65.430261,-22.020145],[-65.430225,-22.02014],[-65.430167,-22.020124],[-65.430111,-22.020103],[-65.430059,-22.020074],[-65.430011,-22.02004],[-65.429965,-22.019999],[-65.429924,-22.019954],[-65.429889,-22.019904],[-65.42986,-22.019851],[-65.429824,-22.019772],[-65.429796,-22.019691],[-65.429773,-22.019607],[-65.429768,-22.019565],[-65.429758,-22.019523],[-65.429737,-22.019459],[-65.429708,-22.019398],[-65.429671,-22.01934],[-65.429627,-22.019287],[-65.429576,-22.019239],[-65.429527,-22.019178],[-65.429484,-22.019114],[-65.429447,-22.019045],[-65.429417,-22.018973],[-65.429393,-22.018898],[-65.429387,-22.01886],[-65.429378,-22.018822],[-65.429357,-22.018761],[-65.42933,-22.018703],[-65.429296,-22.018648],[-65.429256,-22.018596],[-65.429211,-22.018548],[-65.429147,-22.018488],[-65.429079,-22.018431],[-65.429007,-22.018379],[-65.428962,-22.018351],[-65.428912,-22.018328],[-65.42886,-22.018312],[-65.428806,-22.018303],[-65.428751,-22.0183],[-65.428696,-22.018304],[-65.428638,-22.018317],[-65.428582,-22.018337],[-65.42853,-22.018364],[-65.428483,-22.018398],[-65.428441,-22.018438],[-65.428407,-22.018484],[-65.428267,-22.018661],[-65.428223,-22.018723],[-65.428175,-22.018781],[-65.428122,-22.018837],[-65.42807,-22.018885],[-65.428015,-22.018929],[-65.427956,-22.018971],[-65.427929,-22.018988],[-65.427898,-22.018999],[-65.427865,-22.019001],[-65.427833,-22.018996],[-65.427805,-22.018984],[-65.427782,-22.018966],[-65.427764,-22.018944],[-65.427752,-22.018919],[-65.427747,-22.018891],[-65.427703,-22.018807],[-65.427669,-22.018719],[-65.427645,-22.018628],[-65.427632,-22.018546],[-65.427626,-22.018464],[-65.427628,-22.018382],[-65.427638,-22.018301],[-65.427656,-22.01822],[-65.427672,-22.018173],[-65.427683,-22.018125],[-65.427688,-22.018076],[-65.427686,-22.018013],[-65.427674,-22.017951],[-65.427653,-22.017892],[-65.427624,-22.017835],[-65.427529,-22.01773],[-65.427438,-22.017622],[-65.427352,-22.017511],[-65.427254,-22.017373],[-65.427163,-22.017231],[-65.427079,-22.017086],[-65.427046,-22.016999],[-65.427004,-22.016915],[-65.426956,-22.016835],[-65.426909,-22.016771],[-65.426869,-22.016704],[-65.426834,-22.016634],[-65.426805,-22.016561],[-65.426781,-22.016477],[-65.426764,-22.016391],[-65.426756,-22.016303],[-65.426757,-22.016216],[-65.426752,-22.016126],[-65.426754,-22.016036],[-65.426763,-22.015947],[-65.426778,-22.015858],[-65.4268,-22.015771],[-65.426835,-22.015665],[-65.426862,-22.015557],[-65.426878,-22.015447],[-65.426883,-22.015372],[-65.426884,-22.015297],[-65.426883,-22.015146],[-65.426881,-22.015082],[-65.426885,-22.015018],[-65.426895,-22.014955],[-65.426913,-22.014893],[-65.426934,-22.014837],[-65.426961,-22.014783],[-65.426993,-22.014731],[-65.427046,-22.014616],[-65.427095,-22.0145],[-65.427103,-22.014468],[-65.427105,-22.014435],[-65.427099,-22.014402],[-65.427087,-22.014371],[-65.427068,-22.014343],[-65.427043,-22.014318],[-65.427012,-22.014298],[-65.426978,-22.014284],[-65.426941,-22.014277],[-65.426904,-22.014277],[-65.426867,-22.014284],[-65.426197,-22.01441],[-65.426163,-22.014418],[-65.426129,-22.01442],[-65.426095,-22.014414],[-65.426063,-22.014402],[-65.426034,-22.014384],[-65.426011,-22.014361],[-65.425993,-22.014333],[-65.425981,-22.014301],[-65.425978,-22.014266],[-65.425983,-22.014232],[-65.425996,-22.0142],[-65.426017,-22.014172],[-65.426054,-22.014139],[-65.426086,-22.014101],[-65.426111,-22.01406],[-65.426126,-22.014023],[-65.426137,-22.013984],[-65.426171,-22.013911],[-65.426212,-22.013842],[-65.426261,-22.013776],[-65.42632,-22.013712],[-65.426376,-22.013645],[-65.426417,-22.013592],[-65.426451,-22.013535],[-65.426467,-22.013503],[-65.426487,-22.013474],[-65.426511,-22.013448],[-65.42654,-22.013426],[-65.426576,-22.013406],[-65.426614,-22.013391],[-65.426687,-22.013354],[-65.426757,-22.013314],[-65.426823,-22.013268],[-65.426883,-22.013217],[-65.426947,-22.013151],[-65.427005,-22.013079],[-65.427056,-22.013004],[-65.4271,-22.012924],[-65.427135,-22.012841],[-65.427164,-22.012751],[-65.427184,-22.012658],[-65.427237,-22.012476],[-65.427318,-22.01222],[-65.427406,-22.011966],[-65.427461,-22.011804],[-65.427521,-22.011643],[-65.427586,-22.011484],[-65.427665,-22.011305],[-65.42775,-22.011128],[-65.427762,-22.011084],[-65.427767,-22.011038],[-65.427764,-22.010993],[-65.427752,-22.010948],[-65.427732,-22.010906],[-65.427705,-22.010868],[-65.427671,-22.010835],[-65.427631,-22.010807],[-65.427585,-22.010785],[-65.427534,-22.010771],[-65.427482,-22.010766],[-65.42743,-22.010769],[-65.427379,-22.010781],[-65.427331,-22.010802],[-65.427288,-22.01083],[-65.427209,-22.010922],[-65.427133,-22.011016],[-65.427035,-22.011145],[-65.426943,-22.011278],[-65.426748,-22.011536],[-65.426528,-22.011814],[-65.426301,-22.012089],[-65.426069,-22.012358],[-65.425829,-22.012623],[-65.425584,-22.012883],[-65.425333,-22.013138],[-65.42522,-22.013226],[-65.425102,-22.013308],[-65.425003,-22.01337],[-65.424901,-22.013428],[-65.424796,-22.013482],[-65.422983,-22.014191],[-65.420467,-22.014992],[-65.41616,-22.016761],[-65.415831,-22.016888],[-65.415688,-22.016919],[-65.415544,-22.016942],[-65.415399,-22.016955],[-65.415267,-22.016959],[-65.415134,-22.016955],[-65.415002,-22.016944],[-65.414391,-22.016834],[-65.412273,-22.01636],[-65.411659,-22.016243],[-65.40936,-22.015887],[-65.408056,-22.015708],[-65.407642,-22.015689],[-65.404487,-22.015522],[-65.404333,-22.01552],[-65.40418,-22.015524],[-65.404027,-22.015535],[-65.403875,-22.015553],[-65.403724,-22.015578],[-65.403573,-22.015609],[-65.403425,-22.015647],[-65.403278,-22.015692],[-65.403133,-22.015743],[-65.396992,-22.017928],[-65.390769,-22.01984],[-65.390446,-22.01994],[-65.379609,-22.022441],[-65.374458,-22.02363],[-65.372453,-22.023957],[-65.372095,-22.024042],[-65.37177,-22.024116],[-65.365977,-22.025809],[-65.365476,-22.025931],[-65.364974,-22.026047],[-65.364471,-22.026157],[-65.363934,-22.026267],[-65.363395,-22.026371],[-65.362855,-22.026469],[-65.357634,-22.027409],[-65.353665,-22.028089],[-65.35021,-22.028681],[-65.348769,-22.028931],[-65.348702,-22.028942],[-65.348635,-22.028945],[-65.348568,-22.028941],[-65.348502,-22.028929],[-65.348438,-22.028909],[-65.348383,-22.028886],[-65.348331,-22.028857],[-65.348283,-22.028823],[-65.348239,-22.028784],[-65.348201,-22.028742],[-65.347095,-22.027495],[-65.347036,-22.027427],[-65.346972,-22.027364],[-65.346902,-22.027306],[-65.346839,-22.027259],[-65.346773,-22.027216],[-65.346705,-22.027177],[-65.345491,-22.026553],[-65.345453,-22.026538],[-65.345419,-22.026517],[-65.345389,-22.02649],[-65.345366,-22.026458],[-65.345349,-22.026423],[-65.34534,-22.026384],[-65.345339,-22.026344],[-65.345347,-22.026304],[-65.345364,-22.026267],[-65.345387,-22.026234],[-65.345418,-22.026205],[-65.345476,-22.026158],[-65.34554,-22.026117],[-65.345592,-22.02609],[-65.345647,-22.026067],[-65.345704,-22.026048],[-65.345932,-22.025986],[-65.345968,-22.025973],[-65.345999,-22.025952],[-65.346024,-22.025925],[-65.346041,-22.025893],[-65.346048,-22.025859],[-65.346046,-22.025825],[-65.346036,-22.025792],[-65.345957,-22.025441],[-65.345934,-22.025379],[-65.345908,-22.025336],[-65.345887,-22.025305],[-65.345864,-22.025276],[-65.345826,-22.025235],[-65.345786,-22.025198],[-65.345741,-22.025163],[-65.344048,-22.024067],[-65.344001,-22.024036],[-65.343949,-22.024011],[-65.343901,-22.023993],[-65.343851,-22.02398],[-65.343369,-22.024005],[-65.343293,-22.024004],[-65.343216,-22.023999],[-65.34314,-22.02399],[-65.343061,-22.023975],[-65.342982,-22.023956],[-65.342906,-22.023932],[-65.338908,-22.022514],[-65.333114,-22.020509],[-65.329715,-22.019295],[-65.329032,-22.019031],[-65.328933,-22.01901],[-65.328832,-22.018998],[-65.328749,-22.018995],[-65.328666,-22.018998],[-65.328583,-22.019007],[-65.328501,-22.019023],[-65.328421,-22.019044],[-65.319843,-22.022246],[-65.319596,-22.022314],[-65.319323,-22.022362],[-65.319204,-22.022372],[-65.319084,-22.022374],[-65.318993,-22.022369],[-65.318902,-22.022359],[-65.318812,-22.022343],[-65.317512,-22.02202],[-65.317383,-22.021994],[-65.317253,-22.021977],[-65.317154,-22.021969],[-65.317055,-22.021966],[-65.316956,-22.021968],[-65.314094,-22.022084],[-65.313988,-22.022089],[-65.313884,-22.022101],[-65.31378,-22.02212],[-65.313679,-22.022146],[-65.313611,-22.022168],[-65.313543,-22.022194],[-65.30774,-22.025825],[-65.307646,-22.025879],[-65.307549,-22.025928],[-65.307449,-22.025972],[-65.307311,-22.026026],[-65.30717,-22.02607],[-65.305141,-22.026456],[-65.305095,-22.026461],[-65.30503,-22.026468],[-65.304918,-22.026473],[-65.304806,-22.02647],[-65.304694,-22.026459],[-65.304584,-22.026441],[-65.304475,-22.026416],[-65.304368,-22.026383],[-65.304269,-22.026345],[-65.304173,-22.026301],[-65.30408,-22.026251],[-65.303991,-22.026195],[-65.303907,-22.026133],[-65.303827,-22.026066],[-65.302901,-22.025058],[-65.30262,-22.024785],[-65.302577,-22.02475],[-65.302534,-22.024715],[-65.302486,-22.024687],[-65.302433,-22.024666],[-65.302378,-22.024653],[-65.302323,-22.024647],[-65.30227,-22.024634],[-65.30222,-22.024613],[-65.302174,-22.024585],[-65.302148,-22.024566],[-65.302125,-22.024544],[-65.302082,-22.024497],[-65.302046,-22.024445],[-65.302017,-22.024389],[-65.301996,-22.02433],[-65.301983,-22.02427],[-65.30198,-22.024237],[-65.301979,-22.024203],[-65.301968,-22.024138],[-65.301951,-22.024074],[-65.301927,-22.024011],[-65.30189,-22.023939],[-65.301844,-22.023871],[-65.301791,-22.023808],[-65.300963,-22.022778],[-65.300882,-22.022638],[-65.300825,-22.022487],[-65.300354,-22.020884],[-65.300313,-22.0208],[-65.300264,-22.020721],[-65.300209,-22.020649],[-65.300147,-22.020581],[-65.300079,-22.020519],[-65.289388,-22.013887],[-65.289263,-22.01381],[-65.289136,-22.013736],[-65.289006,-22.013667],[-65.288861,-22.013595],[-65.288713,-22.013529],[-65.288562,-22.013468],[-65.28701,-22.012904],[-65.286854,-22.012834],[-65.2867,-22.012758],[-65.286569,-22.012687],[-65.28644,-22.012612],[-65.285994,-22.012317],[-65.283787,-22.010353],[-65.28369,-22.010281],[-65.283592,-22.010209],[-65.283494,-22.010138],[-65.283395,-22.010068],[-65.283297,-22.009998],[-65.283198,-22.009929],[-65.283099,-22.009861],[-65.280596,-22.008447],[-65.280261,-22.008228],[-65.27947,-22.007703],[-65.278684,-22.007172],[-65.277904,-22.006635],[-65.277128,-22.006091],[-65.276953,-22.005966],[-65.276805,-22.00586],[-65.276661,-22.005748],[-65.276506,-22.005614],[-65.276359,-22.005474],[-65.271015,-21.999598],[-65.270922,-21.999505],[-65.270824,-21.999416],[-65.270721,-21.999332],[-65.270615,-21.999253],[-65.270504,-21.999179],[-65.27037,-21.999099],[-65.270231,-21.999026],[-65.270088,-21.998961],[-65.269941,-21.998904],[-65.26979,-21.998854],[-65.269271,-21.998685],[-65.26213,-21.996359],[-65.251028,-21.992764],[-65.249465,-21.992244],[-65.249158,-21.992148],[-65.248849,-21.992059],[-65.248537,-21.991978],[-65.248223,-21.991904],[-65.247906,-21.991838],[-65.247588,-21.99178],[-65.247269,-21.99173],[-65.246948,-21.991687],[-65.246626,-21.991653],[-65.246391,-21.991633],[-65.246155,-21.991616],[-65.242873,-21.99158],[-65.242568,-21.991601],[-65.242264,-21.991628],[-65.241968,-21.991658],[-65.241674,-21.991693],[-65.236135,-21.992643],[-65.235179,-21.992806],[-65.234754,-21.992879],[-65.234315,-21.992948],[-65.23385,-21.99299],[-65.233441,-21.992976],[-65.233308,-21.992968],[-65.233052,-21.992836],[-65.232785,-21.992617],[-65.232715,-21.992539],[-65.232698,-21.992444],[-65.232689,-21.992348],[-65.232687,-21.992252],[-65.232694,-21.992156],[-65.232709,-21.992061],[-65.232731,-21.991967],[-65.232761,-21.991875],[-65.232789,-21.991806],[-65.232821,-21.991739],[-65.232858,-21.991673],[-65.233084,-21.991309],[-65.233546,-21.990684],[-65.233625,-21.99051],[-65.233688,-21.990281],[-65.233722,-21.989989],[-65.233745,-21.989784],[-65.233749,-21.989618],[-65.233749,-21.989468],[-65.233731,-21.989326],[-65.233693,-21.989149],[-65.233574,-21.988922],[-65.233505,-21.988828],[-65.233404,-21.988742],[-65.233309,-21.988697],[-65.228135,-21.986634],[-65.227981,-21.98658],[-65.227824,-21.986533],[-65.227657,-21.986492],[-65.227488,-21.98646],[-65.225061,-21.986186],[-65.224903,-21.986176],[-65.22477,-21.986167],[-65.224674,-21.986173],[-65.224536,-21.986199],[-65.224433,-21.986204],[-65.224321,-21.98618],[-65.22388,-21.985986],[-65.223741,-21.985932],[-65.223622,-21.985902],[-65.222226,-21.985655],[-65.221926,-21.985602],[-65.221696,-21.985547],[-65.21927,-21.984836],[-65.219104,-21.984796],[-65.218913,-21.984784],[-65.218185,-21.984876],[-65.21796,-21.984889],[-65.21772,-21.984873],[-65.2175,-21.984829],[-65.217078,-21.984656],[-65.216928,-21.984609],[-65.216759,-21.984578],[-65.216635,-21.984569],[-65.216591,-21.984566],[-65.216398,-21.984565],[-65.213643,-21.984679],[-65.21298,-21.984668],[-65.212567,-21.98463],[-65.212163,-21.984546],[-65.211901,-21.984452],[-65.211687,-21.984346],[-65.21102,-21.983921],[-65.210756,-21.983769],[-65.210492,-21.983663],[-65.210278,-21.983598],[-65.210089,-21.983573],[-65.209901,-21.983553],[-65.209677,-21.983563],[-65.209422,-21.983624],[-65.205398,-21.985439],[-65.204189,-21.985985],[-65.20228,-21.986846],[-65.202036,-21.987015],[-65.201821,-21.987219],[-65.201719,-21.987364],[-65.201252,-21.987978],[-65.201084,-21.988263],[-65.20014,-21.990402],[-65.19999,-21.990524],[-65.199848,-21.990595],[-65.199584,-21.990582],[-65.199392,-21.990522],[-65.199278,-21.990454],[-65.198611,-21.989668],[-65.198423,-21.989567],[-65.198236,-21.989513],[-65.197791,-21.989513],[-65.197514,-21.989482],[-65.197238,-21.989427],[-65.195772,-21.989049],[-65.195366,-21.988877],[-65.195109,-21.988791],[-65.193122,-21.988366],[-65.192781,-21.98825],[-65.192552,-21.988134],[-65.192442,-21.988028],[-65.192385,-21.987915],[-65.192374,-21.987759],[-65.192376,-21.987581],[-65.192419,-21.987476],[-65.192487,-21.987404],[-65.192754,-21.98723],[-65.192941,-21.987055],[-65.193858,-21.985892],[-65.193897,-21.985816],[-65.193917,-21.985709],[-65.1939,-21.985621],[-65.193525,-21.984436],[-65.193498,-21.984095],[-65.193454,-21.983931],[-65.193054,-21.98278],[-65.193011,-21.982503],[-65.192973,-21.981941],[-65.193011,-21.981446],[-65.193136,-21.980467],[-65.193113,-21.980245],[-65.193039,-21.980029],[-65.19283,-21.979733],[-65.192233,-21.97932],[-65.192016,-21.979108],[-65.191034,-21.977851],[-65.19079,-21.977631],[-65.190449,-21.977434],[-65.190031,-21.977305],[-65.188793,-21.977268],[-65.188442,-21.977288],[-65.188184,-21.977359],[-65.187925,-21.977499],[-65.186513,-21.978617],[-65.186201,-21.978816],[-65.185887,-21.978956],[-65.185609,-21.979],[-65.185337,-21.978954],[-65.185165,-21.97882],[-65.185067,-21.978607],[-65.185118,-21.978271],[-65.185156,-21.977922],[-65.18516,-21.97784],[-65.185115,-21.97776],[-65.18502,-21.977687],[-65.184901,-21.977652],[-65.183968,-21.977701],[-65.183664,-21.977669],[-65.183454,-21.977588],[-65.183304,-21.977486],[-65.183097,-21.97733],[-65.182902,-21.97704],[-65.182804,-21.976777],[-65.182751,-21.976457],[-65.182684,-21.97578],[-65.182698,-21.975595],[-65.182796,-21.975376],[-65.182867,-21.975108],[-65.182897,-21.974699],[-65.183109,-21.973127],[-65.183226,-21.97285],[-65.183369,-21.972621],[-65.183566,-21.972435],[-65.183846,-21.972226],[-65.185059,-21.971564],[-65.185122,-21.971496],[-65.185138,-21.971418],[-65.18512,-21.971359],[-65.185079,-21.971318],[-65.185011,-21.971288],[-65.184912,-21.971282],[-65.182927,-21.971892],[-65.182555,-21.972111],[-65.182308,-21.972402],[-65.182092,-21.972849],[-65.181885,-21.973546],[-65.181566,-21.974288],[-65.180765,-21.975592],[-65.180587,-21.975977],[-65.18035,-21.976758],[-65.180251,-21.977196],[-65.180151,-21.977825],[-65.180124,-21.978281],[-65.180104,-21.978536],[-65.180086,-21.978785],[-65.180066,-21.978961],[-65.180107,-21.9793],[-65.180176,-21.979831],[-65.180297,-21.980254],[-65.180427,-21.980645],[-65.180492,-21.980894],[-65.180514,-21.981237],[-65.180498,-21.982751],[-65.180447,-21.982919],[-65.180399,-21.983065],[-65.180308,-21.983192],[-65.178278,-21.98523],[-65.177347,-21.985851],[-65.176683,-21.986268],[-65.176475,-21.98641],[-65.176184,-21.986687],[-65.175934,-21.98693],[-65.175746,-21.987044],[-65.175511,-21.987136],[-65.175343,-21.987226],[-65.174869,-21.987525],[-65.174604,-21.987613],[-65.174168,-21.987697],[-65.173363,-21.987734],[-65.172494,-21.987714],[-65.172256,-21.987741],[-65.172028,-21.987799],[-65.1717,-21.988037],[-65.171517,-21.988218],[-65.171335,-21.988517],[-65.171262,-21.988637],[-65.171199,-21.988858],[-65.17081,-21.9909],[-65.170756,-21.991028],[-65.170683,-21.991102],[-65.170546,-21.991141],[-65.17041,-21.991136],[-65.170279,-21.991097],[-65.169675,-21.99082],[-65.168565,-21.990303],[-65.16831,-21.990231],[-65.168118,-21.9902],[-65.167989,-21.990213],[-65.167835,-21.990318],[-65.167705,-21.99046],[-65.166954,-21.991328],[-65.166683,-21.991717],[-65.166148,-21.992547],[-65.166043,-21.992761],[-65.165615,-21.9938],[-65.165602,-21.993831],[-65.165485,-21.994013],[-65.165322,-21.994105],[-65.16517,-21.994151],[-65.162969,-21.994687],[-65.162739,-21.994814],[-65.162595,-21.994924],[-65.162418,-21.995153],[-65.16226,-21.995521],[-65.162207,-21.995696],[-65.16175,-21.997457],[-65.161559,-21.997694],[-65.161291,-21.997867],[-65.160001,-21.998291],[-65.159864,-21.998368],[-65.15979,-21.998435],[-65.159745,-21.998507],[-65.159614,-21.999097],[-65.15959,-21.999149],[-65.159517,-21.999212],[-65.159442,-21.999245],[-65.159378,-21.999245],[-65.159315,-21.999233],[-65.157977,-21.998678],[-65.157595,-21.998587],[-65.15723,-21.998535],[-65.156879,-21.998515],[-65.156483,-21.998514],[-65.156042,-21.99856],[-65.155686,-21.998641],[-65.154864,-21.998942],[-65.154555,-21.999115],[-65.15432,-21.999288],[-65.153254,-22.000339],[-65.152198,-22.001628],[-65.151907,-22.002109],[-65.151728,-22.002486],[-65.151618,-22.002856],[-65.15156,-22.003048],[-65.151551,-22.003318],[-65.151627,-22.003638],[-65.15176,-22.003959],[-65.15188,-22.004215],[-65.151896,-22.004293],[-65.151904,-22.004366],[-65.151893,-22.004424],[-65.151868,-22.004473],[-65.151807,-22.004512],[-65.151747,-22.004527],[-65.15165,-22.004508],[-65.151546,-22.004468],[-65.151441,-22.004417],[-65.148092,-22.002137],[-65.147952,-22.002048],[-65.147843,-22.001994],[-65.147747,-22.001965],[-65.147671,-22.001956],[-65.147245,-22.001947],[-65.146355,-22.001965],[-65.146242,-22.00198],[-65.146167,-22.002001],[-65.146115,-22.002038],[-65.146074,-22.002099],[-65.146051,-22.002159],[-65.146044,-22.002242],[-65.146052,-22.002344],[-65.146087,-22.002492],[-65.146338,-22.003378],[-65.146397,-22.003538],[-65.146464,-22.003695],[-65.14681,-22.004323],[-65.146883,-22.00448],[-65.146932,-22.004642],[-65.146953,-22.0048],[-65.146937,-22.004937],[-65.146892,-22.005049],[-65.146837,-22.005119],[-65.14671,-22.005222],[-65.146587,-22.005309],[-65.146493,-22.005391],[-65.146432,-22.005473],[-65.146366,-22.005615],[-65.146249,-22.005906],[-65.146178,-22.006042],[-65.146094,-22.00617],[-65.1456,-22.00692],[-65.145556,-22.006979],[-65.14464,-22.007892],[-65.144152,-22.008641],[-65.144069,-22.008716],[-65.143937,-22.00878],[-65.143712,-22.00879],[-65.142328,-22.008492],[-65.142092,-22.008492],[-65.141856,-22.008531],[-65.140274,-22.009205],[-65.140107,-22.009327],[-65.139995,-22.009504],[-65.139892,-22.010232],[-65.139888,-22.010528],[-65.13987,-22.010626],[-65.13982,-22.010728],[-65.139681,-22.01089],[-65.139525,-22.010959],[-65.139197,-22.010977],[-65.138711,-22.010923],[-65.138331,-22.010917],[-65.13755,-22.010926],[-65.137199,-22.010968],[-65.136309,-22.011237],[-65.136023,-22.011399],[-65.135811,-22.011573],[-65.135641,-22.011782],[-65.135521,-22.01199],[-65.135075,-22.012978],[-65.135003,-22.013091],[-65.134882,-22.013226],[-65.134528,-22.013465],[-65.134438,-22.01351],[-65.13402,-22.013758],[-65.133761,-22.013875],[-65.133461,-22.01397],[-65.133186,-22.014142],[-65.132972,-22.014291],[-65.132683,-22.014619],[-65.132243,-22.015196],[-65.132201,-22.015294],[-65.132178,-22.015415],[-65.132245,-22.015722],[-65.132234,-22.015813],[-65.132221,-22.015924],[-65.13221,-22.016011],[-65.132186,-22.01607],[-65.132129,-22.016113],[-65.132063,-22.016131],[-65.131996,-22.016128],[-65.131856,-22.016031],[-65.13151,-22.015823],[-65.131281,-22.015714],[-65.131009,-22.015633],[-65.130541,-22.015551],[-65.130015,-22.015476],[-65.129617,-22.015419],[-65.129448,-22.015376],[-65.129378,-22.015338],[-65.129294,-22.015291],[-65.129102,-22.015172],[-65.12903,-22.015075],[-65.129004,-22.014998],[-65.129,-22.014846],[-65.129022,-22.014658],[-65.129044,-22.014521],[-65.129177,-22.014305],[-65.12932,-22.013751],[-65.129314,-22.013187],[-65.12923,-22.012969],[-65.129085,-22.012659],[-65.129024,-22.01252],[-65.128981,-22.012247],[-65.128901,-22.012182],[-65.128762,-22.01216],[-65.128398,-22.01229],[-65.128242,-22.012314],[-65.12808,-22.012307],[-65.127844,-22.012162],[-65.127731,-22.012048],[-65.127699,-22.011943],[-65.127795,-22.011645],[-65.128225,-22.011183],[-65.128284,-22.010954],[-65.128262,-22.010272],[-65.128195,-22.010161],[-65.128091,-22.010049],[-65.127758,-22.009805],[-65.127627,-22.009757],[-65.127459,-22.009743],[-65.127282,-22.009773],[-65.127185,-22.009763],[-65.126878,-22.009581],[-65.126798,-22.009422],[-65.126878,-22.009114],[-65.126873,-22.009023],[-65.126825,-22.008961],[-65.12669,-22.008915],[-65.126198,-22.009007],[-65.125934,-22.009143],[-65.125811,-22.009138],[-65.125709,-22.009034],[-65.125607,-22.00884],[-65.125288,-22.008479],[-65.125178,-22.008402],[-65.125086,-22.008353],[-65.124975,-22.008316],[-65.124872,-22.008233],[-65.124815,-22.007895],[-65.124741,-22.007785],[-65.12463,-22.007721],[-65.124525,-22.007723],[-65.124421,-22.007771],[-65.124337,-22.007893],[-65.124294,-22.008052],[-65.12417,-22.00838],[-65.124129,-22.008516],[-65.124051,-22.008651],[-65.123681,-22.008984],[-65.12285,-22.009586],[-65.122651,-22.009678],[-65.122494,-22.009726],[-65.122276,-22.009695],[-65.119985,-22.008974],[-65.119749,-22.00884],[-65.119599,-22.008706],[-65.119379,-22.008298],[-65.118719,-22.007104],[-65.118637,-22.006947],[-65.118322,-22.006642],[-65.118123,-22.006527],[-65.117639,-22.006342],[-65.117363,-22.006282],[-65.117195,-22.006274],[-65.116766,-22.006329],[-65.116646,-22.006349],[-65.116483,-22.006456],[-65.116349,-22.00665],[-65.116079,-22.00724],[-65.116006,-22.007431],[-65.115936,-22.007769],[-65.115912,-22.007901],[-65.11584,-22.008032],[-65.115709,-22.008139],[-65.115554,-22.008213],[-65.115431,-22.008338],[-65.115383,-22.008451],[-65.115298,-22.008972],[-65.115259,-22.009069],[-65.115148,-22.009166],[-65.11503,-22.009231],[-65.114751,-22.00935],[-65.114529,-22.009482],[-65.114368,-22.009526],[-65.114067,-22.009663],[-65.113844,-22.0097],[-65.113179,-22.009669],[-65.112995,-22.009636],[-65.112081,-22.009345],[-65.111834,-22.009295],[-65.111063,-22.009228],[-65.111013,-22.009206],[-65.110962,-22.009158],[-65.110954,-22.009107],[-65.110967,-22.009066],[-65.110994,-22.009025],[-65.111059,-22.008979],[-65.111504,-22.008805],[-65.111595,-22.008758],[-65.111683,-22.008656],[-65.111787,-22.00841],[-65.111859,-22.00814],[-65.111849,-22.00805],[-65.111817,-22.007989],[-65.111747,-22.00793],[-65.111648,-22.007901],[-65.110967,-22.007952],[-65.110865,-22.007949],[-65.11082,-22.00794],[-65.110781,-22.00792],[-65.110729,-22.007887],[-65.110681,-22.007842],[-65.110453,-22.007604],[-65.110323,-22.007446],[-65.11026,-22.007356],[-65.11021,-22.007239],[-65.110157,-22.007103],[-65.110109,-22.007005],[-65.110012,-22.006895],[-65.109846,-22.006841],[-65.109653,-22.00682],[-65.109397,-22.006699],[-65.108026,-22.005978],[-65.107835,-22.005831],[-65.107595,-22.00565],[-65.106653,-22.004837],[-65.10594,-22.004347],[-65.105624,-22.004117],[-65.105483,-22.00396],[-65.105257,-22.003632],[-65.105046,-22.003285],[-65.104831,-22.002797],[-65.104729,-22.002472],[-65.104514,-22.001857],[-65.104369,-22.001489],[-65.104058,-22.000972],[-65.103896,-22.00074],[-65.10381,-22.000618],[-65.10348,-22.000168],[-65.102591,-21.998955],[-65.102487,-21.998757],[-65.102424,-21.998582],[-65.102306,-21.998299],[-65.102234,-21.998195],[-65.101854,-21.997794],[-65.10171,-21.997687],[-65.101444,-21.997534],[-65.10135,-21.997426],[-65.101304,-21.997318],[-65.101161,-21.996893],[-65.101111,-21.996731],[-65.101132,-21.996517],[-65.101222,-21.996056],[-65.101227,-21.995984],[-65.101186,-21.995932],[-65.101133,-21.995882],[-65.101066,-21.995853],[-65.100806,-21.995861],[-65.100335,-21.995916],[-65.099666,-21.995998],[-65.099428,-21.996012],[-65.099042,-21.995977],[-65.098805,-21.995958],[-65.098595,-21.995928],[-65.098397,-21.995868],[-65.097984,-21.995722],[-65.097849,-21.995694],[-65.097708,-21.995672],[-65.097595,-21.995673],[-65.097471,-21.995682],[-65.097199,-21.995688],[-65.097003,-21.995697],[-65.096585,-21.995816],[-65.096162,-21.995948],[-65.096063,-21.995957],[-65.095965,-21.995954],[-65.095851,-21.995941],[-65.095761,-21.995895],[-65.09573,-21.995859],[-65.095708,-21.995806],[-65.095647,-21.995536],[-65.095639,-21.995458],[-65.095643,-21.995394],[-65.095662,-21.995301],[-65.0957,-21.995196],[-65.095882,-21.994839],[-65.095908,-21.994779],[-65.095941,-21.994721],[-65.095979,-21.994666],[-65.096022,-21.994615],[-65.096068,-21.994572],[-65.096117,-21.994532],[-65.09617,-21.994497],[-65.096844,-21.994016],[-65.097029,-21.993849],[-65.097181,-21.993687],[-65.097542,-21.993192],[-65.097688,-21.993042],[-65.097722,-21.99301],[-65.097734,-21.992993],[-65.09774,-21.992972],[-65.097739,-21.992951],[-65.097732,-21.992931],[-65.09772,-21.992916],[-65.097703,-21.992904],[-65.097684,-21.992896],[-65.097664,-21.992894],[-65.097643,-21.992897],[-65.097623,-21.992905],[-65.097607,-21.992919],[-65.097559,-21.99295],[-65.097505,-21.992998],[-65.097286,-21.993198],[-65.096769,-21.993595],[-65.096659,-21.993665],[-65.096511,-21.993729],[-65.096123,-21.99386],[-65.096088,-21.993871],[-65.096052,-21.993877],[-65.096015,-21.993877],[-65.095978,-21.993871],[-65.095943,-21.993859],[-65.095911,-21.993842],[-65.095878,-21.993814],[-65.095852,-21.993782],[-65.095834,-21.993744],[-65.095824,-21.993705],[-65.095823,-21.993664],[-65.095832,-21.993623],[-65.095852,-21.993515],[-65.095903,-21.993376],[-65.096285,-21.99246],[-65.096384,-21.992171],[-65.096426,-21.992053],[-65.096477,-21.991913],[-65.096554,-21.991703],[-65.096715,-21.99121],[-65.096721,-21.991183],[-65.096719,-21.991156],[-65.09671,-21.99113],[-65.096696,-21.991111],[-65.096678,-21.991095],[-65.096657,-21.991083],[-65.096634,-21.991076],[-65.09653,-21.991076],[-65.096356,-21.991081],[-65.096174,-21.991085],[-65.096064,-21.991063],[-65.096001,-21.991035],[-65.095684,-21.990832],[-65.09565,-21.990815],[-65.095614,-21.990801],[-65.095576,-21.990793],[-65.095525,-21.990789],[-65.095475,-21.990793],[-65.095426,-21.990806],[-65.095321,-21.990865],[-65.095227,-21.990942],[-65.095127,-21.991012],[-65.095022,-21.991076],[-65.094939,-21.991119],[-65.094854,-21.991158],[-65.094767,-21.991193],[-65.094636,-21.991241],[-65.094509,-21.991293],[-65.094383,-21.99135],[-65.094251,-21.991417],[-65.094122,-21.991489],[-65.093997,-21.991566],[-65.093876,-21.991648],[-65.093743,-21.991745],[-65.093605,-21.991837],[-65.093486,-21.991911],[-65.093365,-21.99198],[-65.09324,-21.992046],[-65.093035,-21.992147],[-65.092825,-21.99224],[-65.092645,-21.992315],[-65.092582,-21.992335],[-65.092521,-21.992359],[-65.092463,-21.992387],[-65.092397,-21.992426],[-65.092335,-21.99247],[-65.092277,-21.992519],[-65.092254,-21.992535],[-65.092228,-21.992546],[-65.092199,-21.992552],[-65.09217,-21.992551],[-65.092138,-21.992543],[-65.092109,-21.992527],[-65.092085,-21.992505],[-65.092069,-21.992478],[-65.09206,-21.992448],[-65.09206,-21.992417],[-65.092076,-21.991977],[-65.092082,-21.991645],[-65.092082,-21.991313],[-65.092074,-21.991204],[-65.092076,-21.991096],[-65.092086,-21.99101],[-65.092102,-21.990924],[-65.092125,-21.99084],[-65.092154,-21.990758],[-65.092342,-21.990236],[-65.092384,-21.990135],[-65.092434,-21.990038],[-65.092492,-21.989945],[-65.092554,-21.989861],[-65.092622,-21.989781],[-65.092696,-21.989706],[-65.092756,-21.989634],[-65.09281,-21.989559],[-65.092858,-21.98948],[-65.0929,-21.989398],[-65.092978,-21.989223],[-65.093062,-21.98905],[-65.093152,-21.98888],[-65.09325,-21.98871],[-65.093354,-21.988542],[-65.093405,-21.988458],[-65.093463,-21.988378],[-65.093531,-21.988297],[-65.093605,-21.988221],[-65.093685,-21.988149],[-65.09377,-21.988084],[-65.09386,-21.988025],[-65.09396,-21.987948],[-65.094053,-21.987865],[-65.094139,-21.987776],[-65.09417,-21.987752],[-65.094195,-21.987724],[-65.094214,-21.987691],[-65.094225,-21.987656],[-65.094229,-21.987619],[-65.094225,-21.987582],[-65.094213,-21.987547],[-65.094195,-21.987515],[-65.094171,-21.987487],[-65.094141,-21.987464],[-65.094106,-21.987446],[-65.094069,-21.987435],[-65.093743,-21.987411],[-65.093572,-21.987411],[-65.093359,-21.987428],[-65.092768,-21.987521],[-65.092537,-21.98756],[-65.092497,-21.987572],[-65.092455,-21.987578],[-65.092413,-21.987576],[-65.092372,-21.987567],[-65.092333,-21.987552],[-65.092299,-21.98753],[-65.092268,-21.987503],[-65.092244,-21.987471],[-65.092226,-21.987436],[-65.092215,-21.987398],[-65.092212,-21.98736],[-65.092216,-21.987321],[-65.092251,-21.987209],[-65.092424,-21.986812],[-65.092686,-21.986318],[-65.092851,-21.985994],[-65.092849,-21.985904],[-65.092825,-21.985838],[-65.092752,-21.985761],[-65.092681,-21.985719],[-65.092616,-21.985703],[-65.092521,-21.9857],[-65.092432,-21.985723],[-65.092338,-21.985782],[-65.091633,-21.986297],[-65.090766,-21.986888],[-65.089038,-21.988146],[-65.086544,-21.989907],[-65.083982,-21.99174],[-65.080519,-21.994073],[-65.077371,-21.995948],[-65.074271,-21.997816],[-65.070928,-21.99982],[-65.068943,-22.000998],[-65.065696,-22.002949],[-65.064201,-22.00386],[-65.062675,-22.004742],[-65.062195,-22.00505],[-65.061729,-22.005397],[-65.060626,-22.006185],[-65.060492,-22.006303],[-65.060382,-22.006416],[-65.059305,-22.007454],[-65.058799,-22.007967],[-65.058069,-22.008708],[-65.056299,-22.010597],[-65.054212,-22.012806],[-65.052722,-22.014375],[-65.0525,-22.014573],[-65.052293,-22.014716],[-65.052006,-22.014908],[-65.050509,-22.015927],[-65.048865,-22.017018],[-65.047986,-22.017593],[-65.047812,-22.017669],[-65.047636,-22.017707],[-65.047428,-22.01772],[-65.047125,-22.017761],[-65.047066,-22.017775],[-65.047009,-22.017796],[-65.046956,-22.017823],[-65.046901,-22.017861],[-65.046853,-22.017906],[-65.046812,-22.017956],[-65.046779,-22.018012],[-65.046754,-22.018071],[-65.04674,-22.018133],[-65.046734,-22.018196],[-65.046737,-22.018399],[-65.04677,-22.018907],[-65.046774,-22.01899],[-65.046785,-22.019073],[-65.046806,-22.019166],[-65.046837,-22.019257],[-65.047169,-22.019985],[-65.047479,-22.020648],[-65.047504,-22.020724],[-65.047522,-22.020802],[-65.047529,-22.020861],[-65.047533,-22.02092],[-65.047515,-22.021126],[-65.047454,-22.021611],[-65.04744,-22.021673],[-65.047419,-22.021734],[-65.047386,-22.021802],[-65.047346,-22.021867],[-65.046881,-22.022534],[-65.046851,-22.022587],[-65.046825,-22.022641],[-65.046803,-22.022697],[-65.046785,-22.022761],[-65.046772,-22.022826],[-65.046758,-22.023052],[-65.046757,-22.02311],[-65.046751,-22.023167],[-65.046741,-22.023224],[-65.046722,-22.02329],[-65.046697,-22.023354],[-65.046665,-22.023415],[-65.046628,-22.023474],[-65.046402,-22.023735],[-65.046173,-22.023986],[-65.046105,-22.024097],[-65.04604,-22.02434],[-65.045991,-22.024642],[-65.045881,-22.025328],[-65.045846,-22.02538],[-65.045797,-22.025409],[-65.045725,-22.025406],[-65.045673,-22.025376],[-65.045626,-22.025321],[-65.045578,-22.025223],[-65.045434,-22.024761],[-65.045247,-22.024127],[-65.045189,-22.023776],[-65.045084,-22.023022],[-65.045052,-22.02296],[-65.045008,-22.022925],[-65.044949,-22.022914],[-65.044898,-22.022924],[-65.044852,-22.022959],[-65.044816,-22.023042],[-65.044589,-22.023963],[-65.044528,-22.024165],[-65.044425,-22.024385],[-65.044393,-22.024437],[-65.044355,-22.024485],[-65.044311,-22.024529],[-65.044262,-22.024567],[-65.0442,-22.024604],[-65.044134,-22.024632],[-65.044065,-22.024652],[-65.043993,-22.024664],[-65.04392,-22.024665],[-65.042773,-22.024766],[-65.042664,-22.024783],[-65.042557,-22.02481],[-65.042474,-22.024836],[-65.042393,-22.024868],[-65.042315,-22.024905],[-65.04224,-22.024947],[-65.041276,-22.025589],[-65.040327,-22.02618],[-65.040267,-22.026229],[-65.04021,-22.026281],[-65.040135,-22.026358],[-65.040067,-22.02644],[-65.040004,-22.026526],[-65.039217,-22.027735],[-65.039153,-22.027797],[-65.039083,-22.027827],[-65.039013,-22.02783],[-65.038966,-22.02781],[-65.03893,-22.027773],[-65.038912,-22.027725],[-65.038909,-22.027659],[-65.038934,-22.027567],[-65.038971,-22.027446],[-65.038998,-22.027318],[-65.039045,-22.026767],[-65.039066,-22.026675],[-65.039121,-22.026462],[-65.039121,-22.026431],[-65.039112,-22.0264],[-65.039094,-22.026373],[-65.03907,-22.026351],[-65.03904,-22.026336],[-65.039008,-22.026328],[-65.038974,-22.026329],[-65.038941,-22.026338],[-65.038912,-22.026354],[-65.038889,-22.026377],[-65.038873,-22.026404],[-65.038788,-22.026516],[-65.038394,-22.027088],[-65.038349,-22.027155],[-65.038309,-22.027223],[-65.038265,-22.027309],[-65.038229,-22.027396],[-65.038199,-22.027486],[-65.038052,-22.028026],[-65.038047,-22.028079],[-65.038047,-22.028133],[-65.038055,-22.028205],[-65.038073,-22.028275],[-65.038127,-22.028378],[-65.038213,-22.02856],[-65.038214,-22.028578],[-65.038212,-22.028597],[-65.038203,-22.028621],[-65.03819,-22.028642],[-65.038172,-22.02866],[-65.038149,-22.028674],[-65.03809,-22.0287],[-65.037513,-22.028903],[-65.037081,-22.029112],[-65.036988,-22.029139],[-65.036894,-22.029158],[-65.036797,-22.02917],[-65.0367,-22.029174],[-65.036619,-22.029172],[-65.036538,-22.029164],[-65.035821,-22.029083],[-65.035662,-22.029043],[-65.035417,-22.02897],[-65.035363,-22.028959],[-65.035308,-22.028953],[-65.035252,-22.028952],[-65.035196,-22.028955],[-65.034117,-22.029092],[-65.033772,-22.029121],[-65.033189,-22.029227],[-65.032914,-22.029253],[-65.032492,-22.029299],[-65.032304,-22.029343],[-65.032201,-22.029345],[-65.032045,-22.029348],[-65.031811,-22.02936],[-65.031557,-22.029391],[-65.031497,-22.029398],[-65.031436,-22.029395],[-65.031377,-22.029383],[-65.031321,-22.029363],[-65.031268,-22.029335],[-65.031222,-22.029299],[-65.031185,-22.029259],[-65.031154,-22.029215],[-65.031131,-22.029168],[-65.031116,-22.029117],[-65.031109,-22.029065],[-65.031074,-22.028899],[-65.031062,-22.028708],[-65.03106,-22.028531],[-65.031038,-22.028421],[-65.030996,-22.028334],[-65.030934,-22.028258],[-65.030822,-22.02817],[-65.030785,-22.028151],[-65.030746,-22.028139],[-65.030706,-22.028131],[-65.030665,-22.028129],[-65.03062,-22.028133],[-65.030577,-22.028144],[-65.030536,-22.028161],[-65.030499,-22.028184],[-65.030466,-22.028213],[-65.030224,-22.028448],[-65.030057,-22.028644],[-65.029945,-22.028794],[-65.029877,-22.028849],[-65.029819,-22.028862],[-65.02976,-22.028848],[-65.029717,-22.028815],[-65.02969,-22.028766],[-65.029682,-22.02869],[-65.029679,-22.028103],[-65.029655,-22.027598],[-65.029614,-22.027179],[-65.029582,-22.026864],[-65.02958,-22.026783],[-65.029587,-22.026702],[-65.029604,-22.026622],[-65.02963,-22.026544],[-65.029664,-22.026469],[-65.029707,-22.026398],[-65.029758,-22.026331],[-65.029805,-22.026282],[-65.029855,-22.026237],[-65.02991,-22.026195],[-65.030216,-22.026019],[-65.030333,-22.02599],[-65.030478,-22.025983],[-65.030594,-22.025979],[-65.030623,-22.025968],[-65.030648,-22.025951],[-65.030668,-22.02593],[-65.030682,-22.025904],[-65.030689,-22.025876],[-65.030689,-22.025849],[-65.030682,-22.025822],[-65.030669,-22.025797],[-65.03065,-22.025775],[-65.030626,-22.025758],[-65.030599,-22.025747],[-65.03057,-22.025742],[-65.029902,-22.025534],[-65.028774,-22.02513],[-65.027704,-22.02472],[-65.027603,-22.024685],[-65.027505,-22.024643],[-65.027411,-22.024594],[-65.027312,-22.024535],[-65.027218,-22.024468],[-65.02713,-22.024395],[-65.027049,-22.024315],[-65.026974,-22.02423],[-65.026861,-22.024042],[-65.026221,-22.022895],[-65.025713,-22.021931],[-65.025091,-22.020826],[-65.02505,-22.020763],[-65.025004,-22.020702],[-65.024953,-22.020646],[-65.024886,-22.020585],[-65.024812,-22.02053],[-65.024732,-22.020483],[-65.024648,-22.020443],[-65.02456,-22.020411],[-65.024469,-22.020388],[-65.024376,-22.020374],[-65.024281,-22.020368],[-65.024187,-22.020371],[-65.023707,-22.020384],[-65.023589,-22.020391],[-65.023471,-22.020389],[-65.023354,-22.020379],[-65.023253,-22.020364],[-65.023154,-22.020343],[-65.023057,-22.020317],[-65.022521,-22.020117],[-65.02202,-22.019949],[-65.021959,-22.019943],[-65.021897,-22.019943],[-65.021836,-22.019949],[-65.021776,-22.019962],[-65.021717,-22.01998],[-65.021661,-22.020004],[-65.021609,-22.020034],[-65.021559,-22.020069],[-65.021421,-22.020221],[-65.020594,-22.021117],[-65.020188,-22.021552],[-65.020144,-22.021569],[-65.020087,-22.021566],[-65.020045,-22.021543],[-65.020012,-22.021502],[-65.020002,-22.021456],[-65.019999,-22.021351],[-65.020014,-22.021246],[-65.020145,-22.020663],[-65.020151,-22.020582],[-65.020153,-22.020501],[-65.020149,-22.02037],[-65.020014,-22.019424],[-65.019921,-22.018918],[-65.019876,-22.018732],[-65.019654,-22.018187],[-65.019617,-22.018113],[-65.019588,-22.018037],[-65.019566,-22.017958],[-65.019551,-22.017878],[-65.019545,-22.017797],[-65.019547,-22.017715],[-65.019554,-22.017647],[-65.019567,-22.017579],[-65.019693,-22.01711],[-65.019702,-22.017006],[-65.019701,-22.016901],[-65.01969,-22.016798],[-65.019677,-22.016724],[-65.019659,-22.016651],[-65.019495,-22.01606],[-65.019403,-22.0157],[-65.019277,-22.015414],[-65.019193,-22.015238],[-65.019036,-22.015038],[-65.019004,-22.015005],[-65.018967,-22.014976],[-65.018927,-22.014951],[-65.018884,-22.014931],[-65.018827,-22.014913],[-65.018767,-22.014904],[-65.018707,-22.014903],[-65.018647,-22.014911],[-65.01859,-22.014928],[-65.018536,-22.014953],[-65.018486,-22.014985],[-65.018255,-22.015334],[-65.01824,-22.015392],[-65.018231,-22.015452],[-65.018228,-22.015516],[-65.018233,-22.015581],[-65.018244,-22.015644],[-65.018263,-22.015706],[-65.018346,-22.015919],[-65.018613,-22.016377],[-65.018927,-22.016836],[-65.018938,-22.016891],[-65.01894,-22.016946],[-65.018936,-22.016992],[-65.018926,-22.017037],[-65.01891,-22.017081],[-65.018889,-22.017123],[-65.018677,-22.017405],[-65.018649,-22.017459],[-65.018626,-22.017515],[-65.018608,-22.017573],[-65.018593,-22.017645],[-65.018585,-22.017719],[-65.018558,-22.018101],[-65.018552,-22.018569],[-65.018546,-22.018625],[-65.018534,-22.01868],[-65.018516,-22.018734],[-65.018485,-22.0188],[-65.018445,-22.018861],[-65.018397,-22.018917],[-65.018342,-22.018967],[-65.01828,-22.01901],[-65.018213,-22.019045],[-65.017395,-22.019387],[-65.017283,-22.019455],[-65.017116,-22.019558],[-65.017033,-22.019573],[-65.016959,-22.019544],[-65.016923,-22.01949],[-65.016919,-22.019426],[-65.016944,-22.019374],[-65.017038,-22.019269],[-65.01713,-22.019194],[-65.017762,-22.018695],[-65.017797,-22.018659],[-65.017827,-22.018619],[-65.01785,-22.018575],[-65.017866,-22.018528],[-65.017875,-22.01848],[-65.017875,-22.018431],[-65.017868,-22.018383],[-65.017856,-22.018342],[-65.017838,-22.018304],[-65.017708,-22.018002],[-65.017692,-22.017881],[-65.01769,-22.01779],[-65.017676,-22.017469],[-65.017675,-22.017438],[-65.017667,-22.017409],[-65.01765,-22.017382],[-65.017628,-22.01736],[-65.017599,-22.017344],[-65.017568,-22.017334],[-65.017535,-22.017333],[-65.017501,-22.017339],[-65.017471,-22.017353],[-65.017445,-22.017374],[-65.017426,-22.0174],[-65.017414,-22.01743],[-65.01739,-22.017522],[-65.017324,-22.018131],[-65.017309,-22.018162],[-65.01729,-22.01819],[-65.017265,-22.018214],[-65.017231,-22.018238],[-65.017192,-22.018255],[-65.017151,-22.018265],[-65.016932,-22.018308],[-65.016863,-22.018312],[-65.016794,-22.01831],[-65.016726,-22.018302],[-65.016665,-22.018291],[-65.016605,-22.018275],[-65.016547,-22.018254],[-65.016296,-22.018162],[-65.015739,-22.017915],[-65.015535,-22.017856],[-65.015464,-22.017838],[-65.015392,-22.017827],[-65.015318,-22.017824],[-65.015244,-22.017829],[-65.015171,-22.017841],[-65.0151,-22.017861],[-65.015031,-22.017888],[-65.014967,-22.017923],[-65.014907,-22.017964],[-65.014853,-22.018011],[-65.014714,-22.018212],[-65.014675,-22.018293],[-65.014647,-22.018384],[-65.014568,-22.018668],[-65.014555,-22.018686],[-65.014538,-22.018702],[-65.014518,-22.018715],[-65.014487,-22.018726],[-65.014453,-22.018729],[-65.01442,-22.018724],[-65.014389,-22.01871],[-65.014364,-22.018689],[-65.014346,-22.018663],[-65.014336,-22.018633],[-65.014308,-22.018556],[-65.014285,-22.018332],[-65.014276,-22.018004],[-65.014288,-22.017923],[-65.014308,-22.017842],[-65.014335,-22.017764],[-65.01437,-22.017688],[-65.014411,-22.017615],[-65.014466,-22.017536],[-65.01453,-22.017462],[-65.014697,-22.01732],[-65.014951,-22.01719],[-65.015168,-22.017119],[-65.015356,-22.017106],[-65.015624,-22.017105],[-65.015655,-22.017096],[-65.015683,-22.017082],[-65.015707,-22.017062],[-65.015725,-22.017037],[-65.015737,-22.01701],[-65.015742,-22.01698],[-65.015739,-22.016946],[-65.015726,-22.016914],[-65.015705,-22.016886],[-65.015677,-22.016864],[-65.015643,-22.016849],[-65.01558,-22.016831],[-65.01545,-22.01683],[-65.015342,-22.016825],[-65.015222,-22.016804],[-65.01497,-22.016744],[-65.01471,-22.016731],[-65.014611,-22.016742],[-65.014513,-22.016759],[-65.014416,-22.016783],[-65.014321,-22.016813],[-65.014229,-22.016849],[-65.01414,-22.016891],[-65.014054,-22.016939],[-65.013972,-22.016992],[-65.01393,-22.017019],[-65.013894,-22.01705],[-65.013856,-22.017094],[-65.013826,-22.017142],[-65.013769,-22.01728],[-65.013664,-22.017601],[-65.013648,-22.017635],[-65.013629,-22.017668],[-65.013607,-22.017702],[-65.013583,-22.017735],[-65.01323,-22.018127],[-65.013199,-22.018172],[-65.013174,-22.018221],[-65.013158,-22.018273],[-65.013149,-22.018326],[-65.01315,-22.01838],[-65.01314,-22.018934],[-65.013157,-22.019026],[-65.013181,-22.019118],[-65.013211,-22.019207],[-65.013256,-22.019309],[-65.013308,-22.019407],[-65.01337,-22.019501],[-65.013434,-22.019584],[-65.013505,-22.019662],[-65.013584,-22.019734],[-65.013665,-22.019796],[-65.013751,-22.019851],[-65.013841,-22.019899],[-65.013889,-22.019919],[-65.013936,-22.019941],[-65.013992,-22.019972],[-65.014044,-22.020008],[-65.014071,-22.020026],[-65.014094,-22.020048],[-65.014116,-22.020078],[-65.014131,-22.020112],[-65.014138,-22.020149],[-65.014138,-22.020186],[-65.014129,-22.020222],[-65.014112,-22.020297],[-65.014103,-22.020373],[-65.014102,-22.02045],[-65.014109,-22.020532],[-65.014126,-22.020613],[-65.014151,-22.020692],[-65.014185,-22.020769],[-65.014262,-22.020927],[-65.014305,-22.021004],[-65.014346,-22.021082],[-65.014394,-22.021183],[-65.014437,-22.021286],[-65.014456,-22.021331],[-65.014465,-22.021378],[-65.014464,-22.021426],[-65.014452,-22.021473],[-65.014432,-22.021517],[-65.014405,-22.021554],[-65.014371,-22.021586],[-65.014332,-22.021612],[-65.014288,-22.02163],[-65.014241,-22.021641],[-65.014176,-22.021651],[-65.01411,-22.021653],[-65.014044,-22.021648],[-65.013978,-22.021636],[-65.013897,-22.021627],[-65.013815,-22.021625],[-65.013733,-22.021629],[-65.013651,-22.021639],[-65.013577,-22.021641],[-65.013504,-22.021636],[-65.013431,-22.021624],[-65.01336,-22.021606],[-65.013291,-22.021581],[-65.013225,-22.021549],[-65.013035,-22.021466],[-65.012972,-22.021436],[-65.012908,-22.021411],[-65.012841,-22.02139],[-65.012745,-22.021368],[-65.012647,-22.021355],[-65.012548,-22.02135],[-65.01245,-22.021355],[-65.012352,-22.021369],[-65.012256,-22.021391],[-65.012163,-22.021423],[-65.012071,-22.021465],[-65.011977,-22.021501],[-65.011881,-22.021531],[-65.011782,-22.021554],[-65.011679,-22.021572],[-65.011575,-22.021582],[-65.011471,-22.021585],[-65.011418,-22.02158],[-65.011366,-22.021582],[-65.011313,-22.021591],[-65.011262,-22.021607],[-65.011214,-22.021631],[-65.011171,-22.02166],[-65.011133,-22.021696],[-65.011101,-22.021736],[-65.011023,-22.02185],[-65.010941,-22.021961],[-65.010854,-22.022069],[-65.010757,-22.022177],[-65.010656,-22.022282],[-65.010549,-22.022382],[-65.010438,-22.022477],[-65.010411,-22.022491],[-65.01038,-22.022499],[-65.010349,-22.0225],[-65.010318,-22.022494],[-65.01029,-22.022481],[-65.010266,-22.022462],[-65.010248,-22.022439],[-65.010236,-22.022412],[-65.010232,-22.022384],[-65.010235,-22.022355],[-65.010245,-22.022328],[-65.010267,-22.022292],[-65.010297,-22.022261],[-65.010333,-22.022237],[-65.010374,-22.022221],[-65.010409,-22.022198],[-65.010438,-22.022168],[-65.010459,-22.022134],[-65.010655,-22.021743],[-65.010698,-22.021631],[-65.010749,-22.021521],[-65.010806,-22.021414],[-65.01087,-22.021311],[-65.010947,-22.021203],[-65.010971,-22.021166],[-65.010999,-22.021131],[-65.011031,-22.021099],[-65.011081,-22.02106],[-65.011136,-22.021028],[-65.011196,-22.021003],[-65.011258,-22.020986],[-65.011323,-22.020978],[-65.01164,-22.020943],[-65.011666,-22.020933],[-65.011688,-22.020918],[-65.011705,-22.020898],[-65.011716,-22.020874],[-65.01172,-22.020848],[-65.011716,-22.020821],[-65.011704,-22.020796],[-65.011685,-22.020775],[-65.01166,-22.02076],[-65.011632,-22.020752],[-65.011602,-22.020751],[-65.011451,-22.02077],[-65.011299,-22.020784],[-65.011152,-22.020792],[-65.011004,-22.020795],[-65.010856,-22.020794],[-65.010797,-22.02079],[-65.010737,-22.020794],[-65.010679,-22.020806],[-65.010623,-22.020826],[-65.010577,-22.020849],[-65.010534,-22.020877],[-65.010496,-22.02091],[-65.010462,-22.020948],[-65.010424,-22.020998],[-65.01038,-22.021045],[-65.010331,-22.021087],[-65.010275,-22.021125],[-65.010216,-22.021158],[-65.010152,-22.021184],[-65.010119,-22.021192],[-65.010087,-22.021204],[-65.010042,-22.021225],[-65.01,-22.021252],[-65.009963,-22.021284],[-65.009931,-22.02132],[-65.009904,-22.02136],[-65.009873,-22.021413],[-65.009845,-22.021467],[-65.009811,-22.021506],[-65.009771,-22.02154],[-65.009727,-22.021569],[-65.009677,-22.021594],[-65.009624,-22.021613],[-65.009569,-22.021624],[-65.00924,-22.021702],[-65.008965,-22.021766],[-65.008899,-22.02178],[-65.008836,-22.021802],[-65.008776,-22.021832],[-65.008722,-22.021869],[-65.008673,-22.021912],[-65.008649,-22.021939],[-65.008627,-22.021967],[-65.008589,-22.022027],[-65.008559,-22.022091],[-65.008538,-22.022157],[-65.008526,-22.022226],[-65.008522,-22.022285],[-65.008526,-22.022345],[-65.008536,-22.022404],[-65.008553,-22.022461],[-65.008577,-22.022517],[-65.008614,-22.022632],[-65.008657,-22.022745],[-65.008707,-22.022856],[-65.008762,-22.022964],[-65.008834,-22.02309],[-65.008915,-22.023212],[-65.009003,-22.02333],[-65.009044,-22.023395],[-65.00909,-22.023457],[-65.009143,-22.023514],[-65.009201,-22.023568],[-65.009263,-22.023616],[-65.009314,-22.023649],[-65.009367,-22.023679],[-65.009467,-22.023749],[-65.009561,-22.023825],[-65.00961,-22.023868],[-65.009663,-22.023907],[-65.009721,-22.02394],[-65.009781,-22.023967],[-65.009845,-22.023989],[-65.009886,-22.023999],[-65.009927,-22.024006],[-65.010008,-22.024029],[-65.010086,-22.024057],[-65.010162,-22.024091],[-65.0102,-22.02411],[-65.010234,-22.024136],[-65.010261,-22.024167],[-65.010282,-22.024203],[-65.010294,-22.024242],[-65.010299,-22.024282],[-65.010294,-22.024325],[-65.010279,-22.024366],[-65.010257,-22.024403],[-65.010226,-22.024435],[-65.010189,-22.024461],[-65.010101,-22.0245],[-65.010018,-22.024547],[-65.009939,-22.0246],[-65.009867,-22.02466],[-65.009829,-22.024696],[-65.009799,-22.024736],[-65.009776,-22.024781],[-65.009761,-22.024829],[-65.009756,-22.024879],[-65.009759,-22.024929],[-65.00977,-22.024973],[-65.009789,-22.025016],[-65.009814,-22.025055],[-65.009845,-22.02509],[-65.009892,-22.025142],[-65.009934,-22.025197],[-65.009971,-22.025254],[-65.010013,-22.025332],[-65.010061,-22.025406],[-65.010116,-22.025476],[-65.010165,-22.025529],[-65.010209,-22.025586],[-65.010247,-22.025646],[-65.01028,-22.025709],[-65.010302,-22.025765],[-65.010321,-22.025823],[-65.010354,-22.025938],[-65.010379,-22.026055],[-65.010389,-22.026117],[-65.010408,-22.026178],[-65.010434,-22.026236],[-65.010469,-22.026291],[-65.01051,-22.026341],[-65.010552,-22.026381],[-65.010599,-22.026416],[-65.010693,-22.026485],[-65.010768,-22.026535],[-65.010838,-22.026591],[-65.010902,-22.026653],[-65.010958,-22.026721],[-65.010992,-22.026771],[-65.011023,-22.026822],[-65.011082,-22.026925],[-65.011139,-22.027039],[-65.011189,-22.027156],[-65.011232,-22.027276],[-65.011243,-22.0273],[-65.011248,-22.027326],[-65.011245,-22.027353],[-65.011236,-22.027378],[-65.011221,-22.0274],[-65.011197,-22.027421],[-65.011168,-22.027435],[-65.011135,-22.027441],[-65.011102,-22.027438],[-65.011071,-22.027427],[-65.010967,-22.027378],[-65.010862,-22.027333],[-65.0108,-22.027308],[-65.010735,-22.02729],[-65.010669,-22.027278],[-65.010602,-22.027273],[-65.010555,-22.027274],[-65.010508,-22.027279],[-65.010462,-22.027288],[-65.010397,-22.02731],[-65.010329,-22.027324],[-65.01026,-22.02733],[-65.010191,-22.027328],[-65.010139,-22.027321],[-65.010088,-22.027311],[-65.009987,-22.027286],[-65.009905,-22.027259],[-65.009824,-22.027228],[-65.009746,-22.027192],[-65.009671,-22.027151],[-65.009577,-22.027091],[-65.009489,-22.027024],[-65.009408,-22.02695],[-65.009067,-22.026567],[-65.009008,-22.026501],[-65.008941,-22.026441],[-65.008868,-22.026389],[-65.008789,-22.026345],[-65.008705,-22.026308],[-65.008617,-22.026281],[-65.00856,-22.026269],[-65.008503,-22.02626],[-65.00839,-22.02623],[-65.008281,-22.026192],[-65.008223,-22.026167],[-65.008162,-22.026148],[-65.008099,-22.026136],[-65.008035,-22.02613],[-65.007964,-22.02613],[-65.007894,-22.026139],[-65.007753,-22.026144],[-65.007683,-22.026146],[-65.007613,-22.026141],[-65.007545,-22.026128],[-65.007478,-22.026109],[-65.007414,-22.026083],[-65.007353,-22.02605],[-65.007298,-22.026012],[-65.007247,-22.025969],[-65.007136,-22.025893],[-65.007086,-22.025862],[-65.007032,-22.025839],[-65.006974,-22.025823],[-65.006915,-22.025815],[-65.006855,-22.025816],[-65.006804,-22.025824],[-65.006755,-22.025837],[-65.006708,-22.025856],[-65.006664,-22.025881],[-65.006514,-22.025982],[-65.006477,-22.025994],[-65.006438,-22.026001],[-65.006399,-22.026],[-65.00636,-22.025994],[-65.006324,-22.025982],[-65.00629,-22.025964],[-65.006261,-22.025941],[-65.006236,-22.025914],[-65.006216,-22.025883],[-65.006149,-22.025772],[-65.006116,-22.025715],[-65.006087,-22.025657],[-65.006061,-22.025589],[-65.006042,-22.025518],[-65.006029,-22.025446],[-65.006023,-22.025374],[-65.006008,-22.025303],[-65.005983,-22.025235],[-65.005949,-22.02517],[-65.005907,-22.02511],[-65.005857,-22.025055],[-65.005727,-22.024914],[-65.005602,-22.024769],[-65.005481,-22.02462],[-65.005355,-22.024453],[-65.005235,-22.024283],[-65.00518,-22.024194],[-65.005122,-22.024108],[-65.005036,-22.023993],[-65.004945,-22.023882],[-65.004902,-22.023838],[-65.004853,-22.023801],[-65.004798,-22.023771],[-65.004738,-22.02375],[-65.004683,-22.023739],[-65.004627,-22.023734],[-65.004571,-22.023737],[-65.004515,-22.023748],[-65.004462,-22.023765],[-65.004253,-22.023909],[-65.004206,-22.023946],[-65.004166,-22.023989],[-65.004135,-22.024038],[-65.004116,-22.024082],[-65.004103,-22.024127],[-65.004097,-22.024174],[-65.004098,-22.024221],[-65.004105,-22.024267],[-65.004109,-22.02433],[-65.004106,-22.024392],[-65.004096,-22.024454],[-65.004078,-22.024515],[-65.004054,-22.024573],[-65.00403,-22.024623],[-65.004011,-22.024675],[-65.004001,-22.024725],[-65.003996,-22.024775],[-65.003998,-22.024826],[-65.004006,-22.024876],[-65.004027,-22.025033],[-65.004044,-22.02519],[-65.004058,-22.025373],[-65.004065,-22.025556],[-65.004068,-22.025739],[-65.00408,-22.025784],[-65.004084,-22.02583],[-65.004081,-22.025876],[-65.004069,-22.025921],[-65.004049,-22.025963],[-65.004024,-22.026],[-65.003992,-22.026033],[-65.003956,-22.026061],[-65.003916,-22.026083],[-65.003872,-22.0261],[-65.003802,-22.026128],[-65.003766,-22.026142],[-65.003732,-22.026159],[-65.003691,-22.026186],[-65.003653,-22.026217],[-65.003644,-22.026231],[-65.00362,-22.026251],[-65.003597,-22.026268],[-65.003571,-22.026277],[-65.003542,-22.026279],[-65.003516,-22.026273],[-65.003493,-22.026261],[-65.003474,-22.026243],[-65.003462,-22.026222],[-65.003424,-22.026148],[-65.003393,-22.026073],[-65.003382,-22.026034],[-65.003368,-22.025995],[-65.003336,-22.02593],[-65.003297,-22.025868],[-65.003275,-22.025839],[-65.00325,-22.025811],[-65.003203,-22.025772],[-65.003151,-22.025739],[-65.003094,-22.025715],[-65.003033,-22.025699],[-65.002971,-22.025692],[-65.002884,-22.025685],[-65.00284,-22.025686],[-65.002796,-22.025682],[-65.002745,-22.02567],[-65.002696,-22.025651],[-65.00265,-22.025626],[-65.002609,-22.025595],[-65.002574,-22.025558],[-65.002532,-22.025525],[-65.002487,-22.025498],[-65.002437,-22.025478],[-65.002392,-22.025469],[-65.002345,-22.025466],[-65.002299,-22.025471],[-65.002255,-22.025483],[-65.002208,-22.025505],[-65.002166,-22.025534],[-65.002131,-22.025571],[-65.002104,-22.025612],[-65.002037,-22.025758],[-65.001976,-22.025906],[-65.001916,-22.02607],[-65.001865,-22.026237],[-65.001823,-22.026406],[-65.001809,-22.026432],[-65.00179,-22.026455],[-65.001766,-22.026474],[-65.001738,-22.026487],[-65.001707,-22.026495],[-65.001691,-22.026497],[-65.001669,-22.026496],[-65.001632,-22.026488],[-65.001598,-22.026472],[-65.00157,-22.026448],[-65.001549,-22.026418],[-65.00142,-22.026147],[-65.001277,-22.025862],[-65.001128,-22.02558],[-65.001104,-22.02552],[-65.001074,-22.025463],[-65.001037,-22.025409],[-65.000994,-22.025359],[-65.000946,-22.025314],[-65.000884,-22.025268],[-65.000817,-22.025229],[-65.000745,-22.025198],[-65.000708,-22.025185],[-65.000669,-22.025175],[-65.000607,-22.025165],[-65.000544,-22.025162],[-65.000482,-22.025167],[-65.000422,-22.025165],[-65.000363,-22.025155],[-65.000334,-22.025147],[-65.000306,-22.025137],[-65.000267,-22.02512],[-65.000231,-22.025098],[-65.000197,-22.025072],[-65.00017,-22.025042],[-65.000149,-22.025008],[-65.000134,-22.024972],[-65.000126,-22.024934],[-65.000115,-22.024855],[-65.000096,-22.024777],[-65.00007,-22.024701],[-65.000036,-22.024628],[-64.999993,-22.024553],[-64.999942,-22.024482],[-64.999883,-22.024416],[-64.999842,-22.024385],[-64.999796,-22.02436],[-64.999746,-22.024342],[-64.999693,-22.024332],[-64.999639,-22.024329],[-64.999585,-22.024335],[-64.999532,-22.024348],[-64.999483,-22.024369],[-64.999438,-22.024397],[-64.999398,-22.024431],[-64.999307,-22.024523],[-64.99921,-22.024609],[-64.999106,-22.024687],[-64.999017,-22.024746],[-64.998924,-22.0248],[-64.998829,-22.024848],[-64.99873,-22.024891],[-64.998702,-22.02491],[-64.998671,-22.024921],[-64.998637,-22.024924],[-64.998603,-22.024918],[-64.998572,-22.024905],[-64.998546,-22.024885],[-64.998526,-22.024859],[-64.998515,-22.024829],[-64.998512,-22.024797],[-64.998518,-22.024765],[-64.998533,-22.024736],[-64.998556,-22.024712],[-64.998585,-22.024695],[-64.99865,-22.024659],[-64.998717,-22.024628],[-64.998786,-22.0246],[-64.998818,-22.024578],[-64.998845,-22.024551],[-64.998867,-22.02452],[-64.998883,-22.024487],[-64.998894,-22.024451],[-64.998898,-22.024413],[-64.998896,-22.024375],[-64.998887,-22.024338],[-64.998872,-22.024302],[-64.998851,-22.02427],[-64.998796,-22.024195],[-64.998734,-22.024125],[-64.998666,-22.024061],[-64.998451,-22.023864],[-64.99842,-22.023819],[-64.998394,-22.023769],[-64.998376,-22.023718],[-64.998365,-22.023661],[-64.998361,-22.023604],[-64.998366,-22.023547],[-64.998379,-22.023491],[-64.998395,-22.023432],[-64.998418,-22.023374],[-64.998448,-22.02332],[-64.998485,-22.023269],[-64.998526,-22.023222],[-64.998574,-22.02318],[-64.998599,-22.023161],[-64.998625,-22.023143],[-64.998674,-22.023119],[-64.998727,-22.023103],[-64.998781,-22.023094],[-64.99887,-22.023071],[-64.998956,-22.02304],[-64.999037,-22.023],[-64.999114,-22.022952],[-64.999177,-22.022903],[-64.999204,-22.022875],[-64.999234,-22.02285],[-64.999278,-22.022822],[-64.999326,-22.022799],[-64.999376,-22.022783],[-64.999428,-22.022773],[-64.999481,-22.02277],[-64.99951,-22.022754],[-64.999533,-22.022732],[-64.999549,-22.022705],[-64.999557,-22.022675],[-64.999556,-22.022643],[-64.999548,-22.022616],[-64.999532,-22.022591],[-64.99951,-22.02257],[-64.999484,-22.022555],[-64.999454,-22.022546],[-64.999423,-22.022544],[-64.999393,-22.022549],[-64.99933,-22.022565],[-64.999269,-22.022587],[-64.999211,-22.022615],[-64.999157,-22.022648],[-64.999092,-22.022686],[-64.999072,-22.022702],[-64.99905,-22.022713],[-64.999025,-22.022721],[-64.998994,-22.022723],[-64.998962,-22.022717],[-64.998934,-22.022704],[-64.998909,-22.022685],[-64.998891,-22.022661],[-64.99888,-22.022634],[-64.998859,-22.022564],[-64.998845,-22.022492],[-64.99884,-22.02242],[-64.998845,-22.022384],[-64.998843,-22.022348],[-64.998831,-22.022308],[-64.998811,-22.022272],[-64.998783,-22.022241],[-64.998748,-22.022216],[-64.998709,-22.022198],[-64.99843,-22.022136],[-64.998388,-22.022129],[-64.998346,-22.022127],[-64.998305,-22.02213],[-64.998263,-22.022139],[-64.998222,-22.022153],[-64.998183,-22.022172],[-64.998148,-22.022195],[-64.998133,-22.02221],[-64.998116,-22.022223],[-64.998086,-22.022238],[-64.998054,-22.022245],[-64.99802,-22.022244],[-64.997987,-22.022236],[-64.997958,-22.022221],[-64.997934,-22.0222],[-64.997915,-22.022174],[-64.997904,-22.022145],[-64.997901,-22.022114],[-64.997891,-22.022081],[-64.997891,-22.022046],[-64.9979,-22.022012],[-64.997917,-22.021982],[-64.997941,-22.021958],[-64.997971,-22.02194],[-64.998004,-22.021929],[-64.99804,-22.021925],[-64.998075,-22.02193],[-64.998108,-22.021942],[-64.998384,-22.021999],[-64.998416,-22.022007],[-64.998449,-22.022006],[-64.998481,-22.021997],[-64.998509,-22.021981],[-64.998532,-22.021959],[-64.998548,-22.021932],[-64.998556,-22.021904],[-64.998556,-22.021874],[-64.998548,-22.021846],[-64.998532,-22.02182],[-64.998511,-22.021798],[-64.998484,-22.021782],[-64.998454,-22.021773],[-64.998322,-22.02174],[-64.998193,-22.021701],[-64.998065,-22.021656],[-64.997917,-22.021596],[-64.997773,-22.021528],[-64.997633,-22.021452],[-64.997597,-22.021419],[-64.997557,-22.021391],[-64.997512,-22.021369],[-64.997464,-22.021353],[-64.997416,-22.021344],[-64.997367,-22.021341],[-64.997319,-22.021345],[-64.997294,-22.021349],[-64.997271,-22.021355],[-64.997228,-22.021374],[-64.99719,-22.0214],[-64.997159,-22.021433],[-64.997136,-22.021471],[-64.997121,-22.021512],[-64.997062,-22.021681],[-64.997038,-22.021704],[-64.997009,-22.021721],[-64.996976,-22.021729],[-64.996942,-22.021728],[-64.996909,-22.021718],[-64.996881,-22.021702],[-64.99686,-22.021679],[-64.996845,-22.021652],[-64.996839,-22.021622],[-64.996842,-22.021592],[-64.996823,-22.021448],[-64.996794,-22.021306],[-64.996768,-22.021209],[-64.996737,-22.021114],[-64.996728,-22.021089],[-64.996725,-22.021064],[-64.996728,-22.021037],[-64.996737,-22.021013],[-64.996751,-22.02099],[-64.996773,-22.020968],[-64.996801,-22.020951],[-64.996832,-22.020942],[-64.996865,-22.02094],[-64.996898,-22.020945],[-64.996928,-22.020958],[-64.997056,-22.020985],[-64.997083,-22.020992],[-64.99711,-22.020994],[-64.997138,-22.020991],[-64.997164,-22.020982],[-64.997192,-22.020966],[-64.997214,-22.020944],[-64.997231,-22.020918],[-64.997258,-22.020859],[-64.997278,-22.020797],[-64.99729,-22.020734],[-64.997294,-22.020668],[-64.997293,-22.020635],[-64.99729,-22.020602],[-64.997276,-22.020544],[-64.997253,-22.020488],[-64.997222,-22.020436],[-64.997182,-22.020388],[-64.996869,-22.02007],[-64.996802,-22.020005],[-64.996742,-22.019936],[-64.996689,-22.019861],[-64.996645,-22.019785],[-64.996608,-22.019706],[-64.996579,-22.019625],[-64.996526,-22.019462],[-64.996478,-22.019298],[-64.996471,-22.019242],[-64.996457,-22.019186],[-64.996437,-22.019132],[-64.996404,-22.01907],[-64.996386,-22.01904],[-64.996362,-22.019013],[-64.996329,-22.018988],[-64.99629,-22.01897],[-64.996249,-22.01896],[-64.996228,-22.018956],[-64.996206,-22.018958],[-64.996184,-22.018967],[-64.996166,-22.018981],[-64.996153,-22.018999],[-64.996147,-22.019021],[-64.996111,-22.019152],[-64.996069,-22.019282],[-64.996,-22.019471],[-64.995979,-22.019535],[-64.995953,-22.019597],[-64.995922,-22.019657],[-64.995876,-22.019732],[-64.995822,-22.019802],[-64.995763,-22.019868],[-64.995696,-22.019928],[-64.995637,-22.019976],[-64.995573,-22.020021],[-64.995508,-22.020061],[-64.995451,-22.020104],[-64.995399,-22.020151],[-64.995351,-22.020202],[-64.995304,-22.020273],[-64.995251,-22.020337],[-64.995213,-22.02036],[-64.995167,-22.020364],[-64.995122,-22.020341],[-64.995103,-22.020313],[-64.995089,-22.020284],[-64.995078,-22.020253],[-64.995071,-22.020208],[-64.995069,-22.020162],[-64.995071,-22.020123],[-64.995076,-22.020083],[-64.995087,-22.020005],[-64.995104,-22.019928],[-64.995134,-22.019824],[-64.995156,-22.019717],[-64.995168,-22.01961],[-64.995172,-22.019522],[-64.995169,-22.019434],[-64.99516,-22.019346],[-64.995155,-22.019315],[-64.99514,-22.019286],[-64.995117,-22.019262],[-64.995088,-22.019244],[-64.99506,-22.019236],[-64.995031,-22.019234],[-64.995002,-22.019239],[-64.994975,-22.019249],[-64.994844,-22.019334],[-64.994822,-22.019353],[-64.994796,-22.019366],[-64.994767,-22.019371],[-64.994737,-22.019368],[-64.99471,-22.019358],[-64.994687,-22.019341],[-64.994669,-22.019319],[-64.994659,-22.019293],[-64.994658,-22.019265],[-64.994665,-22.019238],[-64.99468,-22.019215],[-64.994692,-22.019183],[-64.994695,-22.01915],[-64.99469,-22.019118],[-64.994677,-22.019087],[-64.994656,-22.01906],[-64.994632,-22.019041],[-64.994603,-22.019026],[-64.994572,-22.019018],[-64.994487,-22.018978],[-64.994462,-22.018967],[-64.994441,-22.018951],[-64.994425,-22.01893],[-64.994415,-22.018907],[-64.994412,-22.018881],[-64.994415,-22.018859],[-64.994423,-22.018837],[-64.994437,-22.018818],[-64.994455,-22.018802],[-64.994669,-22.018618],[-64.994706,-22.018589],[-64.994736,-22.018554],[-64.994758,-22.018515],[-64.994771,-22.018473],[-64.994776,-22.018428],[-64.994771,-22.018384],[-64.994758,-22.018342],[-64.994742,-22.018311],[-64.994721,-22.018283],[-64.994691,-22.018222],[-64.994669,-22.018157],[-64.994654,-22.018091],[-64.994648,-22.018023],[-64.994649,-22.017964],[-64.994656,-22.017905],[-64.994669,-22.017847],[-64.994671,-22.01781],[-64.994663,-22.017775],[-64.994645,-22.017742],[-64.994618,-22.017715],[-64.994602,-22.017704],[-64.994585,-22.017695],[-64.994547,-22.01768],[-64.994508,-22.017673],[-64.994468,-22.017672],[-64.994428,-22.017678],[-64.994397,-22.017688],[-64.994364,-22.017691],[-64.994332,-22.017688],[-64.9943,-22.017678],[-64.994272,-22.017663],[-64.994249,-22.017643],[-64.994231,-22.01762],[-64.994219,-22.017593],[-64.994162,-22.017538],[-64.9941,-22.017487],[-64.994034,-22.017442],[-64.99399,-22.017416],[-64.993951,-22.017384],[-64.993918,-22.017348],[-64.99389,-22.017307],[-64.99387,-22.017263],[-64.993856,-22.01721],[-64.993851,-22.017155],[-64.993857,-22.017101],[-64.993945,-22.016813],[-64.993957,-22.016775],[-64.993962,-22.016737],[-64.99396,-22.016698],[-64.99395,-22.016661],[-64.993934,-22.016625],[-64.993911,-22.016592],[-64.993883,-22.016564],[-64.993847,-22.016538],[-64.993806,-22.016519],[-64.993763,-22.016508],[-64.993717,-22.016504],[-64.993628,-22.0165],[-64.993539,-22.016488],[-64.993452,-22.016468],[-64.993368,-22.016439],[-64.993302,-22.01641],[-64.993238,-22.016376],[-64.993178,-22.016338],[-64.99314,-22.016309],[-64.993103,-22.016279],[-64.993032,-22.016216],[-64.992966,-22.016149],[-64.99292,-22.016096],[-64.992881,-22.016039],[-64.992849,-22.015979],[-64.992825,-22.015916],[-64.992808,-22.01585],[-64.992801,-22.015807],[-64.992798,-22.015763],[-64.992779,-22.015678],[-64.992752,-22.015594],[-64.992726,-22.015535],[-64.992697,-22.015478],[-64.992634,-22.015365],[-64.992575,-22.015277],[-64.992512,-22.015191],[-64.992443,-22.015109],[-64.992423,-22.015073],[-64.992395,-22.015043],[-64.99236,-22.01502],[-64.99232,-22.015005],[-64.992277,-22.015],[-64.992252,-22.015001],[-64.992228,-22.015005],[-64.992179,-22.015004],[-64.99213,-22.014996],[-64.992084,-22.014981],[-64.99204,-22.01496],[-64.992001,-22.014933],[-64.991974,-22.014909],[-64.991951,-22.014883],[-64.991907,-22.014831],[-64.991857,-22.014758],[-64.991813,-22.014682],[-64.991776,-22.014604],[-64.991746,-22.014522],[-64.991726,-22.014453],[-64.991699,-22.014387],[-64.991664,-22.014323],[-64.991622,-22.014263],[-64.991574,-22.014208],[-64.99152,-22.014157],[-64.991471,-22.014119],[-64.991427,-22.014076],[-64.991388,-22.014029],[-64.991354,-22.013978],[-64.991323,-22.013915],[-64.9913,-22.013848],[-64.991278,-22.013807],[-64.991265,-22.013762],[-64.991262,-22.013716],[-64.991268,-22.013669],[-64.991284,-22.013625],[-64.991309,-22.013585],[-64.991338,-22.013552],[-64.991374,-22.013525],[-64.991437,-22.013463],[-64.991466,-22.013434],[-64.991489,-22.0134],[-64.991506,-22.013364],[-64.991517,-22.013326],[-64.99152,-22.013286],[-64.991516,-22.01324],[-64.991502,-22.013194],[-64.991479,-22.013152],[-64.991448,-22.013115],[-64.991322,-22.013008],[-64.991193,-22.012906],[-64.991101,-22.012837],[-64.991013,-22.012764],[-64.990929,-22.012687],[-64.99085,-22.012605],[-64.990813,-22.012564],[-64.990782,-22.012519],[-64.990759,-22.01247],[-64.990743,-22.012419],[-64.990735,-22.012366],[-64.990734,-22.012312],[-64.990742,-22.012259],[-64.990757,-22.012207],[-64.99078,-22.012158],[-64.990833,-22.012124],[-64.990882,-22.012087],[-64.990928,-22.012046],[-64.990944,-22.012029],[-64.990956,-22.012008],[-64.990961,-22.011986],[-64.990959,-22.011963],[-64.990952,-22.011941],[-64.990936,-22.011919],[-64.990914,-22.011903],[-64.990887,-22.011894],[-64.990859,-22.011892],[-64.990831,-22.011898],[-64.990807,-22.011911],[-64.990756,-22.011952],[-64.990701,-22.011987],[-64.990643,-22.012018],[-64.990591,-22.012041],[-64.990537,-22.012057],[-64.990481,-22.012068],[-64.990423,-22.012073],[-64.990368,-22.012072],[-64.990313,-22.012079],[-64.99026,-22.012094],[-64.990211,-22.012117],[-64.990166,-22.012148],[-64.990138,-22.012173],[-64.990115,-22.012203],[-64.990098,-22.012236],[-64.990088,-22.012271],[-64.990086,-22.012308],[-64.990091,-22.012344],[-64.990102,-22.012378],[-64.99012,-22.01241],[-64.990154,-22.012463],[-64.99019,-22.012535],[-64.9902,-22.012559],[-64.9902,-22.012584],[-64.990191,-22.012608],[-64.990174,-22.012627],[-64.990153,-22.012639],[-64.99013,-22.012645],[-64.990105,-22.012643],[-64.990083,-22.012635],[-64.990053,-22.012612],[-64.990027,-22.012585],[-64.990005,-22.012555],[-64.989983,-22.012515],[-64.989969,-22.012472],[-64.98995,-22.012415],[-64.98994,-22.012386],[-64.989919,-22.012299],[-64.989906,-22.01221],[-64.9899,-22.012112],[-64.989888,-22.012015],[-64.989869,-22.011919],[-64.989844,-22.011824],[-64.989808,-22.01172],[-64.989765,-22.011619],[-64.989714,-22.011521],[-64.989677,-22.011468],[-64.989634,-22.011418],[-64.989586,-22.011373],[-64.989533,-22.011333],[-64.989476,-22.011297],[-64.989433,-22.011275],[-64.989394,-22.011247],[-64.989359,-22.011215],[-64.989329,-22.011178],[-64.989304,-22.011134],[-64.989285,-22.011087],[-64.989275,-22.011038],[-64.989265,-22.010417],[-64.989233,-22.010258],[-64.989013,-22.009785],[-64.988987,-22.009714],[-64.988966,-22.009641],[-64.98895,-22.009569],[-64.988938,-22.009497],[-64.9889,-22.009158],[-64.98835,-22.007505],[-64.988333,-22.007472],[-64.988326,-22.007436],[-64.988329,-22.0074],[-64.988341,-22.007365],[-64.988363,-22.007335],[-64.988392,-22.00731],[-64.988427,-22.007293],[-64.988465,-22.007285],[-64.988501,-22.007285],[-64.988535,-22.007293],[-64.988761,-22.007408],[-64.988793,-22.007415],[-64.988825,-22.007415],[-64.988857,-22.007409],[-64.988887,-22.007395],[-64.988912,-22.007375],[-64.988932,-22.007351],[-64.988946,-22.007321],[-64.988951,-22.007289],[-64.988948,-22.007256],[-64.988936,-22.007226],[-64.988916,-22.007199],[-64.988664,-22.006861],[-64.988625,-22.006807],[-64.98858,-22.006756],[-64.988531,-22.006709],[-64.988478,-22.006667],[-64.988417,-22.006627],[-64.988353,-22.006592],[-64.988203,-22.006527],[-64.988138,-22.006513],[-64.988074,-22.006494],[-64.988013,-22.00647],[-64.987954,-22.006441],[-64.987883,-22.006396],[-64.987817,-22.006345],[-64.987451,-22.005935],[-64.987414,-22.005871],[-64.987356,-22.005759],[-64.987334,-22.005701],[-64.987305,-22.005645],[-64.987277,-22.005603],[-64.987245,-22.005564],[-64.987209,-22.005527],[-64.987157,-22.005485],[-64.9871,-22.005448],[-64.987039,-22.005419],[-64.986974,-22.005396],[-64.986943,-22.005376],[-64.986915,-22.005353],[-64.98689,-22.005327],[-64.98687,-22.005298],[-64.986854,-22.005267],[-64.986843,-22.005234],[-64.986749,-22.004831],[-64.986638,-22.004613],[-64.986615,-22.004506],[-64.986609,-22.004437],[-64.986604,-22.004386],[-64.986583,-22.00415],[-64.986554,-22.004041],[-64.986422,-22.003767],[-64.986386,-22.003725],[-64.986325,-22.003704],[-64.986239,-22.003712],[-64.986135,-22.00379],[-64.986068,-22.003815],[-64.986013,-22.00379],[-64.985987,-22.003732],[-64.98599,-22.003553],[-64.985981,-22.003493],[-64.985976,-22.003454],[-64.985896,-22.003155],[-64.985884,-22.003107],[-64.98588,-22.003058],[-64.985885,-22.003014],[-64.985896,-22.002971],[-64.985981,-22.002743],[-64.985998,-22.002658],[-64.986007,-22.002591],[-64.986014,-22.002524],[-64.986025,-22.00233],[-64.98602,-22.002304],[-64.986009,-22.002279],[-64.985992,-22.002258],[-64.985971,-22.00224],[-64.985943,-22.002227],[-64.985913,-22.00222],[-64.985882,-22.002221],[-64.985852,-22.002229],[-64.985825,-22.002243],[-64.985803,-22.002263],[-64.985787,-22.002288],[-64.985536,-22.002603],[-64.985506,-22.002635],[-64.985473,-22.002664],[-64.98543,-22.002697],[-64.985384,-22.002725],[-64.985236,-22.002797],[-64.985206,-22.002796],[-64.985177,-22.002787],[-64.985147,-22.00277],[-64.985123,-22.002745],[-64.985108,-22.002715],[-64.985102,-22.002683],[-64.985108,-22.002611],[-64.985107,-22.002539],[-64.985102,-22.002485],[-64.985093,-22.002432],[-64.984827,-22.001845],[-64.984681,-22.001456],[-64.984664,-22.001388],[-64.984653,-22.001318],[-64.984648,-22.001253],[-64.984647,-22.001188],[-64.984651,-22.001135],[-64.984658,-22.001083],[-64.984785,-22.000584],[-64.9848,-22.00052],[-64.984806,-22.000456],[-64.984805,-22.000391],[-64.984793,-22.000317],[-64.984766,-22.000175],[-64.984744,-21.999949],[-64.98471,-21.999727],[-64.984671,-21.999341],[-64.984665,-21.998989],[-64.984667,-21.998948],[-64.984675,-21.998907],[-64.984689,-21.998869],[-64.98471,-21.998832],[-64.984737,-21.9988],[-64.984769,-21.998771],[-64.984812,-21.998744],[-64.984859,-21.998723],[-64.984909,-21.998709],[-64.98493,-21.998705],[-64.984949,-21.998696],[-64.984964,-21.998681],[-64.984974,-21.998664],[-64.984978,-21.998644],[-64.984975,-21.998621],[-64.984964,-21.998601],[-64.984946,-21.998585],[-64.984793,-21.998545],[-64.984767,-21.998543],[-64.984743,-21.998535],[-64.984721,-21.998522],[-64.984703,-21.998505],[-64.984689,-21.998484],[-64.984681,-21.998459],[-64.98468,-21.998432],[-64.984687,-21.998406],[-64.984701,-21.998382],[-64.984721,-21.998363],[-64.98485,-21.998223],[-64.984973,-21.998077],[-64.98501,-21.998032],[-64.985041,-21.997983],[-64.985068,-21.997932],[-64.985088,-21.997878],[-64.985103,-21.997826],[-64.985111,-21.997772],[-64.985111,-21.997717],[-64.985103,-21.997663],[-64.985089,-21.99761],[-64.985067,-21.99756],[-64.985034,-21.997506],[-64.984993,-21.997457],[-64.984945,-21.997413],[-64.98489,-21.997377],[-64.984831,-21.997349],[-64.984808,-21.997333],[-64.984789,-21.997314],[-64.984775,-21.997291],[-64.984767,-21.997266],[-64.984764,-21.997237],[-64.984768,-21.997207],[-64.98478,-21.997179],[-64.98485,-21.99705],[-64.984896,-21.996973],[-64.984945,-21.996897],[-64.985046,-21.996747],[-64.985068,-21.996715],[-64.985083,-21.996679],[-64.98509,-21.996642],[-64.985088,-21.996604],[-64.985077,-21.996567],[-64.985059,-21.996533],[-64.985042,-21.996512],[-64.985022,-21.996493],[-64.984982,-21.996457],[-64.984938,-21.996423],[-64.984891,-21.996393],[-64.984849,-21.996358],[-64.984811,-21.996317],[-64.98478,-21.996273],[-64.984755,-21.996225],[-64.984737,-21.996175],[-64.984726,-21.996122],[-64.984722,-21.996069],[-64.984726,-21.996016],[-64.984836,-21.995802],[-64.984869,-21.995755],[-64.984895,-21.995704],[-64.984914,-21.995651],[-64.984925,-21.995596],[-64.984928,-21.99554],[-64.984923,-21.99549],[-64.984926,-21.99544],[-64.984934,-21.99539],[-64.984949,-21.995342],[-64.984963,-21.995308],[-64.98498,-21.995276],[-64.985003,-21.995208],[-64.985017,-21.995138],[-64.985023,-21.995067],[-64.985022,-21.995027],[-64.985014,-21.994988],[-64.984999,-21.99495],[-64.984978,-21.994916],[-64.98495,-21.994886],[-64.984918,-21.994861],[-64.984881,-21.994841],[-64.984842,-21.994827],[-64.984639,-21.994769],[-64.984461,-21.994719],[-64.984283,-21.994669],[-64.983988,-21.994599],[-64.983692,-21.994529],[-64.98363,-21.994515],[-64.983567,-21.994506],[-64.983479,-21.994502],[-64.983391,-21.994507],[-64.983304,-21.994521],[-64.98322,-21.994545],[-64.982959,-21.994626],[-64.982781,-21.994693],[-64.982743,-21.9947],[-64.982703,-21.994679],[-64.982693,-21.994635],[-64.982702,-21.994569],[-64.982719,-21.994504],[-64.982743,-21.994441],[-64.982774,-21.994382],[-64.9828,-21.99434],[-64.98283,-21.994301],[-64.982882,-21.994218],[-64.982928,-21.994132],[-64.982969,-21.994043],[-64.983015,-21.993925],[-64.983066,-21.99381],[-64.983104,-21.993732],[-64.983138,-21.993653],[-64.983154,-21.993613],[-64.983175,-21.993575],[-64.983203,-21.993541],[-64.983238,-21.993509],[-64.983278,-21.993484],[-64.983322,-21.993464],[-64.983369,-21.993452],[-64.983417,-21.993446],[-64.983473,-21.993423],[-64.983523,-21.993391],[-64.983567,-21.993352],[-64.983604,-21.993307],[-64.983632,-21.993257],[-64.98365,-21.993206],[-64.98366,-21.993152],[-64.98366,-21.993097],[-64.983651,-21.993044],[-64.98366,-21.993019],[-64.983675,-21.992997],[-64.983696,-21.992979],[-64.983721,-21.992966],[-64.983746,-21.99296],[-64.983773,-21.99296],[-64.983799,-21.992965],[-64.983822,-21.992976],[-64.983885,-21.992983],[-64.983948,-21.992981],[-64.98401,-21.992972],[-64.984071,-21.992955],[-64.984128,-21.992932],[-64.984165,-21.992912],[-64.984199,-21.992889],[-64.984266,-21.992842],[-64.984329,-21.99279],[-64.984362,-21.992759],[-64.984401,-21.992736],[-64.984444,-21.99272],[-64.984489,-21.992712],[-64.984536,-21.992713],[-64.984576,-21.992721],[-64.984618,-21.99272],[-64.984658,-21.992711],[-64.984694,-21.992693],[-64.984722,-21.992671],[-64.984745,-21.992644],[-64.984761,-21.992613],[-64.984772,-21.992365],[-64.984776,-21.992285],[-64.984773,-21.992205],[-64.984761,-21.992126],[-64.984753,-21.992089],[-64.984754,-21.992052],[-64.984762,-21.992016],[-64.984778,-21.991982],[-64.984802,-21.991952],[-64.984831,-21.991927],[-64.984855,-21.991913],[-64.984881,-21.991902],[-64.984934,-21.991882],[-64.984989,-21.991867],[-64.985035,-21.99186],[-64.985078,-21.991845],[-64.985119,-21.991825],[-64.985156,-21.991799],[-64.985188,-21.991768],[-64.985206,-21.991744],[-64.985221,-21.991719],[-64.985263,-21.991677],[-64.985311,-21.991641],[-64.985345,-21.991622],[-64.985383,-21.991609],[-64.985422,-21.991602],[-64.985462,-21.991602],[-64.985502,-21.991609],[-64.985526,-21.991616],[-64.985549,-21.991626],[-64.985599,-21.991637],[-64.98565,-21.991641],[-64.985702,-21.991637],[-64.985752,-21.991626],[-64.985799,-21.991609],[-64.985827,-21.991594],[-64.985853,-21.991578],[-64.985902,-21.991541],[-64.985947,-21.991499],[-64.985984,-21.991455],[-64.986016,-21.991407],[-64.986042,-21.991355],[-64.986143,-21.991216],[-64.986208,-21.991132],[-64.986266,-21.991044],[-64.986318,-21.990952],[-64.986363,-21.990857],[-64.986395,-21.990775],[-64.986422,-21.990691],[-64.986443,-21.990606],[-64.986447,-21.990558],[-64.986442,-21.99051],[-64.986429,-21.990464],[-64.986408,-21.99042],[-64.986379,-21.99038],[-64.986339,-21.990343],[-64.986294,-21.990313],[-64.986243,-21.990291],[-64.986188,-21.990278],[-64.985731,-21.990195],[-64.985589,-21.990185],[-64.985446,-21.99018],[-64.985303,-21.990181],[-64.985172,-21.990187],[-64.985041,-21.990197],[-64.984911,-21.990212],[-64.984881,-21.990223],[-64.984848,-21.990226],[-64.984816,-21.990221],[-64.984786,-21.990209],[-64.98476,-21.99019],[-64.984739,-21.990164],[-64.984727,-21.990134],[-64.984724,-21.990101],[-64.984716,-21.990044],[-64.984713,-21.989985],[-64.984717,-21.989927],[-64.984728,-21.989861],[-64.984747,-21.989796],[-64.984774,-21.989733],[-64.984851,-21.989577],[-64.984898,-21.989483],[-64.98497,-21.989315],[-64.985005,-21.989232],[-64.985016,-21.989201],[-64.98502,-21.989169],[-64.985016,-21.989131],[-64.985004,-21.989095],[-64.984984,-21.989062],[-64.984957,-21.989033],[-64.984924,-21.989011],[-64.98454,-21.988833],[-64.984408,-21.988771],[-64.98428,-21.988705],[-64.984146,-21.988618],[-64.984027,-21.988519],[-64.983864,-21.988384],[-64.983806,-21.988335],[-64.983743,-21.988291],[-64.983676,-21.988253],[-64.983605,-21.988221],[-64.983537,-21.988197],[-64.983467,-21.988177],[-64.983241,-21.988119],[-64.983073,-21.988067],[-64.98297,-21.988009],[-64.982929,-21.987986],[-64.982798,-21.987922],[-64.982747,-21.987912],[-64.982693,-21.98791],[-64.982656,-21.987931],[-64.98263,-21.987945],[-64.982608,-21.987987],[-64.982532,-21.988099],[-64.982512,-21.988116],[-64.982488,-21.988129],[-64.982463,-21.988139],[-64.982431,-21.988145],[-64.982398,-21.988145],[-64.982366,-21.988139],[-64.98227,-21.988104],[-64.982226,-21.988098],[-64.982181,-21.988097],[-64.98213,-21.988103],[-64.982081,-21.988116],[-64.982035,-21.988137],[-64.981993,-21.988164],[-64.981956,-21.988196],[-64.981742,-21.988457],[-64.981652,-21.988469],[-64.981587,-21.988434],[-64.981561,-21.988379],[-64.981538,-21.988323],[-64.981515,-21.988249],[-64.981499,-21.988173],[-64.981489,-21.988097],[-64.981479,-21.987925],[-64.981469,-21.987754],[-64.981531,-21.987573],[-64.981571,-21.987415],[-64.981565,-21.987366],[-64.981552,-21.987319],[-64.981528,-21.987267],[-64.981497,-21.98722],[-64.981458,-21.987177],[-64.981369,-21.987092],[-64.981332,-21.987062],[-64.981291,-21.987036],[-64.981247,-21.987016],[-64.981207,-21.987004],[-64.981165,-21.986996],[-64.981122,-21.986993],[-64.980877,-21.986992],[-64.980618,-21.987024],[-64.980358,-21.987055],[-64.980319,-21.987022],[-64.980312,-21.986965],[-64.980441,-21.986416],[-64.980487,-21.986311],[-64.980657,-21.98621],[-64.980709,-21.986177],[-64.980757,-21.986137],[-64.980797,-21.986091],[-64.980832,-21.986041],[-64.980858,-21.985987],[-64.980878,-21.985927],[-64.980888,-21.985865],[-64.980888,-21.985802],[-64.980861,-21.985448],[-64.980873,-21.98538],[-64.980891,-21.985313],[-64.98092,-21.98524],[-64.980956,-21.98517],[-64.981,-21.985103],[-64.981077,-21.984984],[-64.98111,-21.984893],[-64.981119,-21.984854],[-64.981119,-21.984815],[-64.98111,-21.984776],[-64.981093,-21.984739],[-64.981067,-21.984707],[-64.981035,-21.984681],[-64.980997,-21.984662],[-64.980954,-21.984651],[-64.98091,-21.984648],[-64.980866,-21.984655],[-64.980754,-21.984685],[-64.98064,-21.984712],[-64.980495,-21.984741],[-64.980348,-21.984765],[-64.9802,-21.984782],[-64.980051,-21.984794],[-64.979711,-21.984846],[-64.979661,-21.984847],[-64.979612,-21.984843],[-64.979563,-21.984834],[-64.979502,-21.984815],[-64.979444,-21.984788],[-64.979391,-21.984754],[-64.979308,-21.984684],[-64.979297,-21.984661],[-64.979289,-21.984637],[-64.979285,-21.984604],[-64.979286,-21.98457],[-64.979294,-21.984538],[-64.979308,-21.984507],[-64.979507,-21.984212],[-64.979522,-21.98418],[-64.979529,-21.984146],[-64.979528,-21.984112],[-64.979519,-21.984078],[-64.979503,-21.984047],[-64.979481,-21.98402],[-64.979452,-21.983998],[-64.979419,-21.983982],[-64.979379,-21.983972],[-64.979337,-21.983971],[-64.979065,-21.984029],[-64.979032,-21.984025],[-64.979001,-21.984016],[-64.978971,-21.984003],[-64.978937,-21.98398],[-64.978909,-21.983951],[-64.978887,-21.983918],[-64.978873,-21.983881],[-64.978868,-21.983842],[-64.978871,-21.983803],[-64.978888,-21.983503],[-64.978878,-21.983415],[-64.978802,-21.983377],[-64.978484,-21.983326],[-64.978382,-21.98332],[-64.978165,-21.983354],[-64.978116,-21.983342],[-64.978083,-21.983305],[-64.978083,-21.983207],[-64.978221,-21.983001],[-64.978251,-21.98291],[-64.978281,-21.982848],[-64.978258,-21.982794],[-64.978144,-21.982751],[-64.978112,-21.982677],[-64.978107,-21.982603],[-64.978213,-21.982296],[-64.978265,-21.98221],[-64.978421,-21.982072],[-64.978501,-21.981989],[-64.978538,-21.981906],[-64.978595,-21.981775],[-64.97864,-21.981445],[-64.978646,-21.981356],[-64.978585,-21.981136],[-64.978612,-21.98099],[-64.978642,-21.980822],[-64.978639,-21.980726],[-64.978537,-21.980452],[-64.978528,-21.980261],[-64.97852,-21.980069],[-64.978501,-21.979907],[-64.978445,-21.979822],[-64.978361,-21.97976],[-64.97828,-21.979751],[-64.978188,-21.979782],[-64.978017,-21.979927],[-64.977846,-21.980071],[-64.977618,-21.980311],[-64.977447,-21.980518],[-64.977371,-21.980538],[-64.977312,-21.980513],[-64.977282,-21.980471],[-64.977246,-21.9802],[-64.97721,-21.979929],[-64.977159,-21.979661],[-64.977129,-21.979557],[-64.977075,-21.979447],[-64.976957,-21.979295],[-64.976465,-21.978873],[-64.976334,-21.978788],[-64.97621,-21.978758],[-64.976086,-21.978763],[-64.975649,-21.978877],[-64.975594,-21.97885],[-64.975532,-21.978775],[-64.975528,-21.978705],[-64.975603,-21.978457],[-64.975726,-21.978171],[-64.97576,-21.978033],[-64.975764,-21.977913],[-64.97578,-21.977431],[-64.975813,-21.977256],[-64.975901,-21.977081],[-64.975956,-21.976994],[-64.976004,-21.976877],[-64.97602,-21.976777],[-64.975997,-21.976314],[-64.976012,-21.976178],[-64.97604,-21.976035],[-64.976128,-21.975762],[-64.976263,-21.975501],[-64.976437,-21.975167],[-64.976642,-21.974846],[-64.976749,-21.974699],[-64.97684,-21.974528],[-64.97689,-21.974305],[-64.977004,-21.974088],[-64.977017,-21.974054],[-64.977026,-21.974018],[-64.977029,-21.973982],[-64.977027,-21.973941],[-64.977018,-21.9739],[-64.976903,-21.973756],[-64.976828,-21.973707],[-64.976685,-21.973682],[-64.976464,-21.97364],[-64.976427,-21.973625],[-64.976395,-21.973602],[-64.976369,-21.973574],[-64.976349,-21.973541],[-64.976338,-21.973505],[-64.976335,-21.973468],[-64.97634,-21.973431],[-64.976355,-21.973395],[-64.976378,-21.973362],[-64.976408,-21.973335],[-64.97653,-21.973268],[-64.976685,-21.973256],[-64.976832,-21.973297],[-64.976958,-21.973337],[-64.977008,-21.973395],[-64.977081,-21.973492],[-64.977098,-21.973509],[-64.977119,-21.973522],[-64.977143,-21.973529],[-64.977168,-21.973529],[-64.977193,-21.973524],[-64.977215,-21.973512],[-64.977232,-21.973495],[-64.977244,-21.973476],[-64.97725,-21.973454],[-64.97725,-21.973432],[-64.977137,-21.973075],[-64.977056,-21.972855],[-64.977025,-21.972709],[-64.977024,-21.972576],[-64.977101,-21.972265],[-64.977151,-21.97199],[-64.977138,-21.971822],[-64.976955,-21.971409],[-64.97689,-21.971309],[-64.976868,-21.971294],[-64.976844,-21.971284],[-64.976818,-21.971279],[-64.976789,-21.971279],[-64.97676,-21.971285],[-64.976734,-21.971297],[-64.976303,-21.971599],[-64.976186,-21.971724],[-64.975962,-21.972106],[-64.975837,-21.972281],[-64.975692,-21.972436],[-64.975679,-21.972462],[-64.97566,-21.972483],[-64.975634,-21.972499],[-64.975605,-21.972507],[-64.975578,-21.972507],[-64.975551,-21.972501],[-64.975527,-21.972488],[-64.975506,-21.972471],[-64.975492,-21.972448],[-64.97546,-21.972199],[-64.97541,-21.972082],[-64.975339,-21.971957],[-64.975238,-21.971875],[-64.975053,-21.971851],[-64.97483,-21.971882],[-64.974698,-21.971952],[-64.974539,-21.972102],[-64.974442,-21.972248],[-64.974404,-21.972441],[-64.97437,-21.972508],[-64.974306,-21.972614],[-64.974237,-21.972747],[-64.974161,-21.972971],[-64.97411,-21.973211],[-64.974037,-21.973364],[-64.973922,-21.973484],[-64.973733,-21.973606],[-64.973594,-21.973684],[-64.973512,-21.97368],[-64.973445,-21.973632],[-64.973378,-21.973584],[-64.973377,-21.973452],[-64.973406,-21.973263],[-64.973452,-21.972962],[-64.97355,-21.972738],[-64.973627,-21.972588],[-64.973692,-21.972436],[-64.973699,-21.972398],[-64.973697,-21.97236],[-64.973685,-21.972323],[-64.973667,-21.972293],[-64.973642,-21.972267],[-64.973572,-21.972213],[-64.973393,-21.972148],[-64.973366,-21.972125],[-64.973343,-21.972099],[-64.973327,-21.972071],[-64.973316,-21.972041],[-64.973319,-21.971834],[-64.973335,-21.971693],[-64.973361,-21.971474],[-64.973444,-21.971218],[-64.973464,-21.971169],[-64.973478,-21.97112],[-64.973487,-21.971069],[-64.97349,-21.971011],[-64.973486,-21.970952],[-64.973406,-21.970615],[-64.97335,-21.97042],[-64.97329,-21.970239],[-64.97323,-21.970111],[-64.973193,-21.970065],[-64.97315,-21.970024],[-64.973101,-21.969988],[-64.973048,-21.969958],[-64.972991,-21.969935],[-64.972932,-21.969919],[-64.972871,-21.96991],[-64.97282,-21.969908],[-64.97277,-21.969911],[-64.97272,-21.969919],[-64.972607,-21.969947],[-64.972566,-21.969943],[-64.972527,-21.969933],[-64.972487,-21.969917],[-64.972451,-21.969895],[-64.972419,-21.969869],[-64.972397,-21.969835],[-64.97237,-21.969803],[-64.972337,-21.96977],[-64.972299,-21.969741],[-64.97223,-21.96969],[-64.972198,-21.969669],[-64.972163,-21.969653],[-64.972126,-21.969642],[-64.972087,-21.969638],[-64.972048,-21.969639],[-64.972011,-21.969647],[-64.971975,-21.96966],[-64.971787,-21.969768],[-64.971753,-21.96979],[-64.971716,-21.969808],[-64.971676,-21.969821],[-64.971623,-21.969831],[-64.971569,-21.969832],[-64.971516,-21.969825],[-64.971239,-21.969784],[-64.971058,-21.969722],[-64.971035,-21.969696],[-64.971018,-21.969665],[-64.971011,-21.969639],[-64.971008,-21.969613],[-64.971011,-21.969586],[-64.971063,-21.969406],[-64.971064,-21.969275],[-64.970975,-21.969141],[-64.970845,-21.969015],[-64.970552,-21.968801],[-64.970288,-21.968662],[-64.970195,-21.968625],[-64.970154,-21.968614],[-64.970111,-21.96861],[-64.970068,-21.968614],[-64.970027,-21.968626],[-64.969989,-21.968645],[-64.969955,-21.968671],[-64.969848,-21.968833],[-64.969824,-21.968849],[-64.969797,-21.96886],[-64.969768,-21.968866],[-64.969738,-21.968866],[-64.969709,-21.96886],[-64.969681,-21.968849],[-64.969657,-21.968833],[-64.969638,-21.968812],[-64.969623,-21.968788],[-64.969499,-21.968363],[-64.969478,-21.968306],[-64.969448,-21.968252],[-64.96941,-21.968203],[-64.969365,-21.968159],[-64.969312,-21.968119],[-64.969252,-21.968087],[-64.969188,-21.968064],[-64.968848,-21.967875],[-64.96882,-21.967851],[-64.968798,-21.967822],[-64.968784,-21.96779],[-64.968778,-21.967755],[-64.968779,-21.96772],[-64.968789,-21.967686],[-64.968804,-21.967657],[-64.968826,-21.967631],[-64.968853,-21.96761],[-64.968884,-21.967594],[-64.968917,-21.967584],[-64.969035,-21.967606],[-64.96909,-21.967624],[-64.969147,-21.967635],[-64.969205,-21.96764],[-64.969263,-21.967639],[-64.969325,-21.96763],[-64.969387,-21.967628],[-64.969449,-21.967634],[-64.96951,-21.967646],[-64.969543,-21.967656],[-64.969578,-21.967661],[-64.969613,-21.96766],[-64.969647,-21.967654],[-64.969674,-21.967645],[-64.969697,-21.967629],[-64.969715,-21.967609],[-64.969728,-21.967585],[-64.969733,-21.967559],[-64.969731,-21.967532],[-64.969721,-21.967507],[-64.969704,-21.967485],[-64.969682,-21.967467],[-64.969494,-21.967358],[-64.96947,-21.967336],[-64.969453,-21.967309],[-64.969444,-21.967279],[-64.969445,-21.967248],[-64.969454,-21.967218],[-64.969469,-21.967194],[-64.969491,-21.967174],[-64.969517,-21.967159],[-64.969547,-21.96715],[-64.969577,-21.967149],[-64.969741,-21.967166],[-64.969776,-21.967166],[-64.96981,-21.967158],[-64.969841,-21.967142],[-64.969867,-21.967119],[-64.969886,-21.967092],[-64.969896,-21.967062],[-64.969898,-21.967031],[-64.969893,-21.967],[-64.969879,-21.966972],[-64.969859,-21.966947],[-64.969706,-21.966731],[-64.969663,-21.966675],[-64.969629,-21.966615],[-64.969603,-21.966551],[-64.969585,-21.966485],[-64.969577,-21.966416],[-64.969563,-21.966347],[-64.969542,-21.966281],[-64.96951,-21.966203],[-64.969472,-21.966128],[-64.969427,-21.966057],[-64.969391,-21.966007],[-64.969352,-21.96596],[-64.969284,-21.965857],[-64.969226,-21.965751],[-64.969204,-21.965706],[-64.969176,-21.965664],[-64.96914,-21.965627],[-64.9691,-21.965595],[-64.969054,-21.965569],[-64.969004,-21.96555],[-64.968958,-21.965523],[-64.968917,-21.96549],[-64.968888,-21.965457],[-64.968863,-21.965421],[-64.968842,-21.965383],[-64.968828,-21.965345],[-64.968817,-21.965306],[-64.968799,-21.965228],[-64.968786,-21.965149],[-64.968781,-21.965099],[-64.968784,-21.965049],[-64.968794,-21.965],[-64.968811,-21.964953],[-64.968834,-21.964908],[-64.968862,-21.964868],[-64.968896,-21.964832],[-64.968934,-21.964801],[-64.968957,-21.96478],[-64.968975,-21.964754],[-64.968986,-21.964725],[-64.96899,-21.964695],[-64.968985,-21.964665],[-64.968974,-21.964636],[-64.968958,-21.964614],[-64.968938,-21.964596],[-64.968914,-21.964581],[-64.968888,-21.964572],[-64.968724,-21.964532],[-64.968701,-21.964528],[-64.968681,-21.964517],[-64.968664,-21.964502],[-64.968652,-21.964483],[-64.968647,-21.964462],[-64.968647,-21.964441],[-64.968654,-21.964421],[-64.968667,-21.964404],[-64.968684,-21.96439],[-64.96885,-21.964325],[-64.968878,-21.964313],[-64.968901,-21.964295],[-64.968919,-21.964273],[-64.96893,-21.964247],[-64.968934,-21.964219],[-64.968931,-21.964191],[-64.968918,-21.964161],[-64.968897,-21.964136],[-64.968869,-21.964117],[-64.968588,-21.963945],[-64.968567,-21.963927],[-64.968552,-21.963906],[-64.968543,-21.963881],[-64.968541,-21.963856],[-64.968544,-21.96383],[-64.968557,-21.963804],[-64.968575,-21.963782],[-64.968601,-21.963731],[-64.968618,-21.963687],[-64.968626,-21.963641],[-64.968625,-21.963594],[-64.96862,-21.963567],[-64.968609,-21.963542],[-64.968591,-21.963521],[-64.968568,-21.963504],[-64.968542,-21.963492],[-64.968513,-21.963487],[-64.968484,-21.963488],[-64.968456,-21.963496],[-64.968431,-21.96351],[-64.96841,-21.963529],[-64.968394,-21.963552],[-64.968258,-21.963773],[-64.968241,-21.963788],[-64.96822,-21.963798],[-64.968197,-21.963802],[-64.968174,-21.963798],[-64.968155,-21.963789],[-64.96814,-21.963776],[-64.968129,-21.963758],[-64.968113,-21.963649],[-64.968112,-21.963586],[-64.968105,-21.963523],[-64.968092,-21.963461],[-64.968073,-21.9634],[-64.968048,-21.963341],[-64.968017,-21.963285],[-64.967982,-21.963232],[-64.967941,-21.963181],[-64.967734,-21.962904],[-64.967512,-21.962584],[-64.967377,-21.962443],[-64.967334,-21.96237],[-64.96729,-21.962264],[-64.967286,-21.962035],[-64.967281,-21.961914],[-64.967158,-21.961514],[-64.967151,-21.961386],[-64.967156,-21.961144],[-64.96718,-21.960896],[-64.967185,-21.960774],[-64.967135,-21.960567],[-64.967039,-21.960226],[-64.967002,-21.960026],[-64.966996,-21.959923],[-64.967027,-21.959767],[-64.967062,-21.95963],[-64.967077,-21.959504],[-64.967022,-21.959281],[-64.967009,-21.95916],[-64.967041,-21.958949],[-64.967051,-21.958824],[-64.967031,-21.958732],[-64.966981,-21.958577],[-64.966945,-21.958376],[-64.966954,-21.95809],[-64.966963,-21.957805],[-64.966938,-21.957575],[-64.96696,-21.957347],[-64.966941,-21.957275],[-64.966867,-21.957129],[-64.966864,-21.957004],[-64.966928,-21.95675],[-64.966944,-21.956539],[-64.966927,-21.956439],[-64.966817,-21.956048],[-64.966799,-21.955814],[-64.966777,-21.955525],[-64.966754,-21.955235],[-64.966723,-21.955124],[-64.966557,-21.954779],[-64.96647,-21.954533],[-64.966384,-21.954286],[-64.96634,-21.954214],[-64.966263,-21.95413],[-64.966235,-21.95408],[-64.966131,-21.953842],[-64.966098,-21.953778],[-64.965991,-21.953725],[-64.965757,-21.95369],[-64.965659,-21.953616],[-64.965616,-21.953522],[-64.9656,-21.953185],[-64.965581,-21.953069],[-64.965273,-21.952641],[-64.965161,-21.952506],[-64.965086,-21.952434],[-64.964777,-21.952238],[-64.964565,-21.952044],[-64.964502,-21.952011],[-64.964224,-21.951909],[-64.964049,-21.951826],[-64.963936,-21.951749],[-64.963834,-21.951639],[-64.963771,-21.951515],[-64.963691,-21.951354],[-64.963654,-21.951286],[-64.963626,-21.951215],[-64.963607,-21.951141],[-64.963597,-21.951063],[-64.963597,-21.950985],[-64.963607,-21.950907],[-64.96361,-21.950814],[-64.963605,-21.950721],[-64.963599,-21.950674],[-64.96359,-21.950628],[-64.963569,-21.950552],[-64.963539,-21.950478],[-64.963502,-21.950407],[-64.963456,-21.95034],[-64.96341,-21.95026],[-64.96337,-21.950178],[-64.963335,-21.950093],[-64.963325,-21.950062],[-64.963306,-21.950007],[-64.963282,-21.94991],[-64.963265,-21.949812],[-64.963256,-21.949713],[-64.963254,-21.949614],[-64.963261,-21.949515],[-64.963274,-21.949417],[-64.963296,-21.94932],[-64.963339,-21.949155],[-64.963376,-21.948989],[-64.963408,-21.948822],[-64.963441,-21.948609],[-64.963464,-21.948395],[-64.963478,-21.948181],[-64.963475,-21.948071],[-64.96348,-21.947961],[-64.963494,-21.947852],[-64.963516,-21.947744],[-64.963547,-21.947638],[-64.963586,-21.947535],[-64.963608,-21.947484],[-64.963633,-21.947434],[-64.963682,-21.947358],[-64.963738,-21.947286],[-64.963803,-21.947221],[-64.963875,-21.947162],[-64.963953,-21.947111],[-64.964035,-21.947063],[-64.964121,-21.947021],[-64.964164,-21.947],[-64.96421,-21.946984],[-64.964265,-21.946973],[-64.964321,-21.946969],[-64.964377,-21.946973],[-64.964431,-21.946985],[-64.964483,-21.947004],[-64.964531,-21.947031],[-64.964575,-21.947063],[-64.964653,-21.947121],[-64.964733,-21.947175],[-64.964816,-21.947226],[-64.964902,-21.947272],[-64.964991,-21.947315],[-64.965131,-21.947389],[-64.965267,-21.947471],[-64.965331,-21.947517],[-64.965398,-21.947559],[-64.965465,-21.947592],[-64.965535,-21.94762],[-64.965606,-21.947643],[-64.96568,-21.947661],[-64.96573,-21.947677],[-64.965776,-21.947701],[-64.965818,-21.947731],[-64.965855,-21.947771],[-64.965883,-21.947816],[-64.965903,-21.947865],[-64.965931,-21.947916],[-64.965966,-21.947963],[-64.966007,-21.948006],[-64.966075,-21.948066],[-64.966148,-21.948118],[-64.966186,-21.948143],[-64.966227,-21.948163],[-64.966279,-21.948181],[-64.966334,-21.948192],[-64.966389,-21.948195],[-64.966444,-21.948191],[-64.966499,-21.94818],[-64.96655,-21.948161],[-64.966907,-21.948033],[-64.966935,-21.94801],[-64.96696,-21.947983],[-64.966981,-21.947954],[-64.966999,-21.947921],[-64.967011,-21.947886],[-64.967037,-21.947816],[-64.967059,-21.947745],[-64.96708,-21.947647],[-64.967096,-21.947547],[-64.967105,-21.947447],[-64.967107,-21.947347],[-64.967104,-21.947272],[-64.967095,-21.947197],[-64.96708,-21.947122],[-64.967057,-21.94705],[-64.967029,-21.946979],[-64.967,-21.94692],[-64.966967,-21.946863],[-64.966909,-21.946746],[-64.966857,-21.946626],[-64.966808,-21.946496],[-64.966752,-21.946368],[-64.966687,-21.946244],[-64.966616,-21.946123],[-64.96657,-21.946053],[-64.966522,-21.945984],[-64.966426,-21.945847],[-64.966377,-21.945779],[-64.966336,-21.945707],[-64.966303,-21.945632],[-64.966278,-21.945554],[-64.966262,-21.945474],[-64.966257,-21.945429],[-64.966255,-21.945384],[-64.96624,-21.945294],[-64.966217,-21.945206],[-64.966188,-21.945122],[-64.966151,-21.945041],[-64.966107,-21.944963],[-64.966055,-21.944889],[-64.965996,-21.944819],[-64.96594,-21.944763],[-64.965879,-21.944711],[-64.965814,-21.944663],[-64.965632,-21.944507],[-64.965472,-21.944371],[-64.965344,-21.944215],[-64.965312,-21.944163],[-64.965286,-21.944108],[-64.965267,-21.944051],[-64.965254,-21.943992],[-64.965249,-21.943932],[-64.965251,-21.943872],[-64.96526,-21.943815],[-64.965276,-21.943758],[-64.965368,-21.943535],[-64.965461,-21.943311],[-64.96548,-21.94325],[-64.965492,-21.943187],[-64.965495,-21.943123],[-64.965489,-21.943057],[-64.965473,-21.942992],[-64.965323,-21.942451],[-64.965307,-21.942396],[-64.965282,-21.942343],[-64.965251,-21.942294],[-64.965214,-21.942249],[-64.96517,-21.942208],[-64.964638,-21.941799],[-64.964371,-21.941569],[-64.963983,-21.941234],[-64.963939,-21.941203],[-64.963893,-21.941176],[-64.963844,-21.941152],[-64.963779,-21.941128],[-64.96371,-21.94111],[-64.963143,-21.941014],[-64.963042,-21.940992],[-64.96294,-21.940975],[-64.962838,-21.940963],[-64.962729,-21.940956],[-64.962621,-21.940955],[-64.962512,-21.940961],[-64.962333,-21.940984],[-64.962294,-21.94099],[-64.962254,-21.94099],[-64.962215,-21.940983],[-64.962178,-21.940971],[-64.962147,-21.940955],[-64.962119,-21.940935],[-64.962095,-21.940912],[-64.962027,-21.940832],[-64.961963,-21.940749],[-64.961905,-21.940662],[-64.961837,-21.940546],[-64.961778,-21.940424],[-64.961729,-21.9403],[-64.961689,-21.940172],[-64.96166,-21.940042],[-64.961641,-21.93991],[-64.961609,-21.939781],[-64.961585,-21.939651],[-64.96157,-21.939519],[-64.961563,-21.939387],[-64.961565,-21.939255],[-64.961576,-21.939123],[-64.961595,-21.938992],[-64.961623,-21.938863],[-64.961655,-21.938705],[-64.961696,-21.93855],[-64.961747,-21.938397],[-64.961801,-21.93826],[-64.961863,-21.938126],[-64.961932,-21.937996],[-64.962008,-21.937869],[-64.962028,-21.937842],[-64.96206,-21.937807],[-64.962086,-21.937768],[-64.962105,-21.937725],[-64.962117,-21.937681],[-64.962121,-21.93764],[-64.96212,-21.937599],[-64.962112,-21.937559],[-64.962072,-21.937449],[-64.961888,-21.937083],[-64.961693,-21.936755],[-64.961686,-21.936712],[-64.961688,-21.936668],[-64.961699,-21.936626],[-64.961714,-21.936595],[-64.961733,-21.936566],[-64.961758,-21.93654],[-64.962131,-21.9363],[-64.962265,-21.936219],[-64.962292,-21.936198],[-64.962313,-21.936173],[-64.96233,-21.936144],[-64.96234,-21.936116],[-64.962344,-21.936088],[-64.962344,-21.936059],[-64.962297,-21.935696],[-64.962243,-21.935595],[-64.962193,-21.935549],[-64.962064,-21.935524],[-64.961711,-21.93543],[-64.961184,-21.935323],[-64.960619,-21.935244],[-64.96056,-21.935223],[-64.960505,-21.935194],[-64.960456,-21.935158],[-64.960412,-21.935115],[-64.960376,-21.935067],[-64.96035,-21.935021],[-64.960331,-21.934972],[-64.960319,-21.934922],[-64.960314,-21.93487],[-64.960317,-21.934818],[-64.960391,-21.934605],[-64.960502,-21.934463],[-64.96071,-21.934248],[-64.960842,-21.934176],[-64.961047,-21.934065],[-64.96111,-21.934028],[-64.961245,-21.933904],[-64.961301,-21.933866],[-64.961353,-21.933823],[-64.961399,-21.933775],[-64.961438,-21.933722],[-64.961471,-21.933665],[-64.961497,-21.933605],[-64.961515,-21.933543],[-64.961525,-21.933484],[-64.961528,-21.933424],[-64.961513,-21.933021],[-64.961509,-21.932986],[-64.961513,-21.932951],[-64.961524,-21.932918],[-64.961544,-21.932883],[-64.961572,-21.932854],[-64.961606,-21.932831],[-64.961879,-21.932736],[-64.961917,-21.932719],[-64.961951,-21.932696],[-64.961979,-21.932666],[-64.962,-21.932634],[-64.962013,-21.932598],[-64.962019,-21.932561],[-64.962017,-21.932523],[-64.962008,-21.932487],[-64.961987,-21.932452],[-64.961938,-21.932403],[-64.961873,-21.932371],[-64.961805,-21.932352],[-64.961699,-21.932344],[-64.961632,-21.932313],[-64.961574,-21.932263],[-64.961529,-21.932193],[-64.961507,-21.932113],[-64.961468,-21.932036],[-64.961412,-21.931985],[-64.961323,-21.931983],[-64.961288,-21.931989],[-64.961255,-21.931999],[-64.961223,-21.932014],[-64.961193,-21.932032],[-64.961167,-21.932055],[-64.961144,-21.932081],[-64.961032,-21.93216],[-64.960919,-21.932204],[-64.960781,-21.932225],[-64.960488,-21.93221],[-64.960007,-21.932],[-64.959961,-21.931966],[-64.959921,-21.931926],[-64.959888,-21.93188],[-64.959863,-21.931831],[-64.959846,-21.931778],[-64.959837,-21.931724],[-64.959838,-21.93167],[-64.959847,-21.931616],[-64.959864,-21.931564],[-64.960008,-21.93092],[-64.96003,-21.930826],[-64.960062,-21.930734],[-64.960101,-21.930645],[-64.960148,-21.930563],[-64.960201,-21.930485],[-64.960261,-21.930411],[-64.960492,-21.930066],[-64.960515,-21.930006],[-64.960534,-21.929944],[-64.960546,-21.929882],[-64.960555,-21.929798],[-64.960554,-21.929714],[-64.960462,-21.929267],[-64.960462,-21.929209],[-64.960466,-21.929152],[-64.960474,-21.929088],[-64.960488,-21.929025],[-64.960547,-21.928886],[-64.960606,-21.928746],[-64.960656,-21.928628],[-64.960664,-21.928593],[-64.960664,-21.928556],[-64.960656,-21.928521],[-64.960641,-21.928488],[-64.960624,-21.928464],[-64.960604,-21.928443],[-64.96058,-21.928426],[-64.960387,-21.928363],[-64.960175,-21.928264],[-64.960096,-21.928235],[-64.960021,-21.9282],[-64.959951,-21.928157],[-64.959885,-21.928108],[-64.959825,-21.928053],[-64.959772,-21.927993],[-64.959725,-21.927927],[-64.95969,-21.927864],[-64.959661,-21.927799],[-64.959638,-21.927731],[-64.959622,-21.927662],[-64.959614,-21.927591],[-64.959557,-21.927212],[-64.95952,-21.92652],[-64.959522,-21.926339],[-64.959524,-21.926298],[-64.959519,-21.926257],[-64.959506,-21.926218],[-64.959488,-21.926184],[-64.959464,-21.926152],[-64.959436,-21.926125],[-64.959403,-21.926103],[-64.959272,-21.925999],[-64.959137,-21.925891],[-64.959009,-21.925785],[-64.958984,-21.925747],[-64.958964,-21.925705],[-64.958952,-21.925661],[-64.958946,-21.92562],[-64.958946,-21.925578],[-64.958952,-21.925537],[-64.959002,-21.925436],[-64.959059,-21.92532],[-64.959168,-21.925124],[-64.959181,-21.925089],[-64.959185,-21.925053],[-64.95918,-21.925017],[-64.959166,-21.924983],[-64.959145,-21.924955],[-64.959118,-21.924931],[-64.959086,-21.924913],[-64.958922,-21.924861],[-64.958759,-21.924808],[-64.958622,-21.924751],[-64.958486,-21.924676],[-64.958211,-21.92451],[-64.957936,-21.924333],[-64.957913,-21.924312],[-64.957894,-21.924287],[-64.957877,-21.924255],[-64.957866,-21.92422],[-64.957863,-21.924184],[-64.957867,-21.924148],[-64.957878,-21.924113],[-64.957896,-21.92408],[-64.95792,-21.924051],[-64.957949,-21.924027],[-64.957985,-21.924007],[-64.958024,-21.923994],[-64.958288,-21.923893],[-64.958313,-21.92387],[-64.95833,-21.923841],[-64.958337,-21.923809],[-64.958335,-21.923776],[-64.958326,-21.923752],[-64.958313,-21.92373],[-64.958293,-21.923711],[-64.958269,-21.923696],[-64.958242,-21.923687],[-64.957986,-21.923645],[-64.957663,-21.923593],[-64.957397,-21.92355],[-64.957099,-21.923502],[-64.956802,-21.923454],[-64.956742,-21.923438],[-64.956683,-21.923418],[-64.956635,-21.923398],[-64.956589,-21.923376],[-64.956447,-21.923288],[-64.956306,-21.923199],[-64.95626,-21.923179],[-64.956211,-21.923163],[-64.956149,-21.92315],[-64.956086,-21.923144],[-64.955801,-21.923133],[-64.955766,-21.923122],[-64.955734,-21.923104],[-64.955707,-21.92308],[-64.955686,-21.923052],[-64.955672,-21.92302],[-64.955665,-21.922986],[-64.955667,-21.922953],[-64.955675,-21.922922],[-64.95569,-21.92289],[-64.955713,-21.922862],[-64.955742,-21.92284],[-64.955775,-21.922823],[-64.956034,-21.922807],[-64.956241,-21.922794],[-64.956448,-21.922781],[-64.956733,-21.922748],[-64.957128,-21.922607],[-64.957374,-21.922478],[-64.957469,-21.92239],[-64.957471,-21.922354],[-64.957463,-21.922318],[-64.957368,-21.922252],[-64.957107,-21.922219],[-64.957053,-21.922206],[-64.957,-21.922189],[-64.956924,-21.922158],[-64.956853,-21.922119],[-64.956786,-21.922074],[-64.956641,-21.921976],[-64.956479,-21.921866],[-64.956318,-21.921756],[-64.95605,-21.921614],[-64.955862,-21.921557],[-64.955625,-21.921486],[-64.955388,-21.921415],[-64.955223,-21.92135],[-64.955036,-21.921276],[-64.954878,-21.921214],[-64.954598,-21.921104],[-64.954418,-21.921058],[-64.954336,-21.921071],[-64.954222,-21.921118],[-64.954066,-21.921186],[-64.953965,-21.921229],[-64.953789,-21.921305],[-64.953723,-21.921323],[-64.953654,-21.921333],[-64.953585,-21.921335],[-64.953523,-21.92133],[-64.953463,-21.921319],[-64.953404,-21.921302],[-64.95321,-21.921204],[-64.953025,-21.921099],[-64.952903,-21.920959],[-64.952837,-21.920802],[-64.952809,-21.920651],[-64.952796,-21.920335],[-64.952776,-21.92017],[-64.95275,-21.920061],[-64.952736,-21.919922],[-64.95274,-21.919555],[-64.952735,-21.919508],[-64.952709,-21.919472],[-64.952665,-21.919445],[-64.952605,-21.919439],[-64.952378,-21.919444],[-64.951951,-21.919424],[-64.95172,-21.919349],[-64.951236,-21.919016],[-64.951164,-21.918968],[-64.951089,-21.918927],[-64.951001,-21.918889],[-64.950911,-21.918861],[-64.94986,-21.918653],[-64.949812,-21.918639],[-64.949768,-21.918616],[-64.949729,-21.918587],[-64.949699,-21.918555],[-64.949676,-21.91852],[-64.949658,-21.918481],[-64.949595,-21.918249],[-64.949576,-21.918218],[-64.949549,-21.918192],[-64.949521,-21.918177],[-64.949491,-21.918167],[-64.949459,-21.918163],[-64.949426,-21.918166],[-64.949311,-21.918161],[-64.949197,-21.918149],[-64.949084,-21.918131],[-64.948972,-21.918105],[-64.948863,-21.918073],[-64.948754,-21.918034],[-64.948648,-21.917988],[-64.948545,-21.917935],[-64.948447,-21.917876],[-64.948353,-21.917812],[-64.948264,-21.917741],[-64.94818,-21.917666],[-64.947921,-21.917333],[-64.947881,-21.917265],[-64.947832,-21.917201],[-64.947777,-21.917143],[-64.947732,-21.917104],[-64.947685,-21.917069],[-64.947634,-21.917038],[-64.947391,-21.916922],[-64.946916,-21.916695],[-64.94677,-21.916605],[-64.94674,-21.916579],[-64.946717,-21.916547],[-64.946704,-21.916511],[-64.946699,-21.916473],[-64.946705,-21.916435],[-64.946721,-21.916399],[-64.946743,-21.91637],[-64.946771,-21.916347],[-64.946805,-21.916329],[-64.946841,-21.916319],[-64.94688,-21.916317],[-64.946917,-21.916322],[-64.947065,-21.916364],[-64.947458,-21.916512],[-64.94767,-21.916592],[-64.94772,-21.916608],[-64.947772,-21.916616],[-64.947824,-21.916617],[-64.947876,-21.916609],[-64.947926,-21.916593],[-64.947973,-21.91657],[-64.948013,-21.916542],[-64.948047,-21.916508],[-64.948076,-21.916469],[-64.948097,-21.916427],[-64.948151,-21.916199],[-64.94816,-21.916152],[-64.948168,-21.916106],[-64.948182,-21.916023],[-64.948194,-21.915953],[-64.948194,-21.915866],[-64.948194,-21.915813],[-64.948137,-21.915634],[-64.948122,-21.915602],[-64.948094,-21.915547],[-64.94804,-21.915452],[-64.94798,-21.91536],[-64.947916,-21.91527],[-64.947837,-21.915172],[-64.947752,-21.915078],[-64.947662,-21.914988],[-64.947566,-21.914904],[-64.947465,-21.914824],[-64.947387,-21.914772],[-64.947304,-21.914728],[-64.947216,-21.914692],[-64.947125,-21.914665],[-64.947031,-21.914647],[-64.946935,-21.914638],[-64.946858,-21.914637],[-64.946781,-21.914642],[-64.946705,-21.914654],[-64.945527,-21.914866],[-64.945275,-21.914907],[-64.945083,-21.91491],[-64.944842,-21.914885],[-64.94445,-21.914791],[-64.944413,-21.914777],[-64.94438,-21.914757],[-64.94435,-21.914732],[-64.944325,-21.914703],[-64.944305,-21.914669],[-64.944291,-21.914632],[-64.944284,-21.914593],[-64.944266,-21.914356],[-64.944256,-21.914333],[-64.94424,-21.914313],[-64.944218,-21.914295],[-64.944191,-21.914284],[-64.944163,-21.914279],[-64.944133,-21.914282],[-64.944106,-21.914291],[-64.944082,-21.914307],[-64.943846,-21.914445],[-64.943744,-21.914505],[-64.943668,-21.914535],[-64.94359,-21.914555],[-64.94352,-21.914566],[-64.943449,-21.91457],[-64.943378,-21.914568],[-64.943308,-21.914558],[-64.943239,-21.914541],[-64.943172,-21.914518],[-64.943108,-21.914489],[-64.942876,-21.91434],[-64.942756,-21.914242],[-64.942021,-21.913403],[-64.941991,-21.91337],[-64.941965,-21.913333],[-64.941944,-21.913294],[-64.941927,-21.913251],[-64.941915,-21.913207],[-64.941909,-21.913161],[-64.941844,-21.912616],[-64.941844,-21.912588],[-64.941837,-21.912561],[-64.941825,-21.912535],[-64.941809,-21.912512],[-64.941786,-21.912491],[-64.941759,-21.912474],[-64.941728,-21.912463],[-64.941697,-21.912459],[-64.940337,-21.912198],[-64.940111,-21.912146],[-64.939915,-21.912088],[-64.939696,-21.911994],[-64.939441,-21.911884],[-64.93915,-21.911801],[-64.937897,-21.911521],[-64.93767,-21.911487],[-64.936289,-21.911476],[-64.936022,-21.911487],[-64.935844,-21.911537],[-64.935607,-21.911626],[-64.935505,-21.911653],[-64.935161,-21.911658],[-64.935105,-21.911649],[-64.935051,-21.911631],[-64.935001,-21.911605],[-64.934956,-21.911572],[-64.934918,-21.911532],[-64.934887,-21.911488],[-64.934865,-21.91144],[-64.934851,-21.911389],[-64.934846,-21.911337],[-64.93485,-21.911284],[-64.934864,-21.911234],[-64.934886,-21.911185],[-64.934916,-21.911141],[-64.934953,-21.911102],[-64.935143,-21.911003],[-64.936419,-21.910573],[-64.936847,-21.910474],[-64.937583,-21.910381],[-64.937755,-21.91032],[-64.937842,-21.910283],[-64.93787,-21.910265],[-64.937896,-21.910244],[-64.937918,-21.91022],[-64.937943,-21.910183],[-64.93796,-21.910143],[-64.937969,-21.9101],[-64.93797,-21.910057],[-64.937949,-21.909513],[-64.937909,-21.909307],[-64.937841,-21.909012],[-64.937793,-21.908861],[-64.937726,-21.908767],[-64.937417,-21.908591],[-64.93674,-21.908376],[-64.936473,-21.908332],[-64.936313,-21.908338],[-64.935654,-21.908492],[-64.9352,-21.908504],[-64.934868,-21.908488],[-64.934634,-21.908452],[-64.934446,-21.908427],[-64.934271,-21.90842],[-64.933992,-21.908433],[-64.933821,-21.908425],[-64.932346,-21.90829],[-64.931363,-21.908222],[-64.930905,-21.908228],[-64.92887,-21.90831],[-64.928632,-21.90836],[-64.92811,-21.908541],[-64.927873,-21.908569],[-64.927558,-21.90853],[-64.925724,-21.908106],[-64.925484,-21.908033],[-64.925285,-21.907952],[-64.924782,-21.907692],[-64.924136,-21.907397],[-64.923942,-21.907249],[-64.923836,-21.907083],[-64.9237,-21.906642],[-64.923605,-21.90641],[-64.92351,-21.906256],[-64.923124,-21.905832],[-64.922934,-21.905579],[-64.922157,-21.904351],[-64.921991,-21.904193],[-64.921777,-21.90402],[-64.921367,-21.903762],[-64.919694,-21.902925],[-64.919617,-21.902836],[-64.919617,-21.902721],[-64.919712,-21.902638],[-64.920026,-21.902561],[-64.920079,-21.902495],[-64.920068,-21.902412],[-64.920002,-21.902341],[-64.919628,-21.902121],[-64.919433,-21.901972],[-64.919172,-21.90158],[-64.919094,-21.901504],[-64.918946,-21.901438],[-64.918014,-21.901184],[-64.917901,-21.901096],[-64.91783,-21.900937],[-64.917743,-21.900379],[-64.917642,-21.900142],[-64.916333,-21.897699],[-64.916221,-21.897507],[-64.915731,-21.896546],[-64.915653,-21.896419],[-64.915553,-21.896293],[-64.9136,-21.894616],[-64.913493,-21.894525],[-64.912188,-21.893517],[-64.911974,-21.893324],[-64.91176,-21.893093],[-64.911078,-21.892383],[-64.909427,-21.89364],[-64.909268,-21.893784],[-64.909238,-21.893829],[-64.909138,-21.893983],[-64.908588,-21.895007],[-64.908348,-21.895384],[-64.908273,-21.895502],[-64.908093,-21.895922],[-64.907916,-21.896464],[-64.90782,-21.8966],[-64.907446,-21.8969],[-64.907342,-21.896943],[-64.907216,-21.896946],[-64.906993,-21.896888],[-64.906275,-21.896627],[-64.905604,-21.896479],[-64.905256,-21.896428],[-64.905,-21.89644],[-64.904209,-21.896615],[-64.904126,-21.896634],[-64.903411,-21.896776],[-64.902897,-21.89689],[-64.902567,-21.896946],[-64.902104,-21.897134],[-64.901597,-21.897245],[-64.899862,-21.897289],[-64.899533,-21.897331],[-64.899158,-21.897271],[-64.898825,-21.897142],[-64.898649,-21.897121],[-64.898461,-21.897122],[-64.897881,-21.897116],[-64.897745,-21.897139],[-64.897523,-21.897177],[-64.896238,-21.897275],[-64.895753,-21.897326],[-64.89497,-21.897409],[-64.894674,-21.897411],[-64.894342,-21.8974],[-64.89419,-21.897386],[-64.893399,-21.897311],[-64.892996,-21.897272],[-64.892776,-21.897239],[-64.892678,-21.897256],[-64.891976,-21.8974],[-64.89175,-21.897442],[-64.891577,-21.897454],[-64.891401,-21.897412],[-64.891271,-21.897344],[-64.891111,-21.897256],[-64.890997,-21.897227],[-64.89062,-21.897342],[-64.890102,-21.897488],[-64.889836,-21.89755],[-64.88951,-21.897675],[-64.889284,-21.897832],[-64.88907,-21.898097],[-64.888923,-21.8983],[-64.888754,-21.898594],[-64.888598,-21.898892],[-64.888519,-21.899122],[-64.888475,-21.899221],[-64.888396,-21.899265],[-64.887615,-21.899219],[-64.885865,-21.899202],[-64.885506,-21.899212],[-64.885299,-21.899237],[-64.884695,-21.899441],[-64.884627,-21.899444],[-64.884552,-21.8994],[-64.884147,-21.89916],[-64.883955,-21.899083],[-64.883006,-21.898848],[-64.882814,-21.898843],[-64.882638,-21.898873],[-64.882405,-21.898911],[-64.881187,-21.899422],[-64.880994,-21.899505],[-64.880622,-21.899814],[-64.880511,-21.899939],[-64.880404,-21.900158],[-64.880359,-21.900213],[-64.880264,-21.900268],[-64.879847,-21.900446],[-64.879053,-21.900725],[-64.878945,-21.900785],[-64.878699,-21.901103],[-64.878601,-21.901134],[-64.878119,-21.901134],[-64.876692,-21.901392],[-64.876286,-21.901486],[-64.876091,-21.901541],[-64.875772,-21.901651],[-64.873395,-21.902544],[-64.873259,-21.902553],[-64.873115,-21.902533],[-64.872175,-21.902139],[-64.872039,-21.902116],[-64.871875,-21.902119],[-64.871703,-21.902149],[-64.871263,-21.902417],[-64.87107,-21.902517],[-64.870952,-21.902527],[-64.870769,-21.902458],[-64.870577,-21.902397],[-64.870179,-21.902328],[-64.869974,-21.902319],[-64.869775,-21.902348],[-64.869209,-21.902542],[-64.869064,-21.902611],[-64.868639,-21.902853],[-64.868421,-21.90293],[-64.86834,-21.90292],[-64.86826,-21.90286],[-64.868097,-21.902619],[-64.868017,-21.902558],[-64.867916,-21.902522],[-64.867772,-21.902522],[-64.867637,-21.902562],[-64.867482,-21.902661],[-64.867362,-21.902759],[-64.867239,-21.902819],[-64.867101,-21.902835],[-64.866908,-21.902811],[-64.866731,-21.902746],[-64.866532,-21.902666],[-64.866414,-21.902631],[-64.866253,-21.902621],[-64.86525,-21.902661],[-64.865098,-21.902704],[-64.864944,-21.902816],[-64.86453,-21.903306],[-64.864429,-21.903373],[-64.864333,-21.903373],[-64.864215,-21.903318],[-64.864059,-21.903174],[-64.863909,-21.903099],[-64.863732,-21.903089],[-64.863373,-21.903139],[-64.863233,-21.903134],[-64.86311,-21.903064],[-64.862911,-21.902801],[-64.862702,-21.902631],[-64.862445,-21.902522],[-64.862148,-21.902455],[-64.861887,-21.902452],[-64.860884,-21.902582],[-64.860739,-21.902572],[-64.860626,-21.902522],[-64.860261,-21.902203],[-64.860099,-21.902087],[-64.859473,-21.901825],[-64.859221,-21.90177],[-64.858892,-21.901763],[-64.857681,-21.901838],[-64.857506,-21.901872],[-64.857307,-21.901993],[-64.857189,-21.902124],[-64.857008,-21.902461],[-64.856977,-21.902666],[-64.856951,-21.902868],[-64.85702,-21.903101],[-64.857132,-21.903309],[-64.857188,-21.90342],[-64.857214,-21.903517],[-64.85718,-21.903638],[-64.857012,-21.903896],[-64.856941,-21.903987],[-64.856842,-21.904029],[-64.856703,-21.90402],[-64.85662,-21.903967],[-64.856473,-21.903744],[-64.856213,-21.90358],[-64.856057,-21.903517],[-64.855872,-21.903484],[-64.855696,-21.903519],[-64.855402,-21.903678],[-64.854983,-21.903906],[-64.854769,-21.904049],[-64.8546,-21.9042],[-64.854488,-21.904325],[-64.854312,-21.904405],[-64.854122,-21.904343],[-64.853892,-21.904216],[-64.853598,-21.903966],[-64.853229,-21.90355],[-64.853113,-21.903418],[-64.85304,-21.903288],[-64.852983,-21.903031],[-64.85289,-21.902728],[-64.852803,-21.902532],[-64.852629,-21.902377],[-64.852435,-21.902234],[-64.852072,-21.901971],[-64.851653,-21.901663],[-64.851526,-21.901519],[-64.851398,-21.901372],[-64.851284,-21.901093],[-64.851135,-21.900591],[-64.851079,-21.90045],[-64.85096,-21.900179],[-64.850796,-21.899878],[-64.850628,-21.899594],[-64.850272,-21.898993],[-64.849967,-21.898512],[-64.849871,-21.898384],[-64.849728,-21.898281],[-64.849486,-21.89815],[-64.849198,-21.898046],[-64.848646,-21.897849],[-64.848175,-21.897638],[-64.847813,-21.897479],[-64.847453,-21.897307],[-64.847217,-21.897251],[-64.846937,-21.897215],[-64.846164,-21.897162],[-64.845575,-21.897111],[-64.845107,-21.897151],[-64.842795,-21.897266],[-64.84184,-21.897276],[-64.841057,-21.897211],[-64.840197,-21.89703],[-64.839428,-21.896819],[-64.839149,-21.896727],[-64.839012,-21.896665],[-64.838908,-21.896639],[-64.838675,-21.896589],[-64.838484,-21.896571],[-64.838302,-21.896583],[-64.83807,-21.896632],[-64.837862,-21.89667],[-64.837357,-21.896783],[-64.837226,-21.896808],[-64.835633,-21.897111],[-64.835016,-21.897168],[-64.834838,-21.897205],[-64.834614,-21.89726],[-64.834425,-21.897336],[-64.834149,-21.897484],[-64.833339,-21.898056],[-64.832293,-21.898752],[-64.8321,-21.898898],[-64.831956,-21.899014],[-64.83167,-21.899205],[-64.831045,-21.899729],[-64.830396,-21.90038],[-64.830199,-21.900556],[-64.829967,-21.900708],[-64.829709,-21.900818],[-64.828551,-21.901161],[-64.828361,-21.901202],[-64.82817,-21.901191],[-64.828032,-21.901141],[-64.827886,-21.90106],[-64.827669,-21.90086],[-64.827401,-21.900639],[-64.827058,-21.900501],[-64.826928,-21.900478],[-64.826498,-21.900402],[-64.825913,-21.900367],[-64.825548,-21.900352],[-64.824994,-21.900385],[-64.823798,-21.900648],[-64.822863,-21.900881],[-64.822186,-21.901127],[-64.821941,-21.901217],[-64.820547,-21.901729],[-64.820041,-21.901874],[-64.819594,-21.901922],[-64.81887,-21.901927],[-64.817106,-21.901877],[-64.816664,-21.901814],[-64.816155,-21.90175],[-64.815608,-21.901681],[-64.81381,-21.901491],[-64.813237,-21.901453],[-64.812574,-21.901464],[-64.812353,-21.901485],[-64.812162,-21.901511],[-64.811681,-21.901697],[-64.811498,-21.901748],[-64.811131,-21.901825],[-64.809856,-21.902163],[-64.809613,-21.902201],[-64.809362,-21.90223],[-64.806699,-21.902432],[-64.806437,-21.902462],[-64.806189,-21.902496],[-64.805969,-21.902554],[-64.805663,-21.902641],[-64.803637,-21.903329],[-64.803359,-21.9034],[-64.803082,-21.903453],[-64.802713,-21.903502],[-64.802459,-21.903526],[-64.802265,-21.903552],[-64.802091,-21.903585],[-64.800735,-21.90392],[-64.797894,-21.90468],[-64.79767,-21.90474],[-64.797088,-21.904924],[-64.796262,-21.90525],[-64.795334,-21.905651],[-64.791699,-21.907198],[-64.791514,-21.907262],[-64.791344,-21.90731],[-64.791137,-21.907338],[-64.790951,-21.907349],[-64.790434,-21.907358],[-64.789794,-21.907371],[-64.788935,-21.907371],[-64.788473,-21.907343],[-64.788435,-21.90734],[-64.787328,-21.907263],[-64.787188,-21.907269],[-64.787006,-21.9073],[-64.786819,-21.90735],[-64.786571,-21.90743],[-64.786337,-21.907501],[-64.786088,-21.907587],[-64.785337,-21.907825],[-64.783845,-21.908305],[-64.78268,-21.908844],[-64.782494,-21.908899],[-64.78227,-21.908938],[-64.782184,-21.908948],[-64.781257,-21.909055],[-64.781041,-21.909066],[-64.780824,-21.909069],[-64.780415,-21.90903],[-64.779206,-21.908911],[-64.777911,-21.908776],[-64.777703,-21.908784],[-64.777299,-21.908818],[-64.776936,-21.908888],[-64.77579,-21.909112],[-64.775632,-21.909138],[-64.775436,-21.909224],[-64.775281,-21.909355],[-64.77508,-21.909551],[-64.774114,-21.910537],[-64.773971,-21.910625],[-64.773879,-21.910679],[-64.773778,-21.910709],[-64.773609,-21.91073],[-64.773442,-21.910746],[-64.773294,-21.910771],[-64.772846,-21.910849],[-64.772594,-21.910931],[-64.771771,-21.911095],[-64.771526,-21.911135],[-64.771548,-21.911328],[-64.771551,-21.911516],[-64.771593,-21.911695],[-64.771676,-21.911873],[-64.771765,-21.912018],[-64.771905,-21.912209],[-64.772026,-21.912349],[-64.772134,-21.912535],[-64.772235,-21.912784],[-64.772296,-21.913038],[-64.77233,-21.913244],[-64.772392,-21.913421],[-64.772745,-21.914294],[-64.772802,-21.91447],[-64.77293,-21.914862],[-64.773013,-21.91504],[-64.773329,-21.915721],[-64.773476,-21.916089],[-64.773534,-21.916251],[-64.773614,-21.916442],[-64.773632,-21.916674],[-64.773571,-21.917141],[-64.773519,-21.917493],[-64.773508,-21.917565],[-64.773478,-21.917844],[-64.773504,-21.918105],[-64.773586,-21.918716],[-64.773645,-21.919031],[-64.77376,-21.91967],[-64.773859,-21.920377],[-64.773951,-21.920896],[-64.77405,-21.921718],[-64.774123,-21.922143],[-64.774193,-21.922538],[-64.774243,-21.922856],[-64.774314,-21.923043],[-64.774391,-21.923187],[-64.774516,-21.923415],[-64.774631,-21.923631],[-64.774769,-21.923886],[-64.774873,-21.924082],[-64.775016,-21.924334],[-64.775153,-21.924573],[-64.775201,-21.924675],[-64.775253,-21.924781],[-64.7753,-21.924924],[-64.775337,-21.925086],[-64.775364,-21.925332],[-64.775409,-21.925723],[-64.775467,-21.926471],[-64.775476,-21.926622],[-64.775509,-21.926821],[-64.775532,-21.927051],[-64.77555,-21.927285],[-64.775567,-21.927484],[-64.775587,-21.927672],[-64.775616,-21.927808],[-64.775666,-21.927927],[-64.775745,-21.928052],[-64.775969,-21.928326],[-64.776026,-21.928419],[-64.776083,-21.928541],[-64.77629,-21.928977],[-64.77664,-21.929749],[-64.776724,-21.929927],[-64.776766,-21.930011],[-64.776852,-21.93008],[-64.776997,-21.930157],[-64.777296,-21.930327],[-64.777464,-21.930409],[-64.777636,-21.930514],[-64.777805,-21.930622],[-64.777926,-21.930712],[-64.778058,-21.930839],[-64.778295,-21.931001],[-64.779635,-21.931887],[-64.780057,-21.932147],[-64.780171,-21.932209],[-64.780342,-21.932335],[-64.780497,-21.932472],[-64.780719,-21.932703],[-64.781105,-21.933091],[-64.781819,-21.933908],[-64.781961,-21.934087],[-64.782039,-21.934186],[-64.782144,-21.934303],[-64.782194,-21.934376],[-64.782246,-21.934479],[-64.782289,-21.934653],[-64.782318,-21.934823],[-64.782435,-21.935393],[-64.782453,-21.935648],[-64.782438,-21.935739],[-64.782406,-21.935814],[-64.782044,-21.936367],[-64.782034,-21.936402],[-64.782032,-21.936435],[-64.782037,-21.936468],[-64.782051,-21.9365],[-64.782572,-21.936791],[-64.783283,-21.937192],[-64.78381,-21.937537],[-64.783916,-21.937621],[-64.784158,-21.937778],[-64.7844,-21.938056],[-64.784635,-21.938398],[-64.784866,-21.938754],[-64.785243,-21.939272],[-64.785644,-21.939746],[-64.785824,-21.93994],[-64.785902,-21.940021],[-64.785959,-21.940101],[-64.786012,-21.940172],[-64.786067,-21.940249],[-64.786103,-21.940338],[-64.786148,-21.940462],[-64.786194,-21.940677],[-64.786216,-21.94084],[-64.786242,-21.940972],[-64.786253,-21.94108],[-64.786398,-21.941351],[-64.786562,-21.94164],[-64.787297,-21.942879],[-64.787672,-21.943533],[-64.787874,-21.943885],[-64.788107,-21.944259],[-64.788262,-21.944518],[-64.788437,-21.944823],[-64.788617,-21.945135],[-64.788903,-21.945591],[-64.789034,-21.94587],[-64.789104,-21.946075],[-64.789174,-21.946318],[-64.78926,-21.946532],[-64.789385,-21.946752],[-64.78951,-21.946939],[-64.789595,-21.947099],[-64.789656,-21.947252],[-64.789727,-21.947452],[-64.789756,-21.947562],[-64.789843,-21.947678],[-64.790046,-21.947842],[-64.790183,-21.947962],[-64.790352,-21.948074],[-64.790505,-21.948133],[-64.790628,-21.948168],[-64.790735,-21.948189],[-64.790844,-21.948198],[-64.790961,-21.948178],[-64.791131,-21.948106],[-64.791239,-21.948076],[-64.791326,-21.948055],[-64.791398,-21.948051],[-64.791463,-21.948071],[-64.7915,-21.94811],[-64.791523,-21.948145],[-64.791538,-21.948213],[-64.79153,-21.948316],[-64.791504,-21.948436],[-64.791473,-21.948548],[-64.791418,-21.948709],[-64.791374,-21.948877],[-64.791333,-21.949079],[-64.79133,-21.949384],[-64.791347,-21.949556],[-64.791406,-21.949727],[-64.791504,-21.949914],[-64.791654,-21.950146],[-64.791775,-21.950343],[-64.791932,-21.950605],[-64.792054,-21.950815],[-64.792119,-21.950902],[-64.792248,-21.950972],[-64.792519,-21.951077],[-64.792812,-21.951173],[-64.792998,-21.951239],[-64.79307,-21.951306],[-64.793095,-21.951429],[-64.793117,-21.95158],[-64.793157,-21.951714],[-64.793213,-21.951863],[-64.793278,-21.951992],[-64.793352,-21.952078],[-64.793407,-21.952152],[-64.793471,-21.952182],[-64.793549,-21.952188],[-64.793808,-21.952132],[-64.794028,-21.952098],[-64.794127,-21.952078],[-64.794195,-21.952109],[-64.794216,-21.952175],[-64.794192,-21.95227],[-64.794139,-21.952385],[-64.79408,-21.952497],[-64.793986,-21.952705],[-64.793911,-21.952906],[-64.793835,-21.95312],[-64.793792,-21.953239],[-64.793788,-21.953358],[-64.793784,-21.95346],[-64.793748,-21.953543],[-64.793708,-21.953635],[-64.793717,-21.953731],[-64.79376,-21.953809],[-64.793781,-21.953874],[-64.793782,-21.953942],[-64.793787,-21.953987],[-64.793767,-21.954013],[-64.793746,-21.954039],[-64.793701,-21.954057],[-64.793661,-21.954073],[-64.793567,-21.954062],[-64.79347,-21.954047],[-64.793389,-21.954028],[-64.7933,-21.954021],[-64.793162,-21.954033],[-64.793043,-21.954046],[-64.792941,-21.954073],[-64.792845,-21.954106],[-64.792761,-21.954159],[-64.792668,-21.954184],[-64.792588,-21.954171],[-64.792502,-21.954116],[-64.792437,-21.954063],[-64.792292,-21.953923],[-64.792194,-21.953832],[-64.792057,-21.953751],[-64.791878,-21.953685],[-64.791755,-21.953651],[-64.791625,-21.953625],[-64.7915,-21.953622],[-64.791394,-21.953624],[-64.791288,-21.95364],[-64.791225,-21.953668],[-64.791173,-21.953709],[-64.791126,-21.953796],[-64.791073,-21.953908],[-64.791044,-21.953994],[-64.791014,-21.954083],[-64.791006,-21.954205],[-64.791027,-21.954321],[-64.791045,-21.954448],[-64.791111,-21.954662],[-64.791178,-21.954866],[-64.791203,-21.954968],[-64.791183,-21.955066],[-64.791142,-21.955138],[-64.791085,-21.955177],[-64.791002,-21.955241],[-64.790939,-21.955306],[-64.79082,-21.955436],[-64.790708,-21.95556],[-64.790582,-21.955659],[-64.790514,-21.955734],[-64.790498,-21.955773],[-64.790487,-21.955819],[-64.790482,-21.955918],[-64.790508,-21.956015],[-64.790519,-21.956088],[-64.790553,-21.956209],[-64.790597,-21.956401],[-64.790658,-21.956569],[-64.790767,-21.956773],[-64.790928,-21.957223],[-64.790956,-21.957303],[-64.790978,-21.957385],[-64.790996,-21.957476],[-64.791007,-21.957567],[-64.791012,-21.957659],[-64.791009,-21.957751],[-64.791048,-21.958002],[-64.791134,-21.958327],[-64.7913,-21.959022],[-64.791332,-21.95913],[-64.791356,-21.959239],[-64.791372,-21.959349],[-64.791379,-21.959451],[-64.791378,-21.959553],[-64.791391,-21.959723],[-64.791404,-21.95979],[-64.791424,-21.959855],[-64.791451,-21.959919],[-64.791484,-21.95998],[-64.791524,-21.960037],[-64.791562,-21.960083],[-64.791603,-21.960126],[-64.791649,-21.960165],[-64.792136,-21.960615],[-64.792353,-21.960821],[-64.79255,-21.960966],[-64.792664,-21.961073],[-64.792864,-21.961288],[-64.79305,-21.961529],[-64.793088,-21.961584],[-64.793122,-21.961641],[-64.79315,-21.961701],[-64.793178,-21.961774],[-64.793198,-21.961849],[-64.793211,-21.961925],[-64.793217,-21.962002],[-64.793215,-21.962079],[-64.793239,-21.962482],[-64.793265,-21.962594],[-64.793328,-21.962764],[-64.793391,-21.962872],[-64.793504,-21.963012],[-64.793778,-21.963276],[-64.794006,-21.96354],[-64.794039,-21.963596],[-64.794054,-21.963643],[-64.794058,-21.96369],[-64.794048,-21.963732],[-64.794021,-21.96376],[-64.793981,-21.963773],[-64.7939,-21.963777],[-64.793844,-21.963781],[-64.793796,-21.963798],[-64.793738,-21.963846],[-64.793667,-21.963962],[-64.793561,-21.964236],[-64.79354,-21.964369],[-64.793545,-21.964531],[-64.793576,-21.964667],[-64.793646,-21.96482],[-64.793682,-21.964883],[-64.793706,-21.964963],[-64.7937,-21.96505],[-64.793643,-21.965212],[-64.793634,-21.96529],[-64.793649,-21.965401],[-64.793766,-21.965754],[-64.793819,-21.965888],[-64.79385,-21.966045],[-64.793879,-21.966227],[-64.793894,-21.966364],[-64.793877,-21.966605],[-64.793881,-21.966699],[-64.793907,-21.966794],[-64.793965,-21.966932],[-64.794068,-21.967049],[-64.794361,-21.967219],[-64.794775,-21.967395],[-64.794798,-21.967414],[-64.794839,-21.967447],[-64.794871,-21.967503],[-64.795126,-21.967856],[-64.795189,-21.967944],[-64.795211,-21.967991],[-64.795212,-21.968041],[-64.795194,-21.968081],[-64.79516,-21.968102],[-64.795101,-21.968108],[-64.794965,-21.968078],[-64.794902,-21.968063],[-64.794841,-21.968059],[-64.794794,-21.968069],[-64.794751,-21.968097],[-64.794692,-21.968173],[-64.794659,-21.968232],[-64.794602,-21.968281],[-64.794404,-21.968393],[-64.794351,-21.968442],[-64.794305,-21.968497],[-64.794259,-21.968626],[-64.794246,-21.968729],[-64.794267,-21.968926],[-64.794357,-21.969296],[-64.794387,-21.969479],[-64.794403,-21.969715],[-64.794437,-21.970015],[-64.794461,-21.970126],[-64.794501,-21.970229],[-64.794632,-21.970475],[-64.794802,-21.970775],[-64.794878,-21.970877],[-64.795137,-21.97113],[-64.795313,-21.971286],[-64.79539,-21.971343],[-64.795485,-21.971388],[-64.79556,-21.971409],[-64.795782,-21.97144],[-64.795857,-21.97144],[-64.795961,-21.971424],[-64.796148,-21.97136],[-64.796233,-21.971336],[-64.796329,-21.971325],[-64.796584,-21.971324],[-64.796777,-21.971322],[-64.797071,-21.971295],[-64.797318,-21.971267],[-64.79743,-21.971268],[-64.797541,-21.971281],[-64.797636,-21.971308],[-64.79773,-21.971357],[-64.797819,-21.971404],[-64.798034,-21.97147],[-64.798212,-21.971511],[-64.798442,-21.971597],[-64.798547,-21.971646],[-64.798626,-21.971697],[-64.798868,-21.971918],[-64.798936,-21.972024],[-64.798977,-21.972125],[-64.799006,-21.972308],[-64.79902,-21.972365],[-64.799053,-21.972412],[-64.799107,-21.972429],[-64.79915,-21.97242],[-64.799182,-21.972387],[-64.799294,-21.972125],[-64.799325,-21.972058],[-64.799356,-21.972021],[-64.799404,-21.972],[-64.799466,-21.971995],[-64.799929,-21.972112],[-64.800258,-21.972198],[-64.800337,-21.972223],[-64.800426,-21.972272],[-64.800545,-21.972349],[-64.800668,-21.972424],[-64.800755,-21.972587],[-64.800809,-21.972732],[-64.800853,-21.972841],[-64.800887,-21.972917],[-64.800902,-21.972953],[-64.800963,-21.973052],[-64.801042,-21.973152],[-64.801144,-21.973255],[-64.801264,-21.973413],[-64.801394,-21.973594],[-64.801481,-21.973808],[-64.801528,-21.973987],[-64.801542,-21.974139],[-64.801544,-21.974258],[-64.801548,-21.974367],[-64.801585,-21.974444],[-64.801608,-21.974497],[-64.801644,-21.974551],[-64.801672,-21.974625],[-64.801707,-21.974728],[-64.801751,-21.974928],[-64.801784,-21.975065],[-64.801815,-21.975191],[-64.801879,-21.97537],[-64.801961,-21.975523],[-64.80202,-21.975691],[-64.802068,-21.975897],[-64.802096,-21.976084],[-64.802153,-21.976252],[-64.802215,-21.976385],[-64.80229,-21.976551],[-64.802288,-21.976754],[-64.802317,-21.976907],[-64.802353,-21.977076],[-64.802402,-21.977221],[-64.802518,-21.977439],[-64.802807,-21.977856],[-64.802861,-21.977922],[-64.802945,-21.978001],[-64.803019,-21.978044],[-64.803077,-21.978067],[-64.803143,-21.978084],[-64.803218,-21.978129],[-64.803278,-21.978178],[-64.80332,-21.978236],[-64.803337,-21.978276],[-64.803334,-21.978343],[-64.803274,-21.978423],[-64.803254,-21.978465],[-64.803249,-21.97851],[-64.803248,-21.978645],[-64.803249,-21.978774],[-64.803241,-21.979018],[-64.80324,-21.979121],[-64.803256,-21.979205],[-64.803319,-21.979396],[-64.803359,-21.9795],[-64.803409,-21.979592],[-64.803478,-21.979678],[-64.803582,-21.979766],[-64.803653,-21.979794],[-64.803724,-21.979796],[-64.803785,-21.979778],[-64.803875,-21.97973],[-64.804155,-21.979615],[-64.804315,-21.979563],[-64.8044,-21.979543],[-64.804498,-21.97954],[-64.804602,-21.979555],[-64.804821,-21.979643],[-64.804919,-21.979668],[-64.805051,-21.979685],[-64.805096,-21.979692],[-64.80513,-21.979707],[-64.805159,-21.979731],[-64.805187,-21.979767],[-64.805213,-21.979834],[-64.805226,-21.979917],[-64.805232,-21.980146],[-64.805241,-21.980287],[-64.805296,-21.980522],[-64.805339,-21.980663],[-64.805418,-21.9808],[-64.805532,-21.980923],[-64.805759,-21.981106],[-64.80607,-21.98134],[-64.806155,-21.981412],[-64.806247,-21.981517],[-64.806372,-21.981674],[-64.806439,-21.981735],[-64.806548,-21.981799],[-64.806632,-21.981821],[-64.806725,-21.981826],[-64.806878,-21.981808],[-64.806956,-21.981806],[-64.807019,-21.981814],[-64.807073,-21.981833],[-64.807198,-21.981901],[-64.807274,-21.981942],[-64.807368,-21.981974],[-64.807457,-21.981993],[-64.80772,-21.982006],[-64.807848,-21.982016],[-64.808102,-21.982078],[-64.808194,-21.982102],[-64.808446,-21.982209],[-64.808701,-21.982295],[-64.808819,-21.982323],[-64.808928,-21.982326],[-64.809043,-21.98232],[-64.809175,-21.98232],[-64.80945,-21.982361],[-64.809685,-21.982399],[-64.809743,-21.982409],[-64.809805,-21.98242],[-64.809918,-21.98244],[-64.810053,-21.982496],[-64.810291,-21.98266],[-64.810426,-21.982775],[-64.810526,-21.982907],[-64.810616,-21.983022],[-64.810657,-21.983143],[-64.810657,-21.983253],[-64.810671,-21.983428],[-64.810688,-21.983604],[-64.810625,-21.983755],[-64.810607,-21.983817],[-64.810579,-21.983853],[-64.810527,-21.983887],[-64.81045,-21.983891],[-64.810325,-21.983876],[-64.810246,-21.983874],[-64.81016,-21.983885],[-64.810072,-21.983924],[-64.809994,-21.984009],[-64.809953,-21.984083],[-64.809923,-21.98416],[-64.809913,-21.984211],[-64.809944,-21.984388],[-64.809968,-21.984507],[-64.809994,-21.984855],[-64.809991,-21.985158],[-64.809991,-21.985167],[-64.809996,-21.985239],[-64.810025,-21.985357],[-64.81016,-21.985676],[-64.81022,-21.985785],[-64.810264,-21.985843],[-64.810326,-21.985905],[-64.81038,-21.985945],[-64.810556,-21.986008],[-64.810691,-21.986048],[-64.811401,-21.986322],[-64.811903,-21.98651],[-64.812332,-21.986689],[-64.81245,-21.986715],[-64.812597,-21.986728],[-64.812729,-21.986783],[-64.812767,-21.986797],[-64.812831,-21.986833],[-64.812958,-21.986989],[-64.813071,-21.987209],[-64.813177,-21.98737],[-64.813315,-21.98771],[-64.813368,-21.987844],[-64.813452,-21.988207],[-64.813474,-21.988352],[-64.813486,-21.98848],[-64.813481,-21.98873],[-64.813451,-21.989078],[-64.813441,-21.989302],[-64.813449,-21.989724],[-64.813498,-21.990255],[-64.813536,-21.990474],[-64.813585,-21.990651],[-64.813606,-21.990731],[-64.813641,-21.990841],[-64.813698,-21.990944],[-64.813863,-21.991183],[-64.814,-21.991395],[-64.814018,-21.991461],[-64.814021,-21.991555],[-64.81402,-21.992012],[-64.814036,-21.992162],[-64.814035,-21.992301],[-64.814085,-21.992445],[-64.814125,-21.992563],[-64.814211,-21.992687],[-64.814358,-21.992846],[-64.814512,-21.992961],[-64.81469,-21.993146],[-64.814875,-21.993373],[-64.814964,-21.993497],[-64.815054,-21.993604],[-64.81547,-21.993916],[-64.815537,-21.993975],[-64.815734,-21.994179],[-64.815854,-21.994335],[-64.816053,-21.994586],[-64.816077,-21.994615],[-64.816249,-21.994885],[-64.816548,-21.995459],[-64.816746,-21.995816],[-64.81689,-21.996046],[-64.817155,-21.996491],[-64.817194,-21.996537],[-64.817243,-21.996575],[-64.817407,-21.996651],[-64.817469,-21.996689],[-64.817753,-21.996865],[-64.8179,-21.996953],[-64.817973,-21.996987],[-64.818017,-21.997008],[-64.818055,-21.997049],[-64.818087,-21.997107],[-64.818099,-21.997156],[-64.818096,-21.997209],[-64.818073,-21.997263],[-64.818015,-21.997324],[-64.817857,-21.997416],[-64.817797,-21.997459],[-64.817744,-21.997525],[-64.817714,-21.997578],[-64.81766,-21.997776],[-64.817638,-21.997859],[-64.817553,-21.998071],[-64.817314,-21.99852],[-64.817296,-21.998567],[-64.817269,-21.998611],[-64.817234,-21.998649],[-64.817193,-21.998682],[-64.817162,-21.998699],[-64.817128,-21.998713],[-64.817066,-21.99875],[-64.817008,-21.998791],[-64.816945,-21.998844],[-64.816887,-21.998902],[-64.816836,-21.998965],[-64.816808,-21.998994],[-64.816789,-21.999028],[-64.816777,-21.999065],[-64.816775,-21.999104],[-64.816782,-21.999142],[-64.816797,-21.999178],[-64.816821,-21.99921],[-64.816852,-21.999236],[-64.816881,-21.999252],[-64.816912,-21.999263],[-64.816945,-21.999269],[-64.816979,-21.999269],[-64.817104,-21.999306],[-64.817168,-21.999326],[-64.817228,-21.999353],[-64.817285,-21.999386],[-64.817338,-21.999424],[-64.817386,-21.999467],[-64.817427,-21.999514],[-64.817463,-21.999565],[-64.817533,-21.999667],[-64.817559,-21.999714],[-64.817594,-21.999774],[-64.817646,-21.999885],[-64.817683,-21.999979],[-64.817714,-22.000075],[-64.817774,-22.000266],[-64.817829,-22.00046],[-64.817852,-22.000553],[-64.817883,-22.000644],[-64.817922,-22.000733],[-64.817967,-22.00082],[-64.818019,-22.000902],[-64.818071,-22.000974],[-64.818129,-22.001042],[-64.818191,-22.001106],[-64.818258,-22.001166],[-64.818387,-22.001288],[-64.818521,-22.001406],[-64.81866,-22.001519],[-64.818723,-22.001567],[-64.81878,-22.00162],[-64.818832,-22.001678],[-64.818877,-22.00174],[-64.818904,-22.001784],[-64.818928,-22.001829],[-64.818986,-22.001914],[-64.819052,-22.001994],[-64.819124,-22.002069],[-64.819171,-22.002111],[-64.81922,-22.002152],[-64.819312,-22.002238],[-64.8194,-22.002327],[-64.819447,-22.002377],[-64.819487,-22.002431],[-64.819521,-22.002488],[-64.819548,-22.002549],[-64.819566,-22.002605],[-64.819591,-22.00266],[-64.819621,-22.002711],[-64.819658,-22.00276],[-64.819688,-22.002793],[-64.81972,-22.002824],[-64.819789,-22.002881],[-64.819863,-22.002932],[-64.819942,-22.002976],[-64.819987,-22.002997],[-64.820034,-22.003016],[-64.820121,-22.003064],[-64.820202,-22.00312],[-64.820277,-22.003183],[-64.820337,-22.003242],[-64.82039,-22.003307],[-64.820495,-22.003436],[-64.82059,-22.00357],[-64.820677,-22.003709],[-64.820755,-22.003852],[-64.820937,-22.00414],[-64.820979,-22.004189],[-64.821027,-22.004233],[-64.821082,-22.004271],[-64.821141,-22.004302],[-64.821203,-22.004325],[-64.821268,-22.00434],[-64.821335,-22.004347],[-64.821402,-22.004346],[-64.821468,-22.004337],[-64.821748,-22.004317],[-64.821784,-22.004318],[-64.821819,-22.004325],[-64.821852,-22.004338],[-64.821881,-22.004358],[-64.821905,-22.00438],[-64.821924,-22.004407],[-64.821937,-22.004439],[-64.821944,-22.004473],[-64.821943,-22.004507],[-64.821911,-22.004838],[-64.821896,-22.005145],[-64.821792,-22.005751],[-64.82177,-22.005887],[-64.82177,-22.005924],[-64.821779,-22.005961],[-64.821796,-22.005994],[-64.82182,-22.006024],[-64.821851,-22.006048],[-64.821887,-22.006065],[-64.821922,-22.006075],[-64.821958,-22.006078],[-64.821994,-22.006074],[-64.822028,-22.006064],[-64.82206,-22.006048],[-64.822088,-22.006026],[-64.822111,-22.006],[-64.822246,-22.00587],[-64.822303,-22.005825],[-64.822389,-22.005773],[-64.822578,-22.005588],[-64.822818,-22.005338],[-64.822894,-22.00528],[-64.822958,-22.005247],[-64.823023,-22.005225],[-64.82309,-22.005225],[-64.823153,-22.005249],[-64.82321,-22.005294],[-64.823266,-22.005366],[-64.823323,-22.005468],[-64.823395,-22.00566],[-64.823415,-22.005781],[-64.823426,-22.005948],[-64.823433,-22.006025],[-64.82345,-22.006104],[-64.823488,-22.006215],[-64.823511,-22.006303],[-64.823518,-22.006392],[-64.823507,-22.006496],[-64.82349,-22.006571],[-64.823481,-22.006733],[-64.82348,-22.006809],[-64.823464,-22.00686],[-64.823428,-22.006919],[-64.823365,-22.006966],[-64.823282,-22.007028],[-64.823076,-22.007309],[-64.823039,-22.007365],[-64.823008,-22.007434],[-64.822977,-22.007604],[-64.822954,-22.007694],[-64.822907,-22.007803],[-64.822846,-22.007884],[-64.822823,-22.007912],[-64.822808,-22.007959],[-64.822805,-22.008004],[-64.822816,-22.008118],[-64.822821,-22.00817],[-64.822818,-22.00822],[-64.822802,-22.008275],[-64.822774,-22.008307],[-64.82255,-22.008395],[-64.822497,-22.008418],[-64.822462,-22.008449],[-64.822431,-22.008504],[-64.822409,-22.008552],[-64.822396,-22.00861],[-64.822397,-22.008675],[-64.822432,-22.008814],[-64.822447,-22.008873],[-64.82245,-22.008926],[-64.822434,-22.008994],[-64.822363,-22.009147],[-64.822344,-22.009186],[-64.822328,-22.009249],[-64.822322,-22.00932],[-64.822315,-22.009388],[-64.822284,-22.009491],[-64.822135,-22.009796],[-64.822119,-22.009844],[-64.822115,-22.009901],[-64.822131,-22.009958],[-64.822175,-22.010106],[-64.822183,-22.010219],[-64.822155,-22.01047],[-64.822156,-22.010536],[-64.822167,-22.0106],[-64.822205,-22.010672],[-64.822251,-22.010708],[-64.822287,-22.010722],[-64.82234,-22.010713],[-64.822368,-22.010691],[-64.822389,-22.010654],[-64.82239,-22.010606],[-64.822369,-22.010525],[-64.822367,-22.010429],[-64.822375,-22.010341],[-64.822393,-22.010253],[-64.82243,-22.01016],[-64.822456,-22.01012],[-64.822494,-22.010098],[-64.822536,-22.010102],[-64.822578,-22.010125],[-64.822606,-22.010155],[-64.822624,-22.010193],[-64.82267,-22.010364],[-64.822708,-22.010491],[-64.822774,-22.010658],[-64.822829,-22.010807],[-64.822866,-22.01091],[-64.822947,-22.011176],[-64.823041,-22.011668],[-64.823057,-22.011741],[-64.823089,-22.011811],[-64.823123,-22.011852],[-64.823172,-22.011881],[-64.823229,-22.011898],[-64.823299,-22.01189],[-64.823421,-22.011839],[-64.823567,-22.011797],[-64.823665,-22.011782],[-64.823762,-22.01178],[-64.82397,-22.011785],[-64.824433,-22.011733],[-64.824481,-22.011727],[-64.824535,-22.011708],[-64.824585,-22.011687],[-64.824631,-22.011663],[-64.824679,-22.011643],[-64.824738,-22.011633],[-64.824807,-22.011634],[-64.824853,-22.011642],[-64.825268,-22.011807],[-64.825349,-22.01184],[-64.825389,-22.011883],[-64.825419,-22.011933],[-64.825459,-22.012074],[-64.825457,-22.01215],[-64.825437,-22.012201],[-64.825333,-22.012301],[-64.825219,-22.012408],[-64.825096,-22.012528],[-64.824964,-22.012691],[-64.824896,-22.012776],[-64.824823,-22.012852],[-64.82464,-22.012989],[-64.82436,-22.013174],[-64.824267,-22.01321],[-64.824184,-22.01325],[-64.82405,-22.013308],[-64.823962,-22.013373],[-64.823907,-22.013457],[-64.823876,-22.013548],[-64.823868,-22.013623],[-64.823879,-22.013692],[-64.823902,-22.013739],[-64.823936,-22.013765],[-64.823993,-22.013774],[-64.82404,-22.013759],[-64.824337,-22.013504],[-64.824426,-22.013443],[-64.824667,-22.01334],[-64.824889,-22.013245],[-64.824941,-22.013219],[-64.825009,-22.013204],[-64.825051,-22.013211],[-64.825078,-22.013237],[-64.825092,-22.01328],[-64.825047,-22.013415],[-64.824991,-22.013545],[-64.824924,-22.013702],[-64.824881,-22.013863],[-64.824824,-22.014],[-64.824756,-22.01412],[-64.82466,-22.014242],[-64.824626,-22.014303],[-64.824614,-22.014364],[-64.824617,-22.014413],[-64.824639,-22.014451],[-64.824684,-22.014469],[-64.824746,-22.014462],[-64.824854,-22.01439],[-64.824935,-22.014348],[-64.825032,-22.014323],[-64.825122,-22.014315],[-64.825208,-22.01432],[-64.825277,-22.014352],[-64.825339,-22.014406],[-64.825379,-22.014459],[-64.825442,-22.014497],[-64.825512,-22.014504],[-64.825569,-22.014488],[-64.825763,-22.014356],[-64.825822,-22.014316],[-64.825908,-22.014297],[-64.825986,-22.0143],[-64.826051,-22.014328],[-64.82617,-22.014419],[-64.826229,-22.014451],[-64.826287,-22.014461],[-64.826329,-22.014452],[-64.826373,-22.014414],[-64.826467,-22.014293],[-64.826541,-22.014213],[-64.826625,-22.014157],[-64.826742,-22.014121],[-64.826867,-22.014108],[-64.826967,-22.014121],[-64.827067,-22.014171],[-64.827292,-22.014414],[-64.827358,-22.014499],[-64.827517,-22.014787],[-64.827709,-22.015279],[-64.827762,-22.015403],[-64.827828,-22.015514],[-64.828037,-22.01581],[-64.828115,-22.015904],[-64.82825,-22.016018],[-64.828479,-22.016172],[-64.828649,-22.016291],[-64.828712,-22.016351],[-64.828794,-22.01647],[-64.828848,-22.016524],[-64.829028,-22.016614],[-64.829104,-22.016682],[-64.829166,-22.016762],[-64.829211,-22.016895],[-64.829279,-22.017177],[-64.829294,-22.017229],[-64.829331,-22.017295],[-64.829488,-22.017456],[-64.829896,-22.01782],[-64.829947,-22.017862],[-64.829992,-22.017921],[-64.830083,-22.018058],[-64.830306,-22.018334],[-64.830366,-22.018422],[-64.830388,-22.018499],[-64.830383,-22.018548],[-64.830353,-22.018601],[-64.830327,-22.018619],[-64.830233,-22.018651],[-64.830169,-22.018671],[-64.83012,-22.018683],[-64.829999,-22.018741],[-64.829933,-22.018797],[-64.829884,-22.018861],[-64.829868,-22.018937],[-64.82987,-22.019012],[-64.829935,-22.019221],[-64.830026,-22.019446],[-64.830074,-22.019681],[-64.830108,-22.020003],[-64.830133,-22.020197],[-64.830165,-22.020347],[-64.830199,-22.020423],[-64.830237,-22.020478],[-64.830303,-22.020546],[-64.830346,-22.020622],[-64.830352,-22.020655],[-64.83035,-22.020698],[-64.830328,-22.020747],[-64.830254,-22.020787],[-64.830189,-22.020786],[-64.830066,-22.020744],[-64.829994,-22.020728],[-64.829933,-22.020723],[-64.829876,-22.020741],[-64.829826,-22.020795],[-64.82981,-22.020856],[-64.829815,-22.02093],[-64.829871,-22.021059],[-64.829965,-22.021229],[-64.830058,-22.021398],[-64.830105,-22.021473],[-64.830143,-22.021532],[-64.83016,-22.021583],[-64.830164,-22.021639],[-64.830141,-22.021693],[-64.829829,-22.022061],[-64.829678,-22.022196],[-64.829593,-22.022269],[-64.829544,-22.02231],[-64.829524,-22.02236],[-64.829521,-22.022405],[-64.82953,-22.022435],[-64.829561,-22.022456],[-64.829595,-22.022457],[-64.829808,-22.022396],[-64.829947,-22.022363],[-64.830119,-22.022355],[-64.830378,-22.022361],[-64.830546,-22.022377],[-64.830733,-22.022414],[-64.830805,-22.022451],[-64.830845,-22.022503],[-64.830845,-22.022563],[-64.830807,-22.02261],[-64.830625,-22.022667],[-64.830561,-22.022691],[-64.830343,-22.022794],[-64.830113,-22.022882],[-64.830066,-22.022904],[-64.830023,-22.022928],[-64.82999,-22.02297],[-64.829973,-22.023021],[-64.829973,-22.023056],[-64.829987,-22.023093],[-64.830034,-22.02313],[-64.830198,-22.023237],[-64.830423,-22.023342],[-64.830507,-22.023385],[-64.830582,-22.023441],[-64.83062,-22.023497],[-64.830632,-22.023549],[-64.830624,-22.023605],[-64.830598,-22.023658],[-64.830546,-22.023699],[-64.830447,-22.023757],[-64.830401,-22.023797],[-64.830348,-22.023855],[-64.830273,-22.024002],[-64.830204,-22.024175],[-64.830162,-22.024307],[-64.830073,-22.024509],[-64.830057,-22.024559],[-64.83005,-22.024653],[-64.830073,-22.024948],[-64.830085,-22.025025],[-64.830113,-22.025102],[-64.830168,-22.025181],[-64.830344,-22.025347],[-64.830612,-22.025537],[-64.830836,-22.025671],[-64.830947,-22.025755],[-64.831051,-22.025862],[-64.831374,-22.026322],[-64.831494,-22.026505],[-64.831535,-22.026602],[-64.83155,-22.026693],[-64.831547,-22.026743],[-64.831527,-22.026798],[-64.831315,-22.027051],[-64.831258,-22.027133],[-64.831229,-22.027194],[-64.831218,-22.027262],[-64.831222,-22.027303],[-64.831257,-22.027345],[-64.831312,-22.027377],[-64.83165,-22.027446],[-64.831789,-22.027475],[-64.832374,-22.027678],[-64.832523,-22.027745],[-64.83263,-22.027812],[-64.832715,-22.027889],[-64.832801,-22.027965],[-64.832886,-22.02804],[-64.832974,-22.028089],[-64.833129,-22.028137],[-64.83328,-22.028158],[-64.833467,-22.028161],[-64.833737,-22.028132],[-64.833911,-22.028113],[-64.834163,-22.028104],[-64.834598,-22.028123],[-64.834687,-22.028126],[-64.834776,-22.028149],[-64.835245,-22.028333],[-64.835331,-22.028378],[-64.835382,-22.028443],[-64.835406,-22.028523],[-64.83541,-22.028579],[-64.835372,-22.028679],[-64.835282,-22.028813],[-64.835024,-22.029135],[-64.834934,-22.02925],[-64.834898,-22.02933],[-64.834891,-22.029404],[-64.834902,-22.029458],[-64.834961,-22.029517],[-64.835126,-22.029585],[-64.835258,-22.02961],[-64.835562,-22.029685],[-64.835863,-22.029775],[-64.836121,-22.029838],[-64.836165,-22.029847],[-64.836232,-22.029843],[-64.836305,-22.029818],[-64.836398,-22.02976],[-64.836452,-22.029735],[-64.836503,-22.029729],[-64.836546,-22.029734],[-64.836578,-22.029757],[-64.836666,-22.029933],[-64.836682,-22.029968],[-64.836694,-22.03003],[-64.836696,-22.030106],[-64.83669,-22.030162],[-64.836662,-22.030227],[-64.836551,-22.030323],[-64.836499,-22.030373],[-64.836349,-22.030533],[-64.836294,-22.03057],[-64.836199,-22.030612],[-64.836093,-22.03066],[-64.835998,-22.030743],[-64.835911,-22.030845],[-64.835864,-22.030917],[-64.835777,-22.031149],[-64.835745,-22.031217],[-64.835719,-22.031259],[-64.835685,-22.031289],[-64.835638,-22.031307],[-64.835442,-22.031333],[-64.835404,-22.03133],[-64.835364,-22.031319],[-64.835327,-22.031285],[-64.835296,-22.031251],[-64.835251,-22.031242],[-64.835198,-22.031248],[-64.835103,-22.031301],[-64.834966,-22.031472],[-64.834795,-22.031637],[-64.834755,-22.031688],[-64.834706,-22.031783],[-64.834673,-22.03185],[-64.834632,-22.031902],[-64.834592,-22.031931],[-64.834487,-22.031961],[-64.83445,-22.031981],[-64.834413,-22.032025],[-64.834403,-22.032088],[-64.834406,-22.03214],[-64.834446,-22.032214],[-64.834509,-22.032259],[-64.834588,-22.032321],[-64.834662,-22.032382],[-64.8347,-22.032462],[-64.834703,-22.032554],[-64.834527,-22.033068],[-64.834499,-22.033125],[-64.834459,-22.033186],[-64.834366,-22.033288],[-64.834294,-22.033377],[-64.834236,-22.033466],[-64.834186,-22.033513],[-64.8341,-22.033567],[-64.833964,-22.033644],[-64.833866,-22.033733],[-64.833788,-22.033855],[-64.833731,-22.033967],[-64.833654,-22.034243],[-64.833651,-22.034371],[-64.833656,-22.034466],[-64.833783,-22.034927],[-64.833825,-22.034987],[-64.833902,-22.035044],[-64.834324,-22.035147],[-64.834412,-22.035166],[-64.834489,-22.035164],[-64.834558,-22.035139],[-64.834693,-22.035046],[-64.834802,-22.034963],[-64.834889,-22.034913],[-64.83505,-22.034847],[-64.835102,-22.034811],[-64.835127,-22.03477],[-64.835142,-22.034651],[-64.835143,-22.034577],[-64.835162,-22.034496],[-64.835228,-22.034422],[-64.835347,-22.03433],[-64.835471,-22.03427],[-64.835615,-22.034239],[-64.835718,-22.034244],[-64.835753,-22.034249],[-64.835782,-22.034259],[-64.835807,-22.034273],[-64.835821,-22.034286],[-64.835829,-22.0343],[-64.835832,-22.034311],[-64.835833,-22.03433],[-64.835823,-22.034358],[-64.835808,-22.034377],[-64.835782,-22.034388],[-64.835718,-22.034411],[-64.835625,-22.03444],[-64.835554,-22.034459],[-64.835502,-22.034507],[-64.835444,-22.034614],[-64.835413,-22.034747],[-64.83538,-22.035032],[-64.835345,-22.035154],[-64.835258,-22.035372],[-64.835186,-22.035565],[-64.835172,-22.03565],[-64.835174,-22.035707],[-64.835198,-22.035744],[-64.835248,-22.03578],[-64.835374,-22.035805],[-64.835514,-22.035814],[-64.835613,-22.035833],[-64.835682,-22.035873],[-64.835721,-22.035915],[-64.835744,-22.035971],[-64.835745,-22.036031],[-64.835706,-22.036123],[-64.83562,-22.036282],[-64.835598,-22.036359],[-64.835578,-22.036463],[-64.835578,-22.036531],[-64.835612,-22.036585],[-64.835681,-22.03664],[-64.835787,-22.036691],[-64.835897,-22.036719],[-64.836066,-22.036726],[-64.83613,-22.036733],[-64.8362,-22.036759],[-64.836296,-22.036818],[-64.83638,-22.036886],[-64.836443,-22.036913],[-64.836632,-22.036993],[-64.836681,-22.037024],[-64.836728,-22.037078],[-64.836753,-22.037141],[-64.836755,-22.037215],[-64.83674,-22.037265],[-64.836659,-22.037387],[-64.836644,-22.037422],[-64.836644,-22.037453],[-64.836669,-22.037484],[-64.836761,-22.037554],[-64.836838,-22.037611],[-64.836903,-22.037689],[-64.836935,-22.037748],[-64.836954,-22.037832],[-64.836949,-22.038002],[-64.836952,-22.03805],[-64.836979,-22.038097],[-64.837101,-22.038183],[-64.837153,-22.03822],[-64.837183,-22.038258],[-64.837203,-22.038301],[-64.837237,-22.038562],[-64.837259,-22.038662],[-64.837292,-22.038745],[-64.837348,-22.038832],[-64.837397,-22.038917],[-64.837433,-22.039011],[-64.837454,-22.039157],[-64.837467,-22.039231],[-64.837496,-22.039293],[-64.837594,-22.039387],[-64.837681,-22.039487],[-64.837768,-22.039587],[-64.83784,-22.039693],[-64.837891,-22.039808],[-64.83791,-22.03988],[-64.837914,-22.039965],[-64.837915,-22.040098],[-64.837923,-22.040151],[-64.837944,-22.040211],[-64.837981,-22.040256],[-64.838045,-22.040291],[-64.838123,-22.040297],[-64.838377,-22.040238],[-64.838476,-22.040224],[-64.838583,-22.040231],[-64.838653,-22.040251],[-64.838714,-22.040291],[-64.838749,-22.040343],[-64.838755,-22.040395],[-64.838744,-22.040446],[-64.838654,-22.04059],[-64.838628,-22.040633],[-64.838572,-22.040733],[-64.838545,-22.040843],[-64.838546,-22.041004],[-64.838553,-22.041082],[-64.838576,-22.041163],[-64.838617,-22.041238],[-64.838656,-22.041305],[-64.838671,-22.041369],[-64.838666,-22.041449],[-64.838593,-22.041628],[-64.838566,-22.04172],[-64.838549,-22.041827],[-64.83855,-22.041955],[-64.838587,-22.042209],[-64.838619,-22.042372],[-64.838688,-22.042577],[-64.838713,-22.042649],[-64.838722,-22.042711],[-64.838714,-22.042824],[-64.838718,-22.042904],[-64.838742,-22.042973],[-64.838808,-22.043042],[-64.838878,-22.04308],[-64.839001,-22.043148],[-64.839063,-22.043196],[-64.839099,-22.043252],[-64.839118,-22.04333],[-64.839117,-22.04339],[-64.8391,-22.043449],[-64.838971,-22.043693],[-64.83893,-22.043794],[-64.838915,-22.043872],[-64.838916,-22.043949],[-64.838933,-22.043997],[-64.838982,-22.044044],[-64.839083,-22.044076],[-64.839202,-22.04409],[-64.839257,-22.044103],[-64.839312,-22.044138],[-64.839471,-22.044294],[-64.839495,-22.044338],[-64.839534,-22.044446],[-64.839559,-22.044503],[-64.839604,-22.044563],[-64.839711,-22.04464],[-64.839799,-22.044662],[-64.839859,-22.044661],[-64.839937,-22.044636],[-64.840022,-22.044567],[-64.840067,-22.044516],[-64.840092,-22.044463],[-64.84011,-22.044217],[-64.840127,-22.04397],[-64.840139,-22.043912],[-64.840176,-22.043846],[-64.840239,-22.043784],[-64.840346,-22.043713],[-64.84044,-22.043678],[-64.840516,-22.04365],[-64.840607,-22.043613],[-64.840674,-22.043583],[-64.840729,-22.043564],[-64.840784,-22.043554],[-64.840868,-22.043554],[-64.840976,-22.043559],[-64.841045,-22.043554],[-64.841294,-22.043507],[-64.841377,-22.043496],[-64.841453,-22.043496],[-64.84152,-22.043501],[-64.841726,-22.043545],[-64.84209,-22.043575],[-64.842236,-22.043592],[-64.842292,-22.0436],[-64.842352,-22.043626],[-64.842405,-22.04367],[-64.842462,-22.04373],[-64.842483,-22.043786],[-64.842485,-22.043841],[-64.842465,-22.043893],[-64.842435,-22.04392],[-64.8423,-22.043976],[-64.842254,-22.043995],[-64.842201,-22.044025],[-64.842136,-22.044064],[-64.842072,-22.044084],[-64.841999,-22.044087],[-64.841934,-22.044074],[-64.841863,-22.044048],[-64.841801,-22.044001],[-64.841748,-22.043942],[-64.841711,-22.043876],[-64.84168,-22.043836],[-64.841643,-22.043811],[-64.841598,-22.043797],[-64.841548,-22.043793],[-64.841501,-22.04381],[-64.841448,-22.04385],[-64.84137,-22.04393],[-64.841313,-22.043972],[-64.841252,-22.044006],[-64.841141,-22.044056],[-64.841058,-22.044097],[-64.841004,-22.044139],[-64.840978,-22.044186],[-64.840958,-22.044242],[-64.840955,-22.044298],[-64.840969,-22.044377],[-64.840993,-22.044452],[-64.84106,-22.044587],[-64.841079,-22.044633],[-64.841092,-22.044681],[-64.841094,-22.044735],[-64.841083,-22.044786],[-64.841053,-22.044836],[-64.84102,-22.044866],[-64.840967,-22.04491],[-64.840946,-22.044941],[-64.840931,-22.044975],[-64.840927,-22.045011],[-64.840936,-22.045052],[-64.840974,-22.04511],[-64.841239,-22.045396],[-64.841395,-22.045544],[-64.841447,-22.045593],[-64.84149,-22.045621],[-64.841548,-22.045646],[-64.841652,-22.045683],[-64.841697,-22.045705],[-64.841752,-22.045744],[-64.841847,-22.045826],[-64.841934,-22.045894],[-64.842114,-22.046042],[-64.84222,-22.04613],[-64.842292,-22.046188],[-64.842341,-22.046253],[-64.842367,-22.046306],[-64.842375,-22.046359],[-64.842368,-22.046416],[-64.842345,-22.046464],[-64.842308,-22.046499],[-64.842242,-22.046523],[-64.842188,-22.046523],[-64.842024,-22.046473],[-64.841937,-22.046441],[-64.841867,-22.046426],[-64.841776,-22.046417],[-64.841518,-22.046404],[-64.841435,-22.046401],[-64.841387,-22.046415],[-64.841353,-22.046444],[-64.841337,-22.046477],[-64.841339,-22.04652],[-64.841353,-22.046587],[-64.841374,-22.046645],[-64.841436,-22.046735],[-64.84149,-22.04681],[-64.841664,-22.047155],[-64.841689,-22.047217],[-64.841708,-22.047332],[-64.841719,-22.047472],[-64.841715,-22.047528],[-64.841696,-22.047582],[-64.841664,-22.047616],[-64.841598,-22.047641],[-64.841527,-22.047658],[-64.84147,-22.047682],[-64.841397,-22.047738],[-64.841382,-22.047777],[-64.841384,-22.047815],[-64.841399,-22.047839],[-64.841434,-22.047853],[-64.841473,-22.047846],[-64.841548,-22.047796],[-64.841578,-22.047777],[-64.841613,-22.047771],[-64.84165,-22.047773],[-64.841708,-22.047793],[-64.841804,-22.047809],[-64.841892,-22.047806],[-64.841968,-22.047775],[-64.842044,-22.047718],[-64.842082,-22.047652],[-64.84209,-22.047561],[-64.842069,-22.047291],[-64.842069,-22.047212],[-64.842086,-22.047155],[-64.842114,-22.047126],[-64.842163,-22.047106],[-64.84221,-22.047111],[-64.842254,-22.047132],[-64.842483,-22.047368],[-64.842567,-22.04743],[-64.842636,-22.047457],[-64.842699,-22.047467],[-64.842773,-22.047445],[-64.842828,-22.047405],[-64.842876,-22.047343],[-64.842972,-22.046984],[-64.843025,-22.046789],[-64.843079,-22.046595],[-64.843137,-22.046437],[-64.843221,-22.046261],[-64.843237,-22.046192],[-64.843232,-22.046123],[-64.84309,-22.045796],[-64.84295,-22.045537],[-64.842934,-22.045477],[-64.842944,-22.045436],[-64.842982,-22.045395],[-64.843067,-22.045381],[-64.843339,-22.045452],[-64.843412,-22.045455],[-64.843478,-22.04544],[-64.843529,-22.045408],[-64.843608,-22.045298],[-64.843651,-22.045233],[-64.84374,-22.045179],[-64.844145,-22.044996],[-64.844261,-22.044927],[-64.844312,-22.044889],[-64.844381,-22.044868],[-64.84442,-22.044867],[-64.844468,-22.044883],[-64.844511,-22.044929],[-64.844538,-22.044996],[-64.844543,-22.045069],[-64.844525,-22.045129],[-64.844428,-22.045249],[-64.844395,-22.045294],[-64.844382,-22.04534],[-64.844378,-22.045393],[-64.844394,-22.045524],[-64.844447,-22.045706],[-64.844475,-22.045808],[-64.844494,-22.045995],[-64.844495,-22.046242],[-64.844508,-22.04646],[-64.844516,-22.046627],[-64.844547,-22.046799],[-64.84456,-22.046946],[-64.844568,-22.047014],[-64.844593,-22.047111],[-64.844617,-22.04718],[-64.844616,-22.047224],[-64.844607,-22.047303],[-64.844606,-22.047387],[-64.844629,-22.047535],[-64.844647,-22.047617],[-64.844654,-22.047715],[-64.844624,-22.047921],[-64.84462,-22.047972],[-64.844622,-22.048039],[-64.844677,-22.048199],[-64.84473,-22.048265],[-64.844814,-22.048307],[-64.844883,-22.048323],[-64.844992,-22.048313],[-64.845161,-22.048221],[-64.845239,-22.048177],[-64.845305,-22.048155],[-64.845444,-22.048139],[-64.845652,-22.048134],[-64.84576,-22.048125],[-64.845864,-22.048092],[-64.846013,-22.048003],[-64.846065,-22.047978],[-64.846144,-22.047953],[-64.846228,-22.047938],[-64.846348,-22.047937],[-64.84645,-22.047953],[-64.84677,-22.048048],[-64.846847,-22.048059],[-64.846951,-22.048061],[-64.847044,-22.048049],[-64.847186,-22.048028],[-64.847529,-22.048034],[-64.847639,-22.048036],[-64.847726,-22.048053],[-64.847828,-22.048108],[-64.847973,-22.048217],[-64.848026,-22.048291],[-64.848079,-22.048383],[-64.848496,-22.049068],[-64.848504,-22.049101],[-64.848501,-22.049138],[-64.848481,-22.049167],[-64.848456,-22.049191],[-64.848273,-22.049298],[-64.847928,-22.049447],[-64.847845,-22.049489],[-64.847763,-22.049527],[-64.847696,-22.049546],[-64.847656,-22.049549],[-64.847612,-22.049538],[-64.847515,-22.049513],[-64.847202,-22.049377],[-64.847141,-22.049376],[-64.847103,-22.049387],[-64.847076,-22.049405],[-64.847058,-22.049427],[-64.846993,-22.049517],[-64.846959,-22.049551],[-64.846932,-22.049575],[-64.846886,-22.049601],[-64.84678,-22.049666],[-64.846729,-22.049721],[-64.846673,-22.0498],[-64.846528,-22.050075],[-64.846509,-22.050155],[-64.846507,-22.050227],[-64.846526,-22.050384],[-64.846534,-22.05047],[-64.846532,-22.050561],[-64.846519,-22.050643],[-64.846433,-22.050841],[-64.846418,-22.050895],[-64.84641,-22.050949],[-64.846416,-22.050998],[-64.846449,-22.051049],[-64.846495,-22.051071],[-64.846536,-22.051077],[-64.846577,-22.051067],[-64.846608,-22.051038],[-64.846655,-22.050929],[-64.846687,-22.050849],[-64.846741,-22.05075],[-64.846808,-22.050649],[-64.846837,-22.050603],[-64.846858,-22.050544],[-64.846863,-22.050471],[-64.846861,-22.05033],[-64.846877,-22.050239],[-64.846913,-22.050167],[-64.846965,-22.050106],[-64.847027,-22.050069],[-64.847087,-22.050053],[-64.847171,-22.050052],[-64.847257,-22.050069],[-64.847372,-22.050103],[-64.847502,-22.050162],[-64.847568,-22.050201],[-64.84763,-22.050252],[-64.847726,-22.050378],[-64.847984,-22.050721],[-64.848178,-22.050959],[-64.848293,-22.051097],[-64.848346,-22.051167],[-64.848412,-22.051292],[-64.848467,-22.051384],[-64.848524,-22.05146],[-64.84863,-22.051575],[-64.848737,-22.051691],[-64.848852,-22.051832],[-64.848891,-22.051889],[-64.848962,-22.052047],[-64.848994,-22.052104],[-64.849035,-22.052158],[-64.849115,-22.05223],[-64.849148,-22.052268],[-64.849173,-22.052315],[-64.849184,-22.052358],[-64.849175,-22.052398],[-64.849156,-22.052425],[-64.849123,-22.052447],[-64.849073,-22.052452],[-64.849024,-22.052442],[-64.848956,-22.052408],[-64.848777,-22.052251],[-64.848721,-22.052193],[-64.848664,-22.052104],[-64.84862,-22.052041],[-64.848591,-22.052007],[-64.848552,-22.051977],[-64.8485,-22.051949],[-64.848214,-22.051878],[-64.848149,-22.051869],[-64.84807,-22.051875],[-64.848001,-22.051898],[-64.847955,-22.051934],[-64.847925,-22.051983],[-64.847916,-22.052025],[-64.847917,-22.052075],[-64.847915,-22.052122],[-64.847899,-22.052166],[-64.84787,-22.052197],[-64.847789,-22.052251],[-64.847736,-22.052294],[-64.847704,-22.052334],[-64.847596,-22.052539],[-64.847488,-22.052707],[-64.847467,-22.052753],[-64.847459,-22.052813],[-64.847463,-22.052883],[-64.847486,-22.05297],[-64.847518,-22.053038],[-64.847547,-22.053069],[-64.847593,-22.053098],[-64.847646,-22.053107],[-64.847756,-22.053109],[-64.847855,-22.053115],[-64.847996,-22.05314],[-64.84809,-22.053161],[-64.848263,-22.053209],[-64.848345,-22.053244],[-64.848398,-22.053285],[-64.848444,-22.053326],[-64.84848,-22.053387],[-64.848565,-22.053571],[-64.848605,-22.053626],[-64.848649,-22.05366],[-64.848699,-22.053677],[-64.848913,-22.053684],[-64.849002,-22.053696],[-64.849077,-22.05372],[-64.849152,-22.053759],[-64.849333,-22.053922],[-64.849426,-22.054037],[-64.849523,-22.054191],[-64.849612,-22.054283],[-64.849732,-22.054375],[-64.849902,-22.054473],[-64.850194,-22.054596],[-64.850473,-22.054753],[-64.850754,-22.054944],[-64.850859,-22.055023],[-64.850976,-22.055145],[-64.851055,-22.055267],[-64.851107,-22.05541],[-64.851138,-22.055652],[-64.851168,-22.055894],[-64.851192,-22.055954],[-64.851236,-22.056007],[-64.851325,-22.056067],[-64.851655,-22.056198],[-64.851803,-22.056248],[-64.851893,-22.056292],[-64.852082,-22.056407],[-64.852211,-22.05645],[-64.852362,-22.05648],[-64.852693,-22.056509],[-64.85285,-22.056536],[-64.852921,-22.056554],[-64.852977,-22.056587],[-64.85303,-22.056649],[-64.853116,-22.056838],[-64.853151,-22.056922],[-64.853227,-22.057042],[-64.853268,-22.057103],[-64.853283,-22.057168],[-64.853285,-22.057229],[-64.853196,-22.057557],[-64.853169,-22.057699],[-64.853163,-22.057798],[-64.853173,-22.057883],[-64.853182,-22.057949],[-64.853182,-22.058027],[-64.853154,-22.058228],[-64.853156,-22.058296],[-64.853181,-22.058367],[-64.853279,-22.058467],[-64.853329,-22.058512],[-64.853343,-22.05855],[-64.853341,-22.058606],[-64.853317,-22.058657],[-64.85327,-22.058703],[-64.853151,-22.058786],[-64.853056,-22.058881],[-64.853003,-22.058954],[-64.852955,-22.059036],[-64.852938,-22.059109],[-64.85293,-22.05929],[-64.852918,-22.059348],[-64.852884,-22.059409],[-64.852775,-22.059505],[-64.852725,-22.059543],[-64.852582,-22.059613],[-64.852505,-22.059671],[-64.852448,-22.059729],[-64.852427,-22.059784],[-64.85242,-22.059844],[-64.852433,-22.059923],[-64.852483,-22.059993],[-64.85257,-22.060071],[-64.85271,-22.060157],[-64.852796,-22.060185],[-64.85294,-22.06019],[-64.853277,-22.06017],[-64.853354,-22.060169],[-64.853431,-22.060175],[-64.853533,-22.060202],[-64.853599,-22.060212],[-64.853697,-22.060213],[-64.853929,-22.06019],[-64.854281,-22.060157],[-64.854335,-22.06016],[-64.854379,-22.060182],[-64.854403,-22.060218],[-64.854446,-22.060373],[-64.854473,-22.060478],[-64.854492,-22.060544],[-64.85454,-22.06063],[-64.854608,-22.06068],[-64.854687,-22.060722],[-64.854781,-22.060738],[-64.854896,-22.060734],[-64.854959,-22.06074],[-64.855004,-22.06076],[-64.855041,-22.0608],[-64.85506,-22.060863],[-64.855062,-22.061152],[-64.855028,-22.061398],[-64.855019,-22.061452],[-64.854998,-22.061509],[-64.854926,-22.06163],[-64.854898,-22.061675],[-64.854876,-22.061736],[-64.854867,-22.061803],[-64.854865,-22.061857],[-64.854852,-22.061918],[-64.854787,-22.062052],[-64.854744,-22.062126],[-64.854695,-22.062186],[-64.854622,-22.062236],[-64.854573,-22.062271],[-64.854528,-22.062319],[-64.854493,-22.062393],[-64.854469,-22.062462],[-64.854427,-22.062535],[-64.854388,-22.062611],[-64.854377,-22.062657],[-64.85438,-22.062703],[-64.8544,-22.062735]],"type":"LineString"}},{"type":"Feature","properties":{"name":"Ruta 34 — Pampeana","nameEs":"Ruta 34 (Panamericana)","description":"Центральный участок Panamericana через Pampeana","routeKey":"panamericana_rn34","ref":"RN 34","route":"panamericana","source":"OSRM / OpenStreetMap road graph"},"geometry":{"coordinates":[[-60.000039,-33.50001],[-60.000081,-33.4999],[-60.000189,-33.499695],[-60.000337,-33.499514],[-60.000561,-33.499265],[-60.001422,-33.498555],[-60.001944,-33.498114],[-60.005989,-33.49465],[-60.006386,-33.49499],[-60.007165,-33.495639],[-60.007747,-33.496117],[-60.007888,-33.496208],[-60.008004,-33.49625],[-60.008067,-33.496245],[-60.008125,-33.496226],[-60.00819,-33.496201],[-60.008923,-33.495575],[-60.009695,-33.494929],[-60.010526,-33.494237],[-60.011309,-33.493567],[-60.012098,-33.492903],[-60.01217,-33.492844],[-60.01223,-33.492794],[-60.013027,-33.492133],[-60.013876,-33.49141],[-60.014686,-33.492073],[-60.015373,-33.492639],[-60.015943,-33.493103],[-60.016193,-33.493307],[-60.017442,-33.494327],[-60.018386,-33.495129],[-60.019208,-33.495816],[-60.019416,-33.495991],[-60.019834,-33.49635],[-60.020167,-33.496618],[-60.020979,-33.497281],[-60.024422,-33.500187],[-60.02799,-33.503145],[-60.031639,-33.506089],[-60.033602,-33.507726],[-60.034213,-33.508243],[-60.035162,-33.509012],[-60.036175,-33.509868],[-60.037024,-33.510566],[-60.037859,-33.511259],[-60.038405,-33.511708],[-60.038634,-33.511912],[-60.038743,-33.512014],[-60.042069,-33.514732],[-60.042166,-33.514807],[-60.042531,-33.515132],[-60.042846,-33.515405],[-60.042947,-33.515508],[-60.043529,-33.516099],[-60.045015,-33.517571],[-60.04616,-33.518696],[-60.046437,-33.518944],[-60.046708,-33.519134],[-60.046947,-33.519271],[-60.047683,-33.519597],[-60.047994,-33.519745],[-60.048333,-33.519949],[-60.048625,-33.520144],[-60.048952,-33.520413],[-60.049246,-33.520685],[-60.049313,-33.52074],[-60.052902,-33.52367],[-60.05638,-33.52659],[-60.057043,-33.52717],[-60.057819,-33.527825],[-60.05825,-33.528135],[-60.058569,-33.528363],[-60.058735,-33.528467],[-60.058951,-33.528611],[-60.060177,-33.529299],[-60.062258,-33.530322],[-60.067369,-33.533012],[-60.068478,-33.533571],[-60.070706,-33.53473],[-60.073669,-33.536297],[-60.078455,-33.538807],[-60.080249,-33.539734],[-60.083012,-33.541204],[-60.083885,-33.541704],[-60.084464,-33.542063],[-60.084748,-33.542267],[-60.085285,-33.54265],[-60.08575,-33.543015],[-60.086179,-33.543367],[-60.087811,-33.544855],[-60.089283,-33.546227],[-60.0894,-33.546334],[-60.090373,-33.547241],[-60.090567,-33.547254],[-60.090802,-33.547216],[-60.092023,-33.547016],[-60.092468,-33.546891],[-60.092917,-33.546682],[-60.093505,-33.546331],[-60.094945,-33.545116],[-60.098601,-33.542162],[-60.104991,-33.537027],[-60.106405,-33.53579],[-60.10722,-33.535075],[-60.108452,-33.533861],[-60.110971,-33.531418],[-60.111664,-33.53082],[-60.116725,-33.526577],[-60.116956,-33.526383],[-60.117698,-33.525761],[-60.118739,-33.524885],[-60.121886,-33.522258],[-60.129813,-33.515642],[-60.138712,-33.508188],[-60.141286,-33.506067],[-60.143635,-33.504092],[-60.143924,-33.503827],[-60.144568,-33.503224],[-60.145366,-33.50235],[-60.145685,-33.501951],[-60.146294,-33.501129],[-60.147016,-33.500019],[-60.147633,-33.49881],[-60.148065,-33.497785],[-60.148444,-33.49662],[-60.149072,-33.494392],[-60.149291,-33.493675],[-60.150002,-33.491212],[-60.150438,-33.489727],[-60.150939,-33.488007],[-60.151352,-33.486589],[-60.151847,-33.484886],[-60.152506,-33.48261],[-60.153231,-33.480128],[-60.15362,-33.478802],[-60.154087,-33.477144],[-60.154429,-33.475851],[-60.1565,-33.466516],[-60.157436,-33.462446],[-60.157543,-33.461986],[-60.157662,-33.46147],[-60.158698,-33.457217],[-60.160439,-33.450496],[-60.160641,-33.449856],[-60.160879,-33.449232],[-60.161123,-33.448659],[-60.161334,-33.448226],[-60.161674,-33.447658],[-60.161974,-33.447222],[-60.162343,-33.446709],[-60.162698,-33.446244],[-60.164536,-33.443845],[-60.168606,-33.438574],[-60.174297,-33.431683],[-60.174621,-33.431242],[-60.174883,-33.430869],[-60.175166,-33.430432],[-60.176282,-33.428134],[-60.177818,-33.424355],[-60.17842,-33.422884],[-60.180139,-33.418701],[-60.18048,-33.418005],[-60.180938,-33.417266],[-60.181512,-33.41647],[-60.182185,-33.415699],[-60.182708,-33.415174],[-60.18343,-33.414544],[-60.184618,-33.413679],[-60.187365,-33.411824],[-60.189751,-33.410184],[-60.189793,-33.410156],[-60.190306,-33.409816],[-60.19206,-33.408622],[-60.192231,-33.408507],[-60.193781,-33.407456],[-60.19516,-33.406502],[-60.195754,-33.406093],[-60.197805,-33.404652],[-60.220483,-33.389155],[-60.220943,-33.388846],[-60.221818,-33.38827],[-60.224193,-33.386643],[-60.226183,-33.385155],[-60.2277,-33.384081],[-60.230357,-33.382281],[-60.231264,-33.381654],[-60.232595,-33.380747],[-60.233133,-33.380354],[-60.233747,-33.379959],[-60.233818,-33.379914],[-60.234355,-33.379538],[-60.236055,-33.378371],[-60.237722,-33.377082],[-60.242554,-33.373465],[-60.246512,-33.37047],[-60.246534,-33.370454],[-60.251836,-33.366474],[-60.252438,-33.366022],[-60.255581,-33.363655],[-60.256306,-33.363124],[-60.258143,-33.361742],[-60.267496,-33.354727],[-60.272074,-33.351243],[-60.274449,-33.349458],[-60.277789,-33.346979],[-60.28567,-33.340985],[-60.286435,-33.340499],[-60.287258,-33.340001],[-60.294899,-33.335617],[-60.296562,-33.334662],[-60.29659,-33.334646],[-60.296686,-33.33459],[-60.297326,-33.334216],[-60.301003,-33.332076],[-60.302877,-33.330879],[-60.304393,-33.329906],[-60.306784,-33.328295],[-60.308605,-33.327132],[-60.308698,-33.327064],[-60.310592,-33.325828],[-60.315783,-33.322409],[-60.323117,-33.31693],[-60.323963,-33.3163],[-60.324837,-33.315654],[-60.338697,-33.305331],[-60.340216,-33.304401],[-60.342454,-33.303292],[-60.352609,-33.299226],[-60.359539,-33.296473],[-60.371984,-33.291499],[-60.373305,-33.290873],[-60.374708,-33.290089],[-60.376606,-33.288794],[-60.378469,-33.287393],[-60.382185,-33.284621],[-60.387324,-33.280791],[-60.387495,-33.280667],[-60.39198,-33.277325],[-60.396614,-33.273873],[-60.39714,-33.273489],[-60.407916,-33.265439],[-60.41905,-33.257104],[-60.420305,-33.256195],[-60.422669,-33.254428],[-60.439701,-33.241695],[-60.440863,-33.240827],[-60.447225,-33.236106],[-60.455396,-33.230583],[-60.458645,-33.228319],[-60.4608,-33.226818],[-60.473274,-33.218348],[-60.483971,-33.210883],[-60.485229,-33.209952],[-60.486483,-33.208867],[-60.487076,-33.208291],[-60.48721,-33.208161],[-60.492443,-33.20308],[-60.492463,-33.20306],[-60.493916,-33.201629],[-60.495331,-33.200235],[-60.508205,-33.187702],[-60.516165,-33.18002],[-60.518654,-33.177853],[-60.52884,-33.169312],[-60.532197,-33.166612],[-60.542105,-33.158373],[-60.544859,-33.156082],[-60.545403,-33.155633],[-60.556401,-33.146549],[-60.562367,-33.141621],[-60.568902,-33.136183],[-60.574306,-33.131732],[-60.575631,-33.130634],[-60.576362,-33.129999],[-60.576963,-33.129537],[-60.577572,-33.129068],[-60.577705,-33.128936],[-60.577945,-33.128741],[-60.57816,-33.128556],[-60.578303,-33.128474],[-60.57843,-33.12836],[-60.578673,-33.12814],[-60.579335,-33.127545],[-60.57986,-33.127114],[-60.587146,-33.121123],[-60.591137,-33.117803],[-60.592764,-33.116469],[-60.603862,-33.107243],[-60.608628,-33.103281],[-60.612436,-33.100136],[-60.612831,-33.09981],[-60.617134,-33.096242],[-60.617733,-33.095757],[-60.619498,-33.094269],[-60.6256,-33.089242],[-60.629937,-33.085676],[-60.633799,-33.082458],[-60.635168,-33.081317],[-60.636628,-33.079968],[-60.637935,-33.078448],[-60.638852,-33.077202],[-60.640619,-33.074891],[-60.642583,-33.072321],[-60.647507,-33.065833],[-60.648421,-33.06462],[-60.648818,-33.064083],[-60.649071,-33.063742],[-60.649373,-33.063355],[-60.65108,-33.061167],[-60.656887,-33.053495],[-60.658547,-33.051319],[-60.658906,-33.050878],[-60.660287,-33.049051],[-60.660758,-33.048397],[-60.661009,-33.048034],[-60.661726,-33.046787],[-60.66197,-33.046249],[-60.662131,-33.045879],[-60.662293,-33.045475],[-60.662436,-33.045081],[-60.66255,-33.044678],[-60.662674,-33.044171],[-60.662754,-33.043779],[-60.662835,-33.043294],[-60.662898,-33.042789],[-60.662953,-33.04205],[-60.663006,-33.040921],[-60.66305,-33.039878],[-60.663154,-33.036982],[-60.66325,-33.03425],[-60.663354,-33.031962],[-60.663547,-33.028554],[-60.663618,-33.027285],[-60.663663,-33.025995],[-60.663961,-33.018288],[-60.663878,-33.017852],[-60.663787,-33.017462],[-60.663698,-33.017085],[-60.663591,-33.016819],[-60.663473,-33.016583],[-60.663383,-33.016436],[-60.663231,-33.016178],[-60.663125,-33.015993],[-60.663018,-33.015799],[-60.662935,-33.015622],[-60.662891,-33.015425],[-60.662889,-33.015211],[-60.662931,-33.014978],[-60.663021,-33.014772],[-60.663178,-33.014556],[-60.663285,-33.014462],[-60.663422,-33.014365],[-60.66354,-33.014284],[-60.663681,-33.014209],[-60.66382,-33.014143],[-60.663984,-33.014076],[-60.664308,-33.013959],[-60.664819,-33.01382],[-60.665594,-33.013681],[-60.666355,-33.013523],[-60.666965,-33.013366],[-60.667439,-33.013211],[-60.667856,-33.01306],[-60.668129,-33.012944],[-60.668436,-33.01282],[-60.668782,-33.012618],[-60.669063,-33.012444],[-60.66983,-33.012019],[-60.670582,-33.011604],[-60.673302,-33.01003],[-60.67418,-33.009513],[-60.677608,-33.007475],[-60.680087,-33.006063],[-60.680745,-33.00568],[-60.685518,-33.002956],[-60.686588,-33.002311],[-60.688996,-33.000898],[-60.689833,-33.00042],[-60.691647,-32.999403],[-60.693343,-32.998397],[-60.693595,-32.998247],[-60.694624,-32.997587],[-60.695874,-32.996755],[-60.696988,-32.995993],[-60.697359,-32.995711],[-60.69885,-32.994545],[-60.700738,-32.993093],[-60.701745,-32.992118],[-60.703069,-32.990834],[-60.704592,-32.98924],[-60.705305,-32.988476],[-60.706072,-32.987563],[-60.707279,-32.986082],[-60.708169,-32.984913],[-60.708834,-32.983864],[-60.709134,-32.983385],[-60.709569,-32.982726],[-60.711236,-32.979982],[-60.713319,-32.976551],[-60.714501,-32.974604],[-60.714616,-32.974415],[-60.714904,-32.97394],[-60.716319,-32.971585],[-60.716685,-32.970999],[-60.717046,-32.970364],[-60.717156,-32.970146],[-60.717788,-32.968897],[-60.718521,-32.967303],[-60.718938,-32.96627],[-60.719135,-32.965786],[-60.719911,-32.96353],[-60.720122,-32.962851],[-60.720364,-32.961757],[-60.720781,-32.959994],[-60.72095,-32.959242],[-60.721196,-32.958041],[-60.721398,-32.956997],[-60.721457,-32.95645],[-60.721538,-32.95584],[-60.721629,-32.954852],[-60.721676,-32.954237],[-60.721694,-32.953878],[-60.72173,-32.953063],[-60.72174,-32.952839],[-60.721767,-32.952255],[-60.721764,-32.952064],[-60.721756,-32.951609],[-60.721779,-32.951226],[-60.721906,-32.949188],[-60.721928,-32.948533],[-60.72206,-32.946032],[-60.722189,-32.944864],[-60.722212,-32.94444],[-60.722274,-32.94325],[-60.722408,-32.940723],[-60.722429,-32.940299],[-60.722574,-32.936876],[-60.722663,-32.935206],[-60.722772,-32.93419],[-60.723048,-32.931424],[-60.723116,-32.930821],[-60.723345,-32.928079],[-60.723361,-32.92762],[-60.723501,-32.924108],[-60.723516,-32.923643],[-60.723612,-32.92083],[-60.723618,-32.920332],[-60.723759,-32.917673],[-60.723794,-32.916501],[-60.723842,-32.915348],[-60.723859,-32.91503],[-60.723914,-32.913396],[-60.723967,-32.911944],[-60.723987,-32.911221],[-60.72404,-32.909732],[-60.724053,-32.908929],[-60.724039,-32.908531],[-60.72405,-32.908077],[-60.724032,-32.907247],[-60.723975,-32.906364],[-60.72389,-32.905517],[-60.723826,-32.904982],[-60.723629,-32.903668],[-60.723478,-32.902825],[-60.723422,-32.902526],[-60.723352,-32.902174],[-60.723219,-32.901514],[-60.723008,-32.900472],[-60.722798,-32.899486],[-60.722587,-32.898499],[-60.722514,-32.898196],[-60.722313,-32.897583],[-60.722061,-32.896973],[-60.721861,-32.896582],[-60.721649,-32.896147],[-60.721115,-32.895251],[-60.720919,-32.894971],[-60.720745,-32.894736],[-60.720507,-32.894435],[-60.719954,-32.893769],[-60.719494,-32.893221],[-60.718912,-32.892531],[-60.718449,-32.891993],[-60.717482,-32.890858],[-60.716611,-32.889861],[-60.716241,-32.889443],[-60.714883,-32.887864],[-60.714294,-32.887123],[-60.713607,-32.886301],[-60.713498,-32.886177],[-60.713198,-32.885832],[-60.712688,-32.885407],[-60.712319,-32.885183],[-60.712071,-32.88511],[-60.71177,-32.88509],[-60.711349,-32.885105],[-60.711015,-32.885072],[-60.710684,-32.88503],[-60.710556,-32.884998],[-60.71046,-32.884972],[-60.711108,-32.883605],[-60.711196,-32.883403],[-60.711472,-32.882815],[-60.711947,-32.881875],[-60.712206,-32.881337],[-60.712422,-32.880893],[-60.712877,-32.879919],[-60.713414,-32.878769],[-60.71378,-32.878106],[-60.714446,-32.877022],[-60.714688,-32.876645],[-60.71506,-32.876148],[-60.715486,-32.875579],[-60.716199,-32.874744],[-60.7167,-32.874225],[-60.717652,-32.873337],[-60.718551,-32.872589],[-60.719515,-32.87184],[-60.722184,-32.869873],[-60.722519,-32.869623],[-60.722858,-32.869369],[-60.723309,-32.869032],[-60.726329,-32.866837],[-60.727649,-32.865798],[-60.728922,-32.864705],[-60.730201,-32.863482],[-60.730425,-32.863237],[-60.731504,-32.862059],[-60.7326,-32.860704],[-60.733291,-32.859761],[-60.733902,-32.858819],[-60.73498,-32.856882],[-60.736046,-32.854577],[-60.736542,-32.853252],[-60.736729,-32.852719],[-60.737324,-32.851005],[-60.737408,-32.850765],[-60.737513,-32.850444],[-60.737687,-32.849957],[-60.738141,-32.848444],[-60.738331,-32.847748],[-60.738522,-32.846971],[-60.738812,-32.845645],[-60.738977,-32.844736],[-60.739065,-32.844187],[-60.739192,-32.843224],[-60.739333,-32.84189],[-60.73959,-32.83981],[-60.739953,-32.837883],[-60.740052,-32.837355],[-60.740174,-32.836754],[-60.740277,-32.836202],[-60.740419,-32.835168],[-60.740562,-32.833886],[-60.740662,-32.832601],[-60.740737,-32.830566],[-60.740819,-32.828342],[-60.741001,-32.823413],[-60.741015,-32.823232],[-60.74112,-32.82112],[-60.741129,-32.820751],[-60.7412,-32.818796],[-60.741312,-32.81702],[-60.741661,-32.811515],[-60.742668,-32.798514],[-60.742763,-32.797392],[-60.74289,-32.795997],[-60.743209,-32.79336],[-60.743579,-32.790957],[-60.743872,-32.789377],[-60.74457,-32.78591],[-60.745109,-32.783848],[-60.745569,-32.782174],[-60.746032,-32.78072],[-60.746961,-32.777992],[-60.748201,-32.774533],[-60.749521,-32.771051],[-60.749783,-32.770425],[-60.749848,-32.770267],[-60.751296,-32.76674],[-60.75169,-32.765799],[-60.754475,-32.759038],[-60.755313,-32.75703],[-60.755629,-32.756294],[-60.757564,-32.75221],[-60.758261,-32.75074],[-60.758284,-32.750692],[-60.759858,-32.747397],[-60.760038,-32.747022],[-60.760446,-32.746172],[-60.76087,-32.745142],[-60.761067,-32.744638],[-60.76145,-32.743591],[-60.761824,-32.742436],[-60.762142,-32.741333],[-60.762387,-32.740409],[-60.762609,-32.739466],[-60.762771,-32.738677],[-60.762964,-32.737585],[-60.763056,-32.736886],[-60.763124,-32.736422],[-60.763211,-32.735809],[-60.763759,-32.732092],[-60.763989,-32.730814],[-60.764142,-32.730147],[-60.76428,-32.729627],[-60.764496,-32.728944],[-60.764703,-32.728358],[-60.764954,-32.727748],[-60.765225,-32.727166],[-60.765527,-32.726568],[-60.766094,-32.725547],[-60.766454,-32.724977],[-60.76684,-32.72445],[-60.772233,-32.716983],[-60.772591,-32.716487],[-60.777704,-32.709427],[-60.78017,-32.706145],[-60.78117,-32.70479],[-60.781814,-32.703969],[-60.783088,-32.702343],[-60.783392,-32.701956],[-60.784823,-32.700174],[-60.78548,-32.69936],[-60.785685,-32.699114],[-60.786119,-32.698581],[-60.786966,-32.697535],[-60.787609,-32.696743],[-60.788038,-32.696251],[-60.79347,-32.689642],[-60.796859,-32.685668],[-60.807958,-32.673944],[-60.80918,-32.672653],[-60.809954,-32.671803],[-60.810768,-32.670864],[-60.811351,-32.670166],[-60.811941,-32.669389],[-60.812877,-32.668113],[-60.81351,-32.667215],[-60.814229,-32.666202],[-60.815055,-32.664948],[-60.815919,-32.663717],[-60.816906,-32.66227],[-60.817739,-32.661064],[-60.818306,-32.660174],[-60.81888,-32.659216],[-60.819902,-32.657355],[-60.821191,-32.654509],[-60.821829,-32.653096],[-60.822695,-32.651348],[-60.823196,-32.65041],[-60.823955,-32.648885],[-60.824473,-32.647631],[-60.825049,-32.646013],[-60.825472,-32.644668],[-60.825832,-32.643409],[-60.826434,-32.641319],[-60.826661,-32.640542],[-60.826867,-32.639846],[-60.826889,-32.639774],[-60.827097,-32.639066],[-60.827699,-32.637025],[-60.827829,-32.636626],[-60.827966,-32.636129],[-60.828392,-32.634527],[-60.828491,-32.634203],[-60.829333,-32.631305],[-60.829486,-32.630756],[-60.829988,-32.628926],[-60.830292,-32.627868],[-60.830709,-32.626458],[-60.830982,-32.625677],[-60.831392,-32.624717],[-60.831819,-32.623847],[-60.832418,-32.622783],[-60.832958,-32.621944],[-60.833703,-32.620923],[-60.835058,-32.619332],[-60.837964,-32.616097],[-60.840099,-32.613728],[-60.841913,-32.611866],[-60.84411,-32.60991],[-60.848428,-32.606134],[-60.852192,-32.602842],[-60.852635,-32.60245],[-60.852867,-32.602247],[-60.856545,-32.59889],[-60.860302,-32.595439],[-60.862173,-32.593709],[-60.865829,-32.59033],[-60.867247,-32.589031],[-60.868163,-32.588168],[-60.86904,-32.58727],[-60.870118,-32.586148],[-60.870729,-32.585456],[-60.871778,-32.584185],[-60.871888,-32.584052],[-60.87323,-32.58227],[-60.874773,-32.580039],[-60.875319,-32.579184],[-60.875727,-32.578466],[-60.87681,-32.57654],[-60.877626,-32.57517],[-60.878447,-32.573683],[-60.879235,-32.572221],[-60.879944,-32.570778],[-60.880582,-32.569352],[-60.881187,-32.567771],[-60.881553,-32.56673],[-60.881972,-32.565292],[-60.882186,-32.564524],[-60.882395,-32.563651],[-60.88271,-32.562096],[-60.883034,-32.560145],[-60.883354,-32.557572],[-60.883455,-32.556733],[-60.883836,-32.553506],[-60.8843,-32.549455],[-60.885346,-32.540603],[-60.885575,-32.538853],[-60.885927,-32.53657],[-60.88621,-32.53481],[-60.886338,-32.53411],[-60.886504,-32.533258],[-60.886786,-32.531783],[-60.88715,-32.52996],[-60.887472,-32.528597],[-60.887794,-32.527272],[-60.888162,-32.525818],[-60.888519,-32.524415],[-60.890575,-32.517665],[-60.890945,-32.516573],[-60.892325,-32.512821],[-60.892473,-32.512388],[-60.893129,-32.51067],[-60.893683,-32.509175],[-60.894281,-32.507634],[-60.89484,-32.50625],[-60.896144,-32.503385],[-60.896254,-32.503143],[-60.89661,-32.50236],[-60.89786,-32.49996],[-60.90035,-32.4953],[-60.906555,-32.48379],[-60.908895,-32.479309],[-60.9099,-32.47717],[-60.91165,-32.473229],[-60.912759,-32.470324],[-60.914296,-32.466403],[-60.914917,-32.464929],[-60.91805,-32.45674],[-60.91983,-32.45203],[-60.921306,-32.447154],[-60.92262,-32.44232],[-60.92565,-32.43102],[-60.927427,-32.425184],[-60.92818,-32.42297],[-60.928941,-32.420876],[-60.929027,-32.42064],[-60.93041,-32.41709],[-60.932461,-32.412345],[-60.934603,-32.407805],[-60.935103,-32.406578],[-60.935559,-32.405459],[-60.935919,-32.404418],[-60.936912,-32.401573],[-60.937473,-32.400259],[-60.939306,-32.396437],[-60.94011,-32.39473],[-60.940807,-32.39296],[-60.9412,-32.3919],[-60.94399,-32.3842],[-60.94661,-32.37718],[-60.94867,-32.37265],[-60.95056,-32.36894],[-60.952159,-32.366215],[-60.953591,-32.363775],[-60.954957,-32.361383],[-60.955767,-32.36],[-60.956987,-32.357738],[-60.957445,-32.356914],[-60.958194,-32.355404],[-60.958823,-32.354072],[-60.96022,-32.35068],[-60.960783,-32.349181],[-60.96159,-32.34677],[-60.96822,-32.32422],[-60.970369,-32.316335],[-60.970436,-32.316076],[-60.971894,-32.310678],[-60.972278,-32.309252],[-60.972722,-32.307699],[-60.973847,-32.304224],[-60.974869,-32.301487],[-60.975286,-32.300424],[-60.97622,-32.29819],[-60.98331,-32.28167],[-60.98472,-32.27813],[-60.986747,-32.27321],[-60.987213,-32.272007],[-60.987554,-32.271109],[-60.988967,-32.26748],[-60.990346,-32.263903],[-60.991255,-32.261563],[-60.99251,-32.2577],[-60.992924,-32.256346],[-60.993259,-32.254933],[-60.993763,-32.252657],[-60.99416,-32.25032],[-60.994425,-32.248221],[-60.994607,-32.246136],[-60.995478,-32.235083],[-60.995686,-32.232611],[-60.995763,-32.22974],[-60.995771,-32.228369],[-60.99571,-32.22372],[-60.99418,-32.20603],[-60.99399,-32.20106],[-60.99393,-32.19878],[-60.99412,-32.19515],[-60.99427,-32.19264],[-60.99483,-32.18693],[-60.99551,-32.18056],[-60.99594,-32.17408],[-60.99603,-32.17044],[-60.99588,-32.15454],[-60.995679,-32.147839],[-60.99551,-32.144458],[-60.995318,-32.142],[-60.99457,-32.13477],[-60.993343,-32.122183],[-60.993262,-32.120668],[-60.993213,-32.118946],[-60.9933,-32.11673],[-60.99345,-32.1154],[-60.99369,-32.11353],[-60.99624,-32.10091],[-60.99667,-32.09806],[-60.9967,-32.09443],[-60.996387,-32.092134],[-60.995981,-32.090081],[-60.993477,-32.079842],[-60.991945,-32.073455],[-60.991218,-32.070532],[-60.990612,-32.068082],[-60.990005,-32.065502],[-60.989491,-32.063281],[-60.989011,-32.060964],[-60.988644,-32.05775],[-60.988619,-32.055917],[-60.988619,-32.053098],[-60.988745,-32.051629],[-60.989547,-32.04495],[-60.990236,-32.039274],[-60.990416,-32.037573],[-60.990514,-32.035863],[-60.990513,-32.034248],[-60.990528,-32.033712],[-60.990488,-32.032577],[-60.990453,-32.03113],[-60.990438,-32.029923],[-60.990499,-32.02823],[-60.990594,-32.026514],[-60.990633,-32.025603],[-60.990675,-32.024755],[-60.990663,-32.022907],[-60.99032,-32.018322],[-60.990263,-32.017724],[-60.989155,-32.006211],[-60.988969,-32.004112],[-60.98854,-32.002118],[-60.987922,-31.999987],[-60.987356,-31.998676],[-60.986818,-31.997523],[-60.98614,-31.996103],[-60.985133,-31.994546],[-60.984432,-31.993537],[-60.983739,-31.992623],[-60.983191,-31.99194],[-60.981881,-31.990516],[-60.980237,-31.988887],[-60.968637,-31.978065],[-60.965926,-31.975507],[-60.964223,-31.97386],[-60.959973,-31.969323],[-60.953004,-31.961807],[-60.95193,-31.960812],[-60.951728,-31.960646],[-60.951514,-31.960527],[-60.951346,-31.960456],[-60.951186,-31.960423],[-60.951,-31.9604],[-60.95085,-31.960401],[-60.950705,-31.960419],[-60.950579,-31.960461],[-60.950455,-31.960517],[-60.949489,-31.961078],[-60.949359,-31.961166],[-60.949258,-31.961258],[-60.949177,-31.961347],[-60.949094,-31.961452],[-60.949044,-31.961541],[-60.949001,-31.961652],[-60.94898,-31.96176],[-60.94898,-31.961877],[-60.948995,-31.96201],[-60.94905,-31.962271],[-60.949346,-31.963416],[-60.949478,-31.963986],[-60.948017,-31.964246],[-60.944184,-31.964929],[-60.944064,-31.966204],[-60.944049,-31.96653],[-60.944041,-31.967036],[-60.944041,-31.967774],[-60.944096,-31.968015],[-60.944158,-31.968217],[-60.944274,-31.968388],[-60.944702,-31.9689],[-60.944974,-31.969258],[-60.945705,-31.969975],[-60.945783,-31.970059],[-60.945828,-31.970136],[-60.945855,-31.970235],[-60.945929,-31.970719],[-60.946211,-31.973024],[-60.954324,-31.97149],[-60.959645,-31.970428],[-60.959759,-31.970411],[-60.95989,-31.970424],[-60.959983,-31.970471],[-60.960517,-31.971002],[-60.964448,-31.975082],[-60.967432,-31.977957],[-60.971345,-31.981603],[-60.971863,-31.982121],[-60.971918,-31.982294],[-60.971944,-31.982539],[-60.971956,-31.98267],[-60.972004,-31.983226],[-60.972116,-31.984579],[-60.972172,-31.984468],[-60.972259,-31.98437],[-60.972543,-31.984135],[-60.97311,-31.98366],[-60.973752,-31.983142],[-60.974455,-31.982599],[-60.974599,-31.982489],[-60.975177,-31.982096],[-60.975423,-31.981928],[-60.975642,-31.981842],[-60.976188,-31.981708],[-60.976215,-31.981806],[-60.976204,-31.981891],[-60.976154,-31.981971],[-60.976074,-31.982049],[-60.975219,-31.982649],[-60.975176,-31.982689],[-60.975135,-31.982738],[-60.975118,-31.982803],[-60.97513,-31.982843],[-60.975162,-31.982896],[-60.975308,-31.98303],[-60.975489,-31.983173],[-60.980457,-31.987776],[-60.981972,-31.989192],[-60.983454,-31.990716],[-60.983984,-31.991404],[-60.985165,-31.99286],[-60.985974,-31.994003],[-60.986483,-31.9948],[-60.987336,-31.996344],[-60.988272,-31.998366],[-60.988334,-31.998444],[-60.988393,-31.998479],[-60.988491,-31.998486],[-60.999242,-31.996706],[-60.999338,-31.99669],[-61.03139,-31.991493],[-61.029583,-31.983142],[-61.027517,-31.983483],[-61.024471,-31.9724],[-61.02442,-31.972017],[-61.021608,-31.961749],[-61.021291,-31.960562],[-61.0265,-31.959458],[-61.026617,-31.959434],[-61.029002,-31.95893],[-61.026976,-31.951559],[-61.023922,-31.940376],[-61.023895,-31.940283],[-61.023814,-31.939971],[-60.974436,-31.957534],[-60.97387,-31.957733],[-60.964986,-31.960948],[-60.964215,-31.961171],[-60.963389,-31.961376],[-60.959051,-31.962199],[-60.95795,-31.962408],[-60.957607,-31.962469],[-60.954644,-31.962992],[-60.953902,-31.963131],[-60.95033,-31.963824],[-60.949478,-31.963986],[-60.949346,-31.963416],[-60.94905,-31.962271],[-60.948995,-31.96201],[-60.94898,-31.961877],[-60.94898,-31.96176],[-60.949001,-31.961652],[-60.949044,-31.961541],[-60.949094,-31.961452],[-60.949177,-31.961347],[-60.949258,-31.961258],[-60.949359,-31.961166],[-60.949489,-31.961078],[-60.950078,-31.960582],[-60.950292,-31.960396],[-60.950356,-31.960339],[-60.950397,-31.960295],[-60.950442,-31.96024],[-60.950484,-31.960174],[-60.950527,-31.960104],[-60.950567,-31.960019],[-60.950593,-31.959935],[-60.950608,-31.959861],[-60.950613,-31.959791],[-60.95061,-31.959695],[-60.950599,-31.959597],[-60.950585,-31.959533],[-60.950565,-31.95947],[-60.950526,-31.959386],[-60.950485,-31.959316],[-60.950414,-31.95921],[-60.950342,-31.959115],[-60.949906,-31.958606],[-60.949232,-31.957793],[-60.943009,-31.951047],[-60.937992,-31.945636],[-60.935545,-31.942896],[-60.933148,-31.940128],[-60.931563,-31.938115],[-60.929992,-31.936096],[-60.928423,-31.933993],[-60.926887,-31.93186],[-60.924918,-31.928975],[-60.922949,-31.926012],[-60.920102,-31.921649],[-60.91715,-31.917201],[-60.91499,-31.913892],[-60.913405,-31.91137],[-60.912259,-31.909462],[-60.911467,-31.908069],[-60.910054,-31.905529],[-60.909269,-31.904062],[-60.907523,-31.900589],[-60.90614,-31.897677],[-60.905616,-31.896551],[-60.903172,-31.891369],[-60.901797,-31.888152],[-60.900498,-31.88492],[-60.898674,-31.879762],[-60.897303,-31.875285],[-60.897005,-31.874187],[-60.896756,-31.873367],[-60.895146,-31.867816],[-60.894634,-31.866073],[-60.893928,-31.863957],[-60.893338,-31.862405],[-60.892687,-31.860695],[-60.891976,-31.858924],[-60.890924,-31.856355],[-60.887761,-31.8488],[-60.88605,-31.844612],[-60.885233,-31.842497],[-60.88453,-31.840382],[-60.884041,-31.838824],[-60.883653,-31.837252],[-60.88313,-31.835099],[-60.882644,-31.832379],[-60.882245,-31.829667],[-60.880642,-31.818817],[-60.880557,-31.818228],[-60.880259,-31.81641],[-60.880065,-31.815294],[-60.879808,-31.813914],[-60.879405,-31.81233],[-60.878856,-31.810674],[-60.878168,-31.809007],[-60.877435,-31.807577],[-60.876651,-31.80622],[-60.875547,-31.804558],[-60.874268,-31.802914],[-60.867646,-31.795505],[-60.867392,-31.79521],[-60.856923,-31.783498],[-60.853782,-31.77983],[-60.852677,-31.778505],[-60.850448,-31.775688],[-60.84953,-31.774473],[-60.847889,-31.772217],[-60.842887,-31.765071],[-60.838348,-31.758471],[-60.833879,-31.751906],[-60.832953,-31.750393],[-60.832025,-31.748605],[-60.83123,-31.746664],[-60.830594,-31.744563],[-60.830188,-31.742931],[-60.830055,-31.742156],[-60.829953,-31.741316],[-60.829854,-31.740136],[-60.829845,-31.739742],[-60.82981,-31.738045],[-60.829948,-31.735564],[-60.830327,-31.730437],[-60.830434,-31.727091],[-60.830302,-31.724387],[-60.8301,-31.722514],[-60.829788,-31.720627],[-60.829119,-31.717902],[-60.828661,-31.716421],[-60.828329,-31.715419],[-60.826894,-31.711632],[-60.825874,-31.70896],[-60.825767,-31.70868],[-60.825673,-31.708447],[-60.824985,-31.706744],[-60.82416,-31.70466],[-60.82331,-31.702578],[-60.822594,-31.701051],[-60.821817,-31.699543],[-60.821275,-31.698533],[-60.820348,-31.697005],[-60.820107,-31.696641],[-60.819323,-31.695458],[-60.817988,-31.6936],[-60.816174,-31.691347],[-60.812518,-31.686882],[-60.811738,-31.685915],[-60.810931,-31.684949],[-60.809685,-31.683564],[-60.808952,-31.682739],[-60.808461,-31.682155],[-60.807725,-31.681254],[-60.807032,-31.680342],[-60.806687,-31.679887],[-60.806362,-31.679415],[-60.805732,-31.67848],[-60.805206,-31.677648],[-60.804695,-31.676809],[-60.804217,-31.675965],[-60.803772,-31.675112],[-60.80305,-31.673679],[-60.802901,-31.673382],[-60.802475,-31.672533],[-60.802018,-31.671694],[-60.801096,-31.670028],[-60.800686,-31.669417],[-60.800224,-31.668642],[-60.800142,-31.668525],[-60.79978,-31.668202],[-60.799492,-31.667934],[-60.799381,-31.667853],[-60.799293,-31.667806],[-60.799183,-31.667767],[-60.799085,-31.667742],[-60.798955,-31.667726],[-60.798671,-31.667726],[-60.798164,-31.667757],[-60.797939,-31.667789],[-60.797214,-31.667922],[-60.796817,-31.667979],[-60.796608,-31.66799],[-60.796425,-31.668024],[-60.796266,-31.668047],[-60.795873,-31.668104],[-60.795662,-31.668134],[-60.79551,-31.668111],[-60.795437,-31.668091],[-60.795383,-31.668066],[-60.795328,-31.668028],[-60.795281,-31.667977],[-60.795248,-31.667926],[-60.795225,-31.667869],[-60.795225,-31.667801],[-60.795246,-31.667693],[-60.795279,-31.667631],[-60.795335,-31.667572],[-60.795422,-31.66753],[-60.795626,-31.667459],[-60.795841,-31.667408],[-60.795915,-31.667394],[-60.796021,-31.667376],[-60.796199,-31.66736],[-60.79635,-31.667368],[-60.796478,-31.667386],[-60.796647,-31.667416],[-60.796806,-31.667455],[-60.796964,-31.667509],[-60.797121,-31.667555],[-60.797261,-31.667578],[-60.797302,-31.667582],[-60.797406,-31.667592],[-60.797557,-31.667606],[-60.797712,-31.667601],[-60.797937,-31.667569],[-60.799356,-31.667352],[-60.79997,-31.667245],[-60.801123,-31.667035],[-60.802878,-31.666771],[-60.804993,-31.666423],[-60.806171,-31.666229],[-60.807701,-31.665976],[-60.811407,-31.665365],[-60.812376,-31.665205],[-60.817705,-31.664327],[-60.819293,-31.664063],[-60.82011,-31.663927],[-60.820222,-31.663908],[-60.825242,-31.66307],[-60.8269,-31.662808],[-60.827616,-31.662696],[-60.831026,-31.662136],[-60.831329,-31.662071],[-60.831429,-31.662044],[-60.831676,-31.661979],[-60.831886,-31.661916],[-60.832337,-31.661738],[-60.833201,-31.661422],[-60.834558,-31.660927],[-60.836989,-31.660041],[-60.837375,-31.659917],[-60.837748,-31.659815],[-60.838205,-31.659711],[-60.838992,-31.65958],[-60.840737,-31.659288],[-60.841164,-31.659205],[-60.841464,-31.659148],[-60.841824,-31.659053],[-60.842192,-31.658943],[-60.842606,-31.658807],[-60.843312,-31.658542],[-60.843882,-31.65838],[-60.844069,-31.658323],[-60.844885,-31.658165],[-60.845268,-31.658102],[-60.845775,-31.658057],[-60.845858,-31.65805],[-60.846385,-31.658041],[-60.847226,-31.658058],[-60.847953,-31.658041],[-60.848431,-31.658007],[-60.848783,-31.657969],[-60.856703,-31.65662],[-60.858982,-31.656284],[-60.862314,-31.655792],[-60.862765,-31.655712],[-60.863582,-31.655556],[-60.864183,-31.655423],[-60.86494,-31.655242],[-60.865278,-31.65516],[-60.867251,-31.654695],[-60.868104,-31.654513],[-60.869043,-31.65437],[-60.870623,-31.654105],[-60.872169,-31.653878],[-60.873482,-31.65366],[-60.876868,-31.653096],[-60.881047,-31.652399],[-60.888551,-31.651144],[-60.888664,-31.651127],[-60.88996,-31.650915],[-60.890987,-31.650763],[-60.895707,-31.650022],[-60.899176,-31.649517],[-60.903336,-31.648854],[-60.907226,-31.648202],[-60.908788,-31.64792],[-60.912339,-31.647119],[-60.916136,-31.646271],[-60.918028,-31.645907],[-60.92329,-31.644975],[-60.934974,-31.642963],[-60.93893,-31.642314],[-60.939319,-31.64225],[-60.939848,-31.642162],[-60.940305,-31.642082],[-60.942619,-31.64167],[-60.942862,-31.641629],[-60.950299,-31.640347],[-60.951035,-31.640195],[-60.951911,-31.639985],[-60.952382,-31.639861],[-60.952899,-31.639719],[-60.953374,-31.639569],[-60.954444,-31.639241],[-60.954604,-31.63919],[-60.95562,-31.638958],[-60.955937,-31.638897],[-60.956452,-31.638826],[-60.956769,-31.63879],[-60.958083,-31.638708],[-60.959064,-31.638629],[-60.960153,-31.638509],[-60.961212,-31.638353],[-60.962217,-31.63818],[-60.962313,-31.63816],[-60.964427,-31.637765],[-60.969615,-31.63683],[-60.971963,-31.636386],[-60.973538,-31.636098],[-60.973995,-31.636014],[-60.974089,-31.635997],[-60.974325,-31.635954],[-60.981913,-31.634566],[-60.988279,-31.633415],[-60.997572,-31.63156],[-60.998568,-31.631374],[-61.003465,-31.630524],[-61.004069,-31.630409],[-61.004643,-31.630283],[-61.005692,-31.630023],[-61.006644,-31.629729],[-61.007689,-31.629365],[-61.00841,-31.629124],[-61.009214,-31.628877],[-61.01025,-31.628611],[-61.012496,-31.628133],[-61.013936,-31.627898],[-61.015083,-31.627744],[-61.016116,-31.627649],[-61.017256,-31.62758],[-61.017915,-31.627553],[-61.018695,-31.627544],[-61.018988,-31.627544],[-61.019668,-31.627545],[-61.020702,-31.627596],[-61.026874,-31.627895],[-61.027423,-31.627913],[-61.028015,-31.627922],[-61.028533,-31.627903],[-61.028906,-31.627884],[-61.029452,-31.627826],[-61.030104,-31.62772],[-61.030615,-31.627613],[-61.033038,-31.626957],[-61.037255,-31.625811],[-61.04202,-31.624517],[-61.043787,-31.624034],[-61.044293,-31.623909],[-61.04482,-31.623792],[-61.045296,-31.623706],[-61.04574,-31.623644],[-61.04628,-31.623591],[-61.046698,-31.623561],[-61.047291,-31.623553],[-61.047678,-31.623555],[-61.048101,-31.623573],[-61.048487,-31.623612],[-61.048833,-31.623653],[-61.049171,-31.623702],[-61.053893,-31.624517],[-61.054622,-31.624648],[-61.055138,-31.624716],[-61.055556,-31.624754],[-61.056044,-31.624779],[-61.056489,-31.624781],[-61.057026,-31.624777],[-61.057613,-31.624735],[-61.058097,-31.624679],[-61.058789,-31.624553],[-61.060373,-31.624246],[-61.06119,-31.624079],[-61.061874,-31.623921],[-61.062889,-31.623652],[-61.063765,-31.623392],[-61.064858,-31.623027],[-61.065411,-31.622856],[-61.065851,-31.622744],[-61.066245,-31.622668],[-61.066661,-31.622582],[-61.067205,-31.622503],[-61.067588,-31.622467],[-61.068112,-31.622424],[-61.068718,-31.622412],[-61.069447,-31.622364],[-61.070108,-31.622312],[-61.070692,-31.622242],[-61.071102,-31.622193],[-61.071946,-31.622062],[-61.079908,-31.620674],[-61.080829,-31.620525],[-61.081485,-31.620434],[-61.082151,-31.620347],[-61.094499,-31.619078],[-61.095101,-31.619012],[-61.095472,-31.618948],[-61.095773,-31.618879],[-61.096292,-31.618723],[-61.096333,-31.618713],[-61.096706,-31.618616],[-61.096951,-31.618574],[-61.097232,-31.618541],[-61.097583,-31.618514],[-61.097654,-31.618518],[-61.098355,-31.618547],[-61.098729,-31.618542],[-61.099051,-31.618512],[-61.099853,-31.618405],[-61.101263,-31.61819],[-61.109546,-31.616865],[-61.114928,-31.615992],[-61.115048,-31.615973],[-61.115901,-31.615837],[-61.116091,-31.615811],[-61.1174,-31.615615],[-61.117902,-31.615554],[-61.118633,-31.615491],[-61.119541,-31.615439],[-61.120057,-31.615436],[-61.121408,-31.615523],[-61.122211,-31.615608],[-61.12263,-31.615667],[-61.123298,-31.615792],[-61.123896,-31.615918],[-61.134076,-31.61836],[-61.13679,-31.619021],[-61.137483,-31.619177],[-61.137928,-31.61926],[-61.138312,-31.619319],[-61.138798,-31.619384],[-61.13928,-31.619425],[-61.139814,-31.619459],[-61.140068,-31.619465],[-61.140406,-31.619471],[-61.140757,-31.619464],[-61.141093,-31.619453],[-61.141334,-31.619438],[-61.141596,-31.619416],[-61.141886,-31.619369],[-61.14222,-31.619289],[-61.142491,-31.619211],[-61.142723,-31.619133],[-61.143017,-31.619014],[-61.143555,-31.61877],[-61.143636,-31.61874],[-61.143854,-31.61865],[-61.144151,-31.618553],[-61.144443,-31.618478],[-61.14473,-31.618425],[-61.144826,-31.618412],[-61.145192,-31.618369],[-61.14548,-31.618325],[-61.145696,-31.618293],[-61.145924,-31.618239],[-61.146165,-31.618179],[-61.14647,-31.618077],[-61.146754,-31.61797],[-61.147052,-31.617831],[-61.148285,-31.61716],[-61.149191,-31.616645],[-61.150822,-31.615789],[-61.162302,-31.609528],[-61.162715,-31.609303],[-61.165225,-31.607978],[-61.16552,-31.60782],[-61.168003,-31.606461],[-61.168705,-31.606094],[-61.169347,-31.605795],[-61.170054,-31.605503],[-61.170693,-31.605291],[-61.171244,-31.60515],[-61.171814,-31.60501],[-61.172529,-31.604849],[-61.173495,-31.604642],[-61.173812,-31.604589],[-61.178255,-31.603653],[-61.178639,-31.60357],[-61.181471,-31.602994],[-61.187749,-31.601659],[-61.197293,-31.599693],[-61.19827,-31.599505],[-61.2026,-31.598596],[-61.216326,-31.595714],[-61.223309,-31.594249],[-61.22414,-31.594095],[-61.225148,-31.59392],[-61.225243,-31.593904],[-61.225475,-31.593889],[-61.225808,-31.593867],[-61.22602,-31.593866],[-61.226346,-31.593878],[-61.226942,-31.593919],[-61.227354,-31.593972],[-61.227863,-31.594072],[-61.228302,-31.594176],[-61.228712,-31.594295],[-61.229058,-31.594418],[-61.229482,-31.594584],[-61.229938,-31.594758],[-61.23054,-31.595004],[-61.234415,-31.596585],[-61.235348,-31.59695],[-61.235763,-31.597089],[-61.236159,-31.5972],[-61.236596,-31.597292],[-61.237106,-31.597373],[-61.23754,-31.597428],[-61.238058,-31.597473],[-61.238143,-31.597475],[-61.238514,-31.59748],[-61.238982,-31.597468],[-61.239473,-31.597425],[-61.24012,-31.597343],[-61.243674,-31.596712],[-61.249926,-31.595602],[-61.253299,-31.594999],[-61.256716,-31.594405],[-61.257049,-31.59434],[-61.269309,-31.592147],[-61.274533,-31.591362],[-61.276381,-31.591048],[-61.276728,-31.590965],[-61.27702,-31.590877],[-61.277374,-31.590743],[-61.2776,-31.590669],[-61.277709,-31.590644],[-61.278002,-31.590576],[-61.278252,-31.590538],[-61.278678,-31.590503],[-61.278883,-31.590505],[-61.279002,-31.590505],[-61.279681,-31.590513],[-61.280086,-31.590492],[-61.280452,-31.590446],[-61.280822,-31.590394],[-61.282353,-31.590146],[-61.284224,-31.589808],[-61.285502,-31.589578],[-61.29712,-31.587592],[-61.302228,-31.586719],[-61.307564,-31.585804],[-61.31915,-31.583808],[-61.323219,-31.583115],[-61.323352,-31.583088],[-61.324131,-31.582969],[-61.324256,-31.582952],[-61.329588,-31.582001],[-61.345955,-31.579197],[-61.346001,-31.57919],[-61.346649,-31.579079],[-61.346708,-31.579071],[-61.350451,-31.578421],[-61.356182,-31.577429],[-61.357002,-31.577311],[-61.357857,-31.577231],[-61.358517,-31.577179],[-61.359213,-31.577151],[-61.360061,-31.577134],[-61.361333,-31.577186],[-61.365534,-31.577518],[-61.36766,-31.577679],[-61.374895,-31.578237],[-61.375508,-31.578264],[-61.376069,-31.578261],[-61.376708,-31.578246],[-61.37727,-31.578214],[-61.377691,-31.578164],[-61.378036,-31.578114],[-61.378407,-31.578048],[-61.379027,-31.57793],[-61.379527,-31.577808],[-61.380073,-31.577656],[-61.380758,-31.577414],[-61.381104,-31.577284],[-61.381521,-31.577112],[-61.381933,-31.576925],[-61.38221,-31.576791],[-61.382669,-31.576551],[-61.383432,-31.57613],[-61.384818,-31.575337],[-61.388308,-31.573476],[-61.389106,-31.573048],[-61.391194,-31.571922],[-61.391451,-31.571774],[-61.392569,-31.571162],[-61.392911,-31.570982],[-61.398578,-31.567863],[-61.414969,-31.558922],[-61.423759,-31.554119],[-61.431385,-31.549951],[-61.431709,-31.549795],[-61.432066,-31.549622],[-61.432427,-31.549466],[-61.432722,-31.549348],[-61.433124,-31.549198],[-61.433532,-31.549058],[-61.433916,-31.54895],[-61.43438,-31.54884],[-61.435032,-31.548712],[-61.438901,-31.548003],[-61.446568,-31.54667],[-61.446771,-31.546631],[-61.447259,-31.546557],[-61.447498,-31.546515],[-61.450782,-31.545924],[-61.453354,-31.545474],[-61.460426,-31.544216],[-61.464198,-31.543564],[-61.473311,-31.54194],[-61.473406,-31.541925],[-61.474324,-31.541779],[-61.474394,-31.541768],[-61.48727,-31.539449],[-61.508041,-31.535786],[-61.522395,-31.533236],[-61.523587,-31.532973],[-61.523793,-31.532926],[-61.523934,-31.532887],[-61.524104,-31.532828],[-61.524246,-31.532776],[-61.52444,-31.532695],[-61.524634,-31.532586],[-61.524798,-31.532481],[-61.524961,-31.53235],[-61.525094,-31.53221],[-61.525214,-31.532069],[-61.525356,-31.5319],[-61.525698,-31.531446],[-61.52578,-31.531347],[-61.525841,-31.531253],[-61.525909,-31.531118],[-61.526017,-31.53091],[-61.526089,-31.530749],[-61.52613,-31.530609],[-61.526196,-31.530361],[-61.526239,-31.530085],[-61.526256,-31.529895],[-61.526234,-31.529574],[-61.525874,-31.528508],[-61.52565,-31.527583],[-61.525582,-31.527284],[-61.525546,-31.527069],[-61.525524,-31.526854],[-61.525504,-31.526577],[-61.525499,-31.526356],[-61.525511,-31.526112],[-61.525552,-31.525757],[-61.525648,-31.525404],[-61.525705,-31.525114],[-61.525769,-31.524883],[-61.525833,-31.524685],[-61.526039,-31.524116],[-61.526221,-31.523629],[-61.5297,-31.514626],[-61.532072,-31.508495],[-61.533941,-31.503707],[-61.534303,-31.502705],[-61.534382,-31.502424],[-61.534441,-31.502174],[-61.534494,-31.501859],[-61.534531,-31.501487],[-61.534534,-31.501221],[-61.534519,-31.50098],[-61.53449,-31.500726],[-61.534403,-31.500234],[-61.53429,-31.499741],[-61.532888,-31.493268],[-61.532267,-31.490513],[-61.532064,-31.489587],[-61.531916,-31.488983],[-61.531842,-31.488704],[-61.531752,-31.488416],[-61.531594,-31.487929],[-61.531278,-31.487071],[-61.531058,-31.486419],[-61.530984,-31.486192],[-61.53091,-31.485941],[-61.530725,-31.485206],[-61.530528,-31.484355],[-61.53047,-31.484102],[-61.530423,-31.483884],[-61.530211,-31.4829],[-61.530057,-31.482155],[-61.529996,-31.481836],[-61.529957,-31.48154],[-61.529927,-31.481286],[-61.529896,-31.480943],[-61.529717,-31.479483],[-61.529675,-31.479225],[-61.529612,-31.478853],[-61.529359,-31.477652],[-61.528764,-31.475127],[-61.528733,-31.474979],[-61.528627,-31.47452],[-61.526925,-31.467157],[-61.525764,-31.462134],[-61.525639,-31.461498],[-61.525591,-31.461198],[-61.525562,-31.460926],[-61.525562,-31.460563],[-61.525571,-31.460318],[-61.52561,-31.459988],[-61.525663,-31.459693],[-61.525748,-31.459351],[-61.525812,-31.459157],[-61.525893,-31.45894],[-61.526001,-31.458673],[-61.526101,-31.45845],[-61.526189,-31.458283],[-61.52629,-31.458105],[-61.527206,-31.456765],[-61.529035,-31.454133],[-61.531185,-31.450996],[-61.534433,-31.446308],[-61.534991,-31.445493],[-61.53554,-31.444699],[-61.535965,-31.444092],[-61.536598,-31.443157],[-61.537553,-31.44179],[-61.537757,-31.441493],[-61.538412,-31.440537],[-61.539094,-31.439549],[-61.540104,-31.43809],[-61.541099,-31.436641],[-61.54168,-31.435805],[-61.542801,-31.434177],[-61.543888,-31.432602],[-61.544072,-31.432312],[-61.545511,-31.430222],[-61.546215,-31.429203],[-61.546455,-31.428774],[-61.546649,-31.428345],[-61.546763,-31.427994],[-61.546831,-31.427649],[-61.546903,-31.427213],[-61.546923,-31.426759],[-61.546925,-31.426365],[-61.546874,-31.425983],[-61.546678,-31.425244],[-61.546453,-31.424392],[-61.545415,-31.420884],[-61.545404,-31.420847],[-61.544717,-31.418462],[-61.544317,-31.416906],[-61.543716,-31.414581],[-61.543481,-31.413672],[-61.543246,-31.412759],[-61.542833,-31.411148],[-61.542237,-31.408818],[-61.540452,-31.401864],[-61.539829,-31.399414],[-61.538714,-31.394994],[-61.538372,-31.393665],[-61.538199,-31.39297],[-61.537962,-31.392013],[-61.537803,-31.391147],[-61.537673,-31.390409],[-61.537498,-31.389464],[-61.537288,-31.388428],[-61.53708,-31.387409],[-61.536685,-31.385551],[-61.535652,-31.380691],[-61.535173,-31.378488],[-61.53359,-31.371637],[-61.533239,-31.370443],[-61.532825,-31.369094],[-61.532651,-31.368519],[-61.53252,-31.368017],[-61.531077,-31.361957],[-61.530707,-31.36051],[-61.530559,-31.359993],[-61.530423,-31.359545],[-61.530321,-31.359268],[-61.530205,-31.358986],[-61.529975,-31.358531],[-61.529694,-31.358019],[-61.529121,-31.356995],[-61.528896,-31.356548],[-61.528825,-31.356404],[-61.528723,-31.356158],[-61.52855,-31.355707],[-61.528435,-31.355341],[-61.528317,-31.354957],[-61.528182,-31.354433],[-61.528073,-31.353889],[-61.527989,-31.353211],[-61.527968,-31.352739],[-61.527965,-31.352312],[-61.527974,-31.351988],[-61.527998,-31.351626],[-61.528033,-31.351054],[-61.528052,-31.350554],[-61.52806,-31.350307],[-61.528053,-31.349941],[-61.528041,-31.349606],[-61.528016,-31.349281],[-61.527981,-31.348937],[-61.527933,-31.348619],[-61.527868,-31.348274],[-61.526699,-31.343352],[-61.524586,-31.334492],[-61.523377,-31.329425],[-61.522263,-31.324754],[-61.520818,-31.318592],[-61.52064,-31.317755],[-61.520468,-31.316949],[-61.520176,-31.315639],[-61.519875,-31.314261],[-61.519747,-31.313705],[-61.519569,-31.312902],[-61.519416,-31.312022],[-61.519314,-31.311437],[-61.519228,-31.310849],[-61.519187,-31.310489],[-61.518942,-31.309158],[-61.518675,-31.307914],[-61.518604,-31.307609],[-61.518516,-31.307093],[-61.518476,-31.306756],[-61.518422,-31.306229],[-61.518416,-31.305636],[-61.518427,-31.305316],[-61.518455,-31.304932],[-61.518487,-31.304605],[-61.51854,-31.304268],[-61.518602,-31.303908],[-61.518709,-31.303455],[-61.518816,-31.303019],[-61.518961,-31.302553],[-61.51917,-31.30204],[-61.519331,-31.301687],[-61.519524,-31.301304],[-61.519789,-31.300847],[-61.52,-31.300475],[-61.520214,-31.300097],[-61.520696,-31.29945],[-61.524452,-31.295209],[-61.527646,-31.291551],[-61.527933,-31.291222],[-61.530907,-31.287882],[-61.531999,-31.286629],[-61.533662,-31.284841],[-61.534563,-31.283736],[-61.53519,-31.28286],[-61.535625,-31.282186],[-61.536055,-31.281517],[-61.536659,-31.280351],[-61.536881,-31.279804],[-61.53704,-31.279428],[-61.537288,-31.278762],[-61.537445,-31.278313],[-61.537574,-31.277868],[-61.537697,-31.277386],[-61.537803,-31.2769],[-61.537947,-31.275996],[-61.538021,-31.275409],[-61.538082,-31.27447],[-61.538111,-31.273456],[-61.538095,-31.272858],[-61.538058,-31.272392],[-61.538011,-31.271846],[-61.537937,-31.271295],[-61.537758,-31.270227],[-61.53632,-31.2642],[-61.53522,-31.259645],[-61.53489,-31.258283],[-61.534147,-31.255192],[-61.534012,-31.254634],[-61.533771,-31.254267],[-61.533603,-31.254036],[-61.533432,-31.253913],[-61.533207,-31.253849],[-61.533023,-31.253842],[-61.532866,-31.253875],[-61.532774,-31.253929],[-61.532646,-31.254022],[-61.532553,-31.254143],[-61.532486,-31.254301],[-61.532481,-31.254426],[-61.532531,-31.254598],[-61.532625,-31.254737],[-61.532809,-31.254844],[-61.533009,-31.25492],[-61.533864,-31.254998],[-61.534014,-31.254972],[-61.534507,-31.254886],[-61.534879,-31.254821],[-61.535074,-31.254788],[-61.537963,-31.254307],[-61.538375,-31.254238],[-61.539997,-31.253922],[-61.541294,-31.253719],[-61.541757,-31.253632],[-61.544536,-31.253113],[-61.544742,-31.253077],[-61.54643,-31.252787],[-61.549835,-31.252166],[-61.553309,-31.251536],[-61.560264,-31.250321],[-61.573804,-31.248001],[-61.579598,-31.246977],[-61.583797,-31.246254],[-61.587253,-31.245668],[-61.593498,-31.244563],[-61.599881,-31.24345],[-61.606683,-31.242252],[-61.612506,-31.24127],[-61.613361,-31.241136],[-61.614228,-31.240974],[-61.623983,-31.239256],[-61.624691,-31.239096],[-61.625015,-31.239032],[-61.625201,-31.238983],[-61.625412,-31.23891],[-61.625627,-31.238809],[-61.62578,-31.238708],[-61.625935,-31.238605],[-61.626059,-31.23849],[-61.626196,-31.238399],[-61.6264,-31.238293],[-61.62655,-31.238245],[-61.62674,-31.238201],[-61.62696,-31.238178],[-61.627191,-31.238192],[-61.627368,-31.238223],[-61.627497,-31.238261],[-61.627584,-31.23831],[-61.627857,-31.238377],[-61.627985,-31.238403],[-61.628223,-31.238422],[-61.628451,-31.238422],[-61.62882,-31.238381],[-61.629564,-31.238286],[-61.631315,-31.237989],[-61.636925,-31.236995],[-61.640254,-31.236405],[-61.653813,-31.233994],[-61.659796,-31.232943],[-61.667256,-31.231632],[-61.670075,-31.231139],[-61.673945,-31.230463],[-61.680711,-31.22928],[-61.687373,-31.228119],[-61.687732,-31.228057],[-61.694191,-31.226932],[-61.70399,-31.225181],[-61.704934,-31.22502],[-61.705401,-31.224926],[-61.706137,-31.224748],[-61.706749,-31.224553],[-61.707475,-31.224277],[-61.708093,-31.224003],[-61.708547,-31.223793],[-61.708968,-31.223566],[-61.710428,-31.222655],[-61.71169,-31.221901],[-61.712227,-31.221578],[-61.712944,-31.221213],[-61.713509,-31.220967],[-61.714055,-31.220773],[-61.714629,-31.220599],[-61.715213,-31.220456],[-61.715747,-31.220346],[-61.72499,-31.218754],[-61.725613,-31.218646],[-61.725703,-31.218631],[-61.726382,-31.218513],[-61.735572,-31.216907],[-61.740793,-31.216019],[-61.745494,-31.215169],[-61.751148,-31.214206],[-61.755378,-31.213485],[-61.765292,-31.21175],[-61.77134,-31.210716],[-61.781638,-31.208924],[-61.785039,-31.20834],[-61.789339,-31.207591],[-61.792768,-31.206993],[-61.794969,-31.20661],[-61.80835,-31.204262],[-61.821758,-31.201916],[-61.834525,-31.199659],[-61.835124,-31.199547],[-61.83585,-31.199412],[-61.837023,-31.199208],[-61.848431,-31.197178],[-61.857686,-31.195528],[-61.861833,-31.194788],[-61.875172,-31.1924],[-61.888522,-31.190036],[-61.901844,-31.187643],[-61.914386,-31.185426],[-61.915254,-31.185256],[-61.916272,-31.185089],[-61.925454,-31.183444],[-61.926903,-31.183165],[-61.92734,-31.183057],[-61.927763,-31.182977],[-61.928538,-31.182826],[-61.930146,-31.182565],[-61.931621,-31.182297],[-61.932436,-31.182179],[-61.941962,-31.180477],[-61.948614,-31.179292],[-61.955284,-31.178104],[-61.968597,-31.175702],[-61.976177,-31.174362],[-61.976797,-31.174294],[-61.977426,-31.174295],[-61.978002,-31.174349],[-61.978422,-31.174393],[-61.979086,-31.174519],[-61.979816,-31.174772],[-61.98033,-31.175],[-61.980699,-31.175187],[-61.981478,-31.175648],[-61.982571,-31.176482],[-61.984214,-31.177694],[-61.98468,-31.177982],[-61.98527,-31.178259],[-61.985879,-31.178485],[-61.986652,-31.178667],[-61.987327,-31.178765],[-61.988122,-31.178801],[-61.988765,-31.178764],[-61.988905,-31.178756],[-61.999855,-31.176994],[-62.003384,-31.176434],[-62.013225,-31.174831],[-62.026635,-31.172654],[-62.040057,-31.170458],[-62.046024,-31.169488],[-62.052084,-31.168498],[-62.053588,-31.168252],[-62.06026,-31.167161],[-62.066948,-31.166067],[-62.077097,-31.16442],[-62.080396,-31.163877],[-62.083324,-31.163396],[-62.086105,-31.162947],[-62.087279,-31.162744],[-62.088994,-31.162447],[-62.089411,-31.162356],[-62.089661,-31.162273],[-62.089891,-31.162191],[-62.089966,-31.162143],[-62.090041,-31.162076],[-62.090091,-31.162],[-62.09011,-31.161943],[-62.090134,-31.161861],[-62.090138,-31.16155],[-62.090103,-31.161368],[-62.090037,-31.160988],[-62.090002,-31.160689],[-62.089993,-31.160497],[-62.090009,-31.160273],[-62.090044,-31.160107],[-62.090089,-31.159955],[-62.090129,-31.159786],[-62.090198,-31.159571],[-62.090288,-31.159352],[-62.090472,-31.158979],[-62.090673,-31.158651],[-62.090935,-31.158323],[-62.091284,-31.157963],[-62.091696,-31.157538],[-62.093532,-31.155736],[-62.096647,-31.152677],[-62.096861,-31.152437],[-62.097062,-31.152149],[-62.097216,-31.15187],[-62.097388,-31.151514],[-62.097488,-31.151177],[-62.097541,-31.150928],[-62.09758,-31.150602],[-62.097588,-31.15032],[-62.097528,-31.149775],[-62.095834,-31.142226],[-62.093782,-31.132976],[-62.091776,-31.123825],[-62.090671,-31.118955],[-62.089686,-31.114604],[-62.087715,-31.105459],[-62.087687,-31.105365],[-62.087271,-31.103486],[-62.085602,-31.096158],[-62.083581,-31.087082],[-62.083246,-31.08577],[-62.07967,-31.069353],[-62.07733,-31.058748],[-62.075772,-31.051572],[-62.073455,-31.040951],[-62.072465,-31.036525],[-62.071875,-31.033883],[-62.07073,-31.028821],[-62.070518,-31.028158],[-62.070303,-31.027298],[-62.070168,-31.026906],[-62.069976,-31.026518],[-62.069831,-31.026281],[-62.069643,-31.026045],[-62.069579,-31.025965],[-62.069524,-31.025897],[-62.069252,-31.025653],[-62.06885,-31.025356],[-62.068381,-31.025078],[-62.068029,-31.024897],[-62.06741,-31.024638],[-62.062149,-31.022948],[-62.061208,-31.022646],[-62.060865,-31.022518],[-62.060544,-31.022364],[-62.060289,-31.022194],[-62.060043,-31.022003],[-62.059885,-31.021864],[-62.05946,-31.021423],[-62.059274,-31.021159],[-62.059085,-31.020841],[-62.058983,-31.020616],[-62.05892,-31.020458],[-62.05884,-31.020246],[-62.058799,-31.020117],[-62.058615,-31.019485],[-62.058417,-31.018613],[-62.058206,-31.017685],[-62.058184,-31.017567],[-62.057883,-31.016255],[-62.057838,-31.015757],[-62.057753,-31.015375],[-62.057665,-31.014943],[-62.057541,-31.014334],[-62.057313,-31.013267],[-62.05707,-31.012184],[-62.056849,-31.011135],[-62.056822,-31.010964],[-62.056807,-31.010624],[-62.056811,-31.010332],[-62.056849,-31.010015],[-62.056937,-31.009638],[-62.057091,-31.009252],[-62.057197,-31.009026],[-62.057329,-31.008812],[-62.057518,-31.008541],[-62.057729,-31.008297],[-62.057921,-31.008101],[-62.058135,-31.007912],[-62.058386,-31.007729],[-62.05877,-31.007495],[-62.063251,-31.004852],[-62.063731,-31.004479],[-62.064017,-31.004198],[-62.06426,-31.003908],[-62.064441,-31.003604],[-62.06456,-31.003381],[-62.06471,-31.003011],[-62.064797,-31.002707],[-62.064833,-31.00256],[-62.064875,-31.00223],[-62.064888,-31.001921],[-62.064862,-31.001532],[-62.064776,-31.001135],[-62.064145,-30.998369],[-62.0634,-30.994826],[-62.062238,-30.98947],[-62.060321,-30.980622],[-62.059381,-30.976357],[-62.058402,-30.971731],[-62.057372,-30.967154],[-62.056454,-30.962881],[-62.055593,-30.958875],[-62.054537,-30.954039],[-62.053393,-30.948697],[-62.051204,-30.938527],[-62.051082,-30.938059],[-62.050977,-30.937608],[-62.050881,-30.937204],[-62.050696,-30.936394],[-62.050626,-30.936048],[-62.050513,-30.935496],[-62.050473,-30.935289],[-62.050304,-30.934431],[-62.050189,-30.933893],[-62.050103,-30.93355],[-62.050033,-30.933242],[-62.050012,-30.933097],[-62.049972,-30.932757],[-62.04843,-30.925566],[-62.048355,-30.925228],[-62.04734,-30.920617],[-62.047246,-30.920183],[-62.046695,-30.917642],[-62.046595,-30.917308],[-62.046519,-30.916958],[-62.046437,-30.916581],[-62.04634,-30.916155],[-62.046317,-30.916068],[-62.046429,-30.916118],[-62.046729,-30.916247],[-62.046812,-30.916282],[-62.047243,-30.916481],[-62.047682,-30.916731],[-62.049462,-30.917522],[-62.050256,-30.91786],[-62.051379,-30.918221],[-62.05244,-30.918477],[-62.05332,-30.918664],[-62.054208,-30.918783],[-62.055126,-30.918878],[-62.056082,-30.918919],[-62.056888,-30.918908],[-62.057659,-30.918881],[-62.058236,-30.918836],[-62.058857,-30.91876],[-62.060912,-30.918472],[-62.066566,-30.917674],[-62.068717,-30.917362],[-62.07078,-30.917036],[-62.071332,-30.91695],[-62.071601,-30.916909],[-62.074703,-30.916425],[-62.076511,-30.916137],[-62.082126,-30.915227],[-62.083696,-30.914985],[-62.092371,-30.913652],[-62.102705,-30.912065],[-62.113015,-30.910463],[-62.123339,-30.908848],[-62.13362,-30.907246],[-62.138807,-30.906442],[-62.143911,-30.905664],[-62.155291,-30.90392],[-62.159347,-30.903299],[-62.163121,-30.902696],[-62.169011,-30.9018],[-62.169169,-30.901774],[-62.174504,-30.900913],[-62.179691,-30.900118],[-62.18872,-30.898735],[-62.189649,-30.89862],[-62.190064,-30.898593],[-62.1909,-30.898555],[-62.19144,-30.898547],[-62.192015,-30.898567],[-62.192717,-30.898616],[-62.193512,-30.8987],[-62.19416,-30.898798],[-62.194974,-30.898965],[-62.195326,-30.899047],[-62.19575,-30.899154],[-62.196357,-30.89933],[-62.199696,-30.900447],[-62.200155,-30.900611],[-62.20062,-30.900781],[-62.200741,-30.900832],[-62.202054,-30.901367],[-62.204572,-30.902327],[-62.2076,-30.903614],[-62.207727,-30.903669],[-62.207849,-30.90372],[-62.207999,-30.903786],[-62.208448,-30.903976],[-62.208651,-30.904059],[-62.208897,-30.90416],[-62.209615,-30.904453],[-62.210196,-30.904604],[-62.212262,-30.905419],[-62.212943,-30.905677],[-62.214352,-30.90623],[-62.2174,-30.907427],[-62.218418,-30.907837],[-62.218793,-30.908054],[-62.219232,-30.908217],[-62.224342,-30.910209],[-62.250687,-30.92045],[-62.252551,-30.921148],[-62.268807,-30.927516],[-62.273539,-30.929282],[-62.2738,-30.9294],[-62.296957,-30.938401],[-62.300445,-30.939752],[-62.308344,-30.94281],[-62.319762,-30.947248],[-62.320217,-30.947442],[-62.324928,-30.949282],[-62.335256,-30.953317],[-62.336516,-30.953808],[-62.337727,-30.954296],[-62.33896,-30.954767],[-62.339551,-30.954996],[-62.339745,-30.955071],[-62.340184,-30.955237],[-62.341453,-30.955736],[-62.342688,-30.956205],[-62.343599,-30.956566],[-62.351025,-30.959514],[-62.351269,-30.959591],[-62.351642,-30.959637],[-62.352011,-30.959622],[-62.352335,-30.959583],[-62.352689,-30.959474],[-62.353025,-30.95932],[-62.353248,-30.959155],[-62.353509,-30.958924],[-62.354073,-30.958257],[-62.354283,-30.958029],[-62.354549,-30.9578],[-62.354761,-30.957646],[-62.355011,-30.957496],[-62.355259,-30.957389],[-62.35545,-30.957314],[-62.355727,-30.957236],[-62.356047,-30.957165],[-62.356268,-30.957126],[-62.356533,-30.957109],[-62.356839,-30.957114],[-62.357071,-30.957138],[-62.357363,-30.957182],[-62.357715,-30.957273],[-62.358885,-30.957716],[-62.364451,-30.959841],[-62.365098,-30.960056],[-62.365462,-30.960156],[-62.365812,-30.960238],[-62.366283,-30.960309],[-62.366785,-30.960359],[-62.370086,-30.960556],[-62.381033,-30.961262],[-62.387596,-30.961679],[-62.417436,-30.963529],[-62.431122,-30.964389],[-62.437335,-30.964779],[-62.438025,-30.964827],[-62.450086,-30.965574],[-62.451983,-30.965693],[-62.452235,-30.965709],[-62.453078,-30.965779],[-62.454032,-30.965889],[-62.454941,-30.966018],[-62.455889,-30.966184],[-62.456618,-30.966323],[-62.463034,-30.967754],[-62.474056,-30.970169],[-62.47461,-30.970313],[-62.476113,-30.970741],[-62.476461,-30.970827],[-62.49534,-30.974992],[-62.495928,-30.975097],[-62.4963,-30.975154],[-62.496715,-30.975192],[-62.499163,-30.975356],[-62.499456,-30.975395],[-62.499755,-30.975439],[-62.500134,-30.975511],[-62.500294,-30.975541],[-62.501742,-30.975842],[-62.508195,-30.977259],[-62.50804,-30.977444],[-62.507868,-30.977972],[-62.507076,-30.98051],[-62.506756,-30.981579],[-62.506706,-30.981659],[-62.50668,-30.981771],[-62.506585,-30.985933],[-62.502444,-30.994754],[-62.501993,-30.994956],[-62.486243,-30.997697],[-62.498932,-30.995489],[-62.501993,-30.994956],[-62.502444,-30.994754],[-62.506585,-30.985933],[-62.50668,-30.981771],[-62.506706,-30.981659],[-62.506756,-30.981579],[-62.507076,-30.98051],[-62.507868,-30.977972],[-62.50804,-30.977444],[-62.508195,-30.977259],[-62.508604,-30.977352],[-62.508913,-30.977446],[-62.509291,-30.977572],[-62.511158,-30.978197],[-62.511652,-30.978338],[-62.512306,-30.978493],[-62.526419,-30.981558],[-62.543444,-30.98529],[-62.556445,-30.988122],[-62.558215,-30.988509],[-62.576696,-30.992549],[-62.577446,-30.992713],[-62.582613,-30.993858],[-62.598116,-30.997259],[-62.614834,-31.000921],[-62.618419,-31.001692],[-62.632304,-31.004729],[-62.633513,-31.004988],[-62.634639,-31.00523],[-62.634863,-31.00529],[-62.63571,-31.00553],[-62.636183,-31.00565],[-62.637437,-31.005966],[-62.637665,-31.006014],[-62.649837,-31.008552],[-62.651181,-31.008838],[-62.651516,-31.008885],[-62.652095,-31.008929],[-62.652508,-31.008946],[-62.653229,-31.008952],[-62.654645,-31.008948],[-62.657556,-31.008946],[-62.658948,-31.008945],[-62.65915,-31.008944],[-62.65993,-31.008948],[-62.660653,-31.008952],[-62.661979,-31.008958],[-62.663374,-31.008965],[-62.664747,-31.008976],[-62.666066,-31.008979],[-62.666169,-31.00898],[-62.667442,-31.008987],[-62.668824,-31.008994],[-62.670184,-31.009001],[-62.670184,-31.009649],[-62.670184,-31.009716],[-62.670185,-31.010183],[-62.671517,-31.010185],[-62.671864,-31.010186],[-62.67224,-31.010187],[-62.67283,-31.010189],[-62.673064,-31.010175],[-62.673261,-31.010147],[-62.673558,-31.010101],[-62.673918,-31.010052],[-62.674251,-31.010017],[-62.674535,-31.010005],[-62.675311,-31.01001],[-62.676003,-31.010014],[-62.676701,-31.010018],[-62.677381,-31.010021],[-62.685746,-31.010055],[-62.691649,-31.010078],[-62.701734,-31.010118],[-62.712549,-31.010161],[-62.716824,-31.010181],[-62.719092,-31.010188],[-62.73333,-31.01023],[-62.736751,-31.010241],[-62.737469,-31.010234],[-62.738227,-31.010251],[-62.740107,-31.010269],[-62.741035,-31.010277],[-62.74115,-31.010276],[-62.741671,-31.010273],[-62.741917,-31.010321],[-62.74204,-31.010366],[-62.742103,-31.010404],[-62.742147,-31.010442],[-62.742206,-31.010522],[-62.742243,-31.010592],[-62.742329,-31.010793],[-62.742383,-31.010951],[-62.742403,-31.011018],[-62.742424,-31.011192],[-62.742428,-31.01126],[-62.742414,-31.011319],[-62.742372,-31.011447],[-62.742292,-31.011576],[-62.742199,-31.011738],[-62.742089,-31.011946],[-62.742019,-31.012102],[-62.741955,-31.012283],[-62.741914,-31.012443],[-62.741893,-31.012588],[-62.741891,-31.012732],[-62.741902,-31.012908],[-62.741927,-31.013114],[-62.741991,-31.013469],[-62.742178,-31.014405],[-62.742727,-31.016744],[-62.745094,-31.026833],[-62.745486,-31.028503],[-62.746643,-31.033592],[-62.747156,-31.035758],[-62.748084,-31.039404],[-62.748923,-31.043009],[-62.749783,-31.046704],[-62.749794,-31.046755],[-62.750733,-31.050909],[-62.751366,-31.053574],[-62.752387,-31.057873],[-62.753465,-31.06241],[-62.754056,-31.064893],[-62.754963,-31.068666],[-62.756629,-31.075796],[-62.757023,-31.077463],[-62.759201,-31.086902],[-62.760049,-31.090272],[-62.760152,-31.090691],[-62.762227,-31.099553],[-62.762495,-31.100699],[-62.764314,-31.108397],[-62.764547,-31.109382],[-62.766404,-31.117225],[-62.766579,-31.117968],[-62.770824,-31.135669],[-62.772622,-31.142971],[-62.773953,-31.148378],[-62.774452,-31.150402],[-62.774896,-31.152205],[-62.775654,-31.155352],[-62.77576,-31.155767],[-62.776891,-31.159743],[-62.77856,-31.165658],[-62.778959,-31.167055],[-62.780422,-31.172181],[-62.782541,-31.179493],[-62.783063,-31.181247],[-62.78386,-31.183935],[-62.784206,-31.185102],[-62.785558,-31.189952],[-62.785585,-31.190045],[-62.788128,-31.198824],[-62.791778,-31.211515],[-62.793054,-31.21595],[-62.794159,-31.219831],[-62.797455,-31.231349],[-62.801513,-31.245524],[-62.801568,-31.245817],[-62.801592,-31.246034],[-62.801599,-31.246213],[-62.801559,-31.248466],[-62.801522,-31.251561],[-62.801496,-31.253708],[-62.801445,-31.257495],[-62.801437,-31.258123],[-62.801383,-31.261416],[-62.801357,-31.262945],[-62.801297,-31.266648],[-62.801282,-31.267595],[-62.801213,-31.273098],[-62.8012,-31.274192],[-62.801098,-31.28024],[-62.801087,-31.280894],[-62.801036,-31.284934],[-62.80099,-31.289219],[-62.800928,-31.293188],[-62.800912,-31.294188],[-62.800852,-31.298691],[-62.800762,-31.303952],[-62.800742,-31.307522],[-62.800759,-31.307961],[-62.800821,-31.308396],[-62.800922,-31.308827],[-62.801061,-31.309265],[-62.801244,-31.309712],[-62.801713,-31.310722],[-62.803129,-31.313769],[-62.803264,-31.314061],[-62.803833,-31.315275],[-62.804312,-31.316297],[-62.805433,-31.31874],[-62.806511,-31.321085],[-62.807037,-31.322279],[-62.80752,-31.323468],[-62.80805,-31.32466],[-62.808546,-31.325848],[-62.809043,-31.327039],[-62.809538,-31.328257],[-62.810076,-31.329486],[-62.810151,-31.32965],[-62.810228,-31.329786],[-62.810348,-31.329963],[-62.810485,-31.33015],[-62.810594,-31.330276],[-62.810751,-31.330423],[-62.810785,-31.330449],[-62.811051,-31.330657],[-62.811217,-31.330769],[-62.811403,-31.330882],[-62.813348,-31.331863],[-62.814973,-31.332684],[-62.815229,-31.332816],[-62.815476,-31.332961],[-62.815687,-31.333095],[-62.815831,-31.333201],[-62.815981,-31.333317],[-62.816248,-31.333537],[-62.816382,-31.333659],[-62.816519,-31.333793],[-62.816651,-31.333946],[-62.81675,-31.33409],[-62.816989,-31.334572],[-62.818519,-31.338087],[-62.818577,-31.338243],[-62.818619,-31.338408],[-62.818664,-31.338654],[-62.818687,-31.33899],[-62.818689,-31.339137],[-62.818715,-31.341017],[-62.818763,-31.343275],[-62.81877,-31.343843],[-62.818832,-31.344448],[-62.818928,-31.345059],[-62.819118,-31.346177],[-62.819481,-31.348403],[-62.819619,-31.349277],[-62.819815,-31.350248],[-62.819933,-31.350749],[-62.820051,-31.351197],[-62.820345,-31.352112],[-62.820739,-31.353323],[-62.820949,-31.354063],[-62.821383,-31.355699],[-62.821944,-31.357798],[-62.824649,-31.368705],[-62.825061,-31.370351],[-62.825341,-31.371514],[-62.825399,-31.371734],[-62.825657,-31.372781],[-62.826517,-31.376331],[-62.826551,-31.37647],[-62.82675,-31.377263],[-62.82681,-31.377566],[-62.826822,-31.377693],[-62.826833,-31.377833],[-62.826832,-31.377998],[-62.826819,-31.37817],[-62.826795,-31.378366],[-62.826759,-31.378504],[-62.826635,-31.378842],[-62.826458,-31.379206],[-62.825286,-31.381076],[-62.825151,-31.38129],[-62.825023,-31.381547],[-62.82493,-31.38178],[-62.824884,-31.382045],[-62.824875,-31.382191],[-62.824868,-31.382305],[-62.824888,-31.382805],[-62.82494,-31.383456],[-62.824943,-31.383499],[-62.824982,-31.383994],[-62.825003,-31.384684],[-62.824913,-31.384688],[-62.824658,-31.384697],[-62.824336,-31.384678],[-62.82406,-31.384644],[-62.823727,-31.384532],[-62.823002,-31.384235],[-62.822618,-31.384106],[-62.822272,-31.383991],[-62.822093,-31.383929],[-62.82197,-31.383894],[-62.821851,-31.38388],[-62.821757,-31.383874],[-62.821652,-31.383875],[-62.810482,-31.384323],[-62.806975,-31.38444],[-62.800743,-31.384703],[-62.797204,-31.384852],[-62.796265,-31.384892],[-62.787408,-31.385244],[-62.779895,-31.385537],[-62.778522,-31.385611],[-62.772264,-31.385838],[-62.771472,-31.385881],[-62.770624,-31.385999],[-62.769714,-31.386177],[-62.762839,-31.387737],[-62.75944,-31.388504],[-62.75351,-31.389842],[-62.748124,-31.391075],[-62.747844,-31.391153],[-62.747535,-31.391278],[-62.746784,-31.391668],[-62.746591,-31.391749],[-62.746204,-31.391862],[-62.744172,-31.392333],[-62.738055,-31.393691],[-62.73785,-31.39372],[-62.737665,-31.393733],[-62.737327,-31.393751],[-62.736614,-31.393763],[-62.736219,-31.393811],[-62.735789,-31.393886],[-62.735172,-31.39401],[-62.731326,-31.394892],[-62.728363,-31.39557],[-62.716743,-31.398191],[-62.710289,-31.399647],[-62.704456,-31.401],[-62.699957,-31.401965],[-62.699104,-31.402121],[-62.698358,-31.402213],[-62.69768,-31.402269],[-62.696689,-31.402323],[-62.687065,-31.402427],[-62.681465,-31.402517],[-62.672744,-31.402666],[-62.669758,-31.402716],[-62.663151,-31.402825],[-62.645824,-31.403042],[-62.645706,-31.407376],[-62.645622,-31.410418],[-62.64559,-31.411417],[-62.645429,-31.416515],[-62.645385,-31.418225],[-62.645379,-31.418851],[-62.645389,-31.419257],[-62.64548,-31.419788],[-62.645642,-31.420419],[-62.645925,-31.421166],[-62.646154,-31.421606],[-62.646447,-31.422102],[-62.646865,-31.422708],[-62.647241,-31.423167],[-62.647582,-31.423545],[-62.647899,-31.423839],[-62.648226,-31.424086],[-62.648663,-31.424368],[-62.649101,-31.424618],[-62.655246,-31.427799],[-62.671185,-31.436039],[-62.680296,-31.440749],[-62.680531,-31.440805],[-62.680842,-31.440866],[-62.6809,-31.440834],[-62.680963,-31.44081],[-62.68103,-31.440796],[-62.681099,-31.440791],[-62.681168,-31.440796],[-62.681235,-31.44081],[-62.681299,-31.440834],[-62.681357,-31.440866],[-62.681408,-31.440906],[-62.68145,-31.440953],[-62.681483,-31.441005],[-62.681506,-31.441061],[-62.681517,-31.441119],[-62.681517,-31.441178],[-62.681686,-31.441409],[-62.681845,-31.441564],[-62.681948,-31.441618],[-62.682483,-31.441898],[-62.683646,-31.442505],[-62.684855,-31.443137],[-62.685189,-31.443311],[-62.685631,-31.443543],[-62.686058,-31.443664],[-62.686109,-31.443624],[-62.686167,-31.443591],[-62.68623,-31.443568],[-62.686297,-31.443553],[-62.686366,-31.443548],[-62.686435,-31.443553],[-62.686503,-31.443568],[-62.686566,-31.443591],[-62.686624,-31.443624],[-62.686675,-31.443664],[-62.686717,-31.44371],[-62.68675,-31.443762],[-62.686773,-31.443818],[-62.686784,-31.443876],[-62.686784,-31.443935],[-62.686773,-31.443994],[-62.68675,-31.444049],[-62.686788,-31.444184],[-62.686826,-31.444265],[-62.686993,-31.444481],[-62.68747,-31.444871],[-62.687778,-31.445193],[-62.688036,-31.445484],[-62.688463,-31.44609],[-62.688793,-31.446619],[-62.689071,-31.447154],[-62.689205,-31.447491],[-62.689301,-31.447843],[-62.690262,-31.45192],[-62.691256,-31.456135],[-62.69291,-31.463091],[-62.693139,-31.464066],[-62.69325,-31.464413],[-62.693286,-31.464527],[-62.693475,-31.465101],[-62.693681,-31.465531],[-62.693993,-31.466028],[-62.694316,-31.46647],[-62.694576,-31.466793],[-62.694895,-31.467143],[-62.695264,-31.467506],[-62.695595,-31.467783],[-62.695983,-31.46807],[-62.696434,-31.468348],[-62.696882,-31.468625],[-62.69749,-31.468935],[-62.697764,-31.469052],[-62.698149,-31.46922],[-62.699938,-31.470055],[-62.700896,-31.470575],[-62.701457,-31.470959],[-62.702272,-31.471657],[-62.702731,-31.472135],[-62.703265,-31.472844],[-62.703625,-31.473437],[-62.703981,-31.474219],[-62.704303,-31.475311],[-62.705061,-31.478505],[-62.705982,-31.482389],[-62.707593,-31.488871],[-62.708206,-31.491338],[-62.709946,-31.498472],[-62.711512,-31.50487],[-62.711897,-31.506529],[-62.713812,-31.514481],[-62.716267,-31.524541],[-62.718426,-31.53336],[-62.718736,-31.534574],[-62.720538,-31.542212],[-62.720629,-31.542678],[-62.720666,-31.543043],[-62.721081,-31.548691],[-62.721298,-31.55125],[-62.721363,-31.552019],[-62.721771,-31.55722],[-62.721969,-31.559943],[-62.721977,-31.560271],[-62.721963,-31.560723],[-62.721875,-31.561284],[-62.721679,-31.562788],[-62.720805,-31.568584],[-62.719925,-31.57411],[-62.719506,-31.576742],[-62.719361,-31.577648],[-62.71888,-31.580589],[-62.71812,-31.585596],[-62.71779,-31.58795],[-62.716847,-31.593764],[-62.715713,-31.600933],[-62.715462,-31.602185],[-62.71531,-31.602659],[-62.71505,-31.603206],[-62.714724,-31.603834],[-62.714216,-31.604583],[-62.713865,-31.605028],[-62.713409,-31.605504],[-62.7128,-31.6061],[-62.712436,-31.606432],[-62.711736,-31.606966],[-62.706117,-31.611017],[-62.705281,-31.611591],[-62.70213,-31.613884],[-62.70179,-31.614172],[-62.701298,-31.614629],[-62.700956,-31.614993],[-62.70064,-31.615358],[-62.700363,-31.615746],[-62.700047,-31.616303],[-62.699798,-31.616849],[-62.699608,-31.617336],[-62.699447,-31.617893],[-62.699385,-31.618214],[-62.699339,-31.618592],[-62.699291,-31.619058],[-62.699296,-31.619465],[-62.699356,-31.61996],[-62.699445,-31.620422],[-62.700123,-31.623304],[-62.700367,-31.624343],[-62.701716,-31.62982],[-62.702203,-31.631796],[-62.703043,-31.635208],[-62.703148,-31.635716],[-62.703418,-31.636811],[-62.705606,-31.645849],[-62.70738,-31.653145],[-62.707568,-31.653952],[-62.707638,-31.654444],[-62.707679,-31.655045],[-62.707683,-31.655597],[-62.707661,-31.65623],[-62.707465,-31.658742],[-62.707246,-31.661895],[-62.707187,-31.662929],[-62.707211,-31.663506],[-62.707261,-31.663934],[-62.707336,-31.664388],[-62.708539,-31.669403],[-62.70968,-31.674188],[-62.710235,-31.676512],[-62.710978,-31.679633],[-62.712025,-31.683962],[-62.71326,-31.689045],[-62.713303,-31.689206],[-62.713663,-31.690738],[-62.715332,-31.697621],[-62.717015,-31.704582],[-62.717105,-31.704929],[-62.717164,-31.705342],[-62.717195,-31.705755],[-62.717784,-31.73502],[-62.717812,-31.735515],[-62.717869,-31.735912],[-62.71804,-31.736709],[-62.718199,-31.737238],[-62.718359,-31.737731],[-62.719348,-31.740166],[-62.719624,-31.740833],[-62.719899,-31.741554],[-62.72014,-31.742342],[-62.720259,-31.742898],[-62.720357,-31.743543],[-62.720372,-31.74518],[-62.720372,-31.746631],[-62.720371,-31.75354],[-62.720373,-31.766703],[-62.720368,-31.773746],[-62.720348,-31.781028],[-62.720342,-31.78302],[-62.72035,-31.787045],[-62.720354,-31.789319],[-62.720368,-31.796899],[-62.720415,-31.804102],[-62.720388,-31.806429],[-62.720396,-31.807361],[-62.720447,-31.813741],[-62.720446,-31.820312],[-62.720464,-31.828856],[-62.720468,-31.834887],[-62.720483,-31.838536],[-62.720453,-31.847204],[-62.72047,-31.852258],[-62.720471,-31.852403],[-62.720471,-31.852508],[-62.720472,-31.852595],[-62.720472,-31.852672],[-62.720472,-31.852737],[-62.720472,-31.852797],[-62.720472,-31.852848],[-62.720473,-31.852895],[-62.720473,-31.852935],[-62.720473,-31.852975],[-62.720473,-31.853013],[-62.720473,-31.853047],[-62.720473,-31.853121],[-62.72049,-31.85386],[-62.720494,-31.854033],[-62.720511,-31.854195],[-62.720546,-31.854338],[-62.720609,-31.854515],[-62.720697,-31.854692],[-62.720799,-31.854857],[-62.720918,-31.855018],[-62.721035,-31.855163],[-62.721166,-31.8553],[-62.721325,-31.855438],[-62.721557,-31.855628],[-62.722108,-31.856057],[-62.722172,-31.856102],[-62.722239,-31.85615],[-62.720745,-31.857695],[-62.720036,-31.858428],[-62.719437,-31.859036],[-62.719134,-31.859332],[-62.718808,-31.859585],[-62.718402,-31.859853],[-62.71795,-31.860131],[-62.717239,-31.860513],[-62.716734,-31.860797],[-62.716488,-31.860935],[-62.716273,-31.861068],[-62.716164,-31.861136],[-62.715949,-31.861284],[-62.71586,-31.861346],[-62.715398,-31.861721],[-62.715025,-31.862068],[-62.714222,-31.862869],[-62.713388,-31.863714],[-62.712571,-31.864536],[-62.711819,-31.865295],[-62.711747,-31.865367],[-62.710541,-31.866569],[-62.710377,-31.866727],[-62.709819,-31.867266],[-62.709414,-31.86766],[-62.708878,-31.86818],[-62.708623,-31.868427],[-62.708593,-31.868466],[-62.70852,-31.868573],[-62.708417,-31.868719],[-62.70838,-31.868811],[-62.708367,-31.868891],[-62.70838,-31.868936],[-62.708384,-31.868982],[-62.708379,-31.869029],[-62.708424,-31.869155],[-62.708505,-31.869281],[-62.708601,-31.869406],[-62.708935,-31.869663],[-62.709256,-31.869883],[-62.709284,-31.869904],[-62.709444,-31.870019],[-62.709863,-31.870321],[-62.710306,-31.870649],[-62.711105,-31.871231],[-62.71192,-31.871833],[-62.712574,-31.872293],[-62.713525,-31.872975],[-62.714571,-31.873744],[-62.715198,-31.874201],[-62.715618,-31.874505],[-62.716047,-31.87481],[-62.716677,-31.875268],[-62.717727,-31.87604],[-62.717857,-31.876124],[-62.717943,-31.876187],[-62.718686,-31.876733],[-62.719651,-31.877429],[-62.720609,-31.878139],[-62.72159,-31.878854],[-62.722613,-31.879591],[-62.723547,-31.880268],[-62.723607,-31.880312],[-62.724549,-31.880991],[-62.725486,-31.881659],[-62.726034,-31.882063],[-62.727506,-31.883079],[-62.727692,-31.883205],[-62.727919,-31.883349],[-62.728014,-31.88339],[-62.728147,-31.88347],[-62.728323,-31.88358],[-62.728523,-31.883681],[-62.728586,-31.883707],[-62.728681,-31.883748],[-62.728757,-31.883774],[-62.728793,-31.883787],[-62.72882,-31.883795],[-62.729018,-31.883853],[-62.72925,-31.88391],[-62.729435,-31.88395],[-62.729643,-31.883987],[-62.729779,-31.884024],[-62.730137,-31.884077],[-62.731017,-31.884215],[-62.731792,-31.884339],[-62.732642,-31.884446],[-62.733048,-31.884514],[-62.733383,-31.884582],[-62.733759,-31.884682],[-62.734059,-31.884784],[-62.734138,-31.884816],[-62.734442,-31.884974],[-62.734534,-31.885022],[-62.735119,-31.885413],[-62.735951,-31.88602],[-62.736236,-31.886227],[-62.739055,-31.888284],[-62.740958,-31.889602],[-62.742783,-31.89086],[-62.750901,-31.896746],[-62.76074,-31.903929],[-62.765046,-31.906817],[-62.784743,-31.921126],[-62.792466,-31.926734],[-62.801096,-31.933002],[-62.801137,-31.933032],[-62.809899,-31.93942],[-62.81497,-31.943367],[-62.8155,-31.943771],[-62.818388,-31.945884],[-62.818924,-31.946277],[-62.819227,-31.94651],[-62.819566,-31.946777],[-62.820637,-31.94769],[-62.821697,-31.948589],[-62.821991,-31.948838],[-62.822367,-31.949155],[-62.822679,-31.949417],[-62.823001,-31.949665],[-62.823196,-31.949811],[-62.823422,-31.949972],[-62.824817,-31.950919],[-62.829285,-31.953957],[-62.830141,-31.954545],[-62.830643,-31.954888],[-62.830891,-31.955062],[-62.831169,-31.955272],[-62.8314,-31.95546],[-62.831672,-31.955697],[-62.831961,-31.955965],[-62.832797,-31.956817],[-62.83364,-31.957707],[-62.834917,-31.959057],[-62.835273,-31.959385],[-62.835555,-31.95963],[-62.835795,-31.959824],[-62.836018,-31.959983],[-62.836234,-31.960121],[-62.836308,-31.960164],[-62.836431,-31.960235],[-62.836649,-31.960348],[-62.836883,-31.960455],[-62.840759,-31.962094],[-62.841117,-31.962251],[-62.841401,-31.962394],[-62.841632,-31.962521],[-62.841886,-31.962667],[-62.842073,-31.96279],[-62.842666,-31.963211],[-62.844604,-31.964573],[-62.8603,-31.975902],[-62.869179,-31.982394],[-62.896612,-32.002227],[-62.904121,-32.007661],[-62.907386,-32.009983],[-62.90933,-32.011408],[-62.909801,-32.011804],[-62.910124,-32.01211],[-62.910845,-32.012856],[-62.911204,-32.013197],[-62.911389,-32.013382],[-62.911649,-32.013601],[-62.91168,-32.013628],[-62.911813,-32.013734],[-62.912557,-32.014283],[-62.913065,-32.014654],[-62.913877,-32.015254],[-62.914706,-32.015832],[-62.915207,-32.016191],[-62.916365,-32.017046],[-62.916846,-32.017398],[-62.917471,-32.017854],[-62.9179,-32.018167],[-62.918964,-32.018923],[-62.920006,-32.01967],[-62.921045,-32.02042],[-62.922106,-32.021186],[-62.923164,-32.021942],[-62.923305,-32.022049],[-62.923667,-32.022308],[-62.924234,-32.022712],[-62.924399,-32.022831],[-62.924851,-32.023092],[-62.924987,-32.023164],[-62.925153,-32.023245],[-62.926017,-32.023621],[-62.926182,-32.023694],[-62.926336,-32.023769],[-62.926459,-32.023834],[-62.926585,-32.023908],[-62.926701,-32.023986],[-62.926841,-32.024086],[-62.92785,-32.024808],[-62.928484,-32.025267],[-62.929507,-32.026008],[-62.943546,-32.036143],[-62.943928,-32.036418],[-62.95241,-32.042555],[-62.952508,-32.042625],[-62.953177,-32.0431],[-62.953294,-32.043185],[-62.95532,-32.044654],[-62.961982,-32.049442],[-62.962857,-32.050071],[-62.967824,-32.053657],[-62.979329,-32.061959],[-62.979523,-32.062108],[-62.991612,-32.07083],[-62.992123,-32.071195],[-62.997295,-32.074931],[-63.002492,-32.078675],[-63.00754,-32.082327],[-63.010541,-32.084482],[-63.012562,-32.085933],[-63.013202,-32.086392],[-63.0135,-32.086614],[-63.019954,-32.091278],[-63.020497,-32.091669],[-63.02208,-32.092804],[-63.024537,-32.094613],[-63.025799,-32.09551],[-63.025943,-32.095615],[-63.026093,-32.095726],[-63.026215,-32.095824],[-63.026346,-32.095937],[-63.026441,-32.096027],[-63.026531,-32.096127],[-63.026616,-32.096225],[-63.026763,-32.096413],[-63.026892,-32.096585],[-63.027007,-32.096738],[-63.027105,-32.096865],[-63.027195,-32.096971],[-63.027268,-32.097049],[-63.027346,-32.097129],[-63.027424,-32.097206],[-63.027476,-32.097253],[-63.027993,-32.097625],[-63.028194,-32.097769],[-63.029111,-32.098429],[-63.029187,-32.098483],[-63.030185,-32.099201],[-63.031262,-32.099976],[-63.031343,-32.100034],[-63.032413,-32.100804],[-63.033403,-32.101515],[-63.033485,-32.101585],[-63.03353,-32.101672],[-63.034097,-32.102083],[-63.034208,-32.102159],[-63.034281,-32.102206],[-63.034349,-32.102241],[-63.034412,-32.102267],[-63.03448,-32.102289],[-63.03464,-32.102329],[-63.035013,-32.102406],[-63.035107,-32.102429],[-63.035181,-32.102451],[-63.035256,-32.102478],[-63.035338,-32.102512],[-63.035413,-32.102549],[-63.035489,-32.102597],[-63.036711,-32.103473],[-63.037818,-32.104266],[-63.039135,-32.105221],[-63.040083,-32.105905],[-63.041185,-32.106698],[-63.043098,-32.108076],[-63.046333,-32.110403],[-63.046707,-32.110671],[-63.047006,-32.110889],[-63.04727,-32.111086],[-63.047515,-32.111281],[-63.047826,-32.11154],[-63.048069,-32.111736],[-63.048478,-32.11206],[-63.04892,-32.112384],[-63.052937,-32.11527],[-63.057943,-32.118874],[-63.058798,-32.119476],[-63.059021,-32.119634],[-63.059135,-32.119716],[-63.05945,-32.119939],[-63.05952,-32.119989],[-63.060395,-32.120641],[-63.060656,-32.120828],[-63.061142,-32.121177],[-63.061416,-32.121377],[-63.062399,-32.122086],[-63.074922,-32.131057],[-63.079315,-32.134204],[-63.084348,-32.137847],[-63.087016,-32.13965],[-63.092429,-32.14354],[-63.093305,-32.144169],[-63.096332,-32.146383],[-63.099843,-32.14889],[-63.100081,-32.149063],[-63.107402,-32.154286],[-63.110159,-32.156273],[-63.118637,-32.16237],[-63.133355,-32.172953],[-63.133973,-32.173392],[-63.135214,-32.174281],[-63.13996,-32.177707],[-63.142028,-32.179184],[-63.144205,-32.180735],[-63.144419,-32.18088],[-63.144994,-32.181289],[-63.145451,-32.181679],[-63.145827,-32.182053],[-63.146152,-32.182399],[-63.14646,-32.182756],[-63.147235,-32.183742],[-63.149177,-32.186221],[-63.152709,-32.190779],[-63.152792,-32.190884],[-63.153669,-32.192036],[-63.154231,-32.192775],[-63.154868,-32.193628],[-63.155654,-32.194625],[-63.157067,-32.196426],[-63.157883,-32.197466],[-63.158221,-32.197906],[-63.158783,-32.198654],[-63.158907,-32.198823],[-63.158966,-32.198908],[-63.15908,-32.199086],[-63.159169,-32.19924],[-63.159315,-32.199504],[-63.159529,-32.19988],[-63.159672,-32.20012],[-63.159843,-32.200402],[-63.160067,-32.200757],[-63.160268,-32.20105],[-63.16032,-32.20112],[-63.160535,-32.201393],[-63.161008,-32.201994],[-63.161796,-32.202987],[-63.161861,-32.203071],[-63.162593,-32.204016],[-63.162931,-32.204434],[-63.16332,-32.204925],[-63.163514,-32.205161],[-63.163664,-32.205321],[-63.163816,-32.20548],[-63.163973,-32.205631],[-63.164194,-32.205843],[-63.164343,-32.205985],[-63.164524,-32.206155],[-63.164715,-32.206342],[-63.164927,-32.206559],[-63.165065,-32.206711],[-63.165233,-32.206899],[-63.165424,-32.207127],[-63.165636,-32.207386],[-63.166639,-32.208654],[-63.172174,-32.215706],[-63.175623,-32.220002],[-63.176547,-32.221153],[-63.178554,-32.223652],[-63.18691,-32.234359],[-63.190808,-32.23932],[-63.194832,-32.244405],[-63.201181,-32.252464],[-63.204038,-32.256113],[-63.214272,-32.269139],[-63.220478,-32.277031],[-63.220685,-32.277294],[-63.226153,-32.284228],[-63.226624,-32.284819],[-63.227417,-32.285806],[-63.227478,-32.285881],[-63.227936,-32.286459],[-63.228028,-32.286576],[-63.228555,-32.287238],[-63.232008,-32.291685],[-63.232181,-32.291914],[-63.23235,-32.292136],[-63.232506,-32.292349],[-63.232651,-32.292561],[-63.232802,-32.292804],[-63.232936,-32.293036],[-63.233062,-32.293267],[-63.233195,-32.293533],[-63.233326,-32.293819],[-63.233433,-32.294071],[-63.233509,-32.294269],[-63.233575,-32.294459],[-63.233636,-32.294655],[-63.233696,-32.294857],[-63.233753,-32.295079],[-63.233801,-32.29528],[-63.233842,-32.295463],[-63.233872,-32.295647],[-63.233898,-32.29584],[-63.233921,-32.296013],[-63.233941,-32.296206],[-63.233957,-32.29643],[-63.233967,-32.296653],[-63.233971,-32.296866],[-63.233971,-32.296937],[-63.233967,-32.297257],[-63.233957,-32.297839],[-63.233914,-32.29926],[-63.233913,-32.299697],[-63.233916,-32.299841],[-63.233921,-32.299961],[-63.233927,-32.300077],[-63.233935,-32.300202],[-63.233956,-32.300476],[-63.233959,-32.300551],[-63.233965,-32.30065],[-63.233969,-32.300802],[-63.233973,-32.300956],[-63.233969,-32.301255],[-63.233966,-32.301522],[-63.233955,-32.302068],[-63.233952,-32.302192],[-63.233949,-32.30232],[-63.233943,-32.302544],[-63.233938,-32.302743],[-63.233934,-32.302915],[-63.23393,-32.303069],[-63.233927,-32.303193],[-63.233926,-32.303224],[-63.233924,-32.303293],[-63.233921,-32.303392],[-63.233919,-32.303492],[-63.233916,-32.303591],[-63.233913,-32.30369],[-63.233897,-32.304238],[-63.233894,-32.30438],[-63.233887,-32.304691],[-63.233845,-32.30709],[-63.233845,-32.307122],[-63.233835,-32.307696],[-63.233807,-32.308742],[-63.233803,-32.308986],[-63.233795,-32.309689],[-63.23375,-32.311616],[-63.233708,-32.313395],[-63.233685,-32.314771],[-63.233653,-32.315902],[-63.233561,-32.319503],[-63.233554,-32.319789],[-63.233547,-32.320074],[-63.23354,-32.320349],[-63.233533,-32.320623],[-63.233527,-32.320872],[-63.233521,-32.321121],[-63.233515,-32.321376],[-63.233509,-32.321609],[-63.233504,-32.321837],[-63.233498,-32.322066],[-63.233494,-32.322244],[-63.23349,-32.322423],[-63.233485,-32.3226],[-63.233482,-32.322753],[-63.233478,-32.322906],[-63.233474,-32.323054],[-63.233471,-32.32318],[-63.233468,-32.323303],[-63.233465,-32.323429],[-63.233462,-32.323555],[-63.23346,-32.323656],[-63.233457,-32.323758],[-63.233455,-32.323858],[-63.233452,-32.323961],[-63.23345,-32.324062],[-63.233471,-32.324332],[-63.233484,-32.324813],[-63.233483,-32.325608],[-63.233472,-32.326147],[-63.233444,-32.327603],[-63.233443,-32.327642],[-63.233414,-32.329057],[-63.233401,-32.32944],[-63.233332,-32.330698],[-63.233311,-32.330809],[-63.233309,-32.33091],[-63.233306,-32.331011],[-63.233304,-32.33111],[-63.233301,-32.331209],[-63.233299,-32.331311],[-63.233295,-32.331438],[-63.233292,-32.331565],[-63.233291,-32.331614],[-63.233289,-32.331693],[-63.233286,-32.331823],[-63.233283,-32.331981],[-63.233282,-32.332001],[-63.233279,-32.332138],[-63.233276,-32.332294],[-63.233271,-32.33247],[-63.233266,-32.332646],[-63.233261,-32.332826],[-63.233255,-32.333049],[-63.233249,-32.333277],[-63.233243,-32.333508],[-63.233236,-32.333775],[-63.233229,-32.334038],[-63.233222,-32.334295],[-63.233215,-32.334567],[-63.233208,-32.334842],[-63.2332,-32.335112],[-63.233193,-32.335384],[-63.233181,-32.335656],[-63.233064,-32.340775],[-63.233017,-32.34277],[-63.233015,-32.343002],[-63.233008,-32.343152],[-63.232995,-32.343339],[-63.232982,-32.343448],[-63.232966,-32.343551],[-63.232951,-32.343635],[-63.232923,-32.34377],[-63.232901,-32.343868],[-63.232873,-32.343982],[-63.232848,-32.344079],[-63.232818,-32.344188],[-63.232782,-32.34429],[-63.232732,-32.344425],[-63.232689,-32.344529],[-63.232636,-32.34464],[-63.232592,-32.344731],[-63.232541,-32.344829],[-63.232497,-32.344914],[-63.232454,-32.344995],[-63.232408,-32.345076],[-63.232361,-32.345154],[-63.232311,-32.345235],[-63.232253,-32.345325],[-63.232182,-32.345427],[-63.231976,-32.345777],[-63.231901,-32.3459],[-63.231875,-32.345937],[-63.231488,-32.346488],[-63.231386,-32.346637],[-63.231327,-32.346737],[-63.231251,-32.346868],[-63.231182,-32.347004],[-63.231135,-32.347107],[-63.231053,-32.34728],[-63.230988,-32.34744],[-63.230936,-32.347574],[-63.230891,-32.347713],[-63.23085,-32.347841],[-63.230803,-32.347992],[-63.230764,-32.348121],[-63.230751,-32.34816],[-63.230713,-32.348418],[-63.230709,-32.348535],[-63.230705,-32.348673],[-63.230707,-32.34882],[-63.230718,-32.348961],[-63.230731,-32.349099],[-63.230743,-32.349226],[-63.230765,-32.349368],[-63.230797,-32.349529],[-63.230831,-32.349691],[-63.230859,-32.349818],[-63.231231,-32.351264],[-63.231439,-32.352087],[-63.231535,-32.352456],[-63.231694,-32.353076],[-63.231774,-32.353299],[-63.231844,-32.353496],[-63.231914,-32.353676],[-63.232005,-32.353865],[-63.232127,-32.35411],[-63.232222,-32.354266],[-63.232293,-32.354379],[-63.232362,-32.354487],[-63.232426,-32.354578],[-63.232501,-32.354673],[-63.232597,-32.354788],[-63.232791,-32.355005],[-63.232938,-32.355165],[-63.233107,-32.355332],[-63.233423,-32.355621],[-63.233828,-32.355929],[-63.234041,-32.356067],[-63.234262,-32.356193],[-63.234518,-32.35632],[-63.234801,-32.356455],[-63.235317,-32.356682],[-63.235375,-32.356705],[-63.235799,-32.356873],[-63.235914,-32.356911],[-63.235985,-32.356925],[-63.236058,-32.356931],[-63.236147,-32.356933],[-63.236237,-32.356925],[-63.236314,-32.356897],[-63.236395,-32.356872],[-63.236479,-32.356855],[-63.236577,-32.356844],[-63.236687,-32.356843],[-63.236806,-32.356855],[-63.236916,-32.356869],[-63.237011,-32.356887],[-63.237108,-32.356914],[-63.237192,-32.356941],[-63.237288,-32.356976],[-63.237383,-32.357018],[-63.237464,-32.357059],[-63.237606,-32.35715],[-63.23775,-32.357259],[-63.23782,-32.357322],[-63.237884,-32.357384],[-63.237928,-32.357433],[-63.237965,-32.35748],[-63.238025,-32.357564],[-63.238061,-32.357633],[-63.238082,-32.357694],[-63.238102,-32.357776],[-63.238114,-32.357864],[-63.23811,-32.357919],[-63.238101,-32.357975],[-63.238086,-32.358029],[-63.238066,-32.358083],[-63.238039,-32.358134],[-63.238008,-32.358184],[-63.237974,-32.358226],[-63.237939,-32.358264],[-63.237905,-32.358294],[-63.237865,-32.358324],[-63.237847,-32.358336],[-63.237807,-32.358364],[-63.237731,-32.35841],[-63.237617,-32.358518],[-63.237569,-32.358581],[-63.237524,-32.358656],[-63.237496,-32.358726],[-63.237476,-32.358824],[-63.237469,-32.358897],[-63.237475,-32.359017],[-63.237519,-32.359146],[-63.237538,-32.359246],[-63.237549,-32.359344],[-63.237553,-32.359477],[-63.237552,-32.359591],[-63.237544,-32.35971],[-63.237526,-32.359818],[-63.237495,-32.359945],[-63.237434,-32.360112],[-63.237357,-32.360285],[-63.236954,-32.360908],[-63.23656,-32.361495],[-63.236253,-32.361955],[-63.236002,-32.362332],[-63.235802,-32.362638],[-63.235686,-32.362818],[-63.235574,-32.363002],[-63.23548,-32.36317],[-63.235364,-32.363416],[-63.235284,-32.363577],[-63.235175,-32.363771],[-63.235144,-32.363831],[-63.235098,-32.363883],[-63.235035,-32.363972],[-63.235004,-32.364044],[-63.234986,-32.36412],[-63.234981,-32.364209],[-63.234987,-32.364319],[-63.234995,-32.364364],[-63.235021,-32.364524],[-63.235028,-32.364689],[-63.235024,-32.364872],[-63.235021,-32.365087],[-63.235028,-32.365243],[-63.235038,-32.365399],[-63.235053,-32.365554],[-63.235062,-32.365632],[-63.23508,-32.36571],[-63.235119,-32.365859],[-63.235158,-32.36601],[-63.235198,-32.36616],[-63.23524,-32.366312],[-63.235282,-32.366465],[-63.235324,-32.366615],[-63.235364,-32.366769],[-63.235412,-32.366948],[-63.235464,-32.367147],[-63.235524,-32.367371],[-63.23559,-32.367621],[-63.235663,-32.367898],[-63.235863,-32.368653],[-63.235988,-32.369126],[-63.236119,-32.3696],[-63.236187,-32.36985],[-63.236259,-32.370119],[-63.23645,-32.370816],[-63.237162,-32.373492],[-63.237174,-32.373539],[-63.237446,-32.374553],[-63.237475,-32.374662],[-63.237628,-32.375235],[-63.23771,-32.375529],[-63.237791,-32.37583],[-63.237955,-32.376441],[-63.237983,-32.376541],[-63.238244,-32.377516],[-63.238271,-32.37762],[-63.238425,-32.378192],[-63.238433,-32.378221],[-63.238641,-32.378974],[-63.238723,-32.379288],[-63.238951,-32.380131],[-63.23932,-32.381502],[-63.240057,-32.384249],[-63.240213,-32.384826],[-63.240223,-32.384866],[-63.240266,-32.385021],[-63.240294,-32.385122],[-63.240414,-32.385579],[-63.240517,-32.385957],[-63.240605,-32.386261],[-63.240701,-32.386534],[-63.240724,-32.386607],[-63.240908,-32.387295],[-63.240981,-32.387572],[-63.24103,-32.387745],[-63.241048,-32.387803],[-63.241275,-32.388523],[-63.241311,-32.388623],[-63.241331,-32.388674],[-63.24136,-32.388736],[-63.241399,-32.388808],[-63.241455,-32.388884],[-63.241493,-32.388934],[-63.241595,-32.389055],[-63.241748,-32.389245],[-63.2418,-32.389312],[-63.241848,-32.389384],[-63.241905,-32.3895],[-63.241992,-32.389738],[-63.242025,-32.389812],[-63.242068,-32.389877],[-63.242112,-32.389932],[-63.242154,-32.38997],[-63.242199,-32.390004],[-63.242264,-32.390045],[-63.242302,-32.390062],[-63.242311,-32.390067],[-63.242338,-32.390083],[-63.242369,-32.390109],[-63.242394,-32.390139],[-63.242414,-32.390171],[-63.242427,-32.390206],[-63.242434,-32.390242],[-63.242434,-32.390279],[-63.242427,-32.390315],[-63.242413,-32.39035],[-63.242393,-32.390382],[-63.242367,-32.390411],[-63.242337,-32.390437],[-63.242319,-32.390448],[-63.242298,-32.390485],[-63.242276,-32.390527],[-63.242257,-32.390584],[-63.24225,-32.390635],[-63.242248,-32.390677],[-63.242255,-32.390727],[-63.24226,-32.390767],[-63.242272,-32.39081],[-63.24242,-32.391362],[-63.242779,-32.392702],[-63.242833,-32.392736],[-63.243758,-32.39332],[-63.244214,-32.393607],[-63.244455,-32.39376],[-63.244649,-32.393883],[-63.245086,-32.394162],[-63.24609,-32.394816],[-63.246314,-32.394957],[-63.247174,-32.395499],[-63.247201,-32.395517],[-63.247368,-32.395624],[-63.247997,-32.396028],[-63.248642,-32.39644],[-63.248781,-32.396508],[-63.248861,-32.396545],[-63.248915,-32.396561],[-63.248952,-32.396569],[-63.248993,-32.396576],[-63.249027,-32.396579],[-63.249061,-32.396588],[-63.249084,-32.396598],[-63.249105,-32.396611],[-63.249124,-32.396627],[-63.249139,-32.396645],[-63.249151,-32.396665],[-63.249159,-32.396686],[-63.249163,-32.396708],[-63.249163,-32.39673],[-63.249159,-32.396752],[-63.249152,-32.396772],[-63.249141,-32.39679],[-63.249128,-32.396807],[-63.249111,-32.396823],[-63.24905,-32.396897],[-63.249025,-32.396941],[-63.249,-32.396996],[-63.248978,-32.397065],[-63.248964,-32.397137],[-63.248959,-32.397228],[-63.248962,-32.397276],[-63.248947,-32.397322],[-63.248954,-32.397375],[-63.24898,-32.397419],[-63.248997,-32.397434],[-63.249028,-32.397462],[-63.249144,-32.397559],[-63.25012,-32.398184],[-63.250942,-32.398708],[-63.253522,-32.400354],[-63.253637,-32.400427],[-63.254062,-32.400699],[-63.254556,-32.401014],[-63.25464,-32.401065],[-63.253713,-32.402084],[-63.253647,-32.402145],[-63.253598,-32.402182],[-63.253539,-32.402215],[-63.253486,-32.402239],[-63.253362,-32.40229],[-63.253329,-32.40231],[-63.25329,-32.402323],[-63.25324,-32.402328],[-63.253137,-32.402357],[-63.253072,-32.402381],[-63.253017,-32.40241],[-63.252959,-32.402448],[-63.252296,-32.403206],[-63.251487,-32.404144],[-63.250635,-32.405132],[-63.251068,-32.405413],[-63.251112,-32.405441],[-63.25129,-32.405552],[-63.251571,-32.405724],[-63.251984,-32.405975],[-63.252209,-32.406114],[-63.253373,-32.406839],[-63.254465,-32.407547],[-63.255574,-32.408254],[-63.256689,-32.408964],[-63.256791,-32.409025],[-63.257177,-32.40924],[-63.257444,-32.409396],[-63.257644,-32.409496],[-63.257831,-32.409579],[-63.257971,-32.40963],[-63.258113,-32.409669],[-63.258227,-32.409694],[-63.258383,-32.409721],[-63.258633,-32.409748],[-63.258908,-32.409771],[-63.259175,-32.409792],[-63.259726,-32.409823],[-63.259857,-32.409831],[-63.260223,-32.409853],[-63.260744,-32.409888],[-63.26194,-32.409963],[-63.262344,-32.409988],[-63.263059,-32.410033],[-63.264273,-32.410109],[-63.265465,-32.41018],[-63.266665,-32.410252],[-63.267884,-32.410325],[-63.269117,-32.410399],[-63.269274,-32.410409],[-63.269871,-32.410445],[-63.271014,-32.410513],[-63.271428,-32.410538],[-63.271731,-32.410557],[-63.272639,-32.410613],[-63.272928,-32.410631],[-63.273522,-32.410668],[-63.27395,-32.410694],[-63.275197,-32.410775],[-63.27577,-32.410807],[-63.275836,-32.410811],[-63.277708,-32.410927],[-63.278072,-32.41095],[-63.278956,-32.411004],[-63.279804,-32.411057],[-63.280238,-32.411084],[-63.282119,-32.411201],[-63.282682,-32.411237],[-63.283004,-32.411271],[-63.283118,-32.411287],[-63.28334,-32.411323],[-63.28369,-32.411381],[-63.285205,-32.411665],[-63.285862,-32.41179],[-63.286528,-32.411918],[-63.287161,-32.412039],[-63.289262,-32.412437],[-63.291041,-32.412781],[-63.291698,-32.412897],[-63.291974,-32.412945],[-63.292163,-32.412978],[-63.292379,-32.413022],[-63.292609,-32.413077],[-63.292773,-32.413119],[-63.292945,-32.413168],[-63.293085,-32.413212],[-63.293236,-32.413265],[-63.29341,-32.41333],[-63.293607,-32.413413],[-63.293782,-32.413496],[-63.293957,-32.413584],[-63.294137,-32.413684],[-63.294348,-32.41381],[-63.294378,-32.41383],[-63.294618,-32.413998],[-63.294707,-32.414059],[-63.297116,-32.41574],[-63.298169,-32.416463],[-63.299333,-32.417268],[-63.300937,-32.418355],[-63.300986,-32.418389],[-63.301417,-32.418681],[-63.301569,-32.418782],[-63.301717,-32.41888],[-63.302538,-32.419434],[-63.303253,-32.419914],[-63.303341,-32.419974],[-63.305515,-32.421418],[-63.306174,-32.421864],[-63.306336,-32.421973],[-63.306517,-32.422099],[-63.306878,-32.422368],[-63.30705,-32.422499],[-63.307202,-32.422617],[-63.307406,-32.42278],[-63.308302,-32.42349],[-63.308409,-32.423576],[-63.308586,-32.423711],[-63.308799,-32.423866],[-63.309308,-32.424221],[-63.309528,-32.424372],[-63.309661,-32.424463],[-63.309769,-32.424537],[-63.309864,-32.424601],[-63.309948,-32.424659],[-63.310031,-32.424715],[-63.310101,-32.424763],[-63.310167,-32.424808],[-63.310219,-32.424844],[-63.310229,-32.42485],[-63.310289,-32.424891],[-63.310343,-32.424929],[-63.310398,-32.424967],[-63.310446,-32.425],[-63.310495,-32.425034],[-63.310541,-32.425066],[-63.310585,-32.425097],[-63.310612,-32.425115],[-63.310625,-32.425125],[-63.310664,-32.425151],[-63.310704,-32.425179],[-63.31074,-32.425205],[-63.310776,-32.42523],[-63.310811,-32.425254],[-63.310844,-32.425278],[-63.310876,-32.4253],[-63.310905,-32.425321],[-63.310939,-32.425345],[-63.311066,-32.425432],[-63.311214,-32.425506],[-63.311383,-32.425607],[-63.311498,-32.42568],[-63.311666,-32.425776],[-63.311817,-32.425857],[-63.312,-32.425959],[-63.312144,-32.426038],[-63.312309,-32.42613],[-63.312408,-32.426192],[-63.312483,-32.426246],[-63.312533,-32.426286],[-63.312597,-32.426345],[-63.312666,-32.42642],[-63.31276,-32.426533],[-63.312836,-32.426624],[-63.312955,-32.426757],[-63.313033,-32.426845],[-63.313113,-32.426921],[-63.313192,-32.426993],[-63.313251,-32.427039],[-63.313307,-32.427072],[-63.313366,-32.427098],[-63.313428,-32.427117],[-63.313506,-32.427134],[-63.313655,-32.427157],[-63.313724,-32.427165],[-63.313774,-32.427172],[-63.313857,-32.42719],[-63.313909,-32.427211],[-63.313962,-32.427243],[-63.314001,-32.427277],[-63.314033,-32.427319],[-63.314064,-32.427374],[-63.314067,-32.427409],[-63.314099,-32.427463],[-63.314131,-32.427504],[-63.314174,-32.427549],[-63.314221,-32.427587],[-63.31427,-32.42762],[-63.314328,-32.427653],[-63.314431,-32.427707],[-63.314505,-32.427744],[-63.314647,-32.427813],[-63.314775,-32.427878],[-63.314838,-32.427916],[-63.314896,-32.427954],[-63.314936,-32.427985],[-63.315022,-32.428056],[-63.315161,-32.428172],[-63.315415,-32.428384],[-63.315563,-32.428509],[-63.316456,-32.429098],[-63.316487,-32.429119],[-63.316519,-32.429141],[-63.316552,-32.429163],[-63.316584,-32.429185],[-63.316618,-32.429208],[-63.316653,-32.429232],[-63.316688,-32.429256],[-63.316726,-32.429282],[-63.316764,-32.429308],[-63.316806,-32.429336],[-63.316848,-32.429365],[-63.316894,-32.429396],[-63.31694,-32.429428],[-63.316989,-32.42946],[-63.317041,-32.429496],[-63.317097,-32.429534],[-63.317156,-32.429575],[-63.31722,-32.429618],[-63.317287,-32.429664],[-63.317359,-32.429713],[-63.31744,-32.429768],[-63.317529,-32.429829],[-63.317628,-32.429896],[-63.317741,-32.429973],[-63.317872,-32.430062],[-63.318737,-32.430656],[-63.319039,-32.430863],[-63.323672,-32.434042],[-63.324777,-32.434797],[-63.325042,-32.434993],[-63.32587,-32.435564],[-63.329532,-32.43808],[-63.33865,-32.444321],[-63.341364,-32.446184],[-63.342578,-32.446992],[-63.343067,-32.447266],[-63.343324,-32.447411],[-63.343399,-32.447451],[-63.344106,-32.447826],[-63.344248,-32.447909],[-63.344404,-32.448012],[-63.345212,-32.448567],[-63.345359,-32.448673],[-63.345472,-32.448758],[-63.345555,-32.448826],[-63.345634,-32.448896],[-63.345685,-32.448942],[-63.345729,-32.448987],[-63.345793,-32.449053],[-63.345876,-32.449143],[-63.345984,-32.449264],[-63.346126,-32.449421],[-63.346258,-32.449562],[-63.346376,-32.449689],[-63.34649,-32.449807],[-63.346605,-32.449912],[-63.34673,-32.450014],[-63.348338,-32.451097],[-63.349042,-32.451485],[-63.349144,-32.451535],[-63.349247,-32.451592],[-63.349594,-32.451826],[-63.349623,-32.451849],[-63.349654,-32.45187],[-63.349684,-32.45189],[-63.349716,-32.451913],[-63.34975,-32.451936],[-63.349784,-32.451959],[-63.349819,-32.451983],[-63.349858,-32.45201],[-63.349899,-32.452038],[-63.349938,-32.452065],[-63.349982,-32.452095],[-63.350026,-32.452125],[-63.350075,-32.452158],[-63.350123,-32.452192],[-63.350173,-32.452226],[-63.350227,-32.452263],[-63.350287,-32.452304],[-63.350349,-32.452347],[-63.350414,-32.452391],[-63.350491,-32.452444],[-63.35057,-32.452498],[-63.350659,-32.452559],[-63.350758,-32.452627],[-63.350868,-32.452702],[-63.351028,-32.452812],[-63.359469,-32.458608],[-63.367982,-32.464458],[-63.378524,-32.471714],[-63.387142,-32.477614],[-63.387254,-32.477691],[-63.389301,-32.479116],[-63.389589,-32.479307],[-63.39043,-32.479877],[-63.394094,-32.4824],[-63.394224,-32.48249],[-63.394336,-32.482568],[-63.394435,-32.482636],[-63.394523,-32.482696],[-63.394603,-32.482751],[-63.394676,-32.482802],[-63.394744,-32.482849],[-63.394808,-32.482892],[-63.394865,-32.482932],[-63.394919,-32.48297],[-63.394971,-32.483005],[-63.39502,-32.483039],[-63.395066,-32.48307],[-63.395112,-32.483102],[-63.395154,-32.483131],[-63.395195,-32.483159],[-63.395233,-32.483185],[-63.395271,-32.483212],[-63.395304,-32.483235],[-63.395341,-32.48326],[-63.395375,-32.483284],[-63.395408,-32.483306],[-63.39544,-32.483328],[-63.395471,-32.483349],[-63.395501,-32.483369],[-63.39676,-32.484221],[-63.39691,-32.484319],[-63.397041,-32.484409],[-63.397158,-32.484489],[-63.397278,-32.484578],[-63.397368,-32.48465],[-63.397431,-32.484707],[-63.397494,-32.484766],[-63.397576,-32.484846],[-63.397652,-32.484924],[-63.39772,-32.484994],[-63.39778,-32.485061],[-63.397849,-32.485139],[-63.398088,-32.485423],[-63.398376,-32.485783],[-63.398557,-32.486014],[-63.39877,-32.486273],[-63.398893,-32.486399],[-63.399011,-32.486505],[-63.399133,-32.486605],[-63.399259,-32.486704],[-63.399374,-32.486789],[-63.399487,-32.486867],[-63.399654,-32.486984],[-63.399743,-32.487042],[-63.400284,-32.487411],[-63.401265,-32.488079],[-63.40222,-32.488736],[-63.402705,-32.48907],[-63.403158,-32.48938],[-63.404099,-32.490027],[-63.405061,-32.490694],[-63.405155,-32.490757],[-63.405655,-32.491096],[-63.405783,-32.491184],[-63.406,-32.491316],[-63.406215,-32.491433],[-63.406373,-32.49151],[-63.406507,-32.491572],[-63.406733,-32.491671],[-63.406872,-32.491724],[-63.406948,-32.491751],[-63.407003,-32.491768],[-63.40704,-32.491779],[-63.407079,-32.49179],[-63.407115,-32.4918],[-63.407155,-32.491812],[-63.407196,-32.491824],[-63.407238,-32.491837],[-63.407282,-32.49185],[-63.407329,-32.491864],[-63.407374,-32.491877],[-63.407425,-32.491892],[-63.40748,-32.491908],[-63.407535,-32.491924],[-63.407592,-32.491941],[-63.407649,-32.491958],[-63.407711,-32.491976],[-63.40778,-32.491999],[-63.407852,-32.492021],[-63.407926,-32.492044],[-63.408009,-32.492073],[-63.408095,-32.492102],[-63.408189,-32.492136],[-63.408295,-32.492177],[-63.408406,-32.492221],[-63.408535,-32.492277],[-63.408678,-32.492348],[-63.408829,-32.492424],[-63.408936,-32.492483],[-63.409072,-32.492564],[-63.409205,-32.492647],[-63.409331,-32.492732],[-63.409521,-32.492864],[-63.414705,-32.496418],[-63.41699,-32.497988],[-63.428421,-32.505832],[-63.438503,-32.512741],[-63.44327,-32.516011],[-63.443442,-32.516127],[-63.460732,-32.527983],[-63.467957,-32.532931],[-63.468086,-32.533019],[-63.468199,-32.533097],[-63.468297,-32.533164],[-63.468386,-32.533224],[-63.468467,-32.53328],[-63.46854,-32.53333],[-63.468608,-32.533376],[-63.46867,-32.533419],[-63.468728,-32.533459],[-63.468784,-32.533497],[-63.468837,-32.533533],[-63.468887,-32.533568],[-63.468931,-32.533598],[-63.468976,-32.533628],[-63.469018,-32.533657],[-63.46906,-32.533685],[-63.469097,-32.533711],[-63.469135,-32.533737],[-63.469172,-32.533762],[-63.469208,-32.533787],[-63.46924,-32.533809],[-63.469272,-32.533831],[-63.469304,-32.533853],[-63.469334,-32.533874],[-63.469363,-32.533893],[-63.470048,-32.53437],[-63.470321,-32.53456],[-63.470438,-32.534645],[-63.470517,-32.534706],[-63.470597,-32.534769],[-63.470683,-32.534835],[-63.470775,-32.534912],[-63.47088,-32.535003],[-63.471002,-32.535114],[-63.471112,-32.535224],[-63.471214,-32.535319],[-63.471337,-32.535441],[-63.471444,-32.535548],[-63.471624,-32.535722],[-63.471851,-32.535943],[-63.47269,-32.536774],[-63.472922,-32.536997],[-63.473018,-32.53708],[-63.473159,-32.537205],[-63.473298,-32.537324],[-63.473482,-32.537475],[-63.473734,-32.537668],[-63.473814,-32.537729],[-63.474793,-32.538389],[-63.474837,-32.538421],[-63.475774,-32.539077],[-63.476734,-32.539745],[-63.477658,-32.540388],[-63.478049,-32.540655],[-63.478622,-32.541047],[-63.479586,-32.541693],[-63.480532,-32.542342],[-63.480594,-32.542384],[-63.481221,-32.542817],[-63.481386,-32.542928],[-63.481517,-32.543014],[-63.481664,-32.543107],[-63.481849,-32.5432],[-63.481949,-32.543256],[-63.482044,-32.543307],[-63.482133,-32.543352],[-63.482223,-32.543395],[-63.482291,-32.543425],[-63.482376,-32.543462],[-63.482452,-32.543492],[-63.482529,-32.543522],[-63.482599,-32.543547],[-63.48268,-32.543577],[-63.482768,-32.543606],[-63.482887,-32.543644],[-63.483022,-32.543685],[-63.483168,-32.543727],[-63.48358,-32.54385],[-63.483701,-32.543889],[-63.483794,-32.543921],[-63.48388,-32.543952],[-63.483965,-32.543985],[-63.484037,-32.544013],[-63.484118,-32.54405],[-63.484193,-32.544084],[-63.484275,-32.544124],[-63.484354,-32.544164],[-63.484435,-32.544207],[-63.484496,-32.544242],[-63.48457,-32.544286],[-63.484641,-32.54433],[-63.484756,-32.544419],[-63.484817,-32.544462],[-63.484909,-32.544527],[-63.486065,-32.545318],[-63.486093,-32.545338],[-63.486123,-32.545358],[-63.486152,-32.545378],[-63.486184,-32.5454],[-63.486217,-32.545422],[-63.486251,-32.545446],[-63.486287,-32.545471],[-63.486324,-32.545496],[-63.486361,-32.545522],[-63.486403,-32.54555],[-63.486444,-32.545578],[-63.486491,-32.54561],[-63.486538,-32.545643],[-63.48659,-32.545678],[-63.486644,-32.545715],[-63.486705,-32.545757],[-63.486765,-32.545798],[-63.486833,-32.545845],[-63.486904,-32.545894],[-63.486981,-32.545947],[-63.487063,-32.546003],[-63.487153,-32.546065],[-63.487252,-32.546132],[-63.487361,-32.546208],[-63.487485,-32.546292],[-63.493144,-32.550169],[-63.507949,-32.56027],[-63.514784,-32.564932],[-63.518473,-32.567454],[-63.518649,-32.567575],[-63.534364,-32.578319],[-63.5406,-32.582581],[-63.555037,-32.592446],[-63.561475,-32.59685],[-63.563105,-32.597953],[-63.563828,-32.598453],[-63.565794,-32.599801],[-63.567474,-32.600955],[-63.567704,-32.6011],[-63.568529,-32.601659],[-63.569296,-32.602186],[-63.569686,-32.602442],[-63.569738,-32.602478],[-63.570185,-32.602789],[-63.570799,-32.603216],[-63.57229,-32.604221],[-63.572559,-32.604424],[-63.573878,-32.605334],[-63.574604,-32.605828],[-63.574751,-32.605941],[-63.574896,-32.606058],[-63.575033,-32.606183],[-63.57515,-32.606294],[-63.575323,-32.60647],[-63.575482,-32.606647],[-63.575576,-32.606749],[-63.575616,-32.606793],[-63.575683,-32.606858],[-63.575764,-32.606949],[-63.575841,-32.60706],[-63.575924,-32.607198],[-63.576008,-32.607336],[-63.576169,-32.607608],[-63.576232,-32.607682],[-63.57629,-32.607727],[-63.576356,-32.607767],[-63.576433,-32.607797],[-63.576511,-32.607818],[-63.576574,-32.60783],[-63.576609,-32.60783],[-63.576645,-32.60783],[-63.576681,-32.607833],[-63.576716,-32.60784],[-63.576751,-32.607849],[-63.576784,-32.60786],[-63.576817,-32.607873],[-63.576847,-32.607889],[-63.576876,-32.607907],[-63.576903,-32.607927],[-63.576928,-32.607949],[-63.576968,-32.607993],[-63.576982,-32.608014],[-63.576994,-32.608035],[-63.577116,-32.608167],[-63.577157,-32.608203],[-63.577204,-32.608229],[-63.577259,-32.608251],[-63.577326,-32.608271],[-63.577474,-32.608308],[-63.577579,-32.608334],[-63.577673,-32.608367],[-63.577781,-32.608415],[-63.577862,-32.608462],[-63.578063,-32.608619],[-63.578149,-32.608681],[-63.57845,-32.608882],[-63.579639,-32.609707],[-63.580156,-32.610097],[-63.580631,-32.61042],[-63.58081,-32.610541],[-63.5809,-32.610603],[-63.581978,-32.611342],[-63.583342,-32.612274],[-63.584162,-32.612839],[-63.585148,-32.61347],[-63.589463,-32.616442],[-63.589593,-32.616531],[-63.589714,-32.616614],[-63.589824,-32.616689],[-63.589925,-32.616758],[-63.590018,-32.616821],[-63.590102,-32.61688],[-63.590182,-32.616936],[-63.590257,-32.616988],[-63.590327,-32.617035],[-63.590394,-32.617082],[-63.590457,-32.617125],[-63.590519,-32.617167],[-63.590576,-32.617206],[-63.590633,-32.617245],[-63.590686,-32.617281],[-63.590702,-32.617292],[-63.590736,-32.617315],[-63.590787,-32.61735],[-63.590833,-32.617382],[-63.59088,-32.617415],[-63.590925,-32.617446],[-63.590968,-32.617476],[-63.591009,-32.617504],[-63.591021,-32.617512],[-63.591051,-32.617534],[-63.591091,-32.617561],[-63.59113,-32.617588],[-63.591167,-32.617613],[-63.591204,-32.617638],[-63.591241,-32.617664],[-63.591278,-32.617688],[-63.591311,-32.617711],[-63.591344,-32.617734],[-63.591377,-32.617756],[-63.591409,-32.617778],[-63.591441,-32.617799],[-63.591473,-32.617821],[-63.591501,-32.61784],[-63.591528,-32.617859],[-63.592001,-32.618151],[-63.59234,-32.618382],[-63.59241,-32.618429],[-63.592488,-32.618474],[-63.592562,-32.618511],[-63.592662,-32.618553],[-63.592742,-32.61858],[-63.592819,-32.618604],[-63.592907,-32.618622],[-63.593002,-32.618639],[-63.593175,-32.618662],[-63.593301,-32.618676],[-63.593389,-32.618685],[-63.593485,-32.618701],[-63.593559,-32.618718],[-63.593636,-32.618742],[-63.593736,-32.618784],[-63.593827,-32.618826],[-63.594811,-32.619512],[-63.594841,-32.619532],[-63.594867,-32.619549],[-63.594897,-32.61957],[-63.594924,-32.619589],[-63.594956,-32.619611],[-63.594986,-32.619631],[-63.595015,-32.619651],[-63.595047,-32.619673],[-63.595078,-32.619694],[-63.595109,-32.619715],[-63.595142,-32.619738],[-63.595173,-32.619759],[-63.595206,-32.619782],[-63.595238,-32.619803],[-63.595274,-32.619828],[-63.595308,-32.619852],[-63.595346,-32.619877],[-63.595382,-32.619902],[-63.595419,-32.619927],[-63.595458,-32.619954],[-63.595496,-32.61998],[-63.595538,-32.620009],[-63.59558,-32.620038],[-63.595621,-32.620065],[-63.595664,-32.620095],[-63.595707,-32.620124],[-63.595754,-32.620157],[-63.595802,-32.620189],[-63.595847,-32.620221],[-63.595897,-32.620255],[-63.59595,-32.620291],[-63.596001,-32.620325],[-63.596055,-32.620363],[-63.59611,-32.6204],[-63.596167,-32.620439],[-63.596228,-32.620481],[-63.596289,-32.620523],[-63.596354,-32.620568],[-63.59642,-32.620612],[-63.59649,-32.62066],[-63.59656,-32.620708],[-63.596635,-32.620759],[-63.596714,-32.620813],[-63.596798,-32.620871],[-63.596885,-32.62093],[-63.596976,-32.620992],[-63.597075,-32.62106],[-63.597177,-32.62113],[-63.597286,-32.621204],[-63.597409,-32.621288],[-63.597538,-32.621376],[-63.606601,-32.627565],[-63.608455,-32.628856],[-63.614214,-32.632778],[-63.614592,-32.633035],[-63.614793,-32.633173],[-63.6253,-32.640278],[-63.630485,-32.643811],[-63.649978,-32.657122],[-63.65206,-32.65854],[-63.660893,-32.664555],[-63.666882,-32.668634],[-63.677208,-32.675674],[-63.696628,-32.688923],[-63.701743,-32.692434],[-63.70252,-32.692979],[-63.703926,-32.693927],[-63.704098,-32.694048],[-63.705236,-32.694816],[-63.70543,-32.694947],[-63.705591,-32.694778],[-63.705739,-32.694606],[-63.70591,-32.694714],[-63.70697,-32.69451],[-63.707744,-32.694361],[-63.70849,-32.694217],[-63.708585,-32.694199],[-63.709823,-32.69396],[-63.711131,-32.693708],[-63.71239,-32.693484],[-63.712586,-32.693448],[-63.712929,-32.693386],[-63.711155,-32.686875],[-63.710672,-32.684925],[-63.710371,-32.683823],[-63.710146,-32.682685],[-63.710071,-32.681972],[-63.710044,-32.681236],[-63.710173,-32.680188],[-63.710409,-32.679267],[-63.710747,-32.678385],[-63.711056,-32.677758],[-63.714211,-32.67169],[-63.714537,-32.671129],[-63.714713,-32.670945],[-63.714989,-32.670613],[-63.717051,-32.668682],[-63.724323,-32.661986],[-63.727341,-32.659124],[-63.727483,-32.658901],[-63.7276,-32.658722],[-63.72771,-32.658543],[-63.728058,-32.657975],[-63.729397,-32.654924],[-63.729519,-32.654778],[-63.729649,-32.654602],[-63.73023,-32.653883],[-63.730919,-32.653208],[-63.732211,-32.651982],[-63.7335,-32.650518],[-63.734921,-32.648525],[-63.736126,-32.646806],[-63.737327,-32.645105],[-63.739039,-32.642803],[-63.740696,-32.64057],[-63.741044,-32.640004],[-63.743303,-32.635779],[-63.745427,-32.631634],[-63.745534,-32.631379],[-63.74567,-32.631067],[-63.745963,-32.630449],[-63.74608,-32.630248],[-63.747515,-32.627236],[-63.748223,-32.625926],[-63.749046,-32.624649],[-63.751818,-32.620549],[-63.753673,-32.617784],[-63.75558,-32.615126],[-63.756425,-32.614323],[-63.75797,-32.613058],[-63.760395,-32.61103],[-63.762054,-32.60959],[-63.768302,-32.603463],[-63.770844,-32.600679],[-63.77417,-32.597693],[-63.777495,-32.594598],[-63.779358,-32.592582],[-63.780211,-32.591818],[-63.78073,-32.591476],[-63.780888,-32.591387],[-63.781071,-32.591318],[-63.781337,-32.59121],[-63.782402,-32.590885],[-63.78304,-32.590791],[-63.783621,-32.590706],[-63.785029,-32.590469],[-63.785864,-32.590331],[-63.786326,-32.590266],[-63.790819,-32.589535],[-63.792207,-32.589284],[-63.794628,-32.588822],[-63.80074,-32.587646],[-63.804887,-32.586824],[-63.805583,-32.586602],[-63.80592,-32.586434],[-63.806286,-32.586249],[-63.806622,-32.586044],[-63.806893,-32.585833],[-63.807119,-32.585615],[-63.807283,-32.585433],[-63.807442,-32.58525],[-63.807605,-32.58502],[-63.807701,-32.584889],[-63.807792,-32.584741],[-63.807933,-32.584521],[-63.808032,-32.584322],[-63.808082,-32.584173],[-63.80812,-32.584069],[-63.808264,-32.583524],[-63.808315,-32.582197],[-63.80833,-32.581821],[-63.808382,-32.580723],[-63.808391,-32.580524],[-63.808394,-32.580368],[-63.808395,-32.5802],[-63.808389,-32.580031],[-63.808374,-32.579865],[-63.80835,-32.579716],[-63.808331,-32.579619],[-63.808303,-32.579525],[-63.808249,-32.579339],[-63.808183,-32.579157],[-63.808087,-32.578891],[-63.808029,-32.578717],[-63.807969,-32.578519],[-63.8079,-32.578279],[-63.807737,-32.57775],[-63.807684,-32.577587],[-63.807455,-32.576827],[-63.807149,-32.575843],[-63.808329,-32.575607],[-63.809505,-32.575381],[-63.81066,-32.575149],[-63.811812,-32.574915],[-63.812969,-32.574679],[-63.813171,-32.574584],[-63.813264,-32.574623],[-63.813383,-32.574651],[-63.813505,-32.574658],[-63.813656,-32.574651],[-63.814544,-32.574567],[-63.814818,-32.574532],[-63.815039,-32.574481],[-63.815234,-32.574407],[-63.815331,-32.574361],[-63.815432,-32.574307],[-63.815596,-32.574197],[-63.817371,-32.572852],[-63.820194,-32.570805],[-63.828448,-32.564676],[-63.828669,-32.5645],[-63.828813,-32.564377],[-63.828919,-32.564279],[-63.829008,-32.564193],[-63.829098,-32.564098],[-63.82919,-32.563998],[-63.829284,-32.563887],[-63.829391,-32.563747],[-63.829511,-32.563583],[-63.829742,-32.563277],[-63.830185,-32.562676],[-63.830737,-32.561934],[-63.832817,-32.559147],[-63.836284,-32.554488],[-63.836454,-32.554268],[-63.836713,-32.55393],[-63.836995,-32.55359],[-63.838051,-32.552273],[-63.838243,-32.552047],[-63.838441,-32.551846],[-63.83869,-32.551615],[-63.838928,-32.551435],[-63.839123,-32.551303],[-63.839485,-32.551096],[-63.839752,-32.550959],[-63.840074,-32.550816],[-63.840398,-32.550688],[-63.840739,-32.550582],[-63.841017,-32.550521],[-63.841372,-32.55045],[-63.844457,-32.549822],[-63.863649,-32.545971],[-63.863969,-32.545898],[-63.864242,-32.545823],[-63.864492,-32.545726],[-63.864781,-32.545573],[-63.865065,-32.545382],[-63.865326,-32.545178],[-63.865556,-32.544949],[-63.866437,-32.543878],[-63.867177,-32.543034],[-63.867431,-32.542777],[-63.867733,-32.542539],[-63.86792,-32.54243],[-63.868179,-32.542318],[-63.885522,-32.539015],[-63.912514,-32.533874],[-63.912835,-32.533801],[-63.913515,-32.533673],[-63.92738,-32.531052],[-63.931674,-32.530229],[-63.932183,-32.530132],[-63.932652,-32.530041],[-63.945987,-32.527457],[-63.962304,-32.524299],[-63.962724,-32.524271],[-63.962987,-32.524254],[-63.970844,-32.527311],[-63.983093,-32.532044],[-64.000641,-32.538868],[-63.997228,-32.525933],[-63.996738,-32.523998],[-63.992376,-32.507355],[-63.989981,-32.498346],[-63.98991,-32.498066],[-63.989882,-32.497956],[-63.989858,-32.497871],[-63.98982,-32.497768],[-63.989779,-32.497616],[-63.987552,-32.489],[-64.002747,-32.495245],[-64.011375,-32.49879],[-64.039037,-32.510157],[-64.041173,-32.511035],[-64.041239,-32.511076],[-64.041293,-32.511133],[-64.045786,-32.529264],[-64.050304,-32.531123],[-64.057953,-32.534233],[-64.058938,-32.537886],[-64.058966,-32.537961],[-64.059026,-32.538004],[-64.05911,-32.538008],[-64.062963,-32.537283],[-64.063064,-32.53729],[-64.063141,-32.537326],[-64.063181,-32.53739],[-64.06424,-32.541369],[-64.06438,-32.541966],[-64.064461,-32.542045],[-64.064632,-32.542074],[-64.06461,-32.542159],[-64.064624,-32.542263],[-64.064665,-32.54239],[-64.067828,-32.553796],[-64.067933,-32.554312],[-64.068034,-32.554724],[-64.068122,-32.555002],[-64.071657,-32.568391],[-64.071695,-32.568534],[-64.07233,-32.570938],[-64.075645,-32.583544],[-64.07602,-32.58497],[-64.078494,-32.594774],[-64.0789,-32.596082],[-64.079604,-32.5988],[-64.08314,-32.612178],[-64.085548,-32.621285],[-64.086196,-32.623811],[-64.087773,-32.629947],[-64.088444,-32.632562],[-64.090473,-32.639919],[-64.0925,-32.647812],[-64.095832,-32.660579],[-64.087635,-32.663556],[-64.081441,-32.665893],[-64.077816,-32.667168],[-64.07063,-32.669696],[-64.066123,-32.67125],[-64.065553,-32.671394],[-64.065354,-32.671452],[-64.065085,-32.671492],[-64.064659,-32.671511],[-64.064178,-32.671507],[-64.063644,-32.6715],[-64.063102,-32.671514],[-64.062659,-32.671507],[-64.062299,-32.671496],[-64.062052,-32.671467],[-64.061744,-32.671383],[-64.06159,-32.671327],[-64.061474,-32.671267],[-64.061371,-32.671202],[-64.061271,-32.671165],[-64.061203,-32.671174],[-64.061085,-32.671198],[-64.061011,-32.671225],[-64.060891,-32.671297],[-64.060798,-32.671364],[-64.0607,-32.671482],[-64.060602,-32.671673],[-64.060511,-32.671811],[-64.060359,-32.672016],[-64.060125,-32.672319],[-64.060045,-32.67242],[-64.059925,-32.672535],[-64.05979,-32.672662],[-64.059643,-32.672793],[-64.059215,-32.673165],[-64.05894,-32.673411],[-64.05881,-32.673543],[-64.058632,-32.673777],[-64.058524,-32.673985],[-64.058472,-32.674215],[-64.058428,-32.674441],[-64.058441,-32.674712],[-64.058685,-32.677181],[-64.058671,-32.677231],[-64.058635,-32.677277],[-64.058567,-32.677319],[-64.057237,-32.677552],[-64.050729,-32.678645],[-64.051022,-32.679805],[-64.054627,-32.693512],[-64.046344,-32.695191],[-64.047546,-32.699729],[-64.052639,-32.718965],[-64.052889,-32.719909],[-64.054554,-32.726158],[-64.054805,-32.727098],[-64.056623,-32.733917],[-64.061229,-32.751123],[-64.06267,-32.75683],[-64.06277,-32.756924],[-64.062916,-32.757018],[-64.066231,-32.758305],[-64.066427,-32.758396],[-64.066521,-32.758464],[-64.066596,-32.758568],[-64.067879,-32.763319],[-64.070256,-32.772124],[-64.070327,-32.77244],[-64.070321,-32.772854],[-64.07056,-32.772867],[-64.070854,-32.772863],[-64.071113,-32.772838],[-64.071374,-32.772798],[-64.078909,-32.7714],[-64.085736,-32.770165],[-64.086059,-32.770092],[-64.086331,-32.770014],[-64.08653,-32.769949],[-64.087987,-32.769454],[-64.089316,-32.769014],[-64.089534,-32.76896],[-64.08979,-32.768908],[-64.090014,-32.768882],[-64.090257,-32.768865],[-64.090439,-32.768868],[-64.090645,-32.768889],[-64.09083,-32.768918],[-64.091096,-32.768982],[-64.091296,-32.769053],[-64.091475,-32.769149],[-64.091756,-32.7693],[-64.092133,-32.769536],[-64.093523,-32.770348],[-64.093995,-32.770632],[-64.094283,-32.770791],[-64.094726,-32.770994],[-64.095543,-32.771347],[-64.096439,-32.771746],[-64.111888,-32.778137],[-64.112292,-32.778311],[-64.113312,-32.778755],[-64.114024,-32.779121],[-64.114441,-32.779378],[-64.115514,-32.780178],[-64.117043,-32.78142],[-64.117455,-32.781801],[-64.119183,-32.783553],[-64.119668,-32.78402],[-64.120007,-32.784279],[-64.120444,-32.784596],[-64.120898,-32.784872],[-64.121489,-32.785157],[-64.12258,-32.785611],[-64.122903,-32.785746],[-64.129752,-32.788524],[-64.143302,-32.793833],[-64.145698,-32.794783],[-64.146378,-32.795035],[-64.146791,-32.795162],[-64.14727,-32.795276],[-64.147766,-32.795357],[-64.148228,-32.795394],[-64.148686,-32.795394],[-64.149172,-32.795364],[-64.149618,-32.795307],[-64.15015,-32.79522],[-64.156242,-32.794092],[-64.161534,-32.793216],[-64.173893,-32.791074],[-64.17924,-32.790165],[-64.188134,-32.788569],[-64.191803,-32.787901],[-64.197066,-32.786923],[-64.204551,-32.785329],[-64.206181,-32.784949],[-64.207245,-32.784689],[-64.207974,-32.784484],[-64.211483,-32.783523],[-64.212153,-32.783368],[-64.212958,-32.783193],[-64.21531,-32.782747],[-64.227555,-32.780404],[-64.234661,-32.779053],[-64.245953,-32.776911],[-64.246441,-32.776827],[-64.246834,-32.776736],[-64.247199,-32.776631],[-64.247544,-32.776508],[-64.247895,-32.776367],[-64.248215,-32.776213],[-64.248512,-32.776047],[-64.250075,-32.775133],[-64.250465,-32.774933],[-64.250934,-32.774745],[-64.251375,-32.7746],[-64.2518,-32.774499],[-64.252298,-32.774401],[-64.258525,-32.773282],[-64.259002,-32.773176],[-64.259394,-32.773072],[-64.259844,-32.772923],[-64.260234,-32.772757],[-64.260571,-32.772576],[-64.260812,-32.772424],[-64.26109,-32.772229],[-64.261397,-32.771982],[-64.263044,-32.770489],[-64.263446,-32.770152],[-64.263984,-32.769793],[-64.264488,-32.769536],[-64.264966,-32.769356],[-64.26547,-32.769204],[-64.266073,-32.769069],[-64.272708,-32.767845],[-64.275203,-32.767361],[-64.278724,-32.766704],[-64.284641,-32.765609],[-64.293818,-32.763937],[-64.294553,-32.763825],[-64.295085,-32.763809],[-64.295585,-32.763817],[-64.296417,-32.763848],[-64.297096,-32.763867],[-64.297665,-32.763837],[-64.298242,-32.76376],[-64.306742,-32.762125],[-64.307371,-32.762005],[-64.307802,-32.761899],[-64.309463,-32.761412],[-64.310017,-32.761265],[-64.310521,-32.761159],[-64.320408,-32.759377],[-64.320604,-32.759323],[-64.320654,-32.759302],[-64.320699,-32.759271],[-64.320725,-32.75924],[-64.320744,-32.759201],[-64.320755,-32.75915],[-64.320769,-32.758929],[-64.320743,-32.758575],[-64.320748,-32.75814],[-64.32081,-32.757901],[-64.320864,-32.757781],[-64.320916,-32.757721],[-64.321011,-32.757672],[-64.321092,-32.757653],[-64.321176,-32.757655],[-64.321242,-32.757674],[-64.321296,-32.757698],[-64.321341,-32.75773],[-64.321402,-32.757803],[-64.321524,-32.757954],[-64.321682,-32.758246],[-64.321886,-32.758685],[-64.321915,-32.758755],[-64.322003,-32.759022],[-64.322059,-32.759241],[-64.322101,-32.75945],[-64.322137,-32.759813],[-64.322147,-32.760037],[-64.322144,-32.760395],[-64.322165,-32.760986],[-64.3222,-32.761346],[-64.322242,-32.76161],[-64.322328,-32.762041],[-64.322511,-32.76286],[-64.324456,-32.770464],[-64.325199,-32.773395],[-64.326302,-32.777742],[-64.326452,-32.7782],[-64.326693,-32.778805],[-64.326819,-32.779248],[-64.32689,-32.779579],[-64.327106,-32.780451],[-64.327447,-32.781788],[-64.327506,-32.782015],[-64.327543,-32.782242],[-64.327582,-32.782591],[-64.327651,-32.783125],[-64.327691,-32.783461],[-64.327751,-32.783798],[-64.327888,-32.784304],[-64.328361,-32.78603],[-64.329187,-32.789291],[-64.329534,-32.790711],[-64.329678,-32.7912],[-64.329785,-32.79158],[-64.329998,-32.792169],[-64.330225,-32.792666],[-64.330517,-32.793168],[-64.330791,-32.793611],[-64.331108,-32.794049],[-64.331408,-32.794416],[-64.331619,-32.794673],[-64.331848,-32.794914],[-64.332208,-32.795263],[-64.332524,-32.795542],[-64.332735,-32.795687],[-64.33321,-32.795994],[-64.333467,-32.796199],[-64.333678,-32.796379],[-64.333779,-32.796469],[-64.334037,-32.796788],[-64.334224,-32.79704],[-64.334323,-32.797174],[-64.33455,-32.797558],[-64.334768,-32.797959],[-64.335356,-32.798859],[-64.335683,-32.799406],[-64.335974,-32.799958],[-64.336149,-32.800334],[-64.336353,-32.800804],[-64.336514,-32.8014],[-64.337315,-32.804511],[-64.341885,-32.826524],[-64.342291,-32.828478],[-64.342714,-32.83],[-64.343124,-32.831094],[-64.343493,-32.831934],[-64.343969,-32.832815],[-64.344609,-32.833864],[-64.345282,-32.834809],[-64.345799,-32.835447],[-64.348129,-32.838159],[-64.348997,-32.839192],[-64.349251,-32.8396],[-64.349738,-32.840377],[-64.34991,-32.840719],[-64.350063,-32.841149],[-64.350193,-32.841673],[-64.350215,-32.842007],[-64.350224,-32.842578],[-64.350309,-32.843392],[-64.350439,-32.844039],[-64.350455,-32.844292],[-64.350521,-32.845056],[-64.350529,-32.845665],[-64.350544,-32.846317],[-64.350604,-32.846985],[-64.350712,-32.847682],[-64.350857,-32.848275],[-64.351125,-32.849065],[-64.351449,-32.849835],[-64.35185,-32.85076],[-64.352267,-32.851403],[-64.352768,-32.852058],[-64.354689,-32.85437],[-64.355587,-32.855459],[-64.356529,-32.856605],[-64.357056,-32.857232],[-64.357557,-32.85789],[-64.366682,-32.871615],[-64.367091,-32.872229],[-64.368388,-32.874113],[-64.368851,-32.874714],[-64.369431,-32.875303],[-64.369744,-32.875609],[-64.369948,-32.875821],[-64.370312,-32.876263],[-64.370442,-32.87647],[-64.370556,-32.876689],[-64.370634,-32.876863],[-64.370743,-32.877112],[-64.370955,-32.877624],[-64.371383,-32.878784],[-64.371495,-32.879128],[-64.371573,-32.87949],[-64.371635,-32.879774],[-64.371701,-32.880257],[-64.371737,-32.880552],[-64.371761,-32.881015],[-64.371764,-32.88151],[-64.371706,-32.882191],[-64.371627,-32.882656],[-64.366687,-32.907765],[-64.366648,-32.907969],[-64.366438,-32.908962],[-64.364908,-32.916737],[-64.361482,-32.934146],[-64.361276,-32.935276],[-64.361118,-32.936088],[-64.360839,-32.937406],[-64.359402,-32.944745],[-64.359186,-32.945822],[-64.358938,-32.947087],[-64.353924,-32.972049],[-64.353853,-32.972379],[-64.353774,-32.972678],[-64.353668,-32.97301],[-64.353487,-32.973485],[-64.353321,-32.97386],[-64.35306,-32.974346],[-64.352796,-32.974792],[-64.352551,-32.975142],[-64.35213,-32.975671],[-64.351434,-32.976509],[-64.345469,-32.983656],[-64.343492,-32.986021],[-64.34305,-32.986582],[-64.34273,-32.987039],[-64.34213,-32.988061],[-64.341986,-32.988329],[-64.341814,-32.988647],[-64.341564,-32.989256],[-64.341394,-32.989759],[-64.341204,-32.990393],[-64.341085,-32.990892],[-64.340988,-32.991379],[-64.340866,-32.992036],[-64.34078,-32.992621],[-64.340722,-32.993351],[-64.340703,-32.993929],[-64.34074,-33.003192],[-64.340773,-33.011661],[-64.340765,-33.012709],[-64.340795,-33.014062],[-64.34078,-33.015339],[-64.340784,-33.016058],[-64.340841,-33.021467],[-64.340846,-33.022086],[-64.340819,-33.02295],[-64.340858,-33.023876],[-64.340819,-33.028304],[-64.340843,-33.031045],[-64.340865,-33.03887],[-64.340877,-33.040623],[-64.340913,-33.045989],[-64.340919,-33.053312],[-64.340958,-33.06205],[-64.341045,-33.063186],[-64.341049,-33.064032],[-64.341025,-33.064786],[-64.341026,-33.064858],[-64.341033,-33.065237],[-64.341053,-33.066382],[-64.341033,-33.066639],[-64.341039,-33.066797],[-64.340992,-33.067375],[-64.340964,-33.067925],[-64.34098,-33.068736],[-64.341,-33.069893],[-64.34099,-33.071354],[-64.341013,-33.074186],[-64.341028,-33.076806],[-64.341008,-33.07738],[-64.34101,-33.07767],[-64.341013,-33.079057],[-64.341032,-33.0795],[-64.34105,-33.079847],[-64.34106,-33.079976],[-64.341105,-33.080182],[-64.341142,-33.080261],[-64.34117,-33.080364],[-64.34117,-33.080417],[-64.341185,-33.080545],[-64.341189,-33.080702],[-64.341162,-33.080874],[-64.341117,-33.081049],[-64.341072,-33.081158],[-64.340875,-33.08162],[-64.340807,-33.081801],[-64.34077,-33.081946],[-64.340757,-33.08206],[-64.340748,-33.082149],[-64.340749,-33.082353],[-64.340753,-33.082406],[-64.340786,-33.082841],[-64.340902,-33.083351],[-64.340912,-33.083391],[-64.341082,-33.083846],[-64.34134,-33.084474],[-64.341455,-33.084708],[-64.341595,-33.084941],[-64.341903,-33.0854],[-64.342256,-33.085837],[-64.342652,-33.086265],[-64.342915,-33.086536],[-64.343377,-33.086913],[-64.343939,-33.087306],[-64.344348,-33.087551],[-64.345014,-33.087869],[-64.345723,-33.088194],[-64.346106,-33.08837],[-64.347839,-33.08907],[-64.347935,-33.089108],[-64.349269,-33.089642],[-64.35055,-33.090154],[-64.350797,-33.090246],[-64.351463,-33.090524],[-64.351941,-33.090723],[-64.352363,-33.090839],[-64.352778,-33.090973],[-64.353133,-33.091053],[-64.353375,-33.091063],[-64.353433,-33.091034],[-64.353497,-33.091019],[-64.353564,-33.091019],[-64.353629,-33.091034],[-64.353686,-33.091064],[-64.353731,-33.091105],[-64.353762,-33.091155],[-64.353776,-33.091217],[-64.353767,-33.091279],[-64.353736,-33.091336],[-64.353686,-33.091383],[-64.353626,-33.091414],[-64.353578,-33.091498],[-64.353517,-33.091636],[-64.35351,-33.092324],[-64.353506,-33.092414],[-64.353509,-33.092542],[-64.353518,-33.09347],[-64.353543,-33.094408],[-64.353577,-33.09548],[-64.353576,-33.095679],[-64.353555,-33.095982],[-64.353541,-33.096254],[-64.353541,-33.096375],[-64.353539,-33.096736],[-64.35354,-33.097653],[-64.353538,-33.097707],[-64.353521,-33.097761],[-64.352938,-33.098208],[-64.35173,-33.099134],[-64.350535,-33.100051],[-64.349326,-33.100974],[-64.349434,-33.101031],[-64.34995,-33.101492],[-64.350029,-33.101563],[-64.350214,-33.101716],[-64.350348,-33.101803],[-64.350536,-33.101888],[-64.350803,-33.101991],[-64.351003,-33.102075],[-64.351159,-33.102152],[-64.351327,-33.102247],[-64.351617,-33.10243],[-64.352829,-33.103407],[-64.353448,-33.103906],[-64.354052,-33.104394],[-64.354226,-33.104515],[-64.354337,-33.10455],[-64.35451,-33.104552],[-64.354601,-33.104544],[-64.354688,-33.104556],[-64.354769,-33.104587],[-64.354838,-33.104634],[-64.35489,-33.104694],[-64.354922,-33.104763],[-64.355225,-33.10494],[-64.355429,-33.105123],[-64.355503,-33.105196],[-64.355575,-33.105266],[-64.355633,-33.105322],[-64.355561,-33.105625],[-64.3553,-33.106455],[-64.355153,-33.10701],[-64.355402,-33.107812],[-64.355841,-33.109088],[-64.355361,-33.109204],[-64.355025,-33.109279],[-64.354558,-33.109369],[-64.354395,-33.110273],[-64.354302,-33.110855],[-64.35385,-33.111323],[-64.353855,-33.111391],[-64.353918,-33.112339],[-64.353964,-33.112986],[-64.354013,-33.113788],[-64.354009,-33.113896],[-64.353978,-33.114004],[-64.353925,-33.114115],[-64.353483,-33.115301],[-64.352731,-33.116551],[-64.352601,-33.116674],[-64.352393,-33.11698],[-64.351789,-33.116758],[-64.351645,-33.116719],[-64.351411,-33.116795],[-64.350388,-33.11723],[-64.34965,-33.117531],[-64.348777,-33.117721],[-64.347926,-33.117923],[-64.347853,-33.117942],[-64.347894,-33.118041],[-64.348074,-33.118642],[-64.348087,-33.118737],[-64.348078,-33.118792],[-64.348074,-33.118877],[-64.348096,-33.118988],[-64.348292,-33.119647],[-64.348565,-33.120501],[-64.348834,-33.121382],[-64.349106,-33.122238],[-64.349339,-33.123082],[-64.349331,-33.123155],[-64.349316,-33.123246],[-64.349561,-33.124013],[-64.349619,-33.124079],[-64.349687,-33.124143],[-64.349972,-33.125012],[-64.350398,-33.126398],[-64.350788,-33.12761],[-64.351019,-33.128331],[-64.351065,-33.128474],[-64.351283,-33.129193],[-64.351334,-33.129361],[-64.351732,-33.130644],[-64.351759,-33.130742],[-64.351992,-33.131508],[-64.352274,-33.132348],[-64.352514,-33.133125],[-64.352543,-33.133226],[-64.352643,-33.13357],[-64.352684,-33.13371],[-64.352875,-33.134312],[-64.353079,-33.134935],[-64.35315,-33.135152],[-64.353487,-33.136214],[-64.353892,-33.137503],[-64.354089,-33.138129],[-64.354121,-33.138208],[-64.354174,-33.138287],[-64.354224,-33.138348],[-64.354316,-33.138409],[-64.354452,-33.138441],[-64.354571,-33.138506],[-64.354663,-33.138596],[-64.35472,-33.138704],[-64.354736,-33.138835],[-64.354701,-33.138962],[-64.35462,-33.139074],[-64.3545,-33.139159],[-64.35446,-33.13924],[-64.35446,-33.139319],[-64.354699,-33.140081],[-64.355087,-33.141371],[-64.355123,-33.141489],[-64.35549,-33.142666],[-64.355836,-33.143751],[-64.355898,-33.143944],[-64.356321,-33.145222],[-64.356401,-33.145429],[-64.356532,-33.145769],[-64.35676,-33.146493],[-64.357112,-33.147643],[-64.357156,-33.147787],[-64.357354,-33.148444],[-64.357546,-33.149079],[-64.357954,-33.15038],[-64.358333,-33.151662],[-64.358341,-33.151987],[-64.358642,-33.152999],[-64.359037,-33.154276],[-64.359117,-33.154568],[-64.359148,-33.15479],[-64.359164,-33.15499],[-64.359163,-33.155501],[-64.359149,-33.155626],[-64.35905,-33.156159],[-64.359031,-33.1566],[-64.359032,-33.157025],[-64.359061,-33.157216],[-64.359109,-33.157366],[-64.359187,-33.157482],[-64.359313,-33.157594],[-64.359373,-33.157635],[-64.359425,-33.157682],[-64.359468,-33.157736],[-64.359589,-33.157828],[-64.359697,-33.157896],[-64.359855,-33.157969],[-64.360065,-33.158021],[-64.360394,-33.158059],[-64.361478,-33.158167],[-64.362728,-33.158305],[-64.36319,-33.158375],[-64.364962,-33.158578],[-64.368153,-33.158919],[-64.368828,-33.158982],[-64.369244,-33.159017],[-64.36978,-33.159065],[-64.370613,-33.159168],[-64.371356,-33.159284],[-64.371748,-33.159359],[-64.372042,-33.159467],[-64.372298,-33.159546],[-64.372679,-33.159664],[-64.372944,-33.15977],[-64.37325,-33.159898],[-64.373713,-33.160103],[-64.373914,-33.160205],[-64.374466,-33.160487],[-64.375401,-33.161001],[-64.376248,-33.161433],[-64.376452,-33.161533],[-64.377246,-33.162017],[-64.377661,-33.162282],[-64.377922,-33.162462],[-64.378417,-33.162844],[-64.379087,-33.163341],[-64.379176,-33.163407],[-64.379487,-33.163668],[-64.379785,-33.163895],[-64.379981,-33.164043],[-64.380873,-33.164694],[-64.381701,-33.16525],[-64.381915,-33.165409],[-64.382365,-33.165788],[-64.38275,-33.166077],[-64.383227,-33.166432],[-64.38342,-33.166576],[-64.38484,-33.167559],[-64.390872,-33.172123],[-64.399228,-33.178446],[-64.406167,-33.183695],[-64.416196,-33.191282],[-64.416608,-33.191594],[-64.416864,-33.191797],[-64.417048,-33.19199],[-64.41717,-33.192156],[-64.417298,-33.192385],[-64.417396,-33.192608],[-64.417525,-33.192969],[-64.418045,-33.194531],[-64.418129,-33.194705],[-64.418278,-33.194976],[-64.418404,-33.195137],[-64.418499,-33.195245],[-64.418629,-33.195352],[-64.418831,-33.195485],[-64.422747,-33.197606],[-64.424116,-33.198319],[-64.425253,-33.198945],[-64.42625,-33.199523],[-64.428049,-33.200655],[-64.428727,-33.201087],[-64.429069,-33.201298],[-64.429753,-33.201733],[-64.430032,-33.201927],[-64.430077,-33.201967],[-64.43041,-33.202261],[-64.430565,-33.202412],[-64.430798,-33.202715],[-64.430888,-33.20291],[-64.431006,-33.20313],[-64.431057,-33.203225],[-64.431131,-33.203398],[-64.43187,-33.205104],[-64.432028,-33.205478],[-64.432155,-33.205723],[-64.432298,-33.205946],[-64.432411,-33.206088],[-64.432585,-33.206265],[-64.432808,-33.206443],[-64.433267,-33.206686],[-64.433417,-33.206768],[-64.434377,-33.207286],[-64.435326,-33.207789],[-64.436251,-33.208289],[-64.437199,-33.208794],[-64.43814,-33.2093],[-64.439081,-33.209813],[-64.439789,-33.210194],[-64.439973,-33.210287],[-64.440021,-33.210322],[-64.440085,-33.210367],[-64.440204,-33.210495],[-64.440321,-33.210634],[-64.440401,-33.210689],[-64.440514,-33.210742],[-64.440625,-33.210792],[-64.440702,-33.2108],[-64.440776,-33.21082],[-64.440843,-33.210854],[-64.440901,-33.210898],[-64.441072,-33.211029],[-64.44118,-33.211084],[-64.441326,-33.211128],[-64.441471,-33.211161],[-64.441644,-33.211203],[-64.441804,-33.211271],[-64.441962,-33.211353],[-64.442082,-33.211421],[-64.442563,-33.211728],[-64.442728,-33.211824],[-64.442926,-33.211971],[-64.449615,-33.217845],[-64.452009,-33.219969],[-64.452768,-33.220643],[-64.453687,-33.221458],[-64.45723,-33.224604],[-64.458177,-33.225444],[-64.458491,-33.225669],[-64.45881,-33.225856],[-64.459299,-33.226117],[-64.484687,-33.237674],[-64.487984,-33.239174],[-64.493244,-33.241552],[-64.494185,-33.242045],[-64.494989,-33.242378],[-64.496109,-33.242879],[-64.496999,-33.243299],[-64.497669,-33.243572],[-64.49817,-33.24374],[-64.498736,-33.243905],[-64.501388,-33.244534],[-64.502017,-33.244707],[-64.502523,-33.244881],[-64.502941,-33.245039],[-64.503441,-33.245266],[-64.503948,-33.245574],[-64.504432,-33.245929],[-64.50492,-33.246346],[-64.506522,-33.247995],[-64.507223,-33.248675],[-64.507835,-33.249286],[-64.50816,-33.249583],[-64.508588,-33.249915],[-64.50908,-33.25026],[-64.509539,-33.25055],[-64.509733,-33.250672],[-64.510511,-33.251173],[-64.511766,-33.252042],[-64.521992,-33.259293],[-64.527345,-33.263089],[-64.531864,-33.266204],[-64.531905,-33.266232],[-64.532788,-33.26684],[-64.551939,-33.279974],[-64.554565,-33.281776],[-64.572884,-33.294434],[-64.579824,-33.29924],[-64.583814,-33.302025],[-64.584633,-33.302649],[-64.585294,-33.303205],[-64.586852,-33.304601],[-64.587473,-33.305099],[-64.588202,-33.30565],[-64.594522,-33.310005],[-64.600855,-33.31441],[-64.601405,-33.314792],[-64.602289,-33.315361],[-64.604377,-33.31684],[-64.605202,-33.31737],[-64.605922,-33.317818],[-64.608227,-33.318985],[-64.608591,-33.319201],[-64.609325,-33.319632],[-64.625976,-33.331105],[-64.633379,-33.336203],[-64.634338,-33.336872],[-64.642999,-33.342781],[-64.650291,-33.347755],[-64.652636,-33.349413],[-64.657659,-33.352827],[-64.664759,-33.357708],[-64.667108,-33.359319],[-64.677517,-33.366475],[-64.677661,-33.366568],[-64.681463,-33.369185],[-64.684731,-33.371403],[-64.691247,-33.375898],[-64.695754,-33.378962],[-64.696365,-33.379377],[-64.696994,-33.379703],[-64.697312,-33.379869],[-64.702491,-33.382205],[-64.703683,-33.382742],[-64.706742,-33.384123],[-64.709052,-33.385195],[-64.709337,-33.385324],[-64.711812,-33.386437],[-64.712045,-33.386542],[-64.712582,-33.386788],[-64.713118,-33.387032],[-64.713664,-33.387281],[-64.714222,-33.387534],[-64.715328,-33.388032],[-64.716438,-33.38852],[-64.717536,-33.389005],[-64.718649,-33.389508],[-64.719748,-33.389987],[-64.72086,-33.390497],[-64.721386,-33.39074],[-64.721945,-33.391],[-64.722279,-33.391158],[-64.723058,-33.391529],[-64.724627,-33.392251],[-64.725167,-33.392577],[-64.725524,-33.392801],[-64.725916,-33.393056],[-64.727205,-33.393912],[-64.727485,-33.394085],[-64.727811,-33.394265],[-64.728201,-33.39447],[-64.729903,-33.395248],[-64.730128,-33.39535],[-64.731283,-33.395872],[-64.731449,-33.395941],[-64.731901,-33.39614],[-64.732342,-33.396338],[-64.733572,-33.39689],[-64.734259,-33.397202],[-64.734847,-33.397465],[-64.735347,-33.397722],[-64.735623,-33.397895],[-64.736117,-33.398204],[-64.736712,-33.398598],[-64.739682,-33.400593],[-64.741252,-33.401647],[-64.742008,-33.402155],[-64.744992,-33.404209],[-64.745547,-33.404548],[-64.746028,-33.404799],[-64.746594,-33.405015],[-64.747202,-33.405216],[-64.747571,-33.405378],[-64.747994,-33.405608],[-64.754755,-33.410134],[-64.756234,-33.411141],[-64.757801,-33.412184],[-64.760715,-33.414146],[-64.760956,-33.414308],[-64.762709,-33.415467],[-64.763347,-33.415903],[-64.764549,-33.416711],[-64.768235,-33.419187],[-64.772319,-33.421912],[-64.775169,-33.423863],[-64.775614,-33.424162],[-64.775749,-33.424253],[-64.782523,-33.42878],[-64.782767,-33.428944],[-64.789971,-33.433784],[-64.790282,-33.433993],[-64.801528,-33.441542],[-64.803082,-33.442583],[-64.804041,-33.443231],[-64.804651,-33.443643],[-64.809219,-33.446705],[-64.810402,-33.44749],[-64.811897,-33.448425],[-64.814753,-33.450075],[-64.815207,-33.450328],[-64.817197,-33.451474],[-64.817584,-33.451697],[-64.81925,-33.452659],[-64.821396,-33.45389],[-64.825699,-33.456342],[-64.826656,-33.4569],[-64.827495,-33.457387],[-64.835101,-33.46176],[-64.847662,-33.468963],[-64.847795,-33.469038],[-64.849673,-33.470105],[-64.855139,-33.473241],[-64.862858,-33.477688],[-64.864093,-33.478449],[-64.86948,-33.481547],[-64.869602,-33.481618],[-64.872747,-33.483395],[-64.873076,-33.483588],[-64.875619,-33.485031],[-64.883949,-33.489771],[-64.894071,-33.495532],[-64.90502,-33.501811],[-64.913349,-33.506589],[-64.920676,-33.510696],[-64.922922,-33.511984],[-64.923649,-33.512405],[-64.92483,-33.513071],[-64.928187,-33.514998],[-64.93414,-33.518387],[-64.941099,-33.522386],[-64.94475,-33.524438],[-64.945421,-33.524841],[-64.94598,-33.525209],[-64.946817,-33.52581],[-64.948205,-33.526864],[-64.950182,-33.528335],[-64.950558,-33.528624],[-64.952803,-33.530305],[-64.95329,-33.530643],[-64.953845,-33.530966],[-64.954327,-33.531212],[-64.954965,-33.531506],[-64.956024,-33.532],[-64.959826,-33.533849],[-64.960982,-33.534469],[-64.962038,-33.535054],[-64.964349,-33.536359],[-64.97053,-33.539845],[-64.973249,-33.541388],[-64.983153,-33.547029],[-64.987641,-33.549585],[-64.993883,-33.553135],[-64.995412,-33.55405],[-64.997998,-33.555695],[-64.999326,-33.556538],[-64.999627,-33.555871],[-65.000047,-33.554818],[-65.000851,-33.552961],[-65.000976,-33.55271],[-65.001115,-33.552515],[-65.001322,-33.552271],[-65.001569,-33.552026],[-65.001665,-33.551967],[-65.001796,-33.551977],[-65.002683,-33.552291],[-65.0028,-33.552316],[-65.002924,-33.552331],[-65.003406,-33.552306],[-65.003566,-33.552326],[-65.003721,-33.552369],[-65.004546,-33.55278],[-65.006761,-33.55397],[-65.006698,-33.553599],[-65.006706,-33.55332],[-65.006867,-33.552888],[-65.006969,-33.552497],[-65.00706,-33.551346],[-65.007189,-33.550823],[-65.007527,-33.550003],[-65.007758,-33.549628],[-65.008353,-33.54889],[-65.008847,-33.54817],[-65.009127,-33.547465],[-65.009182,-33.547211],[-65.009163,-33.546813],[-65.008637,-33.542712],[-65.006941,-33.528162],[-65.006889,-33.527715],[-65.005682,-33.517536],[-65.004598,-33.508014],[-65.003567,-33.499693]],"type":"LineString"}}]}