{"type":"FeatureCollection","features":[{"type":"Feature","properties":{"name":"Ruta 3 — атлантическое побережье","nameEs":"Ruta Nacional 3","description":"Главная дорога вдоль Атлантики: от Буэнос-Айреса до Уshuaia","routeKey":"ruta_3","ref":"RN 3","route":"ruta_3","segmentIndex":0,"source":"OSRM / OpenStreetMap road graph"},"geometry":{"coordinates":[[-58.381612,-34.603592],[-58.381595,-34.603591],[-58.381541,-34.60359],[-58.381482,-34.60359],[-58.381421,-34.603592],[-58.381371,-34.603598],[-58.381296,-34.603607],[-58.381245,-34.603616],[-58.381184,-34.603628],[-58.381122,-34.603642],[-58.38107,-34.603655],[-58.380587,-34.603633],[-58.380534,-34.603631],[-58.380104,-34.603608],[-58.379906,-34.603597],[-58.379797,-34.603591],[-58.379663,-34.603583],[-58.379475,-34.603573],[-58.37863,-34.603513],[-58.378084,-34.603482],[-58.376668,-34.6034],[-58.375977,-34.603357],[-58.375833,-34.603346],[-58.375716,-34.603339],[-58.37558,-34.603331],[-58.375346,-34.603317],[-58.375226,-34.603309],[-58.374625,-34.60328],[-58.373852,-34.603233],[-58.372802,-34.603176],[-58.372731,-34.603172],[-58.372681,-34.603169],[-58.372469,-34.603156],[-58.371089,-34.603061],[-58.370513,-34.60302],[-58.370423,-34.603015],[-58.3703,-34.603009],[-58.370227,-34.603006],[-58.370105,-34.603],[-58.369998,-34.602995],[-58.369681,-34.602962],[-58.369611,-34.602956],[-58.369132,-34.602907],[-58.369037,-34.6029],[-58.368333,-34.602847],[-58.368219,-34.602838],[-58.36813,-34.602832],[-58.368119,-34.602946],[-58.367912,-34.605019],[-58.3679,-34.605124],[-58.367884,-34.605234],[-58.367875,-34.605314],[-58.367607,-34.607728],[-58.367568,-34.608099],[-58.36722,-34.611004],[-58.367208,-34.611098],[-58.367175,-34.611372],[-58.367108,-34.612014],[-58.367104,-34.612057],[-58.367095,-34.612152],[-58.367079,-34.612299],[-58.367042,-34.612644],[-58.36697,-34.613306],[-58.366952,-34.613473],[-58.366948,-34.613508],[-58.366831,-34.614517],[-58.366825,-34.614569],[-58.366818,-34.614625],[-58.366813,-34.614674],[-58.366726,-34.615477],[-58.366711,-34.615601],[-58.366709,-34.615615],[-58.366698,-34.61571],[-58.366575,-34.616802],[-58.366566,-34.616876],[-58.366548,-34.61703],[-58.36644,-34.617946],[-58.366433,-34.618009],[-58.366421,-34.61812],[-58.366314,-34.619095],[-58.366309,-34.619132],[-58.366295,-34.619246],[-58.366286,-34.619317],[-58.366184,-34.620299],[-58.366167,-34.620434],[-58.366167,-34.620495],[-58.366165,-34.620771],[-58.366089,-34.621402],[-58.36608,-34.621502],[-58.366033,-34.621908],[-58.365976,-34.622401],[-58.365964,-34.622502],[-58.365952,-34.622587],[-58.365943,-34.622666],[-58.365877,-34.62323],[-58.365865,-34.623337],[-58.365816,-34.623504],[-58.365756,-34.623655],[-58.365716,-34.623727],[-58.365678,-34.623781],[-58.36564,-34.623817],[-58.365592,-34.623853],[-58.365542,-34.623888],[-58.365441,-34.623959],[-58.364999,-34.624222],[-58.363889,-34.624853],[-58.363811,-34.624889],[-58.363735,-34.624924],[-58.363655,-34.624952],[-58.363585,-34.624979],[-58.363428,-34.62502],[-58.363268,-34.625057],[-58.363003,-34.625099],[-58.36276,-34.625166],[-58.362535,-34.62523],[-58.362441,-34.62526],[-58.362323,-34.625302],[-58.362229,-34.625335],[-58.362131,-34.625375],[-58.361858,-34.625497],[-58.361602,-34.625618],[-58.361368,-34.625733],[-58.360836,-34.626024],[-58.360257,-34.626332],[-58.359566,-34.626718],[-58.358221,-34.627443],[-58.356877,-34.628334],[-58.356429,-34.628636],[-58.356027,-34.628927],[-58.355853,-34.629058],[-58.355679,-34.629204],[-58.355505,-34.629362],[-58.355342,-34.629519],[-58.355217,-34.629637],[-58.355065,-34.629794],[-58.354892,-34.62999],[-58.354677,-34.630252],[-58.354506,-34.630479],[-58.35435,-34.630713],[-58.354206,-34.63095],[-58.354072,-34.63119],[-58.354039,-34.631261],[-58.353955,-34.631427],[-58.353855,-34.631669],[-58.353771,-34.631914],[-58.353709,-34.632165],[-58.35367,-34.632419],[-58.353643,-34.632675],[-58.353636,-34.63293],[-58.35364,-34.633186],[-58.353677,-34.633949],[-58.353706,-34.634481],[-58.353721,-34.635013],[-58.353717,-34.635313],[-58.353702,-34.635614],[-58.353669,-34.63599],[-58.353625,-34.636338],[-58.353562,-34.636686],[-58.353489,-34.637031],[-58.353402,-34.637377],[-58.35329,-34.637738],[-58.353141,-34.638165],[-58.352968,-34.638589],[-58.352745,-34.639065],[-58.352597,-34.639343],[-58.352496,-34.639535],[-58.351726,-34.640821],[-58.351436,-34.641306],[-58.351125,-34.64182],[-58.350976,-34.642079],[-58.350843,-34.642344],[-58.350757,-34.642543],[-58.35068,-34.642745],[-58.350612,-34.64295],[-58.350555,-34.643157],[-58.350501,-34.643394],[-58.350461,-34.643636],[-58.35043,-34.643878],[-58.350417,-34.64412],[-58.350417,-34.644338],[-58.350424,-34.644556],[-58.350453,-34.644846],[-58.350475,-34.644967],[-58.350501,-34.645138],[-58.350565,-34.64542],[-58.350638,-34.645657],[-58.350681,-34.645785],[-58.350721,-34.645895],[-58.350762,-34.645996],[-58.350805,-34.646095],[-58.350886,-34.646272],[-58.351444,-34.647321],[-58.352198,-34.648719],[-58.3524,-34.649074],[-58.352518,-34.649262],[-58.352659,-34.649447],[-58.352967,-34.649866],[-58.353255,-34.650248],[-58.353359,-34.650388],[-58.353428,-34.650494],[-58.353489,-34.650622],[-58.353511,-34.650683],[-58.353541,-34.650753],[-58.353562,-34.650826],[-58.353587,-34.650905],[-58.353611,-34.65102],[-58.353614,-34.651043],[-58.353625,-34.65113],[-58.353635,-34.651207],[-58.353641,-34.651267],[-58.353646,-34.651412],[-58.353628,-34.651554],[-58.353607,-34.651703],[-58.353564,-34.651816],[-58.35353,-34.651906],[-58.353486,-34.652013],[-58.353435,-34.652114],[-58.353256,-34.652534],[-58.352858,-34.653359],[-58.352472,-34.654159],[-58.352288,-34.654525],[-58.352089,-34.654882],[-58.35187,-34.655245],[-58.351631,-34.655616],[-58.351081,-34.656436],[-58.350523,-34.657265],[-58.350412,-34.657435],[-58.350157,-34.657826],[-58.34958,-34.658646],[-58.34902,-34.659405],[-58.348753,-34.659746],[-58.348461,-34.660096],[-58.348127,-34.660464],[-58.34777,-34.660839],[-58.347276,-34.66133],[-58.346765,-34.661828],[-58.346403,-34.662168],[-58.346102,-34.662464],[-58.345714,-34.662852],[-58.345356,-34.663243],[-58.345132,-34.663501],[-58.344911,-34.663767],[-58.344701,-34.664029],[-58.344494,-34.664293],[-58.34347,-34.665728],[-58.342931,-34.666468],[-58.342634,-34.666824],[-58.34247,-34.66704],[-58.342197,-34.667343],[-58.341917,-34.667641],[-58.341433,-34.668121],[-58.340915,-34.668589],[-58.340673,-34.668794],[-58.340339,-34.669057],[-58.340044,-34.669274],[-58.339762,-34.669481],[-58.339398,-34.669737],[-58.339002,-34.669985],[-58.338601,-34.670232],[-58.337896,-34.67066],[-58.337213,-34.671101],[-58.336573,-34.671551],[-58.333756,-34.673787],[-58.33277,-34.67455],[-58.332326,-34.674894],[-58.331787,-34.675293],[-58.331108,-34.675767],[-58.330521,-34.676136],[-58.329909,-34.676504],[-58.329283,-34.676845],[-58.328995,-34.677003],[-58.328512,-34.677263],[-58.327788,-34.677625],[-58.327045,-34.677947],[-58.326393,-34.678214],[-58.325685,-34.678469],[-58.32524,-34.678603],[-58.324378,-34.678873],[-58.322292,-34.679489],[-58.321089,-34.679863],[-58.316678,-34.681236],[-58.315437,-34.681617],[-58.31226,-34.682594],[-58.307629,-34.684013],[-58.304298,-34.685038],[-58.301666,-34.685856],[-58.298736,-34.686753],[-58.298515,-34.68682],[-58.296483,-34.687442],[-58.295877,-34.687615],[-58.295262,-34.687767],[-58.294713,-34.687887],[-58.29413,-34.688011],[-58.292726,-34.688303],[-58.29158,-34.68858],[-58.290843,-34.688801],[-58.290152,-34.689022],[-58.289742,-34.689171],[-58.289361,-34.689314],[-58.288713,-34.689586],[-58.288132,-34.689849],[-58.287123,-34.690361],[-58.286506,-34.6907],[-58.28594,-34.691049],[-58.285428,-34.691379],[-58.284964,-34.691697],[-58.282405,-34.693449],[-58.280782,-34.694571],[-58.280055,-34.695121],[-58.27949,-34.695601],[-58.278986,-34.696056],[-58.278539,-34.696496],[-58.278177,-34.696868],[-58.277826,-34.697256],[-58.277367,-34.697797],[-58.276988,-34.698278],[-58.276693,-34.698643],[-58.275491,-34.700179],[-58.274766,-34.701069],[-58.274414,-34.701474],[-58.274039,-34.701879],[-58.273788,-34.702132],[-58.273531,-34.702374],[-58.273181,-34.70268],[-58.272839,-34.702952],[-58.272444,-34.703249],[-58.271798,-34.703688],[-58.271242,-34.704018],[-58.270708,-34.704316],[-58.270186,-34.704569],[-58.269737,-34.704767],[-58.269244,-34.704963],[-58.26875,-34.705139],[-58.268129,-34.705329],[-58.267734,-34.705441],[-58.267198,-34.705575],[-58.265205,-34.705999],[-58.264183,-34.70624],[-58.263675,-34.706373],[-58.263334,-34.706468],[-58.262774,-34.706642],[-58.262001,-34.706904],[-58.261399,-34.707136],[-58.260886,-34.70735],[-58.260251,-34.707646],[-58.259656,-34.70793],[-58.256656,-34.709484],[-58.256087,-34.709758],[-58.252767,-34.711337],[-58.252212,-34.711589],[-58.251674,-34.711818],[-58.251174,-34.712016],[-58.250644,-34.712219],[-58.247295,-34.713362],[-58.246582,-34.713621],[-58.246032,-34.713848],[-58.245546,-34.714043],[-58.244954,-34.714281],[-58.244228,-34.714568],[-58.243554,-34.714832],[-58.242486,-34.715178],[-58.241665,-34.715426],[-58.240576,-34.715672],[-58.239255,-34.715942],[-58.238619,-34.716053],[-58.238032,-34.716178],[-58.236989,-34.716475],[-58.236527,-34.716608],[-58.235887,-34.716833],[-58.23506,-34.717215],[-58.2347,-34.717379],[-58.233944,-34.717737],[-58.233337,-34.718091],[-58.232632,-34.718518],[-58.231475,-34.719386],[-58.230393,-34.72039],[-58.229789,-34.720929],[-58.227238,-34.723191],[-58.226932,-34.723462],[-58.217842,-34.73152],[-58.217496,-34.731829],[-58.210019,-34.738499],[-58.207461,-34.740801],[-58.206895,-34.74129],[-58.203669,-34.743813],[-58.200246,-34.746387],[-58.199659,-34.74683],[-58.198086,-34.747958],[-58.19301,-34.751844],[-58.186786,-34.756548],[-58.185015,-34.757855],[-58.181027,-34.760879],[-58.176925,-34.764013],[-58.171584,-34.768059],[-58.169088,-34.76995],[-58.167311,-34.771297],[-58.166532,-34.771887],[-58.166124,-34.772187],[-58.165751,-34.772533],[-58.165392,-34.772939],[-58.164648,-34.773647],[-58.163841,-34.774285],[-58.16377,-34.774341],[-58.163691,-34.774399],[-58.163128,-34.774809],[-58.162296,-34.775273],[-58.161709,-34.7756],[-58.161313,-34.775848],[-58.160981,-34.776067],[-58.156287,-34.779633],[-58.154298,-34.781103],[-58.152611,-34.782346],[-58.149929,-34.78415],[-58.148529,-34.785044],[-58.148384,-34.785138],[-58.147855,-34.785486],[-58.144333,-34.78781],[-58.141775,-34.78948],[-58.140733,-34.790199],[-58.140149,-34.790585],[-58.139542,-34.790976],[-58.138323,-34.791752],[-58.137095,-34.79256],[-58.134994,-34.794059],[-58.133957,-34.794828],[-58.132976,-34.795584],[-58.132257,-34.796153],[-58.131482,-34.796776],[-58.130674,-34.797446],[-58.129992,-34.798026],[-58.127235,-34.800478],[-58.125422,-34.802168],[-58.124845,-34.802695],[-58.119438,-34.807646],[-58.116419,-34.810427],[-58.11489,-34.811792],[-58.113344,-34.813117],[-58.110511,-34.81538],[-58.109543,-34.816144],[-58.107856,-34.817386],[-58.105158,-34.819335],[-58.104502,-34.819806],[-58.098044,-34.824414],[-58.095456,-34.826255],[-58.092872,-34.828094],[-58.092202,-34.828552],[-58.091543,-34.828965],[-58.090113,-34.829835],[-58.089102,-34.830408],[-58.088129,-34.830936],[-58.086947,-34.831505],[-58.081252,-34.834074],[-58.079655,-34.834773],[-58.073918,-34.837276],[-58.070128,-34.838948],[-58.067106,-34.840281],[-58.062916,-34.842122],[-58.059668,-34.843557],[-58.056723,-34.844881],[-58.055979,-34.845214],[-58.052068,-34.846929],[-58.03487,-34.854532],[-58.021708,-34.860339],[-58.020773,-34.860746],[-58.014676,-34.863436],[-58.014051,-34.863706],[-58.013335,-34.863979],[-58.012604,-34.864245],[-58.011009,-34.864768],[-58.009298,-34.865291],[-58.007563,-34.865718],[-58.002573,-34.866969],[-57.994062,-34.869064],[-57.977059,-34.873249],[-57.975663,-34.873604],[-57.974676,-34.873838],[-57.973694,-34.874177],[-57.973044,-34.874417],[-57.972432,-34.874662],[-57.971835,-34.874939],[-57.970986,-34.875349],[-57.970138,-34.875819],[-57.96942,-34.876261],[-57.96766,-34.87751],[-57.966966,-34.878021],[-57.964917,-34.879452],[-57.964502,-34.879736],[-57.964255,-34.879895],[-57.964066,-34.88001],[-57.963835,-34.880137],[-57.963605,-34.880261],[-57.963269,-34.880421],[-57.962922,-34.880571],[-57.962727,-34.88065],[-57.962504,-34.880733],[-57.962167,-34.880854],[-57.961988,-34.880911],[-57.961809,-34.880963],[-57.961663,-34.881003],[-57.961451,-34.881076],[-57.961228,-34.88114],[-57.961026,-34.881193],[-57.960801,-34.881242],[-57.960363,-34.881312],[-57.959975,-34.881366],[-57.959668,-34.881407],[-57.959353,-34.88146],[-57.9592,-34.88149],[-57.959072,-34.881518],[-57.958958,-34.881546],[-57.958843,-34.881577],[-57.958656,-34.881626],[-57.958481,-34.881678],[-57.958346,-34.881722],[-57.958207,-34.881771],[-57.958061,-34.881831],[-57.957879,-34.881916],[-57.957714,-34.882012],[-57.957574,-34.88211],[-57.957477,-34.882197],[-57.957383,-34.8823],[-57.957308,-34.882409],[-57.957244,-34.882531],[-57.957186,-34.882679],[-57.957153,-34.882824],[-57.957065,-34.883434],[-57.957021,-34.884133],[-57.956968,-34.88497],[-57.956906,-34.885806],[-57.956812,-34.887364],[-57.956798,-34.887642],[-57.956804,-34.887725],[-57.956818,-34.887796],[-57.956847,-34.887864],[-57.956892,-34.88793],[-57.956938,-34.88798],[-57.956985,-34.888024],[-57.957114,-34.888065],[-57.957235,-34.88812],[-57.957345,-34.888189],[-57.957444,-34.888268],[-57.957528,-34.888358],[-57.957576,-34.888442],[-57.957608,-34.888531],[-57.957624,-34.888623],[-57.957624,-34.888716],[-57.957613,-34.888791],[-57.957592,-34.888864],[-57.957563,-34.888935],[-57.957526,-34.889004],[-57.957444,-34.889106],[-57.957339,-34.889193],[-57.957217,-34.889263],[-57.95708,-34.889311],[-57.956941,-34.889337],[-57.956843,-34.889342],[-57.956766,-34.889392],[-57.956723,-34.889433],[-57.956691,-34.88949],[-57.956669,-34.889539],[-57.956647,-34.889656],[-57.956561,-34.891097],[-57.956555,-34.891189],[-57.956523,-34.891738],[-57.956492,-34.89215],[-57.956483,-34.892297],[-57.956476,-34.892397],[-57.956451,-34.892831],[-57.956451,-34.89298],[-57.956361,-34.894577],[-57.956345,-34.894742],[-57.956259,-34.89633],[-57.956253,-34.896498],[-57.956231,-34.896851],[-57.956154,-34.89807],[-57.956144,-34.89825],[-57.956086,-34.899127],[-57.956502,-34.899486],[-57.956546,-34.899524],[-57.956578,-34.899552],[-57.956623,-34.899591],[-57.956581,-34.900485],[-57.956474,-34.900578],[-57.956008,-34.900889],[-57.955943,-34.900965],[-57.955882,-34.901795],[-57.955871,-34.901923],[-57.955783,-34.903347],[-57.955772,-34.903529],[-57.955763,-34.903676],[-57.955752,-34.903857],[-57.955671,-34.905178],[-57.955663,-34.905313],[-57.955656,-34.905432],[-57.955646,-34.905592],[-57.955583,-34.906589],[-57.955556,-34.907098],[-57.955551,-34.907183],[-57.955469,-34.908443],[-57.955451,-34.908624],[-57.955436,-34.908805],[-57.955427,-34.908925],[-57.955414,-34.909142],[-57.955376,-34.909802],[-57.955449,-34.909951],[-57.95586,-34.910115],[-57.95604,-34.910267],[-57.956224,-34.910815],[-57.956215,-34.910916],[-57.956059,-34.911159],[-57.955999,-34.911232],[-57.955827,-34.911351],[-57.95539,-34.911466],[-57.955233,-34.911479],[-57.955092,-34.911465],[-57.954716,-34.911313],[-57.954475,-34.911368],[-57.954228,-34.911545],[-57.954143,-34.911606],[-57.95409,-34.911645],[-57.953906,-34.911782],[-57.953726,-34.911916],[-57.953081,-34.912395],[-57.952498,-34.912829],[-57.952147,-34.913093],[-57.95178,-34.91336],[-57.951239,-34.913764],[-57.95091,-34.914009],[-57.950443,-34.914355],[-57.950044,-34.914652],[-57.949893,-34.914775],[-57.949781,-34.914857],[-57.949662,-34.914937],[-57.949533,-34.915049],[-57.949168,-34.915326],[-57.949055,-34.915411],[-57.948974,-34.915481],[-57.948755,-34.915642],[-57.94861,-34.915739],[-57.948097,-34.916139],[-57.947994,-34.916209],[-57.947916,-34.916271],[-57.947828,-34.916342],[-57.947765,-34.916388],[-57.947259,-34.916747],[-57.947188,-34.916799],[-57.947101,-34.916867],[-57.946452,-34.917322],[-57.945621,-34.917939],[-57.945396,-34.918107],[-57.945296,-34.918181],[-57.945234,-34.918227],[-57.945182,-34.918265],[-57.945055,-34.91836],[-57.944756,-34.918582],[-57.94578,-34.919512],[-57.946778,-34.920428],[-57.947505,-34.921068],[-57.9476,-34.921161],[-57.947662,-34.92122],[-57.947799,-34.921344],[-57.948834,-34.922285],[-57.9497,-34.921642],[-57.949963,-34.921463]],"type":"LineString"}},{"type":"Feature","properties":{"name":"Ruta 3 — атлантическое побережье","nameEs":"Ruta Nacional 3","description":"Главная дорога вдоль Атлантики: от Буэнос-Айреса до Уshuaia","routeKey":"ruta_3","ref":"RN 3","route":"ruta_3","segmentIndex":1,"source":"OSRM / OpenStreetMap road graph"},"geometry":{"coordinates":[[-57.949963,-34.921463],[-57.950167,-34.921324],[-57.950235,-34.921269],[-57.950321,-34.921196],[-57.950729,-34.921206],[-57.951311,-34.921235],[-57.951893,-34.921265],[-57.952097,-34.921275],[-57.952365,-34.921282],[-57.952486,-34.921268],[-57.952521,-34.921249],[-57.952568,-34.921221],[-57.952849,-34.921015],[-57.952878,-34.920995],[-57.952949,-34.920938],[-57.95302,-34.920889],[-57.953227,-34.920732],[-57.953345,-34.92065],[-57.953814,-34.920301],[-57.953894,-34.920239],[-57.95404,-34.920131],[-57.954071,-34.920109],[-57.954138,-34.920057],[-57.954481,-34.919787],[-57.954646,-34.919758],[-57.954755,-34.919753],[-57.954854,-34.919754],[-57.954938,-34.919769],[-57.955029,-34.919802],[-57.955222,-34.919885],[-57.95577,-34.920386],[-57.955785,-34.9204],[-57.955939,-34.920538],[-57.956114,-34.920701],[-57.95636,-34.920926],[-57.956634,-34.921175],[-57.956666,-34.92119],[-57.956702,-34.921212],[-57.956863,-34.92135],[-57.956928,-34.921406],[-57.956964,-34.921425],[-57.957002,-34.92144],[-57.957042,-34.921452],[-57.957076,-34.921457],[-57.957122,-34.92146],[-57.957167,-34.921463],[-57.9572,-34.921465],[-57.958319,-34.921512],[-57.959062,-34.921542],[-57.959694,-34.921568],[-57.959836,-34.921574],[-57.960968,-34.92162],[-57.961169,-34.921628],[-57.961515,-34.921642],[-57.963189,-34.921711],[-57.963327,-34.921715],[-57.965332,-34.921799],[-57.96547,-34.921806],[-57.96642,-34.921841],[-57.966472,-34.921839],[-57.966502,-34.921834],[-57.966527,-34.92183],[-57.966572,-34.921814],[-57.966613,-34.921784],[-57.966791,-34.921449],[-57.966822,-34.921405],[-57.966873,-34.92136],[-57.966904,-34.921333],[-57.966914,-34.921324],[-57.966937,-34.921306],[-57.967,-34.921268],[-57.96707,-34.92124],[-57.967419,-34.921116],[-57.967453,-34.921108],[-57.967484,-34.921105],[-57.967512,-34.921105],[-57.967544,-34.92111],[-57.968196,-34.921301],[-57.968251,-34.921321],[-57.96831,-34.921361],[-57.968336,-34.921385],[-57.968357,-34.921405],[-57.968391,-34.921444],[-57.968432,-34.921502],[-57.968584,-34.921853],[-57.968585,-34.921931],[-57.968579,-34.922001],[-57.968567,-34.92206],[-57.968549,-34.922123],[-57.968366,-34.922459],[-57.968339,-34.922495],[-57.968351,-34.922533],[-57.968368,-34.92257],[-57.968397,-34.922612],[-57.968685,-34.922883],[-57.96973,-34.923803],[-57.970748,-34.924727],[-57.97174,-34.925628],[-57.972761,-34.926554],[-57.973231,-34.926982],[-57.973341,-34.926987],[-57.973811,-34.927008],[-57.974273,-34.927027],[-57.974412,-34.927032],[-57.974476,-34.927104],[-57.974471,-34.927209],[-57.974453,-34.927571],[-57.974412,-34.928004],[-57.974407,-34.928055],[-57.974852,-34.928495],[-57.975874,-34.929417],[-57.976766,-34.930236],[-57.976801,-34.930267],[-57.976883,-34.930343],[-57.977921,-34.93128],[-57.978924,-34.932191],[-57.979734,-34.932933],[-57.979962,-34.933141],[-57.980029,-34.933203],[-57.980442,-34.93358],[-57.981479,-34.934524],[-57.982493,-34.935434],[-57.983503,-34.936359],[-57.984354,-34.937142],[-57.984511,-34.937286],[-57.985426,-34.938106],[-57.985506,-34.938186],[-57.986024,-34.938653],[-57.986414,-34.938996],[-57.986545,-34.939115],[-57.986631,-34.939195],[-57.987632,-34.940122],[-57.988658,-34.941062],[-57.989666,-34.941978],[-57.99021,-34.942469],[-57.990683,-34.942894],[-57.991705,-34.943815],[-57.992714,-34.944753],[-57.992799,-34.944821],[-57.993818,-34.945745],[-57.99451,-34.946393],[-57.994809,-34.946673],[-57.995814,-34.947584],[-57.996833,-34.948507],[-57.997858,-34.949442],[-57.998943,-34.950424],[-57.999957,-34.951359],[-58.00096,-34.952272],[-58.001075,-34.952377],[-58.001111,-34.95241],[-58.001199,-34.952491],[-58.001984,-34.95321],[-58.003003,-34.954129],[-58.003993,-34.955034],[-58.005078,-34.956018],[-58.005632,-34.956534],[-58.006134,-34.956985],[-58.00727,-34.958014],[-58.007769,-34.958466],[-58.009008,-34.95959],[-58.009182,-34.959748],[-58.009696,-34.960214],[-58.010199,-34.96067],[-58.010707,-34.961131],[-58.011234,-34.961624],[-58.01482,-34.964883],[-58.015356,-34.965358],[-58.016363,-34.966286],[-58.017476,-34.96727],[-58.018456,-34.968185],[-58.019495,-34.969127],[-58.020518,-34.970052],[-58.021526,-34.970963],[-58.023622,-34.972868],[-58.026519,-34.975499],[-58.027291,-34.9762],[-58.027711,-34.976581],[-58.028781,-34.977548],[-58.029802,-34.978471],[-58.032893,-34.981288],[-58.033922,-34.98221],[-58.034906,-34.983116],[-58.035945,-34.984044],[-58.036022,-34.984114],[-58.036505,-34.984556],[-58.037044,-34.985048],[-58.038062,-34.985965],[-58.039097,-34.986898],[-58.041102,-34.988731],[-58.041478,-34.989077],[-58.041723,-34.989241],[-58.042185,-34.989379],[-58.042252,-34.989382],[-58.042373,-34.989401],[-58.042487,-34.989442],[-58.042585,-34.989503],[-58.042665,-34.989582],[-58.04272,-34.989672],[-58.042749,-34.989771],[-58.042755,-34.98984],[-58.042751,-34.989886],[-58.042787,-34.990046],[-58.042827,-34.990185],[-58.042893,-34.990315],[-58.042998,-34.99044],[-58.043218,-34.990656],[-58.044218,-34.991571],[-58.045231,-34.992501],[-58.046256,-34.993427],[-58.047259,-34.994338],[-58.048265,-34.995268],[-58.048337,-34.995335],[-58.049366,-34.996282],[-58.05039,-34.997217],[-58.050899,-34.997691],[-58.051379,-34.998111],[-58.052411,-34.999043],[-58.053457,-34.999966],[-58.054495,-35.000901],[-58.059923,-35.005856],[-58.062534,-35.008322],[-58.063513,-35.009248],[-58.064001,-35.009704],[-58.064545,-35.010209],[-58.065094,-35.010726],[-58.065558,-35.011144],[-58.066003,-35.011531],[-58.066908,-35.012347],[-58.067748,-35.013127],[-58.068638,-35.013929],[-58.06949,-35.014736],[-58.070378,-35.015516],[-58.072971,-35.017904],[-58.075643,-35.020276],[-58.07839,-35.02263],[-58.081034,-35.025024],[-58.083622,-35.027401],[-58.086372,-35.029849],[-58.086492,-35.029959],[-58.087146,-35.030568],[-58.088872,-35.032132],[-58.088881,-35.03214],[-58.090192,-35.033333],[-58.090805,-35.033883],[-58.091617,-35.034609],[-58.092274,-35.035211],[-58.092864,-35.035733],[-58.093091,-35.035839],[-58.093172,-35.035872],[-58.093261,-35.035893],[-58.093364,-35.035911],[-58.093475,-35.035925],[-58.093577,-35.035926],[-58.093682,-35.035912],[-58.093788,-35.035885],[-58.093877,-35.035842],[-58.093943,-35.035798],[-58.094011,-35.035735],[-58.094058,-35.035672],[-58.094097,-35.035599],[-58.094115,-35.035525],[-58.094121,-35.035448],[-58.094117,-35.035355],[-58.094096,-35.035256],[-58.094064,-35.035171],[-58.094026,-35.035101],[-58.093981,-35.035028],[-58.09394,-35.034976],[-58.093873,-35.034894],[-58.093833,-35.034855],[-58.093767,-35.034797],[-58.09371,-35.034764],[-58.093653,-35.034736],[-58.093568,-35.034698],[-58.093467,-35.034677],[-58.093376,-35.034671],[-58.093286,-35.034678],[-58.093189,-35.034702],[-58.0931,-35.034742],[-58.09303,-35.034789],[-58.09296,-35.034844],[-58.092908,-35.034898],[-58.092841,-35.034987],[-58.09265,-35.035402],[-58.092493,-35.038156],[-58.09247,-35.038415],[-58.092307,-35.040915],[-58.092302,-35.041137],[-58.092284,-35.042518],[-58.092225,-35.044491],[-58.092128,-35.046175],[-58.09208,-35.047441],[-58.092032,-35.048179],[-58.091951,-35.049265],[-58.091596,-35.055903],[-58.091438,-35.058166],[-58.091392,-35.058943],[-58.091351,-35.059643],[-58.091266,-35.061418],[-58.091197,-35.061913],[-58.091114,-35.062317],[-58.09093,-35.062742],[-58.090714,-35.063089],[-58.090246,-35.063731],[-58.089583,-35.064529],[-58.087604,-35.06691],[-58.085246,-35.069766],[-58.08517,-35.069858],[-58.083834,-35.071476],[-58.083333,-35.07205],[-58.082978,-35.072483],[-58.082899,-35.072589],[-58.082625,-35.072916],[-58.079473,-35.076722],[-58.076372,-35.080462],[-58.075506,-35.081497],[-58.075188,-35.081886],[-58.074927,-35.082256],[-58.074659,-35.082771],[-58.074458,-35.083277],[-58.074,-35.084399],[-58.072188,-35.089186],[-58.072089,-35.089449],[-58.071219,-35.091683],[-58.069163,-35.096956],[-58.065511,-35.106524],[-58.06542,-35.106727],[-58.065024,-35.107668],[-58.064826,-35.108104],[-58.06448,-35.108732],[-58.063831,-35.10983],[-58.063669,-35.110107],[-58.063176,-35.110948],[-58.062688,-35.111787],[-58.061276,-35.114195],[-58.060975,-35.114736],[-58.060874,-35.114905],[-58.059038,-35.118067],[-58.058889,-35.118326],[-58.058324,-35.119307],[-58.057806,-35.12018],[-58.057224,-35.121159],[-58.056983,-35.121625],[-58.056841,-35.121907],[-58.056628,-35.122404],[-58.056494,-35.122747],[-58.056211,-35.123413],[-58.055955,-35.124121],[-58.055882,-35.12431],[-58.054098,-35.129022],[-58.05313,-35.131546],[-58.051108,-35.136754],[-58.050988,-35.137058],[-58.050886,-35.13734],[-58.050228,-35.139062],[-58.050088,-35.139438],[-58.05,-35.139648],[-58.049073,-35.142149],[-58.04796,-35.145045],[-58.047346,-35.14663],[-58.047033,-35.147408],[-58.046731,-35.148249],[-58.046473,-35.148937],[-58.046176,-35.149713],[-58.045632,-35.151161],[-58.0456,-35.151244],[-58.04507,-35.152627],[-58.042965,-35.158043],[-58.040305,-35.165004],[-58.040231,-35.165266],[-58.040188,-35.165459],[-58.04016,-35.165623],[-58.040132,-35.165782],[-58.040104,-35.165988],[-58.040091,-35.166135],[-58.040084,-35.166298],[-58.040081,-35.166491],[-58.040097,-35.16672],[-58.040118,-35.166994],[-58.040171,-35.167486],[-58.040268,-35.168256],[-58.042141,-35.180945],[-58.042235,-35.181563],[-58.042307,-35.182033],[-58.04243,-35.182864],[-58.043426,-35.189627],[-58.044236,-35.195228],[-58.044346,-35.195965],[-58.044472,-35.196812],[-58.045312,-35.202492],[-58.04541,-35.203126],[-58.045527,-35.203951],[-58.046033,-35.207379],[-58.046792,-35.21252],[-58.046888,-35.212977],[-58.047009,-35.213417],[-58.047221,-35.214039],[-58.048609,-35.217109],[-58.049475,-35.219007],[-58.049817,-35.219762],[-58.049999,-35.220161],[-58.05018,-35.22056],[-58.051696,-35.223898],[-58.054618,-35.230364],[-58.055584,-35.232488],[-58.055775,-35.232909],[-58.056122,-35.233609],[-58.05616,-35.233697],[-58.056513,-35.234516],[-58.058715,-35.239384],[-58.058998,-35.24002],[-58.059318,-35.2407],[-58.059368,-35.240828],[-58.059717,-35.241615],[-58.059895,-35.24214],[-58.059978,-35.242496],[-58.060025,-35.24283],[-58.060084,-35.244911],[-58.059929,-35.254454],[-58.059916,-35.255055],[-58.059896,-35.25593],[-58.059789,-35.260825],[-58.059574,-35.275966],[-58.059563,-35.276572],[-58.059542,-35.277354],[-58.059541,-35.277392],[-58.059538,-35.277575],[-58.059536,-35.277714],[-58.059506,-35.278196],[-58.05947,-35.278565],[-58.059392,-35.279033],[-58.058492,-35.283626],[-58.058302,-35.284472],[-58.05824,-35.284775],[-58.058127,-35.285331],[-58.057985,-35.286054],[-58.056103,-35.295561],[-58.055992,-35.296082],[-58.05584,-35.296877],[-58.054877,-35.301707],[-58.054828,-35.301954],[-58.054708,-35.302555],[-58.05464,-35.302892],[-58.054511,-35.303528],[-58.054324,-35.304482],[-58.054261,-35.304839],[-58.054153,-35.305381],[-58.05411,-35.305598],[-58.054081,-35.305748],[-58.053743,-35.307518],[-58.053732,-35.307572],[-58.053722,-35.307623],[-58.053425,-35.309238],[-58.053365,-35.309585],[-58.052733,-35.312841],[-58.052467,-35.31423],[-58.052376,-35.314713],[-58.052272,-35.315247],[-58.052207,-35.315579],[-58.05163,-35.318556],[-58.051336,-35.320088],[-58.051188,-35.320775],[-58.051062,-35.321292],[-58.050942,-35.321744],[-58.050806,-35.322211],[-58.050634,-35.322795],[-58.050504,-35.323234],[-58.050416,-35.323534],[-58.050336,-35.323811],[-58.05011,-35.32453],[-58.049924,-35.325185],[-58.049556,-35.326428],[-58.04947,-35.326755],[-58.049406,-35.3271],[-58.049377,-35.327309],[-58.049355,-35.327588],[-58.04935,-35.327964],[-58.049436,-35.329772],[-58.049616,-35.333027],[-58.049759,-35.335658],[-58.049802,-35.336629],[-58.049854,-35.337807],[-58.049885,-35.338265],[-58.049929,-35.339153],[-58.050519,-35.350143],[-58.050526,-35.350318],[-58.050615,-35.352717],[-58.050785,-35.356115],[-58.050831,-35.356714],[-58.050866,-35.357533],[-58.051027,-35.361103],[-58.051041,-35.361633],[-58.051015,-35.362164],[-58.050968,-35.36256],[-58.0509,-35.363054],[-58.049937,-35.368163],[-58.049839,-35.368684],[-58.049678,-35.369563],[-58.048056,-35.378137],[-58.047942,-35.378698],[-58.04777,-35.379615],[-58.047174,-35.382852],[-58.04713,-35.383171],[-58.0471,-35.383479],[-58.047099,-35.383955],[-58.047132,-35.384436],[-58.047219,-35.384975],[-58.047877,-35.388175],[-58.048033,-35.388931],[-58.0482,-35.389697],[-58.048292,-35.390177],[-58.048455,-35.390939],[-58.050742,-35.40191],[-58.050847,-35.402431],[-58.051028,-35.403266],[-58.052408,-35.409914],[-58.052457,-35.41027],[-58.052477,-35.410547],[-58.052498,-35.41095],[-58.052494,-35.411319],[-58.052471,-35.411731],[-58.05224,-35.41469],[-58.052184,-35.415242],[-58.052132,-35.415978],[-58.051854,-35.419419],[-58.051781,-35.420327],[-58.051747,-35.420737],[-58.051674,-35.421243],[-58.051585,-35.421704],[-58.05148,-35.422108],[-58.05134,-35.422547],[-58.051141,-35.423104],[-58.050867,-35.423861],[-58.050804,-35.424034],[-58.050342,-35.425317],[-58.050092,-35.425985],[-58.050051,-35.426091],[-58.049938,-35.426412],[-58.049904,-35.426503],[-58.049768,-35.426869],[-58.049375,-35.42791],[-58.047615,-35.432747],[-58.047154,-35.433944],[-58.046695,-35.43515],[-58.045432,-35.438325],[-58.04519,-35.438901],[-58.044932,-35.439597],[-58.043517,-35.443195],[-58.043027,-35.444422],[-58.042668,-35.445458],[-58.041619,-35.448683],[-58.040963,-35.4508],[-58.038272,-35.459217],[-58.038178,-35.459588],[-58.038096,-35.459979],[-58.038044,-35.46036],[-58.038008,-35.460786],[-58.038004,-35.46127],[-58.038022,-35.465479],[-58.038098,-35.472192],[-58.038115,-35.475325],[-58.038112,-35.475577],[-58.038096,-35.475862],[-58.038059,-35.476146],[-58.038047,-35.476265],[-58.037995,-35.476549],[-58.037932,-35.47683],[-58.037824,-35.477171],[-58.037705,-35.477504],[-58.037513,-35.477979],[-58.032624,-35.490006],[-58.029561,-35.497518],[-58.026985,-35.503861],[-58.0264,-35.5053],[-58.025447,-35.507636],[-58.025112,-35.508448],[-58.025096,-35.508487],[-58.024813,-35.509188],[-58.024374,-35.510267],[-58.023668,-35.511994],[-58.023489,-35.512433],[-58.023391,-35.512686],[-58.023112,-35.513379],[-58.022684,-35.514415],[-58.022531,-35.514786],[-58.022369,-35.515179],[-58.022248,-35.515478],[-58.022173,-35.515664],[-58.02195,-35.516211],[-58.021765,-35.516672],[-58.021567,-35.51714],[-58.021435,-35.517474],[-58.021166,-35.518135],[-58.021151,-35.518172],[-58.020695,-35.519285],[-58.020606,-35.519504],[-58.020239,-35.520398],[-58.020185,-35.520534],[-58.020144,-35.520642],[-58.020107,-35.520763],[-58.020085,-35.520854],[-58.020068,-35.520943],[-58.020052,-35.521034],[-58.020039,-35.52111],[-58.020025,-35.521193],[-58.020006,-35.521283],[-58.019978,-35.521385],[-58.019893,-35.521594],[-58.019444,-35.522696],[-58.018967,-35.523858],[-58.018927,-35.523955],[-58.018883,-35.524048],[-58.018846,-35.52412],[-58.018804,-35.524192],[-58.018766,-35.524249],[-58.018724,-35.524305],[-58.018674,-35.524367],[-58.01861,-35.524438],[-58.018544,-35.524502],[-58.018466,-35.524571],[-58.018396,-35.524628],[-58.018311,-35.524694],[-58.018233,-35.524748],[-58.018133,-35.524806],[-58.018018,-35.524863],[-58.0179,-35.524912],[-58.017751,-35.524969],[-58.017599,-35.525024],[-58.017459,-35.525077],[-58.017358,-35.525119],[-58.01726,-35.525166],[-58.017154,-35.525225],[-58.017037,-35.525298],[-58.016951,-35.525357],[-58.016843,-35.525445],[-58.016719,-35.525554],[-58.01631,-35.525916],[-58.015652,-35.526472],[-58.015508,-35.52659],[-58.015315,-35.526742],[-58.014958,-35.527002],[-58.014715,-35.527172],[-58.014675,-35.5272],[-58.013806,-35.527803],[-58.01134,-35.529566],[-58.011037,-35.529779],[-58.010572,-35.530096],[-58.010328,-35.530258],[-58.010136,-35.530373],[-58.009745,-35.530576],[-58.009622,-35.530638],[-58.009439,-35.530728],[-58.00923,-35.530834],[-58.008986,-35.530954],[-58.008607,-35.531144],[-58.008352,-35.531279],[-58.008145,-35.53139],[-58.007925,-35.531511],[-58.007738,-35.531623],[-58.007496,-35.53178],[-58.007337,-35.53189],[-58.007204,-35.531982],[-58.007037,-35.532106],[-58.006876,-35.532226],[-58.00673,-35.532343],[-58.006549,-35.532498],[-58.006381,-35.532645],[-58.006167,-35.532835],[-58.005801,-35.533158],[-58.005612,-35.533314],[-58.005492,-35.533413],[-58.005379,-35.533496],[-58.005281,-35.533572],[-58.005176,-35.533648],[-58.005069,-35.533725],[-58.004959,-35.533799],[-58.004859,-35.533865],[-58.004736,-35.533937],[-58.00466,-35.533983],[-58.004479,-35.534094],[-58.00365,-35.534571],[-58.003391,-35.53473],[-58.003192,-35.534861],[-58.001839,-35.535811],[-57.998526,-35.538156],[-57.995238,-35.540484],[-57.993093,-35.542011],[-57.991046,-35.543443],[-57.99019,-35.544043],[-57.989933,-35.54423],[-57.987155,-35.546203],[-57.986012,-35.54702],[-57.98566,-35.54731],[-57.985298,-35.547634],[-57.985073,-35.547872],[-57.984913,-35.548069],[-57.98477,-35.548275],[-57.984632,-35.548515],[-57.984504,-35.548782],[-57.984422,-35.548985],[-57.984363,-35.549148],[-57.984312,-35.549344],[-57.98423,-35.549719],[-57.984088,-35.550513],[-57.983839,-35.552068],[-57.983694,-35.552876],[-57.983462,-35.554176],[-57.983441,-35.554287],[-57.983351,-35.554834],[-57.983052,-35.55665],[-57.982822,-35.557889],[-57.982679,-35.558746],[-57.982526,-35.559629],[-57.982344,-35.560535],[-57.981952,-35.562864],[-57.981819,-35.563548],[-57.98155,-35.56494],[-57.981369,-35.565946],[-57.981174,-35.566913],[-57.980972,-35.567876],[-57.980898,-35.568227],[-57.98077,-35.568845],[-57.98055,-35.56987],[-57.98051,-35.570109],[-57.980471,-35.570319],[-57.980432,-35.570537],[-57.980393,-35.570732],[-57.98035,-35.570916],[-57.980201,-35.571497],[-57.980132,-35.571786],[-57.980041,-35.572213],[-57.979986,-35.572488],[-57.979979,-35.572508],[-57.979604,-35.57426],[-57.979558,-35.574458],[-57.979477,-35.574784],[-57.979427,-35.574995],[-57.979334,-35.575391],[-57.979302,-35.575554],[-57.979176,-35.576228],[-57.97914,-35.576393],[-57.978971,-35.577073],[-57.978908,-35.57732],[-57.978253,-35.580083],[-57.978126,-35.580602],[-57.977841,-35.581755],[-57.977583,-35.58274],[-57.977413,-35.583328],[-57.977235,-35.583916],[-57.977054,-35.58449],[-57.976631,-35.585855],[-57.976078,-35.587548],[-57.975092,-35.590579],[-57.975044,-35.590723],[-57.974723,-35.591762],[-57.974525,-35.592364],[-57.974343,-35.592918],[-57.974138,-35.5936],[-57.973996,-35.59415],[-57.973898,-35.594605],[-57.973821,-35.595011],[-57.97376,-35.595357],[-57.973517,-35.596697],[-57.973434,-35.597161],[-57.973323,-35.597728],[-57.973243,-35.598069],[-57.973171,-35.59833],[-57.973035,-35.598776],[-57.972911,-35.599132],[-57.972847,-35.599286],[-57.972746,-35.599554],[-57.972666,-35.599743],[-57.972567,-35.599961],[-57.972405,-35.60029],[-57.972278,-35.600531],[-57.971436,-35.602087],[-57.969905,-35.604817],[-57.968358,-35.607636],[-57.967227,-35.609696],[-57.964442,-35.614766],[-57.963678,-35.616149],[-57.963233,-35.617028],[-57.962909,-35.617846],[-57.962668,-35.618651],[-57.96247,-35.619462],[-57.962345,-35.620258],[-57.962292,-35.621024],[-57.962278,-35.621904],[-57.962419,-35.624313],[-57.962487,-35.625527],[-57.962544,-35.626624],[-57.962711,-35.629618],[-57.962741,-35.630111],[-57.962887,-35.633161],[-57.963186,-35.638129],[-57.963232,-35.639084],[-57.96324,-35.640027],[-57.963207,-35.640492],[-57.963111,-35.641154],[-57.962882,-35.642243],[-57.962026,-35.646344],[-57.959348,-35.659496],[-57.958924,-35.661543],[-57.95861,-35.663081],[-57.958483,-35.663694],[-57.958313,-35.664628],[-57.958168,-35.665829],[-57.958023,-35.667167],[-57.95635,-35.68214],[-57.956233,-35.68316],[-57.956207,-35.683383],[-57.956179,-35.68356],[-57.95615,-35.683718],[-57.956107,-35.683914],[-57.956044,-35.684177],[-57.955952,-35.684479],[-57.955597,-35.685526],[-57.954839,-35.687834],[-57.954426,-35.689027],[-57.95429,-35.6894],[-57.954183,-35.689659],[-57.954034,-35.69],[-57.953875,-35.690327],[-57.953738,-35.690571],[-57.953615,-35.690763],[-57.953442,-35.690997],[-57.953299,-35.691186],[-57.953031,-35.691522],[-57.951887,-35.692923],[-57.951543,-35.693331],[-57.950473,-35.694595],[-57.949329,-35.695923],[-57.948141,-35.697346],[-57.947606,-35.697995],[-57.947031,-35.698706],[-57.946708,-35.699159],[-57.946563,-35.699369],[-57.946421,-35.6996],[-57.946221,-35.699938],[-57.946092,-35.700204],[-57.945911,-35.700582],[-57.945764,-35.700941],[-57.945644,-35.701278],[-57.94551,-35.701692],[-57.944135,-35.706575],[-57.94353,-35.708807],[-57.941426,-35.716371],[-57.937807,-35.729699],[-57.935846,-35.73656],[-57.934907,-35.739863],[-57.934767,-35.740439],[-57.934714,-35.740726],[-57.934666,-35.740991],[-57.934578,-35.741598],[-57.93457,-35.742194],[-57.93457,-35.742382],[-57.934583,-35.74261],[-57.934624,-35.742901],[-57.934755,-35.743692],[-57.935864,-35.748643],[-57.935971,-35.749139],[-57.936933,-35.753619],[-57.936986,-35.753879],[-57.937028,-35.75415],[-57.937053,-35.754493],[-57.937065,-35.754833],[-57.93707,-35.7551],[-57.937055,-35.755381],[-57.937022,-35.755657],[-57.936995,-35.755853],[-57.936949,-35.756074],[-57.936901,-35.756284],[-57.936817,-35.756587],[-57.936743,-35.75682],[-57.936616,-35.75716],[-57.936478,-35.757467],[-57.936327,-35.757757],[-57.936159,-35.758038],[-57.935981,-35.758316],[-57.935826,-35.758531],[-57.932232,-35.763492],[-57.931947,-35.763873],[-57.931794,-35.764099],[-57.931648,-35.764345],[-57.931564,-35.764525],[-57.931475,-35.764731],[-57.931409,-35.764917],[-57.931329,-35.765178],[-57.931228,-35.765528],[-57.930732,-35.767279],[-57.930646,-35.767579],[-57.930221,-35.76894],[-57.929981,-35.769804],[-57.929461,-35.771712],[-57.929326,-35.772175],[-57.928962,-35.773494],[-57.927574,-35.778478],[-57.926191,-35.783468],[-57.923061,-35.794657],[-57.922542,-35.79652],[-57.921862,-35.798962],[-57.921373,-35.800719],[-57.920108,-35.80526],[-57.919284,-35.808244],[-57.91919,-35.808583],[-57.917796,-35.813604],[-57.916472,-35.818375],[-57.916461,-35.818417],[-57.913891,-35.827925],[-57.913068,-35.830966],[-57.911805,-35.835556],[-57.909823,-35.842626],[-57.909246,-35.844658],[-57.908668,-35.846766],[-57.908112,-35.848789],[-57.907168,-35.852152],[-57.906581,-35.854247],[-57.906381,-35.85491],[-57.906183,-35.85548],[-57.905839,-35.856373],[-57.905435,-35.857239],[-57.904551,-35.858893],[-57.903016,-35.861566],[-57.90137,-35.864502],[-57.901081,-35.865018],[-57.900764,-35.865584],[-57.900346,-35.866305],[-57.900019,-35.866785],[-57.899652,-35.867324],[-57.899406,-35.867685],[-57.898753,-35.868772],[-57.898424,-35.869316],[-57.897892,-35.870253],[-57.897726,-35.870515],[-57.897306,-35.871193],[-57.895997,-35.873629],[-57.89579,-35.874005],[-57.895271,-35.874978],[-57.894573,-35.876215],[-57.894133,-35.877106],[-57.893889,-35.877553],[-57.893732,-35.87785],[-57.89295,-35.87936],[-57.892101,-35.880951],[-57.89139,-35.882341],[-57.891207,-35.882658],[-57.890531,-35.883901],[-57.890442,-35.884062],[-57.889567,-35.885681],[-57.887897,-35.888817],[-57.887354,-35.889908],[-57.884084,-35.897228],[-57.880506,-35.905261],[-57.880222,-35.905899],[-57.878199,-35.9104],[-57.874289,-35.9191],[-57.870201,-35.928242],[-57.865774,-35.938108],[-57.864491,-35.940964],[-57.861,-35.948823],[-57.860522,-35.949726],[-57.85997,-35.950574],[-57.859447,-35.951223],[-57.858837,-35.951854],[-57.858279,-35.952354],[-57.857631,-35.952855],[-57.856559,-35.95369],[-57.856117,-35.954048],[-57.856008,-35.954142],[-57.855769,-35.954367],[-57.855464,-35.954652],[-57.855165,-35.954991],[-57.854803,-35.955448],[-57.854488,-35.955922],[-57.853676,-35.957462],[-57.853415,-35.957979],[-57.853203,-35.958498],[-57.853057,-35.958975],[-57.853026,-35.959127],[-57.852926,-35.959627],[-57.852719,-35.961208],[-57.852412,-35.963499],[-57.85237,-35.963811],[-57.852347,-35.963973],[-57.85232,-35.964149],[-57.852289,-35.96432],[-57.852242,-35.964516],[-57.852118,-35.964986],[-57.851969,-35.96551],[-57.851712,-35.966433],[-57.851532,-35.967057],[-57.851464,-35.967303],[-57.851388,-35.967613],[-57.851319,-35.967896],[-57.851252,-35.968233],[-57.851173,-35.968621],[-57.851076,-35.9691],[-57.851026,-35.969325],[-57.850945,-35.969654],[-57.850858,-35.969991],[-57.850772,-35.970301],[-57.850538,-35.971128],[-57.850382,-35.971654],[-57.850283,-35.972032],[-57.850242,-35.9722],[-57.850208,-35.972343],[-57.850174,-35.972496],[-57.850142,-35.972671],[-57.850121,-35.972828],[-57.850101,-35.972995],[-57.850082,-35.973291],[-57.850077,-35.973434],[-57.850063,-35.974062],[-57.85005,-35.974634],[-57.850043,-35.974723],[-57.850028,-35.974859],[-57.849984,-35.975165],[-57.849954,-35.975329],[-57.849908,-35.975514],[-57.848453,-35.980662],[-57.847764,-35.983096],[-57.847698,-35.983302],[-57.847593,-35.983576],[-57.847496,-35.983808],[-57.847398,-35.984018],[-57.847268,-35.984263],[-57.846952,-35.984878],[-57.846607,-35.985524],[-57.846368,-35.986181],[-57.843297,-35.997047],[-57.840209,-36.007905],[-57.839869,-36.009102],[-57.836049,-36.022571],[-57.834791,-36.027011],[-57.834193,-36.02904],[-57.833494,-36.031203],[-57.831576,-36.03711],[-57.830174,-36.041616],[-57.826319,-36.053517],[-57.825628,-36.055643],[-57.825405,-36.05632],[-57.825131,-36.05715],[-57.824956,-36.057683],[-57.824505,-36.059052],[-57.82267,-36.064504],[-57.820951,-36.069982],[-57.820703,-36.070741],[-57.820343,-36.072904],[-57.820304,-36.073082],[-57.820161,-36.073734],[-57.820156,-36.07376],[-57.82012,-36.073872],[-57.820054,-36.074078],[-57.819986,-36.074279],[-57.819906,-36.074486],[-57.819808,-36.074716],[-57.819663,-36.075058],[-57.819504,-36.075392],[-57.819197,-36.076043],[-57.819039,-36.076377],[-57.818965,-36.076552],[-57.818895,-36.076719],[-57.818771,-36.077063],[-57.818712,-36.077238],[-57.818666,-36.077398],[-57.818325,-36.078565],[-57.817754,-36.080466],[-57.817224,-36.082123],[-57.817055,-36.082634],[-57.817023,-36.082731],[-57.816977,-36.082873],[-57.816847,-36.083169],[-57.816653,-36.083535],[-57.815971,-36.084726],[-57.815445,-36.085642],[-57.814897,-36.086585],[-57.81452,-36.087271],[-57.814012,-36.088238],[-57.813853,-36.088674],[-57.813797,-36.088878],[-57.813718,-36.089148],[-57.813659,-36.089448],[-57.81361,-36.089634],[-57.813515,-36.090012],[-57.813405,-36.090387],[-57.813322,-36.090585],[-57.813211,-36.090851],[-57.813101,-36.091084],[-57.812989,-36.091297],[-57.812571,-36.091953],[-57.812144,-36.092613],[-57.811967,-36.092906],[-57.811526,-36.093592],[-57.811479,-36.093663],[-57.811355,-36.093853],[-57.811248,-36.094017],[-57.810544,-36.095049],[-57.809528,-36.096477],[-57.809417,-36.096642],[-57.809197,-36.096976],[-57.80863,-36.097842],[-57.808221,-36.098459],[-57.807673,-36.099348],[-57.807476,-36.09964],[-57.807331,-36.099899],[-57.806598,-36.101047],[-57.806216,-36.101646],[-57.804914,-36.103789],[-57.804551,-36.104408],[-57.80412,-36.105164],[-57.803674,-36.105932],[-57.802233,-36.108417],[-57.80141,-36.109864],[-57.800027,-36.112221],[-57.798991,-36.113961],[-57.797438,-36.116709],[-57.796269,-36.118713],[-57.791791,-36.126481],[-57.789356,-36.130698],[-57.789065,-36.1312],[-57.787847,-36.1333],[-57.785378,-36.137599],[-57.78523,-36.137858],[-57.784629,-36.138904],[-57.784199,-36.139587],[-57.783606,-36.140387],[-57.776541,-36.149156],[-57.772134,-36.154641],[-57.772011,-36.154794],[-57.770535,-36.156631],[-57.769261,-36.158217],[-57.768813,-36.158829],[-57.768677,-36.159049],[-57.76844,-36.159429],[-57.768284,-36.159693],[-57.767799,-36.160618],[-57.767707,-36.160831],[-57.763808,-36.169283],[-57.762865,-36.171297],[-57.760453,-36.176534],[-57.760423,-36.176605],[-57.756875,-36.1843],[-57.756386,-36.185359],[-57.752571,-36.193585],[-57.752266,-36.194079],[-57.751981,-36.19446],[-57.751483,-36.195081],[-57.750381,-36.196253],[-57.749433,-36.197235],[-57.748645,-36.198075],[-57.74795,-36.198799],[-57.747481,-36.199304],[-57.745902,-36.201064],[-57.744895,-36.202115],[-57.744533,-36.202507],[-57.743403,-36.204],[-57.743183,-36.204266],[-57.742659,-36.204862],[-57.742596,-36.204925],[-57.742171,-36.205373],[-57.741258,-36.206238],[-57.740574,-36.206876],[-57.739892,-36.2075],[-57.739298,-36.208075],[-57.738661,-36.208744],[-57.737807,-36.209664],[-57.736729,-36.210794],[-57.735909,-36.211684],[-57.733902,-36.213802],[-57.727688,-36.220403],[-57.723749,-36.224595],[-57.720368,-36.228167],[-57.720116,-36.228455],[-57.719774,-36.228908],[-57.719502,-36.229319],[-57.719285,-36.229716],[-57.719047,-36.230281],[-57.718425,-36.232043],[-57.716192,-36.238241],[-57.714703,-36.242257],[-57.714305,-36.243346],[-57.713396,-36.245825],[-57.712401,-36.248525],[-57.712078,-36.249396],[-57.7113,-36.251526],[-57.711213,-36.251769],[-57.71114,-36.252003],[-57.711061,-36.252317],[-57.711005,-36.252582],[-57.710956,-36.252893],[-57.710904,-36.253257],[-57.710851,-36.253691],[-57.710814,-36.253971],[-57.710765,-36.254273],[-57.710678,-36.254672],[-57.710629,-36.25486],[-57.710504,-36.255277],[-57.710246,-36.256115],[-57.709057,-36.260057],[-57.708931,-36.26046],[-57.708819,-36.26077],[-57.708684,-36.261093],[-57.708551,-36.261393],[-57.708421,-36.261694],[-57.708174,-36.262267],[-57.708025,-36.26263],[-57.707948,-36.262838],[-57.707856,-36.263137],[-57.707813,-36.263276],[-57.707557,-36.264206],[-57.707204,-36.265481],[-57.707036,-36.266062],[-57.706923,-36.266394],[-57.706885,-36.2665],[-57.706827,-36.266655],[-57.70674,-36.266858],[-57.706655,-36.267048],[-57.706482,-36.267415],[-57.706446,-36.267493],[-57.70641,-36.267583],[-57.706381,-36.267662],[-57.706352,-36.267745],[-57.706327,-36.267825],[-57.706311,-36.267883],[-57.706123,-36.268577],[-57.705963,-36.269266],[-57.705763,-36.270231],[-57.704216,-36.279992],[-57.704192,-36.280152],[-57.703834,-36.282573],[-57.703227,-36.286491],[-57.702997,-36.287952],[-57.702809,-36.289469],[-57.70253,-36.291128],[-57.702217,-36.293088],[-57.702135,-36.293682],[-57.70205,-36.294305],[-57.701774,-36.296117],[-57.701453,-36.298315],[-57.701308,-36.299369],[-57.701211,-36.300227],[-57.701022,-36.303394],[-57.700911,-36.30532],[-57.70087,-36.305905],[-57.700862,-36.306068],[-57.70068,-36.309004],[-57.700679,-36.309021],[-57.700666,-36.309249],[-57.700664,-36.309291],[-57.700551,-36.311229],[-57.700495,-36.311986],[-57.700447,-36.312638],[-57.700377,-36.313732],[-57.700307,-36.314635],[-57.700279,-36.314844],[-57.700251,-36.315044],[-57.700219,-36.315239],[-57.700179,-36.315437],[-57.700116,-36.315732],[-57.700058,-36.315926],[-57.699998,-36.316117],[-57.699862,-36.316442],[-57.69972,-36.316765],[-57.699545,-36.317076],[-57.697385,-36.320516],[-57.69686,-36.321437],[-57.696696,-36.321678],[-57.696582,-36.321864],[-57.696361,-36.322219],[-57.695505,-36.323595],[-57.695036,-36.324349],[-57.694953,-36.324507],[-57.694874,-36.324667],[-57.694825,-36.324777],[-57.694781,-36.32489],[-57.694729,-36.325015],[-57.694682,-36.325145],[-57.694591,-36.325414],[-57.694543,-36.325602],[-57.6945,-36.3258],[-57.694467,-36.325993],[-57.694459,-36.326075],[-57.694435,-36.326494],[-57.694433,-36.326873],[-57.694458,-36.32721],[-57.694473,-36.327334],[-57.69456,-36.328053],[-57.694752,-36.329646],[-57.694801,-36.330049],[-57.695946,-36.339528],[-57.696648,-36.345407],[-57.696766,-36.346504],[-57.696802,-36.346773],[-57.696842,-36.347013],[-57.696852,-36.34725],[-57.696875,-36.347506],[-57.696887,-36.34767],[-57.696896,-36.347836],[-57.696912,-36.348166],[-57.696927,-36.34883],[-57.69686,-36.351859],[-57.696859,-36.351897],[-57.696823,-36.352721],[-57.69682,-36.352775],[-57.696744,-36.354119],[-57.696738,-36.354861],[-57.696717,-36.355437],[-57.696741,-36.355922],[-57.69678,-36.356825],[-57.696848,-36.357604],[-57.696966,-36.359295],[-57.696955,-36.360229],[-57.696681,-36.367303],[-57.696452,-36.372772],[-57.696041,-36.383173],[-57.695915,-36.386242],[-57.6958,-36.389342],[-57.695773,-36.390145],[-57.695738,-36.390833],[-57.695664,-36.392877],[-57.695672,-36.393484],[-57.695689,-36.393948],[-57.695732,-36.394279],[-57.695789,-36.394618],[-57.69592,-36.395191],[-57.696,-36.395493],[-57.696197,-36.396011],[-57.696474,-36.396651],[-57.702714,-36.410591],[-57.709585,-36.425917],[-57.715229,-36.438535],[-57.717337,-36.443247],[-57.721787,-36.453195],[-57.723505,-36.456949],[-57.724373,-36.458908],[-57.724845,-36.459977],[-57.72511,-36.460556],[-57.72854,-36.468317],[-57.731849,-36.475789],[-57.732172,-36.476648],[-57.732299,-36.4771],[-57.73236,-36.477336],[-57.732399,-36.477585],[-57.732431,-36.477897],[-57.732463,-36.478296],[-57.732455,-36.478703],[-57.732422,-36.479173],[-57.732344,-36.479632],[-57.7322,-36.48017],[-57.731989,-36.480758],[-57.731324,-36.482242],[-57.73064,-36.48373],[-57.72722,-36.491054],[-57.726889,-36.49184],[-57.726387,-36.493084],[-57.726136,-36.493737],[-57.725307,-36.495867],[-57.7252,-36.496204],[-57.724781,-36.497308],[-57.723757,-36.500086],[-57.723725,-36.500173],[-57.723144,-36.501791],[-57.723111,-36.501882],[-57.722344,-36.503978],[-57.722331,-36.504023],[-57.722322,-36.504052],[-57.722024,-36.504869],[-57.722002,-36.504926],[-57.721961,-36.505037],[-57.721458,-36.506383],[-57.721131,-36.507265],[-57.72091,-36.507893],[-57.719608,-36.513417],[-57.719383,-36.514309],[-57.719115,-36.515418],[-57.718803,-36.516712],[-57.71728,-36.521937],[-57.717109,-36.522497],[-57.717044,-36.522754],[-57.716968,-36.523081],[-57.716922,-36.523346],[-57.716908,-36.52349],[-57.716811,-36.524247],[-57.716803,-36.52502],[-57.716809,-36.525304],[-57.71685,-36.525652],[-57.716971,-36.526287],[-57.717124,-36.526948],[-57.720941,-36.543338],[-57.722302,-36.549086],[-57.722521,-36.549795],[-57.722813,-36.550539],[-57.723136,-36.551174],[-57.723579,-36.551862],[-57.727758,-36.557756],[-57.729629,-36.560351],[-57.740721,-36.576019],[-57.747782,-36.585813],[-57.749626,-36.588405],[-57.756234,-36.597689],[-57.75647,-36.59802],[-57.761437,-36.605008],[-57.761874,-36.605599],[-57.76228,-36.606108],[-57.762631,-36.606492],[-57.769374,-36.613655],[-57.774076,-36.618604],[-57.778962,-36.623805],[-57.782631,-36.627714],[-57.784609,-36.629827],[-57.784784,-36.630028],[-57.784927,-36.630194],[-57.785107,-36.630415],[-57.785268,-36.630625],[-57.785389,-36.630791],[-57.785502,-36.630949],[-57.78562,-36.631141],[-57.785768,-36.631383],[-57.78592,-36.631655],[-57.786094,-36.632006],[-57.786262,-36.63237],[-57.786375,-36.632625],[-57.786513,-36.632975],[-57.786606,-36.633228],[-57.786681,-36.63346],[-57.786766,-36.633743],[-57.786788,-36.633826],[-57.78684,-36.634035],[-57.78689,-36.634271],[-57.78694,-36.634576],[-57.786973,-36.634803],[-57.787002,-36.635011],[-57.787035,-36.635246],[-57.787227,-36.637357],[-57.787319,-36.638433],[-57.787354,-36.638783],[-57.787377,-36.639049],[-57.787521,-36.640675],[-57.787568,-36.641267],[-57.787618,-36.641666],[-57.787697,-36.642437],[-57.787754,-36.643112],[-57.787866,-36.644533],[-57.787923,-36.645073],[-57.787935,-36.645303],[-57.787977,-36.64601],[-57.788017,-36.64687],[-57.788022,-36.647086],[-57.78803,-36.647525],[-57.788003,-36.649149],[-57.787979,-36.650049],[-57.787963,-36.651688],[-57.787964,-36.652292],[-57.787962,-36.652746],[-57.787932,-36.65798],[-57.787907,-36.661438],[-57.787921,-36.661679],[-57.787941,-36.661862],[-57.787973,-36.662105],[-57.788005,-36.662302],[-57.788039,-36.662438],[-57.788073,-36.66256],[-57.788103,-36.662666],[-57.788136,-36.662758],[-57.788169,-36.662846],[-57.788201,-36.662921],[-57.788231,-36.662989],[-57.788263,-36.663055],[-57.788291,-36.663114],[-57.78832,-36.663168],[-57.788348,-36.663222],[-57.788374,-36.66327],[-57.788401,-36.663318],[-57.788427,-36.663361],[-57.788451,-36.663403],[-57.788475,-36.663442],[-57.788499,-36.663482],[-57.788521,-36.663517],[-57.788545,-36.663552],[-57.788568,-36.663587],[-57.788589,-36.663619],[-57.78861,-36.663649],[-57.788632,-36.663679],[-57.788652,-36.663708],[-57.788672,-36.663737],[-57.788877,-36.664017],[-57.789022,-36.6642],[-57.789054,-36.664242],[-57.789312,-36.66455],[-57.789513,-36.664789],[-57.789567,-36.664851],[-57.790317,-36.665729],[-57.790609,-36.666069],[-57.791103,-36.666639],[-57.7915,-36.667165],[-57.791703,-36.667476],[-57.791924,-36.667848],[-57.792151,-36.668288],[-57.7923,-36.668626],[-57.792401,-36.668919],[-57.792458,-36.669111],[-57.792588,-36.669628],[-57.792661,-36.669979],[-57.79302,-36.672385],[-57.794658,-36.68353],[-57.795919,-36.69222],[-57.796253,-36.69513],[-57.797223,-36.703633],[-57.799136,-36.720186],[-57.799442,-36.723331],[-57.800337,-36.731186],[-57.802889,-36.752894],[-57.803004,-36.753959],[-57.803013,-36.754037],[-57.803075,-36.754558],[-57.803124,-36.754944],[-57.803194,-36.755618],[-57.803309,-36.75665],[-57.8034,-36.757238],[-57.803867,-36.759987],[-57.806421,-36.775485],[-57.807534,-36.782114],[-57.807632,-36.782645],[-57.807952,-36.784014],[-57.808177,-36.784778],[-57.808412,-36.785512],[-57.808796,-36.786481],[-57.808993,-36.786916],[-57.809235,-36.787397],[-57.809731,-36.788226],[-57.810281,-36.789039],[-57.810967,-36.789899],[-57.812006,-36.791116],[-57.821389,-36.800678],[-57.834399,-36.813839],[-57.834486,-36.813928],[-57.852487,-36.832187],[-57.85286,-36.832565],[-57.858451,-36.838254],[-57.858632,-36.838434],[-57.860653,-36.840448],[-57.863672,-36.843537],[-57.863778,-36.843644],[-57.863869,-36.843737],[-57.863947,-36.843818],[-57.864018,-36.84389],[-57.864079,-36.843952],[-57.864135,-36.844009],[-57.864188,-36.844063],[-57.864238,-36.844115],[-57.864281,-36.844159],[-57.864327,-36.844206],[-57.864366,-36.844246],[-57.864405,-36.844286],[-57.864439,-36.844321],[-57.864475,-36.844357],[-57.864505,-36.844388],[-57.864536,-36.84442],[-57.864565,-36.844449],[-57.864593,-36.844478],[-57.86462,-36.844505],[-57.864647,-36.844533],[-57.864671,-36.844558],[-57.864693,-36.844581],[-57.864716,-36.844604],[-57.864737,-36.844625],[-57.864759,-36.844648],[-57.864928,-36.84482],[-57.865293,-36.845179],[-57.865476,-36.845359],[-57.865645,-36.845525],[-57.8658,-36.845676],[-57.865929,-36.845808],[-57.866039,-36.845921],[-57.866133,-36.846017],[-57.866209,-36.846095],[-57.86627,-36.846157],[-57.86631,-36.846199],[-57.866429,-36.84632],[-57.866435,-36.846326],[-57.866441,-36.846332],[-57.866448,-36.846339],[-57.866738,-36.846635],[-57.867516,-36.847419],[-57.867971,-36.847869],[-57.86863,-36.848536],[-57.868713,-36.848624],[-57.869141,-36.849076],[-57.869272,-36.849226],[-57.869399,-36.849376],[-57.869557,-36.849578],[-57.869674,-36.849734],[-57.869797,-36.849915],[-57.869876,-36.85004],[-57.869954,-36.850181],[-57.870036,-36.850354],[-57.870135,-36.850594],[-57.870187,-36.850761],[-57.870252,-36.851001],[-57.87034,-36.851364],[-57.870478,-36.852228],[-57.870525,-36.852529],[-57.870544,-36.852667],[-57.870615,-36.85316],[-57.87073,-36.853881],[-57.870808,-36.854417],[-57.870871,-36.854835],[-57.870938,-36.855279],[-57.871103,-36.856369],[-57.871113,-36.856437],[-57.871359,-36.858063],[-57.871365,-36.858106],[-57.871547,-36.859311],[-57.87167,-36.860125],[-57.871734,-36.860537],[-57.871771,-36.860792],[-57.871875,-36.861485],[-57.872184,-36.863527],[-57.872291,-36.864239],[-57.872601,-36.866293],[-57.872624,-36.866443],[-57.872724,-36.867103],[-57.872873,-36.868091],[-57.873011,-36.869006],[-57.873278,-36.870773],[-57.873422,-36.871725],[-57.873516,-36.872401],[-57.873911,-36.874966],[-57.874691,-36.880145],[-57.875204,-36.883532],[-57.875223,-36.883661],[-57.876031,-36.88903],[-57.87741,-36.898033],[-57.877992,-36.90184],[-57.878039,-36.902146],[-57.879028,-36.908623],[-57.879082,-36.908976],[-57.879807,-36.913742],[-57.87985,-36.91404],[-57.879894,-36.914292],[-57.879922,-36.914456],[-57.879941,-36.914599],[-57.879957,-36.914762],[-57.879967,-36.914943],[-57.879971,-36.915148],[-57.87997,-36.915338],[-57.879956,-36.91551],[-57.879934,-36.915728],[-57.879898,-36.91595],[-57.879825,-36.916294],[-57.879763,-36.916563],[-57.87969,-36.916838],[-57.879492,-36.917513],[-57.879096,-36.918929],[-57.876655,-36.927637],[-57.874579,-36.935011],[-57.870924,-36.947972],[-57.869368,-36.953533],[-57.8682,-36.957633],[-57.866126,-36.965017],[-57.860217,-36.986344],[-57.854934,-37.005141],[-57.852429,-37.014051],[-57.852373,-37.014268],[-57.851076,-37.018892],[-57.845247,-37.039549],[-57.839085,-37.061433],[-57.838427,-37.063745],[-57.837872,-37.065694],[-57.837526,-37.066907],[-57.837087,-37.068449],[-57.835159,-37.075216],[-57.835139,-37.075284],[-57.83508,-37.075492],[-57.835014,-37.075719],[-57.834919,-37.076016],[-57.834835,-37.07626],[-57.834748,-37.076478],[-57.83466,-37.076681],[-57.834554,-37.076886],[-57.834444,-37.077066],[-57.834333,-37.077245],[-57.834218,-37.077406],[-57.834104,-37.077543],[-57.834006,-37.077653],[-57.833842,-37.077821],[-57.833626,-37.078028],[-57.833357,-37.078284],[-57.833078,-37.07852],[-57.831879,-37.079566],[-57.831761,-37.07968],[-57.83084,-37.080527],[-57.830643,-37.080727],[-57.830475,-37.080912],[-57.830314,-37.081106],[-57.830076,-37.08143],[-57.830034,-37.0815],[-57.829979,-37.081593],[-57.829907,-37.081719],[-57.829858,-37.08181],[-57.829792,-37.081943],[-57.829728,-37.082087],[-57.829651,-37.082276],[-57.829592,-37.08246],[-57.829533,-37.082654],[-57.829464,-37.082912],[-57.829225,-37.0838],[-57.829032,-37.084517],[-57.828774,-37.085474],[-57.828612,-37.086077],[-57.828425,-37.086771],[-57.82825,-37.087421],[-57.827829,-37.088986],[-57.827594,-37.089825],[-57.827532,-37.090049],[-57.827492,-37.0902],[-57.827458,-37.090351],[-57.827427,-37.090502],[-57.827406,-37.090647],[-57.827386,-37.090825],[-57.827376,-37.090996],[-57.82737,-37.091115],[-57.827367,-37.091342],[-57.827375,-37.091535],[-57.827389,-37.091695],[-57.827409,-37.09186],[-57.827439,-37.092029],[-57.827463,-37.09215],[-57.827496,-37.092295],[-57.827776,-37.09349],[-57.8284,-37.096151],[-57.828578,-37.096966],[-57.828616,-37.097177],[-57.828648,-37.097392],[-57.828677,-37.097601],[-57.828698,-37.097826],[-57.828699,-37.098039],[-57.828692,-37.098269],[-57.828677,-37.098458],[-57.82865,-37.098652],[-57.828615,-37.09885],[-57.82857,-37.099055],[-57.828496,-37.099337],[-57.828381,-37.09976],[-57.825869,-37.108688],[-57.824281,-37.11433],[-57.823061,-37.118654],[-57.820042,-37.129354],[-57.819977,-37.129584],[-57.817336,-37.138944],[-57.811518,-37.159558],[-57.810228,-37.164126],[-57.810208,-37.164197],[-57.810181,-37.164295],[-57.808128,-37.171582],[-57.805234,-37.181565],[-57.804449,-37.184339],[-57.800949,-37.196732],[-57.799894,-37.200443],[-57.799536,-37.201704],[-57.798986,-37.203645],[-57.797869,-37.207608],[-57.79713,-37.210238],[-57.797032,-37.21059],[-57.796953,-37.210859],[-57.796108,-37.213822],[-57.795725,-37.215166],[-57.795666,-37.215388],[-57.795403,-37.216389],[-57.79527,-37.216828],[-57.79525,-37.216899],[-57.794936,-37.218009],[-57.793311,-37.223753],[-57.793176,-37.224231],[-57.792109,-37.228004],[-57.790939,-37.232131],[-57.79054,-37.233537],[-57.789179,-37.238566],[-57.785588,-37.251258],[-57.785488,-37.251608],[-57.784721,-37.254328],[-57.783991,-37.256927],[-57.783126,-37.259991],[-57.783003,-37.260428],[-57.782594,-37.261794],[-57.78242,-37.262351],[-57.782211,-37.262887],[-57.782059,-37.263235],[-57.781824,-37.263747],[-57.781737,-37.2639],[-57.781641,-37.264055],[-57.781542,-37.264205],[-57.781334,-37.264477],[-57.781155,-37.264679],[-57.780995,-37.264832],[-57.780808,-37.264989],[-57.780606,-37.265141],[-57.780377,-37.265301],[-57.780055,-37.265508],[-57.779998,-37.265541],[-57.779823,-37.26564],[-57.779591,-37.265761],[-57.779357,-37.265872],[-57.779004,-37.266023],[-57.778704,-37.266146],[-57.778437,-37.266253],[-57.776704,-37.266911],[-57.771533,-37.268879],[-57.771362,-37.268944],[-57.770349,-37.269326],[-57.770062,-37.269442],[-57.769868,-37.269524],[-57.769653,-37.269619],[-57.769404,-37.269738],[-57.76913,-37.26989],[-57.768848,-37.270064],[-57.768637,-37.270212],[-57.768511,-37.270307],[-57.768368,-37.270422],[-57.768311,-37.270473],[-57.768224,-37.270561],[-57.768157,-37.270634],[-57.768082,-37.270721],[-57.768009,-37.270816],[-57.767846,-37.271033],[-57.767761,-37.271152],[-57.767688,-37.27126],[-57.767602,-37.271397],[-57.767522,-37.271536],[-57.767455,-37.271667],[-57.767395,-37.271798],[-57.767334,-37.271961],[-57.767264,-37.272168],[-57.767177,-37.27241],[-57.767072,-37.272726],[-57.766842,-37.273473],[-57.766742,-37.273792],[-57.766701,-37.273922],[-57.766679,-37.273994],[-57.766654,-37.274073],[-57.766632,-37.274142],[-57.766621,-37.274181],[-57.766383,-37.274997],[-57.766348,-37.275109],[-57.765907,-37.276523],[-57.765712,-37.277147],[-57.765546,-37.277679],[-57.765455,-37.277977],[-57.765414,-37.278123],[-57.765378,-37.278284],[-57.765332,-37.278534],[-57.765308,-37.278676],[-57.765291,-37.278855],[-57.765285,-37.279022],[-57.765284,-37.279241],[-57.765292,-37.279479],[-57.765308,-37.279672],[-57.765318,-37.279769],[-57.76534,-37.279881],[-57.765373,-37.280006],[-57.765423,-37.280143],[-57.765552,-37.280447],[-57.765636,-37.280615],[-57.765781,-37.280867],[-57.765902,-37.281047],[-57.766071,-37.281275],[-57.76622,-37.281478],[-57.766454,-37.281779],[-57.768434,-37.284114],[-57.768601,-37.284315],[-57.769281,-37.285122],[-57.771682,-37.28795],[-57.772257,-37.288623],[-57.772484,-37.288902],[-57.772635,-37.289103],[-57.772815,-37.28935],[-57.772988,-37.289599],[-57.773127,-37.289815],[-57.773255,-37.290029],[-57.773379,-37.290259],[-57.773473,-37.290462],[-57.773541,-37.290643],[-57.773611,-37.290859],[-57.773665,-37.291069],[-57.773698,-37.291276],[-57.77372,-37.291488],[-57.773733,-37.291739],[-57.773732,-37.292017],[-57.773725,-37.292245],[-57.773709,-37.292409],[-57.773688,-37.292559],[-57.77366,-37.292732],[-57.773628,-37.292938],[-57.773611,-37.293025],[-57.773576,-37.293212],[-57.773529,-37.293423],[-57.773455,-37.293716],[-57.773374,-37.294022],[-57.772853,-37.29585],[-57.772616,-37.296691],[-57.771071,-37.302126],[-57.769713,-37.306918],[-57.768363,-37.311692],[-57.765824,-37.320659],[-57.762348,-37.332934],[-57.758869,-37.345325],[-57.757724,-37.349316],[-57.756197,-37.3547],[-57.754765,-37.35975],[-57.75356,-37.364],[-57.753459,-37.364355],[-57.751996,-37.369513],[-57.75132,-37.371895],[-57.751003,-37.373043],[-57.75067,-37.374181],[-57.750345,-37.375323],[-57.749548,-37.378166],[-57.748203,-37.382918],[-57.744177,-37.397107],[-57.74344,-37.39966],[-57.739374,-37.41396],[-57.738261,-37.417916],[-57.735748,-37.426801],[-57.73522,-37.428683],[-57.734889,-37.429844],[-57.734617,-37.430812],[-57.734446,-37.431217],[-57.734264,-37.431527],[-57.733951,-37.431923],[-57.733268,-37.432554],[-57.732843,-37.432893],[-57.731354,-37.434217],[-57.731178,-37.43437],[-57.730579,-37.434893],[-57.72959,-37.435756],[-57.728577,-37.436644],[-57.728378,-37.436817],[-57.727042,-37.437984],[-57.726361,-37.438578],[-57.725748,-37.439112],[-57.72504,-37.439727],[-57.724849,-37.439896],[-57.72458,-37.440132],[-57.724155,-37.440507],[-57.723893,-37.440755],[-57.723768,-37.440888],[-57.723664,-37.441003],[-57.723572,-37.441121],[-57.723483,-37.441252],[-57.723396,-37.441391],[-57.723302,-37.441572],[-57.723213,-37.441777],[-57.723109,-37.442083],[-57.722387,-37.444645],[-57.721724,-37.447028],[-57.721702,-37.447108],[-57.721631,-37.447348],[-57.721488,-37.447854],[-57.721287,-37.448562],[-57.721185,-37.448954],[-57.720837,-37.450203],[-57.720653,-37.450823],[-57.720483,-37.451453],[-57.720424,-37.451673],[-57.7204,-37.451783],[-57.720367,-37.451965],[-57.720346,-37.452114],[-57.72033,-37.452269],[-57.720323,-37.452409],[-57.720325,-37.452529],[-57.720338,-37.452675],[-57.720365,-37.45284],[-57.720402,-37.452996],[-57.720457,-37.453194],[-57.720525,-37.45341],[-57.720614,-37.453656],[-57.720697,-37.453868],[-57.7208,-37.454111],[-57.721209,-37.45505],[-57.721584,-37.455875],[-57.721893,-37.456613],[-57.722353,-37.457621],[-57.722381,-37.457687],[-57.723303,-37.459868],[-57.72344,-37.460194],[-57.724773,-37.463269],[-57.724904,-37.463644],[-57.72498,-37.463959],[-57.725014,-37.464293],[-57.725004,-37.464637],[-57.724953,-37.464988],[-57.724912,-37.465174],[-57.724029,-37.468327],[-57.72337,-37.470651],[-57.723308,-37.470873],[-57.722392,-37.474112],[-57.721745,-37.476496],[-57.721408,-37.477737],[-57.72051,-37.480927],[-57.719907,-37.483057],[-57.719273,-37.485316],[-57.718715,-37.487252],[-57.717575,-37.491204],[-57.717008,-37.493235],[-57.716947,-37.49345],[-57.716388,-37.495394],[-57.716305,-37.495684],[-57.715366,-37.499004],[-57.714203,-37.503101],[-57.713753,-37.504894],[-57.712512,-37.509231],[-57.712474,-37.509369],[-57.712044,-37.510747],[-57.71175,-37.511795],[-57.71171,-37.511939],[-57.711184,-37.513821],[-57.710705,-37.515477],[-57.710634,-37.51572],[-57.709791,-37.518637],[-57.709751,-37.518774],[-57.708072,-37.524567],[-57.707949,-37.524998],[-57.706721,-37.529315],[-57.705806,-37.5326],[-57.705692,-37.53301],[-57.704602,-37.536908],[-57.70125,-37.549119],[-57.701216,-37.549245],[-57.699452,-37.555327],[-57.69675,-37.564914],[-57.696731,-37.564981],[-57.69313,-37.577714],[-57.69307,-37.577925],[-57.690448,-37.587194],[-57.689574,-37.590246],[-57.689287,-37.591294],[-57.68906,-37.59216],[-57.687786,-37.596563],[-57.687077,-37.599098],[-57.686983,-37.599432],[-57.685088,-37.606163],[-57.685022,-37.606409],[-57.683779,-37.610969],[-57.683677,-37.611336],[-57.680619,-37.621745],[-57.680288,-37.622799],[-57.680206,-37.623096],[-57.676869,-37.635181],[-57.676524,-37.636419],[-57.673225,-37.648067],[-57.673044,-37.648495],[-57.672824,-37.648834],[-57.672537,-37.649176],[-57.672094,-37.649632],[-57.671889,-37.649843],[-57.6711,-37.650636],[-57.669637,-37.652161],[-57.668939,-37.652859],[-57.668532,-37.653267],[-57.668282,-37.653538],[-57.668107,-37.653755],[-57.667953,-37.653983],[-57.667826,-37.654202],[-57.667734,-37.654393],[-57.667661,-37.654603],[-57.667494,-37.65519],[-57.666925,-37.657201],[-57.666188,-37.659797],[-57.666157,-37.659902],[-57.665641,-37.661737],[-57.665514,-37.662206],[-57.665403,-37.662674],[-57.665281,-37.663243],[-57.665165,-37.663872],[-57.665115,-37.664137],[-57.665015,-37.664656],[-57.664964,-37.66488],[-57.664894,-37.665128],[-57.664819,-37.665353],[-57.664627,-37.665895],[-57.664154,-37.667072],[-57.664089,-37.667243],[-57.664048,-37.667367],[-57.663983,-37.667583],[-57.663874,-37.66797],[-57.663844,-37.668086],[-57.663794,-37.668319],[-57.663773,-37.668472],[-57.663759,-37.668652],[-57.66378,-37.669019],[-57.663794,-37.669168],[-57.66381,-37.669309],[-57.663836,-37.66946],[-57.663868,-37.669608],[-57.663928,-37.669837],[-57.664818,-37.672973],[-57.665157,-37.674165],[-57.665198,-37.674326],[-57.665313,-37.674757],[-57.665382,-37.675092],[-57.665411,-37.675504],[-57.665403,-37.675686],[-57.665383,-37.675848],[-57.665291,-37.676294],[-57.6621,-37.687316],[-57.662026,-37.687576],[-57.660799,-37.691908],[-57.65606,-37.708729],[-57.655753,-37.70983],[-57.654862,-37.712995],[-57.654478,-37.714351],[-57.653157,-37.719039],[-57.652481,-37.72141],[-57.650224,-37.729388],[-57.650201,-37.72947],[-57.650063,-37.729957],[-57.648529,-37.735334],[-57.648416,-37.73573],[-57.644715,-37.748697],[-57.642139,-37.757722],[-57.641766,-37.759147],[-57.640773,-37.762481],[-57.640349,-37.764078],[-57.639771,-37.766101],[-57.639337,-37.767681],[-57.639117,-37.768497],[-57.637659,-37.773514],[-57.63749,-37.774126],[-57.637277,-37.774897],[-57.635669,-37.780565],[-57.635211,-37.782162],[-57.634507,-37.784605],[-57.634285,-37.78536],[-57.634167,-37.785753],[-57.634062,-37.786182],[-57.632226,-37.792655],[-57.631771,-37.794264],[-57.631622,-37.79473],[-57.631413,-37.795242],[-57.631264,-37.79554],[-57.631118,-37.795809],[-57.630614,-37.796561],[-57.630242,-37.797145],[-57.629998,-37.797515],[-57.629799,-37.797935],[-57.629618,-37.798355],[-57.629486,-37.798718],[-57.629351,-37.799143],[-57.62759,-37.805365],[-57.627463,-37.805821],[-57.627408,-37.806028],[-57.627362,-37.806231],[-57.62732,-37.806475],[-57.627297,-37.806675],[-57.627279,-37.807032],[-57.627284,-37.807392],[-57.627296,-37.807676],[-57.627311,-37.807936],[-57.627326,-37.808169],[-57.627341,-37.808427],[-57.627354,-37.80867],[-57.627359,-37.808889],[-57.627357,-37.809097],[-57.62735,-37.809312],[-57.627333,-37.809517],[-57.627305,-37.80974],[-57.627265,-37.809967],[-57.627226,-37.810153],[-57.627173,-37.810394],[-57.626683,-37.812141],[-57.626607,-37.812427],[-57.625661,-37.815738],[-57.62526,-37.817097],[-57.625185,-37.817377],[-57.624845,-37.818532],[-57.624134,-37.821035],[-57.623835,-37.822144],[-57.623496,-37.823372],[-57.623197,-37.824344],[-57.623025,-37.824967],[-57.622973,-37.825153],[-57.622538,-37.826722],[-57.622302,-37.827615],[-57.622107,-37.828286],[-57.621832,-37.829195],[-57.618399,-37.841234],[-57.618108,-37.842263],[-57.617859,-37.843138],[-57.617803,-37.843335],[-57.617069,-37.845911],[-57.614789,-37.853913],[-57.614337,-37.855498],[-57.61355,-37.858258],[-57.612939,-37.860403],[-57.612864,-37.860665],[-57.612076,-37.863349],[-57.611153,-37.866671],[-57.609897,-37.871056],[-57.609569,-37.872201],[-57.609541,-37.872307],[-57.608796,-37.874917],[-57.608604,-37.875587],[-57.608451,-37.876158],[-57.608317,-37.876587],[-57.608195,-37.876913],[-57.607932,-37.877408],[-57.607663,-37.877874],[-57.606552,-37.87986],[-57.605825,-37.881116],[-57.60388,-37.884539],[-57.602323,-37.887271],[-57.602173,-37.887522],[-57.601565,-37.888608],[-57.601376,-37.888953],[-57.6011,-37.889501],[-57.601007,-37.889726],[-57.600925,-37.889935],[-57.60052,-37.891194],[-57.600339,-37.891771],[-57.600146,-37.892469],[-57.59943,-37.894604],[-57.59928,-37.895032],[-57.599044,-37.895879],[-57.59899,-37.896031],[-57.598036,-37.898958],[-57.597601,-37.900396],[-57.596852,-37.902712],[-57.596769,-37.902975],[-57.596476,-37.903899],[-57.596339,-37.904319],[-57.596159,-37.904893],[-57.595893,-37.905681],[-57.595826,-37.905899],[-57.595659,-37.906409],[-57.594871,-37.908848],[-57.594052,-37.911406],[-57.593477,-37.913229],[-57.593388,-37.913523],[-57.593324,-37.91375],[-57.593274,-37.913905],[-57.592959,-37.914887],[-57.59291,-37.915027],[-57.592736,-37.915564],[-57.591736,-37.91877],[-57.591597,-37.919251],[-57.591398,-37.919848],[-57.588725,-37.928168],[-57.587771,-37.931125],[-57.587679,-37.931422],[-57.587239,-37.932786],[-57.587209,-37.932928],[-57.587197,-37.933036],[-57.587196,-37.933138],[-57.587202,-37.93324],[-57.587232,-37.933531],[-57.587241,-37.93362],[-57.587243,-37.933716],[-57.587235,-37.933833],[-57.587219,-37.933939],[-57.587196,-37.934033],[-57.587167,-37.934118],[-57.587118,-37.93423],[-57.587067,-37.934324],[-57.587009,-37.934417],[-57.586913,-37.934532],[-57.586761,-37.934699],[-57.586678,-37.934791],[-57.586617,-37.934871],[-57.586575,-37.934949],[-57.586541,-37.935019],[-57.586511,-37.935094],[-57.586477,-37.935203],[-57.586297,-37.935765],[-57.586014,-37.936602],[-57.58592,-37.936872],[-57.585311,-37.938802],[-57.585242,-37.939023],[-57.58489,-37.940157],[-57.584346,-37.941706],[-57.583896,-37.94311],[-57.583684,-37.943891],[-57.583603,-37.944252],[-57.583521,-37.944556],[-57.583498,-37.944647],[-57.583263,-37.945428],[-57.583035,-37.946284],[-57.582704,-37.947485],[-57.582443,-37.948455],[-57.582389,-37.94865],[-57.582362,-37.948741],[-57.58228,-37.949019],[-57.582201,-37.9493],[-57.581957,-37.950234],[-57.581879,-37.950564],[-57.581848,-37.950722],[-57.581847,-37.950791],[-57.581848,-37.950858],[-57.581876,-37.951089],[-57.581893,-37.951195],[-57.581939,-37.951329],[-57.581941,-37.951357],[-57.581946,-37.951431],[-57.581944,-37.95153],[-57.58193,-37.951742],[-57.581896,-37.951835],[-57.581848,-37.951914],[-57.581798,-37.951972],[-57.581735,-37.952036],[-57.581667,-37.952094],[-57.581572,-37.952181],[-57.581534,-37.952225],[-57.581498,-37.952276],[-57.581472,-37.952316],[-57.581442,-37.952375],[-57.581437,-37.952386],[-57.581358,-37.952673],[-57.580533,-37.955705],[-57.580519,-37.955744],[-57.58051,-37.955809],[-57.580512,-37.955882],[-57.580519,-37.955957],[-57.580534,-37.95604],[-57.580554,-37.956116],[-57.580563,-37.95613],[-57.580578,-37.956269],[-57.580591,-37.956373],[-57.580602,-37.95651],[-57.580576,-37.956613],[-57.580572,-37.956631],[-57.580547,-37.956697],[-57.580514,-37.956766],[-57.580475,-37.956835],[-57.580437,-37.956884],[-57.580392,-37.956931],[-57.580319,-37.956999],[-57.58031,-37.957005],[-57.580273,-37.957048],[-57.580231,-37.957107],[-57.580163,-37.9572],[-57.580136,-37.957251],[-57.580109,-37.957317],[-57.580077,-37.957413],[-57.579458,-37.959618],[-57.579125,-37.960853],[-57.57894,-37.961486],[-57.578866,-37.961767],[-57.578792,-37.962018],[-57.578517,-37.963072],[-57.578489,-37.963199],[-57.578177,-37.964352],[-57.578137,-37.96449],[-57.577816,-37.965636],[-57.577658,-37.966186],[-57.577643,-37.966285],[-57.577644,-37.966392],[-57.577669,-37.966507],[-57.577714,-37.966622],[-57.577739,-37.966722],[-57.577757,-37.966778],[-57.577789,-37.966922],[-57.577784,-37.967091],[-57.577755,-37.96719],[-57.577721,-37.967272],[-57.577644,-37.967388],[-57.577565,-37.967453],[-57.577467,-37.967515],[-57.577418,-37.967545],[-57.577294,-37.967746],[-57.577217,-37.96789],[-57.577103,-37.968217],[-57.576711,-37.969522],[-57.576539,-37.970174],[-57.576478,-37.970464],[-57.576453,-37.970568],[-57.576394,-37.970875],[-57.576356,-37.971082],[-57.57634,-37.971322],[-57.57634,-37.97154],[-57.576355,-37.971717],[-57.576405,-37.971967],[-57.576421,-37.972042],[-57.576531,-37.972378],[-57.576645,-37.972635],[-57.576791,-37.972857],[-57.576931,-37.973089],[-57.577042,-37.973235],[-57.577385,-37.973673],[-57.578023,-37.974476],[-57.578295,-37.974804],[-57.578345,-37.974861],[-57.578381,-37.974896],[-57.578427,-37.974932],[-57.578473,-37.974961],[-57.578526,-37.974993],[-57.578585,-37.975024],[-57.578631,-37.97505],[-57.57867,-37.975059],[-57.578707,-37.975074],[-57.578752,-37.975097],[-57.578789,-37.975122],[-57.578826,-37.97515],[-57.578861,-37.975181],[-57.578891,-37.975214],[-57.578922,-37.975256],[-57.578947,-37.975303],[-57.578965,-37.975347],[-57.578975,-37.975386],[-57.578984,-37.975433],[-57.578988,-37.975475],[-57.578983,-37.975515],[-57.57895,-37.97557],[-57.578917,-37.975602],[-57.578883,-37.975627],[-57.578839,-37.975646],[-57.578793,-37.975656],[-57.578753,-37.975659],[-57.578709,-37.975658],[-57.578662,-37.975654],[-57.578623,-37.975638],[-57.578508,-37.975624],[-57.578424,-37.975617],[-57.578352,-37.975617],[-57.578293,-37.97562],[-57.578237,-37.975629],[-57.578177,-37.975644],[-57.5781,-37.975666],[-57.577916,-37.975728],[-57.57749,-37.975941],[-57.576508,-37.976433],[-57.57551,-37.976934],[-57.574534,-37.97743],[-57.574042,-37.977678],[-57.573549,-37.977928],[-57.572522,-37.978446],[-57.571713,-37.978855],[-57.571529,-37.978947],[-57.570548,-37.979447],[-57.569527,-37.979963],[-57.568526,-37.980469],[-57.567552,-37.980962],[-57.566567,-37.98146],[-57.566419,-37.981534],[-57.56542,-37.98204],[-57.56442,-37.982545],[-57.563427,-37.983047],[-57.562407,-37.983562],[-57.561426,-37.984059],[-57.560427,-37.984564],[-57.559444,-37.98506],[-57.558411,-37.985583],[-57.557428,-37.98608],[-57.556454,-37.986572],[-57.555428,-37.987091],[-57.554425,-37.987598],[-57.553435,-37.988098],[-57.552445,-37.988599],[-57.551442,-37.989105],[-57.550426,-37.989619],[-57.549797,-37.989937],[-57.54944,-37.990118],[-57.548469,-37.990608],[-57.548343,-37.990672],[-57.548193,-37.990748],[-57.547348,-37.991174],[-57.54726,-37.991219],[-57.547157,-37.991271],[-57.546331,-37.991688],[-57.546251,-37.991728],[-57.546158,-37.991775],[-57.546064,-37.991823],[-57.545648,-37.992033],[-57.545448,-37.992134],[-57.545401,-37.992157],[-57.545256,-37.992231],[-57.5452,-37.992259],[-57.545084,-37.992319],[-57.545064,-37.992332],[-57.545045,-37.99235],[-57.545031,-37.99237],[-57.545022,-37.992391],[-57.544999,-37.992475],[-57.544985,-37.992568],[-57.544842,-37.993449],[-57.544818,-37.993568],[-57.544832,-37.993638],[-57.544662,-37.993996],[-57.544578,-37.994179],[-57.544408,-37.99453],[-57.544313,-37.994671],[-57.544256,-37.994747],[-57.544184,-37.994832],[-57.544108,-37.994916],[-57.544013,-37.995007],[-57.543561,-37.995348],[-57.543025,-37.995618],[-57.54272,-37.99577],[-57.542568,-37.995862],[-57.54242,-37.995981],[-57.542177,-37.996224],[-57.541823,-37.996579],[-57.541723,-37.996693],[-57.541592,-37.996845],[-57.541533,-37.99692],[-57.541472,-37.997011],[-57.541307,-37.997287],[-57.541286,-37.997331],[-57.541273,-37.997376],[-57.54127,-37.997436],[-57.54128,-37.99749],[-57.541303,-37.997557],[-57.541342,-37.997649],[-57.541516,-37.997939],[-57.541566,-37.998017],[-57.541596,-37.998082],[-57.541679,-37.998308],[-57.541698,-37.998349],[-57.541725,-37.998404],[-57.541771,-37.998468],[-57.541811,-37.998517],[-57.541911,-37.998637],[-57.54211,-37.998845],[-57.542147,-37.998873],[-57.542175,-37.998904],[-57.542198,-37.998938],[-57.542214,-37.998972],[-57.542216,-37.999026],[-57.542213,-37.99907],[-57.542203,-37.99911],[-57.542189,-37.999145],[-57.542169,-37.999176],[-57.542137,-37.999209],[-57.542095,-37.999241],[-57.542029,-37.99927],[-57.541945,-37.999289],[-57.541761,-37.999346],[-57.541711,-37.999371],[-57.541673,-37.999396],[-57.541643,-37.999428],[-57.541622,-37.999467],[-57.541607,-37.999517],[-57.541576,-37.99964],[-57.541548,-37.999782],[-57.541526,-37.999897],[-57.541507,-38.000018],[-57.5415,-38.000125],[-57.541499,-38.000223],[-57.541564,-38.000781],[-57.541603,-38.000934],[-57.541643,-38.001076],[-57.541819,-38.001776],[-57.541834,-38.001827],[-57.541857,-38.00189],[-57.541871,-38.001921],[-57.541899,-38.00198],[-57.541936,-38.002045],[-57.542454,-38.002787],[-57.542507,-38.002849],[-57.543072,-38.003542],[-57.543133,-38.003618],[-57.543191,-38.00369],[-57.54371,-38.004338],[-57.543761,-38.004403],[-57.543846,-38.004504],[-57.544385,-38.00516],[-57.544427,-38.005211],[-57.544477,-38.005277],[-57.545001,-38.00591],[-57.545111,-38.006042],[-57.544199,-38.006498],[-57.544178,-38.006512],[-57.544046,-38.006578],[-57.543269,-38.00697],[-57.543156,-38.007026],[-57.543077,-38.007067],[-57.54215,-38.007534],[-57.541507,-38.006778],[-57.541908,-38.006419],[-57.542027,-38.006285],[-57.542122,-38.00616],[-57.542206,-38.00605],[-57.542273,-38.005932],[-57.542342,-38.005786],[-57.542385,-38.005679],[-57.542424,-38.005572],[-57.542456,-38.005472]],"type":"LineString"}},{"type":"Feature","properties":{"name":"Ruta 3 — атлантическое побережье","nameEs":"Ruta Nacional 3","description":"Главная дорога вдоль Атлантики: от Буэнос-Айреса до Уshuaia","routeKey":"ruta_3","ref":"RN 3","route":"ruta_3","segmentIndex":2,"source":"OSRM / OpenStreetMap road graph"},"geometry":{"coordinates":[[-57.542456,-38.005472],[-57.542463,-38.005449],[-57.542493,-38.005348],[-57.542526,-38.005226],[-57.542557,-38.005103],[-57.54258,-38.004871],[-57.542585,-38.004821],[-57.542595,-38.004651],[-57.542598,-38.004512],[-57.542595,-38.004354],[-57.542584,-38.004242],[-57.542564,-38.004132],[-57.542528,-38.003979],[-57.542468,-38.003786],[-57.542204,-38.003188],[-57.542163,-38.003096],[-57.542125,-38.00301],[-57.541783,-38.002159],[-57.541772,-38.002126],[-57.541721,-38.001985],[-57.541695,-38.001918],[-57.541675,-38.001856],[-57.54166,-38.001797],[-57.541513,-38.001142],[-57.541476,-38.000965],[-57.541458,-38.000789],[-57.541396,-38.000249],[-57.541391,-38.000177],[-57.541392,-38.000105],[-57.541399,-38.00001],[-57.541407,-37.99995],[-57.54142,-37.999874],[-57.541479,-37.999579],[-57.541489,-37.999538],[-57.541511,-37.99944],[-57.541563,-37.999226],[-57.541604,-37.999016],[-57.54161,-37.998964],[-57.541633,-37.998916],[-57.541657,-37.998889],[-57.541695,-37.998856],[-57.541741,-37.998832],[-57.541776,-37.998818],[-57.541829,-37.998803],[-57.5419,-37.998795],[-57.541956,-37.998795],[-57.542017,-37.998805],[-57.542067,-37.998824],[-57.54211,-37.998845],[-57.542147,-37.998873],[-57.542175,-37.998904],[-57.542198,-37.998938],[-57.542214,-37.998972],[-57.542451,-37.999185],[-57.5436,-37.998856],[-57.544724,-37.998555],[-57.545893,-37.998229],[-57.547054,-37.997912],[-57.547595,-37.997758],[-57.547839,-37.997677],[-57.547904,-37.997642],[-57.547908,-37.99764],[-57.548038,-37.997535],[-57.548081,-37.997501],[-57.548138,-37.997478],[-57.548201,-37.997469],[-57.548372,-37.997444],[-57.548488,-37.997418],[-57.548606,-37.997382],[-57.548816,-37.997319],[-57.549192,-37.997121],[-57.550204,-37.996611],[-57.551213,-37.996103],[-57.552302,-37.995549],[-57.553384,-37.994999],[-57.554366,-37.994499],[-57.555353,-37.993997],[-57.556362,-37.993484],[-57.557374,-37.992969],[-57.558386,-37.992455],[-57.559378,-37.99195],[-57.560383,-37.991439],[-57.560552,-37.991353],[-57.561367,-37.990938],[-57.562368,-37.990429],[-57.562455,-37.990385],[-57.563289,-37.989963],[-57.563377,-37.989919],[-57.563457,-37.989878],[-57.564144,-37.989531],[-57.564393,-37.989405],[-57.564707,-37.989246],[-57.56536,-37.988916],[-57.565797,-37.988694],[-57.566238,-37.988472],[-57.566333,-37.988423],[-57.566423,-37.988378],[-57.566887,-37.988143],[-57.567351,-37.987909],[-57.56828,-37.987439],[-57.568362,-37.987397],[-57.568442,-37.987357],[-57.569343,-37.986901],[-57.570435,-37.986358],[-57.57149,-37.985824],[-57.572518,-37.985303],[-57.573452,-37.98483],[-57.574486,-37.984306],[-57.575476,-37.983805],[-57.576475,-37.983299],[-57.577471,-37.982794],[-57.578469,-37.982288],[-57.579435,-37.981799],[-57.58044,-37.98129],[-57.58138,-37.980814],[-57.581469,-37.980768],[-57.581785,-37.980526],[-57.581839,-37.98048],[-57.581888,-37.980435],[-57.581928,-37.980391],[-57.581972,-37.980338],[-57.582022,-37.980268],[-57.582075,-37.980187],[-57.582094,-37.980123],[-57.582171,-37.980006],[-57.582226,-37.979958],[-57.582277,-37.979926],[-57.58234,-37.979897],[-57.582408,-37.979875],[-57.582504,-37.97986],[-57.582566,-37.979858],[-57.582637,-37.979863],[-57.582713,-37.979879],[-57.582786,-37.979905],[-57.582852,-37.97994],[-57.58291,-37.979982],[-57.582958,-37.980032],[-57.582993,-37.980086],[-57.58302,-37.980145],[-57.583036,-37.980204],[-57.583038,-37.980256],[-57.583021,-37.980326],[-57.582996,-37.980386],[-57.582998,-37.980426],[-57.583007,-37.980539],[-57.583013,-37.980582],[-57.583026,-37.980637],[-57.583047,-37.980705],[-57.583069,-37.980756],[-57.583089,-37.980801],[-57.583126,-37.980862],[-57.583166,-37.98092],[-57.583213,-37.980981],[-57.583933,-37.981859],[-57.584542,-37.98266],[-57.585593,-37.983986],[-57.585746,-37.984157],[-57.585919,-37.984323],[-57.586101,-37.984465],[-57.586371,-37.984676],[-57.58642,-37.984702],[-57.586584,-37.984813],[-57.586702,-37.984934],[-57.586801,-37.98507],[-57.586915,-37.985301],[-57.586929,-37.985351],[-57.587007,-37.985544],[-57.587102,-37.985819],[-57.587198,-37.986005],[-57.58764,-37.986553],[-57.58846,-37.987569],[-57.58909,-37.988344],[-57.590875,-37.990543],[-57.590942,-37.99063],[-57.591012,-37.990706],[-57.591105,-37.990794],[-57.591194,-37.990872],[-57.591319,-37.990973],[-57.591394,-37.991023],[-57.591453,-37.991061],[-57.591534,-37.991109],[-57.591584,-37.991136],[-57.591624,-37.991159],[-57.591655,-37.991179],[-57.591724,-37.991231],[-57.591813,-37.99132],[-57.591871,-37.991385],[-57.59193,-37.991467],[-57.591986,-37.991557],[-57.592032,-37.991664],[-57.592057,-37.991756],[-57.592069,-37.991804],[-57.592108,-37.991908],[-57.59218,-37.992075],[-57.592245,-37.992222],[-57.592294,-37.992317],[-57.592298,-37.992325],[-57.59234,-37.992389],[-57.592384,-37.992455],[-57.592438,-37.992526],[-57.593734,-37.994134],[-57.594007,-37.994461],[-57.594179,-37.994682],[-57.594342,-37.994885],[-57.594602,-37.995207],[-57.595732,-37.996613],[-57.596833,-37.997981],[-57.596933,-37.998107],[-57.596982,-37.998172],[-57.597045,-37.99826],[-57.597145,-37.998402],[-57.597187,-37.998507],[-57.597212,-37.998595],[-57.597223,-37.998672],[-57.597229,-37.998769],[-57.597238,-37.998812],[-57.597257,-37.998857],[-57.597292,-37.998902],[-57.59733,-37.998936],[-57.597381,-37.99897],[-57.59745,-37.999009],[-57.597475,-37.999016],[-57.597558,-37.99905],[-57.597624,-37.999084],[-57.597687,-37.999127],[-57.597753,-37.999182],[-57.597809,-37.999236],[-57.597884,-37.999313],[-57.597965,-37.999402],[-57.598005,-37.999454],[-57.598019,-37.99947],[-57.598338,-37.999838],[-57.598412,-37.999921],[-57.598723,-38.000291],[-57.599032,-38.000651],[-57.599206,-38.000852],[-57.59939,-38.001056],[-57.599555,-38.001232],[-57.599754,-38.001423],[-57.599952,-38.001584],[-57.600058,-38.001666],[-57.600247,-38.001803],[-57.600613,-38.002045],[-57.601596,-38.002621],[-57.602398,-38.003058],[-57.602603,-38.00317],[-57.60358,-38.0037],[-57.604586,-38.004265],[-57.605553,-38.004797],[-57.607562,-38.005887],[-57.608534,-38.006417],[-57.609565,-38.006964],[-57.61055,-38.007506],[-57.610706,-38.00759],[-57.610718,-38.007596],[-57.611554,-38.008022],[-57.612068,-38.008285],[-57.612352,-38.00841],[-57.612831,-38.008593],[-57.613112,-38.008699],[-57.613413,-38.008796],[-57.613605,-38.008849],[-57.613921,-38.008929],[-57.614144,-38.008978],[-57.614364,-38.009018],[-57.615047,-38.009119],[-57.61612,-38.009253],[-57.617701,-38.009437],[-57.620125,-38.00972],[-57.621258,-38.009838],[-57.62143,-38.009859],[-57.623047,-38.010066],[-57.627531,-38.010596],[-57.629246,-38.010806],[-57.630138,-38.010914],[-57.630224,-38.01092],[-57.630538,-38.010942],[-57.631129,-38.010965],[-57.631694,-38.010962],[-57.632038,-38.010996],[-57.632386,-38.011041],[-57.632502,-38.011061],[-57.632629,-38.011086],[-57.632935,-38.011158],[-57.633287,-38.011237],[-57.633629,-38.0113],[-57.633896,-38.011341],[-57.634185,-38.011383],[-57.635796,-38.01157],[-57.637723,-38.0118],[-57.639749,-38.012046],[-57.641857,-38.012294],[-57.642095,-38.012312],[-57.642317,-38.01232],[-57.642587,-38.012318],[-57.642793,-38.012306],[-57.642979,-38.012287],[-57.643183,-38.012261],[-57.64359,-38.012191],[-57.643754,-38.012161],[-57.643943,-38.012126],[-57.64403,-38.01211],[-57.645743,-38.011794],[-57.647206,-38.011524],[-57.64873,-38.011237],[-57.652076,-38.010606],[-57.656464,-38.009792],[-57.658594,-38.009398],[-57.660592,-38.00904],[-57.66115,-38.008926],[-57.661674,-38.008817],[-57.662289,-38.008683],[-57.66269,-38.008588],[-57.663228,-38.008469],[-57.663535,-38.008408],[-57.664163,-38.008288],[-57.665206,-38.00809],[-57.666103,-38.007914],[-57.668202,-38.007627],[-57.670583,-38.007162],[-57.672474,-38.006787],[-57.672865,-38.006714],[-57.67709,-38.005938],[-57.677386,-38.005884],[-57.677556,-38.005853],[-57.678077,-38.005756],[-57.680567,-38.005301],[-57.68133,-38.005184],[-57.68179,-38.005127],[-57.682231,-38.005102],[-57.682788,-38.005112],[-57.684054,-38.005171],[-57.686532,-38.005344],[-57.689237,-38.005547],[-57.690195,-38.005619],[-57.69043,-38.005628],[-57.691432,-38.005707],[-57.692197,-38.005767],[-57.692762,-38.005813],[-57.693113,-38.005853],[-57.6937,-38.005898],[-57.69442,-38.005952],[-57.696274,-38.006089],[-57.696423,-38.006098],[-57.696992,-38.00614],[-57.69878,-38.00627],[-57.700308,-38.00641],[-57.701038,-38.006516],[-57.703028,-38.006943],[-57.704461,-38.00723],[-57.705153,-38.007302],[-57.705232,-38.007304],[-57.706832,-38.00734],[-57.707684,-38.007362],[-57.710297,-38.007429],[-57.710507,-38.007434],[-57.714297,-38.007531],[-57.714412,-38.007534],[-57.717196,-38.00761],[-57.719416,-38.007685],[-57.719583,-38.007691],[-57.725657,-38.007901],[-57.727023,-38.007948],[-57.729198,-38.008034],[-57.729616,-38.008047],[-57.730489,-38.00808],[-57.731003,-38.008144],[-57.731481,-38.008159],[-57.732122,-38.008179],[-57.735855,-38.008299],[-57.736357,-38.008315],[-57.738993,-38.008405],[-57.741117,-38.008488],[-57.747512,-38.008738],[-57.750145,-38.00883],[-57.772166,-38.009599],[-57.772563,-38.009623],[-57.772999,-38.00967],[-57.773462,-38.009755],[-57.773756,-38.009817],[-57.774225,-38.009927],[-57.774484,-38.009999],[-57.774909,-38.010149],[-57.775318,-38.010341],[-57.775681,-38.010557],[-57.776003,-38.010768],[-57.776443,-38.011082],[-57.77806,-38.012419],[-57.787711,-38.020401],[-57.788682,-38.021205],[-57.789693,-38.022041],[-57.791057,-38.023145],[-57.79169,-38.023658],[-57.792549,-38.024361],[-57.792827,-38.024588],[-57.793634,-38.025256],[-57.795623,-38.026901],[-57.796544,-38.027663],[-57.797582,-38.028522],[-57.798806,-38.029535],[-57.799573,-38.03017],[-57.80051,-38.030945],[-57.801516,-38.031777],[-57.802509,-38.032599],[-57.80785,-38.037018],[-57.809756,-38.038595],[-57.809883,-38.038691],[-57.817163,-38.044713],[-57.821332,-38.048161],[-57.825286,-38.051432],[-57.825631,-38.05177],[-57.825787,-38.051946],[-57.825928,-38.052122],[-57.82625,-38.052587],[-57.826598,-38.053153],[-57.82669,-38.053329],[-57.827081,-38.054136],[-57.829621,-38.058904],[-57.830375,-38.060305],[-57.832027,-38.063377],[-57.83385,-38.066854],[-57.834044,-38.067183],[-57.834321,-38.06754],[-57.834592,-38.067839],[-57.834999,-38.068226],[-57.835425,-38.068561],[-57.835905,-38.068862],[-57.836322,-38.069087],[-57.836848,-38.069309],[-57.837496,-38.069545],[-57.837748,-38.069625],[-57.842509,-38.071149],[-57.843007,-38.071312],[-57.843494,-38.071501],[-57.843821,-38.071651],[-57.84429,-38.071885],[-57.844936,-38.072193],[-57.860649,-38.080193],[-57.874813,-38.087452],[-57.875018,-38.087556],[-57.875667,-38.087882],[-57.876141,-38.08811],[-57.876623,-38.088337],[-57.886397,-38.092945],[-57.891645,-38.095465],[-57.891785,-38.095532],[-57.892327,-38.095789],[-57.897833,-38.098362],[-57.898108,-38.098502],[-57.898629,-38.09878],[-57.899112,-38.099085],[-57.89944,-38.099322],[-57.899715,-38.099548],[-57.916421,-38.113569],[-57.916523,-38.113646],[-57.916861,-38.113909],[-57.917183,-38.114132],[-57.917475,-38.114334],[-57.919672,-38.115719],[-57.920346,-38.116224],[-57.926941,-38.121764],[-57.927001,-38.121813],[-57.93135,-38.125358],[-57.931582,-38.125547],[-57.93197,-38.12586],[-57.936194,-38.129437],[-57.94844,-38.139675],[-57.949949,-38.140933],[-57.951379,-38.142128],[-57.952473,-38.143041],[-57.954268,-38.144563],[-57.954372,-38.14465],[-57.956497,-38.146419],[-57.956608,-38.146489],[-57.957269,-38.146905],[-57.957867,-38.147172],[-57.958376,-38.147343],[-57.95945,-38.147616],[-57.960113,-38.147766],[-57.960762,-38.147948],[-57.961265,-38.14813],[-57.961707,-38.148338],[-57.962126,-38.14858],[-57.96253,-38.148855],[-57.963067,-38.149271],[-57.967698,-38.153151],[-57.97152,-38.156353],[-57.97211,-38.156855],[-57.972154,-38.156893],[-57.972201,-38.156929],[-57.972819,-38.15741],[-57.97338,-38.157857],[-57.976151,-38.160124],[-57.976265,-38.160218],[-57.977096,-38.160899],[-57.977281,-38.161049],[-57.978693,-38.162211],[-57.980085,-38.163357],[-57.982335,-38.165209],[-57.993629,-38.174503],[-57.997171,-38.177418],[-58.00307,-38.182273],[-58.01998,-38.196233],[-58.022256,-38.198122],[-58.023434,-38.199066],[-58.023695,-38.199264],[-58.023981,-38.199458],[-58.024186,-38.199587],[-58.024365,-38.199688],[-58.024614,-38.19982],[-58.024845,-38.199929],[-58.025062,-38.200024],[-58.025293,-38.200122],[-58.025458,-38.200183],[-58.025635,-38.200241],[-58.025841,-38.200303],[-58.026058,-38.200362],[-58.026214,-38.200397],[-58.026417,-38.200437],[-58.026563,-38.200463],[-58.026769,-38.200496],[-58.026977,-38.200527],[-58.027138,-38.200547],[-58.027324,-38.200564],[-58.027532,-38.200577],[-58.027729,-38.200585],[-58.027938,-38.200587],[-58.028122,-38.200586],[-58.028647,-38.200573],[-58.039002,-38.200283],[-58.03978,-38.200281],[-58.04031,-38.200297],[-58.040836,-38.200357],[-58.041444,-38.200478],[-58.042004,-38.200626],[-58.042523,-38.200815],[-58.042996,-38.201042],[-58.043407,-38.201257],[-58.043982,-38.201612],[-58.051736,-38.20662],[-58.051953,-38.206761],[-58.052357,-38.207023],[-58.056012,-38.209659],[-58.062536,-38.214331],[-58.062966,-38.214627],[-58.063386,-38.214863],[-58.06375,-38.215043],[-58.064201,-38.215231],[-58.071113,-38.217708],[-58.071798,-38.217954],[-58.072473,-38.218273],[-58.072999,-38.218593],[-58.073488,-38.218964],[-58.080843,-38.22498],[-58.083913,-38.227491],[-58.086929,-38.229942],[-58.087561,-38.230457],[-58.087633,-38.230521],[-58.088271,-38.231053],[-58.091641,-38.233832],[-58.097135,-38.238274],[-58.101414,-38.24177],[-58.102146,-38.242364],[-58.102611,-38.242742],[-58.103128,-38.243161],[-58.103687,-38.243558],[-58.104605,-38.244178],[-58.104793,-38.244315],[-58.111626,-38.249087],[-58.112501,-38.249725],[-58.119472,-38.254648],[-58.123098,-38.257208],[-58.125071,-38.258591],[-58.126349,-38.259483],[-58.126756,-38.259772],[-58.127159,-38.260013],[-58.127534,-38.260201],[-58.128331,-38.260539],[-58.13228,-38.26214],[-58.134529,-38.263031],[-58.134963,-38.2632],[-58.135405,-38.263357],[-58.135791,-38.263486],[-58.136506,-38.263692],[-58.136666,-38.263739],[-58.154485,-38.26892],[-58.156628,-38.269562],[-58.156852,-38.269634],[-58.158217,-38.270048],[-58.159257,-38.270375],[-58.160871,-38.270848],[-58.164894,-38.2721],[-58.170639,-38.273858],[-58.185552,-38.27848],[-58.204126,-38.28444],[-58.215411,-38.288048],[-58.224744,-38.29104],[-58.231051,-38.293086],[-58.246652,-38.298063],[-58.246903,-38.298142],[-58.248492,-38.298646],[-58.253484,-38.300299],[-58.256728,-38.301384],[-58.268123,-38.305131],[-58.276501,-38.307902],[-58.288056,-38.311724],[-58.288299,-38.31181],[-58.290691,-38.312635],[-58.292328,-38.313171],[-58.292815,-38.313326],[-58.293462,-38.313504],[-58.294079,-38.313645],[-58.29849,-38.31453],[-58.30726,-38.316289],[-58.307995,-38.316463],[-58.308635,-38.316625],[-58.309231,-38.316797],[-58.310032,-38.317042],[-58.316107,-38.318986],[-58.342015,-38.327204],[-58.34404,-38.32787],[-58.346003,-38.328465],[-58.346684,-38.328699],[-58.347089,-38.328856],[-58.347524,-38.329059],[-58.347867,-38.329236],[-58.348287,-38.329496],[-58.348692,-38.329813],[-58.350264,-38.331171],[-58.351828,-38.33252],[-58.352605,-38.333202],[-58.361518,-38.340803],[-58.366192,-38.344843],[-58.368621,-38.346891],[-58.36883,-38.347068],[-58.373005,-38.35068],[-58.380829,-38.35748],[-58.384987,-38.361042],[-58.386784,-38.362596],[-58.387721,-38.363417],[-58.388485,-38.364188],[-58.390079,-38.365946],[-58.391606,-38.367577],[-58.394521,-38.370315],[-58.414469,-38.389131],[-58.41716,-38.391703],[-58.425882,-38.399881],[-58.427914,-38.401833],[-58.428962,-38.40282],[-58.429787,-38.403504],[-58.438028,-38.410244],[-58.443662,-38.414904],[-58.445719,-38.416582],[-58.448076,-38.418526],[-58.449178,-38.419431],[-58.449575,-38.419756],[-58.451945,-38.422016],[-58.452751,-38.422697],[-58.458063,-38.426668],[-58.458271,-38.426788],[-58.458673,-38.427045],[-58.459098,-38.42728],[-58.459605,-38.427504],[-58.460135,-38.427703],[-58.460898,-38.427971],[-58.461155,-38.428049],[-58.471609,-38.431401],[-58.479025,-38.433783],[-58.485162,-38.435754],[-58.485914,-38.436041],[-58.487411,-38.436663],[-58.490334,-38.437928],[-58.492774,-38.43895],[-58.508973,-38.445888],[-58.515972,-38.448893],[-58.516097,-38.448944],[-58.533167,-38.455818],[-58.53493,-38.45652],[-58.560513,-38.467931],[-58.564415,-38.469657],[-58.577373,-38.475299],[-58.578269,-38.475738],[-58.57873,-38.47599],[-58.57904,-38.476189],[-58.592417,-38.484678],[-58.606486,-38.493569],[-58.607085,-38.493927],[-58.607895,-38.494311],[-58.614834,-38.497194],[-58.621272,-38.49986],[-58.62146,-38.499938],[-58.62829,-38.502706],[-58.635547,-38.505748],[-58.637352,-38.506505],[-58.638209,-38.506876],[-58.63882,-38.507186],[-58.639472,-38.507575],[-58.640004,-38.507938],[-58.640574,-38.508352],[-58.641132,-38.508807],[-58.64387,-38.510922],[-58.65048,-38.516093],[-58.658731,-38.522539],[-58.664155,-38.526765],[-58.666235,-38.52838],[-58.667385,-38.52931],[-58.669689,-38.53128],[-58.670002,-38.531494],[-58.670456,-38.5318],[-58.671907,-38.532963],[-58.674037,-38.534693],[-58.677693,-38.537669],[-58.681297,-38.540587],[-58.682587,-38.541634],[-58.684151,-38.542909],[-58.684399,-38.543067],[-58.684474,-38.543112],[-58.684563,-38.54315],[-58.684689,-38.54318],[-58.684989,-38.543224],[-58.685134,-38.54321],[-58.685278,-38.543224],[-58.685502,-38.543169],[-58.685682,-38.543108],[-58.685911,-38.542994],[-58.686124,-38.542855],[-58.688996,-38.540629],[-58.689016,-38.540613],[-58.689909,-38.5399],[-58.691083,-38.539025],[-58.692967,-38.537553],[-58.694908,-38.536095],[-58.696872,-38.534611],[-58.698861,-38.533078],[-58.700779,-38.53159],[-58.70176,-38.530844],[-58.701915,-38.530688],[-58.701992,-38.530579],[-58.70208,-38.530416],[-58.702212,-38.530182],[-58.702234,-38.530134],[-58.702357,-38.529993],[-58.702437,-38.529921],[-58.702517,-38.529862],[-58.702638,-38.529786],[-58.702754,-38.529725],[-58.702896,-38.529667],[-58.702987,-38.529645],[-58.703094,-38.529647],[-58.703185,-38.529668],[-58.703281,-38.52971],[-58.703346,-38.529753],[-58.703392,-38.529802],[-58.703422,-38.529863],[-58.703433,-38.529951],[-58.70343,-38.530057],[-58.703377,-38.530152],[-58.703337,-38.530207],[-58.703317,-38.530263],[-58.70331,-38.530312],[-58.703314,-38.530372],[-58.70333,-38.530429],[-58.703355,-38.530474],[-58.703405,-38.530532],[-58.703599,-38.530692],[-58.704127,-38.531121],[-58.705089,-38.531896],[-58.706018,-38.532644],[-58.706942,-38.533388],[-58.707884,-38.534145],[-58.708866,-38.534936],[-58.709866,-38.535741],[-58.710773,-38.536471],[-58.711817,-38.537302],[-58.712736,-38.53805],[-58.713682,-38.538811],[-58.714682,-38.539616],[-58.715624,-38.540374],[-58.715679,-38.540419],[-58.716553,-38.541122],[-58.717488,-38.541874],[-58.718438,-38.542639],[-58.719086,-38.54316],[-58.719376,-38.543393],[-58.719454,-38.543463],[-58.719524,-38.543544],[-58.71973,-38.54384],[-58.720103,-38.544378],[-58.720815,-38.545379],[-58.721499,-38.546334],[-58.722192,-38.547291],[-58.722529,-38.547766],[-58.722867,-38.548247],[-58.723563,-38.549201],[-58.724261,-38.550126],[-58.724787,-38.550857],[-58.725008,-38.551228],[-58.726572,-38.553438],[-58.726743,-38.553585],[-58.726849,-38.553676],[-58.726979,-38.553753],[-58.727141,-38.553823],[-58.727312,-38.553863],[-58.727378,-38.553863],[-58.727642,-38.553763],[-58.727806,-38.553695],[-58.728558,-38.553261],[-58.728814,-38.553069],[-58.729006,-38.5529],[-58.729158,-38.552771],[-58.729228,-38.552717],[-58.729386,-38.552557],[-58.729566,-38.552355],[-58.729754,-38.5521],[-58.729875,-38.551896],[-58.729888,-38.55187],[-58.729972,-38.551702],[-58.730062,-38.551427],[-58.730127,-38.551232],[-58.730264,-38.550735],[-58.730446,-38.55078],[-58.730535,-38.550824],[-58.730661,-38.550905],[-58.730679,-38.550918],[-58.731402,-38.55148],[-58.732364,-38.55221],[-58.733289,-38.552957],[-58.734238,-38.553724],[-58.735137,-38.55445],[-58.735587,-38.554813]],"type":"LineString"}},{"type":"Feature","properties":{"name":"Ruta 3 — атлантическое побережье","nameEs":"Ruta Nacional 3","description":"Главная дорога вдоль Атлантики: от Буэнос-Айреса до Уshuaia","routeKey":"ruta_3","ref":"RN 3","route":"ruta_3","segmentIndex":3,"source":"OSRM / OpenStreetMap road graph"},"geometry":{"coordinates":[[-58.735587,-38.554813],[-58.736108,-38.555234],[-58.737078,-38.556018],[-58.738083,-38.555249],[-58.738916,-38.554627],[-58.738897,-38.554544],[-58.738901,-38.55449],[-58.73893,-38.554416],[-58.738982,-38.55435],[-58.739055,-38.554297],[-58.739143,-38.554262],[-58.739193,-38.554251],[-58.739244,-38.554245],[-58.739331,-38.554249],[-58.739586,-38.554059],[-58.740179,-38.553555],[-58.74114,-38.552801],[-58.742134,-38.552081],[-58.743109,-38.551326],[-58.744035,-38.550603],[-58.74503,-38.549869],[-58.745997,-38.549133],[-58.747,-38.548378],[-58.748014,-38.547622],[-58.748966,-38.546889],[-58.749899,-38.546168],[-58.750899,-38.545423],[-58.751849,-38.544675],[-58.75282,-38.543935],[-58.753749,-38.543217],[-58.75473,-38.542459],[-58.755677,-38.541719],[-58.756662,-38.540967],[-58.757615,-38.540247],[-58.758672,-38.53945],[-58.759608,-38.538743],[-58.760117,-38.538319],[-58.760415,-38.538097],[-58.761042,-38.537619],[-58.761541,-38.53724],[-58.762488,-38.536512],[-58.763473,-38.535745],[-58.764062,-38.535304],[-58.764816,-38.534731],[-58.765066,-38.534519],[-58.76524,-38.534443],[-58.765313,-38.534418],[-58.765569,-38.534341],[-58.765709,-38.534275],[-58.76597,-38.534113],[-58.766452,-38.533845],[-58.766694,-38.533744],[-58.766886,-38.533686],[-58.767782,-38.533467],[-58.767929,-38.533403],[-58.768117,-38.533276],[-58.768185,-38.533201],[-58.768274,-38.533073],[-58.76832,-38.532971],[-58.768363,-38.53272],[-58.768364,-38.532667],[-58.768365,-38.532596],[-58.768436,-38.532504],[-58.769667,-38.532476],[-58.770675,-38.532477],[-58.770808,-38.532473],[-58.771163,-38.532467],[-58.775228,-38.532442],[-58.777341,-38.532405],[-58.778235,-38.532394],[-58.782926,-38.532318],[-58.799042,-38.53205],[-58.812068,-38.53186],[-58.825275,-38.531673],[-58.829377,-38.531601],[-58.839952,-38.531457],[-58.851539,-38.531256],[-58.863184,-38.531064],[-58.864415,-38.531065],[-58.897061,-38.530484],[-58.929672,-38.529969],[-58.94356,-38.529727],[-58.944058,-38.529718],[-58.952753,-38.529567],[-58.965013,-38.529396],[-58.967925,-38.529359],[-58.968373,-38.529352],[-58.9794,-38.529173],[-58.982086,-38.52913],[-58.99026,-38.529],[-59.005242,-38.528762],[-59.0261,-38.528383],[-59.038409,-38.52816],[-59.070023,-38.527582],[-59.073148,-38.527549],[-59.07635,-38.52761],[-59.078218,-38.527672],[-59.08012,-38.527751],[-59.083357,-38.527983],[-59.08502,-38.528117],[-59.086674,-38.52826],[-59.090073,-38.528637],[-59.106509,-38.530473],[-59.123204,-38.532406],[-59.140918,-38.534435],[-59.154041,-38.53588],[-59.157687,-38.536292],[-59.157854,-38.53631],[-59.161732,-38.536727],[-59.171639,-38.537857],[-59.20308,-38.541444],[-59.206351,-38.541805],[-59.207118,-38.54189],[-59.260213,-38.547766],[-59.299487,-38.552073],[-59.315007,-38.553769],[-59.315172,-38.553788],[-59.330178,-38.555433],[-59.339346,-38.556417],[-59.340262,-38.556501],[-59.340443,-38.556513],[-59.341597,-38.556514],[-59.342276,-38.556472],[-59.342918,-38.556415],[-59.343641,-38.55629],[-59.344295,-38.556145],[-59.345174,-38.55591],[-59.346513,-38.555442],[-59.347518,-38.554955],[-59.347847,-38.55479],[-59.348168,-38.554625],[-59.349183,-38.554092],[-59.349913,-38.553759],[-59.350189,-38.553649],[-59.3505,-38.553548],[-59.350962,-38.553416],[-59.35126,-38.553363],[-59.35152,-38.553325],[-59.351924,-38.553292],[-59.352267,-38.553303],[-59.352315,-38.553305],[-59.352669,-38.553347],[-59.353039,-38.553416],[-59.353412,-38.553502],[-59.353843,-38.553631],[-59.35429,-38.553787],[-59.360843,-38.556284],[-59.370155,-38.559832],[-59.370484,-38.559927],[-59.37072,-38.559969],[-59.371019,-38.559925],[-59.371155,-38.559866],[-59.371306,-38.559838],[-59.371461,-38.559843],[-59.371613,-38.559882],[-59.371745,-38.559953],[-59.371847,-38.56005],[-59.371911,-38.560165],[-59.371928,-38.560239],[-59.371997,-38.560281],[-59.372109,-38.560359],[-59.372268,-38.560416],[-59.372468,-38.560467],[-59.372948,-38.56048],[-59.373521,-38.560455],[-59.373955,-38.560413],[-59.3744,-38.560344],[-59.37542,-38.560189],[-59.37616,-38.560073],[-59.387677,-38.558275],[-59.390443,-38.557851],[-59.398545,-38.556609],[-59.399654,-38.556439],[-59.405059,-38.555607],[-59.406146,-38.55544],[-59.416779,-38.553787],[-59.453717,-38.548044],[-59.46296,-38.546607],[-59.467938,-38.545833],[-59.475292,-38.544706],[-59.475725,-38.544645],[-59.485549,-38.543097],[-59.488986,-38.542564],[-59.494445,-38.541715],[-59.506564,-38.539835],[-59.520633,-38.537651],[-59.535545,-38.535301],[-59.55048,-38.532968],[-59.569323,-38.530024],[-59.580403,-38.528293],[-59.583382,-38.527826],[-59.583495,-38.52781],[-59.591743,-38.526514],[-59.615614,-38.52277],[-59.616659,-38.522607],[-59.624872,-38.521323],[-59.648596,-38.517614],[-59.648778,-38.517586],[-59.65082,-38.517267],[-59.650938,-38.517248],[-59.654541,-38.516679],[-59.667585,-38.514619],[-59.684426,-38.511956],[-59.691743,-38.510806],[-59.70573,-38.5086],[-59.705935,-38.508568],[-59.711753,-38.50765],[-59.729882,-38.504799],[-59.730155,-38.504757],[-59.750437,-38.501496],[-59.764371,-38.499348],[-59.772148,-38.498097],[-59.779905,-38.496871],[-59.790203,-38.495241],[-59.795338,-38.494429],[-59.7961,-38.494279],[-59.827413,-38.489355],[-59.836896,-38.487846],[-59.84799,-38.486097],[-59.859509,-38.484276],[-59.868547,-38.482847],[-59.87775,-38.481385],[-59.909328,-38.476371],[-59.917911,-38.475002],[-59.93403,-38.472421],[-59.952022,-38.469533],[-59.953527,-38.469291],[-59.963319,-38.46772],[-59.963659,-38.467665],[-59.968921,-38.46683],[-59.980738,-38.464955],[-59.988822,-38.463654],[-59.998517,-38.462094],[-60.003494,-38.461298],[-60.021014,-38.45849],[-60.032018,-38.456725],[-60.037083,-38.455912],[-60.044936,-38.454651],[-60.090195,-38.447352],[-60.105075,-38.444943],[-60.114986,-38.443345],[-60.120011,-38.442536],[-60.127283,-38.441355],[-60.134539,-38.44018],[-60.135955,-38.440006],[-60.136542,-38.43996],[-60.137166,-38.43994],[-60.142965,-38.44025],[-60.146329,-38.440445],[-60.150027,-38.440644],[-60.151048,-38.440699],[-60.151305,-38.440708],[-60.15214,-38.440738],[-60.153387,-38.440825],[-60.15443,-38.44089],[-60.154846,-38.440862],[-60.155147,-38.440829],[-60.155286,-38.440783],[-60.155428,-38.440677],[-60.155595,-38.440638],[-60.155737,-38.440651],[-60.156071,-38.44062],[-60.156396,-38.44064],[-60.156697,-38.440678],[-60.157017,-38.440733],[-60.157371,-38.440793],[-60.158287,-38.441036],[-60.159111,-38.441149],[-60.166305,-38.441545],[-60.167506,-38.44159],[-60.168537,-38.441561],[-60.169691,-38.441377],[-60.170349,-38.441237],[-60.170974,-38.441037],[-60.1721,-38.440609],[-60.17272,-38.440339],[-60.173032,-38.440119],[-60.174351,-38.439186],[-60.178911,-38.435716],[-60.184629,-38.431375],[-60.19659,-38.422319],[-60.202559,-38.417786],[-60.20849,-38.413266],[-60.214442,-38.408706],[-60.220428,-38.404114],[-60.22257,-38.402485],[-60.226373,-38.399582],[-60.232248,-38.395033],[-60.238344,-38.390428],[-60.243044,-38.386838],[-60.2443,-38.385878],[-60.247106,-38.383757],[-60.247366,-38.38356],[-60.250364,-38.381266],[-60.250556,-38.381128],[-60.251104,-38.380708],[-60.25166,-38.380282],[-60.251864,-38.380125],[-60.25208,-38.379959],[-60.252296,-38.379793],[-60.252411,-38.379708],[-60.252845,-38.379373],[-60.253388,-38.378961],[-60.253503,-38.378875],[-60.253889,-38.378577],[-60.254357,-38.378215],[-60.254813,-38.377868],[-60.255303,-38.377495],[-60.255703,-38.377191],[-60.255775,-38.377091],[-60.255862,-38.37699],[-60.25597,-38.376853],[-60.25608,-38.376719],[-60.256118,-38.376641],[-60.256168,-38.376579],[-60.256252,-38.376509],[-60.25636,-38.376445],[-60.256457,-38.37641],[-60.256633,-38.376332],[-60.256907,-38.376197],[-60.257202,-38.376047],[-60.257299,-38.375974],[-60.25789,-38.375526],[-60.258276,-38.375228],[-60.258473,-38.375081],[-60.259497,-38.374291],[-60.260389,-38.373623],[-60.261335,-38.372886],[-60.262286,-38.372139],[-60.263261,-38.371412],[-60.264222,-38.370671],[-60.265177,-38.369931],[-60.265458,-38.369712],[-60.265659,-38.369565],[-60.26603,-38.369281],[-60.266194,-38.369156],[-60.266357,-38.369031],[-60.266786,-38.368703],[-60.266998,-38.368541],[-60.267204,-38.36838],[-60.267692,-38.368008],[-60.268165,-38.367648],[-60.269123,-38.366922],[-60.26948,-38.36665],[-60.270103,-38.366183],[-60.270746,-38.365686],[-60.271057,-38.365446],[-60.271719,-38.36495],[-60.272044,-38.364707],[-60.272978,-38.363983],[-60.273939,-38.363262],[-60.274488,-38.362825],[-60.274901,-38.362513],[-60.275326,-38.362191],[-60.275897,-38.361773],[-60.276007,-38.361685],[-60.276117,-38.361598],[-60.27627,-38.361704],[-60.277192,-38.362478],[-60.27761,-38.362819],[-60.278115,-38.363229],[-60.278976,-38.363918],[-60.279059,-38.363984],[-60.279581,-38.364404],[-60.279996,-38.364738],[-60.280156,-38.364855],[-60.280904,-38.365495],[-60.281838,-38.366246],[-60.282306,-38.366617],[-60.282769,-38.366994],[-60.283243,-38.367372],[-60.283694,-38.367762],[-60.284571,-38.368527],[-60.284606,-38.368558],[-60.284716,-38.368649],[-60.284805,-38.368699],[-60.285107,-38.368946],[-60.285397,-38.369191],[-60.285487,-38.369284],[-60.285534,-38.369281],[-60.285578,-38.369287],[-60.285624,-38.36931],[-60.28567,-38.369348],[-60.285672,-38.369412],[-60.285833,-38.369547],[-60.286479,-38.370074],[-60.286571,-38.370129],[-60.287555,-38.370866],[-60.288492,-38.371624],[-60.289412,-38.372362],[-60.290232,-38.373028],[-60.290358,-38.37313],[-60.291293,-38.373886],[-60.292116,-38.374556],[-60.292222,-38.374642],[-60.293177,-38.375396],[-60.29411,-38.37616],[-60.294957,-38.376852],[-60.295095,-38.376958],[-60.295117,-38.376959],[-60.295162,-38.376961],[-60.295205,-38.376985],[-60.295227,-38.377034],[-60.295231,-38.377066],[-60.295227,-38.377092],[-60.295271,-38.377192],[-60.295314,-38.377231],[-60.295733,-38.377582],[-60.295774,-38.377603],[-60.295874,-38.377634],[-60.295938,-38.377665],[-60.29623,-38.377895],[-60.297151,-38.37864],[-60.298081,-38.379395],[-60.299007,-38.380168],[-60.299489,-38.380568],[-60.300056,-38.381037],[-60.300278,-38.38124],[-60.300365,-38.381363],[-60.300392,-38.381401],[-60.300523,-38.381553],[-60.300601,-38.381653],[-60.300809,-38.381812],[-60.300832,-38.381795],[-60.300879,-38.38178],[-60.30093,-38.381777],[-60.300979,-38.381789],[-60.30102,-38.381813],[-60.30238,-38.380749],[-60.30268,-38.380508],[-60.306414,-38.37765],[-60.306578,-38.37749],[-60.306708,-38.377338],[-60.306804,-38.377267],[-60.306856,-38.37725],[-60.306952,-38.377256],[-60.30721,-38.377472],[-60.307546,-38.377751],[-60.308613,-38.378657],[-60.308834,-38.378861],[-60.311239,-38.380834],[-60.312359,-38.381731],[-60.312606,-38.38196],[-60.312735,-38.382076],[-60.314133,-38.383217],[-60.314873,-38.383827],[-60.314957,-38.383893],[-60.315535,-38.384344],[-60.318527,-38.38676],[-60.321473,-38.389103],[-60.325786,-38.392533],[-60.327725,-38.394115],[-60.330138,-38.396109],[-60.335886,-38.400775],[-60.33644,-38.401215],[-60.353455,-38.415055],[-60.365501,-38.424825],[-60.367577,-38.426509],[-60.370918,-38.429231],[-60.371325,-38.429567],[-60.38707,-38.442316],[-60.394116,-38.448026],[-60.408468,-38.459732],[-60.408915,-38.460079],[-60.409547,-38.460503],[-60.416103,-38.464841],[-60.433454,-38.476097],[-60.436565,-38.478115],[-60.437116,-38.478517],[-60.437479,-38.478816],[-60.43781,-38.47914],[-60.438206,-38.4796],[-60.43853,-38.480034],[-60.4388,-38.480468],[-60.438988,-38.480903],[-60.439187,-38.481417],[-60.439917,-38.484303],[-60.439937,-38.484376],[-60.439963,-38.484537],[-60.440155,-38.48516],[-60.440399,-38.485653],[-60.440779,-38.486221],[-60.441241,-38.48671],[-60.441943,-38.487283],[-60.447002,-38.49115],[-60.44767,-38.491607],[-60.448392,-38.492074],[-60.45627,-38.497167],[-60.459462,-38.499311],[-60.465159,-38.503102],[-60.465762,-38.503495],[-60.466293,-38.503911],[-60.473253,-38.50948],[-60.485635,-38.519401],[-60.486435,-38.519961],[-60.487156,-38.520421],[-60.487687,-38.520734],[-60.488137,-38.520964],[-60.488894,-38.521319],[-60.489821,-38.521716],[-60.490717,-38.522046],[-60.491669,-38.522334],[-60.492525,-38.522548],[-60.493378,-38.522728],[-60.494361,-38.522875],[-60.496157,-38.523064],[-60.497895,-38.523198],[-60.502707,-38.523605],[-60.503058,-38.52365],[-60.50337,-38.52369],[-60.503965,-38.523775],[-60.504035,-38.523784],[-60.504621,-38.523885],[-60.505262,-38.524026],[-60.505826,-38.524163],[-60.506413,-38.52433],[-60.50708,-38.52455],[-60.507726,-38.524783],[-60.508444,-38.525065],[-60.508983,-38.525305],[-60.509507,-38.525545],[-60.510173,-38.525876],[-60.51074,-38.526185],[-60.511532,-38.526665],[-60.512026,-38.527023],[-60.516053,-38.530274],[-60.520796,-38.534076],[-60.530398,-38.541721],[-60.53462,-38.545138],[-60.546677,-38.554812],[-60.546794,-38.554906],[-60.562767,-38.567611],[-60.571249,-38.574262],[-60.587533,-38.58703],[-60.598173,-38.595522],[-60.598376,-38.595686],[-60.598658,-38.595914],[-60.603675,-38.599968],[-60.604765,-38.600862],[-60.606039,-38.601846],[-60.606575,-38.602186],[-60.607045,-38.602448],[-60.607518,-38.602656],[-60.608256,-38.602945],[-60.60961,-38.603412],[-60.610495,-38.603747],[-60.611748,-38.604165],[-60.612205,-38.604286],[-60.612491,-38.604333],[-60.612937,-38.604386],[-60.613336,-38.604402],[-60.613874,-38.604391],[-60.614504,-38.604354],[-60.616058,-38.604242],[-60.624458,-38.603582],[-60.6264,-38.60344],[-60.628217,-38.603408],[-60.637779,-38.6032],[-60.646019,-38.603112],[-60.64656,-38.603103],[-60.64687,-38.603098],[-60.654951,-38.602962],[-60.657417,-38.60292],[-60.675587,-38.602402],[-60.676525,-38.602366],[-60.694978,-38.601847],[-60.714049,-38.601458],[-60.715049,-38.601468],[-60.716042,-38.60154],[-60.717359,-38.601645],[-60.718691,-38.601728],[-60.724581,-38.602175],[-60.725426,-38.602235],[-60.726395,-38.602339],[-60.727813,-38.602562],[-60.728474,-38.602686],[-60.728994,-38.602794],[-60.730193,-38.603086],[-60.731362,-38.603435],[-60.751535,-38.610143],[-60.752326,-38.610436],[-60.753165,-38.610764],[-60.753793,-38.611046],[-60.754324,-38.611305],[-60.754866,-38.611575],[-60.755558,-38.611932],[-60.75637,-38.612404],[-60.759214,-38.614172],[-60.76159,-38.615638],[-60.768369,-38.619846],[-60.773829,-38.623216],[-60.775008,-38.623915],[-60.785312,-38.630276],[-60.786005,-38.63066],[-60.786234,-38.630758],[-60.786695,-38.630954],[-60.789304,-38.631885],[-60.804729,-38.63752],[-60.805397,-38.637722],[-60.806416,-38.637999],[-60.808033,-38.638366],[-60.809123,-38.63855],[-60.810724,-38.63872],[-60.81749,-38.639231],[-60.826605,-38.639797],[-60.827556,-38.63988],[-60.828519,-38.640009],[-60.829483,-38.640172],[-60.829721,-38.640208],[-60.83146,-38.640592],[-60.832426,-38.640871],[-60.842417,-38.643879],[-60.843433,-38.644198],[-60.844453,-38.644541],[-60.853284,-38.64767],[-60.864292,-38.651571],[-60.866155,-38.652206],[-60.86726,-38.65252],[-60.883303,-38.656827],[-60.88452,-38.657205],[-60.885872,-38.657701],[-60.886658,-38.658008],[-60.887546,-38.65838],[-60.892563,-38.660838],[-60.898036,-38.66353],[-60.902935,-38.665907],[-60.906352,-38.667325],[-60.90649,-38.667386],[-60.90873,-38.668309],[-60.910544,-38.668988],[-60.916582,-38.670889],[-60.938914,-38.678008],[-60.94465,-38.679831],[-60.947994,-38.680894],[-60.97366,-38.68904],[-60.974301,-38.689208],[-60.974445,-38.689236],[-60.975287,-38.689394],[-60.993968,-38.692498],[-61.003258,-38.694042],[-61.014602,-38.695967],[-61.017778,-38.696505],[-61.018782,-38.696663],[-61.019785,-38.696795],[-61.035422,-38.698845],[-61.046535,-38.700302],[-61.04821,-38.700544],[-61.05473,-38.701662],[-61.058545,-38.702316],[-61.061416,-38.702809],[-61.063533,-38.703177],[-61.064439,-38.703323],[-61.064605,-38.703338],[-61.066839,-38.703531],[-61.067246,-38.703566],[-61.069374,-38.703751],[-61.087661,-38.705337],[-61.093119,-38.70581],[-61.105301,-38.706851],[-61.112116,-38.707433],[-61.11347,-38.707565],[-61.114613,-38.707677],[-61.129293,-38.70934],[-61.129424,-38.709356],[-61.140638,-38.710694],[-61.151504,-38.711975],[-61.153257,-38.712195],[-61.18306,-38.715732],[-61.185041,-38.715954],[-61.186249,-38.716062],[-61.188513,-38.716312],[-61.190721,-38.716538],[-61.192229,-38.716642],[-61.192334,-38.716647],[-61.192753,-38.716657],[-61.192948,-38.716662],[-61.193593,-38.716662],[-61.194348,-38.716652],[-61.195337,-38.716612],[-61.225938,-38.715085],[-61.226757,-38.715054],[-61.227432,-38.715056],[-61.227921,-38.715073],[-61.228495,-38.715121],[-61.22893,-38.715173],[-61.229606,-38.715269],[-61.230325,-38.715406],[-61.230732,-38.7155],[-61.231173,-38.71562],[-61.23173,-38.715806],[-61.232196,-38.715976],[-61.232614,-38.716139],[-61.233019,-38.716321],[-61.233208,-38.716418],[-61.233416,-38.716524],[-61.233893,-38.716778],[-61.234289,-38.717007],[-61.234654,-38.717259],[-61.235036,-38.717539],[-61.23931,-38.720914],[-61.241277,-38.722457],[-61.241583,-38.722649],[-61.241929,-38.722881],[-61.242682,-38.723457],[-61.243266,-38.72393],[-61.243347,-38.723991],[-61.243691,-38.724256],[-61.244065,-38.72453],[-61.244593,-38.724978],[-61.244915,-38.725265],[-61.247502,-38.727307],[-61.250021,-38.729296],[-61.250411,-38.729604],[-61.255779,-38.733841],[-61.256329,-38.734275],[-61.25651,-38.734418],[-61.259595,-38.736846],[-61.259816,-38.737015],[-61.260073,-38.737202],[-61.260255,-38.73743],[-61.260552,-38.73762],[-61.26075,-38.737752],[-61.261445,-38.738169],[-61.261959,-38.738386],[-61.262194,-38.738496],[-61.26246,-38.738612],[-61.262767,-38.738739],[-61.263561,-38.73908],[-61.263629,-38.739105],[-61.263984,-38.739198],[-61.264419,-38.739297],[-61.265835,-38.739716],[-61.268532,-38.740155],[-61.268675,-38.740178],[-61.273922,-38.74104],[-61.284265,-38.742754],[-61.284555,-38.742802],[-61.284708,-38.742828],[-61.291451,-38.743942],[-61.305788,-38.746322],[-61.306156,-38.74638],[-61.3094,-38.746919],[-61.318587,-38.748432],[-61.320945,-38.748821],[-61.321381,-38.748889],[-61.321935,-38.748979],[-61.322364,-38.749048],[-61.322771,-38.749123],[-61.323043,-38.749183],[-61.323411,-38.749265],[-61.323838,-38.749366],[-61.32431,-38.749497],[-61.32472,-38.749627],[-61.325286,-38.749802],[-61.325826,-38.749987],[-61.326497,-38.750244],[-61.327027,-38.750458],[-61.327539,-38.750698],[-61.328088,-38.750959],[-61.328718,-38.75131],[-61.329312,-38.751688],[-61.329842,-38.752033],[-61.330334,-38.752363],[-61.330749,-38.752671],[-61.331179,-38.753014],[-61.337046,-38.757635],[-61.341379,-38.761011],[-61.342101,-38.761598],[-61.348341,-38.766502],[-61.348721,-38.766794],[-61.349102,-38.767104],[-61.352214,-38.769804],[-61.352698,-38.770211],[-61.353146,-38.770588],[-61.353643,-38.770988],[-61.355423,-38.772392],[-61.361423,-38.777092],[-61.371382,-38.784904],[-61.378315,-38.790357],[-61.381668,-38.792975],[-61.382074,-38.793262],[-61.382481,-38.793549],[-61.382953,-38.793875],[-61.383245,-38.794053],[-61.383542,-38.794227],[-61.383759,-38.794343],[-61.384045,-38.794489],[-61.385641,-38.795247],[-61.385995,-38.7954],[-61.386375,-38.795548],[-61.386728,-38.795672],[-61.387228,-38.795831],[-61.387402,-38.795887],[-61.387571,-38.795941],[-61.387918,-38.796046],[-61.388269,-38.796142],[-61.3886,-38.796223],[-61.388886,-38.796288],[-61.389172,-38.796348],[-61.389453,-38.796405],[-61.389779,-38.796461],[-61.390092,-38.796511],[-61.390378,-38.796557],[-61.390648,-38.796599],[-61.391033,-38.79665],[-61.391466,-38.7967],[-61.391903,-38.796739],[-61.392308,-38.79677],[-61.392646,-38.796791],[-61.392961,-38.796804],[-61.39327,-38.796811],[-61.39351,-38.796812],[-61.393752,-38.796811],[-61.393977,-38.796807],[-61.394195,-38.796802],[-61.394512,-38.796788],[-61.395899,-38.796711],[-61.400082,-38.796272],[-61.407687,-38.795476],[-61.409623,-38.795276],[-61.42003,-38.794198],[-61.439114,-38.792079],[-61.44173,-38.791753],[-61.442653,-38.791634],[-61.443489,-38.791539],[-61.469012,-38.788788],[-61.469199,-38.788768],[-61.472867,-38.788374],[-61.474582,-38.788192],[-61.502896,-38.785127],[-61.506882,-38.784737],[-61.506983,-38.784727],[-61.507184,-38.784705],[-61.633307,-38.770946],[-61.65711,-38.768337],[-61.694652,-38.764221],[-61.69799,-38.763858],[-61.699521,-38.763689],[-61.700272,-38.763606],[-61.701093,-38.763515],[-61.70283,-38.763323],[-61.704578,-38.76313],[-61.70508,-38.763073],[-61.705665,-38.76302],[-61.706226,-38.762977],[-61.706749,-38.762939],[-61.707251,-38.762917],[-61.70777,-38.762905],[-61.708335,-38.762909],[-61.708952,-38.762934],[-61.711491,-38.763112],[-61.713006,-38.763198],[-61.713682,-38.763251],[-61.714251,-38.763283],[-61.714763,-38.763299],[-61.715297,-38.763306],[-61.715752,-38.763302],[-61.71616,-38.763281],[-61.716562,-38.763243],[-61.716954,-38.763194],[-61.717383,-38.763138],[-61.718691,-38.762958],[-61.719071,-38.762907],[-61.719651,-38.76283],[-61.722062,-38.762495],[-61.722716,-38.762398],[-61.723345,-38.762319],[-61.723935,-38.762259],[-61.724394,-38.76222],[-61.724899,-38.762191],[-61.725486,-38.762168],[-61.726021,-38.762156],[-61.726565,-38.762151],[-61.727096,-38.76215],[-61.758736,-38.762111],[-61.776856,-38.762031],[-61.782314,-38.76201],[-61.792588,-38.761961],[-61.811075,-38.761872],[-61.811502,-38.761871],[-61.811857,-38.761882],[-61.812179,-38.761908],[-61.812509,-38.761945],[-61.812848,-38.761997],[-61.813213,-38.762063],[-61.82667,-38.76473],[-61.833502,-38.766136],[-61.838412,-38.767084],[-61.83998,-38.767409],[-61.871337,-38.773598],[-61.873535,-38.774033],[-61.876413,-38.774604],[-61.876974,-38.774719],[-61.877502,-38.77484],[-61.878013,-38.774967],[-61.878441,-38.775082],[-61.878868,-38.775208],[-61.879312,-38.77535],[-61.87977,-38.7755],[-61.892171,-38.779793],[-61.893099,-38.780113],[-61.894369,-38.780545],[-61.895068,-38.780751],[-61.895189,-38.780782],[-61.895318,-38.780813],[-61.896693,-38.781131],[-61.896786,-38.781149],[-61.896879,-38.781163],[-61.896982,-38.781168],[-61.897087,-38.781167],[-61.897191,-38.781156],[-61.897308,-38.781134],[-61.89745,-38.7811],[-61.897545,-38.78107],[-61.897645,-38.781053],[-61.897746,-38.781048],[-61.897848,-38.781056],[-61.897946,-38.781076],[-61.89804,-38.781108],[-61.898304,-38.781194],[-61.898456,-38.781236],[-61.898578,-38.78126],[-61.898737,-38.78128],[-61.898975,-38.7813],[-61.899263,-38.781321],[-61.899578,-38.781334],[-61.899955,-38.781337],[-61.900328,-38.781331],[-61.90085,-38.781298],[-61.901315,-38.781254],[-61.901731,-38.7812],[-61.902181,-38.781135],[-61.902638,-38.781054],[-61.903157,-38.780947],[-61.908083,-38.779835],[-61.910904,-38.779163],[-61.916582,-38.777863],[-61.917956,-38.777547],[-61.91856,-38.777407],[-61.926244,-38.775626],[-61.926688,-38.77552],[-61.927015,-38.775446],[-61.92735,-38.775389],[-61.927685,-38.775349],[-61.928123,-38.775303],[-61.928554,-38.775277],[-61.929002,-38.775264],[-61.929535,-38.775257],[-61.937507,-38.77524],[-61.937703,-38.775239],[-61.957779,-38.775213],[-61.964138,-38.775195],[-61.974374,-38.775192],[-61.982692,-38.775313],[-62.048534,-38.776232],[-62.078929,-38.776691],[-62.091744,-38.77686],[-62.092201,-38.776861],[-62.092663,-38.776854],[-62.093097,-38.77684],[-62.09343,-38.776821],[-62.093729,-38.776804],[-62.094038,-38.77678],[-62.095189,-38.776676],[-62.09572,-38.776628],[-62.096248,-38.776579],[-62.104157,-38.775789],[-62.108661,-38.77538],[-62.112391,-38.775032],[-62.115006,-38.774783],[-62.115355,-38.77475],[-62.11616,-38.774673],[-62.116611,-38.774604],[-62.116753,-38.774584],[-62.116941,-38.774559],[-62.117142,-38.774538],[-62.117426,-38.774509],[-62.123613,-38.77393],[-62.126021,-38.773708],[-62.126546,-38.773662],[-62.137834,-38.772595],[-62.138423,-38.772525],[-62.138712,-38.772486],[-62.139063,-38.772433],[-62.139439,-38.772368],[-62.139794,-38.772308],[-62.140195,-38.77223],[-62.140543,-38.772153],[-62.140877,-38.772073],[-62.141192,-38.77199],[-62.141513,-38.771903],[-62.141824,-38.771813],[-62.142086,-38.771731],[-62.142341,-38.771649],[-62.142625,-38.771551],[-62.14289,-38.771459],[-62.147573,-38.769769],[-62.158246,-38.765911],[-62.15941,-38.765488],[-62.160993,-38.764915],[-62.161566,-38.764708],[-62.162058,-38.764529],[-62.165671,-38.763219],[-62.165975,-38.763105],[-62.166232,-38.763005],[-62.166425,-38.762927],[-62.166663,-38.762825],[-62.166901,-38.762727],[-62.16713,-38.762629],[-62.167334,-38.762538],[-62.167576,-38.762425],[-62.167773,-38.76233],[-62.16802,-38.762207],[-62.170678,-38.760888],[-62.171432,-38.760512],[-62.172349,-38.760053],[-62.172911,-38.759774],[-62.173917,-38.75927],[-62.174021,-38.759219],[-62.174206,-38.759125],[-62.174385,-38.759035],[-62.174556,-38.758941],[-62.174663,-38.758878],[-62.175077,-38.758635],[-62.175264,-38.758525],[-62.175418,-38.758438],[-62.175644,-38.758315],[-62.175778,-38.758245],[-62.175898,-38.758185],[-62.176039,-38.75812],[-62.176164,-38.758065],[-62.176296,-38.758005],[-62.176498,-38.757919],[-62.176716,-38.757832],[-62.176928,-38.757756],[-62.177188,-38.75767],[-62.177663,-38.757545],[-62.177985,-38.757472],[-62.178385,-38.757388],[-62.178787,-38.757304],[-62.179275,-38.757208],[-62.179607,-38.757139],[-62.179932,-38.75707],[-62.180421,-38.756973],[-62.180516,-38.756954],[-62.183306,-38.756391],[-62.184382,-38.756174],[-62.185471,-38.755949],[-62.190326,-38.754964],[-62.191147,-38.754799],[-62.191773,-38.754673],[-62.192535,-38.754518],[-62.19327,-38.754368],[-62.193822,-38.754255],[-62.195242,-38.753965],[-62.196011,-38.75381],[-62.196467,-38.753723],[-62.196737,-38.753676],[-62.196991,-38.753633],[-62.197267,-38.753593],[-62.197592,-38.753551],[-62.197831,-38.753524],[-62.198074,-38.753505],[-62.198309,-38.753485],[-62.198598,-38.753464],[-62.198867,-38.75345],[-62.199177,-38.75344],[-62.199484,-38.753435],[-62.199791,-38.753437],[-62.200098,-38.753445],[-62.200544,-38.753459],[-62.200561,-38.753459],[-62.200832,-38.753472],[-62.201003,-38.753481],[-62.201197,-38.753495],[-62.201402,-38.753514],[-62.201692,-38.753541],[-62.201877,-38.753558],[-62.202052,-38.753572],[-62.202245,-38.753585],[-62.202428,-38.753592],[-62.202611,-38.753599],[-62.204683,-38.753654],[-62.206005,-38.75369],[-62.212335,-38.75384],[-62.212707,-38.753842],[-62.213061,-38.753837],[-62.213417,-38.753814],[-62.213798,-38.753785],[-62.214118,-38.753747],[-62.214464,-38.753696],[-62.214796,-38.753634],[-62.215132,-38.753562],[-62.215472,-38.753481],[-62.215781,-38.753394],[-62.216068,-38.753302],[-62.217418,-38.752867],[-62.222147,-38.751271],[-62.223023,-38.750974],[-62.223072,-38.750957],[-62.224576,-38.750449],[-62.226641,-38.749758],[-62.227526,-38.749456],[-62.227919,-38.749323],[-62.229225,-38.748885],[-62.229599,-38.748754],[-62.22988,-38.748651],[-62.229985,-38.748613],[-62.230258,-38.748499],[-62.23048,-38.748398],[-62.23054,-38.748367],[-62.2306,-38.748336],[-62.230721,-38.748273],[-62.230896,-38.748173],[-62.231206,-38.747981],[-62.23146,-38.74781],[-62.231876,-38.747491],[-62.232415,-38.747063],[-62.232513,-38.746982],[-62.232611,-38.746892],[-62.232694,-38.746805],[-62.232772,-38.746715],[-62.232839,-38.746625],[-62.232904,-38.746524],[-62.232947,-38.746429],[-62.232979,-38.746343],[-62.233032,-38.746189],[-62.233019,-38.746123],[-62.233023,-38.745983],[-62.233067,-38.745848],[-62.23315,-38.745725],[-62.233266,-38.745619],[-62.23341,-38.745536],[-62.233574,-38.745481],[-62.23375,-38.745456],[-62.233882,-38.745436],[-62.233972,-38.745416],[-62.234059,-38.745385],[-62.234132,-38.745352],[-62.234201,-38.745312],[-62.234268,-38.745268],[-62.234351,-38.745201],[-62.234728,-38.744825],[-62.234849,-38.744709],[-62.235535,-38.744018],[-62.235591,-38.743994],[-62.23565,-38.743983],[-62.235709,-38.743979],[-62.235768,-38.743986],[-62.235816,-38.744001],[-62.235869,-38.744026],[-62.236476,-38.744514],[-62.236505,-38.744533],[-62.23654,-38.744551],[-62.23658,-38.744562],[-62.236628,-38.744565],[-62.236678,-38.74456],[-62.236722,-38.744549],[-62.23676,-38.744531],[-62.237699,-38.743813],[-62.238774,-38.742992],[-62.239806,-38.742199],[-62.239812,-38.742194],[-62.240855,-38.741394],[-62.240878,-38.741377],[-62.241917,-38.740579],[-62.24304,-38.739716],[-62.243153,-38.73963],[-62.243785,-38.739147],[-62.243896,-38.739062],[-62.24474,-38.738416],[-62.24495,-38.738256],[-62.245595,-38.737762],[-62.246119,-38.737361],[-62.24644,-38.737115],[-62.247292,-38.736464],[-62.248235,-38.735743],[-62.248599,-38.735469],[-62.248686,-38.735395],[-62.248741,-38.735336],[-62.248775,-38.735281],[-62.248793,-38.735224],[-62.248798,-38.735158],[-62.248796,-38.734928],[-62.248799,-38.734854],[-62.248812,-38.734792],[-62.248844,-38.734729],[-62.248893,-38.734673],[-62.249057,-38.734563],[-62.250319,-38.733603],[-62.25142,-38.732743],[-62.252498,-38.731921],[-62.253033,-38.731513],[-62.253604,-38.731079],[-62.253711,-38.730997],[-62.254182,-38.730638],[-62.254375,-38.730491],[-62.254431,-38.730448],[-62.254776,-38.730185],[-62.255898,-38.729329],[-62.25706,-38.728459],[-62.25755,-38.728085],[-62.258202,-38.727592],[-62.25875,-38.727156],[-62.259328,-38.726717],[-62.260465,-38.725846],[-62.260878,-38.725527],[-62.261624,-38.724961],[-62.262792,-38.724082],[-62.263836,-38.723296],[-62.264478,-38.722813],[-62.264984,-38.722432],[-62.26535,-38.722156],[-62.265504,-38.72204],[-62.266089,-38.7216],[-62.266434,-38.72134],[-62.266904,-38.720986],[-62.267232,-38.720739],[-62.267173,-38.720686],[-62.266913,-38.72046],[-62.266873,-38.720427],[-62.266829,-38.720395],[-62.266714,-38.720316],[-62.266673,-38.720285],[-62.266644,-38.720261],[-62.266456,-38.720103],[-62.266371,-38.720032],[-62.266274,-38.719949],[-62.266014,-38.719725],[-62.265971,-38.719688],[-62.265933,-38.719652],[-62.265756,-38.719484],[-62.265717,-38.719447],[-62.265678,-38.719412],[-62.265375,-38.719152],[-62.265302,-38.719089],[-62.264822,-38.719459]],"type":"LineString"}},{"type":"Feature","properties":{"name":"Ruta 3 — атлантическое побережье","nameEs":"Ruta Nacional 3","description":"Главная дорога вдоль Атлантики: от Буэнос-Айреса до Уshuaia","routeKey":"ruta_3","ref":"RN 3","route":"ruta_3","segmentIndex":4,"source":"OSRM / OpenStreetMap road graph"},"geometry":{"coordinates":[[-62.264822,-38.719459],[-62.264522,-38.71969],[-62.26417,-38.719961],[-62.264774,-38.720477],[-62.265243,-38.72088],[-62.265388,-38.721004],[-62.266089,-38.7216],[-62.266434,-38.72134],[-62.266904,-38.720986],[-62.267232,-38.720739],[-62.268339,-38.719906],[-62.268659,-38.719682],[-62.26872,-38.719639],[-62.269405,-38.719159],[-62.270511,-38.718343],[-62.271593,-38.717524],[-62.272791,-38.716631],[-62.273968,-38.715743],[-62.275079,-38.714917],[-62.27621,-38.714046],[-62.277305,-38.71323],[-62.277872,-38.71278],[-62.278389,-38.712377],[-62.279791,-38.71131],[-62.280774,-38.710569],[-62.280928,-38.710442],[-62.281763,-38.709807],[-62.28203,-38.709609],[-62.283252,-38.708696],[-62.283888,-38.708208],[-62.284457,-38.707777],[-62.285575,-38.708655],[-62.286706,-38.709537],[-62.287725,-38.710376],[-62.28887,-38.711272],[-62.28997,-38.712148],[-62.291004,-38.713004],[-62.292087,-38.713866],[-62.293169,-38.714731],[-62.294242,-38.715607],[-62.294507,-38.715805],[-62.294545,-38.715837],[-62.294571,-38.71586],[-62.294808,-38.716065],[-62.295319,-38.716474],[-62.296388,-38.717329],[-62.29747,-38.718192],[-62.298327,-38.718882],[-62.299315,-38.718124],[-62.300308,-38.717362],[-62.30131,-38.716593],[-62.302612,-38.715594],[-62.302694,-38.715531],[-62.302808,-38.715443],[-62.303011,-38.715262],[-62.303034,-38.715234],[-62.303066,-38.715204],[-62.303098,-38.715179],[-62.303138,-38.715154],[-62.303182,-38.715135],[-62.303229,-38.71512],[-62.303276,-38.715111],[-62.303329,-38.715105],[-62.30337,-38.715106],[-62.303415,-38.715116],[-62.303455,-38.715134],[-62.303483,-38.715155],[-62.303505,-38.71518],[-62.303517,-38.715209],[-62.303695,-38.715212],[-62.303782,-38.715209],[-62.303877,-38.715205],[-62.305253,-38.715083],[-62.305347,-38.71508],[-62.305484,-38.715148],[-62.305738,-38.715369],[-62.306527,-38.716013],[-62.307587,-38.716883],[-62.308628,-38.717708],[-62.310965,-38.717674],[-62.312337,-38.7177],[-62.312364,-38.717551],[-62.312444,-38.717415],[-62.312571,-38.717302],[-62.312729,-38.717223],[-62.31291,-38.717182],[-62.313063,-38.717178],[-62.313213,-38.717201],[-62.313352,-38.71725],[-62.313474,-38.717323],[-62.313593,-38.717443],[-62.313662,-38.717585],[-62.313677,-38.717736],[-62.315135,-38.717754],[-62.317112,-38.717746],[-62.318122,-38.716959],[-62.318831,-38.716422],[-62.319469,-38.71592],[-62.320169,-38.715399],[-62.320818,-38.714901],[-62.321496,-38.714394],[-62.322162,-38.713884],[-62.322816,-38.713399],[-62.323491,-38.71289],[-62.3242,-38.712335],[-62.324573,-38.712063],[-62.324836,-38.711862],[-62.325473,-38.711368],[-62.325642,-38.711243],[-62.326122,-38.710861],[-62.326748,-38.710406],[-62.326828,-38.710356],[-62.328505,-38.710377],[-62.32974,-38.710393],[-62.329903,-38.710397],[-62.330224,-38.710407],[-62.330495,-38.710413],[-62.330709,-38.710418],[-62.33098,-38.710374],[-62.33113,-38.710322],[-62.331432,-38.710137],[-62.331936,-38.709732],[-62.332294,-38.709451],[-62.332682,-38.709148],[-62.332849,-38.709017],[-62.333491,-38.708513],[-62.333951,-38.708153],[-62.33491,-38.707401],[-62.335085,-38.707264],[-62.335489,-38.706963],[-62.335745,-38.706785],[-62.335992,-38.706638],[-62.336465,-38.706356],[-62.336664,-38.706258],[-62.336916,-38.706138],[-62.337197,-38.706014],[-62.337673,-38.705832],[-62.338253,-38.70561],[-62.339559,-38.705112],[-62.340277,-38.704837],[-62.341659,-38.704309],[-62.341829,-38.704244],[-62.342355,-38.704042],[-62.34295,-38.703813],[-62.343185,-38.703736],[-62.344196,-38.703337],[-62.345696,-38.702758],[-62.346206,-38.702562],[-62.346381,-38.702495],[-62.346884,-38.702302],[-62.34737,-38.702115],[-62.349664,-38.701233],[-62.350935,-38.700745],[-62.352703,-38.700066],[-62.354136,-38.699515],[-62.354552,-38.699355],[-62.354757,-38.699242],[-62.354864,-38.699177],[-62.354964,-38.699106],[-62.355057,-38.699035],[-62.35514,-38.698964],[-62.35519,-38.698915],[-62.355241,-38.698861],[-62.355284,-38.698795],[-62.355342,-38.69873],[-62.355413,-38.698668],[-62.355489,-38.698615],[-62.35559,-38.698559],[-62.355692,-38.698516],[-62.355789,-38.698487],[-62.355893,-38.698467],[-62.355993,-38.698462],[-62.356087,-38.698471],[-62.356172,-38.698487],[-62.356362,-38.698491],[-62.356509,-38.698491],[-62.356649,-38.69848],[-62.356796,-38.698455],[-62.357034,-38.698397],[-62.358664,-38.697772],[-62.359086,-38.69761],[-62.359998,-38.697261],[-62.366241,-38.694852],[-62.366468,-38.694764],[-62.367213,-38.694477],[-62.369235,-38.693718],[-62.371958,-38.692662],[-62.381517,-38.688981],[-62.382008,-38.688813],[-62.382483,-38.688667],[-62.382972,-38.688532],[-62.383364,-38.688435],[-62.383801,-38.688345],[-62.384212,-38.688272],[-62.384619,-38.688208],[-62.385028,-38.68816],[-62.385421,-38.688125],[-62.385753,-38.688107],[-62.386115,-38.688092],[-62.386465,-38.688085],[-62.38686,-38.688094],[-62.387215,-38.688109],[-62.387539,-38.688126],[-62.387848,-38.68815],[-62.388145,-38.688181],[-62.388439,-38.688218],[-62.388708,-38.688257],[-62.388817,-38.688276],[-62.388945,-38.688297],[-62.391561,-38.688823],[-62.392301,-38.688972],[-62.393445,-38.689206],[-62.396001,-38.689728],[-62.397821,-38.6901],[-62.398567,-38.690253],[-62.398809,-38.6903],[-62.399056,-38.690351],[-62.399392,-38.690422],[-62.401271,-38.690852],[-62.402869,-38.691217],[-62.403406,-38.69134],[-62.403865,-38.691451],[-62.40468,-38.691648],[-62.413881,-38.6938],[-62.415064,-38.694082],[-62.415479,-38.694179],[-62.415868,-38.694266],[-62.416219,-38.694343],[-62.416913,-38.694486],[-62.418599,-38.694832],[-62.41935,-38.694984],[-62.421084,-38.695333],[-62.422455,-38.695609],[-62.423454,-38.695811],[-62.428751,-38.696878],[-62.430906,-38.697312],[-62.437977,-38.698736],[-62.449392,-38.701027],[-62.45052,-38.701249],[-62.451115,-38.701355],[-62.451558,-38.70143],[-62.452014,-38.701504],[-62.452687,-38.701607],[-62.454838,-38.701934],[-62.45582,-38.702093],[-62.456998,-38.702308],[-62.457287,-38.702367],[-62.461354,-38.703163],[-62.461663,-38.703215],[-62.462006,-38.703274],[-62.462412,-38.703339],[-62.466281,-38.703931],[-62.466681,-38.703993],[-62.467054,-38.704055],[-62.468348,-38.704275],[-62.500587,-38.710355],[-62.502639,-38.710742],[-62.50593,-38.711363],[-62.51149,-38.712421],[-62.511913,-38.712506],[-62.512358,-38.712601],[-62.512816,-38.712707],[-62.513281,-38.712832],[-62.513693,-38.712951],[-62.51408,-38.713085],[-62.514481,-38.71324],[-62.514841,-38.713395],[-62.51518,-38.713547],[-62.515497,-38.713697],[-62.515823,-38.713868],[-62.516092,-38.714024],[-62.516376,-38.714199],[-62.516669,-38.714391],[-62.516981,-38.714609],[-62.517258,-38.714808],[-62.517522,-38.715012],[-62.518988,-38.716188],[-62.519751,-38.716805],[-62.523941,-38.720198],[-62.525431,-38.721407],[-62.526698,-38.722429],[-62.527262,-38.722802],[-62.527428,-38.722908],[-62.527576,-38.723002],[-62.527675,-38.723071],[-62.527753,-38.723127],[-62.527843,-38.723194],[-62.528207,-38.72349],[-62.528284,-38.723557],[-62.528357,-38.723627],[-62.528773,-38.724109],[-62.528851,-38.724172],[-62.529645,-38.724818],[-62.530149,-38.725226],[-62.530396,-38.725424],[-62.531786,-38.726549],[-62.532481,-38.727115],[-62.555583,-38.745912],[-62.560312,-38.749734],[-62.561043,-38.750325],[-62.561138,-38.750405],[-62.562676,-38.751638],[-62.562886,-38.751801],[-62.563085,-38.751941],[-62.563286,-38.752068],[-62.563445,-38.752156],[-62.563614,-38.752241],[-62.563791,-38.752324],[-62.56398,-38.752405],[-62.564155,-38.752474],[-62.564344,-38.752535],[-62.564525,-38.752585],[-62.564727,-38.752638],[-62.565099,-38.75273],[-62.565758,-38.752884],[-62.566416,-38.753038],[-62.567817,-38.753376],[-62.568046,-38.753432],[-62.56826,-38.753493],[-62.568489,-38.753569],[-62.56871,-38.753657],[-62.569077,-38.753795],[-62.569712,-38.754141],[-62.569807,-38.754199],[-62.569892,-38.754263],[-62.569963,-38.754362],[-62.570005,-38.75446],[-62.570022,-38.754556],[-62.570025,-38.754641],[-62.57,-38.754733],[-62.569949,-38.754813],[-62.569863,-38.754907],[-62.569768,-38.754979],[-62.569615,-38.755041],[-62.569262,-38.755119],[-62.569106,-38.755185],[-62.568978,-38.755247],[-62.568855,-38.75532],[-62.568723,-38.755408],[-62.568603,-38.755498],[-62.568502,-38.755595],[-62.568397,-38.7557],[-62.568288,-38.755841],[-62.568065,-38.756166],[-62.567937,-38.756513],[-62.567777,-38.756948],[-62.567151,-38.758659],[-62.567065,-38.758901],[-62.566993,-38.759154],[-62.566926,-38.759439],[-62.566869,-38.759736],[-62.566782,-38.760308],[-62.566277,-38.763517],[-62.565833,-38.766642],[-62.565341,-38.770207],[-62.564922,-38.772629],[-62.564677,-38.774268],[-62.564526,-38.775037],[-62.564303,-38.775806],[-62.564099,-38.776304],[-62.563781,-38.776864],[-62.563364,-38.777496],[-62.562576,-38.778432],[-62.561353,-38.779909],[-62.557723,-38.784263],[-62.555601,-38.786649],[-62.552791,-38.789955],[-62.550922,-38.792148],[-62.541183,-38.8036],[-62.5411,-38.803698],[-62.53489,-38.81106],[-62.532397,-38.813981],[-62.530885,-38.815756],[-62.530191,-38.816474],[-62.529602,-38.817041],[-62.525826,-38.820511],[-62.522631,-38.823431],[-62.517841,-38.827899],[-62.513755,-38.831727],[-62.511587,-38.833766],[-62.510642,-38.834704],[-62.510299,-38.835045],[-62.509033,-38.836181],[-62.508671,-38.836506],[-62.508286,-38.836837],[-62.507161,-38.837803],[-62.506576,-38.838271],[-62.504685,-38.839784],[-62.503735,-38.840609],[-62.493935,-38.849307],[-62.492946,-38.850172],[-62.492689,-38.850408],[-62.492152,-38.850978],[-62.491672,-38.85154],[-62.491344,-38.852011],[-62.49112,-38.852398],[-62.490798,-38.852998],[-62.490564,-38.853562],[-62.490436,-38.853962],[-62.488395,-38.862516],[-62.48823,-38.863226],[-62.487404,-38.866784],[-62.487298,-38.867622],[-62.487262,-38.868208],[-62.487284,-38.868763],[-62.487355,-38.869371],[-62.487486,-38.869942],[-62.490576,-38.882981],[-62.490772,-38.883732],[-62.491047,-38.8845],[-62.491471,-38.885617],[-62.498128,-38.901982],[-62.507495,-38.925232],[-62.517854,-38.950932],[-62.522122,-38.961494],[-62.532665,-38.987577],[-62.537497,-38.999468],[-62.53898,-39.003074],[-62.546673,-39.021793],[-62.547369,-39.023572],[-62.551367,-39.033311],[-62.557293,-39.047909],[-62.55905,-39.052245],[-62.559275,-39.05289],[-62.559391,-39.053366],[-62.559505,-39.053915],[-62.559574,-39.054605],[-62.559612,-39.05534],[-62.559618,-39.057303],[-62.55964,-39.060498],[-62.559667,-39.064352],[-62.559649,-39.065193],[-62.559647,-39.066266],[-62.559665,-39.066916],[-62.559716,-39.067596],[-62.559776,-39.068062],[-62.560182,-39.071221],[-62.564595,-39.106051],[-62.567524,-39.129499],[-62.568529,-39.137479],[-62.568688,-39.138651],[-62.568809,-39.139319],[-62.568974,-39.139939],[-62.569281,-39.140907],[-62.572807,-39.151062],[-62.573237,-39.152285],[-62.573385,-39.152898],[-62.573475,-39.153504],[-62.573501,-39.153942],[-62.573486,-39.154496],[-62.573208,-39.157625],[-62.573169,-39.158212],[-62.573206,-39.158677],[-62.573266,-39.159087],[-62.573408,-39.159543],[-62.57366,-39.160046],[-62.573965,-39.160532],[-62.574463,-39.161237],[-62.574908,-39.161899],[-62.575343,-39.162648],[-62.575674,-39.163313],[-62.575982,-39.164093],[-62.576249,-39.164865],[-62.576615,-39.166079],[-62.577714,-39.169629],[-62.579988,-39.177148],[-62.585845,-39.196509],[-62.587204,-39.201211],[-62.587614,-39.202581],[-62.590116,-39.210622],[-62.590245,-39.210949],[-62.590452,-39.211389],[-62.590971,-39.212447],[-62.591325,-39.213168],[-62.597578,-39.225555],[-62.598213,-39.226906],[-62.598407,-39.227514],[-62.598508,-39.227935],[-62.598599,-39.228468],[-62.598629,-39.229035],[-62.598639,-39.229484],[-62.598556,-39.23028],[-62.596641,-39.238027],[-62.596626,-39.238079],[-62.596581,-39.238253],[-62.596244,-39.239634],[-62.596207,-39.239787],[-62.594932,-39.244777],[-62.594283,-39.247514],[-62.594183,-39.247921],[-62.59412,-39.248212],[-62.594064,-39.248526],[-62.594037,-39.248791],[-62.594013,-39.249527],[-62.594034,-39.250089],[-62.594093,-39.250458],[-62.594168,-39.250881],[-62.594295,-39.251384],[-62.594579,-39.252309],[-62.59493,-39.253281],[-62.595666,-39.255431],[-62.596073,-39.256583],[-62.596159,-39.256829],[-62.596361,-39.257417],[-62.597073,-39.259427],[-62.597199,-39.259792],[-62.597331,-39.260176],[-62.597805,-39.261556],[-62.598389,-39.263255],[-62.598669,-39.264049],[-62.59895,-39.264845],[-62.599324,-39.265917],[-62.600078,-39.268055],[-62.602287,-39.274178],[-62.602403,-39.274568],[-62.602437,-39.274679],[-62.602452,-39.274722],[-62.6026,-39.27531],[-62.602668,-39.275761],[-62.602719,-39.276258],[-62.602732,-39.276836],[-62.602775,-39.278701],[-62.602866,-39.280443],[-62.603142,-39.286725],[-62.60327,-39.28797],[-62.603464,-39.289133],[-62.606493,-39.302936],[-62.60778,-39.308865],[-62.608192,-39.310711],[-62.611452,-39.324831],[-62.611476,-39.324943],[-62.611488,-39.325004],[-62.611536,-39.325233],[-62.612461,-39.329356],[-62.61252,-39.32962],[-62.616163,-39.346392],[-62.621496,-39.370059],[-62.621527,-39.37021],[-62.622238,-39.373588],[-62.622731,-39.375719],[-62.623217,-39.37804],[-62.623311,-39.378501],[-62.623408,-39.378971],[-62.623475,-39.379299],[-62.623505,-39.379426],[-62.623527,-39.379531],[-62.623922,-39.381261],[-62.624235,-39.382413],[-62.624309,-39.382602],[-62.624382,-39.38278],[-62.624508,-39.383043],[-62.624803,-39.383645],[-62.624947,-39.383926],[-62.625128,-39.384249],[-62.625457,-39.3848],[-62.626383,-39.386434],[-62.627126,-39.387764],[-62.62719,-39.387858],[-62.627288,-39.387978],[-62.627378,-39.388073],[-62.62785,-39.388407],[-62.62791,-39.388464],[-62.628072,-39.388605],[-62.628169,-39.388711],[-62.628612,-39.389406],[-62.628674,-39.389519],[-62.628708,-39.38958],[-62.629229,-39.390495],[-62.629317,-39.390656],[-62.629962,-39.39178],[-62.630202,-39.392259],[-62.630315,-39.392484],[-62.630366,-39.392637],[-62.630386,-39.392717],[-62.630409,-39.392808],[-62.630478,-39.393374],[-62.630505,-39.393511],[-62.630531,-39.393604],[-62.630583,-39.39373],[-62.632183,-39.39654],[-62.636553,-39.404141],[-62.636751,-39.404564],[-62.636867,-39.404836],[-62.636945,-39.405071],[-62.637019,-39.405384],[-62.637055,-39.405611],[-62.637102,-39.406292],[-62.637158,-39.409438],[-62.637103,-39.414345],[-62.637099,-39.414659],[-62.637135,-39.416151],[-62.637155,-39.416398],[-62.637205,-39.416757],[-62.637313,-39.41715],[-62.637528,-39.417912],[-62.638949,-39.421977],[-62.63896,-39.42201],[-62.638998,-39.422118],[-62.639018,-39.422175],[-62.641404,-39.429342],[-62.643521,-39.435666],[-62.643567,-39.435795],[-62.647076,-39.446955],[-62.650712,-39.457616],[-62.6508,-39.457887],[-62.650991,-39.458467],[-62.655301,-39.471574],[-62.655508,-39.472129],[-62.656049,-39.473761],[-62.658308,-39.480008],[-62.66072,-39.487],[-62.661031,-39.487907],[-62.661317,-39.488705],[-62.661505,-39.489122],[-62.661659,-39.489491],[-62.662404,-39.491174],[-62.663183,-39.492758],[-62.663595,-39.493543],[-62.663611,-39.493576],[-62.663635,-39.493624],[-62.663668,-39.493693],[-62.66574,-39.498001],[-62.666397,-39.499356],[-62.667054,-39.500711],[-62.667399,-39.501436],[-62.667701,-39.50207],[-62.668039,-39.502768],[-62.668186,-39.503093],[-62.668318,-39.503428],[-62.668922,-39.505331],[-62.668959,-39.50548],[-62.669103,-39.506002],[-62.669221,-39.506326],[-62.669283,-39.506487],[-62.669357,-39.506689],[-62.669501,-39.507],[-62.669822,-39.507615],[-62.671757,-39.511017],[-62.67217,-39.511855],[-62.672273,-39.511964],[-62.672453,-39.512258],[-62.672505,-39.512348],[-62.672662,-39.512642],[-62.672816,-39.512934],[-62.672848,-39.513087],[-62.672992,-39.513286],[-62.673004,-39.513305],[-62.673342,-39.513882],[-62.673411,-39.514019],[-62.673757,-39.514581],[-62.67384,-39.514725],[-62.67397,-39.514965],[-62.674172,-39.515342],[-62.674334,-39.515657],[-62.674348,-39.5157],[-62.674488,-39.515922],[-62.67468,-39.516231],[-62.674969,-39.516745],[-62.675068,-39.51693],[-62.675251,-39.517294],[-62.67528,-39.51736],[-62.675333,-39.517479],[-62.6754,-39.517666],[-62.675467,-39.51787],[-62.675477,-39.517907],[-62.675529,-39.518082],[-62.675584,-39.518293],[-62.675622,-39.518503],[-62.675651,-39.518698],[-62.675673,-39.518897],[-62.675711,-39.519297],[-62.675726,-39.519656],[-62.675728,-39.520022],[-62.67571,-39.520591],[-62.675703,-39.520835],[-62.675689,-39.521467],[-62.675692,-39.521882],[-62.675701,-39.522295],[-62.675713,-39.522397],[-62.675742,-39.52263],[-62.675763,-39.52279],[-62.675786,-39.522958],[-62.675811,-39.523062],[-62.675835,-39.523165],[-62.67591,-39.523434],[-62.676102,-39.52392],[-62.676219,-39.524204],[-62.676424,-39.524623],[-62.676796,-39.525379],[-62.676897,-39.52557],[-62.676999,-39.525746],[-62.677222,-39.526081],[-62.677369,-39.526278],[-62.67754,-39.526473],[-62.677891,-39.526828],[-62.678363,-39.527236],[-62.678667,-39.527496],[-62.67888,-39.527667],[-62.679127,-39.527891],[-62.679351,-39.528124],[-62.679539,-39.528365],[-62.679623,-39.528491],[-62.679687,-39.52862],[-62.67974,-39.528734],[-62.679781,-39.528852],[-62.679812,-39.528968],[-62.679848,-39.529087],[-62.679884,-39.529275],[-62.679911,-39.529471],[-62.679912,-39.529667],[-62.679901,-39.529867],[-62.679837,-39.530296],[-62.679416,-39.532493],[-62.67935,-39.532903],[-62.679351,-39.533148],[-62.679352,-39.533205],[-62.679376,-39.533285],[-62.679403,-39.533339],[-62.67942,-39.533375],[-62.679438,-39.533486],[-62.679372,-39.533943],[-62.679354,-39.534048],[-62.679335,-39.534153],[-62.679082,-39.534476],[-62.678968,-39.535148],[-62.678953,-39.535237],[-62.678785,-39.53621],[-62.678739,-39.536673],[-62.678708,-39.536839],[-62.678644,-39.53735],[-62.678635,-39.537417],[-62.678591,-39.538007],[-62.678578,-39.538404],[-62.678592,-39.53884],[-62.678624,-39.539649],[-62.67881,-39.544829],[-62.679013,-39.551101],[-62.679065,-39.552693],[-62.679174,-39.556038],[-62.679181,-39.556236],[-62.679345,-39.560662],[-62.679367,-39.561426],[-62.679631,-39.569682],[-62.679637,-39.570215],[-62.67993,-39.578794],[-62.680224,-39.586403],[-62.680266,-39.586971],[-62.68027,-39.587027],[-62.680294,-39.587324],[-62.680302,-39.587484],[-62.680323,-39.587792],[-62.680321,-39.588317],[-62.680321,-39.588352],[-62.680308,-39.589518],[-62.680551,-39.596585],[-62.680562,-39.597607],[-62.680525,-39.59848],[-62.679798,-39.608622],[-62.679157,-39.618632],[-62.678537,-39.626745],[-62.676653,-39.651355],[-62.67622,-39.657245],[-62.676138,-39.658161],[-62.675526,-39.665521],[-62.675504,-39.665966],[-62.675503,-39.666521],[-62.675514,-39.666969],[-62.675534,-39.667783],[-62.675563,-39.668794],[-62.675614,-39.670229],[-62.675621,-39.670647],[-62.675608,-39.671259],[-62.674614,-39.685761],[-62.674569,-39.686349],[-62.67376,-39.697992],[-62.672764,-39.712223],[-62.671168,-39.736557],[-62.668645,-39.772682],[-62.668623,-39.77301],[-62.668596,-39.773306],[-62.667023,-39.796573],[-62.666796,-39.80008],[-62.665958,-39.812241],[-62.663061,-39.854479],[-62.662959,-39.855682],[-62.662934,-39.857238],[-62.662898,-39.858162],[-62.663119,-39.885186],[-62.663143,-39.88626],[-62.663148,-39.888118],[-62.663155,-39.888543],[-62.663159,-39.888845],[-62.66316,-39.888997],[-62.663161,-39.889089],[-62.663163,-39.889317],[-62.663182,-39.889712],[-62.663212,-39.890343],[-62.663218,-39.890469],[-62.663243,-39.890936],[-62.663261,-39.891984],[-62.663586,-39.921277],[-62.663672,-39.933677],[-62.66367,-39.934096],[-62.663875,-39.946459],[-62.664346,-39.956096],[-62.664558,-39.960277],[-62.664857,-39.98403],[-62.664816,-39.986051],[-62.665247,-40.015019],[-62.665299,-40.018072],[-62.6653,-40.018426],[-62.665495,-40.030462],[-62.665686,-40.042262],[-62.66577,-40.04676],[-62.665835,-40.050669],[-62.666234,-40.072358],[-62.666288,-40.075306],[-62.666421,-40.082693],[-62.666424,-40.082911],[-62.666665,-40.096231],[-62.66665,-40.096937],[-62.666608,-40.097486],[-62.666503,-40.098183],[-62.666365,-40.098926],[-62.663713,-40.111766],[-62.663581,-40.112578],[-62.663308,-40.114267],[-62.659905,-40.137474],[-62.659508,-40.140213],[-62.659451,-40.140607],[-62.659355,-40.141272],[-62.655762,-40.166118],[-62.655654,-40.166865],[-62.655442,-40.167917],[-62.655467,-40.168435],[-62.655374,-40.169132],[-62.655313,-40.169533],[-62.655241,-40.169734],[-62.655162,-40.169891],[-62.654975,-40.171185],[-62.654877,-40.171929],[-62.654783,-40.172534],[-62.651345,-40.196033],[-62.651086,-40.198061],[-62.651059,-40.198455],[-62.651046,-40.198705],[-62.650772,-40.210145],[-62.650732,-40.21099],[-62.650607,-40.211943],[-62.650349,-40.213099],[-62.648661,-40.219238],[-62.647413,-40.223774],[-62.647193,-40.224694],[-62.647145,-40.225124],[-62.647122,-40.225422],[-62.647134,-40.225873],[-62.647223,-40.226401],[-62.647251,-40.226566],[-62.647414,-40.227189],[-62.64768,-40.227798],[-62.64796,-40.22834],[-62.648336,-40.228939],[-62.648421,-40.229058],[-62.648719,-40.229477],[-62.649225,-40.230072],[-62.653763,-40.235531],[-62.654322,-40.236136],[-62.655116,-40.236868],[-62.655699,-40.237398],[-62.656232,-40.237834],[-62.661204,-40.241638],[-62.664917,-40.244513],[-62.665802,-40.245058],[-62.666811,-40.245549],[-62.668248,-40.246073],[-62.671381,-40.247138],[-62.672604,-40.247613],[-62.673248,-40.247891],[-62.674021,-40.248317],[-62.675117,-40.248974],[-62.687857,-40.258789],[-62.704847,-40.271876],[-62.712623,-40.277864],[-62.725635,-40.287824],[-62.746447,-40.303869],[-62.755776,-40.310943],[-62.759005,-40.313391],[-62.759583,-40.313873],[-62.760063,-40.314305],[-62.76058,-40.314874],[-62.761006,-40.315416],[-62.76104,-40.315459],[-62.761438,-40.316053],[-62.761669,-40.316481],[-62.761806,-40.316733],[-62.762078,-40.317339],[-62.762399,-40.318381],[-62.766409,-40.332773],[-62.771934,-40.352419],[-62.785601,-40.401616],[-62.785616,-40.401671],[-62.785706,-40.402032],[-62.785873,-40.402708],[-62.785959,-40.403476],[-62.785991,-40.404113],[-62.785938,-40.404665],[-62.785702,-40.405772],[-62.783958,-40.412667],[-62.783792,-40.413361],[-62.783685,-40.413966],[-62.783642,-40.414537],[-62.783663,-40.415077],[-62.783783,-40.415632],[-62.794526,-40.448829],[-62.796062,-40.453612],[-62.79709,-40.456825],[-62.797724,-40.458746],[-62.798485,-40.460953],[-62.798573,-40.461387],[-62.798712,-40.461671],[-62.798758,-40.461763],[-62.798802,-40.461862],[-62.798841,-40.46196],[-62.798866,-40.462031],[-62.798884,-40.462097],[-62.798919,-40.462219],[-62.79898,-40.462407],[-62.799168,-40.462954],[-62.799189,-40.463042],[-62.799195,-40.46311],[-62.799204,-40.463241],[-62.799427,-40.464009],[-62.799757,-40.465017],[-62.800347,-40.466802],[-62.803637,-40.476879],[-62.804818,-40.480498],[-62.804858,-40.480623],[-62.80707,-40.48743],[-62.809106,-40.493706],[-62.811167,-40.500022],[-62.811465,-40.500921],[-62.814066,-40.508614],[-62.81429,-40.509299],[-62.814744,-40.510933],[-62.814966,-40.512154],[-62.816254,-40.523076],[-62.817846,-40.537358],[-62.81804,-40.538923],[-62.818319,-40.53995],[-62.818726,-40.541369],[-62.821234,-40.549546],[-62.822961,-40.555176],[-62.823931,-40.558336],[-62.833221,-40.588611],[-62.834246,-40.591952],[-62.834268,-40.592031],[-62.834726,-40.593715],[-62.839694,-40.609957],[-62.848629,-40.639843],[-62.858123,-40.672665],[-62.858769,-40.674898],[-62.859173,-40.676294],[-62.870497,-40.715421],[-62.870815,-40.716388],[-62.871108,-40.717161],[-62.871442,-40.717816],[-62.871854,-40.718432],[-62.872309,-40.71895],[-62.872994,-40.71961],[-62.87396,-40.720368],[-62.920133,-40.75536],[-62.925063,-40.759107],[-62.927467,-40.760919],[-62.927931,-40.761266],[-62.928254,-40.761475],[-62.930114,-40.762518],[-62.930439,-40.762717],[-62.930707,-40.762903],[-62.930905,-40.763067],[-62.931173,-40.76316],[-62.931299,-40.763185],[-62.931452,-40.763194],[-62.931869,-40.763198],[-62.932021,-40.763197],[-62.932169,-40.763224],[-62.932304,-40.763277],[-62.932578,-40.763288],[-62.93276,-40.763305],[-62.933375,-40.763394],[-62.933574,-40.763437],[-62.933716,-40.763476],[-62.934351,-40.763708],[-62.93464,-40.763774],[-62.935187,-40.763847],[-62.93606,-40.763927],[-62.936633,-40.76395],[-62.937241,-40.763954],[-62.937883,-40.763949],[-62.956043,-40.762427],[-62.96684,-40.761507],[-62.971292,-40.76114],[-62.973424,-40.760964],[-62.974207,-40.760926],[-62.974769,-40.760915],[-62.975302,-40.760926],[-62.97596,-40.760961],[-62.976589,-40.761007],[-62.977855,-40.76117],[-62.978692,-40.761332],[-62.979422,-40.761511],[-62.980323,-40.761755],[-62.98116,-40.762047],[-62.982168,-40.762486],[-62.98299,-40.762927],[-62.983048,-40.762958],[-62.984443,-40.763851],[-62.984957,-40.764225],[-62.986245,-40.765159],[-62.987451,-40.766033],[-62.987763,-40.76626],[-62.990321,-40.768122],[-62.990515,-40.768256],[-62.991438,-40.768938],[-62.991921,-40.76931],[-62.99234,-40.769642],[-62.992747,-40.770011],[-62.993122,-40.770372],[-62.993456,-40.770722],[-62.993759,-40.771072],[-62.994094,-40.771491],[-62.994387,-40.771894],[-62.994658,-40.772312],[-62.994876,-40.772674],[-62.995016,-40.77293],[-62.995041,-40.772975],[-62.995343,-40.773638],[-62.995528,-40.774203],[-62.995756,-40.774957],[-62.996224,-40.776531],[-62.996237,-40.776583],[-62.996361,-40.776982],[-62.996672,-40.778071],[-62.996902,-40.778874],[-62.996952,-40.779083],[-62.997006,-40.77925],[-62.997389,-40.78056],[-62.997613,-40.781327],[-62.997639,-40.78141],[-62.99782,-40.781971],[-62.997827,-40.782001],[-62.998267,-40.78353],[-62.998495,-40.784215],[-62.998538,-40.78436],[-62.99863,-40.784668],[-62.998796,-40.78527],[-62.998818,-40.785339],[-62.999082,-40.786059],[-62.999306,-40.786765],[-62.99932,-40.78681],[-62.999442,-40.787226],[-62.999451,-40.787256],[-62.999672,-40.787944],[-63.000312,-40.790077],[-63.000372,-40.790298],[-63.001447,-40.79397],[-63.001696,-40.794789],[-63.001726,-40.794883],[-63.00175,-40.795086],[-63.001794,-40.795354],[-63.00179,-40.795463],[-63.001961,-40.796054],[-63.002796,-40.798907],[-63.002888,-40.79923],[-63.003091,-40.799952],[-63.003139,-40.800086],[-63.003216,-40.800203],[-63.003292,-40.800389],[-63.003492,-40.800858],[-63.003606,-40.801077],[-63.003935,-40.801711],[-63.004087,-40.801932],[-63.004466,-40.802485],[-63.004488,-40.802514],[-63.00477,-40.802883],[-63.004992,-40.80316],[-63.00516,-40.803354],[-63.005216,-40.803418],[-63.005536,-40.803754],[-63.005549,-40.803767],[-63.005695,-40.803902],[-63.005895,-40.804078],[-63.006198,-40.804335],[-63.006714,-40.804736],[-63.006961,-40.804898],[-63.007325,-40.805131],[-63.007678,-40.805283],[-63.007828,-40.805353],[-63.007897,-40.805357],[-63.007983,-40.805377],[-63.008064,-40.80541],[-63.008172,-40.805478],[-63.008246,-40.805569],[-63.008278,-40.805673],[-63.008277,-40.805698],[-63.008277,-40.805724],[-63.008268,-40.80577],[-63.008221,-40.805861],[-63.008142,-40.805938],[-63.008036,-40.805994],[-63.007813,-40.806029],[-63.007776,-40.806029],[-63.007631,-40.806215],[-63.007509,-40.80637],[-63.007427,-40.806486],[-63.007149,-40.80685],[-63.007027,-40.806999],[-63.006614,-40.807543],[-63.006526,-40.807659],[-63.006415,-40.807788],[-63.006295,-40.807938],[-63.005755,-40.808615],[-63.005678,-40.808708],[-63.005213,-40.809325],[-63.005021,-40.809581],[-63.004962,-40.809655],[-63.0048,-40.809857],[-63.004331,-40.810448],[-63.004225,-40.810587],[-63.004048,-40.810811],[-63.003491,-40.811523],[-63.00257,-40.812689],[-63.002035,-40.813361],[-63.00138,-40.81421],[-63.001245,-40.814152],[-63.001199,-40.814133],[-63.001064,-40.814074],[-63.000387,-40.81379]],"type":"LineString"}},{"type":"Feature","properties":{"name":"Ruta 3 — атлантическое побережье","nameEs":"Ruta Nacional 3","description":"Главная дорога вдоль Атлантики: от Буэнос-Айреса до Уshuaia","routeKey":"ruta_3","ref":"RN 3","route":"ruta_3","segmentIndex":5,"source":"OSRM / OpenStreetMap road graph"},"geometry":{"coordinates":[[-63.000387,-40.81379],[-62.999812,-40.813548],[-63.000509,-40.812695],[-63.000638,-40.812753],[-63.001736,-40.813233],[-63.002263,-40.812562],[-63.002337,-40.812464],[-63.003078,-40.811499],[-63.003173,-40.811379],[-63.003366,-40.81113],[-63.003911,-40.810452],[-63.004378,-40.809848],[-63.004552,-40.809627],[-63.004645,-40.809513],[-63.00473,-40.809401],[-63.005371,-40.808575],[-63.005894,-40.807914],[-63.006099,-40.807656],[-63.006837,-40.806712],[-63.007364,-40.806033],[-63.007418,-40.805966],[-63.00743,-40.805952],[-63.007479,-40.805895],[-63.007475,-40.805891],[-63.007458,-40.805872],[-63.007415,-40.805785],[-63.0074,-40.805721],[-63.007411,-40.805619],[-63.007463,-40.805524],[-63.00755,-40.805445],[-63.007665,-40.80539],[-63.007828,-40.805353],[-63.007897,-40.805357],[-63.007983,-40.805377],[-63.008064,-40.80541],[-63.008172,-40.805478],[-63.008246,-40.805569],[-63.008278,-40.805673],[-63.008277,-40.805698],[-63.008277,-40.805724],[-63.008354,-40.80581],[-63.008406,-40.805889],[-63.008517,-40.806026],[-63.008611,-40.806136],[-63.00903,-40.806523],[-63.009097,-40.806579],[-63.012154,-40.808895],[-63.014306,-40.810526],[-63.015259,-40.811247],[-63.015506,-40.811429],[-63.015773,-40.811608],[-63.016183,-40.811819],[-63.016368,-40.811882],[-63.016471,-40.811922],[-63.016573,-40.811971],[-63.016721,-40.811972],[-63.016787,-40.811976],[-63.016924,-40.812026],[-63.016994,-40.812059],[-63.017064,-40.812118],[-63.017123,-40.812184],[-63.017154,-40.812245],[-63.01717,-40.812304],[-63.017174,-40.81238],[-63.017167,-40.812445],[-63.017319,-40.812677],[-63.017382,-40.812762],[-63.017747,-40.813161],[-63.018,-40.81343],[-63.018052,-40.813469],[-63.018366,-40.813704],[-63.01907,-40.81423],[-63.019336,-40.814418],[-63.019531,-40.814555],[-63.020012,-40.814888],[-63.020248,-40.815021],[-63.020302,-40.815055],[-63.020539,-40.8152],[-63.0212,-40.815549],[-63.021949,-40.815913],[-63.022072,-40.815962],[-63.022648,-40.816191],[-63.023478,-40.816517],[-63.024599,-40.816847],[-63.024808,-40.816891],[-63.025606,-40.81706],[-63.027126,-40.817274],[-63.027292,-40.817293],[-63.027815,-40.817345],[-63.028754,-40.817385],[-63.029092,-40.81738],[-63.036819,-40.817272],[-63.037501,-40.817259],[-63.038089,-40.817251],[-63.039545,-40.817232],[-63.040263,-40.817217],[-63.04241,-40.817187],[-63.044161,-40.817163],[-63.044497,-40.817159],[-63.044583,-40.817157],[-63.047395,-40.817116],[-63.047623,-40.817112],[-63.048002,-40.817107],[-63.052375,-40.817059],[-63.062014,-40.816923],[-63.064877,-40.816858],[-63.066353,-40.816775],[-63.067679,-40.81666],[-63.068967,-40.816531],[-63.070155,-40.816404],[-63.072491,-40.816086],[-63.073948,-40.815786],[-63.075121,-40.815541],[-63.082908,-40.813691],[-63.084718,-40.813246],[-63.086389,-40.812836],[-63.093219,-40.811158],[-63.094841,-40.810759],[-63.097272,-40.810162],[-63.101499,-40.809123],[-63.102137,-40.808967],[-63.106887,-40.807831],[-63.107187,-40.807758],[-63.10776,-40.807619],[-63.109124,-40.807287],[-63.115444,-40.805752],[-63.121782,-40.804189],[-63.122166,-40.804091],[-63.124642,-40.803494],[-63.124963,-40.803417],[-63.125375,-40.803309],[-63.125504,-40.803277],[-63.126371,-40.803066],[-63.130105,-40.802158],[-63.131368,-40.801851],[-63.133495,-40.801333],[-63.143191,-40.798974],[-63.14336,-40.798933],[-63.156508,-40.795724],[-63.15888,-40.795145],[-63.167753,-40.79298],[-63.167843,-40.792958],[-63.169789,-40.792483],[-63.170603,-40.792284],[-63.177169,-40.79068],[-63.186969,-40.788286],[-63.188424,-40.78793],[-63.193358,-40.786725],[-63.197252,-40.785772],[-63.197479,-40.785717],[-63.206881,-40.783416],[-63.208053,-40.783129],[-63.210503,-40.782529],[-63.21821,-40.780643],[-63.218908,-40.780472],[-63.21998,-40.780209],[-63.229163,-40.777956],[-63.233361,-40.776926],[-63.242392,-40.774711],[-63.242712,-40.774653],[-63.250013,-40.772841],[-63.250347,-40.772759],[-63.255121,-40.771588],[-63.256121,-40.771342],[-63.261841,-40.769936],[-63.26499,-40.769162],[-63.2699,-40.767955],[-63.273134,-40.76716],[-63.276524,-40.766327],[-63.279595,-40.765572],[-63.282074,-40.764963],[-63.282228,-40.764925],[-63.288372,-40.763415],[-63.288748,-40.763322],[-63.29308,-40.762257],[-63.297541,-40.76116],[-63.29781,-40.761094],[-63.298063,-40.761032],[-63.29818,-40.761003],[-63.301808,-40.760111],[-63.310592,-40.757952],[-63.314722,-40.756936],[-63.315945,-40.756636],[-63.319807,-40.755686],[-63.327482,-40.753799],[-63.328816,-40.753472],[-63.333676,-40.752282],[-63.335695,-40.751788],[-63.336402,-40.751606],[-63.33763,-40.751304],[-63.338998,-40.750967],[-63.349503,-40.748382],[-63.353859,-40.747305],[-63.359673,-40.745868],[-63.362652,-40.745132],[-63.365569,-40.744419],[-63.366054,-40.7443],[-63.368229,-40.743768],[-63.369932,-40.743322],[-63.371311,-40.742936],[-63.372733,-40.742474],[-63.373715,-40.742114],[-63.374749,-40.74171],[-63.376016,-40.74116],[-63.377012,-40.740699],[-63.377215,-40.740605],[-63.377775,-40.740318],[-63.378595,-40.739898],[-63.379622,-40.739314],[-63.380499,-40.738788],[-63.381394,-40.73822],[-63.383036,-40.737068],[-63.384647,-40.735937],[-63.396004,-40.727968],[-63.39643,-40.72767],[-63.406795,-40.720396],[-63.40746,-40.719929],[-63.412774,-40.716199],[-63.414532,-40.715217],[-63.41524,-40.714812],[-63.41674,-40.714089],[-63.418368,-40.71339],[-63.42031,-40.712702],[-63.422202,-40.712145],[-63.426838,-40.710897],[-63.429152,-40.710275],[-63.43479,-40.708757],[-63.460602,-40.701779],[-63.462255,-40.701279],[-63.464126,-40.700613],[-63.466531,-40.699584],[-63.468114,-40.698805],[-63.469617,-40.697987],[-63.475839,-40.69406],[-63.476605,-40.693577],[-63.476865,-40.693431],[-63.477288,-40.693195],[-63.477385,-40.693142],[-63.478492,-40.692543],[-63.479162,-40.692125],[-63.479443,-40.691881],[-63.47959,-40.69169],[-63.479786,-40.691363],[-63.47982,-40.691306],[-63.479861,-40.691251],[-63.47991,-40.691201],[-63.479965,-40.691155],[-63.480026,-40.691113],[-63.480092,-40.691077],[-63.480167,-40.691044],[-63.480246,-40.691018],[-63.480327,-40.690998],[-63.480407,-40.690985],[-63.480488,-40.690978],[-63.480569,-40.690977],[-63.480649,-40.690981],[-63.480728,-40.690991],[-63.480805,-40.691006],[-63.48088,-40.691026],[-63.480952,-40.691052],[-63.481021,-40.691084],[-63.481085,-40.691119],[-63.481145,-40.69116],[-63.481199,-40.691204],[-63.481247,-40.691253],[-63.481289,-40.691304],[-63.481325,-40.691358],[-63.481353,-40.691415],[-63.481374,-40.691473],[-63.481388,-40.691533],[-63.481394,-40.69164],[-63.48148,-40.691884],[-63.481666,-40.692146],[-63.481897,-40.692406],[-63.482213,-40.692672],[-63.482706,-40.692982],[-63.482849,-40.693057],[-63.483281,-40.693283],[-63.483446,-40.693346],[-63.483611,-40.693409],[-63.484482,-40.693743],[-63.485651,-40.694191],[-63.486404,-40.694487],[-63.489225,-40.695592],[-63.491098,-40.696284],[-63.492867,-40.696896],[-63.495384,-40.697672],[-63.498118,-40.698392],[-63.521411,-40.703709],[-63.54916,-40.709927],[-63.550885,-40.710307],[-63.552644,-40.710644],[-63.553938,-40.710805],[-63.555256,-40.710882],[-63.560124,-40.710945],[-63.610834,-40.711312],[-63.651249,-40.711586],[-63.73924,-40.712184],[-63.825734,-40.712701],[-63.867533,-40.712951],[-64.058078,-40.713752],[-64.123998,-40.714038],[-64.127844,-40.714031],[-64.128731,-40.713969],[-64.129594,-40.713852],[-64.131259,-40.713499],[-64.132735,-40.712996],[-64.133463,-40.712687],[-64.13412,-40.712341],[-64.134699,-40.711984],[-64.135298,-40.711587],[-64.139556,-40.708247],[-64.139997,-40.707904],[-64.140765,-40.707387],[-64.141254,-40.707114],[-64.141883,-40.706786],[-64.142494,-40.706517],[-64.143196,-40.706252],[-64.143932,-40.706016],[-64.14472,-40.70581],[-64.145476,-40.705644],[-64.146265,-40.705535],[-64.146875,-40.705476],[-64.147679,-40.705419],[-64.148609,-40.705418],[-64.244186,-40.706518],[-64.274387,-40.706786],[-64.304305,-40.707154],[-64.396625,-40.70808],[-64.397553,-40.708089],[-64.408806,-40.70817],[-64.482065,-40.70897],[-64.4829,-40.70898],[-64.55243,-40.709573],[-64.600496,-40.709892],[-64.617071,-40.710017],[-64.715465,-40.710716],[-64.71559,-40.710717],[-64.718478,-40.710754],[-64.719333,-40.710653],[-64.72005,-40.710541],[-64.720226,-40.710527],[-64.72162,-40.710537],[-64.721834,-40.710551],[-64.722365,-40.710653],[-64.722778,-40.710726],[-64.723534,-40.710784],[-64.725971,-40.7108],[-64.726129,-40.710801],[-64.781266,-40.711172],[-64.783952,-40.71119],[-64.81417,-40.711372],[-64.829254,-40.711457],[-64.836799,-40.711524],[-64.844324,-40.711573],[-64.854973,-40.711627],[-64.856956,-40.711628],[-64.858018,-40.711579],[-64.858966,-40.71149],[-64.860016,-40.711342],[-64.861274,-40.711114],[-64.862454,-40.71087],[-64.874552,-40.708363],[-64.885761,-40.70603],[-64.886992,-40.705823],[-64.887656,-40.705728],[-64.888557,-40.705628],[-64.889689,-40.70554],[-64.890484,-40.705514],[-64.917339,-40.704862],[-64.918672,-40.704829],[-64.919765,-40.704841],[-64.920438,-40.704857],[-64.921144,-40.704896],[-64.922497,-40.704988],[-64.925512,-40.705222],[-64.955579,-40.707613],[-64.971328,-40.708838],[-64.98075,-40.709589],[-64.985587,-40.709974],[-64.986668,-40.710059],[-64.987894,-40.710147],[-64.989063,-40.710254],[-64.990146,-40.710382],[-64.990366,-40.710411],[-64.991359,-40.710541],[-64.993398,-40.710832],[-64.993877,-40.7109],[-64.994547,-40.710996],[-64.994707,-40.711019],[-64.995912,-40.711188],[-64.996841,-40.711319],[-64.996999,-40.711341],[-64.997278,-40.71138],[-64.997547,-40.711417],[-64.997976,-40.711476],[-64.998572,-40.711569],[-64.998867,-40.711642],[-64.999058,-40.711708],[-64.999124,-40.711737],[-64.999394,-40.711855],[-64.999498,-40.711909],[-64.999915,-40.71213],[-65.000069,-40.712229],[-65.000521,-40.712568],[-65.000591,-40.712598],[-65.000683,-40.71263],[-65.000773,-40.712657],[-65.000878,-40.712669],[-65.001028,-40.712676],[-65.001183,-40.712663],[-65.001321,-40.712633],[-65.001463,-40.712584],[-65.001593,-40.712518],[-65.00183,-40.712344],[-65.002012,-40.712176],[-65.002176,-40.712086],[-65.002362,-40.712025],[-65.00256,-40.711995],[-65.002763,-40.711998],[-65.00296,-40.712033],[-65.003142,-40.712099],[-65.003305,-40.712196],[-65.003437,-40.712317],[-65.003842,-40.712578],[-65.004142,-40.712758],[-65.004312,-40.712817],[-65.004486,-40.712874],[-65.004725,-40.712923],[-65.004902,-40.71298],[-65.005547,-40.713296],[-65.005801,-40.71345],[-65.005977,-40.713526],[-65.006264,-40.713669],[-65.0071,-40.714087],[-65.007534,-40.714304],[-65.007682,-40.714378],[-65.012609,-40.716842],[-65.031691,-40.726598],[-65.032384,-40.727035],[-65.032915,-40.727421],[-65.033531,-40.727915],[-65.033986,-40.728351],[-65.034473,-40.728852],[-65.034893,-40.729379],[-65.035259,-40.72989],[-65.036561,-40.731913],[-65.036622,-40.732008],[-65.036903,-40.732444],[-65.036998,-40.732598],[-65.037712,-40.733752],[-65.037909,-40.734077],[-65.038069,-40.734304],[-65.038606,-40.735095],[-65.038882,-40.735526],[-65.039239,-40.736085],[-65.03933,-40.736227],[-65.04012,-40.737462],[-65.040748,-40.738354],[-65.041227,-40.738934],[-65.041782,-40.739474],[-65.042383,-40.73999],[-65.043169,-40.74059],[-65.044004,-40.741106],[-65.04471,-40.741497],[-65.045634,-40.741902],[-65.046546,-40.742251],[-65.047164,-40.742434],[-65.047718,-40.742594],[-65.04832,-40.742749],[-65.049285,-40.742899],[-65.050309,-40.743028],[-65.051632,-40.743144],[-65.053703,-40.743326],[-65.057284,-40.743628],[-65.058185,-40.743695],[-65.068307,-40.744579],[-65.071002,-40.744814],[-65.081104,-40.745703],[-65.085186,-40.746024],[-65.114054,-40.74848],[-65.115131,-40.748572],[-65.116142,-40.748601],[-65.117374,-40.748706],[-65.120159,-40.748942],[-65.120231,-40.748948],[-65.120372,-40.74896],[-65.121576,-40.749069],[-65.121723,-40.749083],[-65.122147,-40.749118],[-65.122764,-40.749171],[-65.123452,-40.749263],[-65.124053,-40.749313],[-65.13748,-40.750442],[-65.137815,-40.750422],[-65.138191,-40.750404],[-65.138334,-40.750408],[-65.138512,-40.750424],[-65.138731,-40.750463],[-65.138955,-40.750515],[-65.139194,-40.750589],[-65.175119,-40.753568],[-65.188569,-40.754739],[-65.193113,-40.755135],[-65.26265,-40.761189],[-65.269459,-40.761776],[-65.271652,-40.761941],[-65.272724,-40.761977],[-65.273764,-40.761938],[-65.278407,-40.761746],[-65.279638,-40.761725],[-65.280737,-40.761788],[-65.284944,-40.762136],[-65.290414,-40.762543],[-65.299953,-40.763326],[-65.300971,-40.763443],[-65.30192,-40.763601],[-65.303341,-40.763908],[-65.313838,-40.766678],[-65.314688,-40.766943],[-65.315431,-40.767257],[-65.316265,-40.76768],[-65.317095,-40.768145],[-65.318325,-40.769043],[-65.318853,-40.7695],[-65.319335,-40.770003],[-65.31979,-40.770536],[-65.32015,-40.771107],[-65.320743,-40.772206],[-65.340485,-40.815028],[-65.340845,-40.815808],[-65.341131,-40.816429],[-65.341316,-40.816806],[-65.341339,-40.816852],[-65.341723,-40.817691],[-65.341802,-40.817862],[-65.34207,-40.818479],[-65.342161,-40.818736],[-65.34554,-40.825961],[-65.346049,-40.827063],[-65.349538,-40.834605],[-65.36557,-40.869251],[-65.368428,-40.875426],[-65.397879,-40.93862],[-65.401254,-40.945858],[-65.401941,-40.947544],[-65.402235,-40.94864],[-65.402456,-40.949748],[-65.402571,-40.951039],[-65.402545,-40.951846],[-65.402534,-40.952196],[-65.401893,-40.959481],[-65.394216,-41.046737],[-65.391338,-41.079414],[-65.385364,-41.146087],[-65.384686,-41.153469],[-65.383758,-41.163588],[-65.380752,-41.196932],[-65.37162,-41.295799],[-65.370364,-41.309395],[-65.369493,-41.318816],[-65.368955,-41.324638],[-65.368504,-41.329517],[-65.364245,-41.375583],[-65.361806,-41.401987],[-65.360438,-41.416797],[-65.359979,-41.421474],[-65.359957,-41.421764],[-65.359853,-41.423143],[-65.359706,-41.425082],[-65.359637,-41.425884],[-65.359536,-41.427018],[-65.359435,-41.428151],[-65.359162,-41.431194],[-65.357783,-41.446288],[-65.357442,-41.450025],[-65.356238,-41.463131],[-65.35243,-41.504568],[-65.352273,-41.506277],[-65.35213,-41.507028],[-65.35199,-41.507447],[-65.351788,-41.507894],[-65.350358,-41.510494],[-65.34997,-41.51138],[-65.349893,-41.51177],[-65.349855,-41.512235],[-65.349844,-41.512622],[-65.349909,-41.513091],[-65.350143,-41.513955],[-65.351248,-41.517925],[-65.354355,-41.52876],[-65.354722,-41.529814],[-65.354976,-41.530474],[-65.355404,-41.531344],[-65.355635,-41.531743],[-65.355749,-41.531939],[-65.356055,-41.532496],[-65.35673,-41.533488],[-65.357516,-41.534493],[-65.360467,-41.537873],[-65.361073,-41.538623],[-65.361639,-41.539425],[-65.36238,-41.54067],[-65.362812,-41.541549],[-65.363244,-41.542529],[-65.368996,-41.559155],[-65.370318,-41.562977],[-65.370566,-41.563887],[-65.370604,-41.56477],[-65.370517,-41.565602],[-65.370338,-41.566134],[-65.370117,-41.566611],[-65.369834,-41.567085],[-65.369496,-41.567516],[-65.368839,-41.568179],[-65.367996,-41.5688],[-65.362404,-41.572818],[-65.357285,-41.576495],[-65.356638,-41.577099],[-65.356328,-41.577468],[-65.356039,-41.577943],[-65.355757,-41.578706],[-65.355658,-41.579255],[-65.355369,-41.58237],[-65.354852,-41.587943],[-65.354704,-41.589534],[-65.354626,-41.590978],[-65.354621,-41.591271],[-65.354591,-41.593143],[-65.35453,-41.596103],[-65.35446,-41.599504],[-65.354449,-41.60004],[-65.354445,-41.600221],[-65.354434,-41.600773],[-65.354427,-41.601148],[-65.354403,-41.602181],[-65.354387,-41.603268],[-65.354351,-41.604925],[-65.354312,-41.606319],[-65.354304,-41.606753],[-65.354286,-41.608264],[-65.354263,-41.609577],[-65.354259,-41.609715],[-65.354245,-41.610588],[-65.354231,-41.61158],[-65.354221,-41.612286],[-65.354218,-41.612447],[-65.354213,-41.612802],[-65.354203,-41.613189],[-65.354187,-41.613858],[-65.354175,-41.614566],[-65.354164,-41.615031],[-65.354161,-41.615192],[-65.35415,-41.615671],[-65.35411,-41.617503],[-65.354038,-41.620486],[-65.354001,-41.620965],[-65.353918,-41.621409],[-65.353817,-41.621865],[-65.353701,-41.622251],[-65.353506,-41.622807],[-65.353278,-41.623311],[-65.353071,-41.623687],[-65.352624,-41.624406],[-65.351134,-41.626728],[-65.348571,-41.630538],[-65.339697,-41.646324],[-65.339148,-41.64712],[-65.338676,-41.6478],[-65.338244,-41.648397],[-65.337652,-41.649113],[-65.337136,-41.6497],[-65.327586,-41.658614],[-65.326935,-41.659307],[-65.326301,-41.66006],[-65.325748,-41.660753],[-65.325179,-41.661591],[-65.324767,-41.662326],[-65.324463,-41.662879],[-65.324181,-41.663457],[-65.323911,-41.664142],[-65.323661,-41.664765],[-65.323149,-41.666287],[-65.320588,-41.67395],[-65.31945,-41.677356],[-65.317113,-41.68435],[-65.308027,-41.711527],[-65.303121,-41.726189],[-65.303095,-41.726268],[-65.292887,-41.756777],[-65.29051,-41.763868],[-65.289972,-41.765495],[-65.289447,-41.767192],[-65.289256,-41.767867],[-65.289106,-41.768563],[-65.288878,-41.769965],[-65.286314,-41.793007],[-65.28551,-41.799291],[-65.285312,-41.80123],[-65.285296,-41.801893],[-65.285262,-41.802543],[-65.285333,-41.803873],[-65.289542,-41.855665],[-65.289603,-41.856416],[-65.289676,-41.857191],[-65.289756,-41.857919],[-65.289883,-41.858643],[-65.290049,-41.859358],[-65.290262,-41.860083],[-65.290492,-41.860731],[-65.290754,-41.861372],[-65.291044,-41.861999],[-65.291355,-41.862624],[-65.291646,-41.863151],[-65.291961,-41.863665],[-65.294357,-41.866996],[-65.296778,-41.870351],[-65.297301,-41.871134],[-65.297542,-41.871524],[-65.297776,-41.871925],[-65.298073,-41.872468],[-65.298345,-41.873029],[-65.304914,-41.888549],[-65.305788,-41.890639],[-65.305965,-41.891071],[-65.306135,-41.891498],[-65.306291,-41.891932],[-65.306432,-41.892378],[-65.306528,-41.89272],[-65.306617,-41.893063],[-65.306762,-41.893758],[-65.306882,-41.894519],[-65.306956,-41.895297],[-65.306985,-41.89591],[-65.306988,-41.896527],[-65.306319,-41.914728],[-65.30611,-41.920482],[-65.306033,-41.922692],[-65.306001,-41.923758],[-65.306001,-41.924295],[-65.306018,-41.924838],[-65.306047,-41.925212],[-65.306086,-41.925607],[-65.306192,-41.926323],[-65.306263,-41.926694],[-65.306355,-41.927076],[-65.306454,-41.927479],[-65.306563,-41.927884],[-65.306712,-41.928356],[-65.306882,-41.928843],[-65.307179,-41.929556],[-65.307501,-41.930257],[-65.30822,-41.931742],[-65.309306,-41.933964],[-65.310365,-41.936147],[-65.310672,-41.936847],[-65.310966,-41.937618],[-65.311186,-41.938269],[-65.311363,-41.9389],[-65.311926,-41.941429],[-65.312963,-41.946618],[-65.313142,-41.947924],[-65.313202,-41.948997],[-65.313191,-41.950099],[-65.313039,-41.951385],[-65.310001,-41.96981],[-65.309869,-41.971095],[-65.309862,-41.971774],[-65.309914,-41.972589],[-65.310096,-41.973888],[-65.310763,-41.976513],[-65.310942,-41.977369],[-65.311013,-41.978264],[-65.310976,-41.979072],[-65.310812,-41.979988],[-65.310469,-41.981029],[-65.310236,-41.981522],[-65.309983,-41.981987],[-65.309313,-41.982963],[-65.308588,-41.983765],[-65.307729,-41.98452],[-65.306714,-41.985223],[-65.305646,-41.985836],[-65.301928,-41.987761],[-65.301123,-41.988179],[-65.300338,-41.988752],[-65.29967,-41.989374],[-65.299155,-41.99007],[-65.29865,-41.990712],[-65.2981,-41.991291],[-65.297405,-41.991919],[-65.297257,-41.992049],[-65.296573,-41.992648],[-65.295691,-41.993472],[-65.29537,-41.993794],[-65.295046,-41.994147],[-65.294496,-41.994709],[-65.293974,-41.995261],[-65.293648,-41.99563],[-65.293524,-41.995773],[-65.293362,-41.99599],[-65.293188,-41.996235],[-65.293088,-41.996405],[-65.292961,-41.996636],[-65.292462,-41.997676],[-65.292205,-41.998175],[-65.291777,-41.99897],[-65.291458,-41.999711],[-65.291359,-42.000293],[-65.291342,-42.000458],[-65.291354,-42.001178],[-65.291485,-42.001714],[-65.29181,-42.002457],[-65.292097,-42.002889],[-65.2924,-42.003278],[-65.29518,-42.005914],[-65.297741,-42.008284],[-65.298873,-42.009418],[-65.299177,-42.009816],[-65.299481,-42.010353],[-65.299676,-42.010887],[-65.299833,-42.011411],[-65.299911,-42.012008],[-65.299891,-42.01269],[-65.299774,-42.01328],[-65.29943,-42.014359],[-65.296361,-42.024019],[-65.295658,-42.026204],[-65.295256,-42.027528],[-65.295165,-42.027974],[-65.295101,-42.028437],[-65.293657,-42.071011],[-65.293654,-42.071067],[-65.293605,-42.07224],[-65.293538,-42.073808],[-65.292092,-42.105079],[-65.291844,-42.111142],[-65.291744,-42.112922],[-65.291482,-42.114458],[-65.29129,-42.115132],[-65.291057,-42.115766],[-65.290587,-42.116635],[-65.289814,-42.117621],[-65.288523,-42.118853],[-65.287066,-42.120174],[-65.260139,-42.144847],[-65.246734,-42.157127],[-65.245708,-42.157935],[-65.237512,-42.164038],[-65.23436,-42.166356],[-65.233836,-42.166766],[-65.233555,-42.167036],[-65.233214,-42.167419],[-65.232941,-42.16779],[-65.23263,-42.168268],[-65.223318,-42.183039],[-65.204807,-42.212392],[-65.204427,-42.213014],[-65.204196,-42.2136],[-65.204066,-42.214067],[-65.203956,-42.21466],[-65.19841,-42.249203],[-65.198064,-42.251392],[-65.197747,-42.253554],[-65.197594,-42.255196],[-65.197481,-42.258001],[-65.196967,-42.270829],[-65.196748,-42.27649],[-65.195148,-42.317936],[-65.194992,-42.321825],[-65.194929,-42.322714],[-65.194808,-42.323625],[-65.194638,-42.324638],[-65.194412,-42.325654],[-65.194044,-42.326889],[-65.193548,-42.328197],[-65.191652,-42.333066],[-65.182412,-42.356244],[-65.1819,-42.357529],[-65.162817,-42.405395],[-65.145973,-42.447498],[-65.135595,-42.473425],[-65.109223,-42.539252],[-65.105885,-42.547577],[-65.093819,-42.577447],[-65.093802,-42.577488],[-65.091702,-42.582761],[-65.091371,-42.583591],[-65.090431,-42.585952],[-65.082177,-42.606668],[-65.081988,-42.607189],[-65.081861,-42.607683],[-65.081659,-42.608504],[-65.081622,-42.609085],[-65.081584,-42.609319],[-65.081548,-42.609577],[-65.081498,-42.61015],[-65.081469,-42.611008],[-65.081467,-42.61136],[-65.081503,-42.61235],[-65.081578,-42.613186],[-65.08165,-42.613888],[-65.081827,-42.614803],[-65.084773,-42.626861],[-65.090598,-42.650699],[-65.096051,-42.673006],[-65.096095,-42.673185],[-65.096808,-42.676102],[-65.102391,-42.698931],[-65.105137,-42.710303],[-65.106831,-42.717024],[-65.106909,-42.717339],[-65.108837,-42.725213],[-65.111309,-42.735653],[-65.112868,-42.741665],[-65.112912,-42.741845],[-65.113092,-42.742651],[-65.113113,-42.742748],[-65.113145,-42.742893],[-65.113219,-42.743276],[-65.113497,-42.743885],[-65.113664,-42.744166],[-65.113894,-42.744434],[-65.114149,-42.744683],[-65.114267,-42.744747],[-65.114314,-42.744799],[-65.114412,-42.744903],[-65.114449,-42.745005],[-65.114479,-42.745086],[-65.114462,-42.745274],[-65.114428,-42.745332],[-65.114361,-42.745448],[-65.11432,-42.745481],[-65.114188,-42.745589],[-65.114136,-42.74561],[-65.113966,-42.745678],[-65.113717,-42.745711],[-65.113466,-42.745683],[-65.113242,-42.745597],[-65.11313,-42.745511],[-65.112876,-42.745374],[-65.112557,-42.745304],[-65.112207,-42.74527],[-65.111695,-42.745246],[-65.111609,-42.745252],[-65.111445,-42.745265],[-65.110049,-42.745368],[-65.108051,-42.745506],[-65.103319,-42.745833],[-65.10112,-42.745974],[-65.096431,-42.746277],[-65.095865,-42.746322],[-65.095395,-42.746376],[-65.094906,-42.746465],[-65.094378,-42.746589],[-65.090996,-42.747495],[-65.090284,-42.747677],[-65.089087,-42.748006],[-65.08787,-42.748323],[-65.087485,-42.748423],[-65.087023,-42.748544],[-65.086888,-42.748579],[-65.085908,-42.748868],[-65.084726,-42.749189],[-65.084482,-42.749255],[-65.08418,-42.749312],[-65.0839,-42.749343],[-65.083534,-42.749355],[-65.083192,-42.749347],[-65.08285,-42.749302],[-65.082453,-42.74922],[-65.082072,-42.74911],[-65.0803,-42.748526],[-65.080056,-42.748456],[-65.079796,-42.748396],[-65.079526,-42.748351],[-65.07929,-42.748329],[-65.07902,-42.748327],[-65.078718,-42.748339],[-65.078381,-42.748386],[-65.077997,-42.748454],[-65.072054,-42.749774],[-65.070336,-42.750156],[-65.069933,-42.750238],[-65.069573,-42.750296],[-65.069117,-42.750362],[-65.066447,-42.7507],[-65.063821,-42.751032],[-65.06348,-42.751074],[-65.063418,-42.751082],[-65.06308,-42.751137],[-65.062448,-42.75123],[-65.061764,-42.75131],[-65.061594,-42.751329],[-65.061318,-42.751349],[-65.060956,-42.751353],[-65.060773,-42.751345],[-65.060702,-42.751332],[-65.060726,-42.751382],[-65.060738,-42.751486],[-65.060678,-42.751894],[-65.060575,-42.752298],[-65.060514,-42.752658],[-65.060418,-42.75294],[-65.060376,-42.753104],[-65.06038,-42.753372],[-65.060394,-42.753815],[-65.0604,-42.753974],[-65.060408,-42.754531],[-65.060397,-42.754899],[-65.060388,-42.755034],[-65.060366,-42.755144],[-65.060329,-42.75529],[-65.060273,-42.755443],[-65.060161,-42.755674],[-65.060047,-42.755858],[-65.059812,-42.756214],[-65.059253,-42.756994],[-65.056862,-42.760338],[-65.056792,-42.760438],[-65.056646,-42.760646],[-65.054958,-42.763068],[-65.053802,-42.764649],[-65.053684,-42.764934],[-65.053634,-42.765075],[-65.053594,-42.765254],[-65.053558,-42.765405],[-65.05357,-42.765492],[-65.05356,-42.765602],[-65.05353,-42.7657],[-65.0535,-42.765755],[-65.05345,-42.765803],[-65.053269,-42.765893],[-65.053135,-42.765918],[-65.052947,-42.766003],[-65.052829,-42.766087],[-65.05246,-42.76662],[-65.052382,-42.766683],[-65.051891,-42.767472],[-65.051817,-42.767591],[-65.051386,-42.768258],[-65.051074,-42.768751],[-65.050672,-42.769404],[-65.050383,-42.769856],[-65.050183,-42.770171],[-65.049946,-42.770519],[-65.049736,-42.770839],[-65.049682,-42.770939],[-65.049557,-42.771171],[-65.049453,-42.771354],[-65.048963,-42.772136],[-65.048655,-42.772611],[-65.048366,-42.773087],[-65.047046,-42.772638],[-65.046355,-42.772402],[-65.045673,-42.772214],[-65.044706,-42.771897],[-65.04464,-42.771886],[-65.044418,-42.771823],[-65.044379,-42.771818],[-65.044344,-42.771804],[-65.044317,-42.771782],[-65.044302,-42.771754],[-65.0443,-42.771725],[-65.044312,-42.771697],[-65.044336,-42.771673],[-65.044376,-42.771656],[-65.044281,-42.771547],[-65.04344,-42.770595],[-65.042938,-42.770021],[-65.042831,-42.770025],[-65.042791,-42.770027],[-65.042301,-42.769868],[-65.040964,-42.769405],[-65.039665,-42.768939],[-65.038292,-42.768471],[-65.036951,-42.768054],[-65.036345,-42.768988],[-65.037695,-42.769443],[-65.037955,-42.76902]],"type":"LineString"}},{"type":"Feature","properties":{"name":"Ruta 3 — атлантическое побережье","nameEs":"Ruta Nacional 3","description":"Главная дорога вдоль Атлантики: от Буэнос-Айреса до Уshuaia","routeKey":"ruta_3","ref":"RN 3","route":"ruta_3","segmentIndex":6,"source":"OSRM / OpenStreetMap road graph"},"geometry":{"coordinates":[[-65.037955,-42.76902],[-65.038292,-42.768471],[-65.038889,-42.767509],[-65.04028,-42.767966],[-65.041197,-42.76831],[-65.041242,-42.768327],[-65.041559,-42.76845],[-65.041636,-42.768362],[-65.04194,-42.768718],[-65.0426,-42.76949],[-65.042731,-42.769633],[-65.043032,-42.769976],[-65.043532,-42.770546],[-65.044326,-42.771458],[-65.044437,-42.771583],[-65.044508,-42.771681],[-65.044527,-42.771705],[-65.044706,-42.771897],[-65.045673,-42.772214],[-65.046355,-42.772402],[-65.047046,-42.772638],[-65.048366,-42.773087],[-65.049704,-42.773542],[-65.051002,-42.773995],[-65.051855,-42.774317],[-65.052352,-42.774493],[-65.053602,-42.773853],[-65.056232,-42.772494],[-65.056453,-42.772395],[-65.056717,-42.772283],[-65.057006,-42.772161],[-65.057338,-42.772038],[-65.05743,-42.771988],[-65.057495,-42.77194],[-65.05753,-42.771882],[-65.057563,-42.771804],[-65.05758,-42.77174],[-65.057636,-42.771655],[-65.057722,-42.771586],[-65.057832,-42.771538],[-65.057957,-42.771516],[-65.058053,-42.771518],[-65.058296,-42.771505],[-65.058421,-42.771488],[-65.058537,-42.771463],[-65.058768,-42.77139],[-65.058966,-42.771328],[-65.060639,-42.770806],[-65.061448,-42.770546],[-65.064066,-42.769725],[-65.069218,-42.768123],[-65.078154,-42.765342],[-65.078733,-42.765172],[-65.082216,-42.764056],[-65.082456,-42.763969],[-65.082729,-42.763855],[-65.082969,-42.763745],[-65.08323,-42.763611],[-65.085953,-42.762134],[-65.086249,-42.762003],[-65.08653,-42.761908],[-65.086854,-42.761829],[-65.087193,-42.761747],[-65.087643,-42.761672],[-65.088758,-42.761525],[-65.089068,-42.761503],[-65.089333,-42.761491],[-65.089625,-42.761495],[-65.089946,-42.761518],[-65.090282,-42.761573],[-65.090641,-42.761656],[-65.090999,-42.76176],[-65.091319,-42.761887],[-65.091639,-42.762047],[-65.092,-42.762268],[-65.0946,-42.76399],[-65.098032,-42.766281],[-65.099644,-42.767322],[-65.099895,-42.767469],[-65.100247,-42.767647],[-65.100512,-42.767755],[-65.100808,-42.767862],[-65.101241,-42.767982],[-65.101663,-42.768071],[-65.102249,-42.768152],[-65.102969,-42.768194],[-65.103819,-42.768205],[-65.104716,-42.768198],[-65.105796,-42.768192],[-65.106526,-42.768232],[-65.107015,-42.768278],[-65.107595,-42.768341],[-65.108315,-42.768445],[-65.109018,-42.768578],[-65.109685,-42.76872],[-65.110595,-42.768962],[-65.111275,-42.769179],[-65.111822,-42.769374],[-65.112751,-42.769752],[-65.115966,-42.77119],[-65.116513,-42.771424],[-65.116731,-42.771515],[-65.116859,-42.771557],[-65.116983,-42.771593],[-65.117154,-42.771631],[-65.117331,-42.771657],[-65.117529,-42.771669],[-65.117704,-42.771663],[-65.11792,-42.77165],[-65.118084,-42.771626],[-65.118262,-42.771585],[-65.118361,-42.771554],[-65.118477,-42.771514],[-65.118546,-42.771488],[-65.118573,-42.771438],[-65.118605,-42.771391],[-65.118644,-42.771346],[-65.118687,-42.771303],[-65.118736,-42.771264],[-65.118802,-42.771221],[-65.118874,-42.771184],[-65.118951,-42.771152],[-65.119033,-42.771127],[-65.119118,-42.771109],[-65.119205,-42.771098],[-65.119293,-42.771094],[-65.119381,-42.771097],[-65.119469,-42.771108],[-65.119581,-42.771133],[-65.119687,-42.771169],[-65.119785,-42.771217],[-65.119872,-42.771275],[-65.119947,-42.771342],[-65.120007,-42.771416],[-65.120051,-42.771496],[-65.120079,-42.771579],[-65.12009,-42.771665],[-65.120084,-42.771751],[-65.12006,-42.771836],[-65.12002,-42.771917],[-65.119964,-42.771993],[-65.119893,-42.772061],[-65.119828,-42.772142],[-65.119782,-42.772234],[-65.119758,-42.772318],[-65.119734,-42.772474],[-65.119737,-42.772601],[-65.119745,-42.772709],[-65.119767,-42.772875],[-65.119793,-42.772983],[-65.119827,-42.773115],[-65.119865,-42.773236],[-65.119922,-42.773378],[-65.120028,-42.773611],[-65.120153,-42.773853],[-65.120281,-42.774078],[-65.120386,-42.774228],[-65.120506,-42.774392],[-65.120627,-42.774533],[-65.120866,-42.774805],[-65.120988,-42.774945],[-65.121073,-42.775065],[-65.121105,-42.775111],[-65.121169,-42.775209],[-65.121249,-42.775324],[-65.121365,-42.775523],[-65.121455,-42.775688],[-65.121543,-42.775895],[-65.121607,-42.776084],[-65.121665,-42.776287],[-65.122058,-42.777827],[-65.122363,-42.779129],[-65.122682,-42.780395],[-65.122971,-42.781594],[-65.123772,-42.784811],[-65.124063,-42.786085],[-65.124472,-42.787721],[-65.125965,-42.793772],[-65.126854,-42.797381],[-65.127306,-42.799213],[-65.127745,-42.801037],[-65.128375,-42.803586],[-65.12948,-42.808128],[-65.130334,-42.811602],[-65.130511,-42.812303],[-65.130594,-42.812621],[-65.130667,-42.812861],[-65.130808,-42.813238],[-65.131012,-42.813699],[-65.131199,-42.814098],[-65.131382,-42.814506],[-65.131486,-42.814743],[-65.131615,-42.815082],[-65.131643,-42.815174],[-65.131768,-42.81558],[-65.131827,-42.815793],[-65.131881,-42.816054],[-65.131945,-42.816356],[-65.131991,-42.81666],[-65.132006,-42.81677],[-65.132036,-42.816992],[-65.132058,-42.8174],[-65.132063,-42.81799],[-65.132084,-42.81832],[-65.132111,-42.81862],[-65.132219,-42.819251],[-65.132685,-42.821133],[-65.133152,-42.823066],[-65.133774,-42.825597],[-65.134531,-42.828552],[-65.135563,-42.832705],[-65.137041,-42.838735],[-65.138093,-42.843023],[-65.138747,-42.845713],[-65.139074,-42.847077],[-65.139144,-42.847443],[-65.139203,-42.84788],[-65.139243,-42.848328],[-65.139262,-42.848824],[-65.139262,-42.849248],[-65.139238,-42.849607],[-65.139072,-42.851276],[-65.1389,-42.852726],[-65.138817,-42.853498],[-65.138784,-42.853932],[-65.138766,-42.854411],[-65.138787,-42.855162],[-65.138846,-42.855709],[-65.138894,-42.856045],[-65.138948,-42.856359],[-65.139174,-42.857318],[-65.13989,-42.86025],[-65.141455,-42.866584],[-65.142344,-42.870163],[-65.142918,-42.872523],[-65.143725,-42.875806],[-65.144352,-42.878349],[-65.1444,-42.878549],[-65.145127,-42.88148],[-65.147247,-42.890108],[-65.148349,-42.894537],[-65.148481,-42.894929],[-65.14861,-42.895288],[-65.148749,-42.895607],[-65.148913,-42.895956],[-65.149049,-42.896242],[-65.149158,-42.896497],[-65.149197,-42.896589],[-65.149266,-42.896776],[-65.149382,-42.897088],[-65.149489,-42.897465],[-65.149607,-42.897926],[-65.149688,-42.898375],[-65.149733,-42.898684],[-65.149771,-42.899068],[-65.149784,-42.899476],[-65.149806,-42.90001],[-65.149865,-42.900587],[-65.149945,-42.901017],[-65.150047,-42.901446],[-65.150838,-42.904655],[-65.151334,-42.906669],[-65.151788,-42.908513],[-65.152407,-42.911036],[-65.153415,-42.915118],[-65.154022,-42.91759],[-65.154946,-42.921338],[-65.156603,-42.928058],[-65.158673,-42.936456],[-65.160998,-42.94586],[-65.16308,-42.95428],[-65.165118,-42.962536],[-65.16727,-42.971209],[-65.167353,-42.97152],[-65.167425,-42.971741],[-65.167583,-42.972182],[-65.167661,-42.972388],[-65.167728,-42.972563],[-65.167911,-42.972949],[-65.168053,-42.973247],[-65.168163,-42.973505],[-65.168289,-42.973826],[-65.168316,-42.973904],[-65.168426,-42.97421],[-65.168613,-42.974916],[-65.168725,-42.975555],[-65.168748,-42.975686],[-65.168772,-42.976369],[-65.168807,-42.977163],[-65.168873,-42.97762],[-65.168959,-42.978109],[-65.169102,-42.978708],[-65.169469,-42.98016],[-65.170053,-42.982572],[-65.170944,-42.986182],[-65.173379,-42.996016],[-65.173655,-42.997189],[-65.174517,-43.000625],[-65.175328,-43.003937],[-65.175781,-43.005754],[-65.176569,-43.008942],[-65.177158,-43.011294],[-65.177702,-43.01346],[-65.178575,-43.017045],[-65.179095,-43.019119],[-65.179294,-43.019927],[-65.179865,-43.022284],[-65.179964,-43.022626],[-65.180091,-43.023005],[-65.180254,-43.023447],[-65.180418,-43.023872],[-65.180605,-43.024322],[-65.180818,-43.024755],[-65.181048,-43.025214],[-65.181252,-43.025577],[-65.181472,-43.025953],[-65.181697,-43.02632],[-65.181949,-43.026723],[-65.182311,-43.027234],[-65.183526,-43.028757],[-65.184839,-43.030409],[-65.188275,-43.034693],[-65.191306,-43.038487],[-65.19481,-43.042864],[-65.196946,-43.04554],[-65.197326,-43.046025],[-65.197705,-43.04648],[-65.197914,-43.046719],[-65.198126,-43.046935],[-65.198356,-43.047167],[-65.198627,-43.047419],[-65.198938,-43.047703],[-65.19929,-43.048019],[-65.199482,-43.048201],[-65.199883,-43.048611],[-65.200239,-43.049035],[-65.200583,-43.049487],[-65.200783,-43.049766],[-65.200993,-43.050079],[-65.201226,-43.050482],[-65.201438,-43.050864],[-65.201696,-43.05133],[-65.20212,-43.051986],[-65.202436,-43.052397],[-65.203565,-43.053831],[-65.204933,-43.055521],[-65.205912,-43.056744],[-65.207699,-43.058982],[-65.20971,-43.061489],[-65.210622,-43.062631],[-65.21115,-43.063291],[-65.211462,-43.063672],[-65.211725,-43.064014],[-65.21302,-43.065637],[-65.213784,-43.066591],[-65.21581,-43.069121],[-65.217041,-43.070663],[-65.218773,-43.072811],[-65.219788,-43.074069],[-65.222039,-43.076891],[-65.224513,-43.079979],[-65.225768,-43.081537],[-65.227341,-43.083499],[-65.228712,-43.08519],[-65.231326,-43.088455],[-65.233568,-43.091229],[-65.23584,-43.094019],[-65.238159,-43.096923],[-65.239022,-43.098001],[-65.239864,-43.098931],[-65.240188,-43.099234],[-65.240623,-43.099635],[-65.240818,-43.099822],[-65.240936,-43.099939],[-65.241056,-43.100057],[-65.241275,-43.100282],[-65.241604,-43.100675],[-65.241942,-43.101124],[-65.242178,-43.101461],[-65.242234,-43.101546],[-65.242353,-43.101729],[-65.242597,-43.102134],[-65.242795,-43.102504],[-65.242935,-43.102775],[-65.243101,-43.103063],[-65.243436,-43.103556],[-65.243661,-43.103868],[-65.244182,-43.104496],[-65.244721,-43.105162],[-65.245408,-43.106041],[-65.245778,-43.106505],[-65.246132,-43.106938],[-65.24724,-43.108334],[-65.250522,-43.112432],[-65.252974,-43.115472],[-65.255372,-43.118462],[-65.258031,-43.121768],[-65.260674,-43.125067],[-65.261143,-43.12565],[-65.262145,-43.126893],[-65.26327,-43.1283],[-65.263976,-43.129177],[-65.264339,-43.129565],[-65.264634,-43.129859],[-65.264912,-43.130121],[-65.265622,-43.130761],[-65.265841,-43.130983],[-65.265967,-43.131112],[-65.266152,-43.131313],[-65.266326,-43.131509],[-65.266543,-43.131773],[-65.266731,-43.131999],[-65.266911,-43.132241],[-65.267128,-43.132556],[-65.26731,-43.132838],[-65.267592,-43.133314],[-65.267775,-43.133684],[-65.267989,-43.134063],[-65.268257,-43.134459],[-65.268719,-43.135077],[-65.269722,-43.136334],[-65.270452,-43.13725],[-65.271634,-43.138712],[-65.272377,-43.139642],[-65.273107,-43.140563],[-65.273268,-43.140769],[-65.273458,-43.141035],[-65.273624,-43.141262],[-65.27381,-43.141532],[-65.274083,-43.141953],[-65.27436,-43.142425],[-65.274631,-43.142934],[-65.274936,-43.143542],[-65.275338,-43.144417],[-65.275691,-43.145393],[-65.276084,-43.146746],[-65.276503,-43.14823],[-65.276993,-43.149959],[-65.278762,-43.156088],[-65.279258,-43.157833],[-65.279876,-43.159955],[-65.280705,-43.162871],[-65.281365,-43.165164],[-65.281529,-43.165713],[-65.281698,-43.166226],[-65.281773,-43.166428],[-65.281886,-43.166686],[-65.282127,-43.167189],[-65.282387,-43.167701],[-65.282505,-43.167932],[-65.282609,-43.168175],[-65.282682,-43.168349],[-65.282952,-43.169124],[-65.283066,-43.169554],[-65.283141,-43.169886],[-65.283185,-43.170113],[-65.283194,-43.170264],[-65.283294,-43.171258],[-65.283351,-43.17176],[-65.28339,-43.172009],[-65.283452,-43.17229],[-65.284539,-43.176175],[-65.285472,-43.179418],[-65.286054,-43.181417],[-65.286432,-43.182702],[-65.286633,-43.18341],[-65.286859,-43.184208],[-65.287307,-43.185765],[-65.287721,-43.187206],[-65.287961,-43.188033],[-65.288337,-43.189316],[-65.289264,-43.192539],[-65.289395,-43.192964],[-65.290179,-43.195746],[-65.290718,-43.197594],[-65.29099,-43.198539],[-65.291167,-43.199184],[-65.291312,-43.199821],[-65.291594,-43.201716],[-65.29204,-43.203247],[-65.292478,-43.204797],[-65.292767,-43.205783],[-65.293096,-43.206916],[-65.293855,-43.209527],[-65.29428,-43.211054],[-65.294378,-43.211402],[-65.294471,-43.211706],[-65.294637,-43.212338],[-65.295009,-43.213552],[-65.295172,-43.214103],[-65.29575,-43.216066],[-65.296077,-43.217228],[-65.296262,-43.217855],[-65.296517,-43.218784],[-65.296965,-43.22032],[-65.297775,-43.223133],[-65.298336,-43.225077],[-65.298719,-43.226402],[-65.299084,-43.227687],[-65.299168,-43.227957],[-65.299309,-43.228461],[-65.299375,-43.228699],[-65.299454,-43.228982],[-65.299601,-43.229441],[-65.299712,-43.229824],[-65.299768,-43.23003],[-65.299838,-43.23032],[-65.29991,-43.230422],[-65.300017,-43.230554],[-65.300106,-43.230635],[-65.300244,-43.23076],[-65.300395,-43.230853],[-65.300529,-43.230916],[-65.300846,-43.231032],[-65.301014,-43.231099],[-65.301163,-43.231174],[-65.301268,-43.231246],[-65.30138,-43.231339],[-65.30145,-43.23141],[-65.301525,-43.231487],[-65.301626,-43.23159],[-65.30176,-43.231743],[-65.301852,-43.231875],[-65.301906,-43.231991],[-65.30195,-43.232152],[-65.301955,-43.232271],[-65.301929,-43.23239],[-65.301885,-43.232513],[-65.301812,-43.232637],[-65.301733,-43.232734],[-65.301635,-43.232825],[-65.301524,-43.232907],[-65.30141,-43.232969],[-65.301267,-43.233031],[-65.301043,-43.233107],[-65.300636,-43.233196],[-65.300381,-43.233228],[-65.300195,-43.233238],[-65.300012,-43.233225],[-65.299837,-43.233189],[-65.299663,-43.23313],[-65.299525,-43.233062],[-65.299404,-43.232983],[-65.299297,-43.2329],[-65.299189,-43.232804],[-65.298969,-43.232504],[-65.298765,-43.23232],[-65.298625,-43.232208],[-65.298493,-43.232123],[-65.298344,-43.232053],[-65.298164,-43.231995],[-65.298026,-43.231959],[-65.297826,-43.231919],[-65.297487,-43.231893],[-65.297088,-43.231863],[-65.296597,-43.231875],[-65.296398,-43.231906],[-65.296213,-43.231958],[-65.296029,-43.232041],[-65.295869,-43.232143],[-65.295148,-43.232709],[-65.294529,-43.233271],[-65.293671,-43.23405],[-65.293498,-43.234207],[-65.292947,-43.234656],[-65.292361,-43.235105],[-65.29081,-43.236201],[-65.290687,-43.236289],[-65.28969,-43.237007],[-65.289382,-43.237226],[-65.286208,-43.239495],[-65.285682,-43.239855],[-65.284529,-43.240658],[-65.283302,-43.241511],[-65.282073,-43.242378],[-65.280745,-43.243314],[-65.279232,-43.24438],[-65.279107,-43.244468],[-65.278965,-43.244569],[-65.277622,-43.245515],[-65.277433,-43.245648],[-65.277205,-43.245811],[-65.275448,-43.24705],[-65.274082,-43.248004],[-65.269297,-43.251358],[-65.269056,-43.251526],[-65.267216,-43.252813],[-65.266229,-43.253502],[-65.265135,-43.254269],[-65.265005,-43.254377],[-65.264799,-43.254591],[-65.264638,-43.254801],[-65.264515,-43.255026],[-65.264455,-43.255187],[-65.264408,-43.255353],[-65.264333,-43.255787],[-65.264334,-43.255861],[-65.264309,-43.256058],[-65.264287,-43.256164],[-65.264219,-43.256312],[-65.264119,-43.256461],[-65.263981,-43.256582],[-65.263812,-43.256685],[-65.263632,-43.256755],[-65.263414,-43.256804],[-65.263223,-43.256828],[-65.262932,-43.256835],[-65.262827,-43.256834],[-65.262401,-43.256862],[-65.262196,-43.25688],[-65.261991,-43.256908],[-65.261614,-43.256994],[-65.261262,-43.257106],[-65.261016,-43.257201],[-65.260736,-43.257339],[-65.256655,-43.260174],[-65.256608,-43.260211],[-65.254941,-43.261373],[-65.2545,-43.261685],[-65.252399,-43.263173],[-65.251994,-43.263491],[-65.25165,-43.263809],[-65.251324,-43.264143],[-65.251047,-43.264477],[-65.250908,-43.264675],[-65.250784,-43.264878],[-65.25063,-43.265167],[-65.250478,-43.265517],[-65.250353,-43.265881],[-65.250263,-43.266279],[-65.250199,-43.266691],[-65.250195,-43.266805],[-65.250193,-43.266869],[-65.250193,-43.267135],[-65.250212,-43.267396],[-65.250246,-43.267684],[-65.250808,-43.271561],[-65.250972,-43.272707],[-65.251083,-43.273439],[-65.251246,-43.274512],[-65.251487,-43.275935],[-65.25155,-43.276221],[-65.251633,-43.276508],[-65.251766,-43.276865],[-65.25193,-43.277221],[-65.25212,-43.277566],[-65.252327,-43.27792],[-65.252637,-43.278347],[-65.25299,-43.278787],[-65.25352,-43.279285],[-65.253964,-43.279659],[-65.254229,-43.279862],[-65.254532,-43.280068],[-65.254865,-43.280278],[-65.255722,-43.280791],[-65.255881,-43.280883],[-65.258834,-43.282476],[-65.259334,-43.282765],[-65.259417,-43.282813],[-65.259635,-43.282926],[-65.260407,-43.283335],[-65.260772,-43.283541],[-65.260949,-43.283642],[-65.261113,-43.283745],[-65.26119,-43.283797],[-65.26126,-43.28385],[-65.26133,-43.283907],[-65.261394,-43.283965],[-65.261497,-43.284069],[-65.261563,-43.284136],[-65.261624,-43.284202],[-65.261681,-43.28427],[-65.261695,-43.284295],[-65.261729,-43.284342],[-65.261851,-43.284512],[-65.261998,-43.284734],[-65.262016,-43.284758],[-65.262117,-43.284879],[-65.262199,-43.284967],[-65.263666,-43.286517],[-65.26375,-43.286606],[-65.264068,-43.286954],[-65.264364,-43.287272],[-65.264812,-43.287753],[-65.265462,-43.288451],[-65.266135,-43.289174],[-65.266755,-43.289839],[-65.267208,-43.290326],[-65.267318,-43.290444],[-65.267774,-43.290933],[-65.268509,-43.291722],[-65.269138,-43.292397],[-65.271812,-43.295268],[-65.272108,-43.295586],[-65.275359,-43.299076],[-65.276229,-43.300011],[-65.277159,-43.301009],[-65.277239,-43.301096],[-65.280445,-43.304541],[-65.282394,-43.306644],[-65.285904,-43.310405],[-65.287067,-43.311645],[-65.295715,-43.320864],[-65.298348,-43.323671],[-65.298524,-43.323924],[-65.298756,-43.324247],[-65.298946,-43.324571],[-65.299098,-43.324913],[-65.299237,-43.325245],[-65.30066,-43.32999],[-65.30086,-43.330443],[-65.301009,-43.330732],[-65.301157,-43.330991],[-65.318676,-43.356254],[-65.318896,-43.356545],[-65.319137,-43.356835],[-65.31945,-43.357139],[-65.321812,-43.359148],[-65.326855,-43.36348],[-65.332368,-43.368199],[-65.332722,-43.368542],[-65.333021,-43.368864],[-65.333265,-43.36916],[-65.333483,-43.369483],[-65.333655,-43.369816],[-65.333753,-43.370043],[-65.333805,-43.370165],[-65.334534,-43.37305],[-65.336874,-43.38232],[-65.342994,-43.406808],[-65.344111,-43.411253],[-65.344515,-43.412893],[-65.34471,-43.413685],[-65.344888,-43.414299],[-65.345022,-43.414709],[-65.345202,-43.41507],[-65.345466,-43.415542],[-65.345824,-43.416056],[-65.346231,-43.416536],[-65.347489,-43.417813],[-65.355643,-43.425941],[-65.359733,-43.429999],[-65.363852,-43.434042],[-65.379199,-43.449118],[-65.386886,-43.456665],[-65.394621,-43.464147],[-65.411283,-43.48032],[-65.418235,-43.487067],[-65.478603,-43.544847],[-65.482857,-43.548897],[-65.513927,-43.577955],[-65.549857,-43.610763],[-65.577774,-43.635808],[-65.593996,-43.650132],[-65.595738,-43.651669],[-65.603099,-43.658162],[-65.61531,-43.669001],[-65.640722,-43.691518],[-65.641711,-43.692399],[-65.641884,-43.692553],[-65.642175,-43.692807],[-65.663518,-43.711457],[-65.685486,-43.730632],[-65.71038,-43.752081],[-65.770906,-43.804416],[-65.779626,-43.812357],[-65.788501,-43.820904],[-65.801154,-43.832922],[-65.803781,-43.835608],[-65.806344,-43.838286],[-65.82015,-43.852865],[-65.823902,-43.857036],[-65.829665,-43.863868],[-65.852076,-43.889411],[-65.87281,-43.914911],[-65.87542,-43.918256],[-65.883122,-43.927823],[-65.906477,-43.956958],[-65.908383,-43.959474],[-65.937619,-43.997627],[-65.951228,-44.015495],[-65.95699,-44.022997],[-65.999438,-44.079453],[-66.016947,-44.103003],[-66.041349,-44.135775],[-66.049431,-44.146624],[-66.054026,-44.15303],[-66.099516,-44.21372],[-66.105547,-44.221838],[-66.109542,-44.227206],[-66.11083,-44.228915],[-66.111485,-44.229722],[-66.112134,-44.230514],[-66.114921,-44.233757],[-66.115684,-44.234656],[-66.116423,-44.235456],[-66.117241,-44.236221],[-66.118007,-44.236881],[-66.130008,-44.247059],[-66.135968,-44.252108],[-66.13894,-44.254636],[-66.140463,-44.255935],[-66.14204,-44.257266],[-66.147952,-44.262267],[-66.150935,-44.264798],[-66.15249,-44.266112],[-66.154065,-44.267445],[-66.16069,-44.273059],[-66.166883,-44.278307],[-66.173299,-44.283726],[-66.176502,-44.286442],[-66.178116,-44.287809],[-66.179712,-44.289165],[-66.200019,-44.306349],[-66.210362,-44.31509],[-66.215614,-44.319531],[-66.216783,-44.320525],[-66.220811,-44.323949],[-66.243873,-44.343448],[-66.255412,-44.353199],[-66.261211,-44.35809],[-66.264124,-44.360541],[-66.266966,-44.362943],[-66.285067,-44.3782],[-66.303125,-44.393426],[-66.307966,-44.397499],[-66.308785,-44.398185],[-66.310231,-44.399437],[-66.311717,-44.400805],[-66.314732,-44.403599],[-66.320735,-44.40916],[-66.332815,-44.420341],[-66.344767,-44.431397],[-66.350802,-44.436978],[-66.353855,-44.439809],[-66.356776,-44.44251],[-66.384689,-44.468309],[-66.398658,-44.481205],[-66.405643,-44.487654],[-66.409194,-44.490919],[-66.412521,-44.493995],[-66.417327,-44.498411],[-66.419579,-44.500481],[-66.423109,-44.503741],[-66.430257,-44.510325],[-66.430481,-44.510532],[-66.432631,-44.512513],[-66.442582,-44.521685],[-66.452819,-44.53108],[-66.453047,-44.531289],[-66.463237,-44.540639],[-66.479833,-44.555911],[-66.488131,-44.563544],[-66.492283,-44.567366],[-66.494376,-44.569273],[-66.496393,-44.571131],[-66.497347,-44.57195],[-66.497744,-44.572246],[-66.498163,-44.572525],[-66.500158,-44.573681],[-66.500781,-44.574068],[-66.501038,-44.574271],[-66.501268,-44.574494],[-66.501538,-44.574825],[-66.501817,-44.575196],[-66.501988,-44.575547],[-66.502094,-44.575885],[-66.502173,-44.576342],[-66.502173,-44.576831],[-66.502034,-44.57766],[-66.50129,-44.58147],[-66.501172,-44.582131],[-66.501119,-44.5827],[-66.501156,-44.583082],[-66.501227,-44.58343],[-66.501519,-44.584158],[-66.501741,-44.584519],[-66.501969,-44.584837],[-66.50867,-44.593218],[-66.509091,-44.593735],[-66.509268,-44.593926],[-66.50936,-44.594022],[-66.509456,-44.594114],[-66.509541,-44.594196],[-66.509658,-44.594305],[-66.509845,-44.594463],[-66.510049,-44.594611],[-66.510265,-44.594763],[-66.510494,-44.59492],[-66.510632,-44.595007],[-66.510716,-44.59506],[-66.510951,-44.595197],[-66.511164,-44.595315],[-66.51233,-44.595923],[-66.513842,-44.596724],[-66.514947,-44.597238],[-66.515875,-44.597548],[-66.517044,-44.597865],[-66.51819,-44.598038],[-66.519299,-44.59813],[-66.523681,-44.598315],[-66.525066,-44.598504],[-66.525797,-44.598629],[-66.526533,-44.598839],[-66.527163,-44.599046],[-66.527865,-44.599338],[-66.529081,-44.599951],[-66.529993,-44.600592],[-66.530844,-44.601344],[-66.532186,-44.602922],[-66.533079,-44.603917],[-66.533769,-44.604562],[-66.536476,-44.606789],[-66.538133,-44.608137],[-66.538791,-44.608694],[-66.539541,-44.609329],[-66.540917,-44.61059],[-66.542583,-44.612033],[-66.548668,-44.617443],[-66.562033,-44.629268],[-66.575192,-44.640908],[-66.579872,-44.645112],[-66.581734,-44.646843],[-66.583466,-44.648595],[-66.609642,-44.675146],[-66.618183,-44.683826],[-66.620623,-44.686268],[-66.620847,-44.686493],[-66.62139,-44.687043],[-66.623113,-44.688786],[-66.623254,-44.688928],[-66.624534,-44.690222],[-66.62889,-44.694655],[-66.645783,-44.711806],[-66.6532,-44.719203],[-66.659267,-44.725429],[-66.682901,-44.749426],[-66.684194,-44.750964],[-66.685176,-44.752276],[-66.686056,-44.753677],[-66.687618,-44.756508],[-66.699897,-44.78067],[-66.70482,-44.790354],[-66.710173,-44.800884],[-66.711289,-44.803031],[-66.711933,-44.804173],[-66.712748,-44.805391],[-66.714508,-44.807644],[-66.725959,-44.821678],[-66.743785,-44.844459],[-66.745129,-44.846102],[-66.746337,-44.847351],[-66.74752,-44.848382],[-66.748703,-44.849274],[-66.750465,-44.850427],[-66.752242,-44.851306],[-66.754088,-44.852148],[-66.756018,-44.852944],[-66.760263,-44.854743],[-66.798198,-44.870789],[-66.801019,-44.871874],[-66.803838,-44.872783],[-66.805446,-44.873238],[-66.807099,-44.873635],[-66.812077,-44.874487],[-66.815197,-44.875078],[-66.817121,-44.875488],[-66.819101,-44.876004],[-66.820782,-44.876462],[-66.822205,-44.87692],[-66.825322,-44.878043],[-66.8279,-44.879036],[-66.830309,-44.880121],[-66.834565,-44.882029],[-66.852688,-44.890749],[-66.854873,-44.891794],[-66.856966,-44.892668],[-66.86087,-44.894309],[-66.862962,-44.895129],[-66.864568,-44.89587],[-66.865726,-44.896651],[-66.867111,-44.89792],[-66.867744,-44.898649],[-66.868484,-44.89985],[-66.872414,-44.907567],[-66.873105,-44.908731],[-66.873834,-44.909829],[-66.874408,-44.910564],[-66.875197,-44.91139],[-66.876053,-44.912111],[-66.877081,-44.912892],[-66.878279,-44.913652],[-66.879512,-44.91434],[-66.881544,-44.915202],[-66.888582,-44.917633],[-66.904114,-44.922554],[-66.906094,-44.923255],[-66.908149,-44.924102],[-66.915361,-44.927357],[-66.922738,-44.930662],[-66.923971,-44.93123],[-66.925353,-44.931971],[-66.929206,-44.93418],[-66.930452,-44.934895],[-66.932433,-44.936031],[-66.939737,-44.940249],[-66.940652,-44.940685],[-66.941642,-44.941055],[-66.94351,-44.941637],[-66.947073,-44.942791],[-66.997134,-44.958543],[-66.997773,-44.958751],[-66.998877,-44.959154],[-66.999698,-44.95948],[-67.000652,-44.959973],[-67.003595,-44.961573],[-67.011028,-44.965808],[-67.014884,-44.968006],[-67.017648,-44.969557],[-67.019536,-44.970662],[-67.021419,-44.971865],[-67.037091,-44.981817],[-67.047912,-44.988781],[-67.049971,-44.990182],[-67.053815,-44.992797],[-67.061358,-44.998382],[-67.065667,-45.001572],[-67.066424,-45.002097],[-67.067321,-45.002599],[-67.067968,-45.002896],[-67.068778,-45.003193],[-67.069677,-45.003492],[-67.070739,-45.003814],[-67.094302,-45.009645],[-67.095181,-45.009902],[-67.096339,-45.010301],[-67.097122,-45.010651],[-67.097743,-45.010977],[-67.09879,-45.011616],[-67.099713,-45.012301],[-67.100466,-45.012973],[-67.10123,-45.013826],[-67.101668,-45.014499],[-67.10206,-45.015203],[-67.102355,-45.015955],[-67.102543,-45.01665],[-67.102628,-45.017112],[-67.10268,-45.017574],[-67.102696,-45.018237],[-67.102643,-45.018922],[-67.101413,-45.025697],[-67.100874,-45.028419],[-67.100751,-45.028882],[-67.100571,-45.029405],[-67.100351,-45.029894],[-67.100131,-45.030342],[-67.086669,-45.053552],[-67.086329,-45.054274],[-67.086087,-45.054787],[-67.08585,-45.055457],[-67.085686,-45.05611],[-67.085589,-45.056743],[-67.085492,-45.057481],[-67.085478,-45.058468],[-67.085515,-45.062783],[-67.0856,-45.063661],[-67.085627,-45.063933],[-67.085739,-45.064802],[-67.085967,-45.065622],[-67.089533,-45.075278],[-67.089771,-45.075845],[-67.090064,-45.076374],[-67.090335,-45.076873],[-67.090778,-45.077477],[-67.091307,-45.078112],[-67.092102,-45.078933],[-67.092941,-45.079724],[-67.114705,-45.099155],[-67.128504,-45.111371],[-67.128665,-45.111514],[-67.138485,-45.120205],[-67.16603,-45.144593],[-67.169017,-45.147237],[-67.196363,-45.171504],[-67.202643,-45.177729],[-67.223428,-45.198905],[-67.235092,-45.210818],[-67.237657,-45.213517],[-67.23902,-45.214992],[-67.239182,-45.215157],[-67.24041,-45.216541],[-67.245895,-45.222233],[-67.266573,-45.240962],[-67.267497,-45.241751],[-67.268495,-45.242498],[-67.270134,-45.243391],[-67.270959,-45.243792],[-67.272589,-45.244583],[-67.293029,-45.253769],[-67.294329,-45.254443],[-67.295107,-45.254923],[-67.295887,-45.255507],[-67.296904,-45.256376],[-67.29779,-45.25735],[-67.298587,-45.25846],[-67.299884,-45.260891],[-67.304945,-45.270375],[-67.308523,-45.277607],[-67.315651,-45.293447],[-67.315922,-45.294049],[-67.316507,-45.295376],[-67.316849,-45.296462],[-67.317247,-45.297788],[-67.317493,-45.298605],[-67.31776,-45.299356],[-67.318117,-45.299986],[-67.31841,-45.300512],[-67.3188,-45.301038],[-67.319452,-45.301766],[-67.320215,-45.302411],[-67.321044,-45.303028],[-67.322167,-45.303669],[-67.334042,-45.309931],[-67.334879,-45.310414],[-67.335608,-45.310882],[-67.336649,-45.311737],[-67.338548,-45.313508],[-67.339106,-45.314066],[-67.339567,-45.314635],[-67.339943,-45.315213],[-67.340307,-45.315816],[-67.340737,-45.316827],[-67.352386,-45.347103],[-67.352912,-45.348238],[-67.353129,-45.348612],[-67.353593,-45.349264],[-67.354295,-45.349984],[-67.354923,-45.350565],[-67.355642,-45.351081],[-67.35651,-45.35164],[-67.372955,-45.360847],[-67.377722,-45.363516],[-67.379865,-45.364728],[-67.380327,-45.364991],[-67.380707,-45.365229],[-67.381033,-45.365453],[-67.381413,-45.365733],[-67.381604,-45.365884],[-67.381783,-45.366027],[-67.381963,-45.366182],[-67.382124,-45.366329],[-67.382312,-45.366506],[-67.409921,-45.39516],[-67.410524,-45.39577],[-67.410768,-45.396021],[-67.411029,-45.396275],[-67.411274,-45.396497],[-67.411507,-45.3967],[-67.411719,-45.396876],[-67.411937,-45.397046],[-67.412146,-45.397201],[-67.412382,-45.397363],[-67.412635,-45.39753],[-67.412863,-45.397671],[-67.413079,-45.397802],[-67.413288,-45.397925],[-67.413514,-45.398051],[-67.41467,-45.398638],[-67.427819,-45.405603],[-67.428217,-45.405793],[-67.428686,-45.405995],[-67.429335,-45.40624],[-67.429721,-45.406365],[-67.430003,-45.406447],[-67.430304,-45.406526],[-67.430633,-45.406603],[-67.430981,-45.40668],[-67.431526,-45.406776],[-67.43189,-45.40683],[-67.432413,-45.406893],[-67.433134,-45.406941],[-67.433469,-45.406955],[-67.433807,-45.406955],[-67.434183,-45.406948],[-67.434526,-45.406935],[-67.434915,-45.406905],[-67.43691,-45.406658],[-67.439936,-45.406086],[-67.442189,-45.405785],[-67.443315,-45.405724],[-67.444399,-45.405694],[-67.445429,-45.405777],[-67.446631,-45.40595],[-67.448648,-45.406372],[-67.460764,-45.409832],[-67.462223,-45.410254],[-67.463125,-45.41063],[-67.463876,-45.411037],[-67.464433,-45.411489],[-67.465013,-45.412061],[-67.465742,-45.41304],[-67.4729,-45.425838],[-67.473485,-45.426729],[-67.474087,-45.427505],[-67.474575,-45.428018],[-67.475366,-45.428605],[-67.475884,-45.428931],[-67.51421,-45.455956],[-67.515187,-45.456532],[-67.516178,-45.456979],[-67.517282,-45.457396],[-67.518457,-45.457754],[-67.525961,-45.460005],[-67.530429,-45.461395],[-67.533342,-45.462293],[-67.534874,-45.462816],[-67.536338,-45.463363],[-67.53935,-45.464544],[-67.543814,-45.466383],[-67.55171,-45.46967],[-67.557203,-45.471924],[-67.564585,-45.474934],[-67.569115,-45.476871],[-67.570313,-45.477461],[-67.571236,-45.478018],[-67.572523,-45.479041],[-67.574743,-45.480957],[-67.579077,-45.484827],[-67.586511,-45.491461],[-67.592671,-45.496988],[-67.596701,-45.500567],[-67.597886,-45.501635],[-67.598659,-45.502432],[-67.599302,-45.503289],[-67.599817,-45.504327],[-67.600182,-45.5055],[-67.600724,-45.508597],[-67.601894,-45.515793],[-67.602435,-45.51864],[-67.602552,-45.519166],[-67.602709,-45.519766],[-67.602918,-45.520328],[-67.603053,-45.520654],[-67.603155,-45.520872],[-67.603246,-45.521034],[-67.603519,-45.521425],[-67.603823,-45.5218],[-67.604174,-45.522201],[-67.604577,-45.522623],[-67.605092,-45.523071],[-67.606109,-45.523903],[-67.609431,-45.526576],[-67.615685,-45.531643],[-67.619242,-45.534494],[-67.620696,-45.535656],[-67.623462,-45.537849],[-67.624028,-45.538406],[-67.624627,-45.539044],[-67.625038,-45.53963],[-67.625396,-45.540243],[-67.625674,-45.541069],[-67.625829,-45.541868],[-67.625884,-45.54256],[-67.625849,-45.543355],[-67.624995,-45.550433],[-67.624424,-45.555719],[-67.624215,-45.557328],[-67.624129,-45.5582],[-67.62423,-45.55913],[-67.624472,-45.560078],[-67.624911,-45.561006],[-67.625661,-45.562311],[-67.62743,-45.565253],[-67.630521,-45.570261],[-67.631089,-45.571207],[-67.631256,-45.571482],[-67.631402,-45.571727],[-67.631502,-45.571899],[-67.631642,-45.572154],[-67.631772,-45.572402],[-67.631892,-45.572663],[-67.631985,-45.572897],[-67.632066,-45.573099],[-67.632132,-45.573285],[-67.632198,-45.573487],[-67.632259,-45.57373],[-67.632308,-45.573978],[-67.632375,-45.574392],[-67.633039,-45.578386],[-67.633161,-45.579075],[-67.633877,-45.582989],[-67.633931,-45.583241],[-67.633996,-45.583506],[-67.634069,-45.583779],[-67.634152,-45.58405],[-67.634265,-45.584355],[-67.634387,-45.584677],[-67.634537,-45.585008],[-67.634681,-45.585301],[-67.635412,-45.586796],[-67.635563,-45.587135],[-67.63574,-45.587474],[-67.636406,-45.588766],[-67.636509,-45.588965],[-67.636624,-45.589158],[-67.636724,-45.589321],[-67.63685,-45.589517],[-67.637,-45.589751],[-67.637135,-45.589958],[-67.637252,-45.590128],[-67.637362,-45.590277],[-67.637495,-45.590445],[-67.637637,-45.590614],[-67.638692,-45.591846],[-67.640872,-45.594411],[-67.641109,-45.59471],[-67.64131,-45.594981],[-67.641487,-45.595236],[-67.641668,-45.5955],[-67.641872,-45.595817],[-67.642095,-45.59617],[-67.642282,-45.596518],[-67.642508,-45.596928],[-67.642724,-45.597342],[-67.643911,-45.599735],[-67.647074,-45.60594],[-67.652747,-45.616991],[-67.653227,-45.617931],[-67.653309,-45.618094],[-67.654808,-45.621057],[-67.655029,-45.621538],[-67.655185,-45.621996],[-67.65525,-45.622354],[-67.655258,-45.622815],[-67.655209,-45.623295],[-67.655086,-45.623751],[-67.65484,-45.624232],[-67.654594,-45.624583],[-67.653864,-45.625395],[-67.65349,-45.625799],[-67.653148,-45.626257],[-67.652956,-45.626632],[-67.652794,-45.627228],[-67.652794,-45.62783],[-67.652959,-45.628794],[-67.653333,-45.630567],[-67.653514,-45.631073],[-67.653804,-45.631586],[-67.654154,-45.632046],[-67.654941,-45.632938],[-67.655264,-45.633443],[-67.655515,-45.633994],[-67.655648,-45.634499],[-67.655666,-45.634952],[-67.655629,-45.635432],[-67.655575,-45.635786],[-67.655548,-45.635962],[-67.654977,-45.638102],[-67.654861,-45.63875],[-67.654823,-45.639425],[-67.65486,-45.639988],[-67.654941,-45.640475],[-67.65509,-45.640991],[-67.655252,-45.641406],[-67.65548,-45.64188],[-67.656778,-45.644206],[-67.657119,-45.644844],[-67.657353,-45.645392],[-67.657477,-45.645902],[-67.657538,-45.646443],[-67.65747,-45.647048],[-67.657241,-45.647713],[-67.656889,-45.648345],[-67.656521,-45.648844],[-67.656097,-45.649295],[-67.65556,-45.649691],[-67.655007,-45.650013],[-67.654399,-45.650307],[-67.653679,-45.65056],[-67.652918,-45.650755],[-67.647244,-45.651827],[-67.646658,-45.651944],[-67.646147,-45.652003],[-67.645533,-45.652051],[-67.644924,-45.65205],[-67.644326,-45.651997],[-67.643529,-45.651825],[-67.642896,-45.651626],[-67.642312,-45.651355],[-67.64173,-45.651027],[-67.640927,-45.650534],[-67.640161,-45.650107],[-67.639636,-45.649853],[-67.639021,-45.649605],[-67.63841,-45.649429],[-67.637691,-45.649292],[-67.636992,-45.649247],[-67.636315,-45.649262],[-67.635642,-45.649317],[-67.635024,-45.649417],[-67.634249,-45.649636],[-67.630653,-45.65099],[-67.630125,-45.651164],[-67.629542,-45.651307],[-67.628841,-45.651443],[-67.628247,-45.651517],[-67.627683,-45.65157],[-67.626761,-45.651606],[-67.624568,-45.651672],[-67.623929,-45.651711],[-67.623446,-45.651777],[-67.622766,-45.651903],[-67.622046,-45.652067],[-67.620185,-45.652645],[-67.619687,-45.652751],[-67.61917,-45.652833],[-67.618564,-45.652877],[-67.618042,-45.652887],[-67.617478,-45.652852],[-67.616977,-45.652784],[-67.615176,-45.652397],[-67.614597,-45.652324],[-67.613996,-45.65228],[-67.613341,-45.652301],[-67.612725,-45.652347],[-67.611943,-45.652466],[-67.609127,-45.653093],[-67.608639,-45.653183],[-67.608182,-45.653249],[-67.605959,-45.65346],[-67.605285,-45.653566],[-67.604633,-45.653691],[-67.604012,-45.653868],[-67.603219,-45.65416],[-67.602564,-45.654472],[-67.601999,-45.654814],[-67.601453,-45.655198],[-67.600933,-45.655612],[-67.600471,-45.656078],[-67.600046,-45.656605],[-67.599667,-45.657153],[-67.598582,-45.658761],[-67.598337,-45.659172],[-67.598116,-45.659648],[-67.598007,-45.660023],[-67.597913,-45.660437],[-67.597882,-45.660897],[-67.597978,-45.663281],[-67.597951,-45.663774],[-67.597863,-45.664255],[-67.597725,-45.664666],[-67.597544,-45.66507],[-67.597328,-45.665437],[-67.597075,-45.66579],[-67.596508,-45.666582],[-67.596287,-45.666943],[-67.596102,-45.66734],[-67.595928,-45.667828],[-67.595815,-45.6683],[-67.595762,-45.668869],[-67.595809,-45.671032],[-67.595786,-45.671386],[-67.59573,-45.671785],[-67.595634,-45.672164],[-67.595468,-45.672628],[-67.595211,-45.673107],[-67.594912,-45.673548],[-67.5945,-45.674041],[-67.592333,-45.676419],[-67.592034,-45.676774],[-67.591673,-45.677272],[-67.591406,-45.677756],[-67.591171,-45.67824],[-67.591003,-45.678687],[-67.590862,-45.679212],[-67.590615,-45.680351],[-67.590472,-45.680802],[-67.590333,-45.681144],[-67.590121,-45.681518],[-67.589829,-45.681948],[-67.589475,-45.682342],[-67.587339,-45.684618],[-67.586936,-45.685116],[-67.586616,-45.685615],[-67.585854,-45.686987],[-67.585504,-45.687492],[-67.585076,-45.687933],[-67.584598,-45.688322],[-67.581775,-45.690182],[-67.580954,-45.690766],[-67.580241,-45.691417],[-67.575263,-45.696693],[-67.573887,-45.698203],[-67.573389,-45.698665],[-67.57286,-45.699091],[-67.550465,-45.714635],[-67.55002,-45.71495],[-67.549334,-45.715496],[-67.548598,-45.716081],[-67.545203,-45.718839],[-67.544707,-45.719202],[-67.54412,-45.7196],[-67.543561,-45.71994],[-67.54272,-45.720378],[-67.541937,-45.720714],[-67.541012,-45.72105],[-67.539787,-45.721389],[-67.531676,-45.723362],[-67.531237,-45.723529],[-67.530979,-45.723593],[-67.53091,-45.72363],[-67.530609,-45.723821],[-67.530529,-45.723877],[-67.5304,-45.72393],[-67.530218,-45.723987],[-67.528817,-45.724326],[-67.527957,-45.724536],[-67.527338,-45.724683],[-67.526286,-45.724937],[-67.52621,-45.724945],[-67.525127,-45.725124],[-67.524607,-45.725133],[-67.524537,-45.725143],[-67.524274,-45.725207],[-67.523844,-45.72525],[-67.522965,-45.725471],[-67.522457,-45.725609],[-67.521786,-45.725825],[-67.52142,-45.725957],[-67.520475,-45.726331],[-67.519766,-45.726674],[-67.51926,-45.726956],[-67.515422,-45.729334],[-67.514967,-45.729594],[-67.51451,-45.729818],[-67.513952,-45.730012],[-67.512338,-45.730482],[-67.511553,-45.730742],[-67.510753,-45.731046],[-67.509691,-45.731549],[-67.508766,-45.732074],[-67.506354,-45.733745],[-67.502519,-45.736439],[-67.502368,-45.736585],[-67.502155,-45.736878],[-67.502014,-45.737115],[-67.501885,-45.73741],[-67.501814,-45.737675],[-67.50178,-45.737972],[-67.501799,-45.738266],[-67.501806,-45.738302],[-67.50182,-45.738372],[-67.50185,-45.738527],[-67.502122,-45.7393],[-67.502132,-45.739329],[-67.502615,-45.740696],[-67.503836,-45.743888],[-67.504265,-45.74514],[-67.504435,-45.745983],[-67.504533,-45.746787],[-67.504635,-45.749955],[-67.504653,-45.75046],[-67.504668,-45.751169],[-67.504667,-45.751379],[-67.504665,-45.753003],[-67.504473,-45.75363],[-67.504258,-45.754214],[-67.503771,-45.755189],[-67.503018,-45.756257],[-67.500399,-45.75996],[-67.499796,-45.760825],[-67.499702,-45.76104],[-67.499627,-45.76126],[-67.499556,-45.761503],[-67.49951,-45.761697],[-67.499465,-45.761891],[-67.49943,-45.762118],[-67.499314,-45.763238],[-67.499131,-45.764944],[-67.499067,-45.765547],[-67.498905,-45.76727],[-67.498852,-45.767833],[-67.49876,-45.76825],[-67.498606,-45.768693],[-67.498518,-45.768881],[-67.498283,-45.769259],[-67.498058,-45.769523],[-67.497744,-45.76982],[-67.496763,-45.770746],[-67.496053,-45.771437],[-67.495716,-45.771746],[-67.494629,-45.772765],[-67.494466,-45.772917],[-67.494237,-45.773125],[-67.493526,-45.773777],[-67.493066,-45.774198],[-67.491751,-45.775402],[-67.490706,-45.776407],[-67.490323,-45.776811],[-67.490041,-45.777169],[-67.489721,-45.777669],[-67.489454,-45.778138],[-67.489257,-45.778555],[-67.489108,-45.779026],[-67.489059,-45.779358],[-67.488967,-45.779973],[-67.488969,-45.780764],[-67.489018,-45.781258],[-67.489095,-45.781593],[-67.489161,-45.781822],[-67.489214,-45.781985],[-67.489242,-45.782068],[-67.489456,-45.782638],[-67.489527,-45.782831],[-67.489953,-45.783872],[-67.490177,-45.784425],[-67.490222,-45.784545],[-67.490387,-45.784961],[-67.490599,-45.785501],[-67.490619,-45.785555],[-67.490661,-45.785658],[-67.491074,-45.786664],[-67.49159,-45.787928],[-67.491925,-45.788748],[-67.492125,-45.78924],[-67.492246,-45.789539],[-67.492524,-45.790224],[-67.493069,-45.791637],[-67.493096,-45.791708],[-67.493124,-45.791797],[-67.493147,-45.791875],[-67.493172,-45.791977],[-67.493188,-45.792073],[-67.493193,-45.792162],[-67.493195,-45.792252],[-67.493186,-45.792431],[-67.493174,-45.792548],[-67.493154,-45.792666],[-67.493123,-45.792803],[-67.493086,-45.792921],[-67.493027,-45.79309],[-67.49294,-45.793329],[-67.492873,-45.793493],[-67.492597,-45.794096],[-67.49257,-45.794196],[-67.492559,-45.794276],[-67.492571,-45.794336],[-67.492582,-45.794397],[-67.492618,-45.794452],[-67.492694,-45.794536],[-67.492734,-45.794579],[-67.492771,-45.794643],[-67.49279,-45.79471],[-67.492789,-45.794779],[-67.492768,-45.794846],[-67.492728,-45.794909],[-67.492671,-45.794965],[-67.492604,-45.795009],[-67.492526,-45.795044],[-67.492454,-45.795065],[-67.492375,-45.795113],[-67.492288,-45.795164],[-67.492207,-45.795219],[-67.492096,-45.795295],[-67.491995,-45.795374],[-67.491928,-45.79545],[-67.491877,-45.795517],[-67.491831,-45.795604],[-67.491567,-45.796061],[-67.491463,-45.79624],[-67.491345,-45.796442],[-67.491317,-45.79649],[-67.491282,-45.796549],[-67.491107,-45.796779],[-67.490913,-45.797001],[-67.490717,-45.79719],[-67.490475,-45.79738],[-67.490237,-45.79757],[-67.489939,-45.797757],[-67.48964,-45.797927],[-67.489289,-45.798093],[-67.488924,-45.798227],[-67.488528,-45.798357],[-67.487379,-45.798702],[-67.485066,-45.799452],[-67.483573,-45.799907],[-67.482997,-45.800083],[-67.482305,-45.800297],[-67.481858,-45.800435],[-67.481517,-45.800548],[-67.481182,-45.800665],[-67.48087,-45.800788],[-67.480549,-45.800921],[-67.48027,-45.801041],[-67.480041,-45.801149],[-67.479803,-45.801259],[-67.479362,-45.801482],[-67.478903,-45.801725],[-67.478435,-45.802011],[-67.47804,-45.802284],[-67.477655,-45.802571],[-67.477584,-45.802621],[-67.477137,-45.802999],[-67.476833,-45.803288],[-67.476492,-45.803611],[-67.476393,-45.803719],[-67.476235,-45.803882],[-67.476044,-45.804105],[-67.475894,-45.804287],[-67.475742,-45.804491],[-67.475588,-45.80469],[-67.475444,-45.804892],[-67.475275,-45.805162],[-67.47525,-45.805203],[-67.474934,-45.805789],[-67.474109,-45.8074],[-67.47342,-45.808748],[-67.473202,-45.809172],[-67.473148,-45.809276],[-67.472965,-45.809632],[-67.472566,-45.810407],[-67.471664,-45.81216],[-67.470119,-45.815149],[-67.469973,-45.815422],[-67.469844,-45.815666],[-67.46965,-45.816029],[-67.469397,-45.816486],[-67.469259,-45.816706],[-67.469012,-45.817067],[-67.468831,-45.817315],[-67.468808,-45.817346],[-67.468681,-45.817513],[-67.46864,-45.817564],[-67.468561,-45.817661],[-67.468394,-45.817838],[-67.468097,-45.818126],[-67.467381,-45.818706],[-67.46612,-45.819565],[-67.466017,-45.819635],[-67.465894,-45.819726],[-67.465785,-45.819814],[-67.465679,-45.819914],[-67.465601,-45.819997],[-67.46553,-45.820082],[-67.465438,-45.820208],[-67.465361,-45.820349],[-67.465321,-45.820435],[-67.465292,-45.820515],[-67.465256,-45.82062],[-67.465235,-45.820724],[-67.465219,-45.820862],[-67.465218,-45.820992],[-67.465231,-45.821125],[-67.465258,-45.821259],[-67.465376,-45.821572],[-67.466237,-45.823273],[-67.466641,-45.824054],[-67.466798,-45.824363],[-67.467346,-45.825411],[-67.468331,-45.827415],[-67.468372,-45.827492],[-67.468545,-45.827812],[-67.468574,-45.827866],[-67.468664,-45.828033],[-67.468709,-45.828107],[-67.468814,-45.828275],[-67.469088,-45.828672],[-67.469187,-45.828816],[-67.469274,-45.828942],[-67.471071,-45.831012],[-67.472101,-45.832166],[-67.472158,-45.83223],[-67.473048,-45.833242],[-67.473868,-45.834057],[-67.473945,-45.834132],[-67.476017,-45.836004],[-67.476139,-45.836126],[-67.476202,-45.836197],[-67.476286,-45.836316],[-67.476382,-45.83646],[-67.476484,-45.836695],[-67.476554,-45.836965],[-67.476573,-45.837234],[-67.476529,-45.837573],[-67.476457,-45.83795],[-67.476455,-45.838003],[-67.476452,-45.838123],[-67.476448,-45.838208],[-67.476481,-45.838883],[-67.476506,-45.83947],[-67.47651,-45.839638],[-67.476535,-45.840167],[-67.476552,-45.840567],[-67.47655,-45.84079],[-67.476536,-45.841147],[-67.476534,-45.841184],[-67.476513,-45.841473],[-67.476506,-45.841571],[-67.476365,-45.842573],[-67.476275,-45.843008],[-67.476233,-45.84325],[-67.476149,-45.84354],[-67.476064,-45.843805],[-67.475894,-45.844296],[-67.475565,-45.845274],[-67.475289,-45.846115],[-67.475209,-45.846399],[-67.47519,-45.846509],[-67.475179,-45.846627],[-67.47519,-45.846795],[-67.475227,-45.846935],[-67.475284,-45.847045],[-67.475361,-45.84718],[-67.47545,-45.847275],[-67.475608,-45.847398],[-67.47585,-45.847583],[-67.476445,-45.848019],[-67.476649,-45.848179],[-67.476711,-45.848232],[-67.476799,-45.848319],[-67.476901,-45.848422],[-67.477,-45.848536],[-67.477075,-45.848629],[-67.477123,-45.848695],[-67.477221,-45.848799],[-67.477291,-45.848931],[-67.477331,-45.849001],[-67.477381,-45.849042],[-67.477437,-45.849073],[-67.477518,-45.849096],[-67.477548,-45.849101],[-67.477676,-45.849122],[-67.477891,-45.849166],[-67.478666,-45.849289],[-67.47968,-45.849451],[-67.481226,-45.849679],[-67.484564,-45.850193],[-67.484826,-45.850245],[-67.485037,-45.850297],[-67.485208,-45.850361],[-67.485397,-45.850446],[-67.485587,-45.850547],[-67.485788,-45.850702],[-67.485954,-45.85088],[-67.486067,-45.851035],[-67.486162,-45.851191],[-67.486208,-45.851336],[-67.48624,-45.851505],[-67.486251,-45.851674],[-67.486218,-45.851834],[-67.486171,-45.851984],[-67.486081,-45.852165],[-67.485964,-45.852335],[-67.485802,-45.852501],[-67.485605,-45.852638],[-67.484635,-45.853134],[-67.484225,-45.853374],[-67.484048,-45.853529],[-67.483927,-45.853688],[-67.483809,-45.853854],[-67.48374,-45.854015],[-67.483677,-45.854199],[-67.483664,-45.854373],[-67.483673,-45.854542],[-67.483725,-45.854716],[-67.48407,-45.855738],[-67.48414,-45.855869],[-67.484202,-45.855963],[-67.484302,-45.856103],[-67.484493,-45.856296],[-67.484655,-45.856433],[-67.484986,-45.856616],[-67.485149,-45.856687],[-67.485372,-45.856755],[-67.485632,-45.856799],[-67.485693,-45.856807],[-67.486144,-45.856845],[-67.486605,-45.856844],[-67.487843,-45.856778],[-67.488915,-45.856727],[-67.48943,-45.856691],[-67.490038,-45.856613],[-67.490451,-45.856546],[-67.490998,-45.856413],[-67.491201,-45.856339],[-67.491384,-45.856259],[-67.492066,-45.855972],[-67.492282,-45.855899],[-67.492577,-45.855809],[-67.492891,-45.855735],[-67.493254,-45.855662],[-67.49363,-45.855587],[-67.493949,-45.855536],[-67.494028,-45.855529],[-67.494214,-45.855525],[-67.494227,-45.855525],[-67.494325,-45.855526],[-67.494756,-45.855527],[-67.495727,-45.855507],[-67.496107,-45.855526],[-67.496446,-45.85556],[-67.497054,-45.855652],[-67.497307,-45.855663],[-67.498085,-45.855659],[-67.498747,-45.855653],[-67.49884,-45.855653],[-67.49884,-45.855711],[-67.498838,-45.856737],[-67.498837,-45.857076],[-67.498836,-45.85775],[-67.498835,-45.857813],[-67.498834,-45.858367],[-67.498833,-45.858888],[-67.498831,-45.859966],[-67.49883,-45.860707],[-67.498829,-45.861051],[-67.498827,-45.86205],[-67.498827,-45.86214],[-67.498826,-45.86236],[-67.498826,-45.862418],[-67.498829,-45.863481],[-67.498834,-45.864564],[-67.498837,-45.865529],[-67.498837,-45.865644],[-67.497441,-45.865648],[-67.497291,-45.865649],[-67.49729,-45.865438],[-67.496972,-45.865442],[-67.496972,-45.865399]],"type":"LineString"}},{"type":"Feature","properties":{"name":"Ruta 3 — атлантическое побережье","nameEs":"Ruta Nacional 3","description":"Главная дорога вдоль Атлантики: от Буэнос-Айреса до Уshuaia","routeKey":"ruta_3","ref":"RN 3","route":"ruta_3","segmentIndex":7,"source":"OSRM / OpenStreetMap road graph"},"geometry":{"coordinates":[[-67.496972,-45.865399],[-67.496969,-45.865148],[-67.496968,-45.865105],[-67.496761,-45.865106],[-67.496674,-45.865106],[-67.495848,-45.86511],[-67.495713,-45.865111],[-67.495717,-45.865648],[-67.495726,-45.866726],[-67.496496,-45.866726],[-67.497143,-45.866727],[-67.497299,-45.866727],[-67.498713,-45.866722],[-67.498841,-45.866722],[-67.498843,-45.86781],[-67.498848,-45.86887],[-67.498852,-45.869957],[-67.498856,-45.871027],[-67.499208,-45.871027],[-67.499194,-45.872122],[-67.49918,-45.873434],[-67.499171,-45.873921],[-67.499161,-45.874133],[-67.499156,-45.874181],[-67.49915,-45.874201],[-67.499142,-45.874229],[-67.499092,-45.874313],[-67.499564,-45.874657],[-67.500178,-45.875107],[-67.5004,-45.875261],[-67.50072,-45.875478],[-67.500807,-45.875533],[-67.501219,-45.875753],[-67.501624,-45.875941],[-67.501812,-45.876029],[-67.501928,-45.876084],[-67.50203,-45.876133],[-67.50249,-45.876331],[-67.502754,-45.876445],[-67.503148,-45.876615],[-67.503339,-45.876713],[-67.503951,-45.876981],[-67.504384,-45.877171],[-67.505397,-45.877595],[-67.505616,-45.87769],[-67.505734,-45.877741],[-67.505833,-45.877784],[-67.505969,-45.877843],[-67.506102,-45.8779],[-67.506935,-45.878255],[-67.507902,-45.878674],[-67.508323,-45.878857],[-67.508759,-45.879043],[-67.509283,-45.879283],[-67.50955,-45.879405],[-67.509656,-45.879453],[-67.509749,-45.879494],[-67.50984,-45.879535],[-67.509924,-45.879575],[-67.509996,-45.879608],[-67.510513,-45.879861],[-67.510918,-45.880062],[-67.511574,-45.880412],[-67.512102,-45.880708],[-67.512507,-45.880944],[-67.512943,-45.881212],[-67.513276,-45.88142],[-67.513673,-45.881682],[-67.513862,-45.881801],[-67.514032,-45.881909],[-67.514175,-45.882],[-67.514935,-45.882519],[-67.515203,-45.8827],[-67.515388,-45.882821],[-67.516357,-45.883495],[-67.517085,-45.883993],[-67.517526,-45.884303],[-67.517709,-45.884437],[-67.517899,-45.884567],[-67.518053,-45.884673],[-67.518232,-45.884782],[-67.518501,-45.884951],[-67.518719,-45.885072],[-67.518903,-45.885166],[-67.51915,-45.885285],[-67.519468,-45.885408],[-67.5197,-45.885489],[-67.520107,-45.885624],[-67.520222,-45.885664],[-67.521397,-45.886048],[-67.52175,-45.886165],[-67.521955,-45.886233],[-67.522577,-45.886436],[-67.523097,-45.886604],[-67.523123,-45.886613],[-67.523252,-45.886654],[-67.523443,-45.886716],[-67.524238,-45.886974],[-67.524595,-45.88709],[-67.526287,-45.887641],[-67.526406,-45.88768],[-67.526554,-45.887728],[-67.527112,-45.887908],[-67.52722,-45.887943],[-67.52975,-45.888769],[-67.529929,-45.888812],[-67.530226,-45.888898],[-67.530462,-45.888969],[-67.530647,-45.889032],[-67.530679,-45.889043],[-67.530792,-45.889089],[-67.531028,-45.889183],[-67.531202,-45.889248],[-67.531563,-45.889429],[-67.53202,-45.88971],[-67.532319,-45.889894],[-67.533611,-45.890735],[-67.535608,-45.892086],[-67.536134,-45.892449],[-67.5362,-45.892495],[-67.53655,-45.892734],[-67.536677,-45.892819],[-67.537003,-45.89304],[-67.537709,-45.893518],[-67.539415,-45.894674],[-67.540062,-45.895111],[-67.540256,-45.895242],[-67.540317,-45.895283],[-67.540349,-45.895304],[-67.540643,-45.895504],[-67.540692,-45.895537],[-67.540756,-45.89558],[-67.541154,-45.895847],[-67.541646,-45.896168],[-67.542863,-45.896994],[-67.543903,-45.897696],[-67.543987,-45.897753],[-67.544314,-45.897965],[-67.54462,-45.89814],[-67.545366,-45.898522],[-67.545945,-45.898795],[-67.546635,-45.899066],[-67.547234,-45.899278],[-67.54829,-45.899576],[-67.549267,-45.899827],[-67.549776,-45.899956],[-67.550128,-45.900045],[-67.551531,-45.900401],[-67.554497,-45.90115],[-67.555949,-45.901515],[-67.556325,-45.90161],[-67.556358,-45.901618],[-67.556444,-45.901641],[-67.55811,-45.902066],[-67.558584,-45.902187],[-67.558796,-45.902244],[-67.560755,-45.902742],[-67.561193,-45.902846],[-67.561346,-45.902882],[-67.561425,-45.902897],[-67.561594,-45.902929],[-67.561814,-45.902967],[-67.562018,-45.903],[-67.562231,-45.903028],[-67.562435,-45.903048],[-67.562642,-45.903068],[-67.562848,-45.903083],[-67.56305,-45.903093],[-67.563295,-45.903102],[-67.563491,-45.903105],[-67.563549,-45.903106],[-67.564043,-45.903098],[-67.565423,-45.903023],[-67.565885,-45.902998],[-67.566525,-45.902967],[-67.56661,-45.902962],[-67.566755,-45.902953],[-67.568755,-45.902859],[-67.568906,-45.902853],[-67.569212,-45.902843],[-67.569498,-45.902846],[-67.569789,-45.902861],[-67.570086,-45.902891],[-67.570365,-45.902926],[-67.570535,-45.902954],[-67.570709,-45.902989],[-67.570965,-45.903048],[-67.57119,-45.903104],[-67.571392,-45.903167],[-67.571604,-45.903239],[-67.571795,-45.903311],[-67.572156,-45.903465],[-67.573037,-45.903852],[-67.574409,-45.904422],[-67.575389,-45.904836],[-67.575857,-45.905033],[-67.576105,-45.905117],[-67.576455,-45.905201],[-67.576859,-45.905293],[-67.578267,-45.905584],[-67.578562,-45.905651],[-67.578844,-45.905714],[-67.579112,-45.905787],[-67.579241,-45.905843],[-67.579359,-45.905895],[-67.579444,-45.905938],[-67.57956,-45.905998],[-67.579697,-45.906065],[-67.579844,-45.906116],[-67.579986,-45.906162],[-67.580058,-45.906186],[-67.58013,-45.906209],[-67.580397,-45.906247],[-67.58061,-45.906339],[-67.580768,-45.906474],[-67.580853,-45.906638],[-67.580864,-45.906749],[-67.580976,-45.906872],[-67.581199,-45.907135],[-67.581556,-45.907554],[-67.581844,-45.907954],[-67.582051,-45.908361],[-67.582124,-45.908539],[-67.582189,-45.908763],[-67.582233,-45.908972],[-67.582249,-45.909167],[-67.582264,-45.909582],[-67.58223,-45.909887],[-67.582163,-45.910164],[-67.582099,-45.91036],[-67.581974,-45.910675],[-67.58177,-45.911037],[-67.58155,-45.911332],[-67.581201,-45.911765],[-67.580836,-45.91213],[-67.580316,-45.912582],[-67.579302,-45.913388],[-67.578202,-45.914221],[-67.577941,-45.914411],[-67.577371,-45.914829],[-67.576663,-45.91537],[-67.576362,-45.915609],[-67.576121,-45.915829],[-67.575826,-45.916109],[-67.575633,-45.916331],[-67.575547,-45.916423],[-67.575089,-45.916963],[-67.573908,-45.918349],[-67.573687,-45.918604],[-67.573587,-45.91872],[-67.57349,-45.918831],[-67.573448,-45.91888],[-67.573311,-45.919056],[-67.573177,-45.919252],[-67.573125,-45.919337],[-67.573015,-45.919507],[-67.572602,-45.92033],[-67.57253,-45.920534],[-67.572503,-45.920687],[-67.572495,-45.920849],[-67.572511,-45.921013],[-67.572549,-45.921188],[-67.572643,-45.921392],[-67.57279,-45.921606],[-67.57294,-45.921767],[-67.573192,-45.921968],[-67.573683,-45.922243],[-67.573771,-45.922289],[-67.57381,-45.92231],[-67.574257,-45.922512],[-67.574577,-45.922661],[-67.58067,-45.924358],[-67.583214,-45.925075],[-67.584036,-45.925306],[-67.585006,-45.925563],[-67.587964,-45.926346],[-67.590591,-45.927108],[-67.590922,-45.927196],[-67.592706,-45.927678],[-67.593174,-45.927823],[-67.593526,-45.927967],[-67.594,-45.928183],[-67.594149,-45.928279],[-67.594241,-45.928352],[-67.594548,-45.928586],[-67.594856,-45.92884],[-67.595164,-45.929182],[-67.595468,-45.929561],[-67.59557,-45.929731],[-67.59564,-45.929875],[-67.59579,-45.93022],[-67.596344,-45.931712],[-67.59655,-45.932268],[-67.596729,-45.932765],[-67.596853,-45.933123],[-67.596866,-45.933153],[-67.597034,-45.933607],[-67.597104,-45.933797],[-67.597613,-45.935158],[-67.59768,-45.935339],[-67.598051,-45.936365],[-67.598744,-45.938267],[-67.599041,-45.939082],[-67.599069,-45.939154],[-67.599905,-45.941351],[-67.599977,-45.941541],[-67.600039,-45.941748],[-67.600087,-45.941959],[-67.600111,-45.942078],[-67.600109,-45.942182],[-67.600105,-45.942336],[-67.600082,-45.942501],[-67.600063,-45.942634],[-67.599998,-45.942829],[-67.599897,-45.943033],[-67.599853,-45.943115],[-67.599775,-45.943248],[-67.599671,-45.943391],[-67.599563,-45.943506],[-67.59944,-45.943619],[-67.599312,-45.943727],[-67.599111,-45.943874],[-67.598919,-45.94399],[-67.598764,-45.944074],[-67.598518,-45.944201],[-67.598345,-45.944277],[-67.598239,-45.944324],[-67.597845,-45.944488],[-67.595857,-45.945357],[-67.592585,-45.94673],[-67.587373,-45.948911],[-67.587054,-45.949027],[-67.586711,-45.949154],[-67.586312,-45.94927],[-67.585969,-45.94936],[-67.585835,-45.949394],[-67.585428,-45.949479],[-67.585069,-45.949546],[-67.584662,-45.949596],[-67.584243,-45.949629],[-67.583638,-45.94968],[-67.58299,-45.949765],[-67.582533,-45.949833],[-67.582274,-45.949894],[-67.581728,-45.950044],[-67.58058,-45.950411],[-67.578578,-45.95106],[-67.576277,-45.951817],[-67.575128,-45.952187],[-67.574934,-45.95225],[-67.574249,-45.952466],[-67.573836,-45.952623],[-67.573753,-45.952661],[-67.573457,-45.9528],[-67.573094,-45.953018],[-67.572839,-45.953192],[-67.572595,-45.95341],[-67.572447,-45.953578],[-67.572291,-45.953783],[-67.572215,-45.953895],[-67.572097,-45.954092],[-67.571981,-45.954433],[-67.57193,-45.954659],[-67.571909,-45.954962],[-67.571914,-45.955108],[-67.571939,-45.95531],[-67.571969,-45.955417],[-67.572036,-45.955657],[-67.57205,-45.955711],[-67.572479,-45.957255],[-67.572734,-45.95814],[-67.573136,-45.959527],[-67.573729,-45.96154],[-67.574064,-45.962798],[-67.574164,-45.963173],[-67.574285,-45.963624],[-67.574781,-45.965422],[-67.575388,-45.967973],[-67.575737,-45.969412],[-67.57596,-45.970218],[-67.575975,-45.970272],[-67.576022,-45.970424],[-67.576507,-45.972084],[-67.576646,-45.972534],[-67.576748,-45.972862],[-67.576861,-45.973151],[-67.576966,-45.973385],[-67.577079,-45.973572],[-67.577298,-45.973852],[-67.577594,-45.974166],[-67.57787,-45.974414],[-67.578106,-45.97459],[-67.578303,-45.974723],[-67.578554,-45.974881],[-67.579009,-45.975109],[-67.579381,-45.975254],[-67.579592,-45.975332],[-67.579886,-45.975426],[-67.580366,-45.975543],[-67.583422,-45.976085],[-67.585081,-45.976367],[-67.586613,-45.976628],[-67.586762,-45.976653],[-67.58679,-45.976658],[-67.587369,-45.976768],[-67.587579,-45.976806],[-67.588286,-45.976926],[-67.588386,-45.976943],[-67.588802,-45.977016],[-67.592745,-45.977699],[-67.595313,-45.978141],[-67.595792,-45.978232],[-67.596181,-45.978312],[-67.596597,-45.978411],[-67.596994,-45.978512],[-67.597347,-45.97862],[-67.597895,-45.978798],[-67.598511,-45.979012],[-67.59886,-45.979156],[-67.59985,-45.979623],[-67.603214,-45.981174],[-67.603983,-45.981531],[-67.604313,-45.981735],[-67.604599,-45.981963],[-67.604897,-45.982262],[-67.605066,-45.982447],[-67.605183,-45.982595],[-67.60533,-45.982801],[-67.605486,-45.983104],[-67.605587,-45.983356],[-67.605657,-45.983622],[-67.605677,-45.983822],[-67.60569,-45.98404],[-67.605675,-45.984243],[-67.605631,-45.984502],[-67.605593,-45.984677],[-67.605537,-45.984842],[-67.605465,-45.985017],[-67.605358,-45.985207],[-67.605239,-45.985404],[-67.605093,-45.985583],[-67.604951,-45.985736],[-67.604767,-45.985915],[-67.604604,-45.986043],[-67.604354,-45.98622],[-67.604108,-45.986383],[-67.603887,-45.986511],[-67.60356,-45.986675],[-67.603332,-45.98677],[-67.602551,-45.987054],[-67.601868,-45.98725],[-67.600186,-45.987771],[-67.598575,-45.988278],[-67.597878,-45.988489],[-67.597126,-45.988734],[-67.596786,-45.988854],[-67.59648,-45.988985],[-67.596269,-45.989109],[-67.596053,-45.989257],[-67.595892,-45.989387],[-67.595766,-45.989515],[-67.595596,-45.989701],[-67.595492,-45.989834],[-67.595455,-45.989878],[-67.595361,-45.99005],[-67.595271,-45.990242],[-67.595223,-45.990382],[-67.595183,-45.990525],[-67.595165,-45.990689],[-67.595145,-45.990828],[-67.595123,-45.991036],[-67.595129,-45.99138],[-67.595114,-45.991575],[-67.595122,-45.991718],[-67.595142,-45.991926],[-67.59539,-45.992803],[-67.596064,-45.995041],[-67.596083,-45.995102],[-67.596242,-45.995608],[-67.596391,-45.99608],[-67.596476,-45.996366],[-67.596694,-45.997095],[-67.596943,-45.997927],[-67.597445,-45.99966],[-67.597901,-46.001194],[-67.597976,-46.001432],[-67.598049,-46.001673],[-67.598443,-46.00306],[-67.598708,-46.003962],[-67.599003,-46.004912],[-67.599526,-46.006665],[-67.599655,-46.006959],[-67.599739,-46.007129],[-67.599847,-46.007349],[-67.599926,-46.007549],[-67.600056,-46.007791],[-67.60017,-46.007962],[-67.600258,-46.008121],[-67.600379,-46.008289],[-67.60047,-46.008387],[-67.60061,-46.008513],[-67.600749,-46.00862],[-67.600873,-46.008699],[-67.601028,-46.008791],[-67.601285,-46.008905],[-67.601506,-46.008973],[-67.601806,-46.009042],[-67.602248,-46.009111],[-67.602974,-46.009203],[-67.603127,-46.00922],[-67.603453,-46.009256],[-67.603945,-46.009318],[-67.604067,-46.009334],[-67.604569,-46.009392],[-67.604843,-46.009438],[-67.605198,-46.009514],[-67.605421,-46.009585],[-67.605609,-46.00969],[-67.605789,-46.009814],[-67.605893,-46.009933],[-67.605985,-46.010085],[-67.606027,-46.010193],[-67.606049,-46.01035],[-67.60606,-46.010454],[-67.606052,-46.010627],[-67.606036,-46.010993],[-67.60599,-46.012116],[-67.6059,-46.014278],[-67.605857,-46.014557],[-67.605814,-46.014696],[-67.605727,-46.014885],[-67.605604,-46.015055],[-67.605523,-46.015147],[-67.605405,-46.015267],[-67.605261,-46.015376],[-67.605077,-46.015497],[-67.604779,-46.015637],[-67.602155,-46.016702],[-67.599576,-46.017723],[-67.594912,-46.019563],[-67.594255,-46.019813],[-67.59333,-46.020144],[-67.592579,-46.020413],[-67.590781,-46.021073],[-67.590521,-46.021183],[-67.590316,-46.021296],[-67.59016,-46.021422],[-67.590043,-46.02158],[-67.589995,-46.02169],[-67.589993,-46.021861],[-67.590053,-46.022013],[-67.590214,-46.022181],[-67.590361,-46.022285],[-67.590612,-46.022408],[-67.590926,-46.022496],[-67.591341,-46.022579],[-67.592538,-46.022765],[-67.593982,-46.023014],[-67.594815,-46.023127],[-67.595568,-46.02323],[-67.596091,-46.023338],[-67.596399,-46.023444],[-67.596729,-46.023558],[-67.597055,-46.023707],[-67.597474,-46.023912],[-67.597889,-46.024147],[-67.598276,-46.024479],[-67.598655,-46.024883],[-67.598969,-46.025341],[-67.59915,-46.025771],[-67.599286,-46.026265],[-67.599425,-46.026882],[-67.599433,-46.026921],[-67.599559,-46.027476],[-67.599675,-46.027988],[-67.599779,-46.028342],[-67.599949,-46.028677],[-67.600189,-46.029043],[-67.600552,-46.029499],[-67.601561,-46.030665],[-67.602176,-46.031375],[-67.603776,-46.033159],[-67.604331,-46.033777],[-67.604515,-46.033982],[-67.606569,-46.036226],[-67.607585,-46.037399],[-67.60803,-46.037872],[-67.608575,-46.038402],[-67.609144,-46.038878],[-67.609859,-46.039353],[-67.611719,-46.040591],[-67.613511,-46.041739],[-67.614676,-46.042439],[-67.616382,-46.04332],[-67.617797,-46.044082],[-67.618029,-46.044176],[-67.618734,-46.044464],[-67.61931,-46.044663],[-67.61996,-46.044895],[-67.620594,-46.04506],[-67.620994,-46.045159],[-67.621485,-46.045252],[-67.623488,-46.045515],[-67.62432,-46.045645],[-67.624635,-46.045706],[-67.624991,-46.045809],[-67.625455,-46.04601],[-67.625699,-46.046137],[-67.626095,-46.046389],[-67.626287,-46.046553],[-67.626496,-46.046776],[-67.626681,-46.047022],[-67.626783,-46.04724],[-67.626923,-46.047589],[-67.626989,-46.047871],[-67.62764,-46.051814],[-67.627993,-46.054044],[-67.628166,-46.055104],[-67.628303,-46.055858],[-67.628118,-46.056327],[-67.628122,-46.056348],[-67.628388,-46.057971],[-67.628453,-46.058316],[-67.628514,-46.058905],[-67.628555,-46.059268],[-67.628588,-46.059728],[-67.628592,-46.059992],[-67.628592,-46.060097],[-67.62859,-46.060353],[-67.628547,-46.061027],[-67.628542,-46.061101],[-67.628488,-46.062039],[-67.628413,-46.063219],[-67.62836,-46.064131],[-67.628353,-46.064517],[-67.628365,-46.064909],[-67.628403,-46.065337],[-67.628469,-46.065688],[-67.628544,-46.066031],[-67.628713,-46.066602],[-67.628821,-46.066974],[-67.628886,-46.067288],[-67.628934,-46.067521],[-67.628977,-46.067864],[-67.62898,-46.068199],[-67.62898,-46.06829],[-67.628964,-46.07126],[-67.628954,-46.07332],[-67.628951,-46.074891],[-67.628946,-46.077155],[-67.628946,-46.077311],[-67.628945,-46.077713],[-67.628943,-46.078233],[-67.62893,-46.080336],[-67.628849,-46.093685],[-67.628802,-46.100765],[-67.628792,-46.102354],[-67.628783,-46.104368],[-67.628752,-46.110819],[-67.6288,-46.111877],[-67.62888,-46.112891],[-67.628936,-46.114111],[-67.62896,-46.114814],[-67.628917,-46.116197],[-67.628924,-46.116568],[-67.628918,-46.117026],[-67.628905,-46.118043],[-67.628849,-46.119457],[-67.628824,-46.120914],[-67.628793,-46.121527],[-67.6288,-46.121984],[-67.628847,-46.12239],[-67.628886,-46.122693],[-67.629031,-46.123376],[-67.629335,-46.124483],[-67.629555,-46.125354],[-67.629612,-46.125668],[-67.62966,-46.126052],[-67.629669,-46.126439],[-67.629599,-46.131906],[-67.629561,-46.134657],[-67.629556,-46.136025],[-67.629583,-46.137036],[-67.629574,-46.137353],[-67.629514,-46.140475],[-67.6295,-46.140737],[-67.629418,-46.141482],[-67.629416,-46.141819],[-67.629434,-46.142095],[-67.629453,-46.142315],[-67.62949,-46.142858],[-67.62951,-46.143057],[-67.629588,-46.143667],[-67.62958,-46.143884],[-67.62957,-46.144048],[-67.629547,-46.144205],[-67.629391,-46.145228],[-67.629368,-46.145613],[-67.629342,-46.147136],[-67.629324,-46.14816],[-67.629328,-46.148442],[-67.629347,-46.14874],[-67.6294,-46.149335],[-67.629529,-46.150138],[-67.629663,-46.150955],[-67.629862,-46.152204],[-67.629905,-46.152579],[-67.629931,-46.152925],[-67.629953,-46.153263],[-67.62998,-46.153802],[-67.629974,-46.15427],[-67.629905,-46.1554],[-67.629803,-46.157035],[-67.62969,-46.158733],[-67.629572,-46.16062],[-67.629465,-46.162303],[-67.629325,-46.164488],[-67.629202,-46.166297],[-67.629116,-46.167783],[-67.629104,-46.167969],[-67.629014,-46.169381],[-67.628901,-46.171097],[-67.628826,-46.172427],[-67.628698,-46.174233],[-67.628649,-46.175187],[-67.628623,-46.1756],[-67.628569,-46.176424],[-67.628515,-46.177275],[-67.628467,-46.17807],[-67.628365,-46.179574],[-67.628333,-46.18009],[-67.62829,-46.180859],[-67.628252,-46.18126],[-67.628217,-46.18154],[-67.628204,-46.181647],[-67.628144,-46.182014],[-67.628073,-46.182362],[-67.628027,-46.182563],[-67.627298,-46.185939],[-67.625377,-46.194836],[-67.623813,-46.202078],[-67.623525,-46.203409],[-67.622694,-46.207286],[-67.622458,-46.208094],[-67.615884,-46.228992],[-67.610456,-46.246624],[-67.610413,-46.246779],[-67.610357,-46.246964],[-67.610064,-46.247896],[-67.60982,-46.248684],[-67.609612,-46.249345],[-67.6093,-46.250359],[-67.609048,-46.251151],[-67.608782,-46.251989],[-67.608568,-46.252674],[-67.608364,-46.253322],[-67.608096,-46.254165],[-67.607908,-46.25478],[-67.607661,-46.255561],[-67.607448,-46.25622],[-67.607398,-46.256374],[-67.607194,-46.257034],[-67.606967,-46.257776],[-67.606719,-46.258535],[-67.606655,-46.258731],[-67.606594,-46.258923],[-67.606363,-46.259559],[-67.606065,-46.260238],[-67.60584,-46.260704],[-67.605491,-46.261429],[-67.605352,-46.261736],[-67.605199,-46.262074],[-67.605081,-46.262375],[-67.605007,-46.262588],[-67.604905,-46.262876],[-67.604649,-46.263684],[-67.604451,-46.26429],[-67.604207,-46.265016],[-67.604153,-46.26518],[-67.604099,-46.265344],[-67.600232,-46.277113],[-67.599993,-46.27785],[-67.599825,-46.278513],[-67.598792,-46.282523],[-67.596373,-46.29191],[-67.596156,-46.292747],[-67.595975,-46.293446],[-67.59547,-46.295398],[-67.594992,-46.297245],[-67.594059,-46.300848],[-67.593736,-46.302017],[-67.59335,-46.303143],[-67.592989,-46.303994],[-67.592911,-46.304139],[-67.592652,-46.304616],[-67.591151,-46.307287],[-67.590281,-46.308834],[-67.590042,-46.309259],[-67.589917,-46.309482],[-67.587846,-46.313185],[-67.587452,-46.313867],[-67.586253,-46.316007],[-67.585708,-46.316982],[-67.585582,-46.317209],[-67.585203,-46.317872],[-67.584264,-46.319533],[-67.583785,-46.320382],[-67.58364,-46.320643],[-67.582422,-46.322829],[-67.581038,-46.32527],[-67.57863,-46.329521],[-67.575134,-46.33573],[-67.573995,-46.337759],[-67.573031,-46.339781],[-67.572048,-46.341915],[-67.57107,-46.343983],[-67.563629,-46.359705],[-67.563031,-46.360883],[-67.562397,-46.362069],[-67.557059,-46.371917],[-67.556641,-46.37265],[-67.556244,-46.373231],[-67.555697,-46.373971],[-67.554908,-46.374878],[-67.55358,-46.376225],[-67.552432,-46.37742],[-67.552325,-46.377532],[-67.552138,-46.377696],[-67.550856,-46.37907],[-67.550495,-46.379412],[-67.550418,-46.379494],[-67.550109,-46.379819],[-67.549811,-46.380169],[-67.549546,-46.380504],[-67.549336,-46.380794],[-67.549127,-46.381111],[-67.548983,-46.381347],[-67.548931,-46.381432],[-67.547561,-46.384025],[-67.547199,-46.38471],[-67.546581,-46.38588],[-67.546066,-46.38696],[-67.545766,-46.387597],[-67.545634,-46.387917],[-67.54555,-46.388222],[-67.545272,-46.389313],[-67.545072,-46.390255],[-67.544899,-46.391069],[-67.54486,-46.391249],[-67.544729,-46.391855],[-67.544607,-46.392269],[-67.544484,-46.392641],[-67.544274,-46.393153],[-67.544115,-46.39353],[-67.543864,-46.394018],[-67.543499,-46.394674],[-67.543082,-46.395283],[-67.542559,-46.395973],[-67.542043,-46.396577],[-67.541714,-46.396895],[-67.541026,-46.39752],[-67.539145,-46.399083],[-67.538532,-46.39959],[-67.538285,-46.399822],[-67.538099,-46.399999],[-67.537896,-46.400209],[-67.537791,-46.400335],[-67.537706,-46.400429],[-67.537626,-46.400521],[-67.537383,-46.400841],[-67.537268,-46.401002],[-67.537063,-46.401307],[-67.536934,-46.401533],[-67.536749,-46.401895],[-67.536546,-46.4023],[-67.536323,-46.402718],[-67.536195,-46.402946],[-67.536079,-46.40314],[-67.535995,-46.403277],[-67.535746,-46.40366],[-67.535167,-46.404568],[-67.534582,-46.405463],[-67.534145,-46.406153],[-67.533769,-46.406738],[-67.533014,-46.407877],[-67.532025,-46.40941],[-67.529191,-46.413802],[-67.528406,-46.414828],[-67.527001,-46.416378],[-67.526955,-46.416432],[-67.526771,-46.416648],[-67.526747,-46.41668],[-67.526336,-46.417205],[-67.525629,-46.418189],[-67.524354,-46.419899],[-67.523052,-46.421661],[-67.522628,-46.422241],[-67.522539,-46.422376],[-67.522307,-46.422693],[-67.522195,-46.422849],[-67.521926,-46.423193],[-67.521813,-46.423343],[-67.521025,-46.42442],[-67.520745,-46.424826],[-67.520571,-46.425051],[-67.520547,-46.425087],[-67.520454,-46.425207],[-67.520339,-46.425368],[-67.520261,-46.425491],[-67.520162,-46.425668],[-67.520105,-46.425819],[-67.52009,-46.425871],[-67.520075,-46.425949],[-67.520062,-46.426039],[-67.520062,-46.426161],[-67.520075,-46.426308],[-67.520109,-46.426472],[-67.520151,-46.4266],[-67.520206,-46.426699],[-67.520271,-46.426813],[-67.520368,-46.426945],[-67.520437,-46.427036],[-67.520747,-46.427425],[-67.521061,-46.42779],[-67.521201,-46.427968],[-67.52127,-46.428044],[-67.521467,-46.428262],[-67.521762,-46.428609],[-67.522073,-46.428961],[-67.522401,-46.42937],[-67.522576,-46.429625],[-67.522642,-46.429723],[-67.522712,-46.429801],[-67.522864,-46.429919],[-67.522925,-46.429969],[-67.523,-46.430042],[-67.52307,-46.430085],[-67.523141,-46.430125],[-67.523189,-46.430159],[-67.523264,-46.430212],[-67.523288,-46.430235],[-67.523318,-46.430263],[-67.523364,-46.430326],[-67.523416,-46.430453],[-67.523428,-46.430509],[-67.523435,-46.430553],[-67.523442,-46.430578],[-67.523434,-46.430663],[-67.523389,-46.430773],[-67.523363,-46.430806],[-67.523298,-46.4309],[-67.523192,-46.431088],[-67.522815,-46.431705],[-67.522625,-46.432036],[-67.522568,-46.432134],[-67.522217,-46.43274],[-67.522207,-46.432756],[-67.52207,-46.432976],[-67.521837,-46.433388],[-67.521657,-46.433694],[-67.5215,-46.433909],[-67.521357,-46.434053],[-67.521216,-46.434137],[-67.52114,-46.434198],[-67.521051,-46.434313],[-67.520967,-46.434449],[-67.520595,-46.435104],[-67.520527,-46.43524],[-67.520444,-46.435385],[-67.520327,-46.435602],[-67.520128,-46.435982],[-67.520089,-46.436049],[-67.519349,-46.437308],[-67.519288,-46.437415],[-67.51921,-46.437564],[-67.519129,-46.437704],[-67.519,-46.437936],[-67.518941,-46.438033],[-67.518888,-46.438127],[-67.518823,-46.438224],[-67.518744,-46.438316],[-67.518638,-46.438427],[-67.518512,-46.43852],[-67.518464,-46.438559],[-67.518426,-46.438601],[-67.518373,-46.438704],[-67.518205,-46.439476],[-67.518185,-46.439565],[-67.518165,-46.439655],[-67.517964,-46.44051],[-67.517928,-46.440675],[-67.517888,-46.440838],[-67.517734,-46.441462],[-67.517724,-46.441603],[-67.51773,-46.441703],[-67.517738,-46.441804],[-67.517745,-46.441874],[-67.517763,-46.44197],[-67.517777,-46.442021],[-67.517796,-46.442072],[-67.517797,-46.442156],[-67.517776,-46.442215],[-67.517742,-46.442291],[-67.517696,-46.442336],[-67.517582,-46.442371],[-67.517508,-46.442376],[-67.517417,-46.442367],[-67.517313,-46.442329],[-67.517283,-46.442315],[-67.517255,-46.442301],[-67.517186,-46.44229],[-67.517109,-46.442292],[-67.517049,-46.442304],[-67.517004,-46.442318],[-67.516149,-46.442756],[-67.515622,-46.443021],[-67.51556,-46.443059],[-67.513944,-46.443882],[-67.512757,-46.444509],[-67.511514,-46.445161],[-67.510913,-46.445456],[-67.51035,-46.445732],[-67.510198,-46.44581],[-67.509839,-46.445994],[-67.509695,-46.446069],[-67.509204,-46.446321],[-67.507923,-46.447102],[-67.507773,-46.447199],[-67.507667,-46.447275],[-67.507516,-46.447368],[-67.507328,-46.44749],[-67.50692,-46.447797],[-67.506794,-46.447904],[-67.506471,-46.448158],[-67.506191,-46.448378],[-67.506016,-46.448515],[-67.505968,-46.448554],[-67.505789,-46.448695],[-67.505603,-46.448852],[-67.505443,-46.448993],[-67.505245,-46.449178],[-67.504861,-46.449558],[-67.504712,-46.449707],[-67.504548,-46.449872],[-67.504469,-46.449948],[-67.504424,-46.450006],[-67.504384,-46.450076],[-67.50433,-46.45023],[-67.504345,-46.450256],[-67.504354,-46.45029],[-67.504332,-46.450363],[-67.504282,-46.450437],[-67.504215,-46.450497],[-67.504121,-46.450566],[-67.504045,-46.450597],[-67.503972,-46.450628],[-67.50393,-46.45064],[-67.503885,-46.45066],[-67.503787,-46.450703],[-67.503515,-46.450923],[-67.503212,-46.451253],[-67.502521,-46.452173],[-67.50185,-46.453172],[-67.501292,-46.454003],[-67.5012,-46.454143],[-67.501024,-46.454414],[-67.500403,-46.455362],[-67.500143,-46.455772],[-67.49989,-46.456145],[-67.499714,-46.456415],[-67.499493,-46.456752],[-67.499265,-46.457109],[-67.499135,-46.457312],[-67.498878,-46.457714],[-67.498699,-46.45798],[-67.498465,-46.458328],[-67.49826,-46.458634],[-67.498136,-46.458824],[-67.497373,-46.45999],[-67.497144,-46.460337],[-67.496989,-46.460573],[-67.496973,-46.46064],[-67.496973,-46.460721],[-67.496971,-46.460788],[-67.496976,-46.460854],[-67.496992,-46.46093],[-67.497019,-46.461017],[-67.497054,-46.4611],[-67.497091,-46.461146],[-67.497111,-46.461191],[-67.497189,-46.461233],[-67.497255,-46.461284],[-67.497325,-46.461319],[-67.497434,-46.46136],[-67.497514,-46.46139],[-67.497655,-46.461419],[-67.497796,-46.461448],[-67.497939,-46.461465],[-67.498183,-46.461476],[-67.5009,-46.461485],[-67.501115,-46.461486],[-67.502217,-46.461491],[-67.502997,-46.461494],[-67.503594,-46.4615],[-67.504961,-46.461517],[-67.505674,-46.461527],[-67.506214,-46.461538],[-67.5083,-46.461563],[-67.508744,-46.461568],[-67.508919,-46.461566],[-67.509804,-46.461575],[-67.510282,-46.461571],[-67.511503,-46.461564],[-67.51211,-46.461557],[-67.512488,-46.461544],[-67.512651,-46.461547],[-67.513196,-46.461556],[-67.513617,-46.461568],[-67.514138,-46.461578],[-67.514373,-46.461583],[-67.514808,-46.461598],[-67.51507,-46.461607],[-67.515295,-46.461622],[-67.51544,-46.461642],[-67.515598,-46.461673],[-67.515752,-46.461721],[-67.515877,-46.461775],[-67.516086,-46.461895],[-67.51633,-46.462039],[-67.516429,-46.462095],[-67.516535,-46.462143],[-67.516634,-46.462164],[-67.516676,-46.462169],[-67.516727,-46.462168],[-67.516783,-46.462163],[-67.516854,-46.462152],[-67.516927,-46.462141],[-67.516945,-46.462132],[-67.517016,-46.462111],[-67.517101,-46.46209],[-67.517181,-46.462073],[-67.517264,-46.462065],[-67.51736,-46.462062],[-67.517455,-46.462071],[-67.51749,-46.462079],[-67.517559,-46.462117],[-67.517605,-46.462148],[-67.517633,-46.462181],[-67.517667,-46.462238],[-67.517686,-46.46232],[-67.517676,-46.462417],[-67.517628,-46.462514],[-67.517537,-46.462621],[-67.517431,-46.462712],[-67.51733,-46.462775],[-67.517269,-46.462817],[-67.51717,-46.462866],[-67.517133,-46.462883],[-67.517014,-46.462961],[-67.516946,-46.463017],[-67.516882,-46.463086],[-67.516825,-46.463182],[-67.516791,-46.463262],[-67.516781,-46.46329],[-67.516772,-46.46332],[-67.516764,-46.46337],[-67.516759,-46.463453],[-67.516765,-46.463723],[-67.516823,-46.46432],[-67.516831,-46.464424],[-67.516878,-46.464962],[-67.516931,-46.465709],[-67.516936,-46.465794],[-67.516936,-46.465893],[-67.516932,-46.466029],[-67.51693,-46.466319],[-67.516896,-46.466467],[-67.516983,-46.467591],[-67.517045,-46.468499],[-67.517067,-46.468681],[-67.51711,-46.46928],[-67.517219,-46.470587],[-67.517256,-46.471209],[-67.517319,-46.471942],[-67.517376,-46.472518],[-67.517436,-46.473403],[-67.517443,-46.473502],[-67.517564,-46.475273],[-67.517577,-46.475402],[-67.517669,-46.476381],[-67.517801,-46.477769],[-67.517885,-46.478837],[-67.51796,-46.479675],[-67.517974,-46.479865],[-67.517984,-46.480015],[-67.518002,-46.480279],[-67.517996,-46.480357],[-67.517976,-46.480567],[-67.517953,-46.480752],[-67.517916,-46.480918],[-67.51786,-46.481051],[-67.51779,-46.481194],[-67.517743,-46.481274],[-67.517696,-46.481354],[-67.517578,-46.481494],[-67.517454,-46.481631],[-67.51732,-46.48176],[-67.517186,-46.48186],[-67.517004,-46.481982],[-67.516762,-46.482111],[-67.516559,-46.482196],[-67.516274,-46.482299],[-67.516028,-46.482373],[-67.515679,-46.482448],[-67.515306,-46.482516],[-67.514727,-46.482602],[-67.513809,-46.482739],[-67.510556,-46.483247],[-67.509427,-46.48342],[-67.507816,-46.483662],[-67.506892,-46.483811],[-67.505315,-46.484069],[-67.503985,-46.484266],[-67.502765,-46.484449],[-67.502295,-46.484503],[-67.502048,-46.484538],[-67.501806,-46.484564],[-67.501515,-46.484578],[-67.50119,-46.484589],[-67.500931,-46.484592],[-67.500673,-46.484585],[-67.500396,-46.484571],[-67.500074,-46.484534],[-67.499806,-46.484505],[-67.499446,-46.484453],[-67.499097,-46.484386],[-67.498797,-46.48432],[-67.498474,-46.484235],[-67.498061,-46.484131],[-67.497536,-46.483995],[-67.496238,-46.483688],[-67.495825,-46.483563],[-67.495562,-46.483457],[-67.495305,-46.483326],[-67.495085,-46.483201],[-67.494865,-46.483049],[-67.494668,-46.482895],[-67.494527,-46.482754],[-67.494313,-46.482536],[-67.494088,-46.482299],[-67.49369,-46.481901],[-67.493504,-46.481745],[-67.493372,-46.481646],[-67.493191,-46.481535],[-67.492943,-46.481396],[-67.492615,-46.481247],[-67.492252,-46.481115],[-67.491898,-46.481011],[-67.491627,-46.480957],[-67.491319,-46.48091],[-67.491069,-46.480888],[-67.490747,-46.480881],[-67.490406,-46.480892],[-67.490078,-46.480922],[-67.489695,-46.480992],[-67.489275,-46.481112],[-67.488866,-46.481268],[-67.488807,-46.481296],[-67.488574,-46.481406],[-67.48831,-46.481561],[-67.488059,-46.481735],[-67.487725,-46.482026],[-67.487545,-46.482233],[-67.487455,-46.48236],[-67.487281,-46.482604],[-67.487166,-46.482766],[-67.487096,-46.482865],[-67.486681,-46.483445],[-67.486168,-46.484151],[-67.485672,-46.484831],[-67.485616,-46.484908],[-67.485383,-46.48523],[-67.485157,-46.485549],[-67.484131,-46.486962],[-67.483488,-46.487837],[-67.48307,-46.488428],[-67.482877,-46.4887],[-67.482721,-46.488938],[-67.482485,-46.489264],[-67.482179,-46.489646],[-67.482016,-46.489835],[-67.481754,-46.490147],[-67.481445,-46.490493],[-67.481265,-46.490689],[-67.481,-46.490989],[-67.480781,-46.491217],[-67.48064,-46.491365],[-67.480204,-46.491768],[-67.479665,-46.49224],[-67.478741,-46.492997],[-67.478087,-46.493577],[-67.477606,-46.493979],[-67.476939,-46.494559],[-67.476707,-46.494755],[-67.476343,-46.495065],[-67.47574,-46.495582],[-67.474346,-46.496827],[-67.47391,-46.49727],[-67.473462,-46.497844],[-67.472426,-46.499294],[-67.469234,-46.503742],[-67.467736,-46.50582],[-67.467393,-46.50634],[-67.467072,-46.506851],[-67.465356,-46.509824],[-67.464337,-46.511626],[-67.464069,-46.512113],[-67.463908,-46.512497],[-67.463779,-46.512977],[-67.463675,-46.513535],[-67.463659,-46.513923],[-67.463667,-46.514223],[-67.463697,-46.514892],[-67.463796,-46.515343],[-67.46387,-46.515797],[-67.463947,-46.516145],[-67.463988,-46.516355],[-67.464061,-46.516818],[-67.464176,-46.51743],[-67.464467,-46.519085],[-67.464606,-46.519832],[-67.464723,-46.520535],[-67.464895,-46.521674],[-67.464933,-46.521932],[-67.464954,-46.522187],[-67.464981,-46.522526],[-67.464971,-46.522744],[-67.464933,-46.523039],[-67.464858,-46.52325],[-67.464744,-46.523474],[-67.464636,-46.523654],[-67.464541,-46.523807],[-67.464449,-46.523917],[-67.464193,-46.524176],[-67.464075,-46.524276],[-67.463898,-46.524412],[-67.463699,-46.524534],[-67.463468,-46.52466],[-67.463302,-46.524745],[-67.463029,-46.524863],[-67.462787,-46.524959],[-67.462382,-46.525106],[-67.461545,-46.525405],[-67.460639,-46.525726],[-67.459743,-46.526047],[-67.459712,-46.52606],[-67.45944,-46.526169],[-67.459075,-46.526313],[-67.458909,-46.526387],[-67.458635,-46.526535],[-67.458426,-46.526667],[-67.458206,-46.526837],[-67.45804,-46.526966],[-67.45782,-46.527195],[-67.457694,-46.527357],[-67.457589,-46.52752],[-67.457503,-46.527697],[-67.457417,-46.527897],[-67.457375,-46.52804],[-67.457316,-46.528302],[-67.457289,-46.528517],[-67.457256,-46.529328],[-67.457243,-46.529867],[-67.457203,-46.531061],[-67.4572,-46.53114],[-67.457136,-46.532676],[-67.457141,-46.53286],[-67.457141,-46.534986],[-67.457104,-46.536418],[-67.457082,-46.537654],[-67.457077,-46.53813],[-67.457071,-46.538307],[-67.457065,-46.53848],[-67.457056,-46.538557],[-67.457016,-46.538709],[-67.456979,-46.538836],[-67.45694,-46.538961],[-67.456733,-46.53959],[-67.456449,-46.540252],[-67.456252,-46.540675],[-67.455993,-46.541116],[-67.455684,-46.541525],[-67.454609,-46.542812],[-67.449198,-46.548592],[-67.446352,-46.551635],[-67.441445,-46.556866],[-67.438826,-46.559657],[-67.434,-46.564799],[-67.428677,-46.57053],[-67.427117,-46.572194],[-67.423859,-46.575613],[-67.423464,-46.575969],[-67.422979,-46.576333],[-67.422528,-46.576665],[-67.422034,-46.576962],[-67.421455,-46.577277],[-67.420693,-46.577653],[-67.420135,-46.577845],[-67.419436,-46.578062],[-67.417445,-46.57854],[-67.416304,-46.578844],[-67.415586,-46.579085],[-67.414731,-46.579493],[-67.414149,-46.579821],[-67.413696,-46.580121],[-67.413151,-46.580551],[-67.412769,-46.580971],[-67.412443,-46.581436],[-67.412259,-46.581739],[-67.412076,-46.582061],[-67.410881,-46.584267],[-67.410689,-46.584633],[-67.405425,-46.594674],[-67.402791,-46.599754],[-67.401416,-46.602407],[-67.397452,-46.609943],[-67.396384,-46.611997],[-67.395608,-46.613469],[-67.39532,-46.614015],[-67.392361,-46.619628],[-67.388612,-46.626869],[-67.387749,-46.628377],[-67.387327,-46.629058],[-67.386813,-46.629779],[-67.386328,-46.630506],[-67.382712,-46.635196],[-67.379096,-46.640016],[-67.377432,-46.642283],[-67.377213,-46.642573],[-67.376907,-46.643],[-67.376614,-46.643534],[-67.376452,-46.643957],[-67.376346,-46.644415],[-67.376313,-46.644793],[-67.376305,-46.645186],[-67.376327,-46.645443],[-67.376379,-46.645866],[-67.376463,-46.646198],[-67.376581,-46.646577],[-67.37796,-46.650576],[-67.380032,-46.656481],[-67.380374,-46.657307],[-67.38063,-46.657761],[-67.380911,-46.658155],[-67.381447,-46.658769],[-67.384195,-46.66166],[-67.384943,-46.662564],[-67.38522,-46.662915],[-67.385427,-46.663242],[-67.38565,-46.663715],[-67.385854,-46.664294],[-67.387163,-46.668449],[-67.388049,-46.671536],[-67.38831,-46.672741],[-67.390563,-46.685324],[-67.390567,-46.68564],[-67.390505,-46.685918],[-67.390392,-46.686122],[-67.390245,-46.686342],[-67.38996,-46.686676],[-67.389897,-46.686725],[-67.389716,-46.686865],[-67.389321,-46.687077],[-67.388684,-46.687312],[-67.386098,-46.688126],[-67.385415,-46.688372],[-67.385025,-46.688539],[-67.384748,-46.688707],[-67.384521,-46.68893],[-67.38437,-46.689161],[-67.384277,-46.689376],[-67.383951,-46.690212],[-67.38378,-46.690548],[-67.383633,-46.690732],[-67.383464,-46.690915],[-67.383025,-46.691216],[-67.382439,-46.69164],[-67.381789,-46.691953],[-67.381236,-46.692131],[-67.380797,-46.692176],[-67.380276,-46.692164],[-67.379561,-46.69212],[-67.379139,-46.692094],[-67.378829,-46.692075],[-67.378195,-46.692142],[-67.377691,-46.692287],[-67.377379,-46.692441],[-67.377171,-46.692578],[-67.376925,-46.692821],[-67.376731,-46.693168],[-67.376559,-46.69359],[-67.375596,-46.69767],[-67.3754,-46.69819],[-67.375271,-46.698533],[-67.375069,-46.698885],[-67.374827,-46.699228],[-67.374148,-46.700049],[-67.373875,-46.700371],[-67.369384,-46.705057],[-67.368376,-46.706074],[-67.367997,-46.706556],[-67.367641,-46.707045],[-67.367393,-46.707525],[-67.367213,-46.708033],[-67.367161,-46.708352],[-67.367147,-46.708791],[-67.367173,-46.709163],[-67.36752,-46.711388],[-67.367867,-46.714379],[-67.367916,-46.714706],[-67.367998,-46.715245],[-67.368123,-46.715677],[-67.368218,-46.715919],[-67.368356,-46.71616],[-67.368491,-46.716335],[-67.368837,-46.716728],[-67.369999,-46.717901],[-67.371109,-46.719069],[-67.371404,-46.71942],[-67.371538,-46.719604],[-67.371656,-46.719805],[-67.371823,-46.720067],[-67.371971,-46.720359],[-67.372118,-46.720685],[-67.372242,-46.721024],[-67.37237,-46.721406],[-67.372448,-46.721815],[-67.372504,-46.722237],[-67.372503,-46.722652],[-67.372456,-46.724102],[-67.372373,-46.725566],[-67.372287,-46.727112],[-67.372305,-46.727761],[-67.372351,-46.728258],[-67.372477,-46.728926],[-67.372625,-46.729491],[-67.372898,-46.73031],[-67.373137,-46.730835],[-67.373328,-46.731217],[-67.373511,-46.731543],[-67.37382,-46.731975],[-67.375157,-46.733685],[-67.376072,-46.734892],[-67.37701,-46.735981],[-67.378614,-46.737967],[-67.381044,-46.741019],[-67.383593,-46.744195],[-67.383748,-46.744412],[-67.383883,-46.744626],[-67.383983,-46.74484],[-67.384096,-46.745129],[-67.384157,-46.745392],[-67.384188,-46.745651],[-67.384179,-46.745879],[-67.384145,-46.746036],[-67.384104,-46.746187],[-67.384037,-46.746378],[-67.383941,-46.746563],[-67.383828,-46.746779],[-67.383665,-46.747001],[-67.382797,-46.74813],[-67.382511,-46.748525],[-67.382411,-46.748729],[-67.382345,-46.74897],[-67.382348,-46.749201],[-67.382435,-46.749429],[-67.382546,-46.749647],[-67.382725,-46.749873],[-67.383067,-46.750194],[-67.3838,-46.750829],[-67.383984,-46.75106],[-67.384082,-46.751221],[-67.384169,-46.751421],[-67.384239,-46.75165],[-67.384266,-46.75178],[-67.384314,-46.751975],[-67.384372,-46.752131],[-67.384501,-46.752407],[-67.384742,-46.752926],[-67.384811,-46.753126],[-67.384854,-46.753323],[-67.384873,-46.753627],[-67.384846,-46.754038],[-67.384803,-46.754389],[-67.384767,-46.754573],[-67.384698,-46.75481],[-67.384548,-46.755134],[-67.384303,-46.755511],[-67.38393,-46.75593],[-67.383679,-46.756148],[-67.383382,-46.75639],[-67.381704,-46.757491],[-67.377825,-46.760036],[-67.371395,-46.764294],[-67.362728,-46.770017],[-67.361705,-46.770714],[-67.361212,-46.771063],[-67.360689,-46.77145],[-67.360305,-46.771776],[-67.359927,-46.772111],[-67.3593,-46.77271],[-67.358851,-46.773176],[-67.358425,-46.773651],[-67.357926,-46.774308],[-67.357602,-46.774778],[-67.357283,-46.775278],[-67.351363,-46.784939],[-67.348412,-46.789765],[-67.347903,-46.790594],[-67.345436,-46.794611],[-67.334087,-46.813117],[-67.333982,-46.813289],[-67.333576,-46.813948],[-67.328237,-46.822617],[-67.322505,-46.831935],[-67.320769,-46.834765],[-67.319922,-46.836134],[-67.319027,-46.837574],[-67.317208,-46.840529],[-67.316038,-46.842431],[-67.314547,-46.84486],[-67.313801,-46.846067],[-67.312978,-46.847386],[-67.303308,-46.86307],[-67.298486,-46.870908],[-67.296072,-46.874828],[-67.294195,-46.87789],[-67.293631,-46.87881],[-67.291331,-46.882537],[-67.282108,-46.897501],[-67.277489,-46.904989],[-67.272887,-46.912455],[-67.268688,-46.919241],[-67.266874,-46.922187],[-67.266455,-46.922879],[-67.266267,-46.923227],[-67.266069,-46.923605],[-67.265822,-46.924205],[-67.265672,-46.924582],[-67.265533,-46.92496],[-67.265344,-46.92563],[-67.2652,-46.926279],[-67.265083,-46.927121],[-67.265008,-46.927657],[-67.262233,-46.9476],[-67.260844,-46.957567],[-67.260157,-46.962547],[-67.259819,-46.965047],[-67.259478,-46.96753],[-67.258431,-46.97513],[-67.258352,-46.975703],[-67.256297,-46.990603],[-67.255385,-46.997342],[-67.253555,-47.010639],[-67.253473,-47.011422],[-67.253373,-47.012206],[-67.253284,-47.012932],[-67.253276,-47.012983],[-67.25321,-47.013479],[-67.253194,-47.013606],[-67.253089,-47.014355],[-67.252964,-47.015242],[-67.252901,-47.015586],[-67.252889,-47.015652],[-67.2528,-47.016086],[-67.252654,-47.017321],[-67.252475,-47.018571],[-67.25228,-47.019733],[-67.252239,-47.019886],[-67.25222,-47.019961],[-67.252104,-47.020333],[-67.251942,-47.020698],[-67.251805,-47.020976],[-67.251645,-47.021297],[-67.251449,-47.021612],[-67.251232,-47.02194],[-67.251111,-47.02212],[-67.250727,-47.022574],[-67.250332,-47.022948],[-67.250091,-47.023172],[-67.249187,-47.023839],[-67.248964,-47.02398],[-67.248611,-47.024249],[-67.248297,-47.024442],[-67.24802,-47.024614],[-67.246762,-47.025299],[-67.246081,-47.02569],[-67.245534,-47.02599],[-67.24402,-47.026733],[-67.240038,-47.028952],[-67.231758,-47.033563],[-67.228995,-47.035081],[-67.21914,-47.040514],[-67.2181,-47.041096],[-67.217188,-47.041718],[-67.215976,-47.042756],[-67.215257,-47.043516],[-67.214713,-47.044166],[-67.214219,-47.044926],[-67.213798,-47.045702],[-67.213449,-47.046489],[-67.213288,-47.047061],[-67.213105,-47.047726],[-67.21265,-47.049815],[-67.211742,-47.053757],[-67.209193,-47.064819],[-67.207003,-47.074323],[-67.205755,-47.079739],[-67.205656,-47.08017],[-67.203964,-47.08751],[-67.203646,-47.088896],[-67.202237,-47.095036],[-67.201891,-47.096545],[-67.200725,-47.101627],[-67.200231,-47.103468],[-67.200017,-47.105323],[-67.19991,-47.106739],[-67.199952,-47.108521],[-67.200149,-47.109993],[-67.202497,-47.122972],[-67.20273,-47.123908],[-67.203032,-47.124928],[-67.203355,-47.125683],[-67.203966,-47.126929],[-67.204438,-47.127737],[-67.206971,-47.131185],[-67.207613,-47.132055],[-67.209461,-47.134603],[-67.209719,-47.134907],[-67.210103,-47.135421],[-67.210728,-47.136334],[-67.211319,-47.137135],[-67.211517,-47.137314],[-67.211645,-47.137416],[-67.211836,-47.137552],[-67.211947,-47.137632],[-67.212036,-47.1377],[-67.212094,-47.137748],[-67.212155,-47.137828],[-67.213547,-47.139768],[-67.213599,-47.139845],[-67.213632,-47.139914],[-67.213669,-47.14002],[-67.213689,-47.140142],[-67.213717,-47.140256],[-67.213756,-47.140374],[-67.213795,-47.140492],[-67.213837,-47.140591],[-67.21389,-47.140697],[-67.215501,-47.142954],[-67.216217,-47.143942],[-67.223192,-47.153575],[-67.223625,-47.15427],[-67.223696,-47.15446],[-67.223816,-47.154778],[-67.223907,-47.155138],[-67.223949,-47.155503],[-67.224034,-47.15627],[-67.224098,-47.156674],[-67.224161,-47.157013],[-67.224256,-47.157345],[-67.224392,-47.157754],[-67.224612,-47.158283],[-67.224869,-47.15872],[-67.225361,-47.159193],[-67.231245,-47.163609],[-67.231694,-47.164017],[-67.232058,-47.164425],[-67.232412,-47.164863],[-67.23261,-47.165205],[-67.232873,-47.165636],[-67.233298,-47.166596],[-67.233394,-47.166814],[-67.234289,-47.169217],[-67.23444,-47.169604],[-67.234783,-47.170231],[-67.23503,-47.170669],[-67.235384,-47.171194],[-67.23674,-47.17317],[-67.237774,-47.174706],[-67.238871,-47.176223],[-67.23987,-47.177624],[-67.241088,-47.179367],[-67.241433,-47.179817],[-67.241821,-47.180281],[-67.242377,-47.180891],[-67.24283,-47.181316],[-67.243366,-47.181725],[-67.243767,-47.181963],[-67.244255,-47.182216],[-67.244871,-47.182523],[-67.248359,-47.184025],[-67.249095,-47.184364],[-67.25785,-47.188054],[-67.25856,-47.188368],[-67.259566,-47.188885],[-67.260221,-47.189286],[-67.260897,-47.189855],[-67.261412,-47.190424],[-67.261782,-47.190985],[-67.262045,-47.191554],[-67.262227,-47.192166],[-67.262259,-47.192538],[-67.26227,-47.192968],[-67.262218,-47.193357],[-67.262154,-47.193676],[-67.262131,-47.193792],[-67.262013,-47.19428],[-67.26182,-47.194761],[-67.261283,-47.195563],[-67.260489,-47.19654],[-67.258258,-47.199004],[-67.257764,-47.199646],[-67.257163,-47.200462],[-67.256756,-47.201279],[-67.256605,-47.201905],[-67.256477,-47.202489],[-67.256455,-47.203159],[-67.256502,-47.204391],[-67.256647,-47.206672],[-67.25929,-47.243649],[-67.259384,-47.244844],[-67.260419,-47.257871],[-67.260583,-47.260427],[-67.260591,-47.260557],[-67.262503,-47.287944],[-67.26331,-47.299214],[-67.263332,-47.299513],[-67.264134,-47.310708],[-67.264205,-47.311704],[-67.264211,-47.311783],[-67.26528,-47.326685],[-67.265597,-47.33083],[-67.26579,-47.332473],[-67.265951,-47.333607],[-67.266112,-47.334596],[-67.266622,-47.337006],[-67.266885,-47.338392],[-67.267048,-47.339609],[-67.267142,-47.341212],[-67.267284,-47.378055],[-67.267304,-47.392964],[-67.267309,-47.397217],[-67.267367,-47.44044],[-67.267422,-47.449796],[-67.267495,-47.462288],[-67.267511,-47.464983],[-67.267545,-47.470868],[-67.267542,-47.471429],[-67.267548,-47.477581],[-67.26757,-47.48057],[-67.267578,-47.480938],[-67.26759,-47.485776],[-67.2676,-47.486076],[-67.267609,-47.486374],[-67.267623,-47.486869],[-67.267631,-47.487155],[-67.267649,-47.487439],[-67.267669,-47.487782],[-67.267799,-47.489182],[-67.26857,-47.495865],[-67.269201,-47.50136],[-67.269555,-47.504265],[-67.269921,-47.507263],[-67.270628,-47.512955],[-67.270774,-47.51374],[-67.270942,-47.514408],[-67.271427,-47.515918],[-67.2716,-47.516297],[-67.273203,-47.519796],[-67.280814,-47.536271],[-67.28134,-47.537646],[-67.281686,-47.538564],[-67.281947,-47.539453],[-67.282258,-47.540692],[-67.282505,-47.542018],[-67.284331,-47.560429],[-67.284385,-47.560978],[-67.285093,-47.568116],[-67.285505,-47.572264],[-67.286536,-47.58263],[-67.287488,-47.592201],[-67.28766,-47.593558],[-67.287874,-47.594669],[-67.288175,-47.59566],[-67.288483,-47.596631],[-67.288877,-47.597559],[-67.289408,-47.598575],[-67.29017,-47.599798],[-67.302524,-47.617436],[-67.303576,-47.618937],[-67.303959,-47.619485],[-67.307131,-47.624021],[-67.307182,-47.624095],[-67.307274,-47.624222],[-67.307799,-47.62495],[-67.307926,-47.625126],[-67.311656,-47.630391],[-67.315127,-47.635481],[-67.319083,-47.641171],[-67.320001,-47.64232],[-67.320451,-47.642826],[-67.320988,-47.643347],[-67.321936,-47.644156],[-67.326069,-47.647097],[-67.326202,-47.647192],[-67.326272,-47.647244],[-67.327715,-47.648333],[-67.328392,-47.648893],[-67.329163,-47.649678],[-67.332682,-47.653278],[-67.333433,-47.653971],[-67.333991,-47.654448],[-67.334892,-47.655142],[-67.338263,-47.657686],[-67.33942,-47.658539],[-67.339891,-47.658969],[-67.340296,-47.659366],[-67.340815,-47.659984],[-67.341148,-47.660517],[-67.341417,-47.661039],[-67.34236,-47.663208],[-67.343232,-47.66535],[-67.343587,-47.666228],[-67.343876,-47.666854],[-67.344105,-47.667196],[-67.344321,-47.667475],[-67.344558,-47.667718],[-67.344827,-47.667961],[-67.34706,-47.669799],[-67.347405,-47.670163],[-67.347542,-47.670284],[-67.34899,-47.67205],[-67.349484,-47.672578],[-67.34988,-47.672972],[-67.353139,-47.675951],[-67.358588,-47.680802],[-67.363314,-47.684968],[-67.371538,-47.692397],[-67.375706,-47.696087],[-67.376081,-47.696419],[-67.376884,-47.697229],[-67.377561,-47.698065],[-67.37884,-47.699828],[-67.381225,-47.703453],[-67.383404,-47.706544],[-67.383926,-47.707233],[-67.384448,-47.707889],[-67.387254,-47.710953],[-67.388309,-47.711979],[-67.388814,-47.712433],[-67.389384,-47.712887],[-67.397312,-47.718615],[-67.399939,-47.720521],[-67.40066,-47.721061],[-67.401101,-47.721391],[-67.401527,-47.721709],[-67.402319,-47.722333],[-67.403094,-47.723086],[-67.404038,-47.724018],[-67.405898,-47.725975],[-67.408204,-47.728375],[-67.408887,-47.729027],[-67.409544,-47.729703],[-67.409953,-47.730078],[-67.41041,-47.730442],[-67.411856,-47.731551],[-67.419954,-47.737825],[-67.420289,-47.738093],[-67.420646,-47.738423],[-67.420918,-47.738717],[-67.421125,-47.738978],[-67.42471,-47.743408],[-67.436212,-47.757685],[-67.437177,-47.758996],[-67.437467,-47.759454],[-67.437692,-47.75989],[-67.437971,-47.760539],[-67.438142,-47.761203],[-67.438244,-47.76171],[-67.438314,-47.762184],[-67.438544,-47.766633],[-67.438596,-47.767068],[-67.438691,-47.767529],[-67.438786,-47.767924],[-67.438958,-47.768429],[-67.439215,-47.769006],[-67.440468,-47.771566],[-67.44307,-47.776873],[-67.445279,-47.781316],[-67.447465,-47.785776],[-67.448013,-47.786886],[-67.448378,-47.787506],[-67.448852,-47.78825],[-67.449408,-47.788977],[-67.450051,-47.78977],[-67.451293,-47.79108],[-67.451786,-47.791633],[-67.452167,-47.79208],[-67.456882,-47.797448],[-67.460222,-47.801151],[-67.461689,-47.802777],[-67.464434,-47.80582],[-67.465658,-47.807214],[-67.466209,-47.807917],[-67.466574,-47.808464],[-67.466837,-47.808933],[-67.467202,-47.809735],[-67.467528,-47.810537],[-67.468399,-47.813008],[-67.470024,-47.817579],[-67.476048,-47.834853],[-67.476437,-47.835839],[-67.476808,-47.836713],[-67.47725,-47.837659],[-67.478589,-47.840127],[-67.479229,-47.841405],[-67.47995,-47.842912],[-67.480373,-47.843956],[-67.481492,-47.847225],[-67.483997,-47.855028],[-67.484766,-47.857208],[-67.485371,-47.858714],[-67.485924,-47.859778],[-67.486466,-47.860806],[-67.487051,-47.861881],[-67.493967,-47.874131],[-67.496072,-47.877848],[-67.496588,-47.878571],[-67.496888,-47.878925],[-67.497107,-47.879183],[-67.498573,-47.880752],[-67.49911,-47.881399],[-67.499611,-47.882028],[-67.500041,-47.882762],[-67.500592,-47.883817],[-67.500834,-47.884518],[-67.500963,-47.88528],[-67.50161,-47.888621],[-67.501636,-47.888756],[-67.501864,-47.889512],[-67.502229,-47.890374],[-67.502744,-47.891352],[-67.50356,-47.892633],[-67.504396,-47.893626],[-67.511134,-47.900819],[-67.516276,-47.906146],[-67.518001,-47.908069],[-67.519052,-47.909349],[-67.519631,-47.910082],[-67.520168,-47.910902],[-67.52109,-47.912398],[-67.522799,-47.915466],[-67.526576,-47.922484],[-67.528472,-47.926016],[-67.529768,-47.928706],[-67.530865,-47.93148],[-67.533795,-47.938914],[-67.534888,-47.941687],[-67.53566,-47.943613],[-67.536476,-47.945625],[-67.537162,-47.947091],[-67.537913,-47.948528],[-67.538935,-47.9502],[-67.542076,-47.955182],[-67.544458,-47.958875],[-67.546968,-47.962841],[-67.548892,-47.965834],[-67.550037,-47.96764],[-67.550895,-47.969005],[-67.55126,-47.969594],[-67.551668,-47.97014],[-67.552298,-47.970943],[-67.552891,-47.971634],[-67.554607,-47.973415],[-67.562453,-47.981578],[-67.584685,-48.005557],[-67.585736,-48.006706],[-67.586315,-48.007409],[-67.586981,-48.008299],[-67.587925,-48.009749],[-67.588976,-48.011787],[-67.589091,-48.012015],[-67.589736,-48.013296],[-67.590242,-48.014299],[-67.59112,-48.016038],[-67.591967,-48.017841],[-67.596785,-48.028094],[-67.601454,-48.037695],[-67.603686,-48.042284],[-67.610349,-48.055983],[-67.610978,-48.057323],[-67.611277,-48.05786],[-67.611557,-48.058246],[-67.612211,-48.058984],[-67.612939,-48.05982],[-67.613313,-48.060382],[-67.613556,-48.060869],[-67.613705,-48.061318],[-67.613929,-48.062042],[-67.614076,-48.062986],[-67.614265,-48.063952],[-67.614466,-48.064817],[-67.614658,-48.065351],[-67.614882,-48.065862],[-67.61526,-48.066509],[-67.616698,-48.068488],[-67.617329,-48.069358],[-67.617777,-48.070046],[-67.618226,-48.070843],[-67.618861,-48.072029],[-67.619384,-48.073127],[-67.624423,-48.084201],[-67.641488,-48.122215],[-67.641851,-48.12301],[-67.642056,-48.123482],[-67.642866,-48.125285],[-67.64794,-48.136582],[-67.65078,-48.142765],[-67.651541,-48.144473],[-67.66854,-48.182614],[-67.671056,-48.188186],[-67.672034,-48.190352],[-67.68369,-48.216152],[-67.688841,-48.227551],[-67.692057,-48.234665],[-67.699244,-48.250677],[-67.71094,-48.276725],[-67.724847,-48.307076],[-67.725519,-48.308541],[-67.725805,-48.309227],[-67.726084,-48.310097],[-67.726277,-48.310825],[-67.726389,-48.311673],[-67.726478,-48.31238],[-67.728278,-48.337468],[-67.730486,-48.371044],[-67.73085,-48.376581],[-67.730914,-48.377679],[-67.730828,-48.378591],[-67.730806,-48.378663],[-67.730635,-48.379204],[-67.730206,-48.379959],[-67.729745,-48.380657],[-67.729286,-48.38118],[-67.728696,-48.381774],[-67.725874,-48.384232],[-67.725254,-48.384795],[-67.724548,-48.385486],[-67.724134,-48.386051],[-67.723764,-48.38674],[-67.723511,-48.387541],[-67.723374,-48.388336],[-67.723373,-48.388994],[-67.723857,-48.39405],[-67.724764,-48.402331],[-67.725569,-48.409804],[-67.725699,-48.411855],[-67.725764,-48.413852],[-67.725741,-48.419143],[-67.725703,-48.427764],[-67.725736,-48.429085],[-67.72593,-48.430409],[-67.726251,-48.431747],[-67.726745,-48.433071],[-67.727367,-48.434281],[-67.72977,-48.438111],[-67.730962,-48.440292],[-67.731466,-48.441342],[-67.732002,-48.44258],[-67.732281,-48.443477],[-67.732474,-48.444445],[-67.732667,-48.445612],[-67.732667,-48.446751],[-67.732569,-48.447807],[-67.732338,-48.449911],[-67.730479,-48.466859],[-67.730393,-48.467897],[-67.730436,-48.468793],[-67.730629,-48.469661],[-67.731252,-48.471372],[-67.731401,-48.471866],[-67.731449,-48.472416],[-67.731418,-48.473424],[-67.729183,-48.486506],[-67.729105,-48.487257],[-67.729183,-48.487985],[-67.729403,-48.489123],[-67.729651,-48.490147],[-67.730249,-48.492308],[-67.73035,-48.493087],[-67.730285,-48.493727],[-67.730157,-48.494396],[-67.72977,-48.495562],[-67.728964,-48.497428],[-67.728462,-48.498562],[-67.728161,-48.499486],[-67.727934,-48.500385],[-67.727839,-48.501278],[-67.727763,-48.502091],[-67.727839,-48.502955],[-67.728063,-48.503939],[-67.728405,-48.505048],[-67.734177,-48.521944],[-67.734301,-48.522333],[-67.734749,-48.523652],[-67.734877,-48.524291],[-67.73492,-48.52486],[-67.734942,-48.525442],[-67.734899,-48.526068],[-67.734629,-48.527222],[-67.733084,-48.532337],[-67.732957,-48.53303],[-67.732913,-48.533701],[-67.732989,-48.534295],[-67.733096,-48.534835],[-67.733256,-48.535293],[-67.733611,-48.535986],[-67.73401,-48.536731],[-67.734513,-48.537506],[-67.735048,-48.538203],[-67.735671,-48.538799],[-67.736337,-48.539339],[-67.737409,-48.540092],[-67.738824,-48.540931],[-67.741571,-48.542636],[-67.742237,-48.543104],[-67.742903,-48.543644],[-67.74358,-48.544387],[-67.74389,-48.544908],[-67.744254,-48.54559],[-67.744405,-48.546172],[-67.744576,-48.547024],[-67.744586,-48.547681],[-67.744576,-48.548289],[-67.744414,-48.548931],[-67.737472,-48.563014],[-67.736893,-48.564236],[-67.736592,-48.565116],[-67.736485,-48.565897],[-67.736464,-48.566664],[-67.736614,-48.567857],[-67.737086,-48.570171],[-67.737258,-48.570721],[-67.737343,-48.570995],[-67.737601,-48.571605],[-67.737858,-48.572074],[-67.738266,-48.572727],[-67.738802,-48.573607],[-67.739167,-48.574303],[-67.739339,-48.574856],[-67.739489,-48.575353],[-67.739553,-48.576233],[-67.739436,-48.577105],[-67.738234,-48.583578],[-67.737513,-48.587269],[-67.726904,-48.641573],[-67.720725,-48.672757],[-67.717527,-48.690324],[-67.717206,-48.691514],[-67.716776,-48.692817],[-67.716261,-48.694063],[-67.708633,-48.712051],[-67.704346,-48.722154],[-67.703939,-48.722856],[-67.703457,-48.723539],[-67.702963,-48.724196],[-67.702405,-48.724866],[-67.701578,-48.725752],[-67.683726,-48.743395],[-67.68262,-48.744436],[-67.681693,-48.745465],[-67.680945,-48.746527],[-67.680473,-48.747427],[-67.680197,-48.74821],[-67.680018,-48.748961],[-67.67992,-48.749776],[-67.679904,-48.750601],[-67.680213,-48.767322],[-67.680481,-48.773107],[-67.68163,-48.797887],[-67.682706,-48.821083],[-67.682734,-48.82169],[-67.683755,-48.841156],[-67.684951,-48.863978],[-67.685401,-48.872554],[-67.685405,-48.873571],[-67.685287,-48.874436],[-67.684979,-48.875524],[-67.684778,-48.876065],[-67.684504,-48.876618],[-67.684127,-48.877342],[-67.683911,-48.877657],[-67.681116,-48.881757],[-67.67241,-48.894521],[-67.67166,-48.895759],[-67.671221,-48.896736],[-67.670895,-48.897695],[-67.670598,-48.898868],[-67.667107,-48.915547],[-67.666883,-48.916492],[-67.666566,-48.917474],[-67.666117,-48.91837],[-67.665501,-48.919205],[-67.66466,-48.920138],[-67.66382,-48.920911],[-67.662904,-48.92166],[-67.661765,-48.922433],[-67.661441,-48.922624],[-67.637148,-48.936959],[-67.635753,-48.937847],[-67.634873,-48.938538],[-67.634096,-48.93929],[-67.63369,-48.939746],[-67.633414,-48.940201],[-67.632835,-48.941385],[-67.632384,-48.94271],[-67.632234,-48.943541],[-67.632277,-48.944387],[-67.632449,-48.944866],[-67.632728,-48.945373],[-67.6332,-48.945895],[-67.633929,-48.946444],[-67.634959,-48.946909],[-67.636375,-48.947304],[-67.638586,-48.947769],[-67.63983,-48.948051],[-67.641096,-48.948431],[-67.644549,-48.949664],[-67.645946,-48.950221],[-67.646975,-48.950785],[-67.647641,-48.951278],[-67.648241,-48.951827],[-67.648692,-48.952645],[-67.648885,-48.953321],[-67.64895,-48.954124],[-67.648778,-48.955054],[-67.648112,-48.957722],[-67.647681,-48.959208],[-67.64753,-48.959728],[-67.647425,-48.960089],[-67.647212,-48.961141],[-67.647109,-48.962118],[-67.647169,-48.963029],[-67.647319,-48.963677],[-67.647452,-48.964147],[-67.647812,-48.964888],[-67.648542,-48.966184],[-67.649293,-48.96779],[-67.649765,-48.968959],[-67.650087,-48.970128],[-67.651353,-48.97541],[-67.653084,-48.982433],[-67.653597,-48.984513],[-67.65689,-48.99787],[-67.657908,-49.002],[-67.658252,-49.003464],[-67.658741,-49.006555],[-67.662925,-49.03298],[-67.663442,-49.036353],[-67.663633,-49.037601],[-67.671021,-49.084092],[-67.6714,-49.08648],[-67.67358,-49.100331],[-67.675707,-49.113843],[-67.675965,-49.115135],[-67.676158,-49.115865],[-67.676308,-49.116539],[-67.676651,-49.117494],[-67.677123,-49.11859],[-67.688245,-49.144176],[-67.688646,-49.145069],[-67.689032,-49.145799],[-67.689701,-49.146839],[-67.690406,-49.147764],[-67.691178,-49.148635],[-67.699375,-49.15749],[-67.711649,-49.170661],[-67.714374,-49.17351],[-67.717357,-49.176627],[-67.718301,-49.177595],[-67.719438,-49.178647],[-67.720404,-49.179447],[-67.723086,-49.181439],[-67.723923,-49.182112],[-67.724588,-49.182729],[-67.725189,-49.183416],[-67.725789,-49.184328],[-67.726884,-49.186628],[-67.729587,-49.192476],[-67.730446,-49.194173],[-67.730896,-49.194972],[-67.73139,-49.195603],[-67.731991,-49.19629],[-67.732978,-49.197201],[-67.733664,-49.197748],[-67.738256,-49.201179],[-67.743235,-49.204656],[-67.746999,-49.20682],[-67.749243,-49.208109],[-67.75583,-49.211726],[-67.767758,-49.218299],[-67.76849,-49.218702],[-67.769684,-49.21943],[-67.770828,-49.22015],[-67.771671,-49.220739],[-67.772812,-49.221671],[-67.773577,-49.222474],[-67.774193,-49.223205],[-67.774742,-49.224095],[-67.775177,-49.224985],[-67.775495,-49.225836],[-67.775634,-49.226496],[-67.775829,-49.227437],[-67.776099,-49.228694],[-67.776219,-49.229576],[-67.776253,-49.230516],[-67.776156,-49.231959],[-67.775971,-49.233499],[-67.775912,-49.234459],[-67.775948,-49.235388],[-67.77608,-49.236313],[-67.778919,-49.249797],[-67.779069,-49.250945],[-67.779133,-49.252094],[-67.779133,-49.253242],[-67.778339,-49.270382],[-67.778232,-49.271489],[-67.77806,-49.272385],[-67.777846,-49.273141],[-67.777481,-49.273925],[-67.776859,-49.275283],[-67.776666,-49.275843],[-67.776472,-49.276403],[-67.776344,-49.277102],[-67.776279,-49.277662],[-67.776301,-49.278222],[-67.776424,-49.27916],[-67.77673,-49.279986],[-67.777095,-49.280784],[-67.783924,-49.294035],[-67.7842,-49.294572],[-67.784432,-49.295067],[-67.784444,-49.295095],[-67.784544,-49.295334],[-67.784592,-49.295491],[-67.784691,-49.295797],[-67.784765,-49.296103],[-67.784809,-49.296452],[-67.784861,-49.296913],[-67.784878,-49.297655],[-67.784871,-49.297898],[-67.784823,-49.299584],[-67.784807,-49.299908],[-67.784699,-49.301929],[-67.784702,-49.302068],[-67.784942,-49.302876],[-67.784977,-49.303043],[-67.784984,-49.303119],[-67.784907,-49.304736],[-67.784885,-49.304838],[-67.784836,-49.304957],[-67.784746,-49.305152],[-67.784624,-49.305489],[-67.784516,-49.305938],[-67.784521,-49.306411],[-67.78451,-49.306925],[-67.784496,-49.307592],[-67.784456,-49.309435],[-67.784497,-49.309785],[-67.784602,-49.310278],[-67.784745,-49.310677],[-67.784841,-49.31089],[-67.784975,-49.311107],[-67.785212,-49.311422],[-67.785486,-49.311727],[-67.785777,-49.312011],[-67.785962,-49.312194],[-67.786184,-49.312376],[-67.786449,-49.312561],[-67.786751,-49.312745],[-67.786944,-49.312854],[-67.787253,-49.312998],[-67.791703,-49.314957],[-67.793281,-49.315715],[-67.794062,-49.316139],[-67.794786,-49.316552],[-67.795372,-49.316939],[-67.795487,-49.317026],[-67.796065,-49.317465],[-67.796762,-49.318105],[-67.797487,-49.318863],[-67.797767,-49.319184],[-67.798551,-49.320084],[-67.802638,-49.324725],[-67.802823,-49.324936],[-67.803173,-49.325342],[-67.803485,-49.325785],[-67.803819,-49.326294],[-67.80416,-49.32694],[-67.804341,-49.327354],[-67.804402,-49.32751],[-67.804502,-49.327767],[-67.804729,-49.328626],[-67.804892,-49.329314],[-67.80501,-49.329976],[-67.806612,-49.341385],[-67.806888,-49.343374],[-67.808228,-49.353016],[-67.808744,-49.357138],[-67.808888,-49.357857],[-67.808996,-49.3583],[-67.809145,-49.35869],[-67.809498,-49.359409],[-67.80997,-49.360164],[-67.81023,-49.360532],[-67.810571,-49.360918],[-67.811096,-49.361425],[-67.811773,-49.361994],[-67.814925,-49.364449],[-67.823484,-49.371115],[-67.824499,-49.371899],[-67.825542,-49.372702],[-67.827126,-49.373808],[-67.840794,-49.383371],[-67.843242,-49.385029],[-67.845471,-49.386589],[-67.846329,-49.387245],[-67.846788,-49.387626],[-67.847102,-49.387888],[-67.847739,-49.38844],[-67.848239,-49.388922],[-67.84891,-49.389661],[-67.849527,-49.390374],[-67.850801,-49.391969],[-67.857479,-49.400323],[-67.85843,-49.401397],[-67.858986,-49.402025],[-67.859381,-49.40247],[-67.866569,-49.409917],[-67.870648,-49.414142],[-67.884585,-49.428599],[-67.885357,-49.429492],[-67.885765,-49.430301],[-67.885958,-49.430999],[-67.885937,-49.431711],[-67.885765,-49.43245],[-67.885604,-49.432778],[-67.885357,-49.433162],[-67.885068,-49.433497],[-67.884713,-49.433874],[-67.884338,-49.434188],[-67.883877,-49.434502],[-67.883018,-49.434976],[-67.881988,-49.435353],[-67.880725,-49.435755],[-67.879886,-49.435967],[-67.879424,-49.436127],[-67.879049,-49.436288],[-67.878611,-49.436531],[-67.878298,-49.436734],[-67.877439,-49.437334],[-67.875491,-49.438846],[-67.875022,-49.439241],[-67.874671,-49.439651],[-67.874307,-49.440209],[-67.874156,-49.440683],[-67.874113,-49.441241],[-67.874221,-49.441855],[-67.874371,-49.442246],[-67.874564,-49.442609],[-67.875036,-49.443139],[-67.875317,-49.443445],[-67.875748,-49.443765],[-67.876474,-49.444115],[-67.87716,-49.44438],[-67.878126,-49.444645],[-67.879352,-49.444908],[-67.883421,-49.445602],[-67.894584,-49.447505],[-67.895507,-49.44768],[-67.896322,-49.44784],[-67.897502,-49.448161],[-67.898339,-49.448454],[-67.899197,-49.448852],[-67.8999,-49.449309],[-67.900528,-49.449849],[-67.901064,-49.450407],[-67.901708,-49.451286],[-67.902819,-49.452992],[-67.904806,-49.455781],[-67.906453,-49.457901],[-67.907856,-49.459575],[-67.909454,-49.46151],[-67.909819,-49.4619],[-67.91027,-49.462319],[-67.912088,-49.463926],[-67.932504,-49.479844],[-67.933919,-49.481026],[-67.94161,-49.487866],[-67.945704,-49.491465],[-67.955202,-49.49988],[-67.959172,-49.503375],[-67.95931,-49.503497],[-67.975109,-49.517408],[-67.98577,-49.526751],[-67.988209,-49.528903],[-67.991896,-49.532155],[-67.993704,-49.533645],[-67.994911,-49.534609],[-67.996026,-49.535438],[-67.997228,-49.536312],[-67.998596,-49.537238],[-68.001305,-49.538985],[-68.002796,-49.539869],[-68.005382,-49.541335],[-68.008562,-49.542964],[-68.011314,-49.544227],[-68.014253,-49.545452],[-68.015807,-49.546129],[-68.017488,-49.546751],[-68.022123,-49.54831],[-68.026141,-49.549684],[-68.027901,-49.550367],[-68.029682,-49.55109],[-68.031031,-49.551691],[-68.032595,-49.552431],[-68.057258,-49.56435],[-68.063751,-49.567488],[-68.075682,-49.573252],[-68.095497,-49.582957],[-68.097364,-49.583945],[-68.098598,-49.584682],[-68.099703,-49.58542],[-68.101334,-49.586713],[-68.10791,-49.59271],[-68.121045,-49.604684],[-68.125718,-49.608921],[-68.134681,-49.61705],[-68.140713,-49.622491],[-68.141117,-49.622856],[-68.143379,-49.624897],[-68.147575,-49.628678],[-68.148305,-49.629261],[-68.149252,-49.629935],[-68.150366,-49.630667],[-68.150956,-49.631012],[-68.151975,-49.631563],[-68.153115,-49.632121],[-68.153668,-49.632369],[-68.154769,-49.63281],[-68.177428,-49.641569],[-68.189364,-49.646188],[-68.198162,-49.649592],[-68.199087,-49.649957],[-68.199286,-49.650035],[-68.200359,-49.650475],[-68.201756,-49.651098],[-68.202264,-49.651336],[-68.206262,-49.653246],[-68.223718,-49.661669],[-68.227936,-49.663708],[-68.243019,-49.670997],[-68.245369,-49.672252],[-68.253664,-49.676725],[-68.277103,-49.68936],[-68.287762,-49.695388],[-68.299661,-49.702116],[-68.320039,-49.713648],[-68.322647,-49.715073],[-68.323521,-49.715525],[-68.324545,-49.715991],[-68.325379,-49.716312],[-68.326298,-49.716633],[-68.328451,-49.717267],[-68.330599,-49.717862],[-68.347201,-49.72172],[-68.34741,-49.721768],[-68.355684,-49.723691],[-68.3762,-49.728458],[-68.378668,-49.728957],[-68.380675,-49.729334],[-68.382096,-49.729536],[-68.384826,-49.729817],[-68.426862,-49.733756],[-68.428439,-49.733951],[-68.42994,-49.734169],[-68.430863,-49.734341],[-68.431543,-49.734476],[-68.432849,-49.73481],[-68.433847,-49.735088],[-68.435145,-49.735476],[-68.478173,-49.750083],[-68.479755,-49.750573],[-68.481321,-49.751003],[-68.482673,-49.751342],[-68.48411,-49.751682],[-68.492655,-49.753595],[-68.493831,-49.753858],[-68.496062,-49.754274],[-68.498552,-49.754649],[-68.501019,-49.754926],[-68.503229,-49.755051],[-68.51825,-49.755203],[-68.519945,-49.755314],[-68.521039,-49.755425],[-68.522176,-49.755619],[-68.523957,-49.755993],[-68.584416,-49.77023],[-68.587822,-49.771013],[-68.588429,-49.771117],[-68.589073,-49.771222],[-68.589718,-49.7713],[-68.590587,-49.771343],[-68.591363,-49.771359],[-68.5924,-49.771342],[-68.593405,-49.771269],[-68.593657,-49.771242],[-68.594148,-49.771189],[-68.595078,-49.771072],[-68.599801,-49.770301],[-68.60066,-49.770207],[-68.601584,-49.770124],[-68.602529,-49.770096],[-68.603457,-49.770113],[-68.604336,-49.770165],[-68.605338,-49.770257],[-68.615583,-49.771342],[-68.623758,-49.772251],[-68.624796,-49.772385],[-68.625762,-49.772546],[-68.626864,-49.772758],[-68.627426,-49.772878],[-68.627956,-49.772991],[-68.629043,-49.773262],[-68.629976,-49.773546],[-68.63302,-49.774571],[-68.637042,-49.775979],[-68.637183,-49.776028],[-68.637786,-49.776239],[-68.640154,-49.777033],[-68.641482,-49.77748],[-68.643941,-49.77834],[-68.645229,-49.778922],[-68.645706,-49.779182],[-68.646323,-49.77958],[-68.646795,-49.779933],[-68.647546,-49.780626],[-68.647866,-49.78095],[-68.648163,-49.781315],[-68.648541,-49.781889],[-68.648834,-49.782427],[-68.649048,-49.78294],[-68.649204,-49.783425],[-68.649314,-49.783989],[-68.649327,-49.784544],[-68.64925,-49.789722],[-68.649064,-49.798974],[-68.64907,-49.799411],[-68.649118,-49.799729],[-68.649215,-49.799992],[-68.649381,-49.800359],[-68.649628,-49.80073],[-68.649944,-49.801093],[-68.650371,-49.801492],[-68.650765,-49.801779],[-68.651235,-49.802045],[-68.651653,-49.802218],[-68.652156,-49.802392],[-68.652934,-49.802584],[-68.657348,-49.803416],[-68.659412,-49.803801],[-68.660324,-49.803964],[-68.660829,-49.80409],[-68.662089,-49.804428],[-68.66276,-49.80459],[-68.663532,-49.804715],[-68.664348,-49.804798],[-68.664852,-49.804829],[-68.665399,-49.804826],[-68.666392,-49.80475],[-68.668554,-49.804456],[-68.669583,-49.804327],[-68.670351,-49.804241],[-68.670978,-49.804203],[-68.671863,-49.804234],[-68.672641,-49.804334],[-68.673183,-49.804438],[-68.673682,-49.804577],[-68.674197,-49.804784],[-68.674792,-49.805051],[-68.675936,-49.805675],[-68.685581,-49.811037],[-68.693904,-49.815661],[-68.695265,-49.816417],[-68.702406,-49.82037],[-68.703436,-49.820924],[-68.704452,-49.821538],[-68.705289,-49.822217],[-68.739854,-49.849217],[-68.761252,-49.865925],[-68.778937,-49.879718],[-68.785366,-49.88473],[-68.807595,-49.902058],[-68.823221,-49.914235],[-68.842283,-49.929033],[-68.868889,-49.949681],[-68.871477,-49.951725],[-68.873525,-49.953343],[-68.874485,-49.954044],[-68.875542,-49.954713],[-68.875716,-49.954796],[-68.877005,-49.955404],[-68.878062,-49.955791],[-68.8792,-49.956178],[-68.8797,-49.95633],[-68.881077,-49.956749],[-68.884925,-49.95781],[-68.892063,-49.959858],[-68.894009,-49.960415],[-68.895105,-49.960781],[-68.895788,-49.961053],[-68.896341,-49.961325],[-68.897596,-49.961983],[-68.897956,-49.962169],[-68.898329,-49.962349],[-68.901007,-49.963383],[-68.902685,-49.96403],[-68.907856,-49.966025],[-68.915143,-49.969044],[-68.920135,-49.971112],[-68.920579,-49.971325],[-68.920936,-49.971522],[-68.921732,-49.971977],[-68.922289,-49.972346],[-68.92251,-49.972502],[-68.922778,-49.972702],[-68.923046,-49.972923],[-68.923373,-49.973212],[-68.92354,-49.973381],[-68.923867,-49.973709],[-68.92406,-49.97392],[-68.924296,-49.974202],[-68.924446,-49.974382],[-68.92458,-49.974568],[-68.924784,-49.974858],[-68.924974,-49.975121],[-68.925258,-49.975508],[-68.925403,-49.97568],[-68.92556,-49.97583],[-68.92581,-49.976015],[-68.92602,-49.976211],[-68.926111,-49.976325],[-68.926473,-49.97681],[-68.9269,-49.977398],[-68.926936,-49.977449],[-68.927278,-49.977951],[-68.927454,-49.978205],[-68.927524,-49.978304],[-68.92765,-49.978485],[-68.928364,-49.979531],[-68.928834,-49.980208],[-68.929503,-49.981153],[-68.929672,-49.981389],[-68.930334,-49.982283],[-68.930394,-49.982371],[-68.930435,-49.982463],[-68.930446,-49.982519],[-68.930466,-49.982701],[-68.930472,-49.982783],[-68.930485,-49.982847],[-68.930503,-49.982914],[-68.930521,-49.982966],[-68.930544,-49.98302],[-68.930568,-49.983067],[-68.930595,-49.983109],[-68.931342,-49.984185],[-68.931539,-49.984506],[-68.931717,-49.984828],[-68.931872,-49.985124],[-68.932007,-49.985423],[-68.932183,-49.985871],[-68.932312,-49.986322],[-68.932408,-49.986732],[-68.932475,-49.98715],[-68.932494,-49.987459],[-68.932497,-49.987772],[-68.93249,-49.988016],[-68.93248,-49.98821],[-68.932467,-49.988371],[-68.932445,-49.988526],[-68.932414,-49.988711],[-68.932379,-49.988884],[-68.932344,-49.989036],[-68.932304,-49.989188],[-68.932274,-49.98929],[-68.932227,-49.989456],[-68.932191,-49.989581],[-68.932147,-49.989707],[-68.932094,-49.989862],[-68.932024,-49.990051],[-68.93198,-49.990155],[-68.931942,-49.990246],[-68.93187,-49.990412],[-68.931789,-49.990577],[-68.931505,-49.99106],[-68.931461,-49.991148],[-68.931426,-49.991231],[-68.931404,-49.991315],[-68.931386,-49.991398],[-68.931381,-49.99153],[-68.93137,-49.991604],[-68.931357,-49.991664],[-68.93134,-49.991708],[-68.931315,-49.991763],[-68.931277,-49.991822],[-68.931022,-49.992141],[-68.930692,-49.99257],[-68.930669,-49.9926],[-68.930158,-49.993225],[-68.929984,-49.993411],[-68.929918,-49.993474],[-68.929847,-49.993531],[-68.929755,-49.993593],[-68.929676,-49.993646],[-68.929584,-49.993708],[-68.929491,-49.993777],[-68.929382,-49.993868],[-68.92923,-49.994001],[-68.92903,-49.99428],[-68.927238,-49.996559],[-68.924411,-49.999898],[-68.924286,-50.000051],[-68.924161,-50.000204],[-68.923619,-50.000849],[-68.922747,-50.00191],[-68.922573,-50.002129],[-68.92215,-50.002674],[-68.921482,-50.003623],[-68.920934,-50.004366],[-68.917415,-50.008646],[-68.917258,-50.008839],[-68.912862,-50.014346],[-68.912554,-50.014752],[-68.911797,-50.015751],[-68.911301,-50.016452],[-68.910975,-50.017152],[-68.910764,-50.017726],[-68.91061,-50.018353],[-68.910585,-50.019132],[-68.910666,-50.019921],[-68.910878,-50.020621],[-68.911166,-50.021306],[-68.91172,-50.022589],[-68.921263,-50.042674],[-68.922238,-50.044775],[-68.922286,-50.044931],[-68.922318,-50.045058],[-68.922344,-50.045192],[-68.922351,-50.045334],[-68.922355,-50.045457],[-68.922349,-50.045607],[-68.922331,-50.045766],[-68.922297,-50.045938],[-68.922255,-50.046099],[-68.922196,-50.046282],[-68.922098,-50.046542],[-68.922003,-50.046768],[-68.92193,-50.046923],[-68.921856,-50.047068],[-68.921769,-50.047217],[-68.921665,-50.047382],[-68.921592,-50.04749],[-68.921511,-50.047604],[-68.921408,-50.047741],[-68.921304,-50.047862],[-68.921205,-50.047965],[-68.921104,-50.048065],[-68.921003,-50.048154],[-68.920888,-50.048252],[-68.920757,-50.048349],[-68.920626,-50.048443],[-68.920488,-50.048534],[-68.920341,-50.048617],[-68.920214,-50.048687],[-68.920081,-50.048754],[-68.919962,-50.048812],[-68.919821,-50.048877],[-68.919679,-50.04894],[-68.919538,-50.048998],[-68.919387,-50.049057],[-68.919226,-50.049115],[-68.919076,-50.049165],[-68.91892,-50.049216],[-68.918764,-50.04926],[-68.918587,-50.049306],[-68.918414,-50.049347],[-68.918239,-50.049382],[-68.918018,-50.049425],[-68.917828,-50.049456],[-68.917573,-50.049492],[-68.916552,-50.049622],[-68.91634,-50.049649],[-68.916115,-50.049683],[-68.915876,-50.049723],[-68.915687,-50.049763],[-68.915514,-50.049802],[-68.915296,-50.049859],[-68.915098,-50.049921],[-68.914971,-50.049963],[-68.914892,-50.049989],[-68.914715,-50.050057],[-68.914537,-50.050133],[-68.914378,-50.050208],[-68.914232,-50.050281],[-68.914075,-50.050367],[-68.913919,-50.050467],[-68.913748,-50.050576],[-68.913571,-50.050701],[-68.913464,-50.050787],[-68.913393,-50.050848],[-68.913329,-50.050901],[-68.913274,-50.050956],[-68.913215,-50.051014],[-68.913136,-50.051097],[-68.91307,-50.051172],[-68.91301,-50.051242],[-68.912947,-50.05132],[-68.912882,-50.051405],[-68.912818,-50.051497],[-68.912768,-50.051571],[-68.912704,-50.051678],[-68.912637,-50.051788],[-68.912121,-50.05277],[-68.911096,-50.054737],[-68.911021,-50.054881],[-68.910923,-50.055065],[-68.910668,-50.055543],[-68.910611,-50.05566],[-68.910391,-50.056083],[-68.90937,-50.058041],[-68.906867,-50.063115],[-68.906282,-50.064211],[-68.905729,-50.065297],[-68.905566,-50.06585],[-68.905452,-50.066403],[-68.905355,-50.067551],[-68.905176,-50.103675],[-68.905111,-50.105114],[-68.905021,-50.105829],[-68.904932,-50.106543],[-68.903078,-50.115001],[-68.901273,-50.123374],[-68.897146,-50.142895],[-68.897089,-50.14358],[-68.897103,-50.144252],[-68.897217,-50.144896],[-68.897386,-50.145554],[-68.897684,-50.146307],[-68.898073,-50.147041],[-68.898576,-50.147744],[-68.899163,-50.14842],[-68.901474,-50.150731],[-68.909026,-50.157951],[-68.911399,-50.160233],[-68.912116,-50.160973],[-68.912449,-50.161341],[-68.912768,-50.161717],[-68.913086,-50.162142],[-68.913378,-50.162573],[-68.913628,-50.163009],[-68.913846,-50.163453],[-68.914021,-50.163839],[-68.914172,-50.164224],[-68.914631,-50.165642],[-68.915343,-50.167807],[-68.915483,-50.168234],[-68.91556,-50.168469],[-68.917966,-50.176195],[-68.923251,-50.192299],[-68.923433,-50.19281],[-68.923645,-50.193321],[-68.923941,-50.193839],[-68.924288,-50.194349],[-68.924676,-50.194797],[-68.925096,-50.195228],[-68.925682,-50.195709],[-68.926277,-50.196147],[-68.929435,-50.198226],[-68.932761,-50.200245],[-68.945329,-50.206674],[-68.94968,-50.208906],[-68.950683,-50.209278],[-68.951349,-50.209464],[-68.952076,-50.20962],[-68.953421,-50.209845],[-68.954082,-50.209963],[-68.954688,-50.210105],[-68.955121,-50.210229],[-68.955296,-50.210279],[-68.955814,-50.210466],[-68.956308,-50.210691],[-68.956748,-50.210923],[-68.957474,-50.211418],[-68.957772,-50.211666],[-68.95807,-50.21194],[-68.958325,-50.212241],[-68.958534,-50.21255],[-68.958712,-50.212877],[-68.958873,-50.213216],[-68.959414,-50.214734],[-68.960087,-50.215844],[-68.960968,-50.216911],[-68.961611,-50.217528],[-68.962373,-50.218103],[-68.963206,-50.218636],[-68.964111,-50.219112],[-68.968212,-50.220937],[-68.970956,-50.222151],[-68.971664,-50.222483],[-68.972313,-50.222822],[-68.972795,-50.223111],[-68.973242,-50.223416],[-68.973652,-50.223732],[-68.974069,-50.224075],[-68.974384,-50.22436],[-68.974652,-50.224657],[-68.975134,-50.225265],[-68.975456,-50.225796],[-68.976465,-50.227815],[-68.9771,-50.229105],[-68.977825,-50.230348],[-68.978112,-50.230732],[-68.978441,-50.231117],[-68.979008,-50.231695],[-68.979637,-50.23225],[-68.980321,-50.232766],[-68.981052,-50.233234],[-68.981804,-50.233654],[-68.984915,-50.235224],[-68.986256,-50.235893],[-68.98763,-50.236527],[-68.988604,-50.236914],[-68.991377,-50.238014],[-68.994057,-50.23909],[-68.995411,-50.239584],[-68.996812,-50.240013],[-69.004197,-50.242074],[-69.004825,-50.242249],[-69.005827,-50.242535],[-69.010077,-50.243725],[-69.012183,-50.244316],[-69.013272,-50.244614],[-69.01429,-50.244901],[-69.023704,-50.247541],[-69.025249,-50.24798],[-69.026794,-50.248502],[-69.038549,-50.252837],[-69.044429,-50.255002],[-69.04736,-50.256079],[-69.048828,-50.256619],[-69.05018,-50.257115],[-69.051682,-50.257634],[-69.053155,-50.258128],[-69.055981,-50.259037],[-69.056849,-50.259298],[-69.057648,-50.259514],[-69.058291,-50.259664],[-69.058727,-50.259751],[-69.059361,-50.259861],[-69.068133,-50.261129],[-69.072523,-50.261767],[-69.076916,-50.262405],[-69.079427,-50.262768],[-69.080851,-50.262945],[-69.08205,-50.26307],[-69.083367,-50.2632],[-69.086044,-50.26345],[-69.092129,-50.264035],[-69.092666,-50.2641],[-69.09313,-50.264172],[-69.09953,-50.265378],[-69.10457,-50.266365],[-69.105986,-50.266642],[-69.13045,-50.272001],[-69.139359,-50.273975],[-69.146911,-50.275648],[-69.15199,-50.276774],[-69.156003,-50.277662],[-69.157549,-50.278008],[-69.157816,-50.278068],[-69.158678,-50.278302],[-69.159475,-50.278567],[-69.160223,-50.278884],[-69.160922,-50.279216],[-69.161556,-50.279585],[-69.162171,-50.279973],[-69.163571,-50.280938],[-69.164444,-50.28154],[-69.164742,-50.281729],[-69.164961,-50.281867],[-69.165216,-50.282041],[-69.166098,-50.282644],[-69.166768,-50.283103],[-69.167351,-50.283501],[-69.167464,-50.283603],[-69.16842,-50.284259],[-69.177079,-50.290191],[-69.178087,-50.290918],[-69.178977,-50.291653],[-69.179355,-50.292046],[-69.179675,-50.292412],[-69.179984,-50.292812],[-69.180236,-50.293194],[-69.182247,-50.296571],[-69.186463,-50.303649],[-69.203853,-50.33289],[-69.204147,-50.333384],[-69.204416,-50.3338],[-69.20467,-50.334173],[-69.205022,-50.334546],[-69.212789,-50.343459],[-69.219345,-50.351042],[-69.222639,-50.354851],[-69.225049,-50.35765],[-69.22743,-50.360432],[-69.229786,-50.363281],[-69.233499,-50.367773],[-69.242856,-50.379007],[-69.243546,-50.379817],[-69.244065,-50.380517],[-69.244672,-50.381426],[-69.251415,-50.393607],[-69.253024,-50.39642],[-69.262384,-50.412781],[-69.262901,-50.413646],[-69.263131,-50.414078],[-69.263315,-50.414533],[-69.263453,-50.414972],[-69.263557,-50.415448],[-69.263685,-50.416369],[-69.264389,-50.420739],[-69.26488,-50.423274],[-69.265274,-50.424548],[-69.265497,-50.425169],[-69.265765,-50.4258],[-69.266207,-50.426721],[-69.26672,-50.427618],[-69.26729,-50.428533],[-69.267922,-50.429402],[-69.268642,-50.430253],[-69.269381,-50.43107],[-69.270166,-50.431867],[-69.271023,-50.432642],[-69.282721,-50.442259],[-69.283159,-50.442619],[-69.283752,-50.443116],[-69.28433,-50.443634],[-69.284834,-50.444162],[-69.285305,-50.44468],[-69.292786,-50.453277],[-69.293402,-50.454014],[-69.293963,-50.454746],[-69.294392,-50.455531],[-69.294766,-50.456292],[-69.298232,-50.46496],[-69.300467,-50.470695],[-69.304948,-50.482136],[-69.305893,-50.484527],[-69.306109,-50.485102],[-69.306612,-50.486807],[-69.307094,-50.48857],[-69.308451,-50.493281],[-69.309781,-50.497794],[-69.314146,-50.511939],[-69.319522,-50.529357],[-69.330475,-50.565473],[-69.331531,-50.568985],[-69.337034,-50.58659],[-69.338051,-50.590392],[-69.338377,-50.591279],[-69.338669,-50.591904],[-69.339035,-50.592513],[-69.339938,-50.59369],[-69.355902,-50.613155],[-69.362302,-50.620944],[-69.371899,-50.632656],[-69.377573,-50.639537],[-69.380267,-50.642856],[-69.381352,-50.644165],[-69.382516,-50.645435],[-69.409638,-50.673336],[-69.418496,-50.682445],[-69.447468,-50.712217],[-69.461729,-50.726864],[-69.473942,-50.73937],[-69.474427,-50.739896],[-69.474879,-50.740431],[-69.475165,-50.740789],[-69.47545,-50.741152],[-69.475973,-50.741888],[-69.477056,-50.743446],[-69.478024,-50.744839],[-69.484791,-50.754627],[-69.485176,-50.755137],[-69.485633,-50.755707],[-69.491668,-50.763445],[-69.492883,-50.764942],[-69.496763,-50.769715],[-69.499434,-50.773074],[-69.502549,-50.776991],[-69.503059,-50.777658],[-69.503512,-50.778316],[-69.509054,-50.787241],[-69.509179,-50.787383],[-69.509553,-50.787959],[-69.509762,-50.788244],[-69.510083,-50.788666],[-69.511553,-50.790514],[-69.512548,-50.791841],[-69.513133,-50.792599],[-69.513858,-50.793536],[-69.514362,-50.794266],[-69.514513,-50.794538],[-69.514649,-50.794941],[-69.514708,-50.795322],[-69.514704,-50.795741],[-69.514649,-50.796057],[-69.514505,-50.796427],[-69.514369,-50.796676],[-69.514196,-50.796929],[-69.51392,-50.797232],[-69.5136,-50.797499],[-69.513173,-50.797781],[-69.512591,-50.798083],[-69.511736,-50.798408],[-69.510848,-50.798819],[-69.510549,-50.798964],[-69.510079,-50.79919],[-69.509722,-50.799382],[-69.509367,-50.799608],[-69.509063,-50.799853],[-69.508712,-50.800192],[-69.508405,-50.800556],[-69.508183,-50.800915],[-69.508007,-50.801285],[-69.507898,-50.801676],[-69.507859,-50.802055],[-69.507876,-50.802448],[-69.507946,-50.802812],[-69.508043,-50.803085],[-69.508147,-50.803322],[-69.508278,-50.803566],[-69.508427,-50.803803],[-69.508605,-50.804032],[-69.508802,-50.804251],[-69.509242,-50.804649],[-69.511701,-50.806387],[-69.51229,-50.806835],[-69.512772,-50.807309],[-69.513117,-50.80779],[-69.513379,-50.808294],[-69.514021,-50.809979],[-69.514351,-50.810739],[-69.515022,-50.812281],[-69.515266,-50.813026],[-69.515355,-50.813492],[-69.515397,-50.813985],[-69.515391,-50.814444],[-69.515337,-50.814917],[-69.515224,-50.815414],[-69.515046,-50.815914],[-69.514808,-50.816395],[-69.51454,-50.816877],[-69.513548,-50.818485],[-69.512498,-50.820261],[-69.512058,-50.821096],[-69.511244,-50.822766],[-69.511081,-50.82314],[-69.510064,-50.825465],[-69.50976,-50.82621],[-69.50954,-50.827059],[-69.509379,-50.827913],[-69.504691,-50.863651],[-69.504565,-50.864821],[-69.504574,-50.86541],[-69.504691,-50.866003],[-69.504793,-50.866312],[-69.504943,-50.866625],[-69.50512,-50.866931],[-69.505326,-50.867226],[-69.506236,-50.868423],[-69.511493,-50.875356],[-69.514361,-50.879139],[-69.516668,-50.882182],[-69.527504,-50.896298],[-69.529638,-50.89911],[-69.530485,-50.900326],[-69.535551,-50.908646],[-69.537544,-50.91195],[-69.54077,-50.917298],[-69.554969,-50.940942],[-69.55571,-50.942234],[-69.555823,-50.942525],[-69.555925,-50.942813],[-69.556019,-50.943155],[-69.556089,-50.943543],[-69.556149,-50.944132],[-69.556154,-50.944723],[-69.556065,-50.945915],[-69.554846,-50.962754],[-69.554024,-50.974764],[-69.553823,-50.978292],[-69.553805,-50.979078],[-69.553917,-50.979838],[-69.554049,-50.981319],[-69.554302,-50.984167],[-69.554277,-50.98471],[-69.554204,-50.985283],[-69.554058,-50.985841],[-69.553846,-50.986404],[-69.553383,-50.9873],[-69.553171,-50.987709],[-69.553009,-50.98816],[-69.552927,-50.98859],[-69.552919,-50.989015],[-69.552927,-50.989439],[-69.552976,-50.989869],[-69.553498,-50.993597],[-69.554393,-51.000453],[-69.555487,-51.008663],[-69.557026,-51.020209],[-69.558773,-51.03331],[-69.55969,-51.040183],[-69.559736,-51.040912],[-69.559708,-51.04127],[-69.559643,-51.041634],[-69.559512,-51.04198],[-69.559363,-51.042309],[-69.559213,-51.042644],[-69.558989,-51.042979],[-69.558615,-51.04346],[-69.558102,-51.043965],[-69.55756,-51.044406],[-69.556906,-51.044817],[-69.556056,-51.045222],[-69.555066,-51.045609],[-69.553899,-51.045932],[-69.552703,-51.046253],[-69.551662,-51.046511],[-69.550629,-51.0468],[-69.549631,-51.047223],[-69.548626,-51.047708],[-69.545213,-51.049722],[-69.54276,-51.051165],[-69.541849,-51.051753],[-69.541488,-51.052074],[-69.541158,-51.05239],[-69.540851,-51.052795],[-69.540616,-51.05319],[-69.54032,-51.054032],[-69.538927,-51.058193],[-69.536544,-51.065538],[-69.530985,-51.082546],[-69.530779,-51.0833],[-69.530721,-51.08368],[-69.530696,-51.084246],[-69.530696,-51.084817],[-69.530934,-51.088898],[-69.531533,-51.10445],[-69.531851,-51.111175],[-69.532107,-51.116566],[-69.532826,-51.128687],[-69.532896,-51.128997],[-69.532981,-51.129313],[-69.533116,-51.129626],[-69.533287,-51.129946],[-69.53348,-51.130236],[-69.533673,-51.130498],[-69.533904,-51.130764],[-69.534167,-51.131027],[-69.535589,-51.132198],[-69.535943,-51.132508],[-69.536254,-51.132828],[-69.536506,-51.133161],[-69.536737,-51.133501],[-69.536887,-51.133767],[-69.536989,-51.134043],[-69.537064,-51.134319],[-69.537117,-51.134608],[-69.537144,-51.134881],[-69.53715,-51.135164],[-69.537085,-51.135719],[-69.537076,-51.135751],[-69.536946,-51.13618],[-69.536742,-51.136652],[-69.536205,-51.13755],[-69.535556,-51.138576],[-69.534451,-51.14032],[-69.534247,-51.140637],[-69.532209,-51.143861],[-69.531876,-51.144383],[-69.53067,-51.14651],[-69.530309,-51.147104],[-69.529253,-51.148681],[-69.528767,-51.149308],[-69.528304,-51.149801],[-69.527717,-51.150335],[-69.526566,-51.151503],[-69.525789,-51.152236],[-69.523086,-51.154749],[-69.52253,-51.155288],[-69.520746,-51.157029],[-69.51822,-51.159494],[-69.518046,-51.159663],[-69.517409,-51.160396],[-69.516878,-51.161173],[-69.516453,-51.161994],[-69.516227,-51.162797],[-69.516116,-51.163501],[-69.516091,-51.164152],[-69.517889,-51.179413],[-69.518105,-51.181293],[-69.518137,-51.181569],[-69.519665,-51.194873],[-69.519692,-51.195115],[-69.522375,-51.218468],[-69.523565,-51.228579],[-69.52359,-51.228792],[-69.524616,-51.237728],[-69.524642,-51.237959],[-69.52512,-51.242286],[-69.52516,-51.242635],[-69.527022,-51.258955],[-69.527526,-51.263198],[-69.527693,-51.264636],[-69.528076,-51.268422],[-69.528363,-51.270958],[-69.528383,-51.271139],[-69.528535,-51.272509],[-69.52883,-51.275141],[-69.528951,-51.276194],[-69.529675,-51.282485],[-69.530151,-51.286722],[-69.530166,-51.286849],[-69.530962,-51.294137],[-69.53133,-51.297404],[-69.53192,-51.302601],[-69.532446,-51.307268],[-69.532751,-51.309848],[-69.533591,-51.317436],[-69.533972,-51.320893],[-69.534267,-51.323622],[-69.534425,-51.325063],[-69.534656,-51.327011],[-69.534878,-51.329015],[-69.535165,-51.33162],[-69.535361,-51.333344],[-69.535581,-51.335335],[-69.535916,-51.338344],[-69.536222,-51.34101],[-69.536351,-51.342083],[-69.536429,-51.3425],[-69.536549,-51.342939],[-69.536689,-51.343296],[-69.536713,-51.343344],[-69.536882,-51.343678],[-69.537086,-51.344021],[-69.537338,-51.344395],[-69.538228,-51.345648],[-69.538971,-51.346702],[-69.540857,-51.349352],[-69.543239,-51.352741],[-69.543689,-51.353327],[-69.543912,-51.353655],[-69.54444,-51.354436],[-69.544993,-51.355217],[-69.545465,-51.355877],[-69.545897,-51.35651],[-69.546267,-51.357071],[-69.546586,-51.357634],[-69.546927,-51.358422],[-69.548326,-51.362609],[-69.548646,-51.363567],[-69.549402,-51.36588],[-69.549968,-51.367598],[-69.550524,-51.369343],[-69.550843,-51.370281],[-69.552793,-51.376089],[-69.552972,-51.376622],[-69.55354,-51.378307],[-69.553586,-51.378445],[-69.553729,-51.378868],[-69.554823,-51.3822],[-69.555427,-51.383956],[-69.560547,-51.399315],[-69.564204,-51.41029],[-69.567066,-51.418878],[-69.574032,-51.439837],[-69.574112,-51.440079],[-69.579543,-51.456411],[-69.581323,-51.461762],[-69.583454,-51.468172],[-69.583507,-51.468357],[-69.583716,-51.469091],[-69.583921,-51.470057],[-69.58409,-51.471034],[-69.584729,-51.476423],[-69.584774,-51.476808],[-69.585223,-51.480595],[-69.585545,-51.482012],[-69.585867,-51.483041],[-69.58621,-51.483923],[-69.586747,-51.485206],[-69.592206,-51.496237],[-69.592549,-51.497012],[-69.592893,-51.497827],[-69.593279,-51.498909],[-69.593665,-51.499764],[-69.594137,-51.500485],[-69.594781,-51.501193],[-69.59551,-51.501861],[-69.59818,-51.503787],[-69.604544,-51.508379],[-69.605402,-51.508993],[-69.606068,-51.509581],[-69.606518,-51.510075],[-69.606711,-51.510372],[-69.606905,-51.510709],[-69.607162,-51.511303],[-69.607414,-51.512125],[-69.60886,-51.51717],[-69.613531,-51.533459],[-69.613726,-51.534147],[-69.613775,-51.534683],[-69.613742,-51.535249],[-69.613612,-51.535735],[-69.613466,-51.53622],[-69.613108,-51.536918],[-69.610066,-51.541257],[-69.609776,-51.541738],[-69.609615,-51.542125],[-69.609433,-51.542692],[-69.609358,-51.543192],[-69.609336,-51.543673],[-69.60958,-51.552072],[-69.609712,-51.554654],[-69.609723,-51.555081],[-69.609819,-51.555475],[-69.609921,-51.555805],[-69.610087,-51.556182],[-69.61221,-51.559677],[-69.624443,-51.5801],[-69.625355,-51.581512],[-69.625709,-51.581979],[-69.627821,-51.584369],[-69.641491,-51.599258],[-69.641802,-51.599637],[-69.642057,-51.600032],[-69.642142,-51.600446],[-69.642043,-51.600885],[-69.641845,-51.601228],[-69.641548,-51.601536],[-69.641222,-51.601756],[-69.640344,-51.602231],[-69.639778,-51.602442],[-69.638801,-51.602644],[-69.637145,-51.602873],[-69.636292,-51.603027],[-69.629657,-51.604557],[-69.628851,-51.604773],[-69.628567,-51.604877],[-69.628339,-51.604981],[-69.628003,-51.605167],[-69.627778,-51.605345],[-69.627562,-51.605578],[-69.627464,-51.605733],[-69.627377,-51.605892],[-69.626783,-51.607945],[-69.626487,-51.609],[-69.626371,-51.609415],[-69.626073,-51.610303],[-69.626031,-51.610506],[-69.626013,-51.610645],[-69.626003,-51.610728],[-69.626001,-51.610829],[-69.626007,-51.610965],[-69.626037,-51.611125],[-69.62609,-51.611308],[-69.626183,-51.611536],[-69.626317,-51.611789],[-69.626466,-51.612052],[-69.626715,-51.612493],[-69.626862,-51.612781],[-69.627505,-51.614058],[-69.627552,-51.614186],[-69.62759,-51.614329],[-69.627603,-51.614522],[-69.627605,-51.614639],[-69.627596,-51.614798],[-69.627566,-51.614949],[-69.627527,-51.615086],[-69.627458,-51.615289],[-69.627152,-51.61617],[-69.6271,-51.616377],[-69.627076,-51.616544],[-69.627075,-51.616703],[-69.627089,-51.616868],[-69.627117,-51.617015],[-69.627164,-51.617167],[-69.627223,-51.617308],[-69.62733,-51.617476],[-69.627443,-51.617604],[-69.627679,-51.617839],[-69.628687,-51.618545],[-69.628906,-51.618726],[-69.629079,-51.61888],[-69.629237,-51.619041],[-69.62955,-51.619391],[-69.630114,-51.619998],[-69.630288,-51.620147],[-69.630433,-51.62025],[-69.630606,-51.620361],[-69.630787,-51.620468],[-69.630949,-51.620552],[-69.631112,-51.620619],[-69.631277,-51.620681],[-69.631523,-51.620747],[-69.631713,-51.62079],[-69.631927,-51.620833],[-69.632118,-51.620862],[-69.632314,-51.620881],[-69.632558,-51.620892],[-69.63377,-51.620923],[-69.634488,-51.620923],[-69.634807,-51.620942],[-69.635075,-51.620983],[-69.635323,-51.621042],[-69.635633,-51.621127],[-69.635903,-51.621238],[-69.636135,-51.621358],[-69.636336,-51.62149],[-69.636485,-51.62161],[-69.636624,-51.621755],[-69.636922,-51.622054],[-69.637068,-51.622241],[-69.637111,-51.622326],[-69.637149,-51.622411],[-69.637177,-51.622511],[-69.637197,-51.622656],[-69.637201,-51.622825],[-69.637185,-51.622935],[-69.637153,-51.623022],[-69.63712,-51.623098],[-69.637067,-51.623189],[-69.637026,-51.623245],[-69.636928,-51.623357],[-69.636828,-51.623447],[-69.636706,-51.623538],[-69.636573,-51.623617],[-69.636302,-51.62376],[-69.635857,-51.623924],[-69.63411,-51.624543],[-69.633411,-51.624773],[-69.632594,-51.625069],[-69.631429,-51.625561],[-69.630951,-51.625798],[-69.630651,-51.625968],[-69.630392,-51.626127],[-69.63003,-51.626373],[-69.629738,-51.626598],[-69.629477,-51.626803],[-69.629164,-51.627072],[-69.628974,-51.627236],[-69.628311,-51.62781],[-69.626967,-51.629023],[-69.626716,-51.629241],[-69.626681,-51.629271],[-69.626492,-51.629417],[-69.626293,-51.629553],[-69.626127,-51.629647],[-69.625977,-51.62972],[-69.625829,-51.629789],[-69.625691,-51.629843],[-69.625547,-51.629892],[-69.625408,-51.629933],[-69.625235,-51.629977],[-69.62507,-51.630017],[-69.624887,-51.630047],[-69.624707,-51.630071],[-69.624544,-51.630083],[-69.624339,-51.630091],[-69.624128,-51.630092],[-69.623948,-51.630085],[-69.623774,-51.630072],[-69.623466,-51.630026],[-69.6234,-51.630013],[-69.623264,-51.629986],[-69.623061,-51.629935],[-69.622799,-51.629857],[-69.621968,-51.629612],[-69.621374,-51.629408],[-69.620763,-51.629231],[-69.620441,-51.62916],[-69.620119,-51.629104],[-69.619785,-51.629063],[-69.619471,-51.629033],[-69.618807,-51.628992],[-69.617737,-51.628939],[-69.61575,-51.628826],[-69.614515,-51.628762],[-69.613322,-51.628713],[-69.612948,-51.62876],[-69.612705,-51.628797],[-69.612469,-51.628856],[-69.612239,-51.628923],[-69.611931,-51.629042],[-69.611764,-51.629114],[-69.61163,-51.62917],[-69.611436,-51.629224],[-69.611295,-51.629251],[-69.611101,-51.629277],[-69.610865,-51.629285],[-69.61044,-51.629308],[-69.610192,-51.629327],[-69.609961,-51.629361],[-69.609686,-51.629424],[-69.608175,-51.629805],[-69.607728,-51.629907],[-69.607139,-51.630024],[-69.606565,-51.63013],[-69.605325,-51.630329],[-69.586412,-51.632816],[-69.585746,-51.632908],[-69.585426,-51.632968],[-69.58529,-51.633005],[-69.585166,-51.633053],[-69.585059,-51.633102],[-69.584932,-51.633174],[-69.584776,-51.633254],[-69.584611,-51.633328],[-69.584415,-51.633381],[-69.584219,-51.633411],[-69.584008,-51.633427],[-69.583828,-51.633425],[-69.583508,-51.633396],[-69.583246,-51.633366],[-69.582943,-51.633348],[-69.582653,-51.633341],[-69.582411,-51.63335],[-69.582129,-51.633378],[-69.581635,-51.633445],[-69.579574,-51.633725],[-69.578951,-51.633809],[-69.577755,-51.633932],[-69.576877,-51.633971],[-69.576176,-51.633967],[-69.575716,-51.633942],[-69.575454,-51.633928],[-69.574697,-51.633862],[-69.57407,-51.633783],[-69.571844,-51.633452],[-69.571298,-51.633375],[-69.566814,-51.632683],[-69.56485,-51.632357],[-69.562919,-51.63203],[-69.558248,-51.631178],[-69.556514,-51.630862],[-69.547169,-51.6291],[-69.539895,-51.627732],[-69.538951,-51.627568],[-69.531655,-51.62642],[-69.524188,-51.625317],[-69.517912,-51.624331],[-69.510937,-51.623249],[-69.506067,-51.622543],[-69.504575,-51.622357],[-69.503967,-51.622301],[-69.503213,-51.622266],[-69.502076,-51.622226],[-69.501487,-51.622222],[-69.501049,-51.622232],[-69.49893,-51.622299],[-69.498552,-51.6223],[-69.497098,-51.622287],[-69.494612,-51.622252],[-69.492709,-51.622197],[-69.490969,-51.622091],[-69.490413,-51.62206],[-69.489576,-51.622038],[-69.488729,-51.62203],[-69.487119,-51.622037],[-69.482466,-51.622038],[-69.482447,-51.622037],[-69.480858,-51.621987],[-69.47944,-51.621942],[-69.478225,-51.621904],[-69.472277,-51.621673],[-69.46887,-51.621511],[-69.46622,-51.621344],[-69.460829,-51.620994],[-69.455878,-51.620684],[-69.45477,-51.620622],[-69.453922,-51.620582],[-69.453093,-51.620562],[-69.450999,-51.620529],[-69.447222,-51.62047],[-69.445202,-51.620439],[-69.44001,-51.620346],[-69.439406,-51.620324],[-69.438816,-51.620303],[-69.435901,-51.620161],[-69.420242,-51.619327],[-69.418871,-51.619262],[-69.418235,-51.61924],[-69.417573,-51.619218],[-69.414778,-51.619165],[-69.41426,-51.619156],[-69.406927,-51.619109],[-69.406616,-51.619108],[-69.406238,-51.619113],[-69.405857,-51.619127],[-69.405398,-51.619147],[-69.40498,-51.61917],[-69.40455,-51.619199],[-69.404124,-51.619235],[-69.403006,-51.619318],[-69.402313,-51.619359],[-69.401703,-51.619385],[-69.401285,-51.619395],[-69.398855,-51.619424],[-69.397915,-51.619434],[-69.396697,-51.619422],[-69.393564,-51.619366],[-69.392384,-51.619339],[-69.390925,-51.619302],[-69.387904,-51.619223],[-69.387857,-51.619222],[-69.387191,-51.619217],[-69.386186,-51.619203],[-69.385725,-51.619197],[-69.385301,-51.619203],[-69.384267,-51.61924],[-69.383726,-51.619259],[-69.383353,-51.619266],[-69.382919,-51.619265],[-69.381951,-51.619236],[-69.37986,-51.619187],[-69.378824,-51.619175],[-69.378311,-51.619165],[-69.378047,-51.619148],[-69.375615,-51.618959],[-69.375076,-51.618934],[-69.37451,-51.618922],[-69.373873,-51.618915],[-69.371858,-51.618895],[-69.368595,-51.618863],[-69.366248,-51.618833],[-69.363444,-51.618791],[-69.361914,-51.618769],[-69.357548,-51.618716],[-69.355669,-51.618696],[-69.355024,-51.618692],[-69.354222,-51.618696],[-69.353602,-51.618706],[-69.353015,-51.618715],[-69.352327,-51.618717],[-69.35193,-51.618711],[-69.350274,-51.618683],[-69.35003,-51.618679],[-69.349476,-51.618667],[-69.349173,-51.618658],[-69.34886,-51.618644],[-69.348154,-51.618611],[-69.347805,-51.618595],[-69.347465,-51.618589],[-69.344469,-51.618544],[-69.339863,-51.618486],[-69.336466,-51.618441],[-69.335513,-51.618428],[-69.332965,-51.618394],[-69.330385,-51.61836],[-69.327945,-51.618328],[-69.325357,-51.618293],[-69.322921,-51.618261],[-69.320775,-51.618232],[-69.318385,-51.618201],[-69.312023,-51.618128],[-69.311985,-51.618127],[-69.31004,-51.6181],[-69.306451,-51.61811],[-69.305388,-51.618104],[-69.304386,-51.618099],[-69.303641,-51.618095],[-69.301503,-51.618083],[-69.299833,-51.618068],[-69.298313,-51.618074],[-69.296375,-51.618069],[-69.296077,-51.618068],[-69.293832,-51.618062],[-69.291067,-51.618047],[-69.288285,-51.618031],[-69.288186,-51.618031],[-69.282552,-51.618032],[-69.278887,-51.618052],[-69.278147,-51.618055],[-69.275438,-51.618082],[-69.273995,-51.618096],[-69.272831,-51.618108],[-69.27163,-51.618121],[-69.271061,-51.618125],[-69.270542,-51.618136],[-69.270191,-51.618144],[-69.269685,-51.618151],[-69.268446,-51.618227],[-69.268111,-51.618253],[-69.267844,-51.61829],[-69.267379,-51.618374],[-69.266979,-51.618478],[-69.266712,-51.618556],[-69.266506,-51.618648],[-69.266252,-51.618797],[-69.266094,-51.618904],[-69.265953,-51.61898],[-69.265329,-51.619312],[-69.264947,-51.619518],[-69.26472,-51.619628],[-69.264491,-51.619721],[-69.264304,-51.619776],[-69.263993,-51.619898],[-69.263739,-51.620022],[-69.262064,-51.62083],[-69.260937,-51.621429],[-69.260076,-51.621862],[-69.259948,-51.621945],[-69.259794,-51.622079],[-69.259623,-51.62225],[-69.259261,-51.622428],[-69.258658,-51.62274],[-69.258044,-51.623068],[-69.257903,-51.623102],[-69.25774,-51.623131],[-69.257516,-51.623162],[-69.257446,-51.623176],[-69.257383,-51.623194],[-69.25638,-51.623717],[-69.25525,-51.624237],[-69.254231,-51.624643],[-69.25329,-51.625013],[-69.253169,-51.625089],[-69.253063,-51.625192],[-69.252952,-51.625285],[-69.252802,-51.625385],[-69.252462,-51.625508],[-69.252444,-51.625515],[-69.252218,-51.625597],[-69.252082,-51.625625],[-69.251814,-51.625666],[-69.251644,-51.62567],[-69.25139,-51.625713],[-69.251121,-51.625793],[-69.249832,-51.626277],[-69.248135,-51.626892],[-69.248039,-51.626941],[-69.247882,-51.627022],[-69.247564,-51.627273],[-69.246958,-51.627504],[-69.246288,-51.627763],[-69.245891,-51.627911],[-69.245695,-51.627961],[-69.24549,-51.628],[-69.245382,-51.628008],[-69.245108,-51.62802],[-69.244989,-51.628036],[-69.2443,-51.628257],[-69.243113,-51.628555],[-69.242619,-51.628663],[-69.241942,-51.628785],[-69.241123,-51.628923],[-69.241063,-51.628933],[-69.240822,-51.628986],[-69.240567,-51.629078],[-69.240523,-51.629105],[-69.240419,-51.629147],[-69.240284,-51.629183],[-69.240207,-51.6292],[-69.239239,-51.629311],[-69.238472,-51.629413],[-69.238063,-51.62947],[-69.2377,-51.629514],[-69.237232,-51.629572],[-69.237036,-51.629567],[-69.23652,-51.629533],[-69.23637,-51.62954],[-69.23392,-51.629828],[-69.232903,-51.629985],[-69.232739,-51.630021],[-69.23248,-51.630099],[-69.232319,-51.630176],[-69.23222,-51.630212],[-69.231407,-51.630307],[-69.231243,-51.630304],[-69.231166,-51.63029],[-69.231008,-51.63028],[-69.230889,-51.630272],[-69.230782,-51.630266],[-69.230619,-51.630273],[-69.229912,-51.630339],[-69.229129,-51.630449],[-69.228765,-51.630519],[-69.228589,-51.630559],[-69.228424,-51.630613],[-69.228216,-51.630689],[-69.228013,-51.630778],[-69.22771,-51.630937],[-69.227533,-51.631033],[-69.227379,-51.631136],[-69.227187,-51.631318],[-69.227022,-51.631467],[-69.226882,-51.631637],[-69.226873,-51.63165],[-69.226758,-51.631834],[-69.226594,-51.631922],[-69.226452,-51.631972],[-69.226279,-51.631995],[-69.226171,-51.631999],[-69.22607,-51.631993],[-69.225941,-51.631968],[-69.225796,-51.631918],[-69.225678,-51.631855],[-69.225583,-51.631771],[-69.225449,-51.631631],[-69.225439,-51.631615],[-69.225291,-51.631407],[-69.224901,-51.630855],[-69.224839,-51.630771],[-69.224645,-51.630485],[-69.224612,-51.63044],[-69.224338,-51.630061],[-69.224199,-51.629866],[-69.223523,-51.628918],[-69.223308,-51.628623],[-69.223191,-51.628496],[-69.222567,-51.627944],[-69.221643,-51.62718],[-69.221496,-51.627058],[-69.220404,-51.626121],[-69.21938,-51.625244],[-69.218293,-51.624323],[-69.216866,-51.624983],[-69.215794,-51.624095],[-69.217196,-51.623418],[-69.217303,-51.623367],[-69.218361,-51.622883]],"type":"LineString"}},{"type":"Feature","properties":{"name":"Ruta 3 — атлантическое побережье","nameEs":"Ruta Nacional 3","description":"Главная дорога вдоль Атлантики: от Буэнос-Айреса до Уshuaia","routeKey":"ruta_3","ref":"RN 3","route":"ruta_3","segmentIndex":8,"source":"OSRM / OpenStreetMap road graph"},"geometry":{"coordinates":[[-69.218361,-51.622883],[-69.218703,-51.622727],[-69.219767,-51.623634],[-69.218408,-51.624263],[-69.219499,-51.625189],[-69.220525,-51.626064],[-69.221142,-51.626577],[-69.221624,-51.626983],[-69.222696,-51.627887],[-69.223035,-51.628183],[-69.22331,-51.628458],[-69.223426,-51.628583],[-69.223623,-51.628872],[-69.223949,-51.629313],[-69.224321,-51.629868],[-69.224617,-51.630304],[-69.224696,-51.630407],[-69.224761,-51.630461],[-69.224845,-51.630508],[-69.224929,-51.630535],[-69.225089,-51.63058],[-69.225379,-51.63062],[-69.225673,-51.630663],[-69.225961,-51.630695],[-69.226197,-51.630714],[-69.226543,-51.630732],[-69.226726,-51.630718],[-69.226913,-51.630697],[-69.227065,-51.630699],[-69.227154,-51.63071],[-69.227252,-51.630734],[-69.227349,-51.63078],[-69.227418,-51.630848],[-69.227445,-51.630945],[-69.227439,-51.631035],[-69.227379,-51.631136],[-69.227187,-51.631318],[-69.227022,-51.631467],[-69.226882,-51.631637],[-69.226873,-51.63165],[-69.226758,-51.631834],[-69.226665,-51.632029],[-69.226611,-51.632178],[-69.226565,-51.632393],[-69.226538,-51.632592],[-69.226533,-51.632799],[-69.226592,-51.633016],[-69.22672,-51.633256],[-69.226782,-51.633347],[-69.227224,-51.634003],[-69.228115,-51.635316],[-69.22851,-51.635899],[-69.22909,-51.636756],[-69.229158,-51.636856],[-69.229243,-51.636983],[-69.229491,-51.637349],[-69.229802,-51.637808],[-69.22998,-51.63807],[-69.230057,-51.638177],[-69.230135,-51.638243],[-69.230302,-51.63834],[-69.230458,-51.638401],[-69.230543,-51.638413],[-69.230617,-51.638441],[-69.230674,-51.638483],[-69.230706,-51.638534],[-69.2307,-51.638622],[-69.230687,-51.638642],[-69.230638,-51.638687],[-69.230597,-51.63879],[-69.230599,-51.638893],[-69.230636,-51.638978],[-69.230672,-51.639039],[-69.230962,-51.639432],[-69.231237,-51.639812],[-69.231489,-51.640185],[-69.231562,-51.640285],[-69.231638,-51.640407],[-69.231734,-51.640547],[-69.232202,-51.641213],[-69.233054,-51.642439],[-69.233192,-51.642629],[-69.233369,-51.642906],[-69.233746,-51.643429],[-69.234422,-51.644416],[-69.234621,-51.644775],[-69.235306,-51.64575],[-69.235824,-51.646494],[-69.236337,-51.647131],[-69.236611,-51.64754],[-69.237015,-51.648109],[-69.237137,-51.64828],[-69.237302,-51.648498],[-69.237503,-51.648785],[-69.237534,-51.648827],[-69.237746,-51.649125],[-69.238086,-51.649675],[-69.238268,-51.649956],[-69.238552,-51.650395],[-69.239108,-51.651146],[-69.239247,-51.651348],[-69.239353,-51.651502],[-69.239363,-51.651516],[-69.239855,-51.652188],[-69.239984,-51.652364],[-69.240756,-51.653331],[-69.242231,-51.655096],[-69.242617,-51.655543],[-69.245671,-51.65911],[-69.245923,-51.659404],[-69.246956,-51.660613],[-69.247341,-51.661062],[-69.247746,-51.661535],[-69.248002,-51.66183],[-69.24822,-51.662082],[-69.249224,-51.663239],[-69.250114,-51.664265],[-69.250745,-51.664992],[-69.251317,-51.66565],[-69.251699,-51.666091],[-69.2519,-51.666322],[-69.252189,-51.666656],[-69.252601,-51.66713],[-69.252651,-51.667188],[-69.252736,-51.667286],[-69.252953,-51.667536],[-69.253568,-51.668245],[-69.254078,-51.668832],[-69.255856,-51.670881],[-69.255999,-51.671046],[-69.256517,-51.671642],[-69.256598,-51.671736],[-69.256833,-51.671936],[-69.257112,-51.672136],[-69.257359,-51.672303],[-69.257606,-51.672434],[-69.257952,-51.672599],[-69.258262,-51.672705],[-69.258431,-51.672753],[-69.259105,-51.672942],[-69.260226,-51.673195],[-69.261928,-51.67358],[-69.262287,-51.673671],[-69.262559,-51.673763],[-69.262816,-51.673864],[-69.263024,-51.673957],[-69.263451,-51.674177],[-69.26351,-51.67421],[-69.263739,-51.674337],[-69.263991,-51.674497],[-69.264237,-51.674693],[-69.264454,-51.674888],[-69.264609,-51.675052],[-69.265593,-51.676096],[-69.265624,-51.676128],[-69.26593,-51.67644],[-69.266958,-51.677475],[-69.267209,-51.677778],[-69.26732,-51.677949],[-69.267418,-51.678105],[-69.267572,-51.678432],[-69.267663,-51.678769],[-69.267715,-51.679053],[-69.267822,-51.679765],[-69.26786,-51.680013],[-69.268295,-51.682836],[-69.268433,-51.683764],[-69.268541,-51.684497],[-69.268624,-51.68484],[-69.268714,-51.685064],[-69.268805,-51.68525],[-69.268922,-51.685442],[-69.269039,-51.685595],[-69.269872,-51.686459],[-69.270175,-51.686771],[-69.272629,-51.689299],[-69.273164,-51.689829],[-69.273726,-51.690386],[-69.274846,-51.691496],[-69.275051,-51.691701],[-69.275176,-51.691825],[-69.27581,-51.692457],[-69.276033,-51.692571],[-69.276256,-51.692659],[-69.276474,-51.69274],[-69.2767,-51.69281],[-69.27695,-51.692864],[-69.277216,-51.692898],[-69.277494,-51.692921],[-69.277797,-51.692933],[-69.277932,-51.692927],[-69.278061,-51.692937],[-69.278166,-51.692956],[-69.278273,-51.692995],[-69.278362,-51.693047],[-69.278437,-51.693113],[-69.278502,-51.693189],[-69.278544,-51.693287],[-69.278558,-51.693377],[-69.278565,-51.693474],[-69.278553,-51.693555],[-69.278521,-51.693652],[-69.278467,-51.693737],[-69.278395,-51.693815],[-69.278351,-51.693947],[-69.278283,-51.694111],[-69.278241,-51.69424],[-69.278206,-51.694403],[-69.27819,-51.694546],[-69.278182,-51.694695],[-69.278193,-51.694862],[-69.278328,-51.695209],[-69.278462,-51.695467],[-69.278564,-51.695635],[-69.278716,-51.695857],[-69.281309,-51.699493],[-69.281824,-51.700218],[-69.282941,-51.701761],[-69.283332,-51.702302],[-69.283791,-51.703009],[-69.284021,-51.703401],[-69.285483,-51.705905],[-69.285796,-51.706467],[-69.287151,-51.709183],[-69.287251,-51.709388],[-69.287319,-51.709542],[-69.287575,-51.710077],[-69.287771,-51.71054],[-69.2879,-51.710863],[-69.28805,-51.711179],[-69.28818,-51.711407],[-69.28836,-51.711743],[-69.288599,-51.712176],[-69.288937,-51.712751],[-69.289228,-51.713233],[-69.289316,-51.713348],[-69.289604,-51.713723],[-69.289813,-51.71395],[-69.290025,-51.714145],[-69.290423,-51.714422],[-69.294796,-51.716696],[-69.295031,-51.716818],[-69.295216,-51.716914],[-69.29526,-51.716939],[-69.295882,-51.717326],[-69.295938,-51.717361],[-69.296411,-51.71771],[-69.296573,-51.71783],[-69.297359,-51.718439],[-69.297805,-51.71877],[-69.298527,-51.719228],[-69.29903,-51.719487],[-69.299376,-51.719665],[-69.300047,-51.720016],[-69.30099,-51.72051],[-69.30143,-51.720738],[-69.302936,-51.721519],[-69.304243,-51.722197],[-69.304521,-51.722342],[-69.306626,-51.72344],[-69.308557,-51.724448],[-69.310623,-51.725526],[-69.311393,-51.726001],[-69.311732,-51.72624],[-69.312033,-51.726501],[-69.312971,-51.727423],[-69.313822,-51.728386],[-69.314259,-51.728864],[-69.317486,-51.732377],[-69.32684,-51.742641],[-69.33124,-51.747466],[-69.331393,-51.747629],[-69.33722,-51.753957],[-69.369528,-51.789572],[-69.369578,-51.789624],[-69.370293,-51.790378],[-69.370837,-51.790952],[-69.371253,-51.791427],[-69.371545,-51.791841],[-69.371784,-51.792243],[-69.374357,-51.797377],[-69.376666,-51.802211],[-69.37706,-51.803068],[-69.377296,-51.803526],[-69.377661,-51.80405],[-69.378025,-51.804514],[-69.380515,-51.80746],[-69.386014,-51.814197],[-69.388277,-51.81697],[-69.391415,-51.820748],[-69.391594,-51.821028],[-69.39177,-51.821297],[-69.391962,-51.821644],[-69.392067,-51.821865],[-69.392212,-51.822348],[-69.392246,-51.822545],[-69.392277,-51.822728],[-69.392331,-51.823382],[-69.3923,-51.823823],[-69.39216,-51.830726],[-69.392035,-51.836906],[-69.39201,-51.837282],[-69.391937,-51.837782],[-69.391852,-51.838148],[-69.391665,-51.838666],[-69.391259,-51.839377],[-69.389779,-51.842301],[-69.389502,-51.84287],[-69.389357,-51.843209],[-69.389304,-51.843434],[-69.389259,-51.843622],[-69.3892,-51.844032],[-69.389212,-51.844411],[-69.389251,-51.844863],[-69.389335,-51.845343],[-69.389702,-51.846126],[-69.390855,-51.848293],[-69.391366,-51.849169],[-69.392261,-51.850705],[-69.392482,-51.851071],[-69.392738,-51.851434],[-69.393172,-51.851928],[-69.394117,-51.85274],[-69.397106,-51.854892],[-69.398077,-51.855586],[-69.400704,-51.857477],[-69.401142,-51.857843],[-69.401611,-51.858298],[-69.402228,-51.858968],[-69.40245,-51.859368],[-69.402777,-51.860023],[-69.403356,-51.861406],[-69.404204,-51.863436],[-69.404481,-51.864072],[-69.40471,-51.864537],[-69.405047,-51.865089],[-69.405707,-51.865781],[-69.406086,-51.866102],[-69.406564,-51.866425],[-69.406678,-51.866501],[-69.407427,-51.866859],[-69.408142,-51.86714],[-69.408697,-51.867308],[-69.409616,-51.867508],[-69.410738,-51.867671],[-69.413954,-51.867997],[-69.414889,-51.868049],[-69.415992,-51.868003],[-69.417336,-51.867818],[-69.418943,-51.867495],[-69.426437,-51.865863],[-69.427347,-51.865676],[-69.428376,-51.865465],[-69.429684,-51.865257],[-69.430749,-51.865142],[-69.431926,-51.865084],[-69.433887,-51.865038],[-69.439655,-51.865104],[-69.444118,-51.86521],[-69.445282,-51.865269],[-69.446677,-51.865374],[-69.44757,-51.865543],[-69.448556,-51.865833],[-69.449149,-51.866094],[-69.449217,-51.866124],[-69.450133,-51.866575],[-69.454211,-51.868995],[-69.455238,-51.869698],[-69.456514,-51.87065],[-69.459553,-51.872916],[-69.461001,-51.87402],[-69.465269,-51.877275],[-69.466147,-51.877956],[-69.466969,-51.878717],[-69.468109,-51.879893],[-69.470899,-51.883244],[-69.475381,-51.888829],[-69.482492,-51.897688],[-69.483433,-51.898895],[-69.484289,-51.900049],[-69.486849,-51.903783],[-69.487536,-51.904775],[-69.488913,-51.906765],[-69.489652,-51.907558],[-69.490176,-51.907992],[-69.490818,-51.908383],[-69.491736,-51.908864],[-69.517107,-51.920494],[-69.518564,-51.921231],[-69.519479,-51.921842],[-69.520226,-51.922487],[-69.52072,-51.923111],[-69.521179,-51.923881],[-69.521553,-51.92486],[-69.521707,-51.925658],[-69.522421,-51.941485],[-69.523077,-51.954801],[-69.523321,-51.959765],[-69.523869,-51.970894],[-69.524015,-51.973743],[-69.524624,-51.985569],[-69.525851,-52.009381],[-69.526028,-52.01296],[-69.526909,-52.02119],[-69.527307,-52.02491],[-69.527645,-52.028071],[-69.529112,-52.035016],[-69.529645,-52.037543],[-69.534781,-52.061856],[-69.53489,-52.06249],[-69.53503,-52.063278],[-69.535054,-52.063786],[-69.534995,-52.06476],[-69.534903,-52.065291],[-69.534873,-52.065512],[-69.53467,-52.066825],[-69.533683,-52.072892],[-69.533677,-52.072924],[-69.532096,-52.081156],[-69.531928,-52.082132],[-69.531838,-52.082444],[-69.531648,-52.082832],[-69.531237,-52.083579],[-69.530882,-52.084313],[-69.530695,-52.084922],[-69.53062,-52.085496],[-69.530605,-52.085896],[-69.530639,-52.086219],[-69.530713,-52.086578],[-69.533209,-52.095738],[-69.533404,-52.096456],[-69.533495,-52.096972],[-69.53346,-52.097432],[-69.53338,-52.097958],[-69.533232,-52.098393],[-69.53322,-52.098429],[-69.532916,-52.098961],[-69.532411,-52.09956],[-69.531536,-52.10026],[-69.530292,-52.10092],[-69.529478,-52.101227],[-69.527277,-52.102056],[-69.526586,-52.1024],[-69.526227,-52.102635],[-69.52594,-52.102849],[-69.525532,-52.103198],[-69.525247,-52.103472],[-69.524965,-52.10383],[-69.524736,-52.104167],[-69.524523,-52.104654],[-69.524417,-52.105125],[-69.524381,-52.105498],[-69.524391,-52.106002],[-69.524484,-52.106509],[-69.524666,-52.107005],[-69.524891,-52.107435],[-69.525241,-52.10793],[-69.526389,-52.109263],[-69.526655,-52.109615],[-69.526828,-52.109881],[-69.526971,-52.110197],[-69.52709,-52.110489],[-69.527166,-52.110768],[-69.527218,-52.111092],[-69.527235,-52.111465],[-69.527212,-52.111832],[-69.527083,-52.11228],[-69.52695,-52.112638],[-69.526724,-52.113026],[-69.526417,-52.11346],[-69.526158,-52.113752],[-69.52581,-52.114099],[-69.525356,-52.114442],[-69.524758,-52.114803],[-69.521953,-52.116362],[-69.518851,-52.118134],[-69.518433,-52.11841],[-69.517929,-52.118765],[-69.517473,-52.119155],[-69.517043,-52.119582],[-69.516784,-52.119905],[-69.516596,-52.1202],[-69.51644,-52.120489],[-69.516277,-52.12083],[-69.516189,-52.121053],[-69.516124,-52.121297],[-69.516049,-52.12167],[-69.516028,-52.122003],[-69.516042,-52.12229],[-69.51608,-52.122506],[-69.516363,-52.123732],[-69.5167,-52.12517],[-69.516958,-52.12627],[-69.517195,-52.127281],[-69.517208,-52.127336],[-69.517659,-52.129261],[-69.51838,-52.132333],[-69.518697,-52.133655],[-69.518753,-52.133889],[-69.518851,-52.134368],[-69.518941,-52.134808],[-69.519131,-52.135743],[-69.519253,-52.136761],[-69.519355,-52.137588],[-69.519421,-52.13799],[-69.519451,-52.138157],[-69.519602,-52.138523],[-69.519686,-52.138695],[-69.519698,-52.13872],[-69.519767,-52.138839],[-69.519789,-52.138908],[-69.519807,-52.139036],[-69.519811,-52.139062],[-69.519773,-52.13929],[-69.519687,-52.139579],[-69.519657,-52.139733],[-69.51965,-52.139912],[-69.519639,-52.140307],[-69.519812,-52.141793],[-69.519893,-52.142383],[-69.519901,-52.142556],[-69.519904,-52.142717],[-69.519889,-52.142857],[-69.51986,-52.143003],[-69.519809,-52.143156],[-69.519742,-52.143316],[-69.519651,-52.143499],[-69.519533,-52.14368],[-69.51941,-52.143831],[-69.519281,-52.143969],[-69.519123,-52.144126],[-69.517376,-52.145674],[-69.517325,-52.145772],[-69.517291,-52.145851],[-69.517271,-52.145922],[-69.517243,-52.146049],[-69.51716,-52.146585],[-69.517148,-52.146656],[-69.517136,-52.146726],[-69.517119,-52.146773],[-69.517093,-52.146827],[-69.517048,-52.146888],[-69.516996,-52.146945],[-69.516925,-52.146997],[-69.516819,-52.147055],[-69.516718,-52.147098],[-69.516616,-52.147132],[-69.516493,-52.147157],[-69.516199,-52.147195],[-69.51601,-52.147223],[-69.515876,-52.147247],[-69.515836,-52.147254],[-69.515743,-52.147274],[-69.515631,-52.147306],[-69.515544,-52.147341],[-69.515467,-52.147375],[-69.51539,-52.147414],[-69.515275,-52.147494],[-69.514529,-52.148144],[-69.514363,-52.14829],[-69.51326,-52.149256],[-69.512587,-52.149845],[-69.511611,-52.150706],[-69.506435,-52.155255],[-69.506415,-52.155272],[-69.50299,-52.158268],[-69.502266,-52.158899],[-69.498779,-52.161947],[-69.49839,-52.162287],[-69.497638,-52.162943],[-69.497418,-52.163145],[-69.497195,-52.163359],[-69.497058,-52.163496],[-69.496919,-52.163654],[-69.496795,-52.163813],[-69.496678,-52.163964],[-69.49657,-52.164124],[-69.496464,-52.164314],[-69.496317,-52.164591],[-69.495459,-52.166622],[-69.493657,-52.17093],[-69.492356,-52.174038],[-69.49115,-52.176911],[-69.489177,-52.181658],[-69.488694,-52.182824],[-69.487368,-52.185973],[-69.485555,-52.190359],[-69.484836,-52.192092],[-69.483364,-52.195632],[-69.48176,-52.199488],[-69.480444,-52.202683],[-69.479196,-52.205677],[-69.477681,-52.209313],[-69.476069,-52.21327],[-69.474891,-52.216181],[-69.474215,-52.217837],[-69.473253,-52.220174],[-69.471761,-52.223792],[-69.47126,-52.225064],[-69.471176,-52.22532],[-69.471093,-52.225609],[-69.471042,-52.225821],[-69.470994,-52.226096],[-69.470959,-52.226385],[-69.470657,-52.229434],[-69.470635,-52.229715],[-69.470641,-52.229869],[-69.470651,-52.230081],[-69.470686,-52.23026],[-69.470745,-52.230492],[-69.470831,-52.230701],[-69.470912,-52.230847],[-69.471046,-52.231059],[-69.47115,-52.23121],[-69.471284,-52.231372],[-69.471456,-52.231545],[-69.471612,-52.231686],[-69.471791,-52.231836],[-69.473607,-52.23315],[-69.475136,-52.234246],[-69.477089,-52.235655],[-69.479342,-52.237275],[-69.480661,-52.238198],[-69.481018,-52.238429],[-69.481332,-52.238613],[-69.482134,-52.239083],[-69.484658,-52.240476],[-69.486715,-52.241626],[-69.487171,-52.241911],[-69.487439,-52.242094],[-69.487705,-52.242304],[-69.488027,-52.242555],[-69.48826,-52.242769],[-69.488582,-52.243072],[-69.489027,-52.243527],[-69.490594,-52.245153],[-69.490897,-52.245449],[-69.491068,-52.245607],[-69.491296,-52.245792],[-69.49149,-52.245938],[-69.491691,-52.246096],[-69.4919,-52.246249],[-69.492123,-52.246398],[-69.492393,-52.246557],[-69.492705,-52.246739],[-69.493061,-52.246924],[-69.493814,-52.247264],[-69.49467,-52.247604],[-69.497459,-52.248667],[-69.500812,-52.249933],[-69.504178,-52.251219],[-69.509296,-52.253171],[-69.515318,-52.255471],[-69.519939,-52.25723],[-69.524932,-52.259128],[-69.52903,-52.260684],[-69.533539,-52.262401],[-69.539507,-52.264663],[-69.543243,-52.26609],[-69.548855,-52.26822],[-69.551953,-52.269392],[-69.558124,-52.271725],[-69.563298,-52.273688],[-69.565611,-52.274564],[-69.566019,-52.274724],[-69.566359,-52.274863],[-69.566565,-52.27496],[-69.566814,-52.275083],[-69.56703,-52.275202],[-69.567298,-52.275362],[-69.567518,-52.275502],[-69.567721,-52.275644],[-69.567953,-52.275826],[-69.56814,-52.275985],[-69.568312,-52.276153],[-69.568523,-52.276379],[-69.568661,-52.276541],[-69.56878,-52.276702],[-69.56892,-52.276908],[-69.56903,-52.277099],[-69.569119,-52.277299],[-69.56918,-52.277465],[-69.569252,-52.277701],[-69.569308,-52.277919],[-69.56934,-52.278114],[-69.569369,-52.278357],[-69.569658,-52.282401],[-69.569684,-52.28264],[-69.56972,-52.282832],[-69.569774,-52.283052],[-69.569831,-52.283252],[-69.569901,-52.283422],[-69.56999,-52.283631],[-69.57009,-52.283823],[-69.570218,-52.28404],[-69.57038,-52.284265],[-69.57055,-52.284481],[-69.570751,-52.284708],[-69.570883,-52.284845],[-69.571057,-52.284999],[-69.571226,-52.285138],[-69.571417,-52.285285],[-69.571633,-52.285435],[-69.572839,-52.286231],[-69.576429,-52.288545],[-69.578637,-52.289984],[-69.580603,-52.291253],[-69.58299,-52.292791],[-69.58527,-52.294264],[-69.587874,-52.295962],[-69.590468,-52.297631],[-69.592769,-52.299114],[-69.594883,-52.3005],[-69.596146,-52.301309],[-69.598343,-52.302723],[-69.600802,-52.304309],[-69.602806,-52.305601],[-69.605306,-52.307231],[-69.608602,-52.309362],[-69.609405,-52.309886],[-69.610156,-52.310324],[-69.610443,-52.310473],[-69.610688,-52.310595],[-69.61098,-52.310729],[-69.61128,-52.31086],[-69.611795,-52.311069],[-69.612332,-52.311261],[-69.612774,-52.311418],[-69.613268,-52.311564],[-69.613694,-52.311674],[-69.620205,-52.313356],[-69.625894,-52.314811],[-69.633268,-52.316701],[-69.634397,-52.316983],[-69.634931,-52.317106],[-69.635355,-52.317196],[-69.635692,-52.317259],[-69.636036,-52.317316],[-69.636462,-52.317375],[-69.636991,-52.317442],[-69.637337,-52.317482],[-69.63775,-52.317513],[-69.638643,-52.317568],[-69.643215,-52.317823],[-69.647125,-52.318041],[-69.651353,-52.31827],[-69.655365,-52.31849],[-69.659536,-52.318719],[-69.662937,-52.318897],[-69.664616,-52.318998],[-69.664992,-52.319033],[-69.665338,-52.319079],[-69.665557,-52.319112],[-69.665814,-52.319162],[-69.666052,-52.319218],[-69.666205,-52.319258],[-69.666416,-52.319321],[-69.666622,-52.319403],[-69.666803,-52.319482],[-69.666961,-52.319559],[-69.667128,-52.319643],[-69.667304,-52.319726],[-69.667404,-52.319773],[-69.667565,-52.319884],[-69.668029,-52.320216],[-69.668707,-52.320675],[-69.670097,-52.321663],[-69.672349,-52.323252],[-69.674299,-52.324632],[-69.676862,-52.326455],[-69.678403,-52.32755],[-69.680447,-52.329012],[-69.681541,-52.329791],[-69.681761,-52.329969],[-69.681963,-52.330142],[-69.68225,-52.330412],[-69.68247,-52.33063],[-69.682652,-52.330814],[-69.68285,-52.331037],[-69.684599,-52.332956],[-69.687238,-52.335893],[-69.688909,-52.337742],[-69.691975,-52.341131],[-69.694116,-52.343495],[-69.698206,-52.348019],[-69.700735,-52.350824],[-69.702728,-52.353026],[-69.704024,-52.354476],[-69.704423,-52.354879],[-69.704753,-52.355193],[-69.705024,-52.355428],[-69.705335,-52.355677],[-69.705689,-52.355952],[-69.705947,-52.356137],[-69.706218,-52.356319],[-69.706513,-52.356506],[-69.706919,-52.356745],[-69.707346,-52.356989],[-69.707777,-52.357205],[-69.708252,-52.357434],[-69.709121,-52.357808],[-69.715859,-52.360589],[-69.722606,-52.363387],[-69.726232,-52.364879],[-69.726785,-52.365125],[-69.727091,-52.365279],[-69.727303,-52.365405],[-69.727512,-52.365544],[-69.727662,-52.365659],[-69.727831,-52.365803],[-69.728491,-52.366438],[-69.730773,-52.368625],[-69.732839,-52.370596],[-69.734231,-52.371936],[-69.734515,-52.372242],[-69.734671,-52.37243],[-69.734794,-52.372597],[-69.734896,-52.372776],[-69.735009,-52.373],[-69.735875,-52.375067],[-69.736945,-52.377664],[-69.737028,-52.377891],[-69.737085,-52.37808],[-69.737138,-52.378317],[-69.737184,-52.378553],[-69.737213,-52.378772],[-69.737229,-52.379013],[-69.737232,-52.379242],[-69.737216,-52.379509],[-69.737192,-52.37972],[-69.737136,-52.380008],[-69.736563,-52.382489],[-69.736504,-52.382757],[-69.736477,-52.382955],[-69.736464,-52.383116],[-69.736469,-52.383306],[-69.736499,-52.383496],[-69.736542,-52.383677],[-69.736603,-52.383854],[-69.73671,-52.384064],[-69.736807,-52.384224],[-69.73693,-52.384386],[-69.737075,-52.384547],[-69.737217,-52.384691],[-69.73736,-52.384812],[-69.737566,-52.384969],[-69.738982,-52.385971],[-69.740712,-52.387141],[-69.741707,-52.387826],[-69.745516,-52.390445],[-69.747504,-52.391815],[-69.751111,-52.394311],[-69.755102,-52.397031],[-69.756895,-52.398282],[-69.757337,-52.398591],[-69.756851,-52.398825],[-69.756246,-52.3991],[-69.755619,-52.399378],[-69.754479,-52.399883],[-69.754194,-52.400011],[-69.753774,-52.400205],[-69.753512,-52.400329],[-69.753195,-52.400481],[-69.752871,-52.400649],[-69.752583,-52.400797],[-69.752242,-52.400979],[-69.751843,-52.4012],[-69.75071,-52.40183],[-69.750421,-52.401977],[-69.750013,-52.402177],[-69.749613,-52.40236],[-69.749314,-52.402499],[-69.748835,-52.402685],[-69.748363,-52.402857],[-69.746373,-52.403577],[-69.74497,-52.404076],[-69.743712,-52.404508],[-69.743329,-52.40463],[-69.742623,-52.404851],[-69.741835,-52.405073],[-69.741339,-52.405202],[-69.740735,-52.405354],[-69.736114,-52.406438],[-69.730197,-52.407842],[-69.726409,-52.408728],[-69.720729,-52.41008],[-69.715286,-52.411371],[-69.702476,-52.414406],[-69.696473,-52.415826],[-69.696178,-52.415899],[-69.695926,-52.415976],[-69.695717,-52.41604],[-69.695505,-52.416115],[-69.695272,-52.4162],[-69.695038,-52.416299],[-69.692336,-52.417591],[-69.686866,-52.4202],[-69.686573,-52.420336],[-69.68627,-52.420465],[-69.685983,-52.420576],[-69.685742,-52.420668],[-69.685441,-52.420782],[-69.685203,-52.420864],[-69.684924,-52.420959],[-69.684682,-52.421033],[-69.683711,-52.421277],[-69.657721,-52.427166],[-69.651874,-52.42849],[-69.648714,-52.429206],[-69.633605,-52.432557],[-69.628466,-52.433695],[-69.627908,-52.433831],[-69.627355,-52.433963],[-69.627115,-52.434026],[-69.626993,-52.434058],[-69.626604,-52.434163],[-69.623692,-52.434988],[-69.61764,-52.436709],[-69.615307,-52.437358],[-69.614489,-52.437583],[-69.613403,-52.437876],[-69.611281,-52.438424],[-69.601647,-52.440868],[-69.597049,-52.442034],[-69.593536,-52.44293],[-69.590293,-52.443756],[-69.588353,-52.444235],[-69.585931,-52.444846],[-69.584105,-52.445315],[-69.583024,-52.445587],[-69.582705,-52.445665],[-69.582359,-52.445742],[-69.582018,-52.445807],[-69.581364,-52.445919],[-69.576498,-52.446756],[-69.575984,-52.446847],[-69.575531,-52.44694],[-69.575156,-52.447027],[-69.57474,-52.447133],[-69.574324,-52.447243],[-69.573976,-52.447339],[-69.573434,-52.447504],[-69.572318,-52.447864],[-69.572015,-52.447957],[-69.571728,-52.448032],[-69.571449,-52.448098],[-69.5711,-52.44817],[-69.57076,-52.448233],[-69.570408,-52.448282],[-69.570051,-52.448322],[-69.569649,-52.448351],[-69.56922,-52.448369],[-69.568804,-52.448374],[-69.568337,-52.448366],[-69.567849,-52.448336],[-69.565092,-52.448108],[-69.564722,-52.448081],[-69.564368,-52.448068],[-69.564089,-52.448068],[-69.563866,-52.448075],[-69.563569,-52.448093],[-69.563287,-52.448119],[-69.562968,-52.44815],[-69.562675,-52.448191],[-69.562386,-52.44824],[-69.562177,-52.448278],[-69.561933,-52.448327],[-69.561745,-52.448369],[-69.561576,-52.448412],[-69.561394,-52.448463],[-69.561159,-52.44854],[-69.560922,-52.44862],[-69.560656,-52.448721],[-69.560471,-52.448798],[-69.5603,-52.448877],[-69.560041,-52.449],[-69.559818,-52.44911],[-69.559645,-52.449202],[-69.559471,-52.449303],[-69.559314,-52.44941],[-69.558692,-52.449867],[-69.555961,-52.451939],[-69.555731,-52.452105],[-69.555555,-52.452227],[-69.555329,-52.45238],[-69.555108,-52.452521],[-69.554902,-52.452651],[-69.554619,-52.452813],[-69.554407,-52.452935],[-69.554154,-52.453071],[-69.553847,-52.453223],[-69.553564,-52.453363],[-69.553304,-52.453488],[-69.553004,-52.453622],[-69.552706,-52.453743],[-69.552101,-52.453985],[-69.549938,-52.454829],[-69.549474,-52.455016],[-69.549041,-52.455194],[-69.548398,-52.455474],[-69.547822,-52.455743],[-69.547089,-52.456078],[-69.545748,-52.456699],[-69.54521,-52.457546],[-69.545622,-52.460793],[-69.541465,-52.46488],[-69.533437,-52.472779],[-69.523434,-52.483124],[-69.520571,-52.487238],[-69.519454,-52.492447],[-69.519992,-52.494574],[-69.520127,-52.494927],[-69.520391,-52.496143],[-69.52083,-52.497608],[-69.521178,-52.498783],[-69.521305,-52.499247],[-69.521374,-52.499621],[-69.52141,-52.499962],[-69.521395,-52.500271],[-69.52136,-52.500568],[-69.521291,-52.500864],[-69.521208,-52.50113],[-69.521106,-52.501396],[-69.520992,-52.501662],[-69.520829,-52.501982],[-69.520629,-52.502248],[-69.520407,-52.502534],[-69.520149,-52.502823],[-69.519866,-52.503096],[-69.51953,-52.503388],[-69.519179,-52.503664],[-69.511342,-52.509705],[-69.511296,-52.509742],[-69.507994,-52.512405],[-69.506557,-52.51345],[-69.49756,-52.519286],[-69.49371,-52.521783],[-69.493153,-52.522084],[-69.492659,-52.522314],[-69.492223,-52.522485],[-69.491659,-52.522688],[-69.491069,-52.522866],[-69.490384,-52.523048],[-69.477899,-52.526243],[-69.477117,-52.526439],[-69.476288,-52.526621],[-69.475471,-52.526786],[-69.441678,-52.534009],[-69.4412,-52.534114],[-69.44074,-52.534201],[-69.440256,-52.534275],[-69.439796,-52.534333],[-69.439329,-52.534384],[-69.438605,-52.534448],[-69.437753,-52.534499],[-69.437225,-52.534536],[-69.419106,-52.535823],[-69.418563,-52.535868],[-69.418116,-52.535917],[-69.41757,-52.536001],[-69.41706,-52.536096],[-69.416406,-52.536241],[-69.413051,-52.536998],[-69.41277,-52.53706],[-69.412358,-52.537132],[-69.412016,-52.53718],[-69.411635,-52.537222],[-69.411263,-52.537237],[-69.41088,-52.537242],[-69.410516,-52.537229],[-69.410168,-52.5372],[-69.409782,-52.537151],[-69.409396,-52.537083],[-69.406542,-52.536505],[-69.405936,-52.53637],[-69.399801,-52.535052],[-69.397926,-52.534641],[-69.397545,-52.534543],[-69.396217,-52.534166],[-69.39582,-52.534059],[-69.395415,-52.533968],[-69.395029,-52.533904],[-69.394682,-52.533868],[-69.394355,-52.533852],[-69.393868,-52.533844],[-69.39338,-52.533861],[-69.392884,-52.533916],[-69.392396,-52.533995],[-69.392095,-52.534053],[-69.388516,-52.535035],[-69.388096,-52.535163],[-69.387704,-52.535319],[-69.387426,-52.535434],[-69.387075,-52.535622],[-69.386737,-52.535853],[-69.386478,-52.536055],[-69.386213,-52.536299],[-69.386019,-52.536536],[-69.385886,-52.536729],[-69.385172,-52.538366],[-69.384943,-52.538975],[-69.384748,-52.539365],[-69.384519,-52.53969],[-69.384276,-52.539953],[-69.383105,-52.540926],[-69.381858,-52.541946],[-69.381136,-52.542504],[-69.380835,-52.542727],[-69.380562,-52.542909],[-69.378641,-52.544105],[-69.378053,-52.544484],[-69.377734,-52.5447],[-69.377372,-52.544979],[-69.3771,-52.545243],[-69.373135,-52.549333],[-69.370581,-52.551988],[-69.370356,-52.552231],[-69.361012,-52.564127],[-69.360853,-52.564345],[-69.360586,-52.564732],[-69.360419,-52.565021],[-69.360221,-52.565429],[-69.360077,-52.565831],[-69.359996,-52.566179],[-69.359945,-52.566686],[-69.359964,-52.567132],[-69.360011,-52.567529],[-69.360114,-52.56792],[-69.360215,-52.56822],[-69.360366,-52.568547],[-69.360525,-52.56883],[-69.363348,-52.572868],[-69.363419,-52.572969],[-69.363727,-52.573413],[-69.363913,-52.573693],[-69.364042,-52.573891],[-69.36415,-52.574072],[-69.364249,-52.574259],[-69.364327,-52.57445],[-69.36441,-52.574645],[-69.364496,-52.57494],[-69.364558,-52.575204],[-69.364598,-52.575458],[-69.364621,-52.575843],[-69.364623,-52.576253],[-69.364094,-52.588414],[-69.364093,-52.588768],[-69.364409,-52.591512],[-69.364859,-52.595428],[-69.364881,-52.5957],[-69.364983,-52.599362],[-69.365072,-52.604954],[-69.365085,-52.605548],[-69.365124,-52.60601],[-69.365207,-52.606539],[-69.365408,-52.607189],[-69.366806,-52.612338],[-69.366961,-52.612764],[-69.367639,-52.614449],[-69.367863,-52.614981],[-69.368004,-52.615354],[-69.36806,-52.615615],[-69.368101,-52.615849],[-69.36812,-52.61611],[-69.368072,-52.616459],[-69.367917,-52.617573],[-69.367881,-52.618523],[-69.367879,-52.618567],[-69.368438,-52.623607],[-69.368605,-52.625047],[-69.368832,-52.626513],[-69.369589,-52.628557],[-69.369693,-52.628888],[-69.369749,-52.629183],[-69.369779,-52.62955],[-69.369387,-52.632486],[-69.368485,-52.639014],[-69.368415,-52.639676],[-69.368381,-52.6402],[-69.368425,-52.640744],[-69.36879,-52.643448],[-69.368841,-52.643724],[-69.368853,-52.643936],[-69.368832,-52.644147],[-69.368758,-52.64437],[-69.368609,-52.644698],[-69.368437,-52.644976],[-69.368119,-52.645355],[-69.367772,-52.64567],[-69.367365,-52.645948],[-69.36688,-52.646202],[-69.365324,-52.646867],[-69.364396,-52.647251],[-69.363559,-52.647614],[-69.36292,-52.647891],[-69.36228,-52.648124],[-69.361415,-52.648376],[-69.360396,-52.648646],[-69.359726,-52.648824],[-69.359147,-52.648996],[-69.35785,-52.649443],[-69.356653,-52.649885],[-69.355501,-52.650344],[-69.354825,-52.650624],[-69.354267,-52.650892],[-69.353835,-52.651145],[-69.348738,-52.655424],[-69.348481,-52.655619],[-69.34832,-52.655723],[-69.348177,-52.655816],[-69.347833,-52.655984],[-69.345633,-52.656917],[-69.344276,-52.657492],[-69.341931,-52.658486],[-69.341316,-52.658801],[-69.340847,-52.659131],[-69.339944,-52.659927],[-69.339378,-52.660452],[-69.339112,-52.660801],[-69.338928,-52.661148],[-69.338835,-52.661486],[-69.338775,-52.661905],[-69.338809,-52.662344],[-69.339016,-52.662874],[-69.339828,-52.664614],[-69.339985,-52.665],[-69.340102,-52.66542],[-69.340104,-52.665938],[-69.340004,-52.666339],[-69.339787,-52.666738],[-69.335179,-52.674304],[-69.335044,-52.674689],[-69.334997,-52.674923],[-69.334972,-52.675325],[-69.334993,-52.675608],[-69.337401,-52.695693],[-69.338904,-52.708226],[-69.340068,-52.7178],[-69.340122,-52.718225],[-69.340167,-52.718542],[-69.34021,-52.718757],[-69.340282,-52.718997],[-69.340349,-52.719191],[-69.340454,-52.719437],[-69.34105,-52.720743],[-69.341774,-52.722279],[-69.341868,-52.722519],[-69.341927,-52.722734],[-69.341956,-52.722963],[-69.341961,-52.723181],[-69.34194,-52.723359],[-69.341905,-52.72354],[-69.341862,-52.723699],[-69.341825,-52.723829],[-69.34176,-52.723986],[-69.341693,-52.724105],[-69.341632,-52.724212],[-69.34153,-52.724366],[-69.34143,-52.724478],[-69.341288,-52.724631],[-69.341146,-52.724771],[-69.340991,-52.724914],[-69.340824,-52.725037],[-69.340626,-52.725169],[-69.340417,-52.725297],[-69.340097,-52.725466],[-69.339821,-52.725603],[-69.33266,-52.728811],[-69.32626,-52.731691],[-69.325959,-52.731819],[-69.325686,-52.731924],[-69.32542,-52.73202],[-69.325171,-52.732093],[-69.324916,-52.732165],[-69.324629,-52.732238],[-69.324345,-52.732296],[-69.324044,-52.732347],[-69.323706,-52.732394],[-69.323382,-52.73243],[-69.323104,-52.732448],[-69.322752,-52.732462],[-69.32236,-52.732467],[-69.321888,-52.732465],[-69.317089,-52.732399],[-69.309091,-52.732275],[-69.301618,-52.732164],[-69.301483,-52.732162],[-69.300918,-52.732156],[-69.300378,-52.732234],[-69.29996,-52.732309],[-69.299532,-52.732443],[-69.299081,-52.732621],[-69.298743,-52.7328],[-69.298496,-52.732985],[-69.298334,-52.733111],[-69.29819,-52.733264],[-69.29803,-52.733476],[-69.297874,-52.733706],[-69.297767,-52.73394],[-69.297702,-52.734127],[-69.297555,-52.73523],[-69.297179,-52.737854],[-69.296874,-52.740292],[-69.296576,-52.742454],[-69.296238,-52.744931],[-69.29605,-52.746567],[-69.295933,-52.747421],[-69.295822,-52.748222],[-69.295771,-52.74854],[-69.295718,-52.7488],[-69.295706,-52.748836],[-69.295642,-52.749029],[-69.295562,-52.74922],[-69.295479,-52.749399],[-69.295382,-52.749571],[-69.295219,-52.74981],[-69.295066,-52.750005],[-69.294878,-52.750212],[-69.294701,-52.750391],[-69.294494,-52.750582],[-69.294261,-52.750784],[-69.293537,-52.751393],[-69.292161,-52.75254],[-69.291965,-52.752714],[-69.291791,-52.752888],[-69.291627,-52.753065],[-69.291504,-52.753209],[-69.291378,-52.75338],[-69.291254,-52.753581],[-69.291136,-52.753807],[-69.291037,-52.754037],[-69.289185,-52.759812],[-69.288975,-52.760466],[-69.288623,-52.761565],[-69.28851,-52.761915],[-69.287656,-52.764585],[-69.287576,-52.764972],[-69.287569,-52.765367],[-69.287591,-52.765734],[-69.287649,-52.76592],[-69.28771,-52.766388],[-69.287742,-52.766547],[-69.287819,-52.76682],[-69.287991,-52.767046],[-69.288053,-52.767127],[-69.288164,-52.767214],[-69.288338,-52.767365],[-69.288567,-52.767525],[-69.288894,-52.767662],[-69.289533,-52.767911],[-69.289922,-52.768035],[-69.290457,-52.768176],[-69.292722,-52.768763],[-69.296061,-52.769616],[-69.301205,-52.770949],[-69.304706,-52.771858],[-69.30842,-52.772822],[-69.309512,-52.7731],[-69.310091,-52.773244],[-69.310609,-52.773366],[-69.311159,-52.773474],[-69.311744,-52.773567],[-69.314866,-52.77402],[-69.320716,-52.774871],[-69.328371,-52.775989],[-69.334062,-52.776807],[-69.344826,-52.778383],[-69.357386,-52.780199],[-69.357816,-52.780261],[-69.362993,-52.781019],[-69.367941,-52.781754],[-69.374711,-52.782724],[-69.378204,-52.783209],[-69.38224,-52.783809],[-69.385676,-52.784311],[-69.38621,-52.784385],[-69.3875,-52.784575],[-69.388058,-52.784656],[-69.388576,-52.784741],[-69.388948,-52.784814],[-69.389252,-52.78488],[-69.389624,-52.784982],[-69.389984,-52.785088],[-69.390311,-52.785198],[-69.390692,-52.785336],[-69.390776,-52.785373],[-69.390974,-52.785459],[-69.391239,-52.785587],[-69.391545,-52.785751],[-69.391821,-52.785912],[-69.392049,-52.786056],[-69.392307,-52.78624],[-69.392559,-52.786436],[-69.392697,-52.786549],[-69.393497,-52.787372],[-69.395303,-52.789344],[-69.397996,-52.792278],[-69.399626,-52.79404],[-69.402689,-52.797381],[-69.405887,-52.800851],[-69.409344,-52.804616],[-69.412842,-52.808422],[-69.413072,-52.808685],[-69.413273,-52.808938],[-69.413442,-52.80919],[-69.413576,-52.80943],[-69.413681,-52.809672],[-69.413745,-52.809897],[-69.413794,-52.810136],[-69.413815,-52.810311],[-69.413837,-52.810536],[-69.413877,-52.811326],[-69.414188,-52.81716],[-69.41444,-52.821451],[-69.414561,-52.824141],[-69.414565,-52.824223],[-69.414719,-52.826958],[-69.414901,-52.830138],[-69.414993,-52.832471],[-69.415138,-52.834516],[-69.415245,-52.836477],[-69.415349,-52.838554],[-69.415352,-52.838862],[-69.415347,-52.839105],[-69.415328,-52.839361],[-69.415298,-52.839604],[-69.415247,-52.839829],[-69.41518,-52.840066],[-69.4151,-52.84031],[-69.415014,-52.840503],[-69.414923,-52.840691],[-69.414832,-52.840868],[-69.414727,-52.841051],[-69.414609,-52.841226],[-69.414454,-52.841452],[-69.414309,-52.841652],[-69.414153,-52.841843],[-69.414006,-52.842015],[-69.413823,-52.842201],[-69.413652,-52.842363],[-69.413467,-52.842528],[-69.4133,-52.842664],[-69.413072,-52.842836],[-69.412831,-52.843017],[-69.412549,-52.843197],[-69.412251,-52.843384],[-69.411973,-52.843541],[-69.411632,-52.843727],[-69.411219,-52.843938],[-69.40998,-52.84457],[-69.409475,-52.844827],[-69.405296,-52.846928],[-69.401045,-52.849087],[-69.400469,-52.849374],[-69.400141,-52.849541],[-69.399736,-52.849709],[-69.399398,-52.849836],[-69.399063,-52.849943],[-69.398717,-52.85004],[-69.398301,-52.850139],[-69.397899,-52.850207],[-69.397478,-52.850273],[-69.396896,-52.850352],[-69.396172,-52.850453],[-69.395783,-52.850534],[-69.395391,-52.850621],[-69.395045,-52.850719],[-69.394672,-52.850845],[-69.394401,-52.85095],[-69.394179,-52.851052],[-69.393967,-52.851149],[-69.393747,-52.851264],[-69.393527,-52.8514],[-69.393251,-52.85158],[-69.39287,-52.851838],[-69.391234,-52.852999],[-69.388659,-52.854803],[-69.386856,-52.856078],[-69.385864,-52.856778],[-69.385413,-52.85709],[-69.385075,-52.85731],[-69.38481,-52.857484],[-69.384458,-52.857706],[-69.383989,-52.857991],[-69.382645,-52.858776],[-69.379998,-52.860319],[-69.376994,-52.862059],[-69.375395,-52.862988],[-69.373955,-52.863842],[-69.37337,-52.864165],[-69.373113,-52.8643],[-69.372793,-52.864458],[-69.372236,-52.864713],[-69.371772,-52.864904],[-69.370605,-52.865343],[-69.368164,-52.866272],[-69.366437,-52.866923],[-69.366158,-52.867031],[-69.365946,-52.867127],[-69.365726,-52.867237],[-69.365519,-52.86735],[-69.365324,-52.867478],[-69.365195,-52.867577],[-69.365074,-52.867677],[-69.364961,-52.867797],[-69.364854,-52.867932],[-69.364766,-52.868061],[-69.364685,-52.868207],[-69.36461,-52.868387],[-69.36454,-52.868586],[-69.361804,-52.876619],[-69.361609,-52.87697],[-69.361405,-52.877265],[-69.361153,-52.877553],[-69.360707,-52.877883],[-69.360319,-52.878149],[-69.356684,-52.880473],[-69.356394,-52.880637],[-69.356073,-52.88082],[-69.355761,-52.880965],[-69.35474,-52.881355],[-69.353516,-52.881809],[-69.35309,-52.881964],[-69.352586,-52.882166],[-69.352006,-52.882461],[-69.351371,-52.882789],[-69.350799,-52.883145],[-69.349389,-52.883955],[-69.348037,-52.884821],[-69.34787,-52.88494],[-69.347755,-52.885031],[-69.347605,-52.885157],[-69.347447,-52.885309],[-69.347331,-52.885434],[-69.347213,-52.885581],[-69.347068,-52.885793],[-69.346701,-52.886342],[-69.346033,-52.887363],[-69.345505,-52.888138],[-69.345191,-52.888635],[-69.345076,-52.888839],[-69.345011,-52.888961],[-69.344939,-52.889142],[-69.344893,-52.889283],[-69.344853,-52.889423],[-69.344815,-52.889644],[-69.344743,-52.890161],[-69.344654,-52.891013],[-69.344638,-52.891241],[-69.344614,-52.891411],[-69.344587,-52.891534],[-69.344536,-52.89166],[-69.344461,-52.891791],[-69.344378,-52.891904],[-69.344257,-52.892042],[-69.344129,-52.892163],[-69.344003,-52.892273],[-69.34374,-52.892471],[-69.343238,-52.892838],[-69.342806,-52.893149],[-69.342498,-52.893349],[-69.341959,-52.893692],[-69.341779,-52.893815],[-69.341634,-52.893933],[-69.341503,-52.894053],[-69.341294,-52.894257],[-69.341012,-52.894553],[-69.336718,-52.899231],[-69.336362,-52.899671],[-69.336108,-52.900004],[-69.33591,-52.900401],[-69.335773,-52.900817],[-69.335292,-52.903803],[-69.334597,-52.907903],[-69.334532,-52.908296],[-69.333956,-52.910239],[-69.333861,-52.910607],[-69.333796,-52.91096],[-69.333781,-52.91131],[-69.333792,-52.911732],[-69.333852,-52.912608],[-69.333889,-52.913495],[-69.333873,-52.913828],[-69.333836,-52.914133],[-69.333764,-52.914432],[-69.333669,-52.914722],[-69.333475,-52.915059],[-69.333264,-52.915301],[-69.332909,-52.915605],[-69.331977,-52.916366],[-69.331501,-52.916775],[-69.331,-52.917227],[-69.328205,-52.920148],[-69.32514,-52.923242],[-69.32438,-52.924011],[-69.324103,-52.924351],[-69.323884,-52.92466],[-69.323701,-52.924969],[-69.323602,-52.925223],[-69.323543,-52.925506],[-69.32349,-52.925863],[-69.323423,-52.927908],[-69.323386,-52.928677],[-69.323386,-52.929018],[-69.323403,-52.929321],[-69.323465,-52.929644],[-69.323577,-52.929984],[-69.323788,-52.930363],[-69.324045,-52.930804],[-69.324218,-52.931105],[-69.324319,-52.931445],[-69.324355,-52.931739],[-69.324317,-52.932032],[-69.324219,-52.932238],[-69.324062,-52.932534],[-69.32383,-52.932916],[-69.323634,-52.933232],[-69.323427,-52.933763],[-69.323397,-52.934037],[-69.323431,-52.934261],[-69.323522,-52.934504],[-69.323908,-52.93511],[-69.324926,-52.936316],[-69.32567,-52.937175],[-69.326515,-52.938203],[-69.328658,-52.940802],[-69.329484,-52.941801],[-69.329656,-52.942021],[-69.329787,-52.942205],[-69.329923,-52.942432],[-69.329976,-52.942542],[-69.330018,-52.942655],[-69.33005,-52.942781],[-69.330068,-52.942909],[-69.330071,-52.943033],[-69.330064,-52.943157],[-69.330047,-52.94328],[-69.330022,-52.943398],[-69.329987,-52.943515],[-69.329944,-52.943631],[-69.329892,-52.943746],[-69.329216,-52.944961],[-69.328609,-52.94607],[-69.328234,-52.946828],[-69.327714,-52.94792],[-69.327435,-52.948533],[-69.327089,-52.949265],[-69.326989,-52.949554],[-69.32693,-52.949745],[-69.326904,-52.9499],[-69.326893,-52.950012],[-69.32689,-52.950138],[-69.326904,-52.950294],[-69.326938,-52.950438],[-69.326987,-52.950608],[-69.327051,-52.950766],[-69.327132,-52.950904],[-69.327209,-52.951023],[-69.327301,-52.951143],[-69.327408,-52.951256],[-69.327566,-52.951403],[-69.327765,-52.951573],[-69.328207,-52.951946],[-69.328376,-52.952079],[-69.328494,-52.952159],[-69.328644,-52.952251],[-69.328797,-52.952327],[-69.328974,-52.952395],[-69.329226,-52.952479],[-69.32947,-52.95256],[-69.329843,-52.95266],[-69.331718,-52.953148],[-69.332644,-52.953399],[-69.332871,-52.953475],[-69.333089,-52.953555],[-69.333311,-52.953662],[-69.333499,-52.953782],[-69.333639,-52.953887],[-69.333754,-52.953982],[-69.333853,-52.954092],[-69.333971,-52.954257],[-69.334384,-52.954934],[-69.334891,-52.955739],[-69.335039,-52.955947],[-69.335186,-52.956136],[-69.335361,-52.95629],[-69.335436,-52.956347],[-69.335538,-52.956425],[-69.335688,-52.956522],[-69.335868,-52.956622],[-69.336675,-52.957054],[-69.336834,-52.957147],[-69.336989,-52.957243],[-69.337146,-52.957347],[-69.337297,-52.957455],[-69.337418,-52.95755],[-69.33753,-52.957649],[-69.337632,-52.957752],[-69.337714,-52.957844],[-69.337788,-52.957939],[-69.337855,-52.958036],[-69.337932,-52.958189],[-69.337997,-52.958345],[-69.338047,-52.958493],[-69.338085,-52.958643],[-69.338113,-52.958794],[-69.338338,-52.960678],[-69.338512,-52.961778],[-69.33856,-52.962108],[-69.338585,-52.962334],[-69.338601,-52.962581],[-69.338601,-52.962778],[-69.338577,-52.962956],[-69.338547,-52.963082],[-69.338485,-52.963248],[-69.338415,-52.963403],[-69.338346,-52.963523],[-69.338244,-52.963691],[-69.338078,-52.963935],[-69.336943,-52.965539],[-69.334722,-52.968722],[-69.333204,-52.970878],[-69.330924,-52.97415],[-69.329358,-52.976363],[-69.327958,-52.978342],[-69.327813,-52.978573],[-69.327684,-52.9788],[-69.327542,-52.979067],[-69.327376,-52.979414],[-69.327217,-52.97975],[-69.326896,-52.980478],[-69.326678,-52.981093],[-69.3266,-52.981316],[-69.326569,-52.981437],[-69.326545,-52.981558],[-69.326528,-52.98168],[-69.326518,-52.981827],[-69.32652,-52.981974],[-69.326537,-52.982116],[-69.326563,-52.982257],[-69.326598,-52.982398],[-69.32664,-52.982531],[-69.32669,-52.982662],[-69.326748,-52.982792],[-69.326963,-52.983133],[-69.327658,-52.984165],[-69.327832,-52.984418],[-69.327923,-52.984559],[-69.327976,-52.984674],[-69.328019,-52.984805],[-69.328052,-52.984938],[-69.328077,-52.9851],[-69.328086,-52.985261],[-69.32808,-52.985378],[-69.328063,-52.985493],[-69.328035,-52.985608],[-69.327997,-52.985723],[-69.327948,-52.985836],[-69.327888,-52.985948],[-69.327258,-52.987054],[-69.326072,-52.988993],[-69.325225,-52.990435],[-69.324651,-52.991392],[-69.324068,-52.992374],[-69.323714,-52.992944],[-69.323586,-52.993184],[-69.323522,-52.993315],[-69.32347,-52.993448],[-69.32343,-52.993583],[-69.323401,-52.993725],[-69.323385,-52.993868],[-69.323382,-52.994011],[-69.323393,-52.994117],[-69.323415,-52.994222],[-69.323446,-52.994327],[-69.323486,-52.99443],[-69.32355,-52.994557],[-69.323628,-52.99468],[-69.32372,-52.9948],[-69.323824,-52.994922],[-69.32394,-52.995041],[-69.324066,-52.995155],[-69.324188,-52.995254],[-69.324317,-52.99535],[-69.324455,-52.995441],[-69.328466,-52.997901],[-69.331691,-52.999876],[-69.332011,-53.000077],[-69.332196,-53.000208],[-69.332402,-53.000353],[-69.332593,-53.000508],[-69.332794,-53.000691],[-69.332952,-53.000849],[-69.333089,-53.001001],[-69.333183,-53.001127],[-69.333298,-53.001301],[-69.333411,-53.001491],[-69.333496,-53.00168],[-69.333558,-53.001863],[-69.333633,-53.002135],[-69.333808,-53.002842],[-69.334215,-53.004584],[-69.334644,-53.006406],[-69.335055,-53.008188],[-69.335725,-53.011086],[-69.336163,-53.012989],[-69.336302,-53.013554],[-69.33635,-53.013793],[-69.336374,-53.014015],[-69.336393,-53.014201],[-69.336393,-53.014361],[-69.336377,-53.014591],[-69.336342,-53.01478],[-69.336299,-53.01497],[-69.335768,-53.016683],[-69.335503,-53.017523],[-69.335446,-53.017702],[-69.335387,-53.017875],[-69.335291,-53.018104],[-69.335141,-53.018438],[-69.335041,-53.018636],[-69.334803,-53.019058],[-69.333901,-53.020644],[-69.33234,-53.023351],[-69.331276,-53.025211],[-69.331163,-53.025429],[-69.331045,-53.025682],[-69.330975,-53.025874],[-69.33093,-53.026026],[-69.330903,-53.026182],[-69.330889,-53.026358],[-69.330887,-53.026552],[-69.330903,-53.026765],[-69.330938,-53.027036],[-69.331031,-53.027519],[-69.331549,-53.030036],[-69.332297,-53.033686],[-69.332365,-53.033975],[-69.332445,-53.034282],[-69.332523,-53.034528],[-69.332603,-53.034733],[-69.332678,-53.03488],[-69.332786,-53.035043],[-69.332904,-53.035197],[-69.333024,-53.035349],[-69.333183,-53.035527],[-69.333365,-53.035706],[-69.333563,-53.035873],[-69.33385,-53.036088],[-69.334514,-53.036566],[-69.335859,-53.037536],[-69.337957,-53.039075],[-69.337992,-53.0391],[-69.338335,-53.039347],[-69.33856,-53.039497],[-69.338866,-53.039681],[-69.339169,-53.039841],[-69.339462,-53.039979],[-69.341221,-53.040768],[-69.342122,-53.041174],[-69.342372,-53.041295],[-69.342578,-53.041411],[-69.34279,-53.041549],[-69.342991,-53.041697],[-69.343195,-53.04186],[-69.34337,-53.042021],[-69.343504,-53.042166],[-69.343627,-53.042318],[-69.343742,-53.042473],[-69.343847,-53.042637],[-69.343957,-53.042831],[-69.344075,-53.043072],[-69.344212,-53.043403],[-69.34492,-53.045186],[-69.345188,-53.045842],[-69.345556,-53.046741],[-69.346213,-53.048326],[-69.347047,-53.050272],[-69.34719,-53.050595],[-69.347248,-53.050727],[-69.347374,-53.050986],[-69.347487,-53.051191],[-69.347632,-53.05142],[-69.347768,-53.05162],[-69.347905,-53.051807],[-69.348055,-53.051987],[-69.348241,-53.052191],[-69.348412,-53.052362],[-69.348573,-53.052516],[-69.348823,-53.052732],[-69.34904,-53.052911],[-69.35125,-53.054552],[-69.351312,-53.054598],[-69.353071,-53.055894],[-69.353479,-53.056261],[-69.353654,-53.056432],[-69.353818,-53.056607],[-69.35397,-53.056785],[-69.354102,-53.056957],[-69.354224,-53.057131],[-69.354335,-53.057308],[-69.354464,-53.057513],[-69.354579,-53.057722],[-69.354657,-53.057884],[-69.354727,-53.058048],[-69.354788,-53.058214],[-69.355018,-53.058994],[-69.355222,-53.059645],[-69.355319,-53.060035],[-69.355378,-53.060243],[-69.355426,-53.060453],[-69.355456,-53.060648],[-69.355495,-53.06092],[-69.355519,-53.061193],[-69.355526,-53.061394],[-69.355525,-53.061595],[-69.355523,-53.061801],[-69.355509,-53.062007],[-69.355485,-53.062213],[-69.355442,-53.062478],[-69.355383,-53.062743],[-69.355315,-53.062987],[-69.355233,-53.06323],[-69.355143,-53.06345],[-69.355045,-53.06367],[-69.35491,-53.063947],[-69.354761,-53.064221],[-69.354664,-53.064377],[-69.354563,-53.064532],[-69.354431,-53.06472],[-69.354292,-53.064906],[-69.353881,-53.065427],[-69.353315,-53.066154],[-69.352865,-53.066742],[-69.35239,-53.067341],[-69.352076,-53.067746],[-69.351824,-53.068068],[-69.351502,-53.068511],[-69.351363,-53.068711],[-69.351261,-53.068881],[-69.351178,-53.06904],[-69.351078,-53.069275],[-69.350998,-53.069516],[-69.350944,-53.069752],[-69.350904,-53.069983],[-69.350877,-53.070239],[-69.350751,-53.072063],[-69.350735,-53.072297],[-69.350716,-53.072797],[-69.350703,-53.073],[-69.350673,-53.073159],[-69.350622,-53.07332],[-69.350537,-53.073515],[-69.350416,-53.073746],[-69.349874,-53.074695],[-69.349194,-53.07589],[-69.348844,-53.076506],[-69.348026,-53.077934],[-69.347905,-53.078169],[-69.347819,-53.078353],[-69.347744,-53.078565],[-69.347696,-53.078767],[-69.347664,-53.078973],[-69.347648,-53.079171],[-69.347653,-53.079374],[-69.347675,-53.079595],[-69.347707,-53.079828],[-69.347779,-53.080223],[-69.348037,-53.081759],[-69.348308,-53.083357],[-69.348486,-53.084449],[-69.348573,-53.084984],[-69.348857,-53.086664],[-69.348916,-53.087059],[-69.348967,-53.087444],[-69.349008,-53.087829],[-69.349029,-53.088158],[-69.349037,-53.088417],[-69.34904,-53.088763],[-69.349037,-53.089116],[-69.349013,-53.089717],[-69.34893,-53.091408],[-69.348863,-53.092818],[-69.348844,-53.093106],[-69.348817,-53.09333],[-69.348777,-53.093522],[-69.348715,-53.093707],[-69.348648,-53.093874],[-69.348565,-53.094055],[-69.348477,-53.094216],[-69.348383,-53.094364],[-69.348251,-53.094548],[-69.348139,-53.094684],[-69.348023,-53.094807],[-69.347838,-53.094984],[-69.347645,-53.095145],[-69.347412,-53.095334],[-69.345387,-53.096899],[-69.343751,-53.098165],[-69.343509,-53.09836],[-69.343311,-53.098535],[-69.343115,-53.098714],[-69.342946,-53.098888],[-69.34278,-53.099102],[-69.342643,-53.099289],[-69.342546,-53.099452],[-69.342447,-53.099661],[-69.342334,-53.099936],[-69.341884,-53.101186],[-69.341248,-53.102916],[-69.340623,-53.104639],[-69.340012,-53.106339],[-69.33937,-53.108107],[-69.339269,-53.108354],[-69.339177,-53.108534],[-69.33907,-53.108732],[-69.338944,-53.108932],[-69.338796,-53.109133],[-69.338601,-53.109382],[-69.337917,-53.110186],[-69.336978,-53.111298],[-69.336785,-53.111538],[-69.336554,-53.111843],[-69.336393,-53.112078],[-69.336254,-53.1123],[-69.33613,-53.112517],[-69.336047,-53.112694],[-69.335961,-53.112899],[-69.335876,-53.11314],[-69.335809,-53.113377],[-69.33575,-53.113642],[-69.335715,-53.113871],[-69.33569,-53.11415],[-69.335682,-53.114393],[-69.33569,-53.114683],[-69.335725,-53.115161],[-69.336199,-53.120722],[-69.336207,-53.120921],[-69.336207,-53.121086],[-69.336199,-53.121229],[-69.336181,-53.121361],[-69.33615,-53.121484],[-69.33611,-53.121598],[-69.33605,-53.12172],[-69.335986,-53.121842],[-69.335904,-53.121963],[-69.335818,-53.122078],[-69.335729,-53.122177],[-69.335621,-53.122281],[-69.3355,-53.122388],[-69.335346,-53.122508],[-69.335025,-53.122734],[-69.330766,-53.125682],[-69.32931,-53.126699],[-69.328722,-53.12711],[-69.328652,-53.127159],[-69.327829,-53.127737],[-69.327601,-53.127904],[-69.327384,-53.128076],[-69.327191,-53.128237],[-69.326979,-53.128421],[-69.32682,-53.128569],[-69.326676,-53.12872],[-69.326528,-53.128884],[-69.32637,-53.129069],[-69.32612,-53.12938],[-69.324229,-53.131739],[-69.321174,-53.135582],[-69.318538,-53.138877],[-69.316515,-53.141413],[-69.316314,-53.141662],[-69.316145,-53.141857],[-69.31599,-53.142028],[-69.315837,-53.142189],[-69.31567,-53.142348],[-69.31552,-53.142485],[-69.315316,-53.14266],[-69.315126,-53.142814],[-69.314973,-53.142927],[-69.314767,-53.14307],[-69.314517,-53.143236],[-69.311653,-53.145035],[-69.30838,-53.147054],[-69.305473,-53.148858],[-69.305135,-53.149077],[-69.304899,-53.149232],[-69.304762,-53.149333],[-69.304588,-53.149468],[-69.304424,-53.149614],[-69.304274,-53.149753],[-69.304129,-53.149898],[-69.304,-53.150047],[-69.303866,-53.150224],[-69.303735,-53.150435],[-69.303625,-53.150629],[-69.303499,-53.150895],[-69.303338,-53.151263],[-69.302874,-53.152417],[-69.301932,-53.154795],[-69.300725,-53.157811],[-69.300336,-53.158811],[-69.300186,-53.159189],[-69.300036,-53.159521],[-69.299829,-53.159984],[-69.299735,-53.160217],[-69.299572,-53.160666],[-69.29918,-53.161661],[-69.299041,-53.161973],[-69.298912,-53.162243],[-69.298832,-53.162398],[-69.298746,-53.162557],[-69.298633,-53.162734],[-69.298531,-53.16288],[-69.298343,-53.163125],[-69.298048,-53.163482],[-69.296436,-53.165419],[-69.294245,-53.168047],[-69.292284,-53.170402],[-69.29027,-53.172762],[-69.289414,-53.173785],[-69.288945,-53.174368],[-69.287593,-53.175987],[-69.286316,-53.177526],[-69.286083,-53.177805],[-69.285839,-53.178121],[-69.285603,-53.178452],[-69.285407,-53.178738],[-69.28523,-53.179001],[-69.285053,-53.179289],[-69.284879,-53.17958],[-69.28472,-53.17985],[-69.284348,-53.180493],[-69.283696,-53.181625],[-69.283224,-53.182456],[-69.282821,-53.183155],[-69.282548,-53.183613],[-69.282239,-53.18414],[-69.281078,-53.186177],[-69.280686,-53.186857],[-69.280547,-53.187069],[-69.280421,-53.187249],[-69.280306,-53.1874],[-69.280179,-53.187536],[-69.280048,-53.187671],[-69.279903,-53.187808],[-69.279748,-53.187943],[-69.279579,-53.18807],[-69.279364,-53.188216],[-69.279144,-53.188346],[-69.278924,-53.188464],[-69.278653,-53.188602],[-69.278305,-53.188766],[-69.277862,-53.188964],[-69.277285,-53.189227],[-69.276653,-53.189474],[-69.275056,-53.190163],[-69.271331,-53.191729],[-69.267522,-53.19336],[-69.26388,-53.194906],[-69.259948,-53.196571],[-69.259384,-53.196814],[-69.259144,-53.196919],[-69.258951,-53.19701],[-69.258759,-53.19711],[-69.258606,-53.197196],[-69.258448,-53.197293],[-69.258315,-53.197382],[-69.258192,-53.197468],[-69.258075,-53.197558],[-69.257982,-53.197632],[-69.257889,-53.197708],[-69.257807,-53.197789],[-69.25772,-53.197885],[-69.257644,-53.197977],[-69.257567,-53.198077],[-69.257465,-53.198224],[-69.257373,-53.198368],[-69.257306,-53.198486],[-69.257256,-53.198592],[-69.257205,-53.198707],[-69.257163,-53.198828],[-69.257133,-53.198944],[-69.257108,-53.199056],[-69.257088,-53.199198],[-69.257076,-53.199388],[-69.257068,-53.199665],[-69.257064,-53.199918],[-69.257059,-53.200467],[-69.257056,-53.20206],[-69.257037,-53.203792],[-69.257032,-53.205859],[-69.257029,-53.207554],[-69.257027,-53.209305],[-69.257015,-53.210243],[-69.257015,-53.211001],[-69.257011,-53.211124],[-69.256999,-53.211243],[-69.25698,-53.211342],[-69.256946,-53.211461],[-69.25691,-53.21156],[-69.25687,-53.211656],[-69.256816,-53.211754],[-69.256749,-53.211861],[-69.256683,-53.211951],[-69.2566,-53.212053],[-69.25651,-53.21215],[-69.256419,-53.21224],[-69.256306,-53.212332],[-69.256171,-53.212434],[-69.255969,-53.21257],[-69.255148,-53.213108],[-69.254678,-53.213413],[-69.254503,-53.213523],[-69.254347,-53.213622],[-69.254178,-53.213717],[-69.254043,-53.213793],[-69.253894,-53.213867],[-69.253742,-53.213936],[-69.253579,-53.214],[-69.25343,-53.214052],[-69.253288,-53.2141],[-69.253137,-53.214143],[-69.252956,-53.214188],[-69.252785,-53.214226],[-69.2526,-53.214259],[-69.252436,-53.214279],[-69.252258,-53.2143],[-69.252062,-53.214314],[-69.251845,-53.214327],[-69.251609,-53.214334],[-69.251242,-53.214341],[-69.250725,-53.21435],[-69.250463,-53.214358],[-69.250246,-53.21437],[-69.250034,-53.214388],[-69.249854,-53.214409],[-69.249692,-53.214434],[-69.249491,-53.214472],[-69.24931,-53.214515],[-69.249146,-53.21456],[-69.248995,-53.214608],[-69.248814,-53.214671],[-69.248661,-53.214729],[-69.248513,-53.21479],[-69.248368,-53.214857],[-69.248242,-53.214918],[-69.248108,-53.214993],[-69.247973,-53.215077],[-69.247841,-53.215165],[-69.247717,-53.215258],[-69.247596,-53.215357],[-69.247479,-53.215457],[-69.247318,-53.215611],[-69.246791,-53.216147],[-69.246496,-53.216459],[-69.246361,-53.216608],[-69.246243,-53.216751],[-69.24615,-53.216872],[-69.246071,-53.216992],[-69.246007,-53.217103],[-69.245949,-53.21723],[-69.24589,-53.217395],[-69.245729,-53.217924],[-69.245533,-53.218674],[-69.245453,-53.218929],[-69.245386,-53.219093],[-69.245327,-53.219225],[-69.245252,-53.219359],[-69.245177,-53.219469],[-69.245088,-53.219573],[-69.245,-53.219669],[-69.244884,-53.219783],[-69.244764,-53.21988],[-69.244611,-53.219986],[-69.244461,-53.220082],[-69.244249,-53.220199],[-69.242262,-53.221235],[-69.241282,-53.221754],[-69.240976,-53.221919],[-69.2407,-53.222074],[-69.240437,-53.222232],[-69.240215,-53.222379],[-69.240054,-53.222494],[-69.239898,-53.22261],[-69.239708,-53.222759],[-69.23952,-53.222912],[-69.239284,-53.223117],[-69.239,-53.223374],[-69.238613,-53.223734],[-69.238251,-53.224082],[-69.237782,-53.22453],[-69.236974,-53.225304],[-69.236087,-53.226151],[-69.23477,-53.227406],[-69.234563,-53.227612],[-69.234408,-53.227774],[-69.234257,-53.227943],[-69.234096,-53.228142],[-69.233944,-53.228346],[-69.233812,-53.228529],[-69.233702,-53.228704],[-69.23359,-53.228903],[-69.233506,-53.229071],[-69.233404,-53.229288],[-69.233329,-53.229489],[-69.233246,-53.229725],[-69.233152,-53.230028],[-69.232892,-53.23095],[-69.232715,-53.231571],[-69.232632,-53.231839],[-69.232541,-53.232098],[-69.232458,-53.232302],[-69.232366,-53.232499],[-69.232267,-53.232685],[-69.232157,-53.232875],[-69.232004,-53.233124],[-69.230934,-53.234758],[-69.229864,-53.236391],[-69.229295,-53.237242],[-69.229073,-53.23758],[-69.228936,-53.237776],[-69.228794,-53.23797],[-69.22863,-53.238182],[-69.228453,-53.238385],[-69.228236,-53.238619],[-69.228024,-53.238829],[-69.227831,-53.239014],[-69.227557,-53.239264],[-69.2258,-53.240815],[-69.225143,-53.241396],[-69.224816,-53.24168],[-69.224491,-53.241948],[-69.224221,-53.242166],[-69.223942,-53.242383],[-69.22359,-53.242655],[-69.223055,-53.243067],[-69.222862,-53.243216],[-69.222736,-53.243319],[-69.222629,-53.243411],[-69.222488,-53.243539],[-69.222359,-53.243663],[-69.222253,-53.243773],[-69.222161,-53.24388],[-69.22208,-53.243985],[-69.222,-53.244097],[-69.221926,-53.244212],[-69.221856,-53.24433],[-69.221792,-53.244457],[-69.221727,-53.24459],[-69.221672,-53.244728],[-69.221634,-53.244838],[-69.221597,-53.244971],[-69.221568,-53.24511],[-69.221546,-53.245243],[-69.221536,-53.245375],[-69.221534,-53.245511],[-69.221544,-53.245656],[-69.221562,-53.245833],[-69.221585,-53.245983],[-69.221622,-53.24614],[-69.221672,-53.246298],[-69.221719,-53.246422],[-69.221795,-53.246585],[-69.221873,-53.246729],[-69.221985,-53.246904],[-69.222087,-53.247051],[-69.223035,-53.24844],[-69.224213,-53.250162],[-69.225224,-53.251671],[-69.226508,-53.253536],[-69.227882,-53.255541],[-69.22899,-53.257119],[-69.230226,-53.258845],[-69.23131,-53.260357],[-69.232063,-53.261411],[-69.232924,-53.26262],[-69.233096,-53.262884],[-69.233209,-53.263057],[-69.233332,-53.263256],[-69.233429,-53.263418],[-69.233498,-53.263562],[-69.233598,-53.263774],[-69.233702,-53.264019],[-69.233791,-53.264249],[-69.233874,-53.26447],[-69.233936,-53.264677],[-69.233978,-53.264862],[-69.234021,-53.265057],[-69.234059,-53.26525],[-69.234083,-53.265495],[-69.234102,-53.265736],[-69.234107,-53.265959],[-69.234107,-53.26614],[-69.234094,-53.266362],[-69.234064,-53.266644],[-69.234,-53.267194],[-69.233767,-53.268755],[-69.233611,-53.269888],[-69.233386,-53.271362],[-69.233201,-53.272566],[-69.233042,-53.273652],[-69.232809,-53.27521],[-69.23264,-53.276438],[-69.232324,-53.278533],[-69.232171,-53.279569],[-69.232069,-53.280236],[-69.231996,-53.280797],[-69.231908,-53.281485],[-69.231817,-53.282303],[-69.231736,-53.28313],[-69.231589,-53.284752],[-69.231369,-53.287117],[-69.23117,-53.28922],[-69.231012,-53.290845],[-69.230982,-53.29109],[-69.230934,-53.291423],[-69.230867,-53.291835],[-69.230797,-53.292162],[-69.230712,-53.292504],[-69.230593,-53.29294],[-69.23047,-53.293352],[-69.229969,-53.294957],[-69.229065,-53.29783],[-69.228284,-53.300324],[-69.228049,-53.301061],[-69.227984,-53.301265],[-69.227918,-53.301449],[-69.227843,-53.301644],[-69.227768,-53.301824],[-69.227691,-53.301995],[-69.2276,-53.302173],[-69.227518,-53.302326],[-69.227424,-53.302485],[-69.227286,-53.302711],[-69.227129,-53.302956],[-69.226187,-53.304377],[-69.225033,-53.306104],[-69.224017,-53.307629],[-69.223413,-53.308537],[-69.223079,-53.309049],[-69.222914,-53.309308],[-69.222803,-53.309493],[-69.222704,-53.309665],[-69.222617,-53.309827],[-69.222551,-53.309968],[-69.222492,-53.310117],[-69.222445,-53.310245],[-69.222389,-53.310409],[-69.22234,-53.310561],[-69.222285,-53.310777],[-69.222229,-53.311017],[-69.222174,-53.311279],[-69.221998,-53.312223],[-69.221803,-53.313227],[-69.221591,-53.314378],[-69.221538,-53.314666],[-69.221514,-53.31483],[-69.221506,-53.314967],[-69.221502,-53.315102],[-69.221512,-53.315253],[-69.221528,-53.315398],[-69.22155,-53.315531],[-69.221585,-53.315667],[-69.221635,-53.315819],[-69.221697,-53.315974],[-69.221753,-53.316101],[-69.221828,-53.316241],[-69.221926,-53.316397],[-69.222022,-53.316541],[-69.222123,-53.316677],[-69.222242,-53.316815],[-69.222366,-53.316943],[-69.222501,-53.317076],[-69.222618,-53.317181],[-69.222772,-53.317304],[-69.222964,-53.317443],[-69.223153,-53.317572],[-69.223326,-53.317678],[-69.226456,-53.319447],[-69.22669,-53.319584],[-69.226899,-53.319717],[-69.227118,-53.319863],[-69.227289,-53.319979],[-69.227434,-53.320084],[-69.227603,-53.320217],[-69.22776,-53.320342],[-69.227922,-53.320484],[-69.228059,-53.320613],[-69.228169,-53.320723],[-69.228303,-53.320861],[-69.228456,-53.321029],[-69.229177,-53.321814],[-69.230347,-53.3231],[-69.232592,-53.325587],[-69.234426,-53.3276],[-69.235094,-53.328334],[-69.235424,-53.328693],[-69.2357,-53.328984],[-69.235894,-53.329175],[-69.236095,-53.329375],[-69.23632,-53.329569],[-69.236551,-53.329757],[-69.236816,-53.329954],[-69.237044,-53.330112],[-69.237278,-53.330266],[-69.237473,-53.330388],[-69.237672,-53.330505],[-69.237889,-53.330618],[-69.238715,-53.331038],[-69.239906,-53.33164],[-69.242924,-53.333172],[-69.243924,-53.333681],[-69.244332,-53.333894],[-69.244619,-53.334048],[-69.244884,-53.334198],[-69.245128,-53.334336],[-69.245327,-53.334458],[-69.245509,-53.334583],[-69.245697,-53.334716],[-69.245901,-53.334879],[-69.246083,-53.335031],[-69.246271,-53.335206],[-69.246419,-53.335347],[-69.246561,-53.335505],[-69.246711,-53.335689],[-69.246864,-53.335875],[-69.246987,-53.336047],[-69.247116,-53.336247],[-69.247218,-53.33642],[-69.247301,-53.336575],[-69.247365,-53.336726],[-69.247438,-53.336916],[-69.247505,-53.337123],[-69.247561,-53.337336],[-69.247607,-53.337579],[-69.24773,-53.338308],[-69.247985,-53.339855],[-69.248076,-53.340449],[-69.248119,-53.340739],[-69.248162,-53.340968],[-69.24821,-53.341147],[-69.248269,-53.341335],[-69.248326,-53.341482],[-69.248406,-53.341663],[-69.248478,-53.341817],[-69.24857,-53.341985],[-69.248666,-53.342139],[-69.24879,-53.342312],[-69.248913,-53.34248],[-69.249069,-53.342678],[-69.249235,-53.342867],[-69.249385,-53.343013],[-69.249549,-53.34317],[-69.249771,-53.343359],[-69.250595,-53.344041],[-69.251992,-53.345186],[-69.25215,-53.345317],[-69.252333,-53.345474],[-69.25248,-53.345604],[-69.252622,-53.34574],[-69.252743,-53.345873],[-69.252872,-53.346017],[-69.252995,-53.346167],[-69.253103,-53.346315],[-69.253205,-53.346457],[-69.253317,-53.346629],[-69.253419,-53.346807],[-69.253538,-53.347022],[-69.253622,-53.347182],[-69.254269,-53.348415],[-69.254373,-53.348631],[-69.254439,-53.348914],[-69.254512,-53.349202],[-69.254532,-53.349457],[-69.254485,-53.349662],[-69.254342,-53.35003],[-69.254109,-53.350377],[-69.253819,-53.350664],[-69.253613,-53.350834],[-69.253285,-53.351051],[-69.252905,-53.351198],[-69.251794,-53.351489],[-69.251308,-53.351571],[-69.25077,-53.351594],[-69.249842,-53.35159],[-69.248159,-53.35151],[-69.247422,-53.351485],[-69.246735,-53.351458],[-69.241583,-53.35119],[-69.237503,-53.350988],[-69.234013,-53.350817],[-69.231092,-53.35067],[-69.228517,-53.350558],[-69.225806,-53.350467],[-69.223647,-53.350374],[-69.223134,-53.350343],[-69.222654,-53.350306],[-69.222171,-53.350254],[-69.221815,-53.350198],[-69.22116,-53.350097],[-69.22079,-53.350033],[-69.220219,-53.34994],[-69.219019,-53.349717],[-69.217724,-53.349485],[-69.214877,-53.349007],[-69.214005,-53.348866],[-69.213279,-53.348785],[-69.212657,-53.348742],[-69.212103,-53.348742],[-69.211461,-53.348779],[-69.210756,-53.348866],[-69.209465,-53.349153],[-69.208159,-53.349534],[-69.207664,-53.349635],[-69.207073,-53.349723],[-69.206279,-53.349789],[-69.204903,-53.349776],[-69.200601,-53.349623],[-69.19668,-53.349485],[-69.194521,-53.34944],[-69.193597,-53.349432],[-69.193007,-53.349435],[-69.192074,-53.349454],[-69.190729,-53.349484],[-69.1898,-53.349519],[-69.185382,-53.349708],[-69.181256,-53.349901],[-69.176615,-53.350126],[-69.174366,-53.35023],[-69.170462,-53.350421],[-69.16763,-53.350574],[-69.167031,-53.350592],[-69.166371,-53.350594],[-69.165775,-53.350559],[-69.165261,-53.350503],[-69.164763,-53.350417],[-69.164308,-53.350323],[-69.163961,-53.350237],[-69.163484,-53.350102],[-69.163092,-53.349966],[-69.162452,-53.349725],[-69.162093,-53.349575],[-69.161599,-53.349416],[-69.161296,-53.349334],[-69.160986,-53.349256],[-69.160642,-53.349189],[-69.160241,-53.349124],[-69.15991,-53.349079],[-69.159583,-53.34905],[-69.158584,-53.348945],[-69.158087,-53.348885],[-69.157645,-53.348804],[-69.157152,-53.348678],[-69.156331,-53.348443],[-69.154639,-53.347977],[-69.15406,-53.34782],[-69.153709,-53.347738],[-69.153219,-53.347636],[-69.152573,-53.347543],[-69.15186,-53.347485],[-69.151299,-53.347479],[-69.150873,-53.347492],[-69.150497,-53.347513],[-69.150064,-53.347555],[-69.149666,-53.347608],[-69.149276,-53.347697],[-69.148956,-53.347769],[-69.148349,-53.34793],[-69.147906,-53.348055],[-69.14719,-53.348292],[-69.146594,-53.348468],[-69.146089,-53.348599],[-69.145579,-53.348708],[-69.145199,-53.348772],[-69.144801,-53.348807],[-69.144367,-53.348839],[-69.143942,-53.348852],[-69.143392,-53.348855],[-69.142927,-53.348823],[-69.142368,-53.348762],[-69.141849,-53.348668],[-69.141214,-53.348529],[-69.140611,-53.348348],[-69.140065,-53.348142],[-69.139596,-53.347913],[-69.139063,-53.347621],[-69.137704,-53.346898],[-69.136993,-53.34657],[-69.136676,-53.34645],[-69.13626,-53.346282],[-69.135884,-53.346162],[-69.13541,-53.346017],[-69.134337,-53.345769],[-69.133299,-53.345591],[-69.132351,-53.345485],[-69.131742,-53.345444],[-69.131053,-53.345424],[-69.130373,-53.345433],[-69.129951,-53.345456],[-69.129402,-53.345488],[-69.128645,-53.345557],[-69.127897,-53.345633],[-69.126958,-53.3457],[-69.126591,-53.345721],[-69.126245,-53.345724],[-69.125912,-53.345722],[-69.12558,-53.345713],[-69.125175,-53.345687],[-69.124644,-53.345633],[-69.124147,-53.345549],[-69.123716,-53.345476],[-69.123257,-53.345375],[-69.122653,-53.345236],[-69.120953,-53.344861],[-69.118386,-53.344276],[-69.117627,-53.344113],[-69.116853,-53.343972],[-69.116136,-53.343858],[-69.1155,-53.34377],[-69.114636,-53.343674],[-69.113765,-53.343596],[-69.112391,-53.343501],[-69.111469,-53.343455],[-69.10972,-53.343392],[-69.108875,-53.343348],[-69.108397,-53.343319],[-69.107939,-53.34328],[-69.107137,-53.343195],[-69.105927,-53.343066],[-69.104607,-53.342891],[-69.101324,-53.34248],[-69.100297,-53.342348],[-69.099938,-53.342315],[-69.099616,-53.342288],[-69.099219,-53.342263],[-69.098803,-53.342255],[-69.098412,-53.342267],[-69.097875,-53.342286],[-69.096724,-53.342348],[-69.092634,-53.342587],[-69.092103,-53.342608],[-69.09177,-53.342603],[-69.091502,-53.34259],[-69.091151,-53.342568],[-69.090727,-53.342528],[-69.090247,-53.342478],[-69.089405,-53.342376],[-69.085271,-53.341879],[-69.083766,-53.341715],[-69.080803,-53.341392],[-69.077928,-53.341104],[-69.077182,-53.341014],[-69.076629,-53.340941],[-69.07597,-53.340845],[-69.075535,-53.340765],[-69.075229,-53.340694],[-69.074945,-53.340604],[-69.074489,-53.340451],[-69.072032,-53.339485],[-69.07134,-53.339218],[-69.071137,-53.339152],[-69.070906,-53.339077],[-69.070525,-53.338968],[-69.070165,-53.338878],[-69.069854,-53.33882],[-69.069511,-53.338763],[-69.06899,-53.338702],[-69.0659,-53.338403],[-69.065409,-53.338386],[-69.065041,-53.338384],[-69.064795,-53.338387],[-69.064436,-53.338402],[-69.063893,-53.338451],[-69.062115,-53.338709],[-69.061451,-53.338768],[-69.060496,-53.338759],[-69.055749,-53.338446],[-69.055197,-53.338376],[-69.05465,-53.338288],[-69.05393,-53.338105],[-69.05306,-53.33784],[-69.052434,-53.33762],[-69.051739,-53.337417],[-69.050851,-53.337247],[-69.049612,-53.337048],[-69.048729,-53.336895],[-69.047834,-53.336747],[-69.045362,-53.336219],[-69.044119,-53.335939],[-69.04286,-53.335641],[-69.041295,-53.335254],[-69.036384,-53.333891],[-69.035909,-53.333792],[-69.03542,-53.333709],[-69.034815,-53.333646],[-69.03426,-53.333613],[-69.033497,-53.333594],[-69.032904,-53.333568],[-69.032357,-53.333515],[-69.031757,-53.333437],[-69.027215,-53.33273],[-69.026649,-53.332636],[-69.026011,-53.332494],[-69.025511,-53.332372],[-69.025064,-53.332229],[-69.022641,-53.331306],[-69.021767,-53.331008],[-69.021247,-53.330876],[-69.020997,-53.330823],[-69.020688,-53.33077],[-69.020333,-53.330727],[-69.018731,-53.330578],[-69.01546,-53.330337],[-69.014397,-53.330232],[-69.013939,-53.330184],[-69.0134,-53.330119],[-69.012585,-53.329962],[-69.009669,-53.329286],[-69.00297,-53.327716],[-69.000005,-53.327022],[-68.999571,-53.326925],[-68.999194,-53.326853],[-68.998833,-53.326802],[-68.998377,-53.326749],[-68.984263,-53.325738],[-68.983748,-53.325678],[-68.98345,-53.325634],[-68.983126,-53.325584],[-68.98275,-53.325512],[-68.982074,-53.325373],[-68.979681,-53.324838],[-68.978261,-53.324515],[-68.977792,-53.324417],[-68.977417,-53.32434],[-68.976951,-53.324263],[-68.97654,-53.324208],[-68.975703,-53.324132],[-68.973521,-53.32391],[-68.970637,-53.32362],[-68.969492,-53.323505],[-68.965289,-53.323089],[-68.96257,-53.322826],[-68.961724,-53.322726],[-68.961001,-53.322622],[-68.960318,-53.3225],[-68.959764,-53.322352],[-68.959121,-53.322138],[-68.958647,-53.321931],[-68.958177,-53.321698],[-68.95776,-53.321444],[-68.957478,-53.32125],[-68.957246,-53.321076],[-68.956923,-53.320765],[-68.956627,-53.320446],[-68.956384,-53.320074],[-68.956284,-53.319891],[-68.956152,-53.319624],[-68.95604,-53.319295],[-68.955823,-53.318571],[-68.955745,-53.318334],[-68.955656,-53.318103],[-68.955546,-53.31792],[-68.955367,-53.317651],[-68.955092,-53.317319],[-68.954772,-53.317],[-68.954336,-53.316655],[-68.954029,-53.316451],[-68.953742,-53.316301],[-68.950856,-53.314881],[-68.950416,-53.314693],[-68.949972,-53.314561],[-68.949518,-53.314433],[-68.948924,-53.314313],[-68.948347,-53.314227],[-68.947847,-53.314178],[-68.94727,-53.314157],[-68.946686,-53.314162],[-68.940277,-53.31467],[-68.937776,-53.314861],[-68.937304,-53.314893],[-68.936995,-53.314906],[-68.936687,-53.314909],[-68.93636,-53.314896],[-68.935984,-53.314864],[-68.935429,-53.314806],[-68.931688,-53.314383],[-68.930529,-53.314245],[-68.929992,-53.314195],[-68.929601,-53.314163],[-68.929263,-53.314144],[-68.928906,-53.314134],[-68.928455,-53.314144],[-68.928042,-53.314168],[-68.92748,-53.314212],[-68.922825,-53.314632],[-68.913814,-53.315447],[-68.907202,-53.316046],[-68.902449,-53.316471],[-68.901176,-53.316572],[-68.900642,-53.316614],[-68.90017,-53.316643],[-68.899679,-53.316656],[-68.898109,-53.316704],[-68.889689,-53.316895],[-68.883901,-53.317028],[-68.877691,-53.317153],[-68.875568,-53.317204],[-68.868693,-53.317349],[-68.856621,-53.317618],[-68.849886,-53.317762],[-68.844905,-53.317869],[-68.840506,-53.317953],[-68.838936,-53.31799],[-68.838351,-53.318008],[-68.837748,-53.31804],[-68.837037,-53.318091],[-68.836519,-53.318141],[-68.83624,-53.318167],[-68.835849,-53.31821],[-68.835449,-53.318258],[-68.834413,-53.318397],[-68.832598,-53.318661],[-68.828219,-53.319293],[-68.82611,-53.31959],[-68.82184,-53.320205],[-68.817895,-53.320785],[-68.816747,-53.320962],[-68.809591,-53.321948],[-68.807614,-53.322247],[-68.806547,-53.322399],[-68.805506,-53.322576],[-68.804484,-53.322772],[-68.803751,-53.322935],[-68.802747,-53.323194],[-68.801396,-53.323571],[-68.798075,-53.324509],[-68.797646,-53.324628],[-68.797241,-53.324734],[-68.796774,-53.324844],[-68.796439,-53.324915],[-68.796015,-53.325003],[-68.795297,-53.325112],[-68.794372,-53.325223],[-68.793446,-53.32529],[-68.791836,-53.325312],[-68.78798,-53.325279],[-68.784509,-53.325266],[-68.783482,-53.32525],[-68.782887,-53.325237],[-68.782286,-53.325213],[-68.781637,-53.325173],[-68.781221,-53.325136],[-68.780755,-53.325083],[-68.780164,-53.324993],[-68.776526,-53.324419],[-68.775872,-53.324321],[-68.775477,-53.324278],[-68.775113,-53.324249],[-68.774574,-53.324214],[-68.774193,-53.324201],[-68.773882,-53.324196],[-68.759008,-53.324136],[-68.753708,-53.324117],[-68.747571,-53.324087],[-68.746591,-53.324072],[-68.746028,-53.32405],[-68.744983,-53.323991],[-68.74383,-53.32392],[-68.731177,-53.322891],[-68.730431,-53.322802],[-68.72956,-53.3227],[-68.728401,-53.322579],[-68.726947,-53.322431],[-68.726092,-53.32236],[-68.725287,-53.322291],[-68.724344,-53.322236],[-68.723825,-53.322205],[-68.722066,-53.322109],[-68.721511,-53.322062],[-68.720998,-53.321997],[-68.720732,-53.32196],[-68.720486,-53.32191],[-68.720255,-53.321864],[-68.720019,-53.321801],[-68.719479,-53.321634],[-68.718977,-53.321462],[-68.716663,-53.320529],[-68.715784,-53.320191],[-68.714936,-53.319878],[-68.71458,-53.319767],[-68.714062,-53.319624],[-68.713611,-53.319531],[-68.712951,-53.31944],[-68.71236,-53.319387],[-68.711667,-53.319354],[-68.709051,-53.31931],[-68.701648,-53.319135],[-68.693629,-53.318989],[-68.691188,-53.31894],[-68.684278,-53.318797],[-68.677543,-53.31869],[-68.676894,-53.318698],[-68.676347,-53.318712],[-68.676064,-53.318722],[-68.675781,-53.318736],[-68.675497,-53.318755],[-68.675213,-53.318779],[-68.674931,-53.318807],[-68.674588,-53.318848],[-68.674159,-53.318911],[-68.673424,-53.319058],[-68.672973,-53.319156],[-68.672311,-53.319273],[-68.670475,-53.319654],[-68.670113,-53.319726],[-68.669104,-53.319931],[-68.664083,-53.320986],[-68.663101,-53.321185],[-68.662199,-53.321336],[-68.661898,-53.321351],[-68.661517,-53.321359],[-68.661134,-53.321357],[-68.660667,-53.321356],[-68.660427,-53.321357],[-68.660227,-53.321359],[-68.660018,-53.321371],[-68.659761,-53.321394],[-68.659511,-53.321424],[-68.6592,-53.321481],[-68.658133,-53.321682],[-68.657183,-53.321862],[-68.656059,-53.322097],[-68.655729,-53.322168],[-68.654597,-53.322405],[-68.654391,-53.322454],[-68.654244,-53.322502],[-68.654105,-53.322553],[-68.653833,-53.32268],[-68.653522,-53.322861],[-68.653399,-53.322914],[-68.653235,-53.322953],[-68.653111,-53.322977],[-68.652941,-53.323011],[-68.652726,-53.32305],[-68.65254,-53.323084],[-68.652379,-53.323099],[-68.652206,-53.323101],[-68.651895,-53.323085],[-68.65177,-53.323078],[-68.651644,-53.323076],[-68.651479,-53.323079],[-68.651315,-53.323091],[-68.651197,-53.323103],[-68.650996,-53.323137],[-68.643984,-53.324499],[-68.642914,-53.324704],[-68.642839,-53.324718],[-68.642618,-53.324763],[-68.642314,-53.324818],[-68.641971,-53.324878],[-68.641587,-53.324942],[-68.641268,-53.324982],[-68.640971,-53.325012],[-68.640732,-53.325035],[-68.640447,-53.325051],[-68.640136,-53.325062],[-68.639863,-53.325062],[-68.639565,-53.325051],[-68.639222,-53.325035],[-68.63894,-53.325014],[-68.638584,-53.324979],[-68.638253,-53.324934],[-68.637899,-53.32487],[-68.637457,-53.324781],[-68.636951,-53.324663],[-68.631178,-53.323221],[-68.628496,-53.322558],[-68.626399,-53.322063],[-68.625903,-53.321954],[-68.62546,-53.321869],[-68.625058,-53.321797],[-68.624494,-53.321712],[-68.623886,-53.321633],[-68.620841,-53.321343],[-68.617193,-53.320986],[-68.614431,-53.320735],[-68.611247,-53.320433],[-68.609316,-53.320251],[-68.607173,-53.32007],[-68.606405,-53.319993],[-68.606055,-53.319958],[-68.602109,-53.319574],[-68.600974,-53.31946],[-68.600336,-53.319394],[-68.59995,-53.319341],[-68.599577,-53.319281],[-68.599072,-53.319189],[-68.598651,-53.3191],[-68.598284,-53.31901],[-68.597705,-53.318869],[-68.596573,-53.318547],[-68.587623,-53.315851],[-68.584683,-53.314989],[-68.5826,-53.314351],[-68.580137,-53.313626],[-68.579086,-53.31328],[-68.578286,-53.313036],[-68.577786,-53.312888],[-68.577507,-53.312787],[-68.576929,-53.312615],[-68.576598,-53.312518],[-68.576171,-53.312381],[-68.575848,-53.312273],[-68.575341,-53.312116],[-68.574876,-53.311971],[-68.574466,-53.311853],[-68.574118,-53.311745],[-68.573463,-53.311543],[-68.573038,-53.311423],[-68.572646,-53.311311],[-68.572147,-53.311173],[-68.571428,-53.310936],[-68.570801,-53.310763],[-68.570309,-53.310626],[-68.569877,-53.310505],[-68.569091,-53.310318],[-68.56833,-53.310158],[-68.567761,-53.310055],[-68.56716,-53.30997],[-68.566651,-53.309901],[-68.566082,-53.309852],[-68.56548,-53.309815],[-68.564929,-53.309796],[-68.564103,-53.309792],[-68.563047,-53.309815],[-68.561722,-53.309888],[-68.556479,-53.310362],[-68.555369,-53.310436],[-68.554447,-53.310425],[-68.553393,-53.31037],[-68.551126,-53.310143],[-68.549227,-53.30993],[-68.544128,-53.309388],[-68.542002,-53.309155],[-68.53992,-53.308914],[-68.538731,-53.30879],[-68.538023,-53.308741],[-68.537093,-53.308707],[-68.536131,-53.308682],[-68.531551,-53.308804],[-68.530866,-53.308832],[-68.520063,-53.309056],[-68.518793,-53.309052],[-68.517692,-53.309005],[-68.516663,-53.308894],[-68.515965,-53.30879],[-68.51534,-53.30867],[-68.514758,-53.308542],[-68.513827,-53.308293],[-68.513,-53.308043],[-68.512201,-53.307724],[-68.510912,-53.307189],[-68.501131,-53.303098],[-68.497353,-53.301544],[-68.49334,-53.299902],[-68.492608,-53.29964],[-68.492181,-53.299521],[-68.491822,-53.29944],[-68.49131,-53.299353],[-68.490781,-53.299286],[-68.490291,-53.299256],[-68.489934,-53.299255],[-68.489552,-53.299274],[-68.489038,-53.299311],[-68.488233,-53.299413],[-68.486123,-53.299758],[-68.484253,-53.300063],[-68.482384,-53.300324],[-68.482096,-53.300348],[-68.481533,-53.300363],[-68.481045,-53.300365],[-68.480533,-53.300334],[-68.479772,-53.300237],[-68.477055,-53.29985],[-68.475798,-53.299667],[-68.474768,-53.299543],[-68.473728,-53.299453],[-68.472788,-53.299402],[-68.471432,-53.29933],[-68.470272,-53.299288],[-68.469045,-53.299292],[-68.466554,-53.29934],[-68.464163,-53.299401],[-68.460667,-53.29952],[-68.460367,-53.299584],[-68.458972,-53.299627],[-68.457812,-53.299654],[-68.457591,-53.299659],[-68.457102,-53.29967],[-68.456423,-53.299686],[-68.455638,-53.299705],[-68.455548,-53.299705],[-68.45546,-53.299701],[-68.455285,-53.29969],[-68.454678,-53.299653],[-68.454171,-53.299659],[-68.453598,-53.29967],[-68.452944,-53.299686],[-68.452339,-53.29971],[-68.451892,-53.299739],[-68.451544,-53.299772],[-68.451217,-53.299817],[-68.450824,-53.299888],[-68.450452,-53.29998],[-68.450049,-53.300101],[-68.449725,-53.300224],[-68.449346,-53.300387],[-68.449017,-53.300516],[-68.448769,-53.300663],[-68.44842,-53.300888],[-68.445046,-53.303241],[-68.442914,-53.304708],[-68.440938,-53.306146],[-68.438964,-53.307428],[-68.437591,-53.308197],[-68.436024,-53.308851],[-68.429687,-53.310953],[-68.427484,-53.311684],[-68.425488,-53.312274],[-68.42439,-53.312551],[-68.42315,-53.312812],[-68.416798,-53.31394],[-68.414674,-53.314389],[-68.413237,-53.314744],[-68.402593,-53.317376],[-68.400877,-53.31785],[-68.399478,-53.318294],[-68.397808,-53.318927],[-68.39319,-53.321026],[-68.391727,-53.321702],[-68.38371,-53.3254],[-68.37899,-53.32745],[-68.376093,-53.328501],[-68.374973,-53.328881],[-68.373818,-53.329231],[-68.371801,-53.329693],[-68.367274,-53.33041],[-68.366133,-53.330585],[-68.364999,-53.330833],[-68.363411,-53.331256],[-68.357687,-53.333062],[-68.356692,-53.333443],[-68.355751,-53.33387],[-68.354825,-53.33434],[-68.353863,-53.334895],[-68.353087,-53.335429],[-68.352469,-53.335858],[-68.352361,-53.335933],[-68.351309,-53.336868],[-68.350592,-53.33774],[-68.33586,-53.355635],[-68.324949,-53.36883],[-68.324226,-53.369552],[-68.323668,-53.37009],[-68.32281,-53.370794],[-68.321823,-53.371523],[-68.320303,-53.37246],[-68.317943,-53.373573],[-68.306785,-53.378604],[-68.3062,-53.378866],[-68.292494,-53.385004],[-68.286433,-53.387894],[-68.286326,-53.387944],[-68.283621,-53.389234],[-68.282722,-53.389628],[-68.281615,-53.390033],[-68.279469,-53.39066],[-68.274941,-53.391812],[-68.273367,-53.392226],[-68.271894,-53.392669],[-68.270556,-53.393147],[-68.268998,-53.393769],[-68.257926,-53.398964],[-68.256801,-53.399544],[-68.25578,-53.400103],[-68.254441,-53.401041],[-68.252925,-53.402182],[-68.249234,-53.405252],[-68.245008,-53.408622],[-68.243948,-53.409292],[-68.242819,-53.409876],[-68.241017,-53.410682],[-68.239086,-53.411347],[-68.236918,-53.411897],[-68.201127,-53.420261],[-68.198724,-53.420913],[-68.197701,-53.421225],[-68.196642,-53.421629],[-68.195534,-53.422133],[-68.194411,-53.422703],[-68.191557,-53.424557],[-68.189097,-53.42631],[-68.185394,-53.428914],[-68.185237,-53.429026],[-68.18293,-53.430661],[-68.182891,-53.430688],[-68.18223,-53.431156],[-68.181158,-53.431963],[-68.177478,-53.434817],[-68.167719,-53.442504],[-68.166323,-53.443604],[-68.164786,-53.444875],[-68.1641,-53.445489],[-68.163392,-53.446115],[-68.162188,-53.447353],[-68.156947,-53.452744],[-68.154667,-53.455089],[-68.153846,-53.455826],[-68.153223,-53.456375],[-68.152525,-53.456868],[-68.14574,-53.461784],[-68.14406,-53.462996],[-68.132119,-53.47161],[-68.128426,-53.474224],[-68.127396,-53.475041],[-68.126454,-53.475812],[-68.125658,-53.476573],[-68.103817,-53.49818],[-68.102945,-53.49896],[-68.10195,-53.499712],[-68.100607,-53.500568],[-68.098495,-53.501767],[-68.097495,-53.502214],[-68.096637,-53.502508],[-68.095727,-53.502813],[-68.094706,-53.503082],[-68.093581,-53.503273],[-68.092496,-53.503401],[-68.091272,-53.503465],[-68.089942,-53.503427],[-68.088131,-53.503336],[-68.078067,-53.502571],[-68.076617,-53.502546],[-68.075278,-53.502647],[-68.074235,-53.502776],[-68.073565,-53.502912],[-68.073175,-53.502992],[-68.072154,-53.503261],[-68.071094,-53.503655],[-68.070094,-53.504078],[-68.068948,-53.504702],[-68.065158,-53.506974],[-68.064407,-53.507472],[-68.063777,-53.507982],[-68.063313,-53.508391],[-68.062854,-53.508875],[-68.062093,-53.509766],[-68.055876,-53.517038],[-68.047071,-53.527327],[-68.047036,-53.527367],[-68.033264,-53.543456],[-68.030955,-53.546154],[-68.020705,-53.558134],[-68.0123,-53.567955],[-68.009689,-53.570991],[-68.002146,-53.579763],[-68.001467,-53.580496],[-68.000845,-53.581133],[-68.000283,-53.581639],[-67.997601,-53.583728],[-67.99494,-53.585626],[-67.976251,-53.599062],[-67.975558,-53.599665],[-67.975074,-53.600135],[-67.974594,-53.600702],[-67.974237,-53.601281],[-67.973804,-53.602347],[-67.972785,-53.605138],[-67.969788,-53.613331],[-67.969276,-53.614367],[-67.968846,-53.615118],[-67.968328,-53.615928],[-67.964724,-53.620866],[-67.959402,-53.627891],[-67.956336,-53.631878],[-67.942742,-53.64986],[-67.940288,-53.653094],[-67.939043,-53.654773],[-67.938549,-53.655558],[-67.938099,-53.656312],[-67.937712,-53.65711],[-67.937241,-53.658028],[-67.935382,-53.662185],[-67.93355,-53.66628],[-67.933314,-53.666926],[-67.933078,-53.667526],[-67.933042,-53.66797],[-67.933035,-53.66807],[-67.933078,-53.668556],[-67.933271,-53.669138],[-67.933507,-53.669751],[-67.934025,-53.670484],[-67.935639,-53.672779],[-67.935822,-53.673025],[-67.936322,-53.673717],[-67.936551,-53.674058],[-67.936637,-53.67419],[-67.936727,-53.674336],[-67.936818,-53.674498],[-67.936903,-53.674671],[-67.936962,-53.674819],[-67.937004,-53.674955],[-67.937042,-53.675096],[-67.937067,-53.675241],[-67.937082,-53.675392],[-67.937085,-53.675538],[-67.937069,-53.675684],[-67.937046,-53.675822],[-67.937011,-53.675981],[-67.936962,-53.676156],[-67.936886,-53.676329],[-67.93679,-53.676509],[-67.936674,-53.676684],[-67.936546,-53.676848],[-67.936406,-53.677008],[-67.936252,-53.677159],[-67.936106,-53.677298],[-67.93594,-53.677449],[-67.933911,-53.67919],[-67.932977,-53.68],[-67.932589,-53.680315],[-67.932201,-53.680594],[-67.931729,-53.680901],[-67.931224,-53.681201],[-67.930749,-53.681451],[-67.930278,-53.681676],[-67.924409,-53.684253],[-67.921598,-53.685346],[-67.919988,-53.685762],[-67.918229,-53.686083],[-67.916963,-53.686271],[-67.915654,-53.686423],[-67.913401,-53.686525],[-67.910762,-53.686665],[-67.909131,-53.686665],[-67.908144,-53.686601],[-67.907093,-53.686452],[-67.900398,-53.685346],[-67.899303,-53.685203],[-67.898123,-53.685092],[-67.896599,-53.684987],[-67.894947,-53.684962],[-67.888703,-53.685079],[-67.88748,-53.685152],[-67.886279,-53.685371],[-67.885377,-53.685572],[-67.884454,-53.685889],[-67.88351,-53.686347],[-67.882266,-53.687112],[-67.879004,-53.689603],[-67.878385,-53.690045],[-67.877696,-53.690365],[-67.877073,-53.690654],[-67.876279,-53.69095],[-67.875077,-53.691273],[-67.873983,-53.691445],[-67.871087,-53.691877],[-67.870249,-53.691938],[-67.869306,-53.691953],[-67.866151,-53.691696],[-67.864971,-53.691633],[-67.864198,-53.691696],[-67.863276,-53.691826],[-67.859521,-53.692576],[-67.858555,-53.692713],[-67.857547,-53.692767],[-67.850509,-53.692627],[-67.8495,-53.692649],[-67.848406,-53.692779],[-67.847612,-53.692954],[-67.846646,-53.693199],[-67.845852,-53.693551],[-67.844651,-53.69424],[-67.832141,-53.704149],[-67.831132,-53.704908],[-67.830553,-53.705302],[-67.829931,-53.705686],[-67.829583,-53.705878],[-67.829429,-53.705962],[-67.829244,-53.706064],[-67.828932,-53.706203],[-67.828278,-53.706496],[-67.827643,-53.70677],[-67.826752,-53.707155],[-67.821712,-53.709332],[-67.815215,-53.712139],[-67.811032,-53.713945],[-67.807808,-53.715338],[-67.807035,-53.715716],[-67.80637,-53.716075],[-67.805855,-53.716427],[-67.80534,-53.716786],[-67.803687,-53.718012],[-67.796517,-53.723654],[-67.795936,-53.724107],[-67.795385,-53.724536],[-67.795148,-53.724721],[-67.792766,-53.726613],[-67.791843,-53.72727],[-67.790921,-53.727908],[-67.787565,-53.729935],[-67.785376,-53.731257],[-67.784848,-53.731576],[-67.781582,-53.733403],[-67.781549,-53.733421],[-67.780363,-53.73413],[-67.779319,-53.734869],[-67.778977,-53.735107],[-67.778733,-53.735289],[-67.77858,-53.735436],[-67.778432,-53.735598],[-67.778312,-53.735752],[-67.778226,-53.735872],[-67.778141,-53.735996],[-67.77803,-53.736172],[-67.777921,-53.736403],[-67.777848,-53.736475],[-67.777831,-53.736583],[-67.777789,-53.736688],[-67.777724,-53.736767],[-67.777605,-53.736856],[-67.777467,-53.736934],[-67.777299,-53.736996],[-67.777107,-53.737042],[-67.776916,-53.737064],[-67.77672,-53.737059],[-67.776682,-53.737075],[-67.776087,-53.73717],[-67.775776,-53.737236],[-67.775479,-53.737314],[-67.775124,-53.737421],[-67.774751,-53.737556],[-67.774351,-53.737691],[-67.773799,-53.737978],[-67.772708,-53.738535],[-67.772553,-53.73861],[-67.772371,-53.738688],[-67.772067,-53.73881],[-67.771331,-53.739081],[-67.769957,-53.739507],[-67.768651,-53.739913],[-67.76795,-53.740134],[-67.767079,-53.7404],[-67.766874,-53.740457],[-67.765932,-53.740751],[-67.761178,-53.742223],[-67.759136,-53.742848],[-67.756403,-53.743694],[-67.749935,-53.745694],[-67.748895,-53.746008],[-67.748497,-53.746135],[-67.747958,-53.746296],[-67.747626,-53.746394],[-67.747405,-53.746469],[-67.74714,-53.746555],[-67.746353,-53.746797],[-67.74586,-53.746949],[-67.745567,-53.747041],[-67.74485,-53.747259],[-67.744198,-53.747465],[-67.743528,-53.747676],[-67.742845,-53.747884],[-67.741792,-53.748211],[-67.740786,-53.748511],[-67.736806,-53.749748],[-67.736462,-53.749844],[-67.735213,-53.750235],[-67.734765,-53.750388],[-67.734428,-53.750487],[-67.73419,-53.750569],[-67.733862,-53.750676],[-67.733361,-53.750875],[-67.73296,-53.751048],[-67.732603,-53.751216],[-67.732244,-53.751409],[-67.731902,-53.751609],[-67.731767,-53.751692],[-67.731044,-53.752162],[-67.730841,-53.752311],[-67.730629,-53.752468],[-67.730421,-53.752638],[-67.729897,-53.753091],[-67.726627,-53.756028],[-67.726052,-53.756544],[-67.72593,-53.756658],[-67.725747,-53.756823],[-67.725682,-53.756876],[-67.725352,-53.757164],[-67.724187,-53.758227],[-67.723675,-53.758688],[-67.723484,-53.758857],[-67.723084,-53.759176],[-67.722856,-53.759345],[-67.72217,-53.759854],[-67.721986,-53.759986],[-67.721858,-53.760066],[-67.721655,-53.7602],[-67.72135,-53.760393],[-67.721166,-53.760513],[-67.720877,-53.760696],[-67.720519,-53.760902],[-67.719922,-53.761219],[-67.719405,-53.761492],[-67.714926,-53.763945],[-67.714269,-53.764309],[-67.713914,-53.764518],[-67.713439,-53.764773],[-67.713283,-53.764861],[-67.712389,-53.765427],[-67.711599,-53.765956],[-67.71148,-53.766053],[-67.710251,-53.767051],[-67.707847,-53.769074],[-67.706755,-53.76995],[-67.705642,-53.770875],[-67.704468,-53.771849],[-67.704387,-53.771936],[-67.704312,-53.772024],[-67.704228,-53.772132],[-67.704146,-53.772244],[-67.704102,-53.772347],[-67.704064,-53.772468],[-67.70405,-53.772583],[-67.704053,-53.772689],[-67.704074,-53.772798],[-67.704123,-53.772916],[-67.704153,-53.773008],[-67.704196,-53.773144],[-67.704226,-53.773161],[-67.704253,-53.773185],[-67.704255,-53.773217],[-67.704255,-53.77325],[-67.704242,-53.773287],[-67.704221,-53.773319],[-67.704197,-53.773352],[-67.70417,-53.773379],[-67.704141,-53.773409],[-67.704067,-53.773475],[-67.703972,-53.773548],[-67.703865,-53.773615],[-67.703794,-53.773653],[-67.703712,-53.773693],[-67.703636,-53.773729],[-67.70362,-53.773737],[-67.703535,-53.773768],[-67.703445,-53.773794],[-67.703361,-53.773815],[-67.703284,-53.773831],[-67.703199,-53.773842],[-67.703127,-53.773849],[-67.702869,-53.773882],[-67.702774,-53.773902],[-67.702635,-53.773943],[-67.702526,-53.773992],[-67.702438,-53.774055],[-67.702361,-53.774157],[-67.702244,-53.774347],[-67.702157,-53.774465],[-67.702071,-53.774569],[-67.701954,-53.774689],[-67.701469,-53.775128],[-67.701365,-53.775218],[-67.70128,-53.775308],[-67.701201,-53.775411],[-67.700807,-53.775981],[-67.70056,-53.776324],[-67.70046,-53.776452],[-67.700344,-53.776588],[-67.70023,-53.776706],[-67.699781,-53.777147],[-67.699604,-53.777325],[-67.699486,-53.777451],[-67.699357,-53.777594],[-67.698697,-53.778406],[-67.698518,-53.77855],[-67.697567,-53.779725],[-67.696694,-53.780763],[-67.696283,-53.781298],[-67.696154,-53.781494],[-67.695853,-53.782016],[-67.695723,-53.782237],[-67.695557,-53.782508],[-67.69508,-53.783266],[-67.694315,-53.784517],[-67.693908,-53.785207],[-67.693281,-53.786176],[-67.693245,-53.786221],[-67.693202,-53.786254],[-67.693122,-53.786288],[-67.693072,-53.786324],[-67.69302,-53.786371],[-67.692977,-53.786409],[-67.692942,-53.786465],[-67.692767,-53.78686],[-67.692605,-53.787206],[-67.692583,-53.787239],[-67.692563,-53.787267],[-67.692558,-53.787296],[-67.692554,-53.787306],[-67.692537,-53.787323],[-67.692521,-53.787378],[-67.692524,-53.78843],[-67.692521,-53.788567],[-67.69252,-53.788592],[-67.692496,-53.789578],[-67.692502,-53.78967],[-67.692512,-53.78972],[-67.692534,-53.789766],[-67.692561,-53.789813],[-67.692601,-53.789854],[-67.692707,-53.789945],[-67.692925,-53.790065],[-67.693057,-53.790142],[-67.693298,-53.790313],[-67.691937,-53.791016],[-67.691874,-53.791048],[-67.6915,-53.79124],[-67.69121,-53.791407],[-67.691086,-53.791442],[-67.690978,-53.791513],[-67.690628,-53.791763],[-67.689941,-53.792255],[-67.689344,-53.792681],[-67.689002,-53.792924],[-67.688951,-53.792968],[-67.688911,-53.793015],[-67.688881,-53.793065],[-67.688803,-53.79315],[-67.688799,-53.793167],[-67.688788,-53.793183],[-67.688763,-53.793216],[-67.688751,-53.793291],[-67.688747,-53.793387],[-67.688748,-53.793508],[-67.688837,-53.794246],[-67.68887,-53.794329],[-67.68891,-53.794414],[-67.688992,-53.794495],[-67.68905,-53.794497],[-67.689105,-53.794511],[-67.68915,-53.794535],[-67.689179,-53.794567],[-67.689189,-53.794602],[-67.689178,-53.794638],[-67.689148,-53.794669],[-67.689136,-53.794739],[-67.689057,-53.794925],[-67.688996,-53.79507],[-67.689161,-53.796838],[-67.689369,-53.798509],[-67.6894,-53.798567],[-67.689478,-53.798638],[-67.689518,-53.79866],[-67.68954,-53.798692],[-67.689554,-53.798727],[-67.689548,-53.798775],[-67.689525,-53.798798],[-67.689492,-53.798819],[-67.689452,-53.798873],[-67.689409,-53.79893],[-67.689379,-53.798989],[-67.689352,-53.799076],[-67.689317,-53.799197],[-67.689299,-53.799384],[-67.689244,-53.799744],[-67.689178,-53.800029],[-67.689065,-53.800385],[-67.688927,-53.800729],[-67.688671,-53.801269],[-67.68827,-53.802121],[-67.685789,-53.806835],[-67.68531,-53.807761],[-67.685215,-53.808086],[-67.685214,-53.808187],[-67.6852,-53.808228],[-67.685232,-53.808263],[-67.685248,-53.808301],[-67.685246,-53.808341],[-67.685226,-53.808379],[-67.68519,-53.808412],[-67.685139,-53.808438],[-67.685086,-53.808454],[-67.685048,-53.808467],[-67.684955,-53.80846],[-67.684898,-53.808449],[-67.684848,-53.808431],[-67.684807,-53.808406],[-67.684779,-53.80838],[-67.684761,-53.808351],[-67.684641,-53.808267],[-67.684541,-53.808205],[-67.6844,-53.808136],[-67.684235,-53.808041],[-67.683843,-53.807882],[-67.682942,-53.807486],[-67.681735,-53.806925],[-67.679743,-53.805979],[-67.679029,-53.805664],[-67.678621,-53.805484],[-67.678422,-53.805423],[-67.678222,-53.805388],[-67.678001,-53.805371],[-67.677846,-53.805381],[-67.67767,-53.805409],[-67.67722,-53.805538],[-67.676309,-53.805797],[-67.675804,-53.805937],[-67.675579,-53.805979],[-67.675253,-53.806015],[-67.675082,-53.806027],[-67.674914,-53.806036],[-67.674398,-53.806056],[-67.674064,-53.806065],[-67.673859,-53.806107],[-67.671283,-53.806213],[-67.671143,-53.806224],[-67.671044,-53.806204],[-67.671035,-53.806209],[-67.671027,-53.806214],[-67.670994,-53.806226],[-67.670956,-53.806232],[-67.670917,-53.806232],[-67.67088,-53.806226],[-67.670847,-53.806214],[-67.670822,-53.806197],[-67.670805,-53.806178],[-67.670797,-53.806151],[-67.670804,-53.806124],[-67.670793,-53.806053],[-67.670589,-53.80502],[-67.670496,-53.804501],[-67.670457,-53.804272],[-67.670433,-53.80421],[-67.670389,-53.804141],[-67.670351,-53.804093],[-67.670242,-53.803972],[-67.670087,-53.803992],[-67.668882,-53.804249],[-67.667301,-53.804597],[-67.666633,-53.804745],[-67.665943,-53.804897],[-67.665359,-53.80503],[-67.664759,-53.805161],[-67.664616,-53.805195],[-67.663989,-53.805327],[-67.663225,-53.805492],[-67.662454,-53.805664],[-67.661681,-53.805835],[-67.661485,-53.805881],[-67.660917,-53.806004],[-67.660272,-53.804996],[-67.659441,-53.803678],[-67.659388,-53.803641],[-67.6589,-53.802647],[-67.658417,-53.801667],[-67.65793,-53.800641],[-67.657122,-53.800784],[-67.657068,-53.80068],[-67.657117,-53.800665],[-67.657172,-53.80063],[-67.657222,-53.800584],[-67.657136,-53.800479],[-67.657083,-53.800416],[-67.656842,-53.800178],[-67.656824,-53.800148],[-67.656846,-53.800121],[-67.656882,-53.8001],[-67.656882,-53.8001]],"type":"LineString"}},{"type":"Feature","properties":{"name":"Ruta 3 — атлантическое побережье","nameEs":"Ruta Nacional 3","description":"Главная дорога вдоль Атлантики: от Буэнос-Айреса до Уshuaia","routeKey":"ruta_3","ref":"RN 3","route":"ruta_3","segmentIndex":9,"source":"OSRM / OpenStreetMap road graph"},"geometry":{"coordinates":[[-67.656882,-53.8001],[-67.656882,-53.8001],[-67.656846,-53.800121],[-67.656824,-53.800148],[-67.656842,-53.800178],[-67.657083,-53.800416],[-67.657136,-53.800479],[-67.657222,-53.800584],[-67.657172,-53.80063],[-67.657117,-53.800665],[-67.657068,-53.80068],[-67.657122,-53.800784],[-67.65762,-53.801805],[-67.658101,-53.802781],[-67.658584,-53.803752],[-67.658652,-53.803798],[-67.659507,-53.805163],[-67.660173,-53.806166],[-67.660707,-53.806049],[-67.660917,-53.806004],[-67.661485,-53.805881],[-67.661681,-53.805835],[-67.662454,-53.805664],[-67.663225,-53.805492],[-67.663989,-53.805327],[-67.664616,-53.805195],[-67.664759,-53.805161],[-67.665359,-53.80503],[-67.665943,-53.804897],[-67.666633,-53.804745],[-67.667301,-53.804597],[-67.668882,-53.804249],[-67.670087,-53.803992],[-67.670242,-53.803972],[-67.670363,-53.803988],[-67.670443,-53.804069],[-67.670521,-53.804182],[-67.670617,-53.804479],[-67.670858,-53.805427],[-67.671031,-53.806022],[-67.671025,-53.806086],[-67.671049,-53.8061],[-67.671157,-53.806106],[-67.671315,-53.806109],[-67.672029,-53.806094],[-67.673858,-53.806035],[-67.674064,-53.806065],[-67.674398,-53.806056],[-67.674914,-53.806036],[-67.675082,-53.806027],[-67.675253,-53.806015],[-67.675579,-53.805979],[-67.675804,-53.805937],[-67.676309,-53.805797],[-67.67722,-53.805538],[-67.67767,-53.805409],[-67.677846,-53.805381],[-67.678001,-53.805371],[-67.678222,-53.805388],[-67.678422,-53.805423],[-67.678621,-53.805484],[-67.679029,-53.805664],[-67.679743,-53.805979],[-67.681735,-53.806925],[-67.682942,-53.807486],[-67.683843,-53.807882],[-67.684235,-53.808041],[-67.684632,-53.808144],[-67.684745,-53.808165],[-67.684865,-53.808195],[-67.684921,-53.808178],[-67.684982,-53.808171],[-67.685058,-53.808174],[-67.685137,-53.808194],[-67.6852,-53.808228],[-67.685232,-53.808263],[-67.685248,-53.808301],[-67.685316,-53.808415],[-67.685448,-53.808524],[-67.685495,-53.808585],[-67.687153,-53.809353],[-67.687865,-53.809699],[-67.688082,-53.809804],[-67.688094,-53.80981],[-67.689118,-53.81026],[-67.690439,-53.810842],[-67.691297,-53.81122],[-67.691381,-53.811257],[-67.691441,-53.811281],[-67.691966,-53.811493],[-67.692407,-53.811671],[-67.693012,-53.811916],[-67.69342,-53.812054],[-67.693948,-53.812252],[-67.694445,-53.812401],[-67.694955,-53.812519],[-67.695775,-53.81268],[-67.697196,-53.812916],[-67.699129,-53.813204],[-67.699367,-53.813259],[-67.701142,-53.813446],[-67.703396,-53.813708],[-67.706738,-53.814071],[-67.709534,-53.814364],[-67.710961,-53.814541],[-67.711511,-53.814638],[-67.711993,-53.814764],[-67.712388,-53.814918],[-67.713675,-53.815475],[-67.715564,-53.8164],[-67.715808,-53.816549],[-67.715983,-53.816722],[-67.716437,-53.817263],[-67.717076,-53.817926],[-67.717641,-53.818512],[-67.718725,-53.819532],[-67.720195,-53.82097],[-67.721111,-53.821815],[-67.723986,-53.824627],[-67.724383,-53.824957],[-67.724759,-53.825204],[-67.725199,-53.825432],[-67.725636,-53.825631],[-67.7278,-53.826625],[-67.728351,-53.826912],[-67.728917,-53.827315],[-67.729383,-53.82768],[-67.729716,-53.827946],[-67.730488,-53.828376],[-67.731399,-53.828833],[-67.73181,-53.82908],[-67.733224,-53.830061],[-67.734002,-53.830621],[-67.73426,-53.830836],[-67.734406,-53.830988],[-67.734705,-53.831405],[-67.735026,-53.831903],[-67.735162,-53.832109],[-67.735376,-53.832451],[-67.735505,-53.832704],[-67.735569,-53.832906],[-67.735569,-53.834109],[-67.735616,-53.83505],[-67.735666,-53.83542],[-67.735753,-53.835673],[-67.735985,-53.835936],[-67.736209,-53.836128],[-67.736507,-53.836284],[-67.737312,-53.836626],[-67.741002,-53.837969],[-67.746828,-53.839842],[-67.748572,-53.84046],[-67.748909,-53.840634],[-67.749187,-53.840794],[-67.752793,-53.843565],[-67.755375,-53.84558],[-67.755779,-53.845941],[-67.756395,-53.846568],[-67.756548,-53.846717],[-67.756983,-53.847216],[-67.757332,-53.847679],[-67.758211,-53.849103],[-67.758792,-53.850153],[-67.758954,-53.850365],[-67.760501,-53.85138],[-67.760666,-53.851488],[-67.760824,-53.85159],[-67.759983,-53.852035],[-67.757875,-53.85315],[-67.757685,-53.853253],[-67.752692,-53.855902],[-67.751482,-53.856537],[-67.750624,-53.856927],[-67.749658,-53.857294],[-67.748778,-53.857572],[-67.747619,-53.857866],[-67.713202,-53.865912],[-67.709664,-53.86674],[-67.706807,-53.867407],[-67.705195,-53.867736],[-67.703993,-53.867888],[-67.702494,-53.868027],[-67.689226,-53.86906],[-67.689007,-53.86908],[-67.686859,-53.869285],[-67.685092,-53.869558],[-67.683697,-53.869887],[-67.682066,-53.870381],[-67.680991,-53.870797],[-67.679834,-53.871292],[-67.67673,-53.872948],[-67.673054,-53.87491],[-67.669727,-53.876574],[-67.662184,-53.880548],[-67.659729,-53.881842],[-67.656096,-53.883432],[-67.648333,-53.886831],[-67.638082,-53.891319],[-67.631359,-53.894247],[-67.629771,-53.894939],[-67.619302,-53.899419],[-67.617435,-53.900291],[-67.616331,-53.900845],[-67.615512,-53.901274],[-67.61455,-53.901869],[-67.613723,-53.902453],[-67.612916,-53.903112],[-67.612607,-53.903363],[-67.607404,-53.907773],[-67.605463,-53.909418],[-67.602243,-53.912149],[-67.600484,-53.913716],[-67.599805,-53.914394],[-67.599239,-53.915081],[-67.598732,-53.915848],[-67.598303,-53.916575],[-67.598252,-53.91666],[-67.596879,-53.919036],[-67.59635,-53.919816],[-67.595742,-53.920568],[-67.595042,-53.921155],[-67.594183,-53.921838],[-67.593411,-53.922343],[-67.592502,-53.92284],[-67.591351,-53.923354],[-67.589734,-53.92399],[-67.587081,-53.92494],[-67.58596,-53.925342],[-67.582202,-53.926744],[-67.577807,-53.928327],[-67.576621,-53.928754],[-67.573812,-53.929776],[-67.56768,-53.932007],[-67.566196,-53.932633],[-67.564821,-53.933238],[-67.559972,-53.935562],[-67.556152,-53.937394],[-67.553941,-53.938427],[-67.553341,-53.938707],[-67.551433,-53.939517],[-67.549758,-53.940173],[-67.548236,-53.940666],[-67.546541,-53.941071],[-67.544737,-53.941436],[-67.535058,-53.942877],[-67.530575,-53.943545],[-67.52916,-53.943698],[-67.527378,-53.943899],[-67.525963,-53.943975],[-67.524416,-53.943987],[-67.523109,-53.943988],[-67.521541,-53.943949],[-67.516235,-53.943524],[-67.513757,-53.943353],[-67.512336,-53.943254],[-67.500534,-53.942396],[-67.498905,-53.942308],[-67.497424,-53.942321],[-67.495999,-53.942471],[-67.495769,-53.942497],[-67.494633,-53.942623],[-67.493239,-53.942935],[-67.491909,-53.943243],[-67.490751,-53.943609],[-67.489284,-53.944231],[-67.488369,-53.944695],[-67.487316,-53.945326],[-67.486288,-53.946059],[-67.485279,-53.946956],[-67.481287,-53.95116],[-67.478364,-53.954231],[-67.46846,-53.964637],[-67.465442,-53.967807],[-67.456846,-53.976836],[-67.455982,-53.97772],[-67.455502,-53.978211],[-67.454379,-53.97936],[-67.453497,-53.980203],[-67.452555,-53.980924],[-67.451737,-53.981464],[-67.451051,-53.981843],[-67.450302,-53.982199],[-67.449184,-53.982688],[-67.447555,-53.983246],[-67.438135,-53.986388],[-67.423115,-53.991346],[-67.42084,-53.99204],[-67.414278,-53.993598],[-67.412283,-53.994072],[-67.399962,-53.996997],[-67.397001,-53.997779],[-67.388933,-54.000163],[-67.387508,-54.000545],[-67.386057,-54.000844],[-67.383719,-54.00121],[-67.375329,-54.002294],[-67.373239,-54.002638],[-67.371823,-54.002916],[-67.370836,-54.003168],[-67.369556,-54.003606],[-67.367711,-54.004312],[-67.362373,-54.006735],[-67.351489,-54.012736],[-67.350386,-54.013521],[-67.349472,-54.014286],[-67.348927,-54.014933],[-67.348541,-54.01545],[-67.348262,-54.016042],[-67.347991,-54.016846],[-67.347846,-54.017566],[-67.346794,-54.022783],[-67.346318,-54.025145],[-67.345531,-54.029046],[-67.343013,-54.041524],[-67.342811,-54.042459],[-67.34252,-54.043174],[-67.342167,-54.043669],[-67.341738,-54.044072],[-67.341254,-54.04451],[-67.340643,-54.044891],[-67.340128,-54.04513],[-67.339351,-54.045444],[-67.33657,-54.046382],[-67.336336,-54.04646],[-67.335726,-54.046659],[-67.325397,-54.050028],[-67.324339,-54.050407],[-67.323465,-54.050847],[-67.32288,-54.051288],[-67.322493,-54.051666],[-67.322199,-54.052006],[-67.321893,-54.05246],[-67.321678,-54.052913],[-67.321556,-54.053353],[-67.315476,-54.085542],[-67.31323,-54.09743],[-67.312996,-54.098197],[-67.312651,-54.098914],[-67.312245,-54.099556],[-67.311667,-54.10024],[-67.310784,-54.101142],[-67.308917,-54.102538],[-67.306703,-54.104082],[-67.300614,-54.108334],[-67.295963,-54.111582],[-67.290695,-54.11526],[-67.279195,-54.123289],[-67.27697,-54.12483],[-67.276771,-54.124968],[-67.276606,-54.125079],[-67.276453,-54.125176],[-67.276287,-54.125269],[-67.276111,-54.125359],[-67.275938,-54.125443],[-67.275718,-54.125542],[-67.275497,-54.125634],[-67.275219,-54.125742],[-67.274918,-54.125845],[-67.274225,-54.126084],[-67.271039,-54.1272],[-67.270699,-54.127318],[-67.270341,-54.127445],[-67.269971,-54.12759],[-67.269613,-54.127742],[-67.269229,-54.127924],[-67.268873,-54.128106],[-67.268603,-54.128262],[-67.268306,-54.128448],[-67.268028,-54.128644],[-67.267788,-54.128843],[-67.26756,-54.129051],[-67.267345,-54.12926],[-67.267179,-54.12946],[-67.267018,-54.129677],[-67.266877,-54.129902],[-67.266761,-54.13013],[-67.266665,-54.13035],[-67.266588,-54.130574],[-67.266521,-54.130811],[-67.262186,-54.148602],[-67.261843,-54.149591],[-67.261543,-54.150182],[-67.261152,-54.150735],[-67.259822,-54.152381],[-67.259006,-54.153325],[-67.255195,-54.157739],[-67.251689,-54.161799],[-67.25117,-54.1624],[-67.238763,-54.176763],[-67.238708,-54.176828],[-67.216905,-54.202264],[-67.216729,-54.202497],[-67.216598,-54.2027],[-67.216479,-54.202915],[-67.216385,-54.203099],[-67.216301,-54.203297],[-67.216227,-54.203502],[-67.21617,-54.203689],[-67.216123,-54.203885],[-67.216086,-54.204065],[-67.216056,-54.204247],[-67.216026,-54.204456],[-67.215901,-54.20525],[-67.215815,-54.205827],[-67.215732,-54.206327],[-67.215296,-54.209223],[-67.214546,-54.214211],[-67.214289,-54.215704],[-67.214149,-54.216348],[-67.214021,-54.216888],[-67.213785,-54.217289],[-67.213484,-54.217703],[-67.213259,-54.218],[-67.212862,-54.218343],[-67.212272,-54.21869],[-67.209804,-54.22012],[-67.209472,-54.220438],[-67.209171,-54.220764],[-67.208924,-54.221099],[-67.208678,-54.221655],[-67.208506,-54.222282],[-67.20827,-54.223587],[-67.208077,-54.224791],[-67.207735,-54.228035],[-67.207615,-54.22904],[-67.207412,-54.229683],[-67.207079,-54.230457],[-67.206048,-54.232351],[-67.204869,-54.234433],[-67.203968,-54.23585],[-67.203654,-54.236287],[-67.20334,-54.236606],[-67.20293,-54.236995],[-67.202376,-54.237364],[-67.20163,-54.23773],[-67.197809,-54.239236],[-67.197112,-54.239616],[-67.196457,-54.240063],[-67.194996,-54.241448],[-67.194408,-54.242124],[-67.19399,-54.242697],[-67.193807,-54.243127],[-67.193711,-54.243599],[-67.193657,-54.244945],[-67.193775,-54.24553],[-67.194001,-54.246412],[-67.19429,-54.247336],[-67.195111,-54.249432],[-67.195857,-54.251335],[-67.196417,-54.252735],[-67.198646,-54.258305],[-67.199193,-54.259788],[-67.199569,-54.260949],[-67.200277,-54.26412],[-67.200706,-54.266188],[-67.200746,-54.266359],[-67.20085,-54.266806],[-67.201328,-54.268857],[-67.201575,-54.269575],[-67.201865,-54.270298],[-67.202262,-54.271104],[-67.202562,-54.271593],[-67.202873,-54.272052],[-67.203903,-54.273167],[-67.204546,-54.273733],[-67.204731,-54.273895],[-67.206678,-54.275608],[-67.209697,-54.278204],[-67.210738,-54.27926],[-67.210966,-54.279563],[-67.21121,-54.279887],[-67.211446,-54.28035],[-67.211617,-54.280952],[-67.212023,-54.285129],[-67.213206,-54.29732],[-67.213731,-54.303115],[-67.213742,-54.303895],[-67.21372,-54.304759],[-67.213591,-54.305598],[-67.213242,-54.306668],[-67.212315,-54.308899],[-67.211778,-54.310576],[-67.211768,-54.311031],[-67.21181,-54.311457],[-67.212014,-54.312141],[-67.212497,-54.312846],[-67.213538,-54.314094],[-67.222958,-54.324319],[-67.224053,-54.325724],[-67.224546,-54.326462],[-67.224889,-54.327122],[-67.225597,-54.328874],[-67.228665,-54.337344],[-67.228924,-54.338035],[-67.229331,-54.338736],[-67.229975,-54.339499],[-67.230661,-54.340209],[-67.231348,-54.340775],[-67.231991,-54.341209],[-67.232614,-54.341613],[-67.233451,-54.342076],[-67.248943,-54.350577],[-67.249951,-54.351253],[-67.250424,-54.351669],[-67.250767,-54.352153],[-67.251025,-54.352669],[-67.251174,-54.353279],[-67.251282,-54.357968],[-67.25124,-54.358509],[-67.251129,-54.359072],[-67.251082,-54.359221],[-67.250981,-54.359543],[-67.249356,-54.362923],[-67.248326,-54.365324],[-67.248064,-54.365973],[-67.247871,-54.366661],[-67.247785,-54.367386],[-67.247811,-54.368124],[-67.248964,-54.373845],[-67.249308,-54.37532],[-67.249608,-54.376644],[-67.250653,-54.381792],[-67.250816,-54.38255],[-67.250897,-54.383194],[-67.250897,-54.383847],[-67.250767,-54.38473],[-67.250572,-54.385391],[-67.250338,-54.386079],[-67.246116,-54.396116],[-67.24584,-54.396582],[-67.24545,-54.39716],[-67.244995,-54.397698],[-67.244458,-54.398239],[-67.243921,-54.398722],[-67.24337,-54.399151],[-67.239909,-54.401321],[-67.239335,-54.401836],[-67.239026,-54.402177],[-67.238815,-54.402457],[-67.238603,-54.402944],[-67.238386,-54.403606],[-67.238193,-54.405255],[-67.237635,-54.408877],[-67.237481,-54.409304],[-67.237335,-54.409626],[-67.23712,-54.409951],[-67.236749,-54.410393],[-67.23639,-54.410725],[-67.235871,-54.411112],[-67.235103,-54.411537],[-67.230319,-54.414021],[-67.228354,-54.415042],[-67.216757,-54.421065],[-67.213189,-54.422917],[-67.212143,-54.423461],[-67.211176,-54.424038],[-67.210276,-54.424659],[-67.209502,-54.425299],[-67.209009,-54.42586],[-67.208602,-54.426332],[-67.204204,-54.432635],[-67.20062,-54.438002],[-67.200329,-54.438647],[-67.200157,-54.439221],[-67.20011,-54.439765],[-67.200114,-54.440169],[-67.200157,-54.440606],[-67.200341,-54.441209],[-67.200608,-54.442053],[-67.20093,-54.442902],[-67.20152,-54.4441],[-67.201564,-54.444191],[-67.20211,-54.445123],[-67.202809,-54.446137],[-67.205089,-54.449148],[-67.205543,-54.449789],[-67.205775,-54.450346],[-67.205929,-54.450799],[-67.206037,-54.451286],[-67.206178,-54.452188],[-67.206355,-54.453892],[-67.206558,-54.456419],[-67.206929,-54.460533],[-67.206895,-54.461041],[-67.206779,-54.461531],[-67.206438,-54.462203],[-67.206049,-54.462691],[-67.205298,-54.463277],[-67.204418,-54.463789],[-67.204348,-54.463817],[-67.197874,-54.466395],[-67.197024,-54.466852],[-67.196243,-54.46743],[-67.195758,-54.467912],[-67.195458,-54.468374],[-67.195179,-54.46886],[-67.19502,-54.46935],[-67.194964,-54.46992],[-67.194978,-54.470654],[-67.195115,-54.472157],[-67.195114,-54.472877],[-67.195077,-54.473132],[-67.194987,-54.473389],[-67.194893,-54.473608],[-67.19476,-54.473862],[-67.194528,-54.474164],[-67.194231,-54.474464],[-67.193904,-54.474774],[-67.190701,-54.477265],[-67.189956,-54.477844],[-67.189567,-54.478146],[-67.187057,-54.480091],[-67.186158,-54.480859],[-67.186038,-54.480967],[-67.185707,-54.481298],[-67.185437,-54.481615],[-67.185251,-54.481867],[-67.185071,-54.482164],[-67.184928,-54.482419],[-67.184821,-54.482642],[-67.183941,-54.484921],[-67.182652,-54.488302],[-67.181652,-54.490905],[-67.181545,-54.491278],[-67.181511,-54.4914],[-67.181423,-54.492071],[-67.181425,-54.492496],[-67.181472,-54.492777],[-67.181519,-54.492979],[-67.181681,-54.493413],[-67.181875,-54.493817],[-67.182295,-54.494482],[-67.183075,-54.495589],[-67.183666,-54.496426],[-67.184287,-54.497309],[-67.185238,-54.498652],[-67.185581,-54.499134],[-67.186323,-54.500165],[-67.186555,-54.500489],[-67.186779,-54.500814],[-67.187478,-54.501832],[-67.187598,-54.501998],[-67.187811,-54.502303],[-67.188019,-54.502619],[-67.188314,-54.503155],[-67.188492,-54.503548],[-67.188564,-54.503746],[-67.18865,-54.50402],[-67.188851,-54.504807],[-67.189069,-54.505796],[-67.189438,-54.507423],[-67.189604,-54.508269],[-67.189742,-54.50904],[-67.189764,-54.509139],[-67.189863,-54.509577],[-67.190016,-54.51027],[-67.190048,-54.510417],[-67.19006,-54.510482],[-67.190218,-54.511239],[-67.190304,-54.511565],[-67.190452,-54.512031],[-67.19057,-54.512383],[-67.190783,-54.512911],[-67.190959,-54.513342],[-67.191121,-54.513699],[-67.191334,-54.514159],[-67.191814,-54.515245],[-67.192215,-54.516153],[-67.192301,-54.516341],[-67.192614,-54.51703],[-67.192978,-54.517892],[-67.193288,-54.518634],[-67.193566,-54.519232],[-67.193743,-54.51959],[-67.193783,-54.51967],[-67.193842,-54.519777],[-67.193968,-54.519975],[-67.194012,-54.520042],[-67.194095,-54.520153],[-67.194199,-54.520291],[-67.194416,-54.520549],[-67.194593,-54.520736],[-67.194765,-54.520909],[-67.194921,-54.521056],[-67.195041,-54.52115],[-67.195494,-54.521499],[-67.195844,-54.521759],[-67.196396,-54.522189],[-67.196627,-54.522365],[-67.197388,-54.522931],[-67.198011,-54.523353],[-67.198484,-54.523717],[-67.199126,-54.524181],[-67.199416,-54.524393],[-67.199544,-54.5245],[-67.19966,-54.52459],[-67.199799,-54.524709],[-67.199971,-54.524853],[-67.200183,-54.525042],[-67.200303,-54.525144],[-67.200491,-54.525322],[-67.200726,-54.525548],[-67.20102,-54.525851],[-67.201221,-54.526062],[-67.201859,-54.526829],[-67.201993,-54.527],[-67.202229,-54.527305],[-67.202457,-54.527635],[-67.202656,-54.52794],[-67.202778,-54.528135],[-67.203194,-54.528854],[-67.20341,-54.529226],[-67.204137,-54.53047],[-67.204928,-54.531902],[-67.205414,-54.532782],[-67.205476,-54.532894],[-67.206462,-54.534684],[-67.206628,-54.534953],[-67.206687,-54.535057],[-67.207232,-54.536015],[-67.207328,-54.536206],[-67.207433,-54.536452],[-67.207481,-54.536575],[-67.207545,-54.536769],[-67.207591,-54.536933],[-67.207607,-54.537043],[-67.207631,-54.537178],[-67.207636,-54.537372],[-67.207622,-54.53755],[-67.207591,-54.537736],[-67.207564,-54.537846],[-67.207527,-54.537944],[-67.207443,-54.538134],[-67.207367,-54.538284],[-67.207237,-54.538484],[-67.207087,-54.53869],[-67.20643,-54.539407],[-67.205765,-54.540106],[-67.204759,-54.541181],[-67.203006,-54.543031],[-67.202645,-54.54344],[-67.202546,-54.543566],[-67.20246,-54.543674],[-67.20239,-54.543782],[-67.202312,-54.543907],[-67.202256,-54.544009],[-67.2022,-54.544137],[-67.202155,-54.544256],[-67.202117,-54.544372],[-67.202088,-54.544494],[-67.202075,-54.544609],[-67.202066,-54.544828],[-67.202066,-54.54498],[-67.202082,-54.545165],[-67.202103,-54.545304],[-67.202122,-54.545424],[-67.202328,-54.546256],[-67.202507,-54.546959],[-67.202683,-54.547728],[-67.202766,-54.547989],[-67.202838,-54.548148],[-67.20298,-54.548417],[-67.203109,-54.548603],[-67.203246,-54.548783],[-67.203378,-54.548913],[-67.20356,-54.549067],[-67.20383,-54.549254],[-67.204104,-54.549405],[-67.204297,-54.549504],[-67.204464,-54.549579],[-67.204801,-54.549702],[-67.205038,-54.549772],[-67.205489,-54.549883],[-67.208331,-54.550525],[-67.209688,-54.550796],[-67.211958,-54.551303],[-67.213132,-54.55157],[-67.214195,-54.551841],[-67.215176,-54.552052],[-67.215761,-54.552161],[-67.216324,-54.552295],[-67.218215,-54.552751],[-67.218754,-54.55288],[-67.219055,-54.552973],[-67.219445,-54.553108],[-67.219693,-54.553228],[-67.219985,-54.553378],[-67.220911,-54.553845],[-67.221343,-54.554034],[-67.221678,-54.554145],[-67.222078,-54.554241],[-67.222509,-54.55432],[-67.223311,-54.554446],[-67.223649,-54.554498],[-67.224028,-54.554566],[-67.224333,-54.554642],[-67.224613,-54.554731],[-67.224907,-54.554828],[-67.225149,-54.554926],[-67.225399,-54.555035],[-67.225556,-54.555109],[-67.22575,-54.555202],[-67.22591,-54.555305],[-67.226061,-54.555414],[-67.226409,-54.555702],[-67.226794,-54.556038],[-67.227195,-54.556386],[-67.228051,-54.557161],[-67.228662,-54.5577],[-67.228966,-54.557965],[-67.229191,-54.558144],[-67.229411,-54.558298],[-67.229569,-54.558393],[-67.229891,-54.55858],[-67.23021,-54.558729],[-67.230505,-54.558849],[-67.230693,-54.558918],[-67.230819,-54.558962],[-67.230937,-54.559002],[-67.231122,-54.559054],[-67.23135,-54.559116],[-67.231696,-54.559198],[-67.232058,-54.559268],[-67.232342,-54.559307],[-67.232767,-54.559363],[-67.233903,-54.559455],[-67.234949,-54.559535],[-67.235771,-54.559602],[-67.239134,-54.559856],[-67.24014,-54.559938],[-67.241115,-54.560019],[-67.2418,-54.560094],[-67.242436,-54.560185],[-67.242833,-54.560253],[-67.243173,-54.560315],[-67.243721,-54.560429],[-67.243927,-54.560469],[-67.24486,-54.56068],[-67.24596,-54.560928],[-67.247199,-54.56121],[-67.249235,-54.561674],[-67.250938,-54.562071],[-67.252024,-54.562346],[-67.252843,-54.562603],[-67.253382,-54.562775],[-67.253798,-54.562943],[-67.254565,-54.563259],[-67.255324,-54.563603],[-67.256088,-54.563987],[-67.258585,-54.56531],[-67.261011,-54.566559],[-67.263924,-54.568113],[-67.26558,-54.568965],[-67.267334,-54.569866],[-67.268125,-54.570286],[-67.269617,-54.571077],[-67.270054,-54.571309],[-67.271438,-54.57204],[-67.272883,-54.572739],[-67.27415,-54.573193],[-67.275294,-54.573485],[-67.276575,-54.573666],[-67.277827,-54.573762],[-67.278966,-54.573778],[-67.280137,-54.573703],[-67.281067,-54.573561],[-67.282058,-54.573355],[-67.282975,-54.573118],[-67.285198,-54.572422],[-67.285865,-54.572251],[-67.286703,-54.572086],[-67.287685,-54.571992],[-67.288276,-54.571992],[-67.288956,-54.572061],[-67.289181,-54.572111],[-67.289906,-54.572272],[-67.290776,-54.572543],[-67.292223,-54.572993],[-67.313908,-54.5805],[-67.315959,-54.58121],[-67.31897,-54.582252],[-67.319877,-54.582496],[-67.320756,-54.582682],[-67.322124,-54.582918],[-67.324436,-54.583192],[-67.325482,-54.583316],[-67.328894,-54.583664],[-67.332161,-54.584007],[-67.332603,-54.584058],[-67.333639,-54.584181],[-67.336973,-54.584577],[-67.337596,-54.584663],[-67.34138,-54.585233],[-67.341907,-54.585312],[-67.342451,-54.585386],[-67.342978,-54.585434],[-67.343777,-54.585495],[-67.344342,-54.585558],[-67.344847,-54.585631],[-67.345381,-54.585728],[-67.345892,-54.585838],[-67.347988,-54.586322],[-67.349376,-54.586642],[-67.355244,-54.588041],[-67.360673,-54.589321],[-67.361534,-54.5896],[-67.362411,-54.589931],[-67.363698,-54.59049],[-67.367238,-54.592615],[-67.370341,-54.594499],[-67.372304,-54.595735],[-67.372904,-54.596271],[-67.373741,-54.597178],[-67.375414,-54.599578],[-67.375932,-54.600167],[-67.376413,-54.600599],[-67.376862,-54.600911],[-67.378669,-54.602124],[-67.378783,-54.6022],[-67.380736,-54.603567],[-67.381768,-54.60407],[-67.382581,-54.604313],[-67.383804,-54.604501],[-67.385588,-54.604667],[-67.386916,-54.604872],[-67.388246,-54.605171],[-67.390133,-54.60572],[-67.391426,-54.606096],[-67.392004,-54.606344],[-67.392623,-54.606637],[-67.393322,-54.607033],[-67.393944,-54.607384],[-67.397151,-54.609948],[-67.398436,-54.610976],[-67.40773,-54.618405],[-67.40844,-54.618895],[-67.408662,-54.619018],[-67.409202,-54.619317],[-67.410423,-54.619711],[-67.411535,-54.619979],[-67.412302,-54.620075],[-67.413011,-54.6201],[-67.413885,-54.620066],[-67.414985,-54.619926],[-67.41597,-54.619668],[-67.416822,-54.619301],[-67.417241,-54.619121],[-67.430508,-54.61325],[-67.432213,-54.612776],[-67.433052,-54.612608],[-67.433951,-54.612528],[-67.435091,-54.612533],[-67.436097,-54.612615],[-67.438264,-54.612975],[-67.454333,-54.616308],[-67.456556,-54.616834],[-67.460837,-54.617871],[-67.461998,-54.618112],[-67.463123,-54.618256],[-67.464693,-54.618274],[-67.466117,-54.618264],[-67.46678,-54.618252],[-67.471631,-54.618169],[-67.475734,-54.618108],[-67.483432,-54.617995],[-67.48516,-54.61792],[-67.486672,-54.617846],[-67.496479,-54.617063],[-67.50077,-54.616665],[-67.503004,-54.616447],[-67.504675,-54.616206],[-67.507315,-54.615734],[-67.51157,-54.614821],[-67.512983,-54.614531],[-67.514097,-54.614396],[-67.514937,-54.614356],[-67.516082,-54.614455],[-67.518293,-54.614921],[-67.519976,-54.615414],[-67.52094,-54.61581],[-67.524282,-54.617261],[-67.52484,-54.617437],[-67.525724,-54.617647],[-67.526283,-54.61772],[-67.526885,-54.617743],[-67.527702,-54.617739],[-67.528865,-54.617646],[-67.532632,-54.617271],[-67.533122,-54.617226],[-67.534198,-54.617138],[-67.53506,-54.617087],[-67.535806,-54.617082],[-67.536381,-54.617102],[-67.537307,-54.617188],[-67.537917,-54.617318],[-67.538548,-54.617486],[-67.541137,-54.618393],[-67.541805,-54.618643],[-67.542915,-54.619007],[-67.543795,-54.619181],[-67.544738,-54.619293],[-67.545445,-54.619318],[-67.546507,-54.619293],[-67.547332,-54.619208],[-67.547977,-54.619084],[-67.548129,-54.619055],[-67.550103,-54.618678],[-67.551195,-54.618478],[-67.552002,-54.618367],[-67.552873,-54.618318],[-67.553722,-54.618317],[-67.555401,-54.618449],[-67.557528,-54.618572],[-67.558064,-54.618553],[-67.558579,-54.61851],[-67.559392,-54.618355],[-67.563019,-54.617572],[-67.569349,-54.616044],[-67.57012,-54.61581],[-67.576638,-54.613794],[-67.582654,-54.611868],[-67.586796,-54.610582],[-67.587633,-54.610346],[-67.588384,-54.610172],[-67.589146,-54.610035],[-67.590034,-54.609968],[-67.598212,-54.609389],[-67.599647,-54.609247],[-67.60057,-54.60911],[-67.601428,-54.608949],[-67.604401,-54.60818],[-67.606988,-54.607301],[-67.60776,-54.606953],[-67.608692,-54.606489],[-67.611451,-54.605039],[-67.612309,-54.604667],[-67.613168,-54.604393],[-67.614321,-54.604082],[-67.627094,-54.601174],[-67.628038,-54.600826],[-67.628596,-54.600528],[-67.629128,-54.600095],[-67.630198,-54.599153],[-67.630804,-54.59862],[-67.631217,-54.598261],[-67.631898,-54.597812],[-67.632272,-54.597638],[-67.632753,-54.597464],[-67.633501,-54.597255],[-67.63431,-54.59707],[-67.638475,-54.596178],[-67.639515,-54.596018],[-67.640298,-54.595982],[-67.64137,-54.595967],[-67.641962,-54.595998],[-67.658101,-54.596917],[-67.659259,-54.596988],[-67.660289,-54.597022],[-67.661897,-54.596996],[-67.667741,-54.59659],[-67.668861,-54.596531],[-67.670052,-54.596544],[-67.671123,-54.596644],[-67.672348,-54.596786],[-67.673752,-54.597043],[-67.680373,-54.598439],[-67.681532,-54.598663],[-67.682476,-54.598837],[-67.683957,-54.599011],[-67.686508,-54.599192],[-67.689576,-54.599428],[-67.690523,-54.599546],[-67.6917,-54.599801],[-67.693546,-54.600211],[-67.700391,-54.602151],[-67.701277,-54.602449],[-67.702124,-54.602734],[-67.703453,-54.603259],[-67.704388,-54.603699],[-67.705797,-54.604362],[-67.706616,-54.604679],[-67.707279,-54.60491],[-67.708139,-54.605189],[-67.709105,-54.605474],[-67.712902,-54.606416],[-67.714274,-54.606786],[-67.715267,-54.607129],[-67.716742,-54.607669],[-67.721097,-54.609545],[-67.721829,-54.609874],[-67.7226,-54.610316],[-67.72301,-54.610607],[-67.723546,-54.611017],[-67.72423,-54.611683],[-67.725132,-54.612702],[-67.726333,-54.613994],[-67.726722,-54.614347],[-67.727215,-54.614733],[-67.727665,-54.615053],[-67.728136,-54.615324],[-67.728907,-54.615714],[-67.729689,-54.616046],[-67.730879,-54.616514],[-67.735002,-54.618094],[-67.736313,-54.618572],[-67.736854,-54.618837],[-67.737438,-54.619114],[-67.740185,-54.620804],[-67.743972,-54.62293],[-67.750559,-54.626492],[-67.751205,-54.626895],[-67.751913,-54.62738],[-67.752833,-54.628132],[-67.754776,-54.629947],[-67.759507,-54.634629],[-67.759871,-54.635025],[-67.760166,-54.635445],[-67.7604,-54.635781],[-67.760725,-54.636245],[-67.760859,-54.636439],[-67.761498,-54.637625],[-67.761977,-54.638519],[-67.762033,-54.638623],[-67.762257,-54.639036],[-67.762959,-54.640485],[-67.76326,-54.641096],[-67.763434,-54.641406],[-67.763629,-54.641687],[-67.763868,-54.641921],[-67.764208,-54.642146],[-67.764766,-54.642507],[-67.766156,-54.643265],[-67.768053,-54.644103],[-67.769978,-54.644811],[-67.771508,-54.645366],[-67.772946,-54.645984],[-67.776759,-54.647691],[-67.778862,-54.648498],[-67.781121,-54.649215],[-67.785387,-54.650431],[-67.786157,-54.650646],[-67.789411,-54.651559],[-67.790756,-54.65207],[-67.791224,-54.65229],[-67.791603,-54.652579],[-67.791932,-54.652861],[-67.792279,-54.653312],[-67.792933,-54.654205],[-67.79333,-54.654609],[-67.793835,-54.654956],[-67.794442,-54.655431],[-67.794854,-54.655825],[-67.795755,-54.657017],[-67.79642,-54.657662],[-67.796796,-54.658171],[-67.796925,-54.658606],[-67.797107,-54.66097],[-67.797465,-54.662438],[-67.797489,-54.662903],[-67.797465,-54.663369],[-67.796288,-54.668723],[-67.796202,-54.669343],[-67.796222,-54.670303],[-67.796156,-54.671807],[-67.796202,-54.67247],[-67.796564,-54.673743],[-67.796803,-54.674269],[-67.797638,-54.675728],[-67.79794,-54.676589],[-67.798069,-54.676974],[-67.7983,-54.677316],[-67.802433,-54.682688],[-67.802832,-54.683003],[-67.803583,-54.683648],[-67.803737,-54.683863],[-67.803841,-54.684008],[-67.804006,-54.684303],[-67.804219,-54.684686],[-67.804463,-54.684963],[-67.805326,-54.685611],[-67.805759,-54.685936],[-67.806115,-54.686129],[-67.806508,-54.686294],[-67.806716,-54.686329],[-67.807029,-54.686382],[-67.80757,-54.68636],[-67.808032,-54.686161],[-67.80824,-54.685973],[-67.8085,-54.685739],[-67.808926,-54.685496],[-67.809488,-54.685441],[-67.810057,-54.685493],[-67.810709,-54.685626],[-67.811945,-54.686104],[-67.812773,-54.686517],[-67.81354,-54.687034],[-67.813861,-54.687196],[-67.814419,-54.687369],[-67.815254,-54.687648],[-67.816007,-54.687828],[-67.816551,-54.687907],[-67.817498,-54.687876],[-67.818046,-54.687878],[-67.818646,-54.687977],[-67.819226,-54.688014],[-67.819655,-54.687928],[-67.820084,-54.687791],[-67.820535,-54.687679],[-67.82105,-54.687642],[-67.821801,-54.687617],[-67.8227,-54.687499],[-67.82345,-54.687432],[-67.824173,-54.687437],[-67.824759,-54.687587],[-67.825253,-54.687972],[-67.825403,-54.688555],[-67.825568,-54.688753],[-67.825918,-54.688952],[-67.827871,-54.689559],[-67.828504,-54.68967],[-67.82918,-54.689721],[-67.830102,-54.689659],[-67.831221,-54.689387],[-67.832369,-54.689153],[-67.832808,-54.689106],[-67.833131,-54.689147],[-67.833517,-54.689224],[-67.833943,-54.68935],[-67.834627,-54.68957],[-67.835046,-54.689658],[-67.835446,-54.689717],[-67.836218,-54.689754],[-67.836754,-54.689804],[-67.837787,-54.689838],[-67.838122,-54.689868],[-67.83843,-54.689862],[-67.838715,-54.689822],[-67.838983,-54.689746],[-67.839317,-54.689636],[-67.839635,-54.689572],[-67.84004,-54.68952],[-67.840474,-54.689453],[-67.840802,-54.689421],[-67.841124,-54.689431],[-67.841455,-54.689485],[-67.841754,-54.689571],[-67.842151,-54.689779],[-67.842506,-54.689976],[-67.843213,-54.690341],[-67.843386,-54.690508],[-67.843488,-54.690675],[-67.843713,-54.691423],[-67.84379,-54.691578],[-67.843881,-54.691696],[-67.843988,-54.691799],[-67.844085,-54.691864],[-67.844763,-54.692184],[-67.845512,-54.692482],[-67.846778,-54.692981],[-67.847083,-54.69322],[-67.847226,-54.693516],[-67.847193,-54.693773],[-67.846999,-54.693977],[-67.84675,-54.694136],[-67.846324,-54.694247],[-67.845509,-54.694433],[-67.845162,-54.694604],[-67.844965,-54.694861],[-67.845037,-54.69519],[-67.845359,-54.695799],[-67.845443,-54.696045],[-67.845311,-54.696397],[-67.844953,-54.696747],[-67.843258,-54.698204],[-67.842582,-54.698654],[-67.842423,-54.698727],[-67.841668,-54.699009],[-67.840209,-54.699307],[-67.839739,-54.699448],[-67.839243,-54.699753],[-67.838247,-54.700674],[-67.836583,-54.702766],[-67.836392,-54.703143],[-67.836275,-54.703514],[-67.836153,-54.703961],[-67.836068,-54.705196],[-67.836009,-54.70579],[-67.83581,-54.706423],[-67.835552,-54.706902],[-67.834824,-54.708023],[-67.834654,-54.7084],[-67.834623,-54.708657],[-67.83467,-54.709367],[-67.834675,-54.709602],[-67.834566,-54.709833],[-67.834168,-54.710271],[-67.83036,-54.713539],[-67.829668,-54.714201],[-67.829418,-54.714499],[-67.829215,-54.714824],[-67.829009,-54.715394],[-67.828807,-54.716978],[-67.82865,-54.717524],[-67.828406,-54.717871],[-67.828119,-54.718086],[-67.827736,-54.718344],[-67.827409,-54.718607],[-67.827043,-54.718955],[-67.826231,-54.720268],[-67.825938,-54.720746],[-67.825696,-54.721233],[-67.825642,-54.721567],[-67.825675,-54.722633],[-67.825609,-54.723164],[-67.825286,-54.724218],[-67.825053,-54.72477],[-67.824405,-54.725856],[-67.824075,-54.726582],[-67.823904,-54.727047],[-67.823847,-54.727523],[-67.824024,-54.72814],[-67.824303,-54.728477],[-67.829431,-54.732421],[-67.829785,-54.732749],[-67.829978,-54.732975],[-67.830134,-54.733489],[-67.830147,-54.733804],[-67.829802,-54.734581],[-67.82964,-54.735163],[-67.829397,-54.736036],[-67.829268,-54.736444],[-67.829096,-54.736705],[-67.828879,-54.736947],[-67.827914,-54.737839],[-67.827034,-54.738768],[-67.82665,-54.739058],[-67.826262,-54.739226],[-67.825188,-54.739581],[-67.824694,-54.739795],[-67.824343,-54.740092],[-67.824061,-54.740389],[-67.823863,-54.740523],[-67.823419,-54.740704],[-67.82292,-54.740764],[-67.822442,-54.740775],[-67.822018,-54.740737],[-67.82124,-54.740564],[-67.82094,-54.740527],[-67.820537,-54.740538],[-67.819932,-54.740676],[-67.819231,-54.740969],[-67.818811,-54.741036],[-67.818343,-54.741022],[-67.816736,-54.740762],[-67.816349,-54.74075],[-67.815855,-54.740775],[-67.815168,-54.740899],[-67.814931,-54.741021],[-67.814749,-54.74118],[-67.814667,-54.741335],[-67.814678,-54.741548],[-67.814901,-54.741774],[-67.815173,-54.741906],[-67.815475,-54.741962],[-67.81588,-54.74197],[-67.816937,-54.741689],[-67.817335,-54.741629],[-67.817692,-54.741632],[-67.81793,-54.741694],[-67.818578,-54.741853],[-67.818946,-54.741911],[-67.819395,-54.741896],[-67.820364,-54.741665],[-67.820811,-54.741642],[-67.821629,-54.741709],[-67.821982,-54.741731],[-67.822335,-54.741704],[-67.824606,-54.741241],[-67.825148,-54.741137],[-67.825655,-54.741035],[-67.826345,-54.740893],[-67.826717,-54.740819],[-67.827063,-54.740756],[-67.827296,-54.740727],[-67.827474,-54.740717],[-67.827655,-54.740718],[-67.827795,-54.740731],[-67.827954,-54.740758],[-67.828106,-54.740798],[-67.828343,-54.740878],[-67.828606,-54.740962],[-67.828752,-54.740993],[-67.828901,-54.741021],[-67.829056,-54.74103],[-67.829225,-54.741035],[-67.829378,-54.741032],[-67.829546,-54.74101],[-67.829748,-54.740976],[-67.829992,-54.740927],[-67.830971,-54.740694],[-67.831668,-54.740535],[-67.831956,-54.740473],[-67.832243,-54.740423],[-67.832532,-54.740377],[-67.832862,-54.740341],[-67.833006,-54.74034],[-67.833269,-54.740339],[-67.833405,-54.74034],[-67.833601,-54.740349],[-67.833755,-54.740361],[-67.833926,-54.740374],[-67.834769,-54.740454],[-67.835541,-54.740625],[-67.835879,-54.74073],[-67.836171,-54.74082],[-67.837462,-54.741283],[-67.837985,-54.741398],[-67.838653,-54.7415],[-67.839583,-54.74156],[-67.840511,-54.741521],[-67.856925,-54.739239],[-67.866295,-54.738011],[-67.867889,-54.737802],[-67.868416,-54.737704],[-67.870293,-54.737356],[-67.872441,-54.736915],[-67.875164,-54.736303],[-67.876689,-54.73606],[-67.878532,-54.735844],[-67.880359,-54.735676],[-67.881647,-54.735533],[-67.887287,-54.734432],[-67.893295,-54.733106],[-67.895055,-54.732784],[-67.895744,-54.732728],[-67.896342,-54.732809],[-67.899561,-54.733342],[-67.900178,-54.733432],[-67.900827,-54.733478],[-67.901296,-54.733471],[-67.902095,-54.733459],[-67.902689,-54.733435],[-67.903282,-54.733411],[-67.903941,-54.733384],[-67.904582,-54.733305],[-67.905271,-54.733161],[-67.905805,-54.732995],[-67.906923,-54.732492],[-67.907543,-54.732314],[-67.908275,-54.732294],[-67.908852,-54.732338],[-67.911491,-54.732772],[-67.912266,-54.732815],[-67.912993,-54.732722],[-67.915485,-54.732121],[-67.916214,-54.731972],[-67.917051,-54.73191],[-67.918446,-54.73191],[-67.919366,-54.731868],[-67.920356,-54.731749],[-67.921584,-54.731509],[-67.922413,-54.731347],[-67.932026,-54.730083],[-67.932844,-54.730002],[-67.933638,-54.730027],[-67.934537,-54.730133],[-67.936769,-54.730556],[-67.937364,-54.730668],[-67.939901,-54.731174],[-67.940377,-54.731199],[-67.940762,-54.731188],[-67.941604,-54.731095],[-67.943624,-54.73084],[-67.943788,-54.73082],[-67.945622,-54.730578],[-67.947736,-54.730337],[-67.950118,-54.7302],[-67.951212,-54.730151],[-67.952175,-54.730021],[-67.952778,-54.729841],[-67.953334,-54.7296],[-67.955179,-54.72846],[-67.955654,-54.728218],[-67.956381,-54.728014],[-67.957134,-54.727896],[-67.958076,-54.727915],[-67.961512,-54.728428],[-67.964578,-54.728795],[-67.967455,-54.729048],[-67.970264,-54.729241],[-67.972004,-54.729296],[-67.973611,-54.729303],[-67.976532,-54.729197],[-67.977841,-54.729184],[-67.978892,-54.729221],[-67.980285,-54.729303],[-67.981789,-54.729358],[-67.983654,-54.729328],[-67.986703,-54.729234],[-67.989254,-54.729129],[-67.991338,-54.728986],[-67.993343,-54.728739],[-67.996314,-54.728274],[-67.998652,-54.727779],[-68.000433,-54.72737],[-68.002193,-54.72701],[-68.003759,-54.726825],[-68.00612,-54.726453],[-68.008268,-54.726],[-68.010411,-54.725437],[-68.011592,-54.725033],[-68.013118,-54.724522],[-68.013368,-54.724435],[-68.013626,-54.724336],[-68.015737,-54.723525],[-68.016025,-54.723408],[-68.016266,-54.723306],[-68.016482,-54.723208],[-68.016693,-54.723104],[-68.01691,-54.722984],[-68.017088,-54.722887],[-68.017284,-54.722774],[-68.017508,-54.722643],[-68.017764,-54.722502],[-68.019161,-54.721698],[-68.019811,-54.72133],[-68.022208,-54.71993],[-68.022488,-54.719764],[-68.022761,-54.719592],[-68.022961,-54.719455],[-68.023169,-54.719305],[-68.023344,-54.71916],[-68.023988,-54.718614],[-68.024154,-54.718485],[-68.024316,-54.718371],[-68.024505,-54.718268],[-68.024731,-54.718163],[-68.024973,-54.718062],[-68.025237,-54.717972],[-68.02552,-54.717885],[-68.025821,-54.717801],[-68.026134,-54.717732],[-68.026407,-54.717676],[-68.026736,-54.71762],[-68.027097,-54.71757],[-68.027487,-54.717535],[-68.028189,-54.717492],[-68.028528,-54.717464],[-68.028836,-54.717429],[-68.029108,-54.71738],[-68.029345,-54.71732],[-68.029557,-54.71725],[-68.029784,-54.717152],[-68.02998,-54.717049],[-68.030191,-54.716922],[-68.030372,-54.716803],[-68.030745,-54.716548],[-68.030956,-54.716419],[-68.031184,-54.716306],[-68.031445,-54.716208],[-68.031713,-54.716135],[-68.032024,-54.71608],[-68.032321,-54.716044],[-68.032633,-54.716032],[-68.03291,-54.716037],[-68.033187,-54.716068],[-68.033457,-54.716112],[-68.035073,-54.716427],[-68.03537,-54.716474],[-68.035668,-54.716508],[-68.035995,-54.716511],[-68.03632,-54.7165],[-68.036665,-54.71646],[-68.036945,-54.716402],[-68.037245,-54.716319],[-68.037521,-54.716218],[-68.038755,-54.71567],[-68.039003,-54.71557],[-68.039228,-54.715485],[-68.039499,-54.715399],[-68.039775,-54.715324],[-68.040056,-54.715264],[-68.040384,-54.715212],[-68.040742,-54.715175],[-68.041115,-54.715155],[-68.041563,-54.715141],[-68.044403,-54.715128],[-68.044886,-54.715114],[-68.045366,-54.715088],[-68.046507,-54.715023],[-68.048458,-54.714908],[-68.049563,-54.714838],[-68.050432,-54.714695],[-68.051488,-54.714427],[-68.052288,-54.7143],[-68.05357,-54.714192],[-68.05444,-54.714107],[-68.055218,-54.713942],[-68.056095,-54.713663],[-68.057414,-54.71327],[-68.058783,-54.712829],[-68.059386,-54.71273],[-68.06002,-54.712671],[-68.060488,-54.71269],[-68.06142,-54.712895],[-68.062108,-54.713072],[-68.062853,-54.713121],[-68.063559,-54.71307],[-68.065032,-54.712875],[-68.065958,-54.71279],[-68.067007,-54.712825],[-68.067724,-54.71296],[-68.068453,-54.713201],[-68.068972,-54.713445],[-68.069441,-54.713812],[-68.070152,-54.714561],[-68.070172,-54.714577],[-68.0706,-54.714913],[-68.071296,-54.715163],[-68.071986,-54.715276],[-68.073007,-54.715313],[-68.074725,-54.715353],[-68.075572,-54.71538],[-68.076394,-54.715435],[-68.077662,-54.715544],[-68.078797,-54.715659],[-68.079645,-54.715787],[-68.080492,-54.715943],[-68.081303,-54.716137],[-68.082236,-54.716405],[-68.083383,-54.716813],[-68.083845,-54.716956],[-68.084462,-54.717146],[-68.084849,-54.717234],[-68.085402,-54.717273],[-68.086045,-54.717235],[-68.088683,-54.716804],[-68.089926,-54.71663],[-68.090816,-54.716569],[-68.091666,-54.716537],[-68.093374,-54.716568],[-68.095183,-54.716688],[-68.096569,-54.716753],[-68.09795,-54.71666],[-68.099166,-54.716628],[-68.099712,-54.716699],[-68.100255,-54.716824],[-68.10223,-54.717632],[-68.103224,-54.718124],[-68.103887,-54.718452],[-68.105157,-54.719489],[-68.105618,-54.719852],[-68.106122,-54.720194],[-68.107132,-54.720554],[-68.107761,-54.720662],[-68.112642,-54.72076],[-68.114824,-54.720796],[-68.115475,-54.720817],[-68.116071,-54.720919],[-68.11673,-54.721115],[-68.118563,-54.721922],[-68.119112,-54.722133],[-68.119384,-54.722208],[-68.119672,-54.722252],[-68.119977,-54.722262],[-68.120389,-54.722248],[-68.120847,-54.722197],[-68.121623,-54.722102],[-68.121984,-54.722056],[-68.122296,-54.722019],[-68.123491,-54.721872],[-68.124437,-54.721756],[-68.127315,-54.721452],[-68.129823,-54.721236],[-68.141878,-54.720638],[-68.142661,-54.720582],[-68.147833,-54.720074],[-68.148451,-54.720027],[-68.149157,-54.720034],[-68.151948,-54.720374],[-68.15495,-54.720864],[-68.157206,-54.721278],[-68.159549,-54.721792],[-68.162375,-54.722574],[-68.166213,-54.723779],[-68.167613,-54.724302],[-68.169091,-54.724953],[-68.169507,-54.725219],[-68.170855,-54.726079],[-68.171773,-54.726664],[-68.174719,-54.728759],[-68.175921,-54.729883],[-68.17635,-54.73019],[-68.176861,-54.73046],[-68.177698,-54.730882],[-68.178275,-54.731262],[-68.181018,-54.733811],[-68.181807,-54.734543],[-68.182369,-54.735065],[-68.183019,-54.735664],[-68.183667,-54.736118],[-68.185143,-54.737027],[-68.185487,-54.737262],[-68.185828,-54.737529],[-68.186765,-54.738247],[-68.187028,-54.738483],[-68.187401,-54.738798],[-68.187747,-54.739041],[-68.190527,-54.740502],[-68.191366,-54.740978],[-68.191982,-54.741426],[-68.192332,-54.741722],[-68.192565,-54.742013],[-68.193397,-54.743729],[-68.193748,-54.744236],[-68.194192,-54.744672],[-68.195698,-54.745942],[-68.196557,-54.746708],[-68.197095,-54.747332],[-68.197178,-54.747442],[-68.19772,-54.748168],[-68.198323,-54.749145],[-68.198698,-54.749886],[-68.198705,-54.750206],[-68.198552,-54.750584],[-68.19819,-54.750924],[-68.197587,-54.751179],[-68.196752,-54.751555],[-68.196237,-54.751927],[-68.195937,-54.752311],[-68.19495,-54.753896],[-68.194714,-54.754404],[-68.194649,-54.754849],[-68.194478,-54.756496],[-68.194392,-54.756992],[-68.194242,-54.757425],[-68.194186,-54.75756],[-68.193274,-54.75976],[-68.193126,-54.760607],[-68.193123,-54.761406],[-68.193195,-54.762148],[-68.193263,-54.762856],[-68.193426,-54.763244],[-68.193576,-54.763515],[-68.193824,-54.763834],[-68.193967,-54.764023],[-68.194023,-54.764076],[-68.194286,-54.764302],[-68.194433,-54.764448],[-68.194667,-54.764674],[-68.194743,-54.764817],[-68.1948,-54.764967],[-68.19483,-54.765106],[-68.194857,-54.765202],[-68.19486,-54.765319],[-68.194853,-54.765438],[-68.194819,-54.765615],[-68.194708,-54.765939],[-68.194582,-54.766401],[-68.19447,-54.766838],[-68.194422,-54.767056],[-68.194388,-54.767251],[-68.194383,-54.767337],[-68.194394,-54.767452],[-68.194435,-54.767591],[-68.19452,-54.767728],[-68.194613,-54.767823],[-68.194699,-54.767913],[-68.194805,-54.767991],[-68.194893,-54.768052],[-68.195,-54.768106],[-68.195159,-54.768167],[-68.196564,-54.768522],[-68.19782,-54.76882],[-68.198688,-54.769032],[-68.199025,-54.769137],[-68.199157,-54.769185],[-68.199267,-54.769231],[-68.199386,-54.76928],[-68.199581,-54.769378],[-68.199671,-54.769428],[-68.199797,-54.769515],[-68.20005,-54.76974],[-68.200671,-54.770307],[-68.201477,-54.771189],[-68.201822,-54.77156],[-68.201996,-54.771771],[-68.202129,-54.771987],[-68.202586,-54.772758],[-68.203162,-54.773919],[-68.203249,-54.774095],[-68.203527,-54.774655],[-68.203629,-54.77486],[-68.203915,-54.775528],[-68.20403,-54.775705],[-68.204222,-54.775871],[-68.204415,-54.775987],[-68.20483,-54.776197],[-68.205304,-54.776424],[-68.207189,-54.777283],[-68.207675,-54.777527],[-68.208095,-54.777724],[-68.209125,-54.778316],[-68.209878,-54.778823],[-68.21082,-54.779468],[-68.211882,-54.780091],[-68.212149,-54.780216],[-68.212444,-54.78034],[-68.212914,-54.7805],[-68.213262,-54.780599],[-68.213777,-54.780712],[-68.214648,-54.78086],[-68.215221,-54.780948],[-68.215816,-54.781026],[-68.217939,-54.781281],[-68.219792,-54.781558],[-68.219927,-54.781599],[-68.220247,-54.781698],[-68.220535,-54.781822],[-68.220781,-54.781957],[-68.220957,-54.782079],[-68.221072,-54.782201],[-68.221169,-54.782314],[-68.221222,-54.782395],[-68.221233,-54.782411],[-68.221283,-54.782517],[-68.221352,-54.782739],[-68.22136,-54.782954],[-68.221347,-54.783087],[-68.221324,-54.78315],[-68.221286,-54.783256],[-68.221196,-54.783433],[-68.22071,-54.784117],[-68.220648,-54.784239],[-68.22062,-54.784346],[-68.22061,-54.784453],[-68.220606,-54.784551],[-68.220625,-54.78467],[-68.220691,-54.784809],[-68.220824,-54.785019],[-68.221661,-54.78629],[-68.221905,-54.786651],[-68.222124,-54.786922],[-68.222267,-54.787039],[-68.222537,-54.787221],[-68.222825,-54.787362],[-68.222973,-54.787426],[-68.223228,-54.787495],[-68.223508,-54.787608],[-68.22388,-54.787769],[-68.224593,-54.788037],[-68.225468,-54.788356],[-68.226364,-54.788557],[-68.226708,-54.788635],[-68.226962,-54.78872],[-68.227433,-54.78895],[-68.227592,-54.789019],[-68.228037,-54.789233],[-68.228101,-54.78933],[-68.22813,-54.789377],[-68.228172,-54.78944],[-68.228212,-54.789517],[-68.228247,-54.789628],[-68.228257,-54.789761],[-68.228251,-54.789837],[-68.228188,-54.789992],[-68.228048,-54.790211],[-68.227872,-54.79034],[-68.227703,-54.790571],[-68.227627,-54.790695],[-68.227568,-54.790822],[-68.227515,-54.790951],[-68.227479,-54.791073],[-68.227452,-54.791256],[-68.227484,-54.791419],[-68.227625,-54.79181],[-68.227668,-54.791893],[-68.227838,-54.792295],[-68.227905,-54.792518],[-68.227934,-54.792762],[-68.227953,-54.793449],[-68.227985,-54.793632],[-68.228026,-54.793782],[-68.228161,-54.794155],[-68.228422,-54.794726],[-68.228581,-54.794996],[-68.228659,-54.795107],[-68.228839,-54.79534],[-68.229008,-54.795544],[-68.229194,-54.79571],[-68.22935,-54.795831],[-68.229593,-54.795969],[-68.229835,-54.796066],[-68.230121,-54.796139],[-68.230413,-54.796211],[-68.230752,-54.796264],[-68.231124,-54.796317],[-68.232422,-54.796456],[-68.232893,-54.796502],[-68.234629,-54.796675],[-68.237734,-54.797041],[-68.238085,-54.797069],[-68.238466,-54.797068],[-68.23891,-54.797021],[-68.239144,-54.796977],[-68.239358,-54.796927],[-68.239794,-54.796775],[-68.239886,-54.796736],[-68.241901,-54.795894],[-68.241944,-54.795876],[-68.24402,-54.795009],[-68.244528,-54.794797],[-68.24528,-54.794515],[-68.245479,-54.794443],[-68.246853,-54.793912],[-68.247332,-54.793741],[-68.247831,-54.793591],[-68.2482,-54.793506],[-68.248539,-54.793438],[-68.248948,-54.793387],[-68.249589,-54.793336],[-68.249851,-54.793321],[-68.250266,-54.7933],[-68.250657,-54.793281],[-68.25198,-54.793214],[-68.252693,-54.793178],[-68.253039,-54.793163],[-68.254123,-54.793121],[-68.254495,-54.793118],[-68.254572,-54.793118],[-68.255327,-54.79312],[-68.255636,-54.793123],[-68.257869,-54.793145],[-68.258928,-54.793159],[-68.259141,-54.793178],[-68.259328,-54.793201],[-68.259515,-54.79324],[-68.259897,-54.793332],[-68.260242,-54.793437],[-68.26086,-54.793667],[-68.261157,-54.793699],[-68.261631,-54.793822],[-68.261938,-54.793894],[-68.262282,-54.793973],[-68.263574,-54.794237],[-68.26497,-54.79451],[-68.265481,-54.7946],[-68.265793,-54.794674],[-68.266042,-54.794753],[-68.266276,-54.794849],[-68.266441,-54.794933],[-68.266604,-54.795046],[-68.266746,-54.795182],[-68.266864,-54.795332],[-68.266983,-54.795522],[-68.267371,-54.79623],[-68.267451,-54.796375],[-68.267538,-54.796534],[-68.267641,-54.796683],[-68.267781,-54.796856],[-68.267941,-54.797006],[-68.268119,-54.797127],[-68.26829,-54.79721],[-68.268502,-54.797276],[-68.268721,-54.797318],[-68.268969,-54.797343],[-68.269216,-54.797338],[-68.269469,-54.797326],[-68.270808,-54.797192],[-68.271196,-54.797152],[-68.27208,-54.797059],[-68.273152,-54.796947],[-68.273588,-54.796914],[-68.273953,-54.796906],[-68.274267,-54.796915],[-68.274616,-54.796936],[-68.274964,-54.796976],[-68.275305,-54.797032],[-68.275656,-54.7971],[-68.275951,-54.797172],[-68.276271,-54.797252],[-68.27659,-54.797342],[-68.278634,-54.79799],[-68.279498,-54.798271],[-68.279505,-54.798273],[-68.28012,-54.798472],[-68.280423,-54.798592],[-68.280643,-54.7987],[-68.280813,-54.79881],[-68.281006,-54.798948],[-68.2812,-54.799094],[-68.281608,-54.799415],[-68.28257,-54.800135],[-68.282802,-54.800291],[-68.283034,-54.800428],[-68.283162,-54.800501],[-68.283304,-54.800582],[-68.284113,-54.801007],[-68.284324,-54.801121],[-68.284411,-54.801169],[-68.28449,-54.801218],[-68.284562,-54.801273],[-68.284623,-54.801341],[-68.284686,-54.801425],[-68.284789,-54.801531],[-68.284864,-54.801627],[-68.284919,-54.801731],[-68.285088,-54.802112],[-68.285153,-54.802232],[-68.28525,-54.802349],[-68.285383,-54.802473],[-68.28556,-54.802588],[-68.285779,-54.802693],[-68.287041,-54.803316],[-68.287328,-54.803443],[-68.28763,-54.803557],[-68.28796,-54.80366],[-68.28834,-54.803759],[-68.289618,-54.804053],[-68.290286,-54.804208],[-68.290632,-54.804286],[-68.290951,-54.804355],[-68.29129,-54.804419],[-68.291432,-54.804443],[-68.291658,-54.804481],[-68.292011,-54.804537],[-68.292461,-54.804595],[-68.294469,-54.804883],[-68.294856,-54.804934],[-68.295218,-54.804988],[-68.295556,-54.805047],[-68.295786,-54.805091],[-68.295946,-54.805121],[-68.296221,-54.805178],[-68.296354,-54.805206],[-68.296882,-54.805331],[-68.297089,-54.80538],[-68.297551,-54.805498],[-68.297718,-54.805541],[-68.297781,-54.805458],[-68.298321,-54.80475],[-68.298438,-54.804604],[-68.298944,-54.803971],[-68.299299,-54.803491],[-68.299397,-54.803358],[-68.299506,-54.803212],[-68.299969,-54.802558],[-68.300012,-54.8025],[-68.300053,-54.802439],[-68.300044,-54.802431],[-68.300039,-54.802422],[-68.30004,-54.802413],[-68.300045,-54.802404],[-68.300054,-54.802397],[-68.300065,-54.802392],[-68.300078,-54.802389],[-68.300092,-54.802388],[-68.300106,-54.802389],[-68.30011,-54.802389],[-68.300113,-54.80239],[-68.300118,-54.802391],[-68.300122,-54.802393],[-68.300127,-54.802396],[-68.300216,-54.802367],[-68.300316,-54.802342],[-68.301606,-54.802044],[-68.301793,-54.801958],[-68.301852,-54.801936],[-68.301916,-54.801914],[-68.301811,-54.801925],[-68.301717,-54.801939]],"type":"LineString"}}]}