{"type":"FeatureCollection","features":[{"type":"Feature","properties":{"name":"Ruta de los Siete Lagos","nameEs":"Ruta de los Siete Lagos","description":"Живописная дорога между San Martín de los Andes и Bariloche","routeKey":"scenic_siete_lagos","route":"scenic","source":"OSRM / OpenStreetMap road graph"},"geometry":{"coordinates":[[-71.353211,-40.156627],[-71.353227,-40.156632],[-71.353287,-40.156531],[-71.353956,-40.156759],[-71.35411,-40.156811],[-71.354731,-40.157022],[-71.355389,-40.157246],[-71.355961,-40.15744],[-71.356355,-40.157574],[-71.356715,-40.157697],[-71.356512,-40.158068],[-71.356198,-40.158645],[-71.355807,-40.159362],[-71.35563,-40.159686],[-71.355456,-40.160006],[-71.355089,-40.160679],[-71.354547,-40.161672],[-71.355844,-40.162105],[-71.356858,-40.162429],[-71.357071,-40.162499],[-71.356822,-40.162772],[-71.356773,-40.16284],[-71.35672,-40.162914],[-71.356666,-40.162994],[-71.356619,-40.163068],[-71.356576,-40.163145],[-71.356545,-40.163219],[-71.356515,-40.163294],[-71.356489,-40.16337],[-71.356468,-40.163447],[-71.356452,-40.163529],[-71.356441,-40.163608],[-71.356434,-40.163683],[-71.35643,-40.163761],[-71.356432,-40.163837],[-71.356438,-40.163915],[-71.356451,-40.163993],[-71.356468,-40.164073],[-71.356678,-40.16494],[-71.35684,-40.165612],[-71.35692,-40.165881],[-71.35698,-40.166069],[-71.357128,-40.166356],[-71.357259,-40.166706],[-71.357367,-40.167031],[-71.357473,-40.167572],[-71.357562,-40.167876],[-71.357667,-40.1681],[-71.357864,-40.168385],[-71.358321,-40.169104],[-71.359009,-40.170108],[-71.35923,-40.170541],[-71.359444,-40.170743],[-71.360001,-40.171162],[-71.360382,-40.171528],[-71.360571,-40.171746],[-71.360688,-40.171926],[-71.360885,-40.172377],[-71.361072,-40.172715],[-71.361336,-40.173059],[-71.361596,-40.173331],[-71.361926,-40.173607],[-71.362263,-40.173828],[-71.362659,-40.174028],[-71.363322,-40.174282],[-71.36406,-40.174534],[-71.364754,-40.174802],[-71.365437,-40.175101],[-71.366033,-40.175321],[-71.366551,-40.175566],[-71.366842,-40.175687],[-71.36726,-40.175825],[-71.367532,-40.175939],[-71.36804,-40.176156],[-71.368305,-40.176238],[-71.368623,-40.176283],[-71.36932,-40.176315],[-71.370018,-40.176426],[-71.371153,-40.176661],[-71.371539,-40.176787],[-71.372207,-40.177074],[-71.373626,-40.177513],[-71.374179,-40.177618],[-71.374542,-40.177612],[-71.374954,-40.177564],[-71.375381,-40.177474],[-71.375869,-40.177324],[-71.376723,-40.177054],[-71.377256,-40.176911],[-71.377854,-40.176781],[-71.378579,-40.176684],[-71.379059,-40.176651],[-71.379464,-40.176656],[-71.379816,-40.176673],[-71.3805,-40.176843],[-71.380786,-40.17687],[-71.381043,-40.176865],[-71.381532,-40.176797],[-71.382097,-40.176777],[-71.382439,-40.176805],[-71.383529,-40.17698],[-71.384956,-40.177098],[-71.385547,-40.17711],[-71.385886,-40.177085],[-71.386212,-40.177042],[-71.386753,-40.176908],[-71.387386,-40.17671],[-71.388117,-40.176459],[-71.388511,-40.176258],[-71.388736,-40.176134],[-71.388994,-40.176034],[-71.389605,-40.175892],[-71.389986,-40.175799],[-71.390276,-40.175709],[-71.390679,-40.175489],[-71.391126,-40.175181],[-71.391331,-40.175042],[-71.39166,-40.1749],[-71.392198,-40.174749],[-71.392914,-40.174608],[-71.393312,-40.174561],[-71.393602,-40.174538],[-71.393856,-40.174547],[-71.394087,-40.174573],[-71.394293,-40.174629],[-71.394452,-40.174692],[-71.394554,-40.174742],[-71.394737,-40.174855],[-71.394892,-40.175002],[-71.395207,-40.175422],[-71.395282,-40.175532],[-71.395367,-40.175659],[-71.395798,-40.176365],[-71.395861,-40.176677],[-71.39586,-40.177036],[-71.395671,-40.178015],[-71.395651,-40.178398],[-71.395689,-40.178986],[-71.395684,-40.179235],[-71.395601,-40.179488],[-71.395423,-40.17979],[-71.39529,-40.18007],[-71.39526,-40.180309],[-71.395349,-40.180933],[-71.395309,-40.181253],[-71.395217,-40.181453],[-71.395026,-40.181624],[-71.394808,-40.181739],[-71.39459,-40.18181],[-71.39416,-40.181859],[-71.39373,-40.181865],[-71.393366,-40.181816],[-71.392964,-40.181728],[-71.392274,-40.181462],[-71.391985,-40.181357],[-71.391692,-40.181302],[-71.391418,-40.181311],[-71.389028,-40.181624],[-71.387863,-40.18176],[-71.386249,-40.181953],[-71.385742,-40.182013],[-71.385311,-40.182107],[-71.384966,-40.182236],[-71.384692,-40.182371],[-71.384435,-40.182566],[-71.384171,-40.182816],[-71.383969,-40.1831],[-71.383871,-40.183369],[-71.383764,-40.183847],[-71.383628,-40.184654],[-71.383466,-40.185312],[-71.383297,-40.1858],[-71.383067,-40.186396],[-71.382986,-40.186718],[-71.382857,-40.187263],[-71.38279,-40.187478],[-71.382694,-40.187718],[-71.382581,-40.187933],[-71.382401,-40.188154],[-71.382197,-40.188366],[-71.381916,-40.188566],[-71.380728,-40.189406],[-71.37973,-40.190025],[-71.379247,-40.190328],[-71.378786,-40.190655],[-71.378139,-40.191141],[-71.377439,-40.19157],[-71.375065,-40.192688],[-71.374786,-40.192852],[-71.374567,-40.193027],[-71.374392,-40.193194],[-71.374258,-40.1934],[-71.374161,-40.19359],[-71.374121,-40.193797],[-71.374107,-40.194004],[-71.374152,-40.195468],[-71.374097,-40.195694],[-71.373988,-40.195913],[-71.373875,-40.196091],[-71.373719,-40.196219],[-71.373124,-40.196535],[-71.372837,-40.196718],[-71.37267,-40.196858],[-71.372577,-40.196983],[-71.371752,-40.198328],[-71.371403,-40.198832],[-71.371161,-40.199082],[-71.370923,-40.199227],[-71.370329,-40.199479],[-71.370153,-40.199566],[-71.37001,-40.19966],[-71.369892,-40.199789],[-71.369507,-40.200253],[-71.369262,-40.200456],[-71.36908,-40.200569],[-71.368845,-40.200687],[-71.368676,-40.200791],[-71.367836,-40.20145],[-71.367655,-40.20159],[-71.367474,-40.201673],[-71.367256,-40.201699],[-71.367071,-40.201683],[-71.366843,-40.20165],[-71.366659,-40.201583],[-71.366305,-40.201298],[-71.365792,-40.200748],[-71.365632,-40.200542],[-71.36557,-40.200343],[-71.365537,-40.200087],[-71.365554,-40.199793],[-71.365609,-40.199429],[-71.365643,-40.1992],[-71.36563,-40.198988],[-71.365585,-40.198775],[-71.365456,-40.198521],[-71.365408,-40.198426],[-71.365257,-40.198263],[-71.365064,-40.198109],[-71.36266,-40.196816],[-71.362347,-40.196614],[-71.362148,-40.196432],[-71.362001,-40.196258],[-71.361311,-40.195424],[-71.361143,-40.19526],[-71.360927,-40.195095],[-71.360613,-40.194914],[-71.360289,-40.194789],[-71.359586,-40.194602],[-71.358841,-40.194439],[-71.358539,-40.194372],[-71.3582,-40.194343],[-71.3579,-40.19436],[-71.357632,-40.194411],[-71.357375,-40.194503],[-71.357148,-40.194636],[-71.357095,-40.194667],[-71.356937,-40.19483],[-71.356803,-40.195002],[-71.356718,-40.195183],[-71.356688,-40.195462],[-71.356697,-40.195649],[-71.356739,-40.195811],[-71.356968,-40.196122],[-71.357365,-40.196367],[-71.35818,-40.196675],[-71.358693,-40.196925],[-71.358991,-40.197127],[-71.359257,-40.197362],[-71.360106,-40.198337],[-71.360193,-40.198579],[-71.360216,-40.198746],[-71.360185,-40.198969],[-71.360112,-40.199126],[-71.359701,-40.199642],[-71.359561,-40.199863],[-71.359464,-40.200083],[-71.359309,-40.200751],[-71.359147,-40.201115],[-71.358988,-40.20133],[-71.358798,-40.201475],[-71.358543,-40.201621],[-71.35804,-40.201829],[-71.356459,-40.202268],[-71.356182,-40.202386],[-71.355884,-40.202544],[-71.355501,-40.202849],[-71.35533,-40.203051],[-71.355201,-40.203261],[-71.355093,-40.203517],[-71.355048,-40.203781],[-71.355039,-40.204057],[-71.355048,-40.204287],[-71.35511,-40.204517],[-71.355283,-40.204819],[-71.35551,-40.205079],[-71.355895,-40.205401],[-71.356756,-40.205902],[-71.357083,-40.206156],[-71.357246,-40.206381],[-71.357329,-40.206627],[-71.357359,-40.206828],[-71.357353,-40.206995],[-71.357336,-40.207589],[-71.357313,-40.208211],[-71.357395,-40.209057],[-71.357457,-40.209335],[-71.357551,-40.209596],[-71.357748,-40.209927],[-71.358033,-40.210228],[-71.358361,-40.210451],[-71.358936,-40.210691],[-71.35969,-40.210972],[-71.359957,-40.211129],[-71.360149,-40.211271],[-71.360298,-40.211446],[-71.361297,-40.213039],[-71.361555,-40.213526],[-71.361732,-40.21386],[-71.361937,-40.214251],[-71.362123,-40.214546],[-71.362275,-40.214697],[-71.36248,-40.214848],[-71.362905,-40.215038],[-71.364289,-40.215419],[-71.364413,-40.215481],[-71.36453,-40.215554],[-71.364671,-40.215652],[-71.364785,-40.215749],[-71.364866,-40.215842],[-71.364947,-40.215961],[-71.365018,-40.216099],[-71.365068,-40.216224],[-71.365099,-40.216369],[-71.365105,-40.216499],[-71.365085,-40.216634],[-71.365056,-40.216766],[-71.365024,-40.21686],[-71.364988,-40.21693],[-71.364927,-40.217029],[-71.364856,-40.217117],[-71.364796,-40.217186],[-71.364709,-40.217271],[-71.364603,-40.217359],[-71.364357,-40.217564],[-71.363991,-40.217858],[-71.363865,-40.217988],[-71.363778,-40.218099],[-71.363721,-40.218192],[-71.363665,-40.218308],[-71.363615,-40.218474],[-71.363591,-40.218621],[-71.363588,-40.218754],[-71.363604,-40.21891],[-71.363638,-40.219088],[-71.363701,-40.219346],[-71.363736,-40.219465],[-71.363785,-40.219585],[-71.3638,-40.219624],[-71.363879,-40.219768],[-71.363967,-40.219873],[-71.36411,-40.219983],[-71.364284,-40.220109],[-71.364963,-40.220391],[-71.36518,-40.220509],[-71.365678,-40.220874],[-71.36695,-40.22177],[-71.367923,-40.222362],[-71.36821,-40.222552],[-71.368443,-40.222814],[-71.368587,-40.223139],[-71.368885,-40.223887],[-71.369042,-40.224231],[-71.369248,-40.224549],[-71.369519,-40.224815],[-71.3698,-40.225006],[-71.370178,-40.225232],[-71.371297,-40.225819],[-71.371562,-40.225988],[-71.371752,-40.226157],[-71.371998,-40.226536],[-71.372162,-40.2269],[-71.372251,-40.227195],[-71.372335,-40.227622],[-71.372318,-40.227824],[-71.372259,-40.228018],[-71.371097,-40.230313],[-71.370693,-40.231106],[-71.370429,-40.231663],[-71.370363,-40.231889],[-71.37032,-40.232111],[-71.370326,-40.232396],[-71.370363,-40.232681],[-71.370429,-40.232921],[-71.370518,-40.23313],[-71.370655,-40.233359],[-71.370943,-40.23375],[-71.372323,-40.235387],[-71.372535,-40.235666],[-71.37264,-40.235905],[-71.372678,-40.236092],[-71.372692,-40.23628],[-71.372658,-40.236926],[-71.372594,-40.237517],[-71.372403,-40.239028],[-71.372197,-40.240819],[-71.372195,-40.241052],[-71.372242,-40.241308],[-71.372342,-40.241653],[-71.372449,-40.241909],[-71.372548,-40.242157],[-71.372579,-40.242232],[-71.372694,-40.242519],[-71.37282,-40.242808],[-71.372988,-40.243115],[-71.373169,-40.243388],[-71.373411,-40.243671],[-71.374396,-40.244583],[-71.374603,-40.244802],[-71.374835,-40.245086],[-71.376182,-40.247094],[-71.377184,-40.248667],[-71.377383,-40.248986],[-71.378247,-40.25037],[-71.378388,-40.250586],[-71.379105,-40.25168],[-71.379382,-40.252108],[-71.379629,-40.252408],[-71.380316,-40.253059],[-71.382541,-40.255072],[-71.383063,-40.255593],[-71.383324,-40.255865],[-71.383526,-40.25618],[-71.383742,-40.256594],[-71.383935,-40.25706],[-71.384447,-40.259009],[-71.385199,-40.261894],[-71.385719,-40.264129],[-71.386079,-40.265443],[-71.386263,-40.265952],[-71.386529,-40.266495],[-71.387016,-40.267301],[-71.387589,-40.268079],[-71.388252,-40.269026],[-71.388441,-40.269309],[-71.388521,-40.2695],[-71.388551,-40.269691],[-71.388633,-40.270591],[-71.388653,-40.271183],[-71.38866,-40.271401],[-71.388777,-40.273122],[-71.388968,-40.275929],[-71.388974,-40.276036],[-71.389165,-40.278518],[-71.389176,-40.278691],[-71.389292,-40.280488],[-71.38939,-40.282028],[-71.38953,-40.284191],[-71.389532,-40.284493],[-71.389509,-40.284725],[-71.389472,-40.284964],[-71.389366,-40.28532],[-71.389139,-40.285966],[-71.389073,-40.286258],[-71.389055,-40.286415],[-71.389068,-40.286567],[-71.389314,-40.287578],[-71.389316,-40.287751],[-71.389295,-40.287907],[-71.389171,-40.288134],[-71.389044,-40.288284],[-71.388851,-40.288417],[-71.387947,-40.288878],[-71.386302,-40.289696],[-71.385625,-40.290069],[-71.385452,-40.290202],[-71.385279,-40.290367],[-71.385154,-40.29054],[-71.385056,-40.290711],[-71.384997,-40.290877],[-71.384851,-40.29127],[-71.384656,-40.291785],[-71.384522,-40.292203],[-71.384209,-40.293089],[-71.384167,-40.293279],[-71.384162,-40.29348],[-71.38418,-40.293679],[-71.384207,-40.293806],[-71.384291,-40.294178],[-71.384475,-40.295007],[-71.384566,-40.295313],[-71.384693,-40.295691],[-71.384887,-40.296117],[-71.385111,-40.296543],[-71.385565,-40.297398],[-71.385685,-40.297582],[-71.385835,-40.297785],[-71.386115,-40.298032],[-71.386407,-40.298223],[-71.386761,-40.298403],[-71.387524,-40.298771],[-71.387882,-40.298995],[-71.388151,-40.299232],[-71.388288,-40.299466],[-71.388351,-40.299696],[-71.388364,-40.299957],[-71.388292,-40.300217],[-71.388197,-40.300442],[-71.387834,-40.301144],[-71.387658,-40.3015],[-71.387545,-40.301703],[-71.387462,-40.301825],[-71.387308,-40.302013],[-71.387143,-40.302145],[-71.385874,-40.303169],[-71.385678,-40.303349],[-71.385547,-40.303521],[-71.385444,-40.303707],[-71.385373,-40.303935],[-71.385223,-40.304842],[-71.385147,-40.305107],[-71.3851,-40.305283],[-71.385022,-40.305461],[-71.384891,-40.305687],[-71.384739,-40.305899],[-71.3846,-40.306058],[-71.384292,-40.306339],[-71.384006,-40.306631],[-71.383888,-40.306771],[-71.383738,-40.307048],[-71.383046,-40.308316],[-71.382954,-40.308484],[-71.382401,-40.309569],[-71.382327,-40.30971],[-71.382221,-40.309962],[-71.38204,-40.310394],[-71.381922,-40.310724],[-71.38189,-40.310896],[-71.381889,-40.311065],[-71.381903,-40.311263],[-71.381935,-40.311483],[-71.381995,-40.312013],[-71.382006,-40.312123],[-71.381978,-40.312242],[-71.381891,-40.312412],[-71.381578,-40.312865],[-71.381479,-40.313052],[-71.381399,-40.313245],[-71.381316,-40.31344],[-71.381241,-40.313741],[-71.381218,-40.313834],[-71.381137,-40.314252],[-71.381126,-40.314319],[-71.381077,-40.314626],[-71.381063,-40.314776],[-71.381062,-40.314959],[-71.381106,-40.315218],[-71.381116,-40.315249],[-71.381198,-40.315489],[-71.381308,-40.31571],[-71.381445,-40.315927],[-71.381657,-40.316241],[-71.381903,-40.316607],[-71.382605,-40.317701],[-71.382765,-40.31794],[-71.383243,-40.318665],[-71.383613,-40.319284],[-71.383753,-40.319638],[-71.383846,-40.319972],[-71.38395,-40.320495],[-71.383977,-40.320764],[-71.383974,-40.321069],[-71.383891,-40.323307],[-71.38387,-40.323754],[-71.383886,-40.324215],[-71.383967,-40.324548],[-71.384079,-40.324814],[-71.384286,-40.325188],[-71.384517,-40.325542],[-71.38482,-40.325828],[-71.385187,-40.326079],[-71.385471,-40.32621],[-71.385785,-40.326331],[-71.386435,-40.3265],[-71.386759,-40.32656],[-71.387131,-40.326596],[-71.387456,-40.326613],[-71.387819,-40.326615],[-71.388264,-40.326586],[-71.388801,-40.326507],[-71.390181,-40.326188],[-71.391612,-40.325894],[-71.392021,-40.325877],[-71.392367,-40.325906],[-71.392585,-40.325946],[-71.392793,-40.326015],[-71.393121,-40.326153],[-71.393392,-40.326344],[-71.393944,-40.326822],[-71.39465,-40.327517],[-71.395031,-40.327832],[-71.39541,-40.328096],[-71.395774,-40.328273],[-71.396192,-40.328419],[-71.39808,-40.328881],[-71.399608,-40.329225],[-71.399964,-40.329296],[-71.400782,-40.329385],[-71.407747,-40.329742],[-71.408343,-40.329781],[-71.408761,-40.329819],[-71.409039,-40.329844],[-71.409565,-40.329918],[-71.411059,-40.330182],[-71.414925,-40.33086],[-71.415263,-40.330937],[-71.415586,-40.331058],[-71.415892,-40.331228],[-71.41606,-40.331363],[-71.416229,-40.33153],[-71.416476,-40.331861],[-71.416642,-40.33211],[-71.416846,-40.332303],[-71.417219,-40.332552],[-71.417285,-40.332584],[-71.417647,-40.332776],[-71.417852,-40.332935],[-71.417975,-40.333078],[-71.418009,-40.333118],[-71.418085,-40.333287],[-71.418265,-40.333828],[-71.418628,-40.334778],[-71.41874,-40.335043],[-71.4189,-40.335321],[-71.419116,-40.335623],[-71.419401,-40.335999],[-71.420397,-40.337008],[-71.421219,-40.337888],[-71.422098,-40.338844],[-71.423127,-40.339885],[-71.423715,-40.340344],[-71.423963,-40.340532],[-71.424243,-40.340718],[-71.424515,-40.340878],[-71.424802,-40.341047],[-71.425191,-40.341232],[-71.425718,-40.341498],[-71.426233,-40.341703],[-71.426645,-40.341834],[-71.427046,-40.341942],[-71.427364,-40.342017],[-71.428205,-40.342188],[-71.429109,-40.34234],[-71.431212,-40.342725],[-71.432866,-40.343009],[-71.436721,-40.343685],[-71.439042,-40.34412],[-71.439594,-40.344263],[-71.440132,-40.344444],[-71.440494,-40.344588],[-71.440877,-40.344759],[-71.441584,-40.345116],[-71.441891,-40.345309],[-71.442192,-40.345511],[-71.442456,-40.345708],[-71.442732,-40.345943],[-71.443394,-40.346577],[-71.445581,-40.349117],[-71.446172,-40.349893],[-71.446477,-40.350408],[-71.446616,-40.350722],[-71.446723,-40.351035],[-71.448616,-40.357876],[-71.448646,-40.357974],[-71.44903,-40.359268],[-71.449769,-40.362007],[-71.449983,-40.362483],[-71.450227,-40.362966],[-71.450413,-40.363229],[-71.450624,-40.363499],[-71.450999,-40.363927],[-71.452984,-40.365844],[-71.454994,-40.367792],[-71.455126,-40.367934],[-71.456585,-40.369339],[-71.45709,-40.369834],[-71.457344,-40.370083],[-71.457665,-40.370423],[-71.457957,-40.370767],[-71.458076,-40.370926],[-71.458248,-40.371229],[-71.458362,-40.371474],[-71.458441,-40.371701],[-71.458547,-40.372117],[-71.458568,-40.372398],[-71.458578,-40.372655],[-71.458579,-40.372702],[-71.458556,-40.372864],[-71.458463,-40.373515],[-71.458325,-40.37446],[-71.458164,-40.375799],[-71.458159,-40.375924],[-71.458155,-40.376034],[-71.458192,-40.376366],[-71.458258,-40.376587],[-71.458341,-40.376717],[-71.461462,-40.381651],[-71.464005,-40.385641],[-71.466301,-40.389244],[-71.466529,-40.38952],[-71.466687,-40.389673],[-71.466814,-40.389767],[-71.466996,-40.389871],[-71.467216,-40.389976],[-71.468128,-40.390372],[-71.470093,-40.391181],[-71.470343,-40.391307],[-71.470528,-40.391433],[-71.470731,-40.391665],[-71.470877,-40.391898],[-71.471891,-40.394647],[-71.47204,-40.394926],[-71.472234,-40.395142],[-71.472453,-40.395316],[-71.475026,-40.39686],[-71.476926,-40.398017],[-71.477423,-40.398273],[-71.477676,-40.39838],[-71.477957,-40.398488],[-71.47832,-40.398593],[-71.478641,-40.398664],[-71.479023,-40.398731],[-71.479286,-40.398759],[-71.479593,-40.398783],[-71.481139,-40.398735],[-71.481425,-40.39873],[-71.48203,-40.398759],[-71.48296,-40.398839],[-71.483265,-40.398868],[-71.484165,-40.398942],[-71.484812,-40.399016],[-71.485434,-40.399158],[-71.485638,-40.399234],[-71.485853,-40.39934],[-71.486095,-40.399458],[-71.486175,-40.399504],[-71.48638,-40.399622],[-71.486636,-40.399796],[-71.486827,-40.399969],[-71.487004,-40.400184],[-71.490366,-40.405361],[-71.49055,-40.405581],[-71.49078,-40.405795],[-71.491171,-40.406111],[-71.493327,-40.407679],[-71.495099,-40.408971],[-71.495366,-40.409206],[-71.495523,-40.409377],[-71.495643,-40.409533],[-71.496665,-40.411215],[-71.496787,-40.41137],[-71.496929,-40.411544],[-71.497047,-40.411664],[-71.497193,-40.411784],[-71.497378,-40.411917],[-71.497592,-40.41205],[-71.500218,-40.413738],[-71.502542,-40.415219],[-71.502797,-40.415403],[-71.503001,-40.415575],[-71.503167,-40.415733],[-71.503382,-40.415974],[-71.503596,-40.416271],[-71.506092,-40.420328],[-71.507538,-40.42272],[-71.507849,-40.423222],[-71.507988,-40.423406],[-71.50815,-40.423583],[-71.508441,-40.423872],[-71.509577,-40.424943],[-71.511133,-40.426295],[-71.512231,-40.427232],[-71.512519,-40.427516],[-71.51306,-40.427994],[-71.513349,-40.428194],[-71.513544,-40.428313],[-71.513785,-40.428415],[-71.513785,-40.428415],[-71.514028,-40.428485],[-71.514386,-40.428554],[-71.514892,-40.428618],[-71.515204,-40.428627],[-71.515663,-40.42858],[-71.518256,-40.428271],[-71.518672,-40.428271],[-71.519083,-40.428308],[-71.51947,-40.428407],[-71.519913,-40.428608],[-71.521447,-40.429492],[-71.521888,-40.429782],[-71.522183,-40.429977],[-71.522483,-40.430096],[-71.522841,-40.430201],[-71.52314,-40.430255],[-71.524695,-40.430371],[-71.525218,-40.430434],[-71.526441,-40.43063],[-71.527024,-40.430695],[-71.527253,-40.430715],[-71.527851,-40.430772],[-71.527978,-40.430793],[-71.528089,-40.430812],[-71.528398,-40.430888],[-71.528604,-40.43097],[-71.528974,-40.431175],[-71.529698,-40.431617],[-71.529922,-40.431758],[-71.530205,-40.43194],[-71.530391,-40.432102],[-71.53052,-40.432248],[-71.530606,-40.432399],[-71.530656,-40.432556],[-71.530685,-40.432662],[-71.530688,-40.43283],[-71.530639,-40.433043],[-71.530431,-40.433488],[-71.530302,-40.433774],[-71.530202,-40.433933],[-71.529931,-40.434239],[-71.529586,-40.434587],[-71.529483,-40.434745],[-71.529436,-40.434882],[-71.529413,-40.435017],[-71.529412,-40.435109],[-71.529439,-40.435201],[-71.529499,-40.435308],[-71.529573,-40.435407],[-71.529802,-40.435575],[-71.529955,-40.435644],[-71.530184,-40.435726],[-71.530793,-40.435878],[-71.53104,-40.435952],[-71.531275,-40.436052],[-71.531476,-40.436162],[-71.532107,-40.436675],[-71.532797,-40.437275],[-71.533055,-40.437517],[-71.53402,-40.438643],[-71.534358,-40.438941],[-71.534623,-40.439154],[-71.534927,-40.439337],[-71.535096,-40.439414],[-71.535195,-40.439458],[-71.53527,-40.439491],[-71.536224,-40.439844],[-71.536425,-40.439908],[-71.537257,-40.440212],[-71.537571,-40.440327],[-71.537795,-40.440462],[-71.537944,-40.440611],[-71.539038,-40.442098],[-71.539671,-40.442959],[-71.540368,-40.443797],[-71.540672,-40.444138],[-71.542235,-40.445734],[-71.542586,-40.446082],[-71.542854,-40.446385],[-71.54308,-40.446613],[-71.543287,-40.446777],[-71.543467,-40.44691],[-71.543789,-40.447086],[-71.54467,-40.447472],[-71.546164,-40.448065],[-71.548924,-40.449161],[-71.551803,-40.450312],[-71.553721,-40.451006],[-71.55418,-40.451139],[-71.554588,-40.451189],[-71.554995,-40.45119],[-71.555702,-40.45113],[-71.556262,-40.451066],[-71.556551,-40.451059],[-71.556825,-40.451087],[-71.557163,-40.451186],[-71.558327,-40.451594],[-71.55863,-40.451645],[-71.558984,-40.451671],[-71.559333,-40.451681],[-71.561022,-40.451721],[-71.56126,-40.451727],[-71.561451,-40.451755],[-71.56174,-40.451832],[-71.561959,-40.451932],[-71.562568,-40.45225],[-71.56308,-40.452476],[-71.563301,-40.452548],[-71.563498,-40.45257],[-71.563811,-40.452581],[-71.564371,-40.452549],[-71.564926,-40.452527],[-71.565175,-40.452526],[-71.565461,-40.452553],[-71.565931,-40.452639],[-71.566727,-40.452803],[-71.567452,-40.452974],[-71.567797,-40.45299],[-71.568095,-40.452953],[-71.568407,-40.452866],[-71.568754,-40.452754],[-71.569961,-40.452167],[-71.570395,-40.452055],[-71.570684,-40.452012],[-71.57102,-40.451984],[-71.572211,-40.451987],[-71.572581,-40.451982],[-71.572939,-40.451938],[-71.573302,-40.451924],[-71.573554,-40.45195],[-71.573684,-40.45198],[-71.573938,-40.452076],[-71.574227,-40.452199],[-71.574682,-40.452371],[-71.574994,-40.452485],[-71.575271,-40.452555],[-71.575507,-40.452585],[-71.575639,-40.452627],[-71.575736,-40.452691],[-71.575804,-40.452813],[-71.575837,-40.452986],[-71.575841,-40.453194],[-71.575837,-40.453386],[-71.575859,-40.453614],[-71.575909,-40.453799],[-71.576113,-40.454271],[-71.576402,-40.454899],[-71.576565,-40.455333],[-71.576588,-40.45549],[-71.576571,-40.455579],[-71.576502,-40.455679],[-71.576403,-40.455806],[-71.576252,-40.456011],[-71.576235,-40.456168],[-71.576273,-40.456333],[-71.576377,-40.456527],[-71.576593,-40.456781],[-71.576706,-40.456914],[-71.576865,-40.457078],[-71.577016,-40.457255],[-71.577184,-40.457529],[-71.577371,-40.45779],[-71.577583,-40.458043],[-71.57787,-40.458377],[-71.578072,-40.458569],[-71.578262,-40.458684],[-71.578428,-40.458818],[-71.578585,-40.458974],[-71.578753,-40.459245],[-71.578892,-40.459535],[-71.579028,-40.459814],[-71.579203,-40.460012],[-71.579588,-40.460338],[-71.579815,-40.460565],[-71.580118,-40.460882],[-71.580288,-40.461073],[-71.580483,-40.461174],[-71.58078,-40.461263],[-71.581149,-40.461394],[-71.581309,-40.461468],[-71.581448,-40.461582],[-71.582156,-40.462379],[-71.583089,-40.463191],[-71.583565,-40.463711],[-71.584324,-40.46475],[-71.584505,-40.46504],[-71.584633,-40.465347],[-71.584707,-40.465655],[-71.584749,-40.465914],[-71.584769,-40.466873],[-71.584747,-40.46708],[-71.584641,-40.467549],[-71.584643,-40.467756],[-71.58478,-40.468425],[-71.584789,-40.468685],[-71.584735,-40.469398],[-71.584679,-40.469983],[-71.5846,-40.470347],[-71.584506,-40.470668],[-71.584147,-40.471719],[-71.583506,-40.473436],[-71.583319,-40.473869],[-71.583104,-40.474244],[-71.582849,-40.474624],[-71.58253,-40.474987],[-71.58231,-40.475297],[-71.582203,-40.475587],[-71.582122,-40.47608],[-71.582053,-40.476962],[-71.581983,-40.477709],[-71.581933,-40.477938],[-71.581884,-40.478127],[-71.581796,-40.47834],[-71.581666,-40.478586],[-71.581281,-40.479248],[-71.580702,-40.480273],[-71.580577,-40.48061],[-71.580502,-40.480885],[-71.580502,-40.481106],[-71.580518,-40.481323],[-71.580626,-40.48156],[-71.581065,-40.482409],[-71.581827,-40.483551],[-71.582369,-40.483829],[-71.582677,-40.484085],[-71.582948,-40.484286],[-71.583233,-40.484478],[-71.583458,-40.484616],[-71.583634,-40.4847],[-71.583869,-40.484698],[-71.584091,-40.484694],[-71.584214,-40.484604],[-71.584316,-40.484465],[-71.5844,-40.484331],[-71.584411,-40.484167],[-71.584198,-40.48374],[-71.584155,-40.48355],[-71.584155,-40.483384],[-71.584252,-40.483216],[-71.584438,-40.48311],[-71.58468,-40.483045],[-71.584922,-40.483082],[-71.585105,-40.483188],[-71.585303,-40.483384],[-71.585605,-40.483617],[-71.585979,-40.483837],[-71.586258,-40.484013],[-71.586485,-40.484213],[-71.586698,-40.484482],[-71.586864,-40.484571],[-71.587105,-40.484619],[-71.587401,-40.484649],[-71.587771,-40.484678],[-71.587966,-40.484723],[-71.588143,-40.484833],[-71.58834,-40.485004],[-71.588533,-40.485135],[-71.588887,-40.485261],[-71.589394,-40.485383],[-71.589798,-40.485415],[-71.590219,-40.485384],[-71.590599,-40.485347],[-71.590898,-40.485367],[-71.59114,-40.485428],[-71.591341,-40.485532],[-71.591446,-40.485653],[-71.591507,-40.485809],[-71.591604,-40.486145],[-71.591762,-40.486505],[-71.592014,-40.486991],[-71.592717,-40.488209],[-71.59298,-40.488656],[-71.593235,-40.488922],[-71.593481,-40.489134],[-71.593773,-40.489297],[-71.594021,-40.489416],[-71.594254,-40.489507],[-71.595102,-40.489775],[-71.595437,-40.489852],[-71.595627,-40.489865],[-71.595956,-40.489861],[-71.596635,-40.489813],[-71.597003,-40.489804],[-71.597893,-40.489783],[-71.598577,-40.489764],[-71.599007,-40.489737],[-71.599409,-40.489663],[-71.599699,-40.489578],[-71.600451,-40.489223],[-71.60075,-40.4891],[-71.601055,-40.489008],[-71.601747,-40.48881],[-71.603282,-40.488328],[-71.603637,-40.488191],[-71.603988,-40.488002],[-71.604305,-40.487813],[-71.605267,-40.487232],[-71.605929,-40.486832],[-71.6077,-40.485768],[-71.609306,-40.484818],[-71.609667,-40.48455],[-71.609795,-40.484412],[-71.609902,-40.484257],[-71.610017,-40.48398],[-71.610335,-40.482896],[-71.610479,-40.48234],[-71.610609,-40.48196],[-71.610717,-40.481752],[-71.610853,-40.481595],[-71.611012,-40.481452],[-71.611302,-40.481258],[-71.612545,-40.480612],[-71.613445,-40.480128],[-71.61377,-40.479942],[-71.614024,-40.479783],[-71.614171,-40.479663],[-71.614665,-40.479161],[-71.615134,-40.478804],[-71.615491,-40.478556],[-71.616005,-40.478265],[-71.617441,-40.477467],[-71.618347,-40.47691],[-71.618874,-40.476688],[-71.619177,-40.476621],[-71.619431,-40.476586],[-71.620001,-40.476587],[-71.620839,-40.476628],[-71.621595,-40.476733],[-71.622139,-40.476782],[-71.623013,-40.476804],[-71.623578,-40.476794],[-71.623836,-40.476786],[-71.624061,-40.476725],[-71.624802,-40.476468],[-71.625214,-40.476343],[-71.625536,-40.47628],[-71.625878,-40.476272],[-71.626545,-40.476284],[-71.627307,-40.47638],[-71.627778,-40.476497],[-71.628101,-40.476623],[-71.628384,-40.476816],[-71.628546,-40.47706],[-71.628824,-40.477617],[-71.629361,-40.478627],[-71.629481,-40.478794],[-71.629955,-40.479271],[-71.630326,-40.479601],[-71.630505,-40.479801],[-71.631035,-40.480691],[-71.631191,-40.480914],[-71.631384,-40.481088],[-71.631818,-40.481434],[-71.632277,-40.48175],[-71.632526,-40.481924],[-71.632612,-40.482034],[-71.632757,-40.482332],[-71.633057,-40.482976],[-71.633519,-40.484003],[-71.633674,-40.484225],[-71.633797,-40.484343],[-71.633948,-40.484461],[-71.634407,-40.484706],[-71.634628,-40.484839],[-71.634795,-40.48498],[-71.635085,-40.485379],[-71.635402,-40.485849],[-71.63619,-40.486665],[-71.636284,-40.486758],[-71.636366,-40.486877],[-71.636526,-40.487277],[-71.636658,-40.487513],[-71.636855,-40.487783],[-71.637676,-40.488627],[-71.637889,-40.488826],[-71.638073,-40.488982],[-71.638315,-40.489145],[-71.638553,-40.489245],[-71.638771,-40.489304],[-71.64022,-40.48968],[-71.640389,-40.48974],[-71.640526,-40.489811],[-71.640696,-40.489941],[-71.640911,-40.490194],[-71.642069,-40.491764],[-71.642607,-40.492472],[-71.642837,-40.492833],[-71.642976,-40.493077],[-71.643073,-40.493296],[-71.643158,-40.493623],[-71.643184,-40.494004],[-71.643204,-40.494409],[-71.643211,-40.494842],[-71.643241,-40.494995],[-71.643314,-40.495165],[-71.643387,-40.495346],[-71.643493,-40.495502],[-71.643724,-40.495766],[-71.644064,-40.496048],[-71.644622,-40.49646],[-71.645177,-40.496897],[-71.645372,-40.497025],[-71.64561,-40.497153],[-71.646298,-40.497435],[-71.647826,-40.498116],[-71.648142,-40.498328],[-71.648319,-40.498506],[-71.648437,-40.498667],[-71.648478,-40.49883],[-71.648476,-40.498977],[-71.648341,-40.49967],[-71.648239,-40.500107],[-71.648218,-40.500334],[-71.648219,-40.500553],[-71.648299,-40.501004],[-71.648927,-40.502701],[-71.64929,-40.503562],[-71.649467,-40.503872],[-71.649653,-40.504292],[-71.649704,-40.504497],[-71.649724,-40.504686],[-71.649703,-40.505093],[-71.649559,-40.506202],[-71.649388,-40.507096],[-71.649268,-40.507519],[-71.649119,-40.507985],[-71.648771,-40.509001],[-71.648747,-40.509168],[-71.648738,-40.509341],[-71.648774,-40.509567],[-71.648915,-40.509965],[-71.649009,-40.510348],[-71.649132,-40.510608],[-71.649483,-40.51105],[-71.649577,-40.511205],[-71.649628,-40.511352],[-71.649687,-40.51158],[-71.649729,-40.512016],[-71.649732,-40.512396],[-71.649735,-40.512963],[-71.649688,-40.513653],[-71.649559,-40.515028],[-71.649303,-40.517308],[-71.649235,-40.517624],[-71.649016,-40.518389],[-71.648555,-40.519569],[-71.648416,-40.519993],[-71.648319,-40.520377],[-71.64828,-40.52078],[-71.648252,-40.521241],[-71.648253,-40.523528],[-71.648274,-40.523875],[-71.648475,-40.525462],[-71.648503,-40.52582],[-71.648498,-40.526162],[-71.648452,-40.527456],[-71.64849,-40.528599],[-71.648512,-40.529179],[-71.648527,-40.529446],[-71.648555,-40.52967],[-71.648941,-40.531293],[-71.649548,-40.533548],[-71.649762,-40.534326],[-71.649891,-40.534836],[-71.649925,-40.535224],[-71.649917,-40.535556],[-71.649538,-40.538025],[-71.649505,-40.538284],[-71.649499,-40.538521],[-71.649564,-40.538941],[-71.649671,-40.539279],[-71.6498,-40.539605],[-71.650952,-40.541706],[-71.651062,-40.541926],[-71.651117,-40.542145],[-71.651135,-40.542386],[-71.651137,-40.542991],[-71.651125,-40.543262],[-71.651,-40.544326],[-71.651007,-40.544501],[-71.651011,-40.544732],[-71.651114,-40.545533],[-71.651111,-40.54579],[-71.651098,-40.546006],[-71.651028,-40.546364],[-71.651018,-40.546564],[-71.651028,-40.546739],[-71.651173,-40.547306],[-71.651313,-40.547909],[-71.651559,-40.549059],[-71.6518,-40.549817],[-71.652068,-40.550586],[-71.652308,-40.551188],[-71.6526,-40.551802],[-71.652796,-40.552198],[-71.653035,-40.552627],[-71.653523,-40.553432],[-71.654393,-40.554788],[-71.654596,-40.555148],[-71.654719,-40.555411],[-71.654756,-40.555625],[-71.654761,-40.555876],[-71.65472,-40.556131],[-71.654241,-40.557761],[-71.654166,-40.558023],[-71.654118,-40.558242],[-71.654107,-40.558515],[-71.65414,-40.558788],[-71.654187,-40.558988],[-71.654263,-40.559199],[-71.654494,-40.559644],[-71.655122,-40.560654],[-71.655189,-40.560838],[-71.655234,-40.561054],[-71.655255,-40.561327],[-71.655227,-40.562518],[-71.655226,-40.562785],[-71.655239,-40.563043],[-71.655312,-40.563342],[-71.655384,-40.563576],[-71.655513,-40.563811],[-71.655674,-40.564021],[-71.656666,-40.565113],[-71.656886,-40.565361],[-71.657042,-40.565659],[-71.657115,-40.565932],[-71.657135,-40.566164],[-71.657106,-40.567207],[-71.657093,-40.567506],[-71.657052,-40.567709],[-71.656956,-40.567965],[-71.65672,-40.568454],[-71.656562,-40.568773],[-71.656509,-40.568933],[-71.656486,-40.569057],[-71.656473,-40.56918],[-71.656483,-40.569393],[-71.656509,-40.569575],[-71.656693,-40.570541],[-71.656724,-40.570842],[-71.656741,-40.571111],[-71.656764,-40.571662],[-71.656835,-40.574902],[-71.656806,-40.575623],[-71.656829,-40.576008],[-71.656944,-40.576396],[-71.657259,-40.577116],[-71.657798,-40.578299],[-71.658157,-40.579098],[-71.658274,-40.579393],[-71.658337,-40.579655],[-71.658358,-40.579967],[-71.658336,-40.580221],[-71.658124,-40.581393],[-71.657948,-40.582037],[-71.657829,-40.582379],[-71.657711,-40.58268],[-71.657356,-40.583359],[-71.65716,-40.583743],[-71.65702,-40.584064],[-71.656933,-40.584308],[-71.656903,-40.584523],[-71.656899,-40.584837],[-71.656966,-40.585936],[-71.656931,-40.58634],[-71.656868,-40.586647],[-71.656453,-40.588168],[-71.656191,-40.588778],[-71.655688,-40.589635],[-71.65522,-40.590349],[-71.655029,-40.590707],[-71.654875,-40.591038],[-71.654595,-40.591788],[-71.654495,-40.592266],[-71.654473,-40.592616],[-71.654593,-40.593687],[-71.654745,-40.59479],[-71.654763,-40.595012],[-71.654762,-40.595191],[-71.654703,-40.595399],[-71.653927,-40.596528],[-71.653451,-40.597162],[-71.653237,-40.597349],[-71.652975,-40.597525],[-71.652195,-40.597793],[-71.651477,-40.598028],[-71.651195,-40.598073],[-71.650909,-40.598044],[-71.650587,-40.597947],[-71.649529,-40.597344],[-71.649198,-40.597226],[-71.648868,-40.59718],[-71.648465,-40.597176],[-71.648174,-40.597227],[-71.647967,-40.597321],[-71.64778,-40.597472],[-71.647601,-40.597668],[-71.647353,-40.598022],[-71.646998,-40.598642],[-71.646198,-40.599976],[-71.646085,-40.600311],[-71.645996,-40.600709],[-71.645964,-40.601008],[-71.645916,-40.602263],[-71.645954,-40.603842],[-71.645904,-40.604065],[-71.645816,-40.604273],[-71.645453,-40.604857],[-71.645329,-40.605123],[-71.645289,-40.605427],[-71.645101,-40.607042],[-71.645025,-40.607715],[-71.645021,-40.607931],[-71.645041,-40.608106],[-71.645063,-40.608213],[-71.645238,-40.608556],[-71.64528,-40.608654],[-71.645324,-40.608795],[-71.645354,-40.608936],[-71.645368,-40.609057],[-71.645369,-40.609296],[-71.645338,-40.609548],[-71.645223,-40.610071],[-71.645127,-40.610491],[-71.645079,-40.610729],[-71.64506,-40.610975],[-71.645066,-40.611218],[-71.645101,-40.611475],[-71.645168,-40.611896],[-71.646375,-40.615836],[-71.64657,-40.616466],[-71.646694,-40.617063],[-71.646724,-40.61735],[-71.646746,-40.618114],[-71.646764,-40.618619],[-71.646807,-40.618883],[-71.646908,-40.619139],[-71.647515,-40.620319],[-71.649704,-40.624277],[-71.649868,-40.624568],[-71.65007,-40.624836],[-71.650475,-40.625344],[-71.65076,-40.625709],[-71.650952,-40.626004],[-71.651073,-40.626238],[-71.651579,-40.627404],[-71.651731,-40.627669],[-71.651937,-40.627947],[-71.652172,-40.628143],[-71.65247,-40.628278],[-71.652831,-40.62834],[-71.653223,-40.628351],[-71.653559,-40.628328],[-71.654897,-40.628032],[-71.658202,-40.627093],[-71.658548,-40.626961],[-71.658797,-40.626829],[-71.659,-40.626696],[-71.659163,-40.626549],[-71.659391,-40.626297],[-71.660271,-40.625213],[-71.661183,-40.624127],[-71.662509,-40.622633],[-71.662677,-40.622468],[-71.662875,-40.62229],[-71.663059,-40.62216],[-71.663287,-40.622043],[-71.663518,-40.621946],[-71.663673,-40.6219],[-71.663867,-40.621842],[-71.664224,-40.621785],[-71.664494,-40.621752],[-71.66479,-40.621701],[-71.665085,-40.62162],[-71.665259,-40.621552],[-71.665381,-40.621479],[-71.665531,-40.621349],[-71.665652,-40.621195],[-71.665819,-40.620909],[-71.665929,-40.620612],[-71.666071,-40.620293],[-71.666277,-40.619962],[-71.666536,-40.619647],[-71.667136,-40.619112],[-71.667429,-40.618887],[-71.667606,-40.618779],[-71.668214,-40.61847],[-71.668604,-40.618249],[-71.668879,-40.618054],[-71.66909,-40.61786],[-71.66956,-40.617379],[-71.670208,-40.616729],[-71.670563,-40.616406],[-71.671869,-40.61494],[-71.672369,-40.614411],[-71.672766,-40.614027],[-71.673916,-40.613026],[-71.674567,-40.612355],[-71.674926,-40.611984],[-71.675445,-40.611475],[-71.675707,-40.611303],[-71.676046,-40.611149],[-71.676815,-40.610882],[-71.676967,-40.61084],[-71.677155,-40.610821],[-71.677294,-40.610855],[-71.677459,-40.61092],[-71.67748,-40.610926],[-71.678012,-40.611105],[-71.678288,-40.611181],[-71.679083,-40.611393],[-71.679467,-40.611418],[-71.67976,-40.611354],[-71.682581,-40.609841],[-71.682846,-40.609736],[-71.683691,-40.609585],[-71.683947,-40.60953],[-71.684813,-40.609222],[-71.68543,-40.608998],[-71.685728,-40.608931],[-71.686198,-40.608918],[-71.686495,-40.608873],[-71.686792,-40.608768],[-71.687551,-40.608265],[-71.688372,-40.607668],[-71.688642,-40.607439],[-71.689095,-40.607033],[-71.68944,-40.606686],[-71.689608,-40.606445],[-71.689774,-40.606165],[-71.690068,-40.605509],[-71.690177,-40.605367],[-71.690305,-40.605281],[-71.690443,-40.6052],[-71.690641,-40.60515],[-71.690818,-40.605133],[-71.691022,-40.605149],[-71.691477,-40.605204],[-71.691894,-40.605161],[-71.692162,-40.605092],[-71.692366,-40.605029],[-71.692594,-40.604937],[-71.692798,-40.604758],[-71.692865,-40.60464],[-71.693032,-40.604403],[-71.69328,-40.604181],[-71.693441,-40.60411],[-71.693656,-40.604085],[-71.693919,-40.604106],[-71.694381,-40.604246],[-71.69453,-40.604235],[-71.694632,-40.604184],[-71.694726,-40.604108],[-71.694888,-40.603961],[-71.695155,-40.603818],[-71.696865,-40.603117],[-71.697496,-40.602858],[-71.697717,-40.602736],[-71.698511,-40.602245],[-71.698703,-40.602178],[-71.698917,-40.602151],[-71.699481,-40.602143],[-71.699939,-40.602099],[-71.700382,-40.601977],[-71.700753,-40.601856],[-71.701146,-40.601682],[-71.701435,-40.60146],[-71.701702,-40.601221],[-71.702116,-40.600787],[-71.702235,-40.600673],[-71.702486,-40.600579],[-71.702787,-40.600554],[-71.703037,-40.600585],[-71.703377,-40.600654],[-71.703644,-40.600719],[-71.704013,-40.600881],[-71.704462,-40.601123],[-71.704962,-40.601432],[-71.705155,-40.601572],[-71.705297,-40.601712],[-71.705421,-40.601919],[-71.705668,-40.602486],[-71.706105,-40.603119],[-71.706451,-40.603711],[-71.706747,-40.604163],[-71.70696,-40.604508],[-71.706993,-40.604588],[-71.707014,-40.604699],[-71.707016,-40.604819],[-71.706948,-40.605281],[-71.706939,-40.605373],[-71.706951,-40.605509],[-71.706976,-40.605607],[-71.707041,-40.605701],[-71.707112,-40.605781],[-71.707174,-40.605835],[-71.707309,-40.60591],[-71.707465,-40.605973],[-71.707773,-40.606037],[-71.707813,-40.606042],[-71.708266,-40.606095],[-71.708355,-40.606118],[-71.708462,-40.606158],[-71.708556,-40.6062],[-71.708619,-40.606239],[-71.708731,-40.60632],[-71.709148,-40.606641],[-71.709629,-40.607104],[-71.709783,-40.607269],[-71.709859,-40.607399],[-71.709956,-40.607608],[-71.710188,-40.608188],[-71.710292,-40.608489],[-71.710323,-40.608584],[-71.710329,-40.608695],[-71.710319,-40.60882],[-71.710296,-40.608902],[-71.710168,-40.60915],[-71.710021,-40.609477],[-71.709879,-40.609731],[-71.709673,-40.610005],[-71.709452,-40.610243],[-71.709373,-40.610313],[-71.709234,-40.610373],[-71.709002,-40.610441],[-71.708617,-40.610534],[-71.708324,-40.610599],[-71.707352,-40.610888],[-71.706796,-40.611067],[-71.706441,-40.6112],[-71.705983,-40.61144],[-71.705629,-40.611656],[-71.70536,-40.611831],[-71.705115,-40.612053],[-71.705046,-40.612209],[-71.705035,-40.612316],[-71.705053,-40.612421],[-71.70511,-40.612528],[-71.70525,-40.612647],[-71.705428,-40.612722],[-71.705558,-40.612746],[-71.705749,-40.612748],[-71.706897,-40.612665],[-71.707172,-40.612666],[-71.707363,-40.612679],[-71.7075,-40.612725],[-71.707585,-40.612792],[-71.707648,-40.612884],[-71.707659,-40.612998],[-71.707619,-40.613147],[-71.707577,-40.613285],[-71.707217,-40.614089],[-71.707166,-40.614278],[-71.70716,-40.614451],[-71.707197,-40.614642],[-71.707618,-40.616056],[-71.707797,-40.616756],[-71.707828,-40.616896],[-71.707833,-40.617025],[-71.707823,-40.617132],[-71.70779,-40.617242],[-71.707752,-40.617296],[-71.707709,-40.617352],[-71.707603,-40.617442],[-71.707437,-40.617531],[-71.707186,-40.617635],[-71.706943,-40.617739],[-71.706775,-40.617836],[-71.706667,-40.617925],[-71.706597,-40.618022],[-71.706392,-40.61839],[-71.705849,-40.61949],[-71.705736,-40.619785],[-71.705457,-40.621106],[-71.704966,-40.622261],[-71.704918,-40.622457],[-71.704909,-40.622566],[-71.704922,-40.622721],[-71.70497,-40.622837],[-71.705065,-40.622966],[-71.705445,-40.623481],[-71.705711,-40.623857],[-71.705886,-40.624146],[-71.706317,-40.624938],[-71.706405,-40.625121],[-71.706522,-40.625435],[-71.706595,-40.625682],[-71.706971,-40.626918],[-71.707386,-40.628969],[-71.707396,-40.62925],[-71.707372,-40.629496],[-71.707296,-40.629698],[-71.707176,-40.629867],[-71.707015,-40.630046],[-71.705667,-40.631336],[-71.704544,-40.632619],[-71.704369,-40.632874],[-71.704245,-40.633138],[-71.704125,-40.633511],[-71.703958,-40.634345],[-71.703915,-40.63462],[-71.70388,-40.634897],[-71.703883,-40.635149],[-71.703925,-40.635414],[-71.703981,-40.63567],[-71.704052,-40.635953],[-71.704156,-40.636254],[-71.704241,-40.636472],[-71.704339,-40.636659],[-71.704478,-40.636893],[-71.704918,-40.637555],[-71.705122,-40.637874],[-71.70524,-40.63809],[-71.705307,-40.638261],[-71.705524,-40.638821],[-71.705623,-40.639102],[-71.705682,-40.639291],[-71.705715,-40.639495],[-71.705725,-40.639765],[-71.705709,-40.640007],[-71.705639,-40.640449],[-71.705586,-40.640655],[-71.705548,-40.640791],[-71.705489,-40.640925],[-71.705291,-40.641237],[-71.705178,-40.641448],[-71.705079,-40.641642],[-71.705001,-40.641849],[-71.704963,-40.642035],[-71.704911,-40.642403],[-71.704905,-40.642868],[-71.704903,-40.64291],[-71.704899,-40.643038],[-71.704894,-40.643182],[-71.704864,-40.643323],[-71.704821,-40.643473],[-71.704752,-40.643614],[-71.70465,-40.64376],[-71.704558,-40.64385],[-71.704363,-40.644015],[-71.70414,-40.644182],[-71.703837,-40.644371],[-71.703558,-40.644572],[-71.703325,-40.644764],[-71.703113,-40.644945],[-71.702858,-40.64511],[-71.702619,-40.64524],[-71.702418,-40.645338],[-71.702263,-40.645423],[-71.702107,-40.645553],[-71.701973,-40.645665],[-71.701911,-40.645757],[-71.701855,-40.645865],[-71.701828,-40.645971],[-71.701825,-40.646178],[-71.701855,-40.646372],[-71.701882,-40.646536],[-71.702013,-40.646878],[-71.702112,-40.647131],[-71.702126,-40.647155],[-71.702326,-40.647434],[-71.702524,-40.647587],[-71.70277,-40.64768],[-71.703051,-40.647734],[-71.703301,-40.647729],[-71.704698,-40.647601],[-71.705004,-40.647629],[-71.705272,-40.647695],[-71.705484,-40.647839],[-71.7058,-40.648103],[-71.706112,-40.648628],[-71.706199,-40.648905],[-71.706213,-40.649129],[-71.706064,-40.649797],[-71.705892,-40.650268],[-71.705629,-40.650749],[-71.705021,-40.651608],[-71.704733,-40.651961],[-71.703831,-40.65287],[-71.703336,-40.653376],[-71.703188,-40.653585],[-71.703097,-40.653809],[-71.703059,-40.654004],[-71.703053,-40.65424],[-71.703105,-40.654534],[-71.70326,-40.654765],[-71.703445,-40.65498],[-71.704004,-40.655526],[-71.704215,-40.655804],[-71.704339,-40.656143],[-71.704329,-40.656446],[-71.704247,-40.656754],[-71.703879,-40.657664],[-71.703842,-40.657842],[-71.703855,-40.658032],[-71.703993,-40.658373],[-71.704506,-40.659453],[-71.704785,-40.660093],[-71.704888,-40.6604],[-71.704962,-40.66067],[-71.704981,-40.66085],[-71.704949,-40.661079],[-71.704869,-40.661347],[-71.704733,-40.661594],[-71.704579,-40.661765],[-71.704151,-40.662102],[-71.70299,-40.662899],[-71.702582,-40.663206],[-71.702241,-40.663541],[-71.701543,-40.664414],[-71.700817,-40.665222],[-71.700511,-40.665529],[-71.700167,-40.665836],[-71.69943,-40.666391],[-71.69806,-40.667531],[-71.697937,-40.667682],[-71.697865,-40.667813],[-71.697807,-40.667983],[-71.697813,-40.668186],[-71.697856,-40.668355],[-71.698137,-40.669117],[-71.698213,-40.669371],[-71.698217,-40.669533],[-71.698145,-40.66974],[-71.698074,-40.66989],[-71.697577,-40.670395],[-71.697348,-40.670657],[-71.697287,-40.670802],[-71.697237,-40.671007],[-71.697166,-40.671393],[-71.697094,-40.671851],[-71.697038,-40.672677],[-71.697019,-40.672951],[-71.697042,-40.673186],[-71.697158,-40.673634],[-71.697283,-40.67411],[-71.697298,-40.674244],[-71.69728,-40.674379],[-71.697165,-40.674596],[-71.696911,-40.675038],[-71.696697,-40.675508],[-71.696371,-40.676388],[-71.696214,-40.676856],[-71.696034,-40.677468],[-71.695791,-40.678328],[-71.695339,-40.679782],[-71.695105,-40.680526],[-71.694798,-40.681232],[-71.694701,-40.68149],[-71.694601,-40.681646],[-71.694461,-40.681807],[-71.694261,-40.681946],[-71.694017,-40.682071],[-71.693713,-40.682141],[-71.693381,-40.682195],[-71.692798,-40.682285],[-71.692523,-40.682374],[-71.692337,-40.682504],[-71.692196,-40.682645],[-71.692049,-40.682835],[-71.69189,-40.683161],[-71.691636,-40.683859],[-71.691477,-40.684281],[-71.69139,-40.68454],[-71.691378,-40.68469],[-71.691382,-40.684775],[-71.691469,-40.685082],[-71.69178,-40.685741],[-71.691896,-40.68602],[-71.691966,-40.68627],[-71.692003,-40.686488],[-71.691998,-40.686687],[-71.691968,-40.686888],[-71.691904,-40.68711],[-71.691751,-40.687525],[-71.691727,-40.687597],[-71.691706,-40.687675],[-71.691689,-40.687754],[-71.691674,-40.687829],[-71.691663,-40.687905],[-71.691655,-40.687988],[-71.691654,-40.688071],[-71.691657,-40.688144],[-71.691663,-40.688221],[-71.691674,-40.688297],[-71.691689,-40.688376],[-71.69171,-40.688455],[-71.691942,-40.689232],[-71.691967,-40.689313],[-71.691997,-40.689397],[-71.692031,-40.689479],[-71.692069,-40.689561],[-71.692106,-40.689635],[-71.69215,-40.689713],[-71.692198,-40.689791],[-71.692248,-40.689866],[-71.692319,-40.689961],[-71.692397,-40.690063],[-71.692483,-40.690172],[-71.692562,-40.690268],[-71.692652,-40.690373],[-71.692745,-40.690476],[-71.692843,-40.690576],[-71.692941,-40.690671],[-71.693042,-40.690764],[-71.693144,-40.690853],[-71.693255,-40.690942],[-71.693365,-40.691026],[-71.693455,-40.691089],[-71.69355,-40.691148],[-71.693638,-40.6912],[-71.693732,-40.691253],[-71.693828,-40.691304],[-71.693934,-40.691355],[-71.694042,-40.691399],[-71.694148,-40.691439],[-71.694264,-40.691479],[-71.694384,-40.691517],[-71.694497,-40.691549],[-71.694615,-40.69158],[-71.695549,-40.691801],[-71.695781,-40.69182],[-71.69582,-40.691823],[-71.69586,-40.691826],[-71.695901,-40.691828],[-71.695941,-40.691829],[-71.695982,-40.691829],[-71.69602,-40.691829],[-71.696059,-40.691829],[-71.696099,-40.691827],[-71.696135,-40.691824],[-71.696173,-40.691819],[-71.696206,-40.691813],[-71.696238,-40.691806],[-71.696266,-40.691798],[-71.696412,-40.691749],[-71.696436,-40.691742],[-71.696462,-40.691736],[-71.696486,-40.691732],[-71.696512,-40.691729],[-71.696536,-40.691728],[-71.696561,-40.691728],[-71.696586,-40.691729],[-71.696611,-40.691732],[-71.696634,-40.691736],[-71.696657,-40.691742],[-71.696681,-40.69175],[-71.696703,-40.691759],[-71.696722,-40.691769],[-71.696738,-40.69178],[-71.696751,-40.691791],[-71.696756,-40.691835],[-71.696764,-40.691882],[-71.696772,-40.691927],[-71.696783,-40.691972],[-71.696794,-40.692016],[-71.696808,-40.69206],[-71.696822,-40.692104],[-71.696839,-40.69215],[-71.696857,-40.692197],[-71.696878,-40.692248],[-71.6969,-40.692296],[-71.696925,-40.692348],[-71.696949,-40.692397],[-71.697252,-40.692956],[-71.697275,-40.692994],[-71.697297,-40.693027],[-71.697317,-40.693056],[-71.697336,-40.693084],[-71.697357,-40.693114],[-71.697377,-40.693141],[-71.697398,-40.693167],[-71.697422,-40.693196],[-71.697447,-40.693224],[-71.697475,-40.693253],[-71.697503,-40.693281],[-71.697532,-40.693308],[-71.697566,-40.693339],[-71.697602,-40.693371],[-71.697637,-40.693401],[-71.697674,-40.69343],[-71.697709,-40.693458],[-71.697745,-40.693485],[-71.697787,-40.693515],[-71.69783,-40.693544],[-71.697875,-40.693575],[-71.697921,-40.693604],[-71.697971,-40.693636],[-71.698024,-40.693669],[-71.698075,-40.693698],[-71.698128,-40.693729],[-71.698184,-40.693762],[-71.698247,-40.693797],[-71.698308,-40.69383],[-71.698371,-40.693864],[-71.69898,-40.694175],[-71.69906,-40.694217],[-71.699144,-40.694263],[-71.699218,-40.694308],[-71.699297,-40.694357],[-71.699374,-40.694405],[-71.699452,-40.694457],[-71.699529,-40.69451],[-71.699602,-40.694561],[-71.699671,-40.694613],[-71.699742,-40.694667],[-71.69981,-40.694722],[-71.699877,-40.694779],[-71.700753,-40.695535],[-71.700847,-40.695619],[-71.700941,-40.695708],[-71.701048,-40.695814],[-71.701147,-40.695912],[-71.701246,-40.696016],[-71.701326,-40.696109],[-71.701409,-40.696204],[-71.701492,-40.696308],[-71.701571,-40.69641],[-71.701645,-40.696511],[-71.70172,-40.696617],[-71.701793,-40.696727],[-71.702682,-40.698175],[-71.702756,-40.698298],[-71.702834,-40.698421],[-71.702918,-40.698546],[-71.703007,-40.698671],[-71.704302,-40.700425],[-71.704366,-40.700515],[-71.704426,-40.700608],[-71.704482,-40.700706],[-71.70453,-40.700798],[-71.70457,-40.700894],[-71.704602,-40.701],[-71.704623,-40.701102],[-71.704635,-40.701199],[-71.704645,-40.701304],[-71.704648,-40.701413],[-71.704646,-40.701516],[-71.70464,-40.701615],[-71.704628,-40.701716],[-71.704612,-40.70182],[-71.704591,-40.701911],[-71.704566,-40.702009],[-71.704242,-40.70316],[-71.704218,-40.703237],[-71.70419,-40.703316],[-71.704158,-40.703396],[-71.704129,-40.703469],[-71.704097,-40.70354],[-71.70406,-40.703613],[-71.704017,-40.703692],[-71.70397,-40.703774],[-71.703919,-40.703854],[-71.703861,-40.703934],[-71.703803,-40.704008],[-71.703745,-40.704076],[-71.70368,-40.704152],[-71.703616,-40.704223],[-71.703547,-40.704298],[-71.703473,-40.70437],[-71.703398,-40.704439],[-71.703319,-40.704505],[-71.703126,-40.704655],[-71.702152,-40.705415],[-71.702066,-40.705478],[-71.70198,-40.705545],[-71.701899,-40.705613],[-71.701815,-40.705688],[-71.701737,-40.705765],[-71.701665,-40.705843],[-71.701598,-40.70592],[-71.701538,-40.706006],[-71.701489,-40.706093],[-71.701446,-40.706188],[-71.701414,-40.706279],[-71.701383,-40.706376],[-71.701359,-40.706475],[-71.701343,-40.706568],[-71.70133,-40.706661],[-71.70132,-40.706755],[-71.701112,-40.710185],[-71.701105,-40.710291],[-71.701093,-40.710391],[-71.701079,-40.710492],[-71.701064,-40.7106],[-71.701042,-40.710711],[-71.701019,-40.710815],[-71.700992,-40.710925],[-71.700964,-40.711027],[-71.700932,-40.711128],[-71.700894,-40.711224],[-71.700854,-40.71132],[-71.700809,-40.711419],[-71.700272,-40.712506],[-71.700242,-40.712562],[-71.700211,-40.712616],[-71.700176,-40.712668],[-71.700138,-40.712719],[-71.700092,-40.712779],[-71.700035,-40.712838],[-71.699973,-40.712891],[-71.699908,-40.71294],[-71.699839,-40.712986],[-71.699767,-40.713029],[-71.699693,-40.713067],[-71.699618,-40.713104],[-71.699541,-40.713139],[-71.699462,-40.713172],[-71.698599,-40.713515],[-71.69852,-40.71355],[-71.698438,-40.713591],[-71.698362,-40.713635],[-71.698289,-40.713685],[-71.698223,-40.713737],[-71.698164,-40.713793],[-71.698117,-40.713849],[-71.698077,-40.713905],[-71.698041,-40.713961],[-71.698005,-40.714022],[-71.697973,-40.714087],[-71.697944,-40.714154],[-71.697759,-40.714661],[-71.697734,-40.714722],[-71.697709,-40.71478],[-71.697682,-40.714837],[-71.697652,-40.714895],[-71.697618,-40.714955],[-71.697581,-40.715018],[-71.696955,-40.716038],[-71.696894,-40.716143],[-71.696839,-40.716241],[-71.696781,-40.716347],[-71.696731,-40.716443],[-71.696679,-40.716546],[-71.696632,-40.716646],[-71.696589,-40.716748],[-71.696551,-40.716852],[-71.696516,-40.716956],[-71.696484,-40.717057],[-71.696454,-40.717165],[-71.696431,-40.717265],[-71.696174,-40.718606],[-71.696155,-40.718698],[-71.696132,-40.718788],[-71.696104,-40.718878],[-71.696072,-40.718965],[-71.696039,-40.71905],[-71.695998,-40.719135],[-71.695955,-40.719217],[-71.695901,-40.719304],[-71.695497,-40.719895],[-71.695121,-40.720446],[-71.695078,-40.720514],[-71.695037,-40.720582],[-71.694995,-40.720653],[-71.694953,-40.720725],[-71.694762,-40.721074],[-71.69472,-40.721148],[-71.694672,-40.721223],[-71.694617,-40.721293],[-71.694555,-40.721364],[-71.694492,-40.721431],[-71.694422,-40.7215],[-71.694351,-40.721565],[-71.694274,-40.721629],[-71.693756,-40.722017],[-71.693681,-40.722067],[-71.693598,-40.722116],[-71.693515,-40.722157],[-71.693426,-40.722195],[-71.693328,-40.722228],[-71.693231,-40.722255],[-71.693133,-40.722276],[-71.693028,-40.722289],[-71.692924,-40.722297],[-71.692821,-40.722299],[-71.692722,-40.722296],[-71.692618,-40.722286],[-71.692517,-40.722269],[-71.692417,-40.722248],[-71.692318,-40.722221],[-71.692226,-40.722192],[-71.691595,-40.721965],[-71.691527,-40.721941],[-71.691455,-40.721918],[-71.691378,-40.721896],[-71.691297,-40.721876],[-71.691215,-40.721856],[-71.691129,-40.721838],[-71.69104,-40.721822],[-71.690945,-40.721807],[-71.690843,-40.721795],[-71.690743,-40.72179],[-71.690641,-40.721789],[-71.690537,-40.721797],[-71.690433,-40.721814],[-71.690336,-40.721836],[-71.690242,-40.721863],[-71.690145,-40.7219],[-71.690053,-40.721944],[-71.689967,-40.721991],[-71.689883,-40.722045],[-71.689806,-40.7221],[-71.689736,-40.722159],[-71.689671,-40.72222],[-71.689612,-40.722287],[-71.68956,-40.722355],[-71.689512,-40.722427],[-71.689287,-40.722771],[-71.689235,-40.722846],[-71.689183,-40.72292],[-71.689123,-40.722995],[-71.689057,-40.723073],[-71.687876,-40.72439],[-71.687805,-40.724472],[-71.687737,-40.724557],[-71.687672,-40.724642],[-71.687611,-40.724731],[-71.68742,-40.725023],[-71.687385,-40.725078],[-71.687345,-40.725135],[-71.687302,-40.72519],[-71.687253,-40.725246],[-71.6872,-40.7253],[-71.687142,-40.725351],[-71.687083,-40.725397],[-71.687016,-40.725442],[-71.686944,-40.725485],[-71.68687,-40.725525],[-71.686794,-40.72556],[-71.686713,-40.725592],[-71.686636,-40.725619],[-71.686551,-40.725644],[-71.686469,-40.725665],[-71.686381,-40.725684],[-71.685779,-40.725793],[-71.685684,-40.725812],[-71.685588,-40.725834],[-71.685495,-40.725859],[-71.685399,-40.725889],[-71.685304,-40.725926],[-71.68521,-40.725965],[-71.685119,-40.726011],[-71.685038,-40.726059],[-71.68496,-40.726113],[-71.684888,-40.726175],[-71.684822,-40.72624],[-71.684762,-40.72631],[-71.68471,-40.726377],[-71.684661,-40.726448],[-71.684618,-40.726517],[-71.684574,-40.726591],[-71.683952,-40.727765],[-71.683921,-40.727822],[-71.683885,-40.727881],[-71.683846,-40.727939],[-71.683805,-40.727996],[-71.683763,-40.728052],[-71.683718,-40.728105],[-71.683668,-40.728158],[-71.683613,-40.72821],[-71.683554,-40.72826],[-71.683491,-40.728308],[-71.683427,-40.728351],[-71.683361,-40.728395],[-71.683291,-40.728435],[-71.683215,-40.728475],[-71.683147,-40.728507],[-71.683072,-40.72854],[-71.682916,-40.728606],[-71.682522,-40.728773],[-71.682431,-40.728814],[-71.682344,-40.728856],[-71.682255,-40.7289],[-71.682167,-40.72895],[-71.682078,-40.729004],[-71.681991,-40.729061],[-71.681906,-40.72912],[-71.681826,-40.729181],[-71.681751,-40.729243],[-71.681682,-40.729303],[-71.681604,-40.729371],[-71.681533,-40.729437],[-71.680663,-40.730286],[-71.679793,-40.731135],[-71.679745,-40.731181],[-71.679694,-40.731228],[-71.679642,-40.731274],[-71.679588,-40.731321],[-71.679535,-40.731365],[-71.679479,-40.731411],[-71.679424,-40.731455],[-71.679366,-40.731501],[-71.679312,-40.731543],[-71.679258,-40.731583],[-71.679196,-40.731626],[-71.679133,-40.731667],[-71.679071,-40.731706],[-71.679004,-40.731747],[-71.678939,-40.731784],[-71.678871,-40.731821],[-71.678805,-40.731856],[-71.678736,-40.731891],[-71.678667,-40.731926],[-71.678596,-40.731959],[-71.6778,-40.732296],[-71.677714,-40.732331],[-71.677625,-40.732368],[-71.67754,-40.732405],[-71.677456,-40.732443],[-71.677179,-40.732569],[-71.676779,-40.732751],[-71.676727,-40.732776],[-71.676673,-40.732803],[-71.676624,-40.732832],[-71.676574,-40.732861],[-71.676529,-40.732891],[-71.676482,-40.732922],[-71.676439,-40.732956],[-71.676399,-40.73299],[-71.676362,-40.733025],[-71.676325,-40.733064],[-71.676289,-40.733103],[-71.676253,-40.733145],[-71.676221,-40.733184],[-71.676189,-40.733228],[-71.676158,-40.733272],[-71.676129,-40.733317],[-71.675936,-40.733624],[-71.675889,-40.733695],[-71.675834,-40.733768],[-71.675777,-40.733838],[-71.675711,-40.733907],[-71.675641,-40.733973],[-71.675557,-40.734038],[-71.675472,-40.734095],[-71.675373,-40.73415],[-71.675271,-40.7342],[-71.675158,-40.734245],[-71.67504,-40.734281],[-71.67492,-40.734309],[-71.674795,-40.734329],[-71.674667,-40.734341],[-71.67454,-40.734347],[-71.674414,-40.734347],[-71.674153,-40.734344],[-71.674048,-40.734342],[-71.673989,-40.734342],[-71.673927,-40.734342],[-71.673866,-40.734344],[-71.673806,-40.734347],[-71.673743,-40.734352],[-71.673681,-40.734359],[-71.673622,-40.734368],[-71.673564,-40.734379],[-71.673503,-40.734393],[-71.673444,-40.73441],[-71.673387,-40.734429],[-71.673334,-40.73445],[-71.673278,-40.734472],[-71.673225,-40.734496],[-71.673171,-40.734523],[-71.673122,-40.734551],[-71.673074,-40.734584],[-71.673027,-40.734619],[-71.672983,-40.734656],[-71.67294,-40.734696],[-71.672902,-40.734738],[-71.672865,-40.734782],[-71.672834,-40.734824],[-71.672805,-40.734871],[-71.672781,-40.734914],[-71.67276,-40.734962],[-71.672746,-40.735008],[-71.672734,-40.735058],[-71.672726,-40.735107],[-71.67272,-40.735154],[-71.672716,-40.735204],[-71.672714,-40.735252],[-71.672741,-40.736598],[-71.672737,-40.736979],[-71.672736,-40.737046],[-71.672738,-40.737118],[-71.672743,-40.737189],[-71.67275,-40.737265],[-71.672784,-40.737545],[-71.672793,-40.737634],[-71.672799,-40.737727],[-71.672802,-40.737823],[-71.672799,-40.737921],[-71.672795,-40.738018],[-71.672787,-40.738119],[-71.672774,-40.738218],[-71.672755,-40.738315],[-71.672731,-40.738421],[-71.672706,-40.738532],[-71.672678,-40.738639],[-71.672646,-40.738744],[-71.67261,-40.738842],[-71.67257,-40.738937],[-71.672525,-40.739029],[-71.672476,-40.739118],[-71.672418,-40.739215],[-71.671316,-40.740864],[-71.671242,-40.740964],[-71.671165,-40.741058],[-71.671084,-40.74115],[-71.670996,-40.741242],[-71.670899,-40.741332],[-71.670799,-40.741419],[-71.670693,-40.741506],[-71.670583,-40.741588],[-71.670472,-40.741664],[-71.670363,-40.741734],[-71.670246,-40.741804],[-71.670123,-40.741873],[-71.670001,-40.741934],[-71.669868,-40.741999],[-71.66974,-40.74206],[-71.669606,-40.742119],[-71.668359,-40.742623],[-71.66816,-40.742712],[-71.668008,-40.742796],[-71.667863,-40.742895],[-71.66774,-40.743002],[-71.66764,-40.743114],[-71.667561,-40.743212],[-71.667489,-40.743334],[-71.667419,-40.74349],[-71.66736,-40.743663],[-71.666998,-40.745107],[-71.666936,-40.745335],[-71.666781,-40.745904],[-71.666741,-40.746065],[-71.666702,-40.746239],[-71.666683,-40.746422],[-71.666685,-40.746627],[-71.666693,-40.746823],[-71.666712,-40.747033],[-71.666746,-40.747254],[-71.666863,-40.747814],[-71.666957,-40.748267],[-71.667084,-40.748877],[-71.667099,-40.748952],[-71.667111,-40.749024],[-71.667123,-40.749097],[-71.667131,-40.749166],[-71.667138,-40.749238],[-71.667143,-40.749316],[-71.667145,-40.749393],[-71.667143,-40.749465],[-71.667139,-40.749539],[-71.667135,-40.749614],[-71.667129,-40.749694],[-71.667121,-40.749775],[-71.66711,-40.749855],[-71.667078,-40.750038],[-71.667062,-40.75013],[-71.667043,-40.750239],[-71.667029,-40.750307],[-71.667014,-40.750375],[-71.666997,-40.750439],[-71.666977,-40.750507],[-71.666955,-40.75057],[-71.666929,-40.750633],[-71.666897,-40.7507],[-71.66686,-40.75077],[-71.666816,-40.750837],[-71.666765,-40.750907],[-71.66671,-40.750973],[-71.666652,-40.751035],[-71.666587,-40.751097],[-71.666512,-40.751163],[-71.666432,-40.751222],[-71.666356,-40.751273],[-71.666273,-40.751322],[-71.666181,-40.75137],[-71.666078,-40.751418],[-71.665958,-40.75147],[-71.66511,-40.75181],[-71.66405,-40.752235],[-71.663617,-40.752409],[-71.663472,-40.752467],[-71.663373,-40.752507],[-71.662405,-40.752895],[-71.661488,-40.753263],[-71.661347,-40.753319],[-71.661206,-40.753377],[-71.661067,-40.753436],[-71.660928,-40.753496],[-71.660398,-40.753729],[-71.65935,-40.754191],[-71.659249,-40.754235],[-71.659198,-40.754258],[-71.659036,-40.754329],[-71.658982,-40.754353],[-71.658901,-40.754388],[-71.658314,-40.754647],[-71.658039,-40.754768],[-71.657898,-40.754831],[-71.657736,-40.754904],[-71.657581,-40.754975],[-71.657394,-40.755061],[-71.65724,-40.755134],[-71.655371,-40.756019],[-71.655134,-40.756132],[-71.654926,-40.75623],[-71.654272,-40.756541],[-71.65369,-40.756817],[-71.653585,-40.756867],[-71.653496,-40.756909],[-71.652905,-40.75719],[-71.652833,-40.757225],[-71.652757,-40.757262],[-71.652679,-40.757301],[-71.652639,-40.757322],[-71.652597,-40.757343],[-71.652508,-40.757391],[-71.652429,-40.757435],[-71.652355,-40.757477],[-71.652278,-40.757522],[-71.652191,-40.757575],[-71.652113,-40.757622],[-71.652009,-40.757687],[-71.651911,-40.757751],[-71.651815,-40.757813],[-71.651731,-40.757868],[-71.651641,-40.757928],[-71.651552,-40.75799],[-71.651456,-40.758061],[-71.651369,-40.758127],[-71.651209,-40.758253],[-71.650474,-40.75883],[-71.649844,-40.759324],[-71.649552,-40.759553],[-71.649345,-40.759716],[-71.649291,-40.75976],[-71.649239,-40.759803],[-71.64919,-40.759847],[-71.649138,-40.759895],[-71.649084,-40.759948],[-71.649029,-40.760004],[-71.648974,-40.760061],[-71.648919,-40.76012],[-71.648042,-40.761062],[-71.648005,-40.761101],[-71.647968,-40.761143],[-71.647933,-40.761184],[-71.6479,-40.761227],[-71.647821,-40.76133],[-71.647756,-40.761417],[-71.647418,-40.761862],[-71.647402,-40.761885],[-71.647388,-40.76191],[-71.647376,-40.761935],[-71.647366,-40.761962],[-71.647363,-40.761978],[-71.647363,-40.761993],[-71.647364,-40.762008],[-71.647367,-40.762025],[-71.647371,-40.762042],[-71.647376,-40.762058],[-71.647375,-40.762069],[-71.647371,-40.762079],[-71.647365,-40.762089],[-71.647356,-40.762098],[-71.647345,-40.762105],[-71.647331,-40.762112],[-71.647316,-40.762117],[-71.6473,-40.76212],[-71.647285,-40.762123],[-71.647269,-40.762125],[-71.647255,-40.762126],[-71.647241,-40.762126],[-71.647059,-40.762111],[-71.646171,-40.76204],[-71.645849,-40.762014],[-71.645795,-40.76201],[-71.645739,-40.762007],[-71.645684,-40.762005],[-71.645632,-40.762006],[-71.645575,-40.762009],[-71.645516,-40.762014],[-71.645456,-40.762019],[-71.645396,-40.762024],[-71.643925,-40.762182],[-71.643871,-40.762188],[-71.643818,-40.762195],[-71.643765,-40.762203],[-71.643712,-40.762213],[-71.643655,-40.762223],[-71.643599,-40.762235],[-71.643541,-40.762249],[-71.643486,-40.762264],[-71.641941,-40.762764],[-71.64183,-40.7628],[-71.641394,-40.762941],[-71.640913,-40.763097],[-71.640826,-40.763125],[-71.640805,-40.763132],[-71.640782,-40.763139],[-71.64076,-40.763145],[-71.640739,-40.76315],[-71.640525,-40.763194],[-71.640498,-40.763198],[-71.640469,-40.763201],[-71.640442,-40.763203],[-71.640414,-40.763202],[-71.640305,-40.763199],[-71.640259,-40.763204],[-71.640212,-40.763208],[-71.640162,-40.76321],[-71.640113,-40.763212],[-71.64007,-40.76321],[-71.640026,-40.763207],[-71.639896,-40.76319],[-71.639779,-40.763174],[-71.639461,-40.763129],[-71.639212,-40.763093],[-71.636508,-40.762712],[-71.636409,-40.762699],[-71.636313,-40.762687],[-71.636213,-40.762677],[-71.636117,-40.762669],[-71.636019,-40.762663],[-71.635917,-40.762658],[-71.635819,-40.762655],[-71.63572,-40.762654],[-71.635622,-40.762655],[-71.63553,-40.762657],[-71.63544,-40.762662],[-71.635058,-40.76268],[-71.634958,-40.762688],[-71.634858,-40.762697],[-71.634754,-40.76271],[-71.634651,-40.762725],[-71.634545,-40.762744],[-71.634442,-40.762767],[-71.634343,-40.762795],[-71.63425,-40.762825],[-71.634153,-40.762862],[-71.634064,-40.762901],[-71.633976,-40.762945],[-71.633892,-40.762991],[-71.633807,-40.763041],[-71.633728,-40.763094],[-71.633652,-40.763151],[-71.633579,-40.763208],[-71.633494,-40.763279],[-71.633413,-40.76335],[-71.63195,-40.764736],[-71.631525,-40.765139],[-71.631482,-40.765177],[-71.631437,-40.765216],[-71.631384,-40.765255],[-71.631325,-40.765296],[-71.631262,-40.765336],[-71.631197,-40.765374],[-71.631126,-40.765412],[-71.631047,-40.765452],[-71.630961,-40.765489],[-71.630875,-40.765519],[-71.630783,-40.765546],[-71.630689,-40.765569],[-71.630421,-40.765629],[-71.62895,-40.76596],[-71.628849,-40.765985],[-71.628747,-40.766013],[-71.628647,-40.766044],[-71.628548,-40.766078],[-71.628448,-40.766115],[-71.628353,-40.766151],[-71.628257,-40.76619],[-71.628166,-40.766229],[-71.628105,-40.766265],[-71.628068,-40.766287],[-71.628034,-40.766308],[-71.628002,-40.766329],[-71.627969,-40.766351],[-71.627583,-40.766592],[-71.627244,-40.766805],[-71.627212,-40.766826],[-71.62718,-40.766851],[-71.627146,-40.766879],[-71.627114,-40.766908],[-71.627086,-40.766938],[-71.626942,-40.767099],[-71.626922,-40.76712],[-71.626902,-40.767141],[-71.62688,-40.767161],[-71.626855,-40.767181],[-71.626829,-40.7672],[-71.626803,-40.767219],[-71.626776,-40.767238],[-71.626746,-40.767257],[-71.626666,-40.767307],[-71.626577,-40.767357],[-71.626489,-40.767405],[-71.626402,-40.767448],[-71.625766,-40.767786],[-71.625686,-40.767828],[-71.625598,-40.767872],[-71.625507,-40.767914],[-71.625409,-40.767956],[-71.625306,-40.767998],[-71.625195,-40.768041],[-71.625085,-40.768081],[-71.624972,-40.768118],[-71.624857,-40.768155],[-71.624738,-40.768189],[-71.624614,-40.768222],[-71.624495,-40.768251],[-71.624366,-40.768279],[-71.624233,-40.768305],[-71.624098,-40.768328],[-71.623966,-40.768346],[-71.623831,-40.768361],[-71.62369,-40.768374],[-71.623555,-40.768383],[-71.623419,-40.76839],[-71.623292,-40.768395],[-71.62316,-40.7684],[-71.622754,-40.768398],[-71.622441,-40.768421],[-71.622304,-40.768429],[-71.622147,-40.768439],[-71.621825,-40.768478],[-71.621469,-40.768569],[-71.620775,-40.768787],[-71.620511,-40.768834],[-71.620186,-40.768878],[-71.619916,-40.768972],[-71.619829,-40.769008],[-71.61976,-40.769038],[-71.619645,-40.769095],[-71.619565,-40.769148],[-71.619455,-40.769226],[-71.619334,-40.769338],[-71.619178,-40.769541],[-71.618801,-40.770526],[-71.618617,-40.770944],[-71.61829,-40.771492],[-71.61779,-40.772235],[-71.617393,-40.772742],[-71.617055,-40.773218],[-71.616849,-40.773514],[-71.616644,-40.773801],[-71.61617,-40.77449],[-71.616123,-40.774558],[-71.616038,-40.774675],[-71.616019,-40.774703],[-71.615981,-40.77476],[-71.615683,-40.77517],[-71.615532,-40.775377],[-71.615361,-40.775601],[-71.615211,-40.775784],[-71.615032,-40.776],[-71.614719,-40.776371],[-71.614578,-40.776543],[-71.614426,-40.776725],[-71.614278,-40.776898],[-71.614114,-40.777087],[-71.61396,-40.777277],[-71.613804,-40.777466],[-71.613709,-40.777586],[-71.613626,-40.777697],[-71.613564,-40.777787],[-71.613477,-40.777919],[-71.61339,-40.778061],[-71.613347,-40.77814],[-71.613306,-40.778234],[-71.613252,-40.778354],[-71.613121,-40.778327],[-71.612723,-40.778238],[-71.612448,-40.778205],[-71.612042,-40.778207],[-71.611746,-40.778244],[-71.611628,-40.778288],[-71.611448,-40.778497],[-71.611247,-40.778836],[-71.611153,-40.778904],[-71.611045,-40.778937],[-71.610651,-40.778903],[-71.610449,-40.778842],[-71.610319,-40.778845],[-71.610195,-40.778865],[-71.609737,-40.779012],[-71.609552,-40.77901],[-71.609418,-40.778979],[-71.609303,-40.778918],[-71.609075,-40.778614],[-71.608906,-40.778475],[-71.608686,-40.778417],[-71.608475,-40.778412],[-71.608281,-40.778459],[-71.608091,-40.778529],[-71.607317,-40.778993],[-71.606913,-40.779235],[-71.606639,-40.779347],[-71.606339,-40.779394],[-71.606114,-40.779371],[-71.605775,-40.779319],[-71.605588,-40.779324],[-71.605396,-40.779396],[-71.605145,-40.779643],[-71.604944,-40.77979],[-71.604746,-40.779885],[-71.604571,-40.779887],[-71.604422,-40.779856],[-71.604236,-40.779771],[-71.604121,-40.779668],[-71.604048,-40.77953],[-71.60406,-40.779384],[-71.604173,-40.779233],[-71.604563,-40.778981],[-71.605472,-40.778471],[-71.60573,-40.7784],[-71.605976,-40.778382],[-71.606458,-40.778391],[-71.606816,-40.778422],[-71.607083,-40.778423],[-71.607318,-40.778405],[-71.607532,-40.778364],[-71.607741,-40.778251],[-71.608135,-40.777839],[-71.60823,-40.777718],[-71.608699,-40.777094],[-71.608812,-40.776957],[-71.608924,-40.776877],[-71.609212,-40.776827],[-71.609623,-40.776817],[-71.609743,-40.776773],[-71.609804,-40.776708],[-71.609802,-40.776647],[-71.60976,-40.77654],[-71.609681,-40.776399],[-71.609461,-40.77612],[-71.609429,-40.775999],[-71.609452,-40.775853],[-71.609531,-40.775733],[-71.60967,-40.775624],[-71.609904,-40.775551],[-71.610406,-40.775421],[-71.610846,-40.775285],[-71.611351,-40.775066],[-71.6115,-40.774936],[-71.611645,-40.774744],[-71.611741,-40.774469],[-71.61181,-40.773704],[-71.611781,-40.773612],[-71.61168,-40.773529],[-71.611546,-40.773502],[-71.611385,-40.773548],[-71.611289,-40.773628],[-71.611261,-40.773761],[-71.611343,-40.774004],[-71.611418,-40.774159],[-71.611411,-40.774328],[-71.611339,-40.774488],[-71.611192,-40.774613],[-71.610675,-40.774851],[-71.60982,-40.775087],[-71.609079,-40.775428],[-71.60881,-40.775632],[-71.60831,-40.77614],[-71.608155,-40.776267],[-71.60801,-40.776345],[-71.607849,-40.776374],[-71.607643,-40.776358],[-71.607302,-40.776274],[-71.60718,-40.776261],[-71.607097,-40.776276],[-71.60691,-40.776338],[-71.60673,-40.776387],[-71.606544,-40.776389],[-71.606328,-40.776365],[-71.606117,-40.776303],[-71.605939,-40.776229],[-71.605824,-40.776141],[-71.605727,-40.776014],[-71.605686,-40.775867],[-71.605679,-40.775677],[-71.6057,-40.77546],[-71.605789,-40.775228],[-71.605904,-40.774978],[-71.606069,-40.774744],[-71.606265,-40.774532],[-71.607036,-40.773804],[-71.607355,-40.77357],[-71.607856,-40.773256],[-71.60853,-40.772864],[-71.608665,-40.772769],[-71.608718,-40.772656],[-71.608754,-40.772522],[-71.60872,-40.772366],[-71.60864,-40.77225],[-71.608536,-40.772188],[-71.608335,-40.772135],[-71.608071,-40.772164],[-71.607728,-40.772295],[-71.607268,-40.772496],[-71.606934,-40.772564],[-71.606626,-40.772603],[-71.606313,-40.772623],[-71.605916,-40.772566],[-71.605281,-40.772382],[-71.605075,-40.772337],[-71.604838,-40.772347],[-71.604514,-40.772415],[-71.604265,-40.772527],[-71.603649,-40.772808],[-71.602771,-40.773283],[-71.602396,-40.773475],[-71.602017,-40.773599],[-71.601711,-40.773659],[-71.60139,-40.773694],[-71.601013,-40.773716],[-71.600617,-40.77369],[-71.600349,-40.773629],[-71.60012,-40.773551],[-71.599832,-40.773449],[-71.598779,-40.773078],[-71.59851,-40.772937],[-71.598268,-40.772771],[-71.597732,-40.772292],[-71.597221,-40.771755],[-71.59705,-40.771478],[-71.596984,-40.77128],[-71.597017,-40.771072],[-71.597119,-40.770747],[-71.597128,-40.770621],[-71.597072,-40.770498],[-71.596711,-40.770095],[-71.59657,-40.769888],[-71.596505,-40.769685],[-71.596432,-40.769132],[-71.596342,-40.768232],[-71.596285,-40.768079],[-71.596148,-40.767926],[-71.595766,-40.767539],[-71.595603,-40.767353],[-71.5954,-40.767028],[-71.595357,-40.766859],[-71.595364,-40.76659],[-71.595368,-40.766369],[-71.595357,-40.766221],[-71.595296,-40.766103],[-71.59525,-40.765979],[-71.595094,-40.765613],[-71.595048,-40.765481],[-71.595045,-40.76537],[-71.595065,-40.765278],[-71.595214,-40.76498],[-71.595335,-40.76474],[-71.595392,-40.764543],[-71.595463,-40.764088],[-71.595508,-40.763652],[-71.595554,-40.76274],[-71.595582,-40.761857],[-71.595611,-40.76164],[-71.595687,-40.761382],[-71.596125,-40.760172],[-71.596139,-40.760021],[-71.59611,-40.759788],[-71.596018,-40.759545],[-71.59581,-40.759227],[-71.59569,-40.759101],[-71.595489,-40.758976],[-71.595264,-40.758863],[-71.594868,-40.758704],[-71.594612,-40.758554],[-71.594587,-40.758533],[-71.594443,-40.758418],[-71.594241,-40.758232],[-71.594124,-40.758103],[-71.593975,-40.757828],[-71.59387,-40.757553],[-71.5937,-40.756644],[-71.593619,-40.756426],[-71.593302,-40.755851],[-71.593211,-40.755825],[-71.593158,-40.7558],[-71.593114,-40.755737],[-71.593089,-40.755659],[-71.593094,-40.755583],[-71.593102,-40.75553],[-71.592988,-40.755452],[-71.592928,-40.755402],[-71.59288,-40.7553],[-71.59288,-40.755259],[-71.592899,-40.755223],[-71.592925,-40.755198],[-71.592968,-40.755188],[-71.593001,-40.755191],[-71.593085,-40.75523],[-71.593085,-40.75523],[-71.593132,-40.755283],[-71.593157,-40.755337],[-71.593147,-40.755412],[-71.593181,-40.75551],[-71.593237,-40.755534],[-71.593297,-40.75557],[-71.593338,-40.755616],[-71.59337,-40.755725],[-71.593357,-40.755814],[-71.593302,-40.755851],[-71.593619,-40.756426],[-71.5937,-40.756644],[-71.59387,-40.757553],[-71.593975,-40.757828],[-71.594124,-40.758103],[-71.594241,-40.758232],[-71.594443,-40.758418],[-71.594587,-40.758533],[-71.594612,-40.758554],[-71.594868,-40.758704],[-71.595264,-40.758863],[-71.595489,-40.758976],[-71.59569,-40.759101],[-71.59581,-40.759227],[-71.596018,-40.759545],[-71.59611,-40.759788],[-71.596139,-40.760021],[-71.596125,-40.760172],[-71.595687,-40.761382],[-71.595611,-40.76164],[-71.595582,-40.761857],[-71.595554,-40.76274],[-71.595508,-40.763652],[-71.595463,-40.764088],[-71.595392,-40.764543],[-71.595335,-40.76474],[-71.595214,-40.76498],[-71.595065,-40.765278],[-71.595045,-40.76537],[-71.595048,-40.765481],[-71.595094,-40.765613],[-71.59525,-40.765979],[-71.595296,-40.766103],[-71.595357,-40.766221],[-71.595368,-40.766369],[-71.595364,-40.76659],[-71.595357,-40.766859],[-71.5954,-40.767028],[-71.595603,-40.767353],[-71.595766,-40.767539],[-71.596148,-40.767926],[-71.596285,-40.768079],[-71.596342,-40.768232],[-71.596432,-40.769132],[-71.596505,-40.769685],[-71.59657,-40.769888],[-71.596711,-40.770095],[-71.597072,-40.770498],[-71.597128,-40.770621],[-71.597119,-40.770747],[-71.597017,-40.771072],[-71.596984,-40.77128],[-71.59705,-40.771478],[-71.597221,-40.771755],[-71.597732,-40.772292],[-71.598268,-40.772771],[-71.59851,-40.772937],[-71.598779,-40.773078],[-71.599832,-40.773449],[-71.60012,-40.773551],[-71.600349,-40.773629],[-71.600617,-40.77369],[-71.601013,-40.773716],[-71.60139,-40.773694],[-71.601711,-40.773659],[-71.602017,-40.773599],[-71.602396,-40.773475],[-71.602771,-40.773283],[-71.603649,-40.772808],[-71.604265,-40.772527],[-71.604514,-40.772415],[-71.604838,-40.772347],[-71.605075,-40.772337],[-71.605281,-40.772382],[-71.605916,-40.772566],[-71.606313,-40.772623],[-71.606626,-40.772603],[-71.606934,-40.772564],[-71.607268,-40.772496],[-71.607728,-40.772295],[-71.608071,-40.772164],[-71.608335,-40.772135],[-71.608536,-40.772188],[-71.60864,-40.77225],[-71.60872,-40.772366],[-71.608754,-40.772522],[-71.608718,-40.772656],[-71.608665,-40.772769],[-71.60853,-40.772864],[-71.607856,-40.773256],[-71.607355,-40.77357],[-71.607036,-40.773804],[-71.606265,-40.774532],[-71.606069,-40.774744],[-71.605904,-40.774978],[-71.605789,-40.775228],[-71.6057,-40.77546],[-71.605679,-40.775677],[-71.605686,-40.775867],[-71.605727,-40.776014],[-71.605824,-40.776141],[-71.605939,-40.776229],[-71.606117,-40.776303],[-71.606328,-40.776365],[-71.606544,-40.776389],[-71.60673,-40.776387],[-71.60691,-40.776338],[-71.607097,-40.776276],[-71.60718,-40.776261],[-71.607302,-40.776274],[-71.607643,-40.776358],[-71.607849,-40.776374],[-71.60801,-40.776345],[-71.608155,-40.776267],[-71.60831,-40.77614],[-71.60881,-40.775632],[-71.609079,-40.775428],[-71.60982,-40.775087],[-71.610675,-40.774851],[-71.611192,-40.774613],[-71.611339,-40.774488],[-71.611411,-40.774328],[-71.611418,-40.774159],[-71.611343,-40.774004],[-71.611261,-40.773761],[-71.611289,-40.773628],[-71.611385,-40.773548],[-71.611546,-40.773502],[-71.61168,-40.773529],[-71.611781,-40.773612],[-71.61181,-40.773704],[-71.611741,-40.774469],[-71.611645,-40.774744],[-71.6115,-40.774936],[-71.611351,-40.775066],[-71.610846,-40.775285],[-71.610406,-40.775421],[-71.609904,-40.775551],[-71.60967,-40.775624],[-71.609531,-40.775733],[-71.609452,-40.775853],[-71.609429,-40.775999],[-71.609461,-40.77612],[-71.609681,-40.776399],[-71.60976,-40.77654],[-71.609802,-40.776647],[-71.609804,-40.776708],[-71.609743,-40.776773],[-71.609623,-40.776817],[-71.609212,-40.776827],[-71.608924,-40.776877],[-71.608812,-40.776957],[-71.608699,-40.777094],[-71.60823,-40.777718],[-71.608135,-40.777839],[-71.607741,-40.778251],[-71.607532,-40.778364],[-71.607318,-40.778405],[-71.607083,-40.778423],[-71.606816,-40.778422],[-71.606458,-40.778391],[-71.605976,-40.778382],[-71.60573,-40.7784],[-71.605472,-40.778471],[-71.604563,-40.778981],[-71.604173,-40.779233],[-71.60406,-40.779384],[-71.604048,-40.77953],[-71.604121,-40.779668],[-71.604236,-40.779771],[-71.604422,-40.779856],[-71.604571,-40.779887],[-71.604746,-40.779885],[-71.604944,-40.77979],[-71.605145,-40.779643],[-71.605396,-40.779396],[-71.605588,-40.779324],[-71.605775,-40.779319],[-71.606114,-40.779371],[-71.606339,-40.779394],[-71.606639,-40.779347],[-71.606913,-40.779235],[-71.607317,-40.778993],[-71.608091,-40.778529],[-71.608281,-40.778459],[-71.608475,-40.778412],[-71.608686,-40.778417],[-71.608906,-40.778475],[-71.609075,-40.778614],[-71.609303,-40.778918],[-71.609418,-40.778979],[-71.609552,-40.77901],[-71.609737,-40.779012],[-71.610195,-40.778865],[-71.610319,-40.778845],[-71.610449,-40.778842],[-71.610651,-40.778903],[-71.611045,-40.778937],[-71.611153,-40.778904],[-71.611247,-40.778836],[-71.611448,-40.778497],[-71.611628,-40.778288],[-71.611746,-40.778244],[-71.612042,-40.778207],[-71.612448,-40.778205],[-71.612723,-40.778238],[-71.613121,-40.778327],[-71.613252,-40.778354],[-71.613205,-40.778472],[-71.61317,-40.778584],[-71.613133,-40.778727],[-71.613109,-40.778842],[-71.613077,-40.778981],[-71.613051,-40.779126],[-71.613019,-40.779289],[-71.612898,-40.779996],[-71.612801,-40.78037],[-71.612638,-40.780667],[-71.612562,-40.780773],[-71.612477,-40.780872],[-71.61234,-40.780991],[-71.612187,-40.781104],[-71.61193,-40.781259],[-71.611647,-40.78142],[-71.611424,-40.781539],[-71.611353,-40.781579],[-71.611176,-40.781675],[-71.610963,-40.78179],[-71.610715,-40.781917],[-71.610481,-40.782042],[-71.610324,-40.782117],[-71.610148,-40.782185],[-71.609926,-40.782253],[-71.609687,-40.782303],[-71.609517,-40.782328],[-71.609301,-40.78235],[-71.609128,-40.782367],[-71.609009,-40.782379],[-71.608873,-40.782402],[-71.608718,-40.782432],[-71.60858,-40.782469],[-71.608459,-40.78251],[-71.608292,-40.782581],[-71.608161,-40.782646],[-71.608013,-40.782737],[-71.607901,-40.782814],[-71.607787,-40.782905],[-71.6077,-40.782987],[-71.607599,-40.783085],[-71.607397,-40.783285],[-71.607166,-40.783514],[-71.607017,-40.783662],[-71.606705,-40.783967],[-71.606547,-40.784126],[-71.606466,-40.784202],[-71.606395,-40.78427],[-71.606308,-40.784354],[-71.606188,-40.784456],[-71.605886,-40.784679],[-71.605711,-40.784795],[-71.605533,-40.784899],[-71.605262,-40.785051],[-71.605102,-40.785142],[-71.604943,-40.785231],[-71.604739,-40.785344],[-71.604531,-40.785462],[-71.604373,-40.785553],[-71.604214,-40.785656],[-71.60412,-40.785713],[-71.604021,-40.785786],[-71.60384,-40.78592],[-71.603698,-40.786033],[-71.603535,-40.786172],[-71.603406,-40.786293],[-71.603262,-40.786431],[-71.602981,-40.786706],[-71.602171,-40.787512],[-71.601947,-40.787728],[-71.601752,-40.787919],[-71.60155,-40.788114],[-71.601507,-40.788155],[-71.601191,-40.788462],[-71.600883,-40.788771],[-71.600546,-40.789071],[-71.600386,-40.789197],[-71.600276,-40.789267],[-71.600161,-40.789335],[-71.599991,-40.789425],[-71.599798,-40.789505],[-71.599663,-40.78955],[-71.599512,-40.78959],[-71.599294,-40.789635],[-71.599032,-40.789673],[-71.598704,-40.789704],[-71.598142,-40.789757],[-71.59733,-40.789837],[-71.596939,-40.789877],[-71.59664,-40.789933],[-71.596383,-40.789994],[-71.596181,-40.790055],[-71.595978,-40.790153],[-71.595795,-40.790278],[-71.595662,-40.79038],[-71.595522,-40.790522],[-71.595411,-40.790665],[-71.595337,-40.790785],[-71.595286,-40.790892],[-71.595203,-40.791146],[-71.595191,-40.791187],[-71.595188,-40.791244],[-71.595197,-40.791467],[-71.595261,-40.792129],[-71.595279,-40.792407],[-71.595276,-40.792534],[-71.59525,-40.792811],[-71.59524,-40.79286],[-71.595214,-40.792982],[-71.595146,-40.793171],[-71.595005,-40.793442],[-71.594826,-40.793705],[-71.594478,-40.794054],[-71.594145,-40.794308],[-71.594023,-40.794402],[-71.593923,-40.794478],[-71.593533,-40.794785],[-71.59346,-40.794842],[-71.593144,-40.79509],[-71.592706,-40.795442],[-71.592438,-40.795669],[-71.592262,-40.795818],[-71.591837,-40.796144],[-71.591809,-40.796166],[-71.591761,-40.796205],[-71.591537,-40.796384],[-71.59069,-40.797081],[-71.590454,-40.797272],[-71.590348,-40.797445],[-71.590277,-40.797612],[-71.590218,-40.797823],[-71.590078,-40.798449],[-71.590003,-40.798761],[-71.589907,-40.798969],[-71.589674,-40.799305],[-71.589541,-40.799415],[-71.589435,-40.799504],[-71.588861,-40.799967],[-71.588379,-40.800395],[-71.588078,-40.80071],[-71.587858,-40.800999],[-71.58766,-40.801275],[-71.587311,-40.801766],[-71.587032,-40.802156],[-71.586834,-40.802461],[-71.586705,-40.802676],[-71.586619,-40.802871],[-71.586447,-40.803338],[-71.586346,-40.80361],[-71.586238,-40.803845],[-71.585949,-40.804373],[-71.585734,-40.804783],[-71.58571,-40.804843],[-71.585659,-40.804999],[-71.58553,-40.805478],[-71.58546,-40.805738],[-71.585452,-40.805763],[-71.585385,-40.805981],[-71.585326,-40.806115],[-71.585224,-40.806249],[-71.584983,-40.806537],[-71.584666,-40.806891],[-71.584484,-40.807094],[-71.584382,-40.807264],[-71.584328,-40.807423],[-71.584302,-40.807601],[-71.584291,-40.807881],[-71.584294,-40.808335],[-71.584269,-40.808557],[-71.584226,-40.808699],[-71.584173,-40.808815],[-71.584105,-40.808935],[-71.584023,-40.809038],[-71.583723,-40.809353],[-71.583615,-40.809456],[-71.583482,-40.809561],[-71.583295,-40.809685],[-71.583108,-40.809769],[-71.582569,-40.809944],[-71.582269,-40.810044],[-71.582025,-40.810159],[-71.581692,-40.810332],[-71.581427,-40.810482],[-71.581075,-40.810708],[-71.580761,-40.810935],[-71.580513,-40.811168],[-71.580314,-40.811392],[-71.579598,-40.812453],[-71.579335,-40.812805],[-71.579164,-40.813006],[-71.578969,-40.813212],[-71.578536,-40.813629],[-71.578329,-40.813799],[-71.577537,-40.814365],[-71.577388,-40.814505],[-71.577269,-40.814636],[-71.577138,-40.814809],[-71.577044,-40.814968],[-71.576767,-40.815544],[-71.576627,-40.815789],[-71.576456,-40.815992],[-71.576359,-40.816091],[-71.576219,-40.81619],[-71.575925,-40.816345],[-71.575593,-40.816482],[-71.57524,-40.816577],[-71.57497,-40.816659],[-71.574839,-40.816706],[-71.574696,-40.816774],[-71.574544,-40.816846],[-71.574367,-40.816956],[-71.574206,-40.817063],[-71.574048,-40.817167],[-71.573779,-40.817341],[-71.573592,-40.817458],[-71.573427,-40.817539],[-71.573222,-40.817609],[-71.572909,-40.817681],[-71.572607,-40.817737],[-71.572312,-40.817784],[-71.571941,-40.817843],[-71.571489,-40.817924],[-71.571017,-40.818006],[-71.570767,-40.818052],[-71.570505,-40.818107],[-71.570319,-40.818157],[-71.570097,-40.818226],[-71.569921,-40.81829],[-71.569784,-40.818346],[-71.56953,-40.818458],[-71.569353,-40.81854],[-71.569133,-40.818649],[-71.568991,-40.818738],[-71.568516,-40.819055],[-71.568224,-40.819249],[-71.567941,-40.819445],[-71.567785,-40.819559],[-71.567688,-40.819639],[-71.567591,-40.819731],[-71.567487,-40.819845],[-71.567428,-40.819927],[-71.567377,-40.820022],[-71.567338,-40.820117],[-71.567304,-40.820234],[-71.567276,-40.820369],[-71.567255,-40.820542],[-71.56722,-40.820929],[-71.567181,-40.821293],[-71.567133,-40.821823],[-71.567077,-40.822406],[-71.567063,-40.822542],[-71.56705,-40.82272],[-71.567039,-40.82287],[-71.567025,-40.82298],[-71.567,-40.823108],[-71.566983,-40.823195],[-71.566954,-40.82329],[-71.566914,-40.823389],[-71.566885,-40.823454],[-71.566838,-40.823538],[-71.566785,-40.82362],[-71.566738,-40.823689],[-71.566673,-40.82377],[-71.566623,-40.823826],[-71.566551,-40.823906],[-71.566457,-40.824007],[-71.566281,-40.824182],[-71.566092,-40.824367],[-71.565712,-40.824746],[-71.565356,-40.825097],[-71.565006,-40.825436],[-71.56494,-40.825499],[-71.564894,-40.825542],[-71.56485,-40.825584],[-71.564775,-40.825654],[-71.564485,-40.825932],[-71.564092,-40.826317],[-71.563846,-40.82656],[-71.563738,-40.826666],[-71.563397,-40.827002],[-71.56332,-40.827078],[-71.562762,-40.827627],[-71.562623,-40.827768],[-71.562509,-40.827884],[-71.562424,-40.827981],[-71.562331,-40.828101],[-71.562155,-40.828326],[-71.561876,-40.828703],[-71.561366,-40.829393],[-71.561033,-40.829728],[-71.560284,-40.830418],[-71.559954,-40.830694],[-71.559652,-40.830881],[-71.55932,-40.831014],[-71.558976,-40.831093],[-71.55856,-40.831138],[-71.556063,-40.831297],[-71.555679,-40.831338],[-71.555411,-40.831404],[-71.555143,-40.831519],[-71.554832,-40.831692],[-71.554477,-40.831984],[-71.554133,-40.83229],[-71.553984,-40.8324],[-71.553803,-40.832503],[-71.553435,-40.832652],[-71.552095,-40.833104],[-71.551693,-40.833202],[-71.551307,-40.833252],[-71.550805,-40.833276],[-71.550315,-40.833246],[-71.549809,-40.833169],[-71.549251,-40.833084],[-71.548762,-40.833049],[-71.548496,-40.833055],[-71.548222,-40.833086],[-71.545029,-40.833747],[-71.543944,-40.833985],[-71.543417,-40.834161],[-71.543214,-40.83429],[-71.543059,-40.834443],[-71.542985,-40.834564],[-71.542936,-40.834679],[-71.542894,-40.834905],[-71.542856,-40.835235],[-71.542836,-40.836108],[-71.54275,-40.836404],[-71.542658,-40.836555],[-71.542534,-40.8367],[-71.542253,-40.836927],[-71.541889,-40.837096],[-71.541488,-40.837191],[-71.540976,-40.837247],[-71.538395,-40.837245],[-71.538043,-40.837252],[-71.537827,-40.83727],[-71.537631,-40.837287],[-71.537367,-40.837324],[-71.537114,-40.837392],[-71.536889,-40.837533],[-71.536765,-40.837632],[-71.536257,-40.838201],[-71.535221,-40.839395],[-71.534922,-40.839708],[-71.534622,-40.839948],[-71.534294,-40.840121],[-71.533961,-40.840233],[-71.532997,-40.840413],[-71.529911,-40.840993],[-71.528576,-40.841288],[-71.527534,-40.841571],[-71.52717,-40.84174],[-71.526854,-40.841922],[-71.526516,-40.842162],[-71.526243,-40.842391],[-71.526082,-40.842576],[-71.525955,-40.842756],[-71.525807,-40.843017],[-71.525724,-40.843254],[-71.525559,-40.844624],[-71.525477,-40.844943],[-71.525379,-40.845214],[-71.525184,-40.845552],[-71.524964,-40.845883],[-71.523483,-40.847798],[-71.522278,-40.849253],[-71.522053,-40.84949],[-71.521812,-40.849689],[-71.520836,-40.850373],[-71.520483,-40.850641],[-71.520178,-40.85091],[-71.51983,-40.851274],[-71.519197,-40.852051],[-71.518396,-40.853017],[-71.518066,-40.853415],[-71.51774,-40.853808],[-71.517202,-40.854376],[-71.516858,-40.854674],[-71.516595,-40.854867],[-71.515996,-40.855269],[-71.514934,-40.855903],[-71.513471,-40.856719],[-71.513107,-40.856944],[-71.512808,-40.857169],[-71.511988,-40.857924],[-71.511549,-40.858413],[-71.511421,-40.858612],[-71.511341,-40.858786],[-71.511264,-40.859009],[-71.511212,-40.859232],[-71.511183,-40.859431],[-71.511171,-40.85968],[-71.51112,-40.860233],[-71.5111,-40.860371],[-71.511055,-40.860522],[-71.510983,-40.8607],[-71.510695,-40.861044],[-71.510365,-40.861338],[-71.510189,-40.86154],[-71.510012,-40.861833],[-71.509932,-40.862001],[-71.509884,-40.862145],[-71.509859,-40.862318],[-71.509875,-40.862535],[-71.509965,-40.863256],[-71.510112,-40.864353],[-71.510116,-40.864586],[-71.510103,-40.864789],[-71.510037,-40.865134],[-71.509807,-40.865956],[-71.509706,-40.866267],[-71.509118,-40.867751],[-71.508553,-40.86904],[-71.508469,-40.869201],[-71.508361,-40.869375],[-71.507892,-40.870006],[-71.507781,-40.870236],[-71.50771,-40.870478],[-71.507695,-40.870777],[-71.507752,-40.871077],[-71.50788,-40.871474],[-71.508172,-40.87234],[-71.508255,-40.872605],[-71.508289,-40.872856],[-71.508323,-40.873396],[-71.508249,-40.874062],[-71.508186,-40.874296],[-71.508126,-40.874432],[-71.508037,-40.874573],[-71.507427,-40.875342],[-71.507307,-40.875599],[-71.507235,-40.875832],[-71.507232,-40.876139],[-71.507266,-40.876338],[-71.507502,-40.877095],[-71.50753,-40.877415],[-71.507459,-40.877763],[-71.507323,-40.878134],[-71.50722,-40.878358],[-71.507101,-40.878538],[-71.506843,-40.87883],[-71.506368,-40.879317],[-71.506249,-40.879464],[-71.506179,-40.879587],[-71.506002,-40.880058],[-71.505876,-40.880323],[-71.505779,-40.880475],[-71.50565,-40.880634],[-71.505318,-40.881002],[-71.505139,-40.881267],[-71.505032,-40.881473],[-71.504933,-40.881722],[-71.504637,-40.882513],[-71.504561,-40.882672],[-71.504139,-40.883408],[-71.503807,-40.884088],[-71.503538,-40.884713],[-71.50338,-40.884994],[-71.503221,-40.885251],[-71.502396,-40.886427],[-71.50197,-40.887065],[-71.501671,-40.887458],[-71.501509,-40.887625],[-71.501258,-40.887792],[-71.500951,-40.887927],[-71.500438,-40.888094],[-71.49943,-40.888293],[-71.498816,-40.888445],[-71.498532,-40.888559],[-71.49817,-40.888742],[-71.497921,-40.888931],[-71.497737,-40.889095],[-71.49732,-40.889511],[-71.497096,-40.889801],[-71.496913,-40.89009],[-71.49647,-40.891154],[-71.496363,-40.891344],[-71.496232,-40.891552],[-71.495548,-40.892326],[-71.495456,-40.89251],[-71.495388,-40.892687],[-71.495215,-40.893415],[-71.495164,-40.893553],[-71.495121,-40.893648],[-71.495042,-40.893762],[-71.494923,-40.893894],[-71.494344,-40.894474],[-71.494216,-40.894613],[-71.494105,-40.894801],[-71.492276,-40.897567],[-71.490221,-40.900397],[-71.490077,-40.900593],[-71.489933,-40.900734],[-71.489685,-40.900892],[-71.488968,-40.90129],[-71.488235,-40.901667],[-71.487721,-40.901859],[-71.487097,-40.90203],[-71.486401,-40.90222],[-71.48582,-40.90236],[-71.485439,-40.902429],[-71.483059,-40.902703],[-71.482325,-40.902784],[-71.481893,-40.902783],[-71.481502,-40.902758],[-71.480662,-40.902676],[-71.480406,-40.902665],[-71.480143,-40.902684],[-71.47946,-40.902758],[-71.479042,-40.902758],[-71.478678,-40.902708],[-71.478468,-40.902637],[-71.47827,-40.90253],[-71.478074,-40.902384],[-71.477956,-40.902253],[-71.477863,-40.902106],[-71.477802,-40.901955],[-71.47775,-40.901795],[-71.477551,-40.900907],[-71.477482,-40.900605],[-71.477318,-40.900098],[-71.477257,-40.899999],[-71.477163,-40.899843],[-71.477009,-40.899592],[-71.475081,-40.896978],[-71.474854,-40.896716],[-71.474592,-40.896532],[-71.474421,-40.896442],[-71.474216,-40.896372],[-71.473992,-40.896321],[-71.473743,-40.896294],[-71.473255,-40.896289],[-71.472929,-40.89629],[-71.472057,-40.896302],[-71.471851,-40.896322],[-71.471621,-40.896366],[-71.471372,-40.896445],[-71.471075,-40.896566],[-71.470889,-40.896712],[-71.470735,-40.896859],[-71.470592,-40.897061],[-71.468247,-40.901154],[-71.468068,-40.901453],[-71.467932,-40.901659],[-71.467795,-40.90184],[-71.467468,-40.902181],[-71.467269,-40.902353],[-71.467038,-40.902525],[-71.46533,-40.903618],[-71.464786,-40.90392],[-71.464504,-40.904044],[-71.464164,-40.904163],[-71.463249,-40.904402],[-71.463025,-40.904471],[-71.462834,-40.90454],[-71.462406,-40.904708],[-71.46212,-40.904832],[-71.461844,-40.90497],[-71.461482,-40.905183],[-71.461154,-40.905399],[-71.460586,-40.905845],[-71.460045,-40.906272],[-71.45844,-40.907441],[-71.45731,-40.908274],[-71.457053,-40.908442],[-71.456804,-40.908591],[-71.456542,-40.908714],[-71.456181,-40.908838],[-71.454886,-40.90916],[-71.454607,-40.909249],[-71.454377,-40.909344],[-71.454055,-40.909529],[-71.453858,-40.909726],[-71.453678,-40.909959],[-71.453564,-40.91018],[-71.453504,-40.910399],[-71.453232,-40.911741],[-71.452903,-40.913008],[-71.452891,-40.913056],[-71.452864,-40.913142],[-71.452799,-40.913479],[-71.452692,-40.913726],[-71.452539,-40.913986],[-71.452402,-40.914154],[-71.452256,-40.914285],[-71.452015,-40.91451],[-71.451808,-40.914679],[-71.451535,-40.914848],[-71.448847,-40.916228],[-71.448502,-40.916405],[-71.445659,-40.917925],[-71.44534,-40.918079],[-71.444988,-40.918232],[-71.443715,-40.918649],[-71.443342,-40.91878],[-71.443058,-40.918906],[-71.442706,-40.919108],[-71.442457,-40.919303],[-71.441852,-40.919835],[-71.44172,-40.919919],[-71.441556,-40.920016],[-71.441282,-40.920135],[-71.441011,-40.920219],[-71.440815,-40.920257],[-71.44053,-40.920302],[-71.43997,-40.92039],[-71.439627,-40.920451],[-71.439355,-40.920522],[-71.439202,-40.920594],[-71.439015,-40.920691],[-71.438641,-40.920939],[-71.438118,-40.921301],[-71.437878,-40.921481],[-71.437649,-40.921707],[-71.437523,-40.921863],[-71.437422,-40.922],[-71.437055,-40.922624],[-71.43651,-40.923489],[-71.436237,-40.923848],[-71.435968,-40.924138],[-71.435635,-40.924427],[-71.435175,-40.924718],[-71.434668,-40.924979],[-71.434354,-40.925107],[-71.433603,-40.925336],[-71.432386,-40.925665],[-71.432269,-40.925696],[-71.430933,-40.926008],[-71.430063,-40.926262],[-71.428363,-40.926836],[-71.427453,-40.92717],[-71.426986,-40.927322],[-71.426538,-40.92746],[-71.426345,-40.927506],[-71.425662,-40.927674],[-71.425094,-40.927783],[-71.422843,-40.928115],[-71.422612,-40.928149],[-71.421687,-40.928301],[-71.421186,-40.928401],[-71.420689,-40.928541],[-71.420224,-40.92868],[-71.419768,-40.92885],[-71.41899,-40.929158],[-71.418203,-40.929526],[-71.417094,-40.930167],[-71.416552,-40.930487],[-71.416083,-40.930825],[-71.415855,-40.93102],[-71.415707,-40.931148],[-71.415062,-40.931885],[-71.414825,-40.932102],[-71.414589,-40.932295],[-71.413474,-40.933157],[-71.412835,-40.933594],[-71.412726,-40.933665],[-71.412478,-40.933813],[-71.412126,-40.93397],[-71.411772,-40.934092],[-71.411464,-40.934164],[-71.410864,-40.934262],[-71.410074,-40.934376],[-71.409349,-40.934497],[-71.408952,-40.934566],[-71.408564,-40.934673],[-71.408214,-40.934789],[-71.407823,-40.934936],[-71.406635,-40.935459],[-71.405206,-40.936122],[-71.404914,-40.936225],[-71.404713,-40.936283],[-71.404353,-40.936344],[-71.404028,-40.936354],[-71.403082,-40.936298],[-71.402753,-40.936305],[-71.402514,-40.93634],[-71.402246,-40.936404],[-71.402076,-40.936465],[-71.401907,-40.936574],[-71.401605,-40.936794],[-71.401094,-40.937176],[-71.40077,-40.937371],[-71.400566,-40.937467],[-71.400359,-40.937571],[-71.400083,-40.937693],[-71.399716,-40.937912],[-71.399376,-40.938153],[-71.398483,-40.938882],[-71.398241,-40.939046],[-71.397991,-40.939174],[-71.397695,-40.939308],[-71.39739,-40.939413],[-71.396912,-40.939515],[-71.396157,-40.939618],[-71.395302,-40.939752],[-71.394756,-40.93982],[-71.391667,-40.940053],[-71.390973,-40.940085],[-71.390504,-40.940086],[-71.390051,-40.940068],[-71.386771,-40.939711],[-71.385114,-40.939524],[-71.384602,-40.939509],[-71.384085,-40.939528],[-71.383544,-40.939598],[-71.380031,-40.940253],[-71.379902,-40.940275],[-71.37946,-40.940305],[-71.37915,-40.940317],[-71.378738,-40.940305],[-71.378251,-40.940244],[-71.377832,-40.940157],[-71.376021,-40.939583],[-71.375681,-40.939508],[-71.375283,-40.939439],[-71.374657,-40.939361],[-71.374264,-40.939335],[-71.3739,-40.939358],[-71.373374,-40.939434],[-71.372981,-40.939538],[-71.37274,-40.939633],[-71.372556,-40.939728],[-71.370883,-40.940874],[-71.370627,-40.941013],[-71.370054,-40.941266],[-71.369832,-40.941358],[-71.368138,-40.942077],[-71.36684,-40.942628],[-71.366561,-40.942733],[-71.366303,-40.9428],[-71.366251,-40.94281],[-71.366021,-40.94285],[-71.365759,-40.942878],[-71.365448,-40.942894],[-71.363984,-40.942965],[-71.363585,-40.942999],[-71.362313,-40.943232],[-71.361122,-40.943517],[-71.360735,-40.943647],[-71.360505,-40.943746],[-71.360259,-40.943877],[-71.359971,-40.94409],[-71.359002,-40.944948],[-71.358787,-40.945114],[-71.358531,-40.945286],[-71.35806,-40.945562],[-71.357006,-40.946156],[-71.356746,-40.946318],[-71.356535,-40.946461],[-71.356161,-40.946753],[-71.355305,-40.947486],[-71.355169,-40.947619],[-71.355043,-40.947797],[-71.354957,-40.947956],[-71.354888,-40.948124],[-71.354851,-40.948297],[-71.354825,-40.948558],[-71.354898,-40.950314],[-71.354903,-40.95056],[-71.354859,-40.950801],[-71.354803,-40.950979],[-71.354672,-40.951251],[-71.354541,-40.951441],[-71.354409,-40.951617],[-71.354334,-40.951691],[-71.354239,-40.951782],[-71.354082,-40.951916],[-71.353801,-40.952109],[-71.353472,-40.9523],[-71.352845,-40.952676],[-71.352477,-40.952971],[-71.352306,-40.953141],[-71.352175,-40.953279],[-71.352055,-40.95344],[-71.351959,-40.953594],[-71.351776,-40.95392],[-71.351416,-40.954714],[-71.351236,-40.955075],[-71.351056,-40.955435],[-71.350768,-40.955979],[-71.350523,-40.956423],[-71.350448,-40.956577],[-71.350397,-40.956774],[-71.350363,-40.956968],[-71.350258,-40.958447],[-71.350229,-40.958632],[-71.350172,-40.958831],[-71.350112,-40.958959],[-71.350024,-40.959102],[-71.349923,-40.959223],[-71.349784,-40.959348],[-71.349408,-40.959658],[-71.349194,-40.959868],[-71.349039,-40.960037],[-71.348924,-40.960177],[-71.348531,-40.960661],[-71.348295,-40.960897],[-71.34807,-40.9611],[-71.3471,-40.961992],[-71.346947,-40.962149],[-71.346793,-40.962357],[-71.346718,-40.96249],[-71.346667,-40.962605],[-71.346574,-40.962856],[-71.346097,-40.964263],[-71.34605,-40.964478],[-71.346027,-40.964668],[-71.346013,-40.964886],[-71.346031,-40.965105],[-71.34608,-40.965355],[-71.346181,-40.965633],[-71.346373,-40.966033],[-71.346695,-40.966612],[-71.34712,-40.967321],[-71.347619,-40.968194],[-71.347822,-40.968548],[-71.349321,-40.971199],[-71.349457,-40.971517],[-71.349511,-40.971692],[-71.34954,-40.971864],[-71.349558,-40.972128],[-71.349551,-40.972389],[-71.349524,-40.972579],[-71.349472,-40.972794],[-71.349386,-40.973025],[-71.348833,-40.974288],[-71.348694,-40.974589],[-71.348587,-40.974853],[-71.348504,-40.975106],[-71.34836,-40.975648],[-71.347956,-40.977441],[-71.347609,-40.978994],[-71.347294,-40.980345],[-71.346974,-40.981696],[-71.34654,-40.983307],[-71.346346,-40.984],[-71.345916,-40.985443],[-71.345242,-40.987643],[-71.342774,-40.995471],[-71.342728,-40.995684],[-71.342703,-40.995841],[-71.342695,-40.995998],[-71.342695,-40.996166],[-71.342728,-40.996347],[-71.342766,-40.99656],[-71.342837,-40.996773],[-71.342903,-40.996918],[-71.343032,-40.997179],[-71.34348,-40.998017],[-71.343533,-40.99821],[-71.343553,-40.998378],[-71.343546,-40.998586],[-71.343515,-40.998801],[-71.343432,-40.999023],[-71.343342,-40.999214],[-71.343213,-40.999403],[-71.343059,-40.999593],[-71.341394,-41.001124],[-71.340515,-41.001987],[-71.340229,-41.002291],[-71.340107,-41.002442],[-71.340009,-41.002581],[-71.339866,-41.002825],[-71.339741,-41.003081],[-71.339607,-41.003452],[-71.339513,-41.003838],[-71.339476,-41.004107],[-71.339439,-41.004854],[-71.339414,-41.005073],[-71.339364,-41.005291],[-71.339209,-41.005774],[-71.338911,-41.006602],[-71.338665,-41.007344],[-71.338586,-41.007689],[-71.338554,-41.007879],[-71.338532,-41.008121],[-71.338528,-41.009303],[-71.33851,-41.010018],[-71.33848,-41.011274],[-71.338446,-41.012895],[-71.338465,-41.013153],[-71.338493,-41.013362],[-71.338539,-41.013601],[-71.338618,-41.013845],[-71.338728,-41.014157],[-71.339018,-41.014826],[-71.339196,-41.015202],[-71.33947,-41.01509],[-71.339585,-41.015263],[-71.339697,-41.015544],[-71.33989,-41.015957],[-71.339941,-41.016086],[-71.340008,-41.01625],[-71.340089,-41.016378],[-71.340204,-41.016487],[-71.340341,-41.016509],[-71.340564,-41.016521],[-71.341258,-41.016497],[-71.343125,-41.016236],[-71.344327,-41.01611],[-71.347701,-41.015766],[-71.349412,-41.015617],[-71.351681,-41.01541],[-71.352422,-41.015341],[-71.354208,-41.015175],[-71.355952,-41.015022],[-71.356644,-41.014969],[-71.356939,-41.014981],[-71.357287,-41.015042],[-71.357888,-41.01524],[-71.358262,-41.015357],[-71.358391,-41.0154],[-71.359084,-41.015605],[-71.359615,-41.015766],[-71.360238,-41.015969],[-71.360538,-41.016034],[-71.360962,-41.016078],[-71.361391,-41.016082],[-71.36175,-41.01607],[-71.362153,-41.016066],[-71.363226,-41.016123],[-71.363741,-41.016131],[-71.364111,-41.016094],[-71.365211,-41.015766],[-71.366021,-41.015511],[-71.366621,-41.015382],[-71.367287,-41.015212],[-71.367496,-41.0152],[-71.36785,-41.015277],[-71.368016,-41.015382],[-71.368075,-41.015503],[-71.368145,-41.015673],[-71.368268,-41.015815],[-71.368499,-41.015904],[-71.368713,-41.01594],[-71.369132,-41.015888],[-71.370634,-41.015681],[-71.372506,-41.015451],[-71.373295,-41.015386],[-71.374292,-41.015196],[-71.37573,-41.014904],[-71.37749,-41.014406],[-71.378203,-41.014228],[-71.378717,-41.014102],[-71.379106,-41.01408],[-71.379629,-41.014043],[-71.380267,-41.013932],[-71.38072,-41.013867],[-71.381112,-41.013843],[-71.381986,-41.013869],[-71.383177,-41.01397],[-71.384127,-41.014092],[-71.384636,-41.014134],[-71.384999,-41.014258],[-71.385559,-41.014547],[-71.386399,-41.014919],[-71.386747,-41.015091],[-71.38697,-41.015249],[-71.387067,-41.015427],[-71.387252,-41.015719],[-71.387447,-41.016081],[-71.387513,-41.016312],[-71.387594,-41.016421],[-71.387712,-41.01647],[-71.387846,-41.016478],[-71.387987,-41.016439],[-71.388295,-41.016375],[-71.388496,-41.016366],[-71.388672,-41.016377],[-71.388925,-41.016475],[-71.389119,-41.016639],[-71.389305,-41.016807],[-71.389525,-41.016891],[-71.3898,-41.016982],[-71.390278,-41.017016],[-71.391007,-41.017081],[-71.391385,-41.017164],[-71.39155,-41.017215],[-71.391742,-41.017273],[-71.392128,-41.017419],[-71.392412,-41.017583],[-71.39278,-41.017892],[-71.393061,-41.018228],[-71.393218,-41.018404],[-71.393359,-41.018562],[-71.393692,-41.018981],[-71.394024,-41.019226],[-71.394223,-41.019327],[-71.394528,-41.019439],[-71.394832,-41.019542],[-71.395186,-41.019677],[-71.395371,-41.019839],[-71.395491,-41.020121],[-71.395556,-41.020394],[-71.39555,-41.020641],[-71.395478,-41.020857],[-71.395438,-41.02095],[-71.39547,-41.021076],[-71.395633,-41.021219],[-71.395837,-41.021333],[-71.396197,-41.021561],[-71.396481,-41.021733],[-71.396749,-41.021968],[-71.396991,-41.022255],[-71.397409,-41.022838],[-71.397621,-41.023172],[-71.397752,-41.023346],[-71.397921,-41.023464],[-71.398174,-41.023569],[-71.398431,-41.023721],[-71.399214,-41.024382],[-71.399799,-41.024823],[-71.399922,-41.024955],[-71.399957,-41.025046],[-71.39996,-41.025244],[-71.400008,-41.025366],[-71.400126,-41.025434],[-71.400284,-41.025447],[-71.40048,-41.025402],[-71.400748,-41.025285],[-71.401011,-41.025173],[-71.401357,-41.025005],[-71.401435,-41.024982],[-71.401655,-41.024914],[-71.402028,-41.024819],[-71.402318,-41.024757],[-71.402543,-41.024755],[-71.402838,-41.024852],[-71.403165,-41.025014],[-71.404007,-41.025554],[-71.404581,-41.025928],[-71.405005,-41.026167],[-71.405668,-41.026396],[-71.406046,-41.026543],[-71.406291,-41.026641],[-71.406396,-41.026683],[-71.406507,-41.026727],[-71.40684,-41.026891],[-71.407011,-41.027055],[-71.407274,-41.026982],[-71.407878,-41.026734],[-71.408114,-41.026535],[-71.408261,-41.026444],[-71.408462,-41.02641],[-71.408744,-41.026377],[-71.409069,-41.026246],[-71.409726,-41.025989],[-71.410024,-41.025849],[-71.410209,-41.02573],[-71.410308,-41.025627],[-71.410431,-41.025598],[-71.410662,-41.025578],[-71.41108,-41.025439],[-71.41129,-41.025329],[-71.413527,-41.024052],[-71.414487,-41.023468],[-71.414945,-41.023205],[-71.415232,-41.023089],[-71.415452,-41.023055],[-71.415603,-41.022964],[-71.415683,-41.022794],[-71.415688,-41.022634],[-71.415552,-41.022253],[-71.415396,-41.021828],[-71.415257,-41.02143],[-71.415232,-41.021165],[-71.415321,-41.02094],[-71.415597,-41.020639],[-71.415975,-41.020436],[-71.416421,-41.020193],[-71.41686,-41.019991],[-71.417343,-41.019752],[-71.417523,-41.019691],[-71.417797,-41.019649],[-71.418242,-41.0196],[-71.418631,-41.019554],[-71.41895,-41.019526],[-71.419271,-41.019495],[-71.419738,-41.019451],[-71.420152,-41.019404],[-71.420519,-41.019283],[-71.421002,-41.019062],[-71.421377,-41.018886],[-71.421737,-41.018552],[-71.421862,-41.018398],[-71.422161,-41.01803],[-71.423008,-41.01652],[-71.423161,-41.016356],[-71.423528,-41.016063],[-71.423907,-41.01584],[-71.424658,-41.015383],[-71.425462,-41.014859],[-71.425918,-41.014579],[-71.426417,-41.014284],[-71.427206,-41.013812],[-71.42778,-41.013476],[-71.428067,-41.013292],[-71.428383,-41.01291],[-71.428619,-41.012756],[-71.428823,-41.012531],[-71.429488,-41.01194],[-71.430057,-41.011001],[-71.430325,-41.010329],[-71.430872,-41.010054],[-71.43128,-41.009552],[-71.431511,-41.009123],[-71.431715,-41.008864],[-71.431811,-41.008281],[-71.431913,-41.007467],[-71.431827,-41.00686],[-71.43172,-41.006682],[-71.431521,-41.006552],[-71.431398,-41.006399],[-71.431328,-41.006123],[-71.431259,-41.005957],[-71.431082,-41.005783],[-71.430905,-41.005391],[-71.430792,-41.005119],[-71.43062,-41.005002],[-71.430475,-41.004897],[-71.430213,-41.00467],[-71.42996,-41.004524],[-71.42951,-41.004468],[-71.428587,-41.004407],[-71.428217,-41.004326],[-71.428088,-41.004176],[-71.428185,-41.004022],[-71.428389,-41.003921],[-71.42856,-41.003783],[-71.428587,-41.003597],[-71.428566,-41.003419],[-71.428614,-41.00329],[-71.428753,-41.00316],[-71.42907,-41.002909],[-71.429413,-41.00267],[-71.429805,-41.002439],[-71.429936,-41.002362],[-71.429963,-41.002312],[-71.429993,-41.002257],[-71.430213,-41.001949],[-71.431028,-41.001035],[-71.431468,-41.000581],[-71.431816,-41.000273],[-71.43216,-40.999877],[-71.432369,-40.999775],[-71.432707,-40.999662],[-71.433023,-40.999516],[-71.433533,-40.999358],[-71.434166,-40.999233],[-71.434649,-40.999164],[-71.434858,-40.999047],[-71.435019,-40.998885],[-71.435153,-40.998626],[-71.435244,-40.998391],[-71.435427,-40.998196],[-71.435738,-40.9978],[-71.436076,-40.997431],[-71.436392,-40.997148],[-71.436703,-40.996715],[-71.436993,-40.996306],[-71.437202,-40.995998],[-71.437626,-40.995715],[-71.438222,-40.995253],[-71.438479,-40.994848],[-71.438779,-40.994196],[-71.439053,-40.993852],[-71.43937,-40.993565],[-71.439718,-40.99331],[-71.440035,-40.993006],[-71.440432,-40.992556],[-71.440732,-40.992289],[-71.440995,-40.992066],[-71.441387,-40.991702],[-71.441848,-40.991354],[-71.442229,-40.991026],[-71.442637,-40.990791],[-71.442953,-40.990609],[-71.443607,-40.990297],[-71.44446,-40.989848],[-71.444949,-40.989779],[-71.445474,-40.989758],[-71.446622,-40.98973],[-71.44725,-40.989592],[-71.44755,-40.989426],[-71.44784,-40.989151],[-71.448097,-40.988774],[-71.44843,-40.988216],[-71.448612,-40.987791],[-71.448843,-40.987292],[-71.448612,-40.987791],[-71.44843,-40.988216],[-71.448097,-40.988774],[-71.44784,-40.989151],[-71.44755,-40.989426],[-71.44725,-40.989592],[-71.446622,-40.98973],[-71.445474,-40.989758],[-71.444949,-40.989779],[-71.44446,-40.989848],[-71.443607,-40.990297],[-71.442953,-40.990609],[-71.442637,-40.990791],[-71.442229,-40.991026],[-71.441848,-40.991354],[-71.441387,-40.991702],[-71.440995,-40.992066],[-71.440732,-40.992289],[-71.440432,-40.992556],[-71.440035,-40.993006],[-71.439718,-40.99331],[-71.43937,-40.993565],[-71.439053,-40.993852],[-71.438779,-40.994196],[-71.438479,-40.994848],[-71.438222,-40.995253],[-71.438222,-40.995253],[-71.437626,-40.995715],[-71.437202,-40.995998],[-71.436993,-40.996306],[-71.436703,-40.996715],[-71.436392,-40.997148],[-71.436076,-40.997431],[-71.435738,-40.9978],[-71.435427,-40.998196],[-71.435244,-40.998391],[-71.435153,-40.998626],[-71.435019,-40.998885],[-71.434858,-40.999047],[-71.434649,-40.999164],[-71.434166,-40.999233],[-71.433533,-40.999358],[-71.433023,-40.999516],[-71.432707,-40.999662],[-71.432369,-40.999775],[-71.43216,-40.999877],[-71.431816,-41.000273],[-71.431468,-41.000581],[-71.431028,-41.001035],[-71.430213,-41.001949],[-71.429993,-41.002257],[-71.429963,-41.002312],[-71.429936,-41.002362],[-71.429805,-41.002439],[-71.429413,-41.00267],[-71.42907,-41.002909],[-71.428753,-41.00316],[-71.428614,-41.00329],[-71.428566,-41.003419],[-71.428587,-41.003597],[-71.42856,-41.003783],[-71.428389,-41.003921],[-71.428185,-41.004022],[-71.428088,-41.004176],[-71.428217,-41.004326],[-71.428587,-41.004407],[-71.42951,-41.004468],[-71.42996,-41.004524],[-71.430213,-41.00467],[-71.430475,-41.004897],[-71.43062,-41.005002],[-71.430792,-41.005119],[-71.430905,-41.005391],[-71.431082,-41.005783],[-71.431259,-41.005957],[-71.431328,-41.006123],[-71.431398,-41.006399],[-71.431521,-41.006552],[-71.43172,-41.006682],[-71.431827,-41.00686],[-71.431913,-41.007467],[-71.431811,-41.008281],[-71.431715,-41.008864],[-71.431511,-41.009123],[-71.43128,-41.009552],[-71.430872,-41.010054],[-71.430325,-41.010329],[-71.430057,-41.011001],[-71.429488,-41.01194],[-71.428823,-41.012531],[-71.428619,-41.012756],[-71.428383,-41.01291],[-71.428067,-41.013292],[-71.42778,-41.013476],[-71.427206,-41.013812],[-71.426417,-41.014284],[-71.425918,-41.014579],[-71.425462,-41.014859],[-71.424658,-41.015383],[-71.423907,-41.01584],[-71.423528,-41.016063],[-71.423161,-41.016356],[-71.423008,-41.01652],[-71.422161,-41.01803],[-71.421862,-41.018398],[-71.421737,-41.018552],[-71.421377,-41.018886],[-71.421002,-41.019062],[-71.420519,-41.019283],[-71.420152,-41.019404],[-71.419738,-41.019451],[-71.419271,-41.019495],[-71.41895,-41.019526],[-71.418631,-41.019554],[-71.418242,-41.0196],[-71.417797,-41.019649],[-71.417523,-41.019691],[-71.417343,-41.019752],[-71.41686,-41.019991],[-71.416421,-41.020193],[-71.415975,-41.020436],[-71.415597,-41.020639],[-71.415321,-41.02094],[-71.415232,-41.021165],[-71.415257,-41.02143],[-71.415396,-41.021828],[-71.415552,-41.022253],[-71.415688,-41.022634],[-71.415683,-41.022794],[-71.415603,-41.022964],[-71.415452,-41.023055],[-71.415232,-41.023089],[-71.414945,-41.023205],[-71.414487,-41.023468],[-71.413527,-41.024052],[-71.41129,-41.025329],[-71.41108,-41.025439],[-71.410662,-41.025578],[-71.410431,-41.025598],[-71.410308,-41.025627],[-71.410209,-41.02573],[-71.410024,-41.025849],[-71.409726,-41.025989],[-71.409069,-41.026246],[-71.408744,-41.026377],[-71.408462,-41.02641],[-71.408261,-41.026444],[-71.408114,-41.026535],[-71.407878,-41.026734],[-71.407274,-41.026982],[-71.407011,-41.027055],[-71.40684,-41.026891],[-71.406507,-41.026727],[-71.406396,-41.026683],[-71.406291,-41.026641],[-71.406046,-41.026543],[-71.405668,-41.026396],[-71.405005,-41.026167],[-71.404581,-41.025928],[-71.404007,-41.025554],[-71.403165,-41.025014],[-71.402838,-41.024852],[-71.402543,-41.024755],[-71.402318,-41.024757],[-71.402028,-41.024819],[-71.401655,-41.024914],[-71.401435,-41.024982],[-71.401357,-41.025005],[-71.401011,-41.025173],[-71.400748,-41.025285],[-71.40048,-41.025402],[-71.400284,-41.025447],[-71.400126,-41.025434],[-71.400008,-41.025366],[-71.39996,-41.025244],[-71.399957,-41.025046],[-71.399922,-41.024955],[-71.399799,-41.024823],[-71.399214,-41.024382],[-71.398431,-41.023721],[-71.398174,-41.023569],[-71.397921,-41.023464],[-71.397752,-41.023346],[-71.397621,-41.023172],[-71.397409,-41.022838],[-71.396991,-41.022255],[-71.396749,-41.021968],[-71.396481,-41.021733],[-71.396197,-41.021561],[-71.395837,-41.021333],[-71.395633,-41.021219],[-71.39547,-41.021076],[-71.395438,-41.02095],[-71.395478,-41.020857],[-71.39555,-41.020641],[-71.395556,-41.020394],[-71.395491,-41.020121],[-71.395371,-41.019839],[-71.395186,-41.019677],[-71.394832,-41.019542],[-71.394528,-41.019439],[-71.394223,-41.019327],[-71.394024,-41.019226],[-71.393692,-41.018981],[-71.393359,-41.018562],[-71.393218,-41.018404],[-71.393061,-41.018228],[-71.39278,-41.017892],[-71.392412,-41.017583],[-71.392128,-41.017419],[-71.391742,-41.017273],[-71.39155,-41.017215],[-71.391385,-41.017164],[-71.391007,-41.017081],[-71.390278,-41.017016],[-71.3898,-41.016982],[-71.389525,-41.016891],[-71.389305,-41.016807],[-71.389119,-41.016639],[-71.388925,-41.016475],[-71.388672,-41.016377],[-71.388496,-41.016366],[-71.388295,-41.016375],[-71.387987,-41.016439],[-71.387846,-41.016478],[-71.387712,-41.01647],[-71.387594,-41.016421],[-71.387513,-41.016312],[-71.387447,-41.016081],[-71.387252,-41.015719],[-71.387067,-41.015427],[-71.38697,-41.015249],[-71.386747,-41.015091],[-71.386399,-41.014919],[-71.385559,-41.014547],[-71.384999,-41.014258],[-71.384636,-41.014134],[-71.384127,-41.014092],[-71.383177,-41.01397],[-71.381986,-41.013869],[-71.381112,-41.013843],[-71.38072,-41.013867],[-71.380267,-41.013932],[-71.379629,-41.014043],[-71.379106,-41.01408],[-71.378717,-41.014102],[-71.378203,-41.014228],[-71.37749,-41.014406],[-71.37573,-41.014904],[-71.374292,-41.015196],[-71.373295,-41.015386],[-71.372506,-41.015451],[-71.370634,-41.015681],[-71.369132,-41.015888],[-71.368713,-41.01594],[-71.368499,-41.015904],[-71.368268,-41.015815],[-71.368145,-41.015673],[-71.368075,-41.015503],[-71.368016,-41.015382],[-71.36785,-41.015277],[-71.367496,-41.0152],[-71.367287,-41.015212],[-71.366621,-41.015382],[-71.366021,-41.015511],[-71.365211,-41.015766],[-71.364111,-41.016094],[-71.363741,-41.016131],[-71.363226,-41.016123],[-71.362153,-41.016066],[-71.36175,-41.01607],[-71.361391,-41.016082],[-71.360962,-41.016078],[-71.360538,-41.016034],[-71.360238,-41.015969],[-71.359615,-41.015766],[-71.359084,-41.015605],[-71.358391,-41.0154],[-71.358262,-41.015357],[-71.357888,-41.01524],[-71.357287,-41.015042],[-71.356939,-41.014981],[-71.356644,-41.014969],[-71.355952,-41.015022],[-71.354208,-41.015175],[-71.352422,-41.015341],[-71.351681,-41.01541],[-71.349412,-41.015617],[-71.347701,-41.015766],[-71.344327,-41.01611],[-71.343125,-41.016236],[-71.341258,-41.016497],[-71.340564,-41.016521],[-71.340341,-41.016509],[-71.340204,-41.016487],[-71.340089,-41.016378],[-71.340008,-41.01625],[-71.339941,-41.016086],[-71.33989,-41.015957],[-71.339697,-41.015544],[-71.339585,-41.015263],[-71.33947,-41.01509],[-71.339196,-41.015202],[-71.339783,-41.01645],[-71.339928,-41.016779],[-71.34004,-41.017083],[-71.340112,-41.017428],[-71.340128,-41.017738],[-71.340114,-41.017945],[-71.340092,-41.018114],[-71.340029,-41.018386],[-71.339936,-41.01863],[-71.339836,-41.01883],[-71.339732,-41.018989],[-71.339568,-41.019217],[-71.339405,-41.019414],[-71.339212,-41.019603],[-71.339035,-41.019748],[-71.338453,-41.020142],[-71.336711,-41.021224],[-71.335997,-41.02168],[-71.335731,-41.021886],[-71.335383,-41.022182],[-71.335159,-41.02242],[-71.334836,-41.022818],[-71.334686,-41.023034],[-71.333978,-41.024337],[-71.333596,-41.024763],[-71.333295,-41.02501],[-71.333024,-41.025169],[-71.33294,-41.025218],[-71.332746,-41.025319],[-71.332428,-41.025464],[-71.331105,-41.026013],[-71.330178,-41.026383],[-71.329533,-41.026609],[-71.329044,-41.026741],[-71.328782,-41.026774],[-71.328439,-41.026792],[-71.328005,-41.026797],[-71.327709,-41.026782],[-71.326559,-41.026697],[-71.326206,-41.026676],[-71.325972,-41.026667],[-71.325727,-41.026673],[-71.325361,-41.02672],[-71.325058,-41.026781],[-71.324765,-41.026845],[-71.32429,-41.026996],[-71.320764,-41.028664],[-71.320426,-41.028798],[-71.32001,-41.028925],[-71.318984,-41.02913],[-71.310046,-41.030487],[-71.304231,-41.031185],[-71.302458,-41.031395],[-71.301458,-41.031553],[-71.30102,-41.031684],[-71.300679,-41.031815],[-71.298318,-41.032973],[-71.297766,-41.033172],[-71.289271,-41.035053],[-71.287098,-41.035514],[-71.28663,-41.035586],[-71.286067,-41.035613],[-71.284975,-41.035591],[-71.28343,-41.035537],[-71.279023,-41.035383],[-71.278611,-41.035369],[-71.277898,-41.035351],[-71.277185,-41.035333],[-71.275039,-41.035279],[-71.27407,-41.035262],[-71.273248,-41.035283],[-71.27221,-41.035369],[-71.271251,-41.035514],[-71.264817,-41.036463],[-71.262618,-41.036788],[-71.261783,-41.036911],[-71.252252,-41.038307],[-71.239891,-41.040118],[-71.239739,-41.04014],[-71.239128,-41.040227],[-71.236819,-41.040553],[-71.234894,-41.040827],[-71.234379,-41.040875],[-71.233838,-41.040882],[-71.233519,-41.040871],[-71.233221,-41.04085],[-71.232774,-41.04079],[-71.232391,-41.040715],[-71.231978,-41.04062],[-71.231635,-41.040516],[-71.23119,-41.040341],[-71.230932,-41.040222],[-71.230626,-41.040077],[-71.230311,-41.039898],[-71.229859,-41.03961],[-71.229508,-41.039306],[-71.22919,-41.039002],[-71.227971,-41.037684],[-71.227822,-41.037525],[-71.227465,-41.037144],[-71.227243,-41.036926],[-71.227079,-41.036802],[-71.226926,-41.036694],[-71.226738,-41.03659],[-71.226502,-41.036488],[-71.226213,-41.036402],[-71.225859,-41.036327],[-71.225593,-41.036307],[-71.225309,-41.036304],[-71.224864,-41.036356],[-71.224587,-41.036431],[-71.224332,-41.036518],[-71.224129,-41.036614],[-71.22392,-41.036735],[-71.223724,-41.036876],[-71.223507,-41.037061],[-71.223433,-41.037161],[-71.223338,-41.037297],[-71.223217,-41.03751],[-71.223039,-41.03791],[-71.222742,-41.038615],[-71.222605,-41.038872],[-71.222443,-41.039085],[-71.22225,-41.039268],[-71.222078,-41.039401],[-71.221819,-41.039546],[-71.221656,-41.039618],[-71.221385,-41.039712],[-71.221206,-41.039755],[-71.221015,-41.039788],[-71.220711,-41.039811],[-71.220392,-41.03981],[-71.219582,-41.039768],[-71.217875,-41.039703],[-71.21635,-41.039644],[-71.215959,-41.039629],[-71.215129,-41.039598],[-71.214652,-41.039521],[-71.21441,-41.039462],[-71.214121,-41.039367],[-71.213875,-41.039265],[-71.213562,-41.039102],[-71.213357,-41.038949],[-71.212964,-41.038626],[-71.212592,-41.038268],[-71.212462,-41.03816],[-71.212325,-41.03806],[-71.212086,-41.037936],[-71.211923,-41.037866],[-71.211609,-41.037765],[-71.211383,-41.037709],[-71.211138,-41.03767],[-71.210795,-41.037658],[-71.210465,-41.037676],[-71.208768,-41.037861],[-71.205466,-41.038259],[-71.199605,-41.038927],[-71.193574,-41.039613],[-71.193334,-41.039639],[-71.192556,-41.039706],[-71.192107,-41.039738],[-71.19173,-41.039727],[-71.19135,-41.039692],[-71.191016,-41.039646],[-71.190408,-41.039535],[-71.189107,-41.039196],[-71.179522,-41.036853],[-71.177065,-41.036253],[-71.167803,-41.033984],[-71.161995,-41.032569],[-71.160956,-41.032317],[-71.159979,-41.032108],[-71.159472,-41.032039],[-71.158922,-41.03197],[-71.158111,-41.031916],[-71.157571,-41.031897],[-71.157009,-41.03191],[-71.156381,-41.031945],[-71.156178,-41.031958],[-71.155975,-41.031974],[-71.155714,-41.032004],[-71.155469,-41.032037],[-71.155119,-41.032099],[-71.154941,-41.032132],[-71.154311,-41.032254],[-71.153174,-41.032458],[-71.15321,-41.032599],[-71.153339,-41.033094],[-71.156263,-41.04328],[-71.156425,-41.044054],[-71.156339,-41.044663],[-71.156212,-41.045066],[-71.156013,-41.045382],[-71.155756,-41.045629],[-71.155407,-41.045889],[-71.153316,-41.047373],[-71.150553,-41.049499],[-71.150129,-41.050064],[-71.150071,-41.050219],[-71.148751,-41.052657],[-71.148661,-41.052817],[-71.148539,-41.053078],[-71.148388,-41.053488],[-71.148314,-41.053976],[-71.148292,-41.05446],[-71.148366,-41.054907],[-71.148759,-41.056096],[-71.149109,-41.05688],[-71.149371,-41.057437],[-71.149685,-41.057902],[-71.150111,-41.058379],[-71.150186,-41.05844],[-71.150315,-41.058552],[-71.150501,-41.058692],[-71.151119,-41.059109],[-71.151848,-41.059593],[-71.152268,-41.05988],[-71.153147,-41.060459],[-71.153178,-41.060478],[-71.154734,-41.061521],[-71.156546,-41.062733],[-71.15708,-41.063087],[-71.157267,-41.063213],[-71.157784,-41.063555],[-71.157989,-41.063693],[-71.158315,-41.063914],[-71.159133,-41.064461],[-71.159319,-41.06459],[-71.159749,-41.064887],[-71.160657,-41.065588],[-71.161385,-41.066186],[-71.161521,-41.066297],[-71.162653,-41.06723],[-71.16347,-41.067898],[-71.164278,-41.068565],[-71.164582,-41.068808],[-71.164734,-41.068934],[-71.164892,-41.069063],[-71.164972,-41.069128],[-71.165418,-41.069497],[-71.165429,-41.069505],[-71.165913,-41.069909],[-71.166292,-41.070218],[-71.166522,-41.070405],[-71.166751,-41.070591],[-71.166857,-41.070678],[-71.166967,-41.070769],[-71.167133,-41.070906],[-71.167617,-41.071306],[-71.168136,-41.071736],[-71.168536,-41.072052],[-71.168716,-41.072199],[-71.170547,-41.073701],[-71.170684,-41.073819],[-71.171211,-41.074258],[-71.172058,-41.07495],[-71.172212,-41.07508],[-71.172451,-41.075275],[-71.172505,-41.075319],[-71.172645,-41.075442],[-71.173494,-41.076139],[-71.174277,-41.076774],[-71.174346,-41.076829],[-71.17441,-41.076882],[-71.17457,-41.077011],[-71.174685,-41.077106],[-71.174722,-41.077136],[-71.175102,-41.077449],[-71.176145,-41.078308],[-71.176895,-41.078924],[-71.177371,-41.079316],[-71.178287,-41.08007],[-71.179109,-41.080744],[-71.179222,-41.080836],[-71.179348,-41.080939],[-71.179662,-41.081197],[-71.180113,-41.081567],[-71.181284,-41.082532],[-71.181509,-41.082719],[-71.181854,-41.083006],[-71.182253,-41.083355],[-71.182577,-41.083674],[-71.182887,-41.084105],[-71.183116,-41.084501],[-71.183339,-41.084922],[-71.18349,-41.085389],[-71.183565,-41.08575],[-71.18358,-41.086243],[-71.183532,-41.086858],[-71.183429,-41.087755],[-71.183391,-41.088168],[-71.183347,-41.088563],[-71.183074,-41.090975],[-71.183054,-41.091154],[-71.183042,-41.091501],[-71.18309,-41.091894],[-71.183153,-41.092231],[-71.183175,-41.092304],[-71.183268,-41.09261],[-71.183658,-41.093487],[-71.18442,-41.095198],[-71.185572,-41.097787],[-71.185605,-41.09786],[-71.185637,-41.097933],[-71.185716,-41.098103],[-71.186228,-41.099212],[-71.186527,-41.09985],[-71.186688,-41.100193],[-71.18671,-41.100242],[-71.186841,-41.100474],[-71.187068,-41.100765],[-71.187488,-41.101193],[-71.187734,-41.101409],[-71.187833,-41.101495],[-71.18792,-41.101572],[-71.188317,-41.101875],[-71.188998,-41.102234],[-71.189274,-41.102351],[-71.18971,-41.102535],[-71.190833,-41.102967],[-71.191272,-41.103139],[-71.193542,-41.104046],[-71.194073,-41.104223],[-71.194577,-41.104364],[-71.195122,-41.104478],[-71.195619,-41.104548],[-71.195897,-41.104575],[-71.196548,-41.104597],[-71.197024,-41.104599],[-71.197778,-41.104602],[-71.198009,-41.104606],[-71.198322,-41.104611],[-71.199129,-41.104614],[-71.1996,-41.104619],[-71.200107,-41.104652],[-71.200272,-41.10467],[-71.20043,-41.104684],[-71.200457,-41.104686],[-71.200762,-41.104718],[-71.201164,-41.104773],[-71.201591,-41.104842],[-71.202073,-41.104943],[-71.203233,-41.105237],[-71.204543,-41.105597],[-71.204769,-41.105665],[-71.205542,-41.105883],[-71.208594,-41.106681],[-71.213414,-41.107956],[-71.215257,-41.108427],[-71.215442,-41.1085],[-71.21564,-41.108607],[-71.215806,-41.10872],[-71.215941,-41.108861],[-71.216042,-41.109025],[-71.216083,-41.10913],[-71.216095,-41.109164],[-71.216112,-41.109286],[-71.216114,-41.109303],[-71.216122,-41.109359],[-71.216134,-41.10945],[-71.216163,-41.109623],[-71.216214,-41.109827],[-71.216286,-41.110009],[-71.216386,-41.110183],[-71.21652,-41.110331],[-71.216705,-41.110454],[-71.216898,-41.110545],[-71.217105,-41.110624],[-71.218365,-41.111039],[-71.220052,-41.111596],[-71.221251,-41.111994],[-71.222748,-41.112493],[-71.223126,-41.112651],[-71.223327,-41.112762],[-71.223587,-41.112926],[-71.223834,-41.113111],[-71.22406,-41.113328],[-71.224266,-41.113538],[-71.224397,-41.113699],[-71.224888,-41.114397],[-71.22514,-41.114775],[-71.225382,-41.115138],[-71.225438,-41.115223],[-71.225481,-41.115287],[-71.225497,-41.115313],[-71.22558,-41.115445],[-71.225631,-41.115525],[-71.225682,-41.11561],[-71.225874,-41.115885],[-71.226059,-41.116102],[-71.226297,-41.116306],[-71.226386,-41.116348],[-71.226469,-41.116399],[-71.226608,-41.116516],[-71.226741,-41.116647],[-71.226855,-41.116783],[-71.226928,-41.116906],[-71.226995,-41.117033],[-71.227012,-41.117133],[-71.227002,-41.117219],[-71.226959,-41.117295],[-71.226877,-41.117365],[-71.226747,-41.117401],[-71.226662,-41.117408],[-71.226567,-41.117404],[-71.226497,-41.11738],[-71.226254,-41.117293],[-71.226128,-41.117258],[-71.226001,-41.117243],[-71.225878,-41.117251],[-71.225765,-41.117285],[-71.225612,-41.117355],[-71.223961,-41.118592],[-71.223767,-41.118757],[-71.223549,-41.118943],[-71.223379,-41.119095],[-71.223202,-41.119229],[-71.222724,-41.119569],[-71.222231,-41.119918],[-71.22218,-41.119955],[-71.222123,-41.119998],[-71.22195,-41.120151],[-71.221583,-41.120447],[-71.221331,-41.120638],[-71.221196,-41.120751],[-71.221117,-41.120838],[-71.221034,-41.120938],[-71.22098,-41.121015],[-71.220903,-41.121133],[-71.22085,-41.121277],[-71.220822,-41.121457],[-71.22082,-41.121633],[-71.220844,-41.121805],[-71.22091,-41.121996],[-71.221759,-41.123998],[-71.221871,-41.124258],[-71.221975,-41.12451],[-71.222051,-41.124761],[-71.222067,-41.124836],[-71.222098,-41.124979],[-71.222157,-41.125306],[-71.222219,-41.126056],[-71.222281,-41.126728],[-71.222328,-41.127368],[-71.222496,-41.129397],[-71.222528,-41.129677],[-71.222577,-41.129937],[-71.22264,-41.130248],[-71.222732,-41.130554],[-71.222859,-41.130906],[-71.223032,-41.1313],[-71.223196,-41.131627],[-71.223392,-41.131962],[-71.223703,-41.13244],[-71.22447,-41.133599],[-71.224894,-41.134239],[-71.225451,-41.13508],[-71.228022,-41.138961],[-71.228506,-41.13969],[-71.22959,-41.141324],[-71.231107,-41.143612],[-71.232542,-41.145768],[-71.232572,-41.145813],[-71.23341,-41.147068],[-71.233682,-41.14744],[-71.234028,-41.147911],[-71.234292,-41.148229],[-71.234688,-41.148664],[-71.234996,-41.148981],[-71.235299,-41.149266],[-71.235878,-41.149763],[-71.236255,-41.150063],[-71.237506,-41.150941],[-71.238752,-41.15176],[-71.239307,-41.152121],[-71.243439,-41.154838],[-71.243835,-41.155099],[-71.246469,-41.156833],[-71.246648,-41.156951],[-71.248832,-41.158377],[-71.249641,-41.158916],[-71.250224,-41.159303],[-71.250731,-41.159622],[-71.25098,-41.159754],[-71.251261,-41.159872],[-71.251508,-41.159936],[-71.251723,-41.159988],[-71.251976,-41.160022],[-71.252274,-41.160036],[-71.252555,-41.160013],[-71.252751,-41.159993],[-71.252877,-41.159969],[-71.253871,-41.159781],[-71.254539,-41.159646],[-71.254969,-41.159568],[-71.255006,-41.159563],[-71.255602,-41.159476],[-71.256281,-41.159382],[-71.256954,-41.159299],[-71.258197,-41.159153],[-71.259212,-41.159026],[-71.259709,-41.158958],[-71.259993,-41.158911],[-71.260571,-41.158817],[-71.262249,-41.158624],[-71.263804,-41.158437],[-71.264167,-41.1584],[-71.264561,-41.15836],[-71.264904,-41.158334],[-71.265569,-41.158259],[-71.266508,-41.158144],[-71.267029,-41.15808],[-71.267286,-41.158049],[-71.267898,-41.157974],[-71.268689,-41.157879],[-71.269966,-41.157728],[-71.270591,-41.157656],[-71.270768,-41.157633],[-71.271443,-41.157544],[-71.271632,-41.157519],[-71.27202,-41.157471],[-71.272303,-41.157443],[-71.272531,-41.157422],[-71.272739,-41.157414],[-71.273124,-41.157409],[-71.27345,-41.15742],[-71.273831,-41.157452],[-71.274176,-41.1575],[-71.274523,-41.157552],[-71.274885,-41.15763],[-71.277365,-41.158215],[-71.279224,-41.158656],[-71.280388,-41.158928],[-71.282528,-41.15944],[-71.284207,-41.159837],[-71.285187,-41.160065],[-71.286055,-41.160271],[-71.286517,-41.16038],[-71.28699,-41.160494],[-71.287403,-41.160621],[-71.287826,-41.160765],[-71.288156,-41.1609],[-71.288563,-41.161086],[-71.28897,-41.161291],[-71.289319,-41.161478],[-71.289674,-41.161696],[-71.290166,-41.161985],[-71.290756,-41.162341],[-71.291475,-41.162781],[-71.291575,-41.162843],[-71.291895,-41.163041],[-71.292276,-41.163299],[-71.292604,-41.163541],[-71.292902,-41.163791],[-71.293159,-41.164022],[-71.293461,-41.164315],[-71.293474,-41.164328],[-71.293687,-41.164543],[-71.293951,-41.164844],[-71.294307,-41.16523],[-71.294788,-41.165775],[-71.296074,-41.167214],[-71.296649,-41.167851],[-71.296954,-41.168179],[-71.297132,-41.168353],[-71.297493,-41.168737],[-71.297702,-41.168956],[-71.29801,-41.169295],[-71.298297,-41.16962],[-71.298597,-41.16996],[-71.298672,-41.170052],[-71.298705,-41.170088],[-71.299104,-41.170523],[-71.299555,-41.171028],[-71.299701,-41.171194],[-71.299921,-41.171445],[-71.29999,-41.171547],[-71.300205,-41.17175],[-71.300589,-41.172044],[-71.300779,-41.172178],[-71.301135,-41.172397],[-71.301504,-41.172596],[-71.301943,-41.172812],[-71.304338,-41.173966],[-71.305256,-41.174413],[-71.305752,-41.174635],[-71.306531,-41.174975],[-71.306763,-41.175068],[-71.30741,-41.175328],[-71.308632,-41.175813],[-71.309098,-41.176006],[-71.309611,-41.176222],[-71.310039,-41.176427],[-71.31041,-41.176619],[-71.310784,-41.176868],[-71.311153,-41.177132],[-71.311893,-41.177712],[-71.31583,-41.180979],[-71.31613,-41.181165],[-71.316342,-41.181258],[-71.316661,-41.181368],[-71.3169,-41.181433],[-71.317169,-41.181466],[-71.317633,-41.181476],[-71.31805,-41.181446],[-71.318471,-41.181369],[-71.318895,-41.181283],[-71.319432,-41.181159],[-71.319853,-41.18106],[-71.320307,-41.180941],[-71.320631,-41.180822],[-71.320867,-41.180704],[-71.32108,-41.180583],[-71.321262,-41.180439],[-71.321408,-41.180299],[-71.32155,-41.180139],[-71.321673,-41.179954],[-71.32175,-41.179783],[-71.32184,-41.179466],[-71.321891,-41.179212],[-71.322333,-41.179405],[-71.32244,-41.179483],[-71.32251,-41.179562],[-71.322601,-41.17975],[-71.322682,-41.179979],[-71.322908,-41.181061],[-71.322936,-41.181239],[-71.323027,-41.181447],[-71.323104,-41.181593],[-71.323334,-41.181828],[-71.323543,-41.181987],[-71.323907,-41.182384],[-71.324081,-41.182625],[-71.324383,-41.182979],[-71.324537,-41.183193],[-71.324605,-41.183376],[-71.324643,-41.183588],[-71.324652,-41.183886],[-71.324677,-41.184123],[-71.324737,-41.184301],[-71.324862,-41.184667],[-71.324945,-41.184935],[-71.324969,-41.185059],[-71.325007,-41.18526],[-71.325084,-41.18568],[-71.32516,-41.186028],[-71.325229,-41.186279],[-71.325256,-41.186446],[-71.325226,-41.18659],[-71.325109,-41.186768],[-71.324901,-41.186979],[-71.324786,-41.187112],[-71.324654,-41.187319],[-71.324513,-41.187554],[-71.324356,-41.187849],[-71.324294,-41.188029],[-71.324262,-41.188232],[-71.324283,-41.18853],[-71.324334,-41.188924],[-71.324322,-41.189214],[-71.324283,-41.189387],[-71.3241,-41.189777],[-71.323902,-41.190065],[-71.323794,-41.190235],[-71.323532,-41.190636],[-71.32338,-41.190822],[-71.323231,-41.190931],[-71.323,-41.191028],[-71.322739,-41.191055],[-71.322464,-41.191078],[-71.322013,-41.191228],[-71.321641,-41.191385],[-71.32119,-41.191636],[-71.320833,-41.191808],[-71.320663,-41.191938],[-71.320612,-41.1921],[-71.320653,-41.192211],[-71.320874,-41.192542],[-71.321021,-41.192765],[-71.321163,-41.193088],[-71.3213,-41.193417],[-71.32141,-41.193604],[-71.321602,-41.193838],[-71.321849,-41.194186],[-71.322109,-41.194489],[-71.322482,-41.194757],[-71.32282,-41.194966],[-71.322966,-41.195064],[-71.323184,-41.195256],[-71.323424,-41.195494],[-71.323684,-41.195839],[-71.323817,-41.196006],[-71.324123,-41.196212],[-71.324436,-41.1964],[-71.32501,-41.19677],[-71.325248,-41.196953],[-71.325396,-41.197161],[-71.325423,-41.197248],[-71.325703,-41.197702],[-71.325747,-41.197828],[-71.325743,-41.197946],[-71.32569,-41.198022],[-71.325519,-41.198086],[-71.325032,-41.198188],[-71.324843,-41.198249],[-71.324752,-41.198345],[-71.324535,-41.198757],[-71.32436,-41.199069],[-71.324181,-41.199342],[-71.323755,-41.200168],[-71.323413,-41.20079],[-71.323068,-41.201344],[-71.323021,-41.201483],[-71.322983,-41.201632],[-71.322908,-41.20176],[-71.322787,-41.201847],[-71.322597,-41.20193],[-71.321897,-41.202113],[-71.320253,-41.202537],[-71.319472,-41.202741],[-71.319219,-41.202814],[-71.319014,-41.202944],[-71.318827,-41.203125],[-71.318624,-41.203337],[-71.318301,-41.203674],[-71.317935,-41.203971],[-71.317571,-41.204256],[-71.317448,-41.204346],[-71.317239,-41.204499],[-71.31676,-41.20489],[-71.31633,-41.205254],[-71.315947,-41.20554],[-71.315708,-41.205779],[-71.315502,-41.205995],[-71.315057,-41.206384],[-71.314584,-41.206783],[-71.31412,-41.207158],[-71.313633,-41.207523],[-71.313203,-41.207887],[-71.312943,-41.208121],[-71.31257,-41.208451],[-71.3123,-41.208761],[-71.311821,-41.209371],[-71.31085,-41.210605],[-71.310218,-41.211378],[-71.309862,-41.211819],[-71.309656,-41.212126],[-71.309295,-41.212553],[-71.308987,-41.212888],[-71.308698,-41.213129],[-71.308123,-41.213574],[-71.307685,-41.213915],[-71.307408,-41.21415],[-71.307199,-41.214259],[-71.307029,-41.214341],[-71.306884,-41.21449],[-71.306737,-41.214666],[-71.306018,-41.215303],[-71.305594,-41.215628],[-71.304361,-41.216658],[-71.304146,-41.216855],[-71.303893,-41.217118],[-71.303727,-41.217315],[-71.30338,-41.217774],[-71.303174,-41.218104],[-71.302969,-41.218485],[-71.302701,-41.218942],[-71.302507,-41.219248],[-71.30232,-41.219433],[-71.301742,-41.219848],[-71.301534,-41.219979],[-71.301289,-41.220171],[-71.300808,-41.220542],[-71.300291,-41.220977],[-71.300061,-41.221203],[-71.299946,-41.221388],[-71.299897,-41.221606],[-71.299825,-41.221733],[-71.299569,-41.222018],[-71.299271,-41.222389],[-71.298786,-41.222954],[-71.298547,-41.223292],[-71.298377,-41.223544],[-71.298194,-41.223736],[-71.297589,-41.22461],[-71.297409,-41.224847],[-71.297234,-41.225026],[-71.297062,-41.225187],[-71.296857,-41.225417],[-71.296769,-41.22551],[-71.29671,-41.225576],[-71.296377,-41.225925],[-71.296045,-41.226215],[-71.295669,-41.226619],[-71.295154,-41.227111],[-71.294951,-41.227353],[-71.294714,-41.227676],[-71.294586,-41.227886],[-71.294232,-41.228426],[-71.293856,-41.228967],[-71.293685,-41.229322],[-71.293438,-41.229863],[-71.293309,-41.230088],[-71.293105,-41.230274],[-71.292569,-41.23071],[-71.292408,-41.230903],[-71.291528,-41.232154],[-71.291271,-41.232445],[-71.291195,-41.232566],[-71.291142,-41.232824],[-71.291002,-41.233397],[-71.290949,-41.233606],[-71.29082,-41.233897],[-71.290455,-41.234865],[-71.290241,-41.235293],[-71.290123,-41.235591],[-71.290015,-41.235849],[-71.289833,-41.236317],[-71.289758,-41.236584],[-71.289683,-41.237261],[-71.289683,-41.237689],[-71.289672,-41.238028],[-71.289597,-41.238205],[-71.289329,-41.238488],[-71.288996,-41.238778],[-71.288857,-41.238988],[-71.288706,-41.23927],[-71.288545,-41.239528],[-71.288369,-41.239771],[-71.287942,-41.240258],[-71.287721,-41.241235],[-71.287427,-41.241619],[-71.286745,-41.242143],[-71.286063,-41.243349],[-71.286058,-41.243552],[-71.286156,-41.243836],[-71.286107,-41.244031],[-71.286107,-41.244031],[-71.285901,-41.244183],[-71.285357,-41.244352],[-71.28494,-41.245053],[-71.284891,-41.245444],[-71.284744,-41.24575],[-71.284268,-41.246211],[-71.283924,-41.246455],[-71.283453,-41.247038],[-71.283071,-41.24765],[-71.282835,-41.247904],[-71.282394,-41.248103],[-71.282158,-41.248461],[-71.282144,-41.248845],[-71.282149,-41.249003],[-71.282065,-41.249066],[-71.281643,-41.249251],[-71.28157,-41.249346],[-71.281648,-41.249387],[-71.281908,-41.249298],[-71.281992,-41.249302],[-71.28206,-41.249387],[-71.28209,-41.249505],[-71.282183,-41.249605],[-71.282399,-41.249763],[-71.282379,-41.249844],[-71.282266,-41.249844],[-71.28209,-41.249712],[-71.281923,-41.249619],[-71.281825,-41.249641],[-71.281741,-41.249741],[-71.281761,-41.249859],[-71.281918,-41.249937],[-71.282463,-41.25049],[-71.282497,-41.250578],[-71.282355,-41.25063],[-71.281815,-41.250597],[-71.281751,-41.250645],[-71.281761,-41.250685],[-71.281987,-41.250774],[-71.282521,-41.25122],[-71.28285,-41.251541],[-71.283081,-41.252054],[-71.28312,-41.25264],[-71.283051,-41.253215],[-71.283012,-41.253544],[-71.282978,-41.254071],[-71.282737,-41.254392],[-71.282261,-41.254727],[-71.282031,-41.254974],[-71.281947,-41.255369],[-71.281923,-41.256044],[-71.281962,-41.256221],[-71.282301,-41.256652],[-71.28232,-41.256752],[-71.282364,-41.257703],[-71.282404,-41.257869],[-71.282546,-41.257976],[-71.282718,-41.258024],[-71.283375,-41.258043],[-71.283512,-41.258109],[-71.283905,-41.258279],[-71.284768,-41.258437],[-71.285058,-41.258356],[-71.284768,-41.258437],[-71.283905,-41.258279],[-71.283512,-41.258109],[-71.283375,-41.258043],[-71.282718,-41.258024],[-71.282546,-41.257976],[-71.282404,-41.257869],[-71.282364,-41.257703],[-71.28232,-41.256752],[-71.282301,-41.256652],[-71.281962,-41.256221],[-71.281923,-41.256044],[-71.281947,-41.255369],[-71.282031,-41.254974],[-71.282261,-41.254727],[-71.282737,-41.254392],[-71.282978,-41.254071],[-71.283012,-41.253544],[-71.283051,-41.253215],[-71.28312,-41.25264],[-71.283081,-41.252054],[-71.28285,-41.251541],[-71.282521,-41.25122],[-71.281987,-41.250774],[-71.281761,-41.250685],[-71.281751,-41.250645],[-71.281815,-41.250597],[-71.282355,-41.25063],[-71.282497,-41.250578],[-71.282463,-41.25049],[-71.281918,-41.249937],[-71.281761,-41.249859],[-71.281741,-41.249741],[-71.281825,-41.249641],[-71.281923,-41.249619],[-71.28209,-41.249712],[-71.282266,-41.249844],[-71.282379,-41.249844],[-71.282399,-41.249763],[-71.282183,-41.249605],[-71.28209,-41.249505],[-71.28206,-41.249387],[-71.281992,-41.249302],[-71.281908,-41.249298],[-71.281648,-41.249387],[-71.28157,-41.249346],[-71.281643,-41.249251],[-71.282065,-41.249066],[-71.282149,-41.249003],[-71.282144,-41.248845],[-71.282158,-41.248461],[-71.282394,-41.248103],[-71.282835,-41.247904],[-71.283071,-41.24765],[-71.283453,-41.247038],[-71.283924,-41.246455],[-71.284268,-41.246211],[-71.284744,-41.24575],[-71.284891,-41.245444],[-71.28494,-41.245053],[-71.285357,-41.244352],[-71.285901,-41.244183],[-71.286107,-41.244031],[-71.286156,-41.243836],[-71.286058,-41.243552],[-71.286063,-41.243349],[-71.286745,-41.242143],[-71.287427,-41.241619],[-71.287721,-41.241235],[-71.287942,-41.240258],[-71.288369,-41.239771],[-71.288545,-41.239528],[-71.288706,-41.23927],[-71.288857,-41.238988],[-71.288996,-41.238778],[-71.289329,-41.238488],[-71.289597,-41.238205],[-71.289672,-41.238028],[-71.289683,-41.237689],[-71.289683,-41.237261],[-71.289758,-41.236584],[-71.289833,-41.236317],[-71.290015,-41.235849],[-71.290123,-41.235591],[-71.290241,-41.235293],[-71.290455,-41.234865],[-71.29082,-41.233897],[-71.290949,-41.233606],[-71.291002,-41.233397],[-71.291142,-41.232824],[-71.291195,-41.232566],[-71.291271,-41.232445],[-71.291528,-41.232154],[-71.292408,-41.230903],[-71.292569,-41.23071],[-71.293105,-41.230274],[-71.293309,-41.230088],[-71.293438,-41.229863],[-71.293685,-41.229322],[-71.293856,-41.228967],[-71.294232,-41.228426],[-71.294586,-41.227886],[-71.294714,-41.227676],[-71.294951,-41.227353],[-71.295154,-41.227111],[-71.295669,-41.226619],[-71.296045,-41.226215],[-71.296377,-41.225925],[-71.29671,-41.225576],[-71.296769,-41.22551],[-71.296857,-41.225417],[-71.297062,-41.225187],[-71.297234,-41.225026],[-71.297409,-41.224847],[-71.297589,-41.22461],[-71.298194,-41.223736],[-71.298377,-41.223544],[-71.298547,-41.223292],[-71.298786,-41.222954],[-71.299271,-41.222389],[-71.299569,-41.222018],[-71.299825,-41.221733],[-71.299897,-41.221606],[-71.299946,-41.221388],[-71.300061,-41.221203],[-71.300291,-41.220977],[-71.300808,-41.220542],[-71.301289,-41.220171],[-71.301534,-41.219979],[-71.301742,-41.219848],[-71.30232,-41.219433],[-71.302507,-41.219248],[-71.302701,-41.218942],[-71.302969,-41.218485],[-71.303174,-41.218104],[-71.30338,-41.217774],[-71.303727,-41.217315],[-71.303893,-41.217118],[-71.304146,-41.216855],[-71.304361,-41.216658],[-71.305594,-41.215628],[-71.306018,-41.215303],[-71.306737,-41.214666],[-71.306884,-41.21449],[-71.307029,-41.214341],[-71.307199,-41.214259],[-71.307408,-41.21415],[-71.307685,-41.213915],[-71.308123,-41.213574],[-71.308698,-41.213129],[-71.308987,-41.212888],[-71.309295,-41.212553],[-71.309656,-41.212126],[-71.309862,-41.211819],[-71.310218,-41.211378],[-71.31085,-41.210605],[-71.311821,-41.209371],[-71.3123,-41.208761],[-71.31257,-41.208451],[-71.312943,-41.208121],[-71.313203,-41.207887],[-71.313633,-41.207523],[-71.31412,-41.207158],[-71.314584,-41.206783],[-71.315057,-41.206384],[-71.315502,-41.205995],[-71.315708,-41.205779],[-71.315947,-41.20554],[-71.31633,-41.205254],[-71.31676,-41.20489],[-71.317239,-41.204499],[-71.317448,-41.204346],[-71.317571,-41.204256],[-71.317935,-41.203971],[-71.318301,-41.203674],[-71.318624,-41.203337],[-71.318827,-41.203125],[-71.319014,-41.202944],[-71.319219,-41.202814],[-71.319472,-41.202741],[-71.320253,-41.202537],[-71.321897,-41.202113],[-71.322597,-41.20193],[-71.322787,-41.201847],[-71.322908,-41.20176],[-71.322983,-41.201632],[-71.323021,-41.201483],[-71.323068,-41.201344],[-71.323413,-41.20079],[-71.323755,-41.200168],[-71.324181,-41.199342],[-71.32436,-41.199069],[-71.324535,-41.198757],[-71.324752,-41.198345],[-71.324843,-41.198249],[-71.325032,-41.198188],[-71.325519,-41.198086],[-71.32569,-41.198022],[-71.325743,-41.197946],[-71.325747,-41.197828],[-71.325703,-41.197702],[-71.325423,-41.197248],[-71.325396,-41.197161],[-71.325248,-41.196953],[-71.32501,-41.19677],[-71.324436,-41.1964],[-71.324123,-41.196212],[-71.323817,-41.196006],[-71.323684,-41.195839],[-71.323424,-41.195494],[-71.323184,-41.195256],[-71.322966,-41.195064],[-71.32282,-41.194966],[-71.322482,-41.194757],[-71.322109,-41.194489],[-71.321849,-41.194186],[-71.321602,-41.193838],[-71.32141,-41.193604],[-71.3213,-41.193417],[-71.321163,-41.193088],[-71.321021,-41.192765],[-71.320874,-41.192542],[-71.320653,-41.192211],[-71.320612,-41.1921],[-71.320663,-41.191938],[-71.320833,-41.191808],[-71.32119,-41.191636],[-71.321641,-41.191385],[-71.322013,-41.191228],[-71.322464,-41.191078],[-71.322739,-41.191055],[-71.323,-41.191028],[-71.323231,-41.190931],[-71.32338,-41.190822],[-71.323532,-41.190636],[-71.323794,-41.190235],[-71.323902,-41.190065],[-71.3241,-41.189777],[-71.324283,-41.189387],[-71.324322,-41.189214],[-71.324334,-41.188924],[-71.324283,-41.18853],[-71.324262,-41.188232],[-71.324294,-41.188029],[-71.324356,-41.187849],[-71.324513,-41.187554],[-71.324654,-41.187319],[-71.324786,-41.187112],[-71.324901,-41.186979],[-71.325109,-41.186768],[-71.325226,-41.18659],[-71.325256,-41.186446],[-71.325229,-41.186279],[-71.32516,-41.186028],[-71.325084,-41.18568],[-71.325007,-41.18526],[-71.324969,-41.185059],[-71.324945,-41.184935],[-71.324862,-41.184667],[-71.324737,-41.184301],[-71.324677,-41.184123],[-71.324652,-41.183886],[-71.324643,-41.183588],[-71.324605,-41.183376],[-71.324537,-41.183193],[-71.324383,-41.182979],[-71.324081,-41.182625],[-71.323907,-41.182384],[-71.323543,-41.181987],[-71.323334,-41.181828],[-71.323104,-41.181593],[-71.323027,-41.181447],[-71.322936,-41.181239],[-71.322908,-41.181061],[-71.322682,-41.179979],[-71.322601,-41.17975],[-71.32251,-41.179562],[-71.32244,-41.179483],[-71.322333,-41.179405],[-71.321891,-41.179212],[-71.32184,-41.179466],[-71.32175,-41.179783],[-71.321673,-41.179954],[-71.32155,-41.180139],[-71.321408,-41.180299],[-71.321262,-41.180439],[-71.32108,-41.180583],[-71.320867,-41.180704],[-71.320631,-41.180822],[-71.320307,-41.180941],[-71.319853,-41.18106],[-71.319432,-41.181159],[-71.318895,-41.181283],[-71.318471,-41.181369],[-71.31805,-41.181446],[-71.317633,-41.181476],[-71.317169,-41.181466],[-71.3169,-41.181433],[-71.316661,-41.181368],[-71.316342,-41.181258],[-71.31613,-41.181165],[-71.31583,-41.180979],[-71.311893,-41.177712],[-71.311153,-41.177132],[-71.310784,-41.176868],[-71.31041,-41.176619],[-71.310039,-41.176427],[-71.309611,-41.176222],[-71.309098,-41.176006],[-71.308632,-41.175813],[-71.30741,-41.175328],[-71.306763,-41.175068],[-71.306531,-41.174975],[-71.305752,-41.174635],[-71.305256,-41.174413],[-71.304338,-41.173966],[-71.301943,-41.172812],[-71.301504,-41.172596],[-71.301135,-41.172397],[-71.300779,-41.172178],[-71.300589,-41.172044],[-71.300205,-41.17175],[-71.29999,-41.171547],[-71.299886,-41.171473],[-71.299349,-41.170959],[-71.299199,-41.170794],[-71.29892,-41.170478],[-71.298612,-41.170124],[-71.298058,-41.169498],[-71.29771,-41.169115],[-71.297531,-41.168911],[-71.29736,-41.168676],[-71.297097,-41.168369],[-71.296954,-41.168179],[-71.296649,-41.167851],[-71.296074,-41.167214],[-71.294788,-41.165775],[-71.294307,-41.16523],[-71.293951,-41.164844],[-71.293687,-41.164543],[-71.293474,-41.164328],[-71.293461,-41.164315],[-71.293159,-41.164022],[-71.292902,-41.163791],[-71.292604,-41.163541],[-71.292276,-41.163299],[-71.291895,-41.163041],[-71.291575,-41.162843],[-71.291475,-41.162781],[-71.290756,-41.162341],[-71.290166,-41.161985],[-71.289674,-41.161696],[-71.289319,-41.161478],[-71.28897,-41.161291],[-71.288563,-41.161086],[-71.288156,-41.1609],[-71.287826,-41.160765],[-71.287403,-41.160621],[-71.28699,-41.160494],[-71.286517,-41.16038],[-71.286055,-41.160271],[-71.285187,-41.160065],[-71.284207,-41.159837],[-71.282528,-41.15944],[-71.280388,-41.158928],[-71.279224,-41.158656],[-71.277365,-41.158215],[-71.274885,-41.15763],[-71.274523,-41.157552],[-71.274176,-41.1575],[-71.273831,-41.157452],[-71.27345,-41.15742],[-71.273124,-41.157409],[-71.272739,-41.157414],[-71.272531,-41.157422],[-71.272303,-41.157443],[-71.27202,-41.157471],[-71.271632,-41.157519],[-71.271443,-41.157544],[-71.270768,-41.157633],[-71.270591,-41.157656],[-71.269966,-41.157728],[-71.268689,-41.157879],[-71.267898,-41.157974],[-71.267286,-41.158049],[-71.267029,-41.15808],[-71.266508,-41.158144],[-71.265569,-41.158259],[-71.264904,-41.158334],[-71.26436,-41.158425],[-71.263925,-41.158497],[-71.263404,-41.158571],[-71.263169,-41.158578],[-71.262635,-41.158641],[-71.262353,-41.158674],[-71.262249,-41.158624],[-71.262262,-41.158669],[-71.262272,-41.158718],[-71.26228,-41.158757],[-71.262282,-41.158785],[-71.262276,-41.158829],[-71.262273,-41.158901],[-71.262247,-41.159021],[-71.262235,-41.159077],[-71.262155,-41.159287],[-71.261892,-41.159602],[-71.261559,-41.160002],[-71.261015,-41.160678],[-71.260444,-41.161385],[-71.260098,-41.161815],[-71.259475,-41.162595],[-71.258711,-41.163483],[-71.258489,-41.163681],[-71.256794,-41.164877],[-71.256108,-41.165353],[-71.254455,-41.1665],[-71.254005,-41.166864],[-71.253902,-41.166955],[-71.253821,-41.167027],[-71.253709,-41.16718],[-71.253655,-41.167269],[-71.253569,-41.167412],[-71.2535,-41.167526],[-71.253384,-41.167707],[-71.253231,-41.167968],[-71.252995,-41.168323],[-71.252689,-41.168812],[-71.252373,-41.169256],[-71.252153,-41.169591],[-71.251987,-41.169856],[-71.251866,-41.170082],[-71.251836,-41.170352],[-71.251799,-41.170764],[-71.251759,-41.171297],[-71.25173,-41.171645],[-71.251623,-41.172468],[-71.251507,-41.173062],[-71.251485,-41.173316],[-71.251482,-41.173645],[-71.251458,-41.173879],[-71.251375,-41.17419],[-71.251289,-41.174487],[-71.251194,-41.17473],[-71.250679,-41.175424],[-71.250479,-41.175684],[-71.250348,-41.175902],[-71.250254,-41.176096],[-71.250144,-41.176347],[-71.250078,-41.176571],[-71.249884,-41.176972],[-71.249696,-41.177213],[-71.249581,-41.177425],[-71.249508,-41.177667],[-71.249481,-41.177982],[-71.249374,-41.178206],[-71.249264,-41.178371],[-71.249052,-41.178555],[-71.248473,-41.179013],[-71.247765,-41.179554],[-71.247419,-41.179845],[-71.24732,-41.179986],[-71.24729,-41.180178],[-71.24729,-41.180479],[-71.247309,-41.18084],[-71.247309,-41.181064],[-71.24729,-41.181379],[-71.247239,-41.181589],[-71.247153,-41.181801],[-71.247008,-41.182027],[-71.246813,-41.182249],[-71.246499,-41.182518],[-71.246198,-41.182756],[-71.245992,-41.182946],[-71.245638,-41.183374],[-71.245445,-41.183646],[-71.245093,-41.184111],[-71.244817,-41.184456],[-71.244627,-41.184631],[-71.244066,-41.18511],[-71.243487,-41.185687],[-71.243162,-41.185994],[-71.24287,-41.186238],[-71.242595,-41.186448],[-71.242312,-41.186648],[-71.241862,-41.186934],[-71.241464,-41.187149],[-71.240932,-41.187426],[-71.240629,-41.18752],[-71.240148,-41.187664],[-71.23969,-41.187852],[-71.239496,-41.187897],[-71.2393,-41.18791],[-71.238881,-41.187938],[-71.238702,-41.18798],[-71.23857,-41.188049],[-71.238337,-41.188186],[-71.238003,-41.188396],[-71.237664,-41.188555],[-71.237422,-41.188691],[-71.236075,-41.189593],[-71.235531,-41.19],[-71.235327,-41.190164],[-71.235075,-41.190314],[-71.234686,-41.190517],[-71.234507,-41.190663],[-71.234126,-41.191014],[-71.233753,-41.191292],[-71.233327,-41.191531],[-71.23308,-41.191686],[-71.232779,-41.191926],[-71.232616,-41.19211],[-71.232122,-41.192734],[-71.231862,-41.193006],[-71.231374,-41.19339],[-71.231183,-41.193579],[-71.231065,-41.193739],[-71.230923,-41.193955],[-71.230827,-41.194157],[-71.230427,-41.195071],[-71.230255,-41.195325],[-71.229872,-41.195692],[-71.229668,-41.195927],[-71.229617,-41.196068],[-71.229636,-41.196207],[-71.229719,-41.196354],[-71.229896,-41.19653],[-71.230003,-41.196714],[-71.230034,-41.196936],[-71.230078,-41.197283],[-71.230156,-41.197781],[-71.230285,-41.198252],[-71.230384,-41.198651],[-71.230419,-41.198966],[-71.230379,-41.199224],[-71.230288,-41.199531],[-71.230014,-41.200167],[-71.229888,-41.200447],[-71.229845,-41.200702],[-71.229799,-41.200905],[-71.229614,-41.201343],[-71.229375,-41.202069],[-71.229035,-41.202897],[-71.228928,-41.203172],[-71.228917,-41.203345],[-71.228949,-41.203464],[-71.229035,-41.203587],[-71.229056,-41.2037],[-71.228968,-41.203822],[-71.228799,-41.203983],[-71.228716,-41.20412],[-71.228692,-41.204298],[-71.228778,-41.2048],[-71.228845,-41.205698],[-71.228928,-41.206281],[-71.228992,-41.206637],[-71.229062,-41.206869],[-71.229065,-41.207046],[-71.229008,-41.207232],[-71.228947,-41.207381],[-71.228933,-41.207545],[-71.229067,-41.208059],[-71.229309,-41.208967],[-71.229384,-41.20926],[-71.229386,-41.209421],[-71.229301,-41.209567],[-71.229231,-41.209728],[-71.229225,-41.209881],[-71.229271,-41.210059],[-71.229518,-41.210422],[-71.229679,-41.210547],[-71.229885,-41.210669],[-71.229961,-41.210757],[-71.23001,-41.210853],[-71.229973,-41.21127],[-71.229923,-41.211596],[-71.229817,-41.211929],[-71.22976,-41.212199],[-71.229763,-41.212337],[-71.229773,-41.212729],[-71.229932,-41.213821],[-71.229934,-41.214153],[-71.229894,-41.21441],[-71.229894,-41.214733],[-71.229949,-41.215013],[-71.230004,-41.215176],[-71.230123,-41.215396],[-71.230343,-41.215658],[-71.230456,-41.215833],[-71.230493,-41.21597],[-71.230497,-41.216167],[-71.230526,-41.216271],[-71.230586,-41.216393],[-71.230809,-41.216642],[-71.230855,-41.216795],[-71.230824,-41.217035],[-71.230743,-41.217312],[-71.230715,-41.21749],[-71.230699,-41.217938],[-71.230576,-41.21869],[-71.230589,-41.219138],[-71.230707,-41.219604],[-71.230699,-41.219756],[-71.230671,-41.21986],[-71.230542,-41.220208],[-71.230172,-41.221061],[-71.230075,-41.221369],[-71.229829,-41.221945],[-71.229685,-41.222351],[-71.229554,-41.22264],[-71.229431,-41.222829],[-71.229277,-41.222964],[-71.228741,-41.223332],[-71.228513,-41.223513],[-71.228407,-41.223621],[-71.228096,-41.224028],[-71.227924,-41.224288],[-71.227582,-41.225063],[-71.227494,-41.225172],[-71.22735,-41.225251],[-71.227094,-41.225362],[-71.226914,-41.225435],[-71.226816,-41.225524],[-71.226745,-41.225636],[-71.22665,-41.225824],[-71.226518,-41.22605],[-71.22636,-41.226188],[-71.226224,-41.226327],[-71.22616,-41.22648],[-71.226117,-41.226647],[-71.226046,-41.226813],[-71.225793,-41.227096],[-71.225333,-41.227522],[-71.225056,-41.227722],[-71.224743,-41.227936],[-71.224151,-41.228256],[-71.223935,-41.228355],[-71.223807,-41.228463],[-71.223745,-41.228583],[-71.22373,-41.228725],[-71.22368,-41.228903],[-71.223611,-41.229043],[-71.22347,-41.229212],[-71.223269,-41.229409],[-71.222216,-41.230318],[-71.222172,-41.230414],[-71.222186,-41.230527],[-71.222443,-41.231082],[-71.222497,-41.231264],[-71.222485,-41.231382],[-71.222425,-41.231455],[-71.222334,-41.231489],[-71.222231,-41.231458],[-71.222155,-41.231395],[-71.221986,-41.231212],[-71.22188,-41.23113],[-71.221753,-41.231097],[-71.221614,-41.2311],[-71.221446,-41.231183],[-71.221362,-41.231231],[-71.221146,-41.231407],[-71.221006,-41.231471],[-71.220891,-41.231494],[-71.220773,-41.231501],[-71.220166,-41.231475],[-71.219822,-41.2315],[-71.219505,-41.231574],[-71.218995,-41.231735],[-71.218816,-41.231775],[-71.217346,-41.231927],[-71.216844,-41.232017],[-71.216715,-41.232057],[-71.216249,-41.232263],[-71.215926,-41.232472],[-71.21571,-41.23265],[-71.215472,-41.232794],[-71.21533,-41.232833],[-71.215045,-41.232858],[-71.214872,-41.232914],[-71.214224,-41.233094],[-71.214064,-41.233115],[-71.213889,-41.2331],[-71.213664,-41.233052],[-71.213462,-41.233052],[-71.212018,-41.233308],[-71.211097,-41.233486],[-71.210248,-41.233566],[-71.209832,-41.233577],[-71.209366,-41.233566],[-71.208842,-41.233591],[-71.208386,-41.233658],[-71.207631,-41.233813],[-71.206667,-41.233916],[-71.20581,-41.23395],[-71.205359,-41.233919],[-71.203741,-41.233761],[-71.203443,-41.233769],[-71.202798,-41.233847],[-71.202302,-41.233939],[-71.20187,-41.234057],[-71.201689,-41.23414],[-71.201363,-41.234357],[-71.201207,-41.234458],[-71.200998,-41.23452],[-71.200558,-41.234533],[-71.200333,-41.234579],[-71.19996,-41.234677],[-71.199054,-41.234846],[-71.198745,-41.234918],[-71.19843,-41.235029],[-71.197953,-41.235206],[-71.197798,-41.235255],[-71.197573,-41.235284],[-71.197008,-41.235301],[-71.196839,-41.235333],[-71.196704,-41.235364],[-71.196543,-41.235415],[-71.19644,-41.235478],[-71.196364,-41.23552],[-71.195342,-41.236413],[-71.195207,-41.236485],[-71.194955,-41.236587],[-71.194683,-41.236729],[-71.194461,-41.236903],[-71.194163,-41.237247],[-71.194094,-41.237306],[-71.193984,-41.237357],[-71.193798,-41.237384],[-71.19323,-41.237419],[-71.19277,-41.237423],[-71.192579,-41.237419],[-71.192383,-41.237388],[-71.192275,-41.237352],[-71.19201,-41.237191],[-71.191822,-41.237116],[-71.191493,-41.237053],[-71.191233,-41.236981],[-71.190995,-41.236969],[-71.190495,-41.237018],[-71.19,-41.237125],[-71.189827,-41.237183],[-71.189742,-41.237231],[-71.18921,-41.23764],[-71.188898,-41.237965],[-71.188198,-41.239069],[-71.187789,-41.239583],[-71.187201,-41.240428],[-71.186588,-41.24115],[-71.186329,-41.241418],[-71.186207,-41.241514],[-71.186078,-41.24159],[-71.185933,-41.241651],[-71.185007,-41.24193],[-71.184538,-41.242123],[-71.184387,-41.242208],[-71.183695,-41.242685],[-71.18328,-41.243006],[-71.18319,-41.243064],[-71.182703,-41.243304],[-71.182296,-41.24356],[-71.181959,-41.243928],[-71.181582,-41.244208],[-71.181522,-41.244313],[-71.181336,-41.244814],[-71.18131,-41.244972],[-71.181332,-41.245096],[-71.181408,-41.245312],[-71.18167,-41.245763],[-71.181937,-41.246308],[-71.182051,-41.246652],[-71.182147,-41.246753],[-71.182486,-41.24698],[-71.182767,-41.247212],[-71.183563,-41.247813],[-71.184328,-41.248296],[-71.184858,-41.248585],[-71.185311,-41.248874],[-71.186408,-41.249416],[-71.18724,-41.249869],[-71.18792,-41.250277],[-71.188488,-41.250571],[-71.189631,-41.251051],[-71.190179,-41.251226],[-71.190336,-41.251348],[-71.190716,-41.251578],[-71.190849,-41.25168],[-71.190938,-41.251834],[-71.191029,-41.252112],[-71.191069,-41.252257],[-71.190978,-41.252468],[-71.190926,-41.252514],[-71.190787,-41.252559],[-71.190394,-41.252633],[-71.190094,-41.252779],[-71.189951,-41.252908],[-71.189856,-41.253033],[-71.189524,-41.253608],[-71.189366,-41.253838],[-71.189031,-41.254461],[-71.188663,-41.255034],[-71.188491,-41.255302],[-71.188153,-41.255184],[-71.186619,-41.254565],[-71.185771,-41.254332],[-71.184024,-41.253979],[-71.183039,-41.253857],[-71.182547,-41.253746],[-71.182206,-41.253708],[-71.181119,-41.253511],[-71.180824,-41.253487],[-71.180478,-41.253494],[-71.180299,-41.253453],[-71.179541,-41.25317],[-71.178152,-41.252527],[-71.177952,-41.25247],[-71.177433,-41.252416],[-71.1771,-41.252416],[-71.176853,-41.252441],[-71.176638,-41.25249],[-71.176166,-41.252676],[-71.175989,-41.252696],[-71.176115,-41.25279],[-71.176144,-41.25289],[-71.176151,-41.253034],[-71.176137,-41.253345],[-71.176107,-41.253556],[-71.176107,-41.253789],[-71.176188,-41.25395],[-71.176336,-41.254111],[-71.176513,-41.254267],[-71.176661,-41.254405],[-71.17675,-41.254516],[-71.176772,-41.254639],[-71.176728,-41.254811],[-71.176654,-41.25505],[-71.176609,-41.255244],[-71.176609,-41.255416],[-71.176661,-41.255616],[-71.176787,-41.255832],[-71.17686,-41.256071],[-71.176912,-41.256227],[-71.176905,-41.256371],[-71.176853,-41.256515],[-71.176698,-41.256599],[-71.176484,-41.256632],[-71.176292,-41.256637],[-71.175937,-41.256754],[-71.175767,-41.256948],[-71.175612,-41.257243],[-71.175472,-41.257476],[-71.17525,-41.257837],[-71.174999,-41.258175],[-71.1748,-41.258481],[-71.174667,-41.258747],[-71.174519,-41.259019],[-71.174246,-41.259325],[-71.173855,-41.25978],[-71.173471,-41.260235],[-71.173146,-41.26064],[-71.173038,-41.260766],[-71.173013,-41.260796],[-71.172798,-41.261007],[-71.172503,-41.261218],[-71.172082,-41.261429],[-71.171772,-41.261612],[-71.171373,-41.261862],[-71.171063,-41.262034],[-71.170708,-41.262306],[-71.170575,-41.262434],[-71.170494,-41.262572],[-71.170391,-41.262806],[-71.170339,-41.262994],[-71.170287,-41.263294],[-71.170154,-41.263538],[-71.16994,-41.263833],[-71.169785,-41.264099],[-71.169608,-41.264321],[-71.169534,-41.264454],[-71.169482,-41.264515],[-71.169519,-41.264588],[-71.169539,-41.264675],[-71.169564,-41.264782],[-71.169615,-41.264948],[-71.169682,-41.265037],[-71.169733,-41.265132],[-71.169778,-41.265287],[-71.169826,-41.26538],[-71.169874,-41.26547],[-71.169889,-41.265598],[-71.169936,-41.265804],[-71.170014,-41.265948],[-71.170022,-41.26612],[-71.169955,-41.266336],[-71.169889,-41.266442],[-71.169793,-41.266764],[-71.169741,-41.266925],[-71.169697,-41.267136],[-71.169586,-41.267441],[-71.169512,-41.267596],[-71.169512,-41.267763],[-71.169578,-41.267952],[-71.169719,-41.268201],[-71.169955,-41.268629],[-71.170103,-41.26904],[-71.170376,-41.269506],[-71.170516,-41.269861],[-71.170731,-41.270167],[-71.170834,-41.270361],[-71.170834,-41.270538],[-71.170996,-41.270894],[-71.171144,-41.271171],[-71.171299,-41.271682],[-71.171432,-41.271993],[-71.17158,-41.272342],[-71.171728,-41.27257],[-71.171971,-41.27292],[-71.172104,-41.273114],[-71.172178,-41.273314],[-71.172341,-41.273636],[-71.172577,-41.273997],[-71.172843,-41.274269],[-71.17302,-41.274424],[-71.173079,-41.274502],[-71.173079,-41.274574],[-71.173153,-41.274785],[-71.173212,-41.274912],[-71.173227,-41.275018],[-71.173293,-41.275157],[-71.173419,-41.275356],[-71.173611,-41.275623],[-71.173751,-41.275789],[-71.17381,-41.275923],[-71.173877,-41.276067],[-71.173958,-41.2763],[-71.174061,-41.276528],[-71.17415,-41.276716],[-71.174224,-41.276833],[-71.174298,-41.276972],[-71.17446,-41.27716],[-71.174778,-41.277488],[-71.175021,-41.277765],[-71.175354,-41.278098],[-71.175538,-41.278243],[-71.175657,-41.278359],[-71.175723,-41.27852],[-71.17579,-41.278703],[-71.175915,-41.279014],[-71.176019,-41.279253],[-71.176122,-41.279464],[-71.176225,-41.279736],[-71.176307,-41.279963],[-71.176425,-41.280274],[-71.176565,-41.280579],[-71.176619,-41.280671],[-71.176654,-41.280729],[-71.176735,-41.28084],[-71.176779,-41.280968],[-71.176912,-41.281062],[-71.177104,-41.281112],[-71.177208,-41.28119],[-71.177314,-41.28129],[-71.177326,-41.281301],[-71.177518,-41.281395],[-71.177702,-41.281523],[-71.177769,-41.281645],[-71.177828,-41.281811],[-71.177865,-41.281956],[-71.177872,-41.282094],[-71.177976,-41.282228],[-71.178146,-41.282322],[-71.178264,-41.282461],[-71.178397,-41.282583],[-71.178566,-41.28271],[-71.178693,-41.282774],[-71.178795,-41.282838],[-71.178803,-41.283166],[-71.178914,-41.283432],[-71.179002,-41.283621],[-71.179069,-41.283776],[-71.179187,-41.28387],[-71.179327,-41.283965],[-71.179682,-41.284159],[-71.179933,-41.284281],[-71.180295,-41.284464],[-71.180538,-41.284603],[-71.180745,-41.284792],[-71.1811,-41.284991],[-71.181306,-41.285097],[-71.181476,-41.285197],[-71.18158,-41.285297],[-71.181735,-41.285397],[-71.181979,-41.285552],[-71.182252,-41.285663],[-71.182392,-41.285918],[-71.182532,-41.286196],[-71.182651,-41.286351],[-71.182813,-41.286573],[-71.182931,-41.286795],[-71.183374,-41.287511],[-71.183574,-41.287861],[-71.18401,-41.288266],[-71.184696,-41.288699],[-71.185029,-41.288954],[-71.185368,-41.289015],[-71.185442,-41.289265],[-71.185125,-41.289531],[-71.18509,-41.289674],[-71.185138,-41.289828],[-71.185335,-41.289971],[-71.185636,-41.290226],[-71.185992,-41.290583],[-71.186348,-41.290933],[-71.186537,-41.291207],[-71.186743,-41.291504],[-71.186783,-41.291658],[-71.186854,-41.291825],[-71.187052,-41.292003],[-71.187154,-41.292157],[-71.187231,-41.292254],[-71.187293,-41.29233],[-71.18738,-41.292438],[-71.187433,-41.292572],[-71.1875,-41.292748],[-71.187596,-41.292904],[-71.187673,-41.293012],[-71.187711,-41.293098],[-71.187716,-41.293189],[-71.18763,-41.293362],[-71.187601,-41.293474],[-71.187567,-41.293665],[-71.187452,-41.293762],[-71.187111,-41.293961],[-71.187044,-41.293993],[-71.187049,-41.294087],[-71.187111,-41.29431],[-71.187169,-41.294494],[-71.187169,-41.294635],[-71.187145,-41.294722],[-71.187053,-41.294765],[-71.18689,-41.294794],[-71.186693,-41.294772],[-71.186463,-41.294772],[-71.18618,-41.294794],[-71.185968,-41.294848],[-71.185834,-41.294967],[-71.185656,-41.295151],[-71.185512,-41.295284],[-71.185354,-41.295494],[-71.185296,-41.295649],[-71.185118,-41.295829],[-71.184744,-41.29619],[-71.184446,-41.296551],[-71.184355,-41.296731],[-71.184264,-41.296875],[-71.18423,-41.29707],[-71.184254,-41.297341],[-71.184293,-41.297539],[-71.184374,-41.297723],[-71.184485,-41.297889],[-71.184576,-41.298156],[-71.184696,-41.298387],[-71.184811,-41.298643],[-71.184845,-41.298874],[-71.184797,-41.299137],[-71.184691,-41.299436],[-71.184605,-41.299523],[-71.184341,-41.29966],[-71.184086,-41.299855],[-71.183957,-41.29997],[-71.183889,-41.30006],[-71.183688,-41.300151],[-71.183433,-41.300212],[-71.18314,-41.300316],[-71.182924,-41.300407],[-71.182727,-41.3005],[-71.182655,-41.300601],[-71.182665,-41.3008],[-71.182732,-41.301016],[-71.182732,-41.30111],[-71.182684,-41.301312],[-71.182545,-41.301438],[-71.182372,-41.301608],[-71.182012,-41.301799],[-71.18181,-41.301961],[-71.181575,-41.302091],[-71.18134,-41.302206],[-71.181028,-41.302365],[-71.180831,-41.302463],[-71.180658,-41.302607],[-71.180423,-41.302841],[-71.180207,-41.303094],[-71.180058,-41.303274],[-71.179885,-41.303498],[-71.179765,-41.303606],[-71.179602,-41.303696],[-71.179367,-41.303797],[-71.179122,-41.303945],[-71.178901,-41.304129],[-71.178771,-41.304241],[-71.178469,-41.304432],[-71.178243,-41.30454],[-71.178032,-41.304645],[-71.177768,-41.304796],[-71.177552,-41.304987],[-71.177408,-41.305229],[-71.177273,-41.305528],[-71.177163,-41.305712],[-71.176951,-41.305929],[-71.176759,-41.306091],[-71.176539,-41.306232],[-71.176337,-41.306329],[-71.17613,-41.306455],[-71.175809,-41.306639],[-71.175434,-41.306863],[-71.175257,-41.306993],[-71.175103,-41.307119],[-71.174993,-41.307299],[-71.174897,-41.307516],[-71.174777,-41.307667],[-71.17468,-41.307793],[-71.17458,-41.307898],[-71.17434,-41.30806],[-71.174191,-41.308255],[-71.174138,-41.308417],[-71.174095,-41.308569],[-71.17408,-41.308681],[-71.174013,-41.308789],[-71.173903,-41.308901],[-71.173763,-41.309088],[-71.1736,-41.309395],[-71.173523,-41.309575],[-71.173514,-41.309784],[-71.173514,-41.309983],[-71.173586,-41.310249],[-71.173648,-41.310401],[-71.173605,-41.310585],[-71.173538,-41.310823],[-71.173442,-41.311093],[-71.17337,-41.311353],[-71.17324,-41.311631],[-71.173154,-41.311973],[-71.173014,-41.312222],[-71.172846,-41.312572],[-71.172606,-41.312904],[-71.172025,-41.313986],[-71.171896,-41.314238],[-71.171795,-41.314527],[-71.171665,-41.314801],[-71.171492,-41.315086],[-71.171262,-41.315396],[-71.171118,-41.315551],[-71.171022,-41.315684],[-71.171022,-41.315836],[-71.170883,-41.316016],[-71.170494,-41.316449],[-71.169831,-41.317072],[-71.169404,-41.31748],[-71.169159,-41.317765],[-71.169073,-41.317942],[-71.169044,-41.318143],[-71.168977,-41.318443],[-71.16902,-41.318565],[-71.168919,-41.318825],[-71.168833,-41.319041],[-71.16877,-41.319207],[-71.168775,-41.319319],[-71.168813,-41.319582],[-71.168828,-41.319698],[-71.168732,-41.319846],[-71.168492,-41.320001],[-71.168285,-41.320156],[-71.168199,-41.320235],[-71.168156,-41.320343],[-71.16805,-41.32048],[-71.167901,-41.320628],[-71.167743,-41.320783],[-71.167714,-41.320906],[-71.167839,-41.321025],[-71.168079,-41.321115],[-71.168285,-41.321172],[-71.168506,-41.321259],[-71.168761,-41.321378],[-71.168919,-41.321439],[-71.168986,-41.32154],[-71.168986,-41.321663],[-71.168881,-41.321822],[-71.168717,-41.321836],[-71.16806,-41.321666],[-71.1678,-41.321623],[-71.167733,-41.32163],[-71.167661,-41.321645],[-71.167536,-41.321537],[-71.167253,-41.321421],[-71.167022,-41.321389],[-71.166878,-41.321299],[-71.1666,-41.321122],[-71.166437,-41.320902],[-71.166192,-41.320761],[-71.165726,-41.320682],[-71.165361,-41.320682],[-71.165059,-41.320707],[-71.16442,-41.320725],[-71.164041,-41.320733],[-71.163484,-41.320819],[-71.163018,-41.320906],[-71.162615,-41.32101],[-71.162356,-41.321136],[-71.162149,-41.321259],[-71.162039,-41.321389],[-71.161976,-41.321486],[-71.161899,-41.321688],[-71.161914,-41.321789],[-71.161914,-41.321922],[-71.161914,-41.322074],[-71.161861,-41.322218],[-71.161765,-41.322348],[-71.161645,-41.322485],[-71.161511,-41.322654],[-71.1614,-41.322824],[-71.161299,-41.323019],[-71.161246,-41.323152],[-71.161184,-41.323257],[-71.161112,-41.323347],[-71.161054,-41.323491],[-71.160997,-41.323585],[-71.16091,-41.323646],[-71.160848,-41.323707],[-71.160829,-41.32383],[-71.160867,-41.323956],[-71.16092,-41.324061],[-71.160891,-41.324198],[-71.160872,-41.324378],[-71.160858,-41.32449],[-71.160877,-41.324587],[-71.160925,-41.32467],[-71.160997,-41.324771],[-71.161035,-41.324843],[-71.160982,-41.324933],[-71.160896,-41.324998],[-71.160714,-41.325041],[-71.160464,-41.325016],[-71.160176,-41.324955],[-71.159816,-41.324919],[-71.159614,-41.324915],[-71.159499,-41.324922],[-71.159379,-41.324951],[-71.159014,-41.325103],[-71.158644,-41.325315],[-71.158356,-41.325525],[-71.157871,-41.325849],[-71.157564,-41.326058],[-71.157185,-41.326329],[-71.157036,-41.326552],[-71.157041,-41.326754],[-71.157079,-41.327071],[-71.157161,-41.327212],[-71.157276,-41.327464],[-71.157343,-41.327695],[-71.157353,-41.327803],[-71.157333,-41.327915],[-71.157281,-41.328034],[-71.157213,-41.328077],[-71.157098,-41.328135],[-71.157055,-41.328211],[-71.156988,-41.328297],[-71.156887,-41.328387],[-71.156719,-41.328467],[-71.156589,-41.328546],[-71.156412,-41.328625],[-71.156244,-41.328726],[-71.156133,-41.328874],[-71.155946,-41.329047],[-71.155691,-41.329246],[-71.155451,-41.329411],[-71.155283,-41.329469],[-71.155091,-41.329556],[-71.15487,-41.329667],[-71.154789,-41.329808],[-71.154606,-41.330057],[-71.154414,-41.330345],[-71.154179,-41.330745],[-71.153987,-41.330922],[-71.153684,-41.331171],[-71.153339,-41.331412],[-71.152955,-41.331621],[-71.152729,-41.331791],[-71.152417,-41.33191],[-71.152062,-41.331996],[-71.151586,-41.332079],[-71.151178,-41.332249],[-71.150842,-41.332422],[-71.150485,-41.332575],[-71.150413,-41.332656],[-71.150272,-41.33284],[-71.150064,-41.333024],[-71.149805,-41.333258],[-71.149666,-41.33342],[-71.149507,-41.33359],[-71.149219,-41.333907],[-71.149008,-41.334239],[-71.148854,-41.334426],[-71.148786,-41.334546],[-71.148766,-41.334632],[-71.148763,-41.334718],[-71.14877,-41.334798],[-71.148773,-41.334917],[-71.148716,-41.335006],[-71.148677,-41.335051],[-71.148331,-41.335449],[-71.148171,-41.335677],[-71.148025,-41.335851],[-71.147937,-41.336042],[-71.147893,-41.336089],[-71.14766,-41.336272],[-71.147552,-41.336371],[-71.147256,-41.336731],[-71.14712,-41.336844],[-71.146769,-41.337062],[-71.146607,-41.337202],[-71.146508,-41.337354],[-71.146493,-41.337522],[-71.14651,-41.337834],[-71.146471,-41.337933],[-71.14637,-41.338035],[-71.146151,-41.338142],[-71.14597,-41.338234],[-71.145702,-41.338482],[-71.145379,-41.338681],[-71.145148,-41.338947],[-71.144728,-41.339534],[-71.144588,-41.339776],[-71.144581,-41.339934],[-71.144574,-41.340079],[-71.144492,-41.340175],[-71.144171,-41.34043],[-71.144019,-41.340598],[-71.143802,-41.340986],[-71.143614,-41.341241],[-71.14311,-41.341715],[-71.142992,-41.341854],[-71.142961,-41.341981],[-71.142937,-41.342298],[-71.142898,-41.342526],[-71.142939,-41.342765],[-71.14306,-41.343062],[-71.143055,-41.343163],[-71.143022,-41.343228],[-71.143011,-41.343248],[-71.142949,-41.343274],[-71.142889,-41.343279],[-71.140077,-41.343176],[-71.139629,-41.343138],[-71.13919,-41.343044],[-71.137849,-41.342608],[-71.136998,-41.342349],[-71.136916,-41.342307],[-71.136764,-41.342182],[-71.136603,-41.342153],[-71.136306,-41.342108],[-71.135872,-41.342072],[-71.135595,-41.34211],[-71.135469,-41.342101],[-71.135339,-41.342074],[-71.135134,-41.342019],[-71.134995,-41.342018],[-71.134913,-41.342014],[-71.134585,-41.341999],[-71.133847,-41.341761],[-71.132578,-41.341217],[-71.131524,-41.340517],[-71.131031,-41.340255],[-71.130336,-41.340108],[-71.130035,-41.34015],[-71.129714,-41.34008],[-71.128879,-41.339953],[-71.128657,-41.339786],[-71.128264,-41.339477],[-71.126439,-41.339095],[-71.125535,-41.338951],[-71.124715,-41.33889],[-71.123988,-41.338924],[-71.123441,-41.338869],[-71.122763,-41.338987],[-71.12229,-41.339102],[-71.1214,-41.339325],[-71.120751,-41.339516],[-71.120607,-41.339525],[-71.120313,-41.339533],[-71.120097,-41.339549],[-71.119895,-41.339599],[-71.119757,-41.339682],[-71.119699,-41.339736],[-71.119601,-41.339902],[-71.119568,-41.340083],[-71.119482,-41.34036],[-71.119351,-41.340823],[-71.119295,-41.341063],[-71.119272,-41.341298],[-71.11927,-41.341752],[-71.119193,-41.341959],[-71.119104,-41.342027],[-71.118933,-41.342052],[-71.118777,-41.342116],[-71.118623,-41.342278],[-71.118413,-41.342455],[-71.118277,-41.342604],[-71.118191,-41.342814],[-71.118125,-41.343056],[-71.118144,-41.343221],[-71.118235,-41.343436],[-71.118296,-41.343589],[-71.118497,-41.34382],[-71.118679,-41.343985],[-71.11908,-41.344259],[-71.119279,-41.344376],[-71.119587,-41.344564],[-71.11986,-41.344723],[-71.120958,-41.345044],[-71.121091,-41.345088],[-71.121815,-41.345286],[-71.122086,-41.345382],[-71.12259,-41.345556],[-71.122996,-41.345663],[-71.12341,-41.345847],[-71.124059,-41.346133],[-71.124586,-41.346341],[-71.125067,-41.346511],[-71.125242,-41.346571],[-71.12552,-41.346538],[-71.125749,-41.346506],[-71.126046,-41.34665],[-71.126247,-41.346774],[-71.126471,-41.346931],[-71.126501,-41.347078],[-71.126536,-41.347229],[-71.126541,-41.347332],[-71.126426,-41.347467],[-71.126434,-41.347584],[-71.126592,-41.347741],[-71.126766,-41.347926],[-71.126836,-41.348129],[-71.126876,-41.348329],[-71.126876,-41.348419],[-71.127008,-41.348673],[-71.12708,-41.348933],[-71.127101,-41.349219],[-71.127088,-41.349442],[-71.12712,-41.349567],[-71.127217,-41.349732],[-71.127338,-41.34999],[-71.127413,-41.350232],[-71.127474,-41.350491],[-71.127541,-41.350727],[-71.127638,-41.350973],[-71.127725,-41.351129],[-71.127973,-41.351434],[-71.128199,-41.351647],[-71.128426,-41.351886],[-71.128518,-41.352051],[-71.128568,-41.352346],[-71.128617,-41.352579],[-71.128696,-41.352992],[-71.128752,-41.353234],[-71.128794,-41.353441],[-71.128952,-41.353689],[-71.129101,-41.353811],[-71.129204,-41.353955],[-71.129285,-41.354213],[-71.129438,-41.354425],[-71.129548,-41.354576],[-71.129629,-41.354717],[-71.129712,-41.354994],[-71.129811,-41.355194],[-71.130044,-41.355504],[-71.130264,-41.355868],[-71.130409,-41.35607],[-71.130546,-41.356283],[-71.130667,-41.356388],[-71.130892,-41.356531],[-71.131233,-41.356752],[-71.131461,-41.356937],[-71.131589,-41.35705],[-71.131651,-41.357153],[-71.131673,-41.357455],[-71.131705,-41.35767],[-71.131791,-41.357976],[-71.13178,-41.358224],[-71.131796,-41.358349],[-71.131903,-41.358671],[-71.131962,-41.359007],[-71.131957,-41.35921],[-71.131995,-41.359329],[-71.132096,-41.359524],[-71.132124,-41.359634],[-71.13228,-41.359806],[-71.13232,-41.359869],[-71.132481,-41.360304],[-71.132483,-41.360446],[-71.132486,-41.3608],[-71.132469,-41.360933],[-71.132392,-41.361087],[-71.132294,-41.361194],[-71.132196,-41.361249],[-71.132096,-41.361245],[-71.131975,-41.361122],[-71.131882,-41.361134],[-71.131805,-41.361311],[-71.131529,-41.361595],[-71.131207,-41.361867],[-71.131214,-41.362114],[-71.131263,-41.362377],[-71.131295,-41.362608],[-71.13133,-41.362954],[-71.131394,-41.363219],[-71.131461,-41.363559],[-71.13149,-41.363814],[-71.131447,-41.364059],[-71.131306,-41.364292],[-71.131249,-41.364515],[-71.131192,-41.364821],[-71.131175,-41.36498],[-71.131203,-41.365137],[-71.131079,-41.365395],[-71.130761,-41.365793],[-71.1307,-41.365979],[-71.130637,-41.366282],[-71.130569,-41.366497],[-71.130414,-41.366686],[-71.129869,-41.367363],[-71.129557,-41.367761],[-71.129302,-41.368213],[-71.129055,-41.368526],[-71.128814,-41.368749],[-71.128219,-41.369291],[-71.127873,-41.369567],[-71.127384,-41.369969],[-71.126945,-41.370287],[-71.126669,-41.370566],[-71.126361,-41.370869],[-71.125724,-41.371275],[-71.125321,-41.371562],[-71.125094,-41.371862],[-71.124981,-41.372014],[-71.124871,-41.372242],[-71.124737,-41.372481],[-71.124602,-41.372914],[-71.124596,-41.372933],[-71.124684,-41.373053],[-71.124789,-41.373145],[-71.124938,-41.373293],[-71.125079,-41.373407],[-71.125273,-41.373534],[-71.12551,-41.373663],[-71.125659,-41.3738],[-71.125765,-41.374004],[-71.12584,-41.374126],[-71.125932,-41.374156],[-71.126072,-41.374196],[-71.12642,-41.374262],[-71.126748,-41.374383],[-71.126995,-41.374478],[-71.127351,-41.374594],[-71.127481,-41.374713],[-71.12775,-41.374751],[-71.128276,-41.37488],[-71.128694,-41.375065],[-71.129086,-41.375242],[-71.129462,-41.375456],[-71.12967,-41.375596],[-71.129889,-41.375727],[-71.130094,-41.375837],[-71.130477,-41.375993],[-71.130681,-41.376162],[-71.130903,-41.376308],[-71.131214,-41.376382],[-71.13142,-41.376564],[-71.131577,-41.376833],[-71.131645,-41.377059],[-71.131768,-41.377246],[-71.131938,-41.37739],[-71.132187,-41.377607],[-71.132348,-41.377774],[-71.132542,-41.377933],[-71.132668,-41.378069],[-71.132784,-41.378257],[-71.132895,-41.378465],[-71.132959,-41.378717],[-71.133036,-41.378927],[-71.133079,-41.379126],[-71.133086,-41.379359],[-71.133092,-41.379658],[-71.133095,-41.379873],[-71.133116,-41.380088],[-71.133132,-41.380222],[-71.133138,-41.380384],[-71.133067,-41.38055],[-71.132978,-41.380756],[-71.13295,-41.380938],[-71.132944,-41.381123],[-71.132944,-41.381315],[-71.132948,-41.381461],[-71.132938,-41.381641],[-71.132932,-41.381822],[-71.132913,-41.381986],[-71.132844,-41.382112],[-71.132686,-41.382277],[-71.132519,-41.382358],[-71.132399,-41.382463],[-71.132275,-41.38259],[-71.132167,-41.382739],[-71.13209,-41.382887],[-71.131999,-41.383041],[-71.131915,-41.383229],[-71.131873,-41.383364],[-71.13183,-41.383628],[-71.13174,-41.38382],[-71.131696,-41.384005],[-71.131671,-41.384154],[-71.131612,-41.38426],[-71.13148,-41.384388],[-71.131334,-41.384519],[-71.131236,-41.384613],[-71.131153,-41.384738],[-71.131039,-41.384952],[-71.130874,-41.385112],[-71.1307,-41.385288],[-71.130614,-41.38546],[-71.13057,-41.385606],[-71.130474,-41.385849],[-71.13046,-41.385972],[-71.130411,-41.386143],[-71.130354,-41.386291],[-71.130281,-41.386513],[-71.130241,-41.386687],[-71.130227,-41.386969],[-71.130223,-41.387116],[-71.130267,-41.387379],[-71.130288,-41.387549],[-71.130351,-41.387733],[-71.130435,-41.387941],[-71.130524,-41.388142],[-71.130566,-41.388298],[-71.13061,-41.388517],[-71.130635,-41.388731],[-71.130639,-41.3889],[-71.130659,-41.389057],[-71.130698,-41.389517],[-71.130691,-41.389691],[-71.130694,-41.389898],[-71.130653,-41.390078],[-71.130561,-41.390378],[-71.130437,-41.390666],[-71.130348,-41.390907],[-71.130266,-41.391062],[-71.130199,-41.391274],[-71.130166,-41.391491],[-71.13007,-41.391717],[-71.130014,-41.391857],[-71.129725,-41.392496],[-71.129489,-41.393103],[-71.129307,-41.393534],[-71.129206,-41.393781],[-71.129298,-41.394378],[-71.129333,-41.394654],[-71.129263,-41.394769],[-71.129096,-41.394909],[-71.128937,-41.395002],[-71.128732,-41.395143],[-71.128562,-41.395305],[-71.128452,-41.395475],[-71.128375,-41.395705],[-71.128372,-41.395822],[-71.128289,-41.395989],[-71.128356,-41.396132],[-71.128501,-41.396225],[-71.128579,-41.396428],[-71.128463,-41.396591],[-71.128372,-41.39679],[-71.128206,-41.396941],[-71.128214,-41.397076],[-71.128313,-41.397261],[-71.128311,-41.39742],[-71.128219,-41.397625],[-71.128131,-41.397772],[-71.127965,-41.397856],[-71.127745,-41.397909],[-71.127637,-41.397949],[-71.127468,-41.397947],[-71.127329,-41.397875],[-71.127122,-41.397893],[-71.126894,-41.397957],[-71.126661,-41.39806],[-71.126336,-41.39818],[-71.126074,-41.398333],[-71.125835,-41.398454],[-71.125454,-41.398561],[-71.12523,-41.398669],[-71.125079,-41.398783],[-71.124975,-41.398951],[-71.124694,-41.399358],[-71.124435,-41.399622],[-71.12408,-41.399949],[-71.123798,-41.400357],[-71.123639,-41.400588],[-71.123472,-41.400728],[-71.123408,-41.400914],[-71.122895,-41.401445],[-71.122658,-41.401599],[-71.122417,-41.401653],[-71.122164,-41.401839],[-71.122082,-41.401949],[-71.121988,-41.401973],[-71.121825,-41.401918],[-71.121671,-41.401837],[-71.121473,-41.401698],[-71.121336,-41.401577],[-71.121292,-41.401417],[-71.121135,-41.40137],[-71.120806,-41.401323],[-71.120428,-41.401274],[-71.120283,-41.401291],[-71.119996,-41.401204],[-71.119741,-41.401176],[-71.119342,-41.401169],[-71.11902,-41.401174],[-71.11877,-41.401167],[-71.1183,-41.401111],[-71.117693,-41.401055],[-71.117264,-41.401037],[-71.116946,-41.401013],[-71.116694,-41.40098],[-71.11639,-41.400927],[-71.116229,-41.400934],[-71.115968,-41.401002],[-71.115735,-41.401023],[-71.11552,-41.40103],[-71.115282,-41.401111],[-71.115017,-41.401268],[-71.114716,-41.401485],[-71.114503,-41.401594],[-71.114185,-41.4017],[-71.113923,-41.401775],[-71.113595,-41.401878],[-71.113266,-41.401986],[-71.113043,-41.402066],[-71.112877,-41.402195],[-71.112764,-41.4024],[-71.112652,-41.402631],[-71.112504,-41.402833],[-71.112351,-41.402982],[-71.112201,-41.403215],[-71.11208,-41.403342],[-71.111882,-41.403456],[-71.111697,-41.403617],[-71.111576,-41.403728],[-71.111249,-41.403669],[-71.110805,-41.403978],[-71.11025,-41.404167],[-71.109828,-41.404235],[-71.109637,-41.404357],[-71.109391,-41.40451],[-71.109191,-41.404678],[-71.109055,-41.40481],[-71.108781,-41.405069],[-71.108596,-41.405302],[-71.108365,-41.405476],[-71.108417,-41.405737],[-71.108128,-41.405906],[-71.107733,-41.406118],[-71.107413,-41.406321],[-71.107129,-41.406555],[-71.106849,-41.406779],[-71.106615,-41.40698],[-71.106427,-41.407197],[-71.106316,-41.407456],[-71.106242,-41.407678],[-71.10615,-41.407897],[-71.105891,-41.408228],[-71.105601,-41.408556],[-71.105293,-41.408891],[-71.104988,-41.409226],[-71.104637,-41.409617],[-71.104461,-41.409862],[-71.10411,-41.410157],[-71.103839,-41.410409],[-71.103746,-41.410731],[-71.103679,-41.410948],[-71.103577,-41.411322],[-71.103444,-41.411609],[-71.103226,-41.412008],[-71.103093,-41.412221],[-71.10297,-41.412572],[-71.10285,-41.41287],[-71.102643,-41.413092],[-71.102397,-41.413346],[-71.102161,-41.413604],[-71.101906,-41.413791],[-71.101705,-41.413911],[-71.101472,-41.414128],[-71.101131,-41.414361],[-71.100858,-41.414543],[-71.100659,-41.414734],[-71.100428,-41.414947],[-71.100159,-41.415103],[-71.099914,-41.415306],[-71.099732,-41.415425],[-71.099003,-41.416937],[-71.09884,-41.417135],[-71.098634,-41.417364],[-71.098275,-41.417471],[-71.097955,-41.417471],[-71.097692,-41.417505],[-71.097367,-41.417528],[-71.097017,-41.417564],[-71.096645,-41.417592],[-71.096274,-41.417647],[-71.095854,-41.417664],[-71.095609,-41.417696],[-71.095382,-41.417843],[-71.095137,-41.41809],[-71.094875,-41.418393],[-71.09471,-41.418587],[-71.094373,-41.418677],[-71.094142,-41.418767],[-71.093652,-41.418883],[-71.093242,-41.419012],[-71.092934,-41.419123],[-71.092681,-41.41925],[-71.092318,-41.419458],[-71.091911,-41.419682],[-71.091581,-41.419821],[-71.091298,-41.419964],[-71.091002,-41.420151],[-71.090753,-41.420292],[-71.090518,-41.420412],[-71.09038,-41.420599],[-71.090213,-41.42074],[-71.090035,-41.420865],[-71.089813,-41.420987],[-71.089526,-41.421034],[-71.08928,-41.421179],[-71.088962,-41.421265],[-71.088712,-41.421343],[-71.088921,-41.421495],[-71.088814,-41.421665],[-71.088696,-41.421786],[-71.08853,-41.421961],[-71.088321,-41.422025],[-71.088179,-41.422091],[-71.088217,-41.422214],[-71.088131,-41.422289],[-71.087758,-41.422261],[-71.087324,-41.422261],[-71.08697,-41.422349],[-71.086407,-41.4225],[-71.086093,-41.422578],[-71.085777,-41.422694],[-71.085459,-41.422826],[-71.085087,-41.422995],[-71.084587,-41.423131],[-71.084107,-41.423237],[-71.08366,-41.423392],[-71.082942,-41.423658],[-71.082532,-41.423787],[-71.082203,-41.423866],[-71.082046,-41.42399],[-71.081907,-41.424358],[-71.081744,-41.424543],[-71.081565,-41.424852],[-71.0813,-41.425192],[-71.081065,-41.425599],[-71.080797,-41.425989],[-71.0804,-41.426563],[-71.080242,-41.426765],[-71.080191,-41.426936],[-71.079955,-41.427165],[-71.079736,-41.427554],[-71.079452,-41.427852],[-71.079264,-41.428206],[-71.07906,-41.428495],[-71.078813,-41.428749],[-71.078733,-41.428946],[-71.078395,-41.428938],[-71.078255,-41.429046],[-71.078261,-41.429738],[-71.077912,-41.430241],[-71.077521,-41.430823],[-71.077243,-41.431217],[-71.076995,-41.431341],[-71.076725,-41.431434],[-71.076631,-41.431536],[-71.076521,-41.431796],[-71.076412,-41.432028],[-71.076265,-41.432204],[-71.075945,-41.432399],[-71.075707,-41.432554],[-71.075611,-41.432688],[-71.075524,-41.432885],[-71.075349,-41.433043],[-71.075127,-41.433181],[-71.07491,-41.433281],[-71.074642,-41.433453],[-71.074514,-41.433686],[-71.074385,-41.433922],[-71.074126,-41.434053],[-71.073944,-41.434183],[-71.073676,-41.434409],[-71.073454,-41.434575],[-71.073272,-41.434719],[-71.072644,-41.435146],[-71.072206,-41.435455],[-71.071744,-41.435809],[-71.071322,-41.436098],[-71.070829,-41.436398],[-71.070456,-41.436652],[-71.069964,-41.436987],[-71.069817,-41.43706],[-71.069562,-41.437241],[-71.069224,-41.437478],[-71.068926,-41.437691],[-71.068572,-41.437908],[-71.068344,-41.437999],[-71.068146,-41.438184],[-71.067853,-41.438435],[-71.06758,-41.438662],[-71.067321,-41.438855],[-71.067036,-41.439097],[-71.066615,-41.439366],[-71.066102,-41.439685],[-71.065583,-41.44008],[-71.065064,-41.440437],[-71.064647,-41.44074],[-71.064287,-41.440975],[-71.063926,-41.441253],[-71.063275,-41.441704],[-71.062758,-41.44206],[-71.062336,-41.442387],[-71.062078,-41.442535],[-71.061871,-41.442666],[-71.061627,-41.442841],[-71.061401,-41.443026],[-71.061212,-41.443177],[-71.061017,-41.443343],[-71.060794,-41.443506],[-71.060529,-41.443675],[-71.060275,-41.443852],[-71.060082,-41.443983],[-71.059887,-41.444115],[-71.059842,-41.444223],[-71.059832,-41.444354],[-71.059879,-41.444438],[-71.060009,-41.444499],[-71.060273,-41.444574],[-71.060499,-41.444649],[-71.06068,-41.444798],[-71.060915,-41.444999],[-71.06121,-41.445274],[-71.061422,-41.445472],[-71.061645,-41.4457],[-71.06182,-41.445944],[-71.061958,-41.446237],[-71.062037,-41.446534],[-71.062118,-41.44668],[-71.062177,-41.446807],[-71.062174,-41.446938],[-71.061994,-41.446956],[-71.061772,-41.446899],[-71.061597,-41.446811],[-71.061348,-41.446725],[-71.061034,-41.446638],[-71.060822,-41.446499],[-71.06037,-41.446513],[-71.060104,-41.446501],[-71.059813,-41.446488],[-71.059467,-41.44647],[-71.059122,-41.446382],[-71.059289,-41.446488],[-71.05963,-41.446631],[-71.059992,-41.446787],[-71.060041,-41.446924],[-71.06002,-41.447098],[-71.059963,-41.447253],[-71.059846,-41.447412],[-71.061115,-41.447319],[-71.061643,-41.447478],[-71.062214,-41.447615],[-71.062384,-41.447643],[-71.062761,-41.447704],[-71.063196,-41.447881],[-71.063437,-41.448074],[-71.06349,-41.448204],[-71.063525,-41.44829],[-71.063817,-41.448484],[-71.064155,-41.448828],[-71.064466,-41.449199],[-71.064759,-41.449497],[-71.064962,-41.449703],[-71.065216,-41.449871],[-71.065577,-41.450191],[-71.065728,-41.450386],[-71.06611,-41.450648],[-71.066319,-41.450774],[-71.066419,-41.450834],[-71.066846,-41.450885],[-71.067594,-41.450989],[-71.068484,-41.451002],[-71.068919,-41.450957],[-71.069485,-41.450965],[-71.069981,-41.451065],[-71.070625,-41.451164],[-71.071046,-41.451286],[-71.071428,-41.451429],[-71.071839,-41.451638],[-71.072395,-41.451864],[-71.072911,-41.451869],[-71.073502,-41.451999],[-71.073771,-41.452072],[-71.074056,-41.452188],[-71.07427,-41.452301],[-71.074485,-41.452488],[-71.074632,-41.452693],[-71.074729,-41.452932],[-71.074812,-41.453179],[-71.074772,-41.453386],[-71.074692,-41.453607],[-71.074605,-41.453795],[-71.074623,-41.454012],[-71.074765,-41.454148],[-71.074842,-41.454299],[-71.074911,-41.454457],[-71.075063,-41.45472],[-71.075203,-41.454905],[-71.075291,-41.455204],[-71.07545,-41.455522],[-71.075643,-41.455884],[-71.075798,-41.456211],[-71.075906,-41.456448],[-71.076095,-41.456788],[-71.076227,-41.457028],[-71.076308,-41.457224],[-71.076545,-41.457513],[-71.076705,-41.457693],[-71.076926,-41.457947],[-71.077121,-41.458263],[-71.077278,-41.458575],[-71.077533,-41.458949],[-71.077823,-41.459376],[-71.077983,-41.459607],[-71.078082,-41.459884],[-71.078103,-41.460125],[-71.078036,-41.460529],[-71.077993,-41.46087],[-71.077959,-41.461138],[-71.07802,-41.461468],[-71.078122,-41.46181],[-71.078208,-41.462092],[-71.078291,-41.462447],[-71.078365,-41.462713],[-71.078415,-41.462928],[-71.078492,-41.463283],[-71.07855,-41.463498],[-71.078667,-41.46365],[-71.079,-41.463953],[-71.079261,-41.464197],[-71.079476,-41.464398],[-71.079586,-41.464544],[-71.079594,-41.464788],[-71.079509,-41.465011],[-71.0795,-41.465293],[-71.079552,-41.465487],[-71.079728,-41.465736],[-71.079953,-41.465949],[-71.080178,-41.466205],[-71.080312,-41.466344],[-71.080304,-41.466433],[-71.080282,-41.466668],[-71.080554,-41.466822],[-71.080985,-41.466986],[-71.081672,-41.467256],[-71.082285,-41.467558],[-71.083132,-41.467949],[-71.084076,-41.468466],[-71.084463,-41.468676],[-71.084902,-41.468872],[-71.085313,-41.4691],[-71.085645,-41.469373],[-71.086122,-41.469772],[-71.086377,-41.470058],[-71.086524,-41.470178],[-71.087015,-41.470351],[-71.087479,-41.470488],[-71.087814,-41.470546],[-71.088477,-41.470791],[-71.088739,-41.470952],[-71.088731,-41.471151],[-71.08858,-41.471426],[-71.08848,-41.471634],[-71.088358,-41.472112],[-71.088327,-41.472401],[-71.088333,-41.472705],[-71.088265,-41.472927],[-71.088204,-41.473223],[-71.088127,-41.473513],[-71.08805,-41.473832],[-71.087985,-41.474144],[-71.087902,-41.474398],[-71.087757,-41.474783],[-71.087678,-41.475019],[-71.087554,-41.475336],[-71.087346,-41.47573],[-71.087202,-41.47595],[-71.087059,-41.476165],[-71.086821,-41.47636],[-71.08666,-41.476533],[-71.086396,-41.476695],[-71.086163,-41.476821],[-71.085903,-41.477044],[-71.085675,-41.477196],[-71.085555,-41.477345],[-71.085476,-41.477556],[-71.085404,-41.477757],[-71.085286,-41.478125],[-71.085157,-41.478348],[-71.084943,-41.47857],[-71.084677,-41.478753],[-71.084405,-41.479002],[-71.084153,-41.479265],[-71.083867,-41.479485],[-71.083675,-41.479644],[-71.083482,-41.47989],[-71.083186,-41.48028],[-71.082897,-41.480573],[-71.08271,-41.480734],[-71.082409,-41.480969],[-71.082189,-41.481201],[-71.082075,-41.481268],[-71.081779,-41.481473],[-71.081585,-41.481621],[-71.081234,-41.481875],[-71.081012,-41.482073],[-71.080815,-41.482304],[-71.080603,-41.482578],[-71.08035,-41.482855],[-71.080134,-41.483134],[-71.080091,-41.483312],[-71.080064,-41.483621],[-71.079992,-41.483941],[-71.0799,-41.484127],[-71.079728,-41.484335],[-71.079472,-41.484609],[-71.079262,-41.484796],[-71.07905,-41.485027],[-71.078887,-41.485251],[-71.078665,-41.485417],[-71.078471,-41.485549],[-71.078203,-41.485814],[-71.078002,-41.486061],[-71.077867,-41.486391],[-71.077731,-41.486724],[-71.077657,-41.486913],[-71.077543,-41.487005],[-71.077433,-41.487056],[-71.077274,-41.487142],[-71.077058,-41.487361],[-71.076827,-41.487626],[-71.076587,-41.487824],[-71.076416,-41.487955],[-71.076424,-41.488064],[-71.07638,-41.48814],[-71.076286,-41.488162],[-71.076075,-41.488274],[-71.075798,-41.488393],[-71.075374,-41.488754],[-71.075013,-41.488971],[-71.074811,-41.489099],[-71.074669,-41.489271],[-71.074542,-41.4896],[-71.074457,-41.489799],[-71.074459,-41.489951],[-71.074457,-41.489799],[-71.074542,-41.4896],[-71.074669,-41.489271],[-71.074811,-41.489099],[-71.075013,-41.488971],[-71.075374,-41.488754],[-71.075798,-41.488393],[-71.076075,-41.488274],[-71.076286,-41.488162],[-71.07638,-41.48814],[-71.076424,-41.488064],[-71.076416,-41.487955],[-71.076587,-41.487824],[-71.076827,-41.487626],[-71.077058,-41.487361],[-71.077274,-41.487142],[-71.077433,-41.487056],[-71.077543,-41.487005],[-71.077657,-41.486913],[-71.077731,-41.486724],[-71.077867,-41.486391],[-71.078002,-41.486061],[-71.078203,-41.485814],[-71.078471,-41.485549],[-71.078665,-41.485417],[-71.078887,-41.485251],[-71.07905,-41.485027],[-71.079262,-41.484796],[-71.079472,-41.484609],[-71.079728,-41.484335],[-71.0799,-41.484127],[-71.079992,-41.483941],[-71.080064,-41.483621],[-71.080091,-41.483312],[-71.080134,-41.483134],[-71.08035,-41.482855],[-71.080603,-41.482578],[-71.080815,-41.482304],[-71.081012,-41.482073],[-71.081234,-41.481875],[-71.081585,-41.481621],[-71.081779,-41.481473],[-71.082075,-41.481268],[-71.082189,-41.481201],[-71.082409,-41.480969],[-71.08271,-41.480734],[-71.082897,-41.480573],[-71.083186,-41.48028],[-71.083482,-41.47989],[-71.083675,-41.479644],[-71.083867,-41.479485],[-71.084153,-41.479265],[-71.084405,-41.479002],[-71.084677,-41.478753],[-71.084943,-41.47857],[-71.085157,-41.478348],[-71.085286,-41.478125],[-71.085404,-41.477757],[-71.085476,-41.477556],[-71.085555,-41.477345],[-71.085675,-41.477196],[-71.085903,-41.477044],[-71.086163,-41.476821],[-71.086396,-41.476695],[-71.08666,-41.476533],[-71.086821,-41.47636],[-71.087059,-41.476165],[-71.087202,-41.47595],[-71.087346,-41.47573],[-71.087554,-41.475336],[-71.087678,-41.475019],[-71.087757,-41.474783],[-71.087902,-41.474398],[-71.087985,-41.474144],[-71.08805,-41.473832],[-71.088127,-41.473513],[-71.088204,-41.473223],[-71.088265,-41.472927],[-71.088333,-41.472705],[-71.088327,-41.472401],[-71.088358,-41.472112],[-71.08848,-41.471634],[-71.08858,-41.471426],[-71.088731,-41.471151],[-71.088739,-41.470952],[-71.088477,-41.470791],[-71.087814,-41.470546],[-71.087479,-41.470488],[-71.087015,-41.470351],[-71.086524,-41.470178],[-71.086377,-41.470058],[-71.086122,-41.469772],[-71.085645,-41.469373],[-71.085313,-41.4691],[-71.084902,-41.468872],[-71.084463,-41.468676],[-71.084076,-41.468466],[-71.083132,-41.467949],[-71.082285,-41.467558],[-71.081672,-41.467256],[-71.080985,-41.466986],[-71.080554,-41.466822],[-71.080282,-41.466668],[-71.080304,-41.466433],[-71.080312,-41.466344],[-71.080178,-41.466205],[-71.079953,-41.465949],[-71.079728,-41.465736],[-71.079552,-41.465487],[-71.0795,-41.465293],[-71.079509,-41.465011],[-71.079594,-41.464788],[-71.079586,-41.464544],[-71.079476,-41.464398],[-71.079261,-41.464197],[-71.079,-41.463953],[-71.078667,-41.46365],[-71.07855,-41.463498],[-71.078492,-41.463283],[-71.078415,-41.462928],[-71.078365,-41.462713],[-71.078291,-41.462447],[-71.078208,-41.462092],[-71.078122,-41.46181],[-71.07802,-41.461468],[-71.077959,-41.461138],[-71.077993,-41.46087],[-71.078036,-41.460529],[-71.078103,-41.460125],[-71.078082,-41.459884],[-71.077983,-41.459607],[-71.077823,-41.459376],[-71.077533,-41.458949],[-71.077278,-41.458575],[-71.077121,-41.458263],[-71.076926,-41.457947],[-71.076705,-41.457693],[-71.076545,-41.457513],[-71.076308,-41.457224],[-71.076227,-41.457028],[-71.076095,-41.456788],[-71.075906,-41.456448],[-71.075798,-41.456211],[-71.075643,-41.455884],[-71.07545,-41.455522],[-71.075291,-41.455204],[-71.075203,-41.454905],[-71.075063,-41.45472],[-71.074911,-41.454457],[-71.074842,-41.454299],[-71.074765,-41.454148],[-71.074623,-41.454012],[-71.074605,-41.453795],[-71.074692,-41.453607],[-71.074772,-41.453386],[-71.074812,-41.453179],[-71.074729,-41.452932],[-71.074632,-41.452693],[-71.074485,-41.452488],[-71.07427,-41.452301],[-71.074056,-41.452188],[-71.073771,-41.452072],[-71.073502,-41.451999],[-71.072911,-41.451869],[-71.072395,-41.451864],[-71.071839,-41.451638],[-71.071428,-41.451429],[-71.071046,-41.451286],[-71.070625,-41.451164],[-71.069981,-41.451065],[-71.069485,-41.450965],[-71.068919,-41.450957],[-71.068484,-41.451002],[-71.067594,-41.450989],[-71.066846,-41.450885],[-71.066419,-41.450834],[-71.066319,-41.450774],[-71.06611,-41.450648],[-71.065728,-41.450386],[-71.065577,-41.450191],[-71.065216,-41.449871],[-71.064962,-41.449703],[-71.064759,-41.449497],[-71.064466,-41.449199],[-71.064155,-41.448828],[-71.063817,-41.448484],[-71.063525,-41.44829],[-71.06349,-41.448204],[-71.063437,-41.448074],[-71.063196,-41.447881],[-71.062761,-41.447704],[-71.062384,-41.447643],[-71.062214,-41.447615],[-71.061643,-41.447478],[-71.061115,-41.447319],[-71.059846,-41.447412],[-71.059963,-41.447253],[-71.06002,-41.447098],[-71.060041,-41.446924],[-71.059992,-41.446787],[-71.05963,-41.446631],[-71.059289,-41.446488],[-71.059122,-41.446382],[-71.059467,-41.44647],[-71.059813,-41.446488],[-71.060104,-41.446501],[-71.06037,-41.446513],[-71.060822,-41.446499],[-71.061034,-41.446638],[-71.061348,-41.446725],[-71.061597,-41.446811],[-71.061772,-41.446899],[-71.061994,-41.446956],[-71.062174,-41.446938],[-71.062177,-41.446807],[-71.062118,-41.44668],[-71.062037,-41.446534],[-71.061958,-41.446237],[-71.06182,-41.445944],[-71.061645,-41.4457],[-71.061422,-41.445472],[-71.06121,-41.445274],[-71.060915,-41.444999],[-71.06068,-41.444798],[-71.060499,-41.444649],[-71.060273,-41.444574],[-71.060009,-41.444499],[-71.059879,-41.444438],[-71.059832,-41.444354],[-71.059842,-41.444223],[-71.059887,-41.444115],[-71.060082,-41.443983],[-71.060275,-41.443852],[-71.060529,-41.443675],[-71.060794,-41.443506],[-71.061017,-41.443343],[-71.061212,-41.443177],[-71.061401,-41.443026],[-71.061627,-41.442841],[-71.061871,-41.442666],[-71.062078,-41.442535],[-71.062336,-41.442387],[-71.062758,-41.44206],[-71.063275,-41.441704],[-71.063926,-41.441253],[-71.064287,-41.440975],[-71.064647,-41.44074],[-71.065064,-41.440437],[-71.065583,-41.44008],[-71.066102,-41.439685],[-71.066615,-41.439366],[-71.067036,-41.439097],[-71.067321,-41.438855],[-71.06758,-41.438662],[-71.067853,-41.438435],[-71.068146,-41.438184],[-71.068344,-41.437999],[-71.068572,-41.437908],[-71.068926,-41.437691],[-71.069224,-41.437478],[-71.069562,-41.437241],[-71.069817,-41.43706],[-71.069964,-41.436987],[-71.070456,-41.436652],[-71.070829,-41.436398],[-71.071322,-41.436098],[-71.071744,-41.435809],[-71.072206,-41.435455],[-71.072644,-41.435146],[-71.073272,-41.434719],[-71.073454,-41.434575],[-71.073676,-41.434409],[-71.073944,-41.434183],[-71.074126,-41.434053],[-71.074385,-41.433922],[-71.074514,-41.433686],[-71.074642,-41.433453],[-71.07491,-41.433281],[-71.075127,-41.433181],[-71.075349,-41.433043],[-71.075524,-41.432885],[-71.075611,-41.432688],[-71.075707,-41.432554],[-71.075945,-41.432399],[-71.076265,-41.432204],[-71.076412,-41.432028],[-71.076521,-41.431796],[-71.076631,-41.431536],[-71.076725,-41.431434],[-71.076995,-41.431341],[-71.077243,-41.431217],[-71.077521,-41.430823],[-71.077912,-41.430241],[-71.078261,-41.429738],[-71.078255,-41.429046],[-71.078395,-41.428938],[-71.078733,-41.428946],[-71.078813,-41.428749],[-71.07906,-41.428495],[-71.079264,-41.428206],[-71.079452,-41.427852],[-71.079736,-41.427554],[-71.079955,-41.427165],[-71.080191,-41.426936],[-71.080242,-41.426765],[-71.0804,-41.426563],[-71.080797,-41.425989],[-71.081065,-41.425599],[-71.0813,-41.425192],[-71.081565,-41.424852],[-71.081744,-41.424543],[-71.081907,-41.424358],[-71.082046,-41.42399],[-71.082203,-41.423866],[-71.082532,-41.423787],[-71.082942,-41.423658],[-71.08366,-41.423392],[-71.084107,-41.423237],[-71.084587,-41.423131],[-71.085087,-41.422995],[-71.085459,-41.422826],[-71.085777,-41.422694],[-71.086093,-41.422578],[-71.086407,-41.4225],[-71.08697,-41.422349],[-71.087324,-41.422261],[-71.087758,-41.422261],[-71.088131,-41.422289],[-71.088217,-41.422214],[-71.088179,-41.422091],[-71.088321,-41.422025],[-71.08853,-41.421961],[-71.088696,-41.421786],[-71.088814,-41.421665],[-71.088921,-41.421495],[-71.088712,-41.421343],[-71.088962,-41.421265],[-71.08928,-41.421179],[-71.089526,-41.421034],[-71.089813,-41.420987],[-71.090035,-41.420865],[-71.090213,-41.42074],[-71.09038,-41.420599],[-71.090518,-41.420412],[-71.090753,-41.420292],[-71.091002,-41.420151],[-71.091298,-41.419964],[-71.091581,-41.419821],[-71.091911,-41.419682],[-71.092318,-41.419458],[-71.092681,-41.41925],[-71.092934,-41.419123],[-71.093242,-41.419012],[-71.093652,-41.418883],[-71.094142,-41.418767],[-71.094373,-41.418677],[-71.09471,-41.418587],[-71.094875,-41.418393],[-71.095137,-41.41809],[-71.095382,-41.417843],[-71.095609,-41.417696],[-71.095854,-41.417664],[-71.096274,-41.417647],[-71.096645,-41.417592],[-71.097017,-41.417564],[-71.097367,-41.417528],[-71.097692,-41.417505],[-71.097955,-41.417471],[-71.098275,-41.417471],[-71.098634,-41.417364],[-71.098634,-41.417364],[-71.09884,-41.417135],[-71.099003,-41.416937],[-71.099732,-41.415425],[-71.099914,-41.415306],[-71.100159,-41.415103],[-71.100428,-41.414947],[-71.100659,-41.414734],[-71.100858,-41.414543],[-71.101131,-41.414361],[-71.101472,-41.414128],[-71.101705,-41.413911],[-71.101906,-41.413791],[-71.102161,-41.413604],[-71.102397,-41.413346],[-71.102643,-41.413092],[-71.10285,-41.41287],[-71.10297,-41.412572],[-71.103093,-41.412221],[-71.103226,-41.412008],[-71.103444,-41.411609],[-71.103577,-41.411322],[-71.103679,-41.410948],[-71.103746,-41.410731],[-71.103839,-41.410409],[-71.10411,-41.410157],[-71.104461,-41.409862],[-71.104637,-41.409617],[-71.104988,-41.409226],[-71.105293,-41.408891],[-71.105601,-41.408556],[-71.105891,-41.408228],[-71.10615,-41.407897],[-71.106242,-41.407678],[-71.106316,-41.407456],[-71.106427,-41.407197],[-71.106615,-41.40698],[-71.106849,-41.406779],[-71.107129,-41.406555],[-71.107413,-41.406321],[-71.107733,-41.406118],[-71.108128,-41.405906],[-71.108417,-41.405737],[-71.108365,-41.405476],[-71.108596,-41.405302],[-71.108781,-41.405069],[-71.109055,-41.40481],[-71.109191,-41.404678],[-71.109391,-41.40451],[-71.109637,-41.404357],[-71.109828,-41.404235],[-71.11025,-41.404167],[-71.110805,-41.403978],[-71.111249,-41.403669],[-71.111576,-41.403728],[-71.111697,-41.403617],[-71.111882,-41.403456],[-71.11208,-41.403342],[-71.112201,-41.403215],[-71.112351,-41.402982],[-71.112504,-41.402833],[-71.112652,-41.402631],[-71.112764,-41.4024],[-71.112877,-41.402195],[-71.113043,-41.402066],[-71.113266,-41.401986],[-71.113595,-41.401878],[-71.113923,-41.401775],[-71.114185,-41.4017],[-71.114503,-41.401594],[-71.114716,-41.401485],[-71.115017,-41.401268],[-71.115282,-41.401111],[-71.11552,-41.40103],[-71.115735,-41.401023],[-71.115968,-41.401002],[-71.116229,-41.400934],[-71.11639,-41.400927],[-71.116694,-41.40098],[-71.116946,-41.401013],[-71.117264,-41.401037],[-71.117693,-41.401055],[-71.1183,-41.401111],[-71.11877,-41.401167],[-71.11902,-41.401174],[-71.119342,-41.401169],[-71.119741,-41.401176],[-71.119996,-41.401204],[-71.120283,-41.401291],[-71.120428,-41.401274],[-71.120806,-41.401323],[-71.121135,-41.40137],[-71.121292,-41.401417],[-71.121336,-41.401577],[-71.121473,-41.401698],[-71.121671,-41.401837],[-71.121825,-41.401918],[-71.121988,-41.401973],[-71.122082,-41.401949],[-71.122164,-41.401839],[-71.122417,-41.401653],[-71.122658,-41.401599],[-71.122895,-41.401445],[-71.123408,-41.400914],[-71.123472,-41.400728],[-71.123639,-41.400588],[-71.123798,-41.400357],[-71.12408,-41.399949],[-71.124435,-41.399622],[-71.124694,-41.399358],[-71.124975,-41.398951],[-71.125079,-41.398783],[-71.12523,-41.398669],[-71.125454,-41.398561],[-71.125835,-41.398454],[-71.126074,-41.398333],[-71.126336,-41.39818],[-71.126661,-41.39806],[-71.126894,-41.397957],[-71.127122,-41.397893],[-71.127329,-41.397875],[-71.127468,-41.397947],[-71.127637,-41.397949],[-71.127745,-41.397909],[-71.127965,-41.397856],[-71.128131,-41.397772],[-71.128219,-41.397625],[-71.128311,-41.39742],[-71.128313,-41.397261],[-71.128214,-41.397076],[-71.128206,-41.396941],[-71.128372,-41.39679],[-71.128463,-41.396591],[-71.128579,-41.396428],[-71.128501,-41.396225],[-71.128356,-41.396132],[-71.128289,-41.395989],[-71.128372,-41.395822],[-71.128375,-41.395705],[-71.128452,-41.395475],[-71.128562,-41.395305],[-71.128732,-41.395143],[-71.128937,-41.395002],[-71.129096,-41.394909],[-71.129263,-41.394769],[-71.129333,-41.394654],[-71.129298,-41.394378],[-71.129206,-41.393781],[-71.129307,-41.393534],[-71.129489,-41.393103],[-71.129725,-41.392496],[-71.130014,-41.391857],[-71.13007,-41.391717],[-71.130166,-41.391491],[-71.130199,-41.391274],[-71.130266,-41.391062],[-71.130348,-41.390907],[-71.130437,-41.390666],[-71.130561,-41.390378],[-71.130653,-41.390078],[-71.130694,-41.389898],[-71.130691,-41.389691],[-71.130698,-41.389517],[-71.130659,-41.389057],[-71.130639,-41.3889],[-71.130635,-41.388731],[-71.13061,-41.388517],[-71.130566,-41.388298],[-71.130524,-41.388142],[-71.130435,-41.387941],[-71.130351,-41.387733],[-71.130288,-41.387549],[-71.130267,-41.387379],[-71.130223,-41.387116],[-71.130227,-41.386969],[-71.130241,-41.386687],[-71.130281,-41.386513],[-71.130354,-41.386291],[-71.130411,-41.386143],[-71.13046,-41.385972],[-71.130474,-41.385849],[-71.13057,-41.385606],[-71.130614,-41.38546],[-71.1307,-41.385288],[-71.130874,-41.385112],[-71.131039,-41.384952],[-71.131153,-41.384738],[-71.131236,-41.384613],[-71.131334,-41.384519],[-71.13148,-41.384388],[-71.131612,-41.38426],[-71.131671,-41.384154],[-71.131696,-41.384005],[-71.13174,-41.38382],[-71.13183,-41.383628],[-71.131873,-41.383364],[-71.131915,-41.383229],[-71.131999,-41.383041],[-71.13209,-41.382887],[-71.132167,-41.382739],[-71.132275,-41.38259],[-71.132399,-41.382463],[-71.132519,-41.382358],[-71.132686,-41.382277],[-71.132844,-41.382112],[-71.132913,-41.381986],[-71.132932,-41.381822],[-71.132938,-41.381641],[-71.132948,-41.381461],[-71.132944,-41.381315],[-71.132944,-41.381123],[-71.13295,-41.380938],[-71.132978,-41.380756],[-71.133067,-41.38055],[-71.133138,-41.380384],[-71.133132,-41.380222],[-71.133116,-41.380088],[-71.133095,-41.379873],[-71.133092,-41.379658],[-71.133086,-41.379359],[-71.133079,-41.379126],[-71.133036,-41.378927],[-71.132959,-41.378717],[-71.132895,-41.378465],[-71.132784,-41.378257],[-71.132668,-41.378069],[-71.132542,-41.377933],[-71.132348,-41.377774],[-71.132187,-41.377607],[-71.131938,-41.37739],[-71.131768,-41.377246],[-71.131645,-41.377059],[-71.131577,-41.376833],[-71.13142,-41.376564],[-71.131214,-41.376382],[-71.130903,-41.376308],[-71.130681,-41.376162],[-71.130477,-41.375993],[-71.130094,-41.375837],[-71.129889,-41.375727],[-71.12967,-41.375596],[-71.129462,-41.375456],[-71.129086,-41.375242],[-71.128694,-41.375065],[-71.128276,-41.37488],[-71.12775,-41.374751],[-71.127481,-41.374713],[-71.127351,-41.374594],[-71.126995,-41.374478],[-71.126748,-41.374383],[-71.12642,-41.374262],[-71.126072,-41.374196],[-71.125932,-41.374156],[-71.12584,-41.374126],[-71.125765,-41.374004],[-71.125659,-41.3738],[-71.12551,-41.373663],[-71.125273,-41.373534],[-71.125079,-41.373407],[-71.124938,-41.373293],[-71.124789,-41.373145],[-71.124684,-41.373053],[-71.124596,-41.372933],[-71.124602,-41.372914],[-71.124737,-41.372481],[-71.124871,-41.372242],[-71.124981,-41.372014],[-71.125094,-41.371862],[-71.125321,-41.371562],[-71.125724,-41.371275],[-71.126361,-41.370869],[-71.126669,-41.370566],[-71.126945,-41.370287],[-71.127384,-41.369969],[-71.127873,-41.369567],[-71.128219,-41.369291],[-71.128814,-41.368749],[-71.129055,-41.368526],[-71.129302,-41.368213],[-71.129557,-41.367761],[-71.129869,-41.367363],[-71.130414,-41.366686],[-71.130569,-41.366497],[-71.130637,-41.366282],[-71.1307,-41.365979],[-71.130761,-41.365793],[-71.131079,-41.365395],[-71.131203,-41.365137],[-71.131175,-41.36498],[-71.131192,-41.364821],[-71.131249,-41.364515],[-71.131306,-41.364292],[-71.131447,-41.364059],[-71.13149,-41.363814],[-71.131461,-41.363559],[-71.131394,-41.363219],[-71.13133,-41.362954],[-71.131295,-41.362608],[-71.131263,-41.362377],[-71.131214,-41.362114],[-71.131207,-41.361867],[-71.131529,-41.361595],[-71.131805,-41.361311],[-71.131882,-41.361134],[-71.131975,-41.361122],[-71.132096,-41.361245],[-71.132196,-41.361249],[-71.132294,-41.361194],[-71.132392,-41.361087],[-71.132469,-41.360933],[-71.132486,-41.3608],[-71.132483,-41.360446],[-71.132481,-41.360304],[-71.13232,-41.359869],[-71.13228,-41.359806],[-71.132124,-41.359634],[-71.132096,-41.359524],[-71.131995,-41.359329],[-71.131957,-41.35921],[-71.131962,-41.359007],[-71.131903,-41.358671],[-71.131796,-41.358349],[-71.13178,-41.358224],[-71.131791,-41.357976],[-71.131705,-41.35767],[-71.131673,-41.357455],[-71.131651,-41.357153],[-71.131589,-41.35705],[-71.131461,-41.356937],[-71.131233,-41.356752],[-71.130892,-41.356531],[-71.130667,-41.356388],[-71.130546,-41.356283],[-71.130409,-41.35607],[-71.130264,-41.355868],[-71.130044,-41.355504],[-71.129811,-41.355194],[-71.129712,-41.354994],[-71.129629,-41.354717],[-71.129548,-41.354576],[-71.129438,-41.354425],[-71.129285,-41.354213],[-71.129204,-41.353955],[-71.129101,-41.353811],[-71.128952,-41.353689],[-71.128794,-41.353441],[-71.128752,-41.353234],[-71.128696,-41.352992],[-71.128617,-41.352579],[-71.128568,-41.352346],[-71.128518,-41.352051],[-71.128426,-41.351886],[-71.128199,-41.351647],[-71.127973,-41.351434],[-71.127725,-41.351129],[-71.127638,-41.350973],[-71.127541,-41.350727],[-71.127474,-41.350491],[-71.127413,-41.350232],[-71.127338,-41.34999],[-71.127217,-41.349732],[-71.12712,-41.349567],[-71.127088,-41.349442],[-71.127101,-41.349219],[-71.12708,-41.348933],[-71.127008,-41.348673],[-71.126876,-41.348419],[-71.126876,-41.348329],[-71.126836,-41.348129],[-71.126766,-41.347926],[-71.126592,-41.347741],[-71.126434,-41.347584],[-71.126426,-41.347467],[-71.126541,-41.347332],[-71.126536,-41.347229],[-71.126501,-41.347078],[-71.126471,-41.346931],[-71.126247,-41.346774],[-71.126046,-41.34665],[-71.125749,-41.346506],[-71.12552,-41.346538],[-71.125242,-41.346571],[-71.125067,-41.346511],[-71.124586,-41.346341],[-71.124059,-41.346133],[-71.12341,-41.345847],[-71.122996,-41.345663],[-71.12259,-41.345556],[-71.122086,-41.345382],[-71.121815,-41.345286],[-71.121091,-41.345088],[-71.120958,-41.345044],[-71.11986,-41.344723],[-71.119587,-41.344564],[-71.119279,-41.344376],[-71.11908,-41.344259],[-71.118679,-41.343985],[-71.118497,-41.34382],[-71.118296,-41.343589],[-71.118235,-41.343436],[-71.118144,-41.343221],[-71.118125,-41.343056],[-71.118191,-41.342814],[-71.118277,-41.342604],[-71.118413,-41.342455],[-71.118623,-41.342278],[-71.118777,-41.342116],[-71.118933,-41.342052],[-71.119104,-41.342027],[-71.119193,-41.341959],[-71.11927,-41.341752],[-71.119272,-41.341298],[-71.119295,-41.341063],[-71.119351,-41.340823],[-71.119482,-41.34036],[-71.119568,-41.340083],[-71.119601,-41.339902],[-71.119699,-41.339736],[-71.119757,-41.339682],[-71.119895,-41.339599],[-71.120097,-41.339549],[-71.120313,-41.339533],[-71.120607,-41.339525],[-71.120751,-41.339516],[-71.1214,-41.339325],[-71.12229,-41.339102],[-71.122763,-41.338987],[-71.123441,-41.338869],[-71.123988,-41.338924],[-71.124715,-41.33889],[-71.125535,-41.338951],[-71.126439,-41.339095],[-71.128264,-41.339477],[-71.128657,-41.339786],[-71.128879,-41.339953],[-71.129714,-41.34008],[-71.130035,-41.34015],[-71.130336,-41.340108],[-71.131031,-41.340255],[-71.131524,-41.340517],[-71.132578,-41.341217],[-71.133847,-41.341761],[-71.134585,-41.341999],[-71.134913,-41.342014],[-71.134995,-41.342018],[-71.135134,-41.342019],[-71.135339,-41.342074],[-71.135469,-41.342101],[-71.135595,-41.34211],[-71.135872,-41.342072],[-71.136306,-41.342108],[-71.136603,-41.342153],[-71.136764,-41.342182],[-71.136916,-41.342307],[-71.136998,-41.342349],[-71.137849,-41.342608],[-71.13919,-41.343044],[-71.139629,-41.343138],[-71.140077,-41.343176],[-71.142889,-41.343279],[-71.142949,-41.343274],[-71.143011,-41.343248],[-71.143022,-41.343228],[-71.143055,-41.343163],[-71.14306,-41.343062],[-71.142939,-41.342765],[-71.142898,-41.342526],[-71.142937,-41.342298],[-71.142961,-41.341981],[-71.142992,-41.341854],[-71.14311,-41.341715],[-71.143614,-41.341241],[-71.143802,-41.340986],[-71.144019,-41.340598],[-71.144171,-41.34043],[-71.144492,-41.340175],[-71.144574,-41.340079],[-71.144581,-41.339934],[-71.144588,-41.339776],[-71.144728,-41.339534],[-71.145148,-41.338947],[-71.145379,-41.338681],[-71.145702,-41.338482],[-71.14597,-41.338234],[-71.146151,-41.338142],[-71.14637,-41.338035],[-71.146471,-41.337933],[-71.14651,-41.337834],[-71.146493,-41.337522],[-71.146508,-41.337354],[-71.146607,-41.337202],[-71.146769,-41.337062],[-71.14712,-41.336844],[-71.147256,-41.336731],[-71.147552,-41.336371],[-71.14766,-41.336272],[-71.147893,-41.336089],[-71.147937,-41.336042],[-71.148025,-41.335851],[-71.148171,-41.335677],[-71.148331,-41.335449],[-71.148677,-41.335051],[-71.148716,-41.335006],[-71.148773,-41.334917],[-71.14877,-41.334798],[-71.148763,-41.334718],[-71.148766,-41.334632],[-71.148786,-41.334546],[-71.148854,-41.334426],[-71.149008,-41.334239],[-71.149219,-41.333907],[-71.149507,-41.33359],[-71.149666,-41.33342],[-71.149805,-41.333258],[-71.150064,-41.333024],[-71.150272,-41.33284],[-71.150413,-41.332656],[-71.150485,-41.332575],[-71.150842,-41.332422],[-71.151178,-41.332249],[-71.151586,-41.332079],[-71.152062,-41.331996],[-71.152417,-41.33191],[-71.152729,-41.331791],[-71.152955,-41.331621],[-71.153339,-41.331412],[-71.153684,-41.331171],[-71.153987,-41.330922],[-71.154179,-41.330745],[-71.154414,-41.330345],[-71.154606,-41.330057],[-71.154789,-41.329808],[-71.15487,-41.329667],[-71.155091,-41.329556],[-71.155283,-41.329469],[-71.155451,-41.329411],[-71.155691,-41.329246],[-71.155946,-41.329047],[-71.156133,-41.328874],[-71.156244,-41.328726],[-71.156412,-41.328625],[-71.156589,-41.328546],[-71.156719,-41.328467],[-71.156887,-41.328387],[-71.156988,-41.328297],[-71.157055,-41.328211],[-71.157098,-41.328135],[-71.157213,-41.328077],[-71.157281,-41.328034],[-71.157333,-41.327915],[-71.157353,-41.327803],[-71.157343,-41.327695],[-71.157276,-41.327464],[-71.157161,-41.327212],[-71.157079,-41.327071],[-71.157041,-41.326754],[-71.157036,-41.326552],[-71.157185,-41.326329],[-71.157564,-41.326058],[-71.157871,-41.325849],[-71.158356,-41.325525],[-71.158644,-41.325315],[-71.159014,-41.325103],[-71.159379,-41.324951],[-71.159499,-41.324922],[-71.159614,-41.324915],[-71.159816,-41.324919],[-71.160176,-41.324955],[-71.160464,-41.325016],[-71.160714,-41.325041],[-71.160896,-41.324998],[-71.160982,-41.324933],[-71.161035,-41.324843],[-71.160997,-41.324771],[-71.160925,-41.32467],[-71.160877,-41.324587],[-71.160858,-41.32449],[-71.160872,-41.324378],[-71.160891,-41.324198],[-71.16092,-41.324061],[-71.160867,-41.323956],[-71.160829,-41.32383],[-71.160848,-41.323707],[-71.16091,-41.323646],[-71.160997,-41.323585],[-71.161054,-41.323491],[-71.161112,-41.323347],[-71.161184,-41.323257],[-71.161246,-41.323152],[-71.161299,-41.323019],[-71.1614,-41.322824],[-71.161511,-41.322654],[-71.161645,-41.322485],[-71.161765,-41.322348],[-71.161861,-41.322218],[-71.161914,-41.322074],[-71.161914,-41.321922],[-71.161914,-41.321789],[-71.161899,-41.321688],[-71.161976,-41.321486],[-71.162039,-41.321389],[-71.162149,-41.321259],[-71.162356,-41.321136],[-71.162615,-41.32101],[-71.163018,-41.320906],[-71.163484,-41.320819],[-71.164041,-41.320733],[-71.16442,-41.320725],[-71.165059,-41.320707],[-71.165361,-41.320682],[-71.165726,-41.320682],[-71.166192,-41.320761],[-71.166437,-41.320902],[-71.1666,-41.321122],[-71.166878,-41.321299],[-71.167022,-41.321389],[-71.167253,-41.321421],[-71.167536,-41.321537],[-71.167661,-41.321645],[-71.167733,-41.32163],[-71.1678,-41.321623],[-71.16806,-41.321666],[-71.168717,-41.321836],[-71.168881,-41.321822],[-71.168986,-41.321663],[-71.168986,-41.32154],[-71.168919,-41.321439],[-71.168761,-41.321378],[-71.168506,-41.321259],[-71.168285,-41.321172],[-71.168079,-41.321115],[-71.167839,-41.321025],[-71.167714,-41.320906],[-71.167743,-41.320783],[-71.167901,-41.320628],[-71.16805,-41.32048],[-71.168156,-41.320343],[-71.168199,-41.320235],[-71.168285,-41.320156],[-71.168492,-41.320001],[-71.168732,-41.319846],[-71.168828,-41.319698],[-71.168813,-41.319582],[-71.168775,-41.319319],[-71.16877,-41.319207],[-71.168833,-41.319041],[-71.168919,-41.318825],[-71.16902,-41.318565],[-71.168977,-41.318443],[-71.169044,-41.318143],[-71.169073,-41.317942],[-71.169159,-41.317765],[-71.169404,-41.31748],[-71.169831,-41.317072],[-71.170494,-41.316449],[-71.170883,-41.316016],[-71.171022,-41.315836],[-71.171022,-41.315684],[-71.171118,-41.315551],[-71.171262,-41.315396],[-71.171492,-41.315086],[-71.171665,-41.314801],[-71.171795,-41.314527],[-71.171896,-41.314238],[-71.172025,-41.313986],[-71.172606,-41.312904],[-71.172846,-41.312572],[-71.173014,-41.312222],[-71.173154,-41.311973],[-71.17324,-41.311631],[-71.17337,-41.311353],[-71.173442,-41.311093],[-71.173538,-41.310823],[-71.173605,-41.310585],[-71.173648,-41.310401],[-71.173586,-41.310249],[-71.173514,-41.309983],[-71.173514,-41.309784],[-71.173523,-41.309575],[-71.1736,-41.309395],[-71.173763,-41.309088],[-71.173903,-41.308901],[-71.174013,-41.308789],[-71.17408,-41.308681],[-71.174095,-41.308569],[-71.174138,-41.308417],[-71.174191,-41.308255],[-71.17434,-41.30806],[-71.17458,-41.307898],[-71.17468,-41.307793],[-71.174777,-41.307667],[-71.174897,-41.307516],[-71.174993,-41.307299],[-71.175103,-41.307119],[-71.175257,-41.306993],[-71.175434,-41.306863],[-71.175809,-41.306639],[-71.17613,-41.306455],[-71.176337,-41.306329],[-71.176539,-41.306232],[-71.176759,-41.306091],[-71.176951,-41.305929],[-71.177163,-41.305712],[-71.177273,-41.305528],[-71.177408,-41.305229],[-71.177552,-41.304987],[-71.177768,-41.304796],[-71.178032,-41.304645],[-71.178243,-41.30454],[-71.178469,-41.304432],[-71.178771,-41.304241],[-71.178901,-41.304129],[-71.179122,-41.303945],[-71.179367,-41.303797],[-71.179602,-41.303696],[-71.179765,-41.303606],[-71.179885,-41.303498],[-71.180058,-41.303274],[-71.180207,-41.303094],[-71.180423,-41.302841],[-71.180658,-41.302607],[-71.180831,-41.302463],[-71.181028,-41.302365],[-71.18134,-41.302206],[-71.181575,-41.302091],[-71.18181,-41.301961],[-71.182012,-41.301799],[-71.182372,-41.301608],[-71.182545,-41.301438],[-71.182684,-41.301312],[-71.182732,-41.30111],[-71.182732,-41.301016],[-71.182665,-41.3008],[-71.182655,-41.300601],[-71.182727,-41.3005],[-71.182924,-41.300407],[-71.18314,-41.300316],[-71.183433,-41.300212],[-71.183688,-41.300151],[-71.183889,-41.30006],[-71.183957,-41.29997],[-71.184086,-41.299855],[-71.184341,-41.29966],[-71.184605,-41.299523],[-71.184691,-41.299436],[-71.184797,-41.299137],[-71.184845,-41.298874],[-71.184811,-41.298643],[-71.184696,-41.298387],[-71.184576,-41.298156],[-71.184485,-41.297889],[-71.184374,-41.297723],[-71.184293,-41.297539],[-71.184254,-41.297341],[-71.18423,-41.29707],[-71.184264,-41.296875],[-71.184355,-41.296731],[-71.184446,-41.296551],[-71.184744,-41.29619],[-71.185118,-41.295829],[-71.185296,-41.295649],[-71.185354,-41.295494],[-71.185512,-41.295284],[-71.185656,-41.295151],[-71.185834,-41.294967],[-71.185968,-41.294848],[-71.18618,-41.294794],[-71.186463,-41.294772],[-71.186693,-41.294772],[-71.18689,-41.294794],[-71.187053,-41.294765],[-71.187145,-41.294722],[-71.187169,-41.294635],[-71.187169,-41.294494],[-71.187111,-41.29431],[-71.187049,-41.294087],[-71.187044,-41.293993],[-71.187111,-41.293961],[-71.187452,-41.293762],[-71.187567,-41.293665],[-71.187601,-41.293474],[-71.18763,-41.293362],[-71.187716,-41.293189],[-71.187711,-41.293098],[-71.187673,-41.293012],[-71.187596,-41.292904],[-71.1875,-41.292748],[-71.187433,-41.292572],[-71.18738,-41.292438],[-71.187293,-41.29233],[-71.187231,-41.292254],[-71.187154,-41.292157],[-71.187052,-41.292003],[-71.186854,-41.291825],[-71.186783,-41.291658],[-71.186743,-41.291504],[-71.186537,-41.291207],[-71.186348,-41.290933],[-71.185992,-41.290583],[-71.185636,-41.290226],[-71.185335,-41.289971],[-71.185138,-41.289828],[-71.18509,-41.289674],[-71.185125,-41.289531],[-71.185442,-41.289265],[-71.185368,-41.289015],[-71.185029,-41.288954],[-71.184696,-41.288699],[-71.18401,-41.288266],[-71.183574,-41.287861],[-71.183374,-41.287511],[-71.182931,-41.286795],[-71.182813,-41.286573],[-71.182651,-41.286351],[-71.182532,-41.286196],[-71.182392,-41.285918],[-71.182252,-41.285663],[-71.181979,-41.285552],[-71.181735,-41.285397],[-71.18158,-41.285297],[-71.181476,-41.285197],[-71.181306,-41.285097],[-71.1811,-41.284991],[-71.180745,-41.284792],[-71.180538,-41.284603],[-71.180295,-41.284464],[-71.179933,-41.284281],[-71.179682,-41.284159],[-71.179327,-41.283965],[-71.179187,-41.28387],[-71.179069,-41.283776],[-71.179002,-41.283621],[-71.178914,-41.283432],[-71.178803,-41.283166],[-71.178795,-41.282838],[-71.178693,-41.282774],[-71.178566,-41.28271],[-71.178397,-41.282583],[-71.178264,-41.282461],[-71.178146,-41.282322],[-71.177976,-41.282228],[-71.177872,-41.282094],[-71.177865,-41.281956],[-71.177828,-41.281811],[-71.177769,-41.281645],[-71.177702,-41.281523],[-71.177518,-41.281395],[-71.177326,-41.281301],[-71.177314,-41.28129],[-71.177208,-41.28119],[-71.177104,-41.281112],[-71.176912,-41.281062],[-71.176779,-41.280968],[-71.176735,-41.28084],[-71.176654,-41.280729],[-71.176619,-41.280671],[-71.176565,-41.280579],[-71.176425,-41.280274],[-71.176307,-41.279963],[-71.176225,-41.279736],[-71.176122,-41.279464],[-71.176019,-41.279253],[-71.175915,-41.279014],[-71.17579,-41.278703],[-71.175723,-41.27852],[-71.175657,-41.278359],[-71.175538,-41.278243],[-71.175354,-41.278098],[-71.175021,-41.277765],[-71.174778,-41.277488],[-71.17446,-41.27716],[-71.174298,-41.276972],[-71.174224,-41.276833],[-71.17415,-41.276716],[-71.174061,-41.276528],[-71.173958,-41.2763],[-71.173877,-41.276067],[-71.17381,-41.275923],[-71.173751,-41.275789],[-71.173611,-41.275623],[-71.173419,-41.275356],[-71.173293,-41.275157],[-71.173227,-41.275018],[-71.173212,-41.274912],[-71.173153,-41.274785],[-71.173079,-41.274574],[-71.173079,-41.274502],[-71.17302,-41.274424],[-71.172843,-41.274269],[-71.172577,-41.273997],[-71.172341,-41.273636],[-71.172178,-41.273314],[-71.172104,-41.273114],[-71.171971,-41.27292],[-71.171728,-41.27257],[-71.17158,-41.272342],[-71.171432,-41.271993],[-71.171299,-41.271682],[-71.171144,-41.271171],[-71.170996,-41.270894],[-71.170834,-41.270538],[-71.170834,-41.270361],[-71.170731,-41.270167],[-71.170516,-41.269861],[-71.170376,-41.269506],[-71.170103,-41.26904],[-71.169955,-41.268629],[-71.169719,-41.268201],[-71.169578,-41.267952],[-71.169512,-41.267763],[-71.169512,-41.267596],[-71.169586,-41.267441],[-71.169697,-41.267136],[-71.169741,-41.266925],[-71.169793,-41.266764],[-71.169889,-41.266442],[-71.169955,-41.266336],[-71.170022,-41.26612],[-71.170014,-41.265948],[-71.169936,-41.265804],[-71.169889,-41.265598],[-71.169874,-41.26547],[-71.169826,-41.26538],[-71.169778,-41.265287],[-71.169733,-41.265132],[-71.169682,-41.265037],[-71.169615,-41.264948],[-71.169564,-41.264782],[-71.169539,-41.264675],[-71.169519,-41.264588],[-71.169482,-41.264515],[-71.169534,-41.264454],[-71.169608,-41.264321],[-71.169785,-41.264099],[-71.16994,-41.263833],[-71.170154,-41.263538],[-71.170287,-41.263294],[-71.170339,-41.262994],[-71.170391,-41.262806],[-71.170494,-41.262572],[-71.170575,-41.262434],[-71.170708,-41.262306],[-71.171063,-41.262034],[-71.171373,-41.261862],[-71.171772,-41.261612],[-71.172082,-41.261429],[-71.172503,-41.261218],[-71.172798,-41.261007],[-71.173013,-41.260796],[-71.173038,-41.260766],[-71.173146,-41.26064],[-71.173471,-41.260235],[-71.173855,-41.25978],[-71.174246,-41.259325],[-71.174519,-41.259019],[-71.174667,-41.258747],[-71.1748,-41.258481],[-71.174999,-41.258175],[-71.17525,-41.257837],[-71.175472,-41.257476],[-71.175612,-41.257243],[-71.175767,-41.256948],[-71.175937,-41.256754],[-71.176292,-41.256637],[-71.176484,-41.256632],[-71.176698,-41.256599],[-71.176853,-41.256515],[-71.176905,-41.256371],[-71.176912,-41.256227],[-71.17686,-41.256071],[-71.176787,-41.255832],[-71.176661,-41.255616],[-71.176609,-41.255416],[-71.176609,-41.255244],[-71.176654,-41.25505],[-71.176728,-41.254811],[-71.176772,-41.254639],[-71.17675,-41.254516],[-71.176661,-41.254405],[-71.176513,-41.254267],[-71.176336,-41.254111],[-71.176188,-41.25395],[-71.176107,-41.253789],[-71.176107,-41.253556],[-71.176137,-41.253345],[-71.176151,-41.253034],[-71.176144,-41.25289],[-71.176115,-41.25279],[-71.175989,-41.252696],[-71.176166,-41.252676],[-71.176638,-41.25249],[-71.176853,-41.252441],[-71.1771,-41.252416],[-71.177433,-41.252416],[-71.177952,-41.25247],[-71.178152,-41.252527],[-71.179541,-41.25317],[-71.180299,-41.253453],[-71.180478,-41.253494],[-71.180824,-41.253487],[-71.181119,-41.253511],[-71.182206,-41.253708],[-71.182547,-41.253746],[-71.183039,-41.253857],[-71.184024,-41.253979],[-71.185771,-41.254332],[-71.186619,-41.254565],[-71.188153,-41.255184],[-71.188491,-41.255302],[-71.188663,-41.255034],[-71.189031,-41.254461],[-71.189366,-41.253838],[-71.189524,-41.253608],[-71.189856,-41.253033],[-71.189951,-41.252908],[-71.190094,-41.252779],[-71.190394,-41.252633],[-71.190787,-41.252559],[-71.190926,-41.252514],[-71.190978,-41.252468],[-71.191069,-41.252257],[-71.191029,-41.252112],[-71.190938,-41.251834],[-71.190849,-41.25168],[-71.190716,-41.251578],[-71.190336,-41.251348],[-71.190179,-41.251226],[-71.189631,-41.251051],[-71.188488,-41.250571],[-71.18792,-41.250277],[-71.18724,-41.249869],[-71.186408,-41.249416],[-71.185311,-41.248874],[-71.184858,-41.248585],[-71.184328,-41.248296],[-71.183563,-41.247813],[-71.182767,-41.247212],[-71.182486,-41.24698],[-71.182147,-41.246753],[-71.182051,-41.246652],[-71.181937,-41.246308],[-71.18167,-41.245763],[-71.181408,-41.245312],[-71.181332,-41.245096],[-71.18131,-41.244972],[-71.181336,-41.244814],[-71.181522,-41.244313],[-71.181582,-41.244208],[-71.181959,-41.243928],[-71.182296,-41.24356],[-71.182703,-41.243304],[-71.18319,-41.243064],[-71.18328,-41.243006],[-71.183695,-41.242685],[-71.184387,-41.242208],[-71.184538,-41.242123],[-71.185007,-41.24193],[-71.185933,-41.241651],[-71.186078,-41.24159],[-71.186207,-41.241514],[-71.186329,-41.241418],[-71.186588,-41.24115],[-71.187201,-41.240428],[-71.187789,-41.239583],[-71.188198,-41.239069],[-71.188898,-41.237965],[-71.18921,-41.23764],[-71.189742,-41.237231],[-71.189827,-41.237183],[-71.19,-41.237125],[-71.190495,-41.237018],[-71.190995,-41.236969],[-71.191233,-41.236981],[-71.191493,-41.237053],[-71.191822,-41.237116],[-71.19201,-41.237191],[-71.192275,-41.237352],[-71.192383,-41.237388],[-71.192579,-41.237419],[-71.19277,-41.237423],[-71.19323,-41.237419],[-71.193798,-41.237384],[-71.193984,-41.237357],[-71.194094,-41.237306],[-71.194163,-41.237247],[-71.194461,-41.236903],[-71.194683,-41.236729],[-71.194955,-41.236587],[-71.195207,-41.236485],[-71.195342,-41.236413],[-71.196364,-41.23552],[-71.19644,-41.235478],[-71.196543,-41.235415],[-71.196704,-41.235364],[-71.196839,-41.235333],[-71.197008,-41.235301],[-71.197573,-41.235284],[-71.197798,-41.235255],[-71.197953,-41.235206],[-71.19843,-41.235029],[-71.198745,-41.234918],[-71.199054,-41.234846],[-71.19996,-41.234677],[-71.200333,-41.234579],[-71.200558,-41.234533],[-71.200998,-41.23452],[-71.201207,-41.234458],[-71.201363,-41.234357],[-71.201689,-41.23414],[-71.20187,-41.234057],[-71.202302,-41.233939],[-71.202798,-41.233847],[-71.203443,-41.233769],[-71.203741,-41.233761],[-71.205359,-41.233919],[-71.20581,-41.23395],[-71.206667,-41.233916],[-71.207631,-41.233813],[-71.208386,-41.233658],[-71.208842,-41.233591],[-71.209366,-41.233566],[-71.209832,-41.233577],[-71.210248,-41.233566],[-71.211097,-41.233486],[-71.212018,-41.233308],[-71.213462,-41.233052],[-71.213664,-41.233052],[-71.213889,-41.2331],[-71.214064,-41.233115],[-71.214224,-41.233094],[-71.214872,-41.232914],[-71.215045,-41.232858],[-71.21533,-41.232833],[-71.215472,-41.232794],[-71.21571,-41.23265],[-71.215926,-41.232472],[-71.216249,-41.232263],[-71.216715,-41.232057],[-71.216844,-41.232017],[-71.217346,-41.231927],[-71.218816,-41.231775],[-71.218995,-41.231735],[-71.219505,-41.231574],[-71.219822,-41.2315],[-71.220166,-41.231475],[-71.220773,-41.231501],[-71.220891,-41.231494],[-71.221006,-41.231471],[-71.221146,-41.231407],[-71.221362,-41.231231],[-71.221446,-41.231183],[-71.221614,-41.2311],[-71.221753,-41.231097],[-71.22188,-41.23113],[-71.221986,-41.231212],[-71.222155,-41.231395],[-71.222231,-41.231458],[-71.222334,-41.231489],[-71.222425,-41.231455],[-71.222485,-41.231382],[-71.222497,-41.231264],[-71.222443,-41.231082],[-71.222186,-41.230527],[-71.222172,-41.230414],[-71.222216,-41.230318],[-71.223269,-41.229409],[-71.22347,-41.229212],[-71.223611,-41.229043],[-71.22368,-41.228903],[-71.22373,-41.228725],[-71.223745,-41.228583],[-71.223807,-41.228463],[-71.223935,-41.228355],[-71.224151,-41.228256],[-71.224743,-41.227936],[-71.225056,-41.227722],[-71.225333,-41.227522],[-71.225793,-41.227096],[-71.226046,-41.226813],[-71.226117,-41.226647],[-71.22616,-41.22648],[-71.226224,-41.226327],[-71.22636,-41.226188],[-71.226518,-41.22605],[-71.22665,-41.225824],[-71.226745,-41.225636],[-71.226816,-41.225524],[-71.226914,-41.225435],[-71.227094,-41.225362],[-71.22735,-41.225251],[-71.227494,-41.225172],[-71.227582,-41.225063],[-71.227924,-41.224288],[-71.228096,-41.224028],[-71.228407,-41.223621],[-71.228513,-41.223513],[-71.228741,-41.223332],[-71.229277,-41.222964],[-71.229431,-41.222829],[-71.229554,-41.22264],[-71.229685,-41.222351],[-71.229829,-41.221945],[-71.230075,-41.221369],[-71.230172,-41.221061],[-71.230542,-41.220208],[-71.230671,-41.21986],[-71.230699,-41.219756],[-71.230707,-41.219604],[-71.230589,-41.219138],[-71.230576,-41.21869],[-71.230699,-41.217938],[-71.230715,-41.21749],[-71.230743,-41.217312],[-71.230824,-41.217035],[-71.230855,-41.216795],[-71.230809,-41.216642],[-71.230586,-41.216393],[-71.230526,-41.216271],[-71.230497,-41.216167],[-71.230493,-41.21597],[-71.230456,-41.215833],[-71.230343,-41.215658],[-71.230123,-41.215396],[-71.230004,-41.215176],[-71.229949,-41.215013],[-71.229894,-41.214733],[-71.229894,-41.21441],[-71.229934,-41.214153],[-71.229932,-41.213821],[-71.229773,-41.212729],[-71.229763,-41.212337],[-71.22976,-41.212199],[-71.229817,-41.211929],[-71.229923,-41.211596],[-71.229973,-41.21127],[-71.23001,-41.210853],[-71.229961,-41.210757],[-71.229885,-41.210669],[-71.229679,-41.210547],[-71.229518,-41.210422],[-71.229271,-41.210059],[-71.229225,-41.209881],[-71.229231,-41.209728],[-71.229301,-41.209567],[-71.229386,-41.209421],[-71.229384,-41.20926],[-71.229309,-41.208967],[-71.229067,-41.208059],[-71.228933,-41.207545],[-71.228947,-41.207381],[-71.229008,-41.207232],[-71.229065,-41.207046],[-71.229062,-41.206869],[-71.228992,-41.206637],[-71.228928,-41.206281],[-71.228845,-41.205698],[-71.228778,-41.2048],[-71.228692,-41.204298],[-71.228716,-41.20412],[-71.228799,-41.203983],[-71.228968,-41.203822],[-71.229056,-41.2037],[-71.229035,-41.203587],[-71.228949,-41.203464],[-71.228917,-41.203345],[-71.228928,-41.203172],[-71.229035,-41.202897],[-71.229375,-41.202069],[-71.229614,-41.201343],[-71.229799,-41.200905],[-71.229845,-41.200702],[-71.229888,-41.200447],[-71.230014,-41.200167],[-71.230288,-41.199531],[-71.230379,-41.199224],[-71.230419,-41.198966],[-71.230384,-41.198651],[-71.230285,-41.198252],[-71.230156,-41.197781],[-71.230078,-41.197283],[-71.230034,-41.196936],[-71.230003,-41.196714],[-71.229896,-41.19653],[-71.229719,-41.196354],[-71.229636,-41.196207],[-71.229617,-41.196068],[-71.229668,-41.195927],[-71.229872,-41.195692],[-71.230255,-41.195325],[-71.230427,-41.195071],[-71.230827,-41.194157],[-71.230923,-41.193955],[-71.231065,-41.193739],[-71.231183,-41.193579],[-71.231374,-41.19339],[-71.231862,-41.193006],[-71.232122,-41.192734],[-71.232616,-41.19211],[-71.232779,-41.191926],[-71.23308,-41.191686],[-71.233327,-41.191531],[-71.233753,-41.191292],[-71.234126,-41.191014],[-71.234507,-41.190663],[-71.234686,-41.190517],[-71.235075,-41.190314],[-71.235327,-41.190164],[-71.235531,-41.19],[-71.236075,-41.189593],[-71.237422,-41.188691],[-71.237664,-41.188555],[-71.238003,-41.188396],[-71.238337,-41.188186],[-71.23857,-41.188049],[-71.238702,-41.18798],[-71.238881,-41.187938],[-71.2393,-41.18791],[-71.239496,-41.187897],[-71.23969,-41.187852],[-71.240148,-41.187664],[-71.240629,-41.18752],[-71.240932,-41.187426],[-71.241464,-41.187149],[-71.241862,-41.186934],[-71.242312,-41.186648],[-71.242595,-41.186448],[-71.24287,-41.186238],[-71.243162,-41.185994],[-71.243487,-41.185687],[-71.244066,-41.18511],[-71.244627,-41.184631],[-71.244817,-41.184456],[-71.245093,-41.184111],[-71.245445,-41.183646],[-71.245638,-41.183374],[-71.245992,-41.182946],[-71.246198,-41.182756],[-71.246499,-41.182518],[-71.246813,-41.182249],[-71.247008,-41.182027],[-71.247153,-41.181801],[-71.247239,-41.181589],[-71.24729,-41.181379],[-71.247309,-41.181064],[-71.247309,-41.18084],[-71.24729,-41.180479],[-71.24729,-41.180178],[-71.24732,-41.179986],[-71.247419,-41.179845],[-71.247765,-41.179554],[-71.248473,-41.179013],[-71.249052,-41.178555],[-71.249264,-41.178371],[-71.249374,-41.178206],[-71.249481,-41.177982],[-71.249508,-41.177667],[-71.249581,-41.177425],[-71.249696,-41.177213],[-71.249884,-41.176972],[-71.250078,-41.176571],[-71.250144,-41.176347],[-71.250254,-41.176096],[-71.250348,-41.175902],[-71.250479,-41.175684],[-71.250679,-41.175424],[-71.251194,-41.17473],[-71.251289,-41.174487],[-71.251375,-41.17419],[-71.251458,-41.173879],[-71.251482,-41.173645],[-71.251485,-41.173316],[-71.251507,-41.173062],[-71.251623,-41.172468],[-71.25173,-41.171645],[-71.251759,-41.171297],[-71.251799,-41.170764],[-71.251836,-41.170352],[-71.251866,-41.170082],[-71.251987,-41.169856],[-71.252153,-41.169591],[-71.252373,-41.169256],[-71.252689,-41.168812],[-71.252995,-41.168323],[-71.253231,-41.167968],[-71.253384,-41.167707],[-71.2535,-41.167526],[-71.253569,-41.167412],[-71.253655,-41.167269],[-71.253709,-41.16718],[-71.253821,-41.167027],[-71.253902,-41.166955],[-71.254005,-41.166864],[-71.254455,-41.1665],[-71.256108,-41.165353],[-71.256794,-41.164877],[-71.258489,-41.163681],[-71.258711,-41.163483],[-71.259475,-41.162595],[-71.260098,-41.161815],[-71.260444,-41.161385],[-71.261015,-41.160678],[-71.261559,-41.160002],[-71.261892,-41.159602],[-71.262155,-41.159287],[-71.262235,-41.159077],[-71.262247,-41.159021],[-71.262273,-41.158901],[-71.262276,-41.158829],[-71.262282,-41.158785],[-71.26228,-41.158757],[-71.262272,-41.158718],[-71.262262,-41.158669],[-71.262249,-41.158624],[-71.26219,-41.158523],[-71.262142,-41.158327],[-71.262099,-41.158147],[-71.261989,-41.157688],[-71.261871,-41.157207],[-71.261611,-41.15606],[-71.261488,-41.155468],[-71.261263,-41.154388],[-71.261155,-41.153868],[-71.260871,-41.152455],[-71.260873,-41.152359],[-71.260881,-41.152286],[-71.2609,-41.152216],[-71.260934,-41.152143],[-71.26101,-41.152055],[-71.261134,-41.151938],[-71.261917,-41.151291],[-71.263264,-41.150153],[-71.263378,-41.150056],[-71.264813,-41.148859],[-71.264968,-41.148728],[-71.265788,-41.148036],[-71.266255,-41.147641],[-71.266954,-41.147049],[-71.267173,-41.146865],[-71.267796,-41.146342],[-71.268579,-41.145687],[-71.269322,-41.145054],[-71.270077,-41.144424],[-71.270845,-41.143784],[-71.271588,-41.143144],[-71.272358,-41.1425],[-71.273188,-41.14182],[-71.273483,-41.141572],[-71.273585,-41.141486],[-71.273963,-41.141169],[-71.274707,-41.140539],[-71.275474,-41.139896],[-71.276237,-41.139263],[-71.277645,-41.138094],[-71.277702,-41.138048],[-71.277819,-41.137953],[-71.278041,-41.137781],[-71.278501,-41.137423],[-71.278581,-41.137361],[-71.279182,-41.136846],[-71.279214,-41.136822],[-71.279243,-41.136809],[-71.279323,-41.136781],[-71.279374,-41.136739],[-71.280622,-41.135702],[-71.281671,-41.134829],[-71.281814,-41.134706],[-71.281972,-41.134569],[-71.282111,-41.134451],[-71.283359,-41.133393],[-71.283402,-41.133357],[-71.283849,-41.132984],[-71.283924,-41.132898],[-71.283983,-41.132832],[-71.28401,-41.132789],[-71.283988,-41.132776],[-71.283958,-41.132736],[-71.28394,-41.132686],[-71.283934,-41.13264],[-71.283947,-41.132596],[-71.283979,-41.132557],[-71.284026,-41.132528],[-71.284077,-41.132525],[-71.284129,-41.132522],[-71.284249,-41.132539],[-71.284282,-41.132544],[-71.284316,-41.132552],[-71.284359,-41.132565],[-71.284428,-41.132597],[-71.284449,-41.132609],[-71.284468,-41.13262],[-71.284489,-41.132646],[-71.284523,-41.132693],[-71.284679,-41.132795],[-71.284836,-41.132864],[-71.284945,-41.132925],[-71.285072,-41.132968],[-71.285373,-41.133067],[-71.285753,-41.133192],[-71.285862,-41.133228],[-71.286401,-41.133405],[-71.286575,-41.133454],[-71.286752,-41.133495],[-71.287357,-41.133618],[-71.287665,-41.133677],[-71.28802,-41.133774],[-71.288123,-41.133806],[-71.288163,-41.133847],[-71.288635,-41.133989],[-71.289432,-41.134213],[-71.289662,-41.134282],[-71.290294,-41.134464],[-71.291189,-41.134723],[-71.291474,-41.134805],[-71.29265,-41.135145],[-71.292742,-41.135172],[-71.293023,-41.135253],[-71.294031,-41.135544],[-71.294263,-41.135611],[-71.29455,-41.135694],[-71.295784,-41.136051],[-71.296428,-41.135984],[-71.297045,-41.135921],[-71.297103,-41.135915],[-71.297182,-41.135906],[-71.297952,-41.135827],[-71.298511,-41.13577],[-71.298606,-41.13576],[-71.298712,-41.135749],[-71.298977,-41.135724],[-71.299539,-41.135665],[-71.299856,-41.135632],[-71.299924,-41.135624],[-71.300034,-41.135613],[-71.300136,-41.135601],[-71.301019,-41.135511],[-71.301439,-41.13547],[-71.301523,-41.135461],[-71.30288,-41.135318],[-71.302971,-41.135308],[-71.303198,-41.135285],[-71.30342,-41.135263],[-71.30368,-41.135237],[-71.303779,-41.135226],[-71.304211,-41.135183],[-71.304266,-41.135177],[-71.304372,-41.135167],[-71.304517,-41.135152],[-71.304677,-41.135136],[-71.304865,-41.135117],[-71.305023,-41.135102],[-71.305212,-41.135083],[-71.305587,-41.135046],[-71.305638,-41.135041],[-71.305686,-41.135037],[-71.305817,-41.135022],[-71.306784,-41.13492],[-71.307102,-41.134886],[-71.30759,-41.134835],[-71.307815,-41.134812],[-71.307916,-41.134802],[-71.308068,-41.134786],[-71.308399,-41.134753],[-71.30851,-41.134742],[-71.308417,-41.134224],[-71.308353,-41.133863],[-71.308339,-41.133784],[-71.308333,-41.133748],[-71.308321,-41.133681],[-71.308305,-41.133592],[-71.308229,-41.13317],[-71.308195,-41.13298]],"type":"LineString"}},{"type":"Feature","properties":{"name":"Ruta 237 — к Perito Moreno","nameEs":"RN 237","description":"Дорога от Bariloche / Neuquén к El Calafate","routeKey":"scenic_rn237","route":"scenic","ref":"RN 237","source":"OSRM / OpenStreetMap road graph"},"geometry":{"coordinates":[[-71.308195,-41.13298],[-71.308157,-41.132765],[-71.308148,-41.132714],[-71.308006,-41.132715],[-71.306919,-41.132726],[-71.306805,-41.132725],[-71.306621,-41.132723],[-71.306605,-41.132722],[-71.305377,-41.132679],[-71.30526,-41.132675],[-71.305121,-41.132665],[-71.304047,-41.132589],[-71.303894,-41.132578],[-71.303807,-41.132573],[-71.303612,-41.132555],[-71.302681,-41.132469],[-71.302107,-41.132422],[-71.301568,-41.132399],[-71.301306,-41.132389],[-71.30107,-41.132384],[-71.300967,-41.132385],[-71.300854,-41.132385],[-71.300792,-41.132386],[-71.300662,-41.132389],[-71.299626,-41.132431],[-71.29958,-41.132434],[-71.299451,-41.132444],[-71.299344,-41.132451],[-71.299246,-41.132459],[-71.298383,-41.132546],[-71.298182,-41.132568],[-71.298046,-41.132583],[-71.297874,-41.132601],[-71.297339,-41.132658],[-71.296727,-41.132724],[-71.296619,-41.132735],[-71.296484,-41.132749],[-71.295311,-41.132874],[-71.295197,-41.132886],[-71.295084,-41.132898],[-71.293962,-41.133015],[-71.293898,-41.133021],[-71.29378,-41.133034],[-71.293661,-41.133046],[-71.292513,-41.133165],[-71.292482,-41.133168],[-71.29234,-41.133181],[-71.292244,-41.133192],[-71.291189,-41.133309],[-71.291055,-41.133324],[-71.290935,-41.133338],[-71.29083,-41.133349],[-71.290106,-41.133426],[-71.289637,-41.133475],[-71.289524,-41.133487],[-71.289423,-41.133497],[-71.288064,-41.133639],[-71.287954,-41.13365],[-71.287665,-41.133677],[-71.287357,-41.133618],[-71.286752,-41.133495],[-71.286575,-41.133454],[-71.286401,-41.133405],[-71.285862,-41.133228],[-71.285753,-41.133192],[-71.285373,-41.133067],[-71.285072,-41.132968],[-71.284945,-41.132925],[-71.284888,-41.132925],[-71.284828,-41.132915],[-71.28473,-41.132894],[-71.284612,-41.132875],[-71.284408,-41.132847],[-71.284322,-41.132861],[-71.284219,-41.132856],[-71.284149,-41.132841],[-71.28401,-41.132789],[-71.283988,-41.132776],[-71.283958,-41.132736],[-71.28394,-41.132686],[-71.28376,-41.132587],[-71.283492,-41.132459],[-71.283293,-41.132405],[-71.282776,-41.132277],[-71.282581,-41.132239],[-71.282077,-41.13214],[-71.280607,-41.131875],[-71.280376,-41.131833],[-71.2801,-41.131781],[-71.280068,-41.131775],[-71.279921,-41.131745],[-71.279706,-41.131702],[-71.279004,-41.131579],[-71.278733,-41.131526],[-71.278197,-41.131431],[-71.277289,-41.131273],[-71.277099,-41.13124],[-71.277019,-41.131226],[-71.276929,-41.131212],[-71.276742,-41.131183],[-71.27544,-41.130977],[-71.275012,-41.130956],[-71.274574,-41.130942],[-71.274458,-41.130938],[-71.274259,-41.130927],[-71.274073,-41.130917],[-71.273857,-41.130896],[-71.273627,-41.130859],[-71.273553,-41.130852],[-71.273327,-41.130826],[-71.273092,-41.130793],[-71.272817,-41.130756],[-71.272559,-41.130732],[-71.272182,-41.1307],[-71.270547,-41.130584],[-71.270096,-41.13057],[-71.269617,-41.130531],[-71.269129,-41.13049],[-71.268501,-41.130426],[-71.267801,-41.130324],[-71.26661,-41.130137],[-71.266068,-41.130076],[-71.26562,-41.130044],[-71.264926,-41.130023],[-71.263824,-41.129993],[-71.26231,-41.129963],[-71.261758,-41.129953],[-71.261205,-41.129943],[-71.260645,-41.129932],[-71.260622,-41.129931],[-71.260394,-41.129927],[-71.260138,-41.129922],[-71.259751,-41.129915],[-71.25939,-41.1299],[-71.25899,-41.129869],[-71.258956,-41.129866],[-71.258585,-41.129815],[-71.258175,-41.129735],[-71.257873,-41.129655],[-71.257486,-41.129544],[-71.257083,-41.129403],[-71.25683,-41.129313],[-71.256699,-41.129266],[-71.256546,-41.12921],[-71.25643,-41.129168],[-71.254542,-41.128484],[-71.25424,-41.128375],[-71.252931,-41.127894],[-71.2517,-41.127444],[-71.251367,-41.127333],[-71.251244,-41.127293],[-71.250977,-41.127207],[-71.250887,-41.127177],[-71.25067,-41.127106],[-71.250432,-41.127034],[-71.250101,-41.126945],[-71.249689,-41.126847],[-71.249396,-41.126787],[-71.249124,-41.12674],[-71.247195,-41.126446],[-71.247069,-41.126427],[-71.246361,-41.126314],[-71.246332,-41.126309],[-71.246151,-41.12628],[-71.245705,-41.1262],[-71.245181,-41.126105],[-71.243531,-41.12577],[-71.242484,-41.125547],[-71.241482,-41.125338],[-71.241318,-41.125303],[-71.241163,-41.125269],[-71.241113,-41.125258],[-71.240994,-41.125232],[-71.240738,-41.12517],[-71.24044,-41.125068],[-71.240159,-41.124964],[-71.239975,-41.124883],[-71.239871,-41.124837],[-71.239548,-41.124679],[-71.239262,-41.124526],[-71.23903,-41.124388],[-71.238124,-41.123834],[-71.237927,-41.123724],[-71.237858,-41.123685],[-71.237618,-41.123546],[-71.236924,-41.123135],[-71.236832,-41.123079],[-71.236545,-41.122907],[-71.235964,-41.122558],[-71.23535,-41.122202],[-71.234943,-41.12197],[-71.234831,-41.121902],[-71.234795,-41.121881],[-71.234124,-41.121481],[-71.233578,-41.121166],[-71.233419,-41.121074],[-71.232867,-41.120737],[-71.232563,-41.120555],[-71.232307,-41.120402],[-71.231506,-41.119922],[-71.231277,-41.119785],[-71.230749,-41.119474],[-71.230728,-41.119462],[-71.230198,-41.11915],[-71.22873,-41.118287],[-71.228329,-41.118052],[-71.228027,-41.117884],[-71.227195,-41.11759],[-71.226567,-41.117404],[-71.226497,-41.11738],[-71.226254,-41.117293],[-71.226128,-41.117258],[-71.226001,-41.117243],[-71.225878,-41.117251],[-71.225765,-41.117285],[-71.225612,-41.117355],[-71.223961,-41.118592],[-71.223767,-41.118757],[-71.223549,-41.118943],[-71.223379,-41.119095],[-71.223202,-41.119229],[-71.222724,-41.119569],[-71.222231,-41.119918],[-71.22218,-41.119955],[-71.222123,-41.119998],[-71.222016,-41.119995],[-71.221108,-41.119959],[-71.22045,-41.119936],[-71.220188,-41.119926],[-71.220026,-41.119902],[-71.219846,-41.119891],[-71.219824,-41.11989],[-71.219172,-41.119871],[-71.218914,-41.119876],[-71.218701,-41.119886],[-71.218499,-41.119904],[-71.218305,-41.119939],[-71.218092,-41.119998],[-71.217884,-41.120071],[-71.217629,-41.120173],[-71.217438,-41.120262],[-71.217385,-41.120286],[-71.217318,-41.120322],[-71.217099,-41.120436],[-71.21684,-41.120601],[-71.216441,-41.120889],[-71.215778,-41.121405],[-71.213542,-41.123149],[-71.212751,-41.123775],[-71.2124,-41.124082],[-71.212079,-41.124369],[-71.211773,-41.124667],[-71.21112,-41.125279],[-71.210341,-41.126044],[-71.209621,-41.126742],[-71.208914,-41.127436],[-71.208184,-41.128156],[-71.207358,-41.128944],[-71.206641,-41.129621],[-71.205651,-41.130586],[-71.204674,-41.131516],[-71.203172,-41.132969],[-71.202954,-41.133201],[-71.202748,-41.133458],[-71.202606,-41.133671],[-71.202486,-41.133901],[-71.202361,-41.134183],[-71.202069,-41.134814],[-71.20194,-41.135041],[-71.201764,-41.135282],[-71.20159,-41.135485],[-71.201396,-41.135683],[-71.201173,-41.135857],[-71.200932,-41.13602],[-71.200737,-41.136141],[-71.200492,-41.136271],[-71.200218,-41.136396],[-71.199923,-41.13651],[-71.199433,-41.136661],[-71.197625,-41.137117],[-71.188685,-41.139245],[-71.185663,-41.139987],[-71.179077,-41.141567],[-71.178265,-41.141762],[-71.177448,-41.141975],[-71.175464,-41.142512],[-71.17522,-41.142583],[-71.171995,-41.143491],[-71.172188,-41.143734],[-71.172316,-41.143883],[-71.172481,-41.143998],[-71.172642,-41.144097],[-71.172848,-41.144184],[-71.173111,-41.144263],[-71.173427,-41.144336],[-71.173908,-41.144475],[-71.174189,-41.144576],[-71.174431,-41.144699],[-71.174626,-41.144873],[-71.174793,-41.145053],[-71.174991,-41.145313],[-71.17519,-41.145667],[-71.175529,-41.14632],[-71.175717,-41.146703],[-71.175919,-41.147218],[-71.175973,-41.147411],[-71.175998,-41.147571],[-71.175987,-41.147746],[-71.175918,-41.147941],[-71.175784,-41.148125],[-71.175545,-41.148369],[-71.175339,-41.14853],[-71.17506,-41.148708],[-71.174759,-41.148879],[-71.174338,-41.149041],[-71.166347,-41.151794],[-71.149097,-41.157833],[-71.132877,-41.163558],[-71.132499,-41.163723],[-71.132309,-41.163847],[-71.132182,-41.163978],[-71.132091,-41.16417],[-71.132036,-41.164522],[-71.132025,-41.164809],[-71.132071,-41.165088],[-71.132142,-41.165682],[-71.132169,-41.166138],[-71.132142,-41.166535],[-71.132097,-41.166922],[-71.132053,-41.16722],[-71.131949,-41.167346],[-71.131836,-41.167398],[-71.131654,-41.167417],[-71.131393,-41.167417],[-71.130247,-41.167099],[-71.130012,-41.167067],[-71.129801,-41.167068],[-71.129635,-41.167094],[-71.129441,-41.167158],[-71.127635,-41.168241],[-71.125062,-41.169825],[-71.124795,-41.170006],[-71.124457,-41.170266],[-71.124216,-41.170477],[-71.124014,-41.170737],[-71.123851,-41.170997],[-71.123701,-41.171276],[-71.123616,-41.171512],[-71.123584,-41.171752],[-71.123558,-41.172017],[-71.123545,-41.172335],[-71.123603,-41.172605],[-71.123668,-41.172889],[-71.123727,-41.173149],[-71.124196,-41.175306],[-71.124867,-41.178395],[-71.125564,-41.181474],[-71.126085,-41.183711],[-71.126231,-41.184299],[-71.126289,-41.184633],[-71.126299,-41.184909],[-71.126287,-41.18523],[-71.126211,-41.185545],[-71.126113,-41.185802],[-71.125972,-41.186035],[-71.125789,-41.186276],[-71.125605,-41.18649],[-71.125416,-41.186676],[-71.125198,-41.186851],[-71.124973,-41.187009],[-71.124706,-41.187167],[-71.123018,-41.188114],[-71.12262,-41.188312],[-71.122282,-41.188471],[-71.120289,-41.189253],[-71.114559,-41.191337],[-71.112758,-41.192005],[-71.110982,-41.192661],[-71.110676,-41.192784],[-71.110413,-41.192898],[-71.110172,-41.193023],[-71.109912,-41.193184],[-71.107756,-41.194659],[-71.105827,-41.196019],[-71.105426,-41.1963],[-71.103347,-41.197693],[-71.10194,-41.198698],[-71.101732,-41.19886],[-71.101532,-41.199039],[-71.101387,-41.199188],[-71.101032,-41.199604],[-71.100631,-41.200075],[-71.100097,-41.200689],[-71.098782,-41.202293],[-71.096494,-41.205118],[-71.096397,-41.205236],[-71.09555,-41.206269],[-71.095407,-41.20645],[-71.09534,-41.206632],[-71.095366,-41.206837],[-71.095445,-41.207088],[-71.09611,-41.208842],[-71.096168,-41.209008],[-71.096207,-41.20919],[-71.096201,-41.209328],[-71.096139,-41.209463],[-71.096048,-41.209583],[-71.095937,-41.209675],[-71.0958,-41.209729],[-71.093897,-41.210191],[-71.093708,-41.210213],[-71.093531,-41.210204],[-71.092959,-41.21009],[-71.092765,-41.210055],[-71.092547,-41.210062],[-71.09241,-41.210092],[-71.092306,-41.210155],[-71.092254,-41.210238],[-71.092254,-41.210322],[-71.09228,-41.210478],[-71.092352,-41.21067],[-71.092576,-41.211154],[-71.092625,-41.211294],[-71.092651,-41.211451],[-71.092651,-41.211569],[-71.092599,-41.211711],[-71.092534,-41.211814],[-71.092436,-41.211951],[-71.092202,-41.212215],[-71.089395,-41.214942],[-71.08647,-41.217799],[-71.086217,-41.218039],[-71.086066,-41.218156],[-71.085851,-41.218274],[-71.085649,-41.218367],[-71.083669,-41.219112],[-71.083363,-41.219215],[-71.083113,-41.21924],[-71.082842,-41.219234],[-71.080673,-41.219131],[-71.080439,-41.219166],[-71.080211,-41.219244],[-71.079983,-41.219332],[-71.079677,-41.219499],[-71.078993,-41.220092],[-71.078247,-41.220698],[-71.077503,-41.221218],[-71.07726,-41.221351],[-71.076882,-41.221503],[-71.074749,-41.222291],[-71.071418,-41.223256],[-71.068688,-41.224026],[-71.068506,-41.224094],[-71.068304,-41.224207],[-71.068154,-41.224339],[-71.067751,-41.224736],[-71.06762,-41.224834],[-71.06747,-41.224927],[-71.067347,-41.224966],[-71.066695,-41.225089],[-71.066251,-41.2252],[-71.065796,-41.225314],[-71.064651,-41.225619],[-71.063752,-41.225869],[-71.063543,-41.225933],[-71.063374,-41.226036],[-71.063198,-41.226183],[-71.063087,-41.226339],[-71.063074,-41.226477],[-71.063159,-41.226609],[-71.063348,-41.226751],[-71.063797,-41.227025],[-71.063947,-41.227177],[-71.064006,-41.227309],[-71.063999,-41.227535],[-71.063993,-41.22776],[-71.064014,-41.228024],[-71.064029,-41.228133],[-71.064085,-41.228303],[-71.064157,-41.228528],[-71.064242,-41.228744],[-71.064261,-41.228886],[-71.064202,-41.229013],[-71.064158,-41.229058],[-71.064105,-41.229111],[-71.063968,-41.22918],[-71.063792,-41.229209],[-71.063564,-41.229204],[-71.06318,-41.229239],[-71.063035,-41.229279],[-71.062908,-41.229348],[-71.062821,-41.229431],[-71.062785,-41.229513],[-71.062786,-41.229702],[-71.062778,-41.229859],[-71.062742,-41.230014],[-71.062659,-41.230127],[-71.062509,-41.230234],[-71.062339,-41.230293],[-71.062165,-41.230371],[-71.062019,-41.230454],[-71.061868,-41.230555],[-71.061762,-41.230671],[-71.061659,-41.230802],[-71.061572,-41.230933],[-71.061029,-41.231641],[-71.060954,-41.231703],[-71.060851,-41.231771],[-71.060673,-41.23184],[-71.060104,-41.231944],[-71.05985,-41.232015],[-71.059641,-41.232104],[-71.059001,-41.232509],[-71.058898,-41.232559],[-71.058779,-41.232583],[-71.058605,-41.232598],[-71.058415,-41.232586],[-71.054944,-41.232183],[-71.053307,-41.232005],[-71.05288,-41.231957],[-71.051575,-41.231868],[-71.048609,-41.231675],[-71.047419,-41.231615],[-71.046941,-41.231591],[-71.045758,-41.231508],[-71.044576,-41.231452],[-71.043038,-41.231362],[-71.042057,-41.231312],[-71.041808,-41.231312],[-71.041535,-41.23135],[-71.041266,-41.231428],[-71.041001,-41.231499],[-71.039691,-41.231943],[-71.039598,-41.231975],[-71.039052,-41.232144],[-71.037794,-41.232573],[-71.037332,-41.232718],[-71.037103,-41.232797],[-71.03562,-41.23331],[-71.035422,-41.233402],[-71.035181,-41.233509],[-71.034777,-41.233732],[-71.034465,-41.23392],[-71.034218,-41.234078],[-71.034164,-41.234113],[-71.033832,-41.234327],[-71.033468,-41.234619],[-71.033359,-41.234702],[-71.033196,-41.234827],[-71.032915,-41.235071],[-71.032773,-41.235243],[-71.032585,-41.235527],[-71.032402,-41.23578],[-71.032127,-41.236236],[-71.031954,-41.236489],[-71.031424,-41.237283],[-71.031005,-41.237863],[-71.030839,-41.238068],[-71.030502,-41.238504],[-71.030297,-41.238767],[-71.030012,-41.239159],[-71.029811,-41.239409],[-71.029486,-41.239852],[-71.029277,-41.24017],[-71.029004,-41.240578],[-71.028739,-41.240982],[-71.028486,-41.24138],[-71.028271,-41.241662],[-71.027919,-41.242118],[-71.027612,-41.242466],[-71.027233,-41.242882],[-71.026988,-41.243165],[-71.026917,-41.243345],[-71.026925,-41.243526],[-71.026966,-41.24369],[-71.027045,-41.243889],[-71.027434,-41.244583],[-71.027834,-41.245273],[-71.028008,-41.24549],[-71.0281,-41.245592],[-71.028233,-41.245683],[-71.0287,-41.245933],[-71.029012,-41.246099],[-71.029395,-41.246363],[-71.029684,-41.246595],[-71.029759,-41.246678],[-71.02979,-41.246824],[-71.029755,-41.24694],[-71.029676,-41.247068],[-71.029569,-41.24722],[-71.029423,-41.247398],[-71.029217,-41.24763],[-71.027936,-41.248629],[-71.026897,-41.249449],[-71.026655,-41.24964],[-71.026386,-41.249888],[-71.026149,-41.250125],[-71.025635,-41.250782],[-71.025311,-41.251251],[-71.025153,-41.251483],[-71.025117,-41.251597],[-71.025081,-41.251766],[-71.024884,-41.25283],[-71.024848,-41.253005],[-71.024864,-41.253222],[-71.024915,-41.253454],[-71.025026,-41.253847],[-71.025283,-41.254828],[-71.025508,-41.255595],[-71.025649,-41.256055],[-71.025789,-41.256448],[-71.026078,-41.257173],[-71.026541,-41.258359],[-71.026964,-41.259629],[-71.027209,-41.260494],[-71.027296,-41.260809],[-71.027422,-41.261082],[-71.027557,-41.261338],[-71.027877,-41.261911],[-71.028636,-41.26338],[-71.029154,-41.264385],[-71.029493,-41.265078],[-71.029641,-41.265407],[-71.030431,-41.266923],[-71.031638,-41.269312],[-71.032428,-41.270784],[-71.033381,-41.272451],[-71.033915,-41.273316],[-71.034327,-41.273979],[-71.034471,-41.274252],[-71.034584,-41.274502],[-71.03475,-41.274941],[-71.034943,-41.275509],[-71.035129,-41.27605],[-71.035415,-41.276775],[-71.035663,-41.277426],[-71.035833,-41.277815],[-71.036205,-41.278665],[-71.036845,-41.280213],[-71.037146,-41.280894],[-71.037221,-41.281072],[-71.037276,-41.281238],[-71.037272,-41.28139],[-71.037225,-41.281616],[-71.037146,-41.281827],[-71.037087,-41.282139],[-71.037131,-41.2823],[-71.037233,-41.282442],[-71.037545,-41.282742],[-71.037672,-41.28292],[-71.037759,-41.283117],[-71.037921,-41.283429],[-71.03817,-41.283856],[-71.038273,-41.284011],[-71.038277,-41.284109],[-71.038253,-41.28424],[-71.03817,-41.284379],[-71.038048,-41.284546],[-71.037905,-41.284679],[-71.037771,-41.284855],[-71.037743,-41.285012],[-71.037747,-41.285268],[-71.03781,-41.285556],[-71.037861,-41.285715],[-71.037941,-41.285945],[-71.038218,-41.286489],[-71.038593,-41.287226],[-71.038633,-41.28736],[-71.038617,-41.287523],[-71.038577,-41.287731],[-71.038506,-41.287993],[-71.038312,-41.288679],[-71.038293,-41.288896],[-71.038305,-41.28905],[-71.038396,-41.289208],[-71.038526,-41.289386],[-71.03904,-41.289867],[-71.039475,-41.290221],[-71.039617,-41.290335],[-71.039791,-41.290399],[-71.040147,-41.290459],[-71.040448,-41.290503],[-71.040579,-41.290587],[-71.040661,-41.290702],[-71.040709,-41.290845],[-71.040725,-41.290964],[-71.040713,-41.291234],[-71.04076,-41.29176],[-71.040705,-41.292221],[-71.040736,-41.292544],[-71.040871,-41.293254],[-71.041262,-41.294544],[-71.041278,-41.294623],[-71.041286,-41.294698],[-71.041278,-41.294966],[-71.041203,-41.295287],[-71.041025,-41.295878],[-71.040847,-41.296315],[-71.040594,-41.296766],[-71.040518,-41.29696],[-71.040469,-41.297043],[-71.040363,-41.297221],[-71.040487,-41.297366],[-71.040604,-41.297529],[-71.040706,-41.297782],[-71.040737,-41.297993],[-71.040776,-41.29805],[-71.040856,-41.298107],[-71.041193,-41.298275],[-71.041815,-41.298539],[-71.04239,-41.298726],[-71.043,-41.298888],[-71.043493,-41.299104],[-71.044049,-41.299342],[-71.044401,-41.299492],[-71.044525,-41.299527],[-71.044664,-41.299531],[-71.044952,-41.299541],[-71.04513,-41.299582],[-71.045213,-41.299632],[-71.045273,-41.299714],[-71.045423,-41.299984],[-71.045571,-41.300346],[-71.045725,-41.300566],[-71.045994,-41.300866],[-71.046449,-41.301305],[-71.046839,-41.301709],[-71.047002,-41.301913],[-71.0471,-41.302093],[-71.04749,-41.302943],[-71.047766,-41.303608],[-71.047848,-41.303993],[-71.047978,-41.304622],[-71.048002,-41.304876],[-71.047985,-41.305111],[-71.047962,-41.305435],[-71.047856,-41.305737],[-71.047593,-41.306366],[-71.047483,-41.306756],[-71.047446,-41.306943],[-71.047441,-41.307105],[-71.047465,-41.307511],[-71.04749,-41.308104],[-71.047465,-41.308427],[-71.047311,-41.308965],[-71.047165,-41.309496],[-71.047075,-41.309967],[-71.047064,-41.310496],[-71.047108,-41.311017],[-71.047157,-41.311182],[-71.047278,-41.311371],[-71.047457,-41.311658],[-71.047486,-41.311817],[-71.047482,-41.311939],[-71.047449,-41.312196],[-71.047378,-41.31251],[-71.047222,-41.313203],[-71.0471,-41.313765],[-71.046994,-41.313979],[-71.046889,-41.314126],[-71.046781,-41.314259],[-71.046709,-41.314388],[-71.046737,-41.314533],[-71.046717,-41.3147],[-71.04663,-41.314883],[-71.046518,-41.315004],[-71.04622,-41.315274],[-71.045818,-41.315633],[-71.045549,-41.315925],[-71.045146,-41.3164],[-71.044601,-41.317017],[-71.044372,-41.317374],[-71.044107,-41.317808],[-71.04379,-41.318315],[-71.043695,-41.318398],[-71.043599,-41.318462],[-71.043379,-41.318549],[-71.043068,-41.318628],[-71.042719,-41.318699],[-71.042476,-41.318774],[-71.042254,-41.318922],[-71.041987,-41.319176],[-71.041754,-41.319444],[-71.041473,-41.319761],[-71.04097,-41.32022],[-71.040552,-41.320599],[-71.04018,-41.320984],[-71.039709,-41.321399],[-71.039509,-41.321584],[-71.039385,-41.321726],[-71.039211,-41.322027],[-71.03908,-41.322282],[-71.039031,-41.322399],[-71.038952,-41.322498],[-71.038829,-41.322609],[-71.038659,-41.322698],[-71.038219,-41.32282],[-71.03764,-41.322992],[-71.037329,-41.323078],[-71.037032,-41.323158],[-71.036789,-41.323242],[-71.036585,-41.32338],[-71.03639,-41.32357],[-71.034139,-41.325716],[-71.032944,-41.326815],[-71.032769,-41.327032],[-71.032529,-41.327401],[-71.031622,-41.328867],[-71.031088,-41.329851],[-71.030984,-41.329997],[-71.03081,-41.330117],[-71.030524,-41.330168],[-71.030247,-41.330148],[-71.030004,-41.330122],[-71.02986,-41.330159],[-71.029765,-41.330235],[-71.029695,-41.330335],[-71.029646,-41.330466],[-71.029537,-41.331358],[-71.029456,-41.331808],[-71.029419,-41.331928],[-71.029333,-41.332078],[-71.029078,-41.332363],[-71.028722,-41.33274],[-71.028243,-41.333223],[-71.027844,-41.333725],[-71.02734,-41.33435],[-71.026572,-41.335274],[-71.026015,-41.335851],[-71.025505,-41.336515],[-71.024962,-41.337079],[-71.024812,-41.337242],[-71.0247,-41.337424],[-71.024569,-41.337787],[-71.024382,-41.338336],[-71.024274,-41.338569],[-71.024146,-41.33877],[-71.023968,-41.338969],[-71.023779,-41.339145],[-71.023532,-41.339327],[-71.023178,-41.339548],[-71.022883,-41.339728],[-71.02261,-41.339945],[-71.022382,-41.340265],[-71.022247,-41.340521],[-71.022171,-41.340761],[-71.022141,-41.341083],[-71.022081,-41.341515],[-71.022045,-41.341671],[-71.022,-41.341785],[-71.021804,-41.342072],[-71.021438,-41.342493],[-71.021221,-41.342751],[-71.021036,-41.343038],[-71.020723,-41.34358],[-71.020446,-41.344135],[-71.020341,-41.344447],[-71.020316,-41.344709],[-71.020316,-41.345149],[-71.020333,-41.345848],[-71.020389,-41.347566],[-71.020382,-41.347911],[-71.020333,-41.348201],[-71.020247,-41.348472],[-71.020136,-41.348689],[-71.019967,-41.348891],[-71.019835,-41.349015],[-71.019778,-41.349109],[-71.019745,-41.349196],[-71.019669,-41.349593],[-71.01963,-41.350048],[-71.01966,-41.350475],[-71.019733,-41.350833],[-71.019788,-41.351179],[-71.019794,-41.351342],[-71.019731,-41.35154],[-71.019351,-41.352083],[-71.019166,-41.352411],[-71.019121,-41.352602],[-71.019072,-41.353023],[-71.019048,-41.353474],[-71.018999,-41.353712],[-71.018936,-41.353871],[-71.018856,-41.354],[-71.018623,-41.354253],[-71.018389,-41.354478],[-71.018086,-41.354675],[-71.017967,-41.354745],[-71.017883,-41.354872],[-71.017857,-41.354998],[-71.017853,-41.35513],[-71.017842,-41.355461],[-71.017829,-41.355588],[-71.017799,-41.355679],[-71.017703,-41.35586],[-71.017504,-41.356234],[-71.017251,-41.356723],[-71.017084,-41.357024],[-71.016812,-41.357484],[-71.016669,-41.357686],[-71.0165,-41.357871],[-71.016031,-41.358318],[-71.015861,-41.358461],[-71.01547,-41.358793],[-71.015168,-41.359047],[-71.014823,-41.359415],[-71.014503,-41.359748],[-71.014153,-41.360005],[-71.013812,-41.360328],[-71.013507,-41.360517],[-71.012966,-41.360835],[-71.012547,-41.361085],[-71.01212,-41.36136],[-71.011929,-41.361518],[-71.011828,-41.361646],[-71.011738,-41.36183],[-71.011641,-41.362196],[-71.011624,-41.362391],[-71.011592,-41.362629],[-71.01151,-41.36291],[-71.011421,-41.363099],[-71.011234,-41.363209],[-71.010958,-41.363239],[-71.010697,-41.363209],[-71.010331,-41.363105],[-71.010071,-41.363001],[-71.009722,-41.362904],[-71.009429,-41.362885],[-71.009161,-41.362916],[-71.00886,-41.363056],[-71.008624,-41.363203],[-71.008413,-41.363331],[-71.008242,-41.363441],[-71.007998,-41.363624],[-71.007811,-41.363874],[-71.007616,-41.364258],[-71.007469,-41.364631],[-71.007364,-41.364916],[-71.007274,-41.365131],[-71.007185,-41.365461],[-71.007144,-41.365735],[-71.007112,-41.365973],[-71.007112,-41.366223],[-71.007128,-41.366583],[-71.00714,-41.367203],[-71.007185,-41.367825],[-71.007201,-41.368121],[-71.007193,-41.368506],[-71.00725,-41.368829],[-71.007209,-41.36907],[-71.007112,-41.369299],[-71.006998,-41.369552],[-71.006925,-41.369796],[-71.006892,-41.369921],[-71.006729,-41.370293],[-71.006461,-41.370806],[-71.006128,-41.371343],[-71.005884,-41.371782],[-71.005567,-41.372362],[-71.00529,-41.372789],[-71.004998,-41.373289],[-71.004855,-41.373582],[-71.004737,-41.373863],[-71.004522,-41.374485],[-71.004371,-41.374931],[-71.004298,-41.375074],[-71.004233,-41.375181],[-71.003989,-41.375513],[-71.003851,-41.375773],[-71.003754,-41.376102],[-71.003725,-41.376316],[-71.003697,-41.376724],[-71.00364,-41.37717],[-71.003607,-41.377615],[-71.003603,-41.377853],[-71.003623,-41.378048],[-71.003697,-41.378335],[-71.003762,-41.378567],[-71.003802,-41.378787],[-71.003802,-41.379049],[-71.003916,-41.379537],[-71.003973,-41.379921],[-71.004046,-41.380318],[-71.004115,-41.380785],[-71.004217,-41.381166],[-71.004337,-41.381438],[-71.004441,-41.381593],[-71.004591,-41.381779],[-71.00464,-41.38188],[-71.004664,-41.382014],[-71.004591,-41.382246],[-71.004485,-41.382588],[-71.004493,-41.382719],[-71.004542,-41.382929],[-71.004762,-41.383722],[-71.004957,-41.384216],[-71.005014,-41.384479],[-71.005054,-41.384662],[-71.005054,-41.384827],[-71.004949,-41.38504],[-71.004778,-41.385376],[-71.004648,-41.385546],[-71.004339,-41.385918],[-71.00425,-41.386102],[-71.004193,-41.386303],[-71.004197,-41.386385],[-71.004225,-41.386468],[-71.004321,-41.386538],[-71.004481,-41.386596],[-71.004928,-41.38669],[-71.005054,-41.386742],[-71.005119,-41.386842],[-71.005185,-41.386943],[-71.005288,-41.386956],[-71.005392,-41.386931],[-71.005567,-41.386834],[-71.005803,-41.386693],[-71.00603,-41.386602],[-71.00625,-41.386541],[-71.006494,-41.386541],[-71.006648,-41.38659],[-71.006717,-41.386654],[-71.006762,-41.386748],[-71.006835,-41.386943],[-71.006896,-41.387065],[-71.006965,-41.387145],[-71.007225,-41.387303],[-71.007425,-41.387428],[-71.00799,-41.387926],[-71.008185,-41.388069],[-71.008445,-41.388212],[-71.008648,-41.388359],[-71.00877,-41.388487],[-71.008803,-41.388667],[-71.008774,-41.388868],[-71.008616,-41.389573],[-71.008502,-41.390115],[-71.008474,-41.390289],[-71.008469,-41.390439],[-71.008518,-41.390747],[-71.008526,-41.390994],[-71.008486,-41.391201],[-71.008364,-41.391482],[-71.008323,-41.391647],[-71.008364,-41.391762],[-71.008508,-41.391904],[-71.008839,-41.392168],[-71.008957,-41.392308],[-71.009047,-41.39244],[-71.009144,-41.392534],[-71.00925,-41.392629],[-71.009648,-41.392921],[-71.009909,-41.393135],[-71.010027,-41.393269],[-71.010096,-41.393379],[-71.010136,-41.39348],[-71.010169,-41.393653],[-71.010266,-41.394172],[-71.010486,-41.395212],[-71.010673,-41.395971],[-71.010718,-41.396203],[-71.010742,-41.396453],[-71.01073,-41.396618],[-71.010649,-41.396886],[-71.010535,-41.397136],[-71.010437,-41.39738],[-71.010356,-41.397807],[-71.010177,-41.3986],[-71.010128,-41.398948],[-71.010096,-41.399103],[-71.010022,-41.399271],[-71.009844,-41.399692],[-71.009738,-41.400009],[-71.009701,-41.400183],[-71.009697,-41.400357],[-71.009738,-41.400549],[-71.009941,-41.401012],[-71.00999,-41.401131],[-71.01001,-41.401274],[-71.010047,-41.401357],[-71.010144,-41.401473],[-71.010307,-41.401656],[-71.010405,-41.401875],[-71.010486,-41.402296],[-71.010518,-41.402558],[-71.010501,-41.402863],[-71.010437,-41.403119],[-71.01025,-41.403595],[-71.010144,-41.403906],[-71.010148,-41.404095],[-71.010193,-41.404254],[-71.010267,-41.404385],[-71.010323,-41.404519],[-71.010331,-41.404726],[-71.010275,-41.404862],[-71.010181,-41.404976],[-71.01004,-41.405098],[-71.00991,-41.405176],[-71.009749,-41.405221],[-71.0096,-41.405241],[-71.009461,-41.405289],[-71.009349,-41.40534],[-71.008904,-41.405594],[-71.008503,-41.405844],[-71.00775,-41.406441],[-71.007068,-41.407052],[-71.00663,-41.407332],[-71.00638,-41.407492],[-71.006162,-41.407598],[-71.00587,-41.407656],[-71.005478,-41.407668],[-71.004565,-41.407656],[-71.00431,-41.407682],[-71.004096,-41.407739],[-71.003652,-41.407855],[-71.003084,-41.408035],[-71.002937,-41.408109],[-71.002838,-41.408182],[-71.002774,-41.40831],[-71.002751,-41.408438],[-71.002707,-41.408796],[-71.0026,-41.409045],[-71.00247,-41.409276],[-71.00058,-41.411562],[-70.999696,-41.4125],[-70.999649,-41.412642],[-70.999668,-41.412857],[-70.999699,-41.413126],[-70.999709,-41.413315],[-70.999657,-41.413453],[-70.999393,-41.413752],[-70.999073,-41.414051],[-70.998973,-41.414184],[-70.998889,-41.414414],[-70.998754,-41.414781],[-70.998548,-41.41514],[-70.998342,-41.415419],[-70.997872,-41.415983],[-70.997393,-41.416563],[-70.996994,-41.417111],[-70.996675,-41.417469],[-70.996453,-41.417631],[-70.996258,-41.417677],[-70.996,-41.417653],[-70.994969,-41.417288],[-70.99463,-41.417216],[-70.994332,-41.417181],[-70.993161,-41.417056],[-70.993023,-41.417034],[-70.992918,-41.416995],[-70.992694,-41.416856],[-70.992496,-41.41676],[-70.992277,-41.416667],[-70.992192,-41.416624],[-70.991739,-41.416162],[-70.991213,-41.41575],[-70.991051,-41.415667],[-70.99067,-41.415511],[-70.990587,-41.41546],[-70.990507,-41.415388],[-70.990453,-41.415259],[-70.990378,-41.415189],[-70.990238,-41.415094],[-70.988079,-41.413661],[-70.986898,-41.41294],[-70.986378,-41.412652],[-70.986129,-41.412514],[-70.985893,-41.412464],[-70.985673,-41.41245],[-70.985121,-41.412444],[-70.98427,-41.412455],[-70.983405,-41.412465],[-70.982935,-41.412475],[-70.98258,-41.412514],[-70.98067,-41.412878],[-70.978668,-41.413233],[-70.977243,-41.413434],[-70.976568,-41.413555],[-70.976273,-41.413611],[-70.976011,-41.413703],[-70.975424,-41.414036],[-70.974817,-41.414345],[-70.973853,-41.41484],[-70.973565,-41.414997],[-70.973279,-41.415227],[-70.973066,-41.415433],[-70.972638,-41.415888],[-70.972494,-41.415979],[-70.971888,-41.416246],[-70.971208,-41.416581],[-70.969873,-41.417228],[-70.968824,-41.417662],[-70.967558,-41.418287],[-70.964993,-41.419514],[-70.96453,-41.419711],[-70.963766,-41.420002],[-70.963481,-41.420116],[-70.96295,-41.420373],[-70.96165,-41.421051],[-70.960547,-41.42163],[-70.959739,-41.421995],[-70.959182,-41.422165],[-70.955448,-41.423196],[-70.953326,-41.423613],[-70.952232,-41.423873],[-70.951659,-41.423999],[-70.951179,-41.424049],[-70.950857,-41.424039],[-70.950478,-41.423992],[-70.947754,-41.42368],[-70.944666,-41.423379],[-70.940756,-41.422871],[-70.939371,-41.422701],[-70.937622,-41.422502],[-70.937303,-41.422501],[-70.937023,-41.422534],[-70.93681,-41.422645],[-70.936621,-41.422793],[-70.935438,-41.424031],[-70.935338,-41.42416],[-70.935227,-41.424449],[-70.93514,-41.424585],[-70.934601,-41.425252],[-70.934441,-41.42542],[-70.934281,-41.425563],[-70.934026,-41.42575],[-70.933642,-41.425935],[-70.933206,-41.426088],[-70.93238,-41.426326],[-70.932219,-41.426418],[-70.932123,-41.426511],[-70.930522,-41.427894],[-70.929232,-41.429039],[-70.929051,-41.429209],[-70.928878,-41.42944],[-70.92848,-41.430147],[-70.928366,-41.430237],[-70.928195,-41.430321],[-70.927975,-41.430387],[-70.927368,-41.430582],[-70.927254,-41.43064],[-70.925729,-41.431873],[-70.924696,-41.432702],[-70.924465,-41.43294],[-70.924284,-41.433142],[-70.924151,-41.433332],[-70.923849,-41.433955],[-70.923698,-41.434214],[-70.923531,-41.434449],[-70.923205,-41.434839],[-70.922701,-41.435333],[-70.922558,-41.43542],[-70.922325,-41.435439],[-70.922204,-41.435456],[-70.921083,-41.435857],[-70.920791,-41.435995],[-70.920573,-41.436133],[-70.918579,-41.437865],[-70.917764,-41.438429],[-70.91731,-41.438829],[-70.916186,-41.439819],[-70.914202,-41.441482],[-70.913538,-41.441975],[-70.912843,-41.442421],[-70.912636,-41.442501],[-70.912421,-41.442537],[-70.912038,-41.442582],[-70.911883,-41.442629],[-70.911452,-41.442791],[-70.910002,-41.443411],[-70.909408,-41.443604],[-70.908675,-41.44381],[-70.908036,-41.443982],[-70.90758,-41.444077],[-70.904186,-41.444597],[-70.902481,-41.444887],[-70.900752,-41.445117],[-70.900546,-41.445115],[-70.900371,-41.445058],[-70.900131,-41.444976],[-70.89955,-41.444761],[-70.899369,-41.444732],[-70.899171,-41.444722],[-70.898947,-41.444726],[-70.898771,-41.444761],[-70.89822,-41.444909],[-70.897924,-41.444978],[-70.897596,-41.445016],[-70.896511,-41.445097],[-70.896294,-41.445132],[-70.895976,-41.445204],[-70.895438,-41.445342],[-70.894595,-41.44562],[-70.89431,-41.445687],[-70.893983,-41.445717],[-70.893822,-41.44572],[-70.8937,-41.445689],[-70.893603,-41.445681],[-70.893541,-41.4457],[-70.893397,-41.445817],[-70.893222,-41.445907],[-70.893022,-41.445966],[-70.892571,-41.446046],[-70.89212,-41.446095],[-70.891381,-41.446143],[-70.891016,-41.446174],[-70.890741,-41.446223],[-70.888804,-41.446572],[-70.888383,-41.446613],[-70.885855,-41.446799],[-70.884978,-41.446929],[-70.883425,-41.447074],[-70.882112,-41.447234],[-70.881415,-41.447356],[-70.880218,-41.447496],[-70.879532,-41.447584],[-70.877682,-41.447737],[-70.877138,-41.447774],[-70.876577,-41.447811],[-70.875599,-41.447813],[-70.87538,-41.447837],[-70.87391,-41.448052],[-70.873507,-41.448081],[-70.871966,-41.448135],[-70.871566,-41.448168],[-70.870087,-41.448393],[-70.868628,-41.448587],[-70.868201,-41.448623],[-70.867726,-41.448647],[-70.866415,-41.448654],[-70.865659,-41.448677],[-70.862523,-41.448945],[-70.862298,-41.44895],[-70.862052,-41.448873],[-70.86189,-41.448876],[-70.858528,-41.449202],[-70.858139,-41.449254],[-70.85783,-41.449318],[-70.857336,-41.449489],[-70.856999,-41.449536],[-70.85663,-41.449571],[-70.855904,-41.449567],[-70.854667,-41.449488],[-70.852675,-41.449412],[-70.852454,-41.449426],[-70.852111,-41.449474],[-70.851903,-41.449472],[-70.851679,-41.449452],[-70.851304,-41.449409],[-70.850389,-41.449281],[-70.849396,-41.449058],[-70.847524,-41.448655],[-70.846009,-41.448295],[-70.84473,-41.448017],[-70.844572,-41.447993],[-70.844415,-41.447993],[-70.841889,-41.4482],[-70.840372,-41.448302],[-70.839304,-41.448382],[-70.838135,-41.448541],[-70.835247,-41.44879],[-70.834957,-41.448811],[-70.834692,-41.448812],[-70.8344,-41.448801],[-70.833839,-41.448839],[-70.833559,-41.448847],[-70.832979,-41.448846],[-70.832627,-41.448869],[-70.831206,-41.448986],[-70.830761,-41.449041],[-70.830252,-41.449128],[-70.829175,-41.449277],[-70.828535,-41.449366],[-70.827858,-41.449435],[-70.827066,-41.449504],[-70.826614,-41.449525],[-70.824883,-41.44942],[-70.824519,-41.449366],[-70.824214,-41.449288],[-70.823619,-41.449124],[-70.823326,-41.449034],[-70.822866,-41.44886],[-70.822387,-41.448679],[-70.821972,-41.448549],[-70.821597,-41.448456],[-70.820986,-41.44835],[-70.820624,-41.448256],[-70.820212,-41.448149],[-70.81974,-41.448047],[-70.818626,-41.447852],[-70.817503,-41.447694],[-70.816521,-41.447515],[-70.81527,-41.44729],[-70.814524,-41.44708],[-70.812962,-41.446598],[-70.812482,-41.446426],[-70.811603,-41.446052],[-70.811446,-41.445958],[-70.811297,-41.445851],[-70.811135,-41.4457],[-70.810992,-41.445519],[-70.810669,-41.445087],[-70.810532,-41.444984],[-70.809138,-41.44412],[-70.808723,-41.443872],[-70.808268,-41.443643],[-70.807416,-41.443293],[-70.806973,-41.44314],[-70.806611,-41.443084],[-70.806199,-41.443088],[-70.80497,-41.443217],[-70.804687,-41.443222],[-70.804102,-41.443221],[-70.803861,-41.443228],[-70.80332,-41.443279],[-70.803127,-41.443305],[-70.802934,-41.443347],[-70.802793,-41.443404],[-70.802598,-41.443448],[-70.795296,-41.44419],[-70.794988,-41.444209],[-70.790092,-41.44404],[-70.789679,-41.444039],[-70.789171,-41.444096],[-70.78488,-41.444891],[-70.784305,-41.444933],[-70.781751,-41.445429],[-70.781483,-41.445415],[-70.781033,-41.445281],[-70.780817,-41.44527],[-70.778934,-41.445546],[-70.778076,-41.44573],[-70.777313,-41.445924],[-70.776203,-41.446257],[-70.775921,-41.446322],[-70.775474,-41.446427],[-70.773975,-41.446657],[-70.773747,-41.446726],[-70.773431,-41.446818],[-70.772761,-41.446934],[-70.768844,-41.447603],[-70.768675,-41.447616],[-70.768358,-41.447647],[-70.768016,-41.447665],[-70.767619,-41.447712],[-70.767091,-41.447803],[-70.766674,-41.447923],[-70.766046,-41.448162],[-70.765729,-41.448313],[-70.765485,-41.448464],[-70.763008,-41.450374],[-70.762736,-41.450523],[-70.76205,-41.450764],[-70.760883,-41.45113],[-70.760634,-41.45117],[-70.760376,-41.451161],[-70.759409,-41.450974],[-70.759172,-41.450902],[-70.758992,-41.450811],[-70.758548,-41.450512],[-70.757954,-41.450064],[-70.757686,-41.449869],[-70.75728,-41.449655],[-70.756974,-41.449541],[-70.756383,-41.449385],[-70.756072,-41.449333],[-70.755788,-41.449325],[-70.755529,-41.449342],[-70.754903,-41.449412],[-70.753277,-41.449553],[-70.752312,-41.449645],[-70.752063,-41.449637],[-70.751731,-41.449628],[-70.736184,-41.448929],[-70.735983,-41.44894],[-70.735765,-41.448956],[-70.735667,-41.448951],[-70.735456,-41.448947],[-70.735277,-41.448922],[-70.735024,-41.448876],[-70.734498,-41.448842],[-70.730903,-41.448692],[-70.730568,-41.448674],[-70.730284,-41.44868],[-70.73001,-41.448702],[-70.729823,-41.448736],[-70.729681,-41.448777],[-70.729469,-41.448828],[-70.729363,-41.448845],[-70.729112,-41.448846],[-70.728127,-41.448917],[-70.727791,-41.448911],[-70.72695,-41.448881],[-70.726328,-41.448872],[-70.723679,-41.448989],[-70.721906,-41.449069],[-70.72174,-41.449098],[-70.72136,-41.449207],[-70.721203,-41.449235],[-70.719779,-41.449244],[-70.717855,-41.449258],[-70.717476,-41.449304],[-70.716637,-41.449514],[-70.715861,-41.449731],[-70.715653,-41.449748],[-70.715426,-41.449709],[-70.71359,-41.448931],[-70.712604,-41.448534],[-70.712294,-41.448409],[-70.712094,-41.448363],[-70.71185,-41.448357],[-70.711209,-41.448395],[-70.710469,-41.448362],[-70.710145,-41.448411],[-70.70981,-41.448509],[-70.707039,-41.4497],[-70.704059,-41.450986],[-70.703833,-41.451092],[-70.703549,-41.451125],[-70.703293,-41.45103],[-70.700722,-41.449466],[-70.696596,-41.446608],[-70.6926,-41.443662],[-70.692517,-41.443641],[-70.69229,-41.443585],[-70.691968,-41.443644],[-70.687142,-41.445408],[-70.686718,-41.445495],[-70.683719,-41.445895],[-70.682929,-41.446007],[-70.682602,-41.446444],[-70.682026,-41.447757],[-70.681797,-41.448073],[-70.680104,-41.44944],[-70.679537,-41.450173],[-70.679177,-41.450493],[-70.673223,-41.454366],[-70.672566,-41.45471],[-70.670913,-41.455446],[-70.669019,-41.456288],[-70.668551,-41.456497],[-70.668089,-41.456694],[-70.667856,-41.456754],[-70.667624,-41.456758],[-70.666377,-41.45677],[-70.666137,-41.456837],[-70.665048,-41.457406],[-70.664386,-41.457533],[-70.663821,-41.457799],[-70.663342,-41.45791],[-70.663086,-41.458022],[-70.661996,-41.45865],[-70.661224,-41.458918],[-70.660853,-41.458918],[-70.66053,-41.458815],[-70.659983,-41.458341],[-70.659732,-41.458283],[-70.659392,-41.458346],[-70.658511,-41.458771],[-70.658157,-41.458866],[-70.657761,-41.458924],[-70.657386,-41.45894],[-70.657104,-41.458989],[-70.656918,-41.459069],[-70.656753,-41.459169],[-70.656529,-41.459328],[-70.656343,-41.459515],[-70.656215,-41.459727],[-70.65613,-41.459917],[-70.65606,-41.460045],[-70.655974,-41.460161],[-70.655867,-41.460277],[-70.655327,-41.460705],[-70.653851,-41.461681],[-70.653682,-41.46184],[-70.653588,-41.462001],[-70.653531,-41.462173],[-70.653519,-41.462394],[-70.65356,-41.462616],[-70.653649,-41.462826],[-70.653787,-41.463065],[-70.653964,-41.463268],[-70.654167,-41.463447],[-70.654372,-41.463582],[-70.654619,-41.463701],[-70.654913,-41.463796],[-70.655265,-41.463852],[-70.656005,-41.463997],[-70.656444,-41.463966],[-70.659758,-41.463507],[-70.66255,-41.463305],[-70.662933,-41.463338],[-70.665178,-41.464067],[-70.665432,-41.464295],[-70.665857,-41.464936],[-70.666127,-41.465093],[-70.66644,-41.465185],[-70.667097,-41.465213],[-70.668012,-41.465076],[-70.668986,-41.464794],[-70.669347,-41.464714],[-70.669661,-41.464777],[-70.672408,-41.465806],[-70.673811,-41.466099],[-70.675131,-41.46626],[-70.676073,-41.46652],[-70.676929,-41.466874],[-70.677217,-41.467088],[-70.677923,-41.467979],[-70.678206,-41.468209],[-70.682126,-41.469439],[-70.682579,-41.469634],[-70.682925,-41.469893],[-70.684922,-41.472413],[-70.685202,-41.472703],[-70.685633,-41.472993],[-70.686336,-41.473282],[-70.686488,-41.473344],[-70.687624,-41.473871],[-70.688639,-41.474112],[-70.68894,-41.474302],[-70.689081,-41.474484],[-70.689082,-41.47465],[-70.688195,-41.476131],[-70.688202,-41.476491],[-70.688298,-41.476827],[-70.6887,-41.477561],[-70.688762,-41.47783],[-70.688724,-41.478135],[-70.688532,-41.478353],[-70.688132,-41.478692],[-70.688049,-41.478842],[-70.688084,-41.478971],[-70.68845,-41.479273],[-70.689444,-41.47985],[-70.690161,-41.480363],[-70.690299,-41.480554],[-70.690427,-41.481077],[-70.690555,-41.481252],[-70.691487,-41.481764],[-70.691631,-41.481934],[-70.691666,-41.48212],[-70.691404,-41.482741],[-70.691397,-41.484111],[-70.69153,-41.484374],[-70.692507,-41.485311],[-70.692743,-41.485502],[-70.693392,-41.485761],[-70.69361,-41.485939],[-70.693693,-41.486165],[-70.694337,-41.497225],[-70.694378,-41.497897],[-70.694366,-41.49824],[-70.694247,-41.498552],[-70.694025,-41.498982],[-70.693687,-41.499344],[-70.688956,-41.503873],[-70.683189,-41.509446],[-70.681619,-41.51098],[-70.677025,-41.515466],[-70.676186,-41.516002],[-70.674177,-41.517311],[-70.673879,-41.517617],[-70.673689,-41.517922],[-70.673467,-41.518415],[-70.673382,-41.518727],[-70.673332,-41.520221],[-70.673401,-41.520716],[-70.675321,-41.53116],[-70.676353,-41.536676],[-70.677507,-41.543286],[-70.677761,-41.544162],[-70.679024,-41.547465],[-70.679173,-41.547965],[-70.68017,-41.55185],[-70.680246,-41.552268],[-70.680253,-41.552549],[-70.680153,-41.55283],[-70.677555,-41.557622],[-70.677447,-41.557968],[-70.677402,-41.558346],[-70.677462,-41.558971],[-70.677553,-41.559317],[-70.677754,-41.559595],[-70.678143,-41.55996],[-70.678198,-41.5601],[-70.678218,-41.560273],[-70.678161,-41.560485],[-70.678046,-41.560674],[-70.677564,-41.561136],[-70.677392,-41.561445],[-70.677362,-41.561787],[-70.677404,-41.562412],[-70.677378,-41.563416],[-70.677447,-41.563804],[-70.677592,-41.56401],[-70.677862,-41.56421],[-70.677947,-41.564372],[-70.677989,-41.564632],[-70.678247,-41.565141],[-70.678477,-41.565475],[-70.678754,-41.565761],[-70.679325,-41.565988],[-70.67986,-41.566041],[-70.680634,-41.565892],[-70.680975,-41.565892],[-70.681711,-41.566115],[-70.682071,-41.566169],[-70.682775,-41.566224],[-70.682986,-41.566246],[-70.683118,-41.566309],[-70.683593,-41.566741],[-70.683815,-41.566883],[-70.684729,-41.567304],[-70.684909,-41.567449],[-70.685016,-41.567598],[-70.684971,-41.567886],[-70.684695,-41.567991],[-70.683933,-41.568079],[-70.682847,-41.568092],[-70.68242,-41.5682],[-70.680672,-41.568824],[-70.679121,-41.569661],[-70.67822,-41.570415],[-70.677309,-41.57113],[-70.676915,-41.571623],[-70.676769,-41.572073],[-70.67677,-41.57245],[-70.677202,-41.574717],[-70.677978,-41.577317],[-70.678425,-41.579023],[-70.678673,-41.579735],[-70.678755,-41.579959],[-70.678869,-41.580203],[-70.679041,-41.580501],[-70.679376,-41.580939],[-70.679526,-41.581118],[-70.679651,-41.581241],[-70.679808,-41.581373],[-70.68001,-41.581549],[-70.680205,-41.581749],[-70.680395,-41.582018],[-70.68057,-41.582327],[-70.680732,-41.58265],[-70.680987,-41.583087],[-70.681413,-41.58349],[-70.681517,-41.583652],[-70.682489,-41.586517],[-70.682862,-41.587609],[-70.683129,-41.587974],[-70.683459,-41.588209],[-70.684334,-41.588601],[-70.684581,-41.588733],[-70.684724,-41.588895],[-70.684781,-41.589088],[-70.684772,-41.589364],[-70.684667,-41.589658],[-70.684465,-41.589877],[-70.683872,-41.590508],[-70.683218,-41.591203],[-70.68304,-41.591442],[-70.683092,-41.591614],[-70.683222,-41.591714],[-70.684557,-41.59224],[-70.685197,-41.59259],[-70.685555,-41.592874],[-70.685763,-41.59311],[-70.68631,-41.593902],[-70.688438,-41.597073],[-70.688549,-41.597274],[-70.688796,-41.598204],[-70.688926,-41.598715],[-70.689147,-41.599046],[-70.69075,-41.600596],[-70.690901,-41.600961],[-70.69097,-41.601216],[-70.690975,-41.601439],[-70.690747,-41.602884],[-70.690489,-41.603662],[-70.69015,-41.604274],[-70.689887,-41.604743],[-70.689689,-41.604987],[-70.688495,-41.606096],[-70.687387,-41.607373],[-70.687172,-41.607659],[-70.687043,-41.607946],[-70.686975,-41.608318],[-70.686883,-41.608475],[-70.686753,-41.608576],[-70.68607,-41.608916],[-70.685687,-41.609224],[-70.685357,-41.609625],[-70.684686,-41.61026],[-70.684034,-41.611065],[-70.683676,-41.611687],[-70.683573,-41.612002],[-70.683535,-41.612252],[-70.683504,-41.612974],[-70.683437,-41.613237],[-70.683372,-41.614139],[-70.683172,-41.615431],[-70.683012,-41.615716],[-70.682784,-41.615937],[-70.681135,-41.617046],[-70.680889,-41.617137],[-70.67948,-41.61757],[-70.679197,-41.617727],[-70.679,-41.617883],[-70.678778,-41.618104],[-70.678664,-41.618325],[-70.678668,-41.618771],[-70.678865,-41.619146],[-70.679068,-41.619374],[-70.680225,-41.619983],[-70.680567,-41.620095],[-70.681172,-41.620215],[-70.681342,-41.620304],[-70.68143,-41.620398],[-70.681505,-41.620632],[-70.681665,-41.620777],[-70.682631,-41.621361],[-70.682849,-41.621525],[-70.683025,-41.621738],[-70.683165,-41.622118],[-70.683355,-41.625342],[-70.683344,-41.625671],[-70.683258,-41.62597],[-70.682897,-41.626869],[-70.682686,-41.62716],[-70.68233,-41.627548],[-70.681911,-41.62792],[-70.680628,-41.628905],[-70.680058,-41.629434],[-70.679708,-41.62993],[-70.679421,-41.630439],[-70.679366,-41.63063],[-70.679418,-41.630869],[-70.679498,-41.631218],[-70.679726,-41.632143],[-70.679911,-41.632998],[-70.67996,-41.633187],[-70.680095,-41.633375],[-70.680311,-41.633532],[-70.680536,-41.633653],[-70.680784,-41.633752],[-70.681086,-41.633817],[-70.681307,-41.633904],[-70.681497,-41.634099],[-70.681594,-41.634257],[-70.681832,-41.634516],[-70.682803,-41.635311],[-70.684003,-41.636231],[-70.684495,-41.636668],[-70.68473,-41.636944],[-70.684858,-41.637188],[-70.685274,-41.638506],[-70.68543,-41.638857],[-70.685664,-41.639161],[-70.686723,-41.640338],[-70.686891,-41.640551],[-70.688076,-41.642821],[-70.688158,-41.643039],[-70.68824,-41.643338],[-70.688233,-41.643535],[-70.687884,-41.64438],[-70.687796,-41.644631],[-70.687793,-41.644817],[-70.68783,-41.645249],[-70.688397,-41.649711],[-70.688432,-41.650542],[-70.688572,-41.651066],[-70.688746,-41.651384],[-70.689889,-41.652561],[-70.69015,-41.652666],[-70.690397,-41.652708],[-70.691092,-41.652703],[-70.691396,-41.652744],[-70.691537,-41.652823],[-70.691645,-41.652905],[-70.691775,-41.653043],[-70.691862,-41.653185],[-70.692073,-41.653619],[-70.692177,-41.653833],[-70.692255,-41.653911],[-70.692359,-41.65399],[-70.692593,-41.654087],[-70.693545,-41.654436],[-70.694126,-41.654754],[-70.69431,-41.654951],[-70.694458,-41.655296],[-70.694507,-41.65576],[-70.694452,-41.656289],[-70.693897,-41.657678],[-70.693836,-41.658427],[-70.693861,-41.659006],[-70.6939,-41.659208],[-70.693988,-41.659397],[-70.69575,-41.661639],[-70.696105,-41.662148],[-70.696287,-41.662528],[-70.696366,-41.663353],[-70.696443,-41.663579],[-70.696653,-41.663849],[-70.697293,-41.66452],[-70.697456,-41.664723],[-70.697714,-41.665204],[-70.698102,-41.666139],[-70.698143,-41.666354],[-70.698153,-41.667598],[-70.698329,-41.669078],[-70.698389,-41.669271],[-70.698513,-41.669432],[-70.698839,-41.669699],[-70.699024,-41.669901],[-70.699116,-41.670103],[-70.699171,-41.67043],[-70.699152,-41.671263],[-70.699206,-41.671558],[-70.699431,-41.672094],[-70.699731,-41.672557],[-70.700107,-41.673031],[-70.700348,-41.673285],[-70.700675,-41.673506],[-70.701485,-41.674029],[-70.703274,-41.67494],[-70.705004,-41.675844],[-70.705534,-41.676327],[-70.706199,-41.677085],[-70.706359,-41.677347],[-70.706774,-41.67867],[-70.706931,-41.678859],[-70.70714,-41.678965],[-70.707276,-41.679103],[-70.707448,-41.679609],[-70.707491,-41.680096],[-70.707337,-41.680992],[-70.7073,-41.681235],[-70.707333,-41.681385],[-70.707432,-41.681497],[-70.707632,-41.68165],[-70.708638,-41.682655],[-70.708785,-41.682917],[-70.70892,-41.683385],[-70.708986,-41.683878],[-70.708813,-41.684739],[-70.708882,-41.685059],[-70.70979,-41.686877],[-70.712592,-41.69248],[-70.712715,-41.6926],[-70.712826,-41.692646],[-70.712848,-41.692649],[-70.712752,-41.692871],[-70.712554,-41.69314],[-70.712037,-41.693536],[-70.711919,-41.693618],[-70.71166,-41.693773],[-70.71099,-41.694017],[-70.710263,-41.694218],[-70.708868,-41.694409],[-70.707816,-41.694443],[-70.705822,-41.694432],[-70.704233,-41.694504],[-70.702895,-41.694511],[-70.702366,-41.694561],[-70.701455,-41.694759],[-70.699039,-41.695314],[-70.698432,-41.695513],[-70.697938,-41.695722],[-70.697433,-41.695968],[-70.697125,-41.696074],[-70.695518,-41.69649],[-70.693648,-41.697037],[-70.69198,-41.697444],[-70.690087,-41.697905],[-70.689677,-41.69805],[-70.688531,-41.698532],[-70.68737,-41.698973],[-70.686479,-41.699256],[-70.684956,-41.699613],[-70.682236,-41.700121],[-70.680639,-41.70045],[-70.680462,-41.700486],[-70.680144,-41.700497],[-70.679104,-41.700476],[-70.678182,-41.700455],[-70.677444,-41.700498],[-70.675938,-41.700614],[-70.674457,-41.700722],[-70.672875,-41.70074],[-70.670548,-41.700896],[-70.66909,-41.701022],[-70.668836,-41.70101],[-70.668299,-41.70096],[-70.667913,-41.700954],[-70.667471,-41.701043],[-70.66631,-41.701558],[-70.66578,-41.701824],[-70.663904,-41.702741],[-70.662993,-41.703142],[-70.662299,-41.70348],[-70.661746,-41.703818],[-70.660332,-41.704876],[-70.659381,-41.705729],[-70.658871,-41.706148],[-70.658305,-41.706482],[-70.65772,-41.706774],[-70.656792,-41.707339],[-70.6553,-41.70809],[-70.6542,-41.708607],[-70.653671,-41.708868],[-70.653467,-41.709005],[-70.653333,-41.709158],[-70.653254,-41.709247],[-70.653091,-41.709393],[-70.652756,-41.709609],[-70.652526,-41.709695],[-70.652241,-41.709726],[-70.651923,-41.709729],[-70.651544,-41.709827],[-70.651279,-41.709913],[-70.650867,-41.710086],[-70.649873,-41.710704],[-70.649721,-41.710829],[-70.649558,-41.71098],[-70.649348,-41.711303],[-70.649232,-41.711443],[-70.649084,-41.711565],[-70.648855,-41.711665],[-70.648596,-41.711717],[-70.648096,-41.711784],[-70.647658,-41.711904],[-70.647045,-41.712127],[-70.646839,-41.712231],[-70.645615,-41.712966],[-70.645087,-41.71325],[-70.644331,-41.713522],[-70.64274,-41.714],[-70.642514,-41.714024],[-70.641039,-41.71407],[-70.638983,-41.714145],[-70.638743,-41.714176],[-70.637398,-41.714509],[-70.637203,-41.714523],[-70.635397,-41.714543],[-70.635186,-41.714546],[-70.632792,-41.714567],[-70.632183,-41.714578],[-70.631559,-41.71457],[-70.629383,-41.714574],[-70.62723,-41.714571],[-70.626629,-41.714588],[-70.626263,-41.714633],[-70.625085,-41.714957],[-70.624232,-41.71531],[-70.623526,-41.715664],[-70.622771,-41.716226],[-70.622637,-41.716354],[-70.622117,-41.716806],[-70.620875,-41.717774],[-70.62047,-41.718105],[-70.62019,-41.718271],[-70.619603,-41.718479],[-70.619265,-41.718654],[-70.619029,-41.718901],[-70.618987,-41.718975],[-70.618939,-41.719136],[-70.618816,-41.719501],[-70.618754,-41.719757],[-70.618897,-41.720534],[-70.618948,-41.72092],[-70.618978,-41.72117],[-70.618955,-41.72177],[-70.618936,-41.721892],[-70.618898,-41.722376],[-70.618832,-41.722979],[-70.618487,-41.723922],[-70.618153,-41.724688],[-70.617738,-41.7253],[-70.617595,-41.725451],[-70.617444,-41.725635],[-70.617437,-41.725735],[-70.617357,-41.725778],[-70.617278,-41.725732],[-70.617206,-41.72561],[-70.617039,-41.725511],[-70.616168,-41.725255],[-70.616051,-41.725213],[-70.615514,-41.725163],[-70.615048,-41.725212],[-70.614712,-41.725262],[-70.613761,-41.7255],[-70.613618,-41.725547],[-70.612776,-41.72589],[-70.612663,-41.725931],[-70.612411,-41.726028],[-70.61203,-41.7261],[-70.611832,-41.726099],[-70.611624,-41.726072],[-70.611135,-41.725978],[-70.610693,-41.725941],[-70.610062,-41.725985],[-70.609792,-41.726053],[-70.609116,-41.726238],[-70.608979,-41.726261],[-70.608486,-41.726312],[-70.607985,-41.726319],[-70.60757,-41.726247],[-70.607052,-41.726106],[-70.606691,-41.725982],[-70.606444,-41.725927],[-70.606177,-41.725913],[-70.605889,-41.725947],[-70.604378,-41.72643],[-70.603483,-41.726832],[-70.602255,-41.727458],[-70.601976,-41.72762],[-70.601106,-41.728354],[-70.601012,-41.728399],[-70.600564,-41.728548],[-70.599684,-41.728962],[-70.598525,-41.729537],[-70.597498,-41.730157],[-70.59718,-41.73036],[-70.596223,-41.731337],[-70.595965,-41.731692],[-70.595747,-41.731926],[-70.595502,-41.732164],[-70.594719,-41.732926],[-70.593394,-41.734387],[-70.593073,-41.734791],[-70.592712,-41.735165],[-70.59223,-41.735642],[-70.592009,-41.735873],[-70.59105,-41.736971],[-70.590925,-41.737091],[-70.590652,-41.737273],[-70.590251,-41.737488],[-70.587255,-41.738783],[-70.586854,-41.738965],[-70.584439,-41.74006],[-70.581493,-41.741363],[-70.58004,-41.74203],[-70.577514,-41.743193],[-70.575586,-41.744038],[-70.574736,-41.744375],[-70.574118,-41.744641],[-70.572914,-41.745303],[-70.572715,-41.74542],[-70.571778,-41.745996],[-70.570913,-41.746699],[-70.570557,-41.747064],[-70.5703,-41.747305],[-70.569885,-41.747663],[-70.56929,-41.748109],[-70.568836,-41.748408],[-70.568159,-41.748743],[-70.566877,-41.749454],[-70.566448,-41.749746],[-70.566116,-41.750038],[-70.565762,-41.750526],[-70.565643,-41.750777],[-70.565417,-41.751126],[-70.565231,-41.751345],[-70.564642,-41.751781],[-70.564525,-41.751851],[-70.564163,-41.75207],[-70.56367,-41.75238],[-70.563169,-41.752708],[-70.562782,-41.752971],[-70.562223,-41.753305],[-70.561813,-41.753553],[-70.56137,-41.753941],[-70.561051,-41.754256],[-70.560956,-41.754363],[-70.560682,-41.754698],[-70.56027,-41.755139],[-70.559793,-41.755537],[-70.559034,-41.756212],[-70.558419,-41.757104],[-70.557871,-41.758036],[-70.557186,-41.758897],[-70.557076,-41.759074],[-70.556968,-41.759329],[-70.556922,-41.759407],[-70.55636,-41.760021],[-70.556303,-41.760093],[-70.556156,-41.760312],[-70.555905,-41.760584],[-70.554117,-41.759739],[-70.553684,-41.759529],[-70.551882,-41.758914],[-70.550494,-41.758444],[-70.54977,-41.758254],[-70.548461,-41.758064],[-70.547728,-41.757987],[-70.542319,-41.75781],[-70.54173,-41.757804],[-70.541107,-41.757748],[-70.53319,-41.756578],[-70.531862,-41.756388],[-70.531376,-41.756402],[-70.531005,-41.756501],[-70.530294,-41.756792],[-70.529922,-41.756898],[-70.529614,-41.756906],[-70.529275,-41.756856],[-70.52895,-41.756869],[-70.528739,-41.75691],[-70.528191,-41.757146],[-70.526748,-41.75776],[-70.526006,-41.758023],[-70.525669,-41.758069],[-70.525398,-41.758018],[-70.523831,-41.757768],[-70.523289,-41.757663],[-70.522402,-41.757399],[-70.522002,-41.757317],[-70.518873,-41.756894],[-70.518099,-41.756752],[-70.516382,-41.756332],[-70.515767,-41.756262],[-70.514389,-41.756205],[-70.511642,-41.756219],[-70.50966,-41.756375],[-70.509059,-41.756385],[-70.508541,-41.756298],[-70.50558,-41.755562],[-70.505154,-41.755492],[-70.504803,-41.755475],[-70.504549,-41.755519],[-70.503978,-41.755704],[-70.502822,-41.756228],[-70.502353,-41.756381],[-70.501867,-41.7564],[-70.499171,-41.756427],[-70.498833,-41.756489],[-70.498559,-41.756601],[-70.497703,-41.757137],[-70.497234,-41.757304],[-70.496912,-41.757326],[-70.496042,-41.757239],[-70.495746,-41.757273],[-70.495206,-41.757489],[-70.494896,-41.757646],[-70.494896,-41.757646],[-70.494725,-41.757652],[-70.494598,-41.757591],[-70.494513,-41.757482],[-70.494269,-41.756911],[-70.494067,-41.756817],[-70.493852,-41.756799],[-70.493346,-41.756884],[-70.4931,-41.756873],[-70.49251,-41.756766],[-70.492228,-41.756743],[-70.491919,-41.756745],[-70.491363,-41.756767],[-70.491145,-41.756728],[-70.490966,-41.756617],[-70.490282,-41.756193],[-70.490052,-41.756013],[-70.489908,-41.755833],[-70.489784,-41.755043],[-70.489702,-41.754841],[-70.488454,-41.753346],[-70.487176,-41.751922],[-70.486949,-41.751697],[-70.485132,-41.750167],[-70.484768,-41.749826],[-70.481266,-41.74606],[-70.478341,-41.743269],[-70.478116,-41.743071],[-70.476642,-41.742074],[-70.47371,-41.740318],[-70.473356,-41.74012],[-70.472855,-41.739945],[-70.472005,-41.739816],[-70.471388,-41.73978],[-70.470681,-41.739708],[-70.469636,-41.739667],[-70.468395,-41.739649],[-70.467987,-41.739651],[-70.465769,-41.739917],[-70.464475,-41.740083],[-70.463809,-41.740249],[-70.46326,-41.740469],[-70.46217,-41.740865],[-70.46058,-41.741453],[-70.460321,-41.741607],[-70.460137,-41.741761],[-70.459899,-41.742054],[-70.458834,-41.743715],[-70.457744,-41.745756],[-70.455421,-41.749582],[-70.454792,-41.750585],[-70.45235,-41.753067],[-70.449904,-41.75595],[-70.449697,-41.756196],[-70.449087,-41.756935],[-70.448856,-41.757083],[-70.448572,-41.757183],[-70.444908,-41.757979],[-70.444568,-41.758121],[-70.444277,-41.758291],[-70.44385,-41.758633],[-70.441182,-41.761438],[-70.440991,-41.761653],[-70.439612,-41.763391],[-70.439308,-41.763867],[-70.439127,-41.764306],[-70.438716,-41.765415],[-70.438647,-41.76585],[-70.438646,-41.766399],[-70.438609,-41.766779],[-70.438526,-41.767125],[-70.438348,-41.767352],[-70.438183,-41.767554],[-70.437649,-41.768128],[-70.437491,-41.768333],[-70.437431,-41.768558],[-70.437421,-41.768987],[-70.437448,-41.769263],[-70.437991,-41.770958],[-70.438048,-41.771492],[-70.437939,-41.771881],[-70.437738,-41.772183],[-70.437519,-41.772471],[-70.436014,-41.773808],[-70.434569,-41.775268],[-70.434227,-41.775553],[-70.433885,-41.775727],[-70.43298,-41.775961],[-70.432484,-41.776068],[-70.43225,-41.776217],[-70.431678,-41.776572],[-70.430833,-41.777004],[-70.430278,-41.777402],[-70.429552,-41.777884],[-70.428896,-41.778315],[-70.428481,-41.778505],[-70.427654,-41.778752],[-70.427321,-41.778963],[-70.426931,-41.779299],[-70.426355,-41.77964],[-70.425573,-41.779938],[-70.420799,-41.781882],[-70.420245,-41.78202],[-70.419579,-41.782131],[-70.417939,-41.782371],[-70.416796,-41.782681],[-70.415205,-41.7832],[-70.414577,-41.783447],[-70.414118,-41.783694],[-70.412308,-41.785187],[-70.409623,-41.787663],[-70.408276,-41.788506],[-70.40637,-41.789373],[-70.405802,-41.789538],[-70.405224,-41.789608],[-70.40483,-41.789533],[-70.404256,-41.789324],[-70.403599,-41.789121],[-70.403336,-41.789039],[-70.402584,-41.788852],[-70.398439,-41.788063],[-70.393743,-41.786726],[-70.392387,-41.786563],[-70.391947,-41.786573],[-70.391556,-41.786647],[-70.390192,-41.787372],[-70.389613,-41.787526],[-70.388815,-41.787565],[-70.388111,-41.78745],[-70.38714,-41.787104],[-70.386397,-41.786824],[-70.385994,-41.786768],[-70.385628,-41.786837],[-70.3845,-41.78719],[-70.38394,-41.787274],[-70.383415,-41.78725],[-70.381492,-41.786747],[-70.381027,-41.786728],[-70.379758,-41.786779],[-70.378947,-41.786746],[-70.378339,-41.786689],[-70.377694,-41.786548],[-70.377041,-41.786316],[-70.375603,-41.785526],[-70.375426,-41.785309],[-70.375234,-41.78518],[-70.374723,-41.785044],[-70.374051,-41.784891],[-70.373678,-41.784751],[-70.367104,-41.782452],[-70.365422,-41.78192],[-70.363478,-41.781388],[-70.359961,-41.780562],[-70.35573,-41.779343],[-70.354625,-41.779086],[-70.3538,-41.778926],[-70.353725,-41.778916],[-70.353705,-41.779198],[-70.353661,-41.780118],[-70.353661,-41.780761],[-70.353675,-41.781107],[-70.353735,-41.781436],[-70.354149,-41.783052],[-70.354191,-41.783251],[-70.354245,-41.783758],[-70.354276,-41.784031],[-70.354493,-41.78506],[-70.354729,-41.785966],[-70.35479,-41.786157],[-70.356291,-41.790046],[-70.356706,-41.791229],[-70.356819,-41.791553],[-70.35687,-41.791764],[-70.357226,-41.793732],[-70.357361,-41.794445],[-70.357374,-41.794596],[-70.35745,-41.794788],[-70.35803,-41.795963],[-70.358172,-41.796173],[-70.358371,-41.796384],[-70.359753,-41.797746],[-70.360363,-41.798444],[-70.361288,-41.799552],[-70.361715,-41.79994],[-70.36228,-41.800571],[-70.362412,-41.800822],[-70.362488,-41.801048],[-70.364791,-41.808004],[-70.367436,-41.816178],[-70.367971,-41.817995],[-70.368055,-41.818528],[-70.368105,-41.819003],[-70.368099,-41.819687],[-70.368071,-41.81995],[-70.366366,-41.827807],[-70.366281,-41.828164],[-70.366173,-41.828471],[-70.363067,-41.836543],[-70.361388,-41.840684],[-70.360422,-41.843529],[-70.359635,-41.845754],[-70.35855,-41.848422],[-70.357701,-41.850204],[-70.357563,-41.850496],[-70.356945,-41.851577],[-70.354359,-41.855772],[-70.352115,-41.859214],[-70.351015,-41.860719],[-70.350859,-41.860982],[-70.350748,-41.861262],[-70.349971,-41.863315],[-70.349921,-41.863514],[-70.349894,-41.863764],[-70.349934,-41.864091],[-70.350331,-41.865145],[-70.350451,-41.865545],[-70.350481,-41.865811],[-70.350567,-41.866927],[-70.350556,-41.867332],[-70.350535,-41.86767],[-70.349751,-41.872703],[-70.349436,-41.874143],[-70.34934,-41.874479],[-70.348439,-41.876885],[-70.346689,-41.880932],[-70.345566,-41.883306],[-70.345468,-41.883585],[-70.345365,-41.884158],[-70.345302,-41.884748],[-70.345283,-41.885033],[-70.345277,-41.885872],[-70.345175,-41.887099],[-70.345036,-41.891986],[-70.344934,-41.894549],[-70.3448,-41.897413],[-70.344768,-41.900163],[-70.344725,-41.901058],[-70.344773,-41.903278],[-70.344773,-41.903757],[-70.344752,-41.904056],[-70.344687,-41.904364],[-70.344263,-41.905645],[-70.344167,-41.905945],[-70.343883,-41.907094],[-70.343674,-41.908472],[-70.343599,-41.909474],[-70.343255,-41.911969],[-70.343144,-41.912655],[-70.342998,-41.913483],[-70.342853,-41.914109],[-70.34207,-41.91741],[-70.342013,-41.917771],[-70.342001,-41.918231],[-70.342021,-41.918563],[-70.342278,-41.920539],[-70.342454,-41.922989],[-70.342508,-41.923877],[-70.342574,-41.92485],[-70.342611,-41.925229],[-70.342569,-41.925953],[-70.342445,-41.926937],[-70.342349,-41.927995],[-70.34237,-41.928352],[-70.342509,-41.928989],[-70.342724,-41.930042],[-70.343055,-41.931296],[-70.343429,-41.932299],[-70.343674,-41.933043],[-70.343792,-41.933634],[-70.343829,-41.933917],[-70.344087,-41.937014],[-70.344092,-41.937222],[-70.344087,-41.937397],[-70.344001,-41.938163],[-70.343797,-41.939452],[-70.343728,-41.939759],[-70.343606,-41.940158],[-70.343374,-41.940802],[-70.343346,-41.940905],[-70.343314,-41.941228],[-70.3433,-41.941366],[-70.343323,-41.941979],[-70.343357,-41.942154],[-70.344001,-41.945697],[-70.344338,-41.947735],[-70.344502,-41.948563],[-70.34462,-41.949276],[-70.344976,-41.951485],[-70.345074,-41.95235],[-70.345621,-41.956043],[-70.345744,-41.956564],[-70.347423,-41.963306],[-70.348013,-41.96554],[-70.348872,-41.968204],[-70.349033,-41.968731],[-70.349099,-41.969069],[-70.349129,-41.969353],[-70.349365,-41.972328],[-70.34943,-41.973469],[-70.349419,-41.975],[-70.349451,-41.975543],[-70.349515,-41.975901],[-70.349623,-41.976181],[-70.349876,-41.976582],[-70.350241,-41.977066],[-70.351051,-41.978076],[-70.351474,-41.978549],[-70.351923,-41.978995],[-70.353968,-41.98083],[-70.35424,-41.981053],[-70.356717,-41.98301],[-70.357772,-41.983806],[-70.359736,-41.985493],[-70.359895,-41.98565],[-70.360582,-41.986445],[-70.361097,-41.986963],[-70.361343,-41.987159],[-70.361675,-41.987355],[-70.365112,-41.989252],[-70.367239,-41.990428],[-70.369562,-41.991648],[-70.37078,-41.992247],[-70.37268,-41.99325],[-70.373165,-41.993558],[-70.373698,-41.993977],[-70.374304,-41.994491],[-70.374482,-41.994717],[-70.374636,-41.994944],[-70.375114,-41.996118],[-70.375216,-41.996413],[-70.375269,-41.996644],[-70.375358,-41.997472],[-70.375399,-41.997668],[-70.375477,-41.997883],[-70.376437,-42.000042],[-70.376643,-42.000423],[-70.376788,-42.000567],[-70.376981,-42.000666],[-70.377276,-42.000666],[-70.377436,-42.000628],[-70.377596,-42.000516],[-70.378212,-41.999905],[-70.378371,-41.999805],[-70.378552,-41.999722],[-70.37887,-41.999658],[-70.379883,-41.999493],[-70.380143,-41.999465],[-70.380414,-41.999474],[-70.381506,-41.999683],[-70.381832,-41.999773],[-70.382319,-41.999973],[-70.382643,-42.000127],[-70.382893,-42.000263],[-70.38307,-42.000387],[-70.383483,-42.000802],[-70.383647,-42.000883],[-70.383998,-42.001001],[-70.3844,-42.001061],[-70.385043,-42.001094],[-70.385912,-42.001117],[-70.389729,-42.00152],[-70.393697,-42.00187],[-70.394389,-42.001903],[-70.395016,-42.00191],[-70.394641,-42.002046],[-70.394472,-42.002145],[-70.394353,-42.002249],[-70.393157,-42.003481],[-70.392999,-42.003606],[-70.392754,-42.003704],[-70.392396,-42.003736],[-70.390695,-42.003786],[-70.389791,-42.0038],[-70.389255,-42.003849],[-70.388893,-42.003943],[-70.388611,-42.004055],[-70.388198,-42.004294],[-70.384829,-42.006361],[-70.384319,-42.006599],[-70.382773,-42.007087],[-70.382517,-42.007236],[-70.382097,-42.007597],[-70.381849,-42.007838],[-70.380672,-42.009261],[-70.380373,-42.009684],[-70.380124,-42.010106],[-70.379113,-42.01214],[-70.378546,-42.013405],[-70.378464,-42.01351],[-70.378299,-42.013615],[-70.378122,-42.013672],[-70.37584,-42.013979],[-70.373447,-42.014309],[-70.373097,-42.014335],[-70.372603,-42.014323],[-70.371832,-42.014194],[-70.370449,-42.013927],[-70.369884,-42.013832],[-70.369332,-42.013792],[-70.368623,-42.013757],[-70.367904,-42.013829],[-70.367257,-42.013979],[-70.365828,-42.014504],[-70.364503,-42.014972],[-70.364129,-42.015151],[-70.363874,-42.015316],[-70.363686,-42.015562],[-70.363562,-42.015882],[-70.363353,-42.016237],[-70.36312,-42.01652],[-70.362812,-42.016719],[-70.362464,-42.016898],[-70.361997,-42.017043],[-70.361515,-42.017115],[-70.360898,-42.017161],[-70.360137,-42.017153],[-70.35959,-42.017095],[-70.358946,-42.017009],[-70.35828,-42.01689],[-70.355845,-42.016236],[-70.355373,-42.016165],[-70.355019,-42.016188],[-70.354686,-42.016292],[-70.35371,-42.016738],[-70.353184,-42.016906],[-70.352809,-42.01697],[-70.352401,-42.01697],[-70.349944,-42.017017],[-70.347658,-42.017036],[-70.346629,-42.017105],[-70.345502,-42.017265],[-70.344976,-42.017368],[-70.344523,-42.017471],[-70.343893,-42.017679],[-70.342434,-42.018229],[-70.34193,-42.018452],[-70.341554,-42.018651],[-70.34105,-42.019018],[-70.340374,-42.019544],[-70.340074,-42.019887],[-70.339501,-42.020687],[-70.33929,-42.020931],[-70.338647,-42.021361],[-70.338348,-42.021571],[-70.337049,-42.022806],[-70.336261,-42.023656],[-70.335149,-42.024502],[-70.334838,-42.024717],[-70.334538,-42.024836],[-70.334241,-42.024904],[-70.331716,-42.025259],[-70.331128,-42.025362],[-70.33068,-42.025502],[-70.330343,-42.025641],[-70.327017,-42.027124],[-70.325976,-42.027546],[-70.325417,-42.027752],[-70.324871,-42.027913],[-70.320257,-42.029044],[-70.319771,-42.029166],[-70.319314,-42.029338],[-70.318943,-42.0295],[-70.317676,-42.030194],[-70.317204,-42.030495],[-70.316953,-42.030678],[-70.316631,-42.030973],[-70.316245,-42.031459],[-70.316095,-42.031603],[-70.31588,-42.031666],[-70.315408,-42.031698],[-70.315175,-42.03172],[-70.314979,-42.03177],[-70.313659,-42.032248],[-70.310838,-42.033133],[-70.310522,-42.033264],[-70.31028,-42.033396],[-70.30926,-42.034073],[-70.308756,-42.034408],[-70.308491,-42.034532],[-70.308177,-42.034647],[-70.307222,-42.034918],[-70.306675,-42.035045],[-70.306062,-42.035149],[-70.305055,-42.035388],[-70.304432,-42.03546],[-70.303829,-42.035453],[-70.30234,-42.035284],[-70.301858,-42.035276],[-70.301469,-42.035302],[-70.301117,-42.035356],[-70.299048,-42.035743],[-70.298296,-42.035922],[-70.29556,-42.036727],[-70.294972,-42.036919],[-70.294519,-42.037093],[-70.292073,-42.038217],[-70.290612,-42.038835],[-70.250756,-42.054256],[-70.250269,-42.054475],[-70.249856,-42.054695],[-70.249485,-42.054933],[-70.249178,-42.055152],[-70.248624,-42.055628],[-70.241271,-42.062072],[-70.240962,-42.062312],[-70.240613,-42.062546],[-70.238456,-42.063799],[-70.232947,-42.067011],[-70.232594,-42.0672],[-70.232208,-42.067377],[-70.231394,-42.067697],[-70.215521,-42.073277],[-70.215143,-42.073433],[-70.214855,-42.073588],[-70.213956,-42.074146],[-70.213623,-42.074329],[-70.213471,-42.074372],[-70.213302,-42.074403],[-70.212772,-42.07443],[-70.212489,-42.074467],[-70.212292,-42.074512],[-70.212181,-42.074518],[-70.212095,-42.074494],[-70.211993,-42.074428],[-70.211965,-42.07435],[-70.211985,-42.073998],[-70.211955,-42.073935],[-70.211836,-42.073872],[-70.211626,-42.073854],[-70.211466,-42.073881],[-70.211232,-42.074037],[-70.21101,-42.074256],[-70.210714,-42.074567],[-70.210554,-42.07475],[-70.21049,-42.074863],[-70.210419,-42.075043],[-70.21032,-42.075171],[-70.210147,-42.075272],[-70.210057,-42.075367],[-70.209894,-42.075631],[-70.209808,-42.075714],[-70.209702,-42.075767],[-70.209525,-42.075847],[-70.209391,-42.07593],[-70.209297,-42.076013],[-70.209157,-42.076122],[-70.20898,-42.076174],[-70.208781,-42.076193],[-70.206832,-42.076388],[-70.193732,-42.077879],[-70.193158,-42.077976],[-70.192722,-42.078128],[-70.192392,-42.07828],[-70.189923,-42.079854],[-70.189586,-42.08011],[-70.189258,-42.080449],[-70.188152,-42.081904],[-70.187927,-42.082068],[-70.187625,-42.082184],[-70.178832,-42.083229],[-70.17861,-42.083285],[-70.17837,-42.083389],[-70.177777,-42.083771],[-70.177506,-42.08393],[-70.17549,-42.084792],[-70.175221,-42.084839],[-70.174845,-42.084804],[-70.173606,-42.084382],[-70.173212,-42.084318],[-70.17276,-42.08434],[-70.163069,-42.086193],[-70.162547,-42.08633],[-70.162132,-42.086468],[-70.157572,-42.08826],[-70.156858,-42.088516],[-70.156538,-42.088589],[-70.156069,-42.088663],[-70.138203,-42.090053],[-70.137709,-42.090164],[-70.137226,-42.090355],[-70.106796,-42.108321],[-70.106206,-42.108611],[-70.076858,-42.121567],[-70.076525,-42.121723],[-70.076257,-42.12188],[-70.075884,-42.12217],[-70.072187,-42.125543],[-70.071923,-42.125815],[-70.071684,-42.126093],[-70.071509,-42.126356],[-70.069229,-42.130661],[-70.069007,-42.130922],[-70.068687,-42.131182],[-70.052247,-42.141986],[-70.042092,-42.148659],[-70.041729,-42.148959],[-70.041443,-42.149283],[-70.040546,-42.150707],[-70.019878,-42.183503],[-70.019717,-42.183766],[-70.019598,-42.184029],[-70.019519,-42.184333],[-70.019505,-42.184652],[-70.019474,-42.187287],[-70.019588,-42.196573],[-70.019755,-42.202828],[-70.019897,-42.207549],[-70.019997,-42.213368],[-70.019914,-42.232362],[-70.019918,-42.232985],[-70.019965,-42.233576],[-70.022288,-42.249202],[-70.022395,-42.249684],[-70.022601,-42.250166],[-70.024732,-42.255046],[-70.024845,-42.255529],[-70.024896,-42.25601],[-70.024191,-42.263188],[-70.024176,-42.263508],[-70.024247,-42.263797],[-70.024397,-42.264308],[-70.024994,-42.265829],[-70.02505,-42.266133],[-70.02505,-42.266437],[-70.024901,-42.266727],[-70.023818,-42.267958],[-70.02366,-42.268221],[-70.023609,-42.26842],[-70.022759,-42.275946],[-70.022692,-42.276277],[-70.022541,-42.276731],[-70.021287,-42.279147],[-70.021134,-42.279475],[-70.021066,-42.279802],[-70.020996,-42.283288],[-70.021028,-42.283733],[-70.02111,-42.28413],[-70.021744,-42.285393],[-70.021955,-42.285706],[-70.022199,-42.285971],[-70.023142,-42.286945],[-70.023565,-42.287354],[-70.023711,-42.287553],[-70.023793,-42.287751],[-70.024695,-42.290508],[-70.024784,-42.29082],[-70.02485,-42.291099],[-70.025288,-42.293955],[-70.025555,-42.295992],[-70.026092,-42.299201],[-70.026541,-42.302125],[-70.026671,-42.302619],[-70.026846,-42.302988],[-70.029007,-42.306867],[-70.029078,-42.307261],[-70.029013,-42.308043],[-70.029049,-42.308328],[-70.029354,-42.308921],[-70.029533,-42.309152],[-70.029711,-42.309225],[-70.02994,-42.309257],[-70.030216,-42.309245],[-70.031208,-42.309191],[-70.031777,-42.309206],[-70.032389,-42.309295],[-70.034952,-42.309933],[-70.035416,-42.310026],[-70.035827,-42.310083],[-70.036093,-42.310151],[-70.036245,-42.310282],[-70.036343,-42.310406],[-70.036461,-42.310676],[-70.036671,-42.310926],[-70.037268,-42.31153],[-70.037469,-42.311867],[-70.037512,-42.312196],[-70.037469,-42.312576],[-70.037189,-42.313382],[-70.036964,-42.314249],[-70.036845,-42.314511],[-70.036482,-42.315162],[-70.036005,-42.315895],[-70.035862,-42.31606],[-70.035664,-42.316208],[-70.035071,-42.316488],[-70.034832,-42.316539],[-70.034407,-42.316533],[-70.032878,-42.316455],[-70.030339,-42.316723],[-70.029384,-42.316974],[-70.02885,-42.31717],[-70.028445,-42.317423],[-70.027256,-42.318625],[-70.02698,-42.318793],[-70.026622,-42.318913],[-70.026208,-42.318928],[-70.023606,-42.318776],[-70.023158,-42.318829],[-70.022726,-42.319024],[-70.017613,-42.323266],[-70.017223,-42.323591],[-70.016768,-42.323855],[-70.013755,-42.325239],[-70.010187,-42.327103],[-70.009726,-42.327294],[-70.008311,-42.32763],[-70.007384,-42.327955],[-70.00674,-42.328254],[-70.005856,-42.328857],[-70.005482,-42.329049],[-70.004913,-42.329193],[-70.000929,-42.329626],[-69.999945,-42.329776],[-69.999058,-42.329951],[-69.994863,-42.331117],[-69.994147,-42.331405],[-69.993529,-42.331718],[-69.985625,-42.336369],[-69.977674,-42.341695],[-69.977186,-42.34214],[-69.976861,-42.342512],[-69.976617,-42.342861],[-69.975706,-42.344436],[-69.975462,-42.34476],[-69.975105,-42.345061],[-69.974308,-42.34565],[-69.973804,-42.34607],[-69.973283,-42.346563],[-69.971688,-42.34832],[-69.971429,-42.34875],[-69.970556,-42.350496],[-69.968982,-42.35448],[-69.968606,-42.354924],[-69.967172,-42.356125],[-69.966876,-42.35643],[-69.966617,-42.356768],[-69.965625,-42.358454],[-69.965252,-42.358892],[-69.964949,-42.359172],[-69.958832,-42.36341],[-69.958583,-42.363664],[-69.958463,-42.363871],[-69.958323,-42.364908],[-69.958104,-42.365347],[-69.956404,-42.366956],[-69.955802,-42.367268],[-69.955168,-42.36746],[-69.952143,-42.367905],[-69.951362,-42.367989],[-69.950565,-42.367977],[-69.94655,-42.367395],[-69.946061,-42.36722],[-69.945679,-42.367018],[-69.944734,-42.366099],[-69.944467,-42.365946],[-69.944047,-42.365788],[-69.941014,-42.364997],[-69.940218,-42.36461],[-69.939082,-42.363776],[-69.938743,-42.363615],[-69.93838,-42.363484],[-69.937963,-42.363459],[-69.937465,-42.363494],[-69.936808,-42.363676],[-69.936011,-42.364121],[-69.933799,-42.36585],[-69.933442,-42.366187],[-69.9331,-42.366535],[-69.929771,-42.371017],[-69.92958,-42.371197],[-69.929393,-42.371276],[-69.929138,-42.371307],[-69.922433,-42.371307],[-69.879539,-42.371308],[-69.864154,-42.371308],[-69.817747,-42.371308],[-69.812929,-42.371518],[-69.812554,-42.371475],[-69.812255,-42.37144],[-69.809434,-42.370199],[-69.803548,-42.367611],[-69.803173,-42.367532],[-69.802663,-42.367469],[-69.774267,-42.3672],[-69.773424,-42.367161],[-69.766335,-42.367397],[-69.765465,-42.367394],[-69.764566,-42.367316],[-69.756163,-42.36632],[-69.7553,-42.366178],[-69.754487,-42.36596],[-69.751902,-42.365007],[-69.751178,-42.364715],[-69.750583,-42.364422],[-69.742346,-42.359344],[-69.741977,-42.359165],[-69.741478,-42.35905],[-69.730372,-42.357783],[-69.729607,-42.357668],[-69.728971,-42.357521],[-69.689435,-42.344995],[-69.688743,-42.344782],[-69.688071,-42.344624],[-69.670918,-42.341213],[-69.66419,-42.339895],[-69.663671,-42.339827],[-69.651666,-42.339119],[-69.65091,-42.339042],[-69.646589,-42.338249],[-69.646135,-42.338204],[-69.621367,-42.338341],[-69.620758,-42.338411],[-69.620372,-42.338562],[-69.620007,-42.338776],[-69.619749,-42.33903],[-69.619567,-42.339389],[-69.619942,-42.340532],[-69.619997,-42.340699],[-69.620139,-42.340978],[-69.620451,-42.341265],[-69.630184,-42.347105],[-69.630835,-42.347622],[-69.631122,-42.347938],[-69.631424,-42.348331],[-69.631757,-42.349025],[-69.63499,-42.356985],[-69.635021,-42.357245],[-69.634972,-42.357534],[-69.634776,-42.35778],[-69.632416,-42.359405],[-69.631787,-42.359999],[-69.631408,-42.360538],[-69.6312,-42.361209],[-69.630992,-42.363428],[-69.630459,-42.366203],[-69.630421,-42.366757],[-69.63055,-42.36958],[-69.630622,-42.36979],[-69.63075,-42.370008],[-69.634609,-42.373503],[-69.635089,-42.37425],[-69.635364,-42.375026],[-69.635414,-42.375837],[-69.63526,-42.376462],[-69.634423,-42.378396],[-69.634285,-42.378914],[-69.633783,-42.38248],[-69.633815,-42.38285],[-69.633942,-42.383209],[-69.634108,-42.38356],[-69.634432,-42.383999],[-69.635074,-42.38466],[-69.636538,-42.385689],[-69.638885,-42.387855],[-69.639334,-42.388443],[-69.639678,-42.389055],[-69.643773,-42.39796],[-69.64395,-42.398145],[-69.644085,-42.398307],[-69.645374,-42.39903],[-69.645911,-42.399423],[-69.647708,-42.401012],[-69.651306,-42.404454],[-69.652373,-42.405474],[-69.652716,-42.405689],[-69.653124,-42.405901],[-69.656841,-42.40684],[-69.657581,-42.407115],[-69.65898,-42.407876],[-69.659598,-42.408156],[-69.66022,-42.408444],[-69.660723,-42.408735],[-69.661345,-42.40925],[-69.662125,-42.410006],[-69.662406,-42.410206],[-69.662679,-42.410401],[-69.663635,-42.410884],[-69.664321,-42.411145],[-69.664525,-42.411252],[-69.664799,-42.411501],[-69.66512,-42.411957],[-69.665358,-42.412173],[-69.666024,-42.41266],[-69.666324,-42.41282],[-69.666496,-42.412957],[-69.666645,-42.413201],[-69.667101,-42.413654],[-69.667359,-42.413796],[-69.668502,-42.414516],[-69.66905,-42.414927],[-69.669436,-42.415329],[-69.669863,-42.416045],[-69.6704,-42.416945],[-69.671119,-42.417877],[-69.671426,-42.418078],[-69.672265,-42.418476],[-69.673341,-42.419373],[-69.673616,-42.419716],[-69.674253,-42.420309],[-69.675327,-42.421327],[-69.675613,-42.421655],[-69.676259,-42.423046],[-69.676609,-42.42359],[-69.676944,-42.424061],[-69.677016,-42.42448],[-69.676983,-42.424989],[-69.67695,-42.425884],[-69.677192,-42.427132],[-69.677529,-42.430026],[-69.677563,-42.430335],[-69.677684,-42.43061],[-69.679288,-42.433455],[-69.679437,-42.433703],[-69.679658,-42.433917],[-69.680605,-42.434507],[-69.68301,-42.436051],[-69.683477,-42.436207],[-69.685109,-42.436262],[-69.68565,-42.436406],[-69.686322,-42.436672],[-69.686455,-42.4368],[-69.686883,-42.437743],[-69.686921,-42.438097],[-69.686889,-42.439607],[-69.686895,-42.440457],[-69.686838,-42.441035],[-69.686867,-42.44129],[-69.687304,-42.442859],[-69.687481,-42.443223],[-69.688399,-42.444178],[-69.688649,-42.444784],[-69.6888,-42.445788],[-69.68878,-42.446256],[-69.688605,-42.447467],[-69.688651,-42.447864],[-69.688826,-42.44817],[-69.689018,-42.448324],[-69.68923,-42.448589],[-69.6893,-42.448799],[-69.689296,-42.450565],[-69.689392,-42.450981],[-69.689572,-42.451384],[-69.692287,-42.455869],[-69.692576,-42.456088],[-69.693059,-42.456355],[-69.693475,-42.456488],[-69.694378,-42.456691],[-69.694788,-42.456827],[-69.696448,-42.457585],[-69.69703,-42.457751],[-69.697884,-42.457868],[-69.69949,-42.458004],[-69.700043,-42.458092],[-69.701617,-42.458528],[-69.702239,-42.45859],[-69.702672,-42.458627],[-69.703128,-42.458735],[-69.704692,-42.459396],[-69.705002,-42.459516],[-69.705364,-42.45953],[-69.706482,-42.459279],[-69.706949,-42.459232],[-69.709906,-42.459817],[-69.710995,-42.460094],[-69.712548,-42.460576],[-69.7131,-42.46069],[-69.713953,-42.460746],[-69.714585,-42.460838],[-69.717698,-42.461694],[-69.719338,-42.462001],[-69.71971,-42.462093],[-69.720111,-42.462327],[-69.726006,-42.467149],[-69.729068,-42.469417],[-69.729801,-42.469805],[-69.732782,-42.471091],[-69.733322,-42.47138],[-69.739279,-42.476293],[-69.739501,-42.476582],[-69.739513,-42.476956],[-69.73899,-42.483541],[-69.739023,-42.484466],[-69.739088,-42.485091],[-69.739713,-42.489103],[-69.739827,-42.490268],[-69.740113,-42.491253],[-69.74016,-42.491732],[-69.740063,-42.492173],[-69.739931,-42.492357],[-69.739903,-42.492396],[-69.739481,-42.492722],[-69.737748,-42.494809],[-69.737587,-42.495086],[-69.737397,-42.495614],[-69.737152,-42.496115],[-69.736774,-42.499112],[-69.736657,-42.499642],[-69.735784,-42.502404],[-69.735582,-42.503343],[-69.735501,-42.504381],[-69.735503,-42.50477],[-69.735207,-42.507006],[-69.735177,-42.507496],[-69.735188,-42.507964],[-69.735532,-42.512943],[-69.735443,-42.513648],[-69.735003,-42.514977],[-69.734783,-42.515483],[-69.732016,-42.519627],[-69.731479,-42.520539],[-69.729022,-42.526013],[-69.728991,-42.526314],[-69.72897,-42.526892],[-69.729009,-42.527148],[-69.729201,-42.527469],[-69.729679,-42.527816],[-69.731011,-42.529156],[-69.732072,-42.530673],[-69.733021,-42.531577],[-69.736456,-42.53712],[-69.736688,-42.537443],[-69.737044,-42.537793],[-69.740685,-42.540506],[-69.747717,-42.544517],[-69.748368,-42.54498],[-69.748779,-42.54549],[-69.748998,-42.546168],[-69.749244,-42.547659],[-69.749314,-42.548307],[-69.749385,-42.54855],[-69.749617,-42.549035],[-69.75299,-42.552633],[-69.753115,-42.552882],[-69.753094,-42.553179],[-69.751761,-42.557486],[-69.751674,-42.557962],[-69.751997,-42.560762],[-69.751953,-42.561127],[-69.749959,-42.563676],[-69.748833,-42.565262],[-69.748146,-42.565914],[-69.747225,-42.567065],[-69.746958,-42.567285],[-69.74664,-42.567502],[-69.745135,-42.568171],[-69.744434,-42.568543],[-69.744074,-42.568797],[-69.743786,-42.569173],[-69.742743,-42.572765],[-69.742542,-42.573108],[-69.742155,-42.573421],[-69.741296,-42.573891],[-69.740735,-42.574163],[-69.74024,-42.57448],[-69.738504,-42.575485],[-69.73815,-42.575752],[-69.737913,-42.576108],[-69.737614,-42.577003],[-69.737269,-42.577955],[-69.735644,-42.58587],[-69.734405,-42.589698],[-69.734126,-42.590542],[-69.734002,-42.591506],[-69.733779,-42.592015],[-69.733178,-42.593016],[-69.732978,-42.593415],[-69.732874,-42.593783],[-69.732785,-42.594568],[-69.732402,-42.596078],[-69.732148,-42.59649],[-69.731582,-42.596971],[-69.731309,-42.597275],[-69.728802,-42.60206],[-69.728242,-42.603073],[-69.727375,-42.604285],[-69.727099,-42.604004],[-69.726938,-42.603893],[-69.720962,-42.601232],[-69.720554,-42.601074],[-69.719009,-42.600395],[-69.718794,-42.600249],[-69.718558,-42.60004],[-69.717174,-42.598381],[-69.716874,-42.597907],[-69.716686,-42.597666],[-69.716627,-42.597236],[-69.716541,-42.597031],[-69.716155,-42.596651],[-69.713097,-42.594432],[-69.712303,-42.593982],[-69.711831,-42.593777],[-69.711274,-42.593579],[-69.711016,-42.593461],[-69.710801,-42.59316],[-69.71063,-42.5926],[-69.710533,-42.592402],[-69.710362,-42.592197],[-69.709889,-42.591841],[-69.709589,-42.591557],[-69.709342,-42.59136],[-69.708881,-42.591194],[-69.708312,-42.590775],[-69.708033,-42.59057],[-69.707712,-42.590206],[-69.707443,-42.589701],[-69.707121,-42.588966],[-69.706596,-42.587971],[-69.706349,-42.58756],[-69.705737,-42.586968],[-69.705405,-42.586723],[-69.705169,-42.586506],[-69.704675,-42.586194],[-69.704225,-42.585988],[-69.703345,-42.585775],[-69.703077,-42.585657],[-69.702776,-42.585341],[-69.699032,-42.581209],[-69.694504,-42.576303],[-69.692294,-42.574083],[-69.691511,-42.573167],[-69.691168,-42.572716],[-69.690981,-42.572527],[-69.688121,-42.570646],[-69.687477,-42.570196],[-69.685267,-42.569232],[-69.684752,-42.569026],[-69.68443,-42.568837],[-69.678787,-42.564151],[-69.678078,-42.563566],[-69.676931,-42.562768],[-69.676206,-42.562397],[-69.675289,-42.562025],[-69.674742,-42.561883],[-69.67412,-42.56178],[-69.670032,-42.561757],[-69.66941,-42.561709],[-69.66471,-42.560753],[-69.655387,-42.558801],[-69.650248,-42.557616],[-69.644411,-42.556367],[-69.643886,-42.55628],[-69.643542,-42.55626],[-69.642899,-42.556335],[-69.642555,-42.556367],[-69.642362,-42.556407],[-69.642019,-42.556478],[-69.641568,-42.556667],[-69.641257,-42.556754],[-69.640388,-42.556833],[-69.639734,-42.556873],[-69.639111,-42.556841],[-69.6385,-42.556833],[-69.637931,-42.556897],[-69.6363,-42.557229],[-69.635946,-42.557268],[-69.635635,-42.557276],[-69.635453,-42.557315],[-69.635249,-42.55745],[-69.634959,-42.557782],[-69.634222,-42.559352],[-69.633798,-42.560151],[-69.633602,-42.560419],[-69.63327,-42.560617],[-69.629702,-42.56231],[-69.628297,-42.563084],[-69.627932,-42.563313],[-69.627621,-42.563574],[-69.627192,-42.564064],[-69.626999,-42.564206],[-69.62629,-42.564696],[-69.625861,-42.565004],[-69.625175,-42.565352],[-69.624724,-42.565676],[-69.62246,-42.568055],[-69.622353,-42.568165],[-69.622256,-42.568371],[-69.622213,-42.568608],[-69.622213,-42.568853],[-69.622085,-42.569066],[-69.617836,-42.573348],[-69.61304,-42.578097],[-69.611302,-42.579961],[-69.611066,-42.580198],[-69.610755,-42.580696],[-69.610476,-42.580893],[-69.601968,-42.584612],[-69.59508,-42.587971],[-69.59474,-42.588052],[-69.594426,-42.588074],[-69.590681,-42.587955],[-69.578772,-42.587379],[-69.565436,-42.586778],[-69.552004,-42.586123],[-69.543399,-42.585649],[-69.539141,-42.585422],[-69.514592,-42.584116],[-69.504089,-42.5835],[-69.491568,-42.582852],[-69.490065,-42.58276],[-69.489948,-42.582355],[-69.48806,-42.571768],[-69.487824,-42.571262],[-69.487567,-42.570883],[-69.483704,-42.565162],[-69.481494,-42.56118],[-69.478468,-42.555537],[-69.478366,-42.555366],[-69.478621,-42.555381],[-69.478868,-42.555547],[-69.479104,-42.555784],[-69.479233,-42.555934],[-69.479372,-42.55599],[-69.479587,-42.555998],[-69.480091,-42.555879],[-69.480574,-42.555681],[-69.480874,-42.555397],[-69.481164,-42.555231],[-69.481604,-42.555049],[-69.482634,-42.554615],[-69.482816,-42.554504],[-69.482945,-42.554338],[-69.483428,-42.55252],[-69.4836,-42.552038],[-69.484297,-42.550465],[-69.484898,-42.54894],[-69.48581,-42.545683],[-69.485896,-42.545454],[-69.485874,-42.545114],[-69.484426,-42.540656],[-69.484351,-42.540458],[-69.4842,-42.540269],[-69.483803,-42.539976],[-69.483718,-42.53985],[-69.483718,-42.539699],[-69.4842,-42.538079],[-69.484383,-42.53728],[-69.48493,-42.534996],[-69.484984,-42.534474],[-69.48493,-42.534102],[-69.483986,-42.531802],[-69.483814,-42.531493],[-69.483524,-42.531209],[-69.482205,-42.530331],[-69.477484,-42.527026],[-69.47315,-42.523935],[-69.46859,-42.520756],[-69.458848,-42.513923],[-69.458258,-42.513575],[-69.457979,-42.51337],[-69.457668,-42.513259],[-69.45755,-42.513164],[-69.457614,-42.51299],[-69.458591,-42.510689],[-69.46006,-42.507011],[-69.460136,-42.506703],[-69.460128,-42.506545],[-69.464762,-42.505358],[-69.468121,-42.50448],[-69.474483,-42.502859],[-69.477079,-42.502163],[-69.480974,-42.501103],[-69.48195,-42.500857],[-69.482744,-42.500683],[-69.483001,-42.500612],[-69.483323,-42.500486],[-69.483736,-42.500114],[-69.484563,-42.500274],[-69.487481,-42.500749],[-69.489412,-42.500923],[-69.490528,-42.500955],[-69.493854,-42.500085],[-69.494991,-42.499752],[-69.497266,-42.49942],[-69.499304,-42.499214],[-69.499506,-42.49915],[-69.502158,-42.498313],[-69.506149,-42.497142],[-69.508853,-42.496193],[-69.51205,-42.494864],[-69.513874,-42.494215],[-69.516535,-42.493408],[-69.5172,-42.493107],[-69.51941,-42.492047],[-69.52029,-42.491557],[-69.522565,-42.490592],[-69.524496,-42.489785],[-69.525976,-42.489231],[-69.526921,-42.488851],[-69.527929,-42.488566],[-69.529345,-42.488661],[-69.530182,-42.488883],[-69.530761,-42.489231],[-69.531233,-42.489199],[-69.532049,-42.488994],[-69.532864,-42.488614],[-69.53368,-42.488551],[-69.534302,-42.488535],[-69.53574,-42.488487],[-69.538435,-42.488254],[-69.53911,-42.488431],[-69.539828,-42.488519],[-69.540361,-42.488487],[-69.541612,-42.48823],[-69.542733,-42.487797],[-69.543886,-42.487171],[-69.542733,-42.487797],[-69.541612,-42.48823],[-69.540361,-42.488487],[-69.539828,-42.488519],[-69.53911,-42.488431],[-69.538435,-42.488254],[-69.53574,-42.488487],[-69.534302,-42.488535],[-69.53368,-42.488551],[-69.532864,-42.488614],[-69.532049,-42.488994],[-69.531233,-42.489199],[-69.530761,-42.489231],[-69.530182,-42.488883],[-69.529345,-42.488661],[-69.527929,-42.488566],[-69.526921,-42.488851],[-69.525976,-42.489231],[-69.524496,-42.489785],[-69.522565,-42.490592],[-69.52029,-42.491557],[-69.51941,-42.492047],[-69.5172,-42.493107],[-69.516535,-42.493408],[-69.513874,-42.494215],[-69.51205,-42.494864],[-69.508853,-42.496193],[-69.506149,-42.497142],[-69.502158,-42.498313],[-69.499304,-42.499214],[-69.497266,-42.49942],[-69.494991,-42.499752],[-69.493854,-42.500085],[-69.490528,-42.500955],[-69.489412,-42.500923],[-69.487481,-42.500749],[-69.484563,-42.500274],[-69.483736,-42.500114],[-69.483323,-42.500486],[-69.483001,-42.500612],[-69.482744,-42.500683],[-69.48195,-42.500857],[-69.480974,-42.501103],[-69.477079,-42.502163],[-69.474483,-42.502859],[-69.468121,-42.50448],[-69.464762,-42.505358],[-69.460128,-42.506545],[-69.459575,-42.506671],[-69.457333,-42.507146],[-69.453953,-42.507802],[-69.453395,-42.507929],[-69.452816,-42.508142],[-69.45229,-42.508387],[-69.447054,-42.5108],[-69.446818,-42.510926],[-69.446572,-42.511116],[-69.446432,-42.511298],[-69.446282,-42.51159],[-69.446132,-42.511938],[-69.445896,-42.512192],[-69.445413,-42.512468],[-69.442141,-42.513884],[-69.436218,-42.516525],[-69.43198,-42.518328],[-69.431626,-42.518463],[-69.430157,-42.518732],[-69.426434,-42.519522],[-69.423183,-42.520289],[-69.417625,-42.521555],[-69.416949,-42.521697],[-69.415415,-42.521989],[-69.409589,-42.523065],[-69.408699,-42.523231],[-69.407218,-42.523405],[-69.403227,-42.52383],[-69.402626,-42.523664],[-69.401714,-42.52349],[-69.401553,-42.523437],[-69.401148,-42.523264],[-69.399247,-42.523],[-69.398034,-42.522899],[-69.397101,-42.522794],[-69.396693,-42.522794],[-69.393797,-42.522921],[-69.392466,-42.522921],[-69.391329,-42.522921],[-69.390115,-42.522828],[-69.386952,-42.522588],[-69.385492,-42.522668],[-69.384763,-42.522588],[-69.383604,-42.52232],[-69.38251,-42.52213],[-69.381845,-42.521972],[-69.379398,-42.52107],[-69.378562,-42.520928],[-69.377682,-42.520833],[-69.37648,-42.520722],[-69.375772,-42.520596],[-69.375279,-42.520469],[-69.375021,-42.520359],[-69.373755,-42.520042],[-69.372274,-42.519852],[-69.371802,-42.519884],[-69.371159,-42.519995],[-69.37073,-42.520042],[-69.364228,-42.5199],[-69.363026,-42.519805],[-69.358434,-42.519568],[-69.357018,-42.519457],[-69.35601,-42.519505],[-69.355366,-42.519615],[-69.354958,-42.519805],[-69.354379,-42.519947],[-69.353714,-42.519868],[-69.35337,-42.519742],[-69.351825,-42.51941],[-69.341526,-42.516832],[-69.341139,-42.516768],[-69.340496,-42.516768],[-69.335303,-42.517021],[-69.334294,-42.517053],[-69.333136,-42.517037],[-69.331891,-42.517006],[-69.330883,-42.517006],[-69.330067,-42.517069],[-69.32893,-42.517164],[-69.327964,-42.51718],[-69.327557,-42.517132],[-69.326784,-42.516974],[-69.326183,-42.516942],[-69.325347,-42.516911],[-69.324338,-42.516958],[-69.32363,-42.517053],[-69.320583,-42.517876],[-69.318416,-42.518477],[-69.316463,-42.519078],[-69.314768,-42.51941],[-69.313223,-42.519726],[-69.311013,-42.520121],[-69.310176,-42.520264],[-69.309489,-42.520279],[-69.305477,-42.52039],[-69.304704,-42.520374],[-69.304018,-42.520264],[-69.30346,-42.520264],[-69.302215,-42.520279],[-69.301722,-42.520374],[-69.300949,-42.520627],[-69.299769,-42.520833],[-69.296786,-42.521434],[-69.296271,-42.52157],[-69.295864,-42.521766],[-69.289147,-42.525372],[-69.289088,-42.525388],[-69.288672,-42.525498],[-69.288375,-42.525577],[-69.28756,-42.525751],[-69.280092,-42.526415],[-69.276273,-42.526668],[-69.275286,-42.526858],[-69.263699,-42.530068],[-69.251961,-42.533009],[-69.250194,-42.533583],[-69.249622,-42.533768],[-69.248013,-42.534227],[-69.244344,-42.535381],[-69.243614,-42.535555],[-69.242606,-42.535618],[-69.237113,-42.535745],[-69.228422,-42.535539],[-69.22177,-42.535365],[-69.217844,-42.535397],[-69.215655,-42.53546],[-69.214024,-42.535602],[-69.212415,-42.535745],[-69.211449,-42.535745],[-69.2097,-42.535731],[-69.20881,-42.535746],[-69.206822,-42.535878],[-69.206067,-42.535969],[-69.205484,-42.536061],[-69.200828,-42.536931],[-69.200528,-42.537009],[-69.200183,-42.537135],[-69.199764,-42.537425],[-69.199344,-42.540328],[-69.199038,-42.542516],[-69.198801,-42.544786],[-69.198706,-42.546669],[-69.198582,-42.547801],[-69.198113,-42.550702],[-69.197886,-42.551813],[-69.197789,-42.552115],[-69.197692,-42.552382],[-69.197349,-42.552982],[-69.190288,-42.564526],[-69.189817,-42.565216],[-69.1895,-42.565581],[-69.187457,-42.567523],[-69.186919,-42.567897],[-69.186436,-42.568092],[-69.185805,-42.56825],[-69.15555,-42.575013],[-69.154898,-42.57517],[-69.154369,-42.575345],[-69.153852,-42.575557],[-69.140872,-42.582107],[-69.140133,-42.582513],[-69.139542,-42.582882],[-69.137997,-42.583861],[-69.131174,-42.588474],[-69.130208,-42.588996],[-69.128592,-42.589702],[-69.127857,-42.590074],[-69.127255,-42.590342],[-69.126714,-42.590501],[-69.126032,-42.590598],[-69.109291,-42.590534],[-69.107079,-42.590533],[-69.106646,-42.59052],[-69.106517,-42.590558],[-69.106391,-42.59061],[-69.106321,-42.590639],[-69.106209,-42.590712],[-69.105899,-42.590948],[-69.105537,-42.59127],[-69.105496,-42.591307],[-69.089977,-42.604936],[-69.089136,-42.605692],[-69.088464,-42.606517],[-69.072088,-42.628317],[-69.071317,-42.629342],[-69.061424,-42.642509],[-69.061295,-42.64268],[-69.060986,-42.643092],[-69.060504,-42.643703],[-69.059809,-42.64404],[-69.058557,-42.64459],[-69.057903,-42.64492],[-69.057436,-42.645277],[-69.05484,-42.647791],[-69.054186,-42.648396],[-69.05357,-42.648932],[-69.053009,-42.649371],[-69.046527,-42.653534],[-69.046042,-42.653946],[-69.045726,-42.654414],[-69.042474,-42.665032],[-69.042268,-42.665541],[-69.041913,-42.666008],[-69.041409,-42.666406],[-69.037,-42.668961],[-69.035693,-42.669881],[-69.034591,-42.670856],[-69.032016,-42.673622],[-69.028092,-42.677845],[-69.027526,-42.678345],[-69.01617,-42.685006],[-68.991258,-42.699616],[-68.990942,-42.699801],[-68.989977,-42.700378],[-68.989673,-42.700575],[-68.98803,-42.701341],[-68.981476,-42.704333],[-68.981398,-42.704369],[-68.969696,-42.709425],[-68.969116,-42.709577],[-68.968445,-42.709603],[-68.958856,-42.709383],[-68.957954,-42.709449],[-68.957179,-42.709636],[-68.956414,-42.71008],[-68.955379,-42.710589],[-68.954727,-42.710863],[-68.95181,-42.711873],[-68.947714,-42.713291],[-68.94717,-42.713561],[-68.946011,-42.714522],[-68.9459,-42.714615],[-68.944816,-42.715475],[-68.9443,-42.715787],[-68.935105,-42.719893],[-68.932621,-42.721002],[-68.932551,-42.721034],[-68.92385,-42.725006],[-68.923324,-42.725335],[-68.922661,-42.725957],[-68.922282,-42.726572],[-68.92212,-42.727213],[-68.92147,-42.728946],[-68.921241,-42.729311],[-68.920932,-42.729692],[-68.918962,-42.731396],[-68.918243,-42.731853],[-68.916518,-42.732602],[-68.915614,-42.732773],[-68.91457,-42.732776],[-68.914389,-42.732747],[-68.913359,-42.732576],[-68.911435,-42.732485],[-68.910819,-42.732502],[-68.909392,-42.732693],[-68.902321,-42.733994],[-68.901832,-42.734044],[-68.901132,-42.734057],[-68.900468,-42.734127],[-68.899764,-42.73431],[-68.899281,-42.734542],[-68.898827,-42.734731],[-68.898488,-42.734799],[-68.896117,-42.734858],[-68.895628,-42.734934],[-68.893484,-42.735742],[-68.892444,-42.736352],[-68.892091,-42.736614],[-68.89146,-42.737297],[-68.890853,-42.737777],[-68.8904,-42.737937],[-68.88718,-42.738479],[-68.886704,-42.738605],[-68.883817,-42.73947],[-68.883105,-42.739765],[-68.881557,-42.74067],[-68.880971,-42.74112],[-68.880361,-42.74174],[-68.879972,-42.742333],[-68.879073,-42.743732],[-68.877796,-42.745625],[-68.877417,-42.746256],[-68.875789,-42.749785],[-68.873943,-42.753786],[-68.873626,-42.754271],[-68.872704,-42.755389],[-68.87234,-42.755811],[-68.871722,-42.756378],[-68.871287,-42.756709],[-68.86769,-42.75897],[-68.867579,-42.75904],[-68.866005,-42.76006],[-68.865494,-42.760449],[-68.865075,-42.760828],[-68.864813,-42.761193],[-68.864731,-42.761457],[-68.864637,-42.761815],[-68.864509,-42.761987],[-68.864137,-42.762107],[-68.863562,-42.762124],[-68.863118,-42.76203],[-68.862795,-42.761896],[-68.862366,-42.761718],[-68.861874,-42.761585],[-68.860944,-42.761408],[-68.85959,-42.761215],[-68.857708,-42.761145],[-68.856705,-42.760977],[-68.85556,-42.760745],[-68.854531,-42.760242],[-68.853852,-42.759806],[-68.852921,-42.759036],[-68.852353,-42.758269],[-68.851911,-42.757478],[-68.851455,-42.757099],[-68.850889,-42.756942],[-68.850218,-42.756908],[-68.849496,-42.757038],[-68.848515,-42.757213],[-68.8482,-42.757324],[-68.846881,-42.758051],[-68.846322,-42.758253],[-68.845878,-42.758292],[-68.845359,-42.758289],[-68.844737,-42.758202],[-68.844134,-42.758175],[-68.843718,-42.758247],[-68.843295,-42.758474],[-68.842895,-42.758712],[-68.842633,-42.758925],[-68.842447,-42.759077],[-68.841916,-42.759346],[-68.841256,-42.759656],[-68.840981,-42.759786],[-68.836633,-42.761833],[-68.836318,-42.761981],[-68.833071,-42.763956],[-68.832083,-42.764661],[-68.831412,-42.765271],[-68.830808,-42.765694],[-68.830036,-42.766087],[-68.828341,-42.767406],[-68.827828,-42.767621],[-68.826552,-42.767966],[-68.826103,-42.768133],[-68.823325,-42.769572],[-68.820139,-42.771071],[-68.817634,-42.772126],[-68.816707,-42.772516],[-68.814191,-42.773834],[-68.813747,-42.774144],[-68.812943,-42.775232],[-68.811519,-42.776887],[-68.81129,-42.777085],[-68.81096,-42.777306],[-68.794641,-42.784967],[-68.793078,-42.785817],[-68.792759,-42.786051],[-68.79261,-42.786161],[-68.792345,-42.786426],[-68.79229,-42.786501],[-68.789526,-42.791924],[-68.789246,-42.792314],[-68.783405,-42.798272],[-68.78288,-42.798709],[-68.778104,-42.801668],[-68.776418,-42.802847],[-68.775822,-42.803408],[-68.77521,-42.804053],[-68.775036,-42.804536],[-68.77458,-42.805126],[-68.773897,-42.805802],[-68.773054,-42.806779],[-68.77282,-42.807117],[-68.77248,-42.807335],[-68.771646,-42.807662],[-68.771384,-42.807796],[-68.771256,-42.807978],[-68.770816,-42.80861],[-68.77059,-42.808737],[-68.770505,-42.808878],[-68.770451,-42.80923],[-68.770086,-42.809782],[-68.769137,-42.811061],[-68.768742,-42.811417],[-68.767548,-42.812386],[-68.766819,-42.813121],[-68.766504,-42.81354],[-68.765603,-42.815355],[-68.765288,-42.815829],[-68.764926,-42.816196],[-68.764833,-42.816369],[-68.764742,-42.81683],[-68.764427,-42.817419],[-68.76411,-42.817792],[-68.763788,-42.818144],[-68.763133,-42.819183],[-68.762634,-42.820135],[-68.761858,-42.821615],[-68.761499,-42.822231],[-68.761099,-42.822801],[-68.759741,-42.824727],[-68.759433,-42.825232],[-68.759015,-42.825656],[-68.756534,-42.82762],[-68.736127,-42.843004],[-68.735874,-42.843174],[-68.735386,-42.843344],[-68.729001,-42.844569],[-68.728398,-42.844763],[-68.721984,-42.848077],[-68.721262,-42.848515],[-68.721177,-42.848583],[-68.720722,-42.848943],[-68.719373,-42.85001],[-68.716136,-42.852816],[-68.715654,-42.853276],[-68.695987,-42.875513],[-68.694702,-42.877063],[-68.684289,-42.889619],[-68.682457,-42.891811],[-68.682187,-42.892272],[-68.681362,-42.893865],[-68.681019,-42.894243],[-68.677461,-42.897138],[-68.674804,-42.899743],[-68.669066,-42.90587],[-68.654703,-42.922256],[-68.653927,-42.922923],[-68.653298,-42.923559],[-68.646586,-42.931178],[-68.646185,-42.93157],[-68.645666,-42.93199],[-68.6438,-42.933379],[-68.641481,-42.935142],[-68.640498,-42.936064],[-68.639906,-42.93673],[-68.63885,-42.938137],[-68.638157,-42.939013],[-68.635224,-42.942556],[-68.634586,-42.943203],[-68.625414,-42.951664],[-68.62525,-42.951762],[-68.625005,-42.95191],[-68.624481,-42.952021],[-68.621748,-42.95198],[-68.608821,-42.951786],[-68.608181,-42.951862],[-68.607776,-42.951996],[-68.581118,-42.961886],[-68.58061,-42.9621],[-68.580137,-42.962349],[-68.579759,-42.962717],[-68.579569,-42.96317],[-68.579352,-42.972096],[-68.579284,-42.972431],[-68.579131,-42.972765],[-68.578757,-42.973328],[-68.578294,-42.973742],[-68.577836,-42.97407],[-68.577074,-42.974696],[-68.576751,-42.975114],[-68.576668,-42.975496],[-68.575931,-42.986069],[-68.575862,-42.986287],[-68.573493,-42.993846],[-68.572942,-42.995925],[-68.570188,-43.006907],[-68.569157,-43.010584],[-68.569021,-43.010945],[-68.565705,-43.016167],[-68.565106,-43.017332],[-68.565097,-43.017577],[-68.565219,-43.017914],[-68.565284,-43.018137],[-68.565215,-43.018295],[-68.565001,-43.018452],[-68.564053,-43.018946],[-68.563694,-43.019201],[-68.562496,-43.020191],[-68.556431,-43.026411],[-68.555991,-43.026958],[-68.554853,-43.028658],[-68.553979,-43.030488],[-68.553364,-43.031761],[-68.553265,-43.032166],[-68.553097,-43.033093],[-68.552973,-43.033649],[-68.552679,-43.03463],[-68.551197,-43.038819],[-68.551097,-43.03931],[-68.550539,-43.042691],[-68.550498,-43.042943],[-68.550425,-43.043476],[-68.549094,-43.053238],[-68.548129,-43.060224],[-68.546025,-43.075452],[-68.545803,-43.075891],[-68.543968,-43.077807],[-68.54379,-43.078151],[-68.54349,-43.079777],[-68.543192,-43.080628],[-68.542651,-43.081524],[-68.542206,-43.082291],[-68.540583,-43.085062],[-68.540479,-43.085313],[-68.540445,-43.08559],[-68.540472,-43.085841],[-68.540554,-43.086058],[-68.540873,-43.086697],[-68.541604,-43.087767],[-68.541729,-43.087887],[-68.541855,-43.087972],[-68.542852,-43.088446],[-68.543068,-43.088524],[-68.543313,-43.088588],[-68.54393,-43.088658],[-68.54419,-43.088709],[-68.544457,-43.088777],[-68.544973,-43.08895],[-68.545329,-43.089074],[-68.54607,-43.089332],[-68.546795,-43.089717],[-68.547018,-43.08978],[-68.547209,-43.089815],[-68.547246,-43.08982],[-68.547509,-43.08985],[-68.547809,-43.089853],[-68.548237,-43.089834],[-68.549404,-43.08975],[-68.549958,-43.089749],[-68.550399,-43.089779],[-68.550802,-43.089832],[-68.55122,-43.089933],[-68.5516,-43.090048],[-68.552966,-43.090519],[-68.553379,-43.090678],[-68.553769,-43.090891],[-68.554019,-43.091065],[-68.554239,-43.09125],[-68.554843,-43.091787],[-68.555189,-43.09215],[-68.55548,-43.092513],[-68.555974,-43.093271],[-68.556184,-43.09365],[-68.556364,-43.094029],[-68.556914,-43.09548],[-68.557055,-43.095681],[-68.557196,-43.095842],[-68.557437,-43.096025],[-68.557658,-43.096134],[-68.55803,-43.096279],[-68.558702,-43.096432],[-68.559832,-43.096626],[-68.571873,-43.098112],[-68.573143,-43.098262],[-68.573977,-43.098323],[-68.575647,-43.098289],[-68.576525,-43.098221],[-68.577346,-43.09803],[-68.580985,-43.09657],[-68.583567,-43.095515],[-68.583911,-43.095461],[-68.584245,-43.095528],[-68.584678,-43.095676],[-68.585104,-43.095902],[-68.585285,-43.095999],[-68.586952,-43.096456],[-68.587486,-43.096745],[-68.587901,-43.097075],[-68.58838,-43.097317],[-68.588932,-43.097472],[-68.594316,-43.097477],[-68.594854,-43.097488],[-68.595179,-43.097601],[-68.595802,-43.097834],[-68.596622,-43.09807],[-68.59688,-43.098157],[-68.597266,-43.098453],[-68.597828,-43.098709],[-68.598344,-43.098776],[-68.598979,-43.098809],[-68.599311,-43.098904],[-68.599513,-43.099065],[-68.599826,-43.099448],[-68.600407,-43.099858],[-68.601171,-43.100222],[-68.60339,-43.100793],[-68.603872,-43.100909],[-68.604274,-43.101062],[-68.60852,-43.103059],[-68.608622,-43.103101],[-68.613509,-43.105091],[-68.613806,-43.105352],[-68.614303,-43.106051],[-68.615187,-43.107537],[-68.616277,-43.10911],[-68.616651,-43.109466],[-68.617185,-43.109776],[-68.619534,-43.111013],[-68.621652,-43.11225],[-68.625234,-43.114811],[-68.628352,-43.116804],[-68.631275,-43.119355],[-68.634084,-43.121493],[-68.634913,-43.121923],[-68.635447,-43.12234],[-68.636478,-43.123563],[-68.63693,-43.124188],[-68.637123,-43.124692],[-68.637225,-43.124978],[-68.637381,-43.125133],[-68.637462,-43.125206],[-68.637556,-43.125263],[-68.63782,-43.125319],[-68.638032,-43.125319],[-68.638366,-43.125183],[-68.638615,-43.125109],[-68.638883,-43.125187],[-68.641198,-43.126574],[-68.642565,-43.127394],[-68.642944,-43.127757],[-68.643081,-43.128012],[-68.643449,-43.128772],[-68.64379,-43.129303],[-68.644167,-43.129669],[-68.64461,-43.129948],[-68.645199,-43.130183],[-68.646,-43.130324],[-68.646765,-43.130533],[-68.649574,-43.131665],[-68.650798,-43.132656],[-68.651911,-43.133759],[-68.652486,-43.134329],[-68.65267,-43.134587],[-68.652766,-43.134819],[-68.652879,-43.135546],[-68.653294,-43.137777],[-68.653248,-43.138195],[-68.653149,-43.138384],[-68.651848,-43.140868],[-68.650654,-43.143291],[-68.650467,-43.143784],[-68.650356,-43.144382],[-68.650328,-43.146494],[-68.650207,-43.1469],[-68.650025,-43.14711],[-68.649131,-43.14754],[-68.648749,-43.147737],[-68.64845,-43.147903],[-68.644536,-43.151659],[-68.643693,-43.152584],[-68.635668,-43.158458],[-68.634922,-43.158874],[-68.633403,-43.159448],[-68.633063,-43.159613],[-68.632657,-43.159915],[-68.631837,-43.1606],[-68.630677,-43.161306],[-68.629644,-43.161751],[-68.629111,-43.161877],[-68.628485,-43.161897],[-68.627932,-43.161937],[-68.627499,-43.162085],[-68.62703,-43.162387],[-68.626634,-43.16277],[-68.626091,-43.163334],[-68.625833,-43.163489],[-68.624645,-43.163791],[-68.623319,-43.164241],[-68.622361,-43.164691],[-68.621431,-43.165356],[-68.620715,-43.165967],[-68.620095,-43.166794],[-68.619939,-43.167096],[-68.619922,-43.167182],[-68.619855,-43.167513],[-68.619718,-43.169944],[-68.619543,-43.170387],[-68.619543,-43.170579],[-68.619566,-43.170771],[-68.62191,-43.17625],[-68.6233,-43.179614],[-68.623379,-43.180022],[-68.623419,-43.182085],[-68.62342,-43.182159],[-68.62338,-43.183587],[-68.623287,-43.184518],[-68.623245,-43.184926],[-68.622394,-43.190802],[-68.622268,-43.191669],[-68.622223,-43.192359],[-68.622269,-43.19301],[-68.622361,-43.195293],[-68.622287,-43.196051],[-68.621988,-43.196848],[-68.619911,-43.201657],[-68.618905,-43.203539],[-68.618364,-43.204409],[-68.616513,-43.206557],[-68.614478,-43.208873],[-68.614387,-43.209009],[-68.614348,-43.209069],[-68.614305,-43.209306],[-68.614339,-43.209545],[-68.616532,-43.215108],[-68.616863,-43.21586],[-68.616959,-43.216268],[-68.617001,-43.21645],[-68.617158,-43.216665],[-68.617256,-43.216707],[-68.617618,-43.21686],[-68.618208,-43.217054],[-68.618696,-43.217242],[-68.618898,-43.217457],[-68.620049,-43.219349],[-68.62018,-43.219459],[-68.620436,-43.219672],[-68.620732,-43.21984],[-68.620966,-43.219959],[-68.624939,-43.220631],[-68.625805,-43.220812],[-68.62715,-43.2209],[-68.627749,-43.221009],[-68.629277,-43.221571],[-68.631321,-43.222483],[-68.632951,-43.223329],[-68.634894,-43.224114],[-68.635087,-43.224214],[-68.635356,-43.22441],[-68.635659,-43.22445],[-68.636745,-43.224248],[-68.637574,-43.224134],[-68.637791,-43.224152],[-68.638035,-43.224235],[-68.638202,-43.224379],[-68.638683,-43.224792],[-68.638811,-43.225039],[-68.638891,-43.225483],[-68.63902,-43.225926],[-68.63915,-43.226009],[-68.639324,-43.226073],[-68.639794,-43.22612],[-68.640475,-43.226154],[-68.640899,-43.226288],[-68.64153,-43.226636],[-68.642443,-43.227258],[-68.645936,-43.229636],[-68.646201,-43.229869],[-68.646295,-43.229952],[-68.646482,-43.230258],[-68.647064,-43.231362],[-68.647233,-43.231561],[-68.649816,-43.234678],[-68.653689,-43.239381],[-68.654062,-43.239938],[-68.654223,-43.240149],[-68.654453,-43.240344],[-68.655466,-43.241072],[-68.655913,-43.241528],[-68.659917,-43.246287],[-68.662921,-43.249822],[-68.663033,-43.250029],[-68.663019,-43.250266],[-68.662912,-43.251103],[-68.662935,-43.251432],[-68.662981,-43.251569],[-68.663588,-43.253354],[-68.664067,-43.254665],[-68.665209,-43.256831],[-68.665633,-43.257643],[-68.665817,-43.258186],[-68.666056,-43.258655],[-68.666941,-43.259702],[-68.667074,-43.259926],[-68.667096,-43.260251],[-68.66689,-43.265353],[-68.666922,-43.265895],[-68.667014,-43.266431],[-68.666997,-43.266834],[-68.667046,-43.267125],[-68.667429,-43.267816],[-68.667493,-43.26798],[-68.667493,-43.268171],[-68.667373,-43.268604],[-68.667277,-43.268979],[-68.667341,-43.269318],[-68.667585,-43.269663],[-68.667804,-43.269947],[-68.668129,-43.270256],[-68.66963,-43.271246],[-68.6712,-43.272332],[-68.671237,-43.272358],[-68.672834,-43.273438],[-68.674605,-43.274286],[-68.677531,-43.275423],[-68.678209,-43.275606],[-68.678917,-43.275785],[-68.681514,-43.276248],[-68.681861,-43.276348],[-68.682112,-43.276476],[-68.682866,-43.276884],[-68.68319,-43.277059],[-68.683765,-43.277327],[-68.684935,-43.277605],[-68.689968,-43.279035],[-68.693513,-43.280063],[-68.694149,-43.280399],[-68.694512,-43.280535],[-68.694974,-43.280614],[-68.695339,-43.280677],[-68.695774,-43.280813],[-68.697365,-43.281458],[-68.700065,-43.282748],[-68.702575,-43.284206],[-68.70311,-43.284603],[-68.703366,-43.284882],[-68.703597,-43.285235],[-68.703777,-43.285607],[-68.703878,-43.285929],[-68.703869,-43.286277],[-68.703459,-43.287232],[-68.703436,-43.287489],[-68.703493,-43.287654],[-68.703606,-43.287856],[-68.704475,-43.288616],[-68.705797,-43.289773],[-68.706531,-43.290415],[-68.70671,-43.290765],[-68.707156,-43.292142],[-68.707502,-43.293366],[-68.707627,-43.293589],[-68.70779,-43.293799],[-68.709403,-43.294998],[-68.710154,-43.295725],[-68.711081,-43.296853],[-68.712806,-43.299013],[-68.713006,-43.299318],[-68.713133,-43.299599],[-68.713238,-43.300064],[-68.713358,-43.300598],[-68.713975,-43.302183],[-68.716216,-43.307758],[-68.716397,-43.308077],[-68.716807,-43.308331],[-68.72172,-43.310321],[-68.722425,-43.310512],[-68.723198,-43.310751],[-68.723488,-43.310928],[-68.723719,-43.311223],[-68.724754,-43.312617],[-68.725786,-43.314007],[-68.728191,-43.317333],[-68.728627,-43.317906],[-68.729152,-43.318389],[-68.732375,-43.320935],[-68.736783,-43.324423],[-68.737085,-43.324606],[-68.737905,-43.324918],[-68.738433,-43.325161],[-68.738582,-43.325333],[-68.738992,-43.326063],[-68.740438,-43.328003],[-68.742587,-43.330855],[-68.742629,-43.330918],[-68.742819,-43.331206],[-68.745544,-43.335327],[-68.746336,-43.336526],[-68.747214,-43.337677],[-68.747547,-43.338251],[-68.748901,-43.341654],[-68.749868,-43.344085],[-68.750352,-43.345304],[-68.75055,-43.345674],[-68.750805,-43.345983],[-68.754624,-43.349422],[-68.757867,-43.352279],[-68.758897,-43.353186],[-68.759104,-43.353443],[-68.759178,-43.353627],[-68.759068,-43.354342],[-68.75915,-43.354484],[-68.759284,-43.354572],[-68.75968,-43.354692],[-68.760287,-43.354819],[-68.760522,-43.354853],[-68.760886,-43.354786],[-68.761079,-43.354782],[-68.761236,-43.354813],[-68.761432,-43.354942],[-68.761581,-43.355151],[-68.761692,-43.355479],[-68.761787,-43.355933],[-68.761616,-43.357089],[-68.761692,-43.357253],[-68.76183,-43.35736],[-68.762092,-43.357407],[-68.762539,-43.357401],[-68.763354,-43.357334],[-68.764658,-43.357096],[-68.765115,-43.357048],[-68.766209,-43.357176],[-68.766513,-43.35729],[-68.766703,-43.357471],[-68.766955,-43.357839],[-68.767151,-43.358232],[-68.767298,-43.358525],[-68.767913,-43.359754],[-68.768493,-43.361009],[-68.768919,-43.362292],[-68.770736,-43.367764],[-68.770794,-43.368072],[-68.77073,-43.368458],[-68.770498,-43.370283],[-68.770617,-43.374099],[-68.770694,-43.376569],[-68.770715,-43.377253],[-68.770739,-43.378013],[-68.770756,-43.378564],[-68.770767,-43.378912],[-68.770825,-43.380763],[-68.770854,-43.381692],[-68.770832,-43.381976],[-68.770749,-43.382223],[-68.770642,-43.382493],[-68.770627,-43.38253],[-68.770555,-43.382712],[-68.769923,-43.3843],[-68.769759,-43.384712],[-68.76969,-43.384885],[-68.769193,-43.386135],[-68.768465,-43.387938],[-68.76754,-43.390227],[-68.76753,-43.390428],[-68.767576,-43.390639],[-68.767738,-43.39094],[-68.768912,-43.392727],[-68.770803,-43.395603],[-68.770867,-43.39573],[-68.770892,-43.395859],[-68.770865,-43.396005],[-68.770823,-43.396146],[-68.77041,-43.396972],[-68.770149,-43.397607],[-68.770058,-43.397796],[-68.769888,-43.397951],[-68.769676,-43.398064],[-68.768115,-43.398578],[-68.767637,-43.398702],[-68.767046,-43.398754],[-68.762816,-43.399245],[-68.761502,-43.399313],[-68.761251,-43.39935],[-68.761189,-43.39936],[-68.760969,-43.399453],[-68.760843,-43.399546],[-68.759816,-43.400336],[-68.759442,-43.400625],[-68.755552,-43.40362],[-68.755059,-43.403941],[-68.755011,-43.403973],[-68.740193,-43.411301],[-68.739842,-43.411504],[-68.737002,-43.413649],[-68.736824,-43.413823],[-68.736702,-43.414011],[-68.736475,-43.414485],[-68.736306,-43.414724],[-68.73603,-43.414901],[-68.732857,-43.41671],[-68.729595,-43.41851],[-68.725798,-43.420506],[-68.721305,-43.423167],[-68.708436,-43.432597],[-68.707242,-43.433615],[-68.7061,-43.434652],[-68.705571,-43.435076],[-68.702665,-43.436918],[-68.699152,-43.439056],[-68.698793,-43.439296],[-68.698549,-43.43951],[-68.696242,-43.44185],[-68.693583,-43.444712],[-68.693392,-43.444925],[-68.693249,-43.445163],[-68.692769,-43.446138],[-68.692582,-43.446437],[-68.692423,-43.44661],[-68.692218,-43.446777],[-68.686603,-43.450372],[-68.685979,-43.450879],[-68.685444,-43.451436],[-68.675006,-43.459654],[-68.674666,-43.459971],[-68.674357,-43.460308],[-68.673783,-43.460994],[-68.673658,-43.46108],[-68.673468,-43.461167],[-68.671163,-43.462058],[-68.670885,-43.462206],[-68.67071,-43.46236],[-68.669423,-43.463507],[-68.669157,-43.463658],[-68.665476,-43.465179],[-68.665111,-43.465371],[-68.664503,-43.465863],[-68.664032,-43.466327],[-68.663778,-43.466478],[-68.660248,-43.468149],[-68.659956,-43.468234],[-68.659402,-43.468322],[-68.657296,-43.468444],[-68.656922,-43.468498],[-68.656185,-43.468722],[-68.655925,-43.468762],[-68.655616,-43.468754],[-68.655371,-43.468719],[-68.644086,-43.466791],[-68.643465,-43.466665],[-68.64317,-43.466605],[-68.642919,-43.466517],[-68.638307,-43.464735],[-68.638073,-43.464634],[-68.63729,-43.464185],[-68.634141,-43.46227],[-68.631226,-43.460302],[-68.631073,-43.460184],[-68.630957,-43.460065],[-68.630584,-43.459584],[-68.62987,-43.458547],[-68.629284,-43.457576],[-68.62769,-43.454225],[-68.627561,-43.454002],[-68.624937,-43.450287],[-68.624823,-43.450143],[-68.624634,-43.449986],[-68.624227,-43.449783],[-68.623806,-43.44961],[-68.623659,-43.449508],[-68.623334,-43.44919],[-68.623179,-43.449089],[-68.622927,-43.448972],[-68.617595,-43.446857],[-68.616592,-43.446505],[-68.615196,-43.446112],[-68.614736,-43.445956],[-68.614276,-43.445745],[-68.613253,-43.445202],[-68.612199,-43.444546],[-68.611483,-43.444106],[-68.611156,-43.443806],[-68.610652,-43.44329],[-68.610265,-43.443056],[-68.60614,-43.441265],[-68.605667,-43.441151],[-68.605216,-43.441134],[-68.604631,-43.441188],[-68.603729,-43.441281],[-68.602847,-43.4415],[-68.602499,-43.441449],[-68.602039,-43.441164],[-68.600496,-43.43983],[-68.60022,-43.439647],[-68.599888,-43.439493],[-68.59731,-43.438517],[-68.59511,-43.437756],[-68.5944,-43.437417],[-68.593802,-43.437105],[-68.592188,-43.436023],[-68.591775,-43.435852],[-68.59132,-43.435765],[-68.585043,-43.434788],[-68.584574,-43.434772],[-68.584017,-43.434795],[-68.58271,-43.434875],[-68.582692,-43.434875],[-68.581484,-43.434889],[-68.579969,-43.434738],[-68.578559,-43.434528],[-68.577401,-43.43427],[-68.575611,-43.433661],[-68.573049,-43.43272],[-68.57247,-43.432507],[-68.571498,-43.432249],[-68.571057,-43.432188],[-68.57062,-43.432127],[-68.542864,-43.429932],[-68.537884,-43.429538],[-68.530399,-43.428974],[-68.529953,-43.42896],[-68.529628,-43.429],[-68.528628,-43.429305],[-68.493583,-43.441128],[-68.482721,-43.444718],[-68.484618,-43.470513],[-68.484553,-43.471027],[-68.484382,-43.471603],[-68.484382,-43.471945],[-68.484468,-43.472241],[-68.486506,-43.474733],[-68.486721,-43.475184],[-68.487718,-43.483771],[-68.487643,-43.483966],[-68.487525,-43.484145],[-68.487461,-43.484363],[-68.487139,-43.487656],[-68.487107,-43.488854],[-68.487096,-43.489127],[-68.486967,-43.489243],[-68.486967,-43.489376],[-68.487021,-43.489524],[-68.487397,-43.49017],[-68.487354,-43.490349],[-68.487182,-43.490652],[-68.487053,-43.491096],[-68.486849,-43.491726],[-68.486731,-43.492295],[-68.486195,-43.494622],[-68.485884,-43.495431],[-68.485787,-43.495781],[-68.485798,-43.496069],[-68.485819,-43.496754],[-68.485744,-43.496949],[-68.485648,-43.497081],[-68.484854,-43.497688],[-68.484564,-43.497789],[-68.483942,-43.497961],[-68.483824,-43.498046],[-68.483813,-43.498194],[-68.483899,-43.498295],[-68.485133,-43.498677],[-68.485369,-43.49877],[-68.485573,-43.498988],[-68.485755,-43.499097],[-68.485991,-43.499167],[-68.48759,-43.499525],[-68.487794,-43.499603],[-68.488244,-43.500054],[-68.488276,-43.500202],[-68.488276,-43.500202],[-68.488233,-43.500319],[-68.487804,-43.500747],[-68.4876,-43.501043],[-68.4876,-43.501222],[-68.487772,-43.501712],[-68.487954,-43.501992],[-68.487954,-43.502303],[-68.487772,-43.503712],[-68.487815,-43.503984],[-68.487879,-43.504163],[-68.48936,-43.506723],[-68.489446,-43.506933],[-68.489596,-43.507828],[-68.489714,-43.508132],[-68.489929,-43.508412],[-68.491667,-43.510809],[-68.491913,-43.51133],[-68.492192,-43.51189],[-68.492461,-43.512209],[-68.492804,-43.512575],[-68.493651,-43.513306],[-68.494413,-43.51368],[-68.498104,-43.515368],[-68.498458,-43.5155],[-68.498812,-43.515531],[-68.50202,-43.515664],[-68.502642,-43.51571],[-68.506773,-43.516092],[-68.506998,-43.516185],[-68.507191,-43.516271],[-68.507481,-43.516294],[-68.507717,-43.516193],[-68.508468,-43.515741],[-68.508768,-43.515633],[-68.510678,-43.515555],[-68.511193,-43.515625],[-68.51218,-43.515765],[-68.513114,-43.516006],[-68.513618,-43.516115],[-68.513886,-43.516232],[-68.514047,-43.516411],[-68.514122,-43.516675],[-68.514111,-43.518013],[-68.514149,-43.518188],[-68.514173,-43.518299],[-68.514315,-43.518426],[-68.514465,-43.518628],[-68.514541,-43.518838],[-68.514551,-43.519095],[-68.514548,-43.519601],[-68.516288,-43.519763],[-68.516249,-43.520592],[-68.516448,-43.520779],[-68.516724,-43.520958],[-68.517126,-43.521109],[-68.5178,-43.521432],[-68.518662,-43.5221],[-68.520063,-43.523178],[-68.521173,-43.52398],[-68.52205,-43.524633],[-68.522607,-43.524844],[-68.523314,-43.525069],[-68.52376,-43.52515],[-68.524332,-43.525364],[-68.524696,-43.525445],[-68.525059,-43.525589],[-68.525117,-43.52568],[-68.525442,-43.525771],[-68.525805,-43.525842],[-68.526431,-43.526022],[-68.526819,-43.526034],[-68.527117,-43.525987],[-68.52744,-43.525835],[-68.527699,-43.525624],[-68.527852,-43.525425],[-68.528385,-43.524951],[-68.528708,-43.524658],[-68.529419,-43.524318],[-68.529734,-43.524143],[-68.530121,-43.523938],[-68.530444,-43.523674],[-68.531074,-43.523423],[-68.531898,-43.523235],[-68.53281,-43.523001],[-68.533246,-43.522872],[-68.533634,-43.52282],[-68.534005,-43.522697],[-68.53457,-43.522433],[-68.535443,-43.522076],[-68.536113,-43.521824],[-68.536896,-43.521549],[-68.537655,-43.52135],[-68.538535,-43.520969],[-68.5391,-43.520741],[-68.539585,-43.52056],[-68.540481,-43.520302],[-68.541321,-43.520074],[-68.541684,-43.519951],[-68.541935,-43.519769],[-68.542468,-43.519318],[-68.542678,-43.519008],[-68.543647,-43.518247],[-68.544591,-43.517503],[-68.545762,-43.516753],[-68.546909,-43.515904],[-68.547417,-43.515471],[-68.548144,-43.514897],[-68.548524,-43.514628],[-68.548879,-43.514399],[-68.54921,-43.51406],[-68.549638,-43.513714],[-68.549977,-43.513486],[-68.550744,-43.512959],[-68.551528,-43.51242],[-68.552521,-43.511788],[-68.553428,-43.511296],[-68.554073,-43.510972],[-68.554836,-43.510418],[-68.555684,-43.509976],[-68.556642,-43.509296],[-68.556899,-43.509184],[-68.557445,-43.509033],[-68.55806,-43.50881],[-68.558571,-43.508688],[-68.558824,-43.508559],[-68.559344,-43.508411],[-68.5599,-43.508361],[-68.560777,-43.507857],[-68.561045,-43.507688],[-68.561338,-43.507228],[-68.5617,-43.506483],[-68.561799,-43.505929],[-68.561834,-43.505717],[-68.562176,-43.505206],[-68.562454,-43.504649],[-68.562607,-43.504408],[-68.563198,-43.503872],[-68.563842,-43.503318],[-68.564115,-43.50298],[-68.565127,-43.502404],[-68.565707,-43.502127],[-68.566426,-43.501998],[-68.566704,-43.5018],[-68.567676,-43.50135],[-68.56842,-43.500904],[-68.568801,-43.500555],[-68.569337,-43.500023],[-68.569917,-43.499523],[-68.570061,-43.49926],[-68.570175,-43.49894],[-68.570557,-43.498451],[-68.570879,-43.498221],[-68.571271,-43.497796],[-68.571296,-43.497713],[-68.571311,-43.497206],[-68.571817,-43.497138],[-68.572198,-43.497073],[-68.572655,-43.496926],[-68.573036,-43.496814],[-68.573389,-43.496487],[-68.573825,-43.496059],[-68.574118,-43.495548],[-68.574485,-43.495134],[-68.574975,-43.494479],[-68.575169,-43.494328],[-68.575833,-43.493666],[-68.576399,-43.493253],[-68.57742,-43.492609],[-68.578189,-43.492004],[-68.578437,-43.491742],[-68.578858,-43.491342],[-68.579444,-43.49108],[-68.57992,-43.490777],[-68.580713,-43.490284],[-68.58116,-43.489676],[-68.581462,-43.489345],[-68.581983,-43.488759],[-68.582622,-43.488284],[-68.583396,-43.488083],[-68.584051,-43.48796],[-68.584209,-43.487827],[-68.584403,-43.487644],[-68.584809,-43.487032],[-68.585271,-43.486417],[-68.585519,-43.486168],[-68.585772,-43.485899],[-68.586213,-43.485582],[-68.586416,-43.485478],[-68.586471,-43.485298],[-68.586342,-43.484952],[-68.586406,-43.484801],[-68.58651,-43.484387],[-68.58656,-43.484153],[-68.586486,-43.483992],[-68.586421,-43.483779],[-68.586352,-43.483614],[-68.586243,-43.483412],[-68.586233,-43.483243],[-68.586292,-43.483099],[-68.586441,-43.482955],[-68.586748,-43.482815],[-68.587101,-43.482718],[-68.587368,-43.482545],[-68.587547,-43.482362],[-68.587646,-43.482225],[-68.587795,-43.482052],[-68.588033,-43.481923],[-68.58839,-43.48189],[-68.588816,-43.481761],[-68.588941,-43.481383],[-68.588871,-43.481147],[-68.588767,-43.480895],[-68.588677,-43.480629],[-68.588739,-43.480528],[-68.588892,-43.480402],[-68.588871,-43.480166],[-68.588739,-43.479502],[-68.588871,-43.479155],[-68.589065,-43.478928],[-68.589343,-43.478596],[-68.589655,-43.478461],[-68.589946,-43.478315],[-68.590327,-43.478264],[-68.590764,-43.478305],[-68.590902,-43.478425],[-68.590972,-43.478425],[-68.591055,-43.47838],[-68.59102,-43.478254],[-68.590868,-43.478154],[-68.590604,-43.477993],[-68.590299,-43.477857],[-68.590077,-43.477656],[-68.58998,-43.477434],[-68.589946,-43.477047],[-68.589842,-43.476805],[-68.5898,-43.476639],[-68.58996,-43.476458],[-68.590341,-43.476136],[-68.590757,-43.475674],[-68.591,-43.475175],[-68.591041,-43.474944],[-68.591,-43.47423],[-68.591076,-43.473867],[-68.591006,-43.473314],[-68.590882,-43.473057],[-68.590625,-43.472529],[-68.590209,-43.471971],[-68.590001,-43.471473],[-68.589703,-43.47108],[-68.589315,-43.470577],[-68.589225,-43.470371],[-68.589058,-43.469787],[-68.588906,-43.469385],[-68.588864,-43.469198],[-68.588864,-43.468937],[-68.588941,-43.46862],[-68.589155,-43.468237],[-68.589155,-43.467961],[-68.589072,-43.467624],[-68.58892,-43.467357],[-68.589072,-43.467035],[-68.589176,-43.466713],[-68.589308,-43.466421],[-68.589308,-43.466049],[-68.589183,-43.465832],[-68.589065,-43.465722],[-68.588247,-43.465375],[-68.58815,-43.465314],[-68.587956,-43.465047],[-68.587797,-43.464927],[-68.587291,-43.46467],[-68.586611,-43.464449],[-68.585959,-43.464197],[-68.585571,-43.464006],[-68.58527,-43.463715],[-68.585185,-43.463592],[-68.585241,-43.463356],[-68.585312,-43.463045],[-68.585581,-43.462525],[-68.585581,-43.462309],[-68.585402,-43.462005],[-68.585274,-43.46183],[-68.585109,-43.461632],[-68.584643,-43.461351],[-68.584101,-43.460968],[-68.583629,-43.46053],[-68.583186,-43.460157],[-68.583083,-43.459757],[-68.582936,-43.459586],[-68.582663,-43.459357],[-68.582376,-43.459292],[-68.581961,-43.459155],[-68.581527,-43.458867],[-68.581216,-43.45872],[-68.580938,-43.45859],[-68.580462,-43.458344],[-68.580061,-43.458039],[-68.579821,-43.457913],[-68.579482,-43.457687],[-68.579269,-43.457509],[-68.579086,-43.457215],[-68.578954,-43.456948],[-68.578737,-43.456732],[-68.578595,-43.456589],[-68.578525,-43.4565],[-68.578435,-43.456305],[-68.578247,-43.456123],[-68.578143,-43.455908],[-68.578035,-43.455675],[-68.577907,-43.455388],[-68.577771,-43.455107],[-68.577714,-43.454922],[-68.577667,-43.454618],[-68.577629,-43.454334],[-68.577558,-43.454076],[-68.577249,-43.453552],[-68.577203,-43.453345],[-68.577224,-43.453175],[-68.577352,-43.452873],[-68.57737,-43.452455],[-68.57743,-43.452143],[-68.577256,-43.451854],[-68.577139,-43.45173],[-68.577064,-43.451603],[-68.576975,-43.45151],[-68.576893,-43.451471],[-68.576637,-43.451404],[-68.576363,-43.451332],[-68.575994,-43.451286],[-68.575542,-43.45125],[-68.575333,-43.45112],[-68.575155,-43.450835],[-68.574906,-43.450596],[-68.574678,-43.450533],[-68.574501,-43.450463],[-68.574359,-43.450407],[-68.574229,-43.450291],[-68.574148,-43.450153],[-68.574058,-43.450032],[-68.574049,-43.449944],[-68.574236,-43.449755],[-68.57452,-43.449425],[-68.574952,-43.44906],[-68.575856,-43.448296],[-68.576246,-43.447884],[-68.576766,-43.446678],[-68.576819,-43.446318],[-68.576967,-43.446069],[-68.578144,-43.444738],[-68.578256,-43.444219],[-68.578469,-43.442794],[-68.578575,-43.441764],[-68.578746,-43.441125],[-68.579101,-43.440532],[-68.579515,-43.440159],[-68.57981,-43.4397],[-68.580053,-43.439258],[-68.580366,-43.438884],[-68.58062,-43.438352],[-68.580809,-43.437953],[-68.580951,-43.437704],[-68.581152,-43.437562],[-68.5813,-43.437511],[-68.581773,-43.437433],[-68.582364,-43.437309],[-68.58247,-43.437223],[-68.582447,-43.436966],[-68.582488,-43.436596],[-68.582624,-43.436373],[-68.582671,-43.436253],[-68.58266,-43.43618],[-68.582595,-43.43609],[-68.582358,-43.435991],[-68.582163,-43.435875],[-68.582122,-43.435788],[-68.582128,-43.435661],[-68.58237,-43.435296],[-68.582692,-43.434875],[-68.58271,-43.434875],[-68.584017,-43.434795],[-68.584574,-43.434772],[-68.585043,-43.434788],[-68.59132,-43.435765],[-68.591775,-43.435852],[-68.592188,-43.436023],[-68.593802,-43.437105],[-68.5944,-43.437417],[-68.59511,-43.437756],[-68.59731,-43.438517],[-68.599888,-43.439493],[-68.60022,-43.439647],[-68.600496,-43.43983],[-68.602039,-43.441164],[-68.602499,-43.441449],[-68.602847,-43.4415],[-68.603729,-43.441281],[-68.604631,-43.441188],[-68.605216,-43.441134],[-68.605667,-43.441151],[-68.60614,-43.441265],[-68.610265,-43.443056],[-68.610652,-43.44329],[-68.611156,-43.443806],[-68.611483,-43.444106],[-68.612199,-43.444546],[-68.613253,-43.445202],[-68.614276,-43.445745],[-68.614736,-43.445956],[-68.615196,-43.446112],[-68.616592,-43.446505],[-68.617595,-43.446857],[-68.622927,-43.448972],[-68.623179,-43.449089],[-68.623334,-43.44919],[-68.623659,-43.449508],[-68.623806,-43.44961],[-68.624227,-43.449783],[-68.624634,-43.449986],[-68.624823,-43.450143],[-68.624937,-43.450287],[-68.627561,-43.454002],[-68.62769,-43.454225],[-68.629284,-43.457576],[-68.62987,-43.458547],[-68.630584,-43.459584],[-68.630957,-43.460065],[-68.631073,-43.460184],[-68.631226,-43.460302],[-68.634141,-43.46227],[-68.63729,-43.464185],[-68.638073,-43.464634],[-68.638307,-43.464735],[-68.642919,-43.466517],[-68.64317,-43.466605],[-68.643465,-43.466665],[-68.644086,-43.466791],[-68.655371,-43.468719],[-68.655616,-43.468754],[-68.655925,-43.468762],[-68.656185,-43.468722],[-68.656922,-43.468498],[-68.657296,-43.468444],[-68.659402,-43.468322],[-68.659956,-43.468234],[-68.660248,-43.468149],[-68.663778,-43.466478],[-68.664032,-43.466327],[-68.664503,-43.465863],[-68.665111,-43.465371],[-68.665476,-43.465179],[-68.669157,-43.463658],[-68.669423,-43.463507],[-68.67071,-43.46236],[-68.670885,-43.462206],[-68.671163,-43.462058],[-68.673468,-43.461167],[-68.673658,-43.46108],[-68.673783,-43.460994],[-68.674357,-43.460308],[-68.674666,-43.459971],[-68.675006,-43.459654],[-68.685444,-43.451436],[-68.685979,-43.450879],[-68.686603,-43.450372],[-68.692218,-43.446777],[-68.692423,-43.44661],[-68.692582,-43.446437],[-68.692769,-43.446138],[-68.693249,-43.445163],[-68.693392,-43.444925],[-68.693583,-43.444712],[-68.696242,-43.44185],[-68.698549,-43.43951],[-68.698793,-43.439296],[-68.699152,-43.439056],[-68.702665,-43.436918],[-68.705571,-43.435076],[-68.7061,-43.434652],[-68.707242,-43.433615],[-68.708436,-43.432597],[-68.721305,-43.423167],[-68.725798,-43.420506],[-68.729595,-43.41851],[-68.732857,-43.41671],[-68.73603,-43.414901],[-68.736306,-43.414724],[-68.736475,-43.414485],[-68.736702,-43.414011],[-68.736824,-43.413823],[-68.737002,-43.413649],[-68.739842,-43.411504],[-68.740193,-43.411301],[-68.755011,-43.403973],[-68.755059,-43.403941],[-68.755552,-43.40362],[-68.759442,-43.400625],[-68.759816,-43.400336],[-68.760843,-43.399546],[-68.760969,-43.399453],[-68.761189,-43.39936],[-68.761251,-43.39935],[-68.761502,-43.399313],[-68.762816,-43.399245],[-68.767046,-43.398754],[-68.767365,-43.398837],[-68.767587,-43.398919],[-68.767751,-43.399042],[-68.767959,-43.399228],[-68.768123,-43.399487],[-68.768262,-43.399646],[-68.775703,-43.40554],[-68.783346,-43.411624],[-68.783819,-43.412001],[-68.784357,-43.412525],[-68.784456,-43.412681],[-68.78471,-43.41308],[-68.787257,-43.41841],[-68.787349,-43.418825],[-68.787388,-43.419506],[-68.787203,-43.428568],[-68.787224,-43.428862],[-68.787309,-43.429097],[-68.788814,-43.430705],[-68.790525,-43.432232],[-68.790823,-43.432498],[-68.791749,-43.433324],[-68.792039,-43.433543],[-68.792428,-43.433727],[-68.79526,-43.434772],[-68.80047,-43.436375],[-68.801248,-43.436642],[-68.801844,-43.437018],[-68.80198,-43.437132],[-68.802833,-43.43785],[-68.803244,-43.438322],[-68.803556,-43.438776],[-68.805957,-43.442374],[-68.818215,-43.460455],[-68.818497,-43.460787],[-68.81871,-43.461003],[-68.819672,-43.461742],[-68.82021,-43.462246],[-68.820767,-43.462839],[-68.829314,-43.472311],[-68.830945,-43.474143],[-68.831167,-43.474419],[-68.83379,-43.47816],[-68.835936,-43.481244],[-68.83797,-43.484168],[-68.838182,-43.484589],[-68.838296,-43.484979],[-68.83909,-43.490885],[-68.839094,-43.491442],[-68.839025,-43.491874],[-68.83811,-43.496718],[-68.837998,-43.497016],[-68.837699,-43.497341],[-68.836839,-43.498154],[-68.833357,-43.50252],[-68.833178,-43.502802],[-68.832972,-43.503203],[-68.832217,-43.50527],[-68.831993,-43.50569],[-68.831718,-43.50612],[-68.827443,-43.510945],[-68.827327,-43.51105],[-68.827144,-43.511148],[-68.826771,-43.51127],[-68.826397,-43.511324],[-68.82608,-43.511405],[-68.825916,-43.51149],[-68.825856,-43.511595],[-68.825856,-43.511784],[-68.825965,-43.512032],[-68.826088,-43.512179],[-68.826323,-43.512353],[-68.826864,-43.512591],[-68.827113,-43.512776],[-68.830002,-43.516431],[-68.830301,-43.516892],[-68.830675,-43.51723],[-68.831273,-43.517623],[-68.832185,-43.518119],[-68.832439,-43.518209],[-68.833186,-43.518353],[-68.833486,-43.518438],[-68.833716,-43.518532],[-68.838595,-43.521998],[-68.838913,-43.522161],[-68.839193,-43.522229],[-68.83966,-43.522283],[-68.840183,-43.522256],[-68.840585,-43.522272],[-68.840827,-43.522405],[-68.841024,-43.522594],[-68.848271,-43.529881],[-68.848701,-43.530179],[-68.849093,-43.530314],[-68.849897,-43.53045],[-68.850281,-43.53056],[-68.850494,-43.530689],[-68.850793,-43.531046],[-68.854753,-43.537153],[-68.855264,-43.538195],[-68.855482,-43.538467],[-68.855781,-43.538629],[-68.856248,-43.538778],[-68.857275,-43.539076],[-68.858228,-43.539442],[-68.870133,-43.545705],[-68.890694,-43.555843],[-68.897147,-43.559025],[-68.90084,-43.560846],[-68.901185,-43.561051],[-68.901481,-43.561337],[-68.907914,-43.571267],[-68.908173,-43.571722],[-68.910122,-43.576393],[-68.910306,-43.5769],[-68.910416,-43.577299],[-68.911952,-43.586188],[-68.911984,-43.586616],[-68.912016,-43.587044],[-68.911608,-43.591831],[-68.911625,-43.592213],[-68.911715,-43.592577],[-68.911994,-43.593136],[-68.912239,-43.593462],[-68.91247,-43.593745],[-68.912564,-43.593989],[-68.912584,-43.594234],[-68.911619,-43.596989],[-68.911608,-43.597379],[-68.911737,-43.599135],[-68.911788,-43.599632],[-68.911915,-43.599886],[-68.912053,-43.600045],[-68.912426,-43.600257],[-68.91664,-43.602069],[-68.917653,-43.602509],[-68.918766,-43.602878],[-68.931666,-43.60689],[-68.93316,-43.60736],[-68.934654,-43.607758],[-68.937293,-43.608411],[-68.937837,-43.608589],[-68.938208,-43.608767],[-68.938516,-43.608986],[-68.944454,-43.614598],[-68.944932,-43.61492],[-68.949332,-43.617282],[-68.94973,-43.617485],[-68.950029,-43.617689],[-68.950277,-43.617954],[-68.950452,-43.618202],[-68.950687,-43.61875],[-68.951528,-43.621162],[-68.951879,-43.622209],[-68.954543,-43.630261],[-68.954538,-43.630473],[-68.954511,-43.630597],[-68.954447,-43.630716],[-68.954191,-43.630981],[-68.95392,-43.631119],[-68.953687,-43.631237],[-68.949642,-43.633292],[-68.948927,-43.633739],[-68.948244,-43.63421],[-68.946759,-43.63539],[-68.945336,-43.636522],[-68.944894,-43.637035],[-68.944521,-43.637632],[-68.944401,-43.637856],[-68.943978,-43.638935],[-68.943801,-43.639316],[-68.942536,-43.642178],[-68.942162,-43.643096],[-68.942015,-43.643672],[-68.941657,-43.646391],[-68.941479,-43.646955],[-68.932466,-43.666827],[-68.932254,-43.667399],[-68.932115,-43.667895],[-68.932054,-43.668351],[-68.932215,-43.675076],[-68.93221,-43.675415],[-68.93219,-43.676928],[-68.931848,-43.68238],[-68.932169,-43.686417],[-68.932126,-43.686953],[-68.931335,-43.690689],[-68.928607,-43.700396],[-68.928564,-43.700846],[-68.928768,-43.703608],[-68.928789,-43.703882],[-68.928875,-43.704096],[-68.929009,-43.704279],[-68.933534,-43.707669],[-68.93401,-43.707881],[-68.937069,-43.708636],[-68.937383,-43.708773],[-68.937601,-43.708954],[-68.93795,-43.709378],[-68.942565,-43.714979],[-68.942703,-43.715255],[-68.942838,-43.715618],[-68.942895,-43.716131],[-68.942475,-43.719373],[-68.942458,-43.7195],[-68.942392,-43.720013],[-68.94237,-43.720366],[-68.942406,-43.720703],[-68.942554,-43.721026],[-68.942774,-43.721348],[-68.943811,-43.722937],[-68.944076,-43.723338],[-68.944161,-43.723609],[-68.944182,-43.723952],[-68.944105,-43.72433],[-68.939007,-43.739118],[-68.938451,-43.740729],[-68.938315,-43.741046],[-68.936941,-43.74323],[-68.936812,-43.74357],[-68.936776,-43.743812],[-68.937033,-43.744792],[-68.93717,-43.744994],[-68.937344,-43.745189],[-68.937638,-43.745368],[-68.938023,-43.745516],[-68.946286,-43.748195],[-68.946954,-43.748411],[-68.948071,-43.748866],[-68.948594,-43.749196],[-68.948743,-43.749324],[-68.948958,-43.749507],[-68.955771,-43.758295],[-68.95582,-43.758358],[-68.959475,-43.763059],[-68.962813,-43.76735],[-68.979615,-43.789216],[-68.980194,-43.790117],[-68.980613,-43.790677],[-68.982794,-43.792964],[-68.983187,-43.793345],[-68.983694,-43.793747],[-68.987379,-43.796291],[-68.987847,-43.796718],[-68.990302,-43.800084],[-68.990314,-43.800101],[-68.990512,-43.800372],[-68.990576,-43.800566],[-68.990606,-43.800725],[-68.990758,-43.802913],[-68.991975,-43.815083],[-68.991961,-43.815451],[-68.991862,-43.815778],[-68.984682,-43.830551],[-68.98454,-43.831065],[-68.98451,-43.831579],[-68.985265,-43.839756],[-68.985417,-43.840245],[-68.985581,-43.840546],[-68.985894,-43.840893],[-68.986397,-43.841279],[-68.99117,-43.843179],[-68.992345,-43.843567],[-68.99352,-43.843904],[-68.99655,-43.844567],[-68.997725,-43.844894],[-68.998432,-43.84518],[-68.999084,-43.845496],[-68.999919,-43.845956],[-69.001174,-43.846793],[-69.008087,-43.852163],[-69.009248,-43.853041],[-69.01048,-43.853848],[-69.011343,-43.854368],[-69.01232,-43.854919],[-69.020743,-43.859268],[-69.021109,-43.859447],[-69.020976,-43.859669],[-69.020622,-43.860992],[-69.020085,-43.862879],[-69.019275,-43.866449],[-69.019207,-43.866839],[-69.019703,-43.867477],[-69.018995,-43.867928],[-69.005561,-43.876492],[-68.990452,-43.886192],[-68.989833,-43.886514],[-68.989115,-43.886654],[-68.987374,-43.886907],[-68.986627,-43.887109],[-68.970408,-43.893096],[-68.956329,-43.89841],[-68.954556,-43.899172],[-68.954133,-43.899383],[-68.953808,-43.899664],[-68.953532,-43.89998],[-68.946767,-43.912938],[-68.946409,-43.91336],[-68.946002,-43.913641],[-68.945287,-43.914039],[-68.939916,-43.916458],[-68.932326,-43.920283],[-68.931643,-43.920494],[-68.931101,-43.920504],[-68.930582,-43.920292],[-68.929952,-43.919885],[-68.929383,-43.919381],[-68.926478,-43.916054],[-68.923008,-43.911978],[-68.922585,-43.911685],[-68.922193,-43.911585],[-68.920807,-43.911557],[-68.919586,-43.91162],[-68.918943,-43.91172],[-68.918504,-43.911931],[-68.918195,-43.912177],[-68.917231,-43.912856],[-68.915777,-43.913952],[-68.914381,-43.91472],[-68.914145,-43.914813],[-68.91377,-43.914874],[-68.913156,-43.914734],[-68.900742,-43.911171],[-68.900094,-43.911026],[-68.899473,-43.911103],[-68.893959,-43.913427],[-68.888374,-43.916291],[-68.876329,-43.922547],[-68.853733,-43.934197],[-68.85248,-43.934689],[-68.83988,-43.938383],[-68.83813,-43.938861],[-68.823069,-43.94195],[-68.815748,-43.943451],[-68.813832,-43.943701],[-68.804054,-43.944629],[-68.794643,-43.945551],[-68.793749,-43.945679],[-68.792822,-43.945843],[-68.787618,-43.946839],[-68.786919,-43.946944],[-68.786008,-43.946967],[-68.777766,-43.946527],[-68.776646,-43.946497],[-68.772608,-43.946663],[-68.7716,-43.94678],[-68.76864,-43.947506],[-68.768153,-43.947658],[-68.767779,-43.947892],[-68.766624,-43.949075],[-68.766185,-43.949297],[-68.765648,-43.949403],[-68.764607,-43.949555],[-68.764055,-43.949625],[-68.763453,-43.949695],[-68.76277,-43.949684],[-68.761989,-43.949684],[-68.761241,-43.949766],[-68.760054,-43.950023],[-68.759225,-43.950269],[-68.758168,-43.950714],[-68.757241,-43.950983],[-68.738442,-43.954928],[-68.73784,-43.955139],[-68.737239,-43.95542],[-68.728907,-43.960274],[-68.728322,-43.960638],[-68.720229,-43.966938],[-68.717562,-43.968811],[-68.711789,-43.973761],[-68.711315,-43.974257],[-68.710878,-43.974698],[-68.708195,-43.978302],[-68.707902,-43.97863],[-68.707447,-43.978922],[-68.703569,-43.980545],[-68.695169,-43.984059],[-68.694454,-43.984457],[-68.693641,-43.98503],[-68.687347,-43.990916],[-68.686908,-43.991173],[-68.686404,-43.99136],[-68.685689,-43.991454],[-68.684306,-43.991664],[-68.683412,-43.991828],[-68.682599,-43.992062],[-68.67772,-43.993934],[-68.67624,-43.994566],[-68.673199,-43.99618],[-68.672256,-43.996695],[-68.671703,-43.996952],[-68.670939,-43.997116],[-68.67037,-43.997315],[-68.669752,-43.997607],[-68.665199,-44.000251],[-68.662971,-44.00155],[-68.662206,-44.001889],[-68.657751,-44.004287],[-68.657198,-44.004673],[-68.656726,-44.005199],[-68.655458,-44.007901],[-68.655035,-44.008474],[-68.652872,-44.01065],[-68.648693,-44.01438],[-68.646774,-44.016357],[-68.644302,-44.018473],[-68.629975,-44.028635],[-68.62913,-44.029371],[-68.623545,-44.035301],[-68.62014,-44.038615],[-68.619539,-44.039171],[-68.61911,-44.03951],[-68.618058,-44.039988],[-68.616149,-44.040914],[-68.613874,-44.042179],[-68.612909,-44.042688],[-68.612179,-44.043197],[-68.607759,-44.046852],[-68.60756,-44.047015],[-68.607458,-44.047099],[-68.607072,-44.047392],[-68.606836,-44.047577],[-68.606643,-44.047777],[-68.60587,-44.049975],[-68.605484,-44.050723],[-68.605098,-44.051957],[-68.604862,-44.052466],[-68.604787,-44.052697],[-68.604615,-44.053237],[-68.604508,-44.053399],[-68.604057,-44.053653],[-68.603714,-44.053962],[-68.603542,-44.054154],[-68.603403,-44.054363],[-68.603349,-44.054679],[-68.603349,-44.054979],[-68.603274,-44.055234],[-68.603081,-44.055735],[-68.602512,-44.056599],[-68.602373,-44.05683],[-68.602319,-44.057038],[-68.60233,-44.057339],[-68.602351,-44.057709],[-68.602298,-44.057971],[-68.602051,-44.058256],[-68.600817,-44.059143],[-68.600646,-44.059305],[-68.60056,-44.059459],[-68.600517,-44.059675],[-68.600431,-44.059814],[-68.60027,-44.059922],[-68.599959,-44.059991],[-68.599583,-44.060007],[-68.599133,-44.059983],[-68.598779,-44.059953],[-68.598446,-44.059991],[-68.598103,-44.06013],[-68.597019,-44.060778],[-68.596097,-44.061271],[-68.595399,-44.061541],[-68.594906,-44.061641],[-68.594235,-44.061691],[-68.592429,-44.061785],[-68.590174,-44.061633],[-68.589402,-44.061649],[-68.588715,-44.061805],[-68.588361,-44.062088],[-68.587846,-44.062882],[-68.587707,-44.063198],[-68.587642,-44.063545],[-68.587621,-44.064185],[-68.587589,-44.064609],[-68.587084,-44.06565],[-68.586795,-44.066028],[-68.584953,-44.067824],[-68.584692,-44.068117],[-68.584559,-44.068464],[-68.58452,-44.069057],[-68.584424,-44.069489],[-68.584252,-44.069836],[-68.583778,-44.070327],[-68.583512,-44.070653],[-68.583278,-44.071021],[-68.583015,-44.071807],[-68.582768,-44.072232],[-68.5826,-44.072395],[-68.5823,-44.072556],[-68.581576,-44.072832],[-68.581312,-44.073027],[-68.581154,-44.073263],[-68.58084,-44.073767],[-68.580604,-44.07396],[-68.580239,-44.074068],[-68.578083,-44.074623],[-68.577579,-44.074792],[-68.577042,-44.075054],[-68.576431,-44.075494],[-68.576034,-44.075856],[-68.575701,-44.076172],[-68.574886,-44.077236],[-68.574435,-44.077644],[-68.574124,-44.077791],[-68.573781,-44.077891],[-68.573092,-44.077848],[-68.571796,-44.077737],[-68.571131,-44.07766],[-68.570465,-44.077536],[-68.569704,-44.07732],[-68.56921,-44.077205],[-68.568684,-44.077135],[-68.564082,-44.076735],[-68.563374,-44.076711],[-68.562762,-44.07675],[-68.562397,-44.07675],[-68.5617,-44.076688],[-68.561512,-44.076693],[-68.561271,-44.076727],[-68.55552,-44.077698],[-68.554544,-44.077783],[-68.5511,-44.07786],[-68.550392,-44.077922],[-68.549619,-44.078068],[-68.548514,-44.078315],[-68.547935,-44.078369],[-68.54728,-44.078353],[-68.54639,-44.078284],[-68.545703,-44.078222],[-68.545059,-44.078245],[-68.544394,-44.078353],[-68.541337,-44.079563],[-68.540811,-44.079848],[-68.540403,-44.08018],[-68.54006,-44.080781],[-68.539953,-44.081189],[-68.540017,-44.081629],[-68.540264,-44.082083],[-68.540661,-44.08243],[-68.541447,-44.082741],[-68.545734,-44.08421],[-68.549791,-44.085683],[-68.550081,-44.085875],[-68.550306,-44.086183],[-68.550649,-44.087386],[-68.550681,-44.087756],[-68.550606,-44.088025],[-68.550435,-44.088303],[-68.550123,-44.088465],[-68.549448,-44.088727],[-68.548675,-44.089158],[-68.54801,-44.089644],[-68.547467,-44.090189],[-68.547237,-44.090499],[-68.547043,-44.09083],[-68.546894,-44.091177],[-68.546837,-44.091512],[-68.546862,-44.091971],[-68.54684,-44.092402],[-68.546667,-44.093148],[-68.546647,-44.093412],[-68.546719,-44.093918],[-68.546837,-44.094705],[-68.54675,-44.09533],[-68.546437,-44.095941],[-68.545907,-44.096514],[-68.541937,-44.099364],[-68.541464,-44.099631],[-68.540839,-44.099926],[-68.538743,-44.100892],[-68.536234,-44.102145],[-68.535758,-44.102488],[-68.534575,-44.103754],[-68.532794,-44.105747],[-68.531704,-44.107234],[-68.530227,-44.109509],[-68.530039,-44.110123],[-68.529317,-44.11455],[-68.528997,-44.117328],[-68.528784,-44.117833],[-68.527184,-44.120787],[-68.526938,-44.12113],[-68.525456,-44.123047],[-68.523439,-44.12531],[-68.522605,-44.125936],[-68.521175,-44.127362],[-68.519793,-44.128115],[-68.519578,-44.1283],[-68.519407,-44.128515],[-68.519139,-44.128931],[-68.518994,-44.129107],[-68.518742,-44.129416],[-68.518237,-44.129801],[-68.518158,-44.12984],[-68.517701,-44.130063],[-68.515062,-44.130903],[-68.514117,-44.131095],[-68.51313,-44.131211],[-68.504837,-44.131665],[-68.504,-44.131665],[-68.50102,-44.131491],[-68.497552,-44.131447],[-68.497252,-44.131403],[-68.496673,-44.13123],[-68.496265,-44.131157],[-68.495758,-44.131172],[-68.495321,-44.131272],[-68.490825,-44.132966],[-68.485889,-44.134592],[-68.479903,-44.136616],[-68.479399,-44.136863],[-68.47897,-44.137147],[-68.478187,-44.137794],[-68.477725,-44.138372],[-68.477318,-44.138965],[-68.477006,-44.139634],[-68.476685,-44.140574],[-68.475765,-44.142661],[-68.475655,-44.14296],[-68.475547,-44.143923],[-68.47544,-44.144239],[-68.474646,-44.14537],[-68.47426,-44.145709],[-68.473788,-44.145986],[-68.473233,-44.146129],[-68.472468,-44.146125],[-68.471063,-44.145932],[-68.468711,-44.1453],[-68.467715,-44.145032],[-68.466696,-44.144708],[-68.464443,-44.143892],[-68.463842,-44.143677],[-68.463306,-44.143546],[-68.460119,-44.142914],[-68.459154,-44.142706],[-68.458263,-44.142429],[-68.457759,-44.142275],[-68.457426,-44.142206],[-68.454948,-44.141937],[-68.453714,-44.141798],[-68.451268,-44.141351],[-68.448382,-44.140874],[-68.447127,-44.140635],[-68.441709,-44.139219],[-68.440561,-44.138949],[-68.437106,-44.138441],[-68.436569,-44.138272],[-68.436097,-44.13801],[-68.435507,-44.137517],[-68.435025,-44.137301],[-68.434434,-44.137186],[-68.42907,-44.136778],[-68.428544,-44.136701],[-68.42819,-44.13667],[-68.427707,-44.136693],[-68.420873,-44.137509],[-68.419747,-44.137532],[-68.41864,-44.13752],[-68.414229,-44.137169],[-68.412784,-44.137047],[-68.411527,-44.13685],[-68.410777,-44.136732],[-68.405595,-44.135561],[-68.404072,-44.135299],[-68.402999,-44.135169],[-68.401937,-44.135092],[-68.400144,-44.135136],[-68.394587,-44.134982],[-68.393857,-44.135028],[-68.393514,-44.135105],[-68.393301,-44.135353],[-68.393188,-44.1355],[-68.392988,-44.135675],[-68.392516,-44.13586],[-68.390275,-44.136733],[-68.389909,-44.136876],[-68.389512,-44.136938],[-68.388965,-44.136884],[-68.383977,-44.136131],[-68.378526,-44.13543],[-68.374974,-44.134951],[-68.360953,-44.132266],[-68.359633,-44.132081],[-68.358556,-44.131946],[-68.357981,-44.131934],[-68.357605,-44.132019],[-68.356425,-44.132566],[-68.356093,-44.132677],[-68.355942,-44.132728],[-68.355524,-44.132735],[-68.355062,-44.132627],[-68.353764,-44.132358],[-68.353271,-44.132312],[-68.352809,-44.13235],[-68.35061,-44.132781],[-68.349993,-44.132989],[-68.3459,-44.134491],[-68.344881,-44.134707],[-68.340847,-44.135145],[-68.340117,-44.135169],[-68.339645,-44.135061],[-68.339087,-44.13473],[-68.338637,-44.13456],[-68.338143,-44.13446],[-68.337778,-44.134537],[-68.33748,-44.134676],[-68.335954,-44.135415],[-68.335107,-44.135769],[-68.334227,-44.136039],[-68.331234,-44.136832],[-68.330719,-44.137024],[-68.330225,-44.137263],[-68.326395,-44.139665],[-68.32573,-44.139996],[-68.32078,-44.1418],[-68.318016,-44.142807],[-68.31601,-44.143322],[-68.315589,-44.143419],[-68.315419,-44.143422],[-68.312405,-44.143376],[-68.311654,-44.143461],[-68.30792,-44.144477],[-68.306901,-44.14477],[-68.306236,-44.145047],[-68.304315,-44.145955],[-68.304058,-44.146071],[-68.303768,-44.146109],[-68.302835,-44.145978],[-68.302545,-44.146002],[-68.302255,-44.146109],[-68.300163,-44.147657],[-68.299637,-44.148019],[-68.2988,-44.148457],[-68.298446,-44.148596],[-68.298007,-44.148581],[-68.295743,-44.14825],[-68.294981,-44.148234],[-68.293425,-44.148288],[-68.292686,-44.148397],[-68.29145,-44.148829],[-68.291002,-44.148986],[-68.29062,-44.149015],[-68.287266,-44.148647],[-68.286655,-44.148632],[-68.286086,-44.148647],[-68.28555,-44.148778],[-68.284745,-44.149063],[-68.284294,-44.149155],[-68.283576,-44.149101],[-68.283307,-44.149124],[-68.282996,-44.149224],[-68.282234,-44.149555],[-68.281955,-44.149732],[-68.281709,-44.150002],[-68.281494,-44.151026],[-68.281355,-44.151249],[-68.281119,-44.151403],[-68.27849,-44.152465],[-68.274853,-44.15449],[-68.274392,-44.154667],[-68.273834,-44.15479],[-68.267536,-44.155106],[-68.258095,-44.154982],[-68.25744,-44.154929],[-68.256775,-44.154836],[-68.255287,-44.15448],[-68.254586,-44.154582],[-68.254142,-44.154712],[-68.253542,-44.155005],[-68.253129,-44.155404],[-68.251844,-44.161592],[-68.250804,-44.166668],[-68.250826,-44.167127],[-68.251012,-44.167528],[-68.251789,-44.168195],[-68.252742,-44.168792],[-68.254391,-44.169818],[-68.254691,-44.170126],[-68.254734,-44.170503],[-68.254541,-44.170849],[-68.254241,-44.171034],[-68.253672,-44.171263],[-68.250024,-44.172093],[-68.249207,-44.172395],[-68.248473,-44.17274],[-68.247751,-44.173227],[-68.247461,-44.173448],[-68.247389,-44.173741],[-68.247461,-44.174296],[-68.247614,-44.175018],[-68.247505,-44.175277],[-68.246413,-44.176542],[-68.244537,-44.178777],[-68.244106,-44.179305],[-68.243837,-44.180106],[-68.243614,-44.181465],[-68.243673,-44.182025],[-68.243828,-44.182458],[-68.244323,-44.18319],[-68.24553,-44.184855],[-68.245917,-44.185477],[-68.246044,-44.185699],[-68.246053,-44.185991],[-68.245616,-44.186703],[-68.245035,-44.187391],[-68.244006,-44.188751],[-68.242543,-44.190105],[-68.241251,-44.19147],[-68.240601,-44.192324],[-68.240152,-44.193206],[-68.23968,-44.194105],[-68.239169,-44.194982],[-68.237854,-44.196735],[-68.23718,-44.197623],[-68.236894,-44.198061],[-68.236704,-44.198522],[-68.236623,-44.199054],[-68.236654,-44.199593],[-68.236909,-44.200663],[-68.237521,-44.202849],[-68.237846,-44.20387],[-68.237923,-44.204369],[-68.237946,-44.204824],[-68.237884,-44.205251],[-68.23773,-44.205634],[-68.237474,-44.205906],[-68.237114,-44.206126],[-68.235215,-44.207115],[-68.234224,-44.207615],[-68.233292,-44.208173],[-68.232805,-44.20856],[-68.232018,-44.209345],[-68.231523,-44.209972],[-68.231367,-44.210436],[-68.231345,-44.210959],[-68.234758,-44.225691],[-68.236561,-44.233288],[-68.237482,-44.237052],[-68.237915,-44.238949],[-68.238105,-44.239729],[-68.238298,-44.240329],[-68.238555,-44.240805],[-68.239185,-44.241671],[-68.240222,-44.242952],[-68.242358,-44.245535],[-68.24447,-44.248102],[-68.246562,-44.250678],[-68.247109,-44.251406],[-68.247837,-44.25206],[-68.249733,-44.253261],[-68.252351,-44.254875],[-68.260172,-44.259698],[-68.265504,-44.262907],[-68.268128,-44.26453],[-68.269474,-44.265367],[-68.270398,-44.265934],[-68.270956,-44.26641],[-68.271576,-44.267134],[-68.279194,-44.276018],[-68.283381,-44.280905],[-68.285471,-44.28337],[-68.287572,-44.285828],[-68.290385,-44.289398],[-68.292946,-44.293081],[-68.297979,-44.300452],[-68.300314,-44.305416],[-68.301467,-44.307891],[-68.301908,-44.309132],[-68.302434,-44.310378],[-68.303169,-44.312357],[-68.304322,-44.315467],[-68.305984,-44.319872],[-68.305978,-44.320229],[-68.305839,-44.320516],[-68.305421,-44.32112],[-68.304554,-44.322294],[-68.30279,-44.324669],[-68.299315,-44.329408],[-68.292211,-44.338648],[-68.292101,-44.338792],[-68.287262,-44.344925],[-68.282455,-44.351005],[-68.282007,-44.35146],[-68.281579,-44.351871],[-68.280606,-44.352661],[-68.27866,-44.354188],[-68.276906,-44.355642],[-68.275305,-44.357153],[-68.266738,-44.3654],[-68.262411,-44.369495],[-68.25818,-44.373599],[-68.249636,-44.381826],[-68.245335,-44.385971],[-68.243168,-44.38802],[-68.241789,-44.389381],[-68.24157,-44.389608],[-68.241459,-44.389836],[-68.241152,-44.394928],[-68.241152,-44.395434],[-68.24128,-44.395894],[-68.241516,-44.396277],[-68.242074,-44.396783],[-68.242353,-44.397166],[-68.242353,-44.397657],[-68.242117,-44.398592],[-68.242096,-44.398914],[-68.242267,-44.399114],[-68.242632,-44.399313],[-68.243297,-44.399543],[-68.244156,-44.399696],[-68.244735,-44.399819],[-68.2454,-44.400049],[-68.246237,-44.400463],[-68.246773,-44.400785],[-68.247203,-44.401045],[-68.248211,-44.401582],[-68.252374,-44.403299],[-68.252739,-44.403621],[-68.252975,-44.403866],[-68.253232,-44.404311],[-68.253404,-44.405476],[-68.253554,-44.406027],[-68.253747,-44.406503],[-68.25394,-44.406963],[-68.253962,-44.407361],[-68.253769,-44.408204],[-68.25379,-44.408557],[-68.253962,-44.408894],[-68.254799,-44.409768],[-68.255614,-44.410335],[-68.256322,-44.410687],[-68.257223,-44.41104],[-68.257588,-44.411239],[-68.257717,-44.4115],[-68.257695,-44.41176],[-68.248039,-44.426565],[-68.247675,-44.426872],[-68.247117,-44.427193],[-68.243169,-44.429063],[-68.242482,-44.429431],[-68.241795,-44.429936],[-68.235079,-44.435774],[-68.234307,-44.436494],[-68.233706,-44.437184],[-68.228062,-44.443833],[-68.227783,-44.4442],[-68.227741,-44.444507],[-68.227783,-44.444844],[-68.229682,-44.449018],[-68.234071,-44.45722],[-68.234414,-44.457894],[-68.234564,-44.458507],[-68.234607,-44.459104],[-68.234478,-44.461202],[-68.234349,-44.461784],[-68.234221,-44.462336],[-68.234199,-44.46278],[-68.234328,-44.463147],[-68.234628,-44.463545],[-68.234757,-44.463974],[-68.234757,-44.464464],[-68.23465,-44.464724],[-68.234435,-44.465016],[-68.233362,-44.466088],[-68.233021,-44.466508],[-68.232489,-44.467165],[-68.231967,-44.467765],[-68.231316,-44.468403],[-68.230958,-44.468809],[-68.230698,-44.469215],[-68.230666,-44.469668],[-68.231381,-44.47149],[-68.23156,-44.471896],[-68.23156,-44.472314],[-68.231332,-44.473138],[-68.231292,-44.473273],[-68.231219,-44.473521],[-68.231251,-44.473741],[-68.231446,-44.47402],[-68.231739,-44.474403],[-68.231788,-44.47467],[-68.231707,-44.474855],[-68.231511,-44.475029],[-68.230617,-44.475377],[-68.229836,-44.475575],[-68.228714,-44.475737],[-68.228389,-44.475842],[-68.228096,-44.476085],[-68.217542,-44.485588],[-68.216452,-44.486331],[-68.20476,-44.492526],[-68.196205,-44.497201],[-68.19575,-44.497549],[-68.195392,-44.498048],[-68.195018,-44.498883],[-68.19401,-44.503012],[-68.192847,-44.507497],[-68.192611,-44.508405],[-68.1924,-44.508672],[-68.19214,-44.508846],[-68.191717,-44.509008],[-68.185082,-44.510504],[-68.183472,-44.510806],[-68.177554,-44.511379],[-68.174837,-44.511699],[-68.173763,-44.511757],[-68.165632,-44.511641],[-68.164494,-44.511687],[-68.160623,-44.512058],[-68.159826,-44.512186],[-68.158102,-44.51258],[-68.15755,-44.512661],[-68.156932,-44.512568],[-68.152248,-44.511281],[-68.151728,-44.511165],[-68.151207,-44.511177],[-68.150638,-44.511362],[-68.146654,-44.513009],[-68.145971,-44.513241],[-68.145157,-44.513322],[-68.13379,-44.513786],[-68.133107,-44.51389],[-68.13244,-44.514076],[-68.12722,-44.516233],[-68.126521,-44.516569],[-68.125984,-44.51701],[-68.124716,-44.518819],[-68.124358,-44.519364],[-68.12265,-44.524129],[-68.120455,-44.531085],[-68.120195,-44.531572],[-68.119739,-44.532048],[-68.10324,-44.543273],[-68.068548,-44.566869],[-68.034911,-44.589739],[-68.034423,-44.589994],[-68.033935,-44.590063],[-68.033269,-44.590075],[-68.00585,-44.588407],[-68.005095,-44.588337],[-68.004469,-44.588175],[-67.990742,-44.582732],[-67.990189,-44.582535],[-67.98778,-44.582024],[-67.987213,-44.582002],[-67.98499,-44.582473],[-67.983814,-44.582755],[-67.983099,-44.582824],[-67.982253,-44.58279],[-67.979284,-44.582277],[-67.963063,-44.581446],[-67.962006,-44.581481],[-67.960982,-44.581655],[-67.959225,-44.582153],[-67.958282,-44.582361],[-67.957144,-44.582454],[-67.956461,-44.582477],[-67.953845,-44.582566],[-67.944849,-44.582535],[-67.944117,-44.582593],[-67.943337,-44.58272],[-67.922814,-44.586982],[-67.917171,-44.588511],[-67.916439,-44.58865],[-67.915593,-44.58872],[-67.909138,-44.588853],[-67.896355,-44.588986],[-67.895704,-44.589021],[-67.89494,-44.589171],[-67.875243,-44.59518],[-67.849584,-44.60257],[-67.848949,-44.602616],[-67.848396,-44.602558],[-67.848006,-44.602431],[-67.846006,-44.601319],[-67.844933,-44.600509],[-67.842818,-44.598459],[-67.842363,-44.59817],[-67.840314,-44.59766],[-67.839859,-44.597672],[-67.839354,-44.597811],[-67.833012,-44.600462],[-67.832134,-44.60096],[-67.827322,-44.604923],[-67.82729,-44.604954],[-67.827135,-44.605026],[-67.827012,-44.605043],[-67.826888,-44.605039],[-67.826726,-44.604913],[-67.826638,-44.604706],[-67.826337,-44.604213],[-67.825791,-44.603331],[-67.825404,-44.60298],[-67.822551,-44.600566],[-67.8221,-44.60026],[-67.821671,-44.600138],[-67.821295,-44.600119],[-67.82092,-44.600169],[-67.820426,-44.600383],[-67.817851,-44.602109],[-67.816993,-44.602415],[-67.815706,-44.602659],[-67.812659,-44.60301],[-67.811993,-44.603179],[-67.811221,-44.603515],[-67.80974,-44.604477],[-67.809376,-44.604569],[-67.809032,-44.604508],[-67.80768,-44.60356],[-67.807316,-44.603179],[-67.806929,-44.60272],[-67.806672,-44.602506],[-67.806163,-44.602244],[-67.805985,-44.602017],[-67.80569,-44.601154],[-67.805492,-44.600169],[-67.805299,-44.599649],[-67.802037,-44.595524],[-67.801387,-44.594956],[-67.791845,-44.589274],[-67.791308,-44.588846],[-67.790729,-44.588342],[-67.785279,-44.581526],[-67.784892,-44.58093],[-67.784592,-44.580365],[-67.784098,-44.578867],[-67.783798,-44.57824],[-67.783412,-44.577614],[-67.782918,-44.57717],[-67.782468,-44.576926],[-67.781867,-44.576849],[-67.721893,-44.576085],[-67.71803,-44.575963],[-67.71624,-44.575888],[-67.711189,-44.575324],[-67.70404,-44.574618],[-67.702967,-44.574526],[-67.70168,-44.574526],[-67.70065,-44.574602],[-67.699319,-44.574786],[-67.698847,-44.574801],[-67.698461,-44.574755],[-67.698024,-44.574592],[-67.696809,-44.574006],[-67.696143,-44.573762],[-67.69535,-44.573594],[-67.676622,-44.571559],[-67.666767,-44.570449],[-67.656836,-44.569358],[-67.653593,-44.569008],[-67.649752,-44.568702],[-67.644008,-44.568441],[-67.635591,-44.568045],[-67.625022,-44.567543],[-67.614456,-44.567007],[-67.612737,-44.566822],[-67.610906,-44.566576],[-67.609004,-44.566195],[-67.607359,-44.565867],[-67.591981,-44.561172],[-67.579736,-44.557343],[-67.577547,-44.556808],[-67.575508,-44.55638],[-67.573406,-44.556059],[-67.571539,-44.555875],[-67.569522,-44.555738],[-67.565917,-44.555738],[-67.55684,-44.556135],[-67.524139,-44.557955],[-67.522336,-44.558],[-67.520555,-44.557955],[-67.49253,-44.556058],[-67.462973,-44.554057],[-67.405401,-44.550077],[-67.375065,-44.547894],[-67.344859,-44.545817],[-67.341385,-44.545604],[-67.337724,-44.545444],[-67.324277,-44.545156],[-67.228361,-44.5431],[-67.211412,-44.542736],[-67.1366,-44.541132],[-67.134776,-44.541132],[-67.133188,-44.541178],[-67.131536,-44.541347],[-67.130184,-44.541576],[-67.126536,-44.542319],[-67.073772,-44.553061],[-67.072205,-44.553305],[-67.070618,-44.553397],[-67.069008,-44.553351],[-67.067099,-44.553137],[-67.059824,-44.551853],[-67.059245,-44.551654],[-67.058794,-44.551287],[-67.054288,-44.543763],[-67.054167,-44.543638],[-67.053979,-44.543585],[-67.053791,-44.543638],[-67.053577,-44.543764],[-67.05177,-44.545186],[-67.051607,-44.545347],[-67.051569,-44.545544],[-67.051469,-44.545759],[-67.05128,-44.545902],[-67.050991,-44.546027],[-67.050678,-44.546099],[-67.050301,-44.546269],[-67.049824,-44.546555],[-67.049385,-44.546752],[-67.04892,-44.546814],[-67.048632,-44.546868],[-67.04833,-44.547002],[-67.047929,-44.547288],[-67.047715,-44.547539],[-67.047577,-44.548013],[-67.047402,-44.548353],[-67.047188,-44.54863],[-67.047037,-44.548872],[-67.046887,-44.54906],[-67.046711,-44.549167],[-67.045958,-44.549409],[-67.045443,-44.549641],[-67.045042,-44.549713],[-67.044464,-44.54974],[-67.043862,-44.549856],[-67.040322,-44.551377],[-67.039707,-44.551654],[-67.03938,-44.551895],[-67.039092,-44.552226],[-67.038828,-44.552369],[-67.037891,-44.552716],[-67.037259,-44.553049],[-67.035727,-44.554078],[-67.034987,-44.554418],[-67.03333,-44.555044],[-67.025536,-44.557283],[-67.018681,-44.559203],[-67.017162,-44.559543],[-67.015568,-44.55982],[-67.01455,-44.559919],[-67.004891,-44.560857],[-67.0046,-44.5609],[-67.004325,-44.560943],[-67.004013,-44.561022],[-67.003711,-44.561117],[-67.003473,-44.561222],[-67.003248,-44.561359],[-67.003081,-44.561471],[-67.002894,-44.561602],[-67.002764,-44.561716],[-67.002642,-44.561831],[-67.002481,-44.561987],[-67.002222,-44.562217],[-67.002055,-44.562355],[-67.001876,-44.562491],[-67.001628,-44.562672],[-67.000895,-44.563201],[-67.000533,-44.563444],[-67.000197,-44.563641],[-66.999298,-44.564123],[-66.998234,-44.564754],[-66.998169,-44.564792],[-66.998098,-44.564834],[-66.997837,-44.564988],[-66.997367,-44.565124],[-66.996312,-44.565446],[-66.991139,-44.566683],[-66.987414,-44.567564],[-66.98731,-44.567588],[-66.98543,-44.567951],[-66.974292,-44.570529],[-66.938866,-44.578449],[-66.933108,-44.579742],[-66.913059,-44.584242],[-66.903015,-44.586479],[-66.901579,-44.586884],[-66.900161,-44.587385],[-66.898889,-44.588048],[-66.898096,-44.588598],[-66.897559,-44.589026],[-66.896787,-44.589821],[-66.892312,-44.59447],[-66.886904,-44.600135],[-66.885961,-44.600993],[-66.884975,-44.601758],[-66.882901,-44.603166],[-66.872278,-44.609626],[-66.87166,-44.610172],[-66.87125,-44.610708],[-66.870496,-44.611948],[-66.870072,-44.612509],[-66.869615,-44.612901],[-66.868901,-44.613324],[-66.866021,-44.614506],[-66.837531,-44.625725],[-66.836378,-44.626179],[-66.825975,-44.630205],[-66.817804,-44.633399],[-66.816253,-44.633965],[-66.814608,-44.634446],[-66.812666,-44.634854],[-66.810739,-44.635187],[-66.809087,-44.635368],[-66.731698,-44.64183],[-66.693383,-44.645088],[-66.691667,-44.645155],[-66.689864,-44.645131],[-66.688603,-44.645074],[-66.687284,-44.644946],[-66.685904,-44.644739],[-66.684345,-44.644476],[-66.680292,-44.64349],[-66.679773,-44.643397],[-66.679308,-44.643432],[-66.678807,-44.643698],[-66.677555,-44.644734],[-66.676387,-44.645831],[-66.675526,-44.646553],[-66.671366,-44.649257],[-66.671057,-44.649575],[-66.670211,-44.650567],[-66.669437,-44.651283],[-66.66856,-44.651961],[-66.667007,-44.653482],[-66.666666,-44.653705],[-66.664487,-44.654873],[-66.663967,-44.655058],[-66.663592,-44.655116],[-66.663107,-44.655146],[-66.662828,-44.65522],[-66.659468,-44.656995],[-66.659085,-44.657141],[-66.658812,-44.657175],[-66.658486,-44.657221],[-66.658077,-44.657372],[-66.657691,-44.657638],[-66.657526,-44.657808],[-66.657448,-44.658034],[-66.657248,-44.658674],[-66.656588,-44.659982],[-66.656371,-44.660461],[-66.656228,-44.661092],[-66.656293,-44.661812],[-66.656464,-44.662511],[-66.661299,-44.684054],[-66.661201,-44.684216],[-66.660941,-44.684273],[-66.638443,-44.683912],[-66.637743,-44.683965],[-66.62536,-44.688285],[-66.624066,-44.688723],[-66.623254,-44.688928],[-66.624534,-44.690222],[-66.62889,-44.694655],[-66.645783,-44.711806],[-66.6532,-44.719203],[-66.659267,-44.725429],[-66.682901,-44.749426],[-66.684194,-44.750964],[-66.685176,-44.752276],[-66.686056,-44.753677],[-66.687618,-44.756508],[-66.699897,-44.78067],[-66.70482,-44.790354],[-66.710173,-44.800884],[-66.711289,-44.803031],[-66.711933,-44.804173],[-66.712748,-44.805391],[-66.714508,-44.807644],[-66.725959,-44.821678],[-66.743785,-44.844459],[-66.745129,-44.846102],[-66.746337,-44.847351],[-66.74752,-44.848382],[-66.748703,-44.849274],[-66.750465,-44.850427],[-66.752242,-44.851306],[-66.754088,-44.852148],[-66.756018,-44.852944],[-66.760263,-44.854743],[-66.798198,-44.870789],[-66.801019,-44.871874],[-66.803838,-44.872783],[-66.805446,-44.873238],[-66.807099,-44.873635],[-66.812077,-44.874487],[-66.815197,-44.875078],[-66.817121,-44.875488],[-66.819101,-44.876004],[-66.820782,-44.876462],[-66.822205,-44.87692],[-66.825322,-44.878043],[-66.8279,-44.879036],[-66.830309,-44.880121],[-66.834565,-44.882029],[-66.852688,-44.890749],[-66.854873,-44.891794],[-66.856966,-44.892668],[-66.86087,-44.894309],[-66.862962,-44.895129],[-66.864568,-44.89587],[-66.865726,-44.896651],[-66.867111,-44.89792],[-66.867744,-44.898649],[-66.868484,-44.89985],[-66.872414,-44.907567],[-66.873105,-44.908731],[-66.873834,-44.909829],[-66.874408,-44.910564],[-66.875197,-44.91139],[-66.876053,-44.912111],[-66.877081,-44.912892],[-66.878279,-44.913652],[-66.879512,-44.91434],[-66.881544,-44.915202],[-66.888582,-44.917633],[-66.904114,-44.922554],[-66.906094,-44.923255],[-66.908149,-44.924102],[-66.915361,-44.927357],[-66.922738,-44.930662],[-66.923971,-44.93123],[-66.925353,-44.931971],[-66.929206,-44.93418],[-66.930452,-44.934895],[-66.932433,-44.936031],[-66.939737,-44.940249],[-66.940652,-44.940685],[-66.941642,-44.941055],[-66.94351,-44.941637],[-66.947073,-44.942791],[-66.997134,-44.958543],[-66.997773,-44.958751],[-66.998877,-44.959154],[-66.999698,-44.95948],[-67.000652,-44.959973],[-67.003595,-44.961573],[-67.011028,-44.965808],[-67.014884,-44.968006],[-67.017648,-44.969557],[-67.019536,-44.970662],[-67.021419,-44.971865],[-67.037091,-44.981817],[-67.047912,-44.988781],[-67.049971,-44.990182],[-67.053815,-44.992797],[-67.061358,-44.998382],[-67.065667,-45.001572],[-67.066424,-45.002097],[-67.067321,-45.002599],[-67.067968,-45.002896],[-67.068778,-45.003193],[-67.069677,-45.003492],[-67.070739,-45.003814],[-67.094302,-45.009645],[-67.095181,-45.009902],[-67.096339,-45.010301],[-67.097122,-45.010651],[-67.097743,-45.010977],[-67.09879,-45.011616],[-67.099713,-45.012301],[-67.100466,-45.012973],[-67.10123,-45.013826],[-67.101668,-45.014499],[-67.10206,-45.015203],[-67.102355,-45.015955],[-67.102543,-45.01665],[-67.102628,-45.017112],[-67.10268,-45.017574],[-67.102696,-45.018237],[-67.102643,-45.018922],[-67.101413,-45.025697],[-67.100874,-45.028419],[-67.100751,-45.028882],[-67.100571,-45.029405],[-67.100351,-45.029894],[-67.100131,-45.030342],[-67.086669,-45.053552],[-67.086329,-45.054274],[-67.086087,-45.054787],[-67.08585,-45.055457],[-67.085686,-45.05611],[-67.085589,-45.056743],[-67.085492,-45.057481],[-67.085478,-45.058468],[-67.085515,-45.062783],[-67.0856,-45.063661],[-67.085627,-45.063933],[-67.085739,-45.064802],[-67.085967,-45.065622],[-67.089533,-45.075278],[-67.089771,-45.075845],[-67.090064,-45.076374],[-67.090335,-45.076873],[-67.090778,-45.077477],[-67.091307,-45.078112],[-67.092102,-45.078933],[-67.092941,-45.079724],[-67.114705,-45.099155],[-67.128504,-45.111371],[-67.128665,-45.111514],[-67.138485,-45.120205],[-67.16603,-45.144593],[-67.169017,-45.147237],[-67.196363,-45.171504],[-67.202643,-45.177729],[-67.223428,-45.198905],[-67.235092,-45.210818],[-67.237657,-45.213517],[-67.23902,-45.214992],[-67.239182,-45.215157],[-67.24041,-45.216541],[-67.245895,-45.222233],[-67.266573,-45.240962],[-67.267497,-45.241751],[-67.268495,-45.242498],[-67.270134,-45.243391],[-67.270959,-45.243792],[-67.272589,-45.244583],[-67.293029,-45.253769],[-67.294329,-45.254443],[-67.295107,-45.254923],[-67.295887,-45.255507],[-67.296904,-45.256376],[-67.29779,-45.25735],[-67.298587,-45.25846],[-67.299884,-45.260891],[-67.304945,-45.270375],[-67.308523,-45.277607],[-67.315651,-45.293447],[-67.315922,-45.294049],[-67.316507,-45.295376],[-67.316849,-45.296462],[-67.317247,-45.297788],[-67.316999,-45.297829],[-67.316917,-45.297851],[-67.316848,-45.297886],[-67.316749,-45.297991],[-67.316622,-45.298156],[-67.316512,-45.298289],[-67.316418,-45.298439],[-67.316342,-45.298586],[-67.316137,-45.299014],[-67.316098,-45.299079],[-67.316058,-45.299137],[-67.315999,-45.299199],[-67.31563,-45.299532],[-67.315523,-45.29964],[-67.315432,-45.299737],[-67.315365,-45.299824],[-67.314642,-45.300778],[-67.314536,-45.300904],[-67.314412,-45.301041],[-67.31412,-45.301357],[-67.31399,-45.301507],[-67.313874,-45.301657],[-67.313757,-45.301851],[-67.313699,-45.301946],[-67.313626,-45.302041],[-67.313322,-45.302425],[-67.31318,-45.302614],[-67.313059,-45.302767],[-67.313023,-45.302812],[-67.3127,-45.303203],[-67.311763,-45.304316],[-67.311444,-45.304782],[-67.311333,-45.30495],[-67.311237,-45.305117],[-67.31114,-45.305364],[-67.31111,-45.305454],[-67.311093,-45.305531],[-67.31108,-45.305662],[-67.311089,-45.305762],[-67.311123,-45.305928],[-67.311218,-45.306208],[-67.311246,-45.306324],[-67.311243,-45.306411],[-67.311226,-45.306494],[-67.311194,-45.306587],[-67.311151,-45.306655],[-67.311092,-45.30672],[-67.310982,-45.306791],[-67.310868,-45.306847],[-67.310325,-45.307042],[-67.31005,-45.307121],[-67.310007,-45.307137],[-67.30997,-45.307152],[-67.30972,-45.307263],[-67.309116,-45.307522],[-67.308834,-45.307627],[-67.30813,-45.307824],[-67.30796,-45.307885],[-67.307801,-45.307952],[-67.307606,-45.308049],[-67.307316,-45.308207],[-67.307257,-45.308275],[-67.307216,-45.308363],[-67.307207,-45.308447],[-67.307223,-45.30853],[-67.30728,-45.308632],[-67.307424,-45.308842],[-67.307528,-45.309015],[-67.307598,-45.309153],[-67.307637,-45.30927],[-67.307674,-45.30942],[-67.307689,-45.309589],[-67.307616,-45.310321],[-67.307579,-45.311047],[-67.307566,-45.311182],[-67.307543,-45.311276],[-67.307486,-45.311378],[-67.307399,-45.311502],[-67.306661,-45.312311],[-67.30656,-45.312395],[-67.306443,-45.312482],[-67.305887,-45.312853],[-67.305784,-45.312905],[-67.305657,-45.312958],[-67.304644,-45.313259],[-67.30427,-45.313334],[-67.304142,-45.31336],[-67.304002,-45.313379],[-67.30385,-45.313387],[-67.303703,-45.313387],[-67.303556,-45.31338],[-67.302916,-45.313251],[-67.302758,-45.313224],[-67.302576,-45.313203],[-67.30228,-45.313185],[-67.30173,-45.31315],[-67.301547,-45.313124],[-67.301409,-45.313099],[-67.300522,-45.312836],[-67.300397,-45.312803],[-67.300274,-45.31278],[-67.300158,-45.312763],[-67.300025,-45.312752],[-67.299863,-45.312752],[-67.299313,-45.312789],[-67.299148,-45.312785],[-67.299005,-45.312772],[-67.298002,-45.312599],[-67.297674,-45.312563],[-67.297315,-45.31254],[-67.296948,-45.312499],[-67.296737,-45.31246],[-67.29657,-45.312421],[-67.296367,-45.312351],[-67.296146,-45.312258],[-67.296022,-45.312202],[-67.295847,-45.312129],[-67.295667,-45.312065],[-67.295524,-45.312021],[-67.295378,-45.31198],[-67.295129,-45.311918],[-67.294997,-45.311894],[-67.29482,-45.311867],[-67.293438,-45.311748],[-67.293269,-45.311739],[-67.2931,-45.311737],[-67.292886,-45.311769],[-67.292626,-45.311821],[-67.292301,-45.311914],[-67.292206,-45.311957],[-67.292067,-45.312012],[-67.291834,-45.312073],[-67.291075,-45.312223],[-67.290847,-45.31224],[-67.290607,-45.312244],[-67.290198,-45.312242],[-67.289888,-45.312251],[-67.289632,-45.312274],[-67.289222,-45.312327],[-67.288809,-45.312385],[-67.288624,-45.312401],[-67.288395,-45.312405],[-67.288129,-45.3124],[-67.287889,-45.31241],[-67.287634,-45.312453],[-67.287377,-45.312519],[-67.285429,-45.313178],[-67.285276,-45.31325],[-67.285132,-45.313344],[-67.285029,-45.313414],[-67.284899,-45.31349],[-67.284726,-45.313574],[-67.28452,-45.313649],[-67.283702,-45.313921],[-67.283452,-45.314024],[-67.283229,-45.314127],[-67.28304,-45.314225],[-67.282961,-45.314282],[-67.282887,-45.31434],[-67.282476,-45.314725],[-67.282338,-45.314839],[-67.282178,-45.314953],[-67.281977,-45.315071],[-67.28177,-45.315164],[-67.281537,-45.315237],[-67.281383,-45.315273],[-67.281207,-45.315309],[-67.280982,-45.31534],[-67.280713,-45.31537],[-67.280143,-45.31539],[-67.280014,-45.315415],[-67.279877,-45.315451],[-67.279767,-45.315488],[-67.279201,-45.315732],[-67.278136,-45.316182],[-67.277396,-45.316439],[-67.27683,-45.316622],[-67.276551,-45.316667],[-67.276304,-45.316652],[-67.276076,-45.316605],[-67.275853,-45.316607],[-67.275596,-45.316713],[-67.275145,-45.317022],[-67.274821,-45.317405],[-67.274287,-45.317935],[-67.273504,-45.318538],[-67.272686,-45.318921],[-67.271914,-45.319185],[-67.27153,-45.31927],[-67.270897,-45.319512],[-67.270188,-45.319708],[-67.269135,-45.319962],[-67.267987,-45.320301],[-67.266388,-45.320588],[-67.265948,-45.320603],[-67.265296,-45.320575],[-67.264963,-45.320636],[-67.264446,-45.320865],[-67.264189,-45.320958],[-67.26373,-45.321073],[-67.262013,-45.32133],[-67.259846,-45.321601],[-67.25946,-45.321631],[-67.259155,-45.321632],[-67.258623,-45.321541],[-67.258172,-45.321556],[-67.257443,-45.321465],[-67.256638,-45.3213],[-67.254664,-45.321036],[-67.253838,-45.320922],[-67.253534,-45.320905],[-67.253042,-45.320876],[-67.252688,-45.320914],[-67.252227,-45.321012],[-67.251788,-45.320998],[-67.250866,-45.3209],[-67.250233,-45.320892],[-67.249684,-45.320876],[-67.248484,-45.320756],[-67.247603,-45.320534],[-67.247229,-45.320477],[-67.24578,-45.3205],[-67.244727,-45.320461],[-67.244337,-45.320529],[-67.243817,-45.320741],[-67.243332,-45.320997],[-67.242753,-45.321374],[-67.241939,-45.321594],[-67.24153,-45.321668],[-67.241216,-45.321651],[-67.240888,-45.32145],[-67.240607,-45.321238],[-67.240221,-45.321073],[-67.23989,-45.320998],[-67.239418,-45.320968],[-67.238837,-45.32102],[-67.238399,-45.321036],[-67.238086,-45.320952],[-67.237689,-45.320839],[-67.23726,-45.320771],[-67.23652,-45.320725],[-67.235223,-45.320696],[-67.234418,-45.320734],[-67.234064,-45.320809],[-67.233753,-45.320907],[-67.233195,-45.321284],[-67.232915,-45.321442],[-67.23255,-45.321578],[-67.231532,-45.32173],[-67.230942,-45.32176],[-67.228571,-45.322144],[-67.228228,-45.322175],[-67.227861,-45.322106],[-67.227563,-45.322039],[-67.227305,-45.322069],[-67.22652,-45.322249],[-67.226179,-45.322265],[-67.225857,-45.322288],[-67.225072,-45.322166],[-67.224773,-45.321994],[-67.224546,-45.321819],[-67.224355,-45.321752],[-67.223849,-45.321767],[-67.223496,-45.321707],[-67.223185,-45.321616],[-67.223055,-45.321472],[-67.222863,-45.321337],[-67.222561,-45.321254],[-67.222122,-45.321216],[-67.221383,-45.321149],[-67.220072,-45.320884],[-67.218227,-45.320477],[-67.217562,-45.320265],[-67.216306,-45.319798],[-67.216072,-45.319715],[-67.215203,-45.31964],[-67.21486,-45.31967],[-67.214591,-45.319806],[-67.21427,-45.320062],[-67.213873,-45.320296],[-67.21371,-45.320461],[-67.213486,-45.320839],[-67.213313,-45.320982],[-67.213057,-45.321066],[-67.212349,-45.321141],[-67.211888,-45.321179],[-67.211512,-45.321247],[-67.211137,-45.321383],[-67.210631,-45.321631],[-67.210354,-45.321722],[-67.209946,-45.321767],[-67.209399,-45.321805],[-67.208873,-45.321752],[-67.208444,-45.321647],[-67.208143,-45.321647],[-67.207929,-45.32173],[-67.207777,-45.32188],[-67.207618,-45.322386],[-67.207425,-45.32271],[-67.207146,-45.322906],[-67.206599,-45.323201],[-67.206223,-45.323472],[-67.205676,-45.323744],[-67.205139,-45.323978],[-67.203981,-45.324423],[-67.203433,-45.324664],[-67.20311,-45.324867],[-67.202704,-45.325305],[-67.202371,-45.325826],[-67.201931,-45.326195],[-67.201758,-45.326459],[-67.201771,-45.326769],[-67.201964,-45.3275],[-67.202007,-45.327945],[-67.201921,-45.328413],[-67.201683,-45.328925],[-67.201449,-45.32919],[-67.200387,-45.329876],[-67.200063,-45.330094],[-67.199754,-45.330434],[-67.199507,-45.330683],[-67.198659,-45.331128],[-67.194346,-45.33416],[-67.193949,-45.334386],[-67.193197,-45.334612],[-67.192617,-45.334763],[-67.191535,-45.334854],[-67.190291,-45.334892],[-67.189956,-45.334914],[-67.189595,-45.334993],[-67.188445,-45.335307],[-67.184336,-45.336083],[-67.183854,-45.336159],[-67.181783,-45.336272],[-67.181118,-45.336332],[-67.180399,-45.336408],[-67.179775,-45.336369],[-67.177438,-45.335978],[-67.176611,-45.335857],[-67.175378,-45.335804],[-67.174443,-45.335728],[-67.173114,-45.335465],[-67.172565,-45.335442],[-67.167481,-45.335065],[-67.166709,-45.334982],[-67.165784,-45.335012],[-67.16484,-45.335087],[-67.164466,-45.335171],[-67.163542,-45.335472],[-67.162557,-45.335608],[-67.161334,-45.33585],[-67.160952,-45.33592],[-67.160668,-45.336249],[-67.159905,-45.336882],[-67.15954,-45.337146],[-67.158909,-45.337388],[-67.158349,-45.337772],[-67.15762,-45.338345],[-67.153695,-45.340178],[-67.152976,-45.340503],[-67.151742,-45.340835],[-67.150916,-45.341204],[-67.147942,-45.34287],[-67.145871,-45.343999],[-67.138726,-45.348282],[-67.138267,-45.348903],[-67.137795,-45.349491],[-67.13567,-45.35124],[-67.13449,-45.35213],[-67.133374,-45.352869],[-67.132967,-45.353216],[-67.130744,-45.356003],[-67.130027,-45.358719],[-67.132602,-45.364132],[-67.132537,-45.367856],[-67.132645,-45.367991],[-67.135112,-45.369499],[-67.135542,-45.369604],[-67.137559,-45.369408],[-67.138395,-45.369484],[-67.13891,-45.369378],[-67.139104,-45.369016],[-67.139187,-45.368949],[-67.139404,-45.368775],[-67.139855,-45.36876],[-67.140112,-45.368986],[-67.14037,-45.369273],[-67.14067,-45.369227],[-67.140863,-45.369182],[-67.141271,-45.369695],[-67.142022,-45.37084],[-67.142987,-45.37283],[-67.143524,-45.374172],[-67.143438,-45.374956],[-67.143567,-45.375438],[-67.143245,-45.376176],[-67.142674,-45.376672],[-67.141923,-45.377094],[-67.141614,-45.377473],[-67.141528,-45.378121],[-67.142022,-45.381753],[-67.142708,-45.38433],[-67.143058,-45.385266],[-67.143459,-45.386289],[-67.143824,-45.386711],[-67.14391,-45.387646],[-67.144296,-45.388354],[-67.144554,-45.389123],[-67.146142,-45.390976],[-67.146421,-45.391639],[-67.146335,-45.392845],[-67.145991,-45.393327],[-67.145069,-45.395316],[-67.144618,-45.395813],[-67.142352,-45.397483],[-67.141421,-45.398359],[-67.141258,-45.398794],[-67.141271,-45.399354],[-67.140949,-45.401358],[-67.140541,-45.40196],[-67.140391,-45.402955],[-67.139804,-45.403559],[-67.139061,-45.404943],[-67.138395,-45.405983],[-67.129533,-45.408438],[-67.127752,-45.408875],[-67.127418,-45.409009],[-67.12683,-45.409659],[-67.126594,-45.410186],[-67.126658,-45.411301],[-67.126894,-45.411798],[-67.127538,-45.41246],[-67.12816,-45.413138],[-67.12816,-45.413138],[-67.129212,-45.41356],[-67.129598,-45.413846],[-67.129984,-45.414057],[-67.130885,-45.414328],[-67.13125,-45.414464],[-67.131572,-45.414855],[-67.131765,-45.415202],[-67.132409,-45.415609],[-67.134297,-45.416949],[-67.134984,-45.417853],[-67.135123,-45.418049],[-67.134984,-45.417853],[-67.134297,-45.416949],[-67.132409,-45.415609],[-67.131765,-45.415202],[-67.131572,-45.414855],[-67.13125,-45.414464],[-67.130885,-45.414328],[-67.129984,-45.414057],[-67.129598,-45.413846],[-67.129212,-45.41356],[-67.12816,-45.413138],[-67.127538,-45.41246],[-67.126894,-45.411798],[-67.126658,-45.411301],[-67.126594,-45.410186],[-67.12683,-45.409659],[-67.127418,-45.409009],[-67.127752,-45.408875],[-67.129533,-45.408438],[-67.138395,-45.405983],[-67.139061,-45.404943],[-67.139804,-45.403559],[-67.140391,-45.402955],[-67.140541,-45.40196],[-67.140949,-45.401358],[-67.141271,-45.399354],[-67.141258,-45.398794],[-67.141421,-45.398359],[-67.142352,-45.397483],[-67.144618,-45.395813],[-67.145069,-45.395316],[-67.145991,-45.393327],[-67.146335,-45.392845],[-67.146421,-45.391639],[-67.146142,-45.390976],[-67.144554,-45.389123],[-67.144296,-45.388354],[-67.14391,-45.387646],[-67.143824,-45.386711],[-67.143459,-45.386289],[-67.143058,-45.385266],[-67.142708,-45.38433],[-67.142022,-45.381753],[-67.141528,-45.378121],[-67.141614,-45.377473],[-67.141923,-45.377094],[-67.142674,-45.376672],[-67.143245,-45.376176],[-67.143567,-45.375438],[-67.143438,-45.374956],[-67.143524,-45.374172],[-67.142987,-45.37283],[-67.142022,-45.37084],[-67.141271,-45.369695],[-67.140863,-45.369182],[-67.14067,-45.369227],[-67.14037,-45.369273],[-67.140112,-45.368986],[-67.139855,-45.36876],[-67.139404,-45.368775],[-67.139187,-45.368949],[-67.139104,-45.369016],[-67.13891,-45.369378],[-67.138395,-45.369484],[-67.137559,-45.369408],[-67.135542,-45.369604],[-67.135112,-45.369499],[-67.132645,-45.367991],[-67.132537,-45.367856],[-67.132602,-45.364132],[-67.130027,-45.358719],[-67.130744,-45.356003],[-67.132967,-45.353216],[-67.133374,-45.352869],[-67.13449,-45.35213],[-67.13567,-45.35124],[-67.137795,-45.349491],[-67.138267,-45.348903],[-67.138726,-45.348282],[-67.145871,-45.343999],[-67.147942,-45.34287],[-67.150916,-45.341204],[-67.151742,-45.340835],[-67.152976,-45.340503],[-67.153695,-45.340178],[-67.15762,-45.338345],[-67.158349,-45.337772],[-67.158909,-45.337388],[-67.15954,-45.337146],[-67.159905,-45.336882],[-67.160668,-45.336249],[-67.160952,-45.33592],[-67.161334,-45.33585],[-67.162557,-45.335608],[-67.163542,-45.335472],[-67.164466,-45.335171],[-67.16484,-45.335087],[-67.165784,-45.335012],[-67.166709,-45.334982],[-67.167481,-45.335065],[-67.172565,-45.335442],[-67.173114,-45.335465],[-67.174443,-45.335728],[-67.175378,-45.335804],[-67.176611,-45.335857],[-67.177438,-45.335978],[-67.179775,-45.336369],[-67.180399,-45.336408],[-67.181118,-45.336332],[-67.181783,-45.336272],[-67.183854,-45.336159],[-67.184336,-45.336083],[-67.188445,-45.335307],[-67.189595,-45.334993],[-67.189956,-45.334914],[-67.190291,-45.334892],[-67.191535,-45.334854],[-67.192617,-45.334763],[-67.193197,-45.334612],[-67.193949,-45.334386],[-67.194346,-45.33416],[-67.198659,-45.331128],[-67.199507,-45.330683],[-67.199754,-45.330434],[-67.200063,-45.330094],[-67.200387,-45.329876],[-67.201449,-45.32919],[-67.201683,-45.328925],[-67.201921,-45.328413],[-67.202007,-45.327945],[-67.201964,-45.3275],[-67.201771,-45.326769],[-67.201758,-45.326459],[-67.201931,-45.326195],[-67.202371,-45.325826],[-67.202704,-45.325305],[-67.20311,-45.324867],[-67.203433,-45.324664],[-67.203981,-45.324423],[-67.205139,-45.323978],[-67.205676,-45.323744],[-67.206223,-45.323472],[-67.206599,-45.323201],[-67.207146,-45.322906],[-67.207425,-45.32271],[-67.207618,-45.322386],[-67.207777,-45.32188],[-67.207929,-45.32173],[-67.208143,-45.321647],[-67.208444,-45.321647],[-67.208873,-45.321752],[-67.209399,-45.321805],[-67.209946,-45.321767],[-67.210354,-45.321722],[-67.210631,-45.321631],[-67.211137,-45.321383],[-67.211512,-45.321247],[-67.211888,-45.321179],[-67.212349,-45.321141],[-67.213057,-45.321066],[-67.213313,-45.320982],[-67.213486,-45.320839],[-67.21371,-45.320461],[-67.213873,-45.320296],[-67.21427,-45.320062],[-67.214591,-45.319806],[-67.21486,-45.31967],[-67.215203,-45.31964],[-67.216072,-45.319715],[-67.216306,-45.319798],[-67.217562,-45.320265],[-67.218227,-45.320477],[-67.220072,-45.320884],[-67.221383,-45.321149],[-67.222122,-45.321216],[-67.222561,-45.321254],[-67.222863,-45.321337],[-67.223055,-45.321472],[-67.223185,-45.321616],[-67.223496,-45.321707],[-67.223849,-45.321767],[-67.224355,-45.321752],[-67.224546,-45.321819],[-67.224773,-45.321994],[-67.225072,-45.322166],[-67.225857,-45.322288],[-67.226179,-45.322265],[-67.22652,-45.322249],[-67.227305,-45.322069],[-67.227563,-45.322039],[-67.227861,-45.322106],[-67.228228,-45.322175],[-67.228571,-45.322144],[-67.230942,-45.32176],[-67.231532,-45.32173],[-67.23255,-45.321578],[-67.232915,-45.321442],[-67.233195,-45.321284],[-67.233753,-45.320907],[-67.234064,-45.320809],[-67.234418,-45.320734],[-67.235223,-45.320696],[-67.23652,-45.320725],[-67.23726,-45.320771],[-67.237689,-45.320839],[-67.238086,-45.320952],[-67.238399,-45.321036],[-67.238837,-45.32102],[-67.239418,-45.320968],[-67.23989,-45.320998],[-67.240221,-45.321073],[-67.240607,-45.321238],[-67.240888,-45.32145],[-67.241216,-45.321651],[-67.24153,-45.321668],[-67.241939,-45.321594],[-67.242753,-45.321374],[-67.243332,-45.320997],[-67.243817,-45.320741],[-67.244337,-45.320529],[-67.244727,-45.320461],[-67.24578,-45.3205],[-67.247229,-45.320477],[-67.247603,-45.320534],[-67.248484,-45.320756],[-67.249684,-45.320876],[-67.250233,-45.320892],[-67.250866,-45.3209],[-67.251788,-45.320998],[-67.252227,-45.321012],[-67.252688,-45.320914],[-67.253042,-45.320876],[-67.253534,-45.320905],[-67.253838,-45.320922],[-67.254664,-45.321036],[-67.256638,-45.3213],[-67.257443,-45.321465],[-67.258172,-45.321556],[-67.258623,-45.321541],[-67.259155,-45.321632],[-67.25946,-45.321631],[-67.259846,-45.321601],[-67.262013,-45.32133],[-67.26373,-45.321073],[-67.264189,-45.320958],[-67.264446,-45.320865],[-67.264963,-45.320636],[-67.265296,-45.320575],[-67.265948,-45.320603],[-67.266388,-45.320588],[-67.267987,-45.320301],[-67.269135,-45.319962],[-67.270188,-45.319708],[-67.270897,-45.319512],[-67.27153,-45.31927],[-67.271914,-45.319185],[-67.272686,-45.318921],[-67.273504,-45.318538],[-67.274287,-45.317935],[-67.274821,-45.317405],[-67.275145,-45.317022],[-67.275596,-45.316713],[-67.275853,-45.316607],[-67.276076,-45.316605],[-67.276304,-45.316652],[-67.276551,-45.316667],[-67.27683,-45.316622],[-67.277396,-45.316439],[-67.278136,-45.316182],[-67.279201,-45.315732],[-67.279767,-45.315488],[-67.279877,-45.315451],[-67.280014,-45.315415],[-67.280143,-45.31539],[-67.280713,-45.31537],[-67.280982,-45.31534],[-67.281207,-45.315309],[-67.281383,-45.315273],[-67.281537,-45.315237],[-67.28177,-45.315164],[-67.281977,-45.315071],[-67.282178,-45.314953],[-67.282338,-45.314839],[-67.282476,-45.314725],[-67.282887,-45.31434],[-67.282961,-45.314282],[-67.28304,-45.314225],[-67.283229,-45.314127],[-67.283452,-45.314024],[-67.283702,-45.313921],[-67.28452,-45.313649],[-67.284726,-45.313574],[-67.284899,-45.31349],[-67.285029,-45.313414],[-67.285132,-45.313344],[-67.285276,-45.31325],[-67.285429,-45.313178],[-67.287377,-45.312519],[-67.287634,-45.312453],[-67.287889,-45.31241],[-67.288129,-45.3124],[-67.288395,-45.312405],[-67.288624,-45.312401],[-67.288809,-45.312385],[-67.289222,-45.312327],[-67.289632,-45.312274],[-67.289888,-45.312251],[-67.290198,-45.312242],[-67.290607,-45.312244],[-67.290847,-45.31224],[-67.291075,-45.312223],[-67.291834,-45.312073],[-67.292067,-45.312012],[-67.292206,-45.311957],[-67.292301,-45.311914],[-67.292626,-45.311821],[-67.292886,-45.311769],[-67.2931,-45.311737],[-67.293269,-45.311739],[-67.293438,-45.311748],[-67.29482,-45.311867],[-67.294997,-45.311894],[-67.295129,-45.311918],[-67.295378,-45.31198],[-67.295524,-45.312021],[-67.295667,-45.312065],[-67.295847,-45.312129],[-67.296022,-45.312202],[-67.296146,-45.312258],[-67.296367,-45.312351],[-67.29657,-45.312421],[-67.296737,-45.31246],[-67.296948,-45.312499],[-67.297315,-45.31254],[-67.297674,-45.312563],[-67.298002,-45.312599],[-67.299005,-45.312772],[-67.299148,-45.312785],[-67.299313,-45.312789],[-67.299863,-45.312752],[-67.300025,-45.312752],[-67.300158,-45.312763],[-67.300274,-45.31278],[-67.300397,-45.312803],[-67.300522,-45.312836],[-67.301409,-45.313099],[-67.301547,-45.313124],[-67.30173,-45.31315],[-67.30228,-45.313185],[-67.302576,-45.313203],[-67.302758,-45.313224],[-67.302916,-45.313251],[-67.303556,-45.31338],[-67.303703,-45.313387],[-67.30385,-45.313387],[-67.304002,-45.313379],[-67.304142,-45.31336],[-67.30427,-45.313334],[-67.304644,-45.313259],[-67.305657,-45.312958],[-67.305784,-45.312905],[-67.305887,-45.312853],[-67.306443,-45.312482],[-67.30656,-45.312395],[-67.306661,-45.312311],[-67.307399,-45.311502],[-67.307486,-45.311378],[-67.307543,-45.311276],[-67.307566,-45.311182],[-67.307579,-45.311047],[-67.307616,-45.310321],[-67.307689,-45.309589],[-67.307674,-45.30942],[-67.307637,-45.30927],[-67.307598,-45.309153],[-67.307528,-45.309015],[-67.307424,-45.308842],[-67.30728,-45.308632],[-67.307223,-45.30853],[-67.307207,-45.308447],[-67.307216,-45.308363],[-67.307257,-45.308275],[-67.307316,-45.308207],[-67.307606,-45.308049],[-67.307801,-45.307952],[-67.30796,-45.307885],[-67.30813,-45.307824],[-67.308834,-45.307627],[-67.309116,-45.307522],[-67.30972,-45.307263],[-67.30997,-45.307152],[-67.310007,-45.307137],[-67.31005,-45.307121],[-67.310325,-45.307042],[-67.310868,-45.306847],[-67.310982,-45.306791],[-67.311092,-45.30672],[-67.311151,-45.306655],[-67.311194,-45.306587],[-67.311226,-45.306494],[-67.311243,-45.306411],[-67.311246,-45.306324],[-67.311218,-45.306208],[-67.311123,-45.305928],[-67.311089,-45.305762],[-67.31108,-45.305662],[-67.311093,-45.305531],[-67.31111,-45.305454],[-67.31114,-45.305364],[-67.311237,-45.305117],[-67.311333,-45.30495],[-67.311444,-45.304782],[-67.311763,-45.304316],[-67.3127,-45.303203],[-67.313023,-45.302812],[-67.313059,-45.302767],[-67.31318,-45.302614],[-67.313322,-45.302425],[-67.313626,-45.302041],[-67.313699,-45.301946],[-67.313757,-45.301851],[-67.313874,-45.301657],[-67.31399,-45.301507],[-67.31412,-45.301357],[-67.314412,-45.301041],[-67.314536,-45.300904],[-67.314642,-45.300778],[-67.315365,-45.299824],[-67.315432,-45.299737],[-67.315523,-45.29964],[-67.31563,-45.299532],[-67.315999,-45.299199],[-67.316058,-45.299137],[-67.316098,-45.299079],[-67.316137,-45.299014],[-67.316342,-45.298586],[-67.316418,-45.298439],[-67.316512,-45.298289],[-67.316622,-45.298156],[-67.316749,-45.297991],[-67.316848,-45.297886],[-67.316917,-45.297851],[-67.316999,-45.297829],[-67.317247,-45.297788],[-67.317493,-45.298605],[-67.31776,-45.299356],[-67.318117,-45.299986],[-67.31841,-45.300512],[-67.3188,-45.301038],[-67.319452,-45.301766],[-67.320215,-45.302411],[-67.321044,-45.303028],[-67.322167,-45.303669],[-67.334042,-45.309931],[-67.334879,-45.310414],[-67.335608,-45.310882],[-67.336649,-45.311737],[-67.338548,-45.313508],[-67.339106,-45.314066],[-67.339567,-45.314635],[-67.339943,-45.315213],[-67.340307,-45.315816],[-67.340737,-45.316827],[-67.352386,-45.347103],[-67.352912,-45.348238],[-67.353129,-45.348612],[-67.353593,-45.349264],[-67.354295,-45.349984],[-67.354923,-45.350565],[-67.355642,-45.351081],[-67.35651,-45.35164],[-67.372955,-45.360847],[-67.377722,-45.363516],[-67.379865,-45.364728],[-67.380327,-45.364991],[-67.380707,-45.365229],[-67.381033,-45.365453],[-67.381413,-45.365733],[-67.381604,-45.365884],[-67.381783,-45.366027],[-67.381963,-45.366182],[-67.382124,-45.366329],[-67.382312,-45.366506],[-67.409921,-45.39516],[-67.410524,-45.39577],[-67.410768,-45.396021],[-67.411029,-45.396275],[-67.411274,-45.396497],[-67.411507,-45.3967],[-67.411719,-45.396876],[-67.411937,-45.397046],[-67.412146,-45.397201],[-67.412382,-45.397363],[-67.412635,-45.39753],[-67.412863,-45.397671],[-67.413079,-45.397802],[-67.413288,-45.397925],[-67.413514,-45.398051],[-67.41467,-45.398638],[-67.427819,-45.405603],[-67.428217,-45.405793],[-67.428686,-45.405995],[-67.429335,-45.40624],[-67.429721,-45.406365],[-67.430003,-45.406447],[-67.430304,-45.406526],[-67.430633,-45.406603],[-67.430981,-45.40668],[-67.431526,-45.406776],[-67.43189,-45.40683],[-67.432413,-45.406893],[-67.433134,-45.406941],[-67.433469,-45.406955],[-67.433807,-45.406955],[-67.434183,-45.406948],[-67.434526,-45.406935],[-67.434915,-45.406905],[-67.43691,-45.406658],[-67.439936,-45.406086],[-67.442189,-45.405785],[-67.443315,-45.405724],[-67.444399,-45.405694],[-67.445429,-45.405777],[-67.446631,-45.40595],[-67.448648,-45.406372],[-67.460764,-45.409832],[-67.462223,-45.410254],[-67.463125,-45.41063],[-67.463876,-45.411037],[-67.464433,-45.411489],[-67.465013,-45.412061],[-67.465742,-45.41304],[-67.4729,-45.425838],[-67.473485,-45.426729],[-67.474087,-45.427505],[-67.474575,-45.428018],[-67.475366,-45.428605],[-67.475884,-45.428931],[-67.51421,-45.455956],[-67.515187,-45.456532],[-67.516178,-45.456979],[-67.517282,-45.457396],[-67.518457,-45.457754],[-67.525961,-45.460005],[-67.530429,-45.461395],[-67.533342,-45.462293],[-67.534874,-45.462816],[-67.536338,-45.463363],[-67.53935,-45.464544],[-67.543814,-45.466383],[-67.55171,-45.46967],[-67.557203,-45.471924],[-67.564585,-45.474934],[-67.569115,-45.476871],[-67.570313,-45.477461],[-67.571236,-45.478018],[-67.572523,-45.479041],[-67.574743,-45.480957],[-67.579077,-45.484827],[-67.586511,-45.491461],[-67.592671,-45.496988],[-67.596701,-45.500567],[-67.597886,-45.501635],[-67.598659,-45.502432],[-67.599302,-45.503289],[-67.599817,-45.504327],[-67.600182,-45.5055],[-67.600724,-45.508597],[-67.601894,-45.515793],[-67.602435,-45.51864],[-67.602552,-45.519166],[-67.602709,-45.519766],[-67.602918,-45.520328],[-67.603053,-45.520654],[-67.603155,-45.520872],[-67.603246,-45.521034],[-67.603519,-45.521425],[-67.603823,-45.5218],[-67.604174,-45.522201],[-67.604577,-45.522623],[-67.605092,-45.523071],[-67.606109,-45.523903],[-67.609431,-45.526576],[-67.615685,-45.531643],[-67.619242,-45.534494],[-67.620696,-45.535656],[-67.623462,-45.537849],[-67.624028,-45.538406],[-67.624627,-45.539044],[-67.625038,-45.53963],[-67.625396,-45.540243],[-67.625674,-45.541069],[-67.625829,-45.541868],[-67.625884,-45.54256],[-67.625849,-45.543355],[-67.624995,-45.550433],[-67.624424,-45.555719],[-67.624215,-45.557328],[-67.624129,-45.5582],[-67.62423,-45.55913],[-67.624472,-45.560078],[-67.624911,-45.561006],[-67.625661,-45.562311],[-67.62743,-45.565253],[-67.630521,-45.570261],[-67.631089,-45.571207],[-67.631256,-45.571482],[-67.631402,-45.571727],[-67.631502,-45.571899],[-67.631642,-45.572154],[-67.631772,-45.572402],[-67.631892,-45.572663],[-67.631985,-45.572897],[-67.632066,-45.573099],[-67.632132,-45.573285],[-67.632198,-45.573487],[-67.632259,-45.57373],[-67.632308,-45.573978],[-67.632375,-45.574392],[-67.633039,-45.578386],[-67.633161,-45.579075],[-67.633877,-45.582989],[-67.633931,-45.583241],[-67.633996,-45.583506],[-67.634069,-45.583779],[-67.634152,-45.58405],[-67.634265,-45.584355],[-67.634387,-45.584677],[-67.634537,-45.585008],[-67.634681,-45.585301],[-67.635412,-45.586796],[-67.635563,-45.587135],[-67.63574,-45.587474],[-67.636406,-45.588766],[-67.636509,-45.588965],[-67.636624,-45.589158],[-67.636724,-45.589321],[-67.63685,-45.589517],[-67.637,-45.589751],[-67.637135,-45.589958],[-67.637252,-45.590128],[-67.637362,-45.590277],[-67.637495,-45.590445],[-67.637637,-45.590614],[-67.638692,-45.591846],[-67.640872,-45.594411],[-67.641109,-45.59471],[-67.64131,-45.594981],[-67.641487,-45.595236],[-67.641668,-45.5955],[-67.641872,-45.595817],[-67.642095,-45.59617],[-67.642282,-45.596518],[-67.642508,-45.596928],[-67.642724,-45.597342],[-67.643911,-45.599735],[-67.647074,-45.60594],[-67.652747,-45.616991],[-67.653227,-45.617931],[-67.653309,-45.618094],[-67.654808,-45.621057],[-67.655029,-45.621538],[-67.655185,-45.621996],[-67.65525,-45.622354],[-67.655258,-45.622815],[-67.655209,-45.623295],[-67.655086,-45.623751],[-67.65484,-45.624232],[-67.654594,-45.624583],[-67.653864,-45.625395],[-67.65349,-45.625799],[-67.653148,-45.626257],[-67.652956,-45.626632],[-67.652794,-45.627228],[-67.652794,-45.62783],[-67.652959,-45.628794],[-67.653333,-45.630567],[-67.653514,-45.631073],[-67.653804,-45.631586],[-67.654154,-45.632046],[-67.654941,-45.632938],[-67.655264,-45.633443],[-67.655515,-45.633994],[-67.655648,-45.634499],[-67.655666,-45.634952],[-67.655629,-45.635432],[-67.655575,-45.635786],[-67.655548,-45.635962],[-67.654977,-45.638102],[-67.654861,-45.63875],[-67.654823,-45.639425],[-67.65486,-45.639988],[-67.654941,-45.640475],[-67.65509,-45.640991],[-67.655252,-45.641406],[-67.65548,-45.64188],[-67.656778,-45.644206],[-67.657119,-45.644844],[-67.657353,-45.645392],[-67.657477,-45.645902],[-67.657538,-45.646443],[-67.65747,-45.647048],[-67.657241,-45.647713],[-67.656889,-45.648345],[-67.656521,-45.648844],[-67.656097,-45.649295],[-67.65556,-45.649691],[-67.655007,-45.650013],[-67.654399,-45.650307],[-67.653679,-45.65056],[-67.652918,-45.650755],[-67.647244,-45.651827],[-67.646658,-45.651944],[-67.646147,-45.652003],[-67.645533,-45.652051],[-67.644924,-45.65205],[-67.644326,-45.651997],[-67.643529,-45.651825],[-67.642896,-45.651626],[-67.642312,-45.651355],[-67.64173,-45.651027],[-67.640927,-45.650534],[-67.640161,-45.650107],[-67.639636,-45.649853],[-67.639021,-45.649605],[-67.63841,-45.649429],[-67.637691,-45.649292],[-67.636992,-45.649247],[-67.636315,-45.649262],[-67.635642,-45.649317],[-67.635024,-45.649417],[-67.634249,-45.649636],[-67.630653,-45.65099],[-67.630125,-45.651164],[-67.629542,-45.651307],[-67.628841,-45.651443],[-67.628247,-45.651517],[-67.627683,-45.65157],[-67.626761,-45.651606],[-67.624568,-45.651672],[-67.623929,-45.651711],[-67.623446,-45.651777],[-67.622766,-45.651903],[-67.622046,-45.652067],[-67.620185,-45.652645],[-67.619687,-45.652751],[-67.61917,-45.652833],[-67.618564,-45.652877],[-67.618042,-45.652887],[-67.617478,-45.652852],[-67.616977,-45.652784],[-67.615176,-45.652397],[-67.614597,-45.652324],[-67.613996,-45.65228],[-67.613341,-45.652301],[-67.612725,-45.652347],[-67.611943,-45.652466],[-67.609127,-45.653093],[-67.608639,-45.653183],[-67.608182,-45.653249],[-67.605959,-45.65346],[-67.605285,-45.653566],[-67.604633,-45.653691],[-67.604012,-45.653868],[-67.603219,-45.65416],[-67.602564,-45.654472],[-67.601999,-45.654814],[-67.601453,-45.655198],[-67.600933,-45.655612],[-67.600471,-45.656078],[-67.600046,-45.656605],[-67.599667,-45.657153],[-67.598582,-45.658761],[-67.598337,-45.659172],[-67.598116,-45.659648],[-67.598007,-45.660023],[-67.597913,-45.660437],[-67.597882,-45.660897],[-67.597978,-45.663281],[-67.597951,-45.663774],[-67.597863,-45.664255],[-67.597725,-45.664666],[-67.597544,-45.66507],[-67.597328,-45.665437],[-67.597075,-45.66579],[-67.596508,-45.666582],[-67.596287,-45.666943],[-67.596102,-45.66734],[-67.595928,-45.667828],[-67.595815,-45.6683],[-67.595762,-45.668869],[-67.595809,-45.671032],[-67.595786,-45.671386],[-67.59573,-45.671785],[-67.595634,-45.672164],[-67.595468,-45.672628],[-67.595211,-45.673107],[-67.594912,-45.673548],[-67.5945,-45.674041],[-67.592333,-45.676419],[-67.592034,-45.676774],[-67.591673,-45.677272],[-67.591406,-45.677756],[-67.591171,-45.67824],[-67.591003,-45.678687],[-67.590862,-45.679212],[-67.590615,-45.680351],[-67.590472,-45.680802],[-67.590333,-45.681144],[-67.590121,-45.681518],[-67.589829,-45.681948],[-67.589475,-45.682342],[-67.587339,-45.684618],[-67.586936,-45.685116],[-67.586616,-45.685615],[-67.585854,-45.686987],[-67.585504,-45.687492],[-67.585076,-45.687933],[-67.584598,-45.688322],[-67.581775,-45.690182],[-67.580954,-45.690766],[-67.580241,-45.691417],[-67.575263,-45.696693],[-67.573887,-45.698203],[-67.573389,-45.698665],[-67.57286,-45.699091],[-67.550465,-45.714635],[-67.55002,-45.71495],[-67.549334,-45.715496],[-67.548598,-45.716081],[-67.545203,-45.718839],[-67.544707,-45.719202],[-67.54412,-45.7196],[-67.543561,-45.71994],[-67.54272,-45.720378],[-67.541937,-45.720714],[-67.541012,-45.72105],[-67.539787,-45.721389],[-67.531676,-45.723362],[-67.531237,-45.723529],[-67.530979,-45.723593],[-67.53091,-45.72363],[-67.530609,-45.723821],[-67.530529,-45.723877],[-67.5304,-45.72393],[-67.530218,-45.723987],[-67.528817,-45.724326],[-67.527957,-45.724536],[-67.527338,-45.724683],[-67.526286,-45.724937],[-67.52621,-45.724945],[-67.525127,-45.725124],[-67.524607,-45.725133],[-67.524537,-45.725143],[-67.524274,-45.725207],[-67.523844,-45.72525],[-67.522965,-45.725471],[-67.522457,-45.725609],[-67.521786,-45.725825],[-67.52142,-45.725957],[-67.520475,-45.726331],[-67.519766,-45.726674],[-67.51926,-45.726956],[-67.515422,-45.729334],[-67.514967,-45.729594],[-67.51451,-45.729818],[-67.513952,-45.730012],[-67.512338,-45.730482],[-67.511553,-45.730742],[-67.510753,-45.731046],[-67.509691,-45.731549],[-67.508766,-45.732074],[-67.506354,-45.733745],[-67.502519,-45.736439],[-67.502368,-45.736585],[-67.502155,-45.736878],[-67.502014,-45.737115],[-67.501885,-45.73741],[-67.501814,-45.737675],[-67.50178,-45.737972],[-67.501799,-45.738266],[-67.501806,-45.738302],[-67.50182,-45.738372],[-67.50185,-45.738527],[-67.502122,-45.7393],[-67.502132,-45.739329],[-67.502615,-45.740696],[-67.503836,-45.743888],[-67.504265,-45.74514],[-67.504435,-45.745983],[-67.504533,-45.746787],[-67.504635,-45.749955],[-67.504653,-45.75046],[-67.504668,-45.751169],[-67.504667,-45.751379],[-67.504665,-45.753003],[-67.504473,-45.75363],[-67.504258,-45.754214],[-67.503771,-45.755189],[-67.503018,-45.756257],[-67.500399,-45.75996],[-67.499796,-45.760825],[-67.499702,-45.76104],[-67.499627,-45.76126],[-67.499556,-45.761503],[-67.49951,-45.761697],[-67.499465,-45.761891],[-67.49943,-45.762118],[-67.499314,-45.763238],[-67.499131,-45.764944],[-67.499067,-45.765547],[-67.498905,-45.76727],[-67.498852,-45.767833],[-67.49876,-45.76825],[-67.498606,-45.768693],[-67.498518,-45.768881],[-67.498283,-45.769259],[-67.498058,-45.769523],[-67.497744,-45.76982],[-67.496763,-45.770746],[-67.496053,-45.771437],[-67.495716,-45.771746],[-67.494629,-45.772765],[-67.494466,-45.772917],[-67.494237,-45.773125],[-67.493526,-45.773777],[-67.493066,-45.774198],[-67.491751,-45.775402],[-67.490706,-45.776407],[-67.490323,-45.776811],[-67.490041,-45.777169],[-67.489721,-45.777669],[-67.489454,-45.778138],[-67.489257,-45.778555],[-67.489108,-45.779026],[-67.489059,-45.779358],[-67.488967,-45.779973],[-67.488969,-45.780764],[-67.489018,-45.781258],[-67.489095,-45.781593],[-67.489161,-45.781822],[-67.489214,-45.781985],[-67.489242,-45.782068],[-67.489456,-45.782638],[-67.489527,-45.782831],[-67.489953,-45.783872],[-67.490177,-45.784425],[-67.490222,-45.784545],[-67.490387,-45.784961],[-67.490599,-45.785501],[-67.490619,-45.785555],[-67.490661,-45.785658],[-67.491074,-45.786664],[-67.49159,-45.787928],[-67.491925,-45.788748],[-67.492125,-45.78924],[-67.492246,-45.789539],[-67.492524,-45.790224],[-67.493069,-45.791637],[-67.493096,-45.791708],[-67.493124,-45.791797],[-67.493147,-45.791875],[-67.493172,-45.791977],[-67.493188,-45.792073],[-67.493193,-45.792162],[-67.493195,-45.792252],[-67.493186,-45.792431],[-67.493174,-45.792548],[-67.493154,-45.792666],[-67.493123,-45.792803],[-67.493086,-45.792921],[-67.493027,-45.79309],[-67.49294,-45.793329],[-67.492873,-45.793493],[-67.492597,-45.794096],[-67.49257,-45.794196],[-67.492559,-45.794276],[-67.492571,-45.794336],[-67.492582,-45.794397],[-67.492618,-45.794452],[-67.492694,-45.794536],[-67.492734,-45.794579],[-67.492771,-45.794643],[-67.49279,-45.79471],[-67.492789,-45.794779],[-67.492768,-45.794846],[-67.492728,-45.794909],[-67.492671,-45.794965],[-67.492604,-45.795009],[-67.492526,-45.795044],[-67.492454,-45.795065],[-67.492375,-45.795113],[-67.492288,-45.795164],[-67.492207,-45.795219],[-67.492096,-45.795295],[-67.491995,-45.795374],[-67.491928,-45.79545],[-67.491877,-45.795517],[-67.491831,-45.795604],[-67.491567,-45.796061],[-67.491463,-45.79624],[-67.491345,-45.796442],[-67.491317,-45.79649],[-67.491282,-45.796549],[-67.491107,-45.796779],[-67.490913,-45.797001],[-67.490717,-45.79719],[-67.490475,-45.79738],[-67.490237,-45.79757],[-67.489939,-45.797757],[-67.48964,-45.797927],[-67.489289,-45.798093],[-67.488924,-45.798227],[-67.488528,-45.798357],[-67.487379,-45.798702],[-67.485066,-45.799452],[-67.483573,-45.799907],[-67.482997,-45.800083],[-67.482305,-45.800297],[-67.481858,-45.800435],[-67.481517,-45.800548],[-67.481182,-45.800665],[-67.48087,-45.800788],[-67.480549,-45.800921],[-67.48027,-45.801041],[-67.480041,-45.801149],[-67.479803,-45.801259],[-67.479362,-45.801482],[-67.478903,-45.801725],[-67.478435,-45.802011],[-67.47804,-45.802284],[-67.477655,-45.802571],[-67.477584,-45.802621],[-67.477137,-45.802999],[-67.476833,-45.803288],[-67.476492,-45.803611],[-67.476393,-45.803719],[-67.476235,-45.803882],[-67.476044,-45.804105],[-67.475894,-45.804287],[-67.475742,-45.804491],[-67.475588,-45.80469],[-67.475444,-45.804892],[-67.475275,-45.805162],[-67.47525,-45.805203],[-67.474934,-45.805789],[-67.474109,-45.8074],[-67.47342,-45.808748],[-67.473202,-45.809172],[-67.473148,-45.809276],[-67.472965,-45.809632],[-67.472566,-45.810407],[-67.471664,-45.81216],[-67.470119,-45.815149],[-67.469973,-45.815422],[-67.469844,-45.815666],[-67.46965,-45.816029],[-67.469397,-45.816486],[-67.469259,-45.816706],[-67.469012,-45.817067],[-67.468831,-45.817315],[-67.468808,-45.817346],[-67.468681,-45.817513],[-67.46864,-45.817564],[-67.468561,-45.817661],[-67.468394,-45.817838],[-67.468097,-45.818126],[-67.467381,-45.818706],[-67.46612,-45.819565],[-67.466017,-45.819635],[-67.465894,-45.819726],[-67.465785,-45.819814],[-67.465679,-45.819914],[-67.465601,-45.819997],[-67.46553,-45.820082],[-67.465438,-45.820208],[-67.465361,-45.820349],[-67.465321,-45.820435],[-67.465292,-45.820515],[-67.465256,-45.82062],[-67.465235,-45.820724],[-67.465219,-45.820862],[-67.465218,-45.820992],[-67.465231,-45.821125],[-67.465258,-45.821259],[-67.465376,-45.821572],[-67.466237,-45.823273],[-67.466641,-45.824054],[-67.466798,-45.824363],[-67.467346,-45.825411],[-67.468331,-45.827415],[-67.468372,-45.827492],[-67.468545,-45.827812],[-67.468574,-45.827866],[-67.468664,-45.828033],[-67.468709,-45.828107],[-67.468814,-45.828275],[-67.469088,-45.828672],[-67.469187,-45.828816],[-67.469274,-45.828942],[-67.471071,-45.831012],[-67.472101,-45.832166],[-67.472158,-45.83223],[-67.473048,-45.833242],[-67.473868,-45.834057],[-67.473945,-45.834132],[-67.476017,-45.836004],[-67.476139,-45.836126],[-67.476202,-45.836197],[-67.476286,-45.836316],[-67.476382,-45.83646],[-67.476484,-45.836695],[-67.476554,-45.836965],[-67.476573,-45.837234],[-67.476529,-45.837573],[-67.476457,-45.83795],[-67.476455,-45.838003],[-67.476452,-45.838123],[-67.476448,-45.838208],[-67.476481,-45.838883],[-67.476506,-45.83947],[-67.47651,-45.839638],[-67.476535,-45.840167],[-67.476552,-45.840567],[-67.47655,-45.84079],[-67.476536,-45.841147],[-67.476534,-45.841184],[-67.476513,-45.841473],[-67.476506,-45.841571],[-67.476365,-45.842573],[-67.476275,-45.843008],[-67.476233,-45.84325],[-67.476149,-45.84354],[-67.476064,-45.843805],[-67.475894,-45.844296],[-67.475565,-45.845274],[-67.475289,-45.846115],[-67.475209,-45.846399],[-67.47519,-45.846509],[-67.475179,-45.846627],[-67.47519,-45.846795],[-67.475227,-45.846935],[-67.475284,-45.847045],[-67.475361,-45.84718],[-67.47545,-45.847275],[-67.475608,-45.847398],[-67.47585,-45.847583],[-67.476445,-45.848019],[-67.476649,-45.848179],[-67.476711,-45.848232],[-67.476799,-45.848319],[-67.476901,-45.848422],[-67.477,-45.848536],[-67.477075,-45.848629],[-67.477123,-45.848695],[-67.477221,-45.848799],[-67.477291,-45.848931],[-67.477331,-45.849001],[-67.477381,-45.849042],[-67.477437,-45.849073],[-67.477518,-45.849096],[-67.477548,-45.849101],[-67.477676,-45.849122],[-67.477891,-45.849166],[-67.478666,-45.849289],[-67.47968,-45.849451],[-67.481226,-45.849679],[-67.484564,-45.850193],[-67.484826,-45.850245],[-67.485037,-45.850297],[-67.485208,-45.850361],[-67.485397,-45.850446],[-67.485587,-45.850547],[-67.485788,-45.850702],[-67.485954,-45.85088],[-67.486067,-45.851035],[-67.486162,-45.851191],[-67.486208,-45.851336],[-67.48624,-45.851505],[-67.486251,-45.851674],[-67.486218,-45.851834],[-67.486171,-45.851984],[-67.486081,-45.852165],[-67.485964,-45.852335],[-67.485802,-45.852501],[-67.485605,-45.852638],[-67.484635,-45.853134],[-67.484225,-45.853374],[-67.484048,-45.853529],[-67.483927,-45.853688],[-67.483809,-45.853854],[-67.48374,-45.854015],[-67.483677,-45.854199],[-67.483664,-45.854373],[-67.483673,-45.854542],[-67.483725,-45.854716],[-67.48407,-45.855738],[-67.48414,-45.855869],[-67.484202,-45.855963],[-67.484302,-45.856103],[-67.484493,-45.856296],[-67.484655,-45.856433],[-67.484986,-45.856616],[-67.485149,-45.856687],[-67.485372,-45.856755],[-67.485632,-45.856799],[-67.485693,-45.856807],[-67.486144,-45.856845],[-67.486605,-45.856844],[-67.487843,-45.856778],[-67.488915,-45.856727],[-67.48943,-45.856691],[-67.490038,-45.856613],[-67.490451,-45.856546],[-67.490998,-45.856413],[-67.491201,-45.856339],[-67.491384,-45.856259],[-67.492066,-45.855972],[-67.492282,-45.855899],[-67.492577,-45.855809],[-67.492891,-45.855735],[-67.493254,-45.855662],[-67.49363,-45.855587],[-67.493949,-45.855536],[-67.494028,-45.855529],[-67.494214,-45.855525],[-67.494227,-45.855525],[-67.494325,-45.855526],[-67.494756,-45.855527],[-67.495727,-45.855507],[-67.496107,-45.855526],[-67.496446,-45.85556],[-67.497054,-45.855652],[-67.497307,-45.855663],[-67.498085,-45.855659],[-67.498747,-45.855653],[-67.49884,-45.855653],[-67.49884,-45.855711],[-67.498838,-45.856737],[-67.498837,-45.857076],[-67.498836,-45.85775],[-67.498835,-45.857813],[-67.498834,-45.858367],[-67.498833,-45.858888],[-67.498831,-45.859966],[-67.49883,-45.860707],[-67.498829,-45.861051],[-67.498827,-45.86205],[-67.498827,-45.86214],[-67.500374,-45.862144],[-67.501931,-45.862147],[-67.503451,-45.862153],[-67.504879,-45.862146],[-67.50499,-45.862145],[-67.506225,-45.862146],[-67.506588,-45.862145],[-67.507585,-45.862141],[-67.507674,-45.86214],[-67.508738,-45.862148],[-67.509655,-45.862145],[-67.510393,-45.862144],[-67.510861,-45.862142],[-67.510914,-45.862141],[-67.511778,-45.862142],[-67.512232,-45.862142],[-67.512941,-45.862135],[-67.513378,-45.862132],[-67.513679,-45.862131],[-67.514079,-45.862129],[-67.514188,-45.862129],[-67.51546,-45.862103],[-67.515982,-45.862107],[-67.516127,-45.862109],[-67.516227,-45.862144],[-67.516327,-45.862168],[-67.51685,-45.862156],[-67.516929,-45.86219],[-67.517003,-45.862259],[-67.517024,-45.862303],[-67.517048,-45.862354],[-67.517057,-45.862432],[-67.517039,-45.862501],[-67.516745,-45.862988],[-67.516626,-45.863225],[-67.516602,-45.863323],[-67.516638,-45.863387],[-67.517588,-45.864231],[-67.51782,-45.864417],[-67.518978,-45.865424],[-67.519531,-45.865911],[-67.52052,-45.86678],[-67.520663,-45.86691],[-67.521235,-45.867389],[-67.52164,-45.867705],[-67.521709,-45.867758],[-67.521853,-45.867869],[-67.522319,-45.868227],[-67.522769,-45.868569],[-67.523259,-45.868937],[-67.523405,-45.869047],[-67.52376,-45.869317],[-67.52396,-45.86947],[-67.524917,-45.87021],[-67.526201,-45.871191],[-67.526312,-45.871276],[-67.526366,-45.871317],[-67.526921,-45.871742],[-67.52748,-45.872153],[-67.52796,-45.872526],[-67.528055,-45.8726],[-67.528167,-45.872685],[-67.528786,-45.873161],[-67.52943,-45.873674],[-67.530061,-45.874165],[-67.530737,-45.874666],[-67.531392,-45.875148],[-67.531836,-45.875485],[-67.531977,-45.875591],[-67.53204,-45.875639],[-67.532151,-45.875725],[-67.532601,-45.876086],[-67.532587,-45.8762],[-67.53258,-45.876251],[-67.532328,-45.876408],[-67.532207,-45.876483],[-67.532099,-45.877677],[-67.531962,-45.878894],[-67.531953,-45.878977],[-67.531938,-45.879089],[-67.531804,-45.880324],[-67.531681,-45.881577],[-67.53158,-45.88276],[-67.531572,-45.882849],[-67.53156,-45.883009],[-67.531519,-45.883527],[-67.531515,-45.883575],[-67.531486,-45.883737],[-67.53152,-45.88469],[-67.531514,-45.885008],[-67.531477,-45.885651],[-67.531396,-45.886473],[-67.531262,-45.887748],[-67.531134,-45.888862],[-67.53118,-45.889048],[-67.531184,-45.889064],[-67.531239,-45.889152],[-67.531322,-45.889248],[-67.531563,-45.889429],[-67.53202,-45.88971],[-67.532319,-45.889894],[-67.533611,-45.890735],[-67.535608,-45.892086],[-67.536134,-45.892449],[-67.5362,-45.892495],[-67.53655,-45.892734],[-67.536677,-45.892819],[-67.537003,-45.89304],[-67.537709,-45.893518],[-67.539415,-45.894674],[-67.540062,-45.895111],[-67.540256,-45.895242],[-67.540317,-45.895283],[-67.540349,-45.895304],[-67.540643,-45.895504],[-67.540692,-45.895537],[-67.540756,-45.89558],[-67.541154,-45.895847],[-67.541646,-45.896168],[-67.542863,-45.896994],[-67.543903,-45.897696],[-67.543987,-45.897753],[-67.544314,-45.897965],[-67.54462,-45.89814],[-67.545366,-45.898522],[-67.545945,-45.898795],[-67.546635,-45.899066],[-67.547234,-45.899278],[-67.54829,-45.899576],[-67.549267,-45.899827],[-67.549776,-45.899956],[-67.550128,-45.900045],[-67.551531,-45.900401],[-67.554497,-45.90115],[-67.555949,-45.901515],[-67.556325,-45.90161],[-67.556358,-45.901618],[-67.556444,-45.901641],[-67.55811,-45.902066],[-67.558584,-45.902187],[-67.558796,-45.902244],[-67.560755,-45.902742],[-67.561193,-45.902846],[-67.561346,-45.902882],[-67.561425,-45.902897],[-67.561594,-45.902929],[-67.561814,-45.902967],[-67.562018,-45.903],[-67.562231,-45.903028],[-67.562435,-45.903048],[-67.562642,-45.903068],[-67.562848,-45.903083],[-67.56305,-45.903093],[-67.563295,-45.903102],[-67.563491,-45.903105],[-67.563549,-45.903106],[-67.564043,-45.903098],[-67.565423,-45.903023],[-67.565885,-45.902998],[-67.566525,-45.902967],[-67.56661,-45.902962],[-67.566755,-45.902953],[-67.568755,-45.902859],[-67.568906,-45.902853],[-67.569212,-45.902843],[-67.569498,-45.902846],[-67.569789,-45.902861],[-67.570086,-45.902891],[-67.570365,-45.902926],[-67.570535,-45.902954],[-67.570709,-45.902989],[-67.570965,-45.903048],[-67.57119,-45.903104],[-67.571392,-45.903167],[-67.571604,-45.903239],[-67.571795,-45.903311],[-67.572156,-45.903465],[-67.573037,-45.903852],[-67.574409,-45.904422],[-67.575389,-45.904836],[-67.575857,-45.905033],[-67.576105,-45.905117],[-67.576455,-45.905201],[-67.576859,-45.905293],[-67.578267,-45.905584],[-67.578562,-45.905651],[-67.578844,-45.905714],[-67.579112,-45.905787],[-67.579241,-45.905843],[-67.579359,-45.905895],[-67.579444,-45.905938],[-67.57956,-45.905998],[-67.579697,-45.906065],[-67.579844,-45.906116],[-67.579986,-45.906162],[-67.580058,-45.906186],[-67.58013,-45.906209],[-67.580397,-45.906247],[-67.58061,-45.906339],[-67.580768,-45.906474],[-67.580853,-45.906638],[-67.580864,-45.906749],[-67.580976,-45.906872],[-67.581199,-45.907135],[-67.581556,-45.907554],[-67.581844,-45.907954],[-67.582051,-45.908361],[-67.582124,-45.908539],[-67.582189,-45.908763],[-67.582233,-45.908972],[-67.582249,-45.909167],[-67.582264,-45.909582],[-67.58223,-45.909887],[-67.582163,-45.910164],[-67.582099,-45.91036],[-67.581974,-45.910675],[-67.58177,-45.911037],[-67.58155,-45.911332],[-67.581201,-45.911765],[-67.580836,-45.91213],[-67.580316,-45.912582],[-67.579302,-45.913388],[-67.578202,-45.914221],[-67.577941,-45.914411],[-67.577371,-45.914829],[-67.576663,-45.91537],[-67.576362,-45.915609],[-67.576121,-45.915829],[-67.575826,-45.916109],[-67.575633,-45.916331],[-67.575547,-45.916423],[-67.575089,-45.916963],[-67.573908,-45.918349],[-67.573687,-45.918604],[-67.573587,-45.91872],[-67.57349,-45.918831],[-67.573448,-45.91888],[-67.573311,-45.919056],[-67.573177,-45.919252],[-67.573125,-45.919337],[-67.573015,-45.919507],[-67.572602,-45.92033],[-67.57253,-45.920534],[-67.572503,-45.920687],[-67.572495,-45.920849],[-67.572511,-45.921013],[-67.572549,-45.921188],[-67.572643,-45.921392],[-67.57279,-45.921606],[-67.57294,-45.921767],[-67.573192,-45.921968],[-67.573683,-45.922243],[-67.573771,-45.922289],[-67.57381,-45.92231],[-67.574257,-45.922512],[-67.574577,-45.922661],[-67.58067,-45.924358],[-67.583214,-45.925075],[-67.584036,-45.925306],[-67.585006,-45.925563],[-67.587964,-45.926346],[-67.590591,-45.927108],[-67.590922,-45.927196],[-67.592706,-45.927678],[-67.593174,-45.927823],[-67.593526,-45.927967],[-67.594,-45.928183],[-67.594149,-45.928279],[-67.594241,-45.928352],[-67.594548,-45.928586],[-67.594856,-45.92884],[-67.595164,-45.929182],[-67.595468,-45.929561],[-67.59557,-45.929731],[-67.59564,-45.929875],[-67.59579,-45.93022],[-67.596344,-45.931712],[-67.59655,-45.932268],[-67.596729,-45.932765],[-67.596853,-45.933123],[-67.596866,-45.933153],[-67.597034,-45.933607],[-67.597104,-45.933797],[-67.597613,-45.935158],[-67.59768,-45.935339],[-67.598051,-45.936365],[-67.598744,-45.938267],[-67.599041,-45.939082],[-67.599069,-45.939154],[-67.599905,-45.941351],[-67.599977,-45.941541],[-67.600039,-45.941748],[-67.600087,-45.941959],[-67.600111,-45.942078],[-67.600109,-45.942182],[-67.600105,-45.942336],[-67.600082,-45.942501],[-67.600063,-45.942634],[-67.599998,-45.942829],[-67.599897,-45.943033],[-67.599853,-45.943115],[-67.599775,-45.943248],[-67.599671,-45.943391],[-67.599563,-45.943506],[-67.59944,-45.943619],[-67.599312,-45.943727],[-67.599111,-45.943874],[-67.598919,-45.94399],[-67.598764,-45.944074],[-67.598518,-45.944201],[-67.598345,-45.944277],[-67.598239,-45.944324],[-67.597845,-45.944488],[-67.595857,-45.945357],[-67.592585,-45.94673],[-67.587373,-45.948911],[-67.587054,-45.949027],[-67.586711,-45.949154],[-67.586312,-45.94927],[-67.585969,-45.94936],[-67.585835,-45.949394],[-67.585428,-45.949479],[-67.585069,-45.949546],[-67.584662,-45.949596],[-67.584243,-45.949629],[-67.583638,-45.94968],[-67.58299,-45.949765],[-67.582533,-45.949833],[-67.582274,-45.949894],[-67.581728,-45.950044],[-67.58058,-45.950411],[-67.578578,-45.95106],[-67.576277,-45.951817],[-67.575128,-45.952187],[-67.574934,-45.95225],[-67.574249,-45.952466],[-67.573836,-45.952623],[-67.573753,-45.952661],[-67.573457,-45.9528],[-67.573094,-45.953018],[-67.572839,-45.953192],[-67.572595,-45.95341],[-67.572447,-45.953578],[-67.572291,-45.953783],[-67.572215,-45.953895],[-67.572097,-45.954092],[-67.571981,-45.954433],[-67.57193,-45.954659],[-67.571909,-45.954962],[-67.571914,-45.955108],[-67.571939,-45.95531],[-67.571969,-45.955417],[-67.572036,-45.955657],[-67.57205,-45.955711],[-67.572479,-45.957255],[-67.572734,-45.95814],[-67.573136,-45.959527],[-67.573729,-45.96154],[-67.574064,-45.962798],[-67.574164,-45.963173],[-67.574285,-45.963624],[-67.574781,-45.965422],[-67.575388,-45.967973],[-67.575737,-45.969412],[-67.57596,-45.970218],[-67.575975,-45.970272],[-67.576022,-45.970424],[-67.576507,-45.972084],[-67.576646,-45.972534],[-67.576748,-45.972862],[-67.576861,-45.973151],[-67.576966,-45.973385],[-67.577079,-45.973572],[-67.577298,-45.973852],[-67.577594,-45.974166],[-67.57787,-45.974414],[-67.578106,-45.97459],[-67.578303,-45.974723],[-67.578554,-45.974881],[-67.579009,-45.975109],[-67.579381,-45.975254],[-67.579592,-45.975332],[-67.579886,-45.975426],[-67.580366,-45.975543],[-67.583422,-45.976085],[-67.585081,-45.976367],[-67.586613,-45.976628],[-67.586762,-45.976653],[-67.58679,-45.976658],[-67.587369,-45.976768],[-67.587579,-45.976806],[-67.588286,-45.976926],[-67.588386,-45.976943],[-67.588802,-45.977016],[-67.592745,-45.977699],[-67.595313,-45.978141],[-67.595792,-45.978232],[-67.596181,-45.978312],[-67.596597,-45.978411],[-67.596994,-45.978512],[-67.597347,-45.97862],[-67.597895,-45.978798],[-67.598511,-45.979012],[-67.59886,-45.979156],[-67.59985,-45.979623],[-67.603214,-45.981174],[-67.603983,-45.981531],[-67.604313,-45.981735],[-67.604599,-45.981963],[-67.604897,-45.982262],[-67.605066,-45.982447],[-67.605183,-45.982595],[-67.60533,-45.982801],[-67.605486,-45.983104],[-67.605587,-45.983356],[-67.605657,-45.983622],[-67.605677,-45.983822],[-67.60569,-45.98404],[-67.605675,-45.984243],[-67.605631,-45.984502],[-67.605593,-45.984677],[-67.605537,-45.984842],[-67.605465,-45.985017],[-67.605358,-45.985207],[-67.605239,-45.985404],[-67.605093,-45.985583],[-67.604951,-45.985736],[-67.604767,-45.985915],[-67.604604,-45.986043],[-67.604354,-45.98622],[-67.604108,-45.986383],[-67.603887,-45.986511],[-67.60356,-45.986675],[-67.603332,-45.98677],[-67.602551,-45.987054],[-67.601868,-45.98725],[-67.600186,-45.987771],[-67.598575,-45.988278],[-67.597878,-45.988489],[-67.597126,-45.988734],[-67.596786,-45.988854],[-67.59648,-45.988985],[-67.596269,-45.989109],[-67.596053,-45.989257],[-67.595892,-45.989387],[-67.595766,-45.989515],[-67.595596,-45.989701],[-67.595492,-45.989834],[-67.595455,-45.989878],[-67.595361,-45.99005],[-67.595271,-45.990242],[-67.595223,-45.990382],[-67.595183,-45.990525],[-67.595165,-45.990689],[-67.595145,-45.990828],[-67.595123,-45.991036],[-67.595129,-45.99138],[-67.595114,-45.991575],[-67.595122,-45.991718],[-67.595142,-45.991926],[-67.59539,-45.992803],[-67.596064,-45.995041],[-67.596083,-45.995102],[-67.596242,-45.995608],[-67.596391,-45.99608],[-67.596476,-45.996366],[-67.596694,-45.997095],[-67.596943,-45.997927],[-67.597445,-45.99966],[-67.597901,-46.001194],[-67.597976,-46.001432],[-67.598049,-46.001673],[-67.598443,-46.00306],[-67.598708,-46.003962],[-67.599003,-46.004912],[-67.599526,-46.006665],[-67.599655,-46.006959],[-67.599739,-46.007129],[-67.599847,-46.007349],[-67.599926,-46.007549],[-67.600056,-46.007791],[-67.60017,-46.007962],[-67.600258,-46.008121],[-67.600379,-46.008289],[-67.60047,-46.008387],[-67.60061,-46.008513],[-67.600749,-46.00862],[-67.600873,-46.008699],[-67.601028,-46.008791],[-67.601285,-46.008905],[-67.601506,-46.008973],[-67.601806,-46.009042],[-67.602248,-46.009111],[-67.602974,-46.009203],[-67.603127,-46.00922],[-67.603453,-46.009256],[-67.603945,-46.009318],[-67.604067,-46.009334],[-67.604569,-46.009392],[-67.604843,-46.009438],[-67.605198,-46.009514],[-67.605421,-46.009585],[-67.605609,-46.00969],[-67.605789,-46.009814],[-67.605893,-46.009933],[-67.605985,-46.010085],[-67.606027,-46.010193],[-67.606049,-46.01035],[-67.60606,-46.010454],[-67.606052,-46.010627],[-67.606036,-46.010993],[-67.60599,-46.012116],[-67.6059,-46.014278],[-67.605857,-46.014557],[-67.605814,-46.014696],[-67.605727,-46.014885],[-67.605604,-46.015055],[-67.605523,-46.015147],[-67.605405,-46.015267],[-67.605261,-46.015376],[-67.605077,-46.015497],[-67.604779,-46.015637],[-67.602155,-46.016702],[-67.599576,-46.017723],[-67.594912,-46.019563],[-67.594255,-46.019813],[-67.59333,-46.020144],[-67.592579,-46.020413],[-67.590781,-46.021073],[-67.590521,-46.021183],[-67.590316,-46.021296],[-67.59016,-46.021422],[-67.590043,-46.02158],[-67.589995,-46.02169],[-67.589993,-46.021861],[-67.590053,-46.022013],[-67.590214,-46.022181],[-67.590361,-46.022285],[-67.590612,-46.022408],[-67.590926,-46.022496],[-67.591341,-46.022579],[-67.592538,-46.022765],[-67.593982,-46.023014],[-67.594815,-46.023127],[-67.595568,-46.02323],[-67.596091,-46.023338],[-67.596399,-46.023444],[-67.596729,-46.023558],[-67.597055,-46.023707],[-67.597474,-46.023912],[-67.597889,-46.024147],[-67.598276,-46.024479],[-67.598655,-46.024883],[-67.598969,-46.025341],[-67.59915,-46.025771],[-67.599286,-46.026265],[-67.599425,-46.026882],[-67.599433,-46.026921],[-67.599559,-46.027476],[-67.599675,-46.027988],[-67.599779,-46.028342],[-67.599949,-46.028677],[-67.600189,-46.029043],[-67.600552,-46.029499],[-67.601561,-46.030665],[-67.602176,-46.031375],[-67.603776,-46.033159],[-67.604331,-46.033777],[-67.604515,-46.033982],[-67.606569,-46.036226],[-67.607585,-46.037399],[-67.60803,-46.037872],[-67.608575,-46.038402],[-67.609144,-46.038878],[-67.609859,-46.039353],[-67.611719,-46.040591],[-67.613511,-46.041739],[-67.614676,-46.042439],[-67.616382,-46.04332],[-67.617797,-46.044082],[-67.618029,-46.044176],[-67.618734,-46.044464],[-67.61931,-46.044663],[-67.61996,-46.044895],[-67.620594,-46.04506],[-67.620994,-46.045159],[-67.621485,-46.045252],[-67.623488,-46.045515],[-67.62432,-46.045645],[-67.624635,-46.045706],[-67.624991,-46.045809],[-67.625455,-46.04601],[-67.625699,-46.046137],[-67.626095,-46.046389],[-67.626287,-46.046553],[-67.626496,-46.046776],[-67.626681,-46.047022],[-67.626783,-46.04724],[-67.626923,-46.047589],[-67.626989,-46.047871],[-67.62764,-46.051814],[-67.627993,-46.054044],[-67.628166,-46.055104],[-67.628303,-46.055858],[-67.628118,-46.056327],[-67.628122,-46.056348],[-67.628388,-46.057971],[-67.628453,-46.058316],[-67.628514,-46.058905],[-67.628555,-46.059268],[-67.628588,-46.059728],[-67.628592,-46.059992],[-67.628592,-46.060097],[-67.62859,-46.060353],[-67.628547,-46.061027],[-67.628542,-46.061101],[-67.628488,-46.062039],[-67.628413,-46.063219],[-67.62836,-46.064131],[-67.628353,-46.064517],[-67.628365,-46.064909],[-67.628403,-46.065337],[-67.628469,-46.065688],[-67.628544,-46.066031],[-67.628713,-46.066602],[-67.628821,-46.066974],[-67.628886,-46.067288],[-67.628934,-46.067521],[-67.628977,-46.067864],[-67.62898,-46.068199],[-67.62898,-46.06829],[-67.628964,-46.07126],[-67.628954,-46.07332],[-67.628951,-46.074891],[-67.628946,-46.077155],[-67.628946,-46.077311],[-67.628945,-46.077713],[-67.628943,-46.078233],[-67.62893,-46.080336],[-67.628849,-46.093685],[-67.628802,-46.100765],[-67.628792,-46.102354],[-67.628783,-46.104368],[-67.628752,-46.110819],[-67.6288,-46.111877],[-67.62888,-46.112891],[-67.628936,-46.114111],[-67.62896,-46.114814],[-67.628917,-46.116197],[-67.628924,-46.116568],[-67.628918,-46.117026],[-67.628905,-46.118043],[-67.628849,-46.119457],[-67.628824,-46.120914],[-67.628793,-46.121527],[-67.6288,-46.121984],[-67.628847,-46.12239],[-67.628886,-46.122693],[-67.629031,-46.123376],[-67.629335,-46.124483],[-67.629555,-46.125354],[-67.629612,-46.125668],[-67.62966,-46.126052],[-67.629669,-46.126439],[-67.629599,-46.131906],[-67.629561,-46.134657],[-67.629556,-46.136025],[-67.629583,-46.137036],[-67.629574,-46.137353],[-67.629514,-46.140475],[-67.6295,-46.140737],[-67.629418,-46.141482],[-67.629416,-46.141819],[-67.629434,-46.142095],[-67.629453,-46.142315],[-67.62949,-46.142858],[-67.62951,-46.143057],[-67.629588,-46.143667],[-67.62958,-46.143884],[-67.62957,-46.144048],[-67.629547,-46.144205],[-67.629391,-46.145228],[-67.629368,-46.145613],[-67.629342,-46.147136],[-67.629324,-46.14816],[-67.629328,-46.148442],[-67.629347,-46.14874],[-67.6294,-46.149335],[-67.629529,-46.150138],[-67.629663,-46.150955],[-67.629862,-46.152204],[-67.629905,-46.152579],[-67.629931,-46.152925],[-67.629953,-46.153263],[-67.62998,-46.153802],[-67.629974,-46.15427],[-67.629905,-46.1554],[-67.629803,-46.157035],[-67.62969,-46.158733],[-67.629572,-46.16062],[-67.629465,-46.162303],[-67.629325,-46.164488],[-67.629202,-46.166297],[-67.629116,-46.167783],[-67.629104,-46.167969],[-67.629014,-46.169381],[-67.628901,-46.171097],[-67.628826,-46.172427],[-67.628698,-46.174233],[-67.628649,-46.175187],[-67.628623,-46.1756],[-67.628569,-46.176424],[-67.628515,-46.177275],[-67.628467,-46.17807],[-67.628365,-46.179574],[-67.628333,-46.18009],[-67.62829,-46.180859],[-67.628252,-46.18126],[-67.628217,-46.18154],[-67.628204,-46.181647],[-67.628144,-46.182014],[-67.628073,-46.182362],[-67.628027,-46.182563],[-67.627298,-46.185939],[-67.625377,-46.194836],[-67.623813,-46.202078],[-67.623525,-46.203409],[-67.622694,-46.207286],[-67.622458,-46.208094],[-67.615884,-46.228992],[-67.610456,-46.246624],[-67.610413,-46.246779],[-67.610357,-46.246964],[-67.610064,-46.247896],[-67.60982,-46.248684],[-67.609612,-46.249345],[-67.6093,-46.250359],[-67.609048,-46.251151],[-67.608782,-46.251989],[-67.608568,-46.252674],[-67.608364,-46.253322],[-67.608096,-46.254165],[-67.607908,-46.25478],[-67.607661,-46.255561],[-67.607448,-46.25622],[-67.607398,-46.256374],[-67.607194,-46.257034],[-67.606967,-46.257776],[-67.606719,-46.258535],[-67.606655,-46.258731],[-67.606594,-46.258923],[-67.606363,-46.259559],[-67.606065,-46.260238],[-67.60584,-46.260704],[-67.605491,-46.261429],[-67.605352,-46.261736],[-67.605199,-46.262074],[-67.605081,-46.262375],[-67.605007,-46.262588],[-67.604905,-46.262876],[-67.604649,-46.263684],[-67.604451,-46.26429],[-67.604207,-46.265016],[-67.604153,-46.26518],[-67.604099,-46.265344],[-67.600232,-46.277113],[-67.599993,-46.27785],[-67.599825,-46.278513],[-67.598792,-46.282523],[-67.596373,-46.29191],[-67.596156,-46.292747],[-67.595975,-46.293446],[-67.59547,-46.295398],[-67.594992,-46.297245],[-67.594059,-46.300848],[-67.593736,-46.302017],[-67.59335,-46.303143],[-67.592989,-46.303994],[-67.592911,-46.304139],[-67.592652,-46.304616],[-67.591151,-46.307287],[-67.590281,-46.308834],[-67.590042,-46.309259],[-67.589917,-46.309482],[-67.587846,-46.313185],[-67.587452,-46.313867],[-67.586253,-46.316007],[-67.585708,-46.316982],[-67.585582,-46.317209],[-67.585203,-46.317872],[-67.584264,-46.319533],[-67.583785,-46.320382],[-67.58364,-46.320643],[-67.582422,-46.322829],[-67.581038,-46.32527],[-67.57863,-46.329521],[-67.575134,-46.33573],[-67.573995,-46.337759],[-67.573031,-46.339781],[-67.572048,-46.341915],[-67.57107,-46.343983],[-67.563629,-46.359705],[-67.563031,-46.360883],[-67.562397,-46.362069],[-67.557059,-46.371917],[-67.556641,-46.37265],[-67.556244,-46.373231],[-67.555697,-46.373971],[-67.554908,-46.374878],[-67.55358,-46.376225],[-67.552432,-46.37742],[-67.552325,-46.377532],[-67.552138,-46.377696],[-67.550856,-46.37907],[-67.550495,-46.379412],[-67.550418,-46.379494],[-67.550109,-46.379819],[-67.549811,-46.380169],[-67.549546,-46.380504],[-67.549336,-46.380794],[-67.549127,-46.381111],[-67.548983,-46.381347],[-67.548931,-46.381432],[-67.547561,-46.384025],[-67.547199,-46.38471],[-67.546581,-46.38588],[-67.546066,-46.38696],[-67.545766,-46.387597],[-67.545634,-46.387917],[-67.54555,-46.388222],[-67.545272,-46.389313],[-67.545072,-46.390255],[-67.544899,-46.391069],[-67.54486,-46.391249],[-67.544729,-46.391855],[-67.544607,-46.392269],[-67.544484,-46.392641],[-67.544274,-46.393153],[-67.544115,-46.39353],[-67.543864,-46.394018],[-67.543499,-46.394674],[-67.543082,-46.395283],[-67.542559,-46.395973],[-67.542043,-46.396577],[-67.541714,-46.396895],[-67.541026,-46.39752],[-67.539145,-46.399083],[-67.538532,-46.39959],[-67.538285,-46.399822],[-67.538099,-46.399999],[-67.537896,-46.400209],[-67.537791,-46.400335],[-67.537706,-46.400429],[-67.537626,-46.400521],[-67.537383,-46.400841],[-67.537268,-46.401002],[-67.537063,-46.401307],[-67.536934,-46.401533],[-67.536749,-46.401895],[-67.536546,-46.4023],[-67.536323,-46.402718],[-67.536195,-46.402946],[-67.536079,-46.40314],[-67.535995,-46.403277],[-67.535746,-46.40366],[-67.535167,-46.404568],[-67.534582,-46.405463],[-67.534145,-46.406153],[-67.533769,-46.406738],[-67.533014,-46.407877],[-67.532025,-46.40941],[-67.529191,-46.413802],[-67.528406,-46.414828],[-67.527001,-46.416378],[-67.526955,-46.416432],[-67.526771,-46.416648],[-67.526747,-46.41668],[-67.526336,-46.417205],[-67.525629,-46.418189],[-67.524354,-46.419899],[-67.523052,-46.421661],[-67.522628,-46.422241],[-67.522539,-46.422376],[-67.522307,-46.422693],[-67.522195,-46.422849],[-67.521926,-46.423193],[-67.521813,-46.423343],[-67.521025,-46.42442],[-67.520745,-46.424826],[-67.520571,-46.425051],[-67.520547,-46.425087],[-67.520454,-46.425207],[-67.520339,-46.425368],[-67.520261,-46.425491],[-67.520162,-46.425668],[-67.520105,-46.425819],[-67.52009,-46.425871],[-67.520075,-46.425949],[-67.520062,-46.426039],[-67.520062,-46.426161],[-67.520075,-46.426308],[-67.520109,-46.426472],[-67.520151,-46.4266],[-67.520206,-46.426699],[-67.520271,-46.426813],[-67.520368,-46.426945],[-67.520437,-46.427036],[-67.520747,-46.427425],[-67.521061,-46.42779],[-67.521201,-46.427968],[-67.52127,-46.428044],[-67.521467,-46.428262],[-67.521762,-46.428609],[-67.522073,-46.428961],[-67.522401,-46.42937],[-67.522576,-46.429625],[-67.522642,-46.429723],[-67.522712,-46.429801],[-67.522864,-46.429919],[-67.522925,-46.429969],[-67.523,-46.430042],[-67.52307,-46.430085],[-67.523141,-46.430125],[-67.523189,-46.430159],[-67.523264,-46.430212],[-67.523288,-46.430235],[-67.523318,-46.430263],[-67.523364,-46.430326],[-67.523416,-46.430453],[-67.523428,-46.430509],[-67.523435,-46.430553],[-67.523442,-46.430578],[-67.523434,-46.430663],[-67.523389,-46.430773],[-67.523363,-46.430806],[-67.523298,-46.4309],[-67.523192,-46.431088],[-67.522815,-46.431705],[-67.522625,-46.432036],[-67.522568,-46.432134],[-67.522217,-46.43274],[-67.522207,-46.432756],[-67.52207,-46.432976],[-67.521837,-46.433388],[-67.521657,-46.433694],[-67.5215,-46.433909],[-67.521357,-46.434053],[-67.521216,-46.434137],[-67.52114,-46.434198],[-67.521051,-46.434313],[-67.520967,-46.434449],[-67.520595,-46.435104],[-67.520527,-46.43524],[-67.520444,-46.435385],[-67.520327,-46.435602],[-67.520128,-46.435982],[-67.520089,-46.436049],[-67.519349,-46.437308],[-67.519288,-46.437415],[-67.51921,-46.437564],[-67.519129,-46.437704],[-67.519,-46.437936],[-67.518941,-46.438033],[-67.518888,-46.438127],[-67.518823,-46.438224],[-67.518744,-46.438316],[-67.518638,-46.438427],[-67.518512,-46.43852],[-67.518464,-46.438559],[-67.518426,-46.438601],[-67.518373,-46.438704],[-67.518205,-46.439476],[-67.518185,-46.439565],[-67.518165,-46.439655],[-67.517964,-46.44051],[-67.517928,-46.440675],[-67.517888,-46.440838],[-67.517734,-46.441462],[-67.517724,-46.441603],[-67.51773,-46.441703],[-67.517738,-46.441804],[-67.517745,-46.441874],[-67.517763,-46.44197],[-67.517777,-46.442021],[-67.517796,-46.442072],[-67.517797,-46.442156],[-67.517776,-46.442215],[-67.517742,-46.442291],[-67.517696,-46.442336],[-67.517582,-46.442371],[-67.517508,-46.442376],[-67.517417,-46.442367],[-67.517313,-46.442329],[-67.517283,-46.442315],[-67.517255,-46.442301],[-67.517186,-46.44229],[-67.517109,-46.442292],[-67.517049,-46.442304],[-67.517004,-46.442318],[-67.516149,-46.442756],[-67.515622,-46.443021],[-67.51556,-46.443059],[-67.513944,-46.443882],[-67.512757,-46.444509],[-67.511514,-46.445161],[-67.510913,-46.445456],[-67.51035,-46.445732],[-67.510198,-46.44581],[-67.509839,-46.445994],[-67.509695,-46.446069],[-67.509204,-46.446321],[-67.507923,-46.447102],[-67.507773,-46.447199],[-67.507667,-46.447275],[-67.507516,-46.447368],[-67.507328,-46.44749],[-67.50692,-46.447797],[-67.506794,-46.447904],[-67.506471,-46.448158],[-67.506191,-46.448378],[-67.506016,-46.448515],[-67.505968,-46.448554],[-67.505789,-46.448695],[-67.505603,-46.448852],[-67.505443,-46.448993],[-67.505245,-46.449178],[-67.504861,-46.449558],[-67.504712,-46.449707],[-67.504548,-46.449872],[-67.504469,-46.449948],[-67.504424,-46.450006],[-67.504384,-46.450076],[-67.50433,-46.45023],[-67.504345,-46.450256],[-67.504354,-46.45029],[-67.504332,-46.450363],[-67.504282,-46.450437],[-67.504215,-46.450497],[-67.504121,-46.450566],[-67.504045,-46.450597],[-67.503972,-46.450628],[-67.50393,-46.45064],[-67.503885,-46.45066],[-67.503787,-46.450703],[-67.503515,-46.450923],[-67.503212,-46.451253],[-67.502521,-46.452173],[-67.50185,-46.453172],[-67.501292,-46.454003],[-67.5012,-46.454143],[-67.501024,-46.454414],[-67.500403,-46.455362],[-67.500143,-46.455772],[-67.49989,-46.456145],[-67.499714,-46.456415],[-67.499493,-46.456752],[-67.499265,-46.457109],[-67.499135,-46.457312],[-67.498878,-46.457714],[-67.498699,-46.45798],[-67.498465,-46.458328],[-67.49826,-46.458634],[-67.498136,-46.458824],[-67.497373,-46.45999],[-67.497144,-46.460337],[-67.496989,-46.460573],[-67.496973,-46.46064],[-67.496973,-46.460721],[-67.496971,-46.460788],[-67.496976,-46.460854],[-67.496992,-46.46093],[-67.497019,-46.461017],[-67.497054,-46.4611],[-67.497091,-46.461146],[-67.497111,-46.461191],[-67.497189,-46.461233],[-67.497255,-46.461284],[-67.497325,-46.461319],[-67.497434,-46.46136],[-67.497514,-46.46139],[-67.497655,-46.461419],[-67.497796,-46.461448],[-67.497939,-46.461465],[-67.498183,-46.461476],[-67.5009,-46.461485],[-67.501115,-46.461486],[-67.502217,-46.461491],[-67.502997,-46.461494],[-67.503594,-46.4615],[-67.504961,-46.461517],[-67.505674,-46.461527],[-67.506214,-46.461538],[-67.5083,-46.461563],[-67.508744,-46.461568],[-67.508919,-46.461566],[-67.509804,-46.461575],[-67.510282,-46.461571],[-67.511503,-46.461564],[-67.51211,-46.461557],[-67.512488,-46.461544],[-67.512651,-46.461547],[-67.513196,-46.461556],[-67.513617,-46.461568],[-67.514138,-46.461578],[-67.514373,-46.461583],[-67.514808,-46.461598],[-67.51507,-46.461607],[-67.515295,-46.461622],[-67.51544,-46.461642],[-67.515598,-46.461673],[-67.515752,-46.461721],[-67.515877,-46.461775],[-67.516086,-46.461895],[-67.51633,-46.462039],[-67.516429,-46.462095],[-67.516535,-46.462143],[-67.516634,-46.462164],[-67.516676,-46.462169],[-67.516727,-46.462168],[-67.516783,-46.462163],[-67.516854,-46.462152],[-67.516927,-46.462141],[-67.516945,-46.462132],[-67.517016,-46.462111],[-67.517101,-46.46209],[-67.517181,-46.462073],[-67.517264,-46.462065],[-67.51736,-46.462062],[-67.517455,-46.462071],[-67.51749,-46.462079],[-67.517559,-46.462117],[-67.517605,-46.462148],[-67.517633,-46.462181],[-67.517667,-46.462238],[-67.517686,-46.46232],[-67.517676,-46.462417],[-67.517628,-46.462514],[-67.517537,-46.462621],[-67.517431,-46.462712],[-67.51733,-46.462775],[-67.517269,-46.462817],[-67.51717,-46.462866],[-67.517133,-46.462883],[-67.517014,-46.462961],[-67.516946,-46.463017],[-67.516882,-46.463086],[-67.516825,-46.463182],[-67.516791,-46.463262],[-67.516781,-46.46329],[-67.516772,-46.46332],[-67.516764,-46.46337],[-67.516759,-46.463453],[-67.516765,-46.463723],[-67.516823,-46.46432],[-67.516831,-46.464424],[-67.516878,-46.464962],[-67.516931,-46.465709],[-67.516936,-46.465794],[-67.516936,-46.465893],[-67.516932,-46.466029],[-67.51693,-46.466319],[-67.516896,-46.466467],[-67.516983,-46.467591],[-67.517045,-46.468499],[-67.517067,-46.468681],[-67.51711,-46.46928],[-67.517219,-46.470587],[-67.517256,-46.471209],[-67.517319,-46.471942],[-67.517376,-46.472518],[-67.517436,-46.473403],[-67.517443,-46.473502],[-67.517564,-46.475273],[-67.517577,-46.475402],[-67.517669,-46.476381],[-67.517801,-46.477769],[-67.517885,-46.478837],[-67.51796,-46.479675],[-67.517974,-46.479865],[-67.517984,-46.480015],[-67.518002,-46.480279],[-67.517996,-46.480357],[-67.517976,-46.480567],[-67.517953,-46.480752],[-67.517916,-46.480918],[-67.51786,-46.481051],[-67.51779,-46.481194],[-67.517743,-46.481274],[-67.517696,-46.481354],[-67.517578,-46.481494],[-67.517454,-46.481631],[-67.51732,-46.48176],[-67.517186,-46.48186],[-67.517004,-46.481982],[-67.516762,-46.482111],[-67.516559,-46.482196],[-67.516274,-46.482299],[-67.516028,-46.482373],[-67.515679,-46.482448],[-67.515306,-46.482516],[-67.514727,-46.482602],[-67.513809,-46.482739],[-67.510556,-46.483247],[-67.509427,-46.48342],[-67.507816,-46.483662],[-67.506892,-46.483811],[-67.505315,-46.484069],[-67.503985,-46.484266],[-67.502765,-46.484449],[-67.502295,-46.484503],[-67.502048,-46.484538],[-67.501806,-46.484564],[-67.501515,-46.484578],[-67.50119,-46.484589],[-67.500931,-46.484592],[-67.500673,-46.484585],[-67.500396,-46.484571],[-67.500074,-46.484534],[-67.499806,-46.484505],[-67.499446,-46.484453],[-67.499097,-46.484386],[-67.498797,-46.48432],[-67.498474,-46.484235],[-67.498061,-46.484131],[-67.497536,-46.483995],[-67.496238,-46.483688],[-67.495825,-46.483563],[-67.495562,-46.483457],[-67.495305,-46.483326],[-67.495085,-46.483201],[-67.494865,-46.483049],[-67.494668,-46.482895],[-67.494527,-46.482754],[-67.494313,-46.482536],[-67.494088,-46.482299],[-67.49369,-46.481901],[-67.493504,-46.481745],[-67.493372,-46.481646],[-67.493191,-46.481535],[-67.492943,-46.481396],[-67.492615,-46.481247],[-67.492252,-46.481115],[-67.491898,-46.481011],[-67.491627,-46.480957],[-67.491319,-46.48091],[-67.491069,-46.480888],[-67.490747,-46.480881],[-67.490406,-46.480892],[-67.490078,-46.480922],[-67.489695,-46.480992],[-67.489275,-46.481112],[-67.488866,-46.481268],[-67.488807,-46.481296],[-67.488574,-46.481406],[-67.48831,-46.481561],[-67.488059,-46.481735],[-67.487725,-46.482026],[-67.487545,-46.482233],[-67.487455,-46.48236],[-67.487281,-46.482604],[-67.487166,-46.482766],[-67.487096,-46.482865],[-67.486681,-46.483445],[-67.486168,-46.484151],[-67.485672,-46.484831],[-67.485616,-46.484908],[-67.485383,-46.48523],[-67.485157,-46.485549],[-67.484131,-46.486962],[-67.483488,-46.487837],[-67.48307,-46.488428],[-67.482877,-46.4887],[-67.482721,-46.488938],[-67.482485,-46.489264],[-67.482179,-46.489646],[-67.482016,-46.489835],[-67.481754,-46.490147],[-67.481445,-46.490493],[-67.481265,-46.490689],[-67.481,-46.490989],[-67.480781,-46.491217],[-67.48064,-46.491365],[-67.480204,-46.491768],[-67.479665,-46.49224],[-67.478741,-46.492997],[-67.478087,-46.493577],[-67.477606,-46.493979],[-67.476939,-46.494559],[-67.476707,-46.494755],[-67.476343,-46.495065],[-67.47574,-46.495582],[-67.474346,-46.496827],[-67.47391,-46.49727],[-67.473462,-46.497844],[-67.472426,-46.499294],[-67.469234,-46.503742],[-67.467736,-46.50582],[-67.467393,-46.50634],[-67.467072,-46.506851],[-67.465356,-46.509824],[-67.464337,-46.511626],[-67.464069,-46.512113],[-67.463908,-46.512497],[-67.463779,-46.512977],[-67.463675,-46.513535],[-67.463659,-46.513923],[-67.463667,-46.514223],[-67.463697,-46.514892],[-67.463796,-46.515343],[-67.46387,-46.515797],[-67.463947,-46.516145],[-67.463988,-46.516355],[-67.464061,-46.516818],[-67.464176,-46.51743],[-67.464467,-46.519085],[-67.464606,-46.519832],[-67.464723,-46.520535],[-67.464895,-46.521674],[-67.464933,-46.521932],[-67.464954,-46.522187],[-67.464981,-46.522526],[-67.464971,-46.522744],[-67.464933,-46.523039],[-67.464858,-46.52325],[-67.464744,-46.523474],[-67.464636,-46.523654],[-67.464541,-46.523807],[-67.464449,-46.523917],[-67.464193,-46.524176],[-67.464075,-46.524276],[-67.463898,-46.524412],[-67.463699,-46.524534],[-67.463468,-46.52466],[-67.463302,-46.524745],[-67.463029,-46.524863],[-67.462787,-46.524959],[-67.462382,-46.525106],[-67.461545,-46.525405],[-67.460639,-46.525726],[-67.459743,-46.526047],[-67.459712,-46.52606],[-67.45944,-46.526169],[-67.459075,-46.526313],[-67.458909,-46.526387],[-67.458635,-46.526535],[-67.458426,-46.526667],[-67.458206,-46.526837],[-67.45804,-46.526966],[-67.45782,-46.527195],[-67.457694,-46.527357],[-67.457589,-46.52752],[-67.457503,-46.527697],[-67.457417,-46.527897],[-67.457375,-46.52804],[-67.457316,-46.528302],[-67.457289,-46.528517],[-67.457256,-46.529328],[-67.457243,-46.529867],[-67.457203,-46.531061],[-67.4572,-46.53114],[-67.457136,-46.532676],[-67.457141,-46.53286],[-67.457141,-46.534986],[-67.457104,-46.536418],[-67.457082,-46.537654],[-67.457077,-46.53813],[-67.457071,-46.538307],[-67.457065,-46.53848],[-67.457056,-46.538557],[-67.457016,-46.538709],[-67.456979,-46.538836],[-67.45694,-46.538961],[-67.456733,-46.53959],[-67.456449,-46.540252],[-67.456252,-46.540675],[-67.455993,-46.541116],[-67.455684,-46.541525],[-67.454609,-46.542812],[-67.449198,-46.548592],[-67.446352,-46.551635],[-67.441445,-46.556866],[-67.438826,-46.559657],[-67.434,-46.564799],[-67.428677,-46.57053],[-67.427117,-46.572194],[-67.423859,-46.575613],[-67.423464,-46.575969],[-67.422979,-46.576333],[-67.422528,-46.576665],[-67.422034,-46.576962],[-67.421455,-46.577277],[-67.420693,-46.577653],[-67.420135,-46.577845],[-67.419436,-46.578062],[-67.417445,-46.57854],[-67.416304,-46.578844],[-67.415586,-46.579085],[-67.414731,-46.579493],[-67.414149,-46.579821],[-67.413696,-46.580121],[-67.413151,-46.580551],[-67.412769,-46.580971],[-67.412443,-46.581436],[-67.412259,-46.581739],[-67.412076,-46.582061],[-67.410881,-46.584267],[-67.410689,-46.584633],[-67.405425,-46.594674],[-67.402791,-46.599754],[-67.401416,-46.602407],[-67.397452,-46.609943],[-67.396384,-46.611997],[-67.395608,-46.613469],[-67.39532,-46.614015],[-67.392361,-46.619628],[-67.388612,-46.626869],[-67.387749,-46.628377],[-67.387327,-46.629058],[-67.386813,-46.629779],[-67.386328,-46.630506],[-67.382712,-46.635196],[-67.379096,-46.640016],[-67.377432,-46.642283],[-67.377213,-46.642573],[-67.376907,-46.643],[-67.376614,-46.643534],[-67.376452,-46.643957],[-67.376346,-46.644415],[-67.376313,-46.644793],[-67.376305,-46.645186],[-67.376327,-46.645443],[-67.376379,-46.645866],[-67.376463,-46.646198],[-67.376581,-46.646577],[-67.37796,-46.650576],[-67.380032,-46.656481],[-67.380374,-46.657307],[-67.38063,-46.657761],[-67.380911,-46.658155],[-67.381447,-46.658769],[-67.384195,-46.66166],[-67.384943,-46.662564],[-67.38522,-46.662915],[-67.385427,-46.663242],[-67.38565,-46.663715],[-67.385854,-46.664294],[-67.387163,-46.668449],[-67.388049,-46.671536],[-67.38831,-46.672741],[-67.390563,-46.685324],[-67.390567,-46.68564],[-67.390505,-46.685918],[-67.390392,-46.686122],[-67.390245,-46.686342],[-67.38996,-46.686676],[-67.389897,-46.686725],[-67.389716,-46.686865],[-67.389321,-46.687077],[-67.388684,-46.687312],[-67.386098,-46.688126],[-67.385415,-46.688372],[-67.385025,-46.688539],[-67.384748,-46.688707],[-67.384521,-46.68893],[-67.38437,-46.689161],[-67.384277,-46.689376],[-67.383951,-46.690212],[-67.38378,-46.690548],[-67.383633,-46.690732],[-67.383464,-46.690915],[-67.383025,-46.691216],[-67.382439,-46.69164],[-67.381789,-46.691953],[-67.381236,-46.692131],[-67.380797,-46.692176],[-67.380276,-46.692164],[-67.379561,-46.69212],[-67.379139,-46.692094],[-67.378829,-46.692075],[-67.378195,-46.692142],[-67.377691,-46.692287],[-67.377379,-46.692441],[-67.377171,-46.692578],[-67.376925,-46.692821],[-67.376731,-46.693168],[-67.376559,-46.69359],[-67.375596,-46.69767],[-67.3754,-46.69819],[-67.375271,-46.698533],[-67.375069,-46.698885],[-67.374827,-46.699228],[-67.374148,-46.700049],[-67.371555,-46.700083],[-67.365284,-46.700163],[-67.364945,-46.700217],[-67.364642,-46.700407],[-67.361985,-46.702305],[-67.361543,-46.70256],[-67.360977,-46.702732],[-67.360247,-46.702849],[-67.359522,-46.702791],[-67.357522,-46.702643],[-67.357136,-46.702496],[-67.355891,-46.701363],[-67.355049,-46.700576],[-67.35489,-46.700457],[-67.354626,-46.700432],[-67.353893,-46.70044],[-67.35354,-46.700478],[-67.3531,-46.700659],[-67.352907,-46.700721],[-67.35254,-46.700769],[-67.352222,-46.700716],[-67.351132,-46.700448],[-67.348917,-46.699921],[-67.348424,-46.69973],[-67.348198,-46.69974],[-67.347902,-46.699841],[-67.347656,-46.700095],[-67.347549,-46.700259],[-67.34733,-46.700598],[-67.346446,-46.701255],[-67.346064,-46.70154],[-67.345804,-46.701711],[-67.344931,-46.702287],[-67.343987,-46.70264],[-67.342695,-46.703158],[-67.341965,-46.703541],[-67.341491,-46.703713],[-67.340518,-46.703915],[-67.338339,-46.704365],[-67.337951,-46.704414],[-67.335549,-46.704718],[-67.335339,-46.704738],[-67.333103,-46.704954],[-67.332674,-46.704998],[-67.332376,-46.705127],[-67.332202,-46.705307],[-67.332107,-46.705517],[-67.331837,-46.705601],[-67.331494,-46.705572],[-67.331043,-46.705542],[-67.330464,-46.705601],[-67.325422,-46.705569],[-67.325223,-46.705568],[-67.324762,-46.705501],[-67.324165,-46.705223],[-67.324003,-46.705171],[-67.322954,-46.705204],[-67.31892,-46.704968],[-67.317508,-46.7042],[-67.317332,-46.703997],[-67.317315,-46.703494],[-67.317287,-46.703283],[-67.317203,-46.703188],[-67.31534,-46.702508],[-67.314886,-46.702423],[-67.312675,-46.702172],[-67.312315,-46.702199],[-67.312075,-46.702584],[-67.311474,-46.703099],[-67.310358,-46.703305],[-67.309907,-46.703453],[-67.309628,-46.704115],[-67.3095,-46.705218],[-67.309762,-46.70548],[-67.310294,-46.705836],[-67.310438,-46.706051],[-67.310534,-46.706231],[-67.310555,-46.706425],[-67.310372,-46.706506],[-67.309804,-46.706805],[-67.308989,-46.707364],[-67.308807,-46.707533],[-67.308811,-46.707686],[-67.309053,-46.708144],[-67.309247,-46.708673],[-67.30978,-46.709975],[-67.309869,-46.710145],[-67.309693,-46.71053],[-67.309307,-46.710972],[-67.308942,-46.711207],[-67.308603,-46.711292],[-67.308125,-46.711381],[-67.307702,-46.711542],[-67.307129,-46.711808],[-67.307082,-46.711847],[-67.307005,-46.71191],[-67.307078,-46.712074],[-67.307764,-46.712368],[-67.308215,-46.712501],[-67.30844,-46.712662],[-67.309127,-46.71278],[-67.309642,-46.712714],[-67.309895,-46.712769],[-67.310296,-46.71306],[-67.310366,-46.713236],[-67.310017,-46.714104],[-67.309856,-46.714472],[-67.309771,-46.71484],[-67.309449,-46.715127],[-67.309127,-46.715656],[-67.308505,-46.716193],[-67.308392,-46.716449],[-67.308451,-46.716672],[-67.308859,-46.717782],[-67.309148,-46.718084],[-67.309417,-46.719776],[-67.30955,-46.721007],[-67.309481,-46.721431],[-67.309331,-46.721864],[-67.309256,-46.722328],[-67.309063,-46.722828],[-67.309178,-46.724505],[-67.309293,-46.724678],[-67.309728,-46.725211],[-67.309809,-46.725428],[-67.309792,-46.725645],[-67.309471,-46.725943],[-67.309288,-46.726292],[-67.308651,-46.727623],[-67.30858,-46.727881],[-67.308719,-46.72891],[-67.308701,-46.729045],[-67.308601,-46.729197],[-67.307764,-46.729756],[-67.307603,-46.729879],[-67.307571,-46.729991],[-67.307582,-46.730521],[-67.307328,-46.731201],[-67.307314,-46.731322],[-67.307589,-46.731942],[-67.307603,-46.732138],[-67.307507,-46.732536],[-67.307538,-46.732687],[-67.3077,-46.732962],[-67.307893,-46.733624],[-67.308097,-46.73394],[-67.308301,-46.735359],[-67.3082,-46.735612],[-67.307936,-46.736021],[-67.307909,-46.73619],[-67.308181,-46.737791],[-67.308322,-46.737984],[-67.308912,-46.738425],[-67.310264,-46.738852],[-67.31079,-46.739183],[-67.311262,-46.739323],[-67.311364,-46.739407],[-67.311401,-46.739536],[-67.311377,-46.739625],[-67.311316,-46.739845],[-67.311165,-46.740403],[-67.311112,-46.742058],[-67.311165,-46.742322],[-67.311358,-46.742609],[-67.311402,-46.742904],[-67.311316,-46.743646],[-67.311318,-46.743949],[-67.311326,-46.745013],[-67.311208,-46.745638],[-67.311133,-46.749476],[-67.311058,-46.753203],[-67.311037,-46.756363],[-67.310886,-46.763191],[-67.310822,-46.767035],[-67.310738,-46.770439],[-67.309991,-46.77044],[-67.309412,-46.770352],[-67.295099,-46.767104],[-67.287482,-46.765341],[-67.27274,-46.76193],[-67.25463,-46.75777],[-67.254308,-46.757726],[-67.253665,-46.757799],[-67.251969,-46.758137],[-67.251562,-46.758152],[-67.25129,-46.758096],[-67.25109,-46.75802],[-67.250768,-46.757858],[-67.250596,-46.757623],[-67.250553,-46.757373],[-67.250553,-46.757064],[-67.250683,-46.756878],[-67.251133,-46.756594],[-67.251776,-46.756359],[-67.252291,-46.756109],[-67.252592,-46.755962],[-67.252763,-46.755712],[-67.252914,-46.755374],[-67.252935,-46.755124],[-67.252935,-46.75483],[-67.252914,-46.754565],[-67.252871,-46.754418],[-67.252871,-46.754183],[-67.253064,-46.753933],[-67.254437,-46.751816],[-67.254725,-46.751468],[-67.254802,-46.751375],[-67.254995,-46.751169],[-67.254995,-46.751007],[-67.254802,-46.750772],[-67.253901,-46.74989],[-67.253579,-46.74964],[-67.253386,-46.749434],[-67.253257,-46.749111],[-67.253042,-46.748876],[-67.252592,-46.748714],[-67.251948,-46.74864],[-67.251497,-46.748449],[-67.249673,-46.747346],[-67.249051,-46.746994],[-67.248322,-46.746582],[-67.247257,-46.745964],[-67.246867,-46.745758],[-67.246554,-46.745665],[-67.24624,-46.745626],[-67.246047,-46.745464],[-67.245318,-46.745023],[-67.244931,-46.744847],[-67.242957,-46.744435],[-67.242185,-46.744303],[-67.240481,-46.744364],[-67.239902,-46.744338],[-67.239229,-46.744185],[-67.238631,-46.743993],[-67.238052,-46.743724],[-67.237697,-46.743583],[-67.237361,-46.743557],[-67.236782,-46.743532],[-67.23639,-46.743429],[-67.235904,-46.743237],[-67.235493,-46.743071],[-67.233868,-46.742764],[-67.233476,-46.742661],[-67.233214,-46.742559],[-67.230842,-46.741356],[-67.228824,-46.740306],[-67.228469,-46.740139],[-67.2252,-46.739115],[-67.222772,-46.73845],[-67.221969,-46.738194],[-67.221521,-46.738014],[-67.221147,-46.737835],[-67.220885,-46.73763],[-67.22053,-46.737438],[-67.219559,-46.736977],[-67.219167,-46.736875],[-67.218849,-46.736811],[-67.21855,-46.736696],[-67.218065,-46.73644],[-67.217691,-46.736299],[-67.215412,-46.735825],[-67.215039,-46.735723],[-67.214721,-46.735569],[-67.214497,-46.735479],[-67.214011,-46.735339],[-67.209565,-46.735031],[-67.209005,-46.735031],[-67.208332,-46.735057],[-67.207828,-46.735159],[-67.207511,-46.735159],[-67.207268,-46.73507],[-67.207044,-46.73507],[-67.206831,-46.735154],[-67.206558,-46.735262],[-67.206184,-46.735441],[-67.205605,-46.735479],[-67.20549,-46.735527],[-67.204779,-46.735349],[-67.204107,-46.735272],[-67.203864,-46.735259],[-67.203752,-46.735272],[-67.203481,-46.735336],[-67.203117,-46.735323],[-67.20264,-46.735266],[-67.202425,-46.735266],[-67.201603,-46.735323],[-67.20081,-46.735381],[-67.200249,-46.73547],[-67.199941,-46.73549],[-67.199726,-46.735477],[-67.199362,-46.73547],[-67.19925,-46.735496],[-67.199082,-46.735579],[-67.198858,-46.735695],[-67.198699,-46.735746],[-67.198454,-46.73574],[-67.19783,-46.73556],[-67.197187,-46.735505],[-67.196665,-46.735556],[-67.196298,-46.735592],[-67.195813,-46.735592],[-67.195411,-46.735534],[-67.194449,-46.735438],[-67.193721,-46.735355],[-67.192282,-46.735163],[-67.191899,-46.735061],[-67.191414,-46.734779],[-67.190956,-46.734478],[-67.190601,-46.734331],[-67.190227,-46.734267],[-67.189956,-46.73419],[-67.189676,-46.734088],[-67.189172,-46.733781],[-67.188817,-46.733416],[-67.188677,-46.733211],[-67.188387,-46.732788],[-67.188191,-46.732635],[-67.187995,-46.732558],[-67.187192,-46.732526],[-67.186164,-46.732519],[-67.185856,-46.732443],[-67.185548,-46.732321],[-67.185371,-46.732206],[-67.184679,-46.731738],[-67.184147,-46.731546],[-67.183801,-46.731425],[-67.183605,-46.731354],[-67.183176,-46.730964],[-67.182793,-46.73072],[-67.182541,-46.730676],[-67.182223,-46.730669],[-67.180971,-46.730592],[-67.180349,-46.730483],[-67.180206,-46.730458],[-67.179514,-46.73033],[-67.179253,-46.730253],[-67.178982,-46.730183],[-67.178749,-46.730189],[-67.178649,-46.730202],[-67.177973,-46.730292],[-67.177656,-46.730304],[-67.177338,-46.730285],[-67.17717,-46.730183],[-67.177002,-46.730035],[-67.176918,-46.729882],[-67.176759,-46.729722],[-67.176591,-46.729632],[-67.176087,-46.729382],[-67.175862,-46.729197],[-67.175722,-46.729062],[-67.175349,-46.729011],[-67.174928,-46.728973],[-67.174751,-46.728973],[-67.174499,-46.729069],[-67.174074,-46.729485],[-67.173804,-46.729725],[-67.173638,-46.729801],[-67.173079,-46.729965],[-67.172551,-46.730243],[-67.172162,-46.730441],[-67.17199,-46.730532],[-67.17134,-46.730757],[-67.17099,-46.730936],[-67.170668,-46.73113],[-67.170568,-46.731237],[-67.170468,-46.7314],[-67.170363,-46.731503],[-67.17018,-46.731579],[-67.169619,-46.731716],[-67.169369,-46.731788],[-67.168453,-46.732199],[-67.167725,-46.732519],[-67.167175,-46.732778],[-67.166353,-46.733193],[-67.16617,-46.733315],[-67.165987,-46.733376],[-67.165715,-46.733444],[-67.165476,-46.733535],[-67.165271,-46.733672],[-67.165049,-46.733771],[-67.163932,-46.733931],[-67.16336,-46.734],[-67.163172,-46.734053],[-67.163072,-46.734091],[-67.163011,-46.734015],[-67.163005,-46.733886],[-67.162644,-46.732843],[-67.162583,-46.732641],[-67.162211,-46.732002],[-67.162161,-46.731865],[-67.162155,-46.731488],[-67.162155,-46.731282],[-67.162005,-46.730932],[-67.16145,-46.730011],[-67.161309,-46.729809],[-67.161352,-46.729666],[-67.161408,-46.72954],[-67.161383,-46.729443],[-67.161318,-46.729396],[-67.161272,-46.729363],[-67.16107,-46.729304],[-67.160799,-46.72922],[-67.160621,-46.729148],[-67.160504,-46.728988],[-67.160504,-46.728933],[-67.160529,-46.728811],[-67.161321,-46.727867],[-67.1633,-46.725399],[-67.16402,-46.724514],[-67.163895,-46.724451],[-67.163813,-46.7243],[-67.163651,-46.724155],[-67.163317,-46.72396],[-67.162846,-46.72372],[-67.16252,-46.72352],[-67.162333,-46.723336],[-67.162195,-46.723185],[-67.162081,-46.723057],[-67.161984,-46.722985],[-67.161553,-46.722656],[-67.161447,-46.722594],[-67.161358,-46.722567],[-67.160561,-46.72231],[-67.160496,-46.72226],[-67.160447,-46.722171],[-67.160172,-46.72149],[-67.16013,-46.721385],[-67.159829,-46.720878],[-67.159683,-46.720722],[-67.159162,-46.72017],[-67.159008,-46.719952],[-67.158918,-46.719807],[-67.158301,-46.718993],[-67.15817,-46.718771],[-67.15813,-46.718509],[-67.15804,-46.718124],[-67.157935,-46.717784],[-67.157805,-46.717215],[-67.157699,-46.716976],[-67.15765,-46.716831],[-67.157618,-46.716217],[-67.157618,-46.716033],[-67.157601,-46.715905],[-67.157528,-46.715766],[-67.157496,-46.715704],[-67.157471,-46.715638],[-67.157463,-46.715431],[-67.157463,-46.715353],[-67.157398,-46.715281],[-67.157122,-46.715036],[-67.156983,-46.714907],[-67.156902,-46.71479],[-67.156886,-46.714679],[-67.156918,-46.714545],[-67.15704,-46.714194],[-67.157048,-46.714049],[-67.15704,-46.713948],[-67.156935,-46.713764],[-67.156764,-46.713502],[-67.156617,-46.713357],[-67.156504,-46.713296],[-67.156219,-46.713174],[-67.156105,-46.71309],[-67.155991,-46.712995],[-67.155674,-46.71261],[-67.155479,-46.71241],[-67.155219,-46.712198],[-67.155089,-46.712075],[-67.154861,-46.711947],[-67.154674,-46.711858],[-67.154633,-46.711785],[-67.154593,-46.711668],[-67.154552,-46.711334],[-67.154487,-46.711122],[-67.154373,-46.710982],[-67.154203,-46.710804],[-67.15378,-46.710475],[-67.153682,-46.710414],[-67.15352,-46.71038],[-67.152942,-46.710202],[-67.152698,-46.710085],[-67.152406,-46.70989],[-67.152219,-46.709739],[-67.152137,-46.709633],[-67.152097,-46.709527],[-67.151934,-46.70912],[-67.15191,-46.708998],[-67.15191,-46.708758],[-67.151853,-46.708684],[-67.15182,-46.708641],[-67.151186,-46.70836],[-67.150336,-46.707977],[-67.149897,-46.707831],[-67.14972,-46.707714],[-67.149628,-46.707588],[-67.14931,-46.707006],[-67.149211,-46.7067],[-67.149204,-46.706506],[-67.149168,-46.706195],[-67.149133,-46.705919],[-67.149133,-46.705768],[-67.149189,-46.705448],[-67.149253,-46.705312],[-67.149614,-46.704676],[-67.149662,-46.704434],[-67.149671,-46.70439],[-67.149699,-46.704098],[-67.149706,-46.703579],[-67.149756,-46.703399],[-67.149827,-46.703317],[-67.149982,-46.703244],[-67.150216,-46.703166],[-67.150536,-46.703111],[-67.150671,-46.703048],[-67.150856,-46.70295],[-67.151417,-46.702371],[-67.151546,-46.702236],[-67.151762,-46.701974],[-67.151867,-46.701797],[-67.151885,-46.701708],[-67.151848,-46.701184],[-67.151855,-46.700973],[-67.151984,-46.700749],[-67.152126,-46.700546],[-67.152348,-46.70036],[-67.152606,-46.700191],[-67.152834,-46.700034],[-67.15374,-46.699658],[-67.15565,-46.698885],[-67.156716,-46.698467],[-67.156944,-46.698395],[-67.157148,-46.698302],[-67.157271,-46.698226],[-67.1574,-46.698183],[-67.157567,-46.698145],[-67.157764,-46.698082],[-67.157826,-46.698057],[-67.15785,-46.69801],[-67.157869,-46.697866],[-67.157856,-46.697782],[-67.1579,-46.697655],[-67.157986,-46.697549],[-67.158571,-46.696755],[-67.158916,-46.696413],[-67.159921,-46.695335],[-67.160217,-46.695069],[-67.160364,-46.694946],[-67.160568,-46.694828],[-67.160777,-46.694739],[-67.16103,-46.694625],[-67.16103,-46.694625],[-67.161578,-46.694452],[-67.161979,-46.694346],[-67.162293,-46.694299],[-67.162607,-46.694274],[-67.166946,-46.694164],[-67.167167,-46.694164],[-67.16819,-46.694164],[-67.1684,-46.694143],[-67.168585,-46.694097],[-67.1688,-46.69405],[-67.168924,-46.694042],[-67.169028,-46.694046],[-67.16917,-46.694092],[-67.169312,-46.694101],[-67.169435,-46.694101],[-67.170396,-46.694029],[-67.170593,-46.693974],[-67.170748,-46.693906],[-67.170809,-46.693834],[-67.171259,-46.693441],[-67.171388,-46.693357],[-67.171518,-46.693315],[-67.172177,-46.693031],[-67.172855,-46.692676],[-67.173083,-46.692524],[-67.173311,-46.692364],[-67.173545,-46.692076],[-67.173687,-46.691894],[-67.173909,-46.691518],[-67.174106,-46.691324],[-67.174285,-46.691201],[-67.174679,-46.690863],[-67.174285,-46.691201],[-67.174106,-46.691324],[-67.173909,-46.691518],[-67.173687,-46.691894],[-67.173545,-46.692076],[-67.173311,-46.692364],[-67.173083,-46.692524],[-67.172855,-46.692676],[-67.172177,-46.693031],[-67.171518,-46.693315],[-67.171388,-46.693357],[-67.171259,-46.693441],[-67.170809,-46.693834],[-67.170748,-46.693906],[-67.170593,-46.693974],[-67.170396,-46.694029],[-67.169435,-46.694101],[-67.169312,-46.694101],[-67.16917,-46.694092],[-67.169028,-46.694046],[-67.168924,-46.694042],[-67.1688,-46.69405],[-67.168585,-46.694097],[-67.1684,-46.694143],[-67.16819,-46.694164],[-67.167167,-46.694164],[-67.166946,-46.694164],[-67.162607,-46.694274],[-67.162293,-46.694299],[-67.161979,-46.694346],[-67.161578,-46.694452],[-67.16103,-46.694625],[-67.160777,-46.694739],[-67.160568,-46.694828],[-67.160364,-46.694946],[-67.160217,-46.695069],[-67.159921,-46.695335],[-67.158916,-46.696413],[-67.158571,-46.696755],[-67.157986,-46.697549],[-67.1579,-46.697655],[-67.157856,-46.697782],[-67.157869,-46.697866],[-67.15785,-46.69801],[-67.157826,-46.698057],[-67.157764,-46.698082],[-67.157567,-46.698145],[-67.1574,-46.698183],[-67.157271,-46.698226],[-67.157148,-46.698302],[-67.156944,-46.698395],[-67.156716,-46.698467],[-67.15565,-46.698885],[-67.15374,-46.699658],[-67.152834,-46.700034],[-67.152606,-46.700191],[-67.152348,-46.70036],[-67.152126,-46.700546],[-67.151984,-46.700749],[-67.151855,-46.700973],[-67.151848,-46.701184],[-67.151885,-46.701708],[-67.151867,-46.701797],[-67.151762,-46.701974],[-67.151546,-46.702236],[-67.151417,-46.702371],[-67.150856,-46.70295],[-67.150671,-46.703048],[-67.150536,-46.703111],[-67.150216,-46.703166],[-67.149982,-46.703244],[-67.149827,-46.703317],[-67.149756,-46.703399],[-67.149706,-46.703579],[-67.149699,-46.704098],[-67.149671,-46.70439],[-67.149662,-46.704434],[-67.149614,-46.704676],[-67.149253,-46.705312],[-67.149189,-46.705448],[-67.149133,-46.705768],[-67.149133,-46.705919],[-67.149168,-46.706195],[-67.149204,-46.706506],[-67.149211,-46.7067],[-67.14931,-46.707006],[-67.149628,-46.707588],[-67.14972,-46.707714],[-67.149897,-46.707831],[-67.150336,-46.707977],[-67.151186,-46.70836],[-67.15182,-46.708641],[-67.151853,-46.708684],[-67.15191,-46.708758],[-67.15191,-46.708998],[-67.151934,-46.70912],[-67.152097,-46.709527],[-67.152137,-46.709633],[-67.152219,-46.709739],[-67.152406,-46.70989],[-67.152698,-46.710085],[-67.152942,-46.710202],[-67.15352,-46.71038],[-67.153682,-46.710414],[-67.15378,-46.710475],[-67.154203,-46.710804],[-67.154373,-46.710982],[-67.154487,-46.711122],[-67.154552,-46.711334],[-67.154593,-46.711668],[-67.154633,-46.711785],[-67.154674,-46.711858],[-67.154861,-46.711947],[-67.155089,-46.712075],[-67.155219,-46.712198],[-67.155479,-46.71241],[-67.155674,-46.71261],[-67.155991,-46.712995],[-67.156105,-46.71309],[-67.156219,-46.713174],[-67.156504,-46.713296],[-67.156617,-46.713357],[-67.156764,-46.713502],[-67.156935,-46.713764],[-67.15704,-46.713948],[-67.157048,-46.714049],[-67.15704,-46.714194],[-67.156918,-46.714545],[-67.156886,-46.714679],[-67.156902,-46.71479],[-67.156983,-46.714907],[-67.157122,-46.715036],[-67.157398,-46.715281],[-67.157463,-46.715353],[-67.157463,-46.715431],[-67.157471,-46.715638],[-67.157496,-46.715704],[-67.157528,-46.715766],[-67.157601,-46.715905],[-67.157618,-46.716033],[-67.157618,-46.716217],[-67.15765,-46.716831],[-67.157699,-46.716976],[-67.157805,-46.717215],[-67.157935,-46.717784],[-67.15804,-46.718124],[-67.15813,-46.718509],[-67.15817,-46.718771],[-67.158301,-46.718993],[-67.158918,-46.719807],[-67.159008,-46.719952],[-67.159162,-46.72017],[-67.159683,-46.720722],[-67.159829,-46.720878],[-67.16013,-46.721385],[-67.160172,-46.72149],[-67.160447,-46.722171],[-67.160496,-46.72226],[-67.160561,-46.72231],[-67.161358,-46.722567],[-67.161447,-46.722594],[-67.161553,-46.722656],[-67.161984,-46.722985],[-67.162081,-46.723057],[-67.162195,-46.723185],[-67.162333,-46.723336],[-67.16252,-46.72352],[-67.162846,-46.72372],[-67.163317,-46.72396],[-67.163651,-46.724155],[-67.163813,-46.7243],[-67.163895,-46.724451],[-67.16402,-46.724514],[-67.1633,-46.725399],[-67.161321,-46.727867],[-67.160529,-46.728811],[-67.160504,-46.728933],[-67.160504,-46.728988],[-67.160621,-46.729148],[-67.160799,-46.72922],[-67.16107,-46.729304],[-67.161272,-46.729363],[-67.161318,-46.729396],[-67.161383,-46.729443],[-67.161408,-46.72954],[-67.161352,-46.729666],[-67.161309,-46.729809],[-67.16145,-46.730011],[-67.162005,-46.730932],[-67.162155,-46.731282],[-67.162155,-46.731488],[-67.162161,-46.731865],[-67.162211,-46.732002],[-67.162583,-46.732641],[-67.162644,-46.732843],[-67.163005,-46.733886],[-67.163011,-46.734015],[-67.163072,-46.734091],[-67.163172,-46.734053],[-67.16336,-46.734],[-67.163932,-46.733931],[-67.165049,-46.733771],[-67.165271,-46.733672],[-67.165476,-46.733535],[-67.165715,-46.733444],[-67.165987,-46.733376],[-67.16617,-46.733315],[-67.166353,-46.733193],[-67.167175,-46.732778],[-67.167725,-46.732519],[-67.168453,-46.732199],[-67.169369,-46.731788],[-67.169619,-46.731716],[-67.17018,-46.731579],[-67.170363,-46.731503],[-67.170468,-46.7314],[-67.170568,-46.731237],[-67.170668,-46.73113],[-67.17099,-46.730936],[-67.17134,-46.730757],[-67.17199,-46.730532],[-67.172162,-46.730441],[-67.172551,-46.730243],[-67.173079,-46.729965],[-67.173638,-46.729801],[-67.173804,-46.729725],[-67.174074,-46.729485],[-67.174499,-46.729069],[-67.174751,-46.728973],[-67.174928,-46.728973],[-67.175349,-46.729011],[-67.175722,-46.729062],[-67.175862,-46.729197],[-67.176087,-46.729382],[-67.176591,-46.729632],[-67.176759,-46.729722],[-67.176918,-46.729882],[-67.177002,-46.730035],[-67.17717,-46.730183],[-67.177338,-46.730285],[-67.177656,-46.730304],[-67.177973,-46.730292],[-67.178649,-46.730202],[-67.178749,-46.730189],[-67.178982,-46.730183],[-67.179253,-46.730253],[-67.179514,-46.73033],[-67.180206,-46.730458],[-67.180349,-46.730483],[-67.180971,-46.730592],[-67.182223,-46.730669],[-67.182541,-46.730676],[-67.182793,-46.73072],[-67.183176,-46.730964],[-67.183605,-46.731354],[-67.183801,-46.731425],[-67.184147,-46.731546],[-67.184679,-46.731738],[-67.185371,-46.732206],[-67.185548,-46.732321],[-67.185856,-46.732443],[-67.186164,-46.732519],[-67.187192,-46.732526],[-67.187995,-46.732558],[-67.188191,-46.732635],[-67.188387,-46.732788],[-67.188677,-46.733211],[-67.188817,-46.733416],[-67.189172,-46.733781],[-67.189676,-46.734088],[-67.189956,-46.73419],[-67.190227,-46.734267],[-67.190601,-46.734331],[-67.190956,-46.734478],[-67.191414,-46.734779],[-67.191899,-46.735061],[-67.192282,-46.735163],[-67.193721,-46.735355],[-67.194449,-46.735438],[-67.195411,-46.735534],[-67.195813,-46.735592],[-67.196298,-46.735592],[-67.196665,-46.735556],[-67.197187,-46.735505],[-67.19783,-46.73556],[-67.198454,-46.73574],[-67.198699,-46.735746],[-67.198858,-46.735695],[-67.199082,-46.735579],[-67.19925,-46.735496],[-67.199362,-46.73547],[-67.199726,-46.735477],[-67.199941,-46.73549],[-67.200249,-46.73547],[-67.20081,-46.735381],[-67.201603,-46.735323],[-67.202425,-46.735266],[-67.20264,-46.735266],[-67.203117,-46.735323],[-67.203481,-46.735336],[-67.203752,-46.735272],[-67.203864,-46.735259],[-67.204107,-46.735272],[-67.204779,-46.735349],[-67.20549,-46.735527],[-67.205605,-46.735479],[-67.206184,-46.735441],[-67.206558,-46.735262],[-67.206831,-46.735154],[-67.207044,-46.73507],[-67.207268,-46.73507],[-67.207511,-46.735159],[-67.207828,-46.735159],[-67.208332,-46.735057],[-67.209005,-46.735031],[-67.209565,-46.735031],[-67.214011,-46.735339],[-67.214497,-46.735479],[-67.214721,-46.735569],[-67.215039,-46.735723],[-67.215412,-46.735825],[-67.217691,-46.736299],[-67.218065,-46.73644],[-67.21855,-46.736696],[-67.218849,-46.736811],[-67.219167,-46.736875],[-67.219559,-46.736977],[-67.22053,-46.737438],[-67.220885,-46.73763],[-67.221147,-46.737835],[-67.221521,-46.738014],[-67.221969,-46.738194],[-67.222772,-46.73845],[-67.2252,-46.739115],[-67.228469,-46.740139],[-67.228824,-46.740306],[-67.230842,-46.741356],[-67.233214,-46.742559],[-67.233476,-46.742661],[-67.233868,-46.742764],[-67.235493,-46.743071],[-67.235904,-46.743237],[-67.23639,-46.743429],[-67.236782,-46.743532],[-67.237361,-46.743557],[-67.237697,-46.743583],[-67.238052,-46.743724],[-67.238631,-46.743993],[-67.239229,-46.744185],[-67.239902,-46.744338],[-67.240481,-46.744364],[-67.242185,-46.744303],[-67.242957,-46.744435],[-67.244931,-46.744847],[-67.245318,-46.745023],[-67.246047,-46.745464],[-67.24624,-46.745626],[-67.246554,-46.745665],[-67.246867,-46.745758],[-67.247257,-46.745964],[-67.248322,-46.746582],[-67.249051,-46.746994],[-67.249673,-46.747346],[-67.251497,-46.748449],[-67.251948,-46.74864],[-67.252592,-46.748714],[-67.253042,-46.748876],[-67.253257,-46.749111],[-67.253386,-46.749434],[-67.253579,-46.74964],[-67.253901,-46.74989],[-67.254802,-46.750772],[-67.254995,-46.751007],[-67.254995,-46.751169],[-67.254802,-46.751375],[-67.254725,-46.751468],[-67.254437,-46.751816],[-67.253064,-46.753933],[-67.252871,-46.754183],[-67.252871,-46.754418],[-67.252914,-46.754565],[-67.252935,-46.75483],[-67.252935,-46.755124],[-67.252914,-46.755374],[-67.252763,-46.755712],[-67.252592,-46.755962],[-67.252291,-46.756109],[-67.251776,-46.756359],[-67.251133,-46.756594],[-67.250683,-46.756878],[-67.250553,-46.757064],[-67.250553,-46.757373],[-67.250596,-46.757623],[-67.250768,-46.757858],[-67.25109,-46.75802],[-67.25129,-46.758096],[-67.251562,-46.758152],[-67.251969,-46.758137],[-67.253665,-46.757799],[-67.254308,-46.757726],[-67.25463,-46.75777],[-67.27274,-46.76193],[-67.287482,-46.765341],[-67.295099,-46.767104],[-67.309412,-46.770352],[-67.309991,-46.77044],[-67.310738,-46.770439],[-67.310822,-46.767035],[-67.310886,-46.763191],[-67.311037,-46.756363],[-67.311058,-46.753203],[-67.311133,-46.749476],[-67.311208,-46.745638],[-67.311326,-46.745013],[-67.311318,-46.743949],[-67.311316,-46.743646],[-67.311402,-46.742904],[-67.311358,-46.742609],[-67.311165,-46.742322],[-67.311112,-46.742058],[-67.311165,-46.740403],[-67.311316,-46.739845],[-67.311377,-46.739625],[-67.313041,-46.739922],[-67.313438,-46.739996],[-67.313684,-46.740143],[-67.315766,-46.742952],[-67.315895,-46.743047],[-67.324177,-46.742356],[-67.324456,-46.742371],[-67.324574,-46.742415],[-67.32599,-46.743349],[-67.326151,-46.743496],[-67.326709,-46.744444],[-67.326902,-46.744628],[-67.328361,-46.745466],[-67.328651,-46.745532],[-67.328994,-46.745481],[-67.330475,-46.744856],[-67.330743,-46.744797],[-67.331196,-46.744766],[-67.331369,-46.744882],[-67.331787,-46.745038],[-67.332467,-46.745183],[-67.332738,-46.745254],[-67.333722,-46.74613],[-67.334404,-46.74661],[-67.334657,-46.746737],[-67.334969,-46.746793],[-67.336002,-46.746647],[-67.336521,-46.74666],[-67.33674,-46.746703],[-67.337383,-46.747092],[-67.337683,-46.747142],[-67.343299,-46.747535],[-67.343709,-46.747591],[-67.344168,-46.747557],[-67.345775,-46.748546],[-67.346103,-46.748703],[-67.347464,-46.749175],[-67.348666,-46.749569],[-67.348962,-46.749593],[-67.34971,-46.749591],[-67.350432,-46.749737],[-67.350862,-46.749738],[-67.351399,-46.749681],[-67.353383,-46.749074],[-67.353596,-46.748928],[-67.354433,-46.748838],[-67.354617,-46.748837],[-67.357047,-46.749704],[-67.357351,-46.749782],[-67.357925,-46.749669],[-67.358581,-46.74949],[-67.358748,-46.749364],[-67.359108,-46.749254],[-67.360862,-46.749068],[-67.361117,-46.749125],[-67.361418,-46.749433],[-67.362929,-46.751484],[-67.363659,-46.752555],[-67.364365,-46.7536],[-67.365051,-46.754664],[-67.370521,-46.762957],[-67.371186,-46.76405],[-67.371395,-46.764294],[-67.362728,-46.770017],[-67.361705,-46.770714],[-67.361212,-46.771063],[-67.360689,-46.77145],[-67.360305,-46.771776],[-67.359927,-46.772111],[-67.3593,-46.77271],[-67.358851,-46.773176],[-67.358425,-46.773651],[-67.357926,-46.774308],[-67.357602,-46.774778],[-67.357283,-46.775278],[-67.351363,-46.784939],[-67.348412,-46.789765],[-67.347903,-46.790594],[-67.345436,-46.794611],[-67.334087,-46.813117],[-67.333982,-46.813289],[-67.333576,-46.813948],[-67.328237,-46.822617],[-67.322505,-46.831935],[-67.320769,-46.834765],[-67.319922,-46.836134],[-67.319027,-46.837574],[-67.317208,-46.840529],[-67.316038,-46.842431],[-67.314547,-46.84486],[-67.313801,-46.846067],[-67.312978,-46.847386],[-67.303308,-46.86307],[-67.298486,-46.870908],[-67.296072,-46.874828],[-67.294195,-46.87789],[-67.293631,-46.87881],[-67.291331,-46.882537],[-67.282108,-46.897501],[-67.277489,-46.904989],[-67.272887,-46.912455],[-67.268688,-46.919241],[-67.266874,-46.922187],[-67.266455,-46.922879],[-67.266267,-46.923227],[-67.266069,-46.923605],[-67.265822,-46.924205],[-67.265672,-46.924582],[-67.265533,-46.92496],[-67.265344,-46.92563],[-67.2652,-46.926279],[-67.265083,-46.927121],[-67.265008,-46.927657],[-67.262233,-46.9476],[-67.260844,-46.957567],[-67.260157,-46.962547],[-67.259819,-46.965047],[-67.259478,-46.96753],[-67.258431,-46.97513],[-67.258352,-46.975703],[-67.256297,-46.990603],[-67.255385,-46.997342],[-67.253555,-47.010639],[-67.253473,-47.011422],[-67.253373,-47.012206],[-67.253284,-47.012932],[-67.253276,-47.012983],[-67.25321,-47.013479],[-67.253194,-47.013606],[-67.253089,-47.014355],[-67.252964,-47.015242],[-67.252901,-47.015586],[-67.252889,-47.015652],[-67.2528,-47.016086],[-67.252654,-47.017321],[-67.252475,-47.018571],[-67.25228,-47.019733],[-67.252239,-47.019886],[-67.25222,-47.019961],[-67.252104,-47.020333],[-67.251942,-47.020698],[-67.251805,-47.020976],[-67.251645,-47.021297],[-67.251449,-47.021612],[-67.251232,-47.02194],[-67.251111,-47.02212],[-67.250727,-47.022574],[-67.250332,-47.022948],[-67.250091,-47.023172],[-67.249187,-47.023839],[-67.248964,-47.02398],[-67.248611,-47.024249],[-67.248297,-47.024442],[-67.24802,-47.024614],[-67.246762,-47.025299],[-67.246081,-47.02569],[-67.245534,-47.02599],[-67.24402,-47.026733],[-67.240038,-47.028952],[-67.231758,-47.033563],[-67.228995,-47.035081],[-67.21914,-47.040514],[-67.2181,-47.041096],[-67.217188,-47.041718],[-67.215976,-47.042756],[-67.215257,-47.043516],[-67.214713,-47.044166],[-67.214219,-47.044926],[-67.213798,-47.045702],[-67.213449,-47.046489],[-67.213288,-47.047061],[-67.213105,-47.047726],[-67.21265,-47.049815],[-67.211742,-47.053757],[-67.209193,-47.064819],[-67.207003,-47.074323],[-67.205755,-47.079739],[-67.205656,-47.08017],[-67.203964,-47.08751],[-67.203646,-47.088896],[-67.202237,-47.095036],[-67.201891,-47.096545],[-67.200725,-47.101627],[-67.200231,-47.103468],[-67.200017,-47.105323],[-67.19991,-47.106739],[-67.199952,-47.108521],[-67.200149,-47.109993],[-67.202497,-47.122972],[-67.20273,-47.123908],[-67.203032,-47.124928],[-67.203355,-47.125683],[-67.203966,-47.126929],[-67.204438,-47.127737],[-67.206971,-47.131185],[-67.207613,-47.132055],[-67.209461,-47.134603],[-67.209719,-47.134907],[-67.210103,-47.135421],[-67.210728,-47.136334],[-67.211319,-47.137135],[-67.211517,-47.137314],[-67.211645,-47.137416],[-67.211836,-47.137552],[-67.211947,-47.137632],[-67.212036,-47.1377],[-67.212094,-47.137748],[-67.212155,-47.137828],[-67.213547,-47.139768],[-67.213599,-47.139845],[-67.213632,-47.139914],[-67.213669,-47.14002],[-67.213689,-47.140142],[-67.213717,-47.140256],[-67.213756,-47.140374],[-67.213795,-47.140492],[-67.213837,-47.140591],[-67.21389,-47.140697],[-67.215501,-47.142954],[-67.216217,-47.143942],[-67.223192,-47.153575],[-67.223625,-47.15427],[-67.223696,-47.15446],[-67.223816,-47.154778],[-67.223907,-47.155138],[-67.223949,-47.155503],[-67.224034,-47.15627],[-67.224098,-47.156674],[-67.224161,-47.157013],[-67.224256,-47.157345],[-67.224392,-47.157754],[-67.224612,-47.158283],[-67.224869,-47.15872],[-67.225361,-47.159193],[-67.231245,-47.163609],[-67.231694,-47.164017],[-67.232058,-47.164425],[-67.232412,-47.164863],[-67.23261,-47.165205],[-67.232873,-47.165636],[-67.233298,-47.166596],[-67.233394,-47.166814],[-67.234289,-47.169217],[-67.23444,-47.169604],[-67.234783,-47.170231],[-67.23503,-47.170669],[-67.235384,-47.171194],[-67.23674,-47.17317],[-67.237774,-47.174706],[-67.238871,-47.176223],[-67.23987,-47.177624],[-67.241088,-47.179367],[-67.241433,-47.179817],[-67.241821,-47.180281],[-67.242377,-47.180891],[-67.24283,-47.181316],[-67.243366,-47.181725],[-67.243767,-47.181963],[-67.244255,-47.182216],[-67.244871,-47.182523],[-67.248359,-47.184025],[-67.249095,-47.184364],[-67.25785,-47.188054],[-67.25856,-47.188368],[-67.259566,-47.188885],[-67.260221,-47.189286],[-67.260897,-47.189855],[-67.261412,-47.190424],[-67.261782,-47.190985],[-67.262045,-47.191554],[-67.262227,-47.192166],[-67.262259,-47.192538],[-67.26227,-47.192968],[-67.262218,-47.193357],[-67.262154,-47.193676],[-67.262131,-47.193792],[-67.262013,-47.19428],[-67.26182,-47.194761],[-67.261283,-47.195563],[-67.260489,-47.19654],[-67.258258,-47.199004],[-67.257764,-47.199646],[-67.257163,-47.200462],[-67.256756,-47.201279],[-67.256605,-47.201905],[-67.256477,-47.202489],[-67.256455,-47.203159],[-67.256502,-47.204391],[-67.256647,-47.206672],[-67.25929,-47.243649],[-67.259384,-47.244844],[-67.260419,-47.257871],[-67.260583,-47.260427],[-67.260591,-47.260557],[-67.262503,-47.287944],[-67.26331,-47.299214],[-67.263332,-47.299513],[-67.264134,-47.310708],[-67.264205,-47.311704],[-67.264211,-47.311783],[-67.26528,-47.326685],[-67.265597,-47.33083],[-67.26579,-47.332473],[-67.265951,-47.333607],[-67.266112,-47.334596],[-67.266622,-47.337006],[-67.266885,-47.338392],[-67.267048,-47.339609],[-67.267142,-47.341212],[-67.267284,-47.378055],[-67.267304,-47.392964],[-67.267309,-47.397217],[-67.267367,-47.44044],[-67.267422,-47.449796],[-67.267495,-47.462288],[-67.267511,-47.464983],[-67.267545,-47.470868],[-67.267542,-47.471429],[-67.267548,-47.477581],[-67.26757,-47.48057],[-67.267578,-47.480938],[-67.26759,-47.485776],[-67.2676,-47.486076],[-67.267609,-47.486374],[-67.267623,-47.486869],[-67.267631,-47.487155],[-67.267649,-47.487439],[-67.267669,-47.487782],[-67.267799,-47.489182],[-67.26857,-47.495865],[-67.269201,-47.50136],[-67.269555,-47.504265],[-67.269921,-47.507263],[-67.270628,-47.512955],[-67.270774,-47.51374],[-67.270942,-47.514408],[-67.271427,-47.515918],[-67.2716,-47.516297],[-67.273203,-47.519796],[-67.280814,-47.536271],[-67.28134,-47.537646],[-67.281686,-47.538564],[-67.281947,-47.539453],[-67.282258,-47.540692],[-67.282505,-47.542018],[-67.284331,-47.560429],[-67.284385,-47.560978],[-67.285093,-47.568116],[-67.285505,-47.572264],[-67.286536,-47.58263],[-67.287488,-47.592201],[-67.28766,-47.593558],[-67.287874,-47.594669],[-67.288175,-47.59566],[-67.288483,-47.596631],[-67.288877,-47.597559],[-67.289408,-47.598575],[-67.29017,-47.599798],[-67.302524,-47.617436],[-67.303576,-47.618937],[-67.303959,-47.619485],[-67.307131,-47.624021],[-67.307182,-47.624095],[-67.307274,-47.624222],[-67.307799,-47.62495],[-67.307926,-47.625126],[-67.311656,-47.630391],[-67.315127,-47.635481],[-67.319083,-47.641171],[-67.320001,-47.64232],[-67.320451,-47.642826],[-67.320988,-47.643347],[-67.321936,-47.644156],[-67.326069,-47.647097],[-67.326202,-47.647192],[-67.326272,-47.647244],[-67.327715,-47.648333],[-67.328392,-47.648893],[-67.329163,-47.649678],[-67.332682,-47.653278],[-67.333433,-47.653971],[-67.333991,-47.654448],[-67.334892,-47.655142],[-67.338263,-47.657686],[-67.33942,-47.658539],[-67.339891,-47.658969],[-67.340296,-47.659366],[-67.340815,-47.659984],[-67.341148,-47.660517],[-67.341417,-47.661039],[-67.34236,-47.663208],[-67.343232,-47.66535],[-67.343587,-47.666228],[-67.343876,-47.666854],[-67.344105,-47.667196],[-67.344321,-47.667475],[-67.344558,-47.667718],[-67.344827,-47.667961],[-67.34706,-47.669799],[-67.347405,-47.670163],[-67.347542,-47.670284],[-67.34899,-47.67205],[-67.349484,-47.672578],[-67.34988,-47.672972],[-67.353139,-47.675951],[-67.358588,-47.680802],[-67.363314,-47.684968],[-67.371538,-47.692397],[-67.375706,-47.696087],[-67.376081,-47.696419],[-67.376884,-47.697229],[-67.377561,-47.698065],[-67.37884,-47.699828],[-67.381225,-47.703453],[-67.383404,-47.706544],[-67.383926,-47.707233],[-67.384448,-47.707889],[-67.387254,-47.710953],[-67.388309,-47.711979],[-67.388814,-47.712433],[-67.389384,-47.712887],[-67.397312,-47.718615],[-67.399939,-47.720521],[-67.40066,-47.721061],[-67.401101,-47.721391],[-67.401527,-47.721709],[-67.402319,-47.722333],[-67.403094,-47.723086],[-67.404038,-47.724018],[-67.405898,-47.725975],[-67.408204,-47.728375],[-67.408887,-47.729027],[-67.409544,-47.729703],[-67.409953,-47.730078],[-67.41041,-47.730442],[-67.411856,-47.731551],[-67.419954,-47.737825],[-67.420289,-47.738093],[-67.420646,-47.738423],[-67.420918,-47.738717],[-67.421125,-47.738978],[-67.42471,-47.743408],[-67.436212,-47.757685],[-67.437177,-47.758996],[-67.437467,-47.759454],[-67.437692,-47.75989],[-67.437971,-47.760539],[-67.438142,-47.761203],[-67.438244,-47.76171],[-67.438314,-47.762184],[-67.438544,-47.766633],[-67.438596,-47.767068],[-67.438691,-47.767529],[-67.438786,-47.767924],[-67.438958,-47.768429],[-67.439215,-47.769006],[-67.440468,-47.771566],[-67.44307,-47.776873],[-67.445279,-47.781316],[-67.447465,-47.785776],[-67.448013,-47.786886],[-67.448378,-47.787506],[-67.448852,-47.78825],[-67.449408,-47.788977],[-67.450051,-47.78977],[-67.451293,-47.79108],[-67.451786,-47.791633],[-67.452167,-47.79208],[-67.456882,-47.797448],[-67.460222,-47.801151],[-67.461689,-47.802777],[-67.464434,-47.80582],[-67.465658,-47.807214],[-67.466209,-47.807917],[-67.466574,-47.808464],[-67.466837,-47.808933],[-67.467202,-47.809735],[-67.467528,-47.810537],[-67.468399,-47.813008],[-67.470024,-47.817579],[-67.476048,-47.834853],[-67.476437,-47.835839],[-67.476808,-47.836713],[-67.47725,-47.837659],[-67.478589,-47.840127],[-67.479229,-47.841405],[-67.47995,-47.842912],[-67.480373,-47.843956],[-67.481492,-47.847225],[-67.483997,-47.855028],[-67.484766,-47.857208],[-67.485371,-47.858714],[-67.485924,-47.859778],[-67.486466,-47.860806],[-67.487051,-47.861881],[-67.493967,-47.874131],[-67.496072,-47.877848],[-67.496588,-47.878571],[-67.496888,-47.878925],[-67.497107,-47.879183],[-67.498573,-47.880752],[-67.49911,-47.881399],[-67.499611,-47.882028],[-67.500041,-47.882762],[-67.500592,-47.883817],[-67.500834,-47.884518],[-67.500963,-47.88528],[-67.50161,-47.888621],[-67.501636,-47.888756],[-67.501864,-47.889512],[-67.502229,-47.890374],[-67.502744,-47.891352],[-67.50356,-47.892633],[-67.504396,-47.893626],[-67.511134,-47.900819],[-67.516276,-47.906146],[-67.518001,-47.908069],[-67.519052,-47.909349],[-67.519631,-47.910082],[-67.520168,-47.910902],[-67.52109,-47.912398],[-67.522799,-47.915466],[-67.526576,-47.922484],[-67.528472,-47.926016],[-67.529768,-47.928706],[-67.530865,-47.93148],[-67.533795,-47.938914],[-67.534888,-47.941687],[-67.53566,-47.943613],[-67.536476,-47.945625],[-67.537162,-47.947091],[-67.537913,-47.948528],[-67.538935,-47.9502],[-67.542076,-47.955182],[-67.544458,-47.958875],[-67.546968,-47.962841],[-67.548892,-47.965834],[-67.550037,-47.96764],[-67.550895,-47.969005],[-67.55126,-47.969594],[-67.551668,-47.97014],[-67.552298,-47.970943],[-67.552891,-47.971634],[-67.554607,-47.973415],[-67.562453,-47.981578],[-67.584685,-48.005557],[-67.585736,-48.006706],[-67.586315,-48.007409],[-67.586981,-48.008299],[-67.587925,-48.009749],[-67.588976,-48.011787],[-67.589091,-48.012015],[-67.589736,-48.013296],[-67.590242,-48.014299],[-67.59112,-48.016038],[-67.591967,-48.017841],[-67.596785,-48.028094],[-67.601454,-48.037695],[-67.603686,-48.042284],[-67.610349,-48.055983],[-67.610978,-48.057323],[-67.611277,-48.05786],[-67.611557,-48.058246],[-67.612211,-48.058984],[-67.612939,-48.05982],[-67.613313,-48.060382],[-67.613556,-48.060869],[-67.613705,-48.061318],[-67.613929,-48.062042],[-67.614076,-48.062986],[-67.614265,-48.063952],[-67.614466,-48.064817],[-67.614658,-48.065351],[-67.614882,-48.065862],[-67.61526,-48.066509],[-67.616698,-48.068488],[-67.617329,-48.069358],[-67.617777,-48.070046],[-67.618226,-48.070843],[-67.618861,-48.072029],[-67.619384,-48.073127],[-67.624423,-48.084201],[-67.641488,-48.122215],[-67.641851,-48.12301],[-67.642056,-48.123482],[-67.642866,-48.125285],[-67.64794,-48.136582],[-67.65078,-48.142765],[-67.651541,-48.144473],[-67.66854,-48.182614],[-67.671056,-48.188186],[-67.672034,-48.190352],[-67.68369,-48.216152],[-67.688841,-48.227551],[-67.692057,-48.234665],[-67.699244,-48.250677],[-67.71094,-48.276725],[-67.724847,-48.307076],[-67.725519,-48.308541],[-67.725805,-48.309227],[-67.726084,-48.310097],[-67.726277,-48.310825],[-67.726389,-48.311673],[-67.726478,-48.31238],[-67.728278,-48.337468],[-67.730486,-48.371044],[-67.73085,-48.376581],[-67.730914,-48.377679],[-67.730828,-48.378591],[-67.730806,-48.378663],[-67.730635,-48.379204],[-67.730206,-48.379959],[-67.729745,-48.380657],[-67.729286,-48.38118],[-67.728696,-48.381774],[-67.725874,-48.384232],[-67.725254,-48.384795],[-67.724548,-48.385486],[-67.724134,-48.386051],[-67.723764,-48.38674],[-67.723511,-48.387541],[-67.723374,-48.388336],[-67.723373,-48.388994],[-67.723857,-48.39405],[-67.724764,-48.402331],[-67.725569,-48.409804],[-67.725699,-48.411855],[-67.725764,-48.413852],[-67.725741,-48.419143],[-67.725703,-48.427764],[-67.725736,-48.429085],[-67.72593,-48.430409],[-67.726251,-48.431747],[-67.726745,-48.433071],[-67.727367,-48.434281],[-67.72977,-48.438111],[-67.730962,-48.440292],[-67.731466,-48.441342],[-67.732002,-48.44258],[-67.732281,-48.443477],[-67.732474,-48.444445],[-67.732667,-48.445612],[-67.732667,-48.446751],[-67.732569,-48.447807],[-67.732338,-48.449911],[-67.730479,-48.466859],[-67.730393,-48.467897],[-67.730436,-48.468793],[-67.730629,-48.469661],[-67.731252,-48.471372],[-67.731401,-48.471866],[-67.731449,-48.472416],[-67.731418,-48.473424],[-67.729183,-48.486506],[-67.729105,-48.487257],[-67.729183,-48.487985],[-67.729403,-48.489123],[-67.729651,-48.490147],[-67.730249,-48.492308],[-67.73035,-48.493087],[-67.730285,-48.493727],[-67.730157,-48.494396],[-67.72977,-48.495562],[-67.728964,-48.497428],[-67.728462,-48.498562],[-67.728161,-48.499486],[-67.727934,-48.500385],[-67.727839,-48.501278],[-67.727763,-48.502091],[-67.727839,-48.502955],[-67.728063,-48.503939],[-67.728405,-48.505048],[-67.734177,-48.521944],[-67.734301,-48.522333],[-67.734749,-48.523652],[-67.734877,-48.524291],[-67.73492,-48.52486],[-67.734942,-48.525442],[-67.734899,-48.526068],[-67.734629,-48.527222],[-67.733084,-48.532337],[-67.732957,-48.53303],[-67.732913,-48.533701],[-67.732989,-48.534295],[-67.733096,-48.534835],[-67.733256,-48.535293],[-67.733611,-48.535986],[-67.73401,-48.536731],[-67.734513,-48.537506],[-67.735048,-48.538203],[-67.735671,-48.538799],[-67.736337,-48.539339],[-67.737409,-48.540092],[-67.738824,-48.540931],[-67.741571,-48.542636],[-67.742237,-48.543104],[-67.742903,-48.543644],[-67.74358,-48.544387],[-67.74389,-48.544908],[-67.744254,-48.54559],[-67.744405,-48.546172],[-67.744576,-48.547024],[-67.744586,-48.547681],[-67.744576,-48.548289],[-67.744414,-48.548931],[-67.737472,-48.563014],[-67.736893,-48.564236],[-67.736592,-48.565116],[-67.736485,-48.565897],[-67.736464,-48.566664],[-67.736614,-48.567857],[-67.737086,-48.570171],[-67.737258,-48.570721],[-67.737343,-48.570995],[-67.737601,-48.571605],[-67.737858,-48.572074],[-67.738266,-48.572727],[-67.738802,-48.573607],[-67.739167,-48.574303],[-67.739339,-48.574856],[-67.739489,-48.575353],[-67.739553,-48.576233],[-67.739436,-48.577105],[-67.738234,-48.583578],[-67.737513,-48.587269],[-67.726904,-48.641573],[-67.720725,-48.672757],[-67.717527,-48.690324],[-67.717206,-48.691514],[-67.716776,-48.692817],[-67.716261,-48.694063],[-67.708633,-48.712051],[-67.704346,-48.722154],[-67.703939,-48.722856],[-67.703457,-48.723539],[-67.702963,-48.724196],[-67.702405,-48.724866],[-67.701578,-48.725752],[-67.683726,-48.743395],[-67.68262,-48.744436],[-67.681693,-48.745465],[-67.680945,-48.746527],[-67.680473,-48.747427],[-67.680197,-48.74821],[-67.680018,-48.748961],[-67.67992,-48.749776],[-67.679904,-48.750601],[-67.680213,-48.767322],[-67.680481,-48.773107],[-67.68163,-48.797887],[-67.682706,-48.821083],[-67.682734,-48.82169],[-67.683755,-48.841156],[-67.684951,-48.863978],[-67.685401,-48.872554],[-67.685405,-48.873571],[-67.685287,-48.874436],[-67.684979,-48.875524],[-67.684778,-48.876065],[-67.684504,-48.876618],[-67.684127,-48.877342],[-67.683911,-48.877657],[-67.681116,-48.881757],[-67.67241,-48.894521],[-67.67166,-48.895759],[-67.671221,-48.896736],[-67.670895,-48.897695],[-67.670598,-48.898868],[-67.667107,-48.915547],[-67.666883,-48.916492],[-67.666566,-48.917474],[-67.666117,-48.91837],[-67.665501,-48.919205],[-67.66466,-48.920138],[-67.66382,-48.920911],[-67.662904,-48.92166],[-67.661765,-48.922433],[-67.661441,-48.922624],[-67.637148,-48.936959],[-67.635753,-48.937847],[-67.634873,-48.938538],[-67.634096,-48.93929],[-67.63369,-48.939746],[-67.633414,-48.940201],[-67.632835,-48.941385],[-67.632384,-48.94271],[-67.632234,-48.943541],[-67.632277,-48.944387],[-67.632449,-48.944866],[-67.632728,-48.945373],[-67.6332,-48.945895],[-67.633929,-48.946444],[-67.634959,-48.946909],[-67.636375,-48.947304],[-67.638586,-48.947769],[-67.63983,-48.948051],[-67.641096,-48.948431],[-67.644549,-48.949664],[-67.645946,-48.950221],[-67.646975,-48.950785],[-67.647641,-48.951278],[-67.648241,-48.951827],[-67.648692,-48.952645],[-67.648885,-48.953321],[-67.64895,-48.954124],[-67.648778,-48.955054],[-67.648112,-48.957722],[-67.647681,-48.959208],[-67.64753,-48.959728],[-67.647425,-48.960089],[-67.647212,-48.961141],[-67.647109,-48.962118],[-67.647169,-48.963029],[-67.647319,-48.963677],[-67.647452,-48.964147],[-67.647812,-48.964888],[-67.648542,-48.966184],[-67.649293,-48.96779],[-67.649765,-48.968959],[-67.650087,-48.970128],[-67.651353,-48.97541],[-67.653084,-48.982433],[-67.653597,-48.984513],[-67.65689,-48.99787],[-67.657908,-49.002],[-67.658252,-49.003464],[-67.658741,-49.006555],[-67.662925,-49.03298],[-67.663442,-49.036353],[-67.663633,-49.037601],[-67.671021,-49.084092],[-67.6714,-49.08648],[-67.67358,-49.100331],[-67.675707,-49.113843],[-67.675965,-49.115135],[-67.676158,-49.115865],[-67.676308,-49.116539],[-67.676651,-49.117494],[-67.677123,-49.11859],[-67.688245,-49.144176],[-67.688646,-49.145069],[-67.689032,-49.145799],[-67.689701,-49.146839],[-67.690406,-49.147764],[-67.691178,-49.148635],[-67.699375,-49.15749],[-67.711649,-49.170661],[-67.714374,-49.17351],[-67.717357,-49.176627],[-67.718301,-49.177595],[-67.719438,-49.178647],[-67.720404,-49.179447],[-67.723086,-49.181439],[-67.723923,-49.182112],[-67.724588,-49.182729],[-67.725189,-49.183416],[-67.725789,-49.184328],[-67.726884,-49.186628],[-67.729587,-49.192476],[-67.730446,-49.194173],[-67.730896,-49.194972],[-67.73139,-49.195603],[-67.731991,-49.19629],[-67.732978,-49.197201],[-67.733664,-49.197748],[-67.738256,-49.201179],[-67.743235,-49.204656],[-67.746999,-49.20682],[-67.749243,-49.208109],[-67.75583,-49.211726],[-67.767758,-49.218299],[-67.76849,-49.218702],[-67.769684,-49.21943],[-67.770828,-49.22015],[-67.771671,-49.220739],[-67.772812,-49.221671],[-67.773577,-49.222474],[-67.774193,-49.223205],[-67.774742,-49.224095],[-67.775177,-49.224985],[-67.775495,-49.225836],[-67.775634,-49.226496],[-67.775829,-49.227437],[-67.776099,-49.228694],[-67.776219,-49.229576],[-67.776253,-49.230516],[-67.776156,-49.231959],[-67.775971,-49.233499],[-67.775912,-49.234459],[-67.775948,-49.235388],[-67.77608,-49.236313],[-67.778919,-49.249797],[-67.779069,-49.250945],[-67.779133,-49.252094],[-67.779133,-49.253242],[-67.778339,-49.270382],[-67.778232,-49.271489],[-67.77806,-49.272385],[-67.777846,-49.273141],[-67.777481,-49.273925],[-67.776859,-49.275283],[-67.776666,-49.275843],[-67.776472,-49.276403],[-67.776344,-49.277102],[-67.776279,-49.277662],[-67.776301,-49.278222],[-67.776424,-49.27916],[-67.77673,-49.279986],[-67.777095,-49.280784],[-67.783924,-49.294035],[-67.7842,-49.294572],[-67.784432,-49.295067],[-67.784444,-49.295095],[-67.784544,-49.295334],[-67.784592,-49.295491],[-67.784691,-49.295797],[-67.784765,-49.296103],[-67.784809,-49.296452],[-67.784861,-49.296913],[-67.784878,-49.297655],[-67.784871,-49.297898],[-67.784823,-49.299584],[-67.784807,-49.299908],[-67.784699,-49.301929],[-67.784702,-49.302068],[-67.784942,-49.302876],[-67.784977,-49.303043],[-67.784984,-49.303119],[-67.784907,-49.304736],[-67.784885,-49.304838],[-67.784836,-49.304957],[-67.784746,-49.305152],[-67.784624,-49.305489],[-67.784516,-49.305938],[-67.784521,-49.306411],[-67.78451,-49.306925],[-67.784496,-49.307592],[-67.784456,-49.309435],[-67.784497,-49.309785],[-67.784602,-49.310278],[-67.784745,-49.310677],[-67.784841,-49.31089],[-67.784975,-49.311107],[-67.785212,-49.311422],[-67.785486,-49.311727],[-67.785777,-49.312011],[-67.785962,-49.312194],[-67.786184,-49.312376],[-67.786449,-49.312561],[-67.786751,-49.312745],[-67.786944,-49.312854],[-67.787253,-49.312998],[-67.791703,-49.314957],[-67.793281,-49.315715],[-67.794062,-49.316139],[-67.794786,-49.316552],[-67.795372,-49.316939],[-67.795487,-49.317026],[-67.796065,-49.317465],[-67.796762,-49.318105],[-67.797487,-49.318863],[-67.797767,-49.319184],[-67.798551,-49.320084],[-67.802638,-49.324725],[-67.802823,-49.324936],[-67.803173,-49.325342],[-67.803485,-49.325785],[-67.803819,-49.326294],[-67.80416,-49.32694],[-67.804341,-49.327354],[-67.804402,-49.32751],[-67.804502,-49.327767],[-67.804729,-49.328626],[-67.804892,-49.329314],[-67.80501,-49.329976],[-67.806612,-49.341385],[-67.806888,-49.343374],[-67.808228,-49.353016],[-67.808744,-49.357138],[-67.808888,-49.357857],[-67.808996,-49.3583],[-67.809145,-49.35869],[-67.809498,-49.359409],[-67.80997,-49.360164],[-67.81023,-49.360532],[-67.810571,-49.360918],[-67.811096,-49.361425],[-67.811773,-49.361994],[-67.814925,-49.364449],[-67.823484,-49.371115],[-67.824499,-49.371899],[-67.825542,-49.372702],[-67.827126,-49.373808],[-67.840794,-49.383371],[-67.843242,-49.385029],[-67.845471,-49.386589],[-67.846329,-49.387245],[-67.846788,-49.387626],[-67.847102,-49.387888],[-67.847739,-49.38844],[-67.848239,-49.388922],[-67.84891,-49.389661],[-67.849527,-49.390374],[-67.850801,-49.391969],[-67.857479,-49.400323],[-67.85843,-49.401397],[-67.858986,-49.402025],[-67.859381,-49.40247],[-67.866569,-49.409917],[-67.870648,-49.414142],[-67.884585,-49.428599],[-67.885357,-49.429492],[-67.885765,-49.430301],[-67.885958,-49.430999],[-67.885937,-49.431711],[-67.885765,-49.43245],[-67.885604,-49.432778],[-67.885357,-49.433162],[-67.885068,-49.433497],[-67.884713,-49.433874],[-67.884338,-49.434188],[-67.883877,-49.434502],[-67.883018,-49.434976],[-67.881988,-49.435353],[-67.880725,-49.435755],[-67.879886,-49.435967],[-67.879424,-49.436127],[-67.879049,-49.436288],[-67.878611,-49.436531],[-67.878298,-49.436734],[-67.877439,-49.437334],[-67.875491,-49.438846],[-67.875022,-49.439241],[-67.874671,-49.439651],[-67.874307,-49.440209],[-67.874156,-49.440683],[-67.874113,-49.441241],[-67.874221,-49.441855],[-67.874371,-49.442246],[-67.874564,-49.442609],[-67.875036,-49.443139],[-67.875317,-49.443445],[-67.875748,-49.443765],[-67.876474,-49.444115],[-67.87716,-49.44438],[-67.878126,-49.444645],[-67.879352,-49.444908],[-67.883421,-49.445602],[-67.894584,-49.447505],[-67.895507,-49.44768],[-67.896322,-49.44784],[-67.897502,-49.448161],[-67.898339,-49.448454],[-67.899197,-49.448852],[-67.8999,-49.449309],[-67.900528,-49.449849],[-67.901064,-49.450407],[-67.901708,-49.451286],[-67.902819,-49.452992],[-67.904806,-49.455781],[-67.906453,-49.457901],[-67.907856,-49.459575],[-67.909454,-49.46151],[-67.909819,-49.4619],[-67.91027,-49.462319],[-67.912088,-49.463926],[-67.932504,-49.479844],[-67.933919,-49.481026],[-67.94161,-49.487866],[-67.945704,-49.491465],[-67.955202,-49.49988],[-67.959172,-49.503375],[-67.95931,-49.503497],[-67.975109,-49.517408],[-67.98577,-49.526751],[-67.988209,-49.528903],[-67.991896,-49.532155],[-67.993704,-49.533645],[-67.994911,-49.534609],[-67.996026,-49.535438],[-67.997228,-49.536312],[-67.998596,-49.537238],[-68.001305,-49.538985],[-68.002796,-49.539869],[-68.005382,-49.541335],[-68.008562,-49.542964],[-68.011314,-49.544227],[-68.014253,-49.545452],[-68.015807,-49.546129],[-68.017488,-49.546751],[-68.022123,-49.54831],[-68.026141,-49.549684],[-68.027901,-49.550367],[-68.029682,-49.55109],[-68.031031,-49.551691],[-68.032595,-49.552431],[-68.057258,-49.56435],[-68.063751,-49.567488],[-68.075682,-49.573252],[-68.095497,-49.582957],[-68.097364,-49.583945],[-68.098598,-49.584682],[-68.099703,-49.58542],[-68.101334,-49.586713],[-68.10791,-49.59271],[-68.121045,-49.604684],[-68.125718,-49.608921],[-68.134681,-49.61705],[-68.140713,-49.622491],[-68.141117,-49.622856],[-68.143379,-49.624897],[-68.147575,-49.628678],[-68.148305,-49.629261],[-68.149252,-49.629935],[-68.150366,-49.630667],[-68.150956,-49.631012],[-68.151975,-49.631563],[-68.153115,-49.632121],[-68.153668,-49.632369],[-68.154769,-49.63281],[-68.177428,-49.641569],[-68.189364,-49.646188],[-68.198162,-49.649592],[-68.199087,-49.649957],[-68.199286,-49.650035],[-68.200359,-49.650475],[-68.201756,-49.651098],[-68.202264,-49.651336],[-68.206262,-49.653246],[-68.223718,-49.661669],[-68.227936,-49.663708],[-68.243019,-49.670997],[-68.245369,-49.672252],[-68.253664,-49.676725],[-68.277103,-49.68936],[-68.287762,-49.695388],[-68.299661,-49.702116],[-68.320039,-49.713648],[-68.322647,-49.715073],[-68.323521,-49.715525],[-68.324545,-49.715991],[-68.325379,-49.716312],[-68.326298,-49.716633],[-68.328451,-49.717267],[-68.330599,-49.717862],[-68.347201,-49.72172],[-68.34741,-49.721768],[-68.355684,-49.723691],[-68.3762,-49.728458],[-68.378668,-49.728957],[-68.380675,-49.729334],[-68.382096,-49.729536],[-68.384826,-49.729817],[-68.426862,-49.733756],[-68.428439,-49.733951],[-68.42994,-49.734169],[-68.430863,-49.734341],[-68.431543,-49.734476],[-68.432849,-49.73481],[-68.433847,-49.735088],[-68.435145,-49.735476],[-68.478173,-49.750083],[-68.479755,-49.750573],[-68.481321,-49.751003],[-68.482673,-49.751342],[-68.48411,-49.751682],[-68.492655,-49.753595],[-68.493831,-49.753858],[-68.496062,-49.754274],[-68.498552,-49.754649],[-68.501019,-49.754926],[-68.503229,-49.755051],[-68.51825,-49.755203],[-68.519945,-49.755314],[-68.521039,-49.755425],[-68.522176,-49.755619],[-68.523957,-49.755993],[-68.584416,-49.77023],[-68.587822,-49.771013],[-68.588429,-49.771117],[-68.589073,-49.771222],[-68.589718,-49.7713],[-68.590587,-49.771343],[-68.591363,-49.771359],[-68.5924,-49.771342],[-68.593405,-49.771269],[-68.593657,-49.771242],[-68.594148,-49.771189],[-68.595078,-49.771072],[-68.599801,-49.770301],[-68.60066,-49.770207],[-68.601584,-49.770124],[-68.602529,-49.770096],[-68.603457,-49.770113],[-68.604336,-49.770165],[-68.605338,-49.770257],[-68.615583,-49.771342],[-68.623758,-49.772251],[-68.624796,-49.772385],[-68.625762,-49.772546],[-68.626864,-49.772758],[-68.627426,-49.772878],[-68.627956,-49.772991],[-68.629043,-49.773262],[-68.629976,-49.773546],[-68.63302,-49.774571],[-68.637042,-49.775979],[-68.637183,-49.776028],[-68.637786,-49.776239],[-68.640154,-49.777033],[-68.641482,-49.77748],[-68.643941,-49.77834],[-68.645229,-49.778922],[-68.645706,-49.779182],[-68.646323,-49.77958],[-68.646795,-49.779933],[-68.647546,-49.780626],[-68.647866,-49.78095],[-68.648163,-49.781315],[-68.648541,-49.781889],[-68.648834,-49.782427],[-68.649048,-49.78294],[-68.649204,-49.783425],[-68.649314,-49.783989],[-68.649327,-49.784544],[-68.64925,-49.789722],[-68.649064,-49.798974],[-68.64907,-49.799411],[-68.649118,-49.799729],[-68.649215,-49.799992],[-68.649381,-49.800359],[-68.649628,-49.80073],[-68.649944,-49.801093],[-68.650371,-49.801492],[-68.650765,-49.801779],[-68.651235,-49.802045],[-68.651653,-49.802218],[-68.652156,-49.802392],[-68.652934,-49.802584],[-68.657348,-49.803416],[-68.659412,-49.803801],[-68.660324,-49.803964],[-68.660829,-49.80409],[-68.662089,-49.804428],[-68.66276,-49.80459],[-68.663532,-49.804715],[-68.664348,-49.804798],[-68.664852,-49.804829],[-68.665399,-49.804826],[-68.666392,-49.80475],[-68.668554,-49.804456],[-68.669583,-49.804327],[-68.670351,-49.804241],[-68.670978,-49.804203],[-68.671863,-49.804234],[-68.672641,-49.804334],[-68.673183,-49.804438],[-68.673682,-49.804577],[-68.674197,-49.804784],[-68.674792,-49.805051],[-68.675936,-49.805675],[-68.685581,-49.811037],[-68.693904,-49.815661],[-68.695265,-49.816417],[-68.702406,-49.82037],[-68.703436,-49.820924],[-68.704452,-49.821538],[-68.705289,-49.822217],[-68.739854,-49.849217],[-68.761252,-49.865925],[-68.778937,-49.879718],[-68.785366,-49.88473],[-68.807595,-49.902058],[-68.823221,-49.914235],[-68.842283,-49.929033],[-68.868889,-49.949681],[-68.871477,-49.951725],[-68.873525,-49.953343],[-68.874485,-49.954044],[-68.875542,-49.954713],[-68.875716,-49.954796],[-68.877005,-49.955404],[-68.878062,-49.955791],[-68.8792,-49.956178],[-68.8797,-49.95633],[-68.881077,-49.956749],[-68.884925,-49.95781],[-68.892063,-49.959858],[-68.894009,-49.960415],[-68.895105,-49.960781],[-68.895788,-49.961053],[-68.896341,-49.961325],[-68.897596,-49.961983],[-68.897956,-49.962169],[-68.898329,-49.962349],[-68.901007,-49.963383],[-68.902685,-49.96403],[-68.907856,-49.966025],[-68.915143,-49.969044],[-68.920135,-49.971112],[-68.920579,-49.971325],[-68.920936,-49.971522],[-68.921732,-49.971977],[-68.922289,-49.972346],[-68.92251,-49.972502],[-68.922778,-49.972702],[-68.923046,-49.972923],[-68.923373,-49.973212],[-68.92354,-49.973381],[-68.923867,-49.973709],[-68.92406,-49.97392],[-68.924296,-49.974202],[-68.924446,-49.974382],[-68.92458,-49.974568],[-68.924784,-49.974858],[-68.924974,-49.975121],[-68.925258,-49.975508],[-68.925403,-49.97568],[-68.92556,-49.97583],[-68.92581,-49.976015],[-68.92602,-49.976211],[-68.926111,-49.976325],[-68.926473,-49.97681],[-68.9269,-49.977398],[-68.926936,-49.977449],[-68.927278,-49.977951],[-68.927454,-49.978205],[-68.927524,-49.978304],[-68.92765,-49.978485],[-68.928364,-49.979531],[-68.928834,-49.980208],[-68.929503,-49.981153],[-68.929672,-49.981389],[-68.930334,-49.982283],[-68.930394,-49.982371],[-68.930435,-49.982463],[-68.930446,-49.982519],[-68.930466,-49.982701],[-68.930472,-49.982783],[-68.930485,-49.982847],[-68.930503,-49.982914],[-68.930521,-49.982966],[-68.930544,-49.98302],[-68.930568,-49.983067],[-68.930595,-49.983109],[-68.931342,-49.984185],[-68.931539,-49.984506],[-68.931717,-49.984828],[-68.931872,-49.985124],[-68.932007,-49.985423],[-68.932183,-49.985871],[-68.932312,-49.986322],[-68.932408,-49.986732],[-68.932475,-49.98715],[-68.932494,-49.987459],[-68.932497,-49.987772],[-68.93249,-49.988016],[-68.93248,-49.98821],[-68.932467,-49.988371],[-68.932445,-49.988526],[-68.932414,-49.988711],[-68.932379,-49.988884],[-68.932344,-49.989036],[-68.932304,-49.989188],[-68.932274,-49.98929],[-68.932227,-49.989456],[-68.932191,-49.989581],[-68.932147,-49.989707],[-68.932094,-49.989862],[-68.932024,-49.990051],[-68.93198,-49.990155],[-68.931942,-49.990246],[-68.93187,-49.990412],[-68.931789,-49.990577],[-68.931505,-49.99106],[-68.931461,-49.991148],[-68.931426,-49.991231],[-68.931404,-49.991315],[-68.931386,-49.991398],[-68.931381,-49.99153],[-68.93137,-49.991604],[-68.931357,-49.991664],[-68.93134,-49.991708],[-68.931315,-49.991763],[-68.931277,-49.991822],[-68.931022,-49.992141],[-68.930692,-49.99257],[-68.930669,-49.9926],[-68.930158,-49.993225],[-68.929984,-49.993411],[-68.929918,-49.993474],[-68.929847,-49.993531],[-68.929755,-49.993593],[-68.929676,-49.993646],[-68.929584,-49.993708],[-68.929491,-49.993777],[-68.929382,-49.993868],[-68.92923,-49.994001],[-68.92903,-49.99428],[-68.927238,-49.996559],[-68.924411,-49.999898],[-68.924286,-50.000051],[-68.924161,-50.000204],[-68.923619,-50.000849],[-68.922747,-50.00191],[-68.922573,-50.002129],[-68.92215,-50.002674],[-68.921482,-50.003623],[-68.920934,-50.004366],[-68.917415,-50.008646],[-68.917258,-50.008839],[-68.912862,-50.014346],[-68.912554,-50.014752],[-68.911797,-50.015751],[-68.911301,-50.016452],[-68.910975,-50.017152],[-68.910764,-50.017726],[-68.91061,-50.018353],[-68.910585,-50.019132],[-68.910666,-50.019921],[-68.910878,-50.020621],[-68.911166,-50.021306],[-68.91172,-50.022589],[-68.921263,-50.042674],[-68.922238,-50.044775],[-68.922286,-50.044931],[-68.922318,-50.045058],[-68.922344,-50.045192],[-68.922351,-50.045334],[-68.922355,-50.045457],[-68.922349,-50.045607],[-68.922331,-50.045766],[-68.922297,-50.045938],[-68.922255,-50.046099],[-68.922196,-50.046282],[-68.922098,-50.046542],[-68.922003,-50.046768],[-68.92193,-50.046923],[-68.921856,-50.047068],[-68.921769,-50.047217],[-68.921665,-50.047382],[-68.921592,-50.04749],[-68.921511,-50.047604],[-68.921408,-50.047741],[-68.921304,-50.047862],[-68.921205,-50.047965],[-68.921104,-50.048065],[-68.921003,-50.048154],[-68.920888,-50.048252],[-68.920757,-50.048349],[-68.920626,-50.048443],[-68.920488,-50.048534],[-68.920341,-50.048617],[-68.920214,-50.048687],[-68.920081,-50.048754],[-68.919962,-50.048812],[-68.919821,-50.048877],[-68.919679,-50.04894],[-68.919538,-50.048998],[-68.919387,-50.049057],[-68.919226,-50.049115],[-68.919076,-50.049165],[-68.91892,-50.049216],[-68.918764,-50.04926],[-68.918587,-50.049306],[-68.918414,-50.049347],[-68.918239,-50.049382],[-68.918018,-50.049425],[-68.917828,-50.049456],[-68.917573,-50.049492],[-68.916552,-50.049622],[-68.91634,-50.049649],[-68.916115,-50.049683],[-68.915876,-50.049723],[-68.915687,-50.049763],[-68.915514,-50.049802],[-68.915296,-50.049859],[-68.915098,-50.049921],[-68.914971,-50.049963],[-68.914892,-50.049989],[-68.914715,-50.050057],[-68.914537,-50.050133],[-68.914378,-50.050208],[-68.914232,-50.050281],[-68.914075,-50.050367],[-68.913919,-50.050467],[-68.913748,-50.050576],[-68.913571,-50.050701],[-68.913464,-50.050787],[-68.913393,-50.050848],[-68.913329,-50.050901],[-68.913274,-50.050956],[-68.913215,-50.051014],[-68.913136,-50.051097],[-68.91307,-50.051172],[-68.91301,-50.051242],[-68.912947,-50.05132],[-68.912882,-50.051405],[-68.912818,-50.051497],[-68.912768,-50.051571],[-68.912704,-50.051678],[-68.912637,-50.051788],[-68.912121,-50.05277],[-68.911096,-50.054737],[-68.911021,-50.054881],[-68.910923,-50.055065],[-68.910668,-50.055543],[-68.910611,-50.05566],[-68.910391,-50.056083],[-68.90937,-50.058041],[-68.906867,-50.063115],[-68.906282,-50.064211],[-68.905729,-50.065297],[-68.905566,-50.06585],[-68.905452,-50.066403],[-68.905355,-50.067551],[-68.905176,-50.103675],[-68.905111,-50.105114],[-68.905021,-50.105829],[-68.904932,-50.106543],[-68.903078,-50.115001],[-68.901273,-50.123374],[-68.897146,-50.142895],[-68.897089,-50.14358],[-68.897103,-50.144252],[-68.897217,-50.144896],[-68.897386,-50.145554],[-68.897684,-50.146307],[-68.898073,-50.147041],[-68.898576,-50.147744],[-68.899163,-50.14842],[-68.901474,-50.150731],[-68.909026,-50.157951],[-68.911399,-50.160233],[-68.912116,-50.160973],[-68.912449,-50.161341],[-68.912768,-50.161717],[-68.913086,-50.162142],[-68.913378,-50.162573],[-68.913628,-50.163009],[-68.913846,-50.163453],[-68.914021,-50.163839],[-68.914172,-50.164224],[-68.914631,-50.165642],[-68.915343,-50.167807],[-68.915483,-50.168234],[-68.91556,-50.168469],[-68.917966,-50.176195],[-68.923251,-50.192299],[-68.923433,-50.19281],[-68.923645,-50.193321],[-68.923941,-50.193839],[-68.924288,-50.194349],[-68.924676,-50.194797],[-68.925096,-50.195228],[-68.925682,-50.195709],[-68.926277,-50.196147],[-68.929435,-50.198226],[-68.932761,-50.200245],[-68.945329,-50.206674],[-68.94968,-50.208906],[-68.950683,-50.209278],[-68.951349,-50.209464],[-68.952076,-50.20962],[-68.953421,-50.209845],[-68.954082,-50.209963],[-68.954688,-50.210105],[-68.955121,-50.210229],[-68.955296,-50.210279],[-68.955814,-50.210466],[-68.956308,-50.210691],[-68.956748,-50.210923],[-68.957474,-50.211418],[-68.957772,-50.211666],[-68.95807,-50.21194],[-68.958325,-50.212241],[-68.958534,-50.21255],[-68.958712,-50.212877],[-68.958873,-50.213216],[-68.959414,-50.214734],[-68.960087,-50.215844],[-68.960968,-50.216911],[-68.961611,-50.217528],[-68.962373,-50.218103],[-68.963206,-50.218636],[-68.964111,-50.219112],[-68.968212,-50.220937],[-68.970956,-50.222151],[-68.971664,-50.222483],[-68.972313,-50.222822],[-68.972795,-50.223111],[-68.973242,-50.223416],[-68.973652,-50.223732],[-68.974069,-50.224075],[-68.974384,-50.22436],[-68.974652,-50.224657],[-68.975134,-50.225265],[-68.975456,-50.225796],[-68.976465,-50.227815],[-68.9771,-50.229105],[-68.977825,-50.230348],[-68.978112,-50.230732],[-68.978441,-50.231117],[-68.979008,-50.231695],[-68.979637,-50.23225],[-68.980321,-50.232766],[-68.981052,-50.233234],[-68.981804,-50.233654],[-68.984915,-50.235224],[-68.986256,-50.235893],[-68.98763,-50.236527],[-68.988604,-50.236914],[-68.991377,-50.238014],[-68.994057,-50.23909],[-68.995411,-50.239584],[-68.996812,-50.240013],[-69.004197,-50.242074],[-69.004825,-50.242249],[-69.005827,-50.242535],[-69.010077,-50.243725],[-69.012183,-50.244316],[-69.013272,-50.244614],[-69.01429,-50.244901],[-69.023704,-50.247541],[-69.025249,-50.24798],[-69.026794,-50.248502],[-69.038549,-50.252837],[-69.044429,-50.255002],[-69.04736,-50.256079],[-69.048828,-50.256619],[-69.05018,-50.257115],[-69.051682,-50.257634],[-69.053155,-50.258128],[-69.055981,-50.259037],[-69.056849,-50.259298],[-69.057648,-50.259514],[-69.058291,-50.259664],[-69.058727,-50.259751],[-69.059361,-50.259861],[-69.068133,-50.261129],[-69.072523,-50.261767],[-69.076916,-50.262405],[-69.079427,-50.262768],[-69.080851,-50.262945],[-69.08205,-50.26307],[-69.083367,-50.2632],[-69.086044,-50.26345],[-69.092129,-50.264035],[-69.092666,-50.2641],[-69.09313,-50.264172],[-69.09953,-50.265378],[-69.10457,-50.266365],[-69.105986,-50.266642],[-69.13045,-50.272001],[-69.139359,-50.273975],[-69.146911,-50.275648],[-69.15199,-50.276774],[-69.156003,-50.277662],[-69.157549,-50.278008],[-69.157816,-50.278068],[-69.158678,-50.278302],[-69.159475,-50.278567],[-69.160223,-50.278884],[-69.160922,-50.279216],[-69.161556,-50.279585],[-69.162171,-50.279973],[-69.163571,-50.280938],[-69.164444,-50.28154],[-69.164742,-50.281729],[-69.164961,-50.281867],[-69.165216,-50.282041],[-69.166098,-50.282644],[-69.166768,-50.283103],[-69.167351,-50.283501],[-69.167464,-50.283603],[-69.16842,-50.284259],[-69.177079,-50.290191],[-69.178087,-50.290918],[-69.178977,-50.291653],[-69.179355,-50.292046],[-69.179675,-50.292412],[-69.179984,-50.292812],[-69.180236,-50.293194],[-69.182247,-50.296571],[-69.186463,-50.303649],[-69.203853,-50.33289],[-69.204147,-50.333384],[-69.204416,-50.3338],[-69.20467,-50.334173],[-69.205022,-50.334546],[-69.212789,-50.343459],[-69.219345,-50.351042],[-69.222639,-50.354851],[-69.225049,-50.35765],[-69.22743,-50.360432],[-69.229786,-50.363281],[-69.233499,-50.367773],[-69.242856,-50.379007],[-69.243546,-50.379817],[-69.244065,-50.380517],[-69.244672,-50.381426],[-69.251415,-50.393607],[-69.253024,-50.39642],[-69.262384,-50.412781],[-69.262901,-50.413646],[-69.263131,-50.414078],[-69.263315,-50.414533],[-69.263453,-50.414972],[-69.263557,-50.415448],[-69.263685,-50.416369],[-69.264389,-50.420739],[-69.26488,-50.423274],[-69.265274,-50.424548],[-69.265497,-50.425169],[-69.265765,-50.4258],[-69.266207,-50.426721],[-69.26672,-50.427618],[-69.26729,-50.428533],[-69.267922,-50.429402],[-69.268642,-50.430253],[-69.269381,-50.43107],[-69.270166,-50.431867],[-69.271023,-50.432642],[-69.282721,-50.442259],[-69.283159,-50.442619],[-69.283752,-50.443116],[-69.28433,-50.443634],[-69.284834,-50.444162],[-69.285305,-50.44468],[-69.292786,-50.453277],[-69.293402,-50.454014],[-69.293963,-50.454746],[-69.294392,-50.455531],[-69.294766,-50.456292],[-69.298232,-50.46496],[-69.300467,-50.470695],[-69.304948,-50.482136],[-69.305893,-50.484527],[-69.306109,-50.485102],[-69.306612,-50.486807],[-69.307094,-50.48857],[-69.308451,-50.493281],[-69.309781,-50.497794],[-69.314146,-50.511939],[-69.319522,-50.529357],[-69.330475,-50.565473],[-69.331531,-50.568985],[-69.337034,-50.58659],[-69.338051,-50.590392],[-69.338377,-50.591279],[-69.338669,-50.591904],[-69.339035,-50.592513],[-69.339938,-50.59369],[-69.355902,-50.613155],[-69.362302,-50.620944],[-69.371899,-50.632656],[-69.377573,-50.639537],[-69.380267,-50.642856],[-69.381352,-50.644165],[-69.382516,-50.645435],[-69.409638,-50.673336],[-69.418496,-50.682445],[-69.447468,-50.712217],[-69.461729,-50.726864],[-69.473942,-50.73937],[-69.474427,-50.739896],[-69.474879,-50.740431],[-69.475165,-50.740789],[-69.47545,-50.741152],[-69.475973,-50.741888],[-69.477056,-50.743446],[-69.478024,-50.744839],[-69.484791,-50.754627],[-69.485176,-50.755137],[-69.485633,-50.755707],[-69.491668,-50.763445],[-69.492883,-50.764942],[-69.496763,-50.769715],[-69.499434,-50.773074],[-69.502549,-50.776991],[-69.503059,-50.777658],[-69.503512,-50.778316],[-69.509054,-50.787241],[-69.509179,-50.787383],[-69.509553,-50.787959],[-69.509762,-50.788244],[-69.510083,-50.788666],[-69.511553,-50.790514],[-69.512548,-50.791841],[-69.513133,-50.792599],[-69.513858,-50.793536],[-69.514362,-50.794266],[-69.514513,-50.794538],[-69.514649,-50.794941],[-69.514708,-50.795322],[-69.514704,-50.795741],[-69.514649,-50.796057],[-69.514505,-50.796427],[-69.514369,-50.796676],[-69.514196,-50.796929],[-69.51392,-50.797232],[-69.5136,-50.797499],[-69.513173,-50.797781],[-69.512591,-50.798083],[-69.511736,-50.798408],[-69.510848,-50.798819],[-69.510549,-50.798964],[-69.510079,-50.79919],[-69.509722,-50.799382],[-69.509367,-50.799608],[-69.509063,-50.799853],[-69.508712,-50.800192],[-69.508405,-50.800556],[-69.508183,-50.800915],[-69.508007,-50.801285],[-69.507898,-50.801676],[-69.507859,-50.802055],[-69.507876,-50.802448],[-69.507946,-50.802812],[-69.508043,-50.803085],[-69.508147,-50.803322],[-69.508278,-50.803566],[-69.508427,-50.803803],[-69.508605,-50.804032],[-69.508802,-50.804251],[-69.509242,-50.804649],[-69.511701,-50.806387],[-69.51229,-50.806835],[-69.512772,-50.807309],[-69.513117,-50.80779],[-69.513379,-50.808294],[-69.514021,-50.809979],[-69.514351,-50.810739],[-69.515022,-50.812281],[-69.515266,-50.813026],[-69.515355,-50.813492],[-69.515397,-50.813985],[-69.515391,-50.814444],[-69.515337,-50.814917],[-69.515224,-50.815414],[-69.515046,-50.815914],[-69.514808,-50.816395],[-69.51454,-50.816877],[-69.513548,-50.818485],[-69.512498,-50.820261],[-69.512058,-50.821096],[-69.511244,-50.822766],[-69.511081,-50.82314],[-69.510064,-50.825465],[-69.50976,-50.82621],[-69.50954,-50.827059],[-69.509379,-50.827913],[-69.504691,-50.863651],[-69.504565,-50.864821],[-69.504574,-50.86541],[-69.504691,-50.866003],[-69.504793,-50.866312],[-69.504943,-50.866625],[-69.50512,-50.866931],[-69.505326,-50.867226],[-69.506236,-50.868423],[-69.511493,-50.875356],[-69.514361,-50.879139],[-69.516668,-50.882182],[-69.527504,-50.896298],[-69.529638,-50.89911],[-69.530485,-50.900326],[-69.535551,-50.908646],[-69.537544,-50.91195],[-69.54077,-50.917298],[-69.554969,-50.940942],[-69.55571,-50.942234],[-69.555823,-50.942525],[-69.555925,-50.942813],[-69.556019,-50.943155],[-69.556089,-50.943543],[-69.556149,-50.944132],[-69.556154,-50.944723],[-69.556065,-50.945915],[-69.554846,-50.962754],[-69.554024,-50.974764],[-69.553823,-50.978292],[-69.553805,-50.979078],[-69.553917,-50.979838],[-69.554049,-50.981319],[-69.554302,-50.984167],[-69.554277,-50.98471],[-69.554204,-50.985283],[-69.554058,-50.985841],[-69.553846,-50.986404],[-69.553383,-50.9873],[-69.553171,-50.987709],[-69.553009,-50.98816],[-69.552927,-50.98859],[-69.552919,-50.989015],[-69.552927,-50.989439],[-69.552976,-50.989869],[-69.553498,-50.993597],[-69.554393,-51.000453],[-69.555487,-51.008663],[-69.557026,-51.020209],[-69.558773,-51.03331],[-69.55969,-51.040183],[-69.559736,-51.040912],[-69.559708,-51.04127],[-69.559643,-51.041634],[-69.559512,-51.04198],[-69.559363,-51.042309],[-69.559213,-51.042644],[-69.558989,-51.042979],[-69.558615,-51.04346],[-69.558102,-51.043965],[-69.55756,-51.044406],[-69.556906,-51.044817],[-69.556056,-51.045222],[-69.555066,-51.045609],[-69.553899,-51.045932],[-69.552703,-51.046253],[-69.551662,-51.046511],[-69.550629,-51.0468],[-69.549631,-51.047223],[-69.548626,-51.047708],[-69.545213,-51.049722],[-69.54276,-51.051165],[-69.541849,-51.051753],[-69.541488,-51.052074],[-69.541158,-51.05239],[-69.540851,-51.052795],[-69.540616,-51.05319],[-69.54032,-51.054032],[-69.538927,-51.058193],[-69.536544,-51.065538],[-69.530985,-51.082546],[-69.530779,-51.0833],[-69.530721,-51.08368],[-69.530696,-51.084246],[-69.530696,-51.084817],[-69.530934,-51.088898],[-69.531533,-51.10445],[-69.531851,-51.111175],[-69.532107,-51.116566],[-69.532826,-51.128687],[-69.532896,-51.128997],[-69.532981,-51.129313],[-69.533116,-51.129626],[-69.533287,-51.129946],[-69.53348,-51.130236],[-69.533673,-51.130498],[-69.533904,-51.130764],[-69.534167,-51.131027],[-69.535589,-51.132198],[-69.535943,-51.132508],[-69.536254,-51.132828],[-69.536506,-51.133161],[-69.536737,-51.133501],[-69.536887,-51.133767],[-69.536989,-51.134043],[-69.537064,-51.134319],[-69.537117,-51.134608],[-69.537144,-51.134881],[-69.53715,-51.135164],[-69.537085,-51.135719],[-69.537076,-51.135751],[-69.536946,-51.13618],[-69.536742,-51.136652],[-69.536205,-51.13755],[-69.535556,-51.138576],[-69.534451,-51.14032],[-69.534247,-51.140637],[-69.532209,-51.143861],[-69.531876,-51.144383],[-69.53067,-51.14651],[-69.530309,-51.147104],[-69.529253,-51.148681],[-69.528767,-51.149308],[-69.528304,-51.149801],[-69.527717,-51.150335],[-69.526566,-51.151503],[-69.525789,-51.152236],[-69.523086,-51.154749],[-69.52253,-51.155288],[-69.520746,-51.157029],[-69.51822,-51.159494],[-69.518046,-51.159663],[-69.517409,-51.160396],[-69.516878,-51.161173],[-69.516453,-51.161994],[-69.516227,-51.162797],[-69.516116,-51.163501],[-69.516091,-51.164152],[-69.517889,-51.179413],[-69.518105,-51.181293],[-69.518137,-51.181569],[-69.519665,-51.194873],[-69.519692,-51.195115],[-69.522375,-51.218468],[-69.523565,-51.228579],[-69.52359,-51.228792],[-69.524616,-51.237728],[-69.524642,-51.237959],[-69.52512,-51.242286],[-69.52516,-51.242635],[-69.527022,-51.258955],[-69.527526,-51.263198],[-69.527693,-51.264636],[-69.528076,-51.268422],[-69.528363,-51.270958],[-69.528383,-51.271139],[-69.528535,-51.272509],[-69.52883,-51.275141],[-69.528951,-51.276194],[-69.529675,-51.282485],[-69.530151,-51.286722],[-69.530166,-51.286849],[-69.530962,-51.294137],[-69.53133,-51.297404],[-69.53192,-51.302601],[-69.532446,-51.307268],[-69.532751,-51.309848],[-69.533591,-51.317436],[-69.533972,-51.320893],[-69.534267,-51.323622],[-69.534425,-51.325063],[-69.534656,-51.327011],[-69.534878,-51.329015],[-69.535165,-51.33162],[-69.535361,-51.333344],[-69.535581,-51.335335],[-69.535916,-51.338344],[-69.536222,-51.34101],[-69.536351,-51.342083],[-69.536429,-51.3425],[-69.536549,-51.342939],[-69.536689,-51.343296],[-69.536713,-51.343344],[-69.536882,-51.343678],[-69.537086,-51.344021],[-69.537338,-51.344395],[-69.538228,-51.345648],[-69.538971,-51.346702],[-69.540857,-51.349352],[-69.543239,-51.352741],[-69.543689,-51.353327],[-69.543912,-51.353655],[-69.54444,-51.354436],[-69.544993,-51.355217],[-69.545465,-51.355877],[-69.545897,-51.35651],[-69.546267,-51.357071],[-69.546586,-51.357634],[-69.546927,-51.358422],[-69.548326,-51.362609],[-69.548646,-51.363567],[-69.549402,-51.36588],[-69.549968,-51.367598],[-69.550524,-51.369343],[-69.550843,-51.370281],[-69.552793,-51.376089],[-69.552972,-51.376622],[-69.55354,-51.378307],[-69.553586,-51.378445],[-69.553729,-51.378868],[-69.554823,-51.3822],[-69.555427,-51.383956],[-69.560547,-51.399315],[-69.564204,-51.41029],[-69.567066,-51.418878],[-69.574032,-51.439837],[-69.574112,-51.440079],[-69.579543,-51.456411],[-69.581323,-51.461762],[-69.583454,-51.468172],[-69.583507,-51.468357],[-69.583716,-51.469091],[-69.583921,-51.470057],[-69.58409,-51.471034],[-69.584729,-51.476423],[-69.584774,-51.476808],[-69.585223,-51.480595],[-69.585545,-51.482012],[-69.585867,-51.483041],[-69.58621,-51.483923],[-69.586747,-51.485206],[-69.592206,-51.496237],[-69.592549,-51.497012],[-69.592893,-51.497827],[-69.593279,-51.498909],[-69.593665,-51.499764],[-69.594137,-51.500485],[-69.594781,-51.501193],[-69.59551,-51.501861],[-69.59818,-51.503787],[-69.604544,-51.508379],[-69.605402,-51.508993],[-69.606068,-51.509581],[-69.606518,-51.510075],[-69.606711,-51.510372],[-69.606905,-51.510709],[-69.607162,-51.511303],[-69.607414,-51.512125],[-69.60886,-51.51717],[-69.613531,-51.533459],[-69.613726,-51.534147],[-69.613775,-51.534683],[-69.613742,-51.535249],[-69.613612,-51.535735],[-69.613466,-51.53622],[-69.613108,-51.536918],[-69.610066,-51.541257],[-69.609776,-51.541738],[-69.609615,-51.542125],[-69.609433,-51.542692],[-69.609358,-51.543192],[-69.609336,-51.543673],[-69.60958,-51.552072],[-69.609712,-51.554654],[-69.609723,-51.555081],[-69.609819,-51.555475],[-69.609921,-51.555805],[-69.610087,-51.556182],[-69.61221,-51.559677],[-69.624443,-51.5801],[-69.625355,-51.581512],[-69.625709,-51.581979],[-69.627821,-51.584369],[-69.641491,-51.599258],[-69.641802,-51.599637],[-69.642057,-51.600032],[-69.642142,-51.600446],[-69.642043,-51.600885],[-69.641845,-51.601228],[-69.641548,-51.601536],[-69.641222,-51.601756],[-69.640344,-51.602231],[-69.639778,-51.602442],[-69.638801,-51.602644],[-69.637145,-51.602873],[-69.636292,-51.603027],[-69.629657,-51.604557],[-69.628851,-51.604773],[-69.628567,-51.604877],[-69.628339,-51.604981],[-69.628003,-51.605167],[-69.627778,-51.605345],[-69.627562,-51.605578],[-69.627464,-51.605733],[-69.627377,-51.605892],[-69.626783,-51.607945],[-69.626487,-51.609],[-69.626371,-51.609415],[-69.626073,-51.610303],[-69.626031,-51.610506],[-69.626013,-51.610645],[-69.626003,-51.610728],[-69.626001,-51.610829],[-69.626007,-51.610965],[-69.626037,-51.611125],[-69.62609,-51.611308],[-69.626183,-51.611536],[-69.626317,-51.611789],[-69.626466,-51.612052],[-69.626715,-51.612493],[-69.626862,-51.612781],[-69.627505,-51.614058],[-69.627552,-51.614186],[-69.62759,-51.614329],[-69.627603,-51.614522],[-69.627605,-51.614639],[-69.627596,-51.614798],[-69.627566,-51.614949],[-69.627527,-51.615086],[-69.627458,-51.615289],[-69.627152,-51.61617],[-69.6271,-51.616377],[-69.627076,-51.616544],[-69.627075,-51.616703],[-69.627089,-51.616868],[-69.627117,-51.617015],[-69.627164,-51.617167],[-69.627223,-51.617308],[-69.62733,-51.617476],[-69.627443,-51.617604],[-69.627679,-51.617839],[-69.628687,-51.618545],[-69.628906,-51.618726],[-69.629079,-51.61888],[-69.629237,-51.619041],[-69.62955,-51.619391],[-69.630114,-51.619998],[-69.630288,-51.620147],[-69.630433,-51.62025],[-69.630606,-51.620361],[-69.630787,-51.620468],[-69.630949,-51.620552],[-69.631112,-51.620619],[-69.631277,-51.620681],[-69.631523,-51.620747],[-69.631713,-51.62079],[-69.631927,-51.620833],[-69.632118,-51.620862],[-69.632314,-51.620881],[-69.632558,-51.620892],[-69.63377,-51.620923],[-69.634488,-51.620923],[-69.634807,-51.620942],[-69.635075,-51.620983],[-69.635323,-51.621042],[-69.635633,-51.621127],[-69.635903,-51.621238],[-69.636135,-51.621358],[-69.636336,-51.62149],[-69.636485,-51.62161],[-69.636624,-51.621755],[-69.636922,-51.622054],[-69.637267,-51.622352],[-69.6374,-51.622454],[-69.637512,-51.622528],[-69.637638,-51.622602],[-69.637774,-51.622665],[-69.637957,-51.622725],[-69.63812,-51.622803],[-69.638175,-51.622846],[-69.638203,-51.622896],[-69.638205,-51.62295],[-69.638189,-51.622999],[-69.63816,-51.623057],[-69.638133,-51.623096],[-69.638073,-51.623151],[-69.637536,-51.623343],[-69.637366,-51.623355],[-69.637251,-51.623341],[-69.637161,-51.62332],[-69.637095,-51.623289],[-69.637026,-51.623245],[-69.636946,-51.623182],[-69.636907,-51.623124],[-69.636874,-51.623056],[-69.636854,-51.622991],[-69.636843,-51.622926],[-69.63684,-51.622861],[-69.636868,-51.622715],[-69.636877,-51.622599],[-69.636872,-51.622488],[-69.636855,-51.622394],[-69.636822,-51.622293],[-69.636791,-51.622212],[-69.636738,-51.622111],[-69.636664,-51.622023],[-69.636579,-51.621924],[-69.63647,-51.621805],[-69.63618,-51.621538],[-69.63601,-51.62141],[-69.635808,-51.621288],[-69.635858,-51.621528],[-69.635909,-51.622004],[-69.635909,-51.622134],[-69.635857,-51.622276],[-69.635851,-51.62235],[-69.635807,-51.622474],[-69.635709,-51.622684],[-69.635832,-51.622598],[-69.635988,-51.622516],[-69.636244,-51.622402],[-69.636564,-51.622267],[-69.637298,-51.62204],[-69.63764,-51.621946],[-69.637917,-51.621891],[-69.638163,-51.621862],[-69.638383,-51.621849],[-69.638545,-51.621841],[-69.638707,-51.621844],[-69.638899,-51.621858],[-69.639316,-51.62189],[-69.639734,-51.621915],[-69.640086,-51.621927],[-69.640392,-51.621923],[-69.640751,-51.621895],[-69.641113,-51.621851],[-69.641665,-51.621749],[-69.643314,-51.6214],[-69.645878,-51.620903],[-69.648635,-51.620256],[-69.649318,-51.620092],[-69.649756,-51.61996],[-69.652188,-51.619037],[-69.655193,-51.617793],[-69.655808,-51.617552],[-69.65646,-51.617303],[-69.656838,-51.617176],[-69.657278,-51.617056],[-69.658369,-51.616821],[-69.665316,-51.615346],[-69.665756,-51.615272],[-69.6663,-51.615202],[-69.669958,-51.614739],[-69.670236,-51.614695],[-69.672909,-51.614176],[-69.673587,-51.614084],[-69.674154,-51.614029],[-69.674664,-51.613994],[-69.675162,-51.613989],[-69.675726,-51.614013],[-69.676364,-51.614083],[-69.677093,-51.614223],[-69.677694,-51.614363],[-69.712283,-51.622499],[-69.712969,-51.62266],[-69.714097,-51.622925],[-69.719616,-51.624223],[-69.720446,-51.624382],[-69.721361,-51.624514],[-69.723013,-51.624661],[-69.724172,-51.624681],[-69.725287,-51.624648],[-69.72636,-51.624568],[-69.734364,-51.623715],[-69.736402,-51.623449],[-69.737357,-51.623296],[-69.738269,-51.623116],[-69.749899,-51.620618],[-69.771214,-51.616274],[-69.78406,-51.613656],[-69.785262,-51.61343],[-69.787751,-51.613017],[-69.80073,-51.61118],[-69.833313,-51.606567],[-69.835566,-51.606194],[-69.836275,-51.606054],[-69.837583,-51.605701],[-69.839341,-51.605223],[-69.848956,-51.602609],[-69.8499,-51.602329],[-69.850544,-51.602049],[-69.851166,-51.601716],[-69.851649,-51.601416],[-69.852067,-51.601089],[-69.853848,-51.599437],[-69.854342,-51.599077],[-69.854921,-51.598784],[-69.855604,-51.59851],[-69.85638,-51.598299],[-69.857206,-51.59818],[-69.858333,-51.598117],[-69.866636,-51.597965],[-69.902672,-51.597306],[-69.91699,-51.597044],[-69.918534,-51.596978],[-69.919929,-51.596858],[-69.921324,-51.596685],[-69.92259,-51.596445],[-69.923835,-51.596125],[-69.925058,-51.595778],[-69.926173,-51.595352],[-69.927268,-51.594885],[-69.938941,-51.58957],[-69.951112,-51.584027],[-69.95288,-51.58327],[-70.006828,-51.562317],[-70.008214,-51.561742],[-70.037441,-51.54908],[-70.040287,-51.547856],[-70.052751,-51.542497],[-70.053997,-51.541925],[-70.0552,-51.541256],[-70.056488,-51.540402],[-70.06913,-51.531015],[-70.069612,-51.530574],[-70.069803,-51.530379],[-70.070079,-51.530099],[-70.070574,-51.529518],[-70.071169,-51.528672],[-70.078729,-51.517406],[-70.079253,-51.51671],[-70.079805,-51.516023],[-70.080165,-51.515644],[-70.080612,-51.515239],[-70.081077,-51.514856],[-70.081801,-51.51434],[-70.081896,-51.514285],[-70.083131,-51.513565],[-70.083308,-51.513473],[-70.097954,-51.505829],[-70.101875,-51.503644],[-70.119118,-51.493791],[-70.129724,-51.487994],[-70.130359,-51.487647],[-70.137504,-51.483298],[-70.139079,-51.48234],[-70.15832,-51.470621],[-70.159161,-51.470074],[-70.159871,-51.469515],[-70.160524,-51.46891],[-70.161533,-51.467805],[-70.200463,-51.420535],[-70.200758,-51.42013],[-70.200966,-51.419725],[-70.201077,-51.419362],[-70.201137,-51.419046],[-70.201141,-51.418738],[-70.201068,-51.418251],[-70.200971,-51.417969],[-70.200917,-51.417813],[-70.200728,-51.417491],[-70.200433,-51.417106],[-70.200137,-51.416813],[-70.1998,-51.41652],[-70.199458,-51.416304],[-70.199385,-51.416258],[-70.198875,-51.415993],[-70.19798,-51.415672],[-70.197665,-51.415579],[-70.195403,-51.414911],[-70.194646,-51.414664],[-70.194103,-51.41438],[-70.193891,-51.414242],[-70.193749,-51.41415],[-70.193441,-51.413862],[-70.193116,-51.413507],[-70.192953,-51.413202],[-70.192912,-51.413088],[-70.192787,-51.412549],[-70.192667,-51.411563],[-70.192601,-51.410975],[-70.192511,-51.41029],[-70.192544,-51.409861],[-70.192691,-51.409427],[-70.192835,-51.40915],[-70.193109,-51.408781],[-70.193429,-51.408505],[-70.193761,-51.408262],[-70.194551,-51.407864],[-70.195408,-51.407597],[-70.196416,-51.407323],[-70.209921,-51.403579],[-70.21127,-51.403086],[-70.212331,-51.402608],[-70.213006,-51.402282],[-70.213839,-51.40183],[-70.214385,-51.401486],[-70.214996,-51.401077],[-70.21594,-51.400334],[-70.219866,-51.396975],[-70.222149,-51.395031],[-70.222333,-51.394874],[-70.224133,-51.393331],[-70.225003,-51.392628],[-70.225658,-51.392156],[-70.226433,-51.391662],[-70.227416,-51.391072],[-70.228972,-51.390259],[-70.229677,-51.389895],[-70.230252,-51.389627],[-70.230556,-51.389495],[-70.230889,-51.389352],[-70.231077,-51.389274],[-70.236693,-51.386947],[-70.237508,-51.386547],[-70.238126,-51.386149],[-70.23854,-51.385696],[-70.23902,-51.384981],[-70.241014,-51.381439],[-70.241675,-51.380264],[-70.24558,-51.372656],[-70.246288,-51.371678],[-70.246975,-51.370968],[-70.248049,-51.369957],[-70.249056,-51.369079],[-70.249979,-51.368436],[-70.250816,-51.367999],[-70.251974,-51.367552],[-70.252904,-51.367271],[-70.260214,-51.366025],[-70.261394,-51.365757],[-70.262446,-51.365435],[-70.263819,-51.364953],[-70.265214,-51.364457],[-70.266458,-51.364082],[-70.267392,-51.363801],[-70.268154,-51.363627],[-70.272745,-51.362716],[-70.274011,-51.362408],[-70.274913,-51.362133],[-70.275642,-51.361858],[-70.284032,-51.358629],[-70.285277,-51.358093],[-70.286199,-51.357531],[-70.286868,-51.357026],[-70.287444,-51.356566],[-70.288002,-51.35603],[-70.288466,-51.355439],[-70.28923,-51.35428],[-70.291512,-51.351054],[-70.292088,-51.350369],[-70.292723,-51.349742],[-70.293215,-51.349338],[-70.293861,-51.348943],[-70.319469,-51.336237],[-70.320423,-51.335812],[-70.32158,-51.335395],[-70.322544,-51.335112],[-70.323513,-51.334877],[-70.331532,-51.333193],[-70.335438,-51.332372],[-70.337099,-51.331922],[-70.338031,-51.331607],[-70.338662,-51.331346],[-70.339253,-51.331079],[-70.339779,-51.330813],[-70.340838,-51.330219],[-70.345106,-51.327488],[-70.346197,-51.326777],[-70.349757,-51.324459],[-70.350674,-51.323817],[-70.351602,-51.323036],[-70.352331,-51.322352],[-70.353147,-51.321521],[-70.353306,-51.321333],[-70.357263,-51.316685],[-70.370197,-51.301523],[-70.370678,-51.300972],[-70.371214,-51.300463],[-70.371708,-51.300047],[-70.372373,-51.299577],[-70.373124,-51.299121],[-70.39144,-51.288549],[-70.392328,-51.288105],[-70.393208,-51.287715],[-70.394517,-51.287192],[-70.418195,-51.278275],[-70.419108,-51.277905],[-70.420138,-51.277394],[-70.42086,-51.277004],[-70.421377,-51.2767],[-70.421779,-51.276415],[-70.422198,-51.276039],[-70.422777,-51.275421],[-70.423566,-51.274544],[-70.423742,-51.274347],[-70.438516,-51.257434],[-70.447045,-51.247667],[-70.447539,-51.247143],[-70.44799,-51.246673],[-70.448741,-51.246015],[-70.454313,-51.241669],[-70.454765,-51.241322],[-70.461511,-51.236141],[-70.464083,-51.234166],[-70.465263,-51.233145],[-70.465824,-51.2326],[-70.466342,-51.232083],[-70.481877,-51.214948],[-70.483272,-51.213443],[-70.489595,-51.207148],[-70.496982,-51.199718],[-70.498249,-51.198386],[-70.498689,-51.197882],[-70.499215,-51.197216],[-70.507583,-51.186095],[-70.507991,-51.18559],[-70.508334,-51.18518],[-70.508871,-51.184615],[-70.513762,-51.179482],[-70.513831,-51.179409],[-70.520802,-51.172093],[-70.527758,-51.16479],[-70.528741,-51.163747],[-70.529663,-51.162767],[-70.530479,-51.161879],[-70.531165,-51.161018],[-70.532925,-51.158771],[-70.549919,-51.137112],[-70.551271,-51.135524],[-70.552978,-51.133634],[-70.553095,-51.133504],[-70.554544,-51.131911],[-70.56318,-51.122294],[-70.567933,-51.117],[-70.568655,-51.116196],[-70.570436,-51.114237],[-70.571806,-51.112844],[-70.573962,-51.11068],[-70.588092,-51.096488],[-70.588607,-51.096003],[-70.589426,-51.095306],[-70.590426,-51.094551],[-70.598949,-51.088153],[-70.605816,-51.082997],[-70.606997,-51.082147],[-70.608391,-51.081204],[-70.629918,-51.067312],[-70.634476,-51.06437],[-70.640962,-51.060184],[-70.642032,-51.059493],[-70.642349,-51.059309],[-70.64547,-51.057473],[-70.646393,-51.057055],[-70.646514,-51.057011],[-70.647337,-51.056718],[-70.64856,-51.05638],[-70.650087,-51.056011],[-70.651905,-51.05562],[-70.675575,-51.050661],[-70.676927,-51.050446],[-70.678944,-51.050189],[-70.690847,-51.048921],[-70.695467,-51.048428],[-70.695934,-51.048378],[-70.696245,-51.048348],[-70.698308,-51.048138],[-70.702494,-51.047714],[-70.711133,-51.046837],[-70.712635,-51.046682],[-70.714156,-51.04652],[-70.714718,-51.04646],[-70.715666,-51.046359],[-70.716798,-51.046177],[-70.718171,-51.045922],[-70.719546,-51.04565],[-70.719836,-51.045594],[-70.721202,-51.04533],[-70.74483,-51.040763],[-70.746224,-51.040483],[-70.746901,-51.040324],[-70.747377,-51.040205],[-70.747892,-51.040055],[-70.748848,-51.039763],[-70.772653,-51.031468],[-70.774256,-51.030921],[-70.775572,-51.030477],[-70.777219,-51.029893],[-70.778264,-51.029536],[-70.779803,-51.029014],[-70.780481,-51.028764],[-70.781121,-51.028531],[-70.781478,-51.02841],[-70.78158,-51.028375],[-70.782182,-51.02817],[-70.782919,-51.027919],[-70.784011,-51.027534],[-70.784357,-51.027425],[-70.784655,-51.027317],[-70.78569,-51.026956],[-70.786466,-51.026671],[-70.787004,-51.026443],[-70.787432,-51.026246],[-70.787856,-51.02603],[-70.788476,-51.025669],[-70.788906,-51.025381],[-70.789325,-51.025095],[-70.789744,-51.024754],[-70.790457,-51.02405],[-70.791748,-51.02257],[-70.791816,-51.022489],[-70.792782,-51.021465],[-70.792886,-51.021348],[-70.793777,-51.020354],[-70.79388,-51.020237],[-70.794432,-51.019618],[-70.794592,-51.01944],[-70.795888,-51.018007],[-70.795963,-51.017922],[-70.797303,-51.01643],[-70.797373,-51.016353],[-70.7987,-51.014885],[-70.79884,-51.014729],[-70.799826,-51.013579],[-70.800081,-51.013311],[-70.800455,-51.013004],[-70.800657,-51.012865],[-70.800876,-51.012726],[-70.801188,-51.012558],[-70.801466,-51.012419],[-70.801771,-51.012283],[-70.802024,-51.012191],[-70.802303,-51.012094],[-70.802715,-51.011982],[-70.802976,-51.011923],[-70.803254,-51.011864],[-70.803664,-51.011799],[-70.804006,-51.011758],[-70.804327,-51.011732],[-70.804715,-51.011723],[-70.805089,-51.011727],[-70.805444,-51.011747],[-70.805811,-51.011774],[-70.806151,-51.011812],[-70.80649,-51.011862],[-70.810546,-51.012561],[-70.811976,-51.012856],[-70.813119,-51.013159],[-70.814607,-51.013624],[-70.815349,-51.0139],[-70.815994,-51.014176],[-70.820722,-51.016343],[-70.82163,-51.016742],[-70.822209,-51.016985],[-70.822934,-51.017228],[-70.823855,-51.017452],[-70.824785,-51.017664],[-70.826238,-51.017922],[-70.827636,-51.018121],[-70.842052,-51.019516],[-70.843918,-51.019648],[-70.845601,-51.019704],[-70.847077,-51.019684],[-70.848363,-51.019595],[-70.849399,-51.019458],[-70.851044,-51.019192],[-70.859711,-51.017609],[-70.86173,-51.017262],[-70.86302,-51.017123],[-70.864198,-51.017019],[-70.865468,-51.016966],[-70.866512,-51.01697],[-70.867589,-51.017055],[-70.876622,-51.017896],[-70.877545,-51.018028],[-70.878445,-51.018157],[-70.878703,-51.018193],[-70.879765,-51.018416],[-70.880677,-51.018639],[-70.881662,-51.01891],[-70.88248,-51.019192],[-70.884132,-51.019908],[-70.886716,-51.021098],[-70.888616,-51.021973],[-70.889258,-51.022218],[-70.890073,-51.022464],[-70.89153,-51.022873],[-70.903025,-51.02553],[-70.905105,-51.025968],[-70.91443,-51.027749],[-70.915593,-51.027926],[-70.91679,-51.028073],[-70.917679,-51.028142],[-70.919072,-51.02814],[-70.920374,-51.02806],[-70.921761,-51.027895],[-70.923056,-51.027668],[-70.92424,-51.027359],[-70.92529,-51.027036],[-70.926716,-51.026492],[-70.958453,-51.012143],[-70.964598,-51.009338],[-70.966074,-51.008494],[-70.967326,-51.007638],[-70.968139,-51.00701],[-70.968785,-51.006406],[-70.969575,-51.005538],[-70.970271,-51.00466],[-70.98387,-50.986404],[-70.984975,-50.984919],[-70.986481,-50.982898],[-70.988223,-50.980558],[-70.988761,-50.979813],[-70.989131,-50.979232],[-70.989665,-50.978191],[-70.989696,-50.978124],[-70.995095,-50.966434],[-70.99584,-50.965141],[-70.996549,-50.964364],[-70.997471,-50.963452],[-70.997826,-50.963154],[-71.006815,-50.955587],[-71.00798,-50.954491],[-71.008605,-50.953863],[-71.00923,-50.95318],[-71.018222,-50.94376],[-71.018983,-50.943015],[-71.019637,-50.942392],[-71.031813,-50.931836],[-71.032424,-50.93113],[-71.032664,-50.930793],[-71.032881,-50.930374],[-71.035069,-50.925757],[-71.035949,-50.9242],[-71.03665,-50.923184],[-71.037401,-50.9222],[-71.040948,-50.917859],[-71.041932,-50.91675],[-71.042725,-50.915925],[-71.043633,-50.915042],[-71.044713,-50.914052],[-71.045751,-50.913178],[-71.052746,-50.907807],[-71.054226,-50.906527],[-71.055038,-50.905754],[-71.055679,-50.905059],[-71.060428,-50.899566],[-71.064698,-50.89447],[-71.06539,-50.893634],[-71.066007,-50.892813],[-71.072466,-50.883946],[-71.07331,-50.882936],[-71.074247,-50.881929],[-71.075479,-50.880713],[-71.08695,-50.870163],[-71.094825,-50.862972],[-71.095798,-50.861894],[-71.096763,-50.860729],[-71.097643,-50.859496],[-71.103537,-50.849711],[-71.104502,-50.848007],[-71.104738,-50.847522],[-71.105067,-50.846736],[-71.10536,-50.845931],[-71.10576,-50.844292],[-71.105812,-50.843966],[-71.106035,-50.84257],[-71.106055,-50.842443],[-71.106272,-50.841089],[-71.106499,-50.840211],[-71.10673,-50.839736],[-71.10707,-50.839245],[-71.107302,-50.838954],[-71.107393,-50.83884],[-71.107711,-50.838532],[-71.108128,-50.838208],[-71.108672,-50.837833],[-71.109416,-50.837435],[-71.112154,-50.836347],[-71.116197,-50.834779],[-71.117107,-50.834333],[-71.11787,-50.833871],[-71.118499,-50.833423],[-71.119029,-50.83299],[-71.119744,-50.83225],[-71.120078,-50.831859],[-71.120313,-50.831468],[-71.130019,-50.812088],[-71.136893,-50.798455],[-71.140084,-50.792126],[-71.141731,-50.788816],[-71.142282,-50.787857],[-71.142918,-50.786897],[-71.148853,-50.778697],[-71.151514,-50.775018],[-71.154332,-50.771134],[-71.169462,-50.750329],[-71.170667,-50.748671],[-71.171302,-50.747875],[-71.172109,-50.746978],[-71.172998,-50.746069],[-71.173964,-50.745177],[-71.174111,-50.745035],[-71.183634,-50.737621],[-71.186336,-50.735518],[-71.190381,-50.732368],[-71.199085,-50.72559],[-71.200095,-50.72484],[-71.200879,-50.724291],[-71.206618,-50.720497],[-71.212717,-50.716407],[-71.228936,-50.70553],[-71.230262,-50.704549],[-71.230902,-50.704045],[-71.23157,-50.703519],[-71.237047,-50.698587],[-71.262435,-50.675716],[-71.263761,-50.674363],[-71.264652,-50.673258],[-71.265435,-50.672187],[-71.267803,-50.668621],[-71.271624,-50.662866],[-71.27288,-50.661089],[-71.27391,-50.659634],[-71.274442,-50.658964],[-71.275072,-50.658274],[-71.275653,-50.657764],[-71.276439,-50.657144],[-71.277297,-50.656535],[-71.278138,-50.65601],[-71.279103,-50.655485],[-71.299874,-50.643934],[-71.301172,-50.64326],[-71.302642,-50.642587],[-71.311687,-50.638457],[-71.31259,-50.638025],[-71.313295,-50.637576],[-71.314173,-50.636925],[-71.314275,-50.63682],[-71.31469,-50.636394],[-71.316866,-50.633846],[-71.318242,-50.632666],[-71.319198,-50.632091],[-71.32031,-50.631568],[-71.323687,-50.630451],[-71.330798,-50.628098],[-71.340236,-50.624975],[-71.341782,-50.624566],[-71.343433,-50.624199],[-71.366377,-50.619764],[-71.369007,-50.619251],[-71.369828,-50.61908],[-71.374636,-50.61819],[-71.375027,-50.618103],[-71.378987,-50.617295],[-71.380088,-50.617036],[-71.380656,-50.61687],[-71.381094,-50.61668],[-71.381675,-50.616378],[-71.382263,-50.616013],[-71.382757,-50.61566],[-71.385046,-50.61367],[-71.410421,-50.591594],[-71.412077,-50.590153],[-71.41284,-50.58946],[-71.413352,-50.588853],[-71.413735,-50.588273],[-71.413961,-50.587767],[-71.414103,-50.587297],[-71.414495,-50.58351],[-71.414615,-50.582976],[-71.414778,-50.582502],[-71.415045,-50.581986],[-71.418587,-50.576088],[-71.419221,-50.574899],[-71.425165,-50.563273],[-71.425412,-50.562849],[-71.425636,-50.562464],[-71.426082,-50.561762],[-71.426507,-50.561177],[-71.432211,-50.553984],[-71.436955,-50.547963],[-71.437412,-50.547357],[-71.437758,-50.546775],[-71.438003,-50.546133],[-71.438148,-50.545525],[-71.438189,-50.544922],[-71.438126,-50.54436],[-71.437877,-50.542813],[-71.437834,-50.542257],[-71.437853,-50.541764],[-71.43794,-50.541222],[-71.438953,-50.537634],[-71.439028,-50.537368],[-71.44405,-50.51957],[-71.444294,-50.518787],[-71.444537,-50.518052],[-71.444811,-50.517481],[-71.445163,-50.516918],[-71.449928,-50.510408],[-71.450258,-50.509902],[-71.450513,-50.509395],[-71.450668,-50.508869],[-71.450783,-50.508342],[-71.450854,-50.507645],[-71.450807,-50.506942],[-71.450145,-50.501196],[-71.450033,-50.500225],[-71.449995,-50.499578],[-71.449986,-50.499261],[-71.450033,-50.49883],[-71.450124,-50.498428],[-71.451629,-50.493484],[-71.458102,-50.47222],[-71.45833,-50.471492],[-71.458557,-50.470855],[-71.458847,-50.470282],[-71.45905,-50.469938],[-71.459275,-50.469607],[-71.46551,-50.462168],[-71.466245,-50.461315],[-71.466752,-50.460773],[-71.467152,-50.460408],[-71.47211,-50.456066],[-71.483135,-50.446409],[-71.484925,-50.44484],[-71.485773,-50.444135],[-71.4863,-50.443745],[-71.487,-50.443343],[-71.487788,-50.442958],[-71.500092,-50.437925],[-71.501026,-50.437496],[-71.501788,-50.437095],[-71.502953,-50.436383],[-71.503925,-50.435698],[-71.50446,-50.435282],[-71.50478,-50.434975],[-71.505232,-50.43442],[-71.505501,-50.434047],[-71.505738,-50.433578],[-71.505842,-50.433259],[-71.505902,-50.432967],[-71.508137,-50.42054],[-71.508295,-50.419878],[-71.508513,-50.419298],[-71.508781,-50.418818],[-71.509165,-50.418312],[-71.513743,-50.413548],[-71.514165,-50.413051],[-71.514523,-50.412568],[-71.514796,-50.412069],[-71.514987,-50.411533],[-71.515108,-50.410989],[-71.515122,-50.410472],[-71.515057,-50.409938],[-71.51493,-50.409405],[-71.514492,-50.408303],[-71.512072,-50.402735],[-71.511765,-50.40197],[-71.511589,-50.401526],[-71.511436,-50.400973],[-71.507417,-50.383293],[-71.507231,-50.382336],[-71.507165,-50.38195],[-71.507143,-50.381578],[-71.507156,-50.381013],[-71.507212,-50.380299],[-71.507361,-50.379],[-71.508818,-50.366393],[-71.508874,-50.365692],[-71.508833,-50.365003],[-71.508762,-50.364387],[-71.508591,-50.363664],[-71.506975,-50.356825],[-71.50693,-50.356472],[-71.506854,-50.355872],[-71.506851,-50.355431],[-71.506913,-50.355003],[-71.507047,-50.354495],[-71.507268,-50.354037],[-71.507498,-50.353608],[-71.507831,-50.353141],[-71.509203,-50.351521],[-71.514277,-50.345532],[-71.514543,-50.345261],[-71.514873,-50.34499],[-71.515298,-50.344725],[-71.515618,-50.344552],[-71.516045,-50.344378],[-71.518947,-50.34321],[-71.520212,-50.342822],[-71.520897,-50.342696],[-71.521538,-50.342638],[-71.522193,-50.34262],[-71.522827,-50.342643],[-71.523522,-50.34275],[-71.524251,-50.342906],[-71.524895,-50.343063],[-71.531987,-50.345107],[-71.532456,-50.34524],[-71.53286,-50.345319],[-71.536366,-50.345815],[-71.537167,-50.345942],[-71.537954,-50.346111],[-71.539931,-50.346671],[-71.54059,-50.346872],[-71.541262,-50.347136],[-71.544373,-50.348437],[-71.54513,-50.348716],[-71.546167,-50.349009],[-71.547145,-50.349252],[-71.547953,-50.349399],[-71.548632,-50.349477],[-71.551025,-50.349516],[-71.551535,-50.349532],[-71.551981,-50.349562],[-71.552754,-50.349661],[-71.554302,-50.349845],[-71.554764,-50.349889],[-71.555162,-50.349877],[-71.555678,-50.349839],[-71.556237,-50.349773],[-71.564347,-50.348763],[-71.565088,-50.348647],[-71.565741,-50.348434],[-71.56618,-50.348222],[-71.56653,-50.347967],[-71.566773,-50.347712],[-71.567573,-50.346562],[-71.567733,-50.346374],[-71.567978,-50.346158],[-71.568525,-50.34583],[-71.569088,-50.345616],[-71.569822,-50.345415],[-71.571872,-50.344971],[-71.572592,-50.344855],[-71.573227,-50.344847],[-71.573712,-50.344936],[-71.57502,-50.345336],[-71.575521,-50.345406],[-71.576096,-50.345401],[-71.576739,-50.345312],[-71.577967,-50.345045],[-71.578513,-50.345002],[-71.579055,-50.345033],[-71.579462,-50.345133],[-71.579718,-50.345233],[-71.58318,-50.34714],[-71.583471,-50.347338],[-71.583655,-50.347522],[-71.583836,-50.347749],[-71.58391,-50.347977],[-71.583918,-50.348179],[-71.583841,-50.34949],[-71.5839,-50.349741],[-71.584046,-50.349992],[-71.584256,-50.350205],[-71.58451,-50.35039],[-71.584977,-50.350569],[-71.585501,-50.35069],[-71.58602,-50.350735],[-71.586405,-50.350712],[-71.586975,-50.350593],[-71.588638,-50.350056],[-71.591038,-50.34928],[-71.591478,-50.349132],[-71.591768,-50.348997],[-71.59215,-50.348721],[-71.592467,-50.348435],[-71.593172,-50.347637],[-71.593417,-50.34745],[-71.593775,-50.347253],[-71.595965,-50.346485],[-71.596414,-50.346402],[-71.596877,-50.346373],[-71.598033,-50.346429],[-71.599037,-50.346498],[-71.599431,-50.346512],[-71.59989,-50.34647],[-71.600289,-50.34637],[-71.6007,-50.346203],[-71.602162,-50.345455],[-71.602521,-50.345314],[-71.602965,-50.345181],[-71.603908,-50.344962],[-71.604314,-50.344893],[-71.604847,-50.344823],[-71.605315,-50.344808],[-71.605775,-50.344811],[-71.606306,-50.344868],[-71.606963,-50.344978],[-71.610784,-50.345967],[-71.611455,-50.346091],[-71.612324,-50.346194],[-71.615153,-50.346393],[-71.615683,-50.346394],[-71.616221,-50.34633],[-71.616616,-50.346198],[-71.616855,-50.346057],[-71.619115,-50.344037],[-71.619464,-50.343787],[-71.619814,-50.343592],[-71.620423,-50.343356],[-71.623298,-50.342433],[-71.623845,-50.342272],[-71.624327,-50.342119],[-71.624948,-50.342007],[-71.63267,-50.340742],[-71.633138,-50.340642],[-71.633549,-50.340534],[-71.63413,-50.340335],[-71.634324,-50.340248],[-71.648678,-50.333817],[-71.649762,-50.333235],[-71.650369,-50.3328],[-71.650848,-50.332393],[-71.651245,-50.331981],[-71.651543,-50.33157],[-71.651817,-50.331124],[-71.652005,-50.330678],[-71.652139,-50.330316],[-71.652231,-50.330009],[-71.653992,-50.317183],[-71.654133,-50.31667],[-71.65433,-50.316157],[-71.654616,-50.315632],[-71.65497,-50.315195],[-71.660248,-50.310277],[-71.660681,-50.309944],[-71.661157,-50.309628],[-71.661751,-50.309345],[-71.662528,-50.309093],[-71.663283,-50.308892],[-71.66401,-50.308767],[-71.664753,-50.308725],[-71.667167,-50.308682],[-71.667795,-50.308639],[-71.668253,-50.30855],[-71.669037,-50.308343],[-71.669773,-50.308083],[-71.67301,-50.30673],[-71.688357,-50.299568],[-71.689038,-50.299265],[-71.689812,-50.298962],[-71.69024,-50.298804],[-71.690799,-50.298667],[-71.693135,-50.29812],[-71.703753,-50.295633],[-71.705893,-50.295187],[-71.706653,-50.295086],[-71.707283,-50.295045],[-71.708219,-50.295012],[-71.709734,-50.295014],[-71.711929,-50.295047],[-71.714831,-50.295091],[-71.718805,-50.295151],[-71.719658,-50.295164],[-71.721369,-50.29519],[-71.725424,-50.295251],[-71.72595,-50.295259],[-71.731138,-50.295338],[-71.731398,-50.295342],[-71.734018,-50.295407],[-71.734951,-50.295453],[-71.735799,-50.295517],[-71.749435,-50.296898],[-71.750872,-50.29706],[-71.751523,-50.297146],[-71.752008,-50.297222],[-71.760892,-50.298943],[-71.761676,-50.299054],[-71.76253,-50.299156],[-71.763352,-50.299217],[-71.764174,-50.299252],[-71.780408,-50.299406],[-71.781659,-50.299441],[-71.782824,-50.299504],[-71.785475,-50.299699],[-71.799072,-50.3007],[-71.800072,-50.300749],[-71.801029,-50.300779],[-71.802012,-50.300779],[-71.803009,-50.300743],[-71.812847,-50.30012],[-71.813793,-50.300077],[-71.814583,-50.300107],[-71.81545,-50.30017],[-71.816308,-50.300318],[-71.821518,-50.301673],[-71.822,-50.301785],[-71.845064,-50.306615],[-71.846424,-50.30691],[-71.847115,-50.307078],[-71.847638,-50.307232],[-71.847959,-50.30733],[-71.848755,-50.307589],[-71.849993,-50.308003],[-71.851735,-50.308582],[-71.853081,-50.309012],[-71.853214,-50.309054],[-71.854345,-50.309434],[-71.854999,-50.309642],[-71.855736,-50.309888],[-71.8575,-50.310458],[-71.857685,-50.310519],[-71.858667,-50.310856],[-71.85923,-50.311043],[-71.85956,-50.311159],[-71.859865,-50.311271],[-71.860241,-50.311418],[-71.860694,-50.311601],[-71.861302,-50.311848],[-71.863378,-50.312691],[-71.866456,-50.313912],[-71.866857,-50.314058],[-71.86728,-50.314195],[-71.867715,-50.314316],[-71.868191,-50.314429],[-71.868624,-50.314518],[-71.86911,-50.314593],[-71.869701,-50.314664],[-71.895703,-50.31702],[-71.896894,-50.317097],[-71.897903,-50.317133],[-71.899168,-50.317151],[-71.903248,-50.317216],[-71.916144,-50.317423],[-71.917128,-50.31745],[-71.918176,-50.317496],[-71.942802,-50.31891],[-71.948411,-50.319232],[-71.949895,-50.319317],[-71.952509,-50.319468],[-71.956045,-50.319671],[-71.956304,-50.319687],[-71.95781,-50.319782],[-71.958356,-50.319826],[-71.958798,-50.319882],[-71.959615,-50.320036],[-71.96229,-50.320597],[-71.962812,-50.320707],[-71.96352,-50.320837],[-71.963915,-50.320882],[-71.964329,-50.320921],[-71.96499,-50.320961],[-71.966041,-50.320949],[-71.970419,-50.320909],[-71.971202,-50.320895],[-71.971907,-50.320854],[-71.972661,-50.320776],[-71.977293,-50.320113],[-71.988589,-50.318499],[-71.990271,-50.318236],[-71.991081,-50.318083],[-71.991989,-50.317914],[-71.992942,-50.317704],[-72.000931,-50.315936],[-72.005067,-50.315021],[-72.007852,-50.3145],[-72.007583,-50.314157],[-72.007556,-50.31403],[-72.007604,-50.313924],[-72.007726,-50.313867],[-72.00823,-50.313692],[-72.00844,-50.313595],[-72.008577,-50.313444],[-72.008628,-50.313251],[-72.008663,-50.312715],[-72.008634,-50.312595],[-72.008474,-50.312362],[-72.006725,-50.310019],[-72.006614,-50.30985],[-72.006574,-50.30969],[-72.0066,-50.309585],[-72.006682,-50.309443],[-72.008111,-50.307111],[-72.008206,-50.306886],[-72.008577,-50.30606],[-72.008627,-50.305829],[-72.008705,-50.305381],[-72.008763,-50.305168],[-72.008978,-50.304743],[-72.009257,-50.304359],[-72.009343,-50.304166],[-72.009686,-50.302522],[-72.009697,-50.302317],[-72.009679,-50.301885],[-72.009729,-50.301618],[-72.009858,-50.30085],[-72.009884,-50.300698]],"type":"LineString"}}]}