{"type":"FeatureCollection","features":[{"type":"Feature","properties":{"boundary":"protected_area","name":"Reserva de Biósfera Península Valdés","operator":"Provincia de Chubut","operator:type":"government","operator:wikidata":"Q45007","protect_class":"6","protected_area":"sustainable","protection_title":"Reserva de Biósfera","start_date":"2014","type":"boundary","id":"relation/6652633","source":"OpenStreetMap — Península Valdés"},"geometry":{"type":"Polygon","coordinates":[[[-65.1680854,-42.9756798],[-65.1691998,-42.980205],[-65.1697715,-42.9825905],[-65.1706678,-42.9862204],[-65.1731178,-42.9960472],[-65.1733856,-42.9972173],[-65.17425,-43.0006571],[-65.1746732,-43.002458],[-65.1750467,-43.003974],[-65.1755199,-43.0058024],[-65.1762965,-43.0089562],[-65.1768843,-43.0113327],[-65.1776165,-43.0143234],[-65.1782906,-43.0170857],[-65.1788163,-43.0191781],[-65.1790126,-43.0199786],[-65.1795779,-43.0222452],[-65.1796317,-43.022449],[-65.1797041,-43.0227],[-65.1798168,-43.0230452],[-65.1799911,-43.0235275],[-65.1801588,-43.0239522],[-65.1803313,-43.0243913],[-65.1805437,-43.0248296],[-65.1807801,-43.025293],[-65.1809809,-43.0256649],[-65.1812089,-43.0260512],[-65.1814261,-43.0264139],[-65.1816756,-43.0268021],[-65.1820688,-43.0273502],[-65.183301,-43.0289198],[-65.1846263,-43.0305623],[-65.1849963,-43.0310425],[-65.1880015,-43.0347918],[-65.1910338,-43.0385824],[-65.1945276,-43.0429514],[-65.1966809,-43.0456256],[-65.1971063,-43.0461619],[-65.1974362,-43.0465676],[-65.1981872,-43.0475202],[-65.1987398,-43.0482063],[-65.1990273,-43.0485682],[-65.199867,-43.0496229],[-65.2003065,-43.0501744],[-65.2004137,-43.0503089],[-65.2012986,-43.0513953],[-65.2021545,-43.0524822],[-65.2033023,-43.0539171],[-65.2046801,-43.0556337],[-65.2056668,-43.0568704],[-65.2074276,-43.0590622],[-65.2094632,-43.0615982],[-65.2103859,-43.0627642],[-65.2108848,-43.0633776],[-65.2114767,-43.0641238],[-65.2127404,-43.0657187],[-65.2135148,-43.0666851],[-65.2155438,-43.0692072],[-65.2168098,-43.0707806],[-65.2185048,-43.0728951],[-65.2195257,-43.0741719],[-65.2217813,-43.0769876],[-65.2242656,-43.0800939],[-65.225507,-43.0816336],[-65.2270827,-43.0835857],[-65.2284157,-43.0852998],[-65.2312142,-43.0887554],[-65.2316922,-43.0893246],[-65.2332848,-43.0913664],[-65.235518,-43.0941249],[-65.237869,-43.0970497],[-65.2387359,-43.0981337],[-65.240018,-43.0997421],[-65.2404347,-43.1002818],[-65.2408682,-43.1008086],[-65.2417167,-43.1018665],[-65.2420038,-43.1022245],[-65.243133,-43.1036404],[-65.2434012,-43.1039518],[-65.2439216,-43.1046039],[-65.2444723,-43.1052702],[-65.24515,-43.1061372],[-65.2455148,-43.1066072],[-65.2458689,-43.1070341],[-65.2470181,-43.1084781],[-65.2502508,-43.1124942],[-65.2526946,-43.11556],[-65.255105,-43.1185629],[-65.2577672,-43.1218664],[-65.2604168,-43.125175],[-65.2608755,-43.1257477],[-65.2618834,-43.1269967],[-65.2628876,-43.1282632],[-65.2636933,-43.1292648],[-65.2653984,-43.1313753],[-65.2666002,-43.1328629],[-65.2670693,-43.1334435],[-65.2672474,-43.1336704],[-65.2675921,-43.1341103],[-65.2679247,-43.1345253],[-65.2684376,-43.1351858],[-65.2694603,-43.1364616],[-65.2702169,-43.1373964],[-65.2713713,-43.1388215],[-65.2720901,-43.1397335],[-65.2728496,-43.1406727],[-65.2730021,-43.1408687],[-65.2731996,-43.1411434],[-65.2733615,-43.1413658],[-65.2735459,-43.1416271],[-65.2737853,-43.1419999],[-65.2740852,-43.1425002],[-65.2743834,-43.1430332],[-65.2746581,-43.1435894],[-65.2750502,-43.1444752],[-65.2754094,-43.1454379],[-65.2757965,-43.1467881],[-65.2762046,-43.1482564],[-65.2767069,-43.1500027],[-65.2784631,-43.1561266],[-65.2789691,-43.157874],[-65.2795879,-43.1600107],[-65.2804205,-43.1629179],[-65.2810878,-43.1652072],[-65.2813825,-43.166264],[-65.2819454,-43.1681794],[-65.2820498,-43.1685226],[-65.2823124,-43.1694635],[-65.2825366,-43.1702219],[-65.2831305,-43.172314],[-65.2842459,-43.1762122],[-65.2851844,-43.1794487],[-65.2857644,-43.1814651],[-65.2861412,-43.1827389],[-65.286346,-43.183458],[-65.2865639,-43.1842379],[-65.2870032,-43.1858057],[-65.2874032,-43.18722],[-65.287661,-43.1880636],[-65.2880407,-43.1893482],[-65.2889588,-43.1925582],[-65.2894532,-43.1943012],[-65.2898747,-43.1957713],[-65.290423,-43.1976346],[-65.2906886,-43.1985888],[-65.2910795,-43.1999252],[-65.2911526,-43.2003759],[-65.2912331,-43.201113],[-65.291284,-43.2015686],[-65.2913564,-43.2019362],[-65.2914858,-43.2023428],[-65.2917689,-43.2032954],[-65.2922013,-43.2048278],[-65.2928129,-43.2069315],[-65.2933064,-43.2086694],[-65.293572,-43.2095726],[-65.293876,-43.210654],[-65.2941128,-43.2114322],[-65.2941945,-43.2117326],[-65.2942449,-43.2119181],[-65.2948833,-43.2141483],[-65.295766,-43.2172668],[-65.2962032,-43.2188305],[-65.2966684,-43.2203703],[-65.2975089,-43.2231619],[-65.2980468,-43.2250953],[-65.2984204,-43.2264448],[-65.2987966,-43.2277306],[-65.2988774,-43.2280069],[-65.2990878,-43.2287438],[-65.299167,-43.2290212],[-65.2994499,-43.2299634],[-65.299513,-43.2301684],[-65.2995506,-43.230354],[-65.2995747,-43.2305455],[-65.2995586,-43.2307585],[-65.2995238,-43.2309442],[-65.2994674,-43.2311142],[-65.299385,-43.2313275],[-65.2991583,-43.2315123],[-65.2989906,-43.2316198],[-65.2988775,-43.2316846],[-65.2987451,-43.2317461],[-65.2986054,-43.2318049],[-65.2984678,-43.2318513],[-65.2983196,-43.2318864],[-65.2981808,-43.2319045],[-65.298019,-43.2319144],[-65.2978263,-43.2319194],[-65.2974871,-43.2318933],[-65.2970875,-43.2318626],[-65.2965974,-43.231875],[-65.296398,-43.2319059],[-65.2962127,-43.2319575],[-65.2960292,-43.2320413],[-65.2958687,-43.2321432],[-65.2951483,-43.2327092],[-65.2945291,-43.2332711],[-65.2936711,-43.2340496],[-65.2934982,-43.2342065],[-65.2929468,-43.2346558],[-65.2923609,-43.2351052],[-65.29081,-43.2362007],[-65.2906871,-43.2362891],[-65.2896899,-43.2370065],[-65.2893818,-43.2372257],[-65.2862078,-43.2394945],[-65.2856823,-43.239855],[-65.284529,-43.2406576],[-65.2833022,-43.2415113],[-65.2820729,-43.2423778],[-65.2807449,-43.2433139],[-65.2792319,-43.2443803],[-65.2791072,-43.2444682],[-65.2789649,-43.2445685],[-65.2776221,-43.245515],[-65.2774331,-43.2456482],[-65.2772055,-43.2458108],[-65.2754485,-43.24705],[-65.2740819,-43.2480044],[-65.2692966,-43.2513577],[-65.2690564,-43.251526],[-65.2672158,-43.2528127],[-65.2662288,-43.2535023],[-65.2651352,-43.2542686],[-65.2607363,-43.2573387],[-65.2566547,-43.260174],[-65.2566076,-43.2602109],[-65.2549407,-43.2613731],[-65.2544997,-43.2616854],[-65.2523992,-43.263173],[-65.2519936,-43.2634912],[-65.2516496,-43.2638093],[-65.2513239,-43.264143],[-65.2510474,-43.2644767],[-65.2509079,-43.2646752],[-65.2507838,-43.2648783],[-65.2506299,-43.2651667],[-65.2504777,-43.2655173],[-65.2503533,-43.2658805],[-65.2502631,-43.2662791],[-65.2501988,-43.2666912],[-65.2501953,-43.2668049],[-65.2500878,-43.2668845],[-65.2500135,-43.2669592],[-65.2499285,-43.2670777],[-65.2498719,-43.2671344],[-65.249787,-43.2671705],[-65.2496854,-43.267183],[-65.2491114,-43.2672026],[-65.2482142,-43.2672723],[-65.2477596,-43.2672846],[-65.2475933,-43.2672963],[-65.2472607,-43.2675307],[-65.246175,-43.2682825],[-65.2446994,-43.2693034],[-65.2446242,-43.2693619],[-65.2441958,-43.2696851],[-65.2440429,-43.2697925],[-65.2438658,-43.269898],[-65.2434742,-43.2700855],[-65.2427564,-43.2703281],[-65.2424056,-43.2704487],[-65.2407641,-43.2709721],[-65.2404913,-43.2710885],[-65.2403521,-43.2711479],[-65.2398844,-43.2714018],[-65.2393106,-43.2718586],[-65.2391216,-43.2719752],[-65.2382592,-43.2721984],[-65.2368803,-43.2725731],[-65.237758,-43.2732288],[-65.2385301,-43.2737783],[-65.2394222,-43.2744256],[-65.2402819,-43.2750495],[-65.2412706,-43.2757669],[-65.2419476,-43.2762581],[-65.2420337,-43.2763206],[-65.2432912,-43.2772265],[-65.2434115,-43.2773131],[-65.2447688,-43.2782823],[-65.2452902,-43.2786596],[-65.2467027,-43.2796817],[-65.2480721,-43.2806726],[-65.2486638,-43.2811007],[-65.2492316,-43.2815115],[-65.2497803,-43.2819086],[-65.2506994,-43.2825737],[-65.2508389,-43.282649],[-65.2509093,-43.2826861],[-65.251012,-43.2827232],[-65.2511341,-43.2827817],[-65.2511731,-43.2828168],[-65.2511988,-43.2828596],[-65.2512036,-43.2829369],[-65.2512372,-43.2829867],[-65.2512922,-43.2830228],[-65.2514129,-43.2830872],[-65.2516328,-43.2832083],[-65.2533226,-43.2843603],[-65.2553348,-43.2858568],[-65.2555316,-43.286021],[-65.2557016,-43.2861852],[-65.2558235,-43.2863536],[-65.2608733,-43.2898502],[-65.2617045,-43.290496],[-65.2633717,-43.2917503],[-65.2644291,-43.2925979],[-65.2660317,-43.2938764],[-65.2859041,-43.3104052],[-65.2870666,-43.3116446],[-65.2957149,-43.3208641],[-65.298348,-43.3236709],[-65.298524,-43.3239237],[-65.298756,-43.3242472],[-65.2989456,-43.3245707],[-65.2990984,-43.3249129],[-65.299237,-43.3252449],[-65.3006596,-43.3299904],[-65.2987699,-43.3314505],[-65.2990408,-43.3352582],[-65.265735,-43.3354234],[-65.2536025,-43.3325834],[-65.210039,-43.3315076],[-65.2098642,-43.3357199],[-65.2096286,-43.3354244],[-65.1719512,-43.336008],[-65.1656695,-43.3360441],[-65.1644625,-43.3360519],[-65.1587145,-43.3361885],[-65.1542781,-43.3362236],[-65.1523105,-43.3362317],[-65.1514296,-43.3362353],[-65.151038,-43.3362743],[-65.148223,-43.3363455],[-65.1440663,-43.339202],[-65.1343179,-43.3461611],[-65.1199725,-43.356396],[-65.1198825,-43.3564104],[-65.1295705,-43.3793652],[-65.0645451,-43.4044221],[-65.0591915,-43.4065417],[-65.0584615,-43.4068181],[-65.0584483,-43.4068232],[-65.0586158,-43.4069942],[-65.0588626,-43.407228],[-65.0593078,-43.40753],[-65.0598711,-43.4079412],[-65.0603271,-43.4083192],[-65.0607133,-43.4087459],[-65.061003,-43.4090363],[-65.0615099,-43.4093909],[-65.0619042,-43.4096929],[-65.0623602,-43.4099384],[-65.0629154,-43.4101761],[-65.0636181,-43.4105269],[-65.0642914,-43.4109029],[-65.0651979,-43.4114349],[-65.0660509,-43.411998],[-65.0672901,-43.4128806],[-65.068363,-43.4135684],[-65.0695592,-43.4143653],[-65.0706214,-43.4150745],[-65.0713241,-43.4156083],[-65.072102,-43.4161694],[-65.0733277,-43.4169877],[-65.074532,-43.4177183],[-65.0754896,-43.4182775],[-65.0762647,-43.4187411],[-65.0774208,-43.419575],[-65.0785714,-43.420475],[-65.079191,-43.4209231],[-65.0799367,-43.42149],[-65.0806501,-43.4222322],[-65.0810364,-43.4226764],[-65.0812429,-43.4228946],[-65.0815809,-43.4232531],[-65.0818786,-43.4234557],[-65.0822863,-43.4236777],[-65.0830346,-43.424118],[-65.0836274,-43.4244764],[-65.08396,-43.4246225],[-65.0844964,-43.4248349],[-65.0856498,-43.4252907],[-65.0862533,-43.4256355],[-65.0866315,-43.4259102],[-65.0872377,-43.426292],[-65.0875193,-43.426516],[-65.0881952,-43.4269718],[-65.0885922,-43.427227],[-65.0891018,-43.4276594],[-65.0893834,-43.4279399],[-65.0896543,-43.4283042],[-65.0898394,-43.4286159],[-65.090003,-43.4290678],[-65.0902364,-43.4297456],[-65.0903222,-43.4300787],[-65.0904053,-43.4303826],[-65.0905153,-43.4306241],[-65.0906897,-43.4308637],[-65.0908721,-43.4310819],[-65.0911322,-43.4313078],[-65.0915077,-43.431674],[-65.0917706,-43.4319038],[-65.0920147,-43.432046],[-65.0922534,-43.432196],[-65.0925162,-43.4324609],[-65.0927147,-43.4326674],[-65.0929856,-43.4328563],[-65.093286,-43.4330433],[-65.0941765,-43.433503],[-65.0944555,-43.4336452],[-65.0946513,-43.4337562],[-65.0947747,-43.4338652],[-65.0949544,-43.4340464],[-65.0954855,-43.4345781],[-65.095802,-43.4348157],[-65.095928,-43.4348975],[-65.0960943,-43.4349657],[-65.0962767,-43.4350222],[-65.0966495,-43.4351468],[-65.0968266,-43.4352325],[-65.0970519,-43.4353669],[-65.0973496,-43.435624],[-65.0978968,-43.4360155],[-65.0983581,-43.4363135],[-65.0992459,-43.4368335],[-65.1002276,-43.4373652],[-65.1008821,-43.4377645],[-65.1017028,-43.4383585],[-65.1027623,-43.4391668],[-65.1032692,-43.4395757],[-65.1038271,-43.4400042],[-65.1043743,-43.4403995],[-65.1051548,-43.4409059],[-65.1054123,-43.4410831],[-65.1056054,-43.4412526],[-65.1059836,-43.4415914],[-65.1062036,-43.4417492],[-65.1064557,-43.441905],[-65.106689,-43.4420082],[-65.107137,-43.4422205],[-65.1076654,-43.4424873],[-65.108293,-43.4428475],[-65.1090118,-43.4433383],[-65.1097333,-43.4438349],[-65.1099908,-43.4440394],[-65.1102778,-43.4442984],[-65.1107043,-43.4446917],[-65.1109993,-43.4449254],[-65.1113668,-43.4451474],[-65.1125336,-43.4457472],[-65.1131156,-43.4461523],[-65.1138586,-43.4467267],[-65.1149717,-43.4476283],[-65.1159078,-43.448452],[-65.1168439,-43.4491842],[-65.1177049,-43.4498579],[-65.1180267,-43.4501228],[-65.1186222,-43.4506758],[-65.1188582,-43.4509016],[-65.1191586,-43.4511314],[-65.1197031,-43.4514702],[-65.1199847,-43.4516766],[-65.1201752,-43.4518402],[-65.1205963,-43.4522647],[-65.1210845,-43.452769],[-65.1213634,-43.4530299],[-65.1218221,-43.4534135],[-65.1235521,-43.4547141],[-65.1249254,-43.4558629],[-65.1267654,-43.4573854],[-65.1284176,-43.4586587],[-65.1298499,-43.4597879],[-65.1311052,-43.4608548],[-65.1327092,-43.4622021],[-65.1342487,-43.4634285],[-65.1359501,-43.4648585],[-65.1362175,-43.4650833],[-65.1373279,-43.4660138],[-65.1384383,-43.4669949],[-65.1391143,-43.4676646],[-65.1395917,-43.4682058],[-65.1398975,-43.4686418],[-65.1402247,-43.469109],[-65.1405412,-43.4694788],[-65.140965,-43.4699694],[-65.1414746,-43.4704093],[-65.1418126,-43.4707597],[-65.141995,-43.4709232],[-65.1422846,-43.4711646],[-65.1426762,-43.4715656],[-65.1429123,-43.4719665],[-65.1431912,-43.4722079],[-65.1435077,-43.4725193],[-65.1439261,-43.4727957],[-65.1442748,-43.4730916],[-65.1446235,-43.4734264],[-65.1448327,-43.4736366],[-65.145117,-43.4739247],[-65.1454604,-43.4743763],[-65.1461685,-43.4750731],[-65.1465064,-43.4754351],[-65.1467317,-43.4756726],[-65.1470268,-43.475984],[-65.1472414,-43.4762487],[-65.1473862,-43.4764278],[-65.1475042,-43.4765796],[-65.1477349,-43.4768988],[-65.1480675,-43.4773036],[-65.1484752,-43.4776695],[-65.1487488,-43.4779771],[-65.1491833,-43.4783546],[-65.1496071,-43.4788179],[-65.1500362,-43.4792733],[-65.1504493,-43.479647],[-65.1508677,-43.4801141],[-65.1510072,-43.4802581],[-65.1511413,-43.4804216],[-65.151313,-43.4806629],[-65.1515114,-43.4809548],[-65.1515973,-43.4811456],[-65.1516885,-43.4813441],[-65.151785,-43.4815543],[-65.1518387,-43.4817489],[-65.1519889,-43.4819591],[-65.1521552,-43.4822393],[-65.1522088,-43.4824145],[-65.1524395,-43.482722],[-65.1528043,-43.4831462],[-65.1529598,-43.4834343],[-65.1531422,-43.4836873],[-65.1533032,-43.4840376],[-65.1535338,-43.4843606],[-65.153684,-43.4846487],[-65.153904,-43.4847654],[-65.154022,-43.4848939],[-65.1542419,-43.4850729],[-65.1543975,-43.4852325],[-65.1546925,-43.4854855],[-65.1549447,-43.4856956],[-65.1550841,-43.4858085],[-65.1551914,-43.4859292],[-65.1553738,-43.4861004],[-65.1554489,-43.4862211],[-65.1556152,-43.486369],[-65.155744,-43.4864235],[-65.1559478,-43.4865324],[-65.1561463,-43.4866414],[-65.1563716,-43.4867504],[-65.1566452,-43.4869567],[-65.15677,-43.4871099],[-65.1569295,-43.4871591],[-65.1571387,-43.4872992],[-65.1573372,-43.4874977],[-65.1574981,-43.4876144],[-65.1576537,-43.4877779],[-65.1578736,-43.4879608],[-65.1580721,-43.4881788],[-65.1583403,-43.4884318],[-65.1584906,-43.488603],[-65.1585979,-43.4887315],[-65.1587587,-43.4888443],[-65.1588768,-43.4889844],[-65.1590324,-43.48907],[-65.1592523,-43.4891985],[-65.1593971,-43.489323],[-65.1595259,-43.4894553],[-65.1597619,-43.4896538],[-65.1598692,-43.4897978],[-65.160014,-43.489934],[-65.1601106,-43.490043],[-65.1602286,-43.4901559],[-65.1603788,-43.4903232],[-65.1606148,-43.4904672],[-65.1608187,-43.4906346],[-65.1610226,-43.490837],[-65.1611138,-43.4909849],[-65.1612908,-43.4911794],[-65.1614195,-43.4913818],[-65.1615697,-43.4916037],[-65.1617414,-43.4918293],[-65.1619345,-43.4920083],[-65.1620204,-43.4921017],[-65.1621437,-43.492273],[-65.1622886,-43.4924053],[-65.162412,-43.4925921],[-65.1625139,-43.4927517],[-65.1625729,-43.4928256],[-65.1626533,-43.4929151],[-65.1628089,-43.4930591],[-65.1630235,-43.4932225],[-65.1632327,-43.4933666],[-65.1633883,-43.49353],[-65.1635063,-43.4936195],[-65.1636833,-43.493744],[-65.1638818,-43.4939348],[-65.1639998,-43.4940515],[-65.1641339,-43.4941799],[-65.1643056,-43.4944095],[-65.164488,-43.4945885],[-65.1646221,-43.4947676],[-65.1647508,-43.4949621],[-65.1647938,-43.4950711],[-65.1648635,-43.4952112],[-65.1649011,-43.4952812],[-65.164944,-43.4953669],[-65.1650244,-43.4954797],[-65.16518,-43.4955944],[-65.1652121,-43.4957112],[-65.1652497,-43.4958124],[-65.1653463,-43.4959486],[-65.1654455,-43.4960926],[-65.1655286,-43.4962755],[-65.1656681,-43.4964311],[-65.165754,-43.4965926],[-65.1658424,-43.4967405],[-65.1659068,-43.4968884],[-65.1659819,-43.4970499],[-65.1660463,-43.497225],[-65.1661054,-43.4972912],[-65.1662287,-43.4973748],[-65.1664245,-43.4975811],[-65.1666015,-43.4977328],[-65.1667464,-43.4979196],[-65.1668644,-43.4980986],[-65.1669341,-43.4982076],[-65.1671112,-43.4983866],[-65.1672614,-43.4985617],[-65.1673955,-43.4988224],[-65.1675403,-43.4990753],[-65.1676154,-43.4992854],[-65.1676744,-43.4994606],[-65.1677173,-43.4996668],[-65.1678246,-43.4999508],[-65.1679373,-43.5002116],[-65.1680607,-43.5004723],[-65.168227,-43.500733],[-65.1684469,-43.5009314],[-65.1685488,-43.5010443],[-65.1686776,-43.5011921],[-65.1687741,-43.5013906],[-65.1690048,-43.5015812],[-65.1691818,-43.5017836],[-65.169332,-43.5019548],[-65.1694071,-43.5020754],[-65.169552,-43.5021883],[-65.1698095,-43.5024023],[-65.1700777,-43.5025735],[-65.1702654,-43.5027991],[-65.1705819,-43.5030015],[-65.1707375,-43.5031026],[-65.170995,-43.5032544],[-65.171231,-43.5033984],[-65.171451,-43.5035423],[-65.1716709,-43.5036902],[-65.1718962,-43.5038497],[-65.1720303,-43.5039236],[-65.1722235,-43.5040015],[-65.1723737,-43.5041143],[-65.17254,-43.5043011],[-65.1726794,-43.5044645],[-65.172835,-43.5046162],[-65.1730013,-43.5047174],[-65.1732373,-43.504873],[-65.1734573,-43.5050715],[-65.1736021,-43.5052076],[-65.1737309,-43.505375],[-65.1738328,-43.5055072],[-65.1738703,-43.5055928],[-65.1738972,-43.5057524],[-65.1739508,-43.5058535],[-65.1739776,-43.505943],[-65.1740152,-43.5060831],[-65.1741278,-43.5062504],[-65.1742727,-43.5064333],[-65.1743692,-43.5066122],[-65.1745409,-43.5067912],[-65.1747018,-43.5069935],[-65.174793,-43.5071569],[-65.1748413,-43.5072659],[-65.1749218,-43.5074488],[-65.174911,-43.5076394],[-65.1749754,-43.5078378],[-65.175013,-43.5080362],[-65.1750612,-43.5081997],[-65.1751739,-43.5083475],[-65.1752705,-43.5084992],[-65.1753026,-43.5086588],[-65.1753402,-43.5088999],[-65.1753884,-43.509079],[-65.1754152,-43.5093474],[-65.1753455,-43.5097909],[-65.175305,-43.5102825],[-65.1322,-43.5103],[-65.1102,-43.5103],[-64.8875,-43.5103],[-64.8667,-43.4792],[-64.8644,-43.4701],[-64.8587,-43.4597],[-64.8585,-43.4585],[-64.8581,-43.4579],[-64.857,-43.4526],[-64.8544,-43.4485],[-64.8538,-43.4467],[-64.8482,-43.4132],[-64.8456,-43.4118],[-64.8388,-43.4086],[-64.8371,-43.4077],[-64.8347,-43.4059],[-64.8329,-43.4051],[-64.832,-43.4046],[-64.8318,-43.4045],[-64.8299,-43.4034],[-64.828,-43.402],[-64.823,-43.3994],[-64.8214,-43.3984],[-64.8161,-43.3957],[-64.8154,-43.3951],[-64.8107,-43.3929],[-64.809,-43.392],[-64.808,-43.3915],[-64.8077,-43.3913],[-64.807,-43.3909],[-64.804,-43.3895],[-64.8014,-43.3881],[-64.7996,-43.3867],[-64.7977,-43.3858],[-64.7964,-43.3849],[-64.7951,-43.3846],[-64.7936,-43.3839],[-64.7932,-43.3838],[-64.7746,-43.375],[-64.7729,-43.3741],[-64.7725,-43.374],[-64.7708,-43.3731],[-64.7674,-43.3719],[-64.7668,-43.3716],[-64.7589,-43.3689],[-64.7526,-43.3657],[-64.7493,-43.3641],[-64.7447,-43.3625],[-64.7435,-43.3617],[-64.7427,-43.3615],[-64.7385,-43.3593],[-64.7374,-43.3591],[-64.7338,-43.3577],[-64.7332,-43.3573],[-64.7319,-43.3567],[-64.7312,-43.3562],[-64.729,-43.3557],[-64.7209,-43.3523],[-64.719,-43.351],[-64.7183,-43.3509],[-64.7149,-43.3495],[-64.7147,-43.3494],[-64.7142,-43.3493],[-64.7118,-43.3482],[-64.7103,-43.3476],[-64.7093,-43.3474],[-64.7066,-43.3463],[-64.7058,-43.3457],[-64.7049,-43.3456],[-64.7032,-43.3448],[-64.7023,-43.3446],[-64.701,-43.3441],[-64.7009,-43.344],[-64.7008,-43.344],[-64.6994,-43.3435],[-64.6931,-43.3413],[-64.6927,-43.341],[-64.6921,-43.3408],[-64.6916,-43.3406],[-64.6913,-43.3405],[-64.6912,-43.3405],[-64.687,-43.3392],[-64.6797,-43.3365],[-64.6787,-43.3363],[-64.676,-43.3354],[-64.6733,-43.3344],[-64.6724,-43.3339],[-64.6707,-43.3332],[-64.6693,-43.3323],[-64.6649,-43.3307],[-64.662,-43.3297],[-64.6609,-43.3295],[-64.6608,-43.3294],[-64.6552,-43.3284],[-64.6391,-43.3226],[-64.6386,-43.3223],[-64.6379,-43.3221],[-64.6347,-43.3209],[-64.6345,-43.3209],[-64.632,-43.3199],[-64.6291,-43.319],[-64.6271,-43.3183],[-64.6269,-43.3183],[-64.6236,-43.317],[-64.6222,-43.3167],[-64.6198,-43.3162],[-64.619,-43.316],[-64.6177,-43.3158],[-64.6129,-43.3143],[-64.6125,-43.3141],[-64.6124,-43.3141],[-64.6082,-43.3128],[-64.6071,-43.3124],[-64.605,-43.3122],[-64.6019,-43.3114],[-64.5997,-43.3109],[-64.5983,-43.3106],[-64.5974,-43.3104],[-64.5958,-43.31],[-64.5928,-43.309],[-64.5886,-43.3085],[-64.5845,-43.3075],[-64.5831,-43.307],[-64.5811,-43.3066],[-64.5808,-43.3066],[-64.5803,-43.3064],[-64.5801,-43.3064],[-64.5741,-43.3051],[-64.5702,-43.3039],[-64.5674,-43.3035],[-64.5625,-43.3023],[-64.5623,-43.3022],[-64.557,-43.3009],[-64.5537,-43.3004],[-64.5448,-43.2982],[-64.5386,-43.2962],[-64.536,-43.2958],[-64.5317,-43.2945],[-64.5305,-43.2941],[-64.5301,-43.294],[-64.5263,-43.2928],[-64.5234,-43.2918],[-64.5216,-43.2913],[-64.519,-43.2904],[-64.5175,-43.2902],[-64.5141,-43.2894],[-64.5104,-43.2882],[-64.5054,-43.2876],[-64.4971,-43.2854],[-64.4956,-43.2849],[-64.4952,-43.2849],[-64.4924,-43.2841],[-64.4923,-43.2841],[-64.4899,-43.2834],[-64.4825,-43.2808],[-64.4748,-43.2782],[-64.4735,-43.278],[-64.4704,-43.277],[-64.4703,-43.2769],[-64.4701,-43.2769],[-64.4646,-43.2749],[-64.4637,-43.2744],[-64.4621,-43.2737],[-64.4602,-43.2733],[-64.4572,-43.2722],[-64.4553,-43.2716],[-64.4535,-43.271],[-64.453,-43.2709],[-64.4492,-43.2697],[-64.4439,-43.2678],[-64.4433,-43.2676],[-64.4431,-43.2675],[-64.4421,-43.2671],[-64.4417,-43.267],[-64.4395,-43.2667],[-64.4259,-43.2629],[-64.4244,-43.2626],[-64.4242,-43.2624],[-64.4006,-43.2558],[-64.3982,-43.2552],[-64.3979,-43.255],[-64.3937,-43.2539],[-64.3789,-43.2452],[-64.3776,-43.2447],[-64.3744,-43.2426],[-64.3716,-43.242],[-64.3636,-43.2376],[-64.3599,-43.2368],[-64.3575,-43.2355],[-64.3507,-43.2306],[-64.3477,-43.229],[-64.3458,-43.2281],[-64.3433,-43.2268],[-64.3424,-43.2261],[-64.3377,-43.2235],[-64.3314,-43.2204],[-64.329,-43.219],[-64.3207,-43.2127],[-64.3177,-43.2117],[-64.312,-43.2105],[-64.2901,-43.1998],[-64.2883,-43.1988],[-64.287,-43.1978],[-64.2852,-43.1972],[-64.2655,-43.1909],[-64.2652,-43.1907],[-64.265,-43.1906],[-64.2626,-43.1897],[-64.2602,-43.188],[-64.2601,-43.188],[-64.2587,-43.1871],[-64.2552,-43.186],[-64.2537,-43.185],[-64.2507,-43.1844],[-64.1919,-43.1469],[-64.1896,-43.1447],[-64.1879,-43.1424],[-64.1858,-43.1411],[-64.1851,-43.14],[-64.1835,-43.1389],[-64.1812,-43.1355],[-64.1726,-43.1276],[-64.1721,-43.1273],[-64.172,-43.127],[-64.169,-43.1242],[-64.1664,-43.1204],[-64.1642,-43.1189],[-64.163,-43.1175],[-64.1403,-43.0813],[-64.1379,-43.0777],[-64.1315,-43.0782],[-64.1305,-43.0783],[-64.1292,-43.0785],[-64.1285,-43.0784],[-64.1174,-43.0789],[-64.1105,-43.0797],[-64.0799,-43.0773],[-64.0744,-43.0765],[-64.0445,-43.0681],[-64.0345,-43.0663],[-64.0339,-43.0663],[-64.0282,-43.0654],[-64.0281,-43.0654],[-64.0235,-43.065],[-64.0198,-43.0645],[-64.0138,-43.0636],[-64.0129,-43.0634],[-64.0083,-43.0631],[-64.0003,-43.0623],[-63.9925,-43.0603],[-63.9885,-43.0601],[-63.9859,-43.0598],[-63.9689,-43.0553],[-63.9678,-43.0552],[-63.9425,-43.0485],[-63.9328,-43.0476],[-63.9308,-43.0472],[-63.9256,-43.0456],[-63.9203,-43.0461],[-63.8632,-43.0354],[-63.8576,-43.0351],[-63.8495,-43.0341],[-63.8309,-43.0293],[-63.829,-43.0291],[-63.8202,-43.0272],[-63.814,-43.0253],[-63.8056,-43.0236],[-63.802,-43.0234],[-63.7989,-43.023],[-63.7893,-43.0204],[-63.7847,-43.0195],[-63.7533,-43.014],[-63.7458,-43.0156],[-63.7426,-43.0157],[-63.7414,-43.0155],[-63.7404,-43.0157],[-63.739,-43.0154],[-63.7372,-43.0158],[-63.7233,-43.0138],[-63.711,-43.0132],[-63.7083,-43.0129],[-63.7044,-43.012],[-63.6958,-43.0111],[-63.6926,-43.0105],[-63.6859,-43.0085],[-63.6816,-43.0079],[-63.6782,-43.0069],[-63.6772,-43.0066],[-63.6763,-43.0065],[-63.6729,-43.0056],[-63.6544,-42.9995],[-63.6513,-42.9987],[-63.6496,-42.9979],[-63.6455,-42.9965],[-63.645,-42.9962],[-63.6315,-42.9916],[-63.6221,-42.9866],[-63.6131,-42.9843],[-63.6065,-42.9808],[-63.6059,-42.9807],[-63.6035,-42.9796],[-63.5941,-42.9754],[-63.586,-42.9699],[-63.579,-42.9662],[-63.5783,-42.9657],[-63.5743,-42.9644],[-63.5555,-42.9518],[-63.5548,-42.9514],[-63.5524,-42.9509],[-63.5414,-42.9436],[-63.5143,-42.9277],[-63.5126,-42.9264],[-63.5103,-42.9243],[-63.4992,-42.9177],[-63.4952,-42.9144],[-63.4881,-42.908],[-63.4876,-42.9076],[-63.4873,-42.9073],[-63.4807,-42.9013],[-63.4374,-42.8364],[-63.4234,-42.7818],[-63.4231,-42.7789],[-63.4219,-42.7571],[-63.4271,-42.7305],[-63.4209,-42.7229],[-63.4193,-42.7206],[-63.413,-42.7091],[-63.4013,-42.6915],[-63.3996,-42.6844],[-63.3993,-42.6839],[-63.3983,-42.679],[-63.3865,-42.6279],[-63.3861,-42.6225],[-63.3866,-42.6198],[-63.3841,-42.6074],[-63.3861,-42.5971],[-63.3859,-42.5931],[-63.3922,-42.5617],[-63.3935,-42.5488],[-63.394,-42.5462],[-63.3969,-42.5369],[-63.4001,-42.5187],[-63.399,-42.5132],[-63.4005,-42.4891],[-63.401,-42.4847],[-63.4043,-42.4721],[-63.4046,-42.4684],[-63.405,-42.4656],[-63.4058,-42.4628],[-63.4058571,-42.4612901],[-63.4059986,-42.4605958],[-63.4061,-42.4568],[-63.4062,-42.4562],[-63.4064,-42.4511],[-63.4065,-42.4498],[-63.4066,-42.4484],[-63.4067,-42.4476],[-63.4072,-42.4396],[-63.4073,-42.4388],[-63.4074,-42.4368],[-63.4076,-42.4344],[-63.4079,-42.4333],[-63.408,-42.4301],[-63.4082,-42.4291],[-63.4082,-42.4286],[-63.4083,-42.4279],[-63.4084,-42.427],[-63.4086,-42.4262],[-63.4086,-42.4245],[-63.4085,-42.4241],[-63.4079,-42.4161],[-63.408,-42.4154],[-63.4066,-42.4111],[-63.4061,-42.4092],[-63.4051,-42.4014],[-63.4027,-42.393],[-63.4025,-42.3917],[-63.4022,-42.3874],[-63.4011,-42.3833],[-63.4005,-42.3786],[-63.3989,-42.3537],[-63.399,-42.3536],[-63.3989,-42.3534],[-63.399,-42.3409],[-63.3981,-42.3368],[-63.3981,-42.3301],[-63.4017,-42.3125],[-63.4072,-42.2732],[-63.4091,-42.2664],[-63.4097,-42.2648],[-63.4098,-42.2642],[-63.4112,-42.2593],[-63.4133,-42.2535],[-63.4134,-42.2528],[-63.4154,-42.2467],[-63.421,-42.2313],[-63.4251,-42.2252],[-63.4264,-42.2193],[-63.4328,-42.2063],[-63.4363,-42.2014],[-63.445,-42.185],[-63.4487,-42.1795],[-63.4523,-42.175],[-63.4538,-42.1722],[-63.4556,-42.1696],[-63.458,-42.1661],[-63.462,-42.1613],[-63.4634,-42.1588],[-63.465,-42.1564],[-63.4652,-42.1562],[-63.4656,-42.1556],[-63.4707,-42.1484],[-63.4779,-42.1399],[-63.478,-42.1397],[-63.479,-42.1384],[-63.4833,-42.1334],[-63.4855,-42.1309],[-63.4869,-42.1286],[-63.4907,-42.1242],[-63.4962,-42.1181],[-63.4969,-42.1172],[-63.4976,-42.1167],[-63.4992,-42.1149],[-63.5013,-42.1118],[-63.5059,-42.1076],[-63.5148,-42.0989],[-63.5152,-42.0985],[-63.5182,-42.0897],[-63.5339,-42.0595],[-63.5352,-42.0574],[-63.5357,-42.0568],[-63.5375,-42.0531],[-63.5377,-42.0523],[-63.5386,-42.0503],[-63.539,-42.0497],[-63.5406,-42.0464],[-63.541,-42.0448],[-63.5425,-42.0417],[-63.5427,-42.0414],[-63.5439,-42.0386],[-63.5445,-42.0377],[-63.5447,-42.0368],[-63.5458,-42.0345],[-63.5476,-42.0318],[-63.5542,-42.0182],[-63.5553429,-42.01621],[-63.5563678,-42.0148681],[-63.5569215,-42.013702],[-63.5594027,-42.0092399],[-63.5598188,-42.00869],[-63.5600785,-42.008198],[-63.5612483,-42.006308],[-63.5617688,-42.0052782],[-63.5622732,-42.0042621],[-63.5688687,-41.9920467],[-64.2908335,-41.9920477],[-64.80059,-41.9920484],[-65.0687809,-41.9920488],[-65.0834004,-41.9920488],[-65.2972571,-41.9920491],[-65.2965728,-41.9926484],[-65.2956913,-41.9934723],[-65.2953704,-41.9937939],[-65.2950455,-41.9941465],[-65.294496,-41.9947089],[-65.2939743,-41.9952611],[-65.2936479,-41.9956302],[-65.2935237,-41.9957734],[-65.2933618,-41.99599],[-65.2931884,-41.9962349],[-65.2930878,-41.9964053],[-65.2929613,-41.9966359],[-65.2924615,-41.9976755],[-65.2922054,-41.9981754],[-65.2917772,-41.9989697],[-65.2914579,-41.9997105],[-65.2913592,-42.0002927],[-65.2913419,-42.0004575],[-65.2913544,-42.0011777],[-65.291485,-42.001714],[-65.29181,-42.0024568],[-65.2920973,-42.0028893],[-65.2924004,-42.0032783],[-65.2951798,-42.0059142],[-65.2977411,-42.0082841],[-65.2988732,-42.0094175],[-65.2991771,-42.0098157],[-65.2994812,-42.0103532],[-65.2996756,-42.0108869],[-65.2998329,-42.0114106],[-65.2999106,-42.0120075],[-65.299891,-42.0126895],[-65.2997742,-42.01328],[-65.29943,-42.014359],[-65.296361,-42.0240194],[-65.2956575,-42.0262041],[-65.2952559,-42.0275278],[-65.2951652,-42.0279736],[-65.2951013,-42.0284368],[-65.2936566,-42.0710106],[-65.2936542,-42.0710669],[-65.2936047,-42.0722402],[-65.2935378,-42.073808],[-65.2920921,-42.1050792],[-65.2918438,-42.1111422],[-65.2917437,-42.1129215],[-65.291482,-42.1144584],[-65.2912896,-42.1151323],[-65.2910574,-42.1157663],[-65.2905874,-42.1166354],[-65.2898139,-42.1176209],[-65.288523,-42.1188525],[-65.2870656,-42.1201737],[-65.2601387,-42.144847],[-65.2467336,-42.1571266],[-65.2457078,-42.1579349],[-65.2375122,-42.1640377],[-65.2343596,-42.1663559],[-65.2338361,-42.1667664],[-65.2335554,-42.1670363],[-65.233214,-42.1674187],[-65.2329409,-42.1677898],[-65.2326299,-42.1682678],[-65.2233182,-42.1830385],[-65.204807,-42.2123916],[-65.2044266,-42.2130144],[-65.2041964,-42.2136001],[-65.2040663,-42.2140672],[-65.2039562,-42.2146603],[-65.19841,-42.2492026],[-65.1980638,-42.2513922],[-65.1977473,-42.2535537],[-65.1975939,-42.2551955],[-65.1974812,-42.2580014],[-65.1969669,-42.2708285],[-65.1967484,-42.2764897],[-65.1951479,-42.317936],[-65.1949922,-42.3218247],[-65.1949285,-42.3227144],[-65.1948081,-42.323625],[-65.1946383,-42.3246384],[-65.1944118,-42.3256537],[-65.1940437,-42.3268887],[-65.1935482,-42.328197],[-65.1916516,-42.3330656],[-65.182412,-42.3562443],[-65.1818998,-42.357529],[-65.1628166,-42.4053949],[-65.1459728,-42.4474977],[-65.1355948,-42.4734245],[-65.1092225,-42.539252],[-65.1058851,-42.5475774],[-65.0938185,-42.5774474],[-65.0938022,-42.5774884],[-65.0917019,-42.5827609],[-65.0913711,-42.5835914],[-65.0904306,-42.5859522],[-65.0821765,-42.6066677],[-65.0819877,-42.6071892],[-65.0818606,-42.6076834],[-65.0816591,-42.6085038],[-65.0816225,-42.6090854],[-65.0815839,-42.6093194],[-65.0815476,-42.6095772],[-65.0814977,-42.6101504],[-65.0814688,-42.6110082],[-65.081467,-42.6113602],[-65.081503,-42.6123504],[-65.0815782,-42.6131864],[-65.0816503,-42.6138876],[-65.0818271,-42.6148034],[-65.0847726,-42.6268605],[-65.0905977,-42.6506987],[-65.0960508,-42.6730061],[-65.0960946,-42.6731854],[-65.1147241,-42.673639],[-65.1150522,-42.6736483],[-65.208718,-42.6764145],[-65.2032305,-42.7678487],[-65.1996406,-42.8444698],[-65.1655824,-42.8169771],[-65.1355626,-42.8327054],[-65.135276,-42.8328543],[-65.1362738,-42.8367871],[-65.1367496,-42.8387618],[-65.1372662,-42.8408977],[-65.1378003,-42.84305],[-65.1384925,-42.8457385],[-65.1387136,-42.8467679],[-65.138779,-42.8471181],[-65.1388702,-42.847708],[-65.1389056,-42.8480312],[-65.1389265,-42.8484199],[-65.1389506,-42.8488211],[-65.1389413,-42.8494361],[-65.1389104,-42.8498869],[-65.1387689,-42.8512551],[-65.1386196,-42.8526921],[-65.1385403,-42.8533241],[-65.1385108,-42.8536368],[-65.1384956,-42.8539268],[-65.1384839,-42.8542601],[-65.1384893,-42.8546474],[-65.1385041,-42.8551459],[-65.1385487,-42.8557327],[-65.1385966,-42.856073],[-65.1386852,-42.8565103],[-65.138838,-42.8571819],[-65.1390132,-42.8579739],[-65.1396049,-42.8602652],[-65.1404517,-42.8636666],[-65.1411849,-42.8666209],[-65.1420479,-42.8701956],[-65.1425998,-42.8725587],[-65.1434149,-42.8758425],[-65.1440438,-42.878376],[-65.1442857,-42.8793507],[-65.1448365,-42.8815044],[-65.1469697,-42.8901453],[-65.148057,-42.8945728],[-65.1485206,-42.8964469],[-65.1486184,-42.8968426],[-65.1490563,-42.8986125],[-65.1495883,-42.900763],[-65.1497605,-42.9014833],[-65.1505539,-42.9046866],[-65.1510445,-42.9066941],[-65.1514842,-42.9085269],[-65.1521197,-42.9110728],[-65.1531284,-42.915144],[-65.1537398,-42.9176101],[-65.1546633,-42.9213672],[-65.1563191,-42.9280909],[-65.1583909,-42.9364804],[-65.16073,-42.9459106],[-65.1627991,-42.9543234],[-65.1648403,-42.9625742],[-65.1669832,-42.9712405],[-65.1671997,-42.9720796],[-65.1672271,-42.9721843],[-65.1674062,-42.9728666],[-65.1676616,-42.9739589],[-65.1676914,-42.9740798],[-65.1680854,-42.9756798]]]}},{"type":"Feature","properties":{"boundary":"protected_area","name":"Parque Marino Provincial Golfo San José","operator":"Provincia de Chubut","operator:type":"government","protect_class":"2","protected_area":"national_park","protection_title":"Parque Marino Provincial;Reserva Faunística","related_law":"Ley Provincial 1238/74","start_date":"1974","type":"boundary","id":"relation/10245766","source":"OpenStreetMap — Península Valdés"},"geometry":{"type":"Polygon","coordinates":[[[-64.6152735,-42.4234248],[-64.6148014,-42.4243594],[-64.6140182,-42.4248345],[-64.6135247,-42.4250484],[-64.612999,-42.4253968],[-64.6125484,-42.4256423],[-64.6113682,-42.4261492],[-64.6099913,-42.4264276],[-64.6080537,-42.4263225],[-64.6077927,-42.4262058],[-64.60798,-42.42597],[-64.6077311,-42.4258086],[-64.6075475,-42.4258497],[-64.6066143,-42.4256162],[-64.6058788,-42.4255403],[-64.6046055,-42.4253418],[-64.6032035,-42.4251117],[-64.6021414,-42.4250246],[-64.6014737,-42.4245946],[-64.6004219,-42.4249156],[-64.5969342,-42.4263926],[-64.5947277,-42.4268771],[-64.5938099,-42.42719],[-64.5914693,-42.4275893],[-64.5907635,-42.4274915],[-64.5907022,-42.4273091],[-64.5904738,-42.4273173],[-64.5905328,-42.4276024],[-64.5905542,-42.4278162],[-64.5905328,-42.4279469],[-64.5897925,-42.4282082],[-64.5881456,-42.42843],[-64.5873356,-42.4284695],[-64.5866056,-42.4284824],[-64.5857585,-42.4282122],[-64.584986,-42.428133],[-64.5843422,-42.4279192],[-64.5839238,-42.4277053],[-64.5836181,-42.4275509],[-64.5828724,-42.4269728],[-64.5826471,-42.4266917],[-64.5824754,-42.4262442],[-64.5825023,-42.4260225],[-64.5827168,-42.4259354],[-64.582969,-42.4259591],[-64.5829421,-42.4263789],[-64.5830226,-42.4266046],[-64.5833337,-42.4265412],[-64.5834196,-42.4264501],[-64.5836127,-42.4264105],[-64.5838863,-42.4264937],[-64.5841867,-42.4266283],[-64.5844334,-42.4268144],[-64.5846051,-42.4270084],[-64.584927,-42.4273292],[-64.5851523,-42.427349],[-64.5851898,-42.4273609],[-64.585399,-42.4274955],[-64.5857424,-42.4274005],[-64.5859623,-42.4274598],[-64.58619,-42.42755],[-64.5870835,-42.4275311],[-64.5880686,-42.4275309],[-64.5886776,-42.4273383],[-64.5890889,-42.4273791],[-64.5897174,-42.4272737],[-64.5899159,-42.427147],[-64.59005,-42.4269768],[-64.5900285,-42.4268699],[-64.5898247,-42.4267986],[-64.5897549,-42.4267986],[-64.5895404,-42.426759],[-64.5893097,-42.4267867],[-64.5891758,-42.4267662],[-64.5882636,-42.4270124],[-64.5878935,-42.427052],[-64.5875071,-42.4271048],[-64.5854044,-42.4270639],[-64.5849484,-42.4268065],[-64.5845085,-42.4265254],[-64.5841599,-42.4263234],[-64.5835805,-42.4260542],[-64.5831732,-42.4255403],[-64.5827597,-42.4250603],[-64.5827276,-42.4248741],[-64.5826578,-42.4248227],[-64.5825564,-42.4247347],[-64.5823507,-42.4246121],[-64.58162,-42.42466],[-64.5804799,-42.4245376],[-64.5796776,-42.4242034],[-64.5792031,-42.4239198],[-64.5790528,-42.4235846],[-64.578863,-42.4227614],[-64.5790608,-42.4224053],[-64.5790845,-42.4222594],[-64.5785862,-42.4221854],[-64.5782644,-42.4221735],[-64.5780873,-42.4219399],[-64.5777816,-42.4220547],[-64.5774651,-42.4221893],[-64.5762634,-42.4223873],[-64.574798,-42.422487],[-64.5742365,-42.4223469],[-64.5739123,-42.4221835],[-64.5733507,-42.4217923],[-64.57324,-42.4213953],[-64.5731135,-42.4213545],[-64.5729158,-42.4214595],[-64.5729079,-42.4216347],[-64.5729237,-42.4218565],[-64.5728209,-42.422055],[-64.5728525,-42.4223119],[-64.5732084,-42.4226622],[-64.5733507,-42.4233336],[-64.5735705,-42.4236189],[-64.5737422,-42.4237575],[-64.5737797,-42.423904],[-64.5737475,-42.4241059],[-64.5735383,-42.4247078],[-64.5733345,-42.4254562],[-64.5730662,-42.4262442],[-64.5728946,-42.4268976],[-64.5729268,-42.4272302],[-64.5728356,-42.42744],[-64.5726103,-42.4277608],[-64.5724708,-42.4280221],[-64.5722991,-42.4281963],[-64.5716071,-42.4285765],[-64.5707864,-42.4290595],[-64.5702338,-42.4293169],[-64.569279,-42.429792],[-64.567278,-42.4305087],[-64.5661086,-42.4308571],[-64.5652396,-42.4311026],[-64.5622408,-42.4316767],[-64.5599932,-42.4320093],[-64.5586842,-42.4321954],[-64.5571929,-42.4322508],[-64.5554763,-42.4319697],[-64.554677,-42.4314867],[-64.5543069,-42.431166],[-64.5540226,-42.4309442],[-64.5535934,-42.4304295],[-64.5527351,-42.4298396],[-64.5522845,-42.429598],[-64.5519573,-42.4294674],[-64.5516139,-42.4293842],[-64.550761,-42.4290754],[-64.55019,-42.4288101],[-64.5495647,-42.4284418],[-64.5492697,-42.428228],[-64.5489585,-42.4278439],[-64.5486689,-42.4276855],[-64.5481539,-42.4275509],[-64.54773,-42.42744],[-64.5471668,-42.4270164],[-64.5468557,-42.4269055],[-64.5459801,-42.4266999],[-64.5449728,-42.4266046],[-64.5442808,-42.426462],[-64.5427734,-42.4260304],[-64.542473,-42.4256186],[-64.542253,-42.4253097],[-64.5421189,-42.4251315],[-64.542194,-42.4247039],[-64.542076,-42.4240149],[-64.5419687,-42.423706],[-64.5419151,-42.4232862],[-64.5419848,-42.4230407],[-64.5417219,-42.4227833],[-64.5413733,-42.421924],[-64.5411909,-42.4211241],[-64.5412552,-42.4209102],[-64.5414805,-42.4206726],[-64.54162,-42.4203994],[-64.5416361,-42.4198093],[-64.5414645,-42.4195678],[-64.541266,-42.4194569],[-64.5409924,-42.4193896],[-64.54061,-42.4194501],[-64.5401931,-42.4194014],[-64.5399302,-42.4194886],[-64.5396674,-42.4197618],[-64.5398176,-42.4199598],[-64.540177,-42.4202014],[-64.5404989,-42.4205182],[-64.5407242,-42.4210766],[-64.5406812,-42.4213459],[-64.5405632,-42.421631],[-64.5403916,-42.4217973],[-64.5401824,-42.4219478],[-64.5401287,-42.4221418],[-64.5399088,-42.4222685],[-64.5394152,-42.4224982],[-64.5389807,-42.4229615],[-64.5388842,-42.4235674],[-64.5387876,-42.4238367],[-64.5386052,-42.4242049],[-64.5383102,-42.4245851],[-64.5380795,-42.4248029],[-64.5378327,-42.4250603],[-64.5369208,-42.4256107],[-64.5357353,-42.4261413],[-64.5346195,-42.4264937],[-64.5331711,-42.4269332],[-64.5306927,-42.4276341],[-64.5292443,-42.4279746],[-64.5275223,-42.4282993],[-64.5266104,-42.428323],[-64.52528,-42.428327],[-64.5240301,-42.4282834],[-64.5230161,-42.4282809],[-64.5208812,-42.4282755],[-64.5191324,-42.4283112],[-64.5188963,-42.4283072],[-64.5166487,-42.4283587],[-64.5160265,-42.4283497],[-64.5158225,-42.4283468],[-64.5154256,-42.4284102],[-64.5145083,-42.4286556],[-64.5142669,-42.4287111],[-64.513076,-42.4290674],[-64.511987,-42.4293644],[-64.5117402,-42.4295149],[-64.5114023,-42.4295782],[-64.5106121,-42.4296998],[-64.5095998,-42.4299346],[-64.5085966,-42.4301801],[-64.5078242,-42.4303622],[-64.5069927,-42.4304453],[-64.5058716,-42.4305562],[-64.5050722,-42.4306314],[-64.5025724,-42.4307344],[-64.5010221,-42.4307067],[-64.4984955,-42.4305245],[-64.4958347,-42.4302513],[-64.4951558,-42.430103],[-64.4937319,-42.429792],[-64.4926982,-42.42938],[-64.4923157,-42.4292337],[-64.492,-42.42907],[-64.4914359,-42.4283112],[-64.4912159,-42.4278479],[-64.4911033,-42.4275034],[-64.4910014,-42.4272817],[-64.4909585,-42.4270758],[-64.4910657,-42.4266798],[-64.4913822,-42.4260779],[-64.4914466,-42.4256859],[-64.4914895,-42.4254721],[-64.4915539,-42.4250167],[-64.4915271,-42.4240822],[-64.4914949,-42.4238644],[-64.4915056,-42.4236307],[-64.4914198,-42.4235476],[-64.4914788,-42.4232981],[-64.4914949,-42.4229813],[-64.4914144,-42.4226883],[-64.4915754,-42.4224903],[-64.4914842,-42.4222963],[-64.4914573,-42.422122],[-64.4916505,-42.4217933],[-64.4917685,-42.4214845],[-64.4913983,-42.4211756],[-64.491173,-42.420831],[-64.4911462,-42.4205816],[-64.4907719,-42.4200397],[-64.4901645,-42.4195321],[-64.4898176,-42.4192569],[-64.4891614,-42.4188074],[-64.488743,-42.4186094],[-64.4884157,-42.418554],[-64.4880348,-42.4184035],[-64.4877852,-42.4183306],[-64.4872356,-42.4180431],[-64.487096,-42.4177696],[-64.4869834,-42.4174768],[-64.4868309,-42.4171304],[-64.4864068,-42.4168694],[-64.4862485,-42.416261],[-64.4861519,-42.4160669],[-64.486124,-42.4160605],[-64.4858998,-42.4158491],[-64.4855762,-42.4156822],[-64.4853419,-42.4156352],[-64.4850999,-42.4158199],[-64.4843173,-42.4165025],[-64.4839364,-42.4170491],[-64.4834912,-42.417354],[-64.4829494,-42.4175362],[-64.4829547,-42.4176669],[-64.4828957,-42.4178015],[-64.4826329,-42.4179599],[-64.4823378,-42.418154],[-64.4823003,-42.4184352],[-64.4823539,-42.4187678],[-64.4824505,-42.4189539],[-64.4824183,-42.4191718],[-64.4822466,-42.4194846],[-64.4821554,-42.4196311],[-64.4821072,-42.4198291],[-64.4821018,-42.4200271],[-64.4820267,-42.4203519],[-64.4819194,-42.420542],[-64.4819731,-42.4210528],[-64.482252,-42.4219359],[-64.4824076,-42.4220824],[-64.4825041,-42.422324],[-64.4826222,-42.4226012],[-64.4826973,-42.4228586],[-64.4828099,-42.4232268],[-64.4829869,-42.4235436],[-64.4834805,-42.4241376],[-64.4839847,-42.4244623],[-64.4841778,-42.4246286],[-64.484387,-42.4248227],[-64.4844353,-42.4249375],[-64.4847786,-42.4252384],[-64.4852829,-42.4261175],[-64.4852615,-42.4266798],[-64.485637,-42.4269886],[-64.4858837,-42.4274163],[-64.4861627,-42.4278994],[-64.4861949,-42.4285963],[-64.4862163,-42.4291348],[-64.4859481,-42.4301325],[-64.4857657,-42.4307027],[-64.4856799,-42.4311224],[-64.485594,-42.431748],[-64.4852615,-42.4323894],[-64.4847357,-42.4330467],[-64.4839847,-42.4335297],[-64.483738,-42.4338623],[-64.4822252,-42.4348837],[-64.4806159,-42.435826],[-64.4800687,-42.4361269],[-64.4800365,-42.4362694],[-64.4798112,-42.4367445],[-64.4804442,-42.4366574],[-64.4810772,-42.4364912],[-64.4814742,-42.4363645],[-64.4818175,-42.4361507],[-64.4823539,-42.435826],[-64.4828689,-42.4357152],[-64.4834805,-42.4354301],[-64.4838667,-42.4353588],[-64.4840276,-42.4357944],[-64.4836414,-42.4362457],[-64.4833946,-42.4364595],[-64.4826758,-42.4369108],[-64.4814205,-42.4376076],[-64.4808626,-42.4378927],[-64.4798434,-42.4383281],[-64.478631,-42.4388428],[-64.4773865,-42.4392229],[-64.4768715,-42.4394604],[-64.4763243,-42.4397375],[-64.4755626,-42.4400463],[-64.4748116,-42.4401255],[-64.4741893,-42.4400226],[-64.473846,-42.4398167],[-64.4737387,-42.4396267],[-64.4738031,-42.4394525],[-64.4747794,-42.4390566],[-64.4744629,-42.4390012],[-64.4743502,-42.439013],[-64.4737601,-42.4390803],[-64.4733149,-42.439116],[-64.4730949,-42.4390526],[-64.4730896,-42.4388943],[-64.4733095,-42.4387478],[-64.4735885,-42.4386924],[-64.4740015,-42.4386488],[-64.474538,-42.438633],[-64.4747237,-42.4383598],[-64.4742868,-42.4383674],[-64.4737783,-42.4383786],[-64.4729434,-42.4384082],[-64.4720821,-42.4384308],[-64.4703913,-42.4385578],[-64.4697046,-42.4386251],[-64.4689536,-42.4387834],[-64.4681811,-42.4388864],[-64.4672531,-42.4389774],[-64.4669376,-42.4389534],[-64.4661856,-42.4387438],[-64.4657832,-42.4383677],[-64.4654453,-42.4381896],[-64.4649635,-42.4379795],[-64.4643188,-42.4377976],[-64.4631869,-42.4378412],[-64.462747,-42.4377541],[-64.4625914,-42.4376591],[-64.4625378,-42.4376036],[-64.4619852,-42.4376353],[-64.4606227,-42.4379164],[-64.459936,-42.4379402],[-64.4579405,-42.4377303],[-64.4575113,-42.4375601],[-64.4570768,-42.4374968],[-64.456594,-42.4374532],[-64.4554836,-42.4371879],[-64.4541955,-42.4364318],[-64.4536436,-42.4359369],[-64.45301,-42.43612],[-64.4523937,-42.4360042],[-64.4522971,-42.4361784],[-64.4524258,-42.4364318],[-64.4524849,-42.4367168],[-64.4524151,-42.4369781],[-64.4522595,-42.4371127],[-64.452104,-42.4371959],[-64.4520503,-42.4375403],[-64.4515675,-42.4379441],[-64.4512028,-42.43815],[-64.4507468,-42.4383875],[-64.4504356,-42.4385459],[-64.4496042,-42.4388309],[-64.447614,-42.4393693],[-64.4460958,-42.4396108],[-64.4440466,-42.4398602],[-64.4428343,-42.4399157],[-64.4405598,-42.4400859],[-64.4373518,-42.4400701],[-64.43416,-42.4400701],[-64.4320625,-42.4400226],[-64.4303888,-42.4400701],[-64.4285113,-42.4400701],[-64.4251907,-42.4399988],[-64.4237584,-42.4398642],[-64.4227552,-42.439496],[-64.4219613,-42.4388111],[-64.4216716,-42.4386924],[-64.4214517,-42.4386686],[-64.4212318,-42.438344],[-64.4212103,-42.437952],[-64.421162,-42.4376789],[-64.421044,-42.4373978],[-64.420985,-42.4372434],[-64.4204485,-42.4371642],[-64.4202393,-42.4368593],[-64.4200784,-42.4367327],[-64.419837,-42.4367168],[-64.4196063,-42.4366812],[-64.4194186,-42.4365505],[-64.4194078,-42.4364041],[-64.419263,-42.4362338],[-64.4190002,-42.4361982],[-64.4189143,-42.4360992],[-64.4189358,-42.435925],[-64.4187212,-42.4359171],[-64.4185549,-42.4358221],[-64.4184852,-42.4356241],[-64.4182599,-42.4354816],[-64.4176161,-42.4353153],[-64.4175357,-42.4350342],[-64.4175035,-42.4347491],[-64.4173157,-42.4345195],[-64.4170153,-42.4341671],[-64.4166988,-42.4337791],[-64.4167739,-42.4335772],[-64.4168007,-42.4333832],[-64.4167203,-42.433205],[-64.4165969,-42.43311],[-64.416436,-42.4330704],[-64.416275,-42.4331338],[-64.41586,-42.43312],[-64.4148105,-42.4330981],[-64.4140542,-42.4330071],[-64.4136411,-42.4329794],[-64.4126755,-42.4329002],[-64.4123107,-42.4328131],[-64.4117768,-42.432674],[-64.4109507,-42.4321989],[-64.4109829,-42.4318347],[-64.4107469,-42.4315258],[-64.4106446,-42.4310589],[-64.4107454,-42.430848],[-64.4107694,-42.4306744],[-64.4107262,-42.4306212],[-64.4107694,-42.4304865],[-64.4108942,-42.430343],[-64.4109735,-42.4301658],[-64.4109086,-42.430102],[-64.4109543,-42.4300046],[-64.4108542,-42.4298945],[-64.4110839,-42.429737],[-64.4109543,-42.4295882],[-64.410875,-42.4294358],[-64.4108342,-42.4295084],[-64.4106974,-42.4294446],[-64.410851,-42.4294057],[-64.4107934,-42.4293472],[-64.4105967,-42.4293006],[-64.4105426,-42.4291862],[-64.4104658,-42.4290834],[-64.4104285,-42.4292037],[-64.4104885,-42.4292905],[-64.4105485,-42.4296272],[-64.4105887,-42.4299148],[-64.4104546,-42.4302989],[-64.4098753,-42.4306235],[-64.4093227,-42.4308413],[-64.4087917,-42.4310868],[-64.4076677,-42.4312566],[-64.4068605,-42.4313481],[-64.4060691,-42.431415],[-64.404586,-42.4313956],[-64.4035049,-42.4312724],[-64.4021505,-42.4305325],[-64.4017857,-42.4302751],[-64.4016302,-42.4301524],[-64.4010133,-42.429994],[-64.4005867,-42.4299262],[-64.3998706,-42.4301128],[-64.3985939,-42.4303384],[-64.3971723,-42.4304018],[-64.3954986,-42.430283],[-64.3947824,-42.4303538],[-64.3937953,-42.4303142],[-64.3931222,-42.4301167],[-64.3926609,-42.4299742],[-64.3927467,-42.429994],[-64.3926501,-42.4297287],[-64.3921673,-42.4294476],[-64.3918777,-42.4294317],[-64.39153,-42.42944],[-64.3901074,-42.4295386],[-64.3890184,-42.429499],[-64.3881655,-42.429507],[-64.3869585,-42.429503],[-64.3863201,-42.4293802],[-64.3859392,-42.4293525],[-64.3853921,-42.4293129],[-64.3842499,-42.4292699],[-64.3835735,-42.4291823],[-64.3830586,-42.4290754],[-64.3825543,-42.4289447],[-64.3820286,-42.4288259],[-64.3813366,-42.4287428],[-64.3810576,-42.4286438],[-64.3807036,-42.4285171],[-64.3799365,-42.4281132],[-64.3798667,-42.4276974],[-64.3798292,-42.4274678],[-64.3797004,-42.4272025],[-64.3796039,-42.4270916],[-64.3792176,-42.426953],[-64.37865,-42.42677],[-64.3783164,-42.4266046],[-64.3779892,-42.4258997],[-64.377898,-42.4255829],[-64.3778712,-42.4253216],[-64.3777639,-42.4251672],[-64.3776995,-42.4249058],[-64.3774742,-42.4247553],[-64.3772221,-42.4247355],[-64.3769109,-42.4249058],[-64.3758541,-42.4246445],[-64.3746579,-42.424399],[-64.3741053,-42.4243712],[-64.3737191,-42.4243158],[-64.3729305,-42.424003],[-64.3726409,-42.4238446],[-64.372083,-42.423706],[-64.3718523,-42.423706],[-64.3715358,-42.4237971],[-64.3703932,-42.4233773],[-64.3701893,-42.4229457],[-64.3700552,-42.4228308],[-64.3698299,-42.4227239],[-64.3694919,-42.4226368],[-64.368816,-42.4226685],[-64.3686605,-42.4228942],[-64.3686014,-42.4232348],[-64.3685532,-42.4232862],[-64.3684298,-42.4236505],[-64.3681186,-42.4242485],[-64.3679953,-42.4244544],[-64.3677753,-42.4246445],[-64.3672603,-42.4249929],[-64.3669814,-42.4252464],[-64.3665683,-42.4254721],[-64.3655974,-42.4258839],[-64.3653667,-42.4259156],[-64.3651575,-42.4259987],[-64.365018,-42.426066],[-64.3643314,-42.4263115],[-64.3637735,-42.4264541],[-64.3631619,-42.4265135],[-64.3630278,-42.4265095],[-64.3620944,-42.4264541],[-64.3617404,-42.4264501],[-64.3614185,-42.4264858],[-64.3609572,-42.4266283],[-64.360823,-42.4267788],[-64.3606836,-42.4269372],[-64.3603724,-42.4270599],[-64.3600559,-42.4270718],[-64.3595892,-42.4269649],[-64.3593746,-42.4269055],[-64.3589616,-42.4269213],[-64.3587631,-42.4269491],[-64.3579531,-42.4270243],[-64.3573147,-42.4271035],[-64.356274,-42.4270678],[-64.353978,-42.4267075],[-64.3525082,-42.4264264],[-64.3514139,-42.4261967],[-64.350872,-42.4259829],[-64.3504804,-42.4257651],[-64.349708,-42.4251988],[-64.3490481,-42.4248781],[-64.34847,-42.42456],[-64.3480611,-42.424292],[-64.3476695,-42.4241495],[-64.3472618,-42.4239753],[-64.3463874,-42.4239911],[-64.3458456,-42.4239911],[-64.3452823,-42.4239594],[-64.3449122,-42.4239],[-64.3430185,-42.4233773],[-64.3416131,-42.4228546],[-64.3395639,-42.4222646],[-64.3382978,-42.4218646],[-64.3370909,-42.4214647],[-64.3357551,-42.4208588],[-64.334473,-42.4202727],[-64.332751,-42.4192866],[-64.3319035,-42.4187084],[-64.3308681,-42.4178847],[-64.3306965,-42.4170689],[-64.3308467,-42.4167045],[-64.3309379,-42.4162887],[-64.3310076,-42.4161897],[-64.3312383,-42.4160629],[-64.3313402,-42.4159521],[-64.3315226,-42.415659],[-64.3317103,-42.4155204],[-64.331941,-42.4154016],[-64.3321717,-42.415259],[-64.3321985,-42.4152273],[-64.3318391,-42.4148471],[-64.3312973,-42.4146491],[-64.3306053,-42.414653],[-64.3301117,-42.4146412],[-64.329527,-42.4145778],[-64.3290603,-42.4145065],[-64.3285453,-42.4142649],[-64.3282342,-42.4141223],[-64.3280518,-42.4139639],[-64.3281913,-42.4137342],[-64.3281698,-42.4135995],[-64.3278855,-42.4134451],[-64.327746,-42.4132669],[-64.3278265,-42.4130094],[-64.3279445,-42.4128272],[-64.3280196,-42.4126609],[-64.3280679,-42.4125183],[-64.3280304,-42.4123638],[-64.3277997,-42.4123084],[-64.327569,-42.412348],[-64.3268824,-42.4123322],[-64.326421,-42.4123361],[-64.3259651,-42.4123322],[-64.3256003,-42.412245],[-64.3254769,-42.4121698],[-64.3248278,-42.412249],[-64.3240607,-42.4122767],[-64.3236423,-42.4121302],[-64.3232185,-42.4119836],[-64.3227947,-42.411841],[-64.3227518,-42.4118173],[-64.3216682,-42.4117896],[-64.3211103,-42.4118292],[-64.3206114,-42.4121658],[-64.3201017,-42.4123163],[-64.3199462,-42.4127203],[-64.3199194,-42.4129777],[-64.3197155,-42.4131876],[-64.3189806,-42.4132629],[-64.3178165,-42.413255],[-64.3166685,-42.4130371],[-64.3136108,-42.412043],[-64.3115777,-42.4112153],[-64.309566,-42.4099201],[-64.309271,-42.4094725],[-64.3090296,-42.4090369],[-64.3087184,-42.4086527],[-64.307844,-42.4077535],[-64.3074524,-42.4070525],[-64.3071574,-42.4066841],[-64.3066746,-42.4061058],[-64.3064708,-42.4059632],[-64.3062186,-42.405674],[-64.3056929,-42.4053453],[-64.305355,-42.4052542],[-64.3051243,-42.4051116],[-64.3047434,-42.4049927],[-64.3044537,-42.4049175],[-64.3039548,-42.4048977],[-64.3034077,-42.4048224],[-64.3027639,-42.4045808],[-64.3020612,-42.4046085],[-64.3016911,-42.4046244],[-64.3014175,-42.4044025],[-64.3012404,-42.4042124],[-64.3011332,-42.4041728],[-64.3003285,-42.4041451],[-64.3000066,-42.4042837],[-64.2995828,-42.4045689],[-64.2994273,-42.4049056],[-64.2991376,-42.4055433],[-64.2989123,-42.4058087],[-64.298467,-42.4061137],[-64.2981988,-42.4064108],[-64.2977053,-42.4067673],[-64.2974961,-42.4071396],[-64.2974049,-42.407508],[-64.2972279,-42.4081377],[-64.2970616,-42.4084665],[-64.2966539,-42.40872],[-64.2962354,-42.4091002],[-64.2959887,-42.4094607],[-64.2958599,-42.40973],[-64.2956454,-42.4103479],[-64.2955327,-42.4106014],[-64.2953664,-42.4108192],[-64.2952001,-42.4110529],[-64.2950016,-42.411136],[-64.2946208,-42.411441],[-64.2944598,-42.4117381],[-64.2943847,-42.411793],[-64.2944061,-42.412197],[-64.2943525,-42.4125772],[-64.2941701,-42.4131555],[-64.2937088,-42.4137337],[-64.2934138,-42.4138372],[-64.29316,-42.4137801],[-64.2929685,-42.4140273],[-64.2928237,-42.414158],[-64.2926788,-42.414352],[-64.2925286,-42.4145619],[-64.2923999,-42.4147793],[-64.291445,-42.4150882],[-64.2905116,-42.4152387],[-64.2890739,-42.415302],[-64.2873895,-42.415405],[-64.2859411,-42.4153654],[-64.2844391,-42.4153971],[-64.2836129,-42.4154288],[-64.2827975,-42.4151674],[-64.2820036,-42.4151357],[-64.2817011,-42.4152846],[-64.2814564,-42.415405],[-64.2814484,-42.4155738],[-64.2811078,-42.4158709],[-64.2808127,-42.4159402],[-64.2805177,-42.4159481],[-64.2802978,-42.4158709],[-64.2801744,-42.4158016],[-64.2799893,-42.4156748],[-64.2798391,-42.4156649],[-64.279536,-42.4157679],[-64.2794582,-42.4157679],[-64.279182,-42.415754],[-64.2788842,-42.4158055],[-64.2786965,-42.41576],[-64.2784631,-42.4157837],[-64.2781922,-42.415859],[-64.2779991,-42.4158709],[-64.2778248,-42.4158233],[-64.277629,-42.4158649],[-64.2774439,-42.4158313],[-64.2773044,-42.4157936],[-64.2770228,-42.4158392],[-64.2768565,-42.4158827],[-64.2765158,-42.4158827],[-64.2761081,-42.4159936],[-64.2757809,-42.4158709],[-64.2747912,-42.4158035],[-64.2740616,-42.4157719],[-64.2738551,-42.4157085],[-64.2731711,-42.4157006],[-64.2725167,-42.4155758],[-64.2720848,-42.4155105],[-64.271881,-42.4155224],[-64.270615,-42.4153936],[-64.2699364,-42.4153184],[-64.2695716,-42.4152313],[-64.269467,-42.4151976],[-64.2689386,-42.4151679],[-64.2686006,-42.4151501],[-64.2683619,-42.4151303],[-64.2682895,-42.4150511],[-64.2681849,-42.4149719],[-64.2679998,-42.414962],[-64.2675009,-42.414954],[-64.2672408,-42.4148431],[-64.2670476,-42.4147877],[-64.2668062,-42.4147837],[-64.2666051,-42.4146966],[-64.2664254,-42.4146253],[-64.2663717,-42.4145897],[-64.2660686,-42.4145144],[-64.2659023,-42.4145164],[-64.2657441,-42.4145837],[-64.2655563,-42.4147481],[-64.2653498,-42.4149679],[-64.2651594,-42.4150748],[-64.2650226,-42.4151322],[-64.2648777,-42.4151976],[-64.2644754,-42.4153857],[-64.2640168,-42.4154491],[-64.2638129,-42.4155243],[-64.2636788,-42.4156511],[-64.2635661,-42.4157699],[-64.2633542,-42.4159006],[-64.2631397,-42.4160313],[-64.2629573,-42.416055],[-64.2625952,-42.4161461],[-64.262225,-42.4163362],[-64.2620426,-42.416356],[-64.2617744,-42.4163996],[-64.2615464,-42.4165263],[-64.261364,-42.4165877],[-64.2611763,-42.4165659],[-64.2610234,-42.416653],[-64.2608812,-42.4167362],[-64.2604467,-42.4168154],[-64.2599699,-42.41684],[-64.2584619,-42.4166689],[-64.2581105,-42.4166293],[-64.2578048,-42.4165679],[-64.2577055,-42.4165758],[-64.2567694,-42.4164174],[-64.2562625,-42.4163441],[-64.2557475,-42.4162966],[-64.255482,-42.4162471],[-64.2549294,-42.4161322],[-64.2545378,-42.4160392],[-64.2541006,-42.4159778],[-64.2538297,-42.4158649],[-64.2536902,-42.4157818],[-64.2534006,-42.4156293],[-64.2532557,-42.4156273],[-64.2531538,-42.4157045],[-64.2530787,-42.4158115],[-64.2530412,-42.4159204],[-64.252899,-42.4159897],[-64.25273,-42.4159897],[-64.2525476,-42.4160134],[-64.2523813,-42.4160867],[-64.2521694,-42.4161223],[-64.2515525,-42.4161184],[-64.2512253,-42.4161006],[-64.2508632,-42.4160788],[-64.2501014,-42.4158887],[-64.2488945,-42.415659],[-64.2486316,-42.4156016],[-64.2482883,-42.4155164],[-64.2478833,-42.4154827],[-64.2477492,-42.4154134],[-64.2476258,-42.4152808],[-64.2475292,-42.4150689],[-64.2475131,-42.414954],[-64.2473951,-42.4148887],[-64.2471778,-42.4148491],[-64.2470008,-42.4149461],[-64.2469364,-42.4151144],[-64.2469069,-42.4152075],[-64.2468721,-42.4153223],[-64.2467192,-42.4153798],[-64.2466199,-42.4154075],[-64.246392,-42.4155184],[-64.2461452,-42.415661],[-64.2459333,-42.4158095],[-64.245826,-42.4159105],[-64.2456007,-42.4160392],[-64.2455363,-42.416156],[-64.245185,-42.4163798],[-64.2450294,-42.4165362],[-64.2448604,-42.4166907],[-64.2446753,-42.4168194],[-64.2445251,-42.4169065],[-64.2441604,-42.4171263],[-64.2430714,-42.4173916],[-64.2426449,-42.4174847],[-64.2423096,-42.4175877],[-64.2421004,-42.417659],[-64.2416149,-42.4178827],[-64.2413306,-42.417952],[-64.2411509,-42.4179797],[-64.2409739,-42.4180431],[-64.2408559,-42.4181401],[-64.2406467,-42.4182312],[-64.2404428,-42.4182649],[-64.2403784,-42.41835],[-64.2398474,-42.4184589],[-64.2395201,-42.418455],[-64.2394745,-42.418449],[-64.2390025,-42.4184431],[-64.2378679,-42.418255],[-64.2372108,-42.4182154],[-64.2368889,-42.4181619],[-64.235816,-42.4180886],[-64.2355102,-42.418053],[-64.235242,-42.4180431],[-64.2349577,-42.4180926],[-64.2346519,-42.4181401],[-64.2340109,-42.4183401],[-64.2334476,-42.4185599],[-64.2328227,-42.4186866],[-64.2325062,-42.4187183],[-64.2317578,-42.4187064],[-64.2309183,-42.4185856],[-64.2303953,-42.4184352],[-64.2293036,-42.4180985],[-64.2288449,-42.4180094],[-64.2284024,-42.4179124],[-64.2280296,-42.4177659],[-64.2272222,-42.4175698],[-64.2269003,-42.4175461],[-64.2266026,-42.4175342],[-64.2263022,-42.4175421],[-64.226152,-42.4176035],[-64.2259938,-42.4177085],[-64.2258516,-42.4178094],[-64.2257336,-42.4178391],[-64.2251864,-42.4178688],[-64.2248994,-42.4178411],[-64.2246151,-42.4177936],[-64.2243844,-42.4177362],[-64.2242825,-42.4177184],[-64.2237836,-42.4177679],[-64.2235181,-42.4178946],[-64.2233384,-42.4180015],[-64.2231426,-42.4180906],[-64.2228717,-42.4181639],[-64.2226839,-42.4181896],[-64.2224935,-42.4181698],[-64.2222896,-42.4181005],[-64.2222279,-42.4180649],[-64.2217827,-42.4181956],[-64.2216191,-42.4182985],[-64.2214581,-42.4183817],[-64.2213428,-42.4184391],[-64.2212248,-42.4184728],[-64.2212275,-42.4187163],[-64.2208841,-42.4190846],[-64.2207018,-42.4192272],[-64.2204604,-42.4193282],[-64.2202914,-42.4194113],[-64.2201975,-42.4194787],[-64.2200822,-42.4197282],[-64.2201358,-42.4199301],[-64.2201626,-42.4200588],[-64.2201278,-42.4202964],[-64.219999,-42.4204826],[-64.2199373,-42.4206033],[-64.2194036,-42.4209795],[-64.2189422,-42.4211993],[-64.218733,-42.4212924],[-64.2181499,-42.42153],[-64.2175394,-42.4217518],[-64.2164263,-42.4219953],[-64.2155948,-42.422122],[-64.2146668,-42.4222428],[-64.2138997,-42.4222903],[-64.2129985,-42.4223062],[-64.2122903,-42.422223],[-64.211129,-42.4220606],[-64.2095974,-42.4218092],[-64.207567,-42.4214211],[-64.2032647,-42.4204073],[-64.2021489,-42.4199044],[-64.2013013,-42.4196866],[-64.2011243,-42.4196113],[-64.1995311,-42.4192351],[-64.1992039,-42.4189183],[-64.1990912,-42.418653],[-64.1989034,-42.4184668],[-64.1985709,-42.4183837],[-64.1984904,-42.4181975],[-64.1983455,-42.4179441],[-64.1982329,-42.4177976],[-64.1978574,-42.4176431],[-64.197337,-42.4177184],[-64.1970366,-42.4178728],[-64.1965377,-42.4180114],[-64.1959316,-42.4181183],[-64.1953898,-42.4180787],[-64.1952932,-42.4178886],[-64.1949499,-42.4177896],[-64.1944939,-42.4176471],[-64.1939628,-42.417354],[-64.1935927,-42.4168194],[-64.1934103,-42.4166412],[-64.1930455,-42.4165857],[-64.1924822,-42.4163718],[-64.1922677,-42.4161738],[-64.1918385,-42.4160471],[-64.1917259,-42.4159956],[-64.1911197,-42.4158649],[-64.1908193,-42.415956],[-64.1905993,-42.4159441],[-64.1903311,-42.4159798],[-64.1902667,-42.4160154],[-64.1903848,-42.416455],[-64.1905725,-42.4165897],[-64.1906315,-42.4168075],[-64.1904867,-42.4170649],[-64.1906208,-42.4174728],[-64.1906101,-42.4178966],[-64.1904974,-42.4184035],[-64.1902185,-42.4186886],[-64.1896981,-42.4190609],[-64.1890115,-42.4192787],[-64.188636,-42.4193618],[-64.1883409,-42.4194846],[-64.1879922,-42.4196589],[-64.1877025,-42.4197024],[-64.1874343,-42.4197301],[-64.1870534,-42.41994],[-64.1868603,-42.4199598],[-64.1864687,-42.4198489],[-64.1862273,-42.4199559],[-64.1859216,-42.4199361],[-64.1856426,-42.4198093],[-64.1852295,-42.4196589],[-64.1849774,-42.4196905],[-64.1840601,-42.4195638],[-64.1836309,-42.4195638],[-64.1832179,-42.4194886],[-64.1830516,-42.4192826],[-64.182896,-42.4191124],[-64.1827029,-42.4190292],[-64.1823113,-42.4190094],[-64.1813135,-42.4189658],[-64.1811526,-42.4188233],[-64.1809595,-42.4186609],[-64.1803801,-42.4183401],[-64.1802567,-42.4183837],[-64.1795647,-42.4188153],[-64.178406,-42.4191876],[-64.1772299,-42.41952],[-64.1760188,-42.4196707],[-64.1743022,-42.4195757],[-64.1728699,-42.4193618],[-64.1721457,-42.4191995],[-64.1718453,-42.4190886],[-64.1715503,-42.4189579],[-64.1711158,-42.4189975],[-64.1708368,-42.4189856],[-64.1701341,-42.4189143],[-64.1701502,-42.4190886],[-64.1703755,-42.4193341],[-64.1705149,-42.4195915],[-64.1704989,-42.4198054],[-64.170472,-42.4200588],[-64.1703433,-42.420245],[-64.1699249,-42.4206014],[-64.1693777,-42.4210092],[-64.1685516,-42.4213934],[-64.1673875,-42.4216983],[-64.1667491,-42.4218369],[-64.1655,-42.42195],[-64.1643888,-42.4218646],[-64.1633642,-42.421631],[-64.1628921,-42.4215914],[-64.162522,-42.4216151],[-64.1621518,-42.4216864],[-64.1619372,-42.421726],[-64.1614759,-42.422225],[-64.160564,-42.4226645],[-64.1599792,-42.4228586],[-64.1589493,-42.4230447],[-64.1572326,-42.4231318],[-64.15528,-42.4230922],[-64.1535527,-42.4230882],[-64.1526943,-42.4230249],[-64.1516268,-42.4230447],[-64.1508597,-42.4230526],[-64.1504198,-42.4229694],[-64.1500014,-42.4229496],[-64.1495991,-42.423009],[-64.1491914,-42.4231476],[-64.148553,-42.4235436],[-64.1481614,-42.4237218],[-64.1475391,-42.4239475],[-64.1471475,-42.4241337],[-64.1465575,-42.4243],[-64.1463161,-42.4243396],[-64.1457045,-42.4244623],[-64.145447,-42.4244465],[-64.1451573,-42.4244108],[-64.144873,-42.4245534],[-64.1444814,-42.4248662],[-64.1441381,-42.4251197],[-64.14343,-42.4254602],[-64.1429955,-42.4255275],[-64.1422445,-42.4255513],[-64.1418368,-42.4254602],[-64.1414988,-42.4253493],[-64.141252,-42.4255671],[-64.1413325,-42.4258799],[-64.141472,-42.4260304],[-64.1415632,-42.4263155],[-64.1414613,-42.4265887],[-64.1413164,-42.4267431],[-64.1410911,-42.4272341],[-64.1409892,-42.4275549],[-64.1408551,-42.4277925],[-64.1405761,-42.4280498],[-64.140265,-42.4282161],[-64.1396803,-42.4283745],[-64.1382372,-42.4285171],[-64.1366118,-42.4286002],[-64.1360539,-42.42862],[-64.1356301,-42.42862],[-64.135142,-42.4286438],[-64.1345948,-42.4287507],[-64.1342729,-42.4288259],[-64.1332644,-42.4289962],[-64.1327977,-42.4291546],[-64.1323632,-42.4292456],[-64.1318429,-42.4292575],[-64.1313332,-42.4291823],[-64.1310436,-42.4291387],[-64.1299063,-42.4290952],[-64.1288924,-42.4289447],[-64.1281253,-42.4287467],[-64.1277713,-42.4286161],[-64.1269988,-42.4282795],[-64.1267145,-42.4281488],[-64.1265053,-42.4281171],[-64.1263282,-42.4281607],[-64.12647,-42.4283699],[-64.1267,-42.4287099],[-64.1268003,-42.4288972],[-64.126972,-42.4290397],[-64.127031,-42.4292219],[-64.1269237,-42.4294159],[-64.1265214,-42.4295941],[-64.1258562,-42.4298079],[-64.125309,-42.4299187],[-64.1246867,-42.4299623],[-64.1238767,-42.4299979],[-64.1225088,-42.4297445],[-64.1214466,-42.4292456],[-64.1206205,-42.428723],[-64.1198802,-42.4282003],[-64.1187859,-42.4271787],[-64.1183138,-42.4269411],[-64.1180563,-42.4263947],[-64.1182602,-42.4258878],[-64.1180349,-42.4256582],[-64.1173482,-42.4253968],[-64.1167045,-42.4250959],[-64.1157818,-42.4247949],[-64.1154814,-42.4246524],[-64.1148806,-42.4239396],[-64.1144621,-42.4234011],[-64.1139364,-42.4229892],[-64.1133463,-42.4227437],[-64.113282,-42.4222448],[-64.1128099,-42.421326],[-64.1118336,-42.4205182],[-64.1110182,-42.4190925],[-64.1101062,-42.4183876],[-64.1089153,-42.4170253],[-64.108454,-42.4163362],[-64.1078425,-42.4158768],[-64.1075742,-42.4157184],[-64.1071701,-42.41521],[-64.1067159,-42.4147045],[-64.10613,-42.4142],[-64.1059005,-42.4134134],[-64.1058898,-42.4130966],[-64.1054607,-42.4123995],[-64.1050315,-42.4119955],[-64.1044843,-42.4116787],[-64.1036399,-42.41088],[-64.1032505,-42.4104429],[-64.1025317,-42.4098805],[-64.1015768,-42.4087952],[-64.1006649,-42.407298],[-64.1002464,-42.4066088],[-64.0999353,-42.4061969],[-64.099431,-42.4054047],[-64.0987229,-42.4045887],[-64.0983689,-42.4043273],[-64.0975535,-42.4039153],[-64.0969401,-42.4038901],[-64.0956223,-42.4032815],[-64.0945602,-42.4028537],[-64.0940559,-42.4025685],[-64.0929723,-42.4015148],[-64.0923901,-42.40098],[-64.0916956,-42.4005562],[-64.0909767,-42.4001125],[-64.0903759,-42.4000412],[-64.0883589,-42.3996768],[-64.0876079,-42.3996371],[-64.0867818,-42.3994153],[-64.0863633,-42.3992806],[-64.08578,-42.3991201],[-64.0848506,-42.3988369],[-64.0842283,-42.3986468],[-64.0833056,-42.3977832],[-64.08246,-42.3974799],[-64.0814281,-42.3962302],[-64.0789712,-42.3937106],[-64.0772867,-42.3920229],[-64.0772116,-42.3917059],[-64.0769863,-42.3912542],[-64.0760958,-42.3912463],[-64.0753234,-42.3911195],[-64.0746474,-42.3909452],[-64.074465,-42.3905569],[-64.0738106,-42.3903271],[-64.0731501,-42.3899901],[-64.0720403,-42.3893366],[-64.0706349,-42.3878548],[-64.0695727,-42.3872288],[-64.0689182,-42.3867216],[-64.0681887,-42.3858658],[-64.0679526,-42.3854458],[-64.0676844,-42.3853111],[-64.0670943,-42.3851684],[-64.0661824,-42.3852714],[-64.0650022,-42.3848435],[-64.064616,-42.384899],[-64.0637577,-42.3850099],[-64.062717,-42.3849624],[-64.0610325,-42.3848911],[-64.0603352,-42.3848594],[-64.05957,-42.38473],[-64.0583503,-42.3837499],[-64.0573526,-42.3830129],[-64.0565801,-42.3827672],[-64.0559793,-42.3823868],[-64.0552497,-42.3814675],[-64.05465,-42.3807999],[-64.0541339,-42.3800013],[-64.0535438,-42.3787412],[-64.0525675,-42.377164],[-64.0510599,-42.37352],[-64.0505076,-42.3716237],[-64.0503359,-42.3695708],[-64.050014,-42.3689763],[-64.0497244,-42.3676367],[-64.049542,-42.3670342],[-64.0493059,-42.3666141],[-64.049145,-42.3661068],[-64.0492737,-42.3656549],[-64.0493167,-42.3652506],[-64.0491557,-42.364886],[-64.0488768,-42.364553],[-64.048233,-42.3637524],[-64.0474284,-42.3629359],[-64.047482,-42.3614851],[-64.0475249,-42.3609064],[-64.0471816,-42.3600026],[-64.04668,-42.3595599],[-64.0459478,-42.3588927],[-64.0452799,-42.3584301],[-64.0447998,-42.3572437],[-64.0441775,-42.356768],[-64.0439308,-42.3562051],[-64.0438771,-42.3558166],[-64.0441668,-42.3551506],[-64.044199,-42.3544609],[-64.0440166,-42.3534222],[-64.0435231,-42.3530179],[-64.0431798,-42.3527324],[-64.0430725,-42.351781],[-64.0424073,-42.3505599],[-64.0420425,-42.3496005],[-64.0419781,-42.3489424],[-64.0419352,-42.3481732],[-64.0421927,-42.3465477],[-64.0430296,-42.344827],[-64.0435445,-42.3441609],[-64.0440059,-42.3430586],[-64.0444887,-42.342559],[-64.044714,-42.3421149],[-64.0453577,-42.3415598],[-64.0461731,-42.3416867],[-64.0466452,-42.3416312],[-64.0472245,-42.3414805],[-64.0477932,-42.3413457],[-64.0487802,-42.3414567],[-64.0490592,-42.3415281],[-64.05019,-42.34183],[-64.0505934,-42.3416867],[-64.0510118,-42.3414409],[-64.0513229,-42.3413933],[-64.0515804,-42.3414964],[-64.0522885,-42.3411792],[-64.0525782,-42.3406161],[-64.0527392,-42.3403862],[-64.0541017,-42.340069],[-64.0544987,-42.3399579],[-64.0551424,-42.3392283],[-64.05568,-42.3392099],[-64.0560651,-42.3385305],[-64.056226,-42.3378167],[-64.0561509,-42.3373091],[-64.056108,-42.3367064],[-64.0561187,-42.3362226],[-64.0572667,-42.3360085],[-64.0576315,-42.3358182],[-64.057771,-42.3355168],[-64.0585435,-42.3348268],[-64.0598631,-42.3345333],[-64.0604639,-42.3343351],[-64.0615261,-42.3337958],[-64.0622664,-42.3335102],[-64.0629315,-42.3333992],[-64.0638328,-42.333423],[-64.0642727,-42.3336213],[-64.0650773,-42.3338989],[-64.066,-42.3337164],[-64.0665364,-42.333542],[-64.0674698,-42.3334706],[-64.0675771,-42.3334547],[-64.0690799,-42.3334399],[-64.0697765,-42.3333913],[-64.0699589,-42.3332644],[-64.0695834,-42.3328202],[-64.0691865,-42.3325585],[-64.0690684,-42.332154],[-64.0692079,-42.331924],[-64.0690148,-42.3317098],[-64.0686822,-42.3315512],[-64.0684354,-42.3312815],[-64.0681082,-42.3308493],[-64.0679151,-42.3306748],[-64.0681458,-42.3303853],[-64.0684247,-42.3299134],[-64.0683228,-42.3295009],[-64.0674484,-42.3296556],[-64.0665418,-42.3301196],[-64.0657586,-42.3305558],[-64.065131,-42.3307065],[-64.0645301,-42.3307581],[-64.0640634,-42.3307739],[-64.0632802,-42.3306748],[-64.0625399,-42.3307581],[-64.0620786,-42.330766],[-64.0609038,-42.330306],[-64.060024,-42.3298023],[-64.05967,-42.3292907],[-64.0593696,-42.3290329],[-64.0588439,-42.3282834],[-64.0585649,-42.3279265],[-64.0580714,-42.3274109],[-64.0581411,-42.3268675],[-64.0581948,-42.326816],[-64.0580338,-42.3265066],[-64.0577817,-42.3262964],[-64.0569234,-42.3260783],[-64.0560114,-42.3259038],[-64.0548044,-42.3261775],[-64.0538603,-42.3264551],[-64.0526104,-42.3262013],[-64.0523797,-42.3257729],[-64.0515429,-42.3253604],[-64.0509499,-42.3248799],[-64.049601,-42.3243015],[-64.0490431,-42.3239445],[-64.0488392,-42.323536],[-64.048925,-42.3229887],[-64.0487373,-42.3226436],[-64.0486193,-42.3222827],[-64.0485066,-42.3216203],[-64.0486461,-42.3211523],[-64.048807,-42.3208905],[-64.0486997,-42.3206129],[-64.0485013,-42.3203431],[-64.0484852,-42.3201845],[-64.048512,-42.3197204],[-64.0484369,-42.3193753],[-64.0483511,-42.3191056],[-64.0482062,-42.3187843],[-64.0482116,-42.3185582],[-64.0483564,-42.3180267],[-64.048056,-42.3176578],[-64.0476751,-42.3173802],[-64.0467954,-42.3173405],[-64.0456206,-42.3168447],[-64.0450251,-42.3162893],[-64.0448374,-42.3160117],[-64.0447033,-42.315734],[-64.0444136,-42.3137506],[-64.0444136,-42.3110849],[-64.0452397,-42.3060704],[-64.0464521,-42.3012777],[-64.0480507,-42.2959053],[-64.049542,-42.2919452],[-64.0516234,-42.2878102],[-64.0537691,-42.2834685],[-64.0568161,-42.2788329],[-64.0599918,-42.2739746],[-64.0607107,-42.2734904],[-64.0612364,-42.2733475],[-64.0627894,-42.2737801],[-64.0630361,-42.27379],[-64.0632829,-42.2737285],[-64.0636316,-42.2734923],[-64.0640795,-42.2731708],[-64.0645033,-42.2727858],[-64.0659249,-42.2711285],[-64.0667108,-42.2703088],[-64.0671507,-42.2698206],[-64.0674672,-42.2694077],[-64.0685669,-42.2679211],[-64.0700716,-42.2660752],[-64.0708441,-42.2651422],[-64.0719974,-42.263856],[-64.0730918,-42.2627642],[-64.0740332,-42.2620238],[-64.0747547,-42.2615712],[-64.0756238,-42.261202],[-64.0764874,-42.2609618],[-64.0769488,-42.2608904],[-64.0773672,-42.2609122],[-64.0777588,-42.2610214],[-64.0781933,-42.2612119],[-64.0786359,-42.2612834],[-64.0789792,-42.261208],[-64.0794137,-42.2609519],[-64.0802023,-42.260275],[-64.0807119,-42.2598283],[-64.0812913,-42.2593142],[-64.0818089,-42.2588258],[-64.0831473,-42.2577003],[-64.084526,-42.2567295],[-64.0849283,-42.2564595],[-64.0855345,-42.2560724],[-64.0858242,-42.2558719],[-64.086138,-42.2556456],[-64.0869319,-42.25505],[-64.088324,-42.2541487],[-64.0901721,-42.2531044],[-64.0904644,-42.253025],[-64.0907058,-42.253017],[-64.0921408,-42.2530309],[-64.0923581,-42.253017],[-64.0925646,-42.2529436],[-64.0930796,-42.2527232],[-64.0940183,-42.2523023],[-64.095102,-42.2518616],[-64.0968078,-42.251266],[-64.0981758,-42.250853],[-64.0994015,-42.2506148],[-64.0999782,-42.2505433],[-64.1004261,-42.2505731],[-64.100984,-42.2507259],[-64.101609,-42.2509046],[-64.1022393,-42.2510654],[-64.103111,-42.2513196],[-64.1037306,-42.2514943],[-64.1042778,-42.2515777],[-64.1047525,-42.2515399],[-64.1053534,-42.2514248],[-64.1062385,-42.2511766],[-64.1066542,-42.2510873],[-64.107078,-42.2510853],[-64.1075179,-42.2511687],[-64.10788,-42.2511349],[-64.1085774,-42.2508212],[-64.1096127,-42.2500668],[-64.1112489,-42.2488835],[-64.1126651,-42.2480535],[-64.114151,-42.247311],[-64.1153741,-42.2468583],[-64.116388,-42.2466279],[-64.1172516,-42.2463341],[-64.1181368,-42.2458695],[-64.1190112,-42.2453175],[-64.1198963,-42.2447258],[-64.1208834,-42.2440586],[-64.1217792,-42.2435066],[-64.1225356,-42.2430817],[-64.1235,-42.2425701],[-64.1246706,-42.2420928],[-64.1258106,-42.241652],[-64.1274601,-42.2410285],[-64.1290373,-42.2404805],[-64.1309953,-42.2399642],[-64.1328031,-42.239575],[-64.1340476,-42.2393883],[-64.1352654,-42.2393327],[-64.1364992,-42.239438],[-64.1373333,-42.2396584],[-64.1379905,-42.2398967],[-64.1384974,-42.2401727],[-64.1387174,-42.2404229],[-64.13883,-42.2406512],[-64.1387925,-42.2408836],[-64.1386074,-42.2411199],[-64.1384491,-42.2413204],[-64.1384223,-42.2415527],[-64.1385001,-42.2418645],[-64.1386476,-42.2421187],[-64.1389775,-42.2424582],[-64.1393101,-42.2428156],[-64.139581,-42.2430797],[-64.1399136,-42.2432445],[-64.1402811,-42.2432743],[-64.1407558,-42.2432008],[-64.1412199,-42.243044],[-64.1417617,-42.2428275],[-64.1425127,-42.2424225],[-64.1449481,-42.2414296],[-64.1466111,-42.2408498],[-64.1475391,-42.2405678],[-64.1482338,-42.2403216],[-64.1488373,-42.2401806],[-64.1494086,-42.2401349],[-64.1499907,-42.2400178],[-64.1508758,-42.2397716],[-64.1522491,-42.2394618],[-64.1535017,-42.2393049],[-64.1546577,-42.2392493],[-64.1558835,-42.2393009],[-64.1569778,-42.2394558],[-64.1578549,-42.2396465],[-64.158842,-42.2399701],[-64.1596466,-42.2403673],[-64.1602796,-42.2409233],[-64.1606015,-42.2412311],[-64.1609931,-42.24166],[-64.1614303,-42.24221],[-64.1619051,-42.2427084],[-64.1621813,-42.2430539],[-64.1626346,-42.2432604],[-64.1636807,-42.243451],[-64.1649789,-42.2435424],[-64.1662878,-42.2436377],[-64.1672587,-42.2438263],[-64.1682136,-42.2441003],[-64.1692811,-42.2444796],[-64.1699678,-42.2448568],[-64.1707242,-42.2451467],[-64.1716898,-42.2453413],[-64.1727948,-42.2453771],[-64.1735619,-42.2452301],[-64.174608,-42.2452063],[-64.1754556,-42.2453334],[-64.1772097,-42.245385],[-64.1782853,-42.2454307],[-64.1791114,-42.245516],[-64.1798383,-42.2456749],[-64.180423,-42.2459568],[-64.1808629,-42.2462785],[-64.1817588,-42.2466359],[-64.1825527,-42.2471204],[-64.1831052,-42.2476604],[-64.1835719,-42.2481091],[-64.1839743,-42.2483355],[-64.1844678,-42.2484347],[-64.1850311,-42.2484347],[-64.1855675,-42.2482561],[-64.1875577,-42.2472236],[-64.1882873,-42.2468086],[-64.1893494,-42.2462666],[-64.1904491,-42.2457464],[-64.1909695,-42.2454446],[-64.192037,-42.2448965],[-64.1929114,-42.2445034],[-64.1939843,-42.2441658],[-64.1945958,-42.2441182],[-64.1951966,-42.2442016],[-64.1957974,-42.2444994],[-64.1964519,-42.2447099],[-64.1969401,-42.2447655],[-64.1975623,-42.244563],[-64.1985172,-42.2441102],[-64.1996223,-42.2435185],[-64.2008373,-42.2429705],[-64.2019987,-42.2425416],[-64.2027283,-42.2423311],[-64.2033345,-42.2422477],[-64.2040962,-42.242208],[-64.2048445,-42.2422378],[-64.205212,-42.2421842],[-64.2056519,-42.242077],[-64.2064056,-42.2419797],[-64.2071298,-42.241926],[-64.2078513,-42.24193],[-64.2086291,-42.2420571],[-64.2094177,-42.2422914],[-64.2100239,-42.2425694],[-64.2104745,-42.2428156],[-64.2107856,-42.2430519],[-64.2110646,-42.2431472],[-64.2113838,-42.243179],[-64.2116976,-42.2431016],[-64.2119551,-42.2430023],[-64.2122608,-42.2429586],[-64.2127919,-42.2430142],[-64.2133713,-42.2431651],[-64.213956,-42.2433835],[-64.214648,-42.2435463],[-64.2151898,-42.2435582],[-64.2156941,-42.2433637],[-64.2160589,-42.2431016],[-64.2169225,-42.2427005],[-64.2182744,-42.2422358],[-64.2194599,-42.2420293],[-64.2208922,-42.2418665],[-64.2226303,-42.2417354],[-64.2234403,-42.2417116],[-64.2244166,-42.241787],[-64.2255539,-42.24193],[-64.2263478,-42.2421326],[-64.2270505,-42.2423311],[-64.2275897,-42.242619],[-64.2280644,-42.2429943],[-64.2283675,-42.2433537],[-64.2285982,-42.2438442],[-64.2287242,-42.2442175],[-64.2289013,-42.2446186],[-64.2290944,-42.2449085],[-64.2293277,-42.2451785],[-64.2296469,-42.2453711],[-64.2298856,-42.2454267],[-64.2301378,-42.245391],[-64.2311034,-42.2451567],[-64.2312348,-42.2450891],[-64.2312965,-42.2449899],[-64.2312992,-42.2448985],[-64.2312509,-42.2448012],[-64.2308164,-42.2445947],[-64.2304784,-42.244416],[-64.2301458,-42.2441321],[-64.2298535,-42.2438561],[-64.2297006,-42.243586],[-64.2295289,-42.2433617],[-64.2292902,-42.2431909],[-64.2291132,-42.243042],[-64.22903,-42.2428653],[-64.229034,-42.2423321],[-64.2290528,-42.242216],[-64.2290984,-42.2421296],[-64.2291923,-42.242075],[-64.2292795,-42.2420124],[-64.2293827,-42.241927],[-64.2295235,-42.2417195],[-64.2304274,-42.2409729],[-64.2313153,-42.2403196],[-64.2321897,-42.2397378],[-64.2338057,-42.2387787],[-64.2355102,-42.2378116],[-64.2380101,-42.2364652],[-64.2398044,-42.2356818],[-64.2407942,-42.2352538],[-64.241859,-42.2348845],[-64.2428783,-42.2345707],[-64.2436722,-42.2343622],[-64.2446002,-42.2341953],[-64.2453432,-42.2341596],[-64.2461157,-42.2342132],[-64.2467648,-42.2343344],[-64.2472369,-42.234531],[-64.2475896,-42.2347246],[-64.2478685,-42.2349301],[-64.2480683,-42.2351367],[-64.2482038,-42.2352876],[-64.2483231,-42.2353799],[-64.248476,-42.2354107],[-64.2486316,-42.2353968],[-64.2489749,-42.2353174],[-64.2495918,-42.2352459],[-64.2500384,-42.235227],[-64.2507023,-42.2352697],[-64.2514023,-42.2352558],[-64.2521909,-42.2352578],[-64.2529902,-42.2353313],[-64.2535695,-42.2354524],[-64.2540872,-42.2356351],[-64.2545056,-42.2358655],[-64.254806,-42.2361296],[-64.2550394,-42.2364632],[-64.2551172,-42.2368008],[-64.2550313,-42.2372854],[-64.2549884,-42.2375971],[-64.2549509,-42.2378632],[-64.2550233,-42.238173],[-64.255203,-42.2383895],[-64.2554766,-42.2386059],[-64.255836,-42.2387687],[-64.2563832,-42.23888],[-64.257153,-42.2389574],[-64.2579174,-42.2389296],[-64.2587248,-42.2389177],[-64.2595643,-42.2387489],[-64.2604655,-42.2385146],[-64.2611253,-42.2383537],[-64.2618039,-42.2382048],[-64.2623591,-42.2381512],[-64.2629305,-42.2381512],[-64.2634481,-42.238181],[-64.264285,-42.2382683],[-64.2648858,-42.2384034],[-64.2656261,-42.238451],[-64.2663932,-42.2384768],[-64.2671549,-42.2384848],[-64.2680092,-42.238588],[-64.2688863,-42.2387429],[-64.2696896,-42.2389087],[-64.2706069,-42.2391798],[-64.2713955,-42.2394886],[-64.2721438,-42.2398361],[-64.2728359,-42.2402253],[-64.273379,-42.2406095],[-64.2737559,-42.2409392],[-64.2741019,-42.2413998],[-64.2743003,-42.2418883],[-64.2744116,-42.2423917],[-64.274413,-42.2428097],[-64.274354,-42.2431949],[-64.2742547,-42.2434927],[-64.2739892,-42.2437469],[-64.2736995,-42.2439593],[-64.273375,-42.2441897],[-64.2729726,-42.2444041],[-64.272738,-42.2445113],[-64.2724134,-42.2446196],[-64.2721666,-42.2447278],[-64.2720191,-42.2448181],[-64.2719722,-42.244968],[-64.2720178,-42.2451507],[-64.2721117,-42.2453731],[-64.2722082,-42.2455855],[-64.2723745,-42.2457841],[-64.2726481,-42.2459826],[-64.2729324,-42.2461286],[-64.2733066,-42.2462854],[-64.2737438,-42.246347],[-64.2741327,-42.2463718],[-64.2744559,-42.2463857],[-64.2746785,-42.2464274],[-64.2749226,-42.2464145],[-64.2751975,-42.2463599],[-64.2756039,-42.2463202],[-64.2760344,-42.2462437],[-64.2765534,-42.246066],[-64.2771569,-42.2458774],[-64.2776933,-42.245657],[-64.2782217,-42.2454426],[-64.2789808,-42.2452023],[-64.2796245,-42.245103],[-64.2801838,-42.2450872],[-64.2807283,-42.2451438],[-64.2812231,-42.2452738],[-64.2816053,-42.2454535],[-64.281781,-42.2455915],[-64.2818709,-42.2457166],[-64.2819352,-42.2458188],[-64.282005,-42.2458734],[-64.2821056,-42.2458913],[-64.2822558,-42.2458695],[-64.2829827,-42.2456928],[-64.2834011,-42.2455478],[-64.2838302,-42.2453771],[-64.2842513,-42.2451984],[-64.2846939,-42.245103],[-64.2851821,-42.2450475],[-64.2855978,-42.2450276],[-64.2859384,-42.2449819],[-64.2863998,-42.2448608],[-64.2869228,-42.2446761],[-64.2877275,-42.2444518],[-64.2884088,-42.2443922],[-64.2888567,-42.2443068],[-64.2891893,-42.2442373],[-64.2895862,-42.2442234],[-64.2898679,-42.244281],[-64.2901763,-42.2443585],[-64.2906055,-42.2443863],[-64.2914262,-42.2444955],[-64.2920458,-42.2446166],[-64.2924079,-42.2447337],[-64.2926493,-42.2449621],[-64.2928103,-42.245248],[-64.2930678,-42.2455438],[-64.293403,-42.2458556],[-64.2937946,-42.2461177],[-64.2942211,-42.2464612],[-64.2945376,-42.246765],[-64.2949158,-42.2470648],[-64.2953691,-42.2472593],[-64.296037,-42.2473904],[-64.2966753,-42.2476247],[-64.2973888,-42.2478947],[-64.2978367,-42.2480377],[-64.2981425,-42.2482243],[-64.2983624,-42.2485082],[-64.2984442,-42.2487544],[-64.2984402,-42.2488477],[-64.2984724,-42.2489132],[-64.2985716,-42.2489837],[-64.2987353,-42.2490383],[-64.2990303,-42.2490979],[-64.2992985,-42.2491039],[-64.2995694,-42.2490522],[-64.2997652,-42.2489589],[-64.2999423,-42.2489271],[-64.3002427,-42.2489172],[-64.3007255,-42.248943],[-64.3012968,-42.2489728],[-64.3018279,-42.2489708],[-64.3023294,-42.248943],[-64.3027318,-42.2488934],[-64.3033084,-42.2487763],[-64.3038476,-42.2486968],[-64.3043518,-42.2487048],[-64.3046898,-42.2487534],[-64.3049406,-42.2487653],[-64.3052128,-42.2487127],[-64.3056849,-42.2486432],[-64.3063742,-42.2485995],[-64.3069294,-42.2485876],[-64.3073961,-42.2486065],[-64.3078387,-42.2486829],[-64.3082182,-42.2487911],[-64.3086916,-42.2489639],[-64.3092093,-42.2491992],[-64.3096384,-42.2494076],[-64.3099952,-42.2496379],[-64.3102835,-42.2498901],[-64.3104753,-42.2501085],[-64.3105665,-42.2503189],[-64.3105611,-42.2504639],[-64.3105222,-42.2505582],[-64.3105303,-42.2505979],[-64.3106,-42.2507319],[-64.3106912,-42.2508232],[-64.310769,-42.2508977],[-64.3109098,-42.2509979],[-64.3109916,-42.2511081],[-64.3110332,-42.2512084],[-64.3110573,-42.2513077],[-64.3110748,-42.2514119],[-64.311119,-42.2514655],[-64.3111941,-42.2514844],[-64.3112196,-42.2515131],[-64.3112169,-42.2515558],[-64.3111968,-42.2515931],[-64.3111995,-42.2516382],[-64.3112317,-42.2517266],[-64.3112759,-42.251803],[-64.3112773,-42.2518536],[-64.3112545,-42.2519161],[-64.3112739,-42.2519772],[-64.3113443,-42.2520422],[-64.3114623,-42.252077],[-64.3116032,-42.25207],[-64.3117668,-42.2520472],[-64.3119337,-42.25201],[-64.3119914,-42.2520006],[-64.3120316,-42.252004],[-64.3120625,-42.2520288],[-64.3120699,-42.2520681],[-64.3120746,-42.2521217],[-64.3121168,-42.2521743],[-64.3122402,-42.2522318],[-64.3124145,-42.2522636],[-64.3125942,-42.25228],[-64.3127089,-42.252275],[-64.3128249,-42.2522398],[-64.3129309,-42.2521524],[-64.3130703,-42.2520571],[-64.313238,-42.251943],[-64.3134834,-42.251802],[-64.3137422,-42.251675],[-64.314162,-42.251537],[-64.3146622,-42.2514288],[-64.3153757,-42.2512382],[-64.3163252,-42.2509046],[-64.3171567,-42.2505989],[-64.3179426,-42.250311],[-64.3191093,-42.2499834],[-64.3200749,-42.2498246],[-64.3212175,-42.2497015],[-64.3220973,-42.2495307],[-64.3230468,-42.2494473],[-64.3239963,-42.2494314],[-64.3249136,-42.2492567],[-64.3258417,-42.2490701],[-64.3267483,-42.2489589],[-64.3274885,-42.2489132],[-64.3280572,-42.2489311],[-64.3286258,-42.2490403],[-64.329055,-42.2492071],[-64.3295404,-42.2495466],[-64.3297684,-42.2497491],[-64.3299213,-42.2498266],[-64.3300822,-42.2498266],[-64.3302941,-42.2497511],[-64.3305624,-42.2496459],[-64.3308681,-42.2495466],[-64.3314046,-42.2494195],[-64.3320993,-42.2492488],[-64.3327779,-42.2489788],[-64.3332499,-42.2487167],[-64.334001,-42.2483593],[-64.3346018,-42.2480257],[-64.33557,-42.2475155],[-64.3362647,-42.2471442],[-64.3372116,-42.2466478],[-64.3379974,-42.2463718],[-64.3388557,-42.2460978],[-64.3396068,-42.2458695],[-64.3405938,-42.245663],[-64.3413529,-42.2456173],[-64.3416774,-42.2456471],[-64.3420422,-42.2456312],[-64.3434691,-42.2453969],[-64.3438913,-42.2452882],[-64.3441128,-42.2451184],[-64.3442867,-42.2451594],[-64.3444054,-42.2450716],[-64.3445556,-42.2450833],[-64.3447534,-42.245013],[-64.345386,-42.2448725],[-64.3482648,-42.2440412],[-64.3488121,-42.2441063],[-64.3493087,-42.2442578],[-64.3507639,-42.2443866],[-64.3512305,-42.2443163],[-64.3516338,-42.2444334],[-64.3518869,-42.2444276],[-64.3520767,-42.2443339],[-64.3522428,-42.2443866],[-64.3528518,-42.2441056],[-64.3538403,-42.2440295],[-64.3544984,-42.2439593],[-64.355509,-42.244088],[-64.3575099,-42.2445271],[-64.3584194,-42.2443515],[-64.3597999,-42.24386],[-64.3600881,-42.2436606],[-64.3605276,-42.2433638],[-64.360917,-42.2430615],[-64.3616381,-42.2425341],[-64.3639638,-42.241037],[-64.3656493,-42.2401187],[-64.3665339,-42.2396749],[-64.3675161,-42.2392311],[-64.3683356,-42.2389378],[-64.3692283,-42.2386565],[-64.3700217,-42.2384631],[-64.3708128,-42.2383479],[-64.3719713,-42.2382269],[-64.3723133,-42.2382157],[-64.3726152,-42.2382228],[-64.3728047,-42.2382698],[-64.3730239,-42.2383495],[-64.37326,-42.2384813],[-64.3734975,-42.2386058],[-64.3737803,-42.2387567],[-64.3741863,-42.2388346],[-64.3746059,-42.2388059],[-64.3748422,-42.2388074],[-64.3751581,-42.2388325],[-64.3753675,-42.2388418],[-64.3754606,-42.2388773],[-64.375579,-42.2389361],[-64.3757081,-42.2390261],[-64.375947,-42.239092],[-64.3762516,-42.2390827],[-64.3765251,-42.2390225],[-64.3766829,-42.2390269],[-64.3768653,-42.2390745],[-64.3771341,-42.2390845],[-64.3773342,-42.2390987],[-64.3775838,-42.2390977],[-64.3778097,-42.2390908],[-64.378148,-42.2390605],[-64.3784096,-42.2390017],[-64.3786628,-42.2389094],[-64.3788536,-42.2388209],[-64.3789669,-42.2386714],[-64.4642309,-42.2397209],[-64.4642309,-42.2397398],[-64.4642443,-42.2397586],[-64.4642745,-42.2397706],[-64.4644234,-42.2398003],[-64.4646527,-42.2398609],[-64.4648512,-42.2399493],[-64.465059,-42.2400615],[-64.4653688,-42.2402342],[-64.4656773,-42.2404646],[-64.465747,-42.24054],[-64.4657571,-42.2405658],[-64.4657524,-42.2405917],[-64.4655418,-42.2407495],[-64.4655271,-42.2407679],[-64.4655197,-42.2407887],[-64.4655278,-42.2408036],[-64.46557,-42.2408146],[-64.4656464,-42.240822],[-64.4657108,-42.2408051],[-64.4658101,-42.2407694],[-64.4659388,-42.2407376],[-64.4660756,-42.2407297],[-64.46614,-42.2407396],[-64.4661869,-42.2407644],[-64.466195,-42.2407982],[-64.4661748,-42.2408339],[-64.4661105,-42.2408985],[-64.4660944,-42.2409481],[-64.4661132,-42.2409809],[-64.4661467,-42.2409958],[-64.4663264,-42.2410275],[-64.4663934,-42.2410325],[-64.4664229,-42.2410166],[-64.4664739,-42.2409699],[-64.4665799,-42.2408478],[-64.4666429,-42.2408012],[-64.4667099,-42.2407902],[-64.4668508,-42.24082],[-64.4670546,-42.2408677],[-64.4673792,-42.2409729],[-64.4676688,-42.2410861],[-64.4678432,-42.2411715],[-64.4681141,-42.2413701],[-64.4683662,-42.2416798],[-64.4685486,-42.2419102],[-64.4687364,-42.242208],[-64.4690019,-42.2425237],[-64.4694686,-42.2428514],[-64.4702491,-42.2433081],[-64.4708553,-42.2437131],[-64.471086,-42.2438819],[-64.4714132,-42.2440229],[-64.4718611,-42.2442413],[-64.4719926,-42.2443247],[-64.4721159,-42.2444796],[-64.4723922,-42.2446861],[-64.4732156,-42.2451388],[-64.4741061,-42.2455518],[-64.4745326,-42.245802],[-64.475053,-42.2461276],[-64.4756484,-42.2465624],[-64.4759703,-42.2468106],[-64.4764477,-42.2471323],[-64.4773141,-42.2476346],[-64.4778317,-42.2479086],[-64.4784245,-42.2481528],[-64.4790763,-42.2484228],[-64.4795001,-42.2487008],[-64.480302,-42.2492011],[-64.4808599,-42.2495903],[-64.481104,-42.2498206],[-64.4813937,-42.2501561],[-64.4816566,-42.2504996],[-64.4821045,-42.2510555],[-64.482488,-42.2515598],[-64.4828448,-42.2521336],[-64.4832712,-42.2526756],[-64.4837245,-42.2531064],[-64.4842449,-42.2535173],[-64.4847867,-42.2539283],[-64.4853124,-42.2543234],[-64.4856673,-42.2545879],[-64.4861117,-42.2548594],[-64.4864416,-42.2551234],[-64.4867983,-42.2555542],[-64.4872409,-42.2561042],[-64.487552,-42.2567037],[-64.4878846,-42.25747],[-64.488169,-42.2579385],[-64.4884989,-42.2583891],[-64.4890675,-42.2590502],[-64.4896066,-42.2595603],[-64.4898266,-42.2597688],[-64.4900814,-42.2602134],[-64.4903228,-42.2606363],[-64.4906178,-42.2610114],[-64.4908753,-42.261202],[-64.4914171,-42.261474],[-64.4923559,-42.261861],[-64.4930184,-42.2621449],[-64.4931579,-42.2621886],[-64.4935441,-42.2623355],[-64.4938955,-42.2625181],[-64.4942442,-42.2626392],[-64.4944561,-42.2627702],[-64.4946894,-42.2629786],[-64.4953707,-42.2636158],[-64.4957167,-42.2639691],[-64.4959608,-42.264253],[-64.4960439,-42.2643383],[-64.4961458,-42.264382],[-64.4963014,-42.2643899],[-64.4965133,-42.2644019],[-64.4969076,-42.2644555],[-64.4977391,-42.2646301],[-64.4983158,-42.264783],[-64.4986618,-42.2649477],[-64.4989756,-42.2651482],[-64.4990936,-42.2652514],[-64.4993162,-42.2653487],[-64.4998366,-42.2654916],[-64.5006466,-42.2657357],[-64.5013547,-42.2660613],[-64.5020011,-42.2664662],[-64.5025,-42.2668572],[-64.5032215,-42.2673554],[-64.5040503,-42.2679211],[-64.5047423,-42.2684114],[-64.5051795,-42.2687805],[-64.5056301,-42.2690525],[-64.5060539,-42.2692946],[-64.5065287,-42.2697055],[-64.5073038,-42.2704359],[-64.507513,-42.2707038],[-64.5077544,-42.2711742],[-64.5079771,-42.2717399],[-64.5081005,-42.2721507],[-64.5081541,-42.2726766],[-64.5080361,-42.2733931],[-64.5079771,-42.2739845],[-64.5078617,-42.2747268],[-64.5078349,-42.2751337],[-64.5078832,-42.2755127],[-64.5079663,-42.2757727],[-64.5081836,-42.2760525],[-64.5086396,-42.2764296],[-64.5094469,-42.2769912],[-64.5100772,-42.2773326],[-64.51067,-42.2775886],[-64.5112199,-42.2777454],[-64.5115578,-42.2778426],[-64.5121452,-42.2780589],[-64.5123678,-42.2781939],[-64.5125341,-42.2783149],[-64.5128319,-42.2784658],[-64.5133442,-42.2785948],[-64.5139611,-42.2787694],[-64.5150983,-42.279206],[-64.5162356,-42.2795195],[-64.5176947,-42.2798251],[-64.5192933,-42.2802538],[-64.5210958,-42.2808452],[-64.5224154,-42.2813532],[-64.5236599,-42.2819961],[-64.5244753,-42.2825994],[-64.5251513,-42.2832701],[-64.5256662,-42.284044],[-64.5259184,-42.2848258],[-64.5260257,-42.2856989],[-64.5260471,-42.2861136],[-64.5259693,-42.2869014],[-64.5258164,-42.2872665],[-64.5258004,-42.2873657],[-64.5258486,-42.2874272],[-64.5259693,-42.2874471],[-64.526251,-42.2874967],[-64.5268893,-42.2875443],[-64.5279837,-42.2876316],[-64.5300436,-42.28783],[-64.5317709,-42.2881554],[-64.5340723,-42.2887229],[-64.5360786,-42.2893638],[-64.5384175,-42.290213],[-64.5400295,-42.2910146],[-64.5411935,-42.291715],[-64.5420116,-42.2923361],[-64.5427492,-42.2927428],[-64.5434895,-42.293094],[-64.5441413,-42.2934253],[-64.5454556,-42.2942189],[-64.5462924,-42.2948161],[-64.5470569,-42.2954927],[-64.5475879,-42.2960819],[-64.5483819,-42.2970322],[-64.5490497,-42.297679],[-64.5502299,-42.2988415],[-64.5514771,-42.3000814],[-64.552668,-42.3012717],[-64.5536175,-42.3021565],[-64.5543712,-42.3029441],[-64.5548192,-42.3035432],[-64.5555246,-42.3042692],[-64.5563936,-42.3050627],[-64.5572412,-42.3058998],[-64.5578259,-42.306598],[-64.5586574,-42.3077208],[-64.5593172,-42.3088098],[-64.5598966,-42.3100812],[-64.5602104,-42.3108627],[-64.5605966,-42.3116462],[-64.560889,-42.3123146],[-64.5611224,-42.3126776],[-64.5614791,-42.3131794],[-64.5623562,-42.3143635],[-64.5630294,-42.3152838],[-64.5636061,-42.3160692],[-64.5640031,-42.3165353],[-64.5645261,-42.3169002],[-64.5651001,-42.3173702],[-64.5654461,-42.3176737],[-64.5656633,-42.3180069],[-64.5665136,-42.3192742],[-64.567093,-42.3203531],[-64.5674711,-42.3213645],[-64.5675784,-42.3219138],[-64.5676321,-42.3225028],[-64.5677018,-42.3229133],[-64.5678628,-42.3232584],[-64.5681873,-42.3243491],[-64.5685253,-42.3257491],[-64.5686996,-42.3264154],[-64.5688123,-42.3271571],[-64.5687559,-42.327861],[-64.5686245,-42.3289358],[-64.5684877,-42.3293264],[-64.5681632,-42.3301414],[-64.568029,-42.3306212],[-64.5680156,-42.331228],[-64.5680478,-42.3317654],[-64.5681444,-42.3321064],[-64.5681444,-42.3324792],[-64.5680183,-42.3330542],[-64.5678708,-42.3334785],[-64.5677716,-42.334002],[-64.5676777,-42.3344521],[-64.5676348,-42.3348982],[-64.5675677,-42.3354831],[-64.5672566,-42.3369741],[-64.5671386,-42.3377215],[-64.5671761,-42.3381756],[-64.5672995,-42.3386673],[-64.5675892,-42.3394048],[-64.5678869,-42.3400928],[-64.5679486,-42.3402236],[-64.5681042,-42.3403247],[-64.5682704,-42.3404893],[-64.5683804,-42.3407054],[-64.5686245,-42.3411911],[-64.568941,-42.3416629],[-64.5692763,-42.3420039],[-64.5695016,-42.3423648],[-64.5697135,-42.3427831],[-64.5698342,-42.3432668],[-64.5700917,-42.3440181],[-64.5701695,-42.3446307],[-64.5701829,-42.3449122],[-64.5702526,-42.3451184],[-64.5703492,-42.3452869],[-64.5704082,-42.345505],[-64.5703948,-42.3458935],[-64.5704269,-42.3463158],[-64.5705074,-42.3465913],[-64.5705825,-42.3469422],[-64.5706388,-42.3474358],[-64.5707622,-42.3478164],[-64.5710653,-42.3482704],[-64.5715427,-42.3488096],[-64.5718431,-42.3490692],[-64.5719692,-42.3492278],[-64.572055,-42.3494677],[-64.5721597,-42.3496679],[-64.572385,-42.349882],[-64.5727068,-42.3501119],[-64.5731682,-42.3505599],[-64.5734417,-42.3510198],[-64.5739138,-42.351555],[-64.5742089,-42.3519039],[-64.5744985,-42.3525778],[-64.5747399,-42.3530139],[-64.575094,-42.353339],[-64.5754802,-42.3535808],[-64.5760596,-42.3539891],[-64.5764619,-42.3544173],[-64.5767194,-42.3548453],[-64.5769018,-42.3554559],[-64.5771432,-42.3561298],[-64.5775992,-42.3571605],[-64.5777816,-42.3573666],[-64.5782322,-42.3575727],[-64.5786506,-42.3578304],[-64.5792192,-42.3583219],[-64.5804423,-42.3592336],[-64.5816278,-42.3600304],[-64.5822716,-42.3604267],[-64.5827222,-42.3608034],[-64.5832157,-42.3614217],[-64.5834571,-42.3616358],[-64.5838487,-42.3618022],[-64.5843825,-42.3618974],[-64.5847231,-42.3619846],[-64.5849645,-42.3621828],[-64.5853776,-42.3627199],[-64.585678,-42.3630092],[-64.5864773,-42.3635384],[-64.5877433,-42.3644024],[-64.5889771,-42.3654092],[-64.589822,-42.3662514],[-64.5904389,-42.3667786],[-64.5911256,-42.3673453],[-64.5922092,-42.3678566],[-64.5928314,-42.3683164],[-64.5933974,-42.368794],[-64.5937279,-42.3691043],[-64.5939124,-42.3692775],[-64.5941913,-42.3698165],[-64.5945239,-42.3709024],[-64.5946741,-42.3719804],[-64.5944381,-42.3731931],[-64.5941377,-42.3744138],[-64.5939446,-42.3753411],[-64.5936656,-42.3762843],[-64.5932686,-42.3769659],[-64.5924747,-42.3784955],[-64.5927429,-42.3788363],[-64.5930648,-42.3790186],[-64.5931614,-42.3793911],[-64.5931614,-42.3800727],[-64.5934832,-42.3804293],[-64.5935047,-42.3807305],[-64.5934832,-42.3811426],[-64.5937407,-42.3816815],[-64.5944917,-42.3822521],[-64.5948458,-42.3827751],[-64.595114,-42.3836389],[-64.5952749,-42.3843839],[-64.5955002,-42.3849227],[-64.5960474,-42.3851367],[-64.5968735,-42.3855963],[-64.5978928,-42.3858975],[-64.5985258,-42.386048],[-64.5994055,-42.3863175],[-64.60058,-42.387227],[-64.601562,-42.3880529],[-64.6019324,-42.3883485],[-64.6027637,-42.3889167],[-64.6033859,-42.389194],[-64.6047378,-42.3894159],[-64.6051562,-42.3895902],[-64.6058107,-42.3897328],[-64.6069694,-42.3898359],[-64.6075273,-42.3898359],[-64.608053,-42.3899864],[-64.608568,-42.3902083],[-64.6095979,-42.3905015],[-64.610585,-42.3907154],[-64.611454,-42.3911671],[-64.6125591,-42.3917297],[-64.6133101,-42.3924587],[-64.6139324,-42.393148],[-64.6143508,-42.393457],[-64.614776,-42.3934127],[-64.61511,-42.39353],[-64.6161425,-42.3939087],[-64.6168006,-42.3944173],[-64.61722,-42.39452],[-64.6176767,-42.3946297],[-64.6179128,-42.3948833],[-64.6182132,-42.3953904],[-64.6184492,-42.3957786],[-64.6186745,-42.3965075],[-64.6188252,-42.3980792],[-64.6190393,-42.3999461],[-64.6192127,-42.4015892],[-64.6198691,-42.4018812],[-64.6202624,-42.4024814],[-64.6203482,-42.4028775],[-64.6201229,-42.4036935],[-64.6195114,-42.4053175],[-64.6186423,-42.4071634],[-64.6184921,-42.4081853],[-64.6187282,-42.4093101],[-64.6186531,-42.4098805],[-64.6182795,-42.4108274],[-64.6185243,-42.4111717],[-64.6190071,-42.4114885],[-64.6191466,-42.4120747],[-64.6188569,-42.4139362],[-64.6187389,-42.4145936],[-64.6191788,-42.4149897],[-64.619329,-42.4155441],[-64.6193075,-42.4157897],[-64.6196509,-42.4172154],[-64.618932,-42.4179599],[-64.6183097,-42.4182451],[-64.6177089,-42.4186728],[-64.6178377,-42.4191797],[-64.6180952,-42.419845],[-64.6173871,-42.4209538],[-64.6158743,-42.4221656],[-64.6154451,-42.4225695],[-64.6151018,-42.4227437],[-64.6152735,-42.4234248]]]}},{"type":"Feature","properties":{"boundary":"protected_area","name":"Reserva Natural Turística de Objetivo Integral Península Valdés","operator":"Provincia de Chubut","operator:type":"government","protect_class":"6","protected_area":"sustainable","protection_title":"Reserva Natural Turística de Objetivo Integral","related_law":"Ley Provincial 4722/01","start_date":"1983","type":"boundary","id":"relation/10245799","source":"OpenStreetMap — Península Valdés"},"geometry":{"type":"Polygon","coordinates":[[[-63.5998938,-42.3607657],[-63.5995477,-42.3593962],[-63.599301,-42.3581792],[-63.5991079,-42.3569583],[-63.5989684,-42.35322],[-63.5988987,-42.3481693],[-63.5986894,-42.3405527],[-63.5985661,-42.3366033],[-63.5982442,-42.3345333],[-63.5981369,-42.3336887],[-63.5981798,-42.3321143],[-63.5983247,-42.3302584],[-63.5985822,-42.329144],[-63.5991776,-42.3275378],[-63.6003792,-42.3236272],[-63.6022192,-42.3162536],[-63.6025143,-42.3152223],[-63.6028737,-42.3142941],[-63.603732,-42.3122194],[-63.6047137,-42.3091965],[-63.6053735,-42.3075303],[-63.6068219,-42.3044596],[-63.6074925,-42.3030155],[-63.6090857,-42.3001906],[-63.6105073,-42.2976869],[-63.6122239,-42.2947467],[-63.6127657,-42.2938737],[-63.6147827,-42.2907031],[-63.6160111,-42.2888777],[-63.6182749,-42.2853179],[-63.6206943,-42.2819088],[-63.6225879,-42.2791822],[-63.624326,-42.276765],[-63.6261982,-42.2742882],[-63.6279577,-42.2719086],[-63.6288053,-42.2708388],[-63.6299264,-42.2694216],[-63.6311013,-42.2678893],[-63.6335126,-42.2647949],[-63.6345157,-42.2636595],[-63.6363021,-42.2617717],[-63.6388743,-42.2587663],[-63.6405587,-42.2568248],[-63.6433321,-42.2536047],[-63.6469048,-42.2496419],[-63.6487931,-42.2475413],[-63.65125,-42.2449402],[-63.6534709,-42.2427402],[-63.6548013,-42.2415011],[-63.6571616,-42.2392056],[-63.6604366,-42.2360104],[-63.6625689,-42.2339352],[-63.6648542,-42.2314726],[-63.6669892,-42.2290576],[-63.6682981,-42.2275998],[-63.6696929,-42.2260426],[-63.671903,-42.2234645],[-63.6730403,-42.2222251],[-63.6747515,-42.2202864],[-63.6759853,-42.2187092],[-63.6771441,-42.2172393],[-63.6785978,-42.2151734],[-63.6795044,-42.2138821],[-63.6805961,-42.2122889],[-63.6824548,-42.2093605],[-63.6841473,-42.20675],[-63.6852416,-42.2050652],[-63.6863226,-42.203273],[-63.6886239,-42.1998475],[-63.6903083,-42.1969703],[-63.6918318,-42.1945857],[-63.693409,-42.1918752],[-63.6948574,-42.1893791],[-63.6961663,-42.1869705],[-63.697089,-42.1853328],[-63.6978722,-42.1836872],[-63.6984086,-42.1820972],[-63.6992133,-42.1795928],[-63.7001547,-42.1761799],[-63.7008494,-42.1740888],[-63.7014636,-42.172421],[-63.7019196,-42.1710414],[-63.7022576,-42.1696976],[-63.7024802,-42.1684452],[-63.7026572,-42.1678169],[-63.7028503,-42.1671728],[-63.70314,-42.1665287],[-63.7034512,-42.1658607],[-63.7037408,-42.1653398],[-63.704347,-42.1644889],[-63.70498,-42.1635664],[-63.7054896,-42.1627871],[-63.7060529,-42.1618526],[-63.706702,-42.1608546],[-63.7073296,-42.1599161],[-63.7079734,-42.1591208],[-63.7085393,-42.1584329],[-63.7089658,-42.1578881],[-63.7094003,-42.1572876],[-63.7098777,-42.1565837],[-63.710331,-42.1559097],[-63.710787,-42.1552515],[-63.7111598,-42.1547107],[-63.71153,-42.1541698],[-63.7119591,-42.153442],[-63.7125546,-42.1523802],[-63.7131876,-42.151211],[-63.7136328,-42.1501729],[-63.7143999,-42.1484289],[-63.7148935,-42.1472218],[-63.7156016,-42.1452431],[-63.7160978,-42.143857],[-63.7171519,-42.1410329],[-63.7179995,-42.138686],[-63.718493,-42.1373613],[-63.718949,-42.1360665],[-63.7191314,-42.1356369],[-63.7193674,-42.1351854],[-63.7195686,-42.1347995],[-63.7200192,-42.1337692],[-63.7206495,-42.1324703],[-63.7210599,-42.1317124],[-63.7221837,-42.129407],[-63.7227926,-42.1280464],[-63.7232351,-42.1270457],[-63.7236133,-42.1262142],[-63.7239218,-42.1255717],[-63.7241524,-42.1250564],[-63.7243831,-42.1245273],[-63.7247372,-42.1237574],[-63.7253916,-42.1223588],[-63.7263733,-42.1201903],[-63.7269929,-42.1187678],[-63.7274382,-42.1178566],[-63.7281007,-42.1166409],[-63.7289026,-42.1152382],[-63.7294766,-42.1142912],[-63.7301257,-42.1130894],[-63.7310457,-42.1114478],[-63.7315795,-42.1105385],[-63.7321803,-42.1094859],[-63.7326604,-42.108678],[-63.7331969,-42.1077189],[-63.7336797,-42.1067836],[-63.7340042,-42.1061031],[-63.7342376,-42.1055081],[-63.7344736,-42.1048295],[-63.7346479,-42.1042405],[-63.7347499,-42.10394],[-63.7349215,-42.1036216],[-63.7352353,-42.1032017],[-63.7360775,-42.1021649],[-63.736732,-42.1014305],[-63.7369412,-42.1011579],[-63.7370807,-42.1009031],[-63.7372148,-42.1006166],[-63.7373409,-42.1003041],[-63.7375152,-42.0998862],[-63.7378532,-42.0991478],[-63.7382609,-42.098314],[-63.7384245,-42.0979299],[-63.7385693,-42.0976811],[-63.7387893,-42.0974283],[-63.7391728,-42.0971039],[-63.7398702,-42.0965506],[-63.7403101,-42.0961486],[-63.7409404,-42.0954799],[-63.7418389,-42.0945803],[-63.7426597,-42.0937184],[-63.7439203,-42.0922914],[-63.7443844,-42.0917599],[-63.7448457,-42.0912265],[-63.745417,-42.0906473],[-63.7463424,-42.0897635],[-63.7470907,-42.0889892],[-63.7475708,-42.0884777],[-63.7480858,-42.0879024],[-63.748574,-42.0874167],[-63.7489763,-42.0870107],[-63.749392,-42.0865966],[-63.7496468,-42.0863239],[-63.7497944,-42.0860672],[-63.7498614,-42.0858343],[-63.7499231,-42.0856073],[-63.7500036,-42.0853983],[-63.7501457,-42.0851953],[-63.7507412,-42.084624],[-63.7512669,-42.0840507],[-63.7519133,-42.0834654],[-63.7525865,-42.0828722],[-63.7529567,-42.0825796],[-63.7535521,-42.0821536],[-63.7541181,-42.0817654],[-63.754684,-42.081202],[-63.755478,-42.0802534],[-63.7559903,-42.0797149],[-63.7561706,-42.0795085],[-63.7563363,-42.0793188],[-63.7567896,-42.0787713],[-63.7573636,-42.0780964],[-63.7578329,-42.0774713],[-63.7581521,-42.077107],[-63.7585357,-42.0767864],[-63.7588441,-42.0765654],[-63.7592264,-42.0763464],[-63.7595308,-42.0762409],[-63.7599519,-42.0761474],[-63.7606144,-42.0760637],[-63.7612045,-42.076002],[-63.7622237,-42.0758189],[-63.7634736,-42.0754446],[-63.7643534,-42.0751758],[-63.7650025,-42.0749727],[-63.7657616,-42.0747716],[-63.7664536,-42.0746442],[-63.7675238,-42.0745168],[-63.7686744,-42.0743436],[-63.7691626,-42.0742241],[-63.7702703,-42.0738329],[-63.7705922,-42.0737105],[-63.7708926,-42.0735621],[-63.771193,-42.0735771],[-63.7714773,-42.0734885],[-63.7717482,-42.0733989],[-63.7720366,-42.0732953],[-63.772342,-42.0732817],[-63.7725798,-42.0732844],[-63.7729123,-42.0732715],[-63.7732342,-42.0732844],[-63.7735641,-42.0732824],[-63.7738927,-42.0733432],[-63.7747483,-42.0733631],[-63.7752941,-42.0733869],[-63.7755476,-42.0733939],[-63.7757998,-42.0733621],[-63.7785316,-42.0734039],[-63.7791324,-42.0733601],[-63.7797976,-42.07338],[-63.7812996,-42.0735154],[-63.7825602,-42.0735512],[-63.7842608,-42.0734278],[-63.7859076,-42.0732486],[-63.7871254,-42.0731331],[-63.7878871,-42.0730614],[-63.7886113,-42.0729858],[-63.7894106,-42.072922],[-63.7908965,-42.0727827],[-63.7933159,-42.0725637],[-63.7949252,-42.0723924],[-63.7955153,-42.072265],[-63.7968725,-42.0718907],[-63.797645,-42.0717195],[-63.7981063,-42.0716956],[-63.7986159,-42.0717354],[-63.8000161,-42.0719903],[-63.8009173,-42.0721336],[-63.8017327,-42.0722212],[-63.802489,-42.072273],[-63.8032454,-42.0723247],[-63.8043934,-42.0723725],[-63.8058633,-42.0724203],[-63.8075477,-42.0725398],[-63.8100368,-42.0727986],[-63.8114208,-42.072942],[-63.8140762,-42.0732446],[-63.8159108,-42.0734556],[-63.8173002,-42.0736149],[-63.8190973,-42.0738459],[-63.8206261,-42.0740768],[-63.8247782,-42.0748174],[-63.8289893,-42.0756855],[-63.8312477,-42.0761235],[-63.8348526,-42.0767964],[-63.8370037,-42.0772025],[-63.8383931,-42.0774096],[-63.8403457,-42.0776962],[-63.8415635,-42.0778316],[-63.8435644,-42.0779949],[-63.8448733,-42.0781263],[-63.8456833,-42.0782139],[-63.8466328,-42.0783034],[-63.8474456,-42.0783711],[-63.8482368,-42.0784966],[-63.8492078,-42.0786956],[-63.8502163,-42.0789266],[-63.8514125,-42.0791615],[-63.8527215,-42.0794601],[-63.8538319,-42.0797906],[-63.8557309,-42.0804077],[-63.856203,-42.0806068],[-63.8566214,-42.080778],[-63.8571793,-42.0809253],[-63.8585365,-42.0811602],[-63.8597703,-42.081419],[-63.8615996,-42.0818092],[-63.8631767,-42.0820958],[-63.8636971,-42.0821834],[-63.8641417,-42.0822867],[-63.8649671,-42.082542],[-63.8658911,-42.0827886],[-63.8671517,-42.0830275],[-63.8685197,-42.0832823],[-63.8697374,-42.083561],[-63.8714795,-42.0838206],[-63.8727415,-42.0838994],[-63.8742435,-42.0839989],[-63.8753861,-42.0841064],[-63.8760674,-42.084198],[-63.8766199,-42.0843373],[-63.8771027,-42.0844886],[-63.8779825,-42.0848549],[-63.8786906,-42.0850977],[-63.88008,-42.0854521],[-63.8819683,-42.0859617],[-63.8832879,-42.0863518],[-63.8845325,-42.0866942],[-63.886013,-42.0870764],[-63.8884056,-42.0876178],[-63.8906479,-42.0883105],[-63.8931853,-42.0890151],[-63.8943901,-42.08942],[-63.8946927,-42.0895565],[-63.8959748,-42.0901497],[-63.8972032,-42.0907826],[-63.8991344,-42.0917181],[-63.9007062,-42.0924864],[-63.9018005,-42.0929561],[-63.9032811,-42.0934378],[-63.9044666,-42.0937881],[-63.9052069,-42.0939434],[-63.9061457,-42.0940867],[-63.9066929,-42.0942101],[-63.9083183,-42.0948549],[-63.9100242,-42.0955635],[-63.9139992,-42.0971358],[-63.9152867,-42.0976174],[-63.9170623,-42.0984214],[-63.9181405,-42.0990503],[-63.9184865,-42.0992175],[-63.9203721,-42.0998981],[-63.9246583,-42.1011758],[-63.9260316,-42.101542],[-63.9273995,-42.1019678],[-63.9285636,-42.1024972],[-63.9297116,-42.1030624],[-63.9307523,-42.1034285],[-63.9324689,-42.1038624],[-63.9336598,-42.1040295],[-63.9341962,-42.1040216],[-63.9344832,-42.1039479],[-63.9345878,-42.1038604],[-63.9346388,-42.103727],[-63.9346334,-42.1035201],[-63.9345825,-42.1030922],[-63.9345865,-42.1029957],[-63.9346173,-42.102931],[-63.9347139,-42.1028673],[-63.9347783,-42.1028673],[-63.9349043,-42.102933],[-63.934958,-42.1030544],[-63.9350291,-42.1034315],[-63.9351028,-42.1036673],[-63.9352262,-42.1039101],[-63.9352959,-42.1040972],[-63.9352101,-42.1044036],[-63.9351511,-42.1045111],[-63.9351752,-42.1046325],[-63.935245,-42.1047041],[-63.9353952,-42.1047479],[-63.9357224,-42.1047877],[-63.9362454,-42.1047539],[-63.9366344,-42.1046424],[-63.9368999,-42.1044713],[-63.9373237,-42.104135],[-63.9374337,-42.1040633],[-63.9375249,-42.1040395],[-63.9376831,-42.1040454],[-63.9378601,-42.1041211],[-63.9379352,-42.1042245],[-63.937903,-42.1043997],[-63.9378548,-42.1045788],[-63.9378762,-42.1048096],[-63.9380801,-42.1052394],[-63.9384475,-42.1056653],[-63.9388901,-42.1061071],[-63.9389974,-42.1062941],[-63.9390189,-42.1064374],[-63.9389759,-42.1065807],[-63.9388579,-42.1067279],[-63.938123,-42.1079179],[-63.9378655,-42.108483],[-63.9378011,-42.1087536],[-63.9378011,-42.1089606],[-63.9379513,-42.1092949],[-63.9384019,-42.1097883],[-63.9392495,-42.1107832],[-63.9396894,-42.1112608],[-63.9402151,-42.1117463],[-63.9410198,-42.1122955],[-63.942318,-42.1130436],[-63.9426452,-42.1133381],[-63.9429241,-42.1136206],[-63.943187,-42.1137281],[-63.9434981,-42.113748],[-63.9439917,-42.1136644],[-63.9443082,-42.1136047],[-63.9446354,-42.1136564],[-63.9456761,-42.1138554],[-63.9463306,-42.1138634],[-63.9468992,-42.1138077],[-63.9475107,-42.1137679],[-63.9481866,-42.1137917],[-63.9499289,-42.1138235],[-63.951062,-42.1141101],[-63.951931,-42.1143966],[-63.953315,-42.1151686],[-63.9541519,-42.1155267],[-63.9552248,-42.1157177],[-63.956244,-42.1157098],[-63.9574349,-42.1155029],[-63.9586043,-42.1149975],[-63.9587653,-42.1148781],[-63.9588779,-42.1147229],[-63.9589369,-42.1145757],[-63.9590067,-42.1143449],[-63.9591247,-42.1142573],[-63.9592964,-42.1142494],[-63.9595324,-42.1142931],[-63.9598113,-42.1143489],[-63.9600635,-42.1144245],[-63.9602834,-42.1145558],[-63.9604497,-42.1147707],[-63.9605945,-42.1148861],[-63.960852,-42.1149935],[-63.9612651,-42.1150572],[-63.9615977,-42.1150811],[-63.9618659,-42.1151208],[-63.9619947,-42.1152283],[-63.9620751,-42.1153855],[-63.9621314,-42.1154253],[-63.9622253,-42.1154412],[-63.962338,-42.1154292],[-63.9624319,-42.1153914],[-63.9626893,-42.1151984],[-63.9633465,-42.1146274],[-63.9635503,-42.1144921],[-63.9637005,-42.1144444],[-63.9639419,-42.1143926],[-63.9641351,-42.114317],[-63.9642584,-42.1142374],[-63.9645803,-42.1139788],[-63.9648056,-42.1139032],[-63.9649934,-42.1139032],[-63.9652187,-42.1139708],[-63.9654011,-42.1140822],[-63.9655405,-42.1142295],[-63.9656478,-42.1144603],[-63.9657337,-42.1147229],[-63.9658624,-42.1149577],[-63.9660421,-42.1151766],[-63.9663345,-42.1155546],[-63.9666081,-42.1158013],[-63.9669836,-42.1159844],[-63.9680618,-42.1164261],[-63.9681798,-42.1165534],[-63.9682496,-42.1167623],[-63.9683247,-42.1168677],[-63.968432,-42.1169115],[-63.9688772,-42.1170667],[-63.9690757,-42.1171622],[-63.9693519,-42.1173572],[-63.9696872,-42.1176357],[-63.9699286,-42.1179501],[-63.9701164,-42.1183281],[-63.9702934,-42.1188573],[-63.9705133,-42.119482],[-63.9707172,-42.1201823],[-63.9707279,-42.1206399],[-63.9707869,-42.1210498],[-63.9708835,-42.1211632],[-63.9710122,-42.1212885],[-63.9710632,-42.1213661],[-63.9710659,-42.1214258],[-63.9710069,-42.1214616],[-63.9708191,-42.1215073],[-63.9706743,-42.1215949],[-63.9706421,-42.1216486],[-63.9706314,-42.1217381],[-63.9706796,-42.1218595],[-63.9707628,-42.1219012],[-63.9708728,-42.1219231],[-63.9709961,-42.1219112],[-63.9711195,-42.1218515],[-63.9712027,-42.1218615],[-63.9712724,-42.1219092],[-63.9713126,-42.1219908],[-63.9714012,-42.122134],[-63.9715916,-42.1224225],[-63.9717579,-42.122705],[-63.9719778,-42.1229755],[-63.9721334,-42.1231128],[-63.9723453,-42.1232182],[-63.9726296,-42.1233277],[-63.9729381,-42.1233834],[-63.9732733,-42.1233973],[-63.9734638,-42.1234152],[-63.9736596,-42.1233933],[-63.9738353,-42.1233446],[-63.9738728,-42.1233436],[-63.9739104,-42.1233645],[-63.9739412,-42.1234669],[-63.9740042,-42.1235157],[-63.9741021,-42.1235455],[-63.9742027,-42.1235485],[-63.9743623,-42.1235216],[-63.9744884,-42.1234739],[-63.9745447,-42.1234679],[-63.9746077,-42.1234858],[-63.9746641,-42.1235346],[-63.9747177,-42.1236112],[-63.9747633,-42.1236907],[-63.9747794,-42.1237255],[-63.9748263,-42.1237723],[-63.9748827,-42.1237862],[-63.9749846,-42.1237812],[-63.9750825,-42.1237544],[-63.975167,-42.1237106],[-63.9753252,-42.1235813],[-63.9753708,-42.1235624],[-63.9754017,-42.1235649],[-63.9754272,-42.1235749],[-63.9754399,-42.1235888],[-63.97545,-42.1236868],[-63.9754607,-42.1237206],[-63.9754929,-42.1237395],[-63.975572,-42.1237554],[-63.9757973,-42.1237773],[-63.9760628,-42.1237872],[-63.9761487,-42.1238409],[-63.9762265,-42.1239125],[-63.9762506,-42.1239961],[-63.9762077,-42.1240618],[-63.9760253,-42.124211],[-63.9759555,-42.1243224],[-63.9759663,-42.124396],[-63.9760333,-42.1244676],[-63.9761433,-42.1245173],[-63.9763042,-42.1245432],[-63.9765617,-42.124573],[-63.9767602,-42.1245919],[-63.9768541,-42.124583],[-63.976948,-42.1245591],[-63.9770271,-42.1245123],[-63.9770995,-42.1244278],[-63.9771505,-42.1243771],[-63.97718,-42.1243751],[-63.9772162,-42.124381],[-63.9772899,-42.1244149],[-63.9773932,-42.1244497],[-63.9774978,-42.1244596],[-63.9775756,-42.1244566],[-63.9776748,-42.1244377],[-63.9777634,-42.124398],[-63.9777915,-42.124397],[-63.977813,-42.1244109],[-63.9778465,-42.1244706],[-63.9778827,-42.1245153],[-63.9779457,-42.124577],[-63.9780343,-42.1246327],[-63.9781496,-42.1246606],[-63.9782958,-42.1246954],[-63.9784607,-42.124756],[-63.9786565,-42.1248694],[-63.9786994,-42.1249629],[-63.9787102,-42.12514],[-63.978442,-42.1254105],[-63.9782327,-42.1255816],[-63.9780504,-42.1256572],[-63.9778747,-42.1256572],[-63.9778224,-42.1256662],[-63.9777808,-42.125699],[-63.9777754,-42.1257726],[-63.9778693,-42.1260133],[-63.977872,-42.1261098],[-63.9778358,-42.1261516],[-63.9777687,-42.1261764],[-63.9775756,-42.1261715],[-63.9774951,-42.1261675],[-63.9774415,-42.1261804],[-63.9773878,-42.1262023],[-63.9773422,-42.1262858],[-63.9773235,-42.1265076],[-63.977302,-42.1265703],[-63.9772055,-42.1266539],[-63.9770097,-42.1267434],[-63.9768541,-42.1268508],[-63.9768474,-42.1268946],[-63.9768702,-42.1269294],[-63.976956,-42.1269423],[-63.9771572,-42.1269433],[-63.9774764,-42.1269025],[-63.9780262,-42.1269264],[-63.9783427,-42.1269483],[-63.9784634,-42.126992],[-63.978501,-42.1270716],[-63.978501,-42.1271731],[-63.9784661,-42.1272745],[-63.9782488,-42.1278255],[-63.9783454,-42.1280086],[-63.9783615,-42.1283308],[-63.9783293,-42.1289236],[-63.9783722,-42.1292061],[-63.9784312,-42.1294567],[-63.978619,-42.1298426],[-63.9791125,-42.1305667],[-63.979252,-42.1307139],[-63.979429,-42.1308531],[-63.9796865,-42.1309844],[-63.9804,-42.1312828],[-63.9806843,-42.131418],[-63.9808506,-42.1315255],[-63.9810813,-42.1317681],[-63.9813334,-42.1321222],[-63.9815319,-42.1324524],[-63.9819235,-42.1331366],[-63.9821273,-42.1334072],[-63.9824277,-42.1336896],[-63.9835167,-42.1343699],[-63.9848471,-42.1349586],[-63.9864779,-42.1357145],[-63.9872289,-42.1361043],[-63.9883125,-42.1366692],[-63.9902437,-42.1375841],[-63.991499,-42.1380774],[-63.9925718,-42.1384592],[-63.9945138,-42.1389286],[-63.9959836,-42.1392309],[-63.9972174,-42.1395571],[-63.9982045,-42.1398873],[-63.9987141,-42.1400504],[-63.9992774,-42.1402174],[-63.9999801,-42.1404282],[-64.0003771,-42.1405913],[-64.0008491,-42.140822],[-64.0014875,-42.1411164],[-64.0024799,-42.1414943],[-64.0033436,-42.1417488],[-64.0038586,-42.1418244],[-64.0041697,-42.1418741],[-64.0043843,-42.1418821],[-64.0045238,-42.1418423],[-64.0047893,-42.1416753],[-64.0048751,-42.1416504],[-64.0049502,-42.1416564],[-64.0050776,-42.1417061],[-64.0051889,-42.141721],[-64.0052775,-42.141715],[-64.0053982,-42.1417051],[-64.0054719,-42.1417011],[-64.0055081,-42.1417091],[-64.0055162,-42.1417349],[-64.0055054,-42.1418363],[-64.0055054,-42.141899],[-64.0055256,-42.1419447],[-64.0055591,-42.1419676],[-64.0056208,-42.1419855],[-64.0057576,-42.1419855],[-64.0058179,-42.1419945],[-64.0058313,-42.1420173],[-64.0058246,-42.1420472],[-64.0058005,-42.1420889],[-64.005779,-42.1421347],[-64.005775,-42.1421715],[-64.0057991,-42.1422212],[-64.005834,-42.142262],[-64.0058327,-42.1422838],[-64.0058233,-42.1423107],[-64.0057267,-42.1424012],[-64.0057012,-42.14244],[-64.0056852,-42.1425026],[-64.0057066,-42.1425573],[-64.0057361,-42.1425901],[-64.0057884,-42.142614],[-64.005885,-42.1426319],[-64.0059681,-42.1426309],[-64.0061706,-42.1425822],[-64.0063812,-42.1425155],[-64.0064174,-42.1425125],[-64.0064415,-42.1425185],[-64.0064684,-42.1425503],[-64.0064885,-42.1426249],[-64.0065086,-42.1427353],[-64.0064496,-42.1430097],[-64.0062672,-42.1434791],[-64.006235,-42.1437416],[-64.0062994,-42.1439723],[-64.0064871,-42.1441433],[-64.0070987,-42.1443979],[-64.0124202,-42.1465497],[-64.0136969,-42.1471145],[-64.0146893,-42.1475201],[-64.0151668,-42.1476434],[-64.0155208,-42.1476812],[-64.0157756,-42.1476812],[-64.0162075,-42.1476713],[-64.0164757,-42.1476335],[-64.0167225,-42.147361],[-64.017055,-42.1470628],[-64.0172535,-42.1469196],[-64.0174949,-42.1468758],[-64.0178329,-42.1468917],[-64.0188575,-42.1471224],[-64.0191793,-42.1472815],[-64.019292,-42.1474088],[-64.019528,-42.1476474],[-64.0197158,-42.1476991],[-64.0199411,-42.1476951],[-64.0202469,-42.1476235],[-64.0205419,-42.147544],[-64.0209335,-42.1474883],[-64.0217435,-42.1474366],[-64.0222693,-42.1474645],[-64.0226179,-42.1474645],[-64.0232831,-42.1474525],[-64.0236586,-42.1474088],[-64.0240502,-42.1472815],[-64.0245545,-42.1471343],[-64.0248549,-42.1470389],[-64.0250641,-42.1469872],[-64.0254879,-42.1469156],[-64.0257937,-42.1468798],[-64.0264481,-42.1468997],[-64.0272313,-42.1469554],[-64.0276605,-42.147019],[-64.0277892,-42.1470628],[-64.0278482,-42.1471244],[-64.0278375,-42.1472059],[-64.0277463,-42.1472775],[-64.0276042,-42.1473531],[-64.0270329,-42.1475718],[-64.0266895,-42.1478105],[-64.0265769,-42.1479378],[-64.0265635,-42.1479934],[-64.0265849,-42.1480292],[-64.0266627,-42.1480372],[-64.0268089,-42.1480203],[-64.0269229,-42.1480084],[-64.0270443,-42.1480069],[-64.0270852,-42.1480203],[-64.0270979,-42.1480387],[-64.0270952,-42.1480611],[-64.0270717,-42.1480849],[-64.0269779,-42.1481108],[-64.0269135,-42.1481515],[-64.0267968,-42.1482798],[-64.0265447,-42.1485264],[-64.0262765,-42.1488804],[-64.0258795,-42.149465],[-64.0256918,-42.1500099],[-64.0256918,-42.1505229],[-64.0257883,-42.151545],[-64.02596,-42.151899],[-64.0263945,-42.1523524],[-64.0273923,-42.1528495],[-64.0280038,-42.1532551],[-64.0291303,-42.1537164],[-64.0300959,-42.1543647],[-64.0314049,-42.1550407],[-64.0322793,-42.1551839],[-64.0333468,-42.1552833],[-64.0337277,-42.1551521],[-64.0340334,-42.1549135],[-64.0342534,-42.1547504],[-64.0345645,-42.154647],[-64.0348435,-42.154488],[-64.0352257,-42.1542592],[-64.0358895,-42.1537562],[-64.0361148,-42.1537125],[-64.0362704,-42.153792],[-64.036383,-42.1539153],[-64.0362972,-42.1540306],[-64.0360773,-42.1542016],[-64.0358788,-42.1543408],[-64.0355086,-42.1545675],[-64.0351707,-42.1547504],[-64.0344036,-42.1553986],[-64.0339208,-42.1558003],[-64.0340388,-42.1564525],[-64.0341675,-42.1568979],[-64.0347469,-42.1574546],[-64.03576,-42.15792],[-64.0360773,-42.1581386],[-64.0360665,-42.1582818],[-64.0358198,-42.1584965],[-64.0352833,-42.1585681],[-64.0349293,-42.1588544],[-64.03475,-42.1592199],[-64.0351117,-42.1597133],[-64.0353692,-42.159928],[-64.0351975,-42.1601825],[-64.03511,-42.1605],[-64.0355945,-42.1607392],[-64.0361309,-42.1612323],[-64.0365601,-42.1614789],[-64.0371823,-42.1616459],[-64.0376759,-42.1617731],[-64.0378583,-42.162123],[-64.0379655,-42.1624252],[-64.0389499,-42.16316],[-64.0410399,-42.16417],[-64.0424126,-42.1648707],[-64.0448374,-42.1657096],[-64.0472674,-42.1661788],[-64.0483296,-42.1661828],[-64.0486032,-42.1660317],[-64.0489572,-42.1657931],[-64.0492952,-42.1657494],[-64.0496546,-42.1657772],[-64.0499711,-42.1657693],[-64.0503144,-42.1655943],[-64.0504861,-42.1653876],[-64.0505719,-42.1652365],[-64.0507811,-42.165141],[-64.0513766,-42.1651887],[-64.05244,-42.1652199],[-64.0530852,-42.1650882],[-64.0534472,-42.1643524],[-64.0539414,-42.1635348],[-64.0542046,-42.1629807],[-64.0545216,-42.1631977],[-64.055528,-42.1635952],[-64.0561234,-42.16354],[-64.0565812,-42.1636592],[-64.0567187,-42.1637587],[-64.0567122,-42.1638462],[-64.0566204,-42.1643595],[-64.0564084,-42.1647156],[-64.0560114,-42.165145],[-64.0554106,-42.1660277],[-64.0554553,-42.1665176],[-64.0565374,-42.1673573],[-64.0579578,-42.1679885],[-64.0594447,-42.1683418],[-64.0607794,-42.1696975],[-64.0611925,-42.1699327],[-64.061805,-42.1700276],[-64.0617943,-42.1703377],[-64.0613544,-42.1709022],[-64.0610862,-42.1714986],[-64.0613236,-42.1715305],[-64.0615261,-42.17192],[-64.0624729,-42.1726576],[-64.0630038,-42.1727037],[-64.0632588,-42.1726715],[-64.0635109,-42.172751],[-64.0634787,-42.1730174],[-64.0634465,-42.1731605],[-64.0635109,-42.1733434],[-64.0657425,-42.1744724],[-64.0682531,-42.175681],[-64.0707851,-42.1765079],[-64.0732098,-42.1776369],[-64.0746582,-42.178273],[-64.0755057,-42.1785354],[-64.0763817,-42.178815],[-64.0775622,-42.1790573],[-64.0800494,-42.1796166],[-64.0811276,-42.1797558],[-64.0822274,-42.1799406],[-64.0826994,-42.1799307],[-64.0830213,-42.179883],[-64.0833056,-42.1798154],[-64.0839896,-42.1796345],[-64.0846843,-42.179406],[-64.0850571,-42.1791953],[-64.0853173,-42.1790084],[-64.0857276,-42.1786268],[-64.085784,-42.178597],[-64.0858537,-42.178585],[-64.0859395,-42.178597],[-64.0860146,-42.1786407],[-64.0861166,-42.1788116],[-64.0862373,-42.1789707],[-64.0863821,-42.17908],[-64.0866128,-42.1791833],[-64.0869373,-42.1793364],[-64.0877554,-42.1796703],[-64.0886593,-42.1799923],[-64.0897697,-42.1803839],[-64.0908828,-42.1807536],[-64.0919638,-42.1810616],[-64.0928382,-42.1813399],[-64.0937153,-42.1816738],[-64.094772,-42.1820375],[-64.0961882,-42.1825285],[-64.0974328,-42.1829796],[-64.0982509,-42.1833592],[-64.099305,-42.1836057],[-64.0996966,-42.1836772],[-64.1000909,-42.1837309],[-64.1006112,-42.1837786],[-64.1016895,-42.1838502],[-64.1020677,-42.1838502],[-64.1023466,-42.1838124],[-64.1027811,-42.1836753],[-64.1029555,-42.1836335],[-64.1030842,-42.1836435],[-64.1031915,-42.1836772],[-64.1032586,-42.1837468],[-64.1033122,-42.1838323],[-64.1033658,-42.1838979],[-64.103457,-42.1839118],[-64.1035938,-42.1838899],[-64.1040444,-42.1838025],[-64.104656,-42.1836415],[-64.1047525,-42.1835918],[-64.1048062,-42.1835282],[-64.1049242,-42.1834169],[-64.1051227,-42.1833175],[-64.1053131,-42.1832678],[-64.1055465,-42.1832857],[-64.1056538,-42.1833513],[-64.105694,-42.1834209],[-64.1057047,-42.1834924],[-64.1056725,-42.1835242],[-64.1055518,-42.1835958],[-64.1054285,-42.1837071],[-64.1053721,-42.183872],[-64.1053775,-42.1840231],[-64.1054741,-42.1841503],[-64.1056109,-42.1842655],[-64.1057637,-42.184357],[-64.1059166,-42.1843987],[-64.1061205,-42.1844126],[-64.106732,-42.184349],[-64.1068232,-42.1843649],[-64.1068473,-42.1844067],[-64.1068554,-42.1844782],[-64.1068876,-42.1845279],[-64.1069305,-42.1845676],[-64.1070485,-42.1845895],[-64.107365,-42.1845776],[-64.1076198,-42.1845438],[-64.1077727,-42.1845607],[-64.1078116,-42.1845696],[-64.1078398,-42.1846074],[-64.1078371,-42.1846471],[-64.1078425,-42.1847445],[-64.1079068,-42.1849512],[-64.1080356,-42.1851659],[-64.1083735,-42.1854163],[-64.1090602,-42.1856906],[-64.1105139,-42.1862073],[-64.1124022,-42.1868075],[-64.1135126,-42.1872089],[-64.114387,-42.1875468],[-64.11513,-42.1878529],[-64.1154841,-42.1879781],[-64.1157147,-42.1879999],[-64.1158913,-42.187975],[-64.1161372,-42.1878588],[-64.1162887,-42.1878012],[-64.1163759,-42.1877873],[-64.116447,-42.1877912],[-64.1164765,-42.1878151],[-64.1164738,-42.1878439],[-64.1164497,-42.1878817],[-64.1164121,-42.1879125],[-64.1163665,-42.1879622],[-64.1163451,-42.1880317],[-64.1163826,-42.1882265],[-64.1164684,-42.1883775],[-64.1166508,-42.1885047],[-64.1171819,-42.1887233],[-64.118346,-42.1891407],[-64.1202611,-42.1898203],[-64.1220045,-42.1904841],[-64.1225088,-42.1907544],[-64.1228092,-42.1909292],[-64.1232866,-42.1909491],[-64.1237748,-42.1908974],[-64.124161,-42.1909213],[-64.1244668,-42.1910087],[-64.1247404,-42.1911518],[-64.125073,-42.1913386],[-64.1256201,-42.1915572],[-64.1299653,-42.1927575],[-64.1314673,-42.1932424],[-64.1343454,-42.1941366],[-64.1362068,-42.194695],[-64.1384733,-42.1953309],[-64.1403347,-42.195782],[-64.1430599,-42.1963781],[-64.1450447,-42.1967875],[-64.1475016,-42.1972584],[-64.1488749,-42.1975187],[-64.1503984,-42.197785],[-64.1531718,-42.1982062],[-64.1559774,-42.1985281],[-64.1579783,-42.1987547],[-64.1594428,-42.1989732],[-64.1607329,-42.1991719],[-64.166202,-42.2001972],[-64.1701663,-42.2009801],[-64.1722369,-42.2013576],[-64.1742674,-42.2016874],[-64.1759706,-42.2019457],[-64.1774565,-42.2021961],[-64.1811204,-42.2028915],[-64.1855943,-42.2036704],[-64.189918,-42.204477],[-64.1916105,-42.2047632],[-64.1942418,-42.2051883],[-64.1980022,-42.205848],[-64.2022508,-42.2066268],[-64.2058075,-42.2072347],[-64.2087257,-42.2077036],[-64.2112416,-42.2081248],[-64.2139506,-42.2086572],[-64.2172927,-42.2092652],[-64.2192507,-42.2096069],[-64.2206133,-42.2098135],[-64.2221206,-42.2100797],[-64.2235878,-42.2103837],[-64.22638,-42.21093],[-64.2290568,-42.2114267],[-64.2317605,-42.2118598],[-64.2340887,-42.2122849],[-64.2363256,-42.2126862],[-64.2381656,-42.2129921],[-64.2400754,-42.2133298],[-64.2425591,-42.2138106],[-64.244501,-42.2141841],[-64.2459977,-42.2144582],[-64.2470169,-42.214629],[-64.2482722,-42.2148356],[-64.2504287,-42.2152488],[-64.2519307,-42.2155111],[-64.2535776,-42.2157494],[-64.2557126,-42.216103],[-64.2573863,-42.2163811],[-64.2590332,-42.2166692],[-64.2603341,-42.2169234],[-64.260774,-42.2170069],[-64.2613694,-42.2170863],[-64.2619407,-42.2171559],[-64.2625898,-42.2172234],[-64.2633838,-42.217287],[-64.2641991,-42.2173744],[-64.2653686,-42.2175134],[-64.2665273,-42.2176843],[-64.2671657,-42.2177717],[-64.2676994,-42.2178452],[-64.2682681,-42.2178968],[-64.2688045,-42.2179624],[-64.2693034,-42.2180378],[-64.2702073,-42.2181491],[-64.2716315,-42.2183279],[-64.2727286,-42.218457],[-64.2738363,-42.2185801],[-64.2748421,-42.2187053],[-64.2756656,-42.2188364],[-64.2765319,-42.2189854],[-64.2774653,-42.2191502],[-64.2780232,-42.2192555],[-64.2783907,-42.219327],[-64.2787045,-42.2193588],[-64.2790425,-42.2193846],[-64.2797425,-42.2194244],[-64.2801717,-42.2194303],[-64.280507,-42.2194482],[-64.280802,-42.21948],[-64.2812499,-42.2195535],[-64.2820868,-42.2196687],[-64.2829344,-42.2197859],[-64.2837176,-42.2199051],[-64.2839804,-42.2199329],[-64.2842943,-42.2199468],[-64.2844901,-42.2199547],[-64.2846242,-42.2199706],[-64.2847234,-42.2200123],[-64.2848897,-42.2201037],[-64.2851204,-42.2202328],[-64.28541,-42.22035],[-64.285866,-42.2204652],[-64.2861074,-42.2205129],[-64.2862952,-42.2205387],[-64.2869711,-42.2205923],[-64.2877275,-42.2206539],[-64.289133,-42.2208029],[-64.2896023,-42.2208724],[-64.2901441,-42.2209558],[-64.2905787,-42.2210293],[-64.2911017,-42.2211147],[-64.2913485,-42.2211386],[-64.2914692,-42.2211346],[-64.2916006,-42.2211008],[-64.2918822,-42.2210273],[-64.2919922,-42.2210194],[-64.2920914,-42.2210373],[-64.2922604,-42.2210989],[-64.2925876,-42.221226],[-64.2926949,-42.2212637],[-64.2928076,-42.2213054],[-64.2929631,-42.2212955],[-64.2933467,-42.2212379],[-64.2935908,-42.2212478],[-64.293749,-42.2212876],[-64.293969,-42.2214028],[-64.2941299,-42.2214544],[-64.2942479,-42.2214544],[-64.2946181,-42.2214365],[-64.2949694,-42.2214425],[-64.2952243,-42.2214643],[-64.2963776,-42.221653],[-64.296847,-42.2217325],[-64.2972761,-42.2217722],[-64.2979172,-42.22181],[-64.2983142,-42.2218139],[-64.2987299,-42.2218417],[-64.2990571,-42.2218934],[-64.2998993,-42.2220324],[-64.300594,-42.2221516],[-64.3012136,-42.2222509],[-64.3024179,-42.2223919],[-64.3034345,-42.222529],[-64.3044242,-42.222668],[-64.305599,-42.2228369],[-64.3061757,-42.2229163],[-64.3069777,-42.2230415],[-64.3075222,-42.2231428],[-64.3079647,-42.2232262],[-64.3082544,-42.2232699],[-64.3085682,-42.2233235],[-64.3089196,-42.2234208],[-64.3092656,-42.2235599],[-64.309448,-42.2236393],[-64.3096116,-42.2237029],[-64.3098396,-42.2237426],[-64.3102379,-42.2237734],[-64.3108079,-42.2238181],[-64.3110895,-42.2238439],[-64.3113202,-42.2238876],[-64.3116394,-42.2239849],[-64.3118674,-42.2240763],[-64.3123207,-42.2243186],[-64.3125352,-42.2244239],[-64.3127042,-42.2244815],[-64.3129107,-42.2245172],[-64.3138951,-42.224694],[-64.3151799,-42.2249522],[-64.3160623,-42.2251131],[-64.3163493,-42.2251627],[-64.3167302,-42.2251985],[-64.3170387,-42.2252263],[-64.3172801,-42.225274],[-64.3175778,-42.2253713],[-64.3180499,-42.2254905],[-64.3184468,-42.2255679],[-64.3188465,-42.2256216],[-64.3191683,-42.2256315],[-64.3195036,-42.2256176],[-64.3196377,-42.2256275],[-64.3198121,-42.2256514],[-64.3199596,-42.2256931],[-64.3203378,-42.225844],[-64.3205228,-42.2259334],[-64.3207401,-42.2260029],[-64.3215394,-42.2261777],[-64.3228135,-42.2264875],[-64.3230334,-42.2265153],[-64.3232694,-42.2265193],[-64.3235377,-42.2265094],[-64.3238595,-42.2264994],[-64.3240446,-42.2265173],[-64.3242377,-42.2265749],[-64.3244925,-42.2266663],[-64.3248305,-42.2267398],[-64.3252274,-42.2268133],[-64.32567,-42.2269026],[-64.3271774,-42.2271469],[-64.3280491,-42.227286],[-64.3288538,-42.227429],[-64.3295887,-42.2275521],[-64.3309888,-42.2277309],[-64.3312356,-42.2277706],[-64.3314207,-42.2278361],[-64.3316218,-42.2279493],[-64.3317962,-42.2280228],[-64.3319973,-42.2280725],[-64.3325928,-42.2282393],[-64.3329911,-42.2283396],[-64.33327,-42.2283744],[-64.3335235,-42.2283902],[-64.3336925,-42.2284022],[-64.3338843,-42.2284588],[-64.3340479,-42.2285392],[-64.3341404,-42.2285918],[-64.3342558,-42.2286405],[-64.3344221,-42.2286743],[-64.3357497,-42.2289324],[-64.3368226,-42.2291172],[-64.3376756,-42.2292681],[-64.3386304,-42.2294528],[-64.3401834,-42.229705],[-64.3422568,-42.229999],[-64.3429327,-42.2301062],[-64.3436623,-42.2302313],[-64.3441692,-42.2303267],[-64.3448102,-42.2304389],[-64.3451509,-42.2304895],[-64.3456136,-42.2305759],[-64.3457813,-42.2305938],[-64.3460307,-42.2306166],[-64.3462157,-42.2306424],[-64.3464035,-42.2306881],[-64.3467642,-42.2307974],[-64.3472484,-42.2309215],[-64.3480074,-42.2310714],[-64.3486176,-42.2312045],[-64.3495095,-42.2314011],[-64.3507741,-42.2316444],[-64.3515587,-42.2317864],[-64.3520898,-42.231841],[-64.35224,-42.2318619],[-64.3524371,-42.2319036],[-64.3527013,-42.2319612],[-64.3530849,-42.2320396],[-64.3538412,-42.2321796],[-64.3544018,-42.232263],[-64.3545266,-42.2322898],[-64.3546928,-42.2323643],[-64.3548176,-42.232409],[-64.3549503,-42.2324358],[-64.3551032,-42.2324567],[-64.3553808,-42.2324785],[-64.3555874,-42.2324914],[-64.3557684,-42.2325142],[-64.3560232,-42.2325738],[-64.3561265,-42.2326106],[-64.3561788,-42.2326443],[-64.3562378,-42.2326751],[-64.3563236,-42.2327069],[-64.356447,-42.2327367],[-64.3568024,-42.2328062],[-64.3574663,-42.2329124],[-64.3576621,-42.2329313],[-64.3578766,-42.2329412],[-64.3580496,-42.2329601],[-64.3580993,-42.2329636],[-64.3581415,-42.2329546],[-64.3581562,-42.2329447],[-64.358165,-42.2329318],[-64.3581784,-42.2329278],[-64.3581945,-42.2329293],[-64.3582206,-42.2329258],[-64.3582676,-42.232902],[-64.358342,-42.2328275],[-64.3583567,-42.2328141],[-64.3583735,-42.2328116],[-64.3583976,-42.2328241],[-64.3584251,-42.2328439],[-64.3584493,-42.2328479],[-64.3584909,-42.2328429],[-64.3585284,-42.2328419],[-64.3585593,-42.2328538],[-64.3585941,-42.2328826],[-64.3587014,-42.2329839],[-64.3588074,-42.2331557],[-64.3588932,-42.2332491],[-64.3589844,-42.2333136],[-64.3590648,-42.2333493],[-64.3591708,-42.2333891],[-64.3597019,-42.233539],[-64.3602866,-42.2336691],[-64.3610269,-42.233828],[-64.3618275,-42.2339898],[-64.3625799,-42.2341199],[-64.363005,-42.2341685],[-64.3633255,-42.2342182],[-64.3636246,-42.2342718],[-64.3641235,-42.234384],[-64.3646291,-42.2345051],[-64.364963,-42.2345995],[-64.3657382,-42.2347792],[-64.3662518,-42.2348904],[-64.3669841,-42.2350771],[-64.3676479,-42.2352052],[-64.3682782,-42.235364],[-64.3684714,-42.2354067],[-64.3688589,-42.2354882],[-64.3690453,-42.2354842],[-64.3691634,-42.2354594],[-64.3692575,-42.2354322],[-64.3693992,-42.2353873],[-64.3694515,-42.2353542],[-64.3694906,-42.2352876],[-64.3695636,-42.2351612],[-64.3695788,-42.2351494],[-64.3695973,-42.235143],[-64.3696129,-42.23515],[-64.3696288,-42.2351657],[-64.3696676,-42.235237],[-64.3696877,-42.2353114],[-64.3697119,-42.2354534],[-64.3697575,-42.2355855],[-64.3698299,-42.2357483],[-64.3698835,-42.2358496],[-64.3699318,-42.235927],[-64.3700096,-42.236068],[-64.3700928,-42.2361773],[-64.3702449,-42.2363535],[-64.3702994,-42.236432],[-64.3703373,-42.2365005],[-64.3703677,-42.236524],[-64.3704252,-42.2365297],[-64.3705541,-42.2365151],[-64.3711522,-42.2364017],[-64.3714942,-42.2363798],[-64.3721487,-42.2363937],[-64.3726221,-42.2364473],[-64.3731733,-42.2365079],[-64.3735018,-42.2365446],[-64.3741161,-42.2365526],[-64.3748,-42.2367293],[-64.3753418,-42.2367293],[-64.3755162,-42.236773],[-64.3755966,-42.2368683],[-64.3756503,-42.2369716],[-64.375742,-42.2371155],[-64.3758483,-42.2372841],[-64.3760755,-42.2375166],[-64.3764279,-42.2378064],[-64.3769569,-42.2380998],[-64.3773416,-42.2382296],[-64.3777004,-42.2382836],[-64.3780448,-42.2383102],[-64.3784624,-42.2383491],[-64.3787736,-42.2384421],[-64.3789262,-42.2385501],[-64.3789669,-42.2386714],[-64.3788536,-42.2388209],[-64.3786628,-42.2389094],[-64.3784096,-42.2390017],[-64.378148,-42.2390605],[-64.3778097,-42.2390908],[-64.3775838,-42.2390977],[-64.3773342,-42.2390987],[-64.3771341,-42.2390845],[-64.3768653,-42.2390745],[-64.3766829,-42.2390269],[-64.3765251,-42.2390225],[-64.3762516,-42.2390827],[-64.375947,-42.239092],[-64.3757081,-42.2390261],[-64.375579,-42.2389361],[-64.3754606,-42.2388773],[-64.3753675,-42.2388418],[-64.3751581,-42.2388325],[-64.3748422,-42.2388074],[-64.3746059,-42.2388059],[-64.3741863,-42.2388346],[-64.3737803,-42.2387567],[-64.3734975,-42.2386058],[-64.37326,-42.2384813],[-64.3730239,-42.2383495],[-64.3728047,-42.2382698],[-64.3726152,-42.2382228],[-64.3723133,-42.2382157],[-64.3719713,-42.2382269],[-64.3708128,-42.2383479],[-64.3700217,-42.2384631],[-64.3692283,-42.2386565],[-64.3683356,-42.2389378],[-64.3675161,-42.2392311],[-64.3665339,-42.2396749],[-64.3656493,-42.2401187],[-64.3639638,-42.241037],[-64.3616381,-42.2425341],[-64.360917,-42.2430615],[-64.3605276,-42.2433638],[-64.3600881,-42.2436606],[-64.3597999,-42.24386],[-64.3584194,-42.2443515],[-64.3575099,-42.2445271],[-64.355509,-42.244088],[-64.3544984,-42.2439593],[-64.3538403,-42.2440295],[-64.3528518,-42.2441056],[-64.3522428,-42.2443866],[-64.3520767,-42.2443339],[-64.3518869,-42.2444276],[-64.3516338,-42.2444334],[-64.3512305,-42.2443163],[-64.3507639,-42.2443866],[-64.3493087,-42.2442578],[-64.3488121,-42.2441063],[-64.3482648,-42.2440412],[-64.345386,-42.2448725],[-64.3447534,-42.245013],[-64.3445556,-42.2450833],[-64.3444054,-42.2450716],[-64.3442867,-42.2451594],[-64.3441128,-42.2451184],[-64.3438913,-42.2452882],[-64.3434691,-42.2453969],[-64.3420422,-42.2456312],[-64.3416774,-42.2456471],[-64.3413529,-42.2456173],[-64.3405938,-42.245663],[-64.3396068,-42.2458695],[-64.3388557,-42.2460978],[-64.3379974,-42.2463718],[-64.3372116,-42.2466478],[-64.3362647,-42.2471442],[-64.33557,-42.2475155],[-64.3346018,-42.2480257],[-64.334001,-42.2483593],[-64.3332499,-42.2487167],[-64.3327779,-42.2489788],[-64.3320993,-42.2492488],[-64.3314046,-42.2494195],[-64.3308681,-42.2495466],[-64.3305624,-42.2496459],[-64.3302941,-42.2497511],[-64.3300822,-42.2498266],[-64.3299213,-42.2498266],[-64.3297684,-42.2497491],[-64.3295404,-42.2495466],[-64.329055,-42.2492071],[-64.3286258,-42.2490403],[-64.3280572,-42.2489311],[-64.3274885,-42.2489132],[-64.3267483,-42.2489589],[-64.3258417,-42.2490701],[-64.3249136,-42.2492567],[-64.3239963,-42.2494314],[-64.3230468,-42.2494473],[-64.3220973,-42.2495307],[-64.3212175,-42.2497015],[-64.3200749,-42.2498246],[-64.3191093,-42.2499834],[-64.3179426,-42.250311],[-64.3171567,-42.2505989],[-64.3163252,-42.2509046],[-64.3153757,-42.2512382],[-64.3146622,-42.2514288],[-64.314162,-42.251537],[-64.3137422,-42.251675],[-64.3134834,-42.251802],[-64.313238,-42.251943],[-64.3130703,-42.2520571],[-64.3129309,-42.2521524],[-64.3128249,-42.2522398],[-64.3127089,-42.252275],[-64.3125942,-42.25228],[-64.3124145,-42.2522636],[-64.3122402,-42.2522318],[-64.3121168,-42.2521743],[-64.3120746,-42.2521217],[-64.3120699,-42.2520681],[-64.3120625,-42.2520288],[-64.3120316,-42.252004],[-64.3119914,-42.2520006],[-64.3119337,-42.25201],[-64.3117668,-42.2520472],[-64.3116032,-42.25207],[-64.3114623,-42.252077],[-64.3113443,-42.2520422],[-64.3112739,-42.2519772],[-64.3112545,-42.2519161],[-64.3112773,-42.2518536],[-64.3112759,-42.251803],[-64.3112317,-42.2517266],[-64.3111995,-42.2516382],[-64.3111968,-42.2515931],[-64.3112169,-42.2515558],[-64.3112196,-42.2515131],[-64.3111941,-42.2514844],[-64.311119,-42.2514655],[-64.3110748,-42.2514119],[-64.3110573,-42.2513077],[-64.3110332,-42.2512084],[-64.3109916,-42.2511081],[-64.3109098,-42.2509979],[-64.310769,-42.2508977],[-64.3106912,-42.2508232],[-64.3106,-42.2507319],[-64.3105303,-42.2505979],[-64.3105222,-42.2505582],[-64.3105611,-42.2504639],[-64.3105665,-42.2503189],[-64.3104753,-42.2501085],[-64.3102835,-42.2498901],[-64.3099952,-42.2496379],[-64.3096384,-42.2494076],[-64.3092093,-42.2491992],[-64.3086916,-42.2489639],[-64.3082182,-42.2487911],[-64.3078387,-42.2486829],[-64.3073961,-42.2486065],[-64.3069294,-42.2485876],[-64.3063742,-42.2485995],[-64.3056849,-42.2486432],[-64.3052128,-42.2487127],[-64.3049406,-42.2487653],[-64.3046898,-42.2487534],[-64.3043518,-42.2487048],[-64.3038476,-42.2486968],[-64.3033084,-42.2487763],[-64.3027318,-42.2488934],[-64.3023294,-42.248943],[-64.3018279,-42.2489708],[-64.3012968,-42.2489728],[-64.3007255,-42.248943],[-64.3002427,-42.2489172],[-64.2999423,-42.2489271],[-64.2997652,-42.2489589],[-64.2995694,-42.2490522],[-64.2992985,-42.2491039],[-64.2990303,-42.2490979],[-64.2987353,-42.2490383],[-64.2985716,-42.2489837],[-64.2984724,-42.2489132],[-64.2984402,-42.2488477],[-64.2984442,-42.2487544],[-64.2983624,-42.2485082],[-64.2981425,-42.2482243],[-64.2978367,-42.2480377],[-64.2973888,-42.2478947],[-64.2966753,-42.2476247],[-64.296037,-42.2473904],[-64.2953691,-42.2472593],[-64.2949158,-42.2470648],[-64.2945376,-42.246765],[-64.2942211,-42.2464612],[-64.2937946,-42.2461177],[-64.293403,-42.2458556],[-64.2930678,-42.2455438],[-64.2928103,-42.245248],[-64.2926493,-42.2449621],[-64.2924079,-42.2447337],[-64.2920458,-42.2446166],[-64.2914262,-42.2444955],[-64.2906055,-42.2443863],[-64.2901763,-42.2443585],[-64.2898679,-42.244281],[-64.2895862,-42.2442234],[-64.2891893,-42.2442373],[-64.2888567,-42.2443068],[-64.2884088,-42.2443922],[-64.2877275,-42.2444518],[-64.2869228,-42.2446761],[-64.2863998,-42.2448608],[-64.2859384,-42.2449819],[-64.2855978,-42.2450276],[-64.2851821,-42.2450475],[-64.2846939,-42.245103],[-64.2842513,-42.2451984],[-64.2838302,-42.2453771],[-64.2834011,-42.2455478],[-64.2829827,-42.2456928],[-64.2822558,-42.2458695],[-64.2821056,-42.2458913],[-64.282005,-42.2458734],[-64.2819352,-42.2458188],[-64.2818709,-42.2457166],[-64.281781,-42.2455915],[-64.2816053,-42.2454535],[-64.2812231,-42.2452738],[-64.2807283,-42.2451438],[-64.2801838,-42.2450872],[-64.2796245,-42.245103],[-64.2789808,-42.2452023],[-64.2782217,-42.2454426],[-64.2776933,-42.245657],[-64.2771569,-42.2458774],[-64.2765534,-42.246066],[-64.2760344,-42.2462437],[-64.2756039,-42.2463202],[-64.2751975,-42.2463599],[-64.2749226,-42.2464145],[-64.2746785,-42.2464274],[-64.2744559,-42.2463857],[-64.2741327,-42.2463718],[-64.2737438,-42.246347],[-64.2733066,-42.2462854],[-64.2729324,-42.2461286],[-64.2726481,-42.2459826],[-64.2723745,-42.2457841],[-64.2722082,-42.2455855],[-64.2721117,-42.2453731],[-64.2720178,-42.2451507],[-64.2719722,-42.244968],[-64.2720191,-42.2448181],[-64.2721666,-42.2447278],[-64.2724134,-42.2446196],[-64.272738,-42.2445113],[-64.2729726,-42.2444041],[-64.273375,-42.2441897],[-64.2736995,-42.2439593],[-64.2739892,-42.2437469],[-64.2742547,-42.2434927],[-64.274354,-42.2431949],[-64.274413,-42.2428097],[-64.2744116,-42.2423917],[-64.2743003,-42.2418883],[-64.2741019,-42.2413998],[-64.2737559,-42.2409392],[-64.273379,-42.2406095],[-64.2728359,-42.2402253],[-64.2721438,-42.2398361],[-64.2713955,-42.2394886],[-64.2706069,-42.2391798],[-64.2696896,-42.2389087],[-64.2688863,-42.2387429],[-64.2680092,-42.238588],[-64.2671549,-42.2384848],[-64.2663932,-42.2384768],[-64.2656261,-42.238451],[-64.2648858,-42.2384034],[-64.264285,-42.2382683],[-64.2634481,-42.238181],[-64.2629305,-42.2381512],[-64.2623591,-42.2381512],[-64.2618039,-42.2382048],[-64.2611253,-42.2383537],[-64.2604655,-42.2385146],[-64.2595643,-42.2387489],[-64.2587248,-42.2389177],[-64.2579174,-42.2389296],[-64.257153,-42.2389574],[-64.2563832,-42.23888],[-64.255836,-42.2387687],[-64.2554766,-42.2386059],[-64.255203,-42.2383895],[-64.2550233,-42.238173],[-64.2549509,-42.2378632],[-64.2549884,-42.2375971],[-64.2550313,-42.2372854],[-64.2551172,-42.2368008],[-64.2550394,-42.2364632],[-64.254806,-42.2361296],[-64.2545056,-42.2358655],[-64.2540872,-42.2356351],[-64.2535695,-42.2354524],[-64.2529902,-42.2353313],[-64.2521909,-42.2352578],[-64.2514023,-42.2352558],[-64.2507023,-42.2352697],[-64.2500384,-42.235227],[-64.2495918,-42.2352459],[-64.2489749,-42.2353174],[-64.2486316,-42.2353968],[-64.248476,-42.2354107],[-64.2483231,-42.2353799],[-64.2482038,-42.2352876],[-64.2480683,-42.2351367],[-64.2478685,-42.2349301],[-64.2475896,-42.2347246],[-64.2472369,-42.234531],[-64.2467648,-42.2343344],[-64.2461157,-42.2342132],[-64.2453432,-42.2341596],[-64.2446002,-42.2341953],[-64.2436722,-42.2343622],[-64.2428783,-42.2345707],[-64.241859,-42.2348845],[-64.2407942,-42.2352538],[-64.2398044,-42.2356818],[-64.2380101,-42.2364652],[-64.2355102,-42.2378116],[-64.2338057,-42.2387787],[-64.2321897,-42.2397378],[-64.2313153,-42.2403196],[-64.2304274,-42.2409729],[-64.2295235,-42.2417195],[-64.2293827,-42.241927],[-64.2292795,-42.2420124],[-64.2291923,-42.242075],[-64.2290984,-42.2421296],[-64.2290528,-42.242216],[-64.229034,-42.2423321],[-64.22903,-42.2428653],[-64.2291132,-42.243042],[-64.2292902,-42.2431909],[-64.2295289,-42.2433617],[-64.2297006,-42.243586],[-64.2298535,-42.2438561],[-64.2301458,-42.2441321],[-64.2304784,-42.244416],[-64.2308164,-42.2445947],[-64.2312509,-42.2448012],[-64.2312992,-42.2448985],[-64.2312965,-42.2449899],[-64.2312348,-42.2450891],[-64.2311034,-42.2451567],[-64.2301378,-42.245391],[-64.2298856,-42.2454267],[-64.2296469,-42.2453711],[-64.2293277,-42.2451785],[-64.2290944,-42.2449085],[-64.2289013,-42.2446186],[-64.2287242,-42.2442175],[-64.2285982,-42.2438442],[-64.2283675,-42.2433537],[-64.2280644,-42.2429943],[-64.2275897,-42.242619],[-64.2270505,-42.2423311],[-64.2263478,-42.2421326],[-64.2255539,-42.24193],[-64.2244166,-42.241787],[-64.2234403,-42.2417116],[-64.2226303,-42.2417354],[-64.2208922,-42.2418665],[-64.2194599,-42.2420293],[-64.2182744,-42.2422358],[-64.2169225,-42.2427005],[-64.2160589,-42.2431016],[-64.2156941,-42.2433637],[-64.2151898,-42.2435582],[-64.214648,-42.2435463],[-64.213956,-42.2433835],[-64.2133713,-42.2431651],[-64.2127919,-42.2430142],[-64.2122608,-42.2429586],[-64.2119551,-42.2430023],[-64.2116976,-42.2431016],[-64.2113838,-42.243179],[-64.2110646,-42.2431472],[-64.2107856,-42.2430519],[-64.2104745,-42.2428156],[-64.2100239,-42.2425694],[-64.2094177,-42.2422914],[-64.2086291,-42.2420571],[-64.2078513,-42.24193],[-64.2071298,-42.241926],[-64.2064056,-42.2419797],[-64.2056519,-42.242077],[-64.205212,-42.2421842],[-64.2048445,-42.2422378],[-64.2040962,-42.242208],[-64.2033345,-42.2422477],[-64.2027283,-42.2423311],[-64.2019987,-42.2425416],[-64.2008373,-42.2429705],[-64.1996223,-42.2435185],[-64.1985172,-42.2441102],[-64.1975623,-42.244563],[-64.1969401,-42.2447655],[-64.1964519,-42.2447099],[-64.1957974,-42.2444994],[-64.1951966,-42.2442016],[-64.1945958,-42.2441182],[-64.1939843,-42.2441658],[-64.1929114,-42.2445034],[-64.192037,-42.2448965],[-64.1909695,-42.2454446],[-64.1904491,-42.2457464],[-64.1893494,-42.2462666],[-64.1882873,-42.2468086],[-64.1875577,-42.2472236],[-64.1855675,-42.2482561],[-64.1850311,-42.2484347],[-64.1844678,-42.2484347],[-64.1839743,-42.2483355],[-64.1835719,-42.2481091],[-64.1831052,-42.2476604],[-64.1825527,-42.2471204],[-64.1817588,-42.2466359],[-64.1808629,-42.2462785],[-64.180423,-42.2459568],[-64.1798383,-42.2456749],[-64.1791114,-42.245516],[-64.1782853,-42.2454307],[-64.1772097,-42.245385],[-64.1754556,-42.2453334],[-64.174608,-42.2452063],[-64.1735619,-42.2452301],[-64.1727948,-42.2453771],[-64.1716898,-42.2453413],[-64.1707242,-42.2451467],[-64.1699678,-42.2448568],[-64.1692811,-42.2444796],[-64.1682136,-42.2441003],[-64.1672587,-42.2438263],[-64.1662878,-42.2436377],[-64.1649789,-42.2435424],[-64.1636807,-42.243451],[-64.1626346,-42.2432604],[-64.1621813,-42.2430539],[-64.1619051,-42.2427084],[-64.1614303,-42.24221],[-64.1609931,-42.24166],[-64.1606015,-42.2412311],[-64.1602796,-42.2409233],[-64.1596466,-42.2403673],[-64.158842,-42.2399701],[-64.1578549,-42.2396465],[-64.1569778,-42.2394558],[-64.1558835,-42.2393009],[-64.1546577,-42.2392493],[-64.1535017,-42.2393049],[-64.1522491,-42.2394618],[-64.1508758,-42.2397716],[-64.1499907,-42.2400178],[-64.1494086,-42.2401349],[-64.1488373,-42.2401806],[-64.1482338,-42.2403216],[-64.1475391,-42.2405678],[-64.1466111,-42.2408498],[-64.1449481,-42.2414296],[-64.1425127,-42.2424225],[-64.1417617,-42.2428275],[-64.1412199,-42.243044],[-64.1407558,-42.2432008],[-64.1402811,-42.2432743],[-64.1399136,-42.2432445],[-64.139581,-42.2430797],[-64.1393101,-42.2428156],[-64.1389775,-42.2424582],[-64.1386476,-42.2421187],[-64.1385001,-42.2418645],[-64.1384223,-42.2415527],[-64.1384491,-42.2413204],[-64.1386074,-42.2411199],[-64.1387925,-42.2408836],[-64.13883,-42.2406512],[-64.1387174,-42.2404229],[-64.1384974,-42.2401727],[-64.1379905,-42.2398967],[-64.1373333,-42.2396584],[-64.1364992,-42.239438],[-64.1352654,-42.2393327],[-64.1340476,-42.2393883],[-64.1328031,-42.239575],[-64.1309953,-42.2399642],[-64.1290373,-42.2404805],[-64.1274601,-42.2410285],[-64.1258106,-42.241652],[-64.1246706,-42.2420928],[-64.1235,-42.2425701],[-64.1225356,-42.2430817],[-64.1217792,-42.2435066],[-64.1208834,-42.2440586],[-64.1198963,-42.2447258],[-64.1190112,-42.2453175],[-64.1181368,-42.2458695],[-64.1172516,-42.2463341],[-64.116388,-42.2466279],[-64.1153741,-42.2468583],[-64.114151,-42.247311],[-64.1126651,-42.2480535],[-64.1112489,-42.2488835],[-64.1096127,-42.2500668],[-64.1085774,-42.2508212],[-64.10788,-42.2511349],[-64.1075179,-42.2511687],[-64.107078,-42.2510853],[-64.1066542,-42.2510873],[-64.1062385,-42.2511766],[-64.1053534,-42.2514248],[-64.1047525,-42.2515399],[-64.1042778,-42.2515777],[-64.1037306,-42.2514943],[-64.103111,-42.2513196],[-64.1022393,-42.2510654],[-64.101609,-42.2509046],[-64.100984,-42.2507259],[-64.1004261,-42.2505731],[-64.0999782,-42.2505433],[-64.0994015,-42.2506148],[-64.0981758,-42.250853],[-64.0968078,-42.251266],[-64.095102,-42.2518616],[-64.0940183,-42.2523023],[-64.0930796,-42.2527232],[-64.0925646,-42.2529436],[-64.0923581,-42.253017],[-64.0921408,-42.2530309],[-64.0907058,-42.253017],[-64.0904644,-42.253025],[-64.0901721,-42.2531044],[-64.088324,-42.2541487],[-64.0869319,-42.25505],[-64.086138,-42.2556456],[-64.0858242,-42.2558719],[-64.0855345,-42.2560724],[-64.0849283,-42.2564595],[-64.084526,-42.2567295],[-64.0831473,-42.2577003],[-64.0818089,-42.2588258],[-64.0812913,-42.2593142],[-64.0807119,-42.2598283],[-64.0802023,-42.260275],[-64.0794137,-42.2609519],[-64.0789792,-42.261208],[-64.0786359,-42.2612834],[-64.0781933,-42.2612119],[-64.0777588,-42.2610214],[-64.0773672,-42.2609122],[-64.0769488,-42.2608904],[-64.0764874,-42.2609618],[-64.0756238,-42.261202],[-64.0747547,-42.2615712],[-64.0740332,-42.2620238],[-64.0730918,-42.2627642],[-64.0719974,-42.263856],[-64.0708441,-42.2651422],[-64.0700716,-42.2660752],[-64.0685669,-42.2679211],[-64.0674672,-42.2694077],[-64.0671507,-42.2698206],[-64.0667108,-42.2703088],[-64.0659249,-42.2711285],[-64.0645033,-42.2727858],[-64.0640795,-42.2731708],[-64.0636316,-42.2734923],[-64.0632829,-42.2737285],[-64.0630361,-42.27379],[-64.0627894,-42.2737801],[-64.0612364,-42.2733475],[-64.0607107,-42.2734904],[-64.0599918,-42.2739746],[-64.0568161,-42.2788329],[-64.0537691,-42.2834685],[-64.0516234,-42.2878102],[-64.049542,-42.2919452],[-64.0480507,-42.2959053],[-64.0464521,-42.3012777],[-64.0452397,-42.3060704],[-64.0444136,-42.3110849],[-64.0444136,-42.3137506],[-64.0447033,-42.315734],[-64.0448374,-42.3160117],[-64.0450251,-42.3162893],[-64.0456206,-42.3168447],[-64.0467954,-42.3173405],[-64.0476751,-42.3173802],[-64.048056,-42.3176578],[-64.0483564,-42.3180267],[-64.0482116,-42.3185582],[-64.0482062,-42.3187843],[-64.0483511,-42.3191056],[-64.0484369,-42.3193753],[-64.048512,-42.3197204],[-64.0484852,-42.3201845],[-64.0485013,-42.3203431],[-64.0486997,-42.3206129],[-64.048807,-42.3208905],[-64.0486461,-42.3211523],[-64.0485066,-42.3216203],[-64.0486193,-42.3222827],[-64.0487373,-42.3226436],[-64.048925,-42.3229887],[-64.0488392,-42.323536],[-64.0490431,-42.3239445],[-64.049601,-42.3243015],[-64.0509499,-42.3248799],[-64.0515429,-42.3253604],[-64.0523797,-42.3257729],[-64.0526104,-42.3262013],[-64.0538603,-42.3264551],[-64.0548044,-42.3261775],[-64.0560114,-42.3259038],[-64.0569234,-42.3260783],[-64.0577817,-42.3262964],[-64.0580338,-42.3265066],[-64.0581948,-42.326816],[-64.0581411,-42.3268675],[-64.0580714,-42.3274109],[-64.0585649,-42.3279265],[-64.0588439,-42.3282834],[-64.0593696,-42.3290329],[-64.05967,-42.3292907],[-64.060024,-42.3298023],[-64.0609038,-42.330306],[-64.0620786,-42.330766],[-64.0625399,-42.3307581],[-64.0632802,-42.3306748],[-64.0640634,-42.3307739],[-64.0645301,-42.3307581],[-64.065131,-42.3307065],[-64.0657586,-42.3305558],[-64.0665418,-42.3301196],[-64.0674484,-42.3296556],[-64.0683228,-42.3295009],[-64.0684247,-42.3299134],[-64.0681458,-42.3303853],[-64.0679151,-42.3306748],[-64.0681082,-42.3308493],[-64.0684354,-42.3312815],[-64.0686822,-42.3315512],[-64.0690148,-42.3317098],[-64.0692079,-42.331924],[-64.0690684,-42.332154],[-64.0691865,-42.3325585],[-64.0695834,-42.3328202],[-64.0699589,-42.3332644],[-64.0697765,-42.3333913],[-64.0690799,-42.3334399],[-64.0675771,-42.3334547],[-64.0674698,-42.3334706],[-64.0665364,-42.333542],[-64.066,-42.3337164],[-64.0650773,-42.3338989],[-64.0642727,-42.3336213],[-64.0638328,-42.333423],[-64.0629315,-42.3333992],[-64.0622664,-42.3335102],[-64.0615261,-42.3337958],[-64.0604639,-42.3343351],[-64.0598631,-42.3345333],[-64.0585435,-42.3348268],[-64.057771,-42.3355168],[-64.0576315,-42.3358182],[-64.0572667,-42.3360085],[-64.0561187,-42.3362226],[-64.056108,-42.3367064],[-64.0561509,-42.3373091],[-64.056226,-42.3378167],[-64.0560651,-42.3385305],[-64.05568,-42.3392099],[-64.0551424,-42.3392283],[-64.0544987,-42.3399579],[-64.0541017,-42.340069],[-64.0527392,-42.3403862],[-64.0525782,-42.3406161],[-64.0522885,-42.3411792],[-64.0515804,-42.3414964],[-64.0513229,-42.3413933],[-64.0510118,-42.3414409],[-64.0505934,-42.3416867],[-64.05019,-42.34183],[-64.0490592,-42.3415281],[-64.0487802,-42.3414567],[-64.0477932,-42.3413457],[-64.0472245,-42.3414805],[-64.0466452,-42.3416312],[-64.0461731,-42.3416867],[-64.0453577,-42.3415598],[-64.044714,-42.3421149],[-64.0444887,-42.342559],[-64.0440059,-42.3430586],[-64.0435445,-42.3441609],[-64.0430296,-42.344827],[-64.0421927,-42.3465477],[-64.0419352,-42.3481732],[-64.0419781,-42.3489424],[-64.0420425,-42.3496005],[-64.0424073,-42.3505599],[-64.0430725,-42.351781],[-64.0431798,-42.3527324],[-64.0435231,-42.3530179],[-64.0440166,-42.3534222],[-64.044199,-42.3544609],[-64.0441668,-42.3551506],[-64.0438771,-42.3558166],[-64.0439308,-42.3562051],[-64.0441775,-42.356768],[-64.0447998,-42.3572437],[-64.0452799,-42.3584301],[-64.0459478,-42.3588927],[-64.04668,-42.3595599],[-64.0471816,-42.3600026],[-64.0475249,-42.3609064],[-64.047482,-42.3614851],[-64.0474284,-42.3629359],[-64.048233,-42.3637524],[-64.0488768,-42.364553],[-64.0491557,-42.364886],[-64.0493167,-42.3652506],[-64.0492737,-42.3656549],[-64.049145,-42.3661068],[-64.0493059,-42.3666141],[-64.049542,-42.3670342],[-64.0497244,-42.3676367],[-64.050014,-42.3689763],[-64.0503359,-42.3695708],[-64.0505076,-42.3716237],[-64.0510599,-42.37352],[-64.0525675,-42.377164],[-64.0535438,-42.3787412],[-64.0541339,-42.3800013],[-64.05465,-42.3807999],[-64.0552497,-42.3814675],[-64.0559793,-42.3823868],[-64.0565801,-42.3827672],[-64.0573526,-42.3830129],[-64.0583503,-42.3837499],[-64.05957,-42.38473],[-64.0603352,-42.3848594],[-64.0610325,-42.3848911],[-64.062717,-42.3849624],[-64.0637577,-42.3850099],[-64.064616,-42.384899],[-64.0650022,-42.3848435],[-64.0661824,-42.3852714],[-64.0670943,-42.3851684],[-64.0676844,-42.3853111],[-64.0679526,-42.3854458],[-64.0681887,-42.3858658],[-64.0689182,-42.3867216],[-64.0695727,-42.3872288],[-64.0706349,-42.3878548],[-64.0720403,-42.3893366],[-64.0731501,-42.3899901],[-64.0738106,-42.3903271],[-64.074465,-42.3905569],[-64.0746474,-42.3909452],[-64.0753234,-42.3911195],[-64.0760958,-42.3912463],[-64.0769863,-42.3912542],[-64.0772116,-42.3917059],[-64.0772867,-42.3920229],[-64.0789712,-42.3937106],[-64.0814281,-42.3962302],[-64.08246,-42.3974799],[-64.0833056,-42.3977832],[-64.0842283,-42.3986468],[-64.0848506,-42.3988369],[-64.08578,-42.3991201],[-64.0863633,-42.3992806],[-64.0867818,-42.3994153],[-64.0876079,-42.3996371],[-64.0883589,-42.3996768],[-64.0903759,-42.4000412],[-64.0909767,-42.4001125],[-64.0916956,-42.4005562],[-64.0923901,-42.40098],[-64.0929723,-42.4015148],[-64.0940559,-42.4025685],[-64.0945602,-42.4028537],[-64.0956223,-42.4032815],[-64.0969401,-42.4038901],[-64.0975535,-42.4039153],[-64.0983689,-42.4043273],[-64.0987229,-42.4045887],[-64.099431,-42.4054047],[-64.0999353,-42.4061969],[-64.1002464,-42.4066088],[-64.1006649,-42.407298],[-64.1015768,-42.4087952],[-64.1025317,-42.4098805],[-64.1032505,-42.4104429],[-64.1036399,-42.41088],[-64.1044843,-42.4116787],[-64.1050315,-42.4119955],[-64.1054607,-42.4123995],[-64.1058898,-42.4130966],[-64.1059005,-42.4134134],[-64.10613,-42.4142],[-64.1067159,-42.4147045],[-64.1071701,-42.41521],[-64.1075742,-42.4157184],[-64.1078425,-42.4158768],[-64.108454,-42.4163362],[-64.1089153,-42.4170253],[-64.1101062,-42.4183876],[-64.1110182,-42.4190925],[-64.1118336,-42.4205182],[-64.1128099,-42.421326],[-64.113282,-42.4222448],[-64.1133463,-42.4227437],[-64.1139364,-42.4229892],[-64.1144621,-42.4234011],[-64.1148806,-42.4239396],[-64.1154814,-42.4246524],[-64.1157818,-42.4247949],[-64.1167045,-42.4250959],[-64.1173482,-42.4253968],[-64.1180349,-42.4256582],[-64.1182602,-42.4258878],[-64.1180563,-42.4263947],[-64.1183138,-42.4269411],[-64.1187859,-42.4271787],[-64.1198802,-42.4282003],[-64.1206205,-42.428723],[-64.1214466,-42.4292456],[-64.1225088,-42.4297445],[-64.1238767,-42.4299979],[-64.1246867,-42.4299623],[-64.125309,-42.4299187],[-64.1258562,-42.4298079],[-64.1265214,-42.4295941],[-64.1269237,-42.4294159],[-64.127031,-42.4292219],[-64.126972,-42.4290397],[-64.1268003,-42.4288972],[-64.1267,-42.4287099],[-64.12647,-42.4283699],[-64.1263282,-42.4281607],[-64.1265053,-42.4281171],[-64.1267145,-42.4281488],[-64.1269988,-42.4282795],[-64.1277713,-42.4286161],[-64.1281253,-42.4287467],[-64.1288924,-42.4289447],[-64.1299063,-42.4290952],[-64.1310436,-42.4291387],[-64.1313332,-42.4291823],[-64.1318429,-42.4292575],[-64.1323632,-42.4292456],[-64.1327977,-42.4291546],[-64.1332644,-42.4289962],[-64.1342729,-42.4288259],[-64.1345948,-42.4287507],[-64.135142,-42.4286438],[-64.1356301,-42.42862],[-64.1360539,-42.42862],[-64.1366118,-42.4286002],[-64.1382372,-42.4285171],[-64.1396803,-42.4283745],[-64.140265,-42.4282161],[-64.1405761,-42.4280498],[-64.1408551,-42.4277925],[-64.1409892,-42.4275549],[-64.1410911,-42.4272341],[-64.1413164,-42.4267431],[-64.1414613,-42.4265887],[-64.1415632,-42.4263155],[-64.141472,-42.4260304],[-64.1413325,-42.4258799],[-64.141252,-42.4255671],[-64.1414988,-42.4253493],[-64.1418368,-42.4254602],[-64.1422445,-42.4255513],[-64.1429955,-42.4255275],[-64.14343,-42.4254602],[-64.1441381,-42.4251197],[-64.1444814,-42.4248662],[-64.144873,-42.4245534],[-64.1451573,-42.4244108],[-64.145447,-42.4244465],[-64.1457045,-42.4244623],[-64.1463161,-42.4243396],[-64.1465575,-42.4243],[-64.1471475,-42.4241337],[-64.1475391,-42.4239475],[-64.1481614,-42.4237218],[-64.148553,-42.4235436],[-64.1491914,-42.4231476],[-64.1495991,-42.423009],[-64.1500014,-42.4229496],[-64.1504198,-42.4229694],[-64.1508597,-42.4230526],[-64.1516268,-42.4230447],[-64.1526943,-42.4230249],[-64.1535527,-42.4230882],[-64.15528,-42.4230922],[-64.1572326,-42.4231318],[-64.1589493,-42.4230447],[-64.1599792,-42.4228586],[-64.160564,-42.4226645],[-64.1614759,-42.422225],[-64.1619372,-42.421726],[-64.1621518,-42.4216864],[-64.162522,-42.4216151],[-64.1628921,-42.4215914],[-64.1633642,-42.421631],[-64.1643888,-42.4218646],[-64.1655,-42.42195],[-64.1667491,-42.4218369],[-64.1673875,-42.4216983],[-64.1685516,-42.4213934],[-64.1693777,-42.4210092],[-64.1699249,-42.4206014],[-64.1703433,-42.420245],[-64.170472,-42.4200588],[-64.1704989,-42.4198054],[-64.1705149,-42.4195915],[-64.1703755,-42.4193341],[-64.1701502,-42.4190886],[-64.1701341,-42.4189143],[-64.1708368,-42.4189856],[-64.1711158,-42.4189975],[-64.1715503,-42.4189579],[-64.1718453,-42.4190886],[-64.1721457,-42.4191995],[-64.1728699,-42.4193618],[-64.1743022,-42.4195757],[-64.1760188,-42.4196707],[-64.1772299,-42.41952],[-64.178406,-42.4191876],[-64.1795647,-42.4188153],[-64.1802567,-42.4183837],[-64.1803801,-42.4183401],[-64.1809595,-42.4186609],[-64.1811526,-42.4188233],[-64.1813135,-42.4189658],[-64.1823113,-42.4190094],[-64.1827029,-42.4190292],[-64.182896,-42.4191124],[-64.1830516,-42.4192826],[-64.1832179,-42.4194886],[-64.1836309,-42.4195638],[-64.1840601,-42.4195638],[-64.1849774,-42.4196905],[-64.1852295,-42.4196589],[-64.1856426,-42.4198093],[-64.1859216,-42.4199361],[-64.1862273,-42.4199559],[-64.1864687,-42.4198489],[-64.1868603,-42.4199598],[-64.1870534,-42.41994],[-64.1874343,-42.4197301],[-64.1877025,-42.4197024],[-64.1879922,-42.4196589],[-64.1883409,-42.4194846],[-64.188636,-42.4193618],[-64.1890115,-42.4192787],[-64.1896981,-42.4190609],[-64.1902185,-42.4186886],[-64.1904974,-42.4184035],[-64.1906101,-42.4178966],[-64.1906208,-42.4174728],[-64.1904867,-42.4170649],[-64.1906315,-42.4168075],[-64.1905725,-42.4165897],[-64.1903848,-42.416455],[-64.1902667,-42.4160154],[-64.1903311,-42.4159798],[-64.1905993,-42.4159441],[-64.1908193,-42.415956],[-64.1911197,-42.4158649],[-64.1917259,-42.4159956],[-64.1918385,-42.4160471],[-64.1922677,-42.4161738],[-64.1924822,-42.4163718],[-64.1930455,-42.4165857],[-64.1934103,-42.4166412],[-64.1935927,-42.4168194],[-64.1939628,-42.417354],[-64.1944939,-42.4176471],[-64.1949499,-42.4177896],[-64.1952932,-42.4178886],[-64.1953898,-42.4180787],[-64.1959316,-42.4181183],[-64.1965377,-42.4180114],[-64.1970366,-42.4178728],[-64.197337,-42.4177184],[-64.1978574,-42.4176431],[-64.1982329,-42.4177976],[-64.1983455,-42.4179441],[-64.1984904,-42.4181975],[-64.1985709,-42.4183837],[-64.1989034,-42.4184668],[-64.1990912,-42.418653],[-64.1992039,-42.4189183],[-64.1995311,-42.4192351],[-64.2011243,-42.4196113],[-64.2013013,-42.4196866],[-64.2021489,-42.4199044],[-64.2032647,-42.4204073],[-64.207567,-42.4214211],[-64.2095974,-42.4218092],[-64.211129,-42.4220606],[-64.2122903,-42.422223],[-64.2129985,-42.4223062],[-64.2138997,-42.4222903],[-64.2146668,-42.4222428],[-64.2155948,-42.422122],[-64.2164263,-42.4219953],[-64.2175394,-42.4217518],[-64.2181499,-42.42153],[-64.218733,-42.4212924],[-64.2189422,-42.4211993],[-64.2194036,-42.4209795],[-64.2199373,-42.4206033],[-64.219999,-42.4204826],[-64.2201278,-42.4202964],[-64.2201626,-42.4200588],[-64.2201358,-42.4199301],[-64.2200822,-42.4197282],[-64.2201975,-42.4194787],[-64.2202914,-42.4194113],[-64.2204604,-42.4193282],[-64.2207018,-42.4192272],[-64.2208841,-42.4190846],[-64.2212275,-42.4187163],[-64.2212248,-42.4184728],[-64.2213428,-42.4184391],[-64.2214581,-42.4183817],[-64.2216191,-42.4182985],[-64.2217827,-42.4181956],[-64.2222279,-42.4180649],[-64.2222896,-42.4181005],[-64.2224935,-42.4181698],[-64.2226839,-42.4181896],[-64.2228717,-42.4181639],[-64.2231426,-42.4180906],[-64.2233384,-42.4180015],[-64.2235181,-42.4178946],[-64.2237836,-42.4177679],[-64.2242825,-42.4177184],[-64.2243844,-42.4177362],[-64.2246151,-42.4177936],[-64.2248994,-42.4178411],[-64.2251864,-42.4178688],[-64.2257336,-42.4178391],[-64.2258516,-42.4178094],[-64.2259938,-42.4177085],[-64.226152,-42.4176035],[-64.2263022,-42.4175421],[-64.2266026,-42.4175342],[-64.2269003,-42.4175461],[-64.2272222,-42.4175698],[-64.2280296,-42.4177659],[-64.2284024,-42.4179124],[-64.2288449,-42.4180094],[-64.2293036,-42.4180985],[-64.2303953,-42.4184352],[-64.2309183,-42.4185856],[-64.2317578,-42.4187064],[-64.2325062,-42.4187183],[-64.2328227,-42.4186866],[-64.2334476,-42.4185599],[-64.2340109,-42.4183401],[-64.2346519,-42.4181401],[-64.2349577,-42.4180926],[-64.235242,-42.4180431],[-64.2355102,-42.418053],[-64.235816,-42.4180886],[-64.2368889,-42.4181619],[-64.2372108,-42.4182154],[-64.2378679,-42.418255],[-64.2390025,-42.4184431],[-64.2394745,-42.418449],[-64.2395201,-42.418455],[-64.2398474,-42.4184589],[-64.2403784,-42.41835],[-64.2404428,-42.4182649],[-64.2406467,-42.4182312],[-64.2408559,-42.4181401],[-64.2409739,-42.4180431],[-64.2411509,-42.4179797],[-64.2413306,-42.417952],[-64.2416149,-42.4178827],[-64.2421004,-42.417659],[-64.2423096,-42.4175877],[-64.2426449,-42.4174847],[-64.2430714,-42.4173916],[-64.2441604,-42.4171263],[-64.2445251,-42.4169065],[-64.2446753,-42.4168194],[-64.2448604,-42.4166907],[-64.2450294,-42.4165362],[-64.245185,-42.4163798],[-64.2455363,-42.416156],[-64.2456007,-42.4160392],[-64.245826,-42.4159105],[-64.2459333,-42.4158095],[-64.2461452,-42.415661],[-64.246392,-42.4155184],[-64.2466199,-42.4154075],[-64.2467192,-42.4153798],[-64.2468721,-42.4153223],[-64.2469069,-42.4152075],[-64.2469364,-42.4151144],[-64.2470008,-42.4149461],[-64.2471778,-42.4148491],[-64.2473951,-42.4148887],[-64.2475131,-42.414954],[-64.2475292,-42.4150689],[-64.2476258,-42.4152808],[-64.2477492,-42.4154134],[-64.2478833,-42.4154827],[-64.2482883,-42.4155164],[-64.2486316,-42.4156016],[-64.2488945,-42.415659],[-64.2501014,-42.4158887],[-64.2508632,-42.4160788],[-64.2512253,-42.4161006],[-64.2515525,-42.4161184],[-64.2521694,-42.4161223],[-64.2523813,-42.4160867],[-64.2525476,-42.4160134],[-64.25273,-42.4159897],[-64.252899,-42.4159897],[-64.2530412,-42.4159204],[-64.2530787,-42.4158115],[-64.2531538,-42.4157045],[-64.2532557,-42.4156273],[-64.2534006,-42.4156293],[-64.2536902,-42.4157818],[-64.2538297,-42.4158649],[-64.2541006,-42.4159778],[-64.2545378,-42.4160392],[-64.2549294,-42.4161322],[-64.255482,-42.4162471],[-64.2557475,-42.4162966],[-64.2562625,-42.4163441],[-64.2567694,-42.4164174],[-64.2577055,-42.4165758],[-64.2578048,-42.4165679],[-64.2581105,-42.4166293],[-64.2584619,-42.4166689],[-64.2599699,-42.41684],[-64.2604467,-42.4168154],[-64.2608812,-42.4167362],[-64.2610234,-42.416653],[-64.2611763,-42.4165659],[-64.261364,-42.4165877],[-64.2615464,-42.4165263],[-64.2617744,-42.4163996],[-64.2620426,-42.416356],[-64.262225,-42.4163362],[-64.2625952,-42.4161461],[-64.2629573,-42.416055],[-64.2631397,-42.4160313],[-64.2633542,-42.4159006],[-64.2635661,-42.4157699],[-64.2636788,-42.4156511],[-64.2638129,-42.4155243],[-64.2640168,-42.4154491],[-64.2644754,-42.4153857],[-64.2648777,-42.4151976],[-64.2650226,-42.4151322],[-64.2651594,-42.4150748],[-64.2653498,-42.4149679],[-64.2655563,-42.4147481],[-64.2657441,-42.4145837],[-64.2659023,-42.4145164],[-64.2660686,-42.4145144],[-64.2663717,-42.4145897],[-64.2664254,-42.4146253],[-64.2666051,-42.4146966],[-64.2668062,-42.4147837],[-64.2670476,-42.4147877],[-64.2672408,-42.4148431],[-64.2675009,-42.414954],[-64.2679998,-42.414962],[-64.2681849,-42.4149719],[-64.2682895,-42.4150511],[-64.2683619,-42.4151303],[-64.2686006,-42.4151501],[-64.2689386,-42.4151679],[-64.269467,-42.4151976],[-64.2695716,-42.4152313],[-64.2699364,-42.4153184],[-64.270615,-42.4153936],[-64.271881,-42.4155224],[-64.2720848,-42.4155105],[-64.2725167,-42.4155758],[-64.2731711,-42.4157006],[-64.2738551,-42.4157085],[-64.2740616,-42.4157719],[-64.2747912,-42.4158035],[-64.2757809,-42.4158709],[-64.2761081,-42.4159936],[-64.2765158,-42.4158827],[-64.2768565,-42.4158827],[-64.2770228,-42.4158392],[-64.2773044,-42.4157936],[-64.2774439,-42.4158313],[-64.277629,-42.4158649],[-64.2778248,-42.4158233],[-64.2779991,-42.4158709],[-64.2781922,-42.415859],[-64.2784631,-42.4157837],[-64.2786965,-42.41576],[-64.2788842,-42.4158055],[-64.279182,-42.415754],[-64.2794582,-42.4157679],[-64.279536,-42.4157679],[-64.2798391,-42.4156649],[-64.2799893,-42.4156748],[-64.2801744,-42.4158016],[-64.2802978,-42.4158709],[-64.2805177,-42.4159481],[-64.2808127,-42.4159402],[-64.2811078,-42.4158709],[-64.2814484,-42.4155738],[-64.2814564,-42.415405],[-64.2817011,-42.4152846],[-64.2820036,-42.4151357],[-64.2827975,-42.4151674],[-64.2836129,-42.4154288],[-64.2844391,-42.4153971],[-64.2859411,-42.4153654],[-64.2873895,-42.415405],[-64.2890739,-42.415302],[-64.2905116,-42.4152387],[-64.291445,-42.4150882],[-64.2923999,-42.4147793],[-64.2925286,-42.4145619],[-64.2926788,-42.414352],[-64.2928237,-42.414158],[-64.2929685,-42.4140273],[-64.29316,-42.4137801],[-64.2934138,-42.4138372],[-64.2937088,-42.4137337],[-64.2941701,-42.4131555],[-64.2943525,-42.4125772],[-64.2944061,-42.412197],[-64.2943847,-42.411793],[-64.2944598,-42.4117381],[-64.2946208,-42.411441],[-64.2950016,-42.411136],[-64.2952001,-42.4110529],[-64.2953664,-42.4108192],[-64.2955327,-42.4106014],[-64.2956454,-42.4103479],[-64.2958599,-42.40973],[-64.2959887,-42.4094607],[-64.2962354,-42.4091002],[-64.2966539,-42.40872],[-64.2970616,-42.4084665],[-64.2972279,-42.4081377],[-64.2974049,-42.407508],[-64.2974961,-42.4071396],[-64.2977053,-42.4067673],[-64.2981988,-42.4064108],[-64.298467,-42.4061137],[-64.2989123,-42.4058087],[-64.2991376,-42.4055433],[-64.2994273,-42.4049056],[-64.2995828,-42.4045689],[-64.3000066,-42.4042837],[-64.3003285,-42.4041451],[-64.3011332,-42.4041728],[-64.3012404,-42.4042124],[-64.3014175,-42.4044025],[-64.3016911,-42.4046244],[-64.3020612,-42.4046085],[-64.3027639,-42.4045808],[-64.3034077,-42.4048224],[-64.3039548,-42.4048977],[-64.3044537,-42.4049175],[-64.3047434,-42.4049927],[-64.3051243,-42.4051116],[-64.305355,-42.4052542],[-64.3056929,-42.4053453],[-64.3062186,-42.405674],[-64.3064708,-42.4059632],[-64.3066746,-42.4061058],[-64.3071574,-42.4066841],[-64.3074524,-42.4070525],[-64.307844,-42.4077535],[-64.3087184,-42.4086527],[-64.3090296,-42.4090369],[-64.309271,-42.4094725],[-64.309566,-42.4099201],[-64.3115777,-42.4112153],[-64.3136108,-42.412043],[-64.3166685,-42.4130371],[-64.3178165,-42.413255],[-64.3189806,-42.4132629],[-64.3197155,-42.4131876],[-64.3199194,-42.4129777],[-64.3199462,-42.4127203],[-64.3201017,-42.4123163],[-64.3206114,-42.4121658],[-64.3211103,-42.4118292],[-64.3216682,-42.4117896],[-64.3227518,-42.4118173],[-64.3227947,-42.411841],[-64.3232185,-42.4119836],[-64.3236423,-42.4121302],[-64.3240607,-42.4122767],[-64.3248278,-42.412249],[-64.3254769,-42.4121698],[-64.3256003,-42.412245],[-64.3259651,-42.4123322],[-64.326421,-42.4123361],[-64.3268824,-42.4123322],[-64.327569,-42.412348],[-64.3277997,-42.4123084],[-64.3280304,-42.4123638],[-64.3280679,-42.4125183],[-64.3280196,-42.4126609],[-64.3279445,-42.4128272],[-64.3278265,-42.4130094],[-64.327746,-42.4132669],[-64.3278855,-42.4134451],[-64.3281698,-42.4135995],[-64.3281913,-42.4137342],[-64.3280518,-42.4139639],[-64.3282342,-42.4141223],[-64.3285453,-42.4142649],[-64.3290603,-42.4145065],[-64.329527,-42.4145778],[-64.3301117,-42.4146412],[-64.3306053,-42.414653],[-64.3312973,-42.4146491],[-64.3318391,-42.4148471],[-64.3321985,-42.4152273],[-64.3321717,-42.415259],[-64.331941,-42.4154016],[-64.3317103,-42.4155204],[-64.3315226,-42.415659],[-64.3313402,-42.4159521],[-64.3312383,-42.4160629],[-64.3310076,-42.4161897],[-64.3309379,-42.4162887],[-64.3308467,-42.4167045],[-64.3306965,-42.4170689],[-64.3308681,-42.4178847],[-64.3319035,-42.4187084],[-64.332751,-42.4192866],[-64.334473,-42.4202727],[-64.3357551,-42.4208588],[-64.3370909,-42.4214647],[-64.3382978,-42.4218646],[-64.3395639,-42.4222646],[-64.3416131,-42.4228546],[-64.3430185,-42.4233773],[-64.3449122,-42.4239],[-64.3452823,-42.4239594],[-64.3458456,-42.4239911],[-64.3463874,-42.4239911],[-64.3472618,-42.4239753],[-64.3476695,-42.4241495],[-64.3480611,-42.424292],[-64.34847,-42.42456],[-64.3490481,-42.4248781],[-64.349708,-42.4251988],[-64.3504804,-42.4257651],[-64.350872,-42.4259829],[-64.3514139,-42.4261967],[-64.3525082,-42.4264264],[-64.353978,-42.4267075],[-64.356274,-42.4270678],[-64.3573147,-42.4271035],[-64.3579531,-42.4270243],[-64.3587631,-42.4269491],[-64.3589616,-42.4269213],[-64.3593746,-42.4269055],[-64.3595892,-42.4269649],[-64.3600559,-42.4270718],[-64.3603724,-42.4270599],[-64.3606836,-42.4269372],[-64.360823,-42.4267788],[-64.3609572,-42.4266283],[-64.3614185,-42.4264858],[-64.3617404,-42.4264501],[-64.3620944,-42.4264541],[-64.3630278,-42.4265095],[-64.3631619,-42.4265135],[-64.3637735,-42.4264541],[-64.3643314,-42.4263115],[-64.365018,-42.426066],[-64.3651575,-42.4259987],[-64.3653667,-42.4259156],[-64.3655974,-42.4258839],[-64.3665683,-42.4254721],[-64.3669814,-42.4252464],[-64.3672603,-42.4249929],[-64.3677753,-42.4246445],[-64.3679953,-42.4244544],[-64.3681186,-42.4242485],[-64.3684298,-42.4236505],[-64.3685532,-42.4232862],[-64.3686014,-42.4232348],[-64.3686605,-42.4228942],[-64.368816,-42.4226685],[-64.3694919,-42.4226368],[-64.3698299,-42.4227239],[-64.3700552,-42.4228308],[-64.3701893,-42.4229457],[-64.3703932,-42.4233773],[-64.3715358,-42.4237971],[-64.3718523,-42.423706],[-64.372083,-42.423706],[-64.3726409,-42.4238446],[-64.3729305,-42.424003],[-64.3737191,-42.4243158],[-64.3741053,-42.4243712],[-64.3746579,-42.424399],[-64.3758541,-42.4246445],[-64.3769109,-42.4249058],[-64.3772221,-42.4247355],[-64.3774742,-42.4247553],[-64.3776995,-42.4249058],[-64.3777639,-42.4251672],[-64.3778712,-42.4253216],[-64.377898,-42.4255829],[-64.3779892,-42.4258997],[-64.3783164,-42.4266046],[-64.37865,-42.42677],[-64.3792176,-42.426953],[-64.3796039,-42.4270916],[-64.3797004,-42.4272025],[-64.3798292,-42.4274678],[-64.3798667,-42.4276974],[-64.3799365,-42.4281132],[-64.3807036,-42.4285171],[-64.3810576,-42.4286438],[-64.3813366,-42.4287428],[-64.3820286,-42.4288259],[-64.3825543,-42.4289447],[-64.3830586,-42.4290754],[-64.3835735,-42.4291823],[-64.3842499,-42.4292699],[-64.3853921,-42.4293129],[-64.3859392,-42.4293525],[-64.3863201,-42.4293802],[-64.3869585,-42.429503],[-64.3881655,-42.429507],[-64.3890184,-42.429499],[-64.3901074,-42.4295386],[-64.39153,-42.42944],[-64.3918777,-42.4294317],[-64.3921673,-42.4294476],[-64.3926501,-42.4297287],[-64.3927467,-42.429994],[-64.3926609,-42.4299742],[-64.3931222,-42.4301167],[-64.3937953,-42.4303142],[-64.3947824,-42.4303538],[-64.3954986,-42.430283],[-64.3971723,-42.4304018],[-64.3985939,-42.4303384],[-64.3998706,-42.4301128],[-64.4005867,-42.4299262],[-64.4010133,-42.429994],[-64.4016302,-42.4301524],[-64.4017857,-42.4302751],[-64.4021505,-42.4305325],[-64.4035049,-42.4312724],[-64.404586,-42.4313956],[-64.4060691,-42.431415],[-64.4068605,-42.4313481],[-64.4076677,-42.4312566],[-64.4087917,-42.4310868],[-64.4093227,-42.4308413],[-64.4098753,-42.4306235],[-64.4104546,-42.4302989],[-64.4105887,-42.4299148],[-64.4105485,-42.4296272],[-64.4104885,-42.4292905],[-64.4104285,-42.4292037],[-64.4104658,-42.4290834],[-64.4105426,-42.4291862],[-64.4105967,-42.4293006],[-64.4107934,-42.4293472],[-64.410851,-42.4294057],[-64.4106974,-42.4294446],[-64.4108342,-42.4295084],[-64.410875,-42.4294358],[-64.4109543,-42.4295882],[-64.4110839,-42.429737],[-64.4108542,-42.4298945],[-64.4109543,-42.4300046],[-64.4109086,-42.430102],[-64.4109735,-42.4301658],[-64.4108942,-42.430343],[-64.4107694,-42.4304865],[-64.4107262,-42.4306212],[-64.4107694,-42.4306744],[-64.4107454,-42.430848],[-64.4106446,-42.4310589],[-64.4107469,-42.4315258],[-64.4109829,-42.4318347],[-64.4109507,-42.4321989],[-64.4117768,-42.432674],[-64.4123107,-42.4328131],[-64.4126755,-42.4329002],[-64.4136411,-42.4329794],[-64.4140542,-42.4330071],[-64.4148105,-42.4330981],[-64.41586,-42.43312],[-64.416275,-42.4331338],[-64.416436,-42.4330704],[-64.4165969,-42.43311],[-64.4167203,-42.433205],[-64.4168007,-42.4333832],[-64.4167739,-42.4335772],[-64.4166988,-42.4337791],[-64.4170153,-42.4341671],[-64.4173157,-42.4345195],[-64.4175035,-42.4347491],[-64.4175357,-42.4350342],[-64.4176161,-42.4353153],[-64.4182599,-42.4354816],[-64.4184852,-42.4356241],[-64.4185549,-42.4358221],[-64.4187212,-42.4359171],[-64.4189358,-42.435925],[-64.4189143,-42.4360992],[-64.4190002,-42.4361982],[-64.419263,-42.4362338],[-64.4194078,-42.4364041],[-64.4194186,-42.4365505],[-64.4196063,-42.4366812],[-64.419837,-42.4367168],[-64.4200784,-42.4367327],[-64.4202393,-42.4368593],[-64.4204485,-42.4371642],[-64.420985,-42.4372434],[-64.421044,-42.4373978],[-64.421162,-42.4376789],[-64.4212103,-42.437952],[-64.4212318,-42.438344],[-64.4214517,-42.4386686],[-64.4216716,-42.4386924],[-64.4219613,-42.4388111],[-64.4227552,-42.439496],[-64.4237584,-42.4398642],[-64.4251907,-42.4399988],[-64.4285113,-42.4400701],[-64.4303888,-42.4400701],[-64.4320625,-42.4400226],[-64.43416,-42.4400701],[-64.4373518,-42.4400701],[-64.4405598,-42.4400859],[-64.4428343,-42.4399157],[-64.4440466,-42.4398602],[-64.4460958,-42.4396108],[-64.447614,-42.4393693],[-64.4496042,-42.4388309],[-64.4504356,-42.4385459],[-64.4507468,-42.4383875],[-64.4512028,-42.43815],[-64.4515675,-42.4379441],[-64.4520503,-42.4375403],[-64.452104,-42.4371959],[-64.4522595,-42.4371127],[-64.4524151,-42.4369781],[-64.4524849,-42.4367168],[-64.4524258,-42.4364318],[-64.4522971,-42.4361784],[-64.4523937,-42.4360042],[-64.45301,-42.43612],[-64.4536436,-42.4359369],[-64.4541955,-42.4364318],[-64.4554836,-42.4371879],[-64.456594,-42.4374532],[-64.4570768,-42.4374968],[-64.4575113,-42.4375601],[-64.4579405,-42.4377303],[-64.459936,-42.4379402],[-64.4606227,-42.4379164],[-64.4619852,-42.4376353],[-64.4625378,-42.4376036],[-64.4625914,-42.4376591],[-64.462747,-42.4377541],[-64.4631869,-42.4378412],[-64.4643188,-42.4377976],[-64.4649635,-42.4379795],[-64.4654453,-42.4381896],[-64.4657832,-42.4383677],[-64.4661856,-42.4387438],[-64.4669376,-42.4389534],[-64.4672531,-42.4389774],[-64.4681811,-42.4388864],[-64.4689536,-42.4387834],[-64.4697046,-42.4386251],[-64.4703913,-42.4385578],[-64.4720821,-42.4384308],[-64.4729434,-42.4384082],[-64.4737783,-42.4383786],[-64.4742868,-42.4383674],[-64.4747237,-42.4383598],[-64.474538,-42.438633],[-64.4740015,-42.4386488],[-64.4735885,-42.4386924],[-64.4733095,-42.4387478],[-64.4730896,-42.4388943],[-64.4730949,-42.4390526],[-64.4733149,-42.439116],[-64.4737601,-42.4390803],[-64.4743502,-42.439013],[-64.4744629,-42.4390012],[-64.4747794,-42.4390566],[-64.4738031,-42.4394525],[-64.4737387,-42.4396267],[-64.473846,-42.4398167],[-64.4741893,-42.4400226],[-64.4748116,-42.4401255],[-64.4755626,-42.4400463],[-64.4763243,-42.4397375],[-64.4768715,-42.4394604],[-64.4773865,-42.4392229],[-64.478631,-42.4388428],[-64.4798434,-42.4383281],[-64.4808626,-42.4378927],[-64.4814205,-42.4376076],[-64.4826758,-42.4369108],[-64.4833946,-42.4364595],[-64.4836414,-42.4362457],[-64.4840276,-42.4357944],[-64.4838667,-42.4353588],[-64.4834805,-42.4354301],[-64.4828689,-42.4357152],[-64.4823539,-42.435826],[-64.4818175,-42.4361507],[-64.4814742,-42.4363645],[-64.4810772,-42.4364912],[-64.4804442,-42.4366574],[-64.4798112,-42.4367445],[-64.4800365,-42.4362694],[-64.4800687,-42.4361269],[-64.4806159,-42.435826],[-64.4822252,-42.4348837],[-64.483738,-42.4338623],[-64.4839847,-42.4335297],[-64.4847357,-42.4330467],[-64.4852615,-42.4323894],[-64.485594,-42.431748],[-64.4856799,-42.4311224],[-64.4857657,-42.4307027],[-64.4859481,-42.4301325],[-64.4862163,-42.4291348],[-64.4861949,-42.4285963],[-64.4861627,-42.4278994],[-64.4858837,-42.4274163],[-64.485637,-42.4269886],[-64.4852615,-42.4266798],[-64.4852829,-42.4261175],[-64.4847786,-42.4252384],[-64.4844353,-42.4249375],[-64.484387,-42.4248227],[-64.4841778,-42.4246286],[-64.4839847,-42.4244623],[-64.4834805,-42.4241376],[-64.4829869,-42.4235436],[-64.4828099,-42.4232268],[-64.4826973,-42.4228586],[-64.4826222,-42.4226012],[-64.4825041,-42.422324],[-64.4824076,-42.4220824],[-64.482252,-42.4219359],[-64.4819731,-42.4210528],[-64.4819194,-42.420542],[-64.4820267,-42.4203519],[-64.4821018,-42.4200271],[-64.4821072,-42.4198291],[-64.4821554,-42.4196311],[-64.4822466,-42.4194846],[-64.4824183,-42.4191718],[-64.4824505,-42.4189539],[-64.4823539,-42.4187678],[-64.4823003,-42.4184352],[-64.4823378,-42.418154],[-64.4826329,-42.4179599],[-64.4828957,-42.4178015],[-64.4829547,-42.4176669],[-64.4829494,-42.4175362],[-64.4834912,-42.417354],[-64.4839364,-42.4170491],[-64.4843173,-42.4165025],[-64.4850999,-42.4158199],[-64.4853419,-42.4156352],[-64.4855762,-42.4156822],[-64.4858998,-42.4158491],[-64.486124,-42.4160605],[-64.4861519,-42.4160669],[-64.4862485,-42.416261],[-64.4864068,-42.4168694],[-64.4868309,-42.4171304],[-64.4869834,-42.4174768],[-64.487096,-42.4177696],[-64.4872356,-42.4180431],[-64.4877852,-42.4183306],[-64.4880348,-42.4184035],[-64.4884157,-42.418554],[-64.488743,-42.4186094],[-64.4891614,-42.4188074],[-64.4898176,-42.4192569],[-64.4901645,-42.4195321],[-64.4907719,-42.4200397],[-64.4911462,-42.4205816],[-64.491173,-42.420831],[-64.4913983,-42.4211756],[-64.4917685,-42.4214845],[-64.4916505,-42.4217933],[-64.4914573,-42.422122],[-64.4914842,-42.4222963],[-64.4915754,-42.4224903],[-64.4914144,-42.4226883],[-64.4914949,-42.4229813],[-64.4914788,-42.4232981],[-64.4914198,-42.4235476],[-64.4915056,-42.4236307],[-64.4914949,-42.4238644],[-64.4915271,-42.4240822],[-64.4915539,-42.4250167],[-64.4914895,-42.4254721],[-64.4914466,-42.4256859],[-64.4913822,-42.4260779],[-64.4910657,-42.4266798],[-64.4909585,-42.4270758],[-64.4910014,-42.4272817],[-64.4911033,-42.4275034],[-64.4912159,-42.4278479],[-64.4914359,-42.4283112],[-64.492,-42.42907],[-64.4923157,-42.4292337],[-64.4926982,-42.42938],[-64.4937319,-42.429792],[-64.4951558,-42.430103],[-64.494324,-42.4641709],[-64.4934636,-42.4993931],[-64.4933966,-42.5002454],[-64.4927985,-42.5002474],[-64.4919133,-42.5002711],[-64.4903255,-42.5004174],[-64.4890004,-42.5005598],[-64.4875976,-42.5007417],[-64.4859561,-42.5009573],[-64.4851032,-42.501072],[-64.4839686,-42.5012757],[-64.4830164,-42.5014418],[-64.482429,-42.5015683],[-64.4819516,-42.501689],[-64.4813749,-42.5017839],[-64.4799882,-42.50195],[-64.4779256,-42.5022881],[-64.4765255,-42.5024938],[-64.4755062,-42.5026085],[-64.4743904,-42.5026718],[-64.4731003,-42.5027627],[-64.4721991,-42.5028478],[-64.4711638,-42.503],[-64.4695598,-42.5033026],[-64.4689214,-42.5034153],[-64.4682482,-42.5034964],[-64.4676286,-42.5035834],[-64.4667944,-42.5037475],[-64.4662178,-42.5038325],[-64.4655445,-42.5038859],[-64.4650885,-42.5039314],[-64.463954,-42.5041311],[-64.463152,-42.5042834],[-64.4620174,-42.5045839],[-64.4606388,-42.5049834],[-64.4593298,-42.5053946],[-64.4586808,-42.505624],[-64.4577608,-42.5059799],[-64.4570661,-42.506148],[-64.4560656,-42.5063715],[-64.4548184,-42.5066206],[-64.4529569,-42.5070299],[-64.4515675,-42.5073067],[-64.450956,-42.5074175],[-64.4497892,-42.5075559],[-64.4482014,-42.5076626],[-64.4473699,-42.5077457],[-64.4467422,-42.5078584],[-64.4458437,-42.5081649],[-64.4448486,-42.5085702],[-64.4432902,-42.5091238],[-64.441992,-42.5095588],[-64.4412732,-42.5097051],[-64.4401494,-42.5098495],[-64.4387519,-42.5100571],[-64.4383872,-42.5101045],[-64.4380894,-42.5100828],[-64.4377756,-42.5100017],[-64.4372016,-42.5097684],[-64.4368181,-42.5096814],[-64.436287,-42.5096874],[-64.4351551,-42.5098218],[-64.4338435,-42.5099681],[-64.4328725,-42.5100986],[-64.4315261,-42.5102983],[-64.4304156,-42.5105514],[-64.4281063,-42.5111386],[-64.4264138,-42.511542],[-64.4238201,-42.512062],[-64.4220901,-42.5123664],[-64.4206792,-42.5126096],[-64.4191691,-42.512926],[-64.416782,-42.5135132],[-64.4151861,-42.5139244],[-64.4140542,-42.5142645],[-64.4131744,-42.5145373],[-64.4124904,-42.5147172],[-64.4121981,-42.5147943],[-64.4120546,-42.5148556],[-64.4119285,-42.514911],[-64.4117662,-42.5149545],[-64.411431,-42.5149811],[-64.4113062,-42.5149989],[-64.4111963,-42.5150424],[-64.4110809,-42.5151472],[-64.4110018,-42.5152303],[-64.4108033,-42.5153588],[-64.4106625,-42.5154556],[-64.4105458,-42.5155288],[-64.4105157,-42.5155476],[-64.4104949,-42.5155545],[-64.4104593,-42.5155555],[-64.4104399,-42.5155407],[-64.4103782,-42.5153775],[-64.4102561,-42.5150227],[-64.4101381,-42.514912],[-64.409937,-42.5148675],[-64.4096312,-42.5148497],[-64.4094957,-42.5148576],[-64.4086549,-42.5150968],[-64.4071153,-42.515512],[-64.404366,-42.5161842],[-64.4011313,-42.5171608],[-64.3979341,-42.518351],[-64.3943507,-42.5198159],[-64.3907189,-42.5213756],[-64.3881226,-42.5223561],[-64.3871731,-42.5227238],[-64.3869773,-42.5228365],[-64.3867895,-42.522965],[-64.3864006,-42.5231864],[-64.385376,-42.5236529],[-64.3840349,-42.5243883],[-64.3833643,-42.5247639],[-64.3826777,-42.5250406],[-64.3815592,-42.52543],[-64.3799096,-42.5259894],[-64.378311,-42.526535],[-64.3769968,-42.5269541],[-64.3762887,-42.5272308],[-64.3760151,-42.5273929],[-64.3756449,-42.5277408],[-64.3751192,-42.5280649],[-64.3744433,-42.5283456],[-64.3737674,-42.5285472],[-64.373467,-42.5286777],[-64.3731397,-42.5288477],[-64.3730217,-42.5288754],[-64.3728447,-42.5288872],[-64.3726462,-42.5289149],[-64.3725121,-42.5289702],[-64.3722332,-42.529156],[-64.371981,-42.5293102],[-64.3714285,-42.5295632],[-64.3706667,-42.5298557],[-64.369095,-42.5306622],[-64.368242,-42.5310298],[-64.3679684,-42.5312038],[-64.3676573,-42.5314686],[-64.3675607,-42.5315516],[-64.3673301,-42.5316485],[-64.3669787,-42.5317177],[-64.3665844,-42.5318204],[-64.3657476,-42.532113],[-64.3647337,-42.5324608],[-64.3637627,-42.5329233],[-64.3626469,-42.53337],[-64.3621481,-42.533623],[-64.3618798,-42.533789],[-64.3616223,-42.5338839],[-64.3613434,-42.5339195],[-64.3608177,-42.5340183],[-64.3603832,-42.5341725],[-64.3599433,-42.5343187],[-64.3595195,-42.5343464],[-64.3591064,-42.534212],[-64.3584305,-42.5336032],[-64.3581974,-42.53264],[-64.3579962,-42.5319127],[-64.3573653,-42.5313631],[-64.356215,-42.5309784],[-64.355067,-42.5309271],[-64.3542141,-42.5308836],[-64.352936,-42.5309241],[-64.3523764,-42.5309588],[-64.35201,-42.5309873],[-64.3516699,-42.5311018],[-64.3513778,-42.5312007],[-64.3510912,-42.531259],[-64.3507778,-42.531254],[-64.3506456,-42.5313284],[-64.3505872,-42.5313351],[-64.350437,-42.5312697],[-64.3501752,-42.5311721],[-64.3500142,-42.5310698],[-64.3497056,-42.5309894],[-64.3495627,-42.5309832],[-64.3493591,-42.5309419],[-64.3488396,-42.5308457],[-64.3483514,-42.5308177],[-64.3479287,-42.530833],[-64.3460411,-42.5311979],[-64.3427396,-42.532113],[-64.3411464,-42.5327138],[-64.3393868,-42.5334135],[-64.3377614,-42.5341053],[-64.3360931,-42.5349275],[-64.3337542,-42.5362398],[-64.3323863,-42.5370541],[-64.3309969,-42.5379276],[-64.3279484,-42.5401934],[-64.3214097,-42.5455606],[-64.3195551,-42.5472454],[-64.3172,-42.5495466],[-64.3144817,-42.5525273],[-64.3119049,-42.555388],[-64.3101883,-42.5576957],[-64.3094158,-42.5589483],[-64.3090618,-42.5598018],[-64.30933,-42.5598808],[-64.3094105,-42.5599519],[-64.3099576,-42.5600468],[-64.3097216,-42.5603668],[-64.3094426,-42.560434],[-64.3091422,-42.5604853],[-64.3088687,-42.560592],[-64.3086755,-42.5607856],[-64.3085629,-42.5611689],[-64.3087989,-42.561319],[-64.3091369,-42.5613428],[-64.3093032,-42.5613625],[-64.3097645,-42.5615759],[-64.3097001,-42.5619315],[-64.3093514,-42.5620619],[-64.3089277,-42.5621527],[-64.3087077,-42.5622397],[-64.3085843,-42.5624767],[-64.3085039,-42.5627375],[-64.30852,-42.5631484],[-64.3089384,-42.5636621],[-64.3094534,-42.5638675],[-64.3101776,-42.564148],[-64.3106872,-42.5642389],[-64.310934,-42.5642863],[-64.3112397,-42.5642942],[-64.3115133,-42.5643337],[-64.3119478,-42.5646221],[-64.3118674,-42.5649027],[-64.3117815,-42.565116],[-64.3118084,-42.5653531],[-64.3119371,-42.5655151],[-64.3120015,-42.5656889],[-64.312039,-42.5659062],[-64.3123415,-42.5663019],[-64.3128169,-42.5665897],[-64.3131816,-42.5669058],[-64.3134767,-42.5671902],[-64.3139595,-42.5674154],[-64.3140668,-42.5674984],[-64.3141151,-42.5675814],[-64.3142099,-42.5679391],[-64.31382,-42.5680278],[-64.3132407,-42.5678698],[-64.3126506,-42.5679132],[-64.3103439,-42.5703271],[-64.3101186,-42.5707538],[-64.3101561,-42.5713187],[-64.310258,-42.5714412],[-64.3104887,-42.5716466],[-64.3105155,-42.5720969],[-64.3101887,-42.5721829],[-64.3096787,-42.5719705],[-64.3095607,-42.571852],[-64.309287,-42.5719984],[-64.3091798,-42.572255],[-64.3092012,-42.5724406],[-64.3093354,-42.5726184],[-64.3095446,-42.5727211],[-64.3097377,-42.572812],[-64.3097967,-42.572891],[-64.3097055,-42.5730095],[-64.3095714,-42.5730569],[-64.3095768,-42.5731754],[-64.3095875,-42.5733018],[-64.3097377,-42.5735507],[-64.3098664,-42.573764],[-64.3099737,-42.5739734],[-64.3100327,-42.5741472],[-64.3100971,-42.5743684],[-64.3101239,-42.5745225],[-64.3101883,-42.574645],[-64.3103117,-42.5747793],[-64.3103814,-42.574878],[-64.3103921,-42.5749412],[-64.3103068,-42.5751512],[-64.309904,-42.5753264],[-64.309684,-42.5752375],[-64.3096036,-42.5751388],[-64.3094641,-42.5751783],[-64.3094909,-42.575281],[-64.3095687,-42.5753619],[-64.3096438,-42.5755279],[-64.3095312,-42.5756187],[-64.3094105,-42.5756977],[-64.3093327,-42.5757767],[-64.3091369,-42.5759663],[-64.3091986,-42.576073],[-64.3094373,-42.5762073],[-64.3095902,-42.5762784],[-64.3099147,-42.5762508],[-64.3101678,-42.5760609],[-64.3107408,-42.5760276],[-64.3108824,-42.5760906],[-64.3108213,-42.5763357],[-64.3107569,-42.5765174],[-64.3108347,-42.5766495],[-64.3107247,-42.5770744],[-64.3107569,-42.5773035],[-64.310596,-42.5773825],[-64.3105424,-42.5776392],[-64.3105428,-42.5778168],[-64.3101078,-42.5781607],[-64.3098825,-42.5782515],[-64.3098289,-42.5783937],[-64.3099415,-42.5786228],[-64.3099254,-42.578765],[-64.309963,-42.5789467],[-64.3101239,-42.579006],[-64.3102688,-42.5792509],[-64.3101776,-42.5794602],[-64.3100166,-42.5794642],[-64.3098772,-42.5794405],[-64.3095553,-42.5794207],[-64.3095499,-42.5795708],[-64.309727,-42.579796],[-64.3101722,-42.5798947],[-64.3104619,-42.5798276],[-64.3105799,-42.5799777],[-64.3107998,-42.5798592],[-64.3109312,-42.5799586],[-64.3109447,-42.5800448],[-64.3110466,-42.5801989],[-64.3111002,-42.5806373],[-64.3109286,-42.5808151],[-64.3111646,-42.5810126],[-64.3111217,-42.5815656],[-64.3109822,-42.5817591],[-64.3108159,-42.5819053],[-64.3105799,-42.5819764],[-64.3103921,-42.5820554],[-64.3102366,-42.5821502],[-64.3100364,-42.5824007],[-64.30992,-42.5825587],[-64.3101132,-42.5827031],[-64.3104887,-42.5827189],[-64.310891,-42.5826478],[-64.3114758,-42.5827584],[-64.3117762,-42.5829006],[-64.3122004,-42.5829605],[-64.3123931,-42.5830191],[-64.3124112,-42.5831899],[-64.3116581,-42.58311],[-64.3109125,-42.5830942],[-64.3106282,-42.5831337],[-64.3104297,-42.5831416],[-64.3102044,-42.5831692],[-64.310081,-42.5831811],[-64.3099737,-42.5831969],[-64.3097645,-42.5833391],[-64.3095499,-42.5838328],[-64.30964,-42.5843294],[-64.3101976,-42.5846729],[-64.31049,-42.584653],[-64.3109125,-42.5846969],[-64.3110994,-42.5847916],[-64.3107229,-42.5848763],[-64.3105063,-42.5848843],[-64.3101924,-42.5850557],[-64.3099159,-42.5850358],[-64.3099051,-42.5849162],[-64.3096234,-42.5850478],[-64.3094068,-42.5850757],[-64.3092118,-42.5851594],[-64.309136,-42.585287],[-64.3089248,-42.5853269],[-64.3088868,-42.5854306],[-64.3090493,-42.5855662],[-64.3092419,-42.5859218],[-64.3092947,-42.5870901],[-64.3091577,-42.5870895],[-64.309136,-42.586934],[-64.3084048,-42.586922],[-64.3080365,-42.5868462],[-64.3079498,-42.5868821],[-64.3078632,-42.5868383],[-64.3076195,-42.5868183],[-64.3075165,-42.5869579],[-64.3072403,-42.5870456],[-64.3071049,-42.5870616],[-64.3069695,-42.5872091],[-64.3064821,-42.5871134],[-64.3062014,-42.5869967],[-64.3062004,-42.5867785],[-64.3060921,-42.5864475],[-64.3061842,-42.586288],[-64.3061408,-42.5860846],[-64.3059729,-42.5859251],[-64.3058326,-42.585559],[-64.305583,-42.5853748],[-64.3053338,-42.5853628],[-64.3055342,-42.5856699],[-64.305388,-42.5858852],[-64.3052959,-42.5858015],[-64.3051063,-42.5858055],[-64.3049818,-42.5859171],[-64.3048734,-42.5861444],[-64.3048887,-42.5863601],[-64.3045322,-42.5862601],[-64.3040199,-42.5859462],[-64.3031828,-42.5861366],[-64.3028478,-42.585953],[-64.3025735,-42.5858545],[-64.3024741,-42.5857616],[-64.3023603,-42.5856101],[-64.3021545,-42.5854984],[-64.3020895,-42.5854027],[-64.3022033,-42.5853469],[-64.3024362,-42.5853389],[-64.3027936,-42.5854346],[-64.302967,-42.5853828],[-64.3031511,-42.585315],[-64.3034273,-42.5853548],[-64.3036602,-42.5853508],[-64.3036656,-42.585295],[-64.3035411,-42.585287],[-64.3033028,-42.5852512],[-64.3030049,-42.5852711],[-64.3026745,-42.5852272],[-64.3025607,-42.5851395],[-64.3023333,-42.5850797],[-64.3019595,-42.5851196],[-64.3018892,-42.585114],[-64.3016887,-42.584964],[-64.3016021,-42.5848883],[-64.3012933,-42.5848364],[-64.3012377,-42.5847454],[-64.3012407,-42.5845473],[-64.3016237,-42.584324],[-64.3018891,-42.5841645],[-64.3021979,-42.5840887],[-64.3024091,-42.5840728],[-64.3025657,-42.5840434],[-64.3024524,-42.5838534],[-64.3023495,-42.5837138],[-64.3022033,-42.5835663],[-64.3017104,-42.5838973],[-64.3015858,-42.5837816],[-64.3014558,-42.5837737],[-64.3011771,-42.5837123],[-64.301233,-42.5835098],[-64.3012771,-42.5832951],[-64.3015425,-42.5830678],[-64.3016833,-42.5830279],[-64.3017231,-42.5825082],[-64.301396,-42.5823318],[-64.3013102,-42.5822529],[-64.3011922,-42.5821976],[-64.3009347,-42.582241],[-64.3005246,-42.5824234],[-64.3002182,-42.5824786],[-64.3001562,-42.5824272],[-64.30005,-42.5824647],[-64.2998259,-42.5827471],[-64.299674,-42.5828651],[-64.2994058,-42.5827703],[-64.2992644,-42.5824353],[-64.2992663,-42.5823595],[-64.299084,-42.5823476],[-64.2989069,-42.5824148],[-64.2987567,-42.5824898],[-64.2983866,-42.5825965],[-64.2981827,-42.5823674],[-64.2983007,-42.5822687],[-64.2984724,-42.5821976],[-64.2987031,-42.5821146],[-64.2989841,-42.5820034],[-64.2990089,-42.581688],[-64.2990196,-42.5815577],[-64.2988157,-42.5813562],[-64.2987084,-42.5811627],[-64.2986012,-42.580977],[-64.2983919,-42.5806294],[-64.2981452,-42.5805346],[-64.2977643,-42.5804991],[-64.2974854,-42.5804951],[-64.2965966,-42.5803557],[-64.2964339,-42.5802068],[-64.2961764,-42.580033],[-64.2958707,-42.5798671],[-64.2955971,-42.579717],[-64.2955059,-42.5796854],[-64.2950989,-42.5796538],[-64.2949802,-42.5798947],[-64.2949748,-42.5800725],[-64.2949855,-42.5802186],[-64.2950338,-42.5805307],[-64.2947173,-42.5807479],[-64.2944974,-42.5807874],[-64.2942882,-42.5806294],[-64.2940561,-42.580568],[-64.2935318,-42.5804438],[-64.2935103,-42.5801831],[-64.2933118,-42.5795827],[-64.293403,-42.5794958],[-64.2933011,-42.5794365],[-64.2930704,-42.5794365],[-64.292829,-42.5791877],[-64.293049,-42.5791087],[-64.2933279,-42.5790573],[-64.2935479,-42.5790573],[-64.2936444,-42.5790218],[-64.2937409,-42.5789104],[-64.2937785,-42.5787413],[-64.2937893,-42.5784925],[-64.2937785,-42.5782713],[-64.2937732,-42.5781093],[-64.2936391,-42.5778526],[-64.2934942,-42.5776353],[-64.2933118,-42.5774931],[-64.293167,-42.5773785],[-64.292793,-42.5771984],[-64.2925555,-42.5769164],[-64.2923355,-42.5768018],[-64.2921478,-42.5766636],[-64.291665,-42.5765253],[-64.2914718,-42.5763396],[-64.2911822,-42.5760868],[-64.2908657,-42.5759604],[-64.2900717,-42.575755],[-64.2898518,-42.5756562],[-64.2890793,-42.5755338],[-64.2878133,-42.5752652],[-64.287143,-42.5751502],[-64.2867527,-42.5751],[-64.2863662,-42.5751251],[-64.286173,-42.5751083],[-64.2860251,-42.575042],[-64.2857069,-42.5751362],[-64.2853924,-42.5753009],[-64.2850614,-42.575435],[-64.2849187,-42.5755353],[-64.2847936,-42.5756636],[-64.2845249,-42.575597],[-64.2844123,-42.5754943],[-64.2843427,-42.5753902],[-64.2843389,-42.5752674],[-64.2842215,-42.5751195],[-64.2842328,-42.5750302],[-64.284301,-42.5748991],[-64.2842669,-42.5747651],[-64.2841684,-42.5749102],[-64.2840368,-42.574566],[-64.2840623,-42.5742935],[-64.2842631,-42.5742098],[-64.2841784,-42.5741597],[-64.2840497,-42.5740683],[-64.2838544,-42.5737245],[-64.2831194,-42.573768],[-64.2818642,-42.5740129],[-64.280287,-42.5743842],[-64.2785972,-42.5750242],[-64.2769933,-42.5757589],[-64.2768163,-42.5759367],[-64.2767519,-42.5760473],[-64.2769234,-42.5762734],[-64.2770179,-42.5766845],[-64.2768505,-42.5768238],[-64.2768402,-42.5770158],[-64.2771305,-42.577157],[-64.277377,-42.5771097],[-64.2774627,-42.577307],[-64.2773877,-42.5774648],[-64.2774413,-42.5778673],[-64.2776449,-42.5779542],[-64.2774949,-42.5781751],[-64.277328,-42.5785803],[-64.2769702,-42.5785406],[-64.276607,-42.5783029],[-64.2763335,-42.5781804],[-64.276194,-42.578054],[-64.2759794,-42.578058],[-64.2757487,-42.5780856],[-64.2754805,-42.5780461],[-64.2750567,-42.5781765],[-64.2746007,-42.578212],[-64.274205,-42.5782013],[-64.2739141,-42.5782278],[-64.2735654,-42.5782002],[-64.2729242,-42.5780513],[-64.2716649,-42.5788287],[-64.2708664,-42.5794403],[-64.2700678,-42.5799698],[-64.269419,-42.5805698],[-64.2678529,-42.5818486],[-64.267083,-42.5824076],[-64.2660632,-42.5831594],[-64.2641616,-42.5848518],[-64.2627668,-42.5863961],[-64.2620375,-42.5871933],[-64.2607467,-42.5888518],[-64.2597482,-42.5902185],[-64.258384,-42.5925396],[-64.2574623,-42.594523],[-64.2568632,-42.5961748],[-64.2568794,-42.5964056],[-64.2570725,-42.5964786],[-64.2572361,-42.59653],[-64.2573166,-42.5965912],[-64.2573327,-42.5966464],[-64.2572871,-42.5967471],[-64.2573246,-42.596832],[-64.2573756,-42.5968636],[-64.2574051,-42.596913],[-64.2574453,-42.5970611],[-64.2574883,-42.5972072],[-64.2575258,-42.5972723],[-64.2575231,-42.5973296],[-64.2575258,-42.5973849],[-64.2575902,-42.5974283],[-64.257617,-42.5974856],[-64.2576331,-42.5975132],[-64.2576411,-42.5976021],[-64.2577511,-42.5976297],[-64.2578745,-42.5976495],[-64.2579898,-42.597687],[-64.258081,-42.5977205],[-64.2581105,-42.597764],[-64.2580804,-42.597814],[-64.2579389,-42.5979772],[-64.2581883,-42.5979555],[-64.2583841,-42.5979377],[-64.2584968,-42.5979101],[-64.2585531,-42.5979002],[-64.2586228,-42.5979081],[-64.2586899,-42.5979516],[-64.2587543,-42.5979693],[-64.2588106,-42.5979989],[-64.2587784,-42.5980523],[-64.2586792,-42.5980799],[-64.2584592,-42.5981707],[-64.2583186,-42.5982442],[-64.2581615,-42.5983405],[-64.2581695,-42.5984136],[-64.258301,-42.5985518],[-64.2583412,-42.5987157],[-64.2583653,-42.5987729],[-64.2583868,-42.5988539],[-64.2584351,-42.5988934],[-64.2585048,-42.5990434],[-64.2586094,-42.5991204],[-64.2586792,-42.5991836],[-64.258875,-42.5992803],[-64.2589769,-42.5993415],[-64.2591432,-42.599385],[-64.2592397,-42.5994304],[-64.2593899,-42.5994817],[-64.2595911,-42.5994936],[-64.2597708,-42.5995173],[-64.2598942,-42.5995469],[-64.2599881,-42.5995666],[-64.2600819,-42.5995311],[-64.2601892,-42.5996041],[-64.2602322,-42.5996653],[-64.260267,-42.5997285],[-64.2603877,-42.5998272],[-64.2604762,-42.5998924],[-64.2605996,-42.5999339],[-64.2607203,-42.5999496],[-64.2608035,-42.5999457],[-64.2608437,-42.5999753],[-64.2608678,-42.6000266],[-64.2608705,-42.600078],[-64.2609268,-42.6001451],[-64.2610154,-42.6001747],[-64.2611441,-42.6001767],[-64.2612165,-42.6002004],[-64.2612729,-42.6002478],[-64.2613184,-42.6002991],[-64.2613292,-42.6003386],[-64.2613523,-42.6004639],[-64.2611379,-42.60071],[-64.2613425,-42.6009387],[-64.2615901,-42.60099],[-64.2621589,-42.6014376],[-64.26336,-42.6025],[-64.2645586,-42.6035113],[-64.2646873,-42.6037087],[-64.2648107,-42.6039851],[-64.2648161,-42.6042181],[-64.2649072,-42.6046169],[-64.2650628,-42.6050788],[-64.2654705,-42.6057974],[-64.2654383,-42.6060067],[-64.2655617,-42.6063739],[-64.2656636,-42.6066187],[-64.2658299,-42.6071043],[-64.2659426,-42.6074557],[-64.266023,-42.6079098],[-64.2660177,-42.6081467],[-64.2661089,-42.6084704],[-64.2661518,-42.6087626],[-64.2662376,-42.6090982],[-64.2663395,-42.6094496],[-64.2665166,-42.6096509],[-64.2667204,-42.6101444],[-64.2670637,-42.6105748],[-64.2677,-42.61117],[-64.2679328,-42.6112894],[-64.2683244,-42.6114078],[-64.2685443,-42.6114513],[-64.2686677,-42.6114355],[-64.2687589,-42.6114868],[-64.2688662,-42.6116723],[-64.268952,-42.6118224],[-64.2691773,-42.6118776],[-64.2694187,-42.6119684],[-64.2696655,-42.6120513],[-64.2699337,-42.6121066],[-64.2701215,-42.6121579],[-64.2702341,-42.6122211],[-64.2704487,-42.6123001],[-64.2707169,-42.6124264],[-64.2710549,-42.6126041],[-64.2712909,-42.6127541],[-64.2712694,-42.6128686],[-64.2712158,-42.6129515],[-64.2713767,-42.6131173],[-64.2715055,-42.6132397],[-64.2716235,-42.6133423],[-64.2717576,-42.6135239],[-64.271881,-42.6136187],[-64.2721599,-42.6137134],[-64.2724389,-42.6138161],[-64.2726696,-42.6139306],[-64.2727661,-42.6139937],[-64.27275,-42.6140727],[-64.2726964,-42.6141161],[-64.272691,-42.6141832],[-64.2727232,-42.614274],[-64.2726535,-42.6143016],[-64.2725354,-42.6143293],[-64.2724389,-42.6143648],[-64.2725247,-42.6144635],[-64.2725247,-42.614503],[-64.2724067,-42.614574],[-64.272337,-42.614653],[-64.2724603,-42.6148938],[-64.2726427,-42.6151228],[-64.2727983,-42.6152531],[-64.272911,-42.6154149],[-64.2729861,-42.615561],[-64.2728788,-42.615715],[-64.272809,-42.6159558],[-64.2728627,-42.6161847],[-64.2729861,-42.616319],[-64.2730612,-42.6164216],[-64.2731792,-42.6165874],[-64.2733026,-42.6168006],[-64.273383,-42.6169545],[-64.2734259,-42.617073],[-64.2734635,-42.6172585],[-64.2735064,-42.6174164],[-64.2735601,-42.6175625],[-64.2736942,-42.6176888],[-64.2737746,-42.6178664],[-64.27378,-42.6180164],[-64.2737532,-42.6181349],[-64.2733176,-42.6184179],[-64.2731738,-42.6183875],[-64.2729324,-42.618352],[-64.2727715,-42.6183441],[-64.2725837,-42.618352],[-64.2723906,-42.6182612],[-64.272176,-42.6181862],[-64.2718971,-42.6182454],[-64.271645,-42.6183086],[-64.2714357,-42.6183204],[-64.2711783,-42.6183441],[-64.2710602,-42.6183244],[-64.270851,-42.6183165],[-64.2706955,-42.6183678],[-64.2701805,-42.6184704],[-64.2700517,-42.6184704],[-64.2698371,-42.6185059],[-64.2696226,-42.6185415],[-64.269526,-42.6186283],[-64.2694831,-42.6186836],[-64.2695475,-42.6188217],[-64.2694187,-42.6188967],[-64.2693275,-42.6189796],[-64.2692792,-42.6190823],[-64.269231,-42.6191336],[-64.2689842,-42.6191849],[-64.2689681,-42.6192876],[-64.2689145,-42.6193547],[-64.2690378,-42.6194889],[-64.2690861,-42.6196863],[-64.2691237,-42.6197928],[-64.2692524,-42.6198441],[-64.2693704,-42.6199428],[-64.2694885,-42.6200099],[-64.2692685,-42.6200336],[-64.2690539,-42.6200178],[-64.2687964,-42.6200376],[-64.2686409,-42.6200573],[-64.2684907,-42.6201047],[-64.2683941,-42.6201757],[-64.2683458,-42.620231],[-64.2684263,-42.6203257],[-64.2683995,-42.6204047],[-64.2683995,-42.6205428],[-64.2684853,-42.6206534],[-64.2685711,-42.6207165],[-64.2685121,-42.6207955],[-64.2684209,-42.6208586],[-64.2684692,-42.6209415],[-64.2685336,-42.6210284],[-64.2685658,-42.6211271],[-64.2685551,-42.6212534],[-64.2685068,-42.6214271],[-64.2684585,-42.6215455],[-64.2684048,-42.6216126],[-64.268437,-42.6216836],[-64.2684585,-42.6218731],[-64.2685773,-42.6220855],[-64.2687106,-42.6222205],[-64.2687321,-42.6223626],[-64.2688125,-42.622481],[-64.2687964,-42.6226784],[-64.2685175,-42.6227376],[-64.2682868,-42.6223705],[-64.2680615,-42.6222047],[-64.268024,-42.6220034],[-64.2679006,-42.6216639],[-64.267863,-42.6214192],[-64.2677343,-42.6212455],[-64.267627,-42.6212021],[-64.2674875,-42.6211981],[-64.2674017,-42.6211823],[-64.2672247,-42.6210481],[-64.2671603,-42.6209257],[-64.2671228,-42.6205902],[-64.2671979,-42.6203257],[-64.2672837,-42.620081],[-64.2673588,-42.6198955],[-64.2674232,-42.6197336],[-64.2674071,-42.6195599],[-64.2674017,-42.6193626],[-64.2672944,-42.6190586],[-64.2671657,-42.6188139],[-64.266935,-42.6186283],[-64.2667043,-42.6184151],[-64.2662484,-42.6182336],[-64.2658943,-42.6181072],[-64.26539,-42.6180322],[-64.2648536,-42.6180204],[-64.2643923,-42.6180046],[-64.2640543,-42.6180046],[-64.2637646,-42.6180322],[-64.263314,-42.6181033],[-64.2628956,-42.6181783],[-64.2624772,-42.6182651],[-64.2621821,-42.6183086],[-64.2618924,-42.6184033],[-64.2614794,-42.6184704],[-64.2612004,-42.6185375],[-64.2610395,-42.6185494],[-64.2609134,-42.6185454],[-64.2607981,-42.6185652],[-64.2607954,-42.6186086],[-64.2608115,-42.6186638],[-64.2608196,-42.6187013],[-64.2607874,-42.6187369],[-64.2607096,-42.6186994],[-64.2605741,-42.6186569],[-64.2604695,-42.6186175],[-64.260381,-42.618576],[-64.2602804,-42.6185661],[-64.2601329,-42.618577],[-64.2600028,-42.6185958],[-64.2598553,-42.6185809],[-64.259681,-42.6185533],[-64.2594825,-42.6185592],[-64.2593685,-42.6185711],[-64.2592719,-42.6185711],[-64.2591633,-42.6185622],[-64.2590238,-42.6185661],[-64.2588991,-42.6185819],[-64.2588079,-42.6185958],[-64.2586362,-42.6186086],[-64.2584539,-42.6186165],[-64.2581883,-42.6186263],[-64.2579576,-42.6186106],[-64.2576948,-42.6186165],[-64.257507,-42.6185691],[-64.25733,-42.6185336],[-64.2571691,-42.6185217],[-64.2569491,-42.6184902],[-64.2567426,-42.6184744],[-64.2564717,-42.6184527],[-64.2560506,-42.6184625],[-64.2557421,-42.6184487],[-64.2554659,-42.6184408],[-64.2551869,-42.6184566],[-64.254908,-42.6184941],[-64.2545539,-42.6184605],[-64.2542267,-42.618425],[-64.2540792,-42.6183737],[-64.2539504,-42.6183303],[-64.2538136,-42.6182671],[-64.2536768,-42.6182],[-64.2535025,-42.6180599],[-64.2533818,-42.6179118],[-64.2533174,-42.6177559],[-64.2531458,-42.6175348],[-64.2530143,-42.6173986],[-64.2528453,-42.617296],[-64.252663,-42.6171953],[-64.2525476,-42.6170986],[-64.2524591,-42.6169999],[-64.2523116,-42.6168677],[-64.2520487,-42.6166742],[-64.2516571,-42.6164532],[-64.251008,-42.6162637],[-64.2501926,-42.6160466],[-64.2493451,-42.6157702],[-64.2486531,-42.6155531],[-64.2482346,-42.615411],[-64.2478001,-42.6152373],[-64.2474246,-42.6150399],[-64.2470598,-42.6148662],[-64.2467809,-42.6147004],[-64.2464751,-42.6145425],[-64.2459065,-42.6143964],[-64.2453003,-42.6142859],[-64.2447048,-42.6141516],[-64.2440611,-42.6140529],[-64.2438465,-42.6139621],[-64.2433208,-42.6138792],[-64.2428541,-42.6137805],[-64.2424196,-42.6137568],[-64.2420763,-42.6138358],[-64.2417491,-42.6139661],[-64.2415184,-42.6140648],[-64.241159,-42.6142108],[-64.2393458,-42.6142543],[-64.2379618,-42.6143016],[-64.2363954,-42.6143016],[-64.234668,-42.6143095],[-64.2330265,-42.6143332],[-64.2316961,-42.6143569],[-64.2295504,-42.6145622],[-64.2275012,-42.6148307],[-64.2255807,-42.615257],[-64.2245937,-42.6155491],[-64.223671,-42.6159518],[-64.2227161,-42.616394],[-64.2217076,-42.6168677],[-64.2211604,-42.6170966],[-64.2205274,-42.6174519],[-64.220409,-42.6175243],[-64.21983,-42.6178783],[-64.2178199,-42.6191599],[-64.2175126,-42.6194099],[-64.2164501,-42.62021],[-64.2161501,-42.6204915],[-64.2148733,-42.6217468],[-64.2138004,-42.622181],[-64.2131353,-42.6227336],[-64.2124593,-42.6234599],[-64.2113221,-42.6248336],[-64.2107427,-42.6259782],[-64.2105174,-42.6270676],[-64.210453,-42.6281175],[-64.2104423,-42.6288437],[-64.2105389,-42.6294279],[-64.210732,-42.6299725],[-64.2129529,-42.6333194],[-64.2135899,-42.6337099],[-64.2140687,-42.6339745],[-64.21463,-42.63434],[-64.2150128,-42.6345586],[-64.2153501,-42.63485],[-64.215796,-42.635119],[-64.2163861,-42.6355136],[-64.2170191,-42.6360188],[-64.2175233,-42.636516],[-64.2179954,-42.6369423],[-64.2182958,-42.6375105],[-64.2185962,-42.637992],[-64.2188645,-42.6383235],[-64.2194224,-42.6388049],[-64.2197442,-42.6391285],[-64.2202592,-42.6403361],[-64.2208493,-42.6416462],[-64.2211604,-42.6420408],[-64.2215681,-42.6424196],[-64.2217612,-42.6428379],[-64.2219758,-42.6434614],[-64.2221797,-42.6441085],[-64.2223084,-42.6446215],[-64.2225552,-42.6453002],[-64.2226625,-42.6456],[-64.2230809,-42.6459631],[-64.2231667,-42.646255],[-64.2233813,-42.6467285],[-64.2233598,-42.6472573],[-64.2235315,-42.6478965],[-64.2237783,-42.648733],[-64.2238855,-42.6493169],[-64.2241001,-42.6497588],[-64.2243147,-42.6499245],[-64.2245937,-42.6500271],[-64.2248941,-42.6500824],[-64.2251515,-42.6501613],[-64.225409,-42.6502638],[-64.2257202,-42.6503033],[-64.2257846,-42.6504138],[-64.2260206,-42.650469],[-64.2263639,-42.6504848],[-64.2265678,-42.650832],[-64.2268038,-42.6510135],[-64.2272651,-42.6512423],[-64.2275119,-42.651337],[-64.2277694,-42.6514475],[-64.2279035,-42.651775],[-64.2281342,-42.6521064],[-64.2282468,-42.6523273],[-64.2283166,-42.6525759],[-64.2283326,-42.6528521],[-64.2284399,-42.6530296],[-64.2285204,-42.6533255],[-64.2286867,-42.6536411],[-64.2288047,-42.6538345],[-64.2289764,-42.6540554],[-64.2290139,-42.6542842],[-64.2290032,-42.6544342],[-64.2288852,-42.6546038],[-64.2288584,-42.6548011],[-64.2289603,-42.6551838],[-64.2290568,-42.6555546],[-64.2292124,-42.6558544],[-64.2292553,-42.6561109],[-64.2294002,-42.6564383],[-64.229486,-42.6567224],[-64.2295718,-42.6569433],[-64.2298025,-42.6573457],[-64.2299956,-42.6577836],[-64.2302156,-42.6580913],[-64.2303765,-42.6583241],[-64.2305535,-42.6585016],[-64.2306233,-42.6585844],[-64.2306662,-42.6586712],[-64.230693,-42.6588724],[-64.2307144,-42.6590973],[-64.2307627,-42.659259],[-64.2308486,-42.6594721],[-64.2309076,-42.6595983],[-64.230988,-42.6597601],[-64.231047,-42.6599257],[-64.2311168,-42.6600875],[-64.2311329,-42.66019],[-64.2312831,-42.6604465],[-64.2315459,-42.6607502],[-64.2317712,-42.6610066],[-64.2320609,-42.6612709],[-64.2323935,-42.6615708],[-64.2327154,-42.6618311],[-64.2330909,-42.662123],[-64.2339492,-42.6625648],[-64.2346197,-42.6628883],[-64.2356443,-42.6632276],[-64.236685,-42.6634682],[-64.2373502,-42.6635786],[-64.2378169,-42.6637009],[-64.2382568,-42.6638863],[-64.238466,-42.664052],[-64.2386699,-42.6642098],[-64.2387879,-42.6644701],[-64.2388898,-42.6647423],[-64.2388898,-42.6649277],[-64.2389166,-42.6650737],[-64.2389381,-42.6654326],[-64.2396033,-42.6693574],[-64.2398715,-42.6704618],[-64.2401826,-42.6716766],[-64.2404831,-42.6723944],[-64.2407513,-42.6730965],[-64.2411268,-42.6736565],[-64.2415881,-42.6743191],[-64.2418885,-42.6747293],[-64.2420495,-42.6750369],[-64.2422533,-42.6751868],[-64.2425054,-42.6753564],[-64.2427737,-42.675522],[-64.2430687,-42.6756285],[-64.2433852,-42.6757153],[-64.2437178,-42.6757311],[-64.2440987,-42.6757153],[-64.2443401,-42.6757153],[-64.2445386,-42.6757192],[-64.2446673,-42.6757232],[-64.2447692,-42.6757469],[-64.2448872,-42.6758415],[-64.2448926,-42.6759717],[-64.2449248,-42.6761689],[-64.2448819,-42.6763621],[-64.2449355,-42.6764922],[-64.2450321,-42.6766145],[-64.2451608,-42.6767723],[-64.2451823,-42.6769892],[-64.2452681,-42.6772771],[-64.2453003,-42.6776241],[-64.2454398,-42.6777582],[-64.2455202,-42.6778371],[-64.2458314,-42.6779396],[-64.2461693,-42.6781053],[-64.2465341,-42.6782354],[-64.2467648,-42.6785036],[-64.2470276,-42.6790833],[-64.247269,-42.6794619],[-64.2475694,-42.680018],[-64.2477948,-42.6802309],[-64.2479235,-42.6804202],[-64.247961,-42.6806332],[-64.2481488,-42.6808501],[-64.2482668,-42.6809526],[-64.2484868,-42.6810354],[-64.2486584,-42.6810985],[-64.2488462,-42.6811616],[-64.2489213,-42.6812366],[-64.2489803,-42.6813233],[-64.2489481,-42.6814377],[-64.2488462,-42.6815599],[-64.2487818,-42.6817295],[-64.2486852,-42.6819227],[-64.2486423,-42.6822146],[-64.2486799,-42.682325],[-64.2486906,-42.6825222],[-64.2488515,-42.6826365],[-64.2490608,-42.6827785],[-64.2492002,-42.6828573],[-64.249211,-42.6829638],[-64.2490876,-42.6831216],[-64.2488623,-42.6831689],[-64.2486692,-42.6831768],[-64.2484117,-42.683303],[-64.2481971,-42.6834765],[-64.2480254,-42.6836421],[-64.2479599,-42.68377],[-64.2477948,-42.6842297],[-64.2476392,-42.684904],[-64.2475212,-42.6854166],[-64.2472905,-42.6863157],[-64.24624,-42.69355],[-64.2458797,-42.6955895],[-64.2455149,-42.6983336],[-64.244957,-42.705335],[-64.2450643,-42.7091824],[-64.2452896,-42.7108221],[-64.2453754,-42.7117208],[-64.2455578,-42.7129033],[-64.2458153,-42.7137271],[-64.2461318,-42.7147519],[-64.2464483,-42.7156742],[-64.2467862,-42.7164546],[-64.2471832,-42.717365],[-64.2477518,-42.7184213],[-64.2481113,-42.7192016],[-64.2485941,-42.7202579],[-64.2489696,-42.7210934],[-64.2493933,-42.7220037],[-64.2498547,-42.7229732],[-64.2503241,-42.7240491],[-64.250823,-42.7251722],[-64.2514104,-42.7264136],[-64.2524403,-42.7288095],[-64.2533684,-42.730494],[-64.2540872,-42.7317333],[-64.2548382,-42.7329705],[-64.2557555,-42.7344009],[-64.2568928,-42.7361385],[-64.2578369,-42.7375332],[-64.2584887,-42.7384473],[-64.259398,-42.7395229],[-64.2600149,-42.7405],[-64.2605299,-42.7417568],[-64.2609912,-42.742986],[-64.2613775,-42.7443294],[-64.2614043,-42.7453891],[-64.2612219,-42.7467423],[-64.2610931,-42.7475952],[-64.260892,-42.7484047],[-64.2605084,-42.7494073],[-64.2597359,-42.7513808],[-64.2587972,-42.7533937],[-64.2579818,-42.755375],[-64.2570484,-42.7576949],[-64.2560184,-42.7605032],[-64.2553264,-42.7623149],[-64.2540711,-42.7653553],[-64.2532772,-42.767155],[-64.2523062,-42.7689901],[-64.251802,-42.7699037],[-64.2509759,-42.7710772],[-64.2501122,-42.7722901],[-64.2491117,-42.7736073],[-64.2486048,-42.7742314],[-64.2480147,-42.7748969],[-64.2475909,-42.7754383],[-64.246636,-42.7767042],[-64.2455471,-42.7783127],[-64.2441255,-42.7803739],[-64.2433718,-42.7816574],[-64.2426717,-42.7826771],[-64.2414969,-42.7842618],[-64.2410088,-42.7849055],[-64.2404562,-42.7856929],[-64.2401397,-42.7860905],[-64.2397106,-42.7865354],[-64.2386162,-42.787559],[-64.237546,-42.7885491],[-64.2370096,-42.7890156],[-64.2363149,-42.7895726],[-64.2353332,-42.7905037],[-64.2342496,-42.791417],[-64.2330748,-42.7923184],[-64.2323023,-42.7929916],[-64.2318302,-42.7936057],[-64.2315084,-42.7940583],[-64.2308217,-42.7949244],[-64.2298401,-42.7959045],[-64.2286062,-42.7969673],[-64.2268252,-42.798093],[-64.225055,-42.7991479],[-64.2239499,-42.7997383],[-64.2228663,-42.8003366],[-64.2221743,-42.8007341],[-64.221257,-42.80136],[-64.2196477,-42.8025092],[-64.2190468,-42.8030603],[-64.2181563,-42.8038789],[-64.2166114,-42.8056028],[-64.2156994,-42.8065709],[-64.2139292,-42.8078461],[-64.2112899,-42.8097902],[-64.2104852,-42.8105536],[-64.2093372,-42.8117972],[-64.2085433,-42.8130644],[-64.2074275,-42.8141032],[-64.2067516,-42.8148116],[-64.2059469,-42.8155356],[-64.2052496,-42.8163305],[-64.2045629,-42.8172119],[-64.2043161,-42.817873],[-64.2041123,-42.818715],[-64.2039943,-42.8193368],[-64.2037475,-42.8199584],[-64.2034471,-42.8203047],[-64.2028678,-42.8206116],[-64.2017841,-42.8209343],[-64.2009795,-42.8213199],[-64.2003358,-42.8219258],[-64.1997993,-42.8226734],[-64.1978574,-42.8248452],[-64.1970635,-42.8256636],[-64.1956794,-42.8270249],[-64.1951001,-42.8278275],[-64.1946387,-42.8289369],[-64.1944027,-42.830605],[-64.1944242,-42.8316279],[-64.194333,-42.8325445],[-64.1943437,-42.8327687],[-64.1943115,-42.8329064],[-64.1942471,-42.8329536],[-64.1941667,-42.8330146],[-64.1932064,-42.8334296],[-64.192729,-42.8337011],[-64.1917527,-42.8343344],[-64.1907013,-42.8351998],[-64.1901487,-42.8357427],[-64.1896874,-42.836321],[-64.1892636,-42.8367419],[-64.1886145,-42.8372178],[-64.1873431,-42.8380478],[-64.1861522,-42.8390391],[-64.1855192,-42.8396055],[-64.1847897,-42.8403529],[-64.1845107,-42.8408406],[-64.1842961,-42.8413048],[-64.1840923,-42.8416981],[-64.183631,-42.8421229],[-64.1823542,-42.8428034],[-64.1807985,-42.8434839],[-64.1799402,-42.8440188],[-64.1791141,-42.8448448],[-64.1781807,-42.8461034],[-64.1778052,-42.8465911],[-64.1772312,-42.847004],[-64.1758847,-42.847653],[-64.1745973,-42.8482154],[-64.1738275,-42.8485792],[-64.172937,-42.8490728],[-64.1718775,-42.8496155],[-64.1711211,-42.8500835],[-64.170177,-42.8509252],[-64.1689593,-42.8524393],[-64.1686401,-42.8527244],[-64.1672205,-42.853435],[-64.1662474,-42.8538353],[-64.1652346,-42.8542884],[-64.1635759,-42.8550324],[-64.1627258,-42.8555224],[-64.1619667,-42.8560238],[-64.1611755,-42.8565016],[-64.1606391,-42.8567926],[-64.1597647,-42.8572448],[-64.1592389,-42.8575516],[-64.1582909,-42.8580714],[-64.1577798,-42.8584835],[-64.1572863,-42.859038],[-64.1570503,-42.859616],[-64.1570342,-42.8603356],[-64.157002,-42.8608193],[-64.1568089,-42.8613855],[-64.1565299,-42.8618888],[-64.156251,-42.8624393],[-64.1558111,-42.863438],[-64.1555643,-42.8642401],[-64.1553176,-42.8649479],[-64.155001,-42.8654001],[-64.1542286,-42.8658994],[-64.1527319,-42.8662769],[-64.1512835,-42.8667408],[-64.1500926,-42.8674328],[-64.1490948,-42.8685258],[-64.1467345,-42.8711443],[-64.146198,-42.8721193],[-64.1459084,-42.8731807],[-64.1458172,-42.8735778],[-64.1454792,-42.8739513],[-64.1447979,-42.874199],[-64.1434622,-42.8743995],[-64.1420674,-42.8745724],[-64.140721,-42.8746904],[-64.1395408,-42.8747572],[-64.1386932,-42.8747926],[-64.1380602,-42.8747926],[-64.1375828,-42.8748751],[-64.1370785,-42.8750521],[-64.1363382,-42.8753115],[-64.1357964,-42.8755238],[-64.1352761,-42.8757754],[-64.1348684,-42.8760467],[-64.1346645,-42.8761489],[-64.1343427,-42.8761607],[-64.1340315,-42.8761017],[-64.1333449,-42.8760427],[-64.1328889,-42.8760702],[-64.1322237,-42.8763336],[-64.1308773,-42.8767739],[-64.1300136,-42.8771238],[-64.1294503,-42.877281],[-64.128989,-42.8773243],[-64.1286188,-42.877395],[-64.1279483,-42.8775405],[-64.1274977,-42.8775051],[-64.1268325,-42.8773911],[-64.1260546,-42.8773321],[-64.1250354,-42.87734],[-64.1243863,-42.8774383],[-64.1240484,-42.877509],[-64.1238016,-42.8774933],[-64.1231901,-42.8773164],[-64.1224444,-42.8771317],[-64.1218489,-42.8770923],[-64.1211569,-42.8771867],[-64.1206634,-42.8773125],[-64.1203147,-42.8774894],[-64.1197407,-42.8780083],[-64.1191828,-42.8783503],[-64.1184211,-42.8786019],[-64.1180027,-42.878649],[-64.1174501,-42.8786097],[-64.1162968,-42.8783621],[-64.1154814,-42.8781302],[-64.114961,-42.8780476],[-64.1146714,-42.8780515],[-64.1144058,-42.8780771],[-64.1140169,-42.878193],[-64.1137809,-42.8782363],[-64.1134429,-42.8782245],[-64.1131505,-42.8781793],[-64.1127911,-42.8781734],[-64.112303,-42.8782422],[-64.1116244,-42.8784604],[-64.1110289,-42.8787316],[-64.1105166,-42.8789203],[-64.1099963,-42.8789969],[-64.1095457,-42.8789439],[-64.1089395,-42.8787336],[-64.1082132,-42.8785282],[-64.1064102,-42.8782599],[-64.1050851,-42.8780397],[-64.1040552,-42.8777921],[-64.1035456,-42.8775444],[-64.1031754,-42.8773321],[-64.1028321,-42.8771277],[-64.1018719,-42.8767582],[-64.1011745,-42.8765538],[-64.1006219,-42.8764201],[-64.0999192,-42.8763376],[-64.0991038,-42.8763336],[-64.0984869,-42.8765027],[-64.0976769,-42.876829],[-64.0973014,-42.8768525],[-64.0968776,-42.8767543],[-64.0962821,-42.8765066],[-64.0951181,-42.8756811],[-64.0940881,-42.8749577],[-64.0938038,-42.8747061],[-64.0932941,-42.8743208],[-64.0927792,-42.8741164],[-64.09235,-42.8739749],[-64.0915936,-42.8737665],[-64.090333,-42.8734874],[-64.0895444,-42.8733812],[-64.088847,-42.8732987],[-64.0882462,-42.8732987],[-64.0876615,-42.8733459],[-64.0870285,-42.8734324],[-64.0859664,-42.8736132],[-64.0851724,-42.8736446],[-64.0844858,-42.8736918],[-64.0836382,-42.8735817],[-64.0830052,-42.8733537],[-64.0826297,-42.8731021],[-64.0821737,-42.8728112],[-64.0818036,-42.8726657],[-64.0814871,-42.8725635],[-64.0804517,-42.8722176],[-64.0800011,-42.8721035],[-64.0795398,-42.872019],[-64.0791857,-42.8719659],[-64.0785876,-42.8718264],[-64.0778124,-42.8715689],[-64.0773082,-42.8713605],[-64.076702,-42.8710263],[-64.0761495,-42.870759],[-64.075672,-42.8705978],[-64.0746421,-42.870358],[-64.0739179,-42.8702636],[-64.072609,-42.870008],[-64.0714395,-42.8697997],[-64.070254,-42.8696031],[-64.069342,-42.8692964],[-64.0681511,-42.8689308],[-64.0667617,-42.868573],[-64.0662414,-42.8684433],[-64.0640795,-42.8679872],[-64.0625078,-42.8677238],[-64.0606195,-42.8674603],[-64.0584469,-42.8671615],[-64.0566391,-42.866906],[-64.0558264,-42.8667998],[-64.05518,-42.8667271],[-64.0545496,-42.8666445],[-64.05415,-42.8665757],[-64.0536377,-42.8664715],[-64.0526694,-42.8662808],[-64.0523234,-42.86621],[-64.0519398,-42.8661196],[-64.0514034,-42.8659918],[-64.050647,-42.8658286],[-64.049727,-42.8656301],[-64.0491852,-42.8655976],[-64.048449,-42.8655573],[-64.0479742,-42.8654964],[-64.0463126,-42.8652467],[-64.045473,-42.8651071],[-64.044891,-42.8649853],[-64.0445504,-42.8649282],[-64.0440917,-42.8648889],[-64.0423295,-42.8646569],[-64.0418467,-42.8646176],[-64.0417394,-42.8646039],[-64.0416563,-42.8645704],[-64.0414417,-42.8644918],[-64.0412995,-42.8644574],[-64.0410206,-42.8644092],[-64.0404533,-42.8643581],[-64.0402709,-42.8643453],[-64.0401435,-42.8643099],[-64.039721,-42.8641871],[-64.0394475,-42.8641055],[-64.0393482,-42.8640888],[-64.0392476,-42.8640888],[-64.038856,-42.8641202],[-64.0386388,-42.8641025],[-64.038105,-42.8640396],[-64.036096,-42.8636779],[-64.0358573,-42.8636425],[-64.0356374,-42.8636464],[-64.0354174,-42.8636622],[-64.0345109,-42.863611],[-64.0342319,-42.8635835],[-64.0338859,-42.8635953],[-64.0332985,-42.8636386],[-64.0330437,-42.8636563],[-64.0326923,-42.8636563],[-64.0324295,-42.8636543],[-64.03207,-42.8635678],[-64.0315872,-42.8633987],[-64.0312815,-42.8633476],[-64.0293717,-42.8630763],[-64.0290633,-42.8630203],[-64.0289386,-42.8629986],[-64.028787,-42.8629888],[-64.0283659,-42.8630045],[-64.0280092,-42.8630232],[-64.0278456,-42.8630134],[-64.0276766,-42.8629898],[-64.0268558,-42.8628541],[-64.0265071,-42.8628718],[-64.0259331,-42.8629328],[-64.024407,-42.8633093],[-64.0242635,-42.8633171],[-64.0241401,-42.8633024],[-64.0230417,-42.8628187],[-64.0225375,-42.8626221],[-64.021529,-42.8623331],[-64.020322,-42.8619832],[-64.0197828,-42.8618495],[-64.0172321,-42.8610867],[-64.0168338,-42.8609598],[-64.0164596,-42.8608645],[-64.0157864,-42.8607406],[-64.0152606,-42.8606757],[-64.0146196,-42.8606522],[-64.0119991,-42.8605951],[-64.0107465,-42.8605971],[-64.0105104,-42.8605735],[-64.0103012,-42.8605519],[-64.010092,-42.8604949],[-64.0086785,-42.8598923],[-64.0079838,-42.8595511],[-64.0073669,-42.8591913],[-64.0069257,-42.8589908],[-64.005893,-42.8584157],[-64.0056369,-42.8582319],[-64.0053378,-42.8580814],[-64.005028,-42.8579733],[-64.0042743,-42.8576961],[-64.0040356,-42.8576233],[-64.0037955,-42.8575378],[-64.0035018,-42.8574179],[-64.0029533,-42.8571642],[-64.0028219,-42.857058],[-64.0027173,-42.856944],[-64.0024437,-42.8564436],[-64.0023471,-42.8563414],[-64.0019622,-42.8560612],[-64.001576,-42.8558036],[-64.0013574,-42.855724],[-64.0012166,-42.8556876],[-64.0009645,-42.8556591],[-64.0008089,-42.8556207],[-64.0003234,-42.8554457],[-63.9989099,-42.8551193],[-63.9985961,-42.855023],[-63.9980543,-42.8548441],[-63.9976788,-42.8547693],[-63.9969975,-42.8547045],[-63.9957798,-42.8547143],[-63.9956269,-42.8547516],[-63.9954364,-42.8548224],[-63.9950582,-42.855023],[-63.9948007,-42.8551016],[-63.9945111,-42.8551252],[-63.9941946,-42.8550938],[-63.9937896,-42.8549325],[-63.9935254,-42.8547231],[-63.9934275,-42.8546179],[-63.9933443,-42.8545236],[-63.9932531,-42.8544597],[-63.9928763,-42.8542847],[-63.9926738,-42.8541765],[-63.9924042,-42.8539533],[-63.9920582,-42.853681],[-63.9918409,-42.8535581],[-63.9913997,-42.8533359],[-63.9904207,-42.8529033],[-63.9889401,-42.8524108],[-63.9876285,-42.8520539],[-63.98408,-42.8512555],[-63.9801881,-42.8503392],[-63.9791259,-42.8501779],[-63.9769238,-42.8499341],[-63.9766127,-42.8499026],[-63.9763767,-42.8498731],[-63.9752796,-42.8496863],[-63.9739399,-42.8495025],[-63.9736556,-42.8494779],[-63.9726216,-42.8493815],[-63.9715996,-42.8492635],[-63.9698213,-42.8491318],[-63.9690864,-42.849177],[-63.9685312,-42.8493815],[-63.9682844,-42.8495703],[-63.9681047,-42.8498249],[-63.9677173,-42.8502396],[-63.9674985,-42.8504286],[-63.9673886,-42.8504581],[-63.9672893,-42.8504513],[-63.9670426,-42.850351],[-63.9669192,-42.8503323],[-63.966604,-42.8503333],[-63.9664954,-42.8503215],[-63.9664116,-42.8502871],[-63.9662734,-42.8501587],[-63.9661393,-42.8500816],[-63.9658892,-42.849939],[-63.965786,-42.8498151],[-63.9657169,-42.8497045],[-63.9656954,-42.8495929],[-63.9657082,-42.8494907],[-63.9656988,-42.8493717],[-63.9656492,-42.8492262],[-63.9654842,-42.848882],[-63.9651865,-42.8483334],[-63.9649397,-42.8479008],[-63.9648405,-42.8477454],[-63.9647064,-42.8476628],[-63.9642209,-42.8475448],[-63.9636818,-42.847419],[-63.9632177,-42.8473364],[-63.9627349,-42.8472125],[-63.9622521,-42.8471004],[-63.961249,-42.8468801],[-63.9592212,-42.8464023],[-63.9568341,-42.8458359],[-63.9546883,-42.8453993],[-63.9517272,-42.8447582],[-63.9485461,-42.8440227],[-63.9465612,-42.8436491],[-63.9433157,-42.8431692],[-63.9410144,-42.8429607],[-63.9384449,-42.8426579],[-63.9353067,-42.8423275],[-63.9326352,-42.8421387],[-63.9299583,-42.8419263],[-63.9292127,-42.8418555],[-63.9277911,-42.8418791],[-63.9265037,-42.8419105],[-63.9253503,-42.8420167],[-63.9243311,-42.8421347],[-63.9234352,-42.8423943],[-63.9227754,-42.8426382],[-63.9220673,-42.8429371],[-63.9216167,-42.8431495],[-63.9211232,-42.8433541],[-63.9208388,-42.8434367],[-63.9204043,-42.8435075],[-63.920061,-42.8435271],[-63.9192993,-42.8434327],[-63.9186072,-42.8432203],[-63.9173573,-42.8427759],[-63.9170033,-42.8426185],[-63.9167512,-42.8424927],[-63.9164025,-42.8421387],[-63.9160484,-42.8417276],[-63.9156702,-42.8414444],[-63.9151472,-42.841236],[-63.9146563,-42.841057],[-63.9142647,-42.8409646],[-63.9137095,-42.8408406],[-63.9132375,-42.8407462],[-63.9129156,-42.8407148],[-63.9127654,-42.8406754],[-63.912642,-42.840585],[-63.9120895,-42.8402742],[-63.9115369,-42.8398612],[-63.9110917,-42.8396075],[-63.9106169,-42.8394148],[-63.910397,-42.8393695],[-63.9101663,-42.8393833],[-63.9100872,-42.839401],[-63.9100322,-42.8394403],[-63.9100161,-42.8394816],[-63.9100456,-42.8395583],[-63.9101073,-42.8396704],[-63.9101315,-42.8398081],[-63.91011,-42.8398671],[-63.9100456,-42.8398809],[-63.9099303,-42.8398534],[-63.909831,-42.8397727],[-63.909772,-42.8396645],[-63.9097345,-42.8394698],[-63.909713,-42.8393676],[-63.9096701,-42.8393361],[-63.9095655,-42.8393007],[-63.9095011,-42.8392928],[-63.9094824,-42.8392997],[-63.9094837,-42.8393174],[-63.9095199,-42.8393636],[-63.909528,-42.8394049],[-63.9095306,-42.8394679],[-63.9095414,-42.8395406],[-63.9095199,-42.839578],[-63.9094555,-42.8395937],[-63.9093643,-42.8395642],[-63.9091471,-42.8393597],[-63.9087796,-42.8391276],[-63.908447,-42.8387992],[-63.9082861,-42.8385533],[-63.9081413,-42.8383271],[-63.9081305,-42.8382445],[-63.9081842,-42.8381796],[-63.908262,-42.8381521],[-63.9083612,-42.8381501],[-63.9086616,-42.8381423],[-63.9088413,-42.8380892],[-63.9088923,-42.8380085],[-63.9088762,-42.8379102],[-63.908726,-42.8376545],[-63.9084014,-42.8373811],[-63.90816,-42.837267],[-63.9078972,-42.83721],[-63.9072159,-42.8371254],[-63.906658,-42.8370408],[-63.9063066,-42.8369838],[-63.9062396,-42.8369779],[-63.9061859,-42.8370035],[-63.9061457,-42.8370841],[-63.9061376,-42.8371844],[-63.9061618,-42.8373319],[-63.906143,-42.8373654],[-63.9060786,-42.8373732],[-63.9058641,-42.8373024],[-63.9055427,-42.8371844],[-63.9053719,-42.8371323],[-63.9053638,-42.8371087],[-63.9053719,-42.8370851],[-63.905392,-42.8370615],[-63.9054483,-42.8370172],[-63.9055261,-42.8369563],[-63.9055301,-42.8369268],[-63.9054738,-42.8368746],[-63.9053182,-42.8368225],[-63.9050272,-42.8368166],[-63.9042869,-42.8368658],[-63.9034313,-42.8369032],[-63.9029163,-42.8368992],[-63.9021814,-42.8368205],[-63.9010227,-42.8366278],[-63.9002958,-42.8365157],[-63.8997245,-42.8364154],[-63.899298,-42.8363878],[-63.8987884,-42.8364232],[-63.8976726,-42.8364527],[-63.8957816,-42.8364822],[-63.89447,-42.8366042],[-63.8930833,-42.8366691],[-63.8927186,-42.8366593],[-63.8924959,-42.836614],[-63.8920158,-42.8364508],[-63.8915572,-42.8362325],[-63.8909349,-42.8360279],[-63.8902643,-42.8359001],[-63.88928,-42.8358234],[-63.8878584,-42.8357368],[-63.886874,-42.835609],[-63.8859192,-42.8355205],[-63.8851386,-42.8354437],[-63.8843071,-42.8354221],[-63.8831538,-42.8353218],[-63.8820031,-42.8351762],[-63.8800344,-42.835011],[-63.8785109,-42.8349855],[-63.8780576,-42.8349933],[-63.8778591,-42.8350386],[-63.8776284,-42.8351408],[-63.8770142,-42.8353847],[-63.8765797,-42.8355087],[-63.8762927,-42.8355598],[-63.8759494,-42.8355578],[-63.8754398,-42.8354477],[-63.875016,-42.8352903],[-63.8747129,-42.8351271],[-63.8743615,-42.8348832],[-63.8737956,-42.8344053],[-63.8728032,-42.833825],[-63.871513,-42.8327786],[-63.8708746,-42.8324225],[-63.8703007,-42.8321826],[-63.8694397,-42.8319603],[-63.868686,-42.8317911],[-63.8682219,-42.8316711],[-63.8678062,-42.8315964],[-63.8667333,-42.8314744],[-63.8651079,-42.8311361],[-63.8632464,-42.8306561],[-63.8608486,-42.8300542],[-63.8578552,-42.8293303],[-63.8547653,-42.8287048],[-63.8515467,-42.8282602],[-63.8500983,-42.8281186],[-63.8490307,-42.8281029],[-63.8477969,-42.8281816],[-63.8464022,-42.8284727],[-63.8449001,-42.8289841],[-63.8441438,-42.8292635],[-63.8437522,-42.8292949],[-63.8435,-42.8292202],[-63.8430601,-42.8287245],[-63.8425237,-42.8280832],[-63.8420785,-42.8275167],[-63.8413274,-42.8268793],[-63.8399541,-42.8262105],[-63.8375777,-42.825341],[-63.8356841,-42.8248098],[-63.8339084,-42.8244793],[-63.8319129,-42.8242354],[-63.8301587,-42.8241292],[-63.8284475,-42.8241174],[-63.8271332,-42.824141],[-63.8266504,-42.8241842],[-63.8264224,-42.8242806],[-63.8262856,-42.8244105],[-63.8261703,-42.8245108],[-63.8260844,-42.8245502],[-63.8259155,-42.8245856],[-63.8257545,-42.8245698],[-63.8255641,-42.8245226],[-63.8252932,-42.824442],[-63.8246615,-42.8242383],[-63.8244939,-42.8241862],[-63.8244255,-42.8241606],[-63.8243249,-42.8241292],[-63.824231,-42.8241213],[-63.8241693,-42.8241242],[-63.824113,-42.8241262],[-63.8240567,-42.8241262],[-63.8240151,-42.8241124],[-63.8239789,-42.8240938],[-63.8238233,-42.8240259],[-63.8238012,-42.824021],[-63.823769,-42.82402],[-63.8237583,-42.8240283],[-63.8237516,-42.824046],[-63.8237402,-42.8240566],[-63.8237271,-42.8240615],[-63.8237114,-42.8240559],[-63.8236671,-42.8240342],[-63.8234156,-42.823897],[-63.8233405,-42.823841],[-63.8232882,-42.8237987],[-63.8231139,-42.8237042],[-63.8229409,-42.8236482],[-63.8228148,-42.8236069],[-63.8226311,-42.8235754],[-63.8225386,-42.823539],[-63.8224742,-42.8234869],[-63.8224071,-42.8234072],[-63.8223481,-42.8233698],[-63.8221684,-42.8233147],[-63.8219029,-42.8232734],[-63.8214389,-42.8233482],[-63.8211545,-42.8234328],[-63.8208729,-42.8234662],[-63.820712,-42.8234603],[-63.8205993,-42.8234111],[-63.8204679,-42.8233049],[-63.8203821,-42.8231455],[-63.8203499,-42.8230059],[-63.8202748,-42.8229016],[-63.8201541,-42.8228367],[-63.8199154,-42.8227973],[-63.8197383,-42.8227324],[-63.8195425,-42.8225967],[-63.819395,-42.8224786],[-63.8191026,-42.822398],[-63.8187701,-42.8223645],[-63.8185018,-42.8223724],[-63.8182309,-42.8224235],[-63.8178501,-42.8225199],[-63.8176703,-42.8225337],[-63.8175577,-42.8225298],[-63.8172814,-42.8225298],[-63.8169032,-42.822575],[-63.8165331,-42.8226694],[-63.8160235,-42.8228504],[-63.8157177,-42.8229645],[-63.8154817,-42.8229842],[-63.8151866,-42.8229252],[-63.8148916,-42.8228347],[-63.8145402,-42.8227462],[-63.8141245,-42.8226537],[-63.8137409,-42.8226439],[-63.8130838,-42.8227816],[-63.8124159,-42.8230314],[-63.8117856,-42.8231967],[-63.8115898,-42.8232124],[-63.8112143,-42.8231927],[-63.8108575,-42.8230845],[-63.8106859,-42.822935],[-63.8105974,-42.8227265],[-63.8105732,-42.8223134],[-63.8106054,-42.8219612],[-63.8107154,-42.8215914],[-63.8108361,-42.821369],[-63.8109005,-42.8211664],[-63.8108897,-42.8209008],[-63.8107342,-42.8205526],[-63.8104847,-42.8202005],[-63.8100234,-42.8198227],[-63.8094842,-42.8195807],[-63.8088352,-42.8193977],[-63.8085079,-42.8193309],[-63.8083658,-42.8192541],[-63.8082102,-42.8191695],[-63.8079178,-42.81902],[-63.8073412,-42.8188233],[-63.8067833,-42.8186757],[-63.8057855,-42.8184809],[-63.8047716,-42.8183039],[-63.8034359,-42.8179674],[-63.8028082,-42.8177805],[-63.8024944,-42.8177018],[-63.8019392,-42.8176369],[-63.8012445,-42.8175916],[-63.8009119,-42.8175464],[-63.8006088,-42.8175385],[-63.8003352,-42.8174775],[-63.8,-42.817326],[-63.7996164,-42.8171077],[-63.7990209,-42.8168735],[-63.7982217,-42.8166296],[-63.7972695,-42.8161692],[-63.796041,-42.8156261],[-63.7948018,-42.8152759],[-63.7922108,-42.8147919],[-63.7915886,-42.8146306],[-63.7906712,-42.8143236],[-63.7900704,-42.8141387],[-63.7892872,-42.8139655],[-63.7883833,-42.8138475],[-63.7856448,-42.813509],[-63.7831181,-42.8132021],[-63.7806881,-42.8129581],[-63.7792343,-42.8127692],[-63.7762624,-42.8123324],[-63.7751573,-42.8122301],[-63.774004,-42.8122183],[-63.7726253,-42.81236],[-63.7717295,-42.8124308],[-63.7707585,-42.8123521],[-63.7672341,-42.812112],[-63.7661558,-42.8120589],[-63.7657079,-42.8120294],[-63.7652493,-42.811933],[-63.7646404,-42.8117323],[-63.7642354,-42.8115532],[-63.7635568,-42.8112797],[-63.7630498,-42.8111125],[-63.762162,-42.8108882],[-63.7618536,-42.810839],[-63.7617517,-42.8108331],[-63.7616792,-42.8108134],[-63.7616122,-42.8107662],[-63.7615022,-42.8107209],[-63.7612259,-42.8106402],[-63.7607217,-42.8104671],[-63.7601236,-42.8103018],[-63.7598795,-42.810227],[-63.7596917,-42.8102073],[-63.7592492,-42.8102191],[-63.7588039,-42.8102487],[-63.7579563,-42.8103234],[-63.7572563,-42.8103431],[-63.7564087,-42.8102821],[-63.7552178,-42.8100873],[-63.7542629,-42.8099811],[-63.7539384,-42.809987],[-63.7536863,-42.8100401],[-63.7534556,-42.8100696],[-63.7529621,-42.8100184],[-63.7519321,-42.8098925],[-63.7507573,-42.8097981],[-63.7502316,-42.8097941],[-63.7489361,-42.8098099],[-63.7482253,-42.8098374],[-63.7465972,-42.8100263],[-63.7446123,-42.810229],[-63.7438023,-42.8103293],[-63.7428314,-42.81053],[-63.7416565,-42.8107229],[-63.7409216,-42.810961],[-63.7401947,-42.8112227],[-63.7396288,-42.8114785],[-63.7392774,-42.8117028],[-63.7391326,-42.8118602],[-63.7390843,-42.8121002],[-63.7391165,-42.8124721],[-63.7390897,-42.8129148],[-63.7390387,-42.8130919],[-63.738851,-42.813391],[-63.7387276,-42.813452],[-63.7385854,-42.8134658],[-63.7378156,-42.8133477],[-63.7363941,-42.8130663],[-63.7352273,-42.8128814],[-63.7341115,-42.8126945],[-63.7336046,-42.8126571],[-63.7330467,-42.8126964],[-63.732529,-42.8127692],[-63.7323841,-42.8127535],[-63.7321776,-42.8125882],[-63.731204,-42.8118405],[-63.730807,-42.8115729],[-63.7301821,-42.8112974],[-63.7296188,-42.8110948],[-63.7290958,-42.8109964],[-63.7284842,-42.8109905],[-63.7277707,-42.8111125],[-63.7275589,-42.8111656],[-63.7274113,-42.8111676],[-63.7272424,-42.8111026],[-63.7265316,-42.8108449],[-63.7259898,-42.8106363],[-63.7254345,-42.8103648],[-63.7251234,-42.8101365],[-63.7247854,-42.8097922],[-63.7242356,-42.8092924],[-63.7234014,-42.8084698],[-63.7230554,-42.8081137],[-63.7227041,-42.8077929],[-63.7222964,-42.807545],[-63.7219584,-42.8073561],[-63.7216526,-42.8070727],[-63.721363,-42.8067736],[-63.7210518,-42.8063368],[-63.7207943,-42.805894],[-63.7205046,-42.8055103],[-63.7201533,-42.8052308],[-63.7197,-42.8049337],[-63.7193057,-42.8047271],[-63.7187424,-42.804487],[-63.718088,-42.8043138],[-63.7178385,-42.8042076],[-63.7174362,-42.8039419],[-63.7169454,-42.8037254],[-63.716307,-42.8035385],[-63.7158349,-42.8034184],[-63.7153333,-42.8033397],[-63.7146843,-42.80332],[-63.7141156,-42.8033417],[-63.7135818,-42.803383],[-63.7132037,-42.8034647],[-63.7126552,-42.8036811],[-63.7123936,-42.8038238],[-63.7121294,-42.8038986],[-63.7111263,-42.803995],[-63.7105483,-42.8040737],[-63.7102573,-42.8040806],[-63.7099911,-42.8040386],[-63.7098321,-42.803996],[-63.7091763,-42.8035759],[-63.7085849,-42.8032157],[-63.7078419,-42.8028576],[-63.7077092,-42.8027404],[-63.7074114,-42.8024099],[-63.7071741,-42.8022318],[-63.7068951,-42.8021021],[-63.7065196,-42.8020005],[-63.7061816,-42.8019563],[-63.7058477,-42.8019868],[-63.705605,-42.8020704],[-63.7055178,-42.8021186],[-63.7054239,-42.8021412],[-63.7053207,-42.8021127],[-63.7048285,-42.8016522],[-63.7047507,-42.8015577],[-63.7047024,-42.8014525],[-63.7047158,-42.8011415],[-63.7046675,-42.8008758],[-63.7045428,-42.8004291],[-63.7042786,-42.7998623],[-63.7040426,-42.7994343],[-63.703824,-42.7990633],[-63.7033787,-42.7984985],[-63.7030716,-42.7981865],[-63.7028182,-42.797973],[-63.7026277,-42.7978392],[-63.7022536,-42.7976128],[-63.7015897,-42.7972044],[-63.7008092,-42.796797],[-63.7001038,-42.7964162],[-63.6997551,-42.7962529],[-63.6988297,-42.7959143],[-63.6980331,-42.7956723],[-63.6967054,-42.7954026],[-63.6954448,-42.7952491],[-63.6945757,-42.7950936],[-63.6919177,-42.7945622],[-63.6906222,-42.7942276],[-63.6893964,-42.7936942],[-63.6888868,-42.7935387],[-63.6883181,-42.7934029],[-63.6855206,-42.7930054],[-63.6824495,-42.7926412],[-63.6812049,-42.792533],[-63.6805397,-42.792592],[-63.6797431,-42.7927908],[-63.6793488,-42.7928991],[-63.6790994,-42.7929443],[-63.6788607,-42.7929168],[-63.6786488,-42.7928459],[-63.6783564,-42.7926707],[-63.6778391,-42.7923672],[-63.6776993,-42.7921492],[-63.677651,-42.7919878],[-63.677647,-42.7918815],[-63.6777703,-42.7916305],[-63.6779326,-42.7913973],[-63.6780493,-42.7912123],[-63.678178,-42.7908462],[-63.6782572,-42.7905962],[-63.6783054,-42.7903265],[-63.6782974,-42.7900667],[-63.6782062,-42.7897596],[-63.6780801,-42.7892479],[-63.6778012,-42.7888758],[-63.6773613,-42.7883975],[-63.6768812,-42.7880688],[-63.6764494,-42.7878424],[-63.6760792,-42.7877243],[-63.6759605,-42.7876441],[-63.6758566,-42.7875605],[-63.6758217,-42.7875157],[-63.6758157,-42.7874812],[-63.6758217,-42.7874296],[-63.6758204,-42.7873248],[-63.6757714,-42.7872544],[-63.6754469,-42.7869537],[-63.6752819,-42.7868026],[-63.674663,-42.7864139],[-63.6741212,-42.7862146],[-63.6735727,-42.7861073],[-63.673503,-42.7860541],[-63.6734654,-42.7859764],[-63.6733407,-42.7856968],[-63.6731462,-42.785496],[-63.6725199,-42.7850787],[-63.6716133,-42.7846496],[-63.6691162,-42.7839803],[-63.6672118,-42.7833898],[-63.6668229,-42.7832874],[-63.6666298,-42.7832008],[-63.6664394,-42.7830472],[-63.6660343,-42.7826358],[-63.6655408,-42.7815354],[-63.6653638,-42.7809881],[-63.6650527,-42.7804172],[-63.6646396,-42.7798561],[-63.6644197,-42.7793226],[-63.6640415,-42.7787497],[-63.6637437,-42.7784465],[-63.6631939,-42.7781532],[-63.6626802,-42.7779691],[-63.6625622,-42.7778904],[-63.6624965,-42.7777762],[-63.6623946,-42.7776423],[-63.6623396,-42.777601],[-63.6622658,-42.7775626],[-63.6619413,-42.777472],[-63.6615711,-42.7773637],[-63.6613083,-42.7773382],[-63.6601067,-42.7773106],[-63.6596587,-42.7773007],[-63.6589479,-42.7773795],[-63.6576873,-42.7776709],[-63.6568084,-42.7778941],[-63.6560002,-42.7781076],[-63.6549727,-42.7783561],[-63.654696,-42.7784224],[-63.6545733,-42.7784313],[-63.654472,-42.7784077],[-63.6543902,-42.7783752],[-63.6543017,-42.7783161],[-63.6538439,-42.7779938],[-63.6535862,-42.777663],[-63.6534521,-42.7774012],[-63.653377,-42.7770862],[-63.6528888,-42.7759364],[-63.6524409,-42.7752316],[-63.6516309,-42.7742865],[-63.6507806,-42.7732234],[-63.6503729,-42.7727469],[-63.6499706,-42.7723905],[-63.6492142,-42.7718983],[-63.6477926,-42.770967],[-63.6465588,-42.7702011],[-63.6459124,-42.7698467],[-63.6454779,-42.7696734],[-63.6451212,-42.7695927],[-63.6447993,-42.7695454],[-63.6441878,-42.7695375],[-63.6437264,-42.7695572],[-63.6431444,-42.7695021],[-63.642734,-42.7694017],[-63.6424453,-42.7693048],[-63.6421819,-42.7691796],[-63.6419803,-42.7690531],[-63.6415431,-42.7686298],[-63.6412936,-42.7684388],[-63.6411381,-42.7683345],[-63.6409691,-42.7682813],[-63.6400357,-42.7681789],[-63.639797,-42.768175],[-63.6396119,-42.7681888],[-63.6390379,-42.7683797],[-63.6387509,-42.7684152],[-63.6384344,-42.7683561],[-63.6379514,-42.7682703],[-63.6373723,-42.768171],[-63.6370779,-42.7680298],[-63.6367673,-42.7678208],[-63.6365463,-42.7676128],[-63.6364241,-42.7674972],[-63.6362895,-42.7673768],[-63.6361727,-42.7672879],[-63.6360652,-42.7672064],[-63.6358908,-42.7670867],[-63.6357417,-42.7669771],[-63.6354767,-42.7666727],[-63.6349836,-42.7660839],[-63.6345223,-42.7657438],[-63.6338919,-42.7652961],[-63.6336116,-42.7650409],[-63.6333906,-42.7647726],[-63.6330663,-42.7643774],[-63.632901,-42.764266],[-63.6327808,-42.7642338],[-63.6325215,-42.7641769],[-63.6323699,-42.7641029],[-63.6323257,-42.7639906],[-63.632373,-42.7638517],[-63.6324804,-42.7637709],[-63.6326286,-42.7637081],[-63.6327106,-42.7636262],[-63.6327897,-42.7635239],[-63.63307,-42.7629381],[-63.6331572,-42.7624675],[-63.6332041,-42.7620618],[-63.6331826,-42.7618728],[-63.6331384,-42.7616414],[-63.6330014,-42.7612364],[-63.6326333,-42.7606198],[-63.6322638,-42.7601665],[-63.6316692,-42.7597819],[-63.6311934,-42.759427],[-63.63087,-42.7590631],[-63.63083,-42.7587337],[-63.6307178,-42.7583455],[-63.6304775,-42.7579279],[-63.630133,-42.7576044],[-63.6299157,-42.7573778],[-63.6298943,-42.757175],[-63.6299694,-42.7569761],[-63.6301947,-42.7566196],[-63.6304468,-42.7554163],[-63.6305729,-42.754859],[-63.630538,-42.7545695],[-63.6304535,-42.7544257],[-63.6303516,-42.754275],[-63.6304267,-42.7539707],[-63.6304629,-42.7539117],[-63.6305098,-42.7538801],[-63.6307687,-42.7537955],[-63.6311623,-42.7535852],[-63.6312387,-42.7534685],[-63.6312012,-42.7533617],[-63.631177,-42.7533238],[-63.6311851,-42.7532937],[-63.6312112,-42.7532785],[-63.6312796,-42.7532671],[-63.6314479,-42.7532012],[-63.6314754,-42.7531593],[-63.6314714,-42.7531258],[-63.6314613,-42.7530958],[-63.631468,-42.7530638],[-63.6314942,-42.7530466],[-63.6315391,-42.7530357],[-63.6316451,-42.753017],[-63.6318214,-42.7529855],[-63.6320548,-42.7528979],[-63.6322291,-42.7528102],[-63.6323639,-42.7526728],[-63.6324102,-42.7526221],[-63.6324162,-42.7525404],[-63.6323686,-42.7524675],[-63.6322787,-42.7523493],[-63.6322633,-42.7522957],[-63.6322955,-42.752243],[-63.632378,-42.7522326],[-63.6326402,-42.7523035],[-63.6327896,-42.7522773],[-63.6331451,-42.7520505],[-63.6333127,-42.7517984],[-63.6336011,-42.7514458],[-63.6336353,-42.7513523],[-63.6336178,-42.7512316],[-63.6335669,-42.751178],[-63.6335119,-42.7511597],[-63.6333992,-42.7511425],[-63.6333268,-42.7511494],[-63.633241,-42.7511297],[-63.6332101,-42.7511115],[-63.6331984,-42.7511009],[-63.6332008,-42.751078],[-63.633244,-42.7510573],[-63.6332574,-42.7510248],[-63.6332591,-42.7509923],[-63.6332702,-42.7509699],[-63.6332896,-42.7509633],[-63.6333211,-42.7509603],[-63.6333788,-42.7509611],[-63.6335052,-42.7509773],[-63.6335897,-42.7510007],[-63.6336738,-42.7510256],[-63.6337523,-42.7510258],[-63.6338535,-42.7510056],[-63.6338716,-42.7509839],[-63.6338649,-42.7509692],[-63.6338384,-42.7509542],[-63.6336755,-42.7509199],[-63.633646,-42.7509005],[-63.6336329,-42.7508707],[-63.633732,-42.7508209],[-63.633862,-42.7508644],[-63.6341751,-42.7508721],[-63.634454,-42.7504967],[-63.6346181,-42.7501579],[-63.6348104,-42.7497673],[-63.6349129,-42.7493061],[-63.6349642,-42.7489296],[-63.6349514,-42.7484872],[-63.6349129,-42.7481248],[-63.6351102,-42.7477821],[-63.6352806,-42.7470553],[-63.6352643,-42.7466398],[-63.6353874,-42.7454994],[-63.6352478,-42.7437016],[-63.6350817,-42.7425565],[-63.6349173,-42.7421498],[-63.6347061,-42.7416859],[-63.634336,-42.7411816],[-63.6338639,-42.7406024],[-63.6334899,-42.74041],[-63.632834,-42.7403227],[-63.6323887,-42.7403779],[-63.6320883,-42.7404409],[-63.6319274,-42.7404409],[-63.63105,-42.74029],[-63.630479,-42.7399327],[-63.6304575,-42.7395584],[-63.6304843,-42.7394441],[-63.6307526,-42.7394402],[-63.6312085,-42.7394914],[-63.6315411,-42.7394993],[-63.6318094,-42.7396017],[-63.6320508,-42.7396805],[-63.6331399,-42.7398999],[-63.6335313,-42.7398026],[-63.6338586,-42.7395387],[-63.6341482,-42.7392432],[-63.6343253,-42.7387743],[-63.6344218,-42.7385576],[-63.6344111,-42.7384],[-63.6342233,-42.7383449],[-63.6338693,-42.7381321],[-63.633821,-42.7377027],[-63.6341751,-42.7375293],[-63.6342877,-42.7374111],[-63.6342394,-42.7372653],[-63.6344218,-42.7371747],[-63.6347061,-42.7371747],[-63.6350656,-42.7370486],[-63.6351943,-42.7369462],[-63.6353928,-42.7369068],[-63.6356235,-42.7369698],[-63.6358059,-42.7370604],[-63.6362401,-42.73706],[-63.6367983,-42.7367098],[-63.6373133,-42.7361109],[-63.6376351,-42.7351889],[-63.637796,-42.7344836],[-63.6377156,-42.7341999],[-63.6376673,-42.7340147],[-63.6375922,-42.7338768],[-63.6374044,-42.733668],[-63.637206,-42.7334749],[-63.6372703,-42.7332188],[-63.6373347,-42.7329902],[-63.637383,-42.7327972],[-63.6373508,-42.7326317],[-63.6373186,-42.732545],[-63.6370236,-42.7323716],[-63.63675,-42.7320603],[-63.6368144,-42.731753],[-63.6369968,-42.7316466],[-63.6371523,-42.7315678],[-63.6375922,-42.7312565],[-63.6378121,-42.731028],[-63.6379516,-42.7307915],[-63.6379623,-42.7303502],[-63.6379355,-42.7300153],[-63.6379194,-42.7294951],[-63.6379731,-42.7289356],[-63.6382145,-42.7277731],[-63.6382601,-42.7274105],[-63.6382574,-42.7267387],[-63.6381823,-42.7261476],[-63.6379677,-42.7253988],[-63.6378336,-42.7245042],[-63.637788,-42.7235013],[-63.6376727,-42.7230126],[-63.6374742,-42.7224175],[-63.6373964,-42.7220944],[-63.6374259,-42.721115],[-63.6374594,-42.7207633],[-63.6374299,-42.7204835],[-63.6373749,-42.7203347],[-63.6372623,-42.7202313],[-63.6370397,-42.7201416],[-63.6367312,-42.7200707],[-63.6363772,-42.7200194],[-63.6360204,-42.7199583],[-63.6357576,-42.7198859],[-63.6356919,-42.7198431],[-63.6356851,-42.7197849],[-63.6357334,-42.7197273],[-63.6358105,-42.7196982],[-63.6360633,-42.7197071],[-63.6361565,-42.7196623],[-63.6362571,-42.7195086],[-63.6363949,-42.7193564],[-63.6368573,-42.7190529],[-63.6369297,-42.7189292],[-63.6369149,-42.7188607],[-63.6368727,-42.7188174],[-63.6367352,-42.7187363],[-63.6367215,-42.7187156],[-63.6367279,-42.7187021],[-63.636747,-42.718689],[-63.6368425,-42.7186725],[-63.6371697,-42.7186105],[-63.6372898,-42.7185656],[-63.6374031,-42.7184405],[-63.6374976,-42.7182863],[-63.637501,-42.7181405],[-63.63745,-42.7180651],[-63.6373246,-42.7180083],[-63.6372385,-42.7179939],[-63.6372251,-42.7179804],[-63.63722,-42.7179621],[-63.6372324,-42.7179432],[-63.6372844,-42.7179065],[-63.6374487,-42.7178104],[-63.6377203,-42.7176803],[-63.6380113,-42.7175705],[-63.638242,-42.7174788],[-63.6385913,-42.7173103],[-63.6389615,-42.7170719],[-63.6391412,-42.7169463],[-63.6395073,-42.7167443],[-63.6398681,-42.7164969],[-63.6400035,-42.7163925],[-63.6401524,-42.7163339],[-63.6403522,-42.7162752],[-63.6405902,-42.7162206],[-63.6407176,-42.7161437],[-63.6409067,-42.7160087],[-63.6410415,-42.7158648],[-63.6411455,-42.7157338],[-63.6413312,-42.7156062],[-63.6414559,-42.7155382],[-63.6415203,-42.7154574],[-63.6415297,-42.7153756],[-63.6414854,-42.7152485],[-63.6413956,-42.7151007],[-63.6412093,-42.7149812],[-63.6409664,-42.7148071],[-63.6408296,-42.7146396],[-63.6408041,-42.7144454],[-63.640843,-42.7139872],[-63.6408457,-42.7136956],[-63.6407599,-42.7131891],[-63.6407653,-42.712791],[-63.6407974,-42.712591],[-63.6408833,-42.7124136],[-63.6410228,-42.7122431],[-63.6412413,-42.7119327],[-63.6413795,-42.7115868],[-63.6414975,-42.7111572],[-63.6414975,-42.7108655],[-63.6414278,-42.7103275],[-63.6414063,-42.7099392],[-63.6414224,-42.7095972],[-63.6414009,-42.7092553],[-63.6413607,-42.7089459],[-63.6412856,-42.7086896],[-63.6411636,-42.708394],[-63.641008,-42.7079496],[-63.6407062,-42.7072065],[-63.6405319,-42.7066063],[-63.6403844,-42.7061451],[-63.6401886,-42.7055775],[-63.6399552,-42.7049803],[-63.6397326,-42.7045644],[-63.6395663,-42.7042815],[-63.6394778,-42.7041445],[-63.6394577,-42.704043],[-63.6394469,-42.703911],[-63.6394295,-42.7037917],[-63.639349,-42.7036843],[-63.6391839,-42.7036065],[-63.6390178,-42.703537],[-63.6388528,-42.703467],[-63.6387737,-42.703395],[-63.6387643,-42.703364],[-63.6387804,-42.7033216],[-63.6388636,-42.7032541],[-63.6391264,-42.703128],[-63.6394168,-42.7030526],[-63.6395381,-42.703019],[-63.6396977,-42.7029146],[-63.6398265,-42.7028042],[-63.6399257,-42.7026189],[-63.6399499,-42.7023449],[-63.6400625,-42.7015939],[-63.6400303,-42.7008528],[-63.6397889,-42.699946],[-63.6394858,-42.6990787],[-63.6390352,-42.6980655],[-63.6384827,-42.6972178],[-63.6382628,-42.6968768],[-63.6377987,-42.6963071],[-63.6373132,-42.6957118],[-63.6369136,-42.695211],[-63.6361438,-42.6943791],[-63.6356248,-42.6937581],[-63.6352748,-42.6933993],[-63.6346766,-42.6927744],[-63.6340919,-42.6922185],[-63.6333865,-42.69156],[-63.632732,-42.6908404],[-63.6321178,-42.6899907],[-63.6319529,-42.6898172],[-63.6318322,-42.689694],[-63.6317289,-42.6895821],[-63.6316444,-42.689483],[-63.6315405,-42.6893495],[-63.6313038,-42.6889852],[-63.6306775,-42.688169],[-63.6302698,-42.6874829],[-63.6297226,-42.6862605],[-63.6289609,-42.6849158],[-63.6283708,-42.6841114],[-63.627829,-42.6833187],[-63.6271155,-42.6820963],[-63.6267614,-42.6814298],[-63.6264235,-42.6806766],[-63.6259326,-42.6792509],[-63.6256564,-42.6788033],[-63.625356,-42.6784602],[-63.6246184,-42.677847],[-63.6239639,-42.6774269],[-63.6230198,-42.6768669],[-63.6226469,-42.6765652],[-63.62225,-42.6761491],[-63.6220515,-42.6758139],[-63.6218879,-42.6754175],[-63.6217618,-42.674895],[-63.6217189,-42.674329],[-63.6216894,-42.6737827],[-63.6214078,-42.6726863],[-63.6208069,-42.6707773],[-63.619954,-42.6683515],[-63.6196214,-42.6674798],[-63.6191627,-42.6664996],[-63.6189079,-42.6660697],[-63.6185566,-42.66562],[-63.6182749,-42.6652275],[-63.6179397,-42.6644622],[-63.6178806,-42.6642157],[-63.6178525,-42.6639948],[-63.6178444,-42.6635461],[-63.6178672,-42.6634337],[-63.6179142,-42.6633262],[-63.6181073,-42.6630915],[-63.6184828,-42.6628311],[-63.6186732,-42.6626309],[-63.6188905,-42.6622621],[-63.618975,-42.6618548],[-63.6190206,-42.6613814],[-63.6189884,-42.6606161],[-63.6188221,-42.6595668],[-63.6185592,-42.658616],[-63.618063,-42.6575864],[-63.6177009,-42.6569472],[-63.6173254,-42.6563002],[-63.6167514,-42.6553218],[-63.616215,-42.654446],[-63.6156732,-42.653649],[-63.6151582,-42.6529547],[-63.6142141,-42.651771],[-63.6130446,-42.6504809],[-63.612358,-42.6496562],[-63.6118537,-42.6489066],[-63.6092627,-42.644361],[-63.6087719,-42.6431812],[-63.6083883,-42.6418928],[-63.6080772,-42.6406675],[-63.6078841,-42.639756],[-63.6077553,-42.6388878],[-63.6076266,-42.6380867],[-63.6071545,-42.6363108],[-63.606897,-42.6354821],[-63.6066985,-42.6342744],[-63.6063606,-42.6324906],[-63.6060548,-42.6314605],[-63.6055988,-42.6305172],[-63.6050248,-42.629491],[-63.6042792,-42.6283898],[-63.6033672,-42.6272729],[-63.6027423,-42.6266699],[-63.6020851,-42.6259743],[-63.6011249,-42.6251414],[-63.5998696,-42.624127],[-63.5989201,-42.623452],[-63.5980886,-42.6228718],[-63.5962875,-42.6218534],[-63.595849,-42.6215958],[-63.5949571,-42.6210294],[-63.59419,-42.6205251],[-63.5925016,-42.6195284],[-63.5915333,-42.6188977],[-63.5904658,-42.6182395],[-63.5894814,-42.6174717],[-63.5886875,-42.6168993],[-63.5881054,-42.6164966],[-63.5874134,-42.616011],[-63.5865068,-42.6154228],[-63.585839,-42.6149826],[-63.5855252,-42.614728],[-63.5853723,-42.6145148],[-63.5851523,-42.6141852],[-63.5849351,-42.6137095],[-63.5846427,-42.6130206],[-63.5844871,-42.6124501],[-63.5843316,-42.6113269],[-63.5843396,-42.6105037],[-63.5841841,-42.6096786],[-63.5840875,-42.609114],[-63.5839158,-42.6086244],[-63.5835135,-42.6079295],[-63.5833526,-42.6076689],[-63.5832721,-42.6074952],[-63.583248,-42.6072978],[-63.5832372,-42.6069602],[-63.5832641,-42.6067569],[-63.5834545,-42.6063927],[-63.5837643,-42.6060472],[-63.5838984,-42.6059356],[-63.5841532,-42.6057915],[-63.5846038,-42.6053888],[-63.5850129,-42.6050305],[-63.5853213,-42.6047768],[-63.5854889,-42.6045715],[-63.5858242,-42.6041826],[-63.5860898,-42.6038558],[-63.5866852,-42.602997],[-63.587101,-42.6021579],[-63.587278,-42.6015242],[-63.5874081,-42.6008529],[-63.5874416,-42.6004018],[-63.5873732,-42.5997394],[-63.5873605,-42.5994793],[-63.5871975,-42.5987813],[-63.5870822,-42.5984402],[-63.5869541,-42.5981396],[-63.5867576,-42.5978064],[-63.586598,-42.5975103],[-63.586421,-42.5971016],[-63.5863298,-42.5966948],[-63.586189,-42.5961765],[-63.5860415,-42.5957609],[-63.5857719,-42.5953966],[-63.5854393,-42.5949918],[-63.5850719,-42.5946009],[-63.5848492,-42.5942928],[-63.5847661,-42.5940598],[-63.5847366,-42.5938229],[-63.5847473,-42.5935978],[-63.5847795,-42.5933766],[-63.5848492,-42.593189],[-63.5850008,-42.5929886],[-63.5851161,-42.5928573],[-63.5852288,-42.5926391],[-63.5853066,-42.5924644],[-63.5853884,-42.5923587],[-63.5856157,-42.5921667],[-63.5856915,-42.5920591],[-63.5857659,-42.5918582],[-63.5859033,-42.5915985],[-63.586065,-42.5912761],[-63.5861236,-42.591189],[-63.586187,-42.5911406],[-63.5863449,-42.5910705],[-63.5865363,-42.5908985],[-63.5867254,-42.5906102],[-63.5872981,-42.5901876],[-63.5877755,-42.5897887],[-63.5882208,-42.5891114],[-63.5885882,-42.5881043],[-63.5887009,-42.5873361],[-63.5886794,-42.5860446],[-63.5888082,-42.5854522],[-63.5890389,-42.5843304],[-63.5891166,-42.5836669],[-63.5892373,-42.583029],[-63.5895163,-42.581613],[-63.5895243,-42.5808625],[-63.5894251,-42.5798651],[-63.5891837,-42.5786268],[-63.5889825,-42.5778822],[-63.5889852,-42.5776234],[-63.5890174,-42.5774595],[-63.5892239,-42.57679],[-63.5894573,-42.5759841],[-63.5896665,-42.5753955],[-63.5898328,-42.5746766],[-63.5899159,-42.5740445],[-63.5900474,-42.5727843],[-63.590152,-42.5724051],[-63.5906374,-42.5710994],[-63.5907796,-42.5707617],[-63.5909218,-42.5705997],[-63.5910393,-42.5705065],[-63.5913965,-42.5702619],[-63.5921851,-42.5698096],[-63.5925499,-42.5695943],[-63.5927993,-42.5693572],[-63.5932875,-42.5688061],[-63.5937193,-42.5682885],[-63.594304,-42.5674984],[-63.5948297,-42.5667853],[-63.5956746,-42.5657403],[-63.5963827,-42.5646577],[-63.596828,-42.5637035],[-63.5975237,-42.5622285],[-63.5981396,-42.5605505],[-63.598507,-42.5593237],[-63.598955,-42.5577649],[-63.5993654,-42.5563226],[-63.6006126,-42.553754],[-63.6010283,-42.5528412],[-63.6016774,-42.5515727],[-63.6026752,-42.5491304],[-63.6032948,-42.5476484],[-63.6034477,-42.5470457],[-63.6035818,-42.5463561],[-63.6035799,-42.5458314],[-63.6033887,-42.544135],[-63.6033967,-42.5429453],[-63.6033618,-42.5418999],[-63.6033297,-42.5406885],[-63.6032894,-42.5396134],[-63.6032116,-42.5384316],[-63.6030695,-42.5370758],[-63.602812,-42.5354315],[-63.602761,-42.5348622],[-63.6028147,-42.5342258],[-63.6029649,-42.5335005],[-63.6033163,-42.532192],[-63.6033618,-42.5315872],[-63.6033994,-42.5306582],[-63.603386,-42.5297075],[-63.6034021,-42.5283249],[-63.6033779,-42.5276745],[-63.6033779,-42.526877],[-63.6033243,-42.5259697],[-63.6032385,-42.5248706],[-63.6030078,-42.5224451],[-63.6027154,-42.519286],[-63.6026162,-42.518865],[-63.6024284,-42.5184201],[-63.6019778,-42.5177243],[-63.6015192,-42.5171865],[-63.6012724,-42.5169473],[-63.6008191,-42.5165381],[-63.6002558,-42.5160616],[-63.5998857,-42.5157117],[-63.5996684,-42.5154369],[-63.5993493,-42.5148655],[-63.5988504,-42.5137979],[-63.5984775,-42.5128785],[-63.5983649,-42.5123348],[-63.5983193,-42.5115518],[-63.5984024,-42.5108677],[-63.5985741,-42.51015],[-63.5987699,-42.5095351],[-63.5992688,-42.5083606],[-63.5994378,-42.5081095],[-63.6000091,-42.5074194],[-63.6002666,-42.5070042],[-63.6000021,-42.5054299],[-63.6001479,-42.5047068],[-63.60036,-42.5039445],[-63.6006649,-42.5031822],[-63.6010531,-42.5023393],[-63.6012968,-42.5018832],[-63.6017561,-42.5011852],[-63.6021029,-42.5007222],[-63.6024122,-42.500197],[-63.6026278,-42.4996925],[-63.6027778,-42.4992295],[-63.6029184,-42.4986558],[-63.6030496,-42.4982619],[-63.603284,-42.4978127],[-63.6034621,-42.4975155],[-63.6036589,-42.4973773],[-63.6038839,-42.4972875],[-63.6040526,-42.4971631],[-63.6042963,-42.4969281],[-63.6046619,-42.4965756],[-63.6048493,-42.4964581],[-63.6049952,-42.4964477],[-63.6052684,-42.4965768],[-63.6055468,-42.496655],[-63.605792,-42.4966452],[-63.6060439,-42.4965866],[-63.606203,-42.4966257],[-63.6063552,-42.4900821],[-63.6059368,-42.4903708],[-63.6054915,-42.4906695],[-63.6054245,-42.4907229],[-63.6053923,-42.4907684],[-63.6053842,-42.4908653],[-63.6053628,-42.4910018],[-63.6052474,-42.491243],[-63.6051938,-42.4913894],[-63.6050999,-42.4914962],[-63.604998,-42.4915417],[-63.6048317,-42.4915674],[-63.604711,-42.4915674],[-63.6046305,-42.4915457],[-63.6045085,-42.4914665],[-63.6044428,-42.4913993],[-63.6043958,-42.4913004],[-63.604424,-42.4911184],[-63.6044669,-42.4908475],[-63.6045662,-42.4904717],[-63.6048478,-42.4899673],[-63.605234,-42.4893898],[-63.6055881,-42.48884],[-63.6057302,-42.4885255],[-63.6058778,-42.4879835],[-63.6059609,-42.4873051],[-63.6059555,-42.4865179],[-63.605918,-42.4858276],[-63.6057651,-42.4840889],[-63.6054969,-42.4808013],[-63.6052716,-42.4779211],[-63.6052126,-42.4718081],[-63.6052609,-42.468595],[-63.6053467,-42.4670161],[-63.6055398,-42.4628135],[-63.6057544,-42.4603599],[-63.6061674,-42.4567069],[-63.6064464,-42.4543282],[-63.6067736,-42.4515061],[-63.6070794,-42.4487116],[-63.6073262,-42.4465702],[-63.6075139,-42.444195],[-63.607766,-42.4420099],[-63.6079592,-42.4387715],[-63.6080986,-42.4348758],[-63.6082166,-42.4317876],[-63.6082703,-42.4305879],[-63.6083347,-42.4274836],[-63.6084098,-42.422423],[-63.6083508,-42.4201618],[-63.6082703,-42.4166095],[-63.6081469,-42.4138055],[-63.6080611,-42.411144],[-63.6077553,-42.4077298],[-63.6076695,-42.4065692],[-63.6073691,-42.4034558],[-63.607074,-42.4008335],[-63.6069667,-42.3996768],[-63.6066985,-42.3972404],[-63.6064249,-42.3941543],[-63.6062425,-42.3925577],[-63.6056739,-42.3887621],[-63.6052877,-42.3858499],[-63.6048532,-42.3825374],[-63.60466,-42.3808573],[-63.6042523,-42.378127],[-63.6039573,-42.3763279],[-63.6036623,-42.374814],[-63.6031687,-42.3724362],[-63.6028254,-42.3707935],[-63.6024499,-42.3693627],[-63.602289,-42.3687088],[-63.6021334,-42.36814],[-63.6017579,-42.3668797],[-63.6015004,-42.3661742],[-63.6010578,-42.3646799],[-63.6006099,-42.3632173],[-63.5998938,-42.3607657]]]}}]}