"id","url","reason","redirect_to","status","owner","evidence"
"zemletryaseniya-i-vulkany","/baza-znaniy/zemletryaseniya-i-vulkany","Короткий обзор природных рисков объединён с проверенным руководством по безопасности.","/baza-znaniy/bezopasnost-argentina","archived_source_retained","Content architect","content/knowledge-base/bezopasnost/zemletryaseniya-i-vulkany.md + generated Next.js archive redirects"
"bankovskij-schet","/baza-znaniy/bankovskij-schet","Материал объединён с актуальным руководством по банкам и переводам, чтобы не дублировать быстро меняющиеся процедуры.","/baza-znaniy/banki-i-perevody","archived_source_retained","Content architect","content/knowledge-base/dengi/bankovskij-schet.md + generated Next.js archive redirects"
"inflyatsiya-i-ekonomika","/baza-znaniy/inflyatsiya-i-ekonomika","Короткий обзор экономики объединён с проверенным руководством по деньгам и бюджету.","/baza-znaniy/gid-po-dengam","archived_source_retained","Content architect","content/knowledge-base/dengi/inflyatsiya-i-ekonomika.md + generated Next.js archive redirects"
"sdacha-nedvizhimosti-v-arendu","/baza-znaniy/sdacha-nedvizhimosti-v-arendu","Короткий юридически чувствительный обзор снят с публикации до расширения первичными источниками; вход сохранён через путеводитель по переезду.","/baza-znaniy/gid-relokanta","archived_source_retained","Content architect","content/knowledge-base/dengi/sdacha-nedvizhimosti-v-arendu.md + generated Next.js archive redirects"
"alero-charcamata","/baza-znaniy/alero-charcamata","Неотредактированная однотемная карточка импорта объединена с каноническим русскоязычным региональным материалом; исходник и атрибуция сохранены для редакционного архива.","/baza-znaniy/patagonia","archived_source_retained","Content architect","content/knowledge-base/dostoprimechatelnosti/alero-charcamata.md + generated Next.js archive redirects"
"almacenes-de-ramos-generales-en-la-pampa","/baza-znaniy/almacenes-de-ramos-generales-en-la-pampa","Неотредактированная однотемная карточка импорта объединена с каноническим русскоязычным региональным материалом; исходник и атрибуция сохранены для редакционного архива.","/baza-znaniy/pampa","archived_source_retained","Content architect","content/knowledge-base/dostoprimechatelnosti/almacenes-de-ramos-generales-en-la-pampa.md + generated Next.js archive redirects"
"alumine","/baza-znaniy/alumine","Неотредактированная однотемная карточка импорта объединена с каноническим русскоязычным региональным материалом; исходник и атрибуция сохранены для редакционного архива.","/baza-znaniy/patagonia","archived_source_retained","Content architect","content/knowledge-base/dostoprimechatelnosti/alumine.md + generated Next.js archive redirects"
"andinismo-y-montanismo-en-neuquen","/baza-znaniy/andinismo-y-montanismo-en-neuquen","Неотредактированная однотемная карточка импорта объединена с каноническим русскоязычным региональным материалом; исходник и атрибуция сохранены для редакционного архива.","/baza-znaniy/patagonia","archived_source_retained","Content architect","content/knowledge-base/dostoprimechatelnosti/andinismo-y-montanismo-en-neuquen.md + generated Next.js archive redirects"
"angastaco","/baza-znaniy/angastaco","Неотредактированная однотемная карточка импорта объединена с каноническим русскоязычным региональным материалом; исходник и атрибуция сохранены для редакционного архива.","/baza-znaniy/noa","archived_source_retained","Content architect","content/knowledge-base/dostoprimechatelnosti/angastaco.md + generated Next.js archive redirects"
"antofagasta-de-la-sierra","/baza-znaniy/antofagasta-de-la-sierra","Неотредактированная однотемная карточка импорта объединена с каноническим русскоязычным региональным материалом; исходник и атрибуция сохранены для редакционного архива.","/baza-znaniy/noa","archived_source_retained","Content architect","content/knowledge-base/dostoprimechatelnosti/antofagasta-de-la-sierra.md + generated Next.js archive redirects"
"area-natural-protegida-rio-limay","/baza-znaniy/area-natural-protegida-rio-limay","Неотредактированная однотемная карточка импорта объединена с каноническим русскоязычным региональным материалом; исходник и атрибуция сохранены для редакционного архива.","/baza-znaniy/patagonia","archived_source_retained","Content architect","content/knowledge-base/dostoprimechatelnosti/area-natural-protegida-rio-limay.md + generated Next.js archive redirects"
"arte-urbano-en-buenos-aires","/baza-znaniy/arte-urbano-en-buenos-aires","Неотредактированная однотемная карточка импорта объединена с каноническим русскоязычным региональным материалом; исходник и атрибуция сохранены для редакционного архива.","/baza-znaniy/buenos-aires","archived_source_retained","Content architect","content/knowledge-base/dostoprimechatelnosti/arte-urbano-en-buenos-aires.md + generated Next.js archive redirects"
"artesania-formosena","/baza-znaniy/artesania-formosena","Неотредактированная однотемная карточка импорта объединена с каноническим русскоязычным региональным материалом; исходник и атрибуция сохранены для редакционного архива.","/baza-znaniy/litoral","archived_source_retained","Content architect","content/knowledge-base/dostoprimechatelnosti/artesania-formosena.md + generated Next.js archive redirects"
"astroturismo-en-san-juan","/baza-znaniy/astroturismo-en-san-juan","Неотредактированная однотемная карточка импорта объединена с каноническим русскоязычным региональным материалом; исходник и атрибуция сохранены для редакционного архива.","/baza-znaniy/cuyo","archived_source_retained","Content architect","content/knowledge-base/dostoprimechatelnosti/astroturismo-en-san-juan.md + generated Next.js archive redirects"
"autodromo-internacional-de-rio-hondo","/baza-znaniy/autodromo-internacional-de-rio-hondo","Неотредактированная однотемная карточка импорта объединена с каноническим русскоязычным региональным материалом; исходник и атрибуция сохранены для редакционного архива.","/baza-znaniy/noa","archived_source_retained","Content architect","content/knowledge-base/dostoprimechatelnosti/autodromo-internacional-de-rio-hondo.md + generated Next.js archive redirects"
"avellaneda","/baza-znaniy/avellaneda","Неотредактированная однотемная карточка импорта объединена с каноническим русскоязычным региональным материалом; исходник и атрибуция сохранены для редакционного архива.","/baza-znaniy/litoral","archived_source_retained","Content architect","content/knowledge-base/dostoprimechatelnosti/avellaneda.md + generated Next.js archive redirects"
"aventura-en-la-patagonia-andina","/baza-znaniy/aventura-en-la-patagonia-andina","Неотредактированная однотемная карточка импорта объединена с каноническим русскоязычным региональным материалом; исходник и атрибуция сохранены для редакционного архива.","/baza-znaniy/patagonia","archived_source_retained","Content architect","content/knowledge-base/dostoprimechatelnosti/aventura-en-la-patagonia-andina.md + generated Next.js archive redirects"
"aventura-submarina-en-puerto-madryn","/baza-znaniy/aventura-submarina-en-puerto-madryn","Неотредактированная однотемная карточка импорта объединена с каноническим русскоязычным региональным материалом; исходник и атрибуция сохранены для редакционного архива.","/baza-znaniy/patagonia","archived_source_retained","Content architect","content/knowledge-base/dostoprimechatelnosti/aventura-submarina-en-puerto-madryn.md + generated Next.js archive redirects"
"avistaje-de-aves-en-formosa","/baza-znaniy/avistaje-de-aves-en-formosa","Неотредактированная однотемная карточка импорта объединена с каноническим русскоязычным региональным материалом; исходник и атрибуция сохранены для редакционного архива.","/baza-znaniy/litoral","archived_source_retained","Content architect","content/knowledge-base/dostoprimechatelnosti/avistaje-de-aves-en-formosa.md + generated Next.js archive redirects"
"avistaje-de-aves-en-la-pampa","/baza-znaniy/avistaje-de-aves-en-la-pampa","Неотредактированная однотемная карточка импорта объединена с каноническим русскоязычным региональным материалом; исходник и атрибуция сохранены для редакционного архива.","/baza-znaniy/pampa","archived_source_retained","Content architect","content/knowledge-base/dostoprimechatelnosti/avistaje-de-aves-en-la-pampa.md + generated Next.js archive redirects"
"avistaje-de-aves-en-santa-cruz","/baza-znaniy/avistaje-de-aves-en-santa-cruz","Неотредактированная однотемная карточка импорта объединена с каноническим русскоязычным региональным материалом; исходник и атрибуция сохранены для редакционного архива.","/baza-znaniy/patagonia","archived_source_retained","Content architect","content/knowledge-base/dostoprimechatelnosti/avistaje-de-aves-en-santa-cruz.md + generated Next.js archive redirects"
"barreal","/baza-znaniy/barreal","Короткая производная карточка Барреаля объединена с каноническим русскоязычным путеводителем по Куйо; исходный текст, медиа и происхождение сохранены в архиве.","/baza-znaniy/cuyo","archived_source_retained","Content architect","content/knowledge-base/dostoprimechatelnosti/barreal.md + generated Next.js archive redirects"
"bebidas-y-gastronomia-en-cordoba","/baza-znaniy/bebidas-y-gastronomia-en-cordoba","Неотредактированная однотемная карточка импорта объединена с каноническим русскоязычным региональным материалом; исходник и атрибуция сохранены для редакционного архива.","/baza-znaniy/pampa","archived_source_retained","Content architect","content/knowledge-base/dostoprimechatelnosti/bebidas-y-gastronomia-en-cordoba.md + generated Next.js archive redirects"
"belen","/baza-znaniy/belen","Неотредактированная однотемная карточка импорта объединена с каноническим русскоязычным региональным материалом; исходник и атрибуция сохранены для редакционного архива.","/baza-znaniy/noa","archived_source_retained","Content architect","content/knowledge-base/dostoprimechatelnosti/belen.md + generated Next.js archive redirects"
"bodega-submarina-en-las-grutas","/baza-znaniy/bodega-submarina-en-las-grutas","Неотредактированная однотемная карточка импорта объединена с каноническим русскоязычным региональным материалом; исходник и атрибуция сохранены для редакционного архива.","/baza-znaniy/patagonia","archived_source_retained","Content architect","content/knowledge-base/dostoprimechatelnosti/bodega-submarina-en-las-grutas.md + generated Next.js archive redirects"
"buceo-en-el-golfo-san-matias","/baza-znaniy/buceo-en-el-golfo-san-matias","Неотредактированная однотемная карточка импорта объединена с каноническим русскоязычным региональным материалом; исходник и атрибуция сохранены для редакционного архива.","/baza-znaniy/patagonia","archived_source_retained","Content architect","content/knowledge-base/dostoprimechatelnosti/buceo-en-el-golfo-san-matias.md + generated Next.js archive redirects"
"buceo-en-las-costas-de-ushuaia","/baza-znaniy/buceo-en-las-costas-de-ushuaia","Неотредактированная карточка активности объединена с канонической русскоязычной страницей города; исходник и атрибуция сохранены для редакционного архива.","/baza-znaniy/ushuaia","archived_source_retained","Content architect","content/knowledge-base/dostoprimechatelnosti/buceo-en-las-costas-de-ushuaia.md + generated Next.js archive redirects"
"buenos-aires-tradicional","/baza-znaniy/buenos-aires-tradicional","Неотредактированная однотемная карточка импорта объединена с каноническим русскоязычным региональным материалом; исходник и атрибуция сохранены для редакционного архива.","/baza-znaniy/buenos-aires","archived_source_retained","Content architect","content/knowledge-base/dostoprimechatelnosti/buenos-aires-tradicional.md + generated Next.js archive redirects"
"cabalgata-en-el-lago-roca","/baza-znaniy/cabalgata-en-el-lago-roca","Неотредактированная однотемная карточка импорта объединена с каноническим русскоязычным региональным материалом; исходник и атрибуция сохранены для редакционного архива.","/baza-znaniy/patagonia","archived_source_retained","Content architect","content/knowledge-base/dostoprimechatelnosti/cabalgata-en-el-lago-roca.md + generated Next.js archive redirects"
"cabalgata-en-los-molles","/baza-znaniy/cabalgata-en-los-molles","Неотредактированная однотемная карточка импорта объединена с каноническим русскоязычным региональным материалом; исходник и атрибуция сохранены для редакционного архива.","/baza-znaniy/cuyo","archived_source_retained","Content architect","content/knowledge-base/dostoprimechatelnosti/cabalgata-en-los-molles.md + generated Next.js archive redirects"
"cabalgatas-en-cerro-belvedere-y-cascada-inacayal","/baza-znaniy/cabalgatas-en-cerro-belvedere-y-cascada-inacayal","Неотредактированная карточка активности объединена с канонической русскоязычной страницей города; исходник и атрибуция сохранены для редакционного архива.","/baza-znaniy/villa-la-angostura","archived_source_retained","Content architect","content/knowledge-base/dostoprimechatelnosti/cabalgatas-en-cerro-belvedere-y-cascada-inacayal.md + generated Next.js archive redirects"
"cabalgatas-en-la-estepa-de-bariloche","/baza-znaniy/cabalgatas-en-la-estepa-de-bariloche","Неотредактированная карточка активности объединена с канонической русскоязычной страницей города; исходник и атрибуция сохранены для редакционного архива.","/baza-znaniy/bariloche","archived_source_retained","Content architect","content/knowledge-base/dostoprimechatelnosti/cabalgatas-en-la-estepa-de-bariloche.md + generated Next.js archive redirects"
"cabalgatas-en-las-sierras-bonaerenses","/baza-znaniy/cabalgatas-en-las-sierras-bonaerenses","Неотредактированная однотемная карточка импорта объединена с каноническим русскоязычным региональным материалом; исходник и атрибуция сохранены для редакционного архива.","/baza-znaniy/buenos-aires-province","archived_source_retained","Content architect","content/knowledge-base/dostoprimechatelnosti/cabalgatas-en-las-sierras-bonaerenses.md + generated Next.js archive redirects"
"cabalgatas-en-tafi-del-valle","/baza-znaniy/cabalgatas-en-tafi-del-valle","Неотредактированная однотемная карточка импорта объединена с каноническим русскоязычным региональным материалом; исходник и атрибуция сохранены для редакционного архива.","/baza-znaniy/noa","archived_source_retained","Content architect","content/knowledge-base/dostoprimechatelnosti/cabalgatas-en-tafi-del-valle.md + generated Next.js archive redirects"
"cabalgatas-en-valle-chico","/baza-znaniy/cabalgatas-en-valle-chico","Неотредактированная однотемная карточка импорта объединена с каноническим русскоязычным региональным материалом; исходник и атрибуция сохранены для редакционного архива.","/baza-znaniy/patagonia","archived_source_retained","Content architect","content/knowledge-base/dostoprimechatelnosti/cabalgatas-en-valle-chico.md + generated Next.js archive redirects"
"cachi","/baza-znaniy/cachi","Дублирует сущность kachi; сохранена для перенаправления старого URL и истории импорта INPROTUR.","/baza-znaniy/kachi","archived_source_retained","Content architect","content/knowledge-base/dostoprimechatelnosti/cachi.md + generated Next.js archive redirects"
"camino-de-la-costa","/baza-znaniy/camino-de-la-costa","Неотредактированная однотемная карточка импорта объединена с каноническим русскоязычным региональным материалом; исходник и атрибуция сохранены для редакционного архива.","/baza-znaniy/litoral","archived_source_retained","Content architect","content/knowledge-base/dostoprimechatelnosti/camino-de-la-costa.md + generated Next.js archive redirects"
"caminos-de-la-fe-san-juan","/baza-znaniy/caminos-de-la-fe-san-juan","Неотредактированная однотемная карточка импорта объединена с каноническим русскоязычным региональным материалом; исходник и атрибуция сохранены для редакционного архива.","/baza-znaniy/cuyo","archived_source_retained","Content architect","content/knowledge-base/dostoprimechatelnosti/caminos-de-la-fe-san-juan.md + generated Next.js archive redirects"
"campo-del-cielo-y-saenz-pena","/baza-znaniy/campo-del-cielo-y-saenz-pena","Неотредактированная однотемная карточка импорта объединена с каноническим русскоязычным региональным материалом; исходник и атрибуция сохранены для редакционного архива.","/baza-znaniy/campo-del-cielo","archived_source_retained","Content architect","content/knowledge-base/dostoprimechatelnosti/campo-del-cielo-y-saenz-pena.md + generated Next.js archive redirects"
"canon-del-atuel","/baza-znaniy/canon-del-atuel","Неотредактированная однотемная карточка импорта объединена с каноническим русскоязычным региональным материалом; исходник и атрибуция сохранены для редакционного архива.","/baza-znaniy/cuyo","archived_source_retained","Content architect","content/knowledge-base/dostoprimechatelnosti/canon-del-atuel.md + generated Next.js archive redirects"
"capilla-del-monte","/baza-znaniy/capilla-del-monte","Неотредактированная однотемная карточка импорта объединена с каноническим русскоязычным региональным материалом; исходник и атрибуция сохранены для редакционного архива.","/baza-znaniy/pampa","archived_source_retained","Content architect","content/knowledge-base/dostoprimechatelnosti/capilla-del-monte.md + generated Next.js archive redirects"
"carcarana","/baza-znaniy/carcarana","Неотредактированная однотемная карточка импорта объединена с каноническим русскоязычным региональным материалом; исходник и атрибуция сохранены для редакционного архива.","/baza-znaniy/litoral","archived_source_retained","Content architect","content/knowledge-base/dostoprimechatelnosti/carcarana.md + generated Next.js archive redirects"
"carmen-del-sauce","/baza-znaniy/carmen-del-sauce","Неотредактированная однотемная карточка импорта объединена с каноническим русскоязычным региональным материалом; исходник и атрибуция сохранены для редакционного архива.","/baza-znaniy/litoral","archived_source_retained","Content architect","content/knowledge-base/dostoprimechatelnosti/carmen-del-sauce.md + generated Next.js archive redirects"
"carnaval-de-humahuaca","/baza-znaniy/carnaval-de-humahuaca","Неотредактированная однотемная карточка импорта объединена с каноническим русскоязычным региональным материалом; исходник и атрибуция сохранены для редакционного архива.","/baza-znaniy/noa","archived_source_retained","Content architect","content/knowledge-base/dostoprimechatelnosti/carnaval-de-humahuaca.md + generated Next.js archive redirects"
"carnaval-en-corrientes","/baza-znaniy/carnaval-en-corrientes","Неотредактированная однотемная карточка импорта объединена с каноническим русскоязычным региональным материалом; исходник и атрибуция сохранены для редакционного архива.","/baza-znaniy/litoral","archived_source_retained","Content architect","content/knowledge-base/dostoprimechatelnosti/carnaval-en-corrientes.md + generated Next.js archive redirects"
"casa-de-san-martin-en-yapeyu","/baza-znaniy/casa-de-san-martin-en-yapeyu","Неотредактированная однотемная карточка импорта объединена с каноническим русскоязычным региональным материалом; исходник и атрибуция сохранены для редакционного архива.","/baza-znaniy/litoral","archived_source_retained","Content architect","content/knowledge-base/dostoprimechatelnosti/casa-de-san-martin-en-yapeyu.md + generated Next.js archive redirects"
"cascada-chachin","/baza-znaniy/cascada-chachin","Неотредактированная однотемная карточка импорта объединена с каноническим русскоязычным региональным материалом; исходник и атрибуция сохранены для редакционного архива.","/baza-znaniy/patagonia","archived_source_retained","Content architect","content/knowledge-base/dostoprimechatelnosti/cascada-chachin.md + generated Next.js archive redirects"
"cascada-del-rio-noque","/baza-znaniy/cascada-del-rio-noque","Неотредактированная однотемная карточка импорта объединена с каноническим русскоязычным региональным материалом; исходник и атрибуция сохранены для редакционного архива.","/baza-znaniy/noa","archived_source_retained","Content architect","content/knowledge-base/dostoprimechatelnosti/cascada-del-rio-noque.md + generated Next.js archive redirects"
"cascada-nivinco-y-pichi-traful","/baza-znaniy/cascada-nivinco-y-pichi-traful","Неотредактированная однотемная карточка импорта объединена с каноническим русскоязычным региональным материалом; исходник и атрибуция сохранены для редакционного архива.","/baza-znaniy/patagonia","archived_source_retained","Content architect","content/knowledge-base/dostoprimechatelnosti/cascada-nivinco-y-pichi-traful.md + generated Next.js archive redirects"
"cascadas-santa-ana-y-dora","/baza-znaniy/cascadas-santa-ana-y-dora","Неотредактированная однотемная карточка импорта объединена с каноническим русскоязычным региональным материалом; исходник и атрибуция сохранены для редакционного архива.","/baza-znaniy/patagonia","archived_source_retained","Content architect","content/knowledge-base/dostoprimechatelnosti/cascadas-santa-ana-y-dora.md + generated Next.js archive redirects"
"catamaran-en-el-rio-parana","/baza-znaniy/catamaran-en-el-rio-parana","Неотредактированная однотемная карточка импорта объединена с каноническим русскоязычным региональным материалом; исходник и атрибуция сохранены для редакционного архива.","/baza-znaniy/litoral","archived_source_retained","Content architect","content/knowledge-base/dostoprimechatelnosti/catamaran-en-el-rio-parana.md + generated Next.js archive redirects"
"catamaran-en-la-triple-frontera","/baza-znaniy/catamaran-en-la-triple-frontera","Неотредактированная карточка активности объединена с канонической русскоязычной страницей города; исходник и атрибуция сохранены для редакционного архива.","/baza-znaniy/litoral","archived_source_retained","Content architect","content/knowledge-base/dostoprimechatelnosti/catamaran-en-la-triple-frontera.md + generated Next.js archive redirects"
"caviahue-copahue","/baza-znaniy/caviahue-copahue","Неотредактированная однотемная карточка импорта объединена с каноническим русскоязычным региональным материалом; исходник и атрибуция сохранены для редакционного архива.","/baza-znaniy/patagonia","archived_source_retained","Content architect","content/knowledge-base/dostoprimechatelnosti/caviahue-copahue.md + generated Next.js archive redirects"
"centro-de-esqui-la-hoya","/baza-znaniy/centro-de-esqui-la-hoya","Неотредактированная однотемная карточка импорта объединена с каноническим русскоязычным региональным материалом; исходник и атрибуция сохранены для редакционного архива.","/baza-znaniy/patagonia","archived_source_retained","Content architect","content/knowledge-base/dostoprimechatelnosti/centro-de-esqui-la-hoya.md + generated Next.js archive redirects"
"centro-termal-bernardo-larroude","/baza-znaniy/centro-termal-bernardo-larroude","Неотредактированная однотемная карточка импорта объединена с каноническим русскоязычным региональным материалом; исходник и атрибуция сохранены для редакционного архива.","/baza-znaniy/pampa","archived_source_retained","Content architect","content/knowledge-base/dostoprimechatelnosti/centro-termal-bernardo-larroude.md + generated Next.js archive redirects"
"centros-de-esqui-en-neuquen","/baza-znaniy/centros-de-esqui-en-neuquen","Неотредактированная однотемная карточка импорта объединена с каноническим русскоязычным региональным материалом; исходник и атрибуция сохранены для редакционного архива.","/baza-znaniy/patagonia","archived_source_retained","Content architect","content/knowledge-base/dostoprimechatelnosti/centros-de-esqui-en-neuquen.md + generated Next.js archive redirects"
"cerro-castor","/baza-znaniy/cerro-castor","Неотредактированная однотемная карточка импорта объединена с каноническим русскоязычным региональным материалом; исходник и атрибуция сохранены для редакционного архива.","/baza-znaniy/tierra-del-fuego","archived_source_retained","Content architect","content/knowledge-base/dostoprimechatelnosti/cerro-castor.md + generated Next.js archive redirects"
"cerro-mercedario-y-grandes-cumbres-de-san-juan","/baza-znaniy/cerro-mercedario-y-grandes-cumbres-de-san-juan","Неотредактированная однотемная карточка импорта объединена с каноническим русскоязычным региональным материалом; исходник и атрибуция сохранены для редакционного архива.","/baza-znaniy/cuyo","archived_source_retained","Content architect","content/knowledge-base/dostoprimechatelnosti/cerro-mercedario-y-grandes-cumbres-de-san-juan.md + generated Next.js archive redirects"
"cerro-tronador","/baza-znaniy/cerro-tronador","Неотредактированная однотемная карточка импорта объединена с каноническим русскоязычным региональным материалом; исходник и атрибуция сохранены для редакционного архива.","/baza-znaniy/patagonia","archived_source_retained","Content architect","content/knowledge-base/dostoprimechatelnosti/cerro-tronador.md + generated Next.js archive redirects"
"cerros-catedral-y-perito-moreno","/baza-znaniy/cerros-catedral-y-perito-moreno","Неотредактированная карточка активности объединена с канонической русскоязычной страницей города; исходник и атрибуция сохранены для редакционного архива.","/baza-znaniy/bariloche","archived_source_retained","Content architect","content/knowledge-base/dostoprimechatelnosti/cerros-catedral-y-perito-moreno.md + generated Next.js archive redirects"
"cholila","/baza-znaniy/cholila","Неотредактированная однотемная карточка импорта объединена с каноническим русскоязычным региональным материалом; исходник и атрибуция сохранены для редакционного архива.","/baza-znaniy/patagonia","archived_source_retained","Content architect","content/knowledge-base/dostoprimechatelnosti/cholila.md + generated Next.js archive redirects"
"ciudad-de-corrientes","/baza-znaniy/ciudad-de-corrientes","Дублирует сущность города korrientes; сохранена для перенаправления старого URL и истории импорта INPROTUR.","/baza-znaniy/korrientes","archived_source_retained","Content architect","content/knowledge-base/dostoprimechatelnosti/ciudad-de-corrientes.md + generated Next.js archive redirects"
"ciudad-de-formosa","/baza-znaniy/ciudad-de-formosa","Дублирует сущность города formosa; сохранена для перенаправления старого URL и истории импорта INPROTUR.","/baza-znaniy/formosa","archived_source_retained","Content architect","content/knowledge-base/dostoprimechatelnosti/ciudad-de-formosa.md + generated Next.js archive redirects"
"ciudad-de-salta","/baza-znaniy/ciudad-de-salta","Дублирует сущность города salta; сохранена для перенаправления старого URL и истории импорта INPROTUR.","/baza-znaniy/salta","archived_source_retained","Content architect","content/knowledge-base/dostoprimechatelnosti/ciudad-de-salta.md + generated Next.js archive redirects"
"ciudad-de-san-juan","/baza-znaniy/ciudad-de-san-juan","Дублирует сущность города san-huan; сохранена для перенаправления старого URL и истории импорта INPROTUR.","/baza-znaniy/san-huan","archived_source_retained","Content architect","content/knowledge-base/dostoprimechatelnosti/ciudad-de-san-juan.md + generated Next.js archive redirects"
"ciudad-de-santa-fe","/baza-znaniy/ciudad-de-santa-fe","Дублирует сущность города santa-fe; сохранена для перенаправления старого URL и истории импорта INPROTUR.","/baza-znaniy/santa-fe","archived_source_retained","Content architect","content/knowledge-base/dostoprimechatelnosti/ciudad-de-santa-fe.md + generated Next.js archive redirects"
"clorinda","/baza-znaniy/clorinda","Неотредактированная однотемная карточка импорта объединена с каноническим русскоязычным региональным материалом; исходник и атрибуция сохранены для редакционного архива.","/baza-znaniy/litoral","archived_source_retained","Content architect","content/knowledge-base/dostoprimechatelnosti/clorinda.md + generated Next.js archive redirects"
"colon","/baza-znaniy/colon","Неотредактированная однотемная карточка импорта объединена с каноническим русскоязычным региональным материалом; исходник и атрибуция сохранены для редакционного архива.","/baza-znaniy/litoral","archived_source_retained","Content architect","content/knowledge-base/dostoprimechatelnosti/colon.md + generated Next.js archive redirects"
"colonia-carlos-pellegrini","/baza-znaniy/colonia-carlos-pellegrini","Неотредактированная однотемная карточка импорта объединена с каноническим русскоязычным региональным материалом; исходник и атрибуция сохранены для редакционного архива.","/baza-znaniy/litoral","archived_source_retained","Content architect","content/knowledge-base/dostoprimechatelnosti/colonia-carlos-pellegrini.md + generated Next.js archive redirects"
"colonia-menonita-en-la-pampa","/baza-znaniy/colonia-menonita-en-la-pampa","Неотредактированная однотемная карточка импорта объединена с каноническим русскоязычным региональным материалом; исходник и атрибуция сохранены для редакционного архива.","/baza-znaniy/pampa","archived_source_retained","Content architect","content/knowledge-base/dostoprimechatelnosti/colonia-menonita-en-la-pampa.md + generated Next.js archive redirects"
"colonia-suiza","/baza-znaniy/colonia-suiza","Неотредактированная однотемная карточка импорта объединена с каноническим русскоязычным региональным материалом; исходник и атрибуция сохранены для редакционного архива.","/baza-znaniy/patagonia","archived_source_retained","Content architect","content/knowledge-base/dostoprimechatelnosti/colonia-suiza.md + generated Next.js archive redirects"
"colonias-judias-en-santa-fe","/baza-znaniy/colonias-judias-en-santa-fe","Неотредактированная однотемная карточка импорта объединена с каноническим русскоязычным региональным материалом; исходник и атрибуция сохранены для редакционного архива.","/baza-znaniy/litoral","archived_source_retained","Content architect","content/knowledge-base/dostoprimechatelnosti/colonias-judias-en-santa-fe.md + generated Next.js archive redirects"
"comandante-luis-piedrabuena","/baza-znaniy/comandante-luis-piedrabuena","Неотредактированная однотемная карточка импорта объединена с каноническим русскоязычным региональным материалом; исходник и атрибуция сохранены для редакционного архива.","/baza-znaniy/patagonia","archived_source_retained","Content architect","content/knowledge-base/dostoprimechatelnosti/comandante-luis-piedrabuena.md + generated Next.js archive redirects"
"comarca-andina-del-paralelo-42","/baza-znaniy/comarca-andina-del-paralelo-42","Неотредактированная однотемная карточка импорта объединена с каноническим русскоязычным региональным материалом; исходник и атрибуция сохранены для редакционного архива.","/baza-znaniy/patagonia","archived_source_retained","Content architect","content/knowledge-base/dostoprimechatelnosti/comarca-andina-del-paralelo-42.md + generated Next.js archive redirects"
"cordero-patagonico","/baza-znaniy/cordero-patagonico","Неотредактированная однотемная карточка импорта объединена с каноническим русскоязычным региональным материалом; исходник и атрибуция сохранены для редакционного архива.","/baza-znaniy/kuhnya","archived_source_retained","Content architect","content/knowledge-base/dostoprimechatelnosti/cordero-patagonico.md + generated Next.js archive redirects"
"cordoba-de-las-campanas","/baza-znaniy/cordoba-de-las-campanas","Неотредактированная однотемная карточка импорта объединена с каноническим русскоязычным региональным материалом; исходник и атрибуция сохранены для редакционного архива.","/baza-znaniy/pampa","archived_source_retained","Content architect","content/knowledge-base/dostoprimechatelnosti/cordoba-de-las-campanas.md + generated Next.js archive redirects"
"corredor-de-la-puna","/baza-znaniy/corredor-de-la-puna","Неотредактированная однотемная карточка импорта объединена с каноническим русскоязычным региональным материалом; исходник и атрибуция сохранены для редакционного архива.","/baza-znaniy/noa","archived_source_retained","Content architect","content/knowledge-base/dostoprimechatelnosti/corredor-de-la-puna.md + generated Next.js archive redirects"
"corredor-del-viento","/baza-znaniy/corredor-del-viento","Неотредактированная однотемная карточка импорта объединена с каноническим русскоязычным региональным материалом; исходник и атрибуция сохранены для редакционного архива.","/baza-znaniy/patagonia","archived_source_retained","Content architect","content/knowledge-base/dostoprimechatelnosti/corredor-del-viento.md + generated Next.js archive redirects"
"cosquin","/baza-znaniy/cosquin","Неотредактированная однотемная карточка импорта объединена с каноническим русскоязычным региональным материалом; исходник и атрибуция сохранены для редакционного архива.","/baza-znaniy/pampa","archived_source_retained","Content architect","content/knowledge-base/dostoprimechatelnosti/cosquin.md + generated Next.js archive redirects"
"costa-atlantica-bonaerense","/baza-znaniy/costa-atlantica-bonaerense","Неотредактированная однотемная карточка импорта объединена с каноническим русскоязычным региональным материалом; исходник и атрибуция сохранены для редакционного архива.","/baza-znaniy/buenos-aires-province","archived_source_retained","Content architect","content/knowledge-base/dostoprimechatelnosti/costa-atlantica-bonaerense.md + generated Next.js archive redirects"
"costa-atlantica-de-la-provincia-de-buenos-aires","/baza-znaniy/costa-atlantica-de-la-provincia-de-buenos-aires","Неотредактированная однотемная карточка импорта объединена с каноническим русскоязычным региональным материалом; исходник и атрибуция сохранены для редакционного архива.","/baza-znaniy/buenos-aires-province","archived_source_retained","Content architect","content/knowledge-base/dostoprimechatelnosti/costa-atlantica-de-la-provincia-de-buenos-aires.md + generated Next.js archive redirects"
"costanera-de-corrientes","/baza-znaniy/costanera-de-corrientes","Неотредактированная однотемная карточка импорта объединена с каноническим русскоязычным региональным материалом; исходник и атрибуция сохранены для редакционного архива.","/baza-znaniy/litoral","archived_source_retained","Content architect","content/knowledge-base/dostoprimechatelnosti/costanera-de-corrientes.md + generated Next.js archive redirects"
"costanera-de-formosa","/baza-znaniy/costanera-de-formosa","Неотредактированная однотемная карточка импорта объединена с каноническим русскоязычным региональным материалом; исходник и атрибуция сохранены для редакционного архива.","/baza-znaniy/litoral","archived_source_retained","Content architect","content/knowledge-base/dostoprimechatelnosti/costanera-de-formosa.md + generated Next.js archive redirects"
"cruce-de-los-andes","/baza-znaniy/cruce-de-los-andes","Неотредактированная однотемная карточка импорта объединена с каноническим русскоязычным региональным материалом; исходник и атрибуция сохранены для редакционного архива.","/baza-znaniy/cuyo","archived_source_retained","Content architect","content/knowledge-base/dostoprimechatelnosti/cruce-de-los-andes.md + generated Next.js archive redirects"
"cuesta-del-viento","/baza-znaniy/cuesta-del-viento","Неотредактированная однотемная карточка импорта объединена с каноническим русскоязычным региональным материалом; исходник и атрибуция сохранены для редакционного архива.","/baza-znaniy/cuyo","archived_source_retained","Content architect","content/knowledge-base/dostoprimechatelnosti/cuesta-del-viento.md + generated Next.js archive redirects"
"cultura-guarani-en-misiones","/baza-znaniy/cultura-guarani-en-misiones","Неотредактированная однотемная карточка импорта объединена с каноническим русскоязычным региональным материалом; исходник и атрибуция сохранены для редакционного архива.","/baza-znaniy/litoral","archived_source_retained","Content architect","content/knowledge-base/dostoprimechatelnosti/cultura-guarani-en-misiones.md + generated Next.js archive redirects"
"cusi-cusi","/baza-znaniy/cusi-cusi","Неотредактированная однотемная карточка импорта объединена с каноническим русскоязычным региональным материалом; исходник и атрибуция сохранены для редакционного архива.","/baza-znaniy/noa","archived_source_retained","Content architect","content/knowledge-base/dostoprimechatelnosti/cusi-cusi.md + generated Next.js archive redirects"
"delta-del-parana","/baza-znaniy/delta-del-parana","Неотредактированная однотемная карточка импорта объединена с каноническим русскоязычным региональным материалом; исходник и атрибуция сохранены для редакционного архива.","/baza-znaniy/litoral","archived_source_retained","Content architect","content/knowledge-base/dostoprimechatelnosti/delta-del-parana.md + generated Next.js archive redirects"
"deportes-extremos-en-la-rioja","/baza-znaniy/deportes-extremos-en-la-rioja","Неотредактированная однотемная карточка импорта объединена с каноническим русскоязычным региональным материалом; исходник и атрибуция сохранены для редакционного архива.","/baza-znaniy/noa","archived_source_retained","Content architect","content/knowledge-base/dostoprimechatelnosti/deportes-extremos-en-la-rioja.md + generated Next.js archive redirects"
"deportes-extremos-en-paso-de-la-patria","/baza-znaniy/deportes-extremos-en-paso-de-la-patria","Неотредактированная однотемная карточка импорта объединена с каноническим русскоязычным региональным материалом; исходник и атрибуция сохранены для редакционного архива.","/baza-znaniy/litoral","archived_source_retained","Content architect","content/knowledge-base/dostoprimechatelnosti/deportes-extremos-en-paso-de-la-patria.md + generated Next.js archive redirects"
"dinosaurios-de-la-patagonia","/baza-znaniy/dinosaurios-de-la-patagonia","Неотредактированная однотемная карточка импорта объединена с каноническим русскоязычным региональным материалом; исходник и атрибуция сохранены для редакционного архива.","/baza-znaniy/patagonia","archived_source_retained","Content architect","content/knowledge-base/dostoprimechatelnosti/dinosaurios-de-la-patagonia.md + generated Next.js archive redirects"
"dinosaurios-en-neuquen","/baza-znaniy/dinosaurios-en-neuquen","Неотредактированная однотемная карточка импорта объединена с каноническим русскоязычным региональным материалом; исходник и атрибуция сохранены для редакционного архива.","/baza-znaniy/patagonia","archived_source_retained","Content architect","content/knowledge-base/dostoprimechatelnosti/dinosaurios-en-neuquen.md + generated Next.js archive redirects"
"dique-piscu-yacu","/baza-znaniy/dique-piscu-yacu","Неотредактированная однотемная карточка импорта объединена с каноническим русскоязычным региональным материалом; исходник и атрибуция сохранены для редакционного архива.","/baza-znaniy/cuyo","archived_source_retained","Content architect","content/knowledge-base/dostoprimechatelnosti/dique-piscu-yacu.md + generated Next.js archive redirects"
"dunas-de-taton","/baza-znaniy/dunas-de-taton","Неотредактированная однотемная карточка импорта объединена с каноническим русскоязычным региональным материалом; исходник и атрибуция сохранены для редакционного архива.","/baza-znaniy/noa","archived_source_retained","Content architect","content/knowledge-base/dostoprimechatelnosti/dunas-de-taton.md + generated Next.js archive redirects"
"el-chaku","/baza-znaniy/el-chaku","Неотредактированная однотемная карточка импорта объединена с каноническим русскоязычным региональным материалом; исходник и атрибуция сохранены для редакционного архива.","/baza-znaniy/noa","archived_source_retained","Content architect","content/knowledge-base/dostoprimechatelnosti/el-chaku.md + generated Next.js archive redirects"
"el-curanto","/baza-znaniy/el-curanto","Неотредактированная однотемная карточка импорта объединена с каноническим русскоязычным региональным материалом; исходник и атрибуция сохранены для редакционного архива.","/baza-znaniy/patagonia","archived_source_retained","Content architect","content/knowledge-base/dostoprimechatelnosti/el-curanto.md + generated Next.js archive redirects"
"el-gaucho","/baza-znaniy/el-gaucho","Неотредактированная однотемная карточка импорта объединена с каноническим русскоязычным региональным материалом; исходник и атрибуция сохранены для редакционного архива.","/baza-znaniy/buenos-aires-province","archived_source_retained","Content architect","content/knowledge-base/dostoprimechatelnosti/el-gaucho.md + generated Next.js archive redirects"
"el-hoyo","/baza-znaniy/el-hoyo","Неотредактированная однотемная карточка импорта объединена с каноническим русскоязычным региональным материалом; исходник и атрибуция сохранены для редакционного архива.","/baza-znaniy/patagonia","archived_source_retained","Content architect","content/knowledge-base/dostoprimechatelnosti/el-hoyo.md + generated Next.js archive redirects"
"el-mate","/baza-znaniy/el-mate","Неотредактированная однотемная карточка импорта объединена с каноническим русскоязычным региональным материалом; исходник и атрибуция сохранены для редакционного архива.","/baza-znaniy/mate","archived_source_retained","Content architect","content/knowledge-base/dostoprimechatelnosti/el-mate.md + generated Next.js archive redirects"
"el-nihuil","/baza-znaniy/el-nihuil","Неотредактированная однотемная карточка импорта объединена с каноническим русскоязычным региональным материалом; исходник и атрибуция сохранены для редакционного архива.","/baza-znaniy/cuyo","archived_source_retained","Content architect","content/knowledge-base/dostoprimechatelnosti/el-nihuil.md + generated Next.js archive redirects"
"el-obelisco-de-cafayate","/baza-znaniy/el-obelisco-de-cafayate","Неотредактированная однотемная карточка импорта объединена с каноническим русскоязычным региональным материалом; исходник и атрибуция сохранены для редакционного архива.","/baza-znaniy/noa","archived_source_retained","Content architect","content/knowledge-base/dostoprimechatelnosti/el-obelisco-de-cafayate.md + generated Next.js archive redirects"
"el-rodeo","/baza-znaniy/el-rodeo","Неотредактированная однотемная карточка импорта объединена с каноническим русскоязычным региональным материалом; исходник и атрибуция сохранены для редакционного архива.","/baza-znaniy/noa","archived_source_retained","Content architect","content/knowledge-base/dostoprimechatelnosti/el-rodeo.md + generated Next.js archive redirects"
"el-salitral-encantado","/baza-znaniy/el-salitral-encantado","Неотредактированная однотемная карточка импорта объединена с каноническим русскоязычным региональным материалом; исходник и атрибуция сохранены для редакционного архива.","/baza-znaniy/pampa","archived_source_retained","Content architect","content/knowledge-base/dostoprimechatelnosti/el-salitral-encantado.md + generated Next.js archive redirects"
"el-sauzalito","/baza-znaniy/el-sauzalito","Неотредактированная однотемная карточка импорта объединена с каноническим русскоязычным региональным материалом; исходник и атрибуция сохранены для редакционного архива.","/baza-znaniy/litoral","archived_source_retained","Content architect","content/knowledge-base/dostoprimechatelnosti/el-sauzalito.md + generated Next.js archive redirects"
"el-sosneado","/baza-znaniy/el-sosneado","Неотредактированная однотемная карточка импорта объединена с каноническим русскоязычным региональным материалом; исходник и атрибуция сохранены для редакционного архива.","/baza-znaniy/cuyo","archived_source_retained","Content architect","content/knowledge-base/dostoprimechatelnosti/el-sosneado.md + generated Next.js archive redirects"
"el-trapiche","/baza-znaniy/el-trapiche","Неотредактированная однотемная карточка импорта объединена с каноническим русскоязычным региональным материалом; исходник и атрибуция сохранены для редакционного архива.","/baza-znaniy/cuyo","archived_source_retained","Content architect","content/knowledge-base/dostoprimechatelnosti/el-trapiche.md + generated Next.js archive redirects"
"el-tren-patagonico","/baza-znaniy/el-tren-patagonico","Неотредактированная однотемная карточка импорта объединена с каноническим русскоязычным региональным материалом; исходник и атрибуция сохранены для редакционного архива.","/baza-znaniy/patagonia","archived_source_retained","Content architect","content/knowledge-base/dostoprimechatelnosti/el-tren-patagonico.md + generated Next.js archive redirects"
"el-vino-malbec","/baza-znaniy/el-vino-malbec","Неотредактированная однотемная карточка импорта объединена с каноническим русскоязычным региональным материалом; исходник и атрибуция сохранены для редакционного архива.","/baza-znaniy/kuhnya","archived_source_retained","Content architect","content/knowledge-base/dostoprimechatelnosti/el-vino-malbec.md + generated Next.js archive redirects"
"eldorado","/baza-znaniy/eldorado","Неотредактированная однотемная карточка импорта объединена с каноническим русскоязычным региональным материалом; исходник и атрибуция сохранены для редакционного архива.","/baza-znaniy/litoral","archived_source_retained","Content architect","content/knowledge-base/dostoprimechatelnosti/eldorado.md + generated Next.js archive redirects"
"empedrado-y-el-carrizal","/baza-znaniy/empedrado-y-el-carrizal","Неотредактированная однотемная карточка импорта объединена с каноническим русскоязычным региональным материалом; исходник и атрибуция сохранены для редакционного архива.","/baza-znaniy/litoral","archived_source_retained","Content architect","content/knowledge-base/dostoprimechatelnosti/empedrado-y-el-carrizal.md + generated Next.js archive redirects"
"empedrado","/baza-znaniy/empedrado","Неотредактированная однотемная карточка импорта объединена с каноническим русскоязычным региональным материалом; исходник и атрибуция сохранены для редакционного архива.","/baza-znaniy/litoral","archived_source_retained","Content architect","content/knowledge-base/dostoprimechatelnosti/empedrado.md + generated Next.js archive redirects"
"epuyen","/baza-znaniy/epuyen","Неотредактированная однотемная карточка импорта объединена с каноническим русскоязычным региональным материалом; исходник и атрибуция сохранены для редакционного архива.","/baza-znaniy/patagonia","archived_source_retained","Content architect","content/knowledge-base/dostoprimechatelnosti/epuyen.md + generated Next.js archive redirects"
"esquina","/baza-znaniy/esquina","Неотредактированная однотемная карточка импорта объединена с каноническим русскоязычным региональным материалом; исходник и атрибуция сохранены для редакционного архива.","/baza-znaniy/litoral","archived_source_retained","Content architect","content/knowledge-base/dostoprimechatelnosti/esquina.md + generated Next.js archive redirects"
"estancias-turisticas-de-campo","/baza-znaniy/estancias-turisticas-de-campo","Неотредактированная однотемная карточка импорта объединена с каноническим русскоязычным региональным материалом; исходник и атрибуция сохранены для редакционного архива.","/baza-znaniy/pampa","archived_source_retained","Content architect","content/knowledge-base/dostoprimechatelnosti/estancias-turisticas-de-campo.md + generated Next.js archive redirects"
"expedicion-al-avion-de-los-uruguayos","/baza-znaniy/expedicion-al-avion-de-los-uruguayos","Неотредактированная однотемная карточка импорта объединена с каноническим русскоязычным региональным материалом; исходник и атрибуция сохранены для редакционного архива.","/baza-znaniy/cuyo","archived_source_retained","Content architect","content/knowledge-base/dostoprimechatelnosti/expedicion-al-avion-de-los-uruguayos.md + generated Next.js archive redirects"
"expediciones-en-el-lago-huechulafquen","/baza-znaniy/expediciones-en-el-lago-huechulafquen","Неотредактированная однотемная карточка импорта объединена с каноническим русскоязычным региональным материалом; исходник и атрибуция сохранены для редакционного архива.","/baza-znaniy/patagonia","archived_source_retained","Content architect","content/knowledge-base/dostoprimechatelnosti/expediciones-en-el-lago-huechulafquen.md + generated Next.js archive redirects"
"feria-de-simoca","/baza-znaniy/feria-de-simoca","Неотредактированная однотемная карточка импорта объединена с каноническим русскоязычным региональным материалом; исходник и атрибуция сохранены для редакционного архива.","/baza-znaniy/noa","archived_source_retained","Content architect","content/knowledge-base/dostoprimechatelnosti/feria-de-simoca.md + generated Next.js archive redirects"
"festival-de-cosquin","/baza-znaniy/festival-de-cosquin","Неотредактированная однотемная карточка импорта объединена с каноническим русскоязычным региональным материалом; исходник и атрибуция сохранены для редакционного архива.","/baza-znaniy/pampa","archived_source_retained","Content architect","content/knowledge-base/dostoprimechatelnosti/festival-de-cosquin.md + generated Next.js archive redirects"
"fiambala","/baza-znaniy/fiambala","Неотредактированная однотемная карточка импорта объединена с каноническим русскоязычным региональным материалом; исходник и атрибуция сохранены для редакционного архива.","/baza-znaniy/noa","archived_source_retained","Content architect","content/knowledge-base/dostoprimechatelnosti/fiambala.md + generated Next.js archive redirects"
"fiesta-nacional-del-canotaje-en-chaco","/baza-znaniy/fiesta-nacional-del-canotaje-en-chaco","Неотредактированная однотемная карточка импорта объединена с каноническим русскоязычным региональным материалом; исходник и атрибуция сохранены для редакционного архива.","/baza-znaniy/litoral","archived_source_retained","Content architect","content/knowledge-base/dostoprimechatelnosti/fiesta-nacional-del-canotaje-en-chaco.md + generated Next.js archive redirects"
"fiesta-nacional-del-sol-en-san-juan","/baza-znaniy/fiesta-nacional-del-sol-en-san-juan","Неотредактированная однотемная карточка импорта объединена с каноническим русскоязычным региональным материалом; исходник и атрибуция сохранены для редакционного архива.","/baza-znaniy/cuyo","archived_source_retained","Content architect","content/knowledge-base/dostoprimechatelnosti/fiesta-nacional-del-sol-en-san-juan.md + generated Next.js archive redirects"
"fiestas-y-festivales-en-cordoba","/baza-znaniy/fiestas-y-festivales-en-cordoba","Неотредактированная однотемная карточка импорта объединена с каноническим русскоязычным региональным материалом; исходник и атрибуция сохранены для редакционного архива.","/baza-znaniy/pampa","archived_source_retained","Content architect","content/knowledge-base/dostoprimechatelnosti/fiestas-y-festivales-en-cordoba.md + generated Next.js archive redirects"
"frutas-de-pepita-en-el-alto-valle-del-rio-negro","/baza-znaniy/frutas-de-pepita-en-el-alto-valle-del-rio-negro","Неотредактированная однотемная карточка импорта объединена с каноническим русскоязычным региональным материалом; исходник и атрибуция сохранены для редакционного архива.","/baza-znaniy/patagonia","archived_source_retained","Content architect","content/knowledge-base/dostoprimechatelnosti/frutas-de-pepita-en-el-alto-valle-del-rio-negro.md + generated Next.js archive redirects"
"gaiman","/baza-znaniy/gaiman","Неотредактированная однотемная карточка импорта объединена с каноническим русскоязычным региональным материалом; исходник и атрибуция сохранены для редакционного архива.","/baza-znaniy/patagonia","archived_source_retained","Content architect","content/knowledge-base/dostoprimechatelnosti/gaiman.md + generated Next.js archive redirects"
"galeses-en-argentina","/baza-znaniy/galeses-en-argentina","Неотредактированная однотемная карточка импорта объединена с каноническим русскоязычным региональным материалом; исходник и атрибуция сохранены для редакционного архива.","/baza-znaniy/patagonia","archived_source_retained","Content architect","content/knowledge-base/dostoprimechatelnosti/galeses-en-argentina.md + generated Next.js archive redirects"
"gastronomia-de-entre-rios","/baza-znaniy/gastronomia-de-entre-rios","Неотредактированная однотемная карточка импорта объединена с каноническим русскоязычным региональным материалом; исходник и атрибуция сохранены для редакционного архива.","/baza-znaniy/litoral","archived_source_retained","Content architect","content/knowledge-base/dostoprimechatelnosti/gastronomia-de-entre-rios.md + generated Next.js archive redirects"
"gastronomia-de-jujuy","/baza-znaniy/gastronomia-de-jujuy","Неотредактированная однотемная карточка импорта объединена с каноническим русскоязычным региональным материалом; исходник и атрибуция сохранены для редакционного архива.","/baza-znaniy/noa","archived_source_retained","Content architect","content/knowledge-base/dostoprimechatelnosti/gastronomia-de-jujuy.md + generated Next.js archive redirects"
"gastronomia-de-la-pampa","/baza-znaniy/gastronomia-de-la-pampa","Неотредактированная однотемная карточка импорта объединена с каноническим русскоязычным региональным материалом; исходник и атрибуция сохранены для редакционного архива.","/baza-znaniy/pampa","archived_source_retained","Content architect","content/knowledge-base/dostoprimechatelnosti/gastronomia-de-la-pampa.md + generated Next.js archive redirects"
"gastronomia-de-misiones","/baza-znaniy/gastronomia-de-misiones","Неотредактированная однотемная карточка импорта объединена с каноническим русскоязычным региональным материалом; исходник и атрибуция сохранены для редакционного архива.","/baza-znaniy/litoral","archived_source_retained","Content architect","content/knowledge-base/dostoprimechatelnosti/gastronomia-de-misiones.md + generated Next.js archive redirects"
"gastronomia-de-tierra-del-fuego","/baza-znaniy/gastronomia-de-tierra-del-fuego","Неотредактированная однотемная карточка импорта объединена с каноническим русскоязычным региональным материалом; исходник и атрибуция сохранены для редакционного архива.","/baza-znaniy/tierra-del-fuego","archived_source_retained","Content architect","content/knowledge-base/dostoprimechatelnosti/gastronomia-de-tierra-del-fuego.md + generated Next.js archive redirects"
"gastronomia-en-cordoba","/baza-znaniy/gastronomia-en-cordoba","Неотредактированная однотемная карточка импорта объединена с каноническим русскоязычным региональным материалом; исходник и атрибуция сохранены для редакционного архива.","/baza-znaniy/pampa","archived_source_retained","Content architect","content/knowledge-base/dostoprimechatelnosti/gastronomia-en-cordoba.md + generated Next.js archive redirects"
"gastronomia-en-santa-fe","/baza-znaniy/gastronomia-en-santa-fe","Неотредактированная однотемная карточка импорта объединена с каноническим русскоязычным региональным материалом; исходник и атрибуция сохранены для редакционного архива.","/baza-znaniy/litoral","archived_source_retained","Content architect","content/knowledge-base/dostoprimechatelnosti/gastronomia-en-santa-fe.md + generated Next.js archive redirects"
"gastronomia-en-santiago-del-estero","/baza-znaniy/gastronomia-en-santiago-del-estero","Неотредактированная однотемная карточка импорта объединена с каноническим русскоязычным региональным материалом; исходник и атрибуция сохранены для редакционного архива.","/baza-znaniy/noa","archived_source_retained","Content architect","content/knowledge-base/dostoprimechatelnosti/gastronomia-en-santiago-del-estero.md + generated Next.js archive redirects"
"gastronomia-portena","/baza-znaniy/gastronomia-portena","Неотредактированная однотемная карточка импорта объединена с каноническим русскоязычным региональным материалом; исходник и атрибуция сохранены для редакционного архива.","/baza-znaniy/kuhnya","archived_source_retained","Content architect","content/knowledge-base/dostoprimechatelnosti/gastronomia-portena.md + generated Next.js archive redirects"
"general-acha","/baza-znaniy/general-acha","Неотредактированная однотемная карточка импорта объединена с каноническим русскоязычным региональным материалом; исходник и атрибуция сохранены для редакционного архива.","/baza-znaniy/pampa","archived_source_retained","Content architect","content/knowledge-base/dostoprimechatelnosti/general-acha.md + generated Next.js archive redirects"
"glaciar-huemul","/baza-znaniy/glaciar-huemul","Неотредактированная однотемная карточка импорта объединена с каноническим русскоязычным региональным материалом; исходник и атрибуция сохранены для редакционного архива.","/baza-znaniy/patagonia","archived_source_retained","Content architect","content/knowledge-base/dostoprimechatelnosti/glaciar-huemul.md + generated Next.js archive redirects"
"glaciar-ojo-del-albino","/baza-znaniy/glaciar-ojo-del-albino","Неотредактированная однотемная карточка импорта объединена с каноническим русскоязычным региональным материалом; исходник и атрибуция сохранены для редакционного архива.","/baza-znaniy/tierra-del-fuego","archived_source_retained","Content architect","content/knowledge-base/dostoprimechatelnosti/glaciar-ojo-del-albino.md + generated Next.js archive redirects"
"golf-en-mendoza","/baza-znaniy/golf-en-mendoza","Неотредактированная однотемная карточка импорта объединена с каноническим русскоязычным региональным материалом; исходник и атрибуция сохранены для редакционного архива.","/baza-znaniy/cuyo","archived_source_retained","Content architect","content/knowledge-base/dostoprimechatelnosti/golf-en-mendoza.md + generated Next.js archive redirects"
"golf-en-tierra-del-fuego","/baza-znaniy/golf-en-tierra-del-fuego","Неотредактированная однотемная карточка импорта объединена с каноническим русскоязычным региональным материалом; исходник и атрибуция сохранены для редакционного архива.","/baza-znaniy/tierra-del-fuego","archived_source_retained","Content architect","content/knowledge-base/dostoprimechatelnosti/golf-en-tierra-del-fuego.md + generated Next.js archive redirects"
"herradura","/baza-znaniy/herradura","Неотредактированная однотемная карточка импорта объединена с каноническим русскоязычным региональным материалом; исходник и атрибуция сохранены для редакционного архива.","/baza-znaniy/litoral","archived_source_retained","Content architect","content/knowledge-base/dostoprimechatelnosti/herradura.md + generated Next.js archive redirects"
"humahuaca","/baza-znaniy/humahuaca","Неотредактированная однотемная карточка импорта объединена с каноническим русскоязычным региональным материалом; исходник и атрибуция сохранены для редакционного архива.","/baza-znaniy/noa","archived_source_retained","Content architect","content/knowledge-base/dostoprimechatelnosti/humahuaca.md + generated Next.js archive redirects"
"iglesia-nuestra-senora-del-rosario-y-san-francisco","/baza-znaniy/iglesia-nuestra-senora-del-rosario-y-san-francisco","Неотредактированная однотемная карточка импорта объединена с каноническим русскоязычным региональным материалом; исходник и атрибуция сохранены для редакционного архива.","/baza-znaniy/noa","archived_source_retained","Content architect","content/knowledge-base/dostoprimechatelnosti/iglesia-nuestra-senora-del-rosario-y-san-francisco.md + generated Next.js archive redirects"
"intendente-alvear","/baza-znaniy/intendente-alvear","Неотредактированная однотемная карточка импорта объединена с каноническим русскоязычным региональным материалом; исходник и атрибуция сохранены для редакционного архива.","/baza-znaniy/pampa","archived_source_retained","Content architect","content/knowledge-base/dostoprimechatelnosti/intendente-alvear.md + generated Next.js archive redirects"
"iruya","/baza-znaniy/iruya","Неотредактированная однотемная карточка импорта объединена с каноническим русскоязычным региональным материалом; исходник и атрибуция сохранены для редакционного архива.","/baza-znaniy/noa","archived_source_retained","Content architect","content/knowledge-base/dostoprimechatelnosti/iruya.md + generated Next.js archive redirects"
"isla-del-cerrito","/baza-znaniy/isla-del-cerrito","Неотредактированная однотемная карточка импорта объединена с каноническим русскоязычным региональным материалом; исходник и атрибуция сохранены для редакционного архива.","/baza-znaniy/litoral","archived_source_retained","Content architect","content/knowledge-base/dostoprimechatelnosti/isla-del-cerrito.md + generated Next.js archive redirects"
"isla-medialuna-antartida","/baza-znaniy/isla-medialuna-antartida","Неотредактированная однотемная карточка импорта объединена с каноническим русскоязычным региональным материалом; исходник и атрибуция сохранены для редакционного архива.","/baza-znaniy/tierra-del-fuego","archived_source_retained","Content architect","content/knowledge-base/dostoprimechatelnosti/isla-medialuna-antartida.md + generated Next.js archive redirects"
"ituzaingo","/baza-znaniy/ituzaingo","Неотредактированная однотемная карточка импорта объединена с каноническим русскоязычным региональным материалом; исходник и атрибуция сохранены для редакционного архива.","/baza-znaniy/litoral","archived_source_retained","Content architect","content/knowledge-base/dostoprimechatelnosti/ituzaingo.md + generated Next.js archive redirects"
"jaaukanigas","/baza-znaniy/jaaukanigas","Неотредактированная однотемная карточка импорта объединена с каноническим русскоязычным региональным материалом; исходник и атрибуция сохранены для редакционного архива.","/baza-znaniy/litoral","archived_source_retained","Content architect","content/knowledge-base/dostoprimechatelnosti/jaaukanigas.md + generated Next.js archive redirects"
"jachal","/baza-znaniy/jachal","Неотредактированная однотемная карточка импорта объединена с каноническим русскоязычным региональным материалом; исходник и атрибуция сохранены для редакционного архива.","/baza-znaniy/cuyo","archived_source_retained","Content architect","content/knowledge-base/dostoprimechatelnosti/jachal.md + generated Next.js archive redirects"
"jaramillo","/baza-znaniy/jaramillo","Неотредактированная однотемная карточка импорта объединена с каноническим русскоязычным региональным материалом; исходник и атрибуция сохранены для редакционного архива.","/baza-znaniy/patagonia","archived_source_retained","Content architect","content/knowledge-base/dostoprimechatelnosti/jaramillo.md + generated Next.js archive redirects"
"juan-jose-castelli","/baza-znaniy/juan-jose-castelli","Неотредактированная однотемная карточка импорта объединена с каноническим русскоязычным региональным материалом; исходник и атрибуция сохранены для редакционного архива.","/baza-znaniy/litoral","archived_source_retained","Content architect","content/knowledge-base/dostoprimechatelnosti/juan-jose-castelli.md + generated Next.js archive redirects"
"jujuy-en-bicicleta","/baza-znaniy/jujuy-en-bicicleta","Неотредактированная однотемная карточка импорта объединена с каноническим русскоязычным региональным материалом; исходник и атрибуция сохранены для редакционного архива.","/baza-znaniy/noa","archived_source_retained","Content architect","content/knowledge-base/dostoprimechatelnosti/jujuy-en-bicicleta.md + generated Next.js archive redirects"
"junin-de-los-andes","/baza-znaniy/junin-de-los-andes","Неотредактированная однотемная карточка импорта объединена с каноническим русскоязычным региональным материалом; исходник и атрибуция сохранены для редакционного архива.","/baza-znaniy/patagonia","archived_source_retained","Content architect","content/knowledge-base/dostoprimechatelnosti/junin-de-los-andes.md + generated Next.js archive redirects"
"kayak-en-bariloche","/baza-znaniy/kayak-en-bariloche","Неотредактированная карточка активности объединена с канонической русскоязычной страницей города; исходник и атрибуция сохранены для редакционного архива.","/baza-znaniy/bariloche","archived_source_retained","Content architect","content/knowledge-base/dostoprimechatelnosti/kayak-en-bariloche.md + generated Next.js archive redirects"
"kayak-en-el-parana","/baza-znaniy/kayak-en-el-parana","Неотредактированная однотемная карточка импорта объединена с каноническим русскоязычным региональным материалом; исходник и атрибуция сохранены для редакционного архива.","/baza-znaniy/litoral","archived_source_retained","Content architect","content/knowledge-base/dostoprimechatelnosti/kayak-en-el-parana.md + generated Next.js archive redirects"
"la-aripuca","/baza-znaniy/la-aripuca","Неотредактированная однотемная карточка импорта объединена с каноническим русскоязычным региональным материалом; исходник и атрибуция сохранены для редакционного архива.","/baza-znaniy/litoral","archived_source_retained","Content architect","content/knowledge-base/dostoprimechatelnosti/la-aripuca.md + generated Next.js archive redirects"
"la-cumbrecita","/baza-znaniy/la-cumbrecita","Неотредактированная однотемная карточка импорта объединена с каноническим русскоязычным региональным материалом; исходник и атрибуция сохранены для редакционного архива.","/baza-znaniy/pampa","archived_source_retained","Content architect","content/knowledge-base/dostoprimechatelnosti/la-cumbrecita.md + generated Next.js archive redirects"
"la-mitica-ruta-40","/baza-znaniy/la-mitica-ruta-40","Неотредактированная однотемная карточка импорта объединена с каноническим русскоязычным региональным материалом; исходник и атрибуция сохранены для редакционного архива.","/baza-znaniy/patagonia","archived_source_retained","Content architect","content/knowledge-base/dostoprimechatelnosti/la-mitica-ruta-40.md + generated Next.js archive redirects"
"la-rioja-off-road","/baza-znaniy/la-rioja-off-road","Неотредактированная однотемная карточка импорта объединена с каноническим русскоязычным региональным материалом; исходник и атрибуция сохранены для редакционного архива.","/baza-znaniy/noa","archived_source_retained","Content architect","content/knowledge-base/dostoprimechatelnosti/la-rioja-off-road.md + generated Next.js archive redirects"
"la-ruta-del-chocolate","/baza-znaniy/la-ruta-del-chocolate","Неотредактированная однотемная карточка импорта объединена с каноническим русскоязычным региональным материалом; исходник и атрибуция сохранены для редакционного архива.","/baza-znaniy/patagonia","archived_source_retained","Content architect","content/knowledge-base/dostoprimechatelnosti/la-ruta-del-chocolate.md + generated Next.js archive redirects"
"la-ruta-del-pehuen","/baza-znaniy/la-ruta-del-pehuen","Неотредактированная однотемная карточка импорта объединена с каноническим русскоязычным региональным материалом; исходник и атрибуция сохранены для редакционного архива.","/baza-znaniy/patagonia","archived_source_retained","Content architect","content/knowledge-base/dostoprimechatelnosti/la-ruta-del-pehuen.md + generated Next.js archive redirects"
"laberinto-patagonia","/baza-znaniy/laberinto-patagonia","Неотредактированная однотемная карточка импорта объединена с каноническим русскоязычным региональным материалом; исходник и атрибуция сохранены для редакционного архива.","/baza-znaniy/patagonia","archived_source_retained","Content architect","content/knowledge-base/dostoprimechatelnosti/laberinto-patagonia.md + generated Next.js archive redirects"
"lago-del-desierto","/baza-znaniy/lago-del-desierto","Неотредактированная однотемная карточка импорта объединена с каноническим русскоязычным региональным материалом; исходник и атрибуция сохранены для редакционного архива.","/baza-znaniy/patagonia","archived_source_retained","Content architect","content/knowledge-base/dostoprimechatelnosti/lago-del-desierto.md + generated Next.js archive redirects"
"lago-mascardi","/baza-znaniy/lago-mascardi","Неотредактированная однотемная карточка импорта объединена с каноническим русскоязычным региональным материалом; исходник и атрибуция сохранены для редакционного архива.","/baza-znaniy/patagonia","archived_source_retained","Content architect","content/knowledge-base/dostoprimechatelnosti/lago-mascardi.md + generated Next.js archive redirects"
"lago-posadas","/baza-znaniy/lago-posadas","Неотредактированная однотемная карточка импорта объединена с каноническим русскоязычным региональным материалом; исходник и атрибуция сохранены для редакционного архива.","/baza-znaniy/patagonia","archived_source_retained","Content architect","content/knowledge-base/dostoprimechatelnosti/lago-posadas.md + generated Next.js archive redirects"
"lagos-de-tierra-del-fuego","/baza-znaniy/lagos-de-tierra-del-fuego","Неотредактированная однотемная карточка импорта объединена с каноническим русскоязычным региональным материалом; исходник и атрибуция сохранены для редакционного архива.","/baza-znaniy/tierra-del-fuego","archived_source_retained","Content architect","content/knowledge-base/dostoprimechatelnosti/lagos-de-tierra-del-fuego.md + generated Next.js archive redirects"
"laguna-de-mar-chiquita","/baza-znaniy/laguna-de-mar-chiquita","Неотредактированная однотемная карточка импорта объединена с каноническим русскоязычным региональным материалом; исходник и атрибуция сохранены для редакционного архива.","/baza-znaniy/pampa","archived_source_retained","Content architect","content/knowledge-base/dostoprimechatelnosti/laguna-de-mar-chiquita.md + generated Next.js archive redirects"
"laguna-esmeralda","/baza-znaniy/laguna-esmeralda","Неотредактированная однотемная карточка импорта объединена с каноническим русскоязычным региональным материалом; исходник и атрибуция сохранены для редакционного архива.","/baza-znaniy/tierra-del-fuego","archived_source_retained","Content architect","content/knowledge-base/dostoprimechatelnosti/laguna-esmeralda.md + generated Next.js archive redirects"
"laguna-melincue","/baza-znaniy/laguna-melincue","Неотредактированная однотемная карточка импорта объединена с каноническим русскоязычным региональным материалом; исходник и атрибуция сохранены для редакционного архива.","/baza-znaniy/litoral","archived_source_retained","Content architect","content/knowledge-base/dostoprimechatelnosti/laguna-melincue.md + generated Next.js archive redirects"
"legado-jesuita-en-cordoba","/baza-znaniy/legado-jesuita-en-cordoba","Неотредактированная однотемная карточка импорта объединена с каноническим русскоязычным региональным материалом; исходник и атрибуция сохранены для редакционного архива.","/baza-znaniy/pampa","archived_source_retained","Content architect","content/knowledge-base/dostoprimechatelnosti/legado-jesuita-en-cordoba.md + generated Next.js archive redirects"
"los-gigantes","/baza-znaniy/los-gigantes","Неотредактированная однотемная карточка импорта объединена с каноническим русскоязычным региональным материалом; исходник и атрибуция сохранены для редакционного архива.","/baza-znaniy/pampa","archived_source_retained","Content architect","content/knowledge-base/dostoprimechatelnosti/los-gigantes.md + generated Next.js archive redirects"
"los-valles-calchaquies","/baza-znaniy/los-valles-calchaquies","Неотредактированная однотемная карточка импорта объединена с каноническим русскоязычным региональным материалом; исходник и атрибуция сохранены для редакционного архива.","/baza-znaniy/noa","archived_source_retained","Content architect","content/knowledge-base/dostoprimechatelnosti/los-valles-calchaquies.md + generated Next.js archive redirects"
"maimara","/baza-znaniy/maimara","Неотредактированная однотемная карточка импорта объединена с каноническим русскоязычным региональным материалом; исходник и атрибуция сохранены для редакционного архива.","/baza-znaniy/noa","archived_source_retained","Content architect","content/knowledge-base/dostoprimechatelnosti/maimara.md + generated Next.js archive redirects"
"malargue","/baza-znaniy/malargue","Неотредактированная однотемная карточка импорта объединена с каноническим русскоязычным региональным материалом; исходник и атрибуция сохранены для редакционного архива.","/baza-znaniy/cuyo","archived_source_retained","Content architect","content/knowledge-base/dostoprimechatelnosti/malargue.md + generated Next.js archive redirects"
"mate-en-la-laguna-capri","/baza-znaniy/mate-en-la-laguna-capri","Неотредактированная однотемная карточка импорта объединена с каноническим русскоязычным региональным материалом; исходник и атрибуция сохранены для редакционного архива.","/baza-znaniy/patagonia","archived_source_retained","Content architect","content/knowledge-base/dostoprimechatelnosti/mate-en-la-laguna-capri.md + generated Next.js archive redirects"
"mendoza-best-of-wine-tourism","/baza-znaniy/mendoza-best-of-wine-tourism","Неотредактированная однотемная карточка импорта объединена с каноническим русскоязычным региональным материалом; исходник и атрибуция сохранены для редакционного архива.","/baza-znaniy/cuyo","archived_source_retained","Content architect","content/knowledge-base/dostoprimechatelnosti/mendoza-best-of-wine-tourism.md + generated Next.js archive redirects"
"minitrekking-sobre-el-glaciar-perito-moreno","/baza-znaniy/minitrekking-sobre-el-glaciar-perito-moreno","Неотредактированная однотемная карточка импорта объединена с каноническим русскоязычным региональным материалом; исходник и атрибуция сохранены для редакционного архива.","/baza-znaniy/patagonia","archived_source_retained","Content architect","content/knowledge-base/dostoprimechatelnosti/minitrekking-sobre-el-glaciar-perito-moreno.md + generated Next.js archive redirects"
"miraflores","/baza-znaniy/miraflores","Неотредактированная однотемная карточка импорта объединена с каноническим русскоязычным региональным материалом; исходник и атрибуция сохранены для редакционного архива.","/baza-znaniy/litoral","archived_source_retained","Content architect","content/knowledge-base/dostoprimechatelnosti/miraflores.md + generated Next.js archive redirects"
"molino-forclaz","/baza-znaniy/molino-forclaz","Неотредактированная однотемная карточка импорта объединена с каноническим русскоязычным региональным материалом; исходник и атрибуция сохранены для редакционного архива.","/baza-znaniy/litoral","archived_source_retained","Content architect","content/knowledge-base/dostoprimechatelnosti/molino-forclaz.md + generated Next.js archive redirects"
"montanismo-en-jujuy","/baza-znaniy/montanismo-en-jujuy","Неотредактированная однотемная карточка импорта объединена с каноническим русскоязычным региональным материалом; исходник и атрибуция сохранены для редакционного архива.","/baza-znaniy/noa","archived_source_retained","Content architect","content/knowledge-base/dostoprimechatelnosti/montanismo-en-jujuy.md + generated Next.js archive redirects"
"monte-olivia-y-glaciar-de-agostini","/baza-znaniy/monte-olivia-y-glaciar-de-agostini","Неотредактированная однотемная карточка импорта объединена с каноническим русскоязычным региональным материалом; исходник и атрибуция сохранены для редакционного архива.","/baza-znaniy/tierra-del-fuego","archived_source_retained","Content architect","content/knowledge-base/dostoprimechatelnosti/monte-olivia-y-glaciar-de-agostini.md + generated Next.js archive redirects"
"monumento-natural-laguna-de-los-pozuelos","/baza-znaniy/monumento-natural-laguna-de-los-pozuelos","Неотредактированная однотемная карточка импорта объединена с каноническим русскоязычным региональным материалом; исходник и атрибуция сохранены для редакционного архива.","/baza-znaniy/noa","archived_source_retained","Content architect","content/knowledge-base/dostoprimechatelnosti/monumento-natural-laguna-de-los-pozuelos.md + generated Next.js archive redirects"
"mountain-bike-en-piedra-del-aguila","/baza-znaniy/mountain-bike-en-piedra-del-aguila","Неотредактированная однотемная карточка импорта объединена с каноническим русскоязычным региональным материалом; исходник и атрибуция сохранены для редакционного архива.","/baza-znaniy/patagonia","archived_source_retained","Content architect","content/knowledge-base/dostoprimechatelnosti/mountain-bike-en-piedra-del-aguila.md + generated Next.js archive redirects"
"museo-arqueologico-los-menhires","/baza-znaniy/museo-arqueologico-los-menhires","Неотредактированная однотемная карточка импорта объединена с каноническим русскоязычным региональным материалом; исходник и атрибуция сохранены для редакционного архива.","/baza-znaniy/noa","archived_source_retained","Content architect","content/knowledge-base/dostoprimechatelnosti/museo-arqueologico-los-menhires.md + generated Next.js archive redirects"
"museo-de-arqueologia-de-alta-montana","/baza-znaniy/museo-de-arqueologia-de-alta-montana","Неотредактированная однотемная карточка импорта объединена с каноническим русскоязычным региональным материалом; исходник и атрибуция сохранены для редакционного архива.","/baza-znaniy/noa","archived_source_retained","Content architect","content/knowledge-base/dostoprimechatelnosti/museo-de-arqueologia-de-alta-montana.md + generated Next.js archive redirects"
"museos-de-buenos-aires","/baza-znaniy/museos-de-buenos-aires","Неотредактированная однотемная карточка импорта объединена с каноническим русскоязычным региональным материалом; исходник и атрибуция сохранены для редакционного архива.","/baza-znaniy/buenos-aires","archived_source_retained","Content architect","content/knowledge-base/dostoprimechatelnosti/museos-de-buenos-aires.md + generated Next.js archive redirects"
"museos-de-salta","/baza-znaniy/museos-de-salta","Неотредактированная однотемная карточка импорта объединена с каноническим русскоязычным региональным материалом; исходник и атрибуция сохранены для редакционного архива.","/baza-znaniy/noa","archived_source_retained","Content architect","content/knowledge-base/dostoprimechatelnosti/museos-de-salta.md + generated Next.js archive redirects"
"navegacion-en-los-rios-limay-y-neuquen","/baza-znaniy/navegacion-en-los-rios-limay-y-neuquen","Неотредактированная однотемная карточка импорта объединена с каноническим русскоязычным региональным материалом; исходник и атрибуция сохранены для редакционного архива.","/baza-znaniy/patagonia","archived_source_retained","Content architect","content/knowledge-base/dostoprimechatelnosti/navegacion-en-los-rios-limay-y-neuquen.md + generated Next.js archive redirects"
"navegacion-en-tierra-del-fuego","/baza-znaniy/navegacion-en-tierra-del-fuego","Неотредактированная однотемная карточка импорта объединена с каноническим русскоязычным региональным материалом; исходник и атрибуция сохранены для редакционного архива.","/baza-znaniy/tierra-del-fuego","archived_source_retained","Content architect","content/knowledge-base/dostoprimechatelnosti/navegacion-en-tierra-del-fuego.md + generated Next.js archive redirects"
"navegacion-entre-glaciares","/baza-znaniy/navegacion-entre-glaciares","Неотредактированная однотемная карточка импорта объединена с каноническим русскоязычным региональным материалом; исходник и атрибуция сохранены для редакционного архива.","/baza-znaniy/patagonia","archived_source_retained","Content architect","content/knowledge-base/dostoprimechatelnosti/navegacion-entre-glaciares.md + generated Next.js archive redirects"
"navegacion-por-el-lago-argentino","/baza-znaniy/navegacion-por-el-lago-argentino","Неотредактированная карточка активности объединена с канонической русскоязычной страницей города; исходник и атрибуция сохранены для редакционного архива.","/baza-znaniy/el-calafate","archived_source_retained","Content architect","content/knowledge-base/dostoprimechatelnosti/navegacion-por-el-lago-argentino.md + generated Next.js archive redirects"
"nevado-de-chani","/baza-znaniy/nevado-de-chani","Неотредактированная однотемная карточка импорта объединена с каноническим русскоязычным региональным материалом; исходник и атрибуция сохранены для редакционного архива.","/baza-znaniy/noa","archived_source_retained","Content architect","content/knowledge-base/dostoprimechatelnosti/nevado-de-chani.md + generated Next.js archive redirects"
"newells-old-boys","/baza-znaniy/newells-old-boys","Неотредактированная карточка активности объединена с канонической русскоязычной страницей города; исходник и атрибуция сохранены для редакционного архива.","/baza-znaniy/rosario","archived_source_retained","Content architect","content/knowledge-base/dostoprimechatelnosti/newells-old-boys.md + generated Next.js archive redirects"
"nueva-cordoba","/baza-znaniy/nueva-cordoba","Неотредактированная однотемная карточка импорта объединена с каноническим русскоязычным региональным материалом; исходник и атрибуция сохранены для редакционного архива.","/baza-znaniy/pampa","archived_source_retained","Content architect","content/knowledge-base/dostoprimechatelnosti/nueva-cordoba.md + generated Next.js archive redirects"
"obera","/baza-znaniy/obera","Неотредактированная однотемная карточка импорта объединена с каноническим русскоязычным региональным материалом; исходник и атрибуция сохранены для редакционного архива.","/baza-znaniy/litoral","archived_source_retained","Content architect","content/knowledge-base/dostoprimechatelnosti/obera.md + generated Next.js archive redirects"
"parapente-en-cerro-san-javier","/baza-znaniy/parapente-en-cerro-san-javier","Неотредактированная однотемная карточка импорта объединена с каноническим русскоязычным региональным материалом; исходник и атрибуция сохранены для редакционного архива.","/baza-znaniy/noa","archived_source_retained","Content architect","content/knowledge-base/dostoprimechatelnosti/parapente-en-cerro-san-javier.md + generated Next.js archive redirects"
"parque-aereo-de-san-jose","/baza-znaniy/parque-aereo-de-san-jose","Неотредактированная однотемная карточка импорта объединена с каноническим русскоязычным региональным материалом; исходник и атрибуция сохранены для редакционного архива.","/baza-znaniy/litoral","archived_source_retained","Content architect","content/knowledge-base/dostoprimechatelnosti/parque-aereo-de-san-jose.md + generated Next.js archive redirects"
"parque-general-san-martin","/baza-znaniy/parque-general-san-martin","Неотредактированная однотемная карточка импорта объединена с каноническим русскоязычным региональным материалом; исходник и атрибуция сохранены для редакционного архива.","/baza-znaniy/cuyo","archived_source_retained","Content architect","content/knowledge-base/dostoprimechatelnosti/parque-general-san-martin.md + generated Next.js archive redirects"
"parque-marino-costero-patagonia-austral","/baza-znaniy/parque-marino-costero-patagonia-austral","Неотредактированная однотемная карточка импорта объединена с каноническим русскоязычным региональным материалом; исходник и атрибуция сохранены для редакционного архива.","/baza-znaniy/patagonia","archived_source_retained","Content architect","content/knowledge-base/dostoprimechatelnosti/parque-marino-costero-patagonia-austral.md + generated Next.js archive redirects"
"parque-marino-isla-pinguino","/baza-znaniy/parque-marino-isla-pinguino","Неотредактированная однотемная карточка импорта объединена с каноническим русскоязычным региональным материалом; исходник и атрибуция сохранены для редакционного архива.","/baza-znaniy/patagonia","archived_source_retained","Content architect","content/knowledge-base/dostoprimechatelnosti/parque-marino-isla-pinguino.md + generated Next.js archive redirects"
"parque-marino-makenke","/baza-znaniy/parque-marino-makenke","Неотредактированная однотемная карточка импорта объединена с каноническим русскоязычным региональным материалом; исходник и атрибуция сохранены для редакционного архива.","/baza-znaniy/patagonia","archived_source_retained","Content architect","content/knowledge-base/dostoprimechatelnosti/parque-marino-makenke.md + generated Next.js archive redirects"
"parque-natural-valle-fertil","/baza-znaniy/parque-natural-valle-fertil","Неотредактированная однотемная карточка импорта объединена с каноническим русскоязычным региональным материалом; исходник и атрибуция сохранены для редакционного архива.","/baza-znaniy/cuyo","archived_source_retained","Content architect","content/knowledge-base/dostoprimechatelnosti/parque-natural-valle-fertil.md + generated Next.js archive redirects"
"parques-de-parana","/baza-znaniy/parques-de-parana","Неотредактированная однотемная карточка импорта объединена с каноническим русскоязычным региональным материалом; исходник и атрибуция сохранены для редакционного архива.","/baza-znaniy/litoral","archived_source_retained","Content architect","content/knowledge-base/dostoprimechatelnosti/parques-de-parana.md + generated Next.js archive redirects"
"parques-naturales-ischigualasto-y-talampaya-patrimonios-de-la-humanidad","/baza-znaniy/parques-naturales-ischigualasto-y-talampaya-patrimonios-de-la-humanidad","Неотредактированная однотемная карточка импорта объединена с каноническим русскоязычным региональным материалом; исходник и атрибуция сохранены для редакционного архива.","/baza-znaniy/noa","archived_source_retained","Content architect","content/knowledge-base/dostoprimechatelnosti/parques-naturales-ischigualasto-y-talampaya-patrimonios-de-la-humanidad.md + generated Next.js archive redirects"
"paseos-acuaticos-en-herradura","/baza-znaniy/paseos-acuaticos-en-herradura","Неотредактированная однотемная карточка импорта объединена с каноническим русскоязычным региональным материалом; исходник и атрибуция сохранены для редакционного архива.","/baza-znaniy/litoral","archived_source_retained","Content architect","content/knowledge-base/dostoprimechatelnosti/paseos-acuaticos-en-herradura.md + generated Next.js archive redirects"
"paseos-aereos-en-ushuaia","/baza-znaniy/paseos-aereos-en-ushuaia","Неотредактированная однотемная карточка импорта объединена с каноническим русскоязычным региональным материалом; исходник и атрибуция сохранены для редакционного архива.","/baza-znaniy/tierra-del-fuego","archived_source_retained","Content architect","content/knowledge-base/dostoprimechatelnosti/paseos-aereos-en-ushuaia.md + generated Next.js archive redirects"
"paso-de-la-patria","/baza-znaniy/paso-de-la-patria","Неотредактированная однотемная карточка импорта объединена с каноническим русскоязычным региональным материалом; исходник и атрибуция сохранены для редакционного архива.","/baza-znaniy/litoral","archived_source_retained","Content architect","content/knowledge-base/dostoprimechatelnosti/paso-de-la-patria.md + generated Next.js archive redirects"
"pasos-del-papa-francisco","/baza-znaniy/pasos-del-papa-francisco","Неотредактированная однотемная карточка импорта объединена с каноническим русскоязычным региональным материалом; исходник и атрибуция сохранены для редакционного архива.","/baza-znaniy/litoral","archived_source_retained","Content architect","content/knowledge-base/dostoprimechatelnosti/pasos-del-papa-francisco.md + generated Next.js archive redirects"
"patagonia-de-los-lagos","/baza-znaniy/patagonia-de-los-lagos","Неотредактированная однотемная карточка импорта объединена с каноническим русскоязычным региональным материалом; исходник и атрибуция сохранены для редакционного архива.","/baza-znaniy/patagonia","archived_source_retained","Content architect","content/knowledge-base/dostoprimechatelnosti/patagonia-de-los-lagos.md + generated Next.js archive redirects"
"patinaje-en-bahia-redonda","/baza-znaniy/patinaje-en-bahia-redonda","Неотредактированная однотемная карточка импорта объединена с каноническим русскоязычным региональным материалом; исходник и атрибуция сохранены для редакционного архива.","/baza-znaniy/patagonia","archived_source_retained","Content architect","content/knowledge-base/dostoprimechatelnosti/patinaje-en-bahia-redonda.md + generated Next.js archive redirects"
"penas-folkloricas-en-salta","/baza-znaniy/penas-folkloricas-en-salta","Неотредактированная однотемная карточка импорта объединена с каноническим русскоязычным региональным материалом; исходник и атрибуция сохранены для редакционного архива.","/baza-znaniy/noa","archived_source_retained","Content architect","content/knowledge-base/dostoprimechatelnosti/penas-folkloricas-en-salta.md + generated Next.js archive redirects"
"peninsula-valdes-sitio-patrimonio-mundial-de-la-unesco","/baza-znaniy/peninsula-valdes-sitio-patrimonio-mundial-de-la-unesco","Дублирует сущность peninsula-valdes, её географию и объект Всемирного наследия; сохранена для перенаправления старого URL.","/baza-znaniy/peninsula-valdes","archived_source_retained","Content architect","content/knowledge-base/dostoprimechatelnosti/peninsula-valdes-sitio-patrimonio-mundial-de-la-unesco.md + generated Next.js archive redirects"
"pesca-con-devolucion-en-entre-rios","/baza-znaniy/pesca-con-devolucion-en-entre-rios","Неотредактированная однотемная карточка импорта объединена с каноническим русскоязычным региональным материалом; исходник и атрибуция сохранены для редакционного архива.","/baza-znaniy/litoral","archived_source_retained","Content architect","content/knowledge-base/dostoprimechatelnosti/pesca-con-devolucion-en-entre-rios.md + generated Next.js archive redirects"
"pesca-con-devolucion-en-formosa","/baza-znaniy/pesca-con-devolucion-en-formosa","Неотредактированная однотемная карточка импорта объединена с каноническим русскоязычным региональным материалом; исходник и атрибуция сохранены для редакционного архива.","/baza-znaniy/litoral","archived_source_retained","Content architect","content/knowledge-base/dostoprimechatelnosti/pesca-con-devolucion-en-formosa.md + generated Next.js archive redirects"
"pesca-deportiva-en-entre-rios","/baza-znaniy/pesca-deportiva-en-entre-rios","Неотредактированная однотемная карточка импорта объединена с каноническим русскоязычным региональным материалом; исходник и атрибуция сохранены для редакционного архива.","/baza-znaniy/litoral","archived_source_retained","Content architect","content/knowledge-base/dostoprimechatelnosti/pesca-deportiva-en-entre-rios.md + generated Next.js archive redirects"
"pesca-deportiva-en-isla-del-cerrito","/baza-znaniy/pesca-deportiva-en-isla-del-cerrito","Неотредактированная однотемная карточка импорта объединена с каноническим русскоязычным региональным материалом; исходник и атрибуция сохранены для редакционного архива.","/baza-znaniy/litoral","archived_source_retained","Content architect","content/knowledge-base/dostoprimechatelnosti/pesca-deportiva-en-isla-del-cerrito.md + generated Next.js archive redirects"
"pesca-en-el-dique-cabra-corral","/baza-znaniy/pesca-en-el-dique-cabra-corral","Неотредактированная однотемная карточка импорта объединена с каноническим русскоязычным региональным материалом; исходник и атрибуция сохранены для редакционного архива.","/baza-znaniy/noa","archived_source_retained","Content architect","content/knowledge-base/dostoprimechatelnosti/pesca-en-el-dique-cabra-corral.md + generated Next.js archive redirects"
"pesca-en-neuquen","/baza-znaniy/pesca-en-neuquen","Неотредактированная однотемная карточка импорта объединена с каноническим русскоязычным региональным материалом; исходник и атрибуция сохранены для редакционного архива.","/baza-znaniy/patagonia","archived_source_retained","Content architect","content/knowledge-base/dostoprimechatelnosti/pesca-en-neuquen.md + generated Next.js archive redirects"
"pesca-en-tierra-del-fuego","/baza-znaniy/pesca-en-tierra-del-fuego","Неотредактированная однотемная карточка импорта объединена с каноническим русскоязычным региональным материалом; исходник и атрибуция сохранены для редакционного архива.","/baza-znaniy/tierra-del-fuego","archived_source_retained","Content architect","content/knowledge-base/dostoprimechatelnosti/pesca-en-tierra-del-fuego.md + generated Next.js archive redirects"
"pico-truncado","/baza-znaniy/pico-truncado","Неотредактированная однотемная карточка импорта объединена с каноническим русскоязычным региональным материалом; исходник и атрибуция сохранены для редакционного архива.","/baza-znaniy/patagonia","archived_source_retained","Content architect","content/knowledge-base/dostoprimechatelnosti/pico-truncado.md + generated Next.js archive redirects"
"piedra-parada","/baza-znaniy/piedra-parada","Неотредактированная однотемная карточка импорта объединена с каноническим русскоязычным региональным материалом; исходник и атрибуция сохранены для редакционного архива.","/baza-znaniy/patagonia","archived_source_retained","Content architect","content/knowledge-base/dostoprimechatelnosti/piedra-parada.md + generated Next.js archive redirects"
"pinguinos-en-punta-tombo","/baza-znaniy/pinguinos-en-punta-tombo","Неотредактированная однотемная карточка импорта объединена с каноническим русскоязычным региональным материалом; исходник и атрибуция сохранены для редакционного архива.","/baza-znaniy/punta-tombo","archived_source_retained","Content architect","content/knowledge-base/dostoprimechatelnosti/pinguinos-en-punta-tombo.md + generated Next.js archive redirects"
"playas-de-la-patagonia","/baza-znaniy/playas-de-la-patagonia","Неотредактированная однотемная карточка импорта объединена с каноническим русскоязычным региональным материалом; исходник и атрибуция сохранены для редакционного архива.","/baza-znaniy/patagonia","archived_source_retained","Content architect","content/knowledge-base/dostoprimechatelnosti/playas-de-la-patagonia.md + generated Next.js archive redirects"
"pueblos-de-la-provincia-de-buenos-aires","/baza-znaniy/pueblos-de-la-provincia-de-buenos-aires","Неотредактированная однотемная карточка импорта объединена с каноническим русскоязычным региональным материалом; исходник и атрибуция сохранены для редакционного архива.","/baza-znaniy/buenos-aires-province","archived_source_retained","Content architect","content/knowledge-base/dostoprimechatelnosti/pueblos-de-la-provincia-de-buenos-aires.md + generated Next.js archive redirects"
"pueblos-galeses-y-comunidades-originarias","/baza-znaniy/pueblos-galeses-y-comunidades-originarias","Неотредактированная однотемная карточка импорта объединена с каноническим русскоязычным региональным материалом; исходник и атрибуция сохранены для редакционного архива.","/baza-znaniy/patagonia","archived_source_retained","Content architect","content/knowledge-base/dostoprimechatelnosti/pueblos-galeses-y-comunidades-originarias.md + generated Next.js archive redirects"
"pueblos-pintorescos-de-cordoba","/baza-znaniy/pueblos-pintorescos-de-cordoba","Неотредактированная однотемная карточка импорта объединена с каноническим русскоязычным региональным материалом; исходник и атрибуция сохранены для редакционного архива.","/baza-znaniy/pampa","archived_source_retained","Content architect","content/knowledge-base/dostoprimechatelnosti/pueblos-pintorescos-de-cordoba.md + generated Next.js archive redirects"
"pueblos-rurales-en-santa-fe","/baza-znaniy/pueblos-rurales-en-santa-fe","Неотредактированная однотемная карточка импорта объединена с каноническим русскоязычным региональным материалом; исходник и атрибуция сохранены для редакционного архива.","/baza-znaniy/litoral","archived_source_retained","Content architect","content/knowledge-base/dostoprimechatelnosti/pueblos-rurales-en-santa-fe.md + generated Next.js archive redirects"
"puente-del-inca","/baza-znaniy/puente-del-inca","Неотредактированная однотемная карточка импорта объединена с каноническим русскоязычным региональным материалом; исходник и атрибуция сохранены для редакционного архива.","/baza-znaniy/cuyo","archived_source_retained","Content architect","content/knowledge-base/dostoprimechatelnosti/puente-del-inca.md + generated Next.js archive redirects"
"puente-rosario-victoria","/baza-znaniy/puente-rosario-victoria","Неотредактированная карточка активности объединена с канонической русскоязычной страницей города; исходник и атрибуция сохранены для редакционного архива.","/baza-znaniy/rosario","archived_source_retained","Content architect","content/knowledge-base/dostoprimechatelnosti/puente-rosario-victoria.md + generated Next.js archive redirects"
"puerto-almanza","/baza-znaniy/puerto-almanza","Неотредактированная однотемная карточка импорта объединена с каноническим русскоязычным региональным материалом; исходник и атрибуция сохранены для редакционного архива.","/baza-znaniy/tierra-del-fuego","archived_source_retained","Content architect","content/knowledge-base/dostoprimechatelnosti/puerto-almanza.md + generated Next.js archive redirects"
"puerto-san-julian","/baza-znaniy/puerto-san-julian","Неотредактированная однотемная карточка импорта объединена с каноническим русскоязычным региональным материалом; исходник и атрибуция сохранены для редакционного архива.","/baza-znaniy/patagonia","archived_source_retained","Content architect","content/knowledge-base/dostoprimechatelnosti/puerto-san-julian.md + generated Next.js archive redirects"
"purmamarca","/baza-znaniy/purmamarca","Неотредактированная однотемная карточка импорта объединена с каноническим русскоязычным региональным материалом; исходник и атрибуция сохранены для редакционного архива.","/baza-znaniy/noa","archived_source_retained","Content architect","content/knowledge-base/dostoprimechatelnosti/purmamarca.md + generated Next.js archive redirects"
"qhapaq-nan-el-shincal","/baza-znaniy/qhapaq-nan-el-shincal","Неотредактированная однотемная карточка импорта объединена с каноническим русскоязычным региональным материалом; исходник и атрибуция сохранены для редакционного архива.","/baza-znaniy/noa","archived_source_retained","Content architect","content/knowledge-base/dostoprimechatelnosti/qhapaq-nan-el-shincal.md + generated Next.js archive redirects"
"quebrada-de-las-flechas","/baza-znaniy/quebrada-de-las-flechas","Неотредактированная однотемная карточка импорта объединена с каноническим русскоязычным региональным материалом; исходник и атрибуция сохранены для редакционного архива.","/baza-znaniy/noa","archived_source_retained","Content architect","content/knowledge-base/dostoprimechatelnosti/quebrada-de-las-flechas.md + generated Next.js archive redirects"
"quitilipi","/baza-znaniy/quitilipi","Неотредактированная однотемная карточка импорта объединена с каноническим русскоязычным региональным материалом; исходник и атрибуция сохранены для редакционного архива.","/baza-znaniy/litoral","archived_source_retained","Content architect","content/knowledge-base/dostoprimechatelnosti/quitilipi.md + generated Next.js archive redirects"
"rafaela","/baza-znaniy/rafaela","Неотредактированная однотемная карточка импорта объединена с каноническим русскоязычным региональным материалом; исходник и атрибуция сохранены для редакционного архива.","/baza-znaniy/litoral","archived_source_retained","Content architect","content/knowledge-base/dostoprimechatelnosti/rafaela.md + generated Next.js archive redirects"
"rafting-en-el-rio-chimehuin","/baza-znaniy/rafting-en-el-rio-chimehuin","Неотредактированная однотемная карточка импорта объединена с каноническим русскоязычным региональным материалом; исходник и атрибуция сохранены для редакционного архива.","/baza-znaniy/patagonia","archived_source_retained","Content architect","content/knowledge-base/dostoprimechatelnosti/rafting-en-el-rio-chimehuin.md + generated Next.js archive redirects"
"rafting-en-el-rio-corcovado","/baza-znaniy/rafting-en-el-rio-corcovado","Неотредактированная однотемная карточка импорта объединена с каноническим русскоязычным региональным материалом; исходник и атрибуция сохранены для редакционного архива.","/baza-znaniy/patagonia","archived_source_retained","Content architect","content/knowledge-base/dostoprimechatelnosti/rafting-en-el-rio-corcovado.md + generated Next.js archive redirects"
"rafting-en-el-rio-hua-hum","/baza-znaniy/rafting-en-el-rio-hua-hum","Неотредактированная однотемная карточка импорта объединена с каноническим русскоязычным региональным материалом; исходник и атрибуция сохранены для редакционного архива.","/baza-znaniy/patagonia","archived_source_retained","Content architect","content/knowledge-base/dostoprimechatelnosti/rafting-en-el-rio-hua-hum.md + generated Next.js archive redirects"
"rafting-en-el-rio-manso","/baza-znaniy/rafting-en-el-rio-manso","Неотредактированная однотемная карточка импорта объединена с каноническим русскоязычным региональным материалом; исходник и атрибуция сохранены для редакционного архива.","/baza-znaniy/patagonia","archived_source_retained","Content architect","content/knowledge-base/dostoprimechatelnosti/rafting-en-el-rio-manso.md + generated Next.js archive redirects"
"rafting-en-el-rio-mendoza","/baza-znaniy/rafting-en-el-rio-mendoza","Неотредактированная однотемная карточка импорта объединена с каноническим русскоязычным региональным материалом; исходник и атрибуция сохранены для редакционного архива.","/baza-znaniy/cuyo","archived_source_retained","Content architect","content/knowledge-base/dostoprimechatelnosti/rafting-en-el-rio-mendoza.md + generated Next.js archive redirects"
"reconquista","/baza-znaniy/reconquista","Неотредактированная однотемная карточка импорта объединена с каноническим русскоязычным региональным материалом; исходник и атрибуция сохранены для редакционного архива.","/baza-znaniy/litoral","archived_source_retained","Content architect","content/knowledge-base/dostoprimechatelnosti/reconquista.md + generated Next.js archive redirects"
"red-de-refugios-de-montana","/baza-znaniy/red-de-refugios-de-montana","Неотредактированная однотемная карточка импорта объединена с каноническим русскоязычным региональным материалом; исходник и атрибуция сохранены для редакционного архива.","/baza-znaniy/patagonia","archived_source_retained","Content architect","content/knowledge-base/dostoprimechatelnosti/red-de-refugios-de-montana.md + generated Next.js archive redirects"
"renca-san-luis","/baza-znaniy/renca-san-luis","Неотредактированная однотемная карточка импорта объединена с каноническим русскоязычным региональным материалом; исходник и атрибуция сохранены для редакционного архива.","/baza-znaniy/cuyo","archived_source_retained","Content architect","content/knowledge-base/dostoprimechatelnosti/renca-san-luis.md + generated Next.js archive redirects"
"reserva-costa-atlantica-tierra-del-fuego","/baza-znaniy/reserva-costa-atlantica-tierra-del-fuego","Неотредактированная однотемная карточка импорта объединена с каноническим русскоязычным региональным материалом; исходник и атрибуция сохранены для редакционного архива.","/baza-znaniy/tierra-del-fuego","archived_source_retained","Content architect","content/knowledge-base/dostoprimechatelnosti/reserva-costa-atlantica-tierra-del-fuego.md + generated Next.js archive redirects"
"reserva-de-biosfera-laguna-blanca","/baza-znaniy/reserva-de-biosfera-laguna-blanca","Неотредактированная однотемная карточка импорта объединена с каноническим русскоязычным региональным материалом; исходник и атрибуция сохранены для редакционного архива.","/baza-znaniy/noa","archived_source_retained","Content architect","content/knowledge-base/dostoprimechatelnosti/reserva-de-biosfera-laguna-blanca.md + generated Next.js archive redirects"
"reserva-de-biosfera-laguna-oca","/baza-znaniy/reserva-de-biosfera-laguna-oca","Неотредактированная однотемная карточка импорта объединена с каноническим русскоязычным региональным материалом; исходник и атрибуция сохранены для редакционного архива.","/baza-znaniy/litoral","archived_source_retained","Content architect","content/knowledge-base/dostoprimechatelnosti/reserva-de-biosfera-laguna-oca.md + generated Next.js archive redirects"
"reserva-de-biosfera-yaboti","/baza-znaniy/reserva-de-biosfera-yaboti","Неотредактированная однотемная карточка импорта объединена с каноническим русскоязычным региональным материалом; исходник и атрибуция сохранены для редакционного архива.","/baza-znaniy/litoral","archived_source_retained","Content architect","content/knowledge-base/dostoprimechatelnosti/reserva-de-biosfera-yaboti.md + generated Next.js archive redirects"
"reserva-natural-colonia-benitez","/baza-znaniy/reserva-natural-colonia-benitez","Неотредактированная однотемная карточка импорта объединена с каноническим русскоязычным региональным материалом; исходник и атрибуция сохранены для редакционного архива.","/baza-znaniy/litoral","archived_source_retained","Content architect","content/knowledge-base/dostoprimechatelnosti/reserva-natural-colonia-benitez.md + generated Next.js archive redirects"
"reserva-natural-el-nogalar-de-los-toldos","/baza-znaniy/reserva-natural-el-nogalar-de-los-toldos","Неотредактированная однотемная карточка импорта объединена с каноническим русскоязычным региональным материалом; исходник и атрибуция сохранены для редакционного архива.","/baza-znaniy/noa","archived_source_retained","Content architect","content/knowledge-base/dostoprimechatelnosti/reserva-natural-el-nogalar-de-los-toldos.md + generated Next.js archive redirects"
"reserva-natural-estricta-san-antonio","/baza-znaniy/reserva-natural-estricta-san-antonio","Неотредактированная однотемная карточка импорта объединена с каноническим русскоязычным региональным материалом; исходник и атрибуция сохранены для редакционного архива.","/baza-znaniy/litoral","archived_source_retained","Content architect","content/knowledge-base/dostoprimechatelnosti/reserva-natural-estricta-san-antonio.md + generated Next.js archive redirects"
"reserva-natural-ibera","/baza-znaniy/reserva-natural-ibera","Неотредактированная однотемная карточка импорта объединена с каноническим русскоязычным региональным материалом; исходник и атрибуция сохранены для редакционного архива.","/baza-znaniy/ibera","archived_source_retained","Content architect","content/knowledge-base/dostoprimechatelnosti/reserva-natural-ibera.md + generated Next.js archive redirects"
"reserva-natural-laguna-brava","/baza-znaniy/reserva-natural-laguna-brava","Неотредактированная однотемная карточка импорта объединена с каноническим русскоязычным региональным материалом; исходник и атрибуция сохранены для редакционного архива.","/baza-znaniy/noa","archived_source_retained","Content architect","content/knowledge-base/dostoprimechatelnosti/reserva-natural-laguna-brava.md + generated Next.js archive redirects"
"reserva-natural-pichi-mahuida","/baza-znaniy/reserva-natural-pichi-mahuida","Неотредактированная однотемная карточка импорта объединена с каноническим русскоязычным региональным материалом; исходник и атрибуция сохранены для редакционного архива.","/baza-znaniy/pampa","archived_source_retained","Content architect","content/knowledge-base/dostoprimechatelnosti/reserva-natural-pichi-mahuida.md + generated Next.js archive redirects"
"reserva-natural-quebrada-de-los-condores","/baza-znaniy/reserva-natural-quebrada-de-los-condores","Неотредактированная однотемная карточка импорта объединена с каноническим русскоязычным региональным материалом; исходник и атрибуция сохранены для редакционного архива.","/baza-znaniy/noa","archived_source_retained","Content architect","content/knowledge-base/dostoprimechatelnosti/reserva-natural-quebrada-de-los-condores.md + generated Next.js archive redirects"
"reserva-natural-silvestre-isla-de-los-estados","/baza-znaniy/reserva-natural-silvestre-isla-de-los-estados","Неотредактированная однотемная карточка импорта объединена с каноническим русскоязычным региональным материалом; исходник и атрибуция сохранены для редакционного архива.","/baza-znaniy/tierra-del-fuego","archived_source_retained","Content architect","content/knowledge-base/dostoprimechatelnosti/reserva-natural-silvestre-isla-de-los-estados.md + generated Next.js archive redirects"
"reserva-provincial-parque-luro","/baza-znaniy/reserva-provincial-parque-luro","Неотредактированная однотемная карточка импорта объединена с каноническим русскоязычным региональным материалом; исходник и атрибуция сохранены для редакционного архива.","/baza-znaniy/pampa","archived_source_retained","Content architect","content/knowledge-base/dostoprimechatelnosti/reserva-provincial-parque-luro.md + generated Next.js archive redirects"
"ria-de-bahia-blanca","/baza-znaniy/ria-de-bahia-blanca","Неотредактированная однотемная карточка импорта объединена с каноническим русскоязычным региональным материалом; исходник и атрибуция сохранены для редакционного архива.","/baza-znaniy/buenos-aires-province","archived_source_retained","Content architect","content/knowledge-base/dostoprimechatelnosti/ria-de-bahia-blanca.md + generated Next.js archive redirects"
"rio-gallegos","/baza-znaniy/rio-gallegos","Неотредактированная однотемная карточка импорта объединена с каноническим русскоязычным региональным материалом; исходник и атрибуция сохранены для редакционного архива.","/baza-znaniy/patagonia","archived_source_retained","Content architect","content/knowledge-base/dostoprimechatelnosti/rio-gallegos.md + generated Next.js archive redirects"
"rio-grande","/baza-znaniy/rio-grande","Неотредактированная однотемная карточка импорта объединена с каноническим русскоязычным региональным материалом; исходник и атрибуция сохранены для редакционного архива.","/baza-znaniy/tierra-del-fuego","archived_source_retained","Content architect","content/knowledge-base/dostoprimechatelnosti/rio-grande.md + generated Next.js archive redirects"
"rio-parana","/baza-znaniy/rio-parana","Неотредактированная однотемная карточка импорта объединена с каноническим русскоязычным региональным материалом; исходник и атрибуция сохранены для редакционного архива.","/baza-znaniy/buenos-aires-province","archived_source_retained","Content architect","content/knowledge-base/dostoprimechatelnosti/rio-parana.md + generated Next.js archive redirects"
"roque-saenz-pena","/baza-znaniy/roque-saenz-pena","Неотредактированная однотемная карточка импорта объединена с каноническим русскоязычным региональным материалом; исходник и атрибуция сохранены для редакционного архива.","/baza-znaniy/litoral","archived_source_retained","Content architect","content/knowledge-base/dostoprimechatelnosti/roque-saenz-pena.md + generated Next.js archive redirects"
"ruta-40-en-chubut","/baza-znaniy/ruta-40-en-chubut","Неотредактированная однотемная карточка импорта объединена с каноническим русскоязычным региональным материалом; исходник и атрибуция сохранены для редакционного архива.","/baza-znaniy/patagonia","archived_source_retained","Content architect","content/knowledge-base/dostoprimechatelnosti/ruta-40-en-chubut.md + generated Next.js archive redirects"
"ruta-40-en-santa-cruz","/baza-znaniy/ruta-40-en-santa-cruz","Неотредактированная однотемная карточка импорта объединена с каноническим русскоязычным региональным материалом; исходник и атрибуция сохранены для редакционного архива.","/baza-znaniy/patagonia","archived_source_retained","Content architect","content/knowledge-base/dostoprimechatelnosti/ruta-40-en-santa-cruz.md + generated Next.js archive redirects"
"ruta-azul","/baza-znaniy/ruta-azul","Неотредактированная однотемная карточка импорта объединена с каноническим русскоязычным региональным материалом; исходник и атрибуция сохранены для редакционного архива.","/baza-znaniy/patagonia","archived_source_retained","Content architect","content/knowledge-base/dostoprimechatelnosti/ruta-azul.md + generated Next.js archive redirects"
"ruta-de-la-cultura-qom","/baza-znaniy/ruta-de-la-cultura-qom","Неотредактированная однотемная карточка импорта объединена с каноническим русскоязычным региональным материалом; исходник и атрибуция сохранены для редакционного архива.","/baza-znaniy/litoral","archived_source_retained","Content architect","content/knowledge-base/dostoprimechatelnosti/ruta-de-la-cultura-qom.md + generated Next.js archive redirects"
"ruta-de-los-siete-lagos","/baza-znaniy/ruta-de-los-siete-lagos","Неотредактированная однотемная карточка импорта объединена с каноническим русскоязычным региональным материалом; исходник и атрибуция сохранены для редакционного архива.","/baza-znaniy/patagonia","archived_source_retained","Content architect","content/knowledge-base/dostoprimechatelnosti/ruta-de-los-siete-lagos.md + generated Next.js archive redirects"
"ruta-del-adobe-en-catamarca","/baza-znaniy/ruta-del-adobe-en-catamarca","Неотредактированная однотемная карточка импорта объединена с каноническим русскоязычным региональным материалом; исходник и атрибуция сохранены для редакционного архива.","/baza-znaniy/noa","archived_source_retained","Content architect","content/knowledge-base/dostoprimechatelnosti/ruta-del-adobe-en-catamarca.md + generated Next.js archive redirects"
"ruta-del-artesano-en-tucuman","/baza-znaniy/ruta-del-artesano-en-tucuman","Неотредактированная однотемная карточка импорта объединена с каноническим русскоязычным региональным материалом; исходник и атрибуция сохранены для редакционного архива.","/baza-znaniy/noa","archived_source_retained","Content architect","content/knowledge-base/dostoprimechatelnosti/ruta-del-artesano-en-tucuman.md + generated Next.js archive redirects"
"ruta-del-olivo-san-juan","/baza-znaniy/ruta-del-olivo-san-juan","Неотредактированная однотемная карточка импорта объединена с каноническим русскоязычным региональным материалом; исходник и атрибуция сохранены для редакционного архива.","/baza-znaniy/cuyo","archived_source_retained","Content architect","content/knowledge-base/dostoprimechatelnosti/ruta-del-olivo-san-juan.md + generated Next.js archive redirects"
"ruta-del-vino-en-la-patagonia","/baza-znaniy/ruta-del-vino-en-la-patagonia","Неотредактированная однотемная карточка импорта объединена с каноническим русскоязычным региональным материалом; исходник и атрибуция сохранены для редакционного архива.","/baza-znaniy/patagonia","archived_source_retained","Content architect","content/knowledge-base/dostoprimechatelnosti/ruta-del-vino-en-la-patagonia.md + generated Next.js archive redirects"
"ruta-del-vino-en-san-juan","/baza-znaniy/ruta-del-vino-en-san-juan","Неотредактированная однотемная карточка импорта объединена с каноническим русскоязычным региональным материалом; исходник и атрибуция сохранены для редакционного архива.","/baza-znaniy/cuyo","archived_source_retained","Content architect","content/knowledge-base/dostoprimechatelnosti/ruta-del-vino-en-san-juan.md + generated Next.js archive redirects"
"ruta-del-vino-en-tucuman","/baza-znaniy/ruta-del-vino-en-tucuman","Неотредактированная однотемная карточка импорта объединена с каноническим русскоязычным региональным материалом; исходник и атрибуция сохранены для редакционного архива.","/baza-znaniy/noa","archived_source_retained","Content architect","content/knowledge-base/dostoprimechatelnosti/ruta-del-vino-en-tucuman.md + generated Next.js archive redirects"
"ruta-interlagos-san-juan","/baza-znaniy/ruta-interlagos-san-juan","Неотредактированная однотемная карточка импорта объединена с каноническим русскоязычным региональным материалом; исходник и атрибуция сохранены для редакционного архива.","/baza-znaniy/cuyo","archived_source_retained","Content architect","content/knowledge-base/dostoprimechatelnosti/ruta-interlagos-san-juan.md + generated Next.js archive redirects"
"rutas-de-tierra-del-fuego","/baza-znaniy/rutas-de-tierra-del-fuego","Неотредактированная однотемная карточка импорта объединена с каноническим русскоязычным региональным материалом; исходник и атрибуция сохранены для редакционного архива.","/baza-znaniy/tierra-del-fuego","archived_source_retained","Content architect","content/knowledge-base/dostoprimechatelnosti/rutas-de-tierra-del-fuego.md + generated Next.js archive redirects"
"sabores-de-chaco","/baza-znaniy/sabores-de-chaco","Дублирует тему, источники и иллюстративный набор записи gastronomia-de-chaco; сохранена как редакционный архив с постоянным перенаправлением.","/baza-znaniy/gastronomia-de-chaco","archived_source_retained","Content architect","content/knowledge-base/dostoprimechatelnosti/sabores-de-chaco.md + generated Next.js archive redirects"
"sabores-riojanos","/baza-znaniy/sabores-riojanos","Неотредактированная однотемная карточка импорта объединена с каноническим русскоязычным региональным материалом; исходник и атрибуция сохранены для редакционного архива.","/baza-znaniy/noa","archived_source_retained","Content architect","content/knowledge-base/dostoprimechatelnosti/sabores-riojanos.md + generated Next.js archive redirects"
"salinas-grandes-jujuy","/baza-znaniy/salinas-grandes-jujuy","Неотредактированная однотемная карточка импорта объединена с каноническим русскоязычным региональным материалом; исходник и атрибуция сохранены для редакционного архива.","/baza-znaniy/salinas-grandes","archived_source_retained","Content architect","content/knowledge-base/dostoprimechatelnosti/salinas-grandes-jujuy.md + generated Next.js archive redirects"
"salta-y-san-lorenzo","/baza-znaniy/salta-y-san-lorenzo","Неотредактированная однотемная карточка импорта объединена с каноническим русскоязычным региональным материалом; исходник и атрибуция сохранены для редакционного архива.","/baza-znaniy/noa","archived_source_retained","Content architect","content/knowledge-base/dostoprimechatelnosti/salta-y-san-lorenzo.md + generated Next.js archive redirects"
"salto-encantado","/baza-znaniy/salto-encantado","Неотредактированная однотемная карточка импорта объединена с каноническим русскоязычным региональным материалом; исходник и атрибуция сохранены для редакционного архива.","/baza-znaniy/litoral","archived_source_retained","Content architect","content/knowledge-base/dostoprimechatelnosti/salto-encantado.md + generated Next.js archive redirects"
"san-antonio-oeste","/baza-znaniy/san-antonio-oeste","Неотредактированная однотемная карточка импорта объединена с каноническим русскоязычным региональным материалом; исходник и атрибуция сохранены для редакционного архива.","/baza-znaniy/patagonia","archived_source_retained","Content architect","content/knowledge-base/dostoprimechatelnosti/san-antonio-oeste.md + generated Next.js archive redirects"
"san-jose","/baza-znaniy/san-jose","Неотредактированная однотемная карточка импорта объединена с каноническим русскоязычным региональным материалом; исходник и атрибуция сохранены для редакционного архива.","/baza-znaniy/litoral","archived_source_retained","Content architect","content/knowledge-base/dostoprimechatelnosti/san-jose.md + generated Next.js archive redirects"
"sandboard-en-abra-pampa","/baza-znaniy/sandboard-en-abra-pampa","Неотредактированная однотемная карточка импорта объединена с каноническим русскоязычным региональным материалом; исходник и атрибуция сохранены для редакционного архива.","/baza-znaniy/noa","archived_source_retained","Content architect","content/knowledge-base/dostoprimechatelnosti/sandboard-en-abra-pampa.md + generated Next.js archive redirects"
"sandboard-en-las-dunas-de-saujil","/baza-znaniy/sandboard-en-las-dunas-de-saujil","Неотредактированная однотемная карточка импорта объединена с каноническим русскоязычным региональным материалом; исходник и атрибуция сохранены для редакционного архива.","/baza-znaniy/noa","archived_source_retained","Content architect","content/knowledge-base/dostoprimechatelnosti/sandboard-en-las-dunas-de-saujil.md + generated Next.js archive redirects"
"santa-maria","/baza-znaniy/santa-maria","Неотредактированная однотемная карточка импорта объединена с каноническим русскоязычным региональным материалом; исходник и атрибуция сохранены для редакционного архива.","/baza-znaniy/noa","archived_source_retained","Content architect","content/knowledge-base/dostoprimechatelnosti/santa-maria.md + generated Next.js archive redirects"
"seclantas","/baza-znaniy/seclantas","Неотредактированная однотемная карточка импорта объединена с каноническим русскоязычным региональным материалом; исходник и атрибуция сохранены для редакционного архива.","/baza-znaniy/noa","archived_source_retained","Content architect","content/knowledge-base/dostoprimechatelnosti/seclantas.md + generated Next.js archive redirects"
"senderismo-con-llamas-en-jujuy","/baza-znaniy/senderismo-con-llamas-en-jujuy","Неотредактированная однотемная карточка импорта объединена с каноническим русскоязычным региональным материалом; исходник и атрибуция сохранены для редакционного архива.","/baza-znaniy/noa","archived_source_retained","Content architect","content/knowledge-base/dostoprimechatelnosti/senderismo-con-llamas-en-jujuy.md + generated Next.js archive redirects"
"senderos-periurbanos-de-esquel","/baza-znaniy/senderos-periurbanos-de-esquel","Неотредактированная однотемная карточка импорта объединена с каноническим русскоязычным региональным материалом; исходник и атрибуция сохранены для редакционного архива.","/baza-znaniy/patagonia","archived_source_retained","Content architect","content/knowledge-base/dostoprimechatelnosti/senderos-periurbanos-de-esquel.md + generated Next.js archive redirects"
"sierras-cordobesas","/baza-znaniy/sierras-cordobesas","Неотредактированная однотемная карточка импорта объединена с каноническим русскоязычным региональным материалом; исходник и атрибуция сохранены для редакционного архива.","/baza-znaniy/pampa","archived_source_retained","Content architect","content/knowledge-base/dostoprimechatelnosti/sierras-cordobesas.md + generated Next.js archive redirects"
"sierras-de-la-provincia-de-buenos-aires","/baza-znaniy/sierras-de-la-provincia-de-buenos-aires","Неотредактированная однотемная карточка импорта объединена с каноническим русскоязычным региональным материалом; исходник и атрибуция сохранены для редакционного архива.","/baza-znaniy/buenos-aires-province","archived_source_retained","Content architect","content/knowledge-base/dostoprimechatelnosti/sierras-de-la-provincia-de-buenos-aires.md + generated Next.js archive redirects"
"sierras-de-sumampa","/baza-znaniy/sierras-de-sumampa","Неотредактированная однотемная карточка импорта объединена с каноническим русскоязычным региональным материалом; исходник и атрибуция сохранены для редакционного архива.","/baza-znaniy/noa","archived_source_retained","Content architect","content/knowledge-base/dostoprimechatelnosti/sierras-de-sumampa.md + generated Next.js archive redirects"
"tafi-viejo","/baza-znaniy/tafi-viejo","Неотредактированная однотемная карточка импорта объединена с каноническим русскоязычным региональным материалом; исходник и атрибуция сохранены для редакционного архива.","/baza-znaniy/noa","archived_source_retained","Content architect","content/knowledge-base/dostoprimechatelnosti/tafi-viejo.md + generated Next.js archive redirects"
"tango-en-buenos-aires","/baza-znaniy/tango-en-buenos-aires","Неотредактированная однотемная карточка импорта объединена с каноническим русскоязычным региональным материалом; исходник и атрибуция сохранены для редакционного архива.","/baza-znaniy/mentalitet-i-etiket","archived_source_retained","Content architect","content/knowledge-base/dostoprimechatelnosti/tango-en-buenos-aires.md + generated Next.js archive redirects"
"tastil-y-santa-rosa-de-tastil","/baza-znaniy/tastil-y-santa-rosa-de-tastil","Неотредактированная однотемная карточка импорта объединена с каноническим русскоязычным региональным материалом; исходник и атрибуция сохранены для редакционного архива.","/baza-znaniy/noa","archived_source_retained","Content architect","content/knowledge-base/dostoprimechatelnosti/tastil-y-santa-rosa-de-tastil.md + generated Next.js archive redirects"
"teatro-y-literatura-en-buenos-aires","/baza-znaniy/teatro-y-literatura-en-buenos-aires","Неотредактированная однотемная карточка импорта объединена с каноническим русскоязычным региональным материалом; исходник и атрибуция сохранены для редакционного архива.","/baza-znaniy/mentalitet-i-etiket","archived_source_retained","Content architect","content/knowledge-base/dostoprimechatelnosti/teatro-y-literatura-en-buenos-aires.md + generated Next.js archive redirects"
"temporada-de-orcas-en-peninsula-valdes","/baza-znaniy/temporada-de-orcas-en-peninsula-valdes","Неотредактированная однотемная карточка импорта объединена с каноническим русскоязычным региональным материалом; исходник и атрибуция сохранены для редакционного архива.","/baza-znaniy/patagonia","archived_source_retained","Content architect","content/knowledge-base/dostoprimechatelnosti/temporada-de-orcas-en-peninsula-valdes.md + generated Next.js archive redirects"
"termas-de-cacheuta","/baza-znaniy/termas-de-cacheuta","Неотредактированная однотемная карточка импорта объединена с каноническим русскоязычным региональным материалом; исходник и атрибуция сохранены для редакционного архива.","/baza-znaniy/cuyo","archived_source_retained","Content architect","content/knowledge-base/dostoprimechatelnosti/termas-de-cacheuta.md + generated Next.js archive redirects"
"termas-de-saenz-pena","/baza-znaniy/termas-de-saenz-pena","Неотредактированная однотемная карточка импорта объединена с каноническим русскоязычным региональным материалом; исходник и атрибуция сохранены для редакционного архива.","/baza-znaniy/litoral","archived_source_retained","Content architect","content/knowledge-base/dostoprimechatelnosti/termas-de-saenz-pena.md + generated Next.js archive redirects"
"termas-del-rio-jordan","/baza-znaniy/termas-del-rio-jordan","Неотредактированная однотемная карточка импорта объединена с каноническим русскоязычным региональным материалом; исходник и атрибуция сохранены для редакционного архива.","/baza-znaniy/noa","archived_source_retained","Content architect","content/knowledge-base/dostoprimechatelnosti/termas-del-rio-jordan.md + generated Next.js archive redirects"
"termas-en-entre-rios","/baza-znaniy/termas-en-entre-rios","Неотредактированная однотемная карточка импорта объединена с каноническим русскоязычным региональным материалом; исходник и атрибуция сохранены для редакционного архива.","/baza-znaniy/litoral","archived_source_retained","Content architect","content/knowledge-base/dostoprimechatelnosti/termas-en-entre-rios.md + generated Next.js archive redirects"
"tilcara","/baza-znaniy/tilcara","Неотредактированная однотемная карточка импорта объединена с каноническим русскоязычным региональным материалом; исходник и атрибуция сохранены для редакционного архива.","/baza-znaniy/noa","archived_source_retained","Content architect","content/knowledge-base/dostoprimechatelnosti/tilcara.md + generated Next.js archive redirects"
"tinogasta","/baza-znaniy/tinogasta","Неотредактированная однотемная карточка импорта объединена с каноническим русскоязычным региональным материалом; исходник и атрибуция сохранены для редакционного архива.","/baza-znaniy/noa","archived_source_retained","Content architect","content/knowledge-base/dostoprimechatelnosti/tinogasta.md + generated Next.js archive redirects"
"tolhuin","/baza-znaniy/tolhuin","Неотредактированная однотемная карточка импорта объединена с каноническим русскоязычным региональным материалом; исходник и атрибуция сохранены для редакционного архива.","/baza-znaniy/tierra-del-fuego","archived_source_retained","Content architect","content/knowledge-base/dostoprimechatelnosti/tolhuin.md + generated Next.js archive redirects"
"tradicion-cervecera-en-santa-fe","/baza-znaniy/tradicion-cervecera-en-santa-fe","Неотредактированная однотемная карточка импорта объединена с каноническим русскоязычным региональным материалом; исходник и атрибуция сохранены для редакционного архива.","/baza-znaniy/litoral","archived_source_retained","Content architect","content/knowledge-base/dostoprimechatelnosti/tradicion-cervecera-en-santa-fe.md + generated Next.js archive redirects"
"tradiciones-gauchas","/baza-znaniy/tradiciones-gauchas","Неотредактированная однотемная карточка импорта объединена с каноническим русскоязычным региональным материалом; исходник и атрибуция сохранены для редакционного архива.","/baza-znaniy/buenos-aires-province","archived_source_retained","Content architect","content/knowledge-base/dostoprimechatelnosti/tradiciones-gauchas.md + generated Next.js archive redirects"
"travesia-4x4-en-tierra-del-fuego","/baza-znaniy/travesia-4x4-en-tierra-del-fuego","Неотредактированная однотемная карточка импорта объединена с каноническим русскоязычным региональным материалом; исходник и атрибуция сохранены для редакционного архива.","/baza-znaniy/tierra-del-fuego","archived_source_retained","Content architect","content/knowledge-base/dostoprimechatelnosti/travesia-4x4-en-tierra-del-fuego.md + generated Next.js archive redirects"
"trekking-en-bosques-y-lagos","/baza-znaniy/trekking-en-bosques-y-lagos","Неотредактированная однотемная карточка импорта объединена с каноническим русскоязычным региональным материалом; исходник и атрибуция сохранены для редакционного архива.","/baza-znaniy/patagonia","archived_source_retained","Content architect","content/knowledge-base/dostoprimechatelnosti/trekking-en-bosques-y-lagos.md + generated Next.js archive redirects"
"trekking-en-lihue-calel","/baza-znaniy/trekking-en-lihue-calel","Неотредактированная однотемная карточка импорта объединена с каноническим русскоязычным региональным материалом; исходник и атрибуция сохранены для редакционного архива.","/baza-znaniy/pampa","archived_source_retained","Content architect","content/knowledge-base/dostoprimechatelnosti/trekking-en-lihue-calel.md + generated Next.js archive redirects"
"trekking-en-parque-patagonia","/baza-znaniy/trekking-en-parque-patagonia","Неотредактированная однотемная карточка импорта объединена с каноническим русскоязычным региональным материалом; исходник и атрибуция сохранены для редакционного архива.","/baza-znaniy/patagonia","archived_source_retained","Content architect","content/knowledge-base/dostoprimechatelnosti/trekking-en-parque-patagonia.md + generated Next.js archive redirects"
"trekking-en-salta","/baza-znaniy/trekking-en-salta","Неотредактированная однотемная карточка импорта объединена с каноническим русскоязычным региональным материалом; исходник и атрибуция сохранены для редакционного архива.","/baza-znaniy/noa","archived_source_retained","Content architect","content/knowledge-base/dostoprimechatelnosti/trekking-en-salta.md + generated Next.js archive redirects"
"trekking-en-tolhuin","/baza-znaniy/trekking-en-tolhuin","Неотредактированная однотемная карточка импорта объединена с каноническим русскоязычным региональным материалом; исходник и атрибуция сохранены для редакционного архива.","/baza-znaniy/tierra-del-fuego","archived_source_retained","Content architect","content/knowledge-base/dostoprimechatelnosti/trekking-en-tolhuin.md + generated Next.js archive redirects"
"tren-a-las-nubes","/baza-znaniy/tren-a-las-nubes","Неотредактированная однотемная карточка импорта объединена с каноническим русскоязычным региональным материалом; исходник и атрибуция сохранены для редакционного архива.","/baza-znaniy/noa","archived_source_retained","Content architect","content/knowledge-base/dostoprimechatelnosti/tren-a-las-nubes.md + generated Next.js archive redirects"
"tren-de-las-sierras","/baza-znaniy/tren-de-las-sierras","Неотредактированная однотемная карточка импорта объединена с каноническим русскоязычным региональным материалом; исходник и атрибуция сохранены для редакционного архива.","/baza-znaniy/pampa","archived_source_retained","Content architect","content/knowledge-base/dostoprimechatelnosti/tren-de-las-sierras.md + generated Next.js archive redirects"
"trevelin-el-pueblo-del-molino","/baza-znaniy/trevelin-el-pueblo-del-molino","Неотредактированная однотемная карточка импорта объединена с каноническим русскоязычным региональным материалом; исходник и атрибуция сохранены для редакционного архива.","/baza-znaniy/patagonia","archived_source_retained","Content architect","content/knowledge-base/dostoprimechatelnosti/trevelin-el-pueblo-del-molino.md + generated Next.js archive redirects"
"trevelin","/baza-znaniy/trevelin","До появления лицензированного hero-изображения материал сохранён в архиве и ведёт на опубликованный региональный путеводитель; исходный текст и источники сохранены.","/baza-znaniy/patagonia","archived_source_retained","Content architect","content/knowledge-base/dostoprimechatelnosti/trevelin.md + generated Next.js archive redirects"
"turismo-cultural-en-rosario","/baza-znaniy/turismo-cultural-en-rosario","Неотредактированная однотемная карточка импорта объединена с каноническим русскоязычным региональным материалом; исходник и атрибуция сохранены для редакционного архива.","/baza-znaniy/litoral","archived_source_retained","Content architect","content/knowledge-base/dostoprimechatelnosti/turismo-cultural-en-rosario.md + generated Next.js archive redirects"
"turismo-paleontologico-en-neuquen","/baza-znaniy/turismo-paleontologico-en-neuquen","Неотредактированная однотемная карточка импорта объединена с каноническим русскоязычным региональным материалом; исходник и атрибуция сохранены для редакционного архива.","/baza-znaniy/patagonia","archived_source_retained","Content architect","content/knowledge-base/dostoprimechatelnosti/turismo-paleontologico-en-neuquen.md + generated Next.js archive redirects"
"turismo-religioso-en-salta","/baza-znaniy/turismo-religioso-en-salta","Неотредактированная однотемная карточка импорта объединена с каноническим русскоязычным региональным материалом; исходник и атрибуция сохранены для редакционного архива.","/baza-znaniy/noa","archived_source_retained","Content architect","content/knowledge-base/dostoprimechatelnosti/turismo-religioso-en-salta.md + generated Next.js archive redirects"
"turismo-rural-comunitario","/baza-znaniy/turismo-rural-comunitario","Неотредактированная однотемная карточка импорта объединена с каноническим русскоязычным региональным материалом; исходник и атрибуция сохранены для редакционного архива.","/baza-znaniy/patagonia","archived_source_retained","Content architect","content/knowledge-base/dostoprimechatelnosti/turismo-rural-comunitario.md + generated Next.js archive redirects"
"turismo-rural-en-la-pampa","/baza-znaniy/turismo-rural-en-la-pampa","Неотредактированная однотемная карточка импорта объединена с каноническим русскоязычным региональным материалом; исходник и атрибуция сохранены для редакционного архива.","/baza-znaniy/pampa","archived_source_retained","Content architect","content/knowledge-base/dostoprimechatelnosti/turismo-rural-en-la-pampa.md + generated Next.js archive redirects"
"turismo-rural-en-salta","/baza-znaniy/turismo-rural-en-salta","Неотредактированная однотемная карточка импорта объединена с каноническим русскоязычным региональным материалом; исходник и атрибуция сохранены для редакционного архива.","/baza-znaniy/noa","archived_source_retained","Content architect","content/knowledge-base/dostoprimechatelnosti/turismo-rural-en-salta.md + generated Next.js archive redirects"
"ushuaia-la-ciudad-y-el-tren","/baza-znaniy/ushuaia-la-ciudad-y-el-tren","Неотредактированная однотемная карточка импорта объединена с каноническим русскоязычным региональным материалом; исходник и атрибуция сохранены для редакционного архива.","/baza-znaniy/tierra-del-fuego","archived_source_retained","Content architect","content/knowledge-base/dostoprimechatelnosti/ushuaia-la-ciudad-y-el-tren.md + generated Next.js archive redirects"
"valle-de-la-luna-de-cusi-cusi","/baza-znaniy/valle-de-la-luna-de-cusi-cusi","Неотредактированная однотемная карточка импорта объединена с каноническим русскоязычным региональным материалом; исходник и атрибуция сохранены для редакционного архива.","/baza-znaniy/noa","archived_source_retained","Content architect","content/knowledge-base/dostoprimechatelnosti/valle-de-la-luna-de-cusi-cusi.md + generated Next.js archive redirects"
"valle-de-punilla-cordoba","/baza-znaniy/valle-de-punilla-cordoba","Неотредактированная однотемная карточка импорта объединена с каноническим русскоязычным региональным материалом; исходник и атрибуция сохранены для редакционного архива.","/baza-znaniy/pampa","archived_source_retained","Content architect","content/knowledge-base/dostoprimechatelnosti/valle-de-punilla-cordoba.md + generated Next.js archive redirects"
"valle-de-traslasierra","/baza-znaniy/valle-de-traslasierra","Неотредактированная однотемная карточка импорта объединена с каноническим русскоязычным региональным материалом; исходник и атрибуция сохранены для редакционного архива.","/baza-znaniy/pampa","archived_source_retained","Content architect","content/knowledge-base/dostoprimechatelnosti/valle-de-traslasierra.md + generated Next.js archive redirects"
"valle-de-uco-mendoza","/baza-znaniy/valle-de-uco-mendoza","Неотредактированная однотемная карточка импорта объединена с каноническим русскоязычным региональным материалом; исходник и атрибуция сохранены для редакционного архива.","/baza-znaniy/cuyo","archived_source_retained","Content architect","content/knowledge-base/dostoprimechatelnosti/valle-de-uco-mendoza.md + generated Next.js archive redirects"
"valle-de-uco","/baza-znaniy/valle-de-uco","До появления лицензированного hero-изображения материал сохранён в архиве и ведёт на опубликованный региональный путеводитель; исходный текст и источники сохранены.","/baza-znaniy/cuyo","archived_source_retained","Content architect","content/knowledge-base/dostoprimechatelnosti/valle-de-uco.md + generated Next.js archive redirects"
"valle-encantado","/baza-znaniy/valle-encantado","Неотредактированная однотемная карточка импорта объединена с каноническим русскоязычным региональным материалом; исходник и атрибуция сохранены для редакционного архива.","/baza-znaniy/patagonia","archived_source_retained","Content architect","content/knowledge-base/dostoprimechatelnosti/valle-encantado.md + generated Next.js archive redirects"
"valle-grande","/baza-znaniy/valle-grande","Неотредактированная однотемная карточка импорта объединена с каноническим русскоязычным региональным материалом; исходник и атрибуция сохранены для редакционного архива.","/baza-znaniy/cuyo","archived_source_retained","Content architect","content/knowledge-base/dostoprimechatelnosti/valle-grande.md + generated Next.js archive redirects"
"valles-y-bosques-fueguinos","/baza-znaniy/valles-y-bosques-fueguinos","Неотредактированная однотемная карточка импорта объединена с каноническим русскоязычным региональным материалом; исходник и атрибуция сохранены для редакционного архива.","/baza-znaniy/tierra-del-fuego","archived_source_retained","Content architect","content/knowledge-base/dostoprimechatelnosti/valles-y-bosques-fueguinos.md + generated Next.js archive redirects"
"verano-en-corrientes","/baza-znaniy/verano-en-corrientes","Неотредактированная однотемная карточка импорта объединена с каноническим русскоязычным региональным материалом; исходник и атрибуция сохранены для редакционного архива.","/baza-znaniy/litoral","archived_source_retained","Content architect","content/knowledge-base/dostoprimechatelnosti/verano-en-corrientes.md + generated Next.js archive redirects"
"vida-nocturna-en-buenos-aires","/baza-znaniy/vida-nocturna-en-buenos-aires","Неотредактированная однотемная карточка импорта объединена с каноническим русскоязычным региональным материалом; исходник и атрибуция сохранены для редакционного архива.","/baza-znaniy/mentalitet-i-etiket","archived_source_retained","Content architect","content/knowledge-base/dostoprimechatelnosti/vida-nocturna-en-buenos-aires.md + generated Next.js archive redirects"
"viedma","/baza-znaniy/viedma","Неотредактированная однотемная карточка импорта объединена с каноническим русскоязычным региональным материалом; исходник и атрибуция сохранены для редакционного архива.","/baza-znaniy/patagonia","archived_source_retained","Content architect","content/knowledge-base/dostoprimechatelnosti/viedma.md + generated Next.js archive redirects"
"villa-carlos-paz","/baza-znaniy/villa-carlos-paz","Неотредактированная однотемная карточка импорта объединена с каноническим русскоязычным региональным материалом; исходник и атрибуция сохранены для редакционного архива.","/baza-znaniy/pampa","archived_source_retained","Content architect","content/knowledge-base/dostoprimechatelnosti/villa-carlos-paz.md + generated Next.js archive redirects"
"villa-del-carmen-san-luis","/baza-znaniy/villa-del-carmen-san-luis","Неотредактированная однотемная карточка импорта объединена с каноническим русскоязычным региональным материалом; исходник и атрибуция сохранены для редакционного архива.","/baza-znaniy/cuyo","archived_source_retained","Content architect","content/knowledge-base/dostoprimechatelnosti/villa-del-carmen-san-luis.md + generated Next.js archive redirects"
"villa-general-belgrano","/baza-znaniy/villa-general-belgrano","Неотредактированная однотемная карточка импорта объединена с каноническим русскоязычным региональным материалом; исходник и атрибуция сохранены для редакционного архива.","/baza-znaniy/pampa","archived_source_retained","Content architect","content/knowledge-base/dostoprimechatelnosti/villa-general-belgrano.md + generated Next.js archive redirects"
"villa-la-punta","/baza-znaniy/villa-la-punta","Неотредактированная однотемная карточка импорта объединена с каноническим русскоязычным региональным материалом; исходник и атрибуция сохранены для редакционного архива.","/baza-znaniy/noa","archived_source_retained","Content architect","content/knowledge-base/dostoprimechatelnosti/villa-la-punta.md + generated Next.js archive redirects"
"villa-mercedes-san-luis","/baza-znaniy/villa-mercedes-san-luis","Неотредактированная однотемная карточка импорта объединена с каноническим русскоязычным региональным материалом; исходник и атрибуция сохранены для редакционного архива.","/baza-znaniy/cuyo","archived_source_retained","Content architect","content/knowledge-base/dostoprimechatelnosti/villa-mercedes-san-luis.md + generated Next.js archive redirects"
"villa-nougues","/baza-znaniy/villa-nougues","Неотредактированная однотемная карточка импорта объединена с каноническим русскоязычным региональным материалом; исходник и атрибуция сохранены для редакционного архива.","/baza-znaniy/noa","archived_source_retained","Content architect","content/knowledge-base/dostoprimechatelnosti/villa-nougues.md + generated Next.js archive redirects"
"villa-ocampo","/baza-znaniy/villa-ocampo","Неотредактированная однотемная карточка импорта объединена с каноническим русскоязычным региональным материалом; исходник и атрибуция сохранены для редакционного архива.","/baza-znaniy/litoral","archived_source_retained","Content architect","content/knowledge-base/dostoprimechatelnosti/villa-ocampo.md + generated Next.js archive redirects"
"villa-paranacito","/baza-znaniy/villa-paranacito","Неотредактированная однотемная карточка импорта объединена с каноническим русскоязычным региональным материалом; исходник и атрибуция сохранены для редакционного архива.","/baza-znaniy/litoral","archived_source_retained","Content architect","content/knowledge-base/dostoprimechatelnosti/villa-paranacito.md + generated Next.js archive redirects"
"villa-pehuenia","/baza-znaniy/villa-pehuenia","Неотредактированная однотемная карточка импорта объединена с каноническим русскоязычным региональным материалом; исходник и атрибуция сохранены для редакционного архива.","/baza-znaniy/patagonia","archived_source_retained","Content architect","content/knowledge-base/dostoprimechatelnosti/villa-pehuenia.md + generated Next.js archive redirects"
"villa-regina","/baza-znaniy/villa-regina","Неотредактированная однотемная карточка импорта объединена с каноническим русскоязычным региональным материалом; исходник и атрибуция сохранены для редакционного архива.","/baza-znaniy/patagonia","archived_source_retained","Content architect","content/knowledge-base/dostoprimechatelnosti/villa-regina.md + generated Next.js archive redirects"
"villa-rio-bermejito","/baza-znaniy/villa-rio-bermejito","Неотредактированная однотемная карточка импорта объединена с каноническим русскоязычным региональным материалом; исходник и атрибуция сохранены для редакционного архива.","/baza-znaniy/litoral","archived_source_retained","Content architect","content/knowledge-base/dostoprimechatelnosti/villa-rio-bermejito.md + generated Next.js archive redirects"
"villa-traful","/baza-znaniy/villa-traful","Неотредактированная однотемная карточка импорта объединена с каноническим русскоязычным региональным материалом; исходник и атрибуция сохранены для редакционного архива.","/baza-znaniy/patagonia","archived_source_retained","Content architect","content/knowledge-base/dostoprimechatelnosti/villa-traful.md + generated Next.js archive redirects"
"vinos-de-san-juan","/baza-znaniy/vinos-de-san-juan","Неотредактированная однотемная карточка импорта объединена с каноническим русскоязычным региональным материалом; исходник и атрибуция сохранены для редакционного архива.","/baza-znaniy/cuyo","archived_source_retained","Content architect","content/knowledge-base/dostoprimechatelnosti/vinos-de-san-juan.md + generated Next.js archive redirects"
"vinos-de-tolombon","/baza-znaniy/vinos-de-tolombon","Неотредактированная однотемная карточка импорта объединена с каноническим русскоязычным региональным материалом; исходник и атрибуция сохранены для редакционного архива.","/baza-znaniy/noa","archived_source_retained","Content architect","content/knowledge-base/dostoprimechatelnosti/vinos-de-tolombon.md + generated Next.js archive redirects"
"vinos-del-valle-patagonico","/baza-znaniy/vinos-del-valle-patagonico","Неотредактированная однотемная карточка импорта объединена с каноническим русскоязычным региональным материалом; исходник и атрибуция сохранены для редакционного архива.","/baza-znaniy/pampa","archived_source_retained","Content architect","content/knowledge-base/dostoprimechatelnosti/vinos-del-valle-patagonico.md + generated Next.js archive redirects"
"volcan-lanin","/baza-znaniy/volcan-lanin","Неотредактированная карточка активности объединена с канонической русскоязычной страницей национального парка; исходник и атрибуция сохранены для редакционного архива.","/baza-znaniy/lanin","archived_source_retained","Content architect","content/knowledge-base/dostoprimechatelnosti/volcan-lanin.md + generated Next.js archive redirects"
"volcan-malacara","/baza-znaniy/volcan-malacara","Неотредактированная однотемная карточка импорта объединена с каноническим русскоязычным региональным материалом; исходник и атрибуция сохранены для редакционного архива.","/baza-znaniy/cuyo","archived_source_retained","Content architect","content/knowledge-base/dostoprimechatelnosti/volcan-malacara.md + generated Next.js archive redirects"
"yapeyu","/baza-znaniy/yapeyu","Неотредактированная однотемная карточка импорта объединена с каноническим русскоязычным региональным материалом; исходник и атрибуция сохранены для редакционного архива.","/baza-znaniy/litoral","archived_source_retained","Content architect","content/knowledge-base/dostoprimechatelnosti/yapeyu.md + generated Next.js archive redirects"
"yungas-tucumanas","/baza-znaniy/yungas-tucumanas","Неотредактированная однотемная карточка импорта объединена с каноническим русскоязычным региональным материалом; исходник и атрибуция сохранены для редакционного архива.","/baza-znaniy/noa","archived_source_retained","Content architect","content/knowledge-base/dostoprimechatelnosti/yungas-tucumanas.md + generated Next.js archive redirects"
"esim-ili-lokalnaya-sim","/baza-znaniy/esim-ili-lokalnaya-sim","Короткий ответ не имеет подтверждённых первичных источников и не прошёл редакционную проверку; читатель перенаправляется к каноническому материалу для обновления.","/baza-znaniy/esim-i-svyaz","archived_source_retained","Content architect","content/knowledge-base/faq/esim-ili-lokalnaya-sim.md + generated Next.js archive redirects"
"kak-kupit-aviabilety-deshevle","/baza-znaniy/kak-kupit-aviabilety-deshevle","Короткий ответ не имеет подтверждённых первичных источников и не прошёл редакционную проверку; читатель перенаправляется к каноническому материалу для обновления.","/baza-znaniy/vnutrennie-aviabilety","archived_source_retained","Content architect","content/knowledge-base/faq/kak-kupit-aviabilety-deshevle.md + generated Next.js archive redirects"
"kakoj-otrub-steika-zakazat","/baza-znaniy/kakoj-otrub-steika-zakazat","Короткий ответ не имеет подтверждённых первичных источников и не прошёл редакционную проверку; читатель перенаправляется к каноническому материалу для обновления.","/baza-znaniy/kuhnya","archived_source_retained","Content architect","content/knowledge-base/faq/kakoj-otrub-steika-zakazat.md + generated Next.js archive redirects"
"kogda-luchshe-ehat-v-argentinu","/baza-znaniy/kogda-luchshe-ehat-v-argentinu","Короткий ответ не имеет подтверждённых первичных источников и не прошёл редакционную проверку; читатель перенаправляется к каноническому материалу для обновления.","/baza-znaniy/klimat-po-regionam","archived_source_retained","Content architect","content/knowledge-base/faq/kogda-luchshe-ehat-v-argentinu.md + generated Next.js archive redirects"
"mozhno-li-uvidet-lednik-bez-trekkinga","/baza-znaniy/mozhno-li-uvidet-lednik-bez-trekkinga","Короткий ответ не имеет подтверждённых первичных источников и не прошёл редакционную проверку; читатель перенаправляется к каноническому материалу для обновления.","/baza-znaniy/los-glasiares","archived_source_retained","Content architect","content/knowledge-base/faq/mozhno-li-uvidet-lednik-bez-trekkinga.md + generated Next.js archive redirects"
"nuzhen-li-4x4-ruta-40","/baza-znaniy/nuzhen-li-4x4-ruta-40","Короткий ответ не имеет подтверждённых первичных источников и не прошёл редакционную проверку; читатель перенаправляется к каноническому материалу для обновления.","/baza-znaniy/ruta-40-sem-ozer","archived_source_retained","Content architect","content/knowledge-base/faq/nuzhen-li-4x4-ruta-40.md + generated Next.js archive redirects"
"samyj-yuzhnyj-gorod-mira","/baza-znaniy/samyj-yuzhnyj-gorod-mira","Короткий ответ не имеет подтверждённых первичных источников и не прошёл редакционную проверку; читатель перенаправляется к каноническому материалу для обновления.","/baza-znaniy/ushuaia","archived_source_retained","Content architect","content/knowledge-base/faq/samyj-yuzhnyj-gorod-mira.md + generated Next.js archive redirects"
"skolko-dnej-na-marshrut-2-nedeli","/baza-znaniy/skolko-dnej-na-marshrut-2-nedeli","Короткий ответ не имеет подтверждённых первичных источников и не прошёл редакционную проверку; читатель перенаправляется к каноническому материалу для обновления.","/baza-znaniy/argentina-2-nedeli","archived_source_retained","Content architect","content/knowledge-base/faq/skolko-dnej-na-marshrut-2-nedeli.md + generated Next.js archive redirects"
"skolko-dnej-nuzhno-na-iguasu","/baza-znaniy/skolko-dnej-nuzhno-na-iguasu","Короткий ответ не имеет подтверждённых первичных источников и не прошёл редакционную проверку; читатель перенаправляется к каноническому материалу для обновления.","/baza-znaniy/iguasu","archived_source_retained","Content architect","content/knowledge-base/faq/skolko-dnej-nuzhno-na-iguasu.md + generated Next.js archive redirects"
"federacion","/baza-znaniy/federacion","Неотредактированная однотемная карточка импорта объединена с каноническим русскоязычным региональным материалом; исходник и атрибуция сохранены для редакционного архива.","/baza-znaniy/litoral","archived_source_retained","Content architect","content/knowledge-base/goroda/federacion.md + generated Next.js archive redirects"
"gualeguaychu","/baza-znaniy/gualeguaychu","Неотредактированная однотемная карточка импорта объединена с каноническим русскоязычным региональным материалом; исходник и атрибуция сохранены для редакционного архива.","/baza-znaniy/litoral","archived_source_retained","Content architect","content/knowledge-base/goroda/gualeguaychu.md + generated Next.js archive redirects"
"los-antiguos","/baza-znaniy/los-antiguos","Неотредактированная импортная городская карточка объединена с каноническим русскоязычным гидом по Патагонии; исходник и лицензированные медиа сохранены.","/baza-znaniy/patagonia","archived_source_retained","Content architect","content/knowledge-base/goroda/los-antiguos.md + generated Next.js archive redirects"
"mercedes-corrientes","/baza-znaniy/mercedes-corrientes","Краткая транзитная карточка объединена с полноценным практическим гидом по Ибере; отдельная публикация не давала читателю достаточной глубины.","/baza-znaniy/ibera","archived_source_retained","Content architect","content/knowledge-base/goroda/mercedes-corrientes.md + generated Next.js archive redirects"
"posadas","/baza-znaniy/posadas","Неотредактированная однотемная карточка импорта объединена с каноническим русскоязычным региональным материалом; исходник и атрибуция сохранены для редакционного архива.","/baza-znaniy/litoral","archived_source_retained","Content architect","content/knowledge-base/goroda/posadas.md + generated Next.js archive redirects"
"puerto-deseado","/baza-znaniy/puerto-deseado","Неотредактированная однотемная карточка импорта объединена с каноническим русскоязычным региональным материалом; исходник и атрибуция сохранены для редакционного архива.","/baza-znaniy/patagonia","archived_source_retained","Content architect","content/knowledge-base/goroda/puerto-deseado.md + generated Next.js archive redirects"
"puerto-iguazu","/baza-znaniy/puerto-iguazu","Неотредактированная однотемная карточка импорта объединена с каноническим русскоязычным региональным материалом; исходник и атрибуция сохранены для редакционного архива.","/baza-znaniy/litoral","archived_source_retained","Content architect","content/knowledge-base/goroda/puerto-iguazu.md + generated Next.js archive redirects"
"san-antonio-de-areco","/baza-znaniy/san-antonio-de-areco","Неотредактированная однотемная карточка импорта объединена с каноническим русскоязычным региональным материалом; исходник и атрибуция сохранены для редакционного архива.","/baza-znaniy/buenos-aires-province","archived_source_retained","Content architect","content/knowledge-base/goroda/san-antonio-de-areco.md + generated Next.js archive redirects"
"san-rafael","/baza-znaniy/san-rafael","Неотредактированная однотемная карточка импорта объединена с каноническим русскоязычным региональным материалом; исходник и атрибуция сохранены для редакционного архива.","/baza-znaniy/cuyo","archived_source_retained","Content architect","content/knowledge-base/goroda/san-rafael.md + generated Next.js archive redirects"
"empanadas","/baza-znaniy/empanadas","Тематическая карточка объединена с основным материалом об аргентинской кухне.","/baza-znaniy/kuhnya","archived_source_retained","Content architect","content/knowledge-base/kultura/empanadas.md + generated Next.js archive redirects"
"folklor-i-muzyka","/baza-znaniy/folklor-i-muzyka","Краткий культурный обзор объединён с проверенным материалом о повседневных культурных кодах страны.","/baza-znaniy/mentalitet-i-etiket","archived_source_retained","Content architect","content/knowledge-base/kultura/folklor-i-muzyka.md + generated Next.js archive redirects"
"interesnye-fakty","/baza-znaniy/interesnye-fakty","Разрозненная подборка объединена с проверенным материалом о культурных особенностях страны.","/baza-znaniy/mentalitet-i-etiket","archived_source_retained","Content architect","content/knowledge-base/kultura/interesnye-fakty.md + generated Next.js archive redirects"
"istoriya-argentiny","/baza-znaniy/istoriya-argentiny","Короткий исторический обзор объединён с проверенным материалом о культурном контексте.","/baza-znaniy/mentalitet-i-etiket","archived_source_retained","Content architect","content/knowledge-base/kultura/istoriya-argentiny.md + generated Next.js archive redirects"
"narodnye-svyatye","/baza-znaniy/narodnye-svyatye","Краткий культурный сюжет объединён с проверенным материалом о культурном контексте.","/baza-znaniy/mentalitet-i-etiket","archived_source_retained","Content architect","content/knowledge-base/kultura/narodnye-svyatye.md + generated Next.js archive redirects"
"nauka-i-tehnologii","/baza-znaniy/nauka-i-tehnologii","Короткий обзор объединён с проверенным материалом о стране и её культурном контексте.","/baza-znaniy/mentalitet-i-etiket","archived_source_retained","Content architect","content/knowledge-base/kultura/nauka-i-tehnologii.md + generated Next.js archive redirects"
"razvlecheniya-i-nochnaya-zhizn","/baza-znaniy/razvlecheniya-i-nochnaya-zhizn","Короткий обзор досуга объединён с проверенным материалом о культурном контексте; конкретные места быстро меняются.","/baza-znaniy/mentalitet-i-etiket","archived_source_retained","Content architect","content/knowledge-base/kultura/razvlecheniya-i-nochnaya-zhizn.md + generated Next.js archive redirects"
"restorany-i-kak-est","/baza-znaniy/restorany-i-kak-est","Карточка о заведениях объединена с основным проверенным материалом об аргентинской кухне.","/baza-znaniy/kuhnya","archived_source_retained","Content architect","content/knowledge-base/kultura/restorany-i-kak-est.md + generated Next.js archive redirects"
"tango","/baza-znaniy/tango","Краткая культурная карточка объединена с проверенным материалом о культурных нормах страны.","/baza-znaniy/mentalitet-i-etiket","archived_source_retained","Content architect","content/knowledge-base/kultura/tango.md + generated Next.js archive redirects"
"vino-argentiny","/baza-znaniy/vino-argentiny","Тематическая карточка объединена с основным проверенным материалом об аргентинской кухне.","/baza-znaniy/kuhnya","archived_source_retained","Content architect","content/knowledge-base/kultura/vino-argentiny.md + generated Next.js archive redirects"
"zhizn-bez-ispanskogo","/baza-znaniy/zhizn-bez-ispanskogo","Короткий материал об адаптации объединён с проверенным пошаговым путеводителем по переезду.","/baza-znaniy/gid-relokanta","archived_source_retained","Content architect","content/knowledge-base/kultura/zhizn-bez-ispanskogo.md + generated Next.js archive redirects"
"aep-eze-stykovka","/baza-znaniy/aep-eze-stykovka","Проверенная информация объединена с основным транспортным гайдом; отдельная страница больше не поддерживается.","/baza-znaniy/aeroporty","archived_source_retained","Content architect","content/knowledge-base/lichnyy-opyt/aep-eze-stykovka.md + generated Next.js archive redirects"
"alersesy-skrytye-ozyora","/baza-znaniy/alersesy-skrytye-ozyora","Материал был создан как авторский совет, но личный опыт и авторская проверка не подтверждены; содержательные сведения перенесены в канонический материал.","/baza-znaniy/los-alerces","archived_source_retained","Content architect","content/knowledge-base/lichnyy-opyt/alersesy-skrytye-ozyora.md + generated Next.js archive redirects"
"ba-rajony-realnyj-vybor","/baza-znaniy/ba-rajony-realnyj-vybor","Материал был создан как авторский совет, но личный опыт и авторская проверка не подтверждены; содержательные сведения перенесены в канонический материал.","/baza-znaniy/buenos-aires","archived_source_retained","Content architect","content/knowledge-base/lichnyy-opyt/ba-rajony-realnyj-vybor.md + generated Next.js archive redirects"
"bariloche-tihie-smotrovye","/baza-znaniy/bariloche-tihie-smotrovye","Материал был создан как авторский совет, но личный опыт и авторская проверка не подтверждены; содержательные сведения перенесены в канонический материал.","/baza-znaniy/nauel-uapi","archived_source_retained","Content architect","content/knowledge-base/lichnyy-opyt/bariloche-tihie-smotrovye.md + generated Next.js archive redirects"
"dalyokie-parki-nastroj-na-tishinu","/baza-znaniy/dalyokie-parki-nastroj-na-tishinu","Материал был создан как авторский совет, но личный опыт и авторская проверка не подтверждены; содержательные сведения перенесены в канонический материал.","/baza-znaniy/patagonia-park","archived_source_retained","Content architect","content/knowledge-base/lichnyy-opyt/dalyokie-parki-nastroj-na-tishinu.md + generated Next.js archive redirects"
"iguasu-foto-sekrety","/baza-znaniy/iguasu-foto-sekrety","Материал был создан как авторский совет, но личный опыт и авторская проверка не подтверждены; содержательные сведения перенесены в канонический материал.","/baza-znaniy/iguasu","archived_source_retained","Content architect","content/knowledge-base/lichnyy-opyt/iguasu-foto-sekrety.md + generated Next.js archive redirects"
"iguasu-ritm-bez-tolp-i-sveta","/baza-znaniy/iguasu-ritm-bez-tolp-i-sveta","Материал был создан как авторский совет, но личный опыт и авторская проверка не подтверждены; содержательные сведения перенесены в канонический материал.","/baza-znaniy/iguasu","archived_source_retained","Content architect","content/knowledge-base/lichnyy-opyt/iguasu-ritm-bez-tolp-i-sveta.md + generated Next.js archive redirects"
"lanin-sever-araukarii-i-termy","/baza-znaniy/lanin-sever-araukarii-i-termy","Материал был создан как авторский совет, но личный опыт и авторская проверка не подтверждены; содержательные сведения перенесены в канонический материал.","/baza-znaniy/lanin","archived_source_retained","Content architect","content/knowledge-base/lichnyy-opyt/lanin-sever-araukarii-i-termy.md + generated Next.js archive redirects"
"lyubimoe-asado-mesto","/baza-znaniy/lyubimoe-asado-mesto","Незаполненный шаблон личной истории без подтверждения автора выведен из редакционного корпуса; практическая информация доступна в проверенном гайде по кухне.","/baza-znaniy/kuhnya","archived_source_retained","Content architect","content/knowledge-base/lichnyy-opyt/lyubimoe-asado-mesto.md + generated Next.js archive redirects"
"marshrut-vyhodnogo-dnya-ivana","/baza-znaniy/marshrut-vyhodnogo-dnya-ivana","Незаполненный шаблон авторского маршрута без подтверждённого личного опыта выведен из корпуса и перенаправлен на канонический городской гид.","/baza-znaniy/buenos-aires","archived_source_retained","Content architect","content/knowledge-base/lichnyy-opyt/marshrut-vyhodnogo-dnya-ivana.md + generated Next.js archive redirects"
"mate-etiket-spasibo-lovushka","/baza-znaniy/mate-etiket-spasibo-lovushka","Материал был создан как авторский совет, но личный опыт и авторская проверка не подтверждены; содержательные сведения перенесены в канонический материал.","/baza-znaniy/kuhnya","archived_source_retained","Content architect","content/knowledge-base/lichnyy-opyt/mate-etiket-spasibo-lovushka.md + generated Next.js archive redirects"
"mendoza-odna-zona-v-den","/baza-znaniy/mendoza-odna-zona-v-den","Материал был создан как авторский совет, но личный опыт и авторская проверка не подтверждены; содержательные сведения перенесены в канонический материал.","/baza-znaniy/mendoza","archived_source_retained","Content architect","content/knowledge-base/lichnyy-opyt/mendoza-odna-zona-v-den.md + generated Next.js archive redirects"
"motochorros-telefon-na-ulitse","/baza-znaniy/motochorros-telefon-na-ulitse","Материал был создан как авторский совет, но личный опыт и авторская проверка не подтверждены; рекомендации по безопасности собраны в каноническом материале.","/baza-znaniy/bezopasnost-argentina","archived_source_retained","Content architect","content/knowledge-base/lichnyy-opyt/motochorros-telefon-na-ulitse.md + generated Next.js archive redirects"
"nablyudenie-pro-dengi-i-banki","/baza-znaniy/nablyudenie-pro-dengi-i-banki","В записи не было личного рассказа, источника и подтверждения Ивана; выдумывать авторский опыт редакция не стала.","/baza-znaniy/gid-po-dengam","archived_source_retained","Content architect","content/knowledge-base/lichnyy-opyt/nablyudenie-pro-dengi-i-banki.md + generated Next.js archive redirects"
"obzornaya-loma-pliege-tumbado","/baza-znaniy/obzornaya-loma-pliege-tumbado","Материал был создан как авторский совет, но личный опыт и авторская проверка не подтверждены; содержательные сведения перенесены в канонический материал.","/baza-znaniy/el-chalten","archived_source_retained","Content architect","content/knowledge-base/lichnyy-opyt/obzornaya-loma-pliege-tumbado.md + generated Next.js archive redirects"
"ognennaya-zemlya-serro-guanako","/baza-znaniy/ognennaya-zemlya-serro-guanako","Материал был создан как авторский совет, но личный опыт и авторская проверка не подтверждены; содержательные сведения перенесены в канонический материал.","/baza-znaniy/ognennaya-zemlya","archived_source_retained","Content architect","content/knowledge-base/lichnyy-opyt/ognennaya-zemlya-serro-guanako.md + generated Next.js archive redirects"
"ruta-40-sem-ozer-ne-speshite","/baza-znaniy/ruta-40-sem-ozer-ne-speshite","Материал был создан как авторский совет, но личный опыт и авторская проверка не подтверждены; содержательные сведения перенесены в канонический материал.","/baza-znaniy/ruta-40-sem-ozer","archived_source_retained","Content architect","content/knowledge-base/lichnyy-opyt/ruta-40-sem-ozer-ne-speshite.md + generated Next.js archive redirects"
"salta-kalchakskie-doliny-marshrut","/baza-znaniy/salta-kalchakskie-doliny-marshrut","Материал был создан как авторский совет, но личный опыт и авторская проверка не подтверждены; содержательные сведения перенесены в канонический материал.","/baza-znaniy/los-cardones","archived_source_retained","Content architect","content/knowledge-base/lichnyy-opyt/salta-kalchakskie-doliny-marshrut.md + generated Next.js archive redirects"
"severnye-parki-zolotoj-chas","/baza-znaniy/severnye-parki-zolotoj-chas","Материал был создан как авторский совет, но личный опыт и авторская проверка не подтверждены; содержательные сведения перенесены в канонический материал.","/baza-znaniy/talampaya","archived_source_retained","Content architect","content/knowledge-base/lichnyy-opyt/severnye-parki-zolotoj-chas.md + generated Next.js archive redirects"
"viza-kochevnika-ne-vnzh","/baza-znaniy/viza-kochevnika-ne-vnzh","Материал был создан как авторский совет, но личный опыт и авторская проверка не подтверждены; правовая информация собрана в каноническом материале.","/baza-znaniy/nuzhna-li-viza-cifrovomu-kochevniku","archived_source_retained","Content architect","content/knowledge-base/lichnyy-opyt/viza-kochevnika-ne-vnzh.md + generated Next.js archive redirects"
"vinnyy-marshrut","/baza-znaniy/vinnyy-marshrut","Короткий маршрут без достаточных первичных источников объединён с проверенным маршрутом по стране.","/baza-znaniy/argentina-2-nedeli","archived_source_retained","Content architect","content/knowledge-base/marshruty/vinnyy-marshrut.md + generated Next.js archive redirects"
"bosque-petrificado","/baza-znaniy/bosque-petrificado","Дублирующая страница объединена с канонической карточкой национального парка, где сохранены медиа и расширяется практическая информация.","/baza-znaniy/patagonia","archived_source_retained","Content architect","content/knowledge-base/natsionalnye-parki/bosque-petrificado.md + generated Next.js archive redirects"
"parque-nacional-bosques-petrificados","/baza-znaniy/parque-nacional-bosques-petrificados","Неотредактированная импортная карточка объединена с канонической русскоязычной страницей национального парка; исходник и атрибуция сохранены для редакционного архива.","/baza-znaniy/patagonia","archived_source_retained","Content architect","content/knowledge-base/natsionalnye-parki/parque-nacional-bosques-petrificados.md + generated Next.js archive redirects"
"parque-nacional-campos-del-tuyu","/baza-znaniy/parque-nacional-campos-del-tuyu","Неотредактированная импортная карточка объединена с каноническим русскоязычным региональным материалом; исходник и атрибуция сохранены для редакционного архива.","/baza-znaniy/buenos-aires-province","archived_source_retained","Content architect","content/knowledge-base/natsionalnye-parki/parque-nacional-campos-del-tuyu.md + generated Next.js archive redirects"
"parque-nacional-copo","/baza-znaniy/parque-nacional-copo","Неотредактированная импортная карточка объединена с каноническим русскоязычным региональным материалом; исходник и атрибуция сохранены для редакционного архива.","/baza-znaniy/noa","archived_source_retained","Content architect","content/knowledge-base/natsionalnye-parki/parque-nacional-copo.md + generated Next.js archive redirects"
"parque-nacional-el-leoncito","/baza-znaniy/parque-nacional-el-leoncito","Неотредактированная импортная карточка объединена с каноническим русскоязычным региональным материалом; исходник и атрибуция сохранены для редакционного архива.","/baza-znaniy/cuyo","archived_source_retained","Content architect","content/knowledge-base/natsionalnye-parki/parque-nacional-el-leoncito.md + generated Next.js archive redirects"
"parque-nacional-iguazu-patrimonio-de-la-humanidad","/baza-znaniy/parque-nacional-iguazu-patrimonio-de-la-humanidad","Неотредактированная однотемная карточка импорта объединена с каноническим русскоязычным региональным материалом; исходник и атрибуция сохранены для редакционного архива.","/baza-znaniy/litoral","archived_source_retained","Content architect","content/knowledge-base/natsionalnye-parki/parque-nacional-iguazu-patrimonio-de-la-humanidad.md + generated Next.js archive redirects"
"parque-nacional-islas-de-santa-fe","/baza-znaniy/parque-nacional-islas-de-santa-fe","Неотредактированная импортная карточка объединена с каноническим русскоязычным региональным материалом; исходник и атрибуция сохранены для редакционного архива.","/baza-znaniy/litoral","archived_source_retained","Content architect","content/knowledge-base/natsionalnye-parki/parque-nacional-islas-de-santa-fe.md + generated Next.js archive redirects"
"parque-nacional-laguna-blanca","/baza-znaniy/parque-nacional-laguna-blanca","Неотредактированная импортная карточка объединена с каноническим русскоязычным региональным материалом; исходник и атрибуция сохранены для редакционного архива.","/baza-znaniy/patagonia","archived_source_retained","Content architect","content/knowledge-base/natsionalnye-parki/parque-nacional-laguna-blanca.md + generated Next.js archive redirects"
"parque-nacional-los-alerces-patrimonio-de-la-humanidad","/baza-znaniy/parque-nacional-los-alerces-patrimonio-de-la-humanidad","Дублирующая импортная карточка объединена с канонической русскоязычной страницей национального парка; исходник и атрибуция сохранены для редакционного архива.","/baza-znaniy/los-alerces","archived_source_retained","Content architect","content/knowledge-base/natsionalnye-parki/parque-nacional-los-alerces-patrimonio-de-la-humanidad.md + generated Next.js archive redirects"
"parque-nacional-los-cardones","/baza-znaniy/parque-nacional-los-cardones","Импортная карточка INPROTUR дублирует канонический материал los-cardones; запись сохранена для перенаправления старого URL и истории источника.","/baza-znaniy/los-cardones","archived_source_retained","Content architect","content/knowledge-base/natsionalnye-parki/parque-nacional-los-cardones.md + generated Next.js archive redirects"
"parque-nacional-los-glaciares-patrimonio-de-la-humanidad","/baza-znaniy/parque-nacional-los-glaciares-patrimonio-de-la-humanidad","Неотредактированная однотемная карточка импорта объединена с каноническим русскоязычным региональным материалом; исходник и атрибуция сохранены для редакционного архива.","/baza-znaniy/los-glasiares","archived_source_retained","Content architect","content/knowledge-base/natsionalnye-parki/parque-nacional-los-glaciares-patrimonio-de-la-humanidad.md + generated Next.js archive redirects"
"parque-nacional-monte-leon","/baza-znaniy/parque-nacional-monte-leon","Неотредактированная импортная карточка объединена с каноническим русскоязычным региональным материалом; исходник и атрибуция сохранены для редакционного архива.","/baza-znaniy/patagonia","archived_source_retained","Content architect","content/knowledge-base/natsionalnye-parki/parque-nacional-monte-leon.md + generated Next.js archive redirects"
"parque-nacional-rio-pilcomayo","/baza-znaniy/parque-nacional-rio-pilcomayo","Неотредактированная импортная карточка объединена с каноническим русскоязычным региональным материалом; исходник и атрибуция сохранены для редакционного архива.","/baza-znaniy/litoral","archived_source_retained","Content architect","content/knowledge-base/natsionalnye-parki/parque-nacional-rio-pilcomayo.md + generated Next.js archive redirects"
"parque-nacional-san-guillermo","/baza-znaniy/parque-nacional-san-guillermo","Неотредактированная импортная карточка объединена с каноническим русскоязычным региональным материалом; исходник и атрибуция сохранены для редакционного архива.","/baza-znaniy/cuyo","archived_source_retained","Content architect","content/knowledge-base/natsionalnye-parki/parque-nacional-san-guillermo.md + generated Next.js archive redirects"
"parque-nacional-tierra-del-fuego","/baza-znaniy/parque-nacional-tierra-del-fuego","Импортная карточка INPROTUR дублирует канонический материал ognennaya-zemlya; запись сохранена для перенаправления старого URL и истории источника.","/baza-znaniy/ognennaya-zemlya","archived_source_retained","Content architect","content/knowledge-base/natsionalnye-parki/parque-nacional-tierra-del-fuego.md + generated Next.js archive redirects"
"parque-provincial-cordon-del-plata","/baza-znaniy/parque-provincial-cordon-del-plata","Неотредактированная импортная карточка объединена с каноническим русскоязычным региональным материалом; исходник и атрибуция сохранены для редакционного архива.","/baza-znaniy/cuyo","archived_source_retained","Content architect","content/knowledge-base/natsionalnye-parki/parque-provincial-cordon-del-plata.md + generated Next.js archive redirects"
"parque-provincial-ischigualasto","/baza-znaniy/parque-provincial-ischigualasto","Неотредактированная импортная карточка объединена с каноническим русскоязычным региональным материалом; исходник и атрибуция сохранены для редакционного архива.","/baza-znaniy/cuyo","archived_source_retained","Content architect","content/knowledge-base/natsionalnye-parki/parque-provincial-ischigualasto.md + generated Next.js archive redirects"
"sierra-de-las-quijadas","/baza-znaniy/sierra-de-las-quijadas","Неотредактированная импортная карточка объединена с каноническим русскоязычным региональным материалом; исходник и атрибуция сохранены для редакционного архива.","/baza-znaniy/cuyo","archived_source_retained","Content architect","content/knowledge-base/natsionalnye-parki/sierra-de-las-quijadas.md + generated Next.js archive redirects"
"apostil-i-perevod-dokumentov","/baza-znaniy/apostil-i-perevod-dokumentov","Короткая карточка объединена с проверенным руководством по документам, где поддерживается единая процедура подготовки и легализации.","/baza-znaniy/gid-po-dokumentam","archived_source_retained","Content architect","content/knowledge-base/pereezd/apostil-i-perevod-dokumentov.md + generated Next.js archive redirects"
"certificado-de-domicilio","/baza-znaniy/certificado-de-domicilio","Карточка объединена с единым руководством по документам и подтверждению адреса.","/baza-znaniy/gid-po-dokumentam","archived_source_retained","Content architect","content/knowledge-base/pereezd/certificado-de-domicilio.md + generated Next.js archive redirects"
"dni-cuil","/baza-znaniy/dni-cuil","Справка об идентификаторах объединена с единым проверенным руководством по документам для переезда.","/baza-znaniy/gid-po-dokumentam","archived_source_retained","Content architect","content/knowledge-base/pereezd/dni-cuil.md + generated Next.js archive redirects"
"perevoz-veshchey-i-pitomtsev","/baza-znaniy/perevoz-veshchey-i-pitomtsev","Короткий материал о подготовке к переезду объединён с проверенным списком документов; правила перевозки животных нужно сверять с перевозчиком и госорганами.","/baza-znaniy/kakie-dokumenty-vezti-s-soboj","archived_source_retained","Content architect","content/knowledge-base/pereezd/perevoz-veshchey-i-pitomtsev.md + generated Next.js archive redirects"
"pervyj-mesyac-plan","/baza-znaniy/pervyj-mesyac-plan","План первого месяца объединён с проверенным пошаговым путеводителем по переезду.","/baza-znaniy/gid-relokanta","archived_source_retained","Content architect","content/knowledge-base/pereezd/pervyj-mesyac-plan.md + generated Next.js archive redirects"
"plan-podgotovki-6-mesyacev","/baza-znaniy/plan-podgotovki-6-mesyacev","Подготовительный план объединён с проверенным чек-листом переезда.","/baza-znaniy/chek-list-pereezda","archived_source_retained","Content architect","content/knowledge-base/pereezd/plan-podgotovki-6-mesyacev.md + generated Next.js archive redirects"
"priznanie-diploma","/baza-znaniy/priznanie-diploma","Короткий материал о признании диплома объединён с проверенным руководством по документам; процедура зависит от профессии и учреждения.","/baza-znaniy/gid-po-dokumentam","archived_source_retained","Content architect","content/knowledge-base/pereezd/priznanie-diploma.md + generated Next.js archive redirects"
"rabochaya-viza","/baza-znaniy/rabochaya-viza","Карточка основания резиденции объединена с проверенным руководством по выбору статуса.","/baza-znaniy/vnzh-argentina","archived_source_retained","Content architect","content/knowledge-base/pereezd/rabochaya-viza.md + generated Next.js archive redirects"
"raskhozhdeniya-dni-cuit-cuil","/baza-znaniy/raskhozhdeniya-dni-cuit-cuil","Частный сценарий объединён с проверенным руководством по документам и административным обращениям.","/baza-znaniy/gid-po-dokumentam","archived_source_retained","Content architect","content/knowledge-base/pereezd/raskhozhdeniya-dni-cuit-cuil.md + generated Next.js archive redirects"
"soobshestvo-i-adaptaciya","/baza-znaniy/soobshestvo-i-adaptaciya","Короткий обзор адаптации объединён с проверенным пошаговым путеводителем по переезду.","/baza-znaniy/gid-relokanta","archived_source_retained","Content architect","content/knowledge-base/pereezd/soobshestvo-i-adaptaciya.md + generated Next.js archive redirects"
"stoit-li-pereezzhat","/baza-znaniy/stoit-li-pereezzhat","Короткая рамка решения объединена с проверенным сравнительным материалом о переезде.","/baza-znaniy/argentina-vs-drugie-strany","archived_source_retained","Content architect","content/knowledge-base/pereezd/stoit-li-pereezzhat.md + generated Next.js archive redirects"
"viza-cifrovogo-kochevnika","/baza-znaniy/viza-cifrovogo-kochevnika","Короткая карточка статуса объединена с проверенным ответом на ключевой вопрос о цифровом кочевнике.","/baza-znaniy/nuzhna-li-viza-cifrovomu-kochevniku","archived_source_retained","Content architect","content/knowledge-base/pereezd/viza-cifrovogo-kochevnika.md + generated Next.js archive redirects"
"vnzh-po-uchebe","/baza-znaniy/vnzh-po-uchebe","Карточка отдельного основания объединена с проверенным руководством по выбору резиденции.","/baza-znaniy/vnzh-argentina","archived_source_retained","Content architect","content/knowledge-base/pereezd/vnzh-po-uchebe.md + generated Next.js archive redirects"
"vnzh-rantye","/baza-znaniy/vnzh-rantye","Карточка rentista объединена с проверенным ответом о требуемом доходе и условиях основания.","/baza-znaniy/kakoj-dohod-nuzhen-dlya-rantye","archived_source_retained","Content architect","content/knowledge-base/pereezd/vnzh-rantye.md + generated Next.js archive redirects"
"voditelskie-prava","/baza-znaniy/voditelskie-prava","Материал объединён с проверенным ответом о вождении по иностранным правам.","/baza-znaniy/mozhno-li-vodit-po-rossijskim-pravam","archived_source_retained","Content architect","content/knowledge-base/pereezd/voditelskie-prava.md + generated Next.js archive redirects"
"vossoedinenie-semi","/baza-znaniy/vossoedinenie-semi","Карточка отдельного основания объединена с проверенным руководством по выбору резиденции.","/baza-znaniy/vnzh-argentina","archived_source_retained","Content architect","content/knowledge-base/pereezd/vossoedinenie-semi.md + generated Next.js archive redirects"
"pokupki-i-tax-free","/baza-znaniy/pokupki-i-tax-free","Карточка Tax Free объединена с проверенным руководством по деньгам; условия возврата и участники программы регулярно меняются.","/baza-znaniy/gid-po-dengam","archived_source_retained","Content architect","content/knowledge-base/pokupki/pokupki-i-tax-free.md + generated Next.js archive redirects"
"dikaya-priroda","/baza-znaniy/dikaya-priroda","Короткий обзор без достаточных первичных источников снят с публикации; читатель направляется к проверенной природной локации.","/baza-znaniy/patagonia-park","archived_source_retained","Content architect","content/knowledge-base/priroda/dikaya-priroda.md + generated Next.js archive redirects"
"podgotovka-k-poezdke","/baza-znaniy/podgotovka-k-poezdke","Короткий чек-лист объединён с проверенным практическим маршрутом поездки.","/baza-znaniy/gid-puteshestvennika","archived_source_retained","Content architect","content/knowledge-base/puteshestvie/podgotovka-k-poezdke.md + generated Next.js archive redirects"
"certificado-de-legalidad-prav","/baza-znaniy/certificado-de-legalidad-prav","Частный документ для водителя объединён с проверенным руководством по вождению и аренде автомобиля.","/baza-znaniy/arenda-avto-i-vozhdenie","archived_source_retained","Content architect","content/knowledge-base/transport/certificado-de-legalidad-prav.md + generated Next.js archive redirects"
"dokumenty-dlya-poezdki-na-avto","/baza-znaniy/dokumenty-dlya-poezdki-na-avto","Короткий список документов объединён с проверенным руководством по аренде и вождению.","/baza-znaniy/arenda-avto-i-vozhdenie","archived_source_retained","Content architect","content/knowledge-base/transport/dokumenty-dlya-poezdki-na-avto.md + generated Next.js archive redirects"
"istoriya-zheleznyh-dorog","/baza-znaniy/istoriya-zheleznyh-dorog","Историческая карточка объединена с практическим разделом междугороднего транспорта.","/baza-znaniy/mezhgorodnie-avtobusy","archived_source_retained","Content architect","content/knowledge-base/transport/istoriya-zheleznyh-dorog.md + generated Next.js archive redirects"
"kak-dobratsya-iz-rossii","/baza-znaniy/kak-dobratsya-iz-rossii","Краткий обзор перелёта объединён с проверенным материалом о длительности и вариантах маршрута.","/baza-znaniy/skolko-letet-iz-rossii","archived_source_retained","Content architect","content/knowledge-base/transport/kak-dobratsya-iz-rossii.md + generated Next.js archive redirects"
"pochemu-net-pryamyh-reisov","/baza-znaniy/pochemu-net-pryamyh-reisov","Короткое объяснение объединено с проверенным материалом о вариантах и длительности перелёта.","/baza-znaniy/skolko-letet-iz-rossii","archived_source_retained","Content architect","content/knowledge-base/transport/pochemu-net-pryamyh-reisov.md + generated Next.js archive redirects"
"poezda","/baza-znaniy/poezda","Короткий обзор поездов объединён с проверенным разделом междугороднего транспорта; расписания следует проверять у перевозчика.","/baza-znaniy/mezhgorodnie-avtobusy","archived_source_retained","Content architect","content/knowledge-base/transport/poezda.md + generated Next.js archive redirects"
"prava-passazhira-otmena-reisa","/baza-znaniy/prava-passazhira-otmena-reisa","Юридически чувствительная карточка снята с публикации до полной сверки действующих норм; читатель направляется к проверенному материалу об аэропортах и перелётах.","/baza-znaniy/aeroporty","archived_source_retained","Content architect","content/knowledge-base/transport/prava-passazhira-otmena-reisa.md + generated Next.js archive redirects"
"shtrafy-i-scoring","/baza-znaniy/shtrafy-i-scoring","Частная карточка правил дорожного движения объединена с проверенным руководством по вождению.","/baza-znaniy/arenda-avto-i-vozhdenie","archived_source_retained","Content architect","content/knowledge-base/transport/shtrafy-i-scoring.md + generated Next.js archive redirects"
"kemping-i-palatki","/baza-znaniy/kemping-i-palatki","Общий материал о кемпинге объединён с проверенной страницей природной территории; условия ночёвок нужно проверять у конкретного парка.","/baza-znaniy/patagonia-park","archived_source_retained","Content architect","content/knowledge-base/zhile/kemping-i-palatki.md + generated Next.js archive redirects"
