"id","type","url","locale","title","status","author","editor","reviewer","published_at","updated_at","last_fact_checked_at","next_review_at","word_count","hero_media","inline_media_count","source_count","claim_count","internal_links","external_links","search_indexed","canonical","quality_score","action","owner","notes"
"aconcagua-provincial-park","kb_national_park","/baza-znaniy/aconcagua-provincial-park","ru","Провинциальный парк Аконкагуа","published_public","not_recorded","not_recorded","review_required","not_recorded","2026-07-07","2026-07-07","2027-01-03","521","/media/argentina-travel/aconcagua-provincial-park/1625013038104-mendoza___aconcagua__1_.jpg","0","1","6","4","2","yes","yes","100","KEEP","Content editor","publication_gate_clean"
"aep-eze-stykovka","kb_author_tip","/baza-znaniy/aep-eze-stykovka","ru","AEP и EZE — два разных аэропорта Буэнос-Айреса, и тугая стыковка между ними рушит планы","published_public","not_recorded","not_recorded","review_required","not_recorded","2026-06-30","2026-06-30","2026-09-28","210","missing","0","1","0","3","0","yes","yes","100","KEEP","Content editor","publication_gate_clean"
"aeroporty","kb_transport","/baza-znaniy/aeroporty","ru","Аэропорты Аргентины и трансферы в город","published_public","not_recorded","not_recorded","review_required","not_recorded","2026-07-04","2026-07-04","2026-12-31","512","https://upload.wikimedia.org/wikipedia/commons/thumb/c/c5/Aeroparque_Jorge_Newbery_December_2015.JPG/1920px-Aeroparque_Jorge_Newbery_December_2015.JPG","0","2","5","9","2","yes","yes","100","KEEP","Content editor","publication_gate_clean"
"aktualen-li-blue-dollar","kb_faq","/baza-znaniy/aktualen-li-blue-dollar","ru","Актуален ли «блю-доллар» в Аргентине в 2026 году?","quarantined","not_recorded","not_recorded","review_required","not_recorded","2026-06-30","2026-06-30","2026-08-14","95","missing","0","0","0","0","0","no","not_public","0","LEGAL_REVIEW","Fact checker + legal reviewer","missing_sensitive_source;thin_content"
"alero-charcamata","kb_attraction","/baza-znaniy/alero-charcamata","ru","Alero Charcamata","quarantined","not_recorded","not_recorded","review_required","not_recorded","2026-07-07","2026-07-07","2026-10-05","64","/media/argentina-travel/alero-charcamata/1636727478864-2.jpg","0","1","0","0","1","no","not_public","10","DEEP_REWRITE","Content editor","not_publication_ready;non_russian_title;non_russian_summary"
"alersesy-skrytye-ozyora","kb_author_tip","/baza-znaniy/alersesy-skrytye-ozyora","ru","Лос-Алерсес: рыбалка и каяк на тихих озёрах, которые пропускают ради одного дерева","published_public","not_recorded","not_recorded","review_required","not_recorded","2026-06-30","2026-06-30","2026-09-28","147","missing","0","1","0","2","0","yes","yes","100","KEEP","Content editor","publication_gate_clean"
"almacenes-de-ramos-generales-en-la-pampa","kb_attraction","/baza-znaniy/almacenes-de-ramos-generales-en-la-pampa","ru","Старинные универсальные магазины Ла-Пампы","quarantined","not_recorded","not_recorded","review_required","not_recorded","2026-07-07","2026-07-07","2026-10-05","240","/media/argentina-travel/almacenes-de-ramos-generales-en-la-pampa/1624480019276-whatsapp_image_2020_08_25_at_22_13_52__1_.jpg","0","1","5","0","1","no","not_public","40","HUMAN_REVIEW","Russian content editor","machine_translation_marker"
"alumine","kb_attraction","/baza-znaniy/alumine","ru","Aluminé","quarantined","not_recorded","not_recorded","review_required","not_recorded","2026-07-07","2026-07-07","2026-10-05","65","/media/argentina-travel/alumine/1628780529172-neuquen_alumine_pesca_con_mosca_nikon_d3_001.jpg","0","1","0","0","1","no","not_public","10","DEEP_REWRITE","Content editor","not_publication_ready;non_russian_title;non_russian_summary"
"amaicha-del-valle-y-ciudad-sagrada-de-los-quilmes","kb_attraction","/baza-znaniy/amaicha-del-valle-y-ciudad-sagrada-de-los-quilmes","ru","Amaicha del Valle and Sagrada de los Quilmes City","quarantined","not_recorded","not_recorded","review_required","not_recorded","2026-07-07","2026-07-07","2026-08-21","74","/media/argentina-travel/amaicha-del-valle-y-ciudad-sagrada-de-los-quilmes/1623767242450-coplera.jpg","0","1","0","0","1","no","not_public","0","HUMAN_REVIEW","Fact checker + legal reviewer","not_publication_ready;non_russian_title;non_russian_summary"
"andinismo-y-montanismo-en-neuquen","kb_attraction","/baza-znaniy/andinismo-y-montanismo-en-neuquen","ru","Mountaineering in Neuquén","quarantined","not_recorded","not_recorded","review_required","not_recorded","2026-07-07","2026-07-07","2026-10-05","61","/media/argentina-travel/andinismo-y-montanismo-en-neuquen/1628826774542-_mg_6065edit.jpg","0","1","0","0","1","no","not_public","10","DEEP_REWRITE","Content editor","not_publication_ready;non_russian_title;non_russian_summary"
"angastaco","kb_attraction","/baza-znaniy/angastaco","ru","Angastaco","quarantined","not_recorded","not_recorded","review_required","not_recorded","2026-07-07","2026-07-07","2026-10-05","61","/media/argentina-travel/angastaco/1625347456843-angastaco_2.jpg","0","1","0","0","1","no","not_public","10","DEEP_REWRITE","Content editor","not_publication_ready;non_russian_title;non_russian_summary"
"antofagasta-de-la-sierra","kb_attraction","/baza-znaniy/antofagasta-de-la-sierra","ru","Antofagasta de la Sierra","quarantined","not_recorded","not_recorded","review_required","not_recorded","2026-07-07","2026-07-07","2026-10-05","57","/media/argentina-travel/antofagasta-de-la-sierra/1626033976698-mq301083.jpg","0","1","0","0","1","no","not_public","10","DEEP_REWRITE","Content editor","not_publication_ready;non_russian_title;non_russian_summary"
"apostil-i-perevod-dokumentov","kb_guide","/baza-znaniy/apostil-i-perevod-dokumentov","ru","Апостиль и перевод документов для Аргентины","published_public","not_recorded","not_recorded","review_required","not_recorded","2026-07-17","2026-07-17","2026-08-31","235","missing","0","2","0","0","2","yes","yes","100","KEEP","Content editor","publication_gate_clean"
"area-natural-protegida-rio-limay","kb_attraction","/baza-znaniy/area-natural-protegida-rio-limay","ru","Limay River Protected Natural Area","quarantined","not_recorded","not_recorded","review_required","not_recorded","2026-07-07","2026-07-07","2026-10-05","65","/media/argentina-travel/area-natural-protegida-rio-limay/1629169425056-_villatraful_mavik2pro_10.jpg","0","1","0","0","1","no","not_public","10","DEEP_REWRITE","Content editor","not_publication_ready;non_russian_title;non_russian_summary"
"arenda-avto-i-vozhdenie","kb_transport","/baza-znaniy/arenda-avto-i-vozhdenie","ru","Аренда авто и вождение в Аргентине","published_public","not_recorded","not_recorded","review_required","not_recorded","2026-07-04","2026-07-04","2026-12-31","587","https://upload.wikimedia.org/wikipedia/commons/thumb/2/2e/Ruta_Nacional_40_km_1930.jpg/1920px-Ruta_Nacional_40_km_1930.jpg","0","3","5","7","3","yes","yes","100","KEEP","Content editor","publication_gate_clean"
"argentina-10-dney","kb_route","/baza-znaniy/argentina-10-dney","ru","Маршрут по Аргентине на 10 дней","published_public","not_recorded","not_recorded","review_required","not_recorded","2026-07-02","2026-07-02","2026-12-29","688","https://upload.wikimedia.org/wikipedia/commons/thumb/5/54/A_view_of_Iguazu_Falls_from_the_Argentina_side.jpg/1920px-A_view_of_Iguazu_Falls_from_the_Argentina_side.jpg","0","1","0","12","1","yes","yes","100","KEEP","Content editor","publication_gate_clean"
"argentina-2-nedeli","kb_route","/baza-znaniy/argentina-2-nedeli","ru","Маршрут по Аргентине на 2 недели","published_public","not_recorded","not_recorded","review_required","not_recorded","2026-07-01","2026-07-01","2026-12-28","991","https://upload.wikimedia.org/wikipedia/commons/thumb/3/3f/155_-_Glacier_Perito_Moreno_-_Panorama_de_la_partie_nord_-_Janvier_2010.jpg/1920px-155_-_Glacier_Perito_Moreno_-_Panorama_de_la_partie_nord_-_Janvier_2010.jpg","0","1","0","8","1","yes","yes","100","KEEP","Content editor","publication_gate_clean"
"argentina-3-nedeli","kb_route","/baza-znaniy/argentina-3-nedeli","ru","Маршрут по Аргентине на 3 недели","published_public","not_recorded","not_recorded","review_required","not_recorded","2026-07-02","2026-07-02","2026-12-29","764","https://upload.wikimedia.org/wikipedia/commons/thumb/2/26/Cachi-Salta-Argentina.jpg/1920px-Cachi-Salta-Argentina.jpg","0","1","0","18","1","yes","yes","100","KEEP","Content editor","publication_gate_clean"
"argentina-vs-drugie-strany","kb_guide","/baza-znaniy/argentina-vs-drugie-strany","ru","Аргентина или другая страна: честное сравнение для переезда","published_public","not_recorded","not_recorded","review_required","not_recorded","2026-07-17","2026-07-17","2026-08-31","794","missing","0","4","4","13","4","yes","yes","100","KEEP","Content editor","publication_gate_clean"
"arte-urbano-en-buenos-aires","kb_attraction","/baza-znaniy/arte-urbano-en-buenos-aires","ru","Стрит-арт в Буэнос-Айресе","quarantined","not_recorded","not_recorded","review_required","not_recorded","2026-07-07","2026-07-07","2026-10-05","272","/media/argentina-travel/arte-urbano-en-buenos-aires/1623532611080-96_dp73674.jpg","0","1","6","0","1","no","not_public","40","HUMAN_REVIEW","Russian content editor","machine_translation_marker"
"artesania-formosena","kb_attraction","/baza-znaniy/artesania-formosena","ru","Handicrafts in Formosa","quarantined","not_recorded","not_recorded","review_required","not_recorded","2026-07-07","2026-07-07","2026-10-05","61","/media/argentina-travel/artesania-formosena/1655237953579-casa_de_las_artesanias.jpg","0","1","0","0","1","no","not_public","10","DEEP_REWRITE","Content editor","not_publication_ready;non_russian_title;non_russian_summary"
"asado","kb_guide","/baza-znaniy/asado","ru","Асадо: аргентинское барбекю от ритуала до отрубов","published_public","not_recorded","not_recorded","review_required","not_recorded","2026-07-04","2026-07-04","2026-12-31","603","https://upload.wikimedia.org/wikipedia/commons/thumb/c/c7/Asado_argentino_a_la_parrilla_con_chorizos_y_achuras.jpg/1920px-Asado_argentino_a_la_parrilla_con_chorizos_y_achuras.jpg","0","2","5","5","2","yes","yes","100","KEEP","Content editor","publication_gate_clean"
"astroturismo-en-san-juan","kb_attraction","/baza-znaniy/astroturismo-en-san-juan","ru","Astrotourism in San Juan","quarantined","not_recorded","not_recorded","review_required","not_recorded","2026-07-07","2026-07-07","2026-10-05","60","/media/argentina-travel/astroturismo-en-san-juan/1626985314156-sjavistajeestrellasdique_punta_negra_estrellas__1_.jpg","0","1","0","0","1","no","not_public","10","DEEP_REWRITE","Content editor","not_publication_ready;non_russian_title;non_russian_summary"
"autodromo-internacional-de-rio-hondo","kb_attraction","/baza-znaniy/autodromo-internacional-de-rio-hondo","ru","Río Hondo International Racetrack","quarantined","not_recorded","not_recorded","review_required","not_recorded","2026-07-07","2026-07-07","2026-10-05","66","/media/argentina-travel/autodromo-internacional-de-rio-hondo/1623525099402-moto_gp_termas_de_rio_hondo_02.jpg","0","1","0","0","1","no","not_public","10","DEEP_REWRITE","Content editor","not_publication_ready;non_russian_title;non_russian_summary"
"avellaneda","kb_attraction","/baza-znaniy/avellaneda","ru","Avellaneda","quarantined","not_recorded","not_recorded","review_required","not_recorded","2026-07-07","2026-07-07","2026-10-05","57","/media/argentina-travel/avellaneda/1644343741638-avellaneda_fauna_003.jpg","0","1","0","0","1","no","not_public","10","DEEP_REWRITE","Content editor","not_publication_ready;non_russian_title;non_russian_summary"
"aventura-en-la-patagonia-andina","kb_attraction","/baza-znaniy/aventura-en-la-patagonia-andina","ru","Aventura en la Патагония andina","quarantined","not_recorded","not_recorded","review_required","not_recorded","2026-07-07","2026-07-07","2026-10-05","65","/media/argentina-travel/aventura-en-la-patagonia-andina/1624482008010-villa_la_angostura__20_.jpg","0","1","0","0","1","no","not_public","45","DEEP_REWRITE","Content editor","not_publication_ready;non_russian_summary"
"aventura-submarina-en-puerto-madryn","kb_attraction","/baza-znaniy/aventura-submarina-en-puerto-madryn","ru","Submarine adventure in Puerto Madryn","quarantined","not_recorded","not_recorded","review_required","not_recorded","2026-07-07","2026-07-07","2026-10-05","63","/media/argentina-travel/aventura-submarina-en-puerto-madryn/1623874664734-21_gb_img_0805_2.jpg","0","1","0","0","1","no","not_public","10","DEEP_REWRITE","Content editor","not_publication_ready;non_russian_title;non_russian_summary"
"aves-del-chaco","kb_attraction","/baza-znaniy/aves-del-chaco","ru","Birds from Chaco","quarantined","not_recorded","not_recorded","review_required","not_recorded","2026-07-07","2026-07-07","2026-10-05","52","/media/argentina-travel/aves-del-chaco/1644341441095-avistaje_colonia_amadeo_chaco_22.jpg","0","1","0","0","1","no","not_public","0","DEEP_REWRITE","Content editor","not_publication_ready;non_russian_title;non_russian_summary;placeholder_content"
"avistaje-de-aves-en-formosa","kb_attraction","/baza-znaniy/avistaje-de-aves-en-formosa","ru","Bird watching in Formosa","quarantined","not_recorded","not_recorded","review_required","not_recorded","2026-07-07","2026-07-07","2026-10-05","69","/media/argentina-travel/avistaje-de-aves-en-formosa/1624387887917-sirir__vientre_negro__dendrocygna_autumnalis____ba_ado_la_estrella","0","1","0","0","1","no","not_public","0","DEEP_REWRITE","Content editor","not_publication_ready;non_russian_title;non_russian_summary;placeholder_content"
"avistaje-de-aves-en-la-pampa","kb_attraction","/baza-znaniy/avistaje-de-aves-en-la-pampa","ru","Наблюдение за птицами в Ла-Пампа","quarantined","not_recorded","not_recorded","review_required","not_recorded","2026-07-07","2026-07-07","2026-10-05","232","/media/argentina-travel/avistaje-de-aves-en-la-pampa/1624479563413-lapampa_destino2_avistajeaves_19.jpg","0","1","6","0","1","no","not_public","40","HUMAN_REVIEW","Russian content editor","machine_translation_marker"
"avistaje-de-aves-en-santa-cruz","kb_attraction","/baza-znaniy/avistaje-de-aves-en-santa-cruz","ru","Наблюдение за птицами в Санта-Крусе","quarantined","not_recorded","not_recorded","review_required","not_recorded","2026-07-07","2026-07-07","2026-10-05","65","/media/argentina-travel/avistaje-de-aves-en-santa-cruz/1644608596352-dsc_5914__1_.jpg","0","1","0","0","1","no","not_public","80","EXPAND","Content editor","thin_content"
"ba-rajony-realnyj-vybor","kb_author_tip","/baza-znaniy/ba-rajony-realnyj-vybor","ru","«Все едут в Палермо» — не всегда лучший совет туристу или релоканту","published_public","not_recorded","not_recorded","review_required","not_recorded","2026-06-30","2026-06-30","2026-09-28","176","missing","0","1","0","2","0","yes","yes","100","KEEP","Content editor","publication_gate_clean"
"bahia-blanca","kb_city","/baza-znaniy/bahia-blanca","ru","Баия-Бланка","quarantined","not_recorded","not_recorded","review_required","not_recorded","2026-07-06","2026-07-06","2026-10-04","245","missing","0","0","4","2","0","no","not_public","85","LIGHT_EDIT","Media editor","missing_hero"
"banado-la-estrella","kb_national_park","/baza-znaniy/banado-la-estrella","ru","Баньядо-ла-Эстрелья","published_public","not_recorded","not_recorded","review_required","not_recorded","2026-07-02","2026-07-02","2026-12-29","654","https://upload.wikimedia.org/wikipedia/commons/thumb/9/91/Ba%C3%B1ado_La_Estrella.jpg/1920px-Ba%C3%B1ado_La_Estrella.jpg","0","3","5","5","2","yes","yes","100","KEEP","Content editor","publication_gate_clean"
"banki-i-perevody","kb_guide","/baza-znaniy/banki-i-perevody","ru","Перевод денег в Аргентину: безопасная проверка каналов","quarantined","not_recorded","not_recorded","review_required","not_recorded","2026-07-17","2026-07-17","2026-08-31","182","missing","0","3","0","0","3","no","not_public","70","HUMAN_REVIEW","Content editor","not_publication_ready"
"bankovskij-schet","kb_guide","/baza-znaniy/bankovskij-schet","ru","Банковский счёт для мигранта в Аргентине","published_public","not_recorded","not_recorded","review_required","not_recorded","2026-07-17","2026-07-17","2026-08-31","209","missing","0","2","0","0","2","yes","yes","100","KEEP","Content editor","publication_gate_clean"
"bariloche","kb_city","/baza-znaniy/bariloche","ru","Барилоче","published_public","not_recorded","not_recorded","review_required","not_recorded","2026-07-07","2026-07-07","2027-01-03","387","/media/argentina-travel/bariloche/1623694275857-rio_negro___cordillera___018___parque_llao_llao___lago_moreno.jpg","0","1","5","4","3","yes","yes","100","KEEP","Content editor","publication_gate_clean"
"bariloche-tihie-smotrovye","kb_author_tip","/baza-znaniy/bariloche-tihie-smotrovye","ru","Барилоче: смотровые и берега озера Науэль-Уапи в обход толпы у Кампанарио","published_public","not_recorded","not_recorded","review_required","not_recorded","2026-06-30","2026-06-30","2026-09-28","192","missing","0","1","0","3","0","yes","yes","100","KEEP","Content editor","publication_gate_clean"
"barreal","kb_attraction","/baza-znaniy/barreal","ru","Барреаль и Эль-Леонсито","quarantined","not_recorded","not_recorded","review_required","not_recorded","2026-07-06","2026-07-06","2026-10-04","214","missing","0","0","4","4","0","no","not_public","85","LIGHT_EDIT","Media editor","missing_hero"
"bebidas-y-gastronomia-en-cordoba","kb_attraction","/baza-znaniy/bebidas-y-gastronomia-en-cordoba","ru","Food and Drink in Córdoba","quarantined","not_recorded","not_recorded","review_required","not_recorded","2026-07-07","2026-07-07","2026-10-05","54","/media/argentina-travel/bebidas-y-gastronomia-en-cordoba/1624381396861-san_javier_verticales__4_.jpg","0","1","0","0","1","no","not_public","10","DEEP_REWRITE","Content editor","not_publication_ready;non_russian_title;non_russian_summary"
"belen","kb_attraction","/baza-znaniy/belen","ru","Belén","quarantined","not_recorded","not_recorded","review_required","not_recorded","2026-07-07","2026-07-07","2026-10-05","56","/media/argentina-travel/belen/1626722643696-_mg_9079.jpg","0","1","0","0","1","no","not_public","10","DEEP_REWRITE","Content editor","not_publication_ready;non_russian_title;non_russian_summary"
"besplatna-li-medicina-dlya-turista","kb_faq","/baza-znaniy/besplatna-li-medicina-dlya-turista","ru","Бесплатна ли медицина в Аргентине для туриста?","published_public","not_recorded","not_recorded","review_required","not_recorded","2026-07-17","2026-07-17","2026-08-31","122","missing","0","1","0","0","1","yes","yes","100","KEEP","Content editor","publication_gate_clean"
"bezopasno-li-odnoj-zhenshchine","kb_faq","/baza-znaniy/bezopasno-li-odnoj-zhenshchine","ru","Безопасно ли путешествовать по Аргентине одной женщине?","quarantined","not_recorded","not_recorded","review_required","not_recorded","2026-06-30","2026-06-30","2026-08-14","98","missing","0","0","0","0","0","no","not_public","0","LEGAL_REVIEW","Fact checker + legal reviewer","missing_sensitive_source;thin_content"
"bezopasno-li-v-argentine","kb_faq","/baza-znaniy/bezopasno-li-v-argentine","ru","Безопасно ли путешествовать по Аргентине?","quarantined","not_recorded","not_recorded","review_required","not_recorded","2026-06-30","2026-06-30","2026-08-14","99","missing","0","0","0","0","0","no","not_public","0","LEGAL_REVIEW","Fact checker + legal reviewer","missing_sensitive_source;thin_content"
"bezopasnost-argentina","kb_guide","/baza-znaniy/bezopasnost-argentina","ru","Безопасность в Аргентине: реальные риски","published_public","not_recorded","not_recorded","review_required","not_recorded","2026-07-17","2026-07-17","2026-08-31","488","missing","0","4","4","8","4","yes","yes","100","KEEP","Content editor","publication_gate_clean"
"bienal-internacional-de-esculturas-en-resistencia","kb_attraction","/baza-znaniy/bienal-internacional-de-esculturas-en-resistencia","ru","International Sculpture Biennale in Resistencia","quarantined","not_recorded","not_recorded","review_required","not_recorded","2026-07-07","2026-07-07","2026-10-05","67","/media/argentina-travel/bienal-internacional-de-esculturas-en-resistencia/1644329344055-resistencia_escultura_fernando.jpg","0","1","0","0","1","no","not_public","10","DEEP_REWRITE","Content editor","not_publication_ready;non_russian_title;non_russian_summary"
"bodega-submarina-en-las-grutas","kb_attraction","/baza-znaniy/bodega-submarina-en-las-grutas","ru","An underwater winery in Las Grutas","quarantined","not_recorded","not_recorded","review_required","not_recorded","2026-07-07","2026-07-07","2026-10-05","76","/media/argentina-travel/bodega-submarina-en-las-grutas/1625017482689-rio_negro___cordillera___008___parque_nahuel_huapi___cerro_tronado","0","1","0","0","1","no","not_public","10","DEEP_REWRITE","Content editor","not_publication_ready;non_russian_title;non_russian_summary"
"bosque-petrificado","kb_national_park","/baza-znaniy/bosque-petrificado","ru","Национальный парк Окаменевшие леса Харамільо","quarantined","not_recorded","not_recorded","review_required","not_recorded","2026-07-06","2026-07-06","2026-10-04","207","missing","0","1","4","4","0","no","not_public","70","HUMAN_REVIEW","Content editor","not_publication_ready"
"buceo-en-el-golfo-san-matias","kb_attraction","/baza-znaniy/buceo-en-el-golfo-san-matias","ru","Scuba diving at the San Matías Gulf","quarantined","not_recorded","not_recorded","review_required","not_recorded","2026-07-07","2026-07-07","2026-10-05","63","/media/argentina-travel/buceo-en-el-golfo-san-matias/1623856401535-23_gb_img_5290.jpg","0","1","0","0","1","no","not_public","10","DEEP_REWRITE","Content editor","not_publication_ready;non_russian_title;non_russian_summary"
"buceo-en-las-costas-de-ushuaia","kb_attraction","/baza-znaniy/buceo-en-las-costas-de-ushuaia","ru","Дайвинг у берегов Ушуайи","quarantined","not_recorded","not_recorded","review_required","not_recorded","2026-07-07","2026-07-07","2026-10-05","63","/media/argentina-travel/buceo-en-las-costas-de-ushuaia/1637252686235-ac_fz_10.jpg","0","1","0","0","1","no","not_public","80","EXPAND","Content editor","thin_content"
"buenos-aires","kb_city","/baza-znaniy/buenos-aires","ru","Буэнос-Айрес","published_public","not_recorded","not_recorded","review_required","not_recorded","2026-07-01","2026-07-01","2026-12-28","1187","https://upload.wikimedia.org/wikipedia/commons/thumb/a/a3/193_-_Buenos_Aires_-_Puerto_Madero_-_Janvier_2010.jpg/1920px-193_-_Buenos_Aires_-_Puerto_Madero_-_Janvier_2010.jpg","0","3","6","8","3","yes","yes","100","KEEP","Content editor","publication_gate_clean"
"buenos-aires-province","kb_region","/baza-znaniy/buenos-aires-province","ru","Провинция Буэнос-Айрес","published_public","not_recorded","not_recorded","review_required","not_recorded","2026-07-04","2026-07-04","2026-12-31","341","https://upload.wikimedia.org/wikipedia/commons/e/eb/Mar_Del_Plata%2C_Argentina.jpg","0","1","4","7","0","yes","yes","100","KEEP","Content editor","publication_gate_clean"
"buenos-aires-tradicional","kb_attraction","/baza-znaniy/buenos-aires-tradicional","ru","Традиционный Буэнос-Айрес","quarantined","not_recorded","not_recorded","review_required","not_recorded","2026-07-07","2026-07-07","2026-10-05","170","/media/argentina-travel/buenos-aires-tradicional/1621356131714-caba__145__2.jpg","0","1","0","0","1","no","not_public","40","HUMAN_REVIEW","Russian content editor","machine_translation_marker"
"byt-i-zhilyo","kb_guide","/baza-znaniy/byt-i-zhilyo","ru","Быт в Аргентине: квартиры, отопление, коммуналка","published_public","not_recorded","not_recorded","review_required","not_recorded","2026-07-17","2026-07-17","2026-08-31","496","missing","0","2","2","12","2","yes","yes","100","KEEP","Content editor","publication_gate_clean"
"byudzhet-poezdki","kb_guide","/baza-znaniy/byudzhet-poezdki","ru","Бюджет поездки по Аргентине","quarantined","not_recorded","not_recorded","review_required","not_recorded","2026-07-17","2026-07-17","2026-08-31","920","missing","0","4","5","8","2","no","not_public","30","HUMAN_REVIEW","Fact checker + legal reviewer","not_publication_ready"
"caba","kb_region","/baza-znaniy/caba","ru","Буэнос-Айрес (CABA)","published_public","not_recorded","not_recorded","review_required","not_recorded","2026-07-04","2026-07-04","2026-12-31","380","https://upload.wikimedia.org/wikipedia/commons/thumb/a/a3/193_-_Buenos_Aires_-_Puerto_Madero_-_Janvier_2010.jpg/1920px-193_-_Buenos_Aires_-_Puerto_Madero_-_Janvier_2010.jpg","0","1","3","12","0","yes","yes","100","KEEP","Content editor","publication_gate_clean"
"cabalgata-en-el-lago-roca","kb_attraction","/baza-znaniy/cabalgata-en-el-lago-roca","ru","Horseback riding in the Roca lake","quarantined","not_recorded","not_recorded","review_required","not_recorded","2026-07-07","2026-07-07","2026-10-05","66","/media/argentina-travel/cabalgata-en-el-lago-roca/1625063063947-calafate__31_.jpg","0","1","0","0","1","no","not_public","10","DEEP_REWRITE","Content editor","not_publication_ready;non_russian_title;non_russian_summary"
"cabalgata-en-los-molles","kb_attraction","/baza-znaniy/cabalgata-en-los-molles","ru","Horseback riding in Los Molles","quarantined","not_recorded","not_recorded","review_required","not_recorded","2026-07-07","2026-07-07","2026-10-05","60","/media/argentina-travel/cabalgata-en-los-molles/1626728554476-dsc_8724.jpg","0","1","0","0","1","no","not_public","10","DEEP_REWRITE","Content editor","not_publication_ready;non_russian_title;non_russian_summary"
"cabalgatas-en-cerro-belvedere-y-cascada-inacayal","kb_attraction","/baza-znaniy/cabalgatas-en-cerro-belvedere-y-cascada-inacayal","ru","Конные прогулки к Серро-Бельведере и водопаду Инакайаль","quarantined","not_recorded","not_recorded","review_required","not_recorded","2026-07-07","2026-07-07","2026-10-05","65","/media/argentina-travel/cabalgatas-en-cerro-belvedere-y-cascada-inacayal/1625341629211-vla_cabalgata_bosque_2015_efraindavila_com_65.jpg","0","1","0","0","1","no","not_public","80","EXPAND","Content editor","thin_content"
"cabalgatas-en-la-estepa-de-bariloche","kb_attraction","/baza-znaniy/cabalgatas-en-la-estepa-de-bariloche","ru","Конные прогулки по степям Барилоче","quarantined","not_recorded","not_recorded","review_required","not_recorded","2026-07-07","2026-07-07","2026-10-05","26","/media/argentina-travel/cabalgatas-en-la-estepa-de-bariloche/1625325372953-rio_negro___estepa___017___paisaje___los_menucos___luna_llena.jpg","0","1","0","0","1","no","not_public","80","EXPAND","Content editor","thin_content"
"cabalgatas-en-las-sierras-bonaerenses","kb_attraction","/baza-znaniy/cabalgatas-en-las-sierras-bonaerenses","ru","Конные прогулки в сьеррах провинции Буэнос-Айрес","quarantined","not_recorded","not_recorded","review_required","not_recorded","2026-07-07","2026-07-07","2026-10-05","67","/media/argentina-travel/cabalgatas-en-las-sierras-bonaerenses/1625341227001-buenos_aires_tandil_cabalgata_sonya9_a_908222.jpg","0","1","0","0","1","no","not_public","80","EXPAND","Content editor","thin_content"
"cabalgatas-en-tafi-del-valle","kb_attraction","/baza-znaniy/cabalgatas-en-tafi-del-valle","ru","Horseback riding in Tafí del Valle","quarantined","not_recorded","not_recorded","review_required","not_recorded","2026-07-07","2026-07-07","2026-10-05","56","/media/argentina-travel/cabalgatas-en-tafi-del-valle/1621340804939-img_0362.jpg","0","1","0","0","1","no","not_public","10","DEEP_REWRITE","Content editor","not_publication_ready;non_russian_title;non_russian_summary"
"cabalgatas-en-valle-chico","kb_attraction","/baza-znaniy/cabalgatas-en-valle-chico","ru","Horseback riding in Valle Chico","quarantined","not_recorded","not_recorded","review_required","not_recorded","2026-07-07","2026-07-07","2026-10-05","64","/media/argentina-travel/cabalgatas-en-valle-chico/1625340806743-la_trochita_esquel_5__prensa_esquel_.jpg","0","1","0","0","1","no","not_public","10","DEEP_REWRITE","Content editor","not_publication_ready;non_russian_title;non_russian_summary"
"cachi","kb_attraction","/baza-znaniy/cachi","ru","Cachi","quarantined","not_recorded","not_recorded","review_required","not_recorded","2026-07-07","2026-07-07","2026-10-05","61","/media/argentina-travel/cachi/1625343815770-salta__125_.jpg","0","1","0","0","1","no","not_public","10","DEEP_REWRITE","Content editor","not_publication_ready;non_russian_title;non_russian_summary"
"cafayate","kb_city","/baza-znaniy/cafayate","ru","Кафайяте","published_public","not_recorded","not_recorded","review_required","not_recorded","2026-07-07","2026-07-07","2027-01-03","322","/media/argentina-travel/cafayate/1621346641103-sin_t_tulo_4.jpg","0","1","5","3","1","yes","yes","100","KEEP","Content editor","publication_gate_clean"
"camino-de-la-costa","kb_attraction","/baza-znaniy/camino-de-la-costa","ru","shore road","quarantined","not_recorded","not_recorded","review_required","not_recorded","2026-07-07","2026-07-07","2026-10-05","67","/media/argentina-travel/camino-de-la-costa/1644526663597-dsc_4491.jpg","0","1","0","0","1","no","not_public","10","DEEP_REWRITE","Content editor","not_publication_ready;non_russian_title;non_russian_summary"
"caminos-de-la-fe-san-juan","kb_attraction","/baza-znaniy/caminos-de-la-fe-san-juan","ru","Paths of faith, San Juan","quarantined","not_recorded","not_recorded","review_required","not_recorded","2026-07-07","2026-07-07","2026-10-05","64","/media/argentina-travel/caminos-de-la-fe-san-juan/1626984711033-46__buenos_aires__virgen_luj_n_y_madre_hombres__fel.jpg","0","1","0","0","1","no","not_public","10","DEEP_REWRITE","Content editor","not_publication_ready;non_russian_title;non_russian_summary"
"campo-del-cielo","kb_attraction","/baza-znaniy/campo-del-cielo","ru","Campo del Cielo","quarantined","not_recorded","not_recorded","review_required","not_recorded","2026-07-07","2026-07-07","2026-10-05","59","/media/argentina-travel/campo-del-cielo/1644336194254-campo_del_cielo_meteorito_chaco_2.jpg","0","1","0","0","1","no","not_public","10","DEEP_REWRITE","Content editor","not_publication_ready;non_russian_title;non_russian_summary"
"campo-del-cielo-y-saenz-pena","kb_attraction","/baza-znaniy/campo-del-cielo-y-saenz-pena","ru","Field of the Sky [Campo del Cielo] and Sáenz Peña","quarantined","not_recorded","not_recorded","review_required","not_recorded","2026-07-07","2026-07-07","2026-10-05","64","/media/argentina-travel/campo-del-cielo-y-saenz-pena/1624386867884-parque_provincial_campo_del_cielo_centro_de_interpretacion.jpg","0","1","0","0","1","no","not_public","10","DEEP_REWRITE","Content editor","not_publication_ready;non_russian_title;non_russian_summary"
"canon-del-atuel","kb_attraction","/baza-znaniy/canon-del-atuel","ru","Каньон Атуэль","quarantined","not_recorded","not_recorded","review_required","not_recorded","2026-07-07","2026-07-07","2026-10-05","62","/media/argentina-travel/canon-del-atuel/1656646627734-ca_on_del_atuel.jpg","0","1","0","0","1","no","not_public","80","EXPAND","Content editor","thin_content"
"capilla-del-monte","kb_attraction","/baza-znaniy/capilla-del-monte","ru","Capilla del Monte","quarantined","not_recorded","not_recorded","review_required","not_recorded","2026-07-07","2026-07-07","2026-10-05","62","/media/argentina-travel/capilla-del-monte/1649775614944-capilla_del_monte_4.jpg","0","1","0","0","1","no","not_public","10","DEEP_REWRITE","Content editor","not_publication_ready;non_russian_title;non_russian_summary"
"carcarana","kb_attraction","/baza-znaniy/carcarana","ru","Carcarañá","quarantined","not_recorded","not_recorded","review_required","not_recorded","2026-07-07","2026-07-07","2026-10-05","59","/media/argentina-travel/carcarana/1644342443360-foto_61_carcara____parque_sarmiento_.jpg","0","1","0","0","1","no","not_public","10","DEEP_REWRITE","Content editor","not_publication_ready;non_russian_title;non_russian_summary"
"carmen-del-sauce","kb_attraction","/baza-znaniy/carmen-del-sauce","ru","Carmen del Sauce","quarantined","not_recorded","not_recorded","review_required","not_recorded","2026-07-07","2026-07-07","2026-10-05","62","/media/argentina-travel/carmen-del-sauce/1644342110677-carmen_del_sauce__3_.jpg","0","1","0","0","1","no","not_public","10","DEEP_REWRITE","Content editor","not_publication_ready;non_russian_title;non_russian_summary"
"carnaval-de-humahuaca","kb_attraction","/baza-znaniy/carnaval-de-humahuaca","ru","Humahuaca Carnival","quarantined","not_recorded","not_recorded","review_required","not_recorded","2026-07-07","2026-07-07","2026-10-05","61","/media/argentina-travel/carnaval-de-humahuaca/1623971860901-carnaval_jujuy.jpg","0","1","0","0","1","no","not_public","10","DEEP_REWRITE","Content editor","not_publication_ready;non_russian_title;non_russian_summary"
"carnaval-en-corrientes","kb_attraction","/baza-znaniy/carnaval-en-corrientes","ru","Carnival in Corrientes","quarantined","not_recorded","not_recorded","review_required","not_recorded","2026-07-07","2026-07-07","2026-10-05","64","/media/argentina-travel/carnaval-en-corrientes/1624391303451-_saa4028.jpg","0","1","0","0","1","no","not_public","10","DEEP_REWRITE","Content editor","not_publication_ready;non_russian_title;non_russian_summary"
"casa-de-san-martin-en-yapeyu","kb_attraction","/baza-znaniy/casa-de-san-martin-en-yapeyu","ru","San Martin’s home in Yapeyú","quarantined","not_recorded","not_recorded","review_required","not_recorded","2026-07-07","2026-07-07","2026-10-05","65","/media/argentina-travel/casa-de-san-martin-en-yapeyu/1643223031628-yapey____museo_san_martiniano___turismo_hist_rico___nikond7000dsc_","0","1","0","0","1","no","not_public","10","DEEP_REWRITE","Content editor","not_publication_ready;non_russian_title;non_russian_summary"
"casa-historica-tucuman","kb_attraction","/baza-znaniy/casa-historica-tucuman","ru","Каса-Историка-де-ла-Индепенденсия","published_public","not_recorded","not_recorded","review_required","not_recorded","2026-07-02","2026-07-02","2026-12-29","462","https://upload.wikimedia.org/wikipedia/commons/thumb/6/63/Casa_Hist%C3%B3rica_de_la_Independencia_%E2%80%A2_Casa_de_Tucum%C3%A1n.jpg/1600px-Casa_Hist%C3%B3rica_de_la_Independencia_%E2%80%A2_Casa_de_Tucum%C3%A1n.jpg","0","4","6","4","4","yes","yes","100","KEEP","Content editor","publication_gate_clean"
"cascada-chachin","kb_attraction","/baza-znaniy/cascada-chachin","ru","Водопад Чачин","quarantined","not_recorded","not_recorded","review_required","not_recorded","2026-07-07","2026-07-07","2026-10-05","76","/media/argentina-travel/cascada-chachin/1656707726938-cascada_chach_n__.jpg","0","1","0","0","1","no","not_public","50","EXPAND","Content editor","not_publication_ready;thin_content"
"cascada-del-rio-noque","kb_attraction","/baza-znaniy/cascada-del-rio-noque","ru","Водопад на реке Ноке","quarantined","not_recorded","not_recorded","review_required","not_recorded","2026-07-07","2026-07-07","2026-10-05","70","/media/argentina-travel/cascada-del-rio-noque/1625575933977-058.jpg","0","1","0","0","1","no","not_public","50","EXPAND","Content editor","not_publication_ready;thin_content"
"cascada-nivinco-y-pichi-traful","kb_attraction","/baza-znaniy/cascada-nivinco-y-pichi-traful","ru","Водопады Нивинко и Пичи-Трафуль","quarantined","not_recorded","not_recorded","review_required","not_recorded","2026-07-07","2026-07-07","2026-10-05","62","/media/argentina-travel/cascada-nivinco-y-pichi-traful/1656867526711-_ivinco__.jpg","0","1","0","0","1","no","not_public","80","EXPAND","Content editor","thin_content"
"cascadas-santa-ana-y-dora","kb_attraction","/baza-znaniy/cascadas-santa-ana-y-dora","ru","Водопады Санта-Ана и Дора","quarantined","not_recorded","not_recorded","review_required","not_recorded","2026-07-07","2026-07-07","2026-10-05","71","/media/argentina-travel/cascadas-santa-ana-y-dora/1656868584505-cascada_santa_ana.jpg","0","1","0","0","1","no","not_public","50","EXPAND","Content editor","not_publication_ready;thin_content"
"catamaran-en-el-rio-parana","kb_attraction","/baza-znaniy/catamaran-en-el-rio-parana","ru","Catamaran on the Paraná river","quarantined","not_recorded","not_recorded","review_required","not_recorded","2026-07-07","2026-07-07","2026-10-05","68","/media/argentina-travel/catamaran-en-el-rio-parana/1649772586708-santa_fe__26_.jpg","0","1","0","0","1","no","not_public","10","DEEP_REWRITE","Content editor","not_publication_ready;non_russian_title;non_russian_summary"
"catamaran-en-la-triple-frontera","kb_attraction","/baza-znaniy/catamaran-en-la-triple-frontera","ru","Катамаран у Тройной границы","quarantined","not_recorded","not_recorded","review_required","not_recorded","2026-07-07","2026-07-07","2026-10-05","63","/media/argentina-travel/catamaran-en-la-triple-frontera/1638473357151-copia_de_cruceros_iguaz___2_.jpg","0","1","0","0","1","no","not_public","80","EXPAND","Content editor","thin_content"
"catamarca","kb_city","/baza-znaniy/catamarca","ru","Катамарка","published_public","not_recorded","not_recorded","review_required","not_recorded","2026-07-02","2026-07-02","2026-12-29","453","https://upload.wikimedia.org/wikipedia/commons/thumb/7/7b/San_Fernando_del_Valle_de_Catamarca_%281%29.jpg/1920px-San_Fernando_del_Valle_de_Catamarca_%281%29.jpg","0","3","7","3","3","yes","yes","100","KEEP","Content editor","publication_gate_clean"
"caucete-san-juan","kb_attraction","/baza-znaniy/caucete-san-juan","ru","Caucete, San Juan","quarantined","not_recorded","not_recorded","review_required","not_recorded","2026-07-07","2026-07-07","2026-08-21","62","/media/argentina-travel/caucete-san-juan/1626729970779-sjischigualastodji_0063.jpg","0","1","0","0","1","no","not_public","0","HUMAN_REVIEW","Fact checker + legal reviewer","not_publication_ready;non_russian_title;non_russian_summary"
"caviahue-copahue","kb_attraction","/baza-znaniy/caviahue-copahue","ru","Кавиауэ и Копауэ","quarantined","not_recorded","not_recorded","review_required","not_recorded","2026-07-07","2026-07-07","2026-10-05","60","/media/argentina-travel/caviahue-copahue/1628523445122-escuela_de_ski___junior_1_.jpg","0","1","0","0","1","no","not_public","80","EXPAND","Content editor","thin_content"
"centro-de-esqui-la-hoya","kb_attraction","/baza-znaniy/centro-de-esqui-la-hoya","ru","La Hoya ski resort","quarantined","not_recorded","not_recorded","review_required","not_recorded","2026-07-07","2026-07-07","2026-10-05","65","/media/argentina-travel/centro-de-esqui-la-hoya/1629170473560-8180867793_79fe081ac7_o__1_.jpg","0","1","0","0","1","no","not_public","10","DEEP_REWRITE","Content editor","not_publication_ready;non_russian_title;non_russian_summary"
"centro-termal-bernardo-larroude","kb_attraction","/baza-znaniy/centro-termal-bernardo-larroude","ru","Bernardo Larroudé Hot Spring Center","quarantined","not_recorded","not_recorded","review_required","not_recorded","2026-07-07","2026-07-07","2026-10-05","67","/media/argentina-travel/centro-termal-bernardo-larroude/1628170965171-piletas_termas_larroude.jpg","0","1","0","0","1","no","not_public","10","DEEP_REWRITE","Content editor","not_publication_ready;non_russian_title;non_russian_summary"
"centros-de-esqui-en-neuquen","kb_attraction","/baza-znaniy/centros-de-esqui-en-neuquen","ru","Ski resorts in Neuquén","quarantined","not_recorded","not_recorded","review_required","not_recorded","2026-07-07","2026-07-07","2026-10-05","62","/media/argentina-travel/centros-de-esqui-en-neuquen/1628788390278-20200802_133553.jpg","0","1","0","0","1","no","not_public","10","DEEP_REWRITE","Content editor","not_publication_ready;non_russian_title;non_russian_summary"
"cerro-castor","kb_attraction","/baza-znaniy/cerro-castor","ru","Серро-Кастор","quarantined","not_recorded","not_recorded","review_required","not_recorded","2026-07-07","2026-07-07","2026-10-05","69","/media/argentina-travel/cerro-castor/1630678829231-clases_de_esqui__01_ph__fotiar.jpg","0","1","0","0","1","no","not_public","50","EXPAND","Content editor","not_publication_ready;thin_content"
"cerro-mercedario-y-grandes-cumbres-de-san-juan","kb_attraction","/baza-znaniy/cerro-mercedario-y-grandes-cumbres-de-san-juan","ru","Серро-Меркедарио и большие вершины Сан-Хуана","quarantined","not_recorded","not_recorded","review_required","not_recorded","2026-07-07","2026-07-07","2026-10-05","79","/media/argentina-travel/cerro-mercedario-y-grandes-cumbres-de-san-juan/1623976880369-valle_pintado.jpg","0","1","0","0","1","no","not_public","50","EXPAND","Content editor","not_publication_ready;thin_content"
"cerro-tronador","kb_attraction","/baza-znaniy/cerro-tronador","ru","Серро-Тронадор","quarantined","not_recorded","not_recorded","review_required","not_recorded","2026-07-07","2026-07-07","2026-10-05","79","/media/argentina-travel/cerro-tronador/1625017885020-rio_negro___cordillera___024___parque_nahuel_huapi___cerro_tronado","0","1","0","0","1","no","not_public","50","EXPAND","Content editor","not_publication_ready;thin_content"
"cerros-catedral-y-perito-moreno","kb_attraction","/baza-znaniy/cerros-catedral-y-perito-moreno","ru","Горнолыжные центры Серро-Катедраль и Серро-Перито-Морено","quarantined","not_recorded","not_recorded","review_required","not_recorded","2026-07-07","2026-07-07","2026-10-05","25","/media/argentina-travel/cerros-catedral-y-perito-moreno/1629244258396-8180867793_79fe081ac7_o__1_.jpg","0","1","0","0","1","no","not_public","80","EXPAND","Content editor","thin_content"
"certificado-de-domicilio","kb_guide","/baza-znaniy/certificado-de-domicilio","ru","Как подтвердить адрес в Аргентине","published_public","not_recorded","not_recorded","review_required","not_recorded","2026-07-17","2026-07-17","2026-08-31","169","missing","0","2","0","0","2","yes","yes","100","KEEP","Content editor","publication_gate_clean"
"certificado-de-legalidad-prav","kb_guide","/baza-znaniy/certificado-de-legalidad-prav","ru","Certificado de legalidad водительских прав: что это и зачем","published_public","not_recorded","not_recorded","review_required","not_recorded","2026-07-17","2026-07-17","2026-08-31","295","missing","0","3","0","0","3","yes","yes","100","KEEP","Content editor","publication_gate_clean"
"chek-list-pereezda","kb_guide","/baza-znaniy/chek-list-pereezda","ru","Чек-лист переезда в Аргентину: по этапам","published_public","not_recorded","not_recorded","review_required","not_recorded","2026-07-17","2026-07-17","2026-08-31","649","missing","0","3","0","28","3","yes","yes","100","KEEP","Content editor","publication_gate_clean"
"cholila","kb_attraction","/baza-znaniy/cholila","ru","Cholila","quarantined","not_recorded","not_recorded","review_required","not_recorded","2026-07-07","2026-07-07","2026-10-05","58","/media/argentina-travel/cholila/1629424971745-villa_lago_rivadavia_2.jpg","0","1","0","0","1","no","not_public","10","DEEP_REWRITE","Content editor","not_publication_ready;non_russian_title;non_russian_summary"
"chto-delat-krome-dostoprimechatelnostej","kb_faq","/baza-znaniy/chto-delat-krome-dostoprimechatelnostej","ru","Что делать в Буэнос-Айресе / Мендосе / Патагонии, кроме галочных достопримечательностей?","quarantined","not_recorded","not_recorded","review_required","not_recorded","2026-07-05","2026-07-05","2027-01-01","253","missing","0","0","0","11","0","no","not_public","70","HUMAN_REVIEW","Content editor","not_publication_ready"
"chto-est-vegetariancu","kb_faq","/baza-znaniy/chto-est-vegetariancu","ru","Что есть вегетарианцу или вегану в «мясной» Аргентине?","quarantined","not_recorded","not_recorded","review_required","not_recorded","2026-07-05","2026-07-05","2027-01-01","172","missing","0","0","0","2","0","no","not_public","70","HUMAN_REVIEW","Content editor","not_publication_ready"
"chto-stoit-deneg-prioritety","kb_guide","/baza-znaniy/chto-stoit-deneg-prioritety","ru","Что реально стоит ваших денег и дней: приоритеты по Аргентине","quarantined","not_recorded","not_recorded","review_required","not_recorded","2026-07-05","2026-07-05","2026-10-03","856","missing","0","1","5","36","0","no","not_public","70","HUMAN_REVIEW","Content editor","not_publication_ready"
"chto-takoe-dni-i-cuil","kb_faq","/baza-znaniy/chto-takoe-dni-i-cuil","ru","Что такое DNI, CUIL и CUIT в Аргентине и зачем они нужны?","quarantined","not_recorded","not_recorded","review_required","not_recorded","2026-06-30","2026-06-30","2026-08-14","115","missing","0","0","0","0","0","no","not_public","0","LEGAL_REVIEW","Fact checker + legal reviewer","missing_sensitive_source;thin_content"
"chto-takoe-mep","kb_faq","/baza-znaniy/chto-takoe-mep","ru","Что такое MEP в Аргентине и зачем он нужен?","quarantined","not_recorded","not_recorded","review_required","not_recorded","2026-06-30","2026-06-30","2026-08-14","94","missing","0","0","0","0","0","no","not_public","0","LEGAL_REVIEW","Fact checker + legal reviewer","missing_sensitive_source;thin_content"
"chto-takoe-prekariya","kb_faq","/baza-znaniy/chto-takoe-prekariya","ru","Что такое прекария (Residencia Precaria) в Аргентине и что она даёт?","published_public","not_recorded","not_recorded","review_required","not_recorded","2026-07-17","2026-07-17","2026-08-31","139","missing","0","2","0","0","2","yes","yes","100","KEEP","Content editor","publication_gate_clean"
"chto-takoe-sube","kb_faq","/baza-znaniy/chto-takoe-sube","ru","Что такое карта SUBE и нужна ли она туристу?","published_public","not_recorded","not_recorded","review_required","not_recorded","2026-07-17","2026-07-17","2027-01-13","131","missing","0","1","0","0","1","yes","yes","100","KEEP","Content editor","publication_gate_clean"
"circuito-callejero-de-potrero-de-los-funes","kb_attraction","/baza-znaniy/circuito-callejero-de-potrero-de-los-funes","ru","Street circuit in Potrero de los Funes","quarantined","not_recorded","not_recorded","review_required","not_recorded","2026-07-07","2026-07-07","2026-08-21","68","/media/argentina-travel/circuito-callejero-de-potrero-de-los-funes/1624374970624-sanluis_potrerodelosfunes_1_14_10.jpg","0","1","0","0","1","no","not_public","0","HUMAN_REVIEW","Fact checker + legal reviewer","not_publication_ready;non_russian_title;non_russian_summary"
"circuito-cultural-en-formosa","kb_attraction","/baza-znaniy/circuito-cultural-en-formosa","ru","Cultural circuit in Formosa","quarantined","not_recorded","not_recorded","review_required","not_recorded","2026-07-07","2026-07-07","2026-08-21","59","/media/argentina-travel/circuito-cultural-en-formosa/1655238421951-vieja_estaci_n_formosa_2.jpg","0","1","0","0","1","no","not_public","0","HUMAN_REVIEW","Fact checker + legal reviewer","not_publication_ready;non_russian_title;non_russian_summary"
"circuito-de-cervecerias-en-rosario","kb_attraction","/baza-znaniy/circuito-de-cervecerias-en-rosario","ru","Brewers’ circuit in Rosario","quarantined","not_recorded","not_recorded","review_required","not_recorded","2026-07-07","2026-07-07","2026-08-21","64","/media/argentina-travel/circuito-de-cervecerias-en-rosario/1644524630545-34553454_1935441639852536_6786346471424786432_o__1_.jpg","0","1","0","0","1","no","not_public","0","HUMAN_REVIEW","Fact checker + legal reviewer","not_publication_ready;non_russian_title;non_russian_summary"
"circuito-gastronomico-en-el-rio-parana","kb_attraction","/baza-znaniy/circuito-gastronomico-en-el-rio-parana","ru","Food circuit on the Paraná river","quarantined","not_recorded","not_recorded","review_required","not_recorded","2026-07-07","2026-07-07","2026-08-21","61","/media/argentina-travel/circuito-gastronomico-en-el-rio-parana/1649771181650-doppio_zero_021.jpg","0","1","0","0","1","no","not_public","0","HUMAN_REVIEW","Fact checker + legal reviewer","not_publication_ready;non_russian_title;non_russian_summary"
"ciudad-de-corrientes","kb_attraction","/baza-znaniy/ciudad-de-corrientes","ru","Коррьентес","quarantined","not_recorded","not_recorded","review_required","not_recorded","2026-07-07","2026-07-07","2026-10-05","49","/media/argentina-travel/ciudad-de-corrientes/1656527667186-corrientes___playas___ciudad_de_corrientes___nikond7000dsc_9101.jp","0","1","0","0","1","no","not_public","80","EXPAND","Content editor","thin_content"
"ciudad-de-formosa","kb_attraction","/baza-znaniy/ciudad-de-formosa","ru","Город Формоса","quarantined","not_recorded","not_recorded","review_required","not_recorded","2026-07-07","2026-07-07","2026-10-05","75","/media/argentina-travel/ciudad-de-formosa/1653928127759-fotos_en_cartel_formosa_laguna_oca.jpg","0","1","0","0","1","no","not_public","50","EXPAND","Content editor","not_publication_ready;thin_content"
"ciudad-de-salta","kb_attraction","/baza-znaniy/ciudad-de-salta","ru","Сальта","quarantined","not_recorded","not_recorded","review_required","not_recorded","2026-07-07","2026-07-07","2026-10-05","57","/media/argentina-travel/ciudad-de-salta/1625343371861-sin_t_tulo_52.jpg","0","1","0","0","1","no","not_public","50","HUMAN_REVIEW","Content architect","not_publication_ready;thin_content"
"ciudad-de-san-juan","kb_attraction","/baza-znaniy/ciudad-de-san-juan","ru","Город Сан-Хуан","quarantined","not_recorded","not_recorded","review_required","not_recorded","2026-07-07","2026-07-07","2026-10-05","77","/media/argentina-travel/ciudad-de-san-juan/1626729071588-estadio_san_juan_del_bicentenario_03.jpg","0","1","0","0","1","no","not_public","50","EXPAND","Content editor","not_publication_ready;thin_content"
"ciudad-de-santa-fe","kb_attraction","/baza-znaniy/ciudad-de-santa-fe","ru","Город Санта-Фе","quarantined","not_recorded","not_recorded","review_required","not_recorded","2026-07-07","2026-07-07","2026-10-05","75","/media/argentina-travel/ciudad-de-santa-fe/1644341841275-santa_fe_rosario_costa_en_lancha_3.jpg","0","1","0","0","1","no","not_public","50","EXPAND","Content editor","not_publication_ready;thin_content"
"clorinda","kb_attraction","/baza-znaniy/clorinda","ru","Clorinda","quarantined","not_recorded","not_recorded","review_required","not_recorded","2026-07-07","2026-07-07","2026-10-05","59","/media/argentina-travel/clorinda/1654094547540-clorinda.jpg","0","1","0","0","1","no","not_public","10","DEEP_REWRITE","Content editor","not_publication_ready;non_russian_title;non_russian_summary"
"colon","kb_attraction","/baza-znaniy/colon","ru","Colón","quarantined","not_recorded","not_recorded","review_required","not_recorded","2026-07-07","2026-07-07","2026-10-05","63","/media/argentina-travel/colon/1638476298016-5_colon_aurora_del_palmar_horizontal__1__alta.jpg","0","1","0","0","1","no","not_public","10","DEEP_REWRITE","Content editor","not_publication_ready;non_russian_title;non_russian_summary"
"colon-entre-rios","kb_city","/baza-znaniy/colon-entre-rios","ru","Колон","quarantined","not_recorded","not_recorded","review_required","not_recorded","2026-07-06","2026-07-06","2026-10-04","342","missing","0","0","4","3","1","no","not_public","85","LIGHT_EDIT","Media editor","missing_hero"
"colonia-carlos-pellegrini","kb_attraction","/baza-znaniy/colonia-carlos-pellegrini","ru","Колония-Карлос-Пеллегрини","quarantined","not_recorded","not_recorded","review_required","not_recorded","2026-07-07","2026-07-07","2026-10-05","74","/media/argentina-travel/colonia-carlos-pellegrini/1643143591818-dsc_3543b.jpg","0","1","0","0","1","no","not_public","30","DEEP_REWRITE","Content editor","not_publication_ready;mixed_script_word;thin_content"
"colonia-menonita-en-la-pampa","kb_attraction","/baza-znaniy/colonia-menonita-en-la-pampa","ru","Менонитская колония в Ла-Пампе","quarantined","not_recorded","not_recorded","review_required","not_recorded","2026-07-07","2026-07-07","2026-10-05","58","/media/argentina-travel/colonia-menonita-en-la-pampa/1624480474920-menonitas_02.jpg","0","1","0","0","1","no","not_public","80","EXPAND","Content editor","thin_content"
"colonia-suiza","kb_attraction","/baza-znaniy/colonia-suiza","ru","Колония-Суиса","quarantined","not_recorded","not_recorded","review_required","not_recorded","2026-07-07","2026-07-07","2026-10-05","78","/media/argentina-travel/colonia-suiza/1629169138407-rio_negro___cordillera___016___hoteleria_gastronomia___cocktails__","0","1","0","0","1","no","not_public","50","EXPAND","Content editor","not_publication_ready;thin_content"
"colonias-judias-en-santa-fe","kb_attraction","/baza-znaniy/colonias-judias-en-santa-fe","ru","Еврейские колонии в Санта-Фе","quarantined","not_recorded","not_recorded","review_required","not_recorded","2026-07-07","2026-07-07","2026-10-05","82","/media/argentina-travel/colonias-judias-en-santa-fe/1649773401655-sinagoga_bar_n_hirsch.jpg","0","1","0","0","1","no","not_public","50","EXPAND","Content editor","not_publication_ready;thin_content"
"comandante-luis-piedrabuena","kb_attraction","/baza-znaniy/comandante-luis-piedrabuena","ru","Comandante Luis Piedrabuena","quarantined","not_recorded","not_recorded","review_required","not_recorded","2026-07-07","2026-07-07","2026-10-05","60","/media/argentina-travel/comandante-luis-piedrabuena/1640111894148-piedra_buena_foto_j__zakelj_93.jpg","0","1","0","0","1","no","not_public","10","DEEP_REWRITE","Content editor","not_publication_ready;non_russian_title;non_russian_summary"
"comarca-andina-del-paralelo-42","kb_attraction","/baza-znaniy/comarca-andina-del-paralelo-42","ru","Comarca Andina del Paralelo 42","quarantined","not_recorded","not_recorded","review_required","not_recorded","2026-07-07","2026-07-07","2026-10-05","62","/media/argentina-travel/comarca-andina-del-paralelo-42/1624483130699-estupa_2__epuyen.jpg","0","1","0","0","1","no","not_public","10","DEEP_REWRITE","Content editor","not_publication_ready;non_russian_title;non_russian_summary"
"cordero-patagonico","kb_attraction","/baza-znaniy/cordero-patagonico","ru","Патагонский ягненок","quarantined","not_recorded","not_recorded","review_required","not_recorded","2026-07-07","2026-07-07","2026-10-05","164","/media/argentina-travel/cordero-patagonico/1624478590647-_mg_4092web.jpg","0","1","0","0","1","no","not_public","40","HUMAN_REVIEW","Russian content editor","machine_translation_marker"
"cordoba-de-las-campanas","kb_attraction","/baza-znaniy/cordoba-de-las-campanas","ru","Córdoba with Bells","quarantined","not_recorded","not_recorded","review_required","not_recorded","2026-07-07","2026-07-07","2026-10-05","61","/media/argentina-travel/cordoba-de-las-campanas/1656700926864-cordoba_capital_horizontales__8___1_.jpg","0","1","0","0","1","no","not_public","10","DEEP_REWRITE","Content editor","not_publication_ready;non_russian_title;non_russian_summary"
"corredor-de-la-puna","kb_attraction","/baza-znaniy/corredor-de-la-puna","ru","Puna Route","quarantined","not_recorded","not_recorded","review_required","not_recorded","2026-07-07","2026-07-07","2026-10-05","62","/media/argentina-travel/corredor-de-la-puna/1656872831904-salta___san_antonio_de_cobres.jpg","0","1","0","0","1","no","not_public","10","DEEP_REWRITE","Content editor","not_publication_ready;non_russian_title;non_russian_summary"
"corredor-del-viento","kb_attraction","/baza-znaniy/corredor-del-viento","ru","Corredor del Viento","quarantined","not_recorded","not_recorded","review_required","not_recorded","2026-07-07","2026-07-07","2026-10-05","62","/media/argentina-travel/corredor-del-viento/1650293540614-_mg_7579edit_copia.jpg","0","1","0","0","1","no","not_public","10","DEEP_REWRITE","Content editor","not_publication_ready;non_russian_title;non_russian_summary"
"cosquin","kb_attraction","/baza-znaniy/cosquin","ru","Cosquín","quarantined","not_recorded","not_recorded","review_required","not_recorded","2026-07-07","2026-07-07","2026-10-05","57","/media/argentina-travel/cosquin/1649775284207-cosquin_2.jpg","0","1","0","0","1","no","not_public","10","DEEP_REWRITE","Content editor","not_publication_ready;non_russian_title;non_russian_summary"
"costa-atlantica-bonaerense","kb_attraction","/baza-znaniy/costa-atlantica-bonaerense","ru","Атлантическое побережье провинции Буэнос-Айрес","quarantined","not_recorded","not_recorded","review_required","not_recorded","2026-07-07","2026-07-07","2026-10-05","69","/media/argentina-travel/costa-atlantica-bonaerense/1656644423819-_mg_3049.jpg","0","1","0","0","1","no","not_public","80","EXPAND","Content editor","thin_content"
"costa-atlantica-de-la-provincia-de-buenos-aires","kb_attraction","/baza-znaniy/costa-atlantica-de-la-provincia-de-buenos-aires","ru","Costa Atlántica de la provincia de Буэнос-Айрес","quarantined","not_recorded","not_recorded","review_required","not_recorded","2026-07-07","2026-07-07","2026-10-05","67","/media/argentina-travel/costa-atlantica-de-la-provincia-de-buenos-aires/1623685268749-buenos_aires_claromeco_turismo_de_costa_sonya9_a_908830.jpg","0","1","0","0","1","no","not_public","45","DEEP_REWRITE","Content editor","not_publication_ready;non_russian_summary"
"costanera-de-corrientes","kb_attraction","/baza-znaniy/costanera-de-corrientes","ru","coastal promenade in Corrientes","quarantined","not_recorded","not_recorded","review_required","not_recorded","2026-07-07","2026-07-07","2026-10-05","57","/media/argentina-travel/costanera-de-corrientes/1643144092212-corrientes___playas___ciudad_de_corrientes___nikond7000dsc_9205__c","0","1","0","0","1","no","not_public","10","DEEP_REWRITE","Content editor","not_publication_ready;non_russian_title;non_russian_summary"
"costanera-de-formosa","kb_attraction","/baza-znaniy/costanera-de-formosa","ru","Formosa coastal promenade","quarantined","not_recorded","not_recorded","review_required","not_recorded","2026-07-07","2026-07-07","2026-10-05","61","/media/argentina-travel/costanera-de-formosa/1656526864533-fotos_en_cartel_formosa_laguna_oca.jpg","0","1","0","0","1","no","not_public","10","DEEP_REWRITE","Content editor","not_publication_ready;non_russian_title;non_russian_summary"
"cruce-de-los-andes","kb_attraction","/baza-znaniy/cruce-de-los-andes","ru","Andean crossing","quarantined","not_recorded","not_recorded","review_required","not_recorded","2026-07-07","2026-07-07","2026-10-05","70","/media/argentina-travel/cruce-de-los-andes/1624020650674-75400754.jpg","0","1","0","0","1","no","not_public","10","DEEP_REWRITE","Content editor","not_publication_ready;non_russian_title;non_russian_summary"
"cuesta-del-viento","kb_attraction","/baza-znaniy/cuesta-del-viento","ru","Cuesta del Viento","quarantined","not_recorded","not_recorded","review_required","not_recorded","2026-07-07","2026-07-07","2026-10-05","58","/media/argentina-travel/cuesta-del-viento/1628727188687-campeonato_windsurf_1.jpg","0","1","0","0","1","no","not_public","10","DEEP_REWRITE","Content editor","not_publication_ready;non_russian_title;non_russian_summary"
"cueva-de-las-manos","kb_attraction","/baza-znaniy/cueva-de-las-manos","ru","Куэва-де-лас-Манос (Пещера рук)","quarantined","not_recorded","not_recorded","review_required","not_recorded","2026-07-06","2026-07-06","2026-10-04","250","missing","0","1","4","5","1","no","not_public","70","HUMAN_REVIEW","Content editor","not_publication_ready"
"cultura-guarani-en-misiones","kb_attraction","/baza-znaniy/cultura-guarani-en-misiones","ru","Guaraní Culture in Misiones","quarantined","not_recorded","not_recorded","review_required","not_recorded","2026-07-07","2026-07-07","2026-10-05","57","/media/argentina-travel/cultura-guarani-en-misiones/1623530604195-em_18.jpg","0","1","0","0","1","no","not_public","10","DEEP_REWRITE","Content editor","not_publication_ready;non_russian_title;non_russian_summary"
"cusi-cusi","kb_attraction","/baza-znaniy/cusi-cusi","ru","Cusi Cusi","quarantined","not_recorded","not_recorded","review_required","not_recorded","2026-07-07","2026-07-07","2026-10-05","66","/media/argentina-travel/cusi-cusi/1656650151490-cusi_cusi.jpg","0","1","0","0","1","no","not_public","10","DEEP_REWRITE","Content editor","not_publication_ready;non_russian_title;non_russian_summary"
"cuyo","kb_region","/baza-znaniy/cuyo","ru","Куйо","published_public","not_recorded","not_recorded","review_required","not_recorded","2026-07-04","2026-07-04","2026-12-31","442","https://upload.wikimedia.org/wikipedia/commons/thumb/e/e5/Aconcagua%2C_2019.jpg/1920px-Aconcagua%2C_2019.jpg","0","1","5","11","0","yes","yes","100","KEEP","Content editor","publication_gate_clean"
"dalyokie-parki-nastroj-na-tishinu","kb_author_tip","/baza-znaniy/dalyokie-parki-nastroj-na-tishinu","ru","Патагония-парк и Баньядо-ла-Эстрелья: места, в которые едут не за зрелищем, а за тишиной","published_public","not_recorded","not_recorded","review_required","not_recorded","2026-06-30","2026-06-30","2026-09-28","183","missing","0","1","0","2","0","yes","yes","100","KEEP","Content editor","publication_gate_clean"
"delta-del-parana","kb_attraction","/baza-znaniy/delta-del-parana","ru","Paraná — дельта","quarantined","not_recorded","not_recorded","review_required","not_recorded","2026-07-07","2026-07-07","2026-10-05","62","/media/argentina-travel/delta-del-parana/1644525806002-luces_de_tormenta.jpg","0","1","0","0","1","no","not_public","45","DEEP_REWRITE","Content editor","not_publication_ready;non_russian_summary"
"deportes-extremos-en-la-rioja","kb_attraction","/baza-znaniy/deportes-extremos-en-la-rioja","ru","Extreme Sports in La Rioja","quarantined","not_recorded","not_recorded","review_required","not_recorded","2026-07-07","2026-07-07","2026-10-05","62","/media/argentina-travel/deportes-extremos-en-la-rioja/1656686762933-provincia_la_rioja.jpg","0","1","0","0","1","no","not_public","10","DEEP_REWRITE","Content editor","not_publication_ready;non_russian_title;non_russian_summary"
"deportes-extremos-en-paso-de-la-patria","kb_attraction","/baza-znaniy/deportes-extremos-en-paso-de-la-patria","ru","Extreme sports in Paso de la Patria","quarantined","not_recorded","not_recorded","review_required","not_recorded","2026-07-07","2026-07-07","2026-10-05","66","/media/argentina-travel/deportes-extremos-en-paso-de-la-patria/1643223388413-flyboat___la_posta_del_volador___paso_de_la_patria.jpg","0","1","0","0","1","no","not_public","10","DEEP_REWRITE","Content editor","not_publication_ready;non_russian_title;non_russian_summary"
"dikaya-priroda","kb_guide","/baza-znaniy/dikaya-priroda","ru","Дикая природа Аргентины: где кого смотреть по сезонам","published_public","not_recorded","not_recorded","review_required","not_recorded","2026-07-04","2026-07-04","2026-12-31","400","https://upload.wikimedia.org/wikipedia/commons/thumb/f/fe/Southern_Right_Whale_-_Golfo_Nuevo.jpg/1920px-Southern_Right_Whale_-_Golfo_Nuevo.jpg","0","1","5","15","0","yes","yes","100","KEEP","Content editor","publication_gate_clean"
"dinosaurios-de-la-patagonia","kb_attraction","/baza-znaniy/dinosaurios-de-la-patagonia","ru","Dinosaurios de la Патагония","quarantined","not_recorded","not_recorded","review_required","not_recorded","2026-07-07","2026-07-07","2026-10-05","68","/media/argentina-travel/dinosaurios-de-la-patagonia/1624480818647-museo_paleotologico_feruglio__trelew_5.jpg","0","1","0","0","1","no","not_public","45","DEEP_REWRITE","Content editor","not_publication_ready;non_russian_summary"
"dinosaurios-en-neuquen","kb_attraction","/baza-znaniy/dinosaurios-en-neuquen","ru","Dinosaurs in Neuquén","quarantined","not_recorded","not_recorded","review_required","not_recorded","2026-07-07","2026-07-07","2026-10-05","63","/media/argentina-travel/dinosaurios-en-neuquen/1628827615089-villaelchocon_museopaleontologico_detalle_nikonz6.jpg","0","1","0","0","1","no","not_public","10","DEEP_REWRITE","Content editor","not_publication_ready;non_russian_title;non_russian_summary"
"dique-piscu-yacu","kb_attraction","/baza-znaniy/dique-piscu-yacu","ru","Плотина Писку-Яку","quarantined","not_recorded","not_recorded","review_required","not_recorded","2026-07-07","2026-07-07","2026-10-05","72","/media/argentina-travel/dique-piscu-yacu/1626998187901-sanluis_merlo__1_52_40.jpg","0","1","0","0","1","no","not_public","50","EXPAND","Content editor","not_publication_ready;thin_content"
"dni-cuil","kb_guide","/baza-znaniy/dni-cuil","ru","DNI, CUIL и CUIT: что нужно иностранцу","published_public","not_recorded","not_recorded","review_required","not_recorded","2026-07-17","2026-07-17","2026-08-31","197","missing","0","3","0","1","3","yes","yes","100","KEEP","Content editor","publication_gate_clean"
"dni-cuil-cuit-putanitsa","kb_author_tip","/baza-znaniy/dni-cuil-cuit-putanitsa","ru","CUIL, CUIT, CDI, AFIP/ARCA — путаница в названиях, которая стоит реального времени","published_public","not_recorded","not_recorded","review_required","not_recorded","2026-07-17","2026-07-17","2026-08-31","244","missing","0","4","0","2","4","yes","yes","100","KEEP","Content editor","publication_gate_clean"
"dokumenty-dlya-poezdki-na-avto","kb_guide","/baza-znaniy/dokumenty-dlya-poezdki-na-avto","ru","Какие документы нужны, чтобы ездить на автомобиле в Аргентине","published_public","not_recorded","not_recorded","review_required","not_recorded","2026-07-17","2026-07-17","2026-08-31","281","missing","0","4","0","0","4","yes","yes","100","KEEP","Content editor","publication_gate_clean"
"dostupnaya-sreda-i-invalidnost","kb_guide","/baza-znaniy/dostupnaya-sreda-i-invalidnost","ru","Доступная среда: путешествие и жизнь с инвалидностью в Аргентине","published_public","not_recorded","not_recorded","review_required","not_recorded","2026-07-05","2026-07-05","2026-08-04","545","missing","0","1","5","15","1","yes","yes","100","KEEP","Content editor","publication_gate_clean"
"dunas-de-taton","kb_attraction","/baza-znaniy/dunas-de-taton","ru","Дюны Татон","quarantined","not_recorded","not_recorded","review_required","not_recorded","2026-07-07","2026-07-07","2026-10-05","72","/media/argentina-travel/dunas-de-taton/1623527420241-mq304748.jpg","0","1","0","0","1","no","not_public","50","EXPAND","Content editor","not_publication_ready;thin_content"
"el-bolson","kb_city","/baza-znaniy/el-bolson","ru","Эль-Больсон","published_public","not_recorded","not_recorded","review_required","not_recorded","2026-07-07","2026-07-07","2027-01-03","443","/media/argentina-travel/el-bolson/1624482729862-rio_negro___cordillera___014___el_bolson___flora_gastronomia_lupul","0","1","4","4","2","yes","yes","100","KEEP","Content editor","publication_gate_clean"
"el-calafate","kb_city","/baza-znaniy/el-calafate","ru","Эль-Калафате","published_public","not_recorded","not_recorded","review_required","not_recorded","2026-07-07","2026-07-07","2027-01-03","395","/media/argentina-travel/el-calafate/1627315390284-calafate__100_.jpg","0","1","5","3","1","yes","yes","100","KEEP","Content editor","publication_gate_clean"
"el-chaku","kb_attraction","/baza-znaniy/el-chaku","ru","Чаку","quarantined","not_recorded","not_recorded","review_required","not_recorded","2026-07-07","2026-07-07","2026-10-05","73","/media/argentina-travel/el-chaku/1626035433745-11.jpg","0","1","0","0","1","no","not_public","50","EXPAND","Content editor","not_publication_ready;thin_content"
"el-chalten","kb_city","/baza-znaniy/el-chalten","ru","Эль-Чальтен","published_public","not_recorded","not_recorded","review_required","not_recorded","2026-07-07","2026-07-07","2027-01-03","387","/media/argentina-travel/el-chalten/1627394111592-_mg_5337web.jpg","0","1","5","3","1","yes","yes","100","KEEP","Content editor","publication_gate_clean"
"el-curanto","kb_attraction","/baza-znaniy/el-curanto","ru","Куранто","quarantined","not_recorded","not_recorded","review_required","not_recorded","2026-07-07","2026-07-07","2026-10-05","79","/media/argentina-travel/el-curanto/1629217680946-curanto_1.jpg","0","1","0","0","1","no","not_public","50","EXPAND","Content editor","not_publication_ready;thin_content"
"el-gaucho","kb_attraction","/baza-znaniy/el-gaucho","ru","Гаучо","quarantined","not_recorded","not_recorded","review_required","not_recorded","2026-07-07","2026-07-07","2026-10-05","73","/media/argentina-travel/el-gaucho/1623628777836-lapampa_destino1_escuadraecuestre_9.jpg","0","1","0","0","1","no","not_public","50","EXPAND","Content editor","not_publication_ready;thin_content"
"el-hoyo","kb_attraction","/baza-znaniy/el-hoyo","ru","Эль-Ойо","quarantined","not_recorded","not_recorded","review_required","not_recorded","2026-07-07","2026-07-07","2026-10-05","58","/media/argentina-travel/el-hoyo/1629226249899-el_hoyo_cabalgata.jpg","0","1","0","0","1","no","not_public","80","EXPAND","Content editor","thin_content"
"el-mate","kb_attraction","/baza-znaniy/el-mate","ru","Мате","quarantined","not_recorded","not_recorded","review_required","not_recorded","2026-07-07","2026-07-07","2026-10-05","73","/media/argentina-travel/el-mate/1623628407768-iguazu__48_.jpg","0","1","0","0","1","no","not_public","50","EXPAND","Content editor","not_publication_ready;thin_content"
"el-nihuil","kb_attraction","/baza-znaniy/el-nihuil","ru","Эль-Ниуиль","quarantined","not_recorded","not_recorded","review_required","not_recorded","2026-07-07","2026-07-07","2026-10-05","74","/media/argentina-travel/el-nihuil/1656647364150-el_nihuil.jpg","0","1","0","0","1","no","not_public","50","EXPAND","Content editor","not_publication_ready;thin_content"
"el-obelisco-de-cafayate","kb_attraction","/baza-znaniy/el-obelisco-de-cafayate","ru","Обелиск Кафайяте","quarantined","not_recorded","not_recorded","review_required","not_recorded","2026-07-07","2026-07-07","2026-10-05","73","/media/argentina-travel/el-obelisco-de-cafayate/1656649415766-obelisco_cafayate_amp.jpg","0","1","0","0","1","no","not_public","50","EXPAND","Content editor","not_publication_ready;thin_content"
"el-rodeo","kb_attraction","/baza-znaniy/el-rodeo","ru","Эль-Родео","quarantined","not_recorded","not_recorded","review_required","not_recorded","2026-07-07","2026-07-07","2026-10-05","71","/media/argentina-travel/el-rodeo/1626034952739-_dsc0627.jpg","0","1","0","0","1","no","not_public","50","EXPAND","Content editor","not_publication_ready;thin_content"
"el-salitral-encantado","kb_attraction","/baza-znaniy/el-salitral-encantado","ru","Эль-Салитраль-Энкантадо","quarantined","not_recorded","not_recorded","review_required","not_recorded","2026-07-07","2026-07-07","2026-10-05","72","/media/argentina-travel/el-salitral-encantado/1628175038794-lapampa_destino3_laadela_57.jpg","0","1","0","0","1","no","not_public","50","EXPAND","Content editor","not_publication_ready;thin_content"
"el-sauzalito","kb_attraction","/baza-znaniy/el-sauzalito","ru","Эль-Саусалито","quarantined","not_recorded","not_recorded","review_required","not_recorded","2026-07-07","2026-07-07","2026-10-05","71","/media/argentina-travel/el-sauzalito/1644328464941-el_sauzalito___chaco__4_.jpg","0","1","0","0","1","no","not_public","50","EXPAND","Content editor","not_publication_ready;thin_content"
"el-sosneado","kb_attraction","/baza-znaniy/el-sosneado","ru","Эль-Соснеадо","quarantined","not_recorded","not_recorded","review_required","not_recorded","2026-07-07","2026-07-07","2026-10-05","75","/media/argentina-travel/el-sosneado/1624370279509-dji_0138_elsosneado.jpg","0","1","0","0","1","no","not_public","50","EXPAND","Content editor","not_publication_ready;thin_content"
"el-trapiche","kb_attraction","/baza-znaniy/el-trapiche","ru","Эль-Трапиче","quarantined","not_recorded","not_recorded","review_required","not_recorded","2026-07-07","2026-07-07","2026-10-05","71","/media/argentina-travel/el-trapiche/1656704550740-san_luis_el_trapiche1.jpg","0","1","0","0","1","no","not_public","50","EXPAND","Content editor","not_publication_ready;thin_content"
"el-tren-patagonico","kb_attraction","/baza-znaniy/el-tren-patagonico","ru","Патагонский поезд","quarantined","not_recorded","not_recorded","review_required","not_recorded","2026-07-07","2026-07-07","2026-10-05","66","/media/argentina-travel/el-tren-patagonico/1624482415407-26.jpg","0","1","0","0","1","no","not_public","80","EXPAND","Content editor","thin_content"
"el-vino-malbec","kb_attraction","/baza-znaniy/el-vino-malbec","ru","Вино мальбек","quarantined","not_recorded","not_recorded","review_required","not_recorded","2026-07-07","2026-07-07","2026-10-05","74","/media/argentina-travel/el-vino-malbec/1656648509793-mendoza__13_.jpg","0","1","0","0","1","no","not_public","50","EXPAND","Content editor","not_publication_ready;thin_content"
"eldorado","kb_attraction","/baza-znaniy/eldorado","ru","Eldorado","quarantined","not_recorded","not_recorded","review_required","not_recorded","2026-07-07","2026-07-07","2026-10-05","62","/media/argentina-travel/eldorado/1637347656361-copia_de_dsc_0436.jpg","0","1","0","0","1","no","not_public","10","DEEP_REWRITE","Content editor","not_publication_ready;non_russian_title;non_russian_summary"
"empanadas","kb_guide","/baza-znaniy/empanadas","ru","Эмпанадас: как читать главную уличную еду Аргентины","published_public","not_recorded","not_recorded","review_required","not_recorded","2026-07-04","2026-07-04","2026-12-31","370","https://upload.wikimedia.org/wikipedia/commons/thumb/2/2a/Empanadas_argentinas_con_diferentes_repulgues.jpg/1920px-Empanadas_argentinas_con_diferentes_repulgues.jpg","0","1","5","5","1","yes","yes","100","KEEP","Content editor","publication_gate_clean"
"empedrado","kb_attraction","/baza-znaniy/empedrado","ru","Эмпедрадо","quarantined","not_recorded","not_recorded","review_required","not_recorded","2026-07-07","2026-07-07","2026-10-05","56","/media/argentina-travel/empedrado/1656637756635-empedrado13.jpg","0","1","0","0","1","no","not_public","80","EXPAND","Content editor","thin_content"
"empedrado-y-el-carrizal","kb_attraction","/baza-znaniy/empedrado-y-el-carrizal","ru","Empedrado and El Carrizal","quarantined","not_recorded","not_recorded","review_required","not_recorded","2026-07-07","2026-07-07","2026-10-05","69","/media/argentina-travel/empedrado-y-el-carrizal/1624021046566-empedrado13.jpg","0","1","0","0","1","no","not_public","10","DEEP_REWRITE","Content editor","not_publication_ready;non_russian_title;non_russian_summary"
"epuyen","kb_attraction","/baza-znaniy/epuyen","ru","Epuyén","quarantined","not_recorded","not_recorded","review_required","not_recorded","2026-07-07","2026-07-07","2026-10-05","59","/media/argentina-travel/epuyen/1629424334172-estupa_2__epuyen.jpg","0","1","0","0","1","no","not_public","10","DEEP_REWRITE","Content editor","not_publication_ready;non_russian_title;non_russian_summary"
"esim-i-svyaz","kb_guide","/baza-znaniy/esim-i-svyaz","ru","eSIM и связь в Аргентине","published_public","not_recorded","not_recorded","review_required","not_recorded","2026-07-17","2026-07-17","2026-08-31","474","missing","0","6","4","6","5","yes","yes","100","KEEP","Content editor","publication_gate_clean"
"esim-ili-lokalnaya-sim","kb_faq","/baza-znaniy/esim-ili-lokalnaya-sim","ru","Что выбрать в Аргентине — eSIM или локальную SIM-карту?","quarantined","not_recorded","not_recorded","review_required","not_recorded","2026-06-30","2026-06-30","2026-09-28","73","missing","0","0","0","0","0","no","not_public","80","EXPAND","Content editor","thin_content"
"esquel","kb_city","/baza-znaniy/esquel","ru","Эскель","quarantined","not_recorded","not_recorded","review_required","not_recorded","2026-07-06","2026-07-06","2026-10-04","330","missing","0","0","5","4","1","no","not_public","85","LIGHT_EDIT","Media editor","missing_hero"
"esquina","kb_attraction","/baza-znaniy/esquina","ru","Esquina","quarantined","not_recorded","not_recorded","review_required","not_recorded","2026-07-07","2026-07-07","2026-10-05","49","/media/argentina-travel/esquina/1656635854358-pe_12.jpg","0","1","0","0","1","no","not_public","10","DEEP_REWRITE","Content editor","not_publication_ready;non_russian_title;non_russian_summary"
"estancias-turisticas-de-campo","kb_attraction","/baza-znaniy/estancias-turisticas-de-campo","ru","Tourist estancias in the countryside","quarantined","not_recorded","not_recorded","review_required","not_recorded","2026-07-07","2026-07-07","2026-10-05","66","/media/argentina-travel/estancias-turisticas-de-campo/1628522358458-lapampa_destino5_int_alvear_14.jpg","0","1","0","0","1","no","not_public","10","DEEP_REWRITE","Content editor","not_publication_ready;non_russian_title;non_russian_summary"
"expedicion-al-avion-de-los-uruguayos","kb_attraction","/baza-znaniy/expedicion-al-avion-de-los-uruguayos","ru","Expedition to the Uruguayan team’s plane","quarantined","not_recorded","not_recorded","review_required","not_recorded","2026-07-07","2026-07-07","2026-10-05","64","/media/argentina-travel/expedicion-al-avion-de-los-uruguayos/1625017206238-exp__avion_uruguayos_2.jpg","0","1","0","0","1","no","not_public","10","DEEP_REWRITE","Content editor","not_publication_ready;non_russian_title;non_russian_summary"
"expediciones-en-el-lago-huechulafquen","kb_attraction","/baza-znaniy/expediciones-en-el-lago-huechulafquen","ru","Expeditions in Huechulafquen Lake","quarantined","not_recorded","not_recorded","review_required","not_recorded","2026-07-07","2026-07-07","2026-10-05","63","/media/argentina-travel/expediciones-en-el-lago-huechulafquen/1628827008820-sup_pucara__pnl__sma.jpg","0","1","0","0","1","no","not_public","10","DEEP_REWRITE","Content editor","not_publication_ready;non_russian_title;non_russian_summary"
"falshivye-policejskie-i-obmenniki","kb_author_tip","/baza-znaniy/falshivye-policejskie-i-obmenniki","ru","Слишком хороший курс на обмене — почти всегда повод насторожиться, а не обрадоваться","quarantined","not_recorded","not_recorded","review_required","not_recorded","2026-07-17","2026-07-17","2026-08-31","165","missing","0","2","0","2","0","no","not_public","30","HUMAN_REVIEW","Fact checker + legal reviewer","not_publication_ready"
"federacion","kb_city","/baza-znaniy/federacion","ru","Federación","quarantined","not_recorded","not_recorded","review_required","not_recorded","2026-07-07","2026-07-07","2026-10-05","65","/media/argentina-travel/federacion/1640033244460-6_federacion_parque_acuatico_horizontal__11__alta.jpg","0","1","0","0","1","no","not_public","10","DEEP_REWRITE","Content editor","not_publication_ready;non_russian_title;non_russian_summary"
"feria-de-simoca","kb_attraction","/baza-znaniy/feria-de-simoca","ru","Simoca Fair","quarantined","not_recorded","not_recorded","review_required","not_recorded","2026-07-07","2026-07-07","2026-10-05","63","/media/argentina-travel/feria-de-simoca/1625518504168-_dx_5782.jpg","0","1","0","0","1","no","not_public","10","DEEP_REWRITE","Content editor","not_publication_ready;non_russian_title;non_russian_summary"
"festival-de-cosquin","kb_attraction","/baza-znaniy/festival-de-cosquin","ru","Cosquín Festival","quarantined","not_recorded","not_recorded","review_required","not_recorded","2026-07-07","2026-07-07","2026-10-05","63","/media/argentina-travel/festival-de-cosquin/1624375501881-dsc_0194.jpg","0","1","0","0","1","no","not_public","10","DEEP_REWRITE","Content editor","not_publication_ready;non_russian_title;non_russian_summary"
"fiambala","kb_attraction","/baza-znaniy/fiambala","ru","Fiambalá","quarantined","not_recorded","not_recorded","review_required","not_recorded","2026-07-07","2026-07-07","2026-10-05","63","/media/argentina-travel/fiambala/1626722164716-mq305281.jpg","0","1","0","0","1","no","not_public","10","DEEP_REWRITE","Content editor","not_publication_ready;non_russian_title;non_russian_summary"
"fiesta-nacional-del-canotaje-en-chaco","kb_attraction","/baza-znaniy/fiesta-nacional-del-canotaje-en-chaco","ru","National Canoeing Festival in Chaco","quarantined","not_recorded","not_recorded","review_required","not_recorded","2026-07-07","2026-07-07","2026-10-05","63","/media/argentina-travel/fiesta-nacional-del-canotaje-en-chaco/1644337100269-concepci_n___portal_carambola___esteros_del_iber____nikond7000dsc_","0","1","0","0","1","no","not_public","10","DEEP_REWRITE","Content editor","not_publication_ready;non_russian_title;non_russian_summary"
"fiesta-nacional-del-sol-en-san-juan","kb_attraction","/baza-znaniy/fiesta-nacional-del-sol-en-san-juan","ru","National Sun Festival in San Juan","quarantined","not_recorded","not_recorded","review_required","not_recorded","2026-07-07","2026-07-07","2026-10-05","65","/media/argentina-travel/fiesta-nacional-del-sol-en-san-juan/1626983453368-fns2019__3_.jpg","0","1","0","0","1","no","not_public","10","DEEP_REWRITE","Content editor","not_publication_ready;non_russian_title;non_russian_summary"
"fiestas-y-festivales-en-cordoba","kb_attraction","/baza-znaniy/fiestas-y-festivales-en-cordoba","ru","Córdoba Feasts and Festivals","quarantined","not_recorded","not_recorded","review_required","not_recorded","2026-07-07","2026-07-07","2026-10-05","61","/media/argentina-travel/fiestas-y-festivales-en-cordoba/1624891518686-festival_nacional_del_folklore___cosqu_n.jpg","0","1","0","0","1","no","not_public","10","DEEP_REWRITE","Content editor","not_publication_ready;non_russian_title;non_russian_summary"
"folklor-i-muzyka","kb_guide","/baza-znaniy/folklor-i-muzyka","ru","Музыка Аргентины: фольклор, рок и куартето","published_public","not_recorded","not_recorded","review_required","not_recorded","2026-07-04","2026-07-04","2026-12-31","439","https://upload.wikimedia.org/wikipedia/commons/a/a9/Lucas_Mart%C3%AD_Boldrini_tocando_el_bombo_en_una_pe%C3%B1a_folklorica.jpg","0","2","5","7","2","yes","yes","100","KEEP","Content editor","publication_gate_clean"
"formosa","kb_city","/baza-znaniy/formosa","ru","Формоса","published_public","not_recorded","not_recorded","review_required","not_recorded","2026-07-02","2026-07-02","2026-12-29","446","https://upload.wikimedia.org/wikipedia/commons/a/aa/Aerial_view_of_Formosa_city.jpg","0","4","6","3","4","yes","yes","100","KEEP","Content editor","publication_gate_clean"
"frutas-de-pepita-en-el-alto-valle-del-rio-negro","kb_attraction","/baza-znaniy/frutas-de-pepita-en-el-alto-valle-del-rio-negro","ru","Seed fruits in the Alto Valle del Río Negro","quarantined","not_recorded","not_recorded","review_required","not_recorded","2026-07-07","2026-07-07","2026-10-05","68","/media/argentina-travel/frutas-de-pepita-en-el-alto-valle-del-rio-negro/1623883275210-villa_regina___chacra_arana___enologia__rural_gastronomico_1.jpg","0","1","0","0","1","no","not_public","10","DEEP_REWRITE","Content editor","not_publication_ready;non_russian_title;non_russian_summary"
"futbol","kb_guide","/baza-znaniy/futbol","ru","Футбол в Аргентине","published_public","not_recorded","not_recorded","review_required","not_recorded","2026-07-02","2026-07-02","2026-12-29","681","missing","0","1","5","5","0","yes","yes","100","KEEP","Content editor","publication_gate_clean"
"futbol-kak-popast-bez-skama","kb_author_tip","/baza-znaniy/futbol-kak-popast-bez-skama","ru","Как купить билет на футбол в Аргентине без риска","published_public","not_recorded","not_recorded","review_required","not_recorded","2026-07-17","2026-07-17","2026-08-31","235","missing","0","3","0","2","3","yes","yes","100","KEEP","Content editor","publication_gate_clean"
"gaiman","kb_attraction","/baza-znaniy/gaiman","ru","Gaiman","quarantined","not_recorded","not_recorded","review_required","not_recorded","2026-07-07","2026-07-07","2026-10-05","61","/media/argentina-travel/gaiman/1629245302325-capilla_galesa__gaiman.jpg","0","1","0","0","1","no","not_public","10","DEEP_REWRITE","Content editor","not_publication_ready;non_russian_title;non_russian_summary"
"galeses-en-argentina","kb_attraction","/baza-znaniy/galeses-en-argentina","ru","Welsh in Argentina","quarantined","not_recorded","not_recorded","review_required","not_recorded","2026-07-07","2026-07-07","2026-10-05","59","/media/argentina-travel/galeses-en-argentina/1636051287457-casa_de_te__gaiman.jpg","0","1","0","0","1","no","not_public","10","DEEP_REWRITE","Content editor","not_publication_ready;non_russian_title;non_russian_summary"
"gastronomia-de-chaco","kb_attraction","/baza-znaniy/gastronomia-de-chaco","ru","Food in Chaco","quarantined","not_recorded","not_recorded","review_required","not_recorded","2026-07-07","2026-07-07","2026-10-05","60","/media/argentina-travel/gastronomia-de-chaco/1643144803773-sabores_del_chaco_chup_n_de_pescado.jpg","0","1","0","0","1","no","not_public","10","DEEP_REWRITE","Content editor","not_publication_ready;non_russian_title;non_russian_summary"
"gastronomia-de-entre-rios","kb_attraction","/baza-znaniy/gastronomia-de-entre-rios","ru","Food in Entre Ríos","quarantined","not_recorded","not_recorded","review_required","not_recorded","2026-07-07","2026-07-07","2026-10-05","69","/media/argentina-travel/gastronomia-de-entre-rios/1624479208641-3_paran__russel_cervecer_a_horizontal__2__baja.jpg","0","1","0","0","1","no","not_public","10","DEEP_REWRITE","Content editor","not_publication_ready;non_russian_title;non_russian_summary"
"gastronomia-de-jujuy","kb_attraction","/baza-znaniy/gastronomia-de-jujuy","ru","Gastronomy in Jujuy","quarantined","not_recorded","not_recorded","review_required","not_recorded","2026-07-07","2026-07-07","2026-10-05","62","/media/argentina-travel/gastronomia-de-jujuy/1656703537782-1.jpg","0","1","0","0","1","no","not_public","10","DEEP_REWRITE","Content editor","not_publication_ready;non_russian_title;non_russian_summary"
"gastronomia-de-la-pampa","kb_attraction","/baza-znaniy/gastronomia-de-la-pampa","ru","Food in La Pampa","quarantined","not_recorded","not_recorded","review_required","not_recorded","2026-07-07","2026-07-07","2026-10-05","66","/media/argentina-travel/gastronomia-de-la-pampa/1628522658653-curanto_1.jpg","0","1","0","0","1","no","not_public","10","DEEP_REWRITE","Content editor","not_publication_ready;non_russian_title;non_russian_summary"
"gastronomia-de-misiones","kb_attraction","/baza-znaniy/gastronomia-de-misiones","ru","Food in Misiones","quarantined","not_recorded","not_recorded","review_required","not_recorded","2026-07-07","2026-07-07","2026-10-05","62","/media/argentina-travel/gastronomia-de-misiones/1638474694718-em_16.jpg","0","1","0","0","1","no","not_public","10","DEEP_REWRITE","Content editor","not_publication_ready;non_russian_title;non_russian_summary"
"gastronomia-de-tierra-del-fuego","kb_attraction","/baza-znaniy/gastronomia-de-tierra-del-fuego","ru","Gastronomía de Огненная Земля","quarantined","not_recorded","not_recorded","review_required","not_recorded","2026-07-07","2026-07-07","2026-10-05","66","/media/argentina-travel/gastronomia-de-tierra-del-fuego/1624392060436-ushuaia__tierra_del_fuego__18_.jpg","0","1","0","0","1","no","not_public","45","DEEP_REWRITE","Content editor","not_publication_ready;non_russian_summary"
"gastronomia-en-cordoba","kb_attraction","/baza-znaniy/gastronomia-en-cordoba","ru","Food in Córdoba","quarantined","not_recorded","not_recorded","review_required","not_recorded","2026-07-07","2026-07-07","2026-10-05","63","/media/argentina-travel/gastronomia-en-cordoba/1624375907008-colonia_caroya_horizontales__24_.jpg","0","1","0","0","1","no","not_public","10","DEEP_REWRITE","Content editor","not_publication_ready;non_russian_title;non_russian_summary"
"gastronomia-en-santa-fe","kb_attraction","/baza-znaniy/gastronomia-en-santa-fe","ru","Food in Santa Fe","quarantined","not_recorded","not_recorded","review_required","not_recorded","2026-07-07","2026-07-07","2026-10-05","68","/media/argentina-travel/gastronomia-en-santa-fe/1623697552215-santa_fe_villa_ocampo_picada_local.jpg","0","1","0","0","1","no","not_public","10","DEEP_REWRITE","Content editor","not_publication_ready;non_russian_title;non_russian_summary"
"gastronomia-en-santiago-del-estero","kb_attraction","/baza-znaniy/gastronomia-en-santiago-del-estero","ru","Food in Santiago del Estero","quarantined","not_recorded","not_recorded","review_required","not_recorded","2026-07-07","2026-07-07","2026-10-05","69","/media/argentina-travel/gastronomia-en-santiago-del-estero/1624384005281-emapandas.jpg","0","1","0","0","1","no","not_public","10","DEEP_REWRITE","Content editor","not_publication_ready;non_russian_title;non_russian_summary"
"gastronomia-portena","kb_attraction","/baza-znaniy/gastronomia-portena","ru","Кухня Буэнос-Айреса","quarantined","not_recorded","not_recorded","review_required","not_recorded","2026-07-07","2026-07-07","2026-10-05","163","/media/argentina-travel/gastronomia-portena/1623684733782-caba__21_.jpg","0","1","1","0","1","no","not_public","40","HUMAN_REVIEW","Russian content editor","machine_translation_marker"
"gde-luchshiy-karnaval-v-argentine","kb_faq","/baza-znaniy/gde-luchshiy-karnaval-v-argentine","ru","Где лучший карнавал в Аргентине?","published_public","not_recorded","not_recorded","review_required","not_recorded","2026-07-01","2026-07-01","2026-09-29","237","missing","0","3","0","1","3","yes","yes","100","KEEP","Content editor","publication_gate_clean"
"general-acha","kb_attraction","/baza-znaniy/general-acha","ru","General Acha","quarantined","not_recorded","not_recorded","review_required","not_recorded","2026-07-07","2026-07-07","2026-10-05","59","/media/argentina-travel/general-acha/1628174143798-lapampa_destino4_turismocultural_10.jpg","0","1","0","0","1","no","not_public","10","DEEP_REWRITE","Content editor","not_publication_ready;non_russian_title;non_russian_summary"
"gid-po-dengam","kb_guide","/baza-znaniy/gid-po-dengam","ru","Деньги в Аргентине: обмен, карты, банки и бюджет","quarantined","not_recorded","not_recorded","review_required","not_recorded","2026-07-05","2026-07-05","2026-08-19","429","missing","0","0","0","26","0","no","not_public","0","LEGAL_REVIEW","Fact checker + legal reviewer","missing_sensitive_source"
"gid-po-dokumentam","kb_guide","/baza-znaniy/gid-po-dokumentam","ru","Документы для въезда и переезда в Аргентину","quarantined","not_recorded","not_recorded","review_required","not_recorded","2026-07-05","2026-07-05","2026-08-19","355","missing","0","0","0","24","0","no","not_public","0","LEGAL_REVIEW","Fact checker + legal reviewer","missing_sensitive_source"
"gid-po-kulture","kb_guide","/baza-znaniy/gid-po-kulture","ru","Культура Аргентины: традиции, еда и повседневная жизнь","published_public","not_recorded","not_recorded","review_required","not_recorded","2026-07-05","2026-07-05","2027-01-01","252","missing","0","0","0","16","0","yes","yes","100","KEEP","Content editor","publication_gate_clean"
"gid-po-medicine","kb_guide","/baza-znaniy/gid-po-medicine","ru","Медицина и страховка в Аргентине: путеводитель","quarantined","not_recorded","not_recorded","review_required","not_recorded","2026-07-05","2026-07-05","2026-08-19","228","missing","0","0","0","16","0","no","not_public","0","LEGAL_REVIEW","Fact checker + legal reviewer","missing_sensitive_source"
"gid-po-transportu","kb_transport","/baza-znaniy/gid-po-transportu","ru","Транспорт в Аргентине: перелёты, автобусы и аренда авто","published_public","not_recorded","not_recorded","review_required","not_recorded","2026-07-05","2026-07-05","2027-01-01","231","missing","0","0","0","15","0","yes","yes","100","KEEP","Content editor","publication_gate_clean"
"gid-po-zhilyu","kb_guide","/baza-znaniy/gid-po-zhilyu","ru","Жильё в Аргентине: аренда, районы и покупка недвижимости","published_public","not_recorded","not_recorded","review_required","not_recorded","2026-07-05","2026-07-05","2027-01-01","170","missing","0","0","0","10","0","yes","yes","100","KEEP","Content editor","publication_gate_clean"
"gid-puteshestvennika","kb_guide","/baza-znaniy/gid-puteshestvennika","ru","Поездка в Аргентину: как спланировать путешествие","published_public","not_recorded","not_recorded","review_required","not_recorded","2026-07-05","2026-07-05","2027-01-01","508","missing","0","0","0","26","0","yes","yes","100","KEEP","Content editor","publication_gate_clean"
"gid-relokanta","kb_guide","/baza-znaniy/gid-relokanta","ru","Переезд в Аргентину: пошаговый путеводитель","quarantined","not_recorded","not_recorded","review_required","not_recorded","2026-07-05","2026-07-05","2026-08-19","874","missing","0","0","0","58","0","no","not_public","0","LEGAL_REVIEW","Fact checker + legal reviewer","missing_sensitive_source"
"glaciar-huemul","kb_attraction","/baza-znaniy/glaciar-huemul","ru","Ледник Уэмуль","quarantined","not_recorded","not_recorded","review_required","not_recorded","2026-07-07","2026-07-07","2026-10-05","72","/media/argentina-travel/glaciar-huemul/1650310549794-dsc_9132.jpg","0","1","0","0","1","no","not_public","50","EXPAND","Content editor","not_publication_ready;thin_content"
"glaciar-ojo-del-albino","kb_attraction","/baza-znaniy/glaciar-ojo-del-albino","ru","Ледник Охо-дель-Альбино","quarantined","not_recorded","not_recorded","review_required","not_recorded","2026-07-07","2026-07-07","2026-10-05","76","/media/argentina-travel/glaciar-ojo-del-albino/1656647684425-ojo_del_albino.jpg","0","1","0","0","1","no","not_public","50","EXPAND","Content editor","not_publication_ready;thin_content"
"golf-en-mendoza","kb_attraction","/baza-znaniy/golf-en-mendoza","ru","Golf en Мендоса","quarantined","not_recorded","not_recorded","review_required","not_recorded","2026-07-07","2026-07-07","2026-10-05","61","/media/argentina-travel/golf-en-mendoza/1624371108487-_dsc2195.jpg","0","1","0","0","1","no","not_public","45","DEEP_REWRITE","Content editor","not_publication_ready;non_russian_summary"
"golf-en-tierra-del-fuego","kb_attraction","/baza-znaniy/golf-en-tierra-del-fuego","ru","Golf en Огненная Земля","quarantined","not_recorded","not_recorded","review_required","not_recorded","2026-07-07","2026-07-07","2026-10-05","62","/media/argentina-travel/golf-en-tierra-del-fuego/1637166185375-martin_gunter_20170128_0017_img_5486_editada.jpg","0","1","0","0","1","no","not_public","45","DEEP_REWRITE","Content editor","not_publication_ready;non_russian_summary"
"gosudarstvennye-prilozheniya","kb_guide","/baza-znaniy/gosudarstvennye-prilozheniya","ru","Mi Argentina: государственные цифровые документы","published_public","not_recorded","not_recorded","review_required","not_recorded","2026-07-17","2026-07-17","2026-08-31","161","missing","0","3","0","0","3","yes","yes","100","KEEP","Content editor","publication_gate_clean"
"govoryat-li-v-argentine-po-anglijski","kb_faq","/baza-znaniy/govoryat-li-v-argentine-po-anglijski","ru","Говорят ли в Аргентине по-английски?","published_public","not_recorded","not_recorded","review_required","not_recorded","2026-07-17","2026-07-17","2026-08-31","131","missing","0","2","0","1","2","yes","yes","100","KEEP","Content editor","publication_gate_clean"
"grazhdanstvo","kb_guide","/baza-znaniy/grazhdanstvo","ru","Гражданство Аргентины: где проверять действующую процедуру","quarantined","not_recorded","not_recorded","review_required","not_recorded","2026-07-17","2026-07-17","2026-08-31","194","missing","0","3","0","0","3","no","not_public","30","HUMAN_REVIEW","Fact checker + legal reviewer","not_publication_ready"
"gualeguaychu","kb_city","/baza-znaniy/gualeguaychu","ru","Gualeguaychú","quarantined","not_recorded","not_recorded","review_required","not_recorded","2026-07-07","2026-07-07","2026-10-05","60","/media/argentina-travel/gualeguaychu/1638475468881-7_gualeguaychu_playa__andubaysal_horizontal_2_alta.jpg","0","1","0","0","1","no","not_public","10","DEEP_REWRITE","Content editor","not_publication_ready;non_russian_title;non_russian_summary"
"herradura","kb_attraction","/baza-znaniy/herradura","ru","Herradura","quarantined","not_recorded","not_recorded","review_required","not_recorded","2026-07-07","2026-07-07","2026-10-05","58","/media/argentina-travel/herradura/1653935148259-fiesta_de_la_corvina_pesca_2.jpg","0","1","0","0","1","no","not_public","10","DEEP_REWRITE","Content editor","not_publication_ready;non_russian_title;non_russian_summary"
"hornocal","kb_attraction","/baza-znaniy/hornocal","ru","Серрания-де-Орнокаль (Гора 14 цветов)","quarantined","not_recorded","not_recorded","review_required","not_recorded","2026-07-06","2026-07-06","2026-10-04","239","missing","0","0","4","8","0","no","not_public","85","LIGHT_EDIT","Media editor","missing_hero"
"humahuaca","kb_attraction","/baza-znaniy/humahuaca","ru","Humahuaca","quarantined","not_recorded","not_recorded","review_required","not_recorded","2026-07-07","2026-07-07","2026-10-05","62","/media/argentina-travel/humahuaca/1623769140681-quebrada_humahuaca___cerro_pollera_de_la_colla_o_yacoraite___herna","0","1","0","0","1","no","not_public","10","DEEP_REWRITE","Content editor","not_publication_ready;non_russian_title;non_russian_summary"
"ibera","kb_national_park","/baza-znaniy/ibera","ru","Национальный парк Ибера","quarantined","not_recorded","not_recorded","review_required","not_recorded","2026-07-02","2026-07-02","2026-12-29","980","https://upload.wikimedia.org/wikipedia/commons/thumb/6/6a/Flying_Over_Esteros_del_Iber%C3%A1_The_kingdom_of_water%2C_North-eastern_Argentina.jpg/1920px-Flying_Over_Esteros_del_Iber%C3%A1_The_kingdom_of_water%2C_North-eastern_Argentina.jpg","0","3","5","5","3","no","not_public","80","DEEP_REWRITE","Content editor","mixed_script_word"
"ibera-rassvet-i-tihie-portaly","kb_author_tip","/baza-znaniy/ibera-rassvet-i-tihie-portaly","ru","Ибера: почему стоит вставать затемно и какой портал выбрать ради тишины","quarantined","not_recorded","not_recorded","review_required","not_recorded","2026-06-30","2026-06-30","2026-09-28","162","missing","0","1","0","1","0","no","not_public","80","DEEP_REWRITE","Content editor","mixed_script_word"
"iglesia-nuestra-senora-del-rosario-y-san-francisco","kb_attraction","/baza-znaniy/iglesia-nuestra-senora-del-rosario-y-san-francisco","ru","Church Nuestra Señora del Rosario y San Francisco","quarantined","not_recorded","not_recorded","review_required","not_recorded","2026-07-07","2026-07-07","2026-10-05","62","/media/argentina-travel/iglesia-nuestra-senora-del-rosario-y-san-francisco/1656650569642-iglesia_nuestra_se_ora_del_rosario_y_san_francisco__.jpg","0","1","0","0","1","no","not_public","10","DEEP_REWRITE","Content editor","not_publication_ready;non_russian_title;non_russian_summary"
"iguasu","kb_national_park","/baza-znaniy/iguasu","ru","Национальный парк Игуасу","quarantined","not_recorded","not_recorded","review_required","not_recorded","2026-07-07","2026-07-07","2027-01-03","527","/media/argentina-travel/iguasu/1624893534210-iguazu__72_.jpg","0","1","5","7","1","no","not_public","80","DEEP_REWRITE","Content editor","mixed_script_word"
"iguasu-foto-sekrety","kb_author_tip","/baza-znaniy/iguasu-foto-sekrety","ru","Как снимать водопады Игуасу так, чтобы по фото было видно их реальный размер","published_public","not_recorded","not_recorded","review_required","not_recorded","2026-06-30","2026-06-30","2026-09-28","182","missing","0","1","0","2","0","yes","yes","100","KEEP","Content editor","publication_gate_clean"
"iguasu-ritm-bez-tolp-i-sveta","kb_author_tip","/baza-znaniy/iguasu-ritm-bez-tolp-i-sveta","ru","Игуасу без толп: как выстроить день по свету, а не по расписанию автобусов","published_public","not_recorded","not_recorded","review_required","not_recorded","2026-06-30","2026-06-30","2026-09-28","207","missing","0","1","0","2","0","yes","yes","100","KEEP","Content editor","publication_gate_clean"
"inflyatsiya-i-ekonomika","kb_guide","/baza-znaniy/inflyatsiya-i-ekonomika","ru","Инфляция в Аргентине: как читать цены и статистику","published_public","not_recorded","not_recorded","review_required","not_recorded","2026-07-17","2026-07-17","2026-08-31","173","missing","0","2","0","0","2","yes","yes","100","KEEP","Content editor","publication_gate_clean"
"intendente-alvear","kb_attraction","/baza-znaniy/intendente-alvear","ru","Intendente Alvear","quarantined","not_recorded","not_recorded","review_required","not_recorded","2026-07-07","2026-07-07","2026-10-05","57","/media/argentina-travel/intendente-alvear/1628174534549-lapampa_destino5_int_alvear_4.jpg","0","1","0","0","1","no","not_public","10","DEEP_REWRITE","Content editor","not_publication_ready;non_russian_title;non_russian_summary"
"interesnye-fakty","kb_guide","/baza-znaniy/interesnye-fakty","ru","Что удивляет в Аргентине: интересные факты","published_public","not_recorded","not_recorded","review_required","not_recorded","2026-07-04","2026-07-04","2026-12-31","574","https://upload.wikimedia.org/wikipedia/commons/thumb/a/a3/193_-_Buenos_Aires_-_Puerto_Madero_-_Janvier_2010.jpg/1920px-193_-_Buenos_Aires_-_Puerto_Madero_-_Janvier_2010.jpg","0","1","5","17","1","yes","yes","100","KEEP","Content editor","publication_gate_clean"
"iruya","kb_attraction","/baza-znaniy/iruya","ru","Iruya","quarantined","not_recorded","not_recorded","review_required","not_recorded","2026-07-07","2026-07-07","2026-10-05","59","/media/argentina-travel/iruya/1623700338889-62__fieles_dif__iruya__fel.jpg","0","1","0","0","1","no","not_public","10","DEEP_REWRITE","Content editor","not_publication_ready;non_russian_title;non_russian_summary"
"ischigualasto","kb_national_park","/baza-znaniy/ischigualasto","ru","Парк Исчигуаласто (Долина Луны)","published_public","not_recorded","not_recorded","review_required","not_recorded","2026-07-02","2026-07-02","2026-12-29","746","https://upload.wikimedia.org/wikipedia/commons/thumb/d/df/El_Hongo%2C_Ischigualasto%2C_Valle_F%C3%A9rtil%2C_prov._de_San_Juan%2C_Argentina.JPG/1920px-El_Hongo%2C_Ischigualasto%2C_Valle_F%C3%A9rtil%2C_prov._de_San_Juan%2C_Argentina.JPG","0","3","5","5","3","yes","yes","100","KEEP","Content editor","publication_gate_clean"
"isla-del-cerrito","kb_attraction","/baza-znaniy/isla-del-cerrito","ru","Isla del Cerrito","quarantined","not_recorded","not_recorded","review_required","not_recorded","2026-07-07","2026-07-07","2026-10-05","63","/media/argentina-travel/isla-del-cerrito/1643403331748-isla_del_cerrito_rio_pesca_atardecer_sol_silueta.jpg","0","1","0","0","1","no","not_public","10","DEEP_REWRITE","Content editor","not_publication_ready;non_russian_title;non_russian_summary"
"isla-medialuna-antartida","kb_attraction","/baza-znaniy/isla-medialuna-antartida","ru","Half Moon Island, Antarctica","quarantined","not_recorded","not_recorded","review_required","not_recorded","2026-07-07","2026-07-07","2026-10-05","64","/media/argentina-travel/isla-medialuna-antartida/1656645325769-isla_medialuna__.jpg","0","1","0","0","1","no","not_public","10","DEEP_REWRITE","Content editor","not_publication_ready;non_russian_title;non_russian_summary"
"ispanskij-dlya-puteshestvennika","kb_guide","/baza-znaniy/ispanskij-dlya-puteshestvennika","ru","Аргентинский испанский для путешественника","quarantined","not_recorded","not_recorded","review_required","not_recorded","2026-07-02","2026-07-02","2026-12-29","604","missing","0","1","4","4","0","no","not_public","50","DEEP_REWRITE","Content editor","placeholder_content"
"istoriya-argentiny","kb_guide","/baza-znaniy/istoriya-argentiny","ru","История Аргентины: три опорные темы для путешественника","published_public","not_recorded","not_recorded","review_required","not_recorded","2026-07-17","2026-07-17","2026-08-31","191","missing","0","3","0","0","3","yes","yes","100","KEEP","Content editor","publication_gate_clean"
"istoriya-zheleznyh-dorog","kb_transport","/baza-znaniy/istoriya-zheleznyh-dorog","ru","История железных дорог Аргентины: расцвет и упадок","published_public","not_recorded","not_recorded","review_required","not_recorded","2026-07-04","2026-07-04","2026-12-31","493","https://upload.wikimedia.org/wikipedia/commons/thumb/6/60/Estacion_Retiro_-_Tren_Mitre.jpg/1920px-Estacion_Retiro_-_Tren_Mitre.jpg","0","1","5","7","1","yes","yes","100","KEEP","Content editor","publication_gate_clean"
"ituzaingo","kb_attraction","/baza-znaniy/ituzaingo","ru","Ituzaingó","quarantined","not_recorded","not_recorded","review_required","not_recorded","2026-07-07","2026-07-07","2026-10-05","64","/media/argentina-travel/ituzaingo/1656636296655-ituzaing____cambyret____esteros_del_iber____nikond7000dsc_0188.jpg","0","1","0","0","1","no","not_public","10","DEEP_REWRITE","Content editor","not_publication_ready;non_russian_title;non_russian_summary"
"iz-esejsy-v-ba","kb_transport","/baza-znaniy/iz-esejsy-v-ba","ru","Из аэропорта Эсейса в Буэнос-Айрес","published_public","not_recorded","not_recorded","review_required","not_recorded","2026-07-02","2026-07-02","2026-09-30","665","missing","0","2","4","5","2","yes","yes","100","KEEP","Content editor","publication_gate_clean"
"jaaukanigas","kb_attraction","/baza-znaniy/jaaukanigas","ru","Jaaukanigás","quarantined","not_recorded","not_recorded","review_required","not_recorded","2026-07-07","2026-07-07","2026-10-05","60","/media/argentina-travel/jaaukanigas/1624390563597-minturer___aventura_4.jpg","0","1","0","0","1","no","not_public","10","DEEP_REWRITE","Content editor","not_publication_ready;non_russian_title;non_russian_summary"
"jachal","kb_attraction","/baza-znaniy/jachal","ru","Jáchal","quarantined","not_recorded","not_recorded","review_required","not_recorded","2026-07-07","2026-07-07","2026-10-05","62","/media/argentina-travel/jachal/1624019747428-j_chal_3.jpg","0","1","0","0","1","no","not_public","10","DEEP_REWRITE","Content editor","not_publication_ready;non_russian_title;non_russian_summary"
"jaramillo","kb_attraction","/baza-znaniy/jaramillo","ru","Jaramillo","quarantined","not_recorded","not_recorded","review_required","not_recorded","2026-07-07","2026-07-07","2026-10-05","62","/media/argentina-travel/jaramillo/1640115230718-dsc_5882_00001.jpg","0","1","0","0","1","no","not_public","10","DEEP_REWRITE","Content editor","not_publication_ready;non_russian_title;non_russian_summary"
"juan-jose-castelli","kb_attraction","/baza-znaniy/juan-jose-castelli","ru","Juan José Castelli","quarantined","not_recorded","not_recorded","review_required","not_recorded","2026-07-07","2026-07-07","2026-10-05","63","/media/argentina-travel/juan-jose-castelli/1644328147760-arte__historia_y_cultura___castelli_cultura___chaco__1_.jpg","0","1","0","0","1","no","not_public","10","DEEP_REWRITE","Content editor","not_publication_ready;non_russian_title;non_russian_summary"
"jujuy-en-bicicleta","kb_attraction","/baza-znaniy/jujuy-en-bicicleta","ru","Cover Jujuy by Bike","quarantined","not_recorded","not_recorded","review_required","not_recorded","2026-07-07","2026-07-07","2026-10-05","60","/media/argentina-travel/jujuy-en-bicicleta/1656649061453-jujuy_bici2.jpg","0","1","0","0","1","no","not_public","10","DEEP_REWRITE","Content editor","not_publication_ready;non_russian_title;non_russian_summary"
"junin-de-los-andes","kb_attraction","/baza-znaniy/junin-de-los-andes","ru","Junín de los Andes","quarantined","not_recorded","not_recorded","review_required","not_recorded","2026-07-07","2026-07-07","2026-10-05","61","/media/argentina-travel/junin-de-los-andes/1628781776490-mtb_huechulafquen_pnl_jandes_6_baja.jpg","0","1","0","0","1","no","not_public","10","DEEP_REWRITE","Content editor","not_publication_ready;non_russian_title;non_russian_summary"
"kachi","kb_attraction","/baza-znaniy/kachi","ru","Качи","published_public","not_recorded","not_recorded","review_required","not_recorded","2026-07-03","2026-07-03","2026-12-30","412","https://upload.wikimedia.org/wikipedia/commons/thumb/1/11/Cachi%2C_Argentina_03.jpg/1920px-Cachi%2C_Argentina_03.jpg","0","2","4","5","2","yes","yes","100","KEEP","Content editor","publication_gate_clean"
"kak-dobratsya-iz-rossii","kb_transport","/baza-znaniy/kak-dobratsya-iz-rossii","ru","Как добраться из России и стран СНГ в Аргентину","published_public","not_recorded","not_recorded","review_required","not_recorded","2026-07-17","2026-07-17","2026-08-31","321","missing","0","1","0","0","1","yes","yes","100","KEEP","Content editor","publication_gate_clean"
"kak-kupit-aviabilety-deshevle","kb_faq","/baza-znaniy/kak-kupit-aviabilety-deshevle","ru","Как купить внутренние авиабилеты по Аргентине дешевле?","quarantined","not_recorded","not_recorded","review_required","not_recorded","2026-06-30","2026-06-30","2026-09-28","99","missing","0","0","0","0","0","no","not_public","80","EXPAND","Content editor","thin_content"
"kak-menyat-valyutu","kb_guide","/baza-znaniy/kak-menyat-valyutu","ru","Как менять валюту в Аргентине: курс, blue, MEP, карты","published_public","not_recorded","not_recorded","review_required","not_recorded","2026-07-17","2026-07-17","2026-08-31","769","missing","0","6","5","5","6","yes","yes","100","KEEP","Content editor","publication_gate_clean"
"kak-oplatit-tur-i-zhilyo-zaranee","kb_faq","/baza-znaniy/kak-oplatit-tur-i-zhilyo-zaranee","ru","Как оплатить тур, отель или экскурсию заранее, если моя карта РФ не работает?","quarantined","not_recorded","not_recorded","review_required","not_recorded","2026-07-05","2026-07-05","2026-08-19","236","missing","0","0","0","3","0","no","not_public","0","LEGAL_REVIEW","Fact checker + legal reviewer","missing_sensitive_source"
"kak-perevezti-kota-ili-sobaku","kb_faq","/baza-znaniy/kak-perevezti-kota-ili-sobaku","ru","Как перевезти кота или собаку в Аргентину?","published_public","not_recorded","not_recorded","review_required","not_recorded","2026-07-17","2026-07-17","2026-08-31","163","missing","0","1","0","0","1","yes","yes","100","KEEP","Content editor","publication_gate_clean"
"kak-platit-esli-karta-rf-ne-rabotaet","kb_faq","/baza-znaniy/kak-platit-esli-karta-rf-ne-rabotaet","ru","Как платить в Аргентине, если карты российских банков не работают?","quarantined","not_recorded","not_recorded","review_required","not_recorded","2026-06-30","2026-06-30","2026-08-14","105","missing","0","0","0","0","0","no","not_public","0","LEGAL_REVIEW","Fact checker + legal reviewer","missing_sensitive_source;thin_content"
"kak-poluchit-grazhdanstvo-za-2-goda","kb_faq","/baza-znaniy/kak-poluchit-grazhdanstvo-za-2-goda","ru","Правда ли, что гражданство Аргентины можно получить за 2 года?","quarantined","not_recorded","not_recorded","review_required","not_recorded","2026-06-30","2026-06-30","2026-08-14","106","missing","0","0","0","0","0","no","not_public","0","LEGAL_REVIEW","Fact checker + legal reviewer","missing_sensitive_source;thin_content"
"kak-poluchit-prava-v-argentine","kb_guide","/baza-znaniy/kak-poluchit-prava-v-argentine","ru","Как получить водительские права в Аргентине: иностранные, обмен и получение с нуля","published_public","not_recorded","not_recorded","review_required","not_recorded","2026-07-17","2026-07-17","2026-08-31","380","missing","0","5","0","0","5","yes","yes","100","KEEP","Content editor","publication_gate_clean"
"kak-snyat-kvartiru-bez-garanta","kb_faq","/baza-znaniy/kak-snyat-kvartiru-bez-garanta","ru","Как снять квартиру в Аргентине без гаранта (garantía)?","published_public","not_recorded","not_recorded","review_required","not_recorded","2026-07-17","2026-07-17","2026-08-31","136","missing","0","2","0","0","2","yes","yes","100","KEEP","Content editor","publication_gate_clean"
"kakie-dokumenty-vezti-s-soboj","kb_faq","/baza-znaniy/kakie-dokumenty-vezti-s-soboj","ru","Какие документы везти с собой при переезде в Аргентину?","published_public","not_recorded","not_recorded","review_required","not_recorded","2026-07-17","2026-07-17","2026-08-31","134","missing","0","1","0","0","1","yes","yes","100","KEEP","Content editor","publication_gate_clean"
"kakie-privivki-nuzhny-dlya-argentiny","kb_faq","/baza-znaniy/kakie-privivki-nuzhny-dlya-argentiny","ru","Какие прививки нужны для поездки в Аргентину?","published_public","not_recorded","not_recorded","review_required","not_recorded","2026-07-01","2026-07-01","2026-12-28","217","missing","0","2","0","1","2","yes","yes","100","KEEP","Content editor","publication_gate_clean"
"kakie-rajony-ba-izbegat","kb_faq","/baza-znaniy/kakie-rajony-ba-izbegat","ru","Какие районы Буэнос-Айреса стоит избегать?","quarantined","not_recorded","not_recorded","review_required","not_recorded","2026-06-30","2026-06-30","2026-09-28","104","missing","0","0","0","0","0","no","not_public","80","EXPAND","Content editor","thin_content"
"kakie-rozetki-v-argentine","kb_faq","/baza-znaniy/kakie-rozetki-v-argentine","ru","Какие розетки и напряжение в Аргентине, нужен ли адаптер?","published_public","not_recorded","not_recorded","review_required","not_recorded","2026-07-04","2026-07-04","2026-12-31","162","missing","0","1","0","2","0","yes","yes","100","KEEP","Content editor","publication_gate_clean"
"kakoj-dohod-nuzhen-dlya-rantye","kb_faq","/baza-znaniy/kakoj-dohod-nuzhen-dlya-rantye","ru","Какой доход нужен для получения резиденции рантье в Аргентине?","quarantined","not_recorded","not_recorded","review_required","not_recorded","2026-06-30","2026-06-30","2026-08-14","104","missing","0","0","0","0","0","no","not_public","0","LEGAL_REVIEW","Fact checker + legal reviewer","missing_sensitive_source;thin_content"
"kakoj-mesyats-kuda-ehat","kb_faq","/baza-znaniy/kakoj-mesyats-kuda-ehat","ru","У меня отпуск в конкретном месяце — куда в Аргентине в это время реально ехать?","quarantined","not_recorded","not_recorded","review_required","not_recorded","2026-07-05","2026-07-05","2026-10-03","223","missing","0","0","0","2","0","no","not_public","70","HUMAN_REVIEW","Content editor","not_publication_ready"
"kakoj-otrub-steika-zakazat","kb_faq","/baza-znaniy/kakoj-otrub-steika-zakazat","ru","Bife de chorizo и ojo de bife — в чём разница, и что такое рибай?","quarantined","not_recorded","not_recorded","review_required","not_recorded","2026-06-30","2026-06-30","2026-12-27","69","missing","0","0","0","0","0","no","not_public","80","EXPAND","Content editor","thin_content"
"kaminito-la-boka","kb_attraction","/baza-znaniy/kaminito-la-boka","ru","Каминито и квартал Ла-Бока","published_public","not_recorded","not_recorded","review_required","not_recorded","2026-07-17","2026-07-17","2026-08-31","218","https://upload.wikimedia.org/wikipedia/commons/0/0c/Colorful_houses_of_La_Boca_01.jpg","0","4","5","2","4","yes","yes","100","KEEP","Content editor","publication_gate_clean"
"kanal-bigl-i-poezd-na-kray-sveta","kb_attraction","/baza-znaniy/kanal-bigl-i-poezd-na-kray-sveta","ru","Пролив Бигль и «Поезд на край света»","published_public","not_recorded","not_recorded","review_required","not_recorded","2026-07-02","2026-07-02","2026-12-29","636","https://upload.wikimedia.org/wikipedia/commons/thumb/8/88/Les_Eclaireurs_lighthouse%2C_Beagle_Channel%2C_Argentina.jpg/1600px-Les_Eclaireurs_lighthouse%2C_Beagle_Channel%2C_Argentina.jpg","0","4","5","2","4","yes","yes","100","KEEP","Content editor","publication_gate_clean"
"kayak-en-bariloche","kb_attraction","/baza-znaniy/kayak-en-bariloche","ru","Каякинг на озёрах Барилоче","quarantined","not_recorded","not_recorded","review_required","not_recorded","2026-07-07","2026-07-07","2026-10-05","61","/media/argentina-travel/kayak-en-bariloche/1656644909885-kayak_.jpg","0","1","0","0","1","no","not_public","80","EXPAND","Content editor","thin_content"
"kayak-en-el-parana","kb_attraction","/baza-znaniy/kayak-en-el-parana","ru","Kayaking in the Paraná","quarantined","not_recorded","not_recorded","review_required","not_recorded","2026-07-07","2026-07-07","2026-10-05","64","/media/argentina-travel/kayak-en-el-parana/1643144446143-jaaukanigas.jpg","0","1","0","0","1","no","not_public","10","DEEP_REWRITE","Content editor","not_publication_ready;non_russian_title;non_russian_summary"
"kemping-i-palatki","kb_guide","/baza-znaniy/kemping-i-palatki","ru","Кемпинг в национальных парках Аргентины","published_public","not_recorded","not_recorded","review_required","not_recorded","2026-07-17","2026-07-17","2026-08-31","164","missing","0","3","0","0","3","yes","yes","100","KEEP","Content editor","publication_gate_clean"
"kladbische-recoleta","kb_attraction","/baza-znaniy/kladbische-recoleta","ru","Кладбище Реколета","published_public","not_recorded","not_recorded","review_required","not_recorded","2026-07-02","2026-07-02","2026-12-29","499","https://upload.wikimedia.org/wikipedia/commons/thumb/6/6b/Vista_desde_el_aire_del_Cementerio_de_la_Recoleta_01.jpg/1920px-Vista_desde_el_aire_del_Cementerio_de_la_Recoleta_01.jpg","0","3","5","2","3","yes","yes","100","KEEP","Content editor","publication_gate_clean"
"klimat-po-regionam","kb_guide","/baza-znaniy/klimat-po-regionam","ru","Климат Аргентины по регионам","published_public","not_recorded","not_recorded","review_required","not_recorded","2026-06-30","2026-06-30","2026-12-27","529","missing","0","4","5","5","4","yes","yes","100","KEEP","Content editor","publication_gate_clean"
"kogda-luchshe-ehat-v-argentinu","kb_faq","/baza-znaniy/kogda-luchshe-ehat-v-argentinu","ru","Когда лучше ехать в Аргентину?","quarantined","not_recorded","not_recorded","review_required","not_recorded","2026-06-30","2026-06-30","2026-09-28","93","missing","0","0","0","0","0","no","not_public","80","EXPAND","Content editor","thin_content"
"kogda-smotret-kitov-v-argentine","kb_faq","/baza-znaniy/kogda-smotret-kitov-v-argentine","ru","Когда лучше смотреть китов в Аргентине?","published_public","not_recorded","not_recorded","review_required","not_recorded","2026-07-01","2026-07-01","2026-12-28","200","missing","0","2","0","2","2","yes","yes","100","KEEP","Content editor","publication_gate_clean"
"kogda-uchebnyj-god-v-argentine","kb_faq","/baza-znaniy/kogda-uchebnyj-god-v-argentine","ru","Когда начинается учебный год в Аргентине?","published_public","not_recorded","not_recorded","review_required","not_recorded","2026-07-17","2026-07-17","2026-08-31","211","missing","0","3","0","0","3","yes","yes","100","KEEP","Content editor","publication_gate_clean"
"kordova","kb_city","/baza-znaniy/kordova","ru","Кордова","published_public","not_recorded","not_recorded","review_required","not_recorded","2026-07-02","2026-07-02","2026-12-29","427","https://upload.wikimedia.org/wikipedia/commons/4/41/Catedral_de_C%C3%B3rdoba_%28Argentina%29_2010-04-09.jpg","0","5","5","6","4","yes","yes","100","KEEP","Content editor","publication_gate_clean"
"korrientes","kb_city","/baza-znaniy/korrientes","ru","Корриентес","published_public","not_recorded","not_recorded","review_required","not_recorded","2026-07-02","2026-07-02","2026-12-29","544","https://upload.wikimedia.org/wikipedia/commons/2/2a/Corrientes_Montage.jpg","0","5","6","4","4","yes","yes","100","KEEP","Content editor","publication_gate_clean"
"kovorkingi-i-rabota-nomada","kb_guide","/baza-znaniy/kovorkingi-i-rabota-nomada","ru","Коворкинги и удалённая работа: безопасная проверка условий","quarantined","not_recorded","not_recorded","review_required","not_recorded","2026-07-17","2026-07-17","2026-08-31","137","missing","0","1","0","0","1","no","not_public","70","HUMAN_REVIEW","Content editor","not_publication_ready"
"kuhnya","kb_guide","/baza-znaniy/kuhnya","ru","Кухня Аргентины","quarantined","not_recorded","not_recorded","review_required","not_recorded","2026-07-02","2026-07-02","2026-12-29","763","missing","0","1","5","7","0","no","not_public","80","DEEP_REWRITE","Content editor","mixed_script_word"
"la-aripuca","kb_attraction","/baza-znaniy/la-aripuca","ru","Ла-Арипука","quarantined","not_recorded","not_recorded","review_required","not_recorded","2026-07-07","2026-07-07","2026-10-05","74","/media/argentina-travel/la-aripuca/1638474226362-copia_de_la_aripuca__6_.jpg","0","1","0","0","1","no","not_public","50","EXPAND","Content editor","not_publication_ready;thin_content"
"la-cumbrecita","kb_attraction","/baza-znaniy/la-cumbrecita","ru","Ла-Кумбресита и Сьерры Кордовы","published_public","not_recorded","not_recorded","review_required","not_recorded","2026-07-07","2026-07-07","2027-01-03","423","/media/argentina-travel/la-cumbrecita/1649774082968-la_cumbrecita_4.jpg","0","1","5","3","2","yes","yes","100","KEEP","Content editor","publication_gate_clean"
"la-mitica-ruta-40","kb_attraction","/baza-znaniy/la-mitica-ruta-40","ru","Легендарная Рута 40","quarantined","not_recorded","not_recorded","review_required","not_recorded","2026-07-07","2026-07-07","2026-10-05","77","/media/argentina-travel/la-mitica-ruta-40/1626960953393-ruta_40_en_la_patagonia___ph_paolo_petrignani.jpg","0","1","0","0","1","no","not_public","50","EXPAND","Content editor","not_publication_ready;thin_content"
"la-plata","kb_city","/baza-znaniy/la-plata","ru","Ла-Плата","published_public","not_recorded","not_recorded","review_required","not_recorded","2026-07-02","2026-07-02","2026-12-29","632","https://upload.wikimedia.org/wikipedia/commons/thumb/d/d4/CATEDRAL_de_LA_PLATA%2C_ARGENTINA.jpg/1920px-CATEDRAL_de_LA_PLATA%2C_ARGENTINA.jpg","0","7","8","4","5","yes","yes","100","KEEP","Content editor","publication_gate_clean"
"la-rioja","kb_city","/baza-znaniy/la-rioja","ru","Ла-Риоха","published_public","not_recorded","not_recorded","review_required","not_recorded","2026-07-02","2026-07-02","2026-12-29","343","https://upload.wikimedia.org/wikipedia/commons/thumb/a/a3/Catedral_de_La_Rioja%2C_Argentina.JPG/1920px-Catedral_de_La_Rioja%2C_Argentina.JPG","0","4","5","4","3","yes","yes","100","KEEP","Content editor","publication_gate_clean"
"la-rioja-off-road","kb_attraction","/baza-znaniy/la-rioja-off-road","ru","Ла-Риоха: бездорожье","quarantined","not_recorded","not_recorded","review_required","not_recorded","2026-07-07","2026-07-07","2026-10-05","77","/media/argentina-travel/la-rioja-off-road/1656698393928-la_rioja___pn_talampaya__4___1_.jpg","0","1","0","0","1","no","not_public","50","EXPAND","Content editor","not_publication_ready;thin_content"
"la-ruta-del-chocolate","kb_attraction","/baza-znaniy/la-ruta-del-chocolate","ru","Шоколадный путь","quarantined","not_recorded","not_recorded","review_required","not_recorded","2026-07-07","2026-07-07","2026-10-05","71","/media/argentina-travel/la-ruta-del-chocolate/1629225092408-bariloche__6_.jpg","0","1","0","0","1","no","not_public","50","EXPAND","Content editor","not_publication_ready;thin_content"
"la-ruta-del-pehuen","kb_attraction","/baza-znaniy/la-ruta-del-pehuen","ru","Путь араукарии","quarantined","not_recorded","not_recorded","review_required","not_recorded","2026-07-07","2026-07-07","2026-10-05","76","/media/argentina-travel/la-ruta-del-pehuen/1628811055723-neuquen_caviahue_flora_chochos_nikon_d3_013.jpg","0","1","0","0","1","no","not_public","50","EXPAND","Content editor","not_publication_ready;thin_content"
"laberinto-patagonia","kb_attraction","/baza-znaniy/laberinto-patagonia","ru","Лабиринт Патагонии","quarantined","not_recorded","not_recorded","review_required","not_recorded","2026-07-07","2026-07-07","2026-10-05","60","/media/argentina-travel/laberinto-patagonia/1636041335739-laberinto_patagonia_4.jpg","0","1","0","0","1","no","not_public","80","EXPAND","Content editor","thin_content"
"lago-del-desierto","kb_attraction","/baza-znaniy/lago-del-desierto","ru","Лаго-дель-Десьерто","quarantined","not_recorded","not_recorded","review_required","not_recorded","2026-07-07","2026-07-07","2026-10-05","77","/media/argentina-travel/lago-del-desierto/1650307373851-lago_del_desierto_fotos_myrna_ermrich_0032.jpg","0","1","0","0","1","no","not_public","50","EXPAND","Content editor","not_publication_ready;thin_content"
"lago-mascardi","kb_attraction","/baza-znaniy/lago-mascardi","ru","Озеро Маскарди","quarantined","not_recorded","not_recorded","review_required","not_recorded","2026-07-07","2026-07-07","2026-10-05","73","/media/argentina-travel/lago-mascardi/1625016093449-rio_negro___cordillera___pesca.jpg","0","1","0","0","1","no","not_public","30","DEEP_REWRITE","Content editor","not_publication_ready;mixed_script_word;thin_content"
"lago-posadas","kb_attraction","/baza-znaniy/lago-posadas","ru","Озеро Посадас","quarantined","not_recorded","not_recorded","review_required","not_recorded","2026-07-07","2026-07-07","2026-10-05","71","/media/argentina-travel/lago-posadas/1636990696826-_ed76152_alta.jpg","0","1","0","0","1","no","not_public","50","EXPAND","Content editor","not_publication_ready;thin_content"
"lagos-de-tierra-del-fuego","kb_attraction","/baza-znaniy/lagos-de-tierra-del-fuego","ru","Озёра Огненной Земли","quarantined","not_recorded","not_recorded","review_required","not_recorded","2026-07-07","2026-07-07","2026-10-05","62","/media/argentina-travel/lagos-de-tierra-del-fuego/1624392625615-lago_yehuin_h.jpg","0","1","0","0","1","no","not_public","80","EXPAND","Content editor","thin_content"
"laguna-de-mar-chiquita","kb_attraction","/baza-znaniy/laguna-de-mar-chiquita","ru","Лагуна Мар-Чикита","quarantined","not_recorded","not_recorded","review_required","not_recorded","2026-07-07","2026-07-07","2026-10-05","75","/media/argentina-travel/laguna-de-mar-chiquita/1624382386451-mar_chiquita___miramar.jpg","0","1","0","0","1","no","not_public","50","EXPAND","Content editor","not_publication_ready;thin_content"
"laguna-esmeralda","kb_attraction","/baza-znaniy/laguna-esmeralda","ru","Лагуна Эсмеральда","quarantined","not_recorded","not_recorded","review_required","not_recorded","2026-07-07","2026-07-07","2026-10-05","73","/media/argentina-travel/laguna-esmeralda/1656645680365-10__hora_de_despedirse__por_un_rato____time_to_say_goodbye__for_a_","0","1","0","0","1","no","not_public","50","EXPAND","Content editor","not_publication_ready;thin_content"
"laguna-melincue","kb_attraction","/baza-znaniy/laguna-melincue","ru","Лагуна Мелинкуэ","quarantined","not_recorded","not_recorded","review_required","not_recorded","2026-07-07","2026-07-07","2026-10-05","71","/media/argentina-travel/laguna-melincue/1644344478653-a30.jpg","0","1","0","0","1","no","not_public","50","EXPAND","Content editor","not_publication_ready;thin_content"
"lanin","kb_national_park","/baza-znaniy/lanin","ru","Национальный парк Ланин","published_public","not_recorded","not_recorded","review_required","not_recorded","2026-07-02","2026-07-02","2026-12-29","1186","https://upload.wikimedia.org/wikipedia/commons/thumb/3/3b/Lago_Huechulafquen_-_Parque_Nacional_Lanin_%284661665977%29.jpg/1920px-Lago_Huechulafquen_-_Parque_Nacional_Lanin_%284661665977%29.jpg","0","3","7","4","3","yes","yes","100","KEEP","Content editor","publication_gate_clean"
"lanin-sever-araukarii-i-termy","kb_author_tip","/baza-znaniy/lanin-sever-araukarii-i-termy","ru","Ланин: тихий север парка с араукариями и дикими термами, куда мало кто доезжает","published_public","not_recorded","not_recorded","review_required","not_recorded","2026-06-30","2026-06-30","2026-09-28","151","missing","0","1","0","2","0","yes","yes","100","KEEP","Content editor","publication_gate_clean"
"las-lenas","kb_attraction","/baza-znaniy/las-lenas","ru","Лас-Леньяс","quarantined","not_recorded","not_recorded","review_required","not_recorded","2026-07-06","2026-07-06","2026-10-04","194","missing","0","0","4","3","0","no","not_public","85","LIGHT_EDIT","Media editor","missing_hero"
"legado-jesuita-en-cordoba","kb_attraction","/baza-znaniy/legado-jesuita-en-cordoba","ru","Jesuit legacy in Córdoba","quarantined","not_recorded","not_recorded","review_required","not_recorded","2026-07-07","2026-07-07","2026-10-05","66","/media/argentina-travel/legado-jesuita-en-cordoba/1624379756024-cordoba_capital_horizontales__1_.jpg","0","1","0","0","1","no","not_public","10","DEEP_REWRITE","Content editor","not_publication_ready;non_russian_title;non_russian_summary"
"lgbt-travel","kb_guide","/baza-znaniy/lgbt-travel","ru","ЛГБТ-путешествия и жизнь в Аргентине","published_public","not_recorded","not_recorded","review_required","not_recorded","2026-07-03","2026-07-03","2026-12-30","487","missing","0","2","4","5","2","yes","yes","100","KEEP","Content editor","publication_gate_clean"
"lihue-calel","kb_national_park","/baza-znaniy/lihue-calel","ru","Национальный парк Лиуэ-Калель","published_public","not_recorded","not_recorded","review_required","not_recorded","2026-07-02","2026-07-02","2026-12-29","657","https://upload.wikimedia.org/wikipedia/commons/thumb/4/43/Parque_Nacional_Lihue_Calel%2C_La_Pampa%2C_Argentina_._-_panoramio.jpg/1920px-Parque_Nacional_Lihue_Calel%2C_La_Pampa%2C_Argentina_._-_panoramio.jpg","0","4","7","3","4","yes","yes","100","KEEP","Content editor","publication_gate_clean"
"litoral","kb_region","/baza-znaniy/litoral","ru","Литораль (Северо-Восток / Месопотамия)","published_public","not_recorded","not_recorded","review_required","not_recorded","2026-07-04","2026-07-04","2026-12-31","422","https://upload.wikimedia.org/wikipedia/commons/thumb/3/31/Iguazu_D%C3%A9cembre_2007_-_Panorama_2.jpg/1920px-Iguazu_D%C3%A9cembre_2007_-_Panorama_2.jpg","0","1","5","12","0","yes","yes","100","KEEP","Content editor","publication_gate_clean"
"los-alerces","kb_national_park","/baza-znaniy/los-alerces","ru","Национальный парк Лос-Алерсес","published_public","not_recorded","not_recorded","review_required","not_recorded","2026-07-02","2026-07-02","2026-12-29","1214","https://upload.wikimedia.org/wikipedia/commons/thumb/b/b5/Lago_Futalaufquen-2020.jpg/1920px-Lago_Futalaufquen-2020.jpg","0","4","7","4","4","yes","yes","100","KEEP","Content editor","publication_gate_clean"
"los-antiguos","kb_city","/baza-znaniy/los-antiguos","ru","Los Antiguos","quarantined","not_recorded","not_recorded","review_required","not_recorded","2026-07-07","2026-07-07","2026-10-05","59","/media/argentina-travel/los-antiguos/1636988701746-_mg_8163edit.jpg","0","1","0","0","1","no","not_public","35","DEEP_REWRITE","Content editor","not_publication_ready;non_russian_title"
"los-cardones","kb_national_park","/baza-znaniy/los-cardones","ru","Национальный парк Лос-Кардонес","published_public","not_recorded","not_recorded","review_required","not_recorded","2026-07-02","2026-07-02","2026-12-29","817","https://upload.wikimedia.org/wikipedia/commons/thumb/9/93/Parc_national_los_cardones_%28RP_33%29.jpg/1920px-Parc_national_los_cardones_%28RP_33%29.jpg","0","2","5","6","2","yes","yes","100","HUMAN_REVIEW","Content architect","publication_gate_clean;exact_title_duplicate_review_required"
"los-gigantes","kb_attraction","/baza-znaniy/los-gigantes","ru","Лос-Хигантес","quarantined","not_recorded","not_recorded","review_required","not_recorded","2026-07-07","2026-07-07","2026-10-05","68","/media/argentina-travel/los-gigantes/1649775934721-los_gigantes_2.jpg","0","1","0","0","1","no","not_public","50","EXPAND","Content editor","not_publication_ready;thin_content"
"los-glasiares","kb_national_park","/baza-znaniy/los-glasiares","ru","Национальный парк Лос-Гласьярес","published_public","not_recorded","not_recorded","review_required","not_recorded","2026-07-07","2026-07-07","2027-01-03","454","/media/argentina-travel/los-glasiares/1640118437187-calafate__162___1_.jpg","0","1","5","10","1","yes","yes","100","KEEP","Content editor","publication_gate_clean"
"los-glasiares-ritm-dvuh-baz","kb_author_tip","/baza-znaniy/los-glasiares-ritm-dvuh-baz","ru","Лос-Гласьярес: как пройти Перито-Морено и Фицрой без толп и без риска остаться без погоды","published_public","not_recorded","not_recorded","review_required","not_recorded","2026-06-30","2026-06-30","2026-09-28","222","missing","0","1","0","3","0","yes","yes","100","KEEP","Content editor","publication_gate_clean"
"los-valles-calchaquies","kb_attraction","/baza-znaniy/los-valles-calchaquies","ru","Долины Кальчаки","quarantined","not_recorded","not_recorded","review_required","not_recorded","2026-07-07","2026-07-07","2026-10-05","73","/media/argentina-travel/los-valles-calchaquies/1623699964244-pano_cf_2012_014_salta_cafayate_5d2_4218.jpg","0","1","0","0","1","no","not_public","50","EXPAND","Content editor","not_publication_ready;thin_content"
"lujan","kb_city","/baza-znaniy/lujan","ru","Лухан","quarantined","not_recorded","not_recorded","review_required","not_recorded","2026-07-06","2026-07-06","2026-10-04","236","missing","0","0","4","3","0","no","not_public","85","LIGHT_EDIT","Media editor","missing_hero"
"lyubimoe-asado-mesto","kb_author_tip","/baza-znaniy/lyubimoe-asado-mesto","ru","Любимая паррилья или место для асадо у Ивана","quarantined","not_recorded","not_recorded","review_required","not_recorded","not_recorded","not_recorded","review_required","156","missing","0","0","0","2","0","no","not_public","100","KEEP","Content editor","publication_gate_clean"
"lyubimoe-mesto-ne-iz-putevoditelej","kb_author_tip","/baza-znaniy/lyubimoe-mesto-ne-iz-putevoditelej","ru","Мой любимый район Буэнос-Айреса — тихий Parque Chas","published_public","not_recorded","not_recorded","review_required","not_recorded","2026-07-04","2026-07-04","2026-12-31","224","missing","0","0","0","3","0","yes","yes","100","KEEP","Content editor","publication_gate_clean"
"maimara","kb_attraction","/baza-znaniy/maimara","ru","Maimará","quarantined","not_recorded","not_recorded","review_required","not_recorded","2026-07-07","2026-07-07","2026-10-05","55","/media/argentina-travel/maimara/1623770281015-jujuy_quebrada_maimara_agricultores_canon_mk_iv__13_.jpg","0","1","0","0","1","no","not_public","10","DEEP_REWRITE","Content editor","not_publication_ready;non_russian_title;non_russian_summary"
"malargue","kb_attraction","/baza-znaniy/malargue","ru","Malargüe","quarantined","not_recorded","not_recorded","review_required","not_recorded","2026-07-07","2026-07-07","2026-10-05","55","/media/argentina-travel/malargue/1626726689997-_dsc8548.jpg","0","1","0","0","1","no","not_public","10","DEEP_REWRITE","Content editor","not_publication_ready;non_russian_title;non_russian_summary"
"mar-de-las-pampas","kb_attraction","/baza-znaniy/mar-de-las-pampas","ru","Мар-де-лас-Пампас","quarantined","not_recorded","not_recorded","review_required","not_recorded","2026-07-06","2026-07-06","2026-10-04","24","missing","0","0","0","0","1","no","not_public","65","EXPAND","Media editor","thin_content;missing_hero"
"mar-del-plata","kb_city","/baza-znaniy/mar-del-plata","ru","Мар-дель-Плата","published_public","not_recorded","not_recorded","review_required","not_recorded","2026-07-02","2026-07-02","2026-12-29","456","https://upload.wikimedia.org/wikipedia/commons/thumb/d/da/Mar_del_Plata_City.jpg/1920px-Mar_del_Plata_City.jpg","0","5","6","4","3","yes","yes","100","KEEP","Content editor","publication_gate_clean"
"marshrut-vyhodnogo-dnya-ivana","kb_author_tip","/baza-znaniy/marshrut-vyhodnogo-dnya-ivana","ru","Авторский маршрут выходного дня от Ивана","quarantined","not_recorded","not_recorded","review_required","not_recorded","not_recorded","not_recorded","review_required","163","missing","0","0","0","2","0","no","not_public","100","KEEP","Content editor","publication_gate_clean"
"mate","kb_guide","/baza-znaniy/mate","ru","Мате: национальный напиток и его этикет","quarantined","not_recorded","not_recorded","review_required","not_recorded","2026-07-04","2026-07-04","2026-12-31","579","https://upload.wikimedia.org/wikipedia/commons/thumb/4/40/Traditional_mate_set_calabash_gourd_with_La_Merced_yerba_mate.jpg/1920px-Traditional_mate_set_calabash_gourd_with_La_Merced_yerba_mate.jpg","0","2","5","4","2","no","not_public","80","DEEP_REWRITE","Content editor","mixed_script_word"
"mate-en-la-laguna-capri","kb_attraction","/baza-znaniy/mate-en-la-laguna-capri","ru","Have some mate by the Capri lagoon","quarantined","not_recorded","not_recorded","review_required","not_recorded","2026-07-07","2026-07-07","2026-10-05","62","/media/argentina-travel/mate-en-la-laguna-capri/1625063775024-chalt_n__3_.jpg","0","1","0","0","1","no","not_public","10","DEEP_REWRITE","Content editor","not_publication_ready;non_russian_title;non_russian_summary"
"mate-etiket-spasibo-lovushka","kb_author_tip","/baza-znaniy/mate-etiket-spasibo-lovushka","ru","«Спасибо» в кругу мате значит «больше не наливайте» — типичная ловушка для гостя","published_public","not_recorded","not_recorded","review_required","not_recorded","2026-06-30","2026-06-30","2026-09-28","154","missing","0","1","0","2","0","yes","yes","100","KEEP","Content editor","publication_gate_clean"
"medicina-i-strahovka","kb_guide","/baza-znaniy/medicina-i-strahovka","ru","Медицина и медицинская страховка в Аргентине","quarantined","not_recorded","not_recorded","review_required","not_recorded","2026-07-17","2026-07-17","2026-08-31","339","missing","0","4","0","0","4","no","not_public","30","HUMAN_REVIEW","Fact checker + legal reviewer","not_publication_ready"
"mendoza","kb_city","/baza-znaniy/mendoza","ru","Мендоса","published_public","not_recorded","not_recorded","review_required","not_recorded","2026-07-07","2026-07-07","2027-01-03","142","/media/argentina-travel/mendoza/1623101913361-mendoza__13_.jpg","0","1","0","0","0","yes","yes","100","KEEP","Content editor","publication_gate_clean"
"mendoza-best-of-wine-tourism","kb_attraction","/baza-znaniy/mendoza-best-of-wine-tourism","ru","Мендоса, Best of wine tourism","quarantined","not_recorded","not_recorded","review_required","not_recorded","2026-07-07","2026-07-07","2026-10-05","63","/media/argentina-travel/mendoza-best-of-wine-tourism/1656694618098-mendoza__13_.jpg","0","1","0","0","1","no","not_public","45","DEEP_REWRITE","Content editor","not_publication_ready;non_russian_summary"
"mendoza-odna-zona-v-den","kb_author_tip","/baza-znaniy/mendoza-odna-zona-v-den","ru","Мендоса: главная ошибка — смешать винные зоны за один день","published_public","not_recorded","not_recorded","review_required","not_recorded","2026-06-30","2026-06-30","2026-09-28","152","missing","0","1","0","1","0","yes","yes","100","KEEP","Content editor","publication_gate_clean"
"mentalitet-i-etiket","kb_guide","/baza-znaniy/mentalitet-i-etiket","ru","Повседневный этикет в Аргентине: приветствия, vos, мате и асадо","published_public","not_recorded","not_recorded","review_required","not_recorded","2026-07-17","2026-07-17","2026-08-31","348","missing","0","5","0","3","4","yes","yes","100","KEEP","Content editor","publication_gate_clean"
"mercedes-corrientes","kb_city","/baza-znaniy/mercedes-corrientes","ru","Мерседес (Корриентес)","quarantined","not_recorded","not_recorded","review_required","not_recorded","2026-07-06","2026-07-06","2026-10-04","231","missing","0","0","4","5","0","no","not_public","65","DEEP_REWRITE","Media editor","mixed_script_word;missing_hero"
"merlo","kb_city","/baza-znaniy/merlo","ru","Мерло","quarantined","not_recorded","not_recorded","review_required","not_recorded","2026-07-06","2026-07-06","2026-10-04","364","missing","0","0","4","2","1","no","not_public","85","LIGHT_EDIT","Media editor","missing_hero"
"mezhgorodnie-avtobusy","kb_transport","/baza-znaniy/mezhgorodnie-avtobusy","ru","Междугородние автобусы Аргентины (micros)","published_public","not_recorded","not_recorded","review_required","not_recorded","2026-07-04","2026-07-04","2026-12-31","635","https://upload.wikimedia.org/wikipedia/commons/thumb/6/64/%C3%93mnibus_de_larga_distancia_de_la_empresa_%C2%ABCrucero_del_Norte%C2%BB_detenido_sobre_la_Ruta_Nacional_12_en_Jard%C3%ADn_Am%C3%A9rica.jpg/1920px-%C3%93mnibus_de_larga_distancia_de_la_empresa_%C2%ABCrucero_del_Norte%C2%BB_detenido_sobre_la_Ruta_Nacional_12_en_Jard%C3%ADn_Am%C3%A9rica.jpg","0","3","5","7","3","yes","yes","100","KEEP","Content editor","publication_gate_clean"
"mify-ob-argentine","kb_guide","/baza-znaniy/mify-ob-argentine","ru","Мифы об Аргентине, в которые пора перестать верить","quarantined","not_recorded","not_recorded","review_required","not_recorded","2026-07-04","2026-07-04","2026-12-31","589","missing","0","1","6","21","0","no","not_public","70","HUMAN_REVIEW","Content editor","not_publication_ready"
"minitrekking-sobre-el-glaciar-perito-moreno","kb_attraction","/baza-znaniy/minitrekking-sobre-el-glaciar-perito-moreno","ru","Minitrekking sobre el Glaciar Перито-Морено","quarantined","not_recorded","not_recorded","review_required","not_recorded","2026-07-07","2026-07-07","2026-10-05","64","/media/argentina-travel/minitrekking-sobre-el-glaciar-perito-moreno/1624478133632-calafate__109_.jpg","0","1","0","0","1","no","not_public","45","DEEP_REWRITE","Content editor","not_publication_ready;non_russian_summary"
"miraflores","kb_attraction","/baza-znaniy/miraflores","ru","Miraflores","quarantined","not_recorded","not_recorded","review_required","not_recorded","2026-07-07","2026-07-07","2026-10-05","60","/media/argentina-travel/miraflores/1644328739370-naturaleza_p_n_el_impenetrable_chaco_2.jpg","0","1","0","0","1","no","not_public","10","DEEP_REWRITE","Content editor","not_publication_ready;non_russian_title;non_russian_summary"
"molino-forclaz","kb_attraction","/baza-znaniy/molino-forclaz","ru","Forclaz Windmill","quarantined","not_recorded","not_recorded","review_required","not_recorded","2026-07-07","2026-07-07","2026-10-05","65","/media/argentina-travel/molino-forclaz/1653677587628-5_san_jose_museo_molino_forclaz_horizontal__5__alta.jpg","0","1","0","0","1","no","not_public","10","DEEP_REWRITE","Content editor","not_publication_ready;non_russian_title;non_russian_summary"
"montanismo-en-jujuy","kb_attraction","/baza-znaniy/montanismo-en-jujuy","ru","Mountain Climbing in Jujuy","quarantined","not_recorded","not_recorded","review_required","not_recorded","2026-07-07","2026-07-07","2026-10-05","65","/media/argentina-travel/montanismo-en-jujuy/1656690278227-jujuy_quebrada_tilcara_cuevas_waira_canon_mk_iv__14_.jpg","0","1","0","0","1","no","not_public","10","DEEP_REWRITE","Content editor","not_publication_ready;non_russian_title;non_russian_summary"
"monte-olivia-y-glaciar-de-agostini","kb_attraction","/baza-znaniy/monte-olivia-y-glaciar-de-agostini","ru","Monte Olivia and Glaciar de Agostini","quarantined","not_recorded","not_recorded","review_required","not_recorded","2026-07-07","2026-07-07","2026-10-05","63","/media/argentina-travel/monte-olivia-y-glaciar-de-agostini/1656646138177-tierra_del_fuego___ushuaia___ciudad.jpg","0","1","0","0","1","no","not_public","10","DEEP_REWRITE","Content editor","not_publication_ready;non_russian_title;non_russian_summary"
"monumento-natural-laguna-de-los-pozuelos","kb_attraction","/baza-znaniy/monumento-natural-laguna-de-los-pozuelos","ru","Природный памятник Лагуна-де-лос-Посуэлос","quarantined","not_recorded","not_recorded","review_required","not_recorded","2026-07-07","2026-07-07","2026-10-05","91","/media/argentina-travel/monumento-natural-laguna-de-los-pozuelos/1623884425985-jujuy_yavi_rinconada_santa_catalina_laguna_del_pozuelo_canon_5d_mk","0","1","0","0","1","no","not_public","50","EXPAND","Content editor","not_publication_ready;thin_content"
"motochorros-telefon-na-ulitse","kb_author_tip","/baza-znaniy/motochorros-telefon-na-ulitse","ru","Как снизить риск кражи телефона и вещей в Буэнос-Айресе","published_public","not_recorded","not_recorded","review_required","not_recorded","2026-07-17","2026-07-17","2026-08-31","175","missing","0","3","0","2","3","yes","yes","100","KEEP","Content editor","publication_gate_clean"
"mountain-bike-en-piedra-del-aguila","kb_attraction","/baza-znaniy/mountain-bike-en-piedra-del-aguila","ru","Mountain biking in Piedra del Águila","quarantined","not_recorded","not_recorded","review_required","not_recorded","2026-07-07","2026-07-07","2026-08-21","64","/media/argentina-travel/mountain-bike-en-piedra-del-aguila/1628787747046-neuquen_bicicleta_sonya7iii_1.jpg","0","1","0","0","1","no","not_public","0","HUMAN_REVIEW","Fact checker + legal reviewer","not_publication_ready;non_russian_title;non_russian_summary"
"mozhno-li-delat-vizaran","kb_faq","/baza-znaniy/mozhno-li-delat-vizaran","ru","Можно ли жить в Аргентине на визаранах, как в Азии?","quarantined","not_recorded","not_recorded","review_required","not_recorded","2026-07-17","2026-07-17","2026-08-31","102","missing","0","1","0","0","1","no","not_public","80","EXPAND","Content editor","thin_content"
"mozhno-li-doehat-do-ushuaji-na-mashine","kb_faq","/baza-znaniy/mozhno-li-doehat-do-ushuaji-na-mashine","ru","Можно ли доехать до Ушуайи на машине?","published_public","not_recorded","not_recorded","review_required","not_recorded","2026-07-01","2026-07-01","2026-12-28","222","missing","0","2","0","1","2","yes","yes","100","KEEP","Content editor","publication_gate_clean"
"mozhno-li-ezdit-po-inostrannym-pravam","kb_faq","/baza-znaniy/mozhno-li-ezdit-po-inostrannym-pravam","ru","Можно ли ездить в Аргентине по иностранным правам?","published_public","not_recorded","not_recorded","review_required","not_recorded","2026-07-17","2026-07-17","2026-08-31","132","missing","0","1","0","0","1","yes","yes","100","KEEP","Content editor","publication_gate_clean"
"mozhno-li-otkryt-schet-nerezidentu","kb_faq","/baza-znaniy/mozhno-li-otkryt-schet-nerezidentu","ru","Можно ли иностранцу открыть банковский счёт в Аргентине без резиденции?","quarantined","not_recorded","not_recorded","review_required","not_recorded","2026-06-30","2026-06-30","2026-08-14","94","missing","0","0","0","0","0","no","not_public","0","LEGAL_REVIEW","Fact checker + legal reviewer","missing_sensitive_source;thin_content"
"mozhno-li-pit-vodu-iz-krana","kb_faq","/baza-znaniy/mozhno-li-pit-vodu-iz-krana","ru","Можно ли пить воду из-под крана в Аргентине?","published_public","not_recorded","not_recorded","review_required","not_recorded","2026-07-17","2026-07-17","2026-08-31","190","missing","0","3","0","0","3","yes","yes","100","KEEP","Content editor","publication_gate_clean"
"mozhno-li-rabotat-na-mestnuyu-kompaniyu","kb_faq","/baza-znaniy/mozhno-li-rabotat-na-mestnuyu-kompaniyu","ru","Можно ли иностранцу устроиться на работу в аргентинскую компанию?","published_public","not_recorded","not_recorded","review_required","not_recorded","2026-07-17","2026-07-17","2026-08-31","145","missing","0","2","0","0","2","yes","yes","100","KEEP","Content editor","publication_gate_clean"
"mozhno-li-snimat-dronom","kb_faq","/baza-znaniy/mozhno-li-snimat-dronom","ru","Можно ли снимать дроном в Аргентине туристу?","published_public","not_recorded","not_recorded","review_required","not_recorded","2026-07-05","2026-07-05","2026-10-03","176","missing","0","1","0","2","1","yes","yes","100","KEEP","Content editor","publication_gate_clean"
"mozhno-li-uchitsya-v-universitete-besplatno","kb_faq","/baza-znaniy/mozhno-li-uchitsya-v-universitete-besplatno","ru","Может ли иностранец учиться в аргентинском университете бесплатно?","quarantined","not_recorded","not_recorded","review_required","not_recorded","2026-07-17","2026-07-17","2026-08-31","111","missing","0","1","0","0","1","no","not_public","80","EXPAND","Content editor","thin_content"
"mozhno-li-uvidet-lednik-bez-trekkinga","kb_faq","/baza-znaniy/mozhno-li-uvidet-lednik-bez-trekkinga","ru","Можно ли увидеть ледник Перито-Морено без специальной подготовки и трекинга?","quarantined","not_recorded","not_recorded","review_required","not_recorded","2026-06-30","2026-06-30","2026-12-27","71","missing","0","0","0","0","0","no","not_public","80","EXPAND","Content editor","thin_content"
"mozhno-li-vodit-po-rossijskim-pravam","kb_faq","/baza-znaniy/mozhno-li-vodit-po-rossijskim-pravam","ru","Можно ли водить машину в Аргентине по российским правам?","published_public","not_recorded","not_recorded","review_required","not_recorded","2026-07-17","2026-07-17","2026-08-31","160","missing","0","2","0","0","2","yes","yes","100","KEEP","Content editor","publication_gate_clean"
"museo-arqueologico-los-menhires","kb_attraction","/baza-znaniy/museo-arqueologico-los-menhires","ru","Los Menhires Archaeological Museum","quarantined","not_recorded","not_recorded","review_required","not_recorded","2026-07-07","2026-07-07","2026-10-05","67","/media/argentina-travel/museo-arqueologico-los-menhires/1656695112309-3.jpg","0","1","0","0","1","no","not_public","10","DEEP_REWRITE","Content editor","not_publication_ready;non_russian_title;non_russian_summary"
"museo-de-arqueologia-de-alta-montana","kb_attraction","/baza-znaniy/museo-de-arqueologia-de-alta-montana","ru","High Mountain Archeological Museum [Museo de Arqueología de Alta Montaña]","quarantined","not_recorded","not_recorded","review_required","not_recorded","2026-07-07","2026-07-07","2026-10-05","67","/media/argentina-travel/museo-de-arqueologia-de-alta-montana/1625345872495-c___maaam___eliseo_miciu__4__low.jpg","0","1","0","0","1","no","not_public","10","DEEP_REWRITE","Content editor","not_publication_ready;non_russian_title;non_russian_summary"
"museos-de-buenos-aires","kb_attraction","/baza-znaniy/museos-de-buenos-aires","ru","Музеи Буэнос-Айреса","quarantined","not_recorded","not_recorded","review_required","not_recorded","2026-07-07","2026-07-07","2026-10-05","224","/media/argentina-travel/museos-de-buenos-aires/1623629675684-museo_de_bellas_artes___exterior___palermo.jpg","0","1","4","0","1","no","not_public","40","HUMAN_REVIEW","Russian content editor","machine_translation_marker"
"museos-de-salta","kb_attraction","/baza-znaniy/museos-de-salta","ru","Salta Museums","quarantined","not_recorded","not_recorded","review_required","not_recorded","2026-07-07","2026-07-07","2026-10-05","63","/media/argentina-travel/museos-de-salta/1623701553759-ciudad_de_salta___cabildo.jpg","0","1","0","0","1","no","not_public","10","DEEP_REWRITE","Content editor","not_publication_ready;non_russian_title;non_russian_summary"
"nablyudenie-pro-dengi-i-banki","kb_author_tip","/baza-znaniy/nablyudenie-pro-dengi-i-banki","ru","Личное наблюдение Ивана о деньгах и банках в Аргентине","quarantined","not_recorded","not_recorded","review_required","not_recorded","not_recorded","not_recorded","review_required","202","missing","0","0","0","2","0","no","not_public","0","LEGAL_REVIEW","Fact checker + legal reviewer","missing_sensitive_source"
"nalogi-i-monotributo","kb_guide","/baza-znaniy/nalogi-i-monotributo","ru","Монотрибуто в Аргентине: категории и безопасная проверка","published_public","not_recorded","not_recorded","review_required","not_recorded","2026-07-17","2026-07-17","2026-08-31","150","missing","0","1","0","0","1","yes","yes","100","KEEP","Content editor","publication_gate_clean"
"narodnye-svyatye","kb_guide","/baza-znaniy/narodnye-svyatye","ru","Народные святые Аргентины: Гаучито Хиль и Дифунта Корреа","published_public","not_recorded","not_recorded","review_required","not_recorded","2026-07-04","2026-07-04","2026-12-31","565","https://upload.wikimedia.org/wikipedia/commons/thumb/9/90/Gauchito_Gil%2C_Santuario%2C_Parque_Los_Andes%2C_Buenos_Aires_1.jpg/1920px-Gauchito_Gil%2C_Santuario%2C_Parque_Los_Andes%2C_Buenos_Aires_1.jpg","0","2","5","4","2","yes","yes","100","KEEP","Content editor","publication_gate_clean"
"nauel-uapi","kb_national_park","/baza-znaniy/nauel-uapi","ru","Национальный парк Науэль-Уапи","published_public","not_recorded","not_recorded","review_required","not_recorded","2026-07-02","2026-07-02","2026-12-29","1515","https://upload.wikimedia.org/wikipedia/commons/thumb/b/b5/Lago_Nahuel_Huapi%2C_Bariloche%2C_R%C3%ADo_Negro%2C_Argentina._30.jpg/1920px-Lago_Nahuel_Huapi%2C_Bariloche%2C_R%C3%ADo_Negro%2C_Argentina._30.jpg","0","3","7","6","3","yes","yes","100","KEEP","Content editor","publication_gate_clean"
"nauka-i-tehnologii","kb_guide","/baza-znaniy/nauka-i-tehnologii","ru","Наука, космос и технологии: чем гордится Аргентина","published_public","not_recorded","not_recorded","review_required","not_recorded","2026-07-04","2026-07-04","2026-12-31","456","https://upload.wikimedia.org/wikipedia/commons/2/2c/ARSAT-1_En_INVAP.jpg","0","2","5","8","2","yes","yes","100","KEEP","Content editor","publication_gate_clean"
"navegacion-en-los-rios-limay-y-neuquen","kb_attraction","/baza-znaniy/navegacion-en-los-rios-limay-y-neuquen","ru","Водные прогулки по рекам Лимай и Неукен","quarantined","not_recorded","not_recorded","review_required","not_recorded","2026-07-07","2026-07-07","2026-10-05","62","/media/argentina-travel/navegacion-en-los-rios-limay-y-neuquen/1628786085720-neuquen_kayakriolimay_sonya7iii.jpg","0","1","0","0","1","no","not_public","80","EXPAND","Content editor","thin_content"
"navegacion-en-tierra-del-fuego","kb_attraction","/baza-znaniy/navegacion-en-tierra-del-fuego","ru","Navegación en Огненная Земля","quarantined","not_recorded","not_recorded","review_required","not_recorded","2026-07-07","2026-07-07","2026-10-05","70","/media/argentina-travel/navegacion-en-tierra-del-fuego/1637249422973-ushuaia__5___3_.jpg","0","1","0","0","1","no","not_public","45","DEEP_REWRITE","Content editor","not_publication_ready;non_russian_summary"
"navegacion-entre-glaciares","kb_attraction","/baza-znaniy/navegacion-entre-glaciares","ru","Sailing among glaciers","quarantined","not_recorded","not_recorded","review_required","not_recorded","2026-07-07","2026-07-07","2026-10-05","64","/media/argentina-travel/navegacion-entre-glaciares/1624477813985-calafate__141_.jpg","0","1","0","0","1","no","not_public","10","DEEP_REWRITE","Content editor","not_publication_ready;non_russian_title;non_russian_summary"
"navegacion-por-el-lago-argentino","kb_attraction","/baza-znaniy/navegacion-por-el-lago-argentino","ru","Водные прогулки по озеру Архентино","quarantined","not_recorded","not_recorded","review_required","not_recorded","2026-07-07","2026-07-07","2026-10-05","62","/media/argentina-travel/navegacion-por-el-lago-argentino/1650303943447-calafate__55_.jpg","0","1","0","0","1","no","not_public","80","EXPAND","Content editor","thin_content"
"necochea","kb_city","/baza-znaniy/necochea","ru","Некочеа","quarantined","not_recorded","not_recorded","review_required","not_recorded","2026-07-06","2026-07-06","2026-10-04","317","missing","0","0","4","2","1","no","not_public","85","LIGHT_EDIT","Media editor","missing_hero"
"neuken","kb_city","/baza-znaniy/neuken","ru","Неукен","published_public","not_recorded","not_recorded","review_required","not_recorded","2026-07-02","2026-07-02","2026-12-29","590","https://upload.wikimedia.org/wikipedia/commons/thumb/4/4e/29-Ciudad_de_Neuquen.jpg/1920px-29-Ciudad_de_Neuquen.jpg","0","5","6","5","5","yes","yes","100","KEEP","Content editor","publication_gate_clean"
"nevado-de-chani","kb_attraction","/baza-znaniy/nevado-de-chani","ru","Nevado de Chañi","quarantined","not_recorded","not_recorded","review_required","not_recorded","2026-07-07","2026-07-07","2026-10-05","61","/media/argentina-travel/nevado-de-chani/1656874059024-nevado_de_chani.jpg","0","1","0","0","1","no","not_public","10","DEEP_REWRITE","Content editor","not_publication_ready;non_russian_title;non_russian_summary"
"newells-old-boys","kb_attraction","/baza-znaniy/newells-old-boys","ru","«Ньюэллс Олд Бойз» в Росарио","quarantined","not_recorded","not_recorded","review_required","not_recorded","2026-07-07","2026-07-07","2026-10-05","62","/media/argentina-travel/newells-old-boys/1649773052713-mural_messi_002.jpg","0","1","0","0","1","no","not_public","80","EXPAND","Content editor","thin_content"
"noa","kb_region","/baza-znaniy/noa","ru","Северо-Запад (NOA)","published_public","not_recorded","not_recorded","review_required","not_recorded","2026-07-04","2026-07-04","2026-12-31","513","https://upload.wikimedia.org/wikipedia/commons/thumb/b/bd/Cerro_de_los_siete_colores_._Purmamarca_._Jujuy.jpg/1920px-Cerro_de_los_siete_colores_._Purmamarca_._Jujuy.jpg","0","1","6","18","0","yes","yes","100","KEEP","Content editor","publication_gate_clean"
"noa-kolco","kb_route","/baza-znaniy/noa-kolco","ru","Кольцо по Северо-Западу (NOA): Сальта, долины и Жужуй","published_public","not_recorded","not_recorded","review_required","not_recorded","2026-07-04","2026-07-04","2026-12-31","322","https://upload.wikimedia.org/wikipedia/commons/thumb/b/bd/Cerro_de_los_siete_colores_._Purmamarca_._Jujuy.jpg/1920px-Cerro_de_los_siete_colores_._Purmamarca_._Jujuy.jpg","0","1","0","14","0","yes","yes","100","KEEP","Content editor","publication_gate_clean"
"nueva-cordoba","kb_attraction","/baza-znaniy/nueva-cordoba","ru","Nueva Córdoba","quarantined","not_recorded","not_recorded","review_required","not_recorded","2026-07-07","2026-07-07","2026-10-05","59","/media/argentina-travel/nueva-cordoba/1656701430216-cordoba_capital_horizontales__2_.jpg","0","1","0","0","1","no","not_public","10","DEEP_REWRITE","Content editor","not_publication_ready;non_russian_title;non_russian_summary"
"nuzhen-li-4x4-ruta-40","kb_faq","/baza-znaniy/nuzhen-li-4x4-ruta-40","ru","Нужен ли полноприводный автомобиль для Дороги семи озёр и Руты 40?","quarantined","not_recorded","not_recorded","review_required","not_recorded","2026-06-30","2026-06-30","2026-09-28","81","missing","0","0","0","0","0","no","not_public","80","EXPAND","Content editor","thin_content"
"nuzhen-li-permit-na-akonkagua","kb_faq","/baza-znaniy/nuzhen-li-permit-na-akonkagua","ru","Нужен ли пермит, чтобы увидеть Аконкагуа?","published_public","not_recorded","not_recorded","review_required","not_recorded","2026-07-01","2026-07-01","2026-09-29","228","missing","0","2","0","1","2","yes","yes","100","KEEP","Content editor","publication_gate_clean"
"nuzhna-li-strahovka-dlya-vezda","kb_faq","/baza-znaniy/nuzhna-li-strahovka-dlya-vezda","ru","Нужна ли медицинская страховка для поездки в Аргентину?","quarantined","not_recorded","not_recorded","review_required","not_recorded","2026-06-30","2026-06-30","2026-08-14","92","missing","0","0","0","0","0","no","not_public","0","LEGAL_REVIEW","Fact checker + legal reviewer","missing_sensitive_source;thin_content"
"nuzhna-li-viza-cifrovomu-kochevniku","kb_faq","/baza-znaniy/nuzhna-li-viza-cifrovomu-kochevniku","ru","Нужна ли отдельная виза цифровому кочевнику в Аргентине, если можно въехать по безвизу на 90 дней?","quarantined","not_recorded","not_recorded","review_required","not_recorded","2026-06-30","2026-06-30","2026-08-14","97","missing","0","0","0","0","0","no","not_public","0","LEGAL_REVIEW","Fact checker + legal reviewer","missing_sensitive_source;thin_content"
"nuzhno-li-ostavlyat-chaevye","kb_faq","/baza-znaniy/nuzhno-li-ostavlyat-chaevye","ru","Нужно ли оставлять чаевые в Аргентине и сколько?","published_public","not_recorded","not_recorded","review_required","not_recorded","2026-07-01","2026-07-01","2026-12-28","177","missing","0","2","0","0","1","yes","yes","100","KEEP","Content editor","publication_gate_clean"
"nuzhno-li-otkazyvatsya-ot-grazhdanstva","kb_faq","/baza-znaniy/nuzhno-li-otkazyvatsya-ot-grazhdanstva","ru","Нужно ли отказываться от российского гражданства при получении аргентинского?","quarantined","not_recorded","not_recorded","review_required","not_recorded","2026-06-30","2026-06-30","2026-08-14","71","missing","0","0","0","0","0","no","not_public","0","LEGAL_REVIEW","Fact checker + legal reviewer","missing_sensitive_source;thin_content"
"obera","kb_attraction","/baza-znaniy/obera","ru","Oberá","quarantined","not_recorded","not_recorded","review_required","not_recorded","2026-07-07","2026-07-07","2026-10-05","59","/media/argentina-travel/obera/1637346356229-copia_de_12711307_1702443653334889_660547520065004091_o.jpg","0","1","0","0","1","no","not_public","10","DEEP_REWRITE","Content editor","not_publication_ready;non_russian_title;non_russian_summary"
"obzornaya-loma-pliege-tumbado","kb_author_tip","/baza-znaniy/obzornaya-loma-pliege-tumbado","ru","Недооценённая смотровая Эль-Чальтена в обход очереди на Лагуна-де-лос-Трес","published_public","not_recorded","not_recorded","review_required","not_recorded","2026-06-30","2026-06-30","2026-09-28","124","missing","0","1","0","2","0","yes","yes","100","KEEP","Content editor","publication_gate_clean"
"ognennaya-zemlya","kb_national_park","/baza-znaniy/ognennaya-zemlya","ru","Национальный парк Огненная Земля","published_public","not_recorded","not_recorded","review_required","not_recorded","2026-07-02","2026-07-02","2026-12-29","1495","https://upload.wikimedia.org/wikipedia/commons/thumb/9/9d/Lapataia_Bay.jpg/1920px-Lapataia_Bay.jpg","0","4","10","5","4","yes","yes","100","HUMAN_REVIEW","Content architect","publication_gate_clean;exact_title_duplicate_review_required"
"ognennaya-zemlya-serro-guanako","kb_author_tip","/baza-znaniy/ognennaya-zemlya-serro-guanako","ru","Огненная Земля: вид сверху, который видят немногие, и торфяники, мимо которых все проходят","published_public","not_recorded","not_recorded","review_required","not_recorded","2026-06-30","2026-06-30","2026-09-28","151","missing","0","1","0","1","0","yes","yes","100","KEEP","Content editor","publication_gate_clean"
"oshibka-s-dokumentami","kb_author_tip","/baza-znaniy/oshibka-s-dokumentami","ru","Как я выбрал судебный путь к гражданству — и почему отказался от него","quarantined","not_recorded","not_recorded","review_required","not_recorded","2026-07-04","2026-07-04","2026-08-18","356","missing","0","0","0","7","0","no","not_public","0","LEGAL_REVIEW","Fact checker + legal reviewer","missing_sensitive_source"
"oshibka-s-zhilyom","kb_author_tip","/baza-znaniy/oshibka-s-zhilyom","ru","Как я переплатил за первую квартиру в Буэнос-Айресе","quarantined","not_recorded","not_recorded","review_required","not_recorded","2026-07-04","2026-07-04","2026-08-18","385","missing","0","0","0","9","0","no","not_public","0","LEGAL_REVIEW","Fact checker + legal reviewer","missing_sensitive_source"
"otkrytie-biznesa","kb_guide","/baza-znaniy/otkrytie-biznesa","ru","Открытие бизнеса в Аргентине: выбор формы и проверка требований","quarantined","not_recorded","not_recorded","review_required","not_recorded","2026-07-17","2026-07-17","2026-08-31","159","missing","0","3","0","0","3","no","not_public","70","HUMAN_REVIEW","Content editor","not_publication_ready"
"pampa","kb_region","/baza-znaniy/pampa","ru","Центр (Пампа)","published_public","not_recorded","not_recorded","review_required","not_recorded","2026-07-04","2026-07-04","2026-12-31","409","https://upload.wikimedia.org/wikipedia/commons/7/7e/Monumento_a_la_Bandera_18.jpg","0","1","4","10","0","yes","yes","100","KEEP","Content editor","publication_gate_clean"
"parana","kb_city","/baza-znaniy/parana","ru","Парана","published_public","not_recorded","not_recorded","review_required","not_recorded","2026-07-07","2026-07-07","2027-01-03","516","/media/argentina-travel/parana/1640025681712-3_parana_rio_kite_horizontal__6__alta.jpg","0","1","7","5","4","yes","yes","100","KEEP","Content editor","publication_gate_clean"
"parapente-en-cerro-san-javier","kb_attraction","/baza-znaniy/parapente-en-cerro-san-javier","ru","Paragliding in Cerro San Javier","quarantined","not_recorded","not_recorded","review_required","not_recorded","2026-07-07","2026-07-07","2026-10-05","61","/media/argentina-travel/parapente-en-cerro-san-javier/1625575432846-img_5362.jpg","0","1","0","0","1","no","not_public","10","DEEP_REWRITE","Content editor","not_publication_ready;non_russian_title;non_russian_summary"
"parque-aereo-de-san-jose","kb_attraction","/baza-znaniy/parque-aereo-de-san-jose","ru","San José Aerial Park","quarantined","not_recorded","not_recorded","review_required","not_recorded","2026-07-07","2026-07-07","2026-10-05","70","/media/argentina-travel/parque-aereo-de-san-jose/1653676318885-5_san_jose_molino_aventura_horizontal__6__alta.jpg","0","1","0","0","1","no","not_public","10","DEEP_REWRITE","Content editor","not_publication_ready;non_russian_title;non_russian_summary"
"parque-general-san-martin","kb_attraction","/baza-znaniy/parque-general-san-martin","ru","General San Martin Park","quarantined","not_recorded","not_recorded","review_required","not_recorded","2026-07-07","2026-07-07","2026-10-05","60","/media/argentina-travel/parque-general-san-martin/1626726291616-_dsc8775.jpg","0","1","0","0","1","no","not_public","10","DEEP_REWRITE","Content editor","not_publication_ready;non_russian_title;non_russian_summary"
"parque-marino-costero-patagonia-austral","kb_attraction","/baza-znaniy/parque-marino-costero-patagonia-austral","ru","Parque Marino Costero Патагония Austral","quarantined","not_recorded","not_recorded","review_required","not_recorded","2026-07-07","2026-07-07","2026-10-05","61","/media/argentina-travel/parque-marino-costero-patagonia-austral/1623892430477-cabo_dos_bahias_5.jpg","0","1","0","0","1","no","not_public","45","DEEP_REWRITE","Content editor","not_publication_ready;non_russian_summary"
"parque-marino-isla-pinguino","kb_attraction","/baza-znaniy/parque-marino-isla-pinguino","ru","Isla Pingüino Sea Park","quarantined","not_recorded","not_recorded","review_required","not_recorded","2026-07-07","2026-07-07","2026-10-05","60","/media/argentina-travel/parque-marino-isla-pinguino/1623893176752-dsc_8650web.jpg","0","1","0","0","1","no","not_public","10","DEEP_REWRITE","Content editor","not_publication_ready;non_russian_title;non_russian_summary"
"parque-marino-makenke","kb_attraction","/baza-znaniy/parque-marino-makenke","ru","Makenke Sea Park","quarantined","not_recorded","not_recorded","review_required","not_recorded","2026-07-07","2026-07-07","2026-10-05","64","/media/argentina-travel/parque-marino-makenke/1623893810138-1.jpg","0","1","0","0","1","no","not_public","10","DEEP_REWRITE","Content editor","not_publication_ready;non_russian_title;non_russian_summary"
"parque-nacional-aconquija","kb_national_park","/baza-znaniy/parque-nacional-aconquija","ru","Национальный парк Аконкиха","quarantined","not_recorded","not_recorded","review_required","not_recorded","2026-07-07","2026-07-07","2026-10-05","436","/media/argentina-travel/parque-nacional-aconquija/1623702317321-img_1437.jpg","0","1","5","2","1","no","not_public","70","HUMAN_REVIEW","Content editor","not_publication_ready"
"parque-nacional-baritu","kb_national_park","/baza-znaniy/parque-nacional-baritu","ru","Национальный парк Баритý","quarantined","not_recorded","not_recorded","review_required","not_recorded","2026-07-07","2026-07-07","2026-10-05","404","/media/argentina-travel/parque-nacional-baritu/1623700883691-salta___pn_los_cardones.jpg","0","1","5","3","1","no","not_public","50","DEEP_REWRITE","Content editor","not_publication_ready;mixed_script_word"
"parque-nacional-bosques-petrificados","kb_national_park","/baza-znaniy/parque-nacional-bosques-petrificados","ru","Национальный парк Боске-Петрификадос","published_public","not_recorded","not_recorded","review_required","not_recorded","2026-07-07","2026-07-07","2026-10-05","386","/media/argentina-travel/parque-nacional-bosques-petrificados/1624476579387-bosque_petrificado_canon__110_.jpg","0","1","5","3","1","yes","yes","100","KEEP","Content editor","publication_gate_clean"
"parque-nacional-calilegua","kb_national_park","/baza-znaniy/parque-nacional-calilegua","ru","Национальный парк Калилегуа","quarantined","not_recorded","not_recorded","review_required","not_recorded","2026-07-07","2026-07-07","2026-10-05","411","/media/argentina-travel/parque-nacional-calilegua/1628566176710-jcarrillo_practica_del_simposio_114___calilegua.jpg","0","1","5","3","1","no","not_public","70","HUMAN_REVIEW","Content editor","not_publication_ready"
"parque-nacional-campos-del-tuyu","kb_national_park","/baza-znaniy/parque-nacional-campos-del-tuyu","ru","Национальный парк Кампос-дель-Тую","quarantined","not_recorded","not_recorded","review_required","not_recorded","2026-07-07","2026-07-07","2026-10-05","383","/media/argentina-travel/parque-nacional-campos-del-tuyu/1623886742540-garza_blanca_img_0785.jpg","0","1","4","3","1","no","not_public","70","HUMAN_REVIEW","Content editor","not_publication_ready"
"parque-nacional-chaco","kb_national_park","/baza-znaniy/parque-nacional-chaco","ru","Национальный парк Чако","published_public","not_recorded","not_recorded","review_required","not_recorded","2026-07-02","2026-07-02","2026-12-29","468","https://upload.wikimedia.org/wikipedia/commons/thumb/6/67/Negro_river_in_Parque_Nacional_Chaco_seen_from_suspension_bridge.JPG/1920px-Negro_river_in_Parque_Nacional_Chaco_seen_from_suspension_bridge.JPG","0","4","7","4","3","yes","yes","100","KEEP","Content editor","publication_gate_clean"
"parque-nacional-ciervo-de-los-pantanos","kb_national_park","/baza-znaniy/parque-nacional-ciervo-de-los-pantanos","ru","Национальный парк Сьерво-де-лос-Пантанос","quarantined","not_recorded","not_recorded","review_required","not_recorded","2026-07-07","2026-07-07","2026-10-05","397","/media/argentina-travel/parque-nacional-ciervo-de-los-pantanos/1623888963338-paisaje_natural.jpg","0","1","4","3","1","no","not_public","70","HUMAN_REVIEW","Content editor","not_publication_ready"
"parque-nacional-copo","kb_national_park","/baza-znaniy/parque-nacional-copo","ru","Национальный парк Копо","quarantined","not_recorded","not_recorded","review_required","not_recorded","2026-07-07","2026-07-07","2026-10-05","378","/media/argentina-travel/parque-nacional-copo/1624382987620-flores.jpg","0","1","5","3","1","no","not_public","70","HUMAN_REVIEW","Content editor","not_publication_ready"
"parque-nacional-el-leoncito","kb_national_park","/baza-znaniy/parque-nacional-el-leoncito","ru","Национальный парк Эль-Леонсито","published_public","not_recorded","not_recorded","review_required","not_recorded","2026-07-07","2026-07-07","2026-10-05","406","/media/argentina-travel/parque-nacional-el-leoncito/1627490254427-san_juan___pn_el_leoncito__2_.jpg","0","1","4","4","1","yes","yes","100","KEEP","Content editor","publication_gate_clean"
"parque-nacional-el-palmar","kb_national_park","/baza-znaniy/parque-nacional-el-palmar","ru","Национальный парк Эль-Пальмар","published_public","not_recorded","not_recorded","review_required","not_recorded","2026-07-02","2026-07-02","2026-12-29","476","https://upload.wikimedia.org/wikipedia/commons/thumb/c/c3/Argentina_-_Entre_R%C3%ADos_-_Parque_Nacional_El_Palmar_%28atardecer%29.JPG/1920px-Argentina_-_Entre_R%C3%ADos_-_Parque_Nacional_El_Palmar_%28atardecer%29.JPG","0","4","7","4","4","yes","yes","100","KEEP","Content editor","publication_gate_clean"
"parque-nacional-el-rey","kb_national_park","/baza-znaniy/parque-nacional-el-rey","ru","Национальный парк Эль-Рей","quarantined","not_recorded","not_recorded","review_required","not_recorded","2026-07-07","2026-07-07","2026-10-05","384","/media/argentina-travel/parque-nacional-el-rey/1623701246345-el_rey_selva_img_7133_____ricardo_cenzano_brandon.jpg","0","1","5","3","1","no","not_public","70","HUMAN_REVIEW","Content editor","not_publication_ready"
"parque-nacional-iguazu-patrimonio-de-la-humanidad","kb_national_park","/baza-znaniy/parque-nacional-iguazu-patrimonio-de-la-humanidad","ru","национальный парк Игуасу: Patrimonio de la Humanidad","quarantined","not_recorded","not_recorded","review_required","not_recorded","2026-07-07","2026-07-07","2026-10-05","67","/media/argentina-travel/parque-nacional-iguazu-patrimonio-de-la-humanidad/1623966234452-em_86.jpg","0","1","0","0","1","no","not_public","45","DEEP_REWRITE","Content editor","not_publication_ready;non_russian_summary"
"parque-nacional-islas-de-santa-fe","kb_national_park","/baza-znaniy/parque-nacional-islas-de-santa-fe","ru","Национальный парк Ислас-де-Санта-Фе","published_public","not_recorded","not_recorded","review_required","not_recorded","2026-07-07","2026-07-07","2026-10-05","390","/media/argentina-travel/parque-nacional-islas-de-santa-fe/1624388804931-caminatas_y_corrida__1_.jpg","0","1","3","3","1","yes","yes","100","KEEP","Content editor","publication_gate_clean"
"parque-nacional-lago-puelo","kb_national_park","/baza-znaniy/parque-nacional-lago-puelo","ru","Национальный парк Лаго-Пуэло","quarantined","not_recorded","not_recorded","review_required","not_recorded","2026-07-07","2026-07-07","2026-10-05","376","/media/argentina-travel/parque-nacional-lago-puelo/1623890265595-chubut___valle_y_lago_puelo.jpg","0","1","5","3","1","no","not_public","70","HUMAN_REVIEW","Content editor","not_publication_ready"
"parque-nacional-laguna-blanca","kb_national_park","/baza-znaniy/parque-nacional-laguna-blanca","ru","Национальный парк Лагуна-Бланка","published_public","not_recorded","not_recorded","review_required","not_recorded","2026-07-07","2026-07-07","2026-10-05","363","/media/argentina-travel/parque-nacional-laguna-blanca/1623891050666-laguna_blanca_avstaje_aves_002.jpg","0","1","5","3","1","yes","yes","100","KEEP","Content editor","publication_gate_clean"
"parque-nacional-los-alerces-patrimonio-de-la-humanidad","kb_national_park","/baza-znaniy/parque-nacional-los-alerces-patrimonio-de-la-humanidad","ru","Национальный парк Лос-Алерсес — объект Всемирного наследия","published_public","not_recorded","not_recorded","review_required","not_recorded","2026-07-07","2026-07-07","2026-10-05","396","/media/argentina-travel/parque-nacional-los-alerces-patrimonio-de-la-humanidad/1623885285397-familia_rio_arrayanes_parque_nacional_los_alerces_2__1_.jpg","0","1","5","3","1","yes","yes","100","KEEP","Content editor","publication_gate_clean"
"parque-nacional-los-arrayanes","kb_national_park","/baza-znaniy/parque-nacional-los-arrayanes","ru","Национальный парк Лос-Арраянес","quarantined","not_recorded","not_recorded","review_required","not_recorded","2026-07-07","2026-07-07","2026-10-05","395","/media/argentina-travel/parque-nacional-los-arrayanes/1624481364379-vla_bosquedearrayanes_canon6d.jpg","0","1","5","3","1","no","not_public","70","HUMAN_REVIEW","Content editor","not_publication_ready"
"parque-nacional-los-cardones","kb_national_park","/baza-znaniy/parque-nacional-los-cardones","ru","Национальный парк Лос-Кардонес","quarantined","not_recorded","not_recorded","review_required","not_recorded","2026-07-07","2026-07-07","2026-10-05","398","/media/argentina-travel/parque-nacional-los-cardones/1625064935925-sin_t_tulo_25.jpg","0","1","5","3","1","no","not_public","70","HUMAN_REVIEW","Content architect","not_publication_ready"
"parque-nacional-los-glaciares-patrimonio-de-la-humanidad","kb_national_park","/baza-znaniy/parque-nacional-los-glaciares-patrimonio-de-la-humanidad","ru","национальный парк Los Glaciares: Patrimonio de la Humanidad","quarantined","not_recorded","not_recorded","review_required","not_recorded","2026-07-07","2026-07-07","2026-10-05","66","/media/argentina-travel/parque-nacional-los-glaciares-patrimonio-de-la-humanidad/1623965633735-big_ice_foto_hielo_y_aventura__3_.jpg","0","1","0","0","1","no","not_public","45","DEEP_REWRITE","Content editor","not_publication_ready;non_russian_summary"
"parque-nacional-monte-leon","kb_national_park","/baza-znaniy/parque-nacional-monte-leon","ru","Национальный парк Монте-Леон","published_public","not_recorded","not_recorded","review_required","not_recorded","2026-07-07","2026-07-07","2026-10-05","384","/media/argentina-travel/parque-nacional-monte-leon/1624476941469-patagonia_santa_cruz___pn_monte_leon____autor___p_godoy__7_.jpg","0","1","5","2","1","yes","yes","100","KEEP","Content editor","publication_gate_clean"
"parque-nacional-perito-moreno","kb_national_park","/baza-znaniy/parque-nacional-perito-moreno","ru","Национальный парк Перито-Морено","quarantined","not_recorded","not_recorded","review_required","not_recorded","2026-07-07","2026-07-07","2026-10-05","420","/media/argentina-travel/parque-nacional-perito-moreno/1623970572917-_mg_8229edit.jpg","0","1","5","4","1","no","not_public","70","HUMAN_REVIEW","Content editor","not_publication_ready"
"parque-nacional-pre-delta","kb_national_park","/baza-znaniy/parque-nacional-pre-delta","ru","Национальный парк Пре-Дельта","quarantined","not_recorded","not_recorded","review_required","not_recorded","2026-07-07","2026-07-07","2026-10-05","393","/media/argentina-travel/parque-nacional-pre-delta/1623887423663-2_diamante_predelta_horizontal__3__baja.jpg","0","1","3","5","1","no","not_public","70","HUMAN_REVIEW","Content editor","not_publication_ready"
"parque-nacional-rio-pilcomayo","kb_national_park","/baza-znaniy/parque-nacional-rio-pilcomayo","ru","Национальный парк Рио-Пилькомайо","published_public","not_recorded","not_recorded","review_required","not_recorded","2026-07-17","2026-07-17","2027-01-13","131","/media/argentina-travel/parque-nacional-rio-pilcomayo/1625153864676-panoramica_parque_nacional_pilcomayo.jpg","0","4","0","0","3","yes","yes","100","KEEP","Content editor","publication_gate_clean"
"parque-nacional-san-guillermo","kb_national_park","/baza-znaniy/parque-nacional-san-guillermo","ru","Национальный парк Сан-Гильермо","published_public","not_recorded","not_recorded","review_required","not_recorded","2026-07-07","2026-07-07","2026-10-05","390","/media/argentina-travel/parque-nacional-san-guillermo/1623885866823-san_guillermo_3.jpg","0","1","4","3","1","yes","yes","100","KEEP","Content editor","publication_gate_clean"
"parque-nacional-tierra-del-fuego","kb_national_park","/baza-znaniy/parque-nacional-tierra-del-fuego","ru","национальный парк Огненная Земля","quarantined","not_recorded","not_recorded","review_required","not_recorded","2026-07-07","2026-07-07","2026-10-05","401","/media/argentina-travel/parque-nacional-tierra-del-fuego/1625153502690-lago_yakush_h.jpg","0","1","5","3","1","no","not_public","70","HUMAN_REVIEW","Content architect","not_publication_ready"
"parque-natural-valle-fertil","kb_attraction","/baza-znaniy/parque-natural-valle-fertil","ru","Valle Fértil Natural Park","quarantined","not_recorded","not_recorded","review_required","not_recorded","2026-07-07","2026-07-07","2026-10-05","61","/media/argentina-travel/parque-natural-valle-fertil/1626729592416-sjischigualastomq_06929.jpg","0","1","0","0","1","no","not_public","10","DEEP_REWRITE","Content editor","not_publication_ready;non_russian_title;non_russian_summary"
"parque-provincial-cordon-del-plata","kb_national_park","/baza-znaniy/parque-provincial-cordon-del-plata","ru","Провинциальный парк Кордон-дель-Плата","quarantined","not_recorded","not_recorded","review_required","not_recorded","2026-07-07","2026-07-07","2026-10-05","57","/media/argentina-travel/parque-provincial-cordon-del-plata/1625014907231-parque_cord_n_del_plata1.jpg","0","1","0","0","1","no","not_public","80","EXPAND","Content editor","thin_content"
"parque-provincial-ischigualasto","kb_national_park","/baza-znaniy/parque-provincial-ischigualasto","ru","Провинциальный парк Исчигуаласто","published_public","not_recorded","not_recorded","review_required","not_recorded","2026-07-07","2026-07-07","2026-10-05","412","/media/argentina-travel/parque-provincial-ischigualasto/1621515012324-sjischigualastomq_06719.jpg","0","1","3","3","1","yes","yes","100","KEEP","Content editor","publication_gate_clean"
"parques-de-parana","kb_attraction","/baza-znaniy/parques-de-parana","ru","Paraná Parks","quarantined","not_recorded","not_recorded","review_required","not_recorded","2026-07-07","2026-07-07","2026-10-05","59","/media/argentina-travel/parques-de-parana/1653675375100-terraza_del_parana.jpg","0","1","0","0","1","no","not_public","10","DEEP_REWRITE","Content editor","not_publication_ready;non_russian_title;non_russian_summary"
"parques-naturales-ischigualasto-y-talampaya-patrimonios-de-la-humanidad","kb_attraction","/baza-znaniy/parques-naturales-ischigualasto-y-talampaya-patrimonios-de-la-humanidad","ru","Ischigualasto and Talampaya Natural Parks: World Heritage Sites","quarantined","not_recorded","not_recorded","review_required","not_recorded","2026-07-07","2026-07-07","2026-10-05","74","/media/argentina-travel/parques-naturales-ischigualasto-y-talampaya-patrimonios-de-la-humanidad/1623971175462-talampaya_villaunion_jpgalta__4_.jpg","0","1","0","0","1","no","not_public","10","DEEP_REWRITE","Content editor","not_publication_ready;non_russian_title;non_russian_summary"
"paseos-acuaticos-en-herradura","kb_attraction","/baza-znaniy/paseos-acuaticos-en-herradura","ru","Water rides in Herradura","quarantined","not_recorded","not_recorded","review_required","not_recorded","2026-07-07","2026-07-07","2026-10-05","61","/media/argentina-travel/paseos-acuaticos-en-herradura/1656526350819-deporte_herradura.jpg","0","1","0","0","1","no","not_public","10","DEEP_REWRITE","Content editor","not_publication_ready;non_russian_title;non_russian_summary"
"paseos-aereos-en-ushuaia","kb_attraction","/baza-znaniy/paseos-aereos-en-ushuaia","ru","Paseos aéreos en Ушуайя","quarantined","not_recorded","not_recorded","review_required","not_recorded","2026-07-07","2026-07-07","2026-10-05","64","/media/argentina-travel/paseos-aereos-en-ushuaia/1637249945812-cabecera_fagnano_con_persona_h.jpg","0","1","0","0","1","no","not_public","45","DEEP_REWRITE","Content editor","not_publication_ready;non_russian_summary"
"paso-de-la-patria","kb_attraction","/baza-znaniy/paso-de-la-patria","ru","Paso de la Patria","quarantined","not_recorded","not_recorded","review_required","not_recorded","2026-07-07","2026-07-07","2026-10-05","68","/media/argentina-travel/paso-de-la-patria/1656636701454-9634242461_e7a12f21a7_b.jpg","0","1","0","0","1","no","not_public","10","DEEP_REWRITE","Content editor","not_publication_ready;non_russian_title;non_russian_summary"
"pasos-del-papa-francisco","kb_attraction","/baza-znaniy/pasos-del-papa-francisco","ru","After the steps of Pope Francis","quarantined","not_recorded","not_recorded","review_required","not_recorded","2026-07-07","2026-07-07","2026-10-05","67","/media/argentina-travel/pasos-del-papa-francisco/1644526128849-16__el_paso_del_papa_por_santa_fe_ii.jpg","0","1","0","0","1","no","not_public","10","DEEP_REWRITE","Content editor","not_publication_ready;non_russian_title;non_russian_summary"
"patagonia","kb_region","/baza-znaniy/patagonia","ru","Патагония","published_public","not_recorded","not_recorded","review_required","not_recorded","2026-07-04","2026-07-04","2026-12-31","534","https://upload.wikimedia.org/wikipedia/commons/thumb/b/b0/Fitz_Roy_El_Chalten_sunrise-13.jpg/1920px-Fitz_Roy_El_Chalten_sunrise-13.jpg","0","1","4","17","0","yes","yes","100","KEEP","Content editor","publication_gate_clean"
"patagonia-de-los-lagos","kb_attraction","/baza-znaniy/patagonia-de-los-lagos","ru","Патагония de los lagos","quarantined","not_recorded","not_recorded","review_required","not_recorded","2026-07-07","2026-07-07","2026-10-05","61","/media/argentina-travel/patagonia-de-los-lagos/1624975695087-bariloche__23_.jpg","0","1","0","0","1","no","not_public","45","DEEP_REWRITE","Content editor","not_publication_ready;non_russian_summary"
"patagonia-park","kb_national_park","/baza-znaniy/patagonia-park","ru","Национальный парк Патагония","published_public","not_recorded","not_recorded","review_required","not_recorded","2026-07-02","2026-07-02","2026-12-29","1156","https://upload.wikimedia.org/wikipedia/commons/thumb/d/d4/Lago_Buenos_Aires%2C_Santa_Cruz.jpg/1920px-Lago_Buenos_Aires%2C_Santa_Cruz.jpg","0","4","7","3","4","yes","yes","100","KEEP","Content editor","publication_gate_clean"
"patagonia-yug","kb_route","/baza-znaniy/patagonia-yug","ru","Юг Патагонии: ледники, Фицрой и край света","published_public","not_recorded","not_recorded","review_required","not_recorded","2026-07-04","2026-07-04","2026-12-31","304","https://upload.wikimedia.org/wikipedia/commons/thumb/b/b0/Fitz_Roy_El_Chalten_sunrise-13.jpg/1920px-Fitz_Roy_El_Chalten_sunrise-13.jpg","0","1","0","13","0","yes","yes","100","KEEP","Content editor","publication_gate_clean"
"patinaje-en-bahia-redonda","kb_attraction","/baza-znaniy/patinaje-en-bahia-redonda","ru","Ice-skating in Bahía Redonda","quarantined","not_recorded","not_recorded","review_required","not_recorded","2026-07-07","2026-07-07","2026-10-05","66","/media/argentina-travel/patinaje-en-bahia-redonda/1650291481701-canon_23_06_2010__114_.jpg","0","1","0","0","1","no","not_public","10","DEEP_REWRITE","Content editor","not_publication_ready;non_russian_title;non_russian_summary"
"penas-folkloricas-en-salta","kb_attraction","/baza-znaniy/penas-folkloricas-en-salta","ru","Folk peñas in Salta","quarantined","not_recorded","not_recorded","review_required","not_recorded","2026-07-07","2026-07-07","2026-10-05","68","/media/argentina-travel/penas-folkloricas-en-salta/1623699514326-b_354310.jpg","0","1","0","0","1","no","not_public","10","DEEP_REWRITE","Content editor","not_publication_ready;non_russian_title;non_russian_summary"
"peninsula-valdes","kb_national_park","/baza-znaniy/peninsula-valdes","ru","Полуостров Вальдес","published_public","not_recorded","not_recorded","review_required","not_recorded","2026-07-07","2026-07-07","2027-01-03","462","/media/argentina-travel/peninsula-valdes/1627314679824-caleta_valdes__3_.jpg","0","1","7","1","5","yes","yes","100","KEEP","Content editor","publication_gate_clean"
"peninsula-valdes-sitio-patrimonio-mundial-de-la-unesco","kb_attraction","/baza-znaniy/peninsula-valdes-sitio-patrimonio-mundial-de-la-unesco","ru","Península Valdés: World Heritage Site","quarantined","not_recorded","not_recorded","review_required","not_recorded","2026-07-07","2026-07-07","2026-10-05","67","/media/argentina-travel/peninsula-valdes-sitio-patrimonio-mundial-de-la-unesco/1623966867561-15_dp__d1a7005web.jpg","0","1","0","0","1","no","not_public","10","DEEP_REWRITE","Content editor","not_publication_ready;non_russian_title;non_russian_summary"
"pereezd-s-minimalnym-byudzhetom","kb_guide","/baza-znaniy/pereezd-s-minimalnym-byudzhetom","ru","Переезд в Аргентину с ограниченным бюджетом: как посчитать запас","quarantined","not_recorded","not_recorded","review_required","not_recorded","2026-07-17","2026-07-17","2026-08-31","377","missing","0","5","0","0","4","no","not_public","30","HUMAN_REVIEW","Fact checker + legal reviewer","not_publication_ready"
"perevoz-veshchey-i-pitomtsev","kb_guide","/baza-znaniy/perevoz-veshchey-i-pitomtsev","ru","Переезд с вещами и домашними животными","published_public","not_recorded","not_recorded","review_required","not_recorded","2026-07-17","2026-07-17","2026-08-31","208","missing","0","2","0","0","2","yes","yes","100","KEEP","Content editor","publication_gate_clean"
"perito-moreno","kb_attraction","/baza-znaniy/perito-moreno","ru","Ледник Перито-Морено","published_public","not_recorded","not_recorded","review_required","not_recorded","2026-07-07","2026-07-07","2027-01-03","559","/media/argentina-travel/perito-moreno/1624743689500-calafate__170__2.jpg","0","1","5","5","3","yes","yes","100","KEEP","Content editor","publication_gate_clean"
"pervyj-mesyac-plan","kb_guide","/baza-znaniy/pervyj-mesyac-plan","ru","Первый месяц в Аргентине: практический план","published_public","not_recorded","not_recorded","review_required","not_recorded","2026-07-17","2026-07-17","2026-08-31","488","missing","0","8","0","4","4","yes","yes","100","KEEP","Content editor","publication_gate_clean"
"pervyj-mesyac-v-argentine","kb_author_tip","/baza-znaniy/pervyj-mesyac-v-argentine","ru","Первый месяц в Аргентине: ощущение, что попал на другую планету","published_public","not_recorded","not_recorded","review_required","not_recorded","2026-07-04","2026-07-04","2026-12-31","915","missing","0","0","0","10","0","yes","yes","100","KEEP","Content editor","publication_gate_clean"
"pesca-con-devolucion-en-entre-rios","kb_attraction","/baza-znaniy/pesca-con-devolucion-en-entre-rios","ru","Catch-and-release fishing in Entre Ríos","quarantined","not_recorded","not_recorded","review_required","not_recorded","2026-07-07","2026-07-07","2026-10-05","64","/media/argentina-travel/pesca-con-devolucion-en-entre-rios/1624478931094-6_concordia_represa_salto_grande__pesca_horizontal__7__baja.jpg","0","1","0","0","1","no","not_public","10","DEEP_REWRITE","Content editor","not_publication_ready;non_russian_title;non_russian_summary"
"pesca-con-devolucion-en-formosa","kb_attraction","/baza-znaniy/pesca-con-devolucion-en-formosa","ru","Catch-and-release fishing in Formosa","quarantined","not_recorded","not_recorded","review_required","not_recorded","2026-07-07","2026-07-07","2026-10-05","65","/media/argentina-travel/pesca-con-devolucion-en-formosa/1624388367461-canoa_playa_herradura.jpg","0","1","0","0","1","no","not_public","10","DEEP_REWRITE","Content editor","not_publication_ready;non_russian_title;non_russian_summary"
"pesca-deportiva-en-entre-rios","kb_attraction","/baza-znaniy/pesca-deportiva-en-entre-rios","ru","Sport fishing in Entre Ríos","quarantined","not_recorded","not_recorded","review_required","not_recorded","2026-07-07","2026-07-07","2026-10-05","66","/media/argentina-travel/pesca-deportiva-en-entre-rios/1653925883309-6_concordia_represa_salto_grande__pesca_horizontal__3__alta.jpg","0","1","0","0","1","no","not_public","10","DEEP_REWRITE","Content editor","not_publication_ready;non_russian_title;non_russian_summary"
"pesca-deportiva-en-isla-del-cerrito","kb_attraction","/baza-znaniy/pesca-deportiva-en-isla-del-cerrito","ru","Sport fishing at Isla del Cerrito","quarantined","not_recorded","not_recorded","review_required","not_recorded","2026-07-07","2026-07-07","2026-10-05","67","/media/argentina-travel/pesca-deportiva-en-isla-del-cerrito/1644329037355-isla_del_cerrito_rio_pesca_atardecer_sol_silueta__1_.jpg","0","1","0","0","1","no","not_public","10","DEEP_REWRITE","Content editor","not_publication_ready;non_russian_title;non_russian_summary"
"pesca-en-el-dique-cabra-corral","kb_attraction","/baza-znaniy/pesca-en-el-dique-cabra-corral","ru","Fishing at the Cabra Corral Dam","quarantined","not_recorded","not_recorded","review_required","not_recorded","2026-07-07","2026-07-07","2026-10-05","63","/media/argentina-travel/pesca-en-el-dique-cabra-corral/1625574085606-sin_t_tulo_41.jpg","0","1","0","0","1","no","not_public","10","DEEP_REWRITE","Content editor","not_publication_ready;non_russian_title;non_russian_summary"
"pesca-en-neuquen","kb_attraction","/baza-znaniy/pesca-en-neuquen","ru","Fishing in Neuquén","quarantined","not_recorded","not_recorded","review_required","not_recorded","2026-07-07","2026-07-07","2026-10-05","58","/media/argentina-travel/pesca-en-neuquen/1628854921178-pesca_chimehuin_jandes_3_alta.jpg","0","1","0","0","1","no","not_public","10","DEEP_REWRITE","Content editor","not_publication_ready;non_russian_title;non_russian_summary"
"pesca-en-tierra-del-fuego","kb_attraction","/baza-znaniy/pesca-en-tierra-del-fuego","ru","Pesca en Огненная Земля","quarantined","not_recorded","not_recorded","review_required","not_recorded","2026-07-07","2026-07-07","2026-10-05","67","/media/argentina-travel/pesca-en-tierra-del-fuego/1624477279443-pesca_rio_grande.jpg","0","1","0","0","1","no","not_public","45","DEEP_REWRITE","Content editor","not_publication_ready;non_russian_summary"
"pico-truncado","kb_attraction","/baza-znaniy/pico-truncado","ru","Pico Truncado","quarantined","not_recorded","not_recorded","review_required","not_recorded","2026-07-07","2026-07-07","2026-10-05","60","/media/argentina-travel/pico-truncado/1640114422450-pico_truncado.jpg","0","1","0","0","1","no","not_public","10","DEEP_REWRITE","Content editor","not_publication_ready;non_russian_title;non_russian_summary"
"piedra-parada","kb_attraction","/baza-znaniy/piedra-parada","ru","Piedra Parada","quarantined","not_recorded","not_recorded","review_required","not_recorded","2026-07-07","2026-07-07","2026-10-05","60","/media/argentina-travel/piedra-parada/1629827842261-piedra_parada_5.jpg","0","1","0","0","1","no","not_public","10","DEEP_REWRITE","Content editor","not_publication_ready;non_russian_title;non_russian_summary"
"pinamar","kb_city","/baza-znaniy/pinamar","ru","Пинамар","published_public","not_recorded","not_recorded","review_required","not_recorded","2026-07-02","2026-07-02","2026-12-29","513","https://upload.wikimedia.org/wikipedia/commons/thumb/b/bf/Muelle_de_pinamar.jpg/1920px-Muelle_de_pinamar.jpg","0","5","5","5","4","yes","yes","100","KEEP","Content editor","publication_gate_clean"
"pinguinos-en-punta-tombo","kb_attraction","/baza-znaniy/pinguinos-en-punta-tombo","ru","Penguins at Punta Tombo","quarantined","not_recorded","not_recorded","review_required","not_recorded","2026-07-07","2026-07-07","2026-10-05","63","/media/argentina-travel/pinguinos-en-punta-tombo/1636053279380-cabo_dos_bahias_16.jpg","0","1","0","0","1","no","not_public","10","DEEP_REWRITE","Content editor","not_publication_ready;non_russian_title;non_russian_summary"
"plan-podgotovki-6-mesyacev","kb_guide","/baza-znaniy/plan-podgotovki-6-mesyacev","ru","Подготовка к переезду в Аргентину за 6 месяцев","published_public","not_recorded","not_recorded","review_required","not_recorded","2026-07-17","2026-07-17","2026-08-31","485","missing","0","4","0","1","4","yes","yes","100","KEEP","Content editor","publication_gate_clean"
"playas-de-la-patagonia","kb_attraction","/baza-znaniy/playas-de-la-patagonia","ru","Playas de la Патагония","quarantined","not_recorded","not_recorded","review_required","not_recorded","2026-07-07","2026-07-07","2026-10-05","69","/media/argentina-travel/playas-de-la-patagonia/0b85d0de-1d0d-4725-ab4d-06e93f2b07bc-Puerto_Madryn_-1-.jpg","0","1","0","0","1","no","not_public","45","DEEP_REWRITE","Content editor","not_publication_ready;non_russian_summary"
"pochemu-net-pryamyh-reisov","kb_transport","/baza-znaniy/pochemu-net-pryamyh-reisov","ru","Почему нет прямых рейсов из России и как летают на самом деле","published_public","not_recorded","not_recorded","review_required","not_recorded","2026-07-04","2026-07-04","2026-12-31","461","https://upload.wikimedia.org/wikipedia/commons/thumb/c/c5/Aeroparque_Jorge_Newbery_December_2015.JPG/1920px-Aeroparque_Jorge_Newbery_December_2015.JPG","0","1","4","5","1","yes","yes","100","KEEP","Content editor","publication_gate_clean"
"podgotovka-k-poezdke","kb_guide","/baza-znaniy/podgotovka-k-poezdke","ru","Подготовка к поездке в Аргентину: проверенный чек-лист","published_public","not_recorded","not_recorded","review_required","not_recorded","2026-07-17","2026-07-17","2026-08-31","458","missing","0","7","0","0","5","yes","yes","100","KEEP","Content editor","publication_gate_clean"
"poezda","kb_transport","/baza-znaniy/poezda","ru","Поезда дальнего следования в Аргентине","published_public","not_recorded","not_recorded","review_required","not_recorded","2026-07-04","2026-07-04","2026-10-02","461","https://upload.wikimedia.org/wikipedia/commons/thumb/6/60/Estacion_Retiro_-_Tren_Mitre.jpg/1920px-Estacion_Retiro_-_Tren_Mitre.jpg","0","2","5","7","2","yes","yes","100","KEEP","Content editor","publication_gate_clean"
"pokupka-avtomobilya","kb_transport","/baza-znaniy/pokupka-avtomobilya","ru","Покупка автомобиля в Аргентине","published_public","not_recorded","not_recorded","review_required","not_recorded","2026-07-17","2026-07-17","2026-08-31","330","missing","0","3","0","0","3","yes","yes","100","KEEP","Content editor","publication_gate_clean"
"pokupka-nedvizhimosti","kb_guide","/baza-znaniy/pokupka-nedvizhimosti","ru","Покупка недвижимости в Аргентине для иностранца","quarantined","not_recorded","not_recorded","review_required","not_recorded","2026-07-17","2026-07-17","2026-08-31","394","missing","0","7","0","0","5","no","not_public","30","HUMAN_REVIEW","Fact checker + legal reviewer","not_publication_ready"
"pokupki-i-tax-free","kb_guide","/baza-znaniy/pokupki-i-tax-free","ru","Tax free в Аргентине: как оформить возврат","published_public","not_recorded","not_recorded","review_required","not_recorded","2026-07-17","2026-07-17","2027-01-13","124","missing","0","1","0","0","1","yes","yes","100","KEEP","Content editor","publication_gate_clean"
"poleznye-prilozheniya","kb_guide","/baza-znaniy/poleznye-prilozheniya","ru","Полезные приложения и сервисы в Аргентине","published_public","not_recorded","not_recorded","review_required","not_recorded","2026-07-04","2026-07-04","2026-12-31","461","missing","0","2","5","11","2","yes","yes","100","KEEP","Content editor","publication_gate_clean"
"posadas","kb_city","/baza-znaniy/posadas","ru","Posadas","quarantined","not_recorded","not_recorded","review_required","not_recorded","2026-07-07","2026-07-07","2026-10-05","58","/media/argentina-travel/posadas/1638471830408-posadas_1.jpg","0","1","0","0","1","no","not_public","10","DEEP_REWRITE","Content editor","not_publication_ready;non_russian_title;non_russian_summary"
"posle-dtp","kb_guide","/baza-znaniy/posle-dtp","ru","Что делать после ДТП в Аргентине","published_public","not_recorded","not_recorded","review_required","not_recorded","2026-07-17","2026-07-17","2026-08-31","286","missing","0","3","0","0","3","yes","yes","100","KEEP","Content editor","publication_gate_clean"
"prava-passazhira-otmena-reisa","kb_guide","/baza-znaniy/prava-passazhira-otmena-reisa","ru","Права пассажира при отмене или задержке рейса в Аргентине","published_public","not_recorded","not_recorded","review_required","not_recorded","2026-07-12","2026-07-12","2026-10-10","348","missing","0","2","4","4","2","yes","yes","100","KEEP","Content editor","publication_gate_clean"
"prazdniki-i-traditsii","kb_guide","/baza-znaniy/prazdniki-i-traditsii","ru","Праздники, традиции и этикет Аргентины","published_public","not_recorded","not_recorded","review_required","not_recorded","2026-06-30","2026-06-30","2026-12-27","430","missing","0","4","5","3","4","yes","yes","100","KEEP","Content editor","publication_gate_clean"
"priznanie-diploma","kb_guide","/baza-znaniy/priznanie-diploma","ru","Как признать иностранный диплом в Аргентине","published_public","not_recorded","not_recorded","review_required","not_recorded","2026-07-17","2026-07-17","2026-08-31","169","missing","0","2","0","0","2","yes","yes","100","KEEP","Content editor","publication_gate_clean"
"provoz-lekarstv","kb_guide","/baza-znaniy/provoz-lekarstv","ru","Ввоз лекарств в Аргентину для личного использования","quarantined","not_recorded","not_recorded","review_required","not_recorded","2026-07-17","2026-07-17","2026-10-15","135","missing","0","1","0","0","1","no","not_public","70","HUMAN_REVIEW","Content editor","not_publication_ready"
"pueblos-de-la-provincia-de-buenos-aires","kb_attraction","/baza-znaniy/pueblos-de-la-provincia-de-buenos-aires","ru","Городки провинции Буэнос-Айрес","quarantined","not_recorded","not_recorded","review_required","not_recorded","2026-07-07","2026-07-07","2026-10-05","80","/media/argentina-travel/pueblos-de-la-provincia-de-buenos-aires/1623693824837-buenos_aires_mercedes_y_alrededores_turismo_gastronomico_sonya9_a_","0","1","0","0","1","no","not_public","50","EXPAND","Content editor","not_publication_ready;thin_content"
"pueblos-galeses-y-comunidades-originarias","kb_attraction","/baza-znaniy/pueblos-galeses-y-comunidades-originarias","ru","Валлийские поселения и коренные народы Чубута","quarantined","not_recorded","not_recorded","review_required","not_recorded","2026-07-07","2026-07-07","2026-10-05","61","/media/argentina-travel/pueblos-galeses-y-comunidades-originarias/1623883376835-capilla__galesa__gaiman_2.jpg","0","1","0","0","1","no","not_public","80","EXPAND","Content editor","thin_content"
"pueblos-pintorescos-de-cordoba","kb_attraction","/baza-znaniy/pueblos-pintorescos-de-cordoba","ru","Живописные городки Кордовы","quarantined","not_recorded","not_recorded","review_required","not_recorded","2026-07-07","2026-07-07","2026-10-05","70","/media/argentina-travel/pueblos-pintorescos-de-cordoba/1623696536323-06_iglesia_de_la_compa__ia___manzana_jesuitica.jpg","0","1","0","0","1","no","not_public","50","EXPAND","Content editor","not_publication_ready;thin_content"
"pueblos-rurales-en-santa-fe","kb_attraction","/baza-znaniy/pueblos-rurales-en-santa-fe","ru","Сельские городки Санта-Фе","quarantined","not_recorded","not_recorded","review_required","not_recorded","2026-07-07","2026-07-07","2026-10-05","72","/media/argentina-travel/pueblos-rurales-en-santa-fe/1649772154390-img_1971.jpg","0","1","0","0","1","no","not_public","50","EXPAND","Content editor","not_publication_ready;thin_content"
"puente-del-inca","kb_attraction","/baza-znaniy/puente-del-inca","ru","Inca Bridge","quarantined","not_recorded","not_recorded","review_required","not_recorded","2026-07-07","2026-07-07","2026-10-05","68","/media/argentina-travel/puente-del-inca/1626725786744-2242_43.jpg","0","1","0","0","1","no","not_public","10","DEEP_REWRITE","Content editor","not_publication_ready;non_russian_title;non_russian_summary"
"puente-rosario-victoria","kb_attraction","/baza-znaniy/puente-rosario-victoria","ru","Мост Росарио — Виктория","quarantined","not_recorded","not_recorded","review_required","not_recorded","2026-07-07","2026-07-07","2026-10-05","64","/media/argentina-travel/puente-rosario-victoria/1656648064828-1_victoria_puente_rosario_victoria_horizontal__1__alta.jpg","0","1","0","0","1","no","not_public","80","EXPAND","Content editor","thin_content"
"puerto-almanza","kb_attraction","/baza-znaniy/puerto-almanza","ru","Пуэрто-Альманса","quarantined","not_recorded","not_recorded","review_required","not_recorded","2026-07-07","2026-07-07","2026-10-05","73","/media/argentina-travel/puerto-almanza/1637248850952-martin_gunter_20180816_0055__dsc0061_editada.jpg","0","1","0","0","1","no","not_public","50","EXPAND","Content editor","not_publication_ready;thin_content"
"puerto-deseado","kb_city","/baza-znaniy/puerto-deseado","ru","Puerto Deseado","quarantined","not_recorded","not_recorded","review_required","not_recorded","2026-07-07","2026-07-07","2026-10-05","63","/media/argentina-travel/puerto-deseado/1640032864396-_ed70596_editar.jpg","0","1","0","0","1","no","not_public","10","DEEP_REWRITE","Content editor","not_publication_ready;non_russian_title;non_russian_summary"
"puerto-iguazu","kb_city","/baza-znaniy/puerto-iguazu","ru","Puerto Игуасу","quarantined","not_recorded","not_recorded","review_required","not_recorded","2026-07-07","2026-07-07","2026-10-05","66","/media/argentina-travel/puerto-iguazu/1625062245283-iguazu__80_.jpg","0","1","0","0","1","no","not_public","45","DEEP_REWRITE","Content editor","not_publication_ready;non_russian_summary"
"puerto-madryn","kb_city","/baza-znaniy/puerto-madryn","ru","Пуэрто-Мадрин","published_public","not_recorded","not_recorded","review_required","not_recorded","2026-07-02","2026-07-02","2026-12-29","436","https://upload.wikimedia.org/wikipedia/commons/thumb/c/c2/Amanecer_en_Puerto_Madryn%2C_Chubut_2022.jpg/1920px-Amanecer_en_Puerto_Madryn%2C_Chubut_2022.jpg","0","6","6","3","5","yes","yes","100","KEEP","Content editor","publication_gate_clean"
"puerto-san-julian","kb_attraction","/baza-znaniy/puerto-san-julian","ru","Пуэрто-Сан-Хулиан","quarantined","not_recorded","not_recorded","review_required","not_recorded","2026-07-07","2026-07-07","2026-10-05","75","/media/argentina-travel/puerto-san-julian/1640112873045-_dsc3472.jpg","0","1","0","0","1","no","not_public","50","EXPAND","Content editor","not_publication_ready;thin_content"
"punta-tombo","kb_attraction","/baza-znaniy/punta-tombo","ru","Пунта-Томбо","published_public","not_recorded","not_recorded","review_required","not_recorded","2026-07-03","2026-07-03","2026-12-30","466","https://upload.wikimedia.org/wikipedia/commons/d/da/Penguin_Colony_-_Punta_Tombo_-_Pen.Valdez_0002_%2813222723254%29.jpg","0","2","4","3","2","yes","yes","100","KEEP","Content editor","publication_gate_clean"
"purmamarca","kb_attraction","/baza-znaniy/purmamarca","ru","Purmamarca","quarantined","not_recorded","not_recorded","review_required","not_recorded","2026-07-07","2026-07-07","2026-10-05","59","/media/argentina-travel/purmamarca/1624745057402-purmamarca___juan_aranda.jpg","0","1","0","0","1","no","not_public","10","DEEP_REWRITE","Content editor","not_publication_ready;non_russian_title;non_russian_summary"
"purmamarka","kb_attraction","/baza-znaniy/purmamarka","ru","Пурмамарка","published_public","not_recorded","not_recorded","review_required","not_recorded","2026-07-02","2026-07-02","2026-12-29","366","https://upload.wikimedia.org/wikipedia/commons/thumb/4/45/Purmamarca%2C_Jujuy.JPG/1920px-Purmamarca%2C_Jujuy.JPG","0","3","4","3","3","yes","yes","100","KEEP","Content editor","publication_gate_clean"
"qhapaq-nan-el-shincal","kb_attraction","/baza-znaniy/qhapaq-nan-el-shincal","ru","Qhapaq Ñan: El Shincal","quarantined","not_recorded","not_recorded","review_required","not_recorded","2026-07-07","2026-07-07","2026-10-05","59","/media/argentina-travel/qhapaq-nan-el-shincal/1623698383105-p1130251.jpg","0","1","0","0","1","no","not_public","10","DEEP_REWRITE","Content editor","not_publication_ready;non_russian_title;non_russian_summary"
"quebrada-de-humahuaca","kb_attraction","/baza-znaniy/quebrada-de-humahuaca","ru","Кебрада-де-Умауака","published_public","not_recorded","not_recorded","review_required","not_recorded","2026-07-07","2026-07-07","2027-01-03","178","/media/argentina-travel/quebrada-de-humahuaca/1624745854240-jujuy_quebrada_humahuaca_pueblo_drone_dji_mavic_pro__15_.jpg","0","1","3","2","2","yes","yes","100","KEEP","Content editor","publication_gate_clean"
"quebrada-de-las-flechas","kb_attraction","/baza-znaniy/quebrada-de-las-flechas","ru","Кебрада-де-лас-Флечас","quarantined","not_recorded","not_recorded","review_required","not_recorded","2026-07-07","2026-07-07","2026-10-05","72","/media/argentina-travel/quebrada-de-las-flechas/1625574026353-salta__80_.jpg","0","1","0","0","1","no","not_public","50","EXPAND","Content editor","not_publication_ready;thin_content"
"quitilipi","kb_attraction","/baza-znaniy/quitilipi","ru","Quitilipi","quarantined","not_recorded","not_recorded","review_required","not_recorded","2026-07-07","2026-07-07","2026-10-05","59","/media/argentina-travel/quitilipi/1643403867345-quitilipi___chaco__11__2.jpg","0","1","0","0","1","no","not_public","10","DEEP_REWRITE","Content editor","not_publication_ready;non_russian_title;non_russian_summary"
"rabochaya-viza","kb_guide","/baza-znaniy/rabochaya-viza","ru","Резиденция по работе в Аргентине","published_public","not_recorded","not_recorded","review_required","not_recorded","2026-07-17","2026-07-17","2026-08-31","168","missing","0","1","0","0","1","yes","yes","100","KEEP","Content editor","publication_gate_clean"
"rabota-i-poisk-raboty","kb_guide","/baza-znaniy/rabota-i-poisk-raboty","ru","Работа в Аргентине: статус, CUIL и поиск вакансий","quarantined","not_recorded","not_recorded","review_required","not_recorded","2026-07-17","2026-07-17","2026-08-31","379","missing","0","5","0","0","5","no","not_public","30","HUMAN_REVIEW","Fact checker + legal reviewer","not_publication_ready"
"rafaela","kb_attraction","/baza-znaniy/rafaela","ru","Rafaela","quarantined","not_recorded","not_recorded","review_required","not_recorded","2026-07-07","2026-07-07","2026-10-05","59","/media/argentina-travel/rafaela/1644344828257-destino_1.jpg","0","1","0","0","1","no","not_public","10","DEEP_REWRITE","Content editor","not_publication_ready;non_russian_title;non_russian_summary"
"rafting-en-el-rio-chimehuin","kb_attraction","/baza-znaniy/rafting-en-el-rio-chimehuin","ru","Rafting in the Chimehuin River","quarantined","not_recorded","not_recorded","review_required","not_recorded","2026-07-07","2026-07-07","2026-10-05","62","/media/argentina-travel/rafting-en-el-rio-chimehuin/1625340004131-ed_jandes_verano_2014_38.jpg","0","1","0","0","1","no","not_public","10","DEEP_REWRITE","Content editor","not_publication_ready;non_russian_title;non_russian_summary"
"rafting-en-el-rio-corcovado","kb_attraction","/baza-znaniy/rafting-en-el-rio-corcovado","ru","Rafting in the Corcovado River","quarantined","not_recorded","not_recorded","review_required","not_recorded","2026-07-07","2026-07-07","2026-10-05","64","/media/argentina-travel/rafting-en-el-rio-corcovado/1625326877944-corcovado_rafting520.jpg","0","1","0","0","1","no","not_public","10","DEEP_REWRITE","Content editor","not_publication_ready;non_russian_title;non_russian_summary"
"rafting-en-el-rio-hua-hum","kb_attraction","/baza-znaniy/rafting-en-el-rio-hua-hum","ru","Рафтинг по реке Уа-Ум","quarantined","not_recorded","not_recorded","review_required","not_recorded","2026-07-07","2026-07-07","2026-10-05","66","/media/argentina-travel/rafting-en-el-rio-hua-hum/1625326260668-_1080106__2_.jpg","0","1","0","0","1","no","not_public","80","EXPAND","Content editor","thin_content"
"rafting-en-el-rio-manso","kb_attraction","/baza-znaniy/rafting-en-el-rio-manso","ru","Rafting in the Manso River","quarantined","not_recorded","not_recorded","review_required","not_recorded","2026-07-07","2026-07-07","2026-10-05","66","/media/argentina-travel/rafting-en-el-rio-manso/1625340361119-ed_jandes_verano_2014_7.jpg","0","1","0","0","1","no","not_public","10","DEEP_REWRITE","Content editor","not_publication_ready;non_russian_title;non_russian_summary"
"rafting-en-el-rio-mendoza","kb_attraction","/baza-znaniy/rafting-en-el-rio-mendoza","ru","Рафтинг по реке Мендоса","quarantined","not_recorded","not_recorded","review_required","not_recorded","2026-07-07","2026-07-07","2026-10-05","63","/media/argentina-travel/rafting-en-el-rio-mendoza/1625325890460-potrerillos___lijan_de_cuyo__2.jpg","0","1","0","0","1","no","not_public","80","EXPAND","Content editor","thin_content"
"raskhozhdeniya-dni-cuit-cuil","kb_guide","/baza-znaniy/raskhozhdeniya-dni-cuit-cuil","ru","Расхождения в DNI, CUIL и CUIT: куда обращаться","published_public","not_recorded","not_recorded","review_required","not_recorded","2026-07-17","2026-07-17","2026-08-31","176","missing","0","3","0","0","3","yes","yes","100","KEEP","Content editor","publication_gate_clean"
"razvlecheniya-i-nochnaya-zhizn","kb_guide","/baza-znaniy/razvlecheniya-i-nochnaya-zhizn","ru","Развлечения и ночная жизнь Аргентины","published_public","not_recorded","not_recorded","review_required","not_recorded","2026-07-04","2026-07-04","2026-12-31","457","https://upload.wikimedia.org/wikipedia/commons/thumb/b/b7/Buenos_Aires_-_Avenida_Corrientes_-_Teatro_Tabaris.jpg/1920px-Buenos_Aires_-_Avenida_Corrientes_-_Teatro_Tabaris.jpg","0","1","4","14","1","yes","yes","100","KEEP","Content editor","publication_gate_clean"
"reconquista","kb_attraction","/baza-znaniy/reconquista","ru","Реконкиста","quarantined","not_recorded","not_recorded","review_required","not_recorded","2026-07-07","2026-07-07","2026-10-05","61","/media/argentina-travel/reconquista/1644343409334-reconquista___martin_galarza__5_.jpg","0","1","0","0","1","no","not_public","80","EXPAND","Content editor","thin_content"
"red-de-refugios-de-montana","kb_attraction","/baza-znaniy/red-de-refugios-de-montana","ru","Mountain Refuge Network","quarantined","not_recorded","not_recorded","review_required","not_recorded","2026-07-07","2026-07-07","2026-10-05","66","/media/argentina-travel/red-de-refugios-de-montana/1629205032690-bariloche__16_.jpg","0","1","0","0","1","no","not_public","10","DEEP_REWRITE","Content editor","not_publication_ready;non_russian_title;non_russian_summary"
"renca-san-luis","kb_attraction","/baza-znaniy/renca-san-luis","ru","Renca, San Luis","quarantined","not_recorded","not_recorded","review_required","not_recorded","2026-07-07","2026-07-07","2026-10-05","60","/media/argentina-travel/renca-san-luis/1626997779882-sanluis_villamercedes_21.jpg","0","1","0","0","1","no","not_public","10","DEEP_REWRITE","Content editor","not_publication_ready;non_russian_title;non_russian_summary"
"reserva-costa-atlantica-tierra-del-fuego","kb_attraction","/baza-znaniy/reserva-costa-atlantica-tierra-del-fuego","ru","Заповедник атлантического побережья Огненной Земли","quarantined","not_recorded","not_recorded","review_required","not_recorded","2026-07-07","2026-07-07","2026-10-05","81","/media/argentina-travel/reserva-costa-atlantica-tierra-del-fuego/1625014385365-san_sebastian_h.jpg","0","1","0","0","1","no","not_public","50","EXPAND","Content editor","not_publication_ready;thin_content"
"reserva-de-biosfera-laguna-blanca","kb_attraction","/baza-znaniy/reserva-de-biosfera-laguna-blanca","ru","Биосферный заповедник Лагуна-Бланка","quarantined","not_recorded","not_recorded","review_required","not_recorded","2026-07-07","2026-07-07","2026-10-05","80","/media/argentina-travel/reserva-de-biosfera-laguna-blanca/1626723457048-parque_pilcomayo__2_.jpg","0","1","0","0","1","no","not_public","50","EXPAND","Content editor","not_publication_ready;thin_content"
"reserva-de-biosfera-laguna-oca","kb_attraction","/baza-znaniy/reserva-de-biosfera-laguna-oca","ru","Биосферный заповедник Лагуна-Ока","quarantined","not_recorded","not_recorded","review_required","not_recorded","2026-07-07","2026-07-07","2026-10-05","80","/media/argentina-travel/reserva-de-biosfera-laguna-oca/1625015313443-paseo_en_kayak_2.jpg","0","1","0","0","1","no","not_public","50","EXPAND","Content editor","not_publication_ready;thin_content"
"reserva-de-biosfera-yaboti","kb_attraction","/baza-znaniy/reserva-de-biosfera-yaboti","ru","Биосферный заповедник Яботи","quarantined","not_recorded","not_recorded","review_required","not_recorded","2026-07-07","2026-07-07","2026-10-05","74","/media/argentina-travel/reserva-de-biosfera-yaboti/1625154246249-em_31.jpg","0","1","0","0","1","no","not_public","30","DEEP_REWRITE","Content editor","not_publication_ready;mixed_script_word;thin_content"
"reserva-natural-colonia-benitez","kb_attraction","/baza-znaniy/reserva-natural-colonia-benitez","ru","Природный заповедник Колония-Бенитес","quarantined","not_recorded","not_recorded","review_required","not_recorded","2026-07-07","2026-07-07","2026-10-05","77","/media/argentina-travel/reserva-natural-colonia-benitez/1625012588566-reserva_natural_el_nogalar_de_los_toldos1.jpg","0","1","0","0","1","no","not_public","50","EXPAND","Content editor","not_publication_ready;thin_content"
"reserva-natural-el-nogalar-de-los-toldos","kb_attraction","/baza-znaniy/reserva-natural-el-nogalar-de-los-toldos","ru","Природный заповедник Эль-Ногаляр-де-лос-Тольдос","quarantined","not_recorded","not_recorded","review_required","not_recorded","2026-07-07","2026-07-07","2026-10-05","84","/media/argentina-travel/reserva-natural-el-nogalar-de-los-toldos/1623883586645-reserva_natural_el_nogalar_de_los_toldos1.jpg","0","1","0","0","1","no","not_public","50","EXPAND","Content editor","not_publication_ready;thin_content"
"reserva-natural-estricta-san-antonio","kb_attraction","/baza-znaniy/reserva-natural-estricta-san-antonio","ru","Строгий природный заповедник Сан-Антонио","quarantined","not_recorded","not_recorded","review_required","not_recorded","2026-07-07","2026-07-07","2026-10-05","81","/media/argentina-travel/reserva-natural-estricta-san-antonio/1625013432280-em_18.jpg","0","1","0","0","1","no","not_public","50","EXPAND","Content editor","not_publication_ready;thin_content"
"reserva-natural-ibera","kb_attraction","/baza-znaniy/reserva-natural-ibera","ru","Природный заповедник Иберá","quarantined","not_recorded","not_recorded","review_required","not_recorded","2026-07-07","2026-07-07","2026-10-05","80","/media/argentina-travel/reserva-natural-ibera/1624894650757-25_natura_945.jpg","0","1","0","0","1","no","not_public","30","DEEP_REWRITE","Content editor","not_publication_ready;mixed_script_word;thin_content"
"reserva-natural-laguna-brava","kb_attraction","/baza-znaniy/reserva-natural-laguna-brava","ru","Природный заповедник Лагуна-Брава","quarantined","not_recorded","not_recorded","review_required","not_recorded","2026-07-07","2026-07-07","2026-10-05","78","/media/argentina-travel/reserva-natural-laguna-brava/1623974096884-vinchina_jpgbaja__1_.jpg","0","1","0","0","1","no","not_public","50","EXPAND","Content editor","not_publication_ready;thin_content"
"reserva-natural-pichi-mahuida","kb_attraction","/baza-znaniy/reserva-natural-pichi-mahuida","ru","Природный заповедник Пичи-Мауида","quarantined","not_recorded","not_recorded","review_required","not_recorded","2026-07-07","2026-07-07","2026-10-05","74","/media/argentina-travel/reserva-natural-pichi-mahuida/1628173801557-lapampa_destino4_lihuelcalel_2.jpg","0","1","0","0","1","no","not_public","50","EXPAND","Content editor","not_publication_ready;thin_content"
"reserva-natural-quebrada-de-los-condores","kb_attraction","/baza-znaniy/reserva-natural-quebrada-de-los-condores","ru","Природный заповедник Кебрада-де-лос-Кондорес","quarantined","not_recorded","not_recorded","review_required","not_recorded","2026-07-07","2026-07-07","2026-10-05","85","/media/argentina-travel/reserva-natural-quebrada-de-los-condores/1623976353074-sierralosquinteros_jpgbaja__3_.jpg","0","1","0","0","1","no","not_public","50","EXPAND","Content editor","not_publication_ready;thin_content"
"reserva-natural-silvestre-isla-de-los-estados","kb_attraction","/baza-znaniy/reserva-natural-silvestre-isla-de-los-estados","ru","Природный заповедник Исла-де-лос-Эстадос (Остров Штатов)","quarantined","not_recorded","not_recorded","review_required","not_recorded","2026-07-07","2026-07-07","2026-10-05","90","/media/argentina-travel/reserva-natural-silvestre-isla-de-los-estados/1625155409114-faro2.jpg","0","1","0","0","1","no","not_public","50","EXPAND","Content editor","not_publication_ready;thin_content"
"reserva-provincial-parque-luro","kb_attraction","/baza-znaniy/reserva-provincial-parque-luro","ru","Провинциальный заповедник Парке-Луро","quarantined","not_recorded","not_recorded","review_required","not_recorded","2026-07-07","2026-07-07","2026-10-05","86","/media/argentina-travel/reserva-provincial-parque-luro/1628171540270-lapampa_destino1_parqueluro_11.jpg","0","1","0","0","1","no","not_public","50","EXPAND","Content editor","not_publication_ready;thin_content"
"resistencia","kb_city","/baza-znaniy/resistencia","ru","Ресистенсия","published_public","not_recorded","not_recorded","review_required","not_recorded","2026-07-07","2026-07-07","2027-01-03","352","/media/argentina-travel/resistencia/1624384539231-resistencia_museum_escultura.jpg","0","1","4","3","1","yes","yes","100","KEEP","Content editor","publication_gate_clean"
"restorany-i-kak-est","kb_guide","/baza-znaniy/restorany-i-kak-est","ru","Рестораны и как здесь едят: часы, типы заведений, счёт","published_public","not_recorded","not_recorded","review_required","not_recorded","2026-07-04","2026-07-04","2026-12-31","499","https://upload.wikimedia.org/wikipedia/commons/thumb/3/32/Interior_del_Caf%C3%A9_Tortoni_2025_05.jpg/1920px-Interior_del_Caf%C3%A9_Tortoni_2025_05.jpg","0","1","5","14","1","yes","yes","100","KEEP","Content editor","publication_gate_clean"
"ria-de-bahia-blanca","kb_attraction","/baza-znaniy/ria-de-bahia-blanca","ru","Bahía Blanca ria","quarantined","not_recorded","not_recorded","review_required","not_recorded","2026-07-07","2026-07-07","2026-10-05","66","/media/argentina-travel/ria-de-bahia-blanca/1623526679137-bahia_blanca__2_.jpg","0","1","0","0","1","no","not_public","10","DEEP_REWRITE","Content editor","not_publication_ready;non_russian_title;non_russian_summary"
"rio-gallegos","kb_attraction","/baza-znaniy/rio-gallegos","ru","Рио-Гальегос","quarantined","not_recorded","not_recorded","review_required","not_recorded","2026-07-07","2026-07-07","2026-10-05","78","/media/argentina-travel/rio-gallegos/1637871522469-_ed77972alta.jpg","0","1","0","0","1","no","not_public","50","EXPAND","Content editor","not_publication_ready;thin_content"
"rio-grande","kb_attraction","/baza-znaniy/rio-grande","ru","Рио-Гранде","quarantined","not_recorded","not_recorded","review_required","not_recorded","2026-07-07","2026-07-07","2026-10-05","73","/media/argentina-travel/rio-grande/1637248366514-rio_grande_h__2_.jpg","0","1","0","0","1","no","not_public","50","EXPAND","Content editor","not_publication_ready;thin_content"
"rio-parana","kb_attraction","/baza-znaniy/rio-parana","ru","Река Парана","quarantined","not_recorded","not_recorded","review_required","not_recorded","2026-07-07","2026-07-07","2026-10-05","72","/media/argentina-travel/rio-parana/1624390939011-3_parana_rio_sup___canotaje_horizontal__1__baja.jpg","0","1","0","0","1","no","not_public","50","EXPAND","Content editor","not_publication_ready;thin_content"
"rody-i-beremennost","kb_guide","/baza-znaniy/rody-i-beremennost","ru","Беременность и роды в Аргентине: медицина и документы","quarantined","not_recorded","not_recorded","review_required","not_recorded","2026-07-17","2026-07-17","2026-08-31","164","missing","0","3","0","0","3","no","not_public","70","HUMAN_REVIEW","Content editor","not_publication_ready"
"rody-v-argentine","kb_faq","/baza-znaniy/rody-v-argentine","ru","Что даёт рождение ребёнка в Аргентине?","published_public","not_recorded","not_recorded","review_required","not_recorded","2026-07-17","2026-07-17","2026-08-31","147","missing","0","2","0","0","2","yes","yes","100","KEEP","Content editor","publication_gate_clean"
"roque-saenz-pena","kb_attraction","/baza-znaniy/roque-saenz-pena","ru","Roque Sáenz Peña","quarantined","not_recorded","not_recorded","review_required","not_recorded","2026-07-07","2026-07-07","2026-10-05","63","/media/argentina-travel/roque-saenz-pena/1643400995605-saenz_pe_a_termas_pileta.jpg","0","1","0","0","1","no","not_public","10","DEEP_REWRITE","Content editor","not_publication_ready;non_russian_title;non_russian_summary"
"rosario","kb_city","/baza-znaniy/rosario","ru","Росарио","published_public","not_recorded","not_recorded","review_required","not_recorded","2026-07-03","2026-07-03","2026-12-30","391","https://upload.wikimedia.org/wikipedia/commons/thumb/0/01/Rosario_National_Flag_Memorial-20110510-RM-143010.jpg/1920px-Rosario_National_Flag_Memorial-20110510-RM-143010.jpg","0","7","5","4","3","yes","yes","100","KEEP","Content editor","publication_gate_clean"
"rossiya-vs-argentina","kb_guide","/baza-znaniy/rossiya-vs-argentina","ru","Россия и Аргентина: как сравнить жизнь без стереотипов","quarantined","not_recorded","not_recorded","review_required","not_recorded","2026-07-17","2026-07-17","2026-08-31","473","missing","0","5","0","0","5","no","not_public","30","HUMAN_REVIEW","Fact checker + legal reviewer","not_publication_ready"
"ruinas-de-quilmes","kb_attraction","/baza-znaniy/ruinas-de-quilmes","ru","Руины Кильмес","quarantined","not_recorded","not_recorded","review_required","not_recorded","2026-07-06","2026-07-06","2026-10-04","22","missing","0","0","0","0","1","no","not_public","65","EXPAND","Media editor","thin_content;missing_hero"
"ruta-40-en-chubut","kb_attraction","/baza-znaniy/ruta-40-en-chubut","ru","Трасса 40 в провинции Чубут","quarantined","not_recorded","not_recorded","review_required","not_recorded","2026-07-07","2026-07-07","2026-10-05","58","/media/argentina-travel/ruta-40-en-chubut/1636725804459-puerto_limonao__pnla.jpg","0","1","0","0","1","no","not_public","80","EXPAND","Content editor","thin_content"
"ruta-40-en-santa-cruz","kb_attraction","/baza-znaniy/ruta-40-en-santa-cruz","ru","Ruta 40 in Santa Cruz","quarantined","not_recorded","not_recorded","review_required","not_recorded","2026-07-07","2026-07-07","2026-10-05","67","/media/argentina-travel/ruta-40-en-santa-cruz/1650302749899-chalt_n__43_.jpg","0","1","0","0","1","no","not_public","10","DEEP_REWRITE","Content editor","not_publication_ready;non_russian_title;non_russian_summary"
"ruta-40-sem-ozer","kb_route","/baza-znaniy/ruta-40-sem-ozer","ru","Дорога семи озёр и Рута 40","published_public","not_recorded","not_recorded","review_required","not_recorded","2026-07-02","2026-07-02","2026-12-29","852","https://upload.wikimedia.org/wikipedia/commons/7/78/Lago_Espejo._Ruta_de_los_siete_lagos._Neuqu%C3%A9n.jpg","0","3","4","13","3","yes","yes","100","KEEP","Content editor","publication_gate_clean"
"ruta-40-sem-ozer-ne-speshite","kb_author_tip","/baza-znaniy/ruta-40-sem-ozer-ne-speshite","ru","Дорога семи озёр за полтора часа — формально возможно, но это упущенная поездка","published_public","not_recorded","not_recorded","review_required","not_recorded","2026-06-30","2026-06-30","2026-09-28","189","missing","0","1","0","3","0","yes","yes","100","KEEP","Content editor","publication_gate_clean"
"ruta-azul","kb_attraction","/baza-znaniy/ruta-azul","ru","Ruta Azul","quarantined","not_recorded","not_recorded","review_required","not_recorded","2026-07-07","2026-07-07","2026-08-21","61","/media/argentina-travel/ruta-azul/1650295239279-cerro_chenque_y_puerto_comodoro_rivadavia_2.jpg","0","1","0","0","1","no","not_public","0","HUMAN_REVIEW","Fact checker + legal reviewer","not_publication_ready;non_russian_title;non_russian_summary"
"ruta-de-la-cultura-qom","kb_attraction","/baza-znaniy/ruta-de-la-cultura-qom","ru","Qom culture route","quarantined","not_recorded","not_recorded","review_required","not_recorded","2026-07-07","2026-07-07","2026-10-05","63","/media/argentina-travel/ruta-de-la-cultura-qom/1624387411127-camino_de_la_palma_artesanas_qom_fortin_lavalle__chaco_9.jpg","0","1","0","0","1","no","not_public","10","DEEP_REWRITE","Content editor","not_publication_ready;non_russian_title;non_russian_summary"
"ruta-de-los-siete-lagos","kb_attraction","/baza-znaniy/ruta-de-los-siete-lagos","ru","Дорога семи озёр","quarantined","not_recorded","not_recorded","review_required","not_recorded","2026-07-07","2026-07-07","2026-10-05","68","/media/argentina-travel/ruta-de-los-siete-lagos/1628788845635-_villatraful_marinascentro_mavik2pro_9.jpg","0","1","0","0","1","no","not_public","80","EXPAND","Content editor","thin_content"
"ruta-del-adobe-en-catamarca","kb_attraction","/baza-znaniy/ruta-del-adobe-en-catamarca","ru","Adobe Route in Catamarca","quarantined","not_recorded","not_recorded","review_required","not_recorded","2026-07-07","2026-07-07","2026-08-21","62","/media/argentina-travel/ruta-del-adobe-en-catamarca/1623531265334-mq303694_hdr.jpg","0","1","0","0","1","no","not_public","0","HUMAN_REVIEW","Fact checker + legal reviewer","not_publication_ready;non_russian_title;non_russian_summary"
"ruta-del-artesano-en-tucuman","kb_attraction","/baza-znaniy/ruta-del-artesano-en-tucuman","ru","Artisan Route in Tucumán","quarantined","not_recorded","not_recorded","review_required","not_recorded","2026-07-07","2026-07-07","2026-10-05","67","/media/argentina-travel/ruta-del-artesano-en-tucuman/1656697264705-1.jpg","0","1","0","0","1","no","not_public","10","DEEP_REWRITE","Content editor","not_publication_ready;non_russian_title;non_russian_summary"
"ruta-del-olivo-san-juan","kb_attraction","/baza-znaniy/ruta-del-olivo-san-juan","ru","Olive Route, San Juan","quarantined","not_recorded","not_recorded","review_required","not_recorded","2026-07-07","2026-07-07","2026-10-05","66","/media/argentina-travel/ruta-del-olivo-san-juan/1626983833720-sjischigualastodji_0063.jpg","0","1","0","0","1","no","not_public","10","DEEP_REWRITE","Content editor","not_publication_ready;non_russian_title;non_russian_summary"
"ruta-del-vino-en-la-patagonia","kb_attraction","/baza-znaniy/ruta-del-vino-en-la-patagonia","ru","Ruta del Vino en la Патагония","quarantined","not_recorded","not_recorded","review_required","not_recorded","2026-07-07","2026-07-07","2026-08-21","69","/media/argentina-travel/ruta-del-vino-en-la-patagonia/1628810500244-general_roca___bodega_canale___enologia_9.jpg","0","1","0","0","1","no","not_public","5","HUMAN_REVIEW","Fact checker + legal reviewer","not_publication_ready;non_russian_summary"
"ruta-del-vino-en-san-juan","kb_attraction","/baza-znaniy/ruta-del-vino-en-san-juan","ru","Wine route in San Juan","quarantined","not_recorded","not_recorded","review_required","not_recorded","2026-07-07","2026-07-07","2026-10-05","65","/media/argentina-travel/ruta-del-vino-en-san-juan/1626730256871-san_juan_5_ok_bigger.jpg","0","1","0","0","1","no","not_public","10","DEEP_REWRITE","Content editor","not_publication_ready;non_russian_title;non_russian_summary"
"ruta-del-vino-en-tucuman","kb_attraction","/baza-znaniy/ruta-del-vino-en-tucuman","ru","Wine Route in Tucumán","quarantined","not_recorded","not_recorded","review_required","not_recorded","2026-07-07","2026-07-07","2026-10-05","67","/media/argentina-travel/ruta-del-vino-en-tucuman/1656696391027-1.jpg","0","1","0","0","1","no","not_public","10","DEEP_REWRITE","Content editor","not_publication_ready;non_russian_title;non_russian_summary"
"ruta-interlagos-san-juan","kb_attraction","/baza-znaniy/ruta-interlagos-san-juan","ru","Interlagos San Juan Route","quarantined","not_recorded","not_recorded","review_required","not_recorded","2026-07-07","2026-07-07","2026-10-05","63","/media/argentina-travel/ruta-interlagos-san-juan/1626984321932-r_o_los_patos__calingasta2.jpg","0","1","0","0","1","no","not_public","10","DEEP_REWRITE","Content editor","not_publication_ready;non_russian_title;non_russian_summary"
"rutas-de-tierra-del-fuego","kb_attraction","/baza-znaniy/rutas-de-tierra-del-fuego","ru","Rutas de Огненная Земля","quarantined","not_recorded","not_recorded","review_required","not_recorded","2026-07-07","2026-07-07","2026-10-05","65","/media/argentina-travel/rutas-de-tierra-del-fuego/1637253856878-captura_de_pantalla_2021_07_02_a_la_s__14_23_51.jpg","0","1","0","0","1","no","not_public","45","DEEP_REWRITE","Content editor","not_publication_ready;non_russian_summary"
"sabores-de-chaco","kb_attraction","/baza-znaniy/sabores-de-chaco","ru","Flavors from Chaco","quarantined","not_recorded","not_recorded","review_required","not_recorded","2026-07-07","2026-07-07","2026-10-05","50","/media/argentina-travel/sabores-de-chaco/1644336798000-sabores_del_chaco_empanadas__1_.jpg","0","1","0","0","1","no","not_public","10","DEEP_REWRITE","Content editor","not_publication_ready;non_russian_title;non_russian_summary"
"sabores-riojanos","kb_attraction","/baza-znaniy/sabores-riojanos","ru","La Rioja Tastes","quarantined","not_recorded","not_recorded","review_required","not_recorded","2026-07-07","2026-07-07","2026-10-05","58","/media/argentina-travel/sabores-riojanos/1656690240453-sierralosquinteros_jpgbaja__3_.jpg","0","1","0","0","1","no","not_public","10","DEEP_REWRITE","Content editor","not_publication_ready;non_russian_title;non_russian_summary"
"salinas-grandes","kb_attraction","/baza-znaniy/salinas-grandes","ru","Салинас-Грандес","published_public","not_recorded","not_recorded","review_required","not_recorded","2026-07-07","2026-07-07","2027-01-03","381","/media/argentina-travel/salinas-grandes/1623701998891-salinas_grandes__jujuy___mirjam_letsch_jujuy__46____.jpg","0","1","4","3","3","yes","yes","100","KEEP","Content editor","publication_gate_clean"
"salinas-grandes-jujuy","kb_attraction","/baza-znaniy/salinas-grandes-jujuy","ru","Салинас-Грандес (Жужуй)","quarantined","not_recorded","not_recorded","review_required","not_recorded","2026-07-07","2026-07-07","2026-10-05","78","/media/argentina-travel/salinas-grandes-jujuy/1623973152257-jujuy_puna_sur_salinas_canon_mk_iv__1_.jpg","0","1","0","0","1","no","not_public","50","EXPAND","Content editor","not_publication_ready;thin_content"
"salta","kb_city","/baza-znaniy/salta","ru","Сальта","published_public","not_recorded","not_recorded","review_required","not_recorded","2026-07-02","2026-07-02","2026-12-29","364","https://upload.wikimedia.org/wikipedia/commons/thumb/b/bd/Cathedral_of_Salta_02.jpg/1920px-Cathedral_of_Salta_02.jpg","0","3","5","5","3","yes","yes","100","HUMAN_REVIEW","Content architect","publication_gate_clean;exact_title_duplicate_review_required"
"salta-kalchakskie-doliny-marshrut","kb_author_tip","/baza-znaniy/salta-kalchakskie-doliny-marshrut","ru","Один день из Сальты через перевал в Качи и Кальчакские долины — связка, которую часто недооценивают по времени","published_public","not_recorded","not_recorded","review_required","not_recorded","2026-06-30","2026-06-30","2026-09-28","202","missing","0","1","0","2","0","yes","yes","100","KEEP","Content editor","publication_gate_clean"
"salta-y-san-lorenzo","kb_attraction","/baza-znaniy/salta-y-san-lorenzo","ru","Salta and San Lorenzo","quarantined","not_recorded","not_recorded","review_required","not_recorded","2026-07-07","2026-07-07","2026-10-05","67","/media/argentina-travel/salta-y-san-lorenzo/1624475781693-pano_cf_2013_002_salta_metan_sanlorenzo_5d2_7585.jpg","0","1","0","0","1","no","not_public","10","DEEP_REWRITE","Content editor","not_publication_ready;non_russian_title;non_russian_summary"
"salto-encantado","kb_attraction","/baza-znaniy/salto-encantado","ru","Salto Encantado","quarantined","not_recorded","not_recorded","review_required","not_recorded","2026-07-07","2026-07-07","2026-10-05","60","/media/argentina-travel/salto-encantado/1638472776028-captura_de_pantalla_2021_07_02_a_la_s__15_27_42.jpg","0","1","0","0","1","no","not_public","10","DEEP_REWRITE","Content editor","not_publication_ready;non_russian_title;non_russian_summary"
"saltos-del-mocona","kb_attraction","/baza-znaniy/saltos-del-mocona","ru","Сальтос-дель-Моконá","quarantined","not_recorded","not_recorded","review_required","not_recorded","2026-07-06","2026-07-06","2026-10-04","247","missing","0","0","4","3","0","no","not_public","65","DEEP_REWRITE","Media editor","mixed_script_word;missing_hero"
"samyj-yuzhnyj-gorod-mira","kb_faq","/baza-znaniy/samyj-yuzhnyj-gorod-mira","ru","Ушуайя — правда самый южный город в мире?","quarantined","not_recorded","not_recorded","review_required","not_recorded","2026-06-30","2026-06-30","2026-12-27","61","missing","0","0","0","0","0","no","not_public","80","EXPAND","Content editor","thin_content"
"san-antonio-de-areco","kb_city","/baza-znaniy/san-antonio-de-areco","ru","San Antonio de Areco","quarantined","not_recorded","not_recorded","review_required","not_recorded","2026-07-07","2026-07-07","2026-10-05","63","/media/argentina-travel/san-antonio-de-areco/1623531962320-san_ant_de_areco_asado.jpg","0","1","0","0","1","no","not_public","10","DEEP_REWRITE","Content editor","not_publication_ready;non_russian_title;non_russian_summary"
"san-antonio-oeste","kb_attraction","/baza-znaniy/san-antonio-oeste","ru","Сан-Антонио-Оэсте","quarantined","not_recorded","not_recorded","review_required","not_recorded","2026-07-07","2026-07-07","2026-10-05","78","/media/argentina-travel/san-antonio-oeste/1629168532151-camino_de_la_costa___bahia_creek____naturaleza_2.jpg","0","1","0","0","1","no","not_public","50","EXPAND","Content editor","not_publication_ready;thin_content"
"san-huan","kb_city","/baza-znaniy/san-huan","ru","Сан-Хуан","published_public","not_recorded","not_recorded","review_required","not_recorded","2026-07-02","2026-07-02","2026-12-29","645","https://upload.wikimedia.org/wikipedia/commons/thumb/6/67/Peatonal_Rivadavia%2C_ciudad_de_San_Juan%2C_prov._de_San_Juan%2C_Argentina.jpg/1920px-Peatonal_Rivadavia%2C_ciudad_de_San_Juan%2C_prov._de_San_Juan%2C_Argentina.jpg","0","5","5","3","5","yes","yes","100","KEEP","Content editor","publication_gate_clean"
"san-ignacio-mini","kb_attraction","/baza-znaniy/san-ignacio-mini","ru","Сан-Игнасио-Мини","quarantined","not_recorded","not_recorded","review_required","not_recorded","2026-07-02","2026-07-02","2026-12-29","635","https://upload.wikimedia.org/wikipedia/commons/thumb/4/4f/Ruins_of_San_Ignacio_Min%C3%AD.jpg/1600px-Ruins_of_San_Ignacio_Min%C3%AD.jpg","0","5","7","3","4","no","not_public","80","DEEP_REWRITE","Content editor","mixed_script_word"
"san-jose","kb_attraction","/baza-znaniy/san-jose","ru","Сан-Хосе","quarantined","not_recorded","not_recorded","review_required","not_recorded","2026-07-07","2026-07-07","2026-10-05","71","/media/argentina-travel/san-jose/1638477444362-5_san_jose_molino_aventura_horizontal__6__alta.jpg","0","1","0","0","1","no","not_public","50","EXPAND","Content editor","not_publication_ready;thin_content"
"san-luis","kb_city","/baza-znaniy/san-luis","ru","Сан-Луис","published_public","not_recorded","not_recorded","review_required","not_recorded","2026-07-02","2026-07-02","2026-12-29","317","https://upload.wikimedia.org/wikipedia/commons/thumb/5/50/Ciudad_de_San_Luis%2C_provincia_de_San_Luis%2C_Argentina.jpg/1920px-Ciudad_de_San_Luis%2C_provincia_de_San_Luis%2C_Argentina.jpg","0","3","5","3","3","yes","yes","100","KEEP","Content editor","publication_gate_clean"
"san-martin-de-los-andes","kb_city","/baza-znaniy/san-martin-de-los-andes","ru","Сан-Мартин-де-лос-Андес","published_public","not_recorded","not_recorded","review_required","not_recorded","2026-07-07","2026-07-07","2027-01-03","384","/media/argentina-travel/san-martin-de-los-andes/1628781619905-fotodrone_ruta_7_lagos.jpg","0","1","5","4","4","yes","yes","100","KEEP","Content editor","publication_gate_clean"
"san-miguel-de-tucuman","kb_city","/baza-znaniy/san-miguel-de-tucuman","ru","Сан-Мигель-де-Тукуман","published_public","not_recorded","not_recorded","review_required","not_recorded","2026-07-02","2026-07-02","2026-12-29","444","https://upload.wikimedia.org/wikipedia/commons/thumb/8/8b/San_Miguel_de_Tucum%C3%A1n_Argentina_capital_de_provincia_foto_a%C3%A9rea_diurna_CONTEXTO_S.R.L_gonzaloluciani_2023.jpg/1920px-San_Miguel_de_Tucum%C3%A1n_Argentina_capital_de_provincia_foto_a%C3%A9rea_diurna_CONTEXTO_S.R.L_gonzaloluciani_2023.jpg","0","4","6","5","4","yes","yes","100","KEEP","Content editor","publication_gate_clean"
"san-rafael","kb_city","/baza-znaniy/san-rafael","ru","San Rafael","quarantined","not_recorded","not_recorded","review_required","not_recorded","2026-07-07","2026-07-07","2026-10-05","68","/media/argentina-travel/san-rafael/1626727167570-2242_43.jpg","0","1","0","0","1","no","not_public","10","DEEP_REWRITE","Content editor","not_publication_ready;non_russian_title;non_russian_summary"
"san-salvador-de-jujuy","kb_city","/baza-znaniy/san-salvador-de-jujuy","ru","Сан-Сальвадор-де-Жужуй","published_public","not_recorded","not_recorded","review_required","not_recorded","2026-07-07","2026-07-07","2027-01-03","540","/media/argentina-travel/san-salvador-de-jujuy/1623973506105-jujuy_san_salvador_de_jujuy_plaza_belgrano_canon_5d_mkiv__13_.jpg","0","1","6","5","4","yes","yes","100","KEEP","Content editor","publication_gate_clean"
"sandboard-en-abra-pampa","kb_attraction","/baza-znaniy/sandboard-en-abra-pampa","ru","Sandboarding in Abra Pampa","quarantined","not_recorded","not_recorded","review_required","not_recorded","2026-07-07","2026-07-07","2026-10-05","63","/media/argentina-travel/sandboard-en-abra-pampa/1625343063798-p_abra_pampa_activo_sandboard_ph_a_moreno_prado__12_.jpg","0","1","0","0","1","no","not_public","10","DEEP_REWRITE","Content editor","not_publication_ready;non_russian_title;non_russian_summary"
"sandboard-en-las-dunas-de-saujil","kb_attraction","/baza-znaniy/sandboard-en-las-dunas-de-saujil","ru","Sandboarding on the Saujil dunes","quarantined","not_recorded","not_recorded","review_required","not_recorded","2026-07-07","2026-07-07","2026-10-05","68","/media/argentina-travel/sandboard-en-las-dunas-de-saujil/1626723878761-mq304780_hdr.jpg","0","1","0","0","1","no","not_public","10","DEEP_REWRITE","Content editor","not_publication_ready;non_russian_title;non_russian_summary"
"santa-fe","kb_city","/baza-znaniy/santa-fe","ru","Санта-Фе","quarantined","not_recorded","not_recorded","review_required","not_recorded","2026-07-02","2026-07-02","2026-12-29","673","https://upload.wikimedia.org/wikipedia/commons/thumb/2/22/Puente_colgante_Santa_Fe_1_atardecer.jpg/1920px-Puente_colgante_Santa_Fe_1_atardecer.jpg","0","5","6","6","5","no","not_public","80","DEEP_REWRITE","Content editor","mixed_script_word"
"santa-maria","kb_attraction","/baza-znaniy/santa-maria","ru","Санта-Мария","quarantined","not_recorded","not_recorded","review_required","not_recorded","2026-07-07","2026-07-07","2026-10-05","73","/media/argentina-travel/santa-maria/1626722995212-090716__mg_1200.jpg","0","1","0","0","1","no","not_public","50","EXPAND","Content editor","not_publication_ready;thin_content"
"santa-rosa","kb_city","/baza-znaniy/santa-rosa","ru","Санта-Роса","published_public","not_recorded","not_recorded","review_required","not_recorded","2026-07-07","2026-07-07","2027-01-03","487","/media/argentina-travel/santa-rosa/1628170501661-lapampa_destino6_turismocultural_7.jpg","0","1","5","4","4","yes","yes","100","KEEP","Content editor","publication_gate_clean"
"santiago-del-estero","kb_city","/baza-znaniy/santiago-del-estero","ru","Сантьяго-дель-Эстеро","published_public","not_recorded","not_recorded","review_required","not_recorded","2026-07-02","2026-07-02","2026-12-29","468","https://upload.wikimedia.org/wikipedia/commons/thumb/f/f0/Plaza_Libertad_y_Catedral_Bas%C3%ADlica_de_la_Ciudad_de_Santiago_del_estero.jpg/1920px-Plaza_Libertad_y_Catedral_Bas%C3%ADlica_de_la_Ciudad_de_Santiago_del_estero.jpg","0","4","5","2","4","yes","yes","100","KEEP","Content editor","publication_gate_clean"
"sdacha-nedvizhimosti-v-arendu","kb_guide","/baza-znaniy/sdacha-nedvizhimosti-v-arendu","ru","Сдача недвижимости в аренду: регистрация и документы","published_public","not_recorded","not_recorded","review_required","not_recorded","2026-07-17","2026-07-17","2026-08-31","152","missing","0","1","0","0","1","yes","yes","100","KEEP","Content editor","publication_gate_clean"
"seclantas","kb_attraction","/baza-znaniy/seclantas","ru","Seclantás","quarantined","not_recorded","not_recorded","review_required","not_recorded","2026-07-07","2026-07-07","2026-10-05","61","/media/argentina-travel/seclantas/1656869071360-seclantas__.jpg","0","1","0","0","1","no","not_public","10","DEEP_REWRITE","Content editor","not_publication_ready;non_russian_title;non_russian_summary"
"senderismo-con-llamas-en-jujuy","kb_attraction","/baza-znaniy/senderismo-con-llamas-en-jujuy","ru","Hiking with llamas in Jujuy","quarantined","not_recorded","not_recorded","review_required","not_recorded","2026-07-07","2026-07-07","2026-10-05","63","/media/argentina-travel/senderismo-con-llamas-en-jujuy/1625015702774-jujuy_purmamarca_caravana_de_llamas_canon_mk_iv.jpg","0","1","0","0","1","no","not_public","10","DEEP_REWRITE","Content editor","not_publication_ready;non_russian_title;non_russian_summary"
"senderos-periurbanos-de-esquel","kb_attraction","/baza-znaniy/senderos-periurbanos-de-esquel","ru","Suburban footpaths of Esquel","quarantined","not_recorded","not_recorded","review_required","not_recorded","2026-07-07","2026-07-07","2026-10-05","66","/media/argentina-travel/senderos-periurbanos-de-esquel/1629424881402-esquel__presa_amutui_quimey_y_rio_futaleuf_.jpg","0","1","0","0","1","no","not_public","10","DEEP_REWRITE","Content editor","not_publication_ready;non_russian_title;non_russian_summary"
"severnye-parki-zolotoj-chas","kb_author_tip","/baza-znaniy/severnye-parki-zolotoj-chas","ru","Пустынные парки NOA и Куйо: один и тот же приём — ловить рассвет и закат, избегать полдня","published_public","not_recorded","not_recorded","review_required","not_recorded","2026-06-30","2026-06-30","2026-09-28","196","missing","0","1","0","4","0","yes","yes","100","KEEP","Content editor","publication_gate_clean"
"shkola-dlya-detey","kb_guide","/baza-znaniy/shkola-dlya-detey","ru","Как устроить ребёнка в школу в Аргентине","published_public","not_recorded","not_recorded","review_required","not_recorded","2026-07-17","2026-07-17","2026-08-31","168","missing","0","2","0","0","2","yes","yes","100","KEEP","Content editor","publication_gate_clean"
"shtrafy-i-scoring","kb_guide","/baza-znaniy/shtrafy-i-scoring","ru","Штрафы, баллы и проверка нарушений за рулём в Аргентине","published_public","not_recorded","not_recorded","review_required","not_recorded","2026-07-17","2026-07-17","2026-08-31","298","missing","0","4","0","0","3","yes","yes","100","KEEP","Content editor","publication_gate_clean"
"sierra-de-la-ventana","kb_attraction","/baza-znaniy/sierra-de-la-ventana","ru","Сьерра-де-ла-Вентана","quarantined","not_recorded","not_recorded","review_required","not_recorded","2026-07-06","2026-07-06","2026-10-04","241","missing","0","0","4","3","0","no","not_public","85","LIGHT_EDIT","Media editor","missing_hero"
"sierra-de-las-quijadas","kb_national_park","/baza-znaniy/sierra-de-las-quijadas","ru","Национальный парк Сьерра-де-лас-Кихадас","quarantined","not_recorded","not_recorded","review_required","not_recorded","2026-07-07","2026-07-07","2027-01-03","75","/media/argentina-travel/sierra-de-las-quijadas/1628709303525-sanluis_sierradelasquijadas_4.jpg","0","1","0","0","1","no","not_public","80","EXPAND","Content editor","thin_content"
"sierras-cordobesas","kb_attraction","/baza-znaniy/sierras-cordobesas","ru","Сьерры Кордовы","quarantined","not_recorded","not_recorded","review_required","not_recorded","2026-07-07","2026-07-07","2026-10-05","78","/media/argentina-travel/sierras-cordobesas/1628772799353-cerro_champaqu__.jpg","0","1","0","0","1","no","not_public","50","EXPAND","Content editor","not_publication_ready;thin_content"
"sierras-de-la-provincia-de-buenos-aires","kb_attraction","/baza-znaniy/sierras-de-la-provincia-de-buenos-aires","ru","Сьерры провинции Буэнос-Айрес","quarantined","not_recorded","not_recorded","review_required","not_recorded","2026-07-07","2026-07-07","2026-10-05","82","/media/argentina-travel/sierras-de-la-provincia-de-buenos-aires/1623525982129-buenos_aires_tandil_cabalgata_sonya9_a_908222.jpg","0","1","0","0","1","no","not_public","50","EXPAND","Content editor","not_publication_ready;thin_content"
"sierras-de-sumampa","kb_attraction","/baza-znaniy/sierras-de-sumampa","ru","Сьерры Сумампа","quarantined","not_recorded","not_recorded","review_required","not_recorded","2026-07-07","2026-07-07","2026-10-05","76","/media/argentina-travel/sierras-de-sumampa/1624383604822-dsc_3416.jpg","0","1","0","0","1","no","not_public","50","EXPAND","Content editor","not_publication_ready;thin_content"
"sistema-zdravoohraneniya","kb_guide","/baza-znaniy/sistema-zdravoohraneniya","ru","Система здравоохранения Аргентины: público, obra social и prepaga","quarantined","not_recorded","not_recorded","review_required","not_recorded","2026-07-17","2026-07-17","2026-08-31","154","missing","0","3","0","0","3","no","not_public","70","HUMAN_REVIEW","Content editor","not_publication_ready"
"skam-s-falshivoj-policiej","kb_faq","/baza-znaniy/skam-s-falshivoj-policiej","ru","Что за мошенничество с «фальшивой полицией» в Аргентине?","quarantined","not_recorded","not_recorded","review_required","not_recorded","2026-06-30","2026-06-30","2026-08-14","101","missing","0","0","0","0","0","no","not_public","0","LEGAL_REVIEW","Fact checker + legal reviewer","missing_sensitive_source;thin_content"
"skolko-deneg-brat-na-poezdku","kb_faq","/baza-znaniy/skolko-deneg-brat-na-poezdku","ru","Сколько денег нужно брать на поездку в Аргентину?","quarantined","not_recorded","not_recorded","review_required","not_recorded","2026-06-30","2026-06-30","2026-08-14","115","missing","0","0","0","0","0","no","not_public","0","LEGAL_REVIEW","Fact checker + legal reviewer","missing_sensitive_source;thin_content"
"skolko-dnej-na-marshrut-2-nedeli","kb_faq","/baza-znaniy/skolko-dnej-na-marshrut-2-nedeli","ru","Реально ли увидеть главное в Аргентине за 2 недели?","quarantined","not_recorded","not_recorded","review_required","not_recorded","2026-06-30","2026-06-30","2026-09-28","90","missing","0","0","0","0","0","no","not_public","80","EXPAND","Content editor","thin_content"
"skolko-dnej-nuzhno-na-iguasu","kb_faq","/baza-znaniy/skolko-dnej-nuzhno-na-iguasu","ru","Сколько дней нужно на парк Игуасу?","quarantined","not_recorded","not_recorded","review_required","not_recorded","2026-06-30","2026-06-30","2026-12-27","74","missing","0","0","0","0","0","no","not_public","80","EXPAND","Content editor","thin_content"
"skolko-letet-iz-rossii","kb_faq","/baza-znaniy/skolko-letet-iz-rossii","ru","Сколько лететь из России в Аргентину и какие есть маршруты?","quarantined","not_recorded","not_recorded","review_required","not_recorded","2026-06-30","2026-06-30","2026-08-14","96","missing","0","0","0","0","0","no","not_public","0","LEGAL_REVIEW","Fact checker + legal reviewer","missing_sensitive_source;thin_content"
"skolko-nalichnyh-mozhno-vvezti","kb_faq","/baza-znaniy/skolko-nalichnyh-mozhno-vvezti","ru","Сколько наличных можно ввезти в Аргентину без декларации?","published_public","not_recorded","not_recorded","review_required","not_recorded","2026-07-17","2026-07-17","2026-08-31","128","missing","0","1","0","0","1","yes","yes","100","KEEP","Content editor","publication_gate_clean"
"skolko-stoit-oformit-vnzh","kb_faq","/baza-znaniy/skolko-stoit-oformit-vnzh","ru","Сколько стоит оформление резиденции или визы цифрового кочевника в Аргентине?","quarantined","not_recorded","not_recorded","review_required","not_recorded","2026-06-30","2026-06-30","2026-08-14","107","missing","0","0","0","0","0","no","not_public","0","LEGAL_REVIEW","Fact checker + legal reviewer","missing_sensitive_source;thin_content"
"skolko-stoit-zhizn-v-buenos-ajrese","kb_faq","/baza-znaniy/skolko-stoit-zhizn-v-buenos-ajrese","ru","Сколько денег нужно на жизнь в Буэнос-Айресе в месяц?","quarantined","not_recorded","not_recorded","review_required","not_recorded","2026-06-30","2026-06-30","2026-08-14","120","missing","0","0","0","0","0","no","not_public","0","LEGAL_REVIEW","Fact checker + legal reviewer","missing_sensitive_source"
"sladkoe-dulce-de-leche","kb_guide","/baza-znaniy/sladkoe-dulce-de-leche","ru","Сладкое: дульсе-де-лече, альфахорес и фактурас","quarantined","not_recorded","not_recorded","review_required","not_recorded","2026-07-04","2026-07-04","2026-12-31","406","https://upload.wikimedia.org/wikipedia/commons/b/bc/R%C3%BAstico_Chocolate_artisan_dark_chocolate_alfajor_with_dulce_de_leche.jpg","0","2","5","4","2","no","not_public","80","DEEP_REWRITE","Content editor","mixed_script_word"
"soobshestvo-i-adaptaciya","kb_guide","/baza-znaniy/soobshestvo-i-adaptaciya","ru","Где найти своих и как устроить адаптацию в Аргентине","published_public","not_recorded","not_recorded","review_required","not_recorded","2026-07-17","2026-07-17","2026-08-31","304","missing","0","1","0","4","0","yes","yes","100","KEEP","Content editor","publication_gate_clean"
"status-expediente-migraciones","kb_guide","/baza-znaniy/status-expediente-migraciones","ru","Как проверить статус дела в Migraciones","quarantined","not_recorded","not_recorded","review_required","not_recorded","2026-07-17","2026-07-17","2026-08-31","173","missing","0","2","0","0","2","no","not_public","30","HUMAN_REVIEW","Fact checker + legal reviewer","not_publication_ready"
"stoimost-zhizni-ba","kb_guide","/baza-znaniy/stoimost-zhizni-ba","ru","Как рассчитать стоимость жизни в Буэнос-Айресе","quarantined","not_recorded","not_recorded","review_required","not_recorded","2026-07-17","2026-07-17","2026-08-31","356","missing","0","3","0","4","0","no","not_public","30","HUMAN_REVIEW","Fact checker + legal reviewer","not_publication_ready"
"stoimost-zhizni-semya-i-para","kb_guide","/baza-znaniy/stoimost-zhizni-semya-i-para","ru","Стоимость жизни для пары и семьи: как собрать свой сценарий","quarantined","not_recorded","not_recorded","review_required","not_recorded","2026-07-17","2026-07-17","2026-08-31","357","missing","0","2","0","4","0","no","not_public","30","HUMAN_REVIEW","Fact checker + legal reviewer","not_publication_ready"
"stoit-li-ehat-na-poezde-v-oblaka","kb_faq","/baza-znaniy/stoit-li-ehat-na-poezde-v-oblaka","ru","Стоит ли ехать на «Поезде в облака»?","published_public","not_recorded","not_recorded","review_required","not_recorded","2026-07-01","2026-07-01","2026-09-29","218","missing","0","2","0","1","2","yes","yes","100","KEEP","Content editor","publication_gate_clean"
"stoit-li-ehat-v-argentinu","kb_guide","/baza-znaniy/stoit-li-ehat-v-argentinu","ru","Стоит ли ехать в Аргентину: далеко, дорого, опасно?","quarantined","not_recorded","not_recorded","review_required","not_recorded","2026-07-17","2026-07-17","2026-08-31","424","missing","0","4","0","5","0","no","not_public","30","HUMAN_REVIEW","Fact checker + legal reviewer","not_publication_ready"
"stoit-li-pereezzhat","kb_guide","/baza-znaniy/stoit-li-pereezzhat","ru","Стоит ли переезжать в Аргентину: рамка честного решения","published_public","not_recorded","not_recorded","review_required","not_recorded","2026-07-17","2026-07-17","2026-08-31","361","missing","0","3","0","4","0","yes","yes","100","KEEP","Content editor","publication_gate_clean"
"studencheskaya-zhizn","kb_guide","/baza-znaniy/studencheskaya-zhizn","ru","Учёба и студенческая жизнь в Аргентине","quarantined","not_recorded","not_recorded","review_required","not_recorded","2026-07-17","2026-07-17","2026-08-31","121","missing","0","1","0","1","1","no","not_public","30","HUMAN_REVIEW","Fact checker + legal reviewer","not_publication_ready"
"susques","kb_city","/baza-znaniy/susques","ru","Сускес","quarantined","not_recorded","not_recorded","review_required","not_recorded","2026-07-06","2026-07-06","2026-10-04","502","missing","0","0","5","11","1","no","not_public","65","DEEP_REWRITE","Media editor","mixed_script_word;missing_hero"
"tafi-del-valle","kb_attraction","/baza-znaniy/tafi-del-valle","ru","Тафи-дель-Валье","quarantined","not_recorded","not_recorded","review_required","not_recorded","2026-07-06","2026-07-06","2026-10-04","269","missing","0","0","4","10","0","no","not_public","85","LIGHT_EDIT","Media editor","missing_hero"
"tafi-viejo","kb_attraction","/baza-znaniy/tafi-viejo","ru","Tafí Viejo","quarantined","not_recorded","not_recorded","review_required","not_recorded","2026-07-07","2026-07-07","2026-10-05","61","/media/argentina-travel/tafi-viejo/1625348996566-_dsc5075.jpg","0","1","0","0","1","no","not_public","10","DEEP_REWRITE","Content editor","not_publication_ready;non_russian_title;non_russian_summary"
"talampaya","kb_national_park","/baza-znaniy/talampaya","ru","Национальный парк Талампая","published_public","not_recorded","not_recorded","review_required","not_recorded","2026-07-02","2026-07-02","2026-12-29","924","https://upload.wikimedia.org/wikipedia/commons/thumb/c/c1/Talampaya_National_Park_-_54491431571.jpg/1920px-Talampaya_National_Park_-_54491431571.jpg","0","3","5","5","3","yes","yes","100","KEEP","Content editor","publication_gate_clean"
"tandil","kb_city","/baza-znaniy/tandil","ru","Тандиль","quarantined","not_recorded","not_recorded","review_required","not_recorded","2026-07-06","2026-07-06","2026-10-04","344","missing","0","0","4","3","1","no","not_public","85","LIGHT_EDIT","Media editor","missing_hero"
"tango","kb_guide","/baza-znaniy/tango","ru","Танго в Аргентине: культура, милонги, где смотреть и танцевать","published_public","not_recorded","not_recorded","review_required","not_recorded","2026-07-03","2026-07-03","2026-12-30","446","missing","0","2","4","4","1","yes","yes","100","KEEP","Content editor","publication_gate_clean"
"tango-en-buenos-aires","kb_attraction","/baza-znaniy/tango-en-buenos-aires","ru","Танго в Буэнос-Айресе","quarantined","not_recorded","not_recorded","review_required","not_recorded","2026-07-07","2026-07-07","2026-10-05","161","/media/argentina-travel/tango-en-buenos-aires/1621357111682-tango_dsc_8183_2.jpg","0","1","0","0","1","no","not_public","40","HUMAN_REVIEW","Russian content editor","machine_translation_marker"
"tastil-y-santa-rosa-de-tastil","kb_attraction","/baza-znaniy/tastil-y-santa-rosa-de-tastil","ru","Tastil and Santa Rosa de Tastil","quarantined","not_recorded","not_recorded","review_required","not_recorded","2026-07-07","2026-07-07","2026-10-05","65","/media/argentina-travel/tastil-y-santa-rosa-de-tastil/1625573933138-cf_2013_015_salta_capital_5d3_5799.jpg","0","1","0","0","1","no","not_public","10","DEEP_REWRITE","Content editor","not_publication_ready;non_russian_title;non_russian_summary"
"teatr-kolon","kb_attraction","/baza-znaniy/teatr-kolon","ru","Театр Колон","published_public","not_recorded","not_recorded","review_required","not_recorded","2026-07-02","2026-07-02","2026-12-29","343","https://upload.wikimedia.org/wikipedia/commons/thumb/8/82/Fachada_del_Teatro_Col%C3%B3n_en_Buenos_Aires%2C_Argentina.jpg/1600px-Fachada_del_Teatro_Col%C3%B3n_en_Buenos_Aires%2C_Argentina.jpg","0","3","4","1","3","yes","yes","100","KEEP","Content editor","publication_gate_clean"
"teatro-y-literatura-en-buenos-aires","kb_attraction","/baza-znaniy/teatro-y-literatura-en-buenos-aires","ru","Театр и литература в Буэнос-Айресе","quarantined","not_recorded","not_recorded","review_required","not_recorded","2026-07-07","2026-07-07","2026-10-05","178","/media/argentina-travel/teatro-y-literatura-en-buenos-aires/1623630282426-teatro___col_n_sala_principal__snc__5.jpg","0","1","0","0","1","no","not_public","40","HUMAN_REVIEW","Russian content editor","machine_translation_marker"
"temporada-de-orcas-en-peninsula-valdes","kb_attraction","/baza-znaniy/temporada-de-orcas-en-peninsula-valdes","ru","Orca season at Península Valdés","quarantined","not_recorded","not_recorded","review_required","not_recorded","2026-07-07","2026-07-07","2026-10-05","70","/media/argentina-travel/temporada-de-orcas-en-peninsula-valdes/1625016749406-06_dp__d1a4590web.jpg","0","1","0","0","1","no","not_public","10","DEEP_REWRITE","Content editor","not_publication_ready;non_russian_title;non_russian_summary"
"termas-de-cacheuta","kb_attraction","/baza-znaniy/termas-de-cacheuta","ru","Термы Качеута","quarantined","not_recorded","not_recorded","review_required","not_recorded","2026-07-07","2026-07-07","2026-10-05","73","/media/argentina-travel/termas-de-cacheuta/1626727701107-160818_dji_0067_cacheuta.jpg","0","1","0","0","1","no","not_public","50","EXPAND","Content editor","not_publication_ready;thin_content"
"termas-de-rio-hondo","kb_attraction","/baza-znaniy/termas-de-rio-hondo","ru","Термас-де-Рио-Ондо","published_public","not_recorded","not_recorded","review_required","not_recorded","2026-07-07","2026-07-07","2027-01-03","424","/media/argentina-travel/termas-de-rio-hondo/1624892120533-termas_de_rio_hondo_13__ph_inprotur.jpg","0","1","5","2","4","yes","yes","100","KEEP","Content editor","publication_gate_clean"
"termas-de-saenz-pena","kb_attraction","/baza-znaniy/termas-de-saenz-pena","ru","Термы Саэнс-Пенья","quarantined","not_recorded","not_recorded","review_required","not_recorded","2026-07-07","2026-07-07","2026-10-05","71","/media/argentina-travel/termas-de-saenz-pena/1644330952284-saenz_pe_a_termas_complejo_pileta2__1_.jpg","0","1","0","0","1","no","not_public","50","EXPAND","Content editor","not_publication_ready;thin_content"
"termas-del-rio-jordan","kb_attraction","/baza-znaniy/termas-del-rio-jordan","ru","Термы Рио-Жордан","quarantined","not_recorded","not_recorded","review_required","not_recorded","2026-07-07","2026-07-07","2026-10-05","76","/media/argentina-travel/termas-del-rio-jordan/1656705361212-1.jpg","0","1","0","0","1","no","not_public","50","EXPAND","Content editor","not_publication_ready;thin_content"
"termas-en-entre-rios","kb_attraction","/baza-znaniy/termas-en-entre-rios","ru","Термы Энтре-Риоса","quarantined","not_recorded","not_recorded","review_required","not_recorded","2026-07-07","2026-07-07","2026-10-05","74","/media/argentina-travel/termas-en-entre-rios/1624391593140-entreriosfederacionp1080296.jpg","0","1","0","0","1","no","not_public","30","DEEP_REWRITE","Content editor","not_publication_ready;mixed_script_word;thin_content"
"tierra-del-fuego","kb_region","/baza-znaniy/tierra-del-fuego","ru","Огненная Земля","published_public","not_recorded","not_recorded","review_required","not_recorded","2026-07-04","2026-07-04","2026-12-31","304","https://upload.wikimedia.org/wikipedia/commons/thumb/f/ff/Canal_de_Beagle_Ushuaia_Argentina_-_panoramio_%2810%29.jpg/1920px-Canal_de_Beagle_Ushuaia_Argentina_-_panoramio_%2810%29.jpg","0","1","3","4","0","yes","yes","100","KEEP","Content editor","publication_gate_clean"
"tigre-i-delta","kb_attraction","/baza-znaniy/tigre-i-delta","ru","Тигре и Дельта Параны","published_public","not_recorded","not_recorded","review_required","not_recorded","2026-07-04","2026-07-04","2026-12-31","404","https://upload.wikimedia.org/wikipedia/commons/thumb/6/60/Delta_del_Paran%C3%A1%2C_Buenos_Aires%2C_Argentina%2C_2024.jpg/1920px-Delta_del_Paran%C3%A1%2C_Buenos_Aires%2C_Argentina%2C_2024.jpg","0","2","5","5","2","yes","yes","100","KEEP","Content editor","publication_gate_clean"
"tilcara","kb_attraction","/baza-znaniy/tilcara","ru","Tilcara","quarantined","not_recorded","not_recorded","review_required","not_recorded","2026-07-07","2026-07-07","2026-10-05","63","/media/argentina-travel/tilcara/1623769629306-jujuy_quebrada_tilcara_hotel_villa_del_cielo_y_nuevo_prorgeso_cano","0","1","0","0","1","no","not_public","10","DEEP_REWRITE","Content editor","not_publication_ready;non_russian_title;non_russian_summary"
"tilkara","kb_attraction","/baza-znaniy/tilkara","ru","Тилькара и крепость Пукара","published_public","not_recorded","not_recorded","review_required","not_recorded","2026-07-03","2026-07-03","2026-12-30","418","https://upload.wikimedia.org/wikipedia/commons/thumb/4/41/Pucar%C3%A1_de_Tilcara%2C_Argentina_02.jpg/1920px-Pucar%C3%A1_de_Tilcara%2C_Argentina_02.jpg","0","2","4","6","2","yes","yes","100","KEEP","Content editor","publication_gate_clean"
"tinogasta","kb_attraction","/baza-znaniy/tinogasta","ru","Tinogasta","quarantined","not_recorded","not_recorded","review_required","not_recorded","2026-07-07","2026-07-07","2026-10-05","63","/media/argentina-travel/tinogasta/1626721737938-mq304067.jpg","0","1","0","0","1","no","not_public","10","DEEP_REWRITE","Content editor","not_publication_ready;non_russian_title;non_russian_summary"
"tolhuin","kb_attraction","/baza-znaniy/tolhuin","ru","Tolhuin","quarantined","not_recorded","not_recorded","review_required","not_recorded","2026-07-07","2026-07-07","2026-10-05","59","/media/argentina-travel/tolhuin/1637247829907-tolhuin_2.jpg","0","1","0","0","1","no","not_public","10","DEEP_REWRITE","Content editor","not_publication_ready;non_russian_title;non_russian_summary"
"tradicion-cervecera-en-santa-fe","kb_attraction","/baza-znaniy/tradicion-cervecera-en-santa-fe","ru","Пивные традиции Санта-Фе","quarantined","not_recorded","not_recorded","review_required","not_recorded","2026-07-07","2026-07-07","2026-10-05","63","/media/argentina-travel/tradicion-cervecera-en-santa-fe/1623697102049-img_4581.jpg","0","1","0","0","1","no","not_public","80","EXPAND","Content editor","thin_content"
"tradiciones-gauchas","kb_attraction","/baza-znaniy/tradiciones-gauchas","ru","Gaucho Traditions","quarantined","not_recorded","not_recorded","review_required","not_recorded","2026-07-07","2026-07-07","2026-10-05","64","/media/argentina-travel/tradiciones-gauchas/1656643151403-buenos_aires_mercedes_y_alrededores_turismo_gastronomico_sonya9_a_","0","1","0","0","1","no","not_public","10","DEEP_REWRITE","Content editor","not_publication_ready;non_russian_title;non_russian_summary"
"travesia-4x4-en-tierra-del-fuego","kb_attraction","/baza-znaniy/travesia-4x4-en-tierra-del-fuego","ru","Travesía 4x4 en Огненная Земля","quarantined","not_recorded","not_recorded","review_required","not_recorded","2026-07-07","2026-07-07","2026-10-05","66","/media/argentina-travel/travesia-4x4-en-tierra-del-fuego/1637251019212-monte_olivia_con_ruta_h__1_.jpg","0","1","0","0","1","no","not_public","45","DEEP_REWRITE","Content editor","not_publication_ready;non_russian_summary"
"trekking-en-bosques-y-lagos","kb_attraction","/baza-znaniy/trekking-en-bosques-y-lagos","ru","Треккинг среди лесов и озёр Патагонии","quarantined","not_recorded","not_recorded","review_required","not_recorded","2026-07-07","2026-07-07","2026-10-05","63","/media/argentina-travel/trekking-en-bosques-y-lagos/1629243973722-rio_negro___cordillera___023___parque_llao_llao___sendero_de_array","0","1","0","0","1","no","not_public","80","EXPAND","Content editor","thin_content"
"trekking-en-lihue-calel","kb_attraction","/baza-znaniy/trekking-en-lihue-calel","ru","Trekking in Lihué Calel","quarantined","not_recorded","not_recorded","review_required","not_recorded","2026-07-07","2026-07-07","2026-10-05","64","/media/argentina-travel/trekking-en-lihue-calel/1628516461500-lapampa_destino4_lihuelcalel_24.jpg","0","1","0","0","1","no","not_public","10","DEEP_REWRITE","Content editor","not_publication_ready;non_russian_title;non_russian_summary"
"trekking-en-parque-patagonia","kb_attraction","/baza-znaniy/trekking-en-parque-patagonia","ru","Trekking en Parque Патагония","quarantined","not_recorded","not_recorded","review_required","not_recorded","2026-07-07","2026-07-07","2026-08-21","63","/media/argentina-travel/trekking-en-parque-patagonia/1640030836601-_mg_6494edit.jpg","0","1","0","0","1","no","not_public","5","HUMAN_REVIEW","Fact checker + legal reviewer","not_publication_ready;non_russian_summary"
"trekking-en-salta","kb_attraction","/baza-znaniy/trekking-en-salta","ru","Trekking in Salta","quarantined","not_recorded","not_recorded","review_required","not_recorded","2026-07-07","2026-07-07","2026-10-05","63","/media/argentina-travel/trekking-en-salta/1625573849110-rourzagasti_62__1_.jpg","0","1","0","0","1","no","not_public","10","DEEP_REWRITE","Content editor","not_publication_ready;non_russian_title;non_russian_summary"
"trekking-en-tolhuin","kb_attraction","/baza-znaniy/trekking-en-tolhuin","ru","Треккинг в Тольуине","quarantined","not_recorded","not_recorded","review_required","not_recorded","2026-07-07","2026-07-07","2026-10-05","59","/media/argentina-travel/trekking-en-tolhuin/1637253304443-cabecera_fagnano_con_persona_h.jpg","0","1","0","0","1","no","not_public","80","EXPAND","Content editor","thin_content"
"tren-a-las-nubes","kb_attraction","/baza-znaniy/tren-a-las-nubes","ru","Поезд в облака","quarantined","not_recorded","not_recorded","review_required","not_recorded","2026-07-07","2026-07-07","2027-01-03","79","/media/argentina-travel/tren-a-las-nubes/1628592088298-sin_t_tulo_47.jpg","0","1","0","0","1","no","not_public","80","EXPAND","Content editor","thin_content"
"tren-de-las-sierras","kb_attraction","/baza-znaniy/tren-de-las-sierras","ru","Tren de las Sierras","quarantined","not_recorded","not_recorded","review_required","not_recorded","2026-07-07","2026-07-07","2026-10-05","67","/media/argentina-travel/tren-de-las-sierras/1656698879193-cerro_champaqu__.jpg","0","1","0","0","1","no","not_public","10","DEEP_REWRITE","Content editor","not_publication_ready;non_russian_title;non_russian_summary"
"trevelin","kb_attraction","/baza-znaniy/trevelin","ru","Тревелин","quarantined","not_recorded","not_recorded","review_required","not_recorded","2026-07-06","2026-07-06","2026-10-04","20","missing","0","0","0","0","1","no","not_public","65","EXPAND","Media editor","thin_content;missing_hero"
"trevelin-el-pueblo-del-molino","kb_attraction","/baza-znaniy/trevelin-el-pueblo-del-molino","ru","Trevelin, the mill town","quarantined","not_recorded","not_recorded","review_required","not_recorded","2026-07-07","2026-07-07","2026-10-05","63","/media/argentina-travel/trevelin-el-pueblo-del-molino/1632251410715-tulipanes_patagonia_lucas_vazquez_2.jpg","0","1","0","0","1","no","not_public","10","DEEP_REWRITE","Content editor","not_publication_ready;non_russian_title;non_russian_summary"
"turismo-aventura-en-chaco","kb_attraction","/baza-znaniy/turismo-aventura-en-chaco","ru","Adventure tourism in Chaco","quarantined","not_recorded","not_recorded","review_required","not_recorded","2026-07-07","2026-07-07","2026-10-05","59","/media/argentina-travel/turismo-aventura-en-chaco/1644341173180-impenetrable_rio_fredrik__5___1_.jpg","0","1","0","0","1","no","not_public","10","DEEP_REWRITE","Content editor","not_publication_ready;non_russian_title;non_russian_summary"
"turismo-cultural-en-rosario","kb_attraction","/baza-znaniy/turismo-cultural-en-rosario","ru","Cultural tourism in Rosario","quarantined","not_recorded","not_recorded","review_required","not_recorded","2026-07-07","2026-07-07","2026-10-05","65","/media/argentina-travel/turismo-cultural-en-rosario/1649771796433-sam_8045.jpg","0","1","0","0","1","no","not_public","10","DEEP_REWRITE","Content editor","not_publication_ready;non_russian_title;non_russian_summary"
"turismo-paleontologico-en-neuquen","kb_attraction","/baza-znaniy/turismo-paleontologico-en-neuquen","ru","Paleontological tourism in Neuquén","quarantined","not_recorded","not_recorded","review_required","not_recorded","2026-07-07","2026-07-07","2026-10-05","59","/media/argentina-travel/turismo-paleontologico-en-neuquen/1628825750788-yacimiento_fosil_dinosaurio.jpg","0","1","0","0","1","no","not_public","10","DEEP_REWRITE","Content editor","not_publication_ready;non_russian_title;non_russian_summary"
"turismo-religioso-en-salta","kb_attraction","/baza-znaniy/turismo-religioso-en-salta","ru","Religious Tourism in Salta","quarantined","not_recorded","not_recorded","review_required","not_recorded","2026-07-07","2026-07-07","2026-10-05","57","/media/argentina-travel/turismo-religioso-en-salta/1656873590529-iglesia_salta.jpg","0","1","0","0","1","no","not_public","10","DEEP_REWRITE","Content editor","not_publication_ready;non_russian_title;non_russian_summary"
"turismo-rural-comunitario","kb_attraction","/baza-znaniy/turismo-rural-comunitario","ru","Rural community tourism","quarantined","not_recorded","not_recorded","review_required","not_recorded","2026-07-07","2026-07-07","2026-10-05","56","/media/argentina-travel/turismo-rural-comunitario/1628825599547-091220__dsc3507_lostoldos_sancarlos.jpg","0","1","0","0","1","no","not_public","10","DEEP_REWRITE","Content editor","not_publication_ready;non_russian_title;non_russian_summary"
"turismo-rural-en-la-pampa","kb_attraction","/baza-znaniy/turismo-rural-en-la-pampa","ru","Rural tourism in La Pampa","quarantined","not_recorded","not_recorded","review_required","not_recorded","2026-07-07","2026-07-07","2026-10-05","61","/media/argentina-travel/turismo-rural-en-la-pampa/1628516843627-lapampa_destino6_turismorural_12__1_.jpg","0","1","0","0","1","no","not_public","10","DEEP_REWRITE","Content editor","not_publication_ready;non_russian_title;non_russian_summary"
"turismo-rural-en-salta","kb_attraction","/baza-znaniy/turismo-rural-en-salta","ru","Rural Tourism in Salta","quarantined","not_recorded","not_recorded","review_required","not_recorded","2026-07-07","2026-07-07","2026-10-05","59","/media/argentina-travel/turismo-rural-en-salta/1656869705739-4.jpg","0","1","0","0","1","no","not_public","10","DEEP_REWRITE","Content editor","not_publication_ready;non_russian_title;non_russian_summary"
"udalyonnaya-rabota-i-oplata","kb_guide","/baza-znaniy/udalyonnaya-rabota-i-oplata","ru","Удалённая работа в Аргентине: оплата, документы и законный маршрут денег","quarantined","not_recorded","not_recorded","review_required","not_recorded","2026-07-17","2026-07-17","2026-08-31","378","missing","0","5","0","4","0","no","not_public","30","HUMAN_REVIEW","Fact checker + legal reviewer","not_publication_ready"
"ushuaia","kb_city","/baza-znaniy/ushuaia","ru","Ушуайя","published_public","not_recorded","not_recorded","review_required","not_recorded","2026-07-07","2026-07-07","2027-01-03","230","/media/argentina-travel/ushuaia/1637246462724-_pla4265__1___1_.jpg","0","1","4","3","1","yes","yes","100","KEEP","Content editor","publication_gate_clean"
"ushuaia-la-ciudad-y-el-tren","kb_attraction","/baza-znaniy/ushuaia-la-ciudad-y-el-tren","ru","Ушуайя: la ciudad y el tren","quarantined","not_recorded","not_recorded","review_required","not_recorded","2026-07-07","2026-07-07","2026-10-05","71","/media/argentina-travel/ushuaia-la-ciudad-y-el-tren/1630679494057-_pla4265__2_.jpg","0","1","0","0","1","no","not_public","45","DEEP_REWRITE","Content editor","not_publication_ready;non_russian_summary"
"valle-de-la-luna-de-cusi-cusi","kb_attraction","/baza-znaniy/valle-de-la-luna-de-cusi-cusi","ru","Лунная долина Куси-Куси","quarantined","not_recorded","not_recorded","review_required","not_recorded","2026-07-07","2026-07-07","2026-10-05","78","/media/argentina-travel/valle-de-la-luna-de-cusi-cusi/1623972493484-jujuy_puna_norte_cusi_cusi_valle_de_la_luna_canon_mk_iv__11_.jpg","0","1","0","0","1","no","not_public","50","EXPAND","Content editor","not_publication_ready;thin_content"
"valle-de-punilla-cordoba","kb_attraction","/baza-znaniy/valle-de-punilla-cordoba","ru","Долина Пунилья","quarantined","not_recorded","not_recorded","review_required","not_recorded","2026-07-07","2026-07-07","2026-10-05","74","/media/argentina-travel/valle-de-punilla-cordoba/1623696048109-carlos_paz_horizontales__11_.jpg","0","1","0","0","1","no","not_public","50","EXPAND","Content editor","not_publication_ready;thin_content"
"valle-de-traslasierra","kb_attraction","/baza-znaniy/valle-de-traslasierra","ru","Долина Траслассьерра","quarantined","not_recorded","not_recorded","review_required","not_recorded","2026-07-07","2026-07-07","2026-10-05","74","/media/argentina-travel/valle-de-traslasierra/1624379236787-nono_horizontales__16_.jpg","0","1","0","0","1","no","not_public","50","EXPAND","Content editor","not_publication_ready;thin_content"
"valle-de-uco","kb_attraction","/baza-znaniy/valle-de-uco","ru","Валье-де-Уко","quarantined","not_recorded","not_recorded","review_required","not_recorded","2026-07-06","2026-07-06","2026-10-04","246","missing","0","0","4","7","0","no","not_public","85","LIGHT_EDIT","Media editor","missing_hero"
"valle-de-uco-mendoza","kb_attraction","/baza-znaniy/valle-de-uco-mendoza","ru","Долина Уко в Мендосе","quarantined","not_recorded","not_recorded","review_required","not_recorded","2026-07-07","2026-07-07","2026-10-05","59","/media/argentina-travel/valle-de-uco-mendoza/1627489249914-101218_dji_0843_altoagrelo.jpg","0","1","0","0","1","no","not_public","80","EXPAND","Content editor","thin_content"
"valle-encantado","kb_attraction","/baza-znaniy/valle-encantado","ru","Заколдованная долина","quarantined","not_recorded","not_recorded","review_required","not_recorded","2026-07-07","2026-07-07","2026-10-05","68","/media/argentina-travel/valle-encantado/1628787264140-_villatraful_mavikiipro_11.jpg","0","1","0","0","1","no","not_public","50","EXPAND","Content editor","not_publication_ready;thin_content"
"valle-grande","kb_attraction","/baza-znaniy/valle-grande","ru","Валье-Гранде","quarantined","not_recorded","not_recorded","review_required","not_recorded","2026-07-07","2026-07-07","2026-10-05","72","/media/argentina-travel/valle-grande/1656646987392-mendozavallegrande26_retocada.jpg","0","1","0","0","1","no","not_public","50","EXPAND","Content editor","not_publication_ready;thin_content"
"valles-y-bosques-fueguinos","kb_attraction","/baza-znaniy/valles-y-bosques-fueguinos","ru","Valleys and forests in Огненная Земля","quarantined","not_recorded","not_recorded","review_required","not_recorded","2026-07-07","2026-07-07","2026-10-05","63","/media/argentina-travel/valles-y-bosques-fueguinos/1637252078697-martin_gunter_20200722_00050_dsc_0051_editada.jpg","0","1","0","0","1","no","not_public","45","DEEP_REWRITE","Content editor","not_publication_ready;non_russian_summary"
"verano-en-corrientes","kb_attraction","/baza-znaniy/verano-en-corrientes","ru","Summer in Corrientes","quarantined","not_recorded","not_recorded","review_required","not_recorded","2026-07-07","2026-07-07","2026-10-05","61","/media/argentina-travel/verano-en-corrientes/1643145109316-corrientes___playas___ciudad_de_corrientes___nikond7000dsc_9096.jp","0","1","0","0","1","no","not_public","10","DEEP_REWRITE","Content editor","not_publication_ready;non_russian_title;non_russian_summary"
"vida-nocturna-en-buenos-aires","kb_attraction","/baza-znaniy/vida-nocturna-en-buenos-aires","ru","Ночная жизнь Буэнос-Айреса","quarantined","not_recorded","not_recorded","review_required","not_recorded","2026-07-07","2026-07-07","2026-10-05","175","/media/argentina-travel/vida-nocturna-en-buenos-aires/1623684557040-calle_corrientes__snc_.jpg","0","1","1","0","1","no","not_public","40","HUMAN_REVIEW","Russian content editor","machine_translation_marker"
"viedma","kb_attraction","/baza-znaniy/viedma","ru","Viedma","quarantined","not_recorded","not_recorded","review_required","not_recorded","2026-07-07","2026-07-07","2026-10-05","64","/media/argentina-travel/viedma/1629168350035-viedma___rio_negro___cultural_y_deportivo_1.jpg","0","1","0","0","1","no","not_public","10","DEEP_REWRITE","Content editor","not_publication_ready;non_russian_title;non_russian_summary"
"villa-carlos-paz","kb_attraction","/baza-znaniy/villa-carlos-paz","ru","Вилья-Карлос-Пас","quarantined","not_recorded","not_recorded","review_required","not_recorded","2026-07-07","2026-07-07","2026-10-05","73","/media/argentina-travel/villa-carlos-paz/1624380218510-carlos_paz_horizontales__17_.jpg","0","1","0","0","1","no","not_public","50","EXPAND","Content editor","not_publication_ready;thin_content"
"villa-del-carmen-san-luis","kb_attraction","/baza-znaniy/villa-del-carmen-san-luis","ru","Вилья-дель-Кармен","quarantined","not_recorded","not_recorded","review_required","not_recorded","2026-07-07","2026-07-07","2026-10-05","73","/media/argentina-travel/villa-del-carmen-san-luis/1626995932043-dsc_0050.jpg","0","1","0","0","1","no","not_public","50","EXPAND","Content editor","not_publication_ready;thin_content"
"villa-general-belgrano","kb_attraction","/baza-znaniy/villa-general-belgrano","ru","Вилья-Хенераль-Бельграно","quarantined","not_recorded","not_recorded","review_required","not_recorded","2026-07-07","2026-07-07","2026-10-05","73","/media/argentina-travel/villa-general-belgrano/1649774438663-villa_general_belgrano_1.jpg","0","1","0","0","1","no","not_public","50","EXPAND","Content editor","not_publication_ready;thin_content"
"villa-gesell","kb_city","/baza-znaniy/villa-gesell","ru","Вилья-Хесель","published_public","not_recorded","not_recorded","review_required","not_recorded","2026-07-02","2026-07-02","2026-12-29","558","https://upload.wikimedia.org/wikipedia/commons/thumb/9/9d/Villa_Gesell_-_panoramio_-_VANT_Vistas_A%C3%A9reas_%285%29_%28cropped%29.jpg/1920px-Villa_Gesell_-_panoramio_-_VANT_Vistas_A%C3%A9reas_%285%29_%28cropped%29.jpg","0","4","6","5","4","yes","yes","100","KEEP","Content editor","publication_gate_clean"
"villa-la-angostura","kb_city","/baza-znaniy/villa-la-angostura","ru","Вилья-Ла-Ангостура","published_public","not_recorded","not_recorded","review_required","not_recorded","2026-07-07","2026-07-07","2027-01-03","434","/media/argentina-travel/villa-la-angostura/1628523006228-vla_bahiabrava_mavikiipro_2_.jpg","0","1","5","4","4","yes","yes","100","KEEP","Content editor","publication_gate_clean"
"villa-la-punta","kb_attraction","/baza-znaniy/villa-la-punta","ru","Вилья-Ла-Пунта","quarantined","not_recorded","not_recorded","review_required","not_recorded","2026-07-07","2026-07-07","2026-10-05","74","/media/argentina-travel/villa-la-punta/1626033532166-villalapunta_2.jpg","0","1","0","0","1","no","not_public","50","EXPAND","Content editor","not_publication_ready;thin_content"
"villa-mercedes-san-luis","kb_attraction","/baza-znaniy/villa-mercedes-san-luis","ru","Вилья-Мерседес","quarantined","not_recorded","not_recorded","review_required","not_recorded","2026-07-07","2026-07-07","2026-10-05","71","/media/argentina-travel/villa-mercedes-san-luis/1626995000536-sanluis_villamercedes_1_2.jpg","0","1","0","0","1","no","not_public","50","EXPAND","Content editor","not_publication_ready;thin_content"
"villa-nougues","kb_attraction","/baza-znaniy/villa-nougues","ru","Вилья-Нугес","quarantined","not_recorded","not_recorded","review_required","not_recorded","2026-07-07","2026-07-07","2026-08-21","74","/media/argentina-travel/villa-nougues/1625349374307-villa_nogues___13_.jpg","0","1","0","0","1","no","not_public","10","HUMAN_REVIEW","Fact checker + legal reviewer","not_publication_ready;thin_content"
"villa-ocampo","kb_attraction","/baza-znaniy/villa-ocampo","ru","Вилья-Окампо","quarantined","not_recorded","not_recorded","review_required","not_recorded","2026-07-07","2026-07-07","2026-10-05","78","/media/argentina-travel/villa-ocampo/1644344177694-santa_fe_villa_ocampo_kayak_2.jpg","0","1","0","0","1","no","not_public","50","EXPAND","Content editor","not_publication_ready;thin_content"
"villa-paranacito","kb_attraction","/baza-znaniy/villa-paranacito","ru","Вилья-Паранасито","quarantined","not_recorded","not_recorded","review_required","not_recorded","2026-07-07","2026-07-07","2026-10-05","73","/media/argentina-travel/villa-paranacito/1640033714990-8_paranacito_delta_horizontal__5__alta.jpg","0","1","0","0","1","no","not_public","50","EXPAND","Content editor","not_publication_ready;thin_content"
"villa-pehuenia","kb_attraction","/baza-znaniy/villa-pehuenia","ru","Вилья-Пеуэния","quarantined","not_recorded","not_recorded","review_required","not_recorded","2026-07-07","2026-07-07","2026-10-05","75","/media/argentina-travel/villa-pehuenia/1628523822738-neuquen_villa_pehuenia_mountain_bike_nikond3_090.jpg","0","1","0","0","1","no","not_public","50","EXPAND","Content editor","not_publication_ready;thin_content"
"villa-regina","kb_attraction","/baza-znaniy/villa-regina","ru","Вилья-Регина","quarantined","not_recorded","not_recorded","review_required","not_recorded","2026-07-07","2026-07-07","2026-10-05","72","/media/argentina-travel/villa-regina/1656874699951-villa_regina.jpg","0","1","0","0","1","no","not_public","50","EXPAND","Content editor","not_publication_ready;thin_content"
"villa-rio-bermejito","kb_attraction","/baza-znaniy/villa-rio-bermejito","ru","Вилья-Рио-Бермехито","quarantined","not_recorded","not_recorded","review_required","not_recorded","2026-07-07","2026-07-07","2026-10-05","75","/media/argentina-travel/villa-rio-bermejito/1643401341172-r_o_bermejo_puerto_lavalle_chaco_2.jpg","0","1","0","0","1","no","not_public","50","EXPAND","Content editor","not_publication_ready;thin_content"
"villa-traful","kb_attraction","/baza-znaniy/villa-traful","ru","Villa Traful","quarantined","not_recorded","not_recorded","review_required","not_recorded","2026-07-07","2026-07-07","2026-10-05","61","/media/argentina-travel/villa-traful/1628783024627-_villatraful_rutaingreso_bicicleta_mavik2pro_5.jpg","0","1","0","0","1","no","not_public","10","DEEP_REWRITE","Content editor","not_publication_ready;non_russian_title;non_russian_summary"
"villavicencio","kb_attraction","/baza-znaniy/villavicencio","ru","Вильявисенсио","quarantined","not_recorded","not_recorded","review_required","not_recorded","2026-07-06","2026-07-06","2026-10-04","20","missing","0","0","0","0","1","no","not_public","65","EXPAND","Media editor","thin_content;missing_hero"
"vinnyy-marshrut","kb_route","/baza-znaniy/vinnyy-marshrut","ru","Винный маршрут: Мендоса и высокогорный север","published_public","not_recorded","not_recorded","review_required","not_recorded","2026-07-04","2026-07-04","2026-12-31","327","https://upload.wikimedia.org/wikipedia/commons/thumb/9/98/Vineyards_below_the_Andes.jpg/1920px-Vineyards_below_the_Andes.jpg","0","1","0","11","0","yes","yes","100","KEEP","Content editor","publication_gate_clean"
"vino-argentiny","kb_guide","/baza-znaniy/vino-argentiny","ru","Вино Аргентины: сорта и регионы","published_public","not_recorded","not_recorded","review_required","not_recorded","2026-07-04","2026-07-04","2026-12-31","516","https://upload.wikimedia.org/wikipedia/commons/thumb/9/98/Vineyards_below_the_Andes.jpg/1920px-Vineyards_below_the_Andes.jpg","0","3","5","8","3","yes","yes","100","KEEP","Content editor","publication_gate_clean"
"vinos-de-san-juan","kb_attraction","/baza-znaniy/vinos-de-san-juan","ru","San Juan wines","quarantined","not_recorded","not_recorded","review_required","not_recorded","2026-07-07","2026-07-07","2026-10-05","66","/media/argentina-travel/vinos-de-san-juan/1623977302774-san_juan_5_ok_bigger.jpg","0","1","0","0","1","no","not_public","10","DEEP_REWRITE","Content editor","not_publication_ready;non_russian_title;non_russian_summary"
"vinos-de-tolombon","kb_attraction","/baza-znaniy/vinos-de-tolombon","ru","Tolombón Wines","quarantined","not_recorded","not_recorded","review_required","not_recorded","2026-07-07","2026-07-07","2026-10-05","62","/media/argentina-travel/vinos-de-tolombon/1623766447577-_dx_3378_editar.jpg","0","1","0","0","1","no","not_public","10","DEEP_REWRITE","Content editor","not_publication_ready;non_russian_title;non_russian_summary"
"vinos-del-valle-patagonico","kb_attraction","/baza-znaniy/vinos-del-valle-patagonico","ru","Вина патагонских долин","quarantined","not_recorded","not_recorded","review_required","not_recorded","2026-07-07","2026-07-07","2026-10-05","64","/media/argentina-travel/vinos-del-valle-patagonico/1624481656429-patagonia4.jpg","0","1","0","0","1","no","not_public","45","DEEP_REWRITE","Content editor","not_publication_ready;non_russian_summary"
"viza-cifrovogo-kochevnika","kb_guide","/baza-znaniy/viza-cifrovogo-kochevnika","ru","Статус цифрового кочевника в Аргентине","published_public","not_recorded","not_recorded","review_required","not_recorded","2026-07-17","2026-07-17","2026-08-31","171","missing","0","2","0","0","2","yes","yes","100","KEEP","Content editor","publication_gate_clean"
"viza-cifrovogo-kochevnika-chto-daet","kb_faq","/baza-znaniy/viza-cifrovogo-kochevnika-chto-daet","ru","Что даёт виза цифрового кочевника в Аргентине и ведёт ли она к ПМЖ?","quarantined","not_recorded","not_recorded","review_required","not_recorded","2026-06-30","2026-06-30","2026-08-14","113","missing","0","0","0","0","0","no","not_public","0","LEGAL_REVIEW","Fact checker + legal reviewer","missing_sensitive_source;thin_content"
"viza-i-granica-dlya-rossiyan","kb_guide","/baza-znaniy/viza-i-granica-dlya-rossiyan","ru","Въезд в Аргентину для граждан России","published_public","not_recorded","not_recorded","review_required","not_recorded","2026-07-17","2026-07-17","2026-08-31","162","missing","0","3","0","0","3","yes","yes","100","KEEP","Content editor","publication_gate_clean"
"viza-kochevnika-ne-vnzh","kb_author_tip","/baza-znaniy/viza-kochevnika-ne-vnzh","ru","Статус цифрового кочевника — не автоматический путь к ВНЖ","published_public","not_recorded","not_recorded","review_required","not_recorded","2026-07-17","2026-07-17","2026-08-31","207","missing","0","3","0","2","0","yes","yes","100","KEEP","Content editor","publication_gate_clean"
"viza-rf-v-argentinu","kb_faq","/baza-znaniy/viza-rf-v-argentinu","ru","Нужна ли виза в Аргентину гражданам России?","quarantined","not_recorded","not_recorded","review_required","not_recorded","2026-06-30","2026-06-30","2026-08-14","93","missing","0","0","0","0","0","no","not_public","0","LEGAL_REVIEW","Fact checker + legal reviewer","missing_sensitive_source;thin_content"
"viza-v-braziliyu-dlya-iguasu","kb_faq","/baza-znaniy/viza-v-braziliyu-dlya-iguasu","ru","Нужна ли виза в Бразилию, чтобы посмотреть водопады Игуасу с бразильской стороны?","quarantined","not_recorded","not_recorded","review_required","not_recorded","2026-06-30","2026-06-30","2026-08-14","101","missing","0","0","0","0","0","no","not_public","0","LEGAL_REVIEW","Fact checker + legal reviewer","missing_sensitive_source;thin_content"
"vnutrennie-aviabilety","kb_transport","/baza-znaniy/vnutrennie-aviabilety","ru","Внутренние авиабилеты по Аргентине","published_public","not_recorded","not_recorded","review_required","not_recorded","2026-07-02","2026-07-02","2026-09-30","610","missing","0","2","4","7","0","yes","yes","100","KEEP","Content editor","publication_gate_clean"
"vnzh-argentina","kb_guide","/baza-znaniy/vnzh-argentina","ru","Резиденция в Аргентине: как выбрать основание","quarantined","not_recorded","not_recorded","review_required","not_recorded","2026-07-17","2026-07-17","2026-08-31","146","missing","0","2","0","0","2","no","not_public","30","HUMAN_REVIEW","Fact checker + legal reviewer","not_publication_ready"
"vnzh-po-uchebe","kb_guide","/baza-znaniy/vnzh-po-uchebe","ru","Временная резиденция по учёбе","published_public","not_recorded","not_recorded","review_required","not_recorded","2026-07-17","2026-07-17","2026-08-31","144","missing","0","1","0","0","1","yes","yes","100","KEEP","Content editor","publication_gate_clean"
"vnzh-rantye","kb_guide","/baza-znaniy/vnzh-rantye","ru","Временная резиденция rentista","published_public","not_recorded","not_recorded","review_required","not_recorded","2026-07-17","2026-07-17","2026-08-31","149","missing","0","1","0","0","1","yes","yes","100","KEEP","Content editor","publication_gate_clean"
"vo-skolko-uzhinayut-v-argentine","kb_faq","/baza-znaniy/vo-skolko-uzhinayut-v-argentine","ru","Во сколько в Аргентине обедают и ужинают?","published_public","not_recorded","not_recorded","review_required","not_recorded","2026-07-04","2026-07-04","2026-12-31","164","missing","0","1","0","2","0","yes","yes","100","KEEP","Content editor","publication_gate_clean"
"voditelskie-prava","kb_guide","/baza-znaniy/voditelskie-prava","ru","Иностранные водительские права и аргентинская лицензия","published_public","not_recorded","not_recorded","review_required","not_recorded","2026-07-17","2026-07-17","2026-08-31","161","missing","0","3","0","0","3","yes","yes","100","KEEP","Content editor","publication_gate_clean"
"voinskij-uchet-i-voennyj-bilet","kb_guide","/baza-znaniy/voinskij-uchet-i-voennyj-bilet","ru","Воинский учёт и переезд в Аргентину","quarantined","not_recorded","not_recorded","review_required","not_recorded","2026-07-17","2026-07-17","2026-08-31","127","missing","0","1","0","0","1","no","not_public","30","HUMAN_REVIEW","Fact checker + legal reviewer","not_publication_ready"
"volcan-lanin","kb_attraction","/baza-znaniy/volcan-lanin","ru","Вулкан Ланин","quarantined","not_recorded","not_recorded","review_required","not_recorded","2026-07-07","2026-07-07","2026-10-05","62","/media/argentina-travel/volcan-lanin/1628784121753-trekking_vlanin_pnl_jandes_12_baja.jpg","0","1","0","0","1","no","not_public","80","EXPAND","Content editor","thin_content"
"volcan-malacara","kb_attraction","/baza-znaniy/volcan-malacara","ru","Вулкан Малакара","quarantined","not_recorded","not_recorded","review_required","not_recorded","2026-07-07","2026-07-07","2026-10-05","69","/media/argentina-travel/volcan-malacara/1626728138852-_dsc5831.jpg","0","1","0","0","1","no","not_public","50","EXPAND","Content editor","not_publication_ready;thin_content"
"vossoedinenie-semi","kb_guide","/baza-znaniy/vossoedinenie-semi","ru","Временная резиденция по семейному основанию","published_public","not_recorded","not_recorded","review_required","not_recorded","2026-07-17","2026-07-17","2026-08-31","159","missing","0","1","0","0","1","yes","yes","100","KEEP","Content editor","publication_gate_clean"
"vysokogorye-na-avto","kb_guide","/baza-znaniy/vysokogorye-na-avto","ru","Путешествие на автомобиле в высокогорье: Пуна и перевалы","quarantined","not_recorded","not_recorded","review_required","not_recorded","2026-07-17","2026-07-17","2026-08-31","281","missing","0","3","0","0","3","no","not_public","70","HUMAN_REVIEW","Content editor","not_publication_ready"
"yapeyu","kb_attraction","/baza-znaniy/yapeyu","ru","Yapeyú","quarantined","not_recorded","not_recorded","review_required","not_recorded","2026-07-07","2026-07-07","2026-10-05","62","/media/argentina-travel/yapeyu/1643142785572-1yapey____templete_casa_de_san_mart_n___turismo_hist_rico___nikond","0","1","0","0","1","no","not_public","10","DEEP_REWRITE","Content editor","not_publication_ready;non_russian_title;non_russian_summary"
"yungas-tucumanas","kb_attraction","/baza-znaniy/yungas-tucumanas","ru","Tucuman Yungas","quarantined","not_recorded","not_recorded","review_required","not_recorded","2026-07-07","2026-07-07","2026-08-21","67","/media/argentina-travel/yungas-tucumanas/1623766842865-_mg_5609_editar_2.jpg","0","1","0","0","1","no","not_public","0","HUMAN_REVIEW","Fact checker + legal reviewer","not_publication_ready;non_russian_title;non_russian_summary"
"zashchita-nakoplenij-ot-inflyacii","kb_guide","/baza-znaniy/zashchita-nakoplenij-ot-inflyacii","ru","Как оценивать способы защиты накоплений от инфляции в Аргентине","quarantined","not_recorded","not_recorded","review_required","not_recorded","2026-07-17","2026-07-17","2026-08-31","341","missing","0","5","0","4","0","no","not_public","30","HUMAN_REVIEW","Fact checker + legal reviewer","not_publication_ready"
"zemletryaseniya-i-vulkany","kb_guide","/baza-znaniy/zemletryaseniya-i-vulkany","ru","Землетрясения, вулканы и природные риски Аргентины","published_public","not_recorded","not_recorded","review_required","not_recorded","2026-07-17","2026-07-17","2026-08-31","301","https://upload.wikimedia.org/wikipedia/commons/thumb/4/4b/J28_085_Volc%C3%A1n_Lan%C3%ADn.jpg/1920px-J28_085_Volc%C3%A1n_Lan%C3%ADn.jpg","0","4","0","4","0","yes","yes","100","KEEP","Content editor","publication_gate_clean"
"zhile-dlya-turistov","kb_guide","/baza-znaniy/zhile-dlya-turistov","ru","Где остановиться туристу в Аргентине","published_public","not_recorded","not_recorded","review_required","not_recorded","2026-07-04","2026-07-04","2026-10-02","445","missing","0","1","4","11","0","yes","yes","100","KEEP","Content editor","publication_gate_clean"
"zhile-i-arenda","kb_guide","/baza-znaniy/zhile-i-arenda","ru","Как безопасно арендовать жильё в Аргентине","published_public","not_recorded","not_recorded","review_required","not_recorded","2026-07-17","2026-07-17","2026-08-31","145","missing","0","1","0","0","1","yes","yes","100","KEEP","Content editor","publication_gate_clean"
"zhizn-bez-ispanskogo","kb_guide","/baza-znaniy/zhizn-bez-ispanskogo","ru","Жизнь без испанского: как устроить первые недели в Аргентине","published_public","not_recorded","not_recorded","review_required","not_recorded","2026-07-17","2026-07-17","2026-08-31","349","missing","0","1","0","4","0","yes","yes","100","KEEP","Content editor","publication_gate_clean"
"zhizn-na-pensii","kb_guide","/baza-znaniy/zhizn-na-pensii","ru","Жизнь на пенсии в Аргентине: что учесть до переезда","quarantined","not_recorded","not_recorded","review_required","not_recorded","2026-07-17","2026-07-17","2026-08-31","344","missing","0","5","0","4","0","no","not_public","30","HUMAN_REVIEW","Fact checker + legal reviewer","not_publication_ready"
"route:/","public_route","/","ru","Авторские туры по Аргентине — Патагония, Буэнос-Айрес, Мендоса","published_public","not_recorded","not_recorded","review_required","not_recorded","not_recorded","not_recorded","review_required","2","missing","0","not_measured","not_measured","0","0","not_verified","yes","not_measured","HUMAN_REVIEW","Product content owner","present_in_0-error_public_editorial_sitemap;http_status=200;robots_indexable=yes;content_metrics_from_rendered_main"
"route:/destinations","public_route","/destinations","ru","Направления и места","published_public","not_recorded","not_recorded","review_required","not_recorded","not_recorded","not_recorded","review_required","2","missing","0","not_measured","not_measured","0","0","not_verified","yes","not_measured","HUMAN_REVIEW","Product content owner","present_in_0-error_public_editorial_sitemap;http_status=200;robots_indexable=yes;content_metrics_from_rendered_main"
"route:/tours","public_route","/tours","ru","Каталог туров по Аргентине","published_public","not_recorded","not_recorded","review_required","not_recorded","not_recorded","not_recorded","review_required","2","missing","0","not_measured","not_measured","0","0","not_verified","yes","not_measured","HUMAN_REVIEW","Marketplace editor","present_in_0-error_public_editorial_sitemap;http_status=200;robots_indexable=yes;content_metrics_from_rendered_main"
"route:/excursions","public_route","/excursions","ru","Экскурсии по Аргентине","published_public","not_recorded","not_recorded","review_required","not_recorded","not_recorded","not_recorded","review_required","2","missing","0","not_measured","not_measured","0","0","not_verified","yes","not_measured","HUMAN_REVIEW","Marketplace editor","present_in_0-error_public_editorial_sitemap;http_status=200;robots_indexable=yes;content_metrics_from_rendered_main"
"route:/guide","public_route","/guide","ru","Путеводитель по Аргентине","published_public","not_recorded","not_recorded","review_required","not_recorded","not_recorded","not_recorded","review_required","2","missing","0","not_measured","not_measured","0","0","not_verified","yes","not_measured","HUMAN_REVIEW","Guide editor","present_in_0-error_public_editorial_sitemap;http_status=200;robots_indexable=yes;content_metrics_from_rendered_main"
"route:/immigration","public_route","/immigration","ru","Иммиграция в Аргентину — ВНЖ, гражданство, RADEX","published_public","not_recorded","not_recorded","review_required","not_recorded","not_recorded","not_recorded","review_required","2","missing","0","not_measured","not_measured","0","0","not_verified","yes","not_measured","HUMAN_REVIEW","Product content owner","present_in_0-error_public_editorial_sitemap;http_status=200;robots_indexable=yes;content_metrics_from_rendered_main"
"route:/blog","public_route","/blog","ru","Блог — советы и маршруты по Аргентине","published_public","not_recorded","not_recorded","review_required","not_recorded","not_recorded","not_recorded","review_required","2","missing","0","not_measured","not_measured","0","0","not_verified","yes","not_measured","HUMAN_REVIEW","Blog editor","present_in_0-error_public_editorial_sitemap;http_status=200;robots_indexable=yes;content_metrics_from_rendered_main"
"route:/faq","public_route","/faq","ru","Частые вопросы | Пора в Аргентину","published_public","not_recorded","not_recorded","review_required","not_recorded","not_recorded","not_recorded","review_required","2","missing","0","not_measured","not_measured","0","0","not_verified","yes","not_measured","HUMAN_REVIEW","Product content owner","present_in_0-error_public_editorial_sitemap;http_status=200;robots_indexable=yes;content_metrics_from_rendered_main"
"route:/about","public_route","/about","ru","О проекте | Пора в Аргентину","published_public","not_recorded","not_recorded","review_required","not_recorded","not_recorded","not_recorded","review_required","2","missing","0","not_measured","not_measured","0","0","not_verified","yes","not_measured","HUMAN_REVIEW","Product content owner","present_in_0-error_public_editorial_sitemap;http_status=200;robots_indexable=yes;content_metrics_from_rendered_main"
"route:/contacts","public_route","/contacts","ru","Контакты — связаться с командой","published_public","not_recorded","not_recorded","review_required","not_recorded","not_recorded","not_recorded","review_required","2","missing","0","not_measured","not_measured","0","0","not_verified","yes","not_measured","HUMAN_REVIEW","Product content owner","present_in_0-error_public_editorial_sitemap;http_status=200;robots_indexable=yes;content_metrics_from_rendered_main"
"route:/flights","public_route","/flights","ru","Поиск авиабилетов","published_public","not_recorded","not_recorded","review_required","not_recorded","not_recorded","not_recorded","review_required","2","missing","0","not_measured","not_measured","0","0","not_verified","yes","not_measured","HUMAN_REVIEW","Product content owner","present_in_0-error_public_editorial_sitemap;http_status=200;robots_indexable=yes;content_metrics_from_rendered_main"
"route:/places","public_route","/places","ru","Места Аргентины — справочник путешественника | Пора в Аргентину","published_public","not_recorded","not_recorded","review_required","not_recorded","not_recorded","not_recorded","review_required","2","missing","0","not_measured","not_measured","0","0","not_verified","yes","not_measured","HUMAN_REVIEW","Destination editor","present_in_0-error_public_editorial_sitemap;http_status=200;robots_indexable=yes;content_metrics_from_rendered_main"
"route:/baza-znaniy","public_route","/baza-znaniy","ru","База знаний об Аргентине — путеводитель, переезд, документы, деньги","published_public","not_recorded","not_recorded","review_required","not_recorded","not_recorded","not_recorded","review_required","2","missing","0","not_measured","not_measured","0","0","not_verified","yes","not_measured","HUMAN_REVIEW","Content editor","present_in_0-error_public_editorial_sitemap;http_status=200;robots_indexable=yes;content_metrics_from_rendered_main"
"route:/destinations/ba","public_route","/destinations/ba","ru","Буэнос-Айрес — направления Аргентины","published_public","not_recorded","not_recorded","review_required","not_recorded","not_recorded","not_recorded","review_required","2","missing","0","not_measured","not_measured","0","0","not_verified","yes","not_measured","HUMAN_REVIEW","Product content owner","present_in_0-error_public_editorial_sitemap;http_status=200;robots_indexable=yes;content_metrics_from_rendered_main"
"route:/destinations/bariloche","public_route","/destinations/bariloche","ru","Барилоче — направления Аргентины","published_public","not_recorded","not_recorded","review_required","not_recorded","not_recorded","not_recorded","review_required","2","missing","0","not_measured","not_measured","0","0","not_verified","yes","not_measured","HUMAN_REVIEW","Product content owner","present_in_0-error_public_editorial_sitemap;http_status=200;robots_indexable=yes;content_metrics_from_rendered_main"
"route:/destinations/calafate","public_route","/destinations/calafate","ru","Эль-Калафате — направления Аргентины","published_public","not_recorded","not_recorded","review_required","not_recorded","not_recorded","not_recorded","review_required","2","missing","0","not_measured","not_measured","0","0","not_verified","yes","not_measured","HUMAN_REVIEW","Product content owner","present_in_0-error_public_editorial_sitemap;http_status=200;robots_indexable=yes;content_metrics_from_rendered_main"
"route:/destinations/ushuaia","public_route","/destinations/ushuaia","ru","Ушуайя — направления Аргентины","published_public","not_recorded","not_recorded","review_required","not_recorded","not_recorded","not_recorded","review_required","2","missing","0","not_measured","not_measured","0","0","not_verified","yes","not_measured","HUMAN_REVIEW","Product content owner","present_in_0-error_public_editorial_sitemap;http_status=200;robots_indexable=yes;content_metrics_from_rendered_main"
"route:/destinations/iguazu","public_route","/destinations/iguazu","ru","Пуэрто-Игуасу — направления Аргентины","published_public","not_recorded","not_recorded","review_required","not_recorded","not_recorded","not_recorded","review_required","2","missing","0","not_measured","not_measured","0","0","not_verified","yes","not_measured","HUMAN_REVIEW","Product content owner","present_in_0-error_public_editorial_sitemap;http_status=200;robots_indexable=yes;content_metrics_from_rendered_main"
"route:/destinations/mendoza","public_route","/destinations/mendoza","ru","Мендоса — направления Аргентины","published_public","not_recorded","not_recorded","review_required","not_recorded","not_recorded","not_recorded","review_required","2","missing","0","not_measured","not_measured","0","0","not_verified","yes","not_measured","HUMAN_REVIEW","Product content owner","present_in_0-error_public_editorial_sitemap;http_status=200;robots_indexable=yes;content_metrics_from_rendered_main"
"route:/destinations/salta","public_route","/destinations/salta","ru","Сальта — направления Аргентины","published_public","not_recorded","not_recorded","review_required","not_recorded","not_recorded","not_recorded","review_required","2","missing","0","not_measured","not_measured","0","0","not_verified","yes","not_measured","HUMAN_REVIEW","Product content owner","present_in_0-error_public_editorial_sitemap;http_status=200;robots_indexable=yes;content_metrics_from_rendered_main"
"route:/destinations/patagonia","public_route","/destinations/patagonia","ru","Патагония — направления Аргентины","published_public","not_recorded","not_recorded","review_required","not_recorded","not_recorded","not_recorded","review_required","2","missing","0","not_measured","not_measured","0","0","not_verified","yes","not_measured","HUMAN_REVIEW","Product content owner","present_in_0-error_public_editorial_sitemap;http_status=200;robots_indexable=yes;content_metrics_from_rendered_main"
"route:/mapa-argentina","public_route","/mapa-argentina","ru","Интерактивная карта Аргентины — города, парки и экскурсии","published_public","not_recorded","not_recorded","review_required","not_recorded","not_recorded","not_recorded","review_required","2","missing","0","not_measured","not_measured","0","0","not_verified","yes","not_measured","HUMAN_REVIEW","Product content owner","present_in_0-error_public_editorial_sitemap;http_status=200;robots_indexable=yes;content_metrics_from_rendered_main"
"route:/places/iguazu-falls","public_route","/places/iguazu-falls","ru","Водопады Игуасу — места Аргентины","published_public","not_recorded","not_recorded","review_required","not_recorded","not_recorded","not_recorded","review_required","2","missing","0","not_measured","not_measured","0","0","not_verified","yes","not_measured","HUMAN_REVIEW","Destination editor","present_in_0-error_public_editorial_sitemap;http_status=200;robots_indexable=yes;content_metrics_from_rendered_main"
"route:/places/perito-moreno-glacier","public_route","/places/perito-moreno-glacier","ru","Ледник Перито-Морено — места Аргентины","published_public","not_recorded","not_recorded","review_required","not_recorded","not_recorded","not_recorded","review_required","2","missing","0","not_measured","not_measured","0","0","not_verified","yes","not_measured","HUMAN_REVIEW","Destination editor","present_in_0-error_public_editorial_sitemap;http_status=200;robots_indexable=yes;content_metrics_from_rendered_main"
"route:/places/buenos-aires","public_route","/places/buenos-aires","ru","Буэнос-Айрес — места Аргентины","published_public","not_recorded","not_recorded","review_required","not_recorded","not_recorded","not_recorded","review_required","2","missing","0","not_measured","not_measured","0","0","not_verified","yes","not_measured","HUMAN_REVIEW","Destination editor","present_in_0-error_public_editorial_sitemap;http_status=200;robots_indexable=yes;content_metrics_from_rendered_main"
"route:/places/fitz-roy","public_route","/places/fitz-roy","ru","Фиц-Рой (Fitz Roy, Cerro Chaltén) — места Аргентины","published_public","not_recorded","not_recorded","review_required","not_recorded","not_recorded","not_recorded","review_required","2","missing","0","not_measured","not_measured","0","0","not_verified","yes","not_measured","HUMAN_REVIEW","Destination editor","present_in_0-error_public_editorial_sitemap;http_status=200;robots_indexable=yes;content_metrics_from_rendered_main"
"route:/places/ushuaia","public_route","/places/ushuaia","ru","Ушуайя — места Аргентины","published_public","not_recorded","not_recorded","review_required","not_recorded","not_recorded","not_recorded","review_required","2","missing","0","not_measured","not_measured","0","0","not_verified","yes","not_measured","HUMAN_REVIEW","Destination editor","present_in_0-error_public_editorial_sitemap;http_status=200;robots_indexable=yes;content_metrics_from_rendered_main"
"route:/collections","public_route","/collections","ru","Подборки мест — тематические коллекции Аргентины","published_public","not_recorded","not_recorded","review_required","not_recorded","not_recorded","not_recorded","review_required","2","missing","0","not_measured","not_measured","0","0","not_verified","yes","not_measured","HUMAN_REVIEW","Destination editor","present_in_0-error_public_editorial_sitemap;http_status=200;robots_indexable=yes;content_metrics_from_rendered_main"
"route:/itineraries","public_route","/itineraries","ru","Маршруты по Аргентине | Пора в Аргентину","published_public","not_recorded","not_recorded","review_required","not_recorded","not_recorded","not_recorded","review_required","2","missing","0","not_measured","not_measured","0","0","not_verified","yes","not_measured","HUMAN_REVIEW","Destination editor","present_in_0-error_public_editorial_sitemap;http_status=200;robots_indexable=yes;content_metrics_from_rendered_main"
"route:/guide/ob-argentine","public_route","/guide/ob-argentine","ru","Об Аргентине — путеводитель | Пора в Аргентину","published_public","not_recorded","not_recorded","review_required","not_recorded","not_recorded","not_recorded","review_required","2","missing","0","not_measured","not_measured","0","0","not_verified","yes","not_measured","HUMAN_REVIEW","Guide editor","present_in_0-error_public_editorial_sitemap;http_status=200;robots_indexable=yes;content_metrics_from_rendered_main"
"route:/guide/kak-dobratsya","public_route","/guide/kak-dobratsya","ru","Как добраться в Аргентину","published_public","not_recorded","not_recorded","review_required","not_recorded","not_recorded","not_recorded","review_required","2","missing","0","not_measured","not_measured","0","0","not_verified","yes","not_measured","HUMAN_REVIEW","Guide editor","present_in_0-error_public_editorial_sitemap;http_status=200;robots_indexable=yes;content_metrics_from_rendered_main"
"route:/guide/gde-zhit","public_route","/guide/gde-zhit","ru","Где жить в Аргентине — районы, отели и договор аренды","published_public","not_recorded","not_recorded","review_required","not_recorded","not_recorded","not_recorded","review_required","2","missing","0","not_measured","not_measured","0","0","not_verified","yes","not_measured","HUMAN_REVIEW","Guide editor","present_in_0-error_public_editorial_sitemap;http_status=200;robots_indexable=yes;content_metrics_from_rendered_main"
"route:/guide/transport","public_route","/guide/transport","ru","На чём передвигаться в Аргентине — Путеводитель","published_public","not_recorded","not_recorded","review_required","not_recorded","not_recorded","not_recorded","review_required","2","missing","0","not_measured","not_measured","0","0","not_verified","yes","not_measured","HUMAN_REVIEW","Guide editor","present_in_0-error_public_editorial_sitemap;http_status=200;robots_indexable=yes;content_metrics_from_rendered_main"
"route:/guide/svyaz","public_route","/guide/svyaz","ru","Связь и интернет в Аргентине — SIM, eSIM, покрытие и приложения","published_public","not_recorded","not_recorded","review_required","not_recorded","not_recorded","not_recorded","review_required","2","missing","0","not_measured","not_measured","0","0","not_verified","yes","not_measured","HUMAN_REVIEW","Guide editor","present_in_0-error_public_editorial_sitemap;http_status=200;robots_indexable=yes;content_metrics_from_rendered_main"
"route:/guide/ekonomika-i-dengi","public_route","/guide/ekonomika-i-dengi","ru","Деньги в Аргентине — курс, карты, наличные и бюджет","published_public","not_recorded","not_recorded","review_required","not_recorded","not_recorded","not_recorded","review_required","2","missing","0","not_measured","not_measured","0","0","not_verified","yes","not_measured","HUMAN_REVIEW","Guide editor","present_in_0-error_public_editorial_sitemap;http_status=200;robots_indexable=yes;content_metrics_from_rendered_main"
"route:/guide/bezopasnost","public_route","/guide/bezopasnost","ru","Безопасность в Аргентине — полный справочник для туристов","published_public","not_recorded","not_recorded","review_required","not_recorded","not_recorded","not_recorded","review_required","2","missing","0","not_measured","not_measured","0","0","not_verified","yes","not_measured","HUMAN_REVIEW","Guide editor","present_in_0-error_public_editorial_sitemap;http_status=200;robots_indexable=yes;content_metrics_from_rendered_main"
"route:/guide/turistskie-regiony","public_route","/guide/turistskie-regiony","ru","Туристические регионы в Аргентине — Путеводитель","published_public","not_recorded","not_recorded","review_required","not_recorded","not_recorded","not_recorded","review_required","2","missing","0","not_measured","not_measured","0","0","not_verified","yes","not_measured","HUMAN_REVIEW","Guide editor","present_in_0-error_public_editorial_sitemap;http_status=200;robots_indexable=yes;content_metrics_from_rendered_main"
"route:/guide/dostoprimechatelnosti","public_route","/guide/dostoprimechatelnosti","ru","Достопримечательности в Аргентине — Путеводитель","published_public","not_recorded","not_recorded","review_required","not_recorded","not_recorded","not_recorded","review_required","2","missing","0","not_measured","not_measured","0","0","not_verified","yes","not_measured","HUMAN_REVIEW","Guide editor","present_in_0-error_public_editorial_sitemap;http_status=200;robots_indexable=yes;content_metrics_from_rendered_main"
"route:/guide/pogoda-i-sezonnost","public_route","/guide/pogoda-i-sezonnost","ru","Погода и сезонность в Аргентине — Путеводитель","published_public","not_recorded","not_recorded","review_required","not_recorded","not_recorded","not_recorded","review_required","2","missing","0","not_measured","not_measured","0","0","not_verified","yes","not_measured","HUMAN_REVIEW","Guide editor","present_in_0-error_public_editorial_sitemap;http_status=200;robots_indexable=yes;content_metrics_from_rendered_main"
"route:/guide/yazyk","public_route","/guide/yazyk","ru","Язык в Аргентине — Путеводитель","published_public","not_recorded","not_recorded","review_required","not_recorded","not_recorded","not_recorded","review_required","2","missing","0","not_measured","not_measured","0","0","not_verified","yes","not_measured","HUMAN_REVIEW","Guide editor","present_in_0-error_public_editorial_sitemap;http_status=200;robots_indexable=yes;content_metrics_from_rendered_main"
"route:/guide/kultura","public_route","/guide/kultura","ru","Культура в Аргентине — Путеводитель","published_public","not_recorded","not_recorded","review_required","not_recorded","not_recorded","not_recorded","review_required","2","missing","0","not_measured","not_measured","0","0","not_verified","yes","not_measured","HUMAN_REVIEW","Guide editor","present_in_0-error_public_editorial_sitemap;http_status=200;robots_indexable=yes;content_metrics_from_rendered_main"
"route:/guide/istoriya","public_route","/guide/istoriya","ru","История в Аргентине — Путеводитель","published_public","not_recorded","not_recorded","review_required","not_recorded","not_recorded","not_recorded","review_required","2","missing","0","not_measured","not_measured","0","0","not_verified","yes","not_measured","HUMAN_REVIEW","Guide editor","present_in_0-error_public_editorial_sitemap;http_status=200;robots_indexable=yes;content_metrics_from_rendered_main"
"route:/guide/kukhnya","public_route","/guide/kukhnya","ru","Кухня в Аргентине — Путеводитель","published_public","not_recorded","not_recorded","review_required","not_recorded","not_recorded","not_recorded","review_required","2","missing","0","not_measured","not_measured","0","0","not_verified","yes","not_measured","HUMAN_REVIEW","Guide editor","present_in_0-error_public_editorial_sitemap;http_status=200;robots_indexable=yes;content_metrics_from_rendered_main"
"route:/guide/shopping","public_route","/guide/shopping","ru","Шопинг в Аргентине — Путеводитель","published_public","not_recorded","not_recorded","review_required","not_recorded","not_recorded","not_recorded","review_required","2","missing","0","not_measured","not_measured","0","0","not_verified","yes","not_measured","HUMAN_REVIEW","Guide editor","present_in_0-error_public_editorial_sitemap;http_status=200;robots_indexable=yes;content_metrics_from_rendered_main"
"route:/gallery","public_route","/gallery","ru","Галерея | Пора в Аргентину","published_public","not_recorded","not_recorded","review_required","not_recorded","not_recorded","not_recorded","review_required","2","missing","0","not_measured","not_measured","0","0","not_verified","yes","not_measured","HUMAN_REVIEW","Product content owner","present_in_0-error_public_editorial_sitemap;http_status=200;robots_indexable=yes;content_metrics_from_rendered_main"
"route:/immigration/zhizn-v-strane","public_route","/immigration/zhizn-v-strane","ru","Жизнь в Аргентине — Иммиграция","published_public","not_recorded","not_recorded","review_required","not_recorded","not_recorded","not_recorded","review_required","2","missing","0","not_measured","not_measured","0","0","not_verified","yes","not_measured","HUMAN_REVIEW","Product content owner","present_in_0-error_public_editorial_sitemap;http_status=200;robots_indexable=yes;content_metrics_from_rendered_main"
"route:/immigration/protsess-immigratsii","public_route","/immigration/protsess-immigratsii","ru","Процесс иммиграции — Иммиграция","published_public","not_recorded","not_recorded","review_required","not_recorded","not_recorded","not_recorded","review_required","2","missing","0","not_measured","not_measured","0","0","not_verified","yes","not_measured","HUMAN_REVIEW","Product content owner","present_in_0-error_public_editorial_sitemap;http_status=200;robots_indexable=yes;content_metrics_from_rendered_main"
"route:/immigration/rody-v-argentine","public_route","/immigration/rody-v-argentine","ru","Роды в Аргентине — Иммиграция","published_public","not_recorded","not_recorded","review_required","not_recorded","not_recorded","not_recorded","review_required","2","missing","0","not_measured","not_measured","0","0","not_verified","yes","not_measured","HUMAN_REVIEW","Product content owner","present_in_0-error_public_editorial_sitemap;http_status=200;robots_indexable=yes;content_metrics_from_rendered_main"
"route:/immigration/grazhdanstvo","public_route","/immigration/grazhdanstvo","ru","Гражданство Аргентины — Иммиграция","published_public","not_recorded","not_recorded","review_required","not_recorded","not_recorded","not_recorded","review_required","2","missing","0","not_measured","not_measured","0","0","not_verified","yes","not_measured","HUMAN_REVIEW","Product content owner","present_in_0-error_public_editorial_sitemap;http_status=200;robots_indexable=yes;content_metrics_from_rendered_main"
"route:/immigration/vnzh-i-pmzh","public_route","/immigration/vnzh-i-pmzh","ru","ВНЖ и ПМЖ Аргентины — Иммиграция","published_public","not_recorded","not_recorded","review_required","not_recorded","not_recorded","not_recorded","review_required","2","missing","0","not_measured","not_measured","0","0","not_verified","yes","not_measured","HUMAN_REVIEW","Product content owner","present_in_0-error_public_editorial_sitemap;http_status=200;robots_indexable=yes;content_metrics_from_rendered_main"
"route:/immigration/vozmozhnosti","public_route","/immigration/vozmozhnosti","ru","Как выбрать миграционную категорию — Иммиграция","published_public","not_recorded","not_recorded","review_required","not_recorded","not_recorded","not_recorded","review_required","2","missing","0","not_measured","not_measured","0","0","not_verified","yes","not_measured","HUMAN_REVIEW","Product content owner","present_in_0-error_public_editorial_sitemap;http_status=200;robots_indexable=yes;content_metrics_from_rendered_main"
"route:/immigration/poleznye-ssylki","public_route","/immigration/poleznye-ssylki","ru","Официальные источники по иммиграции — Иммиграция","published_public","not_recorded","not_recorded","review_required","not_recorded","not_recorded","not_recorded","review_required","2","missing","0","not_measured","not_measured","0","0","not_verified","yes","not_measured","HUMAN_REVIEW","Product content owner","present_in_0-error_public_editorial_sitemap;http_status=200;robots_indexable=yes;content_metrics_from_rendered_main"
"route:/immigration/vizy-dlya-turistov","public_route","/immigration/vizy-dlya-turistov","ru","Туристический въезд в Аргентину","published_public","not_recorded","not_recorded","review_required","not_recorded","not_recorded","not_recorded","review_required","2","missing","0","not_measured","not_measured","0","0","not_verified","yes","not_measured","HUMAN_REVIEW","Product content owner","present_in_0-error_public_editorial_sitemap;http_status=200;robots_indexable=yes;content_metrics_from_rendered_main"
"route:/immigration/obzor-vnzh","public_route","/immigration/obzor-vnzh","ru","Обзор residencia temporaria и permanente","published_public","not_recorded","not_recorded","review_required","not_recorded","not_recorded","not_recorded","review_required","2","missing","0","not_measured","not_measured","0","0","not_verified","yes","not_measured","HUMAN_REVIEW","Product content owner","present_in_0-error_public_editorial_sitemap;http_status=200;robots_indexable=yes;content_metrics_from_rendered_main"
"route:/immigration/dokumenty-dlya-vyezda","public_route","/immigration/dokumenty-dlya-vyezda","ru","Документы для поездки в Аргентину","published_public","not_recorded","not_recorded","review_required","not_recorded","not_recorded","not_recorded","review_required","2","missing","0","not_measured","not_measured","0","0","not_verified","yes","not_measured","HUMAN_REVIEW","Product content owner","present_in_0-error_public_editorial_sitemap;http_status=200;robots_indexable=yes;content_metrics_from_rendered_main"
"route:/immigration/prodlenie-turisticheskogo-vizita","public_route","/immigration/prodlenie-turisticheskogo-vizita","ru","Продление туристического пребывания","published_public","not_recorded","not_recorded","review_required","not_recorded","not_recorded","not_recorded","review_required","2","missing","0","not_measured","not_measured","0","0","not_verified","yes","not_measured","HUMAN_REVIEW","Product content owner","present_in_0-error_public_editorial_sitemap;http_status=200;robots_indexable=yes;content_metrics_from_rendered_main"
"route:/baza-znaniy/razdel/puteshestviya","public_route","/baza-znaniy/razdel/puteshestviya","ru","Путешествия по Аргентине — База знаний об Аргентине","published_public","not_recorded","not_recorded","review_required","not_recorded","not_recorded","not_recorded","review_required","2","missing","0","not_measured","not_measured","0","0","not_verified","yes","not_measured","HUMAN_REVIEW","Content editor","present_in_0-error_public_editorial_sitemap;http_status=200;robots_indexable=yes;content_metrics_from_rendered_main"
"route:/baza-znaniy/razdel/goroda-i-regiony","public_route","/baza-znaniy/razdel/goroda-i-regiony","ru","Города и регионы — База знаний об Аргентине","published_public","not_recorded","not_recorded","review_required","not_recorded","not_recorded","not_recorded","review_required","2","missing","0","not_measured","not_measured","0","0","not_verified","yes","not_measured","HUMAN_REVIEW","Content editor","present_in_0-error_public_editorial_sitemap;http_status=200;robots_indexable=yes;content_metrics_from_rendered_main"
"route:/baza-znaniy/razdel/zhizn-v-strane","public_route","/baza-znaniy/razdel/zhizn-v-strane","ru","Жизнь в стране — База знаний об Аргентине","published_public","not_recorded","not_recorded","review_required","not_recorded","not_recorded","not_recorded","review_required","2","missing","0","not_measured","not_measured","0","0","not_verified","yes","not_measured","HUMAN_REVIEW","Content editor","present_in_0-error_public_editorial_sitemap;http_status=200;robots_indexable=yes;content_metrics_from_rendered_main"
"route:/baza-znaniy/razdel/pereezd","public_route","/baza-znaniy/razdel/pereezd","ru","Переезд в Аргентину — База знаний об Аргентине","published_public","not_recorded","not_recorded","review_required","not_recorded","not_recorded","not_recorded","review_required","2","missing","0","not_measured","not_measured","0","0","not_verified","yes","not_measured","HUMAN_REVIEW","Content editor","present_in_0-error_public_editorial_sitemap;http_status=200;robots_indexable=yes;content_metrics_from_rendered_main"
"route:/baza-znaniy/razdel/dokumenty","public_route","/baza-znaniy/razdel/dokumenty","ru","Документы и легализация — База знаний об Аргентине","published_public","not_recorded","not_recorded","review_required","not_recorded","not_recorded","not_recorded","review_required","2","missing","0","not_measured","not_measured","0","0","not_verified","yes","not_measured","HUMAN_REVIEW","Content editor","present_in_0-error_public_editorial_sitemap;http_status=200;robots_indexable=yes;content_metrics_from_rendered_main"
"route:/baza-znaniy/razdel/finansy","public_route","/baza-znaniy/razdel/finansy","ru","Финансы и экономика — База знаний об Аргентине","published_public","not_recorded","not_recorded","review_required","not_recorded","not_recorded","not_recorded","review_required","2","missing","0","not_measured","not_measured","0","0","not_verified","yes","not_measured","HUMAN_REVIEW","Content editor","present_in_0-error_public_editorial_sitemap;http_status=200;robots_indexable=yes;content_metrics_from_rendered_main"
"route:/baza-znaniy/razdel/lichnyy-opyt","public_route","/baza-znaniy/razdel/lichnyy-opyt","ru","Личный опыт — База знаний об Аргентине","published_public","not_recorded","not_recorded","review_required","not_recorded","not_recorded","not_recorded","review_required","2","missing","0","not_measured","not_measured","0","0","not_verified","yes","not_measured","HUMAN_REVIEW","Content editor","present_in_0-error_public_editorial_sitemap;http_status=200;robots_indexable=yes;content_metrics_from_rendered_main"
"route:/shop","public_route","/shop","ru","Магазин гидов | Пора в Аргентину","published_public","not_recorded","not_recorded","review_required","not_recorded","not_recorded","not_recorded","review_required","2","missing","0","not_measured","not_measured","0","0","not_verified","yes","not_measured","HUMAN_REVIEW","Product content owner","present_in_0-error_public_editorial_sitemap;http_status=200;robots_indexable=yes;content_metrics_from_rendered_main"
"route:/services","public_route","/services","ru","Сервисы для поездки","published_public","not_recorded","not_recorded","review_required","not_recorded","not_recorded","not_recorded","review_required","2","missing","0","not_measured","not_measured","0","0","not_verified","yes","not_measured","HUMAN_REVIEW","Product content owner","present_in_0-error_public_editorial_sitemap;http_status=200;robots_indexable=yes;content_metrics_from_rendered_main"
"route:/insurance","public_route","/insurance","ru","Туристическая страховка в Аргентину","published_public","not_recorded","not_recorded","review_required","not_recorded","not_recorded","not_recorded","review_required","0","missing","0","not_measured","not_measured","0","0","not_verified","yes","not_measured","HUMAN_REVIEW","Product content owner","present_in_0-error_public_editorial_sitemap;http_status=200;robots_indexable=yes;content_metrics_from_rendered_main"
"route:/esim","public_route","/esim","ru","eSIM для поездки в Аргентину","published_public","not_recorded","not_recorded","review_required","not_recorded","not_recorded","not_recorded","review_required","0","missing","0","not_measured","not_measured","0","0","not_verified","yes","not_measured","HUMAN_REVIEW","Product content owner","present_in_0-error_public_editorial_sitemap;http_status=200;robots_indexable=yes;content_metrics_from_rendered_main"
"route:/audio-guides","public_route","/audio-guides","ru","Аудиогиды по Аргентине","published_public","not_recorded","not_recorded","review_required","not_recorded","not_recorded","not_recorded","review_required","0","missing","0","not_measured","not_measured","0","0","not_verified","yes","not_measured","HUMAN_REVIEW","Product content owner","present_in_0-error_public_editorial_sitemap;http_status=200;robots_indexable=yes;content_metrics_from_rendered_main"
"route:/blog/best-time-to-visit-argentina","public_route","/blog/best-time-to-visit-argentina","ru","Когда лучше ехать в Аргентину: полный гид по сезонам и регионам","published_public","not_recorded","not_recorded","review_required","not_recorded","not_recorded","not_recorded","review_required","2","missing","0","not_measured","not_measured","0","0","not_verified","yes","not_measured","HUMAN_REVIEW","Blog editor","present_in_0-error_public_editorial_sitemap;http_status=200;robots_indexable=yes;content_metrics_from_rendered_main"
"route:/blog/argentina-tourist-visa-2026","public_route","/blog/argentina-tourist-visa-2026","ru","Въезд туриста в Аргентину: виза, сроки и документы","published_public","not_recorded","not_recorded","review_required","not_recorded","not_recorded","not_recorded","review_required","2","missing","0","not_measured","not_measured","0","0","not_verified","yes","not_measured","HUMAN_REVIEW","Blog editor","present_in_0-error_public_editorial_sitemap;http_status=200;robots_indexable=yes;content_metrics_from_rendered_main"
"route:/blog/iguazu-%D0%B7%D0%B0-3-%D0%B4%D0%BD%D1%8F","public_route","/blog/iguazu-%D0%B7%D0%B0-3-%D0%B4%D0%BD%D1%8F","ru","Водопады Игуасу за 3 дня: готовый маршрут по дням","published_public","not_recorded","not_recorded","review_required","not_recorded","not_recorded","not_recorded","review_required","2","missing","0","not_measured","not_measured","0","0","not_verified","yes","not_measured","HUMAN_REVIEW","Blog editor","present_in_0-error_public_editorial_sitemap;http_status=200;robots_indexable=yes;content_metrics_from_rendered_main"
"route:/blog/patagonia-%D0%B0%D0%B2%D0%B8%D0%B0%D0%B1%D0%B8%D0%BB%D0%B5%D1%82%D1%8B","public_route","/blog/patagonia-%D0%B0%D0%B2%D0%B8%D0%B0%D0%B1%D0%B8%D0%BB%D0%B5%D1%82%D1%8B","ru","Патагония: как долететь и купить внутренние рейсы","published_public","not_recorded","not_recorded","review_required","not_recorded","not_recorded","not_recorded","review_required","2","missing","0","not_measured","not_measured","0","0","not_verified","yes","not_measured","HUMAN_REVIEW","Blog editor","present_in_0-error_public_editorial_sitemap;http_status=200;robots_indexable=yes;content_metrics_from_rendered_main"
"route:/blog/money-%D0%B1%D1%8E%D0%B4%D0%B6%D0%B5%D1%82","public_route","/blog/money-%D0%B1%D1%8E%D0%B4%D0%B6%D0%B5%D1%82","ru","Деньги в Аргентине: сколько стоит поездка и как сэкономить","published_public","not_recorded","not_recorded","review_required","not_recorded","not_recorded","not_recorded","review_required","2","missing","0","not_measured","not_measured","0","0","not_verified","yes","not_measured","HUMAN_REVIEW","Blog editor","present_in_0-error_public_editorial_sitemap;http_status=200;robots_indexable=yes;content_metrics_from_rendered_main"
"route:/blog/itinerary-%D1%87%D0%B5%D0%BA-%D0%BB%D0%B8%D1%81%D1%82","public_route","/blog/itinerary-%D1%87%D0%B5%D0%BA-%D0%BB%D0%B8%D1%81%D1%82","ru","Аргентина: чек-лист перед поездкой","published_public","not_recorded","not_recorded","review_required","not_recorded","not_recorded","not_recorded","review_required","2","missing","0","not_measured","not_measured","0","0","not_verified","yes","not_measured","HUMAN_REVIEW","Blog editor","present_in_0-error_public_editorial_sitemap;http_status=200;robots_indexable=yes;content_metrics_from_rendered_main"
"route:/blog/salta-i-severo-zapad-marshrut","public_route","/blog/salta-i-severo-zapad-marshrut","ru","Сальта и северо-запад Аргентины: маршрут 5–7 дней","published_public","not_recorded","not_recorded","review_required","not_recorded","not_recorded","not_recorded","review_required","2","missing","0","not_measured","not_measured","0","0","not_verified","yes","not_measured","HUMAN_REVIEW","Blog editor","present_in_0-error_public_editorial_sitemap;http_status=200;robots_indexable=yes;content_metrics_from_rendered_main"
"route:/blog/uco-valley-vino-i-gory","public_route","/blog/uco-valley-vino-i-gory","ru","Долина Уко: вино, Аконкагуа и дегустации у подножия Анд","published_public","not_recorded","not_recorded","review_required","not_recorded","not_recorded","not_recorded","review_required","2","missing","0","not_measured","not_measured","0","0","not_verified","yes","not_measured","HUMAN_REVIEW","Blog editor","present_in_0-error_public_editorial_sitemap;http_status=200;robots_indexable=yes;content_metrics_from_rendered_main"
"route:/blog/el-chalten-i-fitts-roy","public_route","/blog/el-chalten-i-fitts-roy","ru","Эль-Чалтен и Фицрой: треккинг для первого раза в Патагонии","published_public","not_recorded","not_recorded","review_required","not_recorded","not_recorded","not_recorded","review_required","2","missing","0","not_measured","not_measured","0","0","not_verified","yes","not_measured","HUMAN_REVIEW","Blog editor","present_in_0-error_public_editorial_sitemap;http_status=200;robots_indexable=yes;content_metrics_from_rendered_main"
"route:/blog/patagoniya-marshrut-14-dney","public_route","/blog/patagoniya-marshrut-14-dney","ru","Патагония за 14 дней: ледники, Фицрой и Ушуая","published_public","not_recorded","not_recorded","review_required","not_recorded","not_recorded","not_recorded","review_required","2","missing","0","not_measured","not_measured","0","0","not_verified","yes","not_measured","HUMAN_REVIEW","Blog editor","present_in_0-error_public_editorial_sitemap;http_status=200;robots_indexable=yes;content_metrics_from_rendered_main"
"route:/blog/itinerary-%D0%BE%D1%88%D0%B8%D0%B1%D0%BA%D0%B8","public_route","/blog/itinerary-%D0%BE%D1%88%D0%B8%D0%B1%D0%BA%D0%B8","ru","Аргентина: 10 типичных ошибок туристов","published_public","not_recorded","not_recorded","review_required","not_recorded","not_recorded","not_recorded","review_required","2","missing","0","not_measured","not_measured","0","0","not_verified","yes","not_measured","HUMAN_REVIEW","Blog editor","present_in_0-error_public_editorial_sitemap;http_status=200;robots_indexable=yes;content_metrics_from_rendered_main"
"route:/blog/itinerary-%D0%B7%D0%B0-10-%D0%B4%D0%BD%D0%B5%D0%B9","public_route","/blog/itinerary-%D0%B7%D0%B0-10-%D0%B4%D0%BD%D0%B5%D0%B9","ru","Аргентина за 10 дней: маршрут BA, Игуасу, Патагония","published_public","not_recorded","not_recorded","review_required","not_recorded","not_recorded","not_recorded","review_required","2","missing","0","not_measured","not_measured","0","0","not_verified","yes","not_measured","HUMAN_REVIEW","Blog editor","present_in_0-error_public_editorial_sitemap;http_status=200;robots_indexable=yes;content_metrics_from_rendered_main"
"route:/forum","public_route","/forum","ru","Форум | Пора в Аргентину","published_public","not_recorded","not_recorded","review_required","not_recorded","not_recorded","not_recorded","review_required","2","missing","0","not_measured","not_measured","0","0","not_verified","yes","not_measured","HUMAN_REVIEW","Product content owner","present_in_0-error_public_editorial_sitemap;http_status=200;robots_indexable=yes;content_metrics_from_rendered_main"
"route:/experts","public_route","/experts","ru","Локальные эксперты — гиды и консультанты в Аргентине","published_public","not_recorded","not_recorded","review_required","not_recorded","not_recorded","not_recorded","review_required","2","missing","0","not_measured","not_measured","0","0","not_verified","yes","not_measured","HUMAN_REVIEW","Product content owner","present_in_0-error_public_editorial_sitemap;http_status=200;robots_indexable=yes;content_metrics_from_rendered_main"
"route:/legal/privacy","public_route","/legal/privacy","ru","Политика конфиденциальности","published_public","not_recorded","not_recorded","review_required","not_recorded","not_recorded","not_recorded","review_required","2","missing","0","not_measured","not_measured","0","0","not_verified","yes","not_measured","HUMAN_REVIEW","Product content owner","present_in_0-error_public_editorial_sitemap;http_status=200;robots_indexable=yes;content_metrics_from_rendered_main"
"route:/legal/terms","public_route","/legal/terms","ru","Пользовательское соглашение","published_public","not_recorded","not_recorded","review_required","not_recorded","not_recorded","not_recorded","review_required","2","missing","0","not_measured","not_measured","0","0","not_verified","yes","not_measured","HUMAN_REVIEW","Product content owner","present_in_0-error_public_editorial_sitemap;http_status=200;robots_indexable=yes;content_metrics_from_rendered_main"
"route:/legal/booking","public_route","/legal/booking","ru","Условия бронирования","published_public","not_recorded","not_recorded","review_required","not_recorded","not_recorded","not_recorded","review_required","2","missing","0","not_measured","not_measured","0","0","not_verified","yes","not_measured","HUMAN_REVIEW","Product content owner","present_in_0-error_public_editorial_sitemap;http_status=200;robots_indexable=yes;content_metrics_from_rendered_main"
"route:/legal/refunds","public_route","/legal/refunds","ru","Политика возвратов","published_public","not_recorded","not_recorded","review_required","not_recorded","not_recorded","not_recorded","review_required","2","missing","0","not_measured","not_measured","0","0","not_verified","yes","not_measured","HUMAN_REVIEW","Product content owner","present_in_0-error_public_editorial_sitemap;http_status=200;robots_indexable=yes;content_metrics_from_rendered_main"
"route:/legal/cookies","public_route","/legal/cookies","ru","Политика cookie","published_public","not_recorded","not_recorded","review_required","not_recorded","not_recorded","not_recorded","review_required","2","missing","0","not_measured","not_measured","0","0","not_verified","yes","not_measured","HUMAN_REVIEW","Product content owner","present_in_0-error_public_editorial_sitemap;http_status=200;robots_indexable=yes;content_metrics_from_rendered_main"
"route:/legal/affiliate","public_route","/legal/affiliate","ru","Партнёрские ссылки и реклама","published_public","not_recorded","not_recorded","review_required","not_recorded","not_recorded","not_recorded","review_required","2","missing","0","not_measured","not_measured","0","0","not_verified","yes","not_measured","HUMAN_REVIEW","Product content owner","present_in_0-error_public_editorial_sitemap;http_status=200;robots_indexable=yes;content_metrics_from_rendered_main"
"route:/tours/patagonia-glaciers","public_route","/tours/patagonia-glaciers","ru","Ледники Патагонии: Перито-Морено | Пора в Аргентину","published_public","not_recorded","not_recorded","review_required","not_recorded","not_recorded","not_recorded","review_required","2","missing","0","not_measured","not_measured","0","0","not_verified","yes","not_measured","HUMAN_REVIEW","Marketplace editor","present_in_0-error_public_editorial_sitemap;http_status=200;robots_indexable=yes;content_metrics_from_rendered_main"
"route:/tours/buenos-aires-tango","public_route","/tours/buenos-aires-tango","ru","Танго и гастрономия Буэнос-Айреса | Пора в Аргентину","published_public","not_recorded","not_recorded","review_required","not_recorded","not_recorded","not_recorded","review_required","2","missing","0","not_measured","not_measured","0","0","not_verified","yes","not_measured","HUMAN_REVIEW","Marketplace editor","present_in_0-error_public_editorial_sitemap;http_status=200;robots_indexable=yes;content_metrics_from_rendered_main"
"route:/tours/mendoza-wine","public_route","/tours/mendoza-wine","ru","Винный тур по Мендосе у подножия Анд | Пора в Аргентину","published_public","not_recorded","not_recorded","review_required","not_recorded","not_recorded","not_recorded","review_required","2","missing","0","not_measured","not_measured","0","0","not_verified","yes","not_measured","HUMAN_REVIEW","Marketplace editor","present_in_0-error_public_editorial_sitemap;http_status=200;robots_indexable=yes;content_metrics_from_rendered_main"
"route:/tours/iguazu-falls","public_route","/tours/iguazu-falls","ru","Тур к водопадам Игуасу | Пора в Аргентину","published_public","not_recorded","not_recorded","review_required","not_recorded","not_recorded","not_recorded","review_required","2","missing","0","not_measured","not_measured","0","0","not_verified","yes","not_measured","HUMAN_REVIEW","Marketplace editor","present_in_0-error_public_editorial_sitemap;http_status=200;robots_indexable=yes;content_metrics_from_rendered_main"
"route:/tours/salta-northwest","public_route","/tours/salta-northwest","ru","Сальта и Кафаяте: тур по северу | Пора в Аргентину","published_public","not_recorded","not_recorded","review_required","not_recorded","not_recorded","not_recorded","review_required","2","missing","0","not_measured","not_measured","0","0","not_verified","yes","not_measured","HUMAN_REVIEW","Marketplace editor","present_in_0-error_public_editorial_sitemap;http_status=200;robots_indexable=yes;content_metrics_from_rendered_main"
"route:/tours/ushuaia-end-of-world","public_route","/tours/ushuaia-end-of-world","ru","Ушуайя: край света и пингвины | Пора в Аргентину","published_public","not_recorded","not_recorded","review_required","not_recorded","not_recorded","not_recorded","review_required","2","missing","0","not_measured","not_measured","0","0","not_verified","yes","not_measured","HUMAN_REVIEW","Marketplace editor","present_in_0-error_public_editorial_sitemap;http_status=200;robots_indexable=yes;content_metrics_from_rendered_main"
"route:/places/el-calafate","public_route","/places/el-calafate","ru","Эль-Калафате — места Аргентины","published_public","not_recorded","not_recorded","review_required","not_recorded","not_recorded","not_recorded","review_required","2","missing","0","not_measured","not_measured","0","0","not_verified","yes","not_measured","HUMAN_REVIEW","Destination editor","present_in_0-error_public_editorial_sitemap;http_status=200;robots_indexable=yes;content_metrics_from_rendered_main"
"route:/places/el-chalten","public_route","/places/el-chalten","ru","Эль-Чальтен — места Аргентины","published_public","not_recorded","not_recorded","review_required","not_recorded","not_recorded","not_recorded","review_required","2","missing","0","not_measured","not_measured","0","0","not_verified","yes","not_measured","HUMAN_REVIEW","Destination editor","present_in_0-error_public_editorial_sitemap;http_status=200;robots_indexable=yes;content_metrics_from_rendered_main"
"route:/places/bariloche","public_route","/places/bariloche","ru","Барилоче — места Аргентины","published_public","not_recorded","not_recorded","review_required","not_recorded","not_recorded","not_recorded","review_required","2","missing","0","not_measured","not_measured","0","0","not_verified","yes","not_measured","HUMAN_REVIEW","Destination editor","present_in_0-error_public_editorial_sitemap;http_status=200;robots_indexable=yes;content_metrics_from_rendered_main"
"route:/places/mendoza","public_route","/places/mendoza","ru","Мендоса — места Аргентины","published_public","not_recorded","not_recorded","review_required","not_recorded","not_recorded","not_recorded","review_required","2","missing","0","not_measured","not_measured","0","0","not_verified","yes","not_measured","HUMAN_REVIEW","Destination editor","present_in_0-error_public_editorial_sitemap;http_status=200;robots_indexable=yes;content_metrics_from_rendered_main"
"route:/places/maipu","public_route","/places/maipu","ru","Maipú — места Аргентины","published_public","not_recorded","not_recorded","review_required","not_recorded","not_recorded","not_recorded","review_required","2","missing","0","not_measured","not_measured","0","0","not_verified","yes","not_measured","HUMAN_REVIEW","Destination editor","present_in_0-error_public_editorial_sitemap;http_status=200;robots_indexable=yes;content_metrics_from_rendered_main"
"route:/places/lujan-de-cuyo","public_route","/places/lujan-de-cuyo","ru","Luján de Cuyo — места Аргентины","published_public","not_recorded","not_recorded","review_required","not_recorded","not_recorded","not_recorded","review_required","2","missing","0","not_measured","not_measured","0","0","not_verified","yes","not_measured","HUMAN_REVIEW","Destination editor","present_in_0-error_public_editorial_sitemap;http_status=200;robots_indexable=yes;content_metrics_from_rendered_main"
"route:/places/uco-valley","public_route","/places/uco-valley","ru","Valle de Uco — места Аргентины","published_public","not_recorded","not_recorded","review_required","not_recorded","not_recorded","not_recorded","review_required","2","missing","0","not_measured","not_measured","0","0","not_verified","yes","not_measured","HUMAN_REVIEW","Destination editor","present_in_0-error_public_editorial_sitemap;http_status=200;robots_indexable=yes;content_metrics_from_rendered_main"
"route:/places/potrerillos","public_route","/places/potrerillos","ru","Potrerillos — места Аргентины","published_public","not_recorded","not_recorded","review_required","not_recorded","not_recorded","not_recorded","review_required","2","missing","0","not_measured","not_measured","0","0","not_verified","yes","not_measured","HUMAN_REVIEW","Destination editor","present_in_0-error_public_editorial_sitemap;http_status=200;robots_indexable=yes;content_metrics_from_rendered_main"
"route:/places/puerto-madryn","public_route","/places/puerto-madryn","ru","Пуэрто-Мадрин — места Аргентины","published_public","not_recorded","not_recorded","review_required","not_recorded","not_recorded","not_recorded","review_required","2","missing","0","not_measured","not_measured","0","0","not_verified","yes","not_measured","HUMAN_REVIEW","Destination editor","present_in_0-error_public_editorial_sitemap;http_status=200;robots_indexable=yes;content_metrics_from_rendered_main"
"route:/places/salta","public_route","/places/salta","ru","Сальта — места Аргентины","published_public","not_recorded","not_recorded","review_required","not_recorded","not_recorded","not_recorded","review_required","2","missing","0","not_measured","not_measured","0","0","not_verified","yes","not_measured","HUMAN_REVIEW","Destination editor","present_in_0-error_public_editorial_sitemap;http_status=200;robots_indexable=yes;content_metrics_from_rendered_main"
"route:/places/purmamarca","public_route","/places/purmamarca","ru","Пурмамарка — места Аргентины","published_public","not_recorded","not_recorded","review_required","not_recorded","not_recorded","not_recorded","review_required","2","missing","0","not_measured","not_measured","0","0","not_verified","yes","not_measured","HUMAN_REVIEW","Destination editor","present_in_0-error_public_editorial_sitemap;http_status=200;robots_indexable=yes;content_metrics_from_rendered_main"
"route:/places/los-glaciares-national-park","public_route","/places/los-glaciares-national-park","ru","Национальный парк Лос-Гласьярес — места Аргентины","published_public","not_recorded","not_recorded","review_required","not_recorded","not_recorded","not_recorded","review_required","2","missing","0","not_measured","not_measured","0","0","not_verified","yes","not_measured","HUMAN_REVIEW","Destination editor","present_in_0-error_public_editorial_sitemap;http_status=200;robots_indexable=yes;content_metrics_from_rendered_main"
"route:/places/nahuel-huapi-national-park","public_route","/places/nahuel-huapi-national-park","ru","Национальный парк Науэль-Уапи — места Аргентины","published_public","not_recorded","not_recorded","review_required","not_recorded","not_recorded","not_recorded","review_required","2","missing","0","not_measured","not_measured","0","0","not_verified","yes","not_measured","HUMAN_REVIEW","Destination editor","present_in_0-error_public_editorial_sitemap;http_status=200;robots_indexable=yes;content_metrics_from_rendered_main"
"route:/places/valdes-peninsula","public_route","/places/valdes-peninsula","ru","Полуостров Вальдес — места Аргентины","published_public","not_recorded","not_recorded","review_required","not_recorded","not_recorded","not_recorded","review_required","2","missing","0","not_measured","not_measured","0","0","not_verified","yes","not_measured","HUMAN_REVIEW","Destination editor","present_in_0-error_public_editorial_sitemap;http_status=200;robots_indexable=yes;content_metrics_from_rendered_main"
"route:/places/cerro-de-los-7-colores","public_route","/places/cerro-de-los-7-colores","ru","Cerro de los Siete Colores — места Аргентины","published_public","not_recorded","not_recorded","review_required","not_recorded","not_recorded","not_recorded","review_required","2","missing","0","not_measured","not_measured","0","0","not_verified","yes","not_measured","HUMAN_REVIEW","Destination editor","present_in_0-error_public_editorial_sitemap;http_status=200;robots_indexable=yes;content_metrics_from_rendered_main"
"route:/places/tren-de-las-nubes","public_route","/places/tren-de-las-nubes","ru","Поезд в облака (Tren a las Nubes) — места Аргентины","published_public","not_recorded","not_recorded","review_required","not_recorded","not_recorded","not_recorded","review_required","2","missing","0","not_measured","not_measured","0","0","not_verified","yes","not_measured","HUMAN_REVIEW","Destination editor","present_in_0-error_public_editorial_sitemap;http_status=200;robots_indexable=yes;content_metrics_from_rendered_main"
"route:/places/cueva-de-las-manos","public_route","/places/cueva-de-las-manos","ru","Cueva de las Manos — места Аргентины","published_public","not_recorded","not_recorded","review_required","not_recorded","not_recorded","not_recorded","review_required","2","missing","0","not_measured","not_measured","0","0","not_verified","yes","not_measured","HUMAN_REVIEW","Destination editor","present_in_0-error_public_editorial_sitemap;http_status=200;robots_indexable=yes;content_metrics_from_rendered_main"
"route:/places/mar-del-plata","public_route","/places/mar-del-plata","ru","Мар-дель-Плата — места Аргентины","published_public","not_recorded","not_recorded","review_required","not_recorded","not_recorded","not_recorded","review_required","2","missing","0","not_measured","not_measured","0","0","not_verified","yes","not_measured","HUMAN_REVIEW","Destination editor","present_in_0-error_public_editorial_sitemap;http_status=200;robots_indexable=yes;content_metrics_from_rendered_main"
"route:/places/tierra-del-fuego-national-park","public_route","/places/tierra-del-fuego-national-park","ru","Национальный парк Огненная Земля — места Аргентины","published_public","not_recorded","not_recorded","review_required","not_recorded","not_recorded","not_recorded","review_required","2","missing","0","not_measured","not_measured","0","0","not_verified","yes","not_measured","HUMAN_REVIEW","Destination editor","present_in_0-error_public_editorial_sitemap;http_status=200;robots_indexable=yes;content_metrics_from_rendered_main"
"route:/places/cordoba","public_route","/places/cordoba","ru","Кордова — места Аргентины","published_public","not_recorded","not_recorded","review_required","not_recorded","not_recorded","not_recorded","review_required","2","missing","0","not_measured","not_measured","0","0","not_verified","yes","not_measured","HUMAN_REVIEW","Destination editor","present_in_0-error_public_editorial_sitemap;http_status=200;robots_indexable=yes;content_metrics_from_rendered_main"
"route:/places/estero-ibera","public_route","/places/estero-ibera","ru","Эстерос-дель-Ибера — места Аргентины","published_public","not_recorded","not_recorded","review_required","not_recorded","not_recorded","not_recorded","review_required","2","missing","0","not_measured","not_measured","0","0","not_verified","yes","not_measured","HUMAN_REVIEW","Destination editor","present_in_0-error_public_editorial_sitemap;http_status=200;robots_indexable=yes;content_metrics_from_rendered_main"
"route:/places/talampaya","public_route","/places/talampaya","ru","Национальный парк Талампая — места Аргентины","published_public","not_recorded","not_recorded","review_required","not_recorded","not_recorded","not_recorded","review_required","2","missing","0","not_measured","not_measured","0","0","not_verified","yes","not_measured","HUMAN_REVIEW","Destination editor","present_in_0-error_public_editorial_sitemap;http_status=200;robots_indexable=yes;content_metrics_from_rendered_main"
"route:/places/cafayate","public_route","/places/cafayate","ru","Кафайяте — места Аргентины","published_public","not_recorded","not_recorded","review_required","not_recorded","not_recorded","not_recorded","review_required","2","missing","0","not_measured","not_measured","0","0","not_verified","yes","not_measured","HUMAN_REVIEW","Destination editor","present_in_0-error_public_editorial_sitemap;http_status=200;robots_indexable=yes;content_metrics_from_rendered_main"
"route:/places/tilcara","public_route","/places/tilcara","ru","Тилькара и крепость Пукара — места Аргентины","published_public","not_recorded","not_recorded","review_required","not_recorded","not_recorded","not_recorded","review_required","2","missing","0","not_measured","not_measured","0","0","not_verified","yes","not_measured","HUMAN_REVIEW","Destination editor","present_in_0-error_public_editorial_sitemap;http_status=200;robots_indexable=yes;content_metrics_from_rendered_main"
"route:/places/quebrada-de-humahuaca","public_route","/places/quebrada-de-humahuaca","ru","Кебрада-де-Умауака — места Аргентины","published_public","not_recorded","not_recorded","review_required","not_recorded","not_recorded","not_recorded","review_required","2","missing","0","not_measured","not_measured","0","0","not_verified","yes","not_measured","HUMAN_REVIEW","Destination editor","present_in_0-error_public_editorial_sitemap;http_status=200;robots_indexable=yes;content_metrics_from_rendered_main"
"route:/places/salinas-grandes","public_route","/places/salinas-grandes","ru","Салинас-Грандес — места Аргентины","published_public","not_recorded","not_recorded","review_required","not_recorded","not_recorded","not_recorded","review_required","2","missing","0","not_measured","not_measured","0","0","not_verified","yes","not_measured","HUMAN_REVIEW","Destination editor","present_in_0-error_public_editorial_sitemap;http_status=200;robots_indexable=yes;content_metrics_from_rendered_main"
"route:/places/san-martin-de-los-andes","public_route","/places/san-martin-de-los-andes","ru","Сан-Мартин-де-лос-Андес — места Аргентины","published_public","not_recorded","not_recorded","review_required","not_recorded","not_recorded","not_recorded","review_required","2","missing","0","not_measured","not_measured","0","0","not_verified","yes","not_measured","HUMAN_REVIEW","Destination editor","present_in_0-error_public_editorial_sitemap;http_status=200;robots_indexable=yes;content_metrics_from_rendered_main"
"route:/places/villa-la-angostura","public_route","/places/villa-la-angostura","ru","Вилья-Ла-Ангостура — места Аргентины","published_public","not_recorded","not_recorded","review_required","not_recorded","not_recorded","not_recorded","review_required","2","missing","0","not_measured","not_measured","0","0","not_verified","yes","not_measured","HUMAN_REVIEW","Destination editor","present_in_0-error_public_editorial_sitemap;http_status=200;robots_indexable=yes;content_metrics_from_rendered_main"
"route:/places/rosario","public_route","/places/rosario","ru","Росарио — места Аргентины","published_public","not_recorded","not_recorded","review_required","not_recorded","not_recorded","not_recorded","review_required","2","missing","0","not_measured","not_measured","0","0","not_verified","yes","not_measured","HUMAN_REVIEW","Destination editor","present_in_0-error_public_editorial_sitemap;http_status=200;robots_indexable=yes;content_metrics_from_rendered_main"
"route:/places/la-plata","public_route","/places/la-plata","ru","Ла-Плата — места Аргентины","published_public","not_recorded","not_recorded","review_required","not_recorded","not_recorded","not_recorded","review_required","2","missing","0","not_measured","not_measured","0","0","not_verified","yes","not_measured","HUMAN_REVIEW","Destination editor","present_in_0-error_public_editorial_sitemap;http_status=200;robots_indexable=yes;content_metrics_from_rendered_main"
"route:/places/tucuman","public_route","/places/tucuman","ru","Сан-Мигель-де-Тукуман — места Аргентины","published_public","not_recorded","not_recorded","review_required","not_recorded","not_recorded","not_recorded","review_required","2","missing","0","not_measured","not_measured","0","0","not_verified","yes","not_measured","HUMAN_REVIEW","Destination editor","present_in_0-error_public_editorial_sitemap;http_status=200;robots_indexable=yes;content_metrics_from_rendered_main"
"route:/places/san-salvador-de-jujuy","public_route","/places/san-salvador-de-jujuy","ru","Сан-Сальвадор-де-Жужуй — места Аргентины","published_public","not_recorded","not_recorded","review_required","not_recorded","not_recorded","not_recorded","review_required","2","missing","0","not_measured","not_measured","0","0","not_verified","yes","not_measured","HUMAN_REVIEW","Destination editor","present_in_0-error_public_editorial_sitemap;http_status=200;robots_indexable=yes;content_metrics_from_rendered_main"
"route:/places/neuquen","public_route","/places/neuquen","ru","Неукен — места Аргентины","published_public","not_recorded","not_recorded","review_required","not_recorded","not_recorded","not_recorded","review_required","2","missing","0","not_measured","not_measured","0","0","not_verified","yes","not_measured","HUMAN_REVIEW","Destination editor","present_in_0-error_public_editorial_sitemap;http_status=200;robots_indexable=yes;content_metrics_from_rendered_main"
"route:/places/san-juan","public_route","/places/san-juan","ru","Сан-Хуан — места Аргентины","published_public","not_recorded","not_recorded","review_required","not_recorded","not_recorded","not_recorded","review_required","2","missing","0","not_measured","not_measured","0","0","not_verified","yes","not_measured","HUMAN_REVIEW","Destination editor","present_in_0-error_public_editorial_sitemap;http_status=200;robots_indexable=yes;content_metrics_from_rendered_main"
"route:/places/corrientes","public_route","/places/corrientes","ru","Корриентес — места Аргентины","published_public","not_recorded","not_recorded","review_required","not_recorded","not_recorded","not_recorded","review_required","2","missing","0","not_measured","not_measured","0","0","not_verified","yes","not_measured","HUMAN_REVIEW","Destination editor","present_in_0-error_public_editorial_sitemap;http_status=200;robots_indexable=yes;content_metrics_from_rendered_main"
"route:/places/posadas","public_route","/places/posadas","ru","Посадас — места Аргентины","published_public","not_recorded","not_recorded","review_required","not_recorded","not_recorded","not_recorded","review_required","2","missing","0","not_measured","not_measured","0","0","not_verified","yes","not_measured","HUMAN_REVIEW","Destination editor","present_in_0-error_public_editorial_sitemap;http_status=200;robots_indexable=yes;content_metrics_from_rendered_main"
"route:/places/bahia-blanca","public_route","/places/bahia-blanca","ru","Баия-Бланка — места Аргентины","published_public","not_recorded","not_recorded","review_required","not_recorded","not_recorded","not_recorded","review_required","2","missing","0","not_measured","not_measured","0","0","not_verified","yes","not_measured","HUMAN_REVIEW","Destination editor","present_in_0-error_public_editorial_sitemap;http_status=200;robots_indexable=yes;content_metrics_from_rendered_main"
"route:/places/rio-gallegos","public_route","/places/rio-gallegos","ru","Рио-Гальегос — места Аргентины","published_public","not_recorded","not_recorded","review_required","not_recorded","not_recorded","not_recorded","review_required","2","missing","0","not_measured","not_measured","0","0","not_verified","yes","not_measured","HUMAN_REVIEW","Destination editor","present_in_0-error_public_editorial_sitemap;http_status=200;robots_indexable=yes;content_metrics_from_rendered_main"
"route:/places/trelew","public_route","/places/trelew","ru","Трелью — места Аргентины","published_public","not_recorded","not_recorded","review_required","not_recorded","not_recorded","not_recorded","review_required","2","missing","0","not_measured","not_measured","0","0","not_verified","yes","not_measured","HUMAN_REVIEW","Destination editor","present_in_0-error_public_editorial_sitemap;http_status=200;robots_indexable=yes;content_metrics_from_rendered_main"
"route:/places/esquel","public_route","/places/esquel","ru","Эскель — места Аргентины","published_public","not_recorded","not_recorded","review_required","not_recorded","not_recorded","not_recorded","review_required","2","missing","0","not_measured","not_measured","0","0","not_verified","yes","not_measured","HUMAN_REVIEW","Destination editor","present_in_0-error_public_editorial_sitemap;http_status=200;robots_indexable=yes;content_metrics_from_rendered_main"
"route:/places/aconcagua","public_route","/places/aconcagua","ru","Провинциальный парк Аконкагуа — места Аргентины","published_public","not_recorded","not_recorded","review_required","not_recorded","not_recorded","not_recorded","review_required","2","missing","0","not_measured","not_measured","0","0","not_verified","yes","not_measured","HUMAN_REVIEW","Destination editor","present_in_0-error_public_editorial_sitemap;http_status=200;robots_indexable=yes;content_metrics_from_rendered_main"
"route:/places/ischigualasto","public_route","/places/ischigualasto","ru","Парк Исчигуаласто (Долина Луны) — места Аргентины","published_public","not_recorded","not_recorded","review_required","not_recorded","not_recorded","not_recorded","review_required","2","missing","0","not_measured","not_measured","0","0","not_verified","yes","not_measured","HUMAN_REVIEW","Destination editor","present_in_0-error_public_editorial_sitemap;http_status=200;robots_indexable=yes;content_metrics_from_rendered_main"
"route:/places/los-alerces-national-park","public_route","/places/los-alerces-national-park","ru","Национальный парк Лос-Алерсес — места Аргентины","published_public","not_recorded","not_recorded","review_required","not_recorded","not_recorded","not_recorded","review_required","2","missing","0","not_measured","not_measured","0","0","not_verified","yes","not_measured","HUMAN_REVIEW","Destination editor","present_in_0-error_public_editorial_sitemap;http_status=200;robots_indexable=yes;content_metrics_from_rendered_main"
"route:/places/quebrada-de-las-conchas","public_route","/places/quebrada-de-las-conchas","ru","Ущелье Лас-Кончас — места Аргентины","published_public","not_recorded","not_recorded","review_required","not_recorded","not_recorded","not_recorded","review_required","2","missing","0","not_measured","not_measured","0","0","not_verified","yes","not_measured","HUMAN_REVIEW","Destination editor","present_in_0-error_public_editorial_sitemap;http_status=200;robots_indexable=yes;content_metrics_from_rendered_main"
"route:/places/puente-del-inca","public_route","/places/puente-del-inca","ru","Пуэнте-дель-Инка — места Аргентины","published_public","not_recorded","not_recorded","review_required","not_recorded","not_recorded","not_recorded","review_required","2","missing","0","not_measured","not_measured","0","0","not_verified","yes","not_measured","HUMAN_REVIEW","Destination editor","present_in_0-error_public_editorial_sitemap;http_status=200;robots_indexable=yes;content_metrics_from_rendered_main"
"route:/places/lujan","public_route","/places/lujan","ru","Лухан — места Аргентины","published_public","not_recorded","not_recorded","review_required","not_recorded","not_recorded","not_recorded","review_required","2","missing","0","not_measured","not_measured","0","0","not_verified","yes","not_measured","HUMAN_REVIEW","Destination editor","present_in_0-error_public_editorial_sitemap;http_status=200;robots_indexable=yes;content_metrics_from_rendered_main"
"route:/places/mar-de-las-pampas","public_route","/places/mar-de-las-pampas","ru","Мар-де-лас-Пампас — места Аргентины","published_public","not_recorded","not_recorded","review_required","not_recorded","not_recorded","not_recorded","review_required","2","missing","0","not_measured","not_measured","0","0","not_verified","yes","not_measured","HUMAN_REVIEW","Destination editor","present_in_0-error_public_editorial_sitemap;http_status=200;robots_indexable=yes;content_metrics_from_rendered_main"
"route:/places/necochea","public_route","/places/necochea","ru","Некочеа — места Аргентины","published_public","not_recorded","not_recorded","review_required","not_recorded","not_recorded","not_recorded","review_required","2","missing","0","not_measured","not_measured","0","0","not_verified","yes","not_measured","HUMAN_REVIEW","Destination editor","present_in_0-error_public_editorial_sitemap;http_status=200;robots_indexable=yes;content_metrics_from_rendered_main"
"route:/places/pinamar","public_route","/places/pinamar","ru","Пинамар — места Аргентины","published_public","not_recorded","not_recorded","review_required","not_recorded","not_recorded","not_recorded","review_required","2","missing","0","not_measured","not_measured","0","0","not_verified","yes","not_measured","HUMAN_REVIEW","Destination editor","present_in_0-error_public_editorial_sitemap;http_status=200;robots_indexable=yes;content_metrics_from_rendered_main"
"route:/places/san-antonio-de-areco","public_route","/places/san-antonio-de-areco","ru","Сан-Антонио-де-Ареко — места Аргентины","published_public","not_recorded","not_recorded","review_required","not_recorded","not_recorded","not_recorded","review_required","2","missing","0","not_measured","not_measured","0","0","not_verified","yes","not_measured","HUMAN_REVIEW","Destination editor","present_in_0-error_public_editorial_sitemap;http_status=200;robots_indexable=yes;content_metrics_from_rendered_main"
"route:/places/sierra-de-la-ventana","public_route","/places/sierra-de-la-ventana","ru","Сьерра-де-ла-Вентана — места Аргентины","published_public","not_recorded","not_recorded","review_required","not_recorded","not_recorded","not_recorded","review_required","2","missing","0","not_measured","not_measured","0","0","not_verified","yes","not_measured","HUMAN_REVIEW","Destination editor","present_in_0-error_public_editorial_sitemap;http_status=200;robots_indexable=yes;content_metrics_from_rendered_main"
"route:/places/tandil","public_route","/places/tandil","ru","Тандиль — места Аргентины","published_public","not_recorded","not_recorded","review_required","not_recorded","not_recorded","not_recorded","review_required","2","missing","0","not_measured","not_measured","0","0","not_verified","yes","not_measured","HUMAN_REVIEW","Destination editor","present_in_0-error_public_editorial_sitemap;http_status=200;robots_indexable=yes;content_metrics_from_rendered_main"
"route:/places/villa-gesell","public_route","/places/villa-gesell","ru","Вилья-Хесель — места Аргентины","published_public","not_recorded","not_recorded","review_required","not_recorded","not_recorded","not_recorded","review_required","2","missing","0","not_measured","not_measured","0","0","not_verified","yes","not_measured","HUMAN_REVIEW","Destination editor","present_in_0-error_public_editorial_sitemap;http_status=200;robots_indexable=yes;content_metrics_from_rendered_main"
"route:/places/barreal","public_route","/places/barreal","ru","Барреаль и Эль-Леонсито — места Аргентины","published_public","not_recorded","not_recorded","review_required","not_recorded","not_recorded","not_recorded","review_required","2","missing","0","not_measured","not_measured","0","0","not_verified","yes","not_measured","HUMAN_REVIEW","Destination editor","present_in_0-error_public_editorial_sitemap;http_status=200;robots_indexable=yes;content_metrics_from_rendered_main"
"route:/places/la-rioja","public_route","/places/la-rioja","ru","Ла-Риоха — места Аргентины","published_public","not_recorded","not_recorded","review_required","not_recorded","not_recorded","not_recorded","review_required","2","missing","0","not_measured","not_measured","0","0","not_verified","yes","not_measured","HUMAN_REVIEW","Destination editor","present_in_0-error_public_editorial_sitemap;http_status=200;robots_indexable=yes;content_metrics_from_rendered_main"
"route:/places/las-lenas","public_route","/places/las-lenas","ru","Лас-Леньяс — места Аргентины","published_public","not_recorded","not_recorded","review_required","not_recorded","not_recorded","not_recorded","review_required","2","missing","0","not_measured","not_measured","0","0","not_verified","yes","not_measured","HUMAN_REVIEW","Destination editor","present_in_0-error_public_editorial_sitemap;http_status=200;robots_indexable=yes;content_metrics_from_rendered_main"
"route:/places/merlo","public_route","/places/merlo","ru","Мерло — места Аргентины","published_public","not_recorded","not_recorded","review_required","not_recorded","not_recorded","not_recorded","review_required","2","missing","0","not_measured","not_measured","0","0","not_verified","yes","not_measured","HUMAN_REVIEW","Destination editor","present_in_0-error_public_editorial_sitemap;http_status=200;robots_indexable=yes;content_metrics_from_rendered_main"
"route:/places/san-luis","public_route","/places/san-luis","ru","Сан-Луис — места Аргентины","published_public","not_recorded","not_recorded","review_required","not_recorded","not_recorded","not_recorded","review_required","2","missing","0","not_measured","not_measured","0","0","not_verified","yes","not_measured","HUMAN_REVIEW","Destination editor","present_in_0-error_public_editorial_sitemap;http_status=200;robots_indexable=yes;content_metrics_from_rendered_main"
"route:/places/san-rafael","public_route","/places/san-rafael","ru","Сан-Рафаэль — места Аргентины","published_public","not_recorded","not_recorded","review_required","not_recorded","not_recorded","not_recorded","review_required","2","missing","0","not_measured","not_measured","0","0","not_verified","yes","not_measured","HUMAN_REVIEW","Destination editor","present_in_0-error_public_editorial_sitemap;http_status=200;robots_indexable=yes;content_metrics_from_rendered_main"
"route:/places/sierra-de-las-quijadas","public_route","/places/sierra-de-las-quijadas","ru","Национальный парк Сьерра-де-лас-Кихадас — места Аргентины","published_public","not_recorded","not_recorded","review_required","not_recorded","not_recorded","not_recorded","review_required","2","missing","0","not_measured","not_measured","0","0","not_verified","yes","not_measured","HUMAN_REVIEW","Destination editor","present_in_0-error_public_editorial_sitemap;http_status=200;robots_indexable=yes;content_metrics_from_rendered_main"
"route:/places/villavicencio","public_route","/places/villavicencio","ru","Вильявисенсио — места Аргентины","published_public","not_recorded","not_recorded","review_required","not_recorded","not_recorded","not_recorded","review_required","2","missing","0","not_measured","not_measured","0","0","not_verified","yes","not_measured","HUMAN_REVIEW","Destination editor","present_in_0-error_public_editorial_sitemap;http_status=200;robots_indexable=yes;content_metrics_from_rendered_main"
"route:/places/banado-la-estrella","public_route","/places/banado-la-estrella","ru","Баньядо-ла-Эстрелья — места Аргентины","published_public","not_recorded","not_recorded","review_required","not_recorded","not_recorded","not_recorded","review_required","2","missing","0","not_measured","not_measured","0","0","not_verified","yes","not_measured","HUMAN_REVIEW","Destination editor","present_in_0-error_public_editorial_sitemap;http_status=200;robots_indexable=yes;content_metrics_from_rendered_main"
"route:/places/colon-entre-rios","public_route","/places/colon-entre-rios","ru","Колóн — места Аргентины","published_public","not_recorded","not_recorded","review_required","not_recorded","not_recorded","not_recorded","review_required","2","missing","0","not_measured","not_measured","0","0","not_verified","yes","not_measured","HUMAN_REVIEW","Destination editor","present_in_0-error_public_editorial_sitemap;http_status=200;robots_indexable=yes;content_metrics_from_rendered_main"
"route:/places/federacion","public_route","/places/federacion","ru","Федерасьон — места Аргентины","published_public","not_recorded","not_recorded","review_required","not_recorded","not_recorded","not_recorded","review_required","2","missing","0","not_measured","not_measured","0","0","not_verified","yes","not_measured","HUMAN_REVIEW","Destination editor","present_in_0-error_public_editorial_sitemap;http_status=200;robots_indexable=yes;content_metrics_from_rendered_main"
"route:/places/formosa","public_route","/places/formosa","ru","Формоса — места Аргентины","published_public","not_recorded","not_recorded","review_required","not_recorded","not_recorded","not_recorded","review_required","2","missing","0","not_measured","not_measured","0","0","not_verified","yes","not_measured","HUMAN_REVIEW","Destination editor","present_in_0-error_public_editorial_sitemap;http_status=200;robots_indexable=yes;content_metrics_from_rendered_main"
"route:/places/gualeguaychu","public_route","/places/gualeguaychu","ru","Гуалегуайчу — места Аргентины","published_public","not_recorded","not_recorded","review_required","not_recorded","not_recorded","not_recorded","review_required","2","missing","0","not_measured","not_measured","0","0","not_verified","yes","not_measured","HUMAN_REVIEW","Destination editor","present_in_0-error_public_editorial_sitemap;http_status=200;robots_indexable=yes;content_metrics_from_rendered_main"
"route:/places/mercedes-corrientes","public_route","/places/mercedes-corrientes","ru","Мерседес (Корриентес) — места Аргентины","published_public","not_recorded","not_recorded","review_required","not_recorded","not_recorded","not_recorded","review_required","2","missing","0","not_measured","not_measured","0","0","not_verified","yes","not_measured","HUMAN_REVIEW","Destination editor","present_in_0-error_public_editorial_sitemap;http_status=200;robots_indexable=yes;content_metrics_from_rendered_main"
"route:/places/parana","public_route","/places/parana","ru","Парана — места Аргентины","published_public","not_recorded","not_recorded","review_required","not_recorded","not_recorded","not_recorded","review_required","2","missing","0","not_measured","not_measured","0","0","not_verified","yes","not_measured","HUMAN_REVIEW","Destination editor","present_in_0-error_public_editorial_sitemap;http_status=200;robots_indexable=yes;content_metrics_from_rendered_main"
"route:/places/parque-nacional-chaco","public_route","/places/parque-nacional-chaco","ru","Национальный парк Чако — места Аргентины","published_public","not_recorded","not_recorded","review_required","not_recorded","not_recorded","not_recorded","review_required","2","missing","0","not_measured","not_measured","0","0","not_verified","yes","not_measured","HUMAN_REVIEW","Destination editor","present_in_0-error_public_editorial_sitemap;http_status=200;robots_indexable=yes;content_metrics_from_rendered_main"
"route:/places/parque-nacional-el-palmar","public_route","/places/parque-nacional-el-palmar","ru","Национальный парк Эль-Пальмар — места Аргентины","published_public","not_recorded","not_recorded","review_required","not_recorded","not_recorded","not_recorded","review_required","2","missing","0","not_measured","not_measured","0","0","not_verified","yes","not_measured","HUMAN_REVIEW","Destination editor","present_in_0-error_public_editorial_sitemap;http_status=200;robots_indexable=yes;content_metrics_from_rendered_main"
"route:/places/parque-nacional-rio-pilcomayo","public_route","/places/parque-nacional-rio-pilcomayo","ru","Национальный парк Рио-Пилькомайо — места Аргентины","published_public","not_recorded","not_recorded","review_required","not_recorded","not_recorded","not_recorded","review_required","2","missing","0","not_measured","not_measured","0","0","not_verified","yes","not_measured","HUMAN_REVIEW","Destination editor","present_in_0-error_public_editorial_sitemap;http_status=200;robots_indexable=yes;content_metrics_from_rendered_main"
"route:/places/saltos-del-mocona","public_route","/places/saltos-del-mocona","ru","Сальтос-дель-Моконá — места Аргентины","published_public","not_recorded","not_recorded","review_required","not_recorded","not_recorded","not_recorded","review_required","2","missing","0","not_measured","not_measured","0","0","not_verified","yes","not_measured","HUMAN_REVIEW","Destination editor","present_in_0-error_public_editorial_sitemap;http_status=200;robots_indexable=yes;content_metrics_from_rendered_main"
"route:/places/san-ignacio-mini","public_route","/places/san-ignacio-mini","ru","Сан-Игнасио-Мини — места Аргентины","published_public","not_recorded","not_recorded","review_required","not_recorded","not_recorded","not_recorded","review_required","2","missing","0","not_measured","not_measured","0","0","not_verified","yes","not_measured","HUMAN_REVIEW","Destination editor","present_in_0-error_public_editorial_sitemap;http_status=200;robots_indexable=yes;content_metrics_from_rendered_main"
"route:/places/catamarca","public_route","/places/catamarca","ru","Катамарка — места Аргентины","published_public","not_recorded","not_recorded","review_required","not_recorded","not_recorded","not_recorded","review_required","2","missing","0","not_measured","not_measured","0","0","not_verified","yes","not_measured","HUMAN_REVIEW","Destination editor","present_in_0-error_public_editorial_sitemap;http_status=200;robots_indexable=yes;content_metrics_from_rendered_main"
"route:/places/iruya","public_route","/places/iruya","ru","Ирую — места Аргентины","published_public","not_recorded","not_recorded","review_required","not_recorded","not_recorded","not_recorded","review_required","2","missing","0","not_measured","not_measured","0","0","not_verified","yes","not_measured","HUMAN_REVIEW","Destination editor","present_in_0-error_public_editorial_sitemap;http_status=200;robots_indexable=yes;content_metrics_from_rendered_main"
"route:/places/kachi","public_route","/places/kachi","ru","Качи — места Аргентины","published_public","not_recorded","not_recorded","review_required","not_recorded","not_recorded","not_recorded","review_required","2","missing","0","not_measured","not_measured","0","0","not_verified","yes","not_measured","HUMAN_REVIEW","Destination editor","present_in_0-error_public_editorial_sitemap;http_status=200;robots_indexable=yes;content_metrics_from_rendered_main"
"route:/places/los-cardones","public_route","/places/los-cardones","ru","Национальный парк Лос-Кардонес — места Аргентины","published_public","not_recorded","not_recorded","review_required","not_recorded","not_recorded","not_recorded","review_required","2","missing","0","not_measured","not_measured","0","0","not_verified","yes","not_measured","HUMAN_REVIEW","Destination editor","present_in_0-error_public_editorial_sitemap;http_status=200;robots_indexable=yes;content_metrics_from_rendered_main"
"route:/places/ruinas-de-quilmes","public_route","/places/ruinas-de-quilmes","ru","Руины Кильмес — места Аргентины","published_public","not_recorded","not_recorded","review_required","not_recorded","not_recorded","not_recorded","review_required","2","missing","0","not_measured","not_measured","0","0","not_verified","yes","not_measured","HUMAN_REVIEW","Destination editor","present_in_0-error_public_editorial_sitemap;http_status=200;robots_indexable=yes;content_metrics_from_rendered_main"
"route:/places/santiago-del-estero","public_route","/places/santiago-del-estero","ru","Сантьяго-дель-Эстеро — места Аргентины","published_public","not_recorded","not_recorded","review_required","not_recorded","not_recorded","not_recorded","review_required","2","missing","0","not_measured","not_measured","0","0","not_verified","yes","not_measured","HUMAN_REVIEW","Destination editor","present_in_0-error_public_editorial_sitemap;http_status=200;robots_indexable=yes;content_metrics_from_rendered_main"
"route:/places/susques","public_route","/places/susques","ru","Сускес — места Аргентины","published_public","not_recorded","not_recorded","review_required","not_recorded","not_recorded","not_recorded","review_required","2","missing","0","not_measured","not_measured","0","0","not_verified","yes","not_measured","HUMAN_REVIEW","Destination editor","present_in_0-error_public_editorial_sitemap;http_status=200;robots_indexable=yes;content_metrics_from_rendered_main"
"route:/places/tafi-del-valle","public_route","/places/tafi-del-valle","ru","Тафи-дель-Валье — места Аргентины","published_public","not_recorded","not_recorded","review_required","not_recorded","not_recorded","not_recorded","review_required","2","missing","0","not_measured","not_measured","0","0","not_verified","yes","not_measured","HUMAN_REVIEW","Destination editor","present_in_0-error_public_editorial_sitemap;http_status=200;robots_indexable=yes;content_metrics_from_rendered_main"
"route:/places/termas-de-rio-hondo","public_route","/places/termas-de-rio-hondo","ru","Термас-де-Рио-Ондо — места Аргентины","published_public","not_recorded","not_recorded","review_required","not_recorded","not_recorded","not_recorded","review_required","2","missing","0","not_measured","not_measured","0","0","not_verified","yes","not_measured","HUMAN_REVIEW","Destination editor","present_in_0-error_public_editorial_sitemap;http_status=200;robots_indexable=yes;content_metrics_from_rendered_main"
"route:/places/la-cumbrecita","public_route","/places/la-cumbrecita","ru","Ла-Кумбресита и Сьерры Кордовы — места Аргентины","published_public","not_recorded","not_recorded","review_required","not_recorded","not_recorded","not_recorded","review_required","2","missing","0","not_measured","not_measured","0","0","not_verified","yes","not_measured","HUMAN_REVIEW","Destination editor","present_in_0-error_public_editorial_sitemap;http_status=200;robots_indexable=yes;content_metrics_from_rendered_main"
"route:/places/lihue-calel","public_route","/places/lihue-calel","ru","Национальный парк Лиуэ-Калель — места Аргентины","published_public","not_recorded","not_recorded","review_required","not_recorded","not_recorded","not_recorded","review_required","2","missing","0","not_measured","not_measured","0","0","not_verified","yes","not_measured","HUMAN_REVIEW","Destination editor","present_in_0-error_public_editorial_sitemap;http_status=200;robots_indexable=yes;content_metrics_from_rendered_main"
"route:/places/santa-fe","public_route","/places/santa-fe","ru","Санта-Фе — места Аргентины","published_public","not_recorded","not_recorded","review_required","not_recorded","not_recorded","not_recorded","review_required","2","missing","0","not_measured","not_measured","0","0","not_verified","yes","not_measured","HUMAN_REVIEW","Destination editor","present_in_0-error_public_editorial_sitemap;http_status=200;robots_indexable=yes;content_metrics_from_rendered_main"
"route:/places/santa-rosa","public_route","/places/santa-rosa","ru","Санта-Роса — места Аргентины","published_public","not_recorded","not_recorded","review_required","not_recorded","not_recorded","not_recorded","review_required","2","missing","0","not_measured","not_measured","0","0","not_verified","yes","not_measured","HUMAN_REVIEW","Destination editor","present_in_0-error_public_editorial_sitemap;http_status=200;robots_indexable=yes;content_metrics_from_rendered_main"
"route:/places/bosque-petrificado","public_route","/places/bosque-petrificado","ru","Национальный парк Окаменевшие леса Харамільо — места Аргентины","published_public","not_recorded","not_recorded","review_required","not_recorded","not_recorded","not_recorded","review_required","2","missing","0","not_measured","not_measured","0","0","not_verified","yes","not_measured","HUMAN_REVIEW","Destination editor","present_in_0-error_public_editorial_sitemap;http_status=200;robots_indexable=yes;content_metrics_from_rendered_main"
"route:/places/el-bolson","public_route","/places/el-bolson","ru","Эль-Больсон — места Аргентины","published_public","not_recorded","not_recorded","review_required","not_recorded","not_recorded","not_recorded","review_required","2","missing","0","not_measured","not_measured","0","0","not_verified","yes","not_measured","HUMAN_REVIEW","Destination editor","present_in_0-error_public_editorial_sitemap;http_status=200;robots_indexable=yes;content_metrics_from_rendered_main"
"route:/places/lanin","public_route","/places/lanin","ru","Национальный парк Ланин — места Аргентины","published_public","not_recorded","not_recorded","review_required","not_recorded","not_recorded","not_recorded","review_required","2","missing","0","not_measured","not_measured","0","0","not_verified","yes","not_measured","HUMAN_REVIEW","Destination editor","present_in_0-error_public_editorial_sitemap;http_status=200;robots_indexable=yes;content_metrics_from_rendered_main"
"route:/places/los-antiguos","public_route","/places/los-antiguos","ru","Лос-Антигуос — места Аргентины","published_public","not_recorded","not_recorded","review_required","not_recorded","not_recorded","not_recorded","review_required","2","missing","0","not_measured","not_measured","0","0","not_verified","yes","not_measured","HUMAN_REVIEW","Destination editor","present_in_0-error_public_editorial_sitemap;http_status=200;robots_indexable=yes;content_metrics_from_rendered_main"
"route:/places/patagonia-park","public_route","/places/patagonia-park","ru","Национальный парк Патагония — места Аргентины","published_public","not_recorded","not_recorded","review_required","not_recorded","not_recorded","not_recorded","review_required","2","missing","0","not_measured","not_measured","0","0","not_verified","yes","not_measured","HUMAN_REVIEW","Destination editor","present_in_0-error_public_editorial_sitemap;http_status=200;robots_indexable=yes;content_metrics_from_rendered_main"
"route:/places/puerto-deseado","public_route","/places/puerto-deseado","ru","Пуэрто-Десеадо — места Аргентины","published_public","not_recorded","not_recorded","review_required","not_recorded","not_recorded","not_recorded","review_required","2","missing","0","not_measured","not_measured","0","0","not_verified","yes","not_measured","HUMAN_REVIEW","Destination editor","present_in_0-error_public_editorial_sitemap;http_status=200;robots_indexable=yes;content_metrics_from_rendered_main"
"route:/places/punta-tombo","public_route","/places/punta-tombo","ru","Пунта-Томбо — места Аргентины","published_public","not_recorded","not_recorded","review_required","not_recorded","not_recorded","not_recorded","review_required","2","missing","0","not_measured","not_measured","0","0","not_verified","yes","not_measured","HUMAN_REVIEW","Destination editor","present_in_0-error_public_editorial_sitemap;http_status=200;robots_indexable=yes;content_metrics_from_rendered_main"
"route:/collections/patagonia-highlights","public_route","/collections/patagonia-highlights","ru","Жемчужины Патагонии — подборки мест","published_public","not_recorded","not_recorded","review_required","not_recorded","not_recorded","not_recorded","review_required","2","missing","0","not_measured","not_measured","0","0","not_verified","yes","not_measured","HUMAN_REVIEW","Destination editor","present_in_0-error_public_editorial_sitemap;http_status=200;robots_indexable=yes;content_metrics_from_rendered_main"
"route:/collections/northwest-colors","public_route","/collections/northwest-colors","ru","Краски северо-запада — подборки мест","published_public","not_recorded","not_recorded","review_required","not_recorded","not_recorded","not_recorded","review_required","2","missing","0","not_measured","not_measured","0","0","not_verified","yes","not_measured","HUMAN_REVIEW","Destination editor","present_in_0-error_public_editorial_sitemap;http_status=200;robots_indexable=yes;content_metrics_from_rendered_main"
"route:/collections/unesco-heritage","public_route","/collections/unesco-heritage","ru","Объекты UNESCO — подборки мест","published_public","not_recorded","not_recorded","review_required","not_recorded","not_recorded","not_recorded","review_required","2","missing","0","not_measured","not_measured","0","0","not_verified","yes","not_measured","HUMAN_REVIEW","Destination editor","present_in_0-error_public_editorial_sitemap;http_status=200;robots_indexable=yes;content_metrics_from_rendered_main"
"route:/collections/wine-mendoza","public_route","/collections/wine-mendoza","ru","Винный маршрут Мендосы — подборки мест","published_public","not_recorded","not_recorded","review_required","not_recorded","not_recorded","not_recorded","review_required","2","missing","0","not_measured","not_measured","0","0","not_verified","yes","not_measured","HUMAN_REVIEW","Destination editor","present_in_0-error_public_editorial_sitemap;http_status=200;robots_indexable=yes;content_metrics_from_rendered_main"
"route:/collections/best-glaciers","public_route","/collections/best-glaciers","ru","Лучшие ледники Аргентины — подборки мест","published_public","not_recorded","not_recorded","review_required","not_recorded","not_recorded","not_recorded","review_required","2","missing","0","not_measured","not_measured","0","0","not_verified","yes","not_measured","HUMAN_REVIEW","Destination editor","present_in_0-error_public_editorial_sitemap;http_status=200;robots_indexable=yes;content_metrics_from_rendered_main"
"route:/collections/best-waterfalls","public_route","/collections/best-waterfalls","ru","Водопады Игуасу — подборки мест","published_public","not_recorded","not_recorded","review_required","not_recorded","not_recorded","not_recorded","review_required","2","missing","0","not_measured","not_measured","0","0","not_verified","yes","not_measured","HUMAN_REVIEW","Destination editor","present_in_0-error_public_editorial_sitemap;http_status=200;robots_indexable=yes;content_metrics_from_rendered_main"
"route:/collections/best-national-parks","public_route","/collections/best-national-parks","ru","Лучшие национальные парки — подборки мест","published_public","not_recorded","not_recorded","review_required","not_recorded","not_recorded","not_recorded","review_required","2","missing","0","not_measured","not_measured","0","0","not_verified","yes","not_measured","HUMAN_REVIEW","Destination editor","present_in_0-error_public_editorial_sitemap;http_status=200;robots_indexable=yes;content_metrics_from_rendered_main"
"route:/collections/best-trekking","public_route","/collections/best-trekking","ru","Лучшие места для треккинга — подборки мест","published_public","not_recorded","not_recorded","review_required","not_recorded","not_recorded","not_recorded","review_required","2","missing","0","not_measured","not_measured","0","0","not_verified","yes","not_measured","HUMAN_REVIEW","Destination editor","present_in_0-error_public_editorial_sitemap;http_status=200;robots_indexable=yes;content_metrics_from_rendered_main"
"route:/collections/best-for-photographers","public_route","/collections/best-for-photographers","ru","Лучшие места для фотографов — подборки мест","published_public","not_recorded","not_recorded","review_required","not_recorded","not_recorded","not_recorded","review_required","2","missing","0","not_measured","not_measured","0","0","not_verified","yes","not_measured","HUMAN_REVIEW","Destination editor","present_in_0-error_public_editorial_sitemap;http_status=200;robots_indexable=yes;content_metrics_from_rendered_main"
"route:/collections/wildlife-argentina","public_route","/collections/wildlife-argentina","ru","Дикая природа — подборки мест","published_public","not_recorded","not_recorded","review_required","not_recorded","not_recorded","not_recorded","review_required","2","missing","0","not_measured","not_measured","0","0","not_verified","yes","not_measured","HUMAN_REVIEW","Destination editor","present_in_0-error_public_editorial_sitemap;http_status=200;robots_indexable=yes;content_metrics_from_rendered_main"
"route:/collections/week-in-argentina","public_route","/collections/week-in-argentina","ru","Неделя в Аргентине — подборки мест","published_public","not_recorded","not_recorded","review_required","not_recorded","not_recorded","not_recorded","review_required","2","missing","0","not_measured","not_measured","0","0","not_verified","yes","not_measured","HUMAN_REVIEW","Destination editor","present_in_0-error_public_editorial_sitemap;http_status=200;robots_indexable=yes;content_metrics_from_rendered_main"
"route:/collections/two-weeks-argentina","public_route","/collections/two-weeks-argentina","ru","Две недели по Аргентине — подборки мест","published_public","not_recorded","not_recorded","review_required","not_recorded","not_recorded","not_recorded","review_required","2","missing","0","not_measured","not_measured","0","0","not_verified","yes","not_measured","HUMAN_REVIEW","Destination editor","present_in_0-error_public_editorial_sitemap;http_status=200;robots_indexable=yes;content_metrics_from_rendered_main"
"route:/collections/best-patagonia","public_route","/collections/best-patagonia","ru","Лучшее Патагонии — подборки мест","published_public","not_recorded","not_recorded","review_required","not_recorded","not_recorded","not_recorded","review_required","2","missing","0","not_measured","not_measured","0","0","not_verified","yes","not_measured","HUMAN_REVIEW","Destination editor","present_in_0-error_public_editorial_sitemap;http_status=200;robots_indexable=yes;content_metrics_from_rendered_main"
"route:/collections/lake-district","public_route","/collections/lake-district","ru","Озёрный край и Дорога семи озёр — подборки мест","published_public","not_recorded","not_recorded","review_required","not_recorded","not_recorded","not_recorded","review_required","2","missing","0","not_measured","not_measured","0","0","not_verified","yes","not_measured","HUMAN_REVIEW","Destination editor","present_in_0-error_public_editorial_sitemap;http_status=200;robots_indexable=yes;content_metrics_from_rendered_main"
"route:/itineraries/patagonia-classic-10-days","public_route","/itineraries/patagonia-classic-10-days","ru","Классическая Патагония за 10 дней — маршрут | Пора в Аргентину","published_public","not_recorded","not_recorded","review_required","not_recorded","not_recorded","not_recorded","review_required","2","missing","0","not_measured","not_measured","0","0","not_verified","yes","not_measured","HUMAN_REVIEW","Destination editor","present_in_0-error_public_editorial_sitemap;http_status=200;robots_indexable=yes;content_metrics_from_rendered_main"
"route:/itineraries/northwest-7-days","public_route","/itineraries/northwest-7-days","ru","Северо-запад за 7 дней — маршрут | Пора в Аргентину","published_public","not_recorded","not_recorded","review_required","not_recorded","not_recorded","not_recorded","review_required","2","missing","0","not_measured","not_measured","0","0","not_verified","yes","not_measured","HUMAN_REVIEW","Destination editor","present_in_0-error_public_editorial_sitemap;http_status=200;robots_indexable=yes;content_metrics_from_rendered_main"
"route:/itineraries/buenos-aires-iguazu-5-days","public_route","/itineraries/buenos-aires-iguazu-5-days","ru","Буэнос-Айрес + Игуасу за 5 дней — маршрут | Пора в Аргентину","published_public","not_recorded","not_recorded","review_required","not_recorded","not_recorded","not_recorded","review_required","2","missing","0","not_measured","not_measured","0","0","not_verified","yes","not_measured","HUMAN_REVIEW","Destination editor","present_in_0-error_public_editorial_sitemap;http_status=200;robots_indexable=yes;content_metrics_from_rendered_main"
"route:/blog/authors","public_route","/blog/authors","ru","Авторы журнала — блог «Пора в Аргентину»","published_public","not_recorded","not_recorded","review_required","not_recorded","not_recorded","not_recorded","review_required","2","missing","0","not_measured","not_measured","0","0","not_verified","yes","not_measured","HUMAN_REVIEW","Blog editor","present_in_0-error_public_editorial_sitemap;http_status=200;robots_indexable=yes;content_metrics_from_rendered_main"
"route:/blog/authors/redaktsiya","public_route","/blog/authors/redaktsiya","ru","Редакция «Пора в Аргентину» — блог «Пора в Аргентину»","published_public","not_recorded","not_recorded","review_required","not_recorded","not_recorded","not_recorded","review_required","2","missing","0","not_measured","not_measured","0","0","not_verified","yes","not_measured","HUMAN_REVIEW","Blog editor","present_in_0-error_public_editorial_sitemap;http_status=200;robots_indexable=yes;content_metrics_from_rendered_main"
"route:/blog/hub/national-parks","public_route","/blog/hub/national-parks","ru","Национальные парки — блог «Пора в Аргентину»","published_public","not_recorded","not_recorded","review_required","not_recorded","not_recorded","not_recorded","review_required","2","missing","0","not_measured","not_measured","0","0","not_verified","yes","not_measured","HUMAN_REVIEW","Blog editor","present_in_0-error_public_editorial_sitemap;http_status=200;robots_indexable=yes;content_metrics_from_rendered_main"
"route:/blog/hub/putevoditel","public_route","/blog/hub/putevoditel","ru","Путеводитель — блог «Пора в Аргентину»","published_public","not_recorded","not_recorded","review_required","not_recorded","not_recorded","not_recorded","review_required","2","missing","0","not_measured","not_measured","0","0","not_verified","yes","not_measured","HUMAN_REVIEW","Blog editor","present_in_0-error_public_editorial_sitemap;http_status=200;robots_indexable=yes;content_metrics_from_rendered_main"
"route:/blog/hub/patagonia","public_route","/blog/hub/patagonia","ru","Патагония — блог «Пора в Аргентину»","published_public","not_recorded","not_recorded","review_required","not_recorded","not_recorded","not_recorded","review_required","2","missing","0","not_measured","not_measured","0","0","not_verified","yes","not_measured","HUMAN_REVIEW","Blog editor","present_in_0-error_public_editorial_sitemap;http_status=200;robots_indexable=yes;content_metrics_from_rendered_main"
"route:/blog/hub/sever-i-salta","public_route","/blog/hub/sever-i-salta","ru","Север и Сальта — блог «Пора в Аргентину»","published_public","not_recorded","not_recorded","review_required","not_recorded","not_recorded","not_recorded","review_required","2","missing","0","not_measured","not_measured","0","0","not_verified","yes","not_measured","HUMAN_REVIEW","Blog editor","present_in_0-error_public_editorial_sitemap;http_status=200;robots_indexable=yes;content_metrics_from_rendered_main"
"route:/blog/iguazu-%D1%81%D0%BE%D0%B2%D0%B5%D1%82%D1%8B-%D0%BD%D0%BE%D0%B2%D0%B8%D1%87%D0%BA%D0%B0%D0%BC","public_route","/blog/iguazu-%D1%81%D0%BE%D0%B2%D0%B5%D1%82%D1%8B-%D0%BD%D0%BE%D0%B2%D0%B8%D1%87%D0%BA%D0%B0%D0%BC","ru","Водопады Игуасу: полный гид для новичков — с чего начать","published_public","not_recorded","not_recorded","review_required","not_recorded","not_recorded","not_recorded","review_required","2","missing","0","not_measured","not_measured","0","0","not_verified","yes","not_measured","HUMAN_REVIEW","Blog editor","present_in_0-error_public_editorial_sitemap;http_status=200;robots_indexable=yes;content_metrics_from_rendered_main"
"route:/blog/itinerary-%D0%B7%D0%B0-14-%D0%B4%D0%BD%D0%B5%D0%B9","public_route","/blog/itinerary-%D0%B7%D0%B0-14-%D0%B4%D0%BD%D0%B5%D0%B9","ru","Аргентина за 14 дней: маршрут BA, Игуасу, Патагония, Барилоче","published_public","not_recorded","not_recorded","review_required","not_recorded","not_recorded","not_recorded","review_required","2","missing","0","not_measured","not_measured","0","0","not_verified","yes","not_measured","HUMAN_REVIEW","Blog editor","present_in_0-error_public_editorial_sitemap;http_status=200;robots_indexable=yes;content_metrics_from_rendered_main"
"route:/blog/natsionalnyy-park-poluostrov-valdes","public_route","/blog/natsionalnyy-park-poluostrov-valdes","ru","Полуостров Вальдес: киты, пингвины и wildlife — гид 2026","published_public","not_recorded","not_recorded","review_required","not_recorded","not_recorded","not_recorded","review_required","2","missing","0","not_measured","not_measured","0","0","not_verified","yes","not_measured","HUMAN_REVIEW","Blog editor","present_in_0-error_public_editorial_sitemap;http_status=200;robots_indexable=yes;content_metrics_from_rendered_main"
"route:/blog/natsionalnye-parki-argentiny","public_route","/blog/natsionalnye-parki-argentiny","ru","Все национальные парки Аргентины: список и гид 2026","published_public","not_recorded","not_recorded","review_required","not_recorded","not_recorded","not_recorded","review_required","2","missing","0","not_measured","not_measured","0","0","not_verified","yes","not_measured","HUMAN_REVIEW","Blog editor","present_in_0-error_public_editorial_sitemap;http_status=200;robots_indexable=yes;content_metrics_from_rendered_main"
"route:/blog/natsionalnyy-park-ibera","public_route","/blog/natsionalnyy-park-ibera","ru","Парк Ибера: болота Корриентеса и ягуары — гид 2026","published_public","not_recorded","not_recorded","review_required","not_recorded","not_recorded","not_recorded","review_required","2","missing","0","not_measured","not_measured","0","0","not_verified","yes","not_measured","HUMAN_REVIEW","Blog editor","present_in_0-error_public_editorial_sitemap;http_status=200;robots_indexable=yes;content_metrics_from_rendered_main"
"route:/blog/natsionalnyy-park-lanin","public_route","/blog/natsionalnyy-park-lanin","ru","Парк Ланин: вулкан, араукарии и озёра — гид 2026","published_public","not_recorded","not_recorded","review_required","not_recorded","not_recorded","not_recorded","review_required","2","missing","0","not_measured","not_measured","0","0","not_verified","yes","not_measured","HUMAN_REVIEW","Blog editor","present_in_0-error_public_editorial_sitemap;http_status=200;robots_indexable=yes;content_metrics_from_rendered_main"
"route:/blog/natsionalnyy-park-los-alerses","public_route","/blog/natsionalnyy-park-los-alerses","ru","Парк Лос-Алерсес: тысячелетние деревья — гид 2026","published_public","not_recorded","not_recorded","review_required","not_recorded","not_recorded","not_recorded","review_required","2","missing","0","not_measured","not_measured","0","0","not_verified","yes","not_measured","HUMAN_REVIEW","Blog editor","present_in_0-error_public_editorial_sitemap;http_status=200;robots_indexable=yes;content_metrics_from_rendered_main"
"route:/blog/natsionalnyy-park-los-cardones","public_route","/blog/natsionalnyy-park-los-cardones","ru","Парк Лос-Кардонес: кактусы и пустыня Сальты — гид 2026","published_public","not_recorded","not_recorded","review_required","not_recorded","not_recorded","not_recorded","review_required","2","missing","0","not_measured","not_measured","0","0","not_verified","yes","not_measured","HUMAN_REVIEW","Blog editor","present_in_0-error_public_editorial_sitemap;http_status=200;robots_indexable=yes;content_metrics_from_rendered_main"
"route:/blog/natsionalnyy-park-patagonia","public_route","/blog/natsionalnyy-park-patagonia","ru","Парк Патагония: плато, степь и кондоры — гид 2026","published_public","not_recorded","not_recorded","review_required","not_recorded","not_recorded","not_recorded","review_required","2","missing","0","not_measured","not_measured","0","0","not_verified","yes","not_measured","HUMAN_REVIEW","Blog editor","present_in_0-error_public_editorial_sitemap;http_status=200;robots_indexable=yes;content_metrics_from_rendered_main"
"route:/blog/natsionalnyy-park-talampaya","public_route","/blog/natsionalnyy-park-talampaya","ru","Парк Талампая: красный каньон Ла-Риохи — гид 2026","published_public","not_recorded","not_recorded","review_required","not_recorded","not_recorded","not_recorded","review_required","2","missing","0","not_measured","not_measured","0","0","not_verified","yes","not_measured","HUMAN_REVIEW","Blog editor","present_in_0-error_public_editorial_sitemap;http_status=200;robots_indexable=yes;content_metrics_from_rendered_main"
"route:/blog/wildlife-%D1%81-%D0%B3%D0%B8%D0%B4%D0%BE%D0%BC","public_route","/blog/wildlife-%D1%81-%D0%B3%D0%B8%D0%B4%D0%BE%D0%BC","ru","Дикая природа Аргентины: когда нужен гид, а когда можно самому","published_public","not_recorded","not_recorded","review_required","not_recorded","not_recorded","not_recorded","review_required","2","missing","0","not_measured","not_measured","0","0","not_verified","yes","not_measured","HUMAN_REVIEW","Blog editor","present_in_0-error_public_editorial_sitemap;http_status=200;robots_indexable=yes;content_metrics_from_rendered_main"
"route:/blog/banado-la-estrella","public_route","/blog/banado-la-estrella","ru","Баньядо-ла-Эстрелья: призрачные болота Формосы 2026","published_public","not_recorded","not_recorded","review_required","not_recorded","not_recorded","not_recorded","review_required","2","missing","0","not_measured","not_measured","0","0","not_verified","yes","not_measured","HUMAN_REVIEW","Blog editor","present_in_0-error_public_editorial_sitemap;http_status=200;robots_indexable=yes;content_metrics_from_rendered_main"
"route:/blog/ischigualasto-valle-de-la-luna","public_route","/blog/ischigualasto-valle-de-la-luna","ru","Исчигуаласто (Долина Луны): гид по парку 2026","published_public","not_recorded","not_recorded","review_required","not_recorded","not_recorded","not_recorded","review_required","2","missing","0","not_measured","not_measured","0","0","not_verified","yes","not_measured","HUMAN_REVIEW","Blog editor","present_in_0-error_public_editorial_sitemap;http_status=200;robots_indexable=yes;content_metrics_from_rendered_main"
"route:/blog/argentina-2-nedeli-marshrut","public_route","/blog/argentina-2-nedeli-marshrut","ru","Маршрут по Аргентине на 2 недели: план 2026","published_public","not_recorded","not_recorded","review_required","not_recorded","not_recorded","not_recorded","review_required","2","missing","0","not_measured","not_measured","0","0","not_verified","yes","not_measured","HUMAN_REVIEW","Blog editor","present_in_0-error_public_editorial_sitemap;http_status=200;robots_indexable=yes;content_metrics_from_rendered_main"
"route:/blog/argentina-10-dnej-3-nedeli","public_route","/blog/argentina-10-dnej-3-nedeli","ru","Маршрут по Аргентине на 10 дней и 3 недели (2026)","published_public","not_recorded","not_recorded","review_required","not_recorded","not_recorded","not_recorded","review_required","2","missing","0","not_measured","not_measured","0","0","not_verified","yes","not_measured","HUMAN_REVIEW","Blog editor","present_in_0-error_public_editorial_sitemap;http_status=200;robots_indexable=yes;content_metrics_from_rendered_main"
"route:/blog/ruta-40-sem-ozer","public_route","/blog/ruta-40-sem-ozer","ru","Дорога семи озёр и Рута 40: роуд-трип 2026","published_public","not_recorded","not_recorded","review_required","not_recorded","not_recorded","not_recorded","review_required","2","missing","0","not_measured","not_measured","0","0","not_verified","yes","not_measured","HUMAN_REVIEW","Blog editor","present_in_0-error_public_editorial_sitemap;http_status=200;robots_indexable=yes;content_metrics_from_rendered_main"
"route:/blog/vnutrennie-aviabilety-argentina","public_route","/blog/vnutrennie-aviabilety-argentina","ru","Внутренние авиабилеты по Аргентине 2026: как купить","published_public","not_recorded","not_recorded","review_required","not_recorded","not_recorded","not_recorded","review_required","2","missing","0","not_measured","not_measured","0","0","not_verified","yes","not_measured","HUMAN_REVIEW","Blog editor","present_in_0-error_public_editorial_sitemap;http_status=200;robots_indexable=yes;content_metrics_from_rendered_main"
"route:/blog/kak-dobratsya-v-argentinu","public_route","/blog/kak-dobratsya-v-argentinu","ru","Как добраться из России в Аргентину 2026: маршруты","published_public","not_recorded","not_recorded","review_required","not_recorded","not_recorded","not_recorded","review_required","2","missing","0","not_measured","not_measured","0","0","not_verified","yes","not_measured","HUMAN_REVIEW","Blog editor","present_in_0-error_public_editorial_sitemap;http_status=200;robots_indexable=yes;content_metrics_from_rendered_main"
"route:/blog/byudzhet-poezdki-argentina","public_route","/blog/byudzhet-poezdki-argentina","ru","Как рассчитать бюджет поездки по Аргентине","published_public","not_recorded","not_recorded","review_required","not_recorded","not_recorded","not_recorded","review_required","2","missing","0","not_measured","not_measured","0","0","not_verified","yes","not_measured","HUMAN_REVIEW","Blog editor","present_in_0-error_public_editorial_sitemap;http_status=200;robots_indexable=yes;content_metrics_from_rendered_main"
"route:/blog/stoimost-zhizni-buenos-aires","public_route","/blog/stoimost-zhizni-buenos-aires","ru","Как рассчитать стоимость жизни в Буэнос-Айресе","published_public","not_recorded","not_recorded","review_required","not_recorded","not_recorded","not_recorded","review_required","2","missing","0","not_measured","not_measured","0","0","not_verified","yes","not_measured","HUMAN_REVIEW","Blog editor","present_in_0-error_public_editorial_sitemap;http_status=200;robots_indexable=yes;content_metrics_from_rendered_main"
"route:/blog/kak-menyat-dengi-argentina","public_route","/blog/kak-menyat-dengi-argentina","ru","Обмен валюты в Аргентине: безопасный порядок действий","published_public","not_recorded","not_recorded","review_required","not_recorded","not_recorded","not_recorded","review_required","2","missing","0","not_measured","not_measured","0","0","not_verified","yes","not_measured","HUMAN_REVIEW","Blog editor","present_in_0-error_public_editorial_sitemap;http_status=200;robots_indexable=yes;content_metrics_from_rendered_main"
"route:/blog/buenos-aires-rajony","public_route","/blog/buenos-aires-rajony","ru","Буэнос-Айрес: гид по районам — где жить 2026","published_public","not_recorded","not_recorded","review_required","not_recorded","not_recorded","not_recorded","review_required","2","missing","0","not_measured","not_measured","0","0","not_verified","yes","not_measured","HUMAN_REVIEW","Blog editor","present_in_0-error_public_editorial_sitemap;http_status=200;robots_indexable=yes;content_metrics_from_rendered_main"
"route:/blog/mendoza-vinnyj-gid","public_route","/blog/mendoza-vinnyj-gid","ru","Мендоса: винный гид по Аргентине 2026 (Мальбек)","published_public","not_recorded","not_recorded","review_required","not_recorded","not_recorded","not_recorded","review_required","2","missing","0","not_measured","not_measured","0","0","not_verified","yes","not_measured","HUMAN_REVIEW","Blog editor","present_in_0-error_public_editorial_sitemap;http_status=200;robots_indexable=yes;content_metrics_from_rendered_main"
"route:/blog/vnzh-argentina-rezidenciya","public_route","/blog/vnzh-argentina-rezidenciya","ru","ВНЖ Аргентины 2026: все легальные пути и визы","published_public","not_recorded","not_recorded","review_required","not_recorded","not_recorded","not_recorded","review_required","2","missing","0","not_measured","not_measured","0","0","not_verified","yes","not_measured","HUMAN_REVIEW","Blog editor","present_in_0-error_public_editorial_sitemap;http_status=200;robots_indexable=yes;content_metrics_from_rendered_main"
"route:/blog/viza-cifrovogo-kochevnika-argentina","public_route","/blog/viza-cifrovogo-kochevnika-argentina","ru","Виза цифрового кочевника Аргентины: гид 2026","published_public","not_recorded","not_recorded","review_required","not_recorded","not_recorded","not_recorded","review_required","2","missing","0","not_measured","not_measured","0","0","not_verified","yes","not_measured","HUMAN_REVIEW","Blog editor","present_in_0-error_public_editorial_sitemap;http_status=200;robots_indexable=yes;content_metrics_from_rendered_main"
"route:/blog/dni-cuil-argentina","public_route","/blog/dni-cuil-argentina","ru","DNI, CUIL и CUIT для иностранца в Аргентине","published_public","not_recorded","not_recorded","review_required","not_recorded","not_recorded","not_recorded","review_required","2","missing","0","not_measured","not_measured","0","0","not_verified","yes","not_measured","HUMAN_REVIEW","Blog editor","present_in_0-error_public_editorial_sitemap;http_status=200;robots_indexable=yes;content_metrics_from_rendered_main"
"route:/blog/grazhdanstvo-argentiny","public_route","/blog/grazhdanstvo-argentiny","ru","Гражданство Аргентины за 2 года: гид 2026","published_public","not_recorded","not_recorded","review_required","not_recorded","not_recorded","not_recorded","review_required","2","missing","0","not_measured","not_measured","0","0","not_verified","yes","not_measured","HUMAN_REVIEW","Blog editor","present_in_0-error_public_editorial_sitemap;http_status=200;robots_indexable=yes;content_metrics_from_rendered_main"
"route:/blog/bankovskij-schet-argentina","public_route","/blog/bankovskij-schet-argentina","ru","Открытие банковского счёта в Аргентине для иностранца","published_public","not_recorded","not_recorded","review_required","not_recorded","not_recorded","not_recorded","review_required","2","missing","0","not_measured","not_measured","0","0","not_verified","yes","not_measured","HUMAN_REVIEW","Blog editor","present_in_0-error_public_editorial_sitemap;http_status=200;robots_indexable=yes;content_metrics_from_rendered_main"
"route:/blog/natsionalnyy-park-tierra-del-fuego","public_route","/blog/natsionalnyy-park-tierra-del-fuego","ru","Парк Огненная Земля: Ушуайя и край света — гид 2026","published_public","not_recorded","not_recorded","review_required","not_recorded","not_recorded","not_recorded","review_required","2","missing","0","not_measured","not_measured","0","0","not_verified","yes","not_measured","HUMAN_REVIEW","Blog editor","present_in_0-error_public_editorial_sitemap;http_status=200;robots_indexable=yes;content_metrics_from_rendered_main"
"route:/blog/natsionalnyy-park-nauel-uapi","public_route","/blog/natsionalnyy-park-nauel-uapi","ru","Парк Науэль-Уапи: Барилоче, озёра и горы — гид 2026","published_public","not_recorded","not_recorded","review_required","not_recorded","not_recorded","not_recorded","review_required","2","missing","0","not_measured","not_measured","0","0","not_verified","yes","not_measured","HUMAN_REVIEW","Blog editor","present_in_0-error_public_editorial_sitemap;http_status=200;robots_indexable=yes;content_metrics_from_rendered_main"
"route:/blog/natsionalnyy-park-los-glasiares","public_route","/blog/natsionalnyy-park-los-glasiares","ru","Парк Лос-Гласьярес: Перито-Морено и Фицрой, гид 2026","published_public","not_recorded","not_recorded","review_required","not_recorded","not_recorded","not_recorded","review_required","2","missing","0","not_measured","not_measured","0","0","not_verified","yes","not_measured","HUMAN_REVIEW","Blog editor","present_in_0-error_public_editorial_sitemap;http_status=200;robots_indexable=yes;content_metrics_from_rendered_main"
"route:/blog/natsionalnyy-park-iguasu","public_route","/blog/natsionalnyy-park-iguasu","ru","Национальный парк Игуасу: гид 2026, водопады и цены","published_public","not_recorded","not_recorded","review_required","not_recorded","not_recorded","not_recorded","review_required","2","missing","0","not_measured","not_measured","0","0","not_verified","yes","not_measured","HUMAN_REVIEW","Blog editor","present_in_0-error_public_editorial_sitemap;http_status=200;robots_indexable=yes;content_metrics_from_rendered_main"
"route:/blog/northwest-%D1%81%D0%B5%D0%B7%D0%BE%D0%BD-%D0%B4%D0%BE%D0%B6%D0%B4%D0%B5%D0%B9","public_route","/blog/northwest-%D1%81%D0%B5%D0%B7%D0%BE%D0%BD-%D0%B4%D0%BE%D0%B6%D0%B4%D0%B5%D0%B9","ru","Северо-запад Аргентины: Сезон дождей — практический гид","published_public","not_recorded","not_recorded","review_required","not_recorded","not_recorded","not_recorded","review_required","2","missing","0","not_measured","not_measured","0","0","not_verified","yes","not_measured","HUMAN_REVIEW","Blog editor","present_in_0-error_public_editorial_sitemap;http_status=200;robots_indexable=yes;content_metrics_from_rendered_main"
"route:/blog/northwest-%D0%B7%D0%B0-5-%D0%B4%D0%BD%D0%B5%D0%B9","public_route","/blog/northwest-%D0%B7%D0%B0-5-%D0%B4%D0%BD%D0%B5%D0%B9","ru","Северо-запад Аргентины за 5 дней: готовый маршрут по дням","published_public","not_recorded","not_recorded","review_required","not_recorded","not_recorded","not_recorded","review_required","2","missing","0","not_measured","not_measured","0","0","not_verified","yes","not_measured","HUMAN_REVIEW","Blog editor","present_in_0-error_public_editorial_sitemap;http_status=200;robots_indexable=yes;content_metrics_from_rendered_main"
"route:/blog/northwest-%D1%81%D0%B0%D0%BC%D0%BE%D1%81%D1%82%D0%BE%D1%8F%D1%82%D0%B5%D0%BB%D1%8C%D0%BD%D0%BE","public_route","/blog/northwest-%D1%81%D0%B0%D0%BC%D0%BE%D1%81%D1%82%D0%BE%D1%8F%D1%82%D0%B5%D0%BB%D1%8C%D0%BD%D0%BE","ru","Северо-запад Аргентины самостоятельно: пошаговый план","published_public","not_recorded","not_recorded","review_required","not_recorded","not_recorded","not_recorded","review_required","2","missing","0","not_measured","not_measured","0","0","not_verified","yes","not_measured","HUMAN_REVIEW","Blog editor","present_in_0-error_public_editorial_sitemap;http_status=200;robots_indexable=yes;content_metrics_from_rendered_main"
"route:/blog/buenos-aires-%D0%B7%D0%B0-3-%D0%B4%D0%BD%D1%8F","public_route","/blog/buenos-aires-%D0%B7%D0%B0-3-%D0%B4%D0%BD%D1%8F","ru","Буэнос-Айрес за 3 дня: готовый маршрут по дням","published_public","not_recorded","not_recorded","review_required","not_recorded","not_recorded","not_recorded","review_required","2","missing","0","not_measured","not_measured","0","0","not_verified","yes","not_measured","HUMAN_REVIEW","Blog editor","present_in_0-error_public_editorial_sitemap;http_status=200;robots_indexable=yes;content_metrics_from_rendered_main"
"route:/blog/buenos-aires-%D1%81-%D0%B3%D0%B8%D0%B4%D0%BE%D0%BC","public_route","/blog/buenos-aires-%D1%81-%D0%B3%D0%B8%D0%B4%D0%BE%D0%BC","ru","Буэнос-Айрес: когда нужен гид, а когда можно самому","published_public","not_recorded","not_recorded","review_required","not_recorded","not_recorded","not_recorded","review_required","2","missing","0","not_measured","not_measured","0","0","not_verified","yes","not_measured","HUMAN_REVIEW","Blog editor","present_in_0-error_public_editorial_sitemap;http_status=200;robots_indexable=yes;content_metrics_from_rendered_main"
"route:/blog/buenos-aires-%D0%B1%D1%8E%D0%B4%D0%B6%D0%B5%D1%82","public_route","/blog/buenos-aires-%D0%B1%D1%8E%D0%B4%D0%B6%D0%B5%D1%82","ru","Буэнос-Айрес: сколько стоит поездка и как сэкономить","published_public","not_recorded","not_recorded","review_required","not_recorded","not_recorded","not_recorded","review_required","2","missing","0","not_measured","not_measured","0","0","not_verified","yes","not_measured","HUMAN_REVIEW","Blog editor","present_in_0-error_public_editorial_sitemap;http_status=200;robots_indexable=yes;content_metrics_from_rendered_main"
"route:/blog/buenos-aires-%D1%81%D0%BE%D0%B2%D0%B5%D1%82%D1%8B-%D0%BD%D0%BE%D0%B2%D0%B8%D1%87%D0%BA%D0%B0%D0%BC","public_route","/blog/buenos-aires-%D1%81%D0%BE%D0%B2%D0%B5%D1%82%D1%8B-%D0%BD%D0%BE%D0%B2%D0%B8%D1%87%D0%BA%D0%B0%D0%BC","ru","Буэнос-Айрес: полный гид для новичков — с чего начать","published_public","not_recorded","not_recorded","review_required","not_recorded","not_recorded","not_recorded","review_required","2","missing","0","not_measured","not_measured","0","0","not_verified","yes","not_measured","HUMAN_REVIEW","Blog editor","present_in_0-error_public_editorial_sitemap;http_status=200;robots_indexable=yes;content_metrics_from_rendered_main"
"route:/blog/patagonia-%D0%B0%D0%B2%D1%82%D0%BE%D0%B1%D1%83%D1%81%D1%8B","public_route","/blog/patagonia-%D0%B0%D0%B2%D1%82%D0%BE%D0%B1%D1%83%D1%81%D1%8B","ru","Патагония: Междугородние автобусы — практический гид","published_public","not_recorded","not_recorded","review_required","not_recorded","not_recorded","not_recorded","review_required","2","missing","0","not_measured","not_measured","0","0","not_verified","yes","not_measured","HUMAN_REVIEW","Blog editor","present_in_0-error_public_editorial_sitemap;http_status=200;robots_indexable=yes;content_metrics_from_rendered_main"
"route:/blog/patagonia-%D1%81-%D1%87%D0%B5%D0%BC-%D1%81%D0%BE%D0%B2%D0%BC%D0%B5%D1%89%D0%B0%D1%82%D1%8C","public_route","/blog/patagonia-%D1%81-%D1%87%D0%B5%D0%BC-%D1%81%D0%BE%D0%B2%D0%BC%D0%B5%D1%89%D0%B0%D1%82%D1%8C","ru","Патагония: С чем совмещать маршрут — практический гид","published_public","not_recorded","not_recorded","review_required","not_recorded","not_recorded","not_recorded","review_required","2","missing","0","not_measured","not_measured","0","0","not_verified","yes","not_measured","HUMAN_REVIEW","Blog editor","present_in_0-error_public_editorial_sitemap;http_status=200;robots_indexable=yes;content_metrics_from_rendered_main"
"route:/blog/patagonia-mini-trekking","public_route","/blog/patagonia-mini-trekking","ru","Патагония: Мини-треккинг на Perito Moreno — практический гид","published_public","not_recorded","not_recorded","review_required","not_recorded","not_recorded","not_recorded","review_required","2","missing","0","not_measured","not_measured","0","0","not_verified","yes","not_measured","HUMAN_REVIEW","Blog editor","present_in_0-error_public_editorial_sitemap;http_status=200;robots_indexable=yes;content_metrics_from_rendered_main"
"route:/blog/patagonia-%D1%85%D0%BE%D0%BB%D0%BE%D0%B4","public_route","/blog/patagonia-%D1%85%D0%BE%D0%BB%D0%BE%D0%B4","ru","Патагония: Холод и одежда — практический гид","published_public","not_recorded","not_recorded","review_required","not_recorded","not_recorded","not_recorded","review_required","2","missing","0","not_measured","not_measured","0","0","not_verified","yes","not_measured","HUMAN_REVIEW","Blog editor","present_in_0-error_public_editorial_sitemap;http_status=200;robots_indexable=yes;content_metrics_from_rendered_main"
"route:/blog/patagonia-%D0%B2%D0%B5%D1%82%D0%B5%D1%80","public_route","/blog/patagonia-%D0%B2%D0%B5%D1%82%D0%B5%D1%80","ru","Патагония: Ветреная погода — практический гид","published_public","not_recorded","not_recorded","review_required","not_recorded","not_recorded","not_recorded","review_required","2","missing","0","not_measured","not_measured","0","0","not_verified","yes","not_measured","HUMAN_REVIEW","Blog editor","present_in_0-error_public_editorial_sitemap;http_status=200;robots_indexable=yes;content_metrics_from_rendered_main"
"route:/blog/patagonia-camping","public_route","/blog/patagonia-camping","ru","Патагония: Кемпинг — практический гид","published_public","not_recorded","not_recorded","review_required","not_recorded","not_recorded","not_recorded","review_required","2","missing","0","not_measured","not_measured","0","0","not_verified","yes","not_measured","HUMAN_REVIEW","Blog editor","present_in_0-error_public_editorial_sitemap;http_status=200;robots_indexable=yes;content_metrics_from_rendered_main"
"route:/blog/patagonia-%D0%B7%D0%B0-14-%D0%B4%D0%BD%D0%B5%D0%B9","public_route","/blog/patagonia-%D0%B7%D0%B0-14-%D0%B4%D0%BD%D0%B5%D0%B9","ru","Патагония за 14 дней: готовый маршрут по дням","published_public","not_recorded","not_recorded","review_required","not_recorded","not_recorded","not_recorded","review_required","2","missing","0","not_measured","not_measured","0","0","not_verified","yes","not_measured","HUMAN_REVIEW","Blog editor","present_in_0-error_public_editorial_sitemap;http_status=200;robots_indexable=yes;content_metrics_from_rendered_main"
"route:/blog/patagonia-%D0%B7%D0%B0-10-%D0%B4%D0%BD%D0%B5%D0%B9","public_route","/blog/patagonia-%D0%B7%D0%B0-10-%D0%B4%D0%BD%D0%B5%D0%B9","ru","Патагония за 10 дней: готовый маршрут по дням","published_public","not_recorded","not_recorded","review_required","not_recorded","not_recorded","not_recorded","review_required","2","missing","0","not_measured","not_measured","0","0","not_verified","yes","not_measured","HUMAN_REVIEW","Blog editor","present_in_0-error_public_editorial_sitemap;http_status=200;robots_indexable=yes;content_metrics_from_rendered_main"
"route:/blog/patagonia-%D0%B7%D0%B0-7-%D0%B4%D0%BD%D0%B5%D0%B9","public_route","/blog/patagonia-%D0%B7%D0%B0-7-%D0%B4%D0%BD%D0%B5%D0%B9","ru","Патагония за 7 дней: готовый маршрут по дням","published_public","not_recorded","not_recorded","review_required","not_recorded","not_recorded","not_recorded","review_required","2","missing","0","not_measured","not_measured","0","0","not_verified","yes","not_measured","HUMAN_REVIEW","Blog editor","present_in_0-error_public_editorial_sitemap;http_status=200;robots_indexable=yes;content_metrics_from_rendered_main"
"route:/blog/patagonia-%D0%B7%D0%B0-5-%D0%B4%D0%BD%D0%B5%D0%B9","public_route","/blog/patagonia-%D0%B7%D0%B0-5-%D0%B4%D0%BD%D0%B5%D0%B9","ru","Патагония за 5 дней: готовый маршрут по дням","published_public","not_recorded","not_recorded","review_required","not_recorded","not_recorded","not_recorded","review_required","2","missing","0","not_measured","not_measured","0","0","not_verified","yes","not_measured","HUMAN_REVIEW","Blog editor","present_in_0-error_public_editorial_sitemap;http_status=200;robots_indexable=yes;content_metrics_from_rendered_main"
"route:/blog/patagonia-%D0%B7%D0%B0-3-%D0%B4%D0%BD%D1%8F","public_route","/blog/patagonia-%D0%B7%D0%B0-3-%D0%B4%D0%BD%D1%8F","ru","Патагония за 3 дня: готовый маршрут по дням","published_public","not_recorded","not_recorded","review_required","not_recorded","not_recorded","not_recorded","review_required","2","missing","0","not_measured","not_measured","0","0","not_verified","yes","not_measured","HUMAN_REVIEW","Blog editor","present_in_0-error_public_editorial_sitemap;http_status=200;robots_indexable=yes;content_metrics_from_rendered_main"
"route:/blog/patagonia-%D1%84%D0%BE%D1%82%D0%BE","public_route","/blog/patagonia-%D1%84%D0%BE%D1%82%D0%BE","ru","Патагония: Фотосъёмка — практический гид","published_public","not_recorded","not_recorded","review_required","not_recorded","not_recorded","not_recorded","review_required","2","missing","0","not_measured","not_measured","0","0","not_verified","yes","not_measured","HUMAN_REVIEW","Blog editor","present_in_0-error_public_editorial_sitemap;http_status=200;robots_indexable=yes;content_metrics_from_rendered_main"
"route:/blog/patagonia-%D0%BE%D1%88%D0%B8%D0%B1%D0%BA%D0%B8","public_route","/blog/patagonia-%D0%BE%D1%88%D0%B8%D0%B1%D0%BA%D0%B8","ru","Патагония: 10 типичных ошибок туристов","published_public","not_recorded","not_recorded","review_required","not_recorded","not_recorded","not_recorded","review_required","2","missing","0","not_measured","not_measured","0","0","not_verified","yes","not_measured","HUMAN_REVIEW","Blog editor","present_in_0-error_public_editorial_sitemap;http_status=200;robots_indexable=yes;content_metrics_from_rendered_main"
"route:/blog/patagonia-%D1%87%D0%B5%D0%BA-%D0%BB%D0%B8%D1%81%D1%82","public_route","/blog/patagonia-%D1%87%D0%B5%D0%BA-%D0%BB%D0%B8%D1%81%D1%82","ru","Патагония: чек-лист перед поездкой","published_public","not_recorded","not_recorded","review_required","not_recorded","not_recorded","not_recorded","review_required","2","missing","0","not_measured","not_measured","0","0","not_verified","yes","not_measured","HUMAN_REVIEW","Blog editor","present_in_0-error_public_editorial_sitemap;http_status=200;robots_indexable=yes;content_metrics_from_rendered_main"
"route:/blog/patagonia-%D1%81%D0%B0%D0%BC%D0%BE%D1%81%D1%82%D0%BE%D1%8F%D1%82%D0%B5%D0%BB%D1%8C%D0%BD%D0%BE","public_route","/blog/patagonia-%D1%81%D0%B0%D0%BC%D0%BE%D1%81%D1%82%D0%BE%D1%8F%D1%82%D0%B5%D0%BB%D1%8C%D0%BD%D0%BE","ru","Патагония самостоятельно: пошаговый план","published_public","not_recorded","not_recorded","review_required","not_recorded","not_recorded","not_recorded","review_required","2","missing","0","not_measured","not_measured","0","0","not_verified","yes","not_measured","HUMAN_REVIEW","Blog editor","present_in_0-error_public_editorial_sitemap;http_status=200;robots_indexable=yes;content_metrics_from_rendered_main"
"route:/blog/patagonia-%D1%81-%D0%B3%D0%B8%D0%B4%D0%BE%D0%BC","public_route","/blog/patagonia-%D1%81-%D0%B3%D0%B8%D0%B4%D0%BE%D0%BC","ru","Патагония: когда нужен гид, а когда можно самому","published_public","not_recorded","not_recorded","review_required","not_recorded","not_recorded","not_recorded","review_required","2","missing","0","not_measured","not_measured","0","0","not_verified","yes","not_measured","HUMAN_REVIEW","Blog editor","present_in_0-error_public_editorial_sitemap;http_status=200;robots_indexable=yes;content_metrics_from_rendered_main"
"route:/blog/patagonia-%D0%BE%D1%81%D0%B5%D0%BD%D1%8C%D1%8E","public_route","/blog/patagonia-%D0%BE%D1%81%D0%B5%D0%BD%D1%8C%D1%8E","ru","Патагония осенью: погода, одежда и что успеть","published_public","not_recorded","not_recorded","review_required","not_recorded","not_recorded","not_recorded","review_required","2","missing","0","not_measured","not_measured","0","0","not_verified","yes","not_measured","HUMAN_REVIEW","Blog editor","present_in_0-error_public_editorial_sitemap;http_status=200;robots_indexable=yes;content_metrics_from_rendered_main"
"route:/blog/patagonia-%D0%BB%D0%B5%D1%82%D0%BE%D0%BC","public_route","/blog/patagonia-%D0%BB%D0%B5%D1%82%D0%BE%D0%BC","ru","Патагония летом: погода, одежда и что успеть","published_public","not_recorded","not_recorded","review_required","not_recorded","not_recorded","not_recorded","review_required","2","missing","0","not_measured","not_measured","0","0","not_verified","yes","not_measured","HUMAN_REVIEW","Blog editor","present_in_0-error_public_editorial_sitemap;http_status=200;robots_indexable=yes;content_metrics_from_rendered_main"
"route:/blog/patagonia-%D0%B2%D0%B5%D1%81%D0%BD%D0%BE%D0%B9","public_route","/blog/patagonia-%D0%B2%D0%B5%D1%81%D0%BD%D0%BE%D0%B9","ru","Патагония весной: погода, одежда и что успеть","published_public","not_recorded","not_recorded","review_required","not_recorded","not_recorded","not_recorded","review_required","2","missing","0","not_measured","not_measured","0","0","not_verified","yes","not_measured","HUMAN_REVIEW","Blog editor","present_in_0-error_public_editorial_sitemap;http_status=200;robots_indexable=yes;content_metrics_from_rendered_main"
"route:/blog/patagonia-%D0%B7%D0%B8%D0%BC%D0%BE%D0%B9","public_route","/blog/patagonia-%D0%B7%D0%B8%D0%BC%D0%BE%D0%B9","ru","Патагония зимой: погода, одежда и что успеть","published_public","not_recorded","not_recorded","review_required","not_recorded","not_recorded","not_recorded","review_required","2","missing","0","not_measured","not_measured","0","0","not_verified","yes","not_measured","HUMAN_REVIEW","Blog editor","present_in_0-error_public_editorial_sitemap;http_status=200;robots_indexable=yes;content_metrics_from_rendered_main"
"route:/blog/patagonia-%D1%81-%D1%80%D0%B5%D0%B1%D1%91%D0%BD%D0%BA%D0%BE%D0%BC","public_route","/blog/patagonia-%D1%81-%D1%80%D0%B5%D0%B1%D1%91%D0%BD%D0%BA%D0%BE%D0%BC","ru","Патагония с ребёнком: маршрут, жильё и безопасность","published_public","not_recorded","not_recorded","review_required","not_recorded","not_recorded","not_recorded","review_required","2","missing","0","not_measured","not_measured","0","0","not_verified","yes","not_measured","HUMAN_REVIEW","Blog editor","present_in_0-error_public_editorial_sitemap;http_status=200;robots_indexable=yes;content_metrics_from_rendered_main"
"route:/blog/iguazu-garganta-del-diablo","public_route","/blog/iguazu-garganta-del-diablo","ru","Garganta del Diablo (Глотка Дьявола): как посмотреть главный каскад…","published_public","not_recorded","not_recorded","review_required","not_recorded","not_recorded","not_recorded","review_required","2","missing","0","not_measured","not_measured","0","0","not_verified","yes","not_measured","HUMAN_REVIEW","Blog editor","present_in_0-error_public_editorial_sitemap;http_status=200;robots_indexable=yes;content_metrics_from_rendered_main"
"route:/blog/patagonia-%D1%81%D0%BE%D0%B2%D0%B5%D1%82%D1%8B-%D0%BD%D0%BE%D0%B2%D0%B8%D1%87%D0%BA%D0%B0%D0%BC","public_route","/blog/patagonia-%D1%81%D0%BE%D0%B2%D0%B5%D1%82%D1%8B-%D0%BD%D0%BE%D0%B2%D0%B8%D1%87%D0%BA%D0%B0%D0%BC","ru","Патагония: полный гид для новичков — с чего начать","published_public","not_recorded","not_recorded","review_required","not_recorded","not_recorded","not_recorded","review_required","2","missing","0","not_measured","not_measured","0","0","not_verified","yes","not_measured","HUMAN_REVIEW","Blog editor","present_in_0-error_public_editorial_sitemap;http_status=200;robots_indexable=yes;content_metrics_from_rendered_main"
"route:/blog/patagonia-penguins","public_route","/blog/patagonia-penguins","ru","Патагония: пингвины — практический гид","published_public","not_recorded","not_recorded","review_required","not_recorded","not_recorded","not_recorded","review_required","2","missing","0","not_measured","not_measured","0","0","not_verified","yes","not_measured","HUMAN_REVIEW","Blog editor","present_in_0-error_public_editorial_sitemap;http_status=200;robots_indexable=yes;content_metrics_from_rendered_main"
"route:/blog/patagonia-whale-watching","public_route","/blog/patagonia-whale-watching","ru","Наблюдение за китами в Аргентине: полуостров Вальдес, сезоны и…","published_public","not_recorded","not_recorded","review_required","not_recorded","not_recorded","not_recorded","review_required","2","missing","0","not_measured","not_measured","0","0","not_verified","yes","not_measured","HUMAN_REVIEW","Blog editor","present_in_0-error_public_editorial_sitemap;http_status=200;robots_indexable=yes;content_metrics_from_rendered_main"
"route:/blog/argentinian-steak-guide","public_route","/blog/argentinian-steak-guide","ru","Аргентинский стейк: asado и parrilla","published_public","not_recorded","not_recorded","review_required","not_recorded","not_recorded","not_recorded","review_required","2","missing","0","not_measured","not_measured","0","0","not_verified","yes","not_measured","HUMAN_REVIEW","Blog editor","present_in_0-error_public_editorial_sitemap;http_status=200;robots_indexable=yes;content_metrics_from_rendered_main"
"route:/blog/tango-beginners-guide","public_route","/blog/tango-beginners-guide","ru","Танго для начинающих: милонга и первые шаги","published_public","not_recorded","not_recorded","review_required","not_recorded","not_recorded","not_recorded","review_required","2","missing","0","not_measured","not_measured","0","0","not_verified","yes","not_measured","HUMAN_REVIEW","Blog editor","present_in_0-error_public_editorial_sitemap;http_status=200;robots_indexable=yes;content_metrics_from_rendered_main"
"route:/blog/patagonia-packing-list","public_route","/blog/patagonia-packing-list","ru","Что взять в Патагонию: полный список вещей для путешествия","published_public","not_recorded","not_recorded","review_required","not_recorded","not_recorded","not_recorded","review_required","2","missing","0","not_measured","not_measured","0","0","not_verified","yes","not_measured","HUMAN_REVIEW","Blog editor","present_in_0-error_public_editorial_sitemap;http_status=200;robots_indexable=yes;content_metrics_from_rendered_main"
"route:/guide/sezony-i-klimat","public_route","/guide/sezony-i-klimat","ru","Сезоны и климат в Аргентине","published_public","not_recorded","not_recorded","review_required","not_recorded","not_recorded","not_recorded","review_required","2","missing","0","not_measured","not_measured","0","0","not_verified","yes","not_measured","HUMAN_REVIEW","Guide editor","present_in_0-error_public_editorial_sitemap;http_status=200;robots_indexable=yes;content_metrics_from_rendered_main"
"route:/guide/gastronomiya-i-asado","public_route","/guide/gastronomiya-i-asado","ru","Гастрономия и asado","published_public","not_recorded","not_recorded","review_required","not_recorded","not_recorded","not_recorded","review_required","2","missing","0","not_measured","not_measured","0","0","not_verified","yes","not_measured","HUMAN_REVIEW","Guide editor","present_in_0-error_public_editorial_sitemap;http_status=200;robots_indexable=yes;content_metrics_from_rendered_main"
"route:/guide/tango-i-kultura-ba","public_route","/guide/tango-i-kultura-ba","ru","Танго и культура Буэнос-Айреса","published_public","not_recorded","not_recorded","review_required","not_recorded","not_recorded","not_recorded","review_required","2","missing","0","not_measured","not_measured","0","0","not_verified","yes","not_measured","HUMAN_REVIEW","Guide editor","present_in_0-error_public_editorial_sitemap;http_status=200;robots_indexable=yes;content_metrics_from_rendered_main"
"route:/guide/patagoniya-s-chego-nachat","public_route","/guide/patagoniya-s-chego-nachat","ru","Патагония: с чего начать","published_public","not_recorded","not_recorded","review_required","not_recorded","not_recorded","not_recorded","review_required","2","missing","0","not_measured","not_measured","0","0","not_verified","yes","not_measured","HUMAN_REVIEW","Guide editor","present_in_0-error_public_editorial_sitemap;http_status=200;robots_indexable=yes;content_metrics_from_rendered_main"
"route:/guide/bronirovanie-i-oplata","public_route","/guide/bronirovanie-i-oplata","ru","Бронирование и оплата на платформе","published_public","not_recorded","not_recorded","review_required","not_recorded","not_recorded","not_recorded","review_required","2","missing","0","not_measured","not_measured","0","0","not_verified","yes","not_measured","HUMAN_REVIEW","Guide editor","present_in_0-error_public_editorial_sitemap;http_status=200;robots_indexable=yes;content_metrics_from_rendered_main"
"route:/flights/mow-bue","public_route","/flights/mow-bue","ru","Москва → Буэнос-Айрес — авиабилеты","published_public","not_recorded","not_recorded","review_required","not_recorded","not_recorded","not_recorded","review_required","2","missing","0","not_measured","not_measured","0","0","not_verified","yes","not_measured","HUMAN_REVIEW","Product content owner","present_in_0-error_public_editorial_sitemap;http_status=200;robots_indexable=yes;content_metrics_from_rendered_main"
"route:/flights/bue-brc","public_route","/flights/bue-brc","ru","Буэнос-Айрес → Барилоче — авиабилеты","published_public","not_recorded","not_recorded","review_required","not_recorded","not_recorded","not_recorded","review_required","2","missing","0","not_measured","not_measured","0","0","not_verified","yes","not_measured","HUMAN_REVIEW","Product content owner","present_in_0-error_public_editorial_sitemap;http_status=200;robots_indexable=yes;content_metrics_from_rendered_main"
"route:/flights/bue-ush","public_route","/flights/bue-ush","ru","Буэнос-Айрес → Ушуайя — авиабилеты","published_public","not_recorded","not_recorded","review_required","not_recorded","not_recorded","not_recorded","review_required","2","missing","0","not_measured","not_measured","0","0","not_verified","yes","not_measured","HUMAN_REVIEW","Product content owner","present_in_0-error_public_editorial_sitemap;http_status=200;robots_indexable=yes;content_metrics_from_rendered_main"
"route:/flights/bue-fte","public_route","/flights/bue-fte","ru","Буэнос-Айрес → Эль-Калафате — авиабилеты","published_public","not_recorded","not_recorded","review_required","not_recorded","not_recorded","not_recorded","review_required","2","missing","0","not_measured","not_measured","0","0","not_verified","yes","not_measured","HUMAN_REVIEW","Product content owner","present_in_0-error_public_editorial_sitemap;http_status=200;robots_indexable=yes;content_metrics_from_rendered_main"
"route:/flights/bue-sla","public_route","/flights/bue-sla","ru","Буэнос-Айрес → Сальта — авиабилеты","published_public","not_recorded","not_recorded","review_required","not_recorded","not_recorded","not_recorded","review_required","2","missing","0","not_measured","not_measured","0","0","not_verified","yes","not_measured","HUMAN_REVIEW","Product content owner","present_in_0-error_public_editorial_sitemap;http_status=200;robots_indexable=yes;content_metrics_from_rendered_main"
"route:/flights/bue-mdz","public_route","/flights/bue-mdz","ru","Буэнос-Айрес → Мендоса — авиабилеты","published_public","not_recorded","not_recorded","review_required","not_recorded","not_recorded","not_recorded","review_required","2","missing","0","not_measured","not_measured","0","0","not_verified","yes","not_measured","HUMAN_REVIEW","Product content owner","present_in_0-error_public_editorial_sitemap;http_status=200;robots_indexable=yes;content_metrics_from_rendered_main"
"route:/flights/bue-igr","public_route","/flights/bue-igr","ru","Буэнос-Айрес → Игуасу — авиабилеты","published_public","not_recorded","not_recorded","review_required","not_recorded","not_recorded","not_recorded","review_required","2","missing","0","not_measured","not_measured","0","0","not_verified","yes","not_measured","HUMAN_REVIEW","Product content owner","present_in_0-error_public_editorial_sitemap;http_status=200;robots_indexable=yes;content_metrics_from_rendered_main"
