id,type,url,title,action,priority,owner,status,reason,source_path,evidence
kb:aconcagua-provincial-park,national_park,/baza-znaniy/aconcagua-provincial-park,Провинциальный парк Аконкагуа,KEEP,P3,unassigned,open,baseline_quality_pass,content/knowledge-base/natsionalnye-parki/aconcagua-provincial-park.md,content-quality-score.csv#kb:aconcagua-provincial-park
kb:aep-eze-stykovka,author_tip,/baza-znaniy/aep-eze-stykovka,"AEP и EZE — два разных аэропорта Буэнос-Айреса, и тугая стыковка между ними рушит планы",KEEP,P3,unassigned,open,baseline_quality_pass,content/knowledge-base/lichnyy-opyt/aep-eze-stykovka.md,content-quality-score.csv#kb:aep-eze-stykovka
kb:aeroporty,transport,/baza-znaniy/aeroporty,Аэропорты Аргентины и трансферы в город,KEEP,P3,unassigned,open,baseline_quality_pass,content/knowledge-base/transport/aeroporty.md,content-quality-score.csv#kb:aeroporty
kb:aktualen-li-blue-dollar,faq,/baza-znaniy/aktualen-li-blue-dollar,Актуален ли «блю-доллар» в Аргентине в 2026 году?,LEGAL_REVIEW,P0,unassigned,open,quality=53|sensitive_without_reviewer|missing_primary_source,content/knowledge-base/faq/aktualen-li-blue-dollar.md,content-quality-score.csv#kb:aktualen-li-blue-dollar
kb:alero-charcamata,attraction,/baza-znaniy/alero-charcamata,Alero Charcamata,EXPAND,P2,unassigned,open,status=stub|quality=78,content/knowledge-base/dostoprimechatelnosti/alero-charcamata.md,content-quality-score.csv#kb:alero-charcamata
kb:alersesy-skrytye-ozyora,author_tip,/baza-znaniy/alersesy-skrytye-ozyora,"Лос-Алерсес: рыбалка и каяк на тихих озёрах, которые пропускают ради одного дерева",KEEP,P3,unassigned,open,baseline_quality_pass,content/knowledge-base/lichnyy-opyt/alersesy-skrytye-ozyora.md,content-quality-score.csv#kb:alersesy-skrytye-ozyora
kb:almacenes-de-ramos-generales-en-la-pampa,attraction,/baza-znaniy/almacenes-de-ramos-generales-en-la-pampa,Общие букетные магазины в Ла-Пампа,KEEP,P3,unassigned,open,baseline_quality_pass,content/knowledge-base/dostoprimechatelnosti/almacenes-de-ramos-generales-en-la-pampa.md,content-quality-score.csv#kb:almacenes-de-ramos-generales-en-la-pampa
kb:alumine,attraction,/baza-znaniy/alumine,Aluminé,EXPAND,P2,unassigned,open,status=stub|quality=78,content/knowledge-base/dostoprimechatelnosti/alumine.md,content-quality-score.csv#kb:alumine
kb:amaicha-del-valle-y-ciudad-sagrada-de-los-quilmes,attraction,/baza-znaniy/amaicha-del-valle-y-ciudad-sagrada-de-los-quilmes,Amaicha del Valle and Sagrada de los Quilmes City,LEGAL_REVIEW,P0,unassigned,open,status=stub|quality=67|sensitive_without_reviewer,content/knowledge-base/dostoprimechatelnosti/amaicha-del-valle-y-ciudad-sagrada-de-los-quilmes.md,content-quality-score.csv#kb:amaicha-del-valle-y-ciudad-sagrada-de-los-quilmes
kb:andinismo-y-montanismo-en-neuquen,attraction,/baza-znaniy/andinismo-y-montanismo-en-neuquen,Mountaineering in Neuquén,EXPAND,P2,unassigned,open,status=stub|quality=78,content/knowledge-base/dostoprimechatelnosti/andinismo-y-montanismo-en-neuquen.md,content-quality-score.csv#kb:andinismo-y-montanismo-en-neuquen
kb:angastaco,attraction,/baza-znaniy/angastaco,Angastaco,EXPAND,P2,unassigned,open,status=stub|quality=78,content/knowledge-base/dostoprimechatelnosti/angastaco.md,content-quality-score.csv#kb:angastaco
kb:antofagasta-de-la-sierra,attraction,/baza-znaniy/antofagasta-de-la-sierra,Antofagasta de la Sierra,EXPAND,P2,unassigned,open,status=stub|quality=78,content/knowledge-base/dostoprimechatelnosti/antofagasta-de-la-sierra.md,content-quality-score.csv#kb:antofagasta-de-la-sierra
kb:apostil-i-perevod-dokumentov,guide,/baza-znaniy/apostil-i-perevod-dokumentov,Апостиль и присяжный перевод документов для Аргентины,LEGAL_REVIEW,P0,unassigned,open,sensitive_without_reviewer,content/knowledge-base/pereezd/apostil-i-perevod-dokumentov.md,content-quality-score.csv#kb:apostil-i-perevod-dokumentov
kb:area-natural-protegida-rio-limay,attraction,/baza-znaniy/area-natural-protegida-rio-limay,Limay River Protected Natural Area,EXPAND,P2,unassigned,open,status=stub|quality=78,content/knowledge-base/dostoprimechatelnosti/area-natural-protegida-rio-limay.md,content-quality-score.csv#kb:area-natural-protegida-rio-limay
kb:arenda-avto-i-vozhdenie,transport,/baza-znaniy/arenda-avto-i-vozhdenie,Аренда авто и вождение в Аргентине,KEEP,P3,unassigned,open,baseline_quality_pass,content/knowledge-base/transport/arenda-avto-i-vozhdenie.md,content-quality-score.csv#kb:arenda-avto-i-vozhdenie
kb:argentina-10-dney,route,/baza-znaniy/argentina-10-dney,Маршрут по Аргентине на 10 дней,KEEP,P3,unassigned,open,baseline_quality_pass,content/knowledge-base/marshruty/argentina-10-dney.md,content-quality-score.csv#kb:argentina-10-dney
kb:argentina-2-nedeli,route,/baza-znaniy/argentina-2-nedeli,Маршрут по Аргентине на 2 недели,KEEP,P3,unassigned,open,baseline_quality_pass,content/knowledge-base/marshruty/argentina-2-nedeli.md,content-quality-score.csv#kb:argentina-2-nedeli
kb:argentina-3-nedeli,route,/baza-znaniy/argentina-3-nedeli,Маршрут по Аргентине на 3 недели (гранд-тур),KEEP,P3,unassigned,open,baseline_quality_pass,content/knowledge-base/marshruty/argentina-3-nedeli.md,content-quality-score.csv#kb:argentina-3-nedeli
kb:argentina-vs-drugie-strany,guide,/baza-znaniy/argentina-vs-drugie-strany,Аргентина или другая страна: честное сравнение для переезда,LEGAL_REVIEW,P0,unassigned,open,quality=58|sensitive_without_reviewer|missing_primary_source,content/knowledge-base/pereezd/argentina-vs-drugie-strany.md,content-quality-score.csv#kb:argentina-vs-drugie-strany
kb:arte-urbano-en-buenos-aires,attraction,/baza-znaniy/arte-urbano-en-buenos-aires,Стрит-арт в Буэнос-Айресе,KEEP,P3,unassigned,open,baseline_quality_pass,content/knowledge-base/dostoprimechatelnosti/arte-urbano-en-buenos-aires.md,content-quality-score.csv#kb:arte-urbano-en-buenos-aires
kb:artesania-formosena,attraction,/baza-znaniy/artesania-formosena,Handicrafts in Formosa,EXPAND,P2,unassigned,open,status=stub|quality=78,content/knowledge-base/dostoprimechatelnosti/artesania-formosena.md,content-quality-score.csv#kb:artesania-formosena
kb:asado,guide,/baza-znaniy/asado,Асадо: аргентинское барбекю от ритуала до отрубов,KEEP,P3,unassigned,open,baseline_quality_pass,content/knowledge-base/kultura/asado.md,content-quality-score.csv#kb:asado
kb:astroturismo-en-san-juan,attraction,/baza-znaniy/astroturismo-en-san-juan,Astrotourism in San Juan,EXPAND,P2,unassigned,open,status=stub|quality=78,content/knowledge-base/dostoprimechatelnosti/astroturismo-en-san-juan.md,content-quality-score.csv#kb:astroturismo-en-san-juan
kb:autodromo-internacional-de-rio-hondo,attraction,/baza-znaniy/autodromo-internacional-de-rio-hondo,Río Hondo International Racetrack,EXPAND,P2,unassigned,open,status=stub|quality=78,content/knowledge-base/dostoprimechatelnosti/autodromo-internacional-de-rio-hondo.md,content-quality-score.csv#kb:autodromo-internacional-de-rio-hondo
kb:avellaneda,attraction,/baza-znaniy/avellaneda,Avellaneda,EXPAND,P2,unassigned,open,status=stub|quality=78,content/knowledge-base/dostoprimechatelnosti/avellaneda.md,content-quality-score.csv#kb:avellaneda
kb:aventura-en-la-patagonia-andina,attraction,/baza-znaniy/aventura-en-la-patagonia-andina,Aventura en la Патагония andina,EXPAND,P2,unassigned,open,status=stub|quality=78,content/knowledge-base/dostoprimechatelnosti/aventura-en-la-patagonia-andina.md,content-quality-score.csv#kb:aventura-en-la-patagonia-andina
kb:aventura-submarina-en-puerto-madryn,attraction,/baza-znaniy/aventura-submarina-en-puerto-madryn,Submarine adventure in Puerto Madryn,EXPAND,P2,unassigned,open,status=stub|quality=78,content/knowledge-base/dostoprimechatelnosti/aventura-submarina-en-puerto-madryn.md,content-quality-score.csv#kb:aventura-submarina-en-puerto-madryn
kb:aves-del-chaco,attraction,/baza-znaniy/aves-del-chaco,Birds from Chaco,EXPAND,P2,unassigned,open,status=stub|quality=78,content/knowledge-base/dostoprimechatelnosti/aves-del-chaco.md,content-quality-score.csv#kb:aves-del-chaco
kb:avistaje-de-aves-en-formosa,attraction,/baza-znaniy/avistaje-de-aves-en-formosa,Bird watching in Formosa,EXPAND,P2,unassigned,open,status=stub|quality=78,content/knowledge-base/dostoprimechatelnosti/avistaje-de-aves-en-formosa.md,content-quality-score.csv#kb:avistaje-de-aves-en-formosa
kb:avistaje-de-aves-en-la-pampa,attraction,/baza-znaniy/avistaje-de-aves-en-la-pampa,Наблюдение за птицами в Ла-Пампа,KEEP,P3,unassigned,open,baseline_quality_pass,content/knowledge-base/dostoprimechatelnosti/avistaje-de-aves-en-la-pampa.md,content-quality-score.csv#kb:avistaje-de-aves-en-la-pampa
kb:avistaje-de-aves-en-santa-cruz,attraction,/baza-znaniy/avistaje-de-aves-en-santa-cruz,Bird watching in Santa Cruz,LIGHT_EDIT,P2,unassigned,open,quality=78,content/knowledge-base/dostoprimechatelnosti/avistaje-de-aves-en-santa-cruz.md,content-quality-score.csv#kb:avistaje-de-aves-en-santa-cruz
kb:ba-rajony-realnyj-vybor,author_tip,/baza-znaniy/ba-rajony-realnyj-vybor,«Все едут в Палермо» — не всегда лучший совет туристу или релоканту,KEEP,P3,unassigned,open,baseline_quality_pass,content/knowledge-base/lichnyy-opyt/ba-rajony-realnyj-vybor.md,content-quality-score.csv#kb:ba-rajony-realnyj-vybor
kb:bahia-blanca,city,/baza-znaniy/bahia-blanca,Баия-Бланка,EXPAND,P2,unassigned,open,quality=45|duplicate_candidate,content/knowledge-base/goroda/bahia-blanca.md,content-quality-score.csv#kb:bahia-blanca
kb:banado-la-estrella,national_park,/baza-znaniy/banado-la-estrella,Баньядо-ла-Эстрелья,HUMAN_REVIEW,P2,unassigned,open,duplicate_candidate,content/knowledge-base/natsionalnye-parki/banado-la-estrella.md,content-quality-score.csv#kb:banado-la-estrella
kb:banki-i-perevody,guide,/baza-znaniy/banki-i-perevody,Как завести и перевести деньги в Аргентину,LEGAL_REVIEW,P0,unassigned,open,sensitive_without_reviewer,content/knowledge-base/dengi/banki-i-perevody.md,content-quality-score.csv#kb:banki-i-perevody
kb:bankovskij-schet,guide,/baza-znaniy/bankovskij-schet,Банковский счёт и финансы релоканта в Аргентине,LEGAL_REVIEW,P0,unassigned,open,quality=78|duplicate_candidate|sensitive_without_reviewer,content/knowledge-base/dengi/bankovskij-schet.md,content-quality-score.csv#kb:bankovskij-schet
kb:bariloche,city,/baza-znaniy/bariloche,Барилоче,HUMAN_REVIEW,P2,unassigned,open,duplicate_candidate,content/knowledge-base/goroda/bariloche.md,content-quality-score.csv#kb:bariloche
kb:bariloche-tihie-smotrovye,author_tip,/baza-znaniy/bariloche-tihie-smotrovye,Барилоче: смотровые и берега озера Науэль-Уапи в обход толпы у Кампанарио,KEEP,P3,unassigned,open,baseline_quality_pass,content/knowledge-base/lichnyy-opyt/bariloche-tihie-smotrovye.md,content-quality-score.csv#kb:bariloche-tihie-smotrovye
kb:barreal,attraction,/baza-znaniy/barreal,Барреаль и Эль-Леонсито,EXPAND,P2,unassigned,open,quality=51|duplicate_candidate,content/knowledge-base/dostoprimechatelnosti/barreal.md,content-quality-score.csv#kb:barreal
kb:bebidas-y-gastronomia-en-cordoba,attraction,/baza-znaniy/bebidas-y-gastronomia-en-cordoba,Food and Drink in Córdoba,EXPAND,P2,unassigned,open,status=stub|quality=78,content/knowledge-base/dostoprimechatelnosti/bebidas-y-gastronomia-en-cordoba.md,content-quality-score.csv#kb:bebidas-y-gastronomia-en-cordoba
kb:belen,attraction,/baza-znaniy/belen,Belén,EXPAND,P2,unassigned,open,status=stub|quality=78,content/knowledge-base/dostoprimechatelnosti/belen.md,content-quality-score.csv#kb:belen
kb:besplatna-li-medicina-dlya-turista,faq,/baza-znaniy/besplatna-li-medicina-dlya-turista,Бесплатна ли медицина в Аргентине для туриста?,LEGAL_REVIEW,P0,unassigned,open,sensitive_without_reviewer,content/knowledge-base/faq/besplatna-li-medicina-dlya-turista.md,content-quality-score.csv#kb:besplatna-li-medicina-dlya-turista
kb:bezopasno-li-odnoj-zhenshchine,faq,/baza-znaniy/bezopasno-li-odnoj-zhenshchine,Безопасно ли путешествовать по Аргентине одной женщине?,LEGAL_REVIEW,P0,unassigned,open,quality=53|duplicate_candidate|sensitive_without_reviewer|missing_primary_source,content/knowledge-base/faq/bezopasno-li-odnoj-zhenshchine.md,content-quality-score.csv#kb:bezopasno-li-odnoj-zhenshchine
kb:bezopasno-li-v-argentine,faq,/baza-znaniy/bezopasno-li-v-argentine,Безопасно ли путешествовать по Аргентине?,LEGAL_REVIEW,P0,unassigned,open,quality=54|duplicate_candidate|sensitive_without_reviewer|missing_primary_source,content/knowledge-base/faq/bezopasno-li-v-argentine.md,content-quality-score.csv#kb:bezopasno-li-v-argentine
kb:bezopasnost-argentina,guide,/baza-znaniy/bezopasnost-argentina,Безопасность в Аргентине: реальные риски,LEGAL_REVIEW,P0,unassigned,open,quality=73|sensitive_without_reviewer|missing_primary_source,content/knowledge-base/bezopasnost/bezopasnost-argentina.md,content-quality-score.csv#kb:bezopasnost-argentina
kb:bienal-internacional-de-esculturas-en-resistencia,attraction,/baza-znaniy/bienal-internacional-de-esculturas-en-resistencia,International Sculpture Biennale in Resistencia,EXPAND,P2,unassigned,open,status=stub|quality=78,content/knowledge-base/dostoprimechatelnosti/bienal-internacional-de-esculturas-en-resistencia.md,content-quality-score.csv#kb:bienal-internacional-de-esculturas-en-resistencia
kb:bodega-submarina-en-las-grutas,attraction,/baza-znaniy/bodega-submarina-en-las-grutas,An underwater winery in Las Grutas,EXPAND,P2,unassigned,open,status=stub|quality=74,content/knowledge-base/dostoprimechatelnosti/bodega-submarina-en-las-grutas.md,content-quality-score.csv#kb:bodega-submarina-en-las-grutas
kb:bosque-petrificado,national_park,/baza-znaniy/bosque-petrificado,Национальный парк Окаменевшие леса Харамільо,LIGHT_EDIT,P2,unassigned,open,quality=70|duplicate_candidate,content/knowledge-base/natsionalnye-parki/bosque-petrificado.md,content-quality-score.csv#kb:bosque-petrificado
kb:buceo-en-el-golfo-san-matias,attraction,/baza-znaniy/buceo-en-el-golfo-san-matias,Scuba diving at the San Matías Gulf,EXPAND,P2,unassigned,open,status=stub|quality=78,content/knowledge-base/dostoprimechatelnosti/buceo-en-el-golfo-san-matias.md,content-quality-score.csv#kb:buceo-en-el-golfo-san-matias
kb:buceo-en-las-costas-de-ushuaia,attraction,/baza-znaniy/buceo-en-las-costas-de-ushuaia,Buceo en las costas de Ушуайя,LIGHT_EDIT,P2,unassigned,open,quality=78,content/knowledge-base/dostoprimechatelnosti/buceo-en-las-costas-de-ushuaia.md,content-quality-score.csv#kb:buceo-en-las-costas-de-ushuaia
kb:buenos-aires,city,/baza-znaniy/buenos-aires,Буэнос-Айрес,HUMAN_REVIEW,P2,unassigned,open,duplicate_candidate,content/knowledge-base/goroda/buenos-aires.md,content-quality-score.csv#kb:buenos-aires
kb:buenos-aires-province,region,/baza-znaniy/buenos-aires-province,Провинция Буэнос-Айрес,KEEP,P3,unassigned,open,baseline_quality_pass,content/knowledge-base/regiony/buenos-aires-province.md,content-quality-score.csv#kb:buenos-aires-province
kb:buenos-aires-tradicional,attraction,/baza-znaniy/buenos-aires-tradicional,Традиционный Буэнос-Айрес,KEEP,P3,unassigned,open,baseline_quality_pass,content/knowledge-base/dostoprimechatelnosti/buenos-aires-tradicional.md,content-quality-score.csv#kb:buenos-aires-tradicional
kb:byt-i-zhilyo,guide,/baza-znaniy/byt-i-zhilyo,"Быт в Аргентине: квартиры, отопление, коммуналка",LEGAL_REVIEW,P0,unassigned,open,quality=55|sensitive_without_reviewer|missing_primary_source,content/knowledge-base/byt/byt-i-zhilyo.md,content-quality-score.csv#kb:byt-i-zhilyo
kb:byudzhet-poezdki,guide,/baza-znaniy/byudzhet-poezdki,Бюджет поездки по Аргентине,LEGAL_REVIEW,P0,unassigned,open,quality=73|sensitive_without_reviewer|missing_primary_source,content/knowledge-base/dengi/byudzhet-poezdki.md,content-quality-score.csv#kb:byudzhet-poezdki
kb:caba,region,/baza-znaniy/caba,Буэнос-Айрес (CABA),KEEP,P3,unassigned,open,baseline_quality_pass,content/knowledge-base/regiony/caba.md,content-quality-score.csv#kb:caba
kb:cabalgata-en-el-lago-roca,attraction,/baza-znaniy/cabalgata-en-el-lago-roca,Horseback riding in the Roca lake,EXPAND,P2,unassigned,open,status=stub|quality=78,content/knowledge-base/dostoprimechatelnosti/cabalgata-en-el-lago-roca.md,content-quality-score.csv#kb:cabalgata-en-el-lago-roca
kb:cabalgata-en-los-molles,attraction,/baza-znaniy/cabalgata-en-los-molles,Horseback riding in Los Molles,EXPAND,P2,unassigned,open,status=stub|quality=78,content/knowledge-base/dostoprimechatelnosti/cabalgata-en-los-molles.md,content-quality-score.csv#kb:cabalgata-en-los-molles
kb:cabalgatas-en-cerro-belvedere-y-cascada-inacayal,attraction,/baza-znaniy/cabalgatas-en-cerro-belvedere-y-cascada-inacayal,Horseback rides in Belvedere Hill and Inacayal waterfall,LIGHT_EDIT,P2,unassigned,open,quality=78,content/knowledge-base/dostoprimechatelnosti/cabalgatas-en-cerro-belvedere-y-cascada-inacayal.md,content-quality-score.csv#kb:cabalgatas-en-cerro-belvedere-y-cascada-inacayal
kb:cabalgatas-en-la-estepa-de-bariloche,attraction,/baza-znaniy/cabalgatas-en-la-estepa-de-bariloche,Cabalgatas en la estepa de Барилоче,LIGHT_EDIT,P2,unassigned,open,quality=76,content/knowledge-base/dostoprimechatelnosti/cabalgatas-en-la-estepa-de-bariloche.md,content-quality-score.csv#kb:cabalgatas-en-la-estepa-de-bariloche
kb:cabalgatas-en-las-sierras-bonaerenses,attraction,/baza-znaniy/cabalgatas-en-las-sierras-bonaerenses,Horseback riding in the hills of Буэнос-Айрес,LIGHT_EDIT,P2,unassigned,open,quality=78,content/knowledge-base/dostoprimechatelnosti/cabalgatas-en-las-sierras-bonaerenses.md,content-quality-score.csv#kb:cabalgatas-en-las-sierras-bonaerenses
kb:cabalgatas-en-tafi-del-valle,attraction,/baza-znaniy/cabalgatas-en-tafi-del-valle,Horseback riding in Tafí del Valle,EXPAND,P2,unassigned,open,status=stub|quality=78,content/knowledge-base/dostoprimechatelnosti/cabalgatas-en-tafi-del-valle.md,content-quality-score.csv#kb:cabalgatas-en-tafi-del-valle
kb:cabalgatas-en-valle-chico,attraction,/baza-znaniy/cabalgatas-en-valle-chico,Horseback riding in Valle Chico,EXPAND,P2,unassigned,open,status=stub|quality=78,content/knowledge-base/dostoprimechatelnosti/cabalgatas-en-valle-chico.md,content-quality-score.csv#kb:cabalgatas-en-valle-chico
kb:cachi,attraction,/baza-znaniy/cachi,Cachi,EXPAND,P2,unassigned,open,status=stub|quality=78,content/knowledge-base/dostoprimechatelnosti/cachi.md,content-quality-score.csv#kb:cachi
kb:cafayate,city,/baza-znaniy/cafayate,Кафайяте,KEEP,P3,unassigned,open,baseline_quality_pass,content/knowledge-base/goroda/cafayate.md,content-quality-score.csv#kb:cafayate
kb:camino-de-la-costa,attraction,/baza-znaniy/camino-de-la-costa,shore road,EXPAND,P2,unassigned,open,status=stub|quality=78,content/knowledge-base/dostoprimechatelnosti/camino-de-la-costa.md,content-quality-score.csv#kb:camino-de-la-costa
kb:caminos-de-la-fe-san-juan,attraction,/baza-znaniy/caminos-de-la-fe-san-juan,"Paths of faith, San Juan",EXPAND,P2,unassigned,open,status=stub|quality=78,content/knowledge-base/dostoprimechatelnosti/caminos-de-la-fe-san-juan.md,content-quality-score.csv#kb:caminos-de-la-fe-san-juan
kb:campo-del-cielo,attraction,/baza-znaniy/campo-del-cielo,Campo del Cielo,EXPAND,P2,unassigned,open,status=stub|quality=78,content/knowledge-base/dostoprimechatelnosti/campo-del-cielo.md,content-quality-score.csv#kb:campo-del-cielo
kb:campo-del-cielo-y-saenz-pena,attraction,/baza-znaniy/campo-del-cielo-y-saenz-pena,Field of the Sky [Campo del Cielo] and Sáenz Peña,EXPAND,P2,unassigned,open,status=stub|quality=78,content/knowledge-base/dostoprimechatelnosti/campo-del-cielo-y-saenz-pena.md,content-quality-score.csv#kb:campo-del-cielo-y-saenz-pena
kb:canon-del-atuel,attraction,/baza-znaniy/canon-del-atuel,Atuel Canyon,LIGHT_EDIT,P2,unassigned,open,quality=73,content/knowledge-base/dostoprimechatelnosti/canon-del-atuel.md,content-quality-score.csv#kb:canon-del-atuel
kb:capilla-del-monte,attraction,/baza-znaniy/capilla-del-monte,Capilla del Monte,EXPAND,P2,unassigned,open,status=stub|quality=78,content/knowledge-base/dostoprimechatelnosti/capilla-del-monte.md,content-quality-score.csv#kb:capilla-del-monte
kb:carcarana,attraction,/baza-znaniy/carcarana,Carcarañá,EXPAND,P2,unassigned,open,status=stub|quality=78,content/knowledge-base/dostoprimechatelnosti/carcarana.md,content-quality-score.csv#kb:carcarana
kb:carmen-del-sauce,attraction,/baza-znaniy/carmen-del-sauce,Carmen del Sauce,EXPAND,P2,unassigned,open,status=stub|quality=78,content/knowledge-base/dostoprimechatelnosti/carmen-del-sauce.md,content-quality-score.csv#kb:carmen-del-sauce
kb:carnaval-de-humahuaca,attraction,/baza-znaniy/carnaval-de-humahuaca,Humahuaca Carnival,EXPAND,P2,unassigned,open,status=stub|quality=78,content/knowledge-base/dostoprimechatelnosti/carnaval-de-humahuaca.md,content-quality-score.csv#kb:carnaval-de-humahuaca
kb:carnaval-en-corrientes,attraction,/baza-znaniy/carnaval-en-corrientes,Carnival in Corrientes,EXPAND,P2,unassigned,open,status=stub|quality=78,content/knowledge-base/dostoprimechatelnosti/carnaval-en-corrientes.md,content-quality-score.csv#kb:carnaval-en-corrientes
kb:casa-de-san-martin-en-yapeyu,attraction,/baza-znaniy/casa-de-san-martin-en-yapeyu,San Martin’s home in Yapeyú,EXPAND,P2,unassigned,open,status=stub|quality=78,content/knowledge-base/dostoprimechatelnosti/casa-de-san-martin-en-yapeyu.md,content-quality-score.csv#kb:casa-de-san-martin-en-yapeyu
kb:casa-historica-tucuman,attraction,/baza-znaniy/casa-historica-tucuman,Каса-Историка-де-ла-Индепенденсия,KEEP,P3,unassigned,open,baseline_quality_pass,content/knowledge-base/dostoprimechatelnosti/casa-historica-tucuman.md,content-quality-score.csv#kb:casa-historica-tucuman
kb:cascada-chachin,attraction,/baza-znaniy/cascada-chachin,Водопад Чачин,LIGHT_EDIT,P2,unassigned,open,quality=74,content/knowledge-base/dostoprimechatelnosti/cascada-chachin.md,content-quality-score.csv#kb:cascada-chachin
kb:cascada-del-rio-noque,attraction,/baza-znaniy/cascada-del-rio-noque,Водопад на реке Ноке,LIGHT_EDIT,P2,unassigned,open,quality=79,content/knowledge-base/dostoprimechatelnosti/cascada-del-rio-noque.md,content-quality-score.csv#kb:cascada-del-rio-noque
kb:cascada-nivinco-y-pichi-traful,attraction,/baza-znaniy/cascada-nivinco-y-pichi-traful,Ñivinco and Pichi Traful Waterfalls,LIGHT_EDIT,P2,unassigned,open,quality=73,content/knowledge-base/dostoprimechatelnosti/cascada-nivinco-y-pichi-traful.md,content-quality-score.csv#kb:cascada-nivinco-y-pichi-traful
kb:cascadas-santa-ana-y-dora,attraction,/baza-znaniy/cascadas-santa-ana-y-dora,Водопады Санта-Ана и Дора,LIGHT_EDIT,P2,unassigned,open,quality=74,content/knowledge-base/dostoprimechatelnosti/cascadas-santa-ana-y-dora.md,content-quality-score.csv#kb:cascadas-santa-ana-y-dora
kb:catamaran-en-el-rio-parana,attraction,/baza-znaniy/catamaran-en-el-rio-parana,Catamaran on the Paraná river,EXPAND,P2,unassigned,open,status=stub|quality=78,content/knowledge-base/dostoprimechatelnosti/catamaran-en-el-rio-parana.md,content-quality-score.csv#kb:catamaran-en-el-rio-parana
kb:catamaran-en-la-triple-frontera,attraction,/baza-znaniy/catamaran-en-la-triple-frontera,Catamaran at the Triple Frontier,LIGHT_EDIT,P2,unassigned,open,quality=78,content/knowledge-base/dostoprimechatelnosti/catamaran-en-la-triple-frontera.md,content-quality-score.csv#kb:catamaran-en-la-triple-frontera
kb:catamarca,city,/baza-znaniy/catamarca,Катамарка,HUMAN_REVIEW,P2,unassigned,open,duplicate_candidate,content/knowledge-base/goroda/catamarca.md,content-quality-score.csv#kb:catamarca
kb:caucete-san-juan,attraction,/baza-znaniy/caucete-san-juan,"Caucete, San Juan",LEGAL_REVIEW,P0,unassigned,open,status=stub|quality=61|sensitive_without_reviewer,content/knowledge-base/dostoprimechatelnosti/caucete-san-juan.md,content-quality-score.csv#kb:caucete-san-juan
kb:caviahue-copahue,attraction,/baza-znaniy/caviahue-copahue,Caviahue - Copahue,LIGHT_EDIT,P2,unassigned,open,quality=78,content/knowledge-base/dostoprimechatelnosti/caviahue-copahue.md,content-quality-score.csv#kb:caviahue-copahue
kb:centro-de-esqui-la-hoya,attraction,/baza-znaniy/centro-de-esqui-la-hoya,La Hoya ski resort,EXPAND,P2,unassigned,open,status=stub|quality=78,content/knowledge-base/dostoprimechatelnosti/centro-de-esqui-la-hoya.md,content-quality-score.csv#kb:centro-de-esqui-la-hoya
kb:centro-termal-bernardo-larroude,attraction,/baza-znaniy/centro-termal-bernardo-larroude,Bernardo Larroudé Hot Spring Center,EXPAND,P2,unassigned,open,status=stub|quality=78,content/knowledge-base/dostoprimechatelnosti/centro-termal-bernardo-larroude.md,content-quality-score.csv#kb:centro-termal-bernardo-larroude
kb:centros-de-esqui-en-neuquen,attraction,/baza-znaniy/centros-de-esqui-en-neuquen,Ski resorts in Neuquén,EXPAND,P2,unassigned,open,status=stub|quality=78,content/knowledge-base/dostoprimechatelnosti/centros-de-esqui-en-neuquen.md,content-quality-score.csv#kb:centros-de-esqui-en-neuquen
kb:cerro-castor,attraction,/baza-znaniy/cerro-castor,Серро-Кастор,LIGHT_EDIT,P2,unassigned,open,quality=78,content/knowledge-base/dostoprimechatelnosti/cerro-castor.md,content-quality-score.csv#kb:cerro-castor
kb:cerro-mercedario-y-grandes-cumbres-de-san-juan,attraction,/baza-znaniy/cerro-mercedario-y-grandes-cumbres-de-san-juan,Серро-Меркедарио и большие вершины Сан-Хуана,LIGHT_EDIT,P2,unassigned,open,quality=79,content/knowledge-base/dostoprimechatelnosti/cerro-mercedario-y-grandes-cumbres-de-san-juan.md,content-quality-score.csv#kb:cerro-mercedario-y-grandes-cumbres-de-san-juan
kb:cerro-tronador,attraction,/baza-znaniy/cerro-tronador,Серро-Тронадор,LIGHT_EDIT,P2,unassigned,open,quality=79,content/knowledge-base/dostoprimechatelnosti/cerro-tronador.md,content-quality-score.csv#kb:cerro-tronador
kb:cerros-catedral-y-perito-moreno,attraction,/baza-znaniy/cerros-catedral-y-perito-moreno,Cerros Catedral y Перито-Морено,LIGHT_EDIT,P2,unassigned,open,quality=76,content/knowledge-base/dostoprimechatelnosti/cerros-catedral-y-perito-moreno.md,content-quality-score.csv#kb:cerros-catedral-y-perito-moreno
kb:certificado-de-domicilio,guide,/baza-znaniy/certificado-de-domicilio,Как подтвердить адрес в Аргентине: certificado de domicilio,LEGAL_REVIEW,P0,unassigned,open,sensitive_without_reviewer,content/knowledge-base/pereezd/certificado-de-domicilio.md,content-quality-score.csv#kb:certificado-de-domicilio
kb:certificado-de-legalidad-prav,guide,/baza-znaniy/certificado-de-legalidad-prav,Certificado de legalidad водительских прав: что это и зачем,LEGAL_REVIEW,P0,unassigned,open,quality=75|sensitive_without_reviewer,content/knowledge-base/transport/certificado-de-legalidad-prav.md,content-quality-score.csv#kb:certificado-de-legalidad-prav
kb:chek-list-pereezda,guide,/baza-znaniy/chek-list-pereezda,Чек-лист переезда в Аргентину: по этапам,LEGAL_REVIEW,P0,unassigned,open,quality=72|sensitive_without_reviewer|missing_primary_source,content/knowledge-base/pereezd/chek-list-pereezda.md,content-quality-score.csv#kb:chek-list-pereezda
kb:cholila,attraction,/baza-znaniy/cholila,Cholila,EXPAND,P2,unassigned,open,status=stub|quality=78,content/knowledge-base/dostoprimechatelnosti/cholila.md,content-quality-score.csv#kb:cholila
kb:chto-delat-krome-dostoprimechatelnostej,faq,/baza-znaniy/chto-delat-krome-dostoprimechatelnostej,"Что делать в Буэнос-Айресе / Мендосе / Патагонии, кроме галочных достопримечательностей?",LIGHT_EDIT,P2,unassigned,open,quality=65,content/knowledge-base/faq/chto-delat-krome-dostoprimechatelnostej.md,content-quality-score.csv#kb:chto-delat-krome-dostoprimechatelnostej
kb:chto-est-vegetariancu,faq,/baza-znaniy/chto-est-vegetariancu,Что есть вегетарианцу или вегану в «мясной» Аргентине?,LIGHT_EDIT,P2,unassigned,open,quality=65,content/knowledge-base/faq/chto-est-vegetariancu.md,content-quality-score.csv#kb:chto-est-vegetariancu
kb:chto-stoit-deneg-prioritety,guide,/baza-znaniy/chto-stoit-deneg-prioritety,Что реально стоит ваших денег и дней: приоритеты по Аргентине,LIGHT_EDIT,P2,unassigned,open,quality=70,content/knowledge-base/puteshestvie/chto-stoit-deneg-prioritety.md,content-quality-score.csv#kb:chto-stoit-deneg-prioritety
kb:chto-takoe-dni-i-cuil,faq,/baza-znaniy/chto-takoe-dni-i-cuil,"Что такое DNI, CUIL и CUIT в Аргентине и зачем они нужны?",LEGAL_REVIEW,P0,unassigned,open,quality=57|sensitive_without_reviewer|missing_primary_source,content/knowledge-base/faq/chto-takoe-dni-i-cuil.md,content-quality-score.csv#kb:chto-takoe-dni-i-cuil
kb:chto-takoe-mep,faq,/baza-znaniy/chto-takoe-mep,Что такое MEP в Аргентине и зачем он нужен?,LEGAL_REVIEW,P0,unassigned,open,quality=60|sensitive_without_reviewer|missing_primary_source,content/knowledge-base/faq/chto-takoe-mep.md,content-quality-score.csv#kb:chto-takoe-mep
kb:chto-takoe-prekariya,faq,/baza-znaniy/chto-takoe-prekariya,Что такое прекария (Residencia Precaria) в Аргентине и что она даёт?,LEGAL_REVIEW,P0,unassigned,open,sensitive_without_reviewer,content/knowledge-base/faq/chto-takoe-prekariya.md,content-quality-score.csv#kb:chto-takoe-prekariya
kb:chto-takoe-sube,faq,/baza-znaniy/chto-takoe-sube,Что такое карта SUBE и нужна ли она туристу?,LEGAL_REVIEW,P0,unassigned,open,sensitive_without_reviewer,content/knowledge-base/faq/chto-takoe-sube.md,content-quality-score.csv#kb:chto-takoe-sube
kb:circuito-callejero-de-potrero-de-los-funes,attraction,/baza-znaniy/circuito-callejero-de-potrero-de-los-funes,Street circuit in Potrero de los Funes,LEGAL_REVIEW,P0,unassigned,open,status=stub|quality=66|sensitive_without_reviewer,content/knowledge-base/dostoprimechatelnosti/circuito-callejero-de-potrero-de-los-funes.md,content-quality-score.csv#kb:circuito-callejero-de-potrero-de-los-funes
kb:circuito-cultural-en-formosa,attraction,/baza-znaniy/circuito-cultural-en-formosa,Cultural circuit in Formosa,LEGAL_REVIEW,P0,unassigned,open,status=stub|quality=66|sensitive_without_reviewer,content/knowledge-base/dostoprimechatelnosti/circuito-cultural-en-formosa.md,content-quality-score.csv#kb:circuito-cultural-en-formosa
kb:circuito-de-cervecerias-en-rosario,attraction,/baza-znaniy/circuito-de-cervecerias-en-rosario,Brewers’ circuit in Rosario,LEGAL_REVIEW,P0,unassigned,open,status=stub|quality=66|sensitive_without_reviewer,content/knowledge-base/dostoprimechatelnosti/circuito-de-cervecerias-en-rosario.md,content-quality-score.csv#kb:circuito-de-cervecerias-en-rosario
kb:circuito-gastronomico-en-el-rio-parana,attraction,/baza-znaniy/circuito-gastronomico-en-el-rio-parana,Food circuit on the Paraná river,LEGAL_REVIEW,P0,unassigned,open,status=stub|quality=66|sensitive_without_reviewer,content/knowledge-base/dostoprimechatelnosti/circuito-gastronomico-en-el-rio-parana.md,content-quality-score.csv#kb:circuito-gastronomico-en-el-rio-parana
kb:ciudad-de-corrientes,attraction,/baza-znaniy/ciudad-de-corrientes,Город Corrientes,LIGHT_EDIT,P2,unassigned,open,quality=77,content/knowledge-base/dostoprimechatelnosti/ciudad-de-corrientes.md,content-quality-score.csv#kb:ciudad-de-corrientes
kb:ciudad-de-formosa,attraction,/baza-znaniy/ciudad-de-formosa,Город Формоса,LIGHT_EDIT,P2,unassigned,open,quality=79,content/knowledge-base/dostoprimechatelnosti/ciudad-de-formosa.md,content-quality-score.csv#kb:ciudad-de-formosa
kb:ciudad-de-salta,attraction,/baza-znaniy/ciudad-de-salta,Город Salta,LIGHT_EDIT,P2,unassigned,open,quality=78,content/knowledge-base/dostoprimechatelnosti/ciudad-de-salta.md,content-quality-score.csv#kb:ciudad-de-salta
kb:ciudad-de-san-juan,attraction,/baza-znaniy/ciudad-de-san-juan,Город Сан-Хуан,LIGHT_EDIT,P2,unassigned,open,quality=79,content/knowledge-base/dostoprimechatelnosti/ciudad-de-san-juan.md,content-quality-score.csv#kb:ciudad-de-san-juan
kb:ciudad-de-santa-fe,attraction,/baza-znaniy/ciudad-de-santa-fe,Город Санта-Фе,LIGHT_EDIT,P2,unassigned,open,quality=79,content/knowledge-base/dostoprimechatelnosti/ciudad-de-santa-fe.md,content-quality-score.csv#kb:ciudad-de-santa-fe
kb:clorinda,attraction,/baza-znaniy/clorinda,Clorinda,EXPAND,P2,unassigned,open,status=stub|quality=73,content/knowledge-base/dostoprimechatelnosti/clorinda.md,content-quality-score.csv#kb:clorinda
kb:colon,attraction,/baza-znaniy/colon,Colón,EXPAND,P2,unassigned,open,status=stub|quality=78,content/knowledge-base/dostoprimechatelnosti/colon.md,content-quality-score.csv#kb:colon
kb:colon-entre-rios,city,/baza-znaniy/colon-entre-rios,Колон,EXPAND,P2,unassigned,open,quality=57,content/knowledge-base/goroda/colon-entre-rios.md,content-quality-score.csv#kb:colon-entre-rios
kb:colonia-carlos-pellegrini,attraction,/baza-znaniy/colonia-carlos-pellegrini,Колония-Карлос-Пеллегрини,LIGHT_EDIT,P2,unassigned,open,quality=79,content/knowledge-base/dostoprimechatelnosti/colonia-carlos-pellegrini.md,content-quality-score.csv#kb:colonia-carlos-pellegrini
kb:colonia-menonita-en-la-pampa,attraction,/baza-znaniy/colonia-menonita-en-la-pampa,Mennonite Colony in La Pampa,LIGHT_EDIT,P2,unassigned,open,quality=78,content/knowledge-base/dostoprimechatelnosti/colonia-menonita-en-la-pampa.md,content-quality-score.csv#kb:colonia-menonita-en-la-pampa
kb:colonia-suiza,attraction,/baza-znaniy/colonia-suiza,Колония-Суиса,LIGHT_EDIT,P2,unassigned,open,quality=79,content/knowledge-base/dostoprimechatelnosti/colonia-suiza.md,content-quality-score.csv#kb:colonia-suiza
kb:colonias-judias-en-santa-fe,attraction,/baza-znaniy/colonias-judias-en-santa-fe,Еврейские колонии в Санта-Фе,LIGHT_EDIT,P2,unassigned,open,quality=79,content/knowledge-base/dostoprimechatelnosti/colonias-judias-en-santa-fe.md,content-quality-score.csv#kb:colonias-judias-en-santa-fe
kb:comandante-luis-piedrabuena,attraction,/baza-znaniy/comandante-luis-piedrabuena,Comandante Luis Piedrabuena,EXPAND,P2,unassigned,open,status=stub|quality=78,content/knowledge-base/dostoprimechatelnosti/comandante-luis-piedrabuena.md,content-quality-score.csv#kb:comandante-luis-piedrabuena
kb:comarca-andina-del-paralelo-42,attraction,/baza-znaniy/comarca-andina-del-paralelo-42,Comarca Andina del Paralelo 42,EXPAND,P2,unassigned,open,status=stub|quality=78,content/knowledge-base/dostoprimechatelnosti/comarca-andina-del-paralelo-42.md,content-quality-score.csv#kb:comarca-andina-del-paralelo-42
kb:cordero-patagonico,attraction,/baza-znaniy/cordero-patagonico,Патагонский ягненок,KEEP,P3,unassigned,open,baseline_quality_pass,content/knowledge-base/dostoprimechatelnosti/cordero-patagonico.md,content-quality-score.csv#kb:cordero-patagonico
kb:cordoba-de-las-campanas,attraction,/baza-znaniy/cordoba-de-las-campanas,Córdoba with Bells,EXPAND,P2,unassigned,open,status=stub|quality=73,content/knowledge-base/dostoprimechatelnosti/cordoba-de-las-campanas.md,content-quality-score.csv#kb:cordoba-de-las-campanas
kb:corredor-de-la-puna,attraction,/baza-znaniy/corredor-de-la-puna,Puna Route,EXPAND,P2,unassigned,open,status=stub|quality=78,content/knowledge-base/dostoprimechatelnosti/corredor-de-la-puna.md,content-quality-score.csv#kb:corredor-de-la-puna
kb:corredor-del-viento,attraction,/baza-znaniy/corredor-del-viento,Corredor del Viento,EXPAND,P2,unassigned,open,status=stub|quality=78,content/knowledge-base/dostoprimechatelnosti/corredor-del-viento.md,content-quality-score.csv#kb:corredor-del-viento
kb:cosquin,attraction,/baza-znaniy/cosquin,Cosquín,EXPAND,P2,unassigned,open,status=stub|quality=78,content/knowledge-base/dostoprimechatelnosti/cosquin.md,content-quality-score.csv#kb:cosquin
kb:costa-atlantica-bonaerense,attraction,/baza-znaniy/costa-atlantica-bonaerense,Буэнос-Айрес Atlantic Coast,LIGHT_EDIT,P2,unassigned,open,quality=78,content/knowledge-base/dostoprimechatelnosti/costa-atlantica-bonaerense.md,content-quality-score.csv#kb:costa-atlantica-bonaerense
kb:costa-atlantica-de-la-provincia-de-buenos-aires,attraction,/baza-znaniy/costa-atlantica-de-la-provincia-de-buenos-aires,Costa Atlántica de la provincia de Буэнос-Айрес,EXPAND,P2,unassigned,open,status=stub|quality=78,content/knowledge-base/dostoprimechatelnosti/costa-atlantica-de-la-provincia-de-buenos-aires.md,content-quality-score.csv#kb:costa-atlantica-de-la-provincia-de-buenos-aires
kb:costanera-de-corrientes,attraction,/baza-znaniy/costanera-de-corrientes,coastal promenade in Corrientes,EXPAND,P2,unassigned,open,status=stub|quality=78,content/knowledge-base/dostoprimechatelnosti/costanera-de-corrientes.md,content-quality-score.csv#kb:costanera-de-corrientes
kb:costanera-de-formosa,attraction,/baza-znaniy/costanera-de-formosa,Formosa coastal promenade,EXPAND,P2,unassigned,open,status=stub|quality=78,content/knowledge-base/dostoprimechatelnosti/costanera-de-formosa.md,content-quality-score.csv#kb:costanera-de-formosa
kb:cruce-de-los-andes,attraction,/baza-znaniy/cruce-de-los-andes,Andean crossing,EXPAND,P2,unassigned,open,status=stub|quality=79,content/knowledge-base/dostoprimechatelnosti/cruce-de-los-andes.md,content-quality-score.csv#kb:cruce-de-los-andes
kb:cuesta-del-viento,attraction,/baza-znaniy/cuesta-del-viento,Cuesta del Viento,EXPAND,P2,unassigned,open,status=stub|quality=78,content/knowledge-base/dostoprimechatelnosti/cuesta-del-viento.md,content-quality-score.csv#kb:cuesta-del-viento
kb:cueva-de-las-manos,attraction,/baza-znaniy/cueva-de-las-manos,Куэва-де-лас-Манос (Пещера рук),LIGHT_EDIT,P2,unassigned,open,quality=73,content/knowledge-base/dostoprimechatelnosti/cueva-de-las-manos.md,content-quality-score.csv#kb:cueva-de-las-manos
kb:cultura-guarani-en-misiones,attraction,/baza-znaniy/cultura-guarani-en-misiones,Guaraní Culture in Misiones,EXPAND,P2,unassigned,open,status=stub|quality=78,content/knowledge-base/dostoprimechatelnosti/cultura-guarani-en-misiones.md,content-quality-score.csv#kb:cultura-guarani-en-misiones
kb:cusi-cusi,attraction,/baza-znaniy/cusi-cusi,Cusi Cusi,EXPAND,P2,unassigned,open,status=stub|quality=78,content/knowledge-base/dostoprimechatelnosti/cusi-cusi.md,content-quality-score.csv#kb:cusi-cusi
kb:cuyo,region,/baza-znaniy/cuyo,Куйо,KEEP,P3,unassigned,open,baseline_quality_pass,content/knowledge-base/regiony/cuyo.md,content-quality-score.csv#kb:cuyo
kb:dalyokie-parki-nastroj-na-tishinu,author_tip,/baza-znaniy/dalyokie-parki-nastroj-na-tishinu,"Патагония-парк и Баньядо-ла-Эстрелья: места, в которые едут не за зрелищем, а за тишиной",KEEP,P3,unassigned,open,baseline_quality_pass,content/knowledge-base/lichnyy-opyt/dalyokie-parki-nastroj-na-tishinu.md,content-quality-score.csv#kb:dalyokie-parki-nastroj-na-tishinu
kb:delta-del-parana,attraction,/baza-znaniy/delta-del-parana,Paraná — дельта,EXPAND,P2,unassigned,open,status=stub|quality=78,content/knowledge-base/dostoprimechatelnosti/delta-del-parana.md,content-quality-score.csv#kb:delta-del-parana
kb:deportes-extremos-en-la-rioja,attraction,/baza-znaniy/deportes-extremos-en-la-rioja,Extreme Sports in La Rioja,EXPAND,P2,unassigned,open,status=stub|quality=73,content/knowledge-base/dostoprimechatelnosti/deportes-extremos-en-la-rioja.md,content-quality-score.csv#kb:deportes-extremos-en-la-rioja
kb:deportes-extremos-en-paso-de-la-patria,attraction,/baza-znaniy/deportes-extremos-en-paso-de-la-patria,Extreme sports in Paso de la Patria,EXPAND,P2,unassigned,open,status=stub|quality=78,content/knowledge-base/dostoprimechatelnosti/deportes-extremos-en-paso-de-la-patria.md,content-quality-score.csv#kb:deportes-extremos-en-paso-de-la-patria
kb:dikaya-priroda,guide,/baza-znaniy/dikaya-priroda,Дикая природа Аргентины: где кого смотреть по сезонам,KEEP,P3,unassigned,open,baseline_quality_pass,content/knowledge-base/priroda/dikaya-priroda.md,content-quality-score.csv#kb:dikaya-priroda
kb:dinosaurios-de-la-patagonia,attraction,/baza-znaniy/dinosaurios-de-la-patagonia,Dinosaurios de la Патагония,EXPAND,P2,unassigned,open,status=stub|quality=78,content/knowledge-base/dostoprimechatelnosti/dinosaurios-de-la-patagonia.md,content-quality-score.csv#kb:dinosaurios-de-la-patagonia
kb:dinosaurios-en-neuquen,attraction,/baza-znaniy/dinosaurios-en-neuquen,Dinosaurs in Neuquén,EXPAND,P2,unassigned,open,status=stub|quality=78,content/knowledge-base/dostoprimechatelnosti/dinosaurios-en-neuquen.md,content-quality-score.csv#kb:dinosaurios-en-neuquen
kb:dique-piscu-yacu,attraction,/baza-znaniy/dique-piscu-yacu,Плотина Писку-Яку,LIGHT_EDIT,P2,unassigned,open,quality=79,content/knowledge-base/dostoprimechatelnosti/dique-piscu-yacu.md,content-quality-score.csv#kb:dique-piscu-yacu
kb:dni-cuil,guide,/baza-znaniy/dni-cuil,DNI и CUIL/CUIT в Аргентине: пошагово для иностранца,LEGAL_REVIEW,P0,unassigned,open,sensitive_without_reviewer,content/knowledge-base/pereezd/dni-cuil.md,content-quality-score.csv#kb:dni-cuil
kb:dni-cuil-cuit-putanitsa,author_tip,/baza-znaniy/dni-cuil-cuit-putanitsa,"CUIL, CUIT, CDI, AFIP/ARCA — путаница в названиях, которая стоит реального времени",LEGAL_REVIEW,P0,unassigned,open,quality=73|sensitive_without_reviewer|missing_primary_source,content/knowledge-base/lichnyy-opyt/dni-cuil-cuit-putanitsa.md,content-quality-score.csv#kb:dni-cuil-cuit-putanitsa
kb:dokumenty-dlya-poezdki-na-avto,guide,/baza-znaniy/dokumenty-dlya-poezdki-na-avto,"Какие документы нужны, чтобы ездить на автомобиле в Аргентине",LEGAL_REVIEW,P0,unassigned,open,quality=78|sensitive_without_reviewer,content/knowledge-base/transport/dokumenty-dlya-poezdki-na-avto.md,content-quality-score.csv#kb:dokumenty-dlya-poezdki-na-avto
kb:dostupnaya-sreda-i-invalidnost,guide,/baza-znaniy/dostupnaya-sreda-i-invalidnost,Доступная среда: путешествие и жизнь с инвалидностью в Аргентине,LIGHT_EDIT,P2,unassigned,open,quality=68,content/knowledge-base/puteshestvie/dostupnaya-sreda-i-invalidnost.md,content-quality-score.csv#kb:dostupnaya-sreda-i-invalidnost
kb:dunas-de-taton,attraction,/baza-znaniy/dunas-de-taton,Дюны Татон,LIGHT_EDIT,P2,unassigned,open,quality=79,content/knowledge-base/dostoprimechatelnosti/dunas-de-taton.md,content-quality-score.csv#kb:dunas-de-taton
kb:el-bolson,city,/baza-znaniy/el-bolson,Эль-Больсон,HUMAN_REVIEW,P2,unassigned,open,duplicate_candidate,content/knowledge-base/goroda/el-bolson.md,content-quality-score.csv#kb:el-bolson
kb:el-calafate,city,/baza-znaniy/el-calafate,Эль-Калафате,HUMAN_REVIEW,P2,unassigned,open,duplicate_candidate,content/knowledge-base/goroda/el-calafate.md,content-quality-score.csv#kb:el-calafate
kb:el-chaku,attraction,/baza-znaniy/el-chaku,Чаку,LIGHT_EDIT,P2,unassigned,open,quality=79,content/knowledge-base/dostoprimechatelnosti/el-chaku.md,content-quality-score.csv#kb:el-chaku
kb:el-chalten,city,/baza-znaniy/el-chalten,Эль-Чальтен,KEEP,P3,unassigned,open,baseline_quality_pass,content/knowledge-base/goroda/el-chalten.md,content-quality-score.csv#kb:el-chalten
kb:el-curanto,attraction,/baza-znaniy/el-curanto,Куранто,LIGHT_EDIT,P2,unassigned,open,quality=79,content/knowledge-base/dostoprimechatelnosti/el-curanto.md,content-quality-score.csv#kb:el-curanto
kb:el-gaucho,attraction,/baza-znaniy/el-gaucho,Гаучо,LIGHT_EDIT,P2,unassigned,open,quality=79,content/knowledge-base/dostoprimechatelnosti/el-gaucho.md,content-quality-score.csv#kb:el-gaucho
kb:el-hoyo,attraction,/baza-znaniy/el-hoyo,El Hoyo,LIGHT_EDIT,P2,unassigned,open,quality=78,content/knowledge-base/dostoprimechatelnosti/el-hoyo.md,content-quality-score.csv#kb:el-hoyo
kb:el-mate,attraction,/baza-znaniy/el-mate,Мате,LIGHT_EDIT,P2,unassigned,open,quality=79,content/knowledge-base/dostoprimechatelnosti/el-mate.md,content-quality-score.csv#kb:el-mate
kb:el-nihuil,attraction,/baza-znaniy/el-nihuil,Эль-Ниуиль,LIGHT_EDIT,P2,unassigned,open,quality=74,content/knowledge-base/dostoprimechatelnosti/el-nihuil.md,content-quality-score.csv#kb:el-nihuil
kb:el-obelisco-de-cafayate,attraction,/baza-znaniy/el-obelisco-de-cafayate,Обелиск Кафайяте,LIGHT_EDIT,P2,unassigned,open,quality=79,content/knowledge-base/dostoprimechatelnosti/el-obelisco-de-cafayate.md,content-quality-score.csv#kb:el-obelisco-de-cafayate
kb:el-rodeo,attraction,/baza-znaniy/el-rodeo,Эль-Родео,LIGHT_EDIT,P2,unassigned,open,quality=79,content/knowledge-base/dostoprimechatelnosti/el-rodeo.md,content-quality-score.csv#kb:el-rodeo
kb:el-salitral-encantado,attraction,/baza-znaniy/el-salitral-encantado,Эль-Салитраль-Энкантадо,LIGHT_EDIT,P2,unassigned,open,quality=79,content/knowledge-base/dostoprimechatelnosti/el-salitral-encantado.md,content-quality-score.csv#kb:el-salitral-encantado
kb:el-sauzalito,attraction,/baza-znaniy/el-sauzalito,Эль-Саусалито,LIGHT_EDIT,P2,unassigned,open,quality=79,content/knowledge-base/dostoprimechatelnosti/el-sauzalito.md,content-quality-score.csv#kb:el-sauzalito
kb:el-sosneado,attraction,/baza-znaniy/el-sosneado,Эль-Соснеадо,LIGHT_EDIT,P2,unassigned,open,quality=79,content/knowledge-base/dostoprimechatelnosti/el-sosneado.md,content-quality-score.csv#kb:el-sosneado
kb:el-trapiche,attraction,/baza-znaniy/el-trapiche,Эль-Трапиче,LIGHT_EDIT,P2,unassigned,open,quality=74,content/knowledge-base/dostoprimechatelnosti/el-trapiche.md,content-quality-score.csv#kb:el-trapiche
kb:el-tren-patagonico,attraction,/baza-znaniy/el-tren-patagonico,Патагонский поезд,LIGHT_EDIT,P2,unassigned,open,quality=78,content/knowledge-base/dostoprimechatelnosti/el-tren-patagonico.md,content-quality-score.csv#kb:el-tren-patagonico
kb:el-vino-malbec,attraction,/baza-znaniy/el-vino-malbec,Вино мальбек,LIGHT_EDIT,P2,unassigned,open,quality=74,content/knowledge-base/dostoprimechatelnosti/el-vino-malbec.md,content-quality-score.csv#kb:el-vino-malbec
kb:eldorado,attraction,/baza-znaniy/eldorado,Eldorado,EXPAND,P2,unassigned,open,status=stub|quality=78,content/knowledge-base/dostoprimechatelnosti/eldorado.md,content-quality-score.csv#kb:eldorado
kb:empanadas,guide,/baza-znaniy/empanadas,Эмпанадас: как читать главную уличную еду Аргентины,LIGHT_EDIT,P2,unassigned,open,quality=76,content/knowledge-base/kultura/empanadas.md,content-quality-score.csv#kb:empanadas
kb:empedrado,attraction,/baza-znaniy/empedrado,Empedrado,LIGHT_EDIT,P2,unassigned,open,quality=78,content/knowledge-base/dostoprimechatelnosti/empedrado.md,content-quality-score.csv#kb:empedrado
kb:empedrado-y-el-carrizal,attraction,/baza-znaniy/empedrado-y-el-carrizal,Empedrado and El Carrizal,EXPAND,P2,unassigned,open,status=stub|quality=78,content/knowledge-base/dostoprimechatelnosti/empedrado-y-el-carrizal.md,content-quality-score.csv#kb:empedrado-y-el-carrizal
kb:epuyen,attraction,/baza-znaniy/epuyen,Epuyén,EXPAND,P2,unassigned,open,status=stub|quality=78,content/knowledge-base/dostoprimechatelnosti/epuyen.md,content-quality-score.csv#kb:epuyen
kb:esim-i-svyaz,guide,/baza-znaniy/esim-i-svyaz,eSIM и связь в Аргентине,LEGAL_REVIEW,P0,unassigned,open,quality=58|sensitive_without_reviewer|missing_primary_source,content/knowledge-base/svyaz/esim-i-svyaz.md,content-quality-score.csv#kb:esim-i-svyaz
kb:esim-ili-lokalnaya-sim,faq,/baza-znaniy/esim-ili-lokalnaya-sim,Что выбрать в Аргентине — eSIM или локальную SIM-карту?,EXPAND,P2,unassigned,open,quality=48,content/knowledge-base/faq/esim-ili-lokalnaya-sim.md,content-quality-score.csv#kb:esim-ili-lokalnaya-sim
kb:esquel,city,/baza-znaniy/esquel,Эскель,EXPAND,P2,unassigned,open,quality=57|duplicate_candidate,content/knowledge-base/goroda/esquel.md,content-quality-score.csv#kb:esquel
kb:esquina,attraction,/baza-znaniy/esquina,Esquina,EXPAND,P2,unassigned,open,status=stub|quality=77,content/knowledge-base/dostoprimechatelnosti/esquina.md,content-quality-score.csv#kb:esquina
kb:estancias-turisticas-de-campo,attraction,/baza-znaniy/estancias-turisticas-de-campo,Tourist estancias in the countryside,EXPAND,P2,unassigned,open,status=stub|quality=78,content/knowledge-base/dostoprimechatelnosti/estancias-turisticas-de-campo.md,content-quality-score.csv#kb:estancias-turisticas-de-campo
kb:expedicion-al-avion-de-los-uruguayos,attraction,/baza-znaniy/expedicion-al-avion-de-los-uruguayos,Expedition to the Uruguayan team’s plane,EXPAND,P2,unassigned,open,status=stub|quality=78,content/knowledge-base/dostoprimechatelnosti/expedicion-al-avion-de-los-uruguayos.md,content-quality-score.csv#kb:expedicion-al-avion-de-los-uruguayos
kb:expediciones-en-el-lago-huechulafquen,attraction,/baza-znaniy/expediciones-en-el-lago-huechulafquen,Expeditions in Huechulafquen Lake,EXPAND,P2,unassigned,open,status=stub|quality=78,content/knowledge-base/dostoprimechatelnosti/expediciones-en-el-lago-huechulafquen.md,content-quality-score.csv#kb:expediciones-en-el-lago-huechulafquen
kb:falshivye-policejskie-i-obmenniki,author_tip,/baza-znaniy/falshivye-policejskie-i-obmenniki,"Слишком хороший курс на обмене — почти всегда повод насторожиться, а не обрадоваться",LEGAL_REVIEW,P0,unassigned,open,quality=73|sensitive_without_reviewer|missing_primary_source,content/knowledge-base/lichnyy-opyt/falshivye-policejskie-i-obmenniki.md,content-quality-score.csv#kb:falshivye-policejskie-i-obmenniki
kb:federacion,city,/baza-znaniy/federacion,Federación,EXPAND,P2,unassigned,open,status=stub|quality=78,content/knowledge-base/goroda/federacion.md,content-quality-score.csv#kb:federacion
kb:feria-de-simoca,attraction,/baza-znaniy/feria-de-simoca,Simoca Fair,EXPAND,P2,unassigned,open,status=stub|quality=78,content/knowledge-base/dostoprimechatelnosti/feria-de-simoca.md,content-quality-score.csv#kb:feria-de-simoca
kb:festival-de-cosquin,attraction,/baza-znaniy/festival-de-cosquin,Cosquín Festival,EXPAND,P2,unassigned,open,status=stub|quality=78,content/knowledge-base/dostoprimechatelnosti/festival-de-cosquin.md,content-quality-score.csv#kb:festival-de-cosquin
kb:fiambala,attraction,/baza-znaniy/fiambala,Fiambalá,EXPAND,P2,unassigned,open,status=stub|quality=78,content/knowledge-base/dostoprimechatelnosti/fiambala.md,content-quality-score.csv#kb:fiambala
kb:fiesta-nacional-del-canotaje-en-chaco,attraction,/baza-znaniy/fiesta-nacional-del-canotaje-en-chaco,National Canoeing Festival in Chaco,EXPAND,P2,unassigned,open,status=stub|quality=78,content/knowledge-base/dostoprimechatelnosti/fiesta-nacional-del-canotaje-en-chaco.md,content-quality-score.csv#kb:fiesta-nacional-del-canotaje-en-chaco
kb:fiesta-nacional-del-sol-en-san-juan,attraction,/baza-znaniy/fiesta-nacional-del-sol-en-san-juan,National Sun Festival in San Juan,EXPAND,P2,unassigned,open,status=stub|quality=78,content/knowledge-base/dostoprimechatelnosti/fiesta-nacional-del-sol-en-san-juan.md,content-quality-score.csv#kb:fiesta-nacional-del-sol-en-san-juan
kb:fiestas-y-festivales-en-cordoba,attraction,/baza-znaniy/fiestas-y-festivales-en-cordoba,Córdoba Feasts and Festivals,EXPAND,P2,unassigned,open,status=stub|quality=78,content/knowledge-base/dostoprimechatelnosti/fiestas-y-festivales-en-cordoba.md,content-quality-score.csv#kb:fiestas-y-festivales-en-cordoba
kb:folklor-i-muzyka,guide,/baza-znaniy/folklor-i-muzyka,"Музыка Аргентины: фольклор, рок и куартето",LIGHT_EDIT,P2,unassigned,open,quality=74,content/knowledge-base/kultura/folklor-i-muzyka.md,content-quality-score.csv#kb:folklor-i-muzyka
kb:formosa,city,/baza-znaniy/formosa,Формоса,HUMAN_REVIEW,P2,unassigned,open,duplicate_candidate,content/knowledge-base/goroda/formosa.md,content-quality-score.csv#kb:formosa
kb:frutas-de-pepita-en-el-alto-valle-del-rio-negro,attraction,/baza-znaniy/frutas-de-pepita-en-el-alto-valle-del-rio-negro,Seed fruits in the Alto Valle del Río Negro,EXPAND,P2,unassigned,open,status=stub|quality=78,content/knowledge-base/dostoprimechatelnosti/frutas-de-pepita-en-el-alto-valle-del-rio-negro.md,content-quality-score.csv#kb:frutas-de-pepita-en-el-alto-valle-del-rio-negro
kb:futbol,guide,/baza-znaniy/futbol,Футбол в Аргентине,KEEP,P3,unassigned,open,baseline_quality_pass,content/knowledge-base/kultura/futbol.md,content-quality-score.csv#kb:futbol
kb:futbol-kak-popast-bez-skama,author_tip,/baza-znaniy/futbol-kak-popast-bez-skama,На футбол в Аргентине нельзя купить билет «как в Европе» — и это меняет весь план,LEGAL_REVIEW,P0,unassigned,open,quality=73|sensitive_without_reviewer|missing_primary_source,content/knowledge-base/lichnyy-opyt/futbol-kak-popast-bez-skama.md,content-quality-score.csv#kb:futbol-kak-popast-bez-skama
kb:gaiman,attraction,/baza-znaniy/gaiman,Gaiman,EXPAND,P2,unassigned,open,status=stub|quality=78,content/knowledge-base/dostoprimechatelnosti/gaiman.md,content-quality-score.csv#kb:gaiman
kb:galeses-en-argentina,attraction,/baza-znaniy/galeses-en-argentina,Welsh in Argentina,EXPAND,P2,unassigned,open,status=stub|quality=78,content/knowledge-base/dostoprimechatelnosti/galeses-en-argentina.md,content-quality-score.csv#kb:galeses-en-argentina
kb:gastronomia-de-chaco,attraction,/baza-znaniy/gastronomia-de-chaco,Food in Chaco,EXPAND,P2,unassigned,open,status=stub|quality=78,content/knowledge-base/dostoprimechatelnosti/gastronomia-de-chaco.md,content-quality-score.csv#kb:gastronomia-de-chaco
kb:gastronomia-de-entre-rios,attraction,/baza-znaniy/gastronomia-de-entre-rios,Food in Entre Ríos,EXPAND,P2,unassigned,open,status=stub|quality=78,content/knowledge-base/dostoprimechatelnosti/gastronomia-de-entre-rios.md,content-quality-score.csv#kb:gastronomia-de-entre-rios
kb:gastronomia-de-jujuy,attraction,/baza-znaniy/gastronomia-de-jujuy,Gastronomy in Jujuy,EXPAND,P2,unassigned,open,status=stub|quality=78,content/knowledge-base/dostoprimechatelnosti/gastronomia-de-jujuy.md,content-quality-score.csv#kb:gastronomia-de-jujuy
kb:gastronomia-de-la-pampa,attraction,/baza-znaniy/gastronomia-de-la-pampa,Food in La Pampa,EXPAND,P2,unassigned,open,status=stub|quality=78,content/knowledge-base/dostoprimechatelnosti/gastronomia-de-la-pampa.md,content-quality-score.csv#kb:gastronomia-de-la-pampa
kb:gastronomia-de-misiones,attraction,/baza-znaniy/gastronomia-de-misiones,Food in Misiones,EXPAND,P2,unassigned,open,status=stub|quality=78,content/knowledge-base/dostoprimechatelnosti/gastronomia-de-misiones.md,content-quality-score.csv#kb:gastronomia-de-misiones
kb:gastronomia-de-tierra-del-fuego,attraction,/baza-znaniy/gastronomia-de-tierra-del-fuego,Gastronomía de Огненная Земля,EXPAND,P2,unassigned,open,status=stub|quality=78,content/knowledge-base/dostoprimechatelnosti/gastronomia-de-tierra-del-fuego.md,content-quality-score.csv#kb:gastronomia-de-tierra-del-fuego
kb:gastronomia-en-cordoba,attraction,/baza-znaniy/gastronomia-en-cordoba,Food in Córdoba,EXPAND,P2,unassigned,open,status=stub|quality=78,content/knowledge-base/dostoprimechatelnosti/gastronomia-en-cordoba.md,content-quality-score.csv#kb:gastronomia-en-cordoba
kb:gastronomia-en-santa-fe,attraction,/baza-znaniy/gastronomia-en-santa-fe,Food in Santa Fe,EXPAND,P2,unassigned,open,status=stub|quality=78,content/knowledge-base/dostoprimechatelnosti/gastronomia-en-santa-fe.md,content-quality-score.csv#kb:gastronomia-en-santa-fe
kb:gastronomia-en-santiago-del-estero,attraction,/baza-znaniy/gastronomia-en-santiago-del-estero,Food in Santiago del Estero,EXPAND,P2,unassigned,open,status=stub|quality=78,content/knowledge-base/dostoprimechatelnosti/gastronomia-en-santiago-del-estero.md,content-quality-score.csv#kb:gastronomia-en-santiago-del-estero
kb:gastronomia-portena,attraction,/baza-znaniy/gastronomia-portena,Кухня Буэнос-Айреса,KEEP,P3,unassigned,open,baseline_quality_pass,content/knowledge-base/dostoprimechatelnosti/gastronomia-portena.md,content-quality-score.csv#kb:gastronomia-portena
kb:gde-luchshiy-karnaval-v-argentine,faq,/baza-znaniy/gde-luchshiy-karnaval-v-argentine,Где лучший карнавал в Аргентине?,KEEP,P3,unassigned,open,baseline_quality_pass,content/knowledge-base/faq/gde-luchshiy-karnaval-v-argentine.md,content-quality-score.csv#kb:gde-luchshiy-karnaval-v-argentine
kb:general-acha,attraction,/baza-znaniy/general-acha,General Acha,EXPAND,P2,unassigned,open,status=stub|quality=78,content/knowledge-base/dostoprimechatelnosti/general-acha.md,content-quality-score.csv#kb:general-acha
kb:gid-po-dengam,guide,/baza-znaniy/gid-po-dengam,Деньги в Аргентине: полный тематический гид,LEGAL_REVIEW,P0,unassigned,open,quality=59|duplicate_candidate|sensitive_without_reviewer|missing_primary_source,content/knowledge-base/dengi/gid-po-dengam.md,content-quality-score.csv#kb:gid-po-dengam
kb:gid-po-dokumentam,guide,/baza-znaniy/gid-po-dokumentam,Документы и легализация в Аргентине: полный тематический гид,LEGAL_REVIEW,P0,unassigned,open,quality=56|sensitive_without_reviewer|missing_primary_source,content/knowledge-base/pereezd/gid-po-dokumentam.md,content-quality-score.csv#kb:gid-po-dokumentam
kb:gid-po-kulture,guide,/baza-znaniy/gid-po-kulture,Культура и жизнь Аргентины: полный тематический гид,EXPAND,P2,unassigned,open,quality=55,content/knowledge-base/kultura/gid-po-kulture.md,content-quality-score.csv#kb:gid-po-kulture
kb:gid-po-medicine,guide,/baza-znaniy/gid-po-medicine,Медицина и здоровье в Аргентине: полный тематический гид,LEGAL_REVIEW,P0,unassigned,open,quality=51|sensitive_without_reviewer|missing_primary_source,content/knowledge-base/medicina/gid-po-medicine.md,content-quality-score.csv#kb:gid-po-medicine
kb:gid-po-transportu,transport,/baza-znaniy/gid-po-transportu,Транспорт в Аргентине: полный тематический гид,EXPAND,P2,unassigned,open,quality=53,content/knowledge-base/transport/gid-po-transportu.md,content-quality-score.csv#kb:gid-po-transportu
kb:gid-po-zhilyu,guide,/baza-znaniy/gid-po-zhilyu,Жильё в Аргентине: полный тематический гид,LEGAL_REVIEW,P0,unassigned,open,quality=51|duplicate_candidate|sensitive_without_reviewer|missing_primary_source,content/knowledge-base/zhile/gid-po-zhilyu.md,content-quality-score.csv#kb:gid-po-zhilyu
kb:gid-puteshestvennika,guide,/baza-znaniy/gid-puteshestvennika,Гид путешественника: с чего начать поездку в Аргентину,LIGHT_EDIT,P2,unassigned,open,quality=65,content/knowledge-base/puteshestvie/gid-puteshestvennika.md,content-quality-score.csv#kb:gid-puteshestvennika
kb:gid-relokanta,guide,/baza-znaniy/gid-relokanta,Гид релоканта: весь путь переезда в Аргентину по этапам,LEGAL_REVIEW,P0,unassigned,open,quality=65|sensitive_without_reviewer|missing_primary_source,content/knowledge-base/pereezd/gid-relokanta.md,content-quality-score.csv#kb:gid-relokanta
kb:glaciar-huemul,attraction,/baza-znaniy/glaciar-huemul,Ледник Уэмуль,LIGHT_EDIT,P2,unassigned,open,quality=79,content/knowledge-base/dostoprimechatelnosti/glaciar-huemul.md,content-quality-score.csv#kb:glaciar-huemul
kb:glaciar-ojo-del-albino,attraction,/baza-znaniy/glaciar-ojo-del-albino,Ледник Охо-дель-Альбино,LIGHT_EDIT,P2,unassigned,open,quality=74,content/knowledge-base/dostoprimechatelnosti/glaciar-ojo-del-albino.md,content-quality-score.csv#kb:glaciar-ojo-del-albino
kb:golf-en-mendoza,attraction,/baza-znaniy/golf-en-mendoza,Golf en Мендоса,EXPAND,P2,unassigned,open,status=stub|quality=73,content/knowledge-base/dostoprimechatelnosti/golf-en-mendoza.md,content-quality-score.csv#kb:golf-en-mendoza
kb:golf-en-tierra-del-fuego,attraction,/baza-znaniy/golf-en-tierra-del-fuego,Golf en Огненная Земля,EXPAND,P2,unassigned,open,status=stub|quality=78,content/knowledge-base/dostoprimechatelnosti/golf-en-tierra-del-fuego.md,content-quality-score.csv#kb:golf-en-tierra-del-fuego
kb:gosudarstvennye-prilozheniya,guide,/baza-znaniy/gosudarstvennye-prilozheniya,"Государственные приложения Аргентины: Mi Argentina, miBA, ARCA",LEGAL_REVIEW,P0,unassigned,open,quality=74|sensitive_without_reviewer,content/knowledge-base/svyaz/gosudarstvennye-prilozheniya.md,content-quality-score.csv#kb:gosudarstvennye-prilozheniya
kb:govoryat-li-v-argentine-po-anglijski,faq,/baza-znaniy/govoryat-li-v-argentine-po-anglijski,Говорят ли в Аргентине по-английски?,LEGAL_REVIEW,P0,unassigned,open,quality=73|sensitive_without_reviewer|missing_primary_source,content/knowledge-base/faq/govoryat-li-v-argentine-po-anglijski.md,content-quality-score.csv#kb:govoryat-li-v-argentine-po-anglijski
kb:grazhdanstvo,guide,/baza-znaniy/grazhdanstvo,Гражданство Аргентины: натурализация и правила 2026,LEGAL_REVIEW,P0,unassigned,open,quality=78|sensitive_without_reviewer,content/knowledge-base/pereezd/grazhdanstvo.md,content-quality-score.csv#kb:grazhdanstvo
kb:gualeguaychu,city,/baza-znaniy/gualeguaychu,Gualeguaychú,EXPAND,P2,unassigned,open,status=stub|quality=78,content/knowledge-base/goroda/gualeguaychu.md,content-quality-score.csv#kb:gualeguaychu
kb:herradura,attraction,/baza-znaniy/herradura,Herradura,EXPAND,P2,unassigned,open,status=stub|quality=78,content/knowledge-base/dostoprimechatelnosti/herradura.md,content-quality-score.csv#kb:herradura
kb:hornocal,attraction,/baza-znaniy/hornocal,Серрания-де-Орнокаль (Гора 14 цветов),EXPAND,P2,unassigned,open,quality=52,content/knowledge-base/dostoprimechatelnosti/hornocal.md,content-quality-score.csv#kb:hornocal
kb:humahuaca,attraction,/baza-znaniy/humahuaca,Humahuaca,EXPAND,P2,unassigned,open,status=stub|quality=78,content/knowledge-base/dostoprimechatelnosti/humahuaca.md,content-quality-score.csv#kb:humahuaca
kb:ibera,national_park,/baza-znaniy/ibera,Национальный парк Ибера,KEEP,P3,unassigned,open,baseline_quality_pass,content/knowledge-base/natsionalnye-parki/ibera.md,content-quality-score.csv#kb:ibera
kb:ibera-rassvet-i-tihie-portaly,author_tip,/baza-znaniy/ibera-rassvet-i-tihie-portaly,Ибера: почему стоит вставать затемно и какой портал выбрать ради тишины,LIGHT_EDIT,P2,unassigned,open,quality=78,content/knowledge-base/lichnyy-opyt/ibera-rassvet-i-tihie-portaly.md,content-quality-score.csv#kb:ibera-rassvet-i-tihie-portaly
kb:iglesia-nuestra-senora-del-rosario-y-san-francisco,attraction,/baza-znaniy/iglesia-nuestra-senora-del-rosario-y-san-francisco,Church Nuestra Señora del Rosario y San Francisco,EXPAND,P2,unassigned,open,status=stub|quality=73,content/knowledge-base/dostoprimechatelnosti/iglesia-nuestra-senora-del-rosario-y-san-francisco.md,content-quality-score.csv#kb:iglesia-nuestra-senora-del-rosario-y-san-francisco
kb:iguasu,national_park,/baza-znaniy/iguasu,Национальный парк Игуасу,KEEP,P3,unassigned,open,baseline_quality_pass,content/knowledge-base/natsionalnye-parki/iguasu.md,content-quality-score.csv#kb:iguasu
kb:iguasu-foto-sekrety,author_tip,/baza-znaniy/iguasu-foto-sekrety,"Как снимать водопады Игуасу так, чтобы по фото было видно их реальный размер",KEEP,P3,unassigned,open,baseline_quality_pass,content/knowledge-base/lichnyy-opyt/iguasu-foto-sekrety.md,content-quality-score.csv#kb:iguasu-foto-sekrety
kb:iguasu-ritm-bez-tolp-i-sveta,author_tip,/baza-znaniy/iguasu-ritm-bez-tolp-i-sveta,"Игуасу без толп: как выстроить день по свету, а не по расписанию автобусов",KEEP,P3,unassigned,open,baseline_quality_pass,content/knowledge-base/lichnyy-opyt/iguasu-ritm-bez-tolp-i-sveta.md,content-quality-score.csv#kb:iguasu-ritm-bez-tolp-i-sveta
kb:inflyatsiya-i-ekonomika,guide,/baza-znaniy/inflyatsiya-i-ekonomika,Инфляция и экономика Аргентины простыми словами,LEGAL_REVIEW,P0,unassigned,open,quality=73|sensitive_without_reviewer,content/knowledge-base/dengi/inflyatsiya-i-ekonomika.md,content-quality-score.csv#kb:inflyatsiya-i-ekonomika
kb:intendente-alvear,attraction,/baza-znaniy/intendente-alvear,Intendente Alvear,EXPAND,P2,unassigned,open,status=stub|quality=78,content/knowledge-base/dostoprimechatelnosti/intendente-alvear.md,content-quality-score.csv#kb:intendente-alvear
kb:interesnye-fakty,guide,/baza-znaniy/interesnye-fakty,Что удивляет в Аргентине: интересные факты,KEEP,P3,unassigned,open,baseline_quality_pass,content/knowledge-base/kultura/interesnye-fakty.md,content-quality-score.csv#kb:interesnye-fakty
kb:iruya,attraction,/baza-znaniy/iruya,Iruya,EXPAND,P2,unassigned,open,status=stub|quality=78,content/knowledge-base/dostoprimechatelnosti/iruya.md,content-quality-score.csv#kb:iruya
kb:ischigualasto,national_park,/baza-znaniy/ischigualasto,Парк Исчигуаласто (Долина Луны),KEEP,P3,unassigned,open,baseline_quality_pass,content/knowledge-base/natsionalnye-parki/ischigualasto.md,content-quality-score.csv#kb:ischigualasto
kb:isla-del-cerrito,attraction,/baza-znaniy/isla-del-cerrito,Isla del Cerrito,EXPAND,P2,unassigned,open,status=stub|quality=78,content/knowledge-base/dostoprimechatelnosti/isla-del-cerrito.md,content-quality-score.csv#kb:isla-del-cerrito
kb:isla-medialuna-antartida,attraction,/baza-znaniy/isla-medialuna-antartida,"Half Moon Island, Antarctica",EXPAND,P2,unassigned,open,status=stub|quality=73,content/knowledge-base/dostoprimechatelnosti/isla-medialuna-antartida.md,content-quality-score.csv#kb:isla-medialuna-antartida
kb:ispanskij-dlya-puteshestvennika,guide,/baza-znaniy/ispanskij-dlya-puteshestvennika,Аргентинский испанский для путешественника,KEEP,P3,unassigned,open,baseline_quality_pass,content/knowledge-base/kultura/ispanskij-dlya-puteshestvennika.md,content-quality-score.csv#kb:ispanskij-dlya-puteshestvennika
kb:istoriya-argentiny,guide,/baza-znaniy/istoriya-argentiny,Краткая история Аргентины для путешественника,LEGAL_REVIEW,P0,unassigned,open,quality=70|sensitive_without_reviewer,content/knowledge-base/kultura/istoriya-argentiny.md,content-quality-score.csv#kb:istoriya-argentiny
kb:istoriya-zheleznyh-dorog,transport,/baza-znaniy/istoriya-zheleznyh-dorog,История железных дорог Аргентины: расцвет и упадок,LIGHT_EDIT,P2,unassigned,open,quality=76,content/knowledge-base/transport/istoriya-zheleznyh-dorog.md,content-quality-score.csv#kb:istoriya-zheleznyh-dorog
kb:ituzaingo,attraction,/baza-znaniy/ituzaingo,Ituzaingó,EXPAND,P2,unassigned,open,status=stub|quality=78,content/knowledge-base/dostoprimechatelnosti/ituzaingo.md,content-quality-score.csv#kb:ituzaingo
kb:iz-esejsy-v-ba,transport,/baza-znaniy/iz-esejsy-v-ba,Из аэропорта Эсейса в Буэнос-Айрес,KEEP,P3,unassigned,open,baseline_quality_pass,content/knowledge-base/transport/iz-esejsy-v-ba.md,content-quality-score.csv#kb:iz-esejsy-v-ba
kb:jaaukanigas,attraction,/baza-znaniy/jaaukanigas,Jaaukanigás,EXPAND,P2,unassigned,open,status=stub|quality=78,content/knowledge-base/dostoprimechatelnosti/jaaukanigas.md,content-quality-score.csv#kb:jaaukanigas
kb:jachal,attraction,/baza-znaniy/jachal,Jáchal,EXPAND,P2,unassigned,open,status=stub|quality=78,content/knowledge-base/dostoprimechatelnosti/jachal.md,content-quality-score.csv#kb:jachal
kb:jaramillo,attraction,/baza-znaniy/jaramillo,Jaramillo,EXPAND,P2,unassigned,open,status=stub|quality=78,content/knowledge-base/dostoprimechatelnosti/jaramillo.md,content-quality-score.csv#kb:jaramillo
kb:juan-jose-castelli,attraction,/baza-znaniy/juan-jose-castelli,Juan José Castelli,EXPAND,P2,unassigned,open,status=stub|quality=78,content/knowledge-base/dostoprimechatelnosti/juan-jose-castelli.md,content-quality-score.csv#kb:juan-jose-castelli
kb:jujuy-en-bicicleta,attraction,/baza-znaniy/jujuy-en-bicicleta,Cover Jujuy by Bike,EXPAND,P2,unassigned,open,status=stub|quality=78,content/knowledge-base/dostoprimechatelnosti/jujuy-en-bicicleta.md,content-quality-score.csv#kb:jujuy-en-bicicleta
kb:junin-de-los-andes,attraction,/baza-znaniy/junin-de-los-andes,Junín de los Andes,EXPAND,P2,unassigned,open,status=stub|quality=78,content/knowledge-base/dostoprimechatelnosti/junin-de-los-andes.md,content-quality-score.csv#kb:junin-de-los-andes
kb:kachi,attraction,/baza-znaniy/kachi,Качи,HUMAN_REVIEW,P2,unassigned,open,duplicate_candidate,content/knowledge-base/dostoprimechatelnosti/kachi.md,content-quality-score.csv#kb:kachi
kb:kak-dobratsya-iz-rossii,transport,/baza-znaniy/kak-dobratsya-iz-rossii,Как добраться из России и СНГ в Аргентину,LEGAL_REVIEW,P0,unassigned,open,sensitive_without_reviewer,content/knowledge-base/transport/kak-dobratsya-iz-rossii.md,content-quality-score.csv#kb:kak-dobratsya-iz-rossii
kb:kak-kupit-aviabilety-deshevle,faq,/baza-znaniy/kak-kupit-aviabilety-deshevle,Как купить внутренние авиабилеты по Аргентине дешевле?,EXPAND,P2,unassigned,open,quality=61|duplicate_candidate,content/knowledge-base/faq/kak-kupit-aviabilety-deshevle.md,content-quality-score.csv#kb:kak-kupit-aviabilety-deshevle
kb:kak-menyat-valyutu,guide,/baza-znaniy/kak-menyat-valyutu,"Как менять валюту в Аргентине: курс, blue, MEP, карты",LEGAL_REVIEW,P0,unassigned,open,quality=73|sensitive_without_reviewer|missing_primary_source,content/knowledge-base/dengi/kak-menyat-valyutu.md,content-quality-score.csv#kb:kak-menyat-valyutu
kb:kak-oplatit-tur-i-zhilyo-zaranee,faq,/baza-znaniy/kak-oplatit-tur-i-zhilyo-zaranee,"Как оплатить тур, отель или экскурсию заранее, если моя карта РФ не работает?",LEGAL_REVIEW,P0,unassigned,open,quality=65|sensitive_without_reviewer|missing_primary_source,content/knowledge-base/faq/kak-oplatit-tur-i-zhilyo-zaranee.md,content-quality-score.csv#kb:kak-oplatit-tur-i-zhilyo-zaranee
kb:kak-perevezti-kota-ili-sobaku,faq,/baza-znaniy/kak-perevezti-kota-ili-sobaku,Как перевезти кота или собаку в Аргентину?,LEGAL_REVIEW,P0,unassigned,open,quality=78|sensitive_without_reviewer,content/knowledge-base/faq/kak-perevezti-kota-ili-sobaku.md,content-quality-score.csv#kb:kak-perevezti-kota-ili-sobaku
kb:kak-platit-esli-karta-rf-ne-rabotaet,faq,/baza-znaniy/kak-platit-esli-karta-rf-ne-rabotaet,"Как платить в Аргентине, если карты российских банков не работают?",LEGAL_REVIEW,P0,unassigned,open,quality=62|sensitive_without_reviewer|missing_primary_source,content/knowledge-base/faq/kak-platit-esli-karta-rf-ne-rabotaet.md,content-quality-score.csv#kb:kak-platit-esli-karta-rf-ne-rabotaet
kb:kak-poluchit-grazhdanstvo-za-2-goda,faq,/baza-znaniy/kak-poluchit-grazhdanstvo-za-2-goda,"Правда ли, что гражданство Аргентины можно получить за 2 года?",LEGAL_REVIEW,P0,unassigned,open,quality=62|sensitive_without_reviewer|missing_primary_source,content/knowledge-base/faq/kak-poluchit-grazhdanstvo-za-2-goda.md,content-quality-score.csv#kb:kak-poluchit-grazhdanstvo-za-2-goda
kb:kak-poluchit-prava-v-argentine,guide,/baza-znaniy/kak-poluchit-prava-v-argentine,"Как получить водительские права в Аргентине: иностранные, обмен и с нуля",LEGAL_REVIEW,P0,unassigned,open,sensitive_without_reviewer,content/knowledge-base/transport/kak-poluchit-prava-v-argentine.md,content-quality-score.csv#kb:kak-poluchit-prava-v-argentine
kb:kak-snyat-kvartiru-bez-garanta,faq,/baza-znaniy/kak-snyat-kvartiru-bez-garanta,Как снять квартиру в Аргентине без гаранта (garantía)?,LEGAL_REVIEW,P0,unassigned,open,sensitive_without_reviewer,content/knowledge-base/faq/kak-snyat-kvartiru-bez-garanta.md,content-quality-score.csv#kb:kak-snyat-kvartiru-bez-garanta
kb:kakie-dokumenty-vezti-s-soboj,faq,/baza-znaniy/kakie-dokumenty-vezti-s-soboj,Какие документы везти с собой при переезде в Аргентину?,LEGAL_REVIEW,P0,unassigned,open,sensitive_without_reviewer,content/knowledge-base/faq/kakie-dokumenty-vezti-s-soboj.md,content-quality-score.csv#kb:kakie-dokumenty-vezti-s-soboj
kb:kakie-privivki-nuzhny-dlya-argentiny,faq,/baza-znaniy/kakie-privivki-nuzhny-dlya-argentiny,Какие прививки нужны для поездки в Аргентину?,KEEP,P3,unassigned,open,baseline_quality_pass,content/knowledge-base/faq/kakie-privivki-nuzhny-dlya-argentiny.md,content-quality-score.csv#kb:kakie-privivki-nuzhny-dlya-argentiny
kb:kakie-rajony-ba-izbegat,faq,/baza-znaniy/kakie-rajony-ba-izbegat,Какие районы Буэнос-Айреса стоит избегать?,EXPAND,P2,unassigned,open,quality=62,content/knowledge-base/faq/kakie-rajony-ba-izbegat.md,content-quality-score.csv#kb:kakie-rajony-ba-izbegat
kb:kakie-rozetki-v-argentine,faq,/baza-znaniy/kakie-rozetki-v-argentine,"Какие розетки и напряжение в Аргентине, нужен ли адаптер?",KEEP,P3,unassigned,open,baseline_quality_pass,content/knowledge-base/faq/kakie-rozetki-v-argentine.md,content-quality-score.csv#kb:kakie-rozetki-v-argentine
kb:kakoj-dohod-nuzhen-dlya-rantye,faq,/baza-znaniy/kakoj-dohod-nuzhen-dlya-rantye,Какой доход нужен для получения резиденции рантье в Аргентине?,LEGAL_REVIEW,P0,unassigned,open,quality=55|sensitive_without_reviewer|missing_primary_source,content/knowledge-base/faq/kakoj-dohod-nuzhen-dlya-rantye.md,content-quality-score.csv#kb:kakoj-dohod-nuzhen-dlya-rantye
kb:kakoj-mesyats-kuda-ehat,faq,/baza-znaniy/kakoj-mesyats-kuda-ehat,У меня отпуск в конкретном месяце — куда в Аргентине в это время реально ехать?,LIGHT_EDIT,P2,unassigned,open,quality=65,content/knowledge-base/faq/kakoj-mesyats-kuda-ehat.md,content-quality-score.csv#kb:kakoj-mesyats-kuda-ehat
kb:kakoj-otrub-steika-zakazat,faq,/baza-znaniy/kakoj-otrub-steika-zakazat,"Bife de chorizo и ojo de bife — в чём разница, и что такое рибай?",EXPAND,P2,unassigned,open,quality=47,content/knowledge-base/faq/kakoj-otrub-steika-zakazat.md,content-quality-score.csv#kb:kakoj-otrub-steika-zakazat
kb:kaminito-la-boka,attraction,/baza-znaniy/kaminito-la-boka,Каминито и квартал Ла-Бока,LEGAL_REVIEW,P0,unassigned,open,sensitive_without_reviewer|missing_primary_source,content/knowledge-base/dostoprimechatelnosti/kaminito-la-boka.md,content-quality-score.csv#kb:kaminito-la-boka
kb:kanal-bigl-i-poezd-na-kray-sveta,attraction,/baza-znaniy/kanal-bigl-i-poezd-na-kray-sveta,Пролив Бигль и «Поезд на край света»,KEEP,P3,unassigned,open,baseline_quality_pass,content/knowledge-base/dostoprimechatelnosti/kanal-bigl-i-poezd-na-kray-sveta.md,content-quality-score.csv#kb:kanal-bigl-i-poezd-na-kray-sveta
kb:kayak-en-bariloche,attraction,/baza-znaniy/kayak-en-bariloche,Kayak en Барилоче,LIGHT_EDIT,P2,unassigned,open,quality=78,content/knowledge-base/dostoprimechatelnosti/kayak-en-bariloche.md,content-quality-score.csv#kb:kayak-en-bariloche
kb:kayak-en-el-parana,attraction,/baza-znaniy/kayak-en-el-parana,Kayaking in the Paraná,EXPAND,P2,unassigned,open,status=stub|quality=78,content/knowledge-base/dostoprimechatelnosti/kayak-en-el-parana.md,content-quality-score.csv#kb:kayak-en-el-parana
kb:kemping-i-palatki,guide,/baza-znaniy/kemping-i-palatki,Кемпинг и палатки в Аргентине,LEGAL_REVIEW,P0,unassigned,open,quality=64|sensitive_without_reviewer,content/knowledge-base/zhile/kemping-i-palatki.md,content-quality-score.csv#kb:kemping-i-palatki
kb:kladbische-recoleta,attraction,/baza-znaniy/kladbische-recoleta,Кладбище Реколета,KEEP,P3,unassigned,open,baseline_quality_pass,content/knowledge-base/dostoprimechatelnosti/kladbische-recoleta.md,content-quality-score.csv#kb:kladbische-recoleta
kb:klimat-po-regionam,guide,/baza-znaniy/klimat-po-regionam,Климат Аргентины по регионам,KEEP,P3,unassigned,open,baseline_quality_pass,content/knowledge-base/klimat/klimat-po-regionam.md,content-quality-score.csv#kb:klimat-po-regionam
kb:kogda-luchshe-ehat-v-argentinu,faq,/baza-znaniy/kogda-luchshe-ehat-v-argentinu,Когда лучше ехать в Аргентину?,EXPAND,P2,unassigned,open,quality=59,content/knowledge-base/faq/kogda-luchshe-ehat-v-argentinu.md,content-quality-score.csv#kb:kogda-luchshe-ehat-v-argentinu
kb:kogda-smotret-kitov-v-argentine,faq,/baza-znaniy/kogda-smotret-kitov-v-argentine,Когда лучше смотреть китов в Аргентине?,KEEP,P3,unassigned,open,baseline_quality_pass,content/knowledge-base/faq/kogda-smotret-kitov-v-argentine.md,content-quality-score.csv#kb:kogda-smotret-kitov-v-argentine
kb:kogda-uchebnyj-god-v-argentine,faq,/baza-znaniy/kogda-uchebnyj-god-v-argentine,Когда начинается учебный год в Аргентине?,LEGAL_REVIEW,P0,unassigned,open,quality=66|sensitive_without_reviewer|missing_primary_source,content/knowledge-base/faq/kogda-uchebnyj-god-v-argentine.md,content-quality-score.csv#kb:kogda-uchebnyj-god-v-argentine
kb:kordova,city,/baza-znaniy/kordova,Кордова,HUMAN_REVIEW,P2,unassigned,open,duplicate_candidate,content/knowledge-base/goroda/kordova.md,content-quality-score.csv#kb:kordova
kb:korrientes,city,/baza-znaniy/korrientes,Корриентес,HUMAN_REVIEW,P2,unassigned,open,duplicate_candidate,content/knowledge-base/goroda/korrientes.md,content-quality-score.csv#kb:korrientes
kb:kovorkingi-i-rabota-nomada,guide,/baza-znaniy/kovorkingi-i-rabota-nomada,Коворкинги и удалённая работа в Аргентине,LEGAL_REVIEW,P0,unassigned,open,quality=75|sensitive_without_reviewer,content/knowledge-base/svyaz/kovorkingi-i-rabota-nomada.md,content-quality-score.csv#kb:kovorkingi-i-rabota-nomada
kb:kuhnya,guide,/baza-znaniy/kuhnya,Кухня Аргентины,KEEP,P3,unassigned,open,baseline_quality_pass,content/knowledge-base/kultura/kuhnya.md,content-quality-score.csv#kb:kuhnya
kb:la-aripuca,attraction,/baza-znaniy/la-aripuca,Ла-Арипука,LIGHT_EDIT,P2,unassigned,open,quality=79,content/knowledge-base/dostoprimechatelnosti/la-aripuca.md,content-quality-score.csv#kb:la-aripuca
kb:la-cumbrecita,attraction,/baza-znaniy/la-cumbrecita,Ла-Кумбресита и Сьерры Кордовы,HUMAN_REVIEW,P2,unassigned,open,duplicate_candidate,content/knowledge-base/dostoprimechatelnosti/la-cumbrecita.md,content-quality-score.csv#kb:la-cumbrecita
kb:la-mitica-ruta-40,attraction,/baza-znaniy/la-mitica-ruta-40,Легендарная Рута 40,LIGHT_EDIT,P2,unassigned,open,quality=79,content/knowledge-base/dostoprimechatelnosti/la-mitica-ruta-40.md,content-quality-score.csv#kb:la-mitica-ruta-40
kb:la-plata,city,/baza-znaniy/la-plata,Ла-Плата,HUMAN_REVIEW,P2,unassigned,open,duplicate_candidate,content/knowledge-base/goroda/la-plata.md,content-quality-score.csv#kb:la-plata
kb:la-rioja,city,/baza-znaniy/la-rioja,Ла-Риоха,HUMAN_REVIEW,P2,unassigned,open,duplicate_candidate,content/knowledge-base/goroda/la-rioja.md,content-quality-score.csv#kb:la-rioja
kb:la-rioja-off-road,attraction,/baza-znaniy/la-rioja-off-road,Ла-Риоха: бездорожье,LIGHT_EDIT,P2,unassigned,open,quality=74,content/knowledge-base/dostoprimechatelnosti/la-rioja-off-road.md,content-quality-score.csv#kb:la-rioja-off-road
kb:la-ruta-del-chocolate,attraction,/baza-znaniy/la-ruta-del-chocolate,Шоколадный путь,LIGHT_EDIT,P2,unassigned,open,quality=79,content/knowledge-base/dostoprimechatelnosti/la-ruta-del-chocolate.md,content-quality-score.csv#kb:la-ruta-del-chocolate
kb:la-ruta-del-pehuen,attraction,/baza-znaniy/la-ruta-del-pehuen,Путь араукарии,LIGHT_EDIT,P2,unassigned,open,quality=79,content/knowledge-base/dostoprimechatelnosti/la-ruta-del-pehuen.md,content-quality-score.csv#kb:la-ruta-del-pehuen
kb:laberinto-patagonia,attraction,/baza-znaniy/laberinto-patagonia,Laberinto Патагония,LIGHT_EDIT,P2,unassigned,open,quality=78,content/knowledge-base/dostoprimechatelnosti/laberinto-patagonia.md,content-quality-score.csv#kb:laberinto-patagonia
kb:lago-del-desierto,attraction,/baza-znaniy/lago-del-desierto,Лаго-дель-Десьерто,LIGHT_EDIT,P2,unassigned,open,quality=79,content/knowledge-base/dostoprimechatelnosti/lago-del-desierto.md,content-quality-score.csv#kb:lago-del-desierto
kb:lago-mascardi,attraction,/baza-znaniy/lago-mascardi,Озеро Маскарди,LIGHT_EDIT,P2,unassigned,open,quality=79,content/knowledge-base/dostoprimechatelnosti/lago-mascardi.md,content-quality-score.csv#kb:lago-mascardi
kb:lago-posadas,attraction,/baza-znaniy/lago-posadas,Озеро Посадас,LIGHT_EDIT,P2,unassigned,open,quality=79,content/knowledge-base/dostoprimechatelnosti/lago-posadas.md,content-quality-score.csv#kb:lago-posadas
kb:lagos-de-tierra-del-fuego,attraction,/baza-znaniy/lagos-de-tierra-del-fuego,Lagos de Огненная Земля,LIGHT_EDIT,P2,unassigned,open,quality=78,content/knowledge-base/dostoprimechatelnosti/lagos-de-tierra-del-fuego.md,content-quality-score.csv#kb:lagos-de-tierra-del-fuego
kb:laguna-de-mar-chiquita,attraction,/baza-znaniy/laguna-de-mar-chiquita,Лагуна Мар-Чикита,LIGHT_EDIT,P2,unassigned,open,quality=79,content/knowledge-base/dostoprimechatelnosti/laguna-de-mar-chiquita.md,content-quality-score.csv#kb:laguna-de-mar-chiquita
kb:laguna-esmeralda,attraction,/baza-znaniy/laguna-esmeralda,Лагуна Эсмеральда,LIGHT_EDIT,P2,unassigned,open,quality=79,content/knowledge-base/dostoprimechatelnosti/laguna-esmeralda.md,content-quality-score.csv#kb:laguna-esmeralda
kb:laguna-melincue,attraction,/baza-znaniy/laguna-melincue,Лагуна Мелинкуэ,LIGHT_EDIT,P2,unassigned,open,quality=79,content/knowledge-base/dostoprimechatelnosti/laguna-melincue.md,content-quality-score.csv#kb:laguna-melincue
kb:lanin,national_park,/baza-znaniy/lanin,Национальный парк Ланин,HUMAN_REVIEW,P2,unassigned,open,duplicate_candidate,content/knowledge-base/natsionalnye-parki/lanin.md,content-quality-score.csv#kb:lanin
kb:lanin-sever-araukarii-i-termy,author_tip,/baza-znaniy/lanin-sever-araukarii-i-termy,"Ланин: тихий север парка с араукариями и дикими термами, куда мало кто доезжает",KEEP,P3,unassigned,open,baseline_quality_pass,content/knowledge-base/lichnyy-opyt/lanin-sever-araukarii-i-termy.md,content-quality-score.csv#kb:lanin-sever-araukarii-i-termy
kb:las-lenas,attraction,/baza-znaniy/las-lenas,Лас-Леньяс,EXPAND,P2,unassigned,open,quality=50|duplicate_candidate,content/knowledge-base/dostoprimechatelnosti/las-lenas.md,content-quality-score.csv#kb:las-lenas
kb:legado-jesuita-en-cordoba,attraction,/baza-znaniy/legado-jesuita-en-cordoba,Jesuit legacy in Córdoba,EXPAND,P2,unassigned,open,status=stub|quality=78,content/knowledge-base/dostoprimechatelnosti/legado-jesuita-en-cordoba.md,content-quality-score.csv#kb:legado-jesuita-en-cordoba
kb:lgbt-travel,guide,/baza-znaniy/lgbt-travel,ЛГБТ-путешествия и жизнь в Аргентине,LIGHT_EDIT,P2,unassigned,open,quality=66,content/knowledge-base/kultura/lgbt-travel.md,content-quality-score.csv#kb:lgbt-travel
kb:lihue-calel,national_park,/baza-znaniy/lihue-calel,Национальный парк Лиуэ-Калель,HUMAN_REVIEW,P2,unassigned,open,duplicate_candidate,content/knowledge-base/natsionalnye-parki/lihue-calel.md,content-quality-score.csv#kb:lihue-calel
kb:litoral,region,/baza-znaniy/litoral,Литораль (Северо-Восток / Месопотамия),KEEP,P3,unassigned,open,baseline_quality_pass,content/knowledge-base/regiony/litoral.md,content-quality-score.csv#kb:litoral
kb:los-alerces,national_park,/baza-znaniy/los-alerces,Национальный парк Лос-Алерсес,HUMAN_REVIEW,P2,unassigned,open,duplicate_candidate,content/knowledge-base/natsionalnye-parki/los-alerces.md,content-quality-score.csv#kb:los-alerces
kb:los-antiguos,city,/baza-znaniy/los-antiguos,Los Antiguos,EXPAND,P2,unassigned,open,status=stub|quality=78,content/knowledge-base/goroda/los-antiguos.md,content-quality-score.csv#kb:los-antiguos
kb:los-cardones,national_park,/baza-znaniy/los-cardones,Национальный парк Лос-Кардонес,HUMAN_REVIEW,P2,unassigned,open,duplicate_candidate,content/knowledge-base/natsionalnye-parki/los-cardones.md,content-quality-score.csv#kb:los-cardones
kb:los-gigantes,attraction,/baza-znaniy/los-gigantes,Лос-Хигантес,LIGHT_EDIT,P2,unassigned,open,quality=78,content/knowledge-base/dostoprimechatelnosti/los-gigantes.md,content-quality-score.csv#kb:los-gigantes
kb:los-glasiares,national_park,/baza-znaniy/los-glasiares,Национальный парк Лос-Гласьярес,KEEP,P3,unassigned,open,baseline_quality_pass,content/knowledge-base/natsionalnye-parki/los-glasiares.md,content-quality-score.csv#kb:los-glasiares
kb:los-glasiares-ritm-dvuh-baz,author_tip,/baza-znaniy/los-glasiares-ritm-dvuh-baz,Лос-Гласьярес: как пройти Перито-Морено и Фицрой без толп и без риска остаться без погоды,KEEP,P3,unassigned,open,baseline_quality_pass,content/knowledge-base/lichnyy-opyt/los-glasiares-ritm-dvuh-baz.md,content-quality-score.csv#kb:los-glasiares-ritm-dvuh-baz
kb:los-valles-calchaquies,attraction,/baza-znaniy/los-valles-calchaquies,Долины Кальчаки,LIGHT_EDIT,P2,unassigned,open,quality=79,content/knowledge-base/dostoprimechatelnosti/los-valles-calchaquies.md,content-quality-score.csv#kb:los-valles-calchaquies
kb:lujan,city,/baza-znaniy/lujan,Лухан,EXPAND,P2,unassigned,open,quality=52|duplicate_candidate,content/knowledge-base/goroda/lujan.md,content-quality-score.csv#kb:lujan
kb:lyubimoe-asado-mesto,author_tip,/baza-znaniy/lyubimoe-asado-mesto,Любимая паррилья или место для асадо у Ивана,EXPAND,P2,unassigned,open,status=backlog|quality=50|review_due,content/knowledge-base/lichnyy-opyt/lyubimoe-asado-mesto.md,content-quality-score.csv#kb:lyubimoe-asado-mesto
kb:lyubimoe-mesto-ne-iz-putevoditelej,author_tip,/baza-znaniy/lyubimoe-mesto-ne-iz-putevoditelej,Мой любимый район Буэнос-Айреса — тихий Parque Chas,LIGHT_EDIT,P2,unassigned,open,quality=65,content/knowledge-base/lichnyy-opyt/lyubimoe-mesto-ne-iz-putevoditelej.md,content-quality-score.csv#kb:lyubimoe-mesto-ne-iz-putevoditelej
kb:maimara,attraction,/baza-znaniy/maimara,Maimará,EXPAND,P2,unassigned,open,status=stub|quality=78,content/knowledge-base/dostoprimechatelnosti/maimara.md,content-quality-score.csv#kb:maimara
kb:malargue,attraction,/baza-znaniy/malargue,Malargüe,EXPAND,P2,unassigned,open,status=stub|quality=78,content/knowledge-base/dostoprimechatelnosti/malargue.md,content-quality-score.csv#kb:malargue
kb:mar-de-las-pampas,attraction,/baza-znaniy/mar-de-las-pampas,Мар-де-лас-Пампас,DEEP_REWRITE,P1,unassigned,open,quality=41|duplicate_candidate,content/knowledge-base/dostoprimechatelnosti/mar-de-las-pampas.md,content-quality-score.csv#kb:mar-de-las-pampas
kb:mar-del-plata,city,/baza-znaniy/mar-del-plata,Мар-дель-Плата,HUMAN_REVIEW,P2,unassigned,open,duplicate_candidate,content/knowledge-base/goroda/mar-del-plata.md,content-quality-score.csv#kb:mar-del-plata
kb:marshrut-vyhodnogo-dnya-ivana,author_tip,/baza-znaniy/marshrut-vyhodnogo-dnya-ivana,Авторский маршрут выходного дня от Ивана,EXPAND,P2,unassigned,open,status=backlog|quality=50|review_due,content/knowledge-base/lichnyy-opyt/marshrut-vyhodnogo-dnya-ivana.md,content-quality-score.csv#kb:marshrut-vyhodnogo-dnya-ivana
kb:mate,guide,/baza-znaniy/mate,Мате: национальный напиток и его этикет,KEEP,P3,unassigned,open,baseline_quality_pass,content/knowledge-base/kultura/mate.md,content-quality-score.csv#kb:mate
kb:mate-en-la-laguna-capri,attraction,/baza-znaniy/mate-en-la-laguna-capri,Have some mate by the Capri lagoon,EXPAND,P2,unassigned,open,status=stub|quality=78,content/knowledge-base/dostoprimechatelnosti/mate-en-la-laguna-capri.md,content-quality-score.csv#kb:mate-en-la-laguna-capri
kb:mate-etiket-spasibo-lovushka,author_tip,/baza-znaniy/mate-etiket-spasibo-lovushka,«Спасибо» в кругу мате значит «больше не наливайте» — типичная ловушка для гостя,KEEP,P3,unassigned,open,baseline_quality_pass,content/knowledge-base/lichnyy-opyt/mate-etiket-spasibo-lovushka.md,content-quality-score.csv#kb:mate-etiket-spasibo-lovushka
kb:medicina-i-strahovka,guide,/baza-znaniy/medicina-i-strahovka,Медицина и страховка в Аргентине,LEGAL_REVIEW,P0,unassigned,open,quality=72|sensitive_without_reviewer|missing_primary_source,content/knowledge-base/medicina/medicina-i-strahovka.md,content-quality-score.csv#kb:medicina-i-strahovka
kb:mendoza,city,/baza-znaniy/mendoza,Мендоса,HUMAN_REVIEW,P2,unassigned,open,duplicate_candidate,content/knowledge-base/goroda/mendoza.md,content-quality-score.csv#kb:mendoza
kb:mendoza-best-of-wine-tourism,attraction,/baza-znaniy/mendoza-best-of-wine-tourism,"Мендоса, Best of wine tourism",EXPAND,P2,unassigned,open,status=stub|quality=73,content/knowledge-base/dostoprimechatelnosti/mendoza-best-of-wine-tourism.md,content-quality-score.csv#kb:mendoza-best-of-wine-tourism
kb:mendoza-odna-zona-v-den,author_tip,/baza-znaniy/mendoza-odna-zona-v-den,Мендоса: главная ошибка — смешать винные зоны за один день,LIGHT_EDIT,P2,unassigned,open,quality=78,content/knowledge-base/lichnyy-opyt/mendoza-odna-zona-v-den.md,content-quality-score.csv#kb:mendoza-odna-zona-v-den
kb:mentalitet-i-etiket,guide,/baza-znaniy/mentalitet-i-etiket,Менталитет и этикет аргентинцев: как здесь принято,LEGAL_REVIEW,P0,unassigned,open,quality=58|sensitive_without_reviewer|missing_primary_source,content/knowledge-base/kultura/mentalitet-i-etiket.md,content-quality-score.csv#kb:mentalitet-i-etiket
kb:mercedes-corrientes,city,/baza-znaniy/mercedes-corrientes,Мерседес (Корриентес),EXPAND,P2,unassigned,open,quality=52|duplicate_candidate,content/knowledge-base/goroda/mercedes-corrientes.md,content-quality-score.csv#kb:mercedes-corrientes
kb:merlo,city,/baza-znaniy/merlo,Мерло,EXPAND,P2,unassigned,open,quality=58|duplicate_candidate,content/knowledge-base/goroda/merlo.md,content-quality-score.csv#kb:merlo
kb:mezhgorodnie-avtobusy,transport,/baza-znaniy/mezhgorodnie-avtobusy,Междугородние автобусы Аргентины (micros),KEEP,P3,unassigned,open,baseline_quality_pass,content/knowledge-base/transport/mezhgorodnie-avtobusy.md,content-quality-score.csv#kb:mezhgorodnie-avtobusy
kb:mify-ob-argentine,guide,/baza-znaniy/mify-ob-argentine,"Мифы об Аргентине, в которые пора перестать верить",LIGHT_EDIT,P2,unassigned,open,quality=77,content/knowledge-base/kultura/mify-ob-argentine.md,content-quality-score.csv#kb:mify-ob-argentine
kb:minitrekking-sobre-el-glaciar-perito-moreno,attraction,/baza-znaniy/minitrekking-sobre-el-glaciar-perito-moreno,Minitrekking sobre el Glaciar Перито-Морено,EXPAND,P2,unassigned,open,status=stub|quality=78,content/knowledge-base/dostoprimechatelnosti/minitrekking-sobre-el-glaciar-perito-moreno.md,content-quality-score.csv#kb:minitrekking-sobre-el-glaciar-perito-moreno
kb:miraflores,attraction,/baza-znaniy/miraflores,Miraflores,EXPAND,P2,unassigned,open,status=stub|quality=78,content/knowledge-base/dostoprimechatelnosti/miraflores.md,content-quality-score.csv#kb:miraflores
kb:molino-forclaz,attraction,/baza-znaniy/molino-forclaz,Forclaz Windmill,EXPAND,P2,unassigned,open,status=stub|quality=78,content/knowledge-base/dostoprimechatelnosti/molino-forclaz.md,content-quality-score.csv#kb:molino-forclaz
kb:montanismo-en-jujuy,attraction,/baza-znaniy/montanismo-en-jujuy,Mountain Climbing in Jujuy,EXPAND,P2,unassigned,open,status=stub|quality=78,content/knowledge-base/dostoprimechatelnosti/montanismo-en-jujuy.md,content-quality-score.csv#kb:montanismo-en-jujuy
kb:monte-olivia-y-glaciar-de-agostini,attraction,/baza-znaniy/monte-olivia-y-glaciar-de-agostini,Monte Olivia and Glaciar de Agostini,EXPAND,P2,unassigned,open,status=stub|quality=78,content/knowledge-base/dostoprimechatelnosti/monte-olivia-y-glaciar-de-agostini.md,content-quality-score.csv#kb:monte-olivia-y-glaciar-de-agostini
kb:monumento-natural-laguna-de-los-pozuelos,attraction,/baza-znaniy/monumento-natural-laguna-de-los-pozuelos,Природный памятник Лагуна-де-лос-Посуэлос,KEEP,P3,unassigned,open,baseline_quality_pass,content/knowledge-base/dostoprimechatelnosti/monumento-natural-laguna-de-los-pozuelos.md,content-quality-score.csv#kb:monumento-natural-laguna-de-los-pozuelos
kb:motochorros-telefon-na-ulitse,author_tip,/baza-znaniy/motochorros-telefon-na-ulitse,Телефон в руке у края тротуара — самая частая ошибка туриста в Буэнос-Айресе,LEGAL_REVIEW,P0,unassigned,open,quality=73|sensitive_without_reviewer|missing_primary_source,content/knowledge-base/lichnyy-opyt/motochorros-telefon-na-ulitse.md,content-quality-score.csv#kb:motochorros-telefon-na-ulitse
kb:mountain-bike-en-piedra-del-aguila,attraction,/baza-znaniy/mountain-bike-en-piedra-del-aguila,Mountain biking in Piedra del Águila,LEGAL_REVIEW,P0,unassigned,open,status=stub|quality=66|sensitive_without_reviewer,content/knowledge-base/dostoprimechatelnosti/mountain-bike-en-piedra-del-aguila.md,content-quality-score.csv#kb:mountain-bike-en-piedra-del-aguila
kb:mozhno-li-delat-vizaran,faq,/baza-znaniy/mozhno-li-delat-vizaran,"Можно ли жить в Аргентине на визаранах, как в Азии?",LEGAL_REVIEW,P0,unassigned,open,sensitive_without_reviewer,content/knowledge-base/faq/mozhno-li-delat-vizaran.md,content-quality-score.csv#kb:mozhno-li-delat-vizaran
kb:mozhno-li-doehat-do-ushuaji-na-mashine,faq,/baza-znaniy/mozhno-li-doehat-do-ushuaji-na-mashine,Можно ли доехать до Ушуайи на машине?,KEEP,P3,unassigned,open,baseline_quality_pass,content/knowledge-base/faq/mozhno-li-doehat-do-ushuaji-na-mashine.md,content-quality-score.csv#kb:mozhno-li-doehat-do-ushuaji-na-mashine
kb:mozhno-li-ezdit-po-inostrannym-pravam,faq,/baza-znaniy/mozhno-li-ezdit-po-inostrannym-pravam,Можно ли ездить в Аргентине по иностранным (российским) правам?,LEGAL_REVIEW,P0,unassigned,open,sensitive_without_reviewer,content/knowledge-base/faq/mozhno-li-ezdit-po-inostrannym-pravam.md,content-quality-score.csv#kb:mozhno-li-ezdit-po-inostrannym-pravam
kb:mozhno-li-otkryt-schet-nerezidentu,faq,/baza-znaniy/mozhno-li-otkryt-schet-nerezidentu,Можно ли иностранцу открыть банковский счёт в Аргентине без резиденции?,LEGAL_REVIEW,P0,unassigned,open,quality=60|sensitive_without_reviewer|missing_primary_source,content/knowledge-base/faq/mozhno-li-otkryt-schet-nerezidentu.md,content-quality-score.csv#kb:mozhno-li-otkryt-schet-nerezidentu
kb:mozhno-li-pit-vodu-iz-krana,faq,/baza-znaniy/mozhno-li-pit-vodu-iz-krana,Можно ли пить воду из-под крана в Аргентине?,LEGAL_REVIEW,P0,unassigned,open,quality=73|sensitive_without_reviewer|missing_primary_source,content/knowledge-base/faq/mozhno-li-pit-vodu-iz-krana.md,content-quality-score.csv#kb:mozhno-li-pit-vodu-iz-krana
kb:mozhno-li-rabotat-na-mestnuyu-kompaniyu,faq,/baza-znaniy/mozhno-li-rabotat-na-mestnuyu-kompaniyu,Можно ли иностранцу устроиться на работу в аргентинскую компанию?,LEGAL_REVIEW,P0,unassigned,open,sensitive_without_reviewer,content/knowledge-base/faq/mozhno-li-rabotat-na-mestnuyu-kompaniyu.md,content-quality-score.csv#kb:mozhno-li-rabotat-na-mestnuyu-kompaniyu
kb:mozhno-li-snimat-dronom,faq,/baza-znaniy/mozhno-li-snimat-dronom,Можно ли снимать дроном в Аргентине туристу?,KEEP,P3,unassigned,open,baseline_quality_pass,content/knowledge-base/faq/mozhno-li-snimat-dronom.md,content-quality-score.csv#kb:mozhno-li-snimat-dronom
kb:mozhno-li-uchitsya-v-universitete-besplatno,faq,/baza-znaniy/mozhno-li-uchitsya-v-universitete-besplatno,Может ли иностранец учиться в аргентинском университете бесплатно?,LEGAL_REVIEW,P0,unassigned,open,sensitive_without_reviewer,content/knowledge-base/faq/mozhno-li-uchitsya-v-universitete-besplatno.md,content-quality-score.csv#kb:mozhno-li-uchitsya-v-universitete-besplatno
kb:mozhno-li-uvidet-lednik-bez-trekkinga,faq,/baza-znaniy/mozhno-li-uvidet-lednik-bez-trekkinga,Можно ли увидеть ледник Перито-Морено без специальной подготовки и трекинга?,EXPAND,P2,unassigned,open,quality=55,content/knowledge-base/faq/mozhno-li-uvidet-lednik-bez-trekkinga.md,content-quality-score.csv#kb:mozhno-li-uvidet-lednik-bez-trekkinga
kb:mozhno-li-vodit-po-rossijskim-pravam,faq,/baza-znaniy/mozhno-li-vodit-po-rossijskim-pravam,Можно ли водить машину в Аргентине по российским правам?,LEGAL_REVIEW,P0,unassigned,open,sensitive_without_reviewer,content/knowledge-base/faq/mozhno-li-vodit-po-rossijskim-pravam.md,content-quality-score.csv#kb:mozhno-li-vodit-po-rossijskim-pravam
kb:museo-arqueologico-los-menhires,attraction,/baza-znaniy/museo-arqueologico-los-menhires,Los Menhires Archaeological Museum,EXPAND,P2,unassigned,open,status=stub|quality=78,content/knowledge-base/dostoprimechatelnosti/museo-arqueologico-los-menhires.md,content-quality-score.csv#kb:museo-arqueologico-los-menhires
kb:museo-de-arqueologia-de-alta-montana,attraction,/baza-znaniy/museo-de-arqueologia-de-alta-montana,High Mountain Archeological Museum [Museo de Arqueología de Alta Montaña],EXPAND,P2,unassigned,open,status=stub|quality=78,content/knowledge-base/dostoprimechatelnosti/museo-de-arqueologia-de-alta-montana.md,content-quality-score.csv#kb:museo-de-arqueologia-de-alta-montana
kb:museos-de-buenos-aires,attraction,/baza-znaniy/museos-de-buenos-aires,Музеи Буэнос-Айреса,KEEP,P3,unassigned,open,baseline_quality_pass,content/knowledge-base/dostoprimechatelnosti/museos-de-buenos-aires.md,content-quality-score.csv#kb:museos-de-buenos-aires
kb:museos-de-salta,attraction,/baza-znaniy/museos-de-salta,Salta Museums,EXPAND,P2,unassigned,open,status=stub|quality=78,content/knowledge-base/dostoprimechatelnosti/museos-de-salta.md,content-quality-score.csv#kb:museos-de-salta
kb:nablyudenie-pro-dengi-i-banki,author_tip,/baza-znaniy/nablyudenie-pro-dengi-i-banki,Личное наблюдение Ивана о деньгах и банках в Аргентине,LEGAL_REVIEW,P0,unassigned,open,status=backlog|quality=50|sensitive_without_reviewer|missing_primary_source|review_due,content/knowledge-base/lichnyy-opyt/nablyudenie-pro-dengi-i-banki.md,content-quality-score.csv#kb:nablyudenie-pro-dengi-i-banki
kb:nalogi-i-monotributo,guide,/baza-znaniy/nalogi-i-monotributo,Налоги и монотрибуто в Аргентине для релоканта,LEGAL_REVIEW,P0,unassigned,open,sensitive_without_reviewer,content/knowledge-base/dengi/nalogi-i-monotributo.md,content-quality-score.csv#kb:nalogi-i-monotributo
kb:narodnye-svyatye,guide,/baza-znaniy/narodnye-svyatye,Народные святые Аргентины: Гаучито Хиль и Дифунта Корреа,KEEP,P3,unassigned,open,baseline_quality_pass,content/knowledge-base/kultura/narodnye-svyatye.md,content-quality-score.csv#kb:narodnye-svyatye
kb:nauel-uapi,national_park,/baza-znaniy/nauel-uapi,Национальный парк Науэль-Уапи,KEEP,P3,unassigned,open,baseline_quality_pass,content/knowledge-base/natsionalnye-parki/nauel-uapi.md,content-quality-score.csv#kb:nauel-uapi
kb:nauka-i-tehnologii,guide,/baza-znaniy/nauka-i-tehnologii,"Наука, космос и технологии: чем гордится Аргентина",LIGHT_EDIT,P2,unassigned,open,quality=74,content/knowledge-base/kultura/nauka-i-tehnologii.md,content-quality-score.csv#kb:nauka-i-tehnologii
kb:navegacion-en-los-rios-limay-y-neuquen,attraction,/baza-znaniy/navegacion-en-los-rios-limay-y-neuquen,Sailing on the Limay and Neuquén rivers,LIGHT_EDIT,P2,unassigned,open,quality=78,content/knowledge-base/dostoprimechatelnosti/navegacion-en-los-rios-limay-y-neuquen.md,content-quality-score.csv#kb:navegacion-en-los-rios-limay-y-neuquen
kb:navegacion-en-tierra-del-fuego,attraction,/baza-znaniy/navegacion-en-tierra-del-fuego,Navegación en Огненная Земля,EXPAND,P2,unassigned,open,status=stub|quality=79,content/knowledge-base/dostoprimechatelnosti/navegacion-en-tierra-del-fuego.md,content-quality-score.csv#kb:navegacion-en-tierra-del-fuego
kb:navegacion-entre-glaciares,attraction,/baza-znaniy/navegacion-entre-glaciares,Sailing among glaciers,EXPAND,P2,unassigned,open,status=stub|quality=78,content/knowledge-base/dostoprimechatelnosti/navegacion-entre-glaciares.md,content-quality-score.csv#kb:navegacion-entre-glaciares
kb:navegacion-por-el-lago-argentino,attraction,/baza-znaniy/navegacion-por-el-lago-argentino,Sailing along Lago Argentino,LIGHT_EDIT,P2,unassigned,open,quality=78,content/knowledge-base/dostoprimechatelnosti/navegacion-por-el-lago-argentino.md,content-quality-score.csv#kb:navegacion-por-el-lago-argentino
kb:necochea,city,/baza-znaniy/necochea,Некочеа,EXPAND,P2,unassigned,open,quality=56|duplicate_candidate,content/knowledge-base/goroda/necochea.md,content-quality-score.csv#kb:necochea
kb:neuken,city,/baza-znaniy/neuken,Неукен,HUMAN_REVIEW,P2,unassigned,open,duplicate_candidate,content/knowledge-base/goroda/neuken.md,content-quality-score.csv#kb:neuken
kb:nevado-de-chani,attraction,/baza-znaniy/nevado-de-chani,Nevado de Chañi,EXPAND,P2,unassigned,open,status=stub|quality=73,content/knowledge-base/dostoprimechatelnosti/nevado-de-chani.md,content-quality-score.csv#kb:nevado-de-chani
kb:newells-old-boys,attraction,/baza-znaniy/newells-old-boys,Newell's Old Boys,LIGHT_EDIT,P2,unassigned,open,quality=78,content/knowledge-base/dostoprimechatelnosti/newells-old-boys.md,content-quality-score.csv#kb:newells-old-boys
kb:noa,region,/baza-znaniy/noa,Северо-Запад (NOA),KEEP,P3,unassigned,open,baseline_quality_pass,content/knowledge-base/regiony/noa.md,content-quality-score.csv#kb:noa
kb:noa-kolco,route,/baza-znaniy/noa-kolco,"Кольцо по Северо-Западу (NOA): Сальта, долины и Жужуй",KEEP,P3,unassigned,open,baseline_quality_pass,content/knowledge-base/marshruty/noa-kolco.md,content-quality-score.csv#kb:noa-kolco
kb:nueva-cordoba,attraction,/baza-znaniy/nueva-cordoba,Nueva Córdoba,EXPAND,P2,unassigned,open,status=stub|quality=73,content/knowledge-base/dostoprimechatelnosti/nueva-cordoba.md,content-quality-score.csv#kb:nueva-cordoba
kb:nuzhen-li-4x4-ruta-40,faq,/baza-znaniy/nuzhen-li-4x4-ruta-40,Нужен ли полноприводный автомобиль для Дороги семи озёр и Руты 40?,EXPAND,P2,unassigned,open,quality=57,content/knowledge-base/faq/nuzhen-li-4x4-ruta-40.md,content-quality-score.csv#kb:nuzhen-li-4x4-ruta-40
kb:nuzhen-li-permit-na-akonkagua,faq,/baza-znaniy/nuzhen-li-permit-na-akonkagua,"Нужен ли пермит, чтобы увидеть Аконкагуа?",KEEP,P3,unassigned,open,baseline_quality_pass,content/knowledge-base/faq/nuzhen-li-permit-na-akonkagua.md,content-quality-score.csv#kb:nuzhen-li-permit-na-akonkagua
kb:nuzhna-li-strahovka-dlya-vezda,faq,/baza-znaniy/nuzhna-li-strahovka-dlya-vezda,Нужна ли медицинская страховка для поездки в Аргентину?,LEGAL_REVIEW,P0,unassigned,open,quality=59|sensitive_without_reviewer|missing_primary_source,content/knowledge-base/faq/nuzhna-li-strahovka-dlya-vezda.md,content-quality-score.csv#kb:nuzhna-li-strahovka-dlya-vezda
kb:nuzhna-li-viza-cifrovomu-kochevniku,faq,/baza-znaniy/nuzhna-li-viza-cifrovomu-kochevniku,"Нужна ли отдельная виза цифровому кочевнику в Аргентине, если можно въехать по безвизу на 90 дней?",LEGAL_REVIEW,P0,unassigned,open,quality=60|sensitive_without_reviewer|missing_primary_source,content/knowledge-base/faq/nuzhna-li-viza-cifrovomu-kochevniku.md,content-quality-score.csv#kb:nuzhna-li-viza-cifrovomu-kochevniku
kb:nuzhno-li-ostavlyat-chaevye,faq,/baza-znaniy/nuzhno-li-ostavlyat-chaevye,Нужно ли оставлять чаевые в Аргентине и сколько?,KEEP,P3,unassigned,open,baseline_quality_pass,content/knowledge-base/faq/nuzhno-li-ostavlyat-chaevye.md,content-quality-score.csv#kb:nuzhno-li-ostavlyat-chaevye
kb:nuzhno-li-otkazyvatsya-ot-grazhdanstva,faq,/baza-znaniy/nuzhno-li-otkazyvatsya-ot-grazhdanstva,Нужно ли отказываться от российского гражданства при получении аргентинского?,LEGAL_REVIEW,P0,unassigned,open,quality=55|sensitive_without_reviewer|missing_primary_source,content/knowledge-base/faq/nuzhno-li-otkazyvatsya-ot-grazhdanstva.md,content-quality-score.csv#kb:nuzhno-li-otkazyvatsya-ot-grazhdanstva
kb:obera,attraction,/baza-znaniy/obera,Oberá,EXPAND,P2,unassigned,open,status=stub|quality=78,content/knowledge-base/dostoprimechatelnosti/obera.md,content-quality-score.csv#kb:obera
kb:obzornaya-loma-pliege-tumbado,author_tip,/baza-znaniy/obzornaya-loma-pliege-tumbado,Недооценённая смотровая Эль-Чальтена в обход очереди на Лагуна-де-лос-Трес,KEEP,P3,unassigned,open,baseline_quality_pass,content/knowledge-base/lichnyy-opyt/obzornaya-loma-pliege-tumbado.md,content-quality-score.csv#kb:obzornaya-loma-pliege-tumbado
kb:ognennaya-zemlya,national_park,/baza-znaniy/ognennaya-zemlya,Национальный парк Огненная Земля,HUMAN_REVIEW,P2,unassigned,open,duplicate_candidate,content/knowledge-base/natsionalnye-parki/ognennaya-zemlya.md,content-quality-score.csv#kb:ognennaya-zemlya
kb:ognennaya-zemlya-serro-guanako,author_tip,/baza-znaniy/ognennaya-zemlya-serro-guanako,"Огненная Земля: вид сверху, который видят немногие, и торфяники, мимо которых все проходят",LIGHT_EDIT,P2,unassigned,open,quality=78,content/knowledge-base/lichnyy-opyt/ognennaya-zemlya-serro-guanako.md,content-quality-score.csv#kb:ognennaya-zemlya-serro-guanako
kb:oshibka-s-dokumentami,author_tip,/baza-znaniy/oshibka-s-dokumentami,Как я выбрал судебный путь к гражданству — и почему отказался от него,LEGAL_REVIEW,P0,unassigned,open,quality=65|sensitive_without_reviewer|missing_primary_source,content/knowledge-base/lichnyy-opyt/oshibka-s-dokumentami.md,content-quality-score.csv#kb:oshibka-s-dokumentami
kb:oshibka-s-zhilyom,author_tip,/baza-znaniy/oshibka-s-zhilyom,Как я переплатил за первую квартиру в Буэнос-Айресе,LEGAL_REVIEW,P0,unassigned,open,quality=65|sensitive_without_reviewer|missing_primary_source,content/knowledge-base/lichnyy-opyt/oshibka-s-zhilyom.md,content-quality-score.csv#kb:oshibka-s-zhilyom
kb:otkrytie-biznesa,guide,/baza-znaniy/otkrytie-biznesa,Открытие бизнеса и самозанятость в Аргентине,LEGAL_REVIEW,P0,unassigned,open,quality=69|sensitive_without_reviewer,content/knowledge-base/dengi/otkrytie-biznesa.md,content-quality-score.csv#kb:otkrytie-biznesa
kb:pampa,region,/baza-znaniy/pampa,Центр (Пампа),KEEP,P3,unassigned,open,baseline_quality_pass,content/knowledge-base/regiony/pampa.md,content-quality-score.csv#kb:pampa
kb:parana,city,/baza-znaniy/parana,Парана,HUMAN_REVIEW,P2,unassigned,open,duplicate_candidate,content/knowledge-base/goroda/parana.md,content-quality-score.csv#kb:parana
kb:parapente-en-cerro-san-javier,attraction,/baza-znaniy/parapente-en-cerro-san-javier,Paragliding in Cerro San Javier,EXPAND,P2,unassigned,open,status=stub|quality=78,content/knowledge-base/dostoprimechatelnosti/parapente-en-cerro-san-javier.md,content-quality-score.csv#kb:parapente-en-cerro-san-javier
kb:parque-aereo-de-san-jose,attraction,/baza-znaniy/parque-aereo-de-san-jose,San José Aerial Park,EXPAND,P2,unassigned,open,status=stub|quality=79,content/knowledge-base/dostoprimechatelnosti/parque-aereo-de-san-jose.md,content-quality-score.csv#kb:parque-aereo-de-san-jose
kb:parque-general-san-martin,attraction,/baza-znaniy/parque-general-san-martin,General San Martin Park,EXPAND,P2,unassigned,open,status=stub|quality=78,content/knowledge-base/dostoprimechatelnosti/parque-general-san-martin.md,content-quality-score.csv#kb:parque-general-san-martin
kb:parque-marino-costero-patagonia-austral,attraction,/baza-znaniy/parque-marino-costero-patagonia-austral,Parque Marino Costero Патагония Austral,EXPAND,P2,unassigned,open,status=stub|quality=78,content/knowledge-base/dostoprimechatelnosti/parque-marino-costero-patagonia-austral.md,content-quality-score.csv#kb:parque-marino-costero-patagonia-austral
kb:parque-marino-isla-pinguino,attraction,/baza-znaniy/parque-marino-isla-pinguino,Isla Pingüino Sea Park,EXPAND,P2,unassigned,open,status=stub|quality=78,content/knowledge-base/dostoprimechatelnosti/parque-marino-isla-pinguino.md,content-quality-score.csv#kb:parque-marino-isla-pinguino
kb:parque-marino-makenke,attraction,/baza-znaniy/parque-marino-makenke,Makenke Sea Park,EXPAND,P2,unassigned,open,status=stub|quality=78,content/knowledge-base/dostoprimechatelnosti/parque-marino-makenke.md,content-quality-score.csv#kb:parque-marino-makenke
kb:parque-nacional-aconquija,national_park,/baza-znaniy/parque-nacional-aconquija,Национальный парк Аконкиха,KEEP,P3,unassigned,open,baseline_quality_pass,content/knowledge-base/natsionalnye-parki/parque-nacional-aconquija.md,content-quality-score.csv#kb:parque-nacional-aconquija
kb:parque-nacional-baritu,national_park,/baza-znaniy/parque-nacional-baritu,Национальный парк Баритý,KEEP,P3,unassigned,open,baseline_quality_pass,content/knowledge-base/natsionalnye-parki/parque-nacional-baritu.md,content-quality-score.csv#kb:parque-nacional-baritu
kb:parque-nacional-bosques-petrificados,national_park,/baza-znaniy/parque-nacional-bosques-petrificados,национальный парк Bosques Petrificados,KEEP,P3,unassigned,open,baseline_quality_pass,content/knowledge-base/natsionalnye-parki/parque-nacional-bosques-petrificados.md,content-quality-score.csv#kb:parque-nacional-bosques-petrificados
kb:parque-nacional-calilegua,national_park,/baza-znaniy/parque-nacional-calilegua,Национальный парк Калилегуа,KEEP,P3,unassigned,open,baseline_quality_pass,content/knowledge-base/natsionalnye-parki/parque-nacional-calilegua.md,content-quality-score.csv#kb:parque-nacional-calilegua
kb:parque-nacional-campos-del-tuyu,national_park,/baza-znaniy/parque-nacional-campos-del-tuyu,Национальный парк Кампос-дель-Тую,KEEP,P3,unassigned,open,baseline_quality_pass,content/knowledge-base/natsionalnye-parki/parque-nacional-campos-del-tuyu.md,content-quality-score.csv#kb:parque-nacional-campos-del-tuyu
kb:parque-nacional-chaco,national_park,/baza-znaniy/parque-nacional-chaco,Национальный парк Чако,HUMAN_REVIEW,P2,unassigned,open,duplicate_candidate,content/knowledge-base/natsionalnye-parki/parque-nacional-chaco.md,content-quality-score.csv#kb:parque-nacional-chaco
kb:parque-nacional-ciervo-de-los-pantanos,national_park,/baza-znaniy/parque-nacional-ciervo-de-los-pantanos,Национальный парк Сьерво-де-лос-Пантанос,KEEP,P3,unassigned,open,baseline_quality_pass,content/knowledge-base/natsionalnye-parki/parque-nacional-ciervo-de-los-pantanos.md,content-quality-score.csv#kb:parque-nacional-ciervo-de-los-pantanos
kb:parque-nacional-copo,national_park,/baza-znaniy/parque-nacional-copo,Национальный парк Копо,KEEP,P3,unassigned,open,baseline_quality_pass,content/knowledge-base/natsionalnye-parki/parque-nacional-copo.md,content-quality-score.csv#kb:parque-nacional-copo
kb:parque-nacional-el-leoncito,national_park,/baza-znaniy/parque-nacional-el-leoncito,национальный парк El Leoncito,KEEP,P3,unassigned,open,baseline_quality_pass,content/knowledge-base/natsionalnye-parki/parque-nacional-el-leoncito.md,content-quality-score.csv#kb:parque-nacional-el-leoncito
kb:parque-nacional-el-palmar,national_park,/baza-znaniy/parque-nacional-el-palmar,Национальный парк Эль-Пальмар,HUMAN_REVIEW,P2,unassigned,open,duplicate_candidate,content/knowledge-base/natsionalnye-parki/parque-nacional-el-palmar.md,content-quality-score.csv#kb:parque-nacional-el-palmar
kb:parque-nacional-el-rey,national_park,/baza-znaniy/parque-nacional-el-rey,Национальный парк Эль-Рей,HUMAN_REVIEW,P2,unassigned,open,duplicate_candidate,content/knowledge-base/natsionalnye-parki/parque-nacional-el-rey.md,content-quality-score.csv#kb:parque-nacional-el-rey
kb:parque-nacional-iguazu-patrimonio-de-la-humanidad,national_park,/baza-znaniy/parque-nacional-iguazu-patrimonio-de-la-humanidad,национальный парк Игуасу: Patrimonio de la Humanidad,EXPAND,P2,unassigned,open,status=stub|quality=78,content/knowledge-base/natsionalnye-parki/parque-nacional-iguazu-patrimonio-de-la-humanidad.md,content-quality-score.csv#kb:parque-nacional-iguazu-patrimonio-de-la-humanidad
kb:parque-nacional-islas-de-santa-fe,national_park,/baza-znaniy/parque-nacional-islas-de-santa-fe,национальный парк Islas de Santa Fe,KEEP,P3,unassigned,open,baseline_quality_pass,content/knowledge-base/natsionalnye-parki/parque-nacional-islas-de-santa-fe.md,content-quality-score.csv#kb:parque-nacional-islas-de-santa-fe
kb:parque-nacional-lago-puelo,national_park,/baza-znaniy/parque-nacional-lago-puelo,Национальный парк Лаго-Пуэло,KEEP,P3,unassigned,open,baseline_quality_pass,content/knowledge-base/natsionalnye-parki/parque-nacional-lago-puelo.md,content-quality-score.csv#kb:parque-nacional-lago-puelo
kb:parque-nacional-laguna-blanca,national_park,/baza-znaniy/parque-nacional-laguna-blanca,национальный парк Laguna Blanca,KEEP,P3,unassigned,open,baseline_quality_pass,content/knowledge-base/natsionalnye-parki/parque-nacional-laguna-blanca.md,content-quality-score.csv#kb:parque-nacional-laguna-blanca
kb:parque-nacional-los-alerces-patrimonio-de-la-humanidad,national_park,/baza-znaniy/parque-nacional-los-alerces-patrimonio-de-la-humanidad,национальный парк Los Alerces: Patrimonio de la Humanidad,KEEP,P3,unassigned,open,baseline_quality_pass,content/knowledge-base/natsionalnye-parki/parque-nacional-los-alerces-patrimonio-de-la-humanidad.md,content-quality-score.csv#kb:parque-nacional-los-alerces-patrimonio-de-la-humanidad
kb:parque-nacional-los-arrayanes,national_park,/baza-znaniy/parque-nacional-los-arrayanes,Национальный парк Лос-Арраянес,KEEP,P3,unassigned,open,baseline_quality_pass,content/knowledge-base/natsionalnye-parki/parque-nacional-los-arrayanes.md,content-quality-score.csv#kb:parque-nacional-los-arrayanes
kb:parque-nacional-los-cardones,national_park,/baza-znaniy/parque-nacional-los-cardones,национальный парк Los Cardones,KEEP,P3,unassigned,open,baseline_quality_pass,content/knowledge-base/natsionalnye-parki/parque-nacional-los-cardones.md,content-quality-score.csv#kb:parque-nacional-los-cardones
kb:parque-nacional-los-glaciares-patrimonio-de-la-humanidad,national_park,/baza-znaniy/parque-nacional-los-glaciares-patrimonio-de-la-humanidad,национальный парк Los Glaciares: Patrimonio de la Humanidad,EXPAND,P2,unassigned,open,status=stub|quality=78,content/knowledge-base/natsionalnye-parki/parque-nacional-los-glaciares-patrimonio-de-la-humanidad.md,content-quality-score.csv#kb:parque-nacional-los-glaciares-patrimonio-de-la-humanidad
kb:parque-nacional-monte-leon,national_park,/baza-znaniy/parque-nacional-monte-leon,национальный парк Monte León,KEEP,P3,unassigned,open,baseline_quality_pass,content/knowledge-base/natsionalnye-parki/parque-nacional-monte-leon.md,content-quality-score.csv#kb:parque-nacional-monte-leon
kb:parque-nacional-perito-moreno,national_park,/baza-znaniy/parque-nacional-perito-moreno,Национальный парк Перито-Морено,KEEP,P3,unassigned,open,baseline_quality_pass,content/knowledge-base/natsionalnye-parki/parque-nacional-perito-moreno.md,content-quality-score.csv#kb:parque-nacional-perito-moreno
kb:parque-nacional-pre-delta,national_park,/baza-znaniy/parque-nacional-pre-delta,Национальный парк Пре-Дельта,KEEP,P3,unassigned,open,baseline_quality_pass,content/knowledge-base/natsionalnye-parki/parque-nacional-pre-delta.md,content-quality-score.csv#kb:parque-nacional-pre-delta
kb:parque-nacional-rio-pilcomayo,national_park,/baza-znaniy/parque-nacional-rio-pilcomayo,Национальный парк Рио-Пилькомайо,LEGAL_REVIEW,P0,unassigned,open,duplicate_candidate|sensitive_without_reviewer,content/knowledge-base/natsionalnye-parki/parque-nacional-rio-pilcomayo.md,content-quality-score.csv#kb:parque-nacional-rio-pilcomayo
kb:parque-nacional-san-guillermo,national_park,/baza-znaniy/parque-nacional-san-guillermo,национальный парк San Guillermo,KEEP,P3,unassigned,open,baseline_quality_pass,content/knowledge-base/natsionalnye-parki/parque-nacional-san-guillermo.md,content-quality-score.csv#kb:parque-nacional-san-guillermo
kb:parque-nacional-tierra-del-fuego,national_park,/baza-znaniy/parque-nacional-tierra-del-fuego,национальный парк Огненная Земля,HUMAN_REVIEW,P2,unassigned,open,duplicate_candidate,content/knowledge-base/natsionalnye-parki/parque-nacional-tierra-del-fuego.md,content-quality-score.csv#kb:parque-nacional-tierra-del-fuego
kb:parque-natural-valle-fertil,attraction,/baza-znaniy/parque-natural-valle-fertil,Valle Fértil Natural Park,EXPAND,P2,unassigned,open,status=stub|quality=78,content/knowledge-base/dostoprimechatelnosti/parque-natural-valle-fertil.md,content-quality-score.csv#kb:parque-natural-valle-fertil
kb:parque-provincial-cordon-del-plata,national_park,/baza-znaniy/parque-provincial-cordon-del-plata,Провинциальный парк Кордон-дель-Плата,LIGHT_EDIT,P2,unassigned,open,quality=78,content/knowledge-base/natsionalnye-parki/parque-provincial-cordon-del-plata.md,content-quality-score.csv#kb:parque-provincial-cordon-del-plata
kb:parque-provincial-ischigualasto,national_park,/baza-znaniy/parque-provincial-ischigualasto,провинциальный парк Ischigualasto,KEEP,P3,unassigned,open,baseline_quality_pass,content/knowledge-base/natsionalnye-parki/parque-provincial-ischigualasto.md,content-quality-score.csv#kb:parque-provincial-ischigualasto
kb:parques-de-parana,attraction,/baza-znaniy/parques-de-parana,Paraná Parks,EXPAND,P2,unassigned,open,status=stub|quality=78,content/knowledge-base/dostoprimechatelnosti/parques-de-parana.md,content-quality-score.csv#kb:parques-de-parana
kb:parques-naturales-ischigualasto-y-talampaya-patrimonios-de-la-humanidad,attraction,/baza-znaniy/parques-naturales-ischigualasto-y-talampaya-patrimonios-de-la-humanidad,Ischigualasto and Talampaya Natural Parks: World Heritage Sites,EXPAND,P2,unassigned,open,status=stub|quality=79,content/knowledge-base/dostoprimechatelnosti/parques-naturales-ischigualasto-y-talampaya-patrimonios-de-la-humanidad.md,content-quality-score.csv#kb:parques-naturales-ischigualasto-y-talampaya-patrimonios-de-la-humanidad
kb:paseos-acuaticos-en-herradura,attraction,/baza-znaniy/paseos-acuaticos-en-herradura,Water rides in Herradura,EXPAND,P2,unassigned,open,status=stub|quality=78,content/knowledge-base/dostoprimechatelnosti/paseos-acuaticos-en-herradura.md,content-quality-score.csv#kb:paseos-acuaticos-en-herradura
kb:paseos-aereos-en-ushuaia,attraction,/baza-znaniy/paseos-aereos-en-ushuaia,Paseos aéreos en Ушуайя,EXPAND,P2,unassigned,open,status=stub|quality=78,content/knowledge-base/dostoprimechatelnosti/paseos-aereos-en-ushuaia.md,content-quality-score.csv#kb:paseos-aereos-en-ushuaia
kb:paso-de-la-patria,attraction,/baza-znaniy/paso-de-la-patria,Paso de la Patria,EXPAND,P2,unassigned,open,status=stub|quality=78,content/knowledge-base/dostoprimechatelnosti/paso-de-la-patria.md,content-quality-score.csv#kb:paso-de-la-patria
kb:pasos-del-papa-francisco,attraction,/baza-znaniy/pasos-del-papa-francisco,After the steps of Pope Francis,EXPAND,P2,unassigned,open,status=stub|quality=78,content/knowledge-base/dostoprimechatelnosti/pasos-del-papa-francisco.md,content-quality-score.csv#kb:pasos-del-papa-francisco
kb:patagonia,region,/baza-znaniy/patagonia,Патагония,HUMAN_REVIEW,P2,unassigned,open,duplicate_candidate,content/knowledge-base/regiony/patagonia.md,content-quality-score.csv#kb:patagonia
kb:patagonia-de-los-lagos,attraction,/baza-znaniy/patagonia-de-los-lagos,Патагония de los lagos,EXPAND,P2,unassigned,open,status=stub|quality=78,content/knowledge-base/dostoprimechatelnosti/patagonia-de-los-lagos.md,content-quality-score.csv#kb:patagonia-de-los-lagos
kb:patagonia-park,national_park,/baza-znaniy/patagonia-park,Национальный парк Патагония,HUMAN_REVIEW,P2,unassigned,open,duplicate_candidate,content/knowledge-base/natsionalnye-parki/patagonia-park.md,content-quality-score.csv#kb:patagonia-park
kb:patagonia-yug,route,/baza-znaniy/patagonia-yug,"Юг Патагонии: ледники, Фицрой и край света",KEEP,P3,unassigned,open,baseline_quality_pass,content/knowledge-base/marshruty/patagonia-yug.md,content-quality-score.csv#kb:patagonia-yug
kb:patinaje-en-bahia-redonda,attraction,/baza-znaniy/patinaje-en-bahia-redonda,Ice-skating in Bahía Redonda,EXPAND,P2,unassigned,open,status=stub|quality=78,content/knowledge-base/dostoprimechatelnosti/patinaje-en-bahia-redonda.md,content-quality-score.csv#kb:patinaje-en-bahia-redonda
kb:penas-folkloricas-en-salta,attraction,/baza-znaniy/penas-folkloricas-en-salta,Folk peñas in Salta,EXPAND,P2,unassigned,open,status=stub|quality=78,content/knowledge-base/dostoprimechatelnosti/penas-folkloricas-en-salta.md,content-quality-score.csv#kb:penas-folkloricas-en-salta
kb:peninsula-valdes,national_park,/baza-znaniy/peninsula-valdes,Полуостров Вальдес,HUMAN_REVIEW,P2,unassigned,open,duplicate_candidate,content/knowledge-base/natsionalnye-parki/peninsula-valdes.md,content-quality-score.csv#kb:peninsula-valdes
kb:peninsula-valdes-sitio-patrimonio-mundial-de-la-unesco,attraction,/baza-znaniy/peninsula-valdes-sitio-patrimonio-mundial-de-la-unesco,Península Valdés: World Heritage Site,EXPAND,P2,unassigned,open,status=stub|quality=78,content/knowledge-base/dostoprimechatelnosti/peninsula-valdes-sitio-patrimonio-mundial-de-la-unesco.md,content-quality-score.csv#kb:peninsula-valdes-sitio-patrimonio-mundial-de-la-unesco
kb:pereezd-s-minimalnym-byudzhetom,guide,/baza-znaniy/pereezd-s-minimalnym-byudzhetom,Переезд в Аргентину с минимальным бюджетом ($6-8 тысяч),LEGAL_REVIEW,P0,unassigned,open,quality=58|sensitive_without_reviewer|missing_primary_source,content/knowledge-base/pereezd/pereezd-s-minimalnym-byudzhetom.md,content-quality-score.csv#kb:pereezd-s-minimalnym-byudzhetom
kb:perevoz-veshchey-i-pitomtsev,guide,/baza-znaniy/perevoz-veshchey-i-pitomtsev,Перевоз личных вещей и домашних животных при переезде в Аргентину,LEGAL_REVIEW,P0,unassigned,open,sensitive_without_reviewer,content/knowledge-base/pereezd/perevoz-veshchey-i-pitomtsev.md,content-quality-score.csv#kb:perevoz-veshchey-i-pitomtsev
kb:perito-moreno,attraction,/baza-znaniy/perito-moreno,Ледник Перито-Морено,HUMAN_REVIEW,P2,unassigned,open,duplicate_candidate,content/knowledge-base/dostoprimechatelnosti/perito-moreno.md,content-quality-score.csv#kb:perito-moreno
kb:pervyj-mesyac-plan,guide,/baza-znaniy/pervyj-mesyac-plan,Первый месяц в Аргентине по дням: пошаговый план,LEGAL_REVIEW,P0,unassigned,open,quality=66|sensitive_without_reviewer|missing_primary_source,content/knowledge-base/pereezd/pervyj-mesyac-plan.md,content-quality-score.csv#kb:pervyj-mesyac-plan
kb:pervyj-mesyac-v-argentine,author_tip,/baza-znaniy/pervyj-mesyac-v-argentine,"Первый месяц в Аргентине: ощущение, что попал на другую планету",LIGHT_EDIT,P2,unassigned,open,quality=65,content/knowledge-base/lichnyy-opyt/pervyj-mesyac-v-argentine.md,content-quality-score.csv#kb:pervyj-mesyac-v-argentine
kb:pesca-con-devolucion-en-entre-rios,attraction,/baza-znaniy/pesca-con-devolucion-en-entre-rios,Catch-and-release fishing in Entre Ríos,EXPAND,P2,unassigned,open,status=stub|quality=78,content/knowledge-base/dostoprimechatelnosti/pesca-con-devolucion-en-entre-rios.md,content-quality-score.csv#kb:pesca-con-devolucion-en-entre-rios
kb:pesca-con-devolucion-en-formosa,attraction,/baza-znaniy/pesca-con-devolucion-en-formosa,Catch-and-release fishing in Formosa,EXPAND,P2,unassigned,open,status=stub|quality=78,content/knowledge-base/dostoprimechatelnosti/pesca-con-devolucion-en-formosa.md,content-quality-score.csv#kb:pesca-con-devolucion-en-formosa
kb:pesca-deportiva-en-entre-rios,attraction,/baza-znaniy/pesca-deportiva-en-entre-rios,Sport fishing in Entre Ríos,EXPAND,P2,unassigned,open,status=stub|quality=78,content/knowledge-base/dostoprimechatelnosti/pesca-deportiva-en-entre-rios.md,content-quality-score.csv#kb:pesca-deportiva-en-entre-rios
kb:pesca-deportiva-en-isla-del-cerrito,attraction,/baza-znaniy/pesca-deportiva-en-isla-del-cerrito,Sport fishing at Isla del Cerrito,EXPAND,P2,unassigned,open,status=stub|quality=78,content/knowledge-base/dostoprimechatelnosti/pesca-deportiva-en-isla-del-cerrito.md,content-quality-score.csv#kb:pesca-deportiva-en-isla-del-cerrito
kb:pesca-en-el-dique-cabra-corral,attraction,/baza-znaniy/pesca-en-el-dique-cabra-corral,Fishing at the Cabra Corral Dam,EXPAND,P2,unassigned,open,status=stub|quality=78,content/knowledge-base/dostoprimechatelnosti/pesca-en-el-dique-cabra-corral.md,content-quality-score.csv#kb:pesca-en-el-dique-cabra-corral
kb:pesca-en-neuquen,attraction,/baza-znaniy/pesca-en-neuquen,Fishing in Neuquén,EXPAND,P2,unassigned,open,status=stub|quality=78,content/knowledge-base/dostoprimechatelnosti/pesca-en-neuquen.md,content-quality-score.csv#kb:pesca-en-neuquen
kb:pesca-en-tierra-del-fuego,attraction,/baza-znaniy/pesca-en-tierra-del-fuego,Pesca en Огненная Земля,EXPAND,P2,unassigned,open,status=stub|quality=78,content/knowledge-base/dostoprimechatelnosti/pesca-en-tierra-del-fuego.md,content-quality-score.csv#kb:pesca-en-tierra-del-fuego
kb:pico-truncado,attraction,/baza-znaniy/pico-truncado,Pico Truncado,EXPAND,P2,unassigned,open,status=stub|quality=78,content/knowledge-base/dostoprimechatelnosti/pico-truncado.md,content-quality-score.csv#kb:pico-truncado
kb:piedra-parada,attraction,/baza-znaniy/piedra-parada,Piedra Parada,EXPAND,P2,unassigned,open,status=stub|quality=78,content/knowledge-base/dostoprimechatelnosti/piedra-parada.md,content-quality-score.csv#kb:piedra-parada
kb:pinamar,city,/baza-znaniy/pinamar,Пинамар,HUMAN_REVIEW,P2,unassigned,open,duplicate_candidate,content/knowledge-base/goroda/pinamar.md,content-quality-score.csv#kb:pinamar
kb:pinguinos-en-punta-tombo,attraction,/baza-znaniy/pinguinos-en-punta-tombo,Penguins at Punta Tombo,EXPAND,P2,unassigned,open,status=stub|quality=78,content/knowledge-base/dostoprimechatelnosti/pinguinos-en-punta-tombo.md,content-quality-score.csv#kb:pinguinos-en-punta-tombo
kb:plan-podgotovki-6-mesyacev,guide,/baza-znaniy/plan-podgotovki-6-mesyacev,Подготовка к переезду в Аргентину за 6 месяцев: таймлайн,LEGAL_REVIEW,P0,unassigned,open,quality=58|sensitive_without_reviewer|missing_primary_source,content/knowledge-base/pereezd/plan-podgotovki-6-mesyacev.md,content-quality-score.csv#kb:plan-podgotovki-6-mesyacev
kb:playas-de-la-patagonia,attraction,/baza-znaniy/playas-de-la-patagonia,Playas de la Патагония,EXPAND,P2,unassigned,open,status=stub|quality=78,content/knowledge-base/dostoprimechatelnosti/playas-de-la-patagonia.md,content-quality-score.csv#kb:playas-de-la-patagonia
kb:pochemu-net-pryamyh-reisov,transport,/baza-znaniy/pochemu-net-pryamyh-reisov,Почему нет прямых рейсов из России и как летают на самом деле,LIGHT_EDIT,P2,unassigned,open,quality=74,content/knowledge-base/transport/pochemu-net-pryamyh-reisov.md,content-quality-score.csv#kb:pochemu-net-pryamyh-reisov
kb:podgotovka-k-poezdke,guide,/baza-znaniy/podgotovka-k-poezdke,Подготовка к поездке в Аргентину: чек-лист,LEGAL_REVIEW,P0,unassigned,open,quality=71|sensitive_without_reviewer|missing_primary_source,content/knowledge-base/puteshestvie/podgotovka-k-poezdke.md,content-quality-score.csv#kb:podgotovka-k-poezdke
kb:poezda,transport,/baza-znaniy/poezda,Поезда дальнего следования в Аргентине,LIGHT_EDIT,P2,unassigned,open,quality=75,content/knowledge-base/transport/poezda.md,content-quality-score.csv#kb:poezda
kb:pokupka-avtomobilya,transport,/baza-znaniy/pokupka-avtomobilya,Покупка автомобиля в Аргентине,LEGAL_REVIEW,P0,unassigned,open,quality=67|sensitive_without_reviewer,content/knowledge-base/transport/pokupka-avtomobilya.md,content-quality-score.csv#kb:pokupka-avtomobilya
kb:pokupka-nedvizhimosti,guide,/baza-znaniy/pokupka-nedvizhimosti,Покупка недвижимости в Аргентине для иностранца,LEGAL_REVIEW,P0,unassigned,open,quality=72|sensitive_without_reviewer|missing_primary_source,content/knowledge-base/zhile/pokupka-nedvizhimosti.md,content-quality-score.csv#kb:pokupka-nedvizhimosti
kb:pokupki-i-tax-free,guide,/baza-znaniy/pokupki-i-tax-free,Покупки и tax free в Аргентине,LEGAL_REVIEW,P0,unassigned,open,sensitive_without_reviewer,content/knowledge-base/pokupki/pokupki-i-tax-free.md,content-quality-score.csv#kb:pokupki-i-tax-free
kb:poleznye-prilozheniya,guide,/baza-znaniy/poleznye-prilozheniya,Полезные приложения и сервисы в Аргентине,LIGHT_EDIT,P2,unassigned,open,quality=65,content/knowledge-base/svyaz/poleznye-prilozheniya.md,content-quality-score.csv#kb:poleznye-prilozheniya
kb:posadas,city,/baza-znaniy/posadas,Posadas,EXPAND,P2,unassigned,open,status=stub|quality=78,content/knowledge-base/goroda/posadas.md,content-quality-score.csv#kb:posadas
kb:posle-dtp,guide,/baza-znaniy/posle-dtp,Что делать после ДТП в Аргентине,LEGAL_REVIEW,P0,unassigned,open,quality=74|sensitive_without_reviewer,content/knowledge-base/transport/posle-dtp.md,content-quality-score.csv#kb:posle-dtp
kb:prava-passazhira-otmena-reisa,guide,/baza-znaniy/prava-passazhira-otmena-reisa,Права пассажира при отмене или задержке рейса в Аргентине,LIGHT_EDIT,P2,unassigned,open,quality=75,content/knowledge-base/transport/prava-passazhira-otmena-reisa.md,content-quality-score.csv#kb:prava-passazhira-otmena-reisa
kb:prazdniki-i-traditsii,guide,/baza-znaniy/prazdniki-i-traditsii,"Праздники, традиции и этикет Аргентины",LIGHT_EDIT,P2,unassigned,open,quality=79,content/knowledge-base/kultura/prazdniki-i-traditsii.md,content-quality-score.csv#kb:prazdniki-i-traditsii
kb:priznanie-diploma,guide,/baza-znaniy/priznanie-diploma,Признание иностранного диплома в Аргентине (гомологация),LEGAL_REVIEW,P0,unassigned,open,quality=56|sensitive_without_reviewer,content/knowledge-base/pereezd/priznanie-diploma.md,content-quality-score.csv#kb:priznanie-diploma
kb:provoz-lekarstv,guide,/baza-znaniy/provoz-lekarstv,Провоз лекарств через границу Аргентины,LEGAL_REVIEW,P0,unassigned,open,quality=76|sensitive_without_reviewer,content/knowledge-base/medicina/provoz-lekarstv.md,content-quality-score.csv#kb:provoz-lekarstv
kb:pueblos-de-la-provincia-de-buenos-aires,attraction,/baza-znaniy/pueblos-de-la-provincia-de-buenos-aires,Городки провинции Буэнос-Айрес,LIGHT_EDIT,P2,unassigned,open,quality=79,content/knowledge-base/dostoprimechatelnosti/pueblos-de-la-provincia-de-buenos-aires.md,content-quality-score.csv#kb:pueblos-de-la-provincia-de-buenos-aires
kb:pueblos-galeses-y-comunidades-originarias,attraction,/baza-znaniy/pueblos-galeses-y-comunidades-originarias,Welsh towns and native communities,LIGHT_EDIT,P2,unassigned,open,quality=78,content/knowledge-base/dostoprimechatelnosti/pueblos-galeses-y-comunidades-originarias.md,content-quality-score.csv#kb:pueblos-galeses-y-comunidades-originarias
kb:pueblos-pintorescos-de-cordoba,attraction,/baza-znaniy/pueblos-pintorescos-de-cordoba,Живописные городки Кордовы,LIGHT_EDIT,P2,unassigned,open,quality=79,content/knowledge-base/dostoprimechatelnosti/pueblos-pintorescos-de-cordoba.md,content-quality-score.csv#kb:pueblos-pintorescos-de-cordoba
kb:pueblos-rurales-en-santa-fe,attraction,/baza-znaniy/pueblos-rurales-en-santa-fe,Сельские городки Санта-Фе,LIGHT_EDIT,P2,unassigned,open,quality=79,content/knowledge-base/dostoprimechatelnosti/pueblos-rurales-en-santa-fe.md,content-quality-score.csv#kb:pueblos-rurales-en-santa-fe
kb:puente-del-inca,attraction,/baza-znaniy/puente-del-inca,Inca Bridge,EXPAND,P2,unassigned,open,status=stub|quality=78,content/knowledge-base/dostoprimechatelnosti/puente-del-inca.md,content-quality-score.csv#kb:puente-del-inca
kb:puente-rosario-victoria,attraction,/baza-znaniy/puente-rosario-victoria,Rosario-Victoria Bridge,LIGHT_EDIT,P2,unassigned,open,quality=73,content/knowledge-base/dostoprimechatelnosti/puente-rosario-victoria.md,content-quality-score.csv#kb:puente-rosario-victoria
kb:puerto-almanza,attraction,/baza-znaniy/puerto-almanza,Пуэрто-Альманса,LIGHT_EDIT,P2,unassigned,open,quality=79,content/knowledge-base/dostoprimechatelnosti/puerto-almanza.md,content-quality-score.csv#kb:puerto-almanza
kb:puerto-deseado,city,/baza-znaniy/puerto-deseado,Puerto Deseado,EXPAND,P2,unassigned,open,status=stub|quality=78,content/knowledge-base/goroda/puerto-deseado.md,content-quality-score.csv#kb:puerto-deseado
kb:puerto-iguazu,city,/baza-znaniy/puerto-iguazu,Puerto Игуасу,EXPAND,P2,unassigned,open,status=stub|quality=78,content/knowledge-base/goroda/puerto-iguazu.md,content-quality-score.csv#kb:puerto-iguazu
kb:puerto-madryn,city,/baza-znaniy/puerto-madryn,Пуэрто-Мадрин,HUMAN_REVIEW,P2,unassigned,open,duplicate_candidate,content/knowledge-base/goroda/puerto-madryn.md,content-quality-score.csv#kb:puerto-madryn
kb:puerto-san-julian,attraction,/baza-znaniy/puerto-san-julian,Пуэрто-Сан-Хулиан,LIGHT_EDIT,P2,unassigned,open,quality=79,content/knowledge-base/dostoprimechatelnosti/puerto-san-julian.md,content-quality-score.csv#kb:puerto-san-julian
kb:punta-tombo,attraction,/baza-znaniy/punta-tombo,Пунта-Томбо,HUMAN_REVIEW,P2,unassigned,open,duplicate_candidate,content/knowledge-base/dostoprimechatelnosti/punta-tombo.md,content-quality-score.csv#kb:punta-tombo
kb:purmamarca,attraction,/baza-znaniy/purmamarca,Purmamarca,EXPAND,P2,unassigned,open,status=stub|quality=78,content/knowledge-base/dostoprimechatelnosti/purmamarca.md,content-quality-score.csv#kb:purmamarca
kb:purmamarka,attraction,/baza-znaniy/purmamarka,Пурмамарка,HUMAN_REVIEW,P2,unassigned,open,duplicate_candidate,content/knowledge-base/dostoprimechatelnosti/purmamarka.md,content-quality-score.csv#kb:purmamarka
kb:qhapaq-nan-el-shincal,attraction,/baza-znaniy/qhapaq-nan-el-shincal,Qhapaq Ñan: El Shincal,EXPAND,P2,unassigned,open,status=stub|quality=78,content/knowledge-base/dostoprimechatelnosti/qhapaq-nan-el-shincal.md,content-quality-score.csv#kb:qhapaq-nan-el-shincal
kb:quebrada-de-humahuaca,attraction,/baza-znaniy/quebrada-de-humahuaca,Кебрада-де-Умауака,HUMAN_REVIEW,P2,unassigned,open,duplicate_candidate,content/knowledge-base/dostoprimechatelnosti/quebrada-de-humahuaca.md,content-quality-score.csv#kb:quebrada-de-humahuaca
kb:quebrada-de-las-flechas,attraction,/baza-znaniy/quebrada-de-las-flechas,Кебрада-де-лас-Флечас,LIGHT_EDIT,P2,unassigned,open,quality=79,content/knowledge-base/dostoprimechatelnosti/quebrada-de-las-flechas.md,content-quality-score.csv#kb:quebrada-de-las-flechas
kb:quitilipi,attraction,/baza-znaniy/quitilipi,Quitilipi,EXPAND,P2,unassigned,open,status=stub|quality=78,content/knowledge-base/dostoprimechatelnosti/quitilipi.md,content-quality-score.csv#kb:quitilipi
kb:rabochaya-viza,guide,/baza-znaniy/rabochaya-viza,Рабочая резиденция в Аргентине: наём местным работодателем,LEGAL_REVIEW,P0,unassigned,open,sensitive_without_reviewer,content/knowledge-base/pereezd/rabochaya-viza.md,content-quality-score.csv#kb:rabochaya-viza
kb:rabota-i-poisk-raboty,guide,/baza-znaniy/rabota-i-poisk-raboty,"Работа в Аргентине: рынок труда, зарплаты и как искать",LEGAL_REVIEW,P0,unassigned,open,quality=70|sensitive_without_reviewer|missing_primary_source,content/knowledge-base/pereezd/rabota-i-poisk-raboty.md,content-quality-score.csv#kb:rabota-i-poisk-raboty
kb:rafaela,attraction,/baza-znaniy/rafaela,Rafaela,EXPAND,P2,unassigned,open,status=stub|quality=78,content/knowledge-base/dostoprimechatelnosti/rafaela.md,content-quality-score.csv#kb:rafaela
kb:rafting-en-el-rio-chimehuin,attraction,/baza-znaniy/rafting-en-el-rio-chimehuin,Rafting in the Chimehuin River,EXPAND,P2,unassigned,open,status=stub|quality=78,content/knowledge-base/dostoprimechatelnosti/rafting-en-el-rio-chimehuin.md,content-quality-score.csv#kb:rafting-en-el-rio-chimehuin
kb:rafting-en-el-rio-corcovado,attraction,/baza-znaniy/rafting-en-el-rio-corcovado,Rafting in the Corcovado River,EXPAND,P2,unassigned,open,status=stub|quality=78,content/knowledge-base/dostoprimechatelnosti/rafting-en-el-rio-corcovado.md,content-quality-score.csv#kb:rafting-en-el-rio-corcovado
kb:rafting-en-el-rio-hua-hum,attraction,/baza-znaniy/rafting-en-el-rio-hua-hum,Rafting in the Hua Hum River,LIGHT_EDIT,P2,unassigned,open,quality=78,content/knowledge-base/dostoprimechatelnosti/rafting-en-el-rio-hua-hum.md,content-quality-score.csv#kb:rafting-en-el-rio-hua-hum
kb:rafting-en-el-rio-manso,attraction,/baza-znaniy/rafting-en-el-rio-manso,Rafting in the Manso River,EXPAND,P2,unassigned,open,status=stub|quality=73,content/knowledge-base/dostoprimechatelnosti/rafting-en-el-rio-manso.md,content-quality-score.csv#kb:rafting-en-el-rio-manso
kb:rafting-en-el-rio-mendoza,attraction,/baza-znaniy/rafting-en-el-rio-mendoza,Rafting en el río Мендоса,LIGHT_EDIT,P2,unassigned,open,quality=78,content/knowledge-base/dostoprimechatelnosti/rafting-en-el-rio-mendoza.md,content-quality-score.csv#kb:rafting-en-el-rio-mendoza
kb:raskhozhdeniya-dni-cuit-cuil,guide,/baza-znaniy/raskhozhdeniya-dni-cuit-cuil,"Расхождения в данных DNI, CUIT и CUIL: как исправить",LEGAL_REVIEW,P0,unassigned,open,sensitive_without_reviewer,content/knowledge-base/pereezd/raskhozhdeniya-dni-cuit-cuil.md,content-quality-score.csv#kb:raskhozhdeniya-dni-cuit-cuil
kb:razvlecheniya-i-nochnaya-zhizn,guide,/baza-znaniy/razvlecheniya-i-nochnaya-zhizn,Развлечения и ночная жизнь Аргентины,LIGHT_EDIT,P2,unassigned,open,quality=75,content/knowledge-base/kultura/razvlecheniya-i-nochnaya-zhizn.md,content-quality-score.csv#kb:razvlecheniya-i-nochnaya-zhizn
kb:reconquista,attraction,/baza-znaniy/reconquista,Reconquista,LIGHT_EDIT,P2,unassigned,open,quality=78,content/knowledge-base/dostoprimechatelnosti/reconquista.md,content-quality-score.csv#kb:reconquista
kb:red-de-refugios-de-montana,attraction,/baza-znaniy/red-de-refugios-de-montana,Mountain Refuge Network,EXPAND,P2,unassigned,open,status=stub|quality=78,content/knowledge-base/dostoprimechatelnosti/red-de-refugios-de-montana.md,content-quality-score.csv#kb:red-de-refugios-de-montana
kb:renca-san-luis,attraction,/baza-znaniy/renca-san-luis,"Renca, San Luis",EXPAND,P2,unassigned,open,status=stub|quality=78,content/knowledge-base/dostoprimechatelnosti/renca-san-luis.md,content-quality-score.csv#kb:renca-san-luis
kb:reserva-costa-atlantica-tierra-del-fuego,attraction,/baza-znaniy/reserva-costa-atlantica-tierra-del-fuego,Заповедник атлантического побережья Огненной Земли,LIGHT_EDIT,P2,unassigned,open,quality=79,content/knowledge-base/dostoprimechatelnosti/reserva-costa-atlantica-tierra-del-fuego.md,content-quality-score.csv#kb:reserva-costa-atlantica-tierra-del-fuego
kb:reserva-de-biosfera-laguna-blanca,attraction,/baza-znaniy/reserva-de-biosfera-laguna-blanca,Биосферный заповедник Лагуна-Бланка,LIGHT_EDIT,P2,unassigned,open,quality=79|duplicate_candidate,content/knowledge-base/dostoprimechatelnosti/reserva-de-biosfera-laguna-blanca.md,content-quality-score.csv#kb:reserva-de-biosfera-laguna-blanca
kb:reserva-de-biosfera-laguna-oca,attraction,/baza-znaniy/reserva-de-biosfera-laguna-oca,Биосферный заповедник Лагуна-Ока,LIGHT_EDIT,P2,unassigned,open,quality=79|duplicate_candidate,content/knowledge-base/dostoprimechatelnosti/reserva-de-biosfera-laguna-oca.md,content-quality-score.csv#kb:reserva-de-biosfera-laguna-oca
kb:reserva-de-biosfera-yaboti,attraction,/baza-znaniy/reserva-de-biosfera-yaboti,Биосферный заповедник Яботи,LIGHT_EDIT,P2,unassigned,open,quality=79,content/knowledge-base/dostoprimechatelnosti/reserva-de-biosfera-yaboti.md,content-quality-score.csv#kb:reserva-de-biosfera-yaboti
kb:reserva-natural-colonia-benitez,attraction,/baza-znaniy/reserva-natural-colonia-benitez,Природный заповедник Колония-Бенитес,LIGHT_EDIT,P2,unassigned,open,quality=74,content/knowledge-base/dostoprimechatelnosti/reserva-natural-colonia-benitez.md,content-quality-score.csv#kb:reserva-natural-colonia-benitez
kb:reserva-natural-el-nogalar-de-los-toldos,attraction,/baza-znaniy/reserva-natural-el-nogalar-de-los-toldos,Природный заповедник Эль-Ногаляр-де-лос-Тольдос,LIGHT_EDIT,P2,unassigned,open,quality=79,content/knowledge-base/dostoprimechatelnosti/reserva-natural-el-nogalar-de-los-toldos.md,content-quality-score.csv#kb:reserva-natural-el-nogalar-de-los-toldos
kb:reserva-natural-estricta-san-antonio,attraction,/baza-znaniy/reserva-natural-estricta-san-antonio,Строгий природный заповедник Сан-Антонио,LIGHT_EDIT,P2,unassigned,open,quality=79,content/knowledge-base/dostoprimechatelnosti/reserva-natural-estricta-san-antonio.md,content-quality-score.csv#kb:reserva-natural-estricta-san-antonio
kb:reserva-natural-ibera,attraction,/baza-znaniy/reserva-natural-ibera,Природный заповедник Иберá,LIGHT_EDIT,P2,unassigned,open,quality=79,content/knowledge-base/dostoprimechatelnosti/reserva-natural-ibera.md,content-quality-score.csv#kb:reserva-natural-ibera
kb:reserva-natural-laguna-brava,attraction,/baza-znaniy/reserva-natural-laguna-brava,Природный заповедник Лагуна-Брава,LIGHT_EDIT,P2,unassigned,open,quality=79,content/knowledge-base/dostoprimechatelnosti/reserva-natural-laguna-brava.md,content-quality-score.csv#kb:reserva-natural-laguna-brava
kb:reserva-natural-pichi-mahuida,attraction,/baza-znaniy/reserva-natural-pichi-mahuida,Природный заповедник Пичи-Мауида,LIGHT_EDIT,P2,unassigned,open,quality=79,content/knowledge-base/dostoprimechatelnosti/reserva-natural-pichi-mahuida.md,content-quality-score.csv#kb:reserva-natural-pichi-mahuida
kb:reserva-natural-quebrada-de-los-condores,attraction,/baza-znaniy/reserva-natural-quebrada-de-los-condores,Природный заповедник Кебрада-де-лос-Кондорес,LIGHT_EDIT,P2,unassigned,open,quality=79,content/knowledge-base/dostoprimechatelnosti/reserva-natural-quebrada-de-los-condores.md,content-quality-score.csv#kb:reserva-natural-quebrada-de-los-condores
kb:reserva-natural-silvestre-isla-de-los-estados,attraction,/baza-znaniy/reserva-natural-silvestre-isla-de-los-estados,Природный заповедник Исла-де-лос-Эстадос (Остров Штатов),KEEP,P3,unassigned,open,baseline_quality_pass,content/knowledge-base/dostoprimechatelnosti/reserva-natural-silvestre-isla-de-los-estados.md,content-quality-score.csv#kb:reserva-natural-silvestre-isla-de-los-estados
kb:reserva-provincial-parque-luro,attraction,/baza-znaniy/reserva-provincial-parque-luro,Провинциальный заповедник Парке-Луро,LIGHT_EDIT,P2,unassigned,open,quality=79,content/knowledge-base/dostoprimechatelnosti/reserva-provincial-parque-luro.md,content-quality-score.csv#kb:reserva-provincial-parque-luro
kb:resistencia,city,/baza-znaniy/resistencia,Ресистенсия,KEEP,P3,unassigned,open,baseline_quality_pass,content/knowledge-base/goroda/resistencia.md,content-quality-score.csv#kb:resistencia
kb:restorany-i-kak-est,guide,/baza-znaniy/restorany-i-kak-est,"Рестораны и как здесь едят: часы, типы заведений, счёт",KEEP,P3,unassigned,open,baseline_quality_pass,content/knowledge-base/kultura/restorany-i-kak-est.md,content-quality-score.csv#kb:restorany-i-kak-est
kb:ria-de-bahia-blanca,attraction,/baza-znaniy/ria-de-bahia-blanca,Bahía Blanca ria,EXPAND,P2,unassigned,open,status=stub|quality=78,content/knowledge-base/dostoprimechatelnosti/ria-de-bahia-blanca.md,content-quality-score.csv#kb:ria-de-bahia-blanca
kb:rio-gallegos,attraction,/baza-znaniy/rio-gallegos,Рио-Гальегос,LIGHT_EDIT,P2,unassigned,open,quality=79|duplicate_candidate,content/knowledge-base/dostoprimechatelnosti/rio-gallegos.md,content-quality-score.csv#kb:rio-gallegos
kb:rio-grande,attraction,/baza-znaniy/rio-grande,Рио-Гранде,LIGHT_EDIT,P2,unassigned,open,quality=79,content/knowledge-base/dostoprimechatelnosti/rio-grande.md,content-quality-score.csv#kb:rio-grande
kb:rio-parana,attraction,/baza-znaniy/rio-parana,Река Парана,LIGHT_EDIT,P2,unassigned,open,quality=79,content/knowledge-base/dostoprimechatelnosti/rio-parana.md,content-quality-score.csv#kb:rio-parana
kb:rody-i-beremennost,guide,/baza-znaniy/rody-i-beremennost,Роды и беременность в Аргентине: полное руководство,LEGAL_REVIEW,P0,unassigned,open,quality=68|sensitive_without_reviewer,content/knowledge-base/medicina/rody-i-beremennost.md,content-quality-score.csv#kb:rody-i-beremennost
kb:rody-v-argentine,faq,/baza-znaniy/rody-v-argentine,Что даёт рождение ребёнка в Аргентине?,LEGAL_REVIEW,P0,unassigned,open,sensitive_without_reviewer,content/knowledge-base/faq/rody-v-argentine.md,content-quality-score.csv#kb:rody-v-argentine
kb:roque-saenz-pena,attraction,/baza-znaniy/roque-saenz-pena,Roque Sáenz Peña,EXPAND,P2,unassigned,open,status=stub|quality=78,content/knowledge-base/dostoprimechatelnosti/roque-saenz-pena.md,content-quality-score.csv#kb:roque-saenz-pena
kb:rosario,city,/baza-znaniy/rosario,Росарио,HUMAN_REVIEW,P2,unassigned,open,duplicate_candidate,content/knowledge-base/goroda/rosario.md,content-quality-score.csv#kb:rosario
kb:rossiya-vs-argentina,guide,/baza-znaniy/rossiya-vs-argentina,Россия и Аргентина: чем жизнь здесь отличается,LEGAL_REVIEW,P0,unassigned,open,quality=70|sensitive_without_reviewer|missing_primary_source,content/knowledge-base/kultura/rossiya-vs-argentina.md,content-quality-score.csv#kb:rossiya-vs-argentina
kb:ruinas-de-quilmes,attraction,/baza-znaniy/ruinas-de-quilmes,Руины Кильмес,DEEP_REWRITE,P1,unassigned,open,quality=41|duplicate_candidate,content/knowledge-base/dostoprimechatelnosti/ruinas-de-quilmes.md,content-quality-score.csv#kb:ruinas-de-quilmes
kb:ruta-40-en-chubut,attraction,/baza-znaniy/ruta-40-en-chubut,Ruta 40 in Chubut,LIGHT_EDIT,P2,unassigned,open,quality=78,content/knowledge-base/dostoprimechatelnosti/ruta-40-en-chubut.md,content-quality-score.csv#kb:ruta-40-en-chubut
kb:ruta-40-en-santa-cruz,attraction,/baza-znaniy/ruta-40-en-santa-cruz,Ruta 40 in Santa Cruz,EXPAND,P2,unassigned,open,status=stub|quality=78,content/knowledge-base/dostoprimechatelnosti/ruta-40-en-santa-cruz.md,content-quality-score.csv#kb:ruta-40-en-santa-cruz
kb:ruta-40-sem-ozer,route,/baza-znaniy/ruta-40-sem-ozer,Дорога семи озёр и Рута 40,KEEP,P3,unassigned,open,baseline_quality_pass,content/knowledge-base/marshruty/ruta-40-sem-ozer.md,content-quality-score.csv#kb:ruta-40-sem-ozer
kb:ruta-40-sem-ozer-ne-speshite,author_tip,/baza-znaniy/ruta-40-sem-ozer-ne-speshite,"Дорога семи озёр за полтора часа — формально возможно, но это упущенная поездка",KEEP,P3,unassigned,open,baseline_quality_pass,content/knowledge-base/lichnyy-opyt/ruta-40-sem-ozer-ne-speshite.md,content-quality-score.csv#kb:ruta-40-sem-ozer-ne-speshite
kb:ruta-azul,attraction,/baza-znaniy/ruta-azul,Ruta Azul,LEGAL_REVIEW,P0,unassigned,open,status=stub|quality=66|sensitive_without_reviewer,content/knowledge-base/dostoprimechatelnosti/ruta-azul.md,content-quality-score.csv#kb:ruta-azul
kb:ruta-de-la-cultura-qom,attraction,/baza-znaniy/ruta-de-la-cultura-qom,Qom culture route,EXPAND,P2,unassigned,open,status=stub|quality=78,content/knowledge-base/dostoprimechatelnosti/ruta-de-la-cultura-qom.md,content-quality-score.csv#kb:ruta-de-la-cultura-qom
kb:ruta-de-los-siete-lagos,attraction,/baza-znaniy/ruta-de-los-siete-lagos,Route of Seven Lakes,LIGHT_EDIT,P2,unassigned,open,quality=78,content/knowledge-base/dostoprimechatelnosti/ruta-de-los-siete-lagos.md,content-quality-score.csv#kb:ruta-de-los-siete-lagos
kb:ruta-del-adobe-en-catamarca,attraction,/baza-znaniy/ruta-del-adobe-en-catamarca,Adobe Route in Catamarca,LEGAL_REVIEW,P0,unassigned,open,status=stub|quality=66|sensitive_without_reviewer,content/knowledge-base/dostoprimechatelnosti/ruta-del-adobe-en-catamarca.md,content-quality-score.csv#kb:ruta-del-adobe-en-catamarca
kb:ruta-del-artesano-en-tucuman,attraction,/baza-znaniy/ruta-del-artesano-en-tucuman,Artisan Route in Tucumán,EXPAND,P2,unassigned,open,status=stub|quality=78,content/knowledge-base/dostoprimechatelnosti/ruta-del-artesano-en-tucuman.md,content-quality-score.csv#kb:ruta-del-artesano-en-tucuman
kb:ruta-del-olivo-san-juan,attraction,/baza-znaniy/ruta-del-olivo-san-juan,"Olive Route, San Juan",EXPAND,P2,unassigned,open,status=stub|quality=73,content/knowledge-base/dostoprimechatelnosti/ruta-del-olivo-san-juan.md,content-quality-score.csv#kb:ruta-del-olivo-san-juan
kb:ruta-del-vino-en-la-patagonia,attraction,/baza-znaniy/ruta-del-vino-en-la-patagonia,Ruta del Vino en la Патагония,LEGAL_REVIEW,P0,unassigned,open,status=stub|quality=66|sensitive_without_reviewer,content/knowledge-base/dostoprimechatelnosti/ruta-del-vino-en-la-patagonia.md,content-quality-score.csv#kb:ruta-del-vino-en-la-patagonia
kb:ruta-del-vino-en-san-juan,attraction,/baza-znaniy/ruta-del-vino-en-san-juan,Wine route in San Juan,EXPAND,P2,unassigned,open,status=stub|quality=78,content/knowledge-base/dostoprimechatelnosti/ruta-del-vino-en-san-juan.md,content-quality-score.csv#kb:ruta-del-vino-en-san-juan
kb:ruta-del-vino-en-tucuman,attraction,/baza-znaniy/ruta-del-vino-en-tucuman,Wine Route in Tucumán,EXPAND,P2,unassigned,open,status=stub|quality=78,content/knowledge-base/dostoprimechatelnosti/ruta-del-vino-en-tucuman.md,content-quality-score.csv#kb:ruta-del-vino-en-tucuman
kb:ruta-interlagos-san-juan,attraction,/baza-znaniy/ruta-interlagos-san-juan,Interlagos San Juan Route,EXPAND,P2,unassigned,open,status=stub|quality=78,content/knowledge-base/dostoprimechatelnosti/ruta-interlagos-san-juan.md,content-quality-score.csv#kb:ruta-interlagos-san-juan
kb:rutas-de-tierra-del-fuego,attraction,/baza-znaniy/rutas-de-tierra-del-fuego,Rutas de Огненная Земля,EXPAND,P2,unassigned,open,status=stub|quality=78,content/knowledge-base/dostoprimechatelnosti/rutas-de-tierra-del-fuego.md,content-quality-score.csv#kb:rutas-de-tierra-del-fuego
kb:sabores-de-chaco,attraction,/baza-znaniy/sabores-de-chaco,Flavors from Chaco,EXPAND,P2,unassigned,open,status=stub|quality=78,content/knowledge-base/dostoprimechatelnosti/sabores-de-chaco.md,content-quality-score.csv#kb:sabores-de-chaco
kb:sabores-riojanos,attraction,/baza-znaniy/sabores-riojanos,La Rioja Tastes,EXPAND,P2,unassigned,open,status=stub|quality=73,content/knowledge-base/dostoprimechatelnosti/sabores-riojanos.md,content-quality-score.csv#kb:sabores-riojanos
kb:salinas-grandes,attraction,/baza-znaniy/salinas-grandes,Салинас-Грандес,HUMAN_REVIEW,P2,unassigned,open,duplicate_candidate,content/knowledge-base/dostoprimechatelnosti/salinas-grandes.md,content-quality-score.csv#kb:salinas-grandes
kb:salinas-grandes-jujuy,attraction,/baza-znaniy/salinas-grandes-jujuy,Салинас-Грандес (Жужуй),LIGHT_EDIT,P2,unassigned,open,quality=79,content/knowledge-base/dostoprimechatelnosti/salinas-grandes-jujuy.md,content-quality-score.csv#kb:salinas-grandes-jujuy
kb:salta,city,/baza-znaniy/salta,Сальта,HUMAN_REVIEW,P2,unassigned,open,duplicate_candidate,content/knowledge-base/goroda/salta.md,content-quality-score.csv#kb:salta
kb:salta-kalchakskie-doliny-marshrut,author_tip,/baza-znaniy/salta-kalchakskie-doliny-marshrut,"Один день из Сальты через перевал в Качи и Кальчакские долины — связка, которую часто недооценивают по времени",KEEP,P3,unassigned,open,baseline_quality_pass,content/knowledge-base/lichnyy-opyt/salta-kalchakskie-doliny-marshrut.md,content-quality-score.csv#kb:salta-kalchakskie-doliny-marshrut
kb:salta-y-san-lorenzo,attraction,/baza-znaniy/salta-y-san-lorenzo,Salta and San Lorenzo,EXPAND,P2,unassigned,open,status=stub|quality=78,content/knowledge-base/dostoprimechatelnosti/salta-y-san-lorenzo.md,content-quality-score.csv#kb:salta-y-san-lorenzo
kb:salto-encantado,attraction,/baza-znaniy/salto-encantado,Salto Encantado,EXPAND,P2,unassigned,open,status=stub|quality=78,content/knowledge-base/dostoprimechatelnosti/salto-encantado.md,content-quality-score.csv#kb:salto-encantado
kb:saltos-del-mocona,attraction,/baza-znaniy/saltos-del-mocona,Сальтос-дель-Моконá,EXPAND,P2,unassigned,open,quality=52|duplicate_candidate,content/knowledge-base/dostoprimechatelnosti/saltos-del-mocona.md,content-quality-score.csv#kb:saltos-del-mocona
kb:samyj-yuzhnyj-gorod-mira,faq,/baza-znaniy/samyj-yuzhnyj-gorod-mira,Ушуайя — правда самый южный город в мире?,EXPAND,P2,unassigned,open,quality=56,content/knowledge-base/faq/samyj-yuzhnyj-gorod-mira.md,content-quality-score.csv#kb:samyj-yuzhnyj-gorod-mira
kb:san-antonio-de-areco,city,/baza-znaniy/san-antonio-de-areco,San Antonio de Areco,EXPAND,P2,unassigned,open,status=stub|quality=78,content/knowledge-base/goroda/san-antonio-de-areco.md,content-quality-score.csv#kb:san-antonio-de-areco
kb:san-antonio-oeste,attraction,/baza-znaniy/san-antonio-oeste,Сан-Антонио-Оэсте,LIGHT_EDIT,P2,unassigned,open,quality=79,content/knowledge-base/dostoprimechatelnosti/san-antonio-oeste.md,content-quality-score.csv#kb:san-antonio-oeste
kb:san-huan,city,/baza-znaniy/san-huan,Сан-Хуан,HUMAN_REVIEW,P2,unassigned,open,duplicate_candidate,content/knowledge-base/goroda/san-huan.md,content-quality-score.csv#kb:san-huan
kb:san-ignacio-mini,attraction,/baza-znaniy/san-ignacio-mini,Сан-Игнасио-Мини,HUMAN_REVIEW,P2,unassigned,open,duplicate_candidate,content/knowledge-base/dostoprimechatelnosti/san-ignacio-mini.md,content-quality-score.csv#kb:san-ignacio-mini
kb:san-jose,attraction,/baza-znaniy/san-jose,Сан-Хосе,LIGHT_EDIT,P2,unassigned,open,quality=79,content/knowledge-base/dostoprimechatelnosti/san-jose.md,content-quality-score.csv#kb:san-jose
kb:san-luis,city,/baza-znaniy/san-luis,Сан-Луис,HUMAN_REVIEW,P2,unassigned,open,duplicate_candidate,content/knowledge-base/goroda/san-luis.md,content-quality-score.csv#kb:san-luis
kb:san-martin-de-los-andes,city,/baza-znaniy/san-martin-de-los-andes,Сан-Мартин-де-лос-Андес,HUMAN_REVIEW,P2,unassigned,open,duplicate_candidate,content/knowledge-base/goroda/san-martin-de-los-andes.md,content-quality-score.csv#kb:san-martin-de-los-andes
kb:san-miguel-de-tucuman,city,/baza-znaniy/san-miguel-de-tucuman,Сан-Мигель-де-Тукуман,HUMAN_REVIEW,P2,unassigned,open,duplicate_candidate,content/knowledge-base/goroda/san-miguel-de-tucuman.md,content-quality-score.csv#kb:san-miguel-de-tucuman
kb:san-rafael,city,/baza-znaniy/san-rafael,San Rafael,EXPAND,P2,unassigned,open,status=stub|quality=78,content/knowledge-base/goroda/san-rafael.md,content-quality-score.csv#kb:san-rafael
kb:san-salvador-de-jujuy,city,/baza-znaniy/san-salvador-de-jujuy,Сан-Сальвадор-де-Жужуй,HUMAN_REVIEW,P2,unassigned,open,duplicate_candidate,content/knowledge-base/goroda/san-salvador-de-jujuy.md,content-quality-score.csv#kb:san-salvador-de-jujuy
kb:sandboard-en-abra-pampa,attraction,/baza-znaniy/sandboard-en-abra-pampa,Sandboarding in Abra Pampa,EXPAND,P2,unassigned,open,status=stub|quality=78,content/knowledge-base/dostoprimechatelnosti/sandboard-en-abra-pampa.md,content-quality-score.csv#kb:sandboard-en-abra-pampa
kb:sandboard-en-las-dunas-de-saujil,attraction,/baza-znaniy/sandboard-en-las-dunas-de-saujil,Sandboarding on the Saujil dunes,EXPAND,P2,unassigned,open,status=stub|quality=78,content/knowledge-base/dostoprimechatelnosti/sandboard-en-las-dunas-de-saujil.md,content-quality-score.csv#kb:sandboard-en-las-dunas-de-saujil
kb:santa-fe,city,/baza-znaniy/santa-fe,Санта-Фе,HUMAN_REVIEW,P2,unassigned,open,duplicate_candidate,content/knowledge-base/goroda/santa-fe.md,content-quality-score.csv#kb:santa-fe
kb:santa-maria,attraction,/baza-znaniy/santa-maria,Санта-Мария,LIGHT_EDIT,P2,unassigned,open,quality=79,content/knowledge-base/dostoprimechatelnosti/santa-maria.md,content-quality-score.csv#kb:santa-maria
kb:santa-rosa,city,/baza-znaniy/santa-rosa,Санта-Роса,HUMAN_REVIEW,P2,unassigned,open,duplicate_candidate,content/knowledge-base/goroda/santa-rosa.md,content-quality-score.csv#kb:santa-rosa
kb:santiago-del-estero,city,/baza-znaniy/santiago-del-estero,Сантьяго-дель-Эстеро,HUMAN_REVIEW,P2,unassigned,open,duplicate_candidate,content/knowledge-base/goroda/santiago-del-estero.md,content-quality-score.csv#kb:santiago-del-estero
kb:sdacha-nedvizhimosti-v-arendu,guide,/baza-znaniy/sdacha-nedvizhimosti-v-arendu,Сдача недвижимости в аренду в Аргентине: доход и налоги,LEGAL_REVIEW,P0,unassigned,open,quality=69|sensitive_without_reviewer,content/knowledge-base/dengi/sdacha-nedvizhimosti-v-arendu.md,content-quality-score.csv#kb:sdacha-nedvizhimosti-v-arendu
kb:seclantas,attraction,/baza-znaniy/seclantas,Seclantás,EXPAND,P2,unassigned,open,status=stub|quality=73,content/knowledge-base/dostoprimechatelnosti/seclantas.md,content-quality-score.csv#kb:seclantas
kb:senderismo-con-llamas-en-jujuy,attraction,/baza-znaniy/senderismo-con-llamas-en-jujuy,Hiking with llamas in Jujuy,EXPAND,P2,unassigned,open,status=stub|quality=78,content/knowledge-base/dostoprimechatelnosti/senderismo-con-llamas-en-jujuy.md,content-quality-score.csv#kb:senderismo-con-llamas-en-jujuy
kb:senderos-periurbanos-de-esquel,attraction,/baza-znaniy/senderos-periurbanos-de-esquel,Suburban footpaths of Esquel,EXPAND,P2,unassigned,open,status=stub|quality=78,content/knowledge-base/dostoprimechatelnosti/senderos-periurbanos-de-esquel.md,content-quality-score.csv#kb:senderos-periurbanos-de-esquel
kb:severnye-parki-zolotoj-chas,author_tip,/baza-znaniy/severnye-parki-zolotoj-chas,"Пустынные парки NOA и Куйо: один и тот же приём — ловить рассвет и закат, избегать полдня",KEEP,P3,unassigned,open,baseline_quality_pass,content/knowledge-base/lichnyy-opyt/severnye-parki-zolotoj-chas.md,content-quality-score.csv#kb:severnye-parki-zolotoj-chas
kb:shkola-dlya-detey,guide,/baza-znaniy/shkola-dlya-detey,Школа для детей в Аргентине: система образования для семей релокантов,LEGAL_REVIEW,P0,unassigned,open,sensitive_without_reviewer,content/knowledge-base/pereezd/shkola-dlya-detey.md,content-quality-score.csv#kb:shkola-dlya-detey
kb:shtrafy-i-scoring,guide,/baza-znaniy/shtrafy-i-scoring,"Штрафы, баллы (scoring) и проверка задолженности за рулём в Аргентине",LEGAL_REVIEW,P0,unassigned,open,quality=79|sensitive_without_reviewer,content/knowledge-base/transport/shtrafy-i-scoring.md,content-quality-score.csv#kb:shtrafy-i-scoring
kb:sierra-de-la-ventana,attraction,/baza-znaniy/sierra-de-la-ventana,Сьерра-де-ла-Вентана,EXPAND,P2,unassigned,open,quality=52|duplicate_candidate,content/knowledge-base/dostoprimechatelnosti/sierra-de-la-ventana.md,content-quality-score.csv#kb:sierra-de-la-ventana
kb:sierra-de-las-quijadas,national_park,/baza-znaniy/sierra-de-las-quijadas,Национальный парк Сьерра-де-лас-Кихадас,LIGHT_EDIT,P2,unassigned,open,quality=79|duplicate_candidate,content/knowledge-base/natsionalnye-parki/sierra-de-las-quijadas.md,content-quality-score.csv#kb:sierra-de-las-quijadas
kb:sierras-cordobesas,attraction,/baza-znaniy/sierras-cordobesas,Сьерры Кордовы,LIGHT_EDIT,P2,unassigned,open,quality=79,content/knowledge-base/dostoprimechatelnosti/sierras-cordobesas.md,content-quality-score.csv#kb:sierras-cordobesas
kb:sierras-de-la-provincia-de-buenos-aires,attraction,/baza-znaniy/sierras-de-la-provincia-de-buenos-aires,Сьерры провинции Буэнос-Айрес,LIGHT_EDIT,P2,unassigned,open,quality=79,content/knowledge-base/dostoprimechatelnosti/sierras-de-la-provincia-de-buenos-aires.md,content-quality-score.csv#kb:sierras-de-la-provincia-de-buenos-aires
kb:sierras-de-sumampa,attraction,/baza-znaniy/sierras-de-sumampa,Сьерры Сумампа,LIGHT_EDIT,P2,unassigned,open,quality=79,content/knowledge-base/dostoprimechatelnosti/sierras-de-sumampa.md,content-quality-score.csv#kb:sierras-de-sumampa
kb:sistema-zdravoohraneniya,guide,/baza-znaniy/sistema-zdravoohraneniya,Система здравоохранения Аргентины,LEGAL_REVIEW,P0,unassigned,open,quality=70|sensitive_without_reviewer,content/knowledge-base/medicina/sistema-zdravoohraneniya.md,content-quality-score.csv#kb:sistema-zdravoohraneniya
kb:skam-s-falshivoj-policiej,faq,/baza-znaniy/skam-s-falshivoj-policiej,Что за мошенничество с «фальшивой полицией» в Аргентине?,LEGAL_REVIEW,P0,unassigned,open,quality=54|sensitive_without_reviewer|missing_primary_source,content/knowledge-base/faq/skam-s-falshivoj-policiej.md,content-quality-score.csv#kb:skam-s-falshivoj-policiej
kb:skolko-deneg-brat-na-poezdku,faq,/baza-znaniy/skolko-deneg-brat-na-poezdku,Сколько денег нужно брать на поездку в Аргентину?,LEGAL_REVIEW,P0,unassigned,open,quality=64|sensitive_without_reviewer|missing_primary_source,content/knowledge-base/faq/skolko-deneg-brat-na-poezdku.md,content-quality-score.csv#kb:skolko-deneg-brat-na-poezdku
kb:skolko-dnej-na-marshrut-2-nedeli,faq,/baza-znaniy/skolko-dnej-na-marshrut-2-nedeli,Реально ли увидеть главное в Аргентине за 2 недели?,EXPAND,P2,unassigned,open,quality=59,content/knowledge-base/faq/skolko-dnej-na-marshrut-2-nedeli.md,content-quality-score.csv#kb:skolko-dnej-na-marshrut-2-nedeli
kb:skolko-dnej-nuzhno-na-iguasu,faq,/baza-znaniy/skolko-dnej-nuzhno-na-iguasu,Сколько дней нужно на парк Игуасу?,EXPAND,P2,unassigned,open,quality=55,content/knowledge-base/faq/skolko-dnej-nuzhno-na-iguasu.md,content-quality-score.csv#kb:skolko-dnej-nuzhno-na-iguasu
kb:skolko-letet-iz-rossii,faq,/baza-znaniy/skolko-letet-iz-rossii,Сколько лететь из России в Аргентину и какие есть маршруты?,LEGAL_REVIEW,P0,unassigned,open,quality=53|sensitive_without_reviewer|missing_primary_source,content/knowledge-base/faq/skolko-letet-iz-rossii.md,content-quality-score.csv#kb:skolko-letet-iz-rossii
kb:skolko-nalichnyh-mozhno-vvezti,faq,/baza-znaniy/skolko-nalichnyh-mozhno-vvezti,Сколько наличных можно ввезти в Аргентину без декларации?,LEGAL_REVIEW,P0,unassigned,open,sensitive_without_reviewer,content/knowledge-base/faq/skolko-nalichnyh-mozhno-vvezti.md,content-quality-score.csv#kb:skolko-nalichnyh-mozhno-vvezti
kb:skolko-stoit-oformit-vnzh,faq,/baza-znaniy/skolko-stoit-oformit-vnzh,Сколько стоит оформление резиденции или визы цифрового кочевника в Аргентине?,LEGAL_REVIEW,P0,unassigned,open,quality=62|sensitive_without_reviewer|missing_primary_source,content/knowledge-base/faq/skolko-stoit-oformit-vnzh.md,content-quality-score.csv#kb:skolko-stoit-oformit-vnzh
kb:skolko-stoit-zhizn-v-buenos-ajrese,faq,/baza-znaniy/skolko-stoit-zhizn-v-buenos-ajrese,Сколько денег нужно на жизнь в Буэнос-Айресе в месяц?,LEGAL_REVIEW,P0,unassigned,open,quality=65|sensitive_without_reviewer|missing_primary_source,content/knowledge-base/faq/skolko-stoit-zhizn-v-buenos-ajrese.md,content-quality-score.csv#kb:skolko-stoit-zhizn-v-buenos-ajrese
kb:sladkoe-dulce-de-leche,guide,/baza-znaniy/sladkoe-dulce-de-leche,"Сладкое: дульсе-де-лече, альфахорес и фактурас",LIGHT_EDIT,P2,unassigned,open,quality=72,content/knowledge-base/kultura/sladkoe-dulce-de-leche.md,content-quality-score.csv#kb:sladkoe-dulce-de-leche
kb:soobshestvo-i-adaptaciya,guide,/baza-znaniy/soobshestvo-i-adaptaciya,Где найти своих и как пережить адаптацию в Аргентине,LEGAL_REVIEW,P0,unassigned,open,quality=66|sensitive_without_reviewer|missing_primary_source,content/knowledge-base/pereezd/soobshestvo-i-adaptaciya.md,content-quality-score.csv#kb:soobshestvo-i-adaptaciya
kb:status-expediente-migraciones,guide,/baza-znaniy/status-expediente-migraciones,Как узнать статус дела (expediente) в Migraciones,LEGAL_REVIEW,P0,unassigned,open,quality=78|sensitive_without_reviewer,content/knowledge-base/pereezd/status-expediente-migraciones.md,content-quality-score.csv#kb:status-expediente-migraciones
kb:stoimost-zhizni-ba,guide,/baza-znaniy/stoimost-zhizni-ba,Сколько стоит жизнь в Буэнос-Айресе,LEGAL_REVIEW,P0,unassigned,open,quality=73|sensitive_without_reviewer|missing_primary_source,content/knowledge-base/dengi/stoimost-zhizni-ba.md,content-quality-score.csv#kb:stoimost-zhizni-ba
kb:stoimost-zhizni-semya-i-para,guide,/baza-znaniy/stoimost-zhizni-semya-i-para,Стоимость жизни в Аргентине для пары и семьи: сценарии и уровни,LEGAL_REVIEW,P0,unassigned,open,quality=58|sensitive_without_reviewer|missing_primary_source,content/knowledge-base/dengi/stoimost-zhizni-semya-i-para.md,content-quality-score.csv#kb:stoimost-zhizni-semya-i-para
kb:stoit-li-ehat-na-poezde-v-oblaka,faq,/baza-znaniy/stoit-li-ehat-na-poezde-v-oblaka,Стоит ли ехать на «Поезде в облака»?,KEEP,P3,unassigned,open,baseline_quality_pass,content/knowledge-base/faq/stoit-li-ehat-na-poezde-v-oblaka.md,content-quality-score.csv#kb:stoit-li-ehat-na-poezde-v-oblaka
kb:stoit-li-ehat-v-argentinu,guide,/baza-znaniy/stoit-li-ehat-v-argentinu,"Стоит ли ехать в Аргентину: далеко, дорого, опасно?",LEGAL_REVIEW,P0,unassigned,open,quality=73|sensitive_without_reviewer|missing_primary_source,content/knowledge-base/puteshestvie/stoit-li-ehat-v-argentinu.md,content-quality-score.csv#kb:stoit-li-ehat-v-argentinu
kb:stoit-li-pereezzhat,guide,/baza-znaniy/stoit-li-pereezzhat,"Стоит ли переезжать в Аргентину: плюсы, минусы и кому подходит",LEGAL_REVIEW,P0,unassigned,open,quality=73|sensitive_without_reviewer|missing_primary_source,content/knowledge-base/pereezd/stoit-li-pereezzhat.md,content-quality-score.csv#kb:stoit-li-pereezzhat
kb:studencheskaya-zhizn,guide,/baza-znaniy/studencheskaya-zhizn,"Учёба и студенческий быт в Аргентине: поступление, язык, жильё",LEGAL_REVIEW,P0,unassigned,open,quality=70|sensitive_without_reviewer,content/knowledge-base/pereezd/studencheskaya-zhizn.md,content-quality-score.csv#kb:studencheskaya-zhizn
kb:susques,city,/baza-znaniy/susques,Сускес,LIGHT_EDIT,P2,unassigned,open,quality=65|duplicate_candidate,content/knowledge-base/goroda/susques.md,content-quality-score.csv#kb:susques
kb:tafi-del-valle,attraction,/baza-znaniy/tafi-del-valle,Тафи-дель-Валье,EXPAND,P2,unassigned,open,quality=53|duplicate_candidate,content/knowledge-base/dostoprimechatelnosti/tafi-del-valle.md,content-quality-score.csv#kb:tafi-del-valle
kb:tafi-viejo,attraction,/baza-znaniy/tafi-viejo,Tafí Viejo,EXPAND,P2,unassigned,open,status=stub|quality=78,content/knowledge-base/dostoprimechatelnosti/tafi-viejo.md,content-quality-score.csv#kb:tafi-viejo
kb:talampaya,national_park,/baza-znaniy/talampaya,Национальный парк Талампая,KEEP,P3,unassigned,open,baseline_quality_pass,content/knowledge-base/natsionalnye-parki/talampaya.md,content-quality-score.csv#kb:talampaya
kb:tandil,city,/baza-znaniy/tandil,Тандиль,EXPAND,P2,unassigned,open,quality=57|duplicate_candidate,content/knowledge-base/goroda/tandil.md,content-quality-score.csv#kb:tandil
kb:tango,guide,/baza-znaniy/tango,"Танго в Аргентине: культура, милонги, где смотреть и танцевать",EXPAND,P2,unassigned,open,quality=64,content/knowledge-base/kultura/tango.md,content-quality-score.csv#kb:tango
kb:tango-en-buenos-aires,attraction,/baza-znaniy/tango-en-buenos-aires,Танго в Буэнос-Айресе,KEEP,P3,unassigned,open,baseline_quality_pass,content/knowledge-base/dostoprimechatelnosti/tango-en-buenos-aires.md,content-quality-score.csv#kb:tango-en-buenos-aires
kb:tastil-y-santa-rosa-de-tastil,attraction,/baza-znaniy/tastil-y-santa-rosa-de-tastil,Tastil and Santa Rosa de Tastil,EXPAND,P2,unassigned,open,status=stub|quality=78,content/knowledge-base/dostoprimechatelnosti/tastil-y-santa-rosa-de-tastil.md,content-quality-score.csv#kb:tastil-y-santa-rosa-de-tastil
kb:teatr-kolon,attraction,/baza-znaniy/teatr-kolon,Театр Колон,KEEP,P3,unassigned,open,baseline_quality_pass,content/knowledge-base/dostoprimechatelnosti/teatr-kolon.md,content-quality-score.csv#kb:teatr-kolon
kb:teatro-y-literatura-en-buenos-aires,attraction,/baza-znaniy/teatro-y-literatura-en-buenos-aires,Театр и литература в Буэнос-Айресе,KEEP,P3,unassigned,open,baseline_quality_pass,content/knowledge-base/dostoprimechatelnosti/teatro-y-literatura-en-buenos-aires.md,content-quality-score.csv#kb:teatro-y-literatura-en-buenos-aires
kb:temporada-de-orcas-en-peninsula-valdes,attraction,/baza-znaniy/temporada-de-orcas-en-peninsula-valdes,Orca season at Península Valdés,EXPAND,P2,unassigned,open,status=stub|quality=79,content/knowledge-base/dostoprimechatelnosti/temporada-de-orcas-en-peninsula-valdes.md,content-quality-score.csv#kb:temporada-de-orcas-en-peninsula-valdes
kb:termas-de-cacheuta,attraction,/baza-znaniy/termas-de-cacheuta,Термы Качеута,LIGHT_EDIT,P2,unassigned,open,quality=79,content/knowledge-base/dostoprimechatelnosti/termas-de-cacheuta.md,content-quality-score.csv#kb:termas-de-cacheuta
kb:termas-de-rio-hondo,attraction,/baza-znaniy/termas-de-rio-hondo,Термас-де-Рио-Ондо,HUMAN_REVIEW,P2,unassigned,open,duplicate_candidate,content/knowledge-base/dostoprimechatelnosti/termas-de-rio-hondo.md,content-quality-score.csv#kb:termas-de-rio-hondo
kb:termas-de-saenz-pena,attraction,/baza-znaniy/termas-de-saenz-pena,Термы Саэнс-Пенья,LIGHT_EDIT,P2,unassigned,open,quality=79,content/knowledge-base/dostoprimechatelnosti/termas-de-saenz-pena.md,content-quality-score.csv#kb:termas-de-saenz-pena
kb:termas-del-rio-jordan,attraction,/baza-znaniy/termas-del-rio-jordan,Термы Рио-Жордан,LIGHT_EDIT,P2,unassigned,open,quality=74,content/knowledge-base/dostoprimechatelnosti/termas-del-rio-jordan.md,content-quality-score.csv#kb:termas-del-rio-jordan
kb:termas-en-entre-rios,attraction,/baza-znaniy/termas-en-entre-rios,Термы Энтре-Риоса,LIGHT_EDIT,P2,unassigned,open,quality=79,content/knowledge-base/dostoprimechatelnosti/termas-en-entre-rios.md,content-quality-score.csv#kb:termas-en-entre-rios
kb:tierra-del-fuego,region,/baza-znaniy/tierra-del-fuego,Огненная Земля,KEEP,P3,unassigned,open,baseline_quality_pass,content/knowledge-base/regiony/tierra-del-fuego.md,content-quality-score.csv#kb:tierra-del-fuego
kb:tigre-i-delta,attraction,/baza-znaniy/tigre-i-delta,Тигре и Дельта Параны,KEEP,P3,unassigned,open,baseline_quality_pass,content/knowledge-base/dostoprimechatelnosti/tigre-i-delta.md,content-quality-score.csv#kb:tigre-i-delta
kb:tilcara,attraction,/baza-znaniy/tilcara,Tilcara,EXPAND,P2,unassigned,open,status=stub|quality=78,content/knowledge-base/dostoprimechatelnosti/tilcara.md,content-quality-score.csv#kb:tilcara
kb:tilkara,attraction,/baza-znaniy/tilkara,Тилькара и крепость Пукара,KEEP,P3,unassigned,open,baseline_quality_pass,content/knowledge-base/dostoprimechatelnosti/tilkara.md,content-quality-score.csv#kb:tilkara
kb:tinogasta,attraction,/baza-znaniy/tinogasta,Tinogasta,EXPAND,P2,unassigned,open,status=stub|quality=78,content/knowledge-base/dostoprimechatelnosti/tinogasta.md,content-quality-score.csv#kb:tinogasta
kb:tolhuin,attraction,/baza-znaniy/tolhuin,Tolhuin,EXPAND,P2,unassigned,open,status=stub|quality=78,content/knowledge-base/dostoprimechatelnosti/tolhuin.md,content-quality-score.csv#kb:tolhuin
kb:tradicion-cervecera-en-santa-fe,attraction,/baza-znaniy/tradicion-cervecera-en-santa-fe,Brewing tradition in Santa Fe,LIGHT_EDIT,P2,unassigned,open,quality=78,content/knowledge-base/dostoprimechatelnosti/tradicion-cervecera-en-santa-fe.md,content-quality-score.csv#kb:tradicion-cervecera-en-santa-fe
kb:tradiciones-gauchas,attraction,/baza-znaniy/tradiciones-gauchas,Gaucho Traditions,EXPAND,P2,unassigned,open,status=stub|quality=78,content/knowledge-base/dostoprimechatelnosti/tradiciones-gauchas.md,content-quality-score.csv#kb:tradiciones-gauchas
kb:travesia-4x4-en-tierra-del-fuego,attraction,/baza-znaniy/travesia-4x4-en-tierra-del-fuego,Travesía 4x4 en Огненная Земля,EXPAND,P2,unassigned,open,status=stub|quality=78,content/knowledge-base/dostoprimechatelnosti/travesia-4x4-en-tierra-del-fuego.md,content-quality-score.csv#kb:travesia-4x4-en-tierra-del-fuego
kb:trekking-en-bosques-y-lagos,attraction,/baza-znaniy/trekking-en-bosques-y-lagos,Trekking in forests and lakes,LIGHT_EDIT,P2,unassigned,open,quality=78,content/knowledge-base/dostoprimechatelnosti/trekking-en-bosques-y-lagos.md,content-quality-score.csv#kb:trekking-en-bosques-y-lagos
kb:trekking-en-lihue-calel,attraction,/baza-znaniy/trekking-en-lihue-calel,Trekking in Lihué Calel,EXPAND,P2,unassigned,open,status=stub|quality=78,content/knowledge-base/dostoprimechatelnosti/trekking-en-lihue-calel.md,content-quality-score.csv#kb:trekking-en-lihue-calel
kb:trekking-en-parque-patagonia,attraction,/baza-znaniy/trekking-en-parque-patagonia,Trekking en Parque Патагония,LEGAL_REVIEW,P0,unassigned,open,status=stub|quality=66|sensitive_without_reviewer,content/knowledge-base/dostoprimechatelnosti/trekking-en-parque-patagonia.md,content-quality-score.csv#kb:trekking-en-parque-patagonia
kb:trekking-en-salta,attraction,/baza-znaniy/trekking-en-salta,Trekking in Salta,EXPAND,P2,unassigned,open,status=stub|quality=78,content/knowledge-base/dostoprimechatelnosti/trekking-en-salta.md,content-quality-score.csv#kb:trekking-en-salta
kb:trekking-en-tolhuin,attraction,/baza-znaniy/trekking-en-tolhuin,Trekking in Tolhuin,LIGHT_EDIT,P2,unassigned,open,quality=78,content/knowledge-base/dostoprimechatelnosti/trekking-en-tolhuin.md,content-quality-score.csv#kb:trekking-en-tolhuin
kb:tren-a-las-nubes,attraction,/baza-znaniy/tren-a-las-nubes,Поезд в облака,LIGHT_EDIT,P2,unassigned,open,quality=79,content/knowledge-base/dostoprimechatelnosti/tren-a-las-nubes.md,content-quality-score.csv#kb:tren-a-las-nubes
kb:tren-de-las-sierras,attraction,/baza-znaniy/tren-de-las-sierras,Tren de las Sierras,EXPAND,P2,unassigned,open,status=stub|quality=73,content/knowledge-base/dostoprimechatelnosti/tren-de-las-sierras.md,content-quality-score.csv#kb:tren-de-las-sierras
kb:trevelin,attraction,/baza-znaniy/trevelin,Тревелин,DEEP_REWRITE,P1,unassigned,open,quality=41,content/knowledge-base/dostoprimechatelnosti/trevelin.md,content-quality-score.csv#kb:trevelin
kb:trevelin-el-pueblo-del-molino,attraction,/baza-znaniy/trevelin-el-pueblo-del-molino,"Trevelin, the mill town",EXPAND,P2,unassigned,open,status=stub|quality=78,content/knowledge-base/dostoprimechatelnosti/trevelin-el-pueblo-del-molino.md,content-quality-score.csv#kb:trevelin-el-pueblo-del-molino
kb:turismo-aventura-en-chaco,attraction,/baza-znaniy/turismo-aventura-en-chaco,Adventure tourism in Chaco,EXPAND,P2,unassigned,open,status=stub|quality=78,content/knowledge-base/dostoprimechatelnosti/turismo-aventura-en-chaco.md,content-quality-score.csv#kb:turismo-aventura-en-chaco
kb:turismo-cultural-en-rosario,attraction,/baza-znaniy/turismo-cultural-en-rosario,Cultural tourism in Rosario,EXPAND,P2,unassigned,open,status=stub|quality=78,content/knowledge-base/dostoprimechatelnosti/turismo-cultural-en-rosario.md,content-quality-score.csv#kb:turismo-cultural-en-rosario
kb:turismo-paleontologico-en-neuquen,attraction,/baza-znaniy/turismo-paleontologico-en-neuquen,Paleontological tourism in Neuquén,EXPAND,P2,unassigned,open,status=stub|quality=78,content/knowledge-base/dostoprimechatelnosti/turismo-paleontologico-en-neuquen.md,content-quality-score.csv#kb:turismo-paleontologico-en-neuquen
kb:turismo-religioso-en-salta,attraction,/baza-znaniy/turismo-religioso-en-salta,Religious Tourism in Salta,EXPAND,P2,unassigned,open,status=stub|quality=73,content/knowledge-base/dostoprimechatelnosti/turismo-religioso-en-salta.md,content-quality-score.csv#kb:turismo-religioso-en-salta
kb:turismo-rural-comunitario,attraction,/baza-znaniy/turismo-rural-comunitario,Rural community tourism,EXPAND,P2,unassigned,open,status=stub|quality=78,content/knowledge-base/dostoprimechatelnosti/turismo-rural-comunitario.md,content-quality-score.csv#kb:turismo-rural-comunitario
kb:turismo-rural-en-la-pampa,attraction,/baza-znaniy/turismo-rural-en-la-pampa,Rural tourism in La Pampa,EXPAND,P2,unassigned,open,status=stub|quality=78,content/knowledge-base/dostoprimechatelnosti/turismo-rural-en-la-pampa.md,content-quality-score.csv#kb:turismo-rural-en-la-pampa
kb:turismo-rural-en-salta,attraction,/baza-znaniy/turismo-rural-en-salta,Rural Tourism in Salta,EXPAND,P2,unassigned,open,status=stub|quality=78,content/knowledge-base/dostoprimechatelnosti/turismo-rural-en-salta.md,content-quality-score.csv#kb:turismo-rural-en-salta
kb:udalyonnaya-rabota-i-oplata,guide,/baza-znaniy/udalyonnaya-rabota-i-oplata,Удалёнка в Аргентине: как получать оплату и не терять на курсе,LEGAL_REVIEW,P0,unassigned,open,quality=58|sensitive_without_reviewer|missing_primary_source,content/knowledge-base/dengi/udalyonnaya-rabota-i-oplata.md,content-quality-score.csv#kb:udalyonnaya-rabota-i-oplata
kb:ushuaia,city,/baza-znaniy/ushuaia,Ушуайя,HUMAN_REVIEW,P2,unassigned,open,duplicate_candidate,content/knowledge-base/goroda/ushuaia.md,content-quality-score.csv#kb:ushuaia
kb:ushuaia-la-ciudad-y-el-tren,attraction,/baza-znaniy/ushuaia-la-ciudad-y-el-tren,Ушуайя: la ciudad y el tren,EXPAND,P2,unassigned,open,status=stub|quality=79,content/knowledge-base/dostoprimechatelnosti/ushuaia-la-ciudad-y-el-tren.md,content-quality-score.csv#kb:ushuaia-la-ciudad-y-el-tren
kb:valle-de-la-luna-de-cusi-cusi,attraction,/baza-znaniy/valle-de-la-luna-de-cusi-cusi,Лунная долина Куси-Куси,LIGHT_EDIT,P2,unassigned,open,quality=79,content/knowledge-base/dostoprimechatelnosti/valle-de-la-luna-de-cusi-cusi.md,content-quality-score.csv#kb:valle-de-la-luna-de-cusi-cusi
kb:valle-de-punilla-cordoba,attraction,/baza-znaniy/valle-de-punilla-cordoba,Долина Пунилья,LIGHT_EDIT,P2,unassigned,open,quality=79,content/knowledge-base/dostoprimechatelnosti/valle-de-punilla-cordoba.md,content-quality-score.csv#kb:valle-de-punilla-cordoba
kb:valle-de-traslasierra,attraction,/baza-znaniy/valle-de-traslasierra,Долина Траслассьерра,LIGHT_EDIT,P2,unassigned,open,quality=79,content/knowledge-base/dostoprimechatelnosti/valle-de-traslasierra.md,content-quality-score.csv#kb:valle-de-traslasierra
kb:valle-de-uco,attraction,/baza-znaniy/valle-de-uco,Валье-де-Уко,EXPAND,P2,unassigned,open,quality=52,content/knowledge-base/dostoprimechatelnosti/valle-de-uco.md,content-quality-score.csv#kb:valle-de-uco
kb:valle-de-uco-mendoza,attraction,/baza-znaniy/valle-de-uco-mendoza,"Valle de Uco, Мендоса",LIGHT_EDIT,P2,unassigned,open,quality=78,content/knowledge-base/dostoprimechatelnosti/valle-de-uco-mendoza.md,content-quality-score.csv#kb:valle-de-uco-mendoza
kb:valle-encantado,attraction,/baza-znaniy/valle-encantado,Заколдованная долина,LIGHT_EDIT,P2,unassigned,open,quality=78,content/knowledge-base/dostoprimechatelnosti/valle-encantado.md,content-quality-score.csv#kb:valle-encantado
kb:valle-grande,attraction,/baza-znaniy/valle-grande,Валье-Гранде,LIGHT_EDIT,P2,unassigned,open,quality=79,content/knowledge-base/dostoprimechatelnosti/valle-grande.md,content-quality-score.csv#kb:valle-grande
kb:valles-y-bosques-fueguinos,attraction,/baza-znaniy/valles-y-bosques-fueguinos,Valleys and forests in Огненная Земля,EXPAND,P2,unassigned,open,status=stub|quality=78,content/knowledge-base/dostoprimechatelnosti/valles-y-bosques-fueguinos.md,content-quality-score.csv#kb:valles-y-bosques-fueguinos
kb:verano-en-corrientes,attraction,/baza-znaniy/verano-en-corrientes,Summer in Corrientes,EXPAND,P2,unassigned,open,status=stub|quality=78,content/knowledge-base/dostoprimechatelnosti/verano-en-corrientes.md,content-quality-score.csv#kb:verano-en-corrientes
kb:vida-nocturna-en-buenos-aires,attraction,/baza-znaniy/vida-nocturna-en-buenos-aires,Ночная жизнь Буэнос-Айреса,KEEP,P3,unassigned,open,baseline_quality_pass,content/knowledge-base/dostoprimechatelnosti/vida-nocturna-en-buenos-aires.md,content-quality-score.csv#kb:vida-nocturna-en-buenos-aires
kb:viedma,attraction,/baza-znaniy/viedma,Viedma,EXPAND,P2,unassigned,open,status=stub|quality=78,content/knowledge-base/dostoprimechatelnosti/viedma.md,content-quality-score.csv#kb:viedma
kb:villa-carlos-paz,attraction,/baza-znaniy/villa-carlos-paz,Вилья-Карлос-Пас,LIGHT_EDIT,P2,unassigned,open,quality=79,content/knowledge-base/dostoprimechatelnosti/villa-carlos-paz.md,content-quality-score.csv#kb:villa-carlos-paz
kb:villa-del-carmen-san-luis,attraction,/baza-znaniy/villa-del-carmen-san-luis,Вилья-дель-Кармен,LIGHT_EDIT,P2,unassigned,open,quality=79,content/knowledge-base/dostoprimechatelnosti/villa-del-carmen-san-luis.md,content-quality-score.csv#kb:villa-del-carmen-san-luis
kb:villa-general-belgrano,attraction,/baza-znaniy/villa-general-belgrano,Вилья-Хенераль-Бельграно,LIGHT_EDIT,P2,unassigned,open,quality=79,content/knowledge-base/dostoprimechatelnosti/villa-general-belgrano.md,content-quality-score.csv#kb:villa-general-belgrano
kb:villa-gesell,city,/baza-znaniy/villa-gesell,Вилья-Хесель,HUMAN_REVIEW,P2,unassigned,open,duplicate_candidate,content/knowledge-base/goroda/villa-gesell.md,content-quality-score.csv#kb:villa-gesell
kb:villa-la-angostura,city,/baza-znaniy/villa-la-angostura,Вилья-Ла-Ангостура,HUMAN_REVIEW,P2,unassigned,open,duplicate_candidate,content/knowledge-base/goroda/villa-la-angostura.md,content-quality-score.csv#kb:villa-la-angostura
kb:villa-la-punta,attraction,/baza-znaniy/villa-la-punta,Вилья-Ла-Пунта,LIGHT_EDIT,P2,unassigned,open,quality=79,content/knowledge-base/dostoprimechatelnosti/villa-la-punta.md,content-quality-score.csv#kb:villa-la-punta
kb:villa-mercedes-san-luis,attraction,/baza-znaniy/villa-mercedes-san-luis,Вилья-Мерседес,LIGHT_EDIT,P2,unassigned,open,quality=79,content/knowledge-base/dostoprimechatelnosti/villa-mercedes-san-luis.md,content-quality-score.csv#kb:villa-mercedes-san-luis
kb:villa-nougues,attraction,/baza-znaniy/villa-nougues,Вилья-Нугес,LEGAL_REVIEW,P0,unassigned,open,quality=67|sensitive_without_reviewer,content/knowledge-base/dostoprimechatelnosti/villa-nougues.md,content-quality-score.csv#kb:villa-nougues
kb:villa-ocampo,attraction,/baza-znaniy/villa-ocampo,Вилья-Окампо,LIGHT_EDIT,P2,unassigned,open,quality=79,content/knowledge-base/dostoprimechatelnosti/villa-ocampo.md,content-quality-score.csv#kb:villa-ocampo
kb:villa-paranacito,attraction,/baza-znaniy/villa-paranacito,Вилья-Паранасито,LIGHT_EDIT,P2,unassigned,open,quality=79,content/knowledge-base/dostoprimechatelnosti/villa-paranacito.md,content-quality-score.csv#kb:villa-paranacito
kb:villa-pehuenia,attraction,/baza-znaniy/villa-pehuenia,Вилья-Пеуэния,LIGHT_EDIT,P2,unassigned,open,quality=79,content/knowledge-base/dostoprimechatelnosti/villa-pehuenia.md,content-quality-score.csv#kb:villa-pehuenia
kb:villa-regina,attraction,/baza-znaniy/villa-regina,Вилья-Регина,LIGHT_EDIT,P2,unassigned,open,quality=79,content/knowledge-base/dostoprimechatelnosti/villa-regina.md,content-quality-score.csv#kb:villa-regina
kb:villa-rio-bermejito,attraction,/baza-znaniy/villa-rio-bermejito,Вилья-Рио-Бермехито,LIGHT_EDIT,P2,unassigned,open,quality=79,content/knowledge-base/dostoprimechatelnosti/villa-rio-bermejito.md,content-quality-score.csv#kb:villa-rio-bermejito
kb:villa-traful,attraction,/baza-znaniy/villa-traful,Villa Traful,EXPAND,P2,unassigned,open,status=stub|quality=78,content/knowledge-base/dostoprimechatelnosti/villa-traful.md,content-quality-score.csv#kb:villa-traful
kb:villavicencio,attraction,/baza-znaniy/villavicencio,Вильявисенсио,DEEP_REWRITE,P1,unassigned,open,quality=41|duplicate_candidate,content/knowledge-base/dostoprimechatelnosti/villavicencio.md,content-quality-score.csv#kb:villavicencio
kb:vinnyy-marshrut,route,/baza-znaniy/vinnyy-marshrut,Винный маршрут: Мендоса и высокогорный север,KEEP,P3,unassigned,open,baseline_quality_pass,content/knowledge-base/marshruty/vinnyy-marshrut.md,content-quality-score.csv#kb:vinnyy-marshrut
kb:vino-argentiny,guide,/baza-znaniy/vino-argentiny,Вино Аргентины: сорта и регионы,KEEP,P3,unassigned,open,baseline_quality_pass,content/knowledge-base/kultura/vino-argentiny.md,content-quality-score.csv#kb:vino-argentiny
kb:vinos-de-san-juan,attraction,/baza-znaniy/vinos-de-san-juan,San Juan wines,EXPAND,P2,unassigned,open,status=stub|quality=78,content/knowledge-base/dostoprimechatelnosti/vinos-de-san-juan.md,content-quality-score.csv#kb:vinos-de-san-juan
kb:vinos-de-tolombon,attraction,/baza-znaniy/vinos-de-tolombon,Tolombón Wines,EXPAND,P2,unassigned,open,status=stub|quality=78,content/knowledge-base/dostoprimechatelnosti/vinos-de-tolombon.md,content-quality-score.csv#kb:vinos-de-tolombon
kb:vinos-del-valle-patagonico,attraction,/baza-znaniy/vinos-del-valle-patagonico,Вина патагонских долин,EXPAND,P2,unassigned,open,status=stub|quality=78,content/knowledge-base/dostoprimechatelnosti/vinos-del-valle-patagonico.md,content-quality-score.csv#kb:vinos-del-valle-patagonico
kb:viza-cifrovogo-kochevnika,guide,/baza-znaniy/viza-cifrovogo-kochevnika,Виза цифрового кочевника Аргентины,LEGAL_REVIEW,P0,unassigned,open,sensitive_without_reviewer,content/knowledge-base/pereezd/viza-cifrovogo-kochevnika.md,content-quality-score.csv#kb:viza-cifrovogo-kochevnika
kb:viza-cifrovogo-kochevnika-chto-daet,faq,/baza-znaniy/viza-cifrovogo-kochevnika-chto-daet,Что даёт виза цифрового кочевника в Аргентине и ведёт ли она к ПМЖ?,LEGAL_REVIEW,P0,unassigned,open,quality=64|sensitive_without_reviewer|missing_primary_source,content/knowledge-base/faq/viza-cifrovogo-kochevnika-chto-daet.md,content-quality-score.csv#kb:viza-cifrovogo-kochevnika-chto-daet
kb:viza-i-granica-dlya-rossiyan,guide,/baza-znaniy/viza-i-granica-dlya-rossiyan,Виза и граница для россиян: пустят ли и что спрашивают,LEGAL_REVIEW,P0,unassigned,open,quality=78|sensitive_without_reviewer,content/knowledge-base/puteshestvie/viza-i-granica-dlya-rossiyan.md,content-quality-score.csv#kb:viza-i-granica-dlya-rossiyan
kb:viza-kochevnika-ne-vnzh,author_tip,/baza-znaniy/viza-kochevnika-ne-vnzh,"Виза цифрового кочевника — не первый шаг к переезду навсегда, хотя так часто думают",LEGAL_REVIEW,P0,unassigned,open,quality=73|sensitive_without_reviewer|missing_primary_source,content/knowledge-base/lichnyy-opyt/viza-kochevnika-ne-vnzh.md,content-quality-score.csv#kb:viza-kochevnika-ne-vnzh
kb:viza-rf-v-argentinu,faq,/baza-znaniy/viza-rf-v-argentinu,Нужна ли виза в Аргентину гражданам России?,LEGAL_REVIEW,P0,unassigned,open,quality=59|sensitive_without_reviewer|missing_primary_source,content/knowledge-base/faq/viza-rf-v-argentinu.md,content-quality-score.csv#kb:viza-rf-v-argentinu
kb:viza-v-braziliyu-dlya-iguasu,faq,/baza-znaniy/viza-v-braziliyu-dlya-iguasu,"Нужна ли виза в Бразилию, чтобы посмотреть водопады Игуасу с бразильской стороны?",LEGAL_REVIEW,P0,unassigned,open,quality=61|sensitive_without_reviewer|missing_primary_source,content/knowledge-base/faq/viza-v-braziliyu-dlya-iguasu.md,content-quality-score.csv#kb:viza-v-braziliyu-dlya-iguasu
kb:vnutrennie-aviabilety,transport,/baza-znaniy/vnutrennie-aviabilety,Внутренние авиабилеты по Аргентине,KEEP,P3,unassigned,open,baseline_quality_pass,content/knowledge-base/transport/vnutrennie-aviabilety.md,content-quality-score.csv#kb:vnutrennie-aviabilety
kb:vnzh-argentina,guide,/baza-znaniy/vnzh-argentina,ВНЖ Аргентины: все легальные пути резиденции,LEGAL_REVIEW,P0,unassigned,open,duplicate_candidate|sensitive_without_reviewer,content/knowledge-base/pereezd/vnzh-argentina.md,content-quality-score.csv#kb:vnzh-argentina
kb:vnzh-po-uchebe,guide,/baza-znaniy/vnzh-po-uchebe,ВНЖ Аргентины по учёбе (студенческая резиденция),LEGAL_REVIEW,P0,unassigned,open,quality=71|sensitive_without_reviewer,content/knowledge-base/pereezd/vnzh-po-uchebe.md,content-quality-score.csv#kb:vnzh-po-uchebe
kb:vnzh-rantye,guide,/baza-znaniy/vnzh-rantye,Резиденция рантье и пенсионера в Аргентине: пошаговый гайд,LEGAL_REVIEW,P0,unassigned,open,sensitive_without_reviewer,content/knowledge-base/pereezd/vnzh-rantye.md,content-quality-score.csv#kb:vnzh-rantye
kb:vo-skolko-uzhinayut-v-argentine,faq,/baza-znaniy/vo-skolko-uzhinayut-v-argentine,Во сколько в Аргентине обедают и ужинают?,KEEP,P3,unassigned,open,baseline_quality_pass,content/knowledge-base/faq/vo-skolko-uzhinayut-v-argentine.md,content-quality-score.csv#kb:vo-skolko-uzhinayut-v-argentine
kb:voditelskie-prava,guide,/baza-znaniy/voditelskie-prava,Вождение и водительские права в Аргентине: туристу и релоканту,LEGAL_REVIEW,P0,unassigned,open,sensitive_without_reviewer,content/knowledge-base/pereezd/voditelskie-prava.md,content-quality-score.csv#kb:voditelskie-prava
kb:voinskij-uchet-i-voennyj-bilet,guide,/baza-znaniy/voinskij-uchet-i-voennyj-bilet,Воинский учёт и военный билет при переезде в Аргентину,LEGAL_REVIEW,P0,unassigned,open,quality=58|sensitive_without_reviewer,content/knowledge-base/pereezd/voinskij-uchet-i-voennyj-bilet.md,content-quality-score.csv#kb:voinskij-uchet-i-voennyj-bilet
kb:volcan-lanin,attraction,/baza-znaniy/volcan-lanin,Lanín volcano,LIGHT_EDIT,P2,unassigned,open,quality=78,content/knowledge-base/dostoprimechatelnosti/volcan-lanin.md,content-quality-score.csv#kb:volcan-lanin
kb:volcan-malacara,attraction,/baza-znaniy/volcan-malacara,Вулкан Малакара,LIGHT_EDIT,P2,unassigned,open,quality=78,content/knowledge-base/dostoprimechatelnosti/volcan-malacara.md,content-quality-score.csv#kb:volcan-malacara
kb:vossoedinenie-semi,guide,/baza-znaniy/vossoedinenie-semi,"Резиденция по семейному признаку (vínculo familiar): супруги, дети, родители",LEGAL_REVIEW,P0,unassigned,open,sensitive_without_reviewer,content/knowledge-base/pereezd/vossoedinenie-semi.md,content-quality-score.csv#kb:vossoedinenie-semi
kb:vysokogorye-na-avto,guide,/baza-znaniy/vysokogorye-na-avto,Путешествие на автомобиле в высокогорье: Пуна и перевалы,LEGAL_REVIEW,P0,unassigned,open,quality=65|sensitive_without_reviewer,content/knowledge-base/transport/vysokogorye-na-avto.md,content-quality-score.csv#kb:vysokogorye-na-avto
kb:yapeyu,attraction,/baza-znaniy/yapeyu,Yapeyú,EXPAND,P2,unassigned,open,status=stub|quality=78,content/knowledge-base/dostoprimechatelnosti/yapeyu.md,content-quality-score.csv#kb:yapeyu
kb:yungas-tucumanas,attraction,/baza-znaniy/yungas-tucumanas,Tucuman Yungas,LEGAL_REVIEW,P0,unassigned,open,status=stub|quality=66|sensitive_without_reviewer,content/knowledge-base/dostoprimechatelnosti/yungas-tucumanas.md,content-quality-score.csv#kb:yungas-tucumanas
kb:zashchita-nakoplenij-ot-inflyacii,guide,/baza-znaniy/zashchita-nakoplenij-ot-inflyacii,Как защитить накопления от инфляции в Аргентине,LEGAL_REVIEW,P0,unassigned,open,quality=66|sensitive_without_reviewer|missing_primary_source,content/knowledge-base/dengi/zashchita-nakoplenij-ot-inflyacii.md,content-quality-score.csv#kb:zashchita-nakoplenij-ot-inflyacii
kb:zemletryaseniya-i-vulkany,guide,/baza-znaniy/zemletryaseniya-i-vulkany,"Землетрясения, вулканы и природные стихии Аргентины",LEGAL_REVIEW,P0,unassigned,open,quality=66|sensitive_without_reviewer|missing_primary_source,content/knowledge-base/bezopasnost/zemletryaseniya-i-vulkany.md,content-quality-score.csv#kb:zemletryaseniya-i-vulkany
kb:zhile-dlya-turistov,guide,/baza-znaniy/zhile-dlya-turistov,Где остановиться туристу в Аргентине,EXPAND,P2,unassigned,open,quality=64,content/knowledge-base/zhile/zhile-dlya-turistov.md,content-quality-score.csv#kb:zhile-dlya-turistov
kb:zhile-i-arenda,guide,/baza-znaniy/zhile-i-arenda,Жильё и аренда в Аргентине,LEGAL_REVIEW,P0,unassigned,open,quality=76|sensitive_without_reviewer,content/knowledge-base/pereezd/zhile-i-arenda.md,content-quality-score.csv#kb:zhile-i-arenda
kb:zhizn-bez-ispanskogo,guide,/baza-znaniy/zhizn-bez-ispanskogo,Жизнь без испанского: как справляться в Аргентине первое время,LEGAL_REVIEW,P0,unassigned,open,quality=66|sensitive_without_reviewer|missing_primary_source,content/knowledge-base/kultura/zhizn-bez-ispanskogo.md,content-quality-score.csv#kb:zhizn-bez-ispanskogo
kb:zhizn-na-pensii,guide,/baza-znaniy/zhizn-na-pensii,Жизнь на пенсии в Аргентине: переезд для пенсионера,LEGAL_REVIEW,P0,unassigned,open,quality=58|sensitive_without_reviewer|missing_primary_source,content/knowledge-base/pereezd/zhizn-na-pensii.md,content-quality-score.csv#kb:zhizn-na-pensii
blog:argentina-10-dnej-3-nedeli,blog,/blog/argentina-10-dnej-3-nedeli,Маршруты по Аргентине на 10 дней и 3 недели (2026),EXPAND,P2,unassigned,open,quality=52,src/data/blog.ts,content-quality-score.csv#blog:argentina-10-dnej-3-nedeli
blog:argentina-2-nedeli-marshrut,blog,/blog/argentina-2-nedeli-marshrut,Маршрут по Аргентине на 2 недели: классика за один трип (2026),EXPAND,P2,unassigned,open,quality=52,src/data/blog.ts,content-quality-score.csv#blog:argentina-2-nedeli-marshrut
blog:argentina-tourist-visa-2026,blog,/blog/argentina-tourist-visa-2026,"Въезд туриста в Аргентину: виза, сроки и документы",LIGHT_EDIT,P2,unassigned,open,quality=67,src/data/blog.ts,content-quality-score.csv#blog:argentina-tourist-visa-2026
blog:argentinian-steak-guide,blog,/blog/argentinian-steak-guide,Аргентинский стейк: asado и parrilla,LIGHT_EDIT,P2,unassigned,open,quality=67,src/data/blog.ts,content-quality-score.csv#blog:argentinian-steak-guide
blog:ba-district-бюджет,blog,/blog/ba-district-бюджет,Районы Буэнос-Айреса: сколько стоит поездка и как сэкономить,EXPAND,P2,unassigned,open,status=draft|quality=67|duplicate_candidate,src/data/blog-content-plan.ts,content-quality-score.csv#blog:ba-district-бюджет
blog:ba-district-закат,blog,/blog/ba-district-закат,Районы Буэнос-Айреса: Закатные точки — практический гид,EXPAND,P2,unassigned,open,status=draft|quality=67|duplicate_candidate,src/data/blog-content-plan.ts,content-quality-score.csv#blog:ba-district-закат
blog:ba-district-отели,blog,/blog/ba-district-отели,Районы Буэнос-Айреса: Отели и бронирование — практический гид,EXPAND,P2,unassigned,open,status=draft|quality=67|duplicate_candidate,src/data/blog-content-plan.ts,content-quality-score.csv#blog:ba-district-отели
blog:ba-district-ошибки,blog,/blog/ba-district-ошибки,Районы Буэнос-Айреса: 10 типичных ошибок туристов,EXPAND,P2,unassigned,open,status=draft|quality=67|duplicate_candidate,src/data/blog-content-plan.ts,content-quality-score.csv#blog:ba-district-ошибки
blog:ba-district-рассвет,blog,/blog/ba-district-рассвет,Районы Буэнос-Айреса: Рассветные локации — практический гид,EXPAND,P2,unassigned,open,status=draft|quality=67|duplicate_candidate,src/data/blog-content-plan.ts,content-quality-score.csv#blog:ba-district-рассвет
blog:ba-district-советы-новичкам,blog,/blog/ba-district-советы-новичкам,Районы Буэнос-Айреса: полный гид для новичков — с чего начать,EXPAND,P2,unassigned,open,status=draft|quality=67|duplicate_candidate,src/data/blog-content-plan.ts,content-quality-score.csv#blog:ba-district-советы-новичкам
blog:ba-district-хостелы,blog,/blog/ba-district-хостелы,Районы Буэнос-Айреса: Хостелы — практический гид,EXPAND,P2,unassigned,open,status=draft|quality=67|duplicate_candidate,src/data/blog-content-plan.ts,content-quality-score.csv#blog:ba-district-хостелы
blog:ba-district-airbnb,blog,/blog/ba-district-airbnb,Районы Буэнос-Айреса: Аренда жилья (Airbnb) — практический гид,EXPAND,P2,unassigned,open,status=draft|quality=67|duplicate_candidate,src/data/blog-content-plan.ts,content-quality-score.csv#blog:ba-district-airbnb
blog:ba-district-microcentro,blog,/blog/ba-district-microcentro,"Район Microcentro в Buenos Aires: где жить, гулять и есть",EXPAND,P2,unassigned,open,status=draft|quality=67,src/data/blog-content-plan.ts,content-quality-score.csv#blog:ba-district-microcentro
blog:ba-district-palermo,blog,/blog/ba-district-palermo,"Район Palermo в Buenos Aires: где жить, гулять и есть",EXPAND,P2,unassigned,open,status=draft|quality=67,src/data/blog-content-plan.ts,content-quality-score.csv#blog:ba-district-palermo
blog:ba-district-puerto-madero,blog,/blog/ba-district-puerto-madero,"Район Puerto Madero в Buenos Aires: где жить, гулять и есть",EXPAND,P2,unassigned,open,status=draft|quality=67,src/data/blog-content-plan.ts,content-quality-score.csv#blog:ba-district-puerto-madero
blog:ba-district-recoleta,blog,/blog/ba-district-recoleta,"Район Recoleta в Buenos Aires: где жить, гулять и есть",EXPAND,P2,unassigned,open,status=draft|quality=67,src/data/blog-content-plan.ts,content-quality-score.csv#blog:ba-district-recoleta
blog:ba-district-san-telmo,blog,/blog/ba-district-san-telmo,"Район San Telmo в Buenos Aires: где жить, гулять и есть",EXPAND,P2,unassigned,open,status=draft|quality=67,src/data/blog-content-plan.ts,content-quality-score.csv#blog:ba-district-san-telmo
blog:banado-la-estrella,blog,/blog/banado-la-estrella,Баньядо-ла-Эстрелья: призрачные болота Формосы (гид 2026),DEEP_REWRITE,P1,unassigned,open,quality=43,src/data/blog.ts,content-quality-score.csv#blog:banado-la-estrella
blog:bankovskij-schet-argentina,blog,/blog/bankovskij-schet-argentina,Банковский счёт и финансы релоканта в Аргентине (гид 2026),EXPAND,P2,unassigned,open,quality=52|duplicate_candidate,src/data/blog.ts,content-quality-score.csv#blog:bankovskij-schet-argentina
blog:best-time-to-visit-argentina,blog,/blog/best-time-to-visit-argentina,Когда лучше ехать в Аргентину: полный гид по сезонам и регионам,LIGHT_EDIT,P2,unassigned,open,quality=67,src/data/blog.ts,content-quality-score.csv#blog:best-time-to-visit-argentina
blog:blue-dollar-argentina-2026,blog,/blog/blue-dollar-argentina-2026,Синий доллар и оплата в Аргентине: что нужно знать туристу,LIGHT_EDIT,P2,unassigned,open,quality=67,src/data/blog.ts,content-quality-score.csv#blog:blue-dollar-argentina-2026
blog:buenos-aires-автобусы,blog,/blog/buenos-aires-автобусы,Буэнос-Айрес: Междугородние автобусы — практический гид,EXPAND,P2,unassigned,open,status=draft|quality=67,src/data/blog-content-plan.ts,content-quality-score.csv#blog:buenos-aires-автобусы
blog:buenos-aires-бюджет,blog,/blog/buenos-aires-бюджет,Буэнос-Айрес: сколько стоит поездка и как сэкономить,LIGHT_EDIT,P2,unassigned,open,quality=67|duplicate_candidate,src/data/blog.ts,content-quality-score.csv#blog:buenos-aires-бюджет
blog:buenos-aires-весной,blog,/blog/buenos-aires-весной,"Буэнос-Айрес весной: погода, одежда и что успеть",EXPAND,P2,unassigned,open,status=draft|quality=67|duplicate_candidate,src/data/blog-content-plan.ts,content-quality-score.csv#blog:buenos-aires-весной
blog:buenos-aires-за-3-дня,blog,/blog/buenos-aires-за-3-дня,Буэнос-Айрес за 3 дня: готовый маршрут по дням,LIGHT_EDIT,P2,unassigned,open,quality=67|duplicate_candidate,src/data/blog.ts,content-quality-score.csv#blog:buenos-aires-за-3-дня
blog:buenos-aires-за-5-дней,blog,/blog/buenos-aires-за-5-дней,Буэнос-Айрес за 5 дней: готовый маршрут по дням,EXPAND,P2,unassigned,open,status=draft|quality=67|duplicate_candidate,src/data/blog-content-plan.ts,content-quality-score.csv#blog:buenos-aires-за-5-дней
blog:buenos-aires-за-7-дней,blog,/blog/buenos-aires-за-7-дней,Буэнос-Айрес за 7 дней: готовый маршрут по дням,EXPAND,P2,unassigned,open,status=draft|quality=67|duplicate_candidate,src/data/blog-content-plan.ts,content-quality-score.csv#blog:buenos-aires-за-7-дней
blog:buenos-aires-закат,blog,/blog/buenos-aires-закат,Буэнос-Айрес: Закатные точки — практический гид,EXPAND,P2,unassigned,open,status=draft|quality=67|duplicate_candidate,src/data/blog-content-plan.ts,content-quality-score.csv#blog:buenos-aires-закат
blog:buenos-aires-зимой,blog,/blog/buenos-aires-зимой,"Буэнос-Айрес зимой: погода, одежда и что успеть",EXPAND,P2,unassigned,open,status=draft|quality=67|duplicate_candidate,src/data/blog-content-plan.ts,content-quality-score.csv#blog:buenos-aires-зимой
blog:buenos-aires-летом,blog,/blog/buenos-aires-летом,"Буэнос-Айрес летом: погода, одежда и что успеть",EXPAND,P2,unassigned,open,status=draft|quality=67|duplicate_candidate,src/data/blog-content-plan.ts,content-quality-score.csv#blog:buenos-aires-летом
blog:buenos-aires-осенью,blog,/blog/buenos-aires-осенью,"Буэнос-Айрес осенью: погода, одежда и что успеть",EXPAND,P2,unassigned,open,status=draft|quality=67|duplicate_candidate,src/data/blog-content-plan.ts,content-quality-score.csv#blog:buenos-aires-осенью
blog:buenos-aires-отели,blog,/blog/buenos-aires-отели,Буэнос-Айрес: Отели и бронирование — практический гид,EXPAND,P2,unassigned,open,status=draft|quality=67|duplicate_candidate,src/data/blog-content-plan.ts,content-quality-score.csv#blog:buenos-aires-отели
blog:buenos-aires-ошибки,blog,/blog/buenos-aires-ошибки,Буэнос-Айрес: 10 типичных ошибок туристов,EXPAND,P2,unassigned,open,status=draft|quality=67|duplicate_candidate,src/data/blog-content-plan.ts,content-quality-score.csv#blog:buenos-aires-ошибки
blog:buenos-aires-рассвет,blog,/blog/buenos-aires-рассвет,Буэнос-Айрес: Рассветные локации — практический гид,EXPAND,P2,unassigned,open,status=draft|quality=67|duplicate_candidate,src/data/blog-content-plan.ts,content-quality-score.csv#blog:buenos-aires-рассвет
blog:buenos-aires-с-гидом,blog,/blog/buenos-aires-с-гидом,"Буэнос-Айрес: когда нужен гид, а когда можно самому",LIGHT_EDIT,P2,unassigned,open,quality=67,src/data/blog.ts,content-quality-score.csv#blog:buenos-aires-с-гидом
blog:buenos-aires-с-ребёнком,blog,/blog/buenos-aires-с-ребёнком,"Буэнос-Айрес с ребёнком: маршрут, жильё и безопасность",EXPAND,P2,unassigned,open,status=draft|quality=67,src/data/blog-content-plan.ts,content-quality-score.csv#blog:buenos-aires-с-ребёнком
blog:buenos-aires-с-чем-совмещать,blog,/blog/buenos-aires-с-чем-совмещать,Буэнос-Айрес: С чем совмещать маршрут — практический гид,EXPAND,P2,unassigned,open,status=draft|quality=67,src/data/blog-content-plan.ts,content-quality-score.csv#blog:buenos-aires-с-чем-совмещать
blog:buenos-aires-самостоятельно,blog,/blog/buenos-aires-самостоятельно,Буэнос-Айрес самостоятельно: пошаговый план,EXPAND,P2,unassigned,open,status=draft|quality=67,src/data/blog-content-plan.ts,content-quality-score.csv#blog:buenos-aires-самостоятельно
blog:buenos-aires-советы-новичкам,blog,/blog/buenos-aires-советы-новичкам,Буэнос-Айрес: полный гид для новичков — с чего начать,LIGHT_EDIT,P2,unassigned,open,quality=67|duplicate_candidate,src/data/blog.ts,content-quality-score.csv#blog:buenos-aires-советы-новичкам
blog:buenos-aires-фото,blog,/blog/buenos-aires-фото,Буэнос-Айрес: Фотосъёмка — практический гид,EXPAND,P2,unassigned,open,status=draft|quality=67,src/data/blog-content-plan.ts,content-quality-score.csv#blog:buenos-aires-фото
blog:buenos-aires-хостелы,blog,/blog/buenos-aires-хостелы,Буэнос-Айрес: Хостелы — практический гид,EXPAND,P2,unassigned,open,status=draft|quality=67|duplicate_candidate,src/data/blog-content-plan.ts,content-quality-score.csv#blog:buenos-aires-хостелы
blog:buenos-aires-чек-лист,blog,/blog/buenos-aires-чек-лист,Буэнос-Айрес: чек-лист перед поездкой,EXPAND,P2,unassigned,open,status=draft|quality=67,src/data/blog-content-plan.ts,content-quality-score.csv#blog:buenos-aires-чек-лист
blog:buenos-aires-airbnb,blog,/blog/buenos-aires-airbnb,Буэнос-Айрес: Аренда жилья (Airbnb) — практический гид,EXPAND,P2,unassigned,open,status=draft|quality=67|duplicate_candidate,src/data/blog-content-plan.ts,content-quality-score.csv#blog:buenos-aires-airbnb
blog:buenos-aires-asado,blog,/blog/buenos-aires-asado,"Asado в Аргентине: как заказать, куда идти и сколько ждать",EXPAND,P2,unassigned,open,status=draft|quality=67|duplicate_candidate,src/data/blog-content-plan.ts,content-quality-score.csv#blog:buenos-aires-asado
blog:buenos-aires-empanadas,blog,/blog/buenos-aires-empanadas,Буэнос-Айрес: Empanadas — практический гид,EXPAND,P2,unassigned,open,status=draft|quality=67,src/data/blog-content-plan.ts,content-quality-score.csv#blog:buenos-aires-empanadas
blog:buenos-aires-mate,blog,/blog/buenos-aires-mate,Буэнос-Айрес: Mate — практический гид,EXPAND,P2,unassigned,open,status=draft|quality=67,src/data/blog-content-plan.ts,content-quality-score.csv#blog:buenos-aires-mate
blog:buenos-aires-rajony,blog,/blog/buenos-aires-rajony,Буэнос-Айрес: гид по районам — где жить и останавливаться (2026),EXPAND,P2,unassigned,open,quality=60,src/data/blog.ts,content-quality-score.csv#blog:buenos-aires-rajony
blog:byudzhet-poezdki-argentina,blog,/blog/byudzhet-poezdki-argentina,Бюджет поездки по Аргентине 2026: сколько брать денег,EXPAND,P2,unassigned,open,quality=52,src/data/blog.ts,content-quality-score.csv#blog:byudzhet-poezdki-argentina
blog:dni-cuil-argentina,blog,/blog/dni-cuil-argentina,DNI и CUIL в Аргентине 2026: пошаговая инструкция для иностранца,EXPAND,P2,unassigned,open,quality=52,src/data/blog.ts,content-quality-score.csv#blog:dni-cuil-argentina
blog:el-chalten-i-fitts-roy,blog,/blog/el-chalten-i-fitts-roy,Эль-Чалтен и Фицрой: треккинг для первого раза,LIGHT_EDIT,P2,unassigned,open,quality=67,src/data/blog.ts,content-quality-score.csv#blog:el-chalten-i-fitts-roy
blog:food-бюджет,blog,/blog/food-бюджет,Кухня Аргентины: сколько стоит поездка и как сэкономить,EXPAND,P2,unassigned,open,status=draft|quality=67|duplicate_candidate,src/data/blog-content-plan.ts,content-quality-score.csv#blog:food-бюджет
blog:food-весной,blog,/blog/food-весной,"Кухня Аргентины весной: погода, одежда и что успеть",EXPAND,P2,unassigned,open,status=draft|quality=67|duplicate_candidate,src/data/blog-content-plan.ts,content-quality-score.csv#blog:food-весной
blog:food-зимой,blog,/blog/food-зимой,"Кухня Аргентины зимой: погода, одежда и что успеть",EXPAND,P2,unassigned,open,status=draft|quality=67|duplicate_candidate,src/data/blog-content-plan.ts,content-quality-score.csv#blog:food-зимой
blog:food-летом,blog,/blog/food-летом,"Кухня Аргентины летом: погода, одежда и что успеть",EXPAND,P2,unassigned,open,status=draft|quality=67|duplicate_candidate,src/data/blog-content-plan.ts,content-quality-score.csv#blog:food-летом
blog:food-осенью,blog,/blog/food-осенью,"Кухня Аргентины осенью: погода, одежда и что успеть",EXPAND,P2,unassigned,open,status=draft|quality=67|duplicate_candidate,src/data/blog-content-plan.ts,content-quality-score.csv#blog:food-осенью
blog:food-ошибки,blog,/blog/food-ошибки,Кухня Аргентины: 10 типичных ошибок туристов,EXPAND,P2,unassigned,open,status=draft|quality=67,src/data/blog-content-plan.ts,content-quality-score.csv#blog:food-ошибки
blog:food-с-гидом,blog,/blog/food-с-гидом,"Кухня Аргентины: когда нужен гид, а когда можно самому",EXPAND,P2,unassigned,open,status=draft|quality=67,src/data/blog-content-plan.ts,content-quality-score.csv#blog:food-с-гидом
blog:food-с-ребёнком,blog,/blog/food-с-ребёнком,"Кухня Аргентины с ребёнком: маршрут, жильё и безопасность",EXPAND,P2,unassigned,open,status=draft|quality=67|duplicate_candidate,src/data/blog-content-plan.ts,content-quality-score.csv#blog:food-с-ребёнком
blog:food-самостоятельно,blog,/blog/food-самостоятельно,Кухня Аргентины самостоятельно: пошаговый план,EXPAND,P2,unassigned,open,status=draft|quality=67,src/data/blog-content-plan.ts,content-quality-score.csv#blog:food-самостоятельно
blog:food-советы-новичкам,blog,/blog/food-советы-новичкам,Кухня Аргентины: полный гид для новичков — с чего начать,EXPAND,P2,unassigned,open,status=draft|quality=67|duplicate_candidate,src/data/blog-content-plan.ts,content-quality-score.csv#blog:food-советы-новичкам
blog:food-фото,blog,/blog/food-фото,Кухня Аргентины: Фотосъёмка — практический гид,EXPAND,P2,unassigned,open,status=draft|quality=67,src/data/blog-content-plan.ts,content-quality-score.csv#blog:food-фото
blog:food-чек-лист,blog,/blog/food-чек-лист,Кухня Аргентины: чек-лист перед поездкой,EXPAND,P2,unassigned,open,status=draft|quality=67,src/data/blog-content-plan.ts,content-quality-score.csv#blog:food-чек-лист
blog:food-asado,blog,/blog/food-asado,"Asado в Аргентине: как заказать, куда идти и сколько ждать",EXPAND,P2,unassigned,open,status=draft|quality=67|duplicate_candidate,src/data/blog-content-plan.ts,content-quality-score.csv#blog:food-asado
blog:food-bodega-tour,blog,/blog/food-bodega-tour,Кухня Аргентины: Тур по винодельне — практический гид,EXPAND,P2,unassigned,open,status=draft|quality=67,src/data/blog-content-plan.ts,content-quality-score.csv#blog:food-bodega-tour
blog:food-empanadas,blog,/blog/food-empanadas,Кухня Аргентины: Empanadas — практический гид,EXPAND,P2,unassigned,open,status=draft|quality=67,src/data/blog-content-plan.ts,content-quality-score.csv#blog:food-empanadas
blog:food-malbec,blog,/blog/food-malbec,"Malbec в Мендосе: сорта, bodega и дегустации",EXPAND,P2,unassigned,open,status=draft|quality=67|duplicate_candidate,src/data/blog-content-plan.ts,content-quality-score.csv#blog:food-malbec
blog:food-mate,blog,/blog/food-mate,Кухня Аргентины: Mate — практический гид,EXPAND,P2,unassigned,open,status=draft|quality=67,src/data/blog-content-plan.ts,content-quality-score.csv#blog:food-mate
blog:grazhdanstvo-argentiny,blog,/blog/grazhdanstvo-argentiny,Гражданство Аргентины за 2 года: натурализация и новые правила (гид 2026),LIGHT_EDIT,P2,unassigned,open,quality=72,src/data/blog.ts,content-quality-score.csv#blog:grazhdanstvo-argentiny
blog:iguazu-авиабилеты,blog,/blog/iguazu-авиабилеты,Водопады Игуасу: как долететь и купить внутренние рейсы,EXPAND,P2,unassigned,open,status=draft|quality=67,src/data/blog-content-plan.ts,content-quality-score.csv#blog:iguazu-авиабилеты
blog:iguazu-бюджет,blog,/blog/iguazu-бюджет,Водопады Игуасу: сколько стоит поездка и как сэкономить,EXPAND,P2,unassigned,open,status=draft|quality=67,src/data/blog-content-plan.ts,content-quality-score.csv#blog:iguazu-бюджет
blog:iguazu-весной,blog,/blog/iguazu-весной,"Водопады Игуасу весной: погода, одежда и что успеть",EXPAND,P2,unassigned,open,status=draft|quality=67|duplicate_candidate,src/data/blog-content-plan.ts,content-quality-score.csv#blog:iguazu-весной
blog:iguazu-жара,blog,/blog/iguazu-жара,Водопады Игуасу: Жара и перегрев — практический гид,EXPAND,P2,unassigned,open,status=draft|quality=67,src/data/blog-content-plan.ts,content-quality-score.csv#blog:iguazu-жара
blog:iguazu-за-3-дня,blog,/blog/iguazu-за-3-дня,Водопады Игуасу за 3 дня: готовый маршрут по дням,HUMAN_REVIEW,P2,unassigned,open,duplicate_candidate,src/data/blog.ts,content-quality-score.csv#blog:iguazu-за-3-дня
blog:iguazu-за-5-дней,blog,/blog/iguazu-за-5-дней,Водопады Игуасу за 5 дней: готовый маршрут по дням,EXPAND,P2,unassigned,open,status=draft|quality=67|duplicate_candidate,src/data/blog-content-plan.ts,content-quality-score.csv#blog:iguazu-за-5-дней
blog:iguazu-зимой,blog,/blog/iguazu-зимой,"Водопады Игуасу зимой: погода, одежда и что успеть",EXPAND,P2,unassigned,open,status=draft|quality=67|duplicate_candidate,src/data/blog-content-plan.ts,content-quality-score.csv#blog:iguazu-зимой
blog:iguazu-летом,blog,/blog/iguazu-летом,"Водопады Игуасу летом: погода, одежда и что успеть",EXPAND,P2,unassigned,open,status=draft|quality=67|duplicate_candidate,src/data/blog-content-plan.ts,content-quality-score.csv#blog:iguazu-летом
blog:iguazu-осенью,blog,/blog/iguazu-осенью,"Водопады Игуасу осенью: погода, одежда и что успеть",EXPAND,P2,unassigned,open,status=draft|quality=67,src/data/blog-content-plan.ts,content-quality-score.csv#blog:iguazu-осенью
blog:iguazu-отели,blog,/blog/iguazu-отели,Водопады Игуасу: Отели и бронирование — практический гид,EXPAND,P2,unassigned,open,status=draft|quality=67,src/data/blog-content-plan.ts,content-quality-score.csv#blog:iguazu-отели
blog:iguazu-ошибки,blog,/blog/iguazu-ошибки,Водопады Игуасу: 10 типичных ошибок туристов,EXPAND,P2,unassigned,open,status=draft|quality=67,src/data/blog-content-plan.ts,content-quality-score.csv#blog:iguazu-ошибки
blog:iguazu-с-гидом,blog,/blog/iguazu-с-гидом,"Водопады Игуасу: когда нужен гид, а когда можно самому",EXPAND,P2,unassigned,open,status=draft|quality=67,src/data/blog-content-plan.ts,content-quality-score.csv#blog:iguazu-с-гидом
blog:iguazu-с-ребёнком,blog,/blog/iguazu-с-ребёнком,"Водопады Игуасу с ребёнком: маршрут, жильё и безопасность",EXPAND,P2,unassigned,open,status=draft|quality=67,src/data/blog-content-plan.ts,content-quality-score.csv#blog:iguazu-с-ребёнком
blog:iguazu-с-чем-совмещать,blog,/blog/iguazu-с-чем-совмещать,Водопады Игуасу: С чем совмещать маршрут — практический гид,EXPAND,P2,unassigned,open,status=draft|quality=67,src/data/blog-content-plan.ts,content-quality-score.csv#blog:iguazu-с-чем-совмещать
blog:iguazu-самостоятельно,blog,/blog/iguazu-самостоятельно,Водопады Игуасу самостоятельно: пошаговый план,EXPAND,P2,unassigned,open,status=draft|quality=67,src/data/blog-content-plan.ts,content-quality-score.csv#blog:iguazu-самостоятельно
blog:iguazu-сезон-дождей,blog,/blog/iguazu-сезон-дождей,Водопады Игуасу: Сезон дождей — практический гид,EXPAND,P2,unassigned,open,status=draft|quality=67,src/data/blog-content-plan.ts,content-quality-score.csv#blog:iguazu-сезон-дождей
blog:iguazu-советы-новичкам,blog,/blog/iguazu-советы-новичкам,Водопады Игуасу: полный гид для новичков — с чего начать,LIGHT_EDIT,P2,unassigned,open,quality=67,src/data/blog.ts,content-quality-score.csv#blog:iguazu-советы-новичкам
blog:iguazu-фото,blog,/blog/iguazu-фото,Водопады Игуасу: Фотосъёмка — практический гид,EXPAND,P2,unassigned,open,status=draft|quality=67,src/data/blog-content-plan.ts,content-quality-score.csv#blog:iguazu-фото
blog:iguazu-чек-лист,blog,/blog/iguazu-чек-лист,Водопады Игуасу: чек-лист перед поездкой,EXPAND,P2,unassigned,open,status=draft|quality=67,src/data/blog-content-plan.ts,content-quality-score.csv#blog:iguazu-чек-лист
blog:iguazu-garganta-del-diablo,blog,/blog/iguazu-garganta-del-diablo,Garganta del Diablo (Глотка Дьявола): как посмотреть главный каскад Игуасу,LIGHT_EDIT,P2,unassigned,open,quality=67,src/data/blog.ts,content-quality-score.csv#blog:iguazu-garganta-del-diablo
blog:internet-бюджет,blog,/blog/internet-бюджет,Связь в Аргентине: сколько стоит поездка и как сэкономить,EXPAND,P2,unassigned,open,status=draft|quality=60|duplicate_candidate,src/data/blog-content-plan.ts,content-quality-score.csv#blog:internet-бюджет
blog:internet-с-ребёнком,blog,/blog/internet-с-ребёнком,"Связь в Аргентине с ребёнком: маршрут, жильё и безопасность",EXPAND,P2,unassigned,open,status=draft|quality=60|duplicate_candidate,src/data/blog-content-plan.ts,content-quality-score.csv#blog:internet-с-ребёнком
blog:internet-советы-новичкам,blog,/blog/internet-советы-новичкам,Связь в Аргентине: полный гид для новичков — с чего начать,EXPAND,P2,unassigned,open,status=draft|quality=60|duplicate_candidate,src/data/blog-content-plan.ts,content-quality-score.csv#blog:internet-советы-новичкам
blog:internet-чек-лист,blog,/blog/internet-чек-лист,Связь в Аргентине: чек-лист перед поездкой,EXPAND,P2,unassigned,open,status=draft|quality=60,src/data/blog-content-plan.ts,content-quality-score.csv#blog:internet-чек-лист
blog:internet-sim-карта,blog,/blog/internet-sim-карта,"SIM-карта в Аргентине: операторы, цены и eSIM",EXPAND,P2,unassigned,open,status=draft|quality=60|duplicate_candidate,src/data/blog-content-plan.ts,content-quality-score.csv#blog:internet-sim-карта
blog:ischigualasto-valle-de-la-luna,blog,/blog/ischigualasto-valle-de-la-luna,Исчигуаласто (Долина Луны): полный гид по парку (2026),DEEP_REWRITE,P1,unassigned,open,quality=43,src/data/blog.ts,content-quality-score.csv#blog:ischigualasto-valle-de-la-luna
blog:itinerary-авиабилеты,blog,/blog/itinerary-авиабилеты,Аргентина: как долететь и купить внутренние рейсы,EXPAND,P2,unassigned,open,status=draft|quality=67,src/data/blog-content-plan.ts,content-quality-score.csv#blog:itinerary-авиабилеты
blog:itinerary-автобусы,blog,/blog/itinerary-автобусы,Аргентина: Междугородние автобусы — практический гид,EXPAND,P2,unassigned,open,status=draft|quality=67|duplicate_candidate,src/data/blog-content-plan.ts,content-quality-score.csv#blog:itinerary-автобусы
blog:itinerary-бюджет,blog,/blog/itinerary-бюджет,Аргентина: сколько стоит поездка и как сэкономить,EXPAND,P2,unassigned,open,status=draft|quality=67|duplicate_candidate,src/data/blog-content-plan.ts,content-quality-score.csv#blog:itinerary-бюджет
blog:itinerary-за-10-дней,blog,/blog/itinerary-за-10-дней,Аргентина за 10 дней: готовый маршрут по дням,LIGHT_EDIT,P2,unassigned,open,quality=67|duplicate_candidate,src/data/blog.ts,content-quality-score.csv#blog:itinerary-за-10-дней
blog:itinerary-за-14-дней,blog,/blog/itinerary-за-14-дней,Аргентина за 14 дней: готовый маршрут по дням,LIGHT_EDIT,P2,unassigned,open,quality=67|duplicate_candidate,src/data/blog.ts,content-quality-score.csv#blog:itinerary-за-14-дней
blog:itinerary-за-3-дня,blog,/blog/itinerary-за-3-дня,Аргентина за 3 дня: готовый маршрут по дням,EXPAND,P2,unassigned,open,status=draft|quality=67|duplicate_candidate,src/data/blog-content-plan.ts,content-quality-score.csv#blog:itinerary-за-3-дня
blog:itinerary-за-5-дней,blog,/blog/itinerary-за-5-дней,Аргентина за 5 дней: готовый маршрут по дням,EXPAND,P2,unassigned,open,status=draft|quality=67|duplicate_candidate,src/data/blog-content-plan.ts,content-quality-score.csv#blog:itinerary-за-5-дней
blog:itinerary-за-7-дней,blog,/blog/itinerary-за-7-дней,Аргентина за 7 дней: готовый маршрут по дням,EXPAND,P2,unassigned,open,status=draft|quality=67|duplicate_candidate,src/data/blog-content-plan.ts,content-quality-score.csv#blog:itinerary-за-7-дней
blog:itinerary-ошибки,blog,/blog/itinerary-ошибки,Аргентина: 10 типичных ошибок туристов,LIGHT_EDIT,P2,unassigned,open,quality=67,src/data/blog.ts,content-quality-score.csv#blog:itinerary-ошибки
blog:itinerary-с-ребёнком,blog,/blog/itinerary-с-ребёнком,"Аргентина с ребёнком: маршрут, жильё и безопасность",EXPAND,P2,unassigned,open,status=draft|quality=67|duplicate_candidate,src/data/blog-content-plan.ts,content-quality-score.csv#blog:itinerary-с-ребёнком
blog:itinerary-с-чем-совмещать,blog,/blog/itinerary-с-чем-совмещать,Аргентина: С чем совмещать маршрут — практический гид,EXPAND,P2,unassigned,open,status=draft|quality=67,src/data/blog-content-plan.ts,content-quality-score.csv#blog:itinerary-с-чем-совмещать
blog:itinerary-советы-новичкам,blog,/blog/itinerary-советы-новичкам,Аргентина: полный гид для новичков — с чего начать,EXPAND,P2,unassigned,open,status=draft|quality=67|duplicate_candidate,src/data/blog-content-plan.ts,content-quality-score.csv#blog:itinerary-советы-новичкам
blog:itinerary-стоповер,blog,/blog/itinerary-стоповер,Аргентина: Стоповер в Буэнос-Айресе — практический гид,EXPAND,P2,unassigned,open,status=draft|quality=67|duplicate_candidate,src/data/blog-content-plan.ts,content-quality-score.csv#blog:itinerary-стоповер
blog:itinerary-чек-лист,blog,/blog/itinerary-чек-лист,Аргентина: чек-лист перед поездкой,LIGHT_EDIT,P2,unassigned,open,quality=67,src/data/blog.ts,content-quality-score.csv#blog:itinerary-чек-лист
blog:itinerary-open-jaw,blog,/blog/itinerary-open-jaw,Аргентина: Open-jaw маршрут — практический гид,EXPAND,P2,unassigned,open,status=draft|quality=67,src/data/blog-content-plan.ts,content-quality-score.csv#blog:itinerary-open-jaw
blog:kak-dobratsya-v-argentinu,blog,/blog/kak-dobratsya-v-argentinu,"Как добраться из России и СНГ в Аргентину 2026: маршруты, виза, цены",EXPAND,P2,unassigned,open,quality=52,src/data/blog.ts,content-quality-score.csv#blog:kak-dobratsya-v-argentinu
blog:kak-menyat-dengi-argentina,blog,/blog/kak-menyat-dengi-argentina,"Как менять деньги в Аргентине 2026: курс, blue, MEP, карты и крипта",EXPAND,P2,unassigned,open,quality=52,src/data/blog.ts,content-quality-score.csv#blog:kak-menyat-dengi-argentina
blog:mendoza-vinnyj-gid,blog,/blog/mendoza-vinnyj-gid,"Мендоса: винный гид по Аргентине 2026 — Мальбек, бодеги и Анды",EXPAND,P2,unassigned,open,quality=60,src/data/blog.ts,content-quality-score.csv#blog:mendoza-vinnyj-gid
blog:money-90-дней,blog,/blog/money-90-дней,Финансы при поездке до 90 дней: как планировать расходы,LIGHT_EDIT,P2,unassigned,open,quality=67,src/data/blog.ts,content-quality-score.csv#blog:money-90-дней
blog:money-бюджет,blog,/blog/money-бюджет,Деньги в Аргентине: сколько стоит поездка и как сэкономить,LIGHT_EDIT,P2,unassigned,open,quality=67|duplicate_candidate,src/data/blog.ts,content-quality-score.csv#blog:money-бюджет
blog:money-карты,blog,/blog/money-карты,Деньги в Аргентине: оплата картой — практический гид,LIGHT_EDIT,P2,unassigned,open,quality=67,src/data/blog.ts,content-quality-score.csv#blog:money-карты
blog:money-наличные,blog,/blog/money-наличные,"Наличные в Аргентине: доллары, евро и где менять безопасно",LIGHT_EDIT,P2,unassigned,open,quality=67|duplicate_candidate,src/data/blog.ts,content-quality-score.csv#blog:money-наличные
blog:money-ошибки,blog,/blog/money-ошибки,Деньги в Аргентине: 10 типичных ошибок туристов,EXPAND,P2,unassigned,open,status=draft|quality=60,src/data/blog-content-plan.ts,content-quality-score.csv#blog:money-ошибки
blog:money-советы-новичкам,blog,/blog/money-советы-новичкам,Деньги в Аргентине: полный гид для новичков — с чего начать,LIGHT_EDIT,P2,unassigned,open,quality=67|duplicate_candidate,src/data/blog.ts,content-quality-score.csv#blog:money-советы-новичкам
blog:money-страховка,blog,/blog/money-страховка,Деньги в Аргентине: Медицинская страховка — практический гид,EXPAND,P2,unassigned,open,status=draft|quality=60|duplicate_candidate,src/data/blog-content-plan.ts,content-quality-score.csv#blog:money-страховка
blog:money-чек-лист,blog,/blog/money-чек-лист,Деньги в Аргентине: чек-лист перед поездкой,EXPAND,P2,unassigned,open,status=draft|quality=60,src/data/blog-content-plan.ts,content-quality-score.csv#blog:money-чек-лист
blog:national-park-бюджет,blog,/blog/national-park-бюджет,Национальные парки: сколько стоит поездка и как сэкономить,EXPAND,P2,unassigned,open,status=draft|quality=67,src/data/blog-content-plan.ts,content-quality-score.csv#blog:national-park-бюджет
blog:national-park-весной,blog,/blog/national-park-весной,"Национальные парки весной: погода, одежда и что успеть",EXPAND,P2,unassigned,open,status=draft|quality=67|duplicate_candidate,src/data/blog-content-plan.ts,content-quality-score.csv#blog:national-park-весной
blog:national-park-за-3-дня,blog,/blog/national-park-за-3-дня,Национальные парки за 3 дня: готовый маршрут по дням,EXPAND,P2,unassigned,open,status=draft|quality=67|duplicate_candidate,src/data/blog-content-plan.ts,content-quality-score.csv#blog:national-park-за-3-дня
blog:national-park-за-7-дней,blog,/blog/national-park-за-7-дней,Национальные парки за 7 дней: готовый маршрут по дням,EXPAND,P2,unassigned,open,status=draft|quality=67|duplicate_candidate,src/data/blog-content-plan.ts,content-quality-score.csv#blog:national-park-за-7-дней
blog:national-park-зимой,blog,/blog/national-park-зимой,"Национальные парки зимой: погода, одежда и что успеть",EXPAND,P2,unassigned,open,status=draft|quality=67|duplicate_candidate,src/data/blog-content-plan.ts,content-quality-score.csv#blog:national-park-зимой
blog:national-park-летом,blog,/blog/national-park-летом,"Национальные парки летом: погода, одежда и что успеть",EXPAND,P2,unassigned,open,status=draft|quality=67|duplicate_candidate,src/data/blog-content-plan.ts,content-quality-score.csv#blog:national-park-летом
blog:national-park-осенью,blog,/blog/national-park-осенью,"Национальные парки осенью: погода, одежда и что успеть",EXPAND,P2,unassigned,open,status=draft|quality=67|duplicate_candidate,src/data/blog-content-plan.ts,content-quality-score.csv#blog:national-park-осенью
blog:national-park-отели,blog,/blog/national-park-отели,Национальные парки: Отели и бронирование — практический гид,EXPAND,P2,unassigned,open,status=draft|quality=67,src/data/blog-content-plan.ts,content-quality-score.csv#blog:national-park-отели
blog:national-park-ошибки,blog,/blog/national-park-ошибки,Национальные парки: 10 типичных ошибок туристов,EXPAND,P2,unassigned,open,status=draft|quality=67,src/data/blog-content-plan.ts,content-quality-score.csv#blog:national-park-ошибки
blog:national-park-с-гидом,blog,/blog/national-park-с-гидом,"Национальные парки: когда нужен гид, а когда можно самому",EXPAND,P2,unassigned,open,status=draft|quality=67,src/data/blog-content-plan.ts,content-quality-score.csv#blog:national-park-с-гидом
blog:national-park-с-ребёнком,blog,/blog/national-park-с-ребёнком,"Национальные парки с ребёнком: маршрут, жильё и безопасность",EXPAND,P2,unassigned,open,status=draft|quality=67,src/data/blog-content-plan.ts,content-quality-score.csv#blog:national-park-с-ребёнком
blog:national-park-самостоятельно,blog,/blog/national-park-самостоятельно,Национальные парки самостоятельно: пошаговый план,EXPAND,P2,unassigned,open,status=draft|quality=67,src/data/blog-content-plan.ts,content-quality-score.csv#blog:national-park-самостоятельно
blog:national-park-советы-новичкам,blog,/blog/national-park-советы-новичкам,Национальные парки: полный гид для новичков — с чего начать,EXPAND,P2,unassigned,open,status=draft|quality=67,src/data/blog-content-plan.ts,content-quality-score.csv#blog:national-park-советы-новичкам
blog:national-park-фото,blog,/blog/national-park-фото,Национальные парки: Фотосъёмка — практический гид,EXPAND,P2,unassigned,open,status=draft|quality=67,src/data/blog-content-plan.ts,content-quality-score.csv#blog:national-park-фото
blog:national-park-чек-лист,blog,/blog/national-park-чек-лист,Национальные парки: чек-лист перед поездкой,EXPAND,P2,unassigned,open,status=draft|quality=67,src/data/blog-content-plan.ts,content-quality-score.csv#blog:national-park-чек-лист
blog:national-park-camping,blog,/blog/national-park-camping,Национальные парки: Кемпинг — практический гид,EXPAND,P2,unassigned,open,status=draft|quality=67,src/data/blog-content-plan.ts,content-quality-score.csv#blog:national-park-camping
blog:national-park-circuito-chico,blog,/blog/national-park-circuito-chico,Национальные парки: Circuito Chico в Bariloche — практический гид,EXPAND,P2,unassigned,open,status=draft|quality=67,src/data/blog-content-plan.ts,content-quality-score.csv#blog:national-park-circuito-chico
blog:natsionalnye-parki-argentiny,blog,/blog/natsionalnye-parki-argentiny,Все национальные парки Аргентины: полный список и гид (2026),DEEP_REWRITE,P1,unassigned,open,quality=43,src/data/blog.ts,content-quality-score.csv#blog:natsionalnye-parki-argentiny
blog:natsionalnyy-park-ibera,blog,/blog/natsionalnyy-park-ibera,Национальный парк Ибера: болота Корриентеса и возвращение ягуаров (гид 2026),DEEP_REWRITE,P1,unassigned,open,quality=43,src/data/blog.ts,content-quality-score.csv#blog:natsionalnyy-park-ibera
blog:natsionalnyy-park-iguasu,blog,/blog/natsionalnyy-park-iguasu,Национальный парк Игуасу: полный гид по водопадам Аргентины (2026),DEEP_REWRITE,P1,unassigned,open,quality=43,src/data/blog.ts,content-quality-score.csv#blog:natsionalnyy-park-iguasu
blog:natsionalnyy-park-lanin,blog,/blog/natsionalnyy-park-lanin,"Национальный парк Ланин: вулкан, араукарии и озёра Неукена (гид 2026)",DEEP_REWRITE,P1,unassigned,open,quality=43,src/data/blog.ts,content-quality-score.csv#blog:natsionalnyy-park-lanin
blog:natsionalnyy-park-los-alerses,blog,/blog/natsionalnyy-park-los-alerses,Национальный парк Лос-Алерсес: тысячелетние деревья и озёра Чубута (гид 2026),DEEP_REWRITE,P1,unassigned,open,quality=43,src/data/blog.ts,content-quality-score.csv#blog:natsionalnyy-park-los-alerses
blog:natsionalnyy-park-los-cardones,blog,/blog/natsionalnyy-park-los-cardones,Национальный парк Лос-Кардонес: гигантские кактусы и высокогорная пустыня Сальты (гид 2026),DEEP_REWRITE,P1,unassigned,open,quality=43,src/data/blog.ts,content-quality-score.csv#blog:natsionalnyy-park-los-cardones
blog:natsionalnyy-park-los-glasiares,blog,/blog/natsionalnyy-park-los-glasiares,Национальный парк Лос-Гласьярес: ледник Перито-Морено и Фицрой (гид 2026),DEEP_REWRITE,P1,unassigned,open,quality=43,src/data/blog.ts,content-quality-score.csv#blog:natsionalnyy-park-los-glasiares
blog:natsionalnyy-park-nauel-uapi,blog,/blog/natsionalnyy-park-nauel-uapi,"Национальный парк Науэль-Уапи: Барилоче, озёра и горы (гид 2026)",DEEP_REWRITE,P1,unassigned,open,quality=43,src/data/blog.ts,content-quality-score.csv#blog:natsionalnyy-park-nauel-uapi
blog:natsionalnyy-park-patagonia,blog,/blog/natsionalnyy-park-patagonia,Национальный парк Патагония: дикие плато и степь Санта-Круса (гид 2026),DEEP_REWRITE,P1,unassigned,open,quality=43,src/data/blog.ts,content-quality-score.csv#blog:natsionalnyy-park-patagonia
blog:natsionalnyy-park-poluostrov-valdes,blog,/blog/natsionalnyy-park-poluostrov-valdes,"Национальный парк Полуостров Вальдес: киты, пингвины и морская природа (гид 2026)",DEEP_REWRITE,P1,unassigned,open,quality=43,src/data/blog.ts,content-quality-score.csv#blog:natsionalnyy-park-poluostrov-valdes
blog:natsionalnyy-park-talampaya,blog,/blog/natsionalnyy-park-talampaya,Национальный парк Талампая: красный каньон и динозавры Ла-Риохи (гид 2026),DEEP_REWRITE,P1,unassigned,open,quality=43,src/data/blog.ts,content-quality-score.csv#blog:natsionalnyy-park-talampaya
blog:natsionalnyy-park-tierra-del-fuego,blog,/blog/natsionalnyy-park-tierra-del-fuego,Национальный парк Огненная Земля: Ушуайя и край света (гид 2026),DEEP_REWRITE,P1,unassigned,open,quality=44,src/data/blog.ts,content-quality-score.csv#blog:natsionalnyy-park-tierra-del-fuego
blog:northwest-аренда-авто,blog,/blog/northwest-аренда-авто,Северо-запад Аргентины: Аренда автомобиля — практический гид,EXPAND,P2,unassigned,open,status=draft|quality=67,src/data/blog-content-plan.ts,content-quality-score.csv#blog:northwest-аренда-авто
blog:northwest-бюджет,blog,/blog/northwest-бюджет,Северо-запад Аргентины: сколько стоит поездка и как сэкономить,EXPAND,P2,unassigned,open,status=draft|quality=67,src/data/blog-content-plan.ts,content-quality-score.csv#blog:northwest-бюджет
blog:northwest-весной,blog,/blog/northwest-весной,"Северо-запад Аргентины весной: погода, одежда и что успеть",EXPAND,P2,unassigned,open,status=draft|quality=67|duplicate_candidate,src/data/blog-content-plan.ts,content-quality-score.csv#blog:northwest-весной
blog:northwest-жара,blog,/blog/northwest-жара,Северо-запад Аргентины: Жара и перегрев — практический гид,EXPAND,P2,unassigned,open,status=draft|quality=67,src/data/blog-content-plan.ts,content-quality-score.csv#blog:northwest-жара
blog:northwest-за-10-дней,blog,/blog/northwest-за-10-дней,Северо-запад Аргентины за 10 дней: готовый маршрут по дням,EXPAND,P2,unassigned,open,status=draft|quality=67|duplicate_candidate,src/data/blog-content-plan.ts,content-quality-score.csv#blog:northwest-за-10-дней
blog:northwest-за-5-дней,blog,/blog/northwest-за-5-дней,Северо-запад Аргентины за 5 дней: готовый маршрут по дням,LIGHT_EDIT,P2,unassigned,open,quality=67|duplicate_candidate,src/data/blog.ts,content-quality-score.csv#blog:northwest-за-5-дней
blog:northwest-за-7-дней,blog,/blog/northwest-за-7-дней,Северо-запад Аргентины за 7 дней: готовый маршрут по дням,EXPAND,P2,unassigned,open,status=draft|quality=67|duplicate_candidate,src/data/blog-content-plan.ts,content-quality-score.csv#blog:northwest-за-7-дней
blog:northwest-зимой,blog,/blog/northwest-зимой,"Северо-запад Аргентины зимой: погода, одежда и что успеть",EXPAND,P2,unassigned,open,status=draft|quality=67|duplicate_candidate,src/data/blog-content-plan.ts,content-quality-score.csv#blog:northwest-зимой
blog:northwest-летом,blog,/blog/northwest-летом,"Северо-запад Аргентины летом: погода, одежда и что успеть",EXPAND,P2,unassigned,open,status=draft|quality=67|duplicate_candidate,src/data/blog-content-plan.ts,content-quality-score.csv#blog:northwest-летом
blog:northwest-осенью,blog,/blog/northwest-осенью,"Северо-запад Аргентины осенью: погода, одежда и что успеть",EXPAND,P2,unassigned,open,status=draft|quality=67|duplicate_candidate,src/data/blog-content-plan.ts,content-quality-score.csv#blog:northwest-осенью
blog:northwest-отели,blog,/blog/northwest-отели,Северо-запад Аргентины: Отели и бронирование — практический гид,EXPAND,P2,unassigned,open,status=draft|quality=67,src/data/blog-content-plan.ts,content-quality-score.csv#blog:northwest-отели
blog:northwest-ошибки,blog,/blog/northwest-ошибки,Северо-запад Аргентины: 10 типичных ошибок туристов,EXPAND,P2,unassigned,open,status=draft|quality=67,src/data/blog-content-plan.ts,content-quality-score.csv#blog:northwest-ошибки
blog:northwest-с-гидом,blog,/blog/northwest-с-гидом,"Северо-запад Аргентины: когда нужен гид, а когда можно самому",EXPAND,P2,unassigned,open,status=draft|quality=67,src/data/blog-content-plan.ts,content-quality-score.csv#blog:northwest-с-гидом
blog:northwest-с-ребёнком,blog,/blog/northwest-с-ребёнком,"Северо-запад Аргентины с ребёнком: маршрут, жильё и безопасность",EXPAND,P2,unassigned,open,status=draft|quality=67,src/data/blog-content-plan.ts,content-quality-score.csv#blog:northwest-с-ребёнком
blog:northwest-с-чем-совмещать,blog,/blog/northwest-с-чем-совмещать,Северо-запад Аргентины: С чем совмещать маршрут — практический гид,EXPAND,P2,unassigned,open,status=draft|quality=67,src/data/blog-content-plan.ts,content-quality-score.csv#blog:northwest-с-чем-совмещать
blog:northwest-самостоятельно,blog,/blog/northwest-самостоятельно,Северо-запад Аргентины самостоятельно: пошаговый план,LIGHT_EDIT,P2,unassigned,open,quality=67,src/data/blog.ts,content-quality-score.csv#blog:northwest-самостоятельно
blog:northwest-сезон-дождей,blog,/blog/northwest-сезон-дождей,Северо-запад Аргентины: Сезон дождей — практический гид,LIGHT_EDIT,P2,unassigned,open,quality=67,src/data/blog.ts,content-quality-score.csv#blog:northwest-сезон-дождей
blog:northwest-советы-новичкам,blog,/blog/northwest-советы-новичкам,Северо-запад Аргентины: полный гид для новичков — с чего начать,EXPAND,P2,unassigned,open,status=draft|quality=67,src/data/blog-content-plan.ts,content-quality-score.csv#blog:northwest-советы-новичкам
blog:northwest-фото,blog,/blog/northwest-фото,Северо-запад Аргентины: Фотосъёмка — практический гид,EXPAND,P2,unassigned,open,status=draft|quality=67,src/data/blog-content-plan.ts,content-quality-score.csv#blog:northwest-фото
blog:northwest-чек-лист,blog,/blog/northwest-чек-лист,Северо-запад Аргентины: чек-лист перед поездкой,EXPAND,P2,unassigned,open,status=draft|quality=67,src/data/blog-content-plan.ts,content-quality-score.csv#blog:northwest-чек-лист
blog:patagonia-авиабилеты,blog,/blog/patagonia-авиабилеты,Патагония: как долететь и купить внутренние рейсы,LIGHT_EDIT,P2,unassigned,open,quality=67,src/data/blog.ts,content-quality-score.csv#blog:patagonia-авиабилеты
blog:patagonia-автобусы,blog,/blog/patagonia-автобусы,"Патагония: междугородние автобусы — маршруты, компании и советы путешественникам",LIGHT_EDIT,P2,unassigned,open,quality=67,src/data/blog.ts,content-quality-score.csv#blog:patagonia-автобусы
blog:patagonia-аренда-авто,blog,/blog/patagonia-аренда-авто,Патагония: аренда автомобиля — практический гид,LIGHT_EDIT,P2,unassigned,open,quality=67,src/data/blog.ts,content-quality-score.csv#blog:patagonia-аренда-авто
blog:patagonia-бюджет,blog,/blog/patagonia-бюджет,Патагония: сколько стоит поездка и как сэкономить,LIGHT_EDIT,P2,unassigned,open,quality=67,src/data/blog.ts,content-quality-score.csv#blog:patagonia-бюджет
blog:patagonia-весной,blog,/blog/patagonia-весной,"Патагония весной: погода, одежда и что успеть",LIGHT_EDIT,P2,unassigned,open,quality=67,src/data/blog.ts,content-quality-score.csv#blog:patagonia-весной
blog:patagonia-ветер,blog,/blog/patagonia-ветер,Патагония: Ветреная погода — практический гид,LIGHT_EDIT,P2,unassigned,open,quality=67,src/data/blog.ts,content-quality-score.csv#blog:patagonia-ветер
blog:patagonia-за-10-дней,blog,/blog/patagonia-за-10-дней,Патагония за 10 дней: готовый маршрут по дням,LIGHT_EDIT,P2,unassigned,open,quality=67|duplicate_candidate,src/data/blog.ts,content-quality-score.csv#blog:patagonia-за-10-дней
blog:patagonia-за-14-дней,blog,/blog/patagonia-за-14-дней,Патагония за 14 дней: готовый маршрут по дням,LIGHT_EDIT,P2,unassigned,open,quality=67|duplicate_candidate,src/data/blog.ts,content-quality-score.csv#blog:patagonia-за-14-дней
blog:patagonia-за-3-дня,blog,/blog/patagonia-за-3-дня,Патагония за 3 дня: готовый маршрут по дням,LIGHT_EDIT,P2,unassigned,open,quality=67|duplicate_candidate,src/data/blog.ts,content-quality-score.csv#blog:patagonia-за-3-дня
blog:patagonia-за-5-дней,blog,/blog/patagonia-за-5-дней,Патагония за 5 дней: готовый маршрут по дням,LIGHT_EDIT,P2,unassigned,open,quality=67|duplicate_candidate,src/data/blog.ts,content-quality-score.csv#blog:patagonia-за-5-дней
blog:patagonia-за-7-дней,blog,/blog/patagonia-за-7-дней,Патагония за 7 дней: готовый маршрут по дням,LIGHT_EDIT,P2,unassigned,open,quality=67|duplicate_candidate,src/data/blog.ts,content-quality-score.csv#blog:patagonia-за-7-дней
blog:patagonia-зимой,blog,/blog/patagonia-зимой,"Патагония зимой: погода, одежда и что успеть",LIGHT_EDIT,P2,unassigned,open,quality=67,src/data/blog.ts,content-quality-score.csv#blog:patagonia-зимой
blog:patagonia-летом,blog,/blog/patagonia-летом,"Патагония летом: погода, одежда и что успеть",LIGHT_EDIT,P2,unassigned,open,quality=67,src/data/blog.ts,content-quality-score.csv#blog:patagonia-летом
blog:patagonia-осенью,blog,/blog/patagonia-осенью,"Патагония осенью: погода, одежда и что успеть",LIGHT_EDIT,P2,unassigned,open,quality=67,src/data/blog.ts,content-quality-score.csv#blog:patagonia-осенью
blog:patagonia-отели,blog,/blog/patagonia-отели,Патагония: отели и бронирование — практический гид,LIGHT_EDIT,P2,unassigned,open,quality=67,src/data/blog.ts,content-quality-score.csv#blog:patagonia-отели
blog:patagonia-ошибки,blog,/blog/patagonia-ошибки,Патагония: 10 типичных ошибок туристов,LIGHT_EDIT,P2,unassigned,open,quality=67,src/data/blog.ts,content-quality-score.csv#blog:patagonia-ошибки
blog:patagonia-с-гидом,blog,/blog/patagonia-с-гидом,"Патагония: когда нужен гид, а когда можно самому",LIGHT_EDIT,P2,unassigned,open,quality=67,src/data/blog.ts,content-quality-score.csv#blog:patagonia-с-гидом
blog:patagonia-с-ребёнком,blog,/blog/patagonia-с-ребёнком,"Патагония с ребёнком: маршрут, жильё и безопасность",LIGHT_EDIT,P2,unassigned,open,quality=67,src/data/blog.ts,content-quality-score.csv#blog:patagonia-с-ребёнком
blog:patagonia-с-чем-совмещать,blog,/blog/patagonia-с-чем-совмещать,Патагония: С чем совмещать маршрут — практический гид,LIGHT_EDIT,P2,unassigned,open,quality=67,src/data/blog.ts,content-quality-score.csv#blog:patagonia-с-чем-совмещать
blog:patagonia-самостоятельно,blog,/blog/patagonia-самостоятельно,Патагония самостоятельно: пошаговый план,LIGHT_EDIT,P2,unassigned,open,quality=67,src/data/blog.ts,content-quality-score.csv#blog:patagonia-самостоятельно
blog:patagonia-советы-новичкам,blog,/blog/patagonia-советы-новичкам,Патагония: полный гид для новичков — с чего начать,LIGHT_EDIT,P2,unassigned,open,quality=67,src/data/blog.ts,content-quality-score.csv#blog:patagonia-советы-новичкам
blog:patagonia-фото,blog,/blog/patagonia-фото,Патагония: Фотосъёмка — практический гид,LIGHT_EDIT,P2,unassigned,open,quality=67,src/data/blog.ts,content-quality-score.csv#blog:patagonia-фото
blog:patagonia-холод,blog,/blog/patagonia-холод,Патагония: Холод и одежда — практический гид,LIGHT_EDIT,P2,unassigned,open,quality=67,src/data/blog.ts,content-quality-score.csv#blog:patagonia-холод
blog:patagonia-чек-лист,blog,/blog/patagonia-чек-лист,Патагония: чек-лист перед поездкой,LIGHT_EDIT,P2,unassigned,open,quality=67,src/data/blog.ts,content-quality-score.csv#blog:patagonia-чек-лист
blog:patagonia-camping,blog,/blog/patagonia-camping,Патагония: Кемпинг — практический гид,LIGHT_EDIT,P2,unassigned,open,quality=67,src/data/blog.ts,content-quality-score.csv#blog:patagonia-camping
blog:patagonia-mini-trekking,blog,/blog/patagonia-mini-trekking,Патагония: Мини-треккинг на Perito Moreno — практический гид,LIGHT_EDIT,P2,unassigned,open,quality=67,src/data/blog.ts,content-quality-score.csv#blog:patagonia-mini-trekking
blog:patagonia-packing-list,blog,/blog/patagonia-packing-list,Что взять в Патагонию: полный список вещей для путешествия,LIGHT_EDIT,P2,unassigned,open,quality=67,src/data/blog.ts,content-quality-score.csv#blog:patagonia-packing-list
blog:patagonia-penguins,blog,/blog/patagonia-penguins,Патагония: пингвины — практический гид,LIGHT_EDIT,P2,unassigned,open,quality=67,src/data/blog.ts,content-quality-score.csv#blog:patagonia-penguins
blog:patagonia-whale-watching,blog,/blog/patagonia-whale-watching,"Наблюдение за китами в Аргентине: полуостров Вальдес, сезоны и бронирование",LIGHT_EDIT,P2,unassigned,open,quality=67,src/data/blog.ts,content-quality-score.csv#blog:patagonia-whale-watching
blog:patagoniya-marshrut-14-dney,blog,/blog/patagoniya-marshrut-14-dney,"Патагония за 14 дней: ледники, Фицрой и Ушуая",LIGHT_EDIT,P2,unassigned,open,quality=67,src/data/blog.ts,content-quality-score.csv#blog:patagoniya-marshrut-14-dney
blog:relocation-90-дней,blog,/blog/relocation-90-дней,90 дней в Аргентине без визы: правила и практика,EXPAND,P2,unassigned,open,status=draft|quality=67,src/data/blog-content-plan.ts,content-quality-score.csv#blog:relocation-90-дней
blog:relocation-бюджет,blog,/blog/relocation-бюджет,Переезд в Аргентину: сколько стоит поездка и как сэкономить,EXPAND,P2,unassigned,open,status=draft|quality=67,src/data/blog-content-plan.ts,content-quality-score.csv#blog:relocation-бюджет
blog:relocation-карты,blog,/blog/relocation-карты,Переезд в Аргентину: Оплата картой — практический гид,EXPAND,P2,unassigned,open,status=draft|quality=67,src/data/blog-content-plan.ts,content-quality-score.csv#blog:relocation-карты
blog:relocation-медстраховка,blog,/blog/relocation-медстраховка,Переезд в Аргентину: Медстраховка для въезда — практический гид,EXPAND,P2,unassigned,open,status=draft|quality=67,src/data/blog-content-plan.ts,content-quality-score.csv#blog:relocation-медстраховка
blog:relocation-наличные,blog,/blog/relocation-наличные,"Наличные в Аргентине: доллары, евро и где менять безопасно",EXPAND,P2,unassigned,open,status=draft|quality=67|duplicate_candidate,src/data/blog-content-plan.ts,content-quality-score.csv#blog:relocation-наличные
blog:relocation-ошибки,blog,/blog/relocation-ошибки,Переезд в Аргентину: 10 типичных ошибок туристов,EXPAND,P2,unassigned,open,status=draft|quality=67,src/data/blog-content-plan.ts,content-quality-score.csv#blog:relocation-ошибки
blog:relocation-продление,blog,/blog/relocation-продление,Переезд в Аргентину: Продление срока пребывания — практический гид,EXPAND,P2,unassigned,open,status=draft|quality=67,src/data/blog-content-plan.ts,content-quality-score.csv#blog:relocation-продление
blog:relocation-советы-новичкам,blog,/blog/relocation-советы-новичкам,Переезд в Аргентину: полный гид для новичков — с чего начать,EXPAND,P2,unassigned,open,status=draft|quality=67|duplicate_candidate,src/data/blog-content-plan.ts,content-quality-score.csv#blog:relocation-советы-новичкам
blog:relocation-чек-лист,blog,/blog/relocation-чек-лист,Переезд в Аргентину: чек-лист перед поездкой,EXPAND,P2,unassigned,open,status=draft|quality=67,src/data/blog-content-plan.ts,content-quality-score.csv#blog:relocation-чек-лист
blog:relocation-airbnb,blog,/blog/relocation-airbnb,Переезд в Аргентину: Аренда жилья (Airbnb) — практический гид,EXPAND,P2,unassigned,open,status=draft|quality=67,src/data/blog-content-plan.ts,content-quality-score.csv#blog:relocation-airbnb
blog:relocation-sim-карта,blog,/blog/relocation-sim-карта,"SIM-карта в Аргентине: операторы, цены и eSIM",EXPAND,P2,unassigned,open,status=draft|quality=67|duplicate_candidate,src/data/blog-content-plan.ts,content-quality-score.csv#blog:relocation-sim-карта
blog:relocation-visa-free,blog,/blog/relocation-visa-free,"Безвизовый въезд в Аргентину: кому, на сколько и что на границе",EXPAND,P2,unassigned,open,status=draft|quality=67,src/data/blog-content-plan.ts,content-quality-score.csv#blog:relocation-visa-free
blog:ruta-40-sem-ozer,blog,/blog/ruta-40-sem-ozer,Дорога семи озёр и Рута 40: роуд-трип по Аргентине (гид 2026),EXPAND,P2,unassigned,open,quality=52,src/data/blog.ts,content-quality-score.csv#blog:ruta-40-sem-ozer
blog:safety-бюджет,blog,/blog/safety-бюджет,Безопасность в Аргентине: сколько стоит поездка и как сэкономить,EXPAND,P2,unassigned,open,status=draft|quality=67|duplicate_candidate,src/data/blog-content-plan.ts,content-quality-score.csv#blog:safety-бюджет
blog:safety-ошибки,blog,/blog/safety-ошибки,Безопасность в Аргентине: 10 типичных ошибок туристов,EXPAND,P2,unassigned,open,status=draft|quality=67,src/data/blog-content-plan.ts,content-quality-score.csv#blog:safety-ошибки
blog:safety-с-ребёнком,blog,/blog/safety-с-ребёнком,"Безопасность в Аргентине с ребёнком: маршрут, жильё и безопасность",EXPAND,P2,unassigned,open,status=draft|quality=67|duplicate_candidate,src/data/blog-content-plan.ts,content-quality-score.csv#blog:safety-с-ребёнком
blog:safety-самостоятельно,blog,/blog/safety-самостоятельно,Безопасность в Аргентине самостоятельно: пошаговый план,EXPAND,P2,unassigned,open,status=draft|quality=67,src/data/blog-content-plan.ts,content-quality-score.csv#blog:safety-самостоятельно
blog:safety-советы-новичкам,blog,/blog/safety-советы-новичкам,Безопасность в Аргентине: полный гид для новичков — с чего начать,EXPAND,P2,unassigned,open,status=draft|quality=67,src/data/blog-content-plan.ts,content-quality-score.csv#blog:safety-советы-новичкам
blog:safety-чек-лист,blog,/blog/safety-чек-лист,Безопасность в Аргентине: чек-лист перед поездкой,EXPAND,P2,unassigned,open,status=draft|quality=67,src/data/blog-content-plan.ts,content-quality-score.csv#blog:safety-чек-лист
blog:salta-i-severo-zapad-marshrut,blog,/blog/salta-i-severo-zapad-marshrut,Сальта и северо-запад: маршрут на 5–7 дней,LIGHT_EDIT,P2,unassigned,open,quality=67,src/data/blog.ts,content-quality-score.csv#blog:salta-i-severo-zapad-marshrut
blog:stoimost-zhizni-buenos-aires,blog,/blog/stoimost-zhizni-buenos-aires,Сколько стоит жизнь в Буэнос-Айресе 2026: реальный бюджет в долларах,EXPAND,P2,unassigned,open,quality=52,src/data/blog.ts,content-quality-score.csv#blog:stoimost-zhizni-buenos-aires
blog:tango-beginners-guide,blog,/blog/tango-beginners-guide,Танго для начинающих: милонга и первые шаги,LIGHT_EDIT,P2,unassigned,open,quality=67,src/data/blog.ts,content-quality-score.csv#blog:tango-beginners-guide
blog:transport-авиабилеты,blog,/blog/transport-авиабилеты,"Авиабилеты по Аргентине: аэропорты, лайфхаки и багаж",EXPAND,P2,unassigned,open,status=draft|quality=67,src/data/blog-content-plan.ts,content-quality-score.csv#blog:transport-авиабилеты
blog:transport-автобусы,blog,/blog/transport-автобусы,Транспорт в Аргентине: Междугородние автобусы — практический гид,EXPAND,P2,unassigned,open,status=draft|quality=67|duplicate_candidate,src/data/blog-content-plan.ts,content-quality-score.csv#blog:transport-автобусы
blog:transport-аренда-авто,blog,/blog/transport-аренда-авто,Транспорт в Аргентине: Аренда автомобиля — практический гид,EXPAND,P2,unassigned,open,status=draft|quality=67,src/data/blog-content-plan.ts,content-quality-score.csv#blog:transport-аренда-авто
blog:transport-бюджет,blog,/blog/transport-бюджет,Транспорт в Аргентине: сколько стоит поездка и как сэкономить,EXPAND,P2,unassigned,open,status=draft|quality=67|duplicate_candidate,src/data/blog-content-plan.ts,content-quality-score.csv#blog:transport-бюджет
blog:transport-ошибки,blog,/blog/transport-ошибки,Транспорт в Аргентине: 10 типичных ошибок туристов,EXPAND,P2,unassigned,open,status=draft|quality=67,src/data/blog-content-plan.ts,content-quality-score.csv#blog:transport-ошибки
blog:transport-поезда,blog,/blog/transport-поезда,Транспорт в Аргентине: Железнодорожные маршруты — практический гид,EXPAND,P2,unassigned,open,status=draft|quality=67,src/data/blog-content-plan.ts,content-quality-score.csv#blog:transport-поезда
blog:transport-с-ребёнком,blog,/blog/transport-с-ребёнком,"Транспорт в Аргентине с ребёнком: маршрут, жильё и безопасность",EXPAND,P2,unassigned,open,status=draft|quality=67|duplicate_candidate,src/data/blog-content-plan.ts,content-quality-score.csv#blog:transport-с-ребёнком
blog:transport-советы-новичкам,blog,/blog/transport-советы-новичкам,Транспорт в Аргентине: полный гид для новичков — с чего начать,EXPAND,P2,unassigned,open,status=draft|quality=67|duplicate_candidate,src/data/blog-content-plan.ts,content-quality-score.csv#blog:transport-советы-новичкам
blog:transport-стоповер,blog,/blog/transport-стоповер,Транспорт в Аргентине: Стоповер в Буэнос-Айресе — практический гид,EXPAND,P2,unassigned,open,status=draft|quality=67|duplicate_candidate,src/data/blog-content-plan.ts,content-quality-score.csv#blog:transport-стоповер
blog:transport-страховка,blog,/blog/transport-страховка,Транспорт в Аргентине: Медицинская страховка — практический гид,EXPAND,P2,unassigned,open,status=draft|quality=67|duplicate_candidate,src/data/blog-content-plan.ts,content-quality-score.csv#blog:transport-страховка
blog:transport-чек-лист,blog,/blog/transport-чек-лист,Транспорт в Аргентине: чек-лист перед поездкой,EXPAND,P2,unassigned,open,status=draft|quality=67,src/data/blog-content-plan.ts,content-quality-score.csv#blog:transport-чек-лист
blog:transport-open-jaw,blog,/blog/transport-open-jaw,Транспорт в Аргентине: Open-jaw маршрут — практический гид,EXPAND,P2,unassigned,open,status=draft|quality=67,src/data/blog-content-plan.ts,content-quality-score.csv#blog:transport-open-jaw
blog:trekking-бюджет,blog,/blog/trekking-бюджет,Треккинг в Аргентине: сколько стоит поездка и как сэкономить,EXPAND,P2,unassigned,open,status=draft|quality=67|duplicate_candidate,src/data/blog-content-plan.ts,content-quality-score.csv#blog:trekking-бюджет
blog:trekking-весной,blog,/blog/trekking-весной,"Треккинг в Аргентине весной: погода, одежда и что успеть",EXPAND,P2,unassigned,open,status=draft|quality=67|duplicate_candidate,src/data/blog-content-plan.ts,content-quality-score.csv#blog:trekking-весной
blog:trekking-ветер,blog,/blog/trekking-ветер,Треккинг в Аргентине: Ветреная погода — практический гид,EXPAND,P2,unassigned,open,status=draft|quality=67,src/data/blog-content-plan.ts,content-quality-score.csv#blog:trekking-ветер
blog:trekking-зимой,blog,/blog/trekking-зимой,"Треккинг в Аргентине зимой: погода, одежда и что успеть",EXPAND,P2,unassigned,open,status=draft|quality=67|duplicate_candidate,src/data/blog-content-plan.ts,content-quality-score.csv#blog:trekking-зимой
blog:trekking-летом,blog,/blog/trekking-летом,"Треккинг в Аргентине летом: погода, одежда и что успеть",EXPAND,P2,unassigned,open,status=draft|quality=67|duplicate_candidate,src/data/blog-content-plan.ts,content-quality-score.csv#blog:trekking-летом
blog:trekking-осенью,blog,/blog/trekking-осенью,"Треккинг в Аргентине осенью: погода, одежда и что успеть",EXPAND,P2,unassigned,open,status=draft|quality=67|duplicate_candidate,src/data/blog-content-plan.ts,content-quality-score.csv#blog:trekking-осенью
blog:trekking-ошибки,blog,/blog/trekking-ошибки,Треккинг в Аргентине: 10 типичных ошибок туристов,EXPAND,P2,unassigned,open,status=draft|quality=67,src/data/blog-content-plan.ts,content-quality-score.csv#blog:trekking-ошибки
blog:trekking-с-гидом,blog,/blog/trekking-с-гидом,"Треккинг в Аргентине: когда нужен гид, а когда можно самому",EXPAND,P2,unassigned,open,status=draft|quality=67,src/data/blog-content-plan.ts,content-quality-score.csv#blog:trekking-с-гидом
blog:trekking-с-ребёнком,blog,/blog/trekking-с-ребёнком,"Треккинг в Аргентине с ребёнком: маршрут, жильё и безопасность",EXPAND,P2,unassigned,open,status=draft|quality=67|duplicate_candidate,src/data/blog-content-plan.ts,content-quality-score.csv#blog:trekking-с-ребёнком
blog:trekking-самостоятельно,blog,/blog/trekking-самостоятельно,Треккинг в Аргентине самостоятельно: пошаговый план,EXPAND,P2,unassigned,open,status=draft|quality=67,src/data/blog-content-plan.ts,content-quality-score.csv#blog:trekking-самостоятельно
blog:trekking-советы-новичкам,blog,/blog/trekking-советы-новичкам,Треккинг в Аргентине: полный гид для новичков — с чего начать,EXPAND,P2,unassigned,open,status=draft|quality=67|duplicate_candidate,src/data/blog-content-plan.ts,content-quality-score.csv#blog:trekking-советы-новичкам
blog:trekking-фото,blog,/blog/trekking-фото,Треккинг в Аргентине: Фотосъёмка — практический гид,EXPAND,P2,unassigned,open,status=draft|quality=67,src/data/blog-content-plan.ts,content-quality-score.csv#blog:trekking-фото
blog:trekking-холод,blog,/blog/trekking-холод,Треккинг в Аргентине: Холод и одежда — практический гид,EXPAND,P2,unassigned,open,status=draft|quality=67,src/data/blog-content-plan.ts,content-quality-score.csv#blog:trekking-холод
blog:trekking-чек-лист,blog,/blog/trekking-чек-лист,Треккинг в Аргентине: чек-лист перед поездкой,EXPAND,P2,unassigned,open,status=draft|quality=67,src/data/blog-content-plan.ts,content-quality-score.csv#blog:trekking-чек-лист
blog:trekking-camping,blog,/blog/trekking-camping,Треккинг в Аргентине: Кемпинг — практический гид,EXPAND,P2,unassigned,open,status=draft|quality=67,src/data/blog-content-plan.ts,content-quality-score.csv#blog:trekking-camping
blog:trekking-laguna-de-los-tres,blog,/blog/trekking-laguna-de-los-tres,Laguna de los Tres: трек к Fitz Roy из Эль-Чалтена,EXPAND,P2,unassigned,open,status=draft|quality=67,src/data/blog-content-plan.ts,content-quality-score.csv#blog:trekking-laguna-de-los-tres
blog:trekking-mini-trekking,blog,/blog/trekking-mini-trekking,Треккинг в Аргентине: Мини-треккинг на Perito Moreno — практический гид,EXPAND,P2,unassigned,open,status=draft|quality=67,src/data/blog-content-plan.ts,content-quality-score.csv#blog:trekking-mini-trekking
blog:uco-valley-vino-i-gory,blog,/blog/uco-valley-vino-i-gory,"Долина Уко: вино, Аконкагуа и дегустации",LIGHT_EDIT,P2,unassigned,open,quality=67,src/data/blog.ts,content-quality-score.csv#blog:uco-valley-vino-i-gory
blog:viza-cifrovogo-kochevnika-argentina,blog,/blog/viza-cifrovogo-kochevnika-argentina,Виза цифрового кочевника Аргентины: полный гид 2026,LIGHT_EDIT,P2,unassigned,open,quality=72,src/data/blog.ts,content-quality-score.csv#blog:viza-cifrovogo-kochevnika-argentina
blog:vnutrennie-aviabilety-argentina,blog,/blog/vnutrennie-aviabilety-argentina,Внутренние авиабилеты по Аргентине 2026: как купить дёшево,EXPAND,P2,unassigned,open,quality=52|duplicate_candidate,src/data/blog.ts,content-quality-score.csv#blog:vnutrennie-aviabilety-argentina
blog:vnzh-argentina-rezidenciya,blog,/blog/vnzh-argentina-rezidenciya,ВНЖ Аргентины 2026: все легальные пути резиденции и визы,LIGHT_EDIT,P2,unassigned,open,quality=72|duplicate_candidate,src/data/blog.ts,content-quality-score.csv#blog:vnzh-argentina-rezidenciya
blog:wildlife-бюджет,blog,/blog/wildlife-бюджет,Дикая природа Аргентины: сколько стоит поездка и как сэкономить,EXPAND,P2,unassigned,open,status=draft|quality=67,src/data/blog-content-plan.ts,content-quality-score.csv#blog:wildlife-бюджет
blog:wildlife-весной,blog,/blog/wildlife-весной,"Дикая природа Аргентины весной: погода, одежда и что успеть",EXPAND,P2,unassigned,open,status=draft|quality=67|duplicate_candidate,src/data/blog-content-plan.ts,content-quality-score.csv#blog:wildlife-весной
blog:wildlife-за-3-дня,blog,/blog/wildlife-за-3-дня,Дикая природа Аргентины за 3 дня: готовый маршрут по дням,EXPAND,P2,unassigned,open,status=draft|quality=67|duplicate_candidate,src/data/blog-content-plan.ts,content-quality-score.csv#blog:wildlife-за-3-дня
blog:wildlife-за-5-дней,blog,/blog/wildlife-за-5-дней,Дикая природа Аргентины за 5 дней: готовый маршрут по дням,EXPAND,P2,unassigned,open,status=draft|quality=67|duplicate_candidate,src/data/blog-content-plan.ts,content-quality-score.csv#blog:wildlife-за-5-дней
blog:wildlife-зимой,blog,/blog/wildlife-зимой,"Дикая природа Аргентины зимой: погода, одежда и что успеть",EXPAND,P2,unassigned,open,status=draft|quality=67|duplicate_candidate,src/data/blog-content-plan.ts,content-quality-score.csv#blog:wildlife-зимой
blog:wildlife-летом,blog,/blog/wildlife-летом,"Дикая природа Аргентины летом: погода, одежда и что успеть",EXPAND,P2,unassigned,open,status=draft|quality=67|duplicate_candidate,src/data/blog-content-plan.ts,content-quality-score.csv#blog:wildlife-летом
blog:wildlife-осенью,blog,/blog/wildlife-осенью,"Дикая природа Аргентины осенью: погода, одежда и что успеть",EXPAND,P2,unassigned,open,status=draft|quality=67|duplicate_candidate,src/data/blog-content-plan.ts,content-quality-score.csv#blog:wildlife-осенью
blog:wildlife-ошибки,blog,/blog/wildlife-ошибки,Дикая природа Аргентины: 10 типичных ошибок туристов,EXPAND,P2,unassigned,open,status=draft|quality=67,src/data/blog-content-plan.ts,content-quality-score.csv#blog:wildlife-ошибки
blog:wildlife-с-гидом,blog,/blog/wildlife-с-гидом,"Дикая природа Аргентины: когда нужен гид, а когда можно самому",LIGHT_EDIT,P2,unassigned,open,quality=67,src/data/blog.ts,content-quality-score.csv#blog:wildlife-с-гидом
blog:wildlife-с-ребёнком,blog,/blog/wildlife-с-ребёнком,"Дикая природа Аргентины с ребёнком: маршрут, жильё и безопасность",EXPAND,P2,unassigned,open,status=draft|quality=67,src/data/blog-content-plan.ts,content-quality-score.csv#blog:wildlife-с-ребёнком
blog:wildlife-самостоятельно,blog,/blog/wildlife-самостоятельно,Дикая природа Аргентины самостоятельно: пошаговый план,EXPAND,P2,unassigned,open,status=draft|quality=67,src/data/blog-content-plan.ts,content-quality-score.csv#blog:wildlife-самостоятельно
blog:wildlife-советы-новичкам,blog,/blog/wildlife-советы-новичкам,Дикая природа Аргентины: полный гид для новичков — с чего начать,EXPAND,P2,unassigned,open,status=draft|quality=67,src/data/blog-content-plan.ts,content-quality-score.csv#blog:wildlife-советы-новичкам
blog:wildlife-фото,blog,/blog/wildlife-фото,Дикая природа Аргентины: Фотосъёмка — практический гид,EXPAND,P2,unassigned,open,status=draft|quality=67,src/data/blog-content-plan.ts,content-quality-score.csv#blog:wildlife-фото
blog:wildlife-чек-лист,blog,/blog/wildlife-чек-лист,Дикая природа Аргентины: чек-лист перед поездкой,EXPAND,P2,unassigned,open,status=draft|quality=67,src/data/blog-content-plan.ts,content-quality-score.csv#blog:wildlife-чек-лист
blog:wildlife-condors,blog,/blog/wildlife-condors,Дикая природа Аргентины: Андские кондоры — практический гид,EXPAND,P2,unassigned,open,status=draft|quality=67,src/data/blog-content-plan.ts,content-quality-score.csv#blog:wildlife-condors
blog:wildlife-guanaco,blog,/blog/wildlife-guanaco,Дикая природа Аргентины: Гуанако и ламы — практический гид,EXPAND,P2,unassigned,open,status=draft|quality=67,src/data/blog-content-plan.ts,content-quality-score.csv#blog:wildlife-guanaco
blog:wildlife-penguins,blog,/blog/wildlife-penguins,Дикая природа Аргентины: Пингвины — практический гид,EXPAND,P2,unassigned,open,status=draft|quality=67,src/data/blog-content-plan.ts,content-quality-score.csv#blog:wildlife-penguins
blog:wildlife-whale-watching,blog,/blog/wildlife-whale-watching,"Whale watching в Аргентине: Valdés, сезоны и бронирование",EXPAND,P2,unassigned,open,status=draft|quality=67,src/data/blog-content-plan.ts,content-quality-score.csv#blog:wildlife-whale-watching
blog:wine-аренда-авто,blog,/blog/wine-аренда-авто,Винодельни Мендосы: Аренда автомобиля — практический гид,EXPAND,P2,unassigned,open,status=draft|quality=67,src/data/blog-content-plan.ts,content-quality-score.csv#blog:wine-аренда-авто
blog:wine-бюджет,blog,/blog/wine-бюджет,Винодельни Мендосы: сколько стоит поездка и как сэкономить,EXPAND,P2,unassigned,open,status=draft|quality=67,src/data/blog-content-plan.ts,content-quality-score.csv#blog:wine-бюджет
blog:wine-весной,blog,/blog/wine-весной,"Винодельни Мендосы весной: погода, одежда и что успеть",EXPAND,P2,unassigned,open,status=draft|quality=67|duplicate_candidate,src/data/blog-content-plan.ts,content-quality-score.csv#blog:wine-весной
blog:wine-за-3-дня,blog,/blog/wine-за-3-дня,Винодельни Мендосы за 3 дня: готовый маршрут по дням,EXPAND,P2,unassigned,open,status=draft|quality=67|duplicate_candidate,src/data/blog-content-plan.ts,content-quality-score.csv#blog:wine-за-3-дня
blog:wine-за-5-дней,blog,/blog/wine-за-5-дней,Винодельни Мендосы за 5 дней: готовый маршрут по дням,EXPAND,P2,unassigned,open,status=draft|quality=67|duplicate_candidate,src/data/blog-content-plan.ts,content-quality-score.csv#blog:wine-за-5-дней
blog:wine-зимой,blog,/blog/wine-зимой,"Винодельни Мендосы зимой: погода, одежда и что успеть",EXPAND,P2,unassigned,open,status=draft|quality=67|duplicate_candidate,src/data/blog-content-plan.ts,content-quality-score.csv#blog:wine-зимой
blog:wine-летом,blog,/blog/wine-летом,"Винодельни Мендосы летом: погода, одежда и что успеть",EXPAND,P2,unassigned,open,status=draft|quality=67|duplicate_candidate,src/data/blog-content-plan.ts,content-quality-score.csv#blog:wine-летом
blog:wine-осенью,blog,/blog/wine-осенью,"Винодельни Мендосы осенью: погода, одежда и что успеть",EXPAND,P2,unassigned,open,status=draft|quality=67|duplicate_candidate,src/data/blog-content-plan.ts,content-quality-score.csv#blog:wine-осенью
blog:wine-отели,blog,/blog/wine-отели,Винодельни Мендосы: Отели и бронирование — практический гид,EXPAND,P2,unassigned,open,status=draft|quality=67,src/data/blog-content-plan.ts,content-quality-score.csv#blog:wine-отели
blog:wine-ошибки,blog,/blog/wine-ошибки,Винодельни Мендосы: 10 типичных ошибок туристов,EXPAND,P2,unassigned,open,status=draft|quality=67,src/data/blog-content-plan.ts,content-quality-score.csv#blog:wine-ошибки
blog:wine-с-гидом,blog,/blog/wine-с-гидом,"Винодельни Мендосы: когда нужен гид, а когда можно самому",EXPAND,P2,unassigned,open,status=draft|quality=67,src/data/blog-content-plan.ts,content-quality-score.csv#blog:wine-с-гидом
blog:wine-с-ребёнком,blog,/blog/wine-с-ребёнком,"Винодельни Мендосы с ребёнком: маршрут, жильё и безопасность",EXPAND,P2,unassigned,open,status=draft|quality=67,src/data/blog-content-plan.ts,content-quality-score.csv#blog:wine-с-ребёнком
blog:wine-самостоятельно,blog,/blog/wine-самостоятельно,Винодельни Мендосы самостоятельно: пошаговый план,EXPAND,P2,unassigned,open,status=draft|quality=67,src/data/blog-content-plan.ts,content-quality-score.csv#blog:wine-самостоятельно
blog:wine-советы-новичкам,blog,/blog/wine-советы-новичкам,Винодельни Мендосы: полный гид для новичков — с чего начать,EXPAND,P2,unassigned,open,status=draft|quality=67,src/data/blog-content-plan.ts,content-quality-score.csv#blog:wine-советы-новичкам
blog:wine-фото,blog,/blog/wine-фото,Винодельни Мендосы: Фотосъёмка — практический гид,EXPAND,P2,unassigned,open,status=draft|quality=67,src/data/blog-content-plan.ts,content-quality-score.csv#blog:wine-фото
blog:wine-чек-лист,blog,/blog/wine-чек-лист,Винодельни Мендосы: чек-лист перед поездкой,EXPAND,P2,unassigned,open,status=draft|quality=67,src/data/blog-content-plan.ts,content-quality-score.csv#blog:wine-чек-лист
blog:wine-bodega-tour,blog,/blog/wine-bodega-tour,Винодельни Мендосы: Тур по винодельне — практический гид,EXPAND,P2,unassigned,open,status=draft|quality=67,src/data/blog-content-plan.ts,content-quality-score.csv#blog:wine-bodega-tour
blog:wine-malbec,blog,/blog/wine-malbec,"Malbec в Мендосе: сорта, bodega и дегустации",EXPAND,P2,unassigned,open,status=draft|quality=67|duplicate_candidate,src/data/blog-content-plan.ts,content-quality-score.csv#blog:wine-malbec
collection:best-for-photographers,collection,/collections/best-for-photographers,Лучшие места для фотографов,DEEP_REWRITE,P1,unassigned,open,quality=38,src/data/places-seed.ts,content-quality-score.csv#collection:best-for-photographers
collection:best-glaciers,collection,/collections/best-glaciers,Лучшие ледники Аргентины,DEEP_REWRITE,P1,unassigned,open,quality=39,src/data/places-seed.ts,content-quality-score.csv#collection:best-glaciers
collection:best-national-parks,collection,/collections/best-national-parks,Лучшие национальные парки,DEEP_REWRITE,P1,unassigned,open,quality=40,src/data/places-seed.ts,content-quality-score.csv#collection:best-national-parks
collection:best-patagonia,collection,/collections/best-patagonia,Лучшее Патагонии,DEEP_REWRITE,P1,unassigned,open,quality=39,src/data/places-seed.ts,content-quality-score.csv#collection:best-patagonia
collection:best-trekking,collection,/collections/best-trekking,Лучшие места для треккинга,DEEP_REWRITE,P1,unassigned,open,quality=39,src/data/places-seed.ts,content-quality-score.csv#collection:best-trekking
collection:best-waterfalls,collection,/collections/best-waterfalls,Лучшие водопады,DEEP_REWRITE,P1,unassigned,open,quality=31,src/data/places-seed.ts,content-quality-score.csv#collection:best-waterfalls
collection:lake-district,collection,/collections/lake-district,Озёрный край и Дорога семи озёр,DEEP_REWRITE,P1,unassigned,open,quality=39,src/data/places-seed.ts,content-quality-score.csv#collection:lake-district
collection:northwest-colors,collection,/collections/northwest-colors,Краски северо-запада,DEEP_REWRITE,P1,unassigned,open,quality=39,src/data/places-seed.ts,content-quality-score.csv#collection:northwest-colors
collection:patagonia-highlights,collection,/collections/patagonia-highlights,Жемчужины Патагонии,DEEP_REWRITE,P1,unassigned,open,quality=40,src/data/places-seed.ts,content-quality-score.csv#collection:patagonia-highlights
collection:two-weeks-argentina,collection,/collections/two-weeks-argentina,Две недели по Аргентине,DEEP_REWRITE,P1,unassigned,open,quality=38,src/data/places-seed.ts,content-quality-score.csv#collection:two-weeks-argentina
collection:unesco-heritage,collection,/collections/unesco-heritage,Объекты UNESCO,DEEP_REWRITE,P1,unassigned,open,quality=38,src/data/places-seed.ts,content-quality-score.csv#collection:unesco-heritage
collection:week-in-argentina,collection,/collections/week-in-argentina,Неделя в Аргентине,DEEP_REWRITE,P1,unassigned,open,quality=38,src/data/places-seed.ts,content-quality-score.csv#collection:week-in-argentina
collection:wildlife-argentina,collection,/collections/wildlife-argentina,Дикая природа,DEEP_REWRITE,P1,unassigned,open,quality=39,src/data/places-seed.ts,content-quality-score.csv#collection:wildlife-argentina
collection:wine-mendoza,collection,/collections/wine-mendoza,Винный маршрут Мендосы,DEEP_REWRITE,P1,unassigned,open,quality=41,src/data/places-seed.ts,content-quality-score.csv#collection:wine-mendoza
destination:ba,destination,/destinations/ba,Буэнос-Айрес,DEEP_REWRITE,P1,unassigned,open,quality=33|duplicate_candidate,src/data/destination-pages.ts,content-quality-score.csv#destination:ba
destination:bariloche,destination,/destinations/bariloche,Барилоче,DEEP_REWRITE,P1,unassigned,open,quality=33|duplicate_candidate,src/data/destination-pages.ts,content-quality-score.csv#destination:bariloche
destination:calafate,destination,/destinations/calafate,Эль-Калафате,DEEP_REWRITE,P1,unassigned,open,quality=32|duplicate_candidate,src/data/destination-pages.ts,content-quality-score.csv#destination:calafate
destination:iguazu,destination,/destinations/iguazu,Пуэрто-Игуасу,DEEP_REWRITE,P1,unassigned,open,quality=33,src/data/destination-pages.ts,content-quality-score.csv#destination:iguazu
destination:mendoza,destination,/destinations/mendoza,Мендоса,DEEP_REWRITE,P1,unassigned,open,quality=32|duplicate_candidate,src/data/destination-pages.ts,content-quality-score.csv#destination:mendoza
destination:patagonia,destination,/destinations/patagonia,Патагония,DEEP_REWRITE,P1,unassigned,open,quality=32|duplicate_candidate,src/data/destination-pages.ts,content-quality-score.csv#destination:patagonia
destination:salta,destination,/destinations/salta,Сальта,DEEP_REWRITE,P1,unassigned,open,quality=32|duplicate_candidate,src/data/destination-pages.ts,content-quality-score.csv#destination:salta
destination:ushuaia,destination,/destinations/ushuaia,Ушуайя,DEEP_REWRITE,P1,unassigned,open,quality=32|duplicate_candidate,src/data/destination-pages.ts,content-quality-score.csv#destination:ushuaia
guide-topic:bezopasnost,guide_topic,/guide/bezopasnost,Безопасность,DEEP_REWRITE,P1,unassigned,open,quality=40,src/data/guide-topics.ts,content-quality-score.csv#guide-topic:bezopasnost
content-page:guide:bronirovanie-i-oplata,content_page,/guide/bronirovanie-i-oplata,Бронирование и оплата на платформе,DEEP_REWRITE,P1,unassigned,open,quality=39,src/data/guide-content.ts,content-quality-score.csv#content-page:guide:bronirovanie-i-oplata
guide-topic:dostoprimechatelnosti,guide_topic,/guide/dostoprimechatelnosti,Достопримечательности,DEEP_REWRITE,P1,unassigned,open,quality=42,src/data/guide-topics.ts,content-quality-score.csv#guide-topic:dostoprimechatelnosti
guide-topic:ekonomika-i-dengi,guide_topic,/guide/ekonomika-i-dengi,Экономика и деньги,DEEP_REWRITE,P1,unassigned,open,quality=44,src/data/guide-topics.ts,content-quality-score.csv#guide-topic:ekonomika-i-dengi
content-page:guide:gastronomiya-i-asado,content_page,/guide/gastronomiya-i-asado,Гастрономия и asado,DEEP_REWRITE,P1,unassigned,open,quality=39,src/data/guide-content.ts,content-quality-score.csv#content-page:guide:gastronomiya-i-asado
guide-topic:gde-zhit,guide_topic,/guide/gde-zhit,Где жить,DEEP_REWRITE,P1,unassigned,open,quality=43,src/data/guide-topics.ts,content-quality-score.csv#guide-topic:gde-zhit
guide-topic:istoriya,guide_topic,/guide/istoriya,История,DEEP_REWRITE,P1,unassigned,open,quality=42,src/data/guide-topics.ts,content-quality-score.csv#guide-topic:istoriya
guide-topic:kak-dobratsya,guide_topic,/guide/kak-dobratsya,Как добраться,EXPAND,P2,unassigned,open,quality=45,src/data/guide-topics.ts,content-quality-score.csv#guide-topic:kak-dobratsya
guide-topic:kukhnya,guide_topic,/guide/kukhnya,Кухня,DEEP_REWRITE,P1,unassigned,open,quality=41,src/data/guide-topics.ts,content-quality-score.csv#guide-topic:kukhnya
guide-topic:kultura,guide_topic,/guide/kultura,Культура,DEEP_REWRITE,P1,unassigned,open,quality=42,src/data/guide-topics.ts,content-quality-score.csv#guide-topic:kultura
content-page:guide:patagoniya-s-chego-nachat,content_page,/guide/patagoniya-s-chego-nachat,Патагония: с чего начать,DEEP_REWRITE,P1,unassigned,open,quality=38,src/data/guide-content.ts,content-quality-score.csv#content-page:guide:patagoniya-s-chego-nachat
guide-topic:pogoda-i-sezonnost,guide_topic,/guide/pogoda-i-sezonnost,Погода и сезонность,DEEP_REWRITE,P1,unassigned,open,quality=41,src/data/guide-topics.ts,content-quality-score.csv#guide-topic:pogoda-i-sezonnost
content-page:guide:sezony-i-klimat,content_page,/guide/sezony-i-klimat,Сезоны и климат в Аргентине,DEEP_REWRITE,P1,unassigned,open,quality=42,src/data/guide-content.ts,content-quality-score.csv#content-page:guide:sezony-i-klimat
guide-topic:shopping,guide_topic,/guide/shopping,Шопинг,DEEP_REWRITE,P1,unassigned,open,quality=42,src/data/guide-topics.ts,content-quality-score.csv#guide-topic:shopping
guide-topic:svyaz,guide_topic,/guide/svyaz,Связь,DEEP_REWRITE,P1,unassigned,open,quality=41,src/data/guide-topics.ts,content-quality-score.csv#guide-topic:svyaz
content-page:guide:tango-i-kultura-ba,content_page,/guide/tango-i-kultura-ba,Танго и культура Буэнос-Айреса,DEEP_REWRITE,P1,unassigned,open,quality=39,src/data/guide-content.ts,content-quality-score.csv#content-page:guide:tango-i-kultura-ba
guide-topic:transport,guide_topic,/guide/transport,На чём передвигаться,DEEP_REWRITE,P1,unassigned,open,quality=42,src/data/guide-topics.ts,content-quality-score.csv#guide-topic:transport
guide-topic:turistskie-regiony,guide_topic,/guide/turistskie-regiony,Туристические регионы,DEEP_REWRITE,P1,unassigned,open,quality=42,src/data/guide-topics.ts,content-quality-score.csv#guide-topic:turistskie-regiony
guide-topic:yazyk,guide_topic,/guide/yazyk,Язык,DEEP_REWRITE,P1,unassigned,open,quality=42,src/data/guide-topics.ts,content-quality-score.csv#guide-topic:yazyk
content-page:immigration:dokumenty-dlya-vyezda,immigration,/immigration/dokumenty-dlya-vyezda,Документы для въезда и выезда,LEGAL_REVIEW,P0,unassigned,open,quality=38|sensitive_without_reviewer|missing_primary_source,src/data/immigration-content.ts,content-quality-score.csv#content-page:immigration:dokumenty-dlya-vyezda
content-page:immigration:obzor-vnzh,immigration,/immigration/obzor-vnzh,Обзор видов ВНЖ в Аргентине,LEGAL_REVIEW,P0,unassigned,open,quality=48|sensitive_without_reviewer|missing_primary_source,src/data/immigration-content.ts,content-quality-score.csv#content-page:immigration:obzor-vnzh
content-page:immigration:prodlenie-turisticheskogo-vizita,immigration,/immigration/prodlenie-turisticheskogo-vizita,Продление туристического пребывания,LEGAL_REVIEW,P0,unassigned,open,quality=37|sensitive_without_reviewer|missing_primary_source,src/data/immigration-content.ts,content-quality-score.csv#content-page:immigration:prodlenie-turisticheskogo-vizita
content-page:immigration:vizy-dlya-turistov,immigration,/immigration/vizy-dlya-turistov,Визы для туристов: основы,LEGAL_REVIEW,P0,unassigned,open,quality=38|sensitive_without_reviewer|missing_primary_source,src/data/immigration-content.ts,content-quality-score.csv#content-page:immigration:vizy-dlya-turistov
itinerary:buenos-aires-iguazu-5-days,itinerary,/itineraries/buenos-aires-iguazu-5-days,Буэнос-Айрес + Игуасу за 5 дней,DEEP_REWRITE,P1,unassigned,open,quality=40,src/data/places-seed.ts,content-quality-score.csv#itinerary:buenos-aires-iguazu-5-days
itinerary:northwest-7-days,itinerary,/itineraries/northwest-7-days,Северо-запад за 7 дней,DEEP_REWRITE,P1,unassigned,open,quality=44,src/data/places-seed.ts,content-quality-score.csv#itinerary:northwest-7-days
itinerary:patagonia-classic-10-days,itinerary,/itineraries/patagonia-classic-10-days,Классическая Патагония за 10 дней,EXPAND,P2,unassigned,open,quality=46,src/data/places-seed.ts,content-quality-score.csv#itinerary:patagonia-classic-10-days
legal:affiliate,legal,/legal/affiliate,Партнёрские ссылки и реклама,LEGAL_REVIEW,P0,unassigned,open,quality=26|sensitive_without_reviewer|missing_primary_source,src/data/legal-content.ts,content-quality-score.csv#legal:affiliate
legal:booking,legal,/legal/booking,Условия бронирования,LEGAL_REVIEW,P0,unassigned,open,quality=25|sensitive_without_reviewer|missing_primary_source,src/data/legal-content.ts,content-quality-score.csv#legal:booking
legal:cookies,legal,/legal/cookies,Политика cookie,LEGAL_REVIEW,P0,unassigned,open,quality=25|sensitive_without_reviewer|missing_primary_source,src/data/legal-content.ts,content-quality-score.csv#legal:cookies
legal:privacy,legal,/legal/privacy,Политика конфиденциальности,LEGAL_REVIEW,P0,unassigned,open,quality=30|sensitive_without_reviewer|missing_primary_source,src/data/legal-content.ts,content-quality-score.csv#legal:privacy
legal:refunds,legal,/legal/refunds,Политика возвратов,LEGAL_REVIEW,P0,unassigned,open,quality=23|sensitive_without_reviewer|missing_primary_source,src/data/legal-content.ts,content-quality-score.csv#legal:refunds
legal:terms,legal,/legal/terms,Пользовательское соглашение,LEGAL_REVIEW,P0,unassigned,open,quality=24|sensitive_without_reviewer|missing_primary_source,src/data/legal-content.ts,content-quality-score.csv#legal:terms
place:aconcagua,place,/places/aconcagua,Аконкагуа,DEEP_REWRITE,P1,unassigned,open,quality=28,src/data/places-seed.ts,content-quality-score.csv#place:aconcagua
place:bahia-blanca,place,/places/bahia-blanca,Баия-Бланка,DEEP_REWRITE,P1,unassigned,open,quality=28|duplicate_candidate,src/data/places-seed.ts,content-quality-score.csv#place:bahia-blanca
place:banado-la-estrella,place,/places/banado-la-estrella,Баньядо-ла-Эстрелья,DEEP_REWRITE,P1,unassigned,open,quality=27|duplicate_candidate,src/data/places-seed.ts,content-quality-score.csv#place:banado-la-estrella
place:bariloche,place,/places/bariloche,Барилоче,DEEP_REWRITE,P1,unassigned,open,quality=27|duplicate_candidate,src/data/places-seed.ts,content-quality-score.csv#place:bariloche
place:barreal,place,/places/barreal,Барреаль и Эль-Леонсито,DEEP_REWRITE,P1,unassigned,open,quality=28|duplicate_candidate,src/data/places-seed.ts,content-quality-score.csv#place:barreal
place:bosque-petrificado,place,/places/bosque-petrificado,Национальный парк Окаменевшие леса Харамільо,DEEP_REWRITE,P1,unassigned,open,quality=27|duplicate_candidate,src/data/places-seed.ts,content-quality-score.csv#place:bosque-petrificado
place:buenos-aires,place,/places/buenos-aires,Буэнос-Айрес,EXPAND,P2,unassigned,open,quality=47|duplicate_candidate,src/data/places-seed.ts,content-quality-score.csv#place:buenos-aires
place:cafayate,place,/places/cafayate,Кафаяте,DEEP_REWRITE,P1,unassigned,open,quality=28,src/data/places-seed.ts,content-quality-score.csv#place:cafayate
place:catamarca,place,/places/catamarca,Катамарка,DEEP_REWRITE,P1,unassigned,open,quality=27|duplicate_candidate,src/data/places-seed.ts,content-quality-score.csv#place:catamarca
place:cerro-de-los-7-colores,place,/places/cerro-de-los-7-colores,Cerro de los Siete Colores,DEEP_REWRITE,P1,unassigned,open,quality=27,src/data/places-seed.ts,content-quality-score.csv#place:cerro-de-los-7-colores
place:colon-entre-rios,place,/places/colon-entre-rios,Колóн,DEEP_REWRITE,P1,unassigned,open,quality=28,src/data/places-seed.ts,content-quality-score.csv#place:colon-entre-rios
place:cordoba,place,/places/cordoba,Кордова,DEEP_REWRITE,P1,unassigned,open,quality=28|duplicate_candidate,src/data/places-seed.ts,content-quality-score.csv#place:cordoba
place:corrientes,place,/places/corrientes,Корриентес,DEEP_REWRITE,P1,unassigned,open,quality=28|duplicate_candidate,src/data/places-seed.ts,content-quality-score.csv#place:corrientes
place:cueva-de-las-manos,place,/places/cueva-de-las-manos,Cueva de las Manos,DEEP_REWRITE,P1,unassigned,open,quality=27,src/data/places-seed.ts,content-quality-score.csv#place:cueva-de-las-manos
place:el-bolson,place,/places/el-bolson,Эль-Больсон,DEEP_REWRITE,P1,unassigned,open,quality=27|duplicate_candidate,src/data/places-seed.ts,content-quality-score.csv#place:el-bolson
place:el-calafate,place,/places/el-calafate,Эль-Калафате,DEEP_REWRITE,P1,unassigned,open,quality=27|duplicate_candidate,src/data/places-seed.ts,content-quality-score.csv#place:el-calafate
place:el-chalten,place,/places/el-chalten,Эль-Чалтен,DEEP_REWRITE,P1,unassigned,open,quality=27,src/data/places-seed.ts,content-quality-score.csv#place:el-chalten
place:esquel,place,/places/esquel,Эскель,DEEP_REWRITE,P1,unassigned,open,quality=27|duplicate_candidate,src/data/places-seed.ts,content-quality-score.csv#place:esquel
place:estero-ibera,place,/places/estero-ibera,Эстерос-дель-Ибера,DEEP_REWRITE,P1,unassigned,open,quality=28,src/data/places-seed.ts,content-quality-score.csv#place:estero-ibera
place:federacion,place,/places/federacion,Федерасьон,DEEP_REWRITE,P1,unassigned,open,quality=27,src/data/places-seed.ts,content-quality-score.csv#place:federacion
place:fitz-roy,place,/places/fitz-roy,"Фиц-Рой (Fitz Roy, Cerro Chaltén)",DEEP_REWRITE,P1,unassigned,open,quality=27,src/data/places-seed.ts,content-quality-score.csv#place:fitz-roy
place:formosa,place,/places/formosa,Формоса,DEEP_REWRITE,P1,unassigned,open,quality=27|duplicate_candidate,src/data/places-seed.ts,content-quality-score.csv#place:formosa
place:gualeguaychu,place,/places/gualeguaychu,Гуалегуайчу,DEEP_REWRITE,P1,unassigned,open,quality=27,src/data/places-seed.ts,content-quality-score.csv#place:gualeguaychu
place:iguazu-falls,place,/places/iguazu-falls,Водопады Игуасу,EXPAND,P2,unassigned,open,quality=47,src/data/places-seed.ts,content-quality-score.csv#place:iguazu-falls
place:iruya,place,/places/iruya,Ирую,DEEP_REWRITE,P1,unassigned,open,quality=27,src/data/places-seed.ts,content-quality-score.csv#place:iruya
place:ischigualasto,place,/places/ischigualasto,Исчигуаласто (Лунная долина),DEEP_REWRITE,P1,unassigned,open,quality=28,src/data/places-seed.ts,content-quality-score.csv#place:ischigualasto
place:kachi,place,/places/kachi,Качи,DEEP_REWRITE,P1,unassigned,open,quality=27|duplicate_candidate,src/data/places-seed.ts,content-quality-score.csv#place:kachi
place:la-cumbrecita,place,/places/la-cumbrecita,Ла-Кумбресита и Сьерры Кордовы,DEEP_REWRITE,P1,unassigned,open,quality=27|duplicate_candidate,src/data/places-seed.ts,content-quality-score.csv#place:la-cumbrecita
place:la-plata,place,/places/la-plata,Ла-Плата,DEEP_REWRITE,P1,unassigned,open,quality=28|duplicate_candidate,src/data/places-seed.ts,content-quality-score.csv#place:la-plata
place:la-rioja,place,/places/la-rioja,Ла-Риоха,DEEP_REWRITE,P1,unassigned,open,quality=27|duplicate_candidate,src/data/places-seed.ts,content-quality-score.csv#place:la-rioja
place:lanin,place,/places/lanin,Национальный парк Ланин,DEEP_REWRITE,P1,unassigned,open,quality=27|duplicate_candidate,src/data/places-seed.ts,content-quality-score.csv#place:lanin
place:las-lenas,place,/places/las-lenas,Лас-Леньяс,DEEP_REWRITE,P1,unassigned,open,quality=27|duplicate_candidate,src/data/places-seed.ts,content-quality-score.csv#place:las-lenas
place:lihue-calel,place,/places/lihue-calel,Национальный парк Лиуэ-Калель,DEEP_REWRITE,P1,unassigned,open,quality=27|duplicate_candidate,src/data/places-seed.ts,content-quality-score.csv#place:lihue-calel
place:los-alerces-national-park,place,/places/los-alerces-national-park,Национальный парк Лос-Алерсес,DEEP_REWRITE,P1,unassigned,open,quality=28|duplicate_candidate,src/data/places-seed.ts,content-quality-score.csv#place:los-alerces-national-park
place:los-antiguos,place,/places/los-antiguos,Лос-Антигуос,DEEP_REWRITE,P1,unassigned,open,quality=28,src/data/places-seed.ts,content-quality-score.csv#place:los-antiguos
place:los-cardones,place,/places/los-cardones,Национальный парк Лос-Кардонес,DEEP_REWRITE,P1,unassigned,open,quality=27|duplicate_candidate,src/data/places-seed.ts,content-quality-score.csv#place:los-cardones
place:los-glaciares-national-park,place,/places/los-glaciares-national-park,Национальный парк Los Glaciares,DEEP_REWRITE,P1,unassigned,open,quality=27,src/data/places-seed.ts,content-quality-score.csv#place:los-glaciares-national-park
place:lujan,place,/places/lujan,Лухан,DEEP_REWRITE,P1,unassigned,open,quality=28|duplicate_candidate,src/data/places-seed.ts,content-quality-score.csv#place:lujan
place:lujan-de-cuyo,place,/places/lujan-de-cuyo,Luján de Cuyo,DEEP_REWRITE,P1,unassigned,open,quality=27,src/data/places-seed.ts,content-quality-score.csv#place:lujan-de-cuyo
place:maipu,place,/places/maipu,Maipú,DEEP_REWRITE,P1,unassigned,open,quality=27,src/data/places-seed.ts,content-quality-score.csv#place:maipu
place:mar-de-las-pampas,place,/places/mar-de-las-pampas,Мар-де-лас-Пампас,DEEP_REWRITE,P1,unassigned,open,quality=27|duplicate_candidate,src/data/places-seed.ts,content-quality-score.csv#place:mar-de-las-pampas
place:mar-del-plata,place,/places/mar-del-plata,Мар-дель-Плата,DEEP_REWRITE,P1,unassigned,open,quality=26|duplicate_candidate,src/data/places-seed.ts,content-quality-score.csv#place:mar-del-plata
place:mendoza,place,/places/mendoza,Мендоса,DEEP_REWRITE,P1,unassigned,open,quality=27|duplicate_candidate,src/data/places-seed.ts,content-quality-score.csv#place:mendoza
place:mercedes-corrientes,place,/places/mercedes-corrientes,Мерседес (Корриентес),DEEP_REWRITE,P1,unassigned,open,quality=27|duplicate_candidate,src/data/places-seed.ts,content-quality-score.csv#place:mercedes-corrientes
place:merlo,place,/places/merlo,Мерло,DEEP_REWRITE,P1,unassigned,open,quality=27|duplicate_candidate,src/data/places-seed.ts,content-quality-score.csv#place:merlo
place:nahuel-huapi-national-park,place,/places/nahuel-huapi-national-park,Национальный парк Nahuel Huapi,DEEP_REWRITE,P1,unassigned,open,quality=26,src/data/places-seed.ts,content-quality-score.csv#place:nahuel-huapi-national-park
place:necochea,place,/places/necochea,Некочеа,DEEP_REWRITE,P1,unassigned,open,quality=27|duplicate_candidate,src/data/places-seed.ts,content-quality-score.csv#place:necochea
place:neuquen,place,/places/neuquen,Неукен,DEEP_REWRITE,P1,unassigned,open,quality=28|duplicate_candidate,src/data/places-seed.ts,content-quality-score.csv#place:neuquen
place:parana,place,/places/parana,Парана,DEEP_REWRITE,P1,unassigned,open,quality=27|duplicate_candidate,src/data/places-seed.ts,content-quality-score.csv#place:parana
place:parque-nacional-chaco,place,/places/parque-nacional-chaco,Национальный парк Чако,DEEP_REWRITE,P1,unassigned,open,quality=27|duplicate_candidate,src/data/places-seed.ts,content-quality-score.csv#place:parque-nacional-chaco
place:parque-nacional-el-palmar,place,/places/parque-nacional-el-palmar,Национальный парк Эль-Пальмар,DEEP_REWRITE,P1,unassigned,open,quality=27|duplicate_candidate,src/data/places-seed.ts,content-quality-score.csv#place:parque-nacional-el-palmar
place:parque-nacional-rio-pilcomayo,place,/places/parque-nacional-rio-pilcomayo,Национальный парк Рио-Пилькомайо,DEEP_REWRITE,P1,unassigned,open,quality=27|duplicate_candidate,src/data/places-seed.ts,content-quality-score.csv#place:parque-nacional-rio-pilcomayo
place:patagonia-park,place,/places/patagonia-park,Национальный парк Патагония,DEEP_REWRITE,P1,unassigned,open,quality=22|duplicate_candidate,src/data/places-seed.ts,content-quality-score.csv#place:patagonia-park
place:perito-moreno-glacier,place,/places/perito-moreno-glacier,Ледник Перито-Морено,DEEP_REWRITE,P1,unassigned,open,quality=28|duplicate_candidate,src/data/places-seed.ts,content-quality-score.csv#place:perito-moreno-glacier
place:pinamar,place,/places/pinamar,Пинамар,DEEP_REWRITE,P1,unassigned,open,quality=27|duplicate_candidate,src/data/places-seed.ts,content-quality-score.csv#place:pinamar
place:posadas,place,/places/posadas,Посадас,DEEP_REWRITE,P1,unassigned,open,quality=28,src/data/places-seed.ts,content-quality-score.csv#place:posadas
place:potrerillos,place,/places/potrerillos,Potrerillos,DEEP_REWRITE,P1,unassigned,open,quality=27,src/data/places-seed.ts,content-quality-score.csv#place:potrerillos
place:puente-del-inca,place,/places/puente-del-inca,Пуэнте-дель-Инка,DEEP_REWRITE,P1,unassigned,open,quality=28,src/data/places-seed.ts,content-quality-score.csv#place:puente-del-inca
place:puerto-deseado,place,/places/puerto-deseado,Пуэрто-Десеадо,DEEP_REWRITE,P1,unassigned,open,quality=27,src/data/places-seed.ts,content-quality-score.csv#place:puerto-deseado
place:puerto-madryn,place,/places/puerto-madryn,Пуэрто-Мадрин,DEEP_REWRITE,P1,unassigned,open,quality=27|duplicate_candidate,src/data/places-seed.ts,content-quality-score.csv#place:puerto-madryn
place:punta-tombo,place,/places/punta-tombo,Пунта-Томбо,DEEP_REWRITE,P1,unassigned,open,quality=27|duplicate_candidate,src/data/places-seed.ts,content-quality-score.csv#place:punta-tombo
place:purmamarca,place,/places/purmamarca,Пурмамарка,DEEP_REWRITE,P1,unassigned,open,quality=27|duplicate_candidate,src/data/places-seed.ts,content-quality-score.csv#place:purmamarca
place:quebrada-de-humahuaca,place,/places/quebrada-de-humahuaca,Кебрада-де-Умауака,DEEP_REWRITE,P1,unassigned,open,quality=28|duplicate_candidate,src/data/places-seed.ts,content-quality-score.csv#place:quebrada-de-humahuaca
place:quebrada-de-las-conchas,place,/places/quebrada-de-las-conchas,Ущелье Лас-Кончас,DEEP_REWRITE,P1,unassigned,open,quality=28,src/data/places-seed.ts,content-quality-score.csv#place:quebrada-de-las-conchas
place:rio-gallegos,place,/places/rio-gallegos,Рио-Гальегос,DEEP_REWRITE,P1,unassigned,open,quality=28|duplicate_candidate,src/data/places-seed.ts,content-quality-score.csv#place:rio-gallegos
place:rosario,place,/places/rosario,Росарио,DEEP_REWRITE,P1,unassigned,open,quality=28|duplicate_candidate,src/data/places-seed.ts,content-quality-score.csv#place:rosario
place:ruinas-de-quilmes,place,/places/ruinas-de-quilmes,Руины Кильмес,DEEP_REWRITE,P1,unassigned,open,quality=27|duplicate_candidate,src/data/places-seed.ts,content-quality-score.csv#place:ruinas-de-quilmes
place:salinas-grandes,place,/places/salinas-grandes,Салинас-Грандес,DEEP_REWRITE,P1,unassigned,open,quality=28|duplicate_candidate,src/data/places-seed.ts,content-quality-score.csv#place:salinas-grandes
place:salta,place,/places/salta,Сальта,DEEP_REWRITE,P1,unassigned,open,quality=27|duplicate_candidate,src/data/places-seed.ts,content-quality-score.csv#place:salta
place:saltos-del-mocona,place,/places/saltos-del-mocona,Сальтос-дель-Моконá,DEEP_REWRITE,P1,unassigned,open,quality=28|duplicate_candidate,src/data/places-seed.ts,content-quality-score.csv#place:saltos-del-mocona
place:san-antonio-de-areco,place,/places/san-antonio-de-areco,Сан-Антонио-де-Ареко,DEEP_REWRITE,P1,unassigned,open,quality=27,src/data/places-seed.ts,content-quality-score.csv#place:san-antonio-de-areco
place:san-ignacio-mini,place,/places/san-ignacio-mini,Сан-Игнасио-Мини,DEEP_REWRITE,P1,unassigned,open,quality=27|duplicate_candidate,src/data/places-seed.ts,content-quality-score.csv#place:san-ignacio-mini
place:san-juan,place,/places/san-juan,Сан-Хуан,DEEP_REWRITE,P1,unassigned,open,quality=28|duplicate_candidate,src/data/places-seed.ts,content-quality-score.csv#place:san-juan
place:san-luis,place,/places/san-luis,Сан-Луис,DEEP_REWRITE,P1,unassigned,open,quality=27|duplicate_candidate,src/data/places-seed.ts,content-quality-score.csv#place:san-luis
place:san-martin-de-los-andes,place,/places/san-martin-de-los-andes,Сан-Мартин-де-лос-Андес,DEEP_REWRITE,P1,unassigned,open,quality=28|duplicate_candidate,src/data/places-seed.ts,content-quality-score.csv#place:san-martin-de-los-andes
place:san-rafael,place,/places/san-rafael,Сан-Рафаэль,DEEP_REWRITE,P1,unassigned,open,quality=27,src/data/places-seed.ts,content-quality-score.csv#place:san-rafael
place:san-salvador-de-jujuy,place,/places/san-salvador-de-jujuy,Сан-Сальвадор-де-Жужуй,DEEP_REWRITE,P1,unassigned,open,quality=28|duplicate_candidate,src/data/places-seed.ts,content-quality-score.csv#place:san-salvador-de-jujuy
place:santa-fe,place,/places/santa-fe,Санта-Фе,DEEP_REWRITE,P1,unassigned,open,quality=28|duplicate_candidate,src/data/places-seed.ts,content-quality-score.csv#place:santa-fe
place:santa-rosa,place,/places/santa-rosa,Санта-Роса,DEEP_REWRITE,P1,unassigned,open,quality=27|duplicate_candidate,src/data/places-seed.ts,content-quality-score.csv#place:santa-rosa
place:santiago-del-estero,place,/places/santiago-del-estero,Сантьяго-дель-Эстеро,DEEP_REWRITE,P1,unassigned,open,quality=27|duplicate_candidate,src/data/places-seed.ts,content-quality-score.csv#place:santiago-del-estero
place:sierra-de-la-ventana,place,/places/sierra-de-la-ventana,Сьерра-де-ла-Вентана,DEEP_REWRITE,P1,unassigned,open,quality=27|duplicate_candidate,src/data/places-seed.ts,content-quality-score.csv#place:sierra-de-la-ventana
place:sierra-de-las-quijadas,place,/places/sierra-de-las-quijadas,Национальный парк Сьерра-де-лас-Кихадас,DEEP_REWRITE,P1,unassigned,open,quality=27|duplicate_candidate,src/data/places-seed.ts,content-quality-score.csv#place:sierra-de-las-quijadas
place:susques,place,/places/susques,Сускес,DEEP_REWRITE,P1,unassigned,open,quality=23|duplicate_candidate,src/data/places-seed.ts,content-quality-score.csv#place:susques
place:tafi-del-valle,place,/places/tafi-del-valle,Тафи-дель-Валье,DEEP_REWRITE,P1,unassigned,open,quality=28|duplicate_candidate,src/data/places-seed.ts,content-quality-score.csv#place:tafi-del-valle
place:talampaya,place,/places/talampaya,Национальный парк Talampaya,DEEP_REWRITE,P1,unassigned,open,quality=28,src/data/places-seed.ts,content-quality-score.csv#place:talampaya
place:tandil,place,/places/tandil,Тандиль,DEEP_REWRITE,P1,unassigned,open,quality=27|duplicate_candidate,src/data/places-seed.ts,content-quality-score.csv#place:tandil
place:termas-de-rio-hondo,place,/places/termas-de-rio-hondo,Термас-де-Рио-Ондо,DEEP_REWRITE,P1,unassigned,open,quality=27|duplicate_candidate,src/data/places-seed.ts,content-quality-score.csv#place:termas-de-rio-hondo
place:tierra-del-fuego-national-park,place,/places/tierra-del-fuego-national-park,Национальный парк Tierra del Fuego,DEEP_REWRITE,P1,unassigned,open,quality=27,src/data/places-seed.ts,content-quality-score.csv#place:tierra-del-fuego-national-park
place:tilcara,place,/places/tilcara,Тилькара,DEEP_REWRITE,P1,unassigned,open,quality=27,src/data/places-seed.ts,content-quality-score.csv#place:tilcara
place:trelew,place,/places/trelew,Трелью,DEEP_REWRITE,P1,unassigned,open,quality=28,src/data/places-seed.ts,content-quality-score.csv#place:trelew
place:tren-de-las-nubes,place,/places/tren-de-las-nubes,Поезд в облака (Tren a las Nubes),DEEP_REWRITE,P1,unassigned,open,quality=27,src/data/places-seed.ts,content-quality-score.csv#place:tren-de-las-nubes
place:tucuman,place,/places/tucuman,Сан-Мигель-де-Тукуман,DEEP_REWRITE,P1,unassigned,open,quality=27|duplicate_candidate,src/data/places-seed.ts,content-quality-score.csv#place:tucuman
place:uco-valley,place,/places/uco-valley,Valle de Uco,DEEP_REWRITE,P1,unassigned,open,quality=27,src/data/places-seed.ts,content-quality-score.csv#place:uco-valley
place:ushuaia,place,/places/ushuaia,Ушуайя,DEEP_REWRITE,P1,unassigned,open,quality=27|duplicate_candidate,src/data/places-seed.ts,content-quality-score.csv#place:ushuaia
place:valdes-peninsula,place,/places/valdes-peninsula,Полуостров Вальдес,DEEP_REWRITE,P1,unassigned,open,quality=26|duplicate_candidate,src/data/places-seed.ts,content-quality-score.csv#place:valdes-peninsula
place:villa-gesell,place,/places/villa-gesell,Вилья-Хесель,DEEP_REWRITE,P1,unassigned,open,quality=27|duplicate_candidate,src/data/places-seed.ts,content-quality-score.csv#place:villa-gesell
place:villa-la-angostura,place,/places/villa-la-angostura,Вилья-Ла-Ангостура,DEEP_REWRITE,P1,unassigned,open,quality=28|duplicate_candidate,src/data/places-seed.ts,content-quality-score.csv#place:villa-la-angostura
place:villavicencio,place,/places/villavicencio,Вильявисенсио,DEEP_REWRITE,P1,unassigned,open,quality=27|duplicate_candidate,src/data/places-seed.ts,content-quality-score.csv#place:villavicencio
