id,preferred_ru,official_es,common_ru_aliases,latin_aliases,search_aliases,forbidden_variants,pronunciation_note,entity_type,region_id,province,coordinates,source_path,evidence
bahia-blanca,Баия-Бланка,Bahía Blanca,Баия-Бланка|порт Баия-Бланка,Bahía Blanca,Bahía Blanca|Баия-Бланка|порт Баия-Бланка,,,city,buenos-aires-province,Buenos Aires,"-38.7183,-62.2661",content/knowledge-base/goroda/bahia-blanca.md,content/knowledge-base/_index/content.json
banado-la-estrella,Баньядо-ла-Эстрелья,Bañado La Estrella,призрачные болота Формосы,champales|Bañado La Estrella,Bañado La Estrella|champales|призрачные болота Формосы,,,national_park,litoral,Формоса,"-24.35,-60.45",content/knowledge-base/natsionalnye-parki/banado-la-estrella.md,content/knowledge-base/_index/content.json
bariloche,Барилоче,Bariloche,Сан-Карлос-де-Барилоче|аргентинская Швейцария|столица озёрного края,,Bariloche|Сан-Карлос-де-Барилоче|аргентинская Швейцария|столица озёрного края,,,city,patagonia,Рио-Негро,"-41.1335,-71.3103",content/knowledge-base/goroda/bariloche.md,content/knowledge-base/_index/content.json
barreal,Барреаль и Эль-Леонсито,Barreal / El Leoncito,Барреаль|Эль-Леонсито|астротуризм Сан-Хуан,Barreal|Barreal Blanco,Barreal / El Leoncito|Барреаль|Barreal|Эль-Леонсито|Barreal Blanco|астротуризм Сан-Хуан,,,attraction,cuyo,Сан-Хуан,"-31.6333,-69.4667",content/knowledge-base/dostoprimechatelnosti/barreal.md,content/knowledge-base/_index/content.json
reserva-de-biosfera-laguna-blanca,Биосферный заповедник Лагуна-Бланка,Reserva de Biósfera Laguna Blanca,,,Reserva de Biósfera Laguna Blanca,,,attraction,noa,Катамарка,"-26.5902923,-66.9307161",content/knowledge-base/dostoprimechatelnosti/reserva-de-biosfera-laguna-blanca.md,content/knowledge-base/_index/content.json
reserva-de-biosfera-laguna-oca,Биосферный заповедник Лагуна-Ока,Reserva de Biósfera Laguna Oca,,,Reserva de Biósfera Laguna Oca,,,attraction,litoral,Формоса,"-26.218321685643904,-58.17820064444238",content/knowledge-base/dostoprimechatelnosti/reserva-de-biosfera-laguna-oca.md,content/knowledge-base/_index/content.json
reserva-de-biosfera-yaboti,Биосферный заповедник Яботи,Reserva de Biósfera Yabotí,,,Reserva de Biósfera Yabotí,,,attraction,litoral,Мисьонес,"-26.993079572474258,-53.963540781099525",content/knowledge-base/dostoprimechatelnosti/reserva-de-biosfera-yaboti.md,content/knowledge-base/_index/content.json
buenos-aires,Буэнос-Айрес,,БА|Байрес|porteño (житель БА),porteño (житель БА),БА|Байрес|porteño (житель БА),,,city,caba,Buenos Aires (CABA — автономный город),"-34.6037,-58.3816",content/knowledge-base/goroda/buenos-aires.md,content/knowledge-base/_index/content.json
caba,Буэнос-Айрес (CABA),,,,,,,region,,Автономный город Буэнос-Айрес (CABA),"-34.6037,-58.3816",content/knowledge-base/regiony/caba.md,content/knowledge-base/_index/content.json
costa-atlantica-bonaerense,Буэнос-Айрес Atlantic Coast,Costa Atlántica Bonaerense,,,Costa Atlántica Bonaerense,,,attraction,buenos-aires-province,Провинция Буэнос-Айрес,"-37.2017285,-59.84106969999999",content/knowledge-base/dostoprimechatelnosti/costa-atlantica-bonaerense.md,content/knowledge-base/_index/content.json
valle-grande,Валье-Гранде,Valle Grande,,,Valle Grande,,,attraction,cuyo,Мендоса,"-33.0027189,-68.66408609999999",content/knowledge-base/dostoprimechatelnosti/valle-grande.md,content/knowledge-base/_index/content.json
valle-de-uco,Валье-де-Уко,Valle de Uco,долина Уко|винная долина Мендосы|Тупунгато|Тунуян,Valle de Uco,Valle de Uco|долина Уко|винная долина Мендосы|Тупунгато|Тунуян,,,attraction,cuyo,Мендоса,"-33.5833,-69.0167",content/knowledge-base/dostoprimechatelnosti/valle-de-uco.md,content/knowledge-base/_index/content.json
villa-del-carmen-san-luis,Вилья-дель-Кармен,"Villa del Carmen, San Luis",,,"Villa del Carmen, San Luis",,,attraction,cuyo,Сан-Луис,"-32.9403859,-65.03974939999999",content/knowledge-base/dostoprimechatelnosti/villa-del-carmen-san-luis.md,content/knowledge-base/_index/content.json
villa-carlos-paz,Вилья-Карлос-Пас,Villa Carlos Paz,,,Villa Carlos Paz,,,attraction,pampa,Кордова,"-31.418562976404083,-64.49364486635636",content/knowledge-base/dostoprimechatelnosti/villa-carlos-paz.md,content/knowledge-base/_index/content.json
villa-la-angostura,Вилья-Ла-Ангостура,Villa la Angostura,Ангостура|Вижья-Ла-Ангостура (местное произношение),,Villa la Angostura|Ангостура|Вижья-Ла-Ангостура (местное произношение),,,city,patagonia,Неукен,"-40.7553,-71.6514",content/knowledge-base/goroda/villa-la-angostura.md,content/knowledge-base/_index/content.json
villa-la-punta,Вилья-Ла-Пунта,Villa La Punta,,,Villa La Punta,,,attraction,noa,Саньяго-дель-Эстеро,"-28.496133,-64.8581134",content/knowledge-base/dostoprimechatelnosti/villa-la-punta.md,content/knowledge-base/_index/content.json
villa-mercedes-san-luis,Вилья-Мерседес,"Villa Mercedes, San Luis",,,"Villa Mercedes, San Luis",,,attraction,cuyo,Сан-Луис,"-33.6754417,-65.45806879999999",content/knowledge-base/dostoprimechatelnosti/villa-mercedes-san-luis.md,content/knowledge-base/_index/content.json
villa-nougues,Вилья-Нугес,Villa Nougués,,,Villa Nougués,,,attraction,noa,Тукуман,"-26.852262541435387,-65.38011597417338",content/knowledge-base/dostoprimechatelnosti/villa-nougues.md,content/knowledge-base/_index/content.json
villa-ocampo,Вилья-Окампо,Villa Ocampo,,,Villa Ocampo,,,attraction,litoral,Санта-Фе,"-28.4862435,-59.35542470000001",content/knowledge-base/dostoprimechatelnosti/villa-ocampo.md,content/knowledge-base/_index/content.json
villa-paranacito,Вилья-Паранасито,Villa Paranacito,,,Villa Paranacito,,,attraction,litoral,Энтре-Риос,"-33.71404893954857,-58.661033409381965",content/knowledge-base/dostoprimechatelnosti/villa-paranacito.md,content/knowledge-base/_index/content.json
villa-pehuenia,Вилья-Пеуэния,Villa Pehuenia,,,Villa Pehuenia,,,attraction,patagonia,Неукен,"-38.88092,-71.18621",content/knowledge-base/dostoprimechatelnosti/villa-pehuenia.md,content/knowledge-base/_index/content.json
villa-regina,Вилья-Регина,Villa Regina,,,Villa Regina,,,attraction,patagonia,Рио-Негро,"-39.08469134714429,-67.07788038727072",content/knowledge-base/dostoprimechatelnosti/villa-regina.md,content/knowledge-base/_index/content.json
villa-rio-bermejito,Вилья-Рио-Бермехито,Villa Río Bermejito,,,Villa Río Bermejito,,,attraction,litoral,Чако,"-25.6406078,-60.26365249999999",content/knowledge-base/dostoprimechatelnosti/villa-rio-bermejito.md,content/knowledge-base/_index/content.json
villa-general-belgrano,Вилья-Хенераль-Бельграно,Villa General Belgrano,,,Villa General Belgrano,,,attraction,pampa,Кордова,"-31.97766519999999,-64.5594102",content/knowledge-base/dostoprimechatelnosti/villa-general-belgrano.md,content/knowledge-base/_index/content.json
villa-gesell,Вилья-Хесель,Villa Gesell,Гесель,Villa Gesell,Villa Gesell|Гесель,,,city,buenos-aires-province,Buenos Aires,"-37.2599,-56.9714",content/knowledge-base/goroda/villa-gesell.md,content/knowledge-base/_index/content.json
villavicencio,Вильявисенсио,Villavicencio,Вильявисенсио|заповедник Вильявисенсио,Villavicencio|Caracoles,Villavicencio|Вильявисенсио|заповедник Вильявисенсио|Caracoles,,,attraction,cuyo,Мендоса,"-32.5333,-68.9833",content/knowledge-base/dostoprimechatelnosti/villavicencio.md,content/knowledge-base/_index/content.json
vinos-del-valle-patagonico,Вина патагонских долин,Vinos del valle patagónico,,,Vinos del valle patagónico,,,attraction,pampa,Ла-Пампа,"-38.99637041950029,-65.76514630461745",content/knowledge-base/dostoprimechatelnosti/vinos-del-valle-patagonico.md,content/knowledge-base/_index/content.json
el-vino-malbec,Вино мальбек,El Vino Malbec,,,El Vino Malbec,,,attraction,cuyo,Мендоса,"-32.8894587,-68.8458386",content/knowledge-base/dostoprimechatelnosti/el-vino-malbec.md,content/knowledge-base/_index/content.json
cascada-del-rio-noque,Водопад на реке Ноке,Cascada del Río Noque,,,Cascada del Río Noque,,,attraction,noa,Тукуман,"-26.784014891401895,-65.39259719614867",content/knowledge-base/dostoprimechatelnosti/cascada-del-rio-noque.md,content/knowledge-base/_index/content.json
cascada-chachin,Водопад Чачин,Cascada Chachín,,,Cascada Chachín,,,attraction,patagonia,Неукен,"-39.790502,-71.21773209999999",content/knowledge-base/dostoprimechatelnosti/cascada-chachin.md,content/knowledge-base/_index/content.json
cascadas-santa-ana-y-dora,Водопады Санта-Ана и Дора,Cascadas Santa Ana y Dora,,,Cascadas Santa Ana y Dora,,,attraction,patagonia,Неукен,"-40.7627426,-71.6417984",content/knowledge-base/dostoprimechatelnosti/cascadas-santa-ana-y-dora.md,content/knowledge-base/_index/content.json
volcan-malacara,Вулкан Малакара,Volcán Malacara,,,Volcán Malacara,,,attraction,cuyo,Мендоса,"-35.7718453,-69.4754975",content/knowledge-base/dostoprimechatelnosti/volcan-malacara.md,content/knowledge-base/_index/content.json
el-gaucho,Гаучо,El Gaucho,,,El Gaucho,,,attraction,buenos-aires-province,Провинция Буэнос-Айрес,"-34.2319271346903,-59.45522190923206",content/knowledge-base/dostoprimechatelnosti/el-gaucho.md,content/knowledge-base/_index/content.json
ciudad-de-san-juan,Город Сан-Хуан,Ciudad de San Juan,,,Ciudad de San Juan,,,attraction,cuyo,Сан-Хуан,"-31.5351074,-68.5385941",content/knowledge-base/dostoprimechatelnosti/ciudad-de-san-juan.md,content/knowledge-base/_index/content.json
ciudad-de-santa-fe,Город Санта-Фе,Ciudad de Santa Fe,,,Ciudad de Santa Fe,,,attraction,litoral,Санта-Фе,"-31.6106578,-60.697294",content/knowledge-base/dostoprimechatelnosti/ciudad-de-santa-fe.md,content/knowledge-base/_index/content.json
ciudad-de-formosa,Город Формоса,Ciudad de Formosa,,,Ciudad de Formosa,,,attraction,litoral,Формоса,"-26.1857768,-58.1755669",content/knowledge-base/dostoprimechatelnosti/ciudad-de-formosa.md,content/knowledge-base/_index/content.json
ciudad-de-corrientes,Город Corrientes,Ciudad de Corrientes,,,Ciudad de Corrientes,,,attraction,litoral,Корриентес,"-27.46849559527569,-58.82772033600126",content/knowledge-base/dostoprimechatelnosti/ciudad-de-corrientes.md,content/knowledge-base/_index/content.json
ciudad-de-salta,Город Salta,Ciudad de Salta,,,Ciudad de Salta,,,attraction,noa,Сальта,"-24.7821269,-65.4231976",content/knowledge-base/dostoprimechatelnosti/ciudad-de-salta.md,content/knowledge-base/_index/content.json
pueblos-de-la-provincia-de-buenos-aires,Городки провинции Буэнос-Айрес,Pueblos de la provincia de Buenos Aires,,,Pueblos de la provincia de Buenos Aires,,,attraction,buenos-aires-province,Провинция Буэнос-Айрес,"-36.49277795519719,-60.335113672658146",content/knowledge-base/dostoprimechatelnosti/pueblos-de-la-provincia-de-buenos-aires.md,content/knowledge-base/_index/content.json
valle-de-punilla-cordoba,Долина Пунилья,"Valle de Punilla, Córdoba",,,"Valle de Punilla, Córdoba",,,attraction,pampa,Кордова,"-31.02729450845645,-64.48062697393729",content/knowledge-base/dostoprimechatelnosti/valle-de-punilla-cordoba.md,content/knowledge-base/_index/content.json
valle-de-traslasierra,Долина Траслассьерра,Valle de Traslasierra,,,Valle de Traslasierra,,,attraction,pampa,Кордова,"-31.720975734111853,-65.00380774630223",content/knowledge-base/dostoprimechatelnosti/valle-de-traslasierra.md,content/knowledge-base/_index/content.json
los-valles-calchaquies,Долины Кальчаки,Los Valles Calchaquíes,,,Los Valles Calchaquíes,,,attraction,noa,Сальта,"-24.691906973944263,-65.54498201052523",content/knowledge-base/dostoprimechatelnosti/los-valles-calchaquies.md,content/knowledge-base/_index/content.json
dunas-de-taton,Дюны Татон,Dunas de Tatón,,,Dunas de Tatón,,,attraction,noa,Катамарка,"-27.346484610015473,-67.58117154038504",content/knowledge-base/dostoprimechatelnosti/dunas-de-taton.md,content/knowledge-base/_index/content.json
colonias-judias-en-santa-fe,Еврейские колонии в Санта-Фе,Colonias judías en Santa Fe,,,Colonias judías en Santa Fe,,,attraction,litoral,Санта-Фе,"-38.4161,-63.6167",content/knowledge-base/dostoprimechatelnosti/colonias-judias-en-santa-fe.md,content/knowledge-base/_index/content.json
pueblos-pintorescos-de-cordoba,Живописные городки Кордовы,Pueblos pintorescos de Córdoba,,,Pueblos pintorescos de Córdoba,,,attraction,pampa,Кордова,"-31.98001610973557,-64.49772954485817",content/knowledge-base/dostoprimechatelnosti/pueblos-pintorescos-de-cordoba.md,content/knowledge-base/_index/content.json
valle-encantado,Заколдованная долина,Valle Encantado,,,Valle Encantado,,,attraction,patagonia,Неукен,"-40.472703579940394,-71.010498828125",content/knowledge-base/dostoprimechatelnosti/valle-encantado.md,content/knowledge-base/_index/content.json
reserva-costa-atlantica-tierra-del-fuego,Заповедник атлантического побережья Огненной Земли,Reserva Costa Atlántica Tierra del Fuego,,,Reserva Costa Atlántica Tierra del Fuego,,,attraction,tierra-del-fuego,Огненная Земля,"-53.33218674310725,-68.49827974217635",content/knowledge-base/dostoprimechatelnosti/reserva-costa-atlantica-tierra-del-fuego.md,content/knowledge-base/_index/content.json
kaminito-la-boka,Каминито и квартал Ла-Бока,"Caminito, La Boca",Эль-Каминито|разноцветная улица Ла-Бока,,"Caminito, La Boca|Эль-Каминито|разноцветная улица Ла-Бока",,,attraction,caba,Buenos Aires (CABA),"-34.6345,-58.3631",content/knowledge-base/dostoprimechatelnosti/kaminito-la-boka.md,content/knowledge-base/_index/content.json
casa-historica-tucuman,Каса-Историка-де-ла-Индепенденсия,Casa Histórica de la Independencia,Дом Тукумана|Дом Независимости,Casa de Tucumán,Casa Histórica de la Independencia|Дом Тукумана|Дом Независимости|Casa de Tucumán,,,attraction,noa,Тукуман,"-26.8285,-65.2057",content/knowledge-base/dostoprimechatelnosti/casa-historica-tucuman.md,content/knowledge-base/_index/content.json
catamarca,Катамарка,San Fernando del Valle de Catamarca,Сан-Фернандо-дель-Валье-де-Катамарка,,San Fernando del Valle de Catamarca|Сан-Фернандо-дель-Валье-де-Катамарка,,,city,noa,Катамарка,"-28.4696,-65.7852",content/knowledge-base/goroda/catamarca.md,content/knowledge-base/_index/content.json
cafayate,Кафайяте,Cafayate,,,Cafayate,,,city,noa,Сальта,"-26.0833,-65.9667",content/knowledge-base/goroda/cafayate.md,content/knowledge-base/_index/content.json
kachi,Качи,Cachi,Качи в Кальчакских долинах,Cachi,Cachi|Качи в Кальчакских долинах,,,attraction,noa,Сальта,"-25.1206,-66.1614",content/knowledge-base/dostoprimechatelnosti/kachi.md,content/knowledge-base/_index/content.json
quebrada-de-las-flechas,Кебрада-де-лас-Флечас,Quebrada de las Flechas,,,Quebrada de las Flechas,,,attraction,noa,Сальта,"-25.702454379848405,-66.14145924173769",content/knowledge-base/dostoprimechatelnosti/quebrada-de-las-flechas.md,content/knowledge-base/_index/content.json
quebrada-de-humahuaca,Кебрада-де-Умауака,Quebrada de Humahuaca,ущелье Умауака|долина|где Бог рисовал мир,,Quebrada de Humahuaca|ущелье Умауака|долина|где Бог рисовал мир,,,attraction,noa,Жужуй,"-23.1894,-65.3505",content/knowledge-base/dostoprimechatelnosti/quebrada-de-humahuaca.md,content/knowledge-base/_index/content.json
kladbische-recoleta,Кладбище Реколета,Cementerio de la Recoleta,Ла Реколета|город мёртвых|некрополь Реколеты,,Cementerio de la Recoleta|Ла Реколета|город мёртвых|некрополь Реколеты,,,attraction,caba,Buenos Aires (CABA),"-34.5875,-58.3931",content/knowledge-base/dostoprimechatelnosti/kladbische-recoleta.md,content/knowledge-base/_index/content.json
colon-entre-rios,Колон,Colón (Entre Ríos),Колон|Колон Энтре-Риос|термы Колон,Colón,Colón (Entre Ríos)|Колон|Colón|Колон Энтре-Риос|термы Колон,,,city,litoral,Энтре-Риос,"-32.2236,-58.144",content/knowledge-base/goroda/colon-entre-rios.md,content/knowledge-base/_index/content.json
colonia-carlos-pellegrini,Колония-Карлос-Пеллегрини,Colonia Carlos Pellegrini,,,Colonia Carlos Pellegrini,,,attraction,litoral,Корриентес,"-28.5360526,-57.1734556",content/knowledge-base/dostoprimechatelnosti/colonia-carlos-pellegrini.md,content/knowledge-base/_index/content.json
colonia-suiza,Колония-Суиса,Colonia Suiza,,,Colonia Suiza,,,attraction,patagonia,Рио-Негро,"-41.098147931789754,-71.52213327279662",content/knowledge-base/dostoprimechatelnosti/colonia-suiza.md,content/knowledge-base/_index/content.json
kordova,Кордова,Córdoba,Ла Докта (La Docta),Ла Докта (La Docta),Córdoba|Ла Докта (La Docta),,,city,pampa,Кордова,"-31.4201,-64.1888",content/knowledge-base/goroda/kordova.md,content/knowledge-base/_index/content.json
korrientes,Корриентес,Corrientes,,Siete Corrientes|Ciudad de Vera|Capital Nacional del Carnaval,Corrientes|Siete Corrientes|Ciudad de Vera|Capital Nacional del Carnaval,,,city,litoral,Корриентес,"-27.4691,-58.8306",content/knowledge-base/goroda/korrientes.md,content/knowledge-base/_index/content.json
cuyo,Куйо,,,,,,,region,,"Мендоса, Сан-Хуан, Ла-Риоха, Сан-Луис","-32.5,-68.8",content/knowledge-base/regiony/cuyo.md,content/knowledge-base/_index/content.json
el-curanto,Куранто,El curanto,,,El curanto,,,attraction,patagonia,Рио-Негро,"-41.02047455199098,-69.2856453125",content/knowledge-base/dostoprimechatelnosti/el-curanto.md,content/knowledge-base/_index/content.json
gastronomia-portena,Кухня Буэнос-Айреса,Gastronomía porteña,,,Gastronomía porteña,,,attraction,caba,CABA,"-34.577454300849524,-58.416365282392675",content/knowledge-base/dostoprimechatelnosti/gastronomia-portena.md,content/knowledge-base/_index/content.json
cueva-de-las-manos,Куэва-де-лас-Манос (Пещера рук),Cueva de las Manos,Пещера рук|Куэва-де-лас-Манос|наскальная живопись Патагонии,Cueva de las Manos,Cueva de las Manos|Пещера рук|Куэва-де-лас-Манос|наскальная живопись Патагонии,,,attraction,patagonia,Санта-Крус,"-47.1556,-70.6583",content/knowledge-base/dostoprimechatelnosti/cueva-de-las-manos.md,content/knowledge-base/_index/content.json
la-aripuca,Ла-Арипука,La Aripuca,,,La Aripuca,,,attraction,litoral,Мисьонес,"-25.619293796023054,-54.55820746260684",content/knowledge-base/dostoprimechatelnosti/la-aripuca.md,content/knowledge-base/_index/content.json
la-cumbrecita,Ла-Кумбресита и Сьерры Кордовы,La Cumbrecita,немецкая деревня Кордовы|Сьерры Кордовы,La Cumbrecita,La Cumbrecita|немецкая деревня Кордовы|Сьерры Кордовы,,,attraction,pampa,Кордова,"-31.8992,-64.7717",content/knowledge-base/dostoprimechatelnosti/la-cumbrecita.md,content/knowledge-base/_index/content.json
la-plata,Ла-Плата,La Plata,Ciudad de las Diagonales (Город диагоналей — неформальное прозвище),Ciudad de las Diagonales (Город диагоналей — неформальное прозвище),La Plata|Ciudad de las Diagonales (Город диагоналей — неформальное прозвище),,,city,buenos-aires-province,Buenos Aires,"-34.9215,-57.9545",content/knowledge-base/goroda/la-plata.md,content/knowledge-base/_index/content.json
la-rioja,Ла-Риоха,La Rioja,,Ciudad de Todos los Santos de la Nueva Rioja,La Rioja|Ciudad de Todos los Santos de la Nueva Rioja,,,city,cuyo,Ла-Риоха,"-29.4131,-66.8558",content/knowledge-base/goroda/la-rioja.md,content/knowledge-base/_index/content.json
la-rioja-off-road,Ла-Риоха: бездорожье,La Rioja off road,,,La Rioja off road,,,attraction,noa,Ла-Риоха,"-29.4134538,-66.8564579",content/knowledge-base/dostoprimechatelnosti/la-rioja-off-road.md,content/knowledge-base/_index/content.json
lago-del-desierto,Лаго-дель-Десьерто,Lago del Desierto,,,Lago del Desierto,,,attraction,patagonia,Санта-Крус,"-49.037102822510825,-72.85345537109374",content/knowledge-base/dostoprimechatelnosti/lago-del-desierto.md,content/knowledge-base/_index/content.json
laguna-de-mar-chiquita,Лагуна Мар-Чикита,Laguna de Mar Chiquita,,,Laguna de Mar Chiquita,,,attraction,pampa,Кордова,"-30.88552766075526,-62.66172169404658",content/knowledge-base/dostoprimechatelnosti/laguna-de-mar-chiquita.md,content/knowledge-base/_index/content.json
laguna-melincue,Лагуна Мелинкуэ,Laguna Melincué,,,Laguna Melincué,,,attraction,litoral,Санта-Фе,"-33.6592848,-61.457823",content/knowledge-base/dostoprimechatelnosti/laguna-melincue.md,content/knowledge-base/_index/content.json
laguna-esmeralda,Лагуна Эсмеральда,Laguna Esmeralda,,,Laguna Esmeralda,,,attraction,tierra-del-fuego,Огненная Земля,"-54.8433094,-68.5540865",content/knowledge-base/dostoprimechatelnosti/laguna-esmeralda.md,content/knowledge-base/_index/content.json
las-lenas,Лас-Леньяс,Las Leñas,Лас-Леньяс|горнолыжный курорт Мендосы,Las Leñas,Las Leñas|Лас-Леньяс|горнолыжный курорт Мендосы,,,attraction,cuyo,Мендоса,"-35.15,-70.05",content/knowledge-base/dostoprimechatelnosti/las-lenas.md,content/knowledge-base/_index/content.json
la-mitica-ruta-40,Легендарная Рута 40,La mítica Ruta 40,,,La mítica Ruta 40,,,attraction,patagonia,Рио-Негро,"-41.56552198324911,-71.45285202776672",content/knowledge-base/dostoprimechatelnosti/la-mitica-ruta-40.md,content/knowledge-base/_index/content.json
glaciar-ojo-del-albino,Ледник Охо-дель-Альбино,Glaciar Ojo del Albino,,,Glaciar Ojo del Albino,,,attraction,tierra-del-fuego,Огненная Земля,"-54.739059,-68.32939420000001",content/knowledge-base/dostoprimechatelnosti/glaciar-ojo-del-albino.md,content/knowledge-base/_index/content.json
perito-moreno,Ледник Перито-Морено,Glaciar Perito Moreno,Перито Морено|ледник Перито-Морено,Perito Moreno,Glaciar Perito Moreno|Perito Moreno|Перито Морено|ледник Перито-Морено,,,attraction,patagonia,Санта-Крус,"-50.4956,-73.1378",content/knowledge-base/dostoprimechatelnosti/perito-moreno.md,content/knowledge-base/_index/content.json
glaciar-huemul,Ледник Уэмуль,Glaciar Huemul,,,Glaciar Huemul,,,attraction,patagonia,Санта-Крус,"-49.07085218921375,-72.90907365722656",content/knowledge-base/dostoprimechatelnosti/glaciar-huemul.md,content/knowledge-base/_index/content.json
litoral,Литораль (Северо-Восток / Месопотамия),,,,,,,region,,"Мисьонес, Корриентес, Энтре-Риос, Формоса, Чако","-27.5,-56.5",content/knowledge-base/regiony/litoral.md,content/knowledge-base/_index/content.json
los-gigantes,Лос-Хигантес,Los Gigantes,,,Los Gigantes,,,attraction,pampa,Кордова,"-31.3949391,-64.7800328",content/knowledge-base/dostoprimechatelnosti/los-gigantes.md,content/knowledge-base/_index/content.json
valle-de-la-luna-de-cusi-cusi,Лунная долина Куси-Куси,Valle de la Luna de Cusi Cusi,,,Valle de la Luna de Cusi Cusi,,,attraction,noa,Жужуй,"-22.347167477752063,-66.46683832159178",content/knowledge-base/dostoprimechatelnosti/valle-de-la-luna-de-cusi-cusi.md,content/knowledge-base/_index/content.json
lujan,Лухан,Luján,Лухан|Базилика Лухан|Дева Лухан,Luján,Luján|Лухан|Базилика Лухан|Дева Лухан,,,city,buenos-aires-province,Buenos Aires,"-34.5703,-59.105",content/knowledge-base/goroda/lujan.md,content/knowledge-base/_index/content.json
mar-de-las-pampas,Мар-де-лас-Пампас,Mar de las Pampas,Мар-де-лас-Пампас|лесной курорт|тихий пляж Хесель,Mar de las Pampas,Mar de las Pampas|Мар-де-лас-Пампас|лесной курорт|тихий пляж Хесель,,,attraction,buenos-aires-province,Buenos Aires,"-37.3167,-57",content/knowledge-base/dostoprimechatelnosti/mar-de-las-pampas.md,content/knowledge-base/_index/content.json
mar-del-plata,Мар-дель-Плата,Mar del Plata,Ла-Феліз (La Feliz)|МДП (разговорное сокращение),Ла-Феліз (La Feliz),Mar del Plata|Ла-Феліз (La Feliz)|МДП (разговорное сокращение),,,city,buenos-aires-province,Buenos Aires,"-38.0055,-57.5426",content/knowledge-base/goroda/mar-del-plata.md,content/knowledge-base/_index/content.json
el-mate,Мате,El Mate,,,El Mate,,,attraction,litoral,Мисьонес,"-37.130925204855515,-65.3305671875",content/knowledge-base/dostoprimechatelnosti/el-mate.md,content/knowledge-base/_index/content.json
mendoza,Мендоса,Valle de Uco,винная столица Аргентины,,Valle de Uco|винная столица Аргентины,,,city,cuyo,Мендоса,"-32.8895,-68.8458",content/knowledge-base/goroda/mendoza.md,content/knowledge-base/_index/content.json
mendoza-best-of-wine-tourism,"Мендоса, Best of wine tourism","Mendoza, Best of wine tourism",,,"Mendoza, Best of wine tourism",,,attraction,cuyo,Мендоса,"-32.8894587,-68.8458386",content/knowledge-base/dostoprimechatelnosti/mendoza-best-of-wine-tourism.md,content/knowledge-base/_index/content.json
merlo,Мерло,Villa de Merlo,Мерло|Вилья-де-Мерло|Сан-Луис курорт,Villa de Merlo,Villa de Merlo|Мерло|Вилья-де-Мерло|Сан-Луис курорт,,,city,cuyo,Сан-Луис,"-32.345,-65.0139",content/knowledge-base/goroda/merlo.md,content/knowledge-base/_index/content.json
mercedes-corrientes,Мерседес (Корриентес),Mercedes (Corrientes),Мерседес|ворота Иберá|Гаучито-Хиль Мерседес,Mercedes Corrientes|ворота Иберá,Mercedes (Corrientes)|Мерседес|Mercedes Corrientes|ворота Иберá|Гаучито-Хиль Мерседес,,,city,litoral,Корриентес,"-29.1833,-58.0833",content/knowledge-base/goroda/mercedes-corrientes.md,content/knowledge-base/_index/content.json
museos-de-buenos-aires,Музеи Буэнос-Айреса,Museos de Buenos Aires,,,Museos de Buenos Aires,,,attraction,caba,CABA,"-34.604614241280295,-58.37239366382491",content/knowledge-base/dostoprimechatelnosti/museos-de-buenos-aires.md,content/knowledge-base/_index/content.json
avistaje-de-aves-en-la-pampa,Наблюдение за птицами в Ла-Пампа,Avistaje de aves en La Pampa,,,Avistaje de aves en La Pampa,,,attraction,pampa,Ла-Пампа,"-36.86344070239784,-65.33158105910096",content/knowledge-base/dostoprimechatelnosti/avistaje-de-aves-en-la-pampa.md,content/knowledge-base/_index/content.json
parque-nacional-aconquija,Национальный парк Аконкиха,Parque Nacional Aconquija,,,Parque Nacional Aconquija,,,national_park,noa,Тукуман,"-27.281129939539788,-65.87576903496198",content/knowledge-base/natsionalnye-parki/parque-nacional-aconquija.md,content/knowledge-base/_index/content.json
parque-nacional-baritu,Национальный парк Баритý,Parque Nacional Baritú,,,Parque Nacional Baritú,,,national_park,noa,Сальта,"-22.4463542,-64.6663068",content/knowledge-base/natsionalnye-parki/parque-nacional-baritu.md,content/knowledge-base/_index/content.json
ibera,Национальный парк Ибера,Parque Nacional Iberá,болота Эстерос-дель-Ибера|Карлос-Пельегрини,Iberá,Parque Nacional Iberá|болота Эстерос-дель-Ибера|Карлос-Пельегрини|Iberá,,,national_park,litoral,Корриентес,"-28.5333,-57.1667",content/knowledge-base/natsionalnye-parki/ibera.md,content/knowledge-base/_index/content.json
iguasu,Национальный парк Игуасу,Cataratas del Iguazú,водопады Игуасу,Cataratas del Iguazú,Cataratas del Iguazú|водопады Игуасу,,,national_park,litoral,Мисьонес,"-25.6916,-54.4367",content/knowledge-base/natsionalnye-parki/iguasu.md,content/knowledge-base/_index/content.json
parque-nacional-iguazu-patrimonio-de-la-humanidad,национальный парк Игуасу: Patrimonio de la Humanidad,Parque Nacional Iguazú: Patrimonio de la Humanidad,,,Parque Nacional Iguazú: Patrimonio de la Humanidad,,,national_park,litoral,Мисьонес,"-25.65395363644159,-54.54844202689093",content/knowledge-base/natsionalnye-parki/parque-nacional-iguazu-patrimonio-de-la-humanidad.md,content/knowledge-base/_index/content.json
parque-nacional-calilegua,Национальный парк Калилегуа,Parque Nacional Calilegua,,,Parque Nacional Calilegua,,,national_park,noa,Жужуй,"-23.66968188094229,-64.8687744140625",content/knowledge-base/natsionalnye-parki/parque-nacional-calilegua.md,content/knowledge-base/_index/content.json
parque-nacional-campos-del-tuyu,Национальный парк Кампос-дель-Тую,Parque Nacional Campos del Tuyú,,,Parque Nacional Campos del Tuyú,,,national_park,buenos-aires-province,Провинция Буэнос-Айрес,"-36.35595977859673,-56.90808425079761",content/knowledge-base/natsionalnye-parki/parque-nacional-campos-del-tuyu.md,content/knowledge-base/_index/content.json
parque-nacional-copo,Национальный парк Копо,Parque Nacional Copo,,,Parque Nacional Copo,,,national_park,noa,Сантьяго-дель-Эстеро,"-26.1323576,-62.06040549999999",content/knowledge-base/natsionalnye-parki/parque-nacional-copo.md,content/knowledge-base/_index/content.json
parque-nacional-lago-puelo,Национальный парк Лаго-Пуэло,Parque Nacional Lago Puelo,,,Parque Nacional Lago Puelo,,,national_park,patagonia,Чубут,"-42.086805934757415,-71.6222220757162",content/knowledge-base/natsionalnye-parki/parque-nacional-lago-puelo.md,content/knowledge-base/_index/content.json
lanin,Национальный парк Ланин,Parque Nacional Lanín,вулкан Ланин|Сан-Мартин-де-лос-Андес|араукарии,,Parque Nacional Lanín|вулкан Ланин|Сан-Мартин-де-лос-Андес|араукарии,,,national_park,patagonia,Неукен,"-39.6378,-71.5006",content/knowledge-base/natsionalnye-parki/lanin.md,content/knowledge-base/_index/content.json
lihue-calel,Национальный парк Лиуэ-Калель,Parque Nacional Lihué Calel,Лихуэ-Калель|Lihuel Calel (историческое написание),Lihuel Calel (историческое написание),Parque Nacional Lihué Calel|Лихуэ-Калель|Lihuel Calel (историческое написание),,,national_park,pampa,Ла-Пампа,"-37.9833,-65.5833",content/knowledge-base/natsionalnye-parki/lihue-calel.md,content/knowledge-base/_index/content.json
los-alerces,Национальный парк Лос-Алерсес,Parque Nacional Los Alerces,Эль-Абуэло|озеро Футалауфкен|Эскель,,Parque Nacional Los Alerces|Эль-Абуэло|озеро Футалауфкен|Эскель,,,national_park,patagonia,Чубут,"-42.8667,-71.6167",content/knowledge-base/natsionalnye-parki/los-alerces.md,content/knowledge-base/_index/content.json
parque-nacional-los-arrayanes,Национальный парк Лос-Арраянес,Parque Nacional Los Arrayanes,,,Parque Nacional Los Arrayanes,,,national_park,patagonia,Неукен,"-40.80771419679776,-71.6456779404544",content/knowledge-base/natsionalnye-parki/parque-nacional-los-arrayanes.md,content/knowledge-base/_index/content.json
los-glasiares,Национальный парк Лос-Гласьярес,Parque Nacional Los Glaciares,ледник Перито-Морено|Эль-Чальтен,Glaciar Perito Moreno,Parque Nacional Los Glaciares|ледник Перито-Морено|Glaciar Perito Moreno|Эль-Чальтен,,,national_park,patagonia,Санта-Крус,"-50.4967,-73.0333",content/knowledge-base/natsionalnye-parki/los-glasiares.md,content/knowledge-base/_index/content.json
los-cardones,Национальный парк Лос-Кардонес,Parque Nacional Los Cardones,кактусы кардон|Куэста-дель-Обиспо|Прямая Тин-Тин,,Parque Nacional Los Cardones|кактусы кардон|Куэста-дель-Обиспо|Прямая Тин-Тин,,,national_park,noa,Сальта,"-25.13,-66.13",content/knowledge-base/natsionalnye-parki/los-cardones.md,content/knowledge-base/_index/content.json
nauel-uapi,Национальный парк Науэль-Уапи,Parque Nacional Nahuel Huapi,Барилоче|озеро Науэль-Уапи,Circuito Chico,Parque Nacional Nahuel Huapi|Барилоче|озеро Науэль-Уапи|Circuito Chico,,,national_park,patagonia,Рио-Негро / Неукен,"-41.0772,-71.4561",content/knowledge-base/natsionalnye-parki/nauel-uapi.md,content/knowledge-base/_index/content.json
parque-nacional-tierra-del-fuego,национальный парк Огненная Земля,Parque Nacional Tierra del Fuego,,,Parque Nacional Tierra del Fuego,,,national_park,tierra-del-fuego,Огненная Земля,"-54.841904762215165,-68.55441815467337",content/knowledge-base/natsionalnye-parki/parque-nacional-tierra-del-fuego.md,content/knowledge-base/_index/content.json
ognennaya-zemlya,Национальный парк Огненная Земля,Parque Nacional Tierra del Fuego,Ушуайя|край света|Лапатайя,,Parque Nacional Tierra del Fuego|Ушуайя|край света|Лапатайя,,,national_park,tierra-del-fuego,"Огненная Земля, Антарктида и острова Южной Атлантики","-54.8456,-68.5739",content/knowledge-base/natsionalnye-parki/ognennaya-zemlya.md,content/knowledge-base/_index/content.json
bosque-petrificado,Национальный парк Окаменевшие леса Харамільо,Parque Nacional Bosques Petrificados de Jaramillo,Окаменевший лес|Окаменевшие леса,Bosques Petrificados|petrified forest Argentina,Parque Nacional Bosques Petrificados de Jaramillo|Окаменевший лес|Окаменевшие леса|Bosques Petrificados|petrified forest Argentina,,,national_park,patagonia,Санта-Крус,"-47.6667,-67.7833",content/knowledge-base/natsionalnye-parki/bosque-petrificado.md,content/knowledge-base/_index/content.json
patagonia-park,Национальный парк Патагония,Parque Nacional Patagonia,парк Патагония Санта-Крус|Ла-Асенсьон,,Parque Nacional Patagonia|парк Патагония Санта-Крус|Ла-Асенсьон,,,national_park,patagonia,Санта-Крус,"-46.6,-71.45",content/knowledge-base/natsionalnye-parki/patagonia-park.md,content/knowledge-base/_index/content.json
parque-nacional-perito-moreno,Национальный парк Перито-Морено,Parque Nacional Perito Moreno,,,Parque Nacional Perito Moreno,,,national_park,patagonia,Санта-Крус,"-47.84716254345663,-72.01347276161144",content/knowledge-base/natsionalnye-parki/parque-nacional-perito-moreno.md,content/knowledge-base/_index/content.json
parque-nacional-pre-delta,Национальный парк Пре-Дельта,Parque Nacional Pre Delta,,,Parque Nacional Pre Delta,,,national_park,litoral,Энтре-Риос,"-32.1150013869307,-60.64342673003389",content/knowledge-base/natsionalnye-parki/parque-nacional-pre-delta.md,content/knowledge-base/_index/content.json
parque-nacional-rio-pilcomayo,Национальный парк Рио-Пилькомайо,Parque Nacional Río Pilcomayo,Рио-Пилькомайо,Río Pilcomayo,Parque Nacional Río Pilcomayo|Рио-Пилькомайо|Río Pilcomayo,,,national_park,litoral,Формоса,"-25.0667,-58.1167",content/knowledge-base/natsionalnye-parki/parque-nacional-rio-pilcomayo.md,content/knowledge-base/_index/content.json
parque-nacional-ciervo-de-los-pantanos,Национальный парк Сьерво-де-лос-Пантанос,Parque Nacional Ciervo de los Pantanos,,,Parque Nacional Ciervo de los Pantanos,,,national_park,buenos-aires-province,Провинция Буэнос-Айрес,"-34.22093807134319,-58.89809126595633",content/knowledge-base/natsionalnye-parki/parque-nacional-ciervo-de-los-pantanos.md,content/knowledge-base/_index/content.json
sierra-de-las-quijadas,Национальный парк Сьерра-де-лас-Кихадас,Sierra de las Quijadas,Сьерра-де-лас-Кихадас,,Sierra de las Quijadas|Сьерра-де-лас-Кихадас,,,national_park,cuyo,Сан-Луис,"-32.55,-67.35",content/knowledge-base/natsionalnye-parki/sierra-de-las-quijadas.md,content/knowledge-base/_index/content.json
talampaya,Национальный парк Талампая,Parque Nacional Talampaya,красный каньон Ла-Риохи,Talampaya,Parque Nacional Talampaya|красный каньон Ла-Риохи|Talampaya,,,national_park,cuyo,Ла-Риоха,"-29.7639,-67.8347",content/knowledge-base/natsionalnye-parki/talampaya.md,content/knowledge-base/_index/content.json
parque-nacional-chaco,Национальный парк Чако,Parque Nacional Chaco,,Parque Nacional Chaco|PN Chaco,Parque Nacional Chaco|PN Chaco,,,national_park,litoral,Чако,"-26.8167,-59.6167",content/knowledge-base/natsionalnye-parki/parque-nacional-chaco.md,content/knowledge-base/_index/content.json
parque-nacional-el-palmar,Национальный парк Эль-Пальмар,Parque Nacional El Palmar,Эль-Пальмар,El Palmar,Parque Nacional El Palmar|Эль-Пальмар|El Palmar,,,national_park,litoral,Энтре-Риос,"-31.8667,-58.2667",content/knowledge-base/natsionalnye-parki/parque-nacional-el-palmar.md,content/knowledge-base/_index/content.json
parque-nacional-el-rey,Национальный парк Эль-Рей,Parque Nacional El Rey,,,Parque Nacional El Rey,,,national_park,noa,Сальта,"-24.8174308,-65.4343252",content/knowledge-base/natsionalnye-parki/parque-nacional-el-rey.md,content/knowledge-base/_index/content.json
parque-nacional-bosques-petrificados,национальный парк Bosques Petrificados,Parque Nacional Bosques Petrificados,,,Parque Nacional Bosques Petrificados,,,national_park,patagonia,Санта-Крус,"-47.18485680000001,-67.1425766",content/knowledge-base/natsionalnye-parki/parque-nacional-bosques-petrificados.md,content/knowledge-base/_index/content.json
parque-nacional-el-leoncito,национальный парк El Leoncito,Parque Nacional El Leoncito,,,Parque Nacional El Leoncito,,,national_park,cuyo,Сан-Хуан,"-31.772982965959145,-69.35902277392547",content/knowledge-base/natsionalnye-parki/parque-nacional-el-leoncito.md,content/knowledge-base/_index/content.json
parque-nacional-islas-de-santa-fe,национальный парк Islas de Santa Fe,Parque Nacional Islas de Santa Fe,,,Parque Nacional Islas de Santa Fe,,,national_park,litoral,Санта-Фе,"-32.39483871190514,-60.72680724000876",content/knowledge-base/natsionalnye-parki/parque-nacional-islas-de-santa-fe.md,content/knowledge-base/_index/content.json
parque-nacional-laguna-blanca,национальный парк Laguna Blanca,Parque Nacional Laguna Blanca,,,Parque Nacional Laguna Blanca,,,national_park,patagonia,Неукен,"-39.03808134801241,-70.3174707204745",content/knowledge-base/natsionalnye-parki/parque-nacional-laguna-blanca.md,content/knowledge-base/_index/content.json
parque-nacional-los-alerces-patrimonio-de-la-humanidad,национальный парк Los Alerces: Patrimonio de la Humanidad,Parque Nacional Los Alerces: Patrimonio de la Humanidad,,,Parque Nacional Los Alerces: Patrimonio de la Humanidad,,,national_park,patagonia,Чубут,"-42.9741301,-71.6438598",content/knowledge-base/natsionalnye-parki/parque-nacional-los-alerces-patrimonio-de-la-humanidad.md,content/knowledge-base/_index/content.json
parque-nacional-los-cardones,национальный парк Los Cardones,Parque Nacional Los Cardones,,,Parque Nacional Los Cardones,,,national_park,noa,Сальта,"-25.233715192987987,-65.94914828265313",content/knowledge-base/natsionalnye-parki/parque-nacional-los-cardones.md,content/knowledge-base/_index/content.json
parque-nacional-los-glaciares-patrimonio-de-la-humanidad,национальный парк Los Glaciares: Patrimonio de la Humanidad,Parque Nacional Los Glaciares: Patrimonio de la Humanidad,,,Parque Nacional Los Glaciares: Patrimonio de la Humanidad,,,national_park,patagonia,Санта-Крус,"-50.52265198261174,-73.27661799389764",content/knowledge-base/natsionalnye-parki/parque-nacional-los-glaciares-patrimonio-de-la-humanidad.md,content/knowledge-base/_index/content.json
parque-nacional-monte-leon,национальный парк Monte León,Parque Nacional Monte León,,,Parque Nacional Monte León,,,national_park,patagonia,Санта-Крус,"-50.21620361891222,-68.76836085667546",content/knowledge-base/natsionalnye-parki/parque-nacional-monte-leon.md,content/knowledge-base/_index/content.json
parque-nacional-san-guillermo,национальный парк San Guillermo,Parque Nacional San Guillermo,,,Parque Nacional San Guillermo,,,national_park,cuyo,Сан-Хуан,"-29.22420446604502,-69.37466086582937",content/knowledge-base/natsionalnye-parki/parque-nacional-san-guillermo.md,content/knowledge-base/_index/content.json
necochea,Некочеа,Necochea,Некочеа|Кекен|пляжи Некочеа,Necochea,Necochea|Некочеа|Кекен|пляжи Некочеа,,,city,buenos-aires-province,Buenos Aires,"-38.5545,-58.7396",content/knowledge-base/goroda/necochea.md,content/knowledge-base/_index/content.json
neuken,Неукен,Neuquén,Неукен-Капital|город Неукен (не путать с одноимённой провинцией),Неукен-Капital,Neuquén|Неукен-Капital|город Неукен (не путать с одноимённой провинцией),,,city,patagonia,Неукен,"-38.9516,-68.0591",content/knowledge-base/goroda/neuken.md,content/knowledge-base/_index/content.json
vida-nocturna-en-buenos-aires,Ночная жизнь Буэнос-Айреса,Vida nocturna en Buenos Aires,,,Vida nocturna en Buenos Aires,,,attraction,caba,CABA,"-34.56691669217277,-58.43301558585955",content/knowledge-base/dostoprimechatelnosti/vida-nocturna-en-buenos-aires.md,content/knowledge-base/_index/content.json
el-obelisco-de-cafayate,Обелиск Кафайяте,El Obelisco de Cafayate,,,El Obelisco de Cafayate,,,attraction,noa,Сальта,"-26.0730798,-65.976052",content/knowledge-base/dostoprimechatelnosti/el-obelisco-de-cafayate.md,content/knowledge-base/_index/content.json
almacenes-de-ramos-generales-en-la-pampa,Общие букетные магазины в Ла-Пампа,Almacenes de ramos generales en La Pampa,,,Almacenes de ramos generales en La Pampa,,,attraction,pampa,Ла-Пампа,"-37.259791682013955,-64.51774575575148",content/knowledge-base/dostoprimechatelnosti/almacenes-de-ramos-generales-en-la-pampa.md,content/knowledge-base/_index/content.json
tierra-del-fuego,Огненная Земля,,,,,,,region,,"Огненная Земля, Антарктида и острова Южной Атлантики","-54.8,-68.3",content/knowledge-base/regiony/tierra-del-fuego.md,content/knowledge-base/_index/content.json
lago-mascardi,Озеро Маскарди,Lago Mascardi,,,Lago Mascardi,,,attraction,patagonia,Рио-Негро,"-41.352873564100356,-71.54455736674417",content/knowledge-base/dostoprimechatelnosti/lago-mascardi.md,content/knowledge-base/_index/content.json
lago-posadas,Озеро Посадас,Lago Posadas,,,Lago Posadas,,,attraction,patagonia,Санта-Крус,"-47.47840966268243,-71.80197188924144",content/knowledge-base/dostoprimechatelnosti/lago-posadas.md,content/knowledge-base/_index/content.json
parana,Парана,Paraná,,Paraná|Entre Ríos,Paraná|Entre Ríos,,,city,litoral,Энтре-Риос,"-31.7333,-60.5333",content/knowledge-base/goroda/parana.md,content/knowledge-base/_index/content.json
ischigualasto,Парк Исчигуаласто (Долина Луны),Parque Provincial Ischigualasto (Valle de la Luna),Долина Луны|Исчигуаласто,Valle de la Luna,Parque Provincial Ischigualasto (Valle de la Luna)|Долина Луны|Valle de la Luna|Исчигуаласто,,,national_park,cuyo,Сан-Хуан,"-30.16,-67.83",content/knowledge-base/natsionalnye-parki/ischigualasto.md,content/knowledge-base/_index/content.json
patagonia,Патагония,,,,,,,region,,"Неукен, Рио-Негро, Чубут, Санта-Крус (континентальная часть; Огненная Земля выделена в базе отдельным регионом — см. `tierra-del-fuego`)","-45,-71",content/knowledge-base/regiony/patagonia.md,content/knowledge-base/_index/content.json
patagonia-de-los-lagos,Патагония de los lagos,Patagonia de los lagos,,,Patagonia de los lagos,,,attraction,patagonia,Неукен,"-40.38227766686584,-71.46093828125",content/knowledge-base/dostoprimechatelnosti/patagonia-de-los-lagos.md,content/knowledge-base/_index/content.json
el-tren-patagonico,Патагонский поезд,El Tren Patagónico,,,El Tren Patagónico,,,attraction,patagonia,Рио-Негро,"-41.16042042709777,-71.3509712211587",content/knowledge-base/dostoprimechatelnosti/el-tren-patagonico.md,content/knowledge-base/_index/content.json
cordero-patagonico,Патагонский ягненок,Cordero patagónico,,,Cordero patagónico,,,attraction,patagonia,Чубут,"-42.06728540046057,-68.4804136651172",content/knowledge-base/dostoprimechatelnosti/cordero-patagonico.md,content/knowledge-base/_index/content.json
pinamar,Пинамар,Pinamar,Пинамар (город-лес),,Pinamar|Пинамар (город-лес),,,city,buenos-aires-province,Buenos Aires,"-37.1146,-56.8607",content/knowledge-base/goroda/pinamar.md,content/knowledge-base/_index/content.json
dique-piscu-yacu,Плотина Писку-Яку,Dique Piscu Yacu,,,Dique Piscu Yacu,,,attraction,cuyo,Сан-Луис,"-32.3478326,-65.0157565",content/knowledge-base/dostoprimechatelnosti/dique-piscu-yacu.md,content/knowledge-base/_index/content.json
tren-a-las-nubes,Поезд в облака,Tren a las Nubes,,Tren de las Nubes,Tren a las Nubes|Tren de las Nubes,,,attraction,noa,Сальта,"-24.05,-66.2333",content/knowledge-base/dostoprimechatelnosti/tren-a-las-nubes.md,content/knowledge-base/_index/content.json
peninsula-valdes,Полуостров Вальдес,Península Valdés,,Reserva Natural Turística Península Valdés|Área Natural Protegida Península Valdés,Península Valdés|Reserva Natural Turística Península Valdés|Área Natural Protegida Península Valdés,,,national_park,patagonia,Чубут,"-42.4681,-63.9436",content/knowledge-base/natsionalnye-parki/peninsula-valdes.md,content/knowledge-base/_index/content.json
reserva-natural-ibera,Природный заповедник Иберá,Reserva Natural Iberá,,,Reserva Natural Iberá,,,attraction,litoral,Корриентес,"-27.929795884420678,-57.01956554224995",content/knowledge-base/dostoprimechatelnosti/reserva-natural-ibera.md,content/knowledge-base/_index/content.json
reserva-natural-silvestre-isla-de-los-estados,Природный заповедник Исла-де-лос-Эстадос (Остров Штатов),Reserva Natural Silvestre Isla de los Estados,,,Reserva Natural Silvestre Isla de los Estados,,,attraction,tierra-del-fuego,Огненная Земля,"-54.77171282631091,-64.2956572720505",content/knowledge-base/dostoprimechatelnosti/reserva-natural-silvestre-isla-de-los-estados.md,content/knowledge-base/_index/content.json
reserva-natural-quebrada-de-los-condores,Природный заповедник Кебрада-де-лос-Кондорес,Reserva Natural Quebrada de Los Cóndores,,,Reserva Natural Quebrada de Los Cóndores,,,attraction,noa,Ла-Риоха,"-30.53964957103711,-66.3973440736269",content/knowledge-base/dostoprimechatelnosti/reserva-natural-quebrada-de-los-condores.md,content/knowledge-base/_index/content.json
reserva-natural-colonia-benitez,Природный заповедник Колония-Бенитес,Reserva Natural Colonia Benítez,,,Reserva Natural Colonia Benítez,,,attraction,litoral,Чако,"-27.324184547750924,-58.94385554138088",content/knowledge-base/dostoprimechatelnosti/reserva-natural-colonia-benitez.md,content/knowledge-base/_index/content.json
reserva-natural-laguna-brava,Природный заповедник Лагуна-Брава,Reserva Natural Laguna Brava,,,Reserva Natural Laguna Brava,,,attraction,noa,Ла-Риоха,"-28.266668707174695,-68.82660453056718",content/knowledge-base/dostoprimechatelnosti/reserva-natural-laguna-brava.md,content/knowledge-base/_index/content.json
reserva-natural-pichi-mahuida,Природный заповедник Пичи-Мауида,Reserva Natural Pichi Mahuida,,,Reserva Natural Pichi Mahuida,,,attraction,pampa,Ла-Пампа,"-38.0143624,-65.5844363",content/knowledge-base/dostoprimechatelnosti/reserva-natural-pichi-mahuida.md,content/knowledge-base/_index/content.json
reserva-natural-el-nogalar-de-los-toldos,Природный заповедник Эль-Ногаляр-де-лос-Тольдос,Reserva Natural El Nogalar de los Toldos,,,Reserva Natural El Nogalar de los Toldos,,,attraction,noa,Сальта,"-22.272549076139914,-64.71689395292124",content/knowledge-base/dostoprimechatelnosti/reserva-natural-el-nogalar-de-los-toldos.md,content/knowledge-base/_index/content.json
monumento-natural-laguna-de-los-pozuelos,Природный памятник Лагуна-де-лос-Посуэлос,Monumento Natural Laguna de Los Pozuelos,,,Monumento Natural Laguna de Los Pozuelos,,,attraction,noa,Жужуй,"-22.41765169382334,-65.99058747958837",content/knowledge-base/dostoprimechatelnosti/monumento-natural-laguna-de-los-pozuelos.md,content/knowledge-base/_index/content.json
reserva-provincial-parque-luro,Провинциальный заповедник Парке-Луро,Reserva Provincial Parque Luro,,,Reserva Provincial Parque Luro,,,attraction,pampa,Ла-Пампа,"-36.9133256,-64.26192929999999",content/knowledge-base/dostoprimechatelnosti/reserva-provincial-parque-luro.md,content/knowledge-base/_index/content.json
aconcagua-provincial-park,Провинциальный парк Аконкагуа,Parque Provincial Aconcagua,Аконкагуа|Коронованный Америки,Aconcagua|Coloso de América,Parque Provincial Aconcagua|Аконкагуа|Aconcagua|Коронованный Америки|Coloso de América,,,national_park,cuyo,Мендоса,"-32.6532,-70.0109",content/knowledge-base/natsionalnye-parki/aconcagua-provincial-park.md,content/knowledge-base/_index/content.json
parque-provincial-cordon-del-plata,Провинциальный парк Кордон-дель-Плата,Parque Provincial Cordón del Plata,,,Parque Provincial Cordón del Plata,,,national_park,cuyo,Мендоса,"-32.99243896303327,-69.31615052597036",content/knowledge-base/natsionalnye-parki/parque-provincial-cordon-del-plata.md,content/knowledge-base/_index/content.json
parque-provincial-ischigualasto,провинциальный парк Ischigualasto,Parque Provincial Ischigualasto,,,Parque Provincial Ischigualasto,,,national_park,cuyo,Сан-Хуан,"-30.10340525765087,-68.016357421875",content/knowledge-base/natsionalnye-parki/parque-provincial-ischigualasto.md,content/knowledge-base/_index/content.json
buenos-aires-province,Провинция Буэнос-Айрес,,,,,,,region,,Буэнос-Айрес (провинция),"-36.6,-60",content/knowledge-base/regiony/buenos-aires-province.md,content/knowledge-base/_index/content.json
kanal-bigl-i-poezd-na-kray-sveta,Пролив Бигль и «Поезд на край света»,Canal Beagle y Tren del Fin del Mundo,навигация по проливу Бигль|узкоколейка Ушуайи,Tren del Fin del Mundo,Canal Beagle y Tren del Fin del Mundo|навигация по проливу Бигль|Tren del Fin del Mundo|узкоколейка Ушуайи,,,attraction,tierra-del-fuego,"Огненная Земля, Антарктида и острова Южной Атлантики","-54.85,-68.25",content/knowledge-base/dostoprimechatelnosti/kanal-bigl-i-poezd-na-kray-sveta.md,content/knowledge-base/_index/content.json
punta-tombo,Пунта-Томбо,Punta Tombo,колония пингвинов Пунта-Томбо,,Punta Tombo|колония пингвинов Пунта-Томбо,,,attraction,patagonia,Чубут,"-44.043,-65.232",content/knowledge-base/dostoprimechatelnosti/punta-tombo.md,content/knowledge-base/_index/content.json
purmamarka,Пурмамарка,Purmamarca,посёлок Пурмамарка,,Purmamarca|посёлок Пурмамарка,,,attraction,noa,Жужуй,"-23.7495,-65.497",content/knowledge-base/dostoprimechatelnosti/purmamarka.md,content/knowledge-base/_index/content.json
la-ruta-del-pehuen,Путь араукарии,La Ruta del Pehuén,,,La Ruta del Pehuén,,,attraction,patagonia,Неукен,"-38.80324298464113,-68.59088130479162",content/knowledge-base/dostoprimechatelnosti/la-ruta-del-pehuen.md,content/knowledge-base/_index/content.json
puerto-almanza,Пуэрто-Альманса,Puerto Almanza,,,Puerto Almanza,,,attraction,tierra-del-fuego,Огненная Земля,"-54.871892462886116,-67.56472621383784",content/knowledge-base/dostoprimechatelnosti/puerto-almanza.md,content/knowledge-base/_index/content.json
puerto-madryn,Пуэрто-Мадрин,Puerto Madryn,Порт-Мадрин|столица дайвинга Аргентины,,Puerto Madryn|Порт-Мадрин|столица дайвинга Аргентины,,,city,patagonia,Чубут,"-42.7692,-65.0385",content/knowledge-base/goroda/puerto-madryn.md,content/knowledge-base/_index/content.json
puerto-san-julian,Пуэрто-Сан-Хулиан,Puerto San Julián,,,Puerto San Julián,,,attraction,patagonia,Санта-Крус,"-49.30521393084565,-67.72960561896186",content/knowledge-base/dostoprimechatelnosti/puerto-san-julian.md,content/knowledge-base/_index/content.json
rio-parana,Река Парана,Río Paraná,,,Río Paraná,,,attraction,buenos-aires-province,Провинция Буэнос-Айрес,"-32.9587022,-60.69304159999999",content/knowledge-base/dostoprimechatelnosti/rio-parana.md,content/knowledge-base/_index/content.json
resistencia,Ресистенсия,Resistencia,,Ciudad de las Esculturas|Capital Nacional de las Esculturas,Resistencia|Ciudad de las Esculturas|Capital Nacional de las Esculturas,,,city,litoral,Чако,"-27.4514,-58.9867",content/knowledge-base/goroda/resistencia.md,content/knowledge-base/_index/content.json
rio-gallegos,Рио-Гальегос,Río Gallegos,,,Río Gallegos,,,attraction,patagonia,Санта-Крус,"-51.65317371243724,-69.20430056293208",content/knowledge-base/dostoprimechatelnosti/rio-gallegos.md,content/knowledge-base/_index/content.json
rio-grande,Рио-Гранде,Río Grande,,,Río Grande,,,attraction,tierra-del-fuego,Огненная Земля,"-53.78601710971616,-67.70100999242412",content/knowledge-base/dostoprimechatelnosti/rio-grande.md,content/knowledge-base/_index/content.json
rosario,Росарио,Rosario,"Куна де ла Бандера (Cuna de la Bandera, «колыбель флага»)","Куна де ла Бандера (Cuna de la Bandera, «колыбель флага»)","Rosario|Куна де ла Бандера (Cuna de la Bandera, «колыбель флага»)",,,city,pampa,Санта-Фе,"-32.9468,-60.6393",content/knowledge-base/goroda/rosario.md,content/knowledge-base/_index/content.json
ruinas-de-quilmes,Руины Кильмес,Ruinas de Quilmes,Кильмес|руины Кильмес,Ciudad Sagrada de Quilmes|Quilmes,Ruinas de Quilmes|Кильмес|Ciudad Sagrada de Quilmes|руины Кильмес|Quilmes,,,attraction,noa,Тукуман,"-26.4783,-65.9339",content/knowledge-base/dostoprimechatelnosti/ruinas-de-quilmes.md,content/knowledge-base/_index/content.json
salinas-grandes,Салинас-Грандес,Salinas Grandes,соляная равнина Салинас-Грандес,Salinas Grandes de Jujuy y Salta,Salinas Grandes|Salinas Grandes de Jujuy y Salta|соляная равнина Салинас-Грандес,,,attraction,noa,Жужуй / Сальта,"-23.6333,-66.0833",content/knowledge-base/dostoprimechatelnosti/salinas-grandes.md,content/knowledge-base/_index/content.json
salinas-grandes-jujuy,Салинас-Грандес (Жужуй),"Salinas Grandes, Jujuy",,,"Salinas Grandes, Jujuy",,,attraction,noa,Жужуй,"-22.744041426156603,-65.89727841197681",content/knowledge-base/dostoprimechatelnosti/salinas-grandes-jujuy.md,content/knowledge-base/_index/content.json
salta,Сальта,Salta,Сальта Прекрасная (Salta la Linda),Сальта Прекрасная (Salta la Linda),Salta|Сальта Прекрасная (Salta la Linda),,,city,noa,Сальта,"-24.7821,-65.4232",content/knowledge-base/goroda/salta.md,content/knowledge-base/_index/content.json
saltos-del-mocona,Сальтос-дель-Моконá,Saltos del Moconá,Сальтос-дель-Моконá|водопады Моконá|Мокона|продольные водопады,Сальтос-дель-Моконá|Saltos del Moconá|водопады Моконá,Saltos del Moconá|Сальтос-дель-Моконá|водопады Моконá|Мокона|продольные водопады,,,attraction,litoral,Мисьонес,"-27.1667,-53.9",content/knowledge-base/dostoprimechatelnosti/saltos-del-mocona.md,content/knowledge-base/_index/content.json
san-antonio-oeste,Сан-Антонио-Оэсте,San Antonio Oeste,,,San Antonio Oeste,,,attraction,patagonia,Рио-Негро,"-40.7333763,-64.9535634",content/knowledge-base/dostoprimechatelnosti/san-antonio-oeste.md,content/knowledge-base/_index/content.json
san-ignacio-mini,Сан-Игнасио-Мини,San Ignacio Miní,Руины Сан-Игнасио|иезуитская миссия Сан-Игнасио-Мини,,San Ignacio Miní|Руины Сан-Игнасио|иезуитская миссия Сан-Игнасио-Мини,,,attraction,litoral,Мисьонес,"-27.2558,-55.5339",content/knowledge-base/dostoprimechatelnosti/san-ignacio-mini.md,content/knowledge-base/_index/content.json
san-luis,Сан-Луис,San Luis,,,San Luis,,,city,cuyo,Сан-Луис,"-33.3017,-66.3378",content/knowledge-base/goroda/san-luis.md,content/knowledge-base/_index/content.json
san-martin-de-los-andes,Сан-Мартин-де-лос-Андес,San Martín de Los Andes,Сан-Мартин|SMA (местное сокращение),SMA (местное сокращение),San Martín de Los Andes|Сан-Мартин|SMA (местное сокращение),,,city,patagonia,Неукен,"-40.1576,-71.3538",content/knowledge-base/goroda/san-martin-de-los-andes.md,content/knowledge-base/_index/content.json
san-miguel-de-tucuman,Сан-Мигель-де-Тукуман,San Miguel de Tucumán,Тукуман|Сад Республики (El Jardín de la República),Сад Республики (El Jardín de la República),San Miguel de Tucumán|Тукуман|Сад Республики (El Jardín de la República),,,city,noa,Тукуман,"-26.8241,-65.2226",content/knowledge-base/goroda/san-miguel-de-tucuman.md,content/knowledge-base/_index/content.json
san-salvador-de-jujuy,Сан-Сальвадор-де-Жужуй,San Salvador de Jujuy,Жужуй|Хухуй,,San Salvador de Jujuy|Жужуй|Хухуй,,,city,noa,Жужуй,"-24.1946,-65.2971",content/knowledge-base/goroda/san-salvador-de-jujuy.md,content/knowledge-base/_index/content.json
san-jose,Сан-Хосе,San José,,,San José,,,attraction,litoral,Энтре-Риос,"-32.212847207846444,-58.21634874137159",content/knowledge-base/dostoprimechatelnosti/san-jose.md,content/knowledge-base/_index/content.json
san-huan,Сан-Хуан,San Juan,город землетрясения 1944 года,,San Juan|город землетрясения 1944 года,,,city,cuyo,Сан-Хуан,"-31.5375,-68.5364",content/knowledge-base/goroda/san-huan.md,content/knowledge-base/_index/content.json
santa-maria,Санта-Мария,Santa María,,,Santa María,,,attraction,noa,Катамарка,"-26.70360119999999,-66.0459992",content/knowledge-base/dostoprimechatelnosti/santa-maria.md,content/knowledge-base/_index/content.json
santa-rosa,Санта-Роса,Santa Rosa,Санта-Роса-де-Тоай (историческое,Santa Rosa del Toay),Santa Rosa|Санта-Роса-де-Тоай (историческое|Santa Rosa del Toay),,,city,pampa,Ла-Пампа,"-36.6167,-64.2833",content/knowledge-base/goroda/santa-rosa.md,content/knowledge-base/_index/content.json
santa-fe,Санта-Фе,Santa Fe de la Vera Cruz,Санта-Фе-де-ла-Вера-Крус (полное официальное название),,Santa Fe de la Vera Cruz|Санта-Фе-де-ла-Вера-Крус (полное официальное название),,,city,pampa,Санта-Фе,"-31.6333,-60.7",content/knowledge-base/goroda/santa-fe.md,content/knowledge-base/_index/content.json
santiago-del-estero,Сантьяго-дель-Эстеро,Santiago del Estero,Мать городов (Madre de Ciudades),Мать городов (Madre de Ciudades),Santiago del Estero|Мать городов (Madre de Ciudades),,,city,noa,Сантьяго-дель-Эстеро,"-27.7834,-64.2642",content/knowledge-base/goroda/santiago-del-estero.md,content/knowledge-base/_index/content.json
noa,Северо-Запад (NOA),,,,,,,region,,"Сальта, Жужуй, Тукуман, Катамарка, Сантьяго-дель-Эстеро","-24.5,-65.5",content/knowledge-base/regiony/noa.md,content/knowledge-base/_index/content.json
pueblos-rurales-en-santa-fe,Сельские городки Санта-Фе,Pueblos rurales en Santa Fe,,,Pueblos rurales en Santa Fe,,,attraction,litoral,Санта-Фе,"-38.4161,-63.6167",content/knowledge-base/dostoprimechatelnosti/pueblos-rurales-en-santa-fe.md,content/knowledge-base/_index/content.json
hornocal,Серрания-де-Орнокаль (Гора 14 цветов),Serranía de Hornocal,Орнокаль|гора 14 цветов,Cerro de los 14 colores|Hornocal,Serranía de Hornocal|Орнокаль|гора 14 цветов|Cerro de los 14 colores|Hornocal,,,attraction,noa,Жужуй,"-23.1006,-65.1558",content/knowledge-base/dostoprimechatelnosti/hornocal.md,content/knowledge-base/_index/content.json
cerro-castor,Серро-Кастор,Cerro Castor,,,Cerro Castor,,,attraction,tierra-del-fuego,Огненная Земля,"-54.724177,-68.017001",content/knowledge-base/dostoprimechatelnosti/cerro-castor.md,content/knowledge-base/_index/content.json
cerro-mercedario-y-grandes-cumbres-de-san-juan,Серро-Меркедарио и большие вершины Сан-Хуана,Cerro Mercedario y grandes cumbres de San Juan,,,Cerro Mercedario y grandes cumbres de San Juan,,,attraction,cuyo,Сан-Хуан,"-31.632205313139853,-69.47516962794111",content/knowledge-base/dostoprimechatelnosti/cerro-mercedario-y-grandes-cumbres-de-san-juan.md,content/knowledge-base/_index/content.json
cerro-tronador,Серро-Тронадор,Cerro Tronador,,,Cerro Tronador,,,attraction,patagonia,Рио-Негро,"-41.16373629075987,-71.87398536842679",content/knowledge-base/dostoprimechatelnosti/cerro-tronador.md,content/knowledge-base/_index/content.json
arte-urbano-en-buenos-aires,Стрит-арт в Буэнос-Айресе,Arte urbano en Buenos Aires,,,Arte urbano en Buenos Aires,,,attraction,caba,CABA,"-34.6100655831831,-58.4038427914271",content/knowledge-base/dostoprimechatelnosti/arte-urbano-en-buenos-aires.md,content/knowledge-base/_index/content.json
reserva-natural-estricta-san-antonio,Строгий природный заповедник Сан-Антонио,Reserva Natural Estricta San Antonio,,,Reserva Natural Estricta San Antonio,,,attraction,litoral,Мисьонес,"-26.1343026459424,-53.71693627470861",content/knowledge-base/dostoprimechatelnosti/reserva-natural-estricta-san-antonio.md,content/knowledge-base/_index/content.json
susques,Сускес,Susques,,,Susques,,,city,noa,Жужуй,"-23.4086,-66.3686",content/knowledge-base/goroda/susques.md,content/knowledge-base/_index/content.json
sierra-de-la-ventana,Сьерра-де-ла-Вентана,Sierra de la Ventana,Сьерра-де-ла-Вентана|Серро-Трес-Пикос|Вентания,Sierra de la Ventana,Sierra de la Ventana|Сьерра-де-ла-Вентана|Серро-Трес-Пикос|Вентания,,,attraction,buenos-aires-province,Buenos Aires,"-38.1333,-61.7833",content/knowledge-base/dostoprimechatelnosti/sierra-de-la-ventana.md,content/knowledge-base/_index/content.json
sierras-cordobesas,Сьерры Кордовы,Sierras cordobesas,,,Sierras cordobesas,,,attraction,pampa,Кордова,"-31.217675680924476,-64.20996171875",content/knowledge-base/dostoprimechatelnosti/sierras-cordobesas.md,content/knowledge-base/_index/content.json
sierras-de-la-provincia-de-buenos-aires,Сьерры провинции Буэнос-Айрес,Sierras de la Provincia de Buenos Aires,,,Sierras de la Provincia de Buenos Aires,,,attraction,buenos-aires-province,Провинция Буэнос-Айрес,"-37.2017285,-59.84106969999999",content/knowledge-base/dostoprimechatelnosti/sierras-de-la-provincia-de-buenos-aires.md,content/knowledge-base/_index/content.json
sierras-de-sumampa,Сьерры Сумампа,Sierras de Sumampa,,,Sierras de Sumampa,,,attraction,noa,Саньяго-дель-Эстеро,"-27.7833574,-64.264167",content/knowledge-base/dostoprimechatelnosti/sierras-de-sumampa.md,content/knowledge-base/_index/content.json
tango-en-buenos-aires,Танго в Буэнос-Айресе,Tango en Buenos Aires,,,Tango en Buenos Aires,,,attraction,caba,CABA,"-34.60485935145265,-58.387207812499994",content/knowledge-base/dostoprimechatelnosti/tango-en-buenos-aires.md,content/knowledge-base/_index/content.json
tandil,Тандиль,Tandil,Тандиль|сьерры Тандиль|пикада Тандиль,Tandil,Tandil|Тандиль|сьерры Тандиль|пикада Тандиль,,,city,buenos-aires-province,Buenos Aires,"-37.3217,-59.1332",content/knowledge-base/goroda/tandil.md,content/knowledge-base/_index/content.json
tafi-del-valle,Тафи-дель-Валье,Tafí del Valle,Тафи-дель-Валье|долина Тафи,Tafí del Valle,Tafí del Valle|Тафи-дель-Валье|долина Тафи,,,attraction,noa,Тукуман,"-26.8525,-65.7092",content/knowledge-base/dostoprimechatelnosti/tafi-del-valle.md,content/knowledge-base/_index/content.json
teatro-y-literatura-en-buenos-aires,Театр и литература в Буэнос-Айресе,Teatro y literatura en Buenos Aires,,,Teatro y literatura en Buenos Aires,,,attraction,caba,CABA,"-34.583418262297414,-58.42191405003809",content/knowledge-base/dostoprimechatelnosti/teatro-y-literatura-en-buenos-aires.md,content/knowledge-base/_index/content.json
teatr-kolon,Театр Колон,Teatro Colón,Колон,Teatro Colon,Teatro Colón|Teatro Colon|Колон,,,attraction,caba,Буэнос-Айрес (город),"-34.601,-58.3831",content/knowledge-base/dostoprimechatelnosti/teatr-kolon.md,content/knowledge-base/_index/content.json
termas-de-rio-hondo,Термас-де-Рио-Ондо,Termas de Río Hondo,Термас де Рио Ондо,,Termas de Río Hondo|Термас де Рио Ондо,,,attraction,noa,Сантьяго-дель-Эстеро,"-27.4939,-64.8586",content/knowledge-base/dostoprimechatelnosti/termas-de-rio-hondo.md,content/knowledge-base/_index/content.json
termas-de-cacheuta,Термы Качеута,Termas de Cacheuta,,,Termas de Cacheuta,,,attraction,cuyo,Мендоса,"-33.0136618,-69.117611",content/knowledge-base/dostoprimechatelnosti/termas-de-cacheuta.md,content/knowledge-base/_index/content.json
termas-del-rio-jordan,Термы Рио-Жордан,Termas del Río Jordán,,,Termas del Río Jordán,,,attraction,noa,Жужуй,"-24.1857864,-65.2994767",content/knowledge-base/dostoprimechatelnosti/termas-del-rio-jordan.md,content/knowledge-base/_index/content.json
termas-de-saenz-pena,Термы Саэнс-Пенья,Termas de Sáenz Peña,,,Termas de Sáenz Peña,,,attraction,litoral,Чако,"-26.7817284,-60.4385638",content/knowledge-base/dostoprimechatelnosti/termas-de-saenz-pena.md,content/knowledge-base/_index/content.json
termas-en-entre-rios,Термы Энтре-Риоса,Termas en Entre Ríos,,,Termas en Entre Ríos,,,attraction,litoral,Энтре-Риос,"-32.63183622209263,-58.223775287623894",content/knowledge-base/dostoprimechatelnosti/termas-en-entre-rios.md,content/knowledge-base/_index/content.json
tigre-i-delta,Тигре и Дельта Параны,Tigre y Delta del Paraná,Тигре|Дельта Параны|вылазка из Буэнос-Айреса,Tigre|Delta del Paraná|Puerto de Frutos,Tigre y Delta del Paraná|Тигре|Tigre|Дельта Параны|Delta del Paraná|Puerto de Frutos|вылазка из Буэнос-Айреса,,,attraction,buenos-aires-province,Буэнос-Айрес (провинция),"-34.4258,-58.5796",content/knowledge-base/dostoprimechatelnosti/tigre-i-delta.md,content/knowledge-base/_index/content.json
tilkara,Тилькара и крепость Пукара,Tilcara / Pucará de Tilcara,Тилькара|Пукара-де-Тилькара,,Tilcara / Pucará de Tilcara|Тилькара|Пукара-де-Тилькара,,,attraction,noa,Жужуй,"-23.5772,-65.3936",content/knowledge-base/dostoprimechatelnosti/tilkara.md,content/knowledge-base/_index/content.json
buenos-aires-tradicional,Традиционный Буэнос-Айрес,Buenos Aires tradicional,,,Buenos Aires tradicional,,,attraction,caba,CABA,"-34.61577229677821,-58.377775338299465",content/knowledge-base/dostoprimechatelnosti/buenos-aires-tradicional.md,content/knowledge-base/_index/content.json
trevelin,Тревелин,Trevelin,Тревелин|валлийская Патагония,Trevelin,Trevelin|Тревелин|валлийская Патагония,,,attraction,patagonia,Чубут,"-43.0847,-71.4592",content/knowledge-base/dostoprimechatelnosti/trevelin.md,content/knowledge-base/_index/content.json
ushuaia,Ушуайя,Ushuaia,край света,El fin del mundo,Ushuaia|край света|El fin del mundo,,,city,tierra-del-fuego,"Огненная Земля, Антарктида и острова Южной Атлантики","-54.8019,-68.303",content/knowledge-base/goroda/ushuaia.md,content/knowledge-base/_index/content.json
ushuaia-la-ciudad-y-el-tren,Ушуайя: la ciudad y el tren,Ushuaia: la ciudad y el tren,,,Ushuaia: la ciudad y el tren,,,attraction,tierra-del-fuego,Огненная Земля,"-54.80627262415336,-68.2858275846938",content/knowledge-base/dostoprimechatelnosti/ushuaia-la-ciudad-y-el-tren.md,content/knowledge-base/_index/content.json
formosa,Формоса,Formosa,,,Formosa,,,city,litoral,Формоса,"-26.1833,-58.1833",content/knowledge-base/goroda/formosa.md,content/knowledge-base/_index/content.json
pampa,Центр (Пампа),,,,,,,region,,"Кордова, Санта-Фе, Ла-Пампа","-32.5,-63",content/knowledge-base/regiony/pampa.md,content/knowledge-base/_index/content.json
el-chaku,Чаку,El Chaku,,,El Chaku,,,attraction,noa,Катамарка,"-27.98602828515223,-66.41423189558655",content/knowledge-base/dostoprimechatelnosti/el-chaku.md,content/knowledge-base/_index/content.json
la-ruta-del-chocolate,Шоколадный путь,La Ruta del Chocolate,,,La Ruta del Chocolate,,,attraction,patagonia,Рио-Негро,"-41.09464571312258,-71.31848363350377",content/knowledge-base/dostoprimechatelnosti/la-ruta-del-chocolate.md,content/knowledge-base/_index/content.json
el-bolson,Эль-Больсон,El Bolsón,,El Bolsón,El Bolsón,,,city,patagonia,Рио-Негро,"-41.9647,-71.5344",content/knowledge-base/goroda/el-bolson.md,content/knowledge-base/_index/content.json
el-calafate,Эль-Калафате,El Calafate,Калафате,,El Calafate|Калафате,,,city,patagonia,Санта-Крус,"-50.337,-72.264",content/knowledge-base/goroda/el-calafate.md,content/knowledge-base/_index/content.json
el-nihuil,Эль-Ниуиль,El Nihuil,,,El Nihuil,,,attraction,cuyo,Мендоса,"-35.02877640000001,-68.6725891",content/knowledge-base/dostoprimechatelnosti/el-nihuil.md,content/knowledge-base/_index/content.json
el-rodeo,Эль-Родео,El Rodeo,,,El Rodeo,,,attraction,noa,Катамарка,"-28.2130089,-65.87580299999999",content/knowledge-base/dostoprimechatelnosti/el-rodeo.md,content/knowledge-base/_index/content.json
el-salitral-encantado,Эль-Салитраль-Энкантадо,El Salitral Encantado,,,El Salitral Encantado,,,attraction,pampa,Ла-Пампа,"-37.8956594,-65.0957792",content/knowledge-base/dostoprimechatelnosti/el-salitral-encantado.md,content/knowledge-base/_index/content.json
el-sauzalito,Эль-Саусалито,El Sauzalito,,,El Sauzalito,,,attraction,litoral,Чако,"-24.4226804,-61.6832469",content/knowledge-base/dostoprimechatelnosti/el-sauzalito.md,content/knowledge-base/_index/content.json
el-sosneado,Эль-Соснеадо,El Sosneado,,,El Sosneado,,,attraction,cuyo,Мендоса,"-35.07734471923061,-69.5816084586295",content/knowledge-base/dostoprimechatelnosti/el-sosneado.md,content/knowledge-base/_index/content.json
el-trapiche,Эль-Трапиче,El Trapiche,,,El Trapiche,,,attraction,cuyo,Сан-Луис,"-33.0726488,-66.0632224",content/knowledge-base/dostoprimechatelnosti/el-trapiche.md,content/knowledge-base/_index/content.json
el-chalten,Эль-Чальтен,El Chaltén,национальная столица треккинга Аргентины,,El Chaltén|национальная столица треккинга Аргентины,,,city,patagonia,Санта-Крус,"-49.3325,-72.8865",content/knowledge-base/goroda/el-chalten.md,content/knowledge-base/_index/content.json
esquel,Эскель,Esquel,,,Esquel,,,city,patagonia,Чубут,"-42.9107,-71.3196",content/knowledge-base/goroda/esquel.md,content/knowledge-base/_index/content.json
ruta-del-adobe-en-catamarca,Adobe Route in Catamarca,Ruta del Adobe en Catamarca,,,Ruta del Adobe en Catamarca,,,attraction,noa,Катамарка,"-28.03730090180199,-67.54002558460364",content/knowledge-base/dostoprimechatelnosti/ruta-del-adobe-en-catamarca.md,content/knowledge-base/_index/content.json
turismo-aventura-en-chaco,Adventure tourism in Chaco,Turismo aventura en Chaco,,,Turismo aventura en Chaco,,,attraction,litoral,Чако,"-25.1789066,-61.0953099",content/knowledge-base/dostoprimechatelnosti/turismo-aventura-en-chaco.md,content/knowledge-base/_index/content.json
pasos-del-papa-francisco,After the steps of Pope Francis,Pasos del Papa Francisco,,,Pasos del Papa Francisco,,,attraction,litoral,Санта-Фе,"-38.4161,-63.6167",content/knowledge-base/dostoprimechatelnosti/pasos-del-papa-francisco.md,content/knowledge-base/_index/content.json
alero-charcamata,Alero Charcamata,Alero Charcamata,,,Alero Charcamata,,,attraction,patagonia,Санта-Крус,"-46.595816679660686,-70.8841560546875",content/knowledge-base/dostoprimechatelnosti/alero-charcamata.md,content/knowledge-base/_index/content.json
alumine,Aluminé,Aluminé,,,Aluminé,,,attraction,patagonia,Неукен,"-39.25142449289437,-70.91752402749694",content/knowledge-base/dostoprimechatelnosti/alumine.md,content/knowledge-base/_index/content.json
amaicha-del-valle-y-ciudad-sagrada-de-los-quilmes,Amaicha del Valle and Sagrada de los Quilmes City,Amaicha del Valle y Ciudad Sagrada de los Quilmes,,,Amaicha del Valle y Ciudad Sagrada de los Quilmes,,,attraction,noa,Тукуман,"-26.557428682115255,-65.93972998786536",content/knowledge-base/dostoprimechatelnosti/amaicha-del-valle-y-ciudad-sagrada-de-los-quilmes.md,content/knowledge-base/_index/content.json
bodega-submarina-en-las-grutas,An underwater winery in Las Grutas,Bodega submarina en Las Grutas,,,Bodega submarina en Las Grutas,,,attraction,patagonia,Рио-Негро,"-40.80759385133388,-65.09293372645303",content/knowledge-base/dostoprimechatelnosti/bodega-submarina-en-las-grutas.md,content/knowledge-base/_index/content.json
cruce-de-los-andes,Andean crossing,Cruce de los Andes,,,Cruce de los Andes,,,attraction,cuyo,Мендоса,"-32.33829906325657,-69.72489082596267",content/knowledge-base/dostoprimechatelnosti/cruce-de-los-andes.md,content/knowledge-base/_index/content.json
angastaco,Angastaco,Angastaco,,,Angastaco,,,attraction,noa,Сальта,"-25.689111048913865,-66.16397503721376",content/knowledge-base/dostoprimechatelnosti/angastaco.md,content/knowledge-base/_index/content.json
antofagasta-de-la-sierra,Antofagasta de la Sierra,Antofagasta de la Sierra,,,Antofagasta de la Sierra,,,attraction,noa,Катамарка,"-26.0595658,-67.4064692",content/knowledge-base/dostoprimechatelnosti/antofagasta-de-la-sierra.md,content/knowledge-base/_index/content.json
ruta-del-artesano-en-tucuman,Artisan Route in Tucumán,Ruta del artesano en Tucumán,,,Ruta del artesano en Tucumán,,,attraction,noa,Тукуман,"-26.4354331,-65.78057729999999",content/knowledge-base/dostoprimechatelnosti/ruta-del-artesano-en-tucuman.md,content/knowledge-base/_index/content.json
astroturismo-en-san-juan,Astrotourism in San Juan,Astroturismo en San Juan,,,Astroturismo en San Juan,,,attraction,cuyo,Сан-Хуан,"-31.332233158430284,-69.41928137278933",content/knowledge-base/dostoprimechatelnosti/astroturismo-en-san-juan.md,content/knowledge-base/_index/content.json
canon-del-atuel,Atuel Canyon,Cañón del Atuel,,,Cañón del Atuel,,,attraction,cuyo,Мендоса,"-34.8462697,-68.51116259999999",content/knowledge-base/dostoprimechatelnosti/canon-del-atuel.md,content/knowledge-base/_index/content.json
avellaneda,Avellaneda,Avellaneda,,,Avellaneda,,,attraction,litoral,Санта-Фе,"-29.1174521,-59.65863410000001",content/knowledge-base/dostoprimechatelnosti/avellaneda.md,content/knowledge-base/_index/content.json
aventura-en-la-patagonia-andina,Aventura en la Патагония andina,Aventura en la Patagonia andina,,,Aventura en la Patagonia andina,,,attraction,patagonia,Санта-Крус,"-41.01774814997179,-71.30688046533503",content/knowledge-base/dostoprimechatelnosti/aventura-en-la-patagonia-andina.md,content/knowledge-base/_index/content.json
ria-de-bahia-blanca,Bahía Blanca ria,Ría de Bahía Blanca,,,Ría de Bahía Blanca,,,attraction,buenos-aires-province,Провинция Буэнос-Айрес,"-38.76008780414366,-62.35251311419544",content/knowledge-base/dostoprimechatelnosti/ria-de-bahia-blanca.md,content/knowledge-base/_index/content.json
belen,Belén,Belén,,,Belén,,,attraction,noa,Катамарка,"-27.650239,-67.02594839999999",content/knowledge-base/dostoprimechatelnosti/belen.md,content/knowledge-base/_index/content.json
centro-termal-bernardo-larroude,Bernardo Larroudé Hot Spring Center,Centro Termal Bernardo Larroudé,,,Centro Termal Bernardo Larroudé,,,attraction,pampa,Ла-Пампа,"-35.0259654,-63.58274420000001",content/knowledge-base/dostoprimechatelnosti/centro-termal-bernardo-larroude.md,content/knowledge-base/_index/content.json
avistaje-de-aves-en-formosa,Bird watching in Formosa,Avistaje de aves en Formosa,,,Avistaje de aves en Formosa,,,attraction,litoral,Формоса,"-26.083562840107724,-58.19633487822093",content/knowledge-base/dostoprimechatelnosti/avistaje-de-aves-en-formosa.md,content/knowledge-base/_index/content.json
avistaje-de-aves-en-santa-cruz,Bird watching in Santa Cruz,Avistaje de aves en Santa Cruz,,,Avistaje de aves en Santa Cruz,,,attraction,patagonia,Санта-Крус,"-47.95655361100753,-69.47275432657281",content/knowledge-base/dostoprimechatelnosti/avistaje-de-aves-en-santa-cruz.md,content/knowledge-base/_index/content.json
aves-del-chaco,Birds from Chaco,Aves del Chaco,,,Aves del Chaco,,,attraction,litoral,Чако,,content/knowledge-base/dostoprimechatelnosti/aves-del-chaco.md,content/knowledge-base/_index/content.json
circuito-de-cervecerias-en-rosario,Brewers’ circuit in Rosario,Circuito de cervecerías en Rosario,,,Circuito de cervecerías en Rosario,,,attraction,litoral,Санта-Фе,"-38.4161,-63.6167",content/knowledge-base/dostoprimechatelnosti/circuito-de-cervecerias-en-rosario.md,content/knowledge-base/_index/content.json
tradicion-cervecera-en-santa-fe,Brewing tradition in Santa Fe,Tradición cervecera en Santa Fe,,,Tradición cervecera en Santa Fe,,,attraction,litoral,Санта-Фе,"-31.748679584644144,-60.50950405155951",content/knowledge-base/dostoprimechatelnosti/tradicion-cervecera-en-santa-fe.md,content/knowledge-base/_index/content.json
buceo-en-las-costas-de-ushuaia,Buceo en las costas de Ушуайя,Buceo en las costas de Ushuaia,,,Buceo en las costas de Ushuaia,,,attraction,tierra-del-fuego,Огненная Земля,"-54.85959543980891,-68.12169492244965",content/knowledge-base/dostoprimechatelnosti/buceo-en-las-costas-de-ushuaia.md,content/knowledge-base/_index/content.json
cabalgatas-en-la-estepa-de-bariloche,Cabalgatas en la estepa de Барилоче,Cabalgatas en la estepa de Bariloche,,,Cabalgatas en la estepa de Bariloche,,,attraction,patagonia,Рио-Негро,"-41.1318810894026,-71.28442170931238",content/knowledge-base/dostoprimechatelnosti/cabalgatas-en-la-estepa-de-bariloche.md,content/knowledge-base/_index/content.json
cachi,Cachi,Cachi,,,Cachi,,,attraction,noa,Сальта,"-25.120354091820097,-66.16167473116705",content/knowledge-base/dostoprimechatelnosti/cachi.md,content/knowledge-base/_index/content.json
campo-del-cielo,Campo del Cielo,Campo del Cielo,,,Campo del Cielo,,,attraction,litoral,Чако,"-27.60946239999999,-61.68172269999999",content/knowledge-base/dostoprimechatelnosti/campo-del-cielo.md,content/knowledge-base/_index/content.json
capilla-del-monte,Capilla del Monte,Capilla del Monte,,,Capilla del Monte,,,attraction,pampa,Кордова,"-30.8569837,-64.5262505",content/knowledge-base/dostoprimechatelnosti/capilla-del-monte.md,content/knowledge-base/_index/content.json
carcarana,Carcarañá,Carcarañá,,,Carcarañá,,,attraction,litoral,Санта-Фе,"-32.8571864,-61.15781689999999",content/knowledge-base/dostoprimechatelnosti/carcarana.md,content/knowledge-base/_index/content.json
carmen-del-sauce,Carmen del Sauce,Carmen del Sauce,,,Carmen del Sauce,,,attraction,litoral,Санта-Фе,"-33.2374785,-60.8115626",content/knowledge-base/dostoprimechatelnosti/carmen-del-sauce.md,content/knowledge-base/_index/content.json
carnaval-en-corrientes,Carnival in Corrientes,Carnaval en Corrientes,,,Carnaval en Corrientes,,,attraction,litoral,Корриентес,"-27.468044872613262,-58.835287140620046",content/knowledge-base/dostoprimechatelnosti/carnaval-en-corrientes.md,content/knowledge-base/_index/content.json
catamaran-en-la-triple-frontera,Catamaran at the Triple Frontier,Catamarán en la Triple Frontera,,,Catamarán en la Triple Frontera,,,attraction,litoral,Мисьонес,"-25.594587461371265,-54.59217123156601",content/knowledge-base/dostoprimechatelnosti/catamaran-en-la-triple-frontera.md,content/knowledge-base/_index/content.json
catamaran-en-el-rio-parana,Catamaran on the Paraná river,Catamarán en el río Paraná,,,Catamarán en el río Paraná,,,attraction,litoral,Санта-Фе,"-38.4161,-63.6167",content/knowledge-base/dostoprimechatelnosti/catamaran-en-el-rio-parana.md,content/knowledge-base/_index/content.json
pesca-con-devolucion-en-entre-rios,Catch-and-release fishing in Entre Ríos,Pesca con devolución en Entre Ríos,,,Pesca con devolución en Entre Ríos,,,attraction,litoral,Энтре-Риос,"-31.916871476741807,-59.2567088640345",content/knowledge-base/dostoprimechatelnosti/pesca-con-devolucion-en-entre-rios.md,content/knowledge-base/_index/content.json
pesca-con-devolucion-en-formosa,Catch-and-release fishing in Formosa,Pesca con devolución en Formosa,,,Pesca con devolución en Formosa,,,attraction,litoral,Формоса,"-25.16953632516296,-60.57352344648697",content/knowledge-base/dostoprimechatelnosti/pesca-con-devolucion-en-formosa.md,content/knowledge-base/_index/content.json
caucete-san-juan,"Caucete, San Juan","Caucete, San Juan",,,"Caucete, San Juan",,,attraction,cuyo,Сан-Хуан,"-31.6541691,-68.2852783",content/knowledge-base/dostoprimechatelnosti/caucete-san-juan.md,content/knowledge-base/_index/content.json
caviahue-copahue,Caviahue - Copahue,Caviahue - Copahue,,,Caviahue - Copahue,,,attraction,patagonia,Неукен,"-37.8664389,-71.0500837",content/knowledge-base/dostoprimechatelnosti/caviahue-copahue.md,content/knowledge-base/_index/content.json
cerros-catedral-y-perito-moreno,Cerros Catedral y Перито-Морено,Cerros Catedral y Perito Moreno,,,Cerros Catedral y Perito Moreno,,,attraction,patagonia,Рио-Негро,"-41.226551844960554,-71.49138259864785",content/knowledge-base/dostoprimechatelnosti/cerros-catedral-y-perito-moreno.md,content/knowledge-base/_index/content.json
cholila,Cholila,Cholila,,,Cholila,,,attraction,patagonia,Чубут,"-42.51348019206514,-71.42031314173487",content/knowledge-base/dostoprimechatelnosti/cholila.md,content/knowledge-base/_index/content.json
iglesia-nuestra-senora-del-rosario-y-san-francisco,Church Nuestra Señora del Rosario y San Francisco,Iglesia Nuestra Señora del Rosario y San Francisco,,,Iglesia Nuestra Señora del Rosario y San Francisco,,,attraction,noa,Жужуй,"-38.4161,-63.6167",content/knowledge-base/dostoprimechatelnosti/iglesia-nuestra-senora-del-rosario-y-san-francisco.md,content/knowledge-base/_index/content.json
clorinda,Clorinda,Clorinda,,,Clorinda,,,attraction,litoral,Формоса,"-25.290140576068623,-57.72167207609878",content/knowledge-base/dostoprimechatelnosti/clorinda.md,content/knowledge-base/_index/content.json
costanera-de-corrientes,coastal promenade in Corrientes,Costanera de Corrientes,,,Costanera de Corrientes,,,attraction,litoral,Корриентес,"-27.46505059999999,-58.84720969999999",content/knowledge-base/dostoprimechatelnosti/costanera-de-corrientes.md,content/knowledge-base/_index/content.json
colon,Colón,Colón,,,Colón,,,attraction,litoral,Энтре-Риос,"-32.22682301098468,-58.14495692837538",content/knowledge-base/dostoprimechatelnosti/colon.md,content/knowledge-base/_index/content.json
comandante-luis-piedrabuena,Comandante Luis Piedrabuena,Comandante Luis Piedrabuena,,,Comandante Luis Piedrabuena,,,attraction,patagonia,Санта-Крус,"-49.98104985240102,-68.91443090129552",content/knowledge-base/dostoprimechatelnosti/comandante-luis-piedrabuena.md,content/knowledge-base/_index/content.json
comarca-andina-del-paralelo-42,Comarca Andina del Paralelo 42,Comarca Andina del Paralelo 42,,,Comarca Andina del Paralelo 42,,,attraction,patagonia,Чубут,"-42.061269,-71.5971258",content/knowledge-base/dostoprimechatelnosti/comarca-andina-del-paralelo-42.md,content/knowledge-base/_index/content.json
fiestas-y-festivales-en-cordoba,Córdoba Feasts and Festivals,Fiestas y festivales en Córdoba,,,Fiestas y festivales en Córdoba,,,attraction,pampa,Кордова,"-31.43553648811013,-64.18532801613118",content/knowledge-base/dostoprimechatelnosti/fiestas-y-festivales-en-cordoba.md,content/knowledge-base/_index/content.json
cordoba-de-las-campanas,Córdoba with Bells,Córdoba de las campanas,,,Córdoba de las campanas,,,attraction,pampa,Кордова,"-38.4161,-63.6167",content/knowledge-base/dostoprimechatelnosti/cordoba-de-las-campanas.md,content/knowledge-base/_index/content.json
corredor-del-viento,Corredor del Viento,Corredor del Viento,,,Corredor del Viento,,,attraction,patagonia,Санта-Крус,"-46.62411860391159,-68.2309578125",content/knowledge-base/dostoprimechatelnosti/corredor-del-viento.md,content/knowledge-base/_index/content.json
cosquin,Cosquín,Cosquín,,,Cosquín,,,attraction,pampa,Кордова,"-31.2468127,-64.4703813",content/knowledge-base/dostoprimechatelnosti/cosquin.md,content/knowledge-base/_index/content.json
festival-de-cosquin,Cosquín Festival,Festival de Cosquín,,,Festival de Cosquín,,,attraction,pampa,Кордова,"-31.241320145621906,-64.46602738151279",content/knowledge-base/dostoprimechatelnosti/festival-de-cosquin.md,content/knowledge-base/_index/content.json
costa-atlantica-de-la-provincia-de-buenos-aires,Costa Atlántica de la provincia de Буэнос-Айрес,Costa Atlántica de la provincia de Buenos Aires,,,Costa Atlántica de la provincia de Buenos Aires,,,attraction,buenos-aires-province,Провинция Буэнос-Айрес,"-37.483962714832366,-57.12526822654299",content/knowledge-base/dostoprimechatelnosti/costa-atlantica-de-la-provincia-de-buenos-aires.md,content/knowledge-base/_index/content.json
jujuy-en-bicicleta,Cover Jujuy by Bike,Jujuy en bicicleta,,,Jujuy en bicicleta,,,attraction,noa,Жужуй,"-24.1857864,-65.2994767",content/knowledge-base/dostoprimechatelnosti/jujuy-en-bicicleta.md,content/knowledge-base/_index/content.json
cuesta-del-viento,Cuesta del Viento,Cuesta del Viento,,,Cuesta del Viento,,,attraction,cuyo,Сан-Хуан,"-30.183333,-69.066667",content/knowledge-base/dostoprimechatelnosti/cuesta-del-viento.md,content/knowledge-base/_index/content.json
circuito-cultural-en-formosa,Cultural circuit in Formosa,Circuito cultural en Formosa,,,Circuito cultural en Formosa,,,attraction,litoral,Формоса,"-26.10889560354226,-58.17497330648606",content/knowledge-base/dostoprimechatelnosti/circuito-cultural-en-formosa.md,content/knowledge-base/_index/content.json
turismo-cultural-en-rosario,Cultural tourism in Rosario,Turismo cultural en Rosario,,,Turismo cultural en Rosario,,,attraction,litoral,Санта-Фе,"-32.9587022,-60.69304159999999",content/knowledge-base/dostoprimechatelnosti/turismo-cultural-en-rosario.md,content/knowledge-base/_index/content.json
cusi-cusi,Cusi Cusi,Cusi Cusi,,,Cusi Cusi,,,attraction,noa,Жужуй,"-22.3407372,-66.49194539999999",content/knowledge-base/dostoprimechatelnosti/cusi-cusi.md,content/knowledge-base/_index/content.json
dinosaurios-de-la-patagonia,Dinosaurios de la Патагония,Dinosaurios de la Patagonia,,,Dinosaurios de la Patagonia,,,attraction,patagonia,Санта-Крус,"-37.463065302341704,-68.9462072808925",content/knowledge-base/dostoprimechatelnosti/dinosaurios-de-la-patagonia.md,content/knowledge-base/_index/content.json
dinosaurios-en-neuquen,Dinosaurs in Neuquén,Dinosaurios en Neuquén,,,Dinosaurios en Neuquén,,,attraction,patagonia,Неукен,"-38.592526549538356,-69.63070327166066",content/knowledge-base/dostoprimechatelnosti/dinosaurios-en-neuquen.md,content/knowledge-base/_index/content.json
el-hoyo,El Hoyo,El Hoyo,,,El Hoyo,,,attraction,patagonia,Чубут,"-42.06603436456272,-71.52369009743992",content/knowledge-base/dostoprimechatelnosti/el-hoyo.md,content/knowledge-base/_index/content.json
eldorado,Eldorado,Eldorado,,,Eldorado,,,attraction,litoral,Мисьонес,"-26.406386550697736,-54.62752715877737",content/knowledge-base/dostoprimechatelnosti/eldorado.md,content/knowledge-base/_index/content.json
empedrado,Empedrado,Empedrado,,,Empedrado,,,attraction,litoral,Корриентес,"-27.952497,-58.80319209999999",content/knowledge-base/dostoprimechatelnosti/empedrado.md,content/knowledge-base/_index/content.json
empedrado-y-el-carrizal,Empedrado and El Carrizal,Empedrado y El Carrizal,,,Empedrado y El Carrizal,,,attraction,litoral,Корриентес,"-27.90036065695863,-58.80127942058787",content/knowledge-base/dostoprimechatelnosti/empedrado-y-el-carrizal.md,content/knowledge-base/_index/content.json
epuyen,Epuyén,Epuyén,,,Epuyén,,,attraction,patagonia,Чубут,"-42.233799393447924,-71.34390071578967",content/knowledge-base/dostoprimechatelnosti/epuyen.md,content/knowledge-base/_index/content.json
esquina,Esquina,Esquina,,,Esquina,,,attraction,litoral,Корриентес,"-30.0184837,-59.53140879999999",content/knowledge-base/dostoprimechatelnosti/esquina.md,content/knowledge-base/_index/content.json
expedicion-al-avion-de-los-uruguayos,Expedition to the Uruguayan team’s plane,Expedición al avión de los uruguayos,,,Expedición al avión de los uruguayos,,,attraction,cuyo,Мендоса,"-35.03231101784132,-69.64463696308371",content/knowledge-base/dostoprimechatelnosti/expedicion-al-avion-de-los-uruguayos.md,content/knowledge-base/_index/content.json
expediciones-en-el-lago-huechulafquen,Expeditions in Huechulafquen Lake,Expediciones en el lago Huechulafquen,,,Expediciones en el lago Huechulafquen,,,attraction,patagonia,Неукен,"-39.762499908057485,-71.36593058141567",content/knowledge-base/dostoprimechatelnosti/expediciones-en-el-lago-huechulafquen.md,content/knowledge-base/_index/content.json
deportes-extremos-en-la-rioja,Extreme Sports in La Rioja,Deportes extremos en La Rioja,,,Deportes extremos en La Rioja,,,attraction,noa,Ла-Риоха,"-29.4134538,-66.8564579",content/knowledge-base/dostoprimechatelnosti/deportes-extremos-en-la-rioja.md,content/knowledge-base/_index/content.json
deportes-extremos-en-paso-de-la-patria,Extreme sports in Paso de la Patria,Deportes extremos en Paso de la Patria,,,Deportes extremos en Paso de la Patria,,,attraction,litoral,Корриентес,"-27.3148011,-58.56364680000001",content/knowledge-base/dostoprimechatelnosti/deportes-extremos-en-paso-de-la-patria.md,content/knowledge-base/_index/content.json
federacion,Federación,Federación,Федерасьон|термы Федерасьон|новый город Федерасьон,Federación,Federación|Федерасьон|термы Федерасьон|новый город Федерасьон,,,city,litoral,Энтре-Риос,"-30.9833,-57.9167",content/knowledge-base/goroda/federacion.md,content/knowledge-base/_index/content.json
fiambala,Fiambalá,Fiambalá,,,Fiambalá,,,attraction,noa,Катамарка,"-27.68933,-67.6193274",content/knowledge-base/dostoprimechatelnosti/fiambala.md,content/knowledge-base/_index/content.json
campo-del-cielo-y-saenz-pena,Field of the Sky [Campo del Cielo] and Sáenz Peña,Campo del Cielo y Sáenz Peña,,,Campo del Cielo y Sáenz Peña,,,attraction,litoral,Чако,"-27.60946239999999,-61.68172269999999",content/knowledge-base/dostoprimechatelnosti/campo-del-cielo-y-saenz-pena.md,content/knowledge-base/_index/content.json
pesca-en-el-dique-cabra-corral,Fishing at the Cabra Corral Dam,Pesca en el Dique Cabra Corral,,,Pesca en el Dique Cabra Corral,,,attraction,noa,Сальта,"-25.27175481546569,-65.33477430199417",content/knowledge-base/dostoprimechatelnosti/pesca-en-el-dique-cabra-corral.md,content/knowledge-base/_index/content.json
pesca-en-neuquen,Fishing in Neuquén,Pesca en Neuquén,,,Pesca en Neuquén,,,attraction,patagonia,Неукен,"-38.58161380378177,-69.8129890625",content/knowledge-base/dostoprimechatelnosti/pesca-en-neuquen.md,content/knowledge-base/_index/content.json
sabores-de-chaco,Flavors from Chaco,Sabores de Chaco,,,Sabores de Chaco,,,attraction,litoral,Чако,,content/knowledge-base/dostoprimechatelnosti/sabores-de-chaco.md,content/knowledge-base/_index/content.json
penas-folkloricas-en-salta,Folk peñas in Salta,Peñas folklóricas en Salta,,,Peñas folklóricas en Salta,,,attraction,noa,Сальта,"-24.745628286726866,-65.42018873277617",content/knowledge-base/dostoprimechatelnosti/penas-folkloricas-en-salta.md,content/knowledge-base/_index/content.json
bebidas-y-gastronomia-en-cordoba,Food and Drink in Córdoba,Bebidas y Gastronomía en Córdoba,,,Bebidas y Gastronomía en Córdoba,,,attraction,pampa,Кордова,"-31.42008329999999,-64.1887761",content/knowledge-base/dostoprimechatelnosti/bebidas-y-gastronomia-en-cordoba.md,content/knowledge-base/_index/content.json
circuito-gastronomico-en-el-rio-parana,Food circuit on the Paraná river,Circuito gastronómico en el río Paraná,,,Circuito gastronómico en el río Paraná,,,attraction,litoral,Санта-Фе,"-38.4161,-63.6167",content/knowledge-base/dostoprimechatelnosti/circuito-gastronomico-en-el-rio-parana.md,content/knowledge-base/_index/content.json
gastronomia-de-chaco,Food in Chaco,Gastronomía de Chaco,,,Gastronomía de Chaco,,,attraction,litoral,Чако,"-26.5857656,-60.9540073",content/knowledge-base/dostoprimechatelnosti/gastronomia-de-chaco.md,content/knowledge-base/_index/content.json
gastronomia-en-cordoba,Food in Córdoba,Gastronomía en Córdoba,,,Gastronomía en Córdoba,,,attraction,pampa,Кордова,"-31.379602467789827,-64.18961194692366",content/knowledge-base/dostoprimechatelnosti/gastronomia-en-cordoba.md,content/knowledge-base/_index/content.json
gastronomia-de-entre-rios,Food in Entre Ríos,Gastronomía de Entre Ríos,,,Gastronomía de Entre Ríos,,,attraction,litoral,Энтре-Риос,"-32.172281877736424,-58.47264598703393",content/knowledge-base/dostoprimechatelnosti/gastronomia-de-entre-rios.md,content/knowledge-base/_index/content.json
gastronomia-de-la-pampa,Food in La Pampa,Gastronomía de La Pampa,,,Gastronomía de La Pampa,,,attraction,pampa,Ла-Пампа,"-37.725735683626645,-65.58623961273662",content/knowledge-base/dostoprimechatelnosti/gastronomia-de-la-pampa.md,content/knowledge-base/_index/content.json
gastronomia-de-misiones,Food in Misiones,Gastronomía de Misiones,,,Gastronomía de Misiones,,,attraction,litoral,Мисьонес,"-27.403659815067865,-55.14431257454004",content/knowledge-base/dostoprimechatelnosti/gastronomia-de-misiones.md,content/knowledge-base/_index/content.json
gastronomia-en-santa-fe,Food in Santa Fe,Gastronomía en Santa Fe,,,Gastronomía en Santa Fe,,,attraction,litoral,Санта-Фе,"-30.160104551456833,-60.98687334108897",content/knowledge-base/dostoprimechatelnosti/gastronomia-en-santa-fe.md,content/knowledge-base/_index/content.json
gastronomia-en-santiago-del-estero,Food in Santiago del Estero,Gastronomía en Santiago del Estero,,,Gastronomía en Santiago del Estero,,,attraction,noa,Саньяго-дель-Эстеро,"-27.779357441857012,-64.25807381767068",content/knowledge-base/dostoprimechatelnosti/gastronomia-en-santiago-del-estero.md,content/knowledge-base/_index/content.json
molino-forclaz,Forclaz Windmill,Molino Forclaz,,,Molino Forclaz,,,attraction,litoral,Энтре-Риос,"-32.21699950000001,-58.1860002",content/knowledge-base/dostoprimechatelnosti/molino-forclaz.md,content/knowledge-base/_index/content.json
costanera-de-formosa,Formosa coastal promenade,Costanera de Formosa,,,Costanera de Formosa,,,attraction,litoral,Формоса,"-26.161786196125586,-58.189453906249994",content/knowledge-base/dostoprimechatelnosti/costanera-de-formosa.md,content/knowledge-base/_index/content.json
gaiman,Gaiman,Gaiman,,,Gaiman,,,attraction,patagonia,Чубут,"-43.2895976,-65.4920111",content/knowledge-base/dostoprimechatelnosti/gaiman.md,content/knowledge-base/_index/content.json
gastronomia-de-tierra-del-fuego,Gastronomía de Огненная Земля,Gastronomía de Tierra del Fuego,,,Gastronomía de Tierra del Fuego,,,attraction,tierra-del-fuego,Огненная Земля,"-54.87233799187374,-67.565016746521",content/knowledge-base/dostoprimechatelnosti/gastronomia-de-tierra-del-fuego.md,content/knowledge-base/_index/content.json
gastronomia-de-jujuy,Gastronomy in Jujuy,Gastronomía de Jujuy,,,Gastronomía de Jujuy,,,attraction,noa,Жужуй,"-23.216927242851884,-65.36730272216796",content/knowledge-base/dostoprimechatelnosti/gastronomia-de-jujuy.md,content/knowledge-base/_index/content.json
tradiciones-gauchas,Gaucho Traditions,Tradiciones gauchas,,,Tradiciones gauchas,,,attraction,buenos-aires-province,Провинция Буэнос-Айрес,"-37.2017285,-59.84106969999999",content/knowledge-base/dostoprimechatelnosti/tradiciones-gauchas.md,content/knowledge-base/_index/content.json
general-acha,General Acha,General Acha,,,General Acha,,,attraction,pampa,Ла-Пампа,"-37.3687938,-64.59986719999999",content/knowledge-base/dostoprimechatelnosti/general-acha.md,content/knowledge-base/_index/content.json
parque-general-san-martin,General San Martin Park,Parque General San Martín,,,Parque General San Martín,,,attraction,cuyo,Мендоса,"-32.88326,-68.8713697",content/knowledge-base/dostoprimechatelnosti/parque-general-san-martin.md,content/knowledge-base/_index/content.json
golf-en-mendoza,Golf en Мендоса,Golf en Mendoza,,,Golf en Mendoza,,,attraction,cuyo,Мендоса,"-32.901759970263164,-68.80903738313383",content/knowledge-base/dostoprimechatelnosti/golf-en-mendoza.md,content/knowledge-base/_index/content.json
golf-en-tierra-del-fuego,Golf en Огненная Земля,Golf en Tierra del Fuego,,,Golf en Tierra del Fuego,,,attraction,tierra-del-fuego,Огненная Земля,"-54.8132111800798,-68.32544112479168",content/knowledge-base/dostoprimechatelnosti/golf-en-tierra-del-fuego.md,content/knowledge-base/_index/content.json
gualeguaychu,Gualeguaychú,Gualeguaychú,Гуалегуайчу|Карнавал-дель-Паис|аргентинский карнавал,Gualeguaychú,Gualeguaychú|Гуалегуайчу|Карнавал-дель-Паис|аргентинский карнавал,,,city,litoral,Энтре-Риос,"-33.0094,-58.5172",content/knowledge-base/goroda/gualeguaychu.md,content/knowledge-base/_index/content.json
cultura-guarani-en-misiones,Guaraní Culture in Misiones,Cultura guaraní en Misiones,,,Cultura guaraní en Misiones,,,attraction,litoral,Мисьонес,"-25.666659693708343,-54.50226365274933",content/knowledge-base/dostoprimechatelnosti/cultura-guarani-en-misiones.md,content/knowledge-base/_index/content.json
isla-medialuna-antartida,"Half Moon Island, Antarctica","Isla Medialuna, Antártida",,,"Isla Medialuna, Antártida",,,attraction,tierra-del-fuego,Огненная Земля,"-54.8028427,-68.30164549999999",content/knowledge-base/dostoprimechatelnosti/isla-medialuna-antartida.md,content/knowledge-base/_index/content.json
artesania-formosena,Handicrafts in Formosa,Artesanía formoseña,,,Artesanía formoseña,,,attraction,litoral,Формоса,"-26.067659223653287,-58.145637798038265",content/knowledge-base/dostoprimechatelnosti/artesania-formosena.md,content/knowledge-base/_index/content.json
mate-en-la-laguna-capri,Have some mate by the Capri lagoon,Mate en la laguna Capri,,,Mate en la laguna Capri,,,attraction,patagonia,Санта-Крус,"-49.30196695889597,-72.93773946675893",content/knowledge-base/dostoprimechatelnosti/mate-en-la-laguna-capri.md,content/knowledge-base/_index/content.json
herradura,Herradura,Herradura,,,Herradura,,,attraction,litoral,Формоса,"-26.489863130028404,-58.31084027006118",content/knowledge-base/dostoprimechatelnosti/herradura.md,content/knowledge-base/_index/content.json
museo-de-arqueologia-de-alta-montana,High Mountain Archeological Museum [Museo de Arqueología de Alta Montaña],Museo de Arqueología de Alta Montaña,,,Museo de Arqueología de Alta Montaña,,,attraction,noa,Сальта,"-24.789030407834872,-65.41102199593148",content/knowledge-base/dostoprimechatelnosti/museo-de-arqueologia-de-alta-montana.md,content/knowledge-base/_index/content.json
senderismo-con-llamas-en-jujuy,Hiking with llamas in Jujuy,Senderismo con llamas en Jujuy,,,Senderismo con llamas en Jujuy,,,attraction,noa,Жужуй,"-23.424563415499343,-65.31957690258672",content/knowledge-base/dostoprimechatelnosti/senderismo-con-llamas-en-jujuy.md,content/knowledge-base/_index/content.json
cabalgatas-en-cerro-belvedere-y-cascada-inacayal,Horseback rides in Belvedere Hill and Inacayal waterfall,Cabalgatas en cerro Belvedere y cascada Inacayal,,,Cabalgatas en cerro Belvedere y cascada Inacayal,,,attraction,patagonia,Неукен,"-40.75710579893187,-71.66516373925089",content/knowledge-base/dostoprimechatelnosti/cabalgatas-en-cerro-belvedere-y-cascada-inacayal.md,content/knowledge-base/_index/content.json
cabalgata-en-los-molles,Horseback riding in Los Molles,Cabalgata en Los Molles,,,Cabalgata en Los Molles,,,attraction,cuyo,Мендоса,"-35.1656176,-69.9388657",content/knowledge-base/dostoprimechatelnosti/cabalgata-en-los-molles.md,content/knowledge-base/_index/content.json
cabalgatas-en-tafi-del-valle,Horseback riding in Tafí del Valle,Cabalgatas en Tafí del Valle,,,Cabalgatas en Tafí del Valle,,,attraction,noa,Тукуман,"-26.8516667,-65.70981669999999",content/knowledge-base/dostoprimechatelnosti/cabalgatas-en-tafi-del-valle.md,content/knowledge-base/_index/content.json
cabalgatas-en-las-sierras-bonaerenses,Horseback riding in the hills of Буэнос-Айрес,Cabalgatas en las sierras bonaerenses,,,Cabalgatas en las sierras bonaerenses,,,attraction,buenos-aires-province,Провинция Буэнос-Айрес,"-36.025145894632736,-60.509509734018074",content/knowledge-base/dostoprimechatelnosti/cabalgatas-en-las-sierras-bonaerenses.md,content/knowledge-base/_index/content.json
cabalgata-en-el-lago-roca,Horseback riding in the Roca lake,Cabalgata en el lago Roca,,,Cabalgata en el lago Roca,,,attraction,patagonia,Санта-Крус,"-50.53872792180921,-72.81171798706055",content/knowledge-base/dostoprimechatelnosti/cabalgata-en-el-lago-roca.md,content/knowledge-base/_index/content.json
cabalgatas-en-valle-chico,Horseback riding in Valle Chico,Cabalgatas en Valle Chico,,,Cabalgatas en Valle Chico,,,attraction,patagonia,Чубут,"-43.179064117434855,-70.95502908972605",content/knowledge-base/dostoprimechatelnosti/cabalgatas-en-valle-chico.md,content/knowledge-base/_index/content.json
humahuaca,Humahuaca,Humahuaca,город Умауака,Humahuaca,Humahuaca|город Умауака,,,attraction,noa,Жужуй,"-23.2044,-65.3506",content/knowledge-base/dostoprimechatelnosti/humahuaca.md,content/knowledge-base/_index/content.json
carnaval-de-humahuaca,Humahuaca Carnival,Carnaval de Humahuaca,,,Carnaval de Humahuaca,,,attraction,noa,Жужуй,"-23.200246113898793,-65.35151954739314",content/knowledge-base/dostoprimechatelnosti/carnaval-de-humahuaca.md,content/knowledge-base/_index/content.json
patinaje-en-bahia-redonda,Ice-skating in Bahía Redonda,Patinaje en Bahía Redonda,,,Patinaje en Bahía Redonda,,,attraction,patagonia,Санта-Крус,"-50.3394838,-72.2894567",content/knowledge-base/dostoprimechatelnosti/patinaje-en-bahia-redonda.md,content/knowledge-base/_index/content.json
puente-del-inca,Inca Bridge,Puente del Inca,Мост инков|Пуэнте-дель-Инка,Puente del Inca,Puente del Inca|Мост инков|Пуэнте-дель-Инка,,,attraction,cuyo,Мендоса,"-32.8256,-69.9114",content/knowledge-base/dostoprimechatelnosti/puente-del-inca.md,content/knowledge-base/_index/content.json
intendente-alvear,Intendente Alvear,Intendente Alvear,,,Intendente Alvear,,,attraction,pampa,Ла-Пампа,"-35.2339031,-63.5928493",content/knowledge-base/dostoprimechatelnosti/intendente-alvear.md,content/knowledge-base/_index/content.json
ruta-interlagos-san-juan,Interlagos San Juan Route,Ruta Interlagos San Juan,,,Ruta Interlagos San Juan,,,attraction,cuyo,Сан-Хуан,"-31.482468918050905,-68.65413499509667",content/knowledge-base/dostoprimechatelnosti/ruta-interlagos-san-juan.md,content/knowledge-base/_index/content.json
bienal-internacional-de-esculturas-en-resistencia,International Sculpture Biennale in Resistencia,Bienal Internacional de Esculturas en Resistencia,,,Bienal Internacional de Esculturas en Resistencia,,,attraction,litoral,Чако,"-27.4518622,-58.98555469999999",content/knowledge-base/dostoprimechatelnosti/bienal-internacional-de-esculturas-en-resistencia.md,content/knowledge-base/_index/content.json
iruya,Iruya,Iruya,деревня Ирую,Iruya,Iruya|деревня Ирую,,,attraction,noa,Сальта,"-22.7897,-65.2247",content/knowledge-base/dostoprimechatelnosti/iruya.md,content/knowledge-base/_index/content.json
parques-naturales-ischigualasto-y-talampaya-patrimonios-de-la-humanidad,Ischigualasto and Talampaya Natural Parks: World Heritage Sites,Parques Naturales Ischigualasto y Talampaya: Patrimonios de la Humanidad,,,Parques Naturales Ischigualasto y Talampaya: Patrimonios de la Humanidad,,,attraction,noa,Ла-Риоха,"-29.9997967716841,-67.7674692279785",content/knowledge-base/dostoprimechatelnosti/parques-naturales-ischigualasto-y-talampaya-patrimonios-de-la-humanidad.md,content/knowledge-base/_index/content.json
isla-del-cerrito,Isla del Cerrito,Isla del Cerrito,,,Isla del Cerrito,,,attraction,litoral,Чако,"-27.2909185,-58.6151276",content/knowledge-base/dostoprimechatelnosti/isla-del-cerrito.md,content/knowledge-base/_index/content.json
parque-marino-isla-pinguino,Isla Pingüino Sea Park,Parque Marino Isla Pingüino,,,Parque Marino Isla Pingüino,,,attraction,patagonia,Санта-Крус,"-47.90511060421187,-65.71619875689625",content/knowledge-base/dostoprimechatelnosti/parque-marino-isla-pinguino.md,content/knowledge-base/_index/content.json
ituzaingo,Ituzaingó,Ituzaingó,,,Ituzaingó,,,attraction,litoral,Корриентес,"-27.5884602,-56.69007819999999",content/knowledge-base/dostoprimechatelnosti/ituzaingo.md,content/knowledge-base/_index/content.json
jaaukanigas,Jaaukanigás,Jaaukanigás,,,Jaaukanigás,,,attraction,litoral,Санта-Фе,"-28.0594169867725,-58.887464003113976",content/knowledge-base/dostoprimechatelnosti/jaaukanigas.md,content/knowledge-base/_index/content.json
jachal,Jáchal,Jáchal,,,Jáchal,,,attraction,cuyo,Сан-Хуан,"-30.398705839790132,-68.37681667225426",content/knowledge-base/dostoprimechatelnosti/jachal.md,content/knowledge-base/_index/content.json
jaramillo,Jaramillo,Jaramillo,,,Jaramillo,,,attraction,patagonia,Санта-Крус,"-47.18371027274996,-67.14284092098357",content/knowledge-base/dostoprimechatelnosti/jaramillo.md,content/knowledge-base/_index/content.json
legado-jesuita-en-cordoba,Jesuit legacy in Córdoba,Legado jesuita en Córdoba,,,Legado jesuita en Córdoba,,,attraction,pampa,Кордова,"-31.40100702157008,-64.19856358497881",content/knowledge-base/dostoprimechatelnosti/legado-jesuita-en-cordoba.md,content/knowledge-base/_index/content.json
juan-jose-castelli,Juan José Castelli,Juan José Castelli,,,Juan José Castelli,,,attraction,litoral,Чако,"-25.947088,-60.61983970000001",content/knowledge-base/dostoprimechatelnosti/juan-jose-castelli.md,content/knowledge-base/_index/content.json
junin-de-los-andes,Junín de los Andes,Junín de los Andes,,,Junín de los Andes,,,attraction,patagonia,Неукен,"-39.988211519174676,-71.07576994787597",content/knowledge-base/dostoprimechatelnosti/junin-de-los-andes.md,content/knowledge-base/_index/content.json
kayak-en-bariloche,Kayak en Барилоче,Kayak en Bariloche,,,Kayak en Bariloche,,,attraction,patagonia,Рио-Негро,"-41.1334722,-71.3102778",content/knowledge-base/dostoprimechatelnosti/kayak-en-bariloche.md,content/knowledge-base/_index/content.json
kayak-en-el-parana,Kayaking in the Paraná,Kayak en el Paraná,,,Kayak en el Paraná,,,attraction,litoral,Санта-Фе,"-31.6106578,-60.697294",content/knowledge-base/dostoprimechatelnosti/kayak-en-el-parana.md,content/knowledge-base/_index/content.json
centro-de-esqui-la-hoya,La Hoya ski resort,Centro de esquí La Hoya,,,Centro de esquí La Hoya,,,attraction,patagonia,Чубут,"-42.84921740882709,-71.44072651946188",content/knowledge-base/dostoprimechatelnosti/centro-de-esqui-la-hoya.md,content/knowledge-base/_index/content.json
sabores-riojanos,La Rioja Tastes,Sabores riojanos,,,Sabores riojanos,,,attraction,noa,Ла-Риоха,"-29.4134538,-66.8564579",content/knowledge-base/dostoprimechatelnosti/sabores-riojanos.md,content/knowledge-base/_index/content.json
laberinto-patagonia,Laberinto Патагония,Laberinto Patagonia,,,Laberinto Patagonia,,,attraction,patagonia,Чубут,"-38.4161,-63.6167",content/knowledge-base/dostoprimechatelnosti/laberinto-patagonia.md,content/knowledge-base/_index/content.json
lagos-de-tierra-del-fuego,Lagos de Огненная Земля,Lagos de Tierra del Fuego,,,Lagos de Tierra del Fuego,,,attraction,tierra-del-fuego,Огненная Земля,"-54.55879560020095,-67.99474326770279",content/knowledge-base/dostoprimechatelnosti/lagos-de-tierra-del-fuego.md,content/knowledge-base/_index/content.json
volcan-lanin,Lanín volcano,Volcán Lanín,,,Volcán Lanín,,,attraction,patagonia,Неукен,"-39.817626196781276,-71.45442863534637",content/knowledge-base/dostoprimechatelnosti/volcan-lanin.md,content/knowledge-base/_index/content.json
area-natural-protegida-rio-limay,Limay River Protected Natural Area,Área Natural Protegida Río Limay,,,Área Natural Protegida Río Limay,,,attraction,patagonia,Рио-Негро,"-38.987891,-68.22350380000002",content/knowledge-base/dostoprimechatelnosti/area-natural-protegida-rio-limay.md,content/knowledge-base/_index/content.json
los-antiguos,Los Antiguos,Los Antiguos,,,Los Antiguos,,,city,patagonia,Санта-Крус,"-46.55,-71.6167",content/knowledge-base/goroda/los-antiguos.md,content/knowledge-base/_index/content.json
museo-arqueologico-los-menhires,Los Menhires Archaeological Museum,Museo Arqueológico Los Menhires,,,Museo Arqueológico Los Menhires,,,attraction,noa,Тукуман,"-26.9387,-65.70705",content/knowledge-base/dostoprimechatelnosti/museo-arqueologico-los-menhires.md,content/knowledge-base/_index/content.json
maimara,Maimará,Maimará,Маймара|Палитра художника,La Paleta del Pintor|Maimará,Maimará|Маймара|Палитра художника|La Paleta del Pintor,,,attraction,noa,Жужуй,"-23.6247,-65.4064",content/knowledge-base/dostoprimechatelnosti/maimara.md,content/knowledge-base/_index/content.json
parque-marino-makenke,Makenke Sea Park,Parque Marino Makenke,,,Parque Marino Makenke,,,attraction,patagonia,Санта-Крус,"-49.309769387799506,-67.71735712306446",content/knowledge-base/dostoprimechatelnosti/parque-marino-makenke.md,content/knowledge-base/_index/content.json
malargue,Malargüe,Malargüe,,,Malargüe,,,attraction,cuyo,Мендоса,"-35.484462,-69.57974949999999",content/knowledge-base/dostoprimechatelnosti/malargue.md,content/knowledge-base/_index/content.json
colonia-menonita-en-la-pampa,Mennonite Colony in La Pampa,Colonia menonita en La Pampa,,,Colonia menonita en La Pampa,,,attraction,pampa,Ла-Пампа,"-37.66477392634194,-63.53886749290447",content/knowledge-base/dostoprimechatelnosti/colonia-menonita-en-la-pampa.md,content/knowledge-base/_index/content.json
minitrekking-sobre-el-glaciar-perito-moreno,Minitrekking sobre el Glaciar Перито-Морено,Minitrekking sobre el Glaciar Perito Moreno,,,Minitrekking sobre el Glaciar Perito Moreno,,,attraction,patagonia,Санта-Крус,"-50.483305118317396,-73.05373213857034",content/knowledge-base/dostoprimechatelnosti/minitrekking-sobre-el-glaciar-perito-moreno.md,content/knowledge-base/_index/content.json
miraflores,Miraflores,Miraflores,,,Miraflores,,,attraction,litoral,Чако,"-25.4075523,-60.4483364",content/knowledge-base/dostoprimechatelnosti/miraflores.md,content/knowledge-base/_index/content.json
monte-olivia-y-glaciar-de-agostini,Monte Olivia and Glaciar de Agostini,Monte Olivia y Glaciar de Agostini,,,Monte Olivia y Glaciar de Agostini,,,attraction,tierra-del-fuego,Огненная Земля,"-54.3083548,-67.7451565",content/knowledge-base/dostoprimechatelnosti/monte-olivia-y-glaciar-de-agostini.md,content/knowledge-base/_index/content.json
mountain-bike-en-piedra-del-aguila,Mountain biking in Piedra del Águila,Mountain bike en Piedra del Águila,,,Mountain bike en Piedra del Águila,,,attraction,patagonia,Неукен,"-40.046260314908416,-70.09405683397908",content/knowledge-base/dostoprimechatelnosti/mountain-bike-en-piedra-del-aguila.md,content/knowledge-base/_index/content.json
montanismo-en-jujuy,Mountain Climbing in Jujuy,Montañismo en Jujuy,,,Montañismo en Jujuy,,,attraction,noa,Жужуй,"-24.1857864,-65.2994767",content/knowledge-base/dostoprimechatelnosti/montanismo-en-jujuy.md,content/knowledge-base/_index/content.json
red-de-refugios-de-montana,Mountain Refuge Network,Red de Refugios de Montaña,,,Red de Refugios de Montaña,,,attraction,patagonia,Рио-Негро,"-41.139291219390564,-71.49710722617404",content/knowledge-base/dostoprimechatelnosti/red-de-refugios-de-montana.md,content/knowledge-base/_index/content.json
andinismo-y-montanismo-en-neuquen,Mountaineering in Neuquén,Andinismo y montañismo en Neuquén,,,Andinismo y montañismo en Neuquén,,,attraction,patagonia,Неукен,"-38.318117716274664,-70.3403328125",content/knowledge-base/dostoprimechatelnosti/andinismo-y-montanismo-en-neuquen.md,content/knowledge-base/_index/content.json
fiesta-nacional-del-canotaje-en-chaco,National Canoeing Festival in Chaco,Fiesta Nacional del Canotaje en Chaco,,,Fiesta Nacional del Canotaje en Chaco,,,attraction,litoral,Чако,"-27.4277782,-58.9843711",content/knowledge-base/dostoprimechatelnosti/fiesta-nacional-del-canotaje-en-chaco.md,content/knowledge-base/_index/content.json
fiesta-nacional-del-sol-en-san-juan,National Sun Festival in San Juan,Fiesta Nacional del Sol en San Juan,,,Fiesta Nacional del Sol en San Juan,,,attraction,cuyo,Сан-Хуан,"-31.5351074,-68.5385941",content/knowledge-base/dostoprimechatelnosti/fiesta-nacional-del-sol-en-san-juan.md,content/knowledge-base/_index/content.json
navegacion-en-tierra-del-fuego,Navegación en Огненная Земля,Navegación en Tierra del Fuego,,,Navegación en Tierra del Fuego,,,attraction,tierra-del-fuego,Огненная Земля,"-54.8327646296394,-68.24353766952437",content/knowledge-base/dostoprimechatelnosti/navegacion-en-tierra-del-fuego.md,content/knowledge-base/_index/content.json
nevado-de-chani,Nevado de Chañi,Nevado de Chañi,,,Nevado de Chañi,,,attraction,noa,Жужуй,"-24.06059101002792,-65.7422790395179",content/knowledge-base/dostoprimechatelnosti/nevado-de-chani.md,content/knowledge-base/_index/content.json
newells-old-boys,Newell's Old Boys,Newell's Old Boys,,,Newell's Old Boys,,,attraction,litoral,Санта-Фе,"-32.9587022,-60.69304159999999",content/knowledge-base/dostoprimechatelnosti/newells-old-boys.md,content/knowledge-base/_index/content.json
cascada-nivinco-y-pichi-traful,Ñivinco and Pichi Traful Waterfalls,Cascada Ñivinco y Pichi Traful,,,Cascada Ñivinco y Pichi Traful,,,attraction,patagonia,Неукен,"-40.7627426,-71.6417984",content/knowledge-base/dostoprimechatelnosti/cascada-nivinco-y-pichi-traful.md,content/knowledge-base/_index/content.json
nueva-cordoba,Nueva Córdoba,Nueva Córdoba,,,Nueva Córdoba,,,attraction,pampa,Кордова,"-38.4161,-63.6167",content/knowledge-base/dostoprimechatelnosti/nueva-cordoba.md,content/knowledge-base/_index/content.json
obera,Oberá,Oberá,,,Oberá,,,attraction,litoral,Мисьонес,"-27.501156035872953,-55.11622589374899",content/knowledge-base/dostoprimechatelnosti/obera.md,content/knowledge-base/_index/content.json
ruta-del-olivo-san-juan,"Olive Route, San Juan","Ruta del Olivo, San Juan",,,"Ruta del Olivo, San Juan",,,attraction,cuyo,Сан-Хуан,"-31.620355654856077,-68.29394483536454",content/knowledge-base/dostoprimechatelnosti/ruta-del-olivo-san-juan.md,content/knowledge-base/_index/content.json
temporada-de-orcas-en-peninsula-valdes,Orca season at Península Valdés,Temporada de orcas en Península Valdés,,,Temporada de orcas en Península Valdés,,,attraction,patagonia,Чубут,"-42.54546651084204,-63.614558752005365",content/knowledge-base/dostoprimechatelnosti/temporada-de-orcas-en-peninsula-valdes.md,content/knowledge-base/_index/content.json
turismo-paleontologico-en-neuquen,Paleontological tourism in Neuquén,Turismo paleontológico en Neuquén,,,Turismo paleontológico en Neuquén,,,attraction,patagonia,Неукен,"-38.75638591363193,-68.802246875",content/knowledge-base/dostoprimechatelnosti/turismo-paleontologico-en-neuquen.md,content/knowledge-base/_index/content.json
parapente-en-cerro-san-javier,Paragliding in Cerro San Javier,Parapente en Cerro San Javier,,,Parapente en Cerro San Javier,,,attraction,noa,Тукуман,"-26.78264350177023,-65.38984815647979",content/knowledge-base/dostoprimechatelnosti/parapente-en-cerro-san-javier.md,content/knowledge-base/_index/content.json
delta-del-parana,Paraná — дельта,Delta del Paraná,,,Delta del Paraná,,,attraction,litoral,Энтре-Риос,"-32.279833,-60.7213894",content/knowledge-base/dostoprimechatelnosti/delta-del-parana.md,content/knowledge-base/_index/content.json
parques-de-parana,Paraná Parks,Parques de Paraná,,,Parques de Paraná,,,attraction,litoral,Энтре-Риос,"-31.71811474713431,-60.51958543701171",content/knowledge-base/dostoprimechatelnosti/parques-de-parana.md,content/knowledge-base/_index/content.json
parque-marino-costero-patagonia-austral,Parque Marino Costero Патагония Austral,Parque Marino Costero Patagonia Austral,,,Parque Marino Costero Patagonia Austral,,,attraction,patagonia,Чубут,"-45.05554401708026,-65.69426268568752",content/knowledge-base/dostoprimechatelnosti/parque-marino-costero-patagonia-austral.md,content/knowledge-base/_index/content.json
paseos-aereos-en-ushuaia,Paseos aéreos en Ушуайя,Paseos aéreos en Ushuaia,,,Paseos aéreos en Ushuaia,,,attraction,tierra-del-fuego,Огненная Земля,"-54.81060435403533,-68.31110278658322",content/knowledge-base/dostoprimechatelnosti/paseos-aereos-en-ushuaia.md,content/knowledge-base/_index/content.json
paso-de-la-patria,Paso de la Patria,Paso de la Patria,,,Paso de la Patria,,,attraction,litoral,Корриентес,"-27.3148011,-58.56364680000001",content/knowledge-base/dostoprimechatelnosti/paso-de-la-patria.md,content/knowledge-base/_index/content.json
caminos-de-la-fe-san-juan,"Paths of faith, San Juan","Caminos de la fe, San Juan",,,"Caminos de la fe, San Juan",,,attraction,cuyo,Сан-Хуан,"-31.46888292282472,-68.5169239222737",content/knowledge-base/dostoprimechatelnosti/caminos-de-la-fe-san-juan.md,content/knowledge-base/_index/content.json
pinguinos-en-punta-tombo,Penguins at Punta Tombo,Pingüinos en Punta Tombo,,,Pingüinos en Punta Tombo,,,attraction,patagonia,Чубут,"-43.202323026959334,-64.8032234375",content/knowledge-base/dostoprimechatelnosti/pinguinos-en-punta-tombo.md,content/knowledge-base/_index/content.json
peninsula-valdes-sitio-patrimonio-mundial-de-la-unesco,Península Valdés: World Heritage Site,"Península Valdés, Sitio Patrimonio Mundial de la UNESCO",,,"Península Valdés, Sitio Patrimonio Mundial de la UNESCO",,,attraction,patagonia,Чубут,"-42.50399555463521,-63.88117028253682",content/knowledge-base/dostoprimechatelnosti/peninsula-valdes-sitio-patrimonio-mundial-de-la-unesco.md,content/knowledge-base/_index/content.json
pesca-en-tierra-del-fuego,Pesca en Огненная Земля,Pesca en Tierra del Fuego,,,Pesca en Tierra del Fuego,,,attraction,tierra-del-fuego,Огненная Земля,"-53.79613229050938,-67.69711091716245",content/knowledge-base/dostoprimechatelnosti/pesca-en-tierra-del-fuego.md,content/knowledge-base/_index/content.json
pico-truncado,Pico Truncado,Pico Truncado,,,Pico Truncado,,,attraction,patagonia,Санта-Крус,"-46.79099819665427,-67.93211258003562",content/knowledge-base/dostoprimechatelnosti/pico-truncado.md,content/knowledge-base/_index/content.json
piedra-parada,Piedra Parada,Piedra Parada,,,Piedra Parada,,,attraction,patagonia,Чубут,"-42.72639264168301,-70.5419573506772",content/knowledge-base/dostoprimechatelnosti/piedra-parada.md,content/knowledge-base/_index/content.json
playas-de-la-patagonia,Playas de la Патагония,Playas de la Patagonia,,,Playas de la Patagonia,,,attraction,patagonia,Рио-Негро,"-42.97520840407863,-64.8926997037893",content/knowledge-base/dostoprimechatelnosti/playas-de-la-patagonia.md,content/knowledge-base/_index/content.json
posadas,Posadas,Posadas,Посадас|столица Мисьонес,Posadas,Posadas|Посадас|столица Мисьонес,,,city,litoral,Мисьонес,"-27.3671,-55.8961",content/knowledge-base/goroda/posadas.md,content/knowledge-base/_index/content.json
puerto-iguazu,Puerto Игуасу,Puerto Iguazú,Пуэрто-Игуасу|город у водопадов|Игуасу город,Puerto Iguazú,Puerto Iguazú|Пуэрто-Игуасу|город у водопадов|Игуасу город,,,city,litoral,Мисьонес,"-25.5985,-54.5735",content/knowledge-base/goroda/puerto-iguazu.md,content/knowledge-base/_index/content.json
puerto-deseado,Puerto Deseado,Puerto Deseado,,,Puerto Deseado,,,city,patagonia,Санта-Крус,"-47.75,-65.899",content/knowledge-base/goroda/puerto-deseado.md,content/knowledge-base/_index/content.json
corredor-de-la-puna,Puna Route,Corredor de la Puna,,,Corredor de la Puna,,,attraction,noa,Сальта,"-24.820493459897342,-67.29192404636919",content/knowledge-base/dostoprimechatelnosti/corredor-de-la-puna.md,content/knowledge-base/_index/content.json
purmamarca,Purmamarca,Purmamarca,,,Purmamarca,,,attraction,noa,Жужуй,"-23.74633592020762,-65.49485600480308",content/knowledge-base/dostoprimechatelnosti/purmamarca.md,content/knowledge-base/_index/content.json
qhapaq-nan-el-shincal,Qhapaq Ñan: El Shincal,Qhapaq Ñan: El Shincal,,,Qhapaq Ñan: El Shincal,,,attraction,noa,Катамарка,"-27.63867728503216,-67.151160153793",content/knowledge-base/dostoprimechatelnosti/qhapaq-nan-el-shincal.md,content/knowledge-base/_index/content.json
ruta-de-la-cultura-qom,Qom culture route,Ruta de la cultura qom,,,Ruta de la cultura qom,,,attraction,litoral,Чако,"-25.77398543883162,-60.11161444639657",content/knowledge-base/dostoprimechatelnosti/ruta-de-la-cultura-qom.md,content/knowledge-base/_index/content.json
quitilipi,Quitilipi,Quitilipi,,,Quitilipi,,,attraction,litoral,Чако,"-26.8720031,-60.2211755",content/knowledge-base/dostoprimechatelnosti/quitilipi.md,content/knowledge-base/_index/content.json
rafaela,Rafaela,Rafaela,,,Rafaela,,,attraction,litoral,Санта-Фе,"-31.2525979,-61.49164219999999",content/knowledge-base/dostoprimechatelnosti/rafaela.md,content/knowledge-base/_index/content.json
rafting-en-el-rio-mendoza,Rafting en el río Мендоса,Rafting en el río Mendoza,,,Rafting en el río Mendoza,,,attraction,cuyo,Мендоса,"-32.952895495478984,-69.19169480210007",content/knowledge-base/dostoprimechatelnosti/rafting-en-el-rio-mendoza.md,content/knowledge-base/_index/content.json
rafting-en-el-rio-chimehuin,Rafting in the Chimehuin River,Rafting en el río Chimehuin,,,Rafting en el río Chimehuin,,,attraction,patagonia,Неукен,"-38.70033506005872,-68.75014698022582",content/knowledge-base/dostoprimechatelnosti/rafting-en-el-rio-chimehuin.md,content/knowledge-base/_index/content.json
rafting-en-el-rio-corcovado,Rafting in the Corcovado River,Rafting en el río Corcovado,,,Rafting en el río Corcovado,,,attraction,patagonia,Чубут,"-43.53366792244481,-71.46684702523955",content/knowledge-base/dostoprimechatelnosti/rafting-en-el-rio-corcovado.md,content/knowledge-base/_index/content.json
rafting-en-el-rio-hua-hum,Rafting in the Hua Hum River,Rafting en el río Hua Hum,,,Rafting en el río Hua Hum,,,attraction,patagonia,Неукен,"-40.113051454860866,-71.6623508753892",content/knowledge-base/dostoprimechatelnosti/rafting-en-el-rio-hua-hum.md,content/knowledge-base/_index/content.json
rafting-en-el-rio-manso,Rafting in the Manso River,Rafting en el río Manso,,,Rafting en el río Manso,,,attraction,patagonia,Рио-Негро,"-41.084484830341246,-71.42443734886639",content/knowledge-base/dostoprimechatelnosti/rafting-en-el-rio-manso.md,content/knowledge-base/_index/content.json
reconquista,Reconquista,Reconquista,,,Reconquista,,,attraction,litoral,Санта-Фе,"-29.1448193,-59.64352419999999",content/knowledge-base/dostoprimechatelnosti/reconquista.md,content/knowledge-base/_index/content.json
turismo-religioso-en-salta,Religious Tourism in Salta,Turismo Religioso en Salta,,,Turismo Religioso en Salta,,,attraction,noa,Сальта,"-24.7821269,-65.4231976",content/knowledge-base/dostoprimechatelnosti/turismo-religioso-en-salta.md,content/knowledge-base/_index/content.json
renca-san-luis,"Renca, San Luis","Renca, San Luis",,,"Renca, San Luis",,,attraction,cuyo,Сан-Луис,"-32.7707995,-65.3647363",content/knowledge-base/dostoprimechatelnosti/renca-san-luis.md,content/knowledge-base/_index/content.json
autodromo-internacional-de-rio-hondo,Río Hondo International Racetrack,Autódromo Internacional de Río Hondo,,,Autódromo Internacional de Río Hondo,,,attraction,noa,Саньяго-дель-Эстеро,"-27.5115323,-64.9202976",content/knowledge-base/dostoprimechatelnosti/autodromo-internacional-de-rio-hondo.md,content/knowledge-base/_index/content.json
roque-saenz-pena,Roque Sáenz Peña,Roque Sáenz Peña,,,Roque Sáenz Peña,,,attraction,litoral,Чако,"-26.8004428,-60.4312354",content/knowledge-base/dostoprimechatelnosti/roque-saenz-pena.md,content/knowledge-base/_index/content.json
puente-rosario-victoria,Rosario-Victoria Bridge,Puente Rosario-Victoria,,,Puente Rosario-Victoria,,,attraction,litoral,Санта-Фе,"-32.8706169,-60.6892104",content/knowledge-base/dostoprimechatelnosti/puente-rosario-victoria.md,content/knowledge-base/_index/content.json
ruta-de-los-siete-lagos,Route of Seven Lakes,Ruta de los Siete Lagos,,,Ruta de los Siete Lagos,,,attraction,patagonia,Неукен,"-40.175841796818055,-71.36151730027784",content/knowledge-base/dostoprimechatelnosti/ruta-de-los-siete-lagos.md,content/knowledge-base/_index/content.json
turismo-rural-comunitario,Rural community tourism,Turismo rural comunitario,,,Turismo rural comunitario,,,attraction,patagonia,Неукен,"-38.89493430366755,-68.64843828125",content/knowledge-base/dostoprimechatelnosti/turismo-rural-comunitario.md,content/knowledge-base/_index/content.json
turismo-rural-en-la-pampa,Rural tourism in La Pampa,Turismo rural en La Pampa,,,Turismo rural en La Pampa,,,attraction,pampa,Ла-Пампа,"-36.845206631227995,-65.11946720403253",content/knowledge-base/dostoprimechatelnosti/turismo-rural-en-la-pampa.md,content/knowledge-base/_index/content.json
turismo-rural-en-salta,Rural Tourism in Salta,Turismo Rural en Salta,,,Turismo Rural en Salta,,,attraction,noa,Сальта,"-24.826743299702095,-65.34624027745468",content/knowledge-base/dostoprimechatelnosti/turismo-rural-en-salta.md,content/knowledge-base/_index/content.json
ruta-40-en-chubut,Ruta 40 in Chubut,Ruta 40 en Chubut,,,Ruta 40 en Chubut,,,attraction,patagonia,Чубут,"-42.32926071567134,-71.1478279296875",content/knowledge-base/dostoprimechatelnosti/ruta-40-en-chubut.md,content/knowledge-base/_index/content.json
ruta-40-en-santa-cruz,Ruta 40 in Santa Cruz,Ruta 40 en Santa Cruz,,,Ruta 40 en Santa Cruz,,,attraction,patagonia,Санта-Крус,"-49.100083108129276,-72.77929765624995",content/knowledge-base/dostoprimechatelnosti/ruta-40-en-santa-cruz.md,content/knowledge-base/_index/content.json
ruta-azul,Ruta Azul,Ruta Azul,,,Ruta Azul,,,attraction,patagonia,Чубут,"-45.418841089175565,-67.6157234375",content/knowledge-base/dostoprimechatelnosti/ruta-azul.md,content/knowledge-base/_index/content.json
ruta-del-vino-en-la-patagonia,Ruta del Vino en la Патагония,Ruta del Vino en la Patagonia,,,Ruta del Vino en la Patagonia,,,attraction,patagonia,Неукен,"-38.4161,-63.6167",content/knowledge-base/dostoprimechatelnosti/ruta-del-vino-en-la-patagonia.md,content/knowledge-base/_index/content.json
rutas-de-tierra-del-fuego,Rutas de Огненная Земля,Rutas de Tierra del Fuego,,,Rutas de Tierra del Fuego,,,attraction,tierra-del-fuego,Огненная Земля,"-54.34261096738581,-67.23471298403187",content/knowledge-base/dostoprimechatelnosti/rutas-de-tierra-del-fuego.md,content/knowledge-base/_index/content.json
navegacion-por-el-lago-argentino,Sailing along Lago Argentino,Navegación por el Lago Argentino,,,Navegación por el Lago Argentino,,,attraction,patagonia,Санта-Крус,"-50.36399224653598,-72.493653125",content/knowledge-base/dostoprimechatelnosti/navegacion-por-el-lago-argentino.md,content/knowledge-base/_index/content.json
navegacion-entre-glaciares,Sailing among glaciers,Navegación entre glaciares,,,Navegación entre glaciares,,,attraction,patagonia,Санта-Крус,"-50.29792097495978,-73.23412491859027",content/knowledge-base/dostoprimechatelnosti/navegacion-entre-glaciares.md,content/knowledge-base/_index/content.json
navegacion-en-los-rios-limay-y-neuquen,Sailing on the Limay and Neuquén rivers,Navegación en los ríos Limay y Neuquén,,,Navegación en los ríos Limay y Neuquén,,,attraction,patagonia,Неукен,"-39.31521949856471,-68.91182656627191",content/knowledge-base/dostoprimechatelnosti/navegacion-en-los-rios-limay-y-neuquen.md,content/knowledge-base/_index/content.json
salta-y-san-lorenzo,Salta and San Lorenzo,Salta y San Lorenzo,,,Salta y San Lorenzo,,,attraction,noa,Сальта,"-24.75211818027902,-65.43797702573893",content/knowledge-base/dostoprimechatelnosti/salta-y-san-lorenzo.md,content/knowledge-base/_index/content.json
museos-de-salta,Salta Museums,Museos de Salta,,,Museos de Salta,,,attraction,noa,Сальта,"-24.784813062267283,-65.4224943964251",content/knowledge-base/dostoprimechatelnosti/museos-de-salta.md,content/knowledge-base/_index/content.json
salto-encantado,Salto Encantado,Salto Encantado,,,Salto Encantado,,,attraction,litoral,Мисьонес,"-27.061414047369986,-54.82666566967964",content/knowledge-base/dostoprimechatelnosti/salto-encantado.md,content/knowledge-base/_index/content.json
san-antonio-de-areco,San Antonio de Areco,San Antonio de Areco,Сан-Антонио-де-Ареко|столица гаучо|День традиции,San Antonio de Areco,San Antonio de Areco|Сан-Антонио-де-Ареко|столица гаучо|День традиции,,,city,buenos-aires-province,Buenos Aires,"-34.2456,-59.4744",content/knowledge-base/goroda/san-antonio-de-areco.md,content/knowledge-base/_index/content.json
parque-aereo-de-san-jose,San José Aerial Park,Parque aéreo de San José,,,Parque aéreo de San José,,,attraction,litoral,Энтре-Риос,"-32.19896813698995,-58.18218502672479",content/knowledge-base/dostoprimechatelnosti/parque-aereo-de-san-jose.md,content/knowledge-base/_index/content.json
vinos-de-san-juan,San Juan wines,Vinos de San Juan,,,Vinos de San Juan,,,attraction,cuyo,Сан-Хуан,"-31.52194880647744,-68.55217647294124",content/knowledge-base/dostoprimechatelnosti/vinos-de-san-juan.md,content/knowledge-base/_index/content.json
casa-de-san-martin-en-yapeyu,San Martin’s home in Yapeyú,Casa de San Martín en Yapeyú,,,Casa de San Martín en Yapeyú,,,attraction,litoral,Корриентес,"-29.4697685,-56.8163948",content/knowledge-base/dostoprimechatelnosti/casa-de-san-martin-en-yapeyu.md,content/knowledge-base/_index/content.json
san-rafael,San Rafael,San Rafael,,,San Rafael,,,city,cuyo,Мендоса,"-34.6177,-68.3301",content/knowledge-base/goroda/san-rafael.md,content/knowledge-base/_index/content.json
sandboard-en-abra-pampa,Sandboarding in Abra Pampa,Sandboard en Abra Pampa,,,Sandboard en Abra Pampa,,,attraction,noa,Жужуй,"-22.770664372651154,-65.7234405098419",content/knowledge-base/dostoprimechatelnosti/sandboard-en-abra-pampa.md,content/knowledge-base/_index/content.json
sandboard-en-las-dunas-de-saujil,Sandboarding on the Saujil dunes,Sandboard en las dunas de Saujil,,,Sandboard en las dunas de Saujil,,,attraction,noa,Катамарка,"-28.1733091,-66.2117227",content/knowledge-base/dostoprimechatelnosti/sandboard-en-las-dunas-de-saujil.md,content/knowledge-base/_index/content.json
buceo-en-el-golfo-san-matias,Scuba diving at the San Matías Gulf,Buceo en el Golfo San Matías,,,Buceo en el Golfo San Matías,,,attraction,patagonia,Рио-Негро,"-40.81047147911596,-65.08607933365897",content/knowledge-base/dostoprimechatelnosti/buceo-en-el-golfo-san-matias.md,content/knowledge-base/_index/content.json
seclantas,Seclantás,Seclantás,,,Seclantás,,,attraction,noa,Сальта,"-25.31727767074145,-66.23527971116859",content/knowledge-base/dostoprimechatelnosti/seclantas.md,content/knowledge-base/_index/content.json
frutas-de-pepita-en-el-alto-valle-del-rio-negro,Seed fruits in the Alto Valle del Río Negro,Frutas de pepita en el Alto Valle del río Negro,,,Frutas de pepita en el Alto Valle del río Negro,,,attraction,patagonia,Рио-Негро,"-38.98932908754375,-67.69949702069357",content/knowledge-base/dostoprimechatelnosti/frutas-de-pepita-en-el-alto-valle-del-rio-negro.md,content/knowledge-base/_index/content.json
camino-de-la-costa,shore road,Camino de la costa,,,Camino de la costa,,,attraction,litoral,Санта-Фе,"-38.4161,-63.6167",content/knowledge-base/dostoprimechatelnosti/camino-de-la-costa.md,content/knowledge-base/_index/content.json
feria-de-simoca,Simoca Fair,Feria de Simoca,,,Feria de Simoca,,,attraction,noa,Тукуман,"-27.259073669725193,-65.35380604147915",content/knowledge-base/dostoprimechatelnosti/feria-de-simoca.md,content/knowledge-base/_index/content.json
centros-de-esqui-en-neuquen,Ski resorts in Neuquén,Centros de esquí en Neuquén,,,Centros de esquí en Neuquén,,,attraction,patagonia,Неукен,"-40.08400831433263,-71.19726640625",content/knowledge-base/dostoprimechatelnosti/centros-de-esqui-en-neuquen.md,content/knowledge-base/_index/content.json
pesca-deportiva-en-isla-del-cerrito,Sport fishing at Isla del Cerrito,Pesca deportiva en Isla del Cerrito,,,Pesca deportiva en Isla del Cerrito,,,attraction,litoral,Чако,"-27.2909185,-58.6151276",content/knowledge-base/dostoprimechatelnosti/pesca-deportiva-en-isla-del-cerrito.md,content/knowledge-base/_index/content.json
pesca-deportiva-en-entre-rios,Sport fishing in Entre Ríos,Pesca deportiva en Entre Ríos,,,Pesca deportiva en Entre Ríos,,,attraction,litoral,Энтре-Риос,"-31.96310481600682,-59.21464979790855",content/knowledge-base/dostoprimechatelnosti/pesca-deportiva-en-entre-rios.md,content/knowledge-base/_index/content.json
circuito-callejero-de-potrero-de-los-funes,Street circuit in Potrero de los Funes,Circuito callejero de Potrero de los Funes,,,Circuito callejero de Potrero de los Funes,,,attraction,cuyo,Сан-Луис,"-33.221747164794884,-66.23282976313362",content/knowledge-base/dostoprimechatelnosti/circuito-callejero-de-potrero-de-los-funes.md,content/knowledge-base/_index/content.json
aventura-submarina-en-puerto-madryn,Submarine adventure in Puerto Madryn,Aventura submarina en Puerto Madryn,,,Aventura submarina en Puerto Madryn,,,attraction,patagonia,Чубут,"-42.76512493806364,-65.03150684956732",content/knowledge-base/dostoprimechatelnosti/aventura-submarina-en-puerto-madryn.md,content/knowledge-base/_index/content.json
senderos-periurbanos-de-esquel,Suburban footpaths of Esquel,Senderos periurbanos de Esquel,,,Senderos periurbanos de Esquel,,,attraction,patagonia,Чубут,"-42.908580486991724,-71.332365316359",content/knowledge-base/dostoprimechatelnosti/senderos-periurbanos-de-esquel.md,content/knowledge-base/_index/content.json
verano-en-corrientes,Summer in Corrientes,Verano en Corrientes,,,Verano en Corrientes,,,attraction,litoral,Корриентес,"-27.4692131,-58.8306349",content/knowledge-base/dostoprimechatelnosti/verano-en-corrientes.md,content/knowledge-base/_index/content.json
tafi-viejo,Tafí Viejo,Tafí Viejo,,,Tafí Viejo,,,attraction,noa,Тукуман,"-26.727635106237706,-65.26281771836337",content/knowledge-base/dostoprimechatelnosti/tafi-viejo.md,content/knowledge-base/_index/content.json
tastil-y-santa-rosa-de-tastil,Tastil and Santa Rosa de Tastil,Tastil y Santa Rosa de Tastil,,,Tastil y Santa Rosa de Tastil,,,attraction,noa,Сальта,"-24.449998200109864,-65.95208155004157",content/knowledge-base/dostoprimechatelnosti/tastil-y-santa-rosa-de-tastil.md,content/knowledge-base/_index/content.json
tilcara,Tilcara,Tilcara,,,Tilcara,,,attraction,noa,Жужуй,"-23.55802115823168,-65.38628902883005",content/knowledge-base/dostoprimechatelnosti/tilcara.md,content/knowledge-base/_index/content.json
tinogasta,Tinogasta,Tinogasta,,,Tinogasta,,,attraction,noa,Катамарка,"-28.062662,-67.5660743",content/knowledge-base/dostoprimechatelnosti/tinogasta.md,content/knowledge-base/_index/content.json
tolhuin,Tolhuin,Tolhuin,,,Tolhuin,,,attraction,tierra-del-fuego,Огненная Земля,"-54.51149572541336,-67.19118874935744",content/knowledge-base/dostoprimechatelnosti/tolhuin.md,content/knowledge-base/_index/content.json
vinos-de-tolombon,Tolombón Wines,Vinos de Tolombón,,,Vinos de Tolombón,,,attraction,noa,Тукуман,"-26.16465543925765,-65.94720947853979",content/knowledge-base/dostoprimechatelnosti/vinos-de-tolombon.md,content/knowledge-base/_index/content.json
estancias-turisticas-de-campo,Tourist estancias in the countryside,Estancias turísticas de campo,,,Estancias turísticas de campo,,,attraction,pampa,Ла-Пампа,"-36.89184593455727,-66.99228743645072",content/knowledge-base/dostoprimechatelnosti/estancias-turisticas-de-campo.md,content/knowledge-base/_index/content.json
travesia-4x4-en-tierra-del-fuego,Travesía 4x4 en Огненная Земля,Travesía 4x4 en Tierra del Fuego,,,Travesía 4x4 en Tierra del Fuego,,,attraction,tierra-del-fuego,Огненная Земля,"-54.69998225029003,-67.8396638786643",content/knowledge-base/dostoprimechatelnosti/travesia-4x4-en-tierra-del-fuego.md,content/knowledge-base/_index/content.json
trekking-en-parque-patagonia,Trekking en Parque Патагония,Trekking en Parque Patagonia,,,Trekking en Parque Patagonia,,,attraction,patagonia,Санта-Крус,"-46.58308819779082,-70.91755519678667",content/knowledge-base/dostoprimechatelnosti/trekking-en-parque-patagonia.md,content/knowledge-base/_index/content.json
trekking-en-bosques-y-lagos,Trekking in forests and lakes,Trekking en bosques y lagos,,,Trekking en bosques y lagos,,,attraction,patagonia,Рио-Негро,"-41.45317451891712,-71.46667700163266",content/knowledge-base/dostoprimechatelnosti/trekking-en-bosques-y-lagos.md,content/knowledge-base/_index/content.json
trekking-en-lihue-calel,Trekking in Lihué Calel,Trekking en Lihué Calel,,,Trekking en Lihué Calel,,,attraction,pampa,Ла-Пампа,"-38.0053902,-65.576475",content/knowledge-base/dostoprimechatelnosti/trekking-en-lihue-calel.md,content/knowledge-base/_index/content.json
trekking-en-salta,Trekking in Salta,Trekking en Salta,,,Trekking en Salta,,,attraction,noa,Сальта,"-24.80816852529052,-65.40960894005163",content/knowledge-base/dostoprimechatelnosti/trekking-en-salta.md,content/knowledge-base/_index/content.json
trekking-en-tolhuin,Trekking in Tolhuin,Trekking en Tolhuin,,,Trekking en Tolhuin,,,attraction,tierra-del-fuego,Огненная Земля,"-54.50454508679188,-67.19052678258277",content/knowledge-base/dostoprimechatelnosti/trekking-en-tolhuin.md,content/knowledge-base/_index/content.json
tren-de-las-sierras,Tren de las Sierras,Tren de las Sierras,,,Tren de las Sierras,,,attraction,pampa,Кордова,"-31.485789,-64.5714965",content/knowledge-base/dostoprimechatelnosti/tren-de-las-sierras.md,content/knowledge-base/_index/content.json
trevelin-el-pueblo-del-molino,"Trevelin, the mill town","Trevelin, el pueblo del molino",,,"Trevelin, el pueblo del molino",,,attraction,patagonia,Чубут,"-43.06951821426502,-71.44886314510978",content/knowledge-base/dostoprimechatelnosti/trevelin-el-pueblo-del-molino.md,content/knowledge-base/_index/content.json
yungas-tucumanas,Tucuman Yungas,Yungas tucumanas,,,Yungas tucumanas,,,attraction,noa,Тукуман,"-26.796014528087102,-65.36348406052404",content/knowledge-base/dostoprimechatelnosti/yungas-tucumanas.md,content/knowledge-base/_index/content.json
valle-de-uco-mendoza,"Valle de Uco, Мендоса","Valle de Uco, Mendoza",,,"Valle de Uco, Mendoza",,,attraction,cuyo,Мендоса,"-33.25172866894235,-68.896121509538",content/knowledge-base/dostoprimechatelnosti/valle-de-uco-mendoza.md,content/knowledge-base/_index/content.json
parque-natural-valle-fertil,Valle Fértil Natural Park,Parque Natural Valle Fértil,,,Parque Natural Valle Fértil,,,attraction,cuyo,Сан-Хуан,"-30.7732484,-67.4754907",content/knowledge-base/dostoprimechatelnosti/parque-natural-valle-fertil.md,content/knowledge-base/_index/content.json
valles-y-bosques-fueguinos,Valleys and forests in Огненная Земля,Valles y bosques fueguinos,,,Valles y bosques fueguinos,,,attraction,tierra-del-fuego,Огненная Земля,"-54.71723688220123,-68.09211309484773",content/knowledge-base/dostoprimechatelnosti/valles-y-bosques-fueguinos.md,content/knowledge-base/_index/content.json
viedma,Viedma,Viedma,,,Viedma,,,attraction,patagonia,Рио-Негро,"-40.8119087,-62.9962044",content/knowledge-base/dostoprimechatelnosti/viedma.md,content/knowledge-base/_index/content.json
villa-traful,Villa Traful,Villa Traful,Вилья-Трафуль|озеро Трафуль,Villa Traful,Villa Traful|Вилья-Трафуль|озеро Трафуль,,,attraction,patagonia,Неукен,"-40.65,-71.4",content/knowledge-base/dostoprimechatelnosti/villa-traful.md,content/knowledge-base/_index/content.json
paseos-acuaticos-en-herradura,Water rides in Herradura,Paseos acuáticos en Herradura,,,Paseos acuáticos en Herradura,,,attraction,litoral,Формоса,"-26.495055162822588,-58.26249582214355",content/knowledge-base/dostoprimechatelnosti/paseos-acuaticos-en-herradura.md,content/knowledge-base/_index/content.json
galeses-en-argentina,Welsh in Argentina,Galeses en Argentina,,,Galeses en Argentina,,,attraction,patagonia,Чубут,"-38.4161,-63.6167",content/knowledge-base/dostoprimechatelnosti/galeses-en-argentina.md,content/knowledge-base/_index/content.json
pueblos-galeses-y-comunidades-originarias,Welsh towns and native communities,Pueblos galeses y comunidades originarias,,,Pueblos galeses y comunidades originarias,,,attraction,patagonia,Чубут,"-43.31873166815262,-65.54384023434419",content/knowledge-base/dostoprimechatelnosti/pueblos-galeses-y-comunidades-originarias.md,content/knowledge-base/_index/content.json
ruta-del-vino-en-san-juan,Wine route in San Juan,Ruta del vino en San Juan,,,Ruta del vino en San Juan,,,attraction,cuyo,Сан-Хуан,"-31.46974512019913,-68.52602975539654",content/knowledge-base/dostoprimechatelnosti/ruta-del-vino-en-san-juan.md,content/knowledge-base/_index/content.json
ruta-del-vino-en-tucuman,Wine Route in Tucumán,Ruta del vino en Tucumán,,,Ruta del vino en Tucumán,,,attraction,noa,Тукуман,"-26.8082848,-65.2175903",content/knowledge-base/dostoprimechatelnosti/ruta-del-vino-en-tucuman.md,content/knowledge-base/_index/content.json
yapeyu,Yapeyú,Yapeyú,,,Yapeyú,,,attraction,litoral,Корриентес,"-29.4697685,-56.8163948",content/knowledge-base/dostoprimechatelnosti/yapeyu.md,content/knowledge-base/_index/content.json
