"id","severity","content_type","url","issue_type","actual","expected","impact","root_cause","action","owner","status","source","evidence","test"
"aktualen-li-blue-dollar:missing_sensitive_source","P0","faq","/baza-znaniy/aktualen-li-blue-dollar","missing_sensitive_source","publication gate rejected entry","all publication checks pass","entry remains outside sitemap, search and public KB channels","missing_sensitive_source","LEGAL_REVIEW","Fact checker + legal reviewer","quarantined","content/knowledge-base/_index/content.json","getPublicationIssues(entry)","publication-quality.test.ts + public-link-contract.test.ts"
"aktualen-li-blue-dollar:thin_content","P1","faq","/baza-znaniy/aktualen-li-blue-dollar","thin_content","publication gate rejected entry","all publication checks pass","entry remains outside sitemap, search and public KB channels","thin_content","LEGAL_REVIEW","Fact checker + legal reviewer","quarantined","content/knowledge-base/_index/content.json","getPublicationIssues(entry)","publication-quality.test.ts + public-link-contract.test.ts"
"alero-charcamata:not_publication_ready","P1","attraction","/baza-znaniy/alero-charcamata","not_publication_ready","publication gate rejected entry","all publication checks pass","entry remains outside sitemap, search and public KB channels","not_publication_ready","DEEP_REWRITE","Content editor","quarantined","content/knowledge-base/_index/content.json","getPublicationIssues(entry)","publication-quality.test.ts + public-link-contract.test.ts"
"alero-charcamata:non_russian_title","P1","attraction","/baza-znaniy/alero-charcamata","non_russian_title","publication gate rejected entry","all publication checks pass","entry remains outside sitemap, search and public KB channels","non_russian_title","DEEP_REWRITE","Content editor","quarantined","content/knowledge-base/_index/content.json","getPublicationIssues(entry)","publication-quality.test.ts + public-link-contract.test.ts"
"alero-charcamata:non_russian_summary","P1","attraction","/baza-znaniy/alero-charcamata","non_russian_summary","publication gate rejected entry","all publication checks pass","entry remains outside sitemap, search and public KB channels","non_russian_summary","DEEP_REWRITE","Content editor","quarantined","content/knowledge-base/_index/content.json","getPublicationIssues(entry)","publication-quality.test.ts + public-link-contract.test.ts"
"almacenes-de-ramos-generales-en-la-pampa:machine_translation_marker","P0","attraction","/baza-znaniy/almacenes-de-ramos-generales-en-la-pampa","machine_translation_marker","publication gate rejected entry","all publication checks pass","entry remains outside sitemap, search and public KB channels","machine_translation_marker","HUMAN_REVIEW","Russian content editor","quarantined","content/knowledge-base/_index/content.json","getPublicationIssues(entry)","publication-quality.test.ts + public-link-contract.test.ts"
"alumine:not_publication_ready","P1","attraction","/baza-znaniy/alumine","not_publication_ready","publication gate rejected entry","all publication checks pass","entry remains outside sitemap, search and public KB channels","not_publication_ready","DEEP_REWRITE","Content editor","quarantined","content/knowledge-base/_index/content.json","getPublicationIssues(entry)","publication-quality.test.ts + public-link-contract.test.ts"
"alumine:non_russian_title","P1","attraction","/baza-znaniy/alumine","non_russian_title","publication gate rejected entry","all publication checks pass","entry remains outside sitemap, search and public KB channels","non_russian_title","DEEP_REWRITE","Content editor","quarantined","content/knowledge-base/_index/content.json","getPublicationIssues(entry)","publication-quality.test.ts + public-link-contract.test.ts"
"alumine:non_russian_summary","P1","attraction","/baza-znaniy/alumine","non_russian_summary","publication gate rejected entry","all publication checks pass","entry remains outside sitemap, search and public KB channels","non_russian_summary","DEEP_REWRITE","Content editor","quarantined","content/knowledge-base/_index/content.json","getPublicationIssues(entry)","publication-quality.test.ts + public-link-contract.test.ts"
"amaicha-del-valle-y-ciudad-sagrada-de-los-quilmes:not_publication_ready","P1","attraction","/baza-znaniy/amaicha-del-valle-y-ciudad-sagrada-de-los-quilmes","not_publication_ready","publication gate rejected entry","all publication checks pass","entry remains outside sitemap, search and public KB channels","not_publication_ready","DEEP_REWRITE","Content editor","quarantined","content/knowledge-base/_index/content.json","getPublicationIssues(entry)","publication-quality.test.ts + public-link-contract.test.ts"
"amaicha-del-valle-y-ciudad-sagrada-de-los-quilmes:non_russian_title","P1","attraction","/baza-znaniy/amaicha-del-valle-y-ciudad-sagrada-de-los-quilmes","non_russian_title","publication gate rejected entry","all publication checks pass","entry remains outside sitemap, search and public KB channels","non_russian_title","DEEP_REWRITE","Content editor","quarantined","content/knowledge-base/_index/content.json","getPublicationIssues(entry)","publication-quality.test.ts + public-link-contract.test.ts"
"amaicha-del-valle-y-ciudad-sagrada-de-los-quilmes:non_russian_summary","P1","attraction","/baza-znaniy/amaicha-del-valle-y-ciudad-sagrada-de-los-quilmes","non_russian_summary","publication gate rejected entry","all publication checks pass","entry remains outside sitemap, search and public KB channels","non_russian_summary","DEEP_REWRITE","Content editor","quarantined","content/knowledge-base/_index/content.json","getPublicationIssues(entry)","publication-quality.test.ts + public-link-contract.test.ts"
"andinismo-y-montanismo-en-neuquen:not_publication_ready","P1","attraction","/baza-znaniy/andinismo-y-montanismo-en-neuquen","not_publication_ready","publication gate rejected entry","all publication checks pass","entry remains outside sitemap, search and public KB channels","not_publication_ready","DEEP_REWRITE","Content editor","quarantined","content/knowledge-base/_index/content.json","getPublicationIssues(entry)","publication-quality.test.ts + public-link-contract.test.ts"
"andinismo-y-montanismo-en-neuquen:non_russian_title","P1","attraction","/baza-znaniy/andinismo-y-montanismo-en-neuquen","non_russian_title","publication gate rejected entry","all publication checks pass","entry remains outside sitemap, search and public KB channels","non_russian_title","DEEP_REWRITE","Content editor","quarantined","content/knowledge-base/_index/content.json","getPublicationIssues(entry)","publication-quality.test.ts + public-link-contract.test.ts"
"andinismo-y-montanismo-en-neuquen:non_russian_summary","P1","attraction","/baza-znaniy/andinismo-y-montanismo-en-neuquen","non_russian_summary","publication gate rejected entry","all publication checks pass","entry remains outside sitemap, search and public KB channels","non_russian_summary","DEEP_REWRITE","Content editor","quarantined","content/knowledge-base/_index/content.json","getPublicationIssues(entry)","publication-quality.test.ts + public-link-contract.test.ts"
"angastaco:not_publication_ready","P1","attraction","/baza-znaniy/angastaco","not_publication_ready","publication gate rejected entry","all publication checks pass","entry remains outside sitemap, search and public KB channels","not_publication_ready","DEEP_REWRITE","Content editor","quarantined","content/knowledge-base/_index/content.json","getPublicationIssues(entry)","publication-quality.test.ts + public-link-contract.test.ts"
"angastaco:non_russian_title","P1","attraction","/baza-znaniy/angastaco","non_russian_title","publication gate rejected entry","all publication checks pass","entry remains outside sitemap, search and public KB channels","non_russian_title","DEEP_REWRITE","Content editor","quarantined","content/knowledge-base/_index/content.json","getPublicationIssues(entry)","publication-quality.test.ts + public-link-contract.test.ts"
"angastaco:non_russian_summary","P1","attraction","/baza-znaniy/angastaco","non_russian_summary","publication gate rejected entry","all publication checks pass","entry remains outside sitemap, search and public KB channels","non_russian_summary","DEEP_REWRITE","Content editor","quarantined","content/knowledge-base/_index/content.json","getPublicationIssues(entry)","publication-quality.test.ts + public-link-contract.test.ts"
"antofagasta-de-la-sierra:not_publication_ready","P1","attraction","/baza-znaniy/antofagasta-de-la-sierra","not_publication_ready","publication gate rejected entry","all publication checks pass","entry remains outside sitemap, search and public KB channels","not_publication_ready","DEEP_REWRITE","Content editor","quarantined","content/knowledge-base/_index/content.json","getPublicationIssues(entry)","publication-quality.test.ts + public-link-contract.test.ts"
"antofagasta-de-la-sierra:non_russian_title","P1","attraction","/baza-znaniy/antofagasta-de-la-sierra","non_russian_title","publication gate rejected entry","all publication checks pass","entry remains outside sitemap, search and public KB channels","non_russian_title","DEEP_REWRITE","Content editor","quarantined","content/knowledge-base/_index/content.json","getPublicationIssues(entry)","publication-quality.test.ts + public-link-contract.test.ts"
"antofagasta-de-la-sierra:non_russian_summary","P1","attraction","/baza-znaniy/antofagasta-de-la-sierra","non_russian_summary","publication gate rejected entry","all publication checks pass","entry remains outside sitemap, search and public KB channels","non_russian_summary","DEEP_REWRITE","Content editor","quarantined","content/knowledge-base/_index/content.json","getPublicationIssues(entry)","publication-quality.test.ts + public-link-contract.test.ts"
"area-natural-protegida-rio-limay:not_publication_ready","P1","attraction","/baza-znaniy/area-natural-protegida-rio-limay","not_publication_ready","publication gate rejected entry","all publication checks pass","entry remains outside sitemap, search and public KB channels","not_publication_ready","DEEP_REWRITE","Content editor","quarantined","content/knowledge-base/_index/content.json","getPublicationIssues(entry)","publication-quality.test.ts + public-link-contract.test.ts"
"area-natural-protegida-rio-limay:non_russian_title","P1","attraction","/baza-znaniy/area-natural-protegida-rio-limay","non_russian_title","publication gate rejected entry","all publication checks pass","entry remains outside sitemap, search and public KB channels","non_russian_title","DEEP_REWRITE","Content editor","quarantined","content/knowledge-base/_index/content.json","getPublicationIssues(entry)","publication-quality.test.ts + public-link-contract.test.ts"
"area-natural-protegida-rio-limay:non_russian_summary","P1","attraction","/baza-znaniy/area-natural-protegida-rio-limay","non_russian_summary","publication gate rejected entry","all publication checks pass","entry remains outside sitemap, search and public KB channels","non_russian_summary","DEEP_REWRITE","Content editor","quarantined","content/knowledge-base/_index/content.json","getPublicationIssues(entry)","publication-quality.test.ts + public-link-contract.test.ts"
"arte-urbano-en-buenos-aires:machine_translation_marker","P0","attraction","/baza-znaniy/arte-urbano-en-buenos-aires","machine_translation_marker","publication gate rejected entry","all publication checks pass","entry remains outside sitemap, search and public KB channels","machine_translation_marker","HUMAN_REVIEW","Russian content editor","quarantined","content/knowledge-base/_index/content.json","getPublicationIssues(entry)","publication-quality.test.ts + public-link-contract.test.ts"
"artesania-formosena:not_publication_ready","P1","attraction","/baza-znaniy/artesania-formosena","not_publication_ready","publication gate rejected entry","all publication checks pass","entry remains outside sitemap, search and public KB channels","not_publication_ready","DEEP_REWRITE","Content editor","quarantined","content/knowledge-base/_index/content.json","getPublicationIssues(entry)","publication-quality.test.ts + public-link-contract.test.ts"
"artesania-formosena:non_russian_title","P1","attraction","/baza-znaniy/artesania-formosena","non_russian_title","publication gate rejected entry","all publication checks pass","entry remains outside sitemap, search and public KB channels","non_russian_title","DEEP_REWRITE","Content editor","quarantined","content/knowledge-base/_index/content.json","getPublicationIssues(entry)","publication-quality.test.ts + public-link-contract.test.ts"
"artesania-formosena:non_russian_summary","P1","attraction","/baza-znaniy/artesania-formosena","non_russian_summary","publication gate rejected entry","all publication checks pass","entry remains outside sitemap, search and public KB channels","non_russian_summary","DEEP_REWRITE","Content editor","quarantined","content/knowledge-base/_index/content.json","getPublicationIssues(entry)","publication-quality.test.ts + public-link-contract.test.ts"
"astroturismo-en-san-juan:not_publication_ready","P1","attraction","/baza-znaniy/astroturismo-en-san-juan","not_publication_ready","publication gate rejected entry","all publication checks pass","entry remains outside sitemap, search and public KB channels","not_publication_ready","DEEP_REWRITE","Content editor","quarantined","content/knowledge-base/_index/content.json","getPublicationIssues(entry)","publication-quality.test.ts + public-link-contract.test.ts"
"astroturismo-en-san-juan:non_russian_title","P1","attraction","/baza-znaniy/astroturismo-en-san-juan","non_russian_title","publication gate rejected entry","all publication checks pass","entry remains outside sitemap, search and public KB channels","non_russian_title","DEEP_REWRITE","Content editor","quarantined","content/knowledge-base/_index/content.json","getPublicationIssues(entry)","publication-quality.test.ts + public-link-contract.test.ts"
"astroturismo-en-san-juan:non_russian_summary","P1","attraction","/baza-znaniy/astroturismo-en-san-juan","non_russian_summary","publication gate rejected entry","all publication checks pass","entry remains outside sitemap, search and public KB channels","non_russian_summary","DEEP_REWRITE","Content editor","quarantined","content/knowledge-base/_index/content.json","getPublicationIssues(entry)","publication-quality.test.ts + public-link-contract.test.ts"
"autodromo-internacional-de-rio-hondo:not_publication_ready","P1","attraction","/baza-znaniy/autodromo-internacional-de-rio-hondo","not_publication_ready","publication gate rejected entry","all publication checks pass","entry remains outside sitemap, search and public KB channels","not_publication_ready","DEEP_REWRITE","Content editor","quarantined","content/knowledge-base/_index/content.json","getPublicationIssues(entry)","publication-quality.test.ts + public-link-contract.test.ts"
"autodromo-internacional-de-rio-hondo:non_russian_title","P1","attraction","/baza-znaniy/autodromo-internacional-de-rio-hondo","non_russian_title","publication gate rejected entry","all publication checks pass","entry remains outside sitemap, search and public KB channels","non_russian_title","DEEP_REWRITE","Content editor","quarantined","content/knowledge-base/_index/content.json","getPublicationIssues(entry)","publication-quality.test.ts + public-link-contract.test.ts"
"autodromo-internacional-de-rio-hondo:non_russian_summary","P1","attraction","/baza-znaniy/autodromo-internacional-de-rio-hondo","non_russian_summary","publication gate rejected entry","all publication checks pass","entry remains outside sitemap, search and public KB channels","non_russian_summary","DEEP_REWRITE","Content editor","quarantined","content/knowledge-base/_index/content.json","getPublicationIssues(entry)","publication-quality.test.ts + public-link-contract.test.ts"
"avellaneda:not_publication_ready","P1","attraction","/baza-znaniy/avellaneda","not_publication_ready","publication gate rejected entry","all publication checks pass","entry remains outside sitemap, search and public KB channels","not_publication_ready","DEEP_REWRITE","Content editor","quarantined","content/knowledge-base/_index/content.json","getPublicationIssues(entry)","publication-quality.test.ts + public-link-contract.test.ts"
"avellaneda:non_russian_title","P1","attraction","/baza-znaniy/avellaneda","non_russian_title","publication gate rejected entry","all publication checks pass","entry remains outside sitemap, search and public KB channels","non_russian_title","DEEP_REWRITE","Content editor","quarantined","content/knowledge-base/_index/content.json","getPublicationIssues(entry)","publication-quality.test.ts + public-link-contract.test.ts"
"avellaneda:non_russian_summary","P1","attraction","/baza-znaniy/avellaneda","non_russian_summary","publication gate rejected entry","all publication checks pass","entry remains outside sitemap, search and public KB channels","non_russian_summary","DEEP_REWRITE","Content editor","quarantined","content/knowledge-base/_index/content.json","getPublicationIssues(entry)","publication-quality.test.ts + public-link-contract.test.ts"
"aventura-en-la-patagonia-andina:not_publication_ready","P1","attraction","/baza-znaniy/aventura-en-la-patagonia-andina","not_publication_ready","publication gate rejected entry","all publication checks pass","entry remains outside sitemap, search and public KB channels","not_publication_ready","DEEP_REWRITE","Content editor","quarantined","content/knowledge-base/_index/content.json","getPublicationIssues(entry)","publication-quality.test.ts + public-link-contract.test.ts"
"aventura-en-la-patagonia-andina:non_russian_summary","P1","attraction","/baza-znaniy/aventura-en-la-patagonia-andina","non_russian_summary","publication gate rejected entry","all publication checks pass","entry remains outside sitemap, search and public KB channels","non_russian_summary","DEEP_REWRITE","Content editor","quarantined","content/knowledge-base/_index/content.json","getPublicationIssues(entry)","publication-quality.test.ts + public-link-contract.test.ts"
"aventura-submarina-en-puerto-madryn:not_publication_ready","P1","attraction","/baza-znaniy/aventura-submarina-en-puerto-madryn","not_publication_ready","publication gate rejected entry","all publication checks pass","entry remains outside sitemap, search and public KB channels","not_publication_ready","DEEP_REWRITE","Content editor","quarantined","content/knowledge-base/_index/content.json","getPublicationIssues(entry)","publication-quality.test.ts + public-link-contract.test.ts"
"aventura-submarina-en-puerto-madryn:non_russian_title","P1","attraction","/baza-znaniy/aventura-submarina-en-puerto-madryn","non_russian_title","publication gate rejected entry","all publication checks pass","entry remains outside sitemap, search and public KB channels","non_russian_title","DEEP_REWRITE","Content editor","quarantined","content/knowledge-base/_index/content.json","getPublicationIssues(entry)","publication-quality.test.ts + public-link-contract.test.ts"
"aventura-submarina-en-puerto-madryn:non_russian_summary","P1","attraction","/baza-znaniy/aventura-submarina-en-puerto-madryn","non_russian_summary","publication gate rejected entry","all publication checks pass","entry remains outside sitemap, search and public KB channels","non_russian_summary","DEEP_REWRITE","Content editor","quarantined","content/knowledge-base/_index/content.json","getPublicationIssues(entry)","publication-quality.test.ts + public-link-contract.test.ts"
"aves-del-chaco:not_publication_ready","P1","attraction","/baza-znaniy/aves-del-chaco","not_publication_ready","publication gate rejected entry","all publication checks pass","entry remains outside sitemap, search and public KB channels","not_publication_ready","DEEP_REWRITE","Content editor","quarantined","content/knowledge-base/_index/content.json","getPublicationIssues(entry)","publication-quality.test.ts + public-link-contract.test.ts"
"aves-del-chaco:non_russian_title","P1","attraction","/baza-znaniy/aves-del-chaco","non_russian_title","publication gate rejected entry","all publication checks pass","entry remains outside sitemap, search and public KB channels","non_russian_title","DEEP_REWRITE","Content editor","quarantined","content/knowledge-base/_index/content.json","getPublicationIssues(entry)","publication-quality.test.ts + public-link-contract.test.ts"
"aves-del-chaco:non_russian_summary","P1","attraction","/baza-znaniy/aves-del-chaco","non_russian_summary","publication gate rejected entry","all publication checks pass","entry remains outside sitemap, search and public KB channels","non_russian_summary","DEEP_REWRITE","Content editor","quarantined","content/knowledge-base/_index/content.json","getPublicationIssues(entry)","publication-quality.test.ts + public-link-contract.test.ts"
"aves-del-chaco:placeholder_content","P1","attraction","/baza-znaniy/aves-del-chaco","placeholder_content","publication gate rejected entry","all publication checks pass","entry remains outside sitemap, search and public KB channels","placeholder_content","DEEP_REWRITE","Content editor","quarantined","content/knowledge-base/_index/content.json","getPublicationIssues(entry)","publication-quality.test.ts + public-link-contract.test.ts"
"avistaje-de-aves-en-formosa:not_publication_ready","P1","attraction","/baza-znaniy/avistaje-de-aves-en-formosa","not_publication_ready","publication gate rejected entry","all publication checks pass","entry remains outside sitemap, search and public KB channels","not_publication_ready","DEEP_REWRITE","Content editor","quarantined","content/knowledge-base/_index/content.json","getPublicationIssues(entry)","publication-quality.test.ts + public-link-contract.test.ts"
"avistaje-de-aves-en-formosa:non_russian_title","P1","attraction","/baza-znaniy/avistaje-de-aves-en-formosa","non_russian_title","publication gate rejected entry","all publication checks pass","entry remains outside sitemap, search and public KB channels","non_russian_title","DEEP_REWRITE","Content editor","quarantined","content/knowledge-base/_index/content.json","getPublicationIssues(entry)","publication-quality.test.ts + public-link-contract.test.ts"
"avistaje-de-aves-en-formosa:non_russian_summary","P1","attraction","/baza-znaniy/avistaje-de-aves-en-formosa","non_russian_summary","publication gate rejected entry","all publication checks pass","entry remains outside sitemap, search and public KB channels","non_russian_summary","DEEP_REWRITE","Content editor","quarantined","content/knowledge-base/_index/content.json","getPublicationIssues(entry)","publication-quality.test.ts + public-link-contract.test.ts"
"avistaje-de-aves-en-formosa:placeholder_content","P1","attraction","/baza-znaniy/avistaje-de-aves-en-formosa","placeholder_content","publication gate rejected entry","all publication checks pass","entry remains outside sitemap, search and public KB channels","placeholder_content","DEEP_REWRITE","Content editor","quarantined","content/knowledge-base/_index/content.json","getPublicationIssues(entry)","publication-quality.test.ts + public-link-contract.test.ts"
"avistaje-de-aves-en-la-pampa:machine_translation_marker","P0","attraction","/baza-znaniy/avistaje-de-aves-en-la-pampa","machine_translation_marker","publication gate rejected entry","all publication checks pass","entry remains outside sitemap, search and public KB channels","machine_translation_marker","HUMAN_REVIEW","Russian content editor","quarantined","content/knowledge-base/_index/content.json","getPublicationIssues(entry)","publication-quality.test.ts + public-link-contract.test.ts"
"avistaje-de-aves-en-santa-cruz:thin_content","P1","attraction","/baza-znaniy/avistaje-de-aves-en-santa-cruz","thin_content","publication gate rejected entry","all publication checks pass","entry remains outside sitemap, search and public KB channels","thin_content","EXPAND","Content editor","quarantined","content/knowledge-base/_index/content.json","getPublicationIssues(entry)","publication-quality.test.ts + public-link-contract.test.ts"
"bahia-blanca:missing_hero","P1","city","/baza-znaniy/bahia-blanca","missing_hero","publication gate rejected entry","all publication checks pass","entry remains outside sitemap, search and public KB channels","missing_hero","LIGHT_EDIT","Media editor","quarantined","content/knowledge-base/_index/content.json","getPublicationIssues(entry)","publication-quality.test.ts + public-link-contract.test.ts"
"barreal:missing_hero","P1","attraction","/baza-znaniy/barreal","missing_hero","publication gate rejected entry","all publication checks pass","entry remains outside sitemap, search and public KB channels","missing_hero","LIGHT_EDIT","Media editor","quarantined","content/knowledge-base/_index/content.json","getPublicationIssues(entry)","publication-quality.test.ts + public-link-contract.test.ts"
"bebidas-y-gastronomia-en-cordoba:not_publication_ready","P1","attraction","/baza-znaniy/bebidas-y-gastronomia-en-cordoba","not_publication_ready","publication gate rejected entry","all publication checks pass","entry remains outside sitemap, search and public KB channels","not_publication_ready","DEEP_REWRITE","Content editor","quarantined","content/knowledge-base/_index/content.json","getPublicationIssues(entry)","publication-quality.test.ts + public-link-contract.test.ts"
"bebidas-y-gastronomia-en-cordoba:non_russian_title","P1","attraction","/baza-znaniy/bebidas-y-gastronomia-en-cordoba","non_russian_title","publication gate rejected entry","all publication checks pass","entry remains outside sitemap, search and public KB channels","non_russian_title","DEEP_REWRITE","Content editor","quarantined","content/knowledge-base/_index/content.json","getPublicationIssues(entry)","publication-quality.test.ts + public-link-contract.test.ts"
"bebidas-y-gastronomia-en-cordoba:non_russian_summary","P1","attraction","/baza-znaniy/bebidas-y-gastronomia-en-cordoba","non_russian_summary","publication gate rejected entry","all publication checks pass","entry remains outside sitemap, search and public KB channels","non_russian_summary","DEEP_REWRITE","Content editor","quarantined","content/knowledge-base/_index/content.json","getPublicationIssues(entry)","publication-quality.test.ts + public-link-contract.test.ts"
"belen:not_publication_ready","P1","attraction","/baza-znaniy/belen","not_publication_ready","publication gate rejected entry","all publication checks pass","entry remains outside sitemap, search and public KB channels","not_publication_ready","DEEP_REWRITE","Content editor","quarantined","content/knowledge-base/_index/content.json","getPublicationIssues(entry)","publication-quality.test.ts + public-link-contract.test.ts"
"belen:non_russian_title","P1","attraction","/baza-znaniy/belen","non_russian_title","publication gate rejected entry","all publication checks pass","entry remains outside sitemap, search and public KB channels","non_russian_title","DEEP_REWRITE","Content editor","quarantined","content/knowledge-base/_index/content.json","getPublicationIssues(entry)","publication-quality.test.ts + public-link-contract.test.ts"
"belen:non_russian_summary","P1","attraction","/baza-znaniy/belen","non_russian_summary","publication gate rejected entry","all publication checks pass","entry remains outside sitemap, search and public KB channels","non_russian_summary","DEEP_REWRITE","Content editor","quarantined","content/knowledge-base/_index/content.json","getPublicationIssues(entry)","publication-quality.test.ts + public-link-contract.test.ts"
"bezopasno-li-odnoj-zhenshchine:missing_sensitive_source","P0","faq","/baza-znaniy/bezopasno-li-odnoj-zhenshchine","missing_sensitive_source","publication gate rejected entry","all publication checks pass","entry remains outside sitemap, search and public KB channels","missing_sensitive_source","LEGAL_REVIEW","Fact checker + legal reviewer","quarantined","content/knowledge-base/_index/content.json","getPublicationIssues(entry)","publication-quality.test.ts + public-link-contract.test.ts"
"bezopasno-li-odnoj-zhenshchine:thin_content","P1","faq","/baza-znaniy/bezopasno-li-odnoj-zhenshchine","thin_content","publication gate rejected entry","all publication checks pass","entry remains outside sitemap, search and public KB channels","thin_content","LEGAL_REVIEW","Fact checker + legal reviewer","quarantined","content/knowledge-base/_index/content.json","getPublicationIssues(entry)","publication-quality.test.ts + public-link-contract.test.ts"
"bezopasno-li-v-argentine:missing_sensitive_source","P0","faq","/baza-znaniy/bezopasno-li-v-argentine","missing_sensitive_source","publication gate rejected entry","all publication checks pass","entry remains outside sitemap, search and public KB channels","missing_sensitive_source","LEGAL_REVIEW","Fact checker + legal reviewer","quarantined","content/knowledge-base/_index/content.json","getPublicationIssues(entry)","publication-quality.test.ts + public-link-contract.test.ts"
"bezopasno-li-v-argentine:thin_content","P1","faq","/baza-znaniy/bezopasno-li-v-argentine","thin_content","publication gate rejected entry","all publication checks pass","entry remains outside sitemap, search and public KB channels","thin_content","LEGAL_REVIEW","Fact checker + legal reviewer","quarantined","content/knowledge-base/_index/content.json","getPublicationIssues(entry)","publication-quality.test.ts + public-link-contract.test.ts"
"bienal-internacional-de-esculturas-en-resistencia:not_publication_ready","P1","attraction","/baza-znaniy/bienal-internacional-de-esculturas-en-resistencia","not_publication_ready","publication gate rejected entry","all publication checks pass","entry remains outside sitemap, search and public KB channels","not_publication_ready","DEEP_REWRITE","Content editor","quarantined","content/knowledge-base/_index/content.json","getPublicationIssues(entry)","publication-quality.test.ts + public-link-contract.test.ts"
"bienal-internacional-de-esculturas-en-resistencia:non_russian_title","P1","attraction","/baza-znaniy/bienal-internacional-de-esculturas-en-resistencia","non_russian_title","publication gate rejected entry","all publication checks pass","entry remains outside sitemap, search and public KB channels","non_russian_title","DEEP_REWRITE","Content editor","quarantined","content/knowledge-base/_index/content.json","getPublicationIssues(entry)","publication-quality.test.ts + public-link-contract.test.ts"
"bienal-internacional-de-esculturas-en-resistencia:non_russian_summary","P1","attraction","/baza-znaniy/bienal-internacional-de-esculturas-en-resistencia","non_russian_summary","publication gate rejected entry","all publication checks pass","entry remains outside sitemap, search and public KB channels","non_russian_summary","DEEP_REWRITE","Content editor","quarantined","content/knowledge-base/_index/content.json","getPublicationIssues(entry)","publication-quality.test.ts + public-link-contract.test.ts"
"bodega-submarina-en-las-grutas:not_publication_ready","P1","attraction","/baza-znaniy/bodega-submarina-en-las-grutas","not_publication_ready","publication gate rejected entry","all publication checks pass","entry remains outside sitemap, search and public KB channels","not_publication_ready","DEEP_REWRITE","Content editor","quarantined","content/knowledge-base/_index/content.json","getPublicationIssues(entry)","publication-quality.test.ts + public-link-contract.test.ts"
"bodega-submarina-en-las-grutas:non_russian_title","P1","attraction","/baza-znaniy/bodega-submarina-en-las-grutas","non_russian_title","publication gate rejected entry","all publication checks pass","entry remains outside sitemap, search and public KB channels","non_russian_title","DEEP_REWRITE","Content editor","quarantined","content/knowledge-base/_index/content.json","getPublicationIssues(entry)","publication-quality.test.ts + public-link-contract.test.ts"
"bodega-submarina-en-las-grutas:non_russian_summary","P1","attraction","/baza-znaniy/bodega-submarina-en-las-grutas","non_russian_summary","publication gate rejected entry","all publication checks pass","entry remains outside sitemap, search and public KB channels","non_russian_summary","DEEP_REWRITE","Content editor","quarantined","content/knowledge-base/_index/content.json","getPublicationIssues(entry)","publication-quality.test.ts + public-link-contract.test.ts"
"bosque-petrificado:not_publication_ready","P1","national_park","/baza-znaniy/bosque-petrificado","not_publication_ready","publication gate rejected entry","all publication checks pass","entry remains outside sitemap, search and public KB channels","not_publication_ready","HUMAN_REVIEW","Content editor","quarantined","content/knowledge-base/_index/content.json","getPublicationIssues(entry)","publication-quality.test.ts + public-link-contract.test.ts"
"buceo-en-el-golfo-san-matias:not_publication_ready","P1","attraction","/baza-znaniy/buceo-en-el-golfo-san-matias","not_publication_ready","publication gate rejected entry","all publication checks pass","entry remains outside sitemap, search and public KB channels","not_publication_ready","DEEP_REWRITE","Content editor","quarantined","content/knowledge-base/_index/content.json","getPublicationIssues(entry)","publication-quality.test.ts + public-link-contract.test.ts"
"buceo-en-el-golfo-san-matias:non_russian_title","P1","attraction","/baza-znaniy/buceo-en-el-golfo-san-matias","non_russian_title","publication gate rejected entry","all publication checks pass","entry remains outside sitemap, search and public KB channels","non_russian_title","DEEP_REWRITE","Content editor","quarantined","content/knowledge-base/_index/content.json","getPublicationIssues(entry)","publication-quality.test.ts + public-link-contract.test.ts"
"buceo-en-el-golfo-san-matias:non_russian_summary","P1","attraction","/baza-znaniy/buceo-en-el-golfo-san-matias","non_russian_summary","publication gate rejected entry","all publication checks pass","entry remains outside sitemap, search and public KB channels","non_russian_summary","DEEP_REWRITE","Content editor","quarantined","content/knowledge-base/_index/content.json","getPublicationIssues(entry)","publication-quality.test.ts + public-link-contract.test.ts"
"buceo-en-las-costas-de-ushuaia:thin_content","P1","attraction","/baza-znaniy/buceo-en-las-costas-de-ushuaia","thin_content","publication gate rejected entry","all publication checks pass","entry remains outside sitemap, search and public KB channels","thin_content","EXPAND","Content editor","quarantined","content/knowledge-base/_index/content.json","getPublicationIssues(entry)","publication-quality.test.ts + public-link-contract.test.ts"
"buenos-aires-tradicional:machine_translation_marker","P0","attraction","/baza-znaniy/buenos-aires-tradicional","machine_translation_marker","publication gate rejected entry","all publication checks pass","entry remains outside sitemap, search and public KB channels","machine_translation_marker","HUMAN_REVIEW","Russian content editor","quarantined","content/knowledge-base/_index/content.json","getPublicationIssues(entry)","publication-quality.test.ts + public-link-contract.test.ts"
"cabalgata-en-el-lago-roca:not_publication_ready","P1","attraction","/baza-znaniy/cabalgata-en-el-lago-roca","not_publication_ready","publication gate rejected entry","all publication checks pass","entry remains outside sitemap, search and public KB channels","not_publication_ready","DEEP_REWRITE","Content editor","quarantined","content/knowledge-base/_index/content.json","getPublicationIssues(entry)","publication-quality.test.ts + public-link-contract.test.ts"
"cabalgata-en-el-lago-roca:non_russian_title","P1","attraction","/baza-znaniy/cabalgata-en-el-lago-roca","non_russian_title","publication gate rejected entry","all publication checks pass","entry remains outside sitemap, search and public KB channels","non_russian_title","DEEP_REWRITE","Content editor","quarantined","content/knowledge-base/_index/content.json","getPublicationIssues(entry)","publication-quality.test.ts + public-link-contract.test.ts"
"cabalgata-en-el-lago-roca:non_russian_summary","P1","attraction","/baza-znaniy/cabalgata-en-el-lago-roca","non_russian_summary","publication gate rejected entry","all publication checks pass","entry remains outside sitemap, search and public KB channels","non_russian_summary","DEEP_REWRITE","Content editor","quarantined","content/knowledge-base/_index/content.json","getPublicationIssues(entry)","publication-quality.test.ts + public-link-contract.test.ts"
"cabalgata-en-los-molles:not_publication_ready","P1","attraction","/baza-znaniy/cabalgata-en-los-molles","not_publication_ready","publication gate rejected entry","all publication checks pass","entry remains outside sitemap, search and public KB channels","not_publication_ready","DEEP_REWRITE","Content editor","quarantined","content/knowledge-base/_index/content.json","getPublicationIssues(entry)","publication-quality.test.ts + public-link-contract.test.ts"
"cabalgata-en-los-molles:non_russian_title","P1","attraction","/baza-znaniy/cabalgata-en-los-molles","non_russian_title","publication gate rejected entry","all publication checks pass","entry remains outside sitemap, search and public KB channels","non_russian_title","DEEP_REWRITE","Content editor","quarantined","content/knowledge-base/_index/content.json","getPublicationIssues(entry)","publication-quality.test.ts + public-link-contract.test.ts"
"cabalgata-en-los-molles:non_russian_summary","P1","attraction","/baza-znaniy/cabalgata-en-los-molles","non_russian_summary","publication gate rejected entry","all publication checks pass","entry remains outside sitemap, search and public KB channels","non_russian_summary","DEEP_REWRITE","Content editor","quarantined","content/knowledge-base/_index/content.json","getPublicationIssues(entry)","publication-quality.test.ts + public-link-contract.test.ts"
"cabalgatas-en-cerro-belvedere-y-cascada-inacayal:thin_content","P1","attraction","/baza-znaniy/cabalgatas-en-cerro-belvedere-y-cascada-inacayal","thin_content","publication gate rejected entry","all publication checks pass","entry remains outside sitemap, search and public KB channels","thin_content","EXPAND","Content editor","quarantined","content/knowledge-base/_index/content.json","getPublicationIssues(entry)","publication-quality.test.ts + public-link-contract.test.ts"
"cabalgatas-en-la-estepa-de-bariloche:thin_content","P1","attraction","/baza-znaniy/cabalgatas-en-la-estepa-de-bariloche","thin_content","publication gate rejected entry","all publication checks pass","entry remains outside sitemap, search and public KB channels","thin_content","EXPAND","Content editor","quarantined","content/knowledge-base/_index/content.json","getPublicationIssues(entry)","publication-quality.test.ts + public-link-contract.test.ts"
"cabalgatas-en-las-sierras-bonaerenses:thin_content","P1","attraction","/baza-znaniy/cabalgatas-en-las-sierras-bonaerenses","thin_content","publication gate rejected entry","all publication checks pass","entry remains outside sitemap, search and public KB channels","thin_content","EXPAND","Content editor","quarantined","content/knowledge-base/_index/content.json","getPublicationIssues(entry)","publication-quality.test.ts + public-link-contract.test.ts"
"cabalgatas-en-tafi-del-valle:not_publication_ready","P1","attraction","/baza-znaniy/cabalgatas-en-tafi-del-valle","not_publication_ready","publication gate rejected entry","all publication checks pass","entry remains outside sitemap, search and public KB channels","not_publication_ready","DEEP_REWRITE","Content editor","quarantined","content/knowledge-base/_index/content.json","getPublicationIssues(entry)","publication-quality.test.ts + public-link-contract.test.ts"
"cabalgatas-en-tafi-del-valle:non_russian_title","P1","attraction","/baza-znaniy/cabalgatas-en-tafi-del-valle","non_russian_title","publication gate rejected entry","all publication checks pass","entry remains outside sitemap, search and public KB channels","non_russian_title","DEEP_REWRITE","Content editor","quarantined","content/knowledge-base/_index/content.json","getPublicationIssues(entry)","publication-quality.test.ts + public-link-contract.test.ts"
"cabalgatas-en-tafi-del-valle:non_russian_summary","P1","attraction","/baza-znaniy/cabalgatas-en-tafi-del-valle","non_russian_summary","publication gate rejected entry","all publication checks pass","entry remains outside sitemap, search and public KB channels","non_russian_summary","DEEP_REWRITE","Content editor","quarantined","content/knowledge-base/_index/content.json","getPublicationIssues(entry)","publication-quality.test.ts + public-link-contract.test.ts"
"cabalgatas-en-valle-chico:not_publication_ready","P1","attraction","/baza-znaniy/cabalgatas-en-valle-chico","not_publication_ready","publication gate rejected entry","all publication checks pass","entry remains outside sitemap, search and public KB channels","not_publication_ready","DEEP_REWRITE","Content editor","quarantined","content/knowledge-base/_index/content.json","getPublicationIssues(entry)","publication-quality.test.ts + public-link-contract.test.ts"
"cabalgatas-en-valle-chico:non_russian_title","P1","attraction","/baza-znaniy/cabalgatas-en-valle-chico","non_russian_title","publication gate rejected entry","all publication checks pass","entry remains outside sitemap, search and public KB channels","non_russian_title","DEEP_REWRITE","Content editor","quarantined","content/knowledge-base/_index/content.json","getPublicationIssues(entry)","publication-quality.test.ts + public-link-contract.test.ts"
"cabalgatas-en-valle-chico:non_russian_summary","P1","attraction","/baza-znaniy/cabalgatas-en-valle-chico","non_russian_summary","publication gate rejected entry","all publication checks pass","entry remains outside sitemap, search and public KB channels","non_russian_summary","DEEP_REWRITE","Content editor","quarantined","content/knowledge-base/_index/content.json","getPublicationIssues(entry)","publication-quality.test.ts + public-link-contract.test.ts"
"cachi:not_publication_ready","P1","attraction","/baza-znaniy/cachi","not_publication_ready","publication gate rejected entry","all publication checks pass","entry remains outside sitemap, search and public KB channels","not_publication_ready","DEEP_REWRITE","Content editor","quarantined","content/knowledge-base/_index/content.json","getPublicationIssues(entry)","publication-quality.test.ts + public-link-contract.test.ts"
"cachi:non_russian_title","P1","attraction","/baza-znaniy/cachi","non_russian_title","publication gate rejected entry","all publication checks pass","entry remains outside sitemap, search and public KB channels","non_russian_title","DEEP_REWRITE","Content editor","quarantined","content/knowledge-base/_index/content.json","getPublicationIssues(entry)","publication-quality.test.ts + public-link-contract.test.ts"
"cachi:non_russian_summary","P1","attraction","/baza-znaniy/cachi","non_russian_summary","publication gate rejected entry","all publication checks pass","entry remains outside sitemap, search and public KB channels","non_russian_summary","DEEP_REWRITE","Content editor","quarantined","content/knowledge-base/_index/content.json","getPublicationIssues(entry)","publication-quality.test.ts + public-link-contract.test.ts"
"camino-de-la-costa:not_publication_ready","P1","attraction","/baza-znaniy/camino-de-la-costa","not_publication_ready","publication gate rejected entry","all publication checks pass","entry remains outside sitemap, search and public KB channels","not_publication_ready","DEEP_REWRITE","Content editor","quarantined","content/knowledge-base/_index/content.json","getPublicationIssues(entry)","publication-quality.test.ts + public-link-contract.test.ts"
"camino-de-la-costa:non_russian_title","P1","attraction","/baza-znaniy/camino-de-la-costa","non_russian_title","publication gate rejected entry","all publication checks pass","entry remains outside sitemap, search and public KB channels","non_russian_title","DEEP_REWRITE","Content editor","quarantined","content/knowledge-base/_index/content.json","getPublicationIssues(entry)","publication-quality.test.ts + public-link-contract.test.ts"
"camino-de-la-costa:non_russian_summary","P1","attraction","/baza-znaniy/camino-de-la-costa","non_russian_summary","publication gate rejected entry","all publication checks pass","entry remains outside sitemap, search and public KB channels","non_russian_summary","DEEP_REWRITE","Content editor","quarantined","content/knowledge-base/_index/content.json","getPublicationIssues(entry)","publication-quality.test.ts + public-link-contract.test.ts"
"caminos-de-la-fe-san-juan:not_publication_ready","P1","attraction","/baza-znaniy/caminos-de-la-fe-san-juan","not_publication_ready","publication gate rejected entry","all publication checks pass","entry remains outside sitemap, search and public KB channels","not_publication_ready","DEEP_REWRITE","Content editor","quarantined","content/knowledge-base/_index/content.json","getPublicationIssues(entry)","publication-quality.test.ts + public-link-contract.test.ts"
"caminos-de-la-fe-san-juan:non_russian_title","P1","attraction","/baza-znaniy/caminos-de-la-fe-san-juan","non_russian_title","publication gate rejected entry","all publication checks pass","entry remains outside sitemap, search and public KB channels","non_russian_title","DEEP_REWRITE","Content editor","quarantined","content/knowledge-base/_index/content.json","getPublicationIssues(entry)","publication-quality.test.ts + public-link-contract.test.ts"
"caminos-de-la-fe-san-juan:non_russian_summary","P1","attraction","/baza-znaniy/caminos-de-la-fe-san-juan","non_russian_summary","publication gate rejected entry","all publication checks pass","entry remains outside sitemap, search and public KB channels","non_russian_summary","DEEP_REWRITE","Content editor","quarantined","content/knowledge-base/_index/content.json","getPublicationIssues(entry)","publication-quality.test.ts + public-link-contract.test.ts"
"campo-del-cielo:not_publication_ready","P1","attraction","/baza-znaniy/campo-del-cielo","not_publication_ready","publication gate rejected entry","all publication checks pass","entry remains outside sitemap, search and public KB channels","not_publication_ready","DEEP_REWRITE","Content editor","quarantined","content/knowledge-base/_index/content.json","getPublicationIssues(entry)","publication-quality.test.ts + public-link-contract.test.ts"
"campo-del-cielo:non_russian_title","P1","attraction","/baza-znaniy/campo-del-cielo","non_russian_title","publication gate rejected entry","all publication checks pass","entry remains outside sitemap, search and public KB channels","non_russian_title","DEEP_REWRITE","Content editor","quarantined","content/knowledge-base/_index/content.json","getPublicationIssues(entry)","publication-quality.test.ts + public-link-contract.test.ts"
"campo-del-cielo:non_russian_summary","P1","attraction","/baza-znaniy/campo-del-cielo","non_russian_summary","publication gate rejected entry","all publication checks pass","entry remains outside sitemap, search and public KB channels","non_russian_summary","DEEP_REWRITE","Content editor","quarantined","content/knowledge-base/_index/content.json","getPublicationIssues(entry)","publication-quality.test.ts + public-link-contract.test.ts"
"campo-del-cielo-y-saenz-pena:not_publication_ready","P1","attraction","/baza-znaniy/campo-del-cielo-y-saenz-pena","not_publication_ready","publication gate rejected entry","all publication checks pass","entry remains outside sitemap, search and public KB channels","not_publication_ready","DEEP_REWRITE","Content editor","quarantined","content/knowledge-base/_index/content.json","getPublicationIssues(entry)","publication-quality.test.ts + public-link-contract.test.ts"
"campo-del-cielo-y-saenz-pena:non_russian_title","P1","attraction","/baza-znaniy/campo-del-cielo-y-saenz-pena","non_russian_title","publication gate rejected entry","all publication checks pass","entry remains outside sitemap, search and public KB channels","non_russian_title","DEEP_REWRITE","Content editor","quarantined","content/knowledge-base/_index/content.json","getPublicationIssues(entry)","publication-quality.test.ts + public-link-contract.test.ts"
"campo-del-cielo-y-saenz-pena:non_russian_summary","P1","attraction","/baza-znaniy/campo-del-cielo-y-saenz-pena","non_russian_summary","publication gate rejected entry","all publication checks pass","entry remains outside sitemap, search and public KB channels","non_russian_summary","DEEP_REWRITE","Content editor","quarantined","content/knowledge-base/_index/content.json","getPublicationIssues(entry)","publication-quality.test.ts + public-link-contract.test.ts"
"canon-del-atuel:thin_content","P1","attraction","/baza-znaniy/canon-del-atuel","thin_content","publication gate rejected entry","all publication checks pass","entry remains outside sitemap, search and public KB channels","thin_content","EXPAND","Content editor","quarantined","content/knowledge-base/_index/content.json","getPublicationIssues(entry)","publication-quality.test.ts + public-link-contract.test.ts"
"capilla-del-monte:not_publication_ready","P1","attraction","/baza-znaniy/capilla-del-monte","not_publication_ready","publication gate rejected entry","all publication checks pass","entry remains outside sitemap, search and public KB channels","not_publication_ready","DEEP_REWRITE","Content editor","quarantined","content/knowledge-base/_index/content.json","getPublicationIssues(entry)","publication-quality.test.ts + public-link-contract.test.ts"
"capilla-del-monte:non_russian_title","P1","attraction","/baza-znaniy/capilla-del-monte","non_russian_title","publication gate rejected entry","all publication checks pass","entry remains outside sitemap, search and public KB channels","non_russian_title","DEEP_REWRITE","Content editor","quarantined","content/knowledge-base/_index/content.json","getPublicationIssues(entry)","publication-quality.test.ts + public-link-contract.test.ts"
"capilla-del-monte:non_russian_summary","P1","attraction","/baza-znaniy/capilla-del-monte","non_russian_summary","publication gate rejected entry","all publication checks pass","entry remains outside sitemap, search and public KB channels","non_russian_summary","DEEP_REWRITE","Content editor","quarantined","content/knowledge-base/_index/content.json","getPublicationIssues(entry)","publication-quality.test.ts + public-link-contract.test.ts"
"carcarana:not_publication_ready","P1","attraction","/baza-znaniy/carcarana","not_publication_ready","publication gate rejected entry","all publication checks pass","entry remains outside sitemap, search and public KB channels","not_publication_ready","DEEP_REWRITE","Content editor","quarantined","content/knowledge-base/_index/content.json","getPublicationIssues(entry)","publication-quality.test.ts + public-link-contract.test.ts"
"carcarana:non_russian_title","P1","attraction","/baza-znaniy/carcarana","non_russian_title","publication gate rejected entry","all publication checks pass","entry remains outside sitemap, search and public KB channels","non_russian_title","DEEP_REWRITE","Content editor","quarantined","content/knowledge-base/_index/content.json","getPublicationIssues(entry)","publication-quality.test.ts + public-link-contract.test.ts"
"carcarana:non_russian_summary","P1","attraction","/baza-znaniy/carcarana","non_russian_summary","publication gate rejected entry","all publication checks pass","entry remains outside sitemap, search and public KB channels","non_russian_summary","DEEP_REWRITE","Content editor","quarantined","content/knowledge-base/_index/content.json","getPublicationIssues(entry)","publication-quality.test.ts + public-link-contract.test.ts"
"carmen-del-sauce:not_publication_ready","P1","attraction","/baza-znaniy/carmen-del-sauce","not_publication_ready","publication gate rejected entry","all publication checks pass","entry remains outside sitemap, search and public KB channels","not_publication_ready","DEEP_REWRITE","Content editor","quarantined","content/knowledge-base/_index/content.json","getPublicationIssues(entry)","publication-quality.test.ts + public-link-contract.test.ts"
"carmen-del-sauce:non_russian_title","P1","attraction","/baza-znaniy/carmen-del-sauce","non_russian_title","publication gate rejected entry","all publication checks pass","entry remains outside sitemap, search and public KB channels","non_russian_title","DEEP_REWRITE","Content editor","quarantined","content/knowledge-base/_index/content.json","getPublicationIssues(entry)","publication-quality.test.ts + public-link-contract.test.ts"
"carmen-del-sauce:non_russian_summary","P1","attraction","/baza-znaniy/carmen-del-sauce","non_russian_summary","publication gate rejected entry","all publication checks pass","entry remains outside sitemap, search and public KB channels","non_russian_summary","DEEP_REWRITE","Content editor","quarantined","content/knowledge-base/_index/content.json","getPublicationIssues(entry)","publication-quality.test.ts + public-link-contract.test.ts"
"carnaval-de-humahuaca:not_publication_ready","P1","attraction","/baza-znaniy/carnaval-de-humahuaca","not_publication_ready","publication gate rejected entry","all publication checks pass","entry remains outside sitemap, search and public KB channels","not_publication_ready","DEEP_REWRITE","Content editor","quarantined","content/knowledge-base/_index/content.json","getPublicationIssues(entry)","publication-quality.test.ts + public-link-contract.test.ts"
"carnaval-de-humahuaca:non_russian_title","P1","attraction","/baza-znaniy/carnaval-de-humahuaca","non_russian_title","publication gate rejected entry","all publication checks pass","entry remains outside sitemap, search and public KB channels","non_russian_title","DEEP_REWRITE","Content editor","quarantined","content/knowledge-base/_index/content.json","getPublicationIssues(entry)","publication-quality.test.ts + public-link-contract.test.ts"
"carnaval-de-humahuaca:non_russian_summary","P1","attraction","/baza-znaniy/carnaval-de-humahuaca","non_russian_summary","publication gate rejected entry","all publication checks pass","entry remains outside sitemap, search and public KB channels","non_russian_summary","DEEP_REWRITE","Content editor","quarantined","content/knowledge-base/_index/content.json","getPublicationIssues(entry)","publication-quality.test.ts + public-link-contract.test.ts"
"carnaval-en-corrientes:not_publication_ready","P1","attraction","/baza-znaniy/carnaval-en-corrientes","not_publication_ready","publication gate rejected entry","all publication checks pass","entry remains outside sitemap, search and public KB channels","not_publication_ready","DEEP_REWRITE","Content editor","quarantined","content/knowledge-base/_index/content.json","getPublicationIssues(entry)","publication-quality.test.ts + public-link-contract.test.ts"
"carnaval-en-corrientes:non_russian_title","P1","attraction","/baza-znaniy/carnaval-en-corrientes","non_russian_title","publication gate rejected entry","all publication checks pass","entry remains outside sitemap, search and public KB channels","non_russian_title","DEEP_REWRITE","Content editor","quarantined","content/knowledge-base/_index/content.json","getPublicationIssues(entry)","publication-quality.test.ts + public-link-contract.test.ts"
"carnaval-en-corrientes:non_russian_summary","P1","attraction","/baza-znaniy/carnaval-en-corrientes","non_russian_summary","publication gate rejected entry","all publication checks pass","entry remains outside sitemap, search and public KB channels","non_russian_summary","DEEP_REWRITE","Content editor","quarantined","content/knowledge-base/_index/content.json","getPublicationIssues(entry)","publication-quality.test.ts + public-link-contract.test.ts"
"casa-de-san-martin-en-yapeyu:not_publication_ready","P1","attraction","/baza-znaniy/casa-de-san-martin-en-yapeyu","not_publication_ready","publication gate rejected entry","all publication checks pass","entry remains outside sitemap, search and public KB channels","not_publication_ready","DEEP_REWRITE","Content editor","quarantined","content/knowledge-base/_index/content.json","getPublicationIssues(entry)","publication-quality.test.ts + public-link-contract.test.ts"
"casa-de-san-martin-en-yapeyu:non_russian_title","P1","attraction","/baza-znaniy/casa-de-san-martin-en-yapeyu","non_russian_title","publication gate rejected entry","all publication checks pass","entry remains outside sitemap, search and public KB channels","non_russian_title","DEEP_REWRITE","Content editor","quarantined","content/knowledge-base/_index/content.json","getPublicationIssues(entry)","publication-quality.test.ts + public-link-contract.test.ts"
"casa-de-san-martin-en-yapeyu:non_russian_summary","P1","attraction","/baza-znaniy/casa-de-san-martin-en-yapeyu","non_russian_summary","publication gate rejected entry","all publication checks pass","entry remains outside sitemap, search and public KB channels","non_russian_summary","DEEP_REWRITE","Content editor","quarantined","content/knowledge-base/_index/content.json","getPublicationIssues(entry)","publication-quality.test.ts + public-link-contract.test.ts"
"cascada-chachin:not_publication_ready","P1","attraction","/baza-znaniy/cascada-chachin","not_publication_ready","publication gate rejected entry","all publication checks pass","entry remains outside sitemap, search and public KB channels","not_publication_ready","EXPAND","Content editor","quarantined","content/knowledge-base/_index/content.json","getPublicationIssues(entry)","publication-quality.test.ts + public-link-contract.test.ts"
"cascada-chachin:thin_content","P1","attraction","/baza-znaniy/cascada-chachin","thin_content","publication gate rejected entry","all publication checks pass","entry remains outside sitemap, search and public KB channels","thin_content","EXPAND","Content editor","quarantined","content/knowledge-base/_index/content.json","getPublicationIssues(entry)","publication-quality.test.ts + public-link-contract.test.ts"
"cascada-del-rio-noque:not_publication_ready","P1","attraction","/baza-znaniy/cascada-del-rio-noque","not_publication_ready","publication gate rejected entry","all publication checks pass","entry remains outside sitemap, search and public KB channels","not_publication_ready","EXPAND","Content editor","quarantined","content/knowledge-base/_index/content.json","getPublicationIssues(entry)","publication-quality.test.ts + public-link-contract.test.ts"
"cascada-del-rio-noque:thin_content","P1","attraction","/baza-znaniy/cascada-del-rio-noque","thin_content","publication gate rejected entry","all publication checks pass","entry remains outside sitemap, search and public KB channels","thin_content","EXPAND","Content editor","quarantined","content/knowledge-base/_index/content.json","getPublicationIssues(entry)","publication-quality.test.ts + public-link-contract.test.ts"
"cascada-nivinco-y-pichi-traful:thin_content","P1","attraction","/baza-znaniy/cascada-nivinco-y-pichi-traful","thin_content","publication gate rejected entry","all publication checks pass","entry remains outside sitemap, search and public KB channels","thin_content","EXPAND","Content editor","quarantined","content/knowledge-base/_index/content.json","getPublicationIssues(entry)","publication-quality.test.ts + public-link-contract.test.ts"
"cascadas-santa-ana-y-dora:not_publication_ready","P1","attraction","/baza-znaniy/cascadas-santa-ana-y-dora","not_publication_ready","publication gate rejected entry","all publication checks pass","entry remains outside sitemap, search and public KB channels","not_publication_ready","EXPAND","Content editor","quarantined","content/knowledge-base/_index/content.json","getPublicationIssues(entry)","publication-quality.test.ts + public-link-contract.test.ts"
"cascadas-santa-ana-y-dora:thin_content","P1","attraction","/baza-znaniy/cascadas-santa-ana-y-dora","thin_content","publication gate rejected entry","all publication checks pass","entry remains outside sitemap, search and public KB channels","thin_content","EXPAND","Content editor","quarantined","content/knowledge-base/_index/content.json","getPublicationIssues(entry)","publication-quality.test.ts + public-link-contract.test.ts"
"catamaran-en-el-rio-parana:not_publication_ready","P1","attraction","/baza-znaniy/catamaran-en-el-rio-parana","not_publication_ready","publication gate rejected entry","all publication checks pass","entry remains outside sitemap, search and public KB channels","not_publication_ready","DEEP_REWRITE","Content editor","quarantined","content/knowledge-base/_index/content.json","getPublicationIssues(entry)","publication-quality.test.ts + public-link-contract.test.ts"
"catamaran-en-el-rio-parana:non_russian_title","P1","attraction","/baza-znaniy/catamaran-en-el-rio-parana","non_russian_title","publication gate rejected entry","all publication checks pass","entry remains outside sitemap, search and public KB channels","non_russian_title","DEEP_REWRITE","Content editor","quarantined","content/knowledge-base/_index/content.json","getPublicationIssues(entry)","publication-quality.test.ts + public-link-contract.test.ts"
"catamaran-en-el-rio-parana:non_russian_summary","P1","attraction","/baza-znaniy/catamaran-en-el-rio-parana","non_russian_summary","publication gate rejected entry","all publication checks pass","entry remains outside sitemap, search and public KB channels","non_russian_summary","DEEP_REWRITE","Content editor","quarantined","content/knowledge-base/_index/content.json","getPublicationIssues(entry)","publication-quality.test.ts + public-link-contract.test.ts"
"catamaran-en-la-triple-frontera:thin_content","P1","attraction","/baza-znaniy/catamaran-en-la-triple-frontera","thin_content","publication gate rejected entry","all publication checks pass","entry remains outside sitemap, search and public KB channels","thin_content","EXPAND","Content editor","quarantined","content/knowledge-base/_index/content.json","getPublicationIssues(entry)","publication-quality.test.ts + public-link-contract.test.ts"
"caucete-san-juan:not_publication_ready","P1","attraction","/baza-znaniy/caucete-san-juan","not_publication_ready","publication gate rejected entry","all publication checks pass","entry remains outside sitemap, search and public KB channels","not_publication_ready","DEEP_REWRITE","Content editor","quarantined","content/knowledge-base/_index/content.json","getPublicationIssues(entry)","publication-quality.test.ts + public-link-contract.test.ts"
"caucete-san-juan:non_russian_title","P1","attraction","/baza-znaniy/caucete-san-juan","non_russian_title","publication gate rejected entry","all publication checks pass","entry remains outside sitemap, search and public KB channels","non_russian_title","DEEP_REWRITE","Content editor","quarantined","content/knowledge-base/_index/content.json","getPublicationIssues(entry)","publication-quality.test.ts + public-link-contract.test.ts"
"caucete-san-juan:non_russian_summary","P1","attraction","/baza-znaniy/caucete-san-juan","non_russian_summary","publication gate rejected entry","all publication checks pass","entry remains outside sitemap, search and public KB channels","non_russian_summary","DEEP_REWRITE","Content editor","quarantined","content/knowledge-base/_index/content.json","getPublicationIssues(entry)","publication-quality.test.ts + public-link-contract.test.ts"
"caviahue-copahue:thin_content","P1","attraction","/baza-znaniy/caviahue-copahue","thin_content","publication gate rejected entry","all publication checks pass","entry remains outside sitemap, search and public KB channels","thin_content","EXPAND","Content editor","quarantined","content/knowledge-base/_index/content.json","getPublicationIssues(entry)","publication-quality.test.ts + public-link-contract.test.ts"
"centro-de-esqui-la-hoya:not_publication_ready","P1","attraction","/baza-znaniy/centro-de-esqui-la-hoya","not_publication_ready","publication gate rejected entry","all publication checks pass","entry remains outside sitemap, search and public KB channels","not_publication_ready","DEEP_REWRITE","Content editor","quarantined","content/knowledge-base/_index/content.json","getPublicationIssues(entry)","publication-quality.test.ts + public-link-contract.test.ts"
"centro-de-esqui-la-hoya:non_russian_title","P1","attraction","/baza-znaniy/centro-de-esqui-la-hoya","non_russian_title","publication gate rejected entry","all publication checks pass","entry remains outside sitemap, search and public KB channels","non_russian_title","DEEP_REWRITE","Content editor","quarantined","content/knowledge-base/_index/content.json","getPublicationIssues(entry)","publication-quality.test.ts + public-link-contract.test.ts"
"centro-de-esqui-la-hoya:non_russian_summary","P1","attraction","/baza-znaniy/centro-de-esqui-la-hoya","non_russian_summary","publication gate rejected entry","all publication checks pass","entry remains outside sitemap, search and public KB channels","non_russian_summary","DEEP_REWRITE","Content editor","quarantined","content/knowledge-base/_index/content.json","getPublicationIssues(entry)","publication-quality.test.ts + public-link-contract.test.ts"
"centro-termal-bernardo-larroude:not_publication_ready","P1","attraction","/baza-znaniy/centro-termal-bernardo-larroude","not_publication_ready","publication gate rejected entry","all publication checks pass","entry remains outside sitemap, search and public KB channels","not_publication_ready","DEEP_REWRITE","Content editor","quarantined","content/knowledge-base/_index/content.json","getPublicationIssues(entry)","publication-quality.test.ts + public-link-contract.test.ts"
"centro-termal-bernardo-larroude:non_russian_title","P1","attraction","/baza-znaniy/centro-termal-bernardo-larroude","non_russian_title","publication gate rejected entry","all publication checks pass","entry remains outside sitemap, search and public KB channels","non_russian_title","DEEP_REWRITE","Content editor","quarantined","content/knowledge-base/_index/content.json","getPublicationIssues(entry)","publication-quality.test.ts + public-link-contract.test.ts"
"centro-termal-bernardo-larroude:non_russian_summary","P1","attraction","/baza-znaniy/centro-termal-bernardo-larroude","non_russian_summary","publication gate rejected entry","all publication checks pass","entry remains outside sitemap, search and public KB channels","non_russian_summary","DEEP_REWRITE","Content editor","quarantined","content/knowledge-base/_index/content.json","getPublicationIssues(entry)","publication-quality.test.ts + public-link-contract.test.ts"
"centros-de-esqui-en-neuquen:not_publication_ready","P1","attraction","/baza-znaniy/centros-de-esqui-en-neuquen","not_publication_ready","publication gate rejected entry","all publication checks pass","entry remains outside sitemap, search and public KB channels","not_publication_ready","DEEP_REWRITE","Content editor","quarantined","content/knowledge-base/_index/content.json","getPublicationIssues(entry)","publication-quality.test.ts + public-link-contract.test.ts"
"centros-de-esqui-en-neuquen:non_russian_title","P1","attraction","/baza-znaniy/centros-de-esqui-en-neuquen","non_russian_title","publication gate rejected entry","all publication checks pass","entry remains outside sitemap, search and public KB channels","non_russian_title","DEEP_REWRITE","Content editor","quarantined","content/knowledge-base/_index/content.json","getPublicationIssues(entry)","publication-quality.test.ts + public-link-contract.test.ts"
"centros-de-esqui-en-neuquen:non_russian_summary","P1","attraction","/baza-znaniy/centros-de-esqui-en-neuquen","non_russian_summary","publication gate rejected entry","all publication checks pass","entry remains outside sitemap, search and public KB channels","non_russian_summary","DEEP_REWRITE","Content editor","quarantined","content/knowledge-base/_index/content.json","getPublicationIssues(entry)","publication-quality.test.ts + public-link-contract.test.ts"
"cerro-castor:not_publication_ready","P1","attraction","/baza-znaniy/cerro-castor","not_publication_ready","publication gate rejected entry","all publication checks pass","entry remains outside sitemap, search and public KB channels","not_publication_ready","EXPAND","Content editor","quarantined","content/knowledge-base/_index/content.json","getPublicationIssues(entry)","publication-quality.test.ts + public-link-contract.test.ts"
"cerro-castor:thin_content","P1","attraction","/baza-znaniy/cerro-castor","thin_content","publication gate rejected entry","all publication checks pass","entry remains outside sitemap, search and public KB channels","thin_content","EXPAND","Content editor","quarantined","content/knowledge-base/_index/content.json","getPublicationIssues(entry)","publication-quality.test.ts + public-link-contract.test.ts"
"cerro-mercedario-y-grandes-cumbres-de-san-juan:not_publication_ready","P1","attraction","/baza-znaniy/cerro-mercedario-y-grandes-cumbres-de-san-juan","not_publication_ready","publication gate rejected entry","all publication checks pass","entry remains outside sitemap, search and public KB channels","not_publication_ready","EXPAND","Content editor","quarantined","content/knowledge-base/_index/content.json","getPublicationIssues(entry)","publication-quality.test.ts + public-link-contract.test.ts"
"cerro-mercedario-y-grandes-cumbres-de-san-juan:thin_content","P1","attraction","/baza-znaniy/cerro-mercedario-y-grandes-cumbres-de-san-juan","thin_content","publication gate rejected entry","all publication checks pass","entry remains outside sitemap, search and public KB channels","thin_content","EXPAND","Content editor","quarantined","content/knowledge-base/_index/content.json","getPublicationIssues(entry)","publication-quality.test.ts + public-link-contract.test.ts"
"cerro-tronador:not_publication_ready","P1","attraction","/baza-znaniy/cerro-tronador","not_publication_ready","publication gate rejected entry","all publication checks pass","entry remains outside sitemap, search and public KB channels","not_publication_ready","EXPAND","Content editor","quarantined","content/knowledge-base/_index/content.json","getPublicationIssues(entry)","publication-quality.test.ts + public-link-contract.test.ts"
"cerro-tronador:thin_content","P1","attraction","/baza-znaniy/cerro-tronador","thin_content","publication gate rejected entry","all publication checks pass","entry remains outside sitemap, search and public KB channels","thin_content","EXPAND","Content editor","quarantined","content/knowledge-base/_index/content.json","getPublicationIssues(entry)","publication-quality.test.ts + public-link-contract.test.ts"
"cerros-catedral-y-perito-moreno:thin_content","P1","attraction","/baza-znaniy/cerros-catedral-y-perito-moreno","thin_content","publication gate rejected entry","all publication checks pass","entry remains outside sitemap, search and public KB channels","thin_content","EXPAND","Content editor","quarantined","content/knowledge-base/_index/content.json","getPublicationIssues(entry)","publication-quality.test.ts + public-link-contract.test.ts"
"cholila:not_publication_ready","P1","attraction","/baza-znaniy/cholila","not_publication_ready","publication gate rejected entry","all publication checks pass","entry remains outside sitemap, search and public KB channels","not_publication_ready","DEEP_REWRITE","Content editor","quarantined","content/knowledge-base/_index/content.json","getPublicationIssues(entry)","publication-quality.test.ts + public-link-contract.test.ts"
"cholila:non_russian_title","P1","attraction","/baza-znaniy/cholila","non_russian_title","publication gate rejected entry","all publication checks pass","entry remains outside sitemap, search and public KB channels","non_russian_title","DEEP_REWRITE","Content editor","quarantined","content/knowledge-base/_index/content.json","getPublicationIssues(entry)","publication-quality.test.ts + public-link-contract.test.ts"
"cholila:non_russian_summary","P1","attraction","/baza-znaniy/cholila","non_russian_summary","publication gate rejected entry","all publication checks pass","entry remains outside sitemap, search and public KB channels","non_russian_summary","DEEP_REWRITE","Content editor","quarantined","content/knowledge-base/_index/content.json","getPublicationIssues(entry)","publication-quality.test.ts + public-link-contract.test.ts"
"chto-takoe-dni-i-cuil:missing_sensitive_source","P0","faq","/baza-znaniy/chto-takoe-dni-i-cuil","missing_sensitive_source","publication gate rejected entry","all publication checks pass","entry remains outside sitemap, search and public KB channels","missing_sensitive_source","LEGAL_REVIEW","Fact checker + legal reviewer","quarantined","content/knowledge-base/_index/content.json","getPublicationIssues(entry)","publication-quality.test.ts + public-link-contract.test.ts"
"chto-takoe-dni-i-cuil:thin_content","P1","faq","/baza-znaniy/chto-takoe-dni-i-cuil","thin_content","publication gate rejected entry","all publication checks pass","entry remains outside sitemap, search and public KB channels","thin_content","LEGAL_REVIEW","Fact checker + legal reviewer","quarantined","content/knowledge-base/_index/content.json","getPublicationIssues(entry)","publication-quality.test.ts + public-link-contract.test.ts"
"chto-takoe-mep:missing_sensitive_source","P0","faq","/baza-znaniy/chto-takoe-mep","missing_sensitive_source","publication gate rejected entry","all publication checks pass","entry remains outside sitemap, search and public KB channels","missing_sensitive_source","LEGAL_REVIEW","Fact checker + legal reviewer","quarantined","content/knowledge-base/_index/content.json","getPublicationIssues(entry)","publication-quality.test.ts + public-link-contract.test.ts"
"chto-takoe-mep:thin_content","P1","faq","/baza-znaniy/chto-takoe-mep","thin_content","publication gate rejected entry","all publication checks pass","entry remains outside sitemap, search and public KB channels","thin_content","LEGAL_REVIEW","Fact checker + legal reviewer","quarantined","content/knowledge-base/_index/content.json","getPublicationIssues(entry)","publication-quality.test.ts + public-link-contract.test.ts"
"circuito-callejero-de-potrero-de-los-funes:not_publication_ready","P1","attraction","/baza-znaniy/circuito-callejero-de-potrero-de-los-funes","not_publication_ready","publication gate rejected entry","all publication checks pass","entry remains outside sitemap, search and public KB channels","not_publication_ready","DEEP_REWRITE","Content editor","quarantined","content/knowledge-base/_index/content.json","getPublicationIssues(entry)","publication-quality.test.ts + public-link-contract.test.ts"
"circuito-callejero-de-potrero-de-los-funes:non_russian_title","P1","attraction","/baza-znaniy/circuito-callejero-de-potrero-de-los-funes","non_russian_title","publication gate rejected entry","all publication checks pass","entry remains outside sitemap, search and public KB channels","non_russian_title","DEEP_REWRITE","Content editor","quarantined","content/knowledge-base/_index/content.json","getPublicationIssues(entry)","publication-quality.test.ts + public-link-contract.test.ts"
"circuito-callejero-de-potrero-de-los-funes:non_russian_summary","P1","attraction","/baza-znaniy/circuito-callejero-de-potrero-de-los-funes","non_russian_summary","publication gate rejected entry","all publication checks pass","entry remains outside sitemap, search and public KB channels","non_russian_summary","DEEP_REWRITE","Content editor","quarantined","content/knowledge-base/_index/content.json","getPublicationIssues(entry)","publication-quality.test.ts + public-link-contract.test.ts"
"circuito-cultural-en-formosa:not_publication_ready","P1","attraction","/baza-znaniy/circuito-cultural-en-formosa","not_publication_ready","publication gate rejected entry","all publication checks pass","entry remains outside sitemap, search and public KB channels","not_publication_ready","DEEP_REWRITE","Content editor","quarantined","content/knowledge-base/_index/content.json","getPublicationIssues(entry)","publication-quality.test.ts + public-link-contract.test.ts"
"circuito-cultural-en-formosa:non_russian_title","P1","attraction","/baza-znaniy/circuito-cultural-en-formosa","non_russian_title","publication gate rejected entry","all publication checks pass","entry remains outside sitemap, search and public KB channels","non_russian_title","DEEP_REWRITE","Content editor","quarantined","content/knowledge-base/_index/content.json","getPublicationIssues(entry)","publication-quality.test.ts + public-link-contract.test.ts"
"circuito-cultural-en-formosa:non_russian_summary","P1","attraction","/baza-znaniy/circuito-cultural-en-formosa","non_russian_summary","publication gate rejected entry","all publication checks pass","entry remains outside sitemap, search and public KB channels","non_russian_summary","DEEP_REWRITE","Content editor","quarantined","content/knowledge-base/_index/content.json","getPublicationIssues(entry)","publication-quality.test.ts + public-link-contract.test.ts"
"circuito-de-cervecerias-en-rosario:not_publication_ready","P1","attraction","/baza-znaniy/circuito-de-cervecerias-en-rosario","not_publication_ready","publication gate rejected entry","all publication checks pass","entry remains outside sitemap, search and public KB channels","not_publication_ready","DEEP_REWRITE","Content editor","quarantined","content/knowledge-base/_index/content.json","getPublicationIssues(entry)","publication-quality.test.ts + public-link-contract.test.ts"
"circuito-de-cervecerias-en-rosario:non_russian_title","P1","attraction","/baza-znaniy/circuito-de-cervecerias-en-rosario","non_russian_title","publication gate rejected entry","all publication checks pass","entry remains outside sitemap, search and public KB channels","non_russian_title","DEEP_REWRITE","Content editor","quarantined","content/knowledge-base/_index/content.json","getPublicationIssues(entry)","publication-quality.test.ts + public-link-contract.test.ts"
"circuito-de-cervecerias-en-rosario:non_russian_summary","P1","attraction","/baza-znaniy/circuito-de-cervecerias-en-rosario","non_russian_summary","publication gate rejected entry","all publication checks pass","entry remains outside sitemap, search and public KB channels","non_russian_summary","DEEP_REWRITE","Content editor","quarantined","content/knowledge-base/_index/content.json","getPublicationIssues(entry)","publication-quality.test.ts + public-link-contract.test.ts"
"circuito-gastronomico-en-el-rio-parana:not_publication_ready","P1","attraction","/baza-znaniy/circuito-gastronomico-en-el-rio-parana","not_publication_ready","publication gate rejected entry","all publication checks pass","entry remains outside sitemap, search and public KB channels","not_publication_ready","DEEP_REWRITE","Content editor","quarantined","content/knowledge-base/_index/content.json","getPublicationIssues(entry)","publication-quality.test.ts + public-link-contract.test.ts"
"circuito-gastronomico-en-el-rio-parana:non_russian_title","P1","attraction","/baza-znaniy/circuito-gastronomico-en-el-rio-parana","non_russian_title","publication gate rejected entry","all publication checks pass","entry remains outside sitemap, search and public KB channels","non_russian_title","DEEP_REWRITE","Content editor","quarantined","content/knowledge-base/_index/content.json","getPublicationIssues(entry)","publication-quality.test.ts + public-link-contract.test.ts"
"circuito-gastronomico-en-el-rio-parana:non_russian_summary","P1","attraction","/baza-znaniy/circuito-gastronomico-en-el-rio-parana","non_russian_summary","publication gate rejected entry","all publication checks pass","entry remains outside sitemap, search and public KB channels","non_russian_summary","DEEP_REWRITE","Content editor","quarantined","content/knowledge-base/_index/content.json","getPublicationIssues(entry)","publication-quality.test.ts + public-link-contract.test.ts"
"ciudad-de-corrientes:thin_content","P1","attraction","/baza-znaniy/ciudad-de-corrientes","thin_content","publication gate rejected entry","all publication checks pass","entry remains outside sitemap, search and public KB channels","thin_content","EXPAND","Content editor","quarantined","content/knowledge-base/_index/content.json","getPublicationIssues(entry)","publication-quality.test.ts + public-link-contract.test.ts"
"ciudad-de-formosa:not_publication_ready","P1","attraction","/baza-znaniy/ciudad-de-formosa","not_publication_ready","publication gate rejected entry","all publication checks pass","entry remains outside sitemap, search and public KB channels","not_publication_ready","EXPAND","Content editor","quarantined","content/knowledge-base/_index/content.json","getPublicationIssues(entry)","publication-quality.test.ts + public-link-contract.test.ts"
"ciudad-de-formosa:thin_content","P1","attraction","/baza-znaniy/ciudad-de-formosa","thin_content","publication gate rejected entry","all publication checks pass","entry remains outside sitemap, search and public KB channels","thin_content","EXPAND","Content editor","quarantined","content/knowledge-base/_index/content.json","getPublicationIssues(entry)","publication-quality.test.ts + public-link-contract.test.ts"
"ciudad-de-salta:not_publication_ready","P1","attraction","/baza-znaniy/ciudad-de-salta","not_publication_ready","publication gate rejected entry","all publication checks pass","entry remains outside sitemap, search and public KB channels","not_publication_ready","EXPAND","Content editor","quarantined","content/knowledge-base/_index/content.json","getPublicationIssues(entry)","publication-quality.test.ts + public-link-contract.test.ts"
"ciudad-de-salta:thin_content","P1","attraction","/baza-znaniy/ciudad-de-salta","thin_content","publication gate rejected entry","all publication checks pass","entry remains outside sitemap, search and public KB channels","thin_content","EXPAND","Content editor","quarantined","content/knowledge-base/_index/content.json","getPublicationIssues(entry)","publication-quality.test.ts + public-link-contract.test.ts"
"ciudad-de-san-juan:not_publication_ready","P1","attraction","/baza-znaniy/ciudad-de-san-juan","not_publication_ready","publication gate rejected entry","all publication checks pass","entry remains outside sitemap, search and public KB channels","not_publication_ready","EXPAND","Content editor","quarantined","content/knowledge-base/_index/content.json","getPublicationIssues(entry)","publication-quality.test.ts + public-link-contract.test.ts"
"ciudad-de-san-juan:thin_content","P1","attraction","/baza-znaniy/ciudad-de-san-juan","thin_content","publication gate rejected entry","all publication checks pass","entry remains outside sitemap, search and public KB channels","thin_content","EXPAND","Content editor","quarantined","content/knowledge-base/_index/content.json","getPublicationIssues(entry)","publication-quality.test.ts + public-link-contract.test.ts"
"ciudad-de-santa-fe:not_publication_ready","P1","attraction","/baza-znaniy/ciudad-de-santa-fe","not_publication_ready","publication gate rejected entry","all publication checks pass","entry remains outside sitemap, search and public KB channels","not_publication_ready","EXPAND","Content editor","quarantined","content/knowledge-base/_index/content.json","getPublicationIssues(entry)","publication-quality.test.ts + public-link-contract.test.ts"
"ciudad-de-santa-fe:thin_content","P1","attraction","/baza-znaniy/ciudad-de-santa-fe","thin_content","publication gate rejected entry","all publication checks pass","entry remains outside sitemap, search and public KB channels","thin_content","EXPAND","Content editor","quarantined","content/knowledge-base/_index/content.json","getPublicationIssues(entry)","publication-quality.test.ts + public-link-contract.test.ts"
"clorinda:not_publication_ready","P1","attraction","/baza-znaniy/clorinda","not_publication_ready","publication gate rejected entry","all publication checks pass","entry remains outside sitemap, search and public KB channels","not_publication_ready","DEEP_REWRITE","Content editor","quarantined","content/knowledge-base/_index/content.json","getPublicationIssues(entry)","publication-quality.test.ts + public-link-contract.test.ts"
"clorinda:non_russian_title","P1","attraction","/baza-znaniy/clorinda","non_russian_title","publication gate rejected entry","all publication checks pass","entry remains outside sitemap, search and public KB channels","non_russian_title","DEEP_REWRITE","Content editor","quarantined","content/knowledge-base/_index/content.json","getPublicationIssues(entry)","publication-quality.test.ts + public-link-contract.test.ts"
"clorinda:non_russian_summary","P1","attraction","/baza-znaniy/clorinda","non_russian_summary","publication gate rejected entry","all publication checks pass","entry remains outside sitemap, search and public KB channels","non_russian_summary","DEEP_REWRITE","Content editor","quarantined","content/knowledge-base/_index/content.json","getPublicationIssues(entry)","publication-quality.test.ts + public-link-contract.test.ts"
"colon:not_publication_ready","P1","attraction","/baza-znaniy/colon","not_publication_ready","publication gate rejected entry","all publication checks pass","entry remains outside sitemap, search and public KB channels","not_publication_ready","DEEP_REWRITE","Content editor","quarantined","content/knowledge-base/_index/content.json","getPublicationIssues(entry)","publication-quality.test.ts + public-link-contract.test.ts"
"colon:non_russian_title","P1","attraction","/baza-znaniy/colon","non_russian_title","publication gate rejected entry","all publication checks pass","entry remains outside sitemap, search and public KB channels","non_russian_title","DEEP_REWRITE","Content editor","quarantined","content/knowledge-base/_index/content.json","getPublicationIssues(entry)","publication-quality.test.ts + public-link-contract.test.ts"
"colon:non_russian_summary","P1","attraction","/baza-znaniy/colon","non_russian_summary","publication gate rejected entry","all publication checks pass","entry remains outside sitemap, search and public KB channels","non_russian_summary","DEEP_REWRITE","Content editor","quarantined","content/knowledge-base/_index/content.json","getPublicationIssues(entry)","publication-quality.test.ts + public-link-contract.test.ts"
"colon-entre-rios:missing_hero","P1","city","/baza-znaniy/colon-entre-rios","missing_hero","publication gate rejected entry","all publication checks pass","entry remains outside sitemap, search and public KB channels","missing_hero","LIGHT_EDIT","Media editor","quarantined","content/knowledge-base/_index/content.json","getPublicationIssues(entry)","publication-quality.test.ts + public-link-contract.test.ts"
"colonia-carlos-pellegrini:not_publication_ready","P1","attraction","/baza-znaniy/colonia-carlos-pellegrini","not_publication_ready","publication gate rejected entry","all publication checks pass","entry remains outside sitemap, search and public KB channels","not_publication_ready","DEEP_REWRITE","Content editor","quarantined","content/knowledge-base/_index/content.json","getPublicationIssues(entry)","publication-quality.test.ts + public-link-contract.test.ts"
"colonia-carlos-pellegrini:mixed_script_word","P1","attraction","/baza-znaniy/colonia-carlos-pellegrini","mixed_script_word","publication gate rejected entry","all publication checks pass","entry remains outside sitemap, search and public KB channels","mixed_script_word","DEEP_REWRITE","Content editor","quarantined","content/knowledge-base/_index/content.json","getPublicationIssues(entry)","publication-quality.test.ts + public-link-contract.test.ts"
"colonia-carlos-pellegrini:thin_content","P1","attraction","/baza-znaniy/colonia-carlos-pellegrini","thin_content","publication gate rejected entry","all publication checks pass","entry remains outside sitemap, search and public KB channels","thin_content","DEEP_REWRITE","Content editor","quarantined","content/knowledge-base/_index/content.json","getPublicationIssues(entry)","publication-quality.test.ts + public-link-contract.test.ts"
"colonia-menonita-en-la-pampa:thin_content","P1","attraction","/baza-znaniy/colonia-menonita-en-la-pampa","thin_content","publication gate rejected entry","all publication checks pass","entry remains outside sitemap, search and public KB channels","thin_content","EXPAND","Content editor","quarantined","content/knowledge-base/_index/content.json","getPublicationIssues(entry)","publication-quality.test.ts + public-link-contract.test.ts"
"colonia-suiza:not_publication_ready","P1","attraction","/baza-znaniy/colonia-suiza","not_publication_ready","publication gate rejected entry","all publication checks pass","entry remains outside sitemap, search and public KB channels","not_publication_ready","EXPAND","Content editor","quarantined","content/knowledge-base/_index/content.json","getPublicationIssues(entry)","publication-quality.test.ts + public-link-contract.test.ts"
"colonia-suiza:thin_content","P1","attraction","/baza-znaniy/colonia-suiza","thin_content","publication gate rejected entry","all publication checks pass","entry remains outside sitemap, search and public KB channels","thin_content","EXPAND","Content editor","quarantined","content/knowledge-base/_index/content.json","getPublicationIssues(entry)","publication-quality.test.ts + public-link-contract.test.ts"
"colonias-judias-en-santa-fe:not_publication_ready","P1","attraction","/baza-znaniy/colonias-judias-en-santa-fe","not_publication_ready","publication gate rejected entry","all publication checks pass","entry remains outside sitemap, search and public KB channels","not_publication_ready","EXPAND","Content editor","quarantined","content/knowledge-base/_index/content.json","getPublicationIssues(entry)","publication-quality.test.ts + public-link-contract.test.ts"
"colonias-judias-en-santa-fe:thin_content","P1","attraction","/baza-znaniy/colonias-judias-en-santa-fe","thin_content","publication gate rejected entry","all publication checks pass","entry remains outside sitemap, search and public KB channels","thin_content","EXPAND","Content editor","quarantined","content/knowledge-base/_index/content.json","getPublicationIssues(entry)","publication-quality.test.ts + public-link-contract.test.ts"
"comandante-luis-piedrabuena:not_publication_ready","P1","attraction","/baza-znaniy/comandante-luis-piedrabuena","not_publication_ready","publication gate rejected entry","all publication checks pass","entry remains outside sitemap, search and public KB channels","not_publication_ready","DEEP_REWRITE","Content editor","quarantined","content/knowledge-base/_index/content.json","getPublicationIssues(entry)","publication-quality.test.ts + public-link-contract.test.ts"
"comandante-luis-piedrabuena:non_russian_title","P1","attraction","/baza-znaniy/comandante-luis-piedrabuena","non_russian_title","publication gate rejected entry","all publication checks pass","entry remains outside sitemap, search and public KB channels","non_russian_title","DEEP_REWRITE","Content editor","quarantined","content/knowledge-base/_index/content.json","getPublicationIssues(entry)","publication-quality.test.ts + public-link-contract.test.ts"
"comandante-luis-piedrabuena:non_russian_summary","P1","attraction","/baza-znaniy/comandante-luis-piedrabuena","non_russian_summary","publication gate rejected entry","all publication checks pass","entry remains outside sitemap, search and public KB channels","non_russian_summary","DEEP_REWRITE","Content editor","quarantined","content/knowledge-base/_index/content.json","getPublicationIssues(entry)","publication-quality.test.ts + public-link-contract.test.ts"
"comarca-andina-del-paralelo-42:not_publication_ready","P1","attraction","/baza-znaniy/comarca-andina-del-paralelo-42","not_publication_ready","publication gate rejected entry","all publication checks pass","entry remains outside sitemap, search and public KB channels","not_publication_ready","DEEP_REWRITE","Content editor","quarantined","content/knowledge-base/_index/content.json","getPublicationIssues(entry)","publication-quality.test.ts + public-link-contract.test.ts"
"comarca-andina-del-paralelo-42:non_russian_title","P1","attraction","/baza-znaniy/comarca-andina-del-paralelo-42","non_russian_title","publication gate rejected entry","all publication checks pass","entry remains outside sitemap, search and public KB channels","non_russian_title","DEEP_REWRITE","Content editor","quarantined","content/knowledge-base/_index/content.json","getPublicationIssues(entry)","publication-quality.test.ts + public-link-contract.test.ts"
"comarca-andina-del-paralelo-42:non_russian_summary","P1","attraction","/baza-znaniy/comarca-andina-del-paralelo-42","non_russian_summary","publication gate rejected entry","all publication checks pass","entry remains outside sitemap, search and public KB channels","non_russian_summary","DEEP_REWRITE","Content editor","quarantined","content/knowledge-base/_index/content.json","getPublicationIssues(entry)","publication-quality.test.ts + public-link-contract.test.ts"
"cordero-patagonico:machine_translation_marker","P0","attraction","/baza-znaniy/cordero-patagonico","machine_translation_marker","publication gate rejected entry","all publication checks pass","entry remains outside sitemap, search and public KB channels","machine_translation_marker","HUMAN_REVIEW","Russian content editor","quarantined","content/knowledge-base/_index/content.json","getPublicationIssues(entry)","publication-quality.test.ts + public-link-contract.test.ts"
"cordoba-de-las-campanas:not_publication_ready","P1","attraction","/baza-znaniy/cordoba-de-las-campanas","not_publication_ready","publication gate rejected entry","all publication checks pass","entry remains outside sitemap, search and public KB channels","not_publication_ready","DEEP_REWRITE","Content editor","quarantined","content/knowledge-base/_index/content.json","getPublicationIssues(entry)","publication-quality.test.ts + public-link-contract.test.ts"
"cordoba-de-las-campanas:non_russian_title","P1","attraction","/baza-znaniy/cordoba-de-las-campanas","non_russian_title","publication gate rejected entry","all publication checks pass","entry remains outside sitemap, search and public KB channels","non_russian_title","DEEP_REWRITE","Content editor","quarantined","content/knowledge-base/_index/content.json","getPublicationIssues(entry)","publication-quality.test.ts + public-link-contract.test.ts"
"cordoba-de-las-campanas:non_russian_summary","P1","attraction","/baza-znaniy/cordoba-de-las-campanas","non_russian_summary","publication gate rejected entry","all publication checks pass","entry remains outside sitemap, search and public KB channels","non_russian_summary","DEEP_REWRITE","Content editor","quarantined","content/knowledge-base/_index/content.json","getPublicationIssues(entry)","publication-quality.test.ts + public-link-contract.test.ts"
"corredor-de-la-puna:not_publication_ready","P1","attraction","/baza-znaniy/corredor-de-la-puna","not_publication_ready","publication gate rejected entry","all publication checks pass","entry remains outside sitemap, search and public KB channels","not_publication_ready","DEEP_REWRITE","Content editor","quarantined","content/knowledge-base/_index/content.json","getPublicationIssues(entry)","publication-quality.test.ts + public-link-contract.test.ts"
"corredor-de-la-puna:non_russian_title","P1","attraction","/baza-znaniy/corredor-de-la-puna","non_russian_title","publication gate rejected entry","all publication checks pass","entry remains outside sitemap, search and public KB channels","non_russian_title","DEEP_REWRITE","Content editor","quarantined","content/knowledge-base/_index/content.json","getPublicationIssues(entry)","publication-quality.test.ts + public-link-contract.test.ts"
"corredor-de-la-puna:non_russian_summary","P1","attraction","/baza-znaniy/corredor-de-la-puna","non_russian_summary","publication gate rejected entry","all publication checks pass","entry remains outside sitemap, search and public KB channels","non_russian_summary","DEEP_REWRITE","Content editor","quarantined","content/knowledge-base/_index/content.json","getPublicationIssues(entry)","publication-quality.test.ts + public-link-contract.test.ts"
"corredor-del-viento:not_publication_ready","P1","attraction","/baza-znaniy/corredor-del-viento","not_publication_ready","publication gate rejected entry","all publication checks pass","entry remains outside sitemap, search and public KB channels","not_publication_ready","DEEP_REWRITE","Content editor","quarantined","content/knowledge-base/_index/content.json","getPublicationIssues(entry)","publication-quality.test.ts + public-link-contract.test.ts"
"corredor-del-viento:non_russian_title","P1","attraction","/baza-znaniy/corredor-del-viento","non_russian_title","publication gate rejected entry","all publication checks pass","entry remains outside sitemap, search and public KB channels","non_russian_title","DEEP_REWRITE","Content editor","quarantined","content/knowledge-base/_index/content.json","getPublicationIssues(entry)","publication-quality.test.ts + public-link-contract.test.ts"
"corredor-del-viento:non_russian_summary","P1","attraction","/baza-znaniy/corredor-del-viento","non_russian_summary","publication gate rejected entry","all publication checks pass","entry remains outside sitemap, search and public KB channels","non_russian_summary","DEEP_REWRITE","Content editor","quarantined","content/knowledge-base/_index/content.json","getPublicationIssues(entry)","publication-quality.test.ts + public-link-contract.test.ts"
"cosquin:not_publication_ready","P1","attraction","/baza-znaniy/cosquin","not_publication_ready","publication gate rejected entry","all publication checks pass","entry remains outside sitemap, search and public KB channels","not_publication_ready","DEEP_REWRITE","Content editor","quarantined","content/knowledge-base/_index/content.json","getPublicationIssues(entry)","publication-quality.test.ts + public-link-contract.test.ts"
"cosquin:non_russian_title","P1","attraction","/baza-znaniy/cosquin","non_russian_title","publication gate rejected entry","all publication checks pass","entry remains outside sitemap, search and public KB channels","non_russian_title","DEEP_REWRITE","Content editor","quarantined","content/knowledge-base/_index/content.json","getPublicationIssues(entry)","publication-quality.test.ts + public-link-contract.test.ts"
"cosquin:non_russian_summary","P1","attraction","/baza-znaniy/cosquin","non_russian_summary","publication gate rejected entry","all publication checks pass","entry remains outside sitemap, search and public KB channels","non_russian_summary","DEEP_REWRITE","Content editor","quarantined","content/knowledge-base/_index/content.json","getPublicationIssues(entry)","publication-quality.test.ts + public-link-contract.test.ts"
"costa-atlantica-bonaerense:thin_content","P1","attraction","/baza-znaniy/costa-atlantica-bonaerense","thin_content","publication gate rejected entry","all publication checks pass","entry remains outside sitemap, search and public KB channels","thin_content","EXPAND","Content editor","quarantined","content/knowledge-base/_index/content.json","getPublicationIssues(entry)","publication-quality.test.ts + public-link-contract.test.ts"
"costa-atlantica-de-la-provincia-de-buenos-aires:not_publication_ready","P1","attraction","/baza-znaniy/costa-atlantica-de-la-provincia-de-buenos-aires","not_publication_ready","publication gate rejected entry","all publication checks pass","entry remains outside sitemap, search and public KB channels","not_publication_ready","DEEP_REWRITE","Content editor","quarantined","content/knowledge-base/_index/content.json","getPublicationIssues(entry)","publication-quality.test.ts + public-link-contract.test.ts"
"costa-atlantica-de-la-provincia-de-buenos-aires:non_russian_summary","P1","attraction","/baza-znaniy/costa-atlantica-de-la-provincia-de-buenos-aires","non_russian_summary","publication gate rejected entry","all publication checks pass","entry remains outside sitemap, search and public KB channels","non_russian_summary","DEEP_REWRITE","Content editor","quarantined","content/knowledge-base/_index/content.json","getPublicationIssues(entry)","publication-quality.test.ts + public-link-contract.test.ts"
"costanera-de-corrientes:not_publication_ready","P1","attraction","/baza-znaniy/costanera-de-corrientes","not_publication_ready","publication gate rejected entry","all publication checks pass","entry remains outside sitemap, search and public KB channels","not_publication_ready","DEEP_REWRITE","Content editor","quarantined","content/knowledge-base/_index/content.json","getPublicationIssues(entry)","publication-quality.test.ts + public-link-contract.test.ts"
"costanera-de-corrientes:non_russian_title","P1","attraction","/baza-znaniy/costanera-de-corrientes","non_russian_title","publication gate rejected entry","all publication checks pass","entry remains outside sitemap, search and public KB channels","non_russian_title","DEEP_REWRITE","Content editor","quarantined","content/knowledge-base/_index/content.json","getPublicationIssues(entry)","publication-quality.test.ts + public-link-contract.test.ts"
"costanera-de-corrientes:non_russian_summary","P1","attraction","/baza-znaniy/costanera-de-corrientes","non_russian_summary","publication gate rejected entry","all publication checks pass","entry remains outside sitemap, search and public KB channels","non_russian_summary","DEEP_REWRITE","Content editor","quarantined","content/knowledge-base/_index/content.json","getPublicationIssues(entry)","publication-quality.test.ts + public-link-contract.test.ts"
"costanera-de-formosa:not_publication_ready","P1","attraction","/baza-znaniy/costanera-de-formosa","not_publication_ready","publication gate rejected entry","all publication checks pass","entry remains outside sitemap, search and public KB channels","not_publication_ready","DEEP_REWRITE","Content editor","quarantined","content/knowledge-base/_index/content.json","getPublicationIssues(entry)","publication-quality.test.ts + public-link-contract.test.ts"
"costanera-de-formosa:non_russian_title","P1","attraction","/baza-znaniy/costanera-de-formosa","non_russian_title","publication gate rejected entry","all publication checks pass","entry remains outside sitemap, search and public KB channels","non_russian_title","DEEP_REWRITE","Content editor","quarantined","content/knowledge-base/_index/content.json","getPublicationIssues(entry)","publication-quality.test.ts + public-link-contract.test.ts"
"costanera-de-formosa:non_russian_summary","P1","attraction","/baza-znaniy/costanera-de-formosa","non_russian_summary","publication gate rejected entry","all publication checks pass","entry remains outside sitemap, search and public KB channels","non_russian_summary","DEEP_REWRITE","Content editor","quarantined","content/knowledge-base/_index/content.json","getPublicationIssues(entry)","publication-quality.test.ts + public-link-contract.test.ts"
"cruce-de-los-andes:not_publication_ready","P1","attraction","/baza-znaniy/cruce-de-los-andes","not_publication_ready","publication gate rejected entry","all publication checks pass","entry remains outside sitemap, search and public KB channels","not_publication_ready","DEEP_REWRITE","Content editor","quarantined","content/knowledge-base/_index/content.json","getPublicationIssues(entry)","publication-quality.test.ts + public-link-contract.test.ts"
"cruce-de-los-andes:non_russian_title","P1","attraction","/baza-znaniy/cruce-de-los-andes","non_russian_title","publication gate rejected entry","all publication checks pass","entry remains outside sitemap, search and public KB channels","non_russian_title","DEEP_REWRITE","Content editor","quarantined","content/knowledge-base/_index/content.json","getPublicationIssues(entry)","publication-quality.test.ts + public-link-contract.test.ts"
"cruce-de-los-andes:non_russian_summary","P1","attraction","/baza-znaniy/cruce-de-los-andes","non_russian_summary","publication gate rejected entry","all publication checks pass","entry remains outside sitemap, search and public KB channels","non_russian_summary","DEEP_REWRITE","Content editor","quarantined","content/knowledge-base/_index/content.json","getPublicationIssues(entry)","publication-quality.test.ts + public-link-contract.test.ts"
"cuesta-del-viento:not_publication_ready","P1","attraction","/baza-znaniy/cuesta-del-viento","not_publication_ready","publication gate rejected entry","all publication checks pass","entry remains outside sitemap, search and public KB channels","not_publication_ready","DEEP_REWRITE","Content editor","quarantined","content/knowledge-base/_index/content.json","getPublicationIssues(entry)","publication-quality.test.ts + public-link-contract.test.ts"
"cuesta-del-viento:non_russian_title","P1","attraction","/baza-znaniy/cuesta-del-viento","non_russian_title","publication gate rejected entry","all publication checks pass","entry remains outside sitemap, search and public KB channels","non_russian_title","DEEP_REWRITE","Content editor","quarantined","content/knowledge-base/_index/content.json","getPublicationIssues(entry)","publication-quality.test.ts + public-link-contract.test.ts"
"cuesta-del-viento:non_russian_summary","P1","attraction","/baza-znaniy/cuesta-del-viento","non_russian_summary","publication gate rejected entry","all publication checks pass","entry remains outside sitemap, search and public KB channels","non_russian_summary","DEEP_REWRITE","Content editor","quarantined","content/knowledge-base/_index/content.json","getPublicationIssues(entry)","publication-quality.test.ts + public-link-contract.test.ts"
"cueva-de-las-manos:not_publication_ready","P1","attraction","/baza-znaniy/cueva-de-las-manos","not_publication_ready","publication gate rejected entry","all publication checks pass","entry remains outside sitemap, search and public KB channels","not_publication_ready","HUMAN_REVIEW","Content editor","quarantined","content/knowledge-base/_index/content.json","getPublicationIssues(entry)","publication-quality.test.ts + public-link-contract.test.ts"
"cultura-guarani-en-misiones:not_publication_ready","P1","attraction","/baza-znaniy/cultura-guarani-en-misiones","not_publication_ready","publication gate rejected entry","all publication checks pass","entry remains outside sitemap, search and public KB channels","not_publication_ready","DEEP_REWRITE","Content editor","quarantined","content/knowledge-base/_index/content.json","getPublicationIssues(entry)","publication-quality.test.ts + public-link-contract.test.ts"
"cultura-guarani-en-misiones:non_russian_title","P1","attraction","/baza-znaniy/cultura-guarani-en-misiones","non_russian_title","publication gate rejected entry","all publication checks pass","entry remains outside sitemap, search and public KB channels","non_russian_title","DEEP_REWRITE","Content editor","quarantined","content/knowledge-base/_index/content.json","getPublicationIssues(entry)","publication-quality.test.ts + public-link-contract.test.ts"
"cultura-guarani-en-misiones:non_russian_summary","P1","attraction","/baza-znaniy/cultura-guarani-en-misiones","non_russian_summary","publication gate rejected entry","all publication checks pass","entry remains outside sitemap, search and public KB channels","non_russian_summary","DEEP_REWRITE","Content editor","quarantined","content/knowledge-base/_index/content.json","getPublicationIssues(entry)","publication-quality.test.ts + public-link-contract.test.ts"
"cusi-cusi:not_publication_ready","P1","attraction","/baza-znaniy/cusi-cusi","not_publication_ready","publication gate rejected entry","all publication checks pass","entry remains outside sitemap, search and public KB channels","not_publication_ready","DEEP_REWRITE","Content editor","quarantined","content/knowledge-base/_index/content.json","getPublicationIssues(entry)","publication-quality.test.ts + public-link-contract.test.ts"
"cusi-cusi:non_russian_title","P1","attraction","/baza-znaniy/cusi-cusi","non_russian_title","publication gate rejected entry","all publication checks pass","entry remains outside sitemap, search and public KB channels","non_russian_title","DEEP_REWRITE","Content editor","quarantined","content/knowledge-base/_index/content.json","getPublicationIssues(entry)","publication-quality.test.ts + public-link-contract.test.ts"
"cusi-cusi:non_russian_summary","P1","attraction","/baza-znaniy/cusi-cusi","non_russian_summary","publication gate rejected entry","all publication checks pass","entry remains outside sitemap, search and public KB channels","non_russian_summary","DEEP_REWRITE","Content editor","quarantined","content/knowledge-base/_index/content.json","getPublicationIssues(entry)","publication-quality.test.ts + public-link-contract.test.ts"
"delta-del-parana:not_publication_ready","P1","attraction","/baza-znaniy/delta-del-parana","not_publication_ready","publication gate rejected entry","all publication checks pass","entry remains outside sitemap, search and public KB channels","not_publication_ready","DEEP_REWRITE","Content editor","quarantined","content/knowledge-base/_index/content.json","getPublicationIssues(entry)","publication-quality.test.ts + public-link-contract.test.ts"
"delta-del-parana:non_russian_summary","P1","attraction","/baza-znaniy/delta-del-parana","non_russian_summary","publication gate rejected entry","all publication checks pass","entry remains outside sitemap, search and public KB channels","non_russian_summary","DEEP_REWRITE","Content editor","quarantined","content/knowledge-base/_index/content.json","getPublicationIssues(entry)","publication-quality.test.ts + public-link-contract.test.ts"
"deportes-extremos-en-la-rioja:not_publication_ready","P1","attraction","/baza-znaniy/deportes-extremos-en-la-rioja","not_publication_ready","publication gate rejected entry","all publication checks pass","entry remains outside sitemap, search and public KB channels","not_publication_ready","DEEP_REWRITE","Content editor","quarantined","content/knowledge-base/_index/content.json","getPublicationIssues(entry)","publication-quality.test.ts + public-link-contract.test.ts"
"deportes-extremos-en-la-rioja:non_russian_title","P1","attraction","/baza-znaniy/deportes-extremos-en-la-rioja","non_russian_title","publication gate rejected entry","all publication checks pass","entry remains outside sitemap, search and public KB channels","non_russian_title","DEEP_REWRITE","Content editor","quarantined","content/knowledge-base/_index/content.json","getPublicationIssues(entry)","publication-quality.test.ts + public-link-contract.test.ts"
"deportes-extremos-en-la-rioja:non_russian_summary","P1","attraction","/baza-znaniy/deportes-extremos-en-la-rioja","non_russian_summary","publication gate rejected entry","all publication checks pass","entry remains outside sitemap, search and public KB channels","non_russian_summary","DEEP_REWRITE","Content editor","quarantined","content/knowledge-base/_index/content.json","getPublicationIssues(entry)","publication-quality.test.ts + public-link-contract.test.ts"
"deportes-extremos-en-paso-de-la-patria:not_publication_ready","P1","attraction","/baza-znaniy/deportes-extremos-en-paso-de-la-patria","not_publication_ready","publication gate rejected entry","all publication checks pass","entry remains outside sitemap, search and public KB channels","not_publication_ready","DEEP_REWRITE","Content editor","quarantined","content/knowledge-base/_index/content.json","getPublicationIssues(entry)","publication-quality.test.ts + public-link-contract.test.ts"
"deportes-extremos-en-paso-de-la-patria:non_russian_title","P1","attraction","/baza-znaniy/deportes-extremos-en-paso-de-la-patria","non_russian_title","publication gate rejected entry","all publication checks pass","entry remains outside sitemap, search and public KB channels","non_russian_title","DEEP_REWRITE","Content editor","quarantined","content/knowledge-base/_index/content.json","getPublicationIssues(entry)","publication-quality.test.ts + public-link-contract.test.ts"
"deportes-extremos-en-paso-de-la-patria:non_russian_summary","P1","attraction","/baza-znaniy/deportes-extremos-en-paso-de-la-patria","non_russian_summary","publication gate rejected entry","all publication checks pass","entry remains outside sitemap, search and public KB channels","non_russian_summary","DEEP_REWRITE","Content editor","quarantined","content/knowledge-base/_index/content.json","getPublicationIssues(entry)","publication-quality.test.ts + public-link-contract.test.ts"
"dinosaurios-de-la-patagonia:not_publication_ready","P1","attraction","/baza-znaniy/dinosaurios-de-la-patagonia","not_publication_ready","publication gate rejected entry","all publication checks pass","entry remains outside sitemap, search and public KB channels","not_publication_ready","DEEP_REWRITE","Content editor","quarantined","content/knowledge-base/_index/content.json","getPublicationIssues(entry)","publication-quality.test.ts + public-link-contract.test.ts"
"dinosaurios-de-la-patagonia:non_russian_summary","P1","attraction","/baza-znaniy/dinosaurios-de-la-patagonia","non_russian_summary","publication gate rejected entry","all publication checks pass","entry remains outside sitemap, search and public KB channels","non_russian_summary","DEEP_REWRITE","Content editor","quarantined","content/knowledge-base/_index/content.json","getPublicationIssues(entry)","publication-quality.test.ts + public-link-contract.test.ts"
"dinosaurios-en-neuquen:not_publication_ready","P1","attraction","/baza-znaniy/dinosaurios-en-neuquen","not_publication_ready","publication gate rejected entry","all publication checks pass","entry remains outside sitemap, search and public KB channels","not_publication_ready","DEEP_REWRITE","Content editor","quarantined","content/knowledge-base/_index/content.json","getPublicationIssues(entry)","publication-quality.test.ts + public-link-contract.test.ts"
"dinosaurios-en-neuquen:non_russian_title","P1","attraction","/baza-znaniy/dinosaurios-en-neuquen","non_russian_title","publication gate rejected entry","all publication checks pass","entry remains outside sitemap, search and public KB channels","non_russian_title","DEEP_REWRITE","Content editor","quarantined","content/knowledge-base/_index/content.json","getPublicationIssues(entry)","publication-quality.test.ts + public-link-contract.test.ts"
"dinosaurios-en-neuquen:non_russian_summary","P1","attraction","/baza-znaniy/dinosaurios-en-neuquen","non_russian_summary","publication gate rejected entry","all publication checks pass","entry remains outside sitemap, search and public KB channels","non_russian_summary","DEEP_REWRITE","Content editor","quarantined","content/knowledge-base/_index/content.json","getPublicationIssues(entry)","publication-quality.test.ts + public-link-contract.test.ts"
"dique-piscu-yacu:not_publication_ready","P1","attraction","/baza-znaniy/dique-piscu-yacu","not_publication_ready","publication gate rejected entry","all publication checks pass","entry remains outside sitemap, search and public KB channels","not_publication_ready","EXPAND","Content editor","quarantined","content/knowledge-base/_index/content.json","getPublicationIssues(entry)","publication-quality.test.ts + public-link-contract.test.ts"
"dique-piscu-yacu:thin_content","P1","attraction","/baza-znaniy/dique-piscu-yacu","thin_content","publication gate rejected entry","all publication checks pass","entry remains outside sitemap, search and public KB channels","thin_content","EXPAND","Content editor","quarantined","content/knowledge-base/_index/content.json","getPublicationIssues(entry)","publication-quality.test.ts + public-link-contract.test.ts"
"dunas-de-taton:not_publication_ready","P1","attraction","/baza-znaniy/dunas-de-taton","not_publication_ready","publication gate rejected entry","all publication checks pass","entry remains outside sitemap, search and public KB channels","not_publication_ready","EXPAND","Content editor","quarantined","content/knowledge-base/_index/content.json","getPublicationIssues(entry)","publication-quality.test.ts + public-link-contract.test.ts"
"dunas-de-taton:thin_content","P1","attraction","/baza-znaniy/dunas-de-taton","thin_content","publication gate rejected entry","all publication checks pass","entry remains outside sitemap, search and public KB channels","thin_content","EXPAND","Content editor","quarantined","content/knowledge-base/_index/content.json","getPublicationIssues(entry)","publication-quality.test.ts + public-link-contract.test.ts"
"el-chaku:not_publication_ready","P1","attraction","/baza-znaniy/el-chaku","not_publication_ready","publication gate rejected entry","all publication checks pass","entry remains outside sitemap, search and public KB channels","not_publication_ready","EXPAND","Content editor","quarantined","content/knowledge-base/_index/content.json","getPublicationIssues(entry)","publication-quality.test.ts + public-link-contract.test.ts"
"el-chaku:thin_content","P1","attraction","/baza-znaniy/el-chaku","thin_content","publication gate rejected entry","all publication checks pass","entry remains outside sitemap, search and public KB channels","thin_content","EXPAND","Content editor","quarantined","content/knowledge-base/_index/content.json","getPublicationIssues(entry)","publication-quality.test.ts + public-link-contract.test.ts"
"el-curanto:not_publication_ready","P1","attraction","/baza-znaniy/el-curanto","not_publication_ready","publication gate rejected entry","all publication checks pass","entry remains outside sitemap, search and public KB channels","not_publication_ready","EXPAND","Content editor","quarantined","content/knowledge-base/_index/content.json","getPublicationIssues(entry)","publication-quality.test.ts + public-link-contract.test.ts"
"el-curanto:thin_content","P1","attraction","/baza-znaniy/el-curanto","thin_content","publication gate rejected entry","all publication checks pass","entry remains outside sitemap, search and public KB channels","thin_content","EXPAND","Content editor","quarantined","content/knowledge-base/_index/content.json","getPublicationIssues(entry)","publication-quality.test.ts + public-link-contract.test.ts"
"el-gaucho:not_publication_ready","P1","attraction","/baza-znaniy/el-gaucho","not_publication_ready","publication gate rejected entry","all publication checks pass","entry remains outside sitemap, search and public KB channels","not_publication_ready","EXPAND","Content editor","quarantined","content/knowledge-base/_index/content.json","getPublicationIssues(entry)","publication-quality.test.ts + public-link-contract.test.ts"
"el-gaucho:thin_content","P1","attraction","/baza-znaniy/el-gaucho","thin_content","publication gate rejected entry","all publication checks pass","entry remains outside sitemap, search and public KB channels","thin_content","EXPAND","Content editor","quarantined","content/knowledge-base/_index/content.json","getPublicationIssues(entry)","publication-quality.test.ts + public-link-contract.test.ts"
"el-hoyo:thin_content","P1","attraction","/baza-znaniy/el-hoyo","thin_content","publication gate rejected entry","all publication checks pass","entry remains outside sitemap, search and public KB channels","thin_content","EXPAND","Content editor","quarantined","content/knowledge-base/_index/content.json","getPublicationIssues(entry)","publication-quality.test.ts + public-link-contract.test.ts"
"el-mate:not_publication_ready","P1","attraction","/baza-znaniy/el-mate","not_publication_ready","publication gate rejected entry","all publication checks pass","entry remains outside sitemap, search and public KB channels","not_publication_ready","EXPAND","Content editor","quarantined","content/knowledge-base/_index/content.json","getPublicationIssues(entry)","publication-quality.test.ts + public-link-contract.test.ts"
"el-mate:thin_content","P1","attraction","/baza-znaniy/el-mate","thin_content","publication gate rejected entry","all publication checks pass","entry remains outside sitemap, search and public KB channels","thin_content","EXPAND","Content editor","quarantined","content/knowledge-base/_index/content.json","getPublicationIssues(entry)","publication-quality.test.ts + public-link-contract.test.ts"
"el-nihuil:not_publication_ready","P1","attraction","/baza-znaniy/el-nihuil","not_publication_ready","publication gate rejected entry","all publication checks pass","entry remains outside sitemap, search and public KB channels","not_publication_ready","EXPAND","Content editor","quarantined","content/knowledge-base/_index/content.json","getPublicationIssues(entry)","publication-quality.test.ts + public-link-contract.test.ts"
"el-nihuil:thin_content","P1","attraction","/baza-znaniy/el-nihuil","thin_content","publication gate rejected entry","all publication checks pass","entry remains outside sitemap, search and public KB channels","thin_content","EXPAND","Content editor","quarantined","content/knowledge-base/_index/content.json","getPublicationIssues(entry)","publication-quality.test.ts + public-link-contract.test.ts"
"el-obelisco-de-cafayate:not_publication_ready","P1","attraction","/baza-znaniy/el-obelisco-de-cafayate","not_publication_ready","publication gate rejected entry","all publication checks pass","entry remains outside sitemap, search and public KB channels","not_publication_ready","EXPAND","Content editor","quarantined","content/knowledge-base/_index/content.json","getPublicationIssues(entry)","publication-quality.test.ts + public-link-contract.test.ts"
"el-obelisco-de-cafayate:thin_content","P1","attraction","/baza-znaniy/el-obelisco-de-cafayate","thin_content","publication gate rejected entry","all publication checks pass","entry remains outside sitemap, search and public KB channels","thin_content","EXPAND","Content editor","quarantined","content/knowledge-base/_index/content.json","getPublicationIssues(entry)","publication-quality.test.ts + public-link-contract.test.ts"
"el-rodeo:not_publication_ready","P1","attraction","/baza-znaniy/el-rodeo","not_publication_ready","publication gate rejected entry","all publication checks pass","entry remains outside sitemap, search and public KB channels","not_publication_ready","EXPAND","Content editor","quarantined","content/knowledge-base/_index/content.json","getPublicationIssues(entry)","publication-quality.test.ts + public-link-contract.test.ts"
"el-rodeo:thin_content","P1","attraction","/baza-znaniy/el-rodeo","thin_content","publication gate rejected entry","all publication checks pass","entry remains outside sitemap, search and public KB channels","thin_content","EXPAND","Content editor","quarantined","content/knowledge-base/_index/content.json","getPublicationIssues(entry)","publication-quality.test.ts + public-link-contract.test.ts"
"el-salitral-encantado:not_publication_ready","P1","attraction","/baza-znaniy/el-salitral-encantado","not_publication_ready","publication gate rejected entry","all publication checks pass","entry remains outside sitemap, search and public KB channels","not_publication_ready","EXPAND","Content editor","quarantined","content/knowledge-base/_index/content.json","getPublicationIssues(entry)","publication-quality.test.ts + public-link-contract.test.ts"
"el-salitral-encantado:thin_content","P1","attraction","/baza-znaniy/el-salitral-encantado","thin_content","publication gate rejected entry","all publication checks pass","entry remains outside sitemap, search and public KB channels","thin_content","EXPAND","Content editor","quarantined","content/knowledge-base/_index/content.json","getPublicationIssues(entry)","publication-quality.test.ts + public-link-contract.test.ts"
"el-sauzalito:not_publication_ready","P1","attraction","/baza-znaniy/el-sauzalito","not_publication_ready","publication gate rejected entry","all publication checks pass","entry remains outside sitemap, search and public KB channels","not_publication_ready","EXPAND","Content editor","quarantined","content/knowledge-base/_index/content.json","getPublicationIssues(entry)","publication-quality.test.ts + public-link-contract.test.ts"
"el-sauzalito:thin_content","P1","attraction","/baza-znaniy/el-sauzalito","thin_content","publication gate rejected entry","all publication checks pass","entry remains outside sitemap, search and public KB channels","thin_content","EXPAND","Content editor","quarantined","content/knowledge-base/_index/content.json","getPublicationIssues(entry)","publication-quality.test.ts + public-link-contract.test.ts"
"el-sosneado:not_publication_ready","P1","attraction","/baza-znaniy/el-sosneado","not_publication_ready","publication gate rejected entry","all publication checks pass","entry remains outside sitemap, search and public KB channels","not_publication_ready","EXPAND","Content editor","quarantined","content/knowledge-base/_index/content.json","getPublicationIssues(entry)","publication-quality.test.ts + public-link-contract.test.ts"
"el-sosneado:thin_content","P1","attraction","/baza-znaniy/el-sosneado","thin_content","publication gate rejected entry","all publication checks pass","entry remains outside sitemap, search and public KB channels","thin_content","EXPAND","Content editor","quarantined","content/knowledge-base/_index/content.json","getPublicationIssues(entry)","publication-quality.test.ts + public-link-contract.test.ts"
"el-trapiche:not_publication_ready","P1","attraction","/baza-znaniy/el-trapiche","not_publication_ready","publication gate rejected entry","all publication checks pass","entry remains outside sitemap, search and public KB channels","not_publication_ready","EXPAND","Content editor","quarantined","content/knowledge-base/_index/content.json","getPublicationIssues(entry)","publication-quality.test.ts + public-link-contract.test.ts"
"el-trapiche:thin_content","P1","attraction","/baza-znaniy/el-trapiche","thin_content","publication gate rejected entry","all publication checks pass","entry remains outside sitemap, search and public KB channels","thin_content","EXPAND","Content editor","quarantined","content/knowledge-base/_index/content.json","getPublicationIssues(entry)","publication-quality.test.ts + public-link-contract.test.ts"
"el-tren-patagonico:thin_content","P1","attraction","/baza-znaniy/el-tren-patagonico","thin_content","publication gate rejected entry","all publication checks pass","entry remains outside sitemap, search and public KB channels","thin_content","EXPAND","Content editor","quarantined","content/knowledge-base/_index/content.json","getPublicationIssues(entry)","publication-quality.test.ts + public-link-contract.test.ts"
"el-vino-malbec:not_publication_ready","P1","attraction","/baza-znaniy/el-vino-malbec","not_publication_ready","publication gate rejected entry","all publication checks pass","entry remains outside sitemap, search and public KB channels","not_publication_ready","EXPAND","Content editor","quarantined","content/knowledge-base/_index/content.json","getPublicationIssues(entry)","publication-quality.test.ts + public-link-contract.test.ts"
"el-vino-malbec:thin_content","P1","attraction","/baza-znaniy/el-vino-malbec","thin_content","publication gate rejected entry","all publication checks pass","entry remains outside sitemap, search and public KB channels","thin_content","EXPAND","Content editor","quarantined","content/knowledge-base/_index/content.json","getPublicationIssues(entry)","publication-quality.test.ts + public-link-contract.test.ts"
"eldorado:not_publication_ready","P1","attraction","/baza-znaniy/eldorado","not_publication_ready","publication gate rejected entry","all publication checks pass","entry remains outside sitemap, search and public KB channels","not_publication_ready","DEEP_REWRITE","Content editor","quarantined","content/knowledge-base/_index/content.json","getPublicationIssues(entry)","publication-quality.test.ts + public-link-contract.test.ts"
"eldorado:non_russian_title","P1","attraction","/baza-znaniy/eldorado","non_russian_title","publication gate rejected entry","all publication checks pass","entry remains outside sitemap, search and public KB channels","non_russian_title","DEEP_REWRITE","Content editor","quarantined","content/knowledge-base/_index/content.json","getPublicationIssues(entry)","publication-quality.test.ts + public-link-contract.test.ts"
"eldorado:non_russian_summary","P1","attraction","/baza-znaniy/eldorado","non_russian_summary","publication gate rejected entry","all publication checks pass","entry remains outside sitemap, search and public KB channels","non_russian_summary","DEEP_REWRITE","Content editor","quarantined","content/knowledge-base/_index/content.json","getPublicationIssues(entry)","publication-quality.test.ts + public-link-contract.test.ts"
"empedrado:thin_content","P1","attraction","/baza-znaniy/empedrado","thin_content","publication gate rejected entry","all publication checks pass","entry remains outside sitemap, search and public KB channels","thin_content","EXPAND","Content editor","quarantined","content/knowledge-base/_index/content.json","getPublicationIssues(entry)","publication-quality.test.ts + public-link-contract.test.ts"
"empedrado-y-el-carrizal:not_publication_ready","P1","attraction","/baza-znaniy/empedrado-y-el-carrizal","not_publication_ready","publication gate rejected entry","all publication checks pass","entry remains outside sitemap, search and public KB channels","not_publication_ready","DEEP_REWRITE","Content editor","quarantined","content/knowledge-base/_index/content.json","getPublicationIssues(entry)","publication-quality.test.ts + public-link-contract.test.ts"
"empedrado-y-el-carrizal:non_russian_title","P1","attraction","/baza-znaniy/empedrado-y-el-carrizal","non_russian_title","publication gate rejected entry","all publication checks pass","entry remains outside sitemap, search and public KB channels","non_russian_title","DEEP_REWRITE","Content editor","quarantined","content/knowledge-base/_index/content.json","getPublicationIssues(entry)","publication-quality.test.ts + public-link-contract.test.ts"
"empedrado-y-el-carrizal:non_russian_summary","P1","attraction","/baza-znaniy/empedrado-y-el-carrizal","non_russian_summary","publication gate rejected entry","all publication checks pass","entry remains outside sitemap, search and public KB channels","non_russian_summary","DEEP_REWRITE","Content editor","quarantined","content/knowledge-base/_index/content.json","getPublicationIssues(entry)","publication-quality.test.ts + public-link-contract.test.ts"
"epuyen:not_publication_ready","P1","attraction","/baza-znaniy/epuyen","not_publication_ready","publication gate rejected entry","all publication checks pass","entry remains outside sitemap, search and public KB channels","not_publication_ready","DEEP_REWRITE","Content editor","quarantined","content/knowledge-base/_index/content.json","getPublicationIssues(entry)","publication-quality.test.ts + public-link-contract.test.ts"
"epuyen:non_russian_title","P1","attraction","/baza-znaniy/epuyen","non_russian_title","publication gate rejected entry","all publication checks pass","entry remains outside sitemap, search and public KB channels","non_russian_title","DEEP_REWRITE","Content editor","quarantined","content/knowledge-base/_index/content.json","getPublicationIssues(entry)","publication-quality.test.ts + public-link-contract.test.ts"
"epuyen:non_russian_summary","P1","attraction","/baza-znaniy/epuyen","non_russian_summary","publication gate rejected entry","all publication checks pass","entry remains outside sitemap, search and public KB channels","non_russian_summary","DEEP_REWRITE","Content editor","quarantined","content/knowledge-base/_index/content.json","getPublicationIssues(entry)","publication-quality.test.ts + public-link-contract.test.ts"
"esim-ili-lokalnaya-sim:thin_content","P1","faq","/baza-znaniy/esim-ili-lokalnaya-sim","thin_content","publication gate rejected entry","all publication checks pass","entry remains outside sitemap, search and public KB channels","thin_content","EXPAND","Content editor","quarantined","content/knowledge-base/_index/content.json","getPublicationIssues(entry)","publication-quality.test.ts + public-link-contract.test.ts"
"esquel:missing_hero","P1","city","/baza-znaniy/esquel","missing_hero","publication gate rejected entry","all publication checks pass","entry remains outside sitemap, search and public KB channels","missing_hero","LIGHT_EDIT","Media editor","quarantined","content/knowledge-base/_index/content.json","getPublicationIssues(entry)","publication-quality.test.ts + public-link-contract.test.ts"
"esquina:not_publication_ready","P1","attraction","/baza-znaniy/esquina","not_publication_ready","publication gate rejected entry","all publication checks pass","entry remains outside sitemap, search and public KB channels","not_publication_ready","DEEP_REWRITE","Content editor","quarantined","content/knowledge-base/_index/content.json","getPublicationIssues(entry)","publication-quality.test.ts + public-link-contract.test.ts"
"esquina:non_russian_title","P1","attraction","/baza-znaniy/esquina","non_russian_title","publication gate rejected entry","all publication checks pass","entry remains outside sitemap, search and public KB channels","non_russian_title","DEEP_REWRITE","Content editor","quarantined","content/knowledge-base/_index/content.json","getPublicationIssues(entry)","publication-quality.test.ts + public-link-contract.test.ts"
"esquina:non_russian_summary","P1","attraction","/baza-znaniy/esquina","non_russian_summary","publication gate rejected entry","all publication checks pass","entry remains outside sitemap, search and public KB channels","non_russian_summary","DEEP_REWRITE","Content editor","quarantined","content/knowledge-base/_index/content.json","getPublicationIssues(entry)","publication-quality.test.ts + public-link-contract.test.ts"
"estancias-turisticas-de-campo:not_publication_ready","P1","attraction","/baza-znaniy/estancias-turisticas-de-campo","not_publication_ready","publication gate rejected entry","all publication checks pass","entry remains outside sitemap, search and public KB channels","not_publication_ready","DEEP_REWRITE","Content editor","quarantined","content/knowledge-base/_index/content.json","getPublicationIssues(entry)","publication-quality.test.ts + public-link-contract.test.ts"
"estancias-turisticas-de-campo:non_russian_title","P1","attraction","/baza-znaniy/estancias-turisticas-de-campo","non_russian_title","publication gate rejected entry","all publication checks pass","entry remains outside sitemap, search and public KB channels","non_russian_title","DEEP_REWRITE","Content editor","quarantined","content/knowledge-base/_index/content.json","getPublicationIssues(entry)","publication-quality.test.ts + public-link-contract.test.ts"
"estancias-turisticas-de-campo:non_russian_summary","P1","attraction","/baza-znaniy/estancias-turisticas-de-campo","non_russian_summary","publication gate rejected entry","all publication checks pass","entry remains outside sitemap, search and public KB channels","non_russian_summary","DEEP_REWRITE","Content editor","quarantined","content/knowledge-base/_index/content.json","getPublicationIssues(entry)","publication-quality.test.ts + public-link-contract.test.ts"
"expedicion-al-avion-de-los-uruguayos:not_publication_ready","P1","attraction","/baza-znaniy/expedicion-al-avion-de-los-uruguayos","not_publication_ready","publication gate rejected entry","all publication checks pass","entry remains outside sitemap, search and public KB channels","not_publication_ready","DEEP_REWRITE","Content editor","quarantined","content/knowledge-base/_index/content.json","getPublicationIssues(entry)","publication-quality.test.ts + public-link-contract.test.ts"
"expedicion-al-avion-de-los-uruguayos:non_russian_title","P1","attraction","/baza-znaniy/expedicion-al-avion-de-los-uruguayos","non_russian_title","publication gate rejected entry","all publication checks pass","entry remains outside sitemap, search and public KB channels","non_russian_title","DEEP_REWRITE","Content editor","quarantined","content/knowledge-base/_index/content.json","getPublicationIssues(entry)","publication-quality.test.ts + public-link-contract.test.ts"
"expedicion-al-avion-de-los-uruguayos:non_russian_summary","P1","attraction","/baza-znaniy/expedicion-al-avion-de-los-uruguayos","non_russian_summary","publication gate rejected entry","all publication checks pass","entry remains outside sitemap, search and public KB channels","non_russian_summary","DEEP_REWRITE","Content editor","quarantined","content/knowledge-base/_index/content.json","getPublicationIssues(entry)","publication-quality.test.ts + public-link-contract.test.ts"
"expediciones-en-el-lago-huechulafquen:not_publication_ready","P1","attraction","/baza-znaniy/expediciones-en-el-lago-huechulafquen","not_publication_ready","publication gate rejected entry","all publication checks pass","entry remains outside sitemap, search and public KB channels","not_publication_ready","DEEP_REWRITE","Content editor","quarantined","content/knowledge-base/_index/content.json","getPublicationIssues(entry)","publication-quality.test.ts + public-link-contract.test.ts"
"expediciones-en-el-lago-huechulafquen:non_russian_title","P1","attraction","/baza-znaniy/expediciones-en-el-lago-huechulafquen","non_russian_title","publication gate rejected entry","all publication checks pass","entry remains outside sitemap, search and public KB channels","non_russian_title","DEEP_REWRITE","Content editor","quarantined","content/knowledge-base/_index/content.json","getPublicationIssues(entry)","publication-quality.test.ts + public-link-contract.test.ts"
"expediciones-en-el-lago-huechulafquen:non_russian_summary","P1","attraction","/baza-znaniy/expediciones-en-el-lago-huechulafquen","non_russian_summary","publication gate rejected entry","all publication checks pass","entry remains outside sitemap, search and public KB channels","non_russian_summary","DEEP_REWRITE","Content editor","quarantined","content/knowledge-base/_index/content.json","getPublicationIssues(entry)","publication-quality.test.ts + public-link-contract.test.ts"
"federacion:not_publication_ready","P1","city","/baza-znaniy/federacion","not_publication_ready","publication gate rejected entry","all publication checks pass","entry remains outside sitemap, search and public KB channels","not_publication_ready","DEEP_REWRITE","Content editor","quarantined","content/knowledge-base/_index/content.json","getPublicationIssues(entry)","publication-quality.test.ts + public-link-contract.test.ts"
"federacion:non_russian_title","P1","city","/baza-znaniy/federacion","non_russian_title","publication gate rejected entry","all publication checks pass","entry remains outside sitemap, search and public KB channels","non_russian_title","DEEP_REWRITE","Content editor","quarantined","content/knowledge-base/_index/content.json","getPublicationIssues(entry)","publication-quality.test.ts + public-link-contract.test.ts"
"federacion:non_russian_summary","P1","city","/baza-znaniy/federacion","non_russian_summary","publication gate rejected entry","all publication checks pass","entry remains outside sitemap, search and public KB channels","non_russian_summary","DEEP_REWRITE","Content editor","quarantined","content/knowledge-base/_index/content.json","getPublicationIssues(entry)","publication-quality.test.ts + public-link-contract.test.ts"
"feria-de-simoca:not_publication_ready","P1","attraction","/baza-znaniy/feria-de-simoca","not_publication_ready","publication gate rejected entry","all publication checks pass","entry remains outside sitemap, search and public KB channels","not_publication_ready","DEEP_REWRITE","Content editor","quarantined","content/knowledge-base/_index/content.json","getPublicationIssues(entry)","publication-quality.test.ts + public-link-contract.test.ts"
"feria-de-simoca:non_russian_title","P1","attraction","/baza-znaniy/feria-de-simoca","non_russian_title","publication gate rejected entry","all publication checks pass","entry remains outside sitemap, search and public KB channels","non_russian_title","DEEP_REWRITE","Content editor","quarantined","content/knowledge-base/_index/content.json","getPublicationIssues(entry)","publication-quality.test.ts + public-link-contract.test.ts"
"feria-de-simoca:non_russian_summary","P1","attraction","/baza-znaniy/feria-de-simoca","non_russian_summary","publication gate rejected entry","all publication checks pass","entry remains outside sitemap, search and public KB channels","non_russian_summary","DEEP_REWRITE","Content editor","quarantined","content/knowledge-base/_index/content.json","getPublicationIssues(entry)","publication-quality.test.ts + public-link-contract.test.ts"
"festival-de-cosquin:not_publication_ready","P1","attraction","/baza-znaniy/festival-de-cosquin","not_publication_ready","publication gate rejected entry","all publication checks pass","entry remains outside sitemap, search and public KB channels","not_publication_ready","DEEP_REWRITE","Content editor","quarantined","content/knowledge-base/_index/content.json","getPublicationIssues(entry)","publication-quality.test.ts + public-link-contract.test.ts"
"festival-de-cosquin:non_russian_title","P1","attraction","/baza-znaniy/festival-de-cosquin","non_russian_title","publication gate rejected entry","all publication checks pass","entry remains outside sitemap, search and public KB channels","non_russian_title","DEEP_REWRITE","Content editor","quarantined","content/knowledge-base/_index/content.json","getPublicationIssues(entry)","publication-quality.test.ts + public-link-contract.test.ts"
"festival-de-cosquin:non_russian_summary","P1","attraction","/baza-znaniy/festival-de-cosquin","non_russian_summary","publication gate rejected entry","all publication checks pass","entry remains outside sitemap, search and public KB channels","non_russian_summary","DEEP_REWRITE","Content editor","quarantined","content/knowledge-base/_index/content.json","getPublicationIssues(entry)","publication-quality.test.ts + public-link-contract.test.ts"
"fiambala:not_publication_ready","P1","attraction","/baza-znaniy/fiambala","not_publication_ready","publication gate rejected entry","all publication checks pass","entry remains outside sitemap, search and public KB channels","not_publication_ready","DEEP_REWRITE","Content editor","quarantined","content/knowledge-base/_index/content.json","getPublicationIssues(entry)","publication-quality.test.ts + public-link-contract.test.ts"
"fiambala:non_russian_title","P1","attraction","/baza-znaniy/fiambala","non_russian_title","publication gate rejected entry","all publication checks pass","entry remains outside sitemap, search and public KB channels","non_russian_title","DEEP_REWRITE","Content editor","quarantined","content/knowledge-base/_index/content.json","getPublicationIssues(entry)","publication-quality.test.ts + public-link-contract.test.ts"
"fiambala:non_russian_summary","P1","attraction","/baza-znaniy/fiambala","non_russian_summary","publication gate rejected entry","all publication checks pass","entry remains outside sitemap, search and public KB channels","non_russian_summary","DEEP_REWRITE","Content editor","quarantined","content/knowledge-base/_index/content.json","getPublicationIssues(entry)","publication-quality.test.ts + public-link-contract.test.ts"
"fiesta-nacional-del-canotaje-en-chaco:not_publication_ready","P1","attraction","/baza-znaniy/fiesta-nacional-del-canotaje-en-chaco","not_publication_ready","publication gate rejected entry","all publication checks pass","entry remains outside sitemap, search and public KB channels","not_publication_ready","DEEP_REWRITE","Content editor","quarantined","content/knowledge-base/_index/content.json","getPublicationIssues(entry)","publication-quality.test.ts + public-link-contract.test.ts"
"fiesta-nacional-del-canotaje-en-chaco:non_russian_title","P1","attraction","/baza-znaniy/fiesta-nacional-del-canotaje-en-chaco","non_russian_title","publication gate rejected entry","all publication checks pass","entry remains outside sitemap, search and public KB channels","non_russian_title","DEEP_REWRITE","Content editor","quarantined","content/knowledge-base/_index/content.json","getPublicationIssues(entry)","publication-quality.test.ts + public-link-contract.test.ts"
"fiesta-nacional-del-canotaje-en-chaco:non_russian_summary","P1","attraction","/baza-znaniy/fiesta-nacional-del-canotaje-en-chaco","non_russian_summary","publication gate rejected entry","all publication checks pass","entry remains outside sitemap, search and public KB channels","non_russian_summary","DEEP_REWRITE","Content editor","quarantined","content/knowledge-base/_index/content.json","getPublicationIssues(entry)","publication-quality.test.ts + public-link-contract.test.ts"
"fiesta-nacional-del-sol-en-san-juan:not_publication_ready","P1","attraction","/baza-znaniy/fiesta-nacional-del-sol-en-san-juan","not_publication_ready","publication gate rejected entry","all publication checks pass","entry remains outside sitemap, search and public KB channels","not_publication_ready","DEEP_REWRITE","Content editor","quarantined","content/knowledge-base/_index/content.json","getPublicationIssues(entry)","publication-quality.test.ts + public-link-contract.test.ts"
"fiesta-nacional-del-sol-en-san-juan:non_russian_title","P1","attraction","/baza-znaniy/fiesta-nacional-del-sol-en-san-juan","non_russian_title","publication gate rejected entry","all publication checks pass","entry remains outside sitemap, search and public KB channels","non_russian_title","DEEP_REWRITE","Content editor","quarantined","content/knowledge-base/_index/content.json","getPublicationIssues(entry)","publication-quality.test.ts + public-link-contract.test.ts"
"fiesta-nacional-del-sol-en-san-juan:non_russian_summary","P1","attraction","/baza-znaniy/fiesta-nacional-del-sol-en-san-juan","non_russian_summary","publication gate rejected entry","all publication checks pass","entry remains outside sitemap, search and public KB channels","non_russian_summary","DEEP_REWRITE","Content editor","quarantined","content/knowledge-base/_index/content.json","getPublicationIssues(entry)","publication-quality.test.ts + public-link-contract.test.ts"
"fiestas-y-festivales-en-cordoba:not_publication_ready","P1","attraction","/baza-znaniy/fiestas-y-festivales-en-cordoba","not_publication_ready","publication gate rejected entry","all publication checks pass","entry remains outside sitemap, search and public KB channels","not_publication_ready","DEEP_REWRITE","Content editor","quarantined","content/knowledge-base/_index/content.json","getPublicationIssues(entry)","publication-quality.test.ts + public-link-contract.test.ts"
"fiestas-y-festivales-en-cordoba:non_russian_title","P1","attraction","/baza-znaniy/fiestas-y-festivales-en-cordoba","non_russian_title","publication gate rejected entry","all publication checks pass","entry remains outside sitemap, search and public KB channels","non_russian_title","DEEP_REWRITE","Content editor","quarantined","content/knowledge-base/_index/content.json","getPublicationIssues(entry)","publication-quality.test.ts + public-link-contract.test.ts"
"fiestas-y-festivales-en-cordoba:non_russian_summary","P1","attraction","/baza-znaniy/fiestas-y-festivales-en-cordoba","non_russian_summary","publication gate rejected entry","all publication checks pass","entry remains outside sitemap, search and public KB channels","non_russian_summary","DEEP_REWRITE","Content editor","quarantined","content/knowledge-base/_index/content.json","getPublicationIssues(entry)","publication-quality.test.ts + public-link-contract.test.ts"
"frutas-de-pepita-en-el-alto-valle-del-rio-negro:not_publication_ready","P1","attraction","/baza-znaniy/frutas-de-pepita-en-el-alto-valle-del-rio-negro","not_publication_ready","publication gate rejected entry","all publication checks pass","entry remains outside sitemap, search and public KB channels","not_publication_ready","DEEP_REWRITE","Content editor","quarantined","content/knowledge-base/_index/content.json","getPublicationIssues(entry)","publication-quality.test.ts + public-link-contract.test.ts"
"frutas-de-pepita-en-el-alto-valle-del-rio-negro:non_russian_title","P1","attraction","/baza-znaniy/frutas-de-pepita-en-el-alto-valle-del-rio-negro","non_russian_title","publication gate rejected entry","all publication checks pass","entry remains outside sitemap, search and public KB channels","non_russian_title","DEEP_REWRITE","Content editor","quarantined","content/knowledge-base/_index/content.json","getPublicationIssues(entry)","publication-quality.test.ts + public-link-contract.test.ts"
"frutas-de-pepita-en-el-alto-valle-del-rio-negro:non_russian_summary","P1","attraction","/baza-znaniy/frutas-de-pepita-en-el-alto-valle-del-rio-negro","non_russian_summary","publication gate rejected entry","all publication checks pass","entry remains outside sitemap, search and public KB channels","non_russian_summary","DEEP_REWRITE","Content editor","quarantined","content/knowledge-base/_index/content.json","getPublicationIssues(entry)","publication-quality.test.ts + public-link-contract.test.ts"
"gaiman:not_publication_ready","P1","attraction","/baza-znaniy/gaiman","not_publication_ready","publication gate rejected entry","all publication checks pass","entry remains outside sitemap, search and public KB channels","not_publication_ready","DEEP_REWRITE","Content editor","quarantined","content/knowledge-base/_index/content.json","getPublicationIssues(entry)","publication-quality.test.ts + public-link-contract.test.ts"
"gaiman:non_russian_title","P1","attraction","/baza-znaniy/gaiman","non_russian_title","publication gate rejected entry","all publication checks pass","entry remains outside sitemap, search and public KB channels","non_russian_title","DEEP_REWRITE","Content editor","quarantined","content/knowledge-base/_index/content.json","getPublicationIssues(entry)","publication-quality.test.ts + public-link-contract.test.ts"
"gaiman:non_russian_summary","P1","attraction","/baza-znaniy/gaiman","non_russian_summary","publication gate rejected entry","all publication checks pass","entry remains outside sitemap, search and public KB channels","non_russian_summary","DEEP_REWRITE","Content editor","quarantined","content/knowledge-base/_index/content.json","getPublicationIssues(entry)","publication-quality.test.ts + public-link-contract.test.ts"
"galeses-en-argentina:not_publication_ready","P1","attraction","/baza-znaniy/galeses-en-argentina","not_publication_ready","publication gate rejected entry","all publication checks pass","entry remains outside sitemap, search and public KB channels","not_publication_ready","DEEP_REWRITE","Content editor","quarantined","content/knowledge-base/_index/content.json","getPublicationIssues(entry)","publication-quality.test.ts + public-link-contract.test.ts"
"galeses-en-argentina:non_russian_title","P1","attraction","/baza-znaniy/galeses-en-argentina","non_russian_title","publication gate rejected entry","all publication checks pass","entry remains outside sitemap, search and public KB channels","non_russian_title","DEEP_REWRITE","Content editor","quarantined","content/knowledge-base/_index/content.json","getPublicationIssues(entry)","publication-quality.test.ts + public-link-contract.test.ts"
"galeses-en-argentina:non_russian_summary","P1","attraction","/baza-znaniy/galeses-en-argentina","non_russian_summary","publication gate rejected entry","all publication checks pass","entry remains outside sitemap, search and public KB channels","non_russian_summary","DEEP_REWRITE","Content editor","quarantined","content/knowledge-base/_index/content.json","getPublicationIssues(entry)","publication-quality.test.ts + public-link-contract.test.ts"
"gastronomia-de-chaco:not_publication_ready","P1","attraction","/baza-znaniy/gastronomia-de-chaco","not_publication_ready","publication gate rejected entry","all publication checks pass","entry remains outside sitemap, search and public KB channels","not_publication_ready","DEEP_REWRITE","Content editor","quarantined","content/knowledge-base/_index/content.json","getPublicationIssues(entry)","publication-quality.test.ts + public-link-contract.test.ts"
"gastronomia-de-chaco:non_russian_title","P1","attraction","/baza-znaniy/gastronomia-de-chaco","non_russian_title","publication gate rejected entry","all publication checks pass","entry remains outside sitemap, search and public KB channels","non_russian_title","DEEP_REWRITE","Content editor","quarantined","content/knowledge-base/_index/content.json","getPublicationIssues(entry)","publication-quality.test.ts + public-link-contract.test.ts"
"gastronomia-de-chaco:non_russian_summary","P1","attraction","/baza-znaniy/gastronomia-de-chaco","non_russian_summary","publication gate rejected entry","all publication checks pass","entry remains outside sitemap, search and public KB channels","non_russian_summary","DEEP_REWRITE","Content editor","quarantined","content/knowledge-base/_index/content.json","getPublicationIssues(entry)","publication-quality.test.ts + public-link-contract.test.ts"
"gastronomia-de-entre-rios:not_publication_ready","P1","attraction","/baza-znaniy/gastronomia-de-entre-rios","not_publication_ready","publication gate rejected entry","all publication checks pass","entry remains outside sitemap, search and public KB channels","not_publication_ready","DEEP_REWRITE","Content editor","quarantined","content/knowledge-base/_index/content.json","getPublicationIssues(entry)","publication-quality.test.ts + public-link-contract.test.ts"
"gastronomia-de-entre-rios:non_russian_title","P1","attraction","/baza-znaniy/gastronomia-de-entre-rios","non_russian_title","publication gate rejected entry","all publication checks pass","entry remains outside sitemap, search and public KB channels","non_russian_title","DEEP_REWRITE","Content editor","quarantined","content/knowledge-base/_index/content.json","getPublicationIssues(entry)","publication-quality.test.ts + public-link-contract.test.ts"
"gastronomia-de-entre-rios:non_russian_summary","P1","attraction","/baza-znaniy/gastronomia-de-entre-rios","non_russian_summary","publication gate rejected entry","all publication checks pass","entry remains outside sitemap, search and public KB channels","non_russian_summary","DEEP_REWRITE","Content editor","quarantined","content/knowledge-base/_index/content.json","getPublicationIssues(entry)","publication-quality.test.ts + public-link-contract.test.ts"
"gastronomia-de-jujuy:not_publication_ready","P1","attraction","/baza-znaniy/gastronomia-de-jujuy","not_publication_ready","publication gate rejected entry","all publication checks pass","entry remains outside sitemap, search and public KB channels","not_publication_ready","DEEP_REWRITE","Content editor","quarantined","content/knowledge-base/_index/content.json","getPublicationIssues(entry)","publication-quality.test.ts + public-link-contract.test.ts"
"gastronomia-de-jujuy:non_russian_title","P1","attraction","/baza-znaniy/gastronomia-de-jujuy","non_russian_title","publication gate rejected entry","all publication checks pass","entry remains outside sitemap, search and public KB channels","non_russian_title","DEEP_REWRITE","Content editor","quarantined","content/knowledge-base/_index/content.json","getPublicationIssues(entry)","publication-quality.test.ts + public-link-contract.test.ts"
"gastronomia-de-jujuy:non_russian_summary","P1","attraction","/baza-znaniy/gastronomia-de-jujuy","non_russian_summary","publication gate rejected entry","all publication checks pass","entry remains outside sitemap, search and public KB channels","non_russian_summary","DEEP_REWRITE","Content editor","quarantined","content/knowledge-base/_index/content.json","getPublicationIssues(entry)","publication-quality.test.ts + public-link-contract.test.ts"
"gastronomia-de-la-pampa:not_publication_ready","P1","attraction","/baza-znaniy/gastronomia-de-la-pampa","not_publication_ready","publication gate rejected entry","all publication checks pass","entry remains outside sitemap, search and public KB channels","not_publication_ready","DEEP_REWRITE","Content editor","quarantined","content/knowledge-base/_index/content.json","getPublicationIssues(entry)","publication-quality.test.ts + public-link-contract.test.ts"
"gastronomia-de-la-pampa:non_russian_title","P1","attraction","/baza-znaniy/gastronomia-de-la-pampa","non_russian_title","publication gate rejected entry","all publication checks pass","entry remains outside sitemap, search and public KB channels","non_russian_title","DEEP_REWRITE","Content editor","quarantined","content/knowledge-base/_index/content.json","getPublicationIssues(entry)","publication-quality.test.ts + public-link-contract.test.ts"
"gastronomia-de-la-pampa:non_russian_summary","P1","attraction","/baza-znaniy/gastronomia-de-la-pampa","non_russian_summary","publication gate rejected entry","all publication checks pass","entry remains outside sitemap, search and public KB channels","non_russian_summary","DEEP_REWRITE","Content editor","quarantined","content/knowledge-base/_index/content.json","getPublicationIssues(entry)","publication-quality.test.ts + public-link-contract.test.ts"
"gastronomia-de-misiones:not_publication_ready","P1","attraction","/baza-znaniy/gastronomia-de-misiones","not_publication_ready","publication gate rejected entry","all publication checks pass","entry remains outside sitemap, search and public KB channels","not_publication_ready","DEEP_REWRITE","Content editor","quarantined","content/knowledge-base/_index/content.json","getPublicationIssues(entry)","publication-quality.test.ts + public-link-contract.test.ts"
"gastronomia-de-misiones:non_russian_title","P1","attraction","/baza-znaniy/gastronomia-de-misiones","non_russian_title","publication gate rejected entry","all publication checks pass","entry remains outside sitemap, search and public KB channels","non_russian_title","DEEP_REWRITE","Content editor","quarantined","content/knowledge-base/_index/content.json","getPublicationIssues(entry)","publication-quality.test.ts + public-link-contract.test.ts"
"gastronomia-de-misiones:non_russian_summary","P1","attraction","/baza-znaniy/gastronomia-de-misiones","non_russian_summary","publication gate rejected entry","all publication checks pass","entry remains outside sitemap, search and public KB channels","non_russian_summary","DEEP_REWRITE","Content editor","quarantined","content/knowledge-base/_index/content.json","getPublicationIssues(entry)","publication-quality.test.ts + public-link-contract.test.ts"
"gastronomia-de-tierra-del-fuego:not_publication_ready","P1","attraction","/baza-znaniy/gastronomia-de-tierra-del-fuego","not_publication_ready","publication gate rejected entry","all publication checks pass","entry remains outside sitemap, search and public KB channels","not_publication_ready","DEEP_REWRITE","Content editor","quarantined","content/knowledge-base/_index/content.json","getPublicationIssues(entry)","publication-quality.test.ts + public-link-contract.test.ts"
"gastronomia-de-tierra-del-fuego:non_russian_summary","P1","attraction","/baza-znaniy/gastronomia-de-tierra-del-fuego","non_russian_summary","publication gate rejected entry","all publication checks pass","entry remains outside sitemap, search and public KB channels","non_russian_summary","DEEP_REWRITE","Content editor","quarantined","content/knowledge-base/_index/content.json","getPublicationIssues(entry)","publication-quality.test.ts + public-link-contract.test.ts"
"gastronomia-en-cordoba:not_publication_ready","P1","attraction","/baza-znaniy/gastronomia-en-cordoba","not_publication_ready","publication gate rejected entry","all publication checks pass","entry remains outside sitemap, search and public KB channels","not_publication_ready","DEEP_REWRITE","Content editor","quarantined","content/knowledge-base/_index/content.json","getPublicationIssues(entry)","publication-quality.test.ts + public-link-contract.test.ts"
"gastronomia-en-cordoba:non_russian_title","P1","attraction","/baza-znaniy/gastronomia-en-cordoba","non_russian_title","publication gate rejected entry","all publication checks pass","entry remains outside sitemap, search and public KB channels","non_russian_title","DEEP_REWRITE","Content editor","quarantined","content/knowledge-base/_index/content.json","getPublicationIssues(entry)","publication-quality.test.ts + public-link-contract.test.ts"
"gastronomia-en-cordoba:non_russian_summary","P1","attraction","/baza-znaniy/gastronomia-en-cordoba","non_russian_summary","publication gate rejected entry","all publication checks pass","entry remains outside sitemap, search and public KB channels","non_russian_summary","DEEP_REWRITE","Content editor","quarantined","content/knowledge-base/_index/content.json","getPublicationIssues(entry)","publication-quality.test.ts + public-link-contract.test.ts"
"gastronomia-en-santa-fe:not_publication_ready","P1","attraction","/baza-znaniy/gastronomia-en-santa-fe","not_publication_ready","publication gate rejected entry","all publication checks pass","entry remains outside sitemap, search and public KB channels","not_publication_ready","DEEP_REWRITE","Content editor","quarantined","content/knowledge-base/_index/content.json","getPublicationIssues(entry)","publication-quality.test.ts + public-link-contract.test.ts"
"gastronomia-en-santa-fe:non_russian_title","P1","attraction","/baza-znaniy/gastronomia-en-santa-fe","non_russian_title","publication gate rejected entry","all publication checks pass","entry remains outside sitemap, search and public KB channels","non_russian_title","DEEP_REWRITE","Content editor","quarantined","content/knowledge-base/_index/content.json","getPublicationIssues(entry)","publication-quality.test.ts + public-link-contract.test.ts"
"gastronomia-en-santa-fe:non_russian_summary","P1","attraction","/baza-znaniy/gastronomia-en-santa-fe","non_russian_summary","publication gate rejected entry","all publication checks pass","entry remains outside sitemap, search and public KB channels","non_russian_summary","DEEP_REWRITE","Content editor","quarantined","content/knowledge-base/_index/content.json","getPublicationIssues(entry)","publication-quality.test.ts + public-link-contract.test.ts"
"gastronomia-en-santiago-del-estero:not_publication_ready","P1","attraction","/baza-znaniy/gastronomia-en-santiago-del-estero","not_publication_ready","publication gate rejected entry","all publication checks pass","entry remains outside sitemap, search and public KB channels","not_publication_ready","DEEP_REWRITE","Content editor","quarantined","content/knowledge-base/_index/content.json","getPublicationIssues(entry)","publication-quality.test.ts + public-link-contract.test.ts"
"gastronomia-en-santiago-del-estero:non_russian_title","P1","attraction","/baza-znaniy/gastronomia-en-santiago-del-estero","non_russian_title","publication gate rejected entry","all publication checks pass","entry remains outside sitemap, search and public KB channels","non_russian_title","DEEP_REWRITE","Content editor","quarantined","content/knowledge-base/_index/content.json","getPublicationIssues(entry)","publication-quality.test.ts + public-link-contract.test.ts"
"gastronomia-en-santiago-del-estero:non_russian_summary","P1","attraction","/baza-znaniy/gastronomia-en-santiago-del-estero","non_russian_summary","publication gate rejected entry","all publication checks pass","entry remains outside sitemap, search and public KB channels","non_russian_summary","DEEP_REWRITE","Content editor","quarantined","content/knowledge-base/_index/content.json","getPublicationIssues(entry)","publication-quality.test.ts + public-link-contract.test.ts"
"gastronomia-portena:machine_translation_marker","P0","attraction","/baza-znaniy/gastronomia-portena","machine_translation_marker","publication gate rejected entry","all publication checks pass","entry remains outside sitemap, search and public KB channels","machine_translation_marker","HUMAN_REVIEW","Russian content editor","quarantined","content/knowledge-base/_index/content.json","getPublicationIssues(entry)","publication-quality.test.ts + public-link-contract.test.ts"
"general-acha:not_publication_ready","P1","attraction","/baza-znaniy/general-acha","not_publication_ready","publication gate rejected entry","all publication checks pass","entry remains outside sitemap, search and public KB channels","not_publication_ready","DEEP_REWRITE","Content editor","quarantined","content/knowledge-base/_index/content.json","getPublicationIssues(entry)","publication-quality.test.ts + public-link-contract.test.ts"
"general-acha:non_russian_title","P1","attraction","/baza-znaniy/general-acha","non_russian_title","publication gate rejected entry","all publication checks pass","entry remains outside sitemap, search and public KB channels","non_russian_title","DEEP_REWRITE","Content editor","quarantined","content/knowledge-base/_index/content.json","getPublicationIssues(entry)","publication-quality.test.ts + public-link-contract.test.ts"
"general-acha:non_russian_summary","P1","attraction","/baza-znaniy/general-acha","non_russian_summary","publication gate rejected entry","all publication checks pass","entry remains outside sitemap, search and public KB channels","non_russian_summary","DEEP_REWRITE","Content editor","quarantined","content/knowledge-base/_index/content.json","getPublicationIssues(entry)","publication-quality.test.ts + public-link-contract.test.ts"
"gid-po-dengam:missing_sensitive_source","P0","guide","/baza-znaniy/gid-po-dengam","missing_sensitive_source","publication gate rejected entry","all publication checks pass","entry remains outside sitemap, search and public KB channels","missing_sensitive_source","LEGAL_REVIEW","Fact checker + legal reviewer","quarantined","content/knowledge-base/_index/content.json","getPublicationIssues(entry)","publication-quality.test.ts + public-link-contract.test.ts"
"gid-po-dokumentam:missing_sensitive_source","P0","guide","/baza-znaniy/gid-po-dokumentam","missing_sensitive_source","publication gate rejected entry","all publication checks pass","entry remains outside sitemap, search and public KB channels","missing_sensitive_source","LEGAL_REVIEW","Fact checker + legal reviewer","quarantined","content/knowledge-base/_index/content.json","getPublicationIssues(entry)","publication-quality.test.ts + public-link-contract.test.ts"
"gid-po-medicine:missing_sensitive_source","P0","guide","/baza-znaniy/gid-po-medicine","missing_sensitive_source","publication gate rejected entry","all publication checks pass","entry remains outside sitemap, search and public KB channels","missing_sensitive_source","LEGAL_REVIEW","Fact checker + legal reviewer","quarantined","content/knowledge-base/_index/content.json","getPublicationIssues(entry)","publication-quality.test.ts + public-link-contract.test.ts"
"gid-relokanta:missing_sensitive_source","P0","guide","/baza-znaniy/gid-relokanta","missing_sensitive_source","publication gate rejected entry","all publication checks pass","entry remains outside sitemap, search and public KB channels","missing_sensitive_source","LEGAL_REVIEW","Fact checker + legal reviewer","quarantined","content/knowledge-base/_index/content.json","getPublicationIssues(entry)","publication-quality.test.ts + public-link-contract.test.ts"
"glaciar-huemul:not_publication_ready","P1","attraction","/baza-znaniy/glaciar-huemul","not_publication_ready","publication gate rejected entry","all publication checks pass","entry remains outside sitemap, search and public KB channels","not_publication_ready","EXPAND","Content editor","quarantined","content/knowledge-base/_index/content.json","getPublicationIssues(entry)","publication-quality.test.ts + public-link-contract.test.ts"
"glaciar-huemul:thin_content","P1","attraction","/baza-znaniy/glaciar-huemul","thin_content","publication gate rejected entry","all publication checks pass","entry remains outside sitemap, search and public KB channels","thin_content","EXPAND","Content editor","quarantined","content/knowledge-base/_index/content.json","getPublicationIssues(entry)","publication-quality.test.ts + public-link-contract.test.ts"
"glaciar-ojo-del-albino:not_publication_ready","P1","attraction","/baza-znaniy/glaciar-ojo-del-albino","not_publication_ready","publication gate rejected entry","all publication checks pass","entry remains outside sitemap, search and public KB channels","not_publication_ready","EXPAND","Content editor","quarantined","content/knowledge-base/_index/content.json","getPublicationIssues(entry)","publication-quality.test.ts + public-link-contract.test.ts"
"glaciar-ojo-del-albino:thin_content","P1","attraction","/baza-znaniy/glaciar-ojo-del-albino","thin_content","publication gate rejected entry","all publication checks pass","entry remains outside sitemap, search and public KB channels","thin_content","EXPAND","Content editor","quarantined","content/knowledge-base/_index/content.json","getPublicationIssues(entry)","publication-quality.test.ts + public-link-contract.test.ts"
"golf-en-mendoza:not_publication_ready","P1","attraction","/baza-znaniy/golf-en-mendoza","not_publication_ready","publication gate rejected entry","all publication checks pass","entry remains outside sitemap, search and public KB channels","not_publication_ready","DEEP_REWRITE","Content editor","quarantined","content/knowledge-base/_index/content.json","getPublicationIssues(entry)","publication-quality.test.ts + public-link-contract.test.ts"
"golf-en-mendoza:non_russian_summary","P1","attraction","/baza-znaniy/golf-en-mendoza","non_russian_summary","publication gate rejected entry","all publication checks pass","entry remains outside sitemap, search and public KB channels","non_russian_summary","DEEP_REWRITE","Content editor","quarantined","content/knowledge-base/_index/content.json","getPublicationIssues(entry)","publication-quality.test.ts + public-link-contract.test.ts"
"golf-en-tierra-del-fuego:not_publication_ready","P1","attraction","/baza-znaniy/golf-en-tierra-del-fuego","not_publication_ready","publication gate rejected entry","all publication checks pass","entry remains outside sitemap, search and public KB channels","not_publication_ready","DEEP_REWRITE","Content editor","quarantined","content/knowledge-base/_index/content.json","getPublicationIssues(entry)","publication-quality.test.ts + public-link-contract.test.ts"
"golf-en-tierra-del-fuego:non_russian_summary","P1","attraction","/baza-znaniy/golf-en-tierra-del-fuego","non_russian_summary","publication gate rejected entry","all publication checks pass","entry remains outside sitemap, search and public KB channels","non_russian_summary","DEEP_REWRITE","Content editor","quarantined","content/knowledge-base/_index/content.json","getPublicationIssues(entry)","publication-quality.test.ts + public-link-contract.test.ts"
"gualeguaychu:not_publication_ready","P1","city","/baza-znaniy/gualeguaychu","not_publication_ready","publication gate rejected entry","all publication checks pass","entry remains outside sitemap, search and public KB channels","not_publication_ready","DEEP_REWRITE","Content editor","quarantined","content/knowledge-base/_index/content.json","getPublicationIssues(entry)","publication-quality.test.ts + public-link-contract.test.ts"
"gualeguaychu:non_russian_title","P1","city","/baza-znaniy/gualeguaychu","non_russian_title","publication gate rejected entry","all publication checks pass","entry remains outside sitemap, search and public KB channels","non_russian_title","DEEP_REWRITE","Content editor","quarantined","content/knowledge-base/_index/content.json","getPublicationIssues(entry)","publication-quality.test.ts + public-link-contract.test.ts"
"gualeguaychu:non_russian_summary","P1","city","/baza-znaniy/gualeguaychu","non_russian_summary","publication gate rejected entry","all publication checks pass","entry remains outside sitemap, search and public KB channels","non_russian_summary","DEEP_REWRITE","Content editor","quarantined","content/knowledge-base/_index/content.json","getPublicationIssues(entry)","publication-quality.test.ts + public-link-contract.test.ts"
"herradura:not_publication_ready","P1","attraction","/baza-znaniy/herradura","not_publication_ready","publication gate rejected entry","all publication checks pass","entry remains outside sitemap, search and public KB channels","not_publication_ready","DEEP_REWRITE","Content editor","quarantined","content/knowledge-base/_index/content.json","getPublicationIssues(entry)","publication-quality.test.ts + public-link-contract.test.ts"
"herradura:non_russian_title","P1","attraction","/baza-znaniy/herradura","non_russian_title","publication gate rejected entry","all publication checks pass","entry remains outside sitemap, search and public KB channels","non_russian_title","DEEP_REWRITE","Content editor","quarantined","content/knowledge-base/_index/content.json","getPublicationIssues(entry)","publication-quality.test.ts + public-link-contract.test.ts"
"herradura:non_russian_summary","P1","attraction","/baza-znaniy/herradura","non_russian_summary","publication gate rejected entry","all publication checks pass","entry remains outside sitemap, search and public KB channels","non_russian_summary","DEEP_REWRITE","Content editor","quarantined","content/knowledge-base/_index/content.json","getPublicationIssues(entry)","publication-quality.test.ts + public-link-contract.test.ts"
"hornocal:missing_hero","P1","attraction","/baza-znaniy/hornocal","missing_hero","publication gate rejected entry","all publication checks pass","entry remains outside sitemap, search and public KB channels","missing_hero","LIGHT_EDIT","Media editor","quarantined","content/knowledge-base/_index/content.json","getPublicationIssues(entry)","publication-quality.test.ts + public-link-contract.test.ts"
"humahuaca:not_publication_ready","P1","attraction","/baza-znaniy/humahuaca","not_publication_ready","publication gate rejected entry","all publication checks pass","entry remains outside sitemap, search and public KB channels","not_publication_ready","DEEP_REWRITE","Content editor","quarantined","content/knowledge-base/_index/content.json","getPublicationIssues(entry)","publication-quality.test.ts + public-link-contract.test.ts"
"humahuaca:non_russian_title","P1","attraction","/baza-znaniy/humahuaca","non_russian_title","publication gate rejected entry","all publication checks pass","entry remains outside sitemap, search and public KB channels","non_russian_title","DEEP_REWRITE","Content editor","quarantined","content/knowledge-base/_index/content.json","getPublicationIssues(entry)","publication-quality.test.ts + public-link-contract.test.ts"
"humahuaca:non_russian_summary","P1","attraction","/baza-znaniy/humahuaca","non_russian_summary","publication gate rejected entry","all publication checks pass","entry remains outside sitemap, search and public KB channels","non_russian_summary","DEEP_REWRITE","Content editor","quarantined","content/knowledge-base/_index/content.json","getPublicationIssues(entry)","publication-quality.test.ts + public-link-contract.test.ts"
"ibera:mixed_script_word","P1","national_park","/baza-znaniy/ibera","mixed_script_word","publication gate rejected entry","all publication checks pass","entry remains outside sitemap, search and public KB channels","mixed_script_word","DEEP_REWRITE","Content editor","quarantined","content/knowledge-base/_index/content.json","getPublicationIssues(entry)","publication-quality.test.ts + public-link-contract.test.ts"
"ibera-rassvet-i-tihie-portaly:mixed_script_word","P1","author_tip","/baza-znaniy/ibera-rassvet-i-tihie-portaly","mixed_script_word","publication gate rejected entry","all publication checks pass","entry remains outside sitemap, search and public KB channels","mixed_script_word","DEEP_REWRITE","Content editor","quarantined","content/knowledge-base/_index/content.json","getPublicationIssues(entry)","publication-quality.test.ts + public-link-contract.test.ts"
"iglesia-nuestra-senora-del-rosario-y-san-francisco:not_publication_ready","P1","attraction","/baza-znaniy/iglesia-nuestra-senora-del-rosario-y-san-francisco","not_publication_ready","publication gate rejected entry","all publication checks pass","entry remains outside sitemap, search and public KB channels","not_publication_ready","DEEP_REWRITE","Content editor","quarantined","content/knowledge-base/_index/content.json","getPublicationIssues(entry)","publication-quality.test.ts + public-link-contract.test.ts"
"iglesia-nuestra-senora-del-rosario-y-san-francisco:non_russian_title","P1","attraction","/baza-znaniy/iglesia-nuestra-senora-del-rosario-y-san-francisco","non_russian_title","publication gate rejected entry","all publication checks pass","entry remains outside sitemap, search and public KB channels","non_russian_title","DEEP_REWRITE","Content editor","quarantined","content/knowledge-base/_index/content.json","getPublicationIssues(entry)","publication-quality.test.ts + public-link-contract.test.ts"
"iglesia-nuestra-senora-del-rosario-y-san-francisco:non_russian_summary","P1","attraction","/baza-znaniy/iglesia-nuestra-senora-del-rosario-y-san-francisco","non_russian_summary","publication gate rejected entry","all publication checks pass","entry remains outside sitemap, search and public KB channels","non_russian_summary","DEEP_REWRITE","Content editor","quarantined","content/knowledge-base/_index/content.json","getPublicationIssues(entry)","publication-quality.test.ts + public-link-contract.test.ts"
"iguasu:mixed_script_word","P1","national_park","/baza-znaniy/iguasu","mixed_script_word","publication gate rejected entry","all publication checks pass","entry remains outside sitemap, search and public KB channels","mixed_script_word","DEEP_REWRITE","Content editor","quarantined","content/knowledge-base/_index/content.json","getPublicationIssues(entry)","publication-quality.test.ts + public-link-contract.test.ts"
"intendente-alvear:not_publication_ready","P1","attraction","/baza-znaniy/intendente-alvear","not_publication_ready","publication gate rejected entry","all publication checks pass","entry remains outside sitemap, search and public KB channels","not_publication_ready","DEEP_REWRITE","Content editor","quarantined","content/knowledge-base/_index/content.json","getPublicationIssues(entry)","publication-quality.test.ts + public-link-contract.test.ts"
"intendente-alvear:non_russian_title","P1","attraction","/baza-znaniy/intendente-alvear","non_russian_title","publication gate rejected entry","all publication checks pass","entry remains outside sitemap, search and public KB channels","non_russian_title","DEEP_REWRITE","Content editor","quarantined","content/knowledge-base/_index/content.json","getPublicationIssues(entry)","publication-quality.test.ts + public-link-contract.test.ts"
"intendente-alvear:non_russian_summary","P1","attraction","/baza-znaniy/intendente-alvear","non_russian_summary","publication gate rejected entry","all publication checks pass","entry remains outside sitemap, search and public KB channels","non_russian_summary","DEEP_REWRITE","Content editor","quarantined","content/knowledge-base/_index/content.json","getPublicationIssues(entry)","publication-quality.test.ts + public-link-contract.test.ts"
"iruya:not_publication_ready","P1","attraction","/baza-znaniy/iruya","not_publication_ready","publication gate rejected entry","all publication checks pass","entry remains outside sitemap, search and public KB channels","not_publication_ready","DEEP_REWRITE","Content editor","quarantined","content/knowledge-base/_index/content.json","getPublicationIssues(entry)","publication-quality.test.ts + public-link-contract.test.ts"
"iruya:non_russian_title","P1","attraction","/baza-znaniy/iruya","non_russian_title","publication gate rejected entry","all publication checks pass","entry remains outside sitemap, search and public KB channels","non_russian_title","DEEP_REWRITE","Content editor","quarantined","content/knowledge-base/_index/content.json","getPublicationIssues(entry)","publication-quality.test.ts + public-link-contract.test.ts"
"iruya:non_russian_summary","P1","attraction","/baza-znaniy/iruya","non_russian_summary","publication gate rejected entry","all publication checks pass","entry remains outside sitemap, search and public KB channels","non_russian_summary","DEEP_REWRITE","Content editor","quarantined","content/knowledge-base/_index/content.json","getPublicationIssues(entry)","publication-quality.test.ts + public-link-contract.test.ts"
"isla-del-cerrito:not_publication_ready","P1","attraction","/baza-znaniy/isla-del-cerrito","not_publication_ready","publication gate rejected entry","all publication checks pass","entry remains outside sitemap, search and public KB channels","not_publication_ready","DEEP_REWRITE","Content editor","quarantined","content/knowledge-base/_index/content.json","getPublicationIssues(entry)","publication-quality.test.ts + public-link-contract.test.ts"
"isla-del-cerrito:non_russian_title","P1","attraction","/baza-znaniy/isla-del-cerrito","non_russian_title","publication gate rejected entry","all publication checks pass","entry remains outside sitemap, search and public KB channels","non_russian_title","DEEP_REWRITE","Content editor","quarantined","content/knowledge-base/_index/content.json","getPublicationIssues(entry)","publication-quality.test.ts + public-link-contract.test.ts"
"isla-del-cerrito:non_russian_summary","P1","attraction","/baza-znaniy/isla-del-cerrito","non_russian_summary","publication gate rejected entry","all publication checks pass","entry remains outside sitemap, search and public KB channels","non_russian_summary","DEEP_REWRITE","Content editor","quarantined","content/knowledge-base/_index/content.json","getPublicationIssues(entry)","publication-quality.test.ts + public-link-contract.test.ts"
"isla-medialuna-antartida:not_publication_ready","P1","attraction","/baza-znaniy/isla-medialuna-antartida","not_publication_ready","publication gate rejected entry","all publication checks pass","entry remains outside sitemap, search and public KB channels","not_publication_ready","DEEP_REWRITE","Content editor","quarantined","content/knowledge-base/_index/content.json","getPublicationIssues(entry)","publication-quality.test.ts + public-link-contract.test.ts"
"isla-medialuna-antartida:non_russian_title","P1","attraction","/baza-znaniy/isla-medialuna-antartida","non_russian_title","publication gate rejected entry","all publication checks pass","entry remains outside sitemap, search and public KB channels","non_russian_title","DEEP_REWRITE","Content editor","quarantined","content/knowledge-base/_index/content.json","getPublicationIssues(entry)","publication-quality.test.ts + public-link-contract.test.ts"
"isla-medialuna-antartida:non_russian_summary","P1","attraction","/baza-znaniy/isla-medialuna-antartida","non_russian_summary","publication gate rejected entry","all publication checks pass","entry remains outside sitemap, search and public KB channels","non_russian_summary","DEEP_REWRITE","Content editor","quarantined","content/knowledge-base/_index/content.json","getPublicationIssues(entry)","publication-quality.test.ts + public-link-contract.test.ts"
"ispanskij-dlya-puteshestvennika:placeholder_content","P1","guide","/baza-znaniy/ispanskij-dlya-puteshestvennika","placeholder_content","publication gate rejected entry","all publication checks pass","entry remains outside sitemap, search and public KB channels","placeholder_content","DEEP_REWRITE","Content editor","quarantined","content/knowledge-base/_index/content.json","getPublicationIssues(entry)","publication-quality.test.ts + public-link-contract.test.ts"
"istoriya-argentiny:mixed_script_word","P1","guide","/baza-znaniy/istoriya-argentiny","mixed_script_word","publication gate rejected entry","all publication checks pass","entry remains outside sitemap, search and public KB channels","mixed_script_word","DEEP_REWRITE","Content editor","quarantined","content/knowledge-base/_index/content.json","getPublicationIssues(entry)","publication-quality.test.ts + public-link-contract.test.ts"
"ituzaingo:not_publication_ready","P1","attraction","/baza-znaniy/ituzaingo","not_publication_ready","publication gate rejected entry","all publication checks pass","entry remains outside sitemap, search and public KB channels","not_publication_ready","DEEP_REWRITE","Content editor","quarantined","content/knowledge-base/_index/content.json","getPublicationIssues(entry)","publication-quality.test.ts + public-link-contract.test.ts"
"ituzaingo:non_russian_title","P1","attraction","/baza-znaniy/ituzaingo","non_russian_title","publication gate rejected entry","all publication checks pass","entry remains outside sitemap, search and public KB channels","non_russian_title","DEEP_REWRITE","Content editor","quarantined","content/knowledge-base/_index/content.json","getPublicationIssues(entry)","publication-quality.test.ts + public-link-contract.test.ts"
"ituzaingo:non_russian_summary","P1","attraction","/baza-znaniy/ituzaingo","non_russian_summary","publication gate rejected entry","all publication checks pass","entry remains outside sitemap, search and public KB channels","non_russian_summary","DEEP_REWRITE","Content editor","quarantined","content/knowledge-base/_index/content.json","getPublicationIssues(entry)","publication-quality.test.ts + public-link-contract.test.ts"
"jaaukanigas:not_publication_ready","P1","attraction","/baza-znaniy/jaaukanigas","not_publication_ready","publication gate rejected entry","all publication checks pass","entry remains outside sitemap, search and public KB channels","not_publication_ready","DEEP_REWRITE","Content editor","quarantined","content/knowledge-base/_index/content.json","getPublicationIssues(entry)","publication-quality.test.ts + public-link-contract.test.ts"
"jaaukanigas:non_russian_title","P1","attraction","/baza-znaniy/jaaukanigas","non_russian_title","publication gate rejected entry","all publication checks pass","entry remains outside sitemap, search and public KB channels","non_russian_title","DEEP_REWRITE","Content editor","quarantined","content/knowledge-base/_index/content.json","getPublicationIssues(entry)","publication-quality.test.ts + public-link-contract.test.ts"
"jaaukanigas:non_russian_summary","P1","attraction","/baza-znaniy/jaaukanigas","non_russian_summary","publication gate rejected entry","all publication checks pass","entry remains outside sitemap, search and public KB channels","non_russian_summary","DEEP_REWRITE","Content editor","quarantined","content/knowledge-base/_index/content.json","getPublicationIssues(entry)","publication-quality.test.ts + public-link-contract.test.ts"
"jachal:not_publication_ready","P1","attraction","/baza-znaniy/jachal","not_publication_ready","publication gate rejected entry","all publication checks pass","entry remains outside sitemap, search and public KB channels","not_publication_ready","DEEP_REWRITE","Content editor","quarantined","content/knowledge-base/_index/content.json","getPublicationIssues(entry)","publication-quality.test.ts + public-link-contract.test.ts"
"jachal:non_russian_title","P1","attraction","/baza-znaniy/jachal","non_russian_title","publication gate rejected entry","all publication checks pass","entry remains outside sitemap, search and public KB channels","non_russian_title","DEEP_REWRITE","Content editor","quarantined","content/knowledge-base/_index/content.json","getPublicationIssues(entry)","publication-quality.test.ts + public-link-contract.test.ts"
"jachal:non_russian_summary","P1","attraction","/baza-znaniy/jachal","non_russian_summary","publication gate rejected entry","all publication checks pass","entry remains outside sitemap, search and public KB channels","non_russian_summary","DEEP_REWRITE","Content editor","quarantined","content/knowledge-base/_index/content.json","getPublicationIssues(entry)","publication-quality.test.ts + public-link-contract.test.ts"
"jaramillo:not_publication_ready","P1","attraction","/baza-znaniy/jaramillo","not_publication_ready","publication gate rejected entry","all publication checks pass","entry remains outside sitemap, search and public KB channels","not_publication_ready","DEEP_REWRITE","Content editor","quarantined","content/knowledge-base/_index/content.json","getPublicationIssues(entry)","publication-quality.test.ts + public-link-contract.test.ts"
"jaramillo:non_russian_title","P1","attraction","/baza-znaniy/jaramillo","non_russian_title","publication gate rejected entry","all publication checks pass","entry remains outside sitemap, search and public KB channels","non_russian_title","DEEP_REWRITE","Content editor","quarantined","content/knowledge-base/_index/content.json","getPublicationIssues(entry)","publication-quality.test.ts + public-link-contract.test.ts"
"jaramillo:non_russian_summary","P1","attraction","/baza-znaniy/jaramillo","non_russian_summary","publication gate rejected entry","all publication checks pass","entry remains outside sitemap, search and public KB channels","non_russian_summary","DEEP_REWRITE","Content editor","quarantined","content/knowledge-base/_index/content.json","getPublicationIssues(entry)","publication-quality.test.ts + public-link-contract.test.ts"
"juan-jose-castelli:not_publication_ready","P1","attraction","/baza-znaniy/juan-jose-castelli","not_publication_ready","publication gate rejected entry","all publication checks pass","entry remains outside sitemap, search and public KB channels","not_publication_ready","DEEP_REWRITE","Content editor","quarantined","content/knowledge-base/_index/content.json","getPublicationIssues(entry)","publication-quality.test.ts + public-link-contract.test.ts"
"juan-jose-castelli:non_russian_title","P1","attraction","/baza-znaniy/juan-jose-castelli","non_russian_title","publication gate rejected entry","all publication checks pass","entry remains outside sitemap, search and public KB channels","non_russian_title","DEEP_REWRITE","Content editor","quarantined","content/knowledge-base/_index/content.json","getPublicationIssues(entry)","publication-quality.test.ts + public-link-contract.test.ts"
"juan-jose-castelli:non_russian_summary","P1","attraction","/baza-znaniy/juan-jose-castelli","non_russian_summary","publication gate rejected entry","all publication checks pass","entry remains outside sitemap, search and public KB channels","non_russian_summary","DEEP_REWRITE","Content editor","quarantined","content/knowledge-base/_index/content.json","getPublicationIssues(entry)","publication-quality.test.ts + public-link-contract.test.ts"
"jujuy-en-bicicleta:not_publication_ready","P1","attraction","/baza-znaniy/jujuy-en-bicicleta","not_publication_ready","publication gate rejected entry","all publication checks pass","entry remains outside sitemap, search and public KB channels","not_publication_ready","DEEP_REWRITE","Content editor","quarantined","content/knowledge-base/_index/content.json","getPublicationIssues(entry)","publication-quality.test.ts + public-link-contract.test.ts"
"jujuy-en-bicicleta:non_russian_title","P1","attraction","/baza-znaniy/jujuy-en-bicicleta","non_russian_title","publication gate rejected entry","all publication checks pass","entry remains outside sitemap, search and public KB channels","non_russian_title","DEEP_REWRITE","Content editor","quarantined","content/knowledge-base/_index/content.json","getPublicationIssues(entry)","publication-quality.test.ts + public-link-contract.test.ts"
"jujuy-en-bicicleta:non_russian_summary","P1","attraction","/baza-znaniy/jujuy-en-bicicleta","non_russian_summary","publication gate rejected entry","all publication checks pass","entry remains outside sitemap, search and public KB channels","non_russian_summary","DEEP_REWRITE","Content editor","quarantined","content/knowledge-base/_index/content.json","getPublicationIssues(entry)","publication-quality.test.ts + public-link-contract.test.ts"
"junin-de-los-andes:not_publication_ready","P1","attraction","/baza-znaniy/junin-de-los-andes","not_publication_ready","publication gate rejected entry","all publication checks pass","entry remains outside sitemap, search and public KB channels","not_publication_ready","DEEP_REWRITE","Content editor","quarantined","content/knowledge-base/_index/content.json","getPublicationIssues(entry)","publication-quality.test.ts + public-link-contract.test.ts"
"junin-de-los-andes:non_russian_title","P1","attraction","/baza-znaniy/junin-de-los-andes","non_russian_title","publication gate rejected entry","all publication checks pass","entry remains outside sitemap, search and public KB channels","non_russian_title","DEEP_REWRITE","Content editor","quarantined","content/knowledge-base/_index/content.json","getPublicationIssues(entry)","publication-quality.test.ts + public-link-contract.test.ts"
"junin-de-los-andes:non_russian_summary","P1","attraction","/baza-znaniy/junin-de-los-andes","non_russian_summary","publication gate rejected entry","all publication checks pass","entry remains outside sitemap, search and public KB channels","non_russian_summary","DEEP_REWRITE","Content editor","quarantined","content/knowledge-base/_index/content.json","getPublicationIssues(entry)","publication-quality.test.ts + public-link-contract.test.ts"
"kak-kupit-aviabilety-deshevle:thin_content","P1","faq","/baza-znaniy/kak-kupit-aviabilety-deshevle","thin_content","publication gate rejected entry","all publication checks pass","entry remains outside sitemap, search and public KB channels","thin_content","EXPAND","Content editor","quarantined","content/knowledge-base/_index/content.json","getPublicationIssues(entry)","publication-quality.test.ts + public-link-contract.test.ts"
"kak-oplatit-tur-i-zhilyo-zaranee:missing_sensitive_source","P0","faq","/baza-znaniy/kak-oplatit-tur-i-zhilyo-zaranee","missing_sensitive_source","publication gate rejected entry","all publication checks pass","entry remains outside sitemap, search and public KB channels","missing_sensitive_source","LEGAL_REVIEW","Fact checker + legal reviewer","quarantined","content/knowledge-base/_index/content.json","getPublicationIssues(entry)","publication-quality.test.ts + public-link-contract.test.ts"
"kak-platit-esli-karta-rf-ne-rabotaet:missing_sensitive_source","P0","faq","/baza-znaniy/kak-platit-esli-karta-rf-ne-rabotaet","missing_sensitive_source","publication gate rejected entry","all publication checks pass","entry remains outside sitemap, search and public KB channels","missing_sensitive_source","LEGAL_REVIEW","Fact checker + legal reviewer","quarantined","content/knowledge-base/_index/content.json","getPublicationIssues(entry)","publication-quality.test.ts + public-link-contract.test.ts"
"kak-platit-esli-karta-rf-ne-rabotaet:thin_content","P1","faq","/baza-znaniy/kak-platit-esli-karta-rf-ne-rabotaet","thin_content","publication gate rejected entry","all publication checks pass","entry remains outside sitemap, search and public KB channels","thin_content","LEGAL_REVIEW","Fact checker + legal reviewer","quarantined","content/knowledge-base/_index/content.json","getPublicationIssues(entry)","publication-quality.test.ts + public-link-contract.test.ts"
"kak-poluchit-grazhdanstvo-za-2-goda:missing_sensitive_source","P0","faq","/baza-znaniy/kak-poluchit-grazhdanstvo-za-2-goda","missing_sensitive_source","publication gate rejected entry","all publication checks pass","entry remains outside sitemap, search and public KB channels","missing_sensitive_source","LEGAL_REVIEW","Fact checker + legal reviewer","quarantined","content/knowledge-base/_index/content.json","getPublicationIssues(entry)","publication-quality.test.ts + public-link-contract.test.ts"
"kak-poluchit-grazhdanstvo-za-2-goda:thin_content","P1","faq","/baza-znaniy/kak-poluchit-grazhdanstvo-za-2-goda","thin_content","publication gate rejected entry","all publication checks pass","entry remains outside sitemap, search and public KB channels","thin_content","LEGAL_REVIEW","Fact checker + legal reviewer","quarantined","content/knowledge-base/_index/content.json","getPublicationIssues(entry)","publication-quality.test.ts + public-link-contract.test.ts"
"kakie-rajony-ba-izbegat:thin_content","P1","faq","/baza-znaniy/kakie-rajony-ba-izbegat","thin_content","publication gate rejected entry","all publication checks pass","entry remains outside sitemap, search and public KB channels","thin_content","EXPAND","Content editor","quarantined","content/knowledge-base/_index/content.json","getPublicationIssues(entry)","publication-quality.test.ts + public-link-contract.test.ts"
"kakoj-dohod-nuzhen-dlya-rantye:missing_sensitive_source","P0","faq","/baza-znaniy/kakoj-dohod-nuzhen-dlya-rantye","missing_sensitive_source","publication gate rejected entry","all publication checks pass","entry remains outside sitemap, search and public KB channels","missing_sensitive_source","LEGAL_REVIEW","Fact checker + legal reviewer","quarantined","content/knowledge-base/_index/content.json","getPublicationIssues(entry)","publication-quality.test.ts + public-link-contract.test.ts"
"kakoj-dohod-nuzhen-dlya-rantye:thin_content","P1","faq","/baza-znaniy/kakoj-dohod-nuzhen-dlya-rantye","thin_content","publication gate rejected entry","all publication checks pass","entry remains outside sitemap, search and public KB channels","thin_content","LEGAL_REVIEW","Fact checker + legal reviewer","quarantined","content/knowledge-base/_index/content.json","getPublicationIssues(entry)","publication-quality.test.ts + public-link-contract.test.ts"
"kakoj-otrub-steika-zakazat:thin_content","P1","faq","/baza-znaniy/kakoj-otrub-steika-zakazat","thin_content","publication gate rejected entry","all publication checks pass","entry remains outside sitemap, search and public KB channels","thin_content","EXPAND","Content editor","quarantined","content/knowledge-base/_index/content.json","getPublicationIssues(entry)","publication-quality.test.ts + public-link-contract.test.ts"
"kayak-en-bariloche:thin_content","P1","attraction","/baza-znaniy/kayak-en-bariloche","thin_content","publication gate rejected entry","all publication checks pass","entry remains outside sitemap, search and public KB channels","thin_content","EXPAND","Content editor","quarantined","content/knowledge-base/_index/content.json","getPublicationIssues(entry)","publication-quality.test.ts + public-link-contract.test.ts"
"kayak-en-el-parana:not_publication_ready","P1","attraction","/baza-znaniy/kayak-en-el-parana","not_publication_ready","publication gate rejected entry","all publication checks pass","entry remains outside sitemap, search and public KB channels","not_publication_ready","DEEP_REWRITE","Content editor","quarantined","content/knowledge-base/_index/content.json","getPublicationIssues(entry)","publication-quality.test.ts + public-link-contract.test.ts"
"kayak-en-el-parana:non_russian_title","P1","attraction","/baza-znaniy/kayak-en-el-parana","non_russian_title","publication gate rejected entry","all publication checks pass","entry remains outside sitemap, search and public KB channels","non_russian_title","DEEP_REWRITE","Content editor","quarantined","content/knowledge-base/_index/content.json","getPublicationIssues(entry)","publication-quality.test.ts + public-link-contract.test.ts"
"kayak-en-el-parana:non_russian_summary","P1","attraction","/baza-znaniy/kayak-en-el-parana","non_russian_summary","publication gate rejected entry","all publication checks pass","entry remains outside sitemap, search and public KB channels","non_russian_summary","DEEP_REWRITE","Content editor","quarantined","content/knowledge-base/_index/content.json","getPublicationIssues(entry)","publication-quality.test.ts + public-link-contract.test.ts"
"kogda-luchshe-ehat-v-argentinu:thin_content","P1","faq","/baza-znaniy/kogda-luchshe-ehat-v-argentinu","thin_content","publication gate rejected entry","all publication checks pass","entry remains outside sitemap, search and public KB channels","thin_content","EXPAND","Content editor","quarantined","content/knowledge-base/_index/content.json","getPublicationIssues(entry)","publication-quality.test.ts + public-link-contract.test.ts"
"kuhnya:mixed_script_word","P1","guide","/baza-znaniy/kuhnya","mixed_script_word","publication gate rejected entry","all publication checks pass","entry remains outside sitemap, search and public KB channels","mixed_script_word","DEEP_REWRITE","Content editor","quarantined","content/knowledge-base/_index/content.json","getPublicationIssues(entry)","publication-quality.test.ts + public-link-contract.test.ts"
"la-aripuca:not_publication_ready","P1","attraction","/baza-znaniy/la-aripuca","not_publication_ready","publication gate rejected entry","all publication checks pass","entry remains outside sitemap, search and public KB channels","not_publication_ready","EXPAND","Content editor","quarantined","content/knowledge-base/_index/content.json","getPublicationIssues(entry)","publication-quality.test.ts + public-link-contract.test.ts"
"la-aripuca:thin_content","P1","attraction","/baza-znaniy/la-aripuca","thin_content","publication gate rejected entry","all publication checks pass","entry remains outside sitemap, search and public KB channels","thin_content","EXPAND","Content editor","quarantined","content/knowledge-base/_index/content.json","getPublicationIssues(entry)","publication-quality.test.ts + public-link-contract.test.ts"
"la-mitica-ruta-40:not_publication_ready","P1","attraction","/baza-znaniy/la-mitica-ruta-40","not_publication_ready","publication gate rejected entry","all publication checks pass","entry remains outside sitemap, search and public KB channels","not_publication_ready","EXPAND","Content editor","quarantined","content/knowledge-base/_index/content.json","getPublicationIssues(entry)","publication-quality.test.ts + public-link-contract.test.ts"
"la-mitica-ruta-40:thin_content","P1","attraction","/baza-znaniy/la-mitica-ruta-40","thin_content","publication gate rejected entry","all publication checks pass","entry remains outside sitemap, search and public KB channels","thin_content","EXPAND","Content editor","quarantined","content/knowledge-base/_index/content.json","getPublicationIssues(entry)","publication-quality.test.ts + public-link-contract.test.ts"
"la-rioja-off-road:not_publication_ready","P1","attraction","/baza-znaniy/la-rioja-off-road","not_publication_ready","publication gate rejected entry","all publication checks pass","entry remains outside sitemap, search and public KB channels","not_publication_ready","EXPAND","Content editor","quarantined","content/knowledge-base/_index/content.json","getPublicationIssues(entry)","publication-quality.test.ts + public-link-contract.test.ts"
"la-rioja-off-road:thin_content","P1","attraction","/baza-znaniy/la-rioja-off-road","thin_content","publication gate rejected entry","all publication checks pass","entry remains outside sitemap, search and public KB channels","thin_content","EXPAND","Content editor","quarantined","content/knowledge-base/_index/content.json","getPublicationIssues(entry)","publication-quality.test.ts + public-link-contract.test.ts"
"la-ruta-del-chocolate:not_publication_ready","P1","attraction","/baza-znaniy/la-ruta-del-chocolate","not_publication_ready","publication gate rejected entry","all publication checks pass","entry remains outside sitemap, search and public KB channels","not_publication_ready","EXPAND","Content editor","quarantined","content/knowledge-base/_index/content.json","getPublicationIssues(entry)","publication-quality.test.ts + public-link-contract.test.ts"
"la-ruta-del-chocolate:thin_content","P1","attraction","/baza-znaniy/la-ruta-del-chocolate","thin_content","publication gate rejected entry","all publication checks pass","entry remains outside sitemap, search and public KB channels","thin_content","EXPAND","Content editor","quarantined","content/knowledge-base/_index/content.json","getPublicationIssues(entry)","publication-quality.test.ts + public-link-contract.test.ts"
"la-ruta-del-pehuen:not_publication_ready","P1","attraction","/baza-znaniy/la-ruta-del-pehuen","not_publication_ready","publication gate rejected entry","all publication checks pass","entry remains outside sitemap, search and public KB channels","not_publication_ready","EXPAND","Content editor","quarantined","content/knowledge-base/_index/content.json","getPublicationIssues(entry)","publication-quality.test.ts + public-link-contract.test.ts"
"la-ruta-del-pehuen:thin_content","P1","attraction","/baza-znaniy/la-ruta-del-pehuen","thin_content","publication gate rejected entry","all publication checks pass","entry remains outside sitemap, search and public KB channels","thin_content","EXPAND","Content editor","quarantined","content/knowledge-base/_index/content.json","getPublicationIssues(entry)","publication-quality.test.ts + public-link-contract.test.ts"
"laberinto-patagonia:thin_content","P1","attraction","/baza-znaniy/laberinto-patagonia","thin_content","publication gate rejected entry","all publication checks pass","entry remains outside sitemap, search and public KB channels","thin_content","EXPAND","Content editor","quarantined","content/knowledge-base/_index/content.json","getPublicationIssues(entry)","publication-quality.test.ts + public-link-contract.test.ts"
"lago-del-desierto:not_publication_ready","P1","attraction","/baza-znaniy/lago-del-desierto","not_publication_ready","publication gate rejected entry","all publication checks pass","entry remains outside sitemap, search and public KB channels","not_publication_ready","EXPAND","Content editor","quarantined","content/knowledge-base/_index/content.json","getPublicationIssues(entry)","publication-quality.test.ts + public-link-contract.test.ts"
"lago-del-desierto:thin_content","P1","attraction","/baza-znaniy/lago-del-desierto","thin_content","publication gate rejected entry","all publication checks pass","entry remains outside sitemap, search and public KB channels","thin_content","EXPAND","Content editor","quarantined","content/knowledge-base/_index/content.json","getPublicationIssues(entry)","publication-quality.test.ts + public-link-contract.test.ts"
"lago-mascardi:not_publication_ready","P1","attraction","/baza-znaniy/lago-mascardi","not_publication_ready","publication gate rejected entry","all publication checks pass","entry remains outside sitemap, search and public KB channels","not_publication_ready","DEEP_REWRITE","Content editor","quarantined","content/knowledge-base/_index/content.json","getPublicationIssues(entry)","publication-quality.test.ts + public-link-contract.test.ts"
"lago-mascardi:mixed_script_word","P1","attraction","/baza-znaniy/lago-mascardi","mixed_script_word","publication gate rejected entry","all publication checks pass","entry remains outside sitemap, search and public KB channels","mixed_script_word","DEEP_REWRITE","Content editor","quarantined","content/knowledge-base/_index/content.json","getPublicationIssues(entry)","publication-quality.test.ts + public-link-contract.test.ts"
"lago-mascardi:thin_content","P1","attraction","/baza-znaniy/lago-mascardi","thin_content","publication gate rejected entry","all publication checks pass","entry remains outside sitemap, search and public KB channels","thin_content","DEEP_REWRITE","Content editor","quarantined","content/knowledge-base/_index/content.json","getPublicationIssues(entry)","publication-quality.test.ts + public-link-contract.test.ts"
"lago-posadas:not_publication_ready","P1","attraction","/baza-znaniy/lago-posadas","not_publication_ready","publication gate rejected entry","all publication checks pass","entry remains outside sitemap, search and public KB channels","not_publication_ready","EXPAND","Content editor","quarantined","content/knowledge-base/_index/content.json","getPublicationIssues(entry)","publication-quality.test.ts + public-link-contract.test.ts"
"lago-posadas:thin_content","P1","attraction","/baza-znaniy/lago-posadas","thin_content","publication gate rejected entry","all publication checks pass","entry remains outside sitemap, search and public KB channels","thin_content","EXPAND","Content editor","quarantined","content/knowledge-base/_index/content.json","getPublicationIssues(entry)","publication-quality.test.ts + public-link-contract.test.ts"
"lagos-de-tierra-del-fuego:thin_content","P1","attraction","/baza-znaniy/lagos-de-tierra-del-fuego","thin_content","publication gate rejected entry","all publication checks pass","entry remains outside sitemap, search and public KB channels","thin_content","EXPAND","Content editor","quarantined","content/knowledge-base/_index/content.json","getPublicationIssues(entry)","publication-quality.test.ts + public-link-contract.test.ts"
"laguna-de-mar-chiquita:not_publication_ready","P1","attraction","/baza-znaniy/laguna-de-mar-chiquita","not_publication_ready","publication gate rejected entry","all publication checks pass","entry remains outside sitemap, search and public KB channels","not_publication_ready","EXPAND","Content editor","quarantined","content/knowledge-base/_index/content.json","getPublicationIssues(entry)","publication-quality.test.ts + public-link-contract.test.ts"
"laguna-de-mar-chiquita:thin_content","P1","attraction","/baza-znaniy/laguna-de-mar-chiquita","thin_content","publication gate rejected entry","all publication checks pass","entry remains outside sitemap, search and public KB channels","thin_content","EXPAND","Content editor","quarantined","content/knowledge-base/_index/content.json","getPublicationIssues(entry)","publication-quality.test.ts + public-link-contract.test.ts"
"laguna-esmeralda:not_publication_ready","P1","attraction","/baza-znaniy/laguna-esmeralda","not_publication_ready","publication gate rejected entry","all publication checks pass","entry remains outside sitemap, search and public KB channels","not_publication_ready","EXPAND","Content editor","quarantined","content/knowledge-base/_index/content.json","getPublicationIssues(entry)","publication-quality.test.ts + public-link-contract.test.ts"
"laguna-esmeralda:thin_content","P1","attraction","/baza-znaniy/laguna-esmeralda","thin_content","publication gate rejected entry","all publication checks pass","entry remains outside sitemap, search and public KB channels","thin_content","EXPAND","Content editor","quarantined","content/knowledge-base/_index/content.json","getPublicationIssues(entry)","publication-quality.test.ts + public-link-contract.test.ts"
"laguna-melincue:not_publication_ready","P1","attraction","/baza-znaniy/laguna-melincue","not_publication_ready","publication gate rejected entry","all publication checks pass","entry remains outside sitemap, search and public KB channels","not_publication_ready","EXPAND","Content editor","quarantined","content/knowledge-base/_index/content.json","getPublicationIssues(entry)","publication-quality.test.ts + public-link-contract.test.ts"
"laguna-melincue:thin_content","P1","attraction","/baza-znaniy/laguna-melincue","thin_content","publication gate rejected entry","all publication checks pass","entry remains outside sitemap, search and public KB channels","thin_content","EXPAND","Content editor","quarantined","content/knowledge-base/_index/content.json","getPublicationIssues(entry)","publication-quality.test.ts + public-link-contract.test.ts"
"las-lenas:missing_hero","P1","attraction","/baza-znaniy/las-lenas","missing_hero","publication gate rejected entry","all publication checks pass","entry remains outside sitemap, search and public KB channels","missing_hero","LIGHT_EDIT","Media editor","quarantined","content/knowledge-base/_index/content.json","getPublicationIssues(entry)","publication-quality.test.ts + public-link-contract.test.ts"
"legado-jesuita-en-cordoba:not_publication_ready","P1","attraction","/baza-znaniy/legado-jesuita-en-cordoba","not_publication_ready","publication gate rejected entry","all publication checks pass","entry remains outside sitemap, search and public KB channels","not_publication_ready","DEEP_REWRITE","Content editor","quarantined","content/knowledge-base/_index/content.json","getPublicationIssues(entry)","publication-quality.test.ts + public-link-contract.test.ts"
"legado-jesuita-en-cordoba:non_russian_title","P1","attraction","/baza-znaniy/legado-jesuita-en-cordoba","non_russian_title","publication gate rejected entry","all publication checks pass","entry remains outside sitemap, search and public KB channels","non_russian_title","DEEP_REWRITE","Content editor","quarantined","content/knowledge-base/_index/content.json","getPublicationIssues(entry)","publication-quality.test.ts + public-link-contract.test.ts"
"legado-jesuita-en-cordoba:non_russian_summary","P1","attraction","/baza-znaniy/legado-jesuita-en-cordoba","non_russian_summary","publication gate rejected entry","all publication checks pass","entry remains outside sitemap, search and public KB channels","non_russian_summary","DEEP_REWRITE","Content editor","quarantined","content/knowledge-base/_index/content.json","getPublicationIssues(entry)","publication-quality.test.ts + public-link-contract.test.ts"
"los-antiguos:not_publication_ready","P1","city","/baza-znaniy/los-antiguos","not_publication_ready","publication gate rejected entry","all publication checks pass","entry remains outside sitemap, search and public KB channels","not_publication_ready","DEEP_REWRITE","Content editor","quarantined","content/knowledge-base/_index/content.json","getPublicationIssues(entry)","publication-quality.test.ts + public-link-contract.test.ts"
"los-antiguos:non_russian_title","P1","city","/baza-znaniy/los-antiguos","non_russian_title","publication gate rejected entry","all publication checks pass","entry remains outside sitemap, search and public KB channels","non_russian_title","DEEP_REWRITE","Content editor","quarantined","content/knowledge-base/_index/content.json","getPublicationIssues(entry)","publication-quality.test.ts + public-link-contract.test.ts"
"los-gigantes:not_publication_ready","P1","attraction","/baza-znaniy/los-gigantes","not_publication_ready","publication gate rejected entry","all publication checks pass","entry remains outside sitemap, search and public KB channels","not_publication_ready","EXPAND","Content editor","quarantined","content/knowledge-base/_index/content.json","getPublicationIssues(entry)","publication-quality.test.ts + public-link-contract.test.ts"
"los-gigantes:thin_content","P1","attraction","/baza-znaniy/los-gigantes","thin_content","publication gate rejected entry","all publication checks pass","entry remains outside sitemap, search and public KB channels","thin_content","EXPAND","Content editor","quarantined","content/knowledge-base/_index/content.json","getPublicationIssues(entry)","publication-quality.test.ts + public-link-contract.test.ts"
"los-valles-calchaquies:not_publication_ready","P1","attraction","/baza-znaniy/los-valles-calchaquies","not_publication_ready","publication gate rejected entry","all publication checks pass","entry remains outside sitemap, search and public KB channels","not_publication_ready","EXPAND","Content editor","quarantined","content/knowledge-base/_index/content.json","getPublicationIssues(entry)","publication-quality.test.ts + public-link-contract.test.ts"
"los-valles-calchaquies:thin_content","P1","attraction","/baza-znaniy/los-valles-calchaquies","thin_content","publication gate rejected entry","all publication checks pass","entry remains outside sitemap, search and public KB channels","thin_content","EXPAND","Content editor","quarantined","content/knowledge-base/_index/content.json","getPublicationIssues(entry)","publication-quality.test.ts + public-link-contract.test.ts"
"lujan:missing_hero","P1","city","/baza-znaniy/lujan","missing_hero","publication gate rejected entry","all publication checks pass","entry remains outside sitemap, search and public KB channels","missing_hero","LIGHT_EDIT","Media editor","quarantined","content/knowledge-base/_index/content.json","getPublicationIssues(entry)","publication-quality.test.ts + public-link-contract.test.ts"
"maimara:not_publication_ready","P1","attraction","/baza-znaniy/maimara","not_publication_ready","publication gate rejected entry","all publication checks pass","entry remains outside sitemap, search and public KB channels","not_publication_ready","DEEP_REWRITE","Content editor","quarantined","content/knowledge-base/_index/content.json","getPublicationIssues(entry)","publication-quality.test.ts + public-link-contract.test.ts"
"maimara:non_russian_title","P1","attraction","/baza-znaniy/maimara","non_russian_title","publication gate rejected entry","all publication checks pass","entry remains outside sitemap, search and public KB channels","non_russian_title","DEEP_REWRITE","Content editor","quarantined","content/knowledge-base/_index/content.json","getPublicationIssues(entry)","publication-quality.test.ts + public-link-contract.test.ts"
"maimara:non_russian_summary","P1","attraction","/baza-znaniy/maimara","non_russian_summary","publication gate rejected entry","all publication checks pass","entry remains outside sitemap, search and public KB channels","non_russian_summary","DEEP_REWRITE","Content editor","quarantined","content/knowledge-base/_index/content.json","getPublicationIssues(entry)","publication-quality.test.ts + public-link-contract.test.ts"
"malargue:not_publication_ready","P1","attraction","/baza-znaniy/malargue","not_publication_ready","publication gate rejected entry","all publication checks pass","entry remains outside sitemap, search and public KB channels","not_publication_ready","DEEP_REWRITE","Content editor","quarantined","content/knowledge-base/_index/content.json","getPublicationIssues(entry)","publication-quality.test.ts + public-link-contract.test.ts"
"malargue:non_russian_title","P1","attraction","/baza-znaniy/malargue","non_russian_title","publication gate rejected entry","all publication checks pass","entry remains outside sitemap, search and public KB channels","non_russian_title","DEEP_REWRITE","Content editor","quarantined","content/knowledge-base/_index/content.json","getPublicationIssues(entry)","publication-quality.test.ts + public-link-contract.test.ts"
"malargue:non_russian_summary","P1","attraction","/baza-znaniy/malargue","non_russian_summary","publication gate rejected entry","all publication checks pass","entry remains outside sitemap, search and public KB channels","non_russian_summary","DEEP_REWRITE","Content editor","quarantined","content/knowledge-base/_index/content.json","getPublicationIssues(entry)","publication-quality.test.ts + public-link-contract.test.ts"
"mar-de-las-pampas:thin_content","P1","attraction","/baza-znaniy/mar-de-las-pampas","thin_content","publication gate rejected entry","all publication checks pass","entry remains outside sitemap, search and public KB channels","thin_content","EXPAND","Media editor","quarantined","content/knowledge-base/_index/content.json","getPublicationIssues(entry)","publication-quality.test.ts + public-link-contract.test.ts"
"mar-de-las-pampas:missing_hero","P1","attraction","/baza-znaniy/mar-de-las-pampas","missing_hero","publication gate rejected entry","all publication checks pass","entry remains outside sitemap, search and public KB channels","missing_hero","EXPAND","Media editor","quarantined","content/knowledge-base/_index/content.json","getPublicationIssues(entry)","publication-quality.test.ts + public-link-contract.test.ts"
"mate:mixed_script_word","P1","guide","/baza-znaniy/mate","mixed_script_word","publication gate rejected entry","all publication checks pass","entry remains outside sitemap, search and public KB channels","mixed_script_word","DEEP_REWRITE","Content editor","quarantined","content/knowledge-base/_index/content.json","getPublicationIssues(entry)","publication-quality.test.ts + public-link-contract.test.ts"
"mate-en-la-laguna-capri:not_publication_ready","P1","attraction","/baza-znaniy/mate-en-la-laguna-capri","not_publication_ready","publication gate rejected entry","all publication checks pass","entry remains outside sitemap, search and public KB channels","not_publication_ready","DEEP_REWRITE","Content editor","quarantined","content/knowledge-base/_index/content.json","getPublicationIssues(entry)","publication-quality.test.ts + public-link-contract.test.ts"
"mate-en-la-laguna-capri:non_russian_title","P1","attraction","/baza-znaniy/mate-en-la-laguna-capri","non_russian_title","publication gate rejected entry","all publication checks pass","entry remains outside sitemap, search and public KB channels","non_russian_title","DEEP_REWRITE","Content editor","quarantined","content/knowledge-base/_index/content.json","getPublicationIssues(entry)","publication-quality.test.ts + public-link-contract.test.ts"
"mate-en-la-laguna-capri:non_russian_summary","P1","attraction","/baza-znaniy/mate-en-la-laguna-capri","non_russian_summary","publication gate rejected entry","all publication checks pass","entry remains outside sitemap, search and public KB channels","non_russian_summary","DEEP_REWRITE","Content editor","quarantined","content/knowledge-base/_index/content.json","getPublicationIssues(entry)","publication-quality.test.ts + public-link-contract.test.ts"
"mendoza-best-of-wine-tourism:not_publication_ready","P1","attraction","/baza-znaniy/mendoza-best-of-wine-tourism","not_publication_ready","publication gate rejected entry","all publication checks pass","entry remains outside sitemap, search and public KB channels","not_publication_ready","DEEP_REWRITE","Content editor","quarantined","content/knowledge-base/_index/content.json","getPublicationIssues(entry)","publication-quality.test.ts + public-link-contract.test.ts"
"mendoza-best-of-wine-tourism:non_russian_summary","P1","attraction","/baza-znaniy/mendoza-best-of-wine-tourism","non_russian_summary","publication gate rejected entry","all publication checks pass","entry remains outside sitemap, search and public KB channels","non_russian_summary","DEEP_REWRITE","Content editor","quarantined","content/knowledge-base/_index/content.json","getPublicationIssues(entry)","publication-quality.test.ts + public-link-contract.test.ts"
"mercedes-corrientes:mixed_script_word","P1","city","/baza-znaniy/mercedes-corrientes","mixed_script_word","publication gate rejected entry","all publication checks pass","entry remains outside sitemap, search and public KB channels","mixed_script_word","DEEP_REWRITE","Media editor","quarantined","content/knowledge-base/_index/content.json","getPublicationIssues(entry)","publication-quality.test.ts + public-link-contract.test.ts"
"mercedes-corrientes:missing_hero","P1","city","/baza-znaniy/mercedes-corrientes","missing_hero","publication gate rejected entry","all publication checks pass","entry remains outside sitemap, search and public KB channels","missing_hero","DEEP_REWRITE","Media editor","quarantined","content/knowledge-base/_index/content.json","getPublicationIssues(entry)","publication-quality.test.ts + public-link-contract.test.ts"
"merlo:missing_hero","P1","city","/baza-znaniy/merlo","missing_hero","publication gate rejected entry","all publication checks pass","entry remains outside sitemap, search and public KB channels","missing_hero","LIGHT_EDIT","Media editor","quarantined","content/knowledge-base/_index/content.json","getPublicationIssues(entry)","publication-quality.test.ts + public-link-contract.test.ts"
"minitrekking-sobre-el-glaciar-perito-moreno:not_publication_ready","P1","attraction","/baza-znaniy/minitrekking-sobre-el-glaciar-perito-moreno","not_publication_ready","publication gate rejected entry","all publication checks pass","entry remains outside sitemap, search and public KB channels","not_publication_ready","DEEP_REWRITE","Content editor","quarantined","content/knowledge-base/_index/content.json","getPublicationIssues(entry)","publication-quality.test.ts + public-link-contract.test.ts"
"minitrekking-sobre-el-glaciar-perito-moreno:non_russian_summary","P1","attraction","/baza-znaniy/minitrekking-sobre-el-glaciar-perito-moreno","non_russian_summary","publication gate rejected entry","all publication checks pass","entry remains outside sitemap, search and public KB channels","non_russian_summary","DEEP_REWRITE","Content editor","quarantined","content/knowledge-base/_index/content.json","getPublicationIssues(entry)","publication-quality.test.ts + public-link-contract.test.ts"
"miraflores:not_publication_ready","P1","attraction","/baza-znaniy/miraflores","not_publication_ready","publication gate rejected entry","all publication checks pass","entry remains outside sitemap, search and public KB channels","not_publication_ready","DEEP_REWRITE","Content editor","quarantined","content/knowledge-base/_index/content.json","getPublicationIssues(entry)","publication-quality.test.ts + public-link-contract.test.ts"
"miraflores:non_russian_title","P1","attraction","/baza-znaniy/miraflores","non_russian_title","publication gate rejected entry","all publication checks pass","entry remains outside sitemap, search and public KB channels","non_russian_title","DEEP_REWRITE","Content editor","quarantined","content/knowledge-base/_index/content.json","getPublicationIssues(entry)","publication-quality.test.ts + public-link-contract.test.ts"
"miraflores:non_russian_summary","P1","attraction","/baza-znaniy/miraflores","non_russian_summary","publication gate rejected entry","all publication checks pass","entry remains outside sitemap, search and public KB channels","non_russian_summary","DEEP_REWRITE","Content editor","quarantined","content/knowledge-base/_index/content.json","getPublicationIssues(entry)","publication-quality.test.ts + public-link-contract.test.ts"
"molino-forclaz:not_publication_ready","P1","attraction","/baza-znaniy/molino-forclaz","not_publication_ready","publication gate rejected entry","all publication checks pass","entry remains outside sitemap, search and public KB channels","not_publication_ready","DEEP_REWRITE","Content editor","quarantined","content/knowledge-base/_index/content.json","getPublicationIssues(entry)","publication-quality.test.ts + public-link-contract.test.ts"
"molino-forclaz:non_russian_title","P1","attraction","/baza-znaniy/molino-forclaz","non_russian_title","publication gate rejected entry","all publication checks pass","entry remains outside sitemap, search and public KB channels","non_russian_title","DEEP_REWRITE","Content editor","quarantined","content/knowledge-base/_index/content.json","getPublicationIssues(entry)","publication-quality.test.ts + public-link-contract.test.ts"
"molino-forclaz:non_russian_summary","P1","attraction","/baza-znaniy/molino-forclaz","non_russian_summary","publication gate rejected entry","all publication checks pass","entry remains outside sitemap, search and public KB channels","non_russian_summary","DEEP_REWRITE","Content editor","quarantined","content/knowledge-base/_index/content.json","getPublicationIssues(entry)","publication-quality.test.ts + public-link-contract.test.ts"
"montanismo-en-jujuy:not_publication_ready","P1","attraction","/baza-znaniy/montanismo-en-jujuy","not_publication_ready","publication gate rejected entry","all publication checks pass","entry remains outside sitemap, search and public KB channels","not_publication_ready","DEEP_REWRITE","Content editor","quarantined","content/knowledge-base/_index/content.json","getPublicationIssues(entry)","publication-quality.test.ts + public-link-contract.test.ts"
"montanismo-en-jujuy:non_russian_title","P1","attraction","/baza-znaniy/montanismo-en-jujuy","non_russian_title","publication gate rejected entry","all publication checks pass","entry remains outside sitemap, search and public KB channels","non_russian_title","DEEP_REWRITE","Content editor","quarantined","content/knowledge-base/_index/content.json","getPublicationIssues(entry)","publication-quality.test.ts + public-link-contract.test.ts"
"montanismo-en-jujuy:non_russian_summary","P1","attraction","/baza-znaniy/montanismo-en-jujuy","non_russian_summary","publication gate rejected entry","all publication checks pass","entry remains outside sitemap, search and public KB channels","non_russian_summary","DEEP_REWRITE","Content editor","quarantined","content/knowledge-base/_index/content.json","getPublicationIssues(entry)","publication-quality.test.ts + public-link-contract.test.ts"
"monte-olivia-y-glaciar-de-agostini:not_publication_ready","P1","attraction","/baza-znaniy/monte-olivia-y-glaciar-de-agostini","not_publication_ready","publication gate rejected entry","all publication checks pass","entry remains outside sitemap, search and public KB channels","not_publication_ready","DEEP_REWRITE","Content editor","quarantined","content/knowledge-base/_index/content.json","getPublicationIssues(entry)","publication-quality.test.ts + public-link-contract.test.ts"
"monte-olivia-y-glaciar-de-agostini:non_russian_title","P1","attraction","/baza-znaniy/monte-olivia-y-glaciar-de-agostini","non_russian_title","publication gate rejected entry","all publication checks pass","entry remains outside sitemap, search and public KB channels","non_russian_title","DEEP_REWRITE","Content editor","quarantined","content/knowledge-base/_index/content.json","getPublicationIssues(entry)","publication-quality.test.ts + public-link-contract.test.ts"
"monte-olivia-y-glaciar-de-agostini:non_russian_summary","P1","attraction","/baza-znaniy/monte-olivia-y-glaciar-de-agostini","non_russian_summary","publication gate rejected entry","all publication checks pass","entry remains outside sitemap, search and public KB channels","non_russian_summary","DEEP_REWRITE","Content editor","quarantined","content/knowledge-base/_index/content.json","getPublicationIssues(entry)","publication-quality.test.ts + public-link-contract.test.ts"
"monumento-natural-laguna-de-los-pozuelos:not_publication_ready","P1","attraction","/baza-znaniy/monumento-natural-laguna-de-los-pozuelos","not_publication_ready","publication gate rejected entry","all publication checks pass","entry remains outside sitemap, search and public KB channels","not_publication_ready","EXPAND","Content editor","quarantined","content/knowledge-base/_index/content.json","getPublicationIssues(entry)","publication-quality.test.ts + public-link-contract.test.ts"
"monumento-natural-laguna-de-los-pozuelos:thin_content","P1","attraction","/baza-znaniy/monumento-natural-laguna-de-los-pozuelos","thin_content","publication gate rejected entry","all publication checks pass","entry remains outside sitemap, search and public KB channels","thin_content","EXPAND","Content editor","quarantined","content/knowledge-base/_index/content.json","getPublicationIssues(entry)","publication-quality.test.ts + public-link-contract.test.ts"
"mountain-bike-en-piedra-del-aguila:not_publication_ready","P1","attraction","/baza-znaniy/mountain-bike-en-piedra-del-aguila","not_publication_ready","publication gate rejected entry","all publication checks pass","entry remains outside sitemap, search and public KB channels","not_publication_ready","DEEP_REWRITE","Content editor","quarantined","content/knowledge-base/_index/content.json","getPublicationIssues(entry)","publication-quality.test.ts + public-link-contract.test.ts"
"mountain-bike-en-piedra-del-aguila:non_russian_title","P1","attraction","/baza-znaniy/mountain-bike-en-piedra-del-aguila","non_russian_title","publication gate rejected entry","all publication checks pass","entry remains outside sitemap, search and public KB channels","non_russian_title","DEEP_REWRITE","Content editor","quarantined","content/knowledge-base/_index/content.json","getPublicationIssues(entry)","publication-quality.test.ts + public-link-contract.test.ts"
"mountain-bike-en-piedra-del-aguila:non_russian_summary","P1","attraction","/baza-znaniy/mountain-bike-en-piedra-del-aguila","non_russian_summary","publication gate rejected entry","all publication checks pass","entry remains outside sitemap, search and public KB channels","non_russian_summary","DEEP_REWRITE","Content editor","quarantined","content/knowledge-base/_index/content.json","getPublicationIssues(entry)","publication-quality.test.ts + public-link-contract.test.ts"
"mozhno-li-otkryt-schet-nerezidentu:missing_sensitive_source","P0","faq","/baza-znaniy/mozhno-li-otkryt-schet-nerezidentu","missing_sensitive_source","publication gate rejected entry","all publication checks pass","entry remains outside sitemap, search and public KB channels","missing_sensitive_source","LEGAL_REVIEW","Fact checker + legal reviewer","quarantined","content/knowledge-base/_index/content.json","getPublicationIssues(entry)","publication-quality.test.ts + public-link-contract.test.ts"
"mozhno-li-otkryt-schet-nerezidentu:thin_content","P1","faq","/baza-znaniy/mozhno-li-otkryt-schet-nerezidentu","thin_content","publication gate rejected entry","all publication checks pass","entry remains outside sitemap, search and public KB channels","thin_content","LEGAL_REVIEW","Fact checker + legal reviewer","quarantined","content/knowledge-base/_index/content.json","getPublicationIssues(entry)","publication-quality.test.ts + public-link-contract.test.ts"
"mozhno-li-uvidet-lednik-bez-trekkinga:thin_content","P1","faq","/baza-znaniy/mozhno-li-uvidet-lednik-bez-trekkinga","thin_content","publication gate rejected entry","all publication checks pass","entry remains outside sitemap, search and public KB channels","thin_content","EXPAND","Content editor","quarantined","content/knowledge-base/_index/content.json","getPublicationIssues(entry)","publication-quality.test.ts + public-link-contract.test.ts"
"museo-arqueologico-los-menhires:not_publication_ready","P1","attraction","/baza-znaniy/museo-arqueologico-los-menhires","not_publication_ready","publication gate rejected entry","all publication checks pass","entry remains outside sitemap, search and public KB channels","not_publication_ready","DEEP_REWRITE","Content editor","quarantined","content/knowledge-base/_index/content.json","getPublicationIssues(entry)","publication-quality.test.ts + public-link-contract.test.ts"
"museo-arqueologico-los-menhires:non_russian_title","P1","attraction","/baza-znaniy/museo-arqueologico-los-menhires","non_russian_title","publication gate rejected entry","all publication checks pass","entry remains outside sitemap, search and public KB channels","non_russian_title","DEEP_REWRITE","Content editor","quarantined","content/knowledge-base/_index/content.json","getPublicationIssues(entry)","publication-quality.test.ts + public-link-contract.test.ts"
"museo-arqueologico-los-menhires:non_russian_summary","P1","attraction","/baza-znaniy/museo-arqueologico-los-menhires","non_russian_summary","publication gate rejected entry","all publication checks pass","entry remains outside sitemap, search and public KB channels","non_russian_summary","DEEP_REWRITE","Content editor","quarantined","content/knowledge-base/_index/content.json","getPublicationIssues(entry)","publication-quality.test.ts + public-link-contract.test.ts"
"museo-de-arqueologia-de-alta-montana:not_publication_ready","P1","attraction","/baza-znaniy/museo-de-arqueologia-de-alta-montana","not_publication_ready","publication gate rejected entry","all publication checks pass","entry remains outside sitemap, search and public KB channels","not_publication_ready","DEEP_REWRITE","Content editor","quarantined","content/knowledge-base/_index/content.json","getPublicationIssues(entry)","publication-quality.test.ts + public-link-contract.test.ts"
"museo-de-arqueologia-de-alta-montana:non_russian_title","P1","attraction","/baza-znaniy/museo-de-arqueologia-de-alta-montana","non_russian_title","publication gate rejected entry","all publication checks pass","entry remains outside sitemap, search and public KB channels","non_russian_title","DEEP_REWRITE","Content editor","quarantined","content/knowledge-base/_index/content.json","getPublicationIssues(entry)","publication-quality.test.ts + public-link-contract.test.ts"
"museo-de-arqueologia-de-alta-montana:non_russian_summary","P1","attraction","/baza-znaniy/museo-de-arqueologia-de-alta-montana","non_russian_summary","publication gate rejected entry","all publication checks pass","entry remains outside sitemap, search and public KB channels","non_russian_summary","DEEP_REWRITE","Content editor","quarantined","content/knowledge-base/_index/content.json","getPublicationIssues(entry)","publication-quality.test.ts + public-link-contract.test.ts"
"museos-de-buenos-aires:machine_translation_marker","P0","attraction","/baza-znaniy/museos-de-buenos-aires","machine_translation_marker","publication gate rejected entry","all publication checks pass","entry remains outside sitemap, search and public KB channels","machine_translation_marker","HUMAN_REVIEW","Russian content editor","quarantined","content/knowledge-base/_index/content.json","getPublicationIssues(entry)","publication-quality.test.ts + public-link-contract.test.ts"
"museos-de-salta:not_publication_ready","P1","attraction","/baza-znaniy/museos-de-salta","not_publication_ready","publication gate rejected entry","all publication checks pass","entry remains outside sitemap, search and public KB channels","not_publication_ready","DEEP_REWRITE","Content editor","quarantined","content/knowledge-base/_index/content.json","getPublicationIssues(entry)","publication-quality.test.ts + public-link-contract.test.ts"
"museos-de-salta:non_russian_title","P1","attraction","/baza-znaniy/museos-de-salta","non_russian_title","publication gate rejected entry","all publication checks pass","entry remains outside sitemap, search and public KB channels","non_russian_title","DEEP_REWRITE","Content editor","quarantined","content/knowledge-base/_index/content.json","getPublicationIssues(entry)","publication-quality.test.ts + public-link-contract.test.ts"
"museos-de-salta:non_russian_summary","P1","attraction","/baza-znaniy/museos-de-salta","non_russian_summary","publication gate rejected entry","all publication checks pass","entry remains outside sitemap, search and public KB channels","non_russian_summary","DEEP_REWRITE","Content editor","quarantined","content/knowledge-base/_index/content.json","getPublicationIssues(entry)","publication-quality.test.ts + public-link-contract.test.ts"
"nablyudenie-pro-dengi-i-banki:missing_sensitive_source","P0","author_tip","/baza-znaniy/nablyudenie-pro-dengi-i-banki","missing_sensitive_source","publication gate rejected entry","all publication checks pass","entry remains outside sitemap, search and public KB channels","missing_sensitive_source","LEGAL_REVIEW","Fact checker + legal reviewer","quarantined","content/knowledge-base/_index/content.json","getPublicationIssues(entry)","publication-quality.test.ts + public-link-contract.test.ts"
"navegacion-en-los-rios-limay-y-neuquen:thin_content","P1","attraction","/baza-znaniy/navegacion-en-los-rios-limay-y-neuquen","thin_content","publication gate rejected entry","all publication checks pass","entry remains outside sitemap, search and public KB channels","thin_content","EXPAND","Content editor","quarantined","content/knowledge-base/_index/content.json","getPublicationIssues(entry)","publication-quality.test.ts + public-link-contract.test.ts"
"navegacion-en-tierra-del-fuego:not_publication_ready","P1","attraction","/baza-znaniy/navegacion-en-tierra-del-fuego","not_publication_ready","publication gate rejected entry","all publication checks pass","entry remains outside sitemap, search and public KB channels","not_publication_ready","DEEP_REWRITE","Content editor","quarantined","content/knowledge-base/_index/content.json","getPublicationIssues(entry)","publication-quality.test.ts + public-link-contract.test.ts"
"navegacion-en-tierra-del-fuego:non_russian_summary","P1","attraction","/baza-znaniy/navegacion-en-tierra-del-fuego","non_russian_summary","publication gate rejected entry","all publication checks pass","entry remains outside sitemap, search and public KB channels","non_russian_summary","DEEP_REWRITE","Content editor","quarantined","content/knowledge-base/_index/content.json","getPublicationIssues(entry)","publication-quality.test.ts + public-link-contract.test.ts"
"navegacion-entre-glaciares:not_publication_ready","P1","attraction","/baza-znaniy/navegacion-entre-glaciares","not_publication_ready","publication gate rejected entry","all publication checks pass","entry remains outside sitemap, search and public KB channels","not_publication_ready","DEEP_REWRITE","Content editor","quarantined","content/knowledge-base/_index/content.json","getPublicationIssues(entry)","publication-quality.test.ts + public-link-contract.test.ts"
"navegacion-entre-glaciares:non_russian_title","P1","attraction","/baza-znaniy/navegacion-entre-glaciares","non_russian_title","publication gate rejected entry","all publication checks pass","entry remains outside sitemap, search and public KB channels","non_russian_title","DEEP_REWRITE","Content editor","quarantined","content/knowledge-base/_index/content.json","getPublicationIssues(entry)","publication-quality.test.ts + public-link-contract.test.ts"
"navegacion-entre-glaciares:non_russian_summary","P1","attraction","/baza-znaniy/navegacion-entre-glaciares","non_russian_summary","publication gate rejected entry","all publication checks pass","entry remains outside sitemap, search and public KB channels","non_russian_summary","DEEP_REWRITE","Content editor","quarantined","content/knowledge-base/_index/content.json","getPublicationIssues(entry)","publication-quality.test.ts + public-link-contract.test.ts"
"navegacion-por-el-lago-argentino:thin_content","P1","attraction","/baza-znaniy/navegacion-por-el-lago-argentino","thin_content","publication gate rejected entry","all publication checks pass","entry remains outside sitemap, search and public KB channels","thin_content","EXPAND","Content editor","quarantined","content/knowledge-base/_index/content.json","getPublicationIssues(entry)","publication-quality.test.ts + public-link-contract.test.ts"
"necochea:missing_hero","P1","city","/baza-znaniy/necochea","missing_hero","publication gate rejected entry","all publication checks pass","entry remains outside sitemap, search and public KB channels","missing_hero","LIGHT_EDIT","Media editor","quarantined","content/knowledge-base/_index/content.json","getPublicationIssues(entry)","publication-quality.test.ts + public-link-contract.test.ts"
"nevado-de-chani:not_publication_ready","P1","attraction","/baza-znaniy/nevado-de-chani","not_publication_ready","publication gate rejected entry","all publication checks pass","entry remains outside sitemap, search and public KB channels","not_publication_ready","DEEP_REWRITE","Content editor","quarantined","content/knowledge-base/_index/content.json","getPublicationIssues(entry)","publication-quality.test.ts + public-link-contract.test.ts"
"nevado-de-chani:non_russian_title","P1","attraction","/baza-znaniy/nevado-de-chani","non_russian_title","publication gate rejected entry","all publication checks pass","entry remains outside sitemap, search and public KB channels","non_russian_title","DEEP_REWRITE","Content editor","quarantined","content/knowledge-base/_index/content.json","getPublicationIssues(entry)","publication-quality.test.ts + public-link-contract.test.ts"
"nevado-de-chani:non_russian_summary","P1","attraction","/baza-znaniy/nevado-de-chani","non_russian_summary","publication gate rejected entry","all publication checks pass","entry remains outside sitemap, search and public KB channels","non_russian_summary","DEEP_REWRITE","Content editor","quarantined","content/knowledge-base/_index/content.json","getPublicationIssues(entry)","publication-quality.test.ts + public-link-contract.test.ts"
"newells-old-boys:thin_content","P1","attraction","/baza-znaniy/newells-old-boys","thin_content","publication gate rejected entry","all publication checks pass","entry remains outside sitemap, search and public KB channels","thin_content","EXPAND","Content editor","quarantined","content/knowledge-base/_index/content.json","getPublicationIssues(entry)","publication-quality.test.ts + public-link-contract.test.ts"
"nueva-cordoba:not_publication_ready","P1","attraction","/baza-znaniy/nueva-cordoba","not_publication_ready","publication gate rejected entry","all publication checks pass","entry remains outside sitemap, search and public KB channels","not_publication_ready","DEEP_REWRITE","Content editor","quarantined","content/knowledge-base/_index/content.json","getPublicationIssues(entry)","publication-quality.test.ts + public-link-contract.test.ts"
"nueva-cordoba:non_russian_title","P1","attraction","/baza-znaniy/nueva-cordoba","non_russian_title","publication gate rejected entry","all publication checks pass","entry remains outside sitemap, search and public KB channels","non_russian_title","DEEP_REWRITE","Content editor","quarantined","content/knowledge-base/_index/content.json","getPublicationIssues(entry)","publication-quality.test.ts + public-link-contract.test.ts"
"nueva-cordoba:non_russian_summary","P1","attraction","/baza-znaniy/nueva-cordoba","non_russian_summary","publication gate rejected entry","all publication checks pass","entry remains outside sitemap, search and public KB channels","non_russian_summary","DEEP_REWRITE","Content editor","quarantined","content/knowledge-base/_index/content.json","getPublicationIssues(entry)","publication-quality.test.ts + public-link-contract.test.ts"
"nuzhen-li-4x4-ruta-40:thin_content","P1","faq","/baza-znaniy/nuzhen-li-4x4-ruta-40","thin_content","publication gate rejected entry","all publication checks pass","entry remains outside sitemap, search and public KB channels","thin_content","EXPAND","Content editor","quarantined","content/knowledge-base/_index/content.json","getPublicationIssues(entry)","publication-quality.test.ts + public-link-contract.test.ts"
"nuzhna-li-strahovka-dlya-vezda:missing_sensitive_source","P0","faq","/baza-znaniy/nuzhna-li-strahovka-dlya-vezda","missing_sensitive_source","publication gate rejected entry","all publication checks pass","entry remains outside sitemap, search and public KB channels","missing_sensitive_source","LEGAL_REVIEW","Fact checker + legal reviewer","quarantined","content/knowledge-base/_index/content.json","getPublicationIssues(entry)","publication-quality.test.ts + public-link-contract.test.ts"
"nuzhna-li-strahovka-dlya-vezda:thin_content","P1","faq","/baza-znaniy/nuzhna-li-strahovka-dlya-vezda","thin_content","publication gate rejected entry","all publication checks pass","entry remains outside sitemap, search and public KB channels","thin_content","LEGAL_REVIEW","Fact checker + legal reviewer","quarantined","content/knowledge-base/_index/content.json","getPublicationIssues(entry)","publication-quality.test.ts + public-link-contract.test.ts"
"nuzhna-li-viza-cifrovomu-kochevniku:missing_sensitive_source","P0","faq","/baza-znaniy/nuzhna-li-viza-cifrovomu-kochevniku","missing_sensitive_source","publication gate rejected entry","all publication checks pass","entry remains outside sitemap, search and public KB channels","missing_sensitive_source","LEGAL_REVIEW","Fact checker + legal reviewer","quarantined","content/knowledge-base/_index/content.json","getPublicationIssues(entry)","publication-quality.test.ts + public-link-contract.test.ts"
"nuzhna-li-viza-cifrovomu-kochevniku:thin_content","P1","faq","/baza-znaniy/nuzhna-li-viza-cifrovomu-kochevniku","thin_content","publication gate rejected entry","all publication checks pass","entry remains outside sitemap, search and public KB channels","thin_content","LEGAL_REVIEW","Fact checker + legal reviewer","quarantined","content/knowledge-base/_index/content.json","getPublicationIssues(entry)","publication-quality.test.ts + public-link-contract.test.ts"
"nuzhno-li-otkazyvatsya-ot-grazhdanstva:missing_sensitive_source","P0","faq","/baza-znaniy/nuzhno-li-otkazyvatsya-ot-grazhdanstva","missing_sensitive_source","publication gate rejected entry","all publication checks pass","entry remains outside sitemap, search and public KB channels","missing_sensitive_source","LEGAL_REVIEW","Fact checker + legal reviewer","quarantined","content/knowledge-base/_index/content.json","getPublicationIssues(entry)","publication-quality.test.ts + public-link-contract.test.ts"
"nuzhno-li-otkazyvatsya-ot-grazhdanstva:thin_content","P1","faq","/baza-znaniy/nuzhno-li-otkazyvatsya-ot-grazhdanstva","thin_content","publication gate rejected entry","all publication checks pass","entry remains outside sitemap, search and public KB channels","thin_content","LEGAL_REVIEW","Fact checker + legal reviewer","quarantined","content/knowledge-base/_index/content.json","getPublicationIssues(entry)","publication-quality.test.ts + public-link-contract.test.ts"
"obera:not_publication_ready","P1","attraction","/baza-znaniy/obera","not_publication_ready","publication gate rejected entry","all publication checks pass","entry remains outside sitemap, search and public KB channels","not_publication_ready","DEEP_REWRITE","Content editor","quarantined","content/knowledge-base/_index/content.json","getPublicationIssues(entry)","publication-quality.test.ts + public-link-contract.test.ts"
"obera:non_russian_title","P1","attraction","/baza-znaniy/obera","non_russian_title","publication gate rejected entry","all publication checks pass","entry remains outside sitemap, search and public KB channels","non_russian_title","DEEP_REWRITE","Content editor","quarantined","content/knowledge-base/_index/content.json","getPublicationIssues(entry)","publication-quality.test.ts + public-link-contract.test.ts"
"obera:non_russian_summary","P1","attraction","/baza-znaniy/obera","non_russian_summary","publication gate rejected entry","all publication checks pass","entry remains outside sitemap, search and public KB channels","non_russian_summary","DEEP_REWRITE","Content editor","quarantined","content/knowledge-base/_index/content.json","getPublicationIssues(entry)","publication-quality.test.ts + public-link-contract.test.ts"
"oshibka-s-dokumentami:missing_sensitive_source","P0","author_tip","/baza-znaniy/oshibka-s-dokumentami","missing_sensitive_source","publication gate rejected entry","all publication checks pass","entry remains outside sitemap, search and public KB channels","missing_sensitive_source","LEGAL_REVIEW","Fact checker + legal reviewer","quarantined","content/knowledge-base/_index/content.json","getPublicationIssues(entry)","publication-quality.test.ts + public-link-contract.test.ts"
"oshibka-s-zhilyom:missing_sensitive_source","P0","author_tip","/baza-znaniy/oshibka-s-zhilyom","missing_sensitive_source","publication gate rejected entry","all publication checks pass","entry remains outside sitemap, search and public KB channels","missing_sensitive_source","LEGAL_REVIEW","Fact checker + legal reviewer","quarantined","content/knowledge-base/_index/content.json","getPublicationIssues(entry)","publication-quality.test.ts + public-link-contract.test.ts"
"parapente-en-cerro-san-javier:not_publication_ready","P1","attraction","/baza-znaniy/parapente-en-cerro-san-javier","not_publication_ready","publication gate rejected entry","all publication checks pass","entry remains outside sitemap, search and public KB channels","not_publication_ready","DEEP_REWRITE","Content editor","quarantined","content/knowledge-base/_index/content.json","getPublicationIssues(entry)","publication-quality.test.ts + public-link-contract.test.ts"
"parapente-en-cerro-san-javier:non_russian_title","P1","attraction","/baza-znaniy/parapente-en-cerro-san-javier","non_russian_title","publication gate rejected entry","all publication checks pass","entry remains outside sitemap, search and public KB channels","non_russian_title","DEEP_REWRITE","Content editor","quarantined","content/knowledge-base/_index/content.json","getPublicationIssues(entry)","publication-quality.test.ts + public-link-contract.test.ts"
"parapente-en-cerro-san-javier:non_russian_summary","P1","attraction","/baza-znaniy/parapente-en-cerro-san-javier","non_russian_summary","publication gate rejected entry","all publication checks pass","entry remains outside sitemap, search and public KB channels","non_russian_summary","DEEP_REWRITE","Content editor","quarantined","content/knowledge-base/_index/content.json","getPublicationIssues(entry)","publication-quality.test.ts + public-link-contract.test.ts"
"parque-aereo-de-san-jose:not_publication_ready","P1","attraction","/baza-znaniy/parque-aereo-de-san-jose","not_publication_ready","publication gate rejected entry","all publication checks pass","entry remains outside sitemap, search and public KB channels","not_publication_ready","DEEP_REWRITE","Content editor","quarantined","content/knowledge-base/_index/content.json","getPublicationIssues(entry)","publication-quality.test.ts + public-link-contract.test.ts"
"parque-aereo-de-san-jose:non_russian_title","P1","attraction","/baza-znaniy/parque-aereo-de-san-jose","non_russian_title","publication gate rejected entry","all publication checks pass","entry remains outside sitemap, search and public KB channels","non_russian_title","DEEP_REWRITE","Content editor","quarantined","content/knowledge-base/_index/content.json","getPublicationIssues(entry)","publication-quality.test.ts + public-link-contract.test.ts"
"parque-aereo-de-san-jose:non_russian_summary","P1","attraction","/baza-znaniy/parque-aereo-de-san-jose","non_russian_summary","publication gate rejected entry","all publication checks pass","entry remains outside sitemap, search and public KB channels","non_russian_summary","DEEP_REWRITE","Content editor","quarantined","content/knowledge-base/_index/content.json","getPublicationIssues(entry)","publication-quality.test.ts + public-link-contract.test.ts"
"parque-general-san-martin:not_publication_ready","P1","attraction","/baza-znaniy/parque-general-san-martin","not_publication_ready","publication gate rejected entry","all publication checks pass","entry remains outside sitemap, search and public KB channels","not_publication_ready","DEEP_REWRITE","Content editor","quarantined","content/knowledge-base/_index/content.json","getPublicationIssues(entry)","publication-quality.test.ts + public-link-contract.test.ts"
"parque-general-san-martin:non_russian_title","P1","attraction","/baza-znaniy/parque-general-san-martin","non_russian_title","publication gate rejected entry","all publication checks pass","entry remains outside sitemap, search and public KB channels","non_russian_title","DEEP_REWRITE","Content editor","quarantined","content/knowledge-base/_index/content.json","getPublicationIssues(entry)","publication-quality.test.ts + public-link-contract.test.ts"
"parque-general-san-martin:non_russian_summary","P1","attraction","/baza-znaniy/parque-general-san-martin","non_russian_summary","publication gate rejected entry","all publication checks pass","entry remains outside sitemap, search and public KB channels","non_russian_summary","DEEP_REWRITE","Content editor","quarantined","content/knowledge-base/_index/content.json","getPublicationIssues(entry)","publication-quality.test.ts + public-link-contract.test.ts"
"parque-marino-costero-patagonia-austral:not_publication_ready","P1","attraction","/baza-znaniy/parque-marino-costero-patagonia-austral","not_publication_ready","publication gate rejected entry","all publication checks pass","entry remains outside sitemap, search and public KB channels","not_publication_ready","DEEP_REWRITE","Content editor","quarantined","content/knowledge-base/_index/content.json","getPublicationIssues(entry)","publication-quality.test.ts + public-link-contract.test.ts"
"parque-marino-costero-patagonia-austral:non_russian_summary","P1","attraction","/baza-znaniy/parque-marino-costero-patagonia-austral","non_russian_summary","publication gate rejected entry","all publication checks pass","entry remains outside sitemap, search and public KB channels","non_russian_summary","DEEP_REWRITE","Content editor","quarantined","content/knowledge-base/_index/content.json","getPublicationIssues(entry)","publication-quality.test.ts + public-link-contract.test.ts"
"parque-marino-isla-pinguino:not_publication_ready","P1","attraction","/baza-znaniy/parque-marino-isla-pinguino","not_publication_ready","publication gate rejected entry","all publication checks pass","entry remains outside sitemap, search and public KB channels","not_publication_ready","DEEP_REWRITE","Content editor","quarantined","content/knowledge-base/_index/content.json","getPublicationIssues(entry)","publication-quality.test.ts + public-link-contract.test.ts"
"parque-marino-isla-pinguino:non_russian_title","P1","attraction","/baza-znaniy/parque-marino-isla-pinguino","non_russian_title","publication gate rejected entry","all publication checks pass","entry remains outside sitemap, search and public KB channels","non_russian_title","DEEP_REWRITE","Content editor","quarantined","content/knowledge-base/_index/content.json","getPublicationIssues(entry)","publication-quality.test.ts + public-link-contract.test.ts"
"parque-marino-isla-pinguino:non_russian_summary","P1","attraction","/baza-znaniy/parque-marino-isla-pinguino","non_russian_summary","publication gate rejected entry","all publication checks pass","entry remains outside sitemap, search and public KB channels","non_russian_summary","DEEP_REWRITE","Content editor","quarantined","content/knowledge-base/_index/content.json","getPublicationIssues(entry)","publication-quality.test.ts + public-link-contract.test.ts"
"parque-marino-makenke:not_publication_ready","P1","attraction","/baza-znaniy/parque-marino-makenke","not_publication_ready","publication gate rejected entry","all publication checks pass","entry remains outside sitemap, search and public KB channels","not_publication_ready","DEEP_REWRITE","Content editor","quarantined","content/knowledge-base/_index/content.json","getPublicationIssues(entry)","publication-quality.test.ts + public-link-contract.test.ts"
"parque-marino-makenke:non_russian_title","P1","attraction","/baza-znaniy/parque-marino-makenke","non_russian_title","publication gate rejected entry","all publication checks pass","entry remains outside sitemap, search and public KB channels","non_russian_title","DEEP_REWRITE","Content editor","quarantined","content/knowledge-base/_index/content.json","getPublicationIssues(entry)","publication-quality.test.ts + public-link-contract.test.ts"
"parque-marino-makenke:non_russian_summary","P1","attraction","/baza-znaniy/parque-marino-makenke","non_russian_summary","publication gate rejected entry","all publication checks pass","entry remains outside sitemap, search and public KB channels","non_russian_summary","DEEP_REWRITE","Content editor","quarantined","content/knowledge-base/_index/content.json","getPublicationIssues(entry)","publication-quality.test.ts + public-link-contract.test.ts"
"parque-nacional-aconquija:not_publication_ready","P1","national_park","/baza-znaniy/parque-nacional-aconquija","not_publication_ready","publication gate rejected entry","all publication checks pass","entry remains outside sitemap, search and public KB channels","not_publication_ready","HUMAN_REVIEW","Content editor","quarantined","content/knowledge-base/_index/content.json","getPublicationIssues(entry)","publication-quality.test.ts + public-link-contract.test.ts"
"parque-nacional-baritu:not_publication_ready","P1","national_park","/baza-znaniy/parque-nacional-baritu","not_publication_ready","publication gate rejected entry","all publication checks pass","entry remains outside sitemap, search and public KB channels","not_publication_ready","DEEP_REWRITE","Content editor","quarantined","content/knowledge-base/_index/content.json","getPublicationIssues(entry)","publication-quality.test.ts + public-link-contract.test.ts"
"parque-nacional-baritu:mixed_script_word","P1","national_park","/baza-znaniy/parque-nacional-baritu","mixed_script_word","publication gate rejected entry","all publication checks pass","entry remains outside sitemap, search and public KB channels","mixed_script_word","DEEP_REWRITE","Content editor","quarantined","content/knowledge-base/_index/content.json","getPublicationIssues(entry)","publication-quality.test.ts + public-link-contract.test.ts"
"parque-nacional-calilegua:not_publication_ready","P1","national_park","/baza-znaniy/parque-nacional-calilegua","not_publication_ready","publication gate rejected entry","all publication checks pass","entry remains outside sitemap, search and public KB channels","not_publication_ready","HUMAN_REVIEW","Content editor","quarantined","content/knowledge-base/_index/content.json","getPublicationIssues(entry)","publication-quality.test.ts + public-link-contract.test.ts"
"parque-nacional-campos-del-tuyu:not_publication_ready","P1","national_park","/baza-znaniy/parque-nacional-campos-del-tuyu","not_publication_ready","publication gate rejected entry","all publication checks pass","entry remains outside sitemap, search and public KB channels","not_publication_ready","HUMAN_REVIEW","Content editor","quarantined","content/knowledge-base/_index/content.json","getPublicationIssues(entry)","publication-quality.test.ts + public-link-contract.test.ts"
"parque-nacional-ciervo-de-los-pantanos:not_publication_ready","P1","national_park","/baza-znaniy/parque-nacional-ciervo-de-los-pantanos","not_publication_ready","publication gate rejected entry","all publication checks pass","entry remains outside sitemap, search and public KB channels","not_publication_ready","HUMAN_REVIEW","Content editor","quarantined","content/knowledge-base/_index/content.json","getPublicationIssues(entry)","publication-quality.test.ts + public-link-contract.test.ts"
"parque-nacional-copo:not_publication_ready","P1","national_park","/baza-znaniy/parque-nacional-copo","not_publication_ready","publication gate rejected entry","all publication checks pass","entry remains outside sitemap, search and public KB channels","not_publication_ready","HUMAN_REVIEW","Content editor","quarantined","content/knowledge-base/_index/content.json","getPublicationIssues(entry)","publication-quality.test.ts + public-link-contract.test.ts"
"parque-nacional-el-rey:not_publication_ready","P1","national_park","/baza-znaniy/parque-nacional-el-rey","not_publication_ready","publication gate rejected entry","all publication checks pass","entry remains outside sitemap, search and public KB channels","not_publication_ready","HUMAN_REVIEW","Content editor","quarantined","content/knowledge-base/_index/content.json","getPublicationIssues(entry)","publication-quality.test.ts + public-link-contract.test.ts"
"parque-nacional-iguazu-patrimonio-de-la-humanidad:not_publication_ready","P1","national_park","/baza-znaniy/parque-nacional-iguazu-patrimonio-de-la-humanidad","not_publication_ready","publication gate rejected entry","all publication checks pass","entry remains outside sitemap, search and public KB channels","not_publication_ready","DEEP_REWRITE","Content editor","quarantined","content/knowledge-base/_index/content.json","getPublicationIssues(entry)","publication-quality.test.ts + public-link-contract.test.ts"
"parque-nacional-iguazu-patrimonio-de-la-humanidad:non_russian_summary","P1","national_park","/baza-znaniy/parque-nacional-iguazu-patrimonio-de-la-humanidad","non_russian_summary","publication gate rejected entry","all publication checks pass","entry remains outside sitemap, search and public KB channels","non_russian_summary","DEEP_REWRITE","Content editor","quarantined","content/knowledge-base/_index/content.json","getPublicationIssues(entry)","publication-quality.test.ts + public-link-contract.test.ts"
"parque-nacional-lago-puelo:not_publication_ready","P1","national_park","/baza-znaniy/parque-nacional-lago-puelo","not_publication_ready","publication gate rejected entry","all publication checks pass","entry remains outside sitemap, search and public KB channels","not_publication_ready","HUMAN_REVIEW","Content editor","quarantined","content/knowledge-base/_index/content.json","getPublicationIssues(entry)","publication-quality.test.ts + public-link-contract.test.ts"
"parque-nacional-los-arrayanes:not_publication_ready","P1","national_park","/baza-znaniy/parque-nacional-los-arrayanes","not_publication_ready","publication gate rejected entry","all publication checks pass","entry remains outside sitemap, search and public KB channels","not_publication_ready","HUMAN_REVIEW","Content editor","quarantined","content/knowledge-base/_index/content.json","getPublicationIssues(entry)","publication-quality.test.ts + public-link-contract.test.ts"
"parque-nacional-los-cardones:not_publication_ready","P1","national_park","/baza-znaniy/parque-nacional-los-cardones","not_publication_ready","publication gate rejected entry","all publication checks pass","entry remains outside sitemap, search and public KB channels","not_publication_ready","HUMAN_REVIEW","Content editor","quarantined","content/knowledge-base/_index/content.json","getPublicationIssues(entry)","publication-quality.test.ts + public-link-contract.test.ts"
"parque-nacional-los-glaciares-patrimonio-de-la-humanidad:not_publication_ready","P1","national_park","/baza-znaniy/parque-nacional-los-glaciares-patrimonio-de-la-humanidad","not_publication_ready","publication gate rejected entry","all publication checks pass","entry remains outside sitemap, search and public KB channels","not_publication_ready","DEEP_REWRITE","Content editor","quarantined","content/knowledge-base/_index/content.json","getPublicationIssues(entry)","publication-quality.test.ts + public-link-contract.test.ts"
"parque-nacional-los-glaciares-patrimonio-de-la-humanidad:non_russian_summary","P1","national_park","/baza-znaniy/parque-nacional-los-glaciares-patrimonio-de-la-humanidad","non_russian_summary","publication gate rejected entry","all publication checks pass","entry remains outside sitemap, search and public KB channels","non_russian_summary","DEEP_REWRITE","Content editor","quarantined","content/knowledge-base/_index/content.json","getPublicationIssues(entry)","publication-quality.test.ts + public-link-contract.test.ts"
"parque-nacional-perito-moreno:not_publication_ready","P1","national_park","/baza-znaniy/parque-nacional-perito-moreno","not_publication_ready","publication gate rejected entry","all publication checks pass","entry remains outside sitemap, search and public KB channels","not_publication_ready","HUMAN_REVIEW","Content editor","quarantined","content/knowledge-base/_index/content.json","getPublicationIssues(entry)","publication-quality.test.ts + public-link-contract.test.ts"
"parque-nacional-pre-delta:not_publication_ready","P1","national_park","/baza-znaniy/parque-nacional-pre-delta","not_publication_ready","publication gate rejected entry","all publication checks pass","entry remains outside sitemap, search and public KB channels","not_publication_ready","HUMAN_REVIEW","Content editor","quarantined","content/knowledge-base/_index/content.json","getPublicationIssues(entry)","publication-quality.test.ts + public-link-contract.test.ts"
"parque-natural-valle-fertil:not_publication_ready","P1","attraction","/baza-znaniy/parque-natural-valle-fertil","not_publication_ready","publication gate rejected entry","all publication checks pass","entry remains outside sitemap, search and public KB channels","not_publication_ready","DEEP_REWRITE","Content editor","quarantined","content/knowledge-base/_index/content.json","getPublicationIssues(entry)","publication-quality.test.ts + public-link-contract.test.ts"
"parque-natural-valle-fertil:non_russian_title","P1","attraction","/baza-znaniy/parque-natural-valle-fertil","non_russian_title","publication gate rejected entry","all publication checks pass","entry remains outside sitemap, search and public KB channels","non_russian_title","DEEP_REWRITE","Content editor","quarantined","content/knowledge-base/_index/content.json","getPublicationIssues(entry)","publication-quality.test.ts + public-link-contract.test.ts"
"parque-natural-valle-fertil:non_russian_summary","P1","attraction","/baza-znaniy/parque-natural-valle-fertil","non_russian_summary","publication gate rejected entry","all publication checks pass","entry remains outside sitemap, search and public KB channels","non_russian_summary","DEEP_REWRITE","Content editor","quarantined","content/knowledge-base/_index/content.json","getPublicationIssues(entry)","publication-quality.test.ts + public-link-contract.test.ts"
"parque-provincial-cordon-del-plata:thin_content","P1","national_park","/baza-znaniy/parque-provincial-cordon-del-plata","thin_content","publication gate rejected entry","all publication checks pass","entry remains outside sitemap, search and public KB channels","thin_content","EXPAND","Content editor","quarantined","content/knowledge-base/_index/content.json","getPublicationIssues(entry)","publication-quality.test.ts + public-link-contract.test.ts"
"parques-de-parana:not_publication_ready","P1","attraction","/baza-znaniy/parques-de-parana","not_publication_ready","publication gate rejected entry","all publication checks pass","entry remains outside sitemap, search and public KB channels","not_publication_ready","DEEP_REWRITE","Content editor","quarantined","content/knowledge-base/_index/content.json","getPublicationIssues(entry)","publication-quality.test.ts + public-link-contract.test.ts"
"parques-de-parana:non_russian_title","P1","attraction","/baza-znaniy/parques-de-parana","non_russian_title","publication gate rejected entry","all publication checks pass","entry remains outside sitemap, search and public KB channels","non_russian_title","DEEP_REWRITE","Content editor","quarantined","content/knowledge-base/_index/content.json","getPublicationIssues(entry)","publication-quality.test.ts + public-link-contract.test.ts"
"parques-de-parana:non_russian_summary","P1","attraction","/baza-znaniy/parques-de-parana","non_russian_summary","publication gate rejected entry","all publication checks pass","entry remains outside sitemap, search and public KB channels","non_russian_summary","DEEP_REWRITE","Content editor","quarantined","content/knowledge-base/_index/content.json","getPublicationIssues(entry)","publication-quality.test.ts + public-link-contract.test.ts"
"parques-naturales-ischigualasto-y-talampaya-patrimonios-de-la-humanidad:not_publication_ready","P1","attraction","/baza-znaniy/parques-naturales-ischigualasto-y-talampaya-patrimonios-de-la-humanidad","not_publication_ready","publication gate rejected entry","all publication checks pass","entry remains outside sitemap, search and public KB channels","not_publication_ready","DEEP_REWRITE","Content editor","quarantined","content/knowledge-base/_index/content.json","getPublicationIssues(entry)","publication-quality.test.ts + public-link-contract.test.ts"
"parques-naturales-ischigualasto-y-talampaya-patrimonios-de-la-humanidad:non_russian_title","P1","attraction","/baza-znaniy/parques-naturales-ischigualasto-y-talampaya-patrimonios-de-la-humanidad","non_russian_title","publication gate rejected entry","all publication checks pass","entry remains outside sitemap, search and public KB channels","non_russian_title","DEEP_REWRITE","Content editor","quarantined","content/knowledge-base/_index/content.json","getPublicationIssues(entry)","publication-quality.test.ts + public-link-contract.test.ts"
"parques-naturales-ischigualasto-y-talampaya-patrimonios-de-la-humanidad:non_russian_summary","P1","attraction","/baza-znaniy/parques-naturales-ischigualasto-y-talampaya-patrimonios-de-la-humanidad","non_russian_summary","publication gate rejected entry","all publication checks pass","entry remains outside sitemap, search and public KB channels","non_russian_summary","DEEP_REWRITE","Content editor","quarantined","content/knowledge-base/_index/content.json","getPublicationIssues(entry)","publication-quality.test.ts + public-link-contract.test.ts"
"paseos-acuaticos-en-herradura:not_publication_ready","P1","attraction","/baza-znaniy/paseos-acuaticos-en-herradura","not_publication_ready","publication gate rejected entry","all publication checks pass","entry remains outside sitemap, search and public KB channels","not_publication_ready","DEEP_REWRITE","Content editor","quarantined","content/knowledge-base/_index/content.json","getPublicationIssues(entry)","publication-quality.test.ts + public-link-contract.test.ts"
"paseos-acuaticos-en-herradura:non_russian_title","P1","attraction","/baza-znaniy/paseos-acuaticos-en-herradura","non_russian_title","publication gate rejected entry","all publication checks pass","entry remains outside sitemap, search and public KB channels","non_russian_title","DEEP_REWRITE","Content editor","quarantined","content/knowledge-base/_index/content.json","getPublicationIssues(entry)","publication-quality.test.ts + public-link-contract.test.ts"
"paseos-acuaticos-en-herradura:non_russian_summary","P1","attraction","/baza-znaniy/paseos-acuaticos-en-herradura","non_russian_summary","publication gate rejected entry","all publication checks pass","entry remains outside sitemap, search and public KB channels","non_russian_summary","DEEP_REWRITE","Content editor","quarantined","content/knowledge-base/_index/content.json","getPublicationIssues(entry)","publication-quality.test.ts + public-link-contract.test.ts"
"paseos-aereos-en-ushuaia:not_publication_ready","P1","attraction","/baza-znaniy/paseos-aereos-en-ushuaia","not_publication_ready","publication gate rejected entry","all publication checks pass","entry remains outside sitemap, search and public KB channels","not_publication_ready","DEEP_REWRITE","Content editor","quarantined","content/knowledge-base/_index/content.json","getPublicationIssues(entry)","publication-quality.test.ts + public-link-contract.test.ts"
"paseos-aereos-en-ushuaia:non_russian_summary","P1","attraction","/baza-znaniy/paseos-aereos-en-ushuaia","non_russian_summary","publication gate rejected entry","all publication checks pass","entry remains outside sitemap, search and public KB channels","non_russian_summary","DEEP_REWRITE","Content editor","quarantined","content/knowledge-base/_index/content.json","getPublicationIssues(entry)","publication-quality.test.ts + public-link-contract.test.ts"
"paso-de-la-patria:not_publication_ready","P1","attraction","/baza-znaniy/paso-de-la-patria","not_publication_ready","publication gate rejected entry","all publication checks pass","entry remains outside sitemap, search and public KB channels","not_publication_ready","DEEP_REWRITE","Content editor","quarantined","content/knowledge-base/_index/content.json","getPublicationIssues(entry)","publication-quality.test.ts + public-link-contract.test.ts"
"paso-de-la-patria:non_russian_title","P1","attraction","/baza-znaniy/paso-de-la-patria","non_russian_title","publication gate rejected entry","all publication checks pass","entry remains outside sitemap, search and public KB channels","non_russian_title","DEEP_REWRITE","Content editor","quarantined","content/knowledge-base/_index/content.json","getPublicationIssues(entry)","publication-quality.test.ts + public-link-contract.test.ts"
"paso-de-la-patria:non_russian_summary","P1","attraction","/baza-znaniy/paso-de-la-patria","non_russian_summary","publication gate rejected entry","all publication checks pass","entry remains outside sitemap, search and public KB channels","non_russian_summary","DEEP_REWRITE","Content editor","quarantined","content/knowledge-base/_index/content.json","getPublicationIssues(entry)","publication-quality.test.ts + public-link-contract.test.ts"
"pasos-del-papa-francisco:not_publication_ready","P1","attraction","/baza-znaniy/pasos-del-papa-francisco","not_publication_ready","publication gate rejected entry","all publication checks pass","entry remains outside sitemap, search and public KB channels","not_publication_ready","DEEP_REWRITE","Content editor","quarantined","content/knowledge-base/_index/content.json","getPublicationIssues(entry)","publication-quality.test.ts + public-link-contract.test.ts"
"pasos-del-papa-francisco:non_russian_title","P1","attraction","/baza-znaniy/pasos-del-papa-francisco","non_russian_title","publication gate rejected entry","all publication checks pass","entry remains outside sitemap, search and public KB channels","non_russian_title","DEEP_REWRITE","Content editor","quarantined","content/knowledge-base/_index/content.json","getPublicationIssues(entry)","publication-quality.test.ts + public-link-contract.test.ts"
"pasos-del-papa-francisco:non_russian_summary","P1","attraction","/baza-znaniy/pasos-del-papa-francisco","non_russian_summary","publication gate rejected entry","all publication checks pass","entry remains outside sitemap, search and public KB channels","non_russian_summary","DEEP_REWRITE","Content editor","quarantined","content/knowledge-base/_index/content.json","getPublicationIssues(entry)","publication-quality.test.ts + public-link-contract.test.ts"
"patagonia-de-los-lagos:not_publication_ready","P1","attraction","/baza-znaniy/patagonia-de-los-lagos","not_publication_ready","publication gate rejected entry","all publication checks pass","entry remains outside sitemap, search and public KB channels","not_publication_ready","DEEP_REWRITE","Content editor","quarantined","content/knowledge-base/_index/content.json","getPublicationIssues(entry)","publication-quality.test.ts + public-link-contract.test.ts"
"patagonia-de-los-lagos:non_russian_summary","P1","attraction","/baza-znaniy/patagonia-de-los-lagos","non_russian_summary","publication gate rejected entry","all publication checks pass","entry remains outside sitemap, search and public KB channels","non_russian_summary","DEEP_REWRITE","Content editor","quarantined","content/knowledge-base/_index/content.json","getPublicationIssues(entry)","publication-quality.test.ts + public-link-contract.test.ts"
"patinaje-en-bahia-redonda:not_publication_ready","P1","attraction","/baza-znaniy/patinaje-en-bahia-redonda","not_publication_ready","publication gate rejected entry","all publication checks pass","entry remains outside sitemap, search and public KB channels","not_publication_ready","DEEP_REWRITE","Content editor","quarantined","content/knowledge-base/_index/content.json","getPublicationIssues(entry)","publication-quality.test.ts + public-link-contract.test.ts"
"patinaje-en-bahia-redonda:non_russian_title","P1","attraction","/baza-znaniy/patinaje-en-bahia-redonda","non_russian_title","publication gate rejected entry","all publication checks pass","entry remains outside sitemap, search and public KB channels","non_russian_title","DEEP_REWRITE","Content editor","quarantined","content/knowledge-base/_index/content.json","getPublicationIssues(entry)","publication-quality.test.ts + public-link-contract.test.ts"
"patinaje-en-bahia-redonda:non_russian_summary","P1","attraction","/baza-znaniy/patinaje-en-bahia-redonda","non_russian_summary","publication gate rejected entry","all publication checks pass","entry remains outside sitemap, search and public KB channels","non_russian_summary","DEEP_REWRITE","Content editor","quarantined","content/knowledge-base/_index/content.json","getPublicationIssues(entry)","publication-quality.test.ts + public-link-contract.test.ts"
"penas-folkloricas-en-salta:not_publication_ready","P1","attraction","/baza-znaniy/penas-folkloricas-en-salta","not_publication_ready","publication gate rejected entry","all publication checks pass","entry remains outside sitemap, search and public KB channels","not_publication_ready","DEEP_REWRITE","Content editor","quarantined","content/knowledge-base/_index/content.json","getPublicationIssues(entry)","publication-quality.test.ts + public-link-contract.test.ts"
"penas-folkloricas-en-salta:non_russian_title","P1","attraction","/baza-znaniy/penas-folkloricas-en-salta","non_russian_title","publication gate rejected entry","all publication checks pass","entry remains outside sitemap, search and public KB channels","non_russian_title","DEEP_REWRITE","Content editor","quarantined","content/knowledge-base/_index/content.json","getPublicationIssues(entry)","publication-quality.test.ts + public-link-contract.test.ts"
"penas-folkloricas-en-salta:non_russian_summary","P1","attraction","/baza-znaniy/penas-folkloricas-en-salta","non_russian_summary","publication gate rejected entry","all publication checks pass","entry remains outside sitemap, search and public KB channels","non_russian_summary","DEEP_REWRITE","Content editor","quarantined","content/knowledge-base/_index/content.json","getPublicationIssues(entry)","publication-quality.test.ts + public-link-contract.test.ts"
"peninsula-valdes-sitio-patrimonio-mundial-de-la-unesco:not_publication_ready","P1","attraction","/baza-znaniy/peninsula-valdes-sitio-patrimonio-mundial-de-la-unesco","not_publication_ready","publication gate rejected entry","all publication checks pass","entry remains outside sitemap, search and public KB channels","not_publication_ready","DEEP_REWRITE","Content editor","quarantined","content/knowledge-base/_index/content.json","getPublicationIssues(entry)","publication-quality.test.ts + public-link-contract.test.ts"
"peninsula-valdes-sitio-patrimonio-mundial-de-la-unesco:non_russian_title","P1","attraction","/baza-znaniy/peninsula-valdes-sitio-patrimonio-mundial-de-la-unesco","non_russian_title","publication gate rejected entry","all publication checks pass","entry remains outside sitemap, search and public KB channels","non_russian_title","DEEP_REWRITE","Content editor","quarantined","content/knowledge-base/_index/content.json","getPublicationIssues(entry)","publication-quality.test.ts + public-link-contract.test.ts"
"peninsula-valdes-sitio-patrimonio-mundial-de-la-unesco:non_russian_summary","P1","attraction","/baza-znaniy/peninsula-valdes-sitio-patrimonio-mundial-de-la-unesco","non_russian_summary","publication gate rejected entry","all publication checks pass","entry remains outside sitemap, search and public KB channels","non_russian_summary","DEEP_REWRITE","Content editor","quarantined","content/knowledge-base/_index/content.json","getPublicationIssues(entry)","publication-quality.test.ts + public-link-contract.test.ts"
"pesca-con-devolucion-en-entre-rios:not_publication_ready","P1","attraction","/baza-znaniy/pesca-con-devolucion-en-entre-rios","not_publication_ready","publication gate rejected entry","all publication checks pass","entry remains outside sitemap, search and public KB channels","not_publication_ready","DEEP_REWRITE","Content editor","quarantined","content/knowledge-base/_index/content.json","getPublicationIssues(entry)","publication-quality.test.ts + public-link-contract.test.ts"
"pesca-con-devolucion-en-entre-rios:non_russian_title","P1","attraction","/baza-znaniy/pesca-con-devolucion-en-entre-rios","non_russian_title","publication gate rejected entry","all publication checks pass","entry remains outside sitemap, search and public KB channels","non_russian_title","DEEP_REWRITE","Content editor","quarantined","content/knowledge-base/_index/content.json","getPublicationIssues(entry)","publication-quality.test.ts + public-link-contract.test.ts"
"pesca-con-devolucion-en-entre-rios:non_russian_summary","P1","attraction","/baza-znaniy/pesca-con-devolucion-en-entre-rios","non_russian_summary","publication gate rejected entry","all publication checks pass","entry remains outside sitemap, search and public KB channels","non_russian_summary","DEEP_REWRITE","Content editor","quarantined","content/knowledge-base/_index/content.json","getPublicationIssues(entry)","publication-quality.test.ts + public-link-contract.test.ts"
"pesca-con-devolucion-en-formosa:not_publication_ready","P1","attraction","/baza-znaniy/pesca-con-devolucion-en-formosa","not_publication_ready","publication gate rejected entry","all publication checks pass","entry remains outside sitemap, search and public KB channels","not_publication_ready","DEEP_REWRITE","Content editor","quarantined","content/knowledge-base/_index/content.json","getPublicationIssues(entry)","publication-quality.test.ts + public-link-contract.test.ts"
"pesca-con-devolucion-en-formosa:non_russian_title","P1","attraction","/baza-znaniy/pesca-con-devolucion-en-formosa","non_russian_title","publication gate rejected entry","all publication checks pass","entry remains outside sitemap, search and public KB channels","non_russian_title","DEEP_REWRITE","Content editor","quarantined","content/knowledge-base/_index/content.json","getPublicationIssues(entry)","publication-quality.test.ts + public-link-contract.test.ts"
"pesca-con-devolucion-en-formosa:non_russian_summary","P1","attraction","/baza-znaniy/pesca-con-devolucion-en-formosa","non_russian_summary","publication gate rejected entry","all publication checks pass","entry remains outside sitemap, search and public KB channels","non_russian_summary","DEEP_REWRITE","Content editor","quarantined","content/knowledge-base/_index/content.json","getPublicationIssues(entry)","publication-quality.test.ts + public-link-contract.test.ts"
"pesca-deportiva-en-entre-rios:not_publication_ready","P1","attraction","/baza-znaniy/pesca-deportiva-en-entre-rios","not_publication_ready","publication gate rejected entry","all publication checks pass","entry remains outside sitemap, search and public KB channels","not_publication_ready","DEEP_REWRITE","Content editor","quarantined","content/knowledge-base/_index/content.json","getPublicationIssues(entry)","publication-quality.test.ts + public-link-contract.test.ts"
"pesca-deportiva-en-entre-rios:non_russian_title","P1","attraction","/baza-znaniy/pesca-deportiva-en-entre-rios","non_russian_title","publication gate rejected entry","all publication checks pass","entry remains outside sitemap, search and public KB channels","non_russian_title","DEEP_REWRITE","Content editor","quarantined","content/knowledge-base/_index/content.json","getPublicationIssues(entry)","publication-quality.test.ts + public-link-contract.test.ts"
"pesca-deportiva-en-entre-rios:non_russian_summary","P1","attraction","/baza-znaniy/pesca-deportiva-en-entre-rios","non_russian_summary","publication gate rejected entry","all publication checks pass","entry remains outside sitemap, search and public KB channels","non_russian_summary","DEEP_REWRITE","Content editor","quarantined","content/knowledge-base/_index/content.json","getPublicationIssues(entry)","publication-quality.test.ts + public-link-contract.test.ts"
"pesca-deportiva-en-isla-del-cerrito:not_publication_ready","P1","attraction","/baza-znaniy/pesca-deportiva-en-isla-del-cerrito","not_publication_ready","publication gate rejected entry","all publication checks pass","entry remains outside sitemap, search and public KB channels","not_publication_ready","DEEP_REWRITE","Content editor","quarantined","content/knowledge-base/_index/content.json","getPublicationIssues(entry)","publication-quality.test.ts + public-link-contract.test.ts"
"pesca-deportiva-en-isla-del-cerrito:non_russian_title","P1","attraction","/baza-znaniy/pesca-deportiva-en-isla-del-cerrito","non_russian_title","publication gate rejected entry","all publication checks pass","entry remains outside sitemap, search and public KB channels","non_russian_title","DEEP_REWRITE","Content editor","quarantined","content/knowledge-base/_index/content.json","getPublicationIssues(entry)","publication-quality.test.ts + public-link-contract.test.ts"
"pesca-deportiva-en-isla-del-cerrito:non_russian_summary","P1","attraction","/baza-znaniy/pesca-deportiva-en-isla-del-cerrito","non_russian_summary","publication gate rejected entry","all publication checks pass","entry remains outside sitemap, search and public KB channels","non_russian_summary","DEEP_REWRITE","Content editor","quarantined","content/knowledge-base/_index/content.json","getPublicationIssues(entry)","publication-quality.test.ts + public-link-contract.test.ts"
"pesca-en-el-dique-cabra-corral:not_publication_ready","P1","attraction","/baza-znaniy/pesca-en-el-dique-cabra-corral","not_publication_ready","publication gate rejected entry","all publication checks pass","entry remains outside sitemap, search and public KB channels","not_publication_ready","DEEP_REWRITE","Content editor","quarantined","content/knowledge-base/_index/content.json","getPublicationIssues(entry)","publication-quality.test.ts + public-link-contract.test.ts"
"pesca-en-el-dique-cabra-corral:non_russian_title","P1","attraction","/baza-znaniy/pesca-en-el-dique-cabra-corral","non_russian_title","publication gate rejected entry","all publication checks pass","entry remains outside sitemap, search and public KB channels","non_russian_title","DEEP_REWRITE","Content editor","quarantined","content/knowledge-base/_index/content.json","getPublicationIssues(entry)","publication-quality.test.ts + public-link-contract.test.ts"
"pesca-en-el-dique-cabra-corral:non_russian_summary","P1","attraction","/baza-znaniy/pesca-en-el-dique-cabra-corral","non_russian_summary","publication gate rejected entry","all publication checks pass","entry remains outside sitemap, search and public KB channels","non_russian_summary","DEEP_REWRITE","Content editor","quarantined","content/knowledge-base/_index/content.json","getPublicationIssues(entry)","publication-quality.test.ts + public-link-contract.test.ts"
"pesca-en-neuquen:not_publication_ready","P1","attraction","/baza-znaniy/pesca-en-neuquen","not_publication_ready","publication gate rejected entry","all publication checks pass","entry remains outside sitemap, search and public KB channels","not_publication_ready","DEEP_REWRITE","Content editor","quarantined","content/knowledge-base/_index/content.json","getPublicationIssues(entry)","publication-quality.test.ts + public-link-contract.test.ts"
"pesca-en-neuquen:non_russian_title","P1","attraction","/baza-znaniy/pesca-en-neuquen","non_russian_title","publication gate rejected entry","all publication checks pass","entry remains outside sitemap, search and public KB channels","non_russian_title","DEEP_REWRITE","Content editor","quarantined","content/knowledge-base/_index/content.json","getPublicationIssues(entry)","publication-quality.test.ts + public-link-contract.test.ts"
"pesca-en-neuquen:non_russian_summary","P1","attraction","/baza-znaniy/pesca-en-neuquen","non_russian_summary","publication gate rejected entry","all publication checks pass","entry remains outside sitemap, search and public KB channels","non_russian_summary","DEEP_REWRITE","Content editor","quarantined","content/knowledge-base/_index/content.json","getPublicationIssues(entry)","publication-quality.test.ts + public-link-contract.test.ts"
"pesca-en-tierra-del-fuego:not_publication_ready","P1","attraction","/baza-znaniy/pesca-en-tierra-del-fuego","not_publication_ready","publication gate rejected entry","all publication checks pass","entry remains outside sitemap, search and public KB channels","not_publication_ready","DEEP_REWRITE","Content editor","quarantined","content/knowledge-base/_index/content.json","getPublicationIssues(entry)","publication-quality.test.ts + public-link-contract.test.ts"
"pesca-en-tierra-del-fuego:non_russian_summary","P1","attraction","/baza-znaniy/pesca-en-tierra-del-fuego","non_russian_summary","publication gate rejected entry","all publication checks pass","entry remains outside sitemap, search and public KB channels","non_russian_summary","DEEP_REWRITE","Content editor","quarantined","content/knowledge-base/_index/content.json","getPublicationIssues(entry)","publication-quality.test.ts + public-link-contract.test.ts"
"pico-truncado:not_publication_ready","P1","attraction","/baza-znaniy/pico-truncado","not_publication_ready","publication gate rejected entry","all publication checks pass","entry remains outside sitemap, search and public KB channels","not_publication_ready","DEEP_REWRITE","Content editor","quarantined","content/knowledge-base/_index/content.json","getPublicationIssues(entry)","publication-quality.test.ts + public-link-contract.test.ts"
"pico-truncado:non_russian_title","P1","attraction","/baza-znaniy/pico-truncado","non_russian_title","publication gate rejected entry","all publication checks pass","entry remains outside sitemap, search and public KB channels","non_russian_title","DEEP_REWRITE","Content editor","quarantined","content/knowledge-base/_index/content.json","getPublicationIssues(entry)","publication-quality.test.ts + public-link-contract.test.ts"
"pico-truncado:non_russian_summary","P1","attraction","/baza-znaniy/pico-truncado","non_russian_summary","publication gate rejected entry","all publication checks pass","entry remains outside sitemap, search and public KB channels","non_russian_summary","DEEP_REWRITE","Content editor","quarantined","content/knowledge-base/_index/content.json","getPublicationIssues(entry)","publication-quality.test.ts + public-link-contract.test.ts"
"piedra-parada:not_publication_ready","P1","attraction","/baza-znaniy/piedra-parada","not_publication_ready","publication gate rejected entry","all publication checks pass","entry remains outside sitemap, search and public KB channels","not_publication_ready","DEEP_REWRITE","Content editor","quarantined","content/knowledge-base/_index/content.json","getPublicationIssues(entry)","publication-quality.test.ts + public-link-contract.test.ts"
"piedra-parada:non_russian_title","P1","attraction","/baza-znaniy/piedra-parada","non_russian_title","publication gate rejected entry","all publication checks pass","entry remains outside sitemap, search and public KB channels","non_russian_title","DEEP_REWRITE","Content editor","quarantined","content/knowledge-base/_index/content.json","getPublicationIssues(entry)","publication-quality.test.ts + public-link-contract.test.ts"
"piedra-parada:non_russian_summary","P1","attraction","/baza-znaniy/piedra-parada","non_russian_summary","publication gate rejected entry","all publication checks pass","entry remains outside sitemap, search and public KB channels","non_russian_summary","DEEP_REWRITE","Content editor","quarantined","content/knowledge-base/_index/content.json","getPublicationIssues(entry)","publication-quality.test.ts + public-link-contract.test.ts"
"pinguinos-en-punta-tombo:not_publication_ready","P1","attraction","/baza-znaniy/pinguinos-en-punta-tombo","not_publication_ready","publication gate rejected entry","all publication checks pass","entry remains outside sitemap, search and public KB channels","not_publication_ready","DEEP_REWRITE","Content editor","quarantined","content/knowledge-base/_index/content.json","getPublicationIssues(entry)","publication-quality.test.ts + public-link-contract.test.ts"
"pinguinos-en-punta-tombo:non_russian_title","P1","attraction","/baza-znaniy/pinguinos-en-punta-tombo","non_russian_title","publication gate rejected entry","all publication checks pass","entry remains outside sitemap, search and public KB channels","non_russian_title","DEEP_REWRITE","Content editor","quarantined","content/knowledge-base/_index/content.json","getPublicationIssues(entry)","publication-quality.test.ts + public-link-contract.test.ts"
"pinguinos-en-punta-tombo:non_russian_summary","P1","attraction","/baza-znaniy/pinguinos-en-punta-tombo","non_russian_summary","publication gate rejected entry","all publication checks pass","entry remains outside sitemap, search and public KB channels","non_russian_summary","DEEP_REWRITE","Content editor","quarantined","content/knowledge-base/_index/content.json","getPublicationIssues(entry)","publication-quality.test.ts + public-link-contract.test.ts"
"playas-de-la-patagonia:not_publication_ready","P1","attraction","/baza-znaniy/playas-de-la-patagonia","not_publication_ready","publication gate rejected entry","all publication checks pass","entry remains outside sitemap, search and public KB channels","not_publication_ready","DEEP_REWRITE","Content editor","quarantined","content/knowledge-base/_index/content.json","getPublicationIssues(entry)","publication-quality.test.ts + public-link-contract.test.ts"
"playas-de-la-patagonia:non_russian_summary","P1","attraction","/baza-znaniy/playas-de-la-patagonia","non_russian_summary","publication gate rejected entry","all publication checks pass","entry remains outside sitemap, search and public KB channels","non_russian_summary","DEEP_REWRITE","Content editor","quarantined","content/knowledge-base/_index/content.json","getPublicationIssues(entry)","publication-quality.test.ts + public-link-contract.test.ts"
"posadas:not_publication_ready","P1","city","/baza-znaniy/posadas","not_publication_ready","publication gate rejected entry","all publication checks pass","entry remains outside sitemap, search and public KB channels","not_publication_ready","DEEP_REWRITE","Content editor","quarantined","content/knowledge-base/_index/content.json","getPublicationIssues(entry)","publication-quality.test.ts + public-link-contract.test.ts"
"posadas:non_russian_title","P1","city","/baza-znaniy/posadas","non_russian_title","publication gate rejected entry","all publication checks pass","entry remains outside sitemap, search and public KB channels","non_russian_title","DEEP_REWRITE","Content editor","quarantined","content/knowledge-base/_index/content.json","getPublicationIssues(entry)","publication-quality.test.ts + public-link-contract.test.ts"
"posadas:non_russian_summary","P1","city","/baza-znaniy/posadas","non_russian_summary","publication gate rejected entry","all publication checks pass","entry remains outside sitemap, search and public KB channels","non_russian_summary","DEEP_REWRITE","Content editor","quarantined","content/knowledge-base/_index/content.json","getPublicationIssues(entry)","publication-quality.test.ts + public-link-contract.test.ts"
"pueblos-de-la-provincia-de-buenos-aires:not_publication_ready","P1","attraction","/baza-znaniy/pueblos-de-la-provincia-de-buenos-aires","not_publication_ready","publication gate rejected entry","all publication checks pass","entry remains outside sitemap, search and public KB channels","not_publication_ready","EXPAND","Content editor","quarantined","content/knowledge-base/_index/content.json","getPublicationIssues(entry)","publication-quality.test.ts + public-link-contract.test.ts"
"pueblos-de-la-provincia-de-buenos-aires:thin_content","P1","attraction","/baza-znaniy/pueblos-de-la-provincia-de-buenos-aires","thin_content","publication gate rejected entry","all publication checks pass","entry remains outside sitemap, search and public KB channels","thin_content","EXPAND","Content editor","quarantined","content/knowledge-base/_index/content.json","getPublicationIssues(entry)","publication-quality.test.ts + public-link-contract.test.ts"
"pueblos-galeses-y-comunidades-originarias:thin_content","P1","attraction","/baza-znaniy/pueblos-galeses-y-comunidades-originarias","thin_content","publication gate rejected entry","all publication checks pass","entry remains outside sitemap, search and public KB channels","thin_content","EXPAND","Content editor","quarantined","content/knowledge-base/_index/content.json","getPublicationIssues(entry)","publication-quality.test.ts + public-link-contract.test.ts"
"pueblos-pintorescos-de-cordoba:not_publication_ready","P1","attraction","/baza-znaniy/pueblos-pintorescos-de-cordoba","not_publication_ready","publication gate rejected entry","all publication checks pass","entry remains outside sitemap, search and public KB channels","not_publication_ready","EXPAND","Content editor","quarantined","content/knowledge-base/_index/content.json","getPublicationIssues(entry)","publication-quality.test.ts + public-link-contract.test.ts"
"pueblos-pintorescos-de-cordoba:thin_content","P1","attraction","/baza-znaniy/pueblos-pintorescos-de-cordoba","thin_content","publication gate rejected entry","all publication checks pass","entry remains outside sitemap, search and public KB channels","thin_content","EXPAND","Content editor","quarantined","content/knowledge-base/_index/content.json","getPublicationIssues(entry)","publication-quality.test.ts + public-link-contract.test.ts"
"pueblos-rurales-en-santa-fe:not_publication_ready","P1","attraction","/baza-znaniy/pueblos-rurales-en-santa-fe","not_publication_ready","publication gate rejected entry","all publication checks pass","entry remains outside sitemap, search and public KB channels","not_publication_ready","EXPAND","Content editor","quarantined","content/knowledge-base/_index/content.json","getPublicationIssues(entry)","publication-quality.test.ts + public-link-contract.test.ts"
"pueblos-rurales-en-santa-fe:thin_content","P1","attraction","/baza-znaniy/pueblos-rurales-en-santa-fe","thin_content","publication gate rejected entry","all publication checks pass","entry remains outside sitemap, search and public KB channels","thin_content","EXPAND","Content editor","quarantined","content/knowledge-base/_index/content.json","getPublicationIssues(entry)","publication-quality.test.ts + public-link-contract.test.ts"
"puente-del-inca:not_publication_ready","P1","attraction","/baza-znaniy/puente-del-inca","not_publication_ready","publication gate rejected entry","all publication checks pass","entry remains outside sitemap, search and public KB channels","not_publication_ready","DEEP_REWRITE","Content editor","quarantined","content/knowledge-base/_index/content.json","getPublicationIssues(entry)","publication-quality.test.ts + public-link-contract.test.ts"
"puente-del-inca:non_russian_title","P1","attraction","/baza-znaniy/puente-del-inca","non_russian_title","publication gate rejected entry","all publication checks pass","entry remains outside sitemap, search and public KB channels","non_russian_title","DEEP_REWRITE","Content editor","quarantined","content/knowledge-base/_index/content.json","getPublicationIssues(entry)","publication-quality.test.ts + public-link-contract.test.ts"
"puente-del-inca:non_russian_summary","P1","attraction","/baza-znaniy/puente-del-inca","non_russian_summary","publication gate rejected entry","all publication checks pass","entry remains outside sitemap, search and public KB channels","non_russian_summary","DEEP_REWRITE","Content editor","quarantined","content/knowledge-base/_index/content.json","getPublicationIssues(entry)","publication-quality.test.ts + public-link-contract.test.ts"
"puente-rosario-victoria:thin_content","P1","attraction","/baza-znaniy/puente-rosario-victoria","thin_content","publication gate rejected entry","all publication checks pass","entry remains outside sitemap, search and public KB channels","thin_content","EXPAND","Content editor","quarantined","content/knowledge-base/_index/content.json","getPublicationIssues(entry)","publication-quality.test.ts + public-link-contract.test.ts"
"puerto-almanza:not_publication_ready","P1","attraction","/baza-znaniy/puerto-almanza","not_publication_ready","publication gate rejected entry","all publication checks pass","entry remains outside sitemap, search and public KB channels","not_publication_ready","EXPAND","Content editor","quarantined","content/knowledge-base/_index/content.json","getPublicationIssues(entry)","publication-quality.test.ts + public-link-contract.test.ts"
"puerto-almanza:thin_content","P1","attraction","/baza-znaniy/puerto-almanza","thin_content","publication gate rejected entry","all publication checks pass","entry remains outside sitemap, search and public KB channels","thin_content","EXPAND","Content editor","quarantined","content/knowledge-base/_index/content.json","getPublicationIssues(entry)","publication-quality.test.ts + public-link-contract.test.ts"
"puerto-deseado:not_publication_ready","P1","city","/baza-znaniy/puerto-deseado","not_publication_ready","publication gate rejected entry","all publication checks pass","entry remains outside sitemap, search and public KB channels","not_publication_ready","DEEP_REWRITE","Content editor","quarantined","content/knowledge-base/_index/content.json","getPublicationIssues(entry)","publication-quality.test.ts + public-link-contract.test.ts"
"puerto-deseado:non_russian_title","P1","city","/baza-znaniy/puerto-deseado","non_russian_title","publication gate rejected entry","all publication checks pass","entry remains outside sitemap, search and public KB channels","non_russian_title","DEEP_REWRITE","Content editor","quarantined","content/knowledge-base/_index/content.json","getPublicationIssues(entry)","publication-quality.test.ts + public-link-contract.test.ts"
"puerto-deseado:non_russian_summary","P1","city","/baza-znaniy/puerto-deseado","non_russian_summary","publication gate rejected entry","all publication checks pass","entry remains outside sitemap, search and public KB channels","non_russian_summary","DEEP_REWRITE","Content editor","quarantined","content/knowledge-base/_index/content.json","getPublicationIssues(entry)","publication-quality.test.ts + public-link-contract.test.ts"
"puerto-iguazu:not_publication_ready","P1","city","/baza-znaniy/puerto-iguazu","not_publication_ready","publication gate rejected entry","all publication checks pass","entry remains outside sitemap, search and public KB channels","not_publication_ready","DEEP_REWRITE","Content editor","quarantined","content/knowledge-base/_index/content.json","getPublicationIssues(entry)","publication-quality.test.ts + public-link-contract.test.ts"
"puerto-iguazu:non_russian_summary","P1","city","/baza-znaniy/puerto-iguazu","non_russian_summary","publication gate rejected entry","all publication checks pass","entry remains outside sitemap, search and public KB channels","non_russian_summary","DEEP_REWRITE","Content editor","quarantined","content/knowledge-base/_index/content.json","getPublicationIssues(entry)","publication-quality.test.ts + public-link-contract.test.ts"
"puerto-san-julian:not_publication_ready","P1","attraction","/baza-znaniy/puerto-san-julian","not_publication_ready","publication gate rejected entry","all publication checks pass","entry remains outside sitemap, search and public KB channels","not_publication_ready","EXPAND","Content editor","quarantined","content/knowledge-base/_index/content.json","getPublicationIssues(entry)","publication-quality.test.ts + public-link-contract.test.ts"
"puerto-san-julian:thin_content","P1","attraction","/baza-znaniy/puerto-san-julian","thin_content","publication gate rejected entry","all publication checks pass","entry remains outside sitemap, search and public KB channels","thin_content","EXPAND","Content editor","quarantined","content/knowledge-base/_index/content.json","getPublicationIssues(entry)","publication-quality.test.ts + public-link-contract.test.ts"
"purmamarca:not_publication_ready","P1","attraction","/baza-znaniy/purmamarca","not_publication_ready","publication gate rejected entry","all publication checks pass","entry remains outside sitemap, search and public KB channels","not_publication_ready","DEEP_REWRITE","Content editor","quarantined","content/knowledge-base/_index/content.json","getPublicationIssues(entry)","publication-quality.test.ts + public-link-contract.test.ts"
"purmamarca:non_russian_title","P1","attraction","/baza-znaniy/purmamarca","non_russian_title","publication gate rejected entry","all publication checks pass","entry remains outside sitemap, search and public KB channels","non_russian_title","DEEP_REWRITE","Content editor","quarantined","content/knowledge-base/_index/content.json","getPublicationIssues(entry)","publication-quality.test.ts + public-link-contract.test.ts"
"purmamarca:non_russian_summary","P1","attraction","/baza-znaniy/purmamarca","non_russian_summary","publication gate rejected entry","all publication checks pass","entry remains outside sitemap, search and public KB channels","non_russian_summary","DEEP_REWRITE","Content editor","quarantined","content/knowledge-base/_index/content.json","getPublicationIssues(entry)","publication-quality.test.ts + public-link-contract.test.ts"
"qhapaq-nan-el-shincal:not_publication_ready","P1","attraction","/baza-znaniy/qhapaq-nan-el-shincal","not_publication_ready","publication gate rejected entry","all publication checks pass","entry remains outside sitemap, search and public KB channels","not_publication_ready","DEEP_REWRITE","Content editor","quarantined","content/knowledge-base/_index/content.json","getPublicationIssues(entry)","publication-quality.test.ts + public-link-contract.test.ts"
"qhapaq-nan-el-shincal:non_russian_title","P1","attraction","/baza-znaniy/qhapaq-nan-el-shincal","non_russian_title","publication gate rejected entry","all publication checks pass","entry remains outside sitemap, search and public KB channels","non_russian_title","DEEP_REWRITE","Content editor","quarantined","content/knowledge-base/_index/content.json","getPublicationIssues(entry)","publication-quality.test.ts + public-link-contract.test.ts"
"qhapaq-nan-el-shincal:non_russian_summary","P1","attraction","/baza-znaniy/qhapaq-nan-el-shincal","non_russian_summary","publication gate rejected entry","all publication checks pass","entry remains outside sitemap, search and public KB channels","non_russian_summary","DEEP_REWRITE","Content editor","quarantined","content/knowledge-base/_index/content.json","getPublicationIssues(entry)","publication-quality.test.ts + public-link-contract.test.ts"
"quebrada-de-las-flechas:not_publication_ready","P1","attraction","/baza-znaniy/quebrada-de-las-flechas","not_publication_ready","publication gate rejected entry","all publication checks pass","entry remains outside sitemap, search and public KB channels","not_publication_ready","EXPAND","Content editor","quarantined","content/knowledge-base/_index/content.json","getPublicationIssues(entry)","publication-quality.test.ts + public-link-contract.test.ts"
"quebrada-de-las-flechas:thin_content","P1","attraction","/baza-znaniy/quebrada-de-las-flechas","thin_content","publication gate rejected entry","all publication checks pass","entry remains outside sitemap, search and public KB channels","thin_content","EXPAND","Content editor","quarantined","content/knowledge-base/_index/content.json","getPublicationIssues(entry)","publication-quality.test.ts + public-link-contract.test.ts"
"quitilipi:not_publication_ready","P1","attraction","/baza-znaniy/quitilipi","not_publication_ready","publication gate rejected entry","all publication checks pass","entry remains outside sitemap, search and public KB channels","not_publication_ready","DEEP_REWRITE","Content editor","quarantined","content/knowledge-base/_index/content.json","getPublicationIssues(entry)","publication-quality.test.ts + public-link-contract.test.ts"
"quitilipi:non_russian_title","P1","attraction","/baza-znaniy/quitilipi","non_russian_title","publication gate rejected entry","all publication checks pass","entry remains outside sitemap, search and public KB channels","non_russian_title","DEEP_REWRITE","Content editor","quarantined","content/knowledge-base/_index/content.json","getPublicationIssues(entry)","publication-quality.test.ts + public-link-contract.test.ts"
"quitilipi:non_russian_summary","P1","attraction","/baza-znaniy/quitilipi","non_russian_summary","publication gate rejected entry","all publication checks pass","entry remains outside sitemap, search and public KB channels","non_russian_summary","DEEP_REWRITE","Content editor","quarantined","content/knowledge-base/_index/content.json","getPublicationIssues(entry)","publication-quality.test.ts + public-link-contract.test.ts"
"rafaela:not_publication_ready","P1","attraction","/baza-znaniy/rafaela","not_publication_ready","publication gate rejected entry","all publication checks pass","entry remains outside sitemap, search and public KB channels","not_publication_ready","DEEP_REWRITE","Content editor","quarantined","content/knowledge-base/_index/content.json","getPublicationIssues(entry)","publication-quality.test.ts + public-link-contract.test.ts"
"rafaela:non_russian_title","P1","attraction","/baza-znaniy/rafaela","non_russian_title","publication gate rejected entry","all publication checks pass","entry remains outside sitemap, search and public KB channels","non_russian_title","DEEP_REWRITE","Content editor","quarantined","content/knowledge-base/_index/content.json","getPublicationIssues(entry)","publication-quality.test.ts + public-link-contract.test.ts"
"rafaela:non_russian_summary","P1","attraction","/baza-znaniy/rafaela","non_russian_summary","publication gate rejected entry","all publication checks pass","entry remains outside sitemap, search and public KB channels","non_russian_summary","DEEP_REWRITE","Content editor","quarantined","content/knowledge-base/_index/content.json","getPublicationIssues(entry)","publication-quality.test.ts + public-link-contract.test.ts"
"rafting-en-el-rio-chimehuin:not_publication_ready","P1","attraction","/baza-znaniy/rafting-en-el-rio-chimehuin","not_publication_ready","publication gate rejected entry","all publication checks pass","entry remains outside sitemap, search and public KB channels","not_publication_ready","DEEP_REWRITE","Content editor","quarantined","content/knowledge-base/_index/content.json","getPublicationIssues(entry)","publication-quality.test.ts + public-link-contract.test.ts"
"rafting-en-el-rio-chimehuin:non_russian_title","P1","attraction","/baza-znaniy/rafting-en-el-rio-chimehuin","non_russian_title","publication gate rejected entry","all publication checks pass","entry remains outside sitemap, search and public KB channels","non_russian_title","DEEP_REWRITE","Content editor","quarantined","content/knowledge-base/_index/content.json","getPublicationIssues(entry)","publication-quality.test.ts + public-link-contract.test.ts"
"rafting-en-el-rio-chimehuin:non_russian_summary","P1","attraction","/baza-znaniy/rafting-en-el-rio-chimehuin","non_russian_summary","publication gate rejected entry","all publication checks pass","entry remains outside sitemap, search and public KB channels","non_russian_summary","DEEP_REWRITE","Content editor","quarantined","content/knowledge-base/_index/content.json","getPublicationIssues(entry)","publication-quality.test.ts + public-link-contract.test.ts"
"rafting-en-el-rio-corcovado:not_publication_ready","P1","attraction","/baza-znaniy/rafting-en-el-rio-corcovado","not_publication_ready","publication gate rejected entry","all publication checks pass","entry remains outside sitemap, search and public KB channels","not_publication_ready","DEEP_REWRITE","Content editor","quarantined","content/knowledge-base/_index/content.json","getPublicationIssues(entry)","publication-quality.test.ts + public-link-contract.test.ts"
"rafting-en-el-rio-corcovado:non_russian_title","P1","attraction","/baza-znaniy/rafting-en-el-rio-corcovado","non_russian_title","publication gate rejected entry","all publication checks pass","entry remains outside sitemap, search and public KB channels","non_russian_title","DEEP_REWRITE","Content editor","quarantined","content/knowledge-base/_index/content.json","getPublicationIssues(entry)","publication-quality.test.ts + public-link-contract.test.ts"
"rafting-en-el-rio-corcovado:non_russian_summary","P1","attraction","/baza-znaniy/rafting-en-el-rio-corcovado","non_russian_summary","publication gate rejected entry","all publication checks pass","entry remains outside sitemap, search and public KB channels","non_russian_summary","DEEP_REWRITE","Content editor","quarantined","content/knowledge-base/_index/content.json","getPublicationIssues(entry)","publication-quality.test.ts + public-link-contract.test.ts"
"rafting-en-el-rio-hua-hum:thin_content","P1","attraction","/baza-znaniy/rafting-en-el-rio-hua-hum","thin_content","publication gate rejected entry","all publication checks pass","entry remains outside sitemap, search and public KB channels","thin_content","EXPAND","Content editor","quarantined","content/knowledge-base/_index/content.json","getPublicationIssues(entry)","publication-quality.test.ts + public-link-contract.test.ts"
"rafting-en-el-rio-manso:not_publication_ready","P1","attraction","/baza-znaniy/rafting-en-el-rio-manso","not_publication_ready","publication gate rejected entry","all publication checks pass","entry remains outside sitemap, search and public KB channels","not_publication_ready","DEEP_REWRITE","Content editor","quarantined","content/knowledge-base/_index/content.json","getPublicationIssues(entry)","publication-quality.test.ts + public-link-contract.test.ts"
"rafting-en-el-rio-manso:non_russian_title","P1","attraction","/baza-znaniy/rafting-en-el-rio-manso","non_russian_title","publication gate rejected entry","all publication checks pass","entry remains outside sitemap, search and public KB channels","non_russian_title","DEEP_REWRITE","Content editor","quarantined","content/knowledge-base/_index/content.json","getPublicationIssues(entry)","publication-quality.test.ts + public-link-contract.test.ts"
"rafting-en-el-rio-manso:non_russian_summary","P1","attraction","/baza-znaniy/rafting-en-el-rio-manso","non_russian_summary","publication gate rejected entry","all publication checks pass","entry remains outside sitemap, search and public KB channels","non_russian_summary","DEEP_REWRITE","Content editor","quarantined","content/knowledge-base/_index/content.json","getPublicationIssues(entry)","publication-quality.test.ts + public-link-contract.test.ts"
"rafting-en-el-rio-mendoza:thin_content","P1","attraction","/baza-znaniy/rafting-en-el-rio-mendoza","thin_content","publication gate rejected entry","all publication checks pass","entry remains outside sitemap, search and public KB channels","thin_content","EXPAND","Content editor","quarantined","content/knowledge-base/_index/content.json","getPublicationIssues(entry)","publication-quality.test.ts + public-link-contract.test.ts"
"reconquista:thin_content","P1","attraction","/baza-znaniy/reconquista","thin_content","publication gate rejected entry","all publication checks pass","entry remains outside sitemap, search and public KB channels","thin_content","EXPAND","Content editor","quarantined","content/knowledge-base/_index/content.json","getPublicationIssues(entry)","publication-quality.test.ts + public-link-contract.test.ts"
"red-de-refugios-de-montana:not_publication_ready","P1","attraction","/baza-znaniy/red-de-refugios-de-montana","not_publication_ready","publication gate rejected entry","all publication checks pass","entry remains outside sitemap, search and public KB channels","not_publication_ready","DEEP_REWRITE","Content editor","quarantined","content/knowledge-base/_index/content.json","getPublicationIssues(entry)","publication-quality.test.ts + public-link-contract.test.ts"
"red-de-refugios-de-montana:non_russian_title","P1","attraction","/baza-znaniy/red-de-refugios-de-montana","non_russian_title","publication gate rejected entry","all publication checks pass","entry remains outside sitemap, search and public KB channels","non_russian_title","DEEP_REWRITE","Content editor","quarantined","content/knowledge-base/_index/content.json","getPublicationIssues(entry)","publication-quality.test.ts + public-link-contract.test.ts"
"red-de-refugios-de-montana:non_russian_summary","P1","attraction","/baza-znaniy/red-de-refugios-de-montana","non_russian_summary","publication gate rejected entry","all publication checks pass","entry remains outside sitemap, search and public KB channels","non_russian_summary","DEEP_REWRITE","Content editor","quarantined","content/knowledge-base/_index/content.json","getPublicationIssues(entry)","publication-quality.test.ts + public-link-contract.test.ts"
"renca-san-luis:not_publication_ready","P1","attraction","/baza-znaniy/renca-san-luis","not_publication_ready","publication gate rejected entry","all publication checks pass","entry remains outside sitemap, search and public KB channels","not_publication_ready","DEEP_REWRITE","Content editor","quarantined","content/knowledge-base/_index/content.json","getPublicationIssues(entry)","publication-quality.test.ts + public-link-contract.test.ts"
"renca-san-luis:non_russian_title","P1","attraction","/baza-znaniy/renca-san-luis","non_russian_title","publication gate rejected entry","all publication checks pass","entry remains outside sitemap, search and public KB channels","non_russian_title","DEEP_REWRITE","Content editor","quarantined","content/knowledge-base/_index/content.json","getPublicationIssues(entry)","publication-quality.test.ts + public-link-contract.test.ts"
"renca-san-luis:non_russian_summary","P1","attraction","/baza-znaniy/renca-san-luis","non_russian_summary","publication gate rejected entry","all publication checks pass","entry remains outside sitemap, search and public KB channels","non_russian_summary","DEEP_REWRITE","Content editor","quarantined","content/knowledge-base/_index/content.json","getPublicationIssues(entry)","publication-quality.test.ts + public-link-contract.test.ts"
"reserva-costa-atlantica-tierra-del-fuego:not_publication_ready","P1","attraction","/baza-znaniy/reserva-costa-atlantica-tierra-del-fuego","not_publication_ready","publication gate rejected entry","all publication checks pass","entry remains outside sitemap, search and public KB channels","not_publication_ready","EXPAND","Content editor","quarantined","content/knowledge-base/_index/content.json","getPublicationIssues(entry)","publication-quality.test.ts + public-link-contract.test.ts"
"reserva-costa-atlantica-tierra-del-fuego:thin_content","P1","attraction","/baza-znaniy/reserva-costa-atlantica-tierra-del-fuego","thin_content","publication gate rejected entry","all publication checks pass","entry remains outside sitemap, search and public KB channels","thin_content","EXPAND","Content editor","quarantined","content/knowledge-base/_index/content.json","getPublicationIssues(entry)","publication-quality.test.ts + public-link-contract.test.ts"
"reserva-de-biosfera-laguna-blanca:not_publication_ready","P1","attraction","/baza-znaniy/reserva-de-biosfera-laguna-blanca","not_publication_ready","publication gate rejected entry","all publication checks pass","entry remains outside sitemap, search and public KB channels","not_publication_ready","EXPAND","Content editor","quarantined","content/knowledge-base/_index/content.json","getPublicationIssues(entry)","publication-quality.test.ts + public-link-contract.test.ts"
"reserva-de-biosfera-laguna-blanca:thin_content","P1","attraction","/baza-znaniy/reserva-de-biosfera-laguna-blanca","thin_content","publication gate rejected entry","all publication checks pass","entry remains outside sitemap, search and public KB channels","thin_content","EXPAND","Content editor","quarantined","content/knowledge-base/_index/content.json","getPublicationIssues(entry)","publication-quality.test.ts + public-link-contract.test.ts"
"reserva-de-biosfera-laguna-oca:not_publication_ready","P1","attraction","/baza-znaniy/reserva-de-biosfera-laguna-oca","not_publication_ready","publication gate rejected entry","all publication checks pass","entry remains outside sitemap, search and public KB channels","not_publication_ready","EXPAND","Content editor","quarantined","content/knowledge-base/_index/content.json","getPublicationIssues(entry)","publication-quality.test.ts + public-link-contract.test.ts"
"reserva-de-biosfera-laguna-oca:thin_content","P1","attraction","/baza-znaniy/reserva-de-biosfera-laguna-oca","thin_content","publication gate rejected entry","all publication checks pass","entry remains outside sitemap, search and public KB channels","thin_content","EXPAND","Content editor","quarantined","content/knowledge-base/_index/content.json","getPublicationIssues(entry)","publication-quality.test.ts + public-link-contract.test.ts"
"reserva-de-biosfera-yaboti:not_publication_ready","P1","attraction","/baza-znaniy/reserva-de-biosfera-yaboti","not_publication_ready","publication gate rejected entry","all publication checks pass","entry remains outside sitemap, search and public KB channels","not_publication_ready","DEEP_REWRITE","Content editor","quarantined","content/knowledge-base/_index/content.json","getPublicationIssues(entry)","publication-quality.test.ts + public-link-contract.test.ts"
"reserva-de-biosfera-yaboti:mixed_script_word","P1","attraction","/baza-znaniy/reserva-de-biosfera-yaboti","mixed_script_word","publication gate rejected entry","all publication checks pass","entry remains outside sitemap, search and public KB channels","mixed_script_word","DEEP_REWRITE","Content editor","quarantined","content/knowledge-base/_index/content.json","getPublicationIssues(entry)","publication-quality.test.ts + public-link-contract.test.ts"
"reserva-de-biosfera-yaboti:thin_content","P1","attraction","/baza-znaniy/reserva-de-biosfera-yaboti","thin_content","publication gate rejected entry","all publication checks pass","entry remains outside sitemap, search and public KB channels","thin_content","DEEP_REWRITE","Content editor","quarantined","content/knowledge-base/_index/content.json","getPublicationIssues(entry)","publication-quality.test.ts + public-link-contract.test.ts"
"reserva-natural-colonia-benitez:not_publication_ready","P1","attraction","/baza-znaniy/reserva-natural-colonia-benitez","not_publication_ready","publication gate rejected entry","all publication checks pass","entry remains outside sitemap, search and public KB channels","not_publication_ready","EXPAND","Content editor","quarantined","content/knowledge-base/_index/content.json","getPublicationIssues(entry)","publication-quality.test.ts + public-link-contract.test.ts"
"reserva-natural-colonia-benitez:thin_content","P1","attraction","/baza-znaniy/reserva-natural-colonia-benitez","thin_content","publication gate rejected entry","all publication checks pass","entry remains outside sitemap, search and public KB channels","thin_content","EXPAND","Content editor","quarantined","content/knowledge-base/_index/content.json","getPublicationIssues(entry)","publication-quality.test.ts + public-link-contract.test.ts"
"reserva-natural-el-nogalar-de-los-toldos:not_publication_ready","P1","attraction","/baza-znaniy/reserva-natural-el-nogalar-de-los-toldos","not_publication_ready","publication gate rejected entry","all publication checks pass","entry remains outside sitemap, search and public KB channels","not_publication_ready","EXPAND","Content editor","quarantined","content/knowledge-base/_index/content.json","getPublicationIssues(entry)","publication-quality.test.ts + public-link-contract.test.ts"
"reserva-natural-el-nogalar-de-los-toldos:thin_content","P1","attraction","/baza-znaniy/reserva-natural-el-nogalar-de-los-toldos","thin_content","publication gate rejected entry","all publication checks pass","entry remains outside sitemap, search and public KB channels","thin_content","EXPAND","Content editor","quarantined","content/knowledge-base/_index/content.json","getPublicationIssues(entry)","publication-quality.test.ts + public-link-contract.test.ts"
"reserva-natural-estricta-san-antonio:not_publication_ready","P1","attraction","/baza-znaniy/reserva-natural-estricta-san-antonio","not_publication_ready","publication gate rejected entry","all publication checks pass","entry remains outside sitemap, search and public KB channels","not_publication_ready","EXPAND","Content editor","quarantined","content/knowledge-base/_index/content.json","getPublicationIssues(entry)","publication-quality.test.ts + public-link-contract.test.ts"
"reserva-natural-estricta-san-antonio:thin_content","P1","attraction","/baza-znaniy/reserva-natural-estricta-san-antonio","thin_content","publication gate rejected entry","all publication checks pass","entry remains outside sitemap, search and public KB channels","thin_content","EXPAND","Content editor","quarantined","content/knowledge-base/_index/content.json","getPublicationIssues(entry)","publication-quality.test.ts + public-link-contract.test.ts"
"reserva-natural-ibera:not_publication_ready","P1","attraction","/baza-znaniy/reserva-natural-ibera","not_publication_ready","publication gate rejected entry","all publication checks pass","entry remains outside sitemap, search and public KB channels","not_publication_ready","DEEP_REWRITE","Content editor","quarantined","content/knowledge-base/_index/content.json","getPublicationIssues(entry)","publication-quality.test.ts + public-link-contract.test.ts"
"reserva-natural-ibera:mixed_script_word","P1","attraction","/baza-znaniy/reserva-natural-ibera","mixed_script_word","publication gate rejected entry","all publication checks pass","entry remains outside sitemap, search and public KB channels","mixed_script_word","DEEP_REWRITE","Content editor","quarantined","content/knowledge-base/_index/content.json","getPublicationIssues(entry)","publication-quality.test.ts + public-link-contract.test.ts"
"reserva-natural-ibera:thin_content","P1","attraction","/baza-znaniy/reserva-natural-ibera","thin_content","publication gate rejected entry","all publication checks pass","entry remains outside sitemap, search and public KB channels","thin_content","DEEP_REWRITE","Content editor","quarantined","content/knowledge-base/_index/content.json","getPublicationIssues(entry)","publication-quality.test.ts + public-link-contract.test.ts"
"reserva-natural-laguna-brava:not_publication_ready","P1","attraction","/baza-znaniy/reserva-natural-laguna-brava","not_publication_ready","publication gate rejected entry","all publication checks pass","entry remains outside sitemap, search and public KB channels","not_publication_ready","EXPAND","Content editor","quarantined","content/knowledge-base/_index/content.json","getPublicationIssues(entry)","publication-quality.test.ts + public-link-contract.test.ts"
"reserva-natural-laguna-brava:thin_content","P1","attraction","/baza-znaniy/reserva-natural-laguna-brava","thin_content","publication gate rejected entry","all publication checks pass","entry remains outside sitemap, search and public KB channels","thin_content","EXPAND","Content editor","quarantined","content/knowledge-base/_index/content.json","getPublicationIssues(entry)","publication-quality.test.ts + public-link-contract.test.ts"
"reserva-natural-pichi-mahuida:not_publication_ready","P1","attraction","/baza-znaniy/reserva-natural-pichi-mahuida","not_publication_ready","publication gate rejected entry","all publication checks pass","entry remains outside sitemap, search and public KB channels","not_publication_ready","EXPAND","Content editor","quarantined","content/knowledge-base/_index/content.json","getPublicationIssues(entry)","publication-quality.test.ts + public-link-contract.test.ts"
"reserva-natural-pichi-mahuida:thin_content","P1","attraction","/baza-znaniy/reserva-natural-pichi-mahuida","thin_content","publication gate rejected entry","all publication checks pass","entry remains outside sitemap, search and public KB channels","thin_content","EXPAND","Content editor","quarantined","content/knowledge-base/_index/content.json","getPublicationIssues(entry)","publication-quality.test.ts + public-link-contract.test.ts"
"reserva-natural-quebrada-de-los-condores:not_publication_ready","P1","attraction","/baza-znaniy/reserva-natural-quebrada-de-los-condores","not_publication_ready","publication gate rejected entry","all publication checks pass","entry remains outside sitemap, search and public KB channels","not_publication_ready","EXPAND","Content editor","quarantined","content/knowledge-base/_index/content.json","getPublicationIssues(entry)","publication-quality.test.ts + public-link-contract.test.ts"
"reserva-natural-quebrada-de-los-condores:thin_content","P1","attraction","/baza-znaniy/reserva-natural-quebrada-de-los-condores","thin_content","publication gate rejected entry","all publication checks pass","entry remains outside sitemap, search and public KB channels","thin_content","EXPAND","Content editor","quarantined","content/knowledge-base/_index/content.json","getPublicationIssues(entry)","publication-quality.test.ts + public-link-contract.test.ts"
"reserva-natural-silvestre-isla-de-los-estados:not_publication_ready","P1","attraction","/baza-znaniy/reserva-natural-silvestre-isla-de-los-estados","not_publication_ready","publication gate rejected entry","all publication checks pass","entry remains outside sitemap, search and public KB channels","not_publication_ready","EXPAND","Content editor","quarantined","content/knowledge-base/_index/content.json","getPublicationIssues(entry)","publication-quality.test.ts + public-link-contract.test.ts"
"reserva-natural-silvestre-isla-de-los-estados:thin_content","P1","attraction","/baza-znaniy/reserva-natural-silvestre-isla-de-los-estados","thin_content","publication gate rejected entry","all publication checks pass","entry remains outside sitemap, search and public KB channels","thin_content","EXPAND","Content editor","quarantined","content/knowledge-base/_index/content.json","getPublicationIssues(entry)","publication-quality.test.ts + public-link-contract.test.ts"
"reserva-provincial-parque-luro:not_publication_ready","P1","attraction","/baza-znaniy/reserva-provincial-parque-luro","not_publication_ready","publication gate rejected entry","all publication checks pass","entry remains outside sitemap, search and public KB channels","not_publication_ready","EXPAND","Content editor","quarantined","content/knowledge-base/_index/content.json","getPublicationIssues(entry)","publication-quality.test.ts + public-link-contract.test.ts"
"reserva-provincial-parque-luro:thin_content","P1","attraction","/baza-znaniy/reserva-provincial-parque-luro","thin_content","publication gate rejected entry","all publication checks pass","entry remains outside sitemap, search and public KB channels","thin_content","EXPAND","Content editor","quarantined","content/knowledge-base/_index/content.json","getPublicationIssues(entry)","publication-quality.test.ts + public-link-contract.test.ts"
"ria-de-bahia-blanca:not_publication_ready","P1","attraction","/baza-znaniy/ria-de-bahia-blanca","not_publication_ready","publication gate rejected entry","all publication checks pass","entry remains outside sitemap, search and public KB channels","not_publication_ready","DEEP_REWRITE","Content editor","quarantined","content/knowledge-base/_index/content.json","getPublicationIssues(entry)","publication-quality.test.ts + public-link-contract.test.ts"
"ria-de-bahia-blanca:non_russian_title","P1","attraction","/baza-znaniy/ria-de-bahia-blanca","non_russian_title","publication gate rejected entry","all publication checks pass","entry remains outside sitemap, search and public KB channels","non_russian_title","DEEP_REWRITE","Content editor","quarantined","content/knowledge-base/_index/content.json","getPublicationIssues(entry)","publication-quality.test.ts + public-link-contract.test.ts"
"ria-de-bahia-blanca:non_russian_summary","P1","attraction","/baza-znaniy/ria-de-bahia-blanca","non_russian_summary","publication gate rejected entry","all publication checks pass","entry remains outside sitemap, search and public KB channels","non_russian_summary","DEEP_REWRITE","Content editor","quarantined","content/knowledge-base/_index/content.json","getPublicationIssues(entry)","publication-quality.test.ts + public-link-contract.test.ts"
"rio-gallegos:not_publication_ready","P1","attraction","/baza-znaniy/rio-gallegos","not_publication_ready","publication gate rejected entry","all publication checks pass","entry remains outside sitemap, search and public KB channels","not_publication_ready","EXPAND","Content editor","quarantined","content/knowledge-base/_index/content.json","getPublicationIssues(entry)","publication-quality.test.ts + public-link-contract.test.ts"
"rio-gallegos:thin_content","P1","attraction","/baza-znaniy/rio-gallegos","thin_content","publication gate rejected entry","all publication checks pass","entry remains outside sitemap, search and public KB channels","thin_content","EXPAND","Content editor","quarantined","content/knowledge-base/_index/content.json","getPublicationIssues(entry)","publication-quality.test.ts + public-link-contract.test.ts"
"rio-grande:not_publication_ready","P1","attraction","/baza-znaniy/rio-grande","not_publication_ready","publication gate rejected entry","all publication checks pass","entry remains outside sitemap, search and public KB channels","not_publication_ready","EXPAND","Content editor","quarantined","content/knowledge-base/_index/content.json","getPublicationIssues(entry)","publication-quality.test.ts + public-link-contract.test.ts"
"rio-grande:thin_content","P1","attraction","/baza-znaniy/rio-grande","thin_content","publication gate rejected entry","all publication checks pass","entry remains outside sitemap, search and public KB channels","thin_content","EXPAND","Content editor","quarantined","content/knowledge-base/_index/content.json","getPublicationIssues(entry)","publication-quality.test.ts + public-link-contract.test.ts"
"rio-parana:not_publication_ready","P1","attraction","/baza-znaniy/rio-parana","not_publication_ready","publication gate rejected entry","all publication checks pass","entry remains outside sitemap, search and public KB channels","not_publication_ready","EXPAND","Content editor","quarantined","content/knowledge-base/_index/content.json","getPublicationIssues(entry)","publication-quality.test.ts + public-link-contract.test.ts"
"rio-parana:thin_content","P1","attraction","/baza-znaniy/rio-parana","thin_content","publication gate rejected entry","all publication checks pass","entry remains outside sitemap, search and public KB channels","thin_content","EXPAND","Content editor","quarantined","content/knowledge-base/_index/content.json","getPublicationIssues(entry)","publication-quality.test.ts + public-link-contract.test.ts"
"roque-saenz-pena:not_publication_ready","P1","attraction","/baza-znaniy/roque-saenz-pena","not_publication_ready","publication gate rejected entry","all publication checks pass","entry remains outside sitemap, search and public KB channels","not_publication_ready","DEEP_REWRITE","Content editor","quarantined","content/knowledge-base/_index/content.json","getPublicationIssues(entry)","publication-quality.test.ts + public-link-contract.test.ts"
"roque-saenz-pena:non_russian_title","P1","attraction","/baza-znaniy/roque-saenz-pena","non_russian_title","publication gate rejected entry","all publication checks pass","entry remains outside sitemap, search and public KB channels","non_russian_title","DEEP_REWRITE","Content editor","quarantined","content/knowledge-base/_index/content.json","getPublicationIssues(entry)","publication-quality.test.ts + public-link-contract.test.ts"
"roque-saenz-pena:non_russian_summary","P1","attraction","/baza-znaniy/roque-saenz-pena","non_russian_summary","publication gate rejected entry","all publication checks pass","entry remains outside sitemap, search and public KB channels","non_russian_summary","DEEP_REWRITE","Content editor","quarantined","content/knowledge-base/_index/content.json","getPublicationIssues(entry)","publication-quality.test.ts + public-link-contract.test.ts"
"ruinas-de-quilmes:thin_content","P1","attraction","/baza-znaniy/ruinas-de-quilmes","thin_content","publication gate rejected entry","all publication checks pass","entry remains outside sitemap, search and public KB channels","thin_content","EXPAND","Media editor","quarantined","content/knowledge-base/_index/content.json","getPublicationIssues(entry)","publication-quality.test.ts + public-link-contract.test.ts"
"ruinas-de-quilmes:missing_hero","P1","attraction","/baza-znaniy/ruinas-de-quilmes","missing_hero","publication gate rejected entry","all publication checks pass","entry remains outside sitemap, search and public KB channels","missing_hero","EXPAND","Media editor","quarantined","content/knowledge-base/_index/content.json","getPublicationIssues(entry)","publication-quality.test.ts + public-link-contract.test.ts"
"ruta-40-en-chubut:thin_content","P1","attraction","/baza-znaniy/ruta-40-en-chubut","thin_content","publication gate rejected entry","all publication checks pass","entry remains outside sitemap, search and public KB channels","thin_content","EXPAND","Content editor","quarantined","content/knowledge-base/_index/content.json","getPublicationIssues(entry)","publication-quality.test.ts + public-link-contract.test.ts"
"ruta-40-en-santa-cruz:not_publication_ready","P1","attraction","/baza-znaniy/ruta-40-en-santa-cruz","not_publication_ready","publication gate rejected entry","all publication checks pass","entry remains outside sitemap, search and public KB channels","not_publication_ready","DEEP_REWRITE","Content editor","quarantined","content/knowledge-base/_index/content.json","getPublicationIssues(entry)","publication-quality.test.ts + public-link-contract.test.ts"
"ruta-40-en-santa-cruz:non_russian_title","P1","attraction","/baza-znaniy/ruta-40-en-santa-cruz","non_russian_title","publication gate rejected entry","all publication checks pass","entry remains outside sitemap, search and public KB channels","non_russian_title","DEEP_REWRITE","Content editor","quarantined","content/knowledge-base/_index/content.json","getPublicationIssues(entry)","publication-quality.test.ts + public-link-contract.test.ts"
"ruta-40-en-santa-cruz:non_russian_summary","P1","attraction","/baza-znaniy/ruta-40-en-santa-cruz","non_russian_summary","publication gate rejected entry","all publication checks pass","entry remains outside sitemap, search and public KB channels","non_russian_summary","DEEP_REWRITE","Content editor","quarantined","content/knowledge-base/_index/content.json","getPublicationIssues(entry)","publication-quality.test.ts + public-link-contract.test.ts"
"ruta-azul:not_publication_ready","P1","attraction","/baza-znaniy/ruta-azul","not_publication_ready","publication gate rejected entry","all publication checks pass","entry remains outside sitemap, search and public KB channels","not_publication_ready","DEEP_REWRITE","Content editor","quarantined","content/knowledge-base/_index/content.json","getPublicationIssues(entry)","publication-quality.test.ts + public-link-contract.test.ts"
"ruta-azul:non_russian_title","P1","attraction","/baza-znaniy/ruta-azul","non_russian_title","publication gate rejected entry","all publication checks pass","entry remains outside sitemap, search and public KB channels","non_russian_title","DEEP_REWRITE","Content editor","quarantined","content/knowledge-base/_index/content.json","getPublicationIssues(entry)","publication-quality.test.ts + public-link-contract.test.ts"
"ruta-azul:non_russian_summary","P1","attraction","/baza-znaniy/ruta-azul","non_russian_summary","publication gate rejected entry","all publication checks pass","entry remains outside sitemap, search and public KB channels","non_russian_summary","DEEP_REWRITE","Content editor","quarantined","content/knowledge-base/_index/content.json","getPublicationIssues(entry)","publication-quality.test.ts + public-link-contract.test.ts"
"ruta-de-la-cultura-qom:not_publication_ready","P1","attraction","/baza-znaniy/ruta-de-la-cultura-qom","not_publication_ready","publication gate rejected entry","all publication checks pass","entry remains outside sitemap, search and public KB channels","not_publication_ready","DEEP_REWRITE","Content editor","quarantined","content/knowledge-base/_index/content.json","getPublicationIssues(entry)","publication-quality.test.ts + public-link-contract.test.ts"
"ruta-de-la-cultura-qom:non_russian_title","P1","attraction","/baza-znaniy/ruta-de-la-cultura-qom","non_russian_title","publication gate rejected entry","all publication checks pass","entry remains outside sitemap, search and public KB channels","non_russian_title","DEEP_REWRITE","Content editor","quarantined","content/knowledge-base/_index/content.json","getPublicationIssues(entry)","publication-quality.test.ts + public-link-contract.test.ts"
"ruta-de-la-cultura-qom:non_russian_summary","P1","attraction","/baza-znaniy/ruta-de-la-cultura-qom","non_russian_summary","publication gate rejected entry","all publication checks pass","entry remains outside sitemap, search and public KB channels","non_russian_summary","DEEP_REWRITE","Content editor","quarantined","content/knowledge-base/_index/content.json","getPublicationIssues(entry)","publication-quality.test.ts + public-link-contract.test.ts"
"ruta-de-los-siete-lagos:thin_content","P1","attraction","/baza-znaniy/ruta-de-los-siete-lagos","thin_content","publication gate rejected entry","all publication checks pass","entry remains outside sitemap, search and public KB channels","thin_content","EXPAND","Content editor","quarantined","content/knowledge-base/_index/content.json","getPublicationIssues(entry)","publication-quality.test.ts + public-link-contract.test.ts"
"ruta-del-adobe-en-catamarca:not_publication_ready","P1","attraction","/baza-znaniy/ruta-del-adobe-en-catamarca","not_publication_ready","publication gate rejected entry","all publication checks pass","entry remains outside sitemap, search and public KB channels","not_publication_ready","DEEP_REWRITE","Content editor","quarantined","content/knowledge-base/_index/content.json","getPublicationIssues(entry)","publication-quality.test.ts + public-link-contract.test.ts"
"ruta-del-adobe-en-catamarca:non_russian_title","P1","attraction","/baza-znaniy/ruta-del-adobe-en-catamarca","non_russian_title","publication gate rejected entry","all publication checks pass","entry remains outside sitemap, search and public KB channels","non_russian_title","DEEP_REWRITE","Content editor","quarantined","content/knowledge-base/_index/content.json","getPublicationIssues(entry)","publication-quality.test.ts + public-link-contract.test.ts"
"ruta-del-adobe-en-catamarca:non_russian_summary","P1","attraction","/baza-znaniy/ruta-del-adobe-en-catamarca","non_russian_summary","publication gate rejected entry","all publication checks pass","entry remains outside sitemap, search and public KB channels","non_russian_summary","DEEP_REWRITE","Content editor","quarantined","content/knowledge-base/_index/content.json","getPublicationIssues(entry)","publication-quality.test.ts + public-link-contract.test.ts"
"ruta-del-artesano-en-tucuman:not_publication_ready","P1","attraction","/baza-znaniy/ruta-del-artesano-en-tucuman","not_publication_ready","publication gate rejected entry","all publication checks pass","entry remains outside sitemap, search and public KB channels","not_publication_ready","DEEP_REWRITE","Content editor","quarantined","content/knowledge-base/_index/content.json","getPublicationIssues(entry)","publication-quality.test.ts + public-link-contract.test.ts"
"ruta-del-artesano-en-tucuman:non_russian_title","P1","attraction","/baza-znaniy/ruta-del-artesano-en-tucuman","non_russian_title","publication gate rejected entry","all publication checks pass","entry remains outside sitemap, search and public KB channels","non_russian_title","DEEP_REWRITE","Content editor","quarantined","content/knowledge-base/_index/content.json","getPublicationIssues(entry)","publication-quality.test.ts + public-link-contract.test.ts"
"ruta-del-artesano-en-tucuman:non_russian_summary","P1","attraction","/baza-znaniy/ruta-del-artesano-en-tucuman","non_russian_summary","publication gate rejected entry","all publication checks pass","entry remains outside sitemap, search and public KB channels","non_russian_summary","DEEP_REWRITE","Content editor","quarantined","content/knowledge-base/_index/content.json","getPublicationIssues(entry)","publication-quality.test.ts + public-link-contract.test.ts"
"ruta-del-olivo-san-juan:not_publication_ready","P1","attraction","/baza-znaniy/ruta-del-olivo-san-juan","not_publication_ready","publication gate rejected entry","all publication checks pass","entry remains outside sitemap, search and public KB channels","not_publication_ready","DEEP_REWRITE","Content editor","quarantined","content/knowledge-base/_index/content.json","getPublicationIssues(entry)","publication-quality.test.ts + public-link-contract.test.ts"
"ruta-del-olivo-san-juan:non_russian_title","P1","attraction","/baza-znaniy/ruta-del-olivo-san-juan","non_russian_title","publication gate rejected entry","all publication checks pass","entry remains outside sitemap, search and public KB channels","non_russian_title","DEEP_REWRITE","Content editor","quarantined","content/knowledge-base/_index/content.json","getPublicationIssues(entry)","publication-quality.test.ts + public-link-contract.test.ts"
"ruta-del-olivo-san-juan:non_russian_summary","P1","attraction","/baza-znaniy/ruta-del-olivo-san-juan","non_russian_summary","publication gate rejected entry","all publication checks pass","entry remains outside sitemap, search and public KB channels","non_russian_summary","DEEP_REWRITE","Content editor","quarantined","content/knowledge-base/_index/content.json","getPublicationIssues(entry)","publication-quality.test.ts + public-link-contract.test.ts"
"ruta-del-vino-en-la-patagonia:not_publication_ready","P1","attraction","/baza-znaniy/ruta-del-vino-en-la-patagonia","not_publication_ready","publication gate rejected entry","all publication checks pass","entry remains outside sitemap, search and public KB channels","not_publication_ready","DEEP_REWRITE","Content editor","quarantined","content/knowledge-base/_index/content.json","getPublicationIssues(entry)","publication-quality.test.ts + public-link-contract.test.ts"
"ruta-del-vino-en-la-patagonia:non_russian_summary","P1","attraction","/baza-znaniy/ruta-del-vino-en-la-patagonia","non_russian_summary","publication gate rejected entry","all publication checks pass","entry remains outside sitemap, search and public KB channels","non_russian_summary","DEEP_REWRITE","Content editor","quarantined","content/knowledge-base/_index/content.json","getPublicationIssues(entry)","publication-quality.test.ts + public-link-contract.test.ts"
"ruta-del-vino-en-san-juan:not_publication_ready","P1","attraction","/baza-znaniy/ruta-del-vino-en-san-juan","not_publication_ready","publication gate rejected entry","all publication checks pass","entry remains outside sitemap, search and public KB channels","not_publication_ready","DEEP_REWRITE","Content editor","quarantined","content/knowledge-base/_index/content.json","getPublicationIssues(entry)","publication-quality.test.ts + public-link-contract.test.ts"
"ruta-del-vino-en-san-juan:non_russian_title","P1","attraction","/baza-znaniy/ruta-del-vino-en-san-juan","non_russian_title","publication gate rejected entry","all publication checks pass","entry remains outside sitemap, search and public KB channels","non_russian_title","DEEP_REWRITE","Content editor","quarantined","content/knowledge-base/_index/content.json","getPublicationIssues(entry)","publication-quality.test.ts + public-link-contract.test.ts"
"ruta-del-vino-en-san-juan:non_russian_summary","P1","attraction","/baza-znaniy/ruta-del-vino-en-san-juan","non_russian_summary","publication gate rejected entry","all publication checks pass","entry remains outside sitemap, search and public KB channels","non_russian_summary","DEEP_REWRITE","Content editor","quarantined","content/knowledge-base/_index/content.json","getPublicationIssues(entry)","publication-quality.test.ts + public-link-contract.test.ts"
"ruta-del-vino-en-tucuman:not_publication_ready","P1","attraction","/baza-znaniy/ruta-del-vino-en-tucuman","not_publication_ready","publication gate rejected entry","all publication checks pass","entry remains outside sitemap, search and public KB channels","not_publication_ready","DEEP_REWRITE","Content editor","quarantined","content/knowledge-base/_index/content.json","getPublicationIssues(entry)","publication-quality.test.ts + public-link-contract.test.ts"
"ruta-del-vino-en-tucuman:non_russian_title","P1","attraction","/baza-znaniy/ruta-del-vino-en-tucuman","non_russian_title","publication gate rejected entry","all publication checks pass","entry remains outside sitemap, search and public KB channels","non_russian_title","DEEP_REWRITE","Content editor","quarantined","content/knowledge-base/_index/content.json","getPublicationIssues(entry)","publication-quality.test.ts + public-link-contract.test.ts"
"ruta-del-vino-en-tucuman:non_russian_summary","P1","attraction","/baza-znaniy/ruta-del-vino-en-tucuman","non_russian_summary","publication gate rejected entry","all publication checks pass","entry remains outside sitemap, search and public KB channels","non_russian_summary","DEEP_REWRITE","Content editor","quarantined","content/knowledge-base/_index/content.json","getPublicationIssues(entry)","publication-quality.test.ts + public-link-contract.test.ts"
"ruta-interlagos-san-juan:not_publication_ready","P1","attraction","/baza-znaniy/ruta-interlagos-san-juan","not_publication_ready","publication gate rejected entry","all publication checks pass","entry remains outside sitemap, search and public KB channels","not_publication_ready","DEEP_REWRITE","Content editor","quarantined","content/knowledge-base/_index/content.json","getPublicationIssues(entry)","publication-quality.test.ts + public-link-contract.test.ts"
"ruta-interlagos-san-juan:non_russian_title","P1","attraction","/baza-znaniy/ruta-interlagos-san-juan","non_russian_title","publication gate rejected entry","all publication checks pass","entry remains outside sitemap, search and public KB channels","non_russian_title","DEEP_REWRITE","Content editor","quarantined","content/knowledge-base/_index/content.json","getPublicationIssues(entry)","publication-quality.test.ts + public-link-contract.test.ts"
"ruta-interlagos-san-juan:non_russian_summary","P1","attraction","/baza-znaniy/ruta-interlagos-san-juan","non_russian_summary","publication gate rejected entry","all publication checks pass","entry remains outside sitemap, search and public KB channels","non_russian_summary","DEEP_REWRITE","Content editor","quarantined","content/knowledge-base/_index/content.json","getPublicationIssues(entry)","publication-quality.test.ts + public-link-contract.test.ts"
"rutas-de-tierra-del-fuego:not_publication_ready","P1","attraction","/baza-znaniy/rutas-de-tierra-del-fuego","not_publication_ready","publication gate rejected entry","all publication checks pass","entry remains outside sitemap, search and public KB channels","not_publication_ready","DEEP_REWRITE","Content editor","quarantined","content/knowledge-base/_index/content.json","getPublicationIssues(entry)","publication-quality.test.ts + public-link-contract.test.ts"
"rutas-de-tierra-del-fuego:non_russian_summary","P1","attraction","/baza-znaniy/rutas-de-tierra-del-fuego","non_russian_summary","publication gate rejected entry","all publication checks pass","entry remains outside sitemap, search and public KB channels","non_russian_summary","DEEP_REWRITE","Content editor","quarantined","content/knowledge-base/_index/content.json","getPublicationIssues(entry)","publication-quality.test.ts + public-link-contract.test.ts"
"sabores-de-chaco:not_publication_ready","P1","attraction","/baza-znaniy/sabores-de-chaco","not_publication_ready","publication gate rejected entry","all publication checks pass","entry remains outside sitemap, search and public KB channels","not_publication_ready","DEEP_REWRITE","Content editor","quarantined","content/knowledge-base/_index/content.json","getPublicationIssues(entry)","publication-quality.test.ts + public-link-contract.test.ts"
"sabores-de-chaco:non_russian_title","P1","attraction","/baza-znaniy/sabores-de-chaco","non_russian_title","publication gate rejected entry","all publication checks pass","entry remains outside sitemap, search and public KB channels","non_russian_title","DEEP_REWRITE","Content editor","quarantined","content/knowledge-base/_index/content.json","getPublicationIssues(entry)","publication-quality.test.ts + public-link-contract.test.ts"
"sabores-de-chaco:non_russian_summary","P1","attraction","/baza-znaniy/sabores-de-chaco","non_russian_summary","publication gate rejected entry","all publication checks pass","entry remains outside sitemap, search and public KB channels","non_russian_summary","DEEP_REWRITE","Content editor","quarantined","content/knowledge-base/_index/content.json","getPublicationIssues(entry)","publication-quality.test.ts + public-link-contract.test.ts"
"sabores-riojanos:not_publication_ready","P1","attraction","/baza-znaniy/sabores-riojanos","not_publication_ready","publication gate rejected entry","all publication checks pass","entry remains outside sitemap, search and public KB channels","not_publication_ready","DEEP_REWRITE","Content editor","quarantined","content/knowledge-base/_index/content.json","getPublicationIssues(entry)","publication-quality.test.ts + public-link-contract.test.ts"
"sabores-riojanos:non_russian_title","P1","attraction","/baza-znaniy/sabores-riojanos","non_russian_title","publication gate rejected entry","all publication checks pass","entry remains outside sitemap, search and public KB channels","non_russian_title","DEEP_REWRITE","Content editor","quarantined","content/knowledge-base/_index/content.json","getPublicationIssues(entry)","publication-quality.test.ts + public-link-contract.test.ts"
"sabores-riojanos:non_russian_summary","P1","attraction","/baza-znaniy/sabores-riojanos","non_russian_summary","publication gate rejected entry","all publication checks pass","entry remains outside sitemap, search and public KB channels","non_russian_summary","DEEP_REWRITE","Content editor","quarantined","content/knowledge-base/_index/content.json","getPublicationIssues(entry)","publication-quality.test.ts + public-link-contract.test.ts"
"salinas-grandes-jujuy:not_publication_ready","P1","attraction","/baza-znaniy/salinas-grandes-jujuy","not_publication_ready","publication gate rejected entry","all publication checks pass","entry remains outside sitemap, search and public KB channels","not_publication_ready","EXPAND","Content editor","quarantined","content/knowledge-base/_index/content.json","getPublicationIssues(entry)","publication-quality.test.ts + public-link-contract.test.ts"
"salinas-grandes-jujuy:thin_content","P1","attraction","/baza-znaniy/salinas-grandes-jujuy","thin_content","publication gate rejected entry","all publication checks pass","entry remains outside sitemap, search and public KB channels","thin_content","EXPAND","Content editor","quarantined","content/knowledge-base/_index/content.json","getPublicationIssues(entry)","publication-quality.test.ts + public-link-contract.test.ts"
"salta-y-san-lorenzo:not_publication_ready","P1","attraction","/baza-znaniy/salta-y-san-lorenzo","not_publication_ready","publication gate rejected entry","all publication checks pass","entry remains outside sitemap, search and public KB channels","not_publication_ready","DEEP_REWRITE","Content editor","quarantined","content/knowledge-base/_index/content.json","getPublicationIssues(entry)","publication-quality.test.ts + public-link-contract.test.ts"
"salta-y-san-lorenzo:non_russian_title","P1","attraction","/baza-znaniy/salta-y-san-lorenzo","non_russian_title","publication gate rejected entry","all publication checks pass","entry remains outside sitemap, search and public KB channels","non_russian_title","DEEP_REWRITE","Content editor","quarantined","content/knowledge-base/_index/content.json","getPublicationIssues(entry)","publication-quality.test.ts + public-link-contract.test.ts"
"salta-y-san-lorenzo:non_russian_summary","P1","attraction","/baza-znaniy/salta-y-san-lorenzo","non_russian_summary","publication gate rejected entry","all publication checks pass","entry remains outside sitemap, search and public KB channels","non_russian_summary","DEEP_REWRITE","Content editor","quarantined","content/knowledge-base/_index/content.json","getPublicationIssues(entry)","publication-quality.test.ts + public-link-contract.test.ts"
"salto-encantado:not_publication_ready","P1","attraction","/baza-znaniy/salto-encantado","not_publication_ready","publication gate rejected entry","all publication checks pass","entry remains outside sitemap, search and public KB channels","not_publication_ready","DEEP_REWRITE","Content editor","quarantined","content/knowledge-base/_index/content.json","getPublicationIssues(entry)","publication-quality.test.ts + public-link-contract.test.ts"
"salto-encantado:non_russian_title","P1","attraction","/baza-znaniy/salto-encantado","non_russian_title","publication gate rejected entry","all publication checks pass","entry remains outside sitemap, search and public KB channels","non_russian_title","DEEP_REWRITE","Content editor","quarantined","content/knowledge-base/_index/content.json","getPublicationIssues(entry)","publication-quality.test.ts + public-link-contract.test.ts"
"salto-encantado:non_russian_summary","P1","attraction","/baza-znaniy/salto-encantado","non_russian_summary","publication gate rejected entry","all publication checks pass","entry remains outside sitemap, search and public KB channels","non_russian_summary","DEEP_REWRITE","Content editor","quarantined","content/knowledge-base/_index/content.json","getPublicationIssues(entry)","publication-quality.test.ts + public-link-contract.test.ts"
"saltos-del-mocona:mixed_script_word","P1","attraction","/baza-znaniy/saltos-del-mocona","mixed_script_word","publication gate rejected entry","all publication checks pass","entry remains outside sitemap, search and public KB channels","mixed_script_word","DEEP_REWRITE","Media editor","quarantined","content/knowledge-base/_index/content.json","getPublicationIssues(entry)","publication-quality.test.ts + public-link-contract.test.ts"
"saltos-del-mocona:missing_hero","P1","attraction","/baza-znaniy/saltos-del-mocona","missing_hero","publication gate rejected entry","all publication checks pass","entry remains outside sitemap, search and public KB channels","missing_hero","DEEP_REWRITE","Media editor","quarantined","content/knowledge-base/_index/content.json","getPublicationIssues(entry)","publication-quality.test.ts + public-link-contract.test.ts"
"samyj-yuzhnyj-gorod-mira:thin_content","P1","faq","/baza-znaniy/samyj-yuzhnyj-gorod-mira","thin_content","publication gate rejected entry","all publication checks pass","entry remains outside sitemap, search and public KB channels","thin_content","EXPAND","Content editor","quarantined","content/knowledge-base/_index/content.json","getPublicationIssues(entry)","publication-quality.test.ts + public-link-contract.test.ts"
"san-antonio-de-areco:not_publication_ready","P1","city","/baza-znaniy/san-antonio-de-areco","not_publication_ready","publication gate rejected entry","all publication checks pass","entry remains outside sitemap, search and public KB channels","not_publication_ready","DEEP_REWRITE","Content editor","quarantined","content/knowledge-base/_index/content.json","getPublicationIssues(entry)","publication-quality.test.ts + public-link-contract.test.ts"
"san-antonio-de-areco:non_russian_title","P1","city","/baza-znaniy/san-antonio-de-areco","non_russian_title","publication gate rejected entry","all publication checks pass","entry remains outside sitemap, search and public KB channels","non_russian_title","DEEP_REWRITE","Content editor","quarantined","content/knowledge-base/_index/content.json","getPublicationIssues(entry)","publication-quality.test.ts + public-link-contract.test.ts"
"san-antonio-de-areco:non_russian_summary","P1","city","/baza-znaniy/san-antonio-de-areco","non_russian_summary","publication gate rejected entry","all publication checks pass","entry remains outside sitemap, search and public KB channels","non_russian_summary","DEEP_REWRITE","Content editor","quarantined","content/knowledge-base/_index/content.json","getPublicationIssues(entry)","publication-quality.test.ts + public-link-contract.test.ts"
"san-antonio-oeste:not_publication_ready","P1","attraction","/baza-znaniy/san-antonio-oeste","not_publication_ready","publication gate rejected entry","all publication checks pass","entry remains outside sitemap, search and public KB channels","not_publication_ready","EXPAND","Content editor","quarantined","content/knowledge-base/_index/content.json","getPublicationIssues(entry)","publication-quality.test.ts + public-link-contract.test.ts"
"san-antonio-oeste:thin_content","P1","attraction","/baza-znaniy/san-antonio-oeste","thin_content","publication gate rejected entry","all publication checks pass","entry remains outside sitemap, search and public KB channels","thin_content","EXPAND","Content editor","quarantined","content/knowledge-base/_index/content.json","getPublicationIssues(entry)","publication-quality.test.ts + public-link-contract.test.ts"
"san-ignacio-mini:mixed_script_word","P1","attraction","/baza-znaniy/san-ignacio-mini","mixed_script_word","publication gate rejected entry","all publication checks pass","entry remains outside sitemap, search and public KB channels","mixed_script_word","DEEP_REWRITE","Content editor","quarantined","content/knowledge-base/_index/content.json","getPublicationIssues(entry)","publication-quality.test.ts + public-link-contract.test.ts"
"san-jose:not_publication_ready","P1","attraction","/baza-znaniy/san-jose","not_publication_ready","publication gate rejected entry","all publication checks pass","entry remains outside sitemap, search and public KB channels","not_publication_ready","EXPAND","Content editor","quarantined","content/knowledge-base/_index/content.json","getPublicationIssues(entry)","publication-quality.test.ts + public-link-contract.test.ts"
"san-jose:thin_content","P1","attraction","/baza-znaniy/san-jose","thin_content","publication gate rejected entry","all publication checks pass","entry remains outside sitemap, search and public KB channels","thin_content","EXPAND","Content editor","quarantined","content/knowledge-base/_index/content.json","getPublicationIssues(entry)","publication-quality.test.ts + public-link-contract.test.ts"
"san-rafael:not_publication_ready","P1","city","/baza-znaniy/san-rafael","not_publication_ready","publication gate rejected entry","all publication checks pass","entry remains outside sitemap, search and public KB channels","not_publication_ready","DEEP_REWRITE","Content editor","quarantined","content/knowledge-base/_index/content.json","getPublicationIssues(entry)","publication-quality.test.ts + public-link-contract.test.ts"
"san-rafael:non_russian_title","P1","city","/baza-znaniy/san-rafael","non_russian_title","publication gate rejected entry","all publication checks pass","entry remains outside sitemap, search and public KB channels","non_russian_title","DEEP_REWRITE","Content editor","quarantined","content/knowledge-base/_index/content.json","getPublicationIssues(entry)","publication-quality.test.ts + public-link-contract.test.ts"
"san-rafael:non_russian_summary","P1","city","/baza-znaniy/san-rafael","non_russian_summary","publication gate rejected entry","all publication checks pass","entry remains outside sitemap, search and public KB channels","non_russian_summary","DEEP_REWRITE","Content editor","quarantined","content/knowledge-base/_index/content.json","getPublicationIssues(entry)","publication-quality.test.ts + public-link-contract.test.ts"
"sandboard-en-abra-pampa:not_publication_ready","P1","attraction","/baza-znaniy/sandboard-en-abra-pampa","not_publication_ready","publication gate rejected entry","all publication checks pass","entry remains outside sitemap, search and public KB channels","not_publication_ready","DEEP_REWRITE","Content editor","quarantined","content/knowledge-base/_index/content.json","getPublicationIssues(entry)","publication-quality.test.ts + public-link-contract.test.ts"
"sandboard-en-abra-pampa:non_russian_title","P1","attraction","/baza-znaniy/sandboard-en-abra-pampa","non_russian_title","publication gate rejected entry","all publication checks pass","entry remains outside sitemap, search and public KB channels","non_russian_title","DEEP_REWRITE","Content editor","quarantined","content/knowledge-base/_index/content.json","getPublicationIssues(entry)","publication-quality.test.ts + public-link-contract.test.ts"
"sandboard-en-abra-pampa:non_russian_summary","P1","attraction","/baza-znaniy/sandboard-en-abra-pampa","non_russian_summary","publication gate rejected entry","all publication checks pass","entry remains outside sitemap, search and public KB channels","non_russian_summary","DEEP_REWRITE","Content editor","quarantined","content/knowledge-base/_index/content.json","getPublicationIssues(entry)","publication-quality.test.ts + public-link-contract.test.ts"
"sandboard-en-las-dunas-de-saujil:not_publication_ready","P1","attraction","/baza-znaniy/sandboard-en-las-dunas-de-saujil","not_publication_ready","publication gate rejected entry","all publication checks pass","entry remains outside sitemap, search and public KB channels","not_publication_ready","DEEP_REWRITE","Content editor","quarantined","content/knowledge-base/_index/content.json","getPublicationIssues(entry)","publication-quality.test.ts + public-link-contract.test.ts"
"sandboard-en-las-dunas-de-saujil:non_russian_title","P1","attraction","/baza-znaniy/sandboard-en-las-dunas-de-saujil","non_russian_title","publication gate rejected entry","all publication checks pass","entry remains outside sitemap, search and public KB channels","non_russian_title","DEEP_REWRITE","Content editor","quarantined","content/knowledge-base/_index/content.json","getPublicationIssues(entry)","publication-quality.test.ts + public-link-contract.test.ts"
"sandboard-en-las-dunas-de-saujil:non_russian_summary","P1","attraction","/baza-znaniy/sandboard-en-las-dunas-de-saujil","non_russian_summary","publication gate rejected entry","all publication checks pass","entry remains outside sitemap, search and public KB channels","non_russian_summary","DEEP_REWRITE","Content editor","quarantined","content/knowledge-base/_index/content.json","getPublicationIssues(entry)","publication-quality.test.ts + public-link-contract.test.ts"
"santa-fe:mixed_script_word","P1","city","/baza-znaniy/santa-fe","mixed_script_word","publication gate rejected entry","all publication checks pass","entry remains outside sitemap, search and public KB channels","mixed_script_word","DEEP_REWRITE","Content editor","quarantined","content/knowledge-base/_index/content.json","getPublicationIssues(entry)","publication-quality.test.ts + public-link-contract.test.ts"
"santa-maria:not_publication_ready","P1","attraction","/baza-znaniy/santa-maria","not_publication_ready","publication gate rejected entry","all publication checks pass","entry remains outside sitemap, search and public KB channels","not_publication_ready","EXPAND","Content editor","quarantined","content/knowledge-base/_index/content.json","getPublicationIssues(entry)","publication-quality.test.ts + public-link-contract.test.ts"
"santa-maria:thin_content","P1","attraction","/baza-znaniy/santa-maria","thin_content","publication gate rejected entry","all publication checks pass","entry remains outside sitemap, search and public KB channels","thin_content","EXPAND","Content editor","quarantined","content/knowledge-base/_index/content.json","getPublicationIssues(entry)","publication-quality.test.ts + public-link-contract.test.ts"
"seclantas:not_publication_ready","P1","attraction","/baza-znaniy/seclantas","not_publication_ready","publication gate rejected entry","all publication checks pass","entry remains outside sitemap, search and public KB channels","not_publication_ready","DEEP_REWRITE","Content editor","quarantined","content/knowledge-base/_index/content.json","getPublicationIssues(entry)","publication-quality.test.ts + public-link-contract.test.ts"
"seclantas:non_russian_title","P1","attraction","/baza-znaniy/seclantas","non_russian_title","publication gate rejected entry","all publication checks pass","entry remains outside sitemap, search and public KB channels","non_russian_title","DEEP_REWRITE","Content editor","quarantined","content/knowledge-base/_index/content.json","getPublicationIssues(entry)","publication-quality.test.ts + public-link-contract.test.ts"
"seclantas:non_russian_summary","P1","attraction","/baza-znaniy/seclantas","non_russian_summary","publication gate rejected entry","all publication checks pass","entry remains outside sitemap, search and public KB channels","non_russian_summary","DEEP_REWRITE","Content editor","quarantined","content/knowledge-base/_index/content.json","getPublicationIssues(entry)","publication-quality.test.ts + public-link-contract.test.ts"
"senderismo-con-llamas-en-jujuy:not_publication_ready","P1","attraction","/baza-znaniy/senderismo-con-llamas-en-jujuy","not_publication_ready","publication gate rejected entry","all publication checks pass","entry remains outside sitemap, search and public KB channels","not_publication_ready","DEEP_REWRITE","Content editor","quarantined","content/knowledge-base/_index/content.json","getPublicationIssues(entry)","publication-quality.test.ts + public-link-contract.test.ts"
"senderismo-con-llamas-en-jujuy:non_russian_title","P1","attraction","/baza-znaniy/senderismo-con-llamas-en-jujuy","non_russian_title","publication gate rejected entry","all publication checks pass","entry remains outside sitemap, search and public KB channels","non_russian_title","DEEP_REWRITE","Content editor","quarantined","content/knowledge-base/_index/content.json","getPublicationIssues(entry)","publication-quality.test.ts + public-link-contract.test.ts"
"senderismo-con-llamas-en-jujuy:non_russian_summary","P1","attraction","/baza-znaniy/senderismo-con-llamas-en-jujuy","non_russian_summary","publication gate rejected entry","all publication checks pass","entry remains outside sitemap, search and public KB channels","non_russian_summary","DEEP_REWRITE","Content editor","quarantined","content/knowledge-base/_index/content.json","getPublicationIssues(entry)","publication-quality.test.ts + public-link-contract.test.ts"
"senderos-periurbanos-de-esquel:not_publication_ready","P1","attraction","/baza-znaniy/senderos-periurbanos-de-esquel","not_publication_ready","publication gate rejected entry","all publication checks pass","entry remains outside sitemap, search and public KB channels","not_publication_ready","DEEP_REWRITE","Content editor","quarantined","content/knowledge-base/_index/content.json","getPublicationIssues(entry)","publication-quality.test.ts + public-link-contract.test.ts"
"senderos-periurbanos-de-esquel:non_russian_title","P1","attraction","/baza-znaniy/senderos-periurbanos-de-esquel","non_russian_title","publication gate rejected entry","all publication checks pass","entry remains outside sitemap, search and public KB channels","non_russian_title","DEEP_REWRITE","Content editor","quarantined","content/knowledge-base/_index/content.json","getPublicationIssues(entry)","publication-quality.test.ts + public-link-contract.test.ts"
"senderos-periurbanos-de-esquel:non_russian_summary","P1","attraction","/baza-znaniy/senderos-periurbanos-de-esquel","non_russian_summary","publication gate rejected entry","all publication checks pass","entry remains outside sitemap, search and public KB channels","non_russian_summary","DEEP_REWRITE","Content editor","quarantined","content/knowledge-base/_index/content.json","getPublicationIssues(entry)","publication-quality.test.ts + public-link-contract.test.ts"
"sierra-de-la-ventana:missing_hero","P1","attraction","/baza-znaniy/sierra-de-la-ventana","missing_hero","publication gate rejected entry","all publication checks pass","entry remains outside sitemap, search and public KB channels","missing_hero","LIGHT_EDIT","Media editor","quarantined","content/knowledge-base/_index/content.json","getPublicationIssues(entry)","publication-quality.test.ts + public-link-contract.test.ts"
"sierra-de-las-quijadas:thin_content","P1","national_park","/baza-znaniy/sierra-de-las-quijadas","thin_content","publication gate rejected entry","all publication checks pass","entry remains outside sitemap, search and public KB channels","thin_content","EXPAND","Content editor","quarantined","content/knowledge-base/_index/content.json","getPublicationIssues(entry)","publication-quality.test.ts + public-link-contract.test.ts"
"sierras-cordobesas:not_publication_ready","P1","attraction","/baza-znaniy/sierras-cordobesas","not_publication_ready","publication gate rejected entry","all publication checks pass","entry remains outside sitemap, search and public KB channels","not_publication_ready","EXPAND","Content editor","quarantined","content/knowledge-base/_index/content.json","getPublicationIssues(entry)","publication-quality.test.ts + public-link-contract.test.ts"
"sierras-cordobesas:thin_content","P1","attraction","/baza-znaniy/sierras-cordobesas","thin_content","publication gate rejected entry","all publication checks pass","entry remains outside sitemap, search and public KB channels","thin_content","EXPAND","Content editor","quarantined","content/knowledge-base/_index/content.json","getPublicationIssues(entry)","publication-quality.test.ts + public-link-contract.test.ts"
"sierras-de-la-provincia-de-buenos-aires:not_publication_ready","P1","attraction","/baza-znaniy/sierras-de-la-provincia-de-buenos-aires","not_publication_ready","publication gate rejected entry","all publication checks pass","entry remains outside sitemap, search and public KB channels","not_publication_ready","EXPAND","Content editor","quarantined","content/knowledge-base/_index/content.json","getPublicationIssues(entry)","publication-quality.test.ts + public-link-contract.test.ts"
"sierras-de-la-provincia-de-buenos-aires:thin_content","P1","attraction","/baza-znaniy/sierras-de-la-provincia-de-buenos-aires","thin_content","publication gate rejected entry","all publication checks pass","entry remains outside sitemap, search and public KB channels","thin_content","EXPAND","Content editor","quarantined","content/knowledge-base/_index/content.json","getPublicationIssues(entry)","publication-quality.test.ts + public-link-contract.test.ts"
"sierras-de-sumampa:not_publication_ready","P1","attraction","/baza-znaniy/sierras-de-sumampa","not_publication_ready","publication gate rejected entry","all publication checks pass","entry remains outside sitemap, search and public KB channels","not_publication_ready","EXPAND","Content editor","quarantined","content/knowledge-base/_index/content.json","getPublicationIssues(entry)","publication-quality.test.ts + public-link-contract.test.ts"
"sierras-de-sumampa:thin_content","P1","attraction","/baza-znaniy/sierras-de-sumampa","thin_content","publication gate rejected entry","all publication checks pass","entry remains outside sitemap, search and public KB channels","thin_content","EXPAND","Content editor","quarantined","content/knowledge-base/_index/content.json","getPublicationIssues(entry)","publication-quality.test.ts + public-link-contract.test.ts"
"skam-s-falshivoj-policiej:missing_sensitive_source","P0","faq","/baza-znaniy/skam-s-falshivoj-policiej","missing_sensitive_source","publication gate rejected entry","all publication checks pass","entry remains outside sitemap, search and public KB channels","missing_sensitive_source","LEGAL_REVIEW","Fact checker + legal reviewer","quarantined","content/knowledge-base/_index/content.json","getPublicationIssues(entry)","publication-quality.test.ts + public-link-contract.test.ts"
"skam-s-falshivoj-policiej:thin_content","P1","faq","/baza-znaniy/skam-s-falshivoj-policiej","thin_content","publication gate rejected entry","all publication checks pass","entry remains outside sitemap, search and public KB channels","thin_content","LEGAL_REVIEW","Fact checker + legal reviewer","quarantined","content/knowledge-base/_index/content.json","getPublicationIssues(entry)","publication-quality.test.ts + public-link-contract.test.ts"
"skolko-deneg-brat-na-poezdku:missing_sensitive_source","P0","faq","/baza-znaniy/skolko-deneg-brat-na-poezdku","missing_sensitive_source","publication gate rejected entry","all publication checks pass","entry remains outside sitemap, search and public KB channels","missing_sensitive_source","LEGAL_REVIEW","Fact checker + legal reviewer","quarantined","content/knowledge-base/_index/content.json","getPublicationIssues(entry)","publication-quality.test.ts + public-link-contract.test.ts"
"skolko-deneg-brat-na-poezdku:thin_content","P1","faq","/baza-znaniy/skolko-deneg-brat-na-poezdku","thin_content","publication gate rejected entry","all publication checks pass","entry remains outside sitemap, search and public KB channels","thin_content","LEGAL_REVIEW","Fact checker + legal reviewer","quarantined","content/knowledge-base/_index/content.json","getPublicationIssues(entry)","publication-quality.test.ts + public-link-contract.test.ts"
"skolko-dnej-na-marshrut-2-nedeli:thin_content","P1","faq","/baza-znaniy/skolko-dnej-na-marshrut-2-nedeli","thin_content","publication gate rejected entry","all publication checks pass","entry remains outside sitemap, search and public KB channels","thin_content","EXPAND","Content editor","quarantined","content/knowledge-base/_index/content.json","getPublicationIssues(entry)","publication-quality.test.ts + public-link-contract.test.ts"
"skolko-dnej-nuzhno-na-iguasu:thin_content","P1","faq","/baza-znaniy/skolko-dnej-nuzhno-na-iguasu","thin_content","publication gate rejected entry","all publication checks pass","entry remains outside sitemap, search and public KB channels","thin_content","EXPAND","Content editor","quarantined","content/knowledge-base/_index/content.json","getPublicationIssues(entry)","publication-quality.test.ts + public-link-contract.test.ts"
"skolko-letet-iz-rossii:missing_sensitive_source","P0","faq","/baza-znaniy/skolko-letet-iz-rossii","missing_sensitive_source","publication gate rejected entry","all publication checks pass","entry remains outside sitemap, search and public KB channels","missing_sensitive_source","LEGAL_REVIEW","Fact checker + legal reviewer","quarantined","content/knowledge-base/_index/content.json","getPublicationIssues(entry)","publication-quality.test.ts + public-link-contract.test.ts"
"skolko-letet-iz-rossii:thin_content","P1","faq","/baza-znaniy/skolko-letet-iz-rossii","thin_content","publication gate rejected entry","all publication checks pass","entry remains outside sitemap, search and public KB channels","thin_content","LEGAL_REVIEW","Fact checker + legal reviewer","quarantined","content/knowledge-base/_index/content.json","getPublicationIssues(entry)","publication-quality.test.ts + public-link-contract.test.ts"
"skolko-stoit-oformit-vnzh:missing_sensitive_source","P0","faq","/baza-znaniy/skolko-stoit-oformit-vnzh","missing_sensitive_source","publication gate rejected entry","all publication checks pass","entry remains outside sitemap, search and public KB channels","missing_sensitive_source","LEGAL_REVIEW","Fact checker + legal reviewer","quarantined","content/knowledge-base/_index/content.json","getPublicationIssues(entry)","publication-quality.test.ts + public-link-contract.test.ts"
"skolko-stoit-oformit-vnzh:thin_content","P1","faq","/baza-znaniy/skolko-stoit-oformit-vnzh","thin_content","publication gate rejected entry","all publication checks pass","entry remains outside sitemap, search and public KB channels","thin_content","LEGAL_REVIEW","Fact checker + legal reviewer","quarantined","content/knowledge-base/_index/content.json","getPublicationIssues(entry)","publication-quality.test.ts + public-link-contract.test.ts"
"skolko-stoit-zhizn-v-buenos-ajrese:missing_sensitive_source","P0","faq","/baza-znaniy/skolko-stoit-zhizn-v-buenos-ajrese","missing_sensitive_source","publication gate rejected entry","all publication checks pass","entry remains outside sitemap, search and public KB channels","missing_sensitive_source","LEGAL_REVIEW","Fact checker + legal reviewer","quarantined","content/knowledge-base/_index/content.json","getPublicationIssues(entry)","publication-quality.test.ts + public-link-contract.test.ts"
"sladkoe-dulce-de-leche:mixed_script_word","P1","guide","/baza-znaniy/sladkoe-dulce-de-leche","mixed_script_word","publication gate rejected entry","all publication checks pass","entry remains outside sitemap, search and public KB channels","mixed_script_word","DEEP_REWRITE","Content editor","quarantined","content/knowledge-base/_index/content.json","getPublicationIssues(entry)","publication-quality.test.ts + public-link-contract.test.ts"
"susques:mixed_script_word","P1","city","/baza-znaniy/susques","mixed_script_word","publication gate rejected entry","all publication checks pass","entry remains outside sitemap, search and public KB channels","mixed_script_word","DEEP_REWRITE","Media editor","quarantined","content/knowledge-base/_index/content.json","getPublicationIssues(entry)","publication-quality.test.ts + public-link-contract.test.ts"
"susques:missing_hero","P1","city","/baza-znaniy/susques","missing_hero","publication gate rejected entry","all publication checks pass","entry remains outside sitemap, search and public KB channels","missing_hero","DEEP_REWRITE","Media editor","quarantined","content/knowledge-base/_index/content.json","getPublicationIssues(entry)","publication-quality.test.ts + public-link-contract.test.ts"
"tafi-del-valle:missing_hero","P1","attraction","/baza-znaniy/tafi-del-valle","missing_hero","publication gate rejected entry","all publication checks pass","entry remains outside sitemap, search and public KB channels","missing_hero","LIGHT_EDIT","Media editor","quarantined","content/knowledge-base/_index/content.json","getPublicationIssues(entry)","publication-quality.test.ts + public-link-contract.test.ts"
"tafi-viejo:not_publication_ready","P1","attraction","/baza-znaniy/tafi-viejo","not_publication_ready","publication gate rejected entry","all publication checks pass","entry remains outside sitemap, search and public KB channels","not_publication_ready","DEEP_REWRITE","Content editor","quarantined","content/knowledge-base/_index/content.json","getPublicationIssues(entry)","publication-quality.test.ts + public-link-contract.test.ts"
"tafi-viejo:non_russian_title","P1","attraction","/baza-znaniy/tafi-viejo","non_russian_title","publication gate rejected entry","all publication checks pass","entry remains outside sitemap, search and public KB channels","non_russian_title","DEEP_REWRITE","Content editor","quarantined","content/knowledge-base/_index/content.json","getPublicationIssues(entry)","publication-quality.test.ts + public-link-contract.test.ts"
"tafi-viejo:non_russian_summary","P1","attraction","/baza-znaniy/tafi-viejo","non_russian_summary","publication gate rejected entry","all publication checks pass","entry remains outside sitemap, search and public KB channels","non_russian_summary","DEEP_REWRITE","Content editor","quarantined","content/knowledge-base/_index/content.json","getPublicationIssues(entry)","publication-quality.test.ts + public-link-contract.test.ts"
"tandil:missing_hero","P1","city","/baza-znaniy/tandil","missing_hero","publication gate rejected entry","all publication checks pass","entry remains outside sitemap, search and public KB channels","missing_hero","LIGHT_EDIT","Media editor","quarantined","content/knowledge-base/_index/content.json","getPublicationIssues(entry)","publication-quality.test.ts + public-link-contract.test.ts"
"tango-en-buenos-aires:machine_translation_marker","P0","attraction","/baza-znaniy/tango-en-buenos-aires","machine_translation_marker","publication gate rejected entry","all publication checks pass","entry remains outside sitemap, search and public KB channels","machine_translation_marker","HUMAN_REVIEW","Russian content editor","quarantined","content/knowledge-base/_index/content.json","getPublicationIssues(entry)","publication-quality.test.ts + public-link-contract.test.ts"
"tastil-y-santa-rosa-de-tastil:not_publication_ready","P1","attraction","/baza-znaniy/tastil-y-santa-rosa-de-tastil","not_publication_ready","publication gate rejected entry","all publication checks pass","entry remains outside sitemap, search and public KB channels","not_publication_ready","DEEP_REWRITE","Content editor","quarantined","content/knowledge-base/_index/content.json","getPublicationIssues(entry)","publication-quality.test.ts + public-link-contract.test.ts"
"tastil-y-santa-rosa-de-tastil:non_russian_title","P1","attraction","/baza-znaniy/tastil-y-santa-rosa-de-tastil","non_russian_title","publication gate rejected entry","all publication checks pass","entry remains outside sitemap, search and public KB channels","non_russian_title","DEEP_REWRITE","Content editor","quarantined","content/knowledge-base/_index/content.json","getPublicationIssues(entry)","publication-quality.test.ts + public-link-contract.test.ts"
"tastil-y-santa-rosa-de-tastil:non_russian_summary","P1","attraction","/baza-znaniy/tastil-y-santa-rosa-de-tastil","non_russian_summary","publication gate rejected entry","all publication checks pass","entry remains outside sitemap, search and public KB channels","non_russian_summary","DEEP_REWRITE","Content editor","quarantined","content/knowledge-base/_index/content.json","getPublicationIssues(entry)","publication-quality.test.ts + public-link-contract.test.ts"
"teatro-y-literatura-en-buenos-aires:machine_translation_marker","P0","attraction","/baza-znaniy/teatro-y-literatura-en-buenos-aires","machine_translation_marker","publication gate rejected entry","all publication checks pass","entry remains outside sitemap, search and public KB channels","machine_translation_marker","HUMAN_REVIEW","Russian content editor","quarantined","content/knowledge-base/_index/content.json","getPublicationIssues(entry)","publication-quality.test.ts + public-link-contract.test.ts"
"temporada-de-orcas-en-peninsula-valdes:not_publication_ready","P1","attraction","/baza-znaniy/temporada-de-orcas-en-peninsula-valdes","not_publication_ready","publication gate rejected entry","all publication checks pass","entry remains outside sitemap, search and public KB channels","not_publication_ready","DEEP_REWRITE","Content editor","quarantined","content/knowledge-base/_index/content.json","getPublicationIssues(entry)","publication-quality.test.ts + public-link-contract.test.ts"
"temporada-de-orcas-en-peninsula-valdes:non_russian_title","P1","attraction","/baza-znaniy/temporada-de-orcas-en-peninsula-valdes","non_russian_title","publication gate rejected entry","all publication checks pass","entry remains outside sitemap, search and public KB channels","non_russian_title","DEEP_REWRITE","Content editor","quarantined","content/knowledge-base/_index/content.json","getPublicationIssues(entry)","publication-quality.test.ts + public-link-contract.test.ts"
"temporada-de-orcas-en-peninsula-valdes:non_russian_summary","P1","attraction","/baza-znaniy/temporada-de-orcas-en-peninsula-valdes","non_russian_summary","publication gate rejected entry","all publication checks pass","entry remains outside sitemap, search and public KB channels","non_russian_summary","DEEP_REWRITE","Content editor","quarantined","content/knowledge-base/_index/content.json","getPublicationIssues(entry)","publication-quality.test.ts + public-link-contract.test.ts"
"termas-de-cacheuta:not_publication_ready","P1","attraction","/baza-znaniy/termas-de-cacheuta","not_publication_ready","publication gate rejected entry","all publication checks pass","entry remains outside sitemap, search and public KB channels","not_publication_ready","EXPAND","Content editor","quarantined","content/knowledge-base/_index/content.json","getPublicationIssues(entry)","publication-quality.test.ts + public-link-contract.test.ts"
"termas-de-cacheuta:thin_content","P1","attraction","/baza-znaniy/termas-de-cacheuta","thin_content","publication gate rejected entry","all publication checks pass","entry remains outside sitemap, search and public KB channels","thin_content","EXPAND","Content editor","quarantined","content/knowledge-base/_index/content.json","getPublicationIssues(entry)","publication-quality.test.ts + public-link-contract.test.ts"
"termas-de-saenz-pena:not_publication_ready","P1","attraction","/baza-znaniy/termas-de-saenz-pena","not_publication_ready","publication gate rejected entry","all publication checks pass","entry remains outside sitemap, search and public KB channels","not_publication_ready","EXPAND","Content editor","quarantined","content/knowledge-base/_index/content.json","getPublicationIssues(entry)","publication-quality.test.ts + public-link-contract.test.ts"
"termas-de-saenz-pena:thin_content","P1","attraction","/baza-znaniy/termas-de-saenz-pena","thin_content","publication gate rejected entry","all publication checks pass","entry remains outside sitemap, search and public KB channels","thin_content","EXPAND","Content editor","quarantined","content/knowledge-base/_index/content.json","getPublicationIssues(entry)","publication-quality.test.ts + public-link-contract.test.ts"
"termas-del-rio-jordan:not_publication_ready","P1","attraction","/baza-znaniy/termas-del-rio-jordan","not_publication_ready","publication gate rejected entry","all publication checks pass","entry remains outside sitemap, search and public KB channels","not_publication_ready","EXPAND","Content editor","quarantined","content/knowledge-base/_index/content.json","getPublicationIssues(entry)","publication-quality.test.ts + public-link-contract.test.ts"
"termas-del-rio-jordan:thin_content","P1","attraction","/baza-znaniy/termas-del-rio-jordan","thin_content","publication gate rejected entry","all publication checks pass","entry remains outside sitemap, search and public KB channels","thin_content","EXPAND","Content editor","quarantined","content/knowledge-base/_index/content.json","getPublicationIssues(entry)","publication-quality.test.ts + public-link-contract.test.ts"
"termas-en-entre-rios:not_publication_ready","P1","attraction","/baza-znaniy/termas-en-entre-rios","not_publication_ready","publication gate rejected entry","all publication checks pass","entry remains outside sitemap, search and public KB channels","not_publication_ready","DEEP_REWRITE","Content editor","quarantined","content/knowledge-base/_index/content.json","getPublicationIssues(entry)","publication-quality.test.ts + public-link-contract.test.ts"
"termas-en-entre-rios:mixed_script_word","P1","attraction","/baza-znaniy/termas-en-entre-rios","mixed_script_word","publication gate rejected entry","all publication checks pass","entry remains outside sitemap, search and public KB channels","mixed_script_word","DEEP_REWRITE","Content editor","quarantined","content/knowledge-base/_index/content.json","getPublicationIssues(entry)","publication-quality.test.ts + public-link-contract.test.ts"
"termas-en-entre-rios:thin_content","P1","attraction","/baza-znaniy/termas-en-entre-rios","thin_content","publication gate rejected entry","all publication checks pass","entry remains outside sitemap, search and public KB channels","thin_content","DEEP_REWRITE","Content editor","quarantined","content/knowledge-base/_index/content.json","getPublicationIssues(entry)","publication-quality.test.ts + public-link-contract.test.ts"
"tilcara:not_publication_ready","P1","attraction","/baza-znaniy/tilcara","not_publication_ready","publication gate rejected entry","all publication checks pass","entry remains outside sitemap, search and public KB channels","not_publication_ready","DEEP_REWRITE","Content editor","quarantined","content/knowledge-base/_index/content.json","getPublicationIssues(entry)","publication-quality.test.ts + public-link-contract.test.ts"
"tilcara:non_russian_title","P1","attraction","/baza-znaniy/tilcara","non_russian_title","publication gate rejected entry","all publication checks pass","entry remains outside sitemap, search and public KB channels","non_russian_title","DEEP_REWRITE","Content editor","quarantined","content/knowledge-base/_index/content.json","getPublicationIssues(entry)","publication-quality.test.ts + public-link-contract.test.ts"
"tilcara:non_russian_summary","P1","attraction","/baza-znaniy/tilcara","non_russian_summary","publication gate rejected entry","all publication checks pass","entry remains outside sitemap, search and public KB channels","non_russian_summary","DEEP_REWRITE","Content editor","quarantined","content/knowledge-base/_index/content.json","getPublicationIssues(entry)","publication-quality.test.ts + public-link-contract.test.ts"
"tinogasta:not_publication_ready","P1","attraction","/baza-znaniy/tinogasta","not_publication_ready","publication gate rejected entry","all publication checks pass","entry remains outside sitemap, search and public KB channels","not_publication_ready","DEEP_REWRITE","Content editor","quarantined","content/knowledge-base/_index/content.json","getPublicationIssues(entry)","publication-quality.test.ts + public-link-contract.test.ts"
"tinogasta:non_russian_title","P1","attraction","/baza-znaniy/tinogasta","non_russian_title","publication gate rejected entry","all publication checks pass","entry remains outside sitemap, search and public KB channels","non_russian_title","DEEP_REWRITE","Content editor","quarantined","content/knowledge-base/_index/content.json","getPublicationIssues(entry)","publication-quality.test.ts + public-link-contract.test.ts"
"tinogasta:non_russian_summary","P1","attraction","/baza-znaniy/tinogasta","non_russian_summary","publication gate rejected entry","all publication checks pass","entry remains outside sitemap, search and public KB channels","non_russian_summary","DEEP_REWRITE","Content editor","quarantined","content/knowledge-base/_index/content.json","getPublicationIssues(entry)","publication-quality.test.ts + public-link-contract.test.ts"
"tolhuin:not_publication_ready","P1","attraction","/baza-znaniy/tolhuin","not_publication_ready","publication gate rejected entry","all publication checks pass","entry remains outside sitemap, search and public KB channels","not_publication_ready","DEEP_REWRITE","Content editor","quarantined","content/knowledge-base/_index/content.json","getPublicationIssues(entry)","publication-quality.test.ts + public-link-contract.test.ts"
"tolhuin:non_russian_title","P1","attraction","/baza-znaniy/tolhuin","non_russian_title","publication gate rejected entry","all publication checks pass","entry remains outside sitemap, search and public KB channels","non_russian_title","DEEP_REWRITE","Content editor","quarantined","content/knowledge-base/_index/content.json","getPublicationIssues(entry)","publication-quality.test.ts + public-link-contract.test.ts"
"tolhuin:non_russian_summary","P1","attraction","/baza-znaniy/tolhuin","non_russian_summary","publication gate rejected entry","all publication checks pass","entry remains outside sitemap, search and public KB channels","non_russian_summary","DEEP_REWRITE","Content editor","quarantined","content/knowledge-base/_index/content.json","getPublicationIssues(entry)","publication-quality.test.ts + public-link-contract.test.ts"
"tradicion-cervecera-en-santa-fe:thin_content","P1","attraction","/baza-znaniy/tradicion-cervecera-en-santa-fe","thin_content","publication gate rejected entry","all publication checks pass","entry remains outside sitemap, search and public KB channels","thin_content","EXPAND","Content editor","quarantined","content/knowledge-base/_index/content.json","getPublicationIssues(entry)","publication-quality.test.ts + public-link-contract.test.ts"
"tradiciones-gauchas:not_publication_ready","P1","attraction","/baza-znaniy/tradiciones-gauchas","not_publication_ready","publication gate rejected entry","all publication checks pass","entry remains outside sitemap, search and public KB channels","not_publication_ready","DEEP_REWRITE","Content editor","quarantined","content/knowledge-base/_index/content.json","getPublicationIssues(entry)","publication-quality.test.ts + public-link-contract.test.ts"
"tradiciones-gauchas:non_russian_title","P1","attraction","/baza-znaniy/tradiciones-gauchas","non_russian_title","publication gate rejected entry","all publication checks pass","entry remains outside sitemap, search and public KB channels","non_russian_title","DEEP_REWRITE","Content editor","quarantined","content/knowledge-base/_index/content.json","getPublicationIssues(entry)","publication-quality.test.ts + public-link-contract.test.ts"
"tradiciones-gauchas:non_russian_summary","P1","attraction","/baza-znaniy/tradiciones-gauchas","non_russian_summary","publication gate rejected entry","all publication checks pass","entry remains outside sitemap, search and public KB channels","non_russian_summary","DEEP_REWRITE","Content editor","quarantined","content/knowledge-base/_index/content.json","getPublicationIssues(entry)","publication-quality.test.ts + public-link-contract.test.ts"
"travesia-4x4-en-tierra-del-fuego:not_publication_ready","P1","attraction","/baza-znaniy/travesia-4x4-en-tierra-del-fuego","not_publication_ready","publication gate rejected entry","all publication checks pass","entry remains outside sitemap, search and public KB channels","not_publication_ready","DEEP_REWRITE","Content editor","quarantined","content/knowledge-base/_index/content.json","getPublicationIssues(entry)","publication-quality.test.ts + public-link-contract.test.ts"
"travesia-4x4-en-tierra-del-fuego:non_russian_summary","P1","attraction","/baza-znaniy/travesia-4x4-en-tierra-del-fuego","non_russian_summary","publication gate rejected entry","all publication checks pass","entry remains outside sitemap, search and public KB channels","non_russian_summary","DEEP_REWRITE","Content editor","quarantined","content/knowledge-base/_index/content.json","getPublicationIssues(entry)","publication-quality.test.ts + public-link-contract.test.ts"
"trekking-en-bosques-y-lagos:thin_content","P1","attraction","/baza-znaniy/trekking-en-bosques-y-lagos","thin_content","publication gate rejected entry","all publication checks pass","entry remains outside sitemap, search and public KB channels","thin_content","EXPAND","Content editor","quarantined","content/knowledge-base/_index/content.json","getPublicationIssues(entry)","publication-quality.test.ts + public-link-contract.test.ts"
"trekking-en-lihue-calel:not_publication_ready","P1","attraction","/baza-znaniy/trekking-en-lihue-calel","not_publication_ready","publication gate rejected entry","all publication checks pass","entry remains outside sitemap, search and public KB channels","not_publication_ready","DEEP_REWRITE","Content editor","quarantined","content/knowledge-base/_index/content.json","getPublicationIssues(entry)","publication-quality.test.ts + public-link-contract.test.ts"
"trekking-en-lihue-calel:non_russian_title","P1","attraction","/baza-znaniy/trekking-en-lihue-calel","non_russian_title","publication gate rejected entry","all publication checks pass","entry remains outside sitemap, search and public KB channels","non_russian_title","DEEP_REWRITE","Content editor","quarantined","content/knowledge-base/_index/content.json","getPublicationIssues(entry)","publication-quality.test.ts + public-link-contract.test.ts"
"trekking-en-lihue-calel:non_russian_summary","P1","attraction","/baza-znaniy/trekking-en-lihue-calel","non_russian_summary","publication gate rejected entry","all publication checks pass","entry remains outside sitemap, search and public KB channels","non_russian_summary","DEEP_REWRITE","Content editor","quarantined","content/knowledge-base/_index/content.json","getPublicationIssues(entry)","publication-quality.test.ts + public-link-contract.test.ts"
"trekking-en-parque-patagonia:not_publication_ready","P1","attraction","/baza-znaniy/trekking-en-parque-patagonia","not_publication_ready","publication gate rejected entry","all publication checks pass","entry remains outside sitemap, search and public KB channels","not_publication_ready","DEEP_REWRITE","Content editor","quarantined","content/knowledge-base/_index/content.json","getPublicationIssues(entry)","publication-quality.test.ts + public-link-contract.test.ts"
"trekking-en-parque-patagonia:non_russian_summary","P1","attraction","/baza-znaniy/trekking-en-parque-patagonia","non_russian_summary","publication gate rejected entry","all publication checks pass","entry remains outside sitemap, search and public KB channels","non_russian_summary","DEEP_REWRITE","Content editor","quarantined","content/knowledge-base/_index/content.json","getPublicationIssues(entry)","publication-quality.test.ts + public-link-contract.test.ts"
"trekking-en-salta:not_publication_ready","P1","attraction","/baza-znaniy/trekking-en-salta","not_publication_ready","publication gate rejected entry","all publication checks pass","entry remains outside sitemap, search and public KB channels","not_publication_ready","DEEP_REWRITE","Content editor","quarantined","content/knowledge-base/_index/content.json","getPublicationIssues(entry)","publication-quality.test.ts + public-link-contract.test.ts"
"trekking-en-salta:non_russian_title","P1","attraction","/baza-znaniy/trekking-en-salta","non_russian_title","publication gate rejected entry","all publication checks pass","entry remains outside sitemap, search and public KB channels","non_russian_title","DEEP_REWRITE","Content editor","quarantined","content/knowledge-base/_index/content.json","getPublicationIssues(entry)","publication-quality.test.ts + public-link-contract.test.ts"
"trekking-en-salta:non_russian_summary","P1","attraction","/baza-znaniy/trekking-en-salta","non_russian_summary","publication gate rejected entry","all publication checks pass","entry remains outside sitemap, search and public KB channels","non_russian_summary","DEEP_REWRITE","Content editor","quarantined","content/knowledge-base/_index/content.json","getPublicationIssues(entry)","publication-quality.test.ts + public-link-contract.test.ts"
"trekking-en-tolhuin:thin_content","P1","attraction","/baza-znaniy/trekking-en-tolhuin","thin_content","publication gate rejected entry","all publication checks pass","entry remains outside sitemap, search and public KB channels","thin_content","EXPAND","Content editor","quarantined","content/knowledge-base/_index/content.json","getPublicationIssues(entry)","publication-quality.test.ts + public-link-contract.test.ts"
"tren-a-las-nubes:thin_content","P1","attraction","/baza-znaniy/tren-a-las-nubes","thin_content","publication gate rejected entry","all publication checks pass","entry remains outside sitemap, search and public KB channels","thin_content","EXPAND","Content editor","quarantined","content/knowledge-base/_index/content.json","getPublicationIssues(entry)","publication-quality.test.ts + public-link-contract.test.ts"
"tren-de-las-sierras:not_publication_ready","P1","attraction","/baza-znaniy/tren-de-las-sierras","not_publication_ready","publication gate rejected entry","all publication checks pass","entry remains outside sitemap, search and public KB channels","not_publication_ready","DEEP_REWRITE","Content editor","quarantined","content/knowledge-base/_index/content.json","getPublicationIssues(entry)","publication-quality.test.ts + public-link-contract.test.ts"
"tren-de-las-sierras:non_russian_title","P1","attraction","/baza-znaniy/tren-de-las-sierras","non_russian_title","publication gate rejected entry","all publication checks pass","entry remains outside sitemap, search and public KB channels","non_russian_title","DEEP_REWRITE","Content editor","quarantined","content/knowledge-base/_index/content.json","getPublicationIssues(entry)","publication-quality.test.ts + public-link-contract.test.ts"
"tren-de-las-sierras:non_russian_summary","P1","attraction","/baza-znaniy/tren-de-las-sierras","non_russian_summary","publication gate rejected entry","all publication checks pass","entry remains outside sitemap, search and public KB channels","non_russian_summary","DEEP_REWRITE","Content editor","quarantined","content/knowledge-base/_index/content.json","getPublicationIssues(entry)","publication-quality.test.ts + public-link-contract.test.ts"
"trevelin:thin_content","P1","attraction","/baza-znaniy/trevelin","thin_content","publication gate rejected entry","all publication checks pass","entry remains outside sitemap, search and public KB channels","thin_content","EXPAND","Media editor","quarantined","content/knowledge-base/_index/content.json","getPublicationIssues(entry)","publication-quality.test.ts + public-link-contract.test.ts"
"trevelin:missing_hero","P1","attraction","/baza-znaniy/trevelin","missing_hero","publication gate rejected entry","all publication checks pass","entry remains outside sitemap, search and public KB channels","missing_hero","EXPAND","Media editor","quarantined","content/knowledge-base/_index/content.json","getPublicationIssues(entry)","publication-quality.test.ts + public-link-contract.test.ts"
"trevelin-el-pueblo-del-molino:not_publication_ready","P1","attraction","/baza-znaniy/trevelin-el-pueblo-del-molino","not_publication_ready","publication gate rejected entry","all publication checks pass","entry remains outside sitemap, search and public KB channels","not_publication_ready","DEEP_REWRITE","Content editor","quarantined","content/knowledge-base/_index/content.json","getPublicationIssues(entry)","publication-quality.test.ts + public-link-contract.test.ts"
"trevelin-el-pueblo-del-molino:non_russian_title","P1","attraction","/baza-znaniy/trevelin-el-pueblo-del-molino","non_russian_title","publication gate rejected entry","all publication checks pass","entry remains outside sitemap, search and public KB channels","non_russian_title","DEEP_REWRITE","Content editor","quarantined","content/knowledge-base/_index/content.json","getPublicationIssues(entry)","publication-quality.test.ts + public-link-contract.test.ts"
"trevelin-el-pueblo-del-molino:non_russian_summary","P1","attraction","/baza-znaniy/trevelin-el-pueblo-del-molino","non_russian_summary","publication gate rejected entry","all publication checks pass","entry remains outside sitemap, search and public KB channels","non_russian_summary","DEEP_REWRITE","Content editor","quarantined","content/knowledge-base/_index/content.json","getPublicationIssues(entry)","publication-quality.test.ts + public-link-contract.test.ts"
"turismo-aventura-en-chaco:not_publication_ready","P1","attraction","/baza-znaniy/turismo-aventura-en-chaco","not_publication_ready","publication gate rejected entry","all publication checks pass","entry remains outside sitemap, search and public KB channels","not_publication_ready","DEEP_REWRITE","Content editor","quarantined","content/knowledge-base/_index/content.json","getPublicationIssues(entry)","publication-quality.test.ts + public-link-contract.test.ts"
"turismo-aventura-en-chaco:non_russian_title","P1","attraction","/baza-znaniy/turismo-aventura-en-chaco","non_russian_title","publication gate rejected entry","all publication checks pass","entry remains outside sitemap, search and public KB channels","non_russian_title","DEEP_REWRITE","Content editor","quarantined","content/knowledge-base/_index/content.json","getPublicationIssues(entry)","publication-quality.test.ts + public-link-contract.test.ts"
"turismo-aventura-en-chaco:non_russian_summary","P1","attraction","/baza-znaniy/turismo-aventura-en-chaco","non_russian_summary","publication gate rejected entry","all publication checks pass","entry remains outside sitemap, search and public KB channels","non_russian_summary","DEEP_REWRITE","Content editor","quarantined","content/knowledge-base/_index/content.json","getPublicationIssues(entry)","publication-quality.test.ts + public-link-contract.test.ts"
"turismo-cultural-en-rosario:not_publication_ready","P1","attraction","/baza-znaniy/turismo-cultural-en-rosario","not_publication_ready","publication gate rejected entry","all publication checks pass","entry remains outside sitemap, search and public KB channels","not_publication_ready","DEEP_REWRITE","Content editor","quarantined","content/knowledge-base/_index/content.json","getPublicationIssues(entry)","publication-quality.test.ts + public-link-contract.test.ts"
"turismo-cultural-en-rosario:non_russian_title","P1","attraction","/baza-znaniy/turismo-cultural-en-rosario","non_russian_title","publication gate rejected entry","all publication checks pass","entry remains outside sitemap, search and public KB channels","non_russian_title","DEEP_REWRITE","Content editor","quarantined","content/knowledge-base/_index/content.json","getPublicationIssues(entry)","publication-quality.test.ts + public-link-contract.test.ts"
"turismo-cultural-en-rosario:non_russian_summary","P1","attraction","/baza-znaniy/turismo-cultural-en-rosario","non_russian_summary","publication gate rejected entry","all publication checks pass","entry remains outside sitemap, search and public KB channels","non_russian_summary","DEEP_REWRITE","Content editor","quarantined","content/knowledge-base/_index/content.json","getPublicationIssues(entry)","publication-quality.test.ts + public-link-contract.test.ts"
"turismo-paleontologico-en-neuquen:not_publication_ready","P1","attraction","/baza-znaniy/turismo-paleontologico-en-neuquen","not_publication_ready","publication gate rejected entry","all publication checks pass","entry remains outside sitemap, search and public KB channels","not_publication_ready","DEEP_REWRITE","Content editor","quarantined","content/knowledge-base/_index/content.json","getPublicationIssues(entry)","publication-quality.test.ts + public-link-contract.test.ts"
"turismo-paleontologico-en-neuquen:non_russian_title","P1","attraction","/baza-znaniy/turismo-paleontologico-en-neuquen","non_russian_title","publication gate rejected entry","all publication checks pass","entry remains outside sitemap, search and public KB channels","non_russian_title","DEEP_REWRITE","Content editor","quarantined","content/knowledge-base/_index/content.json","getPublicationIssues(entry)","publication-quality.test.ts + public-link-contract.test.ts"
"turismo-paleontologico-en-neuquen:non_russian_summary","P1","attraction","/baza-znaniy/turismo-paleontologico-en-neuquen","non_russian_summary","publication gate rejected entry","all publication checks pass","entry remains outside sitemap, search and public KB channels","non_russian_summary","DEEP_REWRITE","Content editor","quarantined","content/knowledge-base/_index/content.json","getPublicationIssues(entry)","publication-quality.test.ts + public-link-contract.test.ts"
"turismo-religioso-en-salta:not_publication_ready","P1","attraction","/baza-znaniy/turismo-religioso-en-salta","not_publication_ready","publication gate rejected entry","all publication checks pass","entry remains outside sitemap, search and public KB channels","not_publication_ready","DEEP_REWRITE","Content editor","quarantined","content/knowledge-base/_index/content.json","getPublicationIssues(entry)","publication-quality.test.ts + public-link-contract.test.ts"
"turismo-religioso-en-salta:non_russian_title","P1","attraction","/baza-znaniy/turismo-religioso-en-salta","non_russian_title","publication gate rejected entry","all publication checks pass","entry remains outside sitemap, search and public KB channels","non_russian_title","DEEP_REWRITE","Content editor","quarantined","content/knowledge-base/_index/content.json","getPublicationIssues(entry)","publication-quality.test.ts + public-link-contract.test.ts"
"turismo-religioso-en-salta:non_russian_summary","P1","attraction","/baza-znaniy/turismo-religioso-en-salta","non_russian_summary","publication gate rejected entry","all publication checks pass","entry remains outside sitemap, search and public KB channels","non_russian_summary","DEEP_REWRITE","Content editor","quarantined","content/knowledge-base/_index/content.json","getPublicationIssues(entry)","publication-quality.test.ts + public-link-contract.test.ts"
"turismo-rural-comunitario:not_publication_ready","P1","attraction","/baza-znaniy/turismo-rural-comunitario","not_publication_ready","publication gate rejected entry","all publication checks pass","entry remains outside sitemap, search and public KB channels","not_publication_ready","DEEP_REWRITE","Content editor","quarantined","content/knowledge-base/_index/content.json","getPublicationIssues(entry)","publication-quality.test.ts + public-link-contract.test.ts"
"turismo-rural-comunitario:non_russian_title","P1","attraction","/baza-znaniy/turismo-rural-comunitario","non_russian_title","publication gate rejected entry","all publication checks pass","entry remains outside sitemap, search and public KB channels","non_russian_title","DEEP_REWRITE","Content editor","quarantined","content/knowledge-base/_index/content.json","getPublicationIssues(entry)","publication-quality.test.ts + public-link-contract.test.ts"
"turismo-rural-comunitario:non_russian_summary","P1","attraction","/baza-znaniy/turismo-rural-comunitario","non_russian_summary","publication gate rejected entry","all publication checks pass","entry remains outside sitemap, search and public KB channels","non_russian_summary","DEEP_REWRITE","Content editor","quarantined","content/knowledge-base/_index/content.json","getPublicationIssues(entry)","publication-quality.test.ts + public-link-contract.test.ts"
"turismo-rural-en-la-pampa:not_publication_ready","P1","attraction","/baza-znaniy/turismo-rural-en-la-pampa","not_publication_ready","publication gate rejected entry","all publication checks pass","entry remains outside sitemap, search and public KB channels","not_publication_ready","DEEP_REWRITE","Content editor","quarantined","content/knowledge-base/_index/content.json","getPublicationIssues(entry)","publication-quality.test.ts + public-link-contract.test.ts"
"turismo-rural-en-la-pampa:non_russian_title","P1","attraction","/baza-znaniy/turismo-rural-en-la-pampa","non_russian_title","publication gate rejected entry","all publication checks pass","entry remains outside sitemap, search and public KB channels","non_russian_title","DEEP_REWRITE","Content editor","quarantined","content/knowledge-base/_index/content.json","getPublicationIssues(entry)","publication-quality.test.ts + public-link-contract.test.ts"
"turismo-rural-en-la-pampa:non_russian_summary","P1","attraction","/baza-znaniy/turismo-rural-en-la-pampa","non_russian_summary","publication gate rejected entry","all publication checks pass","entry remains outside sitemap, search and public KB channels","non_russian_summary","DEEP_REWRITE","Content editor","quarantined","content/knowledge-base/_index/content.json","getPublicationIssues(entry)","publication-quality.test.ts + public-link-contract.test.ts"
"turismo-rural-en-salta:not_publication_ready","P1","attraction","/baza-znaniy/turismo-rural-en-salta","not_publication_ready","publication gate rejected entry","all publication checks pass","entry remains outside sitemap, search and public KB channels","not_publication_ready","DEEP_REWRITE","Content editor","quarantined","content/knowledge-base/_index/content.json","getPublicationIssues(entry)","publication-quality.test.ts + public-link-contract.test.ts"
"turismo-rural-en-salta:non_russian_title","P1","attraction","/baza-znaniy/turismo-rural-en-salta","non_russian_title","publication gate rejected entry","all publication checks pass","entry remains outside sitemap, search and public KB channels","non_russian_title","DEEP_REWRITE","Content editor","quarantined","content/knowledge-base/_index/content.json","getPublicationIssues(entry)","publication-quality.test.ts + public-link-contract.test.ts"
"turismo-rural-en-salta:non_russian_summary","P1","attraction","/baza-znaniy/turismo-rural-en-salta","non_russian_summary","publication gate rejected entry","all publication checks pass","entry remains outside sitemap, search and public KB channels","non_russian_summary","DEEP_REWRITE","Content editor","quarantined","content/knowledge-base/_index/content.json","getPublicationIssues(entry)","publication-quality.test.ts + public-link-contract.test.ts"
"ushuaia-la-ciudad-y-el-tren:not_publication_ready","P1","attraction","/baza-znaniy/ushuaia-la-ciudad-y-el-tren","not_publication_ready","publication gate rejected entry","all publication checks pass","entry remains outside sitemap, search and public KB channels","not_publication_ready","DEEP_REWRITE","Content editor","quarantined","content/knowledge-base/_index/content.json","getPublicationIssues(entry)","publication-quality.test.ts + public-link-contract.test.ts"
"ushuaia-la-ciudad-y-el-tren:non_russian_summary","P1","attraction","/baza-znaniy/ushuaia-la-ciudad-y-el-tren","non_russian_summary","publication gate rejected entry","all publication checks pass","entry remains outside sitemap, search and public KB channels","non_russian_summary","DEEP_REWRITE","Content editor","quarantined","content/knowledge-base/_index/content.json","getPublicationIssues(entry)","publication-quality.test.ts + public-link-contract.test.ts"
"valle-de-la-luna-de-cusi-cusi:not_publication_ready","P1","attraction","/baza-znaniy/valle-de-la-luna-de-cusi-cusi","not_publication_ready","publication gate rejected entry","all publication checks pass","entry remains outside sitemap, search and public KB channels","not_publication_ready","EXPAND","Content editor","quarantined","content/knowledge-base/_index/content.json","getPublicationIssues(entry)","publication-quality.test.ts + public-link-contract.test.ts"
"valle-de-la-luna-de-cusi-cusi:thin_content","P1","attraction","/baza-znaniy/valle-de-la-luna-de-cusi-cusi","thin_content","publication gate rejected entry","all publication checks pass","entry remains outside sitemap, search and public KB channels","thin_content","EXPAND","Content editor","quarantined","content/knowledge-base/_index/content.json","getPublicationIssues(entry)","publication-quality.test.ts + public-link-contract.test.ts"
"valle-de-punilla-cordoba:not_publication_ready","P1","attraction","/baza-znaniy/valle-de-punilla-cordoba","not_publication_ready","publication gate rejected entry","all publication checks pass","entry remains outside sitemap, search and public KB channels","not_publication_ready","EXPAND","Content editor","quarantined","content/knowledge-base/_index/content.json","getPublicationIssues(entry)","publication-quality.test.ts + public-link-contract.test.ts"
"valle-de-punilla-cordoba:thin_content","P1","attraction","/baza-znaniy/valle-de-punilla-cordoba","thin_content","publication gate rejected entry","all publication checks pass","entry remains outside sitemap, search and public KB channels","thin_content","EXPAND","Content editor","quarantined","content/knowledge-base/_index/content.json","getPublicationIssues(entry)","publication-quality.test.ts + public-link-contract.test.ts"
"valle-de-traslasierra:not_publication_ready","P1","attraction","/baza-znaniy/valle-de-traslasierra","not_publication_ready","publication gate rejected entry","all publication checks pass","entry remains outside sitemap, search and public KB channels","not_publication_ready","EXPAND","Content editor","quarantined","content/knowledge-base/_index/content.json","getPublicationIssues(entry)","publication-quality.test.ts + public-link-contract.test.ts"
"valle-de-traslasierra:thin_content","P1","attraction","/baza-znaniy/valle-de-traslasierra","thin_content","publication gate rejected entry","all publication checks pass","entry remains outside sitemap, search and public KB channels","thin_content","EXPAND","Content editor","quarantined","content/knowledge-base/_index/content.json","getPublicationIssues(entry)","publication-quality.test.ts + public-link-contract.test.ts"
"valle-de-uco:missing_hero","P1","attraction","/baza-znaniy/valle-de-uco","missing_hero","publication gate rejected entry","all publication checks pass","entry remains outside sitemap, search and public KB channels","missing_hero","LIGHT_EDIT","Media editor","quarantined","content/knowledge-base/_index/content.json","getPublicationIssues(entry)","publication-quality.test.ts + public-link-contract.test.ts"
"valle-de-uco-mendoza:thin_content","P1","attraction","/baza-znaniy/valle-de-uco-mendoza","thin_content","publication gate rejected entry","all publication checks pass","entry remains outside sitemap, search and public KB channels","thin_content","EXPAND","Content editor","quarantined","content/knowledge-base/_index/content.json","getPublicationIssues(entry)","publication-quality.test.ts + public-link-contract.test.ts"
"valle-encantado:not_publication_ready","P1","attraction","/baza-znaniy/valle-encantado","not_publication_ready","publication gate rejected entry","all publication checks pass","entry remains outside sitemap, search and public KB channels","not_publication_ready","EXPAND","Content editor","quarantined","content/knowledge-base/_index/content.json","getPublicationIssues(entry)","publication-quality.test.ts + public-link-contract.test.ts"
"valle-encantado:thin_content","P1","attraction","/baza-znaniy/valle-encantado","thin_content","publication gate rejected entry","all publication checks pass","entry remains outside sitemap, search and public KB channels","thin_content","EXPAND","Content editor","quarantined","content/knowledge-base/_index/content.json","getPublicationIssues(entry)","publication-quality.test.ts + public-link-contract.test.ts"
"valle-grande:not_publication_ready","P1","attraction","/baza-znaniy/valle-grande","not_publication_ready","publication gate rejected entry","all publication checks pass","entry remains outside sitemap, search and public KB channels","not_publication_ready","EXPAND","Content editor","quarantined","content/knowledge-base/_index/content.json","getPublicationIssues(entry)","publication-quality.test.ts + public-link-contract.test.ts"
"valle-grande:thin_content","P1","attraction","/baza-znaniy/valle-grande","thin_content","publication gate rejected entry","all publication checks pass","entry remains outside sitemap, search and public KB channels","thin_content","EXPAND","Content editor","quarantined","content/knowledge-base/_index/content.json","getPublicationIssues(entry)","publication-quality.test.ts + public-link-contract.test.ts"
"valles-y-bosques-fueguinos:not_publication_ready","P1","attraction","/baza-znaniy/valles-y-bosques-fueguinos","not_publication_ready","publication gate rejected entry","all publication checks pass","entry remains outside sitemap, search and public KB channels","not_publication_ready","DEEP_REWRITE","Content editor","quarantined","content/knowledge-base/_index/content.json","getPublicationIssues(entry)","publication-quality.test.ts + public-link-contract.test.ts"
"valles-y-bosques-fueguinos:non_russian_summary","P1","attraction","/baza-znaniy/valles-y-bosques-fueguinos","non_russian_summary","publication gate rejected entry","all publication checks pass","entry remains outside sitemap, search and public KB channels","non_russian_summary","DEEP_REWRITE","Content editor","quarantined","content/knowledge-base/_index/content.json","getPublicationIssues(entry)","publication-quality.test.ts + public-link-contract.test.ts"
"verano-en-corrientes:not_publication_ready","P1","attraction","/baza-znaniy/verano-en-corrientes","not_publication_ready","publication gate rejected entry","all publication checks pass","entry remains outside sitemap, search and public KB channels","not_publication_ready","DEEP_REWRITE","Content editor","quarantined","content/knowledge-base/_index/content.json","getPublicationIssues(entry)","publication-quality.test.ts + public-link-contract.test.ts"
"verano-en-corrientes:non_russian_title","P1","attraction","/baza-znaniy/verano-en-corrientes","non_russian_title","publication gate rejected entry","all publication checks pass","entry remains outside sitemap, search and public KB channels","non_russian_title","DEEP_REWRITE","Content editor","quarantined","content/knowledge-base/_index/content.json","getPublicationIssues(entry)","publication-quality.test.ts + public-link-contract.test.ts"
"verano-en-corrientes:non_russian_summary","P1","attraction","/baza-znaniy/verano-en-corrientes","non_russian_summary","publication gate rejected entry","all publication checks pass","entry remains outside sitemap, search and public KB channels","non_russian_summary","DEEP_REWRITE","Content editor","quarantined","content/knowledge-base/_index/content.json","getPublicationIssues(entry)","publication-quality.test.ts + public-link-contract.test.ts"
"vida-nocturna-en-buenos-aires:machine_translation_marker","P0","attraction","/baza-znaniy/vida-nocturna-en-buenos-aires","machine_translation_marker","publication gate rejected entry","all publication checks pass","entry remains outside sitemap, search and public KB channels","machine_translation_marker","HUMAN_REVIEW","Russian content editor","quarantined","content/knowledge-base/_index/content.json","getPublicationIssues(entry)","publication-quality.test.ts + public-link-contract.test.ts"
"viedma:not_publication_ready","P1","attraction","/baza-znaniy/viedma","not_publication_ready","publication gate rejected entry","all publication checks pass","entry remains outside sitemap, search and public KB channels","not_publication_ready","DEEP_REWRITE","Content editor","quarantined","content/knowledge-base/_index/content.json","getPublicationIssues(entry)","publication-quality.test.ts + public-link-contract.test.ts"
"viedma:non_russian_title","P1","attraction","/baza-znaniy/viedma","non_russian_title","publication gate rejected entry","all publication checks pass","entry remains outside sitemap, search and public KB channels","non_russian_title","DEEP_REWRITE","Content editor","quarantined","content/knowledge-base/_index/content.json","getPublicationIssues(entry)","publication-quality.test.ts + public-link-contract.test.ts"
"viedma:non_russian_summary","P1","attraction","/baza-znaniy/viedma","non_russian_summary","publication gate rejected entry","all publication checks pass","entry remains outside sitemap, search and public KB channels","non_russian_summary","DEEP_REWRITE","Content editor","quarantined","content/knowledge-base/_index/content.json","getPublicationIssues(entry)","publication-quality.test.ts + public-link-contract.test.ts"
"villa-carlos-paz:not_publication_ready","P1","attraction","/baza-znaniy/villa-carlos-paz","not_publication_ready","publication gate rejected entry","all publication checks pass","entry remains outside sitemap, search and public KB channels","not_publication_ready","EXPAND","Content editor","quarantined","content/knowledge-base/_index/content.json","getPublicationIssues(entry)","publication-quality.test.ts + public-link-contract.test.ts"
"villa-carlos-paz:thin_content","P1","attraction","/baza-znaniy/villa-carlos-paz","thin_content","publication gate rejected entry","all publication checks pass","entry remains outside sitemap, search and public KB channels","thin_content","EXPAND","Content editor","quarantined","content/knowledge-base/_index/content.json","getPublicationIssues(entry)","publication-quality.test.ts + public-link-contract.test.ts"
"villa-del-carmen-san-luis:not_publication_ready","P1","attraction","/baza-znaniy/villa-del-carmen-san-luis","not_publication_ready","publication gate rejected entry","all publication checks pass","entry remains outside sitemap, search and public KB channels","not_publication_ready","EXPAND","Content editor","quarantined","content/knowledge-base/_index/content.json","getPublicationIssues(entry)","publication-quality.test.ts + public-link-contract.test.ts"
"villa-del-carmen-san-luis:thin_content","P1","attraction","/baza-znaniy/villa-del-carmen-san-luis","thin_content","publication gate rejected entry","all publication checks pass","entry remains outside sitemap, search and public KB channels","thin_content","EXPAND","Content editor","quarantined","content/knowledge-base/_index/content.json","getPublicationIssues(entry)","publication-quality.test.ts + public-link-contract.test.ts"
"villa-general-belgrano:not_publication_ready","P1","attraction","/baza-znaniy/villa-general-belgrano","not_publication_ready","publication gate rejected entry","all publication checks pass","entry remains outside sitemap, search and public KB channels","not_publication_ready","EXPAND","Content editor","quarantined","content/knowledge-base/_index/content.json","getPublicationIssues(entry)","publication-quality.test.ts + public-link-contract.test.ts"
"villa-general-belgrano:thin_content","P1","attraction","/baza-znaniy/villa-general-belgrano","thin_content","publication gate rejected entry","all publication checks pass","entry remains outside sitemap, search and public KB channels","thin_content","EXPAND","Content editor","quarantined","content/knowledge-base/_index/content.json","getPublicationIssues(entry)","publication-quality.test.ts + public-link-contract.test.ts"
"villa-la-punta:not_publication_ready","P1","attraction","/baza-znaniy/villa-la-punta","not_publication_ready","publication gate rejected entry","all publication checks pass","entry remains outside sitemap, search and public KB channels","not_publication_ready","EXPAND","Content editor","quarantined","content/knowledge-base/_index/content.json","getPublicationIssues(entry)","publication-quality.test.ts + public-link-contract.test.ts"
"villa-la-punta:thin_content","P1","attraction","/baza-znaniy/villa-la-punta","thin_content","publication gate rejected entry","all publication checks pass","entry remains outside sitemap, search and public KB channels","thin_content","EXPAND","Content editor","quarantined","content/knowledge-base/_index/content.json","getPublicationIssues(entry)","publication-quality.test.ts + public-link-contract.test.ts"
"villa-mercedes-san-luis:not_publication_ready","P1","attraction","/baza-znaniy/villa-mercedes-san-luis","not_publication_ready","publication gate rejected entry","all publication checks pass","entry remains outside sitemap, search and public KB channels","not_publication_ready","EXPAND","Content editor","quarantined","content/knowledge-base/_index/content.json","getPublicationIssues(entry)","publication-quality.test.ts + public-link-contract.test.ts"
"villa-mercedes-san-luis:thin_content","P1","attraction","/baza-znaniy/villa-mercedes-san-luis","thin_content","publication gate rejected entry","all publication checks pass","entry remains outside sitemap, search and public KB channels","thin_content","EXPAND","Content editor","quarantined","content/knowledge-base/_index/content.json","getPublicationIssues(entry)","publication-quality.test.ts + public-link-contract.test.ts"
"villa-nougues:not_publication_ready","P1","attraction","/baza-znaniy/villa-nougues","not_publication_ready","publication gate rejected entry","all publication checks pass","entry remains outside sitemap, search and public KB channels","not_publication_ready","EXPAND","Content editor","quarantined","content/knowledge-base/_index/content.json","getPublicationIssues(entry)","publication-quality.test.ts + public-link-contract.test.ts"
"villa-nougues:thin_content","P1","attraction","/baza-znaniy/villa-nougues","thin_content","publication gate rejected entry","all publication checks pass","entry remains outside sitemap, search and public KB channels","thin_content","EXPAND","Content editor","quarantined","content/knowledge-base/_index/content.json","getPublicationIssues(entry)","publication-quality.test.ts + public-link-contract.test.ts"
"villa-ocampo:not_publication_ready","P1","attraction","/baza-znaniy/villa-ocampo","not_publication_ready","publication gate rejected entry","all publication checks pass","entry remains outside sitemap, search and public KB channels","not_publication_ready","EXPAND","Content editor","quarantined","content/knowledge-base/_index/content.json","getPublicationIssues(entry)","publication-quality.test.ts + public-link-contract.test.ts"
"villa-ocampo:thin_content","P1","attraction","/baza-znaniy/villa-ocampo","thin_content","publication gate rejected entry","all publication checks pass","entry remains outside sitemap, search and public KB channels","thin_content","EXPAND","Content editor","quarantined","content/knowledge-base/_index/content.json","getPublicationIssues(entry)","publication-quality.test.ts + public-link-contract.test.ts"
"villa-paranacito:not_publication_ready","P1","attraction","/baza-znaniy/villa-paranacito","not_publication_ready","publication gate rejected entry","all publication checks pass","entry remains outside sitemap, search and public KB channels","not_publication_ready","EXPAND","Content editor","quarantined","content/knowledge-base/_index/content.json","getPublicationIssues(entry)","publication-quality.test.ts + public-link-contract.test.ts"
"villa-paranacito:thin_content","P1","attraction","/baza-znaniy/villa-paranacito","thin_content","publication gate rejected entry","all publication checks pass","entry remains outside sitemap, search and public KB channels","thin_content","EXPAND","Content editor","quarantined","content/knowledge-base/_index/content.json","getPublicationIssues(entry)","publication-quality.test.ts + public-link-contract.test.ts"
"villa-pehuenia:not_publication_ready","P1","attraction","/baza-znaniy/villa-pehuenia","not_publication_ready","publication gate rejected entry","all publication checks pass","entry remains outside sitemap, search and public KB channels","not_publication_ready","EXPAND","Content editor","quarantined","content/knowledge-base/_index/content.json","getPublicationIssues(entry)","publication-quality.test.ts + public-link-contract.test.ts"
"villa-pehuenia:thin_content","P1","attraction","/baza-znaniy/villa-pehuenia","thin_content","publication gate rejected entry","all publication checks pass","entry remains outside sitemap, search and public KB channels","thin_content","EXPAND","Content editor","quarantined","content/knowledge-base/_index/content.json","getPublicationIssues(entry)","publication-quality.test.ts + public-link-contract.test.ts"
"villa-regina:not_publication_ready","P1","attraction","/baza-znaniy/villa-regina","not_publication_ready","publication gate rejected entry","all publication checks pass","entry remains outside sitemap, search and public KB channels","not_publication_ready","EXPAND","Content editor","quarantined","content/knowledge-base/_index/content.json","getPublicationIssues(entry)","publication-quality.test.ts + public-link-contract.test.ts"
"villa-regina:thin_content","P1","attraction","/baza-znaniy/villa-regina","thin_content","publication gate rejected entry","all publication checks pass","entry remains outside sitemap, search and public KB channels","thin_content","EXPAND","Content editor","quarantined","content/knowledge-base/_index/content.json","getPublicationIssues(entry)","publication-quality.test.ts + public-link-contract.test.ts"
"villa-rio-bermejito:not_publication_ready","P1","attraction","/baza-znaniy/villa-rio-bermejito","not_publication_ready","publication gate rejected entry","all publication checks pass","entry remains outside sitemap, search and public KB channels","not_publication_ready","EXPAND","Content editor","quarantined","content/knowledge-base/_index/content.json","getPublicationIssues(entry)","publication-quality.test.ts + public-link-contract.test.ts"
"villa-rio-bermejito:thin_content","P1","attraction","/baza-znaniy/villa-rio-bermejito","thin_content","publication gate rejected entry","all publication checks pass","entry remains outside sitemap, search and public KB channels","thin_content","EXPAND","Content editor","quarantined","content/knowledge-base/_index/content.json","getPublicationIssues(entry)","publication-quality.test.ts + public-link-contract.test.ts"
"villa-traful:not_publication_ready","P1","attraction","/baza-znaniy/villa-traful","not_publication_ready","publication gate rejected entry","all publication checks pass","entry remains outside sitemap, search and public KB channels","not_publication_ready","DEEP_REWRITE","Content editor","quarantined","content/knowledge-base/_index/content.json","getPublicationIssues(entry)","publication-quality.test.ts + public-link-contract.test.ts"
"villa-traful:non_russian_title","P1","attraction","/baza-znaniy/villa-traful","non_russian_title","publication gate rejected entry","all publication checks pass","entry remains outside sitemap, search and public KB channels","non_russian_title","DEEP_REWRITE","Content editor","quarantined","content/knowledge-base/_index/content.json","getPublicationIssues(entry)","publication-quality.test.ts + public-link-contract.test.ts"
"villa-traful:non_russian_summary","P1","attraction","/baza-znaniy/villa-traful","non_russian_summary","publication gate rejected entry","all publication checks pass","entry remains outside sitemap, search and public KB channels","non_russian_summary","DEEP_REWRITE","Content editor","quarantined","content/knowledge-base/_index/content.json","getPublicationIssues(entry)","publication-quality.test.ts + public-link-contract.test.ts"
"villavicencio:thin_content","P1","attraction","/baza-znaniy/villavicencio","thin_content","publication gate rejected entry","all publication checks pass","entry remains outside sitemap, search and public KB channels","thin_content","EXPAND","Media editor","quarantined","content/knowledge-base/_index/content.json","getPublicationIssues(entry)","publication-quality.test.ts + public-link-contract.test.ts"
"villavicencio:missing_hero","P1","attraction","/baza-znaniy/villavicencio","missing_hero","publication gate rejected entry","all publication checks pass","entry remains outside sitemap, search and public KB channels","missing_hero","EXPAND","Media editor","quarantined","content/knowledge-base/_index/content.json","getPublicationIssues(entry)","publication-quality.test.ts + public-link-contract.test.ts"
"vinos-de-san-juan:not_publication_ready","P1","attraction","/baza-znaniy/vinos-de-san-juan","not_publication_ready","publication gate rejected entry","all publication checks pass","entry remains outside sitemap, search and public KB channels","not_publication_ready","DEEP_REWRITE","Content editor","quarantined","content/knowledge-base/_index/content.json","getPublicationIssues(entry)","publication-quality.test.ts + public-link-contract.test.ts"
"vinos-de-san-juan:non_russian_title","P1","attraction","/baza-znaniy/vinos-de-san-juan","non_russian_title","publication gate rejected entry","all publication checks pass","entry remains outside sitemap, search and public KB channels","non_russian_title","DEEP_REWRITE","Content editor","quarantined","content/knowledge-base/_index/content.json","getPublicationIssues(entry)","publication-quality.test.ts + public-link-contract.test.ts"
"vinos-de-san-juan:non_russian_summary","P1","attraction","/baza-znaniy/vinos-de-san-juan","non_russian_summary","publication gate rejected entry","all publication checks pass","entry remains outside sitemap, search and public KB channels","non_russian_summary","DEEP_REWRITE","Content editor","quarantined","content/knowledge-base/_index/content.json","getPublicationIssues(entry)","publication-quality.test.ts + public-link-contract.test.ts"
"vinos-de-tolombon:not_publication_ready","P1","attraction","/baza-znaniy/vinos-de-tolombon","not_publication_ready","publication gate rejected entry","all publication checks pass","entry remains outside sitemap, search and public KB channels","not_publication_ready","DEEP_REWRITE","Content editor","quarantined","content/knowledge-base/_index/content.json","getPublicationIssues(entry)","publication-quality.test.ts + public-link-contract.test.ts"
"vinos-de-tolombon:non_russian_title","P1","attraction","/baza-znaniy/vinos-de-tolombon","non_russian_title","publication gate rejected entry","all publication checks pass","entry remains outside sitemap, search and public KB channels","non_russian_title","DEEP_REWRITE","Content editor","quarantined","content/knowledge-base/_index/content.json","getPublicationIssues(entry)","publication-quality.test.ts + public-link-contract.test.ts"
"vinos-de-tolombon:non_russian_summary","P1","attraction","/baza-znaniy/vinos-de-tolombon","non_russian_summary","publication gate rejected entry","all publication checks pass","entry remains outside sitemap, search and public KB channels","non_russian_summary","DEEP_REWRITE","Content editor","quarantined","content/knowledge-base/_index/content.json","getPublicationIssues(entry)","publication-quality.test.ts + public-link-contract.test.ts"
"vinos-del-valle-patagonico:not_publication_ready","P1","attraction","/baza-znaniy/vinos-del-valle-patagonico","not_publication_ready","publication gate rejected entry","all publication checks pass","entry remains outside sitemap, search and public KB channels","not_publication_ready","DEEP_REWRITE","Content editor","quarantined","content/knowledge-base/_index/content.json","getPublicationIssues(entry)","publication-quality.test.ts + public-link-contract.test.ts"
"vinos-del-valle-patagonico:non_russian_summary","P1","attraction","/baza-znaniy/vinos-del-valle-patagonico","non_russian_summary","publication gate rejected entry","all publication checks pass","entry remains outside sitemap, search and public KB channels","non_russian_summary","DEEP_REWRITE","Content editor","quarantined","content/knowledge-base/_index/content.json","getPublicationIssues(entry)","publication-quality.test.ts + public-link-contract.test.ts"
"viza-cifrovogo-kochevnika-chto-daet:missing_sensitive_source","P0","faq","/baza-znaniy/viza-cifrovogo-kochevnika-chto-daet","missing_sensitive_source","publication gate rejected entry","all publication checks pass","entry remains outside sitemap, search and public KB channels","missing_sensitive_source","LEGAL_REVIEW","Fact checker + legal reviewer","quarantined","content/knowledge-base/_index/content.json","getPublicationIssues(entry)","publication-quality.test.ts + public-link-contract.test.ts"
"viza-cifrovogo-kochevnika-chto-daet:thin_content","P1","faq","/baza-znaniy/viza-cifrovogo-kochevnika-chto-daet","thin_content","publication gate rejected entry","all publication checks pass","entry remains outside sitemap, search and public KB channels","thin_content","LEGAL_REVIEW","Fact checker + legal reviewer","quarantined","content/knowledge-base/_index/content.json","getPublicationIssues(entry)","publication-quality.test.ts + public-link-contract.test.ts"
"viza-rf-v-argentinu:missing_sensitive_source","P0","faq","/baza-znaniy/viza-rf-v-argentinu","missing_sensitive_source","publication gate rejected entry","all publication checks pass","entry remains outside sitemap, search and public KB channels","missing_sensitive_source","LEGAL_REVIEW","Fact checker + legal reviewer","quarantined","content/knowledge-base/_index/content.json","getPublicationIssues(entry)","publication-quality.test.ts + public-link-contract.test.ts"
"viza-rf-v-argentinu:thin_content","P1","faq","/baza-znaniy/viza-rf-v-argentinu","thin_content","publication gate rejected entry","all publication checks pass","entry remains outside sitemap, search and public KB channels","thin_content","LEGAL_REVIEW","Fact checker + legal reviewer","quarantined","content/knowledge-base/_index/content.json","getPublicationIssues(entry)","publication-quality.test.ts + public-link-contract.test.ts"
"viza-v-braziliyu-dlya-iguasu:missing_sensitive_source","P0","faq","/baza-znaniy/viza-v-braziliyu-dlya-iguasu","missing_sensitive_source","publication gate rejected entry","all publication checks pass","entry remains outside sitemap, search and public KB channels","missing_sensitive_source","LEGAL_REVIEW","Fact checker + legal reviewer","quarantined","content/knowledge-base/_index/content.json","getPublicationIssues(entry)","publication-quality.test.ts + public-link-contract.test.ts"
"viza-v-braziliyu-dlya-iguasu:thin_content","P1","faq","/baza-znaniy/viza-v-braziliyu-dlya-iguasu","thin_content","publication gate rejected entry","all publication checks pass","entry remains outside sitemap, search and public KB channels","thin_content","LEGAL_REVIEW","Fact checker + legal reviewer","quarantined","content/knowledge-base/_index/content.json","getPublicationIssues(entry)","publication-quality.test.ts + public-link-contract.test.ts"
"volcan-lanin:thin_content","P1","attraction","/baza-znaniy/volcan-lanin","thin_content","publication gate rejected entry","all publication checks pass","entry remains outside sitemap, search and public KB channels","thin_content","EXPAND","Content editor","quarantined","content/knowledge-base/_index/content.json","getPublicationIssues(entry)","publication-quality.test.ts + public-link-contract.test.ts"
"volcan-malacara:not_publication_ready","P1","attraction","/baza-znaniy/volcan-malacara","not_publication_ready","publication gate rejected entry","all publication checks pass","entry remains outside sitemap, search and public KB channels","not_publication_ready","EXPAND","Content editor","quarantined","content/knowledge-base/_index/content.json","getPublicationIssues(entry)","publication-quality.test.ts + public-link-contract.test.ts"
"volcan-malacara:thin_content","P1","attraction","/baza-znaniy/volcan-malacara","thin_content","publication gate rejected entry","all publication checks pass","entry remains outside sitemap, search and public KB channels","thin_content","EXPAND","Content editor","quarantined","content/knowledge-base/_index/content.json","getPublicationIssues(entry)","publication-quality.test.ts + public-link-contract.test.ts"
"yapeyu:not_publication_ready","P1","attraction","/baza-znaniy/yapeyu","not_publication_ready","publication gate rejected entry","all publication checks pass","entry remains outside sitemap, search and public KB channels","not_publication_ready","DEEP_REWRITE","Content editor","quarantined","content/knowledge-base/_index/content.json","getPublicationIssues(entry)","publication-quality.test.ts + public-link-contract.test.ts"
"yapeyu:non_russian_title","P1","attraction","/baza-znaniy/yapeyu","non_russian_title","publication gate rejected entry","all publication checks pass","entry remains outside sitemap, search and public KB channels","non_russian_title","DEEP_REWRITE","Content editor","quarantined","content/knowledge-base/_index/content.json","getPublicationIssues(entry)","publication-quality.test.ts + public-link-contract.test.ts"
"yapeyu:non_russian_summary","P1","attraction","/baza-znaniy/yapeyu","non_russian_summary","publication gate rejected entry","all publication checks pass","entry remains outside sitemap, search and public KB channels","non_russian_summary","DEEP_REWRITE","Content editor","quarantined","content/knowledge-base/_index/content.json","getPublicationIssues(entry)","publication-quality.test.ts + public-link-contract.test.ts"
"yungas-tucumanas:not_publication_ready","P1","attraction","/baza-znaniy/yungas-tucumanas","not_publication_ready","publication gate rejected entry","all publication checks pass","entry remains outside sitemap, search and public KB channels","not_publication_ready","DEEP_REWRITE","Content editor","quarantined","content/knowledge-base/_index/content.json","getPublicationIssues(entry)","publication-quality.test.ts + public-link-contract.test.ts"
"yungas-tucumanas:non_russian_title","P1","attraction","/baza-znaniy/yungas-tucumanas","non_russian_title","publication gate rejected entry","all publication checks pass","entry remains outside sitemap, search and public KB channels","non_russian_title","DEEP_REWRITE","Content editor","quarantined","content/knowledge-base/_index/content.json","getPublicationIssues(entry)","publication-quality.test.ts + public-link-contract.test.ts"
"yungas-tucumanas:non_russian_summary","P1","attraction","/baza-znaniy/yungas-tucumanas","non_russian_summary","publication gate rejected entry","all publication checks pass","entry remains outside sitemap, search and public KB channels","non_russian_summary","DEEP_REWRITE","Content editor","quarantined","content/knowledge-base/_index/content.json","getPublicationIssues(entry)","publication-quality.test.ts + public-link-contract.test.ts"
"apostil-i-perevod-dokumentov:item_level_source_mapping","P0","guide","/baza-znaniy/apostil-i-perevod-dokumentov","item_level_source_mapping_missing","5 enumerated facts; sources recorded only at article level","each sensitive claim maps to a concrete primary source or receives an explicit editorial decision","the public text passes the technical gate, but claim-level evidence is not auditable","legacy article-level source model","HUMAN_REVIEW","Fact checker + legal reviewer","review_required_before_unconditional_launch","claim-registry.csv + source-registry.csv","article_source_count=2","manual item-level fact-check"
"argentina-vs-drugie-strany:item_level_source_mapping","P0","guide","/baza-znaniy/argentina-vs-drugie-strany","item_level_source_mapping_missing","5 enumerated facts; sources recorded only at article level","each sensitive claim maps to a concrete primary source or receives an explicit editorial decision","the public text passes the technical gate, but claim-level evidence is not auditable","legacy article-level source model","HUMAN_REVIEW","Fact checker + legal reviewer","review_required_before_unconditional_launch","claim-registry.csv + source-registry.csv","article_source_count=1","manual item-level fact-check"
"banki-i-perevody:item_level_source_mapping","P0","guide","/baza-znaniy/banki-i-perevody","item_level_source_mapping_missing","5 enumerated facts; sources recorded only at article level","each sensitive claim maps to a concrete primary source or receives an explicit editorial decision","the public text passes the technical gate, but claim-level evidence is not auditable","legacy article-level source model","HUMAN_REVIEW","Fact checker + legal reviewer","review_required_before_unconditional_launch","claim-registry.csv + source-registry.csv","article_source_count=4","manual item-level fact-check"
"bankovskij-schet:item_level_source_mapping","P0","guide","/baza-znaniy/bankovskij-schet","item_level_source_mapping_missing","5 enumerated facts; sources recorded only at article level","each sensitive claim maps to a concrete primary source or receives an explicit editorial decision","the public text passes the technical gate, but claim-level evidence is not auditable","legacy article-level source model","HUMAN_REVIEW","Fact checker + legal reviewer","review_required_before_unconditional_launch","claim-registry.csv + source-registry.csv","article_source_count=3","manual item-level fact-check"
"besplatna-li-medicina-dlya-turista:item_level_source_mapping","P0","faq","/baza-znaniy/besplatna-li-medicina-dlya-turista","item_level_source_mapping_missing","0 enumerated facts; sources recorded only at article level","each sensitive claim maps to a concrete primary source or receives an explicit editorial decision","the public text passes the technical gate, but claim-level evidence is not auditable","legacy article-level source model","HUMAN_REVIEW","Fact checker + legal reviewer","review_required_before_unconditional_launch","claim-registry.csv + source-registry.csv","article_source_count=2","manual item-level fact-check"
"bezopasnost-argentina:item_level_source_mapping","P0","guide","/baza-znaniy/bezopasnost-argentina","item_level_source_mapping_missing","5 enumerated facts; sources recorded only at article level","each sensitive claim maps to a concrete primary source or receives an explicit editorial decision","the public text passes the technical gate, but claim-level evidence is not auditable","legacy article-level source model","HUMAN_REVIEW","Fact checker + legal reviewer","review_required_before_unconditional_launch","claim-registry.csv + source-registry.csv","article_source_count=2","manual item-level fact-check"
"byt-i-zhilyo:item_level_source_mapping","P0","guide","/baza-znaniy/byt-i-zhilyo","item_level_source_mapping_missing","5 enumerated facts; sources recorded only at article level","each sensitive claim maps to a concrete primary source or receives an explicit editorial decision","the public text passes the technical gate, but claim-level evidence is not auditable","legacy article-level source model","HUMAN_REVIEW","Fact checker + legal reviewer","review_required_before_unconditional_launch","claim-registry.csv + source-registry.csv","article_source_count=1","manual item-level fact-check"
"byudzhet-poezdki:item_level_source_mapping","P0","guide","/baza-znaniy/byudzhet-poezdki","item_level_source_mapping_missing","5 enumerated facts; sources recorded only at article level","each sensitive claim maps to a concrete primary source or receives an explicit editorial decision","the public text passes the technical gate, but claim-level evidence is not auditable","legacy article-level source model","HUMAN_REVIEW","Fact checker + legal reviewer","review_required_before_unconditional_launch","claim-registry.csv + source-registry.csv","article_source_count=2","manual item-level fact-check"
"certificado-de-domicilio:item_level_source_mapping","P0","guide","/baza-znaniy/certificado-de-domicilio","item_level_source_mapping_missing","4 enumerated facts; sources recorded only at article level","each sensitive claim maps to a concrete primary source or receives an explicit editorial decision","the public text passes the technical gate, but claim-level evidence is not auditable","legacy article-level source model","HUMAN_REVIEW","Fact checker + legal reviewer","review_required_before_unconditional_launch","claim-registry.csv + source-registry.csv","article_source_count=3","manual item-level fact-check"
"certificado-de-legalidad-prav:item_level_source_mapping","P0","guide","/baza-znaniy/certificado-de-legalidad-prav","item_level_source_mapping_missing","4 enumerated facts; sources recorded only at article level","each sensitive claim maps to a concrete primary source or receives an explicit editorial decision","the public text passes the technical gate, but claim-level evidence is not auditable","legacy article-level source model","HUMAN_REVIEW","Fact checker + legal reviewer","review_required_before_unconditional_launch","claim-registry.csv + source-registry.csv","article_source_count=2","manual item-level fact-check"
"chek-list-pereezda:item_level_source_mapping","P0","guide","/baza-znaniy/chek-list-pereezda","item_level_source_mapping_missing","0 enumerated facts; sources recorded only at article level","each sensitive claim maps to a concrete primary source or receives an explicit editorial decision","the public text passes the technical gate, but claim-level evidence is not auditable","legacy article-level source model","HUMAN_REVIEW","Fact checker + legal reviewer","review_required_before_unconditional_launch","claim-registry.csv + source-registry.csv","article_source_count=1","manual item-level fact-check"
"chto-takoe-prekariya:item_level_source_mapping","P0","faq","/baza-znaniy/chto-takoe-prekariya","item_level_source_mapping_missing","0 enumerated facts; sources recorded only at article level","each sensitive claim maps to a concrete primary source or receives an explicit editorial decision","the public text passes the technical gate, but claim-level evidence is not auditable","legacy article-level source model","HUMAN_REVIEW","Fact checker + legal reviewer","review_required_before_unconditional_launch","claim-registry.csv + source-registry.csv","article_source_count=2","manual item-level fact-check"
"chto-takoe-sube:item_level_source_mapping","P0","faq","/baza-znaniy/chto-takoe-sube","item_level_source_mapping_missing","0 enumerated facts; sources recorded only at article level","each sensitive claim maps to a concrete primary source or receives an explicit editorial decision","the public text passes the technical gate, but claim-level evidence is not auditable","legacy article-level source model","HUMAN_REVIEW","Fact checker + legal reviewer","review_required_before_unconditional_launch","claim-registry.csv + source-registry.csv","article_source_count=2","manual item-level fact-check"
"dni-cuil:item_level_source_mapping","P0","guide","/baza-znaniy/dni-cuil","item_level_source_mapping_missing","7 enumerated facts; sources recorded only at article level","each sensitive claim maps to a concrete primary source or receives an explicit editorial decision","the public text passes the technical gate, but claim-level evidence is not auditable","legacy article-level source model","HUMAN_REVIEW","Fact checker + legal reviewer","review_required_before_unconditional_launch","claim-registry.csv + source-registry.csv","article_source_count=3","manual item-level fact-check"
"dni-cuil-cuit-putanitsa:item_level_source_mapping","P0","author_tip","/baza-znaniy/dni-cuil-cuit-putanitsa","item_level_source_mapping_missing","0 enumerated facts; sources recorded only at article level","each sensitive claim maps to a concrete primary source or receives an explicit editorial decision","the public text passes the technical gate, but claim-level evidence is not auditable","legacy article-level source model","HUMAN_REVIEW","Fact checker + legal reviewer","review_required_before_unconditional_launch","claim-registry.csv + source-registry.csv","article_source_count=1","manual item-level fact-check"
"dokumenty-dlya-poezdki-na-avto:item_level_source_mapping","P0","guide","/baza-znaniy/dokumenty-dlya-poezdki-na-avto","item_level_source_mapping_missing","4 enumerated facts; sources recorded only at article level","each sensitive claim maps to a concrete primary source or receives an explicit editorial decision","the public text passes the technical gate, but claim-level evidence is not auditable","legacy article-level source model","HUMAN_REVIEW","Fact checker + legal reviewer","review_required_before_unconditional_launch","claim-registry.csv + source-registry.csv","article_source_count=2","manual item-level fact-check"
"esim-i-svyaz:item_level_source_mapping","P0","guide","/baza-znaniy/esim-i-svyaz","item_level_source_mapping_missing","5 enumerated facts; sources recorded only at article level","each sensitive claim maps to a concrete primary source or receives an explicit editorial decision","the public text passes the technical gate, but claim-level evidence is not auditable","legacy article-level source model","HUMAN_REVIEW","Fact checker + legal reviewer","review_required_before_unconditional_launch","claim-registry.csv + source-registry.csv","article_source_count=2","manual item-level fact-check"
"falshivye-policejskie-i-obmenniki:item_level_source_mapping","P0","author_tip","/baza-znaniy/falshivye-policejskie-i-obmenniki","item_level_source_mapping_missing","0 enumerated facts; sources recorded only at article level","each sensitive claim maps to a concrete primary source or receives an explicit editorial decision","the public text passes the technical gate, but claim-level evidence is not auditable","legacy article-level source model","HUMAN_REVIEW","Fact checker + legal reviewer","review_required_before_unconditional_launch","claim-registry.csv + source-registry.csv","article_source_count=1","manual item-level fact-check"
"futbol-kak-popast-bez-skama:item_level_source_mapping","P0","author_tip","/baza-znaniy/futbol-kak-popast-bez-skama","item_level_source_mapping_missing","0 enumerated facts; sources recorded only at article level","each sensitive claim maps to a concrete primary source or receives an explicit editorial decision","the public text passes the technical gate, but claim-level evidence is not auditable","legacy article-level source model","HUMAN_REVIEW","Fact checker + legal reviewer","review_required_before_unconditional_launch","claim-registry.csv + source-registry.csv","article_source_count=1","manual item-level fact-check"
"gosudarstvennye-prilozheniya:item_level_source_mapping","P0","guide","/baza-znaniy/gosudarstvennye-prilozheniya","item_level_source_mapping_missing","4 enumerated facts; sources recorded only at article level","each sensitive claim maps to a concrete primary source or receives an explicit editorial decision","the public text passes the technical gate, but claim-level evidence is not auditable","legacy article-level source model","HUMAN_REVIEW","Fact checker + legal reviewer","review_required_before_unconditional_launch","claim-registry.csv + source-registry.csv","article_source_count=3","manual item-level fact-check"
"govoryat-li-v-argentine-po-anglijski:item_level_source_mapping","P0","faq","/baza-znaniy/govoryat-li-v-argentine-po-anglijski","item_level_source_mapping_missing","0 enumerated facts; sources recorded only at article level","each sensitive claim maps to a concrete primary source or receives an explicit editorial decision","the public text passes the technical gate, but claim-level evidence is not auditable","legacy article-level source model","HUMAN_REVIEW","Fact checker + legal reviewer","review_required_before_unconditional_launch","claim-registry.csv + source-registry.csv","article_source_count=1","manual item-level fact-check"
"grazhdanstvo:item_level_source_mapping","P0","guide","/baza-znaniy/grazhdanstvo","item_level_source_mapping_missing","7 enumerated facts; sources recorded only at article level","each sensitive claim maps to a concrete primary source or receives an explicit editorial decision","the public text passes the technical gate, but claim-level evidence is not auditable","legacy article-level source model","HUMAN_REVIEW","Fact checker + legal reviewer","review_required_before_unconditional_launch","claim-registry.csv + source-registry.csv","article_source_count=3","manual item-level fact-check"
"inflyatsiya-i-ekonomika:item_level_source_mapping","P0","guide","/baza-znaniy/inflyatsiya-i-ekonomika","item_level_source_mapping_missing","4 enumerated facts; sources recorded only at article level","each sensitive claim maps to a concrete primary source or receives an explicit editorial decision","the public text passes the technical gate, but claim-level evidence is not auditable","legacy article-level source model","HUMAN_REVIEW","Fact checker + legal reviewer","review_required_before_unconditional_launch","claim-registry.csv + source-registry.csv","article_source_count=2","manual item-level fact-check"
"kak-dobratsya-iz-rossii:item_level_source_mapping","P0","transport","/baza-znaniy/kak-dobratsya-iz-rossii","item_level_source_mapping_missing","4 enumerated facts; sources recorded only at article level","each sensitive claim maps to a concrete primary source or receives an explicit editorial decision","the public text passes the technical gate, but claim-level evidence is not auditable","legacy article-level source model","HUMAN_REVIEW","Fact checker + legal reviewer","review_required_before_unconditional_launch","claim-registry.csv + source-registry.csv","article_source_count=2","manual item-level fact-check"
"kak-menyat-valyutu:item_level_source_mapping","P0","guide","/baza-znaniy/kak-menyat-valyutu","item_level_source_mapping_missing","5 enumerated facts; sources recorded only at article level","each sensitive claim maps to a concrete primary source or receives an explicit editorial decision","the public text passes the technical gate, but claim-level evidence is not auditable","legacy article-level source model","HUMAN_REVIEW","Fact checker + legal reviewer","review_required_before_unconditional_launch","claim-registry.csv + source-registry.csv","article_source_count=2","manual item-level fact-check"
"kak-perevezti-kota-ili-sobaku:item_level_source_mapping","P0","faq","/baza-znaniy/kak-perevezti-kota-ili-sobaku","item_level_source_mapping_missing","0 enumerated facts; sources recorded only at article level","each sensitive claim maps to a concrete primary source or receives an explicit editorial decision","the public text passes the technical gate, but claim-level evidence is not auditable","legacy article-level source model","HUMAN_REVIEW","Fact checker + legal reviewer","review_required_before_unconditional_launch","claim-registry.csv + source-registry.csv","article_source_count=2","manual item-level fact-check"
"kak-poluchit-prava-v-argentine:item_level_source_mapping","P0","guide","/baza-znaniy/kak-poluchit-prava-v-argentine","item_level_source_mapping_missing","0 enumerated facts; sources recorded only at article level","each sensitive claim maps to a concrete primary source or receives an explicit editorial decision","the public text passes the technical gate, but claim-level evidence is not auditable","legacy article-level source model","HUMAN_REVIEW","Fact checker + legal reviewer","review_required_before_unconditional_launch","claim-registry.csv + source-registry.csv","article_source_count=4","manual item-level fact-check"
"kak-snyat-kvartiru-bez-garanta:item_level_source_mapping","P0","faq","/baza-znaniy/kak-snyat-kvartiru-bez-garanta","item_level_source_mapping_missing","0 enumerated facts; sources recorded only at article level","each sensitive claim maps to a concrete primary source or receives an explicit editorial decision","the public text passes the technical gate, but claim-level evidence is not auditable","legacy article-level source model","HUMAN_REVIEW","Fact checker + legal reviewer","review_required_before_unconditional_launch","claim-registry.csv + source-registry.csv","article_source_count=2","manual item-level fact-check"
"kakie-dokumenty-vezti-s-soboj:item_level_source_mapping","P0","faq","/baza-znaniy/kakie-dokumenty-vezti-s-soboj","item_level_source_mapping_missing","0 enumerated facts; sources recorded only at article level","each sensitive claim maps to a concrete primary source or receives an explicit editorial decision","the public text passes the technical gate, but claim-level evidence is not auditable","legacy article-level source model","HUMAN_REVIEW","Fact checker + legal reviewer","review_required_before_unconditional_launch","claim-registry.csv + source-registry.csv","article_source_count=3","manual item-level fact-check"
"kaminito-la-boka:item_level_source_mapping","P0","attraction","/baza-znaniy/kaminito-la-boka","item_level_source_mapping_missing","5 enumerated facts; sources recorded only at article level","each sensitive claim maps to a concrete primary source or receives an explicit editorial decision","the public text passes the technical gate, but claim-level evidence is not auditable","legacy article-level source model","HUMAN_REVIEW","Fact checker + legal reviewer","review_required_before_unconditional_launch","claim-registry.csv + source-registry.csv","article_source_count=4","manual item-level fact-check"
"kemping-i-palatki:item_level_source_mapping","P0","guide","/baza-znaniy/kemping-i-palatki","item_level_source_mapping_missing","4 enumerated facts; sources recorded only at article level","each sensitive claim maps to a concrete primary source or receives an explicit editorial decision","the public text passes the technical gate, but claim-level evidence is not auditable","legacy article-level source model","HUMAN_REVIEW","Fact checker + legal reviewer","review_required_before_unconditional_launch","claim-registry.csv + source-registry.csv","article_source_count=1","manual item-level fact-check"
"kogda-uchebnyj-god-v-argentine:item_level_source_mapping","P0","faq","/baza-znaniy/kogda-uchebnyj-god-v-argentine","item_level_source_mapping_missing","0 enumerated facts; sources recorded only at article level","each sensitive claim maps to a concrete primary source or receives an explicit editorial decision","the public text passes the technical gate, but claim-level evidence is not auditable","legacy article-level source model","HUMAN_REVIEW","Fact checker + legal reviewer","review_required_before_unconditional_launch","claim-registry.csv + source-registry.csv","article_source_count=2","manual item-level fact-check"
"kovorkingi-i-rabota-nomada:item_level_source_mapping","P0","guide","/baza-znaniy/kovorkingi-i-rabota-nomada","item_level_source_mapping_missing","4 enumerated facts; sources recorded only at article level","each sensitive claim maps to a concrete primary source or receives an explicit editorial decision","the public text passes the technical gate, but claim-level evidence is not auditable","legacy article-level source model","HUMAN_REVIEW","Fact checker + legal reviewer","review_required_before_unconditional_launch","claim-registry.csv + source-registry.csv","article_source_count=2","manual item-level fact-check"
"medicina-i-strahovka:item_level_source_mapping","P0","guide","/baza-znaniy/medicina-i-strahovka","item_level_source_mapping_missing","5 enumerated facts; sources recorded only at article level","each sensitive claim maps to a concrete primary source or receives an explicit editorial decision","the public text passes the technical gate, but claim-level evidence is not auditable","legacy article-level source model","HUMAN_REVIEW","Fact checker + legal reviewer","review_required_before_unconditional_launch","claim-registry.csv + source-registry.csv","article_source_count=4","manual item-level fact-check"
"mentalitet-i-etiket:item_level_source_mapping","P0","guide","/baza-znaniy/mentalitet-i-etiket","item_level_source_mapping_missing","5 enumerated facts; sources recorded only at article level","each sensitive claim maps to a concrete primary source or receives an explicit editorial decision","the public text passes the technical gate, but claim-level evidence is not auditable","legacy article-level source model","HUMAN_REVIEW","Fact checker + legal reviewer","review_required_before_unconditional_launch","claim-registry.csv + source-registry.csv","article_source_count=1","manual item-level fact-check"
"motochorros-telefon-na-ulitse:item_level_source_mapping","P0","author_tip","/baza-znaniy/motochorros-telefon-na-ulitse","item_level_source_mapping_missing","0 enumerated facts; sources recorded only at article level","each sensitive claim maps to a concrete primary source or receives an explicit editorial decision","the public text passes the technical gate, but claim-level evidence is not auditable","legacy article-level source model","HUMAN_REVIEW","Fact checker + legal reviewer","review_required_before_unconditional_launch","claim-registry.csv + source-registry.csv","article_source_count=1","manual item-level fact-check"
"mozhno-li-delat-vizaran:item_level_source_mapping","P0","faq","/baza-znaniy/mozhno-li-delat-vizaran","item_level_source_mapping_missing","0 enumerated facts; sources recorded only at article level","each sensitive claim maps to a concrete primary source or receives an explicit editorial decision","the public text passes the technical gate, but claim-level evidence is not auditable","legacy article-level source model","HUMAN_REVIEW","Fact checker + legal reviewer","review_required_before_unconditional_launch","claim-registry.csv + source-registry.csv","article_source_count=2","manual item-level fact-check"
"mozhno-li-ezdit-po-inostrannym-pravam:item_level_source_mapping","P0","faq","/baza-znaniy/mozhno-li-ezdit-po-inostrannym-pravam","item_level_source_mapping_missing","0 enumerated facts; sources recorded only at article level","each sensitive claim maps to a concrete primary source or receives an explicit editorial decision","the public text passes the technical gate, but claim-level evidence is not auditable","legacy article-level source model","HUMAN_REVIEW","Fact checker + legal reviewer","review_required_before_unconditional_launch","claim-registry.csv + source-registry.csv","article_source_count=2","manual item-level fact-check"
"mozhno-li-pit-vodu-iz-krana:item_level_source_mapping","P0","faq","/baza-znaniy/mozhno-li-pit-vodu-iz-krana","item_level_source_mapping_missing","0 enumerated facts; sources recorded only at article level","each sensitive claim maps to a concrete primary source or receives an explicit editorial decision","the public text passes the technical gate, but claim-level evidence is not auditable","legacy article-level source model","HUMAN_REVIEW","Fact checker + legal reviewer","review_required_before_unconditional_launch","claim-registry.csv + source-registry.csv","article_source_count=1","manual item-level fact-check"
"mozhno-li-rabotat-na-mestnuyu-kompaniyu:item_level_source_mapping","P0","faq","/baza-znaniy/mozhno-li-rabotat-na-mestnuyu-kompaniyu","item_level_source_mapping_missing","0 enumerated facts; sources recorded only at article level","each sensitive claim maps to a concrete primary source or receives an explicit editorial decision","the public text passes the technical gate, but claim-level evidence is not auditable","legacy article-level source model","HUMAN_REVIEW","Fact checker + legal reviewer","review_required_before_unconditional_launch","claim-registry.csv + source-registry.csv","article_source_count=2","manual item-level fact-check"
"mozhno-li-uchitsya-v-universitete-besplatno:item_level_source_mapping","P0","faq","/baza-znaniy/mozhno-li-uchitsya-v-universitete-besplatno","item_level_source_mapping_missing","0 enumerated facts; sources recorded only at article level","each sensitive claim maps to a concrete primary source or receives an explicit editorial decision","the public text passes the technical gate, but claim-level evidence is not auditable","legacy article-level source model","HUMAN_REVIEW","Fact checker + legal reviewer","review_required_before_unconditional_launch","claim-registry.csv + source-registry.csv","article_source_count=2","manual item-level fact-check"
"mozhno-li-vodit-po-rossijskim-pravam:item_level_source_mapping","P0","faq","/baza-znaniy/mozhno-li-vodit-po-rossijskim-pravam","item_level_source_mapping_missing","0 enumerated facts; sources recorded only at article level","each sensitive claim maps to a concrete primary source or receives an explicit editorial decision","the public text passes the technical gate, but claim-level evidence is not auditable","legacy article-level source model","HUMAN_REVIEW","Fact checker + legal reviewer","review_required_before_unconditional_launch","claim-registry.csv + source-registry.csv","article_source_count=3","manual item-level fact-check"
"nalogi-i-monotributo:item_level_source_mapping","P0","guide","/baza-znaniy/nalogi-i-monotributo","item_level_source_mapping_missing","5 enumerated facts; sources recorded only at article level","each sensitive claim maps to a concrete primary source or receives an explicit editorial decision","the public text passes the technical gate, but claim-level evidence is not auditable","legacy article-level source model","HUMAN_REVIEW","Fact checker + legal reviewer","review_required_before_unconditional_launch","claim-registry.csv + source-registry.csv","article_source_count=3","manual item-level fact-check"
"otkrytie-biznesa:item_level_source_mapping","P0","guide","/baza-znaniy/otkrytie-biznesa","item_level_source_mapping_missing","5 enumerated facts; sources recorded only at article level","each sensitive claim maps to a concrete primary source or receives an explicit editorial decision","the public text passes the technical gate, but claim-level evidence is not auditable","legacy article-level source model","HUMAN_REVIEW","Fact checker + legal reviewer","review_required_before_unconditional_launch","claim-registry.csv + source-registry.csv","article_source_count=3","manual item-level fact-check"
"parque-nacional-rio-pilcomayo:item_level_source_mapping","P0","national_park","/baza-znaniy/parque-nacional-rio-pilcomayo","item_level_source_mapping_missing","6 enumerated facts; sources recorded only at article level","each sensitive claim maps to a concrete primary source or receives an explicit editorial decision","the public text passes the technical gate, but claim-level evidence is not auditable","legacy article-level source model","HUMAN_REVIEW","Fact checker + legal reviewer","review_required_before_unconditional_launch","claim-registry.csv + source-registry.csv","article_source_count=1","manual item-level fact-check"
"pereezd-s-minimalnym-byudzhetom:item_level_source_mapping","P0","guide","/baza-znaniy/pereezd-s-minimalnym-byudzhetom","item_level_source_mapping_missing","5 enumerated facts; sources recorded only at article level","each sensitive claim maps to a concrete primary source or receives an explicit editorial decision","the public text passes the technical gate, but claim-level evidence is not auditable","legacy article-level source model","HUMAN_REVIEW","Fact checker + legal reviewer","review_required_before_unconditional_launch","claim-registry.csv + source-registry.csv","article_source_count=1","manual item-level fact-check"
"perevoz-veshchey-i-pitomtsev:item_level_source_mapping","P0","guide","/baza-znaniy/perevoz-veshchey-i-pitomtsev","item_level_source_mapping_missing","10 enumerated facts; sources recorded only at article level","each sensitive claim maps to a concrete primary source or receives an explicit editorial decision","the public text passes the technical gate, but claim-level evidence is not auditable","legacy article-level source model","HUMAN_REVIEW","Fact checker + legal reviewer","review_required_before_unconditional_launch","claim-registry.csv + source-registry.csv","article_source_count=4","manual item-level fact-check"
"pervyj-mesyac-plan:item_level_source_mapping","P0","guide","/baza-znaniy/pervyj-mesyac-plan","item_level_source_mapping_missing","5 enumerated facts; sources recorded only at article level","each sensitive claim maps to a concrete primary source or receives an explicit editorial decision","the public text passes the technical gate, but claim-level evidence is not auditable","legacy article-level source model","HUMAN_REVIEW","Fact checker + legal reviewer","review_required_before_unconditional_launch","claim-registry.csv + source-registry.csv","article_source_count=1","manual item-level fact-check"
"plan-podgotovki-6-mesyacev:item_level_source_mapping","P0","guide","/baza-znaniy/plan-podgotovki-6-mesyacev","item_level_source_mapping_missing","5 enumerated facts; sources recorded only at article level","each sensitive claim maps to a concrete primary source or receives an explicit editorial decision","the public text passes the technical gate, but claim-level evidence is not auditable","legacy article-level source model","HUMAN_REVIEW","Fact checker + legal reviewer","review_required_before_unconditional_launch","claim-registry.csv + source-registry.csv","article_source_count=1","manual item-level fact-check"
"podgotovka-k-poezdke:item_level_source_mapping","P0","guide","/baza-znaniy/podgotovka-k-poezdke","item_level_source_mapping_missing","0 enumerated facts; sources recorded only at article level","each sensitive claim maps to a concrete primary source or receives an explicit editorial decision","the public text passes the technical gate, but claim-level evidence is not auditable","legacy article-level source model","HUMAN_REVIEW","Fact checker + legal reviewer","review_required_before_unconditional_launch","claim-registry.csv + source-registry.csv","article_source_count=1","manual item-level fact-check"
"pokupka-avtomobilya:item_level_source_mapping","P0","transport","/baza-znaniy/pokupka-avtomobilya","item_level_source_mapping_missing","5 enumerated facts; sources recorded only at article level","each sensitive claim maps to a concrete primary source or receives an explicit editorial decision","the public text passes the technical gate, but claim-level evidence is not auditable","legacy article-level source model","HUMAN_REVIEW","Fact checker + legal reviewer","review_required_before_unconditional_launch","claim-registry.csv + source-registry.csv","article_source_count=2","manual item-level fact-check"
"pokupka-nedvizhimosti:item_level_source_mapping","P0","guide","/baza-znaniy/pokupka-nedvizhimosti","item_level_source_mapping_missing","5 enumerated facts; sources recorded only at article level","each sensitive claim maps to a concrete primary source or receives an explicit editorial decision","the public text passes the technical gate, but claim-level evidence is not auditable","legacy article-level source model","HUMAN_REVIEW","Fact checker + legal reviewer","review_required_before_unconditional_launch","claim-registry.csv + source-registry.csv","article_source_count=2","manual item-level fact-check"
"pokupki-i-tax-free:item_level_source_mapping","P0","guide","/baza-znaniy/pokupki-i-tax-free","item_level_source_mapping_missing","5 enumerated facts; sources recorded only at article level","each sensitive claim maps to a concrete primary source or receives an explicit editorial decision","the public text passes the technical gate, but claim-level evidence is not auditable","legacy article-level source model","HUMAN_REVIEW","Fact checker + legal reviewer","review_required_before_unconditional_launch","claim-registry.csv + source-registry.csv","article_source_count=5","manual item-level fact-check"
"posle-dtp:item_level_source_mapping","P0","guide","/baza-znaniy/posle-dtp","item_level_source_mapping_missing","5 enumerated facts; sources recorded only at article level","each sensitive claim maps to a concrete primary source or receives an explicit editorial decision","the public text passes the technical gate, but claim-level evidence is not auditable","legacy article-level source model","HUMAN_REVIEW","Fact checker + legal reviewer","review_required_before_unconditional_launch","claim-registry.csv + source-registry.csv","article_source_count=2","manual item-level fact-check"
"priznanie-diploma:item_level_source_mapping","P0","guide","/baza-znaniy/priznanie-diploma","item_level_source_mapping_missing","5 enumerated facts; sources recorded only at article level","each sensitive claim maps to a concrete primary source or receives an explicit editorial decision","the public text passes the technical gate, but claim-level evidence is not auditable","legacy article-level source model","HUMAN_REVIEW","Fact checker + legal reviewer","review_required_before_unconditional_launch","claim-registry.csv + source-registry.csv","article_source_count=1","manual item-level fact-check"
"provoz-lekarstv:item_level_source_mapping","P0","guide","/baza-znaniy/provoz-lekarstv","item_level_source_mapping_missing","4 enumerated facts; sources recorded only at article level","each sensitive claim maps to a concrete primary source or receives an explicit editorial decision","the public text passes the technical gate, but claim-level evidence is not auditable","legacy article-level source model","HUMAN_REVIEW","Fact checker + legal reviewer","review_required_before_unconditional_launch","claim-registry.csv + source-registry.csv","article_source_count=3","manual item-level fact-check"
"rabochaya-viza:item_level_source_mapping","P0","guide","/baza-znaniy/rabochaya-viza","item_level_source_mapping_missing","5 enumerated facts; sources recorded only at article level","each sensitive claim maps to a concrete primary source or receives an explicit editorial decision","the public text passes the technical gate, but claim-level evidence is not auditable","legacy article-level source model","HUMAN_REVIEW","Fact checker + legal reviewer","review_required_before_unconditional_launch","claim-registry.csv + source-registry.csv","article_source_count=3","manual item-level fact-check"
"rabota-i-poisk-raboty:item_level_source_mapping","P0","guide","/baza-znaniy/rabota-i-poisk-raboty","item_level_source_mapping_missing","5 enumerated facts; sources recorded only at article level","each sensitive claim maps to a concrete primary source or receives an explicit editorial decision","the public text passes the technical gate, but claim-level evidence is not auditable","legacy article-level source model","HUMAN_REVIEW","Fact checker + legal reviewer","review_required_before_unconditional_launch","claim-registry.csv + source-registry.csv","article_source_count=2","manual item-level fact-check"
"raskhozhdeniya-dni-cuit-cuil:item_level_source_mapping","P0","guide","/baza-znaniy/raskhozhdeniya-dni-cuit-cuil","item_level_source_mapping_missing","4 enumerated facts; sources recorded only at article level","each sensitive claim maps to a concrete primary source or receives an explicit editorial decision","the public text passes the technical gate, but claim-level evidence is not auditable","legacy article-level source model","HUMAN_REVIEW","Fact checker + legal reviewer","review_required_before_unconditional_launch","claim-registry.csv + source-registry.csv","article_source_count=3","manual item-level fact-check"
"rody-i-beremennost:item_level_source_mapping","P0","guide","/baza-znaniy/rody-i-beremennost","item_level_source_mapping_missing","5 enumerated facts; sources recorded only at article level","each sensitive claim maps to a concrete primary source or receives an explicit editorial decision","the public text passes the technical gate, but claim-level evidence is not auditable","legacy article-level source model","HUMAN_REVIEW","Fact checker + legal reviewer","review_required_before_unconditional_launch","claim-registry.csv + source-registry.csv","article_source_count=2","manual item-level fact-check"
"rody-v-argentine:item_level_source_mapping","P0","faq","/baza-znaniy/rody-v-argentine","item_level_source_mapping_missing","0 enumerated facts; sources recorded only at article level","each sensitive claim maps to a concrete primary source or receives an explicit editorial decision","the public text passes the technical gate, but claim-level evidence is not auditable","legacy article-level source model","HUMAN_REVIEW","Fact checker + legal reviewer","review_required_before_unconditional_launch","claim-registry.csv + source-registry.csv","article_source_count=2","manual item-level fact-check"
"rossiya-vs-argentina:item_level_source_mapping","P0","guide","/baza-znaniy/rossiya-vs-argentina","item_level_source_mapping_missing","5 enumerated facts; sources recorded only at article level","each sensitive claim maps to a concrete primary source or receives an explicit editorial decision","the public text passes the technical gate, but claim-level evidence is not auditable","legacy article-level source model","HUMAN_REVIEW","Fact checker + legal reviewer","review_required_before_unconditional_launch","claim-registry.csv + source-registry.csv","article_source_count=1","manual item-level fact-check"
"sdacha-nedvizhimosti-v-arendu:item_level_source_mapping","P0","guide","/baza-znaniy/sdacha-nedvizhimosti-v-arendu","item_level_source_mapping_missing","5 enumerated facts; sources recorded only at article level","each sensitive claim maps to a concrete primary source or receives an explicit editorial decision","the public text passes the technical gate, but claim-level evidence is not auditable","legacy article-level source model","HUMAN_REVIEW","Fact checker + legal reviewer","review_required_before_unconditional_launch","claim-registry.csv + source-registry.csv","article_source_count=2","manual item-level fact-check"
"shkola-dlya-detey:item_level_source_mapping","P0","guide","/baza-znaniy/shkola-dlya-detey","item_level_source_mapping_missing","9 enumerated facts; sources recorded only at article level","each sensitive claim maps to a concrete primary source or receives an explicit editorial decision","the public text passes the technical gate, but claim-level evidence is not auditable","legacy article-level source model","HUMAN_REVIEW","Fact checker + legal reviewer","review_required_before_unconditional_launch","claim-registry.csv + source-registry.csv","article_source_count=4","manual item-level fact-check"
"shtrafy-i-scoring:item_level_source_mapping","P0","guide","/baza-znaniy/shtrafy-i-scoring","item_level_source_mapping_missing","5 enumerated facts; sources recorded only at article level","each sensitive claim maps to a concrete primary source or receives an explicit editorial decision","the public text passes the technical gate, but claim-level evidence is not auditable","legacy article-level source model","HUMAN_REVIEW","Fact checker + legal reviewer","review_required_before_unconditional_launch","claim-registry.csv + source-registry.csv","article_source_count=3","manual item-level fact-check"
"sistema-zdravoohraneniya:item_level_source_mapping","P0","guide","/baza-znaniy/sistema-zdravoohraneniya","item_level_source_mapping_missing","5 enumerated facts; sources recorded only at article level","each sensitive claim maps to a concrete primary source or receives an explicit editorial decision","the public text passes the technical gate, but claim-level evidence is not auditable","legacy article-level source model","HUMAN_REVIEW","Fact checker + legal reviewer","review_required_before_unconditional_launch","claim-registry.csv + source-registry.csv","article_source_count=3","manual item-level fact-check"
"skolko-nalichnyh-mozhno-vvezti:item_level_source_mapping","P0","faq","/baza-znaniy/skolko-nalichnyh-mozhno-vvezti","item_level_source_mapping_missing","0 enumerated facts; sources recorded only at article level","each sensitive claim maps to a concrete primary source or receives an explicit editorial decision","the public text passes the technical gate, but claim-level evidence is not auditable","legacy article-level source model","HUMAN_REVIEW","Fact checker + legal reviewer","review_required_before_unconditional_launch","claim-registry.csv + source-registry.csv","article_source_count=2","manual item-level fact-check"
"soobshestvo-i-adaptaciya:item_level_source_mapping","P0","guide","/baza-znaniy/soobshestvo-i-adaptaciya","item_level_source_mapping_missing","5 enumerated facts; sources recorded only at article level","each sensitive claim maps to a concrete primary source or receives an explicit editorial decision","the public text passes the technical gate, but claim-level evidence is not auditable","legacy article-level source model","HUMAN_REVIEW","Fact checker + legal reviewer","review_required_before_unconditional_launch","claim-registry.csv + source-registry.csv","article_source_count=1","manual item-level fact-check"
"status-expediente-migraciones:item_level_source_mapping","P0","guide","/baza-znaniy/status-expediente-migraciones","item_level_source_mapping_missing","5 enumerated facts; sources recorded only at article level","each sensitive claim maps to a concrete primary source or receives an explicit editorial decision","the public text passes the technical gate, but claim-level evidence is not auditable","legacy article-level source model","HUMAN_REVIEW","Fact checker + legal reviewer","review_required_before_unconditional_launch","claim-registry.csv + source-registry.csv","article_source_count=3","manual item-level fact-check"
"stoimost-zhizni-ba:item_level_source_mapping","P0","guide","/baza-znaniy/stoimost-zhizni-ba","item_level_source_mapping_missing","5 enumerated facts; sources recorded only at article level","each sensitive claim maps to a concrete primary source or receives an explicit editorial decision","the public text passes the technical gate, but claim-level evidence is not auditable","legacy article-level source model","HUMAN_REVIEW","Fact checker + legal reviewer","review_required_before_unconditional_launch","claim-registry.csv + source-registry.csv","article_source_count=2","manual item-level fact-check"
"stoimost-zhizni-semya-i-para:item_level_source_mapping","P0","guide","/baza-znaniy/stoimost-zhizni-semya-i-para","item_level_source_mapping_missing","5 enumerated facts; sources recorded only at article level","each sensitive claim maps to a concrete primary source or receives an explicit editorial decision","the public text passes the technical gate, but claim-level evidence is not auditable","legacy article-level source model","HUMAN_REVIEW","Fact checker + legal reviewer","review_required_before_unconditional_launch","claim-registry.csv + source-registry.csv","article_source_count=2","manual item-level fact-check"
"stoit-li-ehat-v-argentinu:item_level_source_mapping","P0","guide","/baza-znaniy/stoit-li-ehat-v-argentinu","item_level_source_mapping_missing","5 enumerated facts; sources recorded only at article level","each sensitive claim maps to a concrete primary source or receives an explicit editorial decision","the public text passes the technical gate, but claim-level evidence is not auditable","legacy article-level source model","HUMAN_REVIEW","Fact checker + legal reviewer","review_required_before_unconditional_launch","claim-registry.csv + source-registry.csv","article_source_count=2","manual item-level fact-check"
"stoit-li-pereezzhat:item_level_source_mapping","P0","guide","/baza-znaniy/stoit-li-pereezzhat","item_level_source_mapping_missing","5 enumerated facts; sources recorded only at article level","each sensitive claim maps to a concrete primary source or receives an explicit editorial decision","the public text passes the technical gate, but claim-level evidence is not auditable","legacy article-level source model","HUMAN_REVIEW","Fact checker + legal reviewer","review_required_before_unconditional_launch","claim-registry.csv + source-registry.csv","article_source_count=1","manual item-level fact-check"
"studencheskaya-zhizn:item_level_source_mapping","P0","guide","/baza-znaniy/studencheskaya-zhizn","item_level_source_mapping_missing","5 enumerated facts; sources recorded only at article level","each sensitive claim maps to a concrete primary source or receives an explicit editorial decision","the public text passes the technical gate, but claim-level evidence is not auditable","legacy article-level source model","HUMAN_REVIEW","Fact checker + legal reviewer","review_required_before_unconditional_launch","claim-registry.csv + source-registry.csv","article_source_count=2","manual item-level fact-check"
"udalyonnaya-rabota-i-oplata:item_level_source_mapping","P0","guide","/baza-znaniy/udalyonnaya-rabota-i-oplata","item_level_source_mapping_missing","5 enumerated facts; sources recorded only at article level","each sensitive claim maps to a concrete primary source or receives an explicit editorial decision","the public text passes the technical gate, but claim-level evidence is not auditable","legacy article-level source model","HUMAN_REVIEW","Fact checker + legal reviewer","review_required_before_unconditional_launch","claim-registry.csv + source-registry.csv","article_source_count=2","manual item-level fact-check"
"viza-cifrovogo-kochevnika:item_level_source_mapping","P0","guide","/baza-znaniy/viza-cifrovogo-kochevnika","item_level_source_mapping_missing","7 enumerated facts; sources recorded only at article level","each sensitive claim maps to a concrete primary source or receives an explicit editorial decision","the public text passes the technical gate, but claim-level evidence is not auditable","legacy article-level source model","HUMAN_REVIEW","Fact checker + legal reviewer","review_required_before_unconditional_launch","claim-registry.csv + source-registry.csv","article_source_count=2","manual item-level fact-check"
"viza-i-granica-dlya-rossiyan:item_level_source_mapping","P0","guide","/baza-znaniy/viza-i-granica-dlya-rossiyan","item_level_source_mapping_missing","5 enumerated facts; sources recorded only at article level","each sensitive claim maps to a concrete primary source or receives an explicit editorial decision","the public text passes the technical gate, but claim-level evidence is not auditable","legacy article-level source model","HUMAN_REVIEW","Fact checker + legal reviewer","review_required_before_unconditional_launch","claim-registry.csv + source-registry.csv","article_source_count=2","manual item-level fact-check"
"viza-kochevnika-ne-vnzh:item_level_source_mapping","P0","author_tip","/baza-znaniy/viza-kochevnika-ne-vnzh","item_level_source_mapping_missing","0 enumerated facts; sources recorded only at article level","each sensitive claim maps to a concrete primary source or receives an explicit editorial decision","the public text passes the technical gate, but claim-level evidence is not auditable","legacy article-level source model","HUMAN_REVIEW","Fact checker + legal reviewer","review_required_before_unconditional_launch","claim-registry.csv + source-registry.csv","article_source_count=1","manual item-level fact-check"
"vnzh-argentina:item_level_source_mapping","P0","guide","/baza-znaniy/vnzh-argentina","item_level_source_mapping_missing","6 enumerated facts; sources recorded only at article level","each sensitive claim maps to a concrete primary source or receives an explicit editorial decision","the public text passes the technical gate, but claim-level evidence is not auditable","legacy article-level source model","HUMAN_REVIEW","Fact checker + legal reviewer","review_required_before_unconditional_launch","claim-registry.csv + source-registry.csv","article_source_count=4","manual item-level fact-check"
"vnzh-po-uchebe:item_level_source_mapping","P0","guide","/baza-znaniy/vnzh-po-uchebe","item_level_source_mapping_missing","5 enumerated facts; sources recorded only at article level","each sensitive claim maps to a concrete primary source or receives an explicit editorial decision","the public text passes the technical gate, but claim-level evidence is not auditable","legacy article-level source model","HUMAN_REVIEW","Fact checker + legal reviewer","review_required_before_unconditional_launch","claim-registry.csv + source-registry.csv","article_source_count=2","manual item-level fact-check"
"vnzh-rantye:item_level_source_mapping","P0","guide","/baza-znaniy/vnzh-rantye","item_level_source_mapping_missing","5 enumerated facts; sources recorded only at article level","each sensitive claim maps to a concrete primary source or receives an explicit editorial decision","the public text passes the technical gate, but claim-level evidence is not auditable","legacy article-level source model","HUMAN_REVIEW","Fact checker + legal reviewer","review_required_before_unconditional_launch","claim-registry.csv + source-registry.csv","article_source_count=4","manual item-level fact-check"
"voditelskie-prava:item_level_source_mapping","P0","guide","/baza-znaniy/voditelskie-prava","item_level_source_mapping_missing","7 enumerated facts; sources recorded only at article level","each sensitive claim maps to a concrete primary source or receives an explicit editorial decision","the public text passes the technical gate, but claim-level evidence is not auditable","legacy article-level source model","HUMAN_REVIEW","Fact checker + legal reviewer","review_required_before_unconditional_launch","claim-registry.csv + source-registry.csv","article_source_count=5","manual item-level fact-check"
"voinskij-uchet-i-voennyj-bilet:item_level_source_mapping","P0","guide","/baza-znaniy/voinskij-uchet-i-voennyj-bilet","item_level_source_mapping_missing","5 enumerated facts; sources recorded only at article level","each sensitive claim maps to a concrete primary source or receives an explicit editorial decision","the public text passes the technical gate, but claim-level evidence is not auditable","legacy article-level source model","HUMAN_REVIEW","Fact checker + legal reviewer","review_required_before_unconditional_launch","claim-registry.csv + source-registry.csv","article_source_count=1","manual item-level fact-check"
"vossoedinenie-semi:item_level_source_mapping","P0","guide","/baza-znaniy/vossoedinenie-semi","item_level_source_mapping_missing","9 enumerated facts; sources recorded only at article level","each sensitive claim maps to a concrete primary source or receives an explicit editorial decision","the public text passes the technical gate, but claim-level evidence is not auditable","legacy article-level source model","HUMAN_REVIEW","Fact checker + legal reviewer","review_required_before_unconditional_launch","claim-registry.csv + source-registry.csv","article_source_count=4","manual item-level fact-check"
"vysokogorye-na-avto:item_level_source_mapping","P0","guide","/baza-znaniy/vysokogorye-na-avto","item_level_source_mapping_missing","4 enumerated facts; sources recorded only at article level","each sensitive claim maps to a concrete primary source or receives an explicit editorial decision","the public text passes the technical gate, but claim-level evidence is not auditable","legacy article-level source model","HUMAN_REVIEW","Fact checker + legal reviewer","review_required_before_unconditional_launch","claim-registry.csv + source-registry.csv","article_source_count=1","manual item-level fact-check"
"zashchita-nakoplenij-ot-inflyacii:item_level_source_mapping","P0","guide","/baza-znaniy/zashchita-nakoplenij-ot-inflyacii","item_level_source_mapping_missing","5 enumerated facts; sources recorded only at article level","each sensitive claim maps to a concrete primary source or receives an explicit editorial decision","the public text passes the technical gate, but claim-level evidence is not auditable","legacy article-level source model","HUMAN_REVIEW","Fact checker + legal reviewer","review_required_before_unconditional_launch","claim-registry.csv + source-registry.csv","article_source_count=1","manual item-level fact-check"
"zemletryaseniya-i-vulkany:item_level_source_mapping","P0","guide","/baza-znaniy/zemletryaseniya-i-vulkany","item_level_source_mapping_missing","5 enumerated facts; sources recorded only at article level","each sensitive claim maps to a concrete primary source or receives an explicit editorial decision","the public text passes the technical gate, but claim-level evidence is not auditable","legacy article-level source model","HUMAN_REVIEW","Fact checker + legal reviewer","review_required_before_unconditional_launch","claim-registry.csv + source-registry.csv","article_source_count=2","manual item-level fact-check"
"zhile-i-arenda:item_level_source_mapping","P0","guide","/baza-znaniy/zhile-i-arenda","item_level_source_mapping_missing","4 enumerated facts; sources recorded only at article level","each sensitive claim maps to a concrete primary source or receives an explicit editorial decision","the public text passes the technical gate, but claim-level evidence is not auditable","legacy article-level source model","HUMAN_REVIEW","Fact checker + legal reviewer","review_required_before_unconditional_launch","claim-registry.csv + source-registry.csv","article_source_count=2","manual item-level fact-check"
"zhizn-bez-ispanskogo:item_level_source_mapping","P0","guide","/baza-znaniy/zhizn-bez-ispanskogo","item_level_source_mapping_missing","5 enumerated facts; sources recorded only at article level","each sensitive claim maps to a concrete primary source or receives an explicit editorial decision","the public text passes the technical gate, but claim-level evidence is not auditable","legacy article-level source model","HUMAN_REVIEW","Fact checker + legal reviewer","review_required_before_unconditional_launch","claim-registry.csv + source-registry.csv","article_source_count=1","manual item-level fact-check"
"zhizn-na-pensii:item_level_source_mapping","P0","guide","/baza-znaniy/zhizn-na-pensii","item_level_source_mapping_missing","5 enumerated facts; sources recorded only at article level","each sensitive claim maps to a concrete primary source or receives an explicit editorial decision","the public text passes the technical gate, but claim-level evidence is not auditable","legacy article-level source model","HUMAN_REVIEW","Fact checker + legal reviewer","review_required_before_unconditional_launch","claim-registry.csv + source-registry.csv","article_source_count=1","manual item-level fact-check"
"duplicate:title:f9a1ffcfd053","P1","knowledge_base","/baza-znaniy/ciudad-de-salta;/baza-znaniy/salta","exact_normalized_title","ciudad-de-salta:quarantined;salta:public","documented KEEP_DISTINCT, MERGE or REDIRECT decision","duplicate intent or title can confuse navigation and compete in search","parallel legacy entities","HUMAN_REVIEW","Content architect + SEO owner","open","duplicate-content-report.csv","exact normalized group title:f9a1ffcfd053","duplicate report + redirect contract"
"duplicate:title:71c1d062d66a","P1","knowledge_base","/baza-znaniy/los-cardones;/baza-znaniy/parque-nacional-los-cardones","exact_normalized_title","los-cardones:public;parque-nacional-los-cardones:quarantined","documented KEEP_DISTINCT, MERGE or REDIRECT decision","duplicate intent or title can confuse navigation and compete in search","parallel legacy entities","HUMAN_REVIEW","Content architect + SEO owner","open","duplicate-content-report.csv","exact normalized group title:71c1d062d66a","duplicate report + redirect contract"
"duplicate:title:7a3de42ac66c","P1","knowledge_base","/baza-znaniy/ognennaya-zemlya;/baza-znaniy/parque-nacional-tierra-del-fuego","exact_normalized_title","ognennaya-zemlya:public;parque-nacional-tierra-del-fuego:public","documented KEEP_DISTINCT, MERGE or REDIRECT decision","duplicate intent or title can confuse navigation and compete in search","parallel legacy entities","HUMAN_REVIEW","Content architect + SEO owner","open","duplicate-content-report.csv","exact normalized group title:7a3de42ac66c","duplicate report + redirect contract"
"media:at-federacion-gallery-4:duplicate_within_entity:media/argentina-travel/federacion/1640033277915-6_federacion_parque_acuatico_horizontal__11__alta.jpg","P1","public_media","place:federacion:gallery","duplicate_within_entity","Одинаковый файл повторяется внутри place:federacion.","managed contextual media with consistent rights metadata and valid dimensions","legal, trust, accessibility or visual quality risk","duplicate_within_entity","LIGHT_EDIT","Media editor + media rights owner","open","media/argentina-travel/federacion/1640033277915-6_federacion_parque_acuatico_horizontal__11__alta.jpg","at-federacion-gallery-4:duplicate_within_entity:media/argentina-travel/federacion/1640033277915-6_federacion_parque_acuatico_horizontal__11__alta.jpg","npm run media:rights:audit"
"media:at-federacion-hero:duplicate_within_entity:media/argentina-travel/federacion/1640033244460-6_federacion_parque_acuatico_horizontal__11__alta.jpg","P1","public_media","place:federacion:cover;place:federacion:gallery","duplicate_within_entity","Одинаковый файл повторяется внутри place:federacion.","managed contextual media with consistent rights metadata and valid dimensions","legal, trust, accessibility or visual quality risk","duplicate_within_entity","LIGHT_EDIT","Media editor + media rights owner","open","media/argentina-travel/federacion/1640033244460-6_federacion_parque_acuatico_horizontal__11__alta.jpg","at-federacion-hero:duplicate_within_entity:media/argentina-travel/federacion/1640033244460-6_federacion_parque_acuatico_horizontal__11__alta.jpg","npm run media:rights:audit"
"media:at-gualeguaychu-gallery-4:duplicate_within_entity:media/argentina-travel/gualeguaychu/1638475502902-7_gualeguaychu_playa__andubaysal_horizontal_2_alta.jpg","P1","public_media","place:gualeguaychu:gallery","duplicate_within_entity","Одинаковый файл повторяется внутри place:gualeguaychu.","managed contextual media with consistent rights metadata and valid dimensions","legal, trust, accessibility or visual quality risk","duplicate_within_entity","LIGHT_EDIT","Media editor + media rights owner","open","media/argentina-travel/gualeguaychu/1638475502902-7_gualeguaychu_playa__andubaysal_horizontal_2_alta.jpg","at-gualeguaychu-gallery-4:duplicate_within_entity:media/argentina-travel/gualeguaychu/1638475502902-7_gualeguaychu_playa__andubaysal_horizontal_2_alta.jpg","npm run media:rights:audit"
"media:at-gualeguaychu-hero:duplicate_within_entity:media/argentina-travel/gualeguaychu/1638475468881-7_gualeguaychu_playa__andubaysal_horizontal_2_alta.jpg","P1","public_media","place:gualeguaychu:cover;place:gualeguaychu:gallery","duplicate_within_entity","Одинаковый файл повторяется внутри place:gualeguaychu.","managed contextual media with consistent rights metadata and valid dimensions","legal, trust, accessibility or visual quality risk","duplicate_within_entity","LIGHT_EDIT","Media editor + media rights owner","open","media/argentina-travel/gualeguaychu/1638475468881-7_gualeguaychu_playa__andubaysal_horizontal_2_alta.jpg","at-gualeguaychu-hero:duplicate_within_entity:media/argentina-travel/gualeguaychu/1638475468881-7_gualeguaychu_playa__andubaysal_horizontal_2_alta.jpg","npm run media:rights:audit"
"media:at-parana-gallery-4:duplicate_within_entity:media/argentina-travel/parana/1640025711886-3_parana_rio_kite_horizontal__6__alta.jpg","P1","public_media","kb:parana:gallery;place:parana:gallery","duplicate_within_entity","Одинаковый файл повторяется внутри kb:parana, place:parana.","managed contextual media with consistent rights metadata and valid dimensions","legal, trust, accessibility or visual quality risk","duplicate_within_entity","LIGHT_EDIT","Media editor + media rights owner","open","media/argentina-travel/parana/1640025711886-3_parana_rio_kite_horizontal__6__alta.jpg","at-parana-gallery-4:duplicate_within_entity:media/argentina-travel/parana/1640025711886-3_parana_rio_kite_horizontal__6__alta.jpg","npm run media:rights:audit"
"media:at-parana-hero:duplicate_within_entity:media/argentina-travel/parana/1640025681712-3_parana_rio_kite_horizontal__6__alta.jpg","P1","public_media","kb:parana:hero;place:parana:cover;place:parana:gallery","duplicate_within_entity","Одинаковый файл повторяется внутри kb:parana, place:parana.","managed contextual media with consistent rights metadata and valid dimensions","legal, trust, accessibility or visual quality risk","duplicate_within_entity","LIGHT_EDIT","Media editor + media rights owner","open","media/argentina-travel/parana/1640025681712-3_parana_rio_kite_horizontal__6__alta.jpg","at-parana-hero:duplicate_within_entity:media/argentina-travel/parana/1640025681712-3_parana_rio_kite_horizontal__6__alta.jpg","npm run media:rights:audit"
"media:at-parque-nacional-islas-de-santa-fe-hero:hero_resolution:media/argentina-travel/parque-nacional-islas-de-santa-fe/1624388804931-caminatas_y_corrida__1_.jpg","P1","public_media","kb:parque-nacional-islas-de-santa-fe:hero","hero_resolution","Hero 960×720: ширина меньше 1200 px.","managed contextual media with consistent rights metadata and valid dimensions","legal, trust, accessibility or visual quality risk","hero_resolution","LIGHT_EDIT","Media editor + media rights owner","open","media/argentina-travel/parque-nacional-islas-de-santa-fe/1624388804931-caminatas_y_corrida__1_.jpg","at-parque-nacional-islas-de-santa-fe-hero:hero_resolution:media/argentina-travel/parque-nacional-islas-de-santa-fe/1624388804931-caminatas_y_corrida__1_.jpg","npm run media:rights:audit"
"media:at-parque-nacional-san-guillermo-hero:hero_resolution:media/argentina-travel/parque-nacional-san-guillermo/1623885866823-san_guillermo_3.jpg","P1","public_media","kb:parque-nacional-san-guillermo:hero","hero_resolution","Hero 1000×667: ширина меньше 1200 px.","managed contextual media with consistent rights metadata and valid dimensions","legal, trust, accessibility or visual quality risk","hero_resolution","LIGHT_EDIT","Media editor + media rights owner","open","media/argentina-travel/parque-nacional-san-guillermo/1623885866823-san_guillermo_3.jpg","at-parque-nacional-san-guillermo-hero:hero_resolution:media/argentina-travel/parque-nacional-san-guillermo/1623885866823-san_guillermo_3.jpg","npm run media:rights:audit"
"media:at-villa-la-angostura-hero:hero_resolution:media/argentina-travel/villa-la-angostura/1628523006228-vla_bahiabrava_mavikiipro_2_.jpg","P1","public_media","kb:villa-la-angostura:hero;place:villa-la-angostura:gallery","hero_resolution","Hero 1000×666: ширина меньше 1200 px.","managed contextual media with consistent rights metadata and valid dimensions","legal, trust, accessibility or visual quality risk","hero_resolution","LIGHT_EDIT","Media editor + media rights owner","open","media/argentina-travel/villa-la-angostura/1628523006228-vla_bahiabrava_mavikiipro_2_.jpg","at-villa-la-angostura-hero:hero_resolution:media/argentina-travel/villa-la-angostura/1628523006228-vla_bahiabrava_mavikiipro_2_.jpg","npm run media:rights:audit"
"media:blog-argentina-10-dnej-3-nedeli:duplicate_rights_conflict:media/blog/argentina-10-dnej-3-nedeli/hero.jpg","P0","public_media","literal:src/lib/blog-post-image-bindings.ts","duplicate_rights_conflict","Байт-в-байт одинаковый файл имеет противоречивые source/author/license metadata.","managed contextual media with consistent rights metadata and valid dimensions","legal, trust, accessibility or visual quality risk","duplicate_rights_conflict","LEGAL_REVIEW","Media editor + media rights owner","open","media/blog/argentina-10-dnej-3-nedeli/hero.jpg","blog-argentina-10-dnej-3-nedeli:duplicate_rights_conflict:media/blog/argentina-10-dnej-3-nedeli/hero.jpg","npm run media:rights:audit"
"media:blog-argentina-2-nedeli-marshrut:duplicate_rights_conflict:media/blog/argentina-2-nedeli-marshrut/hero.jpg","P0","public_media","blog:argentina-2-nedeli-marshrut:card;blog:argentina-2-nedeli-marshrut:hero;blog:itinerary-за-14-дней:card;blog:itinerary-за-14-дней:hero;blog:itinerary-ошибки:card;blog:itinerary-ошибки:hero;blog:itinerary-чек-лист:card;blog:itinerary-чек-лист:hero;literal:src/lib/blog-post-image-bindings.ts","duplicate_rights_conflict","Байт-в-байт одинаковый файл имеет противоречивые source/author/license metadata.","managed contextual media with consistent rights metadata and valid dimensions","legal, trust, accessibility or visual quality risk","duplicate_rights_conflict","LEGAL_REVIEW","Media editor + media rights owner","open","media/blog/argentina-2-nedeli-marshrut/hero.jpg","blog-argentina-2-nedeli-marshrut:duplicate_rights_conflict:media/blog/argentina-2-nedeli-marshrut/hero.jpg","npm run media:rights:audit"
"media:blog-argentina-tourist-visa-2026:duplicate_rights_conflict:media/blog/argentina-tourist-visa-2026/hero.jpg","P0","public_media","blog:dni-cuil-argentina:card;blog:dni-cuil-argentina:hero;literal:src/data/media-library/stock-cache.json;literal:src/lib/blog-post-image-bindings.ts","duplicate_rights_conflict","Байт-в-байт одинаковый файл имеет противоречивые source/author/license metadata.","managed contextual media with consistent rights metadata and valid dimensions","legal, trust, accessibility or visual quality risk","duplicate_rights_conflict","LEGAL_REVIEW","Media editor + media rights owner","open","media/blog/argentina-tourist-visa-2026/hero.jpg","blog-argentina-tourist-visa-2026:duplicate_rights_conflict:media/blog/argentina-tourist-visa-2026/hero.jpg","npm run media:rights:audit"
"media:blog-banado-la-estrella:duplicate_within_entity:media/blog/banado-la-estrella/hero.jpg","P1","public_media","blog:banado-la-estrella:hero;blog:natsionalnyy-park-los-glasiares:hero;blog:natsionalnyy-park-nauel-uapi:hero;literal:src/lib/blog-post-image-bindings.ts","duplicate_within_entity","Одинаковый файл повторяется внутри blog:banado-la-estrella.","managed contextual media with consistent rights metadata and valid dimensions","legal, trust, accessibility or visual quality risk","duplicate_within_entity","LIGHT_EDIT","Media editor + media rights owner","open","media/blog/banado-la-estrella/hero.jpg","blog-banado-la-estrella:duplicate_within_entity:media/blog/banado-la-estrella/hero.jpg","npm run media:rights:audit"
"media:blog-bankovskij-schet-argentina:duplicate_rights_conflict:media/blog/bankovskij-schet-argentina/hero.jpg","P0","public_media","blog:viza-cifrovogo-kochevnika-argentina:card;blog:viza-cifrovogo-kochevnika-argentina:hero;literal:src/lib/blog-post-image-bindings.ts","duplicate_rights_conflict","Байт-в-байт одинаковый файл имеет противоречивые source/author/license metadata.","managed contextual media with consistent rights metadata and valid dimensions","legal, trust, accessibility or visual quality risk","duplicate_rights_conflict","LEGAL_REVIEW","Media editor + media rights owner","open","media/blog/bankovskij-schet-argentina/hero.jpg","blog-bankovskij-schet-argentina:duplicate_rights_conflict:media/blog/bankovskij-schet-argentina/hero.jpg","npm run media:rights:audit"
"media:blog-best-time-to-visit-argentina:duplicate_rights_conflict:media/blog/best-time-to-visit-argentina/hero.jpg","P0","public_media","blog:argentina-tourist-visa-2026:card;blog:argentina-tourist-visa-2026:hero;blog:best-time-to-visit-argentina:card;blog:best-time-to-visit-argentina:hero;literal:src/data/media-library/stock-cache.json;literal:src/lib/blog-post-image-bindings.ts","duplicate_rights_conflict","Байт-в-байт одинаковый файл имеет противоречивые source/author/license metadata.","managed contextual media with consistent rights metadata and valid dimensions","legal, trust, accessibility or visual quality risk","duplicate_rights_conflict","LEGAL_REVIEW","Media editor + media rights owner","open","media/blog/best-time-to-visit-argentina/hero.jpg","blog-best-time-to-visit-argentina:duplicate_rights_conflict:media/blog/best-time-to-visit-argentina/hero.jpg","npm run media:rights:audit"
"media:blog-blue-dollar-argentina-2026:duplicate_rights_conflict:media/blog/blue-dollar-argentina-2026/hero.jpg","P0","public_media","blog:blue-dollar-argentina-2026:card;blog:blue-dollar-argentina-2026:hero;blog:money-карты:card;blog:money-карты:hero;blog:stoimost-zhizni-buenos-aires:card;blog:stoimost-zhizni-buenos-aires:hero;literal:src/data/media-library/stock-cache.json;literal:src/lib/blog-post-image-bindings.ts","duplicate_rights_conflict","Байт-в-байт одинаковый файл имеет противоречивые source/author/license metadata.","managed contextual media with consistent rights metadata and valid dimensions","legal, trust, accessibility or visual quality risk","duplicate_rights_conflict","LEGAL_REVIEW","Media editor + media rights owner","open","media/blog/blue-dollar-argentina-2026/hero.jpg","blog-blue-dollar-argentina-2026:duplicate_rights_conflict:media/blog/blue-dollar-argentina-2026/hero.jpg","npm run media:rights:audit"
"media:blog-byudzhet-poezdki-argentina:duplicate_rights_conflict:media/blog/byudzhet-poezdki-argentina/hero.jpg","P0","public_media","blog:byudzhet-poezdki-argentina:card;blog:byudzhet-poezdki-argentina:hero;literal:src/lib/blog-post-image-bindings.ts","duplicate_rights_conflict","Байт-в-байт одинаковый файл имеет противоречивые source/author/license metadata.","managed contextual media with consistent rights metadata and valid dimensions","legal, trust, accessibility or visual quality risk","duplicate_rights_conflict","LEGAL_REVIEW","Media editor + media rights owner","open","media/blog/byudzhet-poezdki-argentina/hero.jpg","blog-byudzhet-poezdki-argentina:duplicate_rights_conflict:media/blog/byudzhet-poezdki-argentina/hero.jpg","npm run media:rights:audit"
"media:blog-dni-cuil-argentina:duplicate_rights_conflict:media/blog/dni-cuil-argentina/hero.jpg","P0","public_media","literal:src/lib/blog-post-image-bindings.ts","duplicate_rights_conflict","Байт-в-байт одинаковый файл имеет противоречивые source/author/license metadata.","managed contextual media with consistent rights metadata and valid dimensions","legal, trust, accessibility or visual quality risk","duplicate_rights_conflict","LEGAL_REVIEW","Media editor + media rights owner","open","media/blog/dni-cuil-argentina/hero.jpg","blog-dni-cuil-argentina:duplicate_rights_conflict:media/blog/dni-cuil-argentina/hero.jpg","npm run media:rights:audit"
"media:blog-grazhdanstvo-argentiny:duplicate_rights_conflict:media/blog/grazhdanstvo-argentiny/hero.jpg","P0","public_media","literal:src/data/blog-author.ts;literal:src/lib/blog-post-image-bindings.ts","duplicate_rights_conflict","Байт-в-байт одинаковый файл имеет противоречивые source/author/license metadata.","managed contextual media with consistent rights metadata and valid dimensions","legal, trust, accessibility or visual quality risk","duplicate_rights_conflict","LEGAL_REVIEW","Media editor + media rights owner","open","media/blog/grazhdanstvo-argentiny/hero.jpg","blog-grazhdanstvo-argentiny:duplicate_rights_conflict:media/blog/grazhdanstvo-argentiny/hero.jpg","npm run media:rights:audit"
"media:blog-iguazu-garganta-del-diablo:duplicate_rights_conflict:media/blog/iguazu-garganta-del-diablo/hero.jpg","P0","public_media","blog:iguazu-garganta-del-diablo:card;blog:iguazu-garganta-del-diablo:hero;blog:iguazu-за-3-дня:card;blog:iguazu-за-3-дня:hero;blog:iguazu-советы-новичкам:card;blog:iguazu-советы-новичкам:hero;literal:src/lib/blog-post-image-bindings.ts","duplicate_rights_conflict","Байт-в-байт одинаковый файл имеет противоречивые source/author/license metadata.","managed contextual media with consistent rights metadata and valid dimensions","legal, trust, accessibility or visual quality risk","duplicate_rights_conflict","LEGAL_REVIEW","Media editor + media rights owner","open","media/blog/iguazu-garganta-del-diablo/hero.jpg","blog-iguazu-garganta-del-diablo:duplicate_rights_conflict:media/blog/iguazu-garganta-del-diablo/hero.jpg","npm run media:rights:audit"
"media:blog-iguazu-za-3-dnya:duplicate_rights_conflict:media/blog/iguazu-za-3-dnya/hero.jpg","P0","public_media","literal:src/lib/blog-post-image-bindings.ts","duplicate_rights_conflict","Байт-в-байт одинаковый файл имеет противоречивые source/author/license metadata.","managed contextual media with consistent rights metadata and valid dimensions","legal, trust, accessibility or visual quality risk","duplicate_rights_conflict","LEGAL_REVIEW","Media editor + media rights owner","open","media/blog/iguazu-za-3-dnya/hero.jpg","blog-iguazu-za-3-dnya:duplicate_rights_conflict:media/blog/iguazu-za-3-dnya/hero.jpg","npm run media:rights:audit"
"media:blog-itinerary-за-14-дней:duplicate_rights_conflict:media/blog/itinerary-za-14-dney/hero.jpg","P0","public_media","blog:argentina-10-dnej-3-nedeli:card;blog:argentina-10-dnej-3-nedeli:hero;blog:itinerary-за-10-дней:card;blog:itinerary-за-10-дней:hero;literal:src/lib/blog-post-image-bindings.ts","duplicate_rights_conflict","Байт-в-байт одинаковый файл имеет противоречивые source/author/license metadata.","managed contextual media with consistent rights metadata and valid dimensions","legal, trust, accessibility or visual quality risk","duplicate_rights_conflict","LEGAL_REVIEW","Media editor + media rights owner","open","media/blog/itinerary-za-14-dney/hero.jpg","blog-itinerary-за-14-дней:duplicate_rights_conflict:media/blog/itinerary-za-14-dney/hero.jpg","npm run media:rights:audit"
"media:blog-kak-dobratsya-v-argentinu:duplicate_rights_conflict:media/blog/kak-dobratsya-v-argentinu/hero.jpg","P0","public_media","literal:src/lib/blog-post-image-bindings.ts","duplicate_rights_conflict","Байт-в-байт одинаковый файл имеет противоречивые source/author/license metadata.","managed contextual media with consistent rights metadata and valid dimensions","legal, trust, accessibility or visual quality risk","duplicate_rights_conflict","LEGAL_REVIEW","Media editor + media rights owner","open","media/blog/kak-dobratsya-v-argentinu/hero.jpg","blog-kak-dobratsya-v-argentinu:duplicate_rights_conflict:media/blog/kak-dobratsya-v-argentinu/hero.jpg","npm run media:rights:audit"
"media:blog-kak-menyat-dengi-argentina:duplicate_rights_conflict:media/blog/kak-menyat-dengi-argentina/hero.jpg","P0","public_media","literal:src/lib/blog-post-image-bindings.ts","duplicate_rights_conflict","Байт-в-байт одинаковый файл имеет противоречивые source/author/license metadata.","managed contextual media with consistent rights metadata and valid dimensions","legal, trust, accessibility or visual quality risk","duplicate_rights_conflict","LEGAL_REVIEW","Media editor + media rights owner","open","media/blog/kak-menyat-dengi-argentina/hero.jpg","blog-kak-menyat-dengi-argentina:duplicate_rights_conflict:media/blog/kak-menyat-dengi-argentina/hero.jpg","npm run media:rights:audit"
"media:blog-money-karty:duplicate_rights_conflict:media/blog/money-karty/hero.jpg","P0","public_media","blog:money-90-дней:card;blog:money-90-дней:hero;literal:src/data/blog-editorial/money-karty.ts;literal:src/lib/blog-post-image-bindings.ts","duplicate_rights_conflict","Байт-в-байт одинаковый файл имеет противоречивые source/author/license metadata.","managed contextual media with consistent rights metadata and valid dimensions","legal, trust, accessibility or visual quality risk","duplicate_rights_conflict","LEGAL_REVIEW","Media editor + media rights owner","open","media/blog/money-karty/hero.jpg","blog-money-karty:duplicate_rights_conflict:media/blog/money-karty/hero.jpg","npm run media:rights:audit"
"media:blog-natsionalnye-parki-argentiny:duplicate_within_entity:media/blog/natsionalnye-parki-argentiny/hero.jpg","P1","public_media","blog:ischigualasto-valle-de-la-luna:card;blog:ischigualasto-valle-de-la-luna:hero;blog:natsionalnye-parki-argentiny:hero;literal:src/lib/blog-post-image-bindings.ts","duplicate_within_entity","Одинаковый файл повторяется внутри blog:natsionalnye-parki-argentiny.","managed contextual media with consistent rights metadata and valid dimensions","legal, trust, accessibility or visual quality risk","duplicate_within_entity","LIGHT_EDIT","Media editor + media rights owner","open","media/blog/natsionalnye-parki-argentiny/hero.jpg","blog-natsionalnye-parki-argentiny:duplicate_within_entity:media/blog/natsionalnye-parki-argentiny/hero.jpg","npm run media:rights:audit"
"media:blog-natsionalnyy-park-iguasu-hero:duplicate_within_entity:media/blog/natsionalnyy-park-iguasu/hero.jpg","P1","public_media","blog:natsionalnyy-park-iguasu:hero;literal:src/lib/blog-post-image-bindings.ts","duplicate_within_entity","Одинаковый файл повторяется внутри blog:natsionalnyy-park-iguasu.","managed contextual media with consistent rights metadata and valid dimensions","legal, trust, accessibility or visual quality risk","duplicate_within_entity","LIGHT_EDIT","Media editor + media rights owner","open","media/blog/natsionalnyy-park-iguasu/hero.jpg","blog-natsionalnyy-park-iguasu-hero:duplicate_within_entity:media/blog/natsionalnyy-park-iguasu/hero.jpg","npm run media:rights:audit"
"media:blog-natsionalnyy-park-lanin:duplicate_rights_conflict:media/blog/natsionalnyy-park-lanin/hero.jpg","P0","public_media","literal:src/lib/blog-post-image-bindings.ts","duplicate_rights_conflict","Байт-в-байт одинаковый файл имеет противоречивые source/author/license metadata.","managed contextual media with consistent rights metadata and valid dimensions","legal, trust, accessibility or visual quality risk","duplicate_rights_conflict","LEGAL_REVIEW","Media editor + media rights owner","open","media/blog/natsionalnyy-park-lanin/hero.jpg","blog-natsionalnyy-park-lanin:duplicate_rights_conflict:media/blog/natsionalnyy-park-lanin/hero.jpg","npm run media:rights:audit"
"media:blog-natsionalnyy-park-poluostrov-valdes:duplicate_rights_conflict:media/blog/natsionalnyy-park-poluostrov-valdes/hero.jpg","P0","public_media","blog:wildlife-с-гидом:card;blog:wildlife-с-гидом:hero;literal:src/lib/blog-post-image-bindings.ts","duplicate_rights_conflict","Байт-в-байт одинаковый файл имеет противоречивые source/author/license metadata.","managed contextual media with consistent rights metadata and valid dimensions","legal, trust, accessibility or visual quality risk","duplicate_rights_conflict","LEGAL_REVIEW","Media editor + media rights owner","open","media/blog/natsionalnyy-park-poluostrov-valdes/hero.jpg","blog-natsionalnyy-park-poluostrov-valdes:duplicate_rights_conflict:media/blog/natsionalnyy-park-poluostrov-valdes/hero.jpg","npm run media:rights:audit"
"media:blog-northwest-za-5-dney-hero:duplicate_rights_conflict:media/blog/northwest-za-5-dney/hero.jpg","P0","public_media","blog:northwest-за-5-дней:card;blog:northwest-за-5-дней:hero;blog:northwest-сезон-дождей:card;blog:northwest-сезон-дождей:hero;blog:ruta-40-sem-ozer:card;blog:ruta-40-sem-ozer:hero;literal:src/lib/blog-post-image-bindings.ts","duplicate_rights_conflict","Байт-в-байт одинаковый файл имеет противоречивые source/author/license metadata.","managed contextual media with consistent rights metadata and valid dimensions","legal, trust, accessibility or visual quality risk","duplicate_rights_conflict","LEGAL_REVIEW","Media editor + media rights owner","open","media/blog/northwest-za-5-dney/hero.jpg","blog-northwest-za-5-dney-hero:duplicate_rights_conflict:media/blog/northwest-za-5-dney/hero.jpg","npm run media:rights:audit"
"media:blog-patagonia-aviabilety:duplicate_rights_conflict:media/blog/patagonia-aviabilety/hero.jpg","P0","public_media","blog:kak-dobratsya-v-argentinu:card;blog:kak-dobratsya-v-argentinu:hero;blog:patagonia-авиабилеты:card;blog:patagonia-авиабилеты:hero;blog:patagonia-автобусы:card;blog:patagonia-автобусы:hero;blog:patagonia-аренда-авто:card;blog:patagonia-аренда-авто:hero;blog:patagonia-за-10-дней:card;blog:patagonia-за-10-дней:hero;blog:patagonia-за-14-дней:card;blog:patagonia-за-14-дней:hero;blog:patagonia-осенью:card;blog:patagonia-осенью:hero;blog:patagonia-с-гидом:card;blog:patagonia-с-гидом:hero;blog:patagonia-с-ребёнком:card;blog:patagonia-с-ребёнком:hero;blog:patagonia-чек-лист:card;blog:patagonia-чек-лист:hero;literal:src/lib/blog-post-image-bindings.ts","duplicate_rights_conflict","Байт-в-байт одинаковый файл имеет противоречивые source/author/license metadata.","managed contextual media with consistent rights metadata and valid dimensions","legal, trust, accessibility or visual quality risk","duplicate_rights_conflict","LEGAL_REVIEW","Media editor + media rights owner","open","media/blog/patagonia-aviabilety/hero.jpg","blog-patagonia-aviabilety:duplicate_rights_conflict:media/blog/patagonia-aviabilety/hero.jpg","npm run media:rights:audit"
"media:blog-patagonia-avtobusy:duplicate_rights_conflict:media/blog/patagonia-avtobusy/hero.jpg","P0","public_media","blog:patagonia-с-чем-совмещать:card;blog:patagonia-с-чем-совмещать:hero;blog:patagonia-самостоятельно:card;blog:patagonia-самостоятельно:hero;blog:patagonia-советы-новичкам:card;blog:patagonia-советы-новичкам:hero;literal:src/data/blog-editorial/patagonia.ts;literal:src/lib/blog-post-image-bindings.ts","duplicate_rights_conflict","Байт-в-байт одинаковый файл имеет противоречивые source/author/license metadata.","managed contextual media with consistent rights metadata and valid dimensions","legal, trust, accessibility or visual quality risk","duplicate_rights_conflict","LEGAL_REVIEW","Media editor + media rights owner","open","media/blog/patagonia-avtobusy/hero.jpg","blog-patagonia-avtobusy:duplicate_rights_conflict:media/blog/patagonia-avtobusy/hero.jpg","npm run media:rights:audit"
"media:blog-patagonia-mini-trekking-hero:duplicate_rights_conflict:media/blog/patagonia-mini-trekking/hero.jpg","P0","public_media","literal:src/lib/blog-post-image-bindings.ts","duplicate_rights_conflict","Байт-в-байт одинаковый файл имеет противоречивые source/author/license metadata.","managed contextual media with consistent rights metadata and valid dimensions","legal, trust, accessibility or visual quality risk","duplicate_rights_conflict","LEGAL_REVIEW","Media editor + media rights owner","open","media/blog/patagonia-mini-trekking/hero.jpg","blog-patagonia-mini-trekking-hero:duplicate_rights_conflict:media/blog/patagonia-mini-trekking/hero.jpg","npm run media:rights:audit"
"media:blog-patagonia-oteli:duplicate_rights_conflict:media/blog/patagonia-oteli/hero.jpg","P0","public_media","literal:src/data/blog-editorial/patagonia.ts;literal:src/lib/blog-post-image-bindings.ts","duplicate_rights_conflict","Байт-в-байт одинаковый файл имеет противоречивые source/author/license metadata.","managed contextual media with consistent rights metadata and valid dimensions","legal, trust, accessibility or visual quality risk","duplicate_rights_conflict","LEGAL_REVIEW","Media editor + media rights owner","open","media/blog/patagonia-oteli/hero.jpg","blog-patagonia-oteli:duplicate_rights_conflict:media/blog/patagonia-oteli/hero.jpg","npm run media:rights:audit"
"media:blog-patagonia-oteli:missing_author:media/blog/patagonia-oteli/hero.jpg","P0","public_media","literal:src/data/blog-editorial/patagonia.ts;literal:src/lib/blog-post-image-bindings.ts","missing_author","Не указан создатель/правообладатель.","managed contextual media with consistent rights metadata and valid dimensions","legal, trust, accessibility or visual quality risk","missing_author","LIGHT_EDIT","Media editor + media rights owner","open","media/blog/patagonia-oteli/hero.jpg","blog-patagonia-oteli:missing_author:media/blog/patagonia-oteli/hero.jpg","npm run media:rights:audit"
"media:blog-patagonia-oteli:missing_license:media/blog/patagonia-oteli/hero.jpg","P0","public_media","literal:src/data/blog-editorial/patagonia.ts;literal:src/lib/blog-post-image-bindings.ts","missing_license","Не указана лицензия или основание использования.","managed contextual media with consistent rights metadata and valid dimensions","legal, trust, accessibility or visual quality risk","missing_license","LIGHT_EDIT","Media editor + media rights owner","open","media/blog/patagonia-oteli/hero.jpg","blog-patagonia-oteli:missing_license:media/blog/patagonia-oteli/hero.jpg","npm run media:rights:audit"
"media:blog-patagonia-oteli:missing_source_url:media/blog/patagonia-oteli/hero.jpg","P0","public_media","literal:src/data/blog-editorial/patagonia.ts;literal:src/lib/blog-post-image-bindings.ts","missing_source_url","Не указана страница источника изображения.","managed contextual media with consistent rights metadata and valid dimensions","legal, trust, accessibility or visual quality risk","missing_source_url","LIGHT_EDIT","Media editor + media rights owner","open","media/blog/patagonia-oteli/hero.jpg","blog-patagonia-oteli:missing_source_url:media/blog/patagonia-oteli/hero.jpg","npm run media:rights:audit"
"media:blog-patagonia-packing-list:duplicate_rights_conflict:media/blog/patagonia-packing-list/hero.jpg","P0","public_media","blog:patagonia-packing-list:card;blog:patagonia-packing-list:hero;blog:patagonia-ветер:card;blog:patagonia-ветер:hero;blog:patagonia-отели:card;blog:patagonia-отели:hero;literal:src/data/media-library/stock-cache.json;literal:src/lib/blog-post-image-bindings.ts","duplicate_rights_conflict","Байт-в-байт одинаковый файл имеет противоречивые source/author/license metadata.","managed contextual media with consistent rights metadata and valid dimensions","legal, trust, accessibility or visual quality risk","duplicate_rights_conflict","LEGAL_REVIEW","Media editor + media rights owner","open","media/blog/patagonia-packing-list/hero.jpg","blog-patagonia-packing-list:duplicate_rights_conflict:media/blog/patagonia-packing-list/hero.jpg","npm run media:rights:audit"
"media:blog-patagonia-penguins:duplicate_rights_conflict:media/blog/patagonia-penguins/hero.jpg","P0","public_media","literal:src/lib/blog-post-image-bindings.ts","duplicate_rights_conflict","Байт-в-байт одинаковый файл имеет противоречивые source/author/license metadata.","managed contextual media with consistent rights metadata and valid dimensions","legal, trust, accessibility or visual quality risk","duplicate_rights_conflict","LEGAL_REVIEW","Media editor + media rights owner","open","media/blog/patagonia-penguins/hero.jpg","blog-patagonia-penguins:duplicate_rights_conflict:media/blog/patagonia-penguins/hero.jpg","npm run media:rights:audit"
"media:blog-patagonia-whale-watching:duplicate_rights_conflict:media/blog/patagonia-whale-watching/hero.jpg","P0","public_media","literal:src/lib/blog-post-image-bindings.ts","duplicate_rights_conflict","Байт-в-байт одинаковый файл имеет противоречивые source/author/license metadata.","managed contextual media with consistent rights metadata and valid dimensions","legal, trust, accessibility or visual quality risk","duplicate_rights_conflict","LEGAL_REVIEW","Media editor + media rights owner","open","media/blog/patagonia-whale-watching/hero.jpg","blog-patagonia-whale-watching:duplicate_rights_conflict:media/blog/patagonia-whale-watching/hero.jpg","npm run media:rights:audit"
"media:blog-patagonia-аренда-авто-section-2:duplicate_rights_conflict:media/blog/patagonia-arenda-avto/hero.jpg","P0","public_media","literal:src/data/blog-editorial/patagonia.ts;literal:src/lib/blog-post-image-bindings.ts","duplicate_rights_conflict","Байт-в-байт одинаковый файл имеет противоречивые source/author/license metadata.","managed contextual media with consistent rights metadata and valid dimensions","legal, trust, accessibility or visual quality risk","duplicate_rights_conflict","LEGAL_REVIEW","Media editor + media rights owner","open","media/blog/patagonia-arenda-avto/hero.jpg","blog-patagonia-аренда-авто-section-2:duplicate_rights_conflict:media/blog/patagonia-arenda-avto/hero.jpg","npm run media:rights:audit"
"media:blog-patagoniya-marshrut-14-dney:duplicate_rights_conflict:media/blog/patagoniya-marshrut-14-dney/hero.jpg","P0","public_media","blog:patagoniya-marshrut-14-dney:card;blog:patagoniya-marshrut-14-dney:hero;literal:src/lib/blog-post-image-bindings.ts","duplicate_rights_conflict","Байт-в-байт одинаковый файл имеет противоречивые source/author/license metadata.","managed contextual media with consistent rights metadata and valid dimensions","legal, trust, accessibility or visual quality risk","duplicate_rights_conflict","LEGAL_REVIEW","Media editor + media rights owner","open","media/blog/patagoniya-marshrut-14-dney/hero.jpg","blog-patagoniya-marshrut-14-dney:duplicate_rights_conflict:media/blog/patagoniya-marshrut-14-dney/hero.jpg","npm run media:rights:audit"
"media:blog-rich-all-argentina-national-parks-gallery-1:duplicate_within_entity:media/blog/rich/all-argentina-national-parks/gallery-1.jpg","P1","public_media","blog:natsionalnye-parki-argentiny:card;blog:natsionalnye-parki-argentiny:rich-gallery","duplicate_within_entity","Одинаковый файл повторяется внутри blog:natsionalnye-parki-argentiny.","managed contextual media with consistent rights metadata and valid dimensions","legal, trust, accessibility or visual quality risk","duplicate_within_entity","LIGHT_EDIT","Media editor + media rights owner","open","media/blog/rich/all-argentina-national-parks/gallery-1.jpg","blog-rich-all-argentina-national-parks-gallery-1:duplicate_within_entity:media/blog/rich/all-argentina-national-parks/gallery-1.jpg","npm run media:rights:audit"
"media:blog-rich-banado-la-estrella-gallery-1:duplicate_within_entity:media/blog/rich/banado-la-estrella/gallery-1.jpg","P1","public_media","blog:banado-la-estrella:card;blog:banado-la-estrella:rich-gallery","duplicate_within_entity","Одинаковый файл повторяется внутри blog:banado-la-estrella.","managed contextual media with consistent rights metadata and valid dimensions","legal, trust, accessibility or visual quality risk","duplicate_within_entity","LIGHT_EDIT","Media editor + media rights owner","open","media/blog/rich/banado-la-estrella/gallery-1.jpg","blog-rich-banado-la-estrella-gallery-1:duplicate_within_entity:media/blog/rich/banado-la-estrella/gallery-1.jpg","npm run media:rights:audit"
"media:blog-rich-iguazu-national-park-gallery-1:duplicate_within_entity:media/blog/rich/iguazu-national-park/gallery-1.jpg","P1","public_media","blog:natsionalnyy-park-iguasu:card;blog:natsionalnyy-park-iguasu:rich-gallery;literal:src/data/media-library/stock-cache.json","duplicate_within_entity","Одинаковый файл повторяется внутри blog:natsionalnyy-park-iguasu.","managed contextual media with consistent rights metadata and valid dimensions","legal, trust, accessibility or visual quality risk","duplicate_within_entity","LIGHT_EDIT","Media editor + media rights owner","open","media/blog/rich/iguazu-national-park/gallery-1.jpg","blog-rich-iguazu-national-park-gallery-1:duplicate_within_entity:media/blog/rich/iguazu-national-park/gallery-1.jpg","npm run media:rights:audit"
"media:blog-rich-iguazu-national-park-gallery-3:duplicate_within_entity:media/blog/rich/iguazu-national-park/gallery-3.jpg","P1","public_media","blog:natsionalnyy-park-iguasu:rich-gallery;literal:src/data/media-library/stock-cache.json","duplicate_within_entity","Одинаковый файл повторяется внутри blog:natsionalnye-parki-argentiny.","managed contextual media with consistent rights metadata and valid dimensions","legal, trust, accessibility or visual quality risk","duplicate_within_entity","LIGHT_EDIT","Media editor + media rights owner","open","media/blog/rich/iguazu-national-park/gallery-3.jpg","blog-rich-iguazu-national-park-gallery-3:duplicate_within_entity:media/blog/rich/iguazu-national-park/gallery-3.jpg","npm run media:rights:audit"
"media:blog-rich-iguazu-national-park-section-landmark:duplicate_rights_conflict:media/blog/rich/iguazu-national-park/section-landmark.jpg","P0","public_media","literal:src/data/media-library/stock-cache.json","duplicate_rights_conflict","Байт-в-байт одинаковый файл имеет противоречивые source/author/license metadata.","managed contextual media with consistent rights metadata and valid dimensions","legal, trust, accessibility or visual quality risk","duplicate_rights_conflict","LEGAL_REVIEW","Media editor + media rights owner","open","media/blog/rich/iguazu-national-park/section-landmark.jpg","blog-rich-iguazu-national-park-section-landmark:duplicate_rights_conflict:media/blog/rich/iguazu-national-park/section-landmark.jpg","npm run media:rights:audit"
"media:blog-rich-lanin-national-park-gallery-1:duplicate_rights_conflict:media/blog/rich/lanin-national-park/gallery-1.jpg","P0","public_media","blog:natsionalnyy-park-lanin:card;blog:natsionalnyy-park-lanin:rich-gallery","duplicate_rights_conflict","Байт-в-байт одинаковый файл имеет противоречивые source/author/license metadata.","managed contextual media with consistent rights metadata and valid dimensions","legal, trust, accessibility or visual quality risk","duplicate_rights_conflict","LEGAL_REVIEW","Media editor + media rights owner","open","media/blog/rich/lanin-national-park/gallery-1.jpg","blog-rich-lanin-national-park-gallery-1:duplicate_rights_conflict:media/blog/rich/lanin-national-park/gallery-1.jpg","npm run media:rights:audit"
"media:blog-rich-valdes-peninsula-national-park-gallery-1:duplicate_rights_conflict:media/blog/rich/valdes-peninsula-national-park/gallery-1.jpg","P0","public_media","blog:natsionalnyy-park-poluostrov-valdes:card;blog:natsionalnyy-park-poluostrov-valdes:rich-gallery","duplicate_rights_conflict","Байт-в-байт одинаковый файл имеет противоречивые source/author/license metadata.","managed contextual media with consistent rights metadata and valid dimensions","legal, trust, accessibility or visual quality risk","duplicate_rights_conflict","LEGAL_REVIEW","Media editor + media rights owner","open","media/blog/rich/valdes-peninsula-national-park/gallery-1.jpg","blog-rich-valdes-peninsula-national-park-gallery-1:duplicate_rights_conflict:media/blog/rich/valdes-peninsula-national-park/gallery-1.jpg","npm run media:rights:audit"
"media:blog-ruta-40-sem-ozer:duplicate_rights_conflict:media/blog/ruta-40-sem-ozer/hero.jpg","P0","public_media","literal:src/lib/blog-post-image-bindings.ts","duplicate_rights_conflict","Байт-в-байт одинаковый файл имеет противоречивые source/author/license metadata.","managed contextual media with consistent rights metadata and valid dimensions","legal, trust, accessibility or visual quality risk","duplicate_rights_conflict","LEGAL_REVIEW","Media editor + media rights owner","open","media/blog/ruta-40-sem-ozer/hero.jpg","blog-ruta-40-sem-ozer:duplicate_rights_conflict:media/blog/ruta-40-sem-ozer/hero.jpg","npm run media:rights:audit"
"media:blog-stoimost-zhizni-buenos-aires:duplicate_rights_conflict:media/blog/stoimost-zhizni-buenos-aires/hero.jpg","P0","public_media","blog:bankovskij-schet-argentina:card;blog:bankovskij-schet-argentina:hero;blog:kak-menyat-dengi-argentina:card;blog:kak-menyat-dengi-argentina:hero;blog:money-бюджет:card;blog:money-бюджет:hero;literal:src/lib/blog-post-image-bindings.ts","duplicate_rights_conflict","Байт-в-байт одинаковый файл имеет противоречивые source/author/license metadata.","managed contextual media with consistent rights metadata and valid dimensions","legal, trust, accessibility or visual quality risk","duplicate_rights_conflict","LEGAL_REVIEW","Media editor + media rights owner","open","media/blog/stoimost-zhizni-buenos-aires/hero.jpg","blog-stoimost-zhizni-buenos-aires:duplicate_rights_conflict:media/blog/stoimost-zhizni-buenos-aires/hero.jpg","npm run media:rights:audit"
"media:blog-vnutrennie-aviabilety-argentina:duplicate_rights_conflict:media/blog/vnutrennie-aviabilety-argentina/hero.jpg","P0","public_media","literal:src/lib/blog-post-image-bindings.ts","duplicate_rights_conflict","Байт-в-байт одинаковый файл имеет противоречивые source/author/license metadata.","managed contextual media with consistent rights metadata and valid dimensions","legal, trust, accessibility or visual quality risk","duplicate_rights_conflict","LEGAL_REVIEW","Media editor + media rights owner","open","media/blog/vnutrennie-aviabilety-argentina/hero.jpg","blog-vnutrennie-aviabilety-argentina:duplicate_rights_conflict:media/blog/vnutrennie-aviabilety-argentina/hero.jpg","npm run media:rights:audit"
"media:blog-wildlife-с-гидом:duplicate_rights_conflict:media/blog/wildlife-s-gidom/hero.jpg","P0","public_media","literal:src/lib/blog-post-image-bindings.ts","duplicate_rights_conflict","Байт-в-байт одинаковый файл имеет противоречивые source/author/license metadata.","managed contextual media with consistent rights metadata and valid dimensions","legal, trust, accessibility or visual quality risk","duplicate_rights_conflict","LEGAL_REVIEW","Media editor + media rights owner","open","media/blog/wildlife-s-gidom/hero.jpg","blog-wildlife-с-гидом:duplicate_rights_conflict:media/blog/wildlife-s-gidom/hero.jpg","npm run media:rights:audit"
"media:dest-bariloche-cover:hero_resolution:media/destinations/bariloche/cover.jpg","P1","public_media","destination:bariloche:gallery;page:destination:bariloche:hero","hero_resolution","Hero 1190×803: ширина меньше 1200 px.","managed contextual media with consistent rights metadata and valid dimensions","legal, trust, accessibility or visual quality risk","hero_resolution","LIGHT_EDIT","Media editor + media rights owner","open","media/destinations/bariloche/cover.jpg","dest-bariloche-cover:hero_resolution:media/destinations/bariloche/cover.jpg","npm run media:rights:audit"
"media:dest-calafate-gallery-3:duplicate_rights_conflict:media/destinations/calafate/gallery-3.jpg","P0","public_media","destination:calafate:gallery","duplicate_rights_conflict","Байт-в-байт одинаковый файл имеет противоречивые source/author/license metadata.","managed contextual media with consistent rights metadata and valid dimensions","legal, trust, accessibility or visual quality risk","duplicate_rights_conflict","LEGAL_REVIEW","Media editor + media rights owner","open","media/destinations/calafate/gallery-3.jpg","dest-calafate-gallery-3:duplicate_rights_conflict:media/destinations/calafate/gallery-3.jpg","npm run media:rights:audit"
"media:dest-mendoza-gallery-2:duplicate_within_entity:media/destinations/mendoza/gallery-2.jpg","P1","public_media","destination:mendoza:gallery","duplicate_within_entity","Одинаковый файл повторяется внутри destination:mendoza.","managed contextual media with consistent rights metadata and valid dimensions","legal, trust, accessibility or visual quality risk","duplicate_within_entity","LIGHT_EDIT","Media editor + media rights owner","open","media/destinations/mendoza/gallery-2.jpg","dest-mendoza-gallery-2:duplicate_within_entity:media/destinations/mendoza/gallery-2.jpg","npm run media:rights:audit"
"media:dest-patagonia-cover:duplicate_rights_conflict:media/destinations/patagonia/cover.jpg","P0","public_media","destination:patagonia:gallery;literal:src/components/marketplace/ToursCatalog.tsx;literal:src/lib/destinations-catalog-seo.ts;literal:src/lib/page-metadata.ts;page:destination:patagonia:hero","duplicate_rights_conflict","Байт-в-байт одинаковый файл имеет противоречивые source/author/license metadata.","managed contextual media with consistent rights metadata and valid dimensions","legal, trust, accessibility or visual quality risk","duplicate_rights_conflict","LEGAL_REVIEW","Media editor + media rights owner","open","media/destinations/patagonia/cover.jpg","dest-patagonia-cover:duplicate_rights_conflict:media/destinations/patagonia/cover.jpg","npm run media:rights:audit"
"media:destination-mendoza-section:duplicate_within_entity:media/destinations/mendoza/section.jpg","P1","public_media","destination:mendoza:gallery;destination:mendoza:hero;literal:src/data/media-library/stock-cache.json","duplicate_within_entity","Одинаковый файл повторяется внутри destination:mendoza.","managed contextual media with consistent rights metadata and valid dimensions","legal, trust, accessibility or visual quality risk","duplicate_within_entity","LIGHT_EDIT","Media editor + media rights owner","open","media/destinations/mendoza/section.jpg","destination-mendoza-section:duplicate_within_entity:media/destinations/mendoza/section.jpg","npm run media:rights:audit"
"media:guide-transport-content:duplicate_rights_conflict:media/guide/transport/content.jpg","P0","public_media","literal:src/data/media-library/stock-cache.json","duplicate_rights_conflict","Байт-в-байт одинаковый файл имеет противоречивые source/author/license metadata.","managed contextual media with consistent rights metadata and valid dimensions","legal, trust, accessibility or visual quality risk","duplicate_rights_conflict","LEGAL_REVIEW","Media editor + media rights owner","open","media/guide/transport/content.jpg","guide-transport-content:duplicate_rights_conflict:media/guide/transport/content.jpg","npm run media:rights:audit"
"media:home-showcase-patagonia:duplicate_rights_conflict:media/home/showcase-patagonia.jpg","P0","public_media","literal:src/components/about/AboutPageView.tsx;literal:src/data/media-library/stock-cache.json","duplicate_rights_conflict","Байт-в-байт одинаковый файл имеет противоречивые source/author/license metadata.","managed contextual media with consistent rights metadata and valid dimensions","legal, trust, accessibility or visual quality risk","duplicate_rights_conflict","LEGAL_REVIEW","Media editor + media rights owner","open","media/home/showcase-patagonia.jpg","home-showcase-patagonia:duplicate_rights_conflict:media/home/showcase-patagonia.jpg","npm run media:rights:audit"
"media:place-bariloche-hero:hero_resolution:media/places/bariloche/hero.jpg","P1","public_media","blog:patagonia-за-3-дня:card;blog:patagonia-за-3-дня:hero;blog:patagonia-зимой:card;blog:patagonia-зимой:hero;blog:patagonia-летом:card;blog:patagonia-летом:hero;literal:src/lib/blog-post-image-bindings.ts;place:bariloche:cover;place:bariloche:gallery;social:post-iv-bariloche-1","hero_resolution","Hero 1190×803: ширина меньше 1200 px.","managed contextual media with consistent rights metadata and valid dimensions","legal, trust, accessibility or visual quality risk","hero_resolution","LIGHT_EDIT","Media editor + media rights owner","open","media/places/bariloche/hero.jpg","place-bariloche-hero:hero_resolution:media/places/bariloche/hero.jpg","npm run media:rights:audit"
"media:place-cueva-de-las-manos-hero:hero_resolution:media/places/cueva-de-las-manos/hero.jpg","P1","public_media","place:cueva-de-las-manos:cover;place:cueva-de-las-manos:gallery;place:patagonia-park:cover","hero_resolution","Hero 800×600: ширина меньше 1200 px.","managed contextual media with consistent rights metadata and valid dimensions","legal, trust, accessibility or visual quality risk","hero_resolution","LIGHT_EDIT","Media editor + media rights owner","open","media/places/cueva-de-las-manos/hero.jpg","place-cueva-de-las-manos-hero:hero_resolution:media/places/cueva-de-las-manos/hero.jpg","npm run media:rights:audit"
"media:place-mendoza-gallery-2:duplicate_within_entity:media/places/mendoza/gallery-2.jpg","P1","public_media","place:mendoza:gallery","duplicate_within_entity","Одинаковый файл повторяется внутри destination:mendoza.","managed contextual media with consistent rights metadata and valid dimensions","legal, trust, accessibility or visual quality risk","duplicate_within_entity","LIGHT_EDIT","Media editor + media rights owner","open","media/places/mendoza/gallery-2.jpg","place-mendoza-gallery-2:duplicate_within_entity:media/places/mendoza/gallery-2.jpg","npm run media:rights:audit"
"media:place-perito-moreno-glacier-hero:duplicate_rights_conflict:media/places/perito-moreno-glacier/hero.jpg","P0","public_media","blog:patagonia-camping:card;blog:patagonia-camping:hero;blog:patagonia-mini-trekking:card;blog:patagonia-mini-trekking:hero;blog:patagonia-penguins:card;blog:patagonia-penguins:hero;blog:patagonia-бюджет:card;blog:patagonia-бюджет:hero;blog:patagonia-весной:card;blog:patagonia-весной:hero;literal:src/lib/blog-post-image-bindings.ts;place:perito-moreno-glacier:cover;place:perito-moreno-glacier:gallery","duplicate_rights_conflict","Байт-в-байт одинаковый файл имеет противоречивые source/author/license metadata.","managed contextual media with consistent rights metadata and valid dimensions","legal, trust, accessibility or visual quality risk","duplicate_rights_conflict","LEGAL_REVIEW","Media editor + media rights owner","open","media/places/perito-moreno-glacier/hero.jpg","place-perito-moreno-glacier-hero:duplicate_rights_conflict:media/places/perito-moreno-glacier/hero.jpg","npm run media:rights:audit"
"media:place-purmamarca-gallery-1:hero_resolution:media/places/purmamarca/gallery-1.jpg","P1","public_media","place:purmamarca:cover;place:purmamarca:gallery","hero_resolution","Hero 800×600: ширина меньше 1200 px.","managed contextual media with consistent rights metadata and valid dimensions","legal, trust, accessibility or visual quality risk","hero_resolution","LIGHT_EDIT","Media editor + media rights owner","open","media/places/purmamarca/gallery-1.jpg","place-purmamarca-gallery-1:hero_resolution:media/places/purmamarca/gallery-1.jpg","npm run media:rights:audit"
"media:place-tren-de-las-nubes-hero:hero_resolution:media/places/tren-de-las-nubes/hero.jpg","P1","public_media","place:tren-de-las-nubes:cover;place:tren-de-las-nubes:gallery","hero_resolution","Hero 1000×666: ширина меньше 1200 px.","managed contextual media with consistent rights metadata and valid dimensions","legal, trust, accessibility or visual quality risk","hero_resolution","LIGHT_EDIT","Media editor + media rights owner","open","media/places/tren-de-las-nubes/hero.jpg","place-tren-de-las-nubes-hero:hero_resolution:media/places/tren-de-las-nubes/hero.jpg","npm run media:rights:audit"
"media:place-valdes-peninsula-hero:hero_resolution:media/places/valdes-peninsula/hero.jpg","P1","public_media","literal:src/lib/blog-post-image-bindings.ts;place:valdes-peninsula:cover;place:valdes-peninsula:gallery","hero_resolution","Hero 683×1024: ширина меньше 1200 px.","managed contextual media with consistent rights metadata and valid dimensions","legal, trust, accessibility or visual quality risk","hero_resolution","LIGHT_EDIT","Media editor + media rights owner","open","media/places/valdes-peninsula/hero.jpg","place-valdes-peninsula-hero:hero_resolution:media/places/valdes-peninsula/hero.jpg","npm run media:rights:audit"
"media:podbor-patagonia-hero:duplicate_rights_conflict:media/podbor/patagonia/hero.jpg","P0","public_media","literal:src/data/media-library/stock-cache.json;podbor:region:patagonia","duplicate_rights_conflict","Байт-в-байт одинаковый файл имеет противоречивые source/author/license metadata.","managed contextual media with consistent rights metadata and valid dimensions","legal, trust, accessibility or visual quality risk","duplicate_rights_conflict","LEGAL_REVIEW","Media editor + media rights owner","open","media/podbor/patagonia/hero.jpg","podbor-patagonia-hero:duplicate_rights_conflict:media/podbor/patagonia/hero.jpg","npm run media:rights:audit"
"media:podbor-theme-glacier:duplicate_rights_conflict:media/podbor/themes/glacier.jpg","P0","public_media","literal:src/data/media-library/stock-cache.json;podbor:theme:glacier","duplicate_rights_conflict","Байт-в-байт одинаковый файл имеет противоречивые source/author/license metadata.","managed contextual media with consistent rights metadata and valid dimensions","legal, trust, accessibility or visual quality risk","duplicate_rights_conflict","LEGAL_REVIEW","Media editor + media rights owner","open","media/podbor/themes/glacier.jpg","podbor-theme-glacier:duplicate_rights_conflict:media/podbor/themes/glacier.jpg","npm run media:rights:audit"
"media:service-car-rental-hero:duplicate_rights_conflict:media/services/car-rental/hero.jpg","P0","public_media","blog:vnutrennie-aviabilety-argentina:card;blog:vnutrennie-aviabilety-argentina:hero;literal:src/data/media-library/stock-cache.json;literal:src/lib/blog-post-image-bindings.ts;page:service:car-rental:hero","duplicate_rights_conflict","Байт-в-байт одинаковый файл имеет противоречивые source/author/license metadata.","managed contextual media with consistent rights metadata and valid dimensions","legal, trust, accessibility or visual quality risk","duplicate_rights_conflict","LEGAL_REVIEW","Media editor + media rights owner","open","media/services/car-rental/hero.jpg","service-car-rental-hero:duplicate_rights_conflict:media/services/car-rental/hero.jpg","npm run media:rights:audit"
"media:service-card-visa-support:duplicate_rights_conflict:media/services/cards/visa-support.jpg","P0","public_media","blog:grazhdanstvo-argentiny:card;blog:grazhdanstvo-argentiny:hero;literal:src/data/media-library/stock-cache.json;literal:src/lib/blog-post-image-bindings.ts","duplicate_rights_conflict","Байт-в-байт одинаковый файл имеет противоречивые source/author/license metadata.","managed contextual media with consistent rights metadata and valid dimensions","legal, trust, accessibility or visual quality risk","duplicate_rights_conflict","LEGAL_REVIEW","Media editor + media rights owner","open","media/services/cards/visa-support.jpg","service-card-visa-support:duplicate_rights_conflict:media/services/cards/visa-support.jpg","npm run media:rights:audit"
"media:service-contacts-hero:duplicate_rights_conflict:media/services/contacts/hero.jpg","P0","public_media","literal:src/data/media-library/stock-cache.json;page:service:contacts:hero","duplicate_rights_conflict","Байт-в-байт одинаковый файл имеет противоречивые source/author/license metadata.","managed contextual media with consistent rights metadata and valid dimensions","legal, trust, accessibility or visual quality risk","duplicate_rights_conflict","LEGAL_REVIEW","Media editor + media rights owner","open","media/services/contacts/hero.jpg","service-contacts-hero:duplicate_rights_conflict:media/services/contacts/hero.jpg","npm run media:rights:audit"
"media:service-home-hero-mobile:hero_resolution:media/home/hero-mobile.webp","P1","public_media","literal:src/components/marketplace/MarketplaceHome.tsx;literal:src/lib/organizer-waitlist-server.ts","hero_resolution","Hero 780×1500: ширина меньше 1200 px.","managed contextual media with consistent rights metadata and valid dimensions","legal, trust, accessibility or visual quality risk","hero_resolution","LIGHT_EDIT","Media editor + media rights owner","open","media/home/hero-mobile.webp","service-home-hero-mobile:hero_resolution:media/home/hero-mobile.webp","npm run media:rights:audit"
"media:tour-bariloche-lakes-hero:hero_resolution:media/tours/bariloche-lakes/hero.jpg","P1","public_media","gallery:bariloche-lakes-4;literal:src/lib/tour-card-fallback-image.ts;tour:bariloche-lakes:gallery;tour:bariloche-lakes:hero","hero_resolution","Hero 1190×803: ширина меньше 1200 px.","managed contextual media with consistent rights metadata and valid dimensions","legal, trust, accessibility or visual quality risk","hero_resolution","LIGHT_EDIT","Media editor + media rights owner","open","media/tours/bariloche-lakes/hero.jpg","tour-bariloche-lakes-hero:hero_resolution:media/tours/bariloche-lakes/hero.jpg","npm run media:rights:audit"
"media:tour-fitz-roy-trek-gallery-2:duplicate_rights_conflict:media/tours/fitz-roy-trek/gallery-2.jpg","P0","public_media","gallery:fitz-roy-trek-1;tour:fitz-roy-trek:gallery","duplicate_rights_conflict","Байт-в-байт одинаковый файл имеет противоречивые source/author/license metadata.","managed contextual media with consistent rights metadata and valid dimensions","legal, trust, accessibility or visual quality risk","duplicate_rights_conflict","LEGAL_REVIEW","Media editor + media rights owner","open","media/tours/fitz-roy-trek/gallery-2.jpg","tour-fitz-roy-trek-gallery-2:duplicate_rights_conflict:media/tours/fitz-roy-trek/gallery-2.jpg","npm run media:rights:audit"
"media:tour-mendoza-wine-gallery-2:duplicate_within_entity:media/tours/mendoza-wine/gallery-2.jpg","P1","public_media","gallery:mendoza-wine-1;tour:mendoza-wine:gallery","duplicate_within_entity","Одинаковый файл повторяется внутри destination:mendoza.","managed contextual media with consistent rights metadata and valid dimensions","legal, trust, accessibility or visual quality risk","duplicate_within_entity","LIGHT_EDIT","Media editor + media rights owner","open","media/tours/mendoza-wine/gallery-2.jpg","tour-mendoza-wine-gallery-2:duplicate_within_entity:media/tours/mendoza-wine/gallery-2.jpg","npm run media:rights:audit"
"media:tour-patagonia-glaciers-hero:duplicate_rights_conflict:media/tours/patagonia-glaciers/hero.jpg","P0","public_media","gallery:patagonia-glaciers-4;literal:src/components/about/DesignSystemShowcase.tsx;literal:src/lib/tour-card-fallback-image.ts;tour:patagonia-glaciers:gallery;tour:patagonia-glaciers:hero","duplicate_rights_conflict","Байт-в-байт одинаковый файл имеет противоречивые source/author/license metadata.","managed contextual media with consistent rights metadata and valid dimensions","legal, trust, accessibility or visual quality risk","duplicate_rights_conflict","LEGAL_REVIEW","Media editor + media rights owner","open","media/tours/patagonia-glaciers/hero.jpg","tour-patagonia-glaciers-hero:duplicate_rights_conflict:media/tours/patagonia-glaciers/hero.jpg","npm run media:rights:audit"
"media:unmanaged:unmanaged_asset:media/placeholders/tour-card.jpg","P1","public_media","literal:src/lib/youtravel/partner-tour-repository.ts","unmanaged_asset","Публичный локальный файл не имеет manifest-записи с правами и атрибуцией.","managed contextual media with consistent rights metadata and valid dimensions","legal, trust, accessibility or visual quality risk","unmanaged_asset","LIGHT_EDIT","Media editor + media rights owner","open","media/placeholders/tour-card.jpg","unmanaged:unmanaged_asset:media/placeholders/tour-card.jpg","npm run media:rights:audit"
"media:unmanaged:unmanaged_asset:media/places/el-chalten/gallery-2.jpg","P1","public_media","blog:patagonia-whale-watching:card;blog:patagonia-whale-watching:hero;blog:patagonia-за-5-дней:card;blog:patagonia-за-5-дней:hero;blog:patagonia-за-7-дней:card;blog:patagonia-за-7-дней:hero;literal:src/lib/blog-post-image-bindings.ts","unmanaged_asset","Публичный локальный файл не имеет manifest-записи с правами и атрибуцией.","managed contextual media with consistent rights metadata and valid dimensions","legal, trust, accessibility or visual quality risk","unmanaged_asset","LIGHT_EDIT","Media editor + media rights owner","open","media/places/el-chalten/gallery-2.jpg","unmanaged:unmanaged_asset:media/places/el-chalten/gallery-2.jpg","npm run media:rights:audit"
"search:meilisearch-production","P1","search_index","/search","production_index_not_verified","local readiness report says configured=false; health and document count were skipped","production host/key configured, health green and document count reconciled with publication policy","external search quality and freshness are not proven","production environment evidence unavailable locally","HUMAN_REVIEW","Search/operations owner","blocked_external","var/ops/search-readiness-last.json","configured=false; documentCount=null","npm run search:readiness with production environment"
"widgets:unknown-editorial-key","P1","editorial_widget","pages using TravelWidgetRenderer","internal_widget_key_fallback","an unknown non-empty widget key renders its technical identifier","unknown widgets are hidden or replaced with a human-facing fallback","a future content typo can expose a development trace","TravelWidgetRenderer diagnostic fallback","LIGHT_EDIT","Product content owner","open","src/components/travel/TravelWidgetRenderer.tsx","fallback renders `widget: {key}`","widget registry contract test"
"public-editorial-2026-07-16","P0","public_sitemap","all sitemap routes","technical_or_development_copy","0 errors across 625 pages","0 errors","release gate satisfied","resolved in P0 editorial sprint","KEEP","Release editor","closed","var/ops/public-editorial-audit.json","status=passed; uniquePageCount=625","public-editorial-audit --strict"
