"asset_id","local_path","source_kind","author_recorded","source_url_recorded","license_recorded","legal_verification","status","owner","evidence"
"place-buenos-aires-hero","media/places/buenos-aires/hero.jpg","wikimedia","yes","yes","yes","not_performed_by_automated_audit","metadata_complete_review_required","Media rights owner","var/ops/media-rights-readiness.json + docs/audit/media-rights-readiness-2026-07-16.md"
"place-buenos-aires-gallery-1","media/places/buenos-aires/gallery-1.jpg","wikimedia","yes","yes","yes","not_performed_by_automated_audit","metadata_complete_review_required","Media rights owner","var/ops/media-rights-readiness.json + docs/audit/media-rights-readiness-2026-07-16.md"
"place-buenos-aires-gallery-2","media/places/buenos-aires/gallery-2.jpg","wikimedia","yes","yes","yes","not_performed_by_automated_audit","metadata_complete_review_required","Media rights owner","var/ops/media-rights-readiness.json + docs/audit/media-rights-readiness-2026-07-16.md"
"place-buenos-aires-gallery-3","media/places/buenos-aires/gallery-3.jpg","wikimedia","yes","yes","yes","not_performed_by_automated_audit","metadata_complete_review_required","Media rights owner","var/ops/media-rights-readiness.json + docs/audit/media-rights-readiness-2026-07-16.md"
"place-buenos-aires-gallery-4","media/places/buenos-aires/gallery-4.jpg","wikimedia","yes","yes","yes","not_performed_by_automated_audit","metadata_complete_review_required","Media rights owner","var/ops/media-rights-readiness.json + docs/audit/media-rights-readiness-2026-07-16.md"
"place-ushuaia-hero","media/places/ushuaia/hero.jpg","wikimedia","yes","yes","yes","not_performed_by_automated_audit","metadata_complete_review_required","Media rights owner","var/ops/media-rights-readiness.json + docs/audit/media-rights-readiness-2026-07-16.md"
"place-ushuaia-gallery-1","media/places/ushuaia/gallery-1.jpg","wikimedia","yes","yes","yes","not_performed_by_automated_audit","metadata_complete_review_required","Media rights owner","var/ops/media-rights-readiness.json + docs/audit/media-rights-readiness-2026-07-16.md"
"place-ushuaia-gallery-2","media/places/ushuaia/gallery-2.jpg","wikimedia","yes","yes","yes","not_performed_by_automated_audit","metadata_complete_review_required","Media rights owner","var/ops/media-rights-readiness.json + docs/audit/media-rights-readiness-2026-07-16.md"
"place-ushuaia-gallery-3","media/places/ushuaia/gallery-3.jpg","wikimedia","yes","yes","yes","not_performed_by_automated_audit","metadata_complete_review_required","Media rights owner","var/ops/media-rights-readiness.json + docs/audit/media-rights-readiness-2026-07-16.md"
"at-ushuaia-gallery-1","media/argentina-travel/ushuaia/1637246470093-ushuaia___bahia___monta_a_nieve__andrescamacho__19_.jpg","argentina.travel","yes","yes","yes","not_performed_by_automated_audit","metadata_complete_review_required","Media rights owner","var/ops/media-rights-readiness.json + docs/audit/media-rights-readiness-2026-07-16.md"
"at-ushuaia-gallery-2","media/argentina-travel/ushuaia/1637246477837-ushuaia__18___1_.jpg","argentina.travel","yes","yes","yes","not_performed_by_automated_audit","metadata_complete_review_required","Media rights owner","var/ops/media-rights-readiness.json + docs/audit/media-rights-readiness-2026-07-16.md"
"at-ushuaia-gallery-3","media/argentina-travel/ushuaia/1637246484120-almanza_centolla_h__1_.jpg","argentina.travel","yes","yes","yes","not_performed_by_automated_audit","metadata_complete_review_required","Media rights owner","var/ops/media-rights-readiness.json + docs/audit/media-rights-readiness-2026-07-16.md"
"at-ushuaia-hero","media/argentina-travel/ushuaia/1637246462724-_pla4265__1___1_.jpg","argentina.travel","yes","yes","yes","not_performed_by_automated_audit","metadata_complete_review_required","Media rights owner","var/ops/media-rights-readiness.json + docs/audit/media-rights-readiness-2026-07-16.md"
"place-el-calafate-hero","media/places/el-calafate/hero.jpg","wikimedia","yes","yes","yes","not_performed_by_automated_audit","metadata_complete_review_required","Media rights owner","var/ops/media-rights-readiness.json + docs/audit/media-rights-readiness-2026-07-16.md"
"place-el-calafate-gallery-1","media/places/el-calafate/gallery-1.jpg","wikimedia","yes","yes","yes","not_performed_by_automated_audit","metadata_complete_review_required","Media rights owner","var/ops/media-rights-readiness.json + docs/audit/media-rights-readiness-2026-07-16.md"
"place-el-calafate-gallery-2","media/places/el-calafate/gallery-2.jpg","wikimedia","yes","yes","yes","not_performed_by_automated_audit","metadata_complete_review_required","Media rights owner","var/ops/media-rights-readiness.json + docs/audit/media-rights-readiness-2026-07-16.md"
"at-el-calafate-gallery-1","media/argentina-travel/el-calafate/1627315400468-calafate__48_.jpg","argentina.travel","yes","yes","yes","not_performed_by_automated_audit","metadata_complete_review_required","Media rights owner","var/ops/media-rights-readiness.json + docs/audit/media-rights-readiness-2026-07-16.md"
"at-el-calafate-gallery-2","media/argentina-travel/el-calafate/1627315407068-calafate__15_.jpg","argentina.travel","yes","yes","yes","not_performed_by_automated_audit","metadata_complete_review_required","Media rights owner","var/ops/media-rights-readiness.json + docs/audit/media-rights-readiness-2026-07-16.md"
"at-el-calafate-gallery-3","media/argentina-travel/el-calafate/1627315413626-calafate__21_.jpg","argentina.travel","yes","yes","yes","not_performed_by_automated_audit","metadata_complete_review_required","Media rights owner","var/ops/media-rights-readiness.json + docs/audit/media-rights-readiness-2026-07-16.md"
"at-el-calafate-hero","media/argentina-travel/el-calafate/1627315390284-calafate__100_.jpg","argentina.travel","yes","yes","yes","not_performed_by_automated_audit","metadata_complete_review_required","Media rights owner","var/ops/media-rights-readiness.json + docs/audit/media-rights-readiness-2026-07-16.md"
"place-el-chalten-gallery-1","media/places/el-chalten/gallery-1.jpg","wikimedia","yes","yes","yes","not_performed_by_automated_audit","metadata_complete_review_required","Media rights owner","var/ops/media-rights-readiness.json + docs/audit/media-rights-readiness-2026-07-16.md"
"place-el-chalten-hero","media/places/el-chalten/hero.jpg","wikimedia","yes","yes","yes","not_performed_by_automated_audit","metadata_complete_review_required","Media rights owner","var/ops/media-rights-readiness.json + docs/audit/media-rights-readiness-2026-07-16.md"
"at-el-chalten-gallery-1","media/argentina-travel/el-chalten/1627394120991-chalt_n__3_.jpg","argentina.travel","yes","yes","yes","not_performed_by_automated_audit","metadata_complete_review_required","Media rights owner","var/ops/media-rights-readiness.json + docs/audit/media-rights-readiness-2026-07-16.md"
"at-el-chalten-gallery-2","media/argentina-travel/el-chalten/1627394127788-_mg_5408web.jpg","argentina.travel","yes","yes","yes","not_performed_by_automated_audit","metadata_complete_review_required","Media rights owner","var/ops/media-rights-readiness.json + docs/audit/media-rights-readiness-2026-07-16.md"
"at-el-chalten-gallery-3","media/argentina-travel/el-chalten/1627394133358-chalt_n__14_.jpg","argentina.travel","yes","yes","yes","not_performed_by_automated_audit","metadata_complete_review_required","Media rights owner","var/ops/media-rights-readiness.json + docs/audit/media-rights-readiness-2026-07-16.md"
"at-el-chalten-hero","media/argentina-travel/el-chalten/1627394111592-_mg_5337web.jpg","argentina.travel","yes","yes","yes","not_performed_by_automated_audit","metadata_complete_review_required","Media rights owner","var/ops/media-rights-readiness.json + docs/audit/media-rights-readiness-2026-07-16.md"
"place-bariloche-hero","media/places/bariloche/hero.jpg","wikimedia","yes","yes","yes","not_performed_by_automated_audit","blocked_or_review_required","Media rights owner","var/ops/media-rights-readiness.json + docs/audit/media-rights-readiness-2026-07-16.md"
"place-bariloche-gallery-1","media/places/bariloche/gallery-1.jpg","wikimedia","yes","yes","yes","not_performed_by_automated_audit","metadata_complete_review_required","Media rights owner","var/ops/media-rights-readiness.json + docs/audit/media-rights-readiness-2026-07-16.md"
"place-bariloche-gallery-3","media/places/bariloche/gallery-3.jpg","wikimedia","yes","yes","yes","not_performed_by_automated_audit","metadata_complete_review_required","Media rights owner","var/ops/media-rights-readiness.json + docs/audit/media-rights-readiness-2026-07-16.md"
"place-bariloche-gallery-4","media/places/bariloche/gallery-4.jpg","wikimedia","yes","yes","yes","not_performed_by_automated_audit","metadata_complete_review_required","Media rights owner","var/ops/media-rights-readiness.json + docs/audit/media-rights-readiness-2026-07-16.md"
"at-bariloche-gallery-1","media/argentina-travel/bariloche/1623694283294-rio_negro___cordillera___035___san_carlos_de_bariloche___catedral.","argentina.travel","yes","yes","yes","not_performed_by_automated_audit","metadata_complete_review_required","Media rights owner","var/ops/media-rights-readiness.json + docs/audit/media-rights-readiness-2026-07-16.md"
"at-bariloche-gallery-2","media/argentina-travel/bariloche/1623694293897-rio_negro___cordillera___003___san_carlos_de_bariloche___centro_ci","argentina.travel","yes","yes","yes","not_performed_by_automated_audit","metadata_complete_review_required","Media rights owner","var/ops/media-rights-readiness.json + docs/audit/media-rights-readiness-2026-07-16.md"
"at-bariloche-gallery-3","media/argentina-travel/bariloche/1623694300908-rio_negro___cordillera___054___parque_nahuel_huapi___cerro_tronado","argentina.travel","yes","yes","yes","not_performed_by_automated_audit","metadata_complete_review_required","Media rights owner","var/ops/media-rights-readiness.json + docs/audit/media-rights-readiness-2026-07-16.md"
"at-bariloche-hero","media/argentina-travel/bariloche/1623694275857-rio_negro___cordillera___018___parque_llao_llao___lago_moreno.jpg","argentina.travel","yes","yes","yes","not_performed_by_automated_audit","metadata_complete_review_required","Media rights owner","var/ops/media-rights-readiness.json + docs/audit/media-rights-readiness-2026-07-16.md"
"place-mendoza-hero","media/places/mendoza/hero.jpg","wikimedia","yes","yes","yes","not_performed_by_automated_audit","metadata_complete_review_required","Media rights owner","var/ops/media-rights-readiness.json + docs/audit/media-rights-readiness-2026-07-16.md"
"place-mendoza-gallery-1","media/places/mendoza/gallery-1.jpg","wikimedia","yes","yes","yes","not_performed_by_automated_audit","metadata_complete_review_required","Media rights owner","var/ops/media-rights-readiness.json + docs/audit/media-rights-readiness-2026-07-16.md"
"place-mendoza-gallery-2","media/places/mendoza/gallery-2.jpg","wikimedia","yes","yes","yes","not_performed_by_automated_audit","metadata_complete_review_required","Media rights owner","var/ops/media-rights-readiness.json + docs/audit/media-rights-readiness-2026-07-16.md"
"at-mendoza-gallery-1","media/argentina-travel/mendoza/1623101920323-_dsc2215_lacarrera_tupungato.jpg","argentina.travel","yes","yes","yes","not_performed_by_automated_audit","metadata_complete_review_required","Media rights owner","var/ops/media-rights-readiness.json + docs/audit/media-rights-readiness-2026-07-16.md"
"at-mendoza-gallery-2","media/argentina-travel/mendoza/1623101928137-_fgi2828_luj_decuyo.jpg","argentina.travel","yes","yes","yes","not_performed_by_automated_audit","metadata_complete_review_required","Media rights owner","var/ops/media-rights-readiness.json + docs/audit/media-rights-readiness-2026-07-16.md"
"at-mendoza-gallery-3","media/argentina-travel/mendoza/1623101939166-mra59928_altoagrelo.jpg","argentina.travel","yes","yes","yes","not_performed_by_automated_audit","metadata_complete_review_required","Media rights owner","var/ops/media-rights-readiness.json + docs/audit/media-rights-readiness-2026-07-16.md"
"at-mendoza-hero","media/argentina-travel/mendoza/1623101913361-mendoza__13_.jpg","argentina.travel","yes","yes","yes","not_performed_by_automated_audit","metadata_complete_review_required","Media rights owner","var/ops/media-rights-readiness.json + docs/audit/media-rights-readiness-2026-07-16.md"
"place-maipu-hero","media/places/maipu/hero.jpg","wikimedia","yes","yes","yes","not_performed_by_automated_audit","metadata_complete_review_required","Media rights owner","var/ops/media-rights-readiness.json + docs/audit/media-rights-readiness-2026-07-16.md"
"place-lujan-de-cuyo-hero","media/places/lujan-de-cuyo/hero.jpg","wikimedia","yes","yes","yes","not_performed_by_automated_audit","metadata_complete_review_required","Media rights owner","var/ops/media-rights-readiness.json + docs/audit/media-rights-readiness-2026-07-16.md"
"place-uco-valley-hero","media/places/uco-valley/hero.jpg","wikimedia","yes","yes","yes","not_performed_by_automated_audit","metadata_complete_review_required","Media rights owner","var/ops/media-rights-readiness.json + docs/audit/media-rights-readiness-2026-07-16.md"
"place-potrerillos-hero","media/places/potrerillos/hero.jpg","wikimedia","yes","yes","yes","not_performed_by_automated_audit","metadata_complete_review_required","Media rights owner","var/ops/media-rights-readiness.json + docs/audit/media-rights-readiness-2026-07-16.md"
"place-puerto-madryn-hero","media/places/puerto-madryn/hero.jpg","wikimedia","yes","yes","yes","not_performed_by_automated_audit","metadata_complete_review_required","Media rights owner","var/ops/media-rights-readiness.json + docs/audit/media-rights-readiness-2026-07-16.md"
"place-puerto-madryn-gallery-3","media/places/puerto-madryn/gallery-3.jpg","wikimedia","yes","yes","yes","not_performed_by_automated_audit","metadata_complete_review_required","Media rights owner","var/ops/media-rights-readiness.json + docs/audit/media-rights-readiness-2026-07-16.md"
"place-salta-hero","media/places/salta/hero.jpg","wikimedia","yes","yes","yes","not_performed_by_automated_audit","metadata_complete_review_required","Media rights owner","var/ops/media-rights-readiness.json + docs/audit/media-rights-readiness-2026-07-16.md"
"place-salta-gallery-1","media/places/salta/gallery-1.jpg","wikimedia","yes","yes","yes","not_performed_by_automated_audit","metadata_complete_review_required","Media rights owner","var/ops/media-rights-readiness.json + docs/audit/media-rights-readiness-2026-07-16.md"
"place-salta-gallery-2","media/places/salta/gallery-2.jpg","wikimedia","yes","yes","yes","not_performed_by_automated_audit","metadata_complete_review_required","Media rights owner","var/ops/media-rights-readiness.json + docs/audit/media-rights-readiness-2026-07-16.md"
"place-salta-gallery-3","media/places/salta/gallery-3.jpg","wikimedia","yes","yes","yes","not_performed_by_automated_audit","metadata_complete_review_required","Media rights owner","var/ops/media-rights-readiness.json + docs/audit/media-rights-readiness-2026-07-16.md"
"place-salta-gallery-4","media/places/salta/gallery-4.jpg","wikimedia","yes","yes","yes","not_performed_by_automated_audit","metadata_complete_review_required","Media rights owner","var/ops/media-rights-readiness.json + docs/audit/media-rights-readiness-2026-07-16.md"
"place-purmamarca-gallery-1","media/places/purmamarca/gallery-1.jpg","wikimedia","yes","yes","yes","not_performed_by_automated_audit","blocked_or_review_required","Media rights owner","var/ops/media-rights-readiness.json + docs/audit/media-rights-readiness-2026-07-16.md"
"place-purmamarca-hero","media/places/purmamarca/hero.jpg","wikimedia","yes","yes","yes","not_performed_by_automated_audit","metadata_complete_review_required","Media rights owner","var/ops/media-rights-readiness.json + docs/audit/media-rights-readiness-2026-07-16.md"
"at-purmamarca-gallery-1","media/argentina-travel/purmamarca/1624745072327-purmamarca___siete_colores__joaqu_n_carrillo.jpg","argentina.travel","yes","yes","yes","not_performed_by_automated_audit","metadata_complete_review_required","Media rights owner","var/ops/media-rights-readiness.json + docs/audit/media-rights-readiness-2026-07-16.md"
"at-purmamarca-gallery-2","media/argentina-travel/purmamarca/1624745078707-jujuy__139_.jpg","argentina.travel","yes","yes","yes","not_performed_by_automated_audit","metadata_complete_review_required","Media rights owner","var/ops/media-rights-readiness.json + docs/audit/media-rights-readiness-2026-07-16.md"
"at-purmamarca-gallery-3","media/argentina-travel/purmamarca/1624745084933-jujuy_purmamarca_paseo_de_los_colorados_canon_mk_iv__15_.jpg","argentina.travel","yes","yes","yes","not_performed_by_automated_audit","metadata_complete_review_required","Media rights owner","var/ops/media-rights-readiness.json + docs/audit/media-rights-readiness-2026-07-16.md"
"at-purmamarca-hero","media/argentina-travel/purmamarca/1624745057402-purmamarca___juan_aranda.jpg","argentina.travel","yes","yes","yes","not_performed_by_automated_audit","metadata_complete_review_required","Media rights owner","var/ops/media-rights-readiness.json + docs/audit/media-rights-readiness-2026-07-16.md"
"place-iguazu-falls-hero","media/places/iguazu-falls/hero.jpg","wikimedia","yes","yes","yes","not_performed_by_automated_audit","metadata_complete_review_required","Media rights owner","var/ops/media-rights-readiness.json + docs/audit/media-rights-readiness-2026-07-16.md"
"place-iguazu-falls-gallery-1","media/places/iguazu-falls/gallery-1.jpg","wikimedia","yes","yes","yes","not_performed_by_automated_audit","metadata_complete_review_required","Media rights owner","var/ops/media-rights-readiness.json + docs/audit/media-rights-readiness-2026-07-16.md"
"place-iguazu-falls-gallery-2","media/places/iguazu-falls/gallery-2.jpg","wikimedia","yes","yes","yes","not_performed_by_automated_audit","metadata_complete_review_required","Media rights owner","var/ops/media-rights-readiness.json + docs/audit/media-rights-readiness-2026-07-16.md"
"place-iguazu-falls-gallery-3","media/places/iguazu-falls/gallery-3.jpg","wikimedia","yes","yes","yes","not_performed_by_automated_audit","metadata_complete_review_required","Media rights owner","var/ops/media-rights-readiness.json + docs/audit/media-rights-readiness-2026-07-16.md"
"place-iguazu-falls-gallery-4","media/places/iguazu-falls/gallery-4.jpg","wikimedia","yes","yes","yes","not_performed_by_automated_audit","metadata_complete_review_required","Media rights owner","var/ops/media-rights-readiness.json + docs/audit/media-rights-readiness-2026-07-16.md"
"at-iguasu-gallery-1","media/argentina-travel/iguasu/1624893544983-cataratas_del_iguazu___2_____inprotur.jpg","argentina.travel","yes","yes","yes","not_performed_by_automated_audit","metadata_complete_review_required","Media rights owner","var/ops/media-rights-readiness.json + docs/audit/media-rights-readiness-2026-07-16.md"
"at-iguasu-gallery-2","media/argentina-travel/iguasu/1624893551239-iguazu__80_.jpg","argentina.travel","yes","yes","yes","not_performed_by_automated_audit","metadata_complete_review_required","Media rights owner","var/ops/media-rights-readiness.json + docs/audit/media-rights-readiness-2026-07-16.md"
"at-iguasu-gallery-3","media/argentina-travel/iguasu/1624893556107-iguazu__3_.jpg","argentina.travel","yes","yes","yes","not_performed_by_automated_audit","metadata_complete_review_required","Media rights owner","var/ops/media-rights-readiness.json + docs/audit/media-rights-readiness-2026-07-16.md"
"at-iguasu-hero","media/argentina-travel/iguasu/1624893534210-iguazu__72_.jpg","argentina.travel","yes","yes","yes","not_performed_by_automated_audit","metadata_complete_review_required","Media rights owner","var/ops/media-rights-readiness.json + docs/audit/media-rights-readiness-2026-07-16.md"
"place-perito-moreno-glacier-hero","media/places/perito-moreno-glacier/hero.jpg","wikimedia","yes","yes","yes","not_performed_by_automated_audit","metadata_complete_review_required","Media rights owner","var/ops/media-rights-readiness.json + docs/audit/media-rights-readiness-2026-07-16.md"
"place-perito-moreno-glacier-gallery-1","media/places/perito-moreno-glacier/gallery-1.jpg","wikimedia","yes","yes","yes","not_performed_by_automated_audit","metadata_complete_review_required","Media rights owner","var/ops/media-rights-readiness.json + docs/audit/media-rights-readiness-2026-07-16.md"
"place-perito-moreno-glacier-gallery-2","media/places/perito-moreno-glacier/gallery-2.jpg","wikimedia","yes","yes","yes","not_performed_by_automated_audit","metadata_complete_review_required","Media rights owner","var/ops/media-rights-readiness.json + docs/audit/media-rights-readiness-2026-07-16.md"
"place-perito-moreno-glacier-gallery-3","media/places/perito-moreno-glacier/gallery-3.jpg","wikimedia","yes","yes","yes","not_performed_by_automated_audit","metadata_complete_review_required","Media rights owner","var/ops/media-rights-readiness.json + docs/audit/media-rights-readiness-2026-07-16.md"
"place-perito-moreno-glacier-gallery-4","media/places/perito-moreno-glacier/gallery-4.jpg","wikimedia","yes","yes","yes","not_performed_by_automated_audit","metadata_complete_review_required","Media rights owner","var/ops/media-rights-readiness.json + docs/audit/media-rights-readiness-2026-07-16.md"
"at-perito-moreno-gallery-1","media/argentina-travel/perito-moreno/1624743700054-calafate__2__2.jpg","argentina.travel","yes","yes","yes","not_performed_by_automated_audit","metadata_complete_review_required","Media rights owner","var/ops/media-rights-readiness.json + docs/audit/media-rights-readiness-2026-07-16.md"
"at-perito-moreno-gallery-2","media/argentina-travel/perito-moreno/1624743706430-calafate__134__2.jpg","argentina.travel","yes","yes","yes","not_performed_by_automated_audit","metadata_complete_review_required","Media rights owner","var/ops/media-rights-readiness.json + docs/audit/media-rights-readiness-2026-07-16.md"
"at-perito-moreno-gallery-3","media/argentina-travel/perito-moreno/1624743712507-calafate__160__2.jpg","argentina.travel","yes","yes","yes","not_performed_by_automated_audit","metadata_complete_review_required","Media rights owner","var/ops/media-rights-readiness.json + docs/audit/media-rights-readiness-2026-07-16.md"
"at-perito-moreno-hero","media/argentina-travel/perito-moreno/1624743689500-calafate__170__2.jpg","argentina.travel","yes","yes","yes","not_performed_by_automated_audit","metadata_complete_review_required","Media rights owner","var/ops/media-rights-readiness.json + docs/audit/media-rights-readiness-2026-07-16.md"
"place-fitz-roy-hero","media/places/fitz-roy/hero.jpg","wikimedia","yes","yes","yes","not_performed_by_automated_audit","metadata_complete_review_required","Media rights owner","var/ops/media-rights-readiness.json + docs/audit/media-rights-readiness-2026-07-16.md"
"place-los-glaciares-national-park-hero","media/places/los-glaciares-national-park/hero.jpg","wikimedia","yes","yes","yes","not_performed_by_automated_audit","metadata_complete_review_required","Media rights owner","var/ops/media-rights-readiness.json + docs/audit/media-rights-readiness-2026-07-16.md"
"at-los-glasiares-gallery-1","media/argentina-travel/los-glasiares/1640118449906-calafate__94_.jpg","argentina.travel","yes","yes","yes","not_performed_by_automated_audit","metadata_complete_review_required","Media rights owner","var/ops/media-rights-readiness.json + docs/audit/media-rights-readiness-2026-07-16.md"
"at-los-glasiares-gallery-2","media/argentina-travel/los-glasiares/1640118459043-calafate__65_.jpg","argentina.travel","yes","yes","yes","not_performed_by_automated_audit","metadata_complete_review_required","Media rights owner","var/ops/media-rights-readiness.json + docs/audit/media-rights-readiness-2026-07-16.md"
"at-los-glasiares-gallery-3","media/argentina-travel/los-glasiares/1640118479918-calafate__53_.jpg","argentina.travel","yes","yes","yes","not_performed_by_automated_audit","metadata_complete_review_required","Media rights owner","var/ops/media-rights-readiness.json + docs/audit/media-rights-readiness-2026-07-16.md"
"at-los-glasiares-hero","media/argentina-travel/los-glasiares/1640118437187-calafate__162___1_.jpg","argentina.travel","yes","yes","yes","not_performed_by_automated_audit","metadata_complete_review_required","Media rights owner","var/ops/media-rights-readiness.json + docs/audit/media-rights-readiness-2026-07-16.md"
"place-nahuel-huapi-national-park-hero","media/places/nahuel-huapi-national-park/hero.jpg","wikimedia","yes","yes","yes","not_performed_by_automated_audit","metadata_complete_review_required","Media rights owner","var/ops/media-rights-readiness.json + docs/audit/media-rights-readiness-2026-07-16.md"
"blog-wildlife-с-гидом","media/places/valdes-peninsula/hero.jpg","wikimedia","yes","yes","yes","not_performed_by_automated_audit","blocked_or_review_required","Media rights owner","var/ops/media-rights-readiness.json + docs/audit/media-rights-readiness-2026-07-16.md"
"blog-rich-valdes-peninsula-national-park-gallery-1","media/places/valdes-peninsula/gallery-1.jpg","wikimedia","yes","yes","yes","not_performed_by_automated_audit","metadata_complete_review_required","Media rights owner","var/ops/media-rights-readiness.json + docs/audit/media-rights-readiness-2026-07-16.md"
"at-peninsula-valdes-gallery-1","media/argentina-travel/peninsula-valdes/1627314688246-angel_velez___peninsula_valdes_3.jpg","argentina.travel","yes","yes","yes","not_performed_by_automated_audit","metadata_complete_review_required","Media rights owner","var/ops/media-rights-readiness.json + docs/audit/media-rights-readiness-2026-07-16.md"
"at-peninsula-valdes-gallery-2","media/argentina-travel/peninsula-valdes/1627314695936-lober_a_punta_norte_2.jpg","argentina.travel","yes","yes","yes","not_performed_by_automated_audit","metadata_complete_review_required","Media rights owner","var/ops/media-rights-readiness.json + docs/audit/media-rights-readiness-2026-07-16.md"
"at-peninsula-valdes-gallery-3","media/argentina-travel/peninsula-valdes/1627314702558-chubut___fauna__1_.jpg","argentina.travel","yes","yes","yes","not_performed_by_automated_audit","metadata_complete_review_required","Media rights owner","var/ops/media-rights-readiness.json + docs/audit/media-rights-readiness-2026-07-16.md"
"at-peninsula-valdes-hero","media/argentina-travel/peninsula-valdes/1627314679824-caleta_valdes__3_.jpg","argentina.travel","yes","yes","yes","not_performed_by_automated_audit","metadata_complete_review_required","Media rights owner","var/ops/media-rights-readiness.json + docs/audit/media-rights-readiness-2026-07-16.md"
"place-cerro-de-los-7-colores-hero","media/places/cerro-de-los-7-colores/hero.jpg","wikimedia","yes","yes","yes","not_performed_by_automated_audit","metadata_complete_review_required","Media rights owner","var/ops/media-rights-readiness.json + docs/audit/media-rights-readiness-2026-07-16.md"
"place-cerro-de-los-7-colores-gallery-1","media/places/cerro-de-los-7-colores/gallery-1.jpg","wikimedia","yes","yes","yes","not_performed_by_automated_audit","metadata_complete_review_required","Media rights owner","var/ops/media-rights-readiness.json + docs/audit/media-rights-readiness-2026-07-16.md"
"place-tren-de-las-nubes-hero","media/places/tren-de-las-nubes/hero.jpg","wikimedia","yes","yes","yes","not_performed_by_automated_audit","blocked_or_review_required","Media rights owner","var/ops/media-rights-readiness.json + docs/audit/media-rights-readiness-2026-07-16.md"
"at-tren-a-las-nubes-gallery-1","media/argentina-travel/tren-a-las-nubes/1628592108042-foto_carlos_vergara___tren_a_las_nubes__1__baja.jpg","argentina.travel","yes","yes","yes","not_performed_by_automated_audit","metadata_complete_review_required","Media rights owner","var/ops/media-rights-readiness.json + docs/audit/media-rights-readiness-2026-07-16.md"
"at-tren-a-las-nubes-gallery-2","media/argentina-travel/tren-a-las-nubes/1628592114978-foto_carlos_vergara___tren_a_las_nubes__55_.jpg","argentina.travel","yes","yes","yes","not_performed_by_automated_audit","metadata_complete_review_required","Media rights owner","var/ops/media-rights-readiness.json + docs/audit/media-rights-readiness-2026-07-16.md"
"at-tren-a-las-nubes-gallery-3","media/argentina-travel/tren-a-las-nubes/1628592120727-foto_carlos_vergara___tren_a_las_nubes__56_.jpg","argentina.travel","yes","yes","yes","not_performed_by_automated_audit","metadata_complete_review_required","Media rights owner","var/ops/media-rights-readiness.json + docs/audit/media-rights-readiness-2026-07-16.md"
"at-tren-a-las-nubes-hero","media/argentina-travel/tren-a-las-nubes/1628592088298-sin_t_tulo_47.jpg","argentina.travel","yes","yes","yes","not_performed_by_automated_audit","metadata_complete_review_required","Media rights owner","var/ops/media-rights-readiness.json + docs/audit/media-rights-readiness-2026-07-16.md"
"place-cueva-de-las-manos-hero","media/places/cueva-de-las-manos/hero.jpg","wikimedia","yes","yes","yes","not_performed_by_automated_audit","blocked_or_review_required","Media rights owner","var/ops/media-rights-readiness.json + docs/audit/media-rights-readiness-2026-07-16.md"
"place-cueva-de-las-manos-gallery-1","media/places/cueva-de-las-manos/gallery-1.jpg","wikimedia","yes","yes","yes","not_performed_by_automated_audit","metadata_complete_review_required","Media rights owner","var/ops/media-rights-readiness.json + docs/audit/media-rights-readiness-2026-07-16.md"
"place-cueva-de-las-manos-gallery-2","media/places/cueva-de-las-manos/gallery-2.jpg","wikimedia","yes","yes","yes","not_performed_by_automated_audit","metadata_complete_review_required","Media rights owner","var/ops/media-rights-readiness.json + docs/audit/media-rights-readiness-2026-07-16.md"
"place-mar-del-plata-hero","media/places/mar-del-plata/hero.jpg","wikimedia","yes","yes","yes","not_performed_by_automated_audit","metadata_complete_review_required","Media rights owner","var/ops/media-rights-readiness.json + docs/audit/media-rights-readiness-2026-07-16.md"
"place-mar-del-plata-gallery-1","media/places/mar-del-plata/gallery-1.jpg","wikimedia","yes","yes","yes","not_performed_by_automated_audit","metadata_complete_review_required","Media rights owner","var/ops/media-rights-readiness.json + docs/audit/media-rights-readiness-2026-07-16.md"
"place-mar-del-plata-gallery-2","media/places/mar-del-plata/gallery-2.jpg","wikimedia","yes","yes","yes","not_performed_by_automated_audit","metadata_complete_review_required","Media rights owner","var/ops/media-rights-readiness.json + docs/audit/media-rights-readiness-2026-07-16.md"
"place-mar-del-plata-gallery-3","media/places/mar-del-plata/gallery-3.jpg","wikimedia","yes","yes","yes","not_performed_by_automated_audit","metadata_complete_review_required","Media rights owner","var/ops/media-rights-readiness.json + docs/audit/media-rights-readiness-2026-07-16.md"
"place-tierra-del-fuego-national-park-hero","media/places/tierra-del-fuego-national-park/hero.jpg","wikimedia","yes","yes","yes","not_performed_by_automated_audit","metadata_complete_review_required","Media rights owner","var/ops/media-rights-readiness.json + docs/audit/media-rights-readiness-2026-07-16.md"
"place-tierra-del-fuego-national-park-gallery-1","media/places/tierra-del-fuego-national-park/gallery-1.jpg","wikimedia","yes","yes","yes","not_performed_by_automated_audit","metadata_complete_review_required","Media rights owner","var/ops/media-rights-readiness.json + docs/audit/media-rights-readiness-2026-07-16.md"
"place-tierra-del-fuego-national-park-gallery-4","media/places/tierra-del-fuego-national-park/gallery-4.jpg","wikimedia","yes","yes","yes","not_performed_by_automated_audit","metadata_complete_review_required","Media rights owner","var/ops/media-rights-readiness.json + docs/audit/media-rights-readiness-2026-07-16.md"
"place-cordoba-hero","media/places/cordoba/hero.jpg","wikimedia","yes","yes","yes","not_performed_by_automated_audit","metadata_complete_review_required","Media rights owner","var/ops/media-rights-readiness.json + docs/audit/media-rights-readiness-2026-07-16.md"
"place-estero-ibera-hero","media/places/estero-ibera/hero.jpg","wikimedia","yes","yes","yes","not_performed_by_automated_audit","metadata_complete_review_required","Media rights owner","var/ops/media-rights-readiness.json + docs/audit/media-rights-readiness-2026-07-16.md"
"place-talampaya-hero","media/places/talampaya/hero.jpg","wikimedia","yes","yes","yes","not_performed_by_automated_audit","metadata_complete_review_required","Media rights owner","var/ops/media-rights-readiness.json + docs/audit/media-rights-readiness-2026-07-16.md"
"place-cafayate-hero","media/places/cafayate/hero.jpg","wikimedia","yes","yes","yes","not_performed_by_automated_audit","metadata_complete_review_required","Media rights owner","var/ops/media-rights-readiness.json + docs/audit/media-rights-readiness-2026-07-16.md"
"at-cafayate-gallery-1","media/argentina-travel/cafayate/1621346659999-cf_2012_014_salta_cafayate_5d2_4020_con_mas_cielo.jpg","argentina.travel","yes","yes","yes","not_performed_by_automated_audit","metadata_complete_review_required","Media rights owner","var/ops/media-rights-readiness.json + docs/audit/media-rights-readiness-2026-07-16.md"
"at-cafayate-gallery-2","media/argentina-travel/cafayate/1621346677338-sin_t_tulo_7.jpg","argentina.travel","yes","yes","yes","not_performed_by_automated_audit","metadata_complete_review_required","Media rights owner","var/ops/media-rights-readiness.json + docs/audit/media-rights-readiness-2026-07-16.md"
"at-cafayate-gallery-3","media/argentina-travel/cafayate/1621346684361-vc___ruta_del_vino___vi_edos___eliseo_miciu.jpg","argentina.travel","yes","yes","yes","not_performed_by_automated_audit","metadata_complete_review_required","Media rights owner","var/ops/media-rights-readiness.json + docs/audit/media-rights-readiness-2026-07-16.md"
"at-cafayate-hero","media/argentina-travel/cafayate/1621346641103-sin_t_tulo_4.jpg","argentina.travel","yes","yes","yes","not_performed_by_automated_audit","metadata_complete_review_required","Media rights owner","var/ops/media-rights-readiness.json + docs/audit/media-rights-readiness-2026-07-16.md"
"place-tilcara-hero","media/places/tilcara/hero.jpg","wikimedia","yes","yes","yes","not_performed_by_automated_audit","metadata_complete_review_required","Media rights owner","var/ops/media-rights-readiness.json + docs/audit/media-rights-readiness-2026-07-16.md"
"at-tilcara-gallery-1","media/argentina-travel/tilcara/1623769637086-jujuy_quebrada_tilcara_cuevas_waira_canon_mk_iv__34_.jpg","argentina.travel","yes","yes","yes","not_performed_by_automated_audit","metadata_complete_review_required","Media rights owner","var/ops/media-rights-readiness.json + docs/audit/media-rights-readiness-2026-07-16.md"
"at-tilcara-gallery-2","media/argentina-travel/tilcara/1623769645852-jujuy_quebrada_tilcara_hotel_villa_del_cielo_y_nuevo_prorgeso_cano","argentina.travel","yes","yes","yes","not_performed_by_automated_audit","metadata_complete_review_required","Media rights owner","var/ops/media-rights-readiness.json + docs/audit/media-rights-readiness-2026-07-16.md"
"at-tilcara-gallery-3","media/argentina-travel/tilcara/1623769652807-jujuy_quebrada_tilcara_cuevas_waira_canon_mk_iv__33_.jpg","argentina.travel","yes","yes","yes","not_performed_by_automated_audit","metadata_complete_review_required","Media rights owner","var/ops/media-rights-readiness.json + docs/audit/media-rights-readiness-2026-07-16.md"
"at-tilcara-hero","media/argentina-travel/tilcara/1623769629306-jujuy_quebrada_tilcara_hotel_villa_del_cielo_y_nuevo_prorgeso_cano","argentina.travel","yes","yes","yes","not_performed_by_automated_audit","metadata_complete_review_required","Media rights owner","var/ops/media-rights-readiness.json + docs/audit/media-rights-readiness-2026-07-16.md"
"place-quebrada-de-humahuaca-hero","media/places/quebrada-de-humahuaca/hero.jpg","wikimedia","yes","yes","yes","not_performed_by_automated_audit","metadata_complete_review_required","Media rights owner","var/ops/media-rights-readiness.json + docs/audit/media-rights-readiness-2026-07-16.md"
"at-quebrada-de-humahuaca-gallery-1","media/argentina-travel/quebrada-de-humahuaca/1624745885599-quebrada_humahuaca___cerro_pollera_de_la_colla_o_yacoraite___herna","argentina.travel","yes","yes","yes","not_performed_by_automated_audit","metadata_complete_review_required","Media rights owner","var/ops/media-rights-readiness.json + docs/audit/media-rights-readiness-2026-07-16.md"
"at-quebrada-de-humahuaca-gallery-2","media/argentina-travel/quebrada-de-humahuaca/1624745892185-jujuy__58_.jpg","argentina.travel","yes","yes","yes","not_performed_by_automated_audit","metadata_complete_review_required","Media rights owner","var/ops/media-rights-readiness.json + docs/audit/media-rights-readiness-2026-07-16.md"
"at-quebrada-de-humahuaca-gallery-3","media/argentina-travel/quebrada-de-humahuaca/1624745909837-jujuy_quebrada_humahuaca_pueblo_drone_dji_mavic_pro__16_.jpg","argentina.travel","yes","yes","yes","not_performed_by_automated_audit","metadata_complete_review_required","Media rights owner","var/ops/media-rights-readiness.json + docs/audit/media-rights-readiness-2026-07-16.md"
"at-quebrada-de-humahuaca-hero","media/argentina-travel/quebrada-de-humahuaca/1624745854240-jujuy_quebrada_humahuaca_pueblo_drone_dji_mavic_pro__15_.jpg","argentina.travel","yes","yes","yes","not_performed_by_automated_audit","metadata_complete_review_required","Media rights owner","var/ops/media-rights-readiness.json + docs/audit/media-rights-readiness-2026-07-16.md"
"place-salinas-grandes-hero","media/places/salinas-grandes/hero.jpg","wikimedia","yes","yes","yes","not_performed_by_automated_audit","metadata_complete_review_required","Media rights owner","var/ops/media-rights-readiness.json + docs/audit/media-rights-readiness-2026-07-16.md"
"at-salinas-grandes-gallery-1","media/argentina-travel/salinas-grandes/1623702009280-salinas_grandes__jujuy__hernan_paganini.jpg","argentina.travel","yes","yes","yes","not_performed_by_automated_audit","metadata_complete_review_required","Media rights owner","var/ops/media-rights-readiness.json + docs/audit/media-rights-readiness-2026-07-16.md"
"at-salinas-grandes-gallery-2","media/argentina-travel/salinas-grandes/1623702015924-salinas_grandes__hernan_paganini.jpg","argentina.travel","yes","yes","yes","not_performed_by_automated_audit","metadata_complete_review_required","Media rights owner","var/ops/media-rights-readiness.json + docs/audit/media-rights-readiness-2026-07-16.md"
"at-salinas-grandes-gallery-3","media/argentina-travel/salinas-grandes/1623702020679-jujuy_puna_sur_salinas_canon_mk_iv__15_.jpg","argentina.travel","yes","yes","yes","not_performed_by_automated_audit","metadata_complete_review_required","Media rights owner","var/ops/media-rights-readiness.json + docs/audit/media-rights-readiness-2026-07-16.md"
"at-salinas-grandes-hero","media/argentina-travel/salinas-grandes/1623701998891-salinas_grandes__jujuy___mirjam_letsch_jujuy__46____.jpg","argentina.travel","yes","yes","yes","not_performed_by_automated_audit","metadata_complete_review_required","Media rights owner","var/ops/media-rights-readiness.json + docs/audit/media-rights-readiness-2026-07-16.md"
"place-san-martin-de-los-andes-hero","media/places/san-martin-de-los-andes/hero.jpg","wikimedia","yes","yes","yes","not_performed_by_automated_audit","metadata_complete_review_required","Media rights owner","var/ops/media-rights-readiness.json + docs/audit/media-rights-readiness-2026-07-16.md"
"at-san-martin-de-los-andes-gallery-1","media/argentina-travel/san-martin-de-los-andes/1628781632417-senderismo__pucar__sma.jpg","argentina.travel","yes","yes","yes","not_performed_by_automated_audit","metadata_complete_review_required","Media rights owner","var/ops/media-rights-readiness.json + docs/audit/media-rights-readiness-2026-07-16.md"
"at-san-martin-de-los-andes-gallery-2","media/argentina-travel/san-martin-de-los-andes/1628781641462-foto_drone_cumbre_quilanlahue_verical.jpg","argentina.travel","yes","yes","yes","not_performed_by_automated_audit","metadata_complete_review_required","Media rights owner","var/ops/media-rights-readiness.json + docs/audit/media-rights-readiness-2026-07-16.md"
"at-san-martin-de-los-andes-gallery-3","media/argentina-travel/san-martin-de-los-andes/1628781647814-mountain_bike_hua_hum_pnl_sma_dsc03428.jpg","argentina.travel","yes","yes","yes","not_performed_by_automated_audit","metadata_complete_review_required","Media rights owner","var/ops/media-rights-readiness.json + docs/audit/media-rights-readiness-2026-07-16.md"
"at-san-martin-de-los-andes-hero","media/argentina-travel/san-martin-de-los-andes/1628781619905-fotodrone_ruta_7_lagos.jpg","argentina.travel","yes","yes","yes","not_performed_by_automated_audit","metadata_complete_review_required","Media rights owner","var/ops/media-rights-readiness.json + docs/audit/media-rights-readiness-2026-07-16.md"
"place-villa-la-angostura-hero","media/places/villa-la-angostura/hero.jpg","wikimedia","yes","yes","yes","not_performed_by_automated_audit","metadata_complete_review_required","Media rights owner","var/ops/media-rights-readiness.json + docs/audit/media-rights-readiness-2026-07-16.md"
"at-villa-la-angostura-gallery-1","media/argentina-travel/villa-la-angostura/1628523011264-vla_istmoquetrihue_mavikiipro.jpg","argentina.travel","yes","yes","yes","not_performed_by_automated_audit","metadata_complete_review_required","Media rights owner","var/ops/media-rights-readiness.json + docs/audit/media-rights-readiness-2026-07-16.md"
"at-villa-la-angostura-gallery-2","media/argentina-travel/villa-la-angostura/1628523016972-vla_bahiamansa_kayaksup_canon6d_5_.jpg","argentina.travel","yes","yes","yes","not_performed_by_automated_audit","metadata_complete_review_required","Media rights owner","var/ops/media-rights-readiness.json + docs/audit/media-rights-readiness-2026-07-16.md"
"at-villa-la-angostura-gallery-3","media/argentina-travel/villa-la-angostura/1628523022781-vla_puenteviejoriocorrentoso_fujifilmxt20__1_.jpg","argentina.travel","yes","yes","yes","not_performed_by_automated_audit","metadata_complete_review_required","Media rights owner","var/ops/media-rights-readiness.json + docs/audit/media-rights-readiness-2026-07-16.md"
"at-villa-la-angostura-hero","media/argentina-travel/villa-la-angostura/1628523006228-vla_bahiabrava_mavikiipro_2_.jpg","argentina.travel","yes","yes","yes","not_performed_by_automated_audit","blocked_or_review_required","Media rights owner","var/ops/media-rights-readiness.json + docs/audit/media-rights-readiness-2026-07-16.md"
"place-rosario-hero","media/places/rosario/hero.jpg","wikimedia","yes","yes","yes","not_performed_by_automated_audit","metadata_complete_review_required","Media rights owner","var/ops/media-rights-readiness.json + docs/audit/media-rights-readiness-2026-07-16.md"
"place-la-plata-hero","media/places/la-plata/hero.jpg","wikimedia","yes","yes","yes","not_performed_by_automated_audit","metadata_complete_review_required","Media rights owner","var/ops/media-rights-readiness.json + docs/audit/media-rights-readiness-2026-07-16.md"
"place-tucuman-hero","media/places/tucuman/hero.jpg","wikimedia","yes","yes","yes","not_performed_by_automated_audit","metadata_complete_review_required","Media rights owner","var/ops/media-rights-readiness.json + docs/audit/media-rights-readiness-2026-07-16.md"
"place-san-salvador-de-jujuy-hero","media/places/san-salvador-de-jujuy/hero.jpg","wikimedia","yes","yes","yes","not_performed_by_automated_audit","metadata_complete_review_required","Media rights owner","var/ops/media-rights-readiness.json + docs/audit/media-rights-readiness-2026-07-16.md"
"at-san-salvador-de-jujuy-gallery-1","media/argentina-travel/san-salvador-de-jujuy/1623973511979-jujuy_san_salvador_de_jujuy_plaza_belgrano_canon_5d_mkiv__4_.jpg","argentina.travel","yes","yes","yes","not_performed_by_automated_audit","metadata_complete_review_required","Media rights owner","var/ops/media-rights-readiness.json + docs/audit/media-rights-readiness-2026-07-16.md"
"at-san-salvador-de-jujuy-gallery-2","media/argentina-travel/san-salvador-de-jujuy/1623973518191-jujuy_san_salvador_de_jujuy_parque_lineal_canon_5d_mkiv__7_.jpg","argentina.travel","yes","yes","yes","not_performed_by_automated_audit","metadata_complete_review_required","Media rights owner","var/ops/media-rights-readiness.json + docs/audit/media-rights-readiness-2026-07-16.md"
"at-san-salvador-de-jujuy-gallery-3","media/argentina-travel/san-salvador-de-jujuy/1623973523568-jujuy_san_salvador_de_jujuy_museo_lavalle_canon_5d_mkiv__8_.jpg","argentina.travel","yes","yes","yes","not_performed_by_automated_audit","metadata_complete_review_required","Media rights owner","var/ops/media-rights-readiness.json + docs/audit/media-rights-readiness-2026-07-16.md"
"at-san-salvador-de-jujuy-hero","media/argentina-travel/san-salvador-de-jujuy/1623973506105-jujuy_san_salvador_de_jujuy_plaza_belgrano_canon_5d_mkiv__13_.jpg","argentina.travel","yes","yes","yes","not_performed_by_automated_audit","metadata_complete_review_required","Media rights owner","var/ops/media-rights-readiness.json + docs/audit/media-rights-readiness-2026-07-16.md"
"place-neuquen-hero","media/places/neuquen/hero.jpg","wikimedia","yes","yes","yes","not_performed_by_automated_audit","metadata_complete_review_required","Media rights owner","var/ops/media-rights-readiness.json + docs/audit/media-rights-readiness-2026-07-16.md"
"place-san-juan-hero","media/places/san-juan/hero.jpg","wikimedia","yes","yes","yes","not_performed_by_automated_audit","metadata_complete_review_required","Media rights owner","var/ops/media-rights-readiness.json + docs/audit/media-rights-readiness-2026-07-16.md"
"place-corrientes-hero","media/places/corrientes/hero.jpg","wikimedia","yes","yes","yes","not_performed_by_automated_audit","metadata_complete_review_required","Media rights owner","var/ops/media-rights-readiness.json + docs/audit/media-rights-readiness-2026-07-16.md"
"place-posadas-hero","media/places/posadas/hero.jpg","wikimedia","yes","yes","yes","not_performed_by_automated_audit","metadata_complete_review_required","Media rights owner","var/ops/media-rights-readiness.json + docs/audit/media-rights-readiness-2026-07-16.md"
"at-posadas-gallery-1","media/argentina-travel/posadas/1638471839197-posadas_2.jpg","argentina.travel","yes","yes","yes","not_performed_by_automated_audit","metadata_complete_review_required","Media rights owner","var/ops/media-rights-readiness.json + docs/audit/media-rights-readiness-2026-07-16.md"
"at-posadas-gallery-2","media/argentina-travel/posadas/1638471847361-posadas_4.jpg","argentina.travel","yes","yes","yes","not_performed_by_automated_audit","metadata_complete_review_required","Media rights owner","var/ops/media-rights-readiness.json + docs/audit/media-rights-readiness-2026-07-16.md"
"at-posadas-gallery-3","media/argentina-travel/posadas/1638471852535-posadas_3.jpg","argentina.travel","yes","yes","yes","not_performed_by_automated_audit","metadata_complete_review_required","Media rights owner","var/ops/media-rights-readiness.json + docs/audit/media-rights-readiness-2026-07-16.md"
"at-posadas-hero","media/argentina-travel/posadas/1638471830408-posadas_1.jpg","argentina.travel","yes","yes","yes","not_performed_by_automated_audit","metadata_complete_review_required","Media rights owner","var/ops/media-rights-readiness.json + docs/audit/media-rights-readiness-2026-07-16.md"
"place-bahia-blanca-hero","media/places/bahia-blanca/hero.jpg","wikimedia","yes","yes","yes","not_performed_by_automated_audit","metadata_complete_review_required","Media rights owner","var/ops/media-rights-readiness.json + docs/audit/media-rights-readiness-2026-07-16.md"
"place-rio-gallegos-hero","media/places/rio-gallegos/hero.jpg","wikimedia","yes","yes","yes","not_performed_by_automated_audit","metadata_complete_review_required","Media rights owner","var/ops/media-rights-readiness.json + docs/audit/media-rights-readiness-2026-07-16.md"
"at-rio-gallegos-gallery-1","media/argentina-travel/rio-gallegos/1637871534855-_ed78019alta.jpg","argentina.travel","yes","yes","yes","not_performed_by_automated_audit","metadata_complete_review_required","Media rights owner","var/ops/media-rights-readiness.json + docs/audit/media-rights-readiness-2026-07-16.md"
"at-rio-gallegos-gallery-2","media/argentina-travel/rio-gallegos/1637871542272-_ed78412alta.jpg","argentina.travel","yes","yes","yes","not_performed_by_automated_audit","metadata_complete_review_required","Media rights owner","var/ops/media-rights-readiness.json + docs/audit/media-rights-readiness-2026-07-16.md"
"at-rio-gallegos-gallery-3","media/argentina-travel/rio-gallegos/1637871557606-_ed78895.jpg","argentina.travel","yes","yes","yes","not_performed_by_automated_audit","metadata_complete_review_required","Media rights owner","var/ops/media-rights-readiness.json + docs/audit/media-rights-readiness-2026-07-16.md"
"at-rio-gallegos-hero","media/argentina-travel/rio-gallegos/1637871522469-_ed77972alta.jpg","argentina.travel","yes","yes","yes","not_performed_by_automated_audit","metadata_complete_review_required","Media rights owner","var/ops/media-rights-readiness.json + docs/audit/media-rights-readiness-2026-07-16.md"
"place-trelew-hero","media/places/trelew/hero.jpg","wikimedia","yes","yes","yes","not_performed_by_automated_audit","metadata_complete_review_required","Media rights owner","var/ops/media-rights-readiness.json + docs/audit/media-rights-readiness-2026-07-16.md"
"place-esquel-hero","media/places/esquel/hero.jpg","wikimedia","yes","yes","yes","not_performed_by_automated_audit","metadata_complete_review_required","Media rights owner","var/ops/media-rights-readiness.json + docs/audit/media-rights-readiness-2026-07-16.md"
"place-aconcagua-hero","media/places/aconcagua/hero.jpg","wikimedia","yes","yes","yes","not_performed_by_automated_audit","metadata_complete_review_required","Media rights owner","var/ops/media-rights-readiness.json + docs/audit/media-rights-readiness-2026-07-16.md"
"at-aconcagua-provincial-park-gallery-1","media/argentina-travel/aconcagua-provincial-park/1625013052814-aconcagua___nacho_gaffuri.jpg","argentina.travel","yes","yes","yes","not_performed_by_automated_audit","metadata_complete_review_required","Media rights owner","var/ops/media-rights-readiness.json + docs/audit/media-rights-readiness-2026-07-16.md"
"at-aconcagua-provincial-park-gallery-2","media/argentina-travel/aconcagua-provincial-park/1625013058411-mendoza__aconcagua__ruta.jpg","argentina.travel","yes","yes","yes","not_performed_by_automated_audit","metadata_complete_review_required","Media rights owner","var/ops/media-rights-readiness.json + docs/audit/media-rights-readiness-2026-07-16.md"
"at-aconcagua-provincial-park-gallery-3","media/argentina-travel/aconcagua-provincial-park/1625013064628-mendoza___aconcagua__2_.jpg","argentina.travel","yes","yes","yes","not_performed_by_automated_audit","metadata_complete_review_required","Media rights owner","var/ops/media-rights-readiness.json + docs/audit/media-rights-readiness-2026-07-16.md"
"at-aconcagua-provincial-park-hero","media/argentina-travel/aconcagua-provincial-park/1625013038104-mendoza___aconcagua__1_.jpg","argentina.travel","yes","yes","yes","not_performed_by_automated_audit","metadata_complete_review_required","Media rights owner","var/ops/media-rights-readiness.json + docs/audit/media-rights-readiness-2026-07-16.md"
"place-ischigualasto-hero","media/places/ischigualasto/hero.jpg","wikimedia","yes","yes","yes","not_performed_by_automated_audit","metadata_complete_review_required","Media rights owner","var/ops/media-rights-readiness.json + docs/audit/media-rights-readiness-2026-07-16.md"
"place-los-alerces-national-park-hero","media/places/los-alerces-national-park/hero.jpg","wikimedia","yes","yes","yes","not_performed_by_automated_audit","metadata_complete_review_required","Media rights owner","var/ops/media-rights-readiness.json + docs/audit/media-rights-readiness-2026-07-16.md"
"place-quebrada-de-las-conchas-hero","media/places/quebrada-de-las-conchas/hero.jpg","wikimedia","yes","yes","yes","not_performed_by_automated_audit","metadata_complete_review_required","Media rights owner","var/ops/media-rights-readiness.json + docs/audit/media-rights-readiness-2026-07-16.md"
"place-puente-del-inca-hero","media/places/puente-del-inca/hero.jpg","wikimedia","yes","yes","yes","not_performed_by_automated_audit","metadata_complete_review_required","Media rights owner","var/ops/media-rights-readiness.json + docs/audit/media-rights-readiness-2026-07-16.md"
"at-puente-del-inca-gallery-1","media/argentina-travel/puente-del-inca/1626725796357-_dsc2131.jpg","argentina.travel","yes","yes","yes","not_performed_by_automated_audit","metadata_complete_review_required","Media rights owner","var/ops/media-rights-readiness.json + docs/audit/media-rights-readiness-2026-07-16.md"
"at-puente-del-inca-gallery-2","media/argentina-travel/puente-del-inca/1626725800956-_dsc1935.jpg","argentina.travel","yes","yes","yes","not_performed_by_automated_audit","metadata_complete_review_required","Media rights owner","var/ops/media-rights-readiness.json + docs/audit/media-rights-readiness-2026-07-16.md"
"at-puente-del-inca-gallery-3","media/argentina-travel/puente-del-inca/1626725805800-_dsc2257.jpg","argentina.travel","yes","yes","yes","not_performed_by_automated_audit","metadata_complete_review_required","Media rights owner","var/ops/media-rights-readiness.json + docs/audit/media-rights-readiness-2026-07-16.md"
"at-puente-del-inca-hero","media/argentina-travel/puente-del-inca/1626725786744-2242_43.jpg","argentina.travel","yes","yes","yes","not_performed_by_automated_audit","metadata_complete_review_required","Media rights owner","var/ops/media-rights-readiness.json + docs/audit/media-rights-readiness-2026-07-16.md"
"place-lujan-hero","media/places/lujan/hero.jpg","wikimedia","yes","yes","yes","not_performed_by_automated_audit","metadata_complete_review_required","Media rights owner","var/ops/media-rights-readiness.json + docs/audit/media-rights-readiness-2026-07-16.md"
"place-mar-de-las-pampas-hero","media/places/mar-de-las-pampas/hero.jpg","wikimedia","yes","yes","yes","not_performed_by_automated_audit","metadata_complete_review_required","Media rights owner","var/ops/media-rights-readiness.json + docs/audit/media-rights-readiness-2026-07-16.md"
"place-necochea-hero","media/places/necochea/hero.jpg","wikimedia","yes","yes","yes","not_performed_by_automated_audit","metadata_complete_review_required","Media rights owner","var/ops/media-rights-readiness.json + docs/audit/media-rights-readiness-2026-07-16.md"
"place-pinamar-hero","media/places/pinamar/hero.jpg","wikimedia","yes","yes","yes","not_performed_by_automated_audit","metadata_complete_review_required","Media rights owner","var/ops/media-rights-readiness.json + docs/audit/media-rights-readiness-2026-07-16.md"
"at-san-antonio-de-areco-hero","media/argentina-travel/san-antonio-de-areco/1623531962320-san_ant_de_areco_asado.jpg","argentina.travel","yes","yes","yes","not_performed_by_automated_audit","metadata_complete_review_required","Media rights owner","var/ops/media-rights-readiness.json + docs/audit/media-rights-readiness-2026-07-16.md"
"at-san-antonio-de-areco-gallery-1","media/argentina-travel/san-antonio-de-areco/1623531968263-san_antonio_de_areco___gastronom_a___asado_3.jpg","argentina.travel","yes","yes","yes","not_performed_by_automated_audit","metadata_complete_review_required","Media rights owner","var/ops/media-rights-readiness.json + docs/audit/media-rights-readiness-2026-07-16.md"
"at-san-antonio-de-areco-gallery-2","media/argentina-travel/san-antonio-de-areco/1623531973768-san_antonio_de_areco___parque_criollo_y_museo_gauchesco_ricardo_g_","argentina.travel","yes","yes","yes","not_performed_by_automated_audit","metadata_complete_review_required","Media rights owner","var/ops/media-rights-readiness.json + docs/audit/media-rights-readiness-2026-07-16.md"
"at-san-antonio-de-areco-gallery-3","media/argentina-travel/san-antonio-de-areco/1623531979059-san_antonio_de_areco_estancias.jpg","argentina.travel","yes","yes","yes","not_performed_by_automated_audit","metadata_complete_review_required","Media rights owner","var/ops/media-rights-readiness.json + docs/audit/media-rights-readiness-2026-07-16.md"
"place-sierra-de-la-ventana-hero","media/places/sierra-de-la-ventana/hero.jpg","wikimedia","yes","yes","yes","not_performed_by_automated_audit","metadata_complete_review_required","Media rights owner","var/ops/media-rights-readiness.json + docs/audit/media-rights-readiness-2026-07-16.md"
"place-tandil-hero","media/places/tandil/hero.jpg","wikimedia","yes","yes","yes","not_performed_by_automated_audit","metadata_complete_review_required","Media rights owner","var/ops/media-rights-readiness.json + docs/audit/media-rights-readiness-2026-07-16.md"
"place-villa-gesell-hero","media/places/villa-gesell/hero.jpg","wikimedia","yes","yes","yes","not_performed_by_automated_audit","metadata_complete_review_required","Media rights owner","var/ops/media-rights-readiness.json + docs/audit/media-rights-readiness-2026-07-16.md"
"place-barreal-hero","media/places/barreal/hero.jpg","wikimedia","yes","yes","yes","not_performed_by_automated_audit","metadata_complete_review_required","Media rights owner","var/ops/media-rights-readiness.json + docs/audit/media-rights-readiness-2026-07-16.md"
"place-la-rioja-hero","media/places/la-rioja/hero.jpg","wikimedia","yes","yes","yes","not_performed_by_automated_audit","metadata_complete_review_required","Media rights owner","var/ops/media-rights-readiness.json + docs/audit/media-rights-readiness-2026-07-16.md"
"place-las-lenas-hero","media/places/las-lenas/hero.jpg","wikimedia","yes","yes","yes","not_performed_by_automated_audit","metadata_complete_review_required","Media rights owner","var/ops/media-rights-readiness.json + docs/audit/media-rights-readiness-2026-07-16.md"
"place-merlo-hero","media/places/merlo/hero.jpg","wikimedia","yes","yes","yes","not_performed_by_automated_audit","metadata_complete_review_required","Media rights owner","var/ops/media-rights-readiness.json + docs/audit/media-rights-readiness-2026-07-16.md"
"place-san-luis-hero","media/places/san-luis/hero.jpg","wikimedia","yes","yes","yes","not_performed_by_automated_audit","metadata_complete_review_required","Media rights owner","var/ops/media-rights-readiness.json + docs/audit/media-rights-readiness-2026-07-16.md"
"at-san-rafael-hero","media/argentina-travel/san-rafael/1626727167570-2242_43.jpg","argentina.travel","yes","yes","yes","not_performed_by_automated_audit","metadata_complete_review_required","Media rights owner","var/ops/media-rights-readiness.json + docs/audit/media-rights-readiness-2026-07-16.md"
"at-san-rafael-gallery-1","media/argentina-travel/san-rafael/1626727201656-_dsc2257.jpg","argentina.travel","yes","yes","yes","not_performed_by_automated_audit","metadata_complete_review_required","Media rights owner","var/ops/media-rights-readiness.json + docs/audit/media-rights-readiness-2026-07-16.md"
"at-san-rafael-gallery-2","media/argentina-travel/san-rafael/1626727206627-_dsc1935.jpg","argentina.travel","yes","yes","yes","not_performed_by_automated_audit","metadata_complete_review_required","Media rights owner","var/ops/media-rights-readiness.json + docs/audit/media-rights-readiness-2026-07-16.md"
"at-san-rafael-gallery-3","media/argentina-travel/san-rafael/1626727210677-_dsc2131.jpg","argentina.travel","yes","yes","yes","not_performed_by_automated_audit","metadata_complete_review_required","Media rights owner","var/ops/media-rights-readiness.json + docs/audit/media-rights-readiness-2026-07-16.md"
"at-sierra-de-las-quijadas-hero","media/argentina-travel/sierra-de-las-quijadas/1628709303525-sanluis_sierradelasquijadas_4.jpg","argentina.travel","yes","yes","yes","not_performed_by_automated_audit","metadata_complete_review_required","Media rights owner","var/ops/media-rights-readiness.json + docs/audit/media-rights-readiness-2026-07-16.md"
"at-sierra-de-las-quijadas-gallery-1","media/argentina-travel/sierra-de-las-quijadas/1628709318904-sanluis_sierradelasquijadas_28.jpg","argentina.travel","yes","yes","yes","not_performed_by_automated_audit","metadata_complete_review_required","Media rights owner","var/ops/media-rights-readiness.json + docs/audit/media-rights-readiness-2026-07-16.md"
"at-sierra-de-las-quijadas-gallery-2","media/argentina-travel/sierra-de-las-quijadas/1628709324049-sanluis_sierradelasquijadas_3.jpg","argentina.travel","yes","yes","yes","not_performed_by_automated_audit","metadata_complete_review_required","Media rights owner","var/ops/media-rights-readiness.json + docs/audit/media-rights-readiness-2026-07-16.md"
"at-sierra-de-las-quijadas-gallery-3","media/argentina-travel/sierra-de-las-quijadas/1628709329612-sanluis_sierradelasquijadas_27.jpg","argentina.travel","yes","yes","yes","not_performed_by_automated_audit","metadata_complete_review_required","Media rights owner","var/ops/media-rights-readiness.json + docs/audit/media-rights-readiness-2026-07-16.md"
"place-villavicencio-hero","media/places/villavicencio/hero.jpg","wikimedia","yes","yes","yes","not_performed_by_automated_audit","metadata_complete_review_required","Media rights owner","var/ops/media-rights-readiness.json + docs/audit/media-rights-readiness-2026-07-16.md"
"place-banado-la-estrella-hero","media/places/banado-la-estrella/hero.jpg","wikimedia","yes","yes","yes","not_performed_by_automated_audit","metadata_complete_review_required","Media rights owner","var/ops/media-rights-readiness.json + docs/audit/media-rights-readiness-2026-07-16.md"
"place-colon-entre-rios-hero","media/places/colon-entre-rios/hero.jpg","wikimedia","yes","yes","yes","not_performed_by_automated_audit","metadata_complete_review_required","Media rights owner","var/ops/media-rights-readiness.json + docs/audit/media-rights-readiness-2026-07-16.md"
"at-federacion-hero","media/argentina-travel/federacion/1640033244460-6_federacion_parque_acuatico_horizontal__11__alta.jpg","argentina.travel","yes","yes","yes","not_performed_by_automated_audit","metadata_complete_review_required","Media rights owner","var/ops/media-rights-readiness.json + docs/audit/media-rights-readiness-2026-07-16.md"
"at-federacion-gallery-1","media/argentina-travel/federacion/1640033252413-6_federacion_lago_salto_grande_horizontales__7__alta.jpg","argentina.travel","yes","yes","yes","not_performed_by_automated_audit","metadata_complete_review_required","Media rights owner","var/ops/media-rights-readiness.json + docs/audit/media-rights-readiness-2026-07-16.md"
"at-federacion-gallery-2","media/argentina-travel/federacion/1640033262483-6_federacion_parque_acuatico_horizontal__7__alta.jpg","argentina.travel","yes","yes","yes","not_performed_by_automated_audit","metadata_complete_review_required","Media rights owner","var/ops/media-rights-readiness.json + docs/audit/media-rights-readiness-2026-07-16.md"
"at-federacion-gallery-3","media/argentina-travel/federacion/1640033270469-6_federacion_parque_acuatico_horizontal__14__alta.jpg","argentina.travel","yes","yes","yes","not_performed_by_automated_audit","metadata_complete_review_required","Media rights owner","var/ops/media-rights-readiness.json + docs/audit/media-rights-readiness-2026-07-16.md"
"place-formosa-hero","media/places/formosa/hero.jpg","wikimedia","yes","yes","yes","not_performed_by_automated_audit","metadata_complete_review_required","Media rights owner","var/ops/media-rights-readiness.json + docs/audit/media-rights-readiness-2026-07-16.md"
"at-gualeguaychu-hero","media/argentina-travel/gualeguaychu/1638475468881-7_gualeguaychu_playa__andubaysal_horizontal_2_alta.jpg","argentina.travel","yes","yes","yes","not_performed_by_automated_audit","metadata_complete_review_required","Media rights owner","var/ops/media-rights-readiness.json + docs/audit/media-rights-readiness-2026-07-16.md"
"at-gualeguaychu-gallery-1","media/argentina-travel/gualeguaychu/1638475474984-7_gualeguaychu_playa_y_costanera_horizontal__15__alta.jpg","argentina.travel","yes","yes","yes","not_performed_by_automated_audit","metadata_complete_review_required","Media rights owner","var/ops/media-rights-readiness.json + docs/audit/media-rights-readiness-2026-07-16.md"
"at-gualeguaychu-gallery-2","media/argentina-travel/gualeguaychu/1638475482550-7_gualeguaychu_playa__andubaysal_horizontal_8_alta.jpg","argentina.travel","yes","yes","yes","not_performed_by_automated_audit","metadata_complete_review_required","Media rights owner","var/ops/media-rights-readiness.json + docs/audit/media-rights-readiness-2026-07-16.md"
"at-gualeguaychu-gallery-3","media/argentina-travel/gualeguaychu/1638475490881-7_gualeguaychu_playa__andubaysal_horizontal_7_alta.jpg","argentina.travel","yes","yes","yes","not_performed_by_automated_audit","metadata_complete_review_required","Media rights owner","var/ops/media-rights-readiness.json + docs/audit/media-rights-readiness-2026-07-16.md"
"place-mercedes-corrientes-hero","media/places/mercedes-corrientes/hero.jpg","wikimedia","yes","yes","yes","not_performed_by_automated_audit","metadata_complete_review_required","Media rights owner","var/ops/media-rights-readiness.json + docs/audit/media-rights-readiness-2026-07-16.md"
"at-parana-hero","media/argentina-travel/parana/1640025681712-3_parana_rio_kite_horizontal__6__alta.jpg","argentina.travel","yes","yes","yes","not_performed_by_automated_audit","metadata_complete_review_required","Media rights owner","var/ops/media-rights-readiness.json + docs/audit/media-rights-readiness-2026-07-16.md"
"at-parana-gallery-1","media/argentina-travel/parana/1640025690215-3_parana_costanera_horizontal_alta.jpg","argentina.travel","yes","yes","yes","not_performed_by_automated_audit","metadata_complete_review_required","Media rights owner","var/ops/media-rights-readiness.json + docs/audit/media-rights-readiness-2026-07-16.md"
"at-parana-gallery-2","media/argentina-travel/parana/1640025701647-3_parana_hoteles_y_monumentos_horizontales__1__baja.jpg","argentina.travel","yes","yes","yes","not_performed_by_automated_audit","metadata_complete_review_required","Media rights owner","var/ops/media-rights-readiness.json + docs/audit/media-rights-readiness-2026-07-16.md"
"at-parana-gallery-3","media/argentina-travel/parana/1640025706797-3_parana_rio_sup___canotaje_horizontal__3__alta.jpg","argentina.travel","yes","yes","yes","not_performed_by_automated_audit","metadata_complete_review_required","Media rights owner","var/ops/media-rights-readiness.json + docs/audit/media-rights-readiness-2026-07-16.md"
"place-parque-nacional-chaco-hero","media/places/parque-nacional-chaco/hero.jpg","wikimedia","yes","yes","yes","not_performed_by_automated_audit","metadata_complete_review_required","Media rights owner","var/ops/media-rights-readiness.json + docs/audit/media-rights-readiness-2026-07-16.md"
"place-parque-nacional-el-palmar-hero","media/places/parque-nacional-el-palmar/hero.jpg","wikimedia","yes","yes","yes","not_performed_by_automated_audit","metadata_complete_review_required","Media rights owner","var/ops/media-rights-readiness.json + docs/audit/media-rights-readiness-2026-07-16.md"
"at-parque-nacional-rio-pilcomayo-hero","media/argentina-travel/parque-nacional-rio-pilcomayo/1625153864676-panoramica_parque_nacional_pilcomayo.jpg","argentina.travel","yes","yes","yes","not_performed_by_automated_audit","metadata_complete_review_required","Media rights owner","var/ops/media-rights-readiness.json + docs/audit/media-rights-readiness-2026-07-16.md"
"at-parque-nacional-rio-pilcomayo-gallery-1","media/argentina-travel/parque-nacional-rio-pilcomayo/1625153873984-parque_pilcomayo.jpg","argentina.travel","yes","yes","yes","not_performed_by_automated_audit","metadata_complete_review_required","Media rights owner","var/ops/media-rights-readiness.json + docs/audit/media-rights-readiness-2026-07-16.md"
"at-parque-nacional-rio-pilcomayo-gallery-2","media/argentina-travel/parque-nacional-rio-pilcomayo/1625153881192-parque_nacional_pilcomayo_9.jpg","argentina.travel","yes","yes","yes","not_performed_by_automated_audit","metadata_complete_review_required","Media rights owner","var/ops/media-rights-readiness.json + docs/audit/media-rights-readiness-2026-07-16.md"
"at-parque-nacional-rio-pilcomayo-gallery-3","media/argentina-travel/parque-nacional-rio-pilcomayo/1625153885940-panoramica_mirador_parque_nacional_pilcomayo.jpg","argentina.travel","yes","yes","yes","not_performed_by_automated_audit","metadata_complete_review_required","Media rights owner","var/ops/media-rights-readiness.json + docs/audit/media-rights-readiness-2026-07-16.md"
"place-saltos-del-mocona-hero","media/places/saltos-del-mocona/hero.jpg","wikimedia","yes","yes","yes","not_performed_by_automated_audit","metadata_complete_review_required","Media rights owner","var/ops/media-rights-readiness.json + docs/audit/media-rights-readiness-2026-07-16.md"
"place-san-ignacio-mini-hero","media/places/san-ignacio-mini/hero.jpg","wikimedia","yes","yes","yes","not_performed_by_automated_audit","metadata_complete_review_required","Media rights owner","var/ops/media-rights-readiness.json + docs/audit/media-rights-readiness-2026-07-16.md"
"place-catamarca-hero","media/places/catamarca/hero.jpg","wikimedia","yes","yes","yes","not_performed_by_automated_audit","metadata_complete_review_required","Media rights owner","var/ops/media-rights-readiness.json + docs/audit/media-rights-readiness-2026-07-16.md"
"at-iruya-hero","media/argentina-travel/iruya/1623700338889-62__fieles_dif__iruya__fel.jpg","argentina.travel","yes","yes","yes","not_performed_by_automated_audit","metadata_complete_review_required","Media rights owner","var/ops/media-rights-readiness.json + docs/audit/media-rights-readiness-2026-07-16.md"
"at-iruya-gallery-1","media/argentina-travel/iruya/1623700358223-iruya_2___carlos_maria_vergara.jpg","argentina.travel","yes","yes","yes","not_performed_by_automated_audit","metadata_complete_review_required","Media rights owner","var/ops/media-rights-readiness.json + docs/audit/media-rights-readiness-2026-07-16.md"
"at-iruya-gallery-2","media/argentina-travel/iruya/1623700364222-cmv_4961.jpg","argentina.travel","yes","yes","yes","not_performed_by_automated_audit","metadata_complete_review_required","Media rights owner","var/ops/media-rights-readiness.json + docs/audit/media-rights-readiness-2026-07-16.md"
"at-iruya-gallery-3","media/argentina-travel/iruya/1623700369600-iruya___carlos_maria_vergara.jpg","argentina.travel","yes","yes","yes","not_performed_by_automated_audit","metadata_complete_review_required","Media rights owner","var/ops/media-rights-readiness.json + docs/audit/media-rights-readiness-2026-07-16.md"
"place-kachi-hero","media/places/kachi/hero.jpg","wikimedia","yes","yes","yes","not_performed_by_automated_audit","metadata_complete_review_required","Media rights owner","var/ops/media-rights-readiness.json + docs/audit/media-rights-readiness-2026-07-16.md"
"place-los-cardones-hero","media/places/los-cardones/hero.jpg","wikimedia","yes","yes","yes","not_performed_by_automated_audit","metadata_complete_review_required","Media rights owner","var/ops/media-rights-readiness.json + docs/audit/media-rights-readiness-2026-07-16.md"
"place-ruinas-de-quilmes-hero","media/places/ruinas-de-quilmes/hero.jpg","wikimedia","yes","yes","yes","not_performed_by_automated_audit","metadata_complete_review_required","Media rights owner","var/ops/media-rights-readiness.json + docs/audit/media-rights-readiness-2026-07-16.md"
"place-santiago-del-estero-hero","media/places/santiago-del-estero/hero.jpg","wikimedia","yes","yes","yes","not_performed_by_automated_audit","metadata_complete_review_required","Media rights owner","var/ops/media-rights-readiness.json + docs/audit/media-rights-readiness-2026-07-16.md"
"place-tafi-del-valle-hero","media/places/tafi-del-valle/hero.jpg","wikimedia","yes","yes","yes","not_performed_by_automated_audit","metadata_complete_review_required","Media rights owner","var/ops/media-rights-readiness.json + docs/audit/media-rights-readiness-2026-07-16.md"
"at-termas-de-rio-hondo-hero","media/argentina-travel/termas-de-rio-hondo/1624892120533-termas_de_rio_hondo_13__ph_inprotur.jpg","argentina.travel","yes","yes","yes","not_performed_by_automated_audit","metadata_complete_review_required","Media rights owner","var/ops/media-rights-readiness.json + docs/audit/media-rights-readiness-2026-07-16.md"
"at-termas-de-rio-hondo-gallery-1","media/argentina-travel/termas-de-rio-hondo/1624892133407-termas_de_rio_hondo_05__ph_inprotur.jpg","argentina.travel","yes","yes","yes","not_performed_by_automated_audit","metadata_complete_review_required","Media rights owner","var/ops/media-rights-readiness.json + docs/audit/media-rights-readiness-2026-07-16.md"
"at-termas-de-rio-hondo-gallery-2","media/argentina-travel/termas-de-rio-hondo/1624892141300-campo_de_golf_termas_de_rio_hondo.jpg","argentina.travel","yes","yes","yes","not_performed_by_automated_audit","metadata_complete_review_required","Media rights owner","var/ops/media-rights-readiness.json + docs/audit/media-rights-readiness-2026-07-16.md"
"at-termas-de-rio-hondo-gallery-3","media/argentina-travel/termas-de-rio-hondo/1624892147638-embalse_termas_de_rio_hondo_02.jpg","argentina.travel","yes","yes","yes","not_performed_by_automated_audit","metadata_complete_review_required","Media rights owner","var/ops/media-rights-readiness.json + docs/audit/media-rights-readiness-2026-07-16.md"
"at-la-cumbrecita-hero","media/argentina-travel/la-cumbrecita/1649774082968-la_cumbrecita_4.jpg","argentina.travel","yes","yes","yes","not_performed_by_automated_audit","metadata_complete_review_required","Media rights owner","var/ops/media-rights-readiness.json + docs/audit/media-rights-readiness-2026-07-16.md"
"at-la-cumbrecita-gallery-1","media/argentina-travel/la-cumbrecita/1649774089483-la_cumbrecita_3.jpg","argentina.travel","yes","yes","yes","not_performed_by_automated_audit","metadata_complete_review_required","Media rights owner","var/ops/media-rights-readiness.json + docs/audit/media-rights-readiness-2026-07-16.md"
"at-la-cumbrecita-gallery-2","media/argentina-travel/la-cumbrecita/1649774095913-la_cumbrecita_2.jpg","argentina.travel","yes","yes","yes","not_performed_by_automated_audit","metadata_complete_review_required","Media rights owner","var/ops/media-rights-readiness.json + docs/audit/media-rights-readiness-2026-07-16.md"
"at-la-cumbrecita-gallery-3","media/argentina-travel/la-cumbrecita/1649774100589-la_cumbrecita_1.jpg","argentina.travel","yes","yes","yes","not_performed_by_automated_audit","metadata_complete_review_required","Media rights owner","var/ops/media-rights-readiness.json + docs/audit/media-rights-readiness-2026-07-16.md"
"place-lihue-calel-hero","media/places/lihue-calel/hero.jpg","wikimedia","yes","yes","yes","not_performed_by_automated_audit","metadata_complete_review_required","Media rights owner","var/ops/media-rights-readiness.json + docs/audit/media-rights-readiness-2026-07-16.md"
"place-santa-fe-hero","media/places/santa-fe/hero.jpg","wikimedia","yes","yes","yes","not_performed_by_automated_audit","metadata_complete_review_required","Media rights owner","var/ops/media-rights-readiness.json + docs/audit/media-rights-readiness-2026-07-16.md"
"at-santa-rosa-hero","media/argentina-travel/santa-rosa/1628170501661-lapampa_destino6_turismocultural_7.jpg","argentina.travel","yes","yes","yes","not_performed_by_automated_audit","metadata_complete_review_required","Media rights owner","var/ops/media-rights-readiness.json + docs/audit/media-rights-readiness-2026-07-16.md"
"at-santa-rosa-gallery-1","media/argentina-travel/santa-rosa/1628170506497-lapampa_destino6_turismocultural_2.jpg","argentina.travel","yes","yes","yes","not_performed_by_automated_audit","metadata_complete_review_required","Media rights owner","var/ops/media-rights-readiness.json + docs/audit/media-rights-readiness-2026-07-16.md"
"at-santa-rosa-gallery-2","media/argentina-travel/santa-rosa/1628170512839-lapampa_destino1_lacampi_a_20.jpg","argentina.travel","yes","yes","yes","not_performed_by_automated_audit","metadata_complete_review_required","Media rights owner","var/ops/media-rights-readiness.json + docs/audit/media-rights-readiness-2026-07-16.md"
"at-santa-rosa-gallery-3","media/argentina-travel/santa-rosa/1628170519170-la_pampa___laguna_don_tom_s.jpg","argentina.travel","yes","yes","yes","not_performed_by_automated_audit","metadata_complete_review_required","Media rights owner","var/ops/media-rights-readiness.json + docs/audit/media-rights-readiness-2026-07-16.md"
"place-bosque-petrificado-hero","media/places/bosque-petrificado/hero.jpg","wikimedia","yes","yes","yes","not_performed_by_automated_audit","metadata_complete_review_required","Media rights owner","var/ops/media-rights-readiness.json + docs/audit/media-rights-readiness-2026-07-16.md"
"at-el-bolson-hero","media/argentina-travel/el-bolson/1624482729862-rio_negro___cordillera___014___el_bolson___flora_gastronomia_lupul","argentina.travel","yes","yes","yes","not_performed_by_automated_audit","metadata_complete_review_required","Media rights owner","var/ops/media-rights-readiness.json + docs/audit/media-rights-readiness-2026-07-16.md"
"at-el-bolson-gallery-1","media/argentina-travel/el-bolson/1624482748734-rio_negro___cordillera___013___el_bolson___cosecha_de_lupulo.jpg","argentina.travel","yes","yes","yes","not_performed_by_automated_audit","metadata_complete_review_required","Media rights owner","var/ops/media-rights-readiness.json + docs/audit/media-rights-readiness-2026-07-16.md"
"at-el-bolson-gallery-2","media/argentina-travel/el-bolson/1624482760265-rio_negro___cordillera___047___el_bolson___cosecha_lupulo.jpg","argentina.travel","yes","yes","yes","not_performed_by_automated_audit","metadata_complete_review_required","Media rights owner","var/ops/media-rights-readiness.json + docs/audit/media-rights-readiness-2026-07-16.md"
"at-el-bolson-gallery-3","media/argentina-travel/el-bolson/1624483534196-19__rio_negro___el_rio_azul___el_bolson.jpg","argentina.travel","yes","yes","yes","not_performed_by_automated_audit","metadata_complete_review_required","Media rights owner","var/ops/media-rights-readiness.json + docs/audit/media-rights-readiness-2026-07-16.md"
"place-lanin-hero","media/places/lanin/hero.jpg","wikimedia","yes","yes","yes","not_performed_by_automated_audit","metadata_complete_review_required","Media rights owner","var/ops/media-rights-readiness.json + docs/audit/media-rights-readiness-2026-07-16.md"
"at-los-antiguos-hero","media/argentina-travel/los-antiguos/1636988701746-_mg_8163edit.jpg","argentina.travel","yes","yes","yes","not_performed_by_automated_audit","metadata_complete_review_required","Media rights owner","var/ops/media-rights-readiness.json + docs/audit/media-rights-readiness-2026-07-16.md"
"at-los-antiguos-gallery-1","media/argentina-travel/los-antiguos/1636988707262-_a653732edit.jpg","argentina.travel","yes","yes","yes","not_performed_by_automated_audit","metadata_complete_review_required","Media rights owner","var/ops/media-rights-readiness.json + docs/audit/media-rights-readiness-2026-07-16.md"
"at-los-antiguos-gallery-2","media/argentina-travel/los-antiguos/1636988719771-_mg_6863edit.jpg","argentina.travel","yes","yes","yes","not_performed_by_automated_audit","metadata_complete_review_required","Media rights owner","var/ops/media-rights-readiness.json + docs/audit/media-rights-readiness-2026-07-16.md"
"at-los-antiguos-gallery-3","media/argentina-travel/los-antiguos/1636988744636-_mg_6544edit.jpg","argentina.travel","yes","yes","yes","not_performed_by_automated_audit","metadata_complete_review_required","Media rights owner","var/ops/media-rights-readiness.json + docs/audit/media-rights-readiness-2026-07-16.md"
"at-puerto-deseado-hero","media/argentina-travel/puerto-deseado/1640032864396-_ed70596_editar.jpg","argentina.travel","yes","yes","yes","not_performed_by_automated_audit","metadata_complete_review_required","Media rights owner","var/ops/media-rights-readiness.json + docs/audit/media-rights-readiness-2026-07-16.md"
"at-puerto-deseado-gallery-1","media/argentina-travel/puerto-deseado/1640032885633-dsc_7838.jpg","argentina.travel","yes","yes","yes","not_performed_by_automated_audit","metadata_complete_review_required","Media rights owner","var/ops/media-rights-readiness.json + docs/audit/media-rights-readiness-2026-07-16.md"
"at-puerto-deseado-gallery-2","media/argentina-travel/puerto-deseado/1640032891545-_ed79883_editar.jpg","argentina.travel","yes","yes","yes","not_performed_by_automated_audit","metadata_complete_review_required","Media rights owner","var/ops/media-rights-readiness.json + docs/audit/media-rights-readiness-2026-07-16.md"
"at-puerto-deseado-gallery-3","media/argentina-travel/puerto-deseado/1640032899565-alta_72628.jpg","argentina.travel","yes","yes","yes","not_performed_by_automated_audit","metadata_complete_review_required","Media rights owner","var/ops/media-rights-readiness.json + docs/audit/media-rights-readiness-2026-07-16.md"
"place-punta-tombo-hero","media/places/punta-tombo/hero.jpg","wikimedia","yes","yes","yes","not_performed_by_automated_audit","metadata_complete_review_required","Media rights owner","var/ops/media-rights-readiness.json + docs/audit/media-rights-readiness-2026-07-16.md"
"at-parque-provincial-cordon-del-plata-hero","media/argentina-travel/parque-provincial-cordon-del-plata/1625014907231-parque_cord_n_del_plata1.jpg","argentina.travel","yes","yes","yes","not_performed_by_automated_audit","metadata_complete_review_required","Media rights owner","var/ops/media-rights-readiness.json + docs/audit/media-rights-readiness-2026-07-16.md"
"at-parque-provincial-cordon-del-plata-gallery-1","media/argentina-travel/parque-provincial-cordon-del-plata/1625014914679-parque_cord_n_del_plata2.jpg","argentina.travel","yes","yes","yes","not_performed_by_automated_audit","metadata_complete_review_required","Media rights owner","var/ops/media-rights-readiness.json + docs/audit/media-rights-readiness-2026-07-16.md"
"at-parque-provincial-cordon-del-plata-gallery-2","media/argentina-travel/parque-provincial-cordon-del-plata/1625014920711-parque_cord_n_del_plata3.jpg","argentina.travel","yes","yes","yes","not_performed_by_automated_audit","metadata_complete_review_required","Media rights owner","var/ops/media-rights-readiness.json + docs/audit/media-rights-readiness-2026-07-16.md"
"at-parque-provincial-cordon-del-plata-gallery-3","media/argentina-travel/parque-provincial-cordon-del-plata/1625014925408-parque_cord_n_del_plata4.jpg","argentina.travel","yes","yes","yes","not_performed_by_automated_audit","metadata_complete_review_required","Media rights owner","var/ops/media-rights-readiness.json + docs/audit/media-rights-readiness-2026-07-16.md"
"at-resistencia-hero","media/argentina-travel/resistencia/1624384539231-resistencia_museum_escultura.jpg","argentina.travel","yes","yes","yes","not_performed_by_automated_audit","metadata_complete_review_required","Media rights owner","var/ops/media-rights-readiness.json + docs/audit/media-rights-readiness-2026-07-16.md"
"at-resistencia-gallery-1","media/argentina-travel/resistencia/1624384548615-resistencia___pasaeo_de_las_esculturas___domo_del_centeario_2.jpg","argentina.travel","yes","yes","yes","not_performed_by_automated_audit","metadata_complete_review_required","Media rights owner","var/ops/media-rights-readiness.json + docs/audit/media-rights-readiness-2026-07-16.md"
"at-resistencia-gallery-2","media/argentina-travel/resistencia/1624384556008-resistencia_catedral.jpg","argentina.travel","yes","yes","yes","not_performed_by_automated_audit","metadata_complete_review_required","Media rights owner","var/ops/media-rights-readiness.json + docs/audit/media-rights-readiness-2026-07-16.md"
"at-resistencia-gallery-3","media/argentina-travel/resistencia/1624384562136-resistencia___ciudad_de_las_escultuas___chaco.jpg","argentina.travel","yes","yes","yes","not_performed_by_automated_audit","metadata_complete_review_required","Media rights owner","var/ops/media-rights-readiness.json + docs/audit/media-rights-readiness-2026-07-16.md"
"destination-ba-section","media/destinations/ba/section.jpg","wikimedia","yes","yes","yes","not_performed_by_automated_audit","metadata_complete_review_required","Media rights owner","var/ops/media-rights-readiness.json + docs/audit/media-rights-readiness-2026-07-16.md"
"dest-ba-cover","media/destinations/ba/cover.jpg","wikimedia","yes","yes","yes","not_performed_by_automated_audit","metadata_complete_review_required","Media rights owner","var/ops/media-rights-readiness.json + docs/audit/media-rights-readiness-2026-07-16.md"
"dest-ba-gallery-1","media/destinations/ba/gallery-1.jpg","wikimedia","yes","yes","yes","not_performed_by_automated_audit","metadata_complete_review_required","Media rights owner","var/ops/media-rights-readiness.json + docs/audit/media-rights-readiness-2026-07-16.md"
"dest-ba-gallery-2","media/destinations/ba/gallery-2.jpg","wikimedia","yes","yes","yes","not_performed_by_automated_audit","metadata_complete_review_required","Media rights owner","var/ops/media-rights-readiness.json + docs/audit/media-rights-readiness-2026-07-16.md"
"dest-ba-gallery-3","media/destinations/ba/gallery-3.jpg","wikimedia","yes","yes","yes","not_performed_by_automated_audit","metadata_complete_review_required","Media rights owner","var/ops/media-rights-readiness.json + docs/audit/media-rights-readiness-2026-07-16.md"
"destination-bariloche-section","media/destinations/bariloche/section.jpg","unsplash","yes","yes","yes","not_performed_by_automated_audit","metadata_complete_review_required","Media rights owner","var/ops/media-rights-readiness.json + docs/audit/media-rights-readiness-2026-07-16.md"
"dest-bariloche-cover","media/destinations/bariloche/cover.jpg","wikimedia","yes","yes","yes","not_performed_by_automated_audit","blocked_or_review_required","Media rights owner","var/ops/media-rights-readiness.json + docs/audit/media-rights-readiness-2026-07-16.md"
"dest-bariloche-gallery-1","media/destinations/bariloche/gallery-1.jpg","wikimedia","yes","yes","yes","not_performed_by_automated_audit","metadata_complete_review_required","Media rights owner","var/ops/media-rights-readiness.json + docs/audit/media-rights-readiness-2026-07-16.md"
"dest-bariloche-gallery-2","media/destinations/bariloche/gallery-2.jpg","wikimedia","yes","yes","yes","not_performed_by_automated_audit","metadata_complete_review_required","Media rights owner","var/ops/media-rights-readiness.json + docs/audit/media-rights-readiness-2026-07-16.md"
"dest-bariloche-gallery-3","media/destinations/bariloche/gallery-3.jpg","wikimedia","yes","yes","yes","not_performed_by_automated_audit","metadata_complete_review_required","Media rights owner","var/ops/media-rights-readiness.json + docs/audit/media-rights-readiness-2026-07-16.md"
"destination-calafate-section","media/destinations/calafate/section.jpg","unsplash","yes","yes","yes","not_performed_by_automated_audit","metadata_complete_review_required","Media rights owner","var/ops/media-rights-readiness.json + docs/audit/media-rights-readiness-2026-07-16.md"
"dest-calafate-cover","media/destinations/calafate/cover.jpg","wikimedia","yes","yes","yes","not_performed_by_automated_audit","metadata_complete_review_required","Media rights owner","var/ops/media-rights-readiness.json + docs/audit/media-rights-readiness-2026-07-16.md"
"dest-calafate-gallery-1","media/destinations/calafate/gallery-1.jpg","wikimedia","yes","yes","yes","not_performed_by_automated_audit","metadata_complete_review_required","Media rights owner","var/ops/media-rights-readiness.json + docs/audit/media-rights-readiness-2026-07-16.md"
"dest-calafate-gallery-2","media/destinations/calafate/gallery-2.jpg","wikimedia","yes","yes","yes","not_performed_by_automated_audit","metadata_complete_review_required","Media rights owner","var/ops/media-rights-readiness.json + docs/audit/media-rights-readiness-2026-07-16.md"
"dest-calafate-gallery-3","media/destinations/calafate/gallery-3.jpg","wikimedia","yes","yes","yes","not_performed_by_automated_audit","metadata_complete_review_required","Media rights owner","var/ops/media-rights-readiness.json + docs/audit/media-rights-readiness-2026-07-16.md"
"destination-ushuaia-section","media/destinations/ushuaia/section.jpg","unsplash","yes","yes","yes","not_performed_by_automated_audit","metadata_complete_review_required","Media rights owner","var/ops/media-rights-readiness.json + docs/audit/media-rights-readiness-2026-07-16.md"
"dest-ushuaia-cover","media/destinations/ushuaia/cover.jpg","wikimedia","yes","yes","yes","not_performed_by_automated_audit","metadata_complete_review_required","Media rights owner","var/ops/media-rights-readiness.json + docs/audit/media-rights-readiness-2026-07-16.md"
"dest-ushuaia-gallery-1","media/destinations/ushuaia/gallery-1.jpg","wikimedia","yes","yes","yes","not_performed_by_automated_audit","metadata_complete_review_required","Media rights owner","var/ops/media-rights-readiness.json + docs/audit/media-rights-readiness-2026-07-16.md"
"dest-ushuaia-gallery-2","media/destinations/ushuaia/gallery-2.jpg","wikimedia","yes","yes","yes","not_performed_by_automated_audit","metadata_complete_review_required","Media rights owner","var/ops/media-rights-readiness.json + docs/audit/media-rights-readiness-2026-07-16.md"
"dest-ushuaia-gallery-3","media/destinations/ushuaia/gallery-3.jpg","wikimedia","yes","yes","yes","not_performed_by_automated_audit","metadata_complete_review_required","Media rights owner","var/ops/media-rights-readiness.json + docs/audit/media-rights-readiness-2026-07-16.md"
"destination-iguazu-section","media/destinations/iguazu/section.jpg","unsplash","yes","yes","yes","not_performed_by_automated_audit","metadata_complete_review_required","Media rights owner","var/ops/media-rights-readiness.json + docs/audit/media-rights-readiness-2026-07-16.md"
"dest-iguazu-cover","media/destinations/iguazu/cover.jpg","wikimedia","yes","yes","yes","not_performed_by_automated_audit","metadata_complete_review_required","Media rights owner","var/ops/media-rights-readiness.json + docs/audit/media-rights-readiness-2026-07-16.md"
"dest-iguazu-gallery-1","media/destinations/iguazu/gallery-1.jpg","wikimedia","yes","yes","yes","not_performed_by_automated_audit","metadata_complete_review_required","Media rights owner","var/ops/media-rights-readiness.json + docs/audit/media-rights-readiness-2026-07-16.md"
"dest-iguazu-gallery-2","media/destinations/iguazu/gallery-2.jpg","wikimedia","yes","yes","yes","not_performed_by_automated_audit","metadata_complete_review_required","Media rights owner","var/ops/media-rights-readiness.json + docs/audit/media-rights-readiness-2026-07-16.md"
"dest-iguazu-gallery-3","media/destinations/iguazu/gallery-3.jpg","wikimedia","yes","yes","yes","not_performed_by_automated_audit","metadata_complete_review_required","Media rights owner","var/ops/media-rights-readiness.json + docs/audit/media-rights-readiness-2026-07-16.md"
"destination-mendoza-section","media/destinations/mendoza/section.jpg","wikimedia","yes","yes","yes","not_performed_by_automated_audit","metadata_complete_review_required","Media rights owner","var/ops/media-rights-readiness.json + docs/audit/media-rights-readiness-2026-07-16.md"
"dest-mendoza-cover","media/destinations/mendoza/cover.jpg","wikimedia","yes","yes","yes","not_performed_by_automated_audit","metadata_complete_review_required","Media rights owner","var/ops/media-rights-readiness.json + docs/audit/media-rights-readiness-2026-07-16.md"
"dest-mendoza-gallery-1","media/destinations/mendoza/gallery-1.jpg","wikimedia","yes","yes","yes","not_performed_by_automated_audit","metadata_complete_review_required","Media rights owner","var/ops/media-rights-readiness.json + docs/audit/media-rights-readiness-2026-07-16.md"
"dest-mendoza-gallery-3","media/destinations/mendoza/gallery-3.jpg","wikimedia","yes","yes","yes","not_performed_by_automated_audit","metadata_complete_review_required","Media rights owner","var/ops/media-rights-readiness.json + docs/audit/media-rights-readiness-2026-07-16.md"
"destination-salta-section","media/destinations/salta/section.jpg","pexels","yes","yes","yes","not_performed_by_automated_audit","metadata_complete_review_required","Media rights owner","var/ops/media-rights-readiness.json + docs/audit/media-rights-readiness-2026-07-16.md"
"dest-salta-cover","media/destinations/salta/cover.jpg","wikimedia","yes","yes","yes","not_performed_by_automated_audit","metadata_complete_review_required","Media rights owner","var/ops/media-rights-readiness.json + docs/audit/media-rights-readiness-2026-07-16.md"
"dest-salta-gallery-1","media/destinations/salta/gallery-1.jpg","wikimedia","yes","yes","yes","not_performed_by_automated_audit","metadata_complete_review_required","Media rights owner","var/ops/media-rights-readiness.json + docs/audit/media-rights-readiness-2026-07-16.md"
"dest-salta-gallery-2","media/destinations/salta/gallery-2.jpg","wikimedia","yes","yes","yes","not_performed_by_automated_audit","metadata_complete_review_required","Media rights owner","var/ops/media-rights-readiness.json + docs/audit/media-rights-readiness-2026-07-16.md"
"dest-salta-gallery-3","media/destinations/salta/gallery-3.jpg","wikimedia","yes","yes","yes","not_performed_by_automated_audit","metadata_complete_review_required","Media rights owner","var/ops/media-rights-readiness.json + docs/audit/media-rights-readiness-2026-07-16.md"
"destination-patagonia-section","media/destinations/patagonia/section.jpg","pexels","yes","yes","yes","not_performed_by_automated_audit","metadata_complete_review_required","Media rights owner","var/ops/media-rights-readiness.json + docs/audit/media-rights-readiness-2026-07-16.md"
"dest-patagonia-cover","media/destinations/patagonia/cover.jpg","wikimedia","yes","yes","yes","not_performed_by_automated_audit","metadata_complete_review_required","Media rights owner","var/ops/media-rights-readiness.json + docs/audit/media-rights-readiness-2026-07-16.md"
"dest-patagonia-gallery-1","media/destinations/patagonia/gallery-1.jpg","wikimedia","yes","yes","yes","not_performed_by_automated_audit","metadata_complete_review_required","Media rights owner","var/ops/media-rights-readiness.json + docs/audit/media-rights-readiness-2026-07-16.md"
"dest-patagonia-gallery-2","media/destinations/patagonia/gallery-2.jpg","wikimedia","yes","yes","yes","not_performed_by_automated_audit","metadata_complete_review_required","Media rights owner","var/ops/media-rights-readiness.json + docs/audit/media-rights-readiness-2026-07-16.md"
"dest-patagonia-gallery-3","media/destinations/patagonia/gallery-3.jpg","wikimedia","yes","yes","yes","not_performed_by_automated_audit","metadata_complete_review_required","Media rights owner","var/ops/media-rights-readiness.json + docs/audit/media-rights-readiness-2026-07-16.md"
"tour-patagonia-glaciers-hero","media/tours/patagonia-glaciers/hero.jpg","wikimedia","yes","yes","yes","not_performed_by_automated_audit","metadata_complete_review_required","Media rights owner","var/ops/media-rights-readiness.json + docs/audit/media-rights-readiness-2026-07-16.md"
"tour-patagonia-glaciers-gallery-1","media/tours/patagonia-glaciers/gallery-1.jpg","wikimedia","yes","yes","yes","not_performed_by_automated_audit","metadata_complete_review_required","Media rights owner","var/ops/media-rights-readiness.json + docs/audit/media-rights-readiness-2026-07-16.md"
"tour-patagonia-glaciers-gallery-2","media/tours/patagonia-glaciers/gallery-2.jpg","wikimedia","yes","yes","yes","not_performed_by_automated_audit","metadata_complete_review_required","Media rights owner","var/ops/media-rights-readiness.json + docs/audit/media-rights-readiness-2026-07-16.md"
"tour-patagonia-glaciers-gallery-3","media/tours/patagonia-glaciers/gallery-3.jpg","wikimedia","yes","yes","yes","not_performed_by_automated_audit","metadata_complete_review_required","Media rights owner","var/ops/media-rights-readiness.json + docs/audit/media-rights-readiness-2026-07-16.md"
"tour-patagonia-glaciers-gallery-4","media/tours/patagonia-glaciers/gallery-4.jpg","wikimedia","yes","yes","yes","not_performed_by_automated_audit","metadata_complete_review_required","Media rights owner","var/ops/media-rights-readiness.json + docs/audit/media-rights-readiness-2026-07-16.md"
"tour-buenos-aires-tango-hero","media/tours/buenos-aires-tango/hero.jpg","wikimedia","yes","yes","yes","not_performed_by_automated_audit","metadata_complete_review_required","Media rights owner","var/ops/media-rights-readiness.json + docs/audit/media-rights-readiness-2026-07-16.md"
"tour-buenos-aires-tango-gallery-1","media/tours/buenos-aires-tango/gallery-1.jpg","wikimedia","yes","yes","yes","not_performed_by_automated_audit","metadata_complete_review_required","Media rights owner","var/ops/media-rights-readiness.json + docs/audit/media-rights-readiness-2026-07-16.md"
"tour-buenos-aires-tango-gallery-2","media/tours/buenos-aires-tango/gallery-2.jpg","wikimedia","yes","yes","yes","not_performed_by_automated_audit","metadata_complete_review_required","Media rights owner","var/ops/media-rights-readiness.json + docs/audit/media-rights-readiness-2026-07-16.md"
"tour-buenos-aires-tango-gallery-3","media/tours/buenos-aires-tango/gallery-3.jpg","wikimedia","yes","yes","yes","not_performed_by_automated_audit","metadata_complete_review_required","Media rights owner","var/ops/media-rights-readiness.json + docs/audit/media-rights-readiness-2026-07-16.md"
"tour-buenos-aires-tango-gallery-4","media/tours/buenos-aires-tango/gallery-4.jpg","wikimedia","yes","yes","yes","not_performed_by_automated_audit","metadata_complete_review_required","Media rights owner","var/ops/media-rights-readiness.json + docs/audit/media-rights-readiness-2026-07-16.md"
"tour-mendoza-wine-hero","media/tours/mendoza-wine/hero.jpg","wikimedia","yes","yes","yes","not_performed_by_automated_audit","metadata_complete_review_required","Media rights owner","var/ops/media-rights-readiness.json + docs/audit/media-rights-readiness-2026-07-16.md"
"tour-mendoza-wine-gallery-1","media/tours/mendoza-wine/gallery-1.jpg","wikimedia","yes","yes","yes","not_performed_by_automated_audit","metadata_complete_review_required","Media rights owner","var/ops/media-rights-readiness.json + docs/audit/media-rights-readiness-2026-07-16.md"
"tour-mendoza-wine-gallery-2","media/tours/mendoza-wine/gallery-2.jpg","wikimedia","yes","yes","yes","not_performed_by_automated_audit","metadata_complete_review_required","Media rights owner","var/ops/media-rights-readiness.json + docs/audit/media-rights-readiness-2026-07-16.md"
"tour-mendoza-wine-gallery-3","media/tours/mendoza-wine/gallery-3.jpg","wikimedia","yes","yes","yes","not_performed_by_automated_audit","metadata_complete_review_required","Media rights owner","var/ops/media-rights-readiness.json + docs/audit/media-rights-readiness-2026-07-16.md"
"tour-mendoza-wine-gallery-4","media/tours/mendoza-wine/gallery-4.jpg","wikimedia","yes","yes","yes","not_performed_by_automated_audit","metadata_complete_review_required","Media rights owner","var/ops/media-rights-readiness.json + docs/audit/media-rights-readiness-2026-07-16.md"
"tour-iguazu-falls-hero","media/tours/iguazu-falls/hero.jpg","wikimedia","yes","yes","yes","not_performed_by_automated_audit","metadata_complete_review_required","Media rights owner","var/ops/media-rights-readiness.json + docs/audit/media-rights-readiness-2026-07-16.md"
"tour-iguazu-falls-gallery-1","media/tours/iguazu-falls/gallery-1.jpg","wikimedia","yes","yes","yes","not_performed_by_automated_audit","metadata_complete_review_required","Media rights owner","var/ops/media-rights-readiness.json + docs/audit/media-rights-readiness-2026-07-16.md"
"tour-iguazu-falls-gallery-2","media/tours/iguazu-falls/gallery-2.jpg","wikimedia","yes","yes","yes","not_performed_by_automated_audit","metadata_complete_review_required","Media rights owner","var/ops/media-rights-readiness.json + docs/audit/media-rights-readiness-2026-07-16.md"
"tour-iguazu-falls-gallery-3","media/tours/iguazu-falls/gallery-3.jpg","wikimedia","yes","yes","yes","not_performed_by_automated_audit","metadata_complete_review_required","Media rights owner","var/ops/media-rights-readiness.json + docs/audit/media-rights-readiness-2026-07-16.md"
"tour-iguazu-falls-gallery-4","media/tours/iguazu-falls/gallery-4.jpg","wikimedia","yes","yes","yes","not_performed_by_automated_audit","metadata_complete_review_required","Media rights owner","var/ops/media-rights-readiness.json + docs/audit/media-rights-readiness-2026-07-16.md"
"tour-salta-northwest-hero","media/tours/salta-northwest/hero.jpg","wikimedia","yes","yes","yes","not_performed_by_automated_audit","metadata_complete_review_required","Media rights owner","var/ops/media-rights-readiness.json + docs/audit/media-rights-readiness-2026-07-16.md"
"tour-salta-northwest-gallery-1","media/tours/salta-northwest/gallery-1.jpg","wikimedia","yes","yes","yes","not_performed_by_automated_audit","metadata_complete_review_required","Media rights owner","var/ops/media-rights-readiness.json + docs/audit/media-rights-readiness-2026-07-16.md"
"tour-salta-northwest-gallery-2","media/tours/salta-northwest/gallery-2.jpg","wikimedia","yes","yes","yes","not_performed_by_automated_audit","metadata_complete_review_required","Media rights owner","var/ops/media-rights-readiness.json + docs/audit/media-rights-readiness-2026-07-16.md"
"tour-salta-northwest-gallery-3","media/tours/salta-northwest/gallery-3.jpg","wikimedia","yes","yes","yes","not_performed_by_automated_audit","metadata_complete_review_required","Media rights owner","var/ops/media-rights-readiness.json + docs/audit/media-rights-readiness-2026-07-16.md"
"tour-salta-northwest-gallery-4","media/tours/salta-northwest/gallery-4.jpg","wikimedia","yes","yes","yes","not_performed_by_automated_audit","metadata_complete_review_required","Media rights owner","var/ops/media-rights-readiness.json + docs/audit/media-rights-readiness-2026-07-16.md"
"tour-ushuaia-end-of-world-hero","media/tours/ushuaia-end-of-world/hero.jpg","wikimedia","yes","yes","yes","not_performed_by_automated_audit","metadata_complete_review_required","Media rights owner","var/ops/media-rights-readiness.json + docs/audit/media-rights-readiness-2026-07-16.md"
"tour-ushuaia-end-of-world-gallery-1","media/tours/ushuaia-end-of-world/gallery-1.jpg","wikimedia","yes","yes","yes","not_performed_by_automated_audit","metadata_complete_review_required","Media rights owner","var/ops/media-rights-readiness.json + docs/audit/media-rights-readiness-2026-07-16.md"
"tour-ushuaia-end-of-world-gallery-2","media/tours/ushuaia-end-of-world/gallery-2.jpg","wikimedia","yes","yes","yes","not_performed_by_automated_audit","metadata_complete_review_required","Media rights owner","var/ops/media-rights-readiness.json + docs/audit/media-rights-readiness-2026-07-16.md"
"tour-ushuaia-end-of-world-gallery-3","media/tours/ushuaia-end-of-world/gallery-3.jpg","wikimedia","yes","yes","yes","not_performed_by_automated_audit","metadata_complete_review_required","Media rights owner","var/ops/media-rights-readiness.json + docs/audit/media-rights-readiness-2026-07-16.md"
"tour-ushuaia-end-of-world-gallery-4","media/tours/ushuaia-end-of-world/gallery-4.jpg","wikimedia","yes","yes","yes","not_performed_by_automated_audit","metadata_complete_review_required","Media rights owner","var/ops/media-rights-readiness.json + docs/audit/media-rights-readiness-2026-07-16.md"
"tour-bariloche-lakes-hero","media/tours/bariloche-lakes/hero.jpg","wikimedia","yes","yes","yes","not_performed_by_automated_audit","blocked_or_review_required","Media rights owner","var/ops/media-rights-readiness.json + docs/audit/media-rights-readiness-2026-07-16.md"
"tour-bariloche-lakes-gallery-1","media/tours/bariloche-lakes/gallery-1.jpg","wikimedia","yes","yes","yes","not_performed_by_automated_audit","metadata_complete_review_required","Media rights owner","var/ops/media-rights-readiness.json + docs/audit/media-rights-readiness-2026-07-16.md"
"tour-bariloche-lakes-gallery-2","media/tours/bariloche-lakes/gallery-2.jpg","wikimedia","yes","yes","yes","not_performed_by_automated_audit","metadata_complete_review_required","Media rights owner","var/ops/media-rights-readiness.json + docs/audit/media-rights-readiness-2026-07-16.md"
"tour-bariloche-lakes-gallery-3","media/tours/bariloche-lakes/gallery-3.jpg","wikimedia","yes","yes","yes","not_performed_by_automated_audit","metadata_complete_review_required","Media rights owner","var/ops/media-rights-readiness.json + docs/audit/media-rights-readiness-2026-07-16.md"
"tour-bariloche-lakes-gallery-4","media/tours/bariloche-lakes/gallery-4.jpg","wikimedia","yes","yes","yes","not_performed_by_automated_audit","metadata_complete_review_required","Media rights owner","var/ops/media-rights-readiness.json + docs/audit/media-rights-readiness-2026-07-16.md"
"tour-fitz-roy-trek-hero","media/tours/fitz-roy-trek/hero.jpg","wikimedia","yes","yes","yes","not_performed_by_automated_audit","metadata_complete_review_required","Media rights owner","var/ops/media-rights-readiness.json + docs/audit/media-rights-readiness-2026-07-16.md"
"tour-fitz-roy-trek-gallery-1","media/tours/fitz-roy-trek/gallery-1.jpg","wikimedia","yes","yes","yes","not_performed_by_automated_audit","metadata_complete_review_required","Media rights owner","var/ops/media-rights-readiness.json + docs/audit/media-rights-readiness-2026-07-16.md"
"tour-fitz-roy-trek-gallery-2","media/tours/fitz-roy-trek/gallery-2.jpg","wikimedia","yes","yes","yes","not_performed_by_automated_audit","metadata_complete_review_required","Media rights owner","var/ops/media-rights-readiness.json + docs/audit/media-rights-readiness-2026-07-16.md"
"tour-fitz-roy-trek-gallery-3","media/tours/fitz-roy-trek/gallery-3.jpg","wikimedia","yes","yes","yes","not_performed_by_automated_audit","metadata_complete_review_required","Media rights owner","var/ops/media-rights-readiness.json + docs/audit/media-rights-readiness-2026-07-16.md"
"tour-fitz-roy-trek-gallery-4","media/tours/fitz-roy-trek/gallery-4.jpg","wikimedia","yes","yes","yes","not_performed_by_automated_audit","metadata_complete_review_required","Media rights owner","var/ops/media-rights-readiness.json + docs/audit/media-rights-readiness-2026-07-16.md"
"blog-best-time-to-visit-argentina","media/blog/best-time-to-visit-argentina/hero.jpg","pexels","yes","yes","yes","not_performed_by_automated_audit","metadata_complete_review_required","Media rights owner","var/ops/media-rights-readiness.json + docs/audit/media-rights-readiness-2026-07-16.md"
"blog-argentinian-steak-guide","media/blog/argentinian-steak-guide/hero.jpg","pexels","yes","yes","yes","not_performed_by_automated_audit","metadata_complete_review_required","Media rights owner","var/ops/media-rights-readiness.json + docs/audit/media-rights-readiness-2026-07-16.md"
"blog-tango-beginners-guide","media/blog/tango-beginners-guide/hero.jpg","pexels","yes","yes","yes","not_performed_by_automated_audit","metadata_complete_review_required","Media rights owner","var/ops/media-rights-readiness.json + docs/audit/media-rights-readiness-2026-07-16.md"
"blog-patagonia-packing-list","media/blog/patagonia-packing-list/hero.jpg","pexels","yes","yes","yes","not_performed_by_automated_audit","metadata_complete_review_required","Media rights owner","var/ops/media-rights-readiness.json + docs/audit/media-rights-readiness-2026-07-16.md"
"blog-patagonia-whale-watching","media/blog/patagonia-whale-watching/hero.jpg","wikimedia","yes","yes","yes","not_performed_by_automated_audit","metadata_complete_review_required","Media rights owner","var/ops/media-rights-readiness.json + docs/audit/media-rights-readiness-2026-07-16.md"
"blog-patagonia-avtobusy","media/blog/patagonia-avtobusy/hero.jpg","pexels","yes","yes","yes","not_performed_by_automated_audit","metadata_complete_review_required","Media rights owner","var/ops/media-rights-readiness.json + docs/audit/media-rights-readiness-2026-07-16.md"
"blog-iguazu-garganta-del-diablo","media/blog/iguazu-garganta-del-diablo/hero.jpg","pexels","yes","yes","yes","not_performed_by_automated_audit","metadata_complete_review_required","Media rights owner","var/ops/media-rights-readiness.json + docs/audit/media-rights-readiness-2026-07-16.md"
"blog-blue-dollar-argentina-2026","media/blog/blue-dollar-argentina-2026/hero.jpg","pexels","yes","yes","yes","not_performed_by_automated_audit","metadata_complete_review_required","Media rights owner","var/ops/media-rights-readiness.json + docs/audit/media-rights-readiness-2026-07-16.md"
"blog-salta-i-severo-zapad-marshrut","media/blog/salta-i-severo-zapad-marshrut/hero.jpg","pexels","yes","yes","yes","not_performed_by_automated_audit","metadata_complete_review_required","Media rights owner","var/ops/media-rights-readiness.json + docs/audit/media-rights-readiness-2026-07-16.md"
"blog-uco-valley-vino-i-gory","media/blog/uco-valley-vino-i-gory/hero.jpg","pexels","yes","yes","yes","not_performed_by_automated_audit","metadata_complete_review_required","Media rights owner","var/ops/media-rights-readiness.json + docs/audit/media-rights-readiness-2026-07-16.md"
"blog-el-chalten-i-fitts-roy","media/blog/el-chalten-i-fitts-roy/hero.jpg","pexels","yes","yes","yes","not_performed_by_automated_audit","metadata_complete_review_required","Media rights owner","var/ops/media-rights-readiness.json + docs/audit/media-rights-readiness-2026-07-16.md"
"blog-patagoniya-marshrut-14-dney","media/blog/patagoniya-marshrut-14-dney/hero.jpg","pexels","yes","yes","yes","not_performed_by_automated_audit","metadata_complete_review_required","Media rights owner","var/ops/media-rights-readiness.json + docs/audit/media-rights-readiness-2026-07-16.md"
"blog-argentina-2-nedeli-marshrut","media/blog/argentina-2-nedeli-marshrut/hero.jpg","pexels","yes","yes","yes","not_performed_by_automated_audit","metadata_complete_review_required","Media rights owner","var/ops/media-rights-readiness.json + docs/audit/media-rights-readiness-2026-07-16.md"
"blog-itinerary-за-14-дней","media/blog/itinerary-za-14-dney/hero.jpg","pexels","yes","yes","yes","not_performed_by_automated_audit","metadata_complete_review_required","Media rights owner","var/ops/media-rights-readiness.json + docs/audit/media-rights-readiness-2026-07-16.md"
"blog-natsionalnyy-park-talampaya","media/blog/natsionalnyy-park-talampaya/hero.jpg","pexels","yes","yes","yes","not_performed_by_automated_audit","metadata_complete_review_required","Media rights owner","var/ops/media-rights-readiness.json + docs/audit/media-rights-readiness-2026-07-16.md"
"blog-rich-tierra-del-fuego-national-park-gallery-2","media/blog/rich/tierra-del-fuego-national-park/gallery-2.jpg","pexels","yes","yes","yes","not_performed_by_automated_audit","metadata_complete_review_required","Media rights owner","var/ops/media-rights-readiness.json + docs/audit/media-rights-readiness-2026-07-16.md"
"blog-rich-tierra-del-fuego-national-park-gallery-3","media/blog/rich/tierra-del-fuego-national-park/gallery-3.jpg","pexels","yes","yes","yes","not_performed_by_automated_audit","metadata_complete_review_required","Media rights owner","var/ops/media-rights-readiness.json + docs/audit/media-rights-readiness-2026-07-16.md"
"blog-rich-tierra-del-fuego-national-park-gallery-4","media/blog/rich/tierra-del-fuego-national-park/gallery-4.jpg","pexels","yes","yes","yes","not_performed_by_automated_audit","metadata_complete_review_required","Media rights owner","var/ops/media-rights-readiness.json + docs/audit/media-rights-readiness-2026-07-16.md"
"blog-rich-tierra-del-fuego-national-park-gallery-5","media/blog/rich/tierra-del-fuego-national-park/gallery-5.jpg","pexels","yes","yes","yes","not_performed_by_automated_audit","metadata_complete_review_required","Media rights owner","var/ops/media-rights-readiness.json + docs/audit/media-rights-readiness-2026-07-16.md"
"blog-banado-la-estrella","media/blog/banado-la-estrella/hero.jpg","pexels","yes","yes","yes","not_performed_by_automated_audit","metadata_complete_review_required","Media rights owner","var/ops/media-rights-readiness.json + docs/audit/media-rights-readiness-2026-07-16.md"
"blog-rich-nahuel-huapi-national-park-gallery-2","media/blog/rich/nahuel-huapi-national-park/gallery-2.jpg","pexels","yes","yes","yes","not_performed_by_automated_audit","metadata_complete_review_required","Media rights owner","var/ops/media-rights-readiness.json + docs/audit/media-rights-readiness-2026-07-16.md"
"blog-rich-nahuel-huapi-national-park-gallery-3","media/blog/rich/nahuel-huapi-national-park/gallery-3.jpg","pexels","yes","yes","yes","not_performed_by_automated_audit","metadata_complete_review_required","Media rights owner","var/ops/media-rights-readiness.json + docs/audit/media-rights-readiness-2026-07-16.md"
"blog-rich-nahuel-huapi-national-park-gallery-4","media/blog/rich/nahuel-huapi-national-park/gallery-4.jpg","pexels","yes","yes","yes","not_performed_by_automated_audit","metadata_complete_review_required","Media rights owner","var/ops/media-rights-readiness.json + docs/audit/media-rights-readiness-2026-07-16.md"
"blog-rich-nahuel-huapi-national-park-gallery-5","media/blog/rich/nahuel-huapi-national-park/gallery-5.jpg","pexels","yes","yes","yes","not_performed_by_automated_audit","metadata_complete_review_required","Media rights owner","var/ops/media-rights-readiness.json + docs/audit/media-rights-readiness-2026-07-16.md"
"blog-rich-los-glaciares-national-park-gallery-2","media/blog/rich/los-glaciares-national-park/gallery-2.jpg","pexels","yes","yes","yes","not_performed_by_automated_audit","metadata_complete_review_required","Media rights owner","var/ops/media-rights-readiness.json + docs/audit/media-rights-readiness-2026-07-16.md"
"blog-rich-los-glaciares-national-park-gallery-3","media/blog/rich/los-glaciares-national-park/gallery-3.jpg","pexels","yes","yes","yes","not_performed_by_automated_audit","metadata_complete_review_required","Media rights owner","var/ops/media-rights-readiness.json + docs/audit/media-rights-readiness-2026-07-16.md"
"blog-rich-los-glaciares-national-park-gallery-4","media/blog/rich/los-glaciares-national-park/gallery-4.jpg","pexels","yes","yes","yes","not_performed_by_automated_audit","metadata_complete_review_required","Media rights owner","var/ops/media-rights-readiness.json + docs/audit/media-rights-readiness-2026-07-16.md"
"blog-rich-los-glaciares-national-park-gallery-5","media/blog/rich/los-glaciares-national-park/gallery-5.jpg","pexels","yes","yes","yes","not_performed_by_automated_audit","metadata_complete_review_required","Media rights owner","var/ops/media-rights-readiness.json + docs/audit/media-rights-readiness-2026-07-16.md"
"blog-natsionalnyy-park-iguasu-hero","media/blog/natsionalnyy-park-iguasu/hero.jpg","pexels","yes","yes","yes","not_performed_by_automated_audit","metadata_complete_review_required","Media rights owner","var/ops/media-rights-readiness.json + docs/audit/media-rights-readiness-2026-07-16.md"
"blog-rich-iguazu-national-park-gallery-2","media/blog/rich/iguazu-national-park/gallery-2.jpg","pexels","yes","yes","yes","not_performed_by_automated_audit","metadata_complete_review_required","Media rights owner","var/ops/media-rights-readiness.json + docs/audit/media-rights-readiness-2026-07-16.md"
"blog-rich-iguazu-national-park-gallery-3","media/blog/rich/iguazu-national-park/gallery-3.jpg","pexels","yes","yes","yes","not_performed_by_automated_audit","metadata_complete_review_required","Media rights owner","var/ops/media-rights-readiness.json + docs/audit/media-rights-readiness-2026-07-16.md"
"blog-rich-iguazu-national-park-gallery-4","media/blog/rich/iguazu-national-park/gallery-4.jpg","pexels","yes","yes","yes","not_performed_by_automated_audit","metadata_complete_review_required","Media rights owner","var/ops/media-rights-readiness.json + docs/audit/media-rights-readiness-2026-07-16.md"
"blog-rich-iguazu-national-park-gallery-5","media/blog/rich/iguazu-national-park/gallery-5.jpg","pexels","yes","yes","yes","not_performed_by_automated_audit","metadata_complete_review_required","Media rights owner","var/ops/media-rights-readiness.json + docs/audit/media-rights-readiness-2026-07-16.md"
"blog-natsionalnyy-park-los-glasiares-hero","media/blog/natsionalnyy-park-los-glasiares/hero.jpg","pexels","yes","yes","yes","not_performed_by_automated_audit","metadata_complete_review_required","Media rights owner","var/ops/media-rights-readiness.json + docs/audit/media-rights-readiness-2026-07-16.md"
"blog-natsionalnyy-park-poluostrov-valdes","media/blog/rich/valdes-peninsula-national-park/gallery-2.jpg","pexels","yes","yes","yes","not_performed_by_automated_audit","metadata_complete_review_required","Media rights owner","var/ops/media-rights-readiness.json + docs/audit/media-rights-readiness-2026-07-16.md"
"blog-rich-valdes-peninsula-national-park-gallery-3","media/blog/rich/valdes-peninsula-national-park/gallery-3.jpg","pexels","yes","yes","yes","not_performed_by_automated_audit","metadata_complete_review_required","Media rights owner","var/ops/media-rights-readiness.json + docs/audit/media-rights-readiness-2026-07-16.md"
"blog-rich-valdes-peninsula-national-park-gallery-4","media/blog/rich/valdes-peninsula-national-park/gallery-4.jpg","pexels","yes","yes","yes","not_performed_by_automated_audit","metadata_complete_review_required","Media rights owner","var/ops/media-rights-readiness.json + docs/audit/media-rights-readiness-2026-07-16.md"
"blog-rich-valdes-peninsula-national-park-gallery-5","media/blog/rich/valdes-peninsula-national-park/gallery-5.jpg","pexels","yes","yes","yes","not_performed_by_automated_audit","metadata_complete_review_required","Media rights owner","var/ops/media-rights-readiness.json + docs/audit/media-rights-readiness-2026-07-16.md"
"blog-natsionalnye-parki-argentiny","media/blog/natsionalnye-parki-argentiny/hero.jpg","pexels","yes","yes","yes","not_performed_by_automated_audit","metadata_complete_review_required","Media rights owner","var/ops/media-rights-readiness.json + docs/audit/media-rights-readiness-2026-07-16.md"
"blog-rich-all-argentina-national-parks-gallery-2","media/blog/rich/all-argentina-national-parks/gallery-2.jpg","pexels","yes","yes","yes","not_performed_by_automated_audit","metadata_complete_review_required","Media rights owner","var/ops/media-rights-readiness.json + docs/audit/media-rights-readiness-2026-07-16.md"
"blog-rich-all-argentina-national-parks-gallery-3","media/blog/rich/all-argentina-national-parks/gallery-3.jpg","pexels","yes","yes","yes","not_performed_by_automated_audit","metadata_complete_review_required","Media rights owner","var/ops/media-rights-readiness.json + docs/audit/media-rights-readiness-2026-07-16.md"
"blog-rich-all-argentina-national-parks-gallery-4","media/blog/rich/all-argentina-national-parks/gallery-4.jpg","pexels","yes","yes","yes","not_performed_by_automated_audit","metadata_complete_review_required","Media rights owner","var/ops/media-rights-readiness.json + docs/audit/media-rights-readiness-2026-07-16.md"
"blog-rich-all-argentina-national-parks-gallery-5","media/blog/rich/all-argentina-national-parks/gallery-5.jpg","pexels","yes","yes","yes","not_performed_by_automated_audit","metadata_complete_review_required","Media rights owner","var/ops/media-rights-readiness.json + docs/audit/media-rights-readiness-2026-07-16.md"
"blog-rich-ibera-national-park-gallery-2","media/blog/rich/ibera-national-park/gallery-2.jpg","unsplash","yes","yes","yes","not_performed_by_automated_audit","metadata_complete_review_required","Media rights owner","var/ops/media-rights-readiness.json + docs/audit/media-rights-readiness-2026-07-16.md"
"blog-rich-ibera-national-park-gallery-3","media/blog/rich/ibera-national-park/gallery-3.jpg","unsplash","yes","yes","yes","not_performed_by_automated_audit","metadata_complete_review_required","Media rights owner","var/ops/media-rights-readiness.json + docs/audit/media-rights-readiness-2026-07-16.md"
"blog-rich-ibera-national-park-gallery-4","media/blog/rich/ibera-national-park/gallery-4.jpg","unsplash","yes","yes","yes","not_performed_by_automated_audit","metadata_complete_review_required","Media rights owner","var/ops/media-rights-readiness.json + docs/audit/media-rights-readiness-2026-07-16.md"
"blog-rich-ibera-national-park-gallery-5","media/blog/rich/ibera-national-park/gallery-5.jpg","pexels","yes","yes","yes","not_performed_by_automated_audit","metadata_complete_review_required","Media rights owner","var/ops/media-rights-readiness.json + docs/audit/media-rights-readiness-2026-07-16.md"
"blog-rich-lanin-national-park-gallery-2","media/blog/rich/lanin-national-park/gallery-2.jpg","unsplash","yes","yes","yes","not_performed_by_automated_audit","metadata_complete_review_required","Media rights owner","var/ops/media-rights-readiness.json + docs/audit/media-rights-readiness-2026-07-16.md"
"blog-rich-lanin-national-park-gallery-3","media/blog/rich/lanin-national-park/gallery-3.jpg","pexels","yes","yes","yes","not_performed_by_automated_audit","metadata_complete_review_required","Media rights owner","var/ops/media-rights-readiness.json + docs/audit/media-rights-readiness-2026-07-16.md"
"blog-rich-lanin-national-park-gallery-4","media/blog/rich/lanin-national-park/gallery-4.jpg","unsplash","yes","yes","yes","not_performed_by_automated_audit","metadata_complete_review_required","Media rights owner","var/ops/media-rights-readiness.json + docs/audit/media-rights-readiness-2026-07-16.md"
"blog-rich-lanin-national-park-gallery-5","media/blog/rich/lanin-national-park/gallery-5.jpg","pexels","yes","yes","yes","not_performed_by_automated_audit","metadata_complete_review_required","Media rights owner","var/ops/media-rights-readiness.json + docs/audit/media-rights-readiness-2026-07-16.md"
"blog-rich-los-alerces-national-park-gallery-2","media/blog/rich/los-alerces-national-park/gallery-2.jpg","unsplash","yes","yes","yes","not_performed_by_automated_audit","metadata_complete_review_required","Media rights owner","var/ops/media-rights-readiness.json + docs/audit/media-rights-readiness-2026-07-16.md"
"blog-rich-los-alerces-national-park-gallery-3","media/blog/rich/los-alerces-national-park/gallery-3.jpg","pexels","yes","yes","yes","not_performed_by_automated_audit","metadata_complete_review_required","Media rights owner","var/ops/media-rights-readiness.json + docs/audit/media-rights-readiness-2026-07-16.md"
"blog-rich-los-alerces-national-park-gallery-4","media/blog/rich/los-alerces-national-park/gallery-4.jpg","pexels","yes","yes","yes","not_performed_by_automated_audit","metadata_complete_review_required","Media rights owner","var/ops/media-rights-readiness.json + docs/audit/media-rights-readiness-2026-07-16.md"
"blog-rich-los-alerces-national-park-gallery-5","media/blog/rich/los-alerces-national-park/gallery-5.jpg","unsplash","yes","yes","yes","not_performed_by_automated_audit","metadata_complete_review_required","Media rights owner","var/ops/media-rights-readiness.json + docs/audit/media-rights-readiness-2026-07-16.md"
"blog-rich-los-cardones-national-park-gallery-2","media/blog/rich/los-cardones-national-park/gallery-2.jpg","unsplash","yes","yes","yes","not_performed_by_automated_audit","metadata_complete_review_required","Media rights owner","var/ops/media-rights-readiness.json + docs/audit/media-rights-readiness-2026-07-16.md"
"blog-rich-los-cardones-national-park-gallery-3","media/blog/rich/los-cardones-national-park/gallery-3.jpg","unsplash","yes","yes","yes","not_performed_by_automated_audit","metadata_complete_review_required","Media rights owner","var/ops/media-rights-readiness.json + docs/audit/media-rights-readiness-2026-07-16.md"
"blog-rich-los-cardones-national-park-gallery-4","media/blog/rich/los-cardones-national-park/gallery-4.jpg","unsplash","yes","yes","yes","not_performed_by_automated_audit","metadata_complete_review_required","Media rights owner","var/ops/media-rights-readiness.json + docs/audit/media-rights-readiness-2026-07-16.md"
"blog-rich-los-cardones-national-park-gallery-5","media/blog/rich/los-cardones-national-park/gallery-5.jpg","pexels","yes","yes","yes","not_performed_by_automated_audit","metadata_complete_review_required","Media rights owner","var/ops/media-rights-readiness.json + docs/audit/media-rights-readiness-2026-07-16.md"
"blog-rich-patagonia-national-park-gallery-2","media/blog/rich/patagonia-national-park/gallery-2.jpg","pexels","yes","yes","yes","not_performed_by_automated_audit","metadata_complete_review_required","Media rights owner","var/ops/media-rights-readiness.json + docs/audit/media-rights-readiness-2026-07-16.md"
"blog-rich-patagonia-national-park-gallery-3","media/blog/rich/patagonia-national-park/gallery-3.jpg","pexels","yes","yes","yes","not_performed_by_automated_audit","metadata_complete_review_required","Media rights owner","var/ops/media-rights-readiness.json + docs/audit/media-rights-readiness-2026-07-16.md"
"blog-rich-patagonia-national-park-gallery-4","media/blog/rich/patagonia-national-park/gallery-4.jpg","pexels","yes","yes","yes","not_performed_by_automated_audit","metadata_complete_review_required","Media rights owner","var/ops/media-rights-readiness.json + docs/audit/media-rights-readiness-2026-07-16.md"
"blog-rich-patagonia-national-park-gallery-5","media/blog/rich/patagonia-national-park/gallery-5.jpg","pexels","yes","yes","yes","not_performed_by_automated_audit","metadata_complete_review_required","Media rights owner","var/ops/media-rights-readiness.json + docs/audit/media-rights-readiness-2026-07-16.md"
"blog-rich-talampaya-national-park-gallery-2","media/blog/rich/talampaya-national-park/gallery-2.jpg","pexels","yes","yes","yes","not_performed_by_automated_audit","metadata_complete_review_required","Media rights owner","var/ops/media-rights-readiness.json + docs/audit/media-rights-readiness-2026-07-16.md"
"blog-rich-talampaya-national-park-gallery-3","media/blog/rich/talampaya-national-park/gallery-3.jpg","pexels","yes","yes","yes","not_performed_by_automated_audit","metadata_complete_review_required","Media rights owner","var/ops/media-rights-readiness.json + docs/audit/media-rights-readiness-2026-07-16.md"
"blog-rich-talampaya-national-park-gallery-4","media/blog/rich/talampaya-national-park/gallery-4.jpg","pexels","yes","yes","yes","not_performed_by_automated_audit","metadata_complete_review_required","Media rights owner","var/ops/media-rights-readiness.json + docs/audit/media-rights-readiness-2026-07-16.md"
"blog-rich-talampaya-national-park-gallery-5","media/blog/rich/talampaya-national-park/gallery-5.jpg","pexels","yes","yes","yes","not_performed_by_automated_audit","metadata_complete_review_required","Media rights owner","var/ops/media-rights-readiness.json + docs/audit/media-rights-readiness-2026-07-16.md"
"blog-rich-banado-la-estrella-gallery-2","media/blog/rich/banado-la-estrella/gallery-2.jpg","pexels","yes","yes","yes","not_performed_by_automated_audit","metadata_complete_review_required","Media rights owner","var/ops/media-rights-readiness.json + docs/audit/media-rights-readiness-2026-07-16.md"
"blog-rich-banado-la-estrella-gallery-3","media/blog/rich/banado-la-estrella/gallery-3.jpg","pexels","yes","yes","yes","not_performed_by_automated_audit","metadata_complete_review_required","Media rights owner","var/ops/media-rights-readiness.json + docs/audit/media-rights-readiness-2026-07-16.md"
"blog-rich-banado-la-estrella-gallery-4","media/blog/rich/banado-la-estrella/gallery-4.jpg","pexels","yes","yes","yes","not_performed_by_automated_audit","metadata_complete_review_required","Media rights owner","var/ops/media-rights-readiness.json + docs/audit/media-rights-readiness-2026-07-16.md"
"blog-rich-banado-la-estrella-gallery-5","media/blog/rich/banado-la-estrella/gallery-5.jpg","pexels","yes","yes","yes","not_performed_by_automated_audit","metadata_complete_review_required","Media rights owner","var/ops/media-rights-readiness.json + docs/audit/media-rights-readiness-2026-07-16.md"
"blog-northwest-za-5-dney-hero","media/blog/northwest-za-5-dney/hero.jpg","pexels","yes","yes","yes","not_performed_by_automated_audit","metadata_complete_review_required","Media rights owner","var/ops/media-rights-readiness.json + docs/audit/media-rights-readiness-2026-07-16.md"
"service-car-rental-hero","media/services/car-rental/hero.jpg","pexels","yes","yes","yes","not_performed_by_automated_audit","metadata_complete_review_required","Media rights owner","var/ops/media-rights-readiness.json + docs/audit/media-rights-readiness-2026-07-16.md"
"blog-patagonia-aviabilety","media/blog/patagonia-aviabilety/hero.jpg","pexels","yes","yes","yes","not_performed_by_automated_audit","metadata_complete_review_required","Media rights owner","var/ops/media-rights-readiness.json + docs/audit/media-rights-readiness-2026-07-16.md"
"blog-byudzhet-poezdki-argentina","media/blog/byudzhet-poezdki-argentina/hero.jpg","pexels","yes","yes","yes","not_performed_by_automated_audit","metadata_complete_review_required","Media rights owner","var/ops/media-rights-readiness.json + docs/audit/media-rights-readiness-2026-07-16.md"
"blog-stoimost-zhizni-buenos-aires","media/blog/stoimost-zhizni-buenos-aires/hero.jpg","pexels","yes","yes","yes","not_performed_by_automated_audit","metadata_complete_review_required","Media rights owner","var/ops/media-rights-readiness.json + docs/audit/media-rights-readiness-2026-07-16.md"
"blog-buenos-aires-rajony","media/blog/buenos-aires-rajony/hero.jpg","pexels","yes","yes","yes","not_performed_by_automated_audit","metadata_complete_review_required","Media rights owner","var/ops/media-rights-readiness.json + docs/audit/media-rights-readiness-2026-07-16.md"
"blog-mendoza-vinnyj-gid","media/blog/mendoza-vinnyj-gid/hero.jpg","pexels","yes","yes","yes","not_performed_by_automated_audit","metadata_complete_review_required","Media rights owner","var/ops/media-rights-readiness.json + docs/audit/media-rights-readiness-2026-07-16.md"
"blog-vnzh-argentina-rezidenciya","media/blog/vnzh-argentina-rezidenciya/hero.jpg","pexels","yes","yes","yes","not_performed_by_automated_audit","metadata_complete_review_required","Media rights owner","var/ops/media-rights-readiness.json + docs/audit/media-rights-readiness-2026-07-16.md"
"blog-bankovskij-schet-argentina","media/blog/bankovskij-schet-argentina/hero.jpg","pexels","yes","yes","yes","not_performed_by_automated_audit","metadata_complete_review_required","Media rights owner","var/ops/media-rights-readiness.json + docs/audit/media-rights-readiness-2026-07-16.md"
"blog-argentina-tourist-visa-2026","media/blog/argentina-tourist-visa-2026/hero.jpg","pexels","yes","yes","yes","not_performed_by_automated_audit","metadata_complete_review_required","Media rights owner","var/ops/media-rights-readiness.json + docs/audit/media-rights-readiness-2026-07-16.md"
"service-card-visa-support","media/services/cards/visa-support.jpg","pexels","yes","yes","yes","not_performed_by_automated_audit","metadata_complete_review_required","Media rights owner","var/ops/media-rights-readiness.json + docs/audit/media-rights-readiness-2026-07-16.md"
"blog-patagonia-аренда-авто-section-2","media/blog/patagonia-arenda-avto/hero.jpg","pexels","yes","yes","yes","not_performed_by_automated_audit","metadata_complete_review_required","Media rights owner","var/ops/media-rights-readiness.json + docs/audit/media-rights-readiness-2026-07-16.md"
"blog-money-karty-section-1","media/blog/money-karty/section-1.jpg","unsplash","yes","yes","yes","not_performed_by_automated_audit","metadata_complete_review_required","Media rights owner","var/ops/media-rights-readiness.json + docs/audit/media-rights-readiness-2026-07-16.md"
"blog-money-karty","media/blog/money-karty/hero.jpg","pexels","yes","yes","yes","not_performed_by_automated_audit","metadata_complete_review_required","Media rights owner","var/ops/media-rights-readiness.json + docs/audit/media-rights-readiness-2026-07-16.md"
"at-parque-nacional-bosques-petrificados-hero","media/argentina-travel/parque-nacional-bosques-petrificados/1624476579387-bosque_petrificado_canon__110_.jpg","argentina.travel","yes","yes","yes","not_performed_by_automated_audit","metadata_complete_review_required","Media rights owner","var/ops/media-rights-readiness.json + docs/audit/media-rights-readiness-2026-07-16.md"
"at-parque-nacional-bosques-petrificados-gallery-1","media/argentina-travel/parque-nacional-bosques-petrificados/1624476589618-b__petrificado_santa_cruz__foto_fernando_orengo__1_.jpg","argentina.travel","yes","yes","yes","not_performed_by_automated_audit","metadata_complete_review_required","Media rights owner","var/ops/media-rights-readiness.json + docs/audit/media-rights-readiness-2026-07-16.md"
"at-parque-nacional-bosques-petrificados-gallery-2","media/argentina-travel/parque-nacional-bosques-petrificados/1624476595812-bosque_pet_santa_cruz_foto_f_orengo.jpg","argentina.travel","yes","yes","yes","not_performed_by_automated_audit","metadata_complete_review_required","Media rights owner","var/ops/media-rights-readiness.json + docs/audit/media-rights-readiness-2026-07-16.md"
"at-parque-nacional-bosques-petrificados-gallery-3","media/argentina-travel/parque-nacional-bosques-petrificados/1624476601387-bosque_petrificado_canon__138_.jpg","argentina.travel","yes","yes","yes","not_performed_by_automated_audit","metadata_complete_review_required","Media rights owner","var/ops/media-rights-readiness.json + docs/audit/media-rights-readiness-2026-07-16.md"
"at-parque-nacional-el-leoncito-hero","media/argentina-travel/parque-nacional-el-leoncito/1627490254427-san_juan___pn_el_leoncito__2_.jpg","argentina.travel","yes","yes","yes","not_performed_by_automated_audit","metadata_complete_review_required","Media rights owner","var/ops/media-rights-readiness.json + docs/audit/media-rights-readiness-2026-07-16.md"
"at-parque-nacional-el-leoncito-gallery-1","media/argentina-travel/parque-nacional-el-leoncito/1627490268171-sjbarrealdsc05847.jpg","argentina.travel","yes","yes","yes","not_performed_by_automated_audit","metadata_complete_review_required","Media rights owner","var/ops/media-rights-readiness.json + docs/audit/media-rights-readiness-2026-07-16.md"
"at-parque-nacional-el-leoncito-gallery-2","media/argentina-travel/parque-nacional-el-leoncito/1627490277818-san_juan___pn_el_leoncito__3_.jpg","argentina.travel","yes","yes","yes","not_performed_by_automated_audit","metadata_complete_review_required","Media rights owner","var/ops/media-rights-readiness.json + docs/audit/media-rights-readiness-2026-07-16.md"
"at-parque-nacional-el-leoncito-gallery-3","media/argentina-travel/parque-nacional-el-leoncito/1627490284189-carro_a_vela___pampa_el_leoncito_01.jpg","argentina.travel","yes","yes","yes","not_performed_by_automated_audit","metadata_complete_review_required","Media rights owner","var/ops/media-rights-readiness.json + docs/audit/media-rights-readiness-2026-07-16.md"
"at-parque-nacional-islas-de-santa-fe-hero","media/argentina-travel/parque-nacional-islas-de-santa-fe/1624388804931-caminatas_y_corrida__1_.jpg","argentina.travel","yes","yes","yes","not_performed_by_automated_audit","blocked_or_review_required","Media rights owner","var/ops/media-rights-readiness.json + docs/audit/media-rights-readiness-2026-07-16.md"
"at-parque-nacional-islas-de-santa-fe-gallery-1","media/argentina-travel/parque-nacional-islas-de-santa-fe/1624388824268-paisaje_isla__2_.jpg","argentina.travel","yes","yes","yes","not_performed_by_automated_audit","metadata_complete_review_required","Media rights owner","var/ops/media-rights-readiness.json + docs/audit/media-rights-readiness-2026-07-16.md"
"at-parque-nacional-islas-de-santa-fe-gallery-2","media/argentina-travel/parque-nacional-islas-de-santa-fe/1624388836136-otros_jaaukanig_s__1_.jpg","argentina.travel","yes","yes","yes","not_performed_by_automated_audit","metadata_complete_review_required","Media rights owner","var/ops/media-rights-readiness.json + docs/audit/media-rights-readiness-2026-07-16.md"
"at-parque-nacional-islas-de-santa-fe-gallery-3","media/argentina-travel/parque-nacional-islas-de-santa-fe/1624388840988-santa_fe_villa_ocampo_kayak_entre_yacares.jpg","argentina.travel","yes","yes","yes","not_performed_by_automated_audit","metadata_complete_review_required","Media rights owner","var/ops/media-rights-readiness.json + docs/audit/media-rights-readiness-2026-07-16.md"
"at-parque-nacional-laguna-blanca-hero","media/argentina-travel/parque-nacional-laguna-blanca/1623891050666-laguna_blanca_avstaje_aves_002.jpg","argentina.travel","yes","yes","yes","not_performed_by_automated_audit","metadata_complete_review_required","Media rights owner","var/ops/media-rights-readiness.json + docs/audit/media-rights-readiness-2026-07-16.md"
"at-parque-nacional-laguna-blanca-gallery-1","media/argentina-travel/parque-nacional-laguna-blanca/1623891059455-003.jpg","argentina.travel","yes","yes","yes","not_performed_by_automated_audit","metadata_complete_review_required","Media rights owner","var/ops/media-rights-readiness.json + docs/audit/media-rights-readiness-2026-07-16.md"
"at-parque-nacional-laguna-blanca-gallery-2","media/argentina-travel/parque-nacional-laguna-blanca/1623891065406-laguna_blanca_avstaje_aves_020.jpg","argentina.travel","yes","yes","yes","not_performed_by_automated_audit","metadata_complete_review_required","Media rights owner","var/ops/media-rights-readiness.json + docs/audit/media-rights-readiness-2026-07-16.md"
"at-parque-nacional-laguna-blanca-gallery-3","media/argentina-travel/parque-nacional-laguna-blanca/1623891072102-laguna_blanca_avstaje_aves_017.jpg","argentina.travel","yes","yes","yes","not_performed_by_automated_audit","metadata_complete_review_required","Media rights owner","var/ops/media-rights-readiness.json + docs/audit/media-rights-readiness-2026-07-16.md"
"at-parque-nacional-los-alerces-patrimonio-de-la-humanidad-hero","media/argentina-travel/parque-nacional-los-alerces-patrimonio-de-la-humanidad/1623885285397-familia_rio_arrayanes_parque_nacional_los_alerces_2__1_.jpg","argentina.travel","yes","yes","yes","not_performed_by_automated_audit","metadata_complete_review_required","Media rights owner","var/ops/media-rights-readiness.json + docs/audit/media-rights-readiness-2026-07-16.md"
"at-parque-nacional-los-alerces-patrimonio-de-la-humanidad-gallery-1","media/argentina-travel/parque-nacional-los-alerces-patrimonio-de-la-humanidad/1623885291488-lago_rivadavia__pnla__3_.jpg","argentina.travel","yes","yes","yes","not_performed_by_automated_audit","metadata_complete_review_required","Media rights owner","var/ops/media-rights-readiness.json + docs/audit/media-rights-readiness-2026-07-16.md"
"at-parque-nacional-los-alerces-patrimonio-de-la-humanidad-gallery-2","media/argentina-travel/parque-nacional-los-alerces-patrimonio-de-la-humanidad/1623885296871-lago_rivadavia.jpg","argentina.travel","yes","yes","yes","not_performed_by_automated_audit","metadata_complete_review_required","Media rights owner","var/ops/media-rights-readiness.json + docs/audit/media-rights-readiness-2026-07-16.md"
"at-parque-nacional-los-alerces-patrimonio-de-la-humanidad-gallery-3","media/argentina-travel/parque-nacional-los-alerces-patrimonio-de-la-humanidad/1623885303139-rio_menendez__pn_los_alerces.jpg","argentina.travel","yes","yes","yes","not_performed_by_automated_audit","metadata_complete_review_required","Media rights owner","var/ops/media-rights-readiness.json + docs/audit/media-rights-readiness-2026-07-16.md"
"at-parque-nacional-monte-leon-hero","media/argentina-travel/parque-nacional-monte-leon/1624476941469-patagonia_santa_cruz___pn_monte_leon____autor___p_godoy__7_.jpg","argentina.travel","yes","yes","yes","not_performed_by_automated_audit","metadata_complete_review_required","Media rights owner","var/ops/media-rights-readiness.json + docs/audit/media-rights-readiness-2026-07-16.md"
"at-parque-nacional-monte-leon-gallery-1","media/argentina-travel/parque-nacional-monte-leon/1624476946214-monte_leon___antonio_vizcaino__6_.jpg","argentina.travel","yes","yes","yes","not_performed_by_automated_audit","metadata_complete_review_required","Media rights owner","var/ops/media-rights-readiness.json + docs/audit/media-rights-readiness-2026-07-16.md"
"at-parque-nacional-monte-leon-gallery-2","media/argentina-travel/parque-nacional-monte-leon/1624476952744-patagonia_santa_cruz___pn_monte_leon____autor___j_marquioni__6_.jp","argentina.travel","yes","yes","yes","not_performed_by_automated_audit","metadata_complete_review_required","Media rights owner","var/ops/media-rights-readiness.json + docs/audit/media-rights-readiness-2026-07-16.md"
"at-parque-nacional-monte-leon-gallery-3","media/argentina-travel/parque-nacional-monte-leon/1624476958746-patagonia_santa_cruz___pn_monte_leon____autor___p_godoy__9_.jpg","argentina.travel","yes","yes","yes","not_performed_by_automated_audit","metadata_complete_review_required","Media rights owner","var/ops/media-rights-readiness.json + docs/audit/media-rights-readiness-2026-07-16.md"
"at-parque-nacional-san-guillermo-hero","media/argentina-travel/parque-nacional-san-guillermo/1623885866823-san_guillermo_3.jpg","argentina.travel","yes","yes","yes","not_performed_by_automated_audit","blocked_or_review_required","Media rights owner","var/ops/media-rights-readiness.json + docs/audit/media-rights-readiness-2026-07-16.md"
"at-parque-nacional-san-guillermo-gallery-1","media/argentina-travel/parque-nacional-san-guillermo/1623885874527-guanacos__reserva_de_san_guillermo__iglesia.jpg","argentina.travel","yes","yes","yes","not_performed_by_automated_audit","metadata_complete_review_required","Media rights owner","var/ops/media-rights-readiness.json + docs/audit/media-rights-readiness-2026-07-16.md"
"at-parque-nacional-san-guillermo-gallery-2","media/argentina-travel/parque-nacional-san-guillermo/1623885882067-san_guillermo_2.jpg","argentina.travel","yes","yes","yes","not_performed_by_automated_audit","metadata_complete_review_required","Media rights owner","var/ops/media-rights-readiness.json + docs/audit/media-rights-readiness-2026-07-16.md"
"at-parque-nacional-san-guillermo-gallery-3","media/argentina-travel/parque-nacional-san-guillermo/1623885888591-san_guillermo.jpg","argentina.travel","yes","yes","yes","not_performed_by_automated_audit","metadata_complete_review_required","Media rights owner","var/ops/media-rights-readiness.json + docs/audit/media-rights-readiness-2026-07-16.md"
"at-parque-provincial-ischigualasto-hero","media/argentina-travel/parque-provincial-ischigualasto/1621515012324-sjischigualastomq_06719.jpg","argentina.travel","yes","yes","yes","not_performed_by_automated_audit","metadata_complete_review_required","Media rights owner","var/ops/media-rights-readiness.json + docs/audit/media-rights-readiness-2026-07-16.md"
"at-parque-provincial-ischigualasto-gallery-1","media/argentina-travel/parque-provincial-ischigualasto/1621514923378-hongo_en_ischigualasto___valle_f_rtil_2.jpg","argentina.travel","yes","yes","yes","not_performed_by_automated_audit","metadata_complete_review_required","Media rights owner","var/ops/media-rights-readiness.json + docs/audit/media-rights-readiness-2026-07-16.md"
"at-parque-provincial-ischigualasto-gallery-2","media/argentina-travel/parque-provincial-ischigualasto/1621514932298-sjischigualastomq_06319.jpg","argentina.travel","yes","yes","yes","not_performed_by_automated_audit","metadata_complete_review_required","Media rights owner","var/ops/media-rights-readiness.json + docs/audit/media-rights-readiness-2026-07-16.md"
"at-parque-provincial-ischigualasto-gallery-3","media/argentina-travel/parque-provincial-ischigualasto/1621515020991-sjischigualastomq_06611.jpg","argentina.travel","yes","yes","yes","not_performed_by_automated_audit","metadata_complete_review_required","Media rights owner","var/ops/media-rights-readiness.json + docs/audit/media-rights-readiness-2026-07-16.md"
"immigration-hub-hero","media/immigration/hub/hero.jpg","pexels","yes","yes","yes","not_performed_by_automated_audit","metadata_complete_review_required","Media rights owner","var/ops/media-rights-readiness.json + docs/audit/media-rights-readiness-2026-07-16.md"
"immigration-zhizn-v-strane-hero","media/immigration/zhizn-v-strane/hero.jpg","pexels","yes","yes","yes","not_performed_by_automated_audit","metadata_complete_review_required","Media rights owner","var/ops/media-rights-readiness.json + docs/audit/media-rights-readiness-2026-07-16.md"
"immigration-protsess-immigratsii-hero","media/immigration/protsess-immigratsii/hero.jpg","pexels","yes","yes","yes","not_performed_by_automated_audit","metadata_complete_review_required","Media rights owner","var/ops/media-rights-readiness.json + docs/audit/media-rights-readiness-2026-07-16.md"
"immigration-rody-v-argentine-hero","media/immigration/rody-v-argentine/hero.jpg","pexels","yes","yes","yes","not_performed_by_automated_audit","metadata_complete_review_required","Media rights owner","var/ops/media-rights-readiness.json + docs/audit/media-rights-readiness-2026-07-16.md"
"immigration-grazhdanstvo-hero","media/immigration/grazhdanstvo/hero.jpg","pexels","yes","yes","yes","not_performed_by_automated_audit","metadata_complete_review_required","Media rights owner","var/ops/media-rights-readiness.json + docs/audit/media-rights-readiness-2026-07-16.md"
"immigration-vnzh-i-pmzh-hero","media/immigration/vnzh-i-pmzh/hero.jpg","pexels","yes","yes","yes","not_performed_by_automated_audit","metadata_complete_review_required","Media rights owner","var/ops/media-rights-readiness.json + docs/audit/media-rights-readiness-2026-07-16.md"
"immigration-vozmozhnosti-hero","media/immigration/vozmozhnosti/hero.jpg","pexels","yes","yes","yes","not_performed_by_automated_audit","metadata_complete_review_required","Media rights owner","var/ops/media-rights-readiness.json + docs/audit/media-rights-readiness-2026-07-16.md"
"immigration-poleznye-ssylki-hero","media/immigration/poleznye-ssylki/hero.jpg","pexels","yes","yes","yes","not_performed_by_automated_audit","metadata_complete_review_required","Media rights owner","var/ops/media-rights-readiness.json + docs/audit/media-rights-readiness-2026-07-16.md"
"service-home-hero","media/home/hero.jpg","pexels","yes","yes","yes","not_performed_by_automated_audit","metadata_complete_review_required","Media rights owner","var/ops/media-rights-readiness.json + docs/audit/media-rights-readiness-2026-07-16.md"
"service-flights-hero","media/services/flights/hero.jpg","pexels","yes","yes","yes","not_performed_by_automated_audit","metadata_complete_review_required","Media rights owner","var/ops/media-rights-readiness.json + docs/audit/media-rights-readiness-2026-07-16.md"
"service-insurance-hero","media/services/insurance/hero.jpg","pexels","yes","yes","yes","not_performed_by_automated_audit","metadata_complete_review_required","Media rights owner","var/ops/media-rights-readiness.json + docs/audit/media-rights-readiness-2026-07-16.md"
"service-esim-hero","media/services/esim/hero.jpg","pexels","yes","yes","yes","not_performed_by_automated_audit","metadata_complete_review_required","Media rights owner","var/ops/media-rights-readiness.json + docs/audit/media-rights-readiness-2026-07-16.md"
"service-transfers-hero","media/services/transfers/hero.jpg","pexels","yes","yes","yes","not_performed_by_automated_audit","metadata_complete_review_required","Media rights owner","var/ops/media-rights-readiness.json + docs/audit/media-rights-readiness-2026-07-16.md"
"service-services-hero","media/services/hub/hero.jpg","pexels","yes","yes","yes","not_performed_by_automated_audit","metadata_complete_review_required","Media rights owner","var/ops/media-rights-readiness.json + docs/audit/media-rights-readiness-2026-07-16.md"
"service-shop-hero","media/services/shop/hero.jpg","pexels","yes","yes","yes","not_performed_by_automated_audit","metadata_complete_review_required","Media rights owner","var/ops/media-rights-readiness.json + docs/audit/media-rights-readiness-2026-07-16.md"
"service-audio-guides-hero","media/services/audio-guides/hero.jpg","pexels","yes","yes","yes","not_performed_by_automated_audit","metadata_complete_review_required","Media rights owner","var/ops/media-rights-readiness.json + docs/audit/media-rights-readiness-2026-07-16.md"
"service-blog-index-hero","media/services/blog/hero.jpg","pexels","yes","yes","yes","not_performed_by_automated_audit","metadata_complete_review_required","Media rights owner","var/ops/media-rights-readiness.json + docs/audit/media-rights-readiness-2026-07-16.md"
"service-contacts-hero","media/services/contacts/hero.jpg","pexels","yes","yes","yes","not_performed_by_automated_audit","metadata_complete_review_required","Media rights owner","var/ops/media-rights-readiness.json + docs/audit/media-rights-readiness-2026-07-16.md"
"service-gallery-hero","media/services/gallery/hero.jpg","pexels","yes","yes","yes","not_performed_by_automated_audit","metadata_complete_review_required","Media rights owner","var/ops/media-rights-readiness.json + docs/audit/media-rights-readiness-2026-07-16.md"
"service-guide-hub-hero","media/services/guide-hub/hero.jpg","pexels","yes","yes","yes","not_performed_by_automated_audit","metadata_complete_review_required","Media rights owner","var/ops/media-rights-readiness.json + docs/audit/media-rights-readiness-2026-07-16.md"
"shop-patagonia-pdf-guide","media/shop/patagonia-pdf-guide.jpg","pexels","yes","yes","yes","not_performed_by_automated_audit","metadata_complete_review_required","Media rights owner","var/ops/media-rights-readiness.json + docs/audit/media-rights-readiness-2026-07-16.md"
"shop-buenos-aires-city-guide","media/shop/buenos-aires-city-guide.jpg","pexels","yes","yes","yes","not_performed_by_automated_audit","metadata_complete_review_required","Media rights owner","var/ops/media-rights-readiness.json + docs/audit/media-rights-readiness-2026-07-16.md"
"shop-immigration-checklist","media/shop/immigration-checklist.jpg","pexels","yes","yes","yes","not_performed_by_automated_audit","metadata_complete_review_required","Media rights owner","var/ops/media-rights-readiness.json + docs/audit/media-rights-readiness-2026-07-16.md"
"shop-mendoza-wine-guide","media/shop/mendoza-wine-guide.jpg","pexels","yes","yes","yes","not_performed_by_automated_audit","metadata_complete_review_required","Media rights owner","var/ops/media-rights-readiness.json + docs/audit/media-rights-readiness-2026-07-16.md"
"shop-salta-northwest-guide","media/shop/salta-northwest-guide.jpg","pexels","yes","yes","yes","not_performed_by_automated_audit","metadata_complete_review_required","Media rights owner","var/ops/media-rights-readiness.json + docs/audit/media-rights-readiness-2026-07-16.md"
"shop-family-travel-checklist","media/shop/family-travel-checklist.jpg","pexels","yes","yes","yes","not_performed_by_automated_audit","metadata_complete_review_required","Media rights owner","var/ops/media-rights-readiness.json + docs/audit/media-rights-readiness-2026-07-16.md"
"guide-kak-dobratsya-hero","media/guide/kak-dobratsya/hero.jpg","pexels","yes","yes","yes","not_performed_by_automated_audit","metadata_complete_review_required","Media rights owner","var/ops/media-rights-readiness.json + docs/audit/media-rights-readiness-2026-07-16.md"
"guide-gde-zhit-hero","media/guide/gde-zhit/hero.jpg","pexels","yes","yes","yes","not_performed_by_automated_audit","metadata_complete_review_required","Media rights owner","var/ops/media-rights-readiness.json + docs/audit/media-rights-readiness-2026-07-16.md"
"guide-transport-hero","media/guide/transport/hero.jpg","pexels","yes","yes","yes","not_performed_by_automated_audit","metadata_complete_review_required","Media rights owner","var/ops/media-rights-readiness.json + docs/audit/media-rights-readiness-2026-07-16.md"
"guide-turistskie-regiony-hero","media/guide/turistskie-regiony/hero.jpg","pexels","yes","yes","yes","not_performed_by_automated_audit","metadata_complete_review_required","Media rights owner","var/ops/media-rights-readiness.json + docs/audit/media-rights-readiness-2026-07-16.md"
"guide-dostoprimechatelnosti-hero","media/guide/dostoprimechatelnosti/hero.jpg","pexels","yes","yes","yes","not_performed_by_automated_audit","metadata_complete_review_required","Media rights owner","var/ops/media-rights-readiness.json + docs/audit/media-rights-readiness-2026-07-16.md"
"guide-pogoda-i-sezonnost-hero","media/guide/pogoda-i-sezonnost/hero.jpg","pexels","yes","yes","yes","not_performed_by_automated_audit","metadata_complete_review_required","Media rights owner","var/ops/media-rights-readiness.json + docs/audit/media-rights-readiness-2026-07-16.md"
"guide-yazyk-hero","media/guide/yazyk/hero.jpg","pexels","yes","yes","yes","not_performed_by_automated_audit","metadata_complete_review_required","Media rights owner","var/ops/media-rights-readiness.json + docs/audit/media-rights-readiness-2026-07-16.md"
"guide-kultura-hero","media/guide/kultura/hero.jpg","pexels","yes","yes","yes","not_performed_by_automated_audit","metadata_complete_review_required","Media rights owner","var/ops/media-rights-readiness.json + docs/audit/media-rights-readiness-2026-07-16.md"
"guide-istoriya-hero","media/guide/istoriya/hero.jpg","pexels","yes","yes","yes","not_performed_by_automated_audit","metadata_complete_review_required","Media rights owner","var/ops/media-rights-readiness.json + docs/audit/media-rights-readiness-2026-07-16.md"
"guide-kukhnya-hero","media/guide/kukhnya/hero.jpg","pexels","yes","yes","yes","not_performed_by_automated_audit","metadata_complete_review_required","Media rights owner","var/ops/media-rights-readiness.json + docs/audit/media-rights-readiness-2026-07-16.md"
"guide-svyaz-hero","media/guide/svyaz/hero.jpg","pexels","yes","yes","yes","not_performed_by_automated_audit","metadata_complete_review_required","Media rights owner","var/ops/media-rights-readiness.json + docs/audit/media-rights-readiness-2026-07-16.md"
"guide-ekonomika-i-dengi-hero","media/guide/ekonomika-i-dengi/hero.jpg","pexels","yes","yes","yes","not_performed_by_automated_audit","metadata_complete_review_required","Media rights owner","var/ops/media-rights-readiness.json + docs/audit/media-rights-readiness-2026-07-16.md"
"guide-shopping-hero","media/guide/shopping/hero.jpg","pexels","yes","yes","yes","not_performed_by_automated_audit","metadata_complete_review_required","Media rights owner","var/ops/media-rights-readiness.json + docs/audit/media-rights-readiness-2026-07-16.md"
"guide-bezopasnost-hero","media/guide/bezopasnost/hero.jpg","pexels","yes","yes","yes","not_performed_by_automated_audit","metadata_complete_review_required","Media rights owner","var/ops/media-rights-readiness.json + docs/audit/media-rights-readiness-2026-07-16.md"
"podbor-theme-glacier","media/podbor/themes/glacier.jpg","pexels","yes","yes","yes","not_performed_by_automated_audit","metadata_complete_review_required","Media rights owner","var/ops/media-rights-readiness.json + docs/audit/media-rights-readiness-2026-07-16.md"
"podbor-theme-penguins","media/podbor/themes/penguins.jpg","pexels","yes","yes","yes","not_performed_by_automated_audit","metadata_complete_review_required","Media rights owner","var/ops/media-rights-readiness.json + docs/audit/media-rights-readiness-2026-07-16.md"
"podbor-theme-mountains","media/podbor/themes/mountains.jpg","pexels","yes","yes","yes","not_performed_by_automated_audit","metadata_complete_review_required","Media rights owner","var/ops/media-rights-readiness.json + docs/audit/media-rights-readiness-2026-07-16.md"
"podbor-theme-family","media/podbor/themes/family.jpg","pexels","yes","yes","yes","not_performed_by_automated_audit","metadata_complete_review_required","Media rights owner","var/ops/media-rights-readiness.json + docs/audit/media-rights-readiness-2026-07-16.md"
"podbor-theme-relocation","media/podbor/themes/relocation.jpg","pexels","yes","yes","yes","not_performed_by_automated_audit","metadata_complete_review_required","Media rights owner","var/ops/media-rights-readiness.json + docs/audit/media-rights-readiness-2026-07-16.md"
"podbor-theme-business","media/podbor/themes/business.jpg","pexels","yes","yes","yes","not_performed_by_automated_audit","metadata_complete_review_required","Media rights owner","var/ops/media-rights-readiness.json + docs/audit/media-rights-readiness-2026-07-16.md"
"podbor-theme-expedition","media/podbor/themes/expedition.jpg","pexels","yes","yes","yes","not_performed_by_automated_audit","metadata_complete_review_required","Media rights owner","var/ops/media-rights-readiness.json + docs/audit/media-rights-readiness-2026-07-16.md"
"podbor-theme-honeymoon","media/podbor/themes/honeymoon.jpg","pexels","yes","yes","yes","not_performed_by_automated_audit","metadata_complete_review_required","Media rights owner","var/ops/media-rights-readiness.json + docs/audit/media-rights-readiness-2026-07-16.md"
"podbor-theme-photo","media/podbor/themes/photo.jpg","pexels","yes","yes","yes","not_performed_by_automated_audit","metadata_complete_review_required","Media rights owner","var/ops/media-rights-readiness.json + docs/audit/media-rights-readiness-2026-07-16.md"
"podbor-theme-nature","media/podbor/themes/nature.jpg","pexels","yes","yes","yes","not_performed_by_automated_audit","metadata_complete_review_required","Media rights owner","var/ops/media-rights-readiness.json + docs/audit/media-rights-readiness-2026-07-16.md"
"podbor-theme-city","media/podbor/themes/city.jpg","pexels","yes","yes","yes","not_performed_by_automated_audit","metadata_complete_review_required","Media rights owner","var/ops/media-rights-readiness.json + docs/audit/media-rights-readiness-2026-07-16.md"
"podbor-theme-wine","media/podbor/themes/wine.jpg","pexels","yes","yes","yes","not_performed_by_automated_audit","metadata_complete_review_required","Media rights owner","var/ops/media-rights-readiness.json + docs/audit/media-rights-readiness-2026-07-16.md"
"podbor-theme-falls","media/podbor/themes/falls.jpg","pexels","yes","yes","yes","not_performed_by_automated_audit","metadata_complete_review_required","Media rights owner","var/ops/media-rights-readiness.json + docs/audit/media-rights-readiness-2026-07-16.md"
"podbor-theme-tango","media/podbor/themes/tango.jpg","pexels","yes","yes","yes","not_performed_by_automated_audit","metadata_complete_review_required","Media rights owner","var/ops/media-rights-readiness.json + docs/audit/media-rights-readiness-2026-07-16.md"
"podbor-theme-relax","media/podbor/themes/relax.jpg","pexels","yes","yes","yes","not_performed_by_automated_audit","metadata_complete_review_required","Media rights owner","var/ops/media-rights-readiness.json + docs/audit/media-rights-readiness-2026-07-16.md"
"podbor-bariloche-hero","media/podbor/bariloche/hero.jpg","pexels","yes","yes","yes","not_performed_by_automated_audit","metadata_complete_review_required","Media rights owner","var/ops/media-rights-readiness.json + docs/audit/media-rights-readiness-2026-07-16.md"
"podbor-ushuaia-hero","media/podbor/ushuaia/hero.jpg","pexels","yes","yes","yes","not_performed_by_automated_audit","metadata_complete_review_required","Media rights owner","var/ops/media-rights-readiness.json + docs/audit/media-rights-readiness-2026-07-16.md"
"podbor-patagonia-hero","media/podbor/patagonia/hero.jpg","pexels","yes","yes","yes","not_performed_by_automated_audit","metadata_complete_review_required","Media rights owner","var/ops/media-rights-readiness.json + docs/audit/media-rights-readiness-2026-07-16.md"
"podbor-iguazu-hero","media/podbor/iguazu/hero.jpg","pexels","yes","yes","yes","not_performed_by_automated_audit","metadata_complete_review_required","Media rights owner","var/ops/media-rights-readiness.json + docs/audit/media-rights-readiness-2026-07-16.md"
"podbor-mendoza-hero","media/podbor/mendoza/hero.jpg","pexels","yes","yes","yes","not_performed_by_automated_audit","metadata_complete_review_required","Media rights owner","var/ops/media-rights-readiness.json + docs/audit/media-rights-readiness-2026-07-16.md"
"podbor-salta-hero","media/podbor/salta/hero.jpg","pexels","yes","yes","yes","not_performed_by_automated_audit","metadata_complete_review_required","Media rights owner","var/ops/media-rights-readiness.json + docs/audit/media-rights-readiness-2026-07-16.md"
"podbor-buenos-aires-hero","media/podbor/buenos-aires/hero.jpg","pexels","yes","yes","yes","not_performed_by_automated_audit","metadata_complete_review_required","Media rights owner","var/ops/media-rights-readiness.json + docs/audit/media-rights-readiness-2026-07-16.md"
"home-showcase-ba","media/home/showcase-ba.jpg","pexels","yes","yes","yes","not_performed_by_automated_audit","metadata_complete_review_required","Media rights owner","var/ops/media-rights-readiness.json + docs/audit/media-rights-readiness-2026-07-16.md"
"home-showcase-patagonia","media/home/showcase-patagonia.jpg","pexels","yes","yes","yes","not_performed_by_automated_audit","metadata_complete_review_required","Media rights owner","var/ops/media-rights-readiness.json + docs/audit/media-rights-readiness-2026-07-16.md"
"blog-grazhdanstvo-argentiny","media/blog/grazhdanstvo-argentiny/hero.jpg","pexels","yes","yes","yes","not_performed_by_automated_audit","metadata_complete_review_required","Media rights owner","var/ops/media-rights-readiness.json + docs/audit/media-rights-readiness-2026-07-16.md"
"blog-wineries","media/blog/wineries.jpg","wikimedia","yes","yes","yes","not_performed_by_automated_audit","metadata_complete_review_required","Media rights owner","var/ops/media-rights-readiness.json + docs/audit/media-rights-readiness-2026-07-16.md"
"blog-food","media/blog/food.jpg","wikimedia","yes","yes","yes","not_performed_by_automated_audit","metadata_complete_review_required","Media rights owner","var/ops/media-rights-readiness.json + docs/audit/media-rights-readiness-2026-07-16.md"
"blog-transport","media/blog/transport.jpg","wikimedia","yes","yes","yes","not_performed_by_automated_audit","metadata_complete_review_required","Media rights owner","var/ops/media-rights-readiness.json + docs/audit/media-rights-readiness-2026-07-16.md"
"blog-money","media/blog/money.jpg","wikimedia","yes","yes","yes","not_performed_by_automated_audit","metadata_complete_review_required","Media rights owner","var/ops/media-rights-readiness.json + docs/audit/media-rights-readiness-2026-07-16.md"
"blog-safety","media/blog/safety.jpg","wikimedia","yes","yes","yes","not_performed_by_automated_audit","metadata_complete_review_required","Media rights owner","var/ops/media-rights-readiness.json + docs/audit/media-rights-readiness-2026-07-16.md"
"blog-internet","media/blog/internet.jpg","wikimedia","yes","yes","yes","not_performed_by_automated_audit","metadata_complete_review_required","Media rights owner","var/ops/media-rights-readiness.json + docs/audit/media-rights-readiness-2026-07-16.md"
"blog-relocation","media/blog/relocation.jpg","wikimedia","yes","yes","yes","not_performed_by_automated_audit","metadata_complete_review_required","Media rights owner","var/ops/media-rights-readiness.json + docs/audit/media-rights-readiness-2026-07-16.md"
"blog-patagonia-oteli","media/blog/patagonia-oteli/hero.jpg","pexels","yes","yes","yes","not_performed_by_automated_audit","metadata_complete_review_required","Media rights owner","var/ops/media-rights-readiness.json + docs/audit/media-rights-readiness-2026-07-16.md"
"blog-rich-iguazu-national-park-gallery-1","media/blog/rich/iguazu-national-park/gallery-1.jpg","pexels","yes","yes","yes","not_performed_by_automated_audit","metadata_complete_review_required","Media rights owner","var/ops/media-rights-readiness.json + docs/audit/media-rights-readiness-2026-07-16.md"
"blog-rich-nahuel-huapi-national-park-gallery-1","media/blog/rich/nahuel-huapi-national-park/gallery-1.jpg","pexels","yes","yes","yes","not_performed_by_automated_audit","metadata_complete_review_required","Media rights owner","var/ops/media-rights-readiness.json + docs/audit/media-rights-readiness-2026-07-16.md"
"blog-rich-los-glaciares-national-park-gallery-1","media/blog/rich/los-glaciares-national-park/gallery-1.jpg","pexels","yes","yes","yes","not_performed_by_automated_audit","metadata_complete_review_required","Media rights owner","var/ops/media-rights-readiness.json + docs/audit/media-rights-readiness-2026-07-16.md"
"blog-rich-tierra-del-fuego-national-park-gallery-1","media/blog/rich/tierra-del-fuego-national-park/gallery-1.jpg","pexels","yes","yes","yes","not_performed_by_automated_audit","metadata_complete_review_required","Media rights owner","var/ops/media-rights-readiness.json + docs/audit/media-rights-readiness-2026-07-16.md"
"guide-kak-dobratsya-content","media/guide/kak-dobratsya/content.jpg","pexels","yes","yes","yes","not_performed_by_automated_audit","metadata_complete_review_required","Media rights owner","var/ops/media-rights-readiness.json + docs/audit/media-rights-readiness-2026-07-16.md"
"guide-gde-zhit-content","media/guide/gde-zhit/content.jpg","pexels","yes","yes","yes","not_performed_by_automated_audit","metadata_complete_review_required","Media rights owner","var/ops/media-rights-readiness.json + docs/audit/media-rights-readiness-2026-07-16.md"
"guide-transport-content","media/guide/transport/content.jpg","pexels","yes","yes","yes","not_performed_by_automated_audit","metadata_complete_review_required","Media rights owner","var/ops/media-rights-readiness.json + docs/audit/media-rights-readiness-2026-07-16.md"
"guide-turistskie-regiony-content","media/guide/turistskie-regiony/content.jpg","pexels","yes","yes","yes","not_performed_by_automated_audit","metadata_complete_review_required","Media rights owner","var/ops/media-rights-readiness.json + docs/audit/media-rights-readiness-2026-07-16.md"
"guide-dostoprimechatelnosti-content","media/guide/dostoprimechatelnosti/content.jpg","pexels","yes","yes","yes","not_performed_by_automated_audit","metadata_complete_review_required","Media rights owner","var/ops/media-rights-readiness.json + docs/audit/media-rights-readiness-2026-07-16.md"
"guide-pogoda-i-sezonnost-content","media/guide/pogoda-i-sezonnost/content.jpg","pexels","yes","yes","yes","not_performed_by_automated_audit","metadata_complete_review_required","Media rights owner","var/ops/media-rights-readiness.json + docs/audit/media-rights-readiness-2026-07-16.md"
"guide-yazyk-content","media/guide/yazyk/content.jpg","pexels","yes","yes","yes","not_performed_by_automated_audit","metadata_complete_review_required","Media rights owner","var/ops/media-rights-readiness.json + docs/audit/media-rights-readiness-2026-07-16.md"
"guide-kultura-content","media/guide/kultura/content.jpg","pexels","yes","yes","yes","not_performed_by_automated_audit","metadata_complete_review_required","Media rights owner","var/ops/media-rights-readiness.json + docs/audit/media-rights-readiness-2026-07-16.md"
"guide-istoriya-content","media/guide/istoriya/content.jpg","pexels","yes","yes","yes","not_performed_by_automated_audit","metadata_complete_review_required","Media rights owner","var/ops/media-rights-readiness.json + docs/audit/media-rights-readiness-2026-07-16.md"
"guide-kukhnya-content","media/guide/kukhnya/content.jpg","pexels","yes","yes","yes","not_performed_by_automated_audit","metadata_complete_review_required","Media rights owner","var/ops/media-rights-readiness.json + docs/audit/media-rights-readiness-2026-07-16.md"
"guide-svyaz-content","media/guide/svyaz/content.jpg","pexels","yes","yes","yes","not_performed_by_automated_audit","metadata_complete_review_required","Media rights owner","var/ops/media-rights-readiness.json + docs/audit/media-rights-readiness-2026-07-16.md"
"guide-ekonomika-i-dengi-content","media/guide/ekonomika-i-dengi/content.jpg","pexels","yes","yes","yes","not_performed_by_automated_audit","metadata_complete_review_required","Media rights owner","var/ops/media-rights-readiness.json + docs/audit/media-rights-readiness-2026-07-16.md"
"guide-shopping-content","media/guide/shopping/content.jpg","pexels","yes","yes","yes","not_performed_by_automated_audit","metadata_complete_review_required","Media rights owner","var/ops/media-rights-readiness.json + docs/audit/media-rights-readiness-2026-07-16.md"
"guide-bezopasnost-content","media/guide/bezopasnost/content.jpg","pexels","yes","yes","yes","not_performed_by_automated_audit","metadata_complete_review_required","Media rights owner","var/ops/media-rights-readiness.json + docs/audit/media-rights-readiness-2026-07-16.md"
"immigration-zhizn-v-strane-section","media/immigration/zhizn-v-strane/section.jpg","pexels","yes","yes","yes","not_performed_by_automated_audit","metadata_complete_review_required","Media rights owner","var/ops/media-rights-readiness.json + docs/audit/media-rights-readiness-2026-07-16.md"
"immigration-protsess-immigratsii-section","media/immigration/protsess-immigratsii/section.jpg","pexels","yes","yes","yes","not_performed_by_automated_audit","metadata_complete_review_required","Media rights owner","var/ops/media-rights-readiness.json + docs/audit/media-rights-readiness-2026-07-16.md"
"immigration-rody-v-argentine-section","media/immigration/rody-v-argentine/section.jpg","pexels","yes","yes","yes","not_performed_by_automated_audit","metadata_complete_review_required","Media rights owner","var/ops/media-rights-readiness.json + docs/audit/media-rights-readiness-2026-07-16.md"
"immigration-grazhdanstvo-section","media/immigration/grazhdanstvo/section.jpg","pexels","yes","yes","yes","not_performed_by_automated_audit","metadata_complete_review_required","Media rights owner","var/ops/media-rights-readiness.json + docs/audit/media-rights-readiness-2026-07-16.md"
"immigration-vnzh-i-pmzh-section","media/immigration/vnzh-i-pmzh/section.jpg","pexels","yes","yes","yes","not_performed_by_automated_audit","metadata_complete_review_required","Media rights owner","var/ops/media-rights-readiness.json + docs/audit/media-rights-readiness-2026-07-16.md"
"immigration-vozmozhnosti-section","media/immigration/vozmozhnosti/section.jpg","pexels","yes","yes","yes","not_performed_by_automated_audit","metadata_complete_review_required","Media rights owner","var/ops/media-rights-readiness.json + docs/audit/media-rights-readiness-2026-07-16.md"
"immigration-poleznye-ssylki-section","media/immigration/poleznye-ssylki/section.jpg","pexels","yes","yes","yes","not_performed_by_automated_audit","metadata_complete_review_required","Media rights owner","var/ops/media-rights-readiness.json + docs/audit/media-rights-readiness-2026-07-16.md"
"blog-rich-iguazu-national-park-section-wildlife","media/blog/rich/iguazu-national-park/section-wildlife.jpg","pexels","yes","yes","yes","not_performed_by_automated_audit","metadata_complete_review_required","Media rights owner","var/ops/media-rights-readiness.json + docs/audit/media-rights-readiness-2026-07-16.md"
"blog-rich-nahuel-huapi-national-park-section-wildlife","media/blog/rich/nahuel-huapi-national-park/section-wildlife.jpg","pexels","yes","yes","yes","not_performed_by_automated_audit","metadata_complete_review_required","Media rights owner","var/ops/media-rights-readiness.json + docs/audit/media-rights-readiness-2026-07-16.md"
"blog-rich-los-glaciares-national-park-section-wildlife","media/blog/rich/los-glaciares-national-park/section-wildlife.jpg","pexels","yes","yes","yes","not_performed_by_automated_audit","metadata_complete_review_required","Media rights owner","var/ops/media-rights-readiness.json + docs/audit/media-rights-readiness-2026-07-16.md"
"blog-rich-tierra-del-fuego-national-park-section-wildlife","media/blog/rich/tierra-del-fuego-national-park/section-wildlife.jpg","pexels","yes","yes","yes","not_performed_by_automated_audit","metadata_complete_review_required","Media rights owner","var/ops/media-rights-readiness.json + docs/audit/media-rights-readiness-2026-07-16.md"
"blog-rich-iguazu-national-park-section-trails","media/blog/rich/iguazu-national-park/section-trails.jpg","pexels","yes","yes","yes","not_performed_by_automated_audit","metadata_complete_review_required","Media rights owner","var/ops/media-rights-readiness.json + docs/audit/media-rights-readiness-2026-07-16.md"
"blog-rich-nahuel-huapi-national-park-section-trails","media/blog/rich/nahuel-huapi-national-park/section-trails.jpg","pexels","yes","yes","yes","not_performed_by_automated_audit","metadata_complete_review_required","Media rights owner","var/ops/media-rights-readiness.json + docs/audit/media-rights-readiness-2026-07-16.md"
"blog-rich-los-glaciares-national-park-section-trails","media/blog/rich/los-glaciares-national-park/section-trails.jpg","pexels","yes","yes","yes","not_performed_by_automated_audit","metadata_complete_review_required","Media rights owner","var/ops/media-rights-readiness.json + docs/audit/media-rights-readiness-2026-07-16.md"
"blog-rich-tierra-del-fuego-national-park-section-trails","media/blog/rich/tierra-del-fuego-national-park/section-trails.jpg","pexels","yes","yes","yes","not_performed_by_automated_audit","metadata_complete_review_required","Media rights owner","var/ops/media-rights-readiness.json + docs/audit/media-rights-readiness-2026-07-16.md"
"blog-rich-iguazu-national-park-section-landmark","media/blog/rich/iguazu-national-park/section-landmark.jpg","pexels","yes","yes","yes","not_performed_by_automated_audit","metadata_complete_review_required","Media rights owner","var/ops/media-rights-readiness.json + docs/audit/media-rights-readiness-2026-07-16.md"
"blog-rich-nahuel-huapi-national-park-section-landmark","media/blog/rich/nahuel-huapi-national-park/section-landmark.jpg","pexels","yes","yes","yes","not_performed_by_automated_audit","metadata_complete_review_required","Media rights owner","var/ops/media-rights-readiness.json + docs/audit/media-rights-readiness-2026-07-16.md"
"blog-rich-los-glaciares-national-park-section-landmark","media/blog/rich/los-glaciares-national-park/section-landmark.jpg","pexels","yes","yes","yes","not_performed_by_automated_audit","metadata_complete_review_required","Media rights owner","var/ops/media-rights-readiness.json + docs/audit/media-rights-readiness-2026-07-16.md"
"blog-rich-tierra-del-fuego-national-park-section-landmark","media/blog/rich/tierra-del-fuego-national-park/section-landmark.jpg","pexels","yes","yes","yes","not_performed_by_automated_audit","metadata_complete_review_required","Media rights owner","var/ops/media-rights-readiness.json + docs/audit/media-rights-readiness-2026-07-16.md"
"blog-best-time-to-visit-argentina-section-1","media/blog/best-time-to-visit-argentina/section-1.jpg","pexels","yes","yes","yes","not_performed_by_automated_audit","metadata_complete_review_required","Media rights owner","var/ops/media-rights-readiness.json + docs/audit/media-rights-readiness-2026-07-16.md"
"blog-argentinian-steak-guide-section-1","media/blog/argentinian-steak-guide/section-1.jpg","pexels","yes","yes","yes","not_performed_by_automated_audit","metadata_complete_review_required","Media rights owner","var/ops/media-rights-readiness.json + docs/audit/media-rights-readiness-2026-07-16.md"
"blog-blue-dollar-argentina-2026-section-1","media/blog/blue-dollar-argentina-2026/section-1.jpg","pexels","yes","yes","yes","not_performed_by_automated_audit","metadata_complete_review_required","Media rights owner","var/ops/media-rights-readiness.json + docs/audit/media-rights-readiness-2026-07-16.md"
"blog-argentina-tourist-visa-2026-section-1","media/blog/argentina-tourist-visa-2026/section-1.jpg","pexels","yes","yes","yes","not_performed_by_automated_audit","metadata_complete_review_required","Media rights owner","var/ops/media-rights-readiness.json + docs/audit/media-rights-readiness-2026-07-16.md"
"blog-buenos-aires-rajony-section-1","media/blog/buenos-aires-rajony/section-1.jpg","pexels","yes","yes","yes","not_performed_by_automated_audit","metadata_complete_review_required","Media rights owner","var/ops/media-rights-readiness.json + docs/audit/media-rights-readiness-2026-07-16.md"
"blog-patagonia-packing-list-section-1","media/blog/patagonia-packing-list/section-1.jpg","pexels","yes","yes","yes","not_performed_by_automated_audit","metadata_complete_review_required","Media rights owner","var/ops/media-rights-readiness.json + docs/audit/media-rights-readiness-2026-07-16.md"
"blog-mendoza-vinnyj-gid-section-1","media/blog/mendoza-vinnyj-gid/section-1.jpg","pexels","yes","yes","yes","not_performed_by_automated_audit","metadata_complete_review_required","Media rights owner","var/ops/media-rights-readiness.json + docs/audit/media-rights-readiness-2026-07-16.md"
"blog-tango-beginners-guide-section-1","media/blog/tango-beginners-guide/section-1.jpg","pexels","yes","yes","yes","not_performed_by_automated_audit","metadata_complete_review_required","Media rights owner","var/ops/media-rights-readiness.json + docs/audit/media-rights-readiness-2026-07-16.md"
"home-showcase-iguazu","media/home/showcase-iguazu.jpg","pexels","yes","yes","yes","not_performed_by_automated_audit","metadata_complete_review_required","Media rights owner","var/ops/media-rights-readiness.json + docs/audit/media-rights-readiness-2026-07-16.md"
"service-card-flights","media/services/cards/flights.jpg","pexels","yes","yes","yes","not_performed_by_automated_audit","metadata_complete_review_required","Media rights owner","var/ops/media-rights-readiness.json + docs/audit/media-rights-readiness-2026-07-16.md"
"service-card-transfers","media/services/cards/transfers.jpg","pexels","yes","yes","yes","not_performed_by_automated_audit","metadata_complete_review_required","Media rights owner","var/ops/media-rights-readiness.json + docs/audit/media-rights-readiness-2026-07-16.md"
"service-card-insurance","media/services/cards/insurance.jpg","pexels","yes","yes","yes","not_performed_by_automated_audit","metadata_complete_review_required","Media rights owner","var/ops/media-rights-readiness.json + docs/audit/media-rights-readiness-2026-07-16.md"
"service-card-car-rental","media/services/cards/car-rental.jpg","pexels","yes","yes","yes","not_performed_by_automated_audit","metadata_complete_review_required","Media rights owner","var/ops/media-rights-readiness.json + docs/audit/media-rights-readiness-2026-07-16.md"
"service-card-connectivity","media/services/cards/connectivity.jpg","pexels","yes","yes","yes","not_performed_by_automated_audit","metadata_complete_review_required","Media rights owner","var/ops/media-rights-readiness.json + docs/audit/media-rights-readiness-2026-07-16.md"
"service-card-audio-guides","media/services/cards/audio-guides.jpg","pexels","yes","yes","yes","not_performed_by_automated_audit","metadata_complete_review_required","Media rights owner","var/ops/media-rights-readiness.json + docs/audit/media-rights-readiness-2026-07-16.md"
"blog-iguazu-za-3-dnya","media/blog/iguazu-za-3-dnya/hero.jpg","pexels","yes","yes","yes","not_performed_by_automated_audit","metadata_complete_review_required","Media rights owner","var/ops/media-rights-readiness.json + docs/audit/media-rights-readiness-2026-07-16.md"
"blog-kak-menyat-dengi-argentina","media/blog/kak-menyat-dengi-argentina/hero.jpg","pexels","yes","yes","yes","not_performed_by_automated_audit","metadata_complete_review_required","Media rights owner","var/ops/media-rights-readiness.json + docs/audit/media-rights-readiness-2026-07-16.md"
"blog-dni-cuil-argentina","media/blog/dni-cuil-argentina/hero.jpg","pexels","yes","yes","yes","not_performed_by_automated_audit","metadata_complete_review_required","Media rights owner","var/ops/media-rights-readiness.json + docs/audit/media-rights-readiness-2026-07-16.md"
"blog-viza-cifrovogo-kochevnika-argentina","media/blog/viza-cifrovogo-kochevnika-argentina/hero.jpg","pexels","yes","yes","yes","not_performed_by_automated_audit","metadata_complete_review_required","Media rights owner","var/ops/media-rights-readiness.json + docs/audit/media-rights-readiness-2026-07-16.md"
"blog-kak-dobratsya-v-argentinu","media/blog/kak-dobratsya-v-argentinu/hero.jpg","pexels","yes","yes","yes","not_performed_by_automated_audit","metadata_complete_review_required","Media rights owner","var/ops/media-rights-readiness.json + docs/audit/media-rights-readiness-2026-07-16.md"
"blog-vnutrennie-aviabilety-argentina","media/blog/vnutrennie-aviabilety-argentina/hero.jpg","pexels","yes","yes","yes","not_performed_by_automated_audit","metadata_complete_review_required","Media rights owner","var/ops/media-rights-readiness.json + docs/audit/media-rights-readiness-2026-07-16.md"
"blog-patagonia-penguins","media/blog/patagonia-penguins/hero.jpg","wikimedia","yes","yes","yes","not_performed_by_automated_audit","metadata_complete_review_required","Media rights owner","var/ops/media-rights-readiness.json + docs/audit/media-rights-readiness-2026-07-16.md"
"blog-ruta-40-sem-ozer","media/blog/ruta-40-sem-ozer/hero.jpg","pexels","yes","yes","yes","not_performed_by_automated_audit","metadata_complete_review_required","Media rights owner","var/ops/media-rights-readiness.json + docs/audit/media-rights-readiness-2026-07-16.md"
"blog-natsionalnyy-park-lanin","media/blog/natsionalnyy-park-lanin/hero.jpg","unsplash","yes","yes","yes","not_performed_by_automated_audit","metadata_complete_review_required","Media rights owner","var/ops/media-rights-readiness.json + docs/audit/media-rights-readiness-2026-07-16.md"
"blog-patagonia-mini-trekking-hero","media/blog/patagonia-mini-trekking/hero.jpg","wikimedia","yes","yes","yes","not_performed_by_automated_audit","metadata_complete_review_required","Media rights owner","var/ops/media-rights-readiness.json + docs/audit/media-rights-readiness-2026-07-16.md"
"public-blog-mendoza-wine-route-hero","media/blog/mendoza-wine-route/hero.jpg","pexels","yes","yes","yes","not_performed_by_automated_audit","metadata_complete_review_required","Media rights owner","var/ops/media-rights-readiness.json + docs/audit/media-rights-readiness-2026-07-16.md"
"blog-itinerary-за-10-дней","media/blog/itinerary-za-10-dney/hero.jpg","pexels","yes","yes","yes","not_performed_by_automated_audit","metadata_complete_review_required","Media rights owner","var/ops/media-rights-readiness.json + docs/audit/media-rights-readiness-2026-07-16.md"
"blog-argentina-10-dnej-3-nedeli","media/blog/argentina-10-dnej-3-nedeli/hero.jpg","pexels","yes","yes","yes","not_performed_by_automated_audit","metadata_complete_review_required","Media rights owner","var/ops/media-rights-readiness.json + docs/audit/media-rights-readiness-2026-07-16.md"
"service-home-hero-mobile","media/home/hero-mobile.webp","pexels","yes","yes","yes","not_performed_by_automated_audit","metadata_complete_review_required","Media rights owner","var/ops/media-rights-readiness.json + docs/audit/media-rights-readiness-2026-07-16.md"
