"source_id","source_url","destination_id","destination_url","status","owner","evidence"
"zemletryaseniya-i-vulkany","/baza-znaniy/zemletryaseniya-i-vulkany","bezopasnost-argentina","/baza-znaniy/bezopasnost-argentina","merged_with_generated_permanent_redirect","Content architect","Короткий обзор природных рисков объединён с проверенным руководством по безопасности."
"bankovskij-schet","/baza-znaniy/bankovskij-schet","banki-i-perevody","/baza-znaniy/banki-i-perevody","merged_with_generated_permanent_redirect","Content architect","Материал объединён с актуальным руководством по банкам и переводам, чтобы не дублировать быстро меняющиеся процедуры."
"inflyatsiya-i-ekonomika","/baza-znaniy/inflyatsiya-i-ekonomika","gid-po-dengam","/baza-znaniy/gid-po-dengam","merged_with_generated_permanent_redirect","Content architect","Короткий обзор экономики объединён с проверенным руководством по деньгам и бюджету."
"sdacha-nedvizhimosti-v-arendu","/baza-znaniy/sdacha-nedvizhimosti-v-arendu","gid-relokanta","/baza-znaniy/gid-relokanta","merged_with_generated_permanent_redirect","Content architect","Короткий юридически чувствительный обзор снят с публикации до расширения первичными источниками; вход сохранён через путеводитель по переезду."
"alero-charcamata","/baza-znaniy/alero-charcamata","patagonia","/baza-znaniy/patagonia","merged_with_generated_permanent_redirect","Content architect","Неотредактированная однотемная карточка импорта объединена с каноническим русскоязычным региональным материалом; исходник и атрибуция сохранены для редакционного архива."
"almacenes-de-ramos-generales-en-la-pampa","/baza-znaniy/almacenes-de-ramos-generales-en-la-pampa","pampa","/baza-znaniy/pampa","merged_with_generated_permanent_redirect","Content architect","Неотредактированная однотемная карточка импорта объединена с каноническим русскоязычным региональным материалом; исходник и атрибуция сохранены для редакционного архива."
"alumine","/baza-znaniy/alumine","patagonia","/baza-znaniy/patagonia","merged_with_generated_permanent_redirect","Content architect","Неотредактированная однотемная карточка импорта объединена с каноническим русскоязычным региональным материалом; исходник и атрибуция сохранены для редакционного архива."
"andinismo-y-montanismo-en-neuquen","/baza-znaniy/andinismo-y-montanismo-en-neuquen","patagonia","/baza-znaniy/patagonia","merged_with_generated_permanent_redirect","Content architect","Неотредактированная однотемная карточка импорта объединена с каноническим русскоязычным региональным материалом; исходник и атрибуция сохранены для редакционного архива."
"angastaco","/baza-znaniy/angastaco","noa","/baza-znaniy/noa","merged_with_generated_permanent_redirect","Content architect","Неотредактированная однотемная карточка импорта объединена с каноническим русскоязычным региональным материалом; исходник и атрибуция сохранены для редакционного архива."
"antofagasta-de-la-sierra","/baza-znaniy/antofagasta-de-la-sierra","noa","/baza-znaniy/noa","merged_with_generated_permanent_redirect","Content architect","Неотредактированная однотемная карточка импорта объединена с каноническим русскоязычным региональным материалом; исходник и атрибуция сохранены для редакционного архива."
"area-natural-protegida-rio-limay","/baza-znaniy/area-natural-protegida-rio-limay","patagonia","/baza-znaniy/patagonia","merged_with_generated_permanent_redirect","Content architect","Неотредактированная однотемная карточка импорта объединена с каноническим русскоязычным региональным материалом; исходник и атрибуция сохранены для редакционного архива."
"arte-urbano-en-buenos-aires","/baza-znaniy/arte-urbano-en-buenos-aires","buenos-aires","/baza-znaniy/buenos-aires","merged_with_generated_permanent_redirect","Content architect","Неотредактированная однотемная карточка импорта объединена с каноническим русскоязычным региональным материалом; исходник и атрибуция сохранены для редакционного архива."
"artesania-formosena","/baza-znaniy/artesania-formosena","litoral","/baza-znaniy/litoral","merged_with_generated_permanent_redirect","Content architect","Неотредактированная однотемная карточка импорта объединена с каноническим русскоязычным региональным материалом; исходник и атрибуция сохранены для редакционного архива."
"astroturismo-en-san-juan","/baza-znaniy/astroturismo-en-san-juan","cuyo","/baza-znaniy/cuyo","merged_with_generated_permanent_redirect","Content architect","Неотредактированная однотемная карточка импорта объединена с каноническим русскоязычным региональным материалом; исходник и атрибуция сохранены для редакционного архива."
"autodromo-internacional-de-rio-hondo","/baza-znaniy/autodromo-internacional-de-rio-hondo","noa","/baza-znaniy/noa","merged_with_generated_permanent_redirect","Content architect","Неотредактированная однотемная карточка импорта объединена с каноническим русскоязычным региональным материалом; исходник и атрибуция сохранены для редакционного архива."
"avellaneda","/baza-znaniy/avellaneda","litoral","/baza-znaniy/litoral","merged_with_generated_permanent_redirect","Content architect","Неотредактированная однотемная карточка импорта объединена с каноническим русскоязычным региональным материалом; исходник и атрибуция сохранены для редакционного архива."
"aventura-en-la-patagonia-andina","/baza-znaniy/aventura-en-la-patagonia-andina","patagonia","/baza-znaniy/patagonia","merged_with_generated_permanent_redirect","Content architect","Неотредактированная однотемная карточка импорта объединена с каноническим русскоязычным региональным материалом; исходник и атрибуция сохранены для редакционного архива."
"aventura-submarina-en-puerto-madryn","/baza-znaniy/aventura-submarina-en-puerto-madryn","patagonia","/baza-znaniy/patagonia","merged_with_generated_permanent_redirect","Content architect","Неотредактированная однотемная карточка импорта объединена с каноническим русскоязычным региональным материалом; исходник и атрибуция сохранены для редакционного архива."
"avistaje-de-aves-en-formosa","/baza-znaniy/avistaje-de-aves-en-formosa","litoral","/baza-znaniy/litoral","merged_with_generated_permanent_redirect","Content architect","Неотредактированная однотемная карточка импорта объединена с каноническим русскоязычным региональным материалом; исходник и атрибуция сохранены для редакционного архива."
"avistaje-de-aves-en-la-pampa","/baza-znaniy/avistaje-de-aves-en-la-pampa","pampa","/baza-znaniy/pampa","merged_with_generated_permanent_redirect","Content architect","Неотредактированная однотемная карточка импорта объединена с каноническим русскоязычным региональным материалом; исходник и атрибуция сохранены для редакционного архива."
"avistaje-de-aves-en-santa-cruz","/baza-znaniy/avistaje-de-aves-en-santa-cruz","patagonia","/baza-znaniy/patagonia","merged_with_generated_permanent_redirect","Content architect","Неотредактированная однотемная карточка импорта объединена с каноническим русскоязычным региональным материалом; исходник и атрибуция сохранены для редакционного архива."
"barreal","/baza-znaniy/barreal","cuyo","/baza-znaniy/cuyo","merged_with_generated_permanent_redirect","Content architect","Короткая производная карточка Барреаля объединена с каноническим русскоязычным путеводителем по Куйо; исходный текст, медиа и происхождение сохранены в архиве."
"bebidas-y-gastronomia-en-cordoba","/baza-znaniy/bebidas-y-gastronomia-en-cordoba","pampa","/baza-znaniy/pampa","merged_with_generated_permanent_redirect","Content architect","Неотредактированная однотемная карточка импорта объединена с каноническим русскоязычным региональным материалом; исходник и атрибуция сохранены для редакционного архива."
"belen","/baza-znaniy/belen","noa","/baza-znaniy/noa","merged_with_generated_permanent_redirect","Content architect","Неотредактированная однотемная карточка импорта объединена с каноническим русскоязычным региональным материалом; исходник и атрибуция сохранены для редакционного архива."
"bodega-submarina-en-las-grutas","/baza-znaniy/bodega-submarina-en-las-grutas","patagonia","/baza-znaniy/patagonia","merged_with_generated_permanent_redirect","Content architect","Неотредактированная однотемная карточка импорта объединена с каноническим русскоязычным региональным материалом; исходник и атрибуция сохранены для редакционного архива."
"buceo-en-el-golfo-san-matias","/baza-znaniy/buceo-en-el-golfo-san-matias","patagonia","/baza-znaniy/patagonia","merged_with_generated_permanent_redirect","Content architect","Неотредактированная однотемная карточка импорта объединена с каноническим русскоязычным региональным материалом; исходник и атрибуция сохранены для редакционного архива."
"buceo-en-las-costas-de-ushuaia","/baza-znaniy/buceo-en-las-costas-de-ushuaia","ushuaia","/baza-znaniy/ushuaia","merged_with_generated_permanent_redirect","Content architect","Неотредактированная карточка активности объединена с канонической русскоязычной страницей города; исходник и атрибуция сохранены для редакционного архива."
"buenos-aires-tradicional","/baza-znaniy/buenos-aires-tradicional","buenos-aires","/baza-znaniy/buenos-aires","merged_with_generated_permanent_redirect","Content architect","Неотредактированная однотемная карточка импорта объединена с каноническим русскоязычным региональным материалом; исходник и атрибуция сохранены для редакционного архива."
"cabalgata-en-el-lago-roca","/baza-znaniy/cabalgata-en-el-lago-roca","patagonia","/baza-znaniy/patagonia","merged_with_generated_permanent_redirect","Content architect","Неотредактированная однотемная карточка импорта объединена с каноническим русскоязычным региональным материалом; исходник и атрибуция сохранены для редакционного архива."
"cabalgata-en-los-molles","/baza-znaniy/cabalgata-en-los-molles","cuyo","/baza-znaniy/cuyo","merged_with_generated_permanent_redirect","Content architect","Неотредактированная однотемная карточка импорта объединена с каноническим русскоязычным региональным материалом; исходник и атрибуция сохранены для редакционного архива."
"cabalgatas-en-cerro-belvedere-y-cascada-inacayal","/baza-znaniy/cabalgatas-en-cerro-belvedere-y-cascada-inacayal","villa-la-angostura","/baza-znaniy/villa-la-angostura","merged_with_generated_permanent_redirect","Content architect","Неотредактированная карточка активности объединена с канонической русскоязычной страницей города; исходник и атрибуция сохранены для редакционного архива."
"cabalgatas-en-la-estepa-de-bariloche","/baza-znaniy/cabalgatas-en-la-estepa-de-bariloche","bariloche","/baza-znaniy/bariloche","merged_with_generated_permanent_redirect","Content architect","Неотредактированная карточка активности объединена с канонической русскоязычной страницей города; исходник и атрибуция сохранены для редакционного архива."
"cabalgatas-en-las-sierras-bonaerenses","/baza-znaniy/cabalgatas-en-las-sierras-bonaerenses","buenos-aires-province","/baza-znaniy/buenos-aires-province","merged_with_generated_permanent_redirect","Content architect","Неотредактированная однотемная карточка импорта объединена с каноническим русскоязычным региональным материалом; исходник и атрибуция сохранены для редакционного архива."
"cabalgatas-en-tafi-del-valle","/baza-znaniy/cabalgatas-en-tafi-del-valle","noa","/baza-znaniy/noa","merged_with_generated_permanent_redirect","Content architect","Неотредактированная однотемная карточка импорта объединена с каноническим русскоязычным региональным материалом; исходник и атрибуция сохранены для редакционного архива."
"cabalgatas-en-valle-chico","/baza-znaniy/cabalgatas-en-valle-chico","patagonia","/baza-znaniy/patagonia","merged_with_generated_permanent_redirect","Content architect","Неотредактированная однотемная карточка импорта объединена с каноническим русскоязычным региональным материалом; исходник и атрибуция сохранены для редакционного архива."
"cachi","/baza-znaniy/cachi","kachi","/baza-znaniy/kachi","merged_with_generated_permanent_redirect","Content architect","Дублирует сущность kachi; сохранена для перенаправления старого URL и истории импорта INPROTUR."
"camino-de-la-costa","/baza-znaniy/camino-de-la-costa","litoral","/baza-znaniy/litoral","merged_with_generated_permanent_redirect","Content architect","Неотредактированная однотемная карточка импорта объединена с каноническим русскоязычным региональным материалом; исходник и атрибуция сохранены для редакционного архива."
"caminos-de-la-fe-san-juan","/baza-znaniy/caminos-de-la-fe-san-juan","cuyo","/baza-znaniy/cuyo","merged_with_generated_permanent_redirect","Content architect","Неотредактированная однотемная карточка импорта объединена с каноническим русскоязычным региональным материалом; исходник и атрибуция сохранены для редакционного архива."
"campo-del-cielo-y-saenz-pena","/baza-znaniy/campo-del-cielo-y-saenz-pena","campo-del-cielo","/baza-znaniy/campo-del-cielo","merged_with_generated_permanent_redirect","Content architect","Неотредактированная однотемная карточка импорта объединена с каноническим русскоязычным региональным материалом; исходник и атрибуция сохранены для редакционного архива."
"canon-del-atuel","/baza-znaniy/canon-del-atuel","cuyo","/baza-znaniy/cuyo","merged_with_generated_permanent_redirect","Content architect","Неотредактированная однотемная карточка импорта объединена с каноническим русскоязычным региональным материалом; исходник и атрибуция сохранены для редакционного архива."
"capilla-del-monte","/baza-znaniy/capilla-del-monte","pampa","/baza-znaniy/pampa","merged_with_generated_permanent_redirect","Content architect","Неотредактированная однотемная карточка импорта объединена с каноническим русскоязычным региональным материалом; исходник и атрибуция сохранены для редакционного архива."
"carcarana","/baza-znaniy/carcarana","litoral","/baza-znaniy/litoral","merged_with_generated_permanent_redirect","Content architect","Неотредактированная однотемная карточка импорта объединена с каноническим русскоязычным региональным материалом; исходник и атрибуция сохранены для редакционного архива."
"carmen-del-sauce","/baza-znaniy/carmen-del-sauce","litoral","/baza-znaniy/litoral","merged_with_generated_permanent_redirect","Content architect","Неотредактированная однотемная карточка импорта объединена с каноническим русскоязычным региональным материалом; исходник и атрибуция сохранены для редакционного архива."
"carnaval-de-humahuaca","/baza-znaniy/carnaval-de-humahuaca","noa","/baza-znaniy/noa","merged_with_generated_permanent_redirect","Content architect","Неотредактированная однотемная карточка импорта объединена с каноническим русскоязычным региональным материалом; исходник и атрибуция сохранены для редакционного архива."
"carnaval-en-corrientes","/baza-znaniy/carnaval-en-corrientes","litoral","/baza-znaniy/litoral","merged_with_generated_permanent_redirect","Content architect","Неотредактированная однотемная карточка импорта объединена с каноническим русскоязычным региональным материалом; исходник и атрибуция сохранены для редакционного архива."
"casa-de-san-martin-en-yapeyu","/baza-znaniy/casa-de-san-martin-en-yapeyu","litoral","/baza-znaniy/litoral","merged_with_generated_permanent_redirect","Content architect","Неотредактированная однотемная карточка импорта объединена с каноническим русскоязычным региональным материалом; исходник и атрибуция сохранены для редакционного архива."
"cascada-chachin","/baza-znaniy/cascada-chachin","patagonia","/baza-znaniy/patagonia","merged_with_generated_permanent_redirect","Content architect","Неотредактированная однотемная карточка импорта объединена с каноническим русскоязычным региональным материалом; исходник и атрибуция сохранены для редакционного архива."
"cascada-del-rio-noque","/baza-znaniy/cascada-del-rio-noque","noa","/baza-znaniy/noa","merged_with_generated_permanent_redirect","Content architect","Неотредактированная однотемная карточка импорта объединена с каноническим русскоязычным региональным материалом; исходник и атрибуция сохранены для редакционного архива."
"cascada-nivinco-y-pichi-traful","/baza-znaniy/cascada-nivinco-y-pichi-traful","patagonia","/baza-znaniy/patagonia","merged_with_generated_permanent_redirect","Content architect","Неотредактированная однотемная карточка импорта объединена с каноническим русскоязычным региональным материалом; исходник и атрибуция сохранены для редакционного архива."
"cascadas-santa-ana-y-dora","/baza-znaniy/cascadas-santa-ana-y-dora","patagonia","/baza-znaniy/patagonia","merged_with_generated_permanent_redirect","Content architect","Неотредактированная однотемная карточка импорта объединена с каноническим русскоязычным региональным материалом; исходник и атрибуция сохранены для редакционного архива."
"catamaran-en-el-rio-parana","/baza-znaniy/catamaran-en-el-rio-parana","litoral","/baza-znaniy/litoral","merged_with_generated_permanent_redirect","Content architect","Неотредактированная однотемная карточка импорта объединена с каноническим русскоязычным региональным материалом; исходник и атрибуция сохранены для редакционного архива."
"catamaran-en-la-triple-frontera","/baza-znaniy/catamaran-en-la-triple-frontera","litoral","/baza-znaniy/litoral","merged_with_generated_permanent_redirect","Content architect","Неотредактированная карточка активности объединена с канонической русскоязычной страницей города; исходник и атрибуция сохранены для редакционного архива."
"caviahue-copahue","/baza-znaniy/caviahue-copahue","patagonia","/baza-znaniy/patagonia","merged_with_generated_permanent_redirect","Content architect","Неотредактированная однотемная карточка импорта объединена с каноническим русскоязычным региональным материалом; исходник и атрибуция сохранены для редакционного архива."
"centro-de-esqui-la-hoya","/baza-znaniy/centro-de-esqui-la-hoya","patagonia","/baza-znaniy/patagonia","merged_with_generated_permanent_redirect","Content architect","Неотредактированная однотемная карточка импорта объединена с каноническим русскоязычным региональным материалом; исходник и атрибуция сохранены для редакционного архива."
"centro-termal-bernardo-larroude","/baza-znaniy/centro-termal-bernardo-larroude","pampa","/baza-znaniy/pampa","merged_with_generated_permanent_redirect","Content architect","Неотредактированная однотемная карточка импорта объединена с каноническим русскоязычным региональным материалом; исходник и атрибуция сохранены для редакционного архива."
"centros-de-esqui-en-neuquen","/baza-znaniy/centros-de-esqui-en-neuquen","patagonia","/baza-znaniy/patagonia","merged_with_generated_permanent_redirect","Content architect","Неотредактированная однотемная карточка импорта объединена с каноническим русскоязычным региональным материалом; исходник и атрибуция сохранены для редакционного архива."
"cerro-castor","/baza-znaniy/cerro-castor","tierra-del-fuego","/baza-znaniy/tierra-del-fuego","merged_with_generated_permanent_redirect","Content architect","Неотредактированная однотемная карточка импорта объединена с каноническим русскоязычным региональным материалом; исходник и атрибуция сохранены для редакционного архива."
"cerro-mercedario-y-grandes-cumbres-de-san-juan","/baza-znaniy/cerro-mercedario-y-grandes-cumbres-de-san-juan","cuyo","/baza-znaniy/cuyo","merged_with_generated_permanent_redirect","Content architect","Неотредактированная однотемная карточка импорта объединена с каноническим русскоязычным региональным материалом; исходник и атрибуция сохранены для редакционного архива."
"cerro-tronador","/baza-znaniy/cerro-tronador","patagonia","/baza-znaniy/patagonia","merged_with_generated_permanent_redirect","Content architect","Неотредактированная однотемная карточка импорта объединена с каноническим русскоязычным региональным материалом; исходник и атрибуция сохранены для редакционного архива."
"cerros-catedral-y-perito-moreno","/baza-znaniy/cerros-catedral-y-perito-moreno","bariloche","/baza-znaniy/bariloche","merged_with_generated_permanent_redirect","Content architect","Неотредактированная карточка активности объединена с канонической русскоязычной страницей города; исходник и атрибуция сохранены для редакционного архива."
"cholila","/baza-znaniy/cholila","patagonia","/baza-znaniy/patagonia","merged_with_generated_permanent_redirect","Content architect","Неотредактированная однотемная карточка импорта объединена с каноническим русскоязычным региональным материалом; исходник и атрибуция сохранены для редакционного архива."
"ciudad-de-corrientes","/baza-znaniy/ciudad-de-corrientes","korrientes","/baza-znaniy/korrientes","merged_with_generated_permanent_redirect","Content architect","Дублирует сущность города korrientes; сохранена для перенаправления старого URL и истории импорта INPROTUR."
"ciudad-de-formosa","/baza-znaniy/ciudad-de-formosa","formosa","/baza-znaniy/formosa","merged_with_generated_permanent_redirect","Content architect","Дублирует сущность города formosa; сохранена для перенаправления старого URL и истории импорта INPROTUR."
"ciudad-de-salta","/baza-znaniy/ciudad-de-salta","salta","/baza-znaniy/salta","merged_with_generated_permanent_redirect","Content architect","Дублирует сущность города salta; сохранена для перенаправления старого URL и истории импорта INPROTUR."
"ciudad-de-san-juan","/baza-znaniy/ciudad-de-san-juan","san-huan","/baza-znaniy/san-huan","merged_with_generated_permanent_redirect","Content architect","Дублирует сущность города san-huan; сохранена для перенаправления старого URL и истории импорта INPROTUR."
"ciudad-de-santa-fe","/baza-znaniy/ciudad-de-santa-fe","santa-fe","/baza-znaniy/santa-fe","merged_with_generated_permanent_redirect","Content architect","Дублирует сущность города santa-fe; сохранена для перенаправления старого URL и истории импорта INPROTUR."
"clorinda","/baza-znaniy/clorinda","litoral","/baza-znaniy/litoral","merged_with_generated_permanent_redirect","Content architect","Неотредактированная однотемная карточка импорта объединена с каноническим русскоязычным региональным материалом; исходник и атрибуция сохранены для редакционного архива."
"colon","/baza-znaniy/colon","litoral","/baza-znaniy/litoral","merged_with_generated_permanent_redirect","Content architect","Неотредактированная однотемная карточка импорта объединена с каноническим русскоязычным региональным материалом; исходник и атрибуция сохранены для редакционного архива."
"colonia-carlos-pellegrini","/baza-znaniy/colonia-carlos-pellegrini","litoral","/baza-znaniy/litoral","merged_with_generated_permanent_redirect","Content architect","Неотредактированная однотемная карточка импорта объединена с каноническим русскоязычным региональным материалом; исходник и атрибуция сохранены для редакционного архива."
"colonia-menonita-en-la-pampa","/baza-znaniy/colonia-menonita-en-la-pampa","pampa","/baza-znaniy/pampa","merged_with_generated_permanent_redirect","Content architect","Неотредактированная однотемная карточка импорта объединена с каноническим русскоязычным региональным материалом; исходник и атрибуция сохранены для редакционного архива."
"colonia-suiza","/baza-znaniy/colonia-suiza","patagonia","/baza-znaniy/patagonia","merged_with_generated_permanent_redirect","Content architect","Неотредактированная однотемная карточка импорта объединена с каноническим русскоязычным региональным материалом; исходник и атрибуция сохранены для редакционного архива."
"colonias-judias-en-santa-fe","/baza-znaniy/colonias-judias-en-santa-fe","litoral","/baza-znaniy/litoral","merged_with_generated_permanent_redirect","Content architect","Неотредактированная однотемная карточка импорта объединена с каноническим русскоязычным региональным материалом; исходник и атрибуция сохранены для редакционного архива."
"comandante-luis-piedrabuena","/baza-znaniy/comandante-luis-piedrabuena","patagonia","/baza-znaniy/patagonia","merged_with_generated_permanent_redirect","Content architect","Неотредактированная однотемная карточка импорта объединена с каноническим русскоязычным региональным материалом; исходник и атрибуция сохранены для редакционного архива."
"comarca-andina-del-paralelo-42","/baza-znaniy/comarca-andina-del-paralelo-42","patagonia","/baza-znaniy/patagonia","merged_with_generated_permanent_redirect","Content architect","Неотредактированная однотемная карточка импорта объединена с каноническим русскоязычным региональным материалом; исходник и атрибуция сохранены для редакционного архива."
"cordero-patagonico","/baza-znaniy/cordero-patagonico","kuhnya","/baza-znaniy/kuhnya","merged_with_generated_permanent_redirect","Content architect","Неотредактированная однотемная карточка импорта объединена с каноническим русскоязычным региональным материалом; исходник и атрибуция сохранены для редакционного архива."
"cordoba-de-las-campanas","/baza-znaniy/cordoba-de-las-campanas","pampa","/baza-znaniy/pampa","merged_with_generated_permanent_redirect","Content architect","Неотредактированная однотемная карточка импорта объединена с каноническим русскоязычным региональным материалом; исходник и атрибуция сохранены для редакционного архива."
"corredor-de-la-puna","/baza-znaniy/corredor-de-la-puna","noa","/baza-znaniy/noa","merged_with_generated_permanent_redirect","Content architect","Неотредактированная однотемная карточка импорта объединена с каноническим русскоязычным региональным материалом; исходник и атрибуция сохранены для редакционного архива."
"corredor-del-viento","/baza-znaniy/corredor-del-viento","patagonia","/baza-znaniy/patagonia","merged_with_generated_permanent_redirect","Content architect","Неотредактированная однотемная карточка импорта объединена с каноническим русскоязычным региональным материалом; исходник и атрибуция сохранены для редакционного архива."
"cosquin","/baza-znaniy/cosquin","pampa","/baza-znaniy/pampa","merged_with_generated_permanent_redirect","Content architect","Неотредактированная однотемная карточка импорта объединена с каноническим русскоязычным региональным материалом; исходник и атрибуция сохранены для редакционного архива."
"costa-atlantica-bonaerense","/baza-znaniy/costa-atlantica-bonaerense","buenos-aires-province","/baza-znaniy/buenos-aires-province","merged_with_generated_permanent_redirect","Content architect","Неотредактированная однотемная карточка импорта объединена с каноническим русскоязычным региональным материалом; исходник и атрибуция сохранены для редакционного архива."
"costa-atlantica-de-la-provincia-de-buenos-aires","/baza-znaniy/costa-atlantica-de-la-provincia-de-buenos-aires","buenos-aires-province","/baza-znaniy/buenos-aires-province","merged_with_generated_permanent_redirect","Content architect","Неотредактированная однотемная карточка импорта объединена с каноническим русскоязычным региональным материалом; исходник и атрибуция сохранены для редакционного архива."
"costanera-de-corrientes","/baza-znaniy/costanera-de-corrientes","litoral","/baza-znaniy/litoral","merged_with_generated_permanent_redirect","Content architect","Неотредактированная однотемная карточка импорта объединена с каноническим русскоязычным региональным материалом; исходник и атрибуция сохранены для редакционного архива."
"costanera-de-formosa","/baza-znaniy/costanera-de-formosa","litoral","/baza-znaniy/litoral","merged_with_generated_permanent_redirect","Content architect","Неотредактированная однотемная карточка импорта объединена с каноническим русскоязычным региональным материалом; исходник и атрибуция сохранены для редакционного архива."
"cruce-de-los-andes","/baza-znaniy/cruce-de-los-andes","cuyo","/baza-znaniy/cuyo","merged_with_generated_permanent_redirect","Content architect","Неотредактированная однотемная карточка импорта объединена с каноническим русскоязычным региональным материалом; исходник и атрибуция сохранены для редакционного архива."
"cuesta-del-viento","/baza-znaniy/cuesta-del-viento","cuyo","/baza-znaniy/cuyo","merged_with_generated_permanent_redirect","Content architect","Неотредактированная однотемная карточка импорта объединена с каноническим русскоязычным региональным материалом; исходник и атрибуция сохранены для редакционного архива."
"cultura-guarani-en-misiones","/baza-znaniy/cultura-guarani-en-misiones","litoral","/baza-znaniy/litoral","merged_with_generated_permanent_redirect","Content architect","Неотредактированная однотемная карточка импорта объединена с каноническим русскоязычным региональным материалом; исходник и атрибуция сохранены для редакционного архива."
"cusi-cusi","/baza-znaniy/cusi-cusi","noa","/baza-znaniy/noa","merged_with_generated_permanent_redirect","Content architect","Неотредактированная однотемная карточка импорта объединена с каноническим русскоязычным региональным материалом; исходник и атрибуция сохранены для редакционного архива."
"delta-del-parana","/baza-znaniy/delta-del-parana","litoral","/baza-znaniy/litoral","merged_with_generated_permanent_redirect","Content architect","Неотредактированная однотемная карточка импорта объединена с каноническим русскоязычным региональным материалом; исходник и атрибуция сохранены для редакционного архива."
"deportes-extremos-en-la-rioja","/baza-znaniy/deportes-extremos-en-la-rioja","noa","/baza-znaniy/noa","merged_with_generated_permanent_redirect","Content architect","Неотредактированная однотемная карточка импорта объединена с каноническим русскоязычным региональным материалом; исходник и атрибуция сохранены для редакционного архива."
"deportes-extremos-en-paso-de-la-patria","/baza-znaniy/deportes-extremos-en-paso-de-la-patria","litoral","/baza-znaniy/litoral","merged_with_generated_permanent_redirect","Content architect","Неотредактированная однотемная карточка импорта объединена с каноническим русскоязычным региональным материалом; исходник и атрибуция сохранены для редакционного архива."
"dinosaurios-de-la-patagonia","/baza-znaniy/dinosaurios-de-la-patagonia","patagonia","/baza-znaniy/patagonia","merged_with_generated_permanent_redirect","Content architect","Неотредактированная однотемная карточка импорта объединена с каноническим русскоязычным региональным материалом; исходник и атрибуция сохранены для редакционного архива."
"dinosaurios-en-neuquen","/baza-znaniy/dinosaurios-en-neuquen","patagonia","/baza-znaniy/patagonia","merged_with_generated_permanent_redirect","Content architect","Неотредактированная однотемная карточка импорта объединена с каноническим русскоязычным региональным материалом; исходник и атрибуция сохранены для редакционного архива."
"dique-piscu-yacu","/baza-znaniy/dique-piscu-yacu","cuyo","/baza-znaniy/cuyo","merged_with_generated_permanent_redirect","Content architect","Неотредактированная однотемная карточка импорта объединена с каноническим русскоязычным региональным материалом; исходник и атрибуция сохранены для редакционного архива."
"dunas-de-taton","/baza-znaniy/dunas-de-taton","noa","/baza-znaniy/noa","merged_with_generated_permanent_redirect","Content architect","Неотредактированная однотемная карточка импорта объединена с каноническим русскоязычным региональным материалом; исходник и атрибуция сохранены для редакционного архива."
"el-chaku","/baza-znaniy/el-chaku","noa","/baza-znaniy/noa","merged_with_generated_permanent_redirect","Content architect","Неотредактированная однотемная карточка импорта объединена с каноническим русскоязычным региональным материалом; исходник и атрибуция сохранены для редакционного архива."
"el-curanto","/baza-znaniy/el-curanto","patagonia","/baza-znaniy/patagonia","merged_with_generated_permanent_redirect","Content architect","Неотредактированная однотемная карточка импорта объединена с каноническим русскоязычным региональным материалом; исходник и атрибуция сохранены для редакционного архива."
"el-gaucho","/baza-znaniy/el-gaucho","buenos-aires-province","/baza-znaniy/buenos-aires-province","merged_with_generated_permanent_redirect","Content architect","Неотредактированная однотемная карточка импорта объединена с каноническим русскоязычным региональным материалом; исходник и атрибуция сохранены для редакционного архива."
"el-hoyo","/baza-znaniy/el-hoyo","patagonia","/baza-znaniy/patagonia","merged_with_generated_permanent_redirect","Content architect","Неотредактированная однотемная карточка импорта объединена с каноническим русскоязычным региональным материалом; исходник и атрибуция сохранены для редакционного архива."
"el-mate","/baza-znaniy/el-mate","mate","/baza-znaniy/mate","merged_with_generated_permanent_redirect","Content architect","Неотредактированная однотемная карточка импорта объединена с каноническим русскоязычным региональным материалом; исходник и атрибуция сохранены для редакционного архива."
"el-nihuil","/baza-znaniy/el-nihuil","cuyo","/baza-znaniy/cuyo","merged_with_generated_permanent_redirect","Content architect","Неотредактированная однотемная карточка импорта объединена с каноническим русскоязычным региональным материалом; исходник и атрибуция сохранены для редакционного архива."
"el-obelisco-de-cafayate","/baza-znaniy/el-obelisco-de-cafayate","noa","/baza-znaniy/noa","merged_with_generated_permanent_redirect","Content architect","Неотредактированная однотемная карточка импорта объединена с каноническим русскоязычным региональным материалом; исходник и атрибуция сохранены для редакционного архива."
"el-rodeo","/baza-znaniy/el-rodeo","noa","/baza-znaniy/noa","merged_with_generated_permanent_redirect","Content architect","Неотредактированная однотемная карточка импорта объединена с каноническим русскоязычным региональным материалом; исходник и атрибуция сохранены для редакционного архива."
"el-salitral-encantado","/baza-znaniy/el-salitral-encantado","pampa","/baza-znaniy/pampa","merged_with_generated_permanent_redirect","Content architect","Неотредактированная однотемная карточка импорта объединена с каноническим русскоязычным региональным материалом; исходник и атрибуция сохранены для редакционного архива."
"el-sauzalito","/baza-znaniy/el-sauzalito","litoral","/baza-znaniy/litoral","merged_with_generated_permanent_redirect","Content architect","Неотредактированная однотемная карточка импорта объединена с каноническим русскоязычным региональным материалом; исходник и атрибуция сохранены для редакционного архива."
"el-sosneado","/baza-znaniy/el-sosneado","cuyo","/baza-znaniy/cuyo","merged_with_generated_permanent_redirect","Content architect","Неотредактированная однотемная карточка импорта объединена с каноническим русскоязычным региональным материалом; исходник и атрибуция сохранены для редакционного архива."
"el-trapiche","/baza-znaniy/el-trapiche","cuyo","/baza-znaniy/cuyo","merged_with_generated_permanent_redirect","Content architect","Неотредактированная однотемная карточка импорта объединена с каноническим русскоязычным региональным материалом; исходник и атрибуция сохранены для редакционного архива."
"el-tren-patagonico","/baza-znaniy/el-tren-patagonico","patagonia","/baza-znaniy/patagonia","merged_with_generated_permanent_redirect","Content architect","Неотредактированная однотемная карточка импорта объединена с каноническим русскоязычным региональным материалом; исходник и атрибуция сохранены для редакционного архива."
"el-vino-malbec","/baza-znaniy/el-vino-malbec","kuhnya","/baza-znaniy/kuhnya","merged_with_generated_permanent_redirect","Content architect","Неотредактированная однотемная карточка импорта объединена с каноническим русскоязычным региональным материалом; исходник и атрибуция сохранены для редакционного архива."
"eldorado","/baza-znaniy/eldorado","litoral","/baza-znaniy/litoral","merged_with_generated_permanent_redirect","Content architect","Неотредактированная однотемная карточка импорта объединена с каноническим русскоязычным региональным материалом; исходник и атрибуция сохранены для редакционного архива."
"empedrado-y-el-carrizal","/baza-znaniy/empedrado-y-el-carrizal","litoral","/baza-znaniy/litoral","merged_with_generated_permanent_redirect","Content architect","Неотредактированная однотемная карточка импорта объединена с каноническим русскоязычным региональным материалом; исходник и атрибуция сохранены для редакционного архива."
"empedrado","/baza-znaniy/empedrado","litoral","/baza-znaniy/litoral","merged_with_generated_permanent_redirect","Content architect","Неотредактированная однотемная карточка импорта объединена с каноническим русскоязычным региональным материалом; исходник и атрибуция сохранены для редакционного архива."
"epuyen","/baza-znaniy/epuyen","patagonia","/baza-znaniy/patagonia","merged_with_generated_permanent_redirect","Content architect","Неотредактированная однотемная карточка импорта объединена с каноническим русскоязычным региональным материалом; исходник и атрибуция сохранены для редакционного архива."
"esquina","/baza-znaniy/esquina","litoral","/baza-znaniy/litoral","merged_with_generated_permanent_redirect","Content architect","Неотредактированная однотемная карточка импорта объединена с каноническим русскоязычным региональным материалом; исходник и атрибуция сохранены для редакционного архива."
"estancias-turisticas-de-campo","/baza-znaniy/estancias-turisticas-de-campo","pampa","/baza-znaniy/pampa","merged_with_generated_permanent_redirect","Content architect","Неотредактированная однотемная карточка импорта объединена с каноническим русскоязычным региональным материалом; исходник и атрибуция сохранены для редакционного архива."
"expedicion-al-avion-de-los-uruguayos","/baza-znaniy/expedicion-al-avion-de-los-uruguayos","cuyo","/baza-znaniy/cuyo","merged_with_generated_permanent_redirect","Content architect","Неотредактированная однотемная карточка импорта объединена с каноническим русскоязычным региональным материалом; исходник и атрибуция сохранены для редакционного архива."
"expediciones-en-el-lago-huechulafquen","/baza-znaniy/expediciones-en-el-lago-huechulafquen","patagonia","/baza-znaniy/patagonia","merged_with_generated_permanent_redirect","Content architect","Неотредактированная однотемная карточка импорта объединена с каноническим русскоязычным региональным материалом; исходник и атрибуция сохранены для редакционного архива."
"feria-de-simoca","/baza-znaniy/feria-de-simoca","noa","/baza-znaniy/noa","merged_with_generated_permanent_redirect","Content architect","Неотредактированная однотемная карточка импорта объединена с каноническим русскоязычным региональным материалом; исходник и атрибуция сохранены для редакционного архива."
"festival-de-cosquin","/baza-znaniy/festival-de-cosquin","pampa","/baza-znaniy/pampa","merged_with_generated_permanent_redirect","Content architect","Неотредактированная однотемная карточка импорта объединена с каноническим русскоязычным региональным материалом; исходник и атрибуция сохранены для редакционного архива."
"fiambala","/baza-znaniy/fiambala","noa","/baza-znaniy/noa","merged_with_generated_permanent_redirect","Content architect","Неотредактированная однотемная карточка импорта объединена с каноническим русскоязычным региональным материалом; исходник и атрибуция сохранены для редакционного архива."
"fiesta-nacional-del-canotaje-en-chaco","/baza-znaniy/fiesta-nacional-del-canotaje-en-chaco","litoral","/baza-znaniy/litoral","merged_with_generated_permanent_redirect","Content architect","Неотредактированная однотемная карточка импорта объединена с каноническим русскоязычным региональным материалом; исходник и атрибуция сохранены для редакционного архива."
"fiesta-nacional-del-sol-en-san-juan","/baza-znaniy/fiesta-nacional-del-sol-en-san-juan","cuyo","/baza-znaniy/cuyo","merged_with_generated_permanent_redirect","Content architect","Неотредактированная однотемная карточка импорта объединена с каноническим русскоязычным региональным материалом; исходник и атрибуция сохранены для редакционного архива."
"fiestas-y-festivales-en-cordoba","/baza-znaniy/fiestas-y-festivales-en-cordoba","pampa","/baza-znaniy/pampa","merged_with_generated_permanent_redirect","Content architect","Неотредактированная однотемная карточка импорта объединена с каноническим русскоязычным региональным материалом; исходник и атрибуция сохранены для редакционного архива."
"frutas-de-pepita-en-el-alto-valle-del-rio-negro","/baza-znaniy/frutas-de-pepita-en-el-alto-valle-del-rio-negro","patagonia","/baza-znaniy/patagonia","merged_with_generated_permanent_redirect","Content architect","Неотредактированная однотемная карточка импорта объединена с каноническим русскоязычным региональным материалом; исходник и атрибуция сохранены для редакционного архива."
"gaiman","/baza-znaniy/gaiman","patagonia","/baza-znaniy/patagonia","merged_with_generated_permanent_redirect","Content architect","Неотредактированная однотемная карточка импорта объединена с каноническим русскоязычным региональным материалом; исходник и атрибуция сохранены для редакционного архива."
"galeses-en-argentina","/baza-znaniy/galeses-en-argentina","patagonia","/baza-znaniy/patagonia","merged_with_generated_permanent_redirect","Content architect","Неотредактированная однотемная карточка импорта объединена с каноническим русскоязычным региональным материалом; исходник и атрибуция сохранены для редакционного архива."
"gastronomia-de-entre-rios","/baza-znaniy/gastronomia-de-entre-rios","litoral","/baza-znaniy/litoral","merged_with_generated_permanent_redirect","Content architect","Неотредактированная однотемная карточка импорта объединена с каноническим русскоязычным региональным материалом; исходник и атрибуция сохранены для редакционного архива."
"gastronomia-de-jujuy","/baza-znaniy/gastronomia-de-jujuy","noa","/baza-znaniy/noa","merged_with_generated_permanent_redirect","Content architect","Неотредактированная однотемная карточка импорта объединена с каноническим русскоязычным региональным материалом; исходник и атрибуция сохранены для редакционного архива."
"gastronomia-de-la-pampa","/baza-znaniy/gastronomia-de-la-pampa","pampa","/baza-znaniy/pampa","merged_with_generated_permanent_redirect","Content architect","Неотредактированная однотемная карточка импорта объединена с каноническим русскоязычным региональным материалом; исходник и атрибуция сохранены для редакционного архива."
"gastronomia-de-misiones","/baza-znaniy/gastronomia-de-misiones","litoral","/baza-znaniy/litoral","merged_with_generated_permanent_redirect","Content architect","Неотредактированная однотемная карточка импорта объединена с каноническим русскоязычным региональным материалом; исходник и атрибуция сохранены для редакционного архива."
"gastronomia-de-tierra-del-fuego","/baza-znaniy/gastronomia-de-tierra-del-fuego","tierra-del-fuego","/baza-znaniy/tierra-del-fuego","merged_with_generated_permanent_redirect","Content architect","Неотредактированная однотемная карточка импорта объединена с каноническим русскоязычным региональным материалом; исходник и атрибуция сохранены для редакционного архива."
"gastronomia-en-cordoba","/baza-znaniy/gastronomia-en-cordoba","pampa","/baza-znaniy/pampa","merged_with_generated_permanent_redirect","Content architect","Неотредактированная однотемная карточка импорта объединена с каноническим русскоязычным региональным материалом; исходник и атрибуция сохранены для редакционного архива."
"gastronomia-en-santa-fe","/baza-znaniy/gastronomia-en-santa-fe","litoral","/baza-znaniy/litoral","merged_with_generated_permanent_redirect","Content architect","Неотредактированная однотемная карточка импорта объединена с каноническим русскоязычным региональным материалом; исходник и атрибуция сохранены для редакционного архива."
"gastronomia-en-santiago-del-estero","/baza-znaniy/gastronomia-en-santiago-del-estero","noa","/baza-znaniy/noa","merged_with_generated_permanent_redirect","Content architect","Неотредактированная однотемная карточка импорта объединена с каноническим русскоязычным региональным материалом; исходник и атрибуция сохранены для редакционного архива."
"gastronomia-portena","/baza-znaniy/gastronomia-portena","kuhnya","/baza-znaniy/kuhnya","merged_with_generated_permanent_redirect","Content architect","Неотредактированная однотемная карточка импорта объединена с каноническим русскоязычным региональным материалом; исходник и атрибуция сохранены для редакционного архива."
"general-acha","/baza-znaniy/general-acha","pampa","/baza-znaniy/pampa","merged_with_generated_permanent_redirect","Content architect","Неотредактированная однотемная карточка импорта объединена с каноническим русскоязычным региональным материалом; исходник и атрибуция сохранены для редакционного архива."
"glaciar-huemul","/baza-znaniy/glaciar-huemul","patagonia","/baza-znaniy/patagonia","merged_with_generated_permanent_redirect","Content architect","Неотредактированная однотемная карточка импорта объединена с каноническим русскоязычным региональным материалом; исходник и атрибуция сохранены для редакционного архива."
"glaciar-ojo-del-albino","/baza-znaniy/glaciar-ojo-del-albino","tierra-del-fuego","/baza-znaniy/tierra-del-fuego","merged_with_generated_permanent_redirect","Content architect","Неотредактированная однотемная карточка импорта объединена с каноническим русскоязычным региональным материалом; исходник и атрибуция сохранены для редакционного архива."
"golf-en-mendoza","/baza-znaniy/golf-en-mendoza","cuyo","/baza-znaniy/cuyo","merged_with_generated_permanent_redirect","Content architect","Неотредактированная однотемная карточка импорта объединена с каноническим русскоязычным региональным материалом; исходник и атрибуция сохранены для редакционного архива."
"golf-en-tierra-del-fuego","/baza-znaniy/golf-en-tierra-del-fuego","tierra-del-fuego","/baza-znaniy/tierra-del-fuego","merged_with_generated_permanent_redirect","Content architect","Неотредактированная однотемная карточка импорта объединена с каноническим русскоязычным региональным материалом; исходник и атрибуция сохранены для редакционного архива."
"herradura","/baza-znaniy/herradura","litoral","/baza-znaniy/litoral","merged_with_generated_permanent_redirect","Content architect","Неотредактированная однотемная карточка импорта объединена с каноническим русскоязычным региональным материалом; исходник и атрибуция сохранены для редакционного архива."
"humahuaca","/baza-znaniy/humahuaca","noa","/baza-znaniy/noa","merged_with_generated_permanent_redirect","Content architect","Неотредактированная однотемная карточка импорта объединена с каноническим русскоязычным региональным материалом; исходник и атрибуция сохранены для редакционного архива."
"iglesia-nuestra-senora-del-rosario-y-san-francisco","/baza-znaniy/iglesia-nuestra-senora-del-rosario-y-san-francisco","noa","/baza-znaniy/noa","merged_with_generated_permanent_redirect","Content architect","Неотредактированная однотемная карточка импорта объединена с каноническим русскоязычным региональным материалом; исходник и атрибуция сохранены для редакционного архива."
"intendente-alvear","/baza-znaniy/intendente-alvear","pampa","/baza-znaniy/pampa","merged_with_generated_permanent_redirect","Content architect","Неотредактированная однотемная карточка импорта объединена с каноническим русскоязычным региональным материалом; исходник и атрибуция сохранены для редакционного архива."
"iruya","/baza-znaniy/iruya","noa","/baza-znaniy/noa","merged_with_generated_permanent_redirect","Content architect","Неотредактированная однотемная карточка импорта объединена с каноническим русскоязычным региональным материалом; исходник и атрибуция сохранены для редакционного архива."
"isla-del-cerrito","/baza-znaniy/isla-del-cerrito","litoral","/baza-znaniy/litoral","merged_with_generated_permanent_redirect","Content architect","Неотредактированная однотемная карточка импорта объединена с каноническим русскоязычным региональным материалом; исходник и атрибуция сохранены для редакционного архива."
"isla-medialuna-antartida","/baza-znaniy/isla-medialuna-antartida","tierra-del-fuego","/baza-znaniy/tierra-del-fuego","merged_with_generated_permanent_redirect","Content architect","Неотредактированная однотемная карточка импорта объединена с каноническим русскоязычным региональным материалом; исходник и атрибуция сохранены для редакционного архива."
"ituzaingo","/baza-znaniy/ituzaingo","litoral","/baza-znaniy/litoral","merged_with_generated_permanent_redirect","Content architect","Неотредактированная однотемная карточка импорта объединена с каноническим русскоязычным региональным материалом; исходник и атрибуция сохранены для редакционного архива."
"jaaukanigas","/baza-znaniy/jaaukanigas","litoral","/baza-znaniy/litoral","merged_with_generated_permanent_redirect","Content architect","Неотредактированная однотемная карточка импорта объединена с каноническим русскоязычным региональным материалом; исходник и атрибуция сохранены для редакционного архива."
"jachal","/baza-znaniy/jachal","cuyo","/baza-znaniy/cuyo","merged_with_generated_permanent_redirect","Content architect","Неотредактированная однотемная карточка импорта объединена с каноническим русскоязычным региональным материалом; исходник и атрибуция сохранены для редакционного архива."
"jaramillo","/baza-znaniy/jaramillo","patagonia","/baza-znaniy/patagonia","merged_with_generated_permanent_redirect","Content architect","Неотредактированная однотемная карточка импорта объединена с каноническим русскоязычным региональным материалом; исходник и атрибуция сохранены для редакционного архива."
"juan-jose-castelli","/baza-znaniy/juan-jose-castelli","litoral","/baza-znaniy/litoral","merged_with_generated_permanent_redirect","Content architect","Неотредактированная однотемная карточка импорта объединена с каноническим русскоязычным региональным материалом; исходник и атрибуция сохранены для редакционного архива."
"jujuy-en-bicicleta","/baza-znaniy/jujuy-en-bicicleta","noa","/baza-znaniy/noa","merged_with_generated_permanent_redirect","Content architect","Неотредактированная однотемная карточка импорта объединена с каноническим русскоязычным региональным материалом; исходник и атрибуция сохранены для редакционного архива."
"junin-de-los-andes","/baza-znaniy/junin-de-los-andes","patagonia","/baza-znaniy/patagonia","merged_with_generated_permanent_redirect","Content architect","Неотредактированная однотемная карточка импорта объединена с каноническим русскоязычным региональным материалом; исходник и атрибуция сохранены для редакционного архива."
"kayak-en-bariloche","/baza-znaniy/kayak-en-bariloche","bariloche","/baza-znaniy/bariloche","merged_with_generated_permanent_redirect","Content architect","Неотредактированная карточка активности объединена с канонической русскоязычной страницей города; исходник и атрибуция сохранены для редакционного архива."
"kayak-en-el-parana","/baza-znaniy/kayak-en-el-parana","litoral","/baza-znaniy/litoral","merged_with_generated_permanent_redirect","Content architect","Неотредактированная однотемная карточка импорта объединена с каноническим русскоязычным региональным материалом; исходник и атрибуция сохранены для редакционного архива."
"la-aripuca","/baza-znaniy/la-aripuca","litoral","/baza-znaniy/litoral","merged_with_generated_permanent_redirect","Content architect","Неотредактированная однотемная карточка импорта объединена с каноническим русскоязычным региональным материалом; исходник и атрибуция сохранены для редакционного архива."
"la-cumbrecita","/baza-znaniy/la-cumbrecita","pampa","/baza-znaniy/pampa","merged_with_generated_permanent_redirect","Content architect","Неотредактированная однотемная карточка импорта объединена с каноническим русскоязычным региональным материалом; исходник и атрибуция сохранены для редакционного архива."
"la-mitica-ruta-40","/baza-znaniy/la-mitica-ruta-40","patagonia","/baza-znaniy/patagonia","merged_with_generated_permanent_redirect","Content architect","Неотредактированная однотемная карточка импорта объединена с каноническим русскоязычным региональным материалом; исходник и атрибуция сохранены для редакционного архива."
"la-rioja-off-road","/baza-znaniy/la-rioja-off-road","noa","/baza-znaniy/noa","merged_with_generated_permanent_redirect","Content architect","Неотредактированная однотемная карточка импорта объединена с каноническим русскоязычным региональным материалом; исходник и атрибуция сохранены для редакционного архива."
"la-ruta-del-chocolate","/baza-znaniy/la-ruta-del-chocolate","patagonia","/baza-znaniy/patagonia","merged_with_generated_permanent_redirect","Content architect","Неотредактированная однотемная карточка импорта объединена с каноническим русскоязычным региональным материалом; исходник и атрибуция сохранены для редакционного архива."
"la-ruta-del-pehuen","/baza-znaniy/la-ruta-del-pehuen","patagonia","/baza-znaniy/patagonia","merged_with_generated_permanent_redirect","Content architect","Неотредактированная однотемная карточка импорта объединена с каноническим русскоязычным региональным материалом; исходник и атрибуция сохранены для редакционного архива."
"laberinto-patagonia","/baza-znaniy/laberinto-patagonia","patagonia","/baza-znaniy/patagonia","merged_with_generated_permanent_redirect","Content architect","Неотредактированная однотемная карточка импорта объединена с каноническим русскоязычным региональным материалом; исходник и атрибуция сохранены для редакционного архива."
"lago-del-desierto","/baza-znaniy/lago-del-desierto","patagonia","/baza-znaniy/patagonia","merged_with_generated_permanent_redirect","Content architect","Неотредактированная однотемная карточка импорта объединена с каноническим русскоязычным региональным материалом; исходник и атрибуция сохранены для редакционного архива."
"lago-mascardi","/baza-znaniy/lago-mascardi","patagonia","/baza-znaniy/patagonia","merged_with_generated_permanent_redirect","Content architect","Неотредактированная однотемная карточка импорта объединена с каноническим русскоязычным региональным материалом; исходник и атрибуция сохранены для редакционного архива."
"lago-posadas","/baza-znaniy/lago-posadas","patagonia","/baza-znaniy/patagonia","merged_with_generated_permanent_redirect","Content architect","Неотредактированная однотемная карточка импорта объединена с каноническим русскоязычным региональным материалом; исходник и атрибуция сохранены для редакционного архива."
"lagos-de-tierra-del-fuego","/baza-znaniy/lagos-de-tierra-del-fuego","tierra-del-fuego","/baza-znaniy/tierra-del-fuego","merged_with_generated_permanent_redirect","Content architect","Неотредактированная однотемная карточка импорта объединена с каноническим русскоязычным региональным материалом; исходник и атрибуция сохранены для редакционного архива."
"laguna-de-mar-chiquita","/baza-znaniy/laguna-de-mar-chiquita","pampa","/baza-znaniy/pampa","merged_with_generated_permanent_redirect","Content architect","Неотредактированная однотемная карточка импорта объединена с каноническим русскоязычным региональным материалом; исходник и атрибуция сохранены для редакционного архива."
"laguna-esmeralda","/baza-znaniy/laguna-esmeralda","tierra-del-fuego","/baza-znaniy/tierra-del-fuego","merged_with_generated_permanent_redirect","Content architect","Неотредактированная однотемная карточка импорта объединена с каноническим русскоязычным региональным материалом; исходник и атрибуция сохранены для редакционного архива."
"laguna-melincue","/baza-znaniy/laguna-melincue","litoral","/baza-znaniy/litoral","merged_with_generated_permanent_redirect","Content architect","Неотредактированная однотемная карточка импорта объединена с каноническим русскоязычным региональным материалом; исходник и атрибуция сохранены для редакционного архива."
"legado-jesuita-en-cordoba","/baza-znaniy/legado-jesuita-en-cordoba","pampa","/baza-znaniy/pampa","merged_with_generated_permanent_redirect","Content architect","Неотредактированная однотемная карточка импорта объединена с каноническим русскоязычным региональным материалом; исходник и атрибуция сохранены для редакционного архива."
"los-gigantes","/baza-znaniy/los-gigantes","pampa","/baza-znaniy/pampa","merged_with_generated_permanent_redirect","Content architect","Неотредактированная однотемная карточка импорта объединена с каноническим русскоязычным региональным материалом; исходник и атрибуция сохранены для редакционного архива."
"los-valles-calchaquies","/baza-znaniy/los-valles-calchaquies","noa","/baza-znaniy/noa","merged_with_generated_permanent_redirect","Content architect","Неотредактированная однотемная карточка импорта объединена с каноническим русскоязычным региональным материалом; исходник и атрибуция сохранены для редакционного архива."
"maimara","/baza-znaniy/maimara","noa","/baza-znaniy/noa","merged_with_generated_permanent_redirect","Content architect","Неотредактированная однотемная карточка импорта объединена с каноническим русскоязычным региональным материалом; исходник и атрибуция сохранены для редакционного архива."
"malargue","/baza-znaniy/malargue","cuyo","/baza-znaniy/cuyo","merged_with_generated_permanent_redirect","Content architect","Неотредактированная однотемная карточка импорта объединена с каноническим русскоязычным региональным материалом; исходник и атрибуция сохранены для редакционного архива."
"mate-en-la-laguna-capri","/baza-znaniy/mate-en-la-laguna-capri","patagonia","/baza-znaniy/patagonia","merged_with_generated_permanent_redirect","Content architect","Неотредактированная однотемная карточка импорта объединена с каноническим русскоязычным региональным материалом; исходник и атрибуция сохранены для редакционного архива."
"mendoza-best-of-wine-tourism","/baza-znaniy/mendoza-best-of-wine-tourism","cuyo","/baza-znaniy/cuyo","merged_with_generated_permanent_redirect","Content architect","Неотредактированная однотемная карточка импорта объединена с каноническим русскоязычным региональным материалом; исходник и атрибуция сохранены для редакционного архива."
"minitrekking-sobre-el-glaciar-perito-moreno","/baza-znaniy/minitrekking-sobre-el-glaciar-perito-moreno","patagonia","/baza-znaniy/patagonia","merged_with_generated_permanent_redirect","Content architect","Неотредактированная однотемная карточка импорта объединена с каноническим русскоязычным региональным материалом; исходник и атрибуция сохранены для редакционного архива."
"miraflores","/baza-znaniy/miraflores","litoral","/baza-znaniy/litoral","merged_with_generated_permanent_redirect","Content architect","Неотредактированная однотемная карточка импорта объединена с каноническим русскоязычным региональным материалом; исходник и атрибуция сохранены для редакционного архива."
"molino-forclaz","/baza-znaniy/molino-forclaz","litoral","/baza-znaniy/litoral","merged_with_generated_permanent_redirect","Content architect","Неотредактированная однотемная карточка импорта объединена с каноническим русскоязычным региональным материалом; исходник и атрибуция сохранены для редакционного архива."
"montanismo-en-jujuy","/baza-znaniy/montanismo-en-jujuy","noa","/baza-znaniy/noa","merged_with_generated_permanent_redirect","Content architect","Неотредактированная однотемная карточка импорта объединена с каноническим русскоязычным региональным материалом; исходник и атрибуция сохранены для редакционного архива."
"monte-olivia-y-glaciar-de-agostini","/baza-znaniy/monte-olivia-y-glaciar-de-agostini","tierra-del-fuego","/baza-znaniy/tierra-del-fuego","merged_with_generated_permanent_redirect","Content architect","Неотредактированная однотемная карточка импорта объединена с каноническим русскоязычным региональным материалом; исходник и атрибуция сохранены для редакционного архива."
"monumento-natural-laguna-de-los-pozuelos","/baza-znaniy/monumento-natural-laguna-de-los-pozuelos","noa","/baza-znaniy/noa","merged_with_generated_permanent_redirect","Content architect","Неотредактированная однотемная карточка импорта объединена с каноническим русскоязычным региональным материалом; исходник и атрибуция сохранены для редакционного архива."
"mountain-bike-en-piedra-del-aguila","/baza-znaniy/mountain-bike-en-piedra-del-aguila","patagonia","/baza-znaniy/patagonia","merged_with_generated_permanent_redirect","Content architect","Неотредактированная однотемная карточка импорта объединена с каноническим русскоязычным региональным материалом; исходник и атрибуция сохранены для редакционного архива."
"museo-arqueologico-los-menhires","/baza-znaniy/museo-arqueologico-los-menhires","noa","/baza-znaniy/noa","merged_with_generated_permanent_redirect","Content architect","Неотредактированная однотемная карточка импорта объединена с каноническим русскоязычным региональным материалом; исходник и атрибуция сохранены для редакционного архива."
"museo-de-arqueologia-de-alta-montana","/baza-znaniy/museo-de-arqueologia-de-alta-montana","noa","/baza-znaniy/noa","merged_with_generated_permanent_redirect","Content architect","Неотредактированная однотемная карточка импорта объединена с каноническим русскоязычным региональным материалом; исходник и атрибуция сохранены для редакционного архива."
"museos-de-buenos-aires","/baza-znaniy/museos-de-buenos-aires","buenos-aires","/baza-znaniy/buenos-aires","merged_with_generated_permanent_redirect","Content architect","Неотредактированная однотемная карточка импорта объединена с каноническим русскоязычным региональным материалом; исходник и атрибуция сохранены для редакционного архива."
"museos-de-salta","/baza-znaniy/museos-de-salta","noa","/baza-znaniy/noa","merged_with_generated_permanent_redirect","Content architect","Неотредактированная однотемная карточка импорта объединена с каноническим русскоязычным региональным материалом; исходник и атрибуция сохранены для редакционного архива."
"navegacion-en-los-rios-limay-y-neuquen","/baza-znaniy/navegacion-en-los-rios-limay-y-neuquen","patagonia","/baza-znaniy/patagonia","merged_with_generated_permanent_redirect","Content architect","Неотредактированная однотемная карточка импорта объединена с каноническим русскоязычным региональным материалом; исходник и атрибуция сохранены для редакционного архива."
"navegacion-en-tierra-del-fuego","/baza-znaniy/navegacion-en-tierra-del-fuego","tierra-del-fuego","/baza-znaniy/tierra-del-fuego","merged_with_generated_permanent_redirect","Content architect","Неотредактированная однотемная карточка импорта объединена с каноническим русскоязычным региональным материалом; исходник и атрибуция сохранены для редакционного архива."
"navegacion-entre-glaciares","/baza-znaniy/navegacion-entre-glaciares","patagonia","/baza-znaniy/patagonia","merged_with_generated_permanent_redirect","Content architect","Неотредактированная однотемная карточка импорта объединена с каноническим русскоязычным региональным материалом; исходник и атрибуция сохранены для редакционного архива."
"navegacion-por-el-lago-argentino","/baza-znaniy/navegacion-por-el-lago-argentino","el-calafate","/baza-znaniy/el-calafate","merged_with_generated_permanent_redirect","Content architect","Неотредактированная карточка активности объединена с канонической русскоязычной страницей города; исходник и атрибуция сохранены для редакционного архива."
"nevado-de-chani","/baza-znaniy/nevado-de-chani","noa","/baza-znaniy/noa","merged_with_generated_permanent_redirect","Content architect","Неотредактированная однотемная карточка импорта объединена с каноническим русскоязычным региональным материалом; исходник и атрибуция сохранены для редакционного архива."
"newells-old-boys","/baza-znaniy/newells-old-boys","rosario","/baza-znaniy/rosario","merged_with_generated_permanent_redirect","Content architect","Неотредактированная карточка активности объединена с канонической русскоязычной страницей города; исходник и атрибуция сохранены для редакционного архива."
"nueva-cordoba","/baza-znaniy/nueva-cordoba","pampa","/baza-znaniy/pampa","merged_with_generated_permanent_redirect","Content architect","Неотредактированная однотемная карточка импорта объединена с каноническим русскоязычным региональным материалом; исходник и атрибуция сохранены для редакционного архива."
"obera","/baza-znaniy/obera","litoral","/baza-znaniy/litoral","merged_with_generated_permanent_redirect","Content architect","Неотредактированная однотемная карточка импорта объединена с каноническим русскоязычным региональным материалом; исходник и атрибуция сохранены для редакционного архива."
"parapente-en-cerro-san-javier","/baza-znaniy/parapente-en-cerro-san-javier","noa","/baza-znaniy/noa","merged_with_generated_permanent_redirect","Content architect","Неотредактированная однотемная карточка импорта объединена с каноническим русскоязычным региональным материалом; исходник и атрибуция сохранены для редакционного архива."
"parque-aereo-de-san-jose","/baza-znaniy/parque-aereo-de-san-jose","litoral","/baza-znaniy/litoral","merged_with_generated_permanent_redirect","Content architect","Неотредактированная однотемная карточка импорта объединена с каноническим русскоязычным региональным материалом; исходник и атрибуция сохранены для редакционного архива."
"parque-general-san-martin","/baza-znaniy/parque-general-san-martin","cuyo","/baza-znaniy/cuyo","merged_with_generated_permanent_redirect","Content architect","Неотредактированная однотемная карточка импорта объединена с каноническим русскоязычным региональным материалом; исходник и атрибуция сохранены для редакционного архива."
"parque-marino-costero-patagonia-austral","/baza-znaniy/parque-marino-costero-patagonia-austral","patagonia","/baza-znaniy/patagonia","merged_with_generated_permanent_redirect","Content architect","Неотредактированная однотемная карточка импорта объединена с каноническим русскоязычным региональным материалом; исходник и атрибуция сохранены для редакционного архива."
"parque-marino-isla-pinguino","/baza-znaniy/parque-marino-isla-pinguino","patagonia","/baza-znaniy/patagonia","merged_with_generated_permanent_redirect","Content architect","Неотредактированная однотемная карточка импорта объединена с каноническим русскоязычным региональным материалом; исходник и атрибуция сохранены для редакционного архива."
"parque-marino-makenke","/baza-znaniy/parque-marino-makenke","patagonia","/baza-znaniy/patagonia","merged_with_generated_permanent_redirect","Content architect","Неотредактированная однотемная карточка импорта объединена с каноническим русскоязычным региональным материалом; исходник и атрибуция сохранены для редакционного архива."
"parque-natural-valle-fertil","/baza-znaniy/parque-natural-valle-fertil","cuyo","/baza-znaniy/cuyo","merged_with_generated_permanent_redirect","Content architect","Неотредактированная однотемная карточка импорта объединена с каноническим русскоязычным региональным материалом; исходник и атрибуция сохранены для редакционного архива."
"parques-de-parana","/baza-znaniy/parques-de-parana","litoral","/baza-znaniy/litoral","merged_with_generated_permanent_redirect","Content architect","Неотредактированная однотемная карточка импорта объединена с каноническим русскоязычным региональным материалом; исходник и атрибуция сохранены для редакционного архива."
"parques-naturales-ischigualasto-y-talampaya-patrimonios-de-la-humanidad","/baza-znaniy/parques-naturales-ischigualasto-y-talampaya-patrimonios-de-la-humanidad","noa","/baza-znaniy/noa","merged_with_generated_permanent_redirect","Content architect","Неотредактированная однотемная карточка импорта объединена с каноническим русскоязычным региональным материалом; исходник и атрибуция сохранены для редакционного архива."
"paseos-acuaticos-en-herradura","/baza-znaniy/paseos-acuaticos-en-herradura","litoral","/baza-znaniy/litoral","merged_with_generated_permanent_redirect","Content architect","Неотредактированная однотемная карточка импорта объединена с каноническим русскоязычным региональным материалом; исходник и атрибуция сохранены для редакционного архива."
"paseos-aereos-en-ushuaia","/baza-znaniy/paseos-aereos-en-ushuaia","tierra-del-fuego","/baza-znaniy/tierra-del-fuego","merged_with_generated_permanent_redirect","Content architect","Неотредактированная однотемная карточка импорта объединена с каноническим русскоязычным региональным материалом; исходник и атрибуция сохранены для редакционного архива."
"paso-de-la-patria","/baza-znaniy/paso-de-la-patria","litoral","/baza-znaniy/litoral","merged_with_generated_permanent_redirect","Content architect","Неотредактированная однотемная карточка импорта объединена с каноническим русскоязычным региональным материалом; исходник и атрибуция сохранены для редакционного архива."
"pasos-del-papa-francisco","/baza-znaniy/pasos-del-papa-francisco","litoral","/baza-znaniy/litoral","merged_with_generated_permanent_redirect","Content architect","Неотредактированная однотемная карточка импорта объединена с каноническим русскоязычным региональным материалом; исходник и атрибуция сохранены для редакционного архива."
"patagonia-de-los-lagos","/baza-znaniy/patagonia-de-los-lagos","patagonia","/baza-znaniy/patagonia","merged_with_generated_permanent_redirect","Content architect","Неотредактированная однотемная карточка импорта объединена с каноническим русскоязычным региональным материалом; исходник и атрибуция сохранены для редакционного архива."
"patinaje-en-bahia-redonda","/baza-znaniy/patinaje-en-bahia-redonda","patagonia","/baza-znaniy/patagonia","merged_with_generated_permanent_redirect","Content architect","Неотредактированная однотемная карточка импорта объединена с каноническим русскоязычным региональным материалом; исходник и атрибуция сохранены для редакционного архива."
"penas-folkloricas-en-salta","/baza-znaniy/penas-folkloricas-en-salta","noa","/baza-znaniy/noa","merged_with_generated_permanent_redirect","Content architect","Неотредактированная однотемная карточка импорта объединена с каноническим русскоязычным региональным материалом; исходник и атрибуция сохранены для редакционного архива."
"peninsula-valdes-sitio-patrimonio-mundial-de-la-unesco","/baza-znaniy/peninsula-valdes-sitio-patrimonio-mundial-de-la-unesco","peninsula-valdes","/baza-znaniy/peninsula-valdes","merged_with_generated_permanent_redirect","Content architect","Дублирует сущность peninsula-valdes, её географию и объект Всемирного наследия; сохранена для перенаправления старого URL."
"pesca-con-devolucion-en-entre-rios","/baza-znaniy/pesca-con-devolucion-en-entre-rios","litoral","/baza-znaniy/litoral","merged_with_generated_permanent_redirect","Content architect","Неотредактированная однотемная карточка импорта объединена с каноническим русскоязычным региональным материалом; исходник и атрибуция сохранены для редакционного архива."
"pesca-con-devolucion-en-formosa","/baza-znaniy/pesca-con-devolucion-en-formosa","litoral","/baza-znaniy/litoral","merged_with_generated_permanent_redirect","Content architect","Неотредактированная однотемная карточка импорта объединена с каноническим русскоязычным региональным материалом; исходник и атрибуция сохранены для редакционного архива."
"pesca-deportiva-en-entre-rios","/baza-znaniy/pesca-deportiva-en-entre-rios","litoral","/baza-znaniy/litoral","merged_with_generated_permanent_redirect","Content architect","Неотредактированная однотемная карточка импорта объединена с каноническим русскоязычным региональным материалом; исходник и атрибуция сохранены для редакционного архива."
"pesca-deportiva-en-isla-del-cerrito","/baza-znaniy/pesca-deportiva-en-isla-del-cerrito","litoral","/baza-znaniy/litoral","merged_with_generated_permanent_redirect","Content architect","Неотредактированная однотемная карточка импорта объединена с каноническим русскоязычным региональным материалом; исходник и атрибуция сохранены для редакционного архива."
"pesca-en-el-dique-cabra-corral","/baza-znaniy/pesca-en-el-dique-cabra-corral","noa","/baza-znaniy/noa","merged_with_generated_permanent_redirect","Content architect","Неотредактированная однотемная карточка импорта объединена с каноническим русскоязычным региональным материалом; исходник и атрибуция сохранены для редакционного архива."
"pesca-en-neuquen","/baza-znaniy/pesca-en-neuquen","patagonia","/baza-znaniy/patagonia","merged_with_generated_permanent_redirect","Content architect","Неотредактированная однотемная карточка импорта объединена с каноническим русскоязычным региональным материалом; исходник и атрибуция сохранены для редакционного архива."
"pesca-en-tierra-del-fuego","/baza-znaniy/pesca-en-tierra-del-fuego","tierra-del-fuego","/baza-znaniy/tierra-del-fuego","merged_with_generated_permanent_redirect","Content architect","Неотредактированная однотемная карточка импорта объединена с каноническим русскоязычным региональным материалом; исходник и атрибуция сохранены для редакционного архива."
"pico-truncado","/baza-znaniy/pico-truncado","patagonia","/baza-znaniy/patagonia","merged_with_generated_permanent_redirect","Content architect","Неотредактированная однотемная карточка импорта объединена с каноническим русскоязычным региональным материалом; исходник и атрибуция сохранены для редакционного архива."
"piedra-parada","/baza-znaniy/piedra-parada","patagonia","/baza-znaniy/patagonia","merged_with_generated_permanent_redirect","Content architect","Неотредактированная однотемная карточка импорта объединена с каноническим русскоязычным региональным материалом; исходник и атрибуция сохранены для редакционного архива."
"pinguinos-en-punta-tombo","/baza-znaniy/pinguinos-en-punta-tombo","punta-tombo","/baza-znaniy/punta-tombo","merged_with_generated_permanent_redirect","Content architect","Неотредактированная однотемная карточка импорта объединена с каноническим русскоязычным региональным материалом; исходник и атрибуция сохранены для редакционного архива."
"playas-de-la-patagonia","/baza-znaniy/playas-de-la-patagonia","patagonia","/baza-znaniy/patagonia","merged_with_generated_permanent_redirect","Content architect","Неотредактированная однотемная карточка импорта объединена с каноническим русскоязычным региональным материалом; исходник и атрибуция сохранены для редакционного архива."
"pueblos-de-la-provincia-de-buenos-aires","/baza-znaniy/pueblos-de-la-provincia-de-buenos-aires","buenos-aires-province","/baza-znaniy/buenos-aires-province","merged_with_generated_permanent_redirect","Content architect","Неотредактированная однотемная карточка импорта объединена с каноническим русскоязычным региональным материалом; исходник и атрибуция сохранены для редакционного архива."
"pueblos-galeses-y-comunidades-originarias","/baza-znaniy/pueblos-galeses-y-comunidades-originarias","patagonia","/baza-znaniy/patagonia","merged_with_generated_permanent_redirect","Content architect","Неотредактированная однотемная карточка импорта объединена с каноническим русскоязычным региональным материалом; исходник и атрибуция сохранены для редакционного архива."
"pueblos-pintorescos-de-cordoba","/baza-znaniy/pueblos-pintorescos-de-cordoba","pampa","/baza-znaniy/pampa","merged_with_generated_permanent_redirect","Content architect","Неотредактированная однотемная карточка импорта объединена с каноническим русскоязычным региональным материалом; исходник и атрибуция сохранены для редакционного архива."
"pueblos-rurales-en-santa-fe","/baza-znaniy/pueblos-rurales-en-santa-fe","litoral","/baza-znaniy/litoral","merged_with_generated_permanent_redirect","Content architect","Неотредактированная однотемная карточка импорта объединена с каноническим русскоязычным региональным материалом; исходник и атрибуция сохранены для редакционного архива."
"puente-del-inca","/baza-znaniy/puente-del-inca","cuyo","/baza-znaniy/cuyo","merged_with_generated_permanent_redirect","Content architect","Неотредактированная однотемная карточка импорта объединена с каноническим русскоязычным региональным материалом; исходник и атрибуция сохранены для редакционного архива."
"puente-rosario-victoria","/baza-znaniy/puente-rosario-victoria","rosario","/baza-znaniy/rosario","merged_with_generated_permanent_redirect","Content architect","Неотредактированная карточка активности объединена с канонической русскоязычной страницей города; исходник и атрибуция сохранены для редакционного архива."
"puerto-almanza","/baza-znaniy/puerto-almanza","tierra-del-fuego","/baza-znaniy/tierra-del-fuego","merged_with_generated_permanent_redirect","Content architect","Неотредактированная однотемная карточка импорта объединена с каноническим русскоязычным региональным материалом; исходник и атрибуция сохранены для редакционного архива."
"puerto-san-julian","/baza-znaniy/puerto-san-julian","patagonia","/baza-znaniy/patagonia","merged_with_generated_permanent_redirect","Content architect","Неотредактированная однотемная карточка импорта объединена с каноническим русскоязычным региональным материалом; исходник и атрибуция сохранены для редакционного архива."
"purmamarca","/baza-znaniy/purmamarca","noa","/baza-znaniy/noa","merged_with_generated_permanent_redirect","Content architect","Неотредактированная однотемная карточка импорта объединена с каноническим русскоязычным региональным материалом; исходник и атрибуция сохранены для редакционного архива."
"qhapaq-nan-el-shincal","/baza-znaniy/qhapaq-nan-el-shincal","noa","/baza-znaniy/noa","merged_with_generated_permanent_redirect","Content architect","Неотредактированная однотемная карточка импорта объединена с каноническим русскоязычным региональным материалом; исходник и атрибуция сохранены для редакционного архива."
"quebrada-de-las-flechas","/baza-znaniy/quebrada-de-las-flechas","noa","/baza-znaniy/noa","merged_with_generated_permanent_redirect","Content architect","Неотредактированная однотемная карточка импорта объединена с каноническим русскоязычным региональным материалом; исходник и атрибуция сохранены для редакционного архива."
"quitilipi","/baza-znaniy/quitilipi","litoral","/baza-znaniy/litoral","merged_with_generated_permanent_redirect","Content architect","Неотредактированная однотемная карточка импорта объединена с каноническим русскоязычным региональным материалом; исходник и атрибуция сохранены для редакционного архива."
"rafaela","/baza-znaniy/rafaela","litoral","/baza-znaniy/litoral","merged_with_generated_permanent_redirect","Content architect","Неотредактированная однотемная карточка импорта объединена с каноническим русскоязычным региональным материалом; исходник и атрибуция сохранены для редакционного архива."
"rafting-en-el-rio-chimehuin","/baza-znaniy/rafting-en-el-rio-chimehuin","patagonia","/baza-znaniy/patagonia","merged_with_generated_permanent_redirect","Content architect","Неотредактированная однотемная карточка импорта объединена с каноническим русскоязычным региональным материалом; исходник и атрибуция сохранены для редакционного архива."
"rafting-en-el-rio-corcovado","/baza-znaniy/rafting-en-el-rio-corcovado","patagonia","/baza-znaniy/patagonia","merged_with_generated_permanent_redirect","Content architect","Неотредактированная однотемная карточка импорта объединена с каноническим русскоязычным региональным материалом; исходник и атрибуция сохранены для редакционного архива."
"rafting-en-el-rio-hua-hum","/baza-znaniy/rafting-en-el-rio-hua-hum","patagonia","/baza-znaniy/patagonia","merged_with_generated_permanent_redirect","Content architect","Неотредактированная однотемная карточка импорта объединена с каноническим русскоязычным региональным материалом; исходник и атрибуция сохранены для редакционного архива."
"rafting-en-el-rio-manso","/baza-znaniy/rafting-en-el-rio-manso","patagonia","/baza-znaniy/patagonia","merged_with_generated_permanent_redirect","Content architect","Неотредактированная однотемная карточка импорта объединена с каноническим русскоязычным региональным материалом; исходник и атрибуция сохранены для редакционного архива."
"rafting-en-el-rio-mendoza","/baza-znaniy/rafting-en-el-rio-mendoza","cuyo","/baza-znaniy/cuyo","merged_with_generated_permanent_redirect","Content architect","Неотредактированная однотемная карточка импорта объединена с каноническим русскоязычным региональным материалом; исходник и атрибуция сохранены для редакционного архива."
"reconquista","/baza-znaniy/reconquista","litoral","/baza-znaniy/litoral","merged_with_generated_permanent_redirect","Content architect","Неотредактированная однотемная карточка импорта объединена с каноническим русскоязычным региональным материалом; исходник и атрибуция сохранены для редакционного архива."
"red-de-refugios-de-montana","/baza-znaniy/red-de-refugios-de-montana","patagonia","/baza-znaniy/patagonia","merged_with_generated_permanent_redirect","Content architect","Неотредактированная однотемная карточка импорта объединена с каноническим русскоязычным региональным материалом; исходник и атрибуция сохранены для редакционного архива."
"renca-san-luis","/baza-znaniy/renca-san-luis","cuyo","/baza-znaniy/cuyo","merged_with_generated_permanent_redirect","Content architect","Неотредактированная однотемная карточка импорта объединена с каноническим русскоязычным региональным материалом; исходник и атрибуция сохранены для редакционного архива."
"reserva-costa-atlantica-tierra-del-fuego","/baza-znaniy/reserva-costa-atlantica-tierra-del-fuego","tierra-del-fuego","/baza-znaniy/tierra-del-fuego","merged_with_generated_permanent_redirect","Content architect","Неотредактированная однотемная карточка импорта объединена с каноническим русскоязычным региональным материалом; исходник и атрибуция сохранены для редакционного архива."
"reserva-de-biosfera-laguna-blanca","/baza-znaniy/reserva-de-biosfera-laguna-blanca","noa","/baza-znaniy/noa","merged_with_generated_permanent_redirect","Content architect","Неотредактированная однотемная карточка импорта объединена с каноническим русскоязычным региональным материалом; исходник и атрибуция сохранены для редакционного архива."
"reserva-de-biosfera-laguna-oca","/baza-znaniy/reserva-de-biosfera-laguna-oca","litoral","/baza-znaniy/litoral","merged_with_generated_permanent_redirect","Content architect","Неотредактированная однотемная карточка импорта объединена с каноническим русскоязычным региональным материалом; исходник и атрибуция сохранены для редакционного архива."
"reserva-de-biosfera-yaboti","/baza-znaniy/reserva-de-biosfera-yaboti","litoral","/baza-znaniy/litoral","merged_with_generated_permanent_redirect","Content architect","Неотредактированная однотемная карточка импорта объединена с каноническим русскоязычным региональным материалом; исходник и атрибуция сохранены для редакционного архива."
"reserva-natural-colonia-benitez","/baza-znaniy/reserva-natural-colonia-benitez","litoral","/baza-znaniy/litoral","merged_with_generated_permanent_redirect","Content architect","Неотредактированная однотемная карточка импорта объединена с каноническим русскоязычным региональным материалом; исходник и атрибуция сохранены для редакционного архива."
"reserva-natural-el-nogalar-de-los-toldos","/baza-znaniy/reserva-natural-el-nogalar-de-los-toldos","noa","/baza-znaniy/noa","merged_with_generated_permanent_redirect","Content architect","Неотредактированная однотемная карточка импорта объединена с каноническим русскоязычным региональным материалом; исходник и атрибуция сохранены для редакционного архива."
"reserva-natural-estricta-san-antonio","/baza-znaniy/reserva-natural-estricta-san-antonio","litoral","/baza-znaniy/litoral","merged_with_generated_permanent_redirect","Content architect","Неотредактированная однотемная карточка импорта объединена с каноническим русскоязычным региональным материалом; исходник и атрибуция сохранены для редакционного архива."
"reserva-natural-ibera","/baza-znaniy/reserva-natural-ibera","ibera","/baza-znaniy/ibera","merged_with_generated_permanent_redirect","Content architect","Неотредактированная однотемная карточка импорта объединена с каноническим русскоязычным региональным материалом; исходник и атрибуция сохранены для редакционного архива."
"reserva-natural-laguna-brava","/baza-znaniy/reserva-natural-laguna-brava","noa","/baza-znaniy/noa","merged_with_generated_permanent_redirect","Content architect","Неотредактированная однотемная карточка импорта объединена с каноническим русскоязычным региональным материалом; исходник и атрибуция сохранены для редакционного архива."
"reserva-natural-pichi-mahuida","/baza-znaniy/reserva-natural-pichi-mahuida","pampa","/baza-znaniy/pampa","merged_with_generated_permanent_redirect","Content architect","Неотредактированная однотемная карточка импорта объединена с каноническим русскоязычным региональным материалом; исходник и атрибуция сохранены для редакционного архива."
"reserva-natural-quebrada-de-los-condores","/baza-znaniy/reserva-natural-quebrada-de-los-condores","noa","/baza-znaniy/noa","merged_with_generated_permanent_redirect","Content architect","Неотредактированная однотемная карточка импорта объединена с каноническим русскоязычным региональным материалом; исходник и атрибуция сохранены для редакционного архива."
"reserva-natural-silvestre-isla-de-los-estados","/baza-znaniy/reserva-natural-silvestre-isla-de-los-estados","tierra-del-fuego","/baza-znaniy/tierra-del-fuego","merged_with_generated_permanent_redirect","Content architect","Неотредактированная однотемная карточка импорта объединена с каноническим русскоязычным региональным материалом; исходник и атрибуция сохранены для редакционного архива."
"reserva-provincial-parque-luro","/baza-znaniy/reserva-provincial-parque-luro","pampa","/baza-znaniy/pampa","merged_with_generated_permanent_redirect","Content architect","Неотредактированная однотемная карточка импорта объединена с каноническим русскоязычным региональным материалом; исходник и атрибуция сохранены для редакционного архива."
"ria-de-bahia-blanca","/baza-znaniy/ria-de-bahia-blanca","buenos-aires-province","/baza-znaniy/buenos-aires-province","merged_with_generated_permanent_redirect","Content architect","Неотредактированная однотемная карточка импорта объединена с каноническим русскоязычным региональным материалом; исходник и атрибуция сохранены для редакционного архива."
"rio-gallegos","/baza-znaniy/rio-gallegos","patagonia","/baza-znaniy/patagonia","merged_with_generated_permanent_redirect","Content architect","Неотредактированная однотемная карточка импорта объединена с каноническим русскоязычным региональным материалом; исходник и атрибуция сохранены для редакционного архива."
"rio-grande","/baza-znaniy/rio-grande","tierra-del-fuego","/baza-znaniy/tierra-del-fuego","merged_with_generated_permanent_redirect","Content architect","Неотредактированная однотемная карточка импорта объединена с каноническим русскоязычным региональным материалом; исходник и атрибуция сохранены для редакционного архива."
"rio-parana","/baza-znaniy/rio-parana","buenos-aires-province","/baza-znaniy/buenos-aires-province","merged_with_generated_permanent_redirect","Content architect","Неотредактированная однотемная карточка импорта объединена с каноническим русскоязычным региональным материалом; исходник и атрибуция сохранены для редакционного архива."
"roque-saenz-pena","/baza-znaniy/roque-saenz-pena","litoral","/baza-znaniy/litoral","merged_with_generated_permanent_redirect","Content architect","Неотредактированная однотемная карточка импорта объединена с каноническим русскоязычным региональным материалом; исходник и атрибуция сохранены для редакционного архива."
"ruta-40-en-chubut","/baza-znaniy/ruta-40-en-chubut","patagonia","/baza-znaniy/patagonia","merged_with_generated_permanent_redirect","Content architect","Неотредактированная однотемная карточка импорта объединена с каноническим русскоязычным региональным материалом; исходник и атрибуция сохранены для редакционного архива."
"ruta-40-en-santa-cruz","/baza-znaniy/ruta-40-en-santa-cruz","patagonia","/baza-znaniy/patagonia","merged_with_generated_permanent_redirect","Content architect","Неотредактированная однотемная карточка импорта объединена с каноническим русскоязычным региональным материалом; исходник и атрибуция сохранены для редакционного архива."
"ruta-azul","/baza-znaniy/ruta-azul","patagonia","/baza-znaniy/patagonia","merged_with_generated_permanent_redirect","Content architect","Неотредактированная однотемная карточка импорта объединена с каноническим русскоязычным региональным материалом; исходник и атрибуция сохранены для редакционного архива."
"ruta-de-la-cultura-qom","/baza-znaniy/ruta-de-la-cultura-qom","litoral","/baza-znaniy/litoral","merged_with_generated_permanent_redirect","Content architect","Неотредактированная однотемная карточка импорта объединена с каноническим русскоязычным региональным материалом; исходник и атрибуция сохранены для редакционного архива."
"ruta-de-los-siete-lagos","/baza-znaniy/ruta-de-los-siete-lagos","patagonia","/baza-znaniy/patagonia","merged_with_generated_permanent_redirect","Content architect","Неотредактированная однотемная карточка импорта объединена с каноническим русскоязычным региональным материалом; исходник и атрибуция сохранены для редакционного архива."
"ruta-del-adobe-en-catamarca","/baza-znaniy/ruta-del-adobe-en-catamarca","noa","/baza-znaniy/noa","merged_with_generated_permanent_redirect","Content architect","Неотредактированная однотемная карточка импорта объединена с каноническим русскоязычным региональным материалом; исходник и атрибуция сохранены для редакционного архива."
"ruta-del-artesano-en-tucuman","/baza-znaniy/ruta-del-artesano-en-tucuman","noa","/baza-znaniy/noa","merged_with_generated_permanent_redirect","Content architect","Неотредактированная однотемная карточка импорта объединена с каноническим русскоязычным региональным материалом; исходник и атрибуция сохранены для редакционного архива."
"ruta-del-olivo-san-juan","/baza-znaniy/ruta-del-olivo-san-juan","cuyo","/baza-znaniy/cuyo","merged_with_generated_permanent_redirect","Content architect","Неотредактированная однотемная карточка импорта объединена с каноническим русскоязычным региональным материалом; исходник и атрибуция сохранены для редакционного архива."
"ruta-del-vino-en-la-patagonia","/baza-znaniy/ruta-del-vino-en-la-patagonia","patagonia","/baza-znaniy/patagonia","merged_with_generated_permanent_redirect","Content architect","Неотредактированная однотемная карточка импорта объединена с каноническим русскоязычным региональным материалом; исходник и атрибуция сохранены для редакционного архива."
"ruta-del-vino-en-san-juan","/baza-znaniy/ruta-del-vino-en-san-juan","cuyo","/baza-znaniy/cuyo","merged_with_generated_permanent_redirect","Content architect","Неотредактированная однотемная карточка импорта объединена с каноническим русскоязычным региональным материалом; исходник и атрибуция сохранены для редакционного архива."
"ruta-del-vino-en-tucuman","/baza-znaniy/ruta-del-vino-en-tucuman","noa","/baza-znaniy/noa","merged_with_generated_permanent_redirect","Content architect","Неотредактированная однотемная карточка импорта объединена с каноническим русскоязычным региональным материалом; исходник и атрибуция сохранены для редакционного архива."
"ruta-interlagos-san-juan","/baza-znaniy/ruta-interlagos-san-juan","cuyo","/baza-znaniy/cuyo","merged_with_generated_permanent_redirect","Content architect","Неотредактированная однотемная карточка импорта объединена с каноническим русскоязычным региональным материалом; исходник и атрибуция сохранены для редакционного архива."
"rutas-de-tierra-del-fuego","/baza-znaniy/rutas-de-tierra-del-fuego","tierra-del-fuego","/baza-znaniy/tierra-del-fuego","merged_with_generated_permanent_redirect","Content architect","Неотредактированная однотемная карточка импорта объединена с каноническим русскоязычным региональным материалом; исходник и атрибуция сохранены для редакционного архива."
"sabores-de-chaco","/baza-znaniy/sabores-de-chaco","gastronomia-de-chaco","/baza-znaniy/gastronomia-de-chaco","merged_with_generated_permanent_redirect","Content architect","Дублирует тему, источники и иллюстративный набор записи gastronomia-de-chaco; сохранена как редакционный архив с постоянным перенаправлением."
"sabores-riojanos","/baza-znaniy/sabores-riojanos","noa","/baza-znaniy/noa","merged_with_generated_permanent_redirect","Content architect","Неотредактированная однотемная карточка импорта объединена с каноническим русскоязычным региональным материалом; исходник и атрибуция сохранены для редакционного архива."
"salinas-grandes-jujuy","/baza-znaniy/salinas-grandes-jujuy","salinas-grandes","/baza-znaniy/salinas-grandes","merged_with_generated_permanent_redirect","Content architect","Неотредактированная однотемная карточка импорта объединена с каноническим русскоязычным региональным материалом; исходник и атрибуция сохранены для редакционного архива."
"salta-y-san-lorenzo","/baza-znaniy/salta-y-san-lorenzo","noa","/baza-znaniy/noa","merged_with_generated_permanent_redirect","Content architect","Неотредактированная однотемная карточка импорта объединена с каноническим русскоязычным региональным материалом; исходник и атрибуция сохранены для редакционного архива."
"salto-encantado","/baza-znaniy/salto-encantado","litoral","/baza-znaniy/litoral","merged_with_generated_permanent_redirect","Content architect","Неотредактированная однотемная карточка импорта объединена с каноническим русскоязычным региональным материалом; исходник и атрибуция сохранены для редакционного архива."
"san-antonio-oeste","/baza-znaniy/san-antonio-oeste","patagonia","/baza-znaniy/patagonia","merged_with_generated_permanent_redirect","Content architect","Неотредактированная однотемная карточка импорта объединена с каноническим русскоязычным региональным материалом; исходник и атрибуция сохранены для редакционного архива."
"san-jose","/baza-znaniy/san-jose","litoral","/baza-znaniy/litoral","merged_with_generated_permanent_redirect","Content architect","Неотредактированная однотемная карточка импорта объединена с каноническим русскоязычным региональным материалом; исходник и атрибуция сохранены для редакционного архива."
"sandboard-en-abra-pampa","/baza-znaniy/sandboard-en-abra-pampa","noa","/baza-znaniy/noa","merged_with_generated_permanent_redirect","Content architect","Неотредактированная однотемная карточка импорта объединена с каноническим русскоязычным региональным материалом; исходник и атрибуция сохранены для редакционного архива."
"sandboard-en-las-dunas-de-saujil","/baza-znaniy/sandboard-en-las-dunas-de-saujil","noa","/baza-znaniy/noa","merged_with_generated_permanent_redirect","Content architect","Неотредактированная однотемная карточка импорта объединена с каноническим русскоязычным региональным материалом; исходник и атрибуция сохранены для редакционного архива."
"santa-maria","/baza-znaniy/santa-maria","noa","/baza-znaniy/noa","merged_with_generated_permanent_redirect","Content architect","Неотредактированная однотемная карточка импорта объединена с каноническим русскоязычным региональным материалом; исходник и атрибуция сохранены для редакционного архива."
"seclantas","/baza-znaniy/seclantas","noa","/baza-znaniy/noa","merged_with_generated_permanent_redirect","Content architect","Неотредактированная однотемная карточка импорта объединена с каноническим русскоязычным региональным материалом; исходник и атрибуция сохранены для редакционного архива."
"senderismo-con-llamas-en-jujuy","/baza-znaniy/senderismo-con-llamas-en-jujuy","noa","/baza-znaniy/noa","merged_with_generated_permanent_redirect","Content architect","Неотредактированная однотемная карточка импорта объединена с каноническим русскоязычным региональным материалом; исходник и атрибуция сохранены для редакционного архива."
"senderos-periurbanos-de-esquel","/baza-znaniy/senderos-periurbanos-de-esquel","patagonia","/baza-znaniy/patagonia","merged_with_generated_permanent_redirect","Content architect","Неотредактированная однотемная карточка импорта объединена с каноническим русскоязычным региональным материалом; исходник и атрибуция сохранены для редакционного архива."
"sierras-cordobesas","/baza-znaniy/sierras-cordobesas","pampa","/baza-znaniy/pampa","merged_with_generated_permanent_redirect","Content architect","Неотредактированная однотемная карточка импорта объединена с каноническим русскоязычным региональным материалом; исходник и атрибуция сохранены для редакционного архива."
"sierras-de-la-provincia-de-buenos-aires","/baza-znaniy/sierras-de-la-provincia-de-buenos-aires","buenos-aires-province","/baza-znaniy/buenos-aires-province","merged_with_generated_permanent_redirect","Content architect","Неотредактированная однотемная карточка импорта объединена с каноническим русскоязычным региональным материалом; исходник и атрибуция сохранены для редакционного архива."
"sierras-de-sumampa","/baza-znaniy/sierras-de-sumampa","noa","/baza-znaniy/noa","merged_with_generated_permanent_redirect","Content architect","Неотредактированная однотемная карточка импорта объединена с каноническим русскоязычным региональным материалом; исходник и атрибуция сохранены для редакционного архива."
"tafi-viejo","/baza-znaniy/tafi-viejo","noa","/baza-znaniy/noa","merged_with_generated_permanent_redirect","Content architect","Неотредактированная однотемная карточка импорта объединена с каноническим русскоязычным региональным материалом; исходник и атрибуция сохранены для редакционного архива."
"tango-en-buenos-aires","/baza-znaniy/tango-en-buenos-aires","mentalitet-i-etiket","/baza-znaniy/mentalitet-i-etiket","merged_with_generated_permanent_redirect","Content architect","Неотредактированная однотемная карточка импорта объединена с каноническим русскоязычным региональным материалом; исходник и атрибуция сохранены для редакционного архива."
"tastil-y-santa-rosa-de-tastil","/baza-znaniy/tastil-y-santa-rosa-de-tastil","noa","/baza-znaniy/noa","merged_with_generated_permanent_redirect","Content architect","Неотредактированная однотемная карточка импорта объединена с каноническим русскоязычным региональным материалом; исходник и атрибуция сохранены для редакционного архива."
"teatro-y-literatura-en-buenos-aires","/baza-znaniy/teatro-y-literatura-en-buenos-aires","mentalitet-i-etiket","/baza-znaniy/mentalitet-i-etiket","merged_with_generated_permanent_redirect","Content architect","Неотредактированная однотемная карточка импорта объединена с каноническим русскоязычным региональным материалом; исходник и атрибуция сохранены для редакционного архива."
"temporada-de-orcas-en-peninsula-valdes","/baza-znaniy/temporada-de-orcas-en-peninsula-valdes","patagonia","/baza-znaniy/patagonia","merged_with_generated_permanent_redirect","Content architect","Неотредактированная однотемная карточка импорта объединена с каноническим русскоязычным региональным материалом; исходник и атрибуция сохранены для редакционного архива."
"termas-de-cacheuta","/baza-znaniy/termas-de-cacheuta","cuyo","/baza-znaniy/cuyo","merged_with_generated_permanent_redirect","Content architect","Неотредактированная однотемная карточка импорта объединена с каноническим русскоязычным региональным материалом; исходник и атрибуция сохранены для редакционного архива."
"termas-de-saenz-pena","/baza-znaniy/termas-de-saenz-pena","litoral","/baza-znaniy/litoral","merged_with_generated_permanent_redirect","Content architect","Неотредактированная однотемная карточка импорта объединена с каноническим русскоязычным региональным материалом; исходник и атрибуция сохранены для редакционного архива."
"termas-del-rio-jordan","/baza-znaniy/termas-del-rio-jordan","noa","/baza-znaniy/noa","merged_with_generated_permanent_redirect","Content architect","Неотредактированная однотемная карточка импорта объединена с каноническим русскоязычным региональным материалом; исходник и атрибуция сохранены для редакционного архива."
"termas-en-entre-rios","/baza-znaniy/termas-en-entre-rios","litoral","/baza-znaniy/litoral","merged_with_generated_permanent_redirect","Content architect","Неотредактированная однотемная карточка импорта объединена с каноническим русскоязычным региональным материалом; исходник и атрибуция сохранены для редакционного архива."
"tilcara","/baza-znaniy/tilcara","noa","/baza-znaniy/noa","merged_with_generated_permanent_redirect","Content architect","Неотредактированная однотемная карточка импорта объединена с каноническим русскоязычным региональным материалом; исходник и атрибуция сохранены для редакционного архива."
"tinogasta","/baza-znaniy/tinogasta","noa","/baza-znaniy/noa","merged_with_generated_permanent_redirect","Content architect","Неотредактированная однотемная карточка импорта объединена с каноническим русскоязычным региональным материалом; исходник и атрибуция сохранены для редакционного архива."
"tolhuin","/baza-znaniy/tolhuin","tierra-del-fuego","/baza-znaniy/tierra-del-fuego","merged_with_generated_permanent_redirect","Content architect","Неотредактированная однотемная карточка импорта объединена с каноническим русскоязычным региональным материалом; исходник и атрибуция сохранены для редакционного архива."
"tradicion-cervecera-en-santa-fe","/baza-znaniy/tradicion-cervecera-en-santa-fe","litoral","/baza-znaniy/litoral","merged_with_generated_permanent_redirect","Content architect","Неотредактированная однотемная карточка импорта объединена с каноническим русскоязычным региональным материалом; исходник и атрибуция сохранены для редакционного архива."
"tradiciones-gauchas","/baza-znaniy/tradiciones-gauchas","buenos-aires-province","/baza-znaniy/buenos-aires-province","merged_with_generated_permanent_redirect","Content architect","Неотредактированная однотемная карточка импорта объединена с каноническим русскоязычным региональным материалом; исходник и атрибуция сохранены для редакционного архива."
"travesia-4x4-en-tierra-del-fuego","/baza-znaniy/travesia-4x4-en-tierra-del-fuego","tierra-del-fuego","/baza-znaniy/tierra-del-fuego","merged_with_generated_permanent_redirect","Content architect","Неотредактированная однотемная карточка импорта объединена с каноническим русскоязычным региональным материалом; исходник и атрибуция сохранены для редакционного архива."
"trekking-en-bosques-y-lagos","/baza-znaniy/trekking-en-bosques-y-lagos","patagonia","/baza-znaniy/patagonia","merged_with_generated_permanent_redirect","Content architect","Неотредактированная однотемная карточка импорта объединена с каноническим русскоязычным региональным материалом; исходник и атрибуция сохранены для редакционного архива."
"trekking-en-lihue-calel","/baza-znaniy/trekking-en-lihue-calel","pampa","/baza-znaniy/pampa","merged_with_generated_permanent_redirect","Content architect","Неотредактированная однотемная карточка импорта объединена с каноническим русскоязычным региональным материалом; исходник и атрибуция сохранены для редакционного архива."
"trekking-en-parque-patagonia","/baza-znaniy/trekking-en-parque-patagonia","patagonia","/baza-znaniy/patagonia","merged_with_generated_permanent_redirect","Content architect","Неотредактированная однотемная карточка импорта объединена с каноническим русскоязычным региональным материалом; исходник и атрибуция сохранены для редакционного архива."
"trekking-en-salta","/baza-znaniy/trekking-en-salta","noa","/baza-znaniy/noa","merged_with_generated_permanent_redirect","Content architect","Неотредактированная однотемная карточка импорта объединена с каноническим русскоязычным региональным материалом; исходник и атрибуция сохранены для редакционного архива."
"trekking-en-tolhuin","/baza-znaniy/trekking-en-tolhuin","tierra-del-fuego","/baza-znaniy/tierra-del-fuego","merged_with_generated_permanent_redirect","Content architect","Неотредактированная однотемная карточка импорта объединена с каноническим русскоязычным региональным материалом; исходник и атрибуция сохранены для редакционного архива."
"tren-a-las-nubes","/baza-znaniy/tren-a-las-nubes","noa","/baza-znaniy/noa","merged_with_generated_permanent_redirect","Content architect","Неотредактированная однотемная карточка импорта объединена с каноническим русскоязычным региональным материалом; исходник и атрибуция сохранены для редакционного архива."
"tren-de-las-sierras","/baza-znaniy/tren-de-las-sierras","pampa","/baza-znaniy/pampa","merged_with_generated_permanent_redirect","Content architect","Неотредактированная однотемная карточка импорта объединена с каноническим русскоязычным региональным материалом; исходник и атрибуция сохранены для редакционного архива."
"trevelin-el-pueblo-del-molino","/baza-znaniy/trevelin-el-pueblo-del-molino","patagonia","/baza-znaniy/patagonia","merged_with_generated_permanent_redirect","Content architect","Неотредактированная однотемная карточка импорта объединена с каноническим русскоязычным региональным материалом; исходник и атрибуция сохранены для редакционного архива."
"trevelin","/baza-znaniy/trevelin","patagonia","/baza-znaniy/patagonia","merged_with_generated_permanent_redirect","Content architect","До появления лицензированного hero-изображения материал сохранён в архиве и ведёт на опубликованный региональный путеводитель; исходный текст и источники сохранены."
"turismo-cultural-en-rosario","/baza-znaniy/turismo-cultural-en-rosario","litoral","/baza-znaniy/litoral","merged_with_generated_permanent_redirect","Content architect","Неотредактированная однотемная карточка импорта объединена с каноническим русскоязычным региональным материалом; исходник и атрибуция сохранены для редакционного архива."
"turismo-paleontologico-en-neuquen","/baza-znaniy/turismo-paleontologico-en-neuquen","patagonia","/baza-znaniy/patagonia","merged_with_generated_permanent_redirect","Content architect","Неотредактированная однотемная карточка импорта объединена с каноническим русскоязычным региональным материалом; исходник и атрибуция сохранены для редакционного архива."
"turismo-religioso-en-salta","/baza-znaniy/turismo-religioso-en-salta","noa","/baza-znaniy/noa","merged_with_generated_permanent_redirect","Content architect","Неотредактированная однотемная карточка импорта объединена с каноническим русскоязычным региональным материалом; исходник и атрибуция сохранены для редакционного архива."
"turismo-rural-comunitario","/baza-znaniy/turismo-rural-comunitario","patagonia","/baza-znaniy/patagonia","merged_with_generated_permanent_redirect","Content architect","Неотредактированная однотемная карточка импорта объединена с каноническим русскоязычным региональным материалом; исходник и атрибуция сохранены для редакционного архива."
"turismo-rural-en-la-pampa","/baza-znaniy/turismo-rural-en-la-pampa","pampa","/baza-znaniy/pampa","merged_with_generated_permanent_redirect","Content architect","Неотредактированная однотемная карточка импорта объединена с каноническим русскоязычным региональным материалом; исходник и атрибуция сохранены для редакционного архива."
"turismo-rural-en-salta","/baza-znaniy/turismo-rural-en-salta","noa","/baza-znaniy/noa","merged_with_generated_permanent_redirect","Content architect","Неотредактированная однотемная карточка импорта объединена с каноническим русскоязычным региональным материалом; исходник и атрибуция сохранены для редакционного архива."
"ushuaia-la-ciudad-y-el-tren","/baza-znaniy/ushuaia-la-ciudad-y-el-tren","tierra-del-fuego","/baza-znaniy/tierra-del-fuego","merged_with_generated_permanent_redirect","Content architect","Неотредактированная однотемная карточка импорта объединена с каноническим русскоязычным региональным материалом; исходник и атрибуция сохранены для редакционного архива."
"valle-de-la-luna-de-cusi-cusi","/baza-znaniy/valle-de-la-luna-de-cusi-cusi","noa","/baza-znaniy/noa","merged_with_generated_permanent_redirect","Content architect","Неотредактированная однотемная карточка импорта объединена с каноническим русскоязычным региональным материалом; исходник и атрибуция сохранены для редакционного архива."
"valle-de-punilla-cordoba","/baza-znaniy/valle-de-punilla-cordoba","pampa","/baza-znaniy/pampa","merged_with_generated_permanent_redirect","Content architect","Неотредактированная однотемная карточка импорта объединена с каноническим русскоязычным региональным материалом; исходник и атрибуция сохранены для редакционного архива."
"valle-de-traslasierra","/baza-znaniy/valle-de-traslasierra","pampa","/baza-znaniy/pampa","merged_with_generated_permanent_redirect","Content architect","Неотредактированная однотемная карточка импорта объединена с каноническим русскоязычным региональным материалом; исходник и атрибуция сохранены для редакционного архива."
"valle-de-uco-mendoza","/baza-znaniy/valle-de-uco-mendoza","cuyo","/baza-znaniy/cuyo","merged_with_generated_permanent_redirect","Content architect","Неотредактированная однотемная карточка импорта объединена с каноническим русскоязычным региональным материалом; исходник и атрибуция сохранены для редакционного архива."
"valle-de-uco","/baza-znaniy/valle-de-uco","cuyo","/baza-znaniy/cuyo","merged_with_generated_permanent_redirect","Content architect","До появления лицензированного hero-изображения материал сохранён в архиве и ведёт на опубликованный региональный путеводитель; исходный текст и источники сохранены."
"valle-encantado","/baza-znaniy/valle-encantado","patagonia","/baza-znaniy/patagonia","merged_with_generated_permanent_redirect","Content architect","Неотредактированная однотемная карточка импорта объединена с каноническим русскоязычным региональным материалом; исходник и атрибуция сохранены для редакционного архива."
"valle-grande","/baza-znaniy/valle-grande","cuyo","/baza-znaniy/cuyo","merged_with_generated_permanent_redirect","Content architect","Неотредактированная однотемная карточка импорта объединена с каноническим русскоязычным региональным материалом; исходник и атрибуция сохранены для редакционного архива."
"valles-y-bosques-fueguinos","/baza-znaniy/valles-y-bosques-fueguinos","tierra-del-fuego","/baza-znaniy/tierra-del-fuego","merged_with_generated_permanent_redirect","Content architect","Неотредактированная однотемная карточка импорта объединена с каноническим русскоязычным региональным материалом; исходник и атрибуция сохранены для редакционного архива."
"verano-en-corrientes","/baza-znaniy/verano-en-corrientes","litoral","/baza-znaniy/litoral","merged_with_generated_permanent_redirect","Content architect","Неотредактированная однотемная карточка импорта объединена с каноническим русскоязычным региональным материалом; исходник и атрибуция сохранены для редакционного архива."
"vida-nocturna-en-buenos-aires","/baza-znaniy/vida-nocturna-en-buenos-aires","mentalitet-i-etiket","/baza-znaniy/mentalitet-i-etiket","merged_with_generated_permanent_redirect","Content architect","Неотредактированная однотемная карточка импорта объединена с каноническим русскоязычным региональным материалом; исходник и атрибуция сохранены для редакционного архива."
"viedma","/baza-znaniy/viedma","patagonia","/baza-znaniy/patagonia","merged_with_generated_permanent_redirect","Content architect","Неотредактированная однотемная карточка импорта объединена с каноническим русскоязычным региональным материалом; исходник и атрибуция сохранены для редакционного архива."
"villa-carlos-paz","/baza-znaniy/villa-carlos-paz","pampa","/baza-znaniy/pampa","merged_with_generated_permanent_redirect","Content architect","Неотредактированная однотемная карточка импорта объединена с каноническим русскоязычным региональным материалом; исходник и атрибуция сохранены для редакционного архива."
"villa-del-carmen-san-luis","/baza-znaniy/villa-del-carmen-san-luis","cuyo","/baza-znaniy/cuyo","merged_with_generated_permanent_redirect","Content architect","Неотредактированная однотемная карточка импорта объединена с каноническим русскоязычным региональным материалом; исходник и атрибуция сохранены для редакционного архива."
"villa-general-belgrano","/baza-znaniy/villa-general-belgrano","pampa","/baza-znaniy/pampa","merged_with_generated_permanent_redirect","Content architect","Неотредактированная однотемная карточка импорта объединена с каноническим русскоязычным региональным материалом; исходник и атрибуция сохранены для редакционного архива."
"villa-la-punta","/baza-znaniy/villa-la-punta","noa","/baza-znaniy/noa","merged_with_generated_permanent_redirect","Content architect","Неотредактированная однотемная карточка импорта объединена с каноническим русскоязычным региональным материалом; исходник и атрибуция сохранены для редакционного архива."
"villa-mercedes-san-luis","/baza-znaniy/villa-mercedes-san-luis","cuyo","/baza-znaniy/cuyo","merged_with_generated_permanent_redirect","Content architect","Неотредактированная однотемная карточка импорта объединена с каноническим русскоязычным региональным материалом; исходник и атрибуция сохранены для редакционного архива."
"villa-nougues","/baza-znaniy/villa-nougues","noa","/baza-znaniy/noa","merged_with_generated_permanent_redirect","Content architect","Неотредактированная однотемная карточка импорта объединена с каноническим русскоязычным региональным материалом; исходник и атрибуция сохранены для редакционного архива."
"villa-ocampo","/baza-znaniy/villa-ocampo","litoral","/baza-znaniy/litoral","merged_with_generated_permanent_redirect","Content architect","Неотредактированная однотемная карточка импорта объединена с каноническим русскоязычным региональным материалом; исходник и атрибуция сохранены для редакционного архива."
"villa-paranacito","/baza-znaniy/villa-paranacito","litoral","/baza-znaniy/litoral","merged_with_generated_permanent_redirect","Content architect","Неотредактированная однотемная карточка импорта объединена с каноническим русскоязычным региональным материалом; исходник и атрибуция сохранены для редакционного архива."
"villa-pehuenia","/baza-znaniy/villa-pehuenia","patagonia","/baza-znaniy/patagonia","merged_with_generated_permanent_redirect","Content architect","Неотредактированная однотемная карточка импорта объединена с каноническим русскоязычным региональным материалом; исходник и атрибуция сохранены для редакционного архива."
"villa-regina","/baza-znaniy/villa-regina","patagonia","/baza-znaniy/patagonia","merged_with_generated_permanent_redirect","Content architect","Неотредактированная однотемная карточка импорта объединена с каноническим русскоязычным региональным материалом; исходник и атрибуция сохранены для редакционного архива."
"villa-rio-bermejito","/baza-znaniy/villa-rio-bermejito","litoral","/baza-znaniy/litoral","merged_with_generated_permanent_redirect","Content architect","Неотредактированная однотемная карточка импорта объединена с каноническим русскоязычным региональным материалом; исходник и атрибуция сохранены для редакционного архива."
"villa-traful","/baza-znaniy/villa-traful","patagonia","/baza-znaniy/patagonia","merged_with_generated_permanent_redirect","Content architect","Неотредактированная однотемная карточка импорта объединена с каноническим русскоязычным региональным материалом; исходник и атрибуция сохранены для редакционного архива."
"vinos-de-san-juan","/baza-znaniy/vinos-de-san-juan","cuyo","/baza-znaniy/cuyo","merged_with_generated_permanent_redirect","Content architect","Неотредактированная однотемная карточка импорта объединена с каноническим русскоязычным региональным материалом; исходник и атрибуция сохранены для редакционного архива."
"vinos-de-tolombon","/baza-znaniy/vinos-de-tolombon","noa","/baza-znaniy/noa","merged_with_generated_permanent_redirect","Content architect","Неотредактированная однотемная карточка импорта объединена с каноническим русскоязычным региональным материалом; исходник и атрибуция сохранены для редакционного архива."
"vinos-del-valle-patagonico","/baza-znaniy/vinos-del-valle-patagonico","pampa","/baza-znaniy/pampa","merged_with_generated_permanent_redirect","Content architect","Неотредактированная однотемная карточка импорта объединена с каноническим русскоязычным региональным материалом; исходник и атрибуция сохранены для редакционного архива."
"volcan-lanin","/baza-znaniy/volcan-lanin","lanin","/baza-znaniy/lanin","merged_with_generated_permanent_redirect","Content architect","Неотредактированная карточка активности объединена с канонической русскоязычной страницей национального парка; исходник и атрибуция сохранены для редакционного архива."
"volcan-malacara","/baza-znaniy/volcan-malacara","cuyo","/baza-znaniy/cuyo","merged_with_generated_permanent_redirect","Content architect","Неотредактированная однотемная карточка импорта объединена с каноническим русскоязычным региональным материалом; исходник и атрибуция сохранены для редакционного архива."
"yapeyu","/baza-znaniy/yapeyu","litoral","/baza-znaniy/litoral","merged_with_generated_permanent_redirect","Content architect","Неотредактированная однотемная карточка импорта объединена с каноническим русскоязычным региональным материалом; исходник и атрибуция сохранены для редакционного архива."
"yungas-tucumanas","/baza-znaniy/yungas-tucumanas","noa","/baza-znaniy/noa","merged_with_generated_permanent_redirect","Content architect","Неотредактированная однотемная карточка импорта объединена с каноническим русскоязычным региональным материалом; исходник и атрибуция сохранены для редакционного архива."
"esim-ili-lokalnaya-sim","/baza-znaniy/esim-ili-lokalnaya-sim","esim-i-svyaz","/baza-znaniy/esim-i-svyaz","merged_with_generated_permanent_redirect","Content architect","Короткий ответ не имеет подтверждённых первичных источников и не прошёл редакционную проверку; читатель перенаправляется к каноническому материалу для обновления."
"kak-kupit-aviabilety-deshevle","/baza-znaniy/kak-kupit-aviabilety-deshevle","vnutrennie-aviabilety","/baza-znaniy/vnutrennie-aviabilety","merged_with_generated_permanent_redirect","Content architect","Короткий ответ не имеет подтверждённых первичных источников и не прошёл редакционную проверку; читатель перенаправляется к каноническому материалу для обновления."
"kakoj-otrub-steika-zakazat","/baza-znaniy/kakoj-otrub-steika-zakazat","kuhnya","/baza-znaniy/kuhnya","merged_with_generated_permanent_redirect","Content architect","Короткий ответ не имеет подтверждённых первичных источников и не прошёл редакционную проверку; читатель перенаправляется к каноническому материалу для обновления."
"kogda-luchshe-ehat-v-argentinu","/baza-znaniy/kogda-luchshe-ehat-v-argentinu","klimat-po-regionam","/baza-znaniy/klimat-po-regionam","merged_with_generated_permanent_redirect","Content architect","Короткий ответ не имеет подтверждённых первичных источников и не прошёл редакционную проверку; читатель перенаправляется к каноническому материалу для обновления."
"mozhno-li-uvidet-lednik-bez-trekkinga","/baza-znaniy/mozhno-li-uvidet-lednik-bez-trekkinga","los-glasiares","/baza-znaniy/los-glasiares","merged_with_generated_permanent_redirect","Content architect","Короткий ответ не имеет подтверждённых первичных источников и не прошёл редакционную проверку; читатель перенаправляется к каноническому материалу для обновления."
"nuzhen-li-4x4-ruta-40","/baza-znaniy/nuzhen-li-4x4-ruta-40","ruta-40-sem-ozer","/baza-znaniy/ruta-40-sem-ozer","merged_with_generated_permanent_redirect","Content architect","Короткий ответ не имеет подтверждённых первичных источников и не прошёл редакционную проверку; читатель перенаправляется к каноническому материалу для обновления."
"samyj-yuzhnyj-gorod-mira","/baza-znaniy/samyj-yuzhnyj-gorod-mira","ushuaia","/baza-znaniy/ushuaia","merged_with_generated_permanent_redirect","Content architect","Короткий ответ не имеет подтверждённых первичных источников и не прошёл редакционную проверку; читатель перенаправляется к каноническому материалу для обновления."
"skolko-dnej-na-marshrut-2-nedeli","/baza-znaniy/skolko-dnej-na-marshrut-2-nedeli","argentina-2-nedeli","/baza-znaniy/argentina-2-nedeli","merged_with_generated_permanent_redirect","Content architect","Короткий ответ не имеет подтверждённых первичных источников и не прошёл редакционную проверку; читатель перенаправляется к каноническому материалу для обновления."
"skolko-dnej-nuzhno-na-iguasu","/baza-znaniy/skolko-dnej-nuzhno-na-iguasu","iguasu","/baza-znaniy/iguasu","merged_with_generated_permanent_redirect","Content architect","Короткий ответ не имеет подтверждённых первичных источников и не прошёл редакционную проверку; читатель перенаправляется к каноническому материалу для обновления."
"federacion","/baza-znaniy/federacion","litoral","/baza-znaniy/litoral","merged_with_generated_permanent_redirect","Content architect","Неотредактированная однотемная карточка импорта объединена с каноническим русскоязычным региональным материалом; исходник и атрибуция сохранены для редакционного архива."
"gualeguaychu","/baza-znaniy/gualeguaychu","litoral","/baza-znaniy/litoral","merged_with_generated_permanent_redirect","Content architect","Неотредактированная однотемная карточка импорта объединена с каноническим русскоязычным региональным материалом; исходник и атрибуция сохранены для редакционного архива."
"los-antiguos","/baza-znaniy/los-antiguos","patagonia","/baza-znaniy/patagonia","merged_with_generated_permanent_redirect","Content architect","Неотредактированная импортная городская карточка объединена с каноническим русскоязычным гидом по Патагонии; исходник и лицензированные медиа сохранены."
"mercedes-corrientes","/baza-znaniy/mercedes-corrientes","ibera","/baza-znaniy/ibera","merged_with_generated_permanent_redirect","Content architect","Краткая транзитная карточка объединена с полноценным практическим гидом по Ибере; отдельная публикация не давала читателю достаточной глубины."
"posadas","/baza-znaniy/posadas","litoral","/baza-znaniy/litoral","merged_with_generated_permanent_redirect","Content architect","Неотредактированная однотемная карточка импорта объединена с каноническим русскоязычным региональным материалом; исходник и атрибуция сохранены для редакционного архива."
"puerto-deseado","/baza-znaniy/puerto-deseado","patagonia","/baza-znaniy/patagonia","merged_with_generated_permanent_redirect","Content architect","Неотредактированная однотемная карточка импорта объединена с каноническим русскоязычным региональным материалом; исходник и атрибуция сохранены для редакционного архива."
"puerto-iguazu","/baza-znaniy/puerto-iguazu","litoral","/baza-znaniy/litoral","merged_with_generated_permanent_redirect","Content architect","Неотредактированная однотемная карточка импорта объединена с каноническим русскоязычным региональным материалом; исходник и атрибуция сохранены для редакционного архива."
"san-antonio-de-areco","/baza-znaniy/san-antonio-de-areco","buenos-aires-province","/baza-znaniy/buenos-aires-province","merged_with_generated_permanent_redirect","Content architect","Неотредактированная однотемная карточка импорта объединена с каноническим русскоязычным региональным материалом; исходник и атрибуция сохранены для редакционного архива."
"san-rafael","/baza-znaniy/san-rafael","cuyo","/baza-znaniy/cuyo","merged_with_generated_permanent_redirect","Content architect","Неотредактированная однотемная карточка импорта объединена с каноническим русскоязычным региональным материалом; исходник и атрибуция сохранены для редакционного архива."
"empanadas","/baza-znaniy/empanadas","kuhnya","/baza-znaniy/kuhnya","merged_with_generated_permanent_redirect","Content architect","Тематическая карточка объединена с основным материалом об аргентинской кухне."
"folklor-i-muzyka","/baza-znaniy/folklor-i-muzyka","mentalitet-i-etiket","/baza-znaniy/mentalitet-i-etiket","merged_with_generated_permanent_redirect","Content architect","Краткий культурный обзор объединён с проверенным материалом о повседневных культурных кодах страны."
"interesnye-fakty","/baza-znaniy/interesnye-fakty","mentalitet-i-etiket","/baza-znaniy/mentalitet-i-etiket","merged_with_generated_permanent_redirect","Content architect","Разрозненная подборка объединена с проверенным материалом о культурных особенностях страны."
"istoriya-argentiny","/baza-znaniy/istoriya-argentiny","mentalitet-i-etiket","/baza-znaniy/mentalitet-i-etiket","merged_with_generated_permanent_redirect","Content architect","Короткий исторический обзор объединён с проверенным материалом о культурном контексте."
"narodnye-svyatye","/baza-znaniy/narodnye-svyatye","mentalitet-i-etiket","/baza-znaniy/mentalitet-i-etiket","merged_with_generated_permanent_redirect","Content architect","Краткий культурный сюжет объединён с проверенным материалом о культурном контексте."
"nauka-i-tehnologii","/baza-znaniy/nauka-i-tehnologii","mentalitet-i-etiket","/baza-znaniy/mentalitet-i-etiket","merged_with_generated_permanent_redirect","Content architect","Короткий обзор объединён с проверенным материалом о стране и её культурном контексте."
"razvlecheniya-i-nochnaya-zhizn","/baza-znaniy/razvlecheniya-i-nochnaya-zhizn","mentalitet-i-etiket","/baza-znaniy/mentalitet-i-etiket","merged_with_generated_permanent_redirect","Content architect","Короткий обзор досуга объединён с проверенным материалом о культурном контексте; конкретные места быстро меняются."
"restorany-i-kak-est","/baza-znaniy/restorany-i-kak-est","kuhnya","/baza-znaniy/kuhnya","merged_with_generated_permanent_redirect","Content architect","Карточка о заведениях объединена с основным проверенным материалом об аргентинской кухне."
"tango","/baza-znaniy/tango","mentalitet-i-etiket","/baza-znaniy/mentalitet-i-etiket","merged_with_generated_permanent_redirect","Content architect","Краткая культурная карточка объединена с проверенным материалом о культурных нормах страны."
"vino-argentiny","/baza-znaniy/vino-argentiny","kuhnya","/baza-znaniy/kuhnya","merged_with_generated_permanent_redirect","Content architect","Тематическая карточка объединена с основным проверенным материалом об аргентинской кухне."
"zhizn-bez-ispanskogo","/baza-znaniy/zhizn-bez-ispanskogo","gid-relokanta","/baza-znaniy/gid-relokanta","merged_with_generated_permanent_redirect","Content architect","Короткий материал об адаптации объединён с проверенным пошаговым путеводителем по переезду."
"aep-eze-stykovka","/baza-znaniy/aep-eze-stykovka","aeroporty","/baza-znaniy/aeroporty","merged_with_generated_permanent_redirect","Content architect","Проверенная информация объединена с основным транспортным гайдом; отдельная страница больше не поддерживается."
"alersesy-skrytye-ozyora","/baza-znaniy/alersesy-skrytye-ozyora","los-alerces","/baza-znaniy/los-alerces","merged_with_generated_permanent_redirect","Content architect","Материал был создан как авторский совет, но личный опыт и авторская проверка не подтверждены; содержательные сведения перенесены в канонический материал."
"ba-rajony-realnyj-vybor","/baza-znaniy/ba-rajony-realnyj-vybor","buenos-aires","/baza-znaniy/buenos-aires","merged_with_generated_permanent_redirect","Content architect","Материал был создан как авторский совет, но личный опыт и авторская проверка не подтверждены; содержательные сведения перенесены в канонический материал."
"bariloche-tihie-smotrovye","/baza-znaniy/bariloche-tihie-smotrovye","nauel-uapi","/baza-znaniy/nauel-uapi","merged_with_generated_permanent_redirect","Content architect","Материал был создан как авторский совет, но личный опыт и авторская проверка не подтверждены; содержательные сведения перенесены в канонический материал."
"dalyokie-parki-nastroj-na-tishinu","/baza-znaniy/dalyokie-parki-nastroj-na-tishinu","patagonia-park","/baza-znaniy/patagonia-park","merged_with_generated_permanent_redirect","Content architect","Материал был создан как авторский совет, но личный опыт и авторская проверка не подтверждены; содержательные сведения перенесены в канонический материал."
"iguasu-foto-sekrety","/baza-znaniy/iguasu-foto-sekrety","iguasu","/baza-znaniy/iguasu","merged_with_generated_permanent_redirect","Content architect","Материал был создан как авторский совет, но личный опыт и авторская проверка не подтверждены; содержательные сведения перенесены в канонический материал."
"iguasu-ritm-bez-tolp-i-sveta","/baza-znaniy/iguasu-ritm-bez-tolp-i-sveta","iguasu","/baza-znaniy/iguasu","merged_with_generated_permanent_redirect","Content architect","Материал был создан как авторский совет, но личный опыт и авторская проверка не подтверждены; содержательные сведения перенесены в канонический материал."
"lanin-sever-araukarii-i-termy","/baza-znaniy/lanin-sever-araukarii-i-termy","lanin","/baza-znaniy/lanin","merged_with_generated_permanent_redirect","Content architect","Материал был создан как авторский совет, но личный опыт и авторская проверка не подтверждены; содержательные сведения перенесены в канонический материал."
"lyubimoe-asado-mesto","/baza-znaniy/lyubimoe-asado-mesto","kuhnya","/baza-znaniy/kuhnya","merged_with_generated_permanent_redirect","Content architect","Незаполненный шаблон личной истории без подтверждения автора выведен из редакционного корпуса; практическая информация доступна в проверенном гайде по кухне."
"marshrut-vyhodnogo-dnya-ivana","/baza-znaniy/marshrut-vyhodnogo-dnya-ivana","buenos-aires","/baza-znaniy/buenos-aires","merged_with_generated_permanent_redirect","Content architect","Незаполненный шаблон авторского маршрута без подтверждённого личного опыта выведен из корпуса и перенаправлен на канонический городской гид."
"mate-etiket-spasibo-lovushka","/baza-znaniy/mate-etiket-spasibo-lovushka","kuhnya","/baza-znaniy/kuhnya","merged_with_generated_permanent_redirect","Content architect","Материал был создан как авторский совет, но личный опыт и авторская проверка не подтверждены; содержательные сведения перенесены в канонический материал."
"mendoza-odna-zona-v-den","/baza-znaniy/mendoza-odna-zona-v-den","mendoza","/baza-znaniy/mendoza","merged_with_generated_permanent_redirect","Content architect","Материал был создан как авторский совет, но личный опыт и авторская проверка не подтверждены; содержательные сведения перенесены в канонический материал."
"motochorros-telefon-na-ulitse","/baza-znaniy/motochorros-telefon-na-ulitse","bezopasnost-argentina","/baza-znaniy/bezopasnost-argentina","merged_with_generated_permanent_redirect","Content architect","Материал был создан как авторский совет, но личный опыт и авторская проверка не подтверждены; рекомендации по безопасности собраны в каноническом материале."
"nablyudenie-pro-dengi-i-banki","/baza-znaniy/nablyudenie-pro-dengi-i-banki","gid-po-dengam","/baza-znaniy/gid-po-dengam","merged_with_generated_permanent_redirect","Content architect","В записи не было личного рассказа, источника и подтверждения Ивана; выдумывать авторский опыт редакция не стала."
"obzornaya-loma-pliege-tumbado","/baza-znaniy/obzornaya-loma-pliege-tumbado","el-chalten","/baza-znaniy/el-chalten","merged_with_generated_permanent_redirect","Content architect","Материал был создан как авторский совет, но личный опыт и авторская проверка не подтверждены; содержательные сведения перенесены в канонический материал."
"ognennaya-zemlya-serro-guanako","/baza-znaniy/ognennaya-zemlya-serro-guanako","ognennaya-zemlya","/baza-znaniy/ognennaya-zemlya","merged_with_generated_permanent_redirect","Content architect","Материал был создан как авторский совет, но личный опыт и авторская проверка не подтверждены; содержательные сведения перенесены в канонический материал."
"ruta-40-sem-ozer-ne-speshite","/baza-znaniy/ruta-40-sem-ozer-ne-speshite","ruta-40-sem-ozer","/baza-znaniy/ruta-40-sem-ozer","merged_with_generated_permanent_redirect","Content architect","Материал был создан как авторский совет, но личный опыт и авторская проверка не подтверждены; содержательные сведения перенесены в канонический материал."
"salta-kalchakskie-doliny-marshrut","/baza-znaniy/salta-kalchakskie-doliny-marshrut","los-cardones","/baza-znaniy/los-cardones","merged_with_generated_permanent_redirect","Content architect","Материал был создан как авторский совет, но личный опыт и авторская проверка не подтверждены; содержательные сведения перенесены в канонический материал."
"severnye-parki-zolotoj-chas","/baza-znaniy/severnye-parki-zolotoj-chas","talampaya","/baza-znaniy/talampaya","merged_with_generated_permanent_redirect","Content architect","Материал был создан как авторский совет, но личный опыт и авторская проверка не подтверждены; содержательные сведения перенесены в канонический материал."
"viza-kochevnika-ne-vnzh","/baza-znaniy/viza-kochevnika-ne-vnzh","nuzhna-li-viza-cifrovomu-kochevniku","/baza-znaniy/nuzhna-li-viza-cifrovomu-kochevniku","merged_with_generated_permanent_redirect","Content architect","Материал был создан как авторский совет, но личный опыт и авторская проверка не подтверждены; правовая информация собрана в каноническом материале."
"vinnyy-marshrut","/baza-znaniy/vinnyy-marshrut","argentina-2-nedeli","/baza-znaniy/argentina-2-nedeli","merged_with_generated_permanent_redirect","Content architect","Короткий маршрут без достаточных первичных источников объединён с проверенным маршрутом по стране."
"bosque-petrificado","/baza-znaniy/bosque-petrificado","patagonia","/baza-znaniy/patagonia","merged_with_generated_permanent_redirect","Content architect","Дублирующая страница объединена с канонической карточкой национального парка, где сохранены медиа и расширяется практическая информация."
"parque-nacional-bosques-petrificados","/baza-znaniy/parque-nacional-bosques-petrificados","patagonia","/baza-znaniy/patagonia","merged_with_generated_permanent_redirect","Content architect","Неотредактированная импортная карточка объединена с канонической русскоязычной страницей национального парка; исходник и атрибуция сохранены для редакционного архива."
"parque-nacional-campos-del-tuyu","/baza-znaniy/parque-nacional-campos-del-tuyu","buenos-aires-province","/baza-znaniy/buenos-aires-province","merged_with_generated_permanent_redirect","Content architect","Неотредактированная импортная карточка объединена с каноническим русскоязычным региональным материалом; исходник и атрибуция сохранены для редакционного архива."
"parque-nacional-copo","/baza-znaniy/parque-nacional-copo","noa","/baza-znaniy/noa","merged_with_generated_permanent_redirect","Content architect","Неотредактированная импортная карточка объединена с каноническим русскоязычным региональным материалом; исходник и атрибуция сохранены для редакционного архива."
"parque-nacional-el-leoncito","/baza-znaniy/parque-nacional-el-leoncito","cuyo","/baza-znaniy/cuyo","merged_with_generated_permanent_redirect","Content architect","Неотредактированная импортная карточка объединена с каноническим русскоязычным региональным материалом; исходник и атрибуция сохранены для редакционного архива."
"parque-nacional-iguazu-patrimonio-de-la-humanidad","/baza-znaniy/parque-nacional-iguazu-patrimonio-de-la-humanidad","litoral","/baza-znaniy/litoral","merged_with_generated_permanent_redirect","Content architect","Неотредактированная однотемная карточка импорта объединена с каноническим русскоязычным региональным материалом; исходник и атрибуция сохранены для редакционного архива."
"parque-nacional-islas-de-santa-fe","/baza-znaniy/parque-nacional-islas-de-santa-fe","litoral","/baza-znaniy/litoral","merged_with_generated_permanent_redirect","Content architect","Неотредактированная импортная карточка объединена с каноническим русскоязычным региональным материалом; исходник и атрибуция сохранены для редакционного архива."
"parque-nacional-laguna-blanca","/baza-znaniy/parque-nacional-laguna-blanca","patagonia","/baza-znaniy/patagonia","merged_with_generated_permanent_redirect","Content architect","Неотредактированная импортная карточка объединена с каноническим русскоязычным региональным материалом; исходник и атрибуция сохранены для редакционного архива."
"parque-nacional-los-alerces-patrimonio-de-la-humanidad","/baza-znaniy/parque-nacional-los-alerces-patrimonio-de-la-humanidad","los-alerces","/baza-znaniy/los-alerces","merged_with_generated_permanent_redirect","Content architect","Дублирующая импортная карточка объединена с канонической русскоязычной страницей национального парка; исходник и атрибуция сохранены для редакционного архива."
"parque-nacional-los-cardones","/baza-znaniy/parque-nacional-los-cardones","los-cardones","/baza-znaniy/los-cardones","merged_with_generated_permanent_redirect","Content architect","Импортная карточка INPROTUR дублирует канонический материал los-cardones; запись сохранена для перенаправления старого URL и истории источника."
"parque-nacional-los-glaciares-patrimonio-de-la-humanidad","/baza-znaniy/parque-nacional-los-glaciares-patrimonio-de-la-humanidad","los-glasiares","/baza-znaniy/los-glasiares","merged_with_generated_permanent_redirect","Content architect","Неотредактированная однотемная карточка импорта объединена с каноническим русскоязычным региональным материалом; исходник и атрибуция сохранены для редакционного архива."
"parque-nacional-monte-leon","/baza-znaniy/parque-nacional-monte-leon","patagonia","/baza-znaniy/patagonia","merged_with_generated_permanent_redirect","Content architect","Неотредактированная импортная карточка объединена с каноническим русскоязычным региональным материалом; исходник и атрибуция сохранены для редакционного архива."
"parque-nacional-rio-pilcomayo","/baza-znaniy/parque-nacional-rio-pilcomayo","litoral","/baza-znaniy/litoral","merged_with_generated_permanent_redirect","Content architect","Неотредактированная импортная карточка объединена с каноническим русскоязычным региональным материалом; исходник и атрибуция сохранены для редакционного архива."
"parque-nacional-san-guillermo","/baza-znaniy/parque-nacional-san-guillermo","cuyo","/baza-znaniy/cuyo","merged_with_generated_permanent_redirect","Content architect","Неотредактированная импортная карточка объединена с каноническим русскоязычным региональным материалом; исходник и атрибуция сохранены для редакционного архива."
"parque-nacional-tierra-del-fuego","/baza-znaniy/parque-nacional-tierra-del-fuego","ognennaya-zemlya","/baza-znaniy/ognennaya-zemlya","merged_with_generated_permanent_redirect","Content architect","Импортная карточка INPROTUR дублирует канонический материал ognennaya-zemlya; запись сохранена для перенаправления старого URL и истории источника."
"parque-provincial-cordon-del-plata","/baza-znaniy/parque-provincial-cordon-del-plata","cuyo","/baza-znaniy/cuyo","merged_with_generated_permanent_redirect","Content architect","Неотредактированная импортная карточка объединена с каноническим русскоязычным региональным материалом; исходник и атрибуция сохранены для редакционного архива."
"parque-provincial-ischigualasto","/baza-znaniy/parque-provincial-ischigualasto","cuyo","/baza-znaniy/cuyo","merged_with_generated_permanent_redirect","Content architect","Неотредактированная импортная карточка объединена с каноническим русскоязычным региональным материалом; исходник и атрибуция сохранены для редакционного архива."
"sierra-de-las-quijadas","/baza-znaniy/sierra-de-las-quijadas","cuyo","/baza-znaniy/cuyo","merged_with_generated_permanent_redirect","Content architect","Неотредактированная импортная карточка объединена с каноническим русскоязычным региональным материалом; исходник и атрибуция сохранены для редакционного архива."
"apostil-i-perevod-dokumentov","/baza-znaniy/apostil-i-perevod-dokumentov","gid-po-dokumentam","/baza-znaniy/gid-po-dokumentam","merged_with_generated_permanent_redirect","Content architect","Короткая карточка объединена с проверенным руководством по документам, где поддерживается единая процедура подготовки и легализации."
"certificado-de-domicilio","/baza-znaniy/certificado-de-domicilio","gid-po-dokumentam","/baza-znaniy/gid-po-dokumentam","merged_with_generated_permanent_redirect","Content architect","Карточка объединена с единым руководством по документам и подтверждению адреса."
"dni-cuil","/baza-znaniy/dni-cuil","gid-po-dokumentam","/baza-znaniy/gid-po-dokumentam","merged_with_generated_permanent_redirect","Content architect","Справка об идентификаторах объединена с единым проверенным руководством по документам для переезда."
"perevoz-veshchey-i-pitomtsev","/baza-znaniy/perevoz-veshchey-i-pitomtsev","kakie-dokumenty-vezti-s-soboj","/baza-znaniy/kakie-dokumenty-vezti-s-soboj","merged_with_generated_permanent_redirect","Content architect","Короткий материал о подготовке к переезду объединён с проверенным списком документов; правила перевозки животных нужно сверять с перевозчиком и госорганами."
"pervyj-mesyac-plan","/baza-znaniy/pervyj-mesyac-plan","gid-relokanta","/baza-znaniy/gid-relokanta","merged_with_generated_permanent_redirect","Content architect","План первого месяца объединён с проверенным пошаговым путеводителем по переезду."
"plan-podgotovki-6-mesyacev","/baza-znaniy/plan-podgotovki-6-mesyacev","chek-list-pereezda","/baza-znaniy/chek-list-pereezda","merged_with_generated_permanent_redirect","Content architect","Подготовительный план объединён с проверенным чек-листом переезда."
"priznanie-diploma","/baza-znaniy/priznanie-diploma","gid-po-dokumentam","/baza-znaniy/gid-po-dokumentam","merged_with_generated_permanent_redirect","Content architect","Короткий материал о признании диплома объединён с проверенным руководством по документам; процедура зависит от профессии и учреждения."
"rabochaya-viza","/baza-znaniy/rabochaya-viza","vnzh-argentina","/baza-znaniy/vnzh-argentina","merged_with_generated_permanent_redirect","Content architect","Карточка основания резиденции объединена с проверенным руководством по выбору статуса."
"raskhozhdeniya-dni-cuit-cuil","/baza-znaniy/raskhozhdeniya-dni-cuit-cuil","gid-po-dokumentam","/baza-znaniy/gid-po-dokumentam","merged_with_generated_permanent_redirect","Content architect","Частный сценарий объединён с проверенным руководством по документам и административным обращениям."
"soobshestvo-i-adaptaciya","/baza-znaniy/soobshestvo-i-adaptaciya","gid-relokanta","/baza-znaniy/gid-relokanta","merged_with_generated_permanent_redirect","Content architect","Короткий обзор адаптации объединён с проверенным пошаговым путеводителем по переезду."
"stoit-li-pereezzhat","/baza-znaniy/stoit-li-pereezzhat","argentina-vs-drugie-strany","/baza-znaniy/argentina-vs-drugie-strany","merged_with_generated_permanent_redirect","Content architect","Короткая рамка решения объединена с проверенным сравнительным материалом о переезде."
"viza-cifrovogo-kochevnika","/baza-znaniy/viza-cifrovogo-kochevnika","nuzhna-li-viza-cifrovomu-kochevniku","/baza-znaniy/nuzhna-li-viza-cifrovomu-kochevniku","merged_with_generated_permanent_redirect","Content architect","Короткая карточка статуса объединена с проверенным ответом на ключевой вопрос о цифровом кочевнике."
"vnzh-po-uchebe","/baza-znaniy/vnzh-po-uchebe","vnzh-argentina","/baza-znaniy/vnzh-argentina","merged_with_generated_permanent_redirect","Content architect","Карточка отдельного основания объединена с проверенным руководством по выбору резиденции."
"vnzh-rantye","/baza-znaniy/vnzh-rantye","kakoj-dohod-nuzhen-dlya-rantye","/baza-znaniy/kakoj-dohod-nuzhen-dlya-rantye","merged_with_generated_permanent_redirect","Content architect","Карточка rentista объединена с проверенным ответом о требуемом доходе и условиях основания."
"voditelskie-prava","/baza-znaniy/voditelskie-prava","mozhno-li-vodit-po-rossijskim-pravam","/baza-znaniy/mozhno-li-vodit-po-rossijskim-pravam","merged_with_generated_permanent_redirect","Content architect","Материал объединён с проверенным ответом о вождении по иностранным правам."
"vossoedinenie-semi","/baza-znaniy/vossoedinenie-semi","vnzh-argentina","/baza-znaniy/vnzh-argentina","merged_with_generated_permanent_redirect","Content architect","Карточка отдельного основания объединена с проверенным руководством по выбору резиденции."
"pokupki-i-tax-free","/baza-znaniy/pokupki-i-tax-free","gid-po-dengam","/baza-znaniy/gid-po-dengam","merged_with_generated_permanent_redirect","Content architect","Карточка Tax Free объединена с проверенным руководством по деньгам; условия возврата и участники программы регулярно меняются."
"dikaya-priroda","/baza-znaniy/dikaya-priroda","patagonia-park","/baza-znaniy/patagonia-park","merged_with_generated_permanent_redirect","Content architect","Короткий обзор без достаточных первичных источников снят с публикации; читатель направляется к проверенной природной локации."
"podgotovka-k-poezdke","/baza-znaniy/podgotovka-k-poezdke","gid-puteshestvennika","/baza-znaniy/gid-puteshestvennika","merged_with_generated_permanent_redirect","Content architect","Короткий чек-лист объединён с проверенным практическим маршрутом поездки."
"certificado-de-legalidad-prav","/baza-znaniy/certificado-de-legalidad-prav","arenda-avto-i-vozhdenie","/baza-znaniy/arenda-avto-i-vozhdenie","merged_with_generated_permanent_redirect","Content architect","Частный документ для водителя объединён с проверенным руководством по вождению и аренде автомобиля."
"dokumenty-dlya-poezdki-na-avto","/baza-znaniy/dokumenty-dlya-poezdki-na-avto","arenda-avto-i-vozhdenie","/baza-znaniy/arenda-avto-i-vozhdenie","merged_with_generated_permanent_redirect","Content architect","Короткий список документов объединён с проверенным руководством по аренде и вождению."
"istoriya-zheleznyh-dorog","/baza-znaniy/istoriya-zheleznyh-dorog","mezhgorodnie-avtobusy","/baza-znaniy/mezhgorodnie-avtobusy","merged_with_generated_permanent_redirect","Content architect","Историческая карточка объединена с практическим разделом междугороднего транспорта."
"kak-dobratsya-iz-rossii","/baza-znaniy/kak-dobratsya-iz-rossii","skolko-letet-iz-rossii","/baza-znaniy/skolko-letet-iz-rossii","merged_with_generated_permanent_redirect","Content architect","Краткий обзор перелёта объединён с проверенным материалом о длительности и вариантах маршрута."
"pochemu-net-pryamyh-reisov","/baza-znaniy/pochemu-net-pryamyh-reisov","skolko-letet-iz-rossii","/baza-znaniy/skolko-letet-iz-rossii","merged_with_generated_permanent_redirect","Content architect","Короткое объяснение объединено с проверенным материалом о вариантах и длительности перелёта."
"poezda","/baza-znaniy/poezda","mezhgorodnie-avtobusy","/baza-znaniy/mezhgorodnie-avtobusy","merged_with_generated_permanent_redirect","Content architect","Короткий обзор поездов объединён с проверенным разделом междугороднего транспорта; расписания следует проверять у перевозчика."
"prava-passazhira-otmena-reisa","/baza-znaniy/prava-passazhira-otmena-reisa","aeroporty","/baza-znaniy/aeroporty","merged_with_generated_permanent_redirect","Content architect","Юридически чувствительная карточка снята с публикации до полной сверки действующих норм; читатель направляется к проверенному материалу об аэропортах и перелётах."
"shtrafy-i-scoring","/baza-znaniy/shtrafy-i-scoring","arenda-avto-i-vozhdenie","/baza-znaniy/arenda-avto-i-vozhdenie","merged_with_generated_permanent_redirect","Content architect","Частная карточка правил дорожного движения объединена с проверенным руководством по вождению."
"kemping-i-palatki","/baza-znaniy/kemping-i-palatki","patagonia-park","/baza-znaniy/patagonia-park","merged_with_generated_permanent_redirect","Content architect","Общий материал о кемпинге объединён с проверенной страницей природной территории; условия ночёвок нужно проверять у конкретного парка."
