id,type,url,title,outgoing_internal_links,incoming_internal_links,broken_outgoing_links,broken_targets,hub_path,assessment,recommended_action,source_path
kb:aconcagua-provincial-park,national_park,/baza-znaniy/aconcagua-provincial-park,Провинциальный парк Аконкагуа,4,6,0,,/baza-znaniy,connected,KEEP,content/knowledge-base/natsionalnye-parki/aconcagua-provincial-park.md
kb:aep-eze-stykovka,author_tip,/baza-znaniy/aep-eze-stykovka,"AEP и EZE — два разных аэропорта Буэнос-Айреса, и тугая стыковка между ними рушит планы",3,1,0,,/baza-znaniy,connected,KEEP,content/knowledge-base/lichnyy-opyt/aep-eze-stykovka.md
kb:aeroporty,transport,/baza-znaniy/aeroporty,Аэропорты Аргентины и трансферы в город,1,6,0,,/baza-znaniy,connected,KEEP,content/knowledge-base/transport/aeroporty.md
kb:aktualen-li-blue-dollar,faq,/baza-znaniy/aktualen-li-blue-dollar,Актуален ли «блю-доллар» в Аргентине в 2026 году?,1,0,0,,/baza-znaniy,no_inbound_links,HUMAN_REVIEW,content/knowledge-base/faq/aktualen-li-blue-dollar.md
kb:alero-charcamata,attraction,/baza-znaniy/alero-charcamata,Alero Charcamata,4,26,0,,/baza-znaniy,connected,KEEP,content/knowledge-base/dostoprimechatelnosti/alero-charcamata.md
kb:alersesy-skrytye-ozyora,author_tip,/baza-znaniy/alersesy-skrytye-ozyora,"Лос-Алерсес: рыбалка и каяк на тихих озёрах, которые пропускают ради одного дерева",2,1,0,,/baza-znaniy,connected,KEEP,content/knowledge-base/lichnyy-opyt/alersesy-skrytye-ozyora.md
kb:almacenes-de-ramos-generales-en-la-pampa,attraction,/baza-znaniy/almacenes-de-ramos-generales-en-la-pampa,Общие букетные магазины в Ла-Пампа,4,13,0,,/baza-znaniy,connected,KEEP,content/knowledge-base/dostoprimechatelnosti/almacenes-de-ramos-generales-en-la-pampa.md
kb:alumine,attraction,/baza-znaniy/alumine,Aluminé,4,26,0,,/baza-znaniy,connected,KEEP,content/knowledge-base/dostoprimechatelnosti/alumine.md
kb:amaicha-del-valle-y-ciudad-sagrada-de-los-quilmes,attraction,/baza-znaniy/amaicha-del-valle-y-ciudad-sagrada-de-los-quilmes,Amaicha del Valle and Sagrada de los Quilmes City,4,12,0,,/baza-znaniy,connected,KEEP,content/knowledge-base/dostoprimechatelnosti/amaicha-del-valle-y-ciudad-sagrada-de-los-quilmes.md
kb:andinismo-y-montanismo-en-neuquen,attraction,/baza-znaniy/andinismo-y-montanismo-en-neuquen,Mountaineering in Neuquén,4,26,0,,/baza-znaniy,connected,KEEP,content/knowledge-base/dostoprimechatelnosti/andinismo-y-montanismo-en-neuquen.md
kb:angastaco,attraction,/baza-znaniy/angastaco,Angastaco,4,20,0,,/baza-znaniy,connected,KEEP,content/knowledge-base/dostoprimechatelnosti/angastaco.md
kb:antofagasta-de-la-sierra,attraction,/baza-znaniy/antofagasta-de-la-sierra,Antofagasta de la Sierra,4,11,0,,/baza-znaniy,connected,KEEP,content/knowledge-base/dostoprimechatelnosti/antofagasta-de-la-sierra.md
kb:apostil-i-perevod-dokumentov,guide,/baza-znaniy/apostil-i-perevod-dokumentov,Апостиль и присяжный перевод документов для Аргентины,3,10,0,,/baza-znaniy,connected,KEEP,content/knowledge-base/pereezd/apostil-i-perevod-dokumentov.md
kb:area-natural-protegida-rio-limay,attraction,/baza-znaniy/area-natural-protegida-rio-limay,Limay River Protected Natural Area,4,20,0,,/baza-znaniy,connected,KEEP,content/knowledge-base/dostoprimechatelnosti/area-natural-protegida-rio-limay.md
kb:arenda-avto-i-vozhdenie,transport,/baza-znaniy/arenda-avto-i-vozhdenie,Аренда авто и вождение в Аргентине,0,14,0,,/baza-znaniy,no_related_content,HUMAN_REVIEW,content/knowledge-base/transport/arenda-avto-i-vozhdenie.md
kb:argentina-10-dney,route,/baza-znaniy/argentina-10-dney,Маршрут по Аргентине на 10 дней,6,4,0,,/baza-znaniy,connected,KEEP,content/knowledge-base/marshruty/argentina-10-dney.md
kb:argentina-2-nedeli,route,/baza-znaniy/argentina-2-nedeli,Маршрут по Аргентине на 2 недели,9,26,0,,/baza-znaniy,connected,KEEP,content/knowledge-base/marshruty/argentina-2-nedeli.md
kb:argentina-3-nedeli,route,/baza-znaniy/argentina-3-nedeli,Маршрут по Аргентине на 3 недели (гранд-тур),12,7,0,,/baza-znaniy,connected,KEEP,content/knowledge-base/marshruty/argentina-3-nedeli.md
kb:argentina-vs-drugie-strany,guide,/baza-znaniy/argentina-vs-drugie-strany,Аргентина или другая страна: честное сравнение для переезда,0,4,0,,/baza-znaniy,no_related_content,HUMAN_REVIEW,content/knowledge-base/pereezd/argentina-vs-drugie-strany.md
kb:arte-urbano-en-buenos-aires,attraction,/baza-znaniy/arte-urbano-en-buenos-aires,Стрит-арт в Буэнос-Айресе,4,6,0,,/baza-znaniy,connected,KEEP,content/knowledge-base/dostoprimechatelnosti/arte-urbano-en-buenos-aires.md
kb:artesania-formosena,attraction,/baza-znaniy/artesania-formosena,Handicrafts in Formosa,4,9,0,,/baza-znaniy,connected,KEEP,content/knowledge-base/dostoprimechatelnosti/artesania-formosena.md
kb:asado,guide,/baza-znaniy/asado,Асадо: аргентинское барбекю от ритуала до отрубов,2,3,0,,/baza-znaniy,connected,KEEP,content/knowledge-base/kultura/asado.md
kb:astroturismo-en-san-juan,attraction,/baza-znaniy/astroturismo-en-san-juan,Astrotourism in San Juan,4,15,0,,/baza-znaniy,connected,KEEP,content/knowledge-base/dostoprimechatelnosti/astroturismo-en-san-juan.md
kb:autodromo-internacional-de-rio-hondo,attraction,/baza-znaniy/autodromo-internacional-de-rio-hondo,Río Hondo International Racetrack,4,4,0,,/baza-znaniy,connected,KEEP,content/knowledge-base/dostoprimechatelnosti/autodromo-internacional-de-rio-hondo.md
kb:avellaneda,attraction,/baza-znaniy/avellaneda,Avellaneda,4,22,0,,/baza-znaniy,connected,KEEP,content/knowledge-base/dostoprimechatelnosti/avellaneda.md
kb:aventura-en-la-patagonia-andina,attraction,/baza-znaniy/aventura-en-la-patagonia-andina,Aventura en la Патагония andina,4,26,0,,/baza-znaniy,connected,KEEP,content/knowledge-base/dostoprimechatelnosti/aventura-en-la-patagonia-andina.md
kb:aventura-submarina-en-puerto-madryn,attraction,/baza-znaniy/aventura-submarina-en-puerto-madryn,Submarine adventure in Puerto Madryn,4,23,0,,/baza-znaniy,connected,KEEP,content/knowledge-base/dostoprimechatelnosti/aventura-submarina-en-puerto-madryn.md
kb:aves-del-chaco,attraction,/baza-znaniy/aves-del-chaco,Birds from Chaco,4,18,0,,/baza-znaniy,connected,KEEP,content/knowledge-base/dostoprimechatelnosti/aves-del-chaco.md
kb:avistaje-de-aves-en-formosa,attraction,/baza-znaniy/avistaje-de-aves-en-formosa,Bird watching in Formosa,4,9,0,,/baza-znaniy,connected,KEEP,content/knowledge-base/dostoprimechatelnosti/avistaje-de-aves-en-formosa.md
kb:avistaje-de-aves-en-la-pampa,attraction,/baza-znaniy/avistaje-de-aves-en-la-pampa,Наблюдение за птицами в Ла-Пампа,4,13,0,,/baza-znaniy,connected,KEEP,content/knowledge-base/dostoprimechatelnosti/avistaje-de-aves-en-la-pampa.md
kb:avistaje-de-aves-en-santa-cruz,attraction,/baza-znaniy/avistaje-de-aves-en-santa-cruz,Bird watching in Santa Cruz,4,26,0,,/baza-znaniy,connected,KEEP,content/knowledge-base/dostoprimechatelnosti/avistaje-de-aves-en-santa-cruz.md
kb:ba-rajony-realnyj-vybor,author_tip,/baza-znaniy/ba-rajony-realnyj-vybor,«Все едут в Палермо» — не всегда лучший совет туристу или релоканту,2,1,0,,/baza-znaniy,connected,KEEP,content/knowledge-base/lichnyy-opyt/ba-rajony-realnyj-vybor.md
kb:bahia-blanca,city,/baza-znaniy/bahia-blanca,Баия-Бланка,1,1,0,,/baza-znaniy,connected,KEEP,content/knowledge-base/goroda/bahia-blanca.md
kb:banado-la-estrella,national_park,/baza-znaniy/banado-la-estrella,Баньядо-ла-Эстрелья,5,6,0,,/baza-znaniy,connected,KEEP,content/knowledge-base/natsionalnye-parki/banado-la-estrella.md
kb:banki-i-perevody,guide,/baza-znaniy/banki-i-perevody,Как завести и перевести деньги в Аргентину,6,1,0,,/baza-znaniy,connected,KEEP,content/knowledge-base/dengi/banki-i-perevody.md
kb:bankovskij-schet,guide,/baza-znaniy/bankovskij-schet,Банковский счёт и финансы релоканта в Аргентине,1,15,0,,/baza-znaniy,connected,KEEP,content/knowledge-base/dengi/bankovskij-schet.md
kb:bariloche,city,/baza-znaniy/bariloche,Барилоче,7,19,0,,/baza-znaniy,connected,KEEP,content/knowledge-base/goroda/bariloche.md
kb:bariloche-tihie-smotrovye,author_tip,/baza-znaniy/bariloche-tihie-smotrovye,Барилоче: смотровые и берега озера Науэль-Уапи в обход толпы у Кампанарио,3,1,0,,/baza-znaniy,connected,KEEP,content/knowledge-base/lichnyy-opyt/bariloche-tihie-smotrovye.md
kb:barreal,attraction,/baza-znaniy/barreal,Барреаль и Эль-Леонсито,3,1,0,,/baza-znaniy,connected,KEEP,content/knowledge-base/dostoprimechatelnosti/barreal.md
kb:bebidas-y-gastronomia-en-cordoba,attraction,/baza-znaniy/bebidas-y-gastronomia-en-cordoba,Food and Drink in Córdoba,4,17,0,,/baza-znaniy,connected,KEEP,content/knowledge-base/dostoprimechatelnosti/bebidas-y-gastronomia-en-cordoba.md
kb:belen,attraction,/baza-znaniy/belen,Belén,4,11,0,,/baza-znaniy,connected,KEEP,content/knowledge-base/dostoprimechatelnosti/belen.md
kb:besplatna-li-medicina-dlya-turista,faq,/baza-znaniy/besplatna-li-medicina-dlya-turista,Бесплатна ли медицина в Аргентине для туриста?,2,0,0,,/baza-znaniy,no_inbound_links,HUMAN_REVIEW,content/knowledge-base/faq/besplatna-li-medicina-dlya-turista.md
kb:bezopasno-li-odnoj-zhenshchine,faq,/baza-znaniy/bezopasno-li-odnoj-zhenshchine,Безопасно ли путешествовать по Аргентине одной женщине?,1,0,0,,/baza-znaniy,no_inbound_links,HUMAN_REVIEW,content/knowledge-base/faq/bezopasno-li-odnoj-zhenshchine.md
kb:bezopasno-li-v-argentine,faq,/baza-znaniy/bezopasno-li-v-argentine,Безопасно ли путешествовать по Аргентине?,1,0,0,,/baza-znaniy,no_inbound_links,HUMAN_REVIEW,content/knowledge-base/faq/bezopasno-li-v-argentine.md
kb:bezopasnost-argentina,guide,/baza-znaniy/bezopasnost-argentina,Безопасность в Аргентине: реальные риски,3,15,0,,/baza-znaniy,connected,KEEP,content/knowledge-base/bezopasnost/bezopasnost-argentina.md
kb:bienal-internacional-de-esculturas-en-resistencia,attraction,/baza-znaniy/bienal-internacional-de-esculturas-en-resistencia,International Sculpture Biennale in Resistencia,4,18,0,,/baza-znaniy,connected,KEEP,content/knowledge-base/dostoprimechatelnosti/bienal-internacional-de-esculturas-en-resistencia.md
kb:bodega-submarina-en-las-grutas,attraction,/baza-znaniy/bodega-submarina-en-las-grutas,An underwater winery in Las Grutas,4,20,0,,/baza-znaniy,connected,KEEP,content/knowledge-base/dostoprimechatelnosti/bodega-submarina-en-las-grutas.md
kb:bosque-petrificado,national_park,/baza-znaniy/bosque-petrificado,Национальный парк Окаменевшие леса Харамільо,3,2,0,,/baza-znaniy,connected,KEEP,content/knowledge-base/natsionalnye-parki/bosque-petrificado.md
kb:buceo-en-el-golfo-san-matias,attraction,/baza-znaniy/buceo-en-el-golfo-san-matias,Scuba diving at the San Matías Gulf,4,20,0,,/baza-znaniy,connected,KEEP,content/knowledge-base/dostoprimechatelnosti/buceo-en-el-golfo-san-matias.md
kb:buceo-en-las-costas-de-ushuaia,attraction,/baza-znaniy/buceo-en-las-costas-de-ushuaia,Buceo en las costas de Ушуайя,4,22,0,,/baza-znaniy,connected,KEEP,content/knowledge-base/dostoprimechatelnosti/buceo-en-las-costas-de-ushuaia.md
kb:buenos-aires,city,/baza-znaniy/buenos-aires,Буэнос-Айрес,18,47,0,,/baza-znaniy,connected,KEEP,content/knowledge-base/goroda/buenos-aires.md
kb:buenos-aires-province,region,/baza-znaniy/buenos-aires-province,Провинция Буэнос-Айрес,11,7,0,,/baza-znaniy,connected,KEEP,content/knowledge-base/regiony/buenos-aires-province.md
kb:buenos-aires-tradicional,attraction,/baza-znaniy/buenos-aires-tradicional,Традиционный Буэнос-Айрес,4,6,0,,/baza-znaniy,connected,KEEP,content/knowledge-base/dostoprimechatelnosti/buenos-aires-tradicional.md
kb:byt-i-zhilyo,guide,/baza-znaniy/byt-i-zhilyo,"Быт в Аргентине: квартиры, отопление, коммуналка",0,3,0,,/baza-znaniy,no_related_content,HUMAN_REVIEW,content/knowledge-base/byt/byt-i-zhilyo.md
kb:byudzhet-poezdki,guide,/baza-znaniy/byudzhet-poezdki,Бюджет поездки по Аргентине,3,6,0,,/baza-znaniy,connected,KEEP,content/knowledge-base/dengi/byudzhet-poezdki.md
kb:caba,region,/baza-znaniy/caba,Буэнос-Айрес (CABA),9,3,0,,/baza-znaniy,connected,KEEP,content/knowledge-base/regiony/caba.md
kb:cabalgata-en-el-lago-roca,attraction,/baza-znaniy/cabalgata-en-el-lago-roca,Horseback riding in the Roca lake,4,26,0,,/baza-znaniy,connected,KEEP,content/knowledge-base/dostoprimechatelnosti/cabalgata-en-el-lago-roca.md
kb:cabalgata-en-los-molles,attraction,/baza-znaniy/cabalgata-en-los-molles,Horseback riding in Los Molles,4,16,0,,/baza-znaniy,connected,KEEP,content/knowledge-base/dostoprimechatelnosti/cabalgata-en-los-molles.md
kb:cabalgatas-en-cerro-belvedere-y-cascada-inacayal,attraction,/baza-znaniy/cabalgatas-en-cerro-belvedere-y-cascada-inacayal,Horseback rides in Belvedere Hill and Inacayal waterfall,4,26,0,,/baza-znaniy,connected,KEEP,content/knowledge-base/dostoprimechatelnosti/cabalgatas-en-cerro-belvedere-y-cascada-inacayal.md
kb:cabalgatas-en-la-estepa-de-bariloche,attraction,/baza-znaniy/cabalgatas-en-la-estepa-de-bariloche,Cabalgatas en la estepa de Барилоче,4,20,0,,/baza-znaniy,connected,KEEP,content/knowledge-base/dostoprimechatelnosti/cabalgatas-en-la-estepa-de-bariloche.md
kb:cabalgatas-en-las-sierras-bonaerenses,attraction,/baza-znaniy/cabalgatas-en-las-sierras-bonaerenses,Horseback riding in the hills of Буэнос-Айрес,4,10,0,,/baza-znaniy,connected,KEEP,content/knowledge-base/dostoprimechatelnosti/cabalgatas-en-las-sierras-bonaerenses.md
kb:cabalgatas-en-tafi-del-valle,attraction,/baza-znaniy/cabalgatas-en-tafi-del-valle,Horseback riding in Tafí del Valle,4,12,0,,/baza-znaniy,connected,KEEP,content/knowledge-base/dostoprimechatelnosti/cabalgatas-en-tafi-del-valle.md
kb:cabalgatas-en-valle-chico,attraction,/baza-znaniy/cabalgatas-en-valle-chico,Horseback riding in Valle Chico,4,23,0,,/baza-znaniy,connected,KEEP,content/knowledge-base/dostoprimechatelnosti/cabalgatas-en-valle-chico.md
kb:cachi,attraction,/baza-znaniy/cachi,Cachi,4,20,0,,/baza-znaniy,connected,KEEP,content/knowledge-base/dostoprimechatelnosti/cachi.md
kb:cafayate,city,/baza-znaniy/cafayate,Кафайяте,4,8,0,,/baza-znaniy,connected,KEEP,content/knowledge-base/goroda/cafayate.md
kb:camino-de-la-costa,attraction,/baza-znaniy/camino-de-la-costa,shore road,4,22,0,,/baza-znaniy,connected,KEEP,content/knowledge-base/dostoprimechatelnosti/camino-de-la-costa.md
kb:caminos-de-la-fe-san-juan,attraction,/baza-znaniy/caminos-de-la-fe-san-juan,"Paths of faith, San Juan",4,15,0,,/baza-znaniy,connected,KEEP,content/knowledge-base/dostoprimechatelnosti/caminos-de-la-fe-san-juan.md
kb:campo-del-cielo,attraction,/baza-znaniy/campo-del-cielo,Campo del Cielo,4,18,0,,/baza-znaniy,connected,KEEP,content/knowledge-base/dostoprimechatelnosti/campo-del-cielo.md
kb:campo-del-cielo-y-saenz-pena,attraction,/baza-znaniy/campo-del-cielo-y-saenz-pena,Field of the Sky [Campo del Cielo] and Sáenz Peña,4,18,0,,/baza-znaniy,connected,KEEP,content/knowledge-base/dostoprimechatelnosti/campo-del-cielo-y-saenz-pena.md
kb:canon-del-atuel,attraction,/baza-znaniy/canon-del-atuel,Atuel Canyon,4,16,0,,/baza-znaniy,connected,KEEP,content/knowledge-base/dostoprimechatelnosti/canon-del-atuel.md
kb:capilla-del-monte,attraction,/baza-znaniy/capilla-del-monte,Capilla del Monte,4,17,0,,/baza-znaniy,connected,KEEP,content/knowledge-base/dostoprimechatelnosti/capilla-del-monte.md
kb:carcarana,attraction,/baza-znaniy/carcarana,Carcarañá,4,22,0,,/baza-znaniy,connected,KEEP,content/knowledge-base/dostoprimechatelnosti/carcarana.md
kb:carmen-del-sauce,attraction,/baza-znaniy/carmen-del-sauce,Carmen del Sauce,4,22,0,,/baza-znaniy,connected,KEEP,content/knowledge-base/dostoprimechatelnosti/carmen-del-sauce.md
kb:carnaval-de-humahuaca,attraction,/baza-znaniy/carnaval-de-humahuaca,Humahuaca Carnival,4,15,0,,/baza-znaniy,connected,KEEP,content/knowledge-base/dostoprimechatelnosti/carnaval-de-humahuaca.md
kb:carnaval-en-corrientes,attraction,/baza-znaniy/carnaval-en-corrientes,Carnival in Corrientes,4,13,0,,/baza-znaniy,connected,KEEP,content/knowledge-base/dostoprimechatelnosti/carnaval-en-corrientes.md
kb:casa-de-san-martin-en-yapeyu,attraction,/baza-znaniy/casa-de-san-martin-en-yapeyu,San Martin’s home in Yapeyú,4,13,0,,/baza-znaniy,connected,KEEP,content/knowledge-base/dostoprimechatelnosti/casa-de-san-martin-en-yapeyu.md
kb:casa-historica-tucuman,attraction,/baza-znaniy/casa-historica-tucuman,Каса-Историка-де-ла-Индепенденсия,4,2,0,,/baza-znaniy,connected,KEEP,content/knowledge-base/dostoprimechatelnosti/casa-historica-tucuman.md
kb:cascada-chachin,attraction,/baza-znaniy/cascada-chachin,Водопад Чачин,4,26,0,,/baza-znaniy,connected,KEEP,content/knowledge-base/dostoprimechatelnosti/cascada-chachin.md
kb:cascada-del-rio-noque,attraction,/baza-znaniy/cascada-del-rio-noque,Водопад на реке Ноке,4,12,0,,/baza-znaniy,connected,KEEP,content/knowledge-base/dostoprimechatelnosti/cascada-del-rio-noque.md
kb:cascada-nivinco-y-pichi-traful,attraction,/baza-znaniy/cascada-nivinco-y-pichi-traful,Ñivinco and Pichi Traful Waterfalls,4,4,0,,/baza-znaniy,connected,KEEP,content/knowledge-base/dostoprimechatelnosti/cascada-nivinco-y-pichi-traful.md
kb:cascadas-santa-ana-y-dora,attraction,/baza-znaniy/cascadas-santa-ana-y-dora,Водопады Санта-Ана и Дора,4,1,0,,/baza-znaniy,connected,KEEP,content/knowledge-base/dostoprimechatelnosti/cascadas-santa-ana-y-dora.md
kb:catamaran-en-el-rio-parana,attraction,/baza-znaniy/catamaran-en-el-rio-parana,Catamaran on the Paraná river,4,4,0,,/baza-znaniy,connected,KEEP,content/knowledge-base/dostoprimechatelnosti/catamaran-en-el-rio-parana.md
kb:catamaran-en-la-triple-frontera,attraction,/baza-znaniy/catamaran-en-la-triple-frontera,Catamaran at the Triple Frontier,4,10,0,,/baza-znaniy,connected,KEEP,content/knowledge-base/dostoprimechatelnosti/catamaran-en-la-triple-frontera.md
kb:catamarca,city,/baza-znaniy/catamarca,Катамарка,3,2,0,,/baza-znaniy,connected,KEEP,content/knowledge-base/goroda/catamarca.md
kb:caucete-san-juan,attraction,/baza-znaniy/caucete-san-juan,"Caucete, San Juan",4,15,0,,/baza-znaniy,connected,KEEP,content/knowledge-base/dostoprimechatelnosti/caucete-san-juan.md
kb:caviahue-copahue,attraction,/baza-znaniy/caviahue-copahue,Caviahue - Copahue,4,1,0,,/baza-znaniy,connected,KEEP,content/knowledge-base/dostoprimechatelnosti/caviahue-copahue.md
kb:centro-de-esqui-la-hoya,attraction,/baza-znaniy/centro-de-esqui-la-hoya,La Hoya ski resort,4,23,0,,/baza-znaniy,connected,KEEP,content/knowledge-base/dostoprimechatelnosti/centro-de-esqui-la-hoya.md
kb:centro-termal-bernardo-larroude,attraction,/baza-znaniy/centro-termal-bernardo-larroude,Bernardo Larroudé Hot Spring Center,4,13,0,,/baza-znaniy,connected,KEEP,content/knowledge-base/dostoprimechatelnosti/centro-termal-bernardo-larroude.md
kb:centros-de-esqui-en-neuquen,attraction,/baza-znaniy/centros-de-esqui-en-neuquen,Ski resorts in Neuquén,4,0,0,,/baza-znaniy,no_inbound_links,HUMAN_REVIEW,content/knowledge-base/dostoprimechatelnosti/centros-de-esqui-en-neuquen.md
kb:cerro-castor,attraction,/baza-znaniy/cerro-castor,Серро-Кастор,4,22,0,,/baza-znaniy,connected,KEEP,content/knowledge-base/dostoprimechatelnosti/cerro-castor.md
kb:cerro-mercedario-y-grandes-cumbres-de-san-juan,attraction,/baza-znaniy/cerro-mercedario-y-grandes-cumbres-de-san-juan,Серро-Меркедарио и большие вершины Сан-Хуана,4,15,0,,/baza-znaniy,connected,KEEP,content/knowledge-base/dostoprimechatelnosti/cerro-mercedario-y-grandes-cumbres-de-san-juan.md
kb:cerro-tronador,attraction,/baza-znaniy/cerro-tronador,Серро-Тронадор,4,4,0,,/baza-znaniy,connected,KEEP,content/knowledge-base/dostoprimechatelnosti/cerro-tronador.md
kb:cerros-catedral-y-perito-moreno,attraction,/baza-znaniy/cerros-catedral-y-perito-moreno,Cerros Catedral y Перито-Морено,4,1,0,,/baza-znaniy,connected,KEEP,content/knowledge-base/dostoprimechatelnosti/cerros-catedral-y-perito-moreno.md
kb:certificado-de-domicilio,guide,/baza-znaniy/certificado-de-domicilio,Как подтвердить адрес в Аргентине: certificado de domicilio,5,3,0,,/baza-znaniy,connected,KEEP,content/knowledge-base/pereezd/certificado-de-domicilio.md
kb:certificado-de-legalidad-prav,guide,/baza-znaniy/certificado-de-legalidad-prav,Certificado de legalidad водительских прав: что это и зачем,4,2,0,,/baza-znaniy,connected,KEEP,content/knowledge-base/transport/certificado-de-legalidad-prav.md
kb:chek-list-pereezda,guide,/baza-znaniy/chek-list-pereezda,Чек-лист переезда в Аргентину: по этапам,2,2,0,,/baza-znaniy,connected,KEEP,content/knowledge-base/pereezd/chek-list-pereezda.md
kb:cholila,attraction,/baza-znaniy/cholila,Cholila,4,23,0,,/baza-znaniy,connected,KEEP,content/knowledge-base/dostoprimechatelnosti/cholila.md
kb:chto-delat-krome-dostoprimechatelnostej,faq,/baza-znaniy/chto-delat-krome-dostoprimechatelnostej,"Что делать в Буэнос-Айресе / Мендосе / Патагонии, кроме галочных достопримечательностей?",5,2,0,,/baza-znaniy,connected,KEEP,content/knowledge-base/faq/chto-delat-krome-dostoprimechatelnostej.md
kb:chto-est-vegetariancu,faq,/baza-znaniy/chto-est-vegetariancu,Что есть вегетарианцу или вегану в «мясной» Аргентине?,4,1,0,,/baza-znaniy,connected,KEEP,content/knowledge-base/faq/chto-est-vegetariancu.md
kb:chto-stoit-deneg-prioritety,guide,/baza-znaniy/chto-stoit-deneg-prioritety,Что реально стоит ваших денег и дней: приоритеты по Аргентине,0,6,0,,/baza-znaniy,no_related_content,HUMAN_REVIEW,content/knowledge-base/puteshestvie/chto-stoit-deneg-prioritety.md
kb:chto-takoe-dni-i-cuil,faq,/baza-znaniy/chto-takoe-dni-i-cuil,"Что такое DNI, CUIL и CUIT в Аргентине и зачем они нужны?",1,1,0,,/baza-znaniy,connected,KEEP,content/knowledge-base/faq/chto-takoe-dni-i-cuil.md
kb:chto-takoe-mep,faq,/baza-znaniy/chto-takoe-mep,Что такое MEP в Аргентине и зачем он нужен?,2,0,0,,/baza-znaniy,no_inbound_links,HUMAN_REVIEW,content/knowledge-base/faq/chto-takoe-mep.md
kb:chto-takoe-prekariya,faq,/baza-znaniy/chto-takoe-prekariya,Что такое прекария (Residencia Precaria) в Аргентине и что она даёт?,2,0,0,,/baza-znaniy,no_inbound_links,HUMAN_REVIEW,content/knowledge-base/faq/chto-takoe-prekariya.md
kb:chto-takoe-sube,faq,/baza-znaniy/chto-takoe-sube,Что такое карта SUBE и нужна ли она туристу?,4,2,0,,/baza-znaniy,connected,KEEP,content/knowledge-base/faq/chto-takoe-sube.md
kb:circuito-callejero-de-potrero-de-los-funes,attraction,/baza-znaniy/circuito-callejero-de-potrero-de-los-funes,Street circuit in Potrero de los Funes,4,5,0,,/baza-znaniy,connected,KEEP,content/knowledge-base/dostoprimechatelnosti/circuito-callejero-de-potrero-de-los-funes.md
kb:circuito-cultural-en-formosa,attraction,/baza-znaniy/circuito-cultural-en-formosa,Cultural circuit in Formosa,4,9,0,,/baza-znaniy,connected,KEEP,content/knowledge-base/dostoprimechatelnosti/circuito-cultural-en-formosa.md
kb:circuito-de-cervecerias-en-rosario,attraction,/baza-znaniy/circuito-de-cervecerias-en-rosario,Brewers’ circuit in Rosario,4,0,0,,/baza-znaniy,no_inbound_links,HUMAN_REVIEW,content/knowledge-base/dostoprimechatelnosti/circuito-de-cervecerias-en-rosario.md
kb:circuito-gastronomico-en-el-rio-parana,attraction,/baza-znaniy/circuito-gastronomico-en-el-rio-parana,Food circuit on the Paraná river,4,0,0,,/baza-znaniy,no_inbound_links,HUMAN_REVIEW,content/knowledge-base/dostoprimechatelnosti/circuito-gastronomico-en-el-rio-parana.md
kb:ciudad-de-corrientes,attraction,/baza-znaniy/ciudad-de-corrientes,Город Corrientes,4,13,0,,/baza-znaniy,connected,KEEP,content/knowledge-base/dostoprimechatelnosti/ciudad-de-corrientes.md
kb:ciudad-de-formosa,attraction,/baza-znaniy/ciudad-de-formosa,Город Формоса,4,9,0,,/baza-znaniy,connected,KEEP,content/knowledge-base/dostoprimechatelnosti/ciudad-de-formosa.md
kb:ciudad-de-salta,attraction,/baza-znaniy/ciudad-de-salta,Город Salta,4,20,0,,/baza-znaniy,connected,KEEP,content/knowledge-base/dostoprimechatelnosti/ciudad-de-salta.md
kb:ciudad-de-san-juan,attraction,/baza-znaniy/ciudad-de-san-juan,Город Сан-Хуан,4,4,0,,/baza-znaniy,connected,KEEP,content/knowledge-base/dostoprimechatelnosti/ciudad-de-san-juan.md
kb:ciudad-de-santa-fe,attraction,/baza-znaniy/ciudad-de-santa-fe,Город Санта-Фе,4,1,0,,/baza-znaniy,connected,KEEP,content/knowledge-base/dostoprimechatelnosti/ciudad-de-santa-fe.md
kb:clorinda,attraction,/baza-znaniy/clorinda,Clorinda,4,4,0,,/baza-znaniy,connected,KEEP,content/knowledge-base/dostoprimechatelnosti/clorinda.md
kb:colon,attraction,/baza-znaniy/colon,Colón,4,11,0,,/baza-znaniy,connected,KEEP,content/knowledge-base/dostoprimechatelnosti/colon.md
kb:colon-entre-rios,city,/baza-znaniy/colon-entre-rios,Колон,3,3,0,,/baza-znaniy,connected,KEEP,content/knowledge-base/goroda/colon-entre-rios.md
kb:colonia-carlos-pellegrini,attraction,/baza-znaniy/colonia-carlos-pellegrini,Колония-Карлос-Пеллегрини,4,13,0,,/baza-znaniy,connected,KEEP,content/knowledge-base/dostoprimechatelnosti/colonia-carlos-pellegrini.md
kb:colonia-menonita-en-la-pampa,attraction,/baza-znaniy/colonia-menonita-en-la-pampa,Mennonite Colony in La Pampa,4,13,0,,/baza-znaniy,connected,KEEP,content/knowledge-base/dostoprimechatelnosti/colonia-menonita-en-la-pampa.md
kb:colonia-suiza,attraction,/baza-znaniy/colonia-suiza,Колония-Суиса,4,1,0,,/baza-znaniy,connected,KEEP,content/knowledge-base/dostoprimechatelnosti/colonia-suiza.md
kb:colonias-judias-en-santa-fe,attraction,/baza-znaniy/colonias-judias-en-santa-fe,Еврейские колонии в Санта-Фе,4,1,0,,/baza-znaniy,connected,KEEP,content/knowledge-base/dostoprimechatelnosti/colonias-judias-en-santa-fe.md
kb:comandante-luis-piedrabuena,attraction,/baza-znaniy/comandante-luis-piedrabuena,Comandante Luis Piedrabuena,4,4,0,,/baza-znaniy,connected,KEEP,content/knowledge-base/dostoprimechatelnosti/comandante-luis-piedrabuena.md
kb:comarca-andina-del-paralelo-42,attraction,/baza-znaniy/comarca-andina-del-paralelo-42,Comarca Andina del Paralelo 42,4,4,0,,/baza-znaniy,connected,KEEP,content/knowledge-base/dostoprimechatelnosti/comarca-andina-del-paralelo-42.md
kb:cordero-patagonico,attraction,/baza-znaniy/cordero-patagonico,Патагонский ягненок,4,1,0,,/baza-znaniy,connected,KEEP,content/knowledge-base/dostoprimechatelnosti/cordero-patagonico.md
kb:cordoba-de-las-campanas,attraction,/baza-znaniy/cordoba-de-las-campanas,Córdoba with Bells,4,17,0,,/baza-znaniy,connected,KEEP,content/knowledge-base/dostoprimechatelnosti/cordoba-de-las-campanas.md
kb:corredor-de-la-puna,attraction,/baza-znaniy/corredor-de-la-puna,Puna Route,4,20,0,,/baza-znaniy,connected,KEEP,content/knowledge-base/dostoprimechatelnosti/corredor-de-la-puna.md
kb:corredor-del-viento,attraction,/baza-znaniy/corredor-del-viento,Corredor del Viento,4,0,0,,/baza-znaniy,no_inbound_links,HUMAN_REVIEW,content/knowledge-base/dostoprimechatelnosti/corredor-del-viento.md
kb:cosquin,attraction,/baza-znaniy/cosquin,Cosquín,4,17,0,,/baza-znaniy,connected,KEEP,content/knowledge-base/dostoprimechatelnosti/cosquin.md
kb:costa-atlantica-bonaerense,attraction,/baza-znaniy/costa-atlantica-bonaerense,Буэнос-Айрес Atlantic Coast,4,10,0,,/baza-znaniy,connected,KEEP,content/knowledge-base/dostoprimechatelnosti/costa-atlantica-bonaerense.md
kb:costa-atlantica-de-la-provincia-de-buenos-aires,attraction,/baza-znaniy/costa-atlantica-de-la-provincia-de-buenos-aires,Costa Atlántica de la provincia de Буэнос-Айрес,4,10,0,,/baza-znaniy,connected,KEEP,content/knowledge-base/dostoprimechatelnosti/costa-atlantica-de-la-provincia-de-buenos-aires.md
kb:costanera-de-corrientes,attraction,/baza-znaniy/costanera-de-corrientes,coastal promenade in Corrientes,4,4,0,,/baza-znaniy,connected,KEEP,content/knowledge-base/dostoprimechatelnosti/costanera-de-corrientes.md
kb:costanera-de-formosa,attraction,/baza-znaniy/costanera-de-formosa,Formosa coastal promenade,4,0,0,,/baza-znaniy,no_inbound_links,HUMAN_REVIEW,content/knowledge-base/dostoprimechatelnosti/costanera-de-formosa.md
kb:cruce-de-los-andes,attraction,/baza-znaniy/cruce-de-los-andes,Andean crossing,4,16,0,,/baza-znaniy,connected,KEEP,content/knowledge-base/dostoprimechatelnosti/cruce-de-los-andes.md
kb:cuesta-del-viento,attraction,/baza-znaniy/cuesta-del-viento,Cuesta del Viento,4,0,0,,/baza-znaniy,no_inbound_links,HUMAN_REVIEW,content/knowledge-base/dostoprimechatelnosti/cuesta-del-viento.md
kb:cueva-de-las-manos,attraction,/baza-znaniy/cueva-de-las-manos,Куэва-де-лас-Манос (Пещера рук),3,2,0,,/baza-znaniy,connected,KEEP,content/knowledge-base/dostoprimechatelnosti/cueva-de-las-manos.md
kb:cultura-guarani-en-misiones,attraction,/baza-znaniy/cultura-guarani-en-misiones,Guaraní Culture in Misiones,4,10,0,,/baza-znaniy,connected,KEEP,content/knowledge-base/dostoprimechatelnosti/cultura-guarani-en-misiones.md
kb:cusi-cusi,attraction,/baza-znaniy/cusi-cusi,Cusi Cusi,4,15,0,,/baza-znaniy,connected,KEEP,content/knowledge-base/dostoprimechatelnosti/cusi-cusi.md
kb:cuyo,region,/baza-znaniy/cuyo,Куйо,22,4,0,,/baza-znaniy,connected,KEEP,content/knowledge-base/regiony/cuyo.md
kb:dalyokie-parki-nastroj-na-tishinu,author_tip,/baza-znaniy/dalyokie-parki-nastroj-na-tishinu,"Патагония-парк и Баньядо-ла-Эстрелья: места, в которые едут не за зрелищем, а за тишиной",2,1,0,,/baza-znaniy,connected,KEEP,content/knowledge-base/lichnyy-opyt/dalyokie-parki-nastroj-na-tishinu.md
kb:delta-del-parana,attraction,/baza-znaniy/delta-del-parana,Paraná — дельта,4,11,0,,/baza-znaniy,connected,KEEP,content/knowledge-base/dostoprimechatelnosti/delta-del-parana.md
kb:deportes-extremos-en-la-rioja,attraction,/baza-znaniy/deportes-extremos-en-la-rioja,Extreme Sports in La Rioja,4,5,0,,/baza-znaniy,connected,KEEP,content/knowledge-base/dostoprimechatelnosti/deportes-extremos-en-la-rioja.md
kb:deportes-extremos-en-paso-de-la-patria,attraction,/baza-znaniy/deportes-extremos-en-paso-de-la-patria,Extreme sports in Paso de la Patria,4,0,0,,/baza-znaniy,no_inbound_links,HUMAN_REVIEW,content/knowledge-base/dostoprimechatelnosti/deportes-extremos-en-paso-de-la-patria.md
kb:dikaya-priroda,guide,/baza-znaniy/dikaya-priroda,Дикая природа Аргентины: где кого смотреть по сезонам,2,7,0,,/baza-znaniy,connected,KEEP,content/knowledge-base/priroda/dikaya-priroda.md
kb:dinosaurios-de-la-patagonia,attraction,/baza-znaniy/dinosaurios-de-la-patagonia,Dinosaurios de la Патагония,4,0,0,,/baza-znaniy,no_inbound_links,HUMAN_REVIEW,content/knowledge-base/dostoprimechatelnosti/dinosaurios-de-la-patagonia.md
kb:dinosaurios-en-neuquen,attraction,/baza-znaniy/dinosaurios-en-neuquen,Dinosaurs in Neuquén,4,0,0,,/baza-znaniy,no_inbound_links,HUMAN_REVIEW,content/knowledge-base/dostoprimechatelnosti/dinosaurios-en-neuquen.md
kb:dique-piscu-yacu,attraction,/baza-znaniy/dique-piscu-yacu,Плотина Писку-Яку,4,5,0,,/baza-znaniy,connected,KEEP,content/knowledge-base/dostoprimechatelnosti/dique-piscu-yacu.md
kb:dni-cuil,guide,/baza-znaniy/dni-cuil,DNI и CUIL/CUIT в Аргентине: пошагово для иностранца,5,20,0,,/baza-znaniy,connected,KEEP,content/knowledge-base/pereezd/dni-cuil.md
kb:dni-cuil-cuit-putanitsa,author_tip,/baza-znaniy/dni-cuil-cuit-putanitsa,"CUIL, CUIT, CDI, AFIP/ARCA — путаница в названиях, которая стоит реального времени",2,1,0,,/baza-znaniy,connected,KEEP,content/knowledge-base/lichnyy-opyt/dni-cuil-cuit-putanitsa.md
kb:dokumenty-dlya-poezdki-na-avto,guide,/baza-znaniy/dokumenty-dlya-poezdki-na-avto,"Какие документы нужны, чтобы ездить на автомобиле в Аргентине",5,4,0,,/baza-znaniy,connected,KEEP,content/knowledge-base/transport/dokumenty-dlya-poezdki-na-avto.md
kb:dostupnaya-sreda-i-invalidnost,guide,/baza-znaniy/dostupnaya-sreda-i-invalidnost,Доступная среда: путешествие и жизнь с инвалидностью в Аргентине,0,4,0,,/baza-znaniy,no_related_content,HUMAN_REVIEW,content/knowledge-base/puteshestvie/dostupnaya-sreda-i-invalidnost.md
kb:dunas-de-taton,attraction,/baza-znaniy/dunas-de-taton,Дюны Татон,4,11,0,,/baza-znaniy,connected,KEEP,content/knowledge-base/dostoprimechatelnosti/dunas-de-taton.md
kb:el-bolson,city,/baza-znaniy/el-bolson,Эль-Больсон,4,2,0,,/baza-znaniy,connected,KEEP,content/knowledge-base/goroda/el-bolson.md
kb:el-calafate,city,/baza-znaniy/el-calafate,Эль-Калафате,7,12,0,,/baza-znaniy,connected,KEEP,content/knowledge-base/goroda/el-calafate.md
kb:el-chaku,attraction,/baza-znaniy/el-chaku,Чаку,4,11,0,,/baza-znaniy,connected,KEEP,content/knowledge-base/dostoprimechatelnosti/el-chaku.md
kb:el-chalten,city,/baza-znaniy/el-chalten,Эль-Чальтен,5,10,0,,/baza-znaniy,connected,KEEP,content/knowledge-base/goroda/el-chalten.md
kb:el-curanto,attraction,/baza-znaniy/el-curanto,Куранто,4,1,0,,/baza-znaniy,connected,KEEP,content/knowledge-base/dostoprimechatelnosti/el-curanto.md
kb:el-gaucho,attraction,/baza-znaniy/el-gaucho,Гаучо,4,10,0,,/baza-znaniy,connected,KEEP,content/knowledge-base/dostoprimechatelnosti/el-gaucho.md
kb:el-hoyo,attraction,/baza-znaniy/el-hoyo,El Hoyo,4,1,0,,/baza-znaniy,connected,KEEP,content/knowledge-base/dostoprimechatelnosti/el-hoyo.md
kb:el-mate,attraction,/baza-znaniy/el-mate,Мате,4,10,0,,/baza-znaniy,connected,KEEP,content/knowledge-base/dostoprimechatelnosti/el-mate.md
kb:el-nihuil,attraction,/baza-znaniy/el-nihuil,Эль-Ниуиль,4,16,0,,/baza-znaniy,connected,KEEP,content/knowledge-base/dostoprimechatelnosti/el-nihuil.md
kb:el-obelisco-de-cafayate,attraction,/baza-znaniy/el-obelisco-de-cafayate,Обелиск Кафайяте,4,4,0,,/baza-znaniy,connected,KEEP,content/knowledge-base/dostoprimechatelnosti/el-obelisco-de-cafayate.md
kb:el-rodeo,attraction,/baza-znaniy/el-rodeo,Эль-Родео,4,4,0,,/baza-znaniy,connected,KEEP,content/knowledge-base/dostoprimechatelnosti/el-rodeo.md
kb:el-salitral-encantado,attraction,/baza-znaniy/el-salitral-encantado,Эль-Салитраль-Энкантадо,4,4,0,,/baza-znaniy,connected,KEEP,content/knowledge-base/dostoprimechatelnosti/el-salitral-encantado.md
kb:el-sauzalito,attraction,/baza-znaniy/el-sauzalito,Эль-Саусалито,4,5,0,,/baza-znaniy,connected,KEEP,content/knowledge-base/dostoprimechatelnosti/el-sauzalito.md
kb:el-sosneado,attraction,/baza-znaniy/el-sosneado,Эль-Соснеадо,4,4,0,,/baza-znaniy,connected,KEEP,content/knowledge-base/dostoprimechatelnosti/el-sosneado.md
kb:el-trapiche,attraction,/baza-znaniy/el-trapiche,Эль-Трапиче,4,5,0,,/baza-znaniy,connected,KEEP,content/knowledge-base/dostoprimechatelnosti/el-trapiche.md
kb:el-tren-patagonico,attraction,/baza-znaniy/el-tren-patagonico,Патагонский поезд,4,1,0,,/baza-znaniy,connected,KEEP,content/knowledge-base/dostoprimechatelnosti/el-tren-patagonico.md
kb:el-vino-malbec,attraction,/baza-znaniy/el-vino-malbec,Вино мальбек,4,1,0,,/baza-znaniy,connected,KEEP,content/knowledge-base/dostoprimechatelnosti/el-vino-malbec.md
kb:eldorado,attraction,/baza-znaniy/eldorado,Eldorado,4,10,0,,/baza-znaniy,connected,KEEP,content/knowledge-base/dostoprimechatelnosti/eldorado.md
kb:empanadas,guide,/baza-znaniy/empanadas,Эмпанадас: как читать главную уличную еду Аргентины,0,2,0,,/baza-znaniy,no_related_content,HUMAN_REVIEW,content/knowledge-base/kultura/empanadas.md
kb:empedrado,attraction,/baza-znaniy/empedrado,Empedrado,4,1,0,,/baza-znaniy,connected,KEEP,content/knowledge-base/dostoprimechatelnosti/empedrado.md
kb:empedrado-y-el-carrizal,attraction,/baza-znaniy/empedrado-y-el-carrizal,Empedrado and El Carrizal,4,0,0,,/baza-znaniy,no_inbound_links,HUMAN_REVIEW,content/knowledge-base/dostoprimechatelnosti/empedrado-y-el-carrizal.md
kb:epuyen,attraction,/baza-znaniy/epuyen,Epuyén,4,0,0,,/baza-znaniy,no_inbound_links,HUMAN_REVIEW,content/knowledge-base/dostoprimechatelnosti/epuyen.md
kb:esim-i-svyaz,guide,/baza-znaniy/esim-i-svyaz,eSIM и связь в Аргентине,0,3,0,,/baza-znaniy,no_related_content,HUMAN_REVIEW,content/knowledge-base/svyaz/esim-i-svyaz.md
kb:esim-ili-lokalnaya-sim,faq,/baza-znaniy/esim-ili-lokalnaya-sim,Что выбрать в Аргентине — eSIM или локальную SIM-карту?,1,0,0,,/baza-znaniy,no_inbound_links,HUMAN_REVIEW,content/knowledge-base/faq/esim-ili-lokalnaya-sim.md
kb:esquel,city,/baza-znaniy/esquel,Эскель,5,1,0,,/baza-znaniy,connected,KEEP,content/knowledge-base/goroda/esquel.md
kb:esquina,attraction,/baza-znaniy/esquina,Esquina,4,0,0,,/baza-znaniy,no_inbound_links,HUMAN_REVIEW,content/knowledge-base/dostoprimechatelnosti/esquina.md
kb:estancias-turisticas-de-campo,attraction,/baza-znaniy/estancias-turisticas-de-campo,Tourist estancias in the countryside,4,0,0,,/baza-znaniy,no_inbound_links,HUMAN_REVIEW,content/knowledge-base/dostoprimechatelnosti/estancias-turisticas-de-campo.md
kb:expedicion-al-avion-de-los-uruguayos,attraction,/baza-znaniy/expedicion-al-avion-de-los-uruguayos,Expedition to the Uruguayan team’s plane,4,0,0,,/baza-znaniy,no_inbound_links,HUMAN_REVIEW,content/knowledge-base/dostoprimechatelnosti/expedicion-al-avion-de-los-uruguayos.md
kb:expediciones-en-el-lago-huechulafquen,attraction,/baza-znaniy/expediciones-en-el-lago-huechulafquen,Expeditions in Huechulafquen Lake,4,0,0,,/baza-znaniy,no_inbound_links,HUMAN_REVIEW,content/knowledge-base/dostoprimechatelnosti/expediciones-en-el-lago-huechulafquen.md
kb:falshivye-policejskie-i-obmenniki,author_tip,/baza-znaniy/falshivye-policejskie-i-obmenniki,"Слишком хороший курс на обмене — почти всегда повод насторожиться, а не обрадоваться",2,1,0,,/baza-znaniy,connected,KEEP,content/knowledge-base/lichnyy-opyt/falshivye-policejskie-i-obmenniki.md
kb:federacion,city,/baza-znaniy/federacion,Federación,2,1,0,,/baza-znaniy,connected,KEEP,content/knowledge-base/goroda/federacion.md
kb:feria-de-simoca,attraction,/baza-znaniy/feria-de-simoca,Simoca Fair,4,12,0,,/baza-znaniy,connected,KEEP,content/knowledge-base/dostoprimechatelnosti/feria-de-simoca.md
kb:festival-de-cosquin,attraction,/baza-znaniy/festival-de-cosquin,Cosquín Festival,4,4,0,,/baza-znaniy,connected,KEEP,content/knowledge-base/dostoprimechatelnosti/festival-de-cosquin.md
kb:fiambala,attraction,/baza-znaniy/fiambala,Fiambalá,4,0,0,,/baza-znaniy,no_inbound_links,HUMAN_REVIEW,content/knowledge-base/dostoprimechatelnosti/fiambala.md
kb:fiesta-nacional-del-canotaje-en-chaco,attraction,/baza-znaniy/fiesta-nacional-del-canotaje-en-chaco,National Canoeing Festival in Chaco,4,0,0,,/baza-znaniy,no_inbound_links,HUMAN_REVIEW,content/knowledge-base/dostoprimechatelnosti/fiesta-nacional-del-canotaje-en-chaco.md
kb:fiesta-nacional-del-sol-en-san-juan,attraction,/baza-znaniy/fiesta-nacional-del-sol-en-san-juan,National Sun Festival in San Juan,4,0,0,,/baza-znaniy,no_inbound_links,HUMAN_REVIEW,content/knowledge-base/dostoprimechatelnosti/fiesta-nacional-del-sol-en-san-juan.md
kb:fiestas-y-festivales-en-cordoba,attraction,/baza-znaniy/fiestas-y-festivales-en-cordoba,Córdoba Feasts and Festivals,4,0,0,,/baza-znaniy,no_inbound_links,HUMAN_REVIEW,content/knowledge-base/dostoprimechatelnosti/fiestas-y-festivales-en-cordoba.md
kb:folklor-i-muzyka,guide,/baza-znaniy/folklor-i-muzyka,"Музыка Аргентины: фольклор, рок и куартето",0,2,0,,/baza-znaniy,no_related_content,HUMAN_REVIEW,content/knowledge-base/kultura/folklor-i-muzyka.md
kb:formosa,city,/baza-znaniy/formosa,Формоса,3,3,0,,/baza-znaniy,connected,KEEP,content/knowledge-base/goroda/formosa.md
kb:frutas-de-pepita-en-el-alto-valle-del-rio-negro,attraction,/baza-znaniy/frutas-de-pepita-en-el-alto-valle-del-rio-negro,Seed fruits in the Alto Valle del Río Negro,4,0,0,,/baza-znaniy,no_inbound_links,HUMAN_REVIEW,content/knowledge-base/dostoprimechatelnosti/frutas-de-pepita-en-el-alto-valle-del-rio-negro.md
kb:futbol,guide,/baza-znaniy/futbol,Футбол в Аргентине,8,1,0,,/baza-znaniy,connected,KEEP,content/knowledge-base/kultura/futbol.md
kb:futbol-kak-popast-bez-skama,author_tip,/baza-znaniy/futbol-kak-popast-bez-skama,На футбол в Аргентине нельзя купить билет «как в Европе» — и это меняет весь план,2,1,0,,/baza-znaniy,connected,KEEP,content/knowledge-base/lichnyy-opyt/futbol-kak-popast-bez-skama.md
kb:gaiman,attraction,/baza-znaniy/gaiman,Gaiman,4,0,0,,/baza-znaniy,no_inbound_links,HUMAN_REVIEW,content/knowledge-base/dostoprimechatelnosti/gaiman.md
kb:galeses-en-argentina,attraction,/baza-znaniy/galeses-en-argentina,Welsh in Argentina,4,0,0,,/baza-znaniy,no_inbound_links,HUMAN_REVIEW,content/knowledge-base/dostoprimechatelnosti/galeses-en-argentina.md
kb:gastronomia-de-chaco,attraction,/baza-znaniy/gastronomia-de-chaco,Food in Chaco,4,0,0,,/baza-znaniy,no_inbound_links,HUMAN_REVIEW,content/knowledge-base/dostoprimechatelnosti/gastronomia-de-chaco.md
kb:gastronomia-de-entre-rios,attraction,/baza-znaniy/gastronomia-de-entre-rios,Food in Entre Ríos,4,11,0,,/baza-znaniy,connected,KEEP,content/knowledge-base/dostoprimechatelnosti/gastronomia-de-entre-rios.md
kb:gastronomia-de-jujuy,attraction,/baza-znaniy/gastronomia-de-jujuy,Gastronomy in Jujuy,4,15,0,,/baza-znaniy,connected,KEEP,content/knowledge-base/dostoprimechatelnosti/gastronomia-de-jujuy.md
kb:gastronomia-de-la-pampa,attraction,/baza-znaniy/gastronomia-de-la-pampa,Food in La Pampa,4,0,0,,/baza-znaniy,no_inbound_links,HUMAN_REVIEW,content/knowledge-base/dostoprimechatelnosti/gastronomia-de-la-pampa.md
kb:gastronomia-de-misiones,attraction,/baza-znaniy/gastronomia-de-misiones,Food in Misiones,4,4,0,,/baza-znaniy,connected,KEEP,content/knowledge-base/dostoprimechatelnosti/gastronomia-de-misiones.md
kb:gastronomia-de-tierra-del-fuego,attraction,/baza-znaniy/gastronomia-de-tierra-del-fuego,Gastronomía de Огненная Земля,4,22,0,,/baza-znaniy,connected,KEEP,content/knowledge-base/dostoprimechatelnosti/gastronomia-de-tierra-del-fuego.md
kb:gastronomia-en-cordoba,attraction,/baza-znaniy/gastronomia-en-cordoba,Food in Córdoba,4,0,0,,/baza-znaniy,no_inbound_links,HUMAN_REVIEW,content/knowledge-base/dostoprimechatelnosti/gastronomia-en-cordoba.md
kb:gastronomia-en-santa-fe,attraction,/baza-znaniy/gastronomia-en-santa-fe,Food in Santa Fe,4,0,0,,/baza-znaniy,no_inbound_links,HUMAN_REVIEW,content/knowledge-base/dostoprimechatelnosti/gastronomia-en-santa-fe.md
kb:gastronomia-en-santiago-del-estero,attraction,/baza-znaniy/gastronomia-en-santiago-del-estero,Food in Santiago del Estero,4,4,0,,/baza-znaniy,connected,KEEP,content/knowledge-base/dostoprimechatelnosti/gastronomia-en-santiago-del-estero.md
kb:gastronomia-portena,attraction,/baza-znaniy/gastronomia-portena,Кухня Буэнос-Айреса,4,6,0,,/baza-znaniy,connected,KEEP,content/knowledge-base/dostoprimechatelnosti/gastronomia-portena.md
kb:gde-luchshiy-karnaval-v-argentine,faq,/baza-znaniy/gde-luchshiy-karnaval-v-argentine,Где лучший карнавал в Аргентине?,2,0,0,,/baza-znaniy,no_inbound_links,HUMAN_REVIEW,content/knowledge-base/faq/gde-luchshiy-karnaval-v-argentine.md
kb:general-acha,attraction,/baza-znaniy/general-acha,General Acha,4,0,0,,/baza-znaniy,no_inbound_links,HUMAN_REVIEW,content/knowledge-base/dostoprimechatelnosti/general-acha.md
kb:gid-po-dengam,guide,/baza-znaniy/gid-po-dengam,Деньги в Аргентине: полный тематический гид,5,0,0,,/baza-znaniy,no_inbound_links,HUMAN_REVIEW,content/knowledge-base/dengi/gid-po-dengam.md
kb:gid-po-dokumentam,guide,/baza-znaniy/gid-po-dokumentam,Документы и легализация в Аргентине: полный тематический гид,10,0,0,,/baza-znaniy,no_inbound_links,HUMAN_REVIEW,content/knowledge-base/pereezd/gid-po-dokumentam.md
kb:gid-po-kulture,guide,/baza-znaniy/gid-po-kulture,Культура и жизнь Аргентины: полный тематический гид,5,0,0,,/baza-znaniy,no_inbound_links,HUMAN_REVIEW,content/knowledge-base/kultura/gid-po-kulture.md
kb:gid-po-medicine,guide,/baza-znaniy/gid-po-medicine,Медицина и здоровье в Аргентине: полный тематический гид,6,0,0,,/baza-znaniy,no_inbound_links,HUMAN_REVIEW,content/knowledge-base/medicina/gid-po-medicine.md
kb:gid-po-transportu,transport,/baza-znaniy/gid-po-transportu,Транспорт в Аргентине: полный тематический гид,13,0,0,,/baza-znaniy,no_inbound_links,HUMAN_REVIEW,content/knowledge-base/transport/gid-po-transportu.md
kb:gid-po-zhilyu,guide,/baza-znaniy/gid-po-zhilyu,Жильё в Аргентине: полный тематический гид,5,0,0,,/baza-znaniy,no_inbound_links,HUMAN_REVIEW,content/knowledge-base/zhile/gid-po-zhilyu.md
kb:gid-puteshestvennika,guide,/baza-znaniy/gid-puteshestvennika,Гид путешественника: с чего начать поездку в Аргентину,5,1,0,,/baza-znaniy,connected,KEEP,content/knowledge-base/puteshestvie/gid-puteshestvennika.md
kb:gid-relokanta,guide,/baza-znaniy/gid-relokanta,Гид релоканта: весь путь переезда в Аргентину по этапам,5,2,0,,/baza-znaniy,connected,KEEP,content/knowledge-base/pereezd/gid-relokanta.md
kb:glaciar-huemul,attraction,/baza-znaniy/glaciar-huemul,Ледник Уэмуль,4,1,0,,/baza-znaniy,connected,KEEP,content/knowledge-base/dostoprimechatelnosti/glaciar-huemul.md
kb:glaciar-ojo-del-albino,attraction,/baza-znaniy/glaciar-ojo-del-albino,Ледник Охо-дель-Альбино,4,22,0,,/baza-znaniy,connected,KEEP,content/knowledge-base/dostoprimechatelnosti/glaciar-ojo-del-albino.md
kb:golf-en-mendoza,attraction,/baza-znaniy/golf-en-mendoza,Golf en Мендоса,4,0,0,,/baza-znaniy,no_inbound_links,HUMAN_REVIEW,content/knowledge-base/dostoprimechatelnosti/golf-en-mendoza.md
kb:golf-en-tierra-del-fuego,attraction,/baza-znaniy/golf-en-tierra-del-fuego,Golf en Огненная Земля,4,4,0,,/baza-znaniy,connected,KEEP,content/knowledge-base/dostoprimechatelnosti/golf-en-tierra-del-fuego.md
kb:gosudarstvennye-prilozheniya,guide,/baza-znaniy/gosudarstvennye-prilozheniya,"Государственные приложения Аргентины: Mi Argentina, miBA, ARCA",5,2,0,,/baza-znaniy,connected,KEEP,content/knowledge-base/svyaz/gosudarstvennye-prilozheniya.md
kb:govoryat-li-v-argentine-po-anglijski,faq,/baza-znaniy/govoryat-li-v-argentine-po-anglijski,Говорят ли в Аргентине по-английски?,3,0,0,,/baza-znaniy,no_inbound_links,HUMAN_REVIEW,content/knowledge-base/faq/govoryat-li-v-argentine-po-anglijski.md
kb:grazhdanstvo,guide,/baza-znaniy/grazhdanstvo,Гражданство Аргентины: натурализация и правила 2026,1,8,0,,/baza-znaniy,connected,KEEP,content/knowledge-base/pereezd/grazhdanstvo.md
kb:gualeguaychu,city,/baza-znaniy/gualeguaychu,Gualeguaychú,2,1,0,,/baza-znaniy,connected,KEEP,content/knowledge-base/goroda/gualeguaychu.md
kb:herradura,attraction,/baza-znaniy/herradura,Herradura,4,0,0,,/baza-znaniy,no_inbound_links,HUMAN_REVIEW,content/knowledge-base/dostoprimechatelnosti/herradura.md
kb:hornocal,attraction,/baza-znaniy/hornocal,Серрания-де-Орнокаль (Гора 14 цветов),4,2,0,,/baza-znaniy,connected,KEEP,content/knowledge-base/dostoprimechatelnosti/hornocal.md
kb:humahuaca,attraction,/baza-znaniy/humahuaca,Humahuaca,6,19,0,,/baza-znaniy,connected,KEEP,content/knowledge-base/dostoprimechatelnosti/humahuaca.md
kb:ibera,national_park,/baza-znaniy/ibera,Национальный парк Ибера,9,13,0,,/baza-znaniy,connected,KEEP,content/knowledge-base/natsionalnye-parki/ibera.md
kb:ibera-rassvet-i-tihie-portaly,author_tip,/baza-znaniy/ibera-rassvet-i-tihie-portaly,Ибера: почему стоит вставать затемно и какой портал выбрать ради тишины,1,1,0,,/baza-znaniy,connected,KEEP,content/knowledge-base/lichnyy-opyt/ibera-rassvet-i-tihie-portaly.md
kb:iglesia-nuestra-senora-del-rosario-y-san-francisco,attraction,/baza-znaniy/iglesia-nuestra-senora-del-rosario-y-san-francisco,Church Nuestra Señora del Rosario y San Francisco,4,3,0,,/baza-znaniy,connected,KEEP,content/knowledge-base/dostoprimechatelnosti/iglesia-nuestra-senora-del-rosario-y-san-francisco.md
kb:iguasu,national_park,/baza-znaniy/iguasu,Национальный парк Игуасу,15,18,0,,/baza-znaniy,connected,KEEP,content/knowledge-base/natsionalnye-parki/iguasu.md
kb:iguasu-foto-sekrety,author_tip,/baza-znaniy/iguasu-foto-sekrety,"Как снимать водопады Игуасу так, чтобы по фото было видно их реальный размер",2,1,0,,/baza-znaniy,connected,KEEP,content/knowledge-base/lichnyy-opyt/iguasu-foto-sekrety.md
kb:iguasu-ritm-bez-tolp-i-sveta,author_tip,/baza-znaniy/iguasu-ritm-bez-tolp-i-sveta,"Игуасу без толп: как выстроить день по свету, а не по расписанию автобусов",2,1,0,,/baza-znaniy,connected,KEEP,content/knowledge-base/lichnyy-opyt/iguasu-ritm-bez-tolp-i-sveta.md
kb:inflyatsiya-i-ekonomika,guide,/baza-znaniy/inflyatsiya-i-ekonomika,Инфляция и экономика Аргентины простыми словами,1,1,0,,/baza-znaniy,connected,KEEP,content/knowledge-base/dengi/inflyatsiya-i-ekonomika.md
kb:intendente-alvear,attraction,/baza-znaniy/intendente-alvear,Intendente Alvear,4,0,0,,/baza-znaniy,no_inbound_links,HUMAN_REVIEW,content/knowledge-base/dostoprimechatelnosti/intendente-alvear.md
kb:interesnye-fakty,guide,/baza-znaniy/interesnye-fakty,Что удивляет в Аргентине: интересные факты,1,3,0,,/baza-znaniy,connected,KEEP,content/knowledge-base/kultura/interesnye-fakty.md
kb:iruya,attraction,/baza-znaniy/iruya,Iruya,4,1,0,,/baza-znaniy,connected,KEEP,content/knowledge-base/dostoprimechatelnosti/iruya.md
kb:ischigualasto,national_park,/baza-znaniy/ischigualasto,Парк Исчигуаласто (Долина Луны),6,10,0,,/baza-znaniy,connected,KEEP,content/knowledge-base/natsionalnye-parki/ischigualasto.md
kb:isla-del-cerrito,attraction,/baza-znaniy/isla-del-cerrito,Isla del Cerrito,4,0,0,,/baza-znaniy,no_inbound_links,HUMAN_REVIEW,content/knowledge-base/dostoprimechatelnosti/isla-del-cerrito.md
kb:isla-medialuna-antartida,attraction,/baza-znaniy/isla-medialuna-antartida,"Half Moon Island, Antarctica",4,0,0,,/baza-znaniy,no_inbound_links,HUMAN_REVIEW,content/knowledge-base/dostoprimechatelnosti/isla-medialuna-antartida.md
kb:ispanskij-dlya-puteshestvennika,guide,/baza-znaniy/ispanskij-dlya-puteshestvennika,Аргентинский испанский для путешественника,5,5,0,,/baza-znaniy,connected,KEEP,content/knowledge-base/kultura/ispanskij-dlya-puteshestvennika.md
kb:istoriya-argentiny,guide,/baza-znaniy/istoriya-argentiny,Краткая история Аргентины для путешественника,0,2,0,,/baza-znaniy,no_related_content,HUMAN_REVIEW,content/knowledge-base/kultura/istoriya-argentiny.md
kb:istoriya-zheleznyh-dorog,transport,/baza-znaniy/istoriya-zheleznyh-dorog,История железных дорог Аргентины: расцвет и упадок,0,1,0,,/baza-znaniy,no_related_content,HUMAN_REVIEW,content/knowledge-base/transport/istoriya-zheleznyh-dorog.md
kb:ituzaingo,attraction,/baza-znaniy/ituzaingo,Ituzaingó,4,0,0,,/baza-znaniy,no_inbound_links,HUMAN_REVIEW,content/knowledge-base/dostoprimechatelnosti/ituzaingo.md
kb:iz-esejsy-v-ba,transport,/baza-znaniy/iz-esejsy-v-ba,Из аэропорта Эсейса в Буэнос-Айрес,5,4,0,,/baza-znaniy,connected,KEEP,content/knowledge-base/transport/iz-esejsy-v-ba.md
kb:jaaukanigas,attraction,/baza-znaniy/jaaukanigas,Jaaukanigás,4,0,0,,/baza-znaniy,no_inbound_links,HUMAN_REVIEW,content/knowledge-base/dostoprimechatelnosti/jaaukanigas.md
kb:jachal,attraction,/baza-znaniy/jachal,Jáchal,4,0,0,,/baza-znaniy,no_inbound_links,HUMAN_REVIEW,content/knowledge-base/dostoprimechatelnosti/jachal.md
kb:jaramillo,attraction,/baza-znaniy/jaramillo,Jaramillo,4,0,0,,/baza-znaniy,no_inbound_links,HUMAN_REVIEW,content/knowledge-base/dostoprimechatelnosti/jaramillo.md
kb:juan-jose-castelli,attraction,/baza-znaniy/juan-jose-castelli,Juan José Castelli,4,0,0,,/baza-znaniy,no_inbound_links,HUMAN_REVIEW,content/knowledge-base/dostoprimechatelnosti/juan-jose-castelli.md
kb:jujuy-en-bicicleta,attraction,/baza-znaniy/jujuy-en-bicicleta,Cover Jujuy by Bike,4,0,0,,/baza-znaniy,no_inbound_links,HUMAN_REVIEW,content/knowledge-base/dostoprimechatelnosti/jujuy-en-bicicleta.md
kb:junin-de-los-andes,attraction,/baza-znaniy/junin-de-los-andes,Junín de los Andes,4,0,0,,/baza-znaniy,no_inbound_links,HUMAN_REVIEW,content/knowledge-base/dostoprimechatelnosti/junin-de-los-andes.md
kb:kachi,attraction,/baza-znaniy/kachi,Качи,5,6,0,,/baza-znaniy,connected,KEEP,content/knowledge-base/dostoprimechatelnosti/kachi.md
kb:kak-dobratsya-iz-rossii,transport,/baza-znaniy/kak-dobratsya-iz-rossii,Как добраться из России и СНГ в Аргентину,6,10,0,,/baza-znaniy,connected,KEEP,content/knowledge-base/transport/kak-dobratsya-iz-rossii.md
kb:kak-kupit-aviabilety-deshevle,faq,/baza-znaniy/kak-kupit-aviabilety-deshevle,Как купить внутренние авиабилеты по Аргентине дешевле?,2,0,0,,/baza-znaniy,no_inbound_links,HUMAN_REVIEW,content/knowledge-base/faq/kak-kupit-aviabilety-deshevle.md
kb:kak-menyat-valyutu,guide,/baza-znaniy/kak-menyat-valyutu,"Как менять валюту в Аргентине: курс, blue, MEP, карты",3,15,0,,/baza-znaniy,connected,KEEP,content/knowledge-base/dengi/kak-menyat-valyutu.md
kb:kak-oplatit-tur-i-zhilyo-zaranee,faq,/baza-znaniy/kak-oplatit-tur-i-zhilyo-zaranee,"Как оплатить тур, отель или экскурсию заранее, если моя карта РФ не работает?",4,2,0,,/baza-znaniy,connected,KEEP,content/knowledge-base/faq/kak-oplatit-tur-i-zhilyo-zaranee.md
kb:kak-perevezti-kota-ili-sobaku,faq,/baza-znaniy/kak-perevezti-kota-ili-sobaku,Как перевезти кота или собаку в Аргентину?,1,1,0,,/baza-znaniy,connected,KEEP,content/knowledge-base/faq/kak-perevezti-kota-ili-sobaku.md
kb:kak-platit-esli-karta-rf-ne-rabotaet,faq,/baza-znaniy/kak-platit-esli-karta-rf-ne-rabotaet,"Как платить в Аргентине, если карты российских банков не работают?",4,2,0,,/baza-znaniy,connected,KEEP,content/knowledge-base/faq/kak-platit-esli-karta-rf-ne-rabotaet.md
kb:kak-poluchit-grazhdanstvo-za-2-goda,faq,/baza-znaniy/kak-poluchit-grazhdanstvo-za-2-goda,"Правда ли, что гражданство Аргентины можно получить за 2 года?",2,0,0,,/baza-znaniy,no_inbound_links,HUMAN_REVIEW,content/knowledge-base/faq/kak-poluchit-grazhdanstvo-za-2-goda.md
kb:kak-poluchit-prava-v-argentine,guide,/baza-znaniy/kak-poluchit-prava-v-argentine,"Как получить водительские права в Аргентине: иностранные, обмен и с нуля",5,6,0,,/baza-znaniy,connected,KEEP,content/knowledge-base/transport/kak-poluchit-prava-v-argentine.md
kb:kak-snyat-kvartiru-bez-garanta,faq,/baza-znaniy/kak-snyat-kvartiru-bez-garanta,Как снять квартиру в Аргентине без гаранта (garantía)?,3,3,0,,/baza-znaniy,connected,KEEP,content/knowledge-base/faq/kak-snyat-kvartiru-bez-garanta.md
kb:kakie-dokumenty-vezti-s-soboj,faq,/baza-znaniy/kakie-dokumenty-vezti-s-soboj,Какие документы везти с собой при переезде в Аргентину?,3,0,0,,/baza-znaniy,no_inbound_links,HUMAN_REVIEW,content/knowledge-base/faq/kakie-dokumenty-vezti-s-soboj.md
kb:kakie-privivki-nuzhny-dlya-argentiny,faq,/baza-znaniy/kakie-privivki-nuzhny-dlya-argentiny,Какие прививки нужны для поездки в Аргентину?,3,2,0,,/baza-znaniy,connected,KEEP,content/knowledge-base/faq/kakie-privivki-nuzhny-dlya-argentiny.md
kb:kakie-rajony-ba-izbegat,faq,/baza-znaniy/kakie-rajony-ba-izbegat,Какие районы Буэнос-Айреса стоит избегать?,2,0,0,,/baza-znaniy,no_inbound_links,HUMAN_REVIEW,content/knowledge-base/faq/kakie-rajony-ba-izbegat.md
kb:kakie-rozetki-v-argentine,faq,/baza-znaniy/kakie-rozetki-v-argentine,"Какие розетки и напряжение в Аргентине, нужен ли адаптер?",3,0,0,,/baza-znaniy,no_inbound_links,HUMAN_REVIEW,content/knowledge-base/faq/kakie-rozetki-v-argentine.md
kb:kakoj-dohod-nuzhen-dlya-rantye,faq,/baza-znaniy/kakoj-dohod-nuzhen-dlya-rantye,Какой доход нужен для получения резиденции рантье в Аргентине?,1,1,0,,/baza-znaniy,connected,KEEP,content/knowledge-base/faq/kakoj-dohod-nuzhen-dlya-rantye.md
kb:kakoj-mesyats-kuda-ehat,faq,/baza-znaniy/kakoj-mesyats-kuda-ehat,У меня отпуск в конкретном месяце — куда в Аргентине в это время реально ехать?,4,2,0,,/baza-znaniy,connected,KEEP,content/knowledge-base/faq/kakoj-mesyats-kuda-ehat.md
kb:kakoj-otrub-steika-zakazat,faq,/baza-znaniy/kakoj-otrub-steika-zakazat,"Bife de chorizo и ojo de bife — в чём разница, и что такое рибай?",1,1,0,,/baza-znaniy,connected,KEEP,content/knowledge-base/faq/kakoj-otrub-steika-zakazat.md
kb:kaminito-la-boka,attraction,/baza-znaniy/kaminito-la-boka,Каминито и квартал Ла-Бока,2,4,0,,/baza-znaniy,connected,KEEP,content/knowledge-base/dostoprimechatelnosti/kaminito-la-boka.md
kb:kanal-bigl-i-poezd-na-kray-sveta,attraction,/baza-znaniy/kanal-bigl-i-poezd-na-kray-sveta,Пролив Бигль и «Поезд на край света»,2,3,0,,/baza-znaniy,connected,KEEP,content/knowledge-base/dostoprimechatelnosti/kanal-bigl-i-poezd-na-kray-sveta.md
kb:kayak-en-bariloche,attraction,/baza-znaniy/kayak-en-bariloche,Kayak en Барилоче,4,1,0,,/baza-znaniy,connected,KEEP,content/knowledge-base/dostoprimechatelnosti/kayak-en-bariloche.md
kb:kayak-en-el-parana,attraction,/baza-znaniy/kayak-en-el-parana,Kayaking in the Paraná,4,0,0,,/baza-znaniy,no_inbound_links,HUMAN_REVIEW,content/knowledge-base/dostoprimechatelnosti/kayak-en-el-parana.md
kb:kemping-i-palatki,guide,/baza-znaniy/kemping-i-palatki,Кемпинг и палатки в Аргентине,6,1,0,,/baza-znaniy,connected,KEEP,content/knowledge-base/zhile/kemping-i-palatki.md
kb:kladbische-recoleta,attraction,/baza-znaniy/kladbische-recoleta,Кладбище Реколета,2,3,0,,/baza-znaniy,connected,KEEP,content/knowledge-base/dostoprimechatelnosti/kladbische-recoleta.md
kb:klimat-po-regionam,guide,/baza-znaniy/klimat-po-regionam,Климат Аргентины по регионам,14,3,0,,/baza-znaniy,connected,KEEP,content/knowledge-base/klimat/klimat-po-regionam.md
kb:kogda-luchshe-ehat-v-argentinu,faq,/baza-znaniy/kogda-luchshe-ehat-v-argentinu,Когда лучше ехать в Аргентину?,4,1,0,,/baza-znaniy,connected,KEEP,content/knowledge-base/faq/kogda-luchshe-ehat-v-argentinu.md
kb:kogda-smotret-kitov-v-argentine,faq,/baza-znaniy/kogda-smotret-kitov-v-argentine,Когда лучше смотреть китов в Аргентине?,2,2,0,,/baza-znaniy,connected,KEEP,content/knowledge-base/faq/kogda-smotret-kitov-v-argentine.md
kb:kogda-uchebnyj-god-v-argentine,faq,/baza-znaniy/kogda-uchebnyj-god-v-argentine,Когда начинается учебный год в Аргентине?,1,1,0,,/baza-znaniy,connected,KEEP,content/knowledge-base/faq/kogda-uchebnyj-god-v-argentine.md
kb:kordova,city,/baza-znaniy/kordova,Кордова,8,7,0,,/baza-znaniy,connected,KEEP,content/knowledge-base/goroda/kordova.md
kb:korrientes,city,/baza-znaniy/korrientes,Корриентес,5,4,0,,/baza-znaniy,connected,KEEP,content/knowledge-base/goroda/korrientes.md
kb:kovorkingi-i-rabota-nomada,guide,/baza-znaniy/kovorkingi-i-rabota-nomada,Коворкинги и удалённая работа в Аргентине,1,1,0,,/baza-znaniy,connected,KEEP,content/knowledge-base/svyaz/kovorkingi-i-rabota-nomada.md
kb:kuhnya,guide,/baza-znaniy/kuhnya,Кухня Аргентины,10,9,0,,/baza-znaniy,connected,KEEP,content/knowledge-base/kultura/kuhnya.md
kb:la-aripuca,attraction,/baza-znaniy/la-aripuca,Ла-Арипука,4,1,0,,/baza-znaniy,connected,KEEP,content/knowledge-base/dostoprimechatelnosti/la-aripuca.md
kb:la-cumbrecita,attraction,/baza-znaniy/la-cumbrecita,Ла-Кумбресита и Сьерры Кордовы,3,2,0,,/baza-znaniy,connected,KEEP,content/knowledge-base/dostoprimechatelnosti/la-cumbrecita.md
kb:la-mitica-ruta-40,attraction,/baza-znaniy/la-mitica-ruta-40,Легендарная Рута 40,4,1,0,,/baza-znaniy,connected,KEEP,content/knowledge-base/dostoprimechatelnosti/la-mitica-ruta-40.md
kb:la-plata,city,/baza-znaniy/la-plata,Ла-Плата,4,1,0,,/baza-znaniy,connected,KEEP,content/knowledge-base/goroda/la-plata.md
kb:la-rioja,city,/baza-znaniy/la-rioja,Ла-Риоха,4,3,0,,/baza-znaniy,connected,KEEP,content/knowledge-base/goroda/la-rioja.md
kb:la-rioja-off-road,attraction,/baza-znaniy/la-rioja-off-road,Ла-Риоха: бездорожье,4,5,0,,/baza-znaniy,connected,KEEP,content/knowledge-base/dostoprimechatelnosti/la-rioja-off-road.md
kb:la-ruta-del-chocolate,attraction,/baza-znaniy/la-ruta-del-chocolate,Шоколадный путь,4,1,0,,/baza-znaniy,connected,KEEP,content/knowledge-base/dostoprimechatelnosti/la-ruta-del-chocolate.md
kb:la-ruta-del-pehuen,attraction,/baza-znaniy/la-ruta-del-pehuen,Путь араукарии,4,1,0,,/baza-znaniy,connected,KEEP,content/knowledge-base/dostoprimechatelnosti/la-ruta-del-pehuen.md
kb:laberinto-patagonia,attraction,/baza-znaniy/laberinto-patagonia,Laberinto Патагония,4,1,0,,/baza-znaniy,connected,KEEP,content/knowledge-base/dostoprimechatelnosti/laberinto-patagonia.md
kb:lago-del-desierto,attraction,/baza-znaniy/lago-del-desierto,Лаго-дель-Десьерто,4,1,0,,/baza-znaniy,connected,KEEP,content/knowledge-base/dostoprimechatelnosti/lago-del-desierto.md
kb:lago-mascardi,attraction,/baza-znaniy/lago-mascardi,Озеро Маскарди,4,1,0,,/baza-znaniy,connected,KEEP,content/knowledge-base/dostoprimechatelnosti/lago-mascardi.md
kb:lago-posadas,attraction,/baza-znaniy/lago-posadas,Озеро Посадас,4,1,0,,/baza-znaniy,connected,KEEP,content/knowledge-base/dostoprimechatelnosti/lago-posadas.md
kb:lagos-de-tierra-del-fuego,attraction,/baza-znaniy/lagos-de-tierra-del-fuego,Lagos de Огненная Земля,4,1,0,,/baza-znaniy,connected,KEEP,content/knowledge-base/dostoprimechatelnosti/lagos-de-tierra-del-fuego.md
kb:laguna-de-mar-chiquita,attraction,/baza-znaniy/laguna-de-mar-chiquita,Лагуна Мар-Чикита,4,1,0,,/baza-znaniy,connected,KEEP,content/knowledge-base/dostoprimechatelnosti/laguna-de-mar-chiquita.md
kb:laguna-esmeralda,attraction,/baza-znaniy/laguna-esmeralda,Лагуна Эсмеральда,4,1,0,,/baza-znaniy,connected,KEEP,content/knowledge-base/dostoprimechatelnosti/laguna-esmeralda.md
kb:laguna-melincue,attraction,/baza-znaniy/laguna-melincue,Лагуна Мелинкуэ,4,1,0,,/baza-znaniy,connected,KEEP,content/knowledge-base/dostoprimechatelnosti/laguna-melincue.md
kb:lanin,national_park,/baza-znaniy/lanin,Национальный парк Ланин,6,7,0,,/baza-znaniy,connected,KEEP,content/knowledge-base/natsionalnye-parki/lanin.md
kb:lanin-sever-araukarii-i-termy,author_tip,/baza-znaniy/lanin-sever-araukarii-i-termy,"Ланин: тихий север парка с араукариями и дикими термами, куда мало кто доезжает",3,1,0,,/baza-znaniy,connected,KEEP,content/knowledge-base/lichnyy-opyt/lanin-sever-araukarii-i-termy.md
kb:las-lenas,attraction,/baza-znaniy/las-lenas,Лас-Леньяс,2,2,0,,/baza-znaniy,connected,KEEP,content/knowledge-base/dostoprimechatelnosti/las-lenas.md
kb:legado-jesuita-en-cordoba,attraction,/baza-znaniy/legado-jesuita-en-cordoba,Jesuit legacy in Córdoba,4,0,0,,/baza-znaniy,no_inbound_links,HUMAN_REVIEW,content/knowledge-base/dostoprimechatelnosti/legado-jesuita-en-cordoba.md
kb:lgbt-travel,guide,/baza-znaniy/lgbt-travel,ЛГБТ-путешествия и жизнь в Аргентине,0,1,0,,/baza-znaniy,no_related_content,HUMAN_REVIEW,content/knowledge-base/kultura/lgbt-travel.md
kb:lihue-calel,national_park,/baza-znaniy/lihue-calel,Национальный парк Лиуэ-Калель,3,2,0,,/baza-znaniy,connected,KEEP,content/knowledge-base/natsionalnye-parki/lihue-calel.md
kb:litoral,region,/baza-znaniy/litoral,Литораль (Северо-Восток / Месопотамия),35,9,0,,/baza-znaniy,connected,KEEP,content/knowledge-base/regiony/litoral.md
kb:los-alerces,national_park,/baza-znaniy/los-alerces,Национальный парк Лос-Алерсес,6,7,0,,/baza-znaniy,connected,KEEP,content/knowledge-base/natsionalnye-parki/los-alerces.md
kb:los-antiguos,city,/baza-znaniy/los-antiguos,Los Antiguos,3,1,0,,/baza-znaniy,connected,KEEP,content/knowledge-base/goroda/los-antiguos.md
kb:los-cardones,national_park,/baza-znaniy/los-cardones,Национальный парк Лос-Кардонес,8,13,0,,/baza-znaniy,connected,KEEP,content/knowledge-base/natsionalnye-parki/los-cardones.md
kb:los-gigantes,attraction,/baza-znaniy/los-gigantes,Лос-Хигантес,4,1,0,,/baza-znaniy,connected,KEEP,content/knowledge-base/dostoprimechatelnosti/los-gigantes.md
kb:los-glasiares,national_park,/baza-znaniy/los-glasiares,Национальный парк Лос-Гласьярес,11,21,0,,/baza-znaniy,connected,KEEP,content/knowledge-base/natsionalnye-parki/los-glasiares.md
kb:los-glasiares-ritm-dvuh-baz,author_tip,/baza-znaniy/los-glasiares-ritm-dvuh-baz,Лос-Гласьярес: как пройти Перито-Морено и Фицрой без толп и без риска остаться без погоды,4,1,0,,/baza-znaniy,connected,KEEP,content/knowledge-base/lichnyy-opyt/los-glasiares-ritm-dvuh-baz.md
kb:los-valles-calchaquies,attraction,/baza-znaniy/los-valles-calchaquies,Долины Кальчаки,4,1,0,,/baza-znaniy,connected,KEEP,content/knowledge-base/dostoprimechatelnosti/los-valles-calchaquies.md
kb:lujan,city,/baza-znaniy/lujan,Лухан,2,2,0,,/baza-znaniy,connected,KEEP,content/knowledge-base/goroda/lujan.md
kb:lyubimoe-asado-mesto,author_tip,/baza-znaniy/lyubimoe-asado-mesto,Любимая паррилья или место для асадо у Ивана,2,0,0,,/baza-znaniy,no_inbound_links,HUMAN_REVIEW,content/knowledge-base/lichnyy-opyt/lyubimoe-asado-mesto.md
kb:lyubimoe-mesto-ne-iz-putevoditelej,author_tip,/baza-znaniy/lyubimoe-mesto-ne-iz-putevoditelej,Мой любимый район Буэнос-Айреса — тихий Parque Chas,3,1,0,,/baza-znaniy,connected,KEEP,content/knowledge-base/lichnyy-opyt/lyubimoe-mesto-ne-iz-putevoditelej.md
kb:maimara,attraction,/baza-znaniy/maimara,Maimará,4,0,0,,/baza-znaniy,no_inbound_links,HUMAN_REVIEW,content/knowledge-base/dostoprimechatelnosti/maimara.md
kb:malargue,attraction,/baza-znaniy/malargue,Malargüe,4,0,0,,/baza-znaniy,no_inbound_links,HUMAN_REVIEW,content/knowledge-base/dostoprimechatelnosti/malargue.md
kb:mar-de-las-pampas,attraction,/baza-znaniy/mar-de-las-pampas,Мар-де-лас-Пампас,3,1,0,,/baza-znaniy,connected,KEEP,content/knowledge-base/dostoprimechatelnosti/mar-de-las-pampas.md
kb:mar-del-plata,city,/baza-znaniy/mar-del-plata,Мар-дель-Плата,7,7,0,,/baza-znaniy,connected,KEEP,content/knowledge-base/goroda/mar-del-plata.md
kb:marshrut-vyhodnogo-dnya-ivana,author_tip,/baza-znaniy/marshrut-vyhodnogo-dnya-ivana,Авторский маршрут выходного дня от Ивана,2,0,0,,/baza-znaniy,no_inbound_links,HUMAN_REVIEW,content/knowledge-base/lichnyy-opyt/marshrut-vyhodnogo-dnya-ivana.md
kb:mate,guide,/baza-znaniy/mate,Мате: национальный напиток и его этикет,2,3,0,,/baza-znaniy,connected,KEEP,content/knowledge-base/kultura/mate.md
kb:mate-en-la-laguna-capri,attraction,/baza-znaniy/mate-en-la-laguna-capri,Have some mate by the Capri lagoon,4,0,0,,/baza-znaniy,no_inbound_links,HUMAN_REVIEW,content/knowledge-base/dostoprimechatelnosti/mate-en-la-laguna-capri.md
kb:mate-etiket-spasibo-lovushka,author_tip,/baza-znaniy/mate-etiket-spasibo-lovushka,«Спасибо» в кругу мате значит «больше не наливайте» — типичная ловушка для гостя,2,1,0,,/baza-znaniy,connected,KEEP,content/knowledge-base/lichnyy-opyt/mate-etiket-spasibo-lovushka.md
kb:medicina-i-strahovka,guide,/baza-znaniy/medicina-i-strahovka,Медицина и страховка в Аргентине,9,10,0,,/baza-znaniy,connected,KEEP,content/knowledge-base/medicina/medicina-i-strahovka.md
kb:mendoza,city,/baza-znaniy/mendoza,Мендоса,16,22,0,,/baza-znaniy,connected,KEEP,content/knowledge-base/goroda/mendoza.md
kb:mendoza-best-of-wine-tourism,attraction,/baza-znaniy/mendoza-best-of-wine-tourism,"Мендоса, Best of wine tourism",4,0,0,,/baza-znaniy,no_inbound_links,HUMAN_REVIEW,content/knowledge-base/dostoprimechatelnosti/mendoza-best-of-wine-tourism.md
kb:mendoza-odna-zona-v-den,author_tip,/baza-znaniy/mendoza-odna-zona-v-den,Мендоса: главная ошибка — смешать винные зоны за один день,1,1,0,,/baza-znaniy,connected,KEEP,content/knowledge-base/lichnyy-opyt/mendoza-odna-zona-v-den.md
kb:mentalitet-i-etiket,guide,/baza-znaniy/mentalitet-i-etiket,Менталитет и этикет аргентинцев: как здесь принято,0,5,0,,/baza-znaniy,no_related_content,HUMAN_REVIEW,content/knowledge-base/kultura/mentalitet-i-etiket.md
kb:mercedes-corrientes,city,/baza-znaniy/mercedes-corrientes,Мерседес (Корриентес),2,1,0,,/baza-znaniy,connected,KEEP,content/knowledge-base/goroda/mercedes-corrientes.md
kb:merlo,city,/baza-znaniy/merlo,Мерло,2,1,0,,/baza-znaniy,connected,KEEP,content/knowledge-base/goroda/merlo.md
kb:mezhgorodnie-avtobusy,transport,/baza-znaniy/mezhgorodnie-avtobusy,Междугородние автобусы Аргентины (micros),0,1,0,,/baza-znaniy,no_related_content,HUMAN_REVIEW,content/knowledge-base/transport/mezhgorodnie-avtobusy.md
kb:mify-ob-argentine,guide,/baza-znaniy/mify-ob-argentine,"Мифы об Аргентине, в которые пора перестать верить",1,1,0,,/baza-znaniy,connected,KEEP,content/knowledge-base/kultura/mify-ob-argentine.md
kb:minitrekking-sobre-el-glaciar-perito-moreno,attraction,/baza-znaniy/minitrekking-sobre-el-glaciar-perito-moreno,Minitrekking sobre el Glaciar Перито-Морено,4,0,0,,/baza-znaniy,no_inbound_links,HUMAN_REVIEW,content/knowledge-base/dostoprimechatelnosti/minitrekking-sobre-el-glaciar-perito-moreno.md
kb:miraflores,attraction,/baza-znaniy/miraflores,Miraflores,4,0,0,,/baza-znaniy,no_inbound_links,HUMAN_REVIEW,content/knowledge-base/dostoprimechatelnosti/miraflores.md
kb:molino-forclaz,attraction,/baza-znaniy/molino-forclaz,Forclaz Windmill,4,11,0,,/baza-znaniy,connected,KEEP,content/knowledge-base/dostoprimechatelnosti/molino-forclaz.md
kb:montanismo-en-jujuy,attraction,/baza-znaniy/montanismo-en-jujuy,Mountain Climbing in Jujuy,4,0,0,,/baza-znaniy,no_inbound_links,HUMAN_REVIEW,content/knowledge-base/dostoprimechatelnosti/montanismo-en-jujuy.md
kb:monte-olivia-y-glaciar-de-agostini,attraction,/baza-znaniy/monte-olivia-y-glaciar-de-agostini,Monte Olivia and Glaciar de Agostini,4,0,0,,/baza-znaniy,no_inbound_links,HUMAN_REVIEW,content/knowledge-base/dostoprimechatelnosti/monte-olivia-y-glaciar-de-agostini.md
kb:monumento-natural-laguna-de-los-pozuelos,attraction,/baza-znaniy/monumento-natural-laguna-de-los-pozuelos,Природный памятник Лагуна-де-лос-Посуэлос,4,1,0,,/baza-znaniy,connected,KEEP,content/knowledge-base/dostoprimechatelnosti/monumento-natural-laguna-de-los-pozuelos.md
kb:motochorros-telefon-na-ulitse,author_tip,/baza-znaniy/motochorros-telefon-na-ulitse,Телефон в руке у края тротуара — самая частая ошибка туриста в Буэнос-Айресе,2,1,0,,/baza-znaniy,connected,KEEP,content/knowledge-base/lichnyy-opyt/motochorros-telefon-na-ulitse.md
kb:mountain-bike-en-piedra-del-aguila,attraction,/baza-znaniy/mountain-bike-en-piedra-del-aguila,Mountain biking in Piedra del Águila,4,0,0,,/baza-znaniy,no_inbound_links,HUMAN_REVIEW,content/knowledge-base/dostoprimechatelnosti/mountain-bike-en-piedra-del-aguila.md
kb:mozhno-li-delat-vizaran,faq,/baza-znaniy/mozhno-li-delat-vizaran,"Можно ли жить в Аргентине на визаранах, как в Азии?",3,1,0,,/baza-znaniy,connected,KEEP,content/knowledge-base/faq/mozhno-li-delat-vizaran.md
kb:mozhno-li-doehat-do-ushuaji-na-mashine,faq,/baza-znaniy/mozhno-li-doehat-do-ushuaji-na-mashine,Можно ли доехать до Ушуайи на машине?,2,1,0,,/baza-znaniy,connected,KEEP,content/knowledge-base/faq/mozhno-li-doehat-do-ushuaji-na-mashine.md
kb:mozhno-li-ezdit-po-inostrannym-pravam,faq,/baza-znaniy/mozhno-li-ezdit-po-inostrannym-pravam,Можно ли ездить в Аргентине по иностранным (российским) правам?,3,3,0,,/baza-znaniy,connected,KEEP,content/knowledge-base/faq/mozhno-li-ezdit-po-inostrannym-pravam.md
kb:mozhno-li-otkryt-schet-nerezidentu,faq,/baza-znaniy/mozhno-li-otkryt-schet-nerezidentu,Можно ли иностранцу открыть банковский счёт в Аргентине без резиденции?,2,1,0,,/baza-znaniy,connected,KEEP,content/knowledge-base/faq/mozhno-li-otkryt-schet-nerezidentu.md
kb:mozhno-li-pit-vodu-iz-krana,faq,/baza-znaniy/mozhno-li-pit-vodu-iz-krana,Можно ли пить воду из-под крана в Аргентине?,3,0,0,,/baza-znaniy,no_inbound_links,HUMAN_REVIEW,content/knowledge-base/faq/mozhno-li-pit-vodu-iz-krana.md
kb:mozhno-li-rabotat-na-mestnuyu-kompaniyu,faq,/baza-znaniy/mozhno-li-rabotat-na-mestnuyu-kompaniyu,Можно ли иностранцу устроиться на работу в аргентинскую компанию?,3,0,0,,/baza-znaniy,no_inbound_links,HUMAN_REVIEW,content/knowledge-base/faq/mozhno-li-rabotat-na-mestnuyu-kompaniyu.md
kb:mozhno-li-snimat-dronom,faq,/baza-znaniy/mozhno-li-snimat-dronom,Можно ли снимать дроном в Аргентине туристу?,4,2,0,,/baza-znaniy,connected,KEEP,content/knowledge-base/faq/mozhno-li-snimat-dronom.md
kb:mozhno-li-uchitsya-v-universitete-besplatno,faq,/baza-znaniy/mozhno-li-uchitsya-v-universitete-besplatno,Может ли иностранец учиться в аргентинском университете бесплатно?,4,0,0,,/baza-znaniy,no_inbound_links,HUMAN_REVIEW,content/knowledge-base/faq/mozhno-li-uchitsya-v-universitete-besplatno.md
kb:mozhno-li-uvidet-lednik-bez-trekkinga,faq,/baza-znaniy/mozhno-li-uvidet-lednik-bez-trekkinga,Можно ли увидеть ледник Перито-Морено без специальной подготовки и трекинга?,2,1,0,,/baza-znaniy,connected,KEEP,content/knowledge-base/faq/mozhno-li-uvidet-lednik-bez-trekkinga.md
kb:mozhno-li-vodit-po-rossijskim-pravam,faq,/baza-znaniy/mozhno-li-vodit-po-rossijskim-pravam,Можно ли водить машину в Аргентине по российским правам?,2,0,0,,/baza-znaniy,no_inbound_links,HUMAN_REVIEW,content/knowledge-base/faq/mozhno-li-vodit-po-rossijskim-pravam.md
kb:museo-arqueologico-los-menhires,attraction,/baza-znaniy/museo-arqueologico-los-menhires,Los Menhires Archaeological Museum,4,4,0,,/baza-znaniy,connected,KEEP,content/knowledge-base/dostoprimechatelnosti/museo-arqueologico-los-menhires.md
kb:museo-de-arqueologia-de-alta-montana,attraction,/baza-znaniy/museo-de-arqueologia-de-alta-montana,High Mountain Archeological Museum [Museo de Arqueología de Alta Montaña],4,0,0,,/baza-znaniy,no_inbound_links,HUMAN_REVIEW,content/knowledge-base/dostoprimechatelnosti/museo-de-arqueologia-de-alta-montana.md
kb:museos-de-buenos-aires,attraction,/baza-znaniy/museos-de-buenos-aires,Музеи Буэнос-Айреса,4,6,0,,/baza-znaniy,connected,KEEP,content/knowledge-base/dostoprimechatelnosti/museos-de-buenos-aires.md
kb:museos-de-salta,attraction,/baza-znaniy/museos-de-salta,Salta Museums,4,0,0,,/baza-znaniy,no_inbound_links,HUMAN_REVIEW,content/knowledge-base/dostoprimechatelnosti/museos-de-salta.md
kb:nablyudenie-pro-dengi-i-banki,author_tip,/baza-znaniy/nablyudenie-pro-dengi-i-banki,Личное наблюдение Ивана о деньгах и банках в Аргентине,2,0,0,,/baza-znaniy,no_inbound_links,HUMAN_REVIEW,content/knowledge-base/lichnyy-opyt/nablyudenie-pro-dengi-i-banki.md
kb:nalogi-i-monotributo,guide,/baza-znaniy/nalogi-i-monotributo,Налоги и монотрибуто в Аргентине для релоканта,2,3,0,,/baza-znaniy,connected,KEEP,content/knowledge-base/dengi/nalogi-i-monotributo.md
kb:narodnye-svyatye,guide,/baza-znaniy/narodnye-svyatye,Народные святые Аргентины: Гаучито Хиль и Дифунта Корреа,0,3,0,,/baza-znaniy,no_related_content,HUMAN_REVIEW,content/knowledge-base/kultura/narodnye-svyatye.md
kb:nauel-uapi,national_park,/baza-znaniy/nauel-uapi,Национальный парк Науэль-Уапи,6,15,0,,/baza-znaniy,connected,KEEP,content/knowledge-base/natsionalnye-parki/nauel-uapi.md
kb:nauka-i-tehnologii,guide,/baza-znaniy/nauka-i-tehnologii,"Наука, космос и технологии: чем гордится Аргентина",0,2,0,,/baza-znaniy,no_related_content,HUMAN_REVIEW,content/knowledge-base/kultura/nauka-i-tehnologii.md
kb:navegacion-en-los-rios-limay-y-neuquen,attraction,/baza-znaniy/navegacion-en-los-rios-limay-y-neuquen,Sailing on the Limay and Neuquén rivers,4,1,0,,/baza-znaniy,connected,KEEP,content/knowledge-base/dostoprimechatelnosti/navegacion-en-los-rios-limay-y-neuquen.md
kb:navegacion-en-tierra-del-fuego,attraction,/baza-znaniy/navegacion-en-tierra-del-fuego,Navegación en Огненная Земля,4,0,0,,/baza-znaniy,no_inbound_links,HUMAN_REVIEW,content/knowledge-base/dostoprimechatelnosti/navegacion-en-tierra-del-fuego.md
kb:navegacion-entre-glaciares,attraction,/baza-znaniy/navegacion-entre-glaciares,Sailing among glaciers,4,0,0,,/baza-znaniy,no_inbound_links,HUMAN_REVIEW,content/knowledge-base/dostoprimechatelnosti/navegacion-entre-glaciares.md
kb:navegacion-por-el-lago-argentino,attraction,/baza-znaniy/navegacion-por-el-lago-argentino,Sailing along Lago Argentino,4,1,0,,/baza-znaniy,connected,KEEP,content/knowledge-base/dostoprimechatelnosti/navegacion-por-el-lago-argentino.md
kb:necochea,city,/baza-znaniy/necochea,Некочеа,2,1,0,,/baza-znaniy,connected,KEEP,content/knowledge-base/goroda/necochea.md
kb:neuken,city,/baza-znaniy/neuken,Неукен,5,1,0,,/baza-znaniy,connected,KEEP,content/knowledge-base/goroda/neuken.md
kb:nevado-de-chani,attraction,/baza-znaniy/nevado-de-chani,Nevado de Chañi,4,0,0,,/baza-znaniy,no_inbound_links,HUMAN_REVIEW,content/knowledge-base/dostoprimechatelnosti/nevado-de-chani.md
kb:newells-old-boys,attraction,/baza-znaniy/newells-old-boys,Newell's Old Boys,4,1,0,,/baza-znaniy,connected,KEEP,content/knowledge-base/dostoprimechatelnosti/newells-old-boys.md
kb:noa,region,/baza-znaniy/noa,Северо-Запад (NOA),34,9,0,,/baza-znaniy,connected,KEEP,content/knowledge-base/regiony/noa.md
kb:noa-kolco,route,/baza-znaniy/noa-kolco,"Кольцо по Северо-Западу (NOA): Сальта, долины и Жужуй",11,8,0,,/baza-znaniy,connected,KEEP,content/knowledge-base/marshruty/noa-kolco.md
kb:nueva-cordoba,attraction,/baza-znaniy/nueva-cordoba,Nueva Córdoba,4,0,0,,/baza-znaniy,no_inbound_links,HUMAN_REVIEW,content/knowledge-base/dostoprimechatelnosti/nueva-cordoba.md
kb:nuzhen-li-4x4-ruta-40,faq,/baza-znaniy/nuzhen-li-4x4-ruta-40,Нужен ли полноприводный автомобиль для Дороги семи озёр и Руты 40?,2,0,0,,/baza-znaniy,no_inbound_links,HUMAN_REVIEW,content/knowledge-base/faq/nuzhen-li-4x4-ruta-40.md
kb:nuzhen-li-permit-na-akonkagua,faq,/baza-znaniy/nuzhen-li-permit-na-akonkagua,"Нужен ли пермит, чтобы увидеть Аконкагуа?",2,1,0,,/baza-znaniy,connected,KEEP,content/knowledge-base/faq/nuzhen-li-permit-na-akonkagua.md
kb:nuzhna-li-strahovka-dlya-vezda,faq,/baza-znaniy/nuzhna-li-strahovka-dlya-vezda,Нужна ли медицинская страховка для поездки в Аргентину?,4,1,0,,/baza-znaniy,connected,KEEP,content/knowledge-base/faq/nuzhna-li-strahovka-dlya-vezda.md
kb:nuzhna-li-viza-cifrovomu-kochevniku,faq,/baza-znaniy/nuzhna-li-viza-cifrovomu-kochevniku,"Нужна ли отдельная виза цифровому кочевнику в Аргентине, если можно въехать по безвизу на 90 дней?",2,0,0,,/baza-znaniy,no_inbound_links,HUMAN_REVIEW,content/knowledge-base/faq/nuzhna-li-viza-cifrovomu-kochevniku.md
kb:nuzhno-li-ostavlyat-chaevye,faq,/baza-znaniy/nuzhno-li-ostavlyat-chaevye,Нужно ли оставлять чаевые в Аргентине и сколько?,4,0,0,,/baza-znaniy,no_inbound_links,HUMAN_REVIEW,content/knowledge-base/faq/nuzhno-li-ostavlyat-chaevye.md
kb:nuzhno-li-otkazyvatsya-ot-grazhdanstva,faq,/baza-znaniy/nuzhno-li-otkazyvatsya-ot-grazhdanstva,Нужно ли отказываться от российского гражданства при получении аргентинского?,2,0,0,,/baza-znaniy,no_inbound_links,HUMAN_REVIEW,content/knowledge-base/faq/nuzhno-li-otkazyvatsya-ot-grazhdanstva.md
kb:obera,attraction,/baza-znaniy/obera,Oberá,4,0,0,,/baza-znaniy,no_inbound_links,HUMAN_REVIEW,content/knowledge-base/dostoprimechatelnosti/obera.md
kb:obzornaya-loma-pliege-tumbado,author_tip,/baza-znaniy/obzornaya-loma-pliege-tumbado,Недооценённая смотровая Эль-Чальтена в обход очереди на Лагуна-де-лос-Трес,2,1,0,,/baza-znaniy,connected,KEEP,content/knowledge-base/lichnyy-opyt/obzornaya-loma-pliege-tumbado.md
kb:ognennaya-zemlya,national_park,/baza-znaniy/ognennaya-zemlya,Национальный парк Огненная Земля,6,11,0,,/baza-znaniy,connected,KEEP,content/knowledge-base/natsionalnye-parki/ognennaya-zemlya.md
kb:ognennaya-zemlya-serro-guanako,author_tip,/baza-znaniy/ognennaya-zemlya-serro-guanako,"Огненная Земля: вид сверху, который видят немногие, и торфяники, мимо которых все проходят",1,1,0,,/baza-znaniy,connected,KEEP,content/knowledge-base/lichnyy-opyt/ognennaya-zemlya-serro-guanako.md
kb:oshibka-s-dokumentami,author_tip,/baza-znaniy/oshibka-s-dokumentami,Как я выбрал судебный путь к гражданству — и почему отказался от него,6,1,0,,/baza-znaniy,connected,KEEP,content/knowledge-base/lichnyy-opyt/oshibka-s-dokumentami.md
kb:oshibka-s-zhilyom,author_tip,/baza-znaniy/oshibka-s-zhilyom,Как я переплатил за первую квартиру в Буэнос-Айресе,7,1,0,,/baza-znaniy,connected,KEEP,content/knowledge-base/lichnyy-opyt/oshibka-s-zhilyom.md
kb:otkrytie-biznesa,guide,/baza-znaniy/otkrytie-biznesa,Открытие бизнеса и самозанятость в Аргентине,0,2,0,,/baza-znaniy,no_related_content,HUMAN_REVIEW,content/knowledge-base/dengi/otkrytie-biznesa.md
kb:pampa,region,/baza-znaniy/pampa,Центр (Пампа),18,6,0,,/baza-znaniy,connected,KEEP,content/knowledge-base/regiony/pampa.md
kb:parana,city,/baza-znaniy/parana,Парана,5,2,0,,/baza-znaniy,connected,KEEP,content/knowledge-base/goroda/parana.md
kb:parapente-en-cerro-san-javier,attraction,/baza-znaniy/parapente-en-cerro-san-javier,Paragliding in Cerro San Javier,4,0,0,,/baza-znaniy,no_inbound_links,HUMAN_REVIEW,content/knowledge-base/dostoprimechatelnosti/parapente-en-cerro-san-javier.md
kb:parque-aereo-de-san-jose,attraction,/baza-znaniy/parque-aereo-de-san-jose,San José Aerial Park,4,4,0,,/baza-znaniy,connected,KEEP,content/knowledge-base/dostoprimechatelnosti/parque-aereo-de-san-jose.md
kb:parque-general-san-martin,attraction,/baza-znaniy/parque-general-san-martin,General San Martin Park,4,0,0,,/baza-znaniy,no_inbound_links,HUMAN_REVIEW,content/knowledge-base/dostoprimechatelnosti/parque-general-san-martin.md
kb:parque-marino-costero-patagonia-austral,attraction,/baza-znaniy/parque-marino-costero-patagonia-austral,Parque Marino Costero Патагония Austral,4,0,0,,/baza-znaniy,no_inbound_links,HUMAN_REVIEW,content/knowledge-base/dostoprimechatelnosti/parque-marino-costero-patagonia-austral.md
kb:parque-marino-isla-pinguino,attraction,/baza-znaniy/parque-marino-isla-pinguino,Isla Pingüino Sea Park,4,0,0,,/baza-znaniy,no_inbound_links,HUMAN_REVIEW,content/knowledge-base/dostoprimechatelnosti/parque-marino-isla-pinguino.md
kb:parque-marino-makenke,attraction,/baza-znaniy/parque-marino-makenke,Makenke Sea Park,4,0,0,,/baza-znaniy,no_inbound_links,HUMAN_REVIEW,content/knowledge-base/dostoprimechatelnosti/parque-marino-makenke.md
kb:parque-nacional-aconquija,national_park,/baza-znaniy/parque-nacional-aconquija,Национальный парк Аконкиха,4,1,0,,/baza-znaniy,connected,KEEP,content/knowledge-base/natsionalnye-parki/parque-nacional-aconquija.md
kb:parque-nacional-baritu,national_park,/baza-znaniy/parque-nacional-baritu,Национальный парк Баритý,4,1,0,,/baza-znaniy,connected,KEEP,content/knowledge-base/natsionalnye-parki/parque-nacional-baritu.md
kb:parque-nacional-bosques-petrificados,national_park,/baza-znaniy/parque-nacional-bosques-petrificados,национальный парк Bosques Petrificados,4,1,0,,/baza-znaniy,connected,KEEP,content/knowledge-base/natsionalnye-parki/parque-nacional-bosques-petrificados.md
kb:parque-nacional-calilegua,national_park,/baza-znaniy/parque-nacional-calilegua,Национальный парк Калилегуа,4,1,0,,/baza-znaniy,connected,KEEP,content/knowledge-base/natsionalnye-parki/parque-nacional-calilegua.md
kb:parque-nacional-campos-del-tuyu,national_park,/baza-znaniy/parque-nacional-campos-del-tuyu,Национальный парк Кампос-дель-Тую,4,1,0,,/baza-znaniy,connected,KEEP,content/knowledge-base/natsionalnye-parki/parque-nacional-campos-del-tuyu.md
kb:parque-nacional-chaco,national_park,/baza-znaniy/parque-nacional-chaco,Национальный парк Чако,4,2,0,,/baza-znaniy,connected,KEEP,content/knowledge-base/natsionalnye-parki/parque-nacional-chaco.md
kb:parque-nacional-ciervo-de-los-pantanos,national_park,/baza-znaniy/parque-nacional-ciervo-de-los-pantanos,Национальный парк Сьерво-де-лос-Пантанос,4,1,0,,/baza-znaniy,connected,KEEP,content/knowledge-base/natsionalnye-parki/parque-nacional-ciervo-de-los-pantanos.md
kb:parque-nacional-copo,national_park,/baza-znaniy/parque-nacional-copo,Национальный парк Копо,4,4,0,,/baza-znaniy,connected,KEEP,content/knowledge-base/natsionalnye-parki/parque-nacional-copo.md
kb:parque-nacional-el-leoncito,national_park,/baza-znaniy/parque-nacional-el-leoncito,национальный парк El Leoncito,4,1,0,,/baza-znaniy,connected,KEEP,content/knowledge-base/natsionalnye-parki/parque-nacional-el-leoncito.md
kb:parque-nacional-el-palmar,national_park,/baza-znaniy/parque-nacional-el-palmar,Национальный парк Эль-Пальмар,5,5,0,,/baza-znaniy,connected,KEEP,content/knowledge-base/natsionalnye-parki/parque-nacional-el-palmar.md
kb:parque-nacional-el-rey,national_park,/baza-znaniy/parque-nacional-el-rey,Национальный парк Эль-Рей,4,1,0,,/baza-znaniy,connected,KEEP,content/knowledge-base/natsionalnye-parki/parque-nacional-el-rey.md
kb:parque-nacional-iguazu-patrimonio-de-la-humanidad,national_park,/baza-znaniy/parque-nacional-iguazu-patrimonio-de-la-humanidad,национальный парк Игуасу: Patrimonio de la Humanidad,4,0,0,,/baza-znaniy,no_inbound_links,HUMAN_REVIEW,content/knowledge-base/natsionalnye-parki/parque-nacional-iguazu-patrimonio-de-la-humanidad.md
kb:parque-nacional-islas-de-santa-fe,national_park,/baza-znaniy/parque-nacional-islas-de-santa-fe,национальный парк Islas de Santa Fe,4,1,0,,/baza-znaniy,connected,KEEP,content/knowledge-base/natsionalnye-parki/parque-nacional-islas-de-santa-fe.md
kb:parque-nacional-lago-puelo,national_park,/baza-znaniy/parque-nacional-lago-puelo,Национальный парк Лаго-Пуэло,4,1,0,,/baza-znaniy,connected,KEEP,content/knowledge-base/natsionalnye-parki/parque-nacional-lago-puelo.md
kb:parque-nacional-laguna-blanca,national_park,/baza-znaniy/parque-nacional-laguna-blanca,национальный парк Laguna Blanca,4,1,0,,/baza-znaniy,connected,KEEP,content/knowledge-base/natsionalnye-parki/parque-nacional-laguna-blanca.md
kb:parque-nacional-los-alerces-patrimonio-de-la-humanidad,national_park,/baza-znaniy/parque-nacional-los-alerces-patrimonio-de-la-humanidad,национальный парк Los Alerces: Patrimonio de la Humanidad,4,1,0,,/baza-znaniy,connected,KEEP,content/knowledge-base/natsionalnye-parki/parque-nacional-los-alerces-patrimonio-de-la-humanidad.md
kb:parque-nacional-los-arrayanes,national_park,/baza-znaniy/parque-nacional-los-arrayanes,Национальный парк Лос-Арраянес,4,1,0,,/baza-znaniy,connected,KEEP,content/knowledge-base/natsionalnye-parki/parque-nacional-los-arrayanes.md
kb:parque-nacional-los-cardones,national_park,/baza-znaniy/parque-nacional-los-cardones,национальный парк Los Cardones,4,1,0,,/baza-znaniy,connected,KEEP,content/knowledge-base/natsionalnye-parki/parque-nacional-los-cardones.md
kb:parque-nacional-los-glaciares-patrimonio-de-la-humanidad,national_park,/baza-znaniy/parque-nacional-los-glaciares-patrimonio-de-la-humanidad,национальный парк Los Glaciares: Patrimonio de la Humanidad,4,0,0,,/baza-znaniy,no_inbound_links,HUMAN_REVIEW,content/knowledge-base/natsionalnye-parki/parque-nacional-los-glaciares-patrimonio-de-la-humanidad.md
kb:parque-nacional-monte-leon,national_park,/baza-znaniy/parque-nacional-monte-leon,национальный парк Monte León,4,1,0,,/baza-znaniy,connected,KEEP,content/knowledge-base/natsionalnye-parki/parque-nacional-monte-leon.md
kb:parque-nacional-perito-moreno,national_park,/baza-znaniy/parque-nacional-perito-moreno,Национальный парк Перито-Морено,4,1,0,,/baza-znaniy,connected,KEEP,content/knowledge-base/natsionalnye-parki/parque-nacional-perito-moreno.md
kb:parque-nacional-pre-delta,national_park,/baza-znaniy/parque-nacional-pre-delta,Национальный парк Пре-Дельта,4,1,0,,/baza-znaniy,connected,KEEP,content/knowledge-base/natsionalnye-parki/parque-nacional-pre-delta.md
kb:parque-nacional-rio-pilcomayo,national_park,/baza-znaniy/parque-nacional-rio-pilcomayo,Национальный парк Рио-Пилькомайо,4,4,0,,/baza-znaniy,connected,KEEP,content/knowledge-base/natsionalnye-parki/parque-nacional-rio-pilcomayo.md
kb:parque-nacional-san-guillermo,national_park,/baza-znaniy/parque-nacional-san-guillermo,национальный парк San Guillermo,4,1,0,,/baza-znaniy,connected,KEEP,content/knowledge-base/natsionalnye-parki/parque-nacional-san-guillermo.md
kb:parque-nacional-tierra-del-fuego,national_park,/baza-znaniy/parque-nacional-tierra-del-fuego,национальный парк Огненная Земля,4,1,0,,/baza-znaniy,connected,KEEP,content/knowledge-base/natsionalnye-parki/parque-nacional-tierra-del-fuego.md
kb:parque-natural-valle-fertil,attraction,/baza-znaniy/parque-natural-valle-fertil,Valle Fértil Natural Park,4,0,0,,/baza-znaniy,no_inbound_links,HUMAN_REVIEW,content/knowledge-base/dostoprimechatelnosti/parque-natural-valle-fertil.md
kb:parque-provincial-cordon-del-plata,national_park,/baza-znaniy/parque-provincial-cordon-del-plata,Провинциальный парк Кордон-дель-Плата,4,1,0,,/baza-znaniy,connected,KEEP,content/knowledge-base/natsionalnye-parki/parque-provincial-cordon-del-plata.md
kb:parque-provincial-ischigualasto,national_park,/baza-znaniy/parque-provincial-ischigualasto,провинциальный парк Ischigualasto,4,1,0,,/baza-znaniy,connected,KEEP,content/knowledge-base/natsionalnye-parki/parque-provincial-ischigualasto.md
kb:parques-de-parana,attraction,/baza-znaniy/parques-de-parana,Paraná Parks,4,0,0,,/baza-znaniy,no_inbound_links,HUMAN_REVIEW,content/knowledge-base/dostoprimechatelnosti/parques-de-parana.md
kb:parques-naturales-ischigualasto-y-talampaya-patrimonios-de-la-humanidad,attraction,/baza-znaniy/parques-naturales-ischigualasto-y-talampaya-patrimonios-de-la-humanidad,Ischigualasto and Talampaya Natural Parks: World Heritage Sites,4,5,0,,/baza-znaniy,connected,KEEP,content/knowledge-base/dostoprimechatelnosti/parques-naturales-ischigualasto-y-talampaya-patrimonios-de-la-humanidad.md
kb:paseos-acuaticos-en-herradura,attraction,/baza-znaniy/paseos-acuaticos-en-herradura,Water rides in Herradura,4,0,0,,/baza-znaniy,no_inbound_links,HUMAN_REVIEW,content/knowledge-base/dostoprimechatelnosti/paseos-acuaticos-en-herradura.md
kb:paseos-aereos-en-ushuaia,attraction,/baza-znaniy/paseos-aereos-en-ushuaia,Paseos aéreos en Ушуайя,4,0,0,,/baza-znaniy,no_inbound_links,HUMAN_REVIEW,content/knowledge-base/dostoprimechatelnosti/paseos-aereos-en-ushuaia.md
kb:paso-de-la-patria,attraction,/baza-znaniy/paso-de-la-patria,Paso de la Patria,4,0,0,,/baza-znaniy,no_inbound_links,HUMAN_REVIEW,content/knowledge-base/dostoprimechatelnosti/paso-de-la-patria.md
kb:pasos-del-papa-francisco,attraction,/baza-znaniy/pasos-del-papa-francisco,After the steps of Pope Francis,4,0,0,,/baza-znaniy,no_inbound_links,HUMAN_REVIEW,content/knowledge-base/dostoprimechatelnosti/pasos-del-papa-francisco.md
kb:patagonia,region,/baza-znaniy/patagonia,Патагония,57,12,0,,/baza-znaniy,connected,KEEP,content/knowledge-base/regiony/patagonia.md
kb:patagonia-de-los-lagos,attraction,/baza-znaniy/patagonia-de-los-lagos,Патагония de los lagos,4,0,0,,/baza-znaniy,no_inbound_links,HUMAN_REVIEW,content/knowledge-base/dostoprimechatelnosti/patagonia-de-los-lagos.md
kb:patagonia-park,national_park,/baza-znaniy/patagonia-park,Национальный парк Патагония,5,5,0,,/baza-znaniy,connected,KEEP,content/knowledge-base/natsionalnye-parki/patagonia-park.md
kb:patagonia-yug,route,/baza-znaniy/patagonia-yug,"Юг Патагонии: ледники, Фицрой и край света",11,3,0,,/baza-znaniy,connected,KEEP,content/knowledge-base/marshruty/patagonia-yug.md
kb:patinaje-en-bahia-redonda,attraction,/baza-znaniy/patinaje-en-bahia-redonda,Ice-skating in Bahía Redonda,4,0,0,,/baza-znaniy,no_inbound_links,HUMAN_REVIEW,content/knowledge-base/dostoprimechatelnosti/patinaje-en-bahia-redonda.md
kb:penas-folkloricas-en-salta,attraction,/baza-znaniy/penas-folkloricas-en-salta,Folk peñas in Salta,4,0,0,,/baza-znaniy,no_inbound_links,HUMAN_REVIEW,content/knowledge-base/dostoprimechatelnosti/penas-folkloricas-en-salta.md
kb:peninsula-valdes,national_park,/baza-znaniy/peninsula-valdes,Полуостров Вальдес,2,5,0,,/baza-znaniy,connected,KEEP,content/knowledge-base/natsionalnye-parki/peninsula-valdes.md
kb:peninsula-valdes-sitio-patrimonio-mundial-de-la-unesco,attraction,/baza-znaniy/peninsula-valdes-sitio-patrimonio-mundial-de-la-unesco,Península Valdés: World Heritage Site,4,0,0,,/baza-znaniy,no_inbound_links,HUMAN_REVIEW,content/knowledge-base/dostoprimechatelnosti/peninsula-valdes-sitio-patrimonio-mundial-de-la-unesco.md
kb:pereezd-s-minimalnym-byudzhetom,guide,/baza-znaniy/pereezd-s-minimalnym-byudzhetom,Переезд в Аргентину с минимальным бюджетом ($6-8 тысяч),0,3,0,,/baza-znaniy,no_related_content,HUMAN_REVIEW,content/knowledge-base/pereezd/pereezd-s-minimalnym-byudzhetom.md
kb:perevoz-veshchey-i-pitomtsev,guide,/baza-znaniy/perevoz-veshchey-i-pitomtsev,Перевоз личных вещей и домашних животных при переезде в Аргентину,6,2,0,,/baza-znaniy,connected,KEEP,content/knowledge-base/pereezd/perevoz-veshchey-i-pitomtsev.md
kb:perito-moreno,attraction,/baza-znaniy/perito-moreno,Ледник Перито-Морено,5,5,0,,/baza-znaniy,connected,KEEP,content/knowledge-base/dostoprimechatelnosti/perito-moreno.md
kb:pervyj-mesyac-plan,guide,/baza-znaniy/pervyj-mesyac-plan,Первый месяц в Аргентине по дням: пошаговый план,1,5,0,,/baza-znaniy,connected,KEEP,content/knowledge-base/pereezd/pervyj-mesyac-plan.md
kb:pervyj-mesyac-v-argentine,author_tip,/baza-znaniy/pervyj-mesyac-v-argentine,"Первый месяц в Аргентине: ощущение, что попал на другую планету",9,3,0,,/baza-znaniy,connected,KEEP,content/knowledge-base/lichnyy-opyt/pervyj-mesyac-v-argentine.md
kb:pesca-con-devolucion-en-entre-rios,attraction,/baza-znaniy/pesca-con-devolucion-en-entre-rios,Catch-and-release fishing in Entre Ríos,4,0,0,,/baza-znaniy,no_inbound_links,HUMAN_REVIEW,content/knowledge-base/dostoprimechatelnosti/pesca-con-devolucion-en-entre-rios.md
kb:pesca-con-devolucion-en-formosa,attraction,/baza-znaniy/pesca-con-devolucion-en-formosa,Catch-and-release fishing in Formosa,4,0,0,,/baza-znaniy,no_inbound_links,HUMAN_REVIEW,content/knowledge-base/dostoprimechatelnosti/pesca-con-devolucion-en-formosa.md
kb:pesca-deportiva-en-entre-rios,attraction,/baza-znaniy/pesca-deportiva-en-entre-rios,Sport fishing in Entre Ríos,4,0,0,,/baza-znaniy,no_inbound_links,HUMAN_REVIEW,content/knowledge-base/dostoprimechatelnosti/pesca-deportiva-en-entre-rios.md
kb:pesca-deportiva-en-isla-del-cerrito,attraction,/baza-znaniy/pesca-deportiva-en-isla-del-cerrito,Sport fishing at Isla del Cerrito,4,0,0,,/baza-znaniy,no_inbound_links,HUMAN_REVIEW,content/knowledge-base/dostoprimechatelnosti/pesca-deportiva-en-isla-del-cerrito.md
kb:pesca-en-el-dique-cabra-corral,attraction,/baza-znaniy/pesca-en-el-dique-cabra-corral,Fishing at the Cabra Corral Dam,4,0,0,,/baza-znaniy,no_inbound_links,HUMAN_REVIEW,content/knowledge-base/dostoprimechatelnosti/pesca-en-el-dique-cabra-corral.md
kb:pesca-en-neuquen,attraction,/baza-znaniy/pesca-en-neuquen,Fishing in Neuquén,4,0,0,,/baza-znaniy,no_inbound_links,HUMAN_REVIEW,content/knowledge-base/dostoprimechatelnosti/pesca-en-neuquen.md
kb:pesca-en-tierra-del-fuego,attraction,/baza-znaniy/pesca-en-tierra-del-fuego,Pesca en Огненная Земля,4,0,0,,/baza-znaniy,no_inbound_links,HUMAN_REVIEW,content/knowledge-base/dostoprimechatelnosti/pesca-en-tierra-del-fuego.md
kb:pico-truncado,attraction,/baza-znaniy/pico-truncado,Pico Truncado,4,0,0,,/baza-znaniy,no_inbound_links,HUMAN_REVIEW,content/knowledge-base/dostoprimechatelnosti/pico-truncado.md
kb:piedra-parada,attraction,/baza-znaniy/piedra-parada,Piedra Parada,4,0,0,,/baza-znaniy,no_inbound_links,HUMAN_REVIEW,content/knowledge-base/dostoprimechatelnosti/piedra-parada.md
kb:pinamar,city,/baza-znaniy/pinamar,Пинамар,5,3,0,,/baza-znaniy,connected,KEEP,content/knowledge-base/goroda/pinamar.md
kb:pinguinos-en-punta-tombo,attraction,/baza-znaniy/pinguinos-en-punta-tombo,Penguins at Punta Tombo,4,0,0,,/baza-znaniy,no_inbound_links,HUMAN_REVIEW,content/knowledge-base/dostoprimechatelnosti/pinguinos-en-punta-tombo.md
kb:plan-podgotovki-6-mesyacev,guide,/baza-znaniy/plan-podgotovki-6-mesyacev,Подготовка к переезду в Аргентину за 6 месяцев: таймлайн,0,4,0,,/baza-znaniy,no_related_content,HUMAN_REVIEW,content/knowledge-base/pereezd/plan-podgotovki-6-mesyacev.md
kb:playas-de-la-patagonia,attraction,/baza-znaniy/playas-de-la-patagonia,Playas de la Патагония,4,0,0,,/baza-znaniy,no_inbound_links,HUMAN_REVIEW,content/knowledge-base/dostoprimechatelnosti/playas-de-la-patagonia.md
kb:pochemu-net-pryamyh-reisov,transport,/baza-znaniy/pochemu-net-pryamyh-reisov,Почему нет прямых рейсов из России и как летают на самом деле,0,2,0,,/baza-znaniy,no_related_content,HUMAN_REVIEW,content/knowledge-base/transport/pochemu-net-pryamyh-reisov.md
kb:podgotovka-k-poezdke,guide,/baza-znaniy/podgotovka-k-poezdke,Подготовка к поездке в Аргентину: чек-лист,2,2,1,/faq/viza-rf-v-argentinu.md,/baza-znaniy,broken_targets,HUMAN_REVIEW,content/knowledge-base/puteshestvie/podgotovka-k-poezdke.md
kb:poezda,transport,/baza-znaniy/poezda,Поезда дальнего следования в Аргентине,0,3,0,,/baza-znaniy,no_related_content,HUMAN_REVIEW,content/knowledge-base/transport/poezda.md
kb:pokupka-avtomobilya,transport,/baza-znaniy/pokupka-avtomobilya,Покупка автомобиля в Аргентине,0,5,0,,/baza-znaniy,no_related_content,HUMAN_REVIEW,content/knowledge-base/transport/pokupka-avtomobilya.md
kb:pokupka-nedvizhimosti,guide,/baza-znaniy/pokupka-nedvizhimosti,Покупка недвижимости в Аргентине для иностранца,2,5,0,,/baza-znaniy,connected,KEEP,content/knowledge-base/zhile/pokupka-nedvizhimosti.md
kb:pokupki-i-tax-free,guide,/baza-znaniy/pokupki-i-tax-free,Покупки и tax free в Аргентине,3,1,0,,/baza-znaniy,connected,KEEP,content/knowledge-base/pokupki/pokupki-i-tax-free.md
kb:poleznye-prilozheniya,guide,/baza-znaniy/poleznye-prilozheniya,Полезные приложения и сервисы в Аргентине,0,5,0,,/baza-znaniy,no_related_content,HUMAN_REVIEW,content/knowledge-base/svyaz/poleznye-prilozheniya.md
kb:posadas,city,/baza-znaniy/posadas,Posadas,3,2,0,,/baza-znaniy,connected,KEEP,content/knowledge-base/goroda/posadas.md
kb:posle-dtp,guide,/baza-znaniy/posle-dtp,Что делать после ДТП в Аргентине,4,1,0,,/baza-znaniy,connected,KEEP,content/knowledge-base/transport/posle-dtp.md
kb:prava-passazhira-otmena-reisa,guide,/baza-znaniy/prava-passazhira-otmena-reisa,Права пассажира при отмене или задержке рейса в Аргентине,4,1,0,,/baza-znaniy,connected,KEEP,content/knowledge-base/transport/prava-passazhira-otmena-reisa.md
kb:prazdniki-i-traditsii,guide,/baza-znaniy/prazdniki-i-traditsii,"Праздники, традиции и этикет Аргентины",10,1,0,,/baza-znaniy,connected,KEEP,content/knowledge-base/kultura/prazdniki-i-traditsii.md
kb:priznanie-diploma,guide,/baza-znaniy/priznanie-diploma,Признание иностранного диплома в Аргентине (гомологация),0,3,0,,/baza-znaniy,no_related_content,HUMAN_REVIEW,content/knowledge-base/pereezd/priznanie-diploma.md
kb:provoz-lekarstv,guide,/baza-znaniy/provoz-lekarstv,Провоз лекарств через границу Аргентины,4,1,0,,/baza-znaniy,connected,KEEP,content/knowledge-base/medicina/provoz-lekarstv.md
kb:pueblos-de-la-provincia-de-buenos-aires,attraction,/baza-znaniy/pueblos-de-la-provincia-de-buenos-aires,Городки провинции Буэнос-Айрес,4,4,0,,/baza-znaniy,connected,KEEP,content/knowledge-base/dostoprimechatelnosti/pueblos-de-la-provincia-de-buenos-aires.md
kb:pueblos-galeses-y-comunidades-originarias,attraction,/baza-znaniy/pueblos-galeses-y-comunidades-originarias,Welsh towns and native communities,4,1,0,,/baza-znaniy,connected,KEEP,content/knowledge-base/dostoprimechatelnosti/pueblos-galeses-y-comunidades-originarias.md
kb:pueblos-pintorescos-de-cordoba,attraction,/baza-znaniy/pueblos-pintorescos-de-cordoba,Живописные городки Кордовы,4,1,0,,/baza-znaniy,connected,KEEP,content/knowledge-base/dostoprimechatelnosti/pueblos-pintorescos-de-cordoba.md
kb:pueblos-rurales-en-santa-fe,attraction,/baza-znaniy/pueblos-rurales-en-santa-fe,Сельские городки Санта-Фе,4,1,0,,/baza-znaniy,connected,KEEP,content/knowledge-base/dostoprimechatelnosti/pueblos-rurales-en-santa-fe.md
kb:puente-del-inca,attraction,/baza-znaniy/puente-del-inca,Inca Bridge,3,1,0,,/baza-znaniy,connected,KEEP,content/knowledge-base/dostoprimechatelnosti/puente-del-inca.md
kb:puente-rosario-victoria,attraction,/baza-znaniy/puente-rosario-victoria,Rosario-Victoria Bridge,4,1,0,,/baza-znaniy,connected,KEEP,content/knowledge-base/dostoprimechatelnosti/puente-rosario-victoria.md
kb:puerto-almanza,attraction,/baza-znaniy/puerto-almanza,Пуэрто-Альманса,4,1,0,,/baza-znaniy,connected,KEEP,content/knowledge-base/dostoprimechatelnosti/puerto-almanza.md
kb:puerto-deseado,city,/baza-znaniy/puerto-deseado,Puerto Deseado,3,1,0,,/baza-znaniy,connected,KEEP,content/knowledge-base/goroda/puerto-deseado.md
kb:puerto-iguazu,city,/baza-znaniy/puerto-iguazu,Puerto Игуасу,3,1,0,,/baza-znaniy,connected,KEEP,content/knowledge-base/goroda/puerto-iguazu.md
kb:puerto-madryn,city,/baza-znaniy/puerto-madryn,Пуэрто-Мадрин,4,4,0,,/baza-znaniy,connected,KEEP,content/knowledge-base/goroda/puerto-madryn.md
kb:puerto-san-julian,attraction,/baza-znaniy/puerto-san-julian,Пуэрто-Сан-Хулиан,4,1,0,,/baza-znaniy,connected,KEEP,content/knowledge-base/dostoprimechatelnosti/puerto-san-julian.md
kb:punta-tombo,attraction,/baza-znaniy/punta-tombo,Пунта-Томбо,4,1,0,,/baza-znaniy,connected,KEEP,content/knowledge-base/dostoprimechatelnosti/punta-tombo.md
kb:purmamarca,attraction,/baza-znaniy/purmamarca,Purmamarca,4,0,0,,/baza-znaniy,no_inbound_links,HUMAN_REVIEW,content/knowledge-base/dostoprimechatelnosti/purmamarca.md
kb:purmamarka,attraction,/baza-znaniy/purmamarka,Пурмамарка,3,9,0,,/baza-znaniy,connected,KEEP,content/knowledge-base/dostoprimechatelnosti/purmamarka.md
kb:qhapaq-nan-el-shincal,attraction,/baza-znaniy/qhapaq-nan-el-shincal,Qhapaq Ñan: El Shincal,4,0,0,,/baza-znaniy,no_inbound_links,HUMAN_REVIEW,content/knowledge-base/dostoprimechatelnosti/qhapaq-nan-el-shincal.md
kb:quebrada-de-humahuaca,attraction,/baza-znaniy/quebrada-de-humahuaca,Кебрада-де-Умауака,5,11,0,,/baza-znaniy,connected,KEEP,content/knowledge-base/dostoprimechatelnosti/quebrada-de-humahuaca.md
kb:quebrada-de-las-flechas,attraction,/baza-znaniy/quebrada-de-las-flechas,Кебрада-де-лас-Флечас,4,1,0,,/baza-znaniy,connected,KEEP,content/knowledge-base/dostoprimechatelnosti/quebrada-de-las-flechas.md
kb:quitilipi,attraction,/baza-znaniy/quitilipi,Quitilipi,4,0,0,,/baza-znaniy,no_inbound_links,HUMAN_REVIEW,content/knowledge-base/dostoprimechatelnosti/quitilipi.md
kb:rabochaya-viza,guide,/baza-znaniy/rabochaya-viza,Рабочая резиденция в Аргентине: наём местным работодателем,8,3,0,,/baza-znaniy,connected,KEEP,content/knowledge-base/pereezd/rabochaya-viza.md
kb:rabota-i-poisk-raboty,guide,/baza-znaniy/rabota-i-poisk-raboty,"Работа в Аргентине: рынок труда, зарплаты и как искать",3,2,0,,/baza-znaniy,connected,KEEP,content/knowledge-base/pereezd/rabota-i-poisk-raboty.md
kb:rafaela,attraction,/baza-znaniy/rafaela,Rafaela,4,0,0,,/baza-znaniy,no_inbound_links,HUMAN_REVIEW,content/knowledge-base/dostoprimechatelnosti/rafaela.md
kb:rafting-en-el-rio-chimehuin,attraction,/baza-znaniy/rafting-en-el-rio-chimehuin,Rafting in the Chimehuin River,4,0,0,,/baza-znaniy,no_inbound_links,HUMAN_REVIEW,content/knowledge-base/dostoprimechatelnosti/rafting-en-el-rio-chimehuin.md
kb:rafting-en-el-rio-corcovado,attraction,/baza-znaniy/rafting-en-el-rio-corcovado,Rafting in the Corcovado River,4,0,0,,/baza-znaniy,no_inbound_links,HUMAN_REVIEW,content/knowledge-base/dostoprimechatelnosti/rafting-en-el-rio-corcovado.md
kb:rafting-en-el-rio-hua-hum,attraction,/baza-znaniy/rafting-en-el-rio-hua-hum,Rafting in the Hua Hum River,4,1,0,,/baza-znaniy,connected,KEEP,content/knowledge-base/dostoprimechatelnosti/rafting-en-el-rio-hua-hum.md
kb:rafting-en-el-rio-manso,attraction,/baza-znaniy/rafting-en-el-rio-manso,Rafting in the Manso River,4,0,0,,/baza-znaniy,no_inbound_links,HUMAN_REVIEW,content/knowledge-base/dostoprimechatelnosti/rafting-en-el-rio-manso.md
kb:rafting-en-el-rio-mendoza,attraction,/baza-znaniy/rafting-en-el-rio-mendoza,Rafting en el río Мендоса,4,1,0,,/baza-znaniy,connected,KEEP,content/knowledge-base/dostoprimechatelnosti/rafting-en-el-rio-mendoza.md
kb:raskhozhdeniya-dni-cuit-cuil,guide,/baza-znaniy/raskhozhdeniya-dni-cuit-cuil,"Расхождения в данных DNI, CUIT и CUIL: как исправить",5,2,0,,/baza-znaniy,connected,KEEP,content/knowledge-base/pereezd/raskhozhdeniya-dni-cuit-cuil.md
kb:razvlecheniya-i-nochnaya-zhizn,guide,/baza-znaniy/razvlecheniya-i-nochnaya-zhizn,Развлечения и ночная жизнь Аргентины,0,5,0,,/baza-znaniy,no_related_content,HUMAN_REVIEW,content/knowledge-base/kultura/razvlecheniya-i-nochnaya-zhizn.md
kb:reconquista,attraction,/baza-znaniy/reconquista,Reconquista,4,1,0,,/baza-znaniy,connected,KEEP,content/knowledge-base/dostoprimechatelnosti/reconquista.md
kb:red-de-refugios-de-montana,attraction,/baza-znaniy/red-de-refugios-de-montana,Mountain Refuge Network,4,0,0,,/baza-znaniy,no_inbound_links,HUMAN_REVIEW,content/knowledge-base/dostoprimechatelnosti/red-de-refugios-de-montana.md
kb:renca-san-luis,attraction,/baza-znaniy/renca-san-luis,"Renca, San Luis",4,5,0,,/baza-znaniy,connected,KEEP,content/knowledge-base/dostoprimechatelnosti/renca-san-luis.md
kb:reserva-costa-atlantica-tierra-del-fuego,attraction,/baza-znaniy/reserva-costa-atlantica-tierra-del-fuego,Заповедник атлантического побережья Огненной Земли,4,1,0,,/baza-znaniy,connected,KEEP,content/knowledge-base/dostoprimechatelnosti/reserva-costa-atlantica-tierra-del-fuego.md
kb:reserva-de-biosfera-laguna-blanca,attraction,/baza-znaniy/reserva-de-biosfera-laguna-blanca,Биосферный заповедник Лагуна-Бланка,4,1,0,,/baza-znaniy,connected,KEEP,content/knowledge-base/dostoprimechatelnosti/reserva-de-biosfera-laguna-blanca.md
kb:reserva-de-biosfera-laguna-oca,attraction,/baza-znaniy/reserva-de-biosfera-laguna-oca,Биосферный заповедник Лагуна-Ока,4,1,0,,/baza-znaniy,connected,KEEP,content/knowledge-base/dostoprimechatelnosti/reserva-de-biosfera-laguna-oca.md
kb:reserva-de-biosfera-yaboti,attraction,/baza-znaniy/reserva-de-biosfera-yaboti,Биосферный заповедник Яботи,4,1,0,,/baza-znaniy,connected,KEEP,content/knowledge-base/dostoprimechatelnosti/reserva-de-biosfera-yaboti.md
kb:reserva-natural-colonia-benitez,attraction,/baza-znaniy/reserva-natural-colonia-benitez,Природный заповедник Колония-Бенитес,4,1,0,,/baza-znaniy,connected,KEEP,content/knowledge-base/dostoprimechatelnosti/reserva-natural-colonia-benitez.md
kb:reserva-natural-el-nogalar-de-los-toldos,attraction,/baza-znaniy/reserva-natural-el-nogalar-de-los-toldos,Природный заповедник Эль-Ногаляр-де-лос-Тольдос,4,1,0,,/baza-znaniy,connected,KEEP,content/knowledge-base/dostoprimechatelnosti/reserva-natural-el-nogalar-de-los-toldos.md
kb:reserva-natural-estricta-san-antonio,attraction,/baza-znaniy/reserva-natural-estricta-san-antonio,Строгий природный заповедник Сан-Антонио,4,1,0,,/baza-znaniy,connected,KEEP,content/knowledge-base/dostoprimechatelnosti/reserva-natural-estricta-san-antonio.md
kb:reserva-natural-ibera,attraction,/baza-znaniy/reserva-natural-ibera,Природный заповедник Иберá,4,1,0,,/baza-znaniy,connected,KEEP,content/knowledge-base/dostoprimechatelnosti/reserva-natural-ibera.md
kb:reserva-natural-laguna-brava,attraction,/baza-znaniy/reserva-natural-laguna-brava,Природный заповедник Лагуна-Брава,4,5,0,,/baza-znaniy,connected,KEEP,content/knowledge-base/dostoprimechatelnosti/reserva-natural-laguna-brava.md
kb:reserva-natural-pichi-mahuida,attraction,/baza-znaniy/reserva-natural-pichi-mahuida,Природный заповедник Пичи-Мауида,4,1,0,,/baza-znaniy,connected,KEEP,content/knowledge-base/dostoprimechatelnosti/reserva-natural-pichi-mahuida.md
kb:reserva-natural-quebrada-de-los-condores,attraction,/baza-znaniy/reserva-natural-quebrada-de-los-condores,Природный заповедник Кебрада-де-лос-Кондорес,4,4,0,,/baza-znaniy,connected,KEEP,content/knowledge-base/dostoprimechatelnosti/reserva-natural-quebrada-de-los-condores.md
kb:reserva-natural-silvestre-isla-de-los-estados,attraction,/baza-znaniy/reserva-natural-silvestre-isla-de-los-estados,Природный заповедник Исла-де-лос-Эстадос (Остров Штатов),4,1,0,,/baza-znaniy,connected,KEEP,content/knowledge-base/dostoprimechatelnosti/reserva-natural-silvestre-isla-de-los-estados.md
kb:reserva-provincial-parque-luro,attraction,/baza-znaniy/reserva-provincial-parque-luro,Провинциальный заповедник Парке-Луро,4,1,0,,/baza-znaniy,connected,KEEP,content/knowledge-base/dostoprimechatelnosti/reserva-provincial-parque-luro.md
kb:resistencia,city,/baza-znaniy/resistencia,Ресистенсия,3,3,0,,/baza-znaniy,connected,KEEP,content/knowledge-base/goroda/resistencia.md
kb:restorany-i-kak-est,guide,/baza-znaniy/restorany-i-kak-est,"Рестораны и как здесь едят: часы, типы заведений, счёт",1,7,0,,/baza-znaniy,connected,KEEP,content/knowledge-base/kultura/restorany-i-kak-est.md
kb:ria-de-bahia-blanca,attraction,/baza-znaniy/ria-de-bahia-blanca,Bahía Blanca ria,4,0,0,,/baza-znaniy,no_inbound_links,HUMAN_REVIEW,content/knowledge-base/dostoprimechatelnosti/ria-de-bahia-blanca.md
kb:rio-gallegos,attraction,/baza-znaniy/rio-gallegos,Рио-Гальегос,4,1,0,,/baza-znaniy,connected,KEEP,content/knowledge-base/dostoprimechatelnosti/rio-gallegos.md
kb:rio-grande,attraction,/baza-znaniy/rio-grande,Рио-Гранде,4,1,0,,/baza-znaniy,connected,KEEP,content/knowledge-base/dostoprimechatelnosti/rio-grande.md
kb:rio-parana,attraction,/baza-znaniy/rio-parana,Река Парана,4,1,0,,/baza-znaniy,connected,KEEP,content/knowledge-base/dostoprimechatelnosti/rio-parana.md
kb:rody-i-beremennost,guide,/baza-znaniy/rody-i-beremennost,Роды и беременность в Аргентине: полное руководство,0,3,0,,/baza-znaniy,no_related_content,HUMAN_REVIEW,content/knowledge-base/medicina/rody-i-beremennost.md
kb:rody-v-argentine,faq,/baza-znaniy/rody-v-argentine,Что даёт рождение ребёнка в Аргентине?,5,0,0,,/baza-znaniy,no_inbound_links,HUMAN_REVIEW,content/knowledge-base/faq/rody-v-argentine.md
kb:roque-saenz-pena,attraction,/baza-znaniy/roque-saenz-pena,Roque Sáenz Peña,4,0,0,,/baza-znaniy,no_inbound_links,HUMAN_REVIEW,content/knowledge-base/dostoprimechatelnosti/roque-saenz-pena.md
kb:rosario,city,/baza-znaniy/rosario,Росарио,4,4,0,,/baza-znaniy,connected,KEEP,content/knowledge-base/goroda/rosario.md
kb:rossiya-vs-argentina,guide,/baza-znaniy/rossiya-vs-argentina,Россия и Аргентина: чем жизнь здесь отличается,2,0,0,,/baza-znaniy,no_inbound_links,HUMAN_REVIEW,content/knowledge-base/kultura/rossiya-vs-argentina.md
kb:ruinas-de-quilmes,attraction,/baza-znaniy/ruinas-de-quilmes,Руины Кильмес,4,1,0,,/baza-znaniy,connected,KEEP,content/knowledge-base/dostoprimechatelnosti/ruinas-de-quilmes.md
kb:ruta-40-en-chubut,attraction,/baza-znaniy/ruta-40-en-chubut,Ruta 40 in Chubut,4,1,0,,/baza-znaniy,connected,KEEP,content/knowledge-base/dostoprimechatelnosti/ruta-40-en-chubut.md
kb:ruta-40-en-santa-cruz,attraction,/baza-znaniy/ruta-40-en-santa-cruz,Ruta 40 in Santa Cruz,4,0,0,,/baza-znaniy,no_inbound_links,HUMAN_REVIEW,content/knowledge-base/dostoprimechatelnosti/ruta-40-en-santa-cruz.md
kb:ruta-40-sem-ozer,route,/baza-znaniy/ruta-40-sem-ozer,Дорога семи озёр и Рута 40,8,25,0,,/baza-znaniy,connected,KEEP,content/knowledge-base/marshruty/ruta-40-sem-ozer.md
kb:ruta-40-sem-ozer-ne-speshite,author_tip,/baza-znaniy/ruta-40-sem-ozer-ne-speshite,"Дорога семи озёр за полтора часа — формально возможно, но это упущенная поездка",3,1,0,,/baza-znaniy,connected,KEEP,content/knowledge-base/lichnyy-opyt/ruta-40-sem-ozer-ne-speshite.md
kb:ruta-azul,attraction,/baza-znaniy/ruta-azul,Ruta Azul,4,0,0,,/baza-znaniy,no_inbound_links,HUMAN_REVIEW,content/knowledge-base/dostoprimechatelnosti/ruta-azul.md
kb:ruta-de-la-cultura-qom,attraction,/baza-znaniy/ruta-de-la-cultura-qom,Qom culture route,4,0,0,,/baza-znaniy,no_inbound_links,HUMAN_REVIEW,content/knowledge-base/dostoprimechatelnosti/ruta-de-la-cultura-qom.md
kb:ruta-de-los-siete-lagos,attraction,/baza-znaniy/ruta-de-los-siete-lagos,Route of Seven Lakes,4,1,0,,/baza-znaniy,connected,KEEP,content/knowledge-base/dostoprimechatelnosti/ruta-de-los-siete-lagos.md
kb:ruta-del-adobe-en-catamarca,attraction,/baza-znaniy/ruta-del-adobe-en-catamarca,Adobe Route in Catamarca,4,0,0,,/baza-znaniy,no_inbound_links,HUMAN_REVIEW,content/knowledge-base/dostoprimechatelnosti/ruta-del-adobe-en-catamarca.md
kb:ruta-del-artesano-en-tucuman,attraction,/baza-znaniy/ruta-del-artesano-en-tucuman,Artisan Route in Tucumán,4,0,0,,/baza-znaniy,no_inbound_links,HUMAN_REVIEW,content/knowledge-base/dostoprimechatelnosti/ruta-del-artesano-en-tucuman.md
kb:ruta-del-olivo-san-juan,attraction,/baza-znaniy/ruta-del-olivo-san-juan,"Olive Route, San Juan",4,0,0,,/baza-znaniy,no_inbound_links,HUMAN_REVIEW,content/knowledge-base/dostoprimechatelnosti/ruta-del-olivo-san-juan.md
kb:ruta-del-vino-en-la-patagonia,attraction,/baza-znaniy/ruta-del-vino-en-la-patagonia,Ruta del Vino en la Патагония,4,0,0,,/baza-znaniy,no_inbound_links,HUMAN_REVIEW,content/knowledge-base/dostoprimechatelnosti/ruta-del-vino-en-la-patagonia.md
kb:ruta-del-vino-en-san-juan,attraction,/baza-znaniy/ruta-del-vino-en-san-juan,Wine route in San Juan,4,0,0,,/baza-znaniy,no_inbound_links,HUMAN_REVIEW,content/knowledge-base/dostoprimechatelnosti/ruta-del-vino-en-san-juan.md
kb:ruta-del-vino-en-tucuman,attraction,/baza-znaniy/ruta-del-vino-en-tucuman,Wine Route in Tucumán,4,0,0,,/baza-znaniy,no_inbound_links,HUMAN_REVIEW,content/knowledge-base/dostoprimechatelnosti/ruta-del-vino-en-tucuman.md
kb:ruta-interlagos-san-juan,attraction,/baza-znaniy/ruta-interlagos-san-juan,Interlagos San Juan Route,4,0,0,,/baza-znaniy,no_inbound_links,HUMAN_REVIEW,content/knowledge-base/dostoprimechatelnosti/ruta-interlagos-san-juan.md
kb:rutas-de-tierra-del-fuego,attraction,/baza-znaniy/rutas-de-tierra-del-fuego,Rutas de Огненная Земля,4,0,0,,/baza-znaniy,no_inbound_links,HUMAN_REVIEW,content/knowledge-base/dostoprimechatelnosti/rutas-de-tierra-del-fuego.md
kb:sabores-de-chaco,attraction,/baza-znaniy/sabores-de-chaco,Flavors from Chaco,4,0,0,,/baza-znaniy,no_inbound_links,HUMAN_REVIEW,content/knowledge-base/dostoprimechatelnosti/sabores-de-chaco.md
kb:sabores-riojanos,attraction,/baza-znaniy/sabores-riojanos,La Rioja Tastes,4,0,0,,/baza-znaniy,no_inbound_links,HUMAN_REVIEW,content/knowledge-base/dostoprimechatelnosti/sabores-riojanos.md
kb:salinas-grandes,attraction,/baza-znaniy/salinas-grandes,Салинас-Грандес,3,5,0,,/baza-znaniy,connected,KEEP,content/knowledge-base/dostoprimechatelnosti/salinas-grandes.md
kb:salinas-grandes-jujuy,attraction,/baza-znaniy/salinas-grandes-jujuy,Салинас-Грандес (Жужуй),4,1,0,,/baza-znaniy,connected,KEEP,content/knowledge-base/dostoprimechatelnosti/salinas-grandes-jujuy.md
kb:salta,city,/baza-znaniy/salta,Сальта,9,22,0,,/baza-znaniy,connected,KEEP,content/knowledge-base/goroda/salta.md
kb:salta-kalchakskie-doliny-marshrut,author_tip,/baza-znaniy/salta-kalchakskie-doliny-marshrut,"Один день из Сальты через перевал в Качи и Кальчакские долины — связка, которую часто недооценивают по времени",2,1,0,,/baza-znaniy,connected,KEEP,content/knowledge-base/lichnyy-opyt/salta-kalchakskie-doliny-marshrut.md
kb:salta-y-san-lorenzo,attraction,/baza-znaniy/salta-y-san-lorenzo,Salta and San Lorenzo,4,0,0,,/baza-znaniy,no_inbound_links,HUMAN_REVIEW,content/knowledge-base/dostoprimechatelnosti/salta-y-san-lorenzo.md
kb:salto-encantado,attraction,/baza-znaniy/salto-encantado,Salto Encantado,4,0,0,,/baza-znaniy,no_inbound_links,HUMAN_REVIEW,content/knowledge-base/dostoprimechatelnosti/salto-encantado.md
kb:saltos-del-mocona,attraction,/baza-znaniy/saltos-del-mocona,Сальтос-дель-Моконá,3,1,0,,/baza-znaniy,connected,KEEP,content/knowledge-base/dostoprimechatelnosti/saltos-del-mocona.md
kb:samyj-yuzhnyj-gorod-mira,faq,/baza-znaniy/samyj-yuzhnyj-gorod-mira,Ушуайя — правда самый южный город в мире?,2,1,0,,/baza-znaniy,connected,KEEP,content/knowledge-base/faq/samyj-yuzhnyj-gorod-mira.md
kb:san-antonio-de-areco,city,/baza-znaniy/san-antonio-de-areco,San Antonio de Areco,2,1,0,,/baza-znaniy,connected,KEEP,content/knowledge-base/goroda/san-antonio-de-areco.md
kb:san-antonio-oeste,attraction,/baza-znaniy/san-antonio-oeste,Сан-Антонио-Оэсте,4,1,0,,/baza-znaniy,connected,KEEP,content/knowledge-base/dostoprimechatelnosti/san-antonio-oeste.md
kb:san-huan,city,/baza-znaniy/san-huan,Сан-Хуан,6,4,0,,/baza-znaniy,connected,KEEP,content/knowledge-base/goroda/san-huan.md
kb:san-ignacio-mini,attraction,/baza-znaniy/san-ignacio-mini,Сан-Игнасио-Мини,3,5,0,,/baza-znaniy,connected,KEEP,content/knowledge-base/dostoprimechatelnosti/san-ignacio-mini.md
kb:san-jose,attraction,/baza-znaniy/san-jose,Сан-Хосе,4,1,0,,/baza-znaniy,connected,KEEP,content/knowledge-base/dostoprimechatelnosti/san-jose.md
kb:san-luis,city,/baza-znaniy/san-luis,Сан-Луис,4,3,0,,/baza-znaniy,connected,KEEP,content/knowledge-base/goroda/san-luis.md
kb:san-martin-de-los-andes,city,/baza-znaniy/san-martin-de-los-andes,Сан-Мартин-де-лос-Андес,4,4,0,,/baza-znaniy,connected,KEEP,content/knowledge-base/goroda/san-martin-de-los-andes.md
kb:san-miguel-de-tucuman,city,/baza-znaniy/san-miguel-de-tucuman,Сан-Мигель-де-Тукуман,4,3,0,,/baza-znaniy,connected,KEEP,content/knowledge-base/goroda/san-miguel-de-tucuman.md
kb:san-rafael,city,/baza-znaniy/san-rafael,San Rafael,4,2,0,,/baza-znaniy,connected,KEEP,content/knowledge-base/goroda/san-rafael.md
kb:san-salvador-de-jujuy,city,/baza-znaniy/san-salvador-de-jujuy,Сан-Сальвадор-де-Жужуй,5,5,0,,/baza-znaniy,connected,KEEP,content/knowledge-base/goroda/san-salvador-de-jujuy.md
kb:sandboard-en-abra-pampa,attraction,/baza-znaniy/sandboard-en-abra-pampa,Sandboarding in Abra Pampa,4,0,0,,/baza-znaniy,no_inbound_links,HUMAN_REVIEW,content/knowledge-base/dostoprimechatelnosti/sandboard-en-abra-pampa.md
kb:sandboard-en-las-dunas-de-saujil,attraction,/baza-znaniy/sandboard-en-las-dunas-de-saujil,Sandboarding on the Saujil dunes,4,0,0,,/baza-znaniy,no_inbound_links,HUMAN_REVIEW,content/knowledge-base/dostoprimechatelnosti/sandboard-en-las-dunas-de-saujil.md
kb:santa-fe,city,/baza-znaniy/santa-fe,Санта-Фе,6,3,0,,/baza-znaniy,connected,KEEP,content/knowledge-base/goroda/santa-fe.md
kb:santa-maria,attraction,/baza-znaniy/santa-maria,Санта-Мария,4,1,0,,/baza-znaniy,connected,KEEP,content/knowledge-base/dostoprimechatelnosti/santa-maria.md
kb:santa-rosa,city,/baza-znaniy/santa-rosa,Санта-Роса,4,2,0,,/baza-znaniy,connected,KEEP,content/knowledge-base/goroda/santa-rosa.md
kb:santiago-del-estero,city,/baza-znaniy/santiago-del-estero,Сантьяго-дель-Эстеро,2,2,0,,/baza-znaniy,connected,KEEP,content/knowledge-base/goroda/santiago-del-estero.md
kb:sdacha-nedvizhimosti-v-arendu,guide,/baza-znaniy/sdacha-nedvizhimosti-v-arendu,Сдача недвижимости в аренду в Аргентине: доход и налоги,0,3,0,,/baza-znaniy,no_related_content,HUMAN_REVIEW,content/knowledge-base/dengi/sdacha-nedvizhimosti-v-arendu.md
kb:seclantas,attraction,/baza-znaniy/seclantas,Seclantás,4,0,0,,/baza-znaniy,no_inbound_links,HUMAN_REVIEW,content/knowledge-base/dostoprimechatelnosti/seclantas.md
kb:senderismo-con-llamas-en-jujuy,attraction,/baza-znaniy/senderismo-con-llamas-en-jujuy,Hiking with llamas in Jujuy,4,0,0,,/baza-znaniy,no_inbound_links,HUMAN_REVIEW,content/knowledge-base/dostoprimechatelnosti/senderismo-con-llamas-en-jujuy.md
kb:senderos-periurbanos-de-esquel,attraction,/baza-znaniy/senderos-periurbanos-de-esquel,Suburban footpaths of Esquel,4,0,0,,/baza-znaniy,no_inbound_links,HUMAN_REVIEW,content/knowledge-base/dostoprimechatelnosti/senderos-periurbanos-de-esquel.md
kb:severnye-parki-zolotoj-chas,author_tip,/baza-znaniy/severnye-parki-zolotoj-chas,"Пустынные парки NOA и Куйо: один и тот же приём — ловить рассвет и закат, избегать полдня",4,1,0,,/baza-znaniy,connected,KEEP,content/knowledge-base/lichnyy-opyt/severnye-parki-zolotoj-chas.md
kb:shkola-dlya-detey,guide,/baza-znaniy/shkola-dlya-detey,Школа для детей в Аргентине: система образования для семей релокантов,6,4,0,,/baza-znaniy,connected,KEEP,content/knowledge-base/pereezd/shkola-dlya-detey.md
kb:shtrafy-i-scoring,guide,/baza-znaniy/shtrafy-i-scoring,"Штрафы, баллы (scoring) и проверка задолженности за рулём в Аргентине",5,3,0,,/baza-znaniy,connected,KEEP,content/knowledge-base/transport/shtrafy-i-scoring.md
kb:sierra-de-la-ventana,attraction,/baza-znaniy/sierra-de-la-ventana,Сьерра-де-ла-Вентана,2,2,0,,/baza-znaniy,connected,KEEP,content/knowledge-base/dostoprimechatelnosti/sierra-de-la-ventana.md
kb:sierra-de-las-quijadas,national_park,/baza-znaniy/sierra-de-las-quijadas,Национальный парк Сьерра-де-лас-Кихадас,4,3,0,,/baza-znaniy,connected,KEEP,content/knowledge-base/natsionalnye-parki/sierra-de-las-quijadas.md
kb:sierras-cordobesas,attraction,/baza-znaniy/sierras-cordobesas,Сьерры Кордовы,4,1,0,,/baza-znaniy,connected,KEEP,content/knowledge-base/dostoprimechatelnosti/sierras-cordobesas.md
kb:sierras-de-la-provincia-de-buenos-aires,attraction,/baza-znaniy/sierras-de-la-provincia-de-buenos-aires,Сьерры провинции Буэнос-Айрес,4,1,0,,/baza-znaniy,connected,KEEP,content/knowledge-base/dostoprimechatelnosti/sierras-de-la-provincia-de-buenos-aires.md
kb:sierras-de-sumampa,attraction,/baza-znaniy/sierras-de-sumampa,Сьерры Сумампа,4,4,0,,/baza-znaniy,connected,KEEP,content/knowledge-base/dostoprimechatelnosti/sierras-de-sumampa.md
kb:sistema-zdravoohraneniya,guide,/baza-znaniy/sistema-zdravoohraneniya,Система здравоохранения Аргентины,0,5,0,,/baza-znaniy,no_related_content,HUMAN_REVIEW,content/knowledge-base/medicina/sistema-zdravoohraneniya.md
kb:skam-s-falshivoj-policiej,faq,/baza-znaniy/skam-s-falshivoj-policiej,Что за мошенничество с «фальшивой полицией» в Аргентине?,1,0,0,,/baza-znaniy,no_inbound_links,HUMAN_REVIEW,content/knowledge-base/faq/skam-s-falshivoj-policiej.md
kb:skolko-deneg-brat-na-poezdku,faq,/baza-znaniy/skolko-deneg-brat-na-poezdku,Сколько денег нужно брать на поездку в Аргентину?,2,0,0,,/baza-znaniy,no_inbound_links,HUMAN_REVIEW,content/knowledge-base/faq/skolko-deneg-brat-na-poezdku.md
kb:skolko-dnej-na-marshrut-2-nedeli,faq,/baza-znaniy/skolko-dnej-na-marshrut-2-nedeli,Реально ли увидеть главное в Аргентине за 2 недели?,5,1,0,,/baza-znaniy,connected,KEEP,content/knowledge-base/faq/skolko-dnej-na-marshrut-2-nedeli.md
kb:skolko-dnej-nuzhno-na-iguasu,faq,/baza-znaniy/skolko-dnej-nuzhno-na-iguasu,Сколько дней нужно на парк Игуасу?,2,1,0,,/baza-znaniy,connected,KEEP,content/knowledge-base/faq/skolko-dnej-nuzhno-na-iguasu.md
kb:skolko-letet-iz-rossii,faq,/baza-znaniy/skolko-letet-iz-rossii,Сколько лететь из России в Аргентину и какие есть маршруты?,1,0,0,,/baza-znaniy,no_inbound_links,HUMAN_REVIEW,content/knowledge-base/faq/skolko-letet-iz-rossii.md
kb:skolko-nalichnyh-mozhno-vvezti,faq,/baza-znaniy/skolko-nalichnyh-mozhno-vvezti,Сколько наличных можно ввезти в Аргентину без декларации?,3,0,0,,/baza-znaniy,no_inbound_links,HUMAN_REVIEW,content/knowledge-base/faq/skolko-nalichnyh-mozhno-vvezti.md
kb:skolko-stoit-oformit-vnzh,faq,/baza-znaniy/skolko-stoit-oformit-vnzh,Сколько стоит оформление резиденции или визы цифрового кочевника в Аргентине?,3,1,0,,/baza-znaniy,connected,KEEP,content/knowledge-base/faq/skolko-stoit-oformit-vnzh.md
kb:skolko-stoit-zhizn-v-buenos-ajrese,faq,/baza-znaniy/skolko-stoit-zhizn-v-buenos-ajrese,Сколько денег нужно на жизнь в Буэнос-Айресе в месяц?,2,1,0,,/baza-znaniy,connected,KEEP,content/knowledge-base/faq/skolko-stoit-zhizn-v-buenos-ajrese.md
kb:sladkoe-dulce-de-leche,guide,/baza-znaniy/sladkoe-dulce-de-leche,"Сладкое: дульсе-де-лече, альфахорес и фактурас",0,3,0,,/baza-znaniy,no_related_content,HUMAN_REVIEW,content/knowledge-base/kultura/sladkoe-dulce-de-leche.md
kb:soobshestvo-i-adaptaciya,guide,/baza-znaniy/soobshestvo-i-adaptaciya,Где найти своих и как пережить адаптацию в Аргентине,1,4,0,,/baza-znaniy,connected,KEEP,content/knowledge-base/pereezd/soobshestvo-i-adaptaciya.md
kb:status-expediente-migraciones,guide,/baza-znaniy/status-expediente-migraciones,Как узнать статус дела (expediente) в Migraciones,5,1,0,,/baza-znaniy,connected,KEEP,content/knowledge-base/pereezd/status-expediente-migraciones.md
kb:stoimost-zhizni-ba,guide,/baza-znaniy/stoimost-zhizni-ba,Сколько стоит жизнь в Буэнос-Айресе,3,14,0,,/baza-znaniy,connected,KEEP,content/knowledge-base/dengi/stoimost-zhizni-ba.md
kb:stoimost-zhizni-semya-i-para,guide,/baza-znaniy/stoimost-zhizni-semya-i-para,Стоимость жизни в Аргентине для пары и семьи: сценарии и уровни,0,1,0,,/baza-znaniy,no_related_content,HUMAN_REVIEW,content/knowledge-base/dengi/stoimost-zhizni-semya-i-para.md
kb:stoit-li-ehat-na-poezde-v-oblaka,faq,/baza-znaniy/stoit-li-ehat-na-poezde-v-oblaka,Стоит ли ехать на «Поезде в облака»?,2,1,0,,/baza-znaniy,connected,KEEP,content/knowledge-base/faq/stoit-li-ehat-na-poezde-v-oblaka.md
kb:stoit-li-ehat-v-argentinu,guide,/baza-znaniy/stoit-li-ehat-v-argentinu,"Стоит ли ехать в Аргентину: далеко, дорого, опасно?",3,9,0,,/baza-znaniy,connected,KEEP,content/knowledge-base/puteshestvie/stoit-li-ehat-v-argentinu.md
kb:stoit-li-pereezzhat,guide,/baza-znaniy/stoit-li-pereezzhat,"Стоит ли переезжать в Аргентину: плюсы, минусы и кому подходит",5,2,0,,/baza-znaniy,connected,KEEP,content/knowledge-base/pereezd/stoit-li-pereezzhat.md
kb:studencheskaya-zhizn,guide,/baza-znaniy/studencheskaya-zhizn,"Учёба и студенческий быт в Аргентине: поступление, язык, жильё",0,2,0,,/baza-znaniy,no_related_content,HUMAN_REVIEW,content/knowledge-base/pereezd/studencheskaya-zhizn.md
kb:susques,city,/baza-znaniy/susques,Сускес,6,2,0,,/baza-znaniy,connected,KEEP,content/knowledge-base/goroda/susques.md
kb:tafi-del-valle,attraction,/baza-znaniy/tafi-del-valle,Тафи-дель-Валье,4,1,0,,/baza-znaniy,connected,KEEP,content/knowledge-base/dostoprimechatelnosti/tafi-del-valle.md
kb:tafi-viejo,attraction,/baza-znaniy/tafi-viejo,Tafí Viejo,4,0,0,,/baza-znaniy,no_inbound_links,HUMAN_REVIEW,content/knowledge-base/dostoprimechatelnosti/tafi-viejo.md
kb:talampaya,national_park,/baza-znaniy/talampaya,Национальный парк Талампая,6,10,0,,/baza-znaniy,connected,KEEP,content/knowledge-base/natsionalnye-parki/talampaya.md
kb:tandil,city,/baza-znaniy/tandil,Тандиль,3,2,0,,/baza-znaniy,connected,KEEP,content/knowledge-base/goroda/tandil.md
kb:tango,guide,/baza-znaniy/tango,"Танго в Аргентине: культура, милонги, где смотреть и танцевать",0,2,0,,/baza-znaniy,no_related_content,HUMAN_REVIEW,content/knowledge-base/kultura/tango.md
kb:tango-en-buenos-aires,attraction,/baza-znaniy/tango-en-buenos-aires,Танго в Буэнос-Айресе,4,4,0,,/baza-znaniy,connected,KEEP,content/knowledge-base/dostoprimechatelnosti/tango-en-buenos-aires.md
kb:tastil-y-santa-rosa-de-tastil,attraction,/baza-znaniy/tastil-y-santa-rosa-de-tastil,Tastil and Santa Rosa de Tastil,4,0,0,,/baza-znaniy,no_inbound_links,HUMAN_REVIEW,content/knowledge-base/dostoprimechatelnosti/tastil-y-santa-rosa-de-tastil.md
kb:teatr-kolon,attraction,/baza-znaniy/teatr-kolon,Театр Колон,2,1,0,,/baza-znaniy,connected,KEEP,content/knowledge-base/dostoprimechatelnosti/teatr-kolon.md
kb:teatro-y-literatura-en-buenos-aires,attraction,/baza-znaniy/teatro-y-literatura-en-buenos-aires,Театр и литература в Буэнос-Айресе,4,1,0,,/baza-znaniy,connected,KEEP,content/knowledge-base/dostoprimechatelnosti/teatro-y-literatura-en-buenos-aires.md
kb:temporada-de-orcas-en-peninsula-valdes,attraction,/baza-znaniy/temporada-de-orcas-en-peninsula-valdes,Orca season at Península Valdés,4,0,0,,/baza-znaniy,no_inbound_links,HUMAN_REVIEW,content/knowledge-base/dostoprimechatelnosti/temporada-de-orcas-en-peninsula-valdes.md
kb:termas-de-cacheuta,attraction,/baza-znaniy/termas-de-cacheuta,Термы Качеута,4,1,0,,/baza-znaniy,connected,KEEP,content/knowledge-base/dostoprimechatelnosti/termas-de-cacheuta.md
kb:termas-de-rio-hondo,attraction,/baza-znaniy/termas-de-rio-hondo,Термас-де-Рио-Ондо,2,2,0,,/baza-znaniy,connected,KEEP,content/knowledge-base/dostoprimechatelnosti/termas-de-rio-hondo.md
kb:termas-de-saenz-pena,attraction,/baza-znaniy/termas-de-saenz-pena,Термы Саэнс-Пенья,4,1,0,,/baza-znaniy,connected,KEEP,content/knowledge-base/dostoprimechatelnosti/termas-de-saenz-pena.md
kb:termas-del-rio-jordan,attraction,/baza-znaniy/termas-del-rio-jordan,Термы Рио-Жордан,4,1,0,,/baza-znaniy,connected,KEEP,content/knowledge-base/dostoprimechatelnosti/termas-del-rio-jordan.md
kb:termas-en-entre-rios,attraction,/baza-znaniy/termas-en-entre-rios,Термы Энтре-Риоса,4,1,0,,/baza-znaniy,connected,KEEP,content/knowledge-base/dostoprimechatelnosti/termas-en-entre-rios.md
kb:tierra-del-fuego,region,/baza-znaniy/tierra-del-fuego,Огненная Земля,13,2,0,,/baza-znaniy,connected,KEEP,content/knowledge-base/regiony/tierra-del-fuego.md
kb:tigre-i-delta,attraction,/baza-znaniy/tigre-i-delta,Тигре и Дельта Параны,5,2,0,,/baza-znaniy,connected,KEEP,content/knowledge-base/dostoprimechatelnosti/tigre-i-delta.md
kb:tilcara,attraction,/baza-znaniy/tilcara,Tilcara,4,0,0,,/baza-znaniy,no_inbound_links,HUMAN_REVIEW,content/knowledge-base/dostoprimechatelnosti/tilcara.md
kb:tilkara,attraction,/baza-znaniy/tilkara,Тилькара и крепость Пукара,5,7,0,,/baza-znaniy,connected,KEEP,content/knowledge-base/dostoprimechatelnosti/tilkara.md
kb:tinogasta,attraction,/baza-znaniy/tinogasta,Tinogasta,4,0,0,,/baza-znaniy,no_inbound_links,HUMAN_REVIEW,content/knowledge-base/dostoprimechatelnosti/tinogasta.md
kb:tolhuin,attraction,/baza-znaniy/tolhuin,Tolhuin,4,0,0,,/baza-znaniy,no_inbound_links,HUMAN_REVIEW,content/knowledge-base/dostoprimechatelnosti/tolhuin.md
kb:tradicion-cervecera-en-santa-fe,attraction,/baza-znaniy/tradicion-cervecera-en-santa-fe,Brewing tradition in Santa Fe,4,1,0,,/baza-znaniy,connected,KEEP,content/knowledge-base/dostoprimechatelnosti/tradicion-cervecera-en-santa-fe.md
kb:tradiciones-gauchas,attraction,/baza-znaniy/tradiciones-gauchas,Gaucho Traditions,4,0,0,,/baza-znaniy,no_inbound_links,HUMAN_REVIEW,content/knowledge-base/dostoprimechatelnosti/tradiciones-gauchas.md
kb:travesia-4x4-en-tierra-del-fuego,attraction,/baza-znaniy/travesia-4x4-en-tierra-del-fuego,Travesía 4x4 en Огненная Земля,4,0,0,,/baza-znaniy,no_inbound_links,HUMAN_REVIEW,content/knowledge-base/dostoprimechatelnosti/travesia-4x4-en-tierra-del-fuego.md
kb:trekking-en-bosques-y-lagos,attraction,/baza-znaniy/trekking-en-bosques-y-lagos,Trekking in forests and lakes,4,1,0,,/baza-znaniy,connected,KEEP,content/knowledge-base/dostoprimechatelnosti/trekking-en-bosques-y-lagos.md
kb:trekking-en-lihue-calel,attraction,/baza-znaniy/trekking-en-lihue-calel,Trekking in Lihué Calel,4,0,0,,/baza-znaniy,no_inbound_links,HUMAN_REVIEW,content/knowledge-base/dostoprimechatelnosti/trekking-en-lihue-calel.md
kb:trekking-en-parque-patagonia,attraction,/baza-znaniy/trekking-en-parque-patagonia,Trekking en Parque Патагония,4,0,0,,/baza-znaniy,no_inbound_links,HUMAN_REVIEW,content/knowledge-base/dostoprimechatelnosti/trekking-en-parque-patagonia.md
kb:trekking-en-salta,attraction,/baza-znaniy/trekking-en-salta,Trekking in Salta,4,0,0,,/baza-znaniy,no_inbound_links,HUMAN_REVIEW,content/knowledge-base/dostoprimechatelnosti/trekking-en-salta.md
kb:trekking-en-tolhuin,attraction,/baza-znaniy/trekking-en-tolhuin,Trekking in Tolhuin,4,1,0,,/baza-znaniy,connected,KEEP,content/knowledge-base/dostoprimechatelnosti/trekking-en-tolhuin.md
kb:tren-a-las-nubes,attraction,/baza-znaniy/tren-a-las-nubes,Поезд в облака,4,5,0,,/baza-znaniy,connected,KEEP,content/knowledge-base/dostoprimechatelnosti/tren-a-las-nubes.md
kb:tren-de-las-sierras,attraction,/baza-znaniy/tren-de-las-sierras,Tren de las Sierras,4,0,0,,/baza-znaniy,no_inbound_links,HUMAN_REVIEW,content/knowledge-base/dostoprimechatelnosti/tren-de-las-sierras.md
kb:trevelin,attraction,/baza-znaniy/trevelin,Тревелин,3,1,0,,/baza-znaniy,connected,KEEP,content/knowledge-base/dostoprimechatelnosti/trevelin.md
kb:trevelin-el-pueblo-del-molino,attraction,/baza-znaniy/trevelin-el-pueblo-del-molino,"Trevelin, the mill town",4,0,0,,/baza-znaniy,no_inbound_links,HUMAN_REVIEW,content/knowledge-base/dostoprimechatelnosti/trevelin-el-pueblo-del-molino.md
kb:turismo-aventura-en-chaco,attraction,/baza-znaniy/turismo-aventura-en-chaco,Adventure tourism in Chaco,4,0,0,,/baza-znaniy,no_inbound_links,HUMAN_REVIEW,content/knowledge-base/dostoprimechatelnosti/turismo-aventura-en-chaco.md
kb:turismo-cultural-en-rosario,attraction,/baza-znaniy/turismo-cultural-en-rosario,Cultural tourism in Rosario,4,0,0,,/baza-znaniy,no_inbound_links,HUMAN_REVIEW,content/knowledge-base/dostoprimechatelnosti/turismo-cultural-en-rosario.md
kb:turismo-paleontologico-en-neuquen,attraction,/baza-znaniy/turismo-paleontologico-en-neuquen,Paleontological tourism in Neuquén,4,0,0,,/baza-znaniy,no_inbound_links,HUMAN_REVIEW,content/knowledge-base/dostoprimechatelnosti/turismo-paleontologico-en-neuquen.md
kb:turismo-religioso-en-salta,attraction,/baza-znaniy/turismo-religioso-en-salta,Religious Tourism in Salta,4,0,0,,/baza-znaniy,no_inbound_links,HUMAN_REVIEW,content/knowledge-base/dostoprimechatelnosti/turismo-religioso-en-salta.md
kb:turismo-rural-comunitario,attraction,/baza-znaniy/turismo-rural-comunitario,Rural community tourism,4,0,0,,/baza-znaniy,no_inbound_links,HUMAN_REVIEW,content/knowledge-base/dostoprimechatelnosti/turismo-rural-comunitario.md
kb:turismo-rural-en-la-pampa,attraction,/baza-znaniy/turismo-rural-en-la-pampa,Rural tourism in La Pampa,4,0,0,,/baza-znaniy,no_inbound_links,HUMAN_REVIEW,content/knowledge-base/dostoprimechatelnosti/turismo-rural-en-la-pampa.md
kb:turismo-rural-en-salta,attraction,/baza-znaniy/turismo-rural-en-salta,Rural Tourism in Salta,4,0,0,,/baza-znaniy,no_inbound_links,HUMAN_REVIEW,content/knowledge-base/dostoprimechatelnosti/turismo-rural-en-salta.md
kb:udalyonnaya-rabota-i-oplata,guide,/baza-znaniy/udalyonnaya-rabota-i-oplata,Удалёнка в Аргентине: как получать оплату и не терять на курсе,0,5,0,,/baza-znaniy,no_related_content,HUMAN_REVIEW,content/knowledge-base/dengi/udalyonnaya-rabota-i-oplata.md
kb:ushuaia,city,/baza-znaniy/ushuaia,Ушуайя,8,7,0,,/baza-znaniy,connected,KEEP,content/knowledge-base/goroda/ushuaia.md
kb:ushuaia-la-ciudad-y-el-tren,attraction,/baza-znaniy/ushuaia-la-ciudad-y-el-tren,Ушуайя: la ciudad y el tren,4,0,0,,/baza-znaniy,no_inbound_links,HUMAN_REVIEW,content/knowledge-base/dostoprimechatelnosti/ushuaia-la-ciudad-y-el-tren.md
kb:valle-de-la-luna-de-cusi-cusi,attraction,/baza-znaniy/valle-de-la-luna-de-cusi-cusi,Лунная долина Куси-Куси,4,1,0,,/baza-znaniy,connected,KEEP,content/knowledge-base/dostoprimechatelnosti/valle-de-la-luna-de-cusi-cusi.md
kb:valle-de-punilla-cordoba,attraction,/baza-znaniy/valle-de-punilla-cordoba,Долина Пунилья,4,1,0,,/baza-znaniy,connected,KEEP,content/knowledge-base/dostoprimechatelnosti/valle-de-punilla-cordoba.md
kb:valle-de-traslasierra,attraction,/baza-znaniy/valle-de-traslasierra,Долина Траслассьерра,4,1,0,,/baza-znaniy,connected,KEEP,content/knowledge-base/dostoprimechatelnosti/valle-de-traslasierra.md
kb:valle-de-uco,attraction,/baza-znaniy/valle-de-uco,Валье-де-Уко,4,2,0,,/baza-znaniy,connected,KEEP,content/knowledge-base/dostoprimechatelnosti/valle-de-uco.md
kb:valle-de-uco-mendoza,attraction,/baza-znaniy/valle-de-uco-mendoza,"Valle de Uco, Мендоса",4,1,0,,/baza-znaniy,connected,KEEP,content/knowledge-base/dostoprimechatelnosti/valle-de-uco-mendoza.md
kb:valle-encantado,attraction,/baza-znaniy/valle-encantado,Заколдованная долина,4,1,0,,/baza-znaniy,connected,KEEP,content/knowledge-base/dostoprimechatelnosti/valle-encantado.md
kb:valle-grande,attraction,/baza-znaniy/valle-grande,Валье-Гранде,4,1,0,,/baza-znaniy,connected,KEEP,content/knowledge-base/dostoprimechatelnosti/valle-grande.md
kb:valles-y-bosques-fueguinos,attraction,/baza-znaniy/valles-y-bosques-fueguinos,Valleys and forests in Огненная Земля,4,0,0,,/baza-znaniy,no_inbound_links,HUMAN_REVIEW,content/knowledge-base/dostoprimechatelnosti/valles-y-bosques-fueguinos.md
kb:verano-en-corrientes,attraction,/baza-znaniy/verano-en-corrientes,Summer in Corrientes,4,0,0,,/baza-znaniy,no_inbound_links,HUMAN_REVIEW,content/knowledge-base/dostoprimechatelnosti/verano-en-corrientes.md
kb:vida-nocturna-en-buenos-aires,attraction,/baza-znaniy/vida-nocturna-en-buenos-aires,Ночная жизнь Буэнос-Айреса,4,1,0,,/baza-znaniy,connected,KEEP,content/knowledge-base/dostoprimechatelnosti/vida-nocturna-en-buenos-aires.md
kb:viedma,attraction,/baza-znaniy/viedma,Viedma,4,0,0,,/baza-znaniy,no_inbound_links,HUMAN_REVIEW,content/knowledge-base/dostoprimechatelnosti/viedma.md
kb:villa-carlos-paz,attraction,/baza-znaniy/villa-carlos-paz,Вилья-Карлос-Пас,4,1,0,,/baza-znaniy,connected,KEEP,content/knowledge-base/dostoprimechatelnosti/villa-carlos-paz.md
kb:villa-del-carmen-san-luis,attraction,/baza-znaniy/villa-del-carmen-san-luis,Вилья-дель-Кармен,4,4,0,,/baza-znaniy,connected,KEEP,content/knowledge-base/dostoprimechatelnosti/villa-del-carmen-san-luis.md
kb:villa-general-belgrano,attraction,/baza-znaniy/villa-general-belgrano,Вилья-Хенераль-Бельграно,4,1,0,,/baza-znaniy,connected,KEEP,content/knowledge-base/dostoprimechatelnosti/villa-general-belgrano.md
kb:villa-gesell,city,/baza-znaniy/villa-gesell,Вилья-Хесель,6,3,0,,/baza-znaniy,connected,KEEP,content/knowledge-base/goroda/villa-gesell.md
kb:villa-la-angostura,city,/baza-znaniy/villa-la-angostura,Вилья-Ла-Ангостура,4,3,0,,/baza-znaniy,connected,KEEP,content/knowledge-base/goroda/villa-la-angostura.md
kb:villa-la-punta,attraction,/baza-znaniy/villa-la-punta,Вилья-Ла-Пунта,4,4,0,,/baza-znaniy,connected,KEEP,content/knowledge-base/dostoprimechatelnosti/villa-la-punta.md
kb:villa-mercedes-san-luis,attraction,/baza-znaniy/villa-mercedes-san-luis,Вилья-Мерседес,4,1,0,,/baza-znaniy,connected,KEEP,content/knowledge-base/dostoprimechatelnosti/villa-mercedes-san-luis.md
kb:villa-nougues,attraction,/baza-znaniy/villa-nougues,Вилья-Нугес,4,1,0,,/baza-znaniy,connected,KEEP,content/knowledge-base/dostoprimechatelnosti/villa-nougues.md
kb:villa-ocampo,attraction,/baza-znaniy/villa-ocampo,Вилья-Окампо,4,1,0,,/baza-znaniy,connected,KEEP,content/knowledge-base/dostoprimechatelnosti/villa-ocampo.md
kb:villa-paranacito,attraction,/baza-znaniy/villa-paranacito,Вилья-Паранасито,4,1,0,,/baza-znaniy,connected,KEEP,content/knowledge-base/dostoprimechatelnosti/villa-paranacito.md
kb:villa-pehuenia,attraction,/baza-znaniy/villa-pehuenia,Вилья-Пеуэния,4,1,0,,/baza-znaniy,connected,KEEP,content/knowledge-base/dostoprimechatelnosti/villa-pehuenia.md
kb:villa-regina,attraction,/baza-znaniy/villa-regina,Вилья-Регина,4,1,0,,/baza-znaniy,connected,KEEP,content/knowledge-base/dostoprimechatelnosti/villa-regina.md
kb:villa-rio-bermejito,attraction,/baza-znaniy/villa-rio-bermejito,Вилья-Рио-Бермехито,4,1,0,,/baza-znaniy,connected,KEEP,content/knowledge-base/dostoprimechatelnosti/villa-rio-bermejito.md
kb:villa-traful,attraction,/baza-znaniy/villa-traful,Villa Traful,4,0,0,,/baza-znaniy,no_inbound_links,HUMAN_REVIEW,content/knowledge-base/dostoprimechatelnosti/villa-traful.md
kb:villavicencio,attraction,/baza-znaniy/villavicencio,Вильявисенсио,3,2,0,,/baza-znaniy,connected,KEEP,content/knowledge-base/dostoprimechatelnosti/villavicencio.md
kb:vinnyy-marshrut,route,/baza-znaniy/vinnyy-marshrut,Винный маршрут: Мендоса и высокогорный север,8,4,0,,/baza-znaniy,connected,KEEP,content/knowledge-base/marshruty/vinnyy-marshrut.md
kb:vino-argentiny,guide,/baza-znaniy/vino-argentiny,Вино Аргентины: сорта и регионы,0,9,0,,/baza-znaniy,no_related_content,HUMAN_REVIEW,content/knowledge-base/kultura/vino-argentiny.md
kb:vinos-de-san-juan,attraction,/baza-znaniy/vinos-de-san-juan,San Juan wines,4,0,0,,/baza-znaniy,no_inbound_links,HUMAN_REVIEW,content/knowledge-base/dostoprimechatelnosti/vinos-de-san-juan.md
kb:vinos-de-tolombon,attraction,/baza-znaniy/vinos-de-tolombon,Tolombón Wines,4,0,0,,/baza-znaniy,no_inbound_links,HUMAN_REVIEW,content/knowledge-base/dostoprimechatelnosti/vinos-de-tolombon.md
kb:vinos-del-valle-patagonico,attraction,/baza-znaniy/vinos-del-valle-patagonico,Вина патагонских долин,4,0,0,,/baza-znaniy,no_inbound_links,HUMAN_REVIEW,content/knowledge-base/dostoprimechatelnosti/vinos-del-valle-patagonico.md
kb:viza-cifrovogo-kochevnika,guide,/baza-znaniy/viza-cifrovogo-kochevnika,Виза цифрового кочевника Аргентины,3,8,0,,/baza-znaniy,connected,KEEP,content/knowledge-base/pereezd/viza-cifrovogo-kochevnika.md
kb:viza-cifrovogo-kochevnika-chto-daet,faq,/baza-znaniy/viza-cifrovogo-kochevnika-chto-daet,Что даёт виза цифрового кочевника в Аргентине и ведёт ли она к ПМЖ?,2,1,0,,/baza-znaniy,connected,KEEP,content/knowledge-base/faq/viza-cifrovogo-kochevnika-chto-daet.md
kb:viza-i-granica-dlya-rossiyan,guide,/baza-znaniy/viza-i-granica-dlya-rossiyan,Виза и граница для россиян: пустят ли и что спрашивают,1,6,0,,/baza-znaniy,connected,KEEP,content/knowledge-base/puteshestvie/viza-i-granica-dlya-rossiyan.md
kb:viza-kochevnika-ne-vnzh,author_tip,/baza-znaniy/viza-kochevnika-ne-vnzh,"Виза цифрового кочевника — не первый шаг к переезду навсегда, хотя так часто думают",2,1,0,,/baza-znaniy,connected,KEEP,content/knowledge-base/lichnyy-opyt/viza-kochevnika-ne-vnzh.md
kb:viza-rf-v-argentinu,faq,/baza-znaniy/viza-rf-v-argentinu,Нужна ли виза в Аргентину гражданам России?,3,0,0,,/baza-znaniy,no_inbound_links,HUMAN_REVIEW,content/knowledge-base/faq/viza-rf-v-argentinu.md
kb:viza-v-braziliyu-dlya-iguasu,faq,/baza-znaniy/viza-v-braziliyu-dlya-iguasu,"Нужна ли виза в Бразилию, чтобы посмотреть водопады Игуасу с бразильской стороны?",2,1,0,,/baza-znaniy,connected,KEEP,content/knowledge-base/faq/viza-v-braziliyu-dlya-iguasu.md
kb:vnutrennie-aviabilety,transport,/baza-znaniy/vnutrennie-aviabilety,Внутренние авиабилеты по Аргентине,11,17,0,,/baza-znaniy,connected,KEEP,content/knowledge-base/transport/vnutrennie-aviabilety.md
kb:vnzh-argentina,guide,/baza-znaniy/vnzh-argentina,ВНЖ Аргентины: все легальные пути резиденции,23,31,0,,/baza-znaniy,connected,KEEP,content/knowledge-base/pereezd/vnzh-argentina.md
kb:vnzh-po-uchebe,guide,/baza-znaniy/vnzh-po-uchebe,ВНЖ Аргентины по учёбе (студенческая резиденция),1,3,0,,/baza-znaniy,connected,KEEP,content/knowledge-base/pereezd/vnzh-po-uchebe.md
kb:vnzh-rantye,guide,/baza-znaniy/vnzh-rantye,Резиденция рантье и пенсионера в Аргентине: пошаговый гайд,7,4,0,,/baza-znaniy,connected,KEEP,content/knowledge-base/pereezd/vnzh-rantye.md
kb:vo-skolko-uzhinayut-v-argentine,faq,/baza-znaniy/vo-skolko-uzhinayut-v-argentine,Во сколько в Аргентине обедают и ужинают?,3,0,0,,/baza-znaniy,no_inbound_links,HUMAN_REVIEW,content/knowledge-base/faq/vo-skolko-uzhinayut-v-argentine.md
kb:voditelskie-prava,guide,/baza-znaniy/voditelskie-prava,Вождение и водительские права в Аргентине: туристу и релоканту,6,8,0,,/baza-znaniy,connected,KEEP,content/knowledge-base/pereezd/voditelskie-prava.md
kb:voinskij-uchet-i-voennyj-bilet,guide,/baza-znaniy/voinskij-uchet-i-voennyj-bilet,Воинский учёт и военный билет при переезде в Аргентину,0,3,0,,/baza-znaniy,no_related_content,HUMAN_REVIEW,content/knowledge-base/pereezd/voinskij-uchet-i-voennyj-bilet.md
kb:volcan-lanin,attraction,/baza-znaniy/volcan-lanin,Lanín volcano,4,1,0,,/baza-znaniy,connected,KEEP,content/knowledge-base/dostoprimechatelnosti/volcan-lanin.md
kb:volcan-malacara,attraction,/baza-znaniy/volcan-malacara,Вулкан Малакара,4,1,0,,/baza-znaniy,connected,KEEP,content/knowledge-base/dostoprimechatelnosti/volcan-malacara.md
kb:vossoedinenie-semi,guide,/baza-znaniy/vossoedinenie-semi,"Резиденция по семейному признаку (vínculo familiar): супруги, дети, родители",6,3,0,,/baza-znaniy,connected,KEEP,content/knowledge-base/pereezd/vossoedinenie-semi.md
kb:vysokogorye-na-avto,guide,/baza-znaniy/vysokogorye-na-avto,Путешествие на автомобиле в высокогорье: Пуна и перевалы,5,1,0,,/baza-znaniy,connected,KEEP,content/knowledge-base/transport/vysokogorye-na-avto.md
kb:yapeyu,attraction,/baza-znaniy/yapeyu,Yapeyú,4,0,0,,/baza-znaniy,no_inbound_links,HUMAN_REVIEW,content/knowledge-base/dostoprimechatelnosti/yapeyu.md
kb:yungas-tucumanas,attraction,/baza-znaniy/yungas-tucumanas,Tucuman Yungas,4,0,0,,/baza-znaniy,no_inbound_links,HUMAN_REVIEW,content/knowledge-base/dostoprimechatelnosti/yungas-tucumanas.md
kb:zashchita-nakoplenij-ot-inflyacii,guide,/baza-znaniy/zashchita-nakoplenij-ot-inflyacii,Как защитить накопления от инфляции в Аргентине,1,3,0,,/baza-znaniy,connected,KEEP,content/knowledge-base/dengi/zashchita-nakoplenij-ot-inflyacii.md
kb:zemletryaseniya-i-vulkany,guide,/baza-znaniy/zemletryaseniya-i-vulkany,"Землетрясения, вулканы и природные стихии Аргентины",0,4,0,,/baza-znaniy,no_related_content,HUMAN_REVIEW,content/knowledge-base/bezopasnost/zemletryaseniya-i-vulkany.md
kb:zhile-dlya-turistov,guide,/baza-znaniy/zhile-dlya-turistov,Где остановиться туристу в Аргентине,0,4,0,,/baza-znaniy,no_related_content,HUMAN_REVIEW,content/knowledge-base/zhile/zhile-dlya-turistov.md
kb:zhile-i-arenda,guide,/baza-znaniy/zhile-i-arenda,Жильё и аренда в Аргентине,8,5,0,,/baza-znaniy,connected,KEEP,content/knowledge-base/pereezd/zhile-i-arenda.md
kb:zhizn-bez-ispanskogo,guide,/baza-znaniy/zhizn-bez-ispanskogo,Жизнь без испанского: как справляться в Аргентине первое время,1,2,0,,/baza-znaniy,connected,KEEP,content/knowledge-base/kultura/zhizn-bez-ispanskogo.md
kb:zhizn-na-pensii,guide,/baza-znaniy/zhizn-na-pensii,Жизнь на пенсии в Аргентине: переезд для пенсионера,0,3,0,,/baza-znaniy,no_related_content,HUMAN_REVIEW,content/knowledge-base/pereezd/zhizn-na-pensii.md
blog:argentina-10-dnej-3-nedeli,blog,/blog/argentina-10-dnej-3-nedeli,Маршруты по Аргентине на 10 дней и 3 недели (2026),0,0,0,,/blog,no_related_content,HUMAN_REVIEW,src/data/blog.ts
blog:argentina-2-nedeli-marshrut,blog,/blog/argentina-2-nedeli-marshrut,Маршрут по Аргентине на 2 недели: классика за один трип (2026),0,0,0,,/blog,no_related_content,HUMAN_REVIEW,src/data/blog.ts
blog:argentina-tourist-visa-2026,blog,/blog/argentina-tourist-visa-2026,"Въезд туриста в Аргентину: виза, сроки и документы",4,3,0,,/blog,connected,KEEP,src/data/blog.ts
blog:argentinian-steak-guide,blog,/blog/argentinian-steak-guide,Аргентинский стейк: asado и parrilla,4,2,0,,/blog,connected,KEEP,src/data/blog.ts
blog:ba-district-бюджет,blog,/blog/ba-district-бюджет,Районы Буэнос-Айреса: сколько стоит поездка и как сэкономить,3,0,0,,/blog,no_inbound_links,HUMAN_REVIEW,src/data/blog-content-plan.ts
blog:ba-district-закат,blog,/blog/ba-district-закат,Районы Буэнос-Айреса: Закатные точки — практический гид,3,0,0,,/blog,no_inbound_links,HUMAN_REVIEW,src/data/blog-content-plan.ts
blog:ba-district-отели,blog,/blog/ba-district-отели,Районы Буэнос-Айреса: Отели и бронирование — практический гид,3,0,0,,/blog,no_inbound_links,HUMAN_REVIEW,src/data/blog-content-plan.ts
blog:ba-district-ошибки,blog,/blog/ba-district-ошибки,Районы Буэнос-Айреса: 10 типичных ошибок туристов,3,0,0,,/blog,no_inbound_links,HUMAN_REVIEW,src/data/blog-content-plan.ts
blog:ba-district-рассвет,blog,/blog/ba-district-рассвет,Районы Буэнос-Айреса: Рассветные локации — практический гид,3,0,0,,/blog,no_inbound_links,HUMAN_REVIEW,src/data/blog-content-plan.ts
blog:ba-district-советы-новичкам,blog,/blog/ba-district-советы-новичкам,Районы Буэнос-Айреса: полный гид для новичков — с чего начать,3,0,0,,/blog,no_inbound_links,HUMAN_REVIEW,src/data/blog-content-plan.ts
blog:ba-district-хостелы,blog,/blog/ba-district-хостелы,Районы Буэнос-Айреса: Хостелы — практический гид,3,0,0,,/blog,no_inbound_links,HUMAN_REVIEW,src/data/blog-content-plan.ts
blog:ba-district-airbnb,blog,/blog/ba-district-airbnb,Районы Буэнос-Айреса: Аренда жилья (Airbnb) — практический гид,3,0,0,,/blog,no_inbound_links,HUMAN_REVIEW,src/data/blog-content-plan.ts
blog:ba-district-microcentro,blog,/blog/ba-district-microcentro,"Район Microcentro в Buenos Aires: где жить, гулять и есть",3,0,0,,/blog,no_inbound_links,HUMAN_REVIEW,src/data/blog-content-plan.ts
blog:ba-district-palermo,blog,/blog/ba-district-palermo,"Район Palermo в Buenos Aires: где жить, гулять и есть",3,0,0,,/blog,no_inbound_links,HUMAN_REVIEW,src/data/blog-content-plan.ts
blog:ba-district-puerto-madero,blog,/blog/ba-district-puerto-madero,"Район Puerto Madero в Buenos Aires: где жить, гулять и есть",3,0,0,,/blog,no_inbound_links,HUMAN_REVIEW,src/data/blog-content-plan.ts
blog:ba-district-recoleta,blog,/blog/ba-district-recoleta,"Район Recoleta в Buenos Aires: где жить, гулять и есть",3,0,0,,/blog,no_inbound_links,HUMAN_REVIEW,src/data/blog-content-plan.ts
blog:ba-district-san-telmo,blog,/blog/ba-district-san-telmo,"Район San Telmo в Buenos Aires: где жить, гулять и есть",3,0,0,,/blog,no_inbound_links,HUMAN_REVIEW,src/data/blog-content-plan.ts
blog:banado-la-estrella,blog,/blog/banado-la-estrella,Баньядо-ла-Эстрелья: призрачные болота Формосы (гид 2026),3,0,0,,/blog,no_inbound_links,HUMAN_REVIEW,src/data/blog.ts
blog:bankovskij-schet-argentina,blog,/blog/bankovskij-schet-argentina,Банковский счёт и финансы релоканта в Аргентине (гид 2026),0,0,0,,/blog,no_related_content,HUMAN_REVIEW,src/data/blog.ts
blog:best-time-to-visit-argentina,blog,/blog/best-time-to-visit-argentina,Когда лучше ехать в Аргентину: полный гид по сезонам и регионам,9,11,0,,/blog,connected,KEEP,src/data/blog.ts
blog:blue-dollar-argentina-2026,blog,/blog/blue-dollar-argentina-2026,Синий доллар и оплата в Аргентине: что нужно знать туристу,5,11,0,,/blog,connected,KEEP,src/data/blog.ts
blog:buenos-aires-автобусы,blog,/blog/buenos-aires-автобусы,Буэнос-Айрес: Междугородние автобусы — практический гид,4,0,0,,/blog,no_inbound_links,HUMAN_REVIEW,src/data/blog-content-plan.ts
blog:buenos-aires-бюджет,blog,/blog/buenos-aires-бюджет,Буэнос-Айрес: сколько стоит поездка и как сэкономить,6,0,0,,/blog,no_inbound_links,HUMAN_REVIEW,src/data/blog.ts
blog:buenos-aires-весной,blog,/blog/buenos-aires-весной,"Буэнос-Айрес весной: погода, одежда и что успеть",4,0,0,,/blog,no_inbound_links,HUMAN_REVIEW,src/data/blog-content-plan.ts
blog:buenos-aires-за-3-дня,blog,/blog/buenos-aires-за-3-дня,Буэнос-Айрес за 3 дня: готовый маршрут по дням,7,2,0,,/blog,connected,KEEP,src/data/blog.ts
blog:buenos-aires-за-5-дней,blog,/blog/buenos-aires-за-5-дней,Буэнос-Айрес за 5 дней: готовый маршрут по дням,4,0,0,,/blog,no_inbound_links,HUMAN_REVIEW,src/data/blog-content-plan.ts
blog:buenos-aires-за-7-дней,blog,/blog/buenos-aires-за-7-дней,Буэнос-Айрес за 7 дней: готовый маршрут по дням,4,0,0,,/blog,no_inbound_links,HUMAN_REVIEW,src/data/blog-content-plan.ts
blog:buenos-aires-закат,blog,/blog/buenos-aires-закат,Буэнос-Айрес: Закатные точки — практический гид,4,0,0,,/blog,no_inbound_links,HUMAN_REVIEW,src/data/blog-content-plan.ts
blog:buenos-aires-зимой,blog,/blog/buenos-aires-зимой,"Буэнос-Айрес зимой: погода, одежда и что успеть",4,0,0,,/blog,no_inbound_links,HUMAN_REVIEW,src/data/blog-content-plan.ts
blog:buenos-aires-летом,blog,/blog/buenos-aires-летом,"Буэнос-Айрес летом: погода, одежда и что успеть",4,0,0,,/blog,no_inbound_links,HUMAN_REVIEW,src/data/blog-content-plan.ts
blog:buenos-aires-осенью,blog,/blog/buenos-aires-осенью,"Буэнос-Айрес осенью: погода, одежда и что успеть",4,0,0,,/blog,no_inbound_links,HUMAN_REVIEW,src/data/blog-content-plan.ts
blog:buenos-aires-отели,blog,/blog/buenos-aires-отели,Буэнос-Айрес: Отели и бронирование — практический гид,4,0,0,,/blog,no_inbound_links,HUMAN_REVIEW,src/data/blog-content-plan.ts
blog:buenos-aires-ошибки,blog,/blog/buenos-aires-ошибки,Буэнос-Айрес: 10 типичных ошибок туристов,4,0,0,,/blog,no_inbound_links,HUMAN_REVIEW,src/data/blog-content-plan.ts
blog:buenos-aires-рассвет,blog,/blog/buenos-aires-рассвет,Буэнос-Айрес: Рассветные локации — практический гид,4,0,0,,/blog,no_inbound_links,HUMAN_REVIEW,src/data/blog-content-plan.ts
blog:buenos-aires-с-гидом,blog,/blog/buenos-aires-с-гидом,"Буэнос-Айрес: когда нужен гид, а когда можно самому",6,0,0,,/blog,no_inbound_links,HUMAN_REVIEW,src/data/blog.ts
blog:buenos-aires-с-ребёнком,blog,/blog/buenos-aires-с-ребёнком,"Буэнос-Айрес с ребёнком: маршрут, жильё и безопасность",4,0,0,,/blog,no_inbound_links,HUMAN_REVIEW,src/data/blog-content-plan.ts
blog:buenos-aires-с-чем-совмещать,blog,/blog/buenos-aires-с-чем-совмещать,Буэнос-Айрес: С чем совмещать маршрут — практический гид,4,0,0,,/blog,no_inbound_links,HUMAN_REVIEW,src/data/blog-content-plan.ts
blog:buenos-aires-самостоятельно,blog,/blog/buenos-aires-самостоятельно,Буэнос-Айрес самостоятельно: пошаговый план,4,0,0,,/blog,no_inbound_links,HUMAN_REVIEW,src/data/blog-content-plan.ts
blog:buenos-aires-советы-новичкам,blog,/blog/buenos-aires-советы-новичкам,Буэнос-Айрес: полный гид для новичков — с чего начать,6,0,0,,/blog,no_inbound_links,HUMAN_REVIEW,src/data/blog.ts
blog:buenos-aires-фото,blog,/blog/buenos-aires-фото,Буэнос-Айрес: Фотосъёмка — практический гид,4,0,0,,/blog,no_inbound_links,HUMAN_REVIEW,src/data/blog-content-plan.ts
blog:buenos-aires-хостелы,blog,/blog/buenos-aires-хостелы,Буэнос-Айрес: Хостелы — практический гид,4,0,0,,/blog,no_inbound_links,HUMAN_REVIEW,src/data/blog-content-plan.ts
blog:buenos-aires-чек-лист,blog,/blog/buenos-aires-чек-лист,Буэнос-Айрес: чек-лист перед поездкой,4,0,0,,/blog,no_inbound_links,HUMAN_REVIEW,src/data/blog-content-plan.ts
blog:buenos-aires-airbnb,blog,/blog/buenos-aires-airbnb,Буэнос-Айрес: Аренда жилья (Airbnb) — практический гид,4,0,0,,/blog,no_inbound_links,HUMAN_REVIEW,src/data/blog-content-plan.ts
blog:buenos-aires-asado,blog,/blog/buenos-aires-asado,"Asado в Аргентине: как заказать, куда идти и сколько ждать",4,0,0,,/blog,no_inbound_links,HUMAN_REVIEW,src/data/blog-content-plan.ts
blog:buenos-aires-empanadas,blog,/blog/buenos-aires-empanadas,Буэнос-Айрес: Empanadas — практический гид,4,0,0,,/blog,no_inbound_links,HUMAN_REVIEW,src/data/blog-content-plan.ts
blog:buenos-aires-mate,blog,/blog/buenos-aires-mate,Буэнос-Айрес: Mate — практический гид,4,0,0,,/blog,no_inbound_links,HUMAN_REVIEW,src/data/blog-content-plan.ts
blog:buenos-aires-rajony,blog,/blog/buenos-aires-rajony,Буэнос-Айрес: гид по районам — где жить и останавливаться (2026),1,23,0,,/blog,connected,KEEP,src/data/blog.ts
blog:byudzhet-poezdki-argentina,blog,/blog/byudzhet-poezdki-argentina,Бюджет поездки по Аргентине 2026: сколько брать денег,0,0,0,,/blog,no_related_content,HUMAN_REVIEW,src/data/blog.ts
blog:dni-cuil-argentina,blog,/blog/dni-cuil-argentina,DNI и CUIL в Аргентине 2026: пошаговая инструкция для иностранца,0,0,0,,/blog,no_related_content,HUMAN_REVIEW,src/data/blog.ts
blog:el-chalten-i-fitts-roy,blog,/blog/el-chalten-i-fitts-roy,Эль-Чалтен и Фицрой: треккинг для первого раза,5,7,0,,/blog,connected,KEEP,src/data/blog.ts
blog:food-бюджет,blog,/blog/food-бюджет,Кухня Аргентины: сколько стоит поездка и как сэкономить,2,0,0,,/blog,no_inbound_links,HUMAN_REVIEW,src/data/blog-content-plan.ts
blog:food-весной,blog,/blog/food-весной,"Кухня Аргентины весной: погода, одежда и что успеть",2,0,0,,/blog,no_inbound_links,HUMAN_REVIEW,src/data/blog-content-plan.ts
blog:food-зимой,blog,/blog/food-зимой,"Кухня Аргентины зимой: погода, одежда и что успеть",2,0,0,,/blog,no_inbound_links,HUMAN_REVIEW,src/data/blog-content-plan.ts
blog:food-летом,blog,/blog/food-летом,"Кухня Аргентины летом: погода, одежда и что успеть",2,0,0,,/blog,no_inbound_links,HUMAN_REVIEW,src/data/blog-content-plan.ts
blog:food-осенью,blog,/blog/food-осенью,"Кухня Аргентины осенью: погода, одежда и что успеть",2,0,0,,/blog,no_inbound_links,HUMAN_REVIEW,src/data/blog-content-plan.ts
blog:food-ошибки,blog,/blog/food-ошибки,Кухня Аргентины: 10 типичных ошибок туристов,2,0,0,,/blog,no_inbound_links,HUMAN_REVIEW,src/data/blog-content-plan.ts
blog:food-с-гидом,blog,/blog/food-с-гидом,"Кухня Аргентины: когда нужен гид, а когда можно самому",2,0,0,,/blog,no_inbound_links,HUMAN_REVIEW,src/data/blog-content-plan.ts
blog:food-с-ребёнком,blog,/blog/food-с-ребёнком,"Кухня Аргентины с ребёнком: маршрут, жильё и безопасность",2,0,0,,/blog,no_inbound_links,HUMAN_REVIEW,src/data/blog-content-plan.ts
blog:food-самостоятельно,blog,/blog/food-самостоятельно,Кухня Аргентины самостоятельно: пошаговый план,2,0,0,,/blog,no_inbound_links,HUMAN_REVIEW,src/data/blog-content-plan.ts
blog:food-советы-новичкам,blog,/blog/food-советы-новичкам,Кухня Аргентины: полный гид для новичков — с чего начать,2,0,0,,/blog,no_inbound_links,HUMAN_REVIEW,src/data/blog-content-plan.ts
blog:food-фото,blog,/blog/food-фото,Кухня Аргентины: Фотосъёмка — практический гид,2,0,0,,/blog,no_inbound_links,HUMAN_REVIEW,src/data/blog-content-plan.ts
blog:food-чек-лист,blog,/blog/food-чек-лист,Кухня Аргентины: чек-лист перед поездкой,2,0,0,,/blog,no_inbound_links,HUMAN_REVIEW,src/data/blog-content-plan.ts
blog:food-asado,blog,/blog/food-asado,"Asado в Аргентине: как заказать, куда идти и сколько ждать",3,0,0,,/blog,no_inbound_links,HUMAN_REVIEW,src/data/blog-content-plan.ts
blog:food-bodega-tour,blog,/blog/food-bodega-tour,Кухня Аргентины: Тур по винодельне — практический гид,2,0,0,,/blog,no_inbound_links,HUMAN_REVIEW,src/data/blog-content-plan.ts
blog:food-empanadas,blog,/blog/food-empanadas,Кухня Аргентины: Empanadas — практический гид,2,0,0,,/blog,no_inbound_links,HUMAN_REVIEW,src/data/blog-content-plan.ts
blog:food-malbec,blog,/blog/food-malbec,"Malbec в Мендосе: сорта, bodega и дегустации",2,1,0,,/blog,connected,KEEP,src/data/blog-content-plan.ts
blog:food-mate,blog,/blog/food-mate,Кухня Аргентины: Mate — практический гид,2,0,0,,/blog,no_inbound_links,HUMAN_REVIEW,src/data/blog-content-plan.ts
blog:grazhdanstvo-argentiny,blog,/blog/grazhdanstvo-argentiny,Гражданство Аргентины за 2 года: натурализация и новые правила (гид 2026),0,0,0,,/blog,no_related_content,HUMAN_REVIEW,src/data/blog.ts
blog:iguazu-авиабилеты,blog,/blog/iguazu-авиабилеты,Водопады Игуасу: как долететь и купить внутренние рейсы,3,0,0,,/blog,no_inbound_links,HUMAN_REVIEW,src/data/blog-content-plan.ts
blog:iguazu-бюджет,blog,/blog/iguazu-бюджет,Водопады Игуасу: сколько стоит поездка и как сэкономить,3,0,0,,/blog,no_inbound_links,HUMAN_REVIEW,src/data/blog-content-plan.ts
blog:iguazu-весной,blog,/blog/iguazu-весной,"Водопады Игуасу весной: погода, одежда и что успеть",3,0,0,,/blog,no_inbound_links,HUMAN_REVIEW,src/data/blog-content-plan.ts
blog:iguazu-жара,blog,/blog/iguazu-жара,Водопады Игуасу: Жара и перегрев — практический гид,3,0,0,,/blog,no_inbound_links,HUMAN_REVIEW,src/data/blog-content-plan.ts
blog:iguazu-за-3-дня,blog,/blog/iguazu-за-3-дня,Водопады Игуасу за 3 дня: готовый маршрут по дням,6,2,0,,/blog,connected,KEEP,src/data/blog.ts
blog:iguazu-за-5-дней,blog,/blog/iguazu-за-5-дней,Водопады Игуасу за 5 дней: готовый маршрут по дням,3,0,0,,/blog,no_inbound_links,HUMAN_REVIEW,src/data/blog-content-plan.ts
blog:iguazu-зимой,blog,/blog/iguazu-зимой,"Водопады Игуасу зимой: погода, одежда и что успеть",3,0,0,,/blog,no_inbound_links,HUMAN_REVIEW,src/data/blog-content-plan.ts
blog:iguazu-летом,blog,/blog/iguazu-летом,"Водопады Игуасу летом: погода, одежда и что успеть",3,0,0,,/blog,no_inbound_links,HUMAN_REVIEW,src/data/blog-content-plan.ts
blog:iguazu-осенью,blog,/blog/iguazu-осенью,"Водопады Игуасу осенью: погода, одежда и что успеть",3,0,0,,/blog,no_inbound_links,HUMAN_REVIEW,src/data/blog-content-plan.ts
blog:iguazu-отели,blog,/blog/iguazu-отели,Водопады Игуасу: Отели и бронирование — практический гид,3,0,0,,/blog,no_inbound_links,HUMAN_REVIEW,src/data/blog-content-plan.ts
blog:iguazu-ошибки,blog,/blog/iguazu-ошибки,Водопады Игуасу: 10 типичных ошибок туристов,3,0,0,,/blog,no_inbound_links,HUMAN_REVIEW,src/data/blog-content-plan.ts
blog:iguazu-с-гидом,blog,/blog/iguazu-с-гидом,"Водопады Игуасу: когда нужен гид, а когда можно самому",3,0,0,,/blog,no_inbound_links,HUMAN_REVIEW,src/data/blog-content-plan.ts
blog:iguazu-с-ребёнком,blog,/blog/iguazu-с-ребёнком,"Водопады Игуасу с ребёнком: маршрут, жильё и безопасность",3,0,0,,/blog,no_inbound_links,HUMAN_REVIEW,src/data/blog-content-plan.ts
blog:iguazu-с-чем-совмещать,blog,/blog/iguazu-с-чем-совмещать,Водопады Игуасу: С чем совмещать маршрут — практический гид,3,0,0,,/blog,no_inbound_links,HUMAN_REVIEW,src/data/blog-content-plan.ts
blog:iguazu-самостоятельно,blog,/blog/iguazu-самостоятельно,Водопады Игуасу самостоятельно: пошаговый план,3,0,0,,/blog,no_inbound_links,HUMAN_REVIEW,src/data/blog-content-plan.ts
blog:iguazu-сезон-дождей,blog,/blog/iguazu-сезон-дождей,Водопады Игуасу: Сезон дождей — практический гид,3,0,0,,/blog,no_inbound_links,HUMAN_REVIEW,src/data/blog-content-plan.ts
blog:iguazu-советы-новичкам,blog,/blog/iguazu-советы-новичкам,Водопады Игуасу: полный гид для новичков — с чего начать,4,2,0,,/blog,connected,KEEP,src/data/blog.ts
blog:iguazu-фото,blog,/blog/iguazu-фото,Водопады Игуасу: Фотосъёмка — практический гид,3,0,0,,/blog,no_inbound_links,HUMAN_REVIEW,src/data/blog-content-plan.ts
blog:iguazu-чек-лист,blog,/blog/iguazu-чек-лист,Водопады Игуасу: чек-лист перед поездкой,3,0,0,,/blog,no_inbound_links,HUMAN_REVIEW,src/data/blog-content-plan.ts
blog:iguazu-garganta-del-diablo,blog,/blog/iguazu-garganta-del-diablo,Garganta del Diablo (Глотка Дьявола): как посмотреть главный каскад Игуасу,5,1,0,,/blog,connected,KEEP,src/data/blog.ts
blog:internet-бюджет,blog,/blog/internet-бюджет,Связь в Аргентине: сколько стоит поездка и как сэкономить,1,0,0,,/blog,no_inbound_links,HUMAN_REVIEW,src/data/blog-content-plan.ts
blog:internet-с-ребёнком,blog,/blog/internet-с-ребёнком,"Связь в Аргентине с ребёнком: маршрут, жильё и безопасность",1,0,0,,/blog,no_inbound_links,HUMAN_REVIEW,src/data/blog-content-plan.ts
blog:internet-советы-новичкам,blog,/blog/internet-советы-новичкам,Связь в Аргентине: полный гид для новичков — с чего начать,1,0,0,,/blog,no_inbound_links,HUMAN_REVIEW,src/data/blog-content-plan.ts
blog:internet-чек-лист,blog,/blog/internet-чек-лист,Связь в Аргентине: чек-лист перед поездкой,1,0,0,,/blog,no_inbound_links,HUMAN_REVIEW,src/data/blog-content-plan.ts
blog:internet-sim-карта,blog,/blog/internet-sim-карта,"SIM-карта в Аргентине: операторы, цены и eSIM",1,0,0,,/blog,no_inbound_links,HUMAN_REVIEW,src/data/blog-content-plan.ts
blog:ischigualasto-valle-de-la-luna,blog,/blog/ischigualasto-valle-de-la-luna,Исчигуаласто (Долина Луны): полный гид по парку (2026),3,0,0,,/blog,no_inbound_links,HUMAN_REVIEW,src/data/blog.ts
blog:itinerary-авиабилеты,blog,/blog/itinerary-авиабилеты,Аргентина: как долететь и купить внутренние рейсы,6,0,0,,/blog,no_inbound_links,HUMAN_REVIEW,src/data/blog-content-plan.ts
blog:itinerary-автобусы,blog,/blog/itinerary-автобусы,Аргентина: Междугородние автобусы — практический гид,6,0,0,,/blog,no_inbound_links,HUMAN_REVIEW,src/data/blog-content-plan.ts
blog:itinerary-бюджет,blog,/blog/itinerary-бюджет,Аргентина: сколько стоит поездка и как сэкономить,6,0,0,,/blog,no_inbound_links,HUMAN_REVIEW,src/data/blog-content-plan.ts
blog:itinerary-за-10-дней,blog,/blog/itinerary-за-10-дней,Аргентина за 10 дней: готовый маршрут по дням,9,6,0,,/blog,connected,KEEP,src/data/blog.ts
blog:itinerary-за-14-дней,blog,/blog/itinerary-за-14-дней,Аргентина за 14 дней: готовый маршрут по дням,12,6,0,,/blog,connected,KEEP,src/data/blog.ts
blog:itinerary-за-3-дня,blog,/blog/itinerary-за-3-дня,Аргентина за 3 дня: готовый маршрут по дням,6,0,0,,/blog,no_inbound_links,HUMAN_REVIEW,src/data/blog-content-plan.ts
blog:itinerary-за-5-дней,blog,/blog/itinerary-за-5-дней,Аргентина за 5 дней: готовый маршрут по дням,6,0,0,,/blog,no_inbound_links,HUMAN_REVIEW,src/data/blog-content-plan.ts
blog:itinerary-за-7-дней,blog,/blog/itinerary-за-7-дней,Аргентина за 7 дней: готовый маршрут по дням,6,0,0,,/blog,no_inbound_links,HUMAN_REVIEW,src/data/blog-content-plan.ts
blog:itinerary-ошибки,blog,/blog/itinerary-ошибки,Аргентина: 10 типичных ошибок туристов,9,4,0,,/blog,connected,KEEP,src/data/blog.ts
blog:itinerary-с-ребёнком,blog,/blog/itinerary-с-ребёнком,"Аргентина с ребёнком: маршрут, жильё и безопасность",6,0,0,,/blog,no_inbound_links,HUMAN_REVIEW,src/data/blog-content-plan.ts
blog:itinerary-с-чем-совмещать,blog,/blog/itinerary-с-чем-совмещать,Аргентина: С чем совмещать маршрут — практический гид,6,0,0,,/blog,no_inbound_links,HUMAN_REVIEW,src/data/blog-content-plan.ts
blog:itinerary-советы-новичкам,blog,/blog/itinerary-советы-новичкам,Аргентина: полный гид для новичков — с чего начать,6,0,0,,/blog,no_inbound_links,HUMAN_REVIEW,src/data/blog-content-plan.ts
blog:itinerary-стоповер,blog,/blog/itinerary-стоповер,Аргентина: Стоповер в Буэнос-Айресе — практический гид,6,0,0,,/blog,no_inbound_links,HUMAN_REVIEW,src/data/blog-content-plan.ts
blog:itinerary-чек-лист,blog,/blog/itinerary-чек-лист,Аргентина: чек-лист перед поездкой,10,8,0,,/blog,connected,KEEP,src/data/blog.ts
blog:itinerary-open-jaw,blog,/blog/itinerary-open-jaw,Аргентина: Open-jaw маршрут — практический гид,6,0,0,,/blog,no_inbound_links,HUMAN_REVIEW,src/data/blog-content-plan.ts
blog:kak-dobratsya-v-argentinu,blog,/blog/kak-dobratsya-v-argentinu,"Как добраться из России и СНГ в Аргентину 2026: маршруты, виза, цены",0,0,0,,/blog,no_related_content,HUMAN_REVIEW,src/data/blog.ts
blog:kak-menyat-dengi-argentina,blog,/blog/kak-menyat-dengi-argentina,"Как менять деньги в Аргентине 2026: курс, blue, MEP, карты и крипта",0,0,0,,/blog,no_related_content,HUMAN_REVIEW,src/data/blog.ts
blog:mendoza-vinnyj-gid,blog,/blog/mendoza-vinnyj-gid,"Мендоса: винный гид по Аргентине 2026 — Мальбек, бодеги и Анды",1,1,0,,/blog,connected,KEEP,src/data/blog.ts
blog:money-90-дней,blog,/blog/money-90-дней,Финансы при поездке до 90 дней: как планировать расходы,3,0,0,,/blog,no_inbound_links,HUMAN_REVIEW,src/data/blog.ts
blog:money-бюджет,blog,/blog/money-бюджет,Деньги в Аргентине: сколько стоит поездка и как сэкономить,3,0,0,,/blog,no_inbound_links,HUMAN_REVIEW,src/data/blog.ts
blog:money-карты,blog,/blog/money-карты,Деньги в Аргентине: оплата картой — практический гид,5,4,0,,/blog,connected,KEEP,src/data/blog.ts
blog:money-наличные,blog,/blog/money-наличные,"Наличные в Аргентине: доллары, евро и где менять безопасно",5,3,0,,/blog,connected,KEEP,src/data/blog.ts
blog:money-ошибки,blog,/blog/money-ошибки,Деньги в Аргентине: 10 типичных ошибок туристов,1,0,0,,/blog,no_inbound_links,HUMAN_REVIEW,src/data/blog-content-plan.ts
blog:money-советы-новичкам,blog,/blog/money-советы-новичкам,Деньги в Аргентине: полный гид для новичков — с чего начать,4,1,0,,/blog,connected,KEEP,src/data/blog.ts
blog:money-страховка,blog,/blog/money-страховка,Деньги в Аргентине: Медицинская страховка — практический гид,1,0,0,,/blog,no_inbound_links,HUMAN_REVIEW,src/data/blog-content-plan.ts
blog:money-чек-лист,blog,/blog/money-чек-лист,Деньги в Аргентине: чек-лист перед поездкой,1,0,0,,/blog,no_inbound_links,HUMAN_REVIEW,src/data/blog-content-plan.ts
blog:national-park-бюджет,blog,/blog/national-park-бюджет,Национальные парки: сколько стоит поездка и как сэкономить,4,0,0,,/blog,no_inbound_links,HUMAN_REVIEW,src/data/blog-content-plan.ts
blog:national-park-весной,blog,/blog/national-park-весной,"Национальные парки весной: погода, одежда и что успеть",4,0,0,,/blog,no_inbound_links,HUMAN_REVIEW,src/data/blog-content-plan.ts
blog:national-park-за-3-дня,blog,/blog/national-park-за-3-дня,Национальные парки за 3 дня: готовый маршрут по дням,4,0,0,,/blog,no_inbound_links,HUMAN_REVIEW,src/data/blog-content-plan.ts
blog:national-park-за-7-дней,blog,/blog/national-park-за-7-дней,Национальные парки за 7 дней: готовый маршрут по дням,4,0,0,,/blog,no_inbound_links,HUMAN_REVIEW,src/data/blog-content-plan.ts
blog:national-park-зимой,blog,/blog/national-park-зимой,"Национальные парки зимой: погода, одежда и что успеть",4,0,0,,/blog,no_inbound_links,HUMAN_REVIEW,src/data/blog-content-plan.ts
blog:national-park-летом,blog,/blog/national-park-летом,"Национальные парки летом: погода, одежда и что успеть",4,0,0,,/blog,no_inbound_links,HUMAN_REVIEW,src/data/blog-content-plan.ts
blog:national-park-осенью,blog,/blog/national-park-осенью,"Национальные парки осенью: погода, одежда и что успеть",4,0,0,,/blog,no_inbound_links,HUMAN_REVIEW,src/data/blog-content-plan.ts
blog:national-park-отели,blog,/blog/national-park-отели,Национальные парки: Отели и бронирование — практический гид,4,0,0,,/blog,no_inbound_links,HUMAN_REVIEW,src/data/blog-content-plan.ts
blog:national-park-ошибки,blog,/blog/national-park-ошибки,Национальные парки: 10 типичных ошибок туристов,4,0,0,,/blog,no_inbound_links,HUMAN_REVIEW,src/data/blog-content-plan.ts
blog:national-park-с-гидом,blog,/blog/national-park-с-гидом,"Национальные парки: когда нужен гид, а когда можно самому",4,0,0,,/blog,no_inbound_links,HUMAN_REVIEW,src/data/blog-content-plan.ts
blog:national-park-с-ребёнком,blog,/blog/national-park-с-ребёнком,"Национальные парки с ребёнком: маршрут, жильё и безопасность",4,0,0,,/blog,no_inbound_links,HUMAN_REVIEW,src/data/blog-content-plan.ts
blog:national-park-самостоятельно,blog,/blog/national-park-самостоятельно,Национальные парки самостоятельно: пошаговый план,4,0,0,,/blog,no_inbound_links,HUMAN_REVIEW,src/data/blog-content-plan.ts
blog:national-park-советы-новичкам,blog,/blog/national-park-советы-новичкам,Национальные парки: полный гид для новичков — с чего начать,4,0,0,,/blog,no_inbound_links,HUMAN_REVIEW,src/data/blog-content-plan.ts
blog:national-park-фото,blog,/blog/national-park-фото,Национальные парки: Фотосъёмка — практический гид,4,0,0,,/blog,no_inbound_links,HUMAN_REVIEW,src/data/blog-content-plan.ts
blog:national-park-чек-лист,blog,/blog/national-park-чек-лист,Национальные парки: чек-лист перед поездкой,4,0,0,,/blog,no_inbound_links,HUMAN_REVIEW,src/data/blog-content-plan.ts
blog:national-park-camping,blog,/blog/national-park-camping,Национальные парки: Кемпинг — практический гид,4,0,0,,/blog,no_inbound_links,HUMAN_REVIEW,src/data/blog-content-plan.ts
blog:national-park-circuito-chico,blog,/blog/national-park-circuito-chico,Национальные парки: Circuito Chico в Bariloche — практический гид,4,0,0,,/blog,no_inbound_links,HUMAN_REVIEW,src/data/blog-content-plan.ts
blog:natsionalnye-parki-argentiny,blog,/blog/natsionalnye-parki-argentiny,Все национальные парки Аргентины: полный список и гид (2026),5,5,0,,/blog,connected,KEEP,src/data/blog.ts
blog:natsionalnyy-park-ibera,blog,/blog/natsionalnyy-park-ibera,Национальный парк Ибера: болота Корриентеса и возвращение ягуаров (гид 2026),2,2,0,,/blog,connected,KEEP,src/data/blog.ts
blog:natsionalnyy-park-iguasu,blog,/blog/natsionalnyy-park-iguasu,Национальный парк Игуасу: полный гид по водопадам Аргентины (2026),5,10,0,,/blog,connected,KEEP,src/data/blog.ts
blog:natsionalnyy-park-lanin,blog,/blog/natsionalnyy-park-lanin,"Национальный парк Ланин: вулкан, араукарии и озёра Неукена (гид 2026)",3,1,0,,/blog,connected,KEEP,src/data/blog.ts
blog:natsionalnyy-park-los-alerses,blog,/blog/natsionalnyy-park-los-alerses,Национальный парк Лос-Алерсес: тысячелетние деревья и озёра Чубута (гид 2026),3,1,0,,/blog,connected,KEEP,src/data/blog.ts
blog:natsionalnyy-park-los-cardones,blog,/blog/natsionalnyy-park-los-cardones,Национальный парк Лос-Кардонес: гигантские кактусы и высокогорная пустыня Сальты (гид 2026),3,3,0,,/blog,connected,KEEP,src/data/blog.ts
blog:natsionalnyy-park-los-glasiares,blog,/blog/natsionalnyy-park-los-glasiares,Национальный парк Лос-Гласьярес: ледник Перито-Морено и Фицрой (гид 2026),7,9,0,,/blog,connected,KEEP,src/data/blog.ts
blog:natsionalnyy-park-nauel-uapi,blog,/blog/natsionalnyy-park-nauel-uapi,"Национальный парк Науэль-Уапи: Барилоче, озёра и горы (гид 2026)",6,7,0,,/blog,connected,KEEP,src/data/blog.ts
blog:natsionalnyy-park-patagonia,blog,/blog/natsionalnyy-park-patagonia,Национальный парк Патагония: дикие плато и степь Санта-Круса (гид 2026),3,0,0,,/blog,no_inbound_links,HUMAN_REVIEW,src/data/blog.ts
blog:natsionalnyy-park-poluostrov-valdes,blog,/blog/natsionalnyy-park-poluostrov-valdes,"Национальный парк Полуостров Вальдес: киты, пингвины и морская природа (гид 2026)",5,3,0,,/blog,connected,KEEP,src/data/blog.ts
blog:natsionalnyy-park-talampaya,blog,/blog/natsionalnyy-park-talampaya,Национальный парк Талампая: красный каньон и динозавры Ла-Риохи (гид 2026),3,2,0,,/blog,connected,KEEP,src/data/blog.ts
blog:natsionalnyy-park-tierra-del-fuego,blog,/blog/natsionalnyy-park-tierra-del-fuego,Национальный парк Огненная Земля: Ушуайя и край света (гид 2026),5,5,0,,/blog,connected,KEEP,src/data/blog.ts
blog:northwest-аренда-авто,blog,/blog/northwest-аренда-авто,Северо-запад Аргентины: Аренда автомобиля — практический гид,6,0,0,,/blog,no_inbound_links,HUMAN_REVIEW,src/data/blog-content-plan.ts
blog:northwest-бюджет,blog,/blog/northwest-бюджет,Северо-запад Аргентины: сколько стоит поездка и как сэкономить,6,0,0,,/blog,no_inbound_links,HUMAN_REVIEW,src/data/blog-content-plan.ts
blog:northwest-весной,blog,/blog/northwest-весной,"Северо-запад Аргентины весной: погода, одежда и что успеть",6,0,0,,/blog,no_inbound_links,HUMAN_REVIEW,src/data/blog-content-plan.ts
blog:northwest-жара,blog,/blog/northwest-жара,Северо-запад Аргентины: Жара и перегрев — практический гид,6,0,0,,/blog,no_inbound_links,HUMAN_REVIEW,src/data/blog-content-plan.ts
blog:northwest-за-10-дней,blog,/blog/northwest-за-10-дней,Северо-запад Аргентины за 10 дней: готовый маршрут по дням,6,0,0,,/blog,no_inbound_links,HUMAN_REVIEW,src/data/blog-content-plan.ts
blog:northwest-за-5-дней,blog,/blog/northwest-за-5-дней,Северо-запад Аргентины за 5 дней: готовый маршрут по дням,6,3,0,,/blog,connected,KEEP,src/data/blog.ts
blog:northwest-за-7-дней,blog,/blog/northwest-за-7-дней,Северо-запад Аргентины за 7 дней: готовый маршрут по дням,6,0,0,,/blog,no_inbound_links,HUMAN_REVIEW,src/data/blog-content-plan.ts
blog:northwest-зимой,blog,/blog/northwest-зимой,"Северо-запад Аргентины зимой: погода, одежда и что успеть",6,0,0,,/blog,no_inbound_links,HUMAN_REVIEW,src/data/blog-content-plan.ts
blog:northwest-летом,blog,/blog/northwest-летом,"Северо-запад Аргентины летом: погода, одежда и что успеть",6,0,0,,/blog,no_inbound_links,HUMAN_REVIEW,src/data/blog-content-plan.ts
blog:northwest-осенью,blog,/blog/northwest-осенью,"Северо-запад Аргентины осенью: погода, одежда и что успеть",6,0,0,,/blog,no_inbound_links,HUMAN_REVIEW,src/data/blog-content-plan.ts
blog:northwest-отели,blog,/blog/northwest-отели,Северо-запад Аргентины: Отели и бронирование — практический гид,6,0,0,,/blog,no_inbound_links,HUMAN_REVIEW,src/data/blog-content-plan.ts
blog:northwest-ошибки,blog,/blog/northwest-ошибки,Северо-запад Аргентины: 10 типичных ошибок туристов,6,0,0,,/blog,no_inbound_links,HUMAN_REVIEW,src/data/blog-content-plan.ts
blog:northwest-с-гидом,blog,/blog/northwest-с-гидом,"Северо-запад Аргентины: когда нужен гид, а когда можно самому",6,0,0,,/blog,no_inbound_links,HUMAN_REVIEW,src/data/blog-content-plan.ts
blog:northwest-с-ребёнком,blog,/blog/northwest-с-ребёнком,"Северо-запад Аргентины с ребёнком: маршрут, жильё и безопасность",6,0,0,,/blog,no_inbound_links,HUMAN_REVIEW,src/data/blog-content-plan.ts
blog:northwest-с-чем-совмещать,blog,/blog/northwest-с-чем-совмещать,Северо-запад Аргентины: С чем совмещать маршрут — практический гид,6,0,0,,/blog,no_inbound_links,HUMAN_REVIEW,src/data/blog-content-plan.ts
blog:northwest-самостоятельно,blog,/blog/northwest-самостоятельно,Северо-запад Аргентины самостоятельно: пошаговый план,6,0,0,,/blog,no_inbound_links,HUMAN_REVIEW,src/data/blog.ts
blog:northwest-сезон-дождей,blog,/blog/northwest-сезон-дождей,Северо-запад Аргентины: Сезон дождей — практический гид,6,0,0,,/blog,no_inbound_links,HUMAN_REVIEW,src/data/blog.ts
blog:northwest-советы-новичкам,blog,/blog/northwest-советы-новичкам,Северо-запад Аргентины: полный гид для новичков — с чего начать,6,0,0,,/blog,no_inbound_links,HUMAN_REVIEW,src/data/blog-content-plan.ts
blog:northwest-фото,blog,/blog/northwest-фото,Северо-запад Аргентины: Фотосъёмка — практический гид,6,0,0,,/blog,no_inbound_links,HUMAN_REVIEW,src/data/blog-content-plan.ts
blog:northwest-чек-лист,blog,/blog/northwest-чек-лист,Северо-запад Аргентины: чек-лист перед поездкой,6,0,0,,/blog,no_inbound_links,HUMAN_REVIEW,src/data/blog-content-plan.ts
blog:patagonia-авиабилеты,blog,/blog/patagonia-авиабилеты,Патагония: как долететь и купить внутренние рейсы,8,4,0,,/blog,connected,KEEP,src/data/blog.ts
blog:patagonia-автобусы,blog,/blog/patagonia-автобусы,"Патагония: междугородние автобусы — маршруты, компании и советы путешественникам",6,3,0,,/blog,connected,KEEP,src/data/blog.ts
blog:patagonia-аренда-авто,blog,/blog/patagonia-аренда-авто,Патагония: аренда автомобиля — практический гид,6,3,0,,/blog,connected,KEEP,src/data/blog.ts
blog:patagonia-бюджет,blog,/blog/patagonia-бюджет,Патагония: сколько стоит поездка и как сэкономить,6,0,0,,/blog,no_inbound_links,HUMAN_REVIEW,src/data/blog.ts
blog:patagonia-весной,blog,/blog/patagonia-весной,"Патагония весной: погода, одежда и что успеть",6,0,0,,/blog,no_inbound_links,HUMAN_REVIEW,src/data/blog.ts
blog:patagonia-ветер,blog,/blog/patagonia-ветер,Патагония: Ветреная погода — практический гид,6,0,0,,/blog,no_inbound_links,HUMAN_REVIEW,src/data/blog.ts
blog:patagonia-за-10-дней,blog,/blog/patagonia-за-10-дней,Патагония за 10 дней: готовый маршрут по дням,6,0,0,,/blog,no_inbound_links,HUMAN_REVIEW,src/data/blog.ts
blog:patagonia-за-14-дней,blog,/blog/patagonia-за-14-дней,Патагония за 14 дней: готовый маршрут по дням,6,0,0,,/blog,no_inbound_links,HUMAN_REVIEW,src/data/blog.ts
blog:patagonia-за-3-дня,blog,/blog/patagonia-за-3-дня,Патагония за 3 дня: готовый маршрут по дням,6,0,0,,/blog,no_inbound_links,HUMAN_REVIEW,src/data/blog.ts
blog:patagonia-за-5-дней,blog,/blog/patagonia-за-5-дней,Патагония за 5 дней: готовый маршрут по дням,6,0,0,,/blog,no_inbound_links,HUMAN_REVIEW,src/data/blog.ts
blog:patagonia-за-7-дней,blog,/blog/patagonia-за-7-дней,Патагония за 7 дней: готовый маршрут по дням,6,0,0,,/blog,no_inbound_links,HUMAN_REVIEW,src/data/blog.ts
blog:patagonia-зимой,blog,/blog/patagonia-зимой,"Патагония зимой: погода, одежда и что успеть",6,0,0,,/blog,no_inbound_links,HUMAN_REVIEW,src/data/blog.ts
blog:patagonia-летом,blog,/blog/patagonia-летом,"Патагония летом: погода, одежда и что успеть",6,0,0,,/blog,no_inbound_links,HUMAN_REVIEW,src/data/blog.ts
blog:patagonia-осенью,blog,/blog/patagonia-осенью,"Патагония осенью: погода, одежда и что успеть",6,0,0,,/blog,no_inbound_links,HUMAN_REVIEW,src/data/blog.ts
blog:patagonia-отели,blog,/blog/patagonia-отели,Патагония: отели и бронирование — практический гид,6,4,0,,/blog,connected,KEEP,src/data/blog.ts
blog:patagonia-ошибки,blog,/blog/patagonia-ошибки,Патагония: 10 типичных ошибок туристов,6,0,0,,/blog,no_inbound_links,HUMAN_REVIEW,src/data/blog.ts
blog:patagonia-с-гидом,blog,/blog/patagonia-с-гидом,"Патагония: когда нужен гид, а когда можно самому",6,0,0,,/blog,no_inbound_links,HUMAN_REVIEW,src/data/blog.ts
blog:patagonia-с-ребёнком,blog,/blog/patagonia-с-ребёнком,"Патагония с ребёнком: маршрут, жильё и безопасность",6,0,0,,/blog,no_inbound_links,HUMAN_REVIEW,src/data/blog.ts
blog:patagonia-с-чем-совмещать,blog,/blog/patagonia-с-чем-совмещать,Патагония: С чем совмещать маршрут — практический гид,6,0,0,,/blog,no_inbound_links,HUMAN_REVIEW,src/data/blog.ts
blog:patagonia-самостоятельно,blog,/blog/patagonia-самостоятельно,Патагония самостоятельно: пошаговый план,6,0,0,,/blog,no_inbound_links,HUMAN_REVIEW,src/data/blog.ts
blog:patagonia-советы-новичкам,blog,/blog/patagonia-советы-новичкам,Патагония: полный гид для новичков — с чего начать,6,0,0,,/blog,no_inbound_links,HUMAN_REVIEW,src/data/blog.ts
blog:patagonia-фото,blog,/blog/patagonia-фото,Патагония: Фотосъёмка — практический гид,6,0,0,,/blog,no_inbound_links,HUMAN_REVIEW,src/data/blog.ts
blog:patagonia-холод,blog,/blog/patagonia-холод,Патагония: Холод и одежда — практический гид,6,0,0,,/blog,no_inbound_links,HUMAN_REVIEW,src/data/blog.ts
blog:patagonia-чек-лист,blog,/blog/patagonia-чек-лист,Патагония: чек-лист перед поездкой,6,0,0,,/blog,no_inbound_links,HUMAN_REVIEW,src/data/blog.ts
blog:patagonia-camping,blog,/blog/patagonia-camping,Патагония: Кемпинг — практический гид,6,0,0,,/blog,no_inbound_links,HUMAN_REVIEW,src/data/blog.ts
blog:patagonia-mini-trekking,blog,/blog/patagonia-mini-trekking,Патагония: Мини-треккинг на Perito Moreno — практический гид,6,0,0,,/blog,no_inbound_links,HUMAN_REVIEW,src/data/blog.ts
blog:patagonia-packing-list,blog,/blog/patagonia-packing-list,Что взять в Патагонию: полный список вещей для путешествия,6,14,0,,/blog,connected,KEEP,src/data/blog.ts
blog:patagonia-penguins,blog,/blog/patagonia-penguins,Патагония: пингвины — практический гид,5,2,0,,/blog,connected,KEEP,src/data/blog.ts
blog:patagonia-whale-watching,blog,/blog/patagonia-whale-watching,"Наблюдение за китами в Аргентине: полуостров Вальдес, сезоны и бронирование",5,2,0,,/blog,connected,KEEP,src/data/blog.ts
blog:patagoniya-marshrut-14-dney,blog,/blog/patagoniya-marshrut-14-dney,"Патагония за 14 дней: ледники, Фицрой и Ушуая",7,3,0,,/blog,connected,KEEP,src/data/blog.ts
blog:relocation-90-дней,blog,/blog/relocation-90-дней,90 дней в Аргентине без визы: правила и практика,3,0,0,,/blog,no_inbound_links,HUMAN_REVIEW,src/data/blog-content-plan.ts
blog:relocation-бюджет,blog,/blog/relocation-бюджет,Переезд в Аргентину: сколько стоит поездка и как сэкономить,3,0,0,,/blog,no_inbound_links,HUMAN_REVIEW,src/data/blog-content-plan.ts
blog:relocation-карты,blog,/blog/relocation-карты,Переезд в Аргентину: Оплата картой — практический гид,3,0,0,,/blog,no_inbound_links,HUMAN_REVIEW,src/data/blog-content-plan.ts
blog:relocation-медстраховка,blog,/blog/relocation-медстраховка,Переезд в Аргентину: Медстраховка для въезда — практический гид,3,0,0,,/blog,no_inbound_links,HUMAN_REVIEW,src/data/blog-content-plan.ts
blog:relocation-наличные,blog,/blog/relocation-наличные,"Наличные в Аргентине: доллары, евро и где менять безопасно",3,0,0,,/blog,no_inbound_links,HUMAN_REVIEW,src/data/blog-content-plan.ts
blog:relocation-ошибки,blog,/blog/relocation-ошибки,Переезд в Аргентину: 10 типичных ошибок туристов,3,0,0,,/blog,no_inbound_links,HUMAN_REVIEW,src/data/blog-content-plan.ts
blog:relocation-продление,blog,/blog/relocation-продление,Переезд в Аргентину: Продление срока пребывания — практический гид,3,0,0,,/blog,no_inbound_links,HUMAN_REVIEW,src/data/blog-content-plan.ts
blog:relocation-советы-новичкам,blog,/blog/relocation-советы-новичкам,Переезд в Аргентину: полный гид для новичков — с чего начать,3,0,0,,/blog,no_inbound_links,HUMAN_REVIEW,src/data/blog-content-plan.ts
blog:relocation-чек-лист,blog,/blog/relocation-чек-лист,Переезд в Аргентину: чек-лист перед поездкой,3,0,0,,/blog,no_inbound_links,HUMAN_REVIEW,src/data/blog-content-plan.ts
blog:relocation-airbnb,blog,/blog/relocation-airbnb,Переезд в Аргентину: Аренда жилья (Airbnb) — практический гид,3,0,0,,/blog,no_inbound_links,HUMAN_REVIEW,src/data/blog-content-plan.ts
blog:relocation-sim-карта,blog,/blog/relocation-sim-карта,"SIM-карта в Аргентине: операторы, цены и eSIM",3,0,0,,/blog,no_inbound_links,HUMAN_REVIEW,src/data/blog-content-plan.ts
blog:relocation-visa-free,blog,/blog/relocation-visa-free,"Безвизовый въезд в Аргентину: кому, на сколько и что на границе",4,0,0,,/blog,no_inbound_links,HUMAN_REVIEW,src/data/blog-content-plan.ts
blog:ruta-40-sem-ozer,blog,/blog/ruta-40-sem-ozer,Дорога семи озёр и Рута 40: роуд-трип по Аргентине (гид 2026),0,0,0,,/blog,no_related_content,HUMAN_REVIEW,src/data/blog.ts
blog:safety-бюджет,blog,/blog/safety-бюджет,Безопасность в Аргентине: сколько стоит поездка и как сэкономить,2,0,0,,/blog,no_inbound_links,HUMAN_REVIEW,src/data/blog-content-plan.ts
blog:safety-ошибки,blog,/blog/safety-ошибки,Безопасность в Аргентине: 10 типичных ошибок туристов,2,0,0,,/blog,no_inbound_links,HUMAN_REVIEW,src/data/blog-content-plan.ts
blog:safety-с-ребёнком,blog,/blog/safety-с-ребёнком,"Безопасность в Аргентине с ребёнком: маршрут, жильё и безопасность",2,0,0,,/blog,no_inbound_links,HUMAN_REVIEW,src/data/blog-content-plan.ts
blog:safety-самостоятельно,blog,/blog/safety-самостоятельно,Безопасность в Аргентине самостоятельно: пошаговый план,2,0,0,,/blog,no_inbound_links,HUMAN_REVIEW,src/data/blog-content-plan.ts
blog:safety-советы-новичкам,blog,/blog/safety-советы-новичкам,Безопасность в Аргентине: полный гид для новичков — с чего начать,2,0,0,,/blog,no_inbound_links,HUMAN_REVIEW,src/data/blog-content-plan.ts
blog:safety-чек-лист,blog,/blog/safety-чек-лист,Безопасность в Аргентине: чек-лист перед поездкой,2,0,0,,/blog,no_inbound_links,HUMAN_REVIEW,src/data/blog-content-plan.ts
blog:salta-i-severo-zapad-marshrut,blog,/blog/salta-i-severo-zapad-marshrut,Сальта и северо-запад: маршрут на 5–7 дней,5,17,1,/podbor/salta,/blog,broken_targets,HUMAN_REVIEW,src/data/blog.ts
blog:stoimost-zhizni-buenos-aires,blog,/blog/stoimost-zhizni-buenos-aires,Сколько стоит жизнь в Буэнос-Айресе 2026: реальный бюджет в долларах,0,0,0,,/blog,no_related_content,HUMAN_REVIEW,src/data/blog.ts
blog:tango-beginners-guide,blog,/blog/tango-beginners-guide,Танго для начинающих: милонга и первые шаги,4,2,0,,/blog,connected,KEEP,src/data/blog.ts
blog:transport-авиабилеты,blog,/blog/transport-авиабилеты,"Авиабилеты по Аргентине: аэропорты, лайфхаки и багаж",3,0,0,,/blog,no_inbound_links,HUMAN_REVIEW,src/data/blog-content-plan.ts
blog:transport-автобусы,blog,/blog/transport-автобусы,Транспорт в Аргентине: Междугородние автобусы — практический гид,3,0,0,,/blog,no_inbound_links,HUMAN_REVIEW,src/data/blog-content-plan.ts
blog:transport-аренда-авто,blog,/blog/transport-аренда-авто,Транспорт в Аргентине: Аренда автомобиля — практический гид,3,0,0,,/blog,no_inbound_links,HUMAN_REVIEW,src/data/blog-content-plan.ts
blog:transport-бюджет,blog,/blog/transport-бюджет,Транспорт в Аргентине: сколько стоит поездка и как сэкономить,3,0,0,,/blog,no_inbound_links,HUMAN_REVIEW,src/data/blog-content-plan.ts
blog:transport-ошибки,blog,/blog/transport-ошибки,Транспорт в Аргентине: 10 типичных ошибок туристов,3,0,0,,/blog,no_inbound_links,HUMAN_REVIEW,src/data/blog-content-plan.ts
blog:transport-поезда,blog,/blog/transport-поезда,Транспорт в Аргентине: Железнодорожные маршруты — практический гид,3,0,0,,/blog,no_inbound_links,HUMAN_REVIEW,src/data/blog-content-plan.ts
blog:transport-с-ребёнком,blog,/blog/transport-с-ребёнком,"Транспорт в Аргентине с ребёнком: маршрут, жильё и безопасность",3,0,0,,/blog,no_inbound_links,HUMAN_REVIEW,src/data/blog-content-plan.ts
blog:transport-советы-новичкам,blog,/blog/transport-советы-новичкам,Транспорт в Аргентине: полный гид для новичков — с чего начать,3,0,0,,/blog,no_inbound_links,HUMAN_REVIEW,src/data/blog-content-plan.ts
blog:transport-стоповер,blog,/blog/transport-стоповер,Транспорт в Аргентине: Стоповер в Буэнос-Айресе — практический гид,3,0,0,,/blog,no_inbound_links,HUMAN_REVIEW,src/data/blog-content-plan.ts
blog:transport-страховка,blog,/blog/transport-страховка,Транспорт в Аргентине: Медицинская страховка — практический гид,3,0,0,,/blog,no_inbound_links,HUMAN_REVIEW,src/data/blog-content-plan.ts
blog:transport-чек-лист,blog,/blog/transport-чек-лист,Транспорт в Аргентине: чек-лист перед поездкой,3,0,0,,/blog,no_inbound_links,HUMAN_REVIEW,src/data/blog-content-plan.ts
blog:transport-open-jaw,blog,/blog/transport-open-jaw,Транспорт в Аргентине: Open-jaw маршрут — практический гид,3,0,0,,/blog,no_inbound_links,HUMAN_REVIEW,src/data/blog-content-plan.ts
blog:trekking-бюджет,blog,/blog/trekking-бюджет,Треккинг в Аргентине: сколько стоит поездка и как сэкономить,4,0,0,,/blog,no_inbound_links,HUMAN_REVIEW,src/data/blog-content-plan.ts
blog:trekking-весной,blog,/blog/trekking-весной,"Треккинг в Аргентине весной: погода, одежда и что успеть",4,0,0,,/blog,no_inbound_links,HUMAN_REVIEW,src/data/blog-content-plan.ts
blog:trekking-ветер,blog,/blog/trekking-ветер,Треккинг в Аргентине: Ветреная погода — практический гид,4,0,0,,/blog,no_inbound_links,HUMAN_REVIEW,src/data/blog-content-plan.ts
blog:trekking-зимой,blog,/blog/trekking-зимой,"Треккинг в Аргентине зимой: погода, одежда и что успеть",4,0,0,,/blog,no_inbound_links,HUMAN_REVIEW,src/data/blog-content-plan.ts
blog:trekking-летом,blog,/blog/trekking-летом,"Треккинг в Аргентине летом: погода, одежда и что успеть",4,0,0,,/blog,no_inbound_links,HUMAN_REVIEW,src/data/blog-content-plan.ts
blog:trekking-осенью,blog,/blog/trekking-осенью,"Треккинг в Аргентине осенью: погода, одежда и что успеть",4,0,0,,/blog,no_inbound_links,HUMAN_REVIEW,src/data/blog-content-plan.ts
blog:trekking-ошибки,blog,/blog/trekking-ошибки,Треккинг в Аргентине: 10 типичных ошибок туристов,4,0,0,,/blog,no_inbound_links,HUMAN_REVIEW,src/data/blog-content-plan.ts
blog:trekking-с-гидом,blog,/blog/trekking-с-гидом,"Треккинг в Аргентине: когда нужен гид, а когда можно самому",4,0,0,,/blog,no_inbound_links,HUMAN_REVIEW,src/data/blog-content-plan.ts
blog:trekking-с-ребёнком,blog,/blog/trekking-с-ребёнком,"Треккинг в Аргентине с ребёнком: маршрут, жильё и безопасность",4,0,0,,/blog,no_inbound_links,HUMAN_REVIEW,src/data/blog-content-plan.ts
blog:trekking-самостоятельно,blog,/blog/trekking-самостоятельно,Треккинг в Аргентине самостоятельно: пошаговый план,4,0,0,,/blog,no_inbound_links,HUMAN_REVIEW,src/data/blog-content-plan.ts
blog:trekking-советы-новичкам,blog,/blog/trekking-советы-новичкам,Треккинг в Аргентине: полный гид для новичков — с чего начать,4,0,0,,/blog,no_inbound_links,HUMAN_REVIEW,src/data/blog-content-plan.ts
blog:trekking-фото,blog,/blog/trekking-фото,Треккинг в Аргентине: Фотосъёмка — практический гид,4,0,0,,/blog,no_inbound_links,HUMAN_REVIEW,src/data/blog-content-plan.ts
blog:trekking-холод,blog,/blog/trekking-холод,Треккинг в Аргентине: Холод и одежда — практический гид,4,0,0,,/blog,no_inbound_links,HUMAN_REVIEW,src/data/blog-content-plan.ts
blog:trekking-чек-лист,blog,/blog/trekking-чек-лист,Треккинг в Аргентине: чек-лист перед поездкой,5,0,0,,/blog,no_inbound_links,HUMAN_REVIEW,src/data/blog-content-plan.ts
blog:trekking-camping,blog,/blog/trekking-camping,Треккинг в Аргентине: Кемпинг — практический гид,4,0,0,,/blog,no_inbound_links,HUMAN_REVIEW,src/data/blog-content-plan.ts
blog:trekking-laguna-de-los-tres,blog,/blog/trekking-laguna-de-los-tres,Laguna de los Tres: трек к Fitz Roy из Эль-Чалтена,4,0,0,,/blog,no_inbound_links,HUMAN_REVIEW,src/data/blog-content-plan.ts
blog:trekking-mini-trekking,blog,/blog/trekking-mini-trekking,Треккинг в Аргентине: Мини-треккинг на Perito Moreno — практический гид,4,0,0,,/blog,no_inbound_links,HUMAN_REVIEW,src/data/blog-content-plan.ts
blog:uco-valley-vino-i-gory,blog,/blog/uco-valley-vino-i-gory,"Долина Уко: вино, Аконкагуа и дегустации",5,0,0,,/blog,no_inbound_links,HUMAN_REVIEW,src/data/blog.ts
blog:viza-cifrovogo-kochevnika-argentina,blog,/blog/viza-cifrovogo-kochevnika-argentina,Виза цифрового кочевника Аргентины: полный гид 2026,0,0,0,,/blog,no_related_content,HUMAN_REVIEW,src/data/blog.ts
blog:vnutrennie-aviabilety-argentina,blog,/blog/vnutrennie-aviabilety-argentina,Внутренние авиабилеты по Аргентине 2026: как купить дёшево,0,0,0,,/blog,no_related_content,HUMAN_REVIEW,src/data/blog.ts
blog:vnzh-argentina-rezidenciya,blog,/blog/vnzh-argentina-rezidenciya,ВНЖ Аргентины 2026: все легальные пути резиденции и визы,0,0,0,,/blog,no_related_content,HUMAN_REVIEW,src/data/blog.ts
blog:wildlife-бюджет,blog,/blog/wildlife-бюджет,Дикая природа Аргентины: сколько стоит поездка и как сэкономить,4,0,0,,/blog,no_inbound_links,HUMAN_REVIEW,src/data/blog-content-plan.ts
blog:wildlife-весной,blog,/blog/wildlife-весной,"Дикая природа Аргентины весной: погода, одежда и что успеть",4,0,0,,/blog,no_inbound_links,HUMAN_REVIEW,src/data/blog-content-plan.ts
blog:wildlife-за-3-дня,blog,/blog/wildlife-за-3-дня,Дикая природа Аргентины за 3 дня: готовый маршрут по дням,4,0,0,,/blog,no_inbound_links,HUMAN_REVIEW,src/data/blog-content-plan.ts
blog:wildlife-за-5-дней,blog,/blog/wildlife-за-5-дней,Дикая природа Аргентины за 5 дней: готовый маршрут по дням,4,0,0,,/blog,no_inbound_links,HUMAN_REVIEW,src/data/blog-content-plan.ts
blog:wildlife-зимой,blog,/blog/wildlife-зимой,"Дикая природа Аргентины зимой: погода, одежда и что успеть",4,0,0,,/blog,no_inbound_links,HUMAN_REVIEW,src/data/blog-content-plan.ts
blog:wildlife-летом,blog,/blog/wildlife-летом,"Дикая природа Аргентины летом: погода, одежда и что успеть",4,0,0,,/blog,no_inbound_links,HUMAN_REVIEW,src/data/blog-content-plan.ts
blog:wildlife-осенью,blog,/blog/wildlife-осенью,"Дикая природа Аргентины осенью: погода, одежда и что успеть",4,0,0,,/blog,no_inbound_links,HUMAN_REVIEW,src/data/blog-content-plan.ts
blog:wildlife-ошибки,blog,/blog/wildlife-ошибки,Дикая природа Аргентины: 10 типичных ошибок туристов,4,0,0,,/blog,no_inbound_links,HUMAN_REVIEW,src/data/blog-content-plan.ts
blog:wildlife-с-гидом,blog,/blog/wildlife-с-гидом,"Дикая природа Аргентины: когда нужен гид, а когда можно самому",7,1,0,,/blog,connected,KEEP,src/data/blog.ts
blog:wildlife-с-ребёнком,blog,/blog/wildlife-с-ребёнком,"Дикая природа Аргентины с ребёнком: маршрут, жильё и безопасность",4,0,0,,/blog,no_inbound_links,HUMAN_REVIEW,src/data/blog-content-plan.ts
blog:wildlife-самостоятельно,blog,/blog/wildlife-самостоятельно,Дикая природа Аргентины самостоятельно: пошаговый план,4,0,0,,/blog,no_inbound_links,HUMAN_REVIEW,src/data/blog-content-plan.ts
blog:wildlife-советы-новичкам,blog,/blog/wildlife-советы-новичкам,Дикая природа Аргентины: полный гид для новичков — с чего начать,4,0,0,,/blog,no_inbound_links,HUMAN_REVIEW,src/data/blog-content-plan.ts
blog:wildlife-фото,blog,/blog/wildlife-фото,Дикая природа Аргентины: Фотосъёмка — практический гид,4,0,0,,/blog,no_inbound_links,HUMAN_REVIEW,src/data/blog-content-plan.ts
blog:wildlife-чек-лист,blog,/blog/wildlife-чек-лист,Дикая природа Аргентины: чек-лист перед поездкой,4,0,0,,/blog,no_inbound_links,HUMAN_REVIEW,src/data/blog-content-plan.ts
blog:wildlife-condors,blog,/blog/wildlife-condors,Дикая природа Аргентины: Андские кондоры — практический гид,4,0,0,,/blog,no_inbound_links,HUMAN_REVIEW,src/data/blog-content-plan.ts
blog:wildlife-guanaco,blog,/blog/wildlife-guanaco,Дикая природа Аргентины: Гуанако и ламы — практический гид,4,0,0,,/blog,no_inbound_links,HUMAN_REVIEW,src/data/blog-content-plan.ts
blog:wildlife-penguins,blog,/blog/wildlife-penguins,Дикая природа Аргентины: Пингвины — практический гид,4,0,0,,/blog,no_inbound_links,HUMAN_REVIEW,src/data/blog-content-plan.ts
blog:wildlife-whale-watching,blog,/blog/wildlife-whale-watching,"Whale watching в Аргентине: Valdés, сезоны и бронирование",4,0,0,,/blog,no_inbound_links,HUMAN_REVIEW,src/data/blog-content-plan.ts
blog:wine-аренда-авто,blog,/blog/wine-аренда-авто,Винодельни Мендосы: Аренда автомобиля — практический гид,3,0,0,,/blog,no_inbound_links,HUMAN_REVIEW,src/data/blog-content-plan.ts
blog:wine-бюджет,blog,/blog/wine-бюджет,Винодельни Мендосы: сколько стоит поездка и как сэкономить,3,0,0,,/blog,no_inbound_links,HUMAN_REVIEW,src/data/blog-content-plan.ts
blog:wine-весной,blog,/blog/wine-весной,"Винодельни Мендосы весной: погода, одежда и что успеть",3,0,0,,/blog,no_inbound_links,HUMAN_REVIEW,src/data/blog-content-plan.ts
blog:wine-за-3-дня,blog,/blog/wine-за-3-дня,Винодельни Мендосы за 3 дня: готовый маршрут по дням,3,0,0,,/blog,no_inbound_links,HUMAN_REVIEW,src/data/blog-content-plan.ts
blog:wine-за-5-дней,blog,/blog/wine-за-5-дней,Винодельни Мендосы за 5 дней: готовый маршрут по дням,3,0,0,,/blog,no_inbound_links,HUMAN_REVIEW,src/data/blog-content-plan.ts
blog:wine-зимой,blog,/blog/wine-зимой,"Винодельни Мендосы зимой: погода, одежда и что успеть",3,0,0,,/blog,no_inbound_links,HUMAN_REVIEW,src/data/blog-content-plan.ts
blog:wine-летом,blog,/blog/wine-летом,"Винодельни Мендосы летом: погода, одежда и что успеть",3,0,0,,/blog,no_inbound_links,HUMAN_REVIEW,src/data/blog-content-plan.ts
blog:wine-осенью,blog,/blog/wine-осенью,"Винодельни Мендосы осенью: погода, одежда и что успеть",3,0,0,,/blog,no_inbound_links,HUMAN_REVIEW,src/data/blog-content-plan.ts
blog:wine-отели,blog,/blog/wine-отели,Винодельни Мендосы: Отели и бронирование — практический гид,3,0,0,,/blog,no_inbound_links,HUMAN_REVIEW,src/data/blog-content-plan.ts
blog:wine-ошибки,blog,/blog/wine-ошибки,Винодельни Мендосы: 10 типичных ошибок туристов,3,0,0,,/blog,no_inbound_links,HUMAN_REVIEW,src/data/blog-content-plan.ts
blog:wine-с-гидом,blog,/blog/wine-с-гидом,"Винодельни Мендосы: когда нужен гид, а когда можно самому",3,0,0,,/blog,no_inbound_links,HUMAN_REVIEW,src/data/blog-content-plan.ts
blog:wine-с-ребёнком,blog,/blog/wine-с-ребёнком,"Винодельни Мендосы с ребёнком: маршрут, жильё и безопасность",3,0,0,,/blog,no_inbound_links,HUMAN_REVIEW,src/data/blog-content-plan.ts
blog:wine-самостоятельно,blog,/blog/wine-самостоятельно,Винодельни Мендосы самостоятельно: пошаговый план,3,0,0,,/blog,no_inbound_links,HUMAN_REVIEW,src/data/blog-content-plan.ts
blog:wine-советы-новичкам,blog,/blog/wine-советы-новичкам,Винодельни Мендосы: полный гид для новичков — с чего начать,3,0,0,,/blog,no_inbound_links,HUMAN_REVIEW,src/data/blog-content-plan.ts
blog:wine-фото,blog,/blog/wine-фото,Винодельни Мендосы: Фотосъёмка — практический гид,3,0,0,,/blog,no_inbound_links,HUMAN_REVIEW,src/data/blog-content-plan.ts
blog:wine-чек-лист,blog,/blog/wine-чек-лист,Винодельни Мендосы: чек-лист перед поездкой,3,0,0,,/blog,no_inbound_links,HUMAN_REVIEW,src/data/blog-content-plan.ts
blog:wine-bodega-tour,blog,/blog/wine-bodega-tour,Винодельни Мендосы: Тур по винодельне — практический гид,3,0,0,,/blog,no_inbound_links,HUMAN_REVIEW,src/data/blog-content-plan.ts
blog:wine-malbec,blog,/blog/wine-malbec,"Malbec в Мендосе: сорта, bodega и дегустации",4,0,0,,/blog,no_inbound_links,HUMAN_REVIEW,src/data/blog-content-plan.ts
collection:best-for-photographers,collection,/collections/best-for-photographers,Лучшие места для фотографов,6,0,0,,/collections,no_inbound_links,HUMAN_REVIEW,src/data/places-seed.ts
collection:best-glaciers,collection,/collections/best-glaciers,Лучшие ледники Аргентины,3,0,0,,/collections,no_inbound_links,HUMAN_REVIEW,src/data/places-seed.ts
collection:best-national-parks,collection,/collections/best-national-parks,Лучшие национальные парки,4,17,0,,/collections,connected,KEEP,src/data/places-seed.ts
collection:best-patagonia,collection,/collections/best-patagonia,Лучшее Патагонии,8,39,0,,/collections,connected,KEEP,src/data/places-seed.ts
collection:best-trekking,collection,/collections/best-trekking,Лучшие места для треккинга,4,17,0,,/collections,connected,KEEP,src/data/places-seed.ts
collection:best-waterfalls,collection,/collections/best-waterfalls,Лучшие водопады,1,18,0,,/collections,connected,KEEP,src/data/places-seed.ts
collection:lake-district,collection,/collections/lake-district,Озёрный край и Дорога семи озёр,4,0,0,,/collections,no_inbound_links,HUMAN_REVIEW,src/data/places-seed.ts
collection:northwest-colors,collection,/collections/northwest-colors,Краски северо-запада,9,20,0,,/collections,connected,KEEP,src/data/places-seed.ts
collection:patagonia-highlights,collection,/collections/patagonia-highlights,Жемчужины Патагонии,7,0,0,,/collections,no_inbound_links,HUMAN_REVIEW,src/data/places-seed.ts
collection:two-weeks-argentina,collection,/collections/two-weeks-argentina,Две недели по Аргентине,6,11,0,,/collections,connected,KEEP,src/data/places-seed.ts
collection:unesco-heritage,collection,/collections/unesco-heritage,Объекты UNESCO,8,0,0,,/collections,no_inbound_links,HUMAN_REVIEW,src/data/places-seed.ts
collection:week-in-argentina,collection,/collections/week-in-argentina,Неделя в Аргентине,4,36,0,,/collections,connected,KEEP,src/data/places-seed.ts
collection:wildlife-argentina,collection,/collections/wildlife-argentina,Дикая природа,4,0,0,,/collections,no_inbound_links,HUMAN_REVIEW,src/data/places-seed.ts
collection:wine-mendoza,collection,/collections/wine-mendoza,Винный маршрут Мендосы,5,18,0,,/collections,connected,KEEP,src/data/places-seed.ts
destination:ba,destination,/destinations/ba,Буэнос-Айрес,0,10,0,,/destinations,no_related_content,HUMAN_REVIEW,src/data/destination-pages.ts
destination:bariloche,destination,/destinations/bariloche,Барилоче,0,0,0,,/destinations,no_related_content,HUMAN_REVIEW,src/data/destination-pages.ts
destination:calafate,destination,/destinations/calafate,Эль-Калафате,0,0,0,,/destinations,no_related_content,HUMAN_REVIEW,src/data/destination-pages.ts
destination:iguazu,destination,/destinations/iguazu,Пуэрто-Игуасу,0,2,0,,/destinations,no_related_content,HUMAN_REVIEW,src/data/destination-pages.ts
destination:mendoza,destination,/destinations/mendoza,Мендоса,0,3,0,,/destinations,no_related_content,HUMAN_REVIEW,src/data/destination-pages.ts
destination:patagonia,destination,/destinations/patagonia,Патагония,0,7,0,,/destinations,no_related_content,HUMAN_REVIEW,src/data/destination-pages.ts
destination:salta,destination,/destinations/salta,Сальта,0,2,0,,/destinations,no_related_content,HUMAN_REVIEW,src/data/destination-pages.ts
destination:ushuaia,destination,/destinations/ushuaia,Ушуайя,0,0,0,,/destinations,no_related_content,HUMAN_REVIEW,src/data/destination-pages.ts
guide-topic:bezopasnost,guide_topic,/guide/bezopasnost,Безопасность,5,14,0,,/guide,connected,KEEP,src/data/guide-topics.ts
content-page:guide:bronirovanie-i-oplata,content_page,/guide/bronirovanie-i-oplata,Бронирование и оплата на платформе,2,1,0,,/guide,connected,KEEP,src/data/guide-content.ts
guide-topic:dostoprimechatelnosti,guide_topic,/guide/dostoprimechatelnosti,Достопримечательности,6,52,0,,/guide,connected,KEEP,src/data/guide-topics.ts
guide-topic:ekonomika-i-dengi,guide_topic,/guide/ekonomika-i-dengi,Экономика и деньги,7,25,0,,/guide,connected,KEEP,src/data/guide-topics.ts
content-page:guide:gastronomiya-i-asado,content_page,/guide/gastronomiya-i-asado,Гастрономия и asado,3,3,0,,/guide,connected,KEEP,src/data/guide-content.ts
guide-topic:gde-zhit,guide_topic,/guide/gde-zhit,Где жить,9,25,0,,/guide,connected,KEEP,src/data/guide-topics.ts
guide-topic:istoriya,guide_topic,/guide/istoriya,История,4,0,0,,/guide,no_inbound_links,HUMAN_REVIEW,src/data/guide-topics.ts
guide-topic:kak-dobratsya,guide_topic,/guide/kak-dobratsya,Как добраться,7,27,0,,/guide,connected,KEEP,src/data/guide-topics.ts
guide-topic:kukhnya,guide_topic,/guide/kukhnya,Кухня,5,63,0,,/guide,connected,KEEP,src/data/guide-topics.ts
guide-topic:kultura,guide_topic,/guide/kultura,Культура,5,28,0,,/guide,connected,KEEP,src/data/guide-topics.ts
content-page:guide:patagoniya-s-chego-nachat,content_page,/guide/patagoniya-s-chego-nachat,Патагония: с чего начать,4,42,0,,/guide,connected,KEEP,src/data/guide-content.ts
guide-topic:pogoda-i-sezonnost,guide_topic,/guide/pogoda-i-sezonnost,Погода и сезонность,5,25,0,,/guide,connected,KEEP,src/data/guide-topics.ts
content-page:guide:sezony-i-klimat,content_page,/guide/sezony-i-klimat,Сезоны и климат в Аргентине,4,3,0,,/guide,connected,KEEP,src/data/guide-content.ts
guide-topic:shopping,guide_topic,/guide/shopping,Шопинг,4,0,0,,/guide,no_inbound_links,HUMAN_REVIEW,src/data/guide-topics.ts
guide-topic:svyaz,guide_topic,/guide/svyaz,Связь,3,7,0,,/guide,connected,KEEP,src/data/guide-topics.ts
content-page:guide:tango-i-kultura-ba,content_page,/guide/tango-i-kultura-ba,Танго и культура Буэнос-Айреса,3,3,0,,/guide,connected,KEEP,src/data/guide-content.ts
guide-topic:transport,guide_topic,/guide/transport,На чём передвигаться,6,13,0,,/guide,connected,KEEP,src/data/guide-topics.ts
guide-topic:turistskie-regiony,guide_topic,/guide/turistskie-regiony,Туристические регионы,9,23,0,,/guide,connected,KEEP,src/data/guide-topics.ts
guide-topic:yazyk,guide_topic,/guide/yazyk,Язык,4,0,0,,/guide,no_inbound_links,HUMAN_REVIEW,src/data/guide-topics.ts
content-page:immigration:dokumenty-dlya-vyezda,immigration,/immigration/dokumenty-dlya-vyezda,Документы для въезда и выезда,2,2,0,,/immigration,connected,KEEP,src/data/immigration-content.ts
content-page:immigration:obzor-vnzh,immigration,/immigration/obzor-vnzh,Обзор видов ВНЖ в Аргентине,5,2,0,,/immigration,connected,KEEP,src/data/immigration-content.ts
content-page:immigration:prodlenie-turisticheskogo-vizita,immigration,/immigration/prodlenie-turisticheskogo-vizita,Продление туристического пребывания,2,1,0,,/immigration,connected,KEEP,src/data/immigration-content.ts
content-page:immigration:vizy-dlya-turistov,immigration,/immigration/vizy-dlya-turistov,Визы для туристов: основы,3,5,0,,/immigration,connected,KEEP,src/data/immigration-content.ts
itinerary:buenos-aires-iguazu-5-days,itinerary,/itineraries/buenos-aires-iguazu-5-days,Буэнос-Айрес + Игуасу за 5 дней,2,0,0,,/itineraries,no_inbound_links,HUMAN_REVIEW,src/data/places-seed.ts
itinerary:northwest-7-days,itinerary,/itineraries/northwest-7-days,Северо-запад за 7 дней,5,0,0,,/itineraries,no_inbound_links,HUMAN_REVIEW,src/data/places-seed.ts
itinerary:patagonia-classic-10-days,itinerary,/itineraries/patagonia-classic-10-days,Классическая Патагония за 10 дней,6,0,0,,/itineraries,no_inbound_links,HUMAN_REVIEW,src/data/places-seed.ts
legal:affiliate,legal,/legal/affiliate,Партнёрские ссылки и реклама,0,0,0,,,no_related_content,HUMAN_REVIEW,src/data/legal-content.ts
legal:booking,legal,/legal/booking,Условия бронирования,0,0,0,,,no_related_content,HUMAN_REVIEW,src/data/legal-content.ts
legal:cookies,legal,/legal/cookies,Политика cookie,0,0,0,,,no_related_content,HUMAN_REVIEW,src/data/legal-content.ts
legal:privacy,legal,/legal/privacy,Политика конфиденциальности,0,0,0,,,no_related_content,HUMAN_REVIEW,src/data/legal-content.ts
legal:refunds,legal,/legal/refunds,Политика возвратов,0,0,0,,,no_related_content,HUMAN_REVIEW,src/data/legal-content.ts
legal:terms,legal,/legal/terms,Пользовательское соглашение,0,0,0,,,no_related_content,HUMAN_REVIEW,src/data/legal-content.ts
place:aconcagua,place,/places/aconcagua,Аконкагуа,0,0,0,,/places,no_related_content,HUMAN_REVIEW,src/data/places-seed.ts
place:bahia-blanca,place,/places/bahia-blanca,Баия-Бланка,0,0,0,,/places,no_related_content,HUMAN_REVIEW,src/data/places-seed.ts
place:banado-la-estrella,place,/places/banado-la-estrella,Баньядо-ла-Эстрелья,0,0,0,,/places,no_related_content,HUMAN_REVIEW,src/data/places-seed.ts
place:bariloche,place,/places/bariloche,Барилоче,0,8,0,,/places,no_related_content,HUMAN_REVIEW,src/data/places-seed.ts
place:barreal,place,/places/barreal,Барреаль и Эль-Леонсито,0,0,0,,/places,no_related_content,HUMAN_REVIEW,src/data/places-seed.ts
place:bosque-petrificado,place,/places/bosque-petrificado,Национальный парк Окаменевшие леса Харамільо,0,0,0,,/places,no_related_content,HUMAN_REVIEW,src/data/places-seed.ts
place:buenos-aires,place,/places/buenos-aires,Буэнос-Айрес,0,99,0,,/places,no_related_content,HUMAN_REVIEW,src/data/places-seed.ts
place:cafayate,place,/places/cafayate,Кафаяте,0,2,0,,/places,no_related_content,HUMAN_REVIEW,src/data/places-seed.ts
place:catamarca,place,/places/catamarca,Катамарка,0,0,0,,/places,no_related_content,HUMAN_REVIEW,src/data/places-seed.ts
place:cerro-de-los-7-colores,place,/places/cerro-de-los-7-colores,Cerro de los Siete Colores,0,23,0,,/places,no_related_content,HUMAN_REVIEW,src/data/places-seed.ts
place:colon-entre-rios,place,/places/colon-entre-rios,Колóн,0,0,0,,/places,no_related_content,HUMAN_REVIEW,src/data/places-seed.ts
place:cordoba,place,/places/cordoba,Кордова,0,1,0,,/places,no_related_content,HUMAN_REVIEW,src/data/places-seed.ts
place:corrientes,place,/places/corrientes,Корриентес,0,0,0,,/places,no_related_content,HUMAN_REVIEW,src/data/places-seed.ts
place:cueva-de-las-manos,place,/places/cueva-de-las-manos,Cueva de las Manos,0,1,0,,/places,no_related_content,HUMAN_REVIEW,src/data/places-seed.ts
place:el-bolson,place,/places/el-bolson,Эль-Больсон,0,0,0,,/places,no_related_content,HUMAN_REVIEW,src/data/places-seed.ts
place:el-calafate,place,/places/el-calafate,Эль-Калафате,0,42,0,,/places,no_related_content,HUMAN_REVIEW,src/data/places-seed.ts
place:el-chalten,place,/places/el-chalten,Эль-Чалтен,0,46,0,,/places,no_related_content,HUMAN_REVIEW,src/data/places-seed.ts
place:esquel,place,/places/esquel,Эскель,0,0,0,,/places,no_related_content,HUMAN_REVIEW,src/data/places-seed.ts
place:estero-ibera,place,/places/estero-ibera,Эстерос-дель-Ибера,0,1,0,,/places,no_related_content,HUMAN_REVIEW,src/data/places-seed.ts
place:federacion,place,/places/federacion,Федерасьон,0,0,0,,/places,no_related_content,HUMAN_REVIEW,src/data/places-seed.ts
place:fitz-roy,place,/places/fitz-roy,"Фиц-Рой (Fitz Roy, Cerro Chaltén)",0,24,0,,/places,no_related_content,HUMAN_REVIEW,src/data/places-seed.ts
place:formosa,place,/places/formosa,Формоса,0,0,0,,/places,no_related_content,HUMAN_REVIEW,src/data/places-seed.ts
place:gualeguaychu,place,/places/gualeguaychu,Гуалегуайчу,0,0,0,,/places,no_related_content,HUMAN_REVIEW,src/data/places-seed.ts
place:iguazu-falls,place,/places/iguazu-falls,Водопады Игуасу,0,37,0,,/places,no_related_content,HUMAN_REVIEW,src/data/places-seed.ts
place:iruya,place,/places/iruya,Ирую,0,0,0,,/places,no_related_content,HUMAN_REVIEW,src/data/places-seed.ts
place:ischigualasto,place,/places/ischigualasto,Исчигуаласто (Лунная долина),0,0,0,,/places,no_related_content,HUMAN_REVIEW,src/data/places-seed.ts
place:kachi,place,/places/kachi,Качи,0,0,0,,/places,no_related_content,HUMAN_REVIEW,src/data/places-seed.ts
place:la-cumbrecita,place,/places/la-cumbrecita,Ла-Кумбресита и Сьерры Кордовы,0,0,0,,/places,no_related_content,HUMAN_REVIEW,src/data/places-seed.ts
place:la-plata,place,/places/la-plata,Ла-Плата,0,0,0,,/places,no_related_content,HUMAN_REVIEW,src/data/places-seed.ts
place:la-rioja,place,/places/la-rioja,Ла-Риоха,0,0,0,,/places,no_related_content,HUMAN_REVIEW,src/data/places-seed.ts
place:lanin,place,/places/lanin,Национальный парк Ланин,0,0,0,,/places,no_related_content,HUMAN_REVIEW,src/data/places-seed.ts
place:las-lenas,place,/places/las-lenas,Лас-Леньяс,0,0,0,,/places,no_related_content,HUMAN_REVIEW,src/data/places-seed.ts
place:lihue-calel,place,/places/lihue-calel,Национальный парк Лиуэ-Калель,0,0,0,,/places,no_related_content,HUMAN_REVIEW,src/data/places-seed.ts
place:los-alerces-national-park,place,/places/los-alerces-national-park,Национальный парк Лос-Алерсес,0,0,0,,/places,no_related_content,HUMAN_REVIEW,src/data/places-seed.ts
place:los-antiguos,place,/places/los-antiguos,Лос-Антигуос,0,0,0,,/places,no_related_content,HUMAN_REVIEW,src/data/places-seed.ts
place:los-cardones,place,/places/los-cardones,Национальный парк Лос-Кардонес,0,0,0,,/places,no_related_content,HUMAN_REVIEW,src/data/places-seed.ts
place:los-glaciares-national-park,place,/places/los-glaciares-national-park,Национальный парк Los Glaciares,0,24,0,,/places,no_related_content,HUMAN_REVIEW,src/data/places-seed.ts
place:lujan,place,/places/lujan,Лухан,0,0,0,,/places,no_related_content,HUMAN_REVIEW,src/data/places-seed.ts
place:lujan-de-cuyo,place,/places/lujan-de-cuyo,Luján de Cuyo,0,1,0,,/places,no_related_content,HUMAN_REVIEW,src/data/places-seed.ts
place:maipu,place,/places/maipu,Maipú,0,1,0,,/places,no_related_content,HUMAN_REVIEW,src/data/places-seed.ts
place:mar-de-las-pampas,place,/places/mar-de-las-pampas,Мар-де-лас-Пампас,0,0,0,,/places,no_related_content,HUMAN_REVIEW,src/data/places-seed.ts
place:mar-del-plata,place,/places/mar-del-plata,Мар-дель-Плата,0,0,0,,/places,no_related_content,HUMAN_REVIEW,src/data/places-seed.ts
place:mendoza,place,/places/mendoza,Мендоса,0,20,0,,/places,no_related_content,HUMAN_REVIEW,src/data/places-seed.ts
place:mercedes-corrientes,place,/places/mercedes-corrientes,Мерседес (Корриентес),0,0,0,,/places,no_related_content,HUMAN_REVIEW,src/data/places-seed.ts
place:merlo,place,/places/merlo,Мерло,0,0,0,,/places,no_related_content,HUMAN_REVIEW,src/data/places-seed.ts
place:nahuel-huapi-national-park,place,/places/nahuel-huapi-national-park,Национальный парк Nahuel Huapi,0,23,0,,/places,no_related_content,HUMAN_REVIEW,src/data/places-seed.ts
place:necochea,place,/places/necochea,Некочеа,0,0,0,,/places,no_related_content,HUMAN_REVIEW,src/data/places-seed.ts
place:neuquen,place,/places/neuquen,Неукен,0,0,0,,/places,no_related_content,HUMAN_REVIEW,src/data/places-seed.ts
place:parana,place,/places/parana,Парана,0,0,0,,/places,no_related_content,HUMAN_REVIEW,src/data/places-seed.ts
place:parque-nacional-chaco,place,/places/parque-nacional-chaco,Национальный парк Чако,0,0,0,,/places,no_related_content,HUMAN_REVIEW,src/data/places-seed.ts
place:parque-nacional-el-palmar,place,/places/parque-nacional-el-palmar,Национальный парк Эль-Пальмар,0,0,0,,/places,no_related_content,HUMAN_REVIEW,src/data/places-seed.ts
place:parque-nacional-rio-pilcomayo,place,/places/parque-nacional-rio-pilcomayo,Национальный парк Рио-Пилькомайо,0,0,0,,/places,no_related_content,HUMAN_REVIEW,src/data/places-seed.ts
place:patagonia-park,place,/places/patagonia-park,Национальный парк Патагония,0,0,0,,/places,no_related_content,HUMAN_REVIEW,src/data/places-seed.ts
place:perito-moreno-glacier,place,/places/perito-moreno-glacier,Ледник Перито-Морено,0,30,0,,/places,no_related_content,HUMAN_REVIEW,src/data/places-seed.ts
place:pinamar,place,/places/pinamar,Пинамар,0,0,0,,/places,no_related_content,HUMAN_REVIEW,src/data/places-seed.ts
place:posadas,place,/places/posadas,Посадас,0,0,0,,/places,no_related_content,HUMAN_REVIEW,src/data/places-seed.ts
place:potrerillos,place,/places/potrerillos,Potrerillos,0,1,0,,/places,no_related_content,HUMAN_REVIEW,src/data/places-seed.ts
place:puente-del-inca,place,/places/puente-del-inca,Пуэнте-дель-Инка,0,0,0,,/places,no_related_content,HUMAN_REVIEW,src/data/places-seed.ts
place:puerto-deseado,place,/places/puerto-deseado,Пуэрто-Десеадо,0,0,0,,/places,no_related_content,HUMAN_REVIEW,src/data/places-seed.ts
place:puerto-madryn,place,/places/puerto-madryn,Пуэрто-Мадрин,0,2,0,,/places,no_related_content,HUMAN_REVIEW,src/data/places-seed.ts
place:punta-tombo,place,/places/punta-tombo,Пунта-Томбо,0,0,0,,/places,no_related_content,HUMAN_REVIEW,src/data/places-seed.ts
place:purmamarca,place,/places/purmamarca,Пурмамарка,0,23,0,,/places,no_related_content,HUMAN_REVIEW,src/data/places-seed.ts
place:quebrada-de-humahuaca,place,/places/quebrada-de-humahuaca,Кебрада-де-Умауака,0,2,0,,/places,no_related_content,HUMAN_REVIEW,src/data/places-seed.ts
place:quebrada-de-las-conchas,place,/places/quebrada-de-las-conchas,Ущелье Лас-Кончас,0,0,0,,/places,no_related_content,HUMAN_REVIEW,src/data/places-seed.ts
place:rio-gallegos,place,/places/rio-gallegos,Рио-Гальегос,0,0,0,,/places,no_related_content,HUMAN_REVIEW,src/data/places-seed.ts
place:rosario,place,/places/rosario,Росарио,0,0,0,,/places,no_related_content,HUMAN_REVIEW,src/data/places-seed.ts
place:ruinas-de-quilmes,place,/places/ruinas-de-quilmes,Руины Кильмес,0,0,0,,/places,no_related_content,HUMAN_REVIEW,src/data/places-seed.ts
place:salinas-grandes,place,/places/salinas-grandes,Салинас-Грандес,0,2,0,,/places,no_related_content,HUMAN_REVIEW,src/data/places-seed.ts
place:salta,place,/places/salta,Сальта,0,25,0,,/places,no_related_content,HUMAN_REVIEW,src/data/places-seed.ts
place:saltos-del-mocona,place,/places/saltos-del-mocona,Сальтос-дель-Моконá,0,0,0,,/places,no_related_content,HUMAN_REVIEW,src/data/places-seed.ts
place:san-antonio-de-areco,place,/places/san-antonio-de-areco,Сан-Антонио-де-Ареко,0,0,0,,/places,no_related_content,HUMAN_REVIEW,src/data/places-seed.ts
place:san-ignacio-mini,place,/places/san-ignacio-mini,Сан-Игнасио-Мини,0,0,0,,/places,no_related_content,HUMAN_REVIEW,src/data/places-seed.ts
place:san-juan,place,/places/san-juan,Сан-Хуан,0,0,0,,/places,no_related_content,HUMAN_REVIEW,src/data/places-seed.ts
place:san-luis,place,/places/san-luis,Сан-Луис,0,0,0,,/places,no_related_content,HUMAN_REVIEW,src/data/places-seed.ts
place:san-martin-de-los-andes,place,/places/san-martin-de-los-andes,Сан-Мартин-де-лос-Андес,0,1,0,,/places,no_related_content,HUMAN_REVIEW,src/data/places-seed.ts
place:san-rafael,place,/places/san-rafael,Сан-Рафаэль,0,0,0,,/places,no_related_content,HUMAN_REVIEW,src/data/places-seed.ts
place:san-salvador-de-jujuy,place,/places/san-salvador-de-jujuy,Сан-Сальвадор-де-Жужуй,0,0,0,,/places,no_related_content,HUMAN_REVIEW,src/data/places-seed.ts
place:santa-fe,place,/places/santa-fe,Санта-Фе,0,0,0,,/places,no_related_content,HUMAN_REVIEW,src/data/places-seed.ts
place:santa-rosa,place,/places/santa-rosa,Санта-Роса,0,0,0,,/places,no_related_content,HUMAN_REVIEW,src/data/places-seed.ts
place:santiago-del-estero,place,/places/santiago-del-estero,Сантьяго-дель-Эстеро,0,0,0,,/places,no_related_content,HUMAN_REVIEW,src/data/places-seed.ts
place:sierra-de-la-ventana,place,/places/sierra-de-la-ventana,Сьерра-де-ла-Вентана,0,0,0,,/places,no_related_content,HUMAN_REVIEW,src/data/places-seed.ts
place:sierra-de-las-quijadas,place,/places/sierra-de-las-quijadas,Национальный парк Сьерра-де-лас-Кихадас,0,0,0,,/places,no_related_content,HUMAN_REVIEW,src/data/places-seed.ts
place:susques,place,/places/susques,Сускес,0,0,0,,/places,no_related_content,HUMAN_REVIEW,src/data/places-seed.ts
place:tafi-del-valle,place,/places/tafi-del-valle,Тафи-дель-Валье,0,0,0,,/places,no_related_content,HUMAN_REVIEW,src/data/places-seed.ts
place:talampaya,place,/places/talampaya,Национальный парк Talampaya,0,3,0,,/places,no_related_content,HUMAN_REVIEW,src/data/places-seed.ts
place:tandil,place,/places/tandil,Тандиль,0,0,0,,/places,no_related_content,HUMAN_REVIEW,src/data/places-seed.ts
place:termas-de-rio-hondo,place,/places/termas-de-rio-hondo,Термас-де-Рио-Ондо,0,0,0,,/places,no_related_content,HUMAN_REVIEW,src/data/places-seed.ts
place:tierra-del-fuego-national-park,place,/places/tierra-del-fuego-national-park,Национальный парк Tierra del Fuego,0,3,0,,/places,no_related_content,HUMAN_REVIEW,src/data/places-seed.ts
place:tilcara,place,/places/tilcara,Тилькара,0,2,0,,/places,no_related_content,HUMAN_REVIEW,src/data/places-seed.ts
place:trelew,place,/places/trelew,Трелью,0,0,0,,/places,no_related_content,HUMAN_REVIEW,src/data/places-seed.ts
place:tren-de-las-nubes,place,/places/tren-de-las-nubes,Поезд в облака (Tren a las Nubes),0,1,0,,/places,no_related_content,HUMAN_REVIEW,src/data/places-seed.ts
place:tucuman,place,/places/tucuman,Сан-Мигель-де-Тукуман,0,0,0,,/places,no_related_content,HUMAN_REVIEW,src/data/places-seed.ts
place:uco-valley,place,/places/uco-valley,Valle de Uco,0,2,0,,/places,no_related_content,HUMAN_REVIEW,src/data/places-seed.ts
place:ushuaia,place,/places/ushuaia,Ушуайя,0,20,0,,/places,no_related_content,HUMAN_REVIEW,src/data/places-seed.ts
place:valdes-peninsula,place,/places/valdes-peninsula,Полуостров Вальдес,0,22,0,,/places,no_related_content,HUMAN_REVIEW,src/data/places-seed.ts
place:villa-gesell,place,/places/villa-gesell,Вилья-Хесель,0,0,0,,/places,no_related_content,HUMAN_REVIEW,src/data/places-seed.ts
place:villa-la-angostura,place,/places/villa-la-angostura,Вилья-Ла-Ангостура,0,1,0,,/places,no_related_content,HUMAN_REVIEW,src/data/places-seed.ts
place:villavicencio,place,/places/villavicencio,Вильявисенсио,0,0,0,,/places,no_related_content,HUMAN_REVIEW,src/data/places-seed.ts
