"source_id","entry_id","url","source_title","source_url","source_type","language","note","official","status","owner","evidence"
"aconcagua-provincial-park:source:1","aconcagua-provincial-park","/baza-znaniy/aconcagua-provincial-park","Visit Argentina — Parque Provincial Aconcagua","https://www.argentina.travel/actividades/parque-provincial-aconcagua","official","es","INPROTUR; текст автопереведён, фото с официального CDN — атрибуция argentina.travel","yes","recorded_article_level","Content editor","content/knowledge-base/_index/content.json"
"aep-eze-stykovka:source:1","aep-eze-stykovka","/baza-znaniy/aep-eze-stykovka","Транспорт-Внутренние-авиабилеты.md, Транспорт-Из-Эсейсы-в-Буэнос-Айрес.md, Транспорт-Как-добраться-из-России-СНГ.md — разделы «Практические советы» и «Частые ошибки»","","aggregator","ru","извлечено из готовых лонгридов проекта","no_or_not_recorded","review_required","Content editor","content/knowledge-base/_index/content.json"
"aeroporty:source:1","aeroporty","/baza-znaniy/aeroporty","Secret Flying — Buenos Aires Airports Guide 2026 (EZE, AEP & transfers)","https://www.secretflying.com/guides/buenos-aires/airports/","aggregator","en","EZE vs AEP, терминалы, расстояния, трансферы, стыковки","no_or_not_recorded","recorded_article_level","Content editor","content/knowledge-base/_index/content.json"
"aeroporty:source:2","aeroporty","/baza-znaniy/aeroporty","Secrets of Buenos Aires — from Ezeiza to Buenos Aires (2026)","https://secretsofbuenosaires.com/how-get-from-or-go-to-the-international-airport-ezeiza-to-buenos-aires/","aggregator","en","варианты трансфера из EZE, цены, приложения, багаж между аэропортами","no_or_not_recorded","recorded_article_level","Content editor","content/knowledge-base/_index/content.json"
"alero-charcamata:source:1","alero-charcamata","/baza-znaniy/alero-charcamata","Visit Argentina — Alero Charcamata","https://www.argentina.travel/actividades/alero-charcamata","official","es","INPROTUR; текст автопереведён, фото с официального CDN — атрибуция argentina.travel","yes","recorded_article_level","Content editor","content/knowledge-base/_index/content.json"
"alersesy-skrytye-ozyora:source:1","alersesy-skrytye-ozyora","/baza-znaniy/alersesy-skrytye-ozyora","Национальный-парк-Лос-Алерсес.md — раздел «Советы местного гида»","","aggregator","ru","извлечено из готового лонгрида проекта","no_or_not_recorded","review_required","Content editor","content/knowledge-base/_index/content.json"
"almacenes-de-ramos-generales-en-la-pampa:source:1","almacenes-de-ramos-generales-en-la-pampa","/baza-znaniy/almacenes-de-ramos-generales-en-la-pampa","Visit Argentina — Almacenes de ramos generales en La Pampa","https://www.argentina.travel/actividades/almacenes-de-ramos-generales-en-la-pampa","official","es","INPROTUR; текст автопереведён, фото с официального CDN — атрибуция argentina.travel","yes","recorded_article_level","Content editor","content/knowledge-base/_index/content.json"
"alumine:source:1","alumine","/baza-znaniy/alumine","Visit Argentina — Aluminé","https://www.argentina.travel/actividades/alumine","official","es","INPROTUR; текст автопереведён, фото с официального CDN — атрибуция argentina.travel","yes","recorded_article_level","Content editor","content/knowledge-base/_index/content.json"
"amaicha-del-valle-y-ciudad-sagrada-de-los-quilmes:source:1","amaicha-del-valle-y-ciudad-sagrada-de-los-quilmes","/baza-znaniy/amaicha-del-valle-y-ciudad-sagrada-de-los-quilmes","Visit Argentina — Amaicha del Valle y Ciudad Sagrada de los Quilmes","https://www.argentina.travel/actividades/amaicha-del-valle-y-ciudad-sagrada-de-los-quilmes","official","es","INPROTUR; текст автопереведён, фото с официального CDN — атрибуция argentina.travel","yes","recorded_article_level","Fact checker","content/knowledge-base/_index/content.json"
"andinismo-y-montanismo-en-neuquen:source:1","andinismo-y-montanismo-en-neuquen","/baza-znaniy/andinismo-y-montanismo-en-neuquen","Visit Argentina — Andinismo y montañismo en Neuquén","https://www.argentina.travel/actividades/andinismo-y-montanismo-en-neuquen","official","es","INPROTUR; текст автопереведён, фото с официального CDN — атрибуция argentina.travel","yes","recorded_article_level","Content editor","content/knowledge-base/_index/content.json"
"angastaco:source:1","angastaco","/baza-znaniy/angastaco","Visit Argentina — Angastaco","https://www.argentina.travel/actividades/angastaco","official","es","INPROTUR; текст автопереведён, фото с официального CDN — атрибуция argentina.travel","yes","recorded_article_level","Content editor","content/knowledge-base/_index/content.json"
"antofagasta-de-la-sierra:source:1","antofagasta-de-la-sierra","/baza-znaniy/antofagasta-de-la-sierra","Visit Argentina — Antofagasta de la Sierra","https://www.argentina.travel/actividades/antofagasta-de-la-sierra","official","es","INPROTUR; текст автопереведён, фото с официального CDN — атрибуция argentina.travel","yes","recorded_article_level","Content editor","content/knowledge-base/_index/content.json"
"apostil-i-perevod-dokumentov:source:1","apostil-i-perevod-dokumentov","/baza-znaniy/apostil-i-perevod-dokumentov","Dirección Nacional de Migraciones — требования к документам","https://www.argentina.gob.ar/migraciones","official","es","официальные требования к легализации и переводу документов при подаче на резиденцию","yes","recorded_article_level","Fact checker","content/knowledge-base/_index/content.json"
"apostil-i-perevod-dokumentov:source:2","apostil-i-perevod-dokumentov","/baza-znaniy/apostil-i-perevod-dokumentov","Colegio de Traductores Públicos de la Ciudad de Buenos Aires (CTPCBA)","https://www.traductores.org.ar/","official","es","реестр присяжных переводчиков и легализация переводов","yes","recorded_article_level","Fact checker","content/knowledge-base/_index/content.json"
"area-natural-protegida-rio-limay:source:1","area-natural-protegida-rio-limay","/baza-znaniy/area-natural-protegida-rio-limay","Visit Argentina — Área Natural Protegida Río Limay","https://www.argentina.travel/actividades/area-natural-protegida-rio-limay","official","es","INPROTUR; текст автопереведён, фото с официального CDN — атрибуция argentina.travel","yes","recorded_article_level","Content editor","content/knowledge-base/_index/content.json"
"arenda-avto-i-vozhdenie:source:1","arenda-avto-i-vozhdenie","/baza-znaniy/arenda-avto-i-vozhdenie","Driving in Argentina — drivingin.world","https://drivingin.world/destinations/argentina/","aggregator","en","требования к правам, IDP, правила, платные дороги","no_or_not_recorded","recorded_article_level","Content editor","content/knowledge-base/_index/content.json"
"arenda-avto-i-vozhdenie:source:2","arenda-avto-i-vozhdenie","/baza-znaniy/arenda-avto-i-vozhdenie","International Permit — Driving in Argentina for International Travelers","https://internationalpermit.com/blogs/news/driver-s-license-in-argentina-a-guide-for-international-travelers","aggregator","en","обязательность IDP вместе с национальными правами, возраст","no_or_not_recorded","recorded_article_level","Content editor","content/knowledge-base/_index/content.json"
"arenda-avto-i-vozhdenie:source:3","arenda-avto-i-vozhdenie","/baza-znaniy/arenda-avto-i-vozhdenie","Wanderlust Designers — Driving in Patagonia 2026","https://www.wanderlustdesigners.com/driving-in-patagonia-car-rental/","aggregator","en","ripio-дороги, расстояния, заправки, пересечение границы с Чили","no_or_not_recorded","recorded_article_level","Content editor","content/knowledge-base/_index/content.json"
"argentina-10-dney:source:1","argentina-10-dney","/baza-znaniy/argentina-10-dney","Внутренняя база «Пора в Аргентину» — практика логистики маршрутов по длительности","","ru_blog","ru","обобщение практики поездок; конкретные цены и расписания меняются","no_or_not_recorded","review_required","Content editor","content/knowledge-base/_index/content.json"
"argentina-2-nedeli:source:1","argentina-2-nedeli","/baza-znaniy/argentina-2-nedeli","Внутренняя база «Пора в Аргентину» — практика логистики перелётов и расстояний","","ru_blog","ru","обобщение практики поездок; конкретные цены и расписания меняются","no_or_not_recorded","review_required","Content editor","content/knowledge-base/_index/content.json"
"argentina-3-nedeli:source:1","argentina-3-nedeli","/baza-znaniy/argentina-3-nedeli","Внутренняя база «Пора в Аргентину» — практика логистики маршрутов по длительности","","ru_blog","ru","обобщение практики поездок; конкретные цены и расписания меняются","no_or_not_recorded","review_required","Content editor","content/knowledge-base/_index/content.json"
"argentina-vs-drugie-strany:source:1","argentina-vs-drugie-strany","/baza-znaniy/argentina-vs-drugie-strany","Записи базы: стоит ли переезжать, гражданство, виза и граница, Россия vs Аргентина","../pereezd/stoit-li-pereezzhat.md","aggregator","ru","аргентинская сторона сравнения сведена из профильных записей базы; профили других стран — общий уровень, проверять отдельно","no_or_not_recorded","recorded_article_level","Fact checker","content/knowledge-base/_index/content.json"
"arte-urbano-en-buenos-aires:source:1","arte-urbano-en-buenos-aires","/baza-znaniy/arte-urbano-en-buenos-aires","Visit Argentina — Arte urbano en Buenos Aires","https://www.argentina.travel/actividades/arte-urbano-en-buenos-aires","official","es","INPROTUR; текст автопереведён, фото с официального CDN — атрибуция argentina.travel","yes","recorded_article_level","Content editor","content/knowledge-base/_index/content.json"
"artesania-formosena:source:1","artesania-formosena","/baza-znaniy/artesania-formosena","Visit Argentina — Artesanía formoseña","https://www.argentina.travel/actividades/artesania-formosena","official","es","INPROTUR; текст автопереведён, фото с официального CDN — атрибуция argentina.travel","yes","recorded_article_level","Content editor","content/knowledge-base/_index/content.json"
"asado:source:1","asado","/baza-znaniy/asado","Wikipedia (ES) — Asado","https://es.wikipedia.org/wiki/Asado","aggregator","es","определение, ритуал, роль асадора, региональные различия, achuras","no_or_not_recorded","recorded_article_level","Content editor","content/knowledge-base/_index/content.json"
"asado:source:2","asado","/baza-znaniy/asado","Wikipedia (EN) — Asado","https://en.wikipedia.org/wiki/Asado","aggregator","en","отрубы, tira de asado, vacío, порядок подачи, tira/costilla","no_or_not_recorded","recorded_article_level","Content editor","content/knowledge-base/_index/content.json"
"astroturismo-en-san-juan:source:1","astroturismo-en-san-juan","/baza-znaniy/astroturismo-en-san-juan","Visit Argentina — Astroturismo en San Juan","https://www.argentina.travel/actividades/astroturismo-en-san-juan","official","es","INPROTUR; текст автопереведён, фото с официального CDN — атрибуция argentina.travel","yes","recorded_article_level","Content editor","content/knowledge-base/_index/content.json"
"autodromo-internacional-de-rio-hondo:source:1","autodromo-internacional-de-rio-hondo","/baza-znaniy/autodromo-internacional-de-rio-hondo","Visit Argentina — Autódromo Internacional de Río Hondo","https://www.argentina.travel/actividades/autodromo-internacional-de-rio-hondo","official","es","INPROTUR; текст автопереведён, фото с официального CDN — атрибуция argentina.travel","yes","recorded_article_level","Content editor","content/knowledge-base/_index/content.json"
"avellaneda:source:1","avellaneda","/baza-znaniy/avellaneda","Visit Argentina — Avellaneda","https://www.argentina.travel/actividades/avellaneda","official","es","INPROTUR; текст автопереведён, фото с официального CDN — атрибуция argentina.travel","yes","recorded_article_level","Content editor","content/knowledge-base/_index/content.json"
"aventura-en-la-patagonia-andina:source:1","aventura-en-la-patagonia-andina","/baza-znaniy/aventura-en-la-patagonia-andina","Visit Argentina — Aventura en la Patagonia andina","https://www.argentina.travel/actividades/aventura-en-la-patagonia-andina","official","es","INPROTUR; текст автопереведён, фото с официального CDN — атрибуция argentina.travel","yes","recorded_article_level","Content editor","content/knowledge-base/_index/content.json"
"aventura-submarina-en-puerto-madryn:source:1","aventura-submarina-en-puerto-madryn","/baza-znaniy/aventura-submarina-en-puerto-madryn","Visit Argentina — Aventura submarina en Puerto Madryn","https://www.argentina.travel/actividades/aventura-submarina-en-puerto-madryn","official","es","INPROTUR; текст автопереведён, фото с официального CDN — атрибуция argentina.travel","yes","recorded_article_level","Content editor","content/knowledge-base/_index/content.json"
"aves-del-chaco:source:1","aves-del-chaco","/baza-znaniy/aves-del-chaco","Visit Argentina — Aves del Chaco","https://www.argentina.travel/actividades/aves-del-chaco","official","es","INPROTUR; текст автопереведён, фото с официального CDN — атрибуция argentina.travel","yes","recorded_article_level","Content editor","content/knowledge-base/_index/content.json"
"avistaje-de-aves-en-formosa:source:1","avistaje-de-aves-en-formosa","/baza-znaniy/avistaje-de-aves-en-formosa","Visit Argentina — Avistaje de aves en Formosa","https://www.argentina.travel/actividades/avistaje-de-aves-en-formosa","official","es","INPROTUR; текст автопереведён, фото с официального CDN — атрибуция argentina.travel","yes","recorded_article_level","Content editor","content/knowledge-base/_index/content.json"
"avistaje-de-aves-en-la-pampa:source:1","avistaje-de-aves-en-la-pampa","/baza-znaniy/avistaje-de-aves-en-la-pampa","Visit Argentina — Avistaje de aves en La Pampa","https://www.argentina.travel/actividades/avistaje-de-aves-en-la-pampa","official","es","INPROTUR; текст автопереведён, фото с официального CDN — атрибуция argentina.travel","yes","recorded_article_level","Content editor","content/knowledge-base/_index/content.json"
"avistaje-de-aves-en-santa-cruz:source:1","avistaje-de-aves-en-santa-cruz","/baza-znaniy/avistaje-de-aves-en-santa-cruz","Visit Argentina — Avistaje de aves en Santa Cruz","https://www.argentina.travel/actividades/avistaje-de-aves-en-santa-cruz","official","es","INPROTUR; текст автопереведён, фото с официального CDN — атрибуция argentina.travel","yes","recorded_article_level","Content editor","content/knowledge-base/_index/content.json"
"ba-rajony-realnyj-vybor:source:1","ba-rajony-realnyj-vybor","/baza-znaniy/ba-rajony-realnyj-vybor","Города-Буэнос-Айрес-районы.md — разделы «Практические советы» и «Частые ошибки»","","aggregator","ru","извлечено из готового лонгрида проекта","no_or_not_recorded","review_required","Content editor","content/knowledge-base/_index/content.json"
"banado-la-estrella:source:1","banado-la-estrella","/baza-znaniy/banado-la-estrella","Provincia de Formosa — Formosa Hermosa, Bañado La Estrella","https://www.formosahermosa.gob.ar/banado-la-estrella/","official","es","официальная провинциальная информация","yes","recorded_article_level","Content editor","content/knowledge-base/_index/content.json"
"banado-la-estrella:source:2","banado-la-estrella","/baza-znaniy/banado-la-estrella","La Ruta Natural (Ministerio de Turismo, Argentina) — Bañado La Estrella","https://www.larutanatural.gob.ar/es/imperdible/133/banado-la-estrella","official","es","not_recorded","yes","recorded_article_level","Content editor","content/knowledge-base/_index/content.json"
"banado-la-estrella:source:3","banado-la-estrella","/baza-znaniy/banado-la-estrella","Wikipedia (ES) — Bañado La Estrella","https://es.wikipedia.org/wiki/Ba%C3%B1ado_La_Estrella","aggregator","es","площадь, статус «7 чудес природы Аргентины» (2019)","no_or_not_recorded","recorded_article_level","Content editor","content/knowledge-base/_index/content.json"
"banki-i-perevody:source:1","banki-i-perevody","/baza-znaniy/banki-i-perevody","Western Union — Send Money to Argentina","https://www.westernunion.com/us/en/send-money-to-argentina.html","official","en","перевод себе, получение песо наличными, курс","yes","recorded_article_level","Fact checker","content/knowledge-base/_index/content.json"
"banki-i-perevody:source:2","banki-i-perevody","/baza-znaniy/banki-i-perevody","Argentina Visa Law — Money Guide 2026","https://argentinavisalaw.com/guides/money","aggregator","en","наличные доллары, карты после отмены серо, Western Union, каналы для иностранцев","no_or_not_recorded","recorded_article_level","Fact checker","content/knowledge-base/_index/content.json"
"banki-i-perevody:source:3","banki-i-perevody","/baza-znaniy/banki-i-perevody","Buenos Aires Expats — Banking & Money in Argentina 2026","https://buenosairesexpats.com/banking/","aggregator","en","CBU/CVU, приём переводов, требование DNI, долларовые счета","no_or_not_recorded","recorded_article_level","Fact checker","content/knowledge-base/_index/content.json"
"banki-i-perevody:source:4","banki-i-perevody","/baza-znaniy/banki-i-perevody","Wanderwallet — Argentina Payments Cheat Sheet 2026","https://wanderwallet.io/guides/argentina/argentina-payments-cheat-sheet-2026/","aggregator","en","QR/CVU, Mercado Pago, наличные и карты, требование DNI","no_or_not_recorded","recorded_article_level","Fact checker","content/knowledge-base/_index/content.json"
"bankovskij-schet:source:1","bankovskij-schet","/baza-znaniy/bankovskij-schet","BCRA — счёт для мигрантов (финансовая инклюзия)","https://www.bcra.gob.ar/inmigrantes.asp","official","es","not_recorded","yes","recorded_article_level","Fact checker","content/knowledge-base/_index/content.json"
"bankovskij-schet:source:2","bankovskij-schet","/baza-znaniy/bankovskij-schet","Argentina.gob.ar — Cuenta para migrantes","https://www.argentina.gob.ar/economia/inclusion-financiera/cuenta-para-migrantes","official","es","not_recorded","yes","recorded_article_level","Fact checker","content/knowledge-base/_index/content.json"
"bankovskij-schet:source:3","bankovskij-schet","/baza-znaniy/bankovskij-schet","ARCA (ex-AFIP) — CUIT и monotributo","https://www.afip.gob.ar/","official","es","not_recorded","yes","recorded_article_level","Fact checker","content/knowledge-base/_index/content.json"
"bariloche:source:1","bariloche","/baza-znaniy/bariloche","Visit Argentina — Bariloche","https://www.argentina.travel/actividades/bariloche","official","es","INPROTUR; текст автопереведён, фото с официального CDN — атрибуция argentina.travel","yes","recorded_article_level","Content editor","content/knowledge-base/_index/content.json"
"bariloche-tihie-smotrovye:source:1","bariloche-tihie-smotrovye","/baza-znaniy/bariloche-tihie-smotrovye","Национальный-парк-Науэль-Уапи.md — раздел «Советы местного гида»","","aggregator","ru","извлечено из готового лонгрида проекта","no_or_not_recorded","review_required","Content editor","content/knowledge-base/_index/content.json"
"bebidas-y-gastronomia-en-cordoba:source:1","bebidas-y-gastronomia-en-cordoba","/baza-znaniy/bebidas-y-gastronomia-en-cordoba","Visit Argentina — Bebidas y Gastronomía en Córdoba","https://www.argentina.travel/actividades/bebidas-y-gastronomia-en-cordoba","official","es","INPROTUR; текст автопереведён, фото с официального CDN — атрибуция argentina.travel","yes","recorded_article_level","Content editor","content/knowledge-base/_index/content.json"
"belen:source:1","belen","/baza-znaniy/belen","Visit Argentina — Belén","https://www.argentina.travel/actividades/belen","official","es","INPROTUR; текст автопереведён, фото с официального CDN — атрибуция argentina.travel","yes","recorded_article_level","Content editor","content/knowledge-base/_index/content.json"
"besplatna-li-medicina-dlya-turista:source:1","besplatna-li-medicina-dlya-turista","/baza-znaniy/besplatna-li-medicina-dlya-turista","Boletín Oficial — Decreto 366/2025","https://www.boletinoficial.gob.ar/detalleAviso/primera/326096/20250529","official","es","введение платы за плановую медицину для нерезидентов","yes","recorded_article_level","Fact checker","content/knowledge-base/_index/content.json"
"besplatna-li-medicina-dlya-turista:source:2","besplatna-li-medicina-dlya-turista","/baza-znaniy/besplatna-li-medicina-dlya-turista","Гайд по медицине и страховке — эта же база знаний","medicina-i-strahovka.md","aggregator","ru","проверенный разбор трёх секторов системы здравоохранения и требований к страховке","no_or_not_recorded","recorded_article_level","Fact checker","content/knowledge-base/_index/content.json"
"bezopasnost-argentina:source:1","bezopasnost-argentina","/baza-znaniy/bezopasnost-argentina","Travel Safe Abroad — Argentina / Buenos Aires safety rating","https://www.travelsafe-abroad.com/argentina/","en_source","en","not_recorded","no_or_not_recorded","recorded_article_level","Fact checker","content/knowledge-base/_index/content.json"
"bezopasnost-argentina:source:2","bezopasnost-argentina","/baza-znaniy/bezopasnost-argentina","Worldly Adventurer — Safety in Argentina","https://worldlyadventurer.com/safety-in-argentina/","en_source","en","not_recorded","no_or_not_recorded","recorded_article_level","Fact checker","content/knowledge-base/_index/content.json"
"bienal-internacional-de-esculturas-en-resistencia:source:1","bienal-internacional-de-esculturas-en-resistencia","/baza-znaniy/bienal-internacional-de-esculturas-en-resistencia","Visit Argentina — Bienal Internacional de Esculturas en Resistencia","https://www.argentina.travel/actividades/bienal-internacional-de-esculturas-en-resistencia","official","es","INPROTUR; текст автопереведён, фото с официального CDN — атрибуция argentina.travel","yes","recorded_article_level","Content editor","content/knowledge-base/_index/content.json"
"bodega-submarina-en-las-grutas:source:1","bodega-submarina-en-las-grutas","/baza-znaniy/bodega-submarina-en-las-grutas","Visit Argentina — Bodega submarina en Las Grutas","https://www.argentina.travel/actividades/bodega-submarina-en-las-grutas","official","es","INPROTUR; текст автопереведён, фото с официального CDN — атрибуция argentina.travel","yes","recorded_article_level","Content editor","content/knowledge-base/_index/content.json"
"bosque-petrificado:source:1","bosque-petrificado","/baza-znaniy/bosque-petrificado","APN / общие справочные данные (факты сверены, текст переписан)","https://www.argentina.gob.ar/parquesnacionales","official","es","окаменевшие стволы араукарий ~150 млн лет, Санта-Крус, степной парк","yes","recorded_article_level","Content editor","content/knowledge-base/_index/content.json"
"buceo-en-el-golfo-san-matias:source:1","buceo-en-el-golfo-san-matias","/baza-znaniy/buceo-en-el-golfo-san-matias","Visit Argentina — Buceo en el Golfo San Matías","https://www.argentina.travel/actividades/buceo-en-el-golfo-san-matias","official","es","INPROTUR; текст автопереведён, фото с официального CDN — атрибуция argentina.travel","yes","recorded_article_level","Content editor","content/knowledge-base/_index/content.json"
"buceo-en-las-costas-de-ushuaia:source:1","buceo-en-las-costas-de-ushuaia","/baza-znaniy/buceo-en-las-costas-de-ushuaia","Visit Argentina — Buceo en las costas de Ushuaia","https://www.argentina.travel/actividades/buceo-en-las-costas-de-ushuaia","official","es","INPROTUR; текст автопереведён, фото с официального CDN — атрибуция argentina.travel","yes","recorded_article_level","Content editor","content/knowledge-base/_index/content.json"
"buenos-aires:source:1","buenos-aires","/baza-znaniy/buenos-aires","Expats Argentina — Best Neighborhoods for Expats in Buenos Aires","https://expatsargentina.com/blog/best-neighborhoods-expats-buenos-aires/","en_source","en","районы для экспатов, безопасность","no_or_not_recorded","recorded_article_level","Content editor","content/knowledge-base/_index/content.json"
"buenos-aires:source:2","buenos-aires","/baza-znaniy/buenos-aires","Sol Salute — Best Neighborhoods in Buenos Aires (a local's guide)","https://solsalute.com/blog/buenos-aires-neighborhoods/","en_source","en","характер районов глазами местного","no_or_not_recorded","recorded_article_level","Content editor","content/knowledge-base/_index/content.json"
"buenos-aires:source:3","buenos-aires","/baza-znaniy/buenos-aires","Mente Argentina — Best Buenos Aires Neighborhoods","https://www.menteargentina.com/blog/neighborhoods-in-buenos-aires/","en_source","en","сверка описаний районов","no_or_not_recorded","recorded_article_level","Content editor","content/knowledge-base/_index/content.json"
"buenos-aires-province:source:1","buenos-aires-province","/baza-znaniy/buenos-aires-province","Записи о Мар-дель-Плате, Ла-Плате и курортах — эта же база знаний","../goroda/mar-del-plata.md","aggregator","ru","not_recorded","no_or_not_recorded","recorded_article_level","Content editor","content/knowledge-base/_index/content.json"
"buenos-aires-tradicional:source:1","buenos-aires-tradicional","/baza-znaniy/buenos-aires-tradicional","Visit Argentina — Buenos Aires tradicional","https://www.argentina.travel/actividades/buenos-aires-tradicional","official","es","INPROTUR; текст автопереведён, фото с официального CDN — атрибуция argentina.travel","yes","recorded_article_level","Content editor","content/knowledge-base/_index/content.json"
"byt-i-zhilyo:source:1","byt-i-zhilyo","/baza-znaniy/byt-i-zhilyo","Записи базы о жилье, климате, связи и деньгах + личный опыт релокантов","../pereezd/zhile-i-arenda.md","aggregator","ru","бытовые детали сведены из профильных записей и живого опыта","no_or_not_recorded","recorded_article_level","Fact checker","content/knowledge-base/_index/content.json"
"byudzhet-poezdki:source:1","byudzhet-poezdki","/baza-znaniy/byudzhet-poezdki","Budget Your Trip — Argentina travel costs","https://www.budgetyourtrip.com/argentina","aggregator","en","not_recorded","no_or_not_recorded","recorded_article_level","Fact checker","content/knowledge-base/_index/content.json"
"byudzhet-poezdki:source:2","byudzhet-poezdki","/baza-znaniy/byudzhet-poezdki","Numbeo — цены в Аргентине","https://www.numbeo.com/cost-of-living/in/Buenos-Aires","aggregator","en","not_recorded","no_or_not_recorded","recorded_article_level","Fact checker","content/knowledge-base/_index/content.json"
"caba:source:1","caba","/baza-znaniy/caba","Запись о городе Буэнос-Айрес — эта же база знаний","../goroda/buenos-aires.md","aggregator","ru","not_recorded","no_or_not_recorded","recorded_article_level","Content editor","content/knowledge-base/_index/content.json"
"cabalgata-en-el-lago-roca:source:1","cabalgata-en-el-lago-roca","/baza-znaniy/cabalgata-en-el-lago-roca","Visit Argentina — Cabalgata en el lago Roca","https://www.argentina.travel/actividades/cabalgata-en-el-lago-roca","official","es","INPROTUR; текст автопереведён, фото с официального CDN — атрибуция argentina.travel","yes","recorded_article_level","Content editor","content/knowledge-base/_index/content.json"
"cabalgata-en-los-molles:source:1","cabalgata-en-los-molles","/baza-znaniy/cabalgata-en-los-molles","Visit Argentina — Cabalgata en Los Molles","https://www.argentina.travel/actividades/cabalgata-en-los-molles","official","es","INPROTUR; текст автопереведён, фото с официального CDN — атрибуция argentina.travel","yes","recorded_article_level","Content editor","content/knowledge-base/_index/content.json"
"cabalgatas-en-cerro-belvedere-y-cascada-inacayal:source:1","cabalgatas-en-cerro-belvedere-y-cascada-inacayal","/baza-znaniy/cabalgatas-en-cerro-belvedere-y-cascada-inacayal","Visit Argentina — Cabalgatas en cerro Belvedere y cascada Inacayal","https://www.argentina.travel/actividades/cabalgatas-en-cerro-belvedere-y-cascada-inacayal","official","es","INPROTUR; текст автопереведён, фото с официального CDN — атрибуция argentina.travel","yes","recorded_article_level","Content editor","content/knowledge-base/_index/content.json"
"cabalgatas-en-la-estepa-de-bariloche:source:1","cabalgatas-en-la-estepa-de-bariloche","/baza-znaniy/cabalgatas-en-la-estepa-de-bariloche","Visit Argentina — Cabalgatas en la estepa de Bariloche","https://www.argentina.travel/actividades/cabalgatas-en-la-estepa-de-bariloche","official","es","INPROTUR; текст автопереведён, фото с официального CDN — атрибуция argentina.travel","yes","recorded_article_level","Content editor","content/knowledge-base/_index/content.json"
"cabalgatas-en-las-sierras-bonaerenses:source:1","cabalgatas-en-las-sierras-bonaerenses","/baza-znaniy/cabalgatas-en-las-sierras-bonaerenses","Visit Argentina — Cabalgatas en las sierras bonaerenses","https://www.argentina.travel/actividades/cabalgatas-en-las-sierras-bonaerenses","official","es","INPROTUR; текст автопереведён, фото с официального CDN — атрибуция argentina.travel","yes","recorded_article_level","Content editor","content/knowledge-base/_index/content.json"
"cabalgatas-en-tafi-del-valle:source:1","cabalgatas-en-tafi-del-valle","/baza-znaniy/cabalgatas-en-tafi-del-valle","Visit Argentina — Cabalgatas en Tafí del Valle","https://www.argentina.travel/actividades/cabalgatas-en-tafi-del-valle","official","es","INPROTUR; текст автопереведён, фото с официального CDN — атрибуция argentina.travel","yes","recorded_article_level","Content editor","content/knowledge-base/_index/content.json"
"cabalgatas-en-valle-chico:source:1","cabalgatas-en-valle-chico","/baza-znaniy/cabalgatas-en-valle-chico","Visit Argentina — Cabalgatas en Valle Chico","https://www.argentina.travel/actividades/cabalgatas-en-valle-chico","official","es","INPROTUR; текст автопереведён, фото с официального CDN — атрибуция argentina.travel","yes","recorded_article_level","Content editor","content/knowledge-base/_index/content.json"
"cachi:source:1","cachi","/baza-znaniy/cachi","Visit Argentina — Cachi","https://www.argentina.travel/actividades/cachi","official","es","INPROTUR; текст автопереведён, фото с официального CDN — атрибуция argentina.travel","yes","recorded_article_level","Content editor","content/knowledge-base/_index/content.json"
"cafayate:source:1","cafayate","/baza-znaniy/cafayate","Visit Argentina — Cafayate","https://www.argentina.travel/actividades/cafayate","official","es","INPROTUR; текст автопереведён, фото с официального CDN — атрибуция argentina.travel","yes","recorded_article_level","Content editor","content/knowledge-base/_index/content.json"
"camino-de-la-costa:source:1","camino-de-la-costa","/baza-znaniy/camino-de-la-costa","Visit Argentina — Camino de la costa","https://www.argentina.travel/actividades/camino-de-la-costa","official","es","INPROTUR; текст автопереведён, фото с официального CDN — атрибуция argentina.travel","yes","recorded_article_level","Content editor","content/knowledge-base/_index/content.json"
"caminos-de-la-fe-san-juan:source:1","caminos-de-la-fe-san-juan","/baza-znaniy/caminos-de-la-fe-san-juan","Visit Argentina — Caminos de la fe, San Juan","https://www.argentina.travel/actividades/caminos-de-la-fe-san-juan","official","es","INPROTUR; текст автопереведён, фото с официального CDN — атрибуция argentina.travel","yes","recorded_article_level","Content editor","content/knowledge-base/_index/content.json"
"campo-del-cielo:source:1","campo-del-cielo","/baza-znaniy/campo-del-cielo","Visit Argentina — Campo del Cielo","https://www.argentina.travel/actividades/campo-del-cielo","official","es","INPROTUR; текст автопереведён, фото с официального CDN — атрибуция argentina.travel","yes","recorded_article_level","Content editor","content/knowledge-base/_index/content.json"
"campo-del-cielo-y-saenz-pena:source:1","campo-del-cielo-y-saenz-pena","/baza-znaniy/campo-del-cielo-y-saenz-pena","Visit Argentina — Campo del Cielo y Sáenz Peña","https://www.argentina.travel/actividades/campo-del-cielo-y-saenz-pena","official","es","INPROTUR; текст автопереведён, фото с официального CDN — атрибуция argentina.travel","yes","recorded_article_level","Content editor","content/knowledge-base/_index/content.json"
"canon-del-atuel:source:1","canon-del-atuel","/baza-znaniy/canon-del-atuel","Visit Argentina — Cañón del Atuel","https://www.argentina.travel/actividades/canon-del-atuel","official","es","INPROTUR; текст автопереведён, фото с официального CDN — атрибуция argentina.travel","yes","recorded_article_level","Content editor","content/knowledge-base/_index/content.json"
"capilla-del-monte:source:1","capilla-del-monte","/baza-znaniy/capilla-del-monte","Visit Argentina — Capilla del Monte","https://www.argentina.travel/actividades/capilla-del-monte","official","es","INPROTUR; текст автопереведён, фото с официального CDN — атрибуция argentina.travel","yes","recorded_article_level","Content editor","content/knowledge-base/_index/content.json"
"carcarana:source:1","carcarana","/baza-znaniy/carcarana","Visit Argentina — Carcarañá","https://www.argentina.travel/actividades/carcarana","official","es","INPROTUR; текст автопереведён, фото с официального CDN — атрибуция argentina.travel","yes","recorded_article_level","Content editor","content/knowledge-base/_index/content.json"
"carmen-del-sauce:source:1","carmen-del-sauce","/baza-znaniy/carmen-del-sauce","Visit Argentina — Carmen del Sauce","https://www.argentina.travel/actividades/carmen-del-sauce","official","es","INPROTUR; текст автопереведён, фото с официального CDN — атрибуция argentina.travel","yes","recorded_article_level","Content editor","content/knowledge-base/_index/content.json"
"carnaval-de-humahuaca:source:1","carnaval-de-humahuaca","/baza-znaniy/carnaval-de-humahuaca","Visit Argentina — Carnaval de Humahuaca","https://www.argentina.travel/actividades/carnaval-de-humahuaca","official","es","INPROTUR; текст автопереведён, фото с официального CDN — атрибуция argentina.travel","yes","recorded_article_level","Content editor","content/knowledge-base/_index/content.json"
"carnaval-en-corrientes:source:1","carnaval-en-corrientes","/baza-znaniy/carnaval-en-corrientes","Visit Argentina — Carnaval en Corrientes","https://www.argentina.travel/actividades/carnaval-en-corrientes","official","es","INPROTUR; текст автопереведён, фото с официального CDN — атрибуция argentina.travel","yes","recorded_article_level","Content editor","content/knowledge-base/_index/content.json"
"casa-de-san-martin-en-yapeyu:source:1","casa-de-san-martin-en-yapeyu","/baza-znaniy/casa-de-san-martin-en-yapeyu","Visit Argentina — Casa de San Martín en Yapeyú","https://www.argentina.travel/actividades/casa-de-san-martin-en-yapeyu","official","es","INPROTUR; текст автопереведён, фото с официального CDN — атрибуция argentina.travel","yes","recorded_article_level","Content editor","content/knowledge-base/_index/content.json"
"casa-historica-tucuman:source:1","casa-historica-tucuman","/baza-znaniy/casa-historica-tucuman","Kupibilet — Сан-Мигель-де-Тукуман: история, достопримечательности и советы туристам (раздел о Доме Независимости)","https://www.kupibilet.ru/gid/argentina/san-migel-de-tukuman","ru_blog","ru","историческая роль, факт о частичном сносе и реконструкции здания","no_or_not_recorded","recorded_article_level","Content editor","content/knowledge-base/_index/content.json"
"casa-historica-tucuman:source:2","casa-historica-tucuman","/baza-znaniy/casa-historica-tucuman","Tucumán Turismo (официальный туристический портал провинции) — Museo Casa Histórica de la Independencia","https://www.tucumanturismo.gob.ar/articulos/articulo/121/museo-casa-historica-de-la-independencia?lang=EN","official","en","статус музея, значение","yes","recorded_article_level","Content editor","content/knowledge-base/_index/content.json"
"casa-historica-tucuman:source:3","casa-historica-tucuman","/baza-znaniy/casa-historica-tucuman","Tucumán Turismo — Espectáculo ""Luces y Sonidos de la Independencia""","https://www.tucumanturismo.gob.ar/articulos/articulo/66/espectaculo-luces-y-sonidos-de-la-independencia?lang=EN","official","es","подтверждение регулярного вечернего шоу света и звука, формат показа","yes","recorded_article_level","Content editor","content/knowledge-base/_index/content.json"
"casa-historica-tucuman:source:4","casa-historica-tucuman","/baza-znaniy/casa-historica-tucuman","LV12 — ¿En qué horarios se puede visitar Casa Histórica?","https://www.lv12.com.ar/casa-historica/en-que-horarios-se-puede-visitar-casa-historica-n181805","es_source","es","часы работы музея, бесплатный вход, стоимость и часы показа вечернего шоу","no_or_not_recorded","recorded_article_level","Content editor","content/knowledge-base/_index/content.json"
"cascada-chachin:source:1","cascada-chachin","/baza-znaniy/cascada-chachin","Visit Argentina — Cascada Chachín","https://www.argentina.travel/actividades/cascada-chachin","official","es","INPROTUR; текст автопереведён, фото с официального CDN — атрибуция argentina.travel","yes","recorded_article_level","Content editor","content/knowledge-base/_index/content.json"
"cascada-del-rio-noque:source:1","cascada-del-rio-noque","/baza-znaniy/cascada-del-rio-noque","Visit Argentina — Cascada del Río Noque","https://www.argentina.travel/actividades/cascada-del-rio-noque","official","es","INPROTUR; текст автопереведён, фото с официального CDN — атрибуция argentina.travel","yes","recorded_article_level","Content editor","content/knowledge-base/_index/content.json"
"cascada-nivinco-y-pichi-traful:source:1","cascada-nivinco-y-pichi-traful","/baza-znaniy/cascada-nivinco-y-pichi-traful","Visit Argentina — Cascada Ñivinco y Pichi Traful","https://www.argentina.travel/actividades/cascada-nivinco-y-pichi-traful","official","es","INPROTUR; текст автопереведён, фото с официального CDN — атрибуция argentina.travel","yes","recorded_article_level","Content editor","content/knowledge-base/_index/content.json"
"cascadas-santa-ana-y-dora:source:1","cascadas-santa-ana-y-dora","/baza-znaniy/cascadas-santa-ana-y-dora","Visit Argentina — Cascadas Santa Ana y Dora","https://www.argentina.travel/actividades/cascadas-santa-ana-y-dora","official","es","INPROTUR; текст автопереведён, фото с официального CDN — атрибуция argentina.travel","yes","recorded_article_level","Content editor","content/knowledge-base/_index/content.json"
"catamaran-en-el-rio-parana:source:1","catamaran-en-el-rio-parana","/baza-znaniy/catamaran-en-el-rio-parana","Visit Argentina — Catamarán en el río Paraná","https://www.argentina.travel/actividades/catamaran-en-el-rio-parana","official","es","INPROTUR; текст автопереведён, фото с официального CDN — атрибуция argentina.travel","yes","recorded_article_level","Content editor","content/knowledge-base/_index/content.json"
"catamaran-en-la-triple-frontera:source:1","catamaran-en-la-triple-frontera","/baza-znaniy/catamaran-en-la-triple-frontera","Visit Argentina — Catamarán en la Triple Frontera","https://www.argentina.travel/actividades/catamaran-en-la-triple-frontera","official","es","INPROTUR; текст автопереведён, фото с официального CDN — атрибуция argentina.travel","yes","recorded_article_level","Content editor","content/knowledge-base/_index/content.json"
"catamarca:source:1","catamarca","/baza-znaniy/catamarca","San Fernando del Valle de Catamarca — Wikipedia (EN)","https://en.wikipedia.org/wiki/San_Fernando_del_Valle_de_Catamarca","aggregator","en","дата основания (5 июля 1683), население, климат, базилика Девы Валье","no_or_not_recorded","recorded_article_level","Content editor","content/knowledge-base/_index/content.json"
"catamarca:source:2","catamarca","/baza-znaniy/catamarca","El Ancasti — 5 de julio de 1683: Fundación de la ciudad de San Fernando del Valle de Catamarca","https://www.elancasti.com.ar/opinion/5-julio-1683-fundacion-la-ciudad-san-fernando-del-valle-catamarca-los-primeros-anos-n558012","es_source","es","исторические детали основания города губернатором Фернандо де Мендоса Мате де Луна","no_or_not_recorded","recorded_article_level","Content editor","content/knowledge-base/_index/content.json"
"catamarca:source:3","catamarca","/baza-znaniy/catamarca","Geosfera.org — Катамарка (провинция) — Аргентина","https://geosfera.org/yuzhnaya-amerika/argentina/2468-katamarka-provinciya.html","ru_media","ru","общая характеристика провинции и её столицы","no_or_not_recorded","recorded_article_level","Content editor","content/knowledge-base/_index/content.json"
"caucete-san-juan:source:1","caucete-san-juan","/baza-znaniy/caucete-san-juan","Visit Argentina — Caucete, San Juan","https://www.argentina.travel/actividades/caucete-san-juan","official","es","INPROTUR; текст автопереведён, фото с официального CDN — атрибуция argentina.travel","yes","recorded_article_level","Fact checker","content/knowledge-base/_index/content.json"
"caviahue-copahue:source:1","caviahue-copahue","/baza-znaniy/caviahue-copahue","Visit Argentina — Caviahue - Copahue","https://www.argentina.travel/actividades/caviahue-copahue","official","es","INPROTUR; текст автопереведён, фото с официального CDN — атрибуция argentina.travel","yes","recorded_article_level","Content editor","content/knowledge-base/_index/content.json"
"centro-de-esqui-la-hoya:source:1","centro-de-esqui-la-hoya","/baza-znaniy/centro-de-esqui-la-hoya","Visit Argentina — Centro de esquí La Hoya","https://www.argentina.travel/actividades/centro-de-esqui-la-hoya","official","es","INPROTUR; текст автопереведён, фото с официального CDN — атрибуция argentina.travel","yes","recorded_article_level","Content editor","content/knowledge-base/_index/content.json"
"centro-termal-bernardo-larroude:source:1","centro-termal-bernardo-larroude","/baza-znaniy/centro-termal-bernardo-larroude","Visit Argentina — Centro Termal Bernardo Larroudé","https://www.argentina.travel/actividades/centro-termal-bernardo-larroude","official","es","INPROTUR; текст автопереведён, фото с официального CDN — атрибуция argentina.travel","yes","recorded_article_level","Content editor","content/knowledge-base/_index/content.json"
"centros-de-esqui-en-neuquen:source:1","centros-de-esqui-en-neuquen","/baza-znaniy/centros-de-esqui-en-neuquen","Visit Argentina — Centros de esquí en Neuquén","https://www.argentina.travel/actividades/centros-de-esqui-en-neuquen","official","es","INPROTUR; текст автопереведён, фото с официального CDN — атрибуция argentina.travel","yes","recorded_article_level","Content editor","content/knowledge-base/_index/content.json"
"cerro-castor:source:1","cerro-castor","/baza-znaniy/cerro-castor","Visit Argentina — Cerro Castor","https://www.argentina.travel/actividades/cerro-castor","official","es","INPROTUR; текст автопереведён, фото с официального CDN — атрибуция argentina.travel","yes","recorded_article_level","Content editor","content/knowledge-base/_index/content.json"
"cerro-mercedario-y-grandes-cumbres-de-san-juan:source:1","cerro-mercedario-y-grandes-cumbres-de-san-juan","/baza-znaniy/cerro-mercedario-y-grandes-cumbres-de-san-juan","Visit Argentina — Cerro Mercedario y grandes cumbres de San Juan","https://www.argentina.travel/actividades/cerro-mercedario-y-grandes-cumbres-de-san-juan","official","es","INPROTUR; текст автопереведён, фото с официального CDN — атрибуция argentina.travel","yes","recorded_article_level","Content editor","content/knowledge-base/_index/content.json"
"cerro-tronador:source:1","cerro-tronador","/baza-znaniy/cerro-tronador","Visit Argentina — Cerro Tronador","https://www.argentina.travel/actividades/cerro-tronador","official","es","INPROTUR; текст автопереведён, фото с официального CDN — атрибуция argentina.travel","yes","recorded_article_level","Content editor","content/knowledge-base/_index/content.json"
"cerros-catedral-y-perito-moreno:source:1","cerros-catedral-y-perito-moreno","/baza-znaniy/cerros-catedral-y-perito-moreno","Visit Argentina — Cerros Catedral y Perito Moreno","https://www.argentina.travel/actividades/cerros-catedral-y-perito-moreno","official","es","INPROTUR; текст автопереведён, фото с официального CDN — атрибуция argentina.travel","yes","recorded_article_level","Content editor","content/knowledge-base/_index/content.json"
"certificado-de-domicilio:source:1","certificado-de-domicilio","/baza-znaniy/certificado-de-domicilio","Buenos Aires Ciudad — Solicitud de Certificado de Domicilio para extranjeros sin DNI","https://buenosaires.gob.ar/tramites/solicitud-de-certificado-de-domicilio-para-extranjeros-sin-dni","official","es","процедура для иностранца без DNI в CABA: TAD + miBA, запись, документ страны происхождения, два свидетеля с аргентинским DNI","yes","recorded_article_level","Fact checker","content/knowledge-base/_index/content.json"
"certificado-de-domicilio:source:2","certificado-de-domicilio","/baza-znaniy/certificado-de-domicilio","Argentina.gob.ar (RENAPER) — Certificaciones digitales","https://www.argentina.gob.ar/interior/renaper/certificaciones-digitales","official","es","цифровые сертификации RENAPER, в том числе подтверждение места жительства для держателей DNI","yes","recorded_article_level","Fact checker","content/knowledge-base/_index/content.json"
"certificado-de-domicilio:source:3","certificado-de-domicilio","/baza-znaniy/certificado-de-domicilio","Trámites a Distancia (TAD) — Certificación de Domicilio","https://tramitesadistancia.gob.ar/tramitesadistancia/detalle-tipo?id=5670","official","es","электронная подача заявления на подтверждение адреса","yes","recorded_article_level","Fact checker","content/knowledge-base/_index/content.json"
"certificado-de-legalidad-prav:source:1","certificado-de-legalidad-prav","/baza-znaniy/certificado-de-legalidad-prav","Argentina.gob.ar — Obtener el Certificado de Legalidad Internacional de la licencia de conducir","https://www.argentina.gob.ar/servicio/obtener-el-certificado-de-legalidad-internacional-de-la-licencia-de-conducir","official","es","бесплатный онлайн-сертификат легальности аргентинских прав; не для муниципальных/до-2010 прав; апостиль для стран Гааги","yes","recorded_article_level","Fact checker","content/knowledge-base/_index/content.json"
"certificado-de-legalidad-prav:source:2","certificado-de-legalidad-prav","/baza-znaniy/certificado-de-legalidad-prav","Buenos Aires Ciudad — Certificado de legalidad","https://buenosaires.gob.ar/gcaba_historico/licenciasdeconducir/requisitos/certificadolegalidad","official","es","требования certificado de legalidad в CABA","yes","recorded_article_level","Fact checker","content/knowledge-base/_index/content.json"
"chek-list-pereezda:source:1","chek-list-pereezda","/baza-znaniy/chek-list-pereezda","Профильные гайды переезда этой базы знаний","../pereezd/vnzh-argentina.md","aggregator","ru","чек-лист связывает подробные записи по каждому этапу","no_or_not_recorded","recorded_article_level","Fact checker","content/knowledge-base/_index/content.json"
"cholila:source:1","cholila","/baza-znaniy/cholila","Visit Argentina — Cholila","https://www.argentina.travel/actividades/cholila","official","es","INPROTUR; текст автопереведён, фото с официального CDN — атрибуция argentina.travel","yes","recorded_article_level","Content editor","content/knowledge-base/_index/content.json"
"chto-stoit-deneg-prioritety:source:1","chto-stoit-deneg-prioritety","/baza-znaniy/chto-stoit-deneg-prioritety","Записи базы: бюджет поездки, направления, маршруты, когда ехать","../dengi/byudzhet-poezdki.md","aggregator","ru","цены, дни и сезонность сведены из профильных записей базы","no_or_not_recorded","recorded_article_level","Content editor","content/knowledge-base/_index/content.json"
"chto-takoe-prekariya:source:1","chto-takoe-prekariya","/baza-znaniy/chto-takoe-prekariya","Boletín Oficial — Decreto 366/2025","https://www.boletinoficial.gob.ar/detalleAviso/primera/326096/20250529","official","es","текст миграционной реформы 2025 года, сокращение срока прекарии до 90 дней","yes","recorded_article_level","Fact checker","content/knowledge-base/_index/content.json"
"chto-takoe-prekariya:source:2","chto-takoe-prekariya","/baza-znaniy/chto-takoe-prekariya","Afon.site — FAQ «Легализация и въезд»","https://afon.site/legalizaciya-i-vuezd","ru_blog","ru","живая практика: что даёт прекария (CUIL/CUIT, счёт, выезд без обратного билета). Блог датирован январём 2024 — срок действия прекарии там устарел, сверено с DNU 366/2025","no_or_not_recorded","recorded_article_level","Fact checker","content/knowledge-base/_index/content.json"
"chto-takoe-sube:source:1","chto-takoe-sube","/baza-znaniy/chto-takoe-sube","Argentina.gob.ar — SUBE (официальный портал)","https://www.argentina.gob.ar/sube","official","es","проверено 2026-07-01: где получить/пополнить, Tarifa Social, RED SUBE; новости о расширении «pagos abiertos» (открытых платежей банковскими картами) на новые города, включая Ушуайю и города провинции Буэнос-Айрес","yes","recorded_article_level","Fact checker","content/knowledge-base/_index/content.json"
"chto-takoe-sube:source:2","chto-takoe-sube","/baza-znaniy/chto-takoe-sube","Afon.site — FAQ «Транспорт»","https://afon.site/transport","ru_blog","ru","практика пользования SUBE глазами релоканта; блог января 2024 — до массового внедрения оплаты банковскими картами, эта часть устарела и скорректирована","no_or_not_recorded","recorded_article_level","Fact checker","content/knowledge-base/_index/content.json"
"circuito-callejero-de-potrero-de-los-funes:source:1","circuito-callejero-de-potrero-de-los-funes","/baza-znaniy/circuito-callejero-de-potrero-de-los-funes","Visit Argentina — Circuito callejero de Potrero de los Funes","https://www.argentina.travel/actividades/circuito-callejero-de-potrero-de-los-funes","official","es","INPROTUR; текст автопереведён, фото с официального CDN — атрибуция argentina.travel","yes","recorded_article_level","Fact checker","content/knowledge-base/_index/content.json"
"circuito-cultural-en-formosa:source:1","circuito-cultural-en-formosa","/baza-znaniy/circuito-cultural-en-formosa","Visit Argentina — Circuito cultural en Formosa","https://www.argentina.travel/actividades/circuito-cultural-en-formosa","official","es","INPROTUR; текст автопереведён, фото с официального CDN — атрибуция argentina.travel","yes","recorded_article_level","Fact checker","content/knowledge-base/_index/content.json"
"circuito-de-cervecerias-en-rosario:source:1","circuito-de-cervecerias-en-rosario","/baza-znaniy/circuito-de-cervecerias-en-rosario","Visit Argentina — Circuito de cervecerías en Rosario","https://www.argentina.travel/actividades/circuito-de-cervecerias-en-rosario","official","es","INPROTUR; текст автопереведён, фото с официального CDN — атрибуция argentina.travel","yes","recorded_article_level","Fact checker","content/knowledge-base/_index/content.json"
"circuito-gastronomico-en-el-rio-parana:source:1","circuito-gastronomico-en-el-rio-parana","/baza-znaniy/circuito-gastronomico-en-el-rio-parana","Visit Argentina — Circuito gastronómico en el río Paraná","https://www.argentina.travel/actividades/circuito-gastronomico-en-el-rio-parana","official","es","INPROTUR; текст автопереведён, фото с официального CDN — атрибуция argentina.travel","yes","recorded_article_level","Fact checker","content/knowledge-base/_index/content.json"
"ciudad-de-corrientes:source:1","ciudad-de-corrientes","/baza-znaniy/ciudad-de-corrientes","Visit Argentina — Ciudad de Corrientes","https://www.argentina.travel/actividades/ciudad-de-corrientes","official","es","INPROTUR; текст автопереведён, фото с официального CDN — атрибуция argentina.travel","yes","recorded_article_level","Content editor","content/knowledge-base/_index/content.json"
"ciudad-de-formosa:source:1","ciudad-de-formosa","/baza-znaniy/ciudad-de-formosa","Visit Argentina — Ciudad de Formosa","https://www.argentina.travel/actividades/ciudad-de-formosa","official","es","INPROTUR; текст автопереведён, фото с официального CDN — атрибуция argentina.travel","yes","recorded_article_level","Content editor","content/knowledge-base/_index/content.json"
"ciudad-de-salta:source:1","ciudad-de-salta","/baza-znaniy/ciudad-de-salta","Visit Argentina — Ciudad de Salta","https://www.argentina.travel/actividades/ciudad-de-salta","official","es","INPROTUR; текст автопереведён, фото с официального CDN — атрибуция argentina.travel","yes","recorded_article_level","Content editor","content/knowledge-base/_index/content.json"
"ciudad-de-san-juan:source:1","ciudad-de-san-juan","/baza-znaniy/ciudad-de-san-juan","Visit Argentina — Ciudad de San Juan","https://www.argentina.travel/actividades/ciudad-de-san-juan","official","es","INPROTUR; текст автопереведён, фото с официального CDN — атрибуция argentina.travel","yes","recorded_article_level","Content editor","content/knowledge-base/_index/content.json"
"ciudad-de-santa-fe:source:1","ciudad-de-santa-fe","/baza-znaniy/ciudad-de-santa-fe","Visit Argentina — Ciudad de Santa Fe","https://www.argentina.travel/actividades/ciudad-de-santa-fe","official","es","INPROTUR; текст автопереведён, фото с официального CDN — атрибуция argentina.travel","yes","recorded_article_level","Content editor","content/knowledge-base/_index/content.json"
"clorinda:source:1","clorinda","/baza-znaniy/clorinda","Visit Argentina — Clorinda","https://www.argentina.travel/actividades/clorinda","official","es","INPROTUR; текст автопереведён, фото с официального CDN — атрибуция argentina.travel","yes","recorded_article_level","Content editor","content/knowledge-base/_index/content.json"
"colon:source:1","colon","/baza-znaniy/colon","Visit Argentina — Colón","https://www.argentina.travel/actividades/colon","official","es","INPROTUR; текст автопереведён, фото с официального CDN — атрибуция argentina.travel","yes","recorded_article_level","Content editor","content/knowledge-base/_index/content.json"
"colonia-carlos-pellegrini:source:1","colonia-carlos-pellegrini","/baza-znaniy/colonia-carlos-pellegrini","Visit Argentina — Colonia Carlos Pellegrini","https://www.argentina.travel/actividades/colonia-carlos-pellegrini","official","es","INPROTUR; текст автопереведён, фото с официального CDN — атрибуция argentina.travel","yes","recorded_article_level","Content editor","content/knowledge-base/_index/content.json"
"colonia-menonita-en-la-pampa:source:1","colonia-menonita-en-la-pampa","/baza-znaniy/colonia-menonita-en-la-pampa","Visit Argentina — Colonia menonita en La Pampa","https://www.argentina.travel/actividades/colonia-menonita-en-la-pampa","official","es","INPROTUR; текст автопереведён, фото с официального CDN — атрибуция argentina.travel","yes","recorded_article_level","Content editor","content/knowledge-base/_index/content.json"
"colonia-suiza:source:1","colonia-suiza","/baza-znaniy/colonia-suiza","Visit Argentina — Colonia Suiza","https://www.argentina.travel/actividades/colonia-suiza","official","es","INPROTUR; текст автопереведён, фото с официального CDN — атрибуция argentina.travel","yes","recorded_article_level","Content editor","content/knowledge-base/_index/content.json"
"colonias-judias-en-santa-fe:source:1","colonias-judias-en-santa-fe","/baza-znaniy/colonias-judias-en-santa-fe","Visit Argentina — Colonias judías en Santa Fe","https://www.argentina.travel/actividades/colonias-judias-en-santa-fe","official","es","INPROTUR; текст автопереведён, фото с официального CDN — атрибуция argentina.travel","yes","recorded_article_level","Content editor","content/knowledge-base/_index/content.json"
"comandante-luis-piedrabuena:source:1","comandante-luis-piedrabuena","/baza-znaniy/comandante-luis-piedrabuena","Visit Argentina — Comandante Luis Piedrabuena","https://www.argentina.travel/actividades/comandante-luis-piedrabuena","official","es","INPROTUR; текст автопереведён, фото с официального CDN — атрибуция argentina.travel","yes","recorded_article_level","Content editor","content/knowledge-base/_index/content.json"
"comarca-andina-del-paralelo-42:source:1","comarca-andina-del-paralelo-42","/baza-znaniy/comarca-andina-del-paralelo-42","Visit Argentina — Comarca Andina del Paralelo 42","https://www.argentina.travel/actividades/comarca-andina-del-paralelo-42","official","es","INPROTUR; текст автопереведён, фото с официального CDN — атрибуция argentina.travel","yes","recorded_article_level","Content editor","content/knowledge-base/_index/content.json"
"cordero-patagonico:source:1","cordero-patagonico","/baza-znaniy/cordero-patagonico","Visit Argentina — Cordero patagónico","https://www.argentina.travel/actividades/cordero-patagonico","official","es","INPROTUR; текст автопереведён, фото с официального CDN — атрибуция argentina.travel","yes","recorded_article_level","Content editor","content/knowledge-base/_index/content.json"
"cordoba-de-las-campanas:source:1","cordoba-de-las-campanas","/baza-znaniy/cordoba-de-las-campanas","Visit Argentina — Córdoba de las campanas","https://www.argentina.travel/actividades/cordoba-de-las-campanas","official","es","INPROTUR; текст автопереведён, фото с официального CDN — атрибуция argentina.travel","yes","recorded_article_level","Content editor","content/knowledge-base/_index/content.json"
"corredor-de-la-puna:source:1","corredor-de-la-puna","/baza-znaniy/corredor-de-la-puna","Visit Argentina — Corredor de la Puna","https://www.argentina.travel/actividades/corredor-de-la-puna","official","es","INPROTUR; текст автопереведён, фото с официального CDN — атрибуция argentina.travel","yes","recorded_article_level","Content editor","content/knowledge-base/_index/content.json"
"corredor-del-viento:source:1","corredor-del-viento","/baza-znaniy/corredor-del-viento","Visit Argentina — Corredor del Viento","https://www.argentina.travel/actividades/corredor-del-viento","official","es","INPROTUR; текст автопереведён, фото с официального CDN — атрибуция argentina.travel","yes","recorded_article_level","Content editor","content/knowledge-base/_index/content.json"
"cosquin:source:1","cosquin","/baza-znaniy/cosquin","Visit Argentina — Cosquín","https://www.argentina.travel/actividades/cosquin","official","es","INPROTUR; текст автопереведён, фото с официального CDN — атрибуция argentina.travel","yes","recorded_article_level","Content editor","content/knowledge-base/_index/content.json"
"costa-atlantica-bonaerense:source:1","costa-atlantica-bonaerense","/baza-znaniy/costa-atlantica-bonaerense","Visit Argentina — Costa Atlántica Bonaerense","https://www.argentina.travel/actividades/costa-atlantica-bonaerense","official","es","INPROTUR; текст автопереведён, фото с официального CDN — атрибуция argentina.travel","yes","recorded_article_level","Content editor","content/knowledge-base/_index/content.json"
"costa-atlantica-de-la-provincia-de-buenos-aires:source:1","costa-atlantica-de-la-provincia-de-buenos-aires","/baza-znaniy/costa-atlantica-de-la-provincia-de-buenos-aires","Visit Argentina — Costa Atlántica de la provincia de Buenos Aires","https://www.argentina.travel/actividades/costa-atlantica-de-la-provincia-de-buenos-aires","official","es","INPROTUR; текст автопереведён, фото с официального CDN — атрибуция argentina.travel","yes","recorded_article_level","Content editor","content/knowledge-base/_index/content.json"
"costanera-de-corrientes:source:1","costanera-de-corrientes","/baza-znaniy/costanera-de-corrientes","Visit Argentina — Costanera de Corrientes","https://www.argentina.travel/actividades/costanera-de-corrientes","official","es","INPROTUR; текст автопереведён, фото с официального CDN — атрибуция argentina.travel","yes","recorded_article_level","Content editor","content/knowledge-base/_index/content.json"
"costanera-de-formosa:source:1","costanera-de-formosa","/baza-znaniy/costanera-de-formosa","Visit Argentina — Costanera de Formosa","https://www.argentina.travel/actividades/costanera-de-formosa","official","es","INPROTUR; текст автопереведён, фото с официального CDN — атрибуция argentina.travel","yes","recorded_article_level","Content editor","content/knowledge-base/_index/content.json"
"cruce-de-los-andes:source:1","cruce-de-los-andes","/baza-znaniy/cruce-de-los-andes","Visit Argentina — Cruce de los Andes","https://www.argentina.travel/actividades/cruce-de-los-andes","official","es","INPROTUR; текст автопереведён, фото с официального CDN — атрибуция argentina.travel","yes","recorded_article_level","Content editor","content/knowledge-base/_index/content.json"
"cuesta-del-viento:source:1","cuesta-del-viento","/baza-znaniy/cuesta-del-viento","Visit Argentina — Cuesta del Viento","https://www.argentina.travel/actividades/cuesta-del-viento","official","es","INPROTUR; текст автопереведён, фото с официального CDN — атрибуция argentina.travel","yes","recorded_article_level","Content editor","content/knowledge-base/_index/content.json"
"cueva-de-las-manos:source:1","cueva-de-las-manos","/baza-znaniy/cueva-de-las-manos","ЮНЕСКО / общие справочные данные (факты сверены, текст переписан)","https://whc.unesco.org/en/list/936/","official","en","объект ЮНЕСКО, каньон Рио-Пинтурас, отпечатки ладоней ~9000 лет","yes","recorded_article_level","Content editor","content/knowledge-base/_index/content.json"
"cultura-guarani-en-misiones:source:1","cultura-guarani-en-misiones","/baza-znaniy/cultura-guarani-en-misiones","Visit Argentina — Cultura guaraní en Misiones","https://www.argentina.travel/actividades/cultura-guarani-en-misiones","official","es","INPROTUR; текст автопереведён, фото с официального CDN — атрибуция argentina.travel","yes","recorded_article_level","Content editor","content/knowledge-base/_index/content.json"
"cusi-cusi:source:1","cusi-cusi","/baza-znaniy/cusi-cusi","Visit Argentina — Cusi Cusi","https://www.argentina.travel/actividades/cusi-cusi","official","es","INPROTUR; текст автопереведён, фото с официального CDN — атрибуция argentina.travel","yes","recorded_article_level","Content editor","content/knowledge-base/_index/content.json"
"cuyo:source:1","cuyo","/baza-znaniy/cuyo","Записи о Мендосе, Исчигуаласто и Талампае — эта же база знаний","../goroda/mendoza.md","aggregator","ru","not_recorded","no_or_not_recorded","recorded_article_level","Content editor","content/knowledge-base/_index/content.json"
"dalyokie-parki-nastroj-na-tishinu:source:1","dalyokie-parki-nastroj-na-tishinu","/baza-znaniy/dalyokie-parki-nastroj-na-tishinu","Национальный-парк-Патагония.md, Баньядо-ла-Эстрелья.md — разделы «Советы местного гида»","","aggregator","ru","обобщённый паттерн из двух лонгридов проекта","no_or_not_recorded","review_required","Content editor","content/knowledge-base/_index/content.json"
"delta-del-parana:source:1","delta-del-parana","/baza-znaniy/delta-del-parana","Visit Argentina — Delta del Paraná","https://www.argentina.travel/actividades/delta-del-parana","official","es","INPROTUR; текст автопереведён, фото с официального CDN — атрибуция argentina.travel","yes","recorded_article_level","Content editor","content/knowledge-base/_index/content.json"
"deportes-extremos-en-la-rioja:source:1","deportes-extremos-en-la-rioja","/baza-znaniy/deportes-extremos-en-la-rioja","Visit Argentina — Deportes extremos en La Rioja","https://www.argentina.travel/actividades/deportes-extremos-en-la-rioja","official","es","INPROTUR; текст автопереведён, фото с официального CDN — атрибуция argentina.travel","yes","recorded_article_level","Content editor","content/knowledge-base/_index/content.json"
"deportes-extremos-en-paso-de-la-patria:source:1","deportes-extremos-en-paso-de-la-patria","/baza-znaniy/deportes-extremos-en-paso-de-la-patria","Visit Argentina — Deportes extremos en Paso de la Patria","https://www.argentina.travel/actividades/deportes-extremos-en-paso-de-la-patria","official","es","INPROTUR; текст автопереведён, фото с официального CDN — атрибуция argentina.travel","yes","recorded_article_level","Content editor","content/knowledge-base/_index/content.json"
"dikaya-priroda:source:1","dikaya-priroda","/baza-znaniy/dikaya-priroda","Записи национальных парков и резерватов этой базы знаний","../natsionalnye-parki/peninsula-valdes.md","aggregator","ru","виды и сезоны сведены из записей о Вальдесе, Пунта-Томбо, Ибере, Огненной Земле и др.","no_or_not_recorded","recorded_article_level","Content editor","content/knowledge-base/_index/content.json"
"dinosaurios-de-la-patagonia:source:1","dinosaurios-de-la-patagonia","/baza-znaniy/dinosaurios-de-la-patagonia","Visit Argentina — Dinosaurios de la Patagonia","https://www.argentina.travel/actividades/dinosaurios-de-la-patagonia","official","es","INPROTUR; текст автопереведён, фото с официального CDN — атрибуция argentina.travel","yes","recorded_article_level","Content editor","content/knowledge-base/_index/content.json"
"dinosaurios-en-neuquen:source:1","dinosaurios-en-neuquen","/baza-znaniy/dinosaurios-en-neuquen","Visit Argentina — Dinosaurios en Neuquén","https://www.argentina.travel/actividades/dinosaurios-en-neuquen","official","es","INPROTUR; текст автопереведён, фото с официального CDN — атрибуция argentina.travel","yes","recorded_article_level","Content editor","content/knowledge-base/_index/content.json"
"dique-piscu-yacu:source:1","dique-piscu-yacu","/baza-znaniy/dique-piscu-yacu","Visit Argentina — Dique Piscu Yacu","https://www.argentina.travel/actividades/dique-piscu-yacu","official","es","INPROTUR; текст автопереведён, фото с официального CDN — атрибуция argentina.travel","yes","recorded_article_level","Content editor","content/knowledge-base/_index/content.json"
"dni-cuil:source:1","dni-cuil","/baza-znaniy/dni-cuil","Argentina.gob.ar — DNI для иностранцев в стране","https://www.argentina.gob.ar/interior/dni/extranjeros","official","es","not_recorded","yes","recorded_article_level","Fact checker","content/knowledge-base/_index/content.json"
"dni-cuil:source:2","dni-cuil","/baza-znaniy/dni-cuil","RENAPER — тарифы и mi trámite","https://mitramite.renaper.gob.ar/","official","es","not_recorded","yes","recorded_article_level","Fact checker","content/knowledge-base/_index/content.json"
"dni-cuil:source:3","dni-cuil","/baza-znaniy/dni-cuil","ARCA (бывшая AFIP) — CUIT и монотрибуто","https://www.afip.gob.ar/","official","es","not_recorded","yes","recorded_article_level","Fact checker","content/knowledge-base/_index/content.json"
"dni-cuil-cuit-putanitsa:source:1","dni-cuil-cuit-putanitsa","/baza-znaniy/dni-cuil-cuit-putanitsa","Переезд-DNI-и-CUIL-пошагово.md, Переезд-Банковский-счёт-и-финансы.md — разделы «Практические советы» и «Частые ошибки»","","aggregator","ru","извлечено из готовых лонгридов проекта","no_or_not_recorded","review_required","Fact checker","content/knowledge-base/_index/content.json"
"dokumenty-dlya-poezdki-na-avto:source:1","dokumenty-dlya-poezdki-na-avto","/baza-znaniy/dokumenty-dlya-poezdki-na-avto","Argentina.gob.ar — Documentación obligatoria para circular","https://www.argentina.gob.ar/seguridadvial/licencianacional/documentacion","official","es","официальный обязательный набор документов для управления автомобилем","yes","recorded_article_level","Fact checker","content/knowledge-base/_index/content.json"
"dokumenty-dlya-poezdki-na-avto:source:2","dokumenty-dlya-poezdki-na-avto","/baza-znaniy/dokumenty-dlya-poezdki-na-avto","Argentina.gob.ar (Mi Argentina) — Los papeles de tu vehículo en tu teléfono","https://www.argentina.gob.ar/miargentina/servicios/papeles-del-vehiculo","official","es","цифровые версии cédula, страховки и техосмотра в приложении Mi Argentina","yes","recorded_article_level","Fact checker","content/knowledge-base/_index/content.json"
"dostupnaya-sreda-i-invalidnost:source:1","dostupnaya-sreda-i-invalidnost","/baza-znaniy/dostupnaya-sreda-i-invalidnost","Agencia Nacional de Discapacidad (ANDIS) — CUD и права людей с инвалидностью","https://www.argentina.gob.ar/andis","official","es","официальная информация о CUD и льготах; проверять актуальные процедуры","yes","recorded_article_level","Content editor","content/knowledge-base/_index/content.json"
"dunas-de-taton:source:1","dunas-de-taton","/baza-znaniy/dunas-de-taton","Visit Argentina — Dunas de Tatón","https://www.argentina.travel/actividades/dunas-de-taton","official","es","INPROTUR; текст автопереведён, фото с официального CDN — атрибуция argentina.travel","yes","recorded_article_level","Content editor","content/knowledge-base/_index/content.json"
"el-bolson:source:1","el-bolson","/baza-znaniy/el-bolson","Visit Argentina — El Bolsón","https://www.argentina.travel/actividades/el-bolson","official","es","INPROTUR; текст автопереведён, фото с официального CDN — атрибуция argentina.travel","yes","recorded_article_level","Content editor","content/knowledge-base/_index/content.json"
"el-calafate:source:1","el-calafate","/baza-znaniy/el-calafate","Visit Argentina — El Calafate","https://www.argentina.travel/actividades/el-calafate","official","es","INPROTUR; текст автопереведён, фото с официального CDN — атрибуция argentina.travel","yes","recorded_article_level","Content editor","content/knowledge-base/_index/content.json"
"el-chaku:source:1","el-chaku","/baza-znaniy/el-chaku","Visit Argentina — El Chaku","https://www.argentina.travel/actividades/el-chaku","official","es","INPROTUR; текст автопереведён, фото с официального CDN — атрибуция argentina.travel","yes","recorded_article_level","Content editor","content/knowledge-base/_index/content.json"
"el-chalten:source:1","el-chalten","/baza-znaniy/el-chalten","Visit Argentina — El Chaltén","https://www.argentina.travel/actividades/el-chalten","official","es","INPROTUR; текст автопереведён, фото с официального CDN — атрибуция argentina.travel","yes","recorded_article_level","Content editor","content/knowledge-base/_index/content.json"
"el-curanto:source:1","el-curanto","/baza-znaniy/el-curanto","Visit Argentina — El curanto","https://www.argentina.travel/actividades/el-curanto","official","es","INPROTUR; текст автопереведён, фото с официального CDN — атрибуция argentina.travel","yes","recorded_article_level","Content editor","content/knowledge-base/_index/content.json"
"el-gaucho:source:1","el-gaucho","/baza-znaniy/el-gaucho","Visit Argentina — El Gaucho","https://www.argentina.travel/actividades/el-gaucho","official","es","INPROTUR; текст автопереведён, фото с официального CDN — атрибуция argentina.travel","yes","recorded_article_level","Content editor","content/knowledge-base/_index/content.json"
"el-hoyo:source:1","el-hoyo","/baza-znaniy/el-hoyo","Visit Argentina — El Hoyo","https://www.argentina.travel/actividades/el-hoyo","official","es","INPROTUR; текст автопереведён, фото с официального CDN — атрибуция argentina.travel","yes","recorded_article_level","Content editor","content/knowledge-base/_index/content.json"
"el-mate:source:1","el-mate","/baza-znaniy/el-mate","Visit Argentina — El Mate","https://www.argentina.travel/actividades/el-mate","official","es","INPROTUR; текст автопереведён, фото с официального CDN — атрибуция argentina.travel","yes","recorded_article_level","Content editor","content/knowledge-base/_index/content.json"
"el-nihuil:source:1","el-nihuil","/baza-znaniy/el-nihuil","Visit Argentina — El Nihuil","https://www.argentina.travel/actividades/el-nihuil","official","es","INPROTUR; текст автопереведён, фото с официального CDN — атрибуция argentina.travel","yes","recorded_article_level","Content editor","content/knowledge-base/_index/content.json"
"el-obelisco-de-cafayate:source:1","el-obelisco-de-cafayate","/baza-znaniy/el-obelisco-de-cafayate","Visit Argentina — El Obelisco de Cafayate","https://www.argentina.travel/actividades/el-obelisco-de-cafayate","official","es","INPROTUR; текст автопереведён, фото с официального CDN — атрибуция argentina.travel","yes","recorded_article_level","Content editor","content/knowledge-base/_index/content.json"
"el-rodeo:source:1","el-rodeo","/baza-znaniy/el-rodeo","Visit Argentina — El Rodeo","https://www.argentina.travel/actividades/el-rodeo","official","es","INPROTUR; текст автопереведён, фото с официального CDN — атрибуция argentina.travel","yes","recorded_article_level","Content editor","content/knowledge-base/_index/content.json"
"el-salitral-encantado:source:1","el-salitral-encantado","/baza-znaniy/el-salitral-encantado","Visit Argentina — El Salitral Encantado","https://www.argentina.travel/actividades/el-salitral-encantado","official","es","INPROTUR; текст автопереведён, фото с официального CDN — атрибуция argentina.travel","yes","recorded_article_level","Content editor","content/knowledge-base/_index/content.json"
"el-sauzalito:source:1","el-sauzalito","/baza-znaniy/el-sauzalito","Visit Argentina — El Sauzalito","https://www.argentina.travel/actividades/el-sauzalito","official","es","INPROTUR; текст автопереведён, фото с официального CDN — атрибуция argentina.travel","yes","recorded_article_level","Content editor","content/knowledge-base/_index/content.json"
"el-sosneado:source:1","el-sosneado","/baza-znaniy/el-sosneado","Visit Argentina — El Sosneado","https://www.argentina.travel/actividades/el-sosneado","official","es","INPROTUR; текст автопереведён, фото с официального CDN — атрибуция argentina.travel","yes","recorded_article_level","Content editor","content/knowledge-base/_index/content.json"
"el-trapiche:source:1","el-trapiche","/baza-znaniy/el-trapiche","Visit Argentina — El Trapiche","https://www.argentina.travel/actividades/el-trapiche","official","es","INPROTUR; текст автопереведён, фото с официального CDN — атрибуция argentina.travel","yes","recorded_article_level","Content editor","content/knowledge-base/_index/content.json"
"el-tren-patagonico:source:1","el-tren-patagonico","/baza-znaniy/el-tren-patagonico","Visit Argentina — El Tren Patagónico","https://www.argentina.travel/actividades/el-tren-patagonico","official","es","INPROTUR; текст автопереведён, фото с официального CDN — атрибуция argentina.travel","yes","recorded_article_level","Content editor","content/knowledge-base/_index/content.json"
"el-vino-malbec:source:1","el-vino-malbec","/baza-znaniy/el-vino-malbec","Visit Argentina — El Vino Malbec","https://www.argentina.travel/actividades/el-vino-malbec","official","es","INPROTUR; текст автопереведён, фото с официального CDN — атрибуция argentina.travel","yes","recorded_article_level","Content editor","content/knowledge-base/_index/content.json"
"eldorado:source:1","eldorado","/baza-znaniy/eldorado","Visit Argentina — Eldorado","https://www.argentina.travel/actividades/eldorado","official","es","INPROTUR; текст автопереведён, фото с официального CDN — атрибуция argentina.travel","yes","recorded_article_level","Content editor","content/knowledge-base/_index/content.json"
"empanadas:source:1","empanadas","/baza-znaniy/empanadas","Wikipedia (ES) — Empanada argentina","https://es.wikipedia.org/wiki/Empanada#Argentina","aggregator","es","региональные варианты, repulgue, начинки, печёные/жареные","no_or_not_recorded","recorded_article_level","Content editor","content/knowledge-base/_index/content.json"
"empedrado:source:1","empedrado","/baza-znaniy/empedrado","Visit Argentina — Empedrado","https://www.argentina.travel/actividades/empedrado","official","es","INPROTUR; текст автопереведён, фото с официального CDN — атрибуция argentina.travel","yes","recorded_article_level","Content editor","content/knowledge-base/_index/content.json"
"empedrado-y-el-carrizal:source:1","empedrado-y-el-carrizal","/baza-znaniy/empedrado-y-el-carrizal","Visit Argentina — Empedrado y El Carrizal","https://www.argentina.travel/actividades/empedrado-y-el-carrizal","official","es","INPROTUR; текст автопереведён, фото с официального CDN — атрибуция argentina.travel","yes","recorded_article_level","Content editor","content/knowledge-base/_index/content.json"
"epuyen:source:1","epuyen","/baza-znaniy/epuyen","Visit Argentina — Epuyén","https://www.argentina.travel/actividades/epuyen","official","es","INPROTUR; текст автопереведён, фото с официального CDN — атрибуция argentina.travel","yes","recorded_article_level","Content editor","content/knowledge-base/_index/content.json"
"esim-i-svyaz:source:1","esim-i-svyaz","/baza-znaniy/esim-i-svyaz","Airalo — eSIM для Аргентины","https://www.airalo.com/argentina-esim","en_source","en","цены, сеть Movistar","no_or_not_recorded","recorded_article_level","Fact checker","content/knowledge-base/_index/content.json"
"esim-i-svyaz:source:2","esim-i-svyaz","/baza-znaniy/esim-i-svyaz","Holafly — безлимитный eSIM для Аргентины","https://esim.holafly.com/esim-argentina/","en_source","en","not_recorded","no_or_not_recorded","recorded_article_level","Fact checker","content/knowledge-base/_index/content.json"
"esquina:source:1","esquina","/baza-znaniy/esquina","Visit Argentina — Esquina","https://www.argentina.travel/actividades/esquina","official","es","INPROTUR; текст автопереведён, фото с официального CDN — атрибуция argentina.travel","yes","recorded_article_level","Content editor","content/knowledge-base/_index/content.json"
"estancias-turisticas-de-campo:source:1","estancias-turisticas-de-campo","/baza-znaniy/estancias-turisticas-de-campo","Visit Argentina — Estancias turísticas de campo","https://www.argentina.travel/actividades/estancias-turisticas-de-campo","official","es","INPROTUR; текст автопереведён, фото с официального CDN — атрибуция argentina.travel","yes","recorded_article_level","Content editor","content/knowledge-base/_index/content.json"
"expedicion-al-avion-de-los-uruguayos:source:1","expedicion-al-avion-de-los-uruguayos","/baza-znaniy/expedicion-al-avion-de-los-uruguayos","Visit Argentina — Expedición al avión de los uruguayos","https://www.argentina.travel/actividades/expedicion-al-avion-de-los-uruguayos","official","es","INPROTUR; текст автопереведён, фото с официального CDN — атрибуция argentina.travel","yes","recorded_article_level","Content editor","content/knowledge-base/_index/content.json"
"expediciones-en-el-lago-huechulafquen:source:1","expediciones-en-el-lago-huechulafquen","/baza-znaniy/expediciones-en-el-lago-huechulafquen","Visit Argentina — Expediciones en el lago Huechulafquen","https://www.argentina.travel/actividades/expediciones-en-el-lago-huechulafquen","official","es","INPROTUR; текст автопереведён, фото с официального CDN — атрибуция argentina.travel","yes","recorded_article_level","Content editor","content/knowledge-base/_index/content.json"
"falshivye-policejskie-i-obmenniki:source:1","falshivye-policejskie-i-obmenniki","/baza-znaniy/falshivye-policejskie-i-obmenniki","Деньги-как-менять-валюту-Аргентина.md, Практика-Безопасность-в-Аргентине.md — разделы «Практические советы» и «Частые ошибки»","","aggregator","ru","извлечено из готовых лонгридов проекта","no_or_not_recorded","review_required","Fact checker","content/knowledge-base/_index/content.json"
"federacion:source:1","federacion","/baza-znaniy/federacion","Visit Argentina — Federación","https://www.argentina.travel/actividades/federacion","official","es","INPROTUR; текст автопереведён, фото с официального CDN — атрибуция argentina.travel","yes","recorded_article_level","Content editor","content/knowledge-base/_index/content.json"
"feria-de-simoca:source:1","feria-de-simoca","/baza-znaniy/feria-de-simoca","Visit Argentina — Feria de Simoca","https://www.argentina.travel/actividades/feria-de-simoca","official","es","INPROTUR; текст автопереведён, фото с официального CDN — атрибуция argentina.travel","yes","recorded_article_level","Content editor","content/knowledge-base/_index/content.json"
"festival-de-cosquin:source:1","festival-de-cosquin","/baza-znaniy/festival-de-cosquin","Visit Argentina — Festival de Cosquín","https://www.argentina.travel/actividades/festival-de-cosquin","official","es","INPROTUR; текст автопереведён, фото с официального CDN — атрибуция argentina.travel","yes","recorded_article_level","Content editor","content/knowledge-base/_index/content.json"
"fiambala:source:1","fiambala","/baza-znaniy/fiambala","Visit Argentina — Fiambalá","https://www.argentina.travel/actividades/fiambala","official","es","INPROTUR; текст автопереведён, фото с официального CDN — атрибуция argentina.travel","yes","recorded_article_level","Content editor","content/knowledge-base/_index/content.json"
"fiesta-nacional-del-canotaje-en-chaco:source:1","fiesta-nacional-del-canotaje-en-chaco","/baza-znaniy/fiesta-nacional-del-canotaje-en-chaco","Visit Argentina — Fiesta Nacional del Canotaje en Chaco","https://www.argentina.travel/actividades/fiesta-nacional-del-canotaje-en-chaco","official","es","INPROTUR; текст автопереведён, фото с официального CDN — атрибуция argentina.travel","yes","recorded_article_level","Content editor","content/knowledge-base/_index/content.json"
"fiesta-nacional-del-sol-en-san-juan:source:1","fiesta-nacional-del-sol-en-san-juan","/baza-znaniy/fiesta-nacional-del-sol-en-san-juan","Visit Argentina — Fiesta Nacional del Sol en San Juan","https://www.argentina.travel/actividades/fiesta-nacional-del-sol-en-san-juan","official","es","INPROTUR; текст автопереведён, фото с официального CDN — атрибуция argentina.travel","yes","recorded_article_level","Content editor","content/knowledge-base/_index/content.json"
"fiestas-y-festivales-en-cordoba:source:1","fiestas-y-festivales-en-cordoba","/baza-znaniy/fiestas-y-festivales-en-cordoba","Visit Argentina — Fiestas y festivales en Córdoba","https://www.argentina.travel/actividades/fiestas-y-festivales-en-cordoba","official","es","INPROTUR; текст автопереведён, фото с официального CDN — атрибуция argentina.travel","yes","recorded_article_level","Content editor","content/knowledge-base/_index/content.json"
"folklor-i-muzyka:source:1","folklor-i-muzyka","/baza-znaniy/folklor-i-muzyka","Wikipedia (ES) — Folclore de Argentina","https://es.wikipedia.org/wiki/Folclore_de_Argentina","aggregator","es","жанры (самба, чакарера), инструменты, пеньи, фестиваль Коскин","no_or_not_recorded","recorded_article_level","Content editor","content/knowledge-base/_index/content.json"
"folklor-i-muzyka:source:2","folklor-i-muzyka","/baza-znaniy/folklor-i-muzyka","Wikipedia (ES) — Rock nacional (Argentina)","https://es.wikipedia.org/wiki/Rock_de_Argentina","aggregator","es","история и значение национального рока","no_or_not_recorded","recorded_article_level","Content editor","content/knowledge-base/_index/content.json"
"formosa:source:1","formosa","/baza-znaniy/formosa","Wikipedia (EN) — Formosa, Argentina","https://en.wikipedia.org/wiki/Formosa,_Argentina","aggregator","en","население, координаты, аэропорт, порт на Альберди, климат Кёппена","no_or_not_recorded","recorded_article_level","Content editor","content/knowledge-base/_index/content.json"
"formosa:source:2","formosa","/baza-znaniy/formosa","Wikipedia (ES) — Formosa (ciudad)","https://es.wikipedia.org/wiki/Formosa_(ciudad)","aggregator","es","перепись 2010 (222 226 чел.), основание 1879, мост в Клоринде vs паром на Альберди, климатические данные","no_or_not_recorded","recorded_article_level","Content editor","content/knowledge-base/_index/content.json"
"formosa:source:3","formosa","/baza-znaniy/formosa","Argentina.gob.ar — Pasos Internacionales: Puerto Formosa - Puerto Alberdi","https://www.argentina.gob.ar/seguridad/pasosinternacionales/detalle/rio/70/Puerto-Formosa-Puerto-Alberdi","official","es","официальное подтверждение: переправа Формоса-Альберди — только лодка (lancha de pasajeros), без проезда транспорта, ограниченный график работы","yes","recorded_article_level","Content editor","content/knowledge-base/_index/content.json"
"formosa:source:4","formosa","/baza-znaniy/formosa","Tourister.ru — Формоса, Аргентина: путеводитель","https://www.tourister.ru/world/america/argentina/city/formosa","ru_blog","ru","общая характеристика малотуристического статуса города","no_or_not_recorded","recorded_article_level","Content editor","content/knowledge-base/_index/content.json"
"frutas-de-pepita-en-el-alto-valle-del-rio-negro:source:1","frutas-de-pepita-en-el-alto-valle-del-rio-negro","/baza-znaniy/frutas-de-pepita-en-el-alto-valle-del-rio-negro","Visit Argentina — Frutas de pepita en el Alto Valle del río Negro","https://www.argentina.travel/actividades/frutas-de-pepita-en-el-alto-valle-del-rio-negro","official","es","INPROTUR; текст автопереведён, фото с официального CDN — атрибуция argentina.travel","yes","recorded_article_level","Content editor","content/knowledge-base/_index/content.json"
"futbol:source:1","futbol","/baza-znaniy/futbol","Внутренняя база «Пора в Аргентину» — обзор операторов туров на футбольные матчи 2026","","ru_blog","ru","LandingPad BA, Homefans, Pibe de Barrio, Argentina4u и аналогичные специализированные операторы","no_or_not_recorded","review_required","Content editor","content/knowledge-base/_index/content.json"
"futbol-kak-popast-bez-skama:source:1","futbol-kak-popast-bez-skama","/baza-znaniy/futbol-kak-popast-bez-skama","Культура-Футбол-в-Аргентине.md — разделы «Практические советы» и «Частые ошибки»","","aggregator","ru","извлечено из готового лонгрида проекта","no_or_not_recorded","review_required","Fact checker","content/knowledge-base/_index/content.json"
"gaiman:source:1","gaiman","/baza-znaniy/gaiman","Visit Argentina — Gaiman","https://www.argentina.travel/actividades/gaiman","official","es","INPROTUR; текст автопереведён, фото с официального CDN — атрибуция argentina.travel","yes","recorded_article_level","Content editor","content/knowledge-base/_index/content.json"
"galeses-en-argentina:source:1","galeses-en-argentina","/baza-znaniy/galeses-en-argentina","Visit Argentina — Galeses en Argentina","https://www.argentina.travel/actividades/galeses-en-argentina","official","es","INPROTUR; текст автопереведён, фото с официального CDN — атрибуция argentina.travel","yes","recorded_article_level","Content editor","content/knowledge-base/_index/content.json"
"gastronomia-de-chaco:source:1","gastronomia-de-chaco","/baza-znaniy/gastronomia-de-chaco","Visit Argentina — Gastronomía de Chaco","https://www.argentina.travel/actividades/gastronomia-de-chaco","official","es","INPROTUR; текст автопереведён, фото с официального CDN — атрибуция argentina.travel","yes","recorded_article_level","Content editor","content/knowledge-base/_index/content.json"
"gastronomia-de-entre-rios:source:1","gastronomia-de-entre-rios","/baza-znaniy/gastronomia-de-entre-rios","Visit Argentina — Gastronomía de Entre Ríos","https://www.argentina.travel/actividades/gastronomia-de-entre-rios","official","es","INPROTUR; текст автопереведён, фото с официального CDN — атрибуция argentina.travel","yes","recorded_article_level","Content editor","content/knowledge-base/_index/content.json"
"gastronomia-de-jujuy:source:1","gastronomia-de-jujuy","/baza-znaniy/gastronomia-de-jujuy","Visit Argentina — Gastronomía de Jujuy","https://www.argentina.travel/actividades/gastronomia-de-jujuy","official","es","INPROTUR; текст автопереведён, фото с официального CDN — атрибуция argentina.travel","yes","recorded_article_level","Content editor","content/knowledge-base/_index/content.json"
"gastronomia-de-la-pampa:source:1","gastronomia-de-la-pampa","/baza-znaniy/gastronomia-de-la-pampa","Visit Argentina — Gastronomía de La Pampa","https://www.argentina.travel/actividades/gastronomia-de-la-pampa","official","es","INPROTUR; текст автопереведён, фото с официального CDN — атрибуция argentina.travel","yes","recorded_article_level","Content editor","content/knowledge-base/_index/content.json"
"gastronomia-de-misiones:source:1","gastronomia-de-misiones","/baza-znaniy/gastronomia-de-misiones","Visit Argentina — Gastronomía de Misiones","https://www.argentina.travel/actividades/gastronomia-de-misiones","official","es","INPROTUR; текст автопереведён, фото с официального CDN — атрибуция argentina.travel","yes","recorded_article_level","Content editor","content/knowledge-base/_index/content.json"
"gastronomia-de-tierra-del-fuego:source:1","gastronomia-de-tierra-del-fuego","/baza-znaniy/gastronomia-de-tierra-del-fuego","Visit Argentina — Gastronomía de Tierra del Fuego","https://www.argentina.travel/actividades/gastronomia-de-tierra-del-fuego","official","es","INPROTUR; текст автопереведён, фото с официального CDN — атрибуция argentina.travel","yes","recorded_article_level","Content editor","content/knowledge-base/_index/content.json"
"gastronomia-en-cordoba:source:1","gastronomia-en-cordoba","/baza-znaniy/gastronomia-en-cordoba","Visit Argentina — Gastronomía en Córdoba","https://www.argentina.travel/actividades/gastronomia-en-cordoba","official","es","INPROTUR; текст автопереведён, фото с официального CDN — атрибуция argentina.travel","yes","recorded_article_level","Content editor","content/knowledge-base/_index/content.json"
"gastronomia-en-santa-fe:source:1","gastronomia-en-santa-fe","/baza-znaniy/gastronomia-en-santa-fe","Visit Argentina — Gastronomía en Santa Fe","https://www.argentina.travel/actividades/gastronomia-en-santa-fe","official","es","INPROTUR; текст автопереведён, фото с официального CDN — атрибуция argentina.travel","yes","recorded_article_level","Content editor","content/knowledge-base/_index/content.json"
"gastronomia-en-santiago-del-estero:source:1","gastronomia-en-santiago-del-estero","/baza-znaniy/gastronomia-en-santiago-del-estero","Visit Argentina — Gastronomía en Santiago del Estero","https://www.argentina.travel/actividades/gastronomia-en-santiago-del-estero","official","es","INPROTUR; текст автопереведён, фото с официального CDN — атрибуция argentina.travel","yes","recorded_article_level","Content editor","content/knowledge-base/_index/content.json"
"gastronomia-portena:source:1","gastronomia-portena","/baza-znaniy/gastronomia-portena","Visit Argentina — Gastronomía porteña","https://www.argentina.travel/actividades/gastronomia-portena","official","es","INPROTUR; текст автопереведён, фото с официального CDN — атрибуция argentina.travel","yes","recorded_article_level","Content editor","content/knowledge-base/_index/content.json"
"gde-luchshiy-karnaval-v-argentine:source:1","gde-luchshiy-karnaval-v-argentine","/baza-znaniy/gde-luchshiy-karnaval-v-argentine","Municipalidad de Corrientes — Carnavales Correntinos","https://ciudaddecorrientes.gov.ar/carnavales","official","es","формат карнавала Корриентеса, корсодром, статус «Capital Nacional del Carnaval»","yes","recorded_article_level","Content editor","content/knowledge-base/_index/content.json"
"gde-luchshiy-karnaval-v-argentine:source:2","gde-luchshiy-karnaval-v-argentine","/baza-znaniy/gde-luchshiy-karnaval-v-argentine","La Nación — Carnaval de Gualeguaychú 2026: cuándo desfilan las carrozas en «la fiesta más grande del país»","https://www.lanacion.com.ar/que-sale/carnaval-de-gualeguaychu-2026-cuando-desfilan-las-carrozas-en-la-fiesta-mas-grande-del-pais-nid25112025/","es_source","es","свежая перепроверка: масштаб и даты сезона Гуалегуайчу 2026 (11 ночей с начала января)","no_or_not_recorded","recorded_article_level","Content editor","content/knowledge-base/_index/content.json"
"gde-luchshiy-karnaval-v-argentine:source:3","gde-luchshiy-karnaval-v-argentine","/baza-znaniy/gde-luchshiy-karnaval-v-argentine","Identidad Correntina — Carnaval 2026: Corrientes busca revalidar su título nacional","https://www.identidadcorrentina.com.ar/noticia/26780_carnaval-2026-corrientes-busca-revalidar-su-ttulo-nacional.htm","es_source","es","спор титулов 2026: Гуалегуайчу получил статус Fiesta Nacional del Carnaval del País, Корриентес сохраняет титул столицы карнавала","no_or_not_recorded","recorded_article_level","Content editor","content/knowledge-base/_index/content.json"
"general-acha:source:1","general-acha","/baza-znaniy/general-acha","Visit Argentina — General Acha","https://www.argentina.travel/actividades/general-acha","official","es","INPROTUR; текст автопереведён, фото с официального CDN — атрибуция argentina.travel","yes","recorded_article_level","Content editor","content/knowledge-base/_index/content.json"
"glaciar-huemul:source:1","glaciar-huemul","/baza-znaniy/glaciar-huemul","Visit Argentina — Glaciar Huemul","https://www.argentina.travel/actividades/glaciar-huemul","official","es","INPROTUR; текст автопереведён, фото с официального CDN — атрибуция argentina.travel","yes","recorded_article_level","Content editor","content/knowledge-base/_index/content.json"
"glaciar-ojo-del-albino:source:1","glaciar-ojo-del-albino","/baza-znaniy/glaciar-ojo-del-albino","Visit Argentina — Glaciar Ojo del Albino","https://www.argentina.travel/actividades/glaciar-ojo-del-albino","official","es","INPROTUR; текст автопереведён, фото с официального CDN — атрибуция argentina.travel","yes","recorded_article_level","Content editor","content/knowledge-base/_index/content.json"
"golf-en-mendoza:source:1","golf-en-mendoza","/baza-znaniy/golf-en-mendoza","Visit Argentina — Golf en Mendoza","https://www.argentina.travel/actividades/golf-en-mendoza","official","es","INPROTUR; текст автопереведён, фото с официального CDN — атрибуция argentina.travel","yes","recorded_article_level","Content editor","content/knowledge-base/_index/content.json"
"golf-en-tierra-del-fuego:source:1","golf-en-tierra-del-fuego","/baza-znaniy/golf-en-tierra-del-fuego","Visit Argentina — Golf en Tierra del Fuego","https://www.argentina.travel/actividades/golf-en-tierra-del-fuego","official","es","INPROTUR; текст автопереведён, фото с официального CDN — атрибуция argentina.travel","yes","recorded_article_level","Content editor","content/knowledge-base/_index/content.json"
"gosudarstvennye-prilozheniya:source:1","gosudarstvennye-prilozheniya","/baza-znaniy/gosudarstvennye-prilozheniya","Argentina.gob.ar — Mi Argentina (приложение)","https://www.argentina.gob.ar/aplicaciones/mi-argentina","official","es","единый цифровой профиль гражданина: документы, credenciales, turnos","yes","recorded_article_level","Fact checker","content/knowledge-base/_index/content.json"
"gosudarstvennye-prilozheniya:source:2","gosudarstvennye-prilozheniya","/baza-znaniy/gosudarstvennye-prilozheniya","Argentina.gob.ar — Licencia de conducir digital (Mi Argentina)","https://www.argentina.gob.ar/miargentina/servicios/licencia-digital","official","es","цифровые права с QR, обновляемым каждые 24 часа; действительны по всей стране","yes","recorded_article_level","Fact checker","content/knowledge-base/_index/content.json"
"gosudarstvennye-prilozheniya:source:3","gosudarstvennye-prilozheniya","/baza-znaniy/gosudarstvennye-prilozheniya","Argentina.gob.ar — Los papeles de tu vehículo en tu teléfono","https://www.argentina.gob.ar/miargentina/servicios/papeles-del-vehiculo","official","es","cédula, страховка и техосмотр в цифровом виде","yes","recorded_article_level","Fact checker","content/knowledge-base/_index/content.json"
"govoryat-li-v-argentine-po-anglijski:source:1","govoryat-li-v-argentine-po-anglijski","/baza-znaniy/govoryat-li-v-argentine-po-anglijski","Гайд по испанскому для путешественника — эта же база знаний","../kultura/ispanskij-dlya-puteshestvennika.md","aggregator","ru","полезные фразы и особенности аргентинского испанского","no_or_not_recorded","recorded_article_level","Fact checker","content/knowledge-base/_index/content.json"
"grazhdanstvo:source:1","grazhdanstvo","/baza-znaniy/grazhdanstvo","Argentina.gob.ar / Migraciones — Migraciones otorgará la ciudadanía argentina","https://www.argentina.gob.ar/servicio/migraciones-otorgara-la-ciudadania-argentina","official","es","not_recorded","yes","recorded_article_level","Fact checker","content/knowledge-base/_index/content.json"
"grazhdanstvo:source:2","grazhdanstvo","/baza-znaniy/grazhdanstvo","RaDEX — шаги оформления гражданства","https://www.migraciones.gob.ar/radex/inicio-pasos-ciudadania.html","official","es","not_recorded","yes","recorded_article_level","Fact checker","content/knowledge-base/_index/content.json"
"grazhdanstvo:source:3","grazhdanstvo","/baza-znaniy/grazhdanstvo","Boletín Oficial — Decreto 366/2025","https://www.boletinoficial.gob.ar/detalleAviso/primera/326096/20250529","official","es","текст реформы, перенос натурализации в ведение DNM","yes","recorded_article_level","Fact checker","content/knowledge-base/_index/content.json"
"gualeguaychu:source:1","gualeguaychu","/baza-znaniy/gualeguaychu","Visit Argentina — Gualeguaychú","https://www.argentina.travel/actividades/gualeguaychu","official","es","INPROTUR; текст автопереведён, фото с официального CDN — атрибуция argentina.travel","yes","recorded_article_level","Content editor","content/knowledge-base/_index/content.json"
"herradura:source:1","herradura","/baza-znaniy/herradura","Visit Argentina — Herradura","https://www.argentina.travel/actividades/herradura","official","es","INPROTUR; текст автопереведён, фото с официального CDN — атрибуция argentina.travel","yes","recorded_article_level","Content editor","content/knowledge-base/_index/content.json"
"humahuaca:source:1","humahuaca","/baza-znaniy/humahuaca","Visit Argentina — Humahuaca","https://www.argentina.travel/actividades/humahuaca","official","es","INPROTUR; текст автопереведён, фото с официального CDN — атрибуция argentina.travel","yes","recorded_article_level","Content editor","content/knowledge-base/_index/content.json"
"ibera:source:1","ibera","/baza-znaniy/ibera","APN — Ficha del área protegida, Parque Nacional Iberá","https://www.argentina.gob.ar/parquesnacionales/nea/parque-nacional-ibera/ficha-del-area-protegida","official","es","площадь, год создания, структура порталов; обновлено 28.05.2026","yes","recorded_article_level","Content editor","content/knowledge-base/_index/content.json"
"ibera:source:2","ibera","/baza-znaniy/ibera","Provincia de Corrientes — Parque Iberá","https://parqueibera.gob.ar/","official","es","порталы, доступ, провинциальный резерват","yes","recorded_article_level","Content editor","content/knowledge-base/_index/content.json"
"ibera:source:3","ibera","/baza-znaniy/ibera","Fundación Rewilding Argentina","https://rewildingargentina.org/","official","es","программа рейуайлдинга, возвращение ягуара","yes","recorded_article_level","Content editor","content/knowledge-base/_index/content.json"
"ibera-rassvet-i-tihie-portaly:source:1","ibera-rassvet-i-tihie-portaly","/baza-znaniy/ibera-rassvet-i-tihie-portaly","Национальный-парк-Ибера.md — раздел «Советы местного гида»","","aggregator","ru","извлечено из готового лонгрида проекта","no_or_not_recorded","review_required","Content editor","content/knowledge-base/_index/content.json"
"iglesia-nuestra-senora-del-rosario-y-san-francisco:source:1","iglesia-nuestra-senora-del-rosario-y-san-francisco","/baza-znaniy/iglesia-nuestra-senora-del-rosario-y-san-francisco","Visit Argentina — Iglesia Nuestra Señora del Rosario y San Francisco","https://www.argentina.travel/actividades/iglesia-nuestra-senora-del-rosario-y-san-francisco","official","es","INPROTUR; текст автопереведён, фото с официального CDN — атрибуция argentina.travel","yes","recorded_article_level","Content editor","content/knowledge-base/_index/content.json"
"iguasu:source:1","iguasu","/baza-znaniy/iguasu","Visit Argentina — Cataratas del Iguazú","https://www.argentina.travel/actividades/cataratas-del-iguazu","official","es","INPROTUR; текст автопереведён, фото с официального CDN — атрибуция argentina.travel","yes","recorded_article_level","Content editor","content/knowledge-base/_index/content.json"
"iguasu-foto-sekrety:source:1","iguasu-foto-sekrety","/baza-znaniy/iguasu-foto-sekrety","Национальный-парк-Игуасу.md — раздел «Советы местного гида»","","aggregator","ru","извлечено из готового лонгрида проекта","no_or_not_recorded","review_required","Content editor","content/knowledge-base/_index/content.json"
"iguasu-ritm-bez-tolp-i-sveta:source:1","iguasu-ritm-bez-tolp-i-sveta","/baza-znaniy/iguasu-ritm-bez-tolp-i-sveta","Национальный-парк-Игуасу.md — раздел «Советы местного гида»","","aggregator","ru","извлечено из готового лонгрида проекта, раздел перед «Интересными фактами»","no_or_not_recorded","review_required","Content editor","content/knowledge-base/_index/content.json"
"inflyatsiya-i-ekonomika:source:1","inflyatsiya-i-ekonomika","/baza-znaniy/inflyatsiya-i-ekonomika","INDEC — Índice de precios al consumidor (официальная инфляция)","https://www.indec.gob.ar/indec/web/Nivel4-Tema-3-5-31","official","es","официальная статистика инфляции Аргентины","yes","recorded_article_level","Fact checker","content/knowledge-base/_index/content.json"
"inflyatsiya-i-ekonomika:source:2","inflyatsiya-i-ekonomika","/baza-znaniy/inflyatsiya-i-ekonomika","Buenos Aires Times / batimes.com.ar — экономические реформы и курс 2025-2026","https://www.batimes.com.ar/news/economy/","en_source","en","проверено 2026-07-03: отмена cepo апрель 2025, схлопывание разрыва курсов к 2026","no_or_not_recorded","recorded_article_level","Fact checker","content/knowledge-base/_index/content.json"
"intendente-alvear:source:1","intendente-alvear","/baza-znaniy/intendente-alvear","Visit Argentina — Intendente Alvear","https://www.argentina.travel/actividades/intendente-alvear","official","es","INPROTUR; текст автопереведён, фото с официального CDN — атрибуция argentina.travel","yes","recorded_article_level","Content editor","content/knowledge-base/_index/content.json"
"interesnye-fakty:source:1","interesnye-fakty","/baza-znaniy/interesnye-fakty","Encyclopædia Britannica — Argentina (society, culture)","https://www.britannica.com/place/Argentina","aggregator","en","общие факты об обществе, иммиграции, культуре; отдельные «диковинки» — устойчиво воспроизводимые культурные наблюдения","no_or_not_recorded","recorded_article_level","Content editor","content/knowledge-base/_index/content.json"
"iruya:source:1","iruya","/baza-znaniy/iruya","Visit Argentina — Iruya","https://www.argentina.travel/actividades/iruya","official","es","INPROTUR; текст автопереведён, фото с официального CDN — атрибуция argentina.travel","yes","recorded_article_level","Content editor","content/knowledge-base/_index/content.json"
"ischigualasto:source:1","ischigualasto","/baza-znaniy/ischigualasto","Parque Provincial Ischigualasto — официальный сайт","https://www.ischigualasto.gob.ar/","official","es","тарифы, циркуиты, режим работы, сеанс полнолуния","yes","recorded_article_level","Content editor","content/knowledge-base/_index/content.json"
"ischigualasto:source:2","ischigualasto","/baza-znaniy/ischigualasto","UNESCO — Ischigualasto / Talampaya Natural Parks","https://whc.unesco.org/en/list/966","official","en","not_recorded","yes","recorded_article_level","Content editor","content/knowledge-base/_index/content.json"
"ischigualasto:source:3","ischigualasto","/baza-znaniy/ischigualasto","San Juan Turismo — Valle de la Luna","https://www.sanjuanturismo.com.ar/valle-de-la-luna.html","official","es","not_recorded","yes","recorded_article_level","Content editor","content/knowledge-base/_index/content.json"
"isla-del-cerrito:source:1","isla-del-cerrito","/baza-znaniy/isla-del-cerrito","Visit Argentina — Isla del Cerrito","https://www.argentina.travel/actividades/isla-del-cerrito","official","es","INPROTUR; текст автопереведён, фото с официального CDN — атрибуция argentina.travel","yes","recorded_article_level","Content editor","content/knowledge-base/_index/content.json"
"isla-medialuna-antartida:source:1","isla-medialuna-antartida","/baza-znaniy/isla-medialuna-antartida","Visit Argentina — Isla Medialuna, Antártida","https://www.argentina.travel/actividades/isla-medialuna-antartida","official","es","INPROTUR; текст автопереведён, фото с официального CDN — атрибуция argentina.travel","yes","recorded_article_level","Content editor","content/knowledge-base/_index/content.json"
"ispanskij-dlya-puteshestvennika:source:1","ispanskij-dlya-puteshestvennika","/baza-znaniy/ispanskij-dlya-puteshestvennika","Внутренняя база «Пора в Аргентину» — общелингвистические сведения о рио-платском испанском","","ru_blog","ru","voseo, sheísmo/zheísmo, лунфардо — устоявшиеся лингвистические характеристики варианта","no_or_not_recorded","review_required","Content editor","content/knowledge-base/_index/content.json"
"istoriya-argentiny:source:1","istoriya-argentiny","/baza-znaniy/istoriya-argentiny","Encyclopædia Britannica — History of Argentina","https://www.britannica.com/place/Argentina/History","aggregator","en","обзорная хронология: колонизация, независимость, иммиграция, XX век","no_or_not_recorded","recorded_article_level","Fact checker","content/knowledge-base/_index/content.json"
"istoriya-argentiny:source:2","istoriya-argentiny","/baza-znaniy/istoriya-argentiny","Argentina.gob.ar — Efemérides / история государства","https://www.argentina.gob.ar/efemerides","official","es","официальные даты: независимость 1816, Конституция 1853, возвращение демократии 1983","yes","recorded_article_level","Fact checker","content/knowledge-base/_index/content.json"
"istoriya-zheleznyh-dorog:source:1","istoriya-zheleznyh-dorog","/baza-znaniy/istoriya-zheleznyh-dorog","Wikipedia (EN) — Rail transport in Argentina / Railway nationalisation / privatisation","https://en.wikipedia.org/wiki/Rail_transport_in_Argentina","aggregator","en","пик ~47 000 км (1957), национализация 1948 (Перон), приватизация Менема, «ramal que para»","no_or_not_recorded","recorded_article_level","Content editor","content/knowledge-base/_index/content.json"
"ituzaingo:source:1","ituzaingo","/baza-znaniy/ituzaingo","Visit Argentina — Ituzaingó","https://www.argentina.travel/actividades/ituzaingo","official","es","INPROTUR; текст автопереведён, фото с официального CDN — атрибуция argentina.travel","yes","recorded_article_level","Content editor","content/knowledge-base/_index/content.json"
"iz-esejsy-v-ba:source:1","iz-esejsy-v-ba","/baza-znaniy/iz-esejsy-v-ba","Secrets of Buenos Aires — getting from Ezeiza to Buenos Aires","https://secretsofbuenosaires.com/how-get-from-or-go-to-the-international-airport-ezeiza-to-buenos-aires/","en_source","en","not_recorded","no_or_not_recorded","recorded_article_level","Content editor","content/knowledge-base/_index/content.json"
"iz-esejsy-v-ba:source:2","iz-esejsy-v-ba","/baza-znaniy/iz-esejsy-v-ba","Tienda León — официальный аэропортовый шаттл","https://www.tiendaleon.com/","official","es","цены и расписание шаттла до Ретиро","yes","recorded_article_level","Content editor","content/knowledge-base/_index/content.json"
"jaaukanigas:source:1","jaaukanigas","/baza-znaniy/jaaukanigas","Visit Argentina — Jaaukanigás","https://www.argentina.travel/actividades/jaaukanigas","official","es","INPROTUR; текст автопереведён, фото с официального CDN — атрибуция argentina.travel","yes","recorded_article_level","Content editor","content/knowledge-base/_index/content.json"
"jachal:source:1","jachal","/baza-znaniy/jachal","Visit Argentina — Jáchal","https://www.argentina.travel/actividades/jachal","official","es","INPROTUR; текст автопереведён, фото с официального CDN — атрибуция argentina.travel","yes","recorded_article_level","Content editor","content/knowledge-base/_index/content.json"
"jaramillo:source:1","jaramillo","/baza-znaniy/jaramillo","Visit Argentina — Jaramillo","https://www.argentina.travel/actividades/jaramillo","official","es","INPROTUR; текст автопереведён, фото с официального CDN — атрибуция argentina.travel","yes","recorded_article_level","Content editor","content/knowledge-base/_index/content.json"
"juan-jose-castelli:source:1","juan-jose-castelli","/baza-znaniy/juan-jose-castelli","Visit Argentina — Juan José Castelli","https://www.argentina.travel/actividades/juan-jose-castelli","official","es","INPROTUR; текст автопереведён, фото с официального CDN — атрибуция argentina.travel","yes","recorded_article_level","Content editor","content/knowledge-base/_index/content.json"
"jujuy-en-bicicleta:source:1","jujuy-en-bicicleta","/baza-znaniy/jujuy-en-bicicleta","Visit Argentina — Jujuy en bicicleta","https://www.argentina.travel/actividades/jujuy-en-bicicleta","official","es","INPROTUR; текст автопереведён, фото с официального CDN — атрибуция argentina.travel","yes","recorded_article_level","Content editor","content/knowledge-base/_index/content.json"
"junin-de-los-andes:source:1","junin-de-los-andes","/baza-znaniy/junin-de-los-andes","Visit Argentina — Junín de los Andes","https://www.argentina.travel/actividades/junin-de-los-andes","official","es","INPROTUR; текст автопереведён, фото с официального CDN — атрибуция argentina.travel","yes","recorded_article_level","Content editor","content/knowledge-base/_index/content.json"
"kachi:source:1","kachi","/baza-znaniy/kachi","Salta / Secretaría de Turismo — Cachi","https://www.turismosalta.gov.ar/contenido/59/cachi","official","es","высота, церковь Сан-Хосе, музей, логистика по Кальчакским долинам","yes","recorded_article_level","Content editor","content/knowledge-base/_index/content.json"
"kachi:source:2","kachi","/baza-znaniy/kachi","Wikipedia (ES) — Cachi","https://es.wikipedia.org/wiki/Cachi","aggregator","es","высота ~2280 м, колониальная история, Невадо-де-Качи, кактусовое дерево в церкви","no_or_not_recorded","recorded_article_level","Content editor","content/knowledge-base/_index/content.json"
"kak-dobratsya-iz-rossii:source:1","kak-dobratsya-iz-rossii","/baza-znaniy/kak-dobratsya-iz-rossii","Argentina.travel — визовые требования для туристов","https://www.argentina.travel/en/news/argentina-visa-who-needs-to-apply-for-tourism-travel-what-are-the-requirements-and-how-to-apply","official","en","not_recorded","yes","recorded_article_level","Fact checker","content/knowledge-base/_index/content.json"
"kak-dobratsya-iz-rossii:source:2","kak-dobratsya-iz-rossii","/baza-znaniy/kak-dobratsya-iz-rossii","Turkish Airlines / Emirates / Ethiopian Airlines / Qatar Airways — официальные сайты","https://www.turkishairlines.com/","official","en","расписания и время рейсов Москва ↔ Буэнос-Айрес через хабы","yes","recorded_article_level","Fact checker","content/knowledge-base/_index/content.json"
"kak-menyat-valyutu:source:1","kak-menyat-valyutu","/baza-znaniy/kak-menyat-valyutu","El Cronista — котировки dólar blue/MEP/CCL","https://www.cronista.com/finanzas-mercados/","es_source","es","ежедневные котировки; проверено веб-поиском 2026-07-03: разрыв официал/blue/MEP схлопнулся до ~2-5%, все около 1430-1500 песо/доллар, карта выгодна — «cuevas» потеряли смысл","no_or_not_recorded","recorded_article_level","Fact checker","content/knowledge-base/_index/content.json"
"kak-menyat-valyutu:source:2","kak-menyat-valyutu","/baza-znaniy/kak-menyat-valyutu","Hacecuentas — конвертер и виды доллара Аргентины","https://hacecuentas.com/conversor-dolar-argentina","es_source","es","not_recorded","no_or_not_recorded","recorded_article_level","Fact checker","content/knowledge-base/_index/content.json"
"kak-perevezti-kota-ili-sobaku:source:1","kak-perevezti-kota-ili-sobaku","/baza-znaniy/kak-perevezti-kota-ili-sobaku","SENASA — Ingresos con perros y/o gatos","https://www.argentina.gob.ar/senasa/informacion-al-viajero/ingresar-o-regresar-al-pais/ingresos-con-perros-yo-gatos","official","es","официальные требования: вакцинация от бешенства, CVI и его сроки, отсутствие обязательного карантина","yes","recorded_article_level","Fact checker","content/knowledge-base/_index/content.json"
"kak-perevezti-kota-ili-sobaku:source:2","kak-perevezti-kota-ili-sobaku","/baza-znaniy/kak-perevezti-kota-ili-sobaku","Afon.site — В Аргентину с животными: практические рекомендации","https://afon.site/v-argentinu-s-zivotnymi-prakticheskie-rekomendacyi","ru_blog","ru","личный опыт релоканта по провозу питомцев; фактические требования сверены с SENASA на 2026 год","no_or_not_recorded","recorded_article_level","Fact checker","content/knowledge-base/_index/content.json"
"kak-poluchit-prava-v-argentine:source:1","kak-poluchit-prava-v-argentine","/baza-znaniy/kak-poluchit-prava-v-argentine","Argentina.gob.ar — Acuerdos Internacionales de Licencias de Conducir","https://www.argentina.gob.ar/seguridadvial/licencianacional/consulta-sobre-los-acuerdos-internacionales-de-licencias-de-conducir","official","es","официальный список стран с соглашением о признании/обмене прав: Боливия, Чили, Колумбия, Испания, Италия (обновлено 2026-03-19)","yes","recorded_article_level","Fact checker","content/knowledge-base/_index/content.json"
"kak-poluchit-prava-v-argentine:source:2","kak-poluchit-prava-v-argentine","/baza-znaniy/kak-poluchit-prava-v-argentine","Argentina.gob.ar — Información sobre Licencias de Conducir Internacionales","https://www.argentina.gob.ar/transporte/mundial-sub-20-argentina-2023/informacion-sobre-licencias-de-conducir-internacionales","official","es","иностранные права участников Женевской (1949) и Венской (1968) конвенций действуют до 1 года с даты въезда","yes","recorded_article_level","Fact checker","content/knowledge-base/_index/content.json"
"kak-poluchit-prava-v-argentine:source:3","kak-poluchit-prava-v-argentine","/baza-znaniy/kak-poluchit-prava-v-argentine","Argentina.gob.ar — Documentación obligatoria para circular","https://www.argentina.gob.ar/seguridadvial/licencianacional/documentacion","official","es","not_recorded","yes","recorded_article_level","Fact checker","content/knowledge-base/_index/content.json"
"kak-poluchit-prava-v-argentine:source:4","kak-poluchit-prava-v-argentine","/baza-znaniy/kak-poluchit-prava-v-argentine","Buenos Aires Ciudad — Otorgamiento de licencia de conducir (extranjeros)","https://buenosaires.gob.ar/tramites/otorgamiento-de-licencia-de-conducir","official","es","not_recorded","yes","recorded_article_level","Fact checker","content/knowledge-base/_index/content.json"
"kak-snyat-kvartiru-bez-garanta:source:1","kak-snyat-kvartiru-bez-garanta","/baza-znaniy/kak-snyat-kvartiru-bez-garanta","Argentina.gob.ar — normativa de alquileres","https://www.argentina.gob.ar/justicia/derechofacil/leysimple/alquileres","official","es","правовая база договора аренды","yes","recorded_article_level","Fact checker","content/knowledge-base/_index/content.json"
"kak-snyat-kvartiru-bez-garanta:source:2","kak-snyat-kvartiru-bez-garanta","/baza-znaniy/kak-snyat-kvartiru-bez-garanta","Afon.site — FAQ «Жильё»","https://afon.site/zhilyo","ru_blog","ru","живая практика поиска жилья релокантами; блог января 2024 — практика гаранта устойчива, но цены оттуда не использовать","no_or_not_recorded","recorded_article_level","Fact checker","content/knowledge-base/_index/content.json"
"kakie-dokumenty-vezti-s-soboj:source:1","kakie-dokumenty-vezti-s-soboj","/baza-znaniy/kakie-dokumenty-vezti-s-soboj","Afon.site — FAQ «Легализация и въезд»","https://afon.site/legalizaciya-i-vuezd","ru_blog","ru","базовый набор документов, правило «апостиль только в стране выдачи», перевод в Аргентине, несудимость для детей с 16 лет; список документов сверен с требованиями DNM на 2026 год","no_or_not_recorded","recorded_article_level","Fact checker","content/knowledge-base/_index/content.json"
"kakie-dokumenty-vezti-s-soboj:source:2","kakie-dokumenty-vezti-s-soboj","/baza-znaniy/kakie-dokumenty-vezti-s-soboj","DNM — Obtener una residencia temporaria como rentista","https://www.argentina.gob.ar/servicio/obtener-una-residencia-temporaria-como-rentista","official","es","официальный перечень: справки о несудимости из стран проживания более 1 года за последние 3 года, требование легализации и присяжного перевода","yes","recorded_article_level","Fact checker","content/knowledge-base/_index/content.json"
"kakie-dokumenty-vezti-s-soboj:source:3","kakie-dokumenty-vezti-s-soboj","/baza-znaniy/kakie-dokumenty-vezti-s-soboj","Colegio de Traductores Públicos (CTPCBA)","https://www.traductores.org.ar/","official","es","реестр присяжных переводчиков для официального перевода документов в Аргентине","yes","recorded_article_level","Fact checker","content/knowledge-base/_index/content.json"
"kakie-privivki-nuzhny-dlya-argentiny:source:1","kakie-privivki-nuzhny-dlya-argentiny","/baza-znaniy/kakie-privivki-nuzhny-dlya-argentiny","Ministerio de Salud (Argentina) — Fiebre amarilla: вакцина и зоны риска","https://www.argentina.gob.ar/salud/fiebreamarilla","official","es","проверено 2026-07-01: официальный тест «нужна ли вам вакцина», рекомендация консультации за 30 дней до поездки, страница обновлялась в конце 2024 - 2025","yes","recorded_article_level","Content editor","content/knowledge-base/_index/content.json"
"kakie-privivki-nuzhny-dlya-argentiny:source:2","kakie-privivki-nuzhny-dlya-argentiny","/baza-znaniy/kakie-privivki-nuzhny-dlya-argentiny","Ministerio de Salud — зоны риска жёлтой лихорадки","https://www.argentina.gob.ar/salud/fiebreamarilla/zonas-de-riesgo","official","es","перечень зон с риском передачи, включая север Аргентины","yes","recorded_article_level","Content editor","content/knowledge-base/_index/content.json"
"kakie-rozetki-v-argentine:source:1","kakie-rozetki-v-argentine","/baza-znaniy/kakie-rozetki-v-argentine","Запись о коворкингах и работе номада — эта же база знаний","../svyaz/kovorkingi-i-rabota-nomada.md","aggregator","ru","тип розеток I/C и напряжение 220 В упомянуты в контексте работы","no_or_not_recorded","recorded_article_level","Content editor","content/knowledge-base/_index/content.json"
"kaminito-la-boka:source:1","kaminito-la-boka","/baza-znaniy/kaminito-la-boka","RuBueno — Улица Каминито (Ла-Бока), Буэнос-Айрес: история","https://www.rubueno.ru/news/caminito","ru_blog","ru","происхождение названия (танго-песня 1926 года Хуана де Дьоса Филиберто), общая история улицы","no_or_not_recorded","recorded_article_level","Fact checker","content/knowledge-base/_index/content.json"
"kaminito-la-boka:source:2","kaminito-la-boka","/baza-znaniy/kaminito-la-boka","Тонкости туризма — Ла-Бока: описание, история, экскурсии","https://tonkosti.ru/%D0%9B%D0%B0-%D0%91%D0%BE%D0%BA%D0%B0","ru_blog","ru","адрес, роль итальянских иммигрантов, современное состояние района","no_or_not_recorded","recorded_article_level","Fact checker","content/knowledge-base/_index/content.json"
"kaminito-la-boka:source:3","kaminito-la-boka","/baza-znaniy/kaminito-la-boka","Hasta Pronto — Ла-Бока: «Разноцветная Родина Танго»","https://hasta-pronto.ru/la-boca/","ru_blog","ru","практические впечатления от визита, атмосфера квартала","no_or_not_recorded","recorded_article_level","Fact checker","content/knowledge-base/_index/content.json"
"kaminito-la-boka:source:4","kaminito-la-boka","/baza-znaniy/kaminito-la-boka","The Stadium Guide — La Bombonera","https://www.stadiumguide.com/bombonera/","en_source","en","адрес стадиона (Brandsen 805), расстояние до Каминито (около двух кварталов), год открытия (1940)","no_or_not_recorded","recorded_article_level","Fact checker","content/knowledge-base/_index/content.json"
"kanal-bigl-i-poezd-na-kray-sveta:source:1","kanal-bigl-i-poezd-na-kray-sveta","/baza-znaniy/kanal-bigl-i-poezd-na-kray-sveta","Tren del Fin del Mundo — Wikipedia (ES)","https://es.wikipedia.org/wiki/Tren_del_Fin_del_Mundo","aggregator","es","история узкоколейки: тюремный поезд с 1902/1909 года (перевозка леса для отопления и строительства тюрьмы Ушуайи), закрытие в 1952 году после землетрясения 1949 года, реконструкция и повторный запуск в 1994 году компанией Tranex Turismo как туристический маршрут длиной 8 км (из исторических 25 км)","no_or_not_recorded","recorded_article_level","Content editor","content/knowledge-base/_index/content.json"
"kanal-bigl-i-poezd-na-kray-sveta:source:2","kanal-bigl-i-poezd-na-kray-sveta","/baza-znaniy/kanal-bigl-i-poezd-na-kray-sveta","Faro Les Éclaireurs — Wikipedia (ES)","https://es.wikipedia.org/wiki/Faro_Les_%C3%89claireurs","aggregator","es","маяк действует с 23 декабря 1920 года, автоматизирован, закрыт для посещения; расположен на островке архипелага Les Éclaireurs в проливе Бигль напротив бухты Ушуайи","no_or_not_recorded","recorded_article_level","Content editor","content/knowledge-base/_index/content.json"
"kanal-bigl-i-poezd-na-kray-sveta:source:3","kanal-bigl-i-poezd-na-kray-sveta","/baza-znaniy/kanal-bigl-i-poezd-na-kray-sveta","Canal Beagle — Wikipedia (ES)","https://es.wikipedia.org/wiki/Canal_Beagle","aggregator","es","география пролива, происхождение названия (HMS Beagle, экспедиция с Дарвином на борту, 1830-е), острова Bridges и Eclaireurs напротив Ушуайи","no_or_not_recorded","recorded_article_level","Content editor","content/knowledge-base/_index/content.json"
"kanal-bigl-i-poezd-na-kray-sveta:source:4","kanal-bigl-i-poezd-na-kray-sveta","/baza-znaniy/kanal-bigl-i-poezd-na-kray-sveta","MyGuide Argentina — экскурсии по каналу Бигль (остров Лобос, маяк, цены)","https://www.myguideargentina.com/ru/experiences/%D0%9F%D0%BE%D0%BB%D1%83%D0%B4%D0%BD%D0%B5%D0%B2%D0%BD%D0%B0%D1%8F-%D1%8D%D0%BA%D1%81%D0%BA%D1%83%D1%80%D1%81%D0%B8%D1%8F-%D1%87%D0%B5%D1%80%D0%B5%D0%B7-%D0%BA%D0%B0%D0%BD%D0%B0%D0%BB-%D0%91%D0%B8%D0%B3%D0%BB-%D0%BA-%D0%BE%D1%81%D1%82%D1%80%D0%BE%D0%B2%D1%83-%D0%9B%D0%BE%D0%B1%D0%BE%D1%81","ru_blog","ru","практические детали: типовой маршрут через остров Лобос и Пахарос, остановка у маяка Les Éclaireurs, ориентиры по ценам туров с высадкой и без","no_or_not_recorded","recorded_article_level","Content editor","content/knowledge-base/_index/content.json"
"kayak-en-bariloche:source:1","kayak-en-bariloche","/baza-znaniy/kayak-en-bariloche","Visit Argentina — Kayak en Bariloche","https://www.argentina.travel/actividades/kayak-en-bariloche","official","es","INPROTUR; текст автопереведён, фото с официального CDN — атрибуция argentina.travel","yes","recorded_article_level","Content editor","content/knowledge-base/_index/content.json"
"kayak-en-el-parana:source:1","kayak-en-el-parana","/baza-znaniy/kayak-en-el-parana","Visit Argentina — Kayak en el Paraná","https://www.argentina.travel/actividades/kayak-en-el-parana","official","es","INPROTUR; текст автопереведён, фото с официального CDN — атрибуция argentina.travel","yes","recorded_article_level","Content editor","content/knowledge-base/_index/content.json"
"kemping-i-palatki:source:1","kemping-i-palatki","/baza-znaniy/kemping-i-palatki","Общие справочные данные (факты сверены, текст переписан)","https://www.argentina.gob.ar/parquesnacionales","official","es","правила кемпинга в национальных парках, camping agreste, регистрация у guardaparques","yes","recorded_article_level","Fact checker","content/knowledge-base/_index/content.json"
"kladbische-recoleta:source:1","kladbische-recoleta","/baza-znaniy/kladbische-recoleta","Тонкости туризма — Кладбище Реколета","https://tonkosti.ru/%D0%9A%D0%BB%D0%B0%D0%B4%D0%B1%D0%B8%D1%89%D0%B5_%D0%A0%D0%B5%D0%BA%D0%BE%D0%BB%D0%B5%D1%82%D0%B0","ru_blog","ru","адрес, часы работы, история захоронения Эвы Перон, число мавзолеев, бесплатный вход","no_or_not_recorded","recorded_article_level","Content editor","content/knowledge-base/_index/content.json"
"kladbische-recoleta:source:2","kladbische-recoleta","/baza-znaniy/kladbische-recoleta","Saletur — Кладбище Реколета в Буэнос-Айресе: безмолвный театр и город мёртвых","https://saletur.ru/blog/%D0%90%D1%80%D0%B3%D0%B5%D0%BD%D1%82%D0%B8%D0%BD%D0%B0/%D0%9A%D0%BB%D0%B0%D0%B4%D0%B1%D0%B8%D1%89%D0%B5_%D0%A0%D0%B5%D0%BA%D0%BE%D0%BB%D0%B5%D1%82%D0%B0_%D0%B2_%D0%91%D1%83%D1%8D%D0%BD%D0%BE%D1%81_%D0%90%D0%B9%D1%80%D0%B5%D1%81%D0%B5_%D0%B1%D0%B5%D0%B7%D0%BC%D0%BE%D0%BB%D0%B2%D0%BD%D1%8B%D0%B9_%D1%82%D0%B5%D0%B0%D1%82%D1%80_%D0%B8_%D0%B3%D0%BE%D1%80%D0%BE%D0%B4_%D0%BC%D0%B5%D1%80%D1%82%D0%B2%D1%8B%D1%85.htm","ru_blog","ru","архитектурные стили, общая характеристика некрополя как музея под открытым небом","no_or_not_recorded","recorded_article_level","Content editor","content/knowledge-base/_index/content.json"
"kladbische-recoleta:source:3","kladbische-recoleta","/baza-znaniy/kladbische-recoleta","Wikipedia (EN) — La Recoleta Cemetery","https://en.wikipedia.org/wiki/La_Recoleta_Cemetery","aggregator","en","год основания (1822), число захоронений (4691 участок / свыше 6400 мавзолеев с учётом всех структур), архитектурные стили, статус национальных исторических памятников (94 мавзолея)","no_or_not_recorded","recorded_article_level","Content editor","content/knowledge-base/_index/content.json"
"klimat-po-regionam:source:1","klimat-po-regionam","/baza-znaniy/klimat-po-regionam","Tutu.ru — Климат Аргентины: погода по месяцам, сезоны","https://www.tutu.ru/geo/argentina/article/weather/","ru_media","ru","общая структура сезонов, температуры по макрорегионам","no_or_not_recorded","recorded_article_level","Content editor","content/knowledge-base/_index/content.json"
"klimat-po-regionam:source:2","klimat-po-regionam","/baza-znaniy/klimat-po-regionam","Bairestours — Аргентина: климат и сезоны отдыха в провинциях","http://bairestours.ru/argentina-klimat-i-sezony-otdyha-v-provinciyah/","ru_blog","ru","климат NOA, Куйо, Патагонии по провинциям","no_or_not_recorded","recorded_article_level","Content editor","content/knowledge-base/_index/content.json"
"klimat-po-regionam:source:3","klimat-po-regionam","/baza-znaniy/klimat-po-regionam","Servicio Meteorológico Nacional (SMN) — официальная метеослужба Аргентины","https://www.smn.gob.ar/","official","es","сверка средних температур по регионам (климатический атлас 1981-2010)","yes","recorded_article_level","Content editor","content/knowledge-base/_index/content.json"
"klimat-po-regionam:source:4","klimat-po-regionam","/baza-znaniy/klimat-po-regionam","Travelask — Погода в южной Патагонии по месяцам","https://travelask.ru/questions/782832-pogoda-v-yuzhnoy-patagonii-po-mesyatsam","ru_blog","ru","температуры и сезонность Патагонии","no_or_not_recorded","recorded_article_level","Content editor","content/knowledge-base/_index/content.json"
"kogda-smotret-kitov-v-argentine:source:1","kogda-smotret-kitov-v-argentine","/baza-znaniy/kogda-smotret-kitov-v-argentine","Puerto Pirámides (официальный сайт муниципалитета) — Whales Season","https://www.puertopiramides.gov.ar/whales-season/","official","en","официальные рамки сезона наблюдения китов и порт отправления лодочных туров","yes","recorded_article_level","Content editor","content/knowledge-base/_index/content.json"
"kogda-smotret-kitov-v-argentine:source:2","kogda-smotret-kitov-v-argentine","/baza-znaniy/kogda-smotret-kitov-v-argentine","Paikea.ru — Киты и пингвины в Патагонии: где и когда лучше смотреть","http://paikea.ru/whales-penguins-patagonia-argentina/","ru_blog","ru","сезонность наблюдения, личный опыт поездки","no_or_not_recorded","recorded_article_level","Content editor","content/knowledge-base/_index/content.json"
"kogda-uchebnyj-god-v-argentine:source:1","kogda-uchebnyj-god-v-argentine","/baza-znaniy/kogda-uchebnyj-god-v-argentine","childrenworld.club — Образование детей в Аргентине","https://childrenworld.club/blog/obrazovania-v-argentine","ru_blog","ru","учебный календарь март-декабрь, структура ступеней","no_or_not_recorded","recorded_article_level","Fact checker","content/knowledge-base/_index/content.json"
"kogda-uchebnyj-god-v-argentine:source:2","kogda-uchebnyj-god-v-argentine","/baza-znaniy/kogda-uchebnyj-god-v-argentine","vhod.world — Аргентина: дети","https://vhod.world/countries/argentina/wiki/kids/","ru_blog","ru","сроки записи в госсады и школы: основной набор в октябре-ноябре, добор в феврале","no_or_not_recorded","recorded_article_level","Fact checker","content/knowledge-base/_index/content.json"
"kordova:source:1","kordova","/baza-znaniy/kordova","Travelask — Кордова: как добраться и что посмотреть","https://travelask.ru/argentina/c-rdoba","ru_blog","ru","достопримечательности, общая логистика","no_or_not_recorded","recorded_article_level","Content editor","content/knowledge-base/_index/content.json"
"kordova:source:2","kordova","/baza-znaniy/kordova","Motohorek — Кордова: студенческий город в Аргентине","https://motohorek.life/2020/07/cordoba-argentina/","ru_blog","ru","студенческая атмосфера, впечатления от центра и пригородов","no_or_not_recorded","recorded_article_level","Content editor","content/knowledge-base/_index/content.json"
"kordova:source:3","kordova","/baza-znaniy/kordova","Tonkosti.ru — путеводитель по Кордове","https://tonkosti.ru/%D0%9A%D0%BE%D1%80%D0%B4%D0%BE%D0%B1%D0%B0","ru_blog","ru","музеи, соборы, практическая информация","no_or_not_recorded","recorded_article_level","Content editor","content/knowledge-base/_index/content.json"
"kordova:source:4","kordova","/baza-znaniy/kordova","UNESCO World Heritage Centre — Jesuit Block and Estancias of Córdoba","https://whc.unesco.org/en/list/995/","official","en","статус ЮНЕСКО, год присвоения (2000), состав объекта","yes","recorded_article_level","Content editor","content/knowledge-base/_index/content.json"
"kordova:source:5","kordova","/baza-znaniy/kordova","Wikipedia — Córdoba, Argentina","https://en.wikipedia.org/wiki/C%C3%B3rdoba,_Argentina","aggregator","en","население, основание города, дата основания университета (1613)","no_or_not_recorded","recorded_article_level","Content editor","content/knowledge-base/_index/content.json"
"korrientes:source:1","korrientes","/baza-znaniy/korrientes","Municipalidad de Corrientes — Fundación de la Ciudad de Corrientes","https://ciudaddecorrientes.gov.ar/la-ciudad/fundaci-n-de-la-ciudad-de-corrientes","official","es","дата основания (3 апреля 1588), основатель Хуан Торрес де Вера-и-Арагон, происхождение названия","yes","recorded_article_level","Content editor","content/knowledge-base/_index/content.json"
"korrientes:source:2","korrientes","/baza-znaniy/korrientes","Wikipedia (ES) — Corrientes (ciudad)","https://es.wikipedia.org/wiki/Corrientes_(ciudad)","aggregator","es","статус столицы, население, география, статус старейшего города Северо-Востока","no_or_not_recorded","recorded_article_level","Content editor","content/knowledge-base/_index/content.json"
"korrientes:source:3","korrientes","/baza-znaniy/korrientes","Municipalidad de Corrientes — Carnavales Correntinos","https://ciudaddecorrientes.gov.ar/carnavales","official","es","формат карнавала, корсодром, статус «Capital Nacional del Carnaval»","yes","recorded_article_level","Content editor","content/knowledge-base/_index/content.json"
"korrientes:source:4","korrientes","/baza-znaniy/korrientes","El Litoral — Costanera, un emblemático paseo que amalgama belleza y defensa","https://www.ellitoral.com.ar/corrientes/2013-7-18-1-0-0-costanera-un-emblematico-paseo-que-amalgama-belleza-y-defensa","ru_media","es","история набережной Костанера, открыта в 1951 году","no_or_not_recorded","recorded_article_level","Content editor","content/knowledge-base/_index/content.json"
"korrientes:source:5","korrientes","/baza-znaniy/korrientes","Argentina.gob.ar — El Chamamé es patrimonio de la humanidad","https://www.argentina.gob.ar/noticias/el-chamame-es-patrimonio-de-la-humanidad","official","es","чамаме признан ЮНЕСКО нематериальным культурным наследием человечества в 2020 году, кандидатуру продвигала провинция Корриентес","yes","recorded_article_level","Content editor","content/knowledge-base/_index/content.json"
"kovorkingi-i-rabota-nomada:source:1","kovorkingi-i-rabota-nomada","/baza-znaniy/kovorkingi-i-rabota-nomada","Argentina.gob.ar — резиденция цифрового кочевника (контекст инфраструктуры)","https://www.argentina.gob.ar/servicio/obtener-una-residencia-transitoria-como-nomada-digital","official","es","официальный статус для удалёнщиков, к которому привязана эта инфраструктура","yes","recorded_article_level","Fact checker","content/knowledge-base/_index/content.json"
"kovorkingi-i-rabota-nomada:source:2","kovorkingi-i-rabota-nomada","/baza-znaniy/kovorkingi-i-rabota-nomada","Внутренняя база «Пора в Аргентину» — практика удалённой работы в БА","","ru_blog","ru","районы, розетки, часовой пояс — устойчивые практические сведения","no_or_not_recorded","review_required","Fact checker","content/knowledge-base/_index/content.json"
"kuhnya:source:1","kuhnya","/baza-znaniy/kuhnya","Внутренняя база «Пора в Аргентину» — устоявшаяся кулинарная культура Аргентины","","ru_blog","ru","общие сведения об асадо, мате, эмпанадас и региональных блюдах","no_or_not_recorded","review_required","Content editor","content/knowledge-base/_index/content.json"
"la-aripuca:source:1","la-aripuca","/baza-znaniy/la-aripuca","Visit Argentina — La Aripuca","https://www.argentina.travel/actividades/la-aripuca","official","es","INPROTUR; текст автопереведён, фото с официального CDN — атрибуция argentina.travel","yes","recorded_article_level","Content editor","content/knowledge-base/_index/content.json"
"la-cumbrecita:source:1","la-cumbrecita","/baza-znaniy/la-cumbrecita","Visit Argentina — La Cumbrecita","https://www.argentina.travel/actividades/la-cumbrecita","official","es","INPROTUR; текст автопереведён, фото с официального CDN — атрибуция argentina.travel","yes","recorded_article_level","Content editor","content/knowledge-base/_index/content.json"
"la-mitica-ruta-40:source:1","la-mitica-ruta-40","/baza-znaniy/la-mitica-ruta-40","Visit Argentina — La mítica Ruta 40","https://www.argentina.travel/actividades/la-mitica-ruta-40","official","es","INPROTUR; текст автопереведён, фото с официального CDN — атрибуция argentina.travel","yes","recorded_article_level","Content editor","content/knowledge-base/_index/content.json"
"la-plata:source:1","la-plata","/baza-znaniy/la-plata","Wikipedia (en) — La Plata","https://en.wikipedia.org/wiki/La_Plata","aggregator","en","основание 19 ноября 1882, план Педро Бенуа, награда на выставке в Париже 1889 года","no_or_not_recorded","recorded_article_level","Content editor","content/knowledge-base/_index/content.json"
"la-plata:source:2","la-plata","/baza-znaniy/la-plata","El arcón de la historia Argentina — La ciudad de La Plata. Su origen (19/11/1882)","https://elarcondelahistoria.com/origen-de-la-ciudad-de-la-plata-19111882/","es_source","es","основание города Дардо Рока после федерализации Буэнос-Айреса в 1880","no_or_not_recorded","recorded_article_level","Content editor","content/knowledge-base/_index/content.json"
"la-plata:source:3","la-plata","/baza-znaniy/la-plata","Paikea.ru — Ла-Плата: как мы съездили в идеальный город Аргентины","http://paikea.ru/la-plata-argentina/","ru_blog","ru","личные впечатления, логистика из Буэнос-Айреса, основные достопримечательности","no_or_not_recorded","recorded_article_level","Content editor","content/knowledge-base/_index/content.json"
"la-plata:source:4","la-plata","/baza-znaniy/la-plata","0221.com.ar / La Nueva — годовщины наводнения 2013 года в Ла-Плате","https://www.0221.com.ar/la-plata/asi-fue-la-tormenta-que-la-plata-causo-la-inundacion-del-2-abril-2013-y-causo-al-menos-89-muertes-n125608","es_source","es","официальная судебная цифра погибших (89) и расхождения с более ранними оценками","no_or_not_recorded","recorded_article_level","Content editor","content/knowledge-base/_index/content.json"
"la-plata:source:5","la-plata","/baza-znaniy/la-plata","Wikipedia (ru) — Музей Ла-Платы","https://ru.wikipedia.org/wiki/%D0%9C%D1%83%D0%B7%D0%B5%D0%B9_%D0%9B%D0%B0-%D0%9F%D0%BB%D0%B0%D1%82%D1%8B","aggregator","ru","открытие музея в 1888 году, размер коллекции, роль Франсиско Морено","no_or_not_recorded","recorded_article_level","Content editor","content/knowledge-base/_index/content.json"
"la-plata:source:6","la-plata","/baza-znaniy/la-plata","Wikipedia (ru) — Собор Ла-Платы","https://ru.wikipedia.org/wiki/%D0%A1%D0%BE%D0%B1%D0%BE%D1%80_%D0%9B%D0%B0-%D0%9F%D0%BB%D0%B0%D1%82%D1%8B","aggregator","ru","неоготический стиль, высота башен, статус одного из крупнейших храмов Латинской Америки","no_or_not_recorded","recorded_article_level","Content editor","content/knowledge-base/_index/content.json"
"la-plata:source:7","la-plata","/baza-znaniy/la-plata","UNLP — Historia de la Universidad Nacional de La Plata","https://unlp.edu.ar/institucional/unlp/historia/historia-de-la-universidad-nacional-de-la-plata-7946-12946/","official","es","нацинализация и основание университета в 1905 году на базе провинциального университета 1897 года","yes","recorded_article_level","Content editor","content/knowledge-base/_index/content.json"
"la-rioja:source:1","la-rioja","/baza-znaniy/la-rioja","Argentina.gob.ar — La Rioja","https://www.argentina.gob.ar/la-rioja-0","official","es","общие сведения о провинции и городе","yes","recorded_article_level","Content editor","content/knowledge-base/_index/content.json"
"la-rioja:source:2","la-rioja","/baza-znaniy/la-rioja","LA NACION — En busca del oro verde: el olivo en La Rioja","https://www.lanacion.com.ar/turismo/en-busca-del-oro-verde-el-olivo-lleva-por-paisajes-y-sabores-de-la-rioja-nid21032021/","ru_media","es","оливковое масло, Ruta del Olivo, департамент Арауко","no_or_not_recorded","recorded_article_level","Content editor","content/knowledge-base/_index/content.json"
"la-rioja:source:3","la-rioja","/baza-znaniy/la-rioja","Купибилет — Ла-Риоха, гид по городу и провинции","https://www.kupibilet.ru/gid/argentina/la-riokha","ru_blog","ru","климат, расположение у подножия Сьерра-де-Веласко","no_or_not_recorded","recorded_article_level","Content editor","content/knowledge-base/_index/content.json"
"la-rioja:source:4","la-rioja","/baza-znaniy/la-rioja","Wikipedia (es) — Aeropuerto Capitán Vicente Almandos Almonacid","https://es.wikipedia.org/wiki/Aeropuerto_Capit%C3%A1n_Vicente_Almandos_Almonacid","aggregator","es","код IATA аэропорта (IRJ), расстояние от города","no_or_not_recorded","recorded_article_level","Content editor","content/knowledge-base/_index/content.json"
"la-rioja-off-road:source:1","la-rioja-off-road","/baza-znaniy/la-rioja-off-road","Visit Argentina — La Rioja off road","https://www.argentina.travel/actividades/la-rioja-off-road","official","es","INPROTUR; текст автопереведён, фото с официального CDN — атрибуция argentina.travel","yes","recorded_article_level","Content editor","content/knowledge-base/_index/content.json"
"la-ruta-del-chocolate:source:1","la-ruta-del-chocolate","/baza-znaniy/la-ruta-del-chocolate","Visit Argentina — La Ruta del Chocolate","https://www.argentina.travel/actividades/la-ruta-del-chocolate","official","es","INPROTUR; текст автопереведён, фото с официального CDN — атрибуция argentina.travel","yes","recorded_article_level","Content editor","content/knowledge-base/_index/content.json"
"la-ruta-del-pehuen:source:1","la-ruta-del-pehuen","/baza-znaniy/la-ruta-del-pehuen","Visit Argentina — La Ruta del Pehuén","https://www.argentina.travel/actividades/la-ruta-del-pehuen","official","es","INPROTUR; текст автопереведён, фото с официального CDN — атрибуция argentina.travel","yes","recorded_article_level","Content editor","content/knowledge-base/_index/content.json"
"laberinto-patagonia:source:1","laberinto-patagonia","/baza-znaniy/laberinto-patagonia","Visit Argentina — Laberinto Patagonia","https://www.argentina.travel/actividades/laberinto-patagonia","official","es","INPROTUR; текст автопереведён, фото с официального CDN — атрибуция argentina.travel","yes","recorded_article_level","Content editor","content/knowledge-base/_index/content.json"
"lago-del-desierto:source:1","lago-del-desierto","/baza-znaniy/lago-del-desierto","Visit Argentina — Lago del Desierto","https://www.argentina.travel/actividades/lago-del-desierto","official","es","INPROTUR; текст автопереведён, фото с официального CDN — атрибуция argentina.travel","yes","recorded_article_level","Content editor","content/knowledge-base/_index/content.json"
"lago-mascardi:source:1","lago-mascardi","/baza-znaniy/lago-mascardi","Visit Argentina — Lago Mascardi","https://www.argentina.travel/actividades/lago-mascardi","official","es","INPROTUR; текст автопереведён, фото с официального CDN — атрибуция argentina.travel","yes","recorded_article_level","Content editor","content/knowledge-base/_index/content.json"
"lago-posadas:source:1","lago-posadas","/baza-znaniy/lago-posadas","Visit Argentina — Lago Posadas","https://www.argentina.travel/actividades/lago-posadas","official","es","INPROTUR; текст автопереведён, фото с официального CDN — атрибуция argentina.travel","yes","recorded_article_level","Content editor","content/knowledge-base/_index/content.json"
"lagos-de-tierra-del-fuego:source:1","lagos-de-tierra-del-fuego","/baza-znaniy/lagos-de-tierra-del-fuego","Visit Argentina — Lagos de Tierra del Fuego","https://www.argentina.travel/actividades/lagos-de-tierra-del-fuego","official","es","INPROTUR; текст автопереведён, фото с официального CDN — атрибуция argentina.travel","yes","recorded_article_level","Content editor","content/knowledge-base/_index/content.json"
"laguna-de-mar-chiquita:source:1","laguna-de-mar-chiquita","/baza-znaniy/laguna-de-mar-chiquita","Visit Argentina — Laguna de Mar Chiquita","https://www.argentina.travel/actividades/laguna-de-mar-chiquita","official","es","INPROTUR; текст автопереведён, фото с официального CDN — атрибуция argentina.travel","yes","recorded_article_level","Content editor","content/knowledge-base/_index/content.json"
"laguna-esmeralda:source:1","laguna-esmeralda","/baza-znaniy/laguna-esmeralda","Visit Argentina — Laguna Esmeralda","https://www.argentina.travel/actividades/laguna-esmeralda","official","es","INPROTUR; текст автопереведён, фото с официального CDN — атрибуция argentina.travel","yes","recorded_article_level","Content editor","content/knowledge-base/_index/content.json"
"laguna-melincue:source:1","laguna-melincue","/baza-znaniy/laguna-melincue","Visit Argentina — Laguna Melincué","https://www.argentina.travel/actividades/laguna-melincue","official","es","INPROTUR; текст автопереведён, фото с официального CDN — атрибуция argentina.travel","yes","recorded_article_level","Content editor","content/knowledge-base/_index/content.json"
"lanin:source:1","lanin","/baza-znaniy/lanin","APN — Ficha del área protegida, Parque Nacional Lanín","https://www.argentina.gob.ar/parquesnacionales/regionpatagonia/parque-nacional-lanin/ficha-del-area-protegida","official","es","площадь, год основания, вулкан, флора и фауна, эмблема (кондор)","yes","recorded_article_level","Content editor","content/knowledge-base/_index/content.json"
"lanin:source:2","lanin","/baza-znaniy/lanin","APN — Tarifas, Parque Nacional Lanín","https://www.argentina.gob.ar/parquesnacionales/regionpatagonia/parque-nacional-lanin/tarifas","official","es","тарифы с 01.06.2026, обновлено 17.06.2026","yes","recorded_article_level","Content editor","content/knowledge-base/_index/content.json"
"lanin:source:3","lanin","/baza-znaniy/lanin","Портал онлайн-продажи билетов APN","https://ventaweb.apn.gob.ar/","official","es","not_recorded","yes","recorded_article_level","Content editor","content/knowledge-base/_index/content.json"
"lanin-sever-araukarii-i-termy:source:1","lanin-sever-araukarii-i-termy","/baza-znaniy/lanin-sever-araukarii-i-termy","Национальный-парк-Ланин.md — раздел «Советы местного гида»","","aggregator","ru","извлечено из готового лонгрида проекта","no_or_not_recorded","review_required","Content editor","content/knowledge-base/_index/content.json"
"legado-jesuita-en-cordoba:source:1","legado-jesuita-en-cordoba","/baza-znaniy/legado-jesuita-en-cordoba","Visit Argentina — Legado jesuita en Córdoba","https://www.argentina.travel/actividades/legado-jesuita-en-cordoba","official","es","INPROTUR; текст автопереведён, фото с официального CDN — атрибуция argentina.travel","yes","recorded_article_level","Content editor","content/knowledge-base/_index/content.json"
"lgbt-travel:source:1","lgbt-travel","/baza-znaniy/lgbt-travel","Wikipedia — LGBTQ rights in Argentina","https://en.wikipedia.org/wiki/LGBTQ_rights_in_Argentina","aggregator","en","проверено 2026-07-03: брак с 2010, закон о гендерной идентичности 2012, откаты 2024-2025, БА как «гей-столица» региона","no_or_not_recorded","recorded_article_level","Content editor","content/knowledge-base/_index/content.json"
"lgbt-travel:source:2","lgbt-travel","/baza-znaniy/lgbt-travel","Outright International / ILGA — Argentina LGBTQ обзор и Decreto 62/2025","https://outrightinternational.org/our-work/americas/argentina","en_source","en","проверено 2026-07-03: политические откаты при текущем правительстве, судебное оспаривание","no_or_not_recorded","recorded_article_level","Content editor","content/knowledge-base/_index/content.json"
"lihue-calel:source:1","lihue-calel","/baza-znaniy/lihue-calel","APN — Parque Nacional Lihué Calel (официальная страница)","https://www.argentina.gob.ar/parquesnacionales/regionpatagonia/parque-nacional-lihue-calel","official","es","площадь (""más de 32 mil hectáreas""), год создания (1976), описание сьеррас и петроглифов, свободный вход","yes","recorded_article_level","Content editor","content/knowledge-base/_index/content.json"
"lihue-calel:source:2","lihue-calel","/baza-znaniy/lihue-calel","Wikipedia (ES) — Parque nacional Lihué Calel","https://es.wikipedia.org/wiki/Parque_nacional_Lihu%C3%A9_Calel","aggregator","es","детальная история создания (декрет 609/1976, донация провинции, расширение до 32 514 га к 2003), топонимика долины в честь касика Мануэля Намункура, geología, флора/фауна","no_or_not_recorded","recorded_article_level","Content editor","content/knowledge-base/_index/content.json"
"lihue-calel:source:3","lihue-calel","/baza-znaniy/lihue-calel","La Gazeta Federal / Pincén Viajes — исторические материалы о касике Пинсене","http://www.lagazeta.com.ar/pincen.htm","es_source","es","биография касика Винсенте Пинсена, контекст Кампанья-дель-Дезьерто 1878-79","no_or_not_recorded","recorded_article_level","Content editor","content/knowledge-base/_index/content.json"
"lihue-calel:source:4","lihue-calel","/baza-znaniy/lihue-calel","Ermak Vagus — Национальный парк Лихуэ Каэль","https://ermakvagus.com/South%20america/argentina/lixua-kael-rus.htm","ru_blog","ru","перевод названия (мапудунгун: «горы жизни»), общее описание для русскоязычного читателя","no_or_not_recorded","recorded_article_level","Content editor","content/knowledge-base/_index/content.json"
"litoral:source:1","litoral","/baza-znaniy/litoral","Записи об Игуасу, Ибера и Баньядо-ла-Эстрелья — эта же база знаний","../natsionalnye-parki/iguasu.md","aggregator","ru","not_recorded","no_or_not_recorded","recorded_article_level","Content editor","content/knowledge-base/_index/content.json"
"los-alerces:source:1","los-alerces","/baza-znaniy/los-alerces","APN — Ficha del área protegida, Parque Nacional Los Alerces","https://www.argentina.gob.ar/parquesnacionales/regionpatagonia/parque-nacional-los-alerces/ficha-del-area-protegida","official","es","площадь, год основания, статус ЮНЕСКО, эмблема (пуду), параметры «Эль-Абуэло»","yes","recorded_article_level","Content editor","content/knowledge-base/_index/content.json"
"los-alerces:source:2","los-alerces","/baza-znaniy/los-alerces","APN — Tarifas, Parque Nacional Los Alerces","https://www.argentina.gob.ar/parquesnacionales/regionpatagonia/parque-nacional-los-alerces/tarifas","official","es","тарифы с 01.06.2026 и правила взимания платы, обновлено 17.06.2026","yes","recorded_article_level","Content editor","content/knowledge-base/_index/content.json"
"los-alerces:source:3","los-alerces","/baza-znaniy/los-alerces","UNESCO — Los Alerces National Park","https://whc.unesco.org/en/list/1526","official","en","not_recorded","yes","recorded_article_level","Content editor","content/knowledge-base/_index/content.json"
"los-alerces:source:4","los-alerces","/baza-znaniy/los-alerces","Портал онлайн-продажи билетов APN","https://ventaweb.apn.gob.ar/","official","es","not_recorded","yes","recorded_article_level","Content editor","content/knowledge-base/_index/content.json"
"los-antiguos:source:1","los-antiguos","/baza-znaniy/los-antiguos","Visit Argentina — Los Antiguos","https://www.argentina.travel/actividades/los-antiguos","official","es","INPROTUR; текст автопереведён, фото с официального CDN — атрибуция argentina.travel","yes","recorded_article_level","Content editor","content/knowledge-base/_index/content.json"
"los-cardones:source:1","los-cardones","/baza-znaniy/los-cardones","APN — Ficha del área protegida, Parque Nacional Los Cardones","https://www.argentina.gob.ar/parquesnacionales/region-noroeste/parque-nacional-los-cardones/ficha-del-area-protegida","official","es","площадь, год основания, флора и фауна","yes","recorded_article_level","Content editor","content/knowledge-base/_index/content.json"
"los-cardones:source:2","los-cardones","/baza-znaniy/los-cardones","APN/SIB — Biodiversidad, Parque Nacional Los Cardones","https://www.argentina.gob.ar/parquesnacionales/region-noroeste/parque-nacional-los-cardones/biodiversidad","official","es","not_recorded","yes","recorded_article_level","Content editor","content/knowledge-base/_index/content.json"
"los-gigantes:source:1","los-gigantes","/baza-znaniy/los-gigantes","Visit Argentina — Los Gigantes","https://www.argentina.travel/actividades/los-gigantes","official","es","INPROTUR; текст автопереведён, фото с официального CDN — атрибуция argentina.travel","yes","recorded_article_level","Content editor","content/knowledge-base/_index/content.json"
"los-glasiares:source:1","los-glasiares","/baza-znaniy/los-glasiares","Visit Argentina — Parque Nacional Los Glaciares","https://www.argentina.travel/actividades/parque-nacional-los-glaciares","official","es","INPROTUR; текст автопереведён, фото с официального CDN — атрибуция argentina.travel","yes","recorded_article_level","Content editor","content/knowledge-base/_index/content.json"
"los-glasiares-ritm-dvuh-baz:source:1","los-glasiares-ritm-dvuh-baz","/baza-znaniy/los-glasiares-ritm-dvuh-baz","Национальный-парк-Лос-Гласьярес.md — раздел «Советы местного гида»","","aggregator","ru","извлечено из готового лонгрида проекта","no_or_not_recorded","review_required","Content editor","content/knowledge-base/_index/content.json"
"los-valles-calchaquies:source:1","los-valles-calchaquies","/baza-znaniy/los-valles-calchaquies","Visit Argentina — Los Valles Calchaquíes","https://www.argentina.travel/actividades/los-valles-calchaquies","official","es","INPROTUR; текст автопереведён, фото с официального CDN — атрибуция argentina.travel","yes","recorded_article_level","Content editor","content/knowledge-base/_index/content.json"
"maimara:source:1","maimara","/baza-znaniy/maimara","Visit Argentina — Maimará","https://www.argentina.travel/actividades/maimara","official","es","INPROTUR; текст автопереведён, фото с официального CDN — атрибуция argentina.travel","yes","recorded_article_level","Content editor","content/knowledge-base/_index/content.json"
"malargue:source:1","malargue","/baza-znaniy/malargue","Visit Argentina — Malargüe","https://www.argentina.travel/actividades/malargue","official","es","INPROTUR; текст автопереведён, фото с официального CDN — атрибуция argentina.travel","yes","recorded_article_level","Content editor","content/knowledge-base/_index/content.json"
"mar-del-plata:source:1","mar-del-plata","/baza-znaniy/mar-del-plata","Tonkosti.ru — отдых в Мар-дель-Плате: как добраться, где жить, пляжи и цены","https://tonkosti.ru/%D0%9C%D0%B0%D1%80-%D0%B4%D0%B5%D0%BB%D1%8C-%D0%9F%D0%BB%D0%B0%D1%82%D0%B0","ru_blog","ru","логистика, пляжи, цены, практическая информация","no_or_not_recorded","recorded_article_level","Content editor","content/knowledge-base/_index/content.json"
"mar-del-plata:source:2","mar-del-plata","/baza-znaniy/mar-del-plata","Rubueno — Мар-дель-Плата: главный «пляжный» город Аргентины","https://www.rubueno.ru/news/mar-del-plata","ru_blog","ru","общая характеристика курорта, сезонность","no_or_not_recorded","recorded_article_level","Content editor","content/knowledge-base/_index/content.json"
"mar-del-plata:source:3","mar-del-plata","/baza-znaniy/mar-del-plata","Bairestours — пляжи Аргентины: 7 лучших мест для отдыха","http://bairestours.ru/plyazhi-argentiny-7-luchshih-mest-dlya-otdyha/","ru_blog","ru","место Мар-дель-Платы среди пляжных направлений страны","no_or_not_recorded","recorded_article_level","Content editor","content/knowledge-base/_index/content.json"
"mar-del-plata:source:4","mar-del-plata","/baza-znaniy/mar-del-plata","Wikipedia (ru) — Мар-дель-Плата","https://ru.wikipedia.org/wiki/%D0%9C%D0%B0%D1%80-%D0%B4%D0%B5%D0%BB%D1%8C-%D0%9F%D0%BB%D0%B0%D1%82%D0%B0","aggregator","ru","население, история основания (1874), архитектурный комплекс казино","no_or_not_recorded","recorded_article_level","Content editor","content/knowledge-base/_index/content.json"
"mar-del-plata:source:5","mar-del-plata","/baza-znaniy/mar-del-plata","Bookaway/Rome2Rio — маршруты Буэнос-Айрес — Мар-дель-Плата","https://www.rome2rio.com/s/Buenos-Aires/Mar-del-Plata","aggregator","en","варианты транспорта, ориентировочное время в пути","no_or_not_recorded","recorded_article_level","Content editor","content/knowledge-base/_index/content.json"
"mate:source:1","mate","/baza-znaniy/mate","Wikipedia (ES) — Mate (infusión)","https://es.wikipedia.org/wiki/Mate_(infusi%C3%B3n)","aggregator","es","состав, калебас/бомбилья, ритуал круга, роль cebador, температура воды","no_or_not_recorded","recorded_article_level","Content editor","content/knowledge-base/_index/content.json"
"mate:source:2","mate","/baza-znaniy/mate","Wikipedia (EN) — Mate (drink)","https://en.wikipedia.org/wiki/Mate_(drink)","aggregator","en","этикет, tereré, mate cocido, распространение в регионе","no_or_not_recorded","recorded_article_level","Content editor","content/knowledge-base/_index/content.json"
"mate-en-la-laguna-capri:source:1","mate-en-la-laguna-capri","/baza-znaniy/mate-en-la-laguna-capri","Visit Argentina — Mate en la laguna Capri","https://www.argentina.travel/actividades/mate-en-la-laguna-capri","official","es","INPROTUR; текст автопереведён, фото с официального CDN — атрибуция argentina.travel","yes","recorded_article_level","Content editor","content/knowledge-base/_index/content.json"
"mate-etiket-spasibo-lovushka:source:1","mate-etiket-spasibo-lovushka","/baza-znaniy/mate-etiket-spasibo-lovushka","Культура-Кухня-Аргентины.md — раздел «Частые ошибки»","","aggregator","ru","извлечено из готового лонгрида проекта","no_or_not_recorded","review_required","Content editor","content/knowledge-base/_index/content.json"
"medicina-i-strahovka:source:1","medicina-i-strahovka","/baza-znaniy/medicina-i-strahovka","Vnz.su — Жить в Аргентине: медицина и страховка","https://vnz.su/articles/zhit-v-argentine-meditsina-i-strahovka/","ru_blog","ru","структура системы здравоохранения, доступ резидентов","no_or_not_recorded","recorded_article_level","Fact checker","content/knowledge-base/_index/content.json"
"medicina-i-strahovka:source:2","medicina-i-strahovka","/baza-znaniy/medicina-i-strahovka","Insure.travel — Медицинская страховка для визы и поездки в Аргентину","https://www.insure.travel/countries/a/strahovka-v-argentinu","ru_blog","ru","требования к покрытию, условия для туристов из РФ","no_or_not_recorded","recorded_article_level","Fact checker","content/knowledge-base/_index/content.json"
"medicina-i-strahovka:source:3","medicina-i-strahovka","/baza-znaniy/medicina-i-strahovka","Evavargentine — Система здравоохранения Аргентины","https://evavargentine.by/blog/dom/zdoovye/sistema-zdravookhraneniya-argentiny/","ru_blog","ru","деление на государственный/частный/obra social секторы","no_or_not_recorded","recorded_article_level","Fact checker","content/knowledge-base/_index/content.json"
"medicina-i-strahovka:source:4","medicina-i-strahovka","/baza-znaniy/medicina-i-strahovka","Secrets of Buenos Aires — Essential Emergency Numbers in Argentina for Tourists","https://secretsofbuenosaires.com/emergency-numbers-medical-police-in-buenos-aires/","en_source","en","номера экстренных служб, региональные различия","no_or_not_recorded","recorded_article_level","Fact checker","content/knowledge-base/_index/content.json"
"mendoza:source:1","mendoza","/baza-znaniy/mendoza","Visit Argentina — Valle de Uco","https://www.argentina.travel/actividades/valle-de-uco","official","es","INPROTUR; текст автопереведён, фото с официального CDN — атрибуция argentina.travel","yes","recorded_article_level","Content editor","content/knowledge-base/_index/content.json"
"mendoza-best-of-wine-tourism:source:1","mendoza-best-of-wine-tourism","/baza-znaniy/mendoza-best-of-wine-tourism","Visit Argentina — Mendoza, Best of wine tourism","https://www.argentina.travel/actividades/mendoza-best-of-wine-tourism","official","es","INPROTUR; текст автопереведён, фото с официального CDN — атрибуция argentina.travel","yes","recorded_article_level","Content editor","content/knowledge-base/_index/content.json"
"mendoza-odna-zona-v-den:source:1","mendoza-odna-zona-v-den","/baza-znaniy/mendoza-odna-zona-v-den","Города-Мендоса-винный-гид.md — разделы «Практические советы» и «Частые ошибки»","","aggregator","ru","извлечено из готового лонгрида проекта","no_or_not_recorded","review_required","Content editor","content/knowledge-base/_index/content.json"
"mentalitet-i-etiket:source:1","mentalitet-i-etiket","/baza-znaniy/mentalitet-i-etiket","Записи базы: интересные факты, Россия vs Аргентина, асадо, мате, праздники","../kultura/rossiya-vs-argentina.md","aggregator","ru","культурные наблюдения сведены из профильных записей и личного опыта","no_or_not_recorded","recorded_article_level","Fact checker","content/knowledge-base/_index/content.json"
"mezhgorodnie-avtobusy:source:1","mezhgorodnie-avtobusy","/baza-znaniy/mezhgorodnie-avtobusy","Omnilíneas — Comfort categories for buses in Argentina","https://www.omnilineas.com/argentina/tips/categories/","aggregator","en","классы común/semi-cama/cama/suite, углы наклона кресел","no_or_not_recorded","recorded_article_level","Content editor","content/knowledge-base/_index/content.json"
"mezhgorodnie-avtobusy:source:2","mezhgorodnie-avtobusy","/baza-znaniy/mezhgorodnie-avtobusy","Plataforma10 — покупка билетов на автобусы","https://www.plataforma10.com.ar/","official","es","агрегатор компаний и маршрутов, онлайн-покупка","yes","recorded_article_level","Content editor","content/knowledge-base/_index/content.json"
"mezhgorodnie-avtobusy:source:3","mezhgorodnie-avtobusy","/baza-znaniy/mezhgorodnie-avtobusy","Secrets of Buenos Aires — Long-distance bus travel","https://secretsofbuenosaires.com/long-distance-bus-travel-from-buenos-aires/","aggregator","en","терминал Ретиро, компании, практика поездок","no_or_not_recorded","recorded_article_level","Content editor","content/knowledge-base/_index/content.json"
"mify-ob-argentine:source:1","mify-ob-argentine","/baza-znaniy/mify-ob-argentine","Записи этой базы знаний по климату, деньгам, безопасности и культуре","../regiony/patagonia.md","aggregator","ru","каждый миф разобран со ссылкой на профильную запись базы","no_or_not_recorded","recorded_article_level","Content editor","content/knowledge-base/_index/content.json"
"minitrekking-sobre-el-glaciar-perito-moreno:source:1","minitrekking-sobre-el-glaciar-perito-moreno","/baza-znaniy/minitrekking-sobre-el-glaciar-perito-moreno","Visit Argentina — Minitrekking sobre el Glaciar Perito Moreno","https://www.argentina.travel/actividades/minitrekking-sobre-el-glaciar-perito-moreno","official","es","INPROTUR; текст автопереведён, фото с официального CDN — атрибуция argentina.travel","yes","recorded_article_level","Content editor","content/knowledge-base/_index/content.json"
"miraflores:source:1","miraflores","/baza-znaniy/miraflores","Visit Argentina — Miraflores","https://www.argentina.travel/actividades/miraflores","official","es","INPROTUR; текст автопереведён, фото с официального CDN — атрибуция argentina.travel","yes","recorded_article_level","Content editor","content/knowledge-base/_index/content.json"
"molino-forclaz:source:1","molino-forclaz","/baza-znaniy/molino-forclaz","Visit Argentina — Molino Forclaz","https://www.argentina.travel/actividades/molino-forclaz","official","es","INPROTUR; текст автопереведён, фото с официального CDN — атрибуция argentina.travel","yes","recorded_article_level","Content editor","content/knowledge-base/_index/content.json"
"montanismo-en-jujuy:source:1","montanismo-en-jujuy","/baza-znaniy/montanismo-en-jujuy","Visit Argentina — Montañismo en Jujuy","https://www.argentina.travel/actividades/montanismo-en-jujuy","official","es","INPROTUR; текст автопереведён, фото с официального CDN — атрибуция argentina.travel","yes","recorded_article_level","Content editor","content/knowledge-base/_index/content.json"
"monte-olivia-y-glaciar-de-agostini:source:1","monte-olivia-y-glaciar-de-agostini","/baza-znaniy/monte-olivia-y-glaciar-de-agostini","Visit Argentina — Monte Olivia y Glaciar de Agostini","https://www.argentina.travel/actividades/monte-olivia-y-glaciar-de-agostini","official","es","INPROTUR; текст автопереведён, фото с официального CDN — атрибуция argentina.travel","yes","recorded_article_level","Content editor","content/knowledge-base/_index/content.json"
"monumento-natural-laguna-de-los-pozuelos:source:1","monumento-natural-laguna-de-los-pozuelos","/baza-znaniy/monumento-natural-laguna-de-los-pozuelos","Visit Argentina — Monumento Natural Laguna de Los Pozuelos","https://www.argentina.travel/actividades/monumento-natural-laguna-de-los-pozuelos","official","es","INPROTUR; текст автопереведён, фото с официального CDN — атрибуция argentina.travel","yes","recorded_article_level","Content editor","content/knowledge-base/_index/content.json"
"motochorros-telefon-na-ulitse:source:1","motochorros-telefon-na-ulitse","/baza-znaniy/motochorros-telefon-na-ulitse","Практика-Безопасность-в-Аргентине.md, Города-Буэнос-Айрес-районы.md — разделы «Практические советы» и «Частые ошибки»","","aggregator","ru","извлечено из готовых лонгридов проекта","no_or_not_recorded","review_required","Fact checker","content/knowledge-base/_index/content.json"
"mountain-bike-en-piedra-del-aguila:source:1","mountain-bike-en-piedra-del-aguila","/baza-znaniy/mountain-bike-en-piedra-del-aguila","Visit Argentina — Mountain bike en Piedra del Águila","https://www.argentina.travel/actividades/mountain-bike-en-piedra-del-aguila","official","es","INPROTUR; текст автопереведён, фото с официального CDN — атрибуция argentina.travel","yes","recorded_article_level","Fact checker","content/knowledge-base/_index/content.json"
"mozhno-li-delat-vizaran:source:1","mozhno-li-delat-vizaran","/baza-znaniy/mozhno-li-delat-vizaran","Argentina.gob.ar / Migraciones — Documentación para ingresar al país como turista","https://www.argentina.gob.ar/migraciones/documentacion-para-ingresar-al-pais-como-turista","official","es","проверено 2026-07-01 (страница обновлена в декабре 2025): туристический срок до 3 месяцев, продлевается один раз на аналогичный период, работать туристу нельзя","yes","recorded_article_level","Fact checker","content/knowledge-base/_index/content.json"
"mozhno-li-delat-vizaran:source:2","mozhno-li-delat-vizaran","/baza-znaniy/mozhno-li-delat-vizaran","Afon.site — FAQ «Легализация и въезд»","https://afon.site/legalizaciya-i-vuezd","ru_blog","ru","формулировка правила «90 дней в периоде 180» и вывод о неработающем азиатском визаране; сверено с официальным правилом и реалиями после DNU 366/2025","no_or_not_recorded","recorded_article_level","Fact checker","content/knowledge-base/_index/content.json"
"mozhno-li-doehat-do-ushuaji-na-mashine:source:1","mozhno-li-doehat-do-ushuaji-na-mashine","/baza-znaniy/mozhno-li-doehat-do-ushuaji-na-mashine","Ushuaia Turismo — How to Get to Ushuaia by Car or Bus","https://www.ushuaiaturismo.com.ar/en/how-to-get-to-ushuaia-by-car-or-bus.html","en_source","en","маршрут через погранпереход Integración Austral, паром Пунта-Дельгада, возврат в Аргентину через Сан-Себастьян","no_or_not_recorded","recorded_article_level","Content editor","content/knowledge-base/_index/content.json"
"mozhno-li-doehat-do-ushuaji-na-mashine:source:2","mozhno-li-doehat-do-ushuaji-na-mashine","/baza-znaniy/mozhno-li-doehat-do-ushuaji-na-mashine","InterPatagonia — How to get to Ushuaia","https://www.interpatagonia.com/ushuaia/comollegar_i.html","en_source","en","независимая перепроверка маршрута: RN 3, два пересечения границы, паромная переправа через Магелланов пролив","no_or_not_recorded","recorded_article_level","Content editor","content/knowledge-base/_index/content.json"
"mozhno-li-ezdit-po-inostrannym-pravam:source:1","mozhno-li-ezdit-po-inostrannym-pravam","/baza-znaniy/mozhno-li-ezdit-po-inostrannym-pravam","Argentina.gob.ar — Información sobre Licencias de Conducir Internacionales","https://www.argentina.gob.ar/transporte/mundial-sub-20-argentina-2023/informacion-sobre-licencias-de-conducir-internacionales","official","es","иностранные права участников Женева-1949/Вена-1968 действуют до 1 года с даты въезда","yes","recorded_article_level","Fact checker","content/knowledge-base/_index/content.json"
"mozhno-li-ezdit-po-inostrannym-pravam:source:2","mozhno-li-ezdit-po-inostrannym-pravam","/baza-znaniy/mozhno-li-ezdit-po-inostrannym-pravam","Automóvil Club Argentino — Permiso Internacional","https://www.aca.org.ar/registro-internacional/","official","es","МВУ — перевод национальных прав, действует только вместе с ними","yes","recorded_article_level","Fact checker","content/knowledge-base/_index/content.json"
"mozhno-li-pit-vodu-iz-krana:source:1","mozhno-li-pit-vodu-iz-krana","/baza-znaniy/mozhno-li-pit-vodu-iz-krana","Записи о здравоохранении и безопасности — эта же база знаний","../medicina/sistema-zdravoohraneniya.md","aggregator","ru","общая практика для путешественника; вода в крупных городах централизованно очищается","no_or_not_recorded","recorded_article_level","Fact checker","content/knowledge-base/_index/content.json"
"mozhno-li-rabotat-na-mestnuyu-kompaniyu:source:1","mozhno-li-rabotat-na-mestnuyu-kompaniyu","/baza-znaniy/mozhno-li-rabotat-na-mestnuyu-kompaniyu","DNM — Obtener una residencia temporaria como trabajador migrante","https://www.argentina.gob.ar/servicio/obtener-una-residencia-temporaria-como-trabajador-migrante","official","es","требования к рабочей резиденции: пре-контракт, регистрация работодателя в RENURE","yes","recorded_article_level","Fact checker","content/knowledge-base/_index/content.json"
"mozhno-li-rabotat-na-mestnuyu-kompaniyu:source:2","mozhno-li-rabotat-na-mestnuyu-kompaniyu","/baza-znaniy/mozhno-li-rabotat-na-mestnuyu-kompaniyu","Afon.site — FAQ «Работа»","https://afon.site/rabota","ru_blog","ru","живая практика: наём иностранцев тяжёл сам по себе, востребованные ниши, своё дело через monotributo после прекарии и CUIT; сверено с актуальными требованиями DNM на 2026 год","no_or_not_recorded","recorded_article_level","Fact checker","content/knowledge-base/_index/content.json"
"mozhno-li-snimat-dronom:source:1","mozhno-li-snimat-dronom","/baza-znaniy/mozhno-li-snimat-dronom","Drone-laws.com — Argentina Drone Laws 2026","https://drone-laws.com/drone-laws-in-argentina/","aggregator","en","регистрация ANAC, правила для туристов, запреты; проверять актуальное","no_or_not_recorded","recorded_article_level","Content editor","content/knowledge-base/_index/content.json"
"mozhno-li-uchitsya-v-universitete-besplatno:source:1","mozhno-li-uchitsya-v-universitete-besplatno","/baza-znaniy/mozhno-li-uchitsya-v-universitete-besplatno","Boletín Oficial — Decreto 366/2025","https://www.boletinoficial.gob.ar/detalleAviso/primera/326096/20250529","official","es","норма, разрешающая госвузам вводить плату для иностранных студентов-нерезидентов","yes","recorded_article_level","Fact checker","content/knowledge-base/_index/content.json"
"mozhno-li-uchitsya-v-universitete-besplatno:source:2","mozhno-li-uchitsya-v-universitete-besplatno","/baza-znaniy/mozhno-li-uchitsya-v-universitete-besplatno","Afon.site — FAQ «Учёба»","https://afon.site/uchyoba","ru_blog","ru","практика поступления и учебной резиденции; блог января 2024 — описывает эпоху до DNU 366/2025, когда бесплатность для всех иностранцев была безусловной","no_or_not_recorded","recorded_article_level","Fact checker","content/knowledge-base/_index/content.json"
"mozhno-li-vodit-po-rossijskim-pravam:source:1","mozhno-li-vodit-po-rossijskim-pravam","/baza-znaniy/mozhno-li-vodit-po-rossijskim-pravam","Automóvil Club Argentino (ACA) — Permiso Internacional","https://www.aca.org.ar/registro-internacional/","official","es","статус международного водительского удостоверения в Аргентине","yes","recorded_article_level","Fact checker","content/knowledge-base/_index/content.json"
"mozhno-li-vodit-po-rossijskim-pravam:source:2","mozhno-li-vodit-po-rossijskim-pravam","/baza-znaniy/mozhno-li-vodit-po-rossijskim-pravam","Gobierno CABA — Licencia de conducir, casos especiales (extranjeros)","http://buenosaires.gob.ar/tramites/otorgamiento-de-licencia-de-conducir/casosespeciales/extranjeros","official","es","требования к иностранцам при получении прав в Буэнос-Айресе","yes","recorded_article_level","Fact checker","content/knowledge-base/_index/content.json"
"mozhno-li-vodit-po-rossijskim-pravam:source:3","mozhno-li-vodit-po-rossijskim-pravam","/baza-znaniy/mozhno-li-vodit-po-rossijskim-pravam","Afon.site — Водительское удостоверение в Аргентине","https://afon.site/voditelskoe-udostoverenie-v-argentine","ru_blog","ru","опыт релоканта: турист vs резидент, процесс получения местных прав; сверено с гайдом базы 2026 года","no_or_not_recorded","recorded_article_level","Fact checker","content/knowledge-base/_index/content.json"
"museo-arqueologico-los-menhires:source:1","museo-arqueologico-los-menhires","/baza-znaniy/museo-arqueologico-los-menhires","Visit Argentina — Museo Arqueológico Los Menhires","https://www.argentina.travel/actividades/museo-arqueologico-los-menhires","official","es","INPROTUR; текст автопереведён, фото с официального CDN — атрибуция argentina.travel","yes","recorded_article_level","Content editor","content/knowledge-base/_index/content.json"
"museo-de-arqueologia-de-alta-montana:source:1","museo-de-arqueologia-de-alta-montana","/baza-znaniy/museo-de-arqueologia-de-alta-montana","Visit Argentina — Museo de Arqueología de Alta Montaña","https://www.argentina.travel/actividades/museo-de-arqueologia-de-alta-montana","official","es","INPROTUR; текст автопереведён, фото с официального CDN — атрибуция argentina.travel","yes","recorded_article_level","Content editor","content/knowledge-base/_index/content.json"
"museos-de-buenos-aires:source:1","museos-de-buenos-aires","/baza-znaniy/museos-de-buenos-aires","Visit Argentina — Museos de Buenos Aires","https://www.argentina.travel/actividades/museos-de-buenos-aires","official","es","INPROTUR; текст автопереведён, фото с официального CDN — атрибуция argentina.travel","yes","recorded_article_level","Content editor","content/knowledge-base/_index/content.json"
"museos-de-salta:source:1","museos-de-salta","/baza-znaniy/museos-de-salta","Visit Argentina — Museos de Salta","https://www.argentina.travel/actividades/museos-de-salta","official","es","INPROTUR; текст автопереведён, фото с официального CDN — атрибуция argentina.travel","yes","recorded_article_level","Content editor","content/knowledge-base/_index/content.json"
"nalogi-i-monotributo:source:1","nalogi-i-monotributo","/baza-znaniy/nalogi-i-monotributo","ARCA (ex-AFIP) — Monotributo: категории и значения","https://www.afip.gob.ar/monotributo/categorias.asp","official","es","проверено 2026-07-03: 11 категорий A-K, три компонента куоты (налог + пенсия SIPA + obra social), индексация дважды в год (февраль/август)","yes","recorded_article_level","Fact checker","content/knowledge-base/_index/content.json"
"nalogi-i-monotributo:source:2","nalogi-i-monotributo","/baza-znaniy/nalogi-i-monotributo","ARCA — Monotributo: типы и общая справка","https://www.afip.gob.ar/monotributo/ayuda/tipos-de-monotributo.asp","official","es","not_recorded","yes","recorded_article_level","Fact checker","content/knowledge-base/_index/content.json"
"nalogi-i-monotributo:source:3","nalogi-i-monotributo","/baza-znaniy/nalogi-i-monotributo","ANSES — Monotributistas y Autónomos (пенсионные взносы)","https://www.anses.gob.ar/jubilaciones-y-pensiones/regimenes-jubilatorios/monotributistas-y-autonomos","official","es","как взнос монотрибутиста идёт в SIPA и засчитывается в стаж","yes","recorded_article_level","Fact checker","content/knowledge-base/_index/content.json"
"narodnye-svyatye:source:1","narodnye-svyatye","/baza-znaniy/narodnye-svyatye","Wikipedia (ES) — Gauchito Gil","https://es.wikipedia.org/wiki/Gauchito_Gil","aggregator","es","легенда Антонио Хиля, красный цвет, паломничество 8 января в Мерседесе, статус народного святого","no_or_not_recorded","recorded_article_level","Content editor","content/knowledge-base/_index/content.json"
"narodnye-svyatye:source:2","narodnye-svyatye","/baza-znaniy/narodnye-svyatye","Wikipedia (ES) — Difunta Correa","https://es.wikipedia.org/wiki/Difunta_Correa","aggregator","es","легенда Деолинды Корреа, святилище в Вальесито, подношения водой, San Juan","no_or_not_recorded","recorded_article_level","Content editor","content/knowledge-base/_index/content.json"
"nauel-uapi:source:1","nauel-uapi","/baza-znaniy/nauel-uapi","APN — Ficha del área protegida, Parque Nacional Nahuel Huapi","https://www.argentina.gob.ar/parquesnacionales/regionpatagonia/parque-nacional-nahuel-huapi/ficha-del-area-protegida","official","es","площадь, год основания, история, эмблема (уильин), высота Тронадора","yes","recorded_article_level","Content editor","content/knowledge-base/_index/content.json"
"nauel-uapi:source:2","nauel-uapi","/baza-znaniy/nauel-uapi","Intendencia del Parque Nacional Nahuel Huapi — тарифы","https://nahuelhuapi.gov.ar/tarifas-de-ingreso/","official","es","актуальные тарифы по Резолюции APN 132/2026","yes","recorded_article_level","Content editor","content/knowledge-base/_index/content.json"
"nauel-uapi:source:3","nauel-uapi","/baza-znaniy/nauel-uapi","Портал онлайн-продажи билетов APN","https://ventaweb.apn.gob.ar/","official","es","not_recorded","yes","recorded_article_level","Content editor","content/knowledge-base/_index/content.json"
"nauka-i-tehnologii:source:1","nauka-i-tehnologii","/baza-znaniy/nauka-i-tehnologii","Wikipedia — Argentine Nobel laureates; National Space Activities Commission (CONAE); INVAP","https://en.wikipedia.org/wiki/National_Space_Activities_Commission","aggregator","en","нобелевские лауреаты (Усай/Лелуар/Мильштейн), CONAE/ARSAT, INVAP и ядерный экспорт","no_or_not_recorded","recorded_article_level","Content editor","content/knowledge-base/_index/content.json"
"nauka-i-tehnologii:source:2","nauka-i-tehnologii","/baza-znaniy/nauka-i-tehnologii","ARSAT — государственный спутниковый оператор","https://www.arsat.com.ar/","official","es","ARSAT-1 (2014) и ARSAT-2 (2015) — спутники, построенные в Аргентине","yes","recorded_article_level","Content editor","content/knowledge-base/_index/content.json"
"navegacion-en-los-rios-limay-y-neuquen:source:1","navegacion-en-los-rios-limay-y-neuquen","/baza-znaniy/navegacion-en-los-rios-limay-y-neuquen","Visit Argentina — Navegación en los ríos Limay y Neuquén","https://www.argentina.travel/actividades/navegacion-en-los-rios-limay-y-neuquen","official","es","INPROTUR; текст автопереведён, фото с официального CDN — атрибуция argentina.travel","yes","recorded_article_level","Content editor","content/knowledge-base/_index/content.json"
"navegacion-en-tierra-del-fuego:source:1","navegacion-en-tierra-del-fuego","/baza-znaniy/navegacion-en-tierra-del-fuego","Visit Argentina — Navegación en Tierra del Fuego","https://www.argentina.travel/actividades/navegacion-en-tierra-del-fuego","official","es","INPROTUR; текст автопереведён, фото с официального CDN — атрибуция argentina.travel","yes","recorded_article_level","Content editor","content/knowledge-base/_index/content.json"
"navegacion-entre-glaciares:source:1","navegacion-entre-glaciares","/baza-znaniy/navegacion-entre-glaciares","Visit Argentina — Navegación entre glaciares","https://www.argentina.travel/actividades/navegacion-entre-glaciares","official","es","INPROTUR; текст автопереведён, фото с официального CDN — атрибуция argentina.travel","yes","recorded_article_level","Content editor","content/knowledge-base/_index/content.json"
"navegacion-por-el-lago-argentino:source:1","navegacion-por-el-lago-argentino","/baza-znaniy/navegacion-por-el-lago-argentino","Visit Argentina — Navegación por el Lago Argentino","https://www.argentina.travel/actividades/navegacion-por-el-lago-argentino","official","es","INPROTUR; текст автопереведён, фото с официального CDN — атрибуция argentina.travel","yes","recorded_article_level","Content editor","content/knowledge-base/_index/content.json"
"neuken:source:1","neuken","/baza-znaniy/neuken","Vaca Muerta — Wikipedia (ES)","https://es.wikipedia.org/wiki/Vaca_Muerta","aggregator","es","география формации (провинции Неукен, Рио-Негро, Ла-Пампа, Мендоса), площадь ~30 000 км², место второе в мире по запасам газа и четвёртое по нефти","no_or_not_recorded","recorded_article_level","Content editor","content/knowledge-base/_index/content.json"
"neuken:source:2","neuken","/baza-znaniy/neuken","Neuquén — Wikipedia (EN)","https://en.wikipedia.org/wiki/Neuqu%C3%A9n","aggregator","en","население по переписи 2022 (287 787 в городе, агломерация 500 000+), связь роста города с нефтегазовым бумом Вака-Муэрты","no_or_not_recorded","recorded_article_level","Content editor","content/knowledge-base/_index/content.json"
"neuken:source:3","neuken","/baza-znaniy/neuken","Neuquén (ciudad) — Wikipedia (ES)","https://es.wikipedia.org/wiki/Neuqu%C3%A9n_(ciudad)","aggregator","es","год основания (1904), статус самой молодой столицы провинции в стране, аэропорт Presidente Perón, история","no_or_not_recorded","recorded_article_level","Content editor","content/knowledge-base/_index/content.json"
"neuken:source:4","neuken","/baza-znaniy/neuken","Argentinosaurus — Wikipedia (ES)","https://es.wikipedia.org/wiki/Argentinosaurus","aggregator","es","место находки Argentinosaurus huinculensis — эстансия Las Overas у Plaza Huincul, провинция Неукен, находка 1989, описание 1993 (Bonaparte & Coria)","no_or_not_recorded","recorded_article_level","Content editor","content/knowledge-base/_index/content.json"
"neuken:source:5","neuken","/baza-znaniy/neuken","Patagotitan — Wikipedia (ES)","https://es.wikipedia.org/wiki/Patagotitan","aggregator","es","уточнение: Patagotitan mayorum найден в провинции Чубут (ранчо La Flecha, около 260 км от Трелью), НЕ в Неукене — важно не путать два разных вида титанозавров","no_or_not_recorded","recorded_article_level","Content editor","content/knowledge-base/_index/content.json"
"nevado-de-chani:source:1","nevado-de-chani","/baza-znaniy/nevado-de-chani","Visit Argentina — Nevado de Chañi","https://www.argentina.travel/actividades/nevado-de-chani","official","es","INPROTUR; текст автопереведён, фото с официального CDN — атрибуция argentina.travel","yes","recorded_article_level","Content editor","content/knowledge-base/_index/content.json"
"newells-old-boys:source:1","newells-old-boys","/baza-znaniy/newells-old-boys","Visit Argentina — Newell's Old Boys","https://www.argentina.travel/actividades/newells-old-boys","official","es","INPROTUR; текст автопереведён, фото с официального CDN — атрибуция argentina.travel","yes","recorded_article_level","Content editor","content/knowledge-base/_index/content.json"
"noa:source:1","noa","/baza-znaniy/noa","Записи о Сальте, Лос-Кардонес и Кебрада-де-Умауака — эта же база знаний","../goroda/salta.md","aggregator","ru","not_recorded","no_or_not_recorded","recorded_article_level","Content editor","content/knowledge-base/_index/content.json"
"noa-kolco:source:1","noa-kolco","/baza-znaniy/noa-kolco","Записи о Сальте, долинах и Жужуе — эта же база знаний","../regiony/noa.md","aggregator","ru","детали по каждой точке — в записях salta, kachi, cafayate, purmamarka, tilkara и др.","no_or_not_recorded","recorded_article_level","Content editor","content/knowledge-base/_index/content.json"
"nueva-cordoba:source:1","nueva-cordoba","/baza-znaniy/nueva-cordoba","Visit Argentina — Nueva Córdoba","https://www.argentina.travel/actividades/nueva-cordoba","official","es","INPROTUR; текст автопереведён, фото с официального CDN — атрибуция argentina.travel","yes","recorded_article_level","Content editor","content/knowledge-base/_index/content.json"
"nuzhen-li-permit-na-akonkagua:source:1","nuzhen-li-permit-na-akonkagua","/baza-znaniy/nuzhen-li-permit-na-akonkagua","Gobierno de Mendoza — venta anticipada de permisos, temporada 2025-2026","https://www.mendoza.gov.ar/prensa/ya-esta-habilitada-la-venta-anticipada-de-permisos-para-la-temporada-2025-2026-del-parque-provincial-aconcagua/","official","es","официальные категории Ascenso/Trekking Largo/Trekking Corto и тарифы сезона 2025-2026","yes","recorded_article_level","Content editor","content/knowledge-base/_index/content.json"
"nuzhen-li-permit-na-akonkagua:source:2","nuzhen-li-permit-na-akonkagua","/baza-znaniy/nuzhen-li-permit-na-akonkagua","INKA Expediciones — Park Aconcagua Entrance Permit","https://inkaexpediciones.com/tips/park-aconcagua-entrance-permit/","en_source","en","разница между входом/треккингом и пермитом на восхождение, сроки действия категорий","no_or_not_recorded","recorded_article_level","Content editor","content/knowledge-base/_index/content.json"
"nuzhno-li-ostavlyat-chaevye:source:1","nuzhno-li-ostavlyat-chaevye","/baza-znaniy/nuzhno-li-ostavlyat-chaevye","Гайд по кухне Аргентины — эта же база знаний (kuhnya)","../kultura/kuhnya.md","aggregator","ru","проверенная рекомендация ~10% наличными закреплена в гайде","no_or_not_recorded","recorded_article_level","Content editor","content/knowledge-base/_index/content.json"
"nuzhno-li-ostavlyat-chaevye:source:2","nuzhno-li-ostavlyat-chaevye","/baza-znaniy/nuzhno-li-ostavlyat-chaevye","Afon.site — FAQ «Еда»","https://afon.site/eda","ru_blog","ru","практика чаевых глазами релоканта — устойчивая во времени тема, сверки с 2026 не требует","no_or_not_recorded","recorded_article_level","Content editor","content/knowledge-base/_index/content.json"
"obera:source:1","obera","/baza-znaniy/obera","Visit Argentina — Oberá","https://www.argentina.travel/actividades/obera","official","es","INPROTUR; текст автопереведён, фото с официального CDN — атрибуция argentina.travel","yes","recorded_article_level","Content editor","content/knowledge-base/_index/content.json"
"obzornaya-loma-pliege-tumbado:source:1","obzornaya-loma-pliege-tumbado","/baza-znaniy/obzornaya-loma-pliege-tumbado","Национальный-парк-Лос-Гласьярес.md — раздел «Советы местного гида»","","aggregator","ru","извлечено из готового лонгрида проекта","no_or_not_recorded","review_required","Content editor","content/knowledge-base/_index/content.json"
"ognennaya-zemlya:source:1","ognennaya-zemlya","/baza-znaniy/ognennaya-zemlya","APN — Ficha del área protegida, Parque Nacional Tierra del Fuego","https://www.argentina.gob.ar/parquesnacionales/patagonia-austral/parque-nacional-tierra-del-fuego/ficha-del-area-protegida","official","es","площадь, год основания, флора и фауна, эмблема (каранка)","yes","recorded_article_level","Content editor","content/knowledge-base/_index/content.json"
"ognennaya-zemlya:source:2","ognennaya-zemlya","/baza-znaniy/ognennaya-zemlya","APN — Tarifas, Parque Nacional Tierra del Fuego","https://www.argentina.gob.ar/parquesnacionales/patagonia-austral/parque-nacional-tierra-del-fuego/tarifas","official","es","тарифы 2026","yes","recorded_article_level","Content editor","content/knowledge-base/_index/content.json"
"ognennaya-zemlya:source:3","ognennaya-zemlya","/baza-znaniy/ognennaya-zemlya","APN — Senderos del Parque Nacional Tierra del Fuego","https://www.argentina.gob.ar/parquesnacionales/patagonia-austral/senderos-del-parque-nacional-tierra-del-fuego","official","es","официальные описания троп","yes","recorded_article_level","Content editor","content/knowledge-base/_index/content.json"
"ognennaya-zemlya:source:4","ognennaya-zemlya","/baza-znaniy/ognennaya-zemlya","Instituto Fueguino de Turismo (Infuetur) — Sendas habilitadas","https://infuetur.gob.ar/","official","es","not_recorded","yes","recorded_article_level","Content editor","content/knowledge-base/_index/content.json"
"ognennaya-zemlya-serro-guanako:source:1","ognennaya-zemlya-serro-guanako","/baza-znaniy/ognennaya-zemlya-serro-guanako","Национальный-парк-Огненная-Земля.md — раздел «Советы местного гида»","","aggregator","ru","извлечено из готового лонгрида проекта","no_or_not_recorded","review_required","Content editor","content/knowledge-base/_index/content.json"
"otkrytie-biznesa:source:1","otkrytie-biznesa","/baza-znaniy/otkrytie-biznesa","Argentina Visa Law — Form a Company 2026 (SAS vs SRL vs Monotributo)","https://argentinavisalaw.com/guides/company-formation-argentina","aggregator","en","SAS онлайн 24-72ч, мин. капитал, сравнение форм, роль contador","no_or_not_recorded","recorded_article_level","Fact checker","content/knowledge-base/_index/content.json"
"otkrytie-biznesa:source:2","otkrytie-biznesa","/baza-znaniy/otkrytie-biznesa","Deel — Sole Proprietorship (Monotributista/Autónomo) in Argentina","https://www.deel.com/blog/sole-proprietorship-argentina/","aggregator","en","монотрибуто vs автономо, регистрация самозанятого, CUIT","no_or_not_recorded","recorded_article_level","Fact checker","content/knowledge-base/_index/content.json"
"otkrytie-biznesa:source:3","otkrytie-biznesa","/baza-znaniy/otkrytie-biznesa","ARCA (ex-AFIP) — CUIT и режимы налогообложения","https://www.afip.gob.ar/","official","es","официальная регистрация CUIT, монотрибуто, общий режим","yes","recorded_article_level","Fact checker","content/knowledge-base/_index/content.json"
"pampa:source:1","pampa","/baza-znaniy/pampa","Записи о Кордове и Росарио — эта же база знаний","../goroda/kordova.md","aggregator","ru","not_recorded","no_or_not_recorded","recorded_article_level","Content editor","content/knowledge-base/_index/content.json"
"parana:source:1","parana","/baza-znaniy/parana","Visit Argentina — Paraná","https://www.argentina.travel/actividades/parana","official","es","INPROTUR; текст автопереведён, фото с официального CDN — атрибуция argentina.travel","yes","recorded_article_level","Content editor","content/knowledge-base/_index/content.json"
"parapente-en-cerro-san-javier:source:1","parapente-en-cerro-san-javier","/baza-znaniy/parapente-en-cerro-san-javier","Visit Argentina — Parapente en Cerro San Javier","https://www.argentina.travel/actividades/parapente-en-cerro-san-javier","official","es","INPROTUR; текст автопереведён, фото с официального CDN — атрибуция argentina.travel","yes","recorded_article_level","Content editor","content/knowledge-base/_index/content.json"
"parque-aereo-de-san-jose:source:1","parque-aereo-de-san-jose","/baza-znaniy/parque-aereo-de-san-jose","Visit Argentina — Parque aéreo de San José","https://www.argentina.travel/actividades/parque-aereo-de-san-jose","official","es","INPROTUR; текст автопереведён, фото с официального CDN — атрибуция argentina.travel","yes","recorded_article_level","Content editor","content/knowledge-base/_index/content.json"
"parque-general-san-martin:source:1","parque-general-san-martin","/baza-znaniy/parque-general-san-martin","Visit Argentina — Parque General San Martín","https://www.argentina.travel/actividades/parque-general-san-martin","official","es","INPROTUR; текст автопереведён, фото с официального CDN — атрибуция argentina.travel","yes","recorded_article_level","Content editor","content/knowledge-base/_index/content.json"
"parque-marino-costero-patagonia-austral:source:1","parque-marino-costero-patagonia-austral","/baza-znaniy/parque-marino-costero-patagonia-austral","Visit Argentina — Parque Marino Costero Patagonia Austral","https://www.argentina.travel/actividades/parque-marino-costero-patagonia-austral","official","es","INPROTUR; текст автопереведён, фото с официального CDN — атрибуция argentina.travel","yes","recorded_article_level","Content editor","content/knowledge-base/_index/content.json"
"parque-marino-isla-pinguino:source:1","parque-marino-isla-pinguino","/baza-znaniy/parque-marino-isla-pinguino","Visit Argentina — Parque Marino Isla Pingüino","https://www.argentina.travel/actividades/parque-marino-isla-pinguino","official","es","INPROTUR; текст автопереведён, фото с официального CDN — атрибуция argentina.travel","yes","recorded_article_level","Content editor","content/knowledge-base/_index/content.json"
"parque-marino-makenke:source:1","parque-marino-makenke","/baza-znaniy/parque-marino-makenke","Visit Argentina — Parque Marino Makenke","https://www.argentina.travel/actividades/parque-marino-makenke","official","es","INPROTUR; текст автопереведён, фото с официального CDN — атрибуция argentina.travel","yes","recorded_article_level","Content editor","content/knowledge-base/_index/content.json"
"parque-nacional-aconquija:source:1","parque-nacional-aconquija","/baza-znaniy/parque-nacional-aconquija","Visit Argentina — Parque Nacional Aconquija","https://www.argentina.travel/actividades/parque-nacional-aconquija","official","es","INPROTUR; текст автопереведён, фото с официального CDN — атрибуция argentina.travel","yes","recorded_article_level","Content editor","content/knowledge-base/_index/content.json"
"parque-nacional-baritu:source:1","parque-nacional-baritu","/baza-znaniy/parque-nacional-baritu","Visit Argentina — Parque Nacional Baritú","https://www.argentina.travel/actividades/parque-nacional-baritu","official","es","INPROTUR; текст автопереведён, фото с официального CDN — атрибуция argentina.travel","yes","recorded_article_level","Content editor","content/knowledge-base/_index/content.json"
"parque-nacional-bosques-petrificados:source:1","parque-nacional-bosques-petrificados","/baza-znaniy/parque-nacional-bosques-petrificados","Visit Argentina — Parque Nacional Bosques Petrificados","https://www.argentina.travel/actividades/parque-nacional-bosques-petrificados","official","es","INPROTUR; текст автопереведён, фото с официального CDN — атрибуция argentina.travel","yes","recorded_article_level","Content editor","content/knowledge-base/_index/content.json"
"parque-nacional-calilegua:source:1","parque-nacional-calilegua","/baza-znaniy/parque-nacional-calilegua","Visit Argentina — Parque Nacional Calilegua","https://www.argentina.travel/actividades/parque-nacional-calilegua","official","es","INPROTUR; текст автопереведён, фото с официального CDN — атрибуция argentina.travel","yes","recorded_article_level","Content editor","content/knowledge-base/_index/content.json"
"parque-nacional-campos-del-tuyu:source:1","parque-nacional-campos-del-tuyu","/baza-znaniy/parque-nacional-campos-del-tuyu","Visit Argentina — Parque Nacional Campos del Tuyú","https://www.argentina.travel/actividades/parque-nacional-campos-del-tuyu","official","es","INPROTUR; текст автопереведён, фото с официального CDN — атрибуция argentina.travel","yes","recorded_article_level","Content editor","content/knowledge-base/_index/content.json"
"parque-nacional-chaco:source:1","parque-nacional-chaco","/baza-znaniy/parque-nacional-chaco","APN — Ficha del área protegida, Parque Nacional Chaco","https://www.argentina.gob.ar/parquesnacionales/nea/parque-nacional-chaco/ficha-del-area-protegida","official","es","площадь (14 981 га), год и закон создания (1954, Ley N° 14.366/54), экорегион, флора/фауна; обновлено 15.12.2025","yes","recorded_article_level","Content editor","content/knowledge-base/_index/content.json"
"parque-nacional-chaco:source:2","parque-nacional-chaco","/baza-znaniy/parque-nacional-chaco","APN — Horarios / Cómo llegar, Parque Nacional Chaco","https://www.argentina.gob.ar/parquesnacionales/nea/parque-nacional-chaco/horarios-como-llegar","official","es","часы работы (7-19), маршрут из Ресистенсии (RN16 65 км + RP9 40 км до Капитан-Солари + 5 км местной дороги), варианты добраться","yes","recorded_article_level","Content editor","content/knowledge-base/_index/content.json"
"parque-nacional-chaco:source:3","parque-nacional-chaco","/baza-znaniy/parque-nacional-chaco","APN — Tarifas, Parque Nacional Chaco","https://www.argentina.gob.ar/parquesnacionales/nea/parque-nacional-chaco/tarifas","official","es","подтверждение бесплатного входа","yes","recorded_article_level","Content editor","content/knowledge-base/_index/content.json"
"parque-nacional-chaco:source:4","parque-nacional-chaco","/baza-znaniy/parque-nacional-chaco","Wikipedia (ES) — Parque nacional Chaco","https://es.wikipedia.org/wiki/Parque_nacional_Chaco","aggregator","es","детали истории создания (декреты и законы 1954-1990), площадь (14 981 га — совпадает с APN), число видов птиц (>340), фауна","no_or_not_recorded","recorded_article_level","Content editor","content/knowledge-base/_index/content.json"
"parque-nacional-ciervo-de-los-pantanos:source:1","parque-nacional-ciervo-de-los-pantanos","/baza-znaniy/parque-nacional-ciervo-de-los-pantanos","Visit Argentina — Parque Nacional Ciervo de los Pantanos","https://www.argentina.travel/actividades/parque-nacional-ciervo-de-los-pantanos","official","es","INPROTUR; текст автопереведён, фото с официального CDN — атрибуция argentina.travel","yes","recorded_article_level","Content editor","content/knowledge-base/_index/content.json"
"parque-nacional-copo:source:1","parque-nacional-copo","/baza-znaniy/parque-nacional-copo","Visit Argentina — Parque Nacional Copo","https://www.argentina.travel/actividades/parque-nacional-copo","official","es","INPROTUR; текст автопереведён, фото с официального CDN — атрибуция argentina.travel","yes","recorded_article_level","Content editor","content/knowledge-base/_index/content.json"
"parque-nacional-el-leoncito:source:1","parque-nacional-el-leoncito","/baza-znaniy/parque-nacional-el-leoncito","Visit Argentina — Parque Nacional El Leoncito","https://www.argentina.travel/actividades/parque-nacional-el-leoncito","official","es","INPROTUR; текст автопереведён, фото с официального CDN — атрибуция argentina.travel","yes","recorded_article_level","Content editor","content/knowledge-base/_index/content.json"
"parque-nacional-el-palmar:source:1","parque-nacional-el-palmar","/baza-znaniy/parque-nacional-el-palmar","APN — Ficha del área protegida, Parque Nacional El Palmar","https://www.argentina.gob.ar/parquesnacionales/centro/parque-nacional-el-palmar/ficha-del-area-protegida","official","es","официальные данные: площадь 8213 га, год создания 1966 (Закон № 16.802/65), провинция, статус Рамсар, экорегион Пампа/Эспиналь","yes","recorded_article_level","Content editor","content/knowledge-base/_index/content.json"
"parque-nacional-el-palmar:source:2","parque-nacional-el-palmar","/baza-znaniy/parque-nacional-el-palmar","Wikipedia (es) — Parque nacional El Palmar","https://es.wikipedia.org/wiki/Parque_nacional_El_Palmar","aggregator","es","расположение между Колоном и Конкордией, климат, флора и фауна","no_or_not_recorded","recorded_article_level","Content editor","content/knowledge-base/_index/content.json"
"parque-nacional-el-palmar:source:3","parque-nacional-el-palmar","/baza-znaniy/parque-nacional-el-palmar","Wikipedia (ru) — Эль-Пальмар","https://ru.wikipedia.org/wiki/%D0%AD%D0%BB%D1%8C-%D0%9F%D0%B0%D0%BB%D1%8C%D0%BC%D0%B0%D1%80","aggregator","ru","общее описание, расстояния до Колона и Конкордии, маршрут по RN 14","no_or_not_recorded","recorded_article_level","Content editor","content/knowledge-base/_index/content.json"
"parque-nacional-el-palmar:source:4","parque-nacional-el-palmar","/baza-znaniy/parque-nacional-el-palmar","Municipalidad de Concordia — Parque Nacional El Palmar","https://www.concordia.gob.ar/turismo/atractivos/parque-nacional-el-palmar","official","es","туристическая информация, логистика со стороны Конкордии","yes","recorded_article_level","Content editor","content/knowledge-base/_index/content.json"
"parque-nacional-el-rey:source:1","parque-nacional-el-rey","/baza-znaniy/parque-nacional-el-rey","Visit Argentina — Parque Nacional El Rey","https://www.argentina.travel/actividades/parque-nacional-el-rey","official","es","INPROTUR; текст автопереведён, фото с официального CDN — атрибуция argentina.travel","yes","recorded_article_level","Content editor","content/knowledge-base/_index/content.json"
"parque-nacional-iguazu-patrimonio-de-la-humanidad:source:1","parque-nacional-iguazu-patrimonio-de-la-humanidad","/baza-znaniy/parque-nacional-iguazu-patrimonio-de-la-humanidad","Visit Argentina — Parque Nacional Iguazú: Patrimonio de la Humanidad","https://www.argentina.travel/actividades/parque-nacional-iguazu-patrimonio-de-la-humanidad","official","es","INPROTUR; текст автопереведён, фото с официального CDN — атрибуция argentina.travel","yes","recorded_article_level","Content editor","content/knowledge-base/_index/content.json"
"parque-nacional-islas-de-santa-fe:source:1","parque-nacional-islas-de-santa-fe","/baza-znaniy/parque-nacional-islas-de-santa-fe","Visit Argentina — Parque Nacional Islas de Santa Fe","https://www.argentina.travel/actividades/parque-nacional-islas-de-santa-fe","official","es","INPROTUR; текст автопереведён, фото с официального CDN — атрибуция argentina.travel","yes","recorded_article_level","Content editor","content/knowledge-base/_index/content.json"
"parque-nacional-lago-puelo:source:1","parque-nacional-lago-puelo","/baza-znaniy/parque-nacional-lago-puelo","Visit Argentina — Parque Nacional Lago Puelo","https://www.argentina.travel/actividades/parque-nacional-lago-puelo","official","es","INPROTUR; текст автопереведён, фото с официального CDN — атрибуция argentina.travel","yes","recorded_article_level","Content editor","content/knowledge-base/_index/content.json"
"parque-nacional-laguna-blanca:source:1","parque-nacional-laguna-blanca","/baza-znaniy/parque-nacional-laguna-blanca","Visit Argentina — Parque Nacional Laguna Blanca","https://www.argentina.travel/actividades/parque-nacional-laguna-blanca","official","es","INPROTUR; текст автопереведён, фото с официального CDN — атрибуция argentina.travel","yes","recorded_article_level","Content editor","content/knowledge-base/_index/content.json"
"parque-nacional-los-alerces-patrimonio-de-la-humanidad:source:1","parque-nacional-los-alerces-patrimonio-de-la-humanidad","/baza-znaniy/parque-nacional-los-alerces-patrimonio-de-la-humanidad","Visit Argentina — Parque Nacional Los Alerces: Patrimonio de la Humanidad","https://www.argentina.travel/actividades/parque-nacional-los-alerces-patrimonio-de-la-humanidad","official","es","INPROTUR; текст автопереведён, фото с официального CDN — атрибуция argentina.travel","yes","recorded_article_level","Content editor","content/knowledge-base/_index/content.json"
"parque-nacional-los-arrayanes:source:1","parque-nacional-los-arrayanes","/baza-znaniy/parque-nacional-los-arrayanes","Visit Argentina — Parque Nacional Los Arrayanes","https://www.argentina.travel/actividades/parque-nacional-los-arrayanes","official","es","INPROTUR; текст автопереведён, фото с официального CDN — атрибуция argentina.travel","yes","recorded_article_level","Content editor","content/knowledge-base/_index/content.json"
"parque-nacional-los-cardones:source:1","parque-nacional-los-cardones","/baza-znaniy/parque-nacional-los-cardones","Visit Argentina — Parque Nacional Los Cardones","https://www.argentina.travel/actividades/parque-nacional-los-cardones","official","es","INPROTUR; текст автопереведён, фото с официального CDN — атрибуция argentina.travel","yes","recorded_article_level","Content editor","content/knowledge-base/_index/content.json"
"parque-nacional-los-glaciares-patrimonio-de-la-humanidad:source:1","parque-nacional-los-glaciares-patrimonio-de-la-humanidad","/baza-znaniy/parque-nacional-los-glaciares-patrimonio-de-la-humanidad","Visit Argentina — Parque Nacional Los Glaciares: Patrimonio de la Humanidad","https://www.argentina.travel/actividades/parque-nacional-los-glaciares-patrimonio-de-la-humanidad","official","es","INPROTUR; текст автопереведён, фото с официального CDN — атрибуция argentina.travel","yes","recorded_article_level","Content editor","content/knowledge-base/_index/content.json"
"parque-nacional-monte-leon:source:1","parque-nacional-monte-leon","/baza-znaniy/parque-nacional-monte-leon","Visit Argentina — Parque Nacional Monte León","https://www.argentina.travel/actividades/parque-nacional-monte-leon","official","es","INPROTUR; текст автопереведён, фото с официального CDN — атрибуция argentina.travel","yes","recorded_article_level","Content editor","content/knowledge-base/_index/content.json"
"parque-nacional-perito-moreno:source:1","parque-nacional-perito-moreno","/baza-znaniy/parque-nacional-perito-moreno","Visit Argentina — Parque Nacional Perito Moreno","https://www.argentina.travel/actividades/parque-nacional-perito-moreno","official","es","INPROTUR; текст автопереведён, фото с официального CDN — атрибуция argentina.travel","yes","recorded_article_level","Content editor","content/knowledge-base/_index/content.json"
"parque-nacional-pre-delta:source:1","parque-nacional-pre-delta","/baza-znaniy/parque-nacional-pre-delta","Visit Argentina — Parque Nacional Pre Delta","https://www.argentina.travel/actividades/parque-nacional-pre-delta","official","es","INPROTUR; текст автопереведён, фото с официального CDN — атрибуция argentina.travel","yes","recorded_article_level","Content editor","content/knowledge-base/_index/content.json"
"parque-nacional-rio-pilcomayo:source:1","parque-nacional-rio-pilcomayo","/baza-znaniy/parque-nacional-rio-pilcomayo","Visit Argentina — Parque Nacional Río Pilcomayo","https://www.argentina.travel/actividades/parque-nacional-rio-pilcomayo","official","es","INPROTUR; текст автопереведён, фото с официального CDN — атрибуция argentina.travel","yes","recorded_article_level","Fact checker","content/knowledge-base/_index/content.json"
"parque-nacional-san-guillermo:source:1","parque-nacional-san-guillermo","/baza-znaniy/parque-nacional-san-guillermo","Visit Argentina — Parque Nacional San Guillermo","https://www.argentina.travel/actividades/parque-nacional-san-guillermo","official","es","INPROTUR; текст автопереведён, фото с официального CDN — атрибуция argentina.travel","yes","recorded_article_level","Content editor","content/knowledge-base/_index/content.json"
"parque-nacional-tierra-del-fuego:source:1","parque-nacional-tierra-del-fuego","/baza-znaniy/parque-nacional-tierra-del-fuego","Visit Argentina — Parque Nacional Tierra del Fuego","https://www.argentina.travel/actividades/parque-nacional-tierra-del-fuego","official","es","INPROTUR; текст автопереведён, фото с официального CDN — атрибуция argentina.travel","yes","recorded_article_level","Content editor","content/knowledge-base/_index/content.json"
"parque-natural-valle-fertil:source:1","parque-natural-valle-fertil","/baza-znaniy/parque-natural-valle-fertil","Visit Argentina — Parque Natural Valle Fértil","https://www.argentina.travel/actividades/parque-natural-valle-fertil","official","es","INPROTUR; текст автопереведён, фото с официального CDN — атрибуция argentina.travel","yes","recorded_article_level","Content editor","content/knowledge-base/_index/content.json"
"parque-provincial-cordon-del-plata:source:1","parque-provincial-cordon-del-plata","/baza-znaniy/parque-provincial-cordon-del-plata","Visit Argentina — Parque Provincial Cordón del Plata","https://www.argentina.travel/actividades/parque-provincial-cordon-del-plata","official","es","INPROTUR; текст автопереведён, фото с официального CDN — атрибуция argentina.travel","yes","recorded_article_level","Content editor","content/knowledge-base/_index/content.json"
"parque-provincial-ischigualasto:source:1","parque-provincial-ischigualasto","/baza-znaniy/parque-provincial-ischigualasto","Visit Argentina — Parque Provincial Ischigualasto","https://www.argentina.travel/actividades/parque-provincial-ischigualasto","official","es","INPROTUR; текст автопереведён, фото с официального CDN — атрибуция argentina.travel","yes","recorded_article_level","Content editor","content/knowledge-base/_index/content.json"
"parques-de-parana:source:1","parques-de-parana","/baza-znaniy/parques-de-parana","Visit Argentina — Parques de Paraná","https://www.argentina.travel/actividades/parques-de-parana","official","es","INPROTUR; текст автопереведён, фото с официального CDN — атрибуция argentina.travel","yes","recorded_article_level","Content editor","content/knowledge-base/_index/content.json"
"parques-naturales-ischigualasto-y-talampaya-patrimonios-de-la-humanidad:source:1","parques-naturales-ischigualasto-y-talampaya-patrimonios-de-la-humanidad","/baza-znaniy/parques-naturales-ischigualasto-y-talampaya-patrimonios-de-la-humanidad","Visit Argentina — Parques Naturales Ischigualasto y Talampaya: Patrimonios de la Humanidad","https://www.argentina.travel/actividades/parques-naturales-ischigualasto-y-talampaya-patrimonios-de-la-humanidad","official","es","INPROTUR; текст автопереведён, фото с официального CDN — атрибуция argentina.travel","yes","recorded_article_level","Content editor","content/knowledge-base/_index/content.json"
"paseos-acuaticos-en-herradura:source:1","paseos-acuaticos-en-herradura","/baza-znaniy/paseos-acuaticos-en-herradura","Visit Argentina — Paseos acuáticos en Herradura","https://www.argentina.travel/actividades/paseos-acuaticos-en-herradura","official","es","INPROTUR; текст автопереведён, фото с официального CDN — атрибуция argentina.travel","yes","recorded_article_level","Content editor","content/knowledge-base/_index/content.json"
"paseos-aereos-en-ushuaia:source:1","paseos-aereos-en-ushuaia","/baza-znaniy/paseos-aereos-en-ushuaia","Visit Argentina — Paseos aéreos en Ushuaia","https://www.argentina.travel/actividades/paseos-aereos-en-ushuaia","official","es","INPROTUR; текст автопереведён, фото с официального CDN — атрибуция argentina.travel","yes","recorded_article_level","Content editor","content/knowledge-base/_index/content.json"
"paso-de-la-patria:source:1","paso-de-la-patria","/baza-znaniy/paso-de-la-patria","Visit Argentina — Paso de la Patria","https://www.argentina.travel/actividades/paso-de-la-patria","official","es","INPROTUR; текст автопереведён, фото с официального CDN — атрибуция argentina.travel","yes","recorded_article_level","Content editor","content/knowledge-base/_index/content.json"
"pasos-del-papa-francisco:source:1","pasos-del-papa-francisco","/baza-znaniy/pasos-del-papa-francisco","Visit Argentina — Pasos del Papa Francisco","https://www.argentina.travel/actividades/pasos-del-papa-francisco","official","es","INPROTUR; текст автопереведён, фото с официального CDN — атрибуция argentina.travel","yes","recorded_article_level","Content editor","content/knowledge-base/_index/content.json"
"patagonia:source:1","patagonia","/baza-znaniy/patagonia","Национальные парки и города региона — записи этой базы знаний","../natsionalnye-parki/","aggregator","ru","агрегирующая запись; факты по конкретным паркам/городам — в их собственных источниках","no_or_not_recorded","recorded_article_level","Content editor","content/knowledge-base/_index/content.json"
"patagonia-de-los-lagos:source:1","patagonia-de-los-lagos","/baza-znaniy/patagonia-de-los-lagos","Visit Argentina — Patagonia de los lagos","https://www.argentina.travel/actividades/patagonia-de-los-lagos","official","es","INPROTUR; текст автопереведён, фото с официального CDN — атрибуция argentina.travel","yes","recorded_article_level","Content editor","content/knowledge-base/_index/content.json"
"patagonia-park:source:1","patagonia-park","/baza-znaniy/patagonia-park","APN — Ficha del área protegida, Parque Nacional Patagonia","https://www.argentina.gob.ar/parquesnacionales/patagonia-austral/parque-nacional-patagonia/ficha-del-area-protegida","official","es","площадь (106 557 га), год создания (2014, Закон 27.081), флора и фауна, эмблема","yes","recorded_article_level","Content editor","content/knowledge-base/_index/content.json"
"patagonia-park:source:2","patagonia-park","/baza-znaniy/patagonia-park","Provincia de Santa Cruz — Turismo, Parque Nacional Patagonia","https://www.santacruzpatagonia.gob.ar/parques-nacionales/parque-nacional-patagonia","official","es","режим работы порталов, доступ","yes","recorded_article_level","Content editor","content/knowledge-base/_index/content.json"
"patagonia-park:source:3","patagonia-park","/baza-znaniy/patagonia-park","La Ruta Natural — Parque Nacional Patagonia","https://larutanatural.gob.ar/es/imperdible/41/parque-nacional-patagonia","official","es","тропы Ла-Асенсьон, логистика","yes","recorded_article_level","Content editor","content/knowledge-base/_index/content.json"
"patagonia-park:source:4","patagonia-park","/baza-znaniy/patagonia-park","UNESCO — Cueva de las Manos, Río Pinturas","https://whc.unesco.org/en/list/936","official","en","соседняя достопримечательность ЮНЕСКО","yes","recorded_article_level","Content editor","content/knowledge-base/_index/content.json"
"patagonia-yug:source:1","patagonia-yug","/baza-znaniy/patagonia-yug","Записи о Калафате, Чальтене, Перито-Морено и Ушуайе — эта же база знаний","../regiony/patagonia.md","aggregator","ru","детали по каждой точке — в записях el-calafate, el-chalten, perito-moreno, ushuaia","no_or_not_recorded","recorded_article_level","Content editor","content/knowledge-base/_index/content.json"
"patinaje-en-bahia-redonda:source:1","patinaje-en-bahia-redonda","/baza-znaniy/patinaje-en-bahia-redonda","Visit Argentina — Patinaje en Bahía Redonda","https://www.argentina.travel/actividades/patinaje-en-bahia-redonda","official","es","INPROTUR; текст автопереведён, фото с официального CDN — атрибуция argentina.travel","yes","recorded_article_level","Content editor","content/knowledge-base/_index/content.json"
"penas-folkloricas-en-salta:source:1","penas-folkloricas-en-salta","/baza-znaniy/penas-folkloricas-en-salta","Visit Argentina — Peñas folklóricas en Salta","https://www.argentina.travel/actividades/penas-folkloricas-en-salta","official","es","INPROTUR; текст автопереведён, фото с официального CDN — атрибуция argentina.travel","yes","recorded_article_level","Content editor","content/knowledge-base/_index/content.json"
"peninsula-valdes:source:1","peninsula-valdes","/baza-znaniy/peninsula-valdes","Visit Argentina — Península Valdés","https://www.argentina.travel/actividades/peninsula-valdes","official","es","INPROTUR; текст автопереведён, фото с официального CDN — атрибуция argentina.travel","yes","recorded_article_level","Content editor","content/knowledge-base/_index/content.json"
"peninsula-valdes-sitio-patrimonio-mundial-de-la-unesco:source:1","peninsula-valdes-sitio-patrimonio-mundial-de-la-unesco","/baza-znaniy/peninsula-valdes-sitio-patrimonio-mundial-de-la-unesco","Visit Argentina — Península Valdés, Sitio Patrimonio Mundial de la UNESCO","https://www.argentina.travel/actividades/peninsula-valdes-sitio-patrimonio-mundial-de-la-unesco","official","es","INPROTUR; текст автопереведён, фото с официального CDN — атрибуция argentina.travel","yes","recorded_article_level","Content editor","content/knowledge-base/_index/content.json"
"pereezd-s-minimalnym-byudzhetom:source:1","pereezd-s-minimalnym-byudzhetom","/baza-znaniy/pereezd-s-minimalnym-byudzhetom","Записи базы: стоимость жизни, работа и поиск, первый месяц, аренда без гаранта","../dengi/stoimost-zhizni-ba.md","aggregator","ru","цифры бюджета, рынка труда и первого месяца сведены из профильных записей базы","no_or_not_recorded","recorded_article_level","Fact checker","content/knowledge-base/_index/content.json"
"perevoz-veshchey-i-pitomtsev:source:1","perevoz-veshchey-i-pitomtsev","/baza-znaniy/perevoz-veshchey-i-pitomtsev","SENASA — Ingresos con perros y/o gatos","https://www.argentina.gob.ar/senasa/informacion-al-viajero/ingresar-o-regresar-al-pais/ingresos-con-perros-yo-gatos","official","es","официальные требования: CVI/паспорт, вакцинация от бешенства, сроки, отсутствие обязательного карантина при соблюдении требований","yes","recorded_article_level","Fact checker","content/knowledge-base/_index/content.json"
"perevoz-veshchey-i-pitomtsev:source:2","perevoz-veshchey-i-pitomtsev","/baza-znaniy/perevoz-veshchey-i-pitomtsev","Vnz.su — Переезд в Аргентину с домашними животными","https://vnz.su/amp/articles/pereezd-v-argentinu-s-domashnimi-zhivotnymi/","ru_blog","ru","практический опыт релокантов: перевозка в салоне/багажном отсеке, подготовка документов","no_or_not_recorded","recorded_article_level","Fact checker","content/knowledge-base/_index/content.json"
"perevoz-veshchey-i-pitomtsev:source:3","perevoz-veshchey-i-pitomtsev","/baza-znaniy/perevoz-veshchey-i-pitomtsev","Afon.site — В Аргентину с животными (практические рекомендации)","https://afon.site/v-argentinu-s-zivotnymi-prakticheskie-rekomendacyi","ru_blog","ru","личный опыт релоканта по провозу питомцев","no_or_not_recorded","recorded_article_level","Fact checker","content/knowledge-base/_index/content.json"
"perevoz-veshchey-i-pitomtsev:source:4","perevoz-veshchey-i-pitomtsev","/baza-znaniy/perevoz-veshchey-i-pitomtsev","ARCA (AFIP) — Mudanzas de importación, Guía de Trámites","https://serviciosweb.afip.gob.ar/genericos/guiadetramites/VerGuia.aspx?tr=88","official","es","порядок оформления беспошлинного ввоза личных вещей при переезде","yes","recorded_article_level","Fact checker","content/knowledge-base/_index/content.json"
"perito-moreno:source:1","perito-moreno","/baza-znaniy/perito-moreno","Visit Argentina — Glaciar Perito Moreno","https://www.argentina.travel/actividades/glaciar-perito-moreno","official","es","INPROTUR; текст автопереведён, фото с официального CDN — атрибуция argentina.travel","yes","recorded_article_level","Content editor","content/knowledge-base/_index/content.json"
"pervyj-mesyac-plan:source:1","pervyj-mesyac-plan","/baza-znaniy/pervyj-mesyac-plan","Записи базы: чек-лист переезда, личный опыт первого месяца, SUBE, банковский счёт","../pereezd/chek-list-pereezda.md","aggregator","ru","последовательность сведена из чек-листа переезда и личного опыта","no_or_not_recorded","recorded_article_level","Fact checker","content/knowledge-base/_index/content.json"
"pesca-con-devolucion-en-entre-rios:source:1","pesca-con-devolucion-en-entre-rios","/baza-znaniy/pesca-con-devolucion-en-entre-rios","Visit Argentina — Pesca con devolución en Entre Ríos","https://www.argentina.travel/actividades/pesca-con-devolucion-en-entre-rios","official","es","INPROTUR; текст автопереведён, фото с официального CDN — атрибуция argentina.travel","yes","recorded_article_level","Content editor","content/knowledge-base/_index/content.json"
"pesca-con-devolucion-en-formosa:source:1","pesca-con-devolucion-en-formosa","/baza-znaniy/pesca-con-devolucion-en-formosa","Visit Argentina — Pesca con devolución en Formosa","https://www.argentina.travel/actividades/pesca-con-devolucion-en-formosa","official","es","INPROTUR; текст автопереведён, фото с официального CDN — атрибуция argentina.travel","yes","recorded_article_level","Content editor","content/knowledge-base/_index/content.json"
"pesca-deportiva-en-entre-rios:source:1","pesca-deportiva-en-entre-rios","/baza-znaniy/pesca-deportiva-en-entre-rios","Visit Argentina — Pesca deportiva en Entre Ríos","https://www.argentina.travel/actividades/pesca-deportiva-en-entre-rios","official","es","INPROTUR; текст автопереведён, фото с официального CDN — атрибуция argentina.travel","yes","recorded_article_level","Content editor","content/knowledge-base/_index/content.json"
"pesca-deportiva-en-isla-del-cerrito:source:1","pesca-deportiva-en-isla-del-cerrito","/baza-znaniy/pesca-deportiva-en-isla-del-cerrito","Visit Argentina — Pesca deportiva en Isla del Cerrito","https://www.argentina.travel/actividades/pesca-deportiva-en-isla-del-cerrito","official","es","INPROTUR; текст автопереведён, фото с официального CDN — атрибуция argentina.travel","yes","recorded_article_level","Content editor","content/knowledge-base/_index/content.json"
"pesca-en-el-dique-cabra-corral:source:1","pesca-en-el-dique-cabra-corral","/baza-znaniy/pesca-en-el-dique-cabra-corral","Visit Argentina — Pesca en el Dique Cabra Corral","https://www.argentina.travel/actividades/pesca-en-el-dique-cabra-corral","official","es","INPROTUR; текст автопереведён, фото с официального CDN — атрибуция argentina.travel","yes","recorded_article_level","Content editor","content/knowledge-base/_index/content.json"
"pesca-en-neuquen:source:1","pesca-en-neuquen","/baza-znaniy/pesca-en-neuquen","Visit Argentina — Pesca en Neuquén","https://www.argentina.travel/actividades/pesca-en-neuquen","official","es","INPROTUR; текст автопереведён, фото с официального CDN — атрибуция argentina.travel","yes","recorded_article_level","Content editor","content/knowledge-base/_index/content.json"
"pesca-en-tierra-del-fuego:source:1","pesca-en-tierra-del-fuego","/baza-znaniy/pesca-en-tierra-del-fuego","Visit Argentina — Pesca en Tierra del Fuego","https://www.argentina.travel/actividades/pesca-en-tierra-del-fuego","official","es","INPROTUR; текст автопереведён, фото с официального CDN — атрибуция argentina.travel","yes","recorded_article_level","Content editor","content/knowledge-base/_index/content.json"
"pico-truncado:source:1","pico-truncado","/baza-znaniy/pico-truncado","Visit Argentina — Pico Truncado","https://www.argentina.travel/actividades/pico-truncado","official","es","INPROTUR; текст автопереведён, фото с официального CDN — атрибуция argentina.travel","yes","recorded_article_level","Content editor","content/knowledge-base/_index/content.json"
"piedra-parada:source:1","piedra-parada","/baza-znaniy/piedra-parada","Visit Argentina — Piedra Parada","https://www.argentina.travel/actividades/piedra-parada","official","es","INPROTUR; текст автопереведён, фото с официального CDN — атрибуция argentina.travel","yes","recorded_article_level","Content editor","content/knowledge-base/_index/content.json"
"pinamar:source:1","pinamar","/baza-znaniy/pinamar","Municipalidad de Pinamar — Historia","https://pinamar.gob.ar/historia/","official","es","официальная история основания, роль архитектора Хорхе Бунге, дата 14 февраля 1943","yes","recorded_article_level","Content editor","content/knowledge-base/_index/content.json"
"pinamar:source:2","pinamar","/baza-znaniy/pinamar","LA NACION — Pinamar: cómo un emprendedor y una mujer audaz crearon el más exclusivo balneario de la costa Atlántica","https://www.lanacion.com.ar/lifestyle/inspirado-en-las-playas-francesas-como-un-emprendedor-y-una-mujer-audaz-crearon-el-mas-exclusivo-nid14012025/","es_source","es","история создания, вдохновение французским побережьем (Биарриц, Ланды), позиционирование как самого эксклюзивного курорта","no_or_not_recorded","recorded_article_level","Content editor","content/knowledge-base/_index/content.json"
"pinamar:source:3","pinamar","/baza-znaniy/pinamar","LA NACION — La historia de Pinamar, el balneario más exclusivo de la costa","https://www.lanacion.com.ar/sociedad/la-historia-de-pinamar-el-balneario-mas-exclusivo-de-la-costa-que-nacio-como-un-desarrollo-nid19012023/","es_source","es","развитие курорта, статус ""самого эксклюзивного"" побережья Аргентины","no_or_not_recorded","recorded_article_level","Content editor","content/knowledge-base/_index/content.json"
"pinamar:source:4","pinamar","/baza-znaniy/pinamar","Kupibilet — Пинамар: история","https://www.kupibilet.ru/gid/argentina/pinamar/istoriia","ru_blog","ru","русскоязычное изложение истории основания, план застройки, происхождение названия от сосен (pino)","no_or_not_recorded","recorded_article_level","Content editor","content/knowledge-base/_index/content.json"
"pinamar:source:5","pinamar","/baza-znaniy/pinamar","Votpusk.ru — Карило","https://www.votpusk.ru/article/attractions/argentina/pinamar/karilo-a","ru_blog","ru","описание Карило как эксклюзивного соседнего посёлка","no_or_not_recorded","recorded_article_level","Content editor","content/knowledge-base/_index/content.json"
"pinguinos-en-punta-tombo:source:1","pinguinos-en-punta-tombo","/baza-znaniy/pinguinos-en-punta-tombo","Visit Argentina — Pingüinos en Punta Tombo","https://www.argentina.travel/actividades/pinguinos-en-punta-tombo","official","es","INPROTUR; текст автопереведён, фото с официального CDN — атрибуция argentina.travel","yes","recorded_article_level","Content editor","content/knowledge-base/_index/content.json"
"plan-podgotovki-6-mesyacev:source:1","plan-podgotovki-6-mesyacev","/baza-znaniy/plan-podgotovki-6-mesyacev","Записи базы: чек-лист переезда, апостиль и перевод документов, ВНЖ, перевоз вещей и питомцев","../pereezd/chek-list-pereezda.md","aggregator","ru","тайминг сведён из чек-листа переезда и профильных записей по документам","no_or_not_recorded","recorded_article_level","Fact checker","content/knowledge-base/_index/content.json"
"playas-de-la-patagonia:source:1","playas-de-la-patagonia","/baza-znaniy/playas-de-la-patagonia","Visit Argentina — Playas de la Patagonia","https://www.argentina.travel/actividades/playas-de-la-patagonia","official","es","INPROTUR; текст автопереведён, фото с официального CDN — атрибуция argentina.travel","yes","recorded_article_level","Content editor","content/knowledge-base/_index/content.json"
"pochemu-net-pryamyh-reisov:source:1","pochemu-net-pryamyh-reisov","/baza-znaniy/pochemu-net-pryamyh-reisov","Buenos Aires Times — Aerolíneas Argentinas plane heads to Moscow (2020)","https://www.batimes.com.ar/news/argentina/aerolineas-argentinas-plane-heads-to-moscow-for-covid-19-vaccine.phtml","news","en","рейс EZE-Москва за вакциной Sputnik V, декабрь 2020, A330, ~40 ч туда-обратно","no_or_not_recorded","recorded_article_level","Content editor","content/knowledge-base/_index/content.json"
"podgotovka-k-poezdke:source:1","podgotovka-k-poezdke","/baza-znaniy/podgotovka-k-poezdke","Профильные записи этой базы (виза, деньги, климат, связь, страховка)","../faq/viza-rf-v-argentinu.md","aggregator","ru","чек-лист связывает подробные записи по каждому пункту подготовки","no_or_not_recorded","recorded_article_level","Fact checker","content/knowledge-base/_index/content.json"
"poezda:source:1","poezda","/baza-znaniy/poezda","Trenes Argentinos — Pasajes de larga distancia (официальный)","https://www.argentina.gob.ar/transporte/trenes-argentinos/pasajes-larga-distancia","official","es","маршруты, вокзалы Ретиро/Конститусьон/Онсе, покупка билетов, открытие продаж","yes","recorded_article_level","Content editor","content/knowledge-base/_index/content.json"
"poezda:source:2","poezda","/baza-znaniy/poezda","Ámbito — Trenes Argentinos, пассажиры на лето 2026","https://www.ambito.com/informacion-general/vacaciones-2026-trenes-argentinos-puso-la-venta-los-pasajes-larga-distancia-viajar-diciembre-enero-y-frebrero-n6215113","news","es","цены и открытие продаж на сезон 2026 (Мар-дель-Плата, Росарио и др.)","no_or_not_recorded","recorded_article_level","Content editor","content/knowledge-base/_index/content.json"
"pokupka-avtomobilya:source:1","pokupka-avtomobilya","/baza-znaniy/pokupka-avtomobilya","Gobierno CABA — trámites de compra/transferencia de vehículo (DNRPA)","https://buenosaires.gob.ar/tramites/verificacion-tecnica-vehicular-obligatoria","official","es","transferencia, форма 08, VTV, cédula verde, требования регистра","yes","recorded_article_level","Fact checker","content/knowledge-base/_index/content.json"
"pokupka-avtomobilya:source:2","pokupka-avtomobilya","/baza-znaniy/pokupka-avtomobilya","OpenCars — Transferencia de autos en Argentina (guía)","https://www.opencars.com.ar/blog/%F0%9F%93%84-transferencia-de-autos-en-argentina-guia-paso-a-paso-para-compradores-y-vendedores/","aggregator","es","пошаговый процесс покупки б/у авто, документы, расходы","no_or_not_recorded","recorded_article_level","Fact checker","content/knowledge-base/_index/content.json"
"pokupka-nedvizhimosti:source:1","pokupka-nedvizhimosti","/baza-znaniy/pokupka-nedvizhimosti","Argentina Visa Law — Buy Property in Argentina 2026 (Foreigner Guide)","https://argentinavisalaw.com/guides/property-purchase","aggregator","en","право иностранца на покупку, CDI/CUIT, наличные доллары, escritura, доли расходов","no_or_not_recorded","recorded_article_level","Fact checker","content/knowledge-base/_index/content.json"
"pokupka-nedvizhimosti:source:2","pokupka-nedvizhimosti","/baza-znaniy/pokupka-nedvizhimosti","Global Property Guide — Buying property in Argentina","https://www.globalpropertyguide.com/latin-america/argentina/buying-guide","aggregator","en","процесс, закрывающие расходы, налоги, boleto vs escritura","no_or_not_recorded","recorded_article_level","Fact checker","content/knowledge-base/_index/content.json"
"pokupki-i-tax-free:source:1","pokupki-i-tax-free","/baza-znaniy/pokupki-i-tax-free","El Cronista — Devolución del IVA para turistas: nuevo sistema digital de ARCA (RG 5843/2026)","https://www.cronista.com/economia-politica/devolucion-del-iva-para-turistas-como-funciona-el-nuevo-sistema-digital-de-arca/","es_source","es","проверено 2026-07-03: RG 5843/2026, минимум US$70, график Эсейса→Аэропарке/Buquebus (июнь)→Мендоса/Colonia (июль 2026)","no_or_not_recorded","recorded_article_level","Fact checker","content/knowledge-base/_index/content.json"
"pokupki-i-tax-free:source:2","pokupki-i-tax-free","/baza-znaniy/pokupki-i-tax-free","AFIP/ARCA — Devolución de impuestos para turistas (официальный порядок)","https://www.afip.gob.ar/viajeros/ayuda/devolucion-a-turistas.asp","official","es","официальные условия и порядок возврата НДС туристам","yes","recorded_article_level","Fact checker","content/knowledge-base/_index/content.json"
"pokupki-i-tax-free:source:3","pokupki-i-tax-free","/baza-znaniy/pokupki-i-tax-free","La Nación — Tax free: modernizan la devolución de IVA a turistas extranjeros","https://www.lanacion.com.ar/economia/tax-free-modernizan-la-devolucion-de-iva-a-turistas-extranjeros-nid01062026/","es_source","es","запуск новой цифровой системы 2026 года, аэропорты и сроки","no_or_not_recorded","recorded_article_level","Fact checker","content/knowledge-base/_index/content.json"
"pokupki-i-tax-free:source:4","pokupki-i-tax-free","/baza-znaniy/pokupki-i-tax-free","Wander Argentina — The Sunday San Telmo Street Fair","https://wander-argentina.com/san-telmo-fair/","en_source","en","формат и ассортимент рынка Сан-Тельмо","no_or_not_recorded","recorded_article_level","Fact checker","content/knowledge-base/_index/content.json"
"pokupki-i-tax-free:source:5","pokupki-i-tax-free","/baza-znaniy/pokupki-i-tax-free","T-Ж — Такс-фри: что это, как оформить, вернуть НДС","https://t-j.ru/vozvrat-nds-po-tax-free/","ru_media","ru","общий механизм tax free для сверки с практикой Аргентины","no_or_not_recorded","recorded_article_level","Fact checker","content/knowledge-base/_index/content.json"
"poleznye-prilozheniya:source:1","poleznye-prilozheniya","/baza-znaniy/poleznye-prilozheniya","Visit Argentina — Useful apps to get around (Uber, Cabify, DiDi)","https://www.argentina.travel/en/news/useful-apps-to-get-around-argentina-uber-cabify-or-didi","official","en","официальный туристический портал: приложения такси и транспорта, способы оплаты","yes","recorded_article_level","Content editor","content/knowledge-base/_index/content.json"
"poleznye-prilozheniya:source:2","poleznye-prilozheniya","/baza-znaniy/poleznye-prilozheniya","Wanderwallet — Argentina Payments Cheat Sheet 2026","https://wanderwallet.io/guides/argentina/argentina-payments-cheat-sheet-2026/","aggregator","en","Mercado Pago/QR, SUBE, оплата картой и наличными, требование DNI","no_or_not_recorded","recorded_article_level","Content editor","content/knowledge-base/_index/content.json"
"posadas:source:1","posadas","/baza-znaniy/posadas","Visit Argentina — Posadas","https://www.argentina.travel/actividades/posadas","official","es","INPROTUR; текст автопереведён, фото с официального CDN — атрибуция argentina.travel","yes","recorded_article_level","Content editor","content/knowledge-base/_index/content.json"
"posle-dtp:source:1","posle-dtp","/baza-znaniy/posle-dtp","Argentina.gob.ar (Derecho Fácil) — Choqué con el auto","https://www.argentina.gob.ar/justicia/derechofacil/aplicalaley/choque-con-el-auto","official","es","официальная памятка: обмен данными, обязанности водителя, действия после ДТП","yes","recorded_article_level","Fact checker","content/knowledge-base/_index/content.json"
"posle-dtp:source:2","posle-dtp","/baza-znaniy/posle-dtp","Federación Patronal Seguros — Guía de siniestros: qué hacer","https://www.fedpat.com.ar/blog/guia-de-siniestros-que-hacer/","reference","es","порядок denuncia в страховую, 72 часа, необходимые документы","no_or_not_recorded","recorded_article_level","Fact checker","content/knowledge-base/_index/content.json"
"prava-passazhira-otmena-reisa:source:1","prava-passazhira-otmena-reisa","/baza-znaniy/prava-passazhira-otmena-reisa","Argentina.gob.ar (ANAC) — Guía para pasajeros y derechos del pasajero","https://www.argentina.gob.ar/anac/pasajeros/guia-para-pasajeros-de-avion-y-derechos-del-pasajero","official","es","официальные права пассажира: отмена, задержка, помощь, возврат","yes","recorded_article_level","Content editor","content/knowledge-base/_index/content.json"
"prava-passazhira-otmena-reisa:source:2","prava-passazhira-otmena-reisa","/baza-znaniy/prava-passazhira-otmena-reisa","Resolución 1532/98 (condiciones de transporte aéreo, texto actualizado)","https://servicios.infoleg.gob.ar/infolegInternet/anexos/50000-54999/54791/texact.htm","official","es","базовая норма о правах пассажира при отмене/задержке","yes","recorded_article_level","Content editor","content/knowledge-base/_index/content.json"
"prazdniki-i-traditsii:source:1","prazdniki-i-traditsii","/baza-znaniy/prazdniki-i-traditsii","Calend.ru — Праздники Аргентины 2026","https://www.calend.ru/holidays/argentina/","ru_media","ru","календарь национальных праздников на 2026 год","no_or_not_recorded","recorded_article_level","Content editor","content/knowledge-base/_index/content.json"
"prazdniki-i-traditsii:source:2","prazdniki-i-traditsii","/baza-znaniy/prazdniki-i-traditsii","Evavargentine — 5 знаменитых аргентинских праздников","https://evavargentine.by/blog/5-znamenitykh-argentinskikh-prazdnikov/","ru_blog","ru","карнавал, вендимия и другие региональные фестивали","no_or_not_recorded","recorded_article_level","Content editor","content/knowledge-base/_index/content.json"
"prazdniki-i-traditsii:source:3","prazdniki-i-traditsii","/baza-znaniy/prazdniki-i-traditsii","Buenos Aires Connect — La propina en Argentina, guía práctica","https://buenosairesconnect.com/propina-argentina-practica/","es_source","es","практика чаевых, разница между propina и cubierto","no_or_not_recorded","recorded_article_level","Content editor","content/knowledge-base/_index/content.json"
"prazdniki-i-traditsii:source:4","prazdniki-i-traditsii","/baza-znaniy/prazdniki-i-traditsii","Tipwho — Propinas en Argentina (a quién dar propina y cuánto)","https://www.tipwho.com/article/tipping-in-argentina/","en_source","en","сверка норм чаевых","no_or_not_recorded","recorded_article_level","Content editor","content/knowledge-base/_index/content.json"
"priznanie-diploma:source:1","priznanie-diploma","/baza-znaniy/priznanie-diploma","Ministerio de Educación / Universidades (UBA и др.) — convalidación y reválida de títulos","https://www.argentina.gob.ar/educacion","official","es","официальные процедуры признания школьного и высшего образования — проверять под свою специальность","yes","recorded_article_level","Fact checker","content/knowledge-base/_index/content.json"
"provoz-lekarstv:source:1","provoz-lekarstv","/baza-znaniy/provoz-lekarstv","Argentina.gob.ar — Ingresar al país medicamentos para uso personal","https://www.argentina.gob.ar/servicio/ingresar-al-pais-medicamentos-para-uso-personal","official","es","личные лекарства: рецепт по требованию, количество по сроку поездки; психотропные — строгий порядок","yes","recorded_article_level","Fact checker","content/knowledge-base/_index/content.json"
"provoz-lekarstv:source:2","provoz-lekarstv","/baza-znaniy/provoz-lekarstv","ANMAT — Importación de medicamentos (Disposición 4616/19)","https://www.argentina.gob.ar/anmat/comunidad/importacion-de-medicamentos-disposicion-ndeg-461619","official","es","порядок ввоза непродающихся в стране препаратов","yes","recorded_article_level","Fact checker","content/knowledge-base/_index/content.json"
"provoz-lekarstv:source:3","provoz-lekarstv","/baza-znaniy/provoz-lekarstv","Cancillería — Ingreso a la Argentina con medicamentos","https://clang.cancilleria.gob.ar/es/ingreso-la-argentina-con-medicamentos","official","es","разъяснение для путешественников про рецепт и психотропные вещества","yes","recorded_article_level","Fact checker","content/knowledge-base/_index/content.json"
"pueblos-de-la-provincia-de-buenos-aires:source:1","pueblos-de-la-provincia-de-buenos-aires","/baza-znaniy/pueblos-de-la-provincia-de-buenos-aires","Visit Argentina — Pueblos de la provincia de Buenos Aires","https://www.argentina.travel/actividades/pueblos-de-la-provincia-de-buenos-aires","official","es","INPROTUR; текст автопереведён, фото с официального CDN — атрибуция argentina.travel","yes","recorded_article_level","Content editor","content/knowledge-base/_index/content.json"
"pueblos-galeses-y-comunidades-originarias:source:1","pueblos-galeses-y-comunidades-originarias","/baza-znaniy/pueblos-galeses-y-comunidades-originarias","Visit Argentina — Pueblos galeses y comunidades originarias","https://www.argentina.travel/actividades/pueblos-galeses-y-comunidades-originarias","official","es","INPROTUR; текст автопереведён, фото с официального CDN — атрибуция argentina.travel","yes","recorded_article_level","Content editor","content/knowledge-base/_index/content.json"
"pueblos-pintorescos-de-cordoba:source:1","pueblos-pintorescos-de-cordoba","/baza-znaniy/pueblos-pintorescos-de-cordoba","Visit Argentina — Pueblos pintorescos de Córdoba","https://www.argentina.travel/actividades/pueblos-pintorescos-de-cordoba","official","es","INPROTUR; текст автопереведён, фото с официального CDN — атрибуция argentina.travel","yes","recorded_article_level","Content editor","content/knowledge-base/_index/content.json"
"pueblos-rurales-en-santa-fe:source:1","pueblos-rurales-en-santa-fe","/baza-znaniy/pueblos-rurales-en-santa-fe","Visit Argentina — Pueblos rurales en Santa Fe","https://www.argentina.travel/actividades/pueblos-rurales-en-santa-fe","official","es","INPROTUR; текст автопереведён, фото с официального CDN — атрибуция argentina.travel","yes","recorded_article_level","Content editor","content/knowledge-base/_index/content.json"
"puente-del-inca:source:1","puente-del-inca","/baza-znaniy/puente-del-inca","Visit Argentina — Puente del Inca","https://www.argentina.travel/actividades/puente-del-inca","official","es","INPROTUR; текст автопереведён, фото с официального CDN — атрибуция argentina.travel","yes","recorded_article_level","Content editor","content/knowledge-base/_index/content.json"
"puente-rosario-victoria:source:1","puente-rosario-victoria","/baza-znaniy/puente-rosario-victoria","Visit Argentina — Puente Rosario-Victoria","https://www.argentina.travel/actividades/puente-rosario-victoria","official","es","INPROTUR; текст автопереведён, фото с официального CDN — атрибуция argentina.travel","yes","recorded_article_level","Content editor","content/knowledge-base/_index/content.json"
"puerto-almanza:source:1","puerto-almanza","/baza-znaniy/puerto-almanza","Visit Argentina — Puerto Almanza","https://www.argentina.travel/actividades/puerto-almanza","official","es","INPROTUR; текст автопереведён, фото с официального CDN — атрибуция argentina.travel","yes","recorded_article_level","Content editor","content/knowledge-base/_index/content.json"
"puerto-deseado:source:1","puerto-deseado","/baza-znaniy/puerto-deseado","Visit Argentina — Puerto Deseado","https://www.argentina.travel/actividades/puerto-deseado","official","es","INPROTUR; текст автопереведён, фото с официального CDN — атрибуция argentina.travel","yes","recorded_article_level","Content editor","content/knowledge-base/_index/content.json"
"puerto-iguazu:source:1","puerto-iguazu","/baza-znaniy/puerto-iguazu","Visit Argentina — Puerto Iguazú","https://www.argentina.travel/actividades/puerto-iguazu","official","es","INPROTUR; текст автопереведён, фото с официального CDN — атрибуция argentina.travel","yes","recorded_article_level","Content editor","content/knowledge-base/_index/content.json"
"puerto-madryn:source:1","puerto-madryn","/baza-znaniy/puerto-madryn","Administración Península Valdés — Tarifas de ingreso","https://peninsulavaldes.org.ar/visita-peninsula/valor-de-ingreso/","official","es","актуальные тарифы входа в резерват на 2025-2026, разбивка по категориям посетителей","yes","recorded_article_level","Content editor","content/knowledge-base/_index/content.json"
"puerto-madryn:source:2","puerto-madryn","/baza-znaniy/puerto-madryn","Chubut Patagonia (gob.ar) — Gaiman","https://chubutpatagonia.gob.ar/en/destino/gaiman/","official","en","официальная информация о валлийском посёлке Гайман рядом с Пуэрто-Мадрином","yes","recorded_article_level","Content editor","content/knowledge-base/_index/content.json"
"puerto-madryn:source:3","puerto-madryn","/baza-znaniy/puerto-madryn","Paikea.ru — Пуэрто-Мадрин: наше путешествие по побережью Атлантики","http://paikea.ru/puerto-madryn/","ru_blog","ru","общее описание города, логистика, практические советы","no_or_not_recorded","recorded_article_level","Content editor","content/knowledge-base/_index/content.json"
"puerto-madryn:source:4","puerto-madryn","/baza-znaniy/puerto-madryn","Paikea.ru — Киты и пингвины в Патагонии: где и когда лучше смотреть","http://paikea.ru/whales-penguins-patagonia-argentina/","ru_blog","ru","сезонность китов и пингвинов, разница окон наблюдения","no_or_not_recorded","recorded_article_level","Content editor","content/knowledge-base/_index/content.json"
"puerto-madryn:source:5","puerto-madryn","/baza-znaniy/puerto-madryn","Tonkosti.ru — Путеводитель по Пуэрто-Мадрину","https://tonkosti.ru/%D0%9F%D1%83%D1%8D%D1%80%D1%82%D0%BE-%D0%9C%D0%B0%D0%B4%D1%80%D0%B8%D0%BD","ru_blog","ru","как добраться, где остановиться, логистика от аэропорта Трелев","no_or_not_recorded","recorded_article_level","Content editor","content/knowledge-base/_index/content.json"
"puerto-madryn:source:6","puerto-madryn","/baza-znaniy/puerto-madryn","Wikipedia (RU) — Пуэрто-Мадрин","https://ru.wikipedia.org/wiki/%D0%9F%D1%83%D1%8D%D1%80%D1%82%D0%BE-%D0%9C%D0%B0%D0%B4%D1%80%D0%B8%D0%BD","aggregator","ru","дата основания (28 июля 1865), координаты, базовые демографические данные — сверено с другими источниками","no_or_not_recorded","recorded_article_level","Content editor","content/knowledge-base/_index/content.json"
"puerto-san-julian:source:1","puerto-san-julian","/baza-znaniy/puerto-san-julian","Visit Argentina — Puerto San Julián","https://www.argentina.travel/actividades/puerto-san-julian","official","es","INPROTUR; текст автопереведён, фото с официального CDN — атрибуция argentina.travel","yes","recorded_article_level","Content editor","content/knowledge-base/_index/content.json"
"punta-tombo:source:1","punta-tombo","/baza-znaniy/punta-tombo","La Ruta Natural (Ministerio de Turismo, Argentina) — Punta Tombo","https://www.larutanatural.gob.ar/es/imperdible/12/punta-tombo","official","es","статус резервата, крупнейшая колония магеллановых пингвинов, сезонность","yes","recorded_article_level","Content editor","content/knowledge-base/_index/content.json"
"punta-tombo:source:2","punta-tombo","/baza-znaniy/punta-tombo","Chubut / Secretaría de Turismo — Área Natural Protegida Punta Tombo","https://www.chubut.tur.ar/destinos/punta-tombo/","official","es","логистика, доступ, режим посещения","yes","recorded_article_level","Content editor","content/knowledge-base/_index/content.json"
"purmamarca:source:1","purmamarca","/baza-znaniy/purmamarca","Visit Argentina — Purmamarca","https://www.argentina.travel/actividades/purmamarca","official","es","INPROTUR; текст автопереведён, фото с официального CDN — атрибуция argentina.travel","yes","recorded_article_level","Content editor","content/knowledge-base/_index/content.json"
"purmamarka:source:1","purmamarka","/baza-znaniy/purmamarka","Purmamarca — Wikipedia (EN)","https://en.wikipedia.org/wiki/Purmamarca","aggregator","en","география, высота, административная принадлежность","no_or_not_recorded","recorded_article_level","Content editor","content/knowledge-base/_index/content.json"
"purmamarka:source:2","purmamarka","/baza-znaniy/purmamarka","Trip.com — семицветные холмы Пурмамарки","https://ru.trip.com/moments/detail/purmamarca-56196-131721711?locale=ru-RU","aggregator","ru","описание горы, происхождение полос, рынок ремесленников","no_or_not_recorded","recorded_article_level","Content editor","content/knowledge-base/_index/content.json"
"purmamarka:source:3","purmamarka","/baza-znaniy/purmamarka","Hasta Pronto — Кебрада-де-Умауака","https://hasta-pronto.ru/kebrada-de-umauaka/","ru_blog","ru","практические впечатления от посёлка в контексте всей долины","no_or_not_recorded","recorded_article_level","Content editor","content/knowledge-base/_index/content.json"
"qhapaq-nan-el-shincal:source:1","qhapaq-nan-el-shincal","/baza-znaniy/qhapaq-nan-el-shincal","Visit Argentina — Qhapaq Ñan: El Shincal","https://www.argentina.travel/actividades/qhapaq-nan-el-shincal","official","es","INPROTUR; текст автопереведён, фото с официального CDN — атрибуция argentina.travel","yes","recorded_article_level","Content editor","content/knowledge-base/_index/content.json"
"quebrada-de-humahuaca:source:1","quebrada-de-humahuaca","/baza-znaniy/quebrada-de-humahuaca","Visit Argentina — Quebrada de Humahuaca","https://www.argentina.travel/actividades/quebrada-de-humahuaca","official","es","INPROTUR; текст автопереведён, фото с официального CDN — атрибуция argentina.travel","yes","recorded_article_level","Content editor","content/knowledge-base/_index/content.json"
"quebrada-de-las-flechas:source:1","quebrada-de-las-flechas","/baza-znaniy/quebrada-de-las-flechas","Visit Argentina — Quebrada de las Flechas","https://www.argentina.travel/actividades/quebrada-de-las-flechas","official","es","INPROTUR; текст автопереведён, фото с официального CDN — атрибуция argentina.travel","yes","recorded_article_level","Content editor","content/knowledge-base/_index/content.json"
"quitilipi:source:1","quitilipi","/baza-znaniy/quitilipi","Visit Argentina — Quitilipi","https://www.argentina.travel/actividades/quitilipi","official","es","INPROTUR; текст автопереведён, фото с официального CDN — атрибуция argentina.travel","yes","recorded_article_level","Content editor","content/knowledge-base/_index/content.json"
"rabochaya-viza:source:1","rabochaya-viza","/baza-znaniy/rabochaya-viza","DNM — Obtener una residencia temporaria como trabajador migrante","https://www.argentina.gob.ar/servicio/obtener-una-residencia-temporaria-como-trabajador-migrante","official","es","проверено 2026-07-01: полный список требований, пре-контракт, RENURE (Disp. DNM 54.618/08), alta temprana в 30 дней, срок 1 год с продлением","yes","recorded_article_level","Fact checker","content/knowledge-base/_index/content.json"
"rabochaya-viza:source:2","rabochaya-viza","/baza-znaniy/rabochaya-viza","DNM — модель трудового контракта для резиденции","https://www.migraciones.gob.ar/pdf/residencias/modelo_contrato.pdf","official","es","официальный шаблон пре-контракта","yes","recorded_article_level","Fact checker","content/knowledge-base/_index/content.json"
"rabochaya-viza:source:3","rabochaya-viza","/baza-znaniy/rabochaya-viza","Обзорный гайд по путям резиденции — эта же база знаний","vnzh-argentina.md","aggregator","ru","контекст DNU 366/2025 и общая лестница статусов","no_or_not_recorded","recorded_article_level","Fact checker","content/knowledge-base/_index/content.json"
"rabota-i-poisk-raboty:source:1","rabota-i-poisk-raboty","/baza-znaniy/rabota-i-poisk-raboty","WhereToEmigrate / RemotePeople — Argentina salaries 2026","https://wheretoemigrate.io/countries/argentina-salaries-2026","aggregator","en","средние и отраслевые зарплаты 2026, востребованные профессии","no_or_not_recorded","recorded_article_level","Fact checker","content/knowledge-base/_index/content.json"
"rabota-i-poisk-raboty:source:2","rabota-i-poisk-raboty","/baza-znaniy/rabota-i-poisk-raboty","Обзор площадок поиска работы в Аргентине (LinkedIn, Bumeran, Computrabajo, ZonaJobs)","https://www.anywherer.com/best-job-platforms-and-relocation-agencies-in-argentina/","aggregator","en","где искать вакансии, роль нетворкинга, удалёнка","no_or_not_recorded","recorded_article_level","Fact checker","content/knowledge-base/_index/content.json"
"rafaela:source:1","rafaela","/baza-znaniy/rafaela","Visit Argentina — Rafaela","https://www.argentina.travel/actividades/rafaela","official","es","INPROTUR; текст автопереведён, фото с официального CDN — атрибуция argentina.travel","yes","recorded_article_level","Content editor","content/knowledge-base/_index/content.json"
"rafting-en-el-rio-chimehuin:source:1","rafting-en-el-rio-chimehuin","/baza-znaniy/rafting-en-el-rio-chimehuin","Visit Argentina — Rafting en el río Chimehuin","https://www.argentina.travel/actividades/rafting-en-el-rio-chimehuin","official","es","INPROTUR; текст автопереведён, фото с официального CDN — атрибуция argentina.travel","yes","recorded_article_level","Content editor","content/knowledge-base/_index/content.json"
"rafting-en-el-rio-corcovado:source:1","rafting-en-el-rio-corcovado","/baza-znaniy/rafting-en-el-rio-corcovado","Visit Argentina — Rafting en el río Corcovado","https://www.argentina.travel/actividades/rafting-en-el-rio-corcovado","official","es","INPROTUR; текст автопереведён, фото с официального CDN — атрибуция argentina.travel","yes","recorded_article_level","Content editor","content/knowledge-base/_index/content.json"
"rafting-en-el-rio-hua-hum:source:1","rafting-en-el-rio-hua-hum","/baza-znaniy/rafting-en-el-rio-hua-hum","Visit Argentina — Rafting en el río Hua Hum","https://www.argentina.travel/actividades/rafting-en-el-rio-hua-hum","official","es","INPROTUR; текст автопереведён, фото с официального CDN — атрибуция argentina.travel","yes","recorded_article_level","Content editor","content/knowledge-base/_index/content.json"
"rafting-en-el-rio-manso:source:1","rafting-en-el-rio-manso","/baza-znaniy/rafting-en-el-rio-manso","Visit Argentina — Rafting en el río Manso","https://www.argentina.travel/actividades/rafting-en-el-rio-manso","official","es","INPROTUR; текст автопереведён, фото с официального CDN — атрибуция argentina.travel","yes","recorded_article_level","Content editor","content/knowledge-base/_index/content.json"
"rafting-en-el-rio-mendoza:source:1","rafting-en-el-rio-mendoza","/baza-znaniy/rafting-en-el-rio-mendoza","Visit Argentina — Rafting en el río Mendoza","https://www.argentina.travel/actividades/rafting-en-el-rio-mendoza","official","es","INPROTUR; текст автопереведён, фото с официального CDN — атрибуция argentina.travel","yes","recorded_article_level","Content editor","content/knowledge-base/_index/content.json"
"raskhozhdeniya-dni-cuit-cuil:source:1","raskhozhdeniya-dni-cuit-cuil","/baza-znaniy/raskhozhdeniya-dni-cuit-cuil","Argentina.gob.ar — Reposición de DNI por error u omisión","https://www.argentina.gob.ar/servicio/reposicion-de-dni-por-error-u-omision","official","es","исправление ошибок в данных DNI (имя, фамилия, дата, пол, адрес) через Registro Civil / RENAPER","yes","recorded_article_level","Fact checker","content/knowledge-base/_index/content.json"
"raskhozhdeniya-dni-cuit-cuil:source:2","raskhozhdeniya-dni-cuit-cuil","/baza-znaniy/raskhozhdeniya-dni-cuit-cuil","ANSES — Acreditación de datos personales y familiares","https://www.anses.gob.ar/acreditacion-de-datos-personales-y-familiares","official","es","исправление данных CUIL через ANSES (данные должны совпадать с действующим DNI)","yes","recorded_article_level","Fact checker","content/knowledge-base/_index/content.json"
"raskhozhdeniya-dni-cuit-cuil:source:3","raskhozhdeniya-dni-cuit-cuil","/baza-znaniy/raskhozhdeniya-dni-cuit-cuil","ARCA (ex-AFIP) — Actualización y corrección de datos registrales","https://www.afip.gob.ar/presentaciones-digitales/documentos/actualizacion-y-correccion-de-datos-registrales.pdf","official","es","исправление данных CUIT через Sistema Registral с clave fiscal","yes","recorded_article_level","Fact checker","content/knowledge-base/_index/content.json"
"razvlecheniya-i-nochnaya-zhizn:source:1","razvlecheniya-i-nochnaya-zhizn","/baza-znaniy/razvlecheniya-i-nochnaya-zhizn","Wikipedia (ES) — Buenos Aires (cultura y vida nocturna)","https://es.wikipedia.org/wiki/Buenos_Aires#Cultura","aggregator","es","театры, Авенида Корриентес, культурная и ночная жизнь столицы","no_or_not_recorded","recorded_article_level","Content editor","content/knowledge-base/_index/content.json"
"reconquista:source:1","reconquista","/baza-znaniy/reconquista","Visit Argentina — Reconquista","https://www.argentina.travel/actividades/reconquista","official","es","INPROTUR; текст автопереведён, фото с официального CDN — атрибуция argentina.travel","yes","recorded_article_level","Content editor","content/knowledge-base/_index/content.json"
"red-de-refugios-de-montana:source:1","red-de-refugios-de-montana","/baza-znaniy/red-de-refugios-de-montana","Visit Argentina — Red de Refugios de Montaña","https://www.argentina.travel/actividades/red-de-refugios-de-montana","official","es","INPROTUR; текст автопереведён, фото с официального CDN — атрибуция argentina.travel","yes","recorded_article_level","Content editor","content/knowledge-base/_index/content.json"
"renca-san-luis:source:1","renca-san-luis","/baza-znaniy/renca-san-luis","Visit Argentina — Renca, San Luis","https://www.argentina.travel/actividades/renca-san-luis","official","es","INPROTUR; текст автопереведён, фото с официального CDN — атрибуция argentina.travel","yes","recorded_article_level","Content editor","content/knowledge-base/_index/content.json"
"reserva-costa-atlantica-tierra-del-fuego:source:1","reserva-costa-atlantica-tierra-del-fuego","/baza-znaniy/reserva-costa-atlantica-tierra-del-fuego","Visit Argentina — Reserva Costa Atlántica Tierra del Fuego","https://www.argentina.travel/actividades/reserva-costa-atlantica-tierra-del-fuego","official","es","INPROTUR; текст автопереведён, фото с официального CDN — атрибуция argentina.travel","yes","recorded_article_level","Content editor","content/knowledge-base/_index/content.json"
"reserva-de-biosfera-laguna-blanca:source:1","reserva-de-biosfera-laguna-blanca","/baza-znaniy/reserva-de-biosfera-laguna-blanca","Visit Argentina — Reserva de Biósfera Laguna Blanca","https://www.argentina.travel/actividades/reserva-de-biosfera-laguna-blanca","official","es","INPROTUR; текст автопереведён, фото с официального CDN — атрибуция argentina.travel","yes","recorded_article_level","Content editor","content/knowledge-base/_index/content.json"
"reserva-de-biosfera-laguna-oca:source:1","reserva-de-biosfera-laguna-oca","/baza-znaniy/reserva-de-biosfera-laguna-oca","Visit Argentina — Reserva de Biósfera Laguna Oca","https://www.argentina.travel/actividades/reserva-de-biosfera-laguna-oca","official","es","INPROTUR; текст автопереведён, фото с официального CDN — атрибуция argentina.travel","yes","recorded_article_level","Content editor","content/knowledge-base/_index/content.json"
"reserva-de-biosfera-yaboti:source:1","reserva-de-biosfera-yaboti","/baza-znaniy/reserva-de-biosfera-yaboti","Visit Argentina — Reserva de Biósfera Yabotí","https://www.argentina.travel/actividades/reserva-de-biosfera-yaboti","official","es","INPROTUR; текст автопереведён, фото с официального CDN — атрибуция argentina.travel","yes","recorded_article_level","Content editor","content/knowledge-base/_index/content.json"
"reserva-natural-colonia-benitez:source:1","reserva-natural-colonia-benitez","/baza-znaniy/reserva-natural-colonia-benitez","Visit Argentina — Reserva Natural Colonia Benítez","https://www.argentina.travel/actividades/reserva-natural-colonia-benitez","official","es","INPROTUR; текст автопереведён, фото с официального CDN — атрибуция argentina.travel","yes","recorded_article_level","Content editor","content/knowledge-base/_index/content.json"
"reserva-natural-el-nogalar-de-los-toldos:source:1","reserva-natural-el-nogalar-de-los-toldos","/baza-znaniy/reserva-natural-el-nogalar-de-los-toldos","Visit Argentina — Reserva Natural El Nogalar de los Toldos","https://www.argentina.travel/actividades/reserva-natural-el-nogalar-de-los-toldos","official","es","INPROTUR; текст автопереведён, фото с официального CDN — атрибуция argentina.travel","yes","recorded_article_level","Content editor","content/knowledge-base/_index/content.json"
"reserva-natural-estricta-san-antonio:source:1","reserva-natural-estricta-san-antonio","/baza-znaniy/reserva-natural-estricta-san-antonio","Visit Argentina — Reserva Natural Estricta San Antonio","https://www.argentina.travel/actividades/reserva-natural-estricta-san-antonio","official","es","INPROTUR; текст автопереведён, фото с официального CDN — атрибуция argentina.travel","yes","recorded_article_level","Content editor","content/knowledge-base/_index/content.json"
"reserva-natural-ibera:source:1","reserva-natural-ibera","/baza-znaniy/reserva-natural-ibera","Visit Argentina — Reserva Natural Iberá","https://www.argentina.travel/actividades/reserva-natural-ibera","official","es","INPROTUR; текст автопереведён, фото с официального CDN — атрибуция argentina.travel","yes","recorded_article_level","Content editor","content/knowledge-base/_index/content.json"
"reserva-natural-laguna-brava:source:1","reserva-natural-laguna-brava","/baza-znaniy/reserva-natural-laguna-brava","Visit Argentina — Reserva Natural Laguna Brava","https://www.argentina.travel/actividades/reserva-natural-laguna-brava","official","es","INPROTUR; текст автопереведён, фото с официального CDN — атрибуция argentina.travel","yes","recorded_article_level","Content editor","content/knowledge-base/_index/content.json"
"reserva-natural-pichi-mahuida:source:1","reserva-natural-pichi-mahuida","/baza-znaniy/reserva-natural-pichi-mahuida","Visit Argentina — Reserva Natural Pichi Mahuida","https://www.argentina.travel/actividades/reserva-natural-pichi-mahuida","official","es","INPROTUR; текст автопереведён, фото с официального CDN — атрибуция argentina.travel","yes","recorded_article_level","Content editor","content/knowledge-base/_index/content.json"
"reserva-natural-quebrada-de-los-condores:source:1","reserva-natural-quebrada-de-los-condores","/baza-znaniy/reserva-natural-quebrada-de-los-condores","Visit Argentina — Reserva Natural Quebrada de Los Cóndores","https://www.argentina.travel/actividades/reserva-natural-quebrada-de-los-condores","official","es","INPROTUR; текст автопереведён, фото с официального CDN — атрибуция argentina.travel","yes","recorded_article_level","Content editor","content/knowledge-base/_index/content.json"
"reserva-natural-silvestre-isla-de-los-estados:source:1","reserva-natural-silvestre-isla-de-los-estados","/baza-znaniy/reserva-natural-silvestre-isla-de-los-estados","Visit Argentina — Reserva Natural Silvestre Isla de los Estados","https://www.argentina.travel/actividades/reserva-natural-silvestre-isla-de-los-estados","official","es","INPROTUR; текст автопереведён, фото с официального CDN — атрибуция argentina.travel","yes","recorded_article_level","Content editor","content/knowledge-base/_index/content.json"
"reserva-provincial-parque-luro:source:1","reserva-provincial-parque-luro","/baza-znaniy/reserva-provincial-parque-luro","Visit Argentina — Reserva Provincial Parque Luro","https://www.argentina.travel/actividades/reserva-provincial-parque-luro","official","es","INPROTUR; текст автопереведён, фото с официального CDN — атрибуция argentina.travel","yes","recorded_article_level","Content editor","content/knowledge-base/_index/content.json"
"resistencia:source:1","resistencia","/baza-znaniy/resistencia","Visit Argentina — Resistencia","https://www.argentina.travel/actividades/resistencia","official","es","INPROTUR; текст автопереведён, фото с официального CDN — атрибуция argentina.travel","yes","recorded_article_level","Content editor","content/knowledge-base/_index/content.json"
"restorany-i-kak-est:source:1","restorany-i-kak-est","/baza-znaniy/restorany-i-kak-est","Wikipedia (ES) — Gastronomía de Argentina","https://es.wikipedia.org/wiki/Gastronom%C3%ADa_de_Argentina","aggregator","es","типы заведений, режим питания, застольные обычаи","no_or_not_recorded","recorded_article_level","Content editor","content/knowledge-base/_index/content.json"
"ria-de-bahia-blanca:source:1","ria-de-bahia-blanca","/baza-znaniy/ria-de-bahia-blanca","Visit Argentina — Ría de Bahía Blanca","https://www.argentina.travel/actividades/ria-de-bahia-blanca","official","es","INPROTUR; текст автопереведён, фото с официального CDN — атрибуция argentina.travel","yes","recorded_article_level","Content editor","content/knowledge-base/_index/content.json"
"rio-gallegos:source:1","rio-gallegos","/baza-znaniy/rio-gallegos","Visit Argentina — Río Gallegos","https://www.argentina.travel/actividades/rio-gallegos","official","es","INPROTUR; текст автопереведён, фото с официального CDN — атрибуция argentina.travel","yes","recorded_article_level","Content editor","content/knowledge-base/_index/content.json"
"rio-grande:source:1","rio-grande","/baza-znaniy/rio-grande","Visit Argentina — Río Grande","https://www.argentina.travel/actividades/rio-grande","official","es","INPROTUR; текст автопереведён, фото с официального CDN — атрибуция argentina.travel","yes","recorded_article_level","Content editor","content/knowledge-base/_index/content.json"
"rio-parana:source:1","rio-parana","/baza-znaniy/rio-parana","Visit Argentina — Río Paraná","https://www.argentina.travel/actividades/rio-parana","official","es","INPROTUR; текст автопереведён, фото с официального CDN — атрибуция argentina.travel","yes","recorded_article_level","Content editor","content/knowledge-base/_index/content.json"
"rody-i-beremennost:source:1","rody-i-beremennost","/baza-znaniy/rody-i-beremennost","Записи базы: система здравоохранения, страховка, роды-FAQ, воссоединение семьи","../medicina/sistema-zdravoohraneniya.md","aggregator","ru","медицинский и миграционный контекст сведён из профильных записей","no_or_not_recorded","recorded_article_level","Fact checker","content/knowledge-base/_index/content.json"
"rody-i-beremennost:source:2","rody-i-beremennost","/baza-znaniy/rody-i-beremennost","Argentina.gob.ar — Salud / регистрация рождения","https://www.argentina.gob.ar/salud","official","es","государственное ведение беременности и регистрация новорождённого","yes","recorded_article_level","Fact checker","content/knowledge-base/_index/content.json"
"rody-v-argentine:source:1","rody-v-argentine","/baza-znaniy/rody-v-argentine","DNM — перечень документов для резиденции «FAMILIAR» (padre/madre de argentino)","https://mininterior.gob.ar/tramites/migraciones/migraciones_archivos/documentacionResFamiliar.pdf","official","es","родитель аргентинца — официальная категория семейной резиденции","yes","recorded_article_level","Fact checker","content/knowledge-base/_index/content.json"
"rody-v-argentine:source:2","rody-v-argentine","/baza-znaniy/rody-v-argentine","Гайд по семейной резиденции — эта же база знаний (vossoedinenie-semi)","vossoedinenie-semi.md","aggregator","ru","проверенный 2026-07-01 разбор категории vínculo familiar, включая путь родителя гражданина","no_or_not_recorded","recorded_article_level","Fact checker","content/knowledge-base/_index/content.json"
"roque-saenz-pena:source:1","roque-saenz-pena","/baza-znaniy/roque-saenz-pena","Visit Argentina — Roque Sáenz Peña","https://www.argentina.travel/actividades/roque-saenz-pena","official","es","INPROTUR; текст автопереведён, фото с официального CDN — атрибуция argentina.travel","yes","recorded_article_level","Content editor","content/knowledge-base/_index/content.json"
"rosario:source:1","rosario","/baza-znaniy/rosario","Travel Safe Abroad — Rosario Safety Rating 2026","https://www.travelsafe-abroad.com/argentina/rosario/","en_source","en","проверено 2026-07-03: Level 2 Госдепа, уровень убийств ~22/100k (5× среднего), 70% связаны с наркотрафиком, концентрация в бедных районах","no_or_not_recorded","recorded_article_level","Content editor","content/knowledge-base/_index/content.json"
"rosario:source:2","rosario","/baza-znaniy/rosario","Buenos Aires Times — drop in violence in Rosario 2026 (провинциальная программа безопасности, полицейские протесты февраля 2026)","https://www.batimes.com.ar/news/argentina/abrupt-drop-in-violence-in-argentinas-narco-capital-security-success-or-truce.phtml","en_source","en","проверено 2026-07-03: снижение убийств к 2026, нестабильность","no_or_not_recorded","recorded_article_level","Content editor","content/knowledge-base/_index/content.json"
"rosario:source:3","rosario","/baza-znaniy/rosario","Wikipedia — National Flag Memorial (Argentina)","https://en.wikipedia.org/wiki/National_Flag_Memorial_(Argentina)","aggregator","en","история монумента, дата инаугурации 1957","no_or_not_recorded","recorded_article_level","Content editor","content/knowledge-base/_index/content.json"
"rosario:source:4","rosario","/baza-znaniy/rosario","InSight Crime — How Rosario Became Argentina's Drug Violence Capital","https://insightcrime.org/news/interview/how-rosario-became-argentinas-capital-drug-violence/","en_source","en","контекст по безопасности и наркотрафику","no_or_not_recorded","recorded_article_level","Content editor","content/knowledge-base/_index/content.json"
"rosario:source:5","rosario","/baza-znaniy/rosario","Travelsafe-abroad — Is Rosario Safe?","https://www.travelsafe-abroad.com/argentina/rosario/","en_source","en","уровень рекомендаций для туристов, статистика преступности","no_or_not_recorded","recorded_article_level","Content editor","content/knowledge-base/_index/content.json"
"rosario:source:6","rosario","/baza-znaniy/rosario","Tonkosti.ru — путеводитель по Росарио","https://tonkosti.ru/%D0%A0%D0%BE%D1%81%D0%B0%D1%80%D0%B8%D0%BE","ru_blog","ru","логистика, общая информация о городе","no_or_not_recorded","recorded_article_level","Content editor","content/knowledge-base/_index/content.json"
"rosario:source:7","rosario","/baza-znaniy/rosario","Travelask — автобус Буэнос-Айрес — Росарио","https://travelask.ru/bus/buenos-aires-rosario","ru_blog","ru","расписание и логистика автобусного сообщения","no_or_not_recorded","recorded_article_level","Content editor","content/knowledge-base/_index/content.json"
"rossiya-vs-argentina:source:1","rossiya-vs-argentina","/baza-znaniy/rossiya-vs-argentina","Записи базы по климату, деньгам, быту и безопасности + личный опыт","../lichnyy-opyt/pervyj-mesyac-v-argentine.md","aggregator","ru","сравнение опирается на профильные записи и живой опыт релокантов","no_or_not_recorded","recorded_article_level","Fact checker","content/knowledge-base/_index/content.json"
"ruta-40-en-chubut:source:1","ruta-40-en-chubut","/baza-znaniy/ruta-40-en-chubut","Visit Argentina — Ruta 40 en Chubut","https://www.argentina.travel/actividades/ruta-40-en-chubut","official","es","INPROTUR; текст автопереведён, фото с официального CDN — атрибуция argentina.travel","yes","recorded_article_level","Content editor","content/knowledge-base/_index/content.json"
"ruta-40-en-santa-cruz:source:1","ruta-40-en-santa-cruz","/baza-znaniy/ruta-40-en-santa-cruz","Visit Argentina — Ruta 40 en Santa Cruz","https://www.argentina.travel/actividades/ruta-40-en-santa-cruz","official","es","INPROTUR; текст автопереведён, фото с официального CDN — атрибуция argentina.travel","yes","recorded_article_level","Content editor","content/knowledge-base/_index/content.json"
"ruta-40-sem-ozer:source:1","ruta-40-sem-ozer","/baza-znaniy/ruta-40-sem-ozer","La Ruta Natural (Ministerio de Turismo) — Ruta de los Siete Lagos","https://larutanatural.gob.ar/es/imperdible/48/ruta-de-los-siete-lagos","official","es","not_recorded","yes","recorded_article_level","Content editor","content/knowledge-base/_index/content.json"
"ruta-40-sem-ozer:source:2","ruta-40-sem-ozer","/baza-znaniy/ruta-40-sem-ozer","Villa La Angostura / San Martín de los Andes Turismo — Camino de los Siete Lagos","https://www.villalaangosturaturismo.gob.ar/circuitos/camino-de-los-siete-lagos/","official","es","длина маршрута, перечень озёр, состояние покрытия","yes","recorded_article_level","Content editor","content/knowledge-base/_index/content.json"
"ruta-40-sem-ozer:source:3","ruta-40-sem-ozer","/baza-znaniy/ruta-40-sem-ozer","Interpatagonia — Ruta de los Siete Lagos","https://www.interpatagonia.com/sanmartindelosandes/seven-lakes-route.html","en_source","en","практика и сезонность","no_or_not_recorded","recorded_article_level","Content editor","content/knowledge-base/_index/content.json"
"ruta-40-sem-ozer-ne-speshite:source:1","ruta-40-sem-ozer-ne-speshite","/baza-znaniy/ruta-40-sem-ozer-ne-speshite","Маршруты-Дорога-семи-озёр-и-Рута-40.md — разделы «Практические советы» и «Частые ошибки»","","aggregator","ru","извлечено из готового лонгрида проекта","no_or_not_recorded","review_required","Content editor","content/knowledge-base/_index/content.json"
"ruta-azul:source:1","ruta-azul","/baza-znaniy/ruta-azul","Visit Argentina — Ruta Azul","https://www.argentina.travel/actividades/ruta-azul","official","es","INPROTUR; текст автопереведён, фото с официального CDN — атрибуция argentina.travel","yes","recorded_article_level","Fact checker","content/knowledge-base/_index/content.json"
"ruta-de-la-cultura-qom:source:1","ruta-de-la-cultura-qom","/baza-znaniy/ruta-de-la-cultura-qom","Visit Argentina — Ruta de la cultura qom","https://www.argentina.travel/actividades/ruta-de-la-cultura-qom","official","es","INPROTUR; текст автопереведён, фото с официального CDN — атрибуция argentina.travel","yes","recorded_article_level","Content editor","content/knowledge-base/_index/content.json"
"ruta-de-los-siete-lagos:source:1","ruta-de-los-siete-lagos","/baza-znaniy/ruta-de-los-siete-lagos","Visit Argentina — Ruta de los Siete Lagos","https://www.argentina.travel/actividades/ruta-de-los-siete-lagos","official","es","INPROTUR; текст автопереведён, фото с официального CDN — атрибуция argentina.travel","yes","recorded_article_level","Content editor","content/knowledge-base/_index/content.json"
"ruta-del-adobe-en-catamarca:source:1","ruta-del-adobe-en-catamarca","/baza-znaniy/ruta-del-adobe-en-catamarca","Visit Argentina — Ruta del Adobe en Catamarca","https://www.argentina.travel/actividades/ruta-del-adobe-en-catamarca","official","es","INPROTUR; текст автопереведён, фото с официального CDN — атрибуция argentina.travel","yes","recorded_article_level","Fact checker","content/knowledge-base/_index/content.json"
"ruta-del-artesano-en-tucuman:source:1","ruta-del-artesano-en-tucuman","/baza-znaniy/ruta-del-artesano-en-tucuman","Visit Argentina — Ruta del artesano en Tucumán","https://www.argentina.travel/actividades/ruta-del-artesano-en-tucuman","official","es","INPROTUR; текст автопереведён, фото с официального CDN — атрибуция argentina.travel","yes","recorded_article_level","Content editor","content/knowledge-base/_index/content.json"
"ruta-del-olivo-san-juan:source:1","ruta-del-olivo-san-juan","/baza-znaniy/ruta-del-olivo-san-juan","Visit Argentina — Ruta del Olivo, San Juan","https://www.argentina.travel/actividades/ruta-del-olivo-san-juan","official","es","INPROTUR; текст автопереведён, фото с официального CDN — атрибуция argentina.travel","yes","recorded_article_level","Content editor","content/knowledge-base/_index/content.json"
"ruta-del-vino-en-la-patagonia:source:1","ruta-del-vino-en-la-patagonia","/baza-znaniy/ruta-del-vino-en-la-patagonia","Visit Argentina — Ruta del Vino en la Patagonia","https://www.argentina.travel/actividades/ruta-del-vino-en-la-patagonia","official","es","INPROTUR; текст автопереведён, фото с официального CDN — атрибуция argentina.travel","yes","recorded_article_level","Fact checker","content/knowledge-base/_index/content.json"
"ruta-del-vino-en-san-juan:source:1","ruta-del-vino-en-san-juan","/baza-znaniy/ruta-del-vino-en-san-juan","Visit Argentina — Ruta del vino en San Juan","https://www.argentina.travel/actividades/ruta-del-vino-en-san-juan","official","es","INPROTUR; текст автопереведён, фото с официального CDN — атрибуция argentina.travel","yes","recorded_article_level","Content editor","content/knowledge-base/_index/content.json"
"ruta-del-vino-en-tucuman:source:1","ruta-del-vino-en-tucuman","/baza-znaniy/ruta-del-vino-en-tucuman","Visit Argentina — Ruta del vino en Tucumán","https://www.argentina.travel/actividades/ruta-del-vino-en-tucuman","official","es","INPROTUR; текст автопереведён, фото с официального CDN — атрибуция argentina.travel","yes","recorded_article_level","Content editor","content/knowledge-base/_index/content.json"
"ruta-interlagos-san-juan:source:1","ruta-interlagos-san-juan","/baza-znaniy/ruta-interlagos-san-juan","Visit Argentina — Ruta Interlagos San Juan","https://www.argentina.travel/actividades/ruta-interlagos-san-juan","official","es","INPROTUR; текст автопереведён, фото с официального CDN — атрибуция argentina.travel","yes","recorded_article_level","Content editor","content/knowledge-base/_index/content.json"
"rutas-de-tierra-del-fuego:source:1","rutas-de-tierra-del-fuego","/baza-znaniy/rutas-de-tierra-del-fuego","Visit Argentina — Rutas de Tierra del Fuego","https://www.argentina.travel/actividades/rutas-de-tierra-del-fuego","official","es","INPROTUR; текст автопереведён, фото с официального CDN — атрибуция argentina.travel","yes","recorded_article_level","Content editor","content/knowledge-base/_index/content.json"
"sabores-de-chaco:source:1","sabores-de-chaco","/baza-znaniy/sabores-de-chaco","Visit Argentina — Sabores de Chaco","https://www.argentina.travel/actividades/sabores-de-chaco","official","es","INPROTUR; текст автопереведён, фото с официального CDN — атрибуция argentina.travel","yes","recorded_article_level","Content editor","content/knowledge-base/_index/content.json"
"sabores-riojanos:source:1","sabores-riojanos","/baza-znaniy/sabores-riojanos","Visit Argentina — Sabores riojanos","https://www.argentina.travel/actividades/sabores-riojanos","official","es","INPROTUR; текст автопереведён, фото с официального CDN — атрибуция argentina.travel","yes","recorded_article_level","Content editor","content/knowledge-base/_index/content.json"
"salinas-grandes:source:1","salinas-grandes","/baza-znaniy/salinas-grandes","Visit Argentina — Salinas Grandes","https://www.argentina.travel/actividades/salinas-grandes","official","es","INPROTUR; текст автопереведён, фото с официального CDN — атрибуция argentina.travel","yes","recorded_article_level","Content editor","content/knowledge-base/_index/content.json"
"salinas-grandes-jujuy:source:1","salinas-grandes-jujuy","/baza-znaniy/salinas-grandes-jujuy","Visit Argentina — Salinas Grandes, Jujuy","https://www.argentina.travel/actividades/salinas-grandes-jujuy","official","es","INPROTUR; текст автопереведён, фото с официального CDN — атрибуция argentina.travel","yes","recorded_article_level","Content editor","content/knowledge-base/_index/content.json"
"salta:source:1","salta","/baza-znaniy/salta","Bairestours — Сальта в Аргентине: погода, жильё и достопримечательности","http://bairestours.ru/starinnyj-gorod-salta-v-argentine/","ru_blog","ru","климат, высота, общая характеристика города","no_or_not_recorded","recorded_article_level","Content editor","content/knowledge-base/_index/content.json"
"salta:source:2","salta","/baza-znaniy/salta","Kupibilet — Сальта, Аргентина: гид по городу и его окрестностям","https://www.kupibilet.ru/gid/argentina/salta","ru_blog","ru","достопримечательности, логистика","no_or_not_recorded","recorded_article_level","Content editor","content/knowledge-base/_index/content.json"
"salta:source:3","salta","/baza-znaniy/salta","Explorebyyourself — Город Сальта в Аргентине","https://explorebyyourself.com/argentina/dostoprimechatelnosti_argentiny/salta_argentina/","ru_blog","ru","Кальчакские долины, Кафайяте как часть маршрута","no_or_not_recorded","recorded_article_level","Content editor","content/knowledge-base/_index/content.json"
"salta-kalchakskie-doliny-marshrut:source:1","salta-kalchakskie-doliny-marshrut","/baza-znaniy/salta-kalchakskie-doliny-marshrut","Национальный-парк-Лос-Кардонес.md — раздел «Советы местного гида»","","aggregator","ru","извлечено из готового лонгрида проекта","no_or_not_recorded","review_required","Content editor","content/knowledge-base/_index/content.json"
"salta-y-san-lorenzo:source:1","salta-y-san-lorenzo","/baza-znaniy/salta-y-san-lorenzo","Visit Argentina — Salta y San Lorenzo","https://www.argentina.travel/actividades/salta-y-san-lorenzo","official","es","INPROTUR; текст автопереведён, фото с официального CDN — атрибуция argentina.travel","yes","recorded_article_level","Content editor","content/knowledge-base/_index/content.json"
"salto-encantado:source:1","salto-encantado","/baza-znaniy/salto-encantado","Visit Argentina — Salto Encantado","https://www.argentina.travel/actividades/salto-encantado","official","es","INPROTUR; текст автопереведён, фото с официального CDN — атрибуция argentina.travel","yes","recorded_article_level","Content editor","content/knowledge-base/_index/content.json"
"san-antonio-de-areco:source:1","san-antonio-de-areco","/baza-znaniy/san-antonio-de-areco","Visit Argentina — San Antonio de Areco","https://www.argentina.travel/actividades/san-antonio-de-areco","official","es","INPROTUR; текст автопереведён, фото с официального CDN — атрибуция argentina.travel","yes","recorded_article_level","Content editor","content/knowledge-base/_index/content.json"
"san-antonio-oeste:source:1","san-antonio-oeste","/baza-znaniy/san-antonio-oeste","Visit Argentina — San Antonio Oeste","https://www.argentina.travel/actividades/san-antonio-oeste","official","es","INPROTUR; текст автопереведён, фото с официального CDN — атрибуция argentina.travel","yes","recorded_article_level","Content editor","content/knowledge-base/_index/content.json"
"san-huan:source:1","san-huan","/baza-znaniy/san-huan","Wikipedia (ES) — Terremoto de San Juan de 1944","https://es.wikipedia.org/wiki/Terremoto_de_San_Juan_de_1944","aggregator","es","дата, магнитуда, разброс оценок числа жертв, создание Совета по реконструкции, сейсмостойкий градостроительный план","no_or_not_recorded","recorded_article_level","Content editor","content/knowledge-base/_index/content.json"
"san-huan:source:2","san-huan","/baza-znaniy/san-huan","sisanjuan.gob.ar — A 82 años del terremoto de 1944","https://sisanjuan.gob.ar/23-prensa/2026-01-15/65802-a-82-anos-del-terremoto-de-1944-la-tragedia-que-desperto-la-mayor-solidaridad-del-pais","official","es","официальный провинциальный источник, годовщина, контекст национальной солидарности","yes","recorded_article_level","Content editor","content/knowledge-base/_index/content.json"
"san-huan:source:3","san-huan","/baza-znaniy/san-huan","Infobae — El histórico terremoto de San Juan: 10 mil muertos, una ciudad arrasada y la epopeya de la reconstrucción","https://www.infobae.com/sociedad/2023/01/15/el-historico-terremoto-de-san-juan-10-mil-muertos-una-ciudad-arrasada-y-la-epopeya-de-la-reconstruccion/","ru_media","es","оценка ~9-10 тысяч погибших, 80% разрушений города","no_or_not_recorded","recorded_article_level","Content editor","content/knowledge-base/_index/content.json"
"san-huan:source:4","san-huan","/baza-znaniy/san-huan","Infobae — Un terremoto, una colecta y el primer encuentro entre Perón y Eva Duarte, previo al festival benéfico del Luna Park","https://www.infobae.com/sociedad/2026/01/18/un-terremoto-una-colecta-y-el-primer-encuentro-entre-peron-y-eva-duarte-previo-al-festival-benefico-del-luna-park/","ru_media","es","знакомство Перона и Эвы Дуарте 22 января 1944 года на благотворительном фестивале в Луна-Парк (Буэнос-Айрес) в пользу пострадавших от землетрясения в Сан-Хуане","no_or_not_recorded","recorded_article_level","Content editor","content/knowledge-base/_index/content.json"
"san-huan:source:5","san-huan","/baza-znaniy/san-huan","Wine-Searcher / winetourism.com — San Juan wine region","https://www.winetourism.com/wine-appellation/san-juan/","en_source","en","San Juan — вторая по величине винная область Аргентины после Мендосы, ведущий сорт по площади — Сира, далее Бонарда, Каберне Совиньон, Мальбек","no_or_not_recorded","recorded_article_level","Content editor","content/knowledge-base/_index/content.json"
"san-ignacio-mini:source:1","san-ignacio-mini","/baza-znaniy/san-ignacio-mini","Argentina.gob.ar — Ruinas Jesuíticas de San Ignacio Mini","https://www.argentina.gob.ar/capital-humano/cultura/monumentos/ruinas-jesuiticas-de-san-ignacio-mini","official","es","официальная историческая справка: основание 1610, изгнание иезуитов 1767, статус памятника","yes","recorded_article_level","Content editor","content/knowledge-base/_index/content.json"
"san-ignacio-mini:source:2","san-ignacio-mini","/baza-znaniy/san-ignacio-mini","UNESCO World Heritage Centre — Jesuit Missions of the Guaranis","https://whc.unesco.org/en/list/275","official","en","статус объекта Всемирного наследия с 1984, состав объекта: Сан-Игнасио-Мини, Санта-Ана, Нуэстра-Сеньора-де-Лорето, Санта-Мария-ла-Майор (Аргентина) + Сан-Мигел-дас-Мисойнс (Бразилия)","yes","recorded_article_level","Content editor","content/knowledge-base/_index/content.json"
"san-ignacio-mini:source:3","san-ignacio-mini","/baza-znaniy/san-ignacio-mini","Wikipedia (ES) — Misión jesuítica de San Ignacio Miní","https://es.wikipedia.org/wiki/Misi%C3%B3n_jesu%C3%ADtica_de_San_Ignacio_Min%C3%AD","aggregator","es","детали основания в 1610 на территории нынешней Бразилии, перенос 1632 и окончательное обустройство на нынешнем месте в 1696","no_or_not_recorded","recorded_article_level","Content editor","content/knowledge-base/_index/content.json"
"san-ignacio-mini:source:4","san-ignacio-mini","/baza-znaniy/san-ignacio-mini","Iguazuturismo.com.ar — Ruinas de San Ignacio: entradas, horarios y precios","https://www.iguazuturismo.com.ar/ruinas-san-ignacio.html","es_source","es","актуальные (на 2026 год) цены на билеты, часы работы, расписание шоу света и звука","no_or_not_recorded","recorded_article_level","Content editor","content/knowledge-base/_index/content.json"
"san-ignacio-mini:source:5","san-ignacio-mini","/baza-znaniy/san-ignacio-mini","Ruta0 — Posadas a San Ignacio / San Ignacio a Puerto Iguazú","https://www.ruta0.com/ruta/argentina/posadas-a-san-ignacio/","es_source","es","расстояния и время в пути от Посадаса и Пуэрто-Игуасу","no_or_not_recorded","recorded_article_level","Content editor","content/knowledge-base/_index/content.json"
"san-jose:source:1","san-jose","/baza-znaniy/san-jose","Visit Argentina — San José","https://www.argentina.travel/actividades/san-jose","official","es","INPROTUR; текст автопереведён, фото с официального CDN — атрибуция argentina.travel","yes","recorded_article_level","Content editor","content/knowledge-base/_index/content.json"
"san-luis:source:1","san-luis","/baza-znaniy/san-luis","Argentina.gob.ar — Turismo en San Luis","https://www.argentina.travel/en/province/san-luis","official","es","общие сведения о провинции, климат","yes","recorded_article_level","Content editor","content/knowledge-base/_index/content.json"
"san-luis:source:2","san-luis","/baza-znaniy/san-luis","Agencia San Luis (ANSL) — Potrero de los Funes: sierras, ríos y una destacada infraestructura turística","https://agenciasanluis.com/2025/02/22/1028786-potrero-de-los-funes-sierras-rios-y-una-destacada-infraestructura-turistica/","es_source","es","расстояние от столицы, инфраструктура, активности","no_or_not_recorded","recorded_article_level","Content editor","content/knowledge-base/_index/content.json"
"san-luis:source:3","san-luis","/baza-znaniy/san-luis","Wikipedia (es) — San Luis (Argentina)","https://es.wikipedia.org/wiki/San_Luis_(Argentina)","aggregator","es","координаты, аэропорт LUQ","no_or_not_recorded","recorded_article_level","Content editor","content/knowledge-base/_index/content.json"
"san-martin-de-los-andes:source:1","san-martin-de-los-andes","/baza-znaniy/san-martin-de-los-andes","Visit Argentina — San Martín de Los Andes","https://www.argentina.travel/actividades/san-martin-de-los-andes","official","es","INPROTUR; текст автопереведён, фото с официального CDN — атрибуция argentina.travel","yes","recorded_article_level","Content editor","content/knowledge-base/_index/content.json"
"san-miguel-de-tucuman:source:1","san-miguel-de-tucuman","/baza-znaniy/san-miguel-de-tucuman","Kupibilet — Сан-Мигель-де-Тукуман: история, достопримечательности и советы туристам","https://www.kupibilet.ru/gid/argentina/san-migel-de-tukuman","ru_blog","ru","общая характеристика города, достопримечательности, аэропорт, практические советы, экономика (сахар, лимоны)","no_or_not_recorded","recorded_article_level","Content editor","content/knowledge-base/_index/content.json"
"san-miguel-de-tucuman:source:2","san-miguel-de-tucuman","/baza-znaniy/san-miguel-de-tucuman","AllMyWorld — Северная Аргентина: город Сан-Мигель-де-Тукуман","https://allmyworld.ru/severnaya-argentina-san-migel-de-tukuman/","ru_blog","ru","историческая роль, общее описание","no_or_not_recorded","recorded_article_level","Content editor","content/knowledge-base/_index/content.json"
"san-miguel-de-tucuman:source:3","san-miguel-de-tucuman","/baza-znaniy/san-miguel-de-tucuman","Wikipedia (EN) — San Miguel de Tucumán","https://en.wikipedia.org/wiki/San_Miguel_de_Tucum%C3%A1n","aggregator","en","дата и детали основания (1565, Диего де Вильярроэль), перенос города в 1685","no_or_not_recorded","recorded_article_level","Content editor","content/knowledge-base/_index/content.json"
"san-miguel-de-tucuman:source:4","san-miguel-de-tucuman","/baza-znaniy/san-miguel-de-tucuman","Wikipedia (EN) — Tucumán Province","https://en.wikipedia.org/wiki/Tucum%C3%A1n_Province","aggregator","en","провинция — самая маленькая по площади (22 524 км²) и самая плотнонаселённая; сахарный тростник ~60% производства страны, лимоны — крупнейший производитель в мире","no_or_not_recorded","recorded_article_level","Content editor","content/knowledge-base/_index/content.json"
"san-rafael:source:1","san-rafael","/baza-znaniy/san-rafael","Visit Argentina — San Rafael","https://www.argentina.travel/actividades/san-rafael","official","es","INPROTUR; текст автопереведён, фото с официального CDN — атрибуция argentina.travel","yes","recorded_article_level","Content editor","content/knowledge-base/_index/content.json"
"san-salvador-de-jujuy:source:1","san-salvador-de-jujuy","/baza-znaniy/san-salvador-de-jujuy","Visit Argentina — San Salvador de Jujuy","https://www.argentina.travel/actividades/san-salvador-de-jujuy","official","es","INPROTUR; текст автопереведён, фото с официального CDN — атрибуция argentina.travel","yes","recorded_article_level","Content editor","content/knowledge-base/_index/content.json"
"sandboard-en-abra-pampa:source:1","sandboard-en-abra-pampa","/baza-znaniy/sandboard-en-abra-pampa","Visit Argentina — Sandboard en Abra Pampa","https://www.argentina.travel/actividades/sandboard-en-abra-pampa","official","es","INPROTUR; текст автопереведён, фото с официального CDN — атрибуция argentina.travel","yes","recorded_article_level","Content editor","content/knowledge-base/_index/content.json"
"sandboard-en-las-dunas-de-saujil:source:1","sandboard-en-las-dunas-de-saujil","/baza-znaniy/sandboard-en-las-dunas-de-saujil","Visit Argentina — Sandboard en las dunas de Saujil","https://www.argentina.travel/actividades/sandboard-en-las-dunas-de-saujil","official","es","INPROTUR; текст автопереведён, фото с официального CDN — атрибуция argentina.travel","yes","recorded_article_level","Content editor","content/knowledge-base/_index/content.json"
"santa-fe:source:1","santa-fe","/baza-znaniy/santa-fe","Wikipedia (ru) — Санта-Фе (Аргентина)","https://ru.wikipedia.org/wiki/%D0%A1%D0%B0%D0%BD%D1%82%D0%B0-%D0%A4%D0%B5_(%D0%90%D1%80%D0%B3%D0%B5%D0%BD%D1%82%D0%B8%D0%BD%D0%B0)","aggregator","ru","основание города (1573), перенос на нынешнее место, расположение, население","no_or_not_recorded","recorded_article_level","Content editor","content/knowledge-base/_index/content.json"
"santa-fe:source:2","santa-fe","/baza-znaniy/santa-fe","Kupibilet — гид по Санта-Фе: история, культура и архитектура","https://www.kupibilet.ru/gid/argentina/santa-fe/istoriia","ru_media","ru","историческая справка, достопримечательности центра","no_or_not_recorded","recorded_article_level","Content editor","content/knowledge-base/_index/content.json"
"santa-fe:source:3","santa-fe","/baza-znaniy/santa-fe","Wikipedia (en) — Santa Fe, Argentina","https://en.wikipedia.org/wiki/Santa_Fe,_Argentina","aggregator","en","основание Хуаном де Гараем в 1573 у Кайасты, перенос на нынешнее место в 1651 году","no_or_not_recorded","recorded_article_level","Content editor","content/knowledge-base/_index/content.json"
"santa-fe:source:4","santa-fe","/baza-znaniy/santa-fe","Wikipedia (es) — Túnel subfluvial Raúl Uranga-Carlos Sylvestre Begnis","https://es.wikipedia.org/wiki/T%C3%BAnel_subfluvial_Ra%C3%BAl_Uranga-Carlos_Sylvestre_Begnis","aggregator","es","технические детали тоннеля (длина, глубина), открытие в 1969 году, первоначальное имя «Эрнандариас»","no_or_not_recorded","recorded_article_level","Content editor","content/knowledge-base/_index/content.json"
"santa-fe:source:5","santa-fe","/baza-znaniy/santa-fe","Wikipedia (en) — Constitution of Argentina / 1994 reform of the Argentine Constitution","https://en.wikipedia.org/wiki/1994_reform_of_the_Argentine_Constitution","aggregator","en","конституционная конвенция 1853 года в Санта-Фе; реформа 1994 года — совместные заседания в Санта-Фе и Паране","no_or_not_recorded","recorded_article_level","Content editor","content/knowledge-base/_index/content.json"
"santa-maria:source:1","santa-maria","/baza-znaniy/santa-maria","Visit Argentina — Santa María","https://www.argentina.travel/actividades/santa-maria","official","es","INPROTUR; текст автопереведён, фото с официального CDN — атрибуция argentina.travel","yes","recorded_article_level","Content editor","content/knowledge-base/_index/content.json"
"santa-rosa:source:1","santa-rosa","/baza-znaniy/santa-rosa","Visit Argentina — Santa Rosa","https://www.argentina.travel/actividades/santa-rosa","official","es","INPROTUR; текст автопереведён, фото с официального CDN — атрибуция argentina.travel","yes","recorded_article_level","Content editor","content/knowledge-base/_index/content.json"
"santiago-del-estero:source:1","santiago-del-estero","/baza-znaniy/santiago-del-estero","Kupibilet — Сантьяго-дель-Эстеро: путеводитель по Аргентине","https://www.kupibilet.ru/gid/argentina/santiago-del-estero","ru_blog","ru","общая характеристика города, достопримечательности, логистика","no_or_not_recorded","recorded_article_level","Content editor","content/knowledge-base/_index/content.json"
"santiago-del-estero:source:2","santiago-del-estero","/baza-znaniy/santiago-del-estero","Casa Argentina en Valencia — Santiago del Estero, Madre de ciudades, fundada un 25 de julio de 1553","https://casaargentinavalencia.wordpress.com/santiago-del-estero-madre-de-ciudades-fundada-un-25-de-julio-de-1553/","es_source","es","дата основания, Франсиско де Агирре, титул Madre de Ciudades","no_or_not_recorded","recorded_article_level","Content editor","content/knowledge-base/_index/content.json"
"santiago-del-estero:source:3","santiago-del-estero","/baza-znaniy/santiago-del-estero","C5N — Por qué Santiago del Estero se considera como la Madre de ciudades y cuál es su origen","https://www.c5n.com/sociedad/por-que-santiago-del-estero-se-considera-como-la-madre-ciudades-y-cual-es-su-origen-n189385","es_source","es","экспедиции из города, основавшие Тукуман, Кордову, Катамарку, Ла-Риоху, Сальту и Жужуй; историческая дискуссия об основании","no_or_not_recorded","recorded_article_level","Content editor","content/knowledge-base/_index/content.json"
"santiago-del-estero:source:4","santiago-del-estero","/baza-znaniy/santiago-del-estero","Wikipedia (EN) — Santiago del Estero","https://en.wikipedia.org/wiki/Santiago_del_Estero","aggregator","en","перепроверка даты основания, статус южного форпоста кечуа-говорящего населения","no_or_not_recorded","recorded_article_level","Content editor","content/knowledge-base/_index/content.json"
"sdacha-nedvizhimosti-v-arendu:source:1","sdacha-nedvizhimosti-v-arendu","/baza-znaniy/sdacha-nedvizhimosti-v-arendu","Infobae — доход от аренды жилья освобождён от Ganancias (реглам. 2026)","https://www.infobae.com/economia/2026/06/01/los-ingresos-por-el-alquiler-de-viviendas-no-pagaran-ganancias-que-dice-la-nueva-reglamentacion/","official","es","освобождение жилой аренды от подоходного с 2026; исключения (temporary/коммерческая)","yes","recorded_article_level","Fact checker","content/knowledge-base/_index/content.json"
"sdacha-nedvizhimosti-v-arendu:source:2","sdacha-nedvizhimosti-v-arendu","/baza-znaniy/sdacha-nedvizhimosti-v-arendu","TheLatinvestor — Property taxes, fees and costs in Argentina 2026","https://thelatinvestor.com/blogs/news/argentina-property-taxes-fees","aggregator","en","ставки для нерезидентов (~21%), Bienes Personales, расходы владельца","no_or_not_recorded","recorded_article_level","Fact checker","content/knowledge-base/_index/content.json"
"seclantas:source:1","seclantas","/baza-znaniy/seclantas","Visit Argentina — Seclantás","https://www.argentina.travel/actividades/seclantas","official","es","INPROTUR; текст автопереведён, фото с официального CDN — атрибуция argentina.travel","yes","recorded_article_level","Content editor","content/knowledge-base/_index/content.json"
"senderismo-con-llamas-en-jujuy:source:1","senderismo-con-llamas-en-jujuy","/baza-znaniy/senderismo-con-llamas-en-jujuy","Visit Argentina — Senderismo con llamas en Jujuy","https://www.argentina.travel/actividades/senderismo-con-llamas-en-jujuy","official","es","INPROTUR; текст автопереведён, фото с официального CDN — атрибуция argentina.travel","yes","recorded_article_level","Content editor","content/knowledge-base/_index/content.json"
"senderos-periurbanos-de-esquel:source:1","senderos-periurbanos-de-esquel","/baza-znaniy/senderos-periurbanos-de-esquel","Visit Argentina — Senderos periurbanos de Esquel","https://www.argentina.travel/actividades/senderos-periurbanos-de-esquel","official","es","INPROTUR; текст автопереведён, фото с официального CDN — атрибуция argentina.travel","yes","recorded_article_level","Content editor","content/knowledge-base/_index/content.json"
"severnye-parki-zolotoj-chas:source:1","severnye-parki-zolotoj-chas","/baza-znaniy/severnye-parki-zolotoj-chas","Национальный-парк-Талампая.md, Парк-Исчигуаласто-Долина-Луны.md, Национальный-парк-Лос-Кардонес.md — разделы «Советы местного гида»","","aggregator","ru","обобщённый паттерн из трёх лонгридов проекта","no_or_not_recorded","review_required","Content editor","content/knowledge-base/_index/content.json"
"shkola-dlya-detey:source:1","shkola-dlya-detey","/baza-znaniy/shkola-dlya-detey","Ley simple: Niveles educativos — Argentina.gob.ar","https://www.argentina.gob.ar/justicia/derechofacil/leysimple/niveles-educativos","official","es","официальная структура уровней: inicial, primaria, secundaria, обязательность с 4 лет","yes","recorded_article_level","Fact checker","content/knowledge-base/_index/content.json"
"shkola-dlya-detey:source:2","shkola-dlya-detey","/baza-znaniy/shkola-dlya-detey","childrenworld.club — Образование детей в Аргентине: школы, садики, вузы","https://childrenworld.club/blog/obrazovania-v-argentine","ru_blog","ru","возраста ступеней, учебный год март-декабрь, минусы гос. школ, диапазон цен частных","no_or_not_recorded","recorded_article_level","Fact checker","content/knowledge-base/_index/content.json"
"shkola-dlya-detey:source:3","shkola-dlya-detey","/baza-znaniy/shkola-dlya-detey","vhod.world — Аргентина: Дети","https://vhod.world/countries/argentina/wiki/kids/","ru_blog","ru","сроки подачи заявок в госсады/школы (октябрь-ноябрь, добор в феврале), право на образование вне статуса, легализация справок","no_or_not_recorded","recorded_article_level","Fact checker","content/knowledge-base/_index/content.json"
"shkola-dlya-detey:source:4","shkola-dlya-detey","/baza-znaniy/shkola-dlya-detey","Sistema educativo de Argentina — Wikipedia","https://es.wikipedia.org/wiki/Sistema_educativo_de_Argentina","aggregator","es","справочно, для сверки структуры ciclo básico/orientado в secundaria","no_or_not_recorded","recorded_article_level","Fact checker","content/knowledge-base/_index/content.json"
"shtrafy-i-scoring:source:1","shtrafy-i-scoring","/baza-znaniy/shtrafy-i-scoring","Agencia Nacional de Seguridad Vial — Consulta de infracciones","https://consultainfracciones.seguridadvial.gob.ar/","official","es","национальный портал проверки штрафов по присоединённым юрисдикциям","yes","recorded_article_level","Fact checker","content/knowledge-base/_index/content.json"
"shtrafy-i-scoring:source:2","shtrafy-i-scoring","/baza-znaniy/shtrafy-i-scoring","Buenos Aires Ciudad — Consulta de infracciones y scoring","https://buenosaires.gob.ar/licenciasdeconducir/consulta-de-infracciones/","official","es","проверка штрафов и баллов scoring в CABA","yes","recorded_article_level","Fact checker","content/knowledge-base/_index/content.json"
"shtrafy-i-scoring:source:3","shtrafy-i-scoring","/baza-znaniy/shtrafy-i-scoring","Agencia Nacional de Seguridad Vial — Sistema nacional (Disposición 167/2026, scoring por Decreto 437/2011)","https://www.argentina.gob.ar/seguridadvial","official","es","унификация кодов нарушений (2026) и национальная балльная система","yes","recorded_article_level","Fact checker","content/knowledge-base/_index/content.json"
"sierra-de-las-quijadas:source:1","sierra-de-las-quijadas","/baza-znaniy/sierra-de-las-quijadas","Visit Argentina — Sierra de las Quijadas","https://www.argentina.travel/actividades/sierra-de-las-quijadas","official","es","INPROTUR; текст автопереведён, фото с официального CDN — атрибуция argentina.travel","yes","recorded_article_level","Content editor","content/knowledge-base/_index/content.json"
"sierras-cordobesas:source:1","sierras-cordobesas","/baza-znaniy/sierras-cordobesas","Visit Argentina — Sierras cordobesas","https://www.argentina.travel/actividades/sierras-cordobesas","official","es","INPROTUR; текст автопереведён, фото с официального CDN — атрибуция argentina.travel","yes","recorded_article_level","Content editor","content/knowledge-base/_index/content.json"
"sierras-de-la-provincia-de-buenos-aires:source:1","sierras-de-la-provincia-de-buenos-aires","/baza-znaniy/sierras-de-la-provincia-de-buenos-aires","Visit Argentina — Sierras de la Provincia de Buenos Aires","https://www.argentina.travel/actividades/sierras-de-la-provincia-de-buenos-aires","official","es","INPROTUR; текст автопереведён, фото с официального CDN — атрибуция argentina.travel","yes","recorded_article_level","Content editor","content/knowledge-base/_index/content.json"
"sierras-de-sumampa:source:1","sierras-de-sumampa","/baza-znaniy/sierras-de-sumampa","Visit Argentina — Sierras de Sumampa","https://www.argentina.travel/actividades/sierras-de-sumampa","official","es","INPROTUR; текст автопереведён, фото с официального CDN — атрибуция argentina.travel","yes","recorded_article_level","Content editor","content/knowledge-base/_index/content.json"
"sistema-zdravoohraneniya:source:1","sistema-zdravoohraneniya","/baza-znaniy/sistema-zdravoohraneniya","Argentina Visa Law — Expat Healthcare in Argentina 2026","https://argentinavisalaw.com/blog/expat-healthcare-argentina-2026","aggregator","en","три уровня (público/obra social/prepaga), DNU 366/2025, покрытие, тарифы prepaga, аптеки, 107","no_or_not_recorded","recorded_article_level","Fact checker","content/knowledge-base/_index/content.json"
"sistema-zdravoohraneniya:source:2","sistema-zdravoohraneniya","/baza-znaniy/sistema-zdravoohraneniya","Migaku — Healthcare in Argentina: prepaga vs public for foreigners","https://migaku.com/blog/language-fun/healthcare-in-argentina-prepaga-vs-public-system-for-foreigners","aggregator","en","доступ иностранцев, экстренная помощь бесплатна, роль prepaga","no_or_not_recorded","recorded_article_level","Fact checker","content/knowledge-base/_index/content.json"
"sistema-zdravoohraneniya:source:3","sistema-zdravoohraneniya","/baza-znaniy/sistema-zdravoohraneniya","Argentina.gob.ar — Salud","https://www.argentina.gob.ar/salud","official","es","государственная система здравоохранения, официальная информация","yes","recorded_article_level","Fact checker","content/knowledge-base/_index/content.json"
"skolko-nalichnyh-mozhno-vvezti:source:1","skolko-nalichnyh-mozhno-vvezti","/baza-znaniy/skolko-nalichnyh-mozhno-vvezti","AFIP/ARCA — Resolución General 2704/2009 (равнзаje, ingreso de divisas)","http://biblioteca.afip.gob.ar/dcp/REAG01002704_2009_11_05","official","es","нормативная база лимитов: US$10 000 с 16 лет, US$5 000 до 16 лет","yes","recorded_article_level","Fact checker","content/knowledge-base/_index/content.json"
"skolko-nalichnyh-mozhno-vvezti:source:2","skolko-nalichnyh-mozhno-vvezti","/baza-znaniy/skolko-nalichnyh-mozhno-vvezti","Afon.site — FAQ «Деньги»","https://afon.site/dengi","ru_blog","ru","практическое подтверждение лимитов со ссылкой на ту же норму AFIP; остальной раздел о валюте датирован эпохой блю-доллара (до апреля 2025) и не использовался","no_or_not_recorded","recorded_article_level","Fact checker","content/knowledge-base/_index/content.json"
"sladkoe-dulce-de-leche:source:1","sladkoe-dulce-de-leche","/baza-znaniy/sladkoe-dulce-de-leche","Wikipedia (ES) — Dulce de leche","https://es.wikipedia.org/wiki/Dulce_de_leche","aggregator","es","происхождение, использование в альфахорах и выпечке","no_or_not_recorded","recorded_article_level","Content editor","content/knowledge-base/_index/content.json"
"sladkoe-dulce-de-leche:source:2","sladkoe-dulce-de-leche","/baza-znaniy/sladkoe-dulce-de-leche","Wikipedia (ES) — Alfajor","https://es.wikipedia.org/wiki/Alfajor","aggregator","es","региональные виды альфахоров, промышленные и ремесленные","no_or_not_recorded","recorded_article_level","Content editor","content/knowledge-base/_index/content.json"
"soobshestvo-i-adaptaciya:source:1","soobshestvo-i-adaptaciya","/baza-znaniy/soobshestvo-i-adaptaciya","RuArgentina и русскоязычные сообщества (Telegram-экосистема) — проверять актуальные ссылки","https://t.me/RuArgentina","ru_blog","ru","крупнейшее русскоязычное иммиграционное сообщество и связанные чаты; ссылки/активность проверять на месте","no_or_not_recorded","recorded_article_level","Fact checker","content/knowledge-base/_index/content.json"
"status-expediente-migraciones:source:1","status-expediente-migraciones","/baza-znaniy/status-expediente-migraciones","Dirección Nacional de Migraciones — RaDEX (Radicación a Distancia)","https://www.migraciones.gob.ar/radex/","official","es","цифровая система подачи и отслеживания заявлений на резиденцию","yes","recorded_article_level","Fact checker","content/knowledge-base/_index/content.json"
"status-expediente-migraciones:source:2","status-expediente-migraciones","/baza-znaniy/status-expediente-migraciones","Migraciones — Consulta Unificada (estado de trámite de residencia)","https://www.migraciones.gob.ar/accesible/consultaTramitePrecaria/ConsultaUnificada.php","official","es","проверка статуса дела о резиденции по данным заявителя","yes","recorded_article_level","Fact checker","content/knowledge-base/_index/content.json"
"status-expediente-migraciones:source:3","status-expediente-migraciones","/baza-znaniy/status-expediente-migraciones","Migraciones — Guía RaDEX para el usuario","https://www.migraciones.gob.ar/radex/archivos/guia-radex.pdf","official","es","официальное руководство по подаче и ведению дела в RaDEX","yes","recorded_article_level","Fact checker","content/knowledge-base/_index/content.json"
"stoimost-zhizni-ba:source:1","stoimost-zhizni-ba","/baza-znaniy/stoimost-zhizni-ba","Numbeo — Cost of Living in Buenos Aires","https://www.numbeo.com/cost-of-living/in/Buenos-Aires","aggregator","en","not_recorded","no_or_not_recorded","recorded_article_level","Fact checker","content/knowledge-base/_index/content.json"
"stoimost-zhizni-ba:source:2","stoimost-zhizni-ba","/baza-znaniy/stoimost-zhizni-ba","Expatistan — Buenos Aires cost of living","https://www.expatistan.com/cost-of-living/buenos-aires","aggregator","en","not_recorded","no_or_not_recorded","recorded_article_level","Fact checker","content/knowledge-base/_index/content.json"
"stoimost-zhizni-semya-i-para:source:1","stoimost-zhizni-semya-i-para","/baza-znaniy/stoimost-zhizni-semya-i-para","Numbeo — Cost of Living in Buenos Aires (family of four)","https://www.numbeo.com/cost-of-living/in/Buenos-Aires","aggregator","en","семья из четырёх ~$3 164/мес с арендой; расчёты по статьям","no_or_not_recorded","recorded_article_level","Fact checker","content/knowledge-base/_index/content.json"
"stoimost-zhizni-semya-i-para:source:2","stoimost-zhizni-semya-i-para","/baza-znaniy/stoimost-zhizni-semya-i-para","Property in Buenos Aires — Cost of Living for Expats 2026","https://propertyinbuenosaires.com/cost-of-living/","aggregator","en","уровни жизни, аренда 3-комнатных, семья upscale в Бельграно, школьные сборы","no_or_not_recorded","recorded_article_level","Fact checker","content/knowledge-base/_index/content.json"
"stoit-li-ehat-na-poezde-v-oblaka:source:1","stoit-li-ehat-na-poezde-v-oblaka","/baza-znaniy/stoit-li-ehat-na-poezde-v-oblaka","Tren a las Nubes — официальный сайт","https://trenalasnubes.com.ar/inicio-es/","official","es","актуальный формат тура, высота 4220 м, тарифы","yes","recorded_article_level","Content editor","content/knowledge-base/_index/content.json"
"stoit-li-ehat-na-poezde-v-oblaka:source:2","stoit-li-ehat-na-poezde-v-oblaka","/baza-znaniy/stoit-li-ehat-na-poezde-v-oblaka","Daytours4u — Tren a las Nubes en Salta 2026: precios, horarios y guía completa","https://www.daytours4u.com/es/travel-guide/tren-las-nubes-en-salta-guia-del-tour-2026","aggregator","es","свежая перепроверка формата 2026: выезд автобусом из Сальты ~7:00, пересадка на поезд в Сан-Антонио-де-лос-Кобрес, ориентир цены USD 150-200","no_or_not_recorded","recorded_article_level","Content editor","content/knowledge-base/_index/content.json"
"stoit-li-ehat-v-argentinu:source:1","stoit-li-ehat-v-argentinu","/baza-znaniy/stoit-li-ehat-v-argentinu","Aviasales — Москва ↔ Буэнос-Айрес (цены и пересадки)","https://www.aviasales.ru/routes/mow/bue","aggregator","ru","порядок цен и маршруты перелёта; проверять актуальное перед покупкой","no_or_not_recorded","recorded_article_level","Fact checker","content/knowledge-base/_index/content.json"
"stoit-li-ehat-v-argentinu:source:2","stoit-li-ehat-v-argentinu","/baza-znaniy/stoit-li-ehat-v-argentinu","Записи базы: бюджет поездки, безопасность, мифы, когда ехать, маршрут 2 недели","../dengi/byudzhet-poezdki.md","aggregator","ru","детальные цифры и разборы сведены из профильных записей базы","no_or_not_recorded","recorded_article_level","Fact checker","content/knowledge-base/_index/content.json"
"stoit-li-pereezzhat:source:1","stoit-li-pereezzhat","/baza-znaniy/stoit-li-pereezzhat","Записи базы по иммиграции, деньгам и быту + личный опыт релокантов","../pereezd/vnzh-argentina.md","aggregator","ru","разбор опирается на профильные гайды и живой опыт","no_or_not_recorded","recorded_article_level","Fact checker","content/knowledge-base/_index/content.json"
"studencheskaya-zhizn:source:1","studencheskaya-zhizn","/baza-znaniy/studencheskaya-zhizn","CELU — Certificado de Español: Lengua y Uso (официальный экзамен)","https://www.celu.edu.ar/","official","es","официальный сертификат владения испанским, часто нужен для поступления","yes","recorded_article_level","Fact checker","content/knowledge-base/_index/content.json"
"studencheskaya-zhizn:source:2","studencheskaya-zhizn","/baza-znaniy/studencheskaya-zhizn","Записи базы: резиденция по учёбе, бесплатность вузов, апостиль","../pereezd/vnzh-po-uchebe.md","aggregator","ru","правовая и документальная сторона учёбы сведена из профильных записей базы","no_or_not_recorded","recorded_article_level","Fact checker","content/knowledge-base/_index/content.json"
"tafi-viejo:source:1","tafi-viejo","/baza-znaniy/tafi-viejo","Visit Argentina — Tafí Viejo","https://www.argentina.travel/actividades/tafi-viejo","official","es","INPROTUR; текст автопереведён, фото с официального CDN — атрибуция argentina.travel","yes","recorded_article_level","Content editor","content/knowledge-base/_index/content.json"
"talampaya:source:1","talampaya","/baza-znaniy/talampaya","APN — Ficha del área protegida, Parque Nacional Talampaya","https://www.argentina.gob.ar/parquesnacionales/centro/parque-nacional-talampaya/ficha-del-area-protegida","official","es","площадь, год основания, геология, палеонтология","yes","recorded_article_level","Content editor","content/knowledge-base/_index/content.json"
"talampaya:source:2","talampaya","/baza-znaniy/talampaya","APN — Tarifas, Parque Nacional Talampaya","https://www.argentina.gob.ar/parquesnacionales/centro/parque-nacional-talampaya/tarifas","official","es","тарифы, обновлено 09.06.2026","yes","recorded_article_level","Content editor","content/knowledge-base/_index/content.json"
"talampaya:source:3","talampaya","/baza-znaniy/talampaya","UNESCO — Ischigualasto / Talampaya Natural Parks","https://whc.unesco.org/en/list/966","official","en","not_recorded","yes","recorded_article_level","Content editor","content/knowledge-base/_index/content.json"
"tango:source:1","tango","/baza-znaniy/tango","UNESCO — Tango (Representative List of Intangible Cultural Heritage)","https://ich.unesco.org/en/RL/tango-00258","official","en","танго внесено в список нематериального наследия ЮНЕСКО в 2009 году (совместно Аргентина и Уругвай)","yes","recorded_article_level","Content editor","content/knowledge-base/_index/content.json"
"tango:source:2","tango","/baza-znaniy/tango","Внутренняя база «Пора в Аргентину» — культура танго и милонг","","ru_blog","ru","устойчивые сведения о жанре, милонгах, этикете","no_or_not_recorded","review_required","Content editor","content/knowledge-base/_index/content.json"
"tango-en-buenos-aires:source:1","tango-en-buenos-aires","/baza-znaniy/tango-en-buenos-aires","Visit Argentina — Tango en Buenos Aires","https://www.argentina.travel/actividades/tango-en-buenos-aires","official","es","INPROTUR; текст автопереведён, фото с официального CDN — атрибуция argentina.travel","yes","recorded_article_level","Content editor","content/knowledge-base/_index/content.json"
"tastil-y-santa-rosa-de-tastil:source:1","tastil-y-santa-rosa-de-tastil","/baza-znaniy/tastil-y-santa-rosa-de-tastil","Visit Argentina — Tastil y Santa Rosa de Tastil","https://www.argentina.travel/actividades/tastil-y-santa-rosa-de-tastil","official","es","INPROTUR; текст автопереведён, фото с официального CDN — атрибуция argentina.travel","yes","recorded_article_level","Content editor","content/knowledge-base/_index/content.json"
"teatr-kolon:source:1","teatr-kolon","/baza-znaniy/teatr-kolon","Teatro Colón — официальный сайт","https://teatrocolon.org.ar/","official","es","адрес, часы работы, расписание экскурсий","yes","recorded_article_level","Content editor","content/knowledge-base/_index/content.json"
"teatr-kolon:source:2","teatr-kolon","/baza-znaniy/teatr-kolon","Audiala — Teatro Colón: Visitor Guide","https://audiala.com/ru/argentina/buenos-ayres/teatr-kolon","ru_blog","ru","история, часы работы, практические детали экскурсий","no_or_not_recorded","recorded_article_level","Content editor","content/knowledge-base/_index/content.json"
"teatr-kolon:source:3","teatr-kolon","/baza-znaniy/teatr-kolon","Teatro Colón — Wikipedia (EN)","https://en.wikipedia.org/wiki/Teatro_Col%C3%B3n","aggregator","en","вместимость зала, история строительства, признание акустики","no_or_not_recorded","recorded_article_level","Content editor","content/knowledge-base/_index/content.json"
"teatro-y-literatura-en-buenos-aires:source:1","teatro-y-literatura-en-buenos-aires","/baza-znaniy/teatro-y-literatura-en-buenos-aires","Visit Argentina — Teatro y literatura en Buenos Aires","https://www.argentina.travel/actividades/teatro-y-literatura-en-buenos-aires","official","es","INPROTUR; текст автопереведён, фото с официального CDN — атрибуция argentina.travel","yes","recorded_article_level","Content editor","content/knowledge-base/_index/content.json"
"temporada-de-orcas-en-peninsula-valdes:source:1","temporada-de-orcas-en-peninsula-valdes","/baza-znaniy/temporada-de-orcas-en-peninsula-valdes","Visit Argentina — Temporada de orcas en Península Valdés","https://www.argentina.travel/actividades/temporada-de-orcas-en-peninsula-valdes","official","es","INPROTUR; текст автопереведён, фото с официального CDN — атрибуция argentina.travel","yes","recorded_article_level","Content editor","content/knowledge-base/_index/content.json"
"termas-de-cacheuta:source:1","termas-de-cacheuta","/baza-znaniy/termas-de-cacheuta","Visit Argentina — Termas de Cacheuta","https://www.argentina.travel/actividades/termas-de-cacheuta","official","es","INPROTUR; текст автопереведён, фото с официального CDN — атрибуция argentina.travel","yes","recorded_article_level","Content editor","content/knowledge-base/_index/content.json"
"termas-de-rio-hondo:source:1","termas-de-rio-hondo","/baza-znaniy/termas-de-rio-hondo","Visit Argentina — Termas de Río Hondo","https://www.argentina.travel/actividades/termas-de-rio-hondo","official","es","INPROTUR; текст автопереведён, фото с официального CDN — атрибуция argentina.travel","yes","recorded_article_level","Content editor","content/knowledge-base/_index/content.json"
"termas-de-saenz-pena:source:1","termas-de-saenz-pena","/baza-znaniy/termas-de-saenz-pena","Visit Argentina — Termas de Sáenz Peña","https://www.argentina.travel/actividades/termas-de-saenz-pena","official","es","INPROTUR; текст автопереведён, фото с официального CDN — атрибуция argentina.travel","yes","recorded_article_level","Content editor","content/knowledge-base/_index/content.json"
"termas-del-rio-jordan:source:1","termas-del-rio-jordan","/baza-znaniy/termas-del-rio-jordan","Visit Argentina — Termas del Río Jordán","https://www.argentina.travel/actividades/termas-del-rio-jordan","official","es","INPROTUR; текст автопереведён, фото с официального CDN — атрибуция argentina.travel","yes","recorded_article_level","Content editor","content/knowledge-base/_index/content.json"
"termas-en-entre-rios:source:1","termas-en-entre-rios","/baza-znaniy/termas-en-entre-rios","Visit Argentina — Termas en Entre Ríos","https://www.argentina.travel/actividades/termas-en-entre-rios","official","es","INPROTUR; текст автопереведён, фото с официального CDN — атрибуция argentina.travel","yes","recorded_article_level","Content editor","content/knowledge-base/_index/content.json"
"tierra-del-fuego:source:1","tierra-del-fuego","/baza-znaniy/tierra-del-fuego","Записи об Ушуайе и нацпарке Огненная Земля — эта же база знаний","../goroda/ushuaia.md","aggregator","ru","not_recorded","no_or_not_recorded","recorded_article_level","Content editor","content/knowledge-base/_index/content.json"
"tigre-i-delta:source:1","tigre-i-delta","/baza-znaniy/tigre-i-delta","Wikipedia (ES) — Delta del Paraná","https://es.wikipedia.org/wiki/Delta_del_Paran%C3%A1","aggregator","es","география дельты, острова, водный транспорт, Тигре как ворота","no_or_not_recorded","recorded_article_level","Content editor","content/knowledge-base/_index/content.json"
"tigre-i-delta:source:2","tigre-i-delta","/baza-znaniy/tigre-i-delta","Wikipedia (ES) — Tigre (Buenos Aires)","https://es.wikipedia.org/wiki/Tigre_(Buenos_Aires)","aggregator","es","город Тигре, Пуэрто-де-Фрутос, музей, транспорт из Буэнос-Айреса","no_or_not_recorded","recorded_article_level","Content editor","content/knowledge-base/_index/content.json"
"tilcara:source:1","tilcara","/baza-znaniy/tilcara","Visit Argentina — Tilcara","https://www.argentina.travel/actividades/tilcara","official","es","INPROTUR; текст автопереведён, фото с официального CDN — атрибуция argentina.travel","yes","recorded_article_level","Content editor","content/knowledge-base/_index/content.json"
"tilkara:source:1","tilkara","/baza-znaniy/tilkara","Jujuy / Secretaría de Turismo — Tilcara y Pucará","https://www.jujuy.tur.ar/tilcara","official","es","посёлок, крепость Пукара, музей, высота, логистика по Кебраде","yes","recorded_article_level","Content editor","content/knowledge-base/_index/content.json"
"tilkara:source:2","tilkara","/baza-znaniy/tilkara","Wikipedia (ES) — Pucará de Tilcara","https://es.wikipedia.org/wiki/Pucar%C3%A1_de_Tilcara","aggregator","es","доинкское поселение, реконструкция начала XX века, управление Университетом Жужуя","no_or_not_recorded","recorded_article_level","Content editor","content/knowledge-base/_index/content.json"
"tinogasta:source:1","tinogasta","/baza-znaniy/tinogasta","Visit Argentina — Tinogasta","https://www.argentina.travel/actividades/tinogasta","official","es","INPROTUR; текст автопереведён, фото с официального CDN — атрибуция argentina.travel","yes","recorded_article_level","Content editor","content/knowledge-base/_index/content.json"
"tolhuin:source:1","tolhuin","/baza-znaniy/tolhuin","Visit Argentina — Tolhuin","https://www.argentina.travel/actividades/tolhuin","official","es","INPROTUR; текст автопереведён, фото с официального CDN — атрибуция argentina.travel","yes","recorded_article_level","Content editor","content/knowledge-base/_index/content.json"
"tradicion-cervecera-en-santa-fe:source:1","tradicion-cervecera-en-santa-fe","/baza-znaniy/tradicion-cervecera-en-santa-fe","Visit Argentina — Tradición cervecera en Santa Fe","https://www.argentina.travel/actividades/tradicion-cervecera-en-santa-fe","official","es","INPROTUR; текст автопереведён, фото с официального CDN — атрибуция argentina.travel","yes","recorded_article_level","Content editor","content/knowledge-base/_index/content.json"
"tradiciones-gauchas:source:1","tradiciones-gauchas","/baza-znaniy/tradiciones-gauchas","Visit Argentina — Tradiciones gauchas","https://www.argentina.travel/actividades/tradiciones-gauchas","official","es","INPROTUR; текст автопереведён, фото с официального CDN — атрибуция argentina.travel","yes","recorded_article_level","Content editor","content/knowledge-base/_index/content.json"
"travesia-4x4-en-tierra-del-fuego:source:1","travesia-4x4-en-tierra-del-fuego","/baza-znaniy/travesia-4x4-en-tierra-del-fuego","Visit Argentina — Travesía 4x4 en Tierra del Fuego","https://www.argentina.travel/actividades/travesia-4x4-en-tierra-del-fuego","official","es","INPROTUR; текст автопереведён, фото с официального CDN — атрибуция argentina.travel","yes","recorded_article_level","Content editor","content/knowledge-base/_index/content.json"
"trekking-en-bosques-y-lagos:source:1","trekking-en-bosques-y-lagos","/baza-znaniy/trekking-en-bosques-y-lagos","Visit Argentina — Trekking en bosques y lagos","https://www.argentina.travel/actividades/trekking-en-bosques-y-lagos","official","es","INPROTUR; текст автопереведён, фото с официального CDN — атрибуция argentina.travel","yes","recorded_article_level","Content editor","content/knowledge-base/_index/content.json"
"trekking-en-lihue-calel:source:1","trekking-en-lihue-calel","/baza-znaniy/trekking-en-lihue-calel","Visit Argentina — Trekking en Lihué Calel","https://www.argentina.travel/actividades/trekking-en-lihue-calel","official","es","INPROTUR; текст автопереведён, фото с официального CDN — атрибуция argentina.travel","yes","recorded_article_level","Content editor","content/knowledge-base/_index/content.json"
"trekking-en-parque-patagonia:source:1","trekking-en-parque-patagonia","/baza-znaniy/trekking-en-parque-patagonia","Visit Argentina — Trekking en Parque Patagonia","https://www.argentina.travel/actividades/trekking-en-parque-patagonia","official","es","INPROTUR; текст автопереведён, фото с официального CDN — атрибуция argentina.travel","yes","recorded_article_level","Fact checker","content/knowledge-base/_index/content.json"
"trekking-en-salta:source:1","trekking-en-salta","/baza-znaniy/trekking-en-salta","Visit Argentina — Trekking en Salta","https://www.argentina.travel/actividades/trekking-en-salta","official","es","INPROTUR; текст автопереведён, фото с официального CDN — атрибуция argentina.travel","yes","recorded_article_level","Content editor","content/knowledge-base/_index/content.json"
"trekking-en-tolhuin:source:1","trekking-en-tolhuin","/baza-znaniy/trekking-en-tolhuin","Visit Argentina — Trekking en Tolhuin","https://www.argentina.travel/actividades/trekking-en-tolhuin","official","es","INPROTUR; текст автопереведён, фото с официального CDN — атрибуция argentina.travel","yes","recorded_article_level","Content editor","content/knowledge-base/_index/content.json"
"tren-a-las-nubes:source:1","tren-a-las-nubes","/baza-znaniy/tren-a-las-nubes","Visit Argentina — Tren a las Nubes","https://www.argentina.travel/actividades/tren-a-las-nubes","official","es","INPROTUR; текст автопереведён, фото с официального CDN — атрибуция argentina.travel","yes","recorded_article_level","Content editor","content/knowledge-base/_index/content.json"
"tren-de-las-sierras:source:1","tren-de-las-sierras","/baza-znaniy/tren-de-las-sierras","Visit Argentina — Tren de las Sierras","https://www.argentina.travel/actividades/tren-de-las-sierras","official","es","INPROTUR; текст автопереведён, фото с официального CDN — атрибуция argentina.travel","yes","recorded_article_level","Content editor","content/knowledge-base/_index/content.json"
"trevelin-el-pueblo-del-molino:source:1","trevelin-el-pueblo-del-molino","/baza-znaniy/trevelin-el-pueblo-del-molino","Visit Argentina — Trevelin, el pueblo del molino","https://www.argentina.travel/actividades/trevelin-el-pueblo-del-molino","official","es","INPROTUR; текст автопереведён, фото с официального CDN — атрибуция argentina.travel","yes","recorded_article_level","Content editor","content/knowledge-base/_index/content.json"
"turismo-aventura-en-chaco:source:1","turismo-aventura-en-chaco","/baza-znaniy/turismo-aventura-en-chaco","Visit Argentina — Turismo aventura en Chaco","https://www.argentina.travel/actividades/turismo-aventura-en-chaco","official","es","INPROTUR; текст автопереведён, фото с официального CDN — атрибуция argentina.travel","yes","recorded_article_level","Content editor","content/knowledge-base/_index/content.json"
"turismo-cultural-en-rosario:source:1","turismo-cultural-en-rosario","/baza-znaniy/turismo-cultural-en-rosario","Visit Argentina — Turismo cultural en Rosario","https://www.argentina.travel/actividades/turismo-cultural-en-rosario","official","es","INPROTUR; текст автопереведён, фото с официального CDN — атрибуция argentina.travel","yes","recorded_article_level","Content editor","content/knowledge-base/_index/content.json"
"turismo-paleontologico-en-neuquen:source:1","turismo-paleontologico-en-neuquen","/baza-znaniy/turismo-paleontologico-en-neuquen","Visit Argentina — Turismo paleontológico en Neuquén","https://www.argentina.travel/actividades/turismo-paleontologico-en-neuquen","official","es","INPROTUR; текст автопереведён, фото с официального CDN — атрибуция argentina.travel","yes","recorded_article_level","Content editor","content/knowledge-base/_index/content.json"
"turismo-religioso-en-salta:source:1","turismo-religioso-en-salta","/baza-znaniy/turismo-religioso-en-salta","Visit Argentina — Turismo Religioso en Salta","https://www.argentina.travel/actividades/turismo-religioso-en-salta","official","es","INPROTUR; текст автопереведён, фото с официального CDN — атрибуция argentina.travel","yes","recorded_article_level","Content editor","content/knowledge-base/_index/content.json"
"turismo-rural-comunitario:source:1","turismo-rural-comunitario","/baza-znaniy/turismo-rural-comunitario","Visit Argentina — Turismo rural comunitario","https://www.argentina.travel/actividades/turismo-rural-comunitario","official","es","INPROTUR; текст автопереведён, фото с официального CDN — атрибуция argentina.travel","yes","recorded_article_level","Content editor","content/knowledge-base/_index/content.json"
"turismo-rural-en-la-pampa:source:1","turismo-rural-en-la-pampa","/baza-znaniy/turismo-rural-en-la-pampa","Visit Argentina — Turismo rural en La Pampa","https://www.argentina.travel/actividades/turismo-rural-en-la-pampa","official","es","INPROTUR; текст автопереведён, фото с официального CDN — атрибуция argentina.travel","yes","recorded_article_level","Content editor","content/knowledge-base/_index/content.json"
"turismo-rural-en-salta:source:1","turismo-rural-en-salta","/baza-znaniy/turismo-rural-en-salta","Visit Argentina — Turismo Rural en Salta","https://www.argentina.travel/actividades/turismo-rural-en-salta","official","es","INPROTUR; текст автопереведён, фото с официального CDN — атрибуция argentina.travel","yes","recorded_article_level","Content editor","content/knowledge-base/_index/content.json"
"udalyonnaya-rabota-i-oplata:source:1","udalyonnaya-rabota-i-oplata","/baza-znaniy/udalyonnaya-rabota-i-oplata","Wise / Payoneer — cómo recibir pagos en Argentina (guías 2026)","https://wise.com/ar/blog/payoneer-recibir-pagos","aggregator","es","приём валютных платежей фрилансером в Аргентине, комиссии, вывод","no_or_not_recorded","recorded_article_level","Fact checker","content/knowledge-base/_index/content.json"
"udalyonnaya-rabota-i-oplata:source:2","udalyonnaya-rabota-i-oplata","/baza-znaniy/udalyonnaya-rabota-i-oplata","M. Firtman — Guía definitiva para cobrar dólares por trabajos del exterior (impuestos)","https://maxifirtman.medium.com/gu%C3%ADa-definitiva-para-cobrar-d%C3%B3lares-por-trabajos-del-exterior-en-argentina-impuestos-y-1d8ad2683c85","aggregator","es","связка получения валюты, курса и налогов для удалёнщика","no_or_not_recorded","recorded_article_level","Fact checker","content/knowledge-base/_index/content.json"
"ushuaia:source:1","ushuaia","/baza-znaniy/ushuaia","Visit Argentina — Ushuaia","https://www.argentina.travel/actividades/ushuaia","official","es","INPROTUR; текст автопереведён, фото с официального CDN — атрибуция argentina.travel","yes","recorded_article_level","Content editor","content/knowledge-base/_index/content.json"
"ushuaia-la-ciudad-y-el-tren:source:1","ushuaia-la-ciudad-y-el-tren","/baza-znaniy/ushuaia-la-ciudad-y-el-tren","Visit Argentina — Ushuaia: la ciudad y el tren","https://www.argentina.travel/actividades/ushuaia-la-ciudad-y-el-tren","official","es","INPROTUR; текст автопереведён, фото с официального CDN — атрибуция argentina.travel","yes","recorded_article_level","Content editor","content/knowledge-base/_index/content.json"
"valle-de-la-luna-de-cusi-cusi:source:1","valle-de-la-luna-de-cusi-cusi","/baza-znaniy/valle-de-la-luna-de-cusi-cusi","Visit Argentina — Valle de la Luna de Cusi Cusi","https://www.argentina.travel/actividades/valle-de-la-luna-de-cusi-cusi","official","es","INPROTUR; текст автопереведён, фото с официального CDN — атрибуция argentina.travel","yes","recorded_article_level","Content editor","content/knowledge-base/_index/content.json"
"valle-de-punilla-cordoba:source:1","valle-de-punilla-cordoba","/baza-znaniy/valle-de-punilla-cordoba","Visit Argentina — Valle de Punilla, Córdoba","https://www.argentina.travel/actividades/valle-de-punilla-cordoba","official","es","INPROTUR; текст автопереведён, фото с официального CDN — атрибуция argentina.travel","yes","recorded_article_level","Content editor","content/knowledge-base/_index/content.json"
"valle-de-traslasierra:source:1","valle-de-traslasierra","/baza-znaniy/valle-de-traslasierra","Visit Argentina — Valle de Traslasierra","https://www.argentina.travel/actividades/valle-de-traslasierra","official","es","INPROTUR; текст автопереведён, фото с официального CDN — атрибуция argentina.travel","yes","recorded_article_level","Content editor","content/knowledge-base/_index/content.json"
"valle-de-uco-mendoza:source:1","valle-de-uco-mendoza","/baza-znaniy/valle-de-uco-mendoza","Visit Argentina — Valle de Uco, Mendoza","https://www.argentina.travel/actividades/valle-de-uco-mendoza","official","es","INPROTUR; текст автопереведён, фото с официального CDN — атрибуция argentina.travel","yes","recorded_article_level","Content editor","content/knowledge-base/_index/content.json"
"valle-encantado:source:1","valle-encantado","/baza-znaniy/valle-encantado","Visit Argentina — Valle Encantado","https://www.argentina.travel/actividades/valle-encantado","official","es","INPROTUR; текст автопереведён, фото с официального CDN — атрибуция argentina.travel","yes","recorded_article_level","Content editor","content/knowledge-base/_index/content.json"
"valle-grande:source:1","valle-grande","/baza-znaniy/valle-grande","Visit Argentina — Valle Grande","https://www.argentina.travel/actividades/valle-grande","official","es","INPROTUR; текст автопереведён, фото с официального CDN — атрибуция argentina.travel","yes","recorded_article_level","Content editor","content/knowledge-base/_index/content.json"
"valles-y-bosques-fueguinos:source:1","valles-y-bosques-fueguinos","/baza-znaniy/valles-y-bosques-fueguinos","Visit Argentina — Valles y bosques fueguinos","https://www.argentina.travel/actividades/valles-y-bosques-fueguinos","official","es","INPROTUR; текст автопереведён, фото с официального CDN — атрибуция argentina.travel","yes","recorded_article_level","Content editor","content/knowledge-base/_index/content.json"
"verano-en-corrientes:source:1","verano-en-corrientes","/baza-znaniy/verano-en-corrientes","Visit Argentina — Verano en Corrientes","https://www.argentina.travel/actividades/verano-en-corrientes","official","es","INPROTUR; текст автопереведён, фото с официального CDN — атрибуция argentina.travel","yes","recorded_article_level","Content editor","content/knowledge-base/_index/content.json"
"vida-nocturna-en-buenos-aires:source:1","vida-nocturna-en-buenos-aires","/baza-znaniy/vida-nocturna-en-buenos-aires","Visit Argentina — Vida nocturna en Buenos Aires","https://www.argentina.travel/actividades/vida-nocturna-en-buenos-aires","official","es","INPROTUR; текст автопереведён, фото с официального CDN — атрибуция argentina.travel","yes","recorded_article_level","Content editor","content/knowledge-base/_index/content.json"
"viedma:source:1","viedma","/baza-znaniy/viedma","Visit Argentina — Viedma","https://www.argentina.travel/actividades/viedma","official","es","INPROTUR; текст автопереведён, фото с официального CDN — атрибуция argentina.travel","yes","recorded_article_level","Content editor","content/knowledge-base/_index/content.json"
"villa-carlos-paz:source:1","villa-carlos-paz","/baza-znaniy/villa-carlos-paz","Visit Argentina — Villa Carlos Paz","https://www.argentina.travel/actividades/villa-carlos-paz","official","es","INPROTUR; текст автопереведён, фото с официального CDN — атрибуция argentina.travel","yes","recorded_article_level","Content editor","content/knowledge-base/_index/content.json"
"villa-del-carmen-san-luis:source:1","villa-del-carmen-san-luis","/baza-znaniy/villa-del-carmen-san-luis","Visit Argentina — Villa del Carmen, San Luis","https://www.argentina.travel/actividades/villa-del-carmen-san-luis","official","es","INPROTUR; текст автопереведён, фото с официального CDN — атрибуция argentina.travel","yes","recorded_article_level","Content editor","content/knowledge-base/_index/content.json"
"villa-general-belgrano:source:1","villa-general-belgrano","/baza-znaniy/villa-general-belgrano","Visit Argentina — Villa General Belgrano","https://www.argentina.travel/actividades/villa-general-belgrano","official","es","INPROTUR; текст автопереведён, фото с официального CDN — атрибуция argentina.travel","yes","recorded_article_level","Content editor","content/knowledge-base/_index/content.json"
"villa-gesell:source:1","villa-gesell","/baza-znaniy/villa-gesell","Infobae — La epopeya de la fundación de Villa Gesell y el «loco de los médanos» que derrotó al desierto","https://www.infobae.com/sociedad/2022/12/14/la-epopeya-de-la-fundacion-de-villa-gesell-y-el-loco-de-los-medanos-que-derroto-al-desierto/","es_source","es","история основания, покупка земли Карлосом Хеселем в августе 1931, дата 14 декабря 1931 как условная точка отсчёта","no_or_not_recorded","recorded_article_level","Content editor","content/knowledge-base/_index/content.json"
"villa-gesell:source:2","villa-gesell","/baza-znaniy/villa-gesell","Municipalidad de Villa Gesell — Gesell, historia y futuro","https://www.gesell.gob.ar/novedad/7064/gesell-historia-y-futuro.html","official","es","официальная муниципальная версия истории города","yes","recorded_article_level","Content editor","content/knowledge-base/_index/content.json"
"villa-gesell:source:3","villa-gesell","/baza-znaniy/villa-gesell","Wikipedia (EN) — Villa Gesell","https://en.wikipedia.org/wiki/Villa_Gesell","aggregator","en","детали облесения (сосны + акация Acacia longifolia с 1938 года), происхождение фамилии основателя (сын экономиста Сильвио Гезелля)","no_or_not_recorded","recorded_article_level","Content editor","content/knowledge-base/_index/content.json"
"villa-gesell:source:4","villa-gesell","/baza-znaniy/villa-gesell","Tripin Argentina — Paseo de los Artesanos de Villa Gesell","https://tripin.travel/paseo-los-artesanos-villa-gesell/","es_source","es","расположение и сезонность ремесленной ярмарки в центре города","no_or_not_recorded","recorded_article_level","Content editor","content/knowledge-base/_index/content.json"
"villa-la-angostura:source:1","villa-la-angostura","/baza-znaniy/villa-la-angostura","Visit Argentina — Villa la Angostura","https://www.argentina.travel/actividades/villa-la-angostura","official","es","INPROTUR; текст автопереведён, фото с официального CDN — атрибуция argentina.travel","yes","recorded_article_level","Content editor","content/knowledge-base/_index/content.json"
"villa-la-punta:source:1","villa-la-punta","/baza-znaniy/villa-la-punta","Visit Argentina — Villa La Punta","https://www.argentina.travel/actividades/villa-la-punta","official","es","INPROTUR; текст автопереведён, фото с официального CDN — атрибуция argentina.travel","yes","recorded_article_level","Content editor","content/knowledge-base/_index/content.json"
"villa-mercedes-san-luis:source:1","villa-mercedes-san-luis","/baza-znaniy/villa-mercedes-san-luis","Visit Argentina — Villa Mercedes, San Luis","https://www.argentina.travel/actividades/villa-mercedes-san-luis","official","es","INPROTUR; текст автопереведён, фото с официального CDN — атрибуция argentina.travel","yes","recorded_article_level","Content editor","content/knowledge-base/_index/content.json"
"villa-nougues:source:1","villa-nougues","/baza-znaniy/villa-nougues","Visit Argentina — Villa Nougués","https://www.argentina.travel/actividades/villa-nougues","official","es","INPROTUR; текст автопереведён, фото с официального CDN — атрибуция argentina.travel","yes","recorded_article_level","Fact checker","content/knowledge-base/_index/content.json"
"villa-ocampo:source:1","villa-ocampo","/baza-znaniy/villa-ocampo","Visit Argentina — Villa Ocampo","https://www.argentina.travel/actividades/villa-ocampo","official","es","INPROTUR; текст автопереведён, фото с официального CDN — атрибуция argentina.travel","yes","recorded_article_level","Content editor","content/knowledge-base/_index/content.json"
"villa-paranacito:source:1","villa-paranacito","/baza-znaniy/villa-paranacito","Visit Argentina — Villa Paranacito","https://www.argentina.travel/actividades/villa-paranacito","official","es","INPROTUR; текст автопереведён, фото с официального CDN — атрибуция argentina.travel","yes","recorded_article_level","Content editor","content/knowledge-base/_index/content.json"
"villa-pehuenia:source:1","villa-pehuenia","/baza-znaniy/villa-pehuenia","Visit Argentina — Villa Pehuenia","https://www.argentina.travel/actividades/villa-pehuenia","official","es","INPROTUR; текст автопереведён, фото с официального CDN — атрибуция argentina.travel","yes","recorded_article_level","Content editor","content/knowledge-base/_index/content.json"
"villa-regina:source:1","villa-regina","/baza-znaniy/villa-regina","Visit Argentina — Villa Regina","https://www.argentina.travel/actividades/villa-regina","official","es","INPROTUR; текст автопереведён, фото с официального CDN — атрибуция argentina.travel","yes","recorded_article_level","Content editor","content/knowledge-base/_index/content.json"
"villa-rio-bermejito:source:1","villa-rio-bermejito","/baza-znaniy/villa-rio-bermejito","Visit Argentina — Villa Río Bermejito","https://www.argentina.travel/actividades/villa-rio-bermejito","official","es","INPROTUR; текст автопереведён, фото с официального CDN — атрибуция argentina.travel","yes","recorded_article_level","Content editor","content/knowledge-base/_index/content.json"
"villa-traful:source:1","villa-traful","/baza-znaniy/villa-traful","Visit Argentina — Villa Traful","https://www.argentina.travel/actividades/villa-traful","official","es","INPROTUR; текст автопереведён, фото с официального CDN — атрибуция argentina.travel","yes","recorded_article_level","Content editor","content/knowledge-base/_index/content.json"
"vinnyy-marshrut:source:1","vinnyy-marshrut","/baza-znaniy/vinnyy-marshrut","Записи о Мендосе, Кафайяте и винах — эта же база знаний","../goroda/mendoza.md","aggregator","ru","детали по зонам, сортам и bodegas — в записях mendoza, cafayate, vino-argentiny","no_or_not_recorded","recorded_article_level","Content editor","content/knowledge-base/_index/content.json"
"vino-argentiny:source:1","vino-argentiny","/baza-znaniy/vino-argentiny","Wine Folly — Argentina Wine Region","https://winefolly.com/wine-regions/argentina/","aggregator","en","Мендоса ~75% виноградников, суб-зоны Майпу/Лухан/Валье-де-Уко, высота и кислотность, Бонарда","no_or_not_recorded","recorded_article_level","Content editor","content/knowledge-base/_index/content.json"
"vino-argentiny:source:2","vino-argentiny","/baza-znaniy/vino-argentiny","Wines of Argentina — Salta","https://winesofargentina.org/en/provinces/salta","official","en","Кафайяте, Торронтес, высокогорные виноградники (одни из самых высоких в мире)","yes","recorded_article_level","Content editor","content/knowledge-base/_index/content.json"
"vino-argentiny:source:3","vino-argentiny","/baza-znaniy/vino-argentiny","Wine-Searcher — Salta","https://www.wine-searcher.com/regions-salta","aggregator","en","терруар Сальты, высота, Торронтес","no_or_not_recorded","recorded_article_level","Content editor","content/knowledge-base/_index/content.json"
"vinos-de-san-juan:source:1","vinos-de-san-juan","/baza-znaniy/vinos-de-san-juan","Visit Argentina — Vinos de San Juan","https://www.argentina.travel/actividades/vinos-de-san-juan","official","es","INPROTUR; текст автопереведён, фото с официального CDN — атрибуция argentina.travel","yes","recorded_article_level","Content editor","content/knowledge-base/_index/content.json"
"vinos-de-tolombon:source:1","vinos-de-tolombon","/baza-znaniy/vinos-de-tolombon","Visit Argentina — Vinos de Tolombón","https://www.argentina.travel/actividades/vinos-de-tolombon","official","es","INPROTUR; текст автопереведён, фото с официального CDN — атрибуция argentina.travel","yes","recorded_article_level","Content editor","content/knowledge-base/_index/content.json"
"vinos-del-valle-patagonico:source:1","vinos-del-valle-patagonico","/baza-znaniy/vinos-del-valle-patagonico","Visit Argentina — Vinos del valle patagónico","https://www.argentina.travel/actividades/vinos-del-valle-patagonico","official","es","INPROTUR; текст автопереведён, фото с официального CDN — атрибуция argentina.travel","yes","recorded_article_level","Content editor","content/knowledge-base/_index/content.json"
"viza-cifrovogo-kochevnika:source:1","viza-cifrovogo-kochevnika","/baza-znaniy/viza-cifrovogo-kochevnika","Argentina.gob.ar — Obtener una residencia transitoria como Nómada Digital","https://www.argentina.gob.ar/servicio/obtener-una-residencia-transitoria-como-nomada-digital","official","es","not_recorded","yes","recorded_article_level","Fact checker","content/knowledge-base/_index/content.json"
"viza-cifrovogo-kochevnika:source:2","viza-cifrovogo-kochevnika","/baza-znaniy/viza-cifrovogo-kochevnika","Argentina.gob.ar — Tramitación de Ingreso Electrónica (Nómadas digitales)","https://www.argentina.gob.ar/servicio/tramitacion-de-ingreso-electronica-nomadas-digitales","official","es","not_recorded","yes","recorded_article_level","Fact checker","content/knowledge-base/_index/content.json"
"viza-i-granica-dlya-rossiyan:source:1","viza-i-granica-dlya-rossiyan","/baza-znaniy/viza-i-granica-dlya-rossiyan","Cancillería Argentina — Tourist Visa / визовая политика","https://cancilleria.gob.ar/en/services/visa/tourist-visa","official","en","официальная визовая политика; безвизовые страны и условия туристического въезда","yes","recorded_article_level","Fact checker","content/knowledge-base/_index/content.json"
"viza-i-granica-dlya-rossiyan:source:2","viza-i-granica-dlya-rossiyan","/baza-znaniy/viza-i-granica-dlya-rossiyan","Argentina.travel — Argentina Visa: who needs to apply","https://www.argentina.travel/en/news/argentina-visa-who-needs-to-apply-for-tourism-travel-what-are-the-requirements-and-how-to-apply","official","en","требования к туристическому въезду, срок пребывания","yes","recorded_article_level","Fact checker","content/knowledge-base/_index/content.json"
"viza-kochevnika-ne-vnzh:source:1","viza-kochevnika-ne-vnzh","/baza-znaniy/viza-kochevnika-ne-vnzh","Переезд-Виза-цифрового-кочевника.md — раздел «Частые ошибки»","","aggregator","ru","извлечено из готового лонгрида проекта","no_or_not_recorded","review_required","Fact checker","content/knowledge-base/_index/content.json"
"vnutrennie-aviabilety:source:1","vnutrennie-aviabilety","/baza-znaniy/vnutrennie-aviabilety","JetSMART, Flybondi, Aerolíneas Argentinas — официальные сайты авиакомпаний","","official","es","тарифы, багаж, маршруты; проверять перед покупкой, сетка часто меняется","yes","review_required","Content editor","content/knowledge-base/_index/content.json"
"vnutrennie-aviabilety:source:2","vnutrennie-aviabilety","/baza-znaniy/vnutrennie-aviabilety","LA NACION / El Cronista / Los Andes — рынок авиаперевозок Аргентины 2026","","ru_media","es","рост JetSMART, изменения маршрутов Flybondi, либерализация рынка ('открытие неба')","no_or_not_recorded","review_required","Content editor","content/knowledge-base/_index/content.json"
"vnzh-argentina:source:1","vnzh-argentina","/baza-znaniy/vnzh-argentina","Dirección Nacional de Migraciones — резиденция рантье","https://www.argentina.gob.ar/servicio/obtener-una-residencia-temporaria-como-rentista","official","es","not_recorded","yes","recorded_article_level","Fact checker","content/knowledge-base/_index/content.json"
"vnzh-argentina:source:2","vnzh-argentina","/baza-znaniy/vnzh-argentina","Boletín Oficial — Decreto 366/2025","https://www.boletinoficial.gob.ar/detalleAviso/primera/326096/20250529","official","es","текст миграционной реформы 2025 года","yes","recorded_article_level","Fact checker","content/knowledge-base/_index/content.json"
"vnzh-argentina:source:3","vnzh-argentina","/baza-znaniy/vnzh-argentina","Argentina.gob.ar — о реформе миграционного режима (2025)","https://www.argentina.gob.ar/noticias/el-gobierno-nacional-puso-en-marcha-una-profunda-reforma-del-regimen-migratorio","official","es","not_recorded","yes","recorded_article_level","Fact checker","content/knowledge-base/_index/content.json"
"vnzh-argentina:source:4","vnzh-argentina","/baza-znaniy/vnzh-argentina","Argentina.gob.ar — резиденция цифрового кочевника","https://www.argentina.gob.ar/servicio/obtener-una-residencia-transitoria-como-nomada-digital","official","es","условия транзитной резиденции nómada digital","yes","recorded_article_level","Fact checker","content/knowledge-base/_index/content.json"
"vnzh-po-uchebe:source:1","vnzh-po-uchebe","/baza-znaniy/vnzh-po-uchebe","Dirección Nacional de Migraciones — резиденция по учёбе","https://www.argentina.gob.ar/migraciones","official","es","категория residencia por estudio, требования к зачислению и документам","yes","recorded_article_level","Fact checker","content/knowledge-base/_index/content.json"
"vnzh-po-uchebe:source:2","vnzh-po-uchebe","/baza-znaniy/vnzh-po-uchebe","Argentina.gob.ar — образование и приём иностранных студентов","https://www.argentina.gob.ar/educacion","official","es","признанные учебные заведения, порядок зачисления","yes","recorded_article_level","Fact checker","content/knowledge-base/_index/content.json"
"vnzh-rantye:source:1","vnzh-rantye","/baza-znaniy/vnzh-rantye","Dirección Nacional de Migraciones — Obtener una residencia temporaria como rentista","https://www.argentina.gob.ar/servicio/obtener-una-residencia-temporaria-como-rentista","official","es","точный список требуемых документов, юридическое основание (Ley 25.871 art. 23b, Decreto 616/2010), срок действия резиденции","yes","recorded_article_level","Fact checker","content/knowledge-base/_index/content.json"
"vnzh-rantye:source:2","vnzh-rantye","/baza-znaniy/vnzh-rantye","Infobae — De cuánto es el Salario Mínimo, Vital y Móvil en junio 2026","https://www.infobae.com/economia/2026/06/08/de-cuanto-es-el-salario-minimo-vital-y-movil-en-junio-2026/","es_source","es","актуальная шкала SMVM на 2026 год для расчёта порога дохода рантье","no_or_not_recorded","recorded_article_level","Fact checker","content/knowledge-base/_index/content.json"
"vnzh-rantye:source:3","vnzh-rantye","/baza-znaniy/vnzh-rantye","RuArgentina — иммиграция для рантье","https://go.ruargentina.com/blog/rentista","ru_blog","ru","практическая сторона подачи глазами релокантов","no_or_not_recorded","recorded_article_level","Fact checker","content/knowledge-base/_index/content.json"
"vnzh-rantye:source:4","vnzh-rantye","/baza-znaniy/vnzh-rantye","VelesClub Int. — Argentina residence 2026: work, study & family","https://veles-club.com/blog/argentina-residence-2026-work-study-family","en_source","en","типовые сроки рассмотрения по категориям резиденции, включая рантье (≈4-6 месяцев)","no_or_not_recorded","recorded_article_level","Fact checker","content/knowledge-base/_index/content.json"
"vo-skolko-uzhinayut-v-argentine:source:1","vo-skolko-uzhinayut-v-argentine","/baza-znaniy/vo-skolko-uzhinayut-v-argentine","Гайд «Рестораны и как здесь едят» — эта же база знаний","../kultura/restorany-i-kak-est.md","aggregator","ru","режим питания и застольные обычаи разобраны подробно","no_or_not_recorded","recorded_article_level","Content editor","content/knowledge-base/_index/content.json"
"voditelskie-prava:source:1","voditelskie-prava","/baza-znaniy/voditelskie-prava","Automóvil Club Argentino (ACA) — Permiso Internacional","https://www.aca.org.ar/registro-internacional/","official","es","порядок и статус признания международного водительского удостоверения в Аргентине","yes","recorded_article_level","Fact checker","content/knowledge-base/_index/content.json"
"voditelskie-prava:source:2","voditelskie-prava","/baza-znaniy/voditelskie-prava","Municipalidad de La Plata — Canje de licencias de conducir extranjeras","https://tramites.laplata.gob.ar/licencias/canje-licencias-extranjeras.html","official","es","муниципальная процедура обмена иностранных прав — показывает, что это локальный, не федеральный процесс","yes","recorded_article_level","Fact checker","content/knowledge-base/_index/content.json"
"voditelskie-prava:source:3","voditelskie-prava","/baza-znaniy/voditelskie-prava","Gobierno de la Ciudad Autónoma de Buenos Aires — Licencia de conducir, casos especiales (extranjeros)","http://buenosaires.gob.ar/tramites/otorgamiento-de-licencia-de-conducir/casosespeciales/extranjeros","official","es","требования к иностранцам при оформлении прав в CABA","yes","recorded_article_level","Fact checker","content/knowledge-base/_index/content.json"
"voditelskie-prava:source:4","voditelskie-prava","/baza-znaniy/voditelskie-prava","Argentina.gob.ar — Acuerdos Internacionales de Licencias de Conducir","https://www.argentina.gob.ar/seguridadvial/licencianacional/consulta-sobre-los-acuerdos-internacionales-de-licencias-de-conducir","official","es","официальный список стран с соглашением о признании/обмене прав: Боливия, Чили, Колумбия, Испания, Италия (обновлено 2026-03-19)","yes","recorded_article_level","Fact checker","content/knowledge-base/_index/content.json"
"voditelskie-prava:source:5","voditelskie-prava","/baza-znaniy/voditelskie-prava","Afon.site — Водительское удостоверение в Аргентине","https://afon.site/voditelskoe-udostoverenie-v-argentine","ru_blog","ru","практический опыт релоканта: разница между туристическим и резидентским статусом, процесс получения местных прав","no_or_not_recorded","recorded_article_level","Fact checker","content/knowledge-base/_index/content.json"
"voinskij-uchet-i-voennyj-bilet:source:1","voinskij-uchet-i-voennyj-bilet","/baza-znaniy/voinskij-uchet-i-voennyj-bilet","Официальные источники РФ по воинскому учёту (Госуслуги, Минобороны) — проверять актуальное","https://www.gosuslugi.ru/","official","ru","актуальный статус и процедуры воинского учёта — только на официальных ресурсах РФ и у юриста","yes","recorded_article_level","Fact checker","content/knowledge-base/_index/content.json"
"volcan-lanin:source:1","volcan-lanin","/baza-znaniy/volcan-lanin","Visit Argentina — Volcán Lanín","https://www.argentina.travel/actividades/volcan-lanin","official","es","INPROTUR; текст автопереведён, фото с официального CDN — атрибуция argentina.travel","yes","recorded_article_level","Content editor","content/knowledge-base/_index/content.json"
"volcan-malacara:source:1","volcan-malacara","/baza-znaniy/volcan-malacara","Visit Argentina — Volcán Malacara","https://www.argentina.travel/actividades/volcan-malacara","official","es","INPROTUR; текст автопереведён, фото с официального CDN — атрибуция argentina.travel","yes","recorded_article_level","Content editor","content/knowledge-base/_index/content.json"
"vossoedinenie-semi:source:1","vossoedinenie-semi","/baza-znaniy/vossoedinenie-semi","Argentina.gob.ar — Obtener una residencia temporaria por reunificación familiar","https://www.argentina.gob.ar/servicio/obtener-una-residencia-temporaria-por-reunificacion-familiar","official","es","официальный перечень оснований и общий порядок подачи через RaDEX","yes","recorded_article_level","Fact checker","content/knowledge-base/_index/content.json"
"vossoedinenie-semi:source:2","vossoedinenie-semi","/baza-znaniy/vossoedinenie-semi","Dirección Nacional de Migraciones — Documentación a presentar: residencia como FAMILIAR","https://mininterior.gob.ar/tramites/migraciones/migraciones_archivos/documentacionResFamiliar.pdf","official","es","точный перечень документов по категориям: hijo/cónyuge/padre-madre аргентинца vs резидента, включая возрастной ценз 21 год","yes","recorded_article_level","Fact checker","content/knowledge-base/_index/content.json"
"vossoedinenie-semi:source:3","vossoedinenie-semi","/baza-znaniy/vossoedinenie-semi","ru-ar.ru — Брак с гражданином Аргентины и гражданство через год","https://ru-ar.ru/brak","ru_blog","ru","личный опыт релоканта: разница временной/постоянной резиденции по браку, срок до гражданства, признание однополых браков с 1988/2010","no_or_not_recorded","recorded_article_level","Fact checker","content/knowledge-base/_index/content.json"
"vossoedinenie-semi:source:4","vossoedinenie-semi","/baza-znaniy/vossoedinenie-semi","Ley 25.871 — Ley de Migraciones (art. 22)","https://www.oas.org/dil/esp/ley_de_migraciones_argentina.pdf","official","es","базовая норма о родстве по прямой линии как основании резиденции","yes","recorded_article_level","Fact checker","content/knowledge-base/_index/content.json"
"vysokogorye-na-avto:source:1","vysokogorye-na-avto","/baza-znaniy/vysokogorye-na-avto","Общие справочные данные о высокогорных дорогах NOA и Куйо (факты сверены, текст переписан)","https://www.argentina.gob.ar/","official","es","Puna/altiplano: перевалы Хама, Куэста-де-Липан, Абра-дель-Акай (RN40), Салинас-Грандес; горная болезнь и особенности вождения","yes","recorded_article_level","Fact checker","content/knowledge-base/_index/content.json"
"yapeyu:source:1","yapeyu","/baza-znaniy/yapeyu","Visit Argentina — Yapeyú","https://www.argentina.travel/actividades/yapeyu","official","es","INPROTUR; текст автопереведён, фото с официального CDN — атрибуция argentina.travel","yes","recorded_article_level","Content editor","content/knowledge-base/_index/content.json"
"yungas-tucumanas:source:1","yungas-tucumanas","/baza-znaniy/yungas-tucumanas","Visit Argentina — Yungas tucumanas","https://www.argentina.travel/actividades/yungas-tucumanas","official","es","INPROTUR; текст автопереведён, фото с официального CDN — атрибуция argentina.travel","yes","recorded_article_level","Fact checker","content/knowledge-base/_index/content.json"
"zashchita-nakoplenij-ot-inflyacii:source:1","zashchita-nakoplenij-ot-inflyacii","/baza-znaniy/zashchita-nakoplenij-ot-inflyacii","Записи базы: инфляция и экономика, как менять валюту, покупка недвижимости","../dengi/inflyatsiya-i-ekonomika.md","aggregator","ru","контекст инфляции и валютных механик сведён из профильных записей базы","no_or_not_recorded","recorded_article_level","Fact checker","content/knowledge-base/_index/content.json"
"zemletryaseniya-i-vulkany:source:1","zemletryaseniya-i-vulkany","/baza-znaniy/zemletryaseniya-i-vulkany","Wikipedia (EN) — 1977 San Juan earthquake","https://en.wikipedia.org/wiki/1977_San_Juan_earthquake","aggregator","en","Каусете 1977 (Mw 7.5), тектоника плоского слэба Наски, сейсмичность Сан-Хуана","no_or_not_recorded","recorded_article_level","Fact checker","content/knowledge-base/_index/content.json"
"zemletryaseniya-i-vulkany:source:2","zemletryaseniya-i-vulkany","/baza-znaniy/zemletryaseniya-i-vulkany","GeoQuake — Earthquakes in Argentina (Andes & Nazca plate)","https://geoquake.org/earthquake/earthquakes-in-argentina-between-the-andes-and-the-nazca-plate/","aggregator","en","почему трясёт запад, субдукция, рост Анд, исторические землетрясения","no_or_not_recorded","recorded_article_level","Fact checker","content/knowledge-base/_index/content.json"
"zhile-dlya-turistov:source:1","zhile-dlya-turistov","/baza-znaniy/zhile-dlya-turistov","Записи о городах и регионах — эта же база знаний","../goroda/buenos-aires.md","aggregator","ru","районы для проживания и специфика по направлениям — в записях городов/регионов","no_or_not_recorded","recorded_article_level","Content editor","content/knowledge-base/_index/content.json"
"zhile-i-arenda:source:1","zhile-i-arenda","/baza-znaniy/zhile-i-arenda","Argentina.gob.ar — normativa de alquileres (Ley de Alquileres y actualizaciones 2024-2025)","https://www.argentina.gob.ar/justicia/derechofacil/leysimple/alquileres","official","es","базовые права и обязанности сторон договора аренды","yes","recorded_article_level","Fact checker","content/knowledge-base/_index/content.json"
"zhile-i-arenda:source:2","zhile-i-arenda","/baza-znaniy/zhile-i-arenda","Экспат-блоги о поиске жилья в Буэнос-Айресе (общая практика гаранта/депозита)","","ru_blog","ru","практические схемы для иностранцев без местного гаранта — требует периодической перепроверки, т.к. рынок меняется быстрее, чем визовые правила","no_or_not_recorded","review_required","Fact checker","content/knowledge-base/_index/content.json"
"zhizn-bez-ispanskogo:source:1","zhizn-bez-ispanskogo","/baza-znaniy/zhizn-bez-ispanskogo","Записи базы: язык для путешественника, английский в Аргентине, полезные приложения","../svyaz/poleznye-prilozheniya.md","aggregator","ru","языковой и бытовой контекст сведён из профильных записей базы","no_or_not_recorded","recorded_article_level","Fact checker","content/knowledge-base/_index/content.json"
"zhizn-na-pensii:source:1","zhizn-na-pensii","/baza-znaniy/zhizn-na-pensii","Записи базы: резиденция рантье/пенсионера, медицина и страховка, стоимость жизни","../pereezd/vnzh-rantye.md","aggregator","ru","резиденция, медицина и бюджет сведены из профильных записей базы","no_or_not_recorded","recorded_article_level","Fact checker","content/knowledge-base/_index/content.json"
